t_s,dev,v1,v2,v3
0.2100,disk0,1108793711374336,2493904203,14702641631903625
0.2100,disk0w,2455482826752,20950871,1406326725986
0.2100,disk4,62236474402816,125256813,866356158939232
0.2100,disk4w,92291072,14003,1225021470
0.2100,disk8,69564628453376,69968318,636877972438387
0.2100,disk8w,592543744,74016,18539634593
0.2100,disk6,103675918850048,168499571,1513576101595401
0.2100,disk6w,42423025664,129812,47251876248
0.2100,ram,73313140736,5175312384,320599
0.2100,cpu,16834626,25349614,582224474
0.2100,gpu,0,0,0
0.4100,disk0,1108793711374336,2493904203,14702641631903625
0.4100,disk0w,2455482826752,20950871,1406326725986
0.4100,disk4,62236474402816,125256813,866356158939232
0.4100,disk4w,92291072,14003,1225021470
0.4100,disk8,69564628453376,69968318,636877972438387
0.4100,disk8w,592543744,74016,18539634593
0.4100,disk6,103675918850048,168499571,1513576101595401
0.4100,disk6w,42423025664,129812,47251876248
0.4100,ram,73313140736,5175312384,320599
0.4100,cpu,16834626,25349614,582224474
0.4100,gpu,0,0,0
0.6100,disk0,1108793711386624,2493904206,14702641632316999
0.6100,disk0w,2455482826752,20950871,1406326725986
0.6100,disk4,62236474402816,125256813,866356158939232
0.6100,disk4w,92291072,14003,1225021470
0.6100,disk8,69564628453376,69968318,636877972438387
0.6100,disk8w,592543744,74016,18539634593
0.6100,disk6,103675918850048,168499571,1513576101595401
0.6100,disk6w,42423025664,129812,47251876248
0.6100,ram,73313140736,5175312384,320599
0.6100,cpu,16834667,25349687,582226231
0.6100,gpu,0,0,0
0.8100,disk0,1108793711611904,2493904222,14702641634280785
0.8100,disk0w,2455483088896,20950887,1406327158272
0.8100,disk4,62236474402816,125256813,866356158939232
0.8100,disk4w,92291072,14003,1225021470
0.8100,disk8,69564628453376,69968318,636877972438387
0.8100,disk8w,592543744,74016,18539634593
0.8100,disk6,103675918850048,168499571,1513576101595401
0.8100,disk6w,42423025664,129812,47251876248
0.8100,ram,73313140736,5175312384,320599
0.8100,cpu,16834667,25349687,582226231
0.8100,gpu,0,0,0
1.0094,disk0,1108793711611904,2493904222,14702641634280785
1.0094,disk0w,2455483088896,20950887,1406327158272
1.0094,disk4,62236474402816,125256813,866356158939232
1.0094,disk4w,92291072,14003,1225021470
1.0094,disk8,69564628453376,69968318,636877972438387
1.0094,disk8w,592543744,74016,18539634593
1.0094,disk6,103675918850048,168499571,1513576101595401
1.0094,disk6w,42423025664,129812,47251876248
1.0094,ram,73326755840,5162221568,320599
1.0094,cpu,16834667,25349687,582226231
1.0094,gpu,0,0,0
1.2014,disk0,1108793717350400,2493904349,14702641659946620
1.2014,disk0w,2455483088896,20950887,1406327158272
1.2014,disk4,62236474402816,125256813,866356158939232
1.2014,disk4w,92291072,14003,1225021470
1.2014,disk8,69564628453376,69968318,636877972438387
1.2014,disk8w,592543744,74016,18539634593
1.2014,disk6,103675918850048,168499571,1513576101595401
1.2014,disk6w,42423025664,129812,47251876248
1.2014,ram,73328771072,5162156032,320599
1.2014,cpu,16834667,25349687,582226231
1.2014,gpu,0,0,0
1.4100,disk0,1108793718067200,2493904524,14702641682221728
1.4100,disk0w,2455483088896,20950887,1406327158272
1.4100,disk4,62236474402816,125256813,866356158939232
1.4100,disk4w,92291072,14003,1225021470
1.4100,disk8,69564628453376,69968318,636877972438387
1.4100,disk8w,592543744,74016,18539634593
1.4100,disk6,103675918850048,168499571,1513576101595401
1.4100,disk6w,42423025664,129812,47251876248
1.4100,ram,73328771072,5162156032,320599
1.4100,cpu,16834667,25349687,582226231
1.4100,gpu,0,0,0
1.6100,disk0,1108793718288384,2493904558,14702641685550383
1.6100,disk0w,2455483092992,20950888,1406327173230
1.6100,disk4,62236474402816,125256813,866356158939232
1.6100,disk4w,92291072,14003,1225021470
1.6100,disk8,69564628453376,69968318,636877972438387
1.6100,disk8w,592543744,74016,18539634593
1.6100,disk6,103676372932608,168500204,1513580313920273
1.6100,disk6w,42423025664,129812,47251876248
1.6100,ram,73328771072,5162156032,320599
1.6100,cpu,16834711,25349764,582227981
1.6100,gpu,0,0,0
1.8100,disk0,1108793725321216,2493904584,14702641721434084
1.8100,disk0w,2455483092992,20950888,1406327173230
1.8100,disk4,62236474402816,125256813,866356158939232
1.8100,disk4w,92291072,14003,1225021470
1.8100,disk8,69564628453376,69968318,636877972438387
1.8100,disk8w,592543744,74016,18539634593
1.8100,disk6,103677093632000,168500899,1513585947149830
1.8100,disk6w,42423025664,129812,47251876248
1.8100,ram,73328771072,5162156032,320599
1.8100,cpu,16834711,25349764,582227981
1.8100,gpu,2,2,0
2.0009,disk0,1108794196099072,2493906299,14702642941958637
2.0009,disk0w,2455483109376,20950889,1406327194646
2.0009,disk4,62236474402816,125256813,866356158939232
2.0009,disk4w,92291072,14003,1225021470
2.0009,disk8,69564628453376,69968318,636877972438387
2.0009,disk8w,592543744,74016,18539634593
2.0009,disk6,103677093632000,168500899,1513585947149830
2.0009,disk6w,42423025664,129812,47251876248
2.0009,ram,73328771072,5162156032,320599
2.0009,cpu,16834711,25349764,582227981
2.0009,gpu,0,0,0
2.2100,disk0,1108794800078848,2493907480,14702643780683107
2.2100,disk0w,2455483109376,20950889,1406327194646
2.2100,disk4,62236474402816,125256813,866356158939232
2.2100,disk4w,92291072,14003,1225021470
2.2100,disk8,69564628453376,69968318,636877972438387
2.2100,disk8w,592543744,74016,18539634593
2.2100,disk6,103677093632000,168500899,1513585947149830
2.2100,disk6w,42423025664,129812,47251876248
2.2100,ram,69998755840,6493208576,320599
2.2100,cpu,16834711,25349764,582227981
2.2100,gpu,0,0,0
2.4100,disk0,1108794917429248,2493907711,14702643950300784
2.4100,disk0w,2455483109376,20950889,1406327194646
2.4100,disk4,62236474402816,125256813,866356158939232
2.4100,disk4w,92291072,14003,1225021470
2.4100,disk8,69564628453376,69968318,636877972438387
2.4100,disk8w,592543744,74016,18539634593
2.4100,disk6,103677093632000,168500899,1513585947149830
2.4100,disk6w,42423025664,129812,47251876248
2.4100,ram,69998755840,6493208576,320599
2.4100,cpu,16834711,25349764,582227981
2.4100,gpu,0,0,0
2.6100,disk0,1108794917773312,2493907720,14702643952980657
2.6100,disk0w,2455483109376,20950889,1406327194646
2.6100,disk4,62236474402816,125256813,866356158939232
2.6100,disk4w,92291072,14003,1225021470
2.6100,disk8,69564628453376,69968318,636877972438387
2.6100,disk8w,592543744,74016,18539634593
2.6100,disk6,103678265579520,168503909,1513607748665932
2.6100,disk6w,42423025664,129812,47251876248
2.6100,ram,69998755840,6493208576,320599
2.6100,cpu,16834794,25349830,582229698
2.6100,gpu,0,0,0
2.8100,disk0,1108794917781504,2493907722,14702643953251073
2.8100,disk0w,2455483109376,20950889,1406327194646
2.8100,disk4,62236474402816,125256813,866356158939232
2.8100,disk4w,92291072,14003,1225021470
2.8100,disk8,69564628453376,69968318,636877972438387
2.8100,disk8w,592543744,74016,18539634593
2.8100,disk6,103679528187904,168508528,1513638058911152
2.8100,disk6w,42423025664,129812,47251876248
2.8100,ram,69998755840,6493208576,320599
2.8100,cpu,16834794,25349830,582229698
2.8100,gpu,0,0,0
3.0100,disk0,1108796441886720,2493909945,14702667730202067
3.0100,disk0w,2455483109376,20950889,1406327194646
3.0100,disk4,62237012068352,125257917,866374400690881
3.0100,disk4w,92291072,14003,1225021470
3.0100,disk8,69565349005312,69969015,636887234023070
3.0100,disk8w,592543744,74016,18539634593
3.0100,disk6,103680312694784,168509521,1513650795202781
3.0100,disk6w,42423025664,129812,47251876248
3.0100,ram,69998755840,6493208576,320599
3.0100,cpu,16834794,25349830,582229698
3.0100,gpu,0,0,0
3.2048,disk0,1108798487285760,2493912995,14702703480396316
3.2048,disk0w,2455483109376,20950889,1406327194646
3.2048,disk4,62237618644992,125259161,866389637039920
3.2048,disk4w,92291072,14003,1225021470
3.2048,disk8,69566316136448,69969953,636902435885264
3.2048,disk8w,592543744,74016,18539634593
3.2048,disk6,103681383290880,168510829,1513673054428559
3.2048,disk6w,42423025664,129812,47251876248
3.2048,ram,60331524096,9969516544,320599
3.2048,cpu,16834794,25349830,582229698
3.2048,gpu,14,2,0
3.4102,disk0,1108799617585152,2493914620,14702721040179918
3.4102,disk0w,2455483162624,20950894,1406327293477
3.4102,disk4,62238024329216,125259993,866399753095769
3.4102,disk4w,92291072,14003,1225021470
3.4102,disk8,69566863247360,69970484,636909777545251
3.4102,disk8w,592543744,74016,18539634593
3.4102,disk6,103682421983232,168513137,1513693677055030
3.4102,disk6w,42423025664,129812,47251876248
3.4102,ram,60331524096,9969516544,320599
3.4102,cpu,16834794,25349830,582229698
3.4102,gpu,0,0,0
3.6100,disk0,1108801743671296,2493917572,14702754645550328
3.6100,disk0w,2455483162624,20950894,1406327293477
3.6100,disk4,62238720452608,125261421,866416726164238
3.6100,disk4w,92291072,14003,1225021470
3.6100,disk8,69567892244480,69971483,636925067622643
3.6100,disk8w,592543744,74016,18539634593
3.6100,disk6,103683369535488,168514252,1513709547329700
3.6100,disk6w,42423025664,129812,47251876248
3.6100,ram,60331524096,9969516544,320599
3.6100,cpu,16834813,25349970,582231397
3.6100,gpu,32,0,0
3.8060,disk0,1108802774007808,2493919609,14702772519680237
3.8060,disk0w,2455483162624,20950894,1406327293477
3.8060,disk4,62239094712320,125262188,866427599781584
3.8060,disk4w,92291072,14003,1225021470
3.8060,disk8,69568373360640,69971950,636932613565870
3.8060,disk8w,592543744,74016,18539634593
3.8060,disk6,103684284770304,168516059,1513722598556972
3.8060,disk6w,42423025664,129812,47251876248
3.8060,ram,60331524096,9969516544,320599
3.8060,cpu,16834813,25349970,582231397
3.8060,gpu,46,0,0
4.0005,disk0,1108804560044032,2493922881,14702803535663234
4.0005,disk0w,2455483162624,20950894,1406327293477
4.0005,disk4,62239606564864,125263239,866441079278638
4.0005,disk4w,92291072,14003,1225021470
4.0005,disk8,69569217071104,69972774,636947036615937
4.0005,disk8w,592543744,74016,18539634593
4.0005,disk6,103684875610112,168517126,1513730854878124
4.0005,disk6w,42423025664,129812,47251876248
4.0005,ram,60331524096,9969516544,320599
4.0005,cpu,16834813,25349970,582231397
4.0005,gpu,0,0,0
4.2100,disk0,1108806718357504,2493927366,14702841903656744
4.2100,disk0w,2455483162624,20950894,1406327293477
4.2100,disk4,62240168077312,125264393,866454586259204
4.2100,disk4w,92291072,14003,1225021470
4.2100,disk8,69570234812416,69973764,636964919939327
4.2100,disk8w,592543744,74016,18539634593
4.2100,disk6,103686007556096,168519191,1513756144715683
4.2100,disk6w,42423025664,129812,47251876248
4.2100,ram,55187750912,11173117952,320599
4.2100,cpu,16834813,25349970,582231397
4.2100,gpu,58,0,0
4.4100,disk0,1108808283832320,2493930092,14702868168071127
4.4100,disk0w,2455483162624,20950894,1406327293477
4.4100,disk4,62240554100736,125265184,866462607118646
4.4100,disk4w,92291072,14003,1225021470
4.4100,disk8,69570981890048,69974493,636975647260303
4.4100,disk8w,592543744,74016,18539634593
4.4100,disk6,103687312492544,168521597,1513786735057519
4.4100,disk6w,42423025664,129812,47251876248
4.4100,ram,55188701184,11173117952,320599
4.4100,cpu,16834813,25349970,582231397
4.4100,gpu,0,0,0
4.6100,disk0,1108810210295808,2493933747,14702901712899454
4.6100,disk0w,2455483162624,20950894,1406327293477
4.6100,disk4,62241080518656,125266264,866474993846231
4.6100,disk4w,92291072,14003,1225021470
4.6100,disk8,69571866707968,69975352,636989258272217
4.6100,disk8w,592543744,74016,18539634593
4.6100,disk6,103688293951488,168523158,1513806987500956
4.6100,disk6w,42423025664,129812,47251876248
4.6100,ram,55188701184,11173117952,320599
4.6100,cpu,16834827,25350109,582233081
4.6100,gpu,30,0,0
4.8100,disk0,1108812199424000,2493937150,14702934185628714
4.8100,disk0w,2455483162624,20950894,1406327293477
4.8100,disk4,62241707255808,125267550,866489244699163
4.8100,disk4w,92291072,14003,1225021470
4.8100,disk8,69572859348992,69976313,637003686961239
4.8100,disk8w,592543744,74016,18539634593
4.8100,disk6,103689457620992,168525399,1513831945327983
4.8100,disk6w,42423025664,129812,47251876248
4.8100,ram,55188701184,11173117952,320599
4.8100,cpu,16834828,25350109,582233100
4.8100,gpu,22,3,0
5.0100,disk0,1108814298808320,2493940857,14702971621674134
5.0100,disk0w,2455483162624,20950894,1406327293477
5.0100,disk4,62242414110720,125269000,866508684412899
5.0100,disk4w,92291072,14003,1225021470
5.0100,disk8,69573832001536,69977257,637018345388895
5.0100,disk8w,592543744,74016,18539634593
5.0100,disk6,103690310981632,168526723,1513848120828053
5.0100,disk6w,42423025664,129812,47251876248
5.0100,ram,55188701184,11173117952,320599
5.0100,cpu,16834828,25350109,582233100
5.0100,gpu,25,2,0
5.2100,disk0,1108815970983936,2493943309,14702998216519932
5.2100,disk0w,2455483179008,20950898,1406329287726
5.2100,disk4,62242954741760,125270105,866521100228746
5.2100,disk4w,92291072,14003,1225021470
5.2100,disk8,69574663555072,69978063,637030306084248
5.2100,disk8w,592543744,74016,18539634593
5.2100,disk6,103691705546752,168529245,1513883500045206
5.2100,disk6w,42423025664,129812,47251876248
5.2100,ram,51197034496,13510328320,320599
5.2100,cpu,16834828,25350109,582233100
5.2100,gpu,0,0,0
5.4100,disk0,1108817825808384,2493946436,14703030820940927
5.4100,disk0w,2455483179008,20950898,1406329287726
5.4100,disk4,62243537135616,125271300,866537910345671
5.4100,disk4w,92291072,14003,1225021470
5.4100,disk8,69575534086144,69978910,637043340105211
5.4100,disk8w,592543744,74016,18539634593
5.4100,disk6,103692677740544,168530739,1513904499633998
5.4100,disk6w,42423025664,129812,47251876248
5.4100,ram,51197034496,13510328320,320599
5.4100,cpu,16834828,25350109,582233100
5.4100,gpu,42,2,0
5.6100,disk0,1108819364966400,2493966261,14703064049986295
5.6100,disk0w,2455483179008,20950898,1406329287726
5.6100,disk4,62244071450624,125272390,866550342101306
5.6100,disk4w,92291072,14003,1225021470
5.6100,disk8,69576299382784,69979652,637053866080034
5.6100,disk8w,592543744,74016,18539634593
5.6100,disk6,103694015387648,168533141,1513937900188258
5.6100,disk6w,42423025664,129812,47251876248
5.6100,ram,51197034496,13510328320,320599
5.6100,cpu,16834828,25350109,582233100
5.6100,gpu,0,0,0
5.8056,disk0,1108820960280576,2494001870,14703108410141011
5.8056,disk0w,2455483179008,20950898,1406329287726
5.8056,disk4,62244595214336,125273469,866564901404684
5.8056,disk4w,92291072,14003,1225021470
5.8056,disk8,69577048393728,69980379,637065894509991
5.8056,disk8w,592543744,74016,18539634593
5.8056,disk6,103694815696896,168534263,1513956373497463
5.8056,disk6w,42423025664,129812,47251876248
5.8056,ram,51197034496,13510328320,320599
5.8056,cpu,16834852,25350292,582234751
5.8056,gpu,10,2,0
6.0033,disk0,1108822177779712,2494009706,14703131816841598
6.0033,disk0w,2455483179008,20950898,1406329287726
6.0033,disk4,62244993558528,125274286,866574315876488
6.0033,disk4w,92291072,14003,1225021470
6.0033,disk8,69577622210560,69980935,637073740388984
6.0033,disk8w,592543744,74016,18539634593
6.0033,disk6,103696092088320,168536980,1513986211495656
6.0033,disk6w,42423025664,129812,47251876248
6.0033,ram,51197034496,13510328320,320599
6.0033,cpu,16834852,25350292,582234751
6.0033,gpu,12,5,0
6.2100,disk0,1108824020242432,2494012351,14703161944293008
6.2100,disk0w,2455483179008,20950898,1406329287726
6.2100,disk4,62245449787392,125275224,866583987759673
6.2100,disk4w,92291072,14003,1225021470
6.2100,disk8,69578499573760,69981786,637086994816029
6.2100,disk8w,592543744,74016,18539634593
6.2100,disk6,103697226254336,168539625,1514017483227029
6.2100,disk6w,42423025664,129812,47251876248
6.2100,ram,48450158592,14803042304,320599
6.2100,cpu,16834852,25350292,582234751
6.2100,gpu,34,1,0
6.4100,disk0,1108825721196544,2494015130,14703190410855064
6.4100,disk0w,2455483179008,20950898,1406329287726
6.4100,disk4,62245888468992,125276126,866592949516406
6.4100,disk4w,92291072,14003,1225021470
6.4100,disk8,69579344496640,69982606,637099365663091
6.4100,disk8w,592543744,74016,18539634593
6.4100,disk6,103698451331072,168541678,1514045877256005
6.4100,disk6w,42423025664,129812,47251876248
6.4100,ram,48234037248,14803517440,320599
6.4100,cpu,16834852,25350292,582234751
6.4100,gpu,0,0,0
6.6100,disk0,1108827319128064,2494017686,14703216792343339
6.6100,disk0w,2455483179008,20950898,1406329287726
6.6100,disk4,62246467528704,125277314,866608045944813
6.6100,disk4w,92291072,14003,1225021470
6.6100,disk8,69580113922048,69983354,637110427679846
6.6100,disk8w,592543744,74016,18539634593
6.6100,disk6,103699627194368,168543915,1514073457010708
6.6100,disk6w,42423025664,129812,47251876248
6.6100,ram,48234037248,14803517440,320599
6.6100,cpu,16834852,25350292,582234751
6.6100,gpu,35,0,0
6.8100,disk0,1108829098242048,2494020872,14703246556743222
6.8100,disk0w,2455483179008,20950898,1406329287726
6.8100,disk4,62246979864576,125278363,866619399516660
6.8100,disk4w,92291072,14003,1225021470
6.8100,disk8,69580945213440,69984160,637122614551880
6.8100,disk8w,592543744,74016,18539634593
6.8100,disk6,103700879464448,168546216,1514104811359195
6.8100,disk6w,42423025664,129812,47251876248
6.8100,ram,48234037248,14803517440,320599
6.8100,cpu,16834877,25350473,582236396
6.8100,gpu,19,0,0
7.0021,disk0,1108830843346944,2494023851,14703276065679284
7.0021,disk0w,2455483179008,20950898,1406329287726
7.0021,disk4,62247447652352,125279327,866629857868912
7.0021,disk4w,92291072,14003,1225021470
7.0021,disk8,69581752092672,69984946,637135221157716
7.0021,disk8w,592543744,74016,18539634593
7.0021,disk6,103702103283712,168549004,1514136267422639
7.0021,disk6w,42423025664,129812,47251876248
7.0021,ram,48234037248,14803517440,320599
7.0021,cpu,16834877,25350473,582236396
7.0021,gpu,21,2,0
7.2020,disk0,1108832557146112,2494026770,14703304840664004
7.2020,disk0w,2455483179008,20950898,1406329287726
7.2020,disk4,62247883712512,125280224,866639780115865
7.2020,disk4w,92291072,14003,1225021470
7.2020,disk8,69582578862080,69985753,637148293825540
7.2020,disk8w,592543744,74016,18539634593
7.2020,disk6,103702995007488,168550928,1514154323198693
7.2020,disk6w,42423025664,129812,47251876248
7.2020,ram,48234037248,14803517440,320599
7.2020,cpu,16834877,25350473,582236396
7.2020,gpu,73,0,0
7.4100,disk0,1108834807619584,2494030226,14703341637825981
7.4100,disk0w,2455483179008,20950898,1406329287726
7.4100,disk4,62248649844736,125281795,866659907209967
7.4100,disk4w,92291072,14003,1225021470
7.4100,disk8,69583638267904,69986781,637164680397913
7.4100,disk8w,592543744,74016,18539634593
7.4100,disk6,103704103540736,168553100,1514181358185301
7.4100,disk6w,42423025664,129812,47251876248
7.4100,ram,44765560832,16365944832,320599
7.4100,cpu,16834877,25350473,582236396
7.4100,gpu,18,0,0
7.6101,disk0,1108836505280512,2494033208,14703372743056442
7.6101,disk0w,2455483179008,20950898,1406329287726
7.6101,disk4,62249108350976,125282738,866671703483355
7.6101,disk4w,92291072,14003,1225021470
7.6101,disk8,69584412936192,69987534,637177625963114
7.6101,disk8w,592543744,74016,18539634593
7.6101,disk6,103704946804736,168555189,1514199076410462
7.6101,disk6w,42423025664,129812,47251876248
7.6101,ram,44765560832,16365944832,320599
7.6101,cpu,16834877,25350473,582236396
7.6101,gpu,0,0,0
7.8100,disk0,1108838735151104,2494037019,14703409509392000
7.8100,disk0w,2455483179008,20950898,1406329287726
7.8100,disk4,62249810241536,125284174,866688870094164
7.8100,disk4w,92291072,14003,1225021470
7.8100,disk8,69585472604160,69988562,637193301213475
7.8100,disk8w,592543744,74016,18539634593
7.8100,disk6,103705883101184,168556286,1514214184227710
7.8100,disk6w,42423025664,129812,47251876248
7.8100,ram,44765560832,16365944832,320599
7.8100,cpu,16834890,25350617,582238096
7.8100,gpu,13,0,0
8.0100,disk0,1108840576131072,2494040000,14703439870862074
8.0100,disk0w,2455483179008,20950898,1406329287726
8.0100,disk4,62250163324928,125284894,866694646773605
8.0100,disk4w,92291072,14003,1225021470
8.0100,disk8,69586343970816,69989409,637206879232936
8.0100,disk8w,592543744,74016,18539634593
8.0100,disk6,103707051460608,168558933,1514244890457448
8.0100,disk6w,42423025664,129812,47251876248
8.0100,ram,44765560832,16365944832,320599
8.0100,cpu,16834890,25350617,582238096
8.0100,gpu,0,0,0
8.2004,disk0,1108842585468928,2494043499,14703474969660666
8.2004,disk0w,2455483179008,20950898,1406329287726
8.2004,disk4,62250661259264,125285917,866706875709589
8.2004,disk4w,92291072,14003,1225021470
8.2004,disk8,69587238045696,69990282,637221555758059
8.2004,disk8w,592543744,74016,18539634593
8.2004,disk6,103707869227008,168560061,1514260211377906
8.2004,disk6w,42423025664,129812,47251876248
8.2004,ram,44765560832,16365944832,320599
8.2004,cpu,16834890,25350617,582238096
8.2004,gpu,0,0,0
8.4101,disk0,1108844445478912,2494046134,14703504971397075
8.4101,disk0w,2455483179008,20950898,1406329287726
8.4101,disk4,62251257866240,125287142,866722048312812
8.4101,disk4w,92291072,14003,1225021470
8.4101,disk8,69588115408896,69991134,637234730081558
8.4101,disk8w,592543744,74016,18539634593
8.4101,disk6,103709321611264,168563158,1514301360234118
8.4101,disk6w,42423025664,129812,47251876248
8.4101,ram,41272950784,18189221888,320599
8.4101,cpu,16834890,25350617,582238096
8.4101,gpu,11,1,0
8.6100,disk0,1108846340583424,2494048796,14703535565748141
8.6100,disk0w,2455483179008,20950898,1406329287726
8.6100,disk4,62251749189632,125288151,866732439300388
8.6100,disk4w,92291072,14003,1225021470
8.6100,disk8,69588975224832,69991969,637247647962105
8.6100,disk8w,592543744,74016,18539634593
8.6100,disk6,103710482188288,168565397,1514325407473233
8.6100,disk6w,42423025664,129812,47251876248
8.6100,ram,41272950784,18189221888,320599
8.6100,cpu,16834890,25350617,582238096
8.6100,gpu,83,0,0
8.8101,disk0,1108848553013248,2494051691,14703569381389068
8.8101,disk0w,2455483179008,20950898,1406329287726
8.8101,disk4,62252415985664,125289520,866747678055714
8.8101,disk4w,92291072,14003,1225021470
8.8101,disk8,69590013937664,69992976,637263256939599
8.8101,disk8w,592543744,74016,18539634593
8.8101,disk6,103711682177024,168567344,1514355264449204
8.8101,disk6w,42423025664,129812,47251876248
8.8101,ram,41272950784,18189221888,320599
8.8101,cpu,16834901,25350764,582239795
8.8101,gpu,11,0,0
9.0101,disk0,1108849975799808,2494053381,14703590518106318
9.0101,disk0w,2455483179008,20950898,1406329287726
9.0101,disk4,62252812273664,125290331,866756636169994
9.0101,disk4w,92291072,14003,1225021470
9.0101,disk8,69590676817920,69993618,637273117068170
9.0101,disk8w,592543744,74016,18539634593
9.0101,disk6,103712762320896,168569659,1514374777636504
9.0101,disk6w,42423025664,129812,47251876248
9.0101,ram,41272950784,18189221888,320599
9.0101,cpu,16834901,25350764,582239795
9.0101,gpu,22,2,0
9.2101,disk0,1108851710046208,2494055461,14703616243389235
9.2101,disk0w,2455483179008,20950898,1406329287726
9.2101,disk4,62253328443392,125291392,866770333848218
9.2101,disk4w,92291072,14003,1225021470
9.2101,disk8,69591519578112,69994436,637285433271643
9.2101,disk8w,592543744,74016,18539634593
9.2101,disk6,103713851840512,168571415,1514394274165388
9.2101,disk6w,42423025664,129812,47251876248
9.2101,ram,41272950784,18189221888,320599
9.2101,cpu,16834901,25350764,582239795
9.2101,gpu,24,0,0
9.4101,disk0,1108853405151232,2494057641,14703641939943716
9.4101,disk0w,2455483179008,20950898,1406329287726
9.4101,disk4,62253942597632,125292653,866786280986806
9.4101,disk4w,92291072,14003,1225021470
9.4101,disk8,69592378624000,69995270,637298305749239
9.4101,disk8w,592543744,74016,18539634593
9.4101,disk6,103715171678208,168574113,1514432471847928
9.4101,disk6w,42423025664,129812,47251876248
9.4101,ram,37297422336,20529692672,320599
9.4101,cpu,16834901,25350764,582239795
9.4101,gpu,18,0,0
9.6087,disk0,1108854812180480,2494059596,14703664459420699
9.6087,disk0w,2455483179008,20950898,1406329287726
9.6087,disk4,62254403020800,125293596,866797932581702
9.6087,disk4w,92291072,14003,1225021470
9.6087,disk8,69593070028800,69995943,637308937118853
9.6087,disk8w,592543744,74016,18539634593
9.6087,disk6,103716376180736,168576530,1514462836531755
9.6087,disk6w,42423025664,129812,47251876248
9.6087,ram,37297422336,20529692672,320599
9.6087,cpu,16834901,25350764,582239795
9.6087,gpu,0,0,0
9.8014,disk0,1108856672944128,2494062380,14703695369195855
9.8014,disk0w,2455483179008,20950898,1406329287726
9.8014,disk4,62254852384768,125294519,866807147477629
9.8014,disk4w,92291072,14003,1225021470
9.8014,disk8,69593932777472,69996778,637322165198539
9.8014,disk8w,592543744,74016,18539634593
9.8014,disk6,103717504423936,168578403,1514491252468559
9.8014,disk6w,42423025664,129812,47251876248
9.8014,ram,37297422336,20529692672,320599
9.8014,cpu,16834931,25350909,582241437
9.8014,gpu,60,11,0
10.0101,disk0,1108858474921984,2494065287,14703724602129915
10.0101,disk0w,2455483179008,20950898,1406329287726
10.0101,disk4,62255456413696,125295757,866822465489250
10.0101,disk4w,92291072,14003,1225021470
10.0101,disk8,69594772670464,69997593,637334646953352
10.0101,disk8w,592543744,74016,18539634593
10.0101,disk6,103718799808512,168581399,1514522894903255
10.0101,disk6w,42423025664,129812,47251876248
10.0101,ram,37297422336,20529692672,320599
10.0101,cpu,16834932,25350911,582241469
10.0101,gpu,10,5,0
10.2101,disk0,1108860518957056,2494068564,14703759367677852
10.2101,disk0w,2455483179008,20950898,1406329287726
10.2101,disk4,62255942985728,125296759,866833029176470
10.2101,disk4w,92291072,14003,1225021470
10.2101,disk8,69595730921472,69998524,637349898798291
10.2101,disk8w,592543744,74016,18539634593
10.2101,disk6,103719809824768,168582857,1514541774687806
10.2101,disk6w,42423025664,129812,47251876248
10.2101,ram,37297422336,20529692672,320599
10.2101,cpu,16834932,25350911,582241469
10.2101,gpu,25,3,0
10.4101,disk0,1108862267670528,2494071402,14703788529454528
10.4101,disk0w,2455483179008,20950898,1406329287726
10.4101,disk4,62256610977792,125298124,866851287178093
10.4101,disk4w,92291072,14003,1225021470
10.4101,disk8,69596565358592,69999333,637361991282352
10.4101,disk8w,592543744,74016,18539634593
10.4101,disk6,103720811243520,168584796,1514561000448480
10.4101,disk6w,42423025664,129812,47251876248
10.4101,ram,34100281344,22118662144,320599
10.4101,cpu,16834932,25350911,582241469
10.4101,gpu,0,0,0
10.6101,disk0,1108863969845248,2494074189,14703815719280861
10.6101,disk0w,2455483179008,20950898,1406329287726
10.6101,disk4,62257009207296,125298942,866859041966399
10.6101,disk4w,92291072,14003,1225021470
10.6101,disk8,69597326952448,70000073,637373386893277
10.6101,disk8w,592543744,74016,18539634593
10.6101,disk6,103721563236352,168586279,1514572415191145
10.6101,disk6w,42423025664,129812,47251876248
10.6101,ram,34100281344,22118662144,320599
10.6101,cpu,16834932,25350911,582241469
10.6101,gpu,63,10,0
10.8101,disk0,1108866114646016,2494077606,14703852272629770
10.8101,disk0w,2455483179008,20950898,1406329287726
10.8101,disk4,62257802995712,125300574,866882679312784
10.8101,disk4w,92291072,14003,1225021470
10.8101,disk8,69598345463808,70001060,637389739011726
10.8101,disk8w,592543744,74016,18539634593
10.8101,disk6,103722814408704,168588519,1514607188609764
10.8101,disk6w,42423025664,129812,47251876248
10.8101,ram,34100281344,22118662144,320599
10.8101,cpu,16834969,25351083,582243029
10.8101,gpu,0,0,0
11.0051,disk0,1108867709394944,2494079962,14703876965074680
11.0051,disk0w,2455483179008,20950898,1406329287726
11.0051,disk4,62258284128256,125301555,866892726307080
11.0051,disk4w,92291072,14003,1225021470
11.0051,disk8,69599108663296,70001801,637400375416006
11.0051,disk8w,592543744,74016,18539634593
11.0051,disk6,103724004763648,168591491,1514636090854571
11.0051,disk6w,42423025664,129812,47251876248
11.0051,ram,34100281344,22118662144,320599
11.0051,cpu,16834972,25351091,582243108
11.0051,gpu,0,0,0
11.2113,disk0,1108869323784192,2494082617,14703904899046070
11.2113,disk0w,2455483179008,20950898,1406329287726
11.2113,disk4,62258807384064,125302635,866907478682443
11.2113,disk4w,92291072,14003,1225021470
11.2113,disk8,69599841175552,70002512,637412357354403
11.2113,disk8w,592543744,74016,18539634593
11.2113,disk6,103724923758592,168593438,1514652709966174
11.2113,disk6w,42423025664,129812,47251876248
11.2113,ram,34100281344,22118662144,320599
11.2113,cpu,16834972,25351091,582243108
11.2113,gpu,100,0,0
11.4101,disk0,1108871571058688,2494085734,14703940944551049
11.4101,disk0w,2455483179008,20950898,1406329287726
11.4101,disk4,62259573696512,125304207,866927490496989
11.4101,disk4w,92291072,14003,1225021470
11.4101,disk8,69600926795776,70003563,637428666343626
11.4101,disk8w,592543744,74016,18539634593
11.4101,disk6,103726031112192,168595516,1514679430166503
11.4101,disk6w,42423025664,129812,47251876248
11.4101,ram,30517067776,23837933568,320599
11.4101,cpu,16834972,25351091,582243108
11.4101,gpu,25,5,0
11.6101,disk0,1108873176993792,2494088028,14703965541264027
11.6101,disk0w,2455483179008,20950898,1406329287726
11.6101,disk4,62260136781824,125305362,866941742780139
11.6101,disk4w,92291072,14003,1225021470
11.6101,disk8,69601696991232,70004312,637439771143839
11.6101,disk8w,592543744,74016,18539634593
11.6101,disk6,103727165569024,168598169,1514705975227798
11.6101,disk6w,42423025664,129812,47251876248
11.6101,ram,29735550976,25093292032,320599
11.6101,cpu,16834972,25351091,582243108
11.6101,gpu,0,0,0
11.8101,disk0,1108875276226560,2494091093,14703999134909555
11.8101,disk0w,2455483179008,20950898,1406329287726
11.8101,disk4,62260821125120,125306767,866958694428000
11.8101,disk4w,92291072,14003,1225021470
11.8101,disk8,69602679638016,70005267,637453524354486
11.8101,disk8w,592543744,74016,18539634593
11.8101,disk6,103728094361600,168599506,1514724424300013
11.8101,disk6w,42423025664,129812,47251876248
11.8101,ram,29735550976,25093292032,320599
11.8101,cpu,16834994,25351231,582244638
11.8101,gpu,20,0,0
12.0054,disk0,1108876765925376,2494093179,14704022996525724
12.0054,disk0w,2455483179008,20950898,1406329287726
12.0054,disk4,62261178886144,125307500,866966007994839
12.0054,disk4w,92291072,14003,1225021470
12.0054,disk8,69603389917184,70005955,637464885930883
12.0054,disk8w,592543744,74016,18539634593
12.0054,disk6,103729410594816,168602955,1514764278429580
12.0054,disk6w,42423025664,129812,47251876248
12.0054,ram,29735550976,25093292032,320599
12.0054,cpu,16834994,25351232,582244659
12.0054,gpu,19,2,0
12.2088,disk0,1108878541246464,2494095669,14704051448544201
12.2088,disk0w,2455483179008,20950898,1406329287726
12.2088,disk4,62261649303552,125308461,866976250093018
12.2088,disk4w,92291072,14003,1225021470
12.2088,disk8,69604229695488,70006770,637477273034072
12.2088,disk8w,592543744,74016,18539634593
12.2088,disk6,103730513532928,168605328,1514790471873087
12.2088,disk6w,42423025664,129812,47251876248
12.2088,ram,29735550976,25093292032,320599
12.2088,cpu,16834994,25351232,582244659
12.2088,gpu,81,0,0
12.4101,disk0,1108880408580096,2494098274,14704081263038672
12.4101,disk0w,2455483179008,20950898,1406329287726
12.4101,disk4,62262154717184,125309501,866987543966635
12.4101,disk4w,92291072,14003,1225021470
12.4101,disk8,69605118707712,70007633,637490787495008
12.4101,disk8w,592543744,74016,18539634593
12.4101,disk6,103731883276288,168608358,1514833879713883
12.4101,disk6w,42423025664,129812,47251876248
12.4101,ram,29735550976,25093292032,320599
12.4101,cpu,16834994,25351232,582244659
12.4101,gpu,0,0,0
12.6043,disk0,1108881803038720,2494100230,14704103096763684
12.6043,disk0w,2455483179008,20950898,1406329287726
12.6043,disk4,62262619858944,125310455,866999489843944
12.6043,disk4w,92291072,14003,1225021470
12.6043,disk8,69605759846400,70008254,637500039070172
12.6043,disk8w,592543744,74016,18539634593
12.6043,disk6,103733175678976,168611635,1514872647480833
12.6043,disk6w,42423025664,129812,47251876248
12.6043,ram,25978175488,27148189696,320599
12.6043,cpu,16834994,25351232,582244659
12.6043,gpu,11,2,0
12.8035,disk0,1108883312005120,2494102505,14704127197224896
12.8035,disk0w,2455483179008,20950898,1406329287726
12.8035,disk4,62263063021568,125311365,867008777257342
12.8035,disk4w,92291072,14003,1225021470
12.8035,disk8,69606532614144,70009003,637511759488738
12.8035,disk8w,592543744,74016,18539634593
12.8035,disk6,103734272477184,168613880,1514899491832767
12.8035,disk6w,42423025664,129812,47251876248
12.8035,ram,25978175488,27148189696,320599
12.8035,cpu,16834994,25351232,582244659
12.8035,gpu,0,0,0
13.0056,disk0,1108885447626752,2494106426,14704164758556115
13.0056,disk0w,2455483179008,20950898,1406329287726
13.0056,disk4,62263544096768,125312351,867018260821614
13.0056,disk4w,92291072,14003,1225021470
13.0056,disk8,69607564068864,70010005,637528102839010
13.0056,disk8w,592543744,74016,18539634593
13.0056,disk6,103735424239616,168615635,1514929760449107
13.0056,disk6w,42423025664,129812,47251876248
13.0056,ram,25978175488,27148189696,320599
13.0056,cpu,16835006,25351382,582246352
13.0056,gpu,15,1,0
13.2059,disk0,1108887221567488,2494109950,14704195858884014
13.2059,disk0w,2455483179008,20950898,1406329287726
13.2059,disk4,62263926990848,125313138,867025922825903
13.2059,disk4w,92291072,14003,1225021470
13.2059,disk8,69608400046080,70010817,637541663096952
13.2059,disk8w,592543744,74016,18539634593
13.2059,disk6,103736009254912,168616676,1514940593782800
13.2059,disk6w,42423025664,129812,47251876248
13.2059,ram,25978175488,27148189696,320599
13.2059,cpu,16835006,25351382,582246352
13.2059,gpu,0,0,0
13.4101,disk0,1108889314037760,2494114390,14704232833570154
13.4101,disk0w,2455483179008,20950898,1406329287726
13.4101,disk4,62264488503296,125314294,867039499958609
13.4101,disk4w,92291072,14003,1225021470
13.4101,disk8,69609330051072,70011719,637556715195319
13.4101,disk8w,592543744,74016,18539634593
13.4101,disk6,103736647510016,168617598,1514951378065483
13.4101,disk6w,42423025664,129812,47251876248
13.4101,ram,25978175488,27148189696,320599
13.4101,cpu,16835006,25351382,582246352
13.4101,gpu,34,0,0
13.6101,disk0,1108891250515968,2494118121,14704266552326822
13.6101,disk0w,2455483179008,20950898,1406329287726
13.6101,disk4,62264944732160,125315229,867049123967551
13.6101,disk4w,92291072,14003,1225021470
13.6101,disk8,69610234284032,70012595,637570823747773
13.6101,disk8w,592543744,74016,18539634593
13.6101,disk6,103737475696640,168618857,1514967075608518
13.6101,disk6w,42423025664,129812,47251876248
13.6101,ram,23453892608,28224028672,320599
13.6101,cpu,16835006,25351382,582246352
13.6101,gpu,0,0,0
13.8066,disk0,1108892785528832,2494121315,14704293212178030
13.8066,disk0w,2455483179008,20950898,1406329287726
13.8066,disk4,62265389705216,125316141,867060273982875
13.8066,disk4w,92291072,14003,1225021470
13.8066,disk8,69610934192128,70013276,637581786034708
13.8066,disk8w,592543744,74016,18539634593
13.8066,disk6,103737973155840,168619575,1514974282968450
13.8066,disk6w,42423025664,129812,47251876248
13.8066,ram,23453892608,28224028672,320599
13.8066,cpu,16835006,25351382,582246352
13.8066,gpu,65,0,0
14.0101,disk0,1108894933979136,2494125314,14704329264958142
14.0101,disk0w,2455483179008,20950898,1406329287726
14.0101,disk4,62266167035904,125317732,867080880283554
14.0101,disk4w,92291072,14003,1225021470
14.0101,disk8,69611956406272,70014267,637596946975727
14.0101,disk8w,592543744,74016,18539634593
14.0101,disk6,103738736273408,168620536,1514985437092920
14.0101,disk6w,42423025664,129812,47251876248
14.0101,ram,23453892608,28224028672,320599
14.0101,cpu,16835019,25351525,582248055
14.0101,gpu,21,2,0
14.2101,disk0,1108896637042688,2494128218,14704357508136295
14.2101,disk0w,2455483179008,20950898,1406329287726
14.2101,disk4,62266783557632,125318998,867097489386821
14.2101,disk4w,92291072,14003,1225021470
14.2101,disk8,69612747851776,70015036,637608427139263
14.2101,disk8w,592543744,74016,18539634593
14.2101,disk6,103739360778240,168621474,1514995446607399
14.2101,disk6w,42423025664,129812,47251876248
14.2101,ram,23453892608,28224028672,320599
14.2101,cpu,16835019,25351525,582248055
14.2101,gpu,0,0,0
14.4101,disk0,1108898754465792,2494132191,14704395346317248
14.4101,disk0w,2455483179008,20950898,1406329287726
14.4101,disk4,62267296065536,125320053,867109992549169
14.4101,disk4w,92291072,14003,1225021470
14.4101,disk8,69613751961600,70016011,637625528551725
14.4101,disk8w,592543744,74016,18539634593
14.4101,disk6,103740053198848,168622635,1515007943472053
14.4101,disk6w,42423025664,129812,47251876248
14.4101,ram,23453892608,28224028672,320599
14.4101,cpu,16835019,25351525,582248055
14.4101,gpu,37,0,0
14.6108,disk0,1108900650975232,2494135269,14704427276763420
14.6108,disk0w,2455483625472,20950913,1406329615221
14.6108,disk4,62268006352896,125321509,867130044034993
14.6108,disk4w,92291072,14003,1225021470
14.6108,disk8,69614672807936,70016905,637639745178673
14.6108,disk8w,592850944,74049,18941394999
14.6108,disk6,103740822861824,168623869,1515023458572239
14.6108,disk6w,42423025664,129812,47251876248
14.6108,ram,21137604608,30581374976,320599
14.6108,cpu,16835019,25351525,582248055
14.6108,gpu,15,0,0
14.8057,disk0,1108902382878720,2494137993,14704455614622313
14.8057,disk0w,2455489216512,20951207,1406337625745
14.8057,disk4,62268669995008,125322870,867148510255628
14.8057,disk4w,92291072,14003,1225021470
14.8057,disk8,69615512979456,70017719,637651790878150
14.8057,disk8w,592850944,74049,18941394999
14.8057,disk6,103741571045376,168625161,1515038788007348
14.8057,disk6w,42423025664,129812,47251876248
14.8057,ram,21137604608,30581374976,320599
14.8057,cpu,16835019,25351525,582248055
14.8057,gpu,18,2,0
15.0101,disk0,1108904036237312,2494140970,14704483395276728
15.0101,disk0w,2455489216512,20951207,1406337625745
15.0101,disk4,62269226264576,125324008,867162493801721
15.0101,disk4w,92291072,14003,1225021470
15.0101,disk8,69616296314880,70018480,637662456068062
15.0101,disk8w,592850944,74049,18941394999
15.0101,disk6,103742365317120,168626452,1515055896127084
15.0101,disk6w,42423025664,129812,47251876248
15.0101,ram,21137604608,30581374976,320599
15.0101,cpu,16835039,25351693,582249724
15.0101,gpu,67,0,0
15.2101,disk0,1108906229645312,2494144544,14704520214644631
15.2101,disk0w,2455489216512,20951207,1406337625745
15.2101,disk4,62269805324288,125325197,867174394036561
15.2101,disk4w,92291072,14003,1225021470
15.2101,disk8,69617331603456,70019485,637677434672564
15.2101,disk8w,592850944,74049,18941394999
15.2101,disk6,103743505889280,168628386,1515085729730557
15.2101,disk6w,42423025664,129812,47251876248
15.2101,ram,21137604608,30581374976,320599
15.2101,cpu,16835039,25351693,582249724
15.2101,gpu,0,0,0
15.4101,disk0,1108907966144512,2494147353,14704548828950169
15.4101,disk0w,2455489216512,20951207,1406337625745
15.4101,disk4,62270353803264,125326321,867187218606276
15.4101,disk4w,92291072,14003,1225021470
15.4101,disk8,69618187782144,70020314,637690329250784
15.4101,disk8w,592850944,74049,18941394999
15.4101,disk6,103744440674304,168630073,1515110306128625
15.4101,disk6w,42423025664,129812,47251876248
15.4101,ram,21137604608,30581374976,320599
15.4101,cpu,16835039,25351693,582249724
15.4101,gpu,21,2,0
15.6101,disk0,1108909671366656,2494150548,14704577704554790
15.6101,disk0w,2455489216512,20951207,1406337625745
15.6101,disk4,62270770423808,125327179,867196117178244
15.6101,disk4w,92291072,14003,1225021470
15.6101,disk8,69619033688064,70021136,637703165377686
15.6101,disk8w,592850944,74049,18941394999
15.6101,disk6,103745377945600,168631758,1515134703809659
15.6101,disk6w,42423025664,129812,47251876248
15.6101,ram,18796920832,33009532928,320599
15.6101,cpu,16835039,25351693,582249724
15.6101,gpu,0,0,0
15.8101,disk0,1108911239200768,2494153299,14704603216034277
15.8101,disk0w,2455489216512,20951207,1406337625745
15.8101,disk4,62271208351744,125328077,867204655340864
15.8101,disk4w,92291072,14003,1225021470
15.8101,disk8,69619738789888,70021818,637712594509467
15.8101,disk8w,592850944,74049,18941394999
15.8101,disk6,103746179704832,168633174,1515153743199997
15.8101,disk6w,42423025664,129812,47251876248
15.8101,ram,18796920832,33009532928,320599
15.8101,cpu,16835039,25351693,582249724
15.8101,gpu,77,2,0
16.0018,disk0,1108913448923136,2494157337,14704642235324491
16.0018,disk0w,2455489216512,20951207,1406337625745
16.0018,disk4,62271704623104,125329096,867215354616393
16.0018,disk4w,92291072,14003,1225021470
16.0018,disk8,69620775061504,70022824,637729984648220
16.0018,disk8w,592850944,74049,18941394999
16.0018,disk6,103747141036032,168634566,1515174274902245
16.0018,disk6w,42423025664,129812,47251876248
16.0018,ram,18796920832,33009532928,320599
16.0018,cpu,16835064,25351869,582251376
16.0018,gpu,0,0,0
16.2101,disk0,1108915392647168,2494161126,14704674013887396
16.2101,disk0w,2455489216512,20951207,1406337625745
16.2101,disk4,62272201713664,125330118,867225746256923
16.2101,disk4w,92291072,14003,1225021470
16.2101,disk8,69621690943488,70023712,637744010775881
16.2101,disk8w,592850944,74049,18941394999
16.2101,disk6,103747844687872,168635672,1515185888089467
16.2101,disk6w,42423025664,129812,47251876248
16.2101,ram,18796920832,33009532928,320599
16.2101,cpu,16835064,25351869,582251376
16.2101,gpu,14,2,0
16.4101,disk0,1108917200142336,2494164634,14704704884952268
16.4101,disk0w,2455489216512,20951207,1406337625745
16.4101,disk4,62272725542912,125331188,867238455947918
16.4101,disk4w,92291072,14003,1225021470
16.4101,disk8,69622523365376,70024525,637757069325031
16.4101,disk8w,592850944,74049,18941394999
16.4101,disk6,103748468750336,168636614,1515196071871701
16.4101,disk6w,42423025664,129812,47251876248
16.4101,ram,18796920832,33009532928,320599
16.4101,cpu,16835064,25351869,582251376
16.4101,gpu,14,2,0
16.6105,disk0,1108918816043008,2494167866,14704733551858159
16.6105,disk0w,2455489216512,20951207,1406337625745
16.6105,disk4,62273286481920,125332342,867254722347699
16.6105,disk4w,92291072,14003,1225021470
16.6105,disk8,69623279716352,70025260,637769034163116
16.6105,disk8w,592850944,74049,18941394999
16.6105,disk6,103749005121536,168637483,1515205641974319
16.6105,disk6w,42423025664,129812,47251876248
16.6105,ram,16467017728,35366289408,320599
16.6105,cpu,16835064,25351869,582251376
16.6105,gpu,42,1,0
16.8101,disk0,1108920627261440,2494171209,14704764664516928
16.8101,disk0w,2455489216512,20951207,1406337625745
16.8101,disk4,62273876273152,125333555,867270248935926
16.8101,disk4w,92291072,14003,1225021470
16.8101,disk8,69624113596416,70026068,637781231711939
16.8101,disk8w,592850944,74049,18941394999
16.8101,disk6,103749712967680,168638450,1515216855727136
16.8101,disk6w,42423025664,129812,47251876248
16.8101,ram,16467918848,35366289408,320599
16.8101,cpu,16835064,25351869,582251376
16.8101,gpu,10,0,0
17.0101,disk0,1108922197946368,2494173835,14704789885919557
17.0101,disk0w,2455489216512,20951207,1406337625745
17.0101,disk4,62274397964288,125334624,867282137050665
17.0101,disk4w,92291072,14003,1225021470
17.0101,disk8,69624865507328,70026798,637791580444657
17.0101,disk8w,592850944,74049,18941394999
17.0101,disk6,103750414686208,168639365,1515227737969627
17.0101,disk6w,42423025664,129812,47251876248
17.0101,ram,16467918848,35366289408,320599
17.0101,cpu,16835093,25352024,582253028
17.0101,gpu,63,0,0
17.2097,disk0,1108923902783488,2494176922,14704820628011991
17.2097,disk0w,2455489216512,20951207,1406337625745
17.2097,disk4,62274791352320,125335432,867290877078314
17.2097,disk4w,92291072,14003,1225021470
17.2097,disk8,69625682642944,70027594,637805500617820
17.2097,disk8w,592850944,74049,18941394999
17.2097,disk6,103750986860544,168640290,1515239503416365
17.2097,disk6w,42423025664,129812,47251876248
17.2097,ram,16467918848,35366289408,320599
17.2097,cpu,16835093,25352024,582253049
17.2097,gpu,71,0,0
17.4084,disk0,1108925676957696,2494179880,14704850282967078
17.4084,disk0w,2455489216512,20951207,1406337625745
17.4084,disk4,62275354961920,125336589,867304599439464
17.4084,disk4w,92291072,14003,1225021470
17.4084,disk8,69626508412928,70028394,637817305875622
17.4084,disk8w,592850944,74049,18941394999
17.4084,disk6,103751864166400,168641704,1515259612992173
17.4084,disk6w,42423025664,129812,47251876248
17.4084,ram,16467918848,35366289408,320599
17.4084,cpu,16835093,25352024,582253049
17.4084,gpu,29,0,0
17.6040,disk0,1108927646167040,2494183020,14704883837639140
17.6040,disk0w,2455489216512,20951207,1406337625745
17.6040,disk4,62275771377664,125337397,867311880034015
17.6040,disk4w,92291072,14003,1225021470
17.6040,disk8,69627412482048,70029272,637831624379899
17.6040,disk8w,592850944,74049,18941394999
17.6040,disk6,103752879810560,168643454,1515288147149358
17.6040,disk6w,42423025664,129812,47251876248
17.6040,ram,16467918848,35366289408,320599
17.6040,cpu,16835093,25352024,582253049
17.6040,gpu,57,0,0
17.8014,disk0,1108929499271168,2494186270,14704915437560524
17.8014,disk0w,2455489216512,20951207,1406337625745
17.8014,disk4,62276305659904,125338433,867322891888488
17.8014,disk4w,92291072,14003,1225021470
17.8014,disk8,69628333328384,70030165,637846062660156
17.8014,disk8w,592850944,74049,18941394999
17.8014,disk6,103753912682496,168645175,1515315869924211
17.8014,disk6w,42423025664,129812,47251876248
17.8014,ram,14121123840,37733711872,320599
17.8014,cpu,16835093,25352024,582253049
17.8014,gpu,19,0,0
18.0063,disk0,1108931216764928,2494189236,14704944718743019
18.0063,disk0w,2455489216512,20951207,1406337625745
18.0063,disk4,62276754024448,125339303,867331510445366
18.0063,disk4w,92291072,14003,1225021470
18.0063,disk8,69629163948032,70030972,637858502467295
18.0063,disk8w,592850944,74049,18941394999
18.0063,disk6,103754840827904,168646488,1515336029263179
18.0063,disk6w,42423025664,129812,47251876248
18.0063,ram,14121123840,37733711872,320599
18.0063,cpu,16835093,25352024,582253049
18.0063,gpu,0,0,0
18.2101,disk0,1108932750675968,2494192241,14704970107696296
18.2101,disk0w,2455489216512,20951207,1406337625745
18.2101,disk4,62277248739328,125340262,867341550435642
18.2101,disk4w,92291072,14003,1225021470
18.2101,disk8,69629887973376,70031675,637868215219056
18.2101,disk8w,592850944,74049,18941394999
18.2101,disk6,103755634366464,168647544,1515350985558212
18.2101,disk6w,42423025664,129812,47251876248
18.2101,ram,14121123840,37733711872,320599
18.2101,cpu,16835112,25352175,582254736
18.2101,gpu,68,0,0
18.4101,disk0,1108934472159232,2494195525,14705001300736208
18.4101,disk0w,2455490531328,20951210,1406337845327
18.4101,disk4,62277631387648,125341004,867349253861359
18.4101,disk4w,92291072,14003,1225021470
18.4101,disk8,69630693820416,70032457,637882093957133
18.4101,disk8w,592850944,74049,18941394999
18.4101,disk6,103756428953600,168649205,1515373086942131
18.4101,disk6w,42423025664,129812,47251876248
18.4101,ram,14121123840,37733711872,320599
18.4101,cpu,16835112,25352175,582254736
18.4101,gpu,93,0,0
18.6101,disk0,1108936532725760,2494199581,14705037718397917
18.6101,disk0w,2455490531328,20951210,1406337845327
18.6101,disk4,62278263089152,125342231,867364500770371
18.6101,disk4w,92291072,14003,1225021470
18.6101,disk8,69631682545664,70033416,637898955043050
18.6101,disk8w,592850944,74049,18941394999
18.6101,disk6,103757060655104,168650357,1515384391918908
18.6101,disk6w,42423025664,129812,47251876248
18.6101,ram,14121123840,37733711872,320599
18.6101,cpu,16835112,25352175,582254736
18.6101,gpu,18,0,0
18.8085,disk0,1108938087960576,2494202449,14705064995017399
18.8085,disk0w,2455490531328,20951210,1406337845327
18.8085,disk4,62278578939904,125342844,867370138026705
18.8085,disk4w,92291072,14003,1225021470
18.8085,disk8,69632380454912,70034093,637910996243898
18.8085,disk8w,592850944,74049,18941394999
18.8085,disk6,103757463234560,168651197,1515390622504031
18.8085,disk6w,42423025664,129812,47251876248
18.8085,ram,11765514240,39573045248,320599
18.8085,cpu,16835112,25352175,582254736
18.8085,gpu,15,0,0
19.0101,disk0,1108939800899584,2494205362,14705093484283190
19.0101,disk0w,2455490531328,20951210,1406337845327
19.0101,disk4,62279122905088,125343899,867382182337977
19.0101,disk4w,92291072,14003,1225021470
19.0101,disk8,69633198180352,70034886,637922973366344
19.0101,disk8w,592850944,74049,18941394999
19.0101,disk6,103758157633536,168652562,1515404589133452
19.0101,disk6w,42423025664,129812,47251876248
19.0101,ram,11765514240,39573045248,320599
19.0101,cpu,16835112,25352175,582254736
19.0101,gpu,75,0,0
19.2101,disk0,1108941315608576,2494208467,14705120639021827
19.2101,disk0w,2455490547712,20951214,1406337949285
19.2101,disk4,62279544039424,125344717,867392003771747
19.2101,disk4w,92291072,14003,1225021470
19.2101,disk8,69633887422464,70035558,637933903864288
19.2101,disk8w,592850944,74049,18941394999
19.2101,disk6,103758692509696,168653601,1515415501418180
19.2101,disk6w,42423025664,129812,47251876248
19.2101,ram,11765514240,39573045248,320599
19.2101,cpu,16835133,25352325,582256424
19.2101,gpu,80,0,0
19.4101,disk0,1108943210713088,2494211959,14705153611715681
19.4101,disk0w,2455490547712,20951214,1406337949285
19.4101,disk4,62280193288192,125345975,867408473635540
19.4101,disk4w,92291072,14003,1225021470
19.4101,disk8,69634764785664,70036410,637947132044045
19.4101,disk8w,592850944,74049,18941394999
19.4101,disk6,103759345952768,168655055,1515430357360195
19.4101,disk6w,42423025664,129812,47251876248
19.4101,ram,11765514240,39573045248,320599
19.4101,cpu,16835133,25352325,582256424
19.4101,gpu,48,0,0
19.6039,disk0,1108944649588736,2494214254,14705178042709460
19.6039,disk0w,2455490547712,20951214,1406337949285
19.6039,disk4,62280667064320,125346894,867419903773030
19.6039,disk4w,92291072,14003,1225021470
19.6039,disk8,69635449128960,70037075,637957788705455
19.6039,disk8w,592850944,74049,18941394999
19.6039,disk6,103760035145728,168656479,1515448434364334
19.6039,disk6w,42423025664,129812,47251876248
19.6039,ram,11765514240,39573045248,320599
19.6039,cpu,16835133,25352325,582256424
19.6039,gpu,39,0,0
19.8101,disk0,1108946597335040,2494217664,14705212194645862
19.8101,disk0w,2455490547712,20951214,1406337949285
19.8101,disk4,62281228576768,125347986,867433405272858
19.8101,disk4w,92291072,14003,1225021470
19.8101,disk8,69636344039424,70037943,637971550254359
19.8101,disk8w,592850944,74049,18941394999
19.8101,disk6,103761017792512,168658153,1515474800704886
19.8101,disk6w,42423025664,129812,47251876248
19.8101,ram,9406939136,42453762048,320599
19.8101,cpu,16835133,25352325,582256424
19.8101,gpu,21,2,0
20.0028,disk0,1108948116983808,2494220057,14705237928624984
20.0028,disk0w,2455490547712,20951214,1406337949285
20.0028,disk4,62281566693376,125348643,867439163597059
20.0028,disk4w,92291072,14003,1225021470
20.0028,disk8,69637053270016,70038631,637982607976172
20.0028,disk8w,592850944,74049,18941394999
20.0028,disk6,103761830086656,168659562,1515496226375082
20.0028,disk6w,42423025664,129812,47251876248
20.0028,ram,9406939136,42453762048,320599
20.0028,cpu,16835133,25352325,582256424
20.0028,gpu,21,3,0
20.2034,disk0,1108949878673408,2494223176,14705268323781624
20.2034,disk0w,2455490547712,20951214,1406337949285
20.2034,disk4,62282105939968,125349689,867450857677458
20.2034,disk4w,92291072,14003,1225021470
20.2034,disk8,69637888198656,70039441,637994841405401
20.2034,disk8w,592850944,74049,18941394999
20.2034,disk6,103762741360640,168661232,1515519923566129
20.2034,disk6w,42423025664,129812,47251876248
20.2034,ram,9406939136,42453762048,320599
20.2034,cpu,16835148,25352477,582258114
20.2034,gpu,16,3,0
20.4101,disk0,1108951414853632,2494226104,14705293770345125
20.4101,disk0w,2455490547712,20951214,1406337949285
20.4101,disk4,62282624133120,125350692,867462008304280
20.4101,disk4w,92291072,14003,1225021470
20.4101,disk8,69638636996608,70040168,638004950631737
20.4101,disk8w,592850944,74049,18941394999
20.4101,disk6,103763505387520,168662830,1515538488244325
20.4101,disk6w,42423025664,129812,47251876248
20.4101,ram,9406939136,42453762048,320599
20.4101,cpu,16835148,25352477,582258114
20.4101,gpu,21,2,0
20.6101,disk0,1108953055211520,2494229223,14705320540834673
20.6101,disk0w,2455490547712,20951214,1406337949285
20.6101,disk4,62283121338368,125351657,867472314983160
20.6101,disk4w,92291072,14003,1225021470
20.6101,disk8,69639428999168,70040935,638016141991648
20.6101,disk8w,592850944,74049,18941394999
20.6101,disk6,103764415268864,168664785,1515563102388803
20.6101,disk6w,42423025664,129812,47251876248
20.6101,ram,9406939136,42453762048,320599
20.6101,cpu,16835148,25352477,582258114
20.6101,gpu,58,2,0
20.8101,disk0,1108955247747072,2494233692,14705361079343553
20.8101,disk0w,2455490547712,20951214,1406337949285
20.8101,disk4,62283561904128,125352512,867480874011786
20.8101,disk4w,92291072,14003,1225021470
20.8101,disk8,69640450656256,70041927,638033422126541
20.8101,disk8w,592850944,74049,18941394999
20.8101,disk6,103765227522048,168666084,1515579138942338
20.8101,disk6w,42423025664,129812,47251876248
20.8101,ram,7054655488,44622561280,320599
20.8101,cpu,16835148,25352477,582258114
20.8101,gpu,17,2,0
21.0101,disk0,1108956726648832,2494236802,14705387294746428
21.0101,disk0w,2455490547712,20951214,1406337949285
21.0101,disk4,62284018378752,125353406,867492858218496
21.0101,disk4w,92291072,14003,1225021470
21.0101,disk8,69641167439872,70042623,638044755929732
21.0101,disk8w,592850944,74049,18941394999
21.0101,disk6,103765693835264,168666829,1515586289874669
21.0101,disk6w,42423025664,129812,47251876248
21.0101,ram,7054655488,44622561280,320599
21.0101,cpu,16835148,25352477,582258114
21.0101,gpu,0,0,0
21.2101,disk0,1108958810251264,2494241245,14705423264658667
21.2101,disk0w,2455490547712,20951214,1406337949285
21.2101,disk4,62284615198720,125354583,867506824451894
21.2101,disk4w,92291072,14003,1225021470
21.2101,disk8,69642117089280,70043546,638059958321766
21.2101,disk8w,592850944,74049,18941394999
21.2101,disk6,103766258493440,168667649,1515594276194567
21.2101,disk6w,42423025664,129812,47251876248
21.2101,ram,7054655488,44622561280,320599
21.2101,cpu,16835179,25352651,582259765
21.2101,gpu,23,1,0
21.4021,disk0,1108960421765120,2494244297,14705451427328098
21.4021,disk0w,2455490547712,20951214,1406337949285
21.4021,disk4,62284987885568,125355326,867514372159054
21.4021,disk4w,92291072,14003,1225021470
21.4021,disk8,69642880010240,70044286,638072788523217
21.4021,disk8w,592850944,74049,18941394999
21.4021,disk6,103766798604288,168668407,1515602909724898
21.4021,disk6w,42423025664,129812,47251876248
21.4021,ram,7054655488,44622561280,320599
21.4021,cpu,16835179,25352651,582259765
21.4021,gpu,20,2,0
21.6101,disk0,1108962231951360,2494247730,14705482404694805
21.6101,disk0w,2455490547712,20951214,1406337949285
21.6101,disk4,62285562750976,125356472,867527944557924
21.6101,disk4w,92291072,14003,1225021470
21.6101,disk8,69643748984832,70045128,638085782144605
21.6101,disk8w,592850944,74049,18941394999
21.6101,disk6,103767400118272,168669401,1515612564183480
21.6101,disk6w,42423025664,129812,47251876248
21.6101,ram,7054655488,44622561280,320599
21.6101,cpu,16835179,25352651,582259765
21.6101,gpu,0,0,0
21.8101,disk0,1108964179714048,2494251304,14705516488267914
21.8101,disk0w,2455490547712,20951214,1406337949285
21.8101,disk4,62286106716160,125357549,867539857987068
21.8101,disk4w,92291072,14003,1225021470
21.8101,disk8,69644661442560,70046012,638100105266343
21.8101,disk8w,592850944,74049,18941394999
21.8101,disk6,103768154650624,168670656,1515629000172050
21.8101,disk6w,42423025664,129812,47251876248
21.8101,ram,4716494848,47165915136,320599
21.8101,cpu,16835179,25352651,582259765
21.8101,gpu,18,0,0
22.0020,disk0,1108965879029760,2494254078,14705544374855431
22.0020,disk0w,2455490547712,20951214,1406337949285
22.0020,disk4,62286622926848,125358568,867551034396106
22.0020,disk4w,92291072,14003,1225021470
22.0020,disk8,69645456312320,70046784,638111970003175
22.0020,disk8w,592850944,74049,18941394999
22.0020,disk6,103768896006144,168672210,1515646461615441
22.0020,disk6w,42423025664,129812,47251876248
22.0020,ram,4716642304,47165915136,320599
22.0020,cpu,16835179,25352651,582259765
22.0020,gpu,14,2,0
22.2101,disk0,1108967852957696,2494257249,14705576138689579
22.2101,disk0w,2455490547712,20951214,1406337949285
22.2101,disk4,62287168317440,125359641,867563025782619
22.2101,disk4w,92291072,14003,1225021470
22.2101,disk8,69646386006016,70047688,638125533548244
22.2101,disk8w,592850944,74049,18941394999
22.2101,disk6,103769785157632,168673987,1515666815984191
22.2101,disk6w,42423025664,129812,47251876248
22.2101,ram,4716642304,47165915136,320599
22.2101,cpu,16835197,25352798,582261437
22.2101,gpu,68,0,0
22.4002,disk0,1108970025771008,2494260798,14705614195996983
22.4002,disk0w,2455490547712,20951214,1406337949285
22.4002,disk4,62287770167296,125360832,867577246815685
22.4002,disk4w,92291072,14003,1225021470
22.4002,disk8,69647396341760,70048669,638142622912882
22.4002,disk8w,592850944,74049,18941394999
22.4002,disk6,103770672515072,168675250,1515687040033689
22.4002,disk6w,42423025664,129812,47251876248
22.4002,ram,4716642304,47165915136,320599
22.4002,cpu,16835197,25352799,582261460
22.4002,gpu,12,0,0
22.6014,disk0,1108971710070784,2494263359,14705641446056346
22.6014,disk0w,2455490547712,20951214,1406337949285
22.6014,disk4,62288326436864,125361928,867589702944104
22.6014,disk4w,92291072,14003,1225021470
22.6014,disk8,69648215853056,70049463,638154311002601
22.6014,disk8w,592850944,74049,18941394999
22.6014,disk6,103771517630464,168677081,1515710063847577
22.6014,disk6w,42423025664,129812,47251876248
22.6014,ram,4716642304,47165915136,320599
22.6014,cpu,16835197,25352799,582261460
22.6014,gpu,0,0,0
22.8101,disk0,1108973382066176,2494265986,14705668943500400
22.8101,disk0w,2455490547712,20951214,1406337949285
22.8101,disk4,62288791611392,125362842,867598584153933
22.8101,disk4w,92291072,14003,1225021470
22.8101,disk8,69649014884352,70050238,638165718643047
22.8101,disk8w,592850944,74049,18941394999
22.8101,disk6,103772417845248,168679153,1515734292096384
22.8101,disk6w,42423025664,129812,47251876248
22.8101,ram,4716642304,47165915136,320599
22.8101,cpu,16835197,25352799,582261460
22.8101,gpu,33,0,0
23.0101,disk0,1108975541575680,2494270246,14705705920887222
23.0101,disk0w,2455490547712,20951214,1406337949285
23.0101,disk4,62289467820032,125364181,867613856603957
23.0101,disk4w,92291072,14003,1225021470
23.0101,disk8,69650051778560,70051245,638181048135631
23.0101,disk8w,592850944,74049,18941394999
23.0101,disk6,103773543245824,168681592,1515766361889642
23.0101,disk6w,42423025664,129812,47251876248
23.0101,ram,2407628800,49439195136,320599
23.0101,cpu,16835197,25352799,582261460
23.0101,gpu,15,1,0
23.2101,disk0,1108977379381248,2494273939,14705738151823141
23.2101,disk0w,2455490547712,20951214,1406337949285
23.2101,disk4,62290090354688,125365406,867628582031466
23.2101,disk4w,92291072,14003,1225021470
23.2101,disk8,69650925996032,70052092,638193671731510
23.2101,disk8w,592850944,74049,18941394999
23.2101,disk6,103774518921216,168683702,1515794251838681
23.2101,disk6w,42423025664,129812,47251876248
23.2101,ram,2407628800,49439195136,320599
23.2101,cpu,16835209,25352951,582263055
23.2101,gpu,12,0,0
23.4101,disk0,1108979072610304,2494277239,14705766543736366
23.4101,disk0w,2455490547712,20951214,1406337949285
23.4101,disk4,62290449655808,125366118,867635101176072
23.4101,disk4w,92291072,14003,1225021470
23.4101,disk8,69651718490112,70052861,638205250258704
23.4101,disk8w,592850944,74049,18941394999
23.4101,disk6,103775377516544,168685601,1515816831040717
23.4101,disk6w,42423025664,129812,47251876248
23.4101,ram,2407628800,49439195136,320599
23.4101,cpu,16835210,25352960,582263142
23.4101,gpu,100,0,0
23.6101,disk0,1108981209395200,2494281714,14705804005154717
23.6101,disk0w,2455490547712,20951214,1406337949285
23.6101,disk4,62291116451840,125367435,867652432126848
23.6101,disk4w,92291072,14003,1225021470
23.6101,disk8,69652724418560,70053837,638221814127870
23.6101,disk8w,592850944,74049,18941394999
23.6101,disk6,103776169666560,168687047,1515835276155726
23.6101,disk6w,42423025664,129812,47251876248
23.6101,ram,2407628800,49439195136,320599
23.6101,cpu,16835210,25352960,582263142
23.6101,gpu,21,0,0
23.8015,disk0,1108982809890816,2494284852,14705829986290093
23.8015,disk0w,2455490547712,20951214,1406337949285
23.8015,disk4,62291566946304,125368314,867661349616935
23.8015,disk4w,92291072,14003,1225021470
23.8015,disk8,69653477246976,70054566,638232376156889
23.8015,disk8w,592850944,74049,18941394999
23.8015,disk6,103776774510592,168688040,1515845399155015
23.8015,disk6w,42423025664,129812,47251876248
23.8015,ram,2407628800,49439195136,320599
23.8015,cpu,16835210,25352960,582263142
23.8015,gpu,19,0,0
24.0101,disk0,1108984648663040,2494288686,14705863414164706
24.0101,disk0w,2455490711552,20951228,1406338209988
24.0101,disk4,62291958720512,125369088,867669363538262
24.0101,disk4w,92291072,14003,1225021470
24.0101,disk8,69654321219584,70055386,638246820736064
24.0101,disk8w,592850944,74049,18941394999
24.0101,disk6,103777279342592,168688899,1515853761049884
24.0101,disk6w,42423025664,129812,47251876248
24.0101,ram,1122107392,50729893888,320599
24.0101,cpu,16835210,25352960,582263142
24.0101,gpu,0,0,0
24.2101,disk0,1108986841706496,2494293255,14705900686756185
24.2101,disk0w,2455490711552,20951228,1406338209988
24.2101,disk4,62292587325440,125370327,867682554985303
24.2101,disk4w,92291072,14003,1225021470
24.2101,disk8,69655352592384,70056387,638262240129572
24.2101,disk8w,592850944,74049,18941394999
24.2101,disk6,103778067134464,168690085,1515866740495107
24.2101,disk6w,42423025664,129812,47251876248
24.2101,ram,1122107392,50729893888,320599
24.2101,cpu,16835220,25353094,582264684
24.2101,gpu,10,0,0
24.4046,disk0,1108988579524608,2494297210,14705932712988067
24.4046,disk0w,2455490711552,20951228,1406338209988
24.4046,disk4,62293081745408,125371305,867695255509721
24.4046,disk4w,92291072,14003,1225021470
24.4046,disk8,69656163682304,70057175,638275903023102
24.4046,disk8w,592850944,74049,18941394999
24.4046,disk6,103778946463744,168691686,1515884116684261
24.4046,disk6w,42423025664,129812,47251876248
24.4046,ram,1122107392,50729893888,320599
24.4046,cpu,16835220,25353094,582264706
24.4046,gpu,18,0,0
24.6101,disk0,1108990703198208,2494301546,14705970358973910
24.6101,disk0w,2455490711552,20951228,1406338209988
24.6101,disk4,62293608163328,125372336,867706771280674
24.6101,disk4w,92291072,14003,1225021470
24.6101,disk8,69657146329088,70058130,638292404843286
24.6101,disk8w,592850944,74049,18941394999
24.6101,disk6,103779780155392,168693310,1515900914157482
24.6101,disk6w,42423025664,129812,47251876248
24.6101,ram,1122107392,50729893888,320599
24.6101,cpu,16835220,25353094,582264706
24.6101,gpu,20,0,0
24.8101,disk0,1108992194715648,2494304410,14705996802588755
24.8101,disk0w,2455490711552,20951228,1406338209988
24.8101,disk4,62294099486720,125373307,867719519520316
24.8101,disk4w,92291072,14003,1225021470
24.8101,disk8,69657848219648,70058813,638303595669523
24.8101,disk8w,592850944,74049,18941394999
24.8101,disk6,103780969822208,168695509,1515927454897522
24.8101,disk6w,42423025664,129812,47251876248
24.8101,ram,1122107392,50729893888,320599
24.8101,cpu,16835220,25353094,582264706
24.8101,gpu,20,2,0
25.0018,disk0,1108993578147840,2494307128,14706021103017347
25.0018,disk0w,2455490711552,20951228,1406338209988
25.0018,disk4,62294493915136,125374087,867727978520726
25.0018,disk4w,92291072,14003,1225021470
25.0018,disk8,69658487261184,70059433,638312831548685
25.0018,disk8w,592850944,74049,18941394999
25.0018,disk6,103781928314880,168697184,1515944671576966
25.0018,disk6w,42423025664,129812,47251876248
25.0018,ram,254623744,53175697408,320610
25.0018,cpu,16835220,25353094,582264706
25.0018,gpu,61,1,0
25.2101,disk0,1108995756814336,2494310751,14706058075536267
25.2101,disk0w,2455490711552,20951228,1406338209988
25.2101,disk4,62294976849920,125375029,867735965063166
25.2101,disk4w,92291072,14003,1225021470
25.2101,disk8,69659532756992,70060447,638328407881771
25.2101,disk8w,592850944,74049,18941394999
25.2101,disk6,103782918875136,168698778,1515966704624200
25.2101,disk6w,42423025664,129812,47251876248
25.2101,ram,254623744,53175697408,320610
25.2101,cpu,16835220,25353094,582264706
25.2101,gpu,21,2,0
25.4034,disk0,1108997107961856,2494313295,14706081415129197
25.4034,disk0w,2455490727936,20951232,1406340158404
25.4034,disk4,62295433078784,125375928,867747026568424
25.4034,disk4w,92291072,14003,1225021470
25.4034,disk8,69660199553024,70061095,638338386745818
25.4034,disk8w,592850944,74049,18941394999
25.4034,disk6,103784237697024,168701173,1516000486362866
25.4034,disk6w,42423025664,129812,47251876248
25.4034,ram,254623744,53175697408,320610
25.4034,cpu,16835241,25353251,582266384
25.4034,gpu,16,2,0
25.6101,disk0,1108998845140992,2494316831,14706111599788854
25.6101,disk0w,2455490727936,20951232,1406340158404
25.6101,disk4,62295889307648,125376824,867756024106215
25.6101,disk4w,92291072,14003,1225021470
25.6101,disk8,69661006727168,70061878,638349751730601
25.6101,disk8w,592850944,74049,18941394999
25.6101,disk6,103785401522176,168703089,1516025750173571
25.6101,disk6w,42423025664,129812,47251876248
25.6101,ram,254623744,53175697408,320610
25.6101,cpu,16835241,25353251,582266384
25.6101,gpu,0,0,0
25.8101,disk0,1109000392282112,2494320204,14706137776215622
25.8101,disk0w,2455490727936,20951232,1406340158404
25.8101,disk4,62296454522880,125377930,867768741777794
25.8101,disk4w,92291072,14003,1225021470
25.8101,disk8,69661747415040,70062596,638359629795368
25.8101,disk8w,592850944,74049,18941394999
25.8101,disk6,103786594502656,168705188,1516056157685958
25.8101,disk6w,42423025664,129812,47251876248
25.8101,ram,254623744,53175697408,320610
25.8101,cpu,16835241,25353251,582266384
25.8101,gpu,62,9,0
26.0101,disk0,1109001775767552,2494324716,14706163507201825
26.0101,disk0w,2455490727936,20951232,1406340158404
26.0101,disk4,62296836859904,125378680,867776896898878
26.0101,disk4w,92291072,14003,1225021470
26.0101,disk8,69662428055552,70063258,638369996038061
26.0101,disk8w,592850944,74049,18941394999
26.0101,disk6,103787903207424,168707595,1516088970169608
26.0101,disk6w,42423025664,129812,47251876248
26.0101,ram,246857728,54889758720,320610
26.0101,cpu,16835241,25353251,582266384
26.0101,gpu,0,0,0
26.2101,disk0,1109003442761728,2494328680,14706192682459546
26.2101,disk0w,2455490727936,20951232,1406340158404
26.2101,disk4,62297293088768,125379576,867785453898615
26.2101,disk4w,92291072,14003,1225021470
26.2101,disk8,69663200135168,70064006,638380576669688
26.2101,disk8w,592850944,74049,18941394999
26.2101,disk6,103789047900160,168709672,1516114376746114
26.2101,disk6w,42423025664,129812,47251876248
26.2101,ram,259375104,54853271552,320610
26.2101,cpu,16835241,25353251,582266384
26.2101,gpu,24,2,0
26.4081,disk0,1109005211140096,2494333087,14706224350113627
26.4081,disk0w,2455490727936,20951232,1406340158404
26.4081,disk4,62297860368384,125380697,867798418687283
26.4081,disk4w,92291072,14003,1225021470
26.4081,disk8,69664033245184,70064815,638392321161213
26.4081,disk8w,592850944,74049,18941394999
26.4081,disk6,103790219286528,168712014,1516145438137761
26.4081,disk6w,42423025664,129812,47251876248
26.4081,ram,259375104,54853271552,320610
26.4081,cpu,16835274,25353439,582268164
26.4081,gpu,0,0,0
26.6058,disk0,1109006811729920,2494340005,14706254061296975
26.6058,disk0w,2455490727936,20951232,1406340158404
26.6058,disk4,62298433660928,125381827,867811962335574
26.6058,disk4w,92291072,14003,1225021470
26.6058,disk8,69664798050304,70065557,638402519019269
26.6058,disk8w,592850944,74049,18941394999
26.6058,disk6,103791472105472,168714333,1516175147907621
26.6058,disk6w,42423025664,129812,47251876248
26.6058,ram,259375104,54853271552,320610
26.6058,cpu,16835274,25353439,582268164
26.6058,gpu,0,0,0
26.8101,disk0,1109008777658368,2494357309,14706293590404242
26.8101,disk0w,2455490727936,20951232,1406340158404
26.8101,disk4,62298889889792,125382727,867821569684974
26.8101,disk4w,92291072,14003,1225021470
26.8101,disk8,69665724631040,70066457,638417169343776
26.8101,disk8w,592850944,74049,18941394999
26.8101,disk6,103792371726336,168715911,1516196435080510
26.8101,disk6w,42423025664,129812,47251876248
26.8101,ram,259375104,54853271552,320610
26.8101,cpu,16835274,25353439,582268164
26.8101,gpu,0,0,0
27.0101,disk0,1109010181525504,2494383710,14706329715101522
27.0101,disk0w,2455490727936,20951232,1406340158404
27.0101,disk4,62299222796288,125383375,867827744348636
27.0101,disk4w,92291072,14003,1225021470
27.0101,disk8,69666363639808,70067078,638427144948141
27.0101,disk8w,592850944,74049,18941394999
27.0101,disk6,103793449342976,168718012,1516218188770320
27.0101,disk6w,42423025664,129812,47251876248
27.0101,ram,264634368,56600723456,320610
27.0101,cpu,16835274,25353439,582268164
27.0101,gpu,9,1,0
27.2101,disk0,1109011953577984,2494400022,14706366943449472
27.2101,disk0w,2455490727936,20951232,1406340158404
27.2101,disk4,62299732158464,125384371,867840907931725
27.2101,disk4w,92291072,14003,1225021470
27.2101,disk8,69667183364096,70067875,638441217214378
27.2101,disk8w,592850944,74049,18941394999
27.2101,disk6,103793830926336,168718735,1516224474496165
27.2101,disk6w,42423025664,129812,47251876248
27.2101,ram,307445760,56413650944,320610
27.2101,cpu,16835274,25353439,582268164
27.2101,gpu,16,0,0
27.4101,disk0,1109013678911488,2494402647,14706395044831889
27.4101,disk0w,2455490727936,20951232,1406340158404
27.4101,disk4,62300319115264,125385528,867855037948251
27.4101,disk4w,92291072,14003,1225021470
27.4101,disk8,69667999975424,70068670,638453157683562
27.4101,disk8w,592850944,74049,18941394999
27.4101,disk6,103795070339072,168721250,1516250938852537
27.4101,disk6w,42423025664,129812,47251876248
27.4101,ram,307445760,56413650944,320610
27.4101,cpu,16835288,25353607,582269688
27.4101,gpu,11,0,0
27.6012,disk0,1109015353831424,2494405363,14706424839262788
27.6012,disk0w,2455490727936,20951232,1406340158404
27.6012,disk4,62300719523840,125386321,867863601200104
27.6012,disk4w,92291072,14003,1225021470
27.6012,disk8,69668767860736,70069416,638465547567189
27.6012,disk8w,592850944,74049,18941394999
27.6012,disk6,103796036810752,168723231,1516272107567074
27.6012,disk6w,42423025664,129812,47251876248
27.6012,ram,307445760,56413650944,320610
27.6012,cpu,16835288,25353607,582269688
27.6012,gpu,0,0,0
27.8031,disk0,1109017691590656,2494409536,14706465022506405
27.8031,disk0w,2455490727936,20951232,1406340158404
27.8031,disk4,62301364054016,125387586,867877147203176
27.8031,disk4w,92291072,14003,1225021470
27.8031,disk8,69669850548224,70070469,638481569864842
27.8031,disk8w,592850944,74049,18941394999
27.8031,disk6,103796940879872,168724761,1516289901993376
27.8031,disk6w,42423025664,129812,47251876248
27.8031,ram,307445760,56413650944,320610
27.8031,cpu,16835288,25353607,582269688
27.8031,gpu,0,0,0
28.0101,disk0,1109019520098304,2494412343,14706495174390904
28.0101,disk0w,2455490727936,20951232,1406340158404
28.0101,disk4,62301960660992,125388762,867891569695958
28.0101,disk4w,92291072,14003,1225021470
28.0101,disk8,69670711019520,70071303,638494152652945
28.0101,disk8w,592850944,74049,18941394999
28.0101,disk6,103798345897984,168727377,1516323594004882
28.0101,disk6w,42423025664,129812,47251876248
28.0101,ram,307445760,56413650944,320610
28.0101,cpu,16835288,25353607,582269688
28.0101,gpu,0,0,0
28.2101,disk0,1109021131661312,2494414974,14706523125688009
28.2101,disk0w,2455490859008,20951255,1406340543312
28.2101,disk4,62302346700800,125389520,867899611532771
28.2101,disk4w,92291072,14003,1225021470
28.2101,disk8,69671464896512,70072035,638506585786330
28.2101,disk8w,592850944,74049,18941394999
28.2101,disk6,103799341193216,168729175,1516344371862778
28.2101,disk6w,42423025664,129812,47251876248
28.2101,ram,269074432,58841792512,320610
28.2101,cpu,16835288,25353607,582269688
28.2101,gpu,81,0,0
28.4101,disk0,1109023261249536,2494418342,14706558227109603
28.4101,disk0w,2455490859008,20951255,1406340543312
28.4101,disk4,62302925760512,125390658,867910766568522
28.4101,disk4w,92291072,14003,1225021470
28.4101,disk8,69672480819200,70073022,638520955987455
28.4101,disk8w,592850944,74049,18941394999
28.4101,disk6,103800420792320,168730955,1516368065582605
28.4101,disk6w,42423025664,129812,47251876248
28.4101,ram,269074432,58841792512,320610
28.4101,cpu,16835312,25353765,582271363
28.4101,gpu,0,0,0
28.6101,disk0,1109024659243008,2494420701,14706581817438853
28.6101,disk0w,2455490957312,20951257,1406341019811
28.6101,disk4,62303399536640,125391589,867922800630583
28.6101,disk4w,92291072,14003,1225021470
28.6101,disk8,69673149433856,70073671,638530845511946
28.6101,disk8w,592850944,74049,18941394999
28.6101,disk6,103801739614208,168733630,1516401817423291
28.6101,disk6w,42423025664,129812,47251876248
28.6101,ram,269074432,58841792512,320610
28.6101,cpu,16835312,25353765,582271363
28.6101,gpu,0,0,0
28.8101,disk0,1109026185859072,2494423075,14706605965128850
28.8101,disk0w,2455490961408,20951258,1406341035936
28.8101,disk4,62303873312768,125392521,867933451666786
28.8101,disk4w,92291072,14003,1225021470
28.8101,disk8,69673868871680,70074369,638540703784729
28.8101,disk8w,592850944,74049,18941394999
28.8101,disk6,103802901276672,168735899,1516429106256085
28.8101,disk6w,42423025664,129812,47251876248
28.8101,ram,269074432,58841792512,320610
28.8101,cpu,16835312,25353765,582271363
28.8101,gpu,0,0,0
29.0066,disk0,1109028116058112,2494426344,14706639190743832
29.0066,disk0w,2455490961408,20951258,1406341035936
29.0066,disk4,62304259352576,125393282,867939478837203
29.0066,disk4w,92291072,14003,1225021470
29.0066,disk8,69674798876672,70075273,638555762074667
29.0066,disk8w,592850944,74049,18941394999
29.0066,disk6,103803952404480,168738166,1516460101858616
29.0066,disk6w,42423025664,129812,47251876248
29.0066,ram,269074432,58841792512,320610
29.0066,cpu,16835312,25353765,582271363
29.0066,gpu,20,1,0
29.2102,disk0,1109029537587200,2494428661,14706663264276635
29.2102,disk0w,2455490994176,20951260,1406341969560
29.2102,disk4,62304592750592,125393938,867946056898184
29.2102,disk4w,92291072,14003,1225021470
29.2102,disk8,69675518314496,70075972,638567717038849
29.2102,disk8w,592850944,74049,18941394999
29.2102,disk6,103805340895232,168741175,1516499309746993
29.2102,disk6w,42423025664,129812,47251876248
29.2102,ram,254738432,61488103424,320612
29.2102,cpu,16835312,25353765,582271363
29.2102,gpu,15,0,0
29.4102,disk0,1109030871179264,2494430682,14706685683589129
29.4102,disk0w,2455490994176,20951260,1406341969560
29.4102,disk4,62304961243136,125394663,867953570208351
29.4102,disk4w,92291072,14003,1225021470
29.4102,disk8,69676185110528,70076619,638577940499964
29.4102,disk8w,592850944,74049,18941394999
29.4102,disk6,103806585423872,168743951,1516529970121787
29.4102,disk6w,42423025664,129812,47251876248
29.4102,ram,254738432,61488103424,320612
29.4102,cpu,16835337,25353920,582273016
29.4102,gpu,100,0,0
29.6079,disk0,1109032650907648,2494433513,14706715388959840
29.6079,disk0w,2455490994176,20951260,1406341969560
29.6079,disk4,62305684350976,125396081,867973124707726
29.6079,disk4w,92291072,14003,1225021470
29.6079,disk8,69677065619456,70077472,638591081059059
29.6079,disk8w,592850944,74049,18941394999
29.6079,disk6,103807646656512,168746170,1516559057192043
29.6079,disk6w,42423025664,129812,47251876248
29.6079,ram,254738432,61488103424,320612
29.6079,cpu,16835337,25353921,582273037
29.6079,gpu,22,0,0
29.8102,disk0,1109034227539968,2494436153,14706741710026435
29.8102,disk0w,2455491031040,20951263,1406342050476
29.8102,disk4,62306084268032,125396869,867980666641832
29.8102,disk4w,92291072,14003,1225021470
29.8102,disk8,69677824411648,70078206,638602033273732
29.8102,disk8w,592850944,74049,18941394999
29.8102,disk6,103808768169984,168748611,1516581172382322
29.8102,disk6w,42423025664,129812,47251876248
29.8102,ram,254738432,61488103424,320612
29.8102,cpu,16835337,25353921,582273037
29.8102,gpu,18,2,0
30.0085,disk0,1109035574382592,2494438672,14706765820898541
30.0085,disk0w,2455491031040,20951263,1406342050476
30.0085,disk4,62306347476992,125397387,867986375217874
30.0085,disk4w,92291072,14003,1225021470
30.0085,disk8,69678433257472,70078798,638613839013089
30.0085,disk8w,592850944,74049,18941394999
30.0085,disk6,103809477756928,168750047,1516591053849861
30.0085,disk6w,42423025664,129812,47251876248
30.0085,ram,254738432,61488103424,320612
30.0085,cpu,16835337,25353921,582273037
30.0085,gpu,100,1,0
30.2068,disk0,1109037767790592,2494442368,14706804466164519
30.2068,disk0w,2455491031040,20951263,1406342050476
30.2068,disk4,62306856347648,125398403,867997613585295
30.2068,disk4w,92291072,14003,1225021470
30.2068,disk8,69679466448896,70079803,638632309262914
30.2068,disk8w,592850944,74049,18941394999
30.2068,disk6,103810050426880,168751113,1516601154608427
30.2068,disk6w,42423025664,129812,47251876248
30.2068,ram,268304384,62751604736,320615
30.2068,cpu,16835337,25353921,582273037
30.2068,gpu,20,2,0
30.4057,disk0,1109039502135296,2494445450,14706833736808220
30.4057,disk0w,2455491031040,20951263,1406342050476
30.4057,disk4,62307345688576,125399380,868009130082138
30.4057,disk4w,92291072,14003,1225021470
30.4057,disk8,69680253601792,70080571,638644305731577
30.4057,disk8w,592850944,74049,18941394999
30.4057,disk6,103810956163072,168753000,1516621021295084
30.4057,disk6w,42423025664,129812,47251876248
30.4057,ram,268304384,62751604736,320615
30.4057,cpu,16835337,25353921,582273037
30.4057,gpu,18,2,0
30.6064,disk0,1109041442099200,2494448494,14706867330470596
30.6064,disk0w,2455491031040,20951263,1406342050476
30.6064,disk4,62308005668864,125400700,868026940286593
30.6064,disk4w,92291072,14003,1225021470
30.6064,disk8,69681177315328,70081467,638659020584201
30.6064,disk8w,592850944,74049,18941394999
30.6064,disk6,103811648522240,168754275,1516635454399167
30.6064,disk6w,42423025664,129812,47251876248
30.6064,ram,268304384,62751604736,320615
30.6064,cpu,16835358,25354073,582274718
30.6064,gpu,19,2,0
30.8102,disk0,1109043400560640,2494451728,14706901072291093
30.8102,disk0w,2455491031040,20951263,1406342050476
30.8102,disk4,62308549634048,125401795,868039214504564
30.8102,disk4w,92291072,14003,1225021470
30.8102,disk8,69682072225792,70082336,638672732340874
30.8102,disk8w,592850944,74049,18941394999
30.8102,disk6,103812332865536,168755392,1516648495587048
30.8102,disk6w,42423025664,129812,47251876248
30.8102,ram,268304384,62751604736,320615
30.8102,cpu,16835358,25354073,582274718
30.8102,gpu,0,0,0
31.0102,disk0,1109044805894144,2494454013,14706913046348260
31.0102,disk0w,2455491031040,20951263,1406342050476
31.0102,disk4,62308834871296,125402378,868042702067801
31.0102,disk4w,92291072,14003,1225021470
31.0102,disk8,69682742151168,70083002,638677047758581
31.0102,disk8w,592850944,74049,18941394999
31.0102,disk6,103812885661696,168756186,1516653230632978
31.0102,disk6w,42423025664,129812,47251876248
31.0102,ram,268304384,62751604736,320615
31.0102,cpu,16835358,25354073,582274718
31.0102,gpu,19,3,0
31.2102,disk0,1109047331401728,2494467709,14706947625423141
31.2102,disk0w,2455491047424,20951264,1406342068976
31.2102,disk4,62309558691840,125403864,868049628058700
31.2102,disk4w,92291072,14003,1225021470
31.2102,disk8,69684097845248,70084368,638685227344003
31.2102,disk8w,592850944,74049,18941394999
31.2102,disk6,103814047991808,168758091,1516664909139341
31.2102,disk6w,42423025664,129812,47251876248
31.2102,ram,246087680,67300409344,320615
31.2102,cpu,16835358,25354073,582274718
31.2102,gpu,0,0,0
31.4102,disk0,1109049997623296,2494472193,14706971760787136
31.4102,disk0w,2455491047424,20951264,1406342068976
31.4102,disk4,62310203877376,125405186,868053448483894
31.4102,disk4w,92291072,14003,1225021470
31.4102,disk8,69685461993472,70085749,638692775207878
31.4102,disk8w,592850944,74049,18941394999
31.4102,disk6,103815008929792,168759195,1516670718574719
31.4102,disk6w,42423025664,129812,47251876248
31.4102,ram,246087680,67300409344,320615
31.4102,cpu,16835358,25354073,582274718
31.4102,gpu,35,1,0
31.6102,disk0,1109052743380992,2494476380,14706991070715206
31.6102,disk0w,2455491047424,20951264,1406342068976
31.6102,disk4,62310852618240,125406512,868057098668748
31.6102,disk4w,92291072,14003,1225021470
31.6102,disk8,69686879946752,70087192,638699245852551
31.6102,disk8w,592850944,74049,18941394999
31.6102,disk6,103816056735744,168760487,1516677110282382
31.6102,disk6w,42423025664,129812,47251876248
31.6102,ram,246087680,67300409344,320615
31.6102,cpu,16835395,25354238,582276369
31.6102,gpu,0,0,0
31.8102,disk0,1109055476224000,2494481154,14707012922201784
31.8102,disk0w,2455491047424,20951264,1406342068976
31.8102,disk4,62311538837504,125407917,868061294147373
31.8102,disk4w,92291072,14003,1225021470
31.8102,disk8,69688298801152,70088636,638705072731227
31.8102,disk8w,592850944,74049,18941394999
31.8102,disk6,103817140799488,168762088,1516682364890717
31.8102,disk6w,42423025664,129812,47251876248
31.8102,ram,246087680,67300409344,320615
31.8102,cpu,16835395,25354238,582276369
31.8102,gpu,45,0,0
32.0102,disk0,1109058155274240,2494485986,14707035124864475
32.0102,disk0w,2455491047424,20951264,1406342068976
32.0102,disk4,62312172447744,125409215,868064374347556
32.0102,disk4w,92291072,14003,1225021470
32.0102,disk8,69689700452352,70090062,638711409123952
32.0102,disk8w,592850944,74049,18941394999
32.0102,disk6,103818271971328,168763810,1516688597181892
32.0102,disk6w,42423025664,129812,47251876248
32.0102,ram,246087680,67300409344,320615
32.0102,cpu,16835395,25354238,582276369
32.0102,gpu,19,0,0
32.2102,disk0,1109060757393408,2494490674,14707050794177272
32.2102,disk0w,2455491047424,20951264,1406342068976
32.2102,disk4,62312693639168,125410277,868066142513867
32.2102,disk4w,92291072,14003,1225021470
32.2102,disk8,69691031783424,70091428,638715287965500
32.2102,disk8w,592850944,74049,18941394999
32.2102,disk6,103819319633920,168765488,1516692819250915
32.2102,disk6w,42423025664,129812,47251876248
32.2102,ram,287539200,64836288512,320616
32.2102,cpu,16835395,25354238,582276369
32.2102,gpu,42,0,0
32.4102,disk0,1109063452049408,2494496037,14707069803573383
32.4102,disk0w,2455491047424,20951264,1406342068976
32.4102,disk4,62313322817536,125411496,868068645876829
32.4102,disk4w,92291072,14003,1225021470
32.4102,disk8,69692432975872,70092864,638719675410695
32.4102,disk8w,592850944,74049,18941394999
32.4102,disk6,103820463110144,168767483,1516698588453465
32.4102,disk6w,42423025664,129812,47251876248
32.4102,ram,288030720,64836321280,320616
32.4102,cpu,16835395,25354238,582276369
32.4102,gpu,33,2,0
32.6102,disk0,1109066144362496,2494501667,14707090346151563
32.6102,disk0w,2455491047424,20951264,1406342068976
32.6102,disk4,62314051086336,125412925,868071632228262
32.6102,disk4w,92291072,14003,1225021470
32.6102,disk8,69693846194176,70094310,638724194823132
32.6102,disk8w,592850944,74049,18941394999
32.6102,disk6,103821460928512,168769286,1516704175380528
32.6102,disk6w,42423025664,129812,47251876248
32.6102,ram,288030720,64836321280,320616
32.6102,cpu,16835419,25354373,582278067
32.6102,gpu,71,0,0
32.8102,disk0,1109068856594432,2494507103,14707110160108366
32.8102,disk0w,2455491047424,20951264,1406342068976
32.8102,disk4,62314766657536,125414337,868074369512506
32.8102,disk4w,92291072,14003,1225021470
32.8102,disk8,69695248648192,70095746,638728897922152
32.8102,disk8w,592850944,74049,18941394999
32.8102,disk6,103822388017152,168770916,1516708402074822
32.8102,disk6w,42423025664,129812,47251876248
32.8102,ram,288030720,64836321280,320616
32.8102,cpu,16835419,25354373,582278067
32.8102,gpu,32,0,0
33.0102,disk0,1109071547564032,2494515112,14707132517621509
33.0102,disk0w,2455491063808,20951265,1406342089976
33.0102,disk4,62315373340672,125415531,868076411847609
33.0102,disk4w,92291072,14003,1225021470
33.0102,disk8,69696634587136,70097168,638732839740894
33.0102,disk8w,592850944,74049,18941394999
33.0102,disk6,103823344384000,168772647,1516712371492592
33.0102,disk6w,42423025664,129812,47251876248
33.0102,ram,288030720,64836321280,320616
33.0102,cpu,16835419,25354373,582278067
33.0102,gpu,59,0,0
33.2102,disk0,1109074279997440,2494519342,14707147131269426
33.2102,disk0w,2455491186688,20951275,1406342238099
33.2102,disk4,62316009302016,125416785,868078534277774
33.2102,disk4w,92291072,14003,1225021470
33.2102,disk8,69698053408768,70098623,638736804637977
33.2102,disk8w,592850944,74049,18941394999
33.2102,disk6,103824347863040,168774601,1516717074174319
33.2102,disk6w,42423025664,129812,47251876248
33.2102,ram,288030720,64836321280,320616
33.2102,cpu,16835419,25354373,582278067
33.2102,gpu,54,0,0
33.4102,disk0,1109074778353664,2494520087,14707151627627654
33.4102,disk0w,2455491186688,20951275,1406342238099
33.4102,disk4,62316139341824,125417046,868079444349934
33.4102,disk4w,92291072,14003,1225021470
33.4102,disk8,69698302576640,70098876,638737993728311
33.4102,disk8w,592850944,74049,18941394999
33.4102,disk6,103824511408128,168774933,1516718329886250
33.4102,disk6w,42423025664,129812,47251876248
33.4102,ram,195182592,65342095360,320616
33.4102,cpu,16835419,25354373,582278067
33.4102,gpu,100,0,0
33.6102,disk0,1109075166564352,2494521511,14707152492472338
33.6102,disk0w,2455492005888,20951280,1406342440598
33.6102,disk4,62316139341824,125417046,868079444349934
33.6102,disk4w,92291072,14003,1225021470
33.6102,disk8,69698302576640,70098876,638737993728311
33.6102,disk8w,592850944,74049,18941394999
33.6102,disk6,103824511408128,168774933,1516718329886250
33.6102,disk6w,42423025664,129812,47251876248
33.6102,ram,195182592,65342095360,320616
33.6102,cpu,16835454,25354480,582279785
33.6102,gpu,0,0,0
33.8102,disk0,1109075757514752,2494522895,14707153517973183
33.8102,disk0w,2455492059136,20951289,1406342613387
33.8102,disk4,62316139341824,125417046,868079444349934
33.8102,disk4w,92291072,14003,1225021470
33.8102,disk8,69698302576640,70098876,638737993728311
33.8102,disk8w,592850944,74049,18941394999
33.8102,disk6,103824511408128,168774933,1516718329886250
33.8102,disk6w,42423025664,129812,47251876248
33.8102,ram,195182592,65342095360,320616
33.8102,cpu,16835454,25354480,582279785
33.8102,gpu,0,0,0
34.0102,disk0,1109076361502720,2494524076,14707154435731866
34.0102,disk0w,2455492075520,20951293,1406342669219
34.0102,disk4,62316139341824,125417046,868079444349934
34.0102,disk4w,92291072,14003,1225021470
34.0102,disk8,69698302576640,70098876,638737993728311
34.0102,disk8w,592850944,74049,18941394999
34.0102,disk6,103824511408128,168774933,1516718329886250
34.0102,disk6w,42423025664,129812,47251876248
34.0102,ram,195182592,65342095360,320616
34.0102,cpu,16835454,25354480,582279785
34.0102,gpu,0,0,0
34.2072,disk0,1109076950802432,2494525219,14707155331725166
34.2072,disk0w,2455492075520,20951293,1406342669219
34.2072,disk4,62316139341824,125417046,868079444349934
34.2072,disk4w,92291072,14003,1225021470
34.2072,disk8,69698302576640,70098876,638737993728311
34.2072,disk8w,592850944,74049,18941394999
34.2072,disk6,103824511408128,168774933,1516718329886250
34.2072,disk6w,42423025664,129812,47251876248
34.2072,ram,195182592,65342095360,320616
34.2072,cpu,16835454,25354480,582279785
34.2072,gpu,0,0,0
34.4102,disk0,1109077572628480,2494526562,14707156313610245
34.4102,disk0w,2455492075520,20951293,1406342669219
34.4102,disk4,62316139341824,125417046,868079444349934
34.4102,disk4w,92291072,14003,1225021470
34.4102,disk8,69698302576640,70098876,638737993728311
34.4102,disk8w,592850944,74049,18941394999
34.4102,disk6,103824511408128,168774933,1516718329886250
34.4102,disk6w,42423025664,129812,47251876248
34.4102,ram,100794368,66459107328,320666
34.4102,cpu,16835454,25354480,582279785
34.4102,gpu,0,0,0
34.6102,disk0,1109078176608256,2494527737,14707157183251804
34.6102,disk0w,2455492100096,20951295,1406342720010
34.6102,disk4,62316139341824,125417046,868079444349934
34.6102,disk4w,92291072,14003,1225021470
34.6102,disk8,69698302576640,70098876,638737993728311
34.6102,disk8w,592850944,74049,18941394999
34.6102,disk6,103824511408128,168774933,1516718329886250
34.6102,disk6w,42423025664,129812,47251876248
34.6102,ram,100794368,66459107328,320666
34.6102,cpu,16835669,25354552,582281341
34.6102,gpu,0,0,0
34.8102,disk0,1109078227750912,2494527836,14707157254211182
34.8102,disk0w,2455492153344,20951298,1406342809967
34.8102,disk4,62316139341824,125417046,868079444349934
34.8102,disk4w,92291072,14003,1225021470
34.8102,disk8,69698302576640,70098876,638737993728311
34.8102,disk8w,592850944,74049,18941394999
34.8102,disk6,103824511408128,168774933,1516718329886250
34.8102,disk6w,42423025664,129812,47251876248
34.8102,ram,100794368,66459107328,320666
34.8102,cpu,16835670,25354553,582281366
34.8102,gpu,0,0,0
35.0102,disk0,1109078227767296,2494527837,14707157254255682
35.0102,disk0w,2455492153344,20951298,1406342809967
35.0102,disk4,62316139341824,125417046,868079444349934
35.0102,disk4w,92291072,14003,1225021470
35.0102,disk8,69698302576640,70098876,638737993728311
35.0102,disk8w,592850944,74049,18941394999
35.0102,disk6,103824511408128,168774933,1516718329886250
35.0102,disk6w,42423025664,129812,47251876248
35.0102,ram,100794368,66459107328,320666
35.0102,cpu,16835670,25354553,582281366
35.0102,gpu,100,1,0
35.2010,disk0,1109079377170432,2494529802,14707173273987044
35.2010,disk0w,2455492153344,20951298,1406342809967
35.2010,disk4,62316490287104,125417765,868088838493819
35.2010,disk4w,92291072,14003,1225021470
35.2010,disk8,69698767554560,70099329,638749072946577
35.2010,disk8w,592850944,74049,18941394999
35.2010,disk6,103825002911744,168775587,1516726531821422
35.2010,disk6w,42423025664,129812,47251876248
35.2010,ram,100794368,66459107328,320666
35.2010,cpu,16835670,25354553,582281366
35.2010,gpu,8,2,0
35.4038,disk0,1109081887973376,2494534438,14707211590517580
35.4038,disk0w,2455492153344,20951298,1406342809967
35.4038,disk4,62317306275840,125419438,868105889482881
35.4038,disk4w,92291072,14003,1225021470
35.4038,disk8,69700039690240,70100591,638765329772398
35.4038,disk8w,592850944,74049,18941394999
35.4038,disk6,103826090842112,168777102,1516743537785548
35.4038,disk6w,42423025664,129812,47251876248
35.4038,ram,87703552,69724733440,320670
35.4038,cpu,16835670,25354553,582281366
35.4038,gpu,21,2,0
35.6061,disk0,1109084150767616,2494551086,14707254241716980
35.6061,disk0w,2455492153344,20951298,1406342809967
35.6061,disk4,62318148560896,125421166,868128370954758
35.6061,disk4w,92291072,14003,1225021470
35.6061,disk8,69701189060608,70101727,638783955890696
35.6061,disk8w,592850944,74049,18941394999
35.6061,disk6,103827222632448,168778938,1516769217492142
35.6061,disk6w,42423025664,129812,47251876248
35.6061,ram,87703552,69724733440,320670
35.6061,cpu,16835670,25354553,582281366
35.6061,gpu,21,3,0
35.8102,disk0,1109086686392320,2494555633,14707295256126922
35.8102,disk0w,2455492186112,20951299,1406342841633
35.8102,disk4,62318832920576,125422571,868140148518950
35.8102,disk4w,92291072,14003,1225021470
35.8102,disk8,69702513821696,70103038,638803189317729
35.8102,disk8w,592850944,74049,18941394999
35.8102,disk6,103828205279232,168780314,1516784190800187
35.8102,disk6w,42423025664,129812,47251876248
35.8102,ram,87703552,69724733440,320670
35.8102,cpu,16835743,25354706,582282996
35.8102,gpu,28,3,0
36.0059,disk0,1109088836120576,2494559459,14707327759201357
36.0059,disk0w,2455492186112,20951299,1406342841633
36.0059,disk4,62319543592960,125424030,868159540497172
36.0059,disk4w,92291072,14003,1225021470
36.0059,disk8,69703592970240,70104108,638819954002757
36.0059,disk8w,592850944,74049,18941394999
36.0059,disk6,103829214304256,168781505,1516801353034248
36.0059,disk6w,42423025664,129812,47251876248
36.0059,ram,87703552,69724733440,320670
36.0059,cpu,16835743,25354706,582282996
36.0059,gpu,97,3,0
36.2102,disk0,1109091223343104,2494562594,14707360820807276
36.2102,disk0w,2455492186112,20951299,1406342841633
36.2102,disk4,62320337938432,125425660,868176289126873
36.2102,disk4w,92291072,14003,1225021470
36.2102,disk8,69704806189056,70105299,638836562583931
36.2102,disk8w,592850944,74049,18941394999
36.2102,disk6,103830377703424,168782843,1516819901490084
36.2102,disk6w,42423025664,129812,47251876248
36.2102,ram,87703552,69724733440,320670
36.2102,cpu,16835743,25354706,582282996
36.2102,gpu,21,3,0
36.4050,disk0,1109093416873984,2494566331,14707391561214243
36.4050,disk0w,2455492186112,20951299,1406342841633
36.4050,disk4,62320991266816,125427000,868188890039425
36.4050,disk4w,92291072,14003,1225021470
36.4050,disk8,69705874180096,70106362,638850136142651
36.4050,disk8w,592850944,74049,18941394999
36.4050,disk6,103831153354752,168783853,1516833515882470
36.4050,disk6w,42423025664,129812,47251876248
36.4050,ram,74874880,66179186688,320672
36.4050,cpu,16835743,25354706,582282996
36.4050,gpu,33,3,0
36.6055,disk0,1109095389896704,2494569198,14707419801441460
36.6055,disk0w,2455492186112,20951299,1406342841633
36.6055,disk4,62321666877440,125428385,868204708906753
36.6055,disk4w,92291072,14003,1225021470
36.6055,disk8,69706874357760,70107358,638864321880710
36.6055,disk8w,592850944,74049,18941394999
36.6055,disk6,103832065828864,168785051,1516848936195051
36.6055,disk6w,42423025664,129812,47251876248
36.6055,ram,74874880,66179186688,320672
36.6055,cpu,16835743,25354706,582282996
36.6055,gpu,67,1,0
36.8016,disk0,1109097565691904,2494572372,14707451889383613
36.8016,disk0w,2455492186112,20951299,1406342841633
36.8016,disk4,62322316126208,125429715,868220605354312
36.8016,disk4w,92291072,14003,1225021470
36.8016,disk8,69707979868160,70108452,638881390727704
36.8016,disk8w,592850944,74049,18941394999
36.8016,disk6,103833136277504,168786846,1516874924286241
36.8016,disk6w,42423025664,129812,47251876248
36.8016,ram,74874880,66179186688,320672
36.8016,cpu,16835775,25354895,582284770
36.8016,gpu,60,0,0
37.0102,disk0,1109100090261504,2494577498,14707491871627308
37.0102,disk0w,2455492202496,20951300,1406342862174
37.0102,disk4,62323053078528,125431226,868236133885597
37.0102,disk4w,92291072,14003,1225021470
37.0102,disk8,69709240780800,70109694,638899602285490
37.0102,disk8w,592850944,74049,18941394999
37.0102,disk6,103834223585280,168788553,1516896352544590
37.0102,disk6w,42423025664,129812,47251876248
37.0102,ram,74874880,66179186688,320672
37.0102,cpu,16835775,25354895,582284770
37.0102,gpu,72,2,0
37.2102,disk0,1109102294581248,2494581647,14707523871603333
37.2102,disk0w,2455492202496,20951300,1406342862174
37.2102,disk4,62323623405568,125432397,868248463760078
37.2102,disk4w,92291072,14003,1225021470
37.2102,disk8,69710366328832,70110810,638914623689276
37.2102,disk8w,592850944,74049,18941394999
37.2102,disk6,103835224434688,168790116,1516917298225644
37.2102,disk6w,42423025664,129812,47251876248
37.2102,ram,74874880,66179186688,320672
37.2102,cpu,16835775,25354895,582284770
37.2102,gpu,62,0,0
37.4102,disk0,1109104483917824,2494585167,14707556038238692
37.4102,disk0w,2455492202496,20951300,1406342862174
37.4102,disk4,62324279248896,125433739,868260763273117
37.4102,disk4w,92291072,14003,1225021470
37.4102,disk8,69711480866816,70111914,638927765237489
37.4102,disk8w,592850944,74049,18941394999
37.4102,disk6,103836349818880,168791815,1516938787301960
37.4102,disk6w,42423025664,129812,47251876248
37.4102,ram,75120640,66875785216,320673
37.4102,cpu,16835775,25354895,582284770
37.4102,gpu,44,0,0
37.6102,disk0,1109106812919808,2494590132,14707590442733403
37.6102,disk0w,2455492202496,20951300,1406342862174
37.6102,disk4,62324888553472,125434990,868269855033327
37.6102,disk4w,92291072,14003,1225021470
37.6102,disk8,69712651028480,70113076,638940924505399
37.6102,disk8w,592850944,74049,18941394999
37.6102,disk6,103837294692352,168793260,1516953679259923
37.6102,disk6w,42423025664,129812,47251876248
37.6102,ram,74055680,66882273280,320673
37.6102,cpu,16835775,25354895,582284770
37.6102,gpu,0,0,0
37.8039,disk0,1109108830801920,2494593846,14707611364200166
37.8039,disk0w,2455492202496,20951300,1406342862174
37.8039,disk4,62325343070208,125435893,868274227216870
37.8039,disk4w,92291072,14003,1225021470
37.8039,disk8,69713656465408,70114086,638947751411569
37.8039,disk8w,592850944,74049,18941394999
37.8039,disk6,103838119839744,168794449,1516962151731868
37.8039,disk6w,42423025664,129812,47251876248
37.8039,ram,74055680,66882273280,320673
37.8039,cpu,16835789,25355035,582286330
37.8039,gpu,70,0,0
38.0102,disk0,1109110936436736,2494597950,14707640225202127
38.0102,disk0w,2455492202496,20951300,1406342862174
38.0102,disk4,62325948475392,125437066,868283488207398
38.0102,disk4w,92291072,14003,1225021470
38.0102,disk8,69714718017536,70115143,638958277516261
38.0102,disk8w,592850944,74049,18941394999
38.0102,disk6,103839067478016,168796042,1516978769880713
38.0102,disk6w,42423025664,129812,47251876248
38.0102,ram,74055680,66882273280,320673
38.0102,cpu,16835789,25355035,582286330
38.0102,gpu,100,0,0
38.2046,disk0,1109112711401472,2494601484,14707659603214711
38.2046,disk0w,2455492214784,20951302,1406342902590
38.2046,disk4,62326459967488,125438057,868287641930409
38.2046,disk4w,92291072,14003,1225021470
38.2046,disk8,69715610437632,70116041,638964495512802
38.2046,disk8w,592850944,74049,18941394999
38.2046,disk6,103839829342208,168797445,1516986499919583
38.2046,disk6w,42423025664,129812,47251876248
38.2046,ram,74055680,66882273280,320673
38.2046,cpu,16835789,25355035,582286330
38.2046,gpu,87,0,0
38.4102,disk0,1109115007492096,2494606193,14707686218505521
38.4102,disk0w,2455492214784,20951302,1406342902590
38.4102,disk4,62327089113088,125439280,868296746557998
38.4102,disk4w,92291072,14003,1225021470
38.4102,disk8,69716762167296,70117199,638973429109826
38.4102,disk8w,592850944,74049,18941394999
38.4102,disk6,103840866048000,168799225,1517001230746691
38.4102,disk6w,42423025664,129812,47251876248
38.4102,ram,73138176,66596126720,320673
38.4102,cpu,16835789,25355035,582286330
38.4102,gpu,23,0,0
38.6102,disk0,1109117205938176,2494610549,14707719238744748
38.6102,disk0w,2455492354048,20951304,1406342966298
38.6102,disk4,62327863044096,125440810,868313774157261
38.6102,disk4w,92291072,14003,1225021470
38.6102,disk8,69717864826880,70118286,638989336495521
38.6102,disk8w,592850944,74049,18941394999
38.6102,disk6,103841902909440,168800879,1517021830488375
38.6102,disk6w,42423025664,129812,47251876248
38.6102,ram,72941568,66615623680,320673
38.6102,cpu,16835789,25355035,582286330
38.6102,gpu,73,0,0
38.8102,disk0,1109119550021632,2494614701,14707758081910451
38.8102,disk0w,2455492354048,20951304,1406342966298
38.8102,disk4,62328643258368,125442351,868331684380095
38.8102,disk4w,92291072,14003,1225021470
38.8102,disk8,69719045507072,70119454,639006932027045
38.8102,disk8w,592850944,74049,18941394999
38.8102,disk6,103843058882560,168803195,1517050626570134
38.8102,disk6w,42423025664,129812,47251876248
38.8102,ram,72941568,66615623680,320673
38.8102,cpu,16835806,25355178,582288023
38.8102,gpu,0,0,0
39.0102,disk0,1109121786724352,2494619344,14707794032300439
39.0102,disk0w,2455492354048,20951304,1406342966298
39.0102,disk4,62329356904448,125443753,868348596827306
39.0102,disk4w,92291072,14003,1225021470
39.0102,disk8,69720173414400,70120568,639024558788668
39.0102,disk8w,592850944,74049,18941394999
39.0102,disk6,103844033353728,168805032,1517074228159905
39.0102,disk6w,42423025664,129812,47251876248
39.0102,ram,72941568,66615623680,320673
39.0102,cpu,16835806,25355178,582288023
39.0102,gpu,64,0,0
39.2037,disk0,1109123823947776,2494624040,14707825174952075
39.2037,disk0w,2455492354048,20951304,1406342966298
39.2037,disk4,62330016557056,125445053,868360293839084
39.2037,disk4w,92291072,14003,1225021470
39.2037,disk8,69721204787200,70121599,639039316175574
39.2037,disk8w,592850944,74049,18941394999
39.2037,disk6,103844836382720,168806319,1517088127182214
39.2037,disk6w,42423025664,129812,47251876248
39.2037,ram,72941568,66615623680,320673
39.2037,cpu,16835806,25355178,582288023
39.2037,gpu,0,0,0
39.4102,disk0,1109125965725696,2494630028,14707856043998282
39.4102,disk0w,2455492354048,20951304,1406342966298
39.4102,disk4,62330668820480,125446338,868369692989214
39.4102,disk4w,92291072,14003,1225021470
39.4102,disk8,69722298320896,70122690,639049219206799
39.4102,disk8w,592850944,74049,18941394999
39.4102,disk6,103845849503744,168807894,1517104832290262
39.4102,disk6w,42423025664,129812,47251876248
39.4102,ram,69271552,65849835520,320682
39.4102,cpu,16835806,25355178,582288023
39.4102,gpu,57,0,0
39.6102,disk0,1109127887167488,2494648397,14707890631440112
39.6102,disk0w,2455492354048,20951304,1406342966298
39.6102,disk4,62331212818432,125447408,868375714065567
39.6102,disk4w,92291072,14003,1225021470
39.6102,disk8,69723302725632,70123688,639058077125050
39.6102,disk8w,592850944,74049,18941394999
39.6102,disk6,103846630332416,168809346,1517116121260548
39.6102,disk6w,42423025664,129812,47251876248
39.6102,ram,68059136,65849950208,320682
39.6102,cpu,16835806,25355178,582288023
39.6102,gpu,0,0,0
39.8063,disk0,1109130050486272,2494652188,14707919511812042
39.8063,disk0w,2455492354048,20951304,1406342966298
39.8063,disk4,62331914790912,125448791,868387353531364
39.8063,disk4w,92291072,14003,1225021470
39.8063,disk8,69724396292096,70124785,639067972844629
39.8063,disk8w,592850944,74049,18941394999
39.8063,disk6,103847630170112,168811083,1517134375130348
39.8063,disk6w,42423025664,129812,47251876248
39.8063,ram,68059136,65849950208,320682
39.8063,cpu,16835822,25355336,582289668
39.8063,gpu,76,1,0
40.0031,disk0,1109132168757248,2494655460,14707945195757243
40.0031,disk0w,2455492354048,20951304,1406342966298
40.0031,disk4,62332498061312,125449938,868396651824866
40.0031,disk4w,92291072,14003,1225021470
40.0031,disk8,69725498263552,70125888,639077302487093
40.0031,disk8w,592850944,74049,18941394999
40.0031,disk6,103848447174656,168812710,1517147402480699
40.0031,disk6w,42423025664,129812,47251876248
40.0031,ram,68059136,65849950208,320682
40.0031,cpu,16835822,25355337,582289696
40.0031,gpu,68,2,0
40.2102,disk0,1109133888503808,2494658389,14707971173725481
40.2102,disk0w,2455492390912,20951306,1406343024214
40.2102,disk4,62333064177664,125451069,868408780001386
40.2102,disk4w,92291072,14003,1225021470
40.2102,disk8,69726360504320,70126742,639088774814571
40.2102,disk8w,592850944,74049,18941394999
40.2102,disk6,103849174689792,168813927,1517162068651071
40.2102,disk6w,42423025664,129812,47251876248
40.2102,ram,68059136,65849950208,320682
40.2102,cpu,16835822,25355337,582289696
40.2102,gpu,86,1,0
40.4102,disk0,1109135113551872,2494660216,14707990113008552
40.4102,disk0w,2455492390912,20951306,1406343024214
40.4102,disk4,62333528442880,125452020,868421158904362
40.4102,disk4w,92291072,14003,1225021470
40.4102,disk8,69726969595904,70127338,639099475681527
40.4102,disk8w,592850944,74049,18941394999
40.4102,disk6,103849793366016,168814727,1517173383896319
40.4102,disk6w,42423025664,129812,47251876248
40.4102,ram,68059136,65849950208,320682
40.4102,cpu,16835822,25355337,582289696
40.4102,gpu,81,3,0
40.6102,disk0,1109137654939648,2494664814,14708027980916685
40.6102,disk0w,2455492390912,20951306,1406343024214
40.6102,disk4,62334451476480,125453916,868440360344580
40.6102,disk4w,92291072,14003,1225021470
40.6102,disk8,69728235718656,70128587,639117118090798
40.6102,disk8w,592850944,74049,18941394999
40.6102,disk6,103850961741824,168816511,1517196019201936
40.6102,disk6w,42423025664,129812,47251876248
40.6102,ram,70778880,68751212544,320685
40.6102,cpu,16835822,25355337,582289696
40.6102,gpu,58,1,0
40.8097,disk0,1109139877560320,2494683053,14708069727213408
40.8097,disk0w,2455492390912,20951306,1406343024214
40.8097,disk4,62335143618560,125455337,868457906970478
40.8097,disk4w,92291072,14003,1225021470
40.8097,disk8,69729345226752,70129691,639133371459611
40.8097,disk8w,592850944,74049,18941394999
40.8097,disk6,103852030420992,168818258,1517219847744434
40.8097,disk6w,42423025664,129812,47251876248
40.8097,ram,70778880,68751212544,320685
40.8097,cpu,16835847,25355487,582291282
40.8097,gpu,29,3,0
41.0102,disk0,1109142309576704,2494687105,14708107741000629
41.0102,disk0w,2455492390912,20951306,1406343024214
41.0102,disk4,62335800682496,125456678,868469610324250
41.0102,disk4w,92291072,14003,1225021470
41.0102,disk8,69730590328832,70130922,639152537321741
41.0102,disk8w,592850944,74049,18941394999
41.0102,disk6,103852922251264,168819338,1517231981608164
41.0102,disk6w,42423025664,129812,47251876248
41.0102,ram,70778880,68751212544,320685
41.0102,cpu,16835847,25355494,582291367
41.0102,gpu,57,1,0
41.2070,disk0,1109144790683648,2494691431,14708145746367410
41.2070,disk0w,2455492390912,20951306,1406343024214
41.2070,disk4,62336512321536,125458146,868486622187008
41.2070,disk4w,92291072,14003,1225021470
41.2070,disk8,69731870328832,70132189,639173513779621
41.2070,disk8w,592850944,74049,18941394999
41.2070,disk6,103854035363840,168820584,1517250273823465
41.2070,disk6w,42423025664,129812,47251876248
41.2070,ram,70778880,68751212544,320685
41.2070,cpu,16835847,25355494,582291367
41.2070,gpu,23,1,0
41.4102,disk0,1109147042553856,2494694490,14708174883557945
41.4102,disk0w,2455492407296,20951308,1406343052130
41.4102,disk4,62337135257600,125459424,868497781398251
41.4102,disk4w,92291072,14003,1225021470
41.4102,disk8,69732999170048,70133307,639187222271189
41.4102,disk8w,592850944,74049,18941394999
41.4102,disk6,103855149574144,168821888,1517266846598335
41.4102,disk6w,42423025664,129812,47251876248
41.4102,ram,70778880,68751212544,320685
41.4102,cpu,16835847,25355494,582291367
41.4102,gpu,77,3,0
41.6102,disk0,1109149154942976,2494698255,14708204727216313
41.6102,disk0w,2455492407296,20951308,1406343052130
41.6102,disk4,62337652893696,125460486,868506694033274
41.6102,disk4w,92291072,14003,1225021470
41.6102,disk8,69734054971392,70134355,639199878522337
41.6102,disk8w,592850944,74049,18941394999
41.6102,disk6,103855965546496,168822857,1517276995048936
41.6102,disk6w,42423025664,129812,47251876248
41.6102,ram,74432512,66766536704,320685
41.6102,cpu,16835847,25355494,582291367
41.6102,gpu,68,1,0
41.8038,disk0,1109151313289216,2494701338,14708236865292260
41.8038,disk0w,2455492407296,20951308,1406343052130
41.8038,disk4,62338328487936,125461873,868519453253681
41.8038,disk4w,92291072,14003,1225021470
41.8038,disk8,69735142868992,70135429,639217391051915
41.8038,disk8w,592850944,74049,18941394999
41.8038,disk6,103857027131392,168824409,1517298794288047
41.8038,disk6w,42423025664,129812,47251876248
41.8038,ram,74432512,66766536704,320685
41.8038,cpu,16835847,25355494,582291367
41.8038,gpu,56,0,0
42.0063,disk0,1109153515462656,2494704940,14708271211908313
42.0063,disk0w,2455492407296,20951308,1406343052130
42.0063,disk4,62338925094912,125463097,868534926579116
42.0063,disk4w,92291072,14003,1225021470
42.0063,disk8,69736257112064,70136535,639234120241347
42.0063,disk8w,592850944,74049,18941394999
42.0063,disk6,103858027341824,168825960,1517319941048242
42.0063,disk6w,42423025664,129812,47251876248
42.0063,ram,74432512,66766536704,320685
42.0063,cpu,16835878,25355660,582292882
42.0063,gpu,22,1,0
42.2097,disk0,1109155743948800,2494709418,14708307494631454
42.2097,disk0w,2455492407296,20951308,1406343052130
42.2097,disk4,62339591890944,125464467,868549570749246
42.2097,disk4w,92291072,14003,1225021470
42.2097,disk8,69737362606080,70137626,639251760804379
42.2097,disk8w,592850944,74049,18941394999
42.2097,disk6,103858852063232,168827136,1517336388402359
42.2097,disk6w,42423025664,129812,47251876248
42.2097,ram,74432512,66766536704,320685
42.2097,cpu,16835878,25355660,582292882
42.2097,gpu,70,0,0
42.4044,disk0,1109157859254272,2494713240,14708340087811289
42.4044,disk0w,2455492407296,20951308,1406343052130
42.4044,disk4,62340219561984,125465754,868564510655445
42.4044,disk4w,92291072,14003,1225021470
42.4044,disk8,69738449111040,70138706,639266957463188
42.4044,disk8w,592850944,74049,18941394999
42.4044,disk6,103859857467392,168828701,1517356640190884
42.4044,disk6w,42423025664,129812,47251876248
42.4044,ram,74432512,66766536704,320685
42.4044,cpu,16835878,25355660,582292882
42.4044,gpu,97,0,0
42.6102,disk0,1109160087756800,2494716918,14708373312843715
42.6102,disk0w,2455492407296,20951308,1406343052130
42.6102,disk4,62341013620736,125467379,868580784350553
42.6102,disk4w,92291072,14003,1225021470
42.6102,disk8,69739601266688,70139851,639281919183147
42.6102,disk8w,592850944,74049,18941394999
42.6102,disk6,103861014341632,168830492,1517382327511736
42.6102,disk6w,42423025664,129812,47251876248
42.6102,ram,70909952,66618310656,320685
42.6102,cpu,16835878,25355660,582292882
42.6102,gpu,24,0,0
42.8102,disk0,1109162451595264,2494721781,14708408475353970
42.8102,disk0w,2455492407296,20951308,1406343052130
42.8102,disk4,62341697595392,125468785,868593409880042
42.8102,disk4w,92291072,14003,1225021470
42.8102,disk8,69740790941696,70141036,639295745571004
42.8102,disk8w,592850944,74049,18941394999
42.8102,disk6,103862037964800,168832133,1517402336267851
42.8102,disk6w,42423025664,129812,47251876248
42.8102,ram,75808768,66617950208,320685
42.8102,cpu,16835878,25355660,582292882
42.8102,gpu,0,0,0
43.0102,disk0,1109164719337472,2494725912,14708436095129078
43.0102,disk0w,2455492407296,20951308,1406343052130
43.0102,disk4,62342259140608,125469908,868599872177386
43.0102,disk4w,92291072,14003,1225021470
43.0102,disk8,69741933676544,70142180,639305597908343
43.0102,disk8w,592850944,74049,18941394999
43.0102,disk6,103863063373824,168833754,1517419292918847
43.0102,disk6w,42423025664,129812,47251876248
43.0102,ram,75808768,66617950208,320685
43.0102,cpu,16835895,25355815,582294706
43.0102,gpu,60,0,0
43.2102,disk0,1109167222755328,2494730915,14708472581884304
43.2102,disk0w,2455492407296,20951308,1406343052130
43.2102,disk4,62342935537664,125471218,868608315372958
43.2102,disk4w,92291072,14003,1225021470
43.2102,disk8,69743202437120,70143434,639319841876798
43.2102,disk8w,592850944,74049,18941394999
43.2102,disk6,103864140998656,168835495,1517439126808332
43.2102,disk6w,42423025664,129812,47251876248
43.2102,ram,75808768,66617950208,320685
43.2102,cpu,16835895,25355815,582294706
43.2102,gpu,41,0,0
43.4102,disk0,1109169650143232,2494735421,14708501296030654
43.4102,disk0w,2455492407296,20951308,1406343052130
43.4102,disk4,62343719282688,125472737,868617202238327
43.4102,disk4w,92291072,14003,1225021470
43.4102,disk8,69744467003392,70144702,639329670339166
43.4102,disk8w,592850944,74049,18941394999
43.4102,disk6,103865256818688,168837590,1517456315471292
43.4102,disk6w,42423025664,129812,47251876248
43.4102,ram,75808768,66617950208,320685
43.4102,cpu,16835895,25355815,582294706
43.4102,gpu,71,0,0
43.6024,disk0,1109171878940672,2494740243,14708533697788237
43.6024,disk0w,2455492407296,20951308,1406343052130
43.6024,disk4,62344364845056,125474001,868629396619276
43.6024,disk4w,92291072,14003,1225021470
43.6024,disk8,69745581918208,70145809,639341995711502
43.6024,disk8w,592850944,74049,18941394999
43.6024,disk6,103866171410432,168839122,1517469812588177
43.6024,disk6w,42423025664,129812,47251876248
43.6024,ram,78364672,66897461248,320685
43.6024,cpu,16835895,25355815,582294706
43.6024,gpu,0,0,0
43.8098,disk0,1109174263975936,2494744652,14708567465041061
43.8098,disk0w,2455492407296,20951308,1406343052130
43.8098,disk4,62345148065792,125475554,868646532571061
43.8098,disk4w,92291072,14003,1225021470
43.8098,disk8,69746790926336,70147012,639356758729312
43.8098,disk8w,592850944,74049,18941394999
43.8098,disk6,103867286751232,168840906,1517488743966980
43.8098,disk6w,42423025664,129812,47251876248
43.8098,ram,78364672,66897461248,320685
43.8098,cpu,16835895,25355815,582294706
43.8098,gpu,64,0,0
44.0051,disk0,1109176419868672,2494748598,14708598843440440
44.0051,disk0w,2455492407296,20951308,1406343052130
44.0051,disk4,62345818777600,125476870,868660937212834
44.0051,disk4w,92291072,14003,1225021470
44.0051,disk8,69747871746048,70148088,639370173201785
44.0051,disk8w,592850944,74049,18941394999
44.0051,disk6,103868310919168,168843113,1517512308373080
44.0051,disk6w,42423025664,129812,47251876248
44.0051,ram,78364672,66897461248,320685
44.0051,cpu,16835906,25355959,582296263
44.0051,gpu,97,0,0
44.2102,disk0,1109178766041088,2494753667,14708639056161007
44.2102,disk0w,2455492407296,20951308,1406343052130
44.2102,disk4,62346575800320,125478354,868677931847453
44.2102,disk4w,92291072,14003,1225021470
44.2102,disk8,69749101447168,70149304,639391799931010
44.2102,disk8w,592850944,74049,18941394999
44.2102,disk6,103869222643712,168844537,1517531607669421
44.2102,disk6w,42423025664,129812,47251876248
44.2102,ram,78364672,66897461248,320685
44.2102,cpu,16835906,25355959,582296263
44.2102,gpu,45,0,0
44.4102,disk0,1109181049143296,2494758299,14708674102786967
44.4102,disk0w,2455492407296,20951308,1406343052130
44.4102,disk4,62347321567232,125479828,868693074950316
44.4102,disk4w,92291072,14003,1225021470
44.4102,disk8,69750281275392,70150479,639405639000400
44.4102,disk8w,592850944,74049,18941394999
44.4102,disk6,103870316726272,168846223,1517552105578869
44.4102,disk6w,42423025664,129812,47251876248
44.4102,ram,78364672,66897461248,320685
44.4102,cpu,16835906,25355959,582296263
44.4102,gpu,0,0,0
44.6075,disk0,1109183223422976,2494770412,14708710136163382
44.6075,disk0w,2455494078464,20951317,1406343666169
44.6075,disk4,62348084881408,125481325,868703961435115
44.6075,disk4w,92291072,14003,1225021470
44.6075,disk8,69751426353152,70151625,639415627037691
44.6075,disk8w,592850944,74049,18941394999
44.6075,disk6,103871144101888,168847708,1517565224654506
44.6075,disk6w,42423025664,129812,47251876248
44.6075,ram,69353472,66303049728,320688
44.6075,cpu,16835906,25355959,582296263
44.6075,gpu,34,0,0
44.8058,disk0,1109184905404416,2494777535,14708734711759048
44.8058,disk0w,2455496839168,20951708,1406361848082
44.8058,disk4,62348655192064,125482450,868714829995486
44.8058,disk4w,92291072,14003,1225021470
44.8058,disk8,69752292493312,70152480,639425344122451
44.8058,disk8w,592850944,74049,18941394999
44.8058,disk6,103871898585088,168849005,1517578608589201
44.8058,disk6w,42423025664,129812,47251876248
44.8058,ram,68075520,66356248576,320688
44.8058,cpu,16835906,25355959,582296263
44.8058,gpu,16,2,0
45.0102,disk0,1109187315757056,2494781439,14708764609683784
45.0102,disk0w,2455496859648,20951710,1406361880748
45.0102,disk4,62349438625792,125483991,868729230033863
45.0102,disk4w,92291072,14003,1225021470
45.0102,disk8,69753506859008,70153685,639437005973229
45.0102,disk8w,592850944,74049,18941394999
45.0102,disk6,103873083377664,168851114,1517600192175466
45.0102,disk6w,42423025664,129812,47251876248
45.0102,ram,68075520,66356248576,320688
45.0102,cpu,16835928,25356143,582298028
45.0102,gpu,52,1,0
45.2102,disk0,1109189580775424,2494784907,14708792934190219
45.2102,disk0w,2455496859648,20951710,1406361880748
45.2102,disk4,62350120396800,125485346,868739443714891
45.2102,disk4w,92291072,14003,1225021470
45.2102,disk8,69754662324224,70154840,639447524889919
45.2102,disk8w,592850944,74049,18941394999
45.2102,disk6,103873785448448,168852460,1517611384755671
45.2102,disk6w,42423025664,129812,47251876248
45.2102,ram,68075520,66356248576,320688
45.2102,cpu,16835928,25356144,582298048
45.2102,gpu,77,0,0
45.4102,disk0,1109190155075584,2494786000,14708800921977183
45.4102,disk0w,2455496859648,20951710,1406361880748
45.4102,disk4,62350287104000,125485676,868743308237154
45.4102,disk4w,92291072,14003,1225021470
45.4102,disk8,69754944489472,70155118,639450730980621
45.4102,disk8w,592850944,74049,18941394999
45.4102,disk6,103874022082560,168852811,1517614988189930
45.4102,disk6w,42423025664,129812,47251876248
45.4102,ram,68075520,66356248576,320688
45.4102,cpu,16835928,25356144,582298048
45.4102,gpu,98,0,0
45.6009,disk0,1109192391716864,2494789943,14708833286580014
45.6009,disk0w,2455496859648,20951710,1406361880748
45.6009,disk4,62351064639488,125487267,868760253501081
45.6009,disk4w,92291072,14003,1225021470
45.6009,disk8,69756069496832,70156226,639467570570572
45.6009,disk8w,592850944,74049,18941394999
45.6009,disk6,103875020130304,168854211,1517633080381209
45.6009,disk6w,42423025664,129812,47251876248
45.6009,ram,68075520,66356248576,320688
45.6009,cpu,16835928,25356144,582298048
45.6009,gpu,26,1,0
45.8034,disk0,1109194919235584,2494796819,14708876708006246
45.8034,disk0w,2455496859648,20951710,1406361880748
45.8034,disk4,62352015517696,125489223,868788986632808
45.8034,disk4w,92291072,14003,1225021470
45.8034,disk8,69757384493056,70157538,639486784785270
45.8034,disk8w,592850944,74049,18941394999
45.8034,disk6,103876329637888,168856219,1517660406217567
45.8034,disk6w,42423025664,129812,47251876248
45.8034,ram,66945024,69177360384,320690
45.8034,cpu,16835928,25356144,582298048
45.8034,gpu,24,2,0
46.0052,disk0,1109197351170048,2494807111,14708914347454834
46.0052,disk0w,2455496859648,20951710,1406361880748
46.0052,disk4,62352740198400,125490706,868803257862231
46.0052,disk4w,92291072,14003,1225021470
46.0052,disk8,69758611359744,70158751,639501965972798
46.0052,disk8w,592850944,74049,18941394999
46.0052,disk6,103877509613568,168858046,1517682836684985
46.0052,disk6w,42423025664,129812,47251876248
46.0052,ram,66945024,69177360384,320690
46.0052,cpu,16835953,25356283,582299596
46.0052,gpu,0,0,0
46.2102,disk0,1109199807381504,2494811442,14708952610261876
46.2102,disk0w,2455496859648,20951710,1406361880748
46.2102,disk4,62353531824128,125492326,868822442523283
46.2102,disk4w,92291072,14003,1225021470
46.2102,disk8,69759892932608,70160019,639522989790472
46.2102,disk8w,592850944,74049,18941394999
46.2102,disk6,103878412568576,168859090,1517696981141458
46.2102,disk6w,42423025664,129812,47251876248
46.2102,ram,66945024,69177360384,320690
46.2102,cpu,16835953,25356283,582299596
46.2102,gpu,45,1,0
46.4092,disk0,1109202134708224,2494814740,14708986655154307
46.4092,disk0w,2455496859648,20951710,1406361880748
46.4092,disk4,62354261600256,125493827,868839385521793
46.4092,disk4w,92291072,14003,1225021470
46.4092,disk8,69761053968384,70161174,639540117311942
46.4092,disk8w,592850944,74049,18941394999
46.4092,disk6,103879533479936,168860348,1517715044238037
46.4092,disk6w,42423025664,129812,47251876248
46.4092,ram,66945024,69177360384,320690
46.4092,cpu,16835953,25356283,582299596
46.4092,gpu,81,0,0
46.6102,disk0,1109204208959488,2494818036,14709016411881901
46.6102,disk0w,2455496859648,20951710,1406361880748
46.6102,disk4,62354840676352,125495016,868850680827909
46.6102,disk4w,92291072,14003,1225021470
46.6102,disk8,69762108852224,70162215,639555396126140
46.6102,disk8w,592850944,74049,18941394999
46.6102,disk6,103880549697536,168861653,1517732650446326
46.6102,disk6w,42423025664,129812,47251876248
46.6102,ram,66945024,69177360384,320690
46.6102,cpu,16835953,25356283,582299596
46.6102,gpu,79,0,0
46.8102,disk0,1109206308401152,2494821376,14709045274222222
46.8102,disk0w,2455497117696,20951725,1406362111450
46.8102,disk4,62355446065152,125496258,868863391437734
46.8102,disk4w,92291072,14003,1225021470
46.8102,disk8,69763165276160,70163266,639568616460179
46.8102,disk8w,592850944,74049,18941394999
46.8102,disk6,103881356904448,168862604,1517745459149176
46.8102,disk6w,42423025664,129812,47251876248
46.8102,ram,67977216,66234630144,320690
46.8102,cpu,16835953,25356283,582299596
46.8102,gpu,54,0,0
47.0102,disk0,1109208449155072,2494824570,14709077207830549
47.0102,disk0w,2455497117696,20951725,1406362111450
47.0102,disk4,62356069017600,125497535,868875367578839
47.0102,disk4w,92291072,14003,1225021470
47.0102,disk8,69764253173760,70164345,639585848952302
47.0102,disk8w,592850944,74049,18941394999
47.0102,disk6,103882418538496,168864190,1517768968325597
47.0102,disk6w,42423025664,129812,47251876248
47.0102,ram,67977216,66234630144,320690
47.0102,cpu,16835995,25356455,582301216
47.0102,gpu,54,1,0
47.2019,disk0,1109210528448512,2494828288,14709109418370912
47.2019,disk0w,2455497117696,20951725,1406362111450
47.2019,disk4,62356656859136,125498741,868887516543462
47.2019,disk4w,92291072,14003,1225021470
47.2019,disk8,69765323606016,70165409,639601154513026
47.2019,disk8w,592850944,74049,18941394999
47.2019,disk6,103883225712640,168865672,1517786498897129
47.2019,disk6w,42423025664,129812,47251876248
47.2019,ram,67977216,66234630144,320690
47.2019,cpu,16835995,25356455,582301238
47.2019,gpu,59,0,0
47.4102,disk0,1109212739469312,2494832489,14709144766639334
47.4102,disk0w,2455497117696,20951725,1406362111450
47.4102,disk4,62357341218816,125500146,868906578226655
47.4102,disk4w,92291072,14003,1225021470
47.4102,disk8,69766446581760,70166521,639618699023404
47.4102,disk8w,592850944,74049,18941394999
47.4102,disk6,103884261050368,168867007,1517805915913981
47.4102,disk6w,42423025664,129812,47251876248
47.4102,ram,67977216,66234630144,320690
47.4102,cpu,16835995,25356455,582301238
47.4102,gpu,71,0,0
47.6034,disk0,1109214871515136,2494836239,14709177511989287
47.6034,disk0w,2455497134080,20951729,1406362214199
47.6034,disk4,62358025545728,125501551,868923419369515
47.6034,disk4w,92291072,14003,1225021470
47.6034,disk8,69767525779456,70167594,639633991478613
47.6034,disk8w,592850944,74049,18941394999
47.6034,disk6,103885261195264,168868619,1517827418894149
47.6034,disk6w,42423025664,129812,47251876248
47.6034,ram,67977216,66234630144,320690
47.6034,cpu,16835995,25356455,582301238
47.6034,gpu,97,0,0
47.8063,disk0,1109217310535680,2494840907,14709212447449001
47.8063,disk0w,2455497134080,20951729,1406362214199
47.8063,disk4,62358692358144,125502919,868937637987142
47.8063,disk4w,92291072,14003,1225021470
47.8063,disk8,69768745306112,70168806,639648274731344
47.8063,disk8w,592850944,74049,18941394999
47.8063,disk6,103886358956032,168870302,1517848618262810
47.8063,disk6w,42423025664,129812,47251876248
47.8063,ram,71778304,66196094976,320690
47.8063,cpu,16835995,25356455,582301238
47.8063,gpu,64,0,0
48.0035,disk0,1109219539009536,2494845352,14709242839450341
48.0035,disk0w,2455497134080,20951729,1406362214199
48.0035,disk4,62359245105152,125504053,868944413007393
48.0035,disk4w,92291072,14003,1225021470
48.0035,disk8,69769833269248,70169889,639659920448807
48.0035,disk8w,592850944,74049,18941394999
48.0035,disk6,103887366866944,168871850,1517865809856157
48.0035,disk6w,42423025664,129812,47251876248
48.0035,ram,71778304,66196094976,320690
48.0035,cpu,16835995,25356455,582301238
48.0035,gpu,66,0,0
48.2091,disk0,1109221662203904,2494849399,14709271190537438
48.2091,disk0w,2455497134080,20951729,1406362214199
48.2091,disk4,62359850493952,125505246,868955181572247
48.2091,disk4w,92291072,14003,1225021470
48.2091,disk8,69770894870528,70170949,639670712869789
48.2091,disk8w,592850944,74049,18941394999
48.2091,disk6,103888384641024,168873384,1517881883359216
48.2091,disk6w,42423025664,129812,47251876248
48.2091,ram,71778304,66196094976,320690
48.2091,cpu,16836010,25356605,582302925
48.2091,gpu,72,0,0
48.4104,disk0,1109223646142464,2494853405,14709298898964669
48.4104,disk0w,2455497134080,20951729,1406362214199
48.4104,disk4,62360368195584,125506249,868959414025038
48.4104,disk4w,92291072,14003,1225021470
48.4104,disk8,69771912562688,70171967,639679304364422
48.4104,disk8w,592850944,74049,18941394999
48.4104,disk6,103889235625984,168874939,1517896141705822
48.4104,disk6w,42423025664,129812,47251876248
48.4104,ram,71778304,66196094976,320690
48.4104,cpu,16836010,25356605,582302925
48.4104,gpu,74,0,0
48.6102,disk0,1109225954992128,2494857900,14709319545625296
48.6102,disk0w,2455497134080,20951729,1406362214199
48.6102,disk4,62360859551744,125507201,868963276153115
48.6102,disk4w,92291072,14003,1225021470
48.6102,disk8,69773045467136,70173119,639684560559096
48.6102,disk8w,592850944,74049,18941394999
48.6102,disk6,103890218272768,168876644,1517904701474940
48.6102,disk6w,42423025664,129812,47251876248
48.6102,ram,71778304,66196094976,320690
48.6102,cpu,16836010,25356605,582302925
48.6102,gpu,76,0,0
48.8065,disk0,1109228260159488,2494862861,14709351827590254
48.8065,disk0w,2455497134080,20951729,1406362214199
48.8065,disk4,62361543927808,125508548,868974799876341
48.8065,disk4w,92291072,14003,1225021470
48.8065,disk8,69774229866496,70174300,639696619206289
48.8065,disk8w,592850944,74049,18941394999
48.8065,disk6,103891192186880,168878299,1517920308595642
48.8065,disk6w,42423025664,129812,47251876248
48.8065,ram,62685184,66637545472,320690
48.8065,cpu,16836010,25356605,582302925
48.8065,gpu,29,0,0
49.0102,disk0,1109230613934080,2494867290,14709386726369103
49.0102,disk0w,2455497170944,20951731,1406362301031
49.0102,disk4,62362316023808,125510068,868990567118605
49.0102,disk4w,92291072,14003,1225021470
49.0102,disk8,69775416330240,70175481,639710259188433
49.0102,disk8w,592850944,74049,18941394999
49.0102,disk6,103892296013824,168880160,1517944190457997
49.0102,disk6w,42423025664,129812,47251876248
49.0102,ram,62685184,66637545472,320690
49.0102,cpu,16836010,25356605,582302925
49.0102,gpu,66,2,0
49.2102,disk0,1109232775811072,2494871834,14709419468528547
49.2102,disk0w,2455497170944,20951731,1406362301031
49.2102,disk4,62363053058048,125511518,869005691198035
49.2102,disk4w,92291072,14003,1225021470
49.2102,disk8,69776474753024,70176533,639725349805744
49.2102,disk8w,592850944,74049,18941394999
49.2102,disk6,103893218859008,168881982,1517965371207633
49.2102,disk6w,42423025664,129812,47251876248
49.2102,ram,62685184,66637545472,320690
49.2102,cpu,16836029,25356750,582304615
49.2102,gpu,16,0,0
49.4015,disk0,1109234750214144,2494876152,14709450846157413
49.4015,disk0w,2455497170944,20951731,1406362301031
49.4015,disk4,62363684775936,125512762,869016983400236
49.4015,disk4w,92291072,14003,1225021470
49.4015,disk8,69777483696128,70177533,639739718988067
49.4015,disk8w,592850944,74049,18941394999
49.4015,disk6,103894096254976,168883331,1517982386355881
49.4015,disk6w,42423025664,129812,47251876248
49.4015,ram,62685184,66637545472,320690
49.4015,cpu,16836029,25356750,582304615
49.4015,gpu,58,0,0
49.6103,disk0,1109236789542912,2494880852,14709479000638302
49.6103,disk0w,2455497170944,20951731,1406362301031
49.6103,disk4,62364316493824,125514005,869025981510279
49.6103,disk4w,92291072,14003,1225021470
49.6103,disk8,69778518935552,70178564,639748948855179
49.6103,disk8w,592850944,74049,18941394999
49.6103,disk6,103895070087168,168884906,1517997370571186
49.6103,disk6w,42423025664,129812,47251876248
49.6103,ram,62685184,66637545472,320690
49.6103,cpu,16836029,25356750,582304615
49.6103,gpu,68,0,0
49.8103,disk0,1109238893486080,2494898778,14709519340027689
49.8103,disk0w,2455501361152,20952049,1406369984626
49.8103,disk4,62365009635328,125515362,869036174082742
49.8103,disk4w,92291072,14003,1225021470
49.8103,disk8,69779606898688,70179643,639759889191652
49.8103,disk8w,592850944,74049,18941394999
49.8103,disk6,103895807043584,168886214,1518007413714833
49.8103,disk6w,42423025664,129812,47251876248
49.8103,ram,67796992,65685913600,320693
49.8103,cpu,16836029,25356750,582304615
49.8103,gpu,73,0,0
50.0096,disk0,1109241089675264,2494905737,14709549517580197
50.0096,disk0w,2455502123008,20952089,1406370682445
50.0096,disk4,62365676447744,125516673,869044903548311
50.0096,disk4w,92291072,14003,1225021470
50.0096,disk8,69780694845440,70180724,639770540445844
50.0096,disk8w,592850944,74049,18941394999
50.0096,disk6,103896745818112,168887895,1518023531380184
50.0096,disk6w,42423025664,129812,47251876248
50.0096,ram,66846720,65685913600,320693
50.0096,cpu,16836029,25356750,582304615
50.0096,gpu,29,2,0
50.2043,disk0,1109243090087936,2494908956,14709573572124673
50.2043,disk0w,2455502123008,20952089,1406370682445
50.2043,disk4,62366281836544,125517866,869054059293494
50.2043,disk4w,92291072,14003,1225021470
50.2043,disk8,69781730101248,70181758,639779259891585
50.2043,disk8w,592850944,74049,18941394999
50.2043,disk6,103897650599936,168889648,1518039125661614
50.2043,disk6w,42423025664,129812,47251876248
50.2043,ram,66846720,65685913600,320693
50.2043,cpu,16836060,25356911,582306270
50.2043,gpu,80,1,0
50.4074,disk0,1109245248286720,2494912373,14709603150134214
50.4074,disk0w,2455502127104,20952090,1406372055736
50.4074,disk4,62366808303616,125518911,869061684815391
50.4074,disk4w,92291072,14003,1225021470
50.4074,disk8,69782800549888,70182814,639792396344618
50.4074,disk8w,592850944,74049,18941394999
50.4074,disk6,103898509338624,168891241,1518054382592704
50.4074,disk6w,42423025664,129812,47251876248
50.4074,ram,66846720,65685913600,320693
50.4074,cpu,16836060,25356911,582306270
50.4074,gpu,57,1,0
50.6103,disk0,1109245416136704,2494912555,14709604167030314
50.6103,disk0w,2455502127104,20952090,1406372055736
50.6103,disk4,62366873331712,125519038,869062426505601
50.6103,disk4w,92291072,14003,1225021470
50.6103,disk8,69782877095936,70182887,639792831904800
50.6103,disk8w,592850944,74049,18941394999
50.6103,disk6,103898597238784,168891352,1518055037573789
50.6103,disk6w,42423025664,129812,47251876248
50.6103,ram,66846720,65685913600,320693
50.6103,cpu,16836060,25356911,582306270
50.6103,gpu,95,0,0
50.8103,disk0,1109248014540800,2494917149,14709642048463015
50.8103,disk0w,2455502127104,20952090,1406372055736
50.8103,disk4,62367773353984,125520884,869082544418195
50.8103,disk4w,92291072,14003,1225021470
50.8103,disk8,69784206395392,70184207,639810639029781
50.8103,disk8w,592850944,74049,18941394999
50.8103,disk6,103899768121344,168892902,1518075661875102
50.8103,disk6w,42423025664,129812,47251876248
50.8103,ram,74612736,71432093696,320696
50.8103,cpu,16836060,25356911,582306270
50.8103,gpu,28,3,0
51.0003,disk0,1109250364076032,2494927068,14709681313670983
51.0003,disk0w,2455502127104,20952090,1406372055736
51.0003,disk4,62368576071680,125522534,869100579930345
51.0003,disk4w,92291072,14003,1225021470
51.0003,disk8,69785383487488,70185386,639823450475454
51.0003,disk8w,592850944,74049,18941394999
51.0003,disk6,103900928714752,168894768,1518097586487397
51.0003,disk6w,42423025664,129812,47251876248
51.0003,ram,71188480,71507853312,320696
51.0003,cpu,16836060,25356911,582306270
51.0003,gpu,24,3,0
51.2103,disk0,1109253063208960,2494931736,14709719665939427
51.2103,disk0w,2455502127104,20952090,1406372055736
51.2103,disk4,62369405364224,125524235,869115679597453
51.2103,disk4w,92291072,14003,1225021470
51.2103,disk8,69786790316032,70186792,639837825051355
51.2103,disk8w,592850944,74049,18941394999
51.2103,disk6,103902043531264,168896257,1518113420328350
51.2103,disk6w,42423025664,129812,47251876248
51.2103,ram,71188480,71507853312,320696
51.2103,cpu,16836092,25357069,582307988
51.2103,gpu,0,0,0
51.4014,disk0,1109255646314496,2494935344,14709750114540557
51.4014,disk0w,2455502127104,20952090,1406372055736
51.4014,disk4,62370162771968,125525789,869125014946449
51.4014,disk4w,92291072,14003,1225021470
51.4014,disk8,69788111669248,70188110,639850417313241
51.4014,disk8w,592850944,74049,18941394999
51.4014,disk6,103903213152256,168897603,1518126040417361
51.4014,disk6w,42423025664,129812,47251876248
51.4014,ram,71188480,71507853312,320696
51.4014,cpu,16836093,25357074,582308072
51.4014,gpu,26,1,0
51.6008,disk0,1109258354204672,2494939854,14709785240274347
51.6008,disk0w,2455502127104,20952090,1406372055736
51.6008,disk4,62371010947072,125527525,869137055861311
51.6008,disk4w,92291072,14003,1225021470
51.6008,disk8,69789513353216,70189513,639863651650520
51.6008,disk8w,592850944,74049,18941394999
51.6008,disk6,103904329525248,168898941,1518140643684824
51.6008,disk6w,42423025664,129812,47251876248
51.6008,ram,71188480,71507853312,320696
51.6008,cpu,16836093,25357074,582308072
51.6008,gpu,0,0,0
51.8103,disk0,1109260578738176,2494943203,14709814546956964
51.8103,disk0w,2455502127104,20952090,1406372055736
51.8103,disk4,62371664979968,125528865,869146813414789
51.8103,disk4w,92291072,14003,1225021470
51.8103,disk8,69790622402560,70190614,639875934161169
51.8103,disk8w,592850944,74049,18941394999
51.8103,disk6,103905422026752,168900596,1518157105013304
51.8103,disk6w,42423025664,129812,47251876248
51.8103,ram,71188480,71507853312,320696
51.8103,cpu,16836093,25357074,582308072
51.8103,gpu,64,0,0
52.0103,disk0,1109263076593664,2494948164,14709851156491247
52.0103,disk0w,2455502127104,20952090,1406372055736
52.0103,disk4,62372388448256,125530352,869158671808245
52.0103,disk4w,92291072,14003,1225021470
52.0103,disk8,69791916230656,70191910,639889008244323
52.0103,disk8w,592850944,74049,18941394999
52.0103,disk6,103906537302016,168902281,1518177940592355
52.0103,disk6w,42423025664,129812,47251876248
52.0103,ram,77135872,65891729408,320696
52.0103,cpu,16836093,25357074,582308072
52.0103,gpu,56,0,0
52.2103,disk0,1109265366552576,2494952076,14709883856982571
52.2103,disk0w,2455502127104,20952090,1406372055736
52.2103,disk4,62373055260672,125531720,869170842378044
52.2103,disk4w,92291072,14003,1225021470
52.2103,disk8,69793091848192,70193076,639901805039359
52.2103,disk8w,592850944,74049,18941394999
52.2103,disk6,103907651561472,168904039,1518193693124950
52.2103,disk6w,42423025664,129812,47251876248
52.2103,ram,77135872,65891729408,320696
52.2103,cpu,16836118,25357241,582309569
52.2103,gpu,81,0,0
52.4103,disk0,1109268083879936,2494957307,14709919307764409
52.4103,disk0w,2455502127104,20952090,1406372055736
52.4103,disk4,62373934229504,125533523,869184293774733
52.4103,disk4w,92291072,14003,1225021470
52.4103,disk8,69794492057600,70194482,639913005502667
52.4103,disk8w,592850944,74049,18941394999
52.4103,disk6,103908799723520,168905747,1518209732303512
52.4103,disk6w,42423025664,129812,47251876248
52.4103,ram,77135872,65891729408,320696
52.4103,cpu,16836118,25357246,582309588
52.4103,gpu,24,0,0
52.6103,disk0,1109270610927616,2494961852,14709946310401856
52.6103,disk0w,2455502127104,20952090,1406372055736
52.6103,disk4,62374538029056,125534737,869189310745408
52.6103,disk4w,92291072,14003,1225021470
52.6103,disk8,69795796174848,70195789,639921439423318
52.6103,disk8w,592850944,74049,18941394999
52.6103,disk6,103909885687808,168907329,1518220243536020
52.6103,disk6w,42423025664,129812,47251876248
52.6103,ram,77135872,65891729408,320696
52.6103,cpu,16836118,25357246,582309588
52.6103,gpu,60,0,0
52.8062,disk0,1109272712175616,2494965928,14709966291715894
52.8062,disk0w,2455502127104,20952090,1406372055736
52.8062,disk4,62375160096768,125535942,869193840765181
52.8062,disk4w,92291072,14003,1225021470
52.8062,disk8,69796870047744,70196870,639927759727451
52.8062,disk8w,592850944,74049,18941394999
52.8062,disk6,103910737917952,168908810,1518228700832643
52.8062,disk6w,42423025664,129812,47251876248
52.8062,ram,77135872,65891729408,320696
52.8062,cpu,16836118,25357246,582309588
52.8062,gpu,79,0,0
53.0104,disk0,1109274770956288,2494969774,14709977737981762
53.0104,disk0w,2455502127104,20952090,1406372055736
53.0104,disk4,62375603955712,125536802,869195301082836
53.0104,disk4w,92291072,14003,1225021470
53.0104,disk8,69797917247488,70197944,639930761293588
53.0104,disk8w,592850944,74049,18941394999
53.0104,disk6,103911505381376,168910180,1518232395779652
53.0104,disk6w,42423025664,129812,47251876248
53.0104,ram,69828608,66644377600,320696
53.0104,cpu,16836118,25357246,582309588
53.0104,gpu,50,0,0
53.2095,disk0,1109277177925632,2494974941,14710006999721207
53.2095,disk0w,2455502127104,20952090,1406372055736
53.2095,disk4,62376336779264,125538245,869202122343325
53.2095,disk4w,92291072,14003,1225021470
53.2095,disk8,69799127959552,70199149,639939901466186
53.2095,disk8w,592850944,74049,18941394999
53.2095,disk6,103912503429120,168911743,1518242803242682
53.2095,disk6w,42423025664,129812,47251876248
53.2095,ram,69828608,66644377600,320696
53.2095,cpu,16836118,25357246,582309588
53.2095,gpu,58,0,0
53.4103,disk0,1109279542636544,2494979717,14710038990373651
53.4103,disk0w,2455502127104,20952090,1406372055736
53.4103,disk4,62377091344384,125539734,869209779230708
53.4103,disk4w,92291072,14003,1225021470
53.4103,disk8,69800319043584,70200330,639950728745086
53.4103,disk8w,592850944,74049,18941394999
53.4103,disk6,103913600124928,168913902,1518260317871383
53.4103,disk6w,42423025664,129812,47251876248
53.4103,ram,69828608,66644377600,320696
53.4103,cpu,16836136,25357384,582311285
53.4103,gpu,56,0,0
53.6056,disk0,1109281832001536,2494984431,14710069214701865
53.6056,disk0w,2455502127104,20952090,1406372055736
53.6056,disk4,62377696749568,125540927,869216070210444
53.6056,disk4w,92291072,14003,1225021470
53.6056,disk8,69801472575488,70201481,639960954005808
53.6056,disk8w,592850944,74049,18941394999
53.6056,disk6,103914549774336,168915502,1518273993712891
53.6056,disk6w,42423025664,129812,47251876248
53.6056,ram,69828608,66644377600,320696
53.6056,cpu,16836136,25357384,582311285
53.6056,gpu,65,0,0
53.8103,disk0,1109284341010432,2495004584,14710106685429912
53.8103,disk0w,2455502127104,20952090,1406372055736
53.8103,disk4,62378451331072,125542407,869221462364818
53.8103,disk4w,92291072,14003,1225021470
53.8103,disk8,69802812803072,70202838,639968159938761
53.8103,disk8w,592850944,74049,18941394999
53.8103,disk6,103915591751680,168917359,1518282815220090
53.8103,disk6w,42423025664,129812,47251876248
53.8103,ram,69828608,66644377600,320696
53.8103,cpu,16836136,25357384,582311285
53.8103,gpu,53,0,0
54.0103,disk0,1109286607450112,2495009229,14710133061432110
54.0103,disk0w,2455502127104,20952090,1406372055736
54.0103,disk4,62379010893824,125543510,869225555168824
54.0103,disk4w,92291072,14003,1225021470
54.0103,disk8,69803979704320,70204002,639977379438954
54.0103,disk8w,592850944,74049,18941394999
54.0103,disk6,103916538329088,168919114,1518295001057543
54.0103,disk6w,42423025664,129812,47251876248
54.0103,ram,90243072,66417180672,320696
54.0103,cpu,16836136,25357384,582311285
54.0103,gpu,36,0,0
54.2103,disk0,1109289159028736,2495013055,14710157712078187
54.2103,disk0w,2455502127104,20952090,1406372055736
54.2103,disk4,62379662231552,125544804,869232151414234
54.2103,disk4w,92291072,14003,1225021470
54.2103,disk8,69805299910656,70205328,639986205224082
54.2103,disk8w,592850944,74049,18941394999
54.2103,disk6,103917531777024,168921142,1518308558132327
54.2103,disk6w,42423025664,129812,47251876248
54.2103,ram,90243072,66417180672,320696
54.2103,cpu,16836136,25357384,582311285
54.2103,gpu,42,0,0
54.4028,disk0,1109291126272000,2495019063,14710178684808274
54.4028,disk0w,2455502127104,20952090,1406372055736
54.4028,disk4,62380171028480,125545840,869234906771188
54.4028,disk4w,92291072,14003,1225021470
54.4028,disk8,69806287128576,70206331,639991078194210
54.4028,disk8w,592850944,74049,18941394999
54.4028,disk6,103918381795328,168922371,1518314199870869
54.4028,disk6w,42423025664,129812,47251876248
54.4028,ram,90243072,66417180672,320696
54.4028,cpu,16836148,25357533,582312971
54.4028,gpu,0,0,0
54.6060,disk0,1109293847203840,2495023555,14710193443713792
54.6060,disk0w,2455502127104,20952090,1406372055736
54.6060,disk4,62380802877440,125547135,869237180361265
54.6060,disk4w,92291072,14003,1225021470
54.6060,disk8,69807688402944,70207768,639994956625421
54.6060,disk8w,592850944,74049,18941394999
54.6060,disk6,103919435679744,168923696,1518317262201624
54.6060,disk6w,42423025664,129812,47251876248
54.6060,ram,90243072,66417180672,320696
54.6060,cpu,16836148,25357533,582312971
54.6060,gpu,49,1,0
54.8103,disk0,1109296545828864,2495028120,14710207526646858
54.8103,disk0w,2455502127104,20952090,1406372055736
54.8103,disk4,62381276719104,125548106,869238731410049
54.8103,disk4w,92291072,14003,1225021470
54.8103,disk8,69809052715008,70209168,639998771528564
54.8103,disk8w,592850944,74049,18941394999
54.8103,disk6,103920525805568,168925394,1518321938917665
54.8103,disk6w,42423025664,129812,47251876248
54.8103,ram,90243072,66417180672,320696
54.8103,cpu,16836148,25357533,582312971
54.8103,gpu,45,1,0
55.0071,disk0,1109299156099072,2495032925,14710223094319316
55.0071,disk0w,2455502127104,20952090,1406372055736
55.0071,disk4,62381856352256,125549266,869240629870489
55.0071,disk4w,92291072,14003,1225021470
55.0071,disk8,69810361026560,70210510,640002234483753
55.0071,disk8w,592850944,74049,18941394999
55.0071,disk6,103921645504512,168927156,1518326304275809
55.0071,disk6w,42423025664,129812,47251876248
55.0071,ram,84770816,68271865856,320696
55.0071,cpu,16836148,25357533,582312971
55.0071,gpu,41,3,0
55.2103,disk0,1109301892902912,2495038435,14710239630874547
55.2103,disk0w,2455502151680,20952095,1406372129402
55.2103,disk4,62382570743808,125550662,869242939410842
55.2103,disk4w,92291072,14003,1225021470
55.2103,disk8,69811757123584,70211942,640006116544618
55.2103,disk8w,592850944,74049,18941394999
55.2103,disk6,103922783340544,168929162,1518331045410142
55.2103,disk6w,42423025664,129812,47251876248
55.2103,ram,84770816,68271865856,320696
55.2103,cpu,16836148,25357533,582312971
55.2103,gpu,50,0,0
55.4083,disk0,1109304473849856,2495047604,14710261248172516
55.4083,disk0w,2455502151680,20952095,1406372129402
55.4083,disk4,62383119296512,125551743,869244708434280
55.4083,disk4w,92291072,14003,1225021470
55.4083,disk8,69813080868864,70213300,640009710042954
55.4083,disk8w,592850944,74049,18941394999
55.4083,disk6,103923890554880,168931112,1518335832333695
55.4083,disk6w,42423025664,129812,47251876248
55.4083,ram,84770816,68271865856,320696
55.4083,cpu,16836173,25357665,582314669
55.4083,gpu,0,0,0
55.6044,disk0,1109306093850624,2495050179,14710269683744169
55.6044,disk0w,2455502151680,20952095,1406372129402
55.6044,disk4,62383408850944,125552317,869245650220887
55.6044,disk4w,92291072,14003,1225021470
55.6044,disk8,69813902313472,70214143,640012055384839
55.6044,disk8w,592850944,74049,18941394999
55.6044,disk6,103924514916352,168932416,1518338944545136
55.6044,disk6w,42423025664,129812,47251876248
55.6044,ram,84770816,68271865856,320696
55.6044,cpu,16836173,25357665,582314669
55.6044,gpu,100,0,0
55.8083,disk0,1109308491087872,2495054226,14710295126442422
55.8083,disk0w,2455502151680,20952095,1406372129402
55.8083,disk4,62384198494208,125553932,869256267236362
55.8083,disk4w,92291072,14003,1225021470
55.8083,disk8,69815132817408,70215377,640020200037072
55.8083,disk8w,592850944,74049,18941394999
55.8083,disk6,103925644281856,168934004,1518349032684056
55.8083,disk6w,42423025664,129812,47251876248
55.8083,ram,84770816,68271865856,320696
55.8083,cpu,16836173,25357665,582314669
55.8083,gpu,28,2,0
56.0007,disk0,1109310881026048,2495063809,14710323736561241
56.0007,disk0w,2455502151680,20952095,1406372129402
56.0007,disk4,62384831727616,125555228,869260475894801
56.0007,disk4w,92291072,14003,1225021470
56.0007,disk8,69816357849088,70216612,640027086957327
56.0007,disk8w,592850944,74049,18941394999
56.0007,disk6,103926600501248,168935325,1518355701216738
56.0007,disk6w,42423025664,129812,47251876248
56.0007,ram,81100800,69333188608,320696
56.0007,cpu,16836173,25357665,582314669
56.0007,gpu,19,2,0
56.2103,disk0,1109313749815296,2495068291,14710346189931240
56.2103,disk0w,2455502151680,20952095,1406372129402
56.2103,disk4,62385584760832,125556774,869265019299163
56.2103,disk4w,92291072,14003,1225021470
56.2103,disk8,69817846859776,70218124,640034636137238
56.2103,disk8w,592850944,74049,18941394999
56.2103,disk6,103927755606016,168936771,1518361810241759
56.2103,disk6w,42423025664,129812,47251876248
56.2103,ram,81100800,69333188608,320696
56.2103,cpu,16836173,25357665,582314669
56.2103,gpu,30,3,0
56.4066,disk0,1109316406267904,2495072351,14710368942768529
56.4066,disk0w,2455502151680,20952095,1406372129402
56.4066,disk4,62386259625984,125558156,869269717140691
56.4066,disk4w,92291072,14003,1225021470
56.4066,disk8,69819238549504,70219534,640041630908237
56.4066,disk8w,592850944,74049,18941394999
56.4066,disk6,103928819927040,168938220,1518370067220065
56.4066,disk6w,42423025664,129812,47251876248
56.4066,ram,81100800,69333188608,320696
56.4066,cpu,16836205,25357825,582316328
56.4066,gpu,24,2,0
56.6018,disk0,1109319009710080,2495077156,14710395034472048
56.6018,disk0w,2455502151680,20952095,1406372129402
56.6018,disk4,62386893441024,125559455,869274566786716
56.6018,disk4w,92291072,14003,1225021470
56.6018,disk8,69820577990656,70220891,640048462123665
56.6018,disk8w,592850944,74049,18941394999
56.6018,disk6,103929850644480,168939719,1518379789435155
56.6018,disk6w,42423025664,129812,47251876248
56.6018,ram,81100800,69333188608,320696
56.6018,cpu,16836205,25357825,582316328
56.6018,gpu,53,1,0
56.8020,disk0,1109321681350656,2495081635,14710419691906817
56.8020,disk0w,2455502151680,20952095,1406372129402
56.8020,disk4,62387477489664,125560653,869279645463314
56.8020,disk4w,92291072,14003,1225021470
56.8020,disk8,69821948561408,70222274,640056127513831
56.8020,disk8w,592850944,74049,18941394999
56.8020,disk6,103930981222400,168941387,1518390344542888
56.8020,disk6w,42423025664,129812,47251876248
56.8020,ram,81100800,69333188608,320696
56.8020,cpu,16836205,25357825,582316328
56.8020,gpu,16,0,0
57.0046,disk0,1109324445941760,2495086904,14710440812240300
57.0046,disk0w,2455502151680,20952095,1406372129402
57.0046,disk4,62387990964224,125561691,869282170614054
57.0046,disk4w,92291072,14003,1225021470
57.0046,disk8,69823387437056,70223742,640061473905204
57.0046,disk8w,592850944,74049,18941394999
57.0046,disk6,103932059568128,168943072,1518397028593447
57.0046,disk6w,42423025664,129812,47251876248
57.0046,ram,81592320,65713422336,320696
57.0046,cpu,16836205,25357825,582316328
57.0046,gpu,32,2,0
57.2054,disk0,1109327126536192,2495092126,14710461973496823
57.2054,disk0w,2455502151680,20952095,1406372129402
57.2054,disk4,62388708272128,125563081,869285256775783
57.2054,disk4w,92291072,14003,1225021470
57.2054,disk8,69824769427456,70225153,640066830103915
57.2054,disk8w,592850944,74049,18941394999
57.2054,disk6,103933209790464,168945123,1518404948808087
57.2054,disk6w,42423025664,129812,47251876248
57.2054,ram,82034688,65535770624,320696
57.2054,cpu,16836205,25357825,582316328
57.2054,gpu,45,0,0
57.4103,disk0,1109329898545152,2495097811,14710484503708189
57.4103,disk0w,2455502151680,20952095,1406372129402
57.4103,disk4,62389331224576,125564301,869288178322568
57.4103,disk4w,92291072,14003,1225021470
57.4103,disk8,69826219329536,70226633,640072294334698
57.4103,disk8w,592850944,74049,18941394999
57.4103,disk6,103934411884544,168947180,1518411931894360
57.4103,disk6w,42423025664,129812,47251876248
57.4103,ram,82034688,65535770624,320696
57.4103,cpu,16836227,25357978,582317982
57.4103,gpu,25,0,0
57.6103,disk0,1109332633686016,2495102876,14710508190004212
57.6103,disk0w,2455502151680,20952095,1406372129402
57.6103,disk4,62390072944640,125565762,869292678707005
57.6103,disk4w,92291072,14003,1225021470
57.6103,disk8,69827623159808,70228056,640078318193384
57.6103,disk8w,592850944,74049,18941394999
57.6103,disk6,103935395612672,168948942,1518418733412942
57.6103,disk6w,42423025664,129812,47251876248
57.6103,ram,82034688,65535770624,320696
57.6103,cpu,16836228,25357981,582318002
57.6103,gpu,67,0,0
57.8015,disk0,1109335205748736,2495108987,14710537111860239
57.8015,disk0w,2455502151680,20952095,1406372129402
57.8015,disk4,62390703646720,125567005,869295695655487
57.8015,disk4w,92291072,14003,1225021470
57.8015,disk8,69828953786368,70229409,640084741980140
57.8015,disk8w,592850944,74049,18941394999
57.8015,disk6,103936393807872,168950499,1518426148702757
57.8015,disk6w,42423025664,129812,47251876248
57.8015,ram,82034688,65535770624,320696
57.8015,cpu,16836228,25357981,582318002
57.8015,gpu,65,0,0
58.0091,disk0,1109337681674240,2495125698,14710568813017085
58.0091,disk0w,2455502151680,20952095,1406372129402
58.0091,disk4,62391285360640,125568152,869298023862010
58.0091,disk4w,92291072,14003,1225021470
58.0091,disk8,69830231607296,70230708,640090410002989
58.0091,disk8w,592850944,74049,18941394999
58.0091,disk6,103937263355904,168952108,1518431579366100
58.0091,disk6w,42423025664,129812,47251876248
58.0091,ram,84574208,65806336000,320696
58.0091,cpu,16836228,25357981,582318002
58.0091,gpu,31,0,0
58.2081,disk0,1109340374298624,2495130009,14710588651466339
58.2081,disk0w,2455502151680,20952095,1406372129402
58.2081,disk4,62391884425216,125569339,869300378921769
58.2081,disk4w,92291072,14003,1225021470
58.2081,disk8,69831636371456,70232139,640096128901664
58.2081,disk8w,592850944,74049,18941394999
58.2081,disk6,103938280134656,168953947,1518439131479578
58.2081,disk6w,42423025664,129812,47251876248
58.2081,ram,185516032,65159512064,320696
58.2081,cpu,16836228,25357981,582318002
58.2081,gpu,28,0,0
58.4103,disk0,1109341092450304,2495131134,14710597178849885
58.4103,disk0w,2455502200832,20952107,1406372412065
58.4103,disk4,62392068663296,125569708,869303077816607
58.4103,disk4w,92291072,14003,1225021470
58.4103,disk8,69832019265536,70232523,640098892801862
58.4103,disk8w,592850944,74049,18941394999
58.4103,disk6,103938588186624,168954488,1518442831013971
58.4103,disk6w,42423025664,129812,47251876248
58.4103,ram,185516032,65159512064,320696
58.4103,cpu,16836255,25358110,582319607
58.4103,gpu,74,0,0
58.6103,disk0,1109341910044672,2495132596,14710603341225950
58.6103,disk0w,2455502225408,20952109,1406372468565
58.6103,disk4,62392217806848,125570014,869308292375875
58.6103,disk4w,92291072,14003,1225021470
58.6103,disk8,69832417249280,70232931,640100482446516
58.6103,disk8w,592850944,74049,18941394999
58.6103,disk6,103938907265024,168954948,1518444377648819
58.6103,disk6w,42423025664,129812,47251876248
58.6103,ram,185516032,65159512064,320696
58.6103,cpu,16836264,25358113,582319689
58.6103,gpu,20,0,0
58.8088,disk0,1109344564498432,2495138567,14710620688030684
58.8088,disk0w,2455502225408,20952109,1406372468565
58.8088,disk4,62392814462976,125571236,869310451460989
58.8088,disk4w,92291072,14003,1225021470
58.8088,disk8,69833739307008,70234287,640104094763261
58.8088,disk8w,592850944,74049,18941394999
58.8088,disk6,103939958249472,168956369,1518447605854595
58.8088,disk6w,42423025664,129812,47251876248
58.8088,ram,185516032,65159512064,320696
58.8088,cpu,16836264,25358113,582319689
58.8088,gpu,0,0,0
59.0103,disk0,1109347312021504,2495143443,14710637317444135
59.0103,disk0w,2455502802944,20952120,1406372694354
59.0103,disk4,62393427732480,125572493,869312543925109
59.0103,disk4w,92291072,14003,1225021470
59.0103,disk8,69835158407168,70235743,640108001444940
59.0103,disk8w,592850944,74049,18941394999
59.0103,disk6,103941082011648,168957967,1518451277410394
59.0103,disk6w,42423025664,129812,47251876248
59.0103,ram,109494272,71531479040,320732
59.0103,cpu,16836264,25358113,582319689
59.0103,gpu,23,1,0
59.2031,disk0,1109349888552960,2495148366,14710654071999544
59.2031,disk0w,2455502802944,20952120,1406372694354
59.2031,disk4,62393920022528,125573491,869314251992905
59.2031,disk4w,92291072,14003,1225021470
59.2031,disk8,69836489164800,70237109,640111787945196
59.2031,disk8w,592850944,74049,18941394999
59.2031,disk6,103942195632128,168959798,1518455503791582
59.2031,disk6w,42423025664,129812,47251876248
59.2031,ram,66437120,71283326976,320732
59.2031,cpu,16836264,25358113,582319689
59.2031,gpu,0,0,0
59.4103,disk0,1109352626786304,2495153748,14710670818042650
59.4103,disk0w,2455502811136,20952122,1406372743187
59.4103,disk4,62394560571392,125574740,869316402157145
59.4103,disk4w,92291072,14003,1225021470
59.4103,disk8,69837892454400,70238548,640115713617797
59.4103,disk8w,592850944,74049,18941394999
59.4103,disk6,103943400757248,168961931,1518460620623085
59.4103,disk6w,42423025664,129812,47251876248
59.4103,ram,66437120,71283326976,320732
59.4103,cpu,16836264,25358113,582319689
59.4103,gpu,24,0,0
59.6103,disk0,1109355368861696,2495160911,14710691269936484
59.6103,disk0w,2455502811136,20952122,1406372743187
59.6103,disk4,62395237771264,125576072,869318593997267
59.6103,disk4w,92291072,14003,1225021470
59.6103,disk8,69839302887424,70239995,640119528401649
59.6103,disk8w,592850944,74049,18941394999
59.6103,disk6,103944564217856,168964036,1518465698926912
59.6103,disk6w,42423025664,129812,47251876248
59.6103,ram,66437120,71283326976,320732
59.6103,cpu,16836391,25358253,582321129
59.6103,gpu,0,0,0
59.8103,disk0,1109357359620096,2495164221,14710702242577686
59.8103,disk0w,2455502811136,20952122,1406372743187
59.8103,disk4,62395674912768,125576938,869320050809894
59.8103,disk4w,92291072,14003,1225021470
59.8103,disk8,69840318498816,70241037,640122346342214
59.8103,disk8w,592850944,74049,18941394999
59.8103,disk6,103945370802176,168965570,1518469180843344
59.8103,disk6w,42423025664,129812,47251876248
59.8103,ram,66437120,71283326976,320732
59.8103,cpu,16836391,25358253,582321129
59.8103,gpu,54,1,0
60.0018,disk0,1109357570056192,2495164480,14710704160296806
60.0018,disk0w,2455502811136,20952122,1406372743187
60.0018,disk4,62395757479936,125577104,869321222910671
60.0018,disk4w,92291072,14003,1225021470
60.0018,disk8,69840411674624,70241126,640122975323057
60.0018,disk8w,592850944,74049,18941394999
60.0018,disk6,103945478543360,168965689,1518470098463637
60.0018,disk6w,42423025664,129812,47251876248
60.0018,ram,66437120,71283326976,320732
60.0018,cpu,16836391,25358253,582321129
60.0018,gpu,0,0,0
60.2004,disk0,1109360095584256,2495169103,14710740973245322
60.2004,disk0w,2455502827520,20952123,1406372761395
60.2004,disk4,62396584339456,125578800,869332706066808
60.2004,disk4w,92291072,14003,1225021470
60.2004,disk8,69841723312128,70242430,640138510706802
60.2004,disk8w,592850944,74049,18941394999
60.2004,disk6,103946586937344,168967330,1518486223990280
60.2004,disk6w,42423025664,129812,47251876248
60.2004,ram,139051008,72233533440,320732
60.2004,cpu,16836391,25358253,582321129
60.2004,gpu,18,1,0
60.4103,disk0,1109362870272000,2495178978,14710779588291125
60.4103,disk0w,2455502827520,20952123,1406372761395
60.4103,disk4,62397458860032,125580594,869346095371699
60.4103,disk4w,92291072,14003,1225021470
60.4103,disk8,69843206080512,70243910,640151550135706
60.4103,disk8w,592850944,74049,18941394999
60.4103,disk6,103947917400064,168969371,1518504290028397
60.4103,disk6w,42423025664,129812,47251876248
60.4103,ram,139051008,72233533440,320732
60.4103,cpu,16836391,25358253,582321129
60.4103,gpu,0,0,0
60.6103,disk0,1109365415059456,2495183222,14710814928697510
60.6103,disk0w,2455502827520,20952123,1406372761395
60.6103,disk4,62398266910720,125582247,869361455618984
60.6103,disk4w,92291072,14003,1225021470
60.6103,disk8,69844517406720,70245211,640165505976605
60.6103,disk8w,592850944,74049,18941394999
60.6103,disk6,103948982114304,168970636,1518516003010459
60.6103,disk6w,42423025664,129812,47251876248
60.6103,ram,139051008,72233533440,320732
60.6103,cpu,16836521,25358421,582322684
60.6103,gpu,24,3,0
60.8074,disk0,1109368045858816,2495187191,14710842977655407
60.8074,disk0w,2455502827520,20952123,1406372761395
60.8074,disk4,62399008974848,125583768,869371314111851
60.8074,disk4w,92291072,14003,1225021470
60.8074,disk8,69845872134144,70246571,640175793192611
60.8074,disk8w,592850944,74049,18941394999
60.8074,disk6,103950135089152,168972020,1518527656406089
60.8074,disk6w,42423025664,129812,47251876248
60.8074,ram,139051008,72233533440,320732
60.8074,cpu,16836521,25358421,582322684
60.8074,gpu,21,2,0
61.0098,disk0,1109370537529344,2495191026,14710874665015205
61.0098,disk0w,2455502827520,20952123,1406372761395
61.0098,disk4,62399781103616,125585350,869383082106567
61.0098,disk4w,92291072,14003,1225021470
61.0098,disk8,69847155591168,70247844,640188472883938
61.0098,disk8w,592850944,74049,18941394999
61.0098,disk6,103951186860032,168973462,1518538624947480
61.0098,disk6w,42423025664,129812,47251876248
61.0098,ram,139051008,72233533440,320732
61.0098,cpu,16836521,25358421,582322684
61.0098,gpu,54,1,0
61.2103,disk0,1109372994637824,2495195406,14710908564295706
61.2103,disk0w,2455502827520,20952123,1406372761395
61.2103,disk4,62400515827712,125586856,869396216228908
61.2103,disk4w,92291072,14003,1225021470
61.2103,disk8,69848413210624,70249097,640201398306546
61.2103,disk8w,592850944,74049,18941394999
61.2103,disk6,103952245200896,168975267,1518557263686138
61.2103,disk6w,42423025664,129812,47251876248
61.2103,ram,144965632,66256486400,320732
61.2103,cpu,16836521,25358421,582322684
61.2103,gpu,31,3,0
61.4103,disk0,1109375573794816,2495200513,14710944979080030
61.4103,disk0w,2455502827520,20952123,1406372761395
61.4103,disk4,62401307797504,125588481,869408635993110
61.4103,disk4w,92291072,14003,1225021470
61.4103,disk8,69849732548608,70250415,640214307068180
61.4103,disk8w,592850944,74049,18941394999
61.4103,disk6,103953346222080,168976860,1518573125772345
61.4103,disk6w,42423025664,129812,47251876248
61.4103,ram,144965632,66256486400,320732
61.4103,cpu,16836521,25358421,582322684
61.4103,gpu,28,1,0
61.6103,disk0,1109377962225664,2495204686,14710976269999996
61.6103,disk0w,2455502843904,20952127,1406372811060
61.6103,disk4,62402071128064,125590046,869422282835161
61.6103,disk4w,92291072,14003,1225021470
61.6103,disk8,69850943588352,70251620,640225532306230
61.6103,disk8w,592850944,74049,18941394999
61.6103,disk6,103954498885632,168978644,1518592245941040
61.6103,disk6w,42423025664,129812,47251876248
61.6103,ram,144965632,66256486400,320732
61.6103,cpu,16836551,25358600,582324329
61.6103,gpu,96,6,0
61.8103,disk0,1109380682420224,2495210176,14711010107648435
61.8103,disk0w,2455502843904,20952127,1406372811060
61.8103,disk4,62402764253184,125591462,869429182158535
61.8103,disk4w,92291072,14003,1225021470
61.8103,disk8,69852348172288,70253032,640235517681957
61.8103,disk8w,592850944,74049,18941394999
61.8103,disk6,103955732830208,168980581,1518607475196276
61.8103,disk6w,42423025664,129812,47251876248
61.8103,ram,144965632,66256486400,320732
61.8103,cpu,16836551,25358600,582324329
61.8103,gpu,53,0,0
62.0103,disk0,1109383162933248,2495214899,14711035957419277
62.0103,disk0w,2455502843904,20952127,1406372811060
62.0103,disk4,62403369674752,125592635,869433622237349
62.0103,disk4w,92291072,14003,1225021470
62.0103,disk8,69853598910464,70254291,640242954209687
62.0103,disk8w,592850944,74049,18941394999
62.0103,disk6,103956803098624,168982456,1518619772949864
62.0103,disk6w,42423025664,129812,47251876248
62.0103,ram,144965632,66256486400,320732
62.0103,cpu,16836551,25358600,582324329
62.0103,gpu,39,1,0
62.2103,disk0,1109385847382016,2495220167,14711055737642551
62.2103,disk0w,2455502843904,20952127,1406372811060
62.2103,disk4,62403992676352,125593842,869436237726309
62.2103,disk4w,92291072,14003,1225021470
62.2103,disk8,69854979344384,70255704,640247747104885
62.2103,disk8w,592850944,74049,18941394999
62.2103,disk6,103957857101824,168984319,1518625489737720
62.2103,disk6w,42423025664,129812,47251876248
62.2103,ram,138739712,65865269248,320732
62.2103,cpu,16836551,25358600,582324329
62.2103,gpu,71,0,0
62.4083,disk0,1109388179800064,2495224653,14711085331850027
62.4083,disk0w,2455502860288,20952128,1406372847226
62.4083,disk4,62404738459648,125595315,869447876102830
62.4083,disk4w,92291072,14003,1225021470
62.4083,disk8,69856143706112,70256859,640257779202839
62.4083,disk8w,592850944,74049,18941394999
62.4083,disk6,103958926485504,168986139,1518639517186234
62.4083,disk6w,42423025664,129812,47251876248
62.4083,ram,138739712,65865269248,320732
62.4083,cpu,16836551,25358600,582324329
62.4083,gpu,66,0,0
62.6103,disk0,1109390890713088,2495229709,14711119496066927
62.6103,disk0w,2455502860288,20952128,1406372847226
62.6103,disk4,62405564950528,125596941,869457463696531
62.6103,disk4w,92291072,14003,1225021470
62.6103,disk8,69857527138304,70258244,640268139874019
62.6103,disk8w,592850944,74049,18941394999
62.6103,disk6,103960048904192,168988233,1518656318164938
62.6103,disk6w,42423025664,129812,47251876248
62.6103,ram,138739712,65865269248,320732
62.6103,cpu,16836584,25358780,582325969
62.6103,gpu,26,0,0
62.8103,disk0,1109393541636096,2495235568,14711155888498742
62.8103,disk0w,2455502860288,20952128,1406372847226
62.8103,disk4,62406365849600,125598522,869467117805645
62.8103,disk4w,92291072,14003,1225021470
62.8103,disk8,69858870724608,70259593,640279732972532
62.8103,disk8w,592850944,74049,18941394999
62.8103,disk6,103961207236608,168990063,1518673758430359
62.8103,disk6w,42423025664,129812,47251876248
62.8103,ram,138739712,65865269248,320732
62.8103,cpu,16836584,25358780,582325969
62.8103,gpu,34,0,0
63.0102,disk0,1109395648712704,2495253876,14711190937261867
63.0102,disk0w,2455502860288,20952128,1406372847226
63.0102,disk4,62406967060480,125599699,869471874631922
63.0102,disk4w,92291072,14003,1225021470
63.0102,disk8,69859945285632,70260680,640285271379752
63.0102,disk8w,592850944,74049,18941394999
63.0102,disk6,103962032334848,168991547,1518680680422409
63.0102,disk6w,42423025664,129812,47251876248
63.0102,ram,138739712,65865269248,320732
63.0102,cpu,16836584,25358780,582325969
63.0102,gpu,57,0,0
63.2068,disk0,1109398075486208,2495257757,14711215260166905
63.2068,disk0w,2455502860288,20952128,1406372847226
63.2068,disk4,62407563307008,125600868,869477584869792
63.2068,disk4w,92291072,14003,1225021470
63.2068,disk8,69861152507904,70261891,640293563676675
63.2068,disk8w,592850944,74049,18941394999
63.2068,disk6,103963050076160,168993334,1518694336204857
63.2068,disk6w,42423025664,129812,47251876248
63.2068,ram,139837440,65970454528,320732
63.2068,cpu,16836584,25358780,582325969
63.2068,gpu,0,0,0
63.4019,disk0,1109400556941312,2495261598,14711239984021091
63.4019,disk0w,2455502860288,20952128,1406372847226
63.4019,disk4,62408236820480,125602199,869483185006986
63.4019,disk4w,92291072,14003,1225021470
63.4019,disk8,69862436603904,70263184,640301724667731
63.4019,disk8w,592850944,74049,18941394999
63.4019,disk6,103964049983488,168995329,1518709322687302
63.4019,disk6w,42423025664,129812,47251876248
63.4019,ram,139837440,65970454528,320732
63.4019,cpu,16836584,25358780,582325969
63.4019,gpu,54,0,0
63.6025,disk0,1109400964460544,2495262342,14711247011929050
63.6025,disk0w,2455502860288,20952128,1406372847226
63.6025,disk4,62408353359872,125602429,869485491127994
63.6025,disk4w,92291072,14003,1225021470
63.6025,disk8,69862638782464,70263380,640304731815372
63.6025,disk8w,592850944,74049,18941394999
63.6025,disk6,103964164327424,168995536,1518711252719315
63.6025,disk6w,42423025664,129812,47251876248
63.6025,ram,139837440,65970454528,320732
63.6025,cpu,16836607,25358924,582327654
63.6025,gpu,100,0,0
63.8091,disk0,1109402245423104,2495264295,14711264030283209
63.8091,disk0w,2455502860288,20952128,1406372847226
63.8091,disk4,62408695539712,125603128,869509232435015
63.8091,disk4w,92291072,14003,1225021470
63.8091,disk8,69863261685760,70263995,640312840291465
63.8091,disk8w,592850944,74049,18941394999
63.8091,disk6,103964673296384,168996208,1518718501195081
63.8091,disk6w,42423025664,129812,47251876248
63.8091,ram,139837440,65970454528,320732
63.8091,cpu,16836607,25358924,582327654
63.8091,gpu,9,0,0
64.0095,disk0,1109404915859456,2495269892,14711304961726914
64.0095,disk0w,2455502860288,20952128,1406372847226
64.0095,disk4,62409564137472,125604907,869523828852429
64.0095,disk4w,92291072,14003,1225021470
64.0095,disk8,69864634648576,70265354,640329560744177
64.0095,disk8w,592850944,74049,18941394999
64.0095,disk6,103966007756800,168998165,1518738744019547
64.0095,disk6w,42423025664,129812,47251876248
64.0095,ram,139837440,65970454528,320732
64.0095,cpu,16836607,25358924,582327654
64.0095,gpu,0,0,0
64.2104,disk0,1109407307853824,2495282421,14711340738193410
64.2104,disk0w,2455502860288,20952128,1406372847226
64.2104,disk4,62410239731712,125606292,869530806635090
64.2104,disk4w,92291072,14003,1225021470
64.2104,disk8,69865920104448,70266635,640341246245792
64.2104,disk8w,592850944,74049,18941394999
64.2104,disk6,103967103584256,168999817,1518752718942379
64.2104,disk6w,42423025664,129812,47251876248
64.2104,ram,141344768,71713603584,320732
64.2104,cpu,16836607,25358924,582327654
64.2104,gpu,30,0,0
64.4076,disk0,1109409944285184,2495286767,14711374000684316
64.4076,disk0w,2455502860288,20952128,1406372847226
64.4076,disk4,62411094976512,125608044,869544620983725
64.4076,disk4w,92291072,14003,1225021470
64.4076,disk8,69867274389504,70267977,640354851492100
64.4076,disk8w,592850944,74049,18941394999
64.4076,disk6,103968298928128,169001218,1518766562621753
64.4076,disk6w,42423025664,129812,47251876248
64.4076,ram,142082048,71713603584,320732
64.4076,cpu,16836607,25358924,582327654
64.4076,gpu,0,0,0
64.6100,disk0,1109412723294208,2495291198,14711405364563781
64.6100,disk0w,2455502860288,20952128,1406372847226
64.6100,disk4,62411792738304,125609473,869552100537264
64.6100,disk4w,92291072,14003,1225021470
64.6100,disk8,69868702369792,70269408,640365929949970
64.6100,disk8w,592850944,74049,18941394999
64.6100,disk6,103969516390400,169002672,1518779699466298
64.6100,disk6w,42423025664,129812,47251876248
64.6100,ram,142082048,71713603584,320732
64.6100,cpu,16836624,25359076,582329317
64.6100,gpu,18,0,0
64.8103,disk0,1109415298056192,2495295103,14711439524048194
64.8103,disk0w,2455502860288,20952128,1406372847226
64.8103,disk4,62412580005888,125611084,869564358985727
64.8103,disk4w,92291072,14003,1225021470
64.8103,disk8,69870012581888,70270703,640380315701717
64.8103,disk8w,592850944,74049,18941394999
64.8103,disk6,103970711914496,169004617,1518798479447407
64.8103,disk6w,42423025664,129812,47251876248
64.8103,ram,142082048,71713603584,320732
64.8103,cpu,16836624,25359081,582329334
64.8103,gpu,0,0,0
65.0114,disk0,1109417713504256,2495300011,14711473612640638
65.0114,disk0w,2455502860288,20952128,1406372847226
65.0114,disk4,62413274114048,125612510,869573379093240
65.0114,disk4w,92291072,14003,1225021470
65.0114,disk8,69871271610368,70271958,640392788533436
65.0114,disk8w,592850944,74049,18941394999
65.0114,disk6,103971703801856,169006209,1518813704255418
65.0114,disk6w,42423025664,129812,47251876248
65.0114,ram,142082048,71713603584,320732
65.0114,cpu,16836624,25359081,582329334
65.0114,gpu,49,5,0
65.2103,disk0,1109420295643136,2495304398,14711509799997565
65.2103,disk0w,2455505186816,20952541,1406381592971
65.2103,disk4,62414038870016,125614079,869585608577503
65.2103,disk4w,92291072,14003,1225021470
65.2103,disk8,69872608364544,70273288,640406546358527
65.2103,disk8w,592850944,74049,18941394999
65.2103,disk6,103972886366208,169008251,1518834088589182
65.2103,disk6w,42423025664,129812,47251876248
65.2103,ram,142082048,71713603584,320732
65.2103,cpu,16836624,25359081,582329334
65.2103,gpu,0,0,0
65.4006,disk0,1109422473568256,2495308595,14711537339559118
65.4006,disk0w,2455505186816,20952541,1406381592971
65.4006,disk4,62414646880256,125615326,869593872647216
65.4006,disk4w,92291072,14003,1225021470
65.4006,disk8,69873715185664,70274390,640416497115755
65.4006,disk8w,592850944,74049,18941394999
65.4006,disk6,103973816092672,169009623,1518846939284134
65.4006,disk6w,42423025664,129812,47251876248
65.4006,ram,146046976,65873428480,320732
65.4006,cpu,16836624,25359081,582329334
65.4006,gpu,69,0,0
65.6103,disk0,1109425254617088,2495313714,14711566216299063
65.6103,disk0w,2455505186816,20952541,1406381592971
65.6103,disk4,62415354079232,125616744,869600401949696
65.6103,disk4w,92291072,14003,1225021470
65.6103,disk8,69875108284416,70275782,640425679512916
65.6103,disk8w,592850944,74049,18941394999
65.6103,disk6,103975050266624,169011608,1518860104945135
65.6103,disk6w,42423025664,129812,47251876248
65.6103,ram,146046976,65873428480,320732
65.6103,cpu,16836646,25359239,582330918
65.6103,gpu,68,3,0
65.8079,disk0,1109427754315776,2495318629,14711589763282762
65.8079,disk0w,2455505186816,20952541,1406381592971
65.8079,disk4,62416013109248,125618022,869604247869525
65.8079,disk4w,92291072,14003,1225021470
65.8079,disk8,69876398884864,70277090,640432726686701
65.8079,disk8w,592850944,74049,18941394999
65.8079,disk6,103976133990400,169013502,1518870490391167
65.8079,disk6w,42423025664,129812,47251876248
65.8079,ram,146046976,65873428480,320732
65.8079,cpu,16836647,25359244,582331004
65.8079,gpu,49,1,0
66.0098,disk0,1109430495080448,2495324081,14711616280042333
66.0098,disk0w,2455505186816,20952541,1406381592971
66.0098,disk4,62416689752064,125619341,869609517874083
66.0098,disk4w,92291072,14003,1225021470
66.0098,disk8,69877824423936,70278535,640439897785979
66.0098,disk8w,592850944,74049,18941394999
66.0098,disk6,103977273333760,169015392,1518880227269339
66.0098,disk6w,42423025664,129812,47251876248
66.0098,ram,146046976,65873428480,320732
66.0098,cpu,16836647,25359244,582331004
66.0098,gpu,96,0,0
66.2064,disk0,1109432827895808,2495328472,14711642919116153
66.2064,disk0w,2455505186816,20952541,1406381592971
66.2064,disk4,62417412368384,125620771,869616698434530
66.2064,disk4w,92291072,14003,1225021470
66.2064,disk8,69878996912128,70279710,640448000145673
66.2064,disk8w,592850944,74049,18941394999
66.2064,disk6,103978314405888,169017262,1518893070448502
66.2064,disk6w,42423025664,129812,47251876248
66.2064,ram,146046976,65873428480,320732
66.2064,cpu,16836647,25359244,582331004
66.2064,gpu,34,1,0
66.4004,disk0,1109435321679872,2495333648,14711678229134343
66.4004,disk0w,2455505186816,20952541,1406381592971
66.4004,disk4,62418186070016,125622291,869627061671295
66.4004,disk4w,92291072,14003,1225021470
66.4004,disk8,69880242735104,70280960,640458890229497
66.4004,disk8w,592850944,74049,18941394999
66.4004,disk6,103979360475136,169019077,1518908900702313
66.4004,disk6w,42423025664,129812,47251876248
66.4004,ram,145506304,66475753472,320732
66.4004,cpu,16836647,25359244,582331004
66.4004,gpu,0,0,0
66.6103,disk0,1109437972819968,2495340562,14711712331787165
66.6103,disk0w,2455505186816,20952541,1406381592971
66.6103,disk4,62418894170112,125623680,869635726982887
66.6103,disk4w,92291072,14003,1225021470
66.6103,disk8,69881606129664,70282337,640467345840911
66.6103,disk8w,592850944,74049,18941394999
66.6103,disk6,103980513024000,169020935,1518922006181199
66.6103,disk6w,42423025664,129812,47251876248
66.6103,ram,145506304,66475753472,320732
66.6103,cpu,16836647,25359244,582331004
66.6103,gpu,56,1,0
66.8103,disk0,1109440361537536,2495352698,14711742250746667
66.8103,disk0w,2455505186816,20952541,1406381592971
66.8103,disk4,62419484616704,125624842,869639689892142
66.8103,disk4w,92291072,14003,1225021470
66.8103,disk8,69882853787648,70283592,640474818691106
66.8103,disk8w,592850944,74049,18941394999
66.8103,disk6,103981509867520,169022763,1518934761236555
66.8103,disk6w,42423025664,129812,47251876248
66.8103,ram,145506304,66475753472,320732
66.8103,cpu,16836673,25359410,582332519
66.8103,gpu,0,0,0
67.0103,disk0,1109443019153408,2495356868,14711769978252756
67.0103,disk0w,2455505186816,20952541,1406381592971
67.0103,disk4,62420237641728,125626321,869647308628978
67.0103,disk4w,92291072,14003,1225021470
67.0103,disk8,69884225882112,70284978,640483246874476
67.0103,disk8w,592850944,74049,18941394999
67.0103,disk6,103982538831872,169024709,1518945898503045
67.0103,disk6w,42423025664,129812,47251876248
67.0103,ram,145506304,66475753472,320732
67.0103,cpu,16836673,25359410,582332519
67.0103,gpu,54,0,0
67.2104,disk0,1109444428922880,2495359191,14711785347810264
67.2104,disk0w,2455505186816,20952541,1406381592971
67.2104,disk4,62420654614528,125627148,869654456884010
67.2104,disk4w,92291072,14003,1225021470
67.2104,disk8,69884958672896,70285711,640489042571520
67.2104,disk8w,592850944,74049,18941394999
67.2104,disk6,103983098083328,169025689,1518952470736474
67.2104,disk6w,42423025664,129812,47251876248
67.2104,ram,145506304,66475753472,320732
67.2104,cpu,16836673,25359410,582332519
67.2104,gpu,100,0,0
67.4103,disk0,1109445268078592,2495360505,14711799832593950
67.4103,disk0w,2455505186816,20952541,1406381592971
67.4103,disk4,62420935370752,125627722,869662185012660
67.4103,disk4w,92291072,14003,1225021470
67.4103,disk8,69885387900928,70286133,640497883482457
67.4103,disk8w,592850944,74049,18941394999
67.4103,disk6,103983451273216,169026088,1518956697392845
67.4103,disk6w,42423025664,129812,47251876248
67.4103,ram,155320320,72129527808,320732
67.4103,cpu,16836673,25359410,582332519
67.4103,gpu,85,0,0
67.6103,disk0,1109447774208000,2495364946,14711832787227682
67.6103,disk0w,2455505186816,20952541,1406381592971
67.6103,disk4,62421851195392,125629598,869680111520201
67.6103,disk4w,92291072,14003,1225021470
67.6103,disk8,69886641817600,70287374,640511068290987
67.6103,disk8w,592850944,74049,18941394999
67.6103,disk6,103984610211840,169027709,1518975623162689
67.6103,disk6w,42423025664,129812,47251876248
67.6103,ram,155320320,72129527808,320732
67.6103,cpu,16836673,25359410,582332519
67.6103,gpu,29,0,0
67.8103,disk0,1109450356867072,2495373720,14711873211639134
67.8103,disk0w,2455505186816,20952541,1406381592971
67.8103,disk4,62422685755392,125631309,869694276325919
67.8103,disk4w,92291072,14003,1225021470
67.8103,disk8,69887948195840,70288678,640524451118086
67.8103,disk8w,592850944,74049,18941394999
67.8103,disk6,103985828231168,169029567,1518995385250483
67.8103,disk6w,42423025664,129812,47251876248
67.8103,ram,155320320,72129527808,320732
67.8103,cpu,16836698,25359554,582334203
67.8103,gpu,42,0,0
68.0007,disk0,1109452677263360,2495377999,14711906265736040
68.0007,disk0w,2455505186816,20952541,1406381592971
68.0007,disk4,62423348209664,125632671,869706665896340
68.0007,disk4w,92291072,14003,1225021470
68.0007,disk8,69889153435648,70289872,640539520250111
68.0007,disk8w,592850944,74049,18941394999
68.0007,disk6,103986739279872,169030617,1519007171450724
68.0007,disk6w,42423025664,129812,47251876248
68.0007,ram,155320320,72129527808,320732
68.0007,cpu,16836698,25359554,582334203
68.0007,gpu,0,0,0
68.2103,disk0,1109455544987648,2495382153,14711939599397546
68.2103,disk0w,2455505199104,20952543,1406381627803
68.2103,disk4,62424172931072,125634362,869717343308984
68.2103,disk4w,92291072,14003,1225021470
68.2103,disk8,69890626406400,70291352,640552220234000
68.2103,disk8w,592850944,74049,18941394999
68.2103,disk6,103987994081280,169032115,1519021500697052
68.2103,disk6w,42423025664,129812,47251876248
68.2103,ram,155320320,72129527808,320732
68.2103,cpu,16836698,25359554,582334203
68.2103,gpu,29,0,0
68.4103,disk0,1109458226728960,2495386525,14711975657176259
68.4103,disk0w,2455505199104,20952543,1406381627803
68.4103,disk4,62424962557952,125635981,869732447782224
68.4103,disk4w,92291072,14003,1225021470
68.4103,disk8,69891993520128,70292710,640567192202809
68.4103,disk8w,592850944,74049,18941394999
68.4103,disk6,103989163112448,169033631,1519040592544015
68.4103,disk6w,42423025664,129812,47251876248
68.4103,ram,149028864,66013495296,320732
68.4103,cpu,16836698,25359554,582334203
68.4103,gpu,0,0,0
68.6104,disk0,1109460519567360,2495390105,14712005905111833
68.6104,disk0w,2455505199104,20952543,1406381627803
68.6104,disk4,62425637005312,125637363,869744846990138
68.6104,disk4w,92291072,14003,1225021470
68.6104,disk8,69893181016064,70293894,640580850066501
68.6104,disk8w,592850944,74049,18941394999
68.6104,disk6,103990257252352,169035460,1519062161977470
68.6104,disk6w,42423025664,129812,47251876248
68.6104,ram,149028864,66013495296,320732
68.6104,cpu,16836698,25359554,582334203
68.6104,gpu,72,0,0
68.8069,disk0,1109463135199232,2495395173,14712044088864930
68.8069,disk0w,2455505199104,20952543,1406381627803
68.8069,disk4,62426462873600,125639057,869760012891647
68.8069,disk4w,92291072,14003,1225021470
68.8069,disk8,69894521817088,70295237,640594617521426
68.8069,disk8w,592850944,74049,18941394999
68.8069,disk6,103991363127296,169037113,1519083351094328
68.8069,disk6w,42423025664,129812,47251876248
68.8069,ram,149028864,66013495296,320732
68.8069,cpu,16836717,25359724,582335861
68.8069,gpu,26,0,0
69.0041,disk0,1109465575321600,2495399150,14712078143924992
69.0041,disk0w,2455505199104,20952543,1406381627803
69.0041,disk4,62427147266048,125640462,869772977754254
69.0041,disk4w,92291072,14003,1225021470
69.0041,disk8,69895767607296,70296473,640609217928324
69.0041,disk8w,592850944,74049,18941394999
69.0041,disk6,103992538826752,169039141,1519108239068422
69.0041,disk6w,42423025664,129812,47251876248
69.0041,ram,149028864,66013495296,320732
69.0041,cpu,16836717,25359724,582335861
69.0041,gpu,49,0,0
69.2057,disk0,1109467934347264,2495403742,14712112683398740
69.2057,disk0w,2455505199104,20952543,1406381627803
69.2057,disk4,62427849222144,125641902,869783419539880
69.2057,disk4w,92291072,14003,1225021470
69.2057,disk8,69896943241216,70297640,640622821506839
69.2057,disk8w,592850944,74049,18941394999
69.2057,disk6,103993530255360,169040640,1519127132150123
69.2057,disk6w,42423025664,129812,47251876248
69.2057,ram,149028864,66013495296,320732
69.2057,cpu,16836717,25359724,582335861
69.2057,gpu,23,0,0
69.4103,disk0,1109470661050368,2495408970,14712146299411550
69.4103,disk0w,2455505199104,20952543,1406381627803
69.4103,disk4,62428477417472,125643171,869788743710455
69.4103,disk4w,92291072,14003,1225021470
69.4103,disk8,69898340435968,70299033,640634798777075
69.4103,disk8w,592850944,74049,18941394999
69.4103,disk6,103994808649728,169042605,1519144085123393
69.4103,disk6w,42423025664,129812,47251876248
69.4103,ram,149487616,65835515904,320732
69.4103,cpu,16836717,25359724,582335861
69.4103,gpu,18,0,0
69.6010,disk0,1109472758611968,2495412969,14712175224362319
69.6010,disk0w,2455505551360,20952553,1406385699633
69.6010,disk4,62428962072576,125644110,869793401665675
69.6010,disk4w,92291072,14003,1225021470
69.6010,disk8,69899376756736,70300058,640646048710155
69.6010,disk8w,592850944,74049,18941394999
69.6010,disk6,103995735562240,169044247,1519159592672642
69.6010,disk6w,42423025664,129812,47251876248
69.6010,ram,150519808,65852342272,320732
69.6010,cpu,16836717,25359724,582335861
69.6010,gpu,85,0,0
69.8104,disk0,1109475303882752,2495417786,14712205034605205
69.8104,disk0w,2455505551360,20952553,1406385699633
69.8104,disk4,62429647824896,125645439,869799103301495
69.8104,disk4w,92291072,14003,1225021470
69.8104,disk8,69900662736896,70301351,640654881245935
69.8104,disk8w,592850944,74049,18941394999
69.8104,disk6,103996912965632,169046512,1519175466950674
69.8104,disk6w,42423025664,129812,47251876248
69.8104,ram,150519808,65852342272,320732
69.8104,cpu,16836749,25359899,582337627
69.8104,gpu,47,1,0
70.0104,disk0,1109477481295872,2495422142,14712235166194162
70.0104,disk0w,2455505551360,20952553,1406385699633
70.0104,disk4,62430165493760,125646449,869804073147497
70.0104,disk4w,92291072,14003,1225021470
70.0104,disk8,69901773015040,70302458,640665636192230
70.0104,disk8w,592850944,74049,18941394999
70.0104,disk6,103997832599552,169048124,1519190347002544
70.0104,disk6w,42423025664,129812,47251876248
70.0104,ram,150519808,65852342272,320732
70.0104,cpu,16836750,25359900,582337648
70.0104,gpu,82,0,0
70.2094,disk0,1109479893504000,2495426542,14712265811279268
70.2094,disk0w,2455505551360,20952553,1406385699633
70.2094,disk4,62430823540736,125647750,869813733323480
70.2094,disk4w,92291072,14003,1225021470
70.2094,disk8,69902953220096,70303629,640677900056750
70.2094,disk8w,592850944,74049,18941394999
70.2094,disk6,103998820784128,169049747,1519205777623484
70.2094,disk6w,42423025664,129812,47251876248
70.2094,ram,150519808,65852342272,320732
70.2094,cpu,16836750,25359900,582337648
70.2094,gpu,32,3,0
70.4041,disk0,1109482226118656,2495431287,14712301471198989
70.4041,disk0w,2455505551360,20952553,1406385699633
70.4041,disk4,62431586854912,125649255,869825844704246
70.4041,disk4w,92291072,14003,1225021470
70.4041,disk8,69904138717184,70304808,640693451205156
70.4041,disk8w,592850944,74049,18941394999
70.4041,disk6,103999794665472,169051666,1519224070953662
70.4041,disk6w,42423025664,129812,47251876248
70.4041,ram,150519808,65852342272,320732
70.4041,cpu,16836750,25359900,582337648
70.4041,gpu,0,0,0
70.6029,disk0,1109484508446720,2495436411,14712335283232350
70.6029,disk0w,2455505559552,20952555,1406386693008
70.6029,disk4,62432294545408,125650647,869840546392619
70.6029,disk4w,92291072,14003,1225021470
70.6029,disk8,69905266313216,70305921,640708129180155
70.6029,disk8w,592850944,74049,18941394999
70.6029,disk6,104000769710080,169053287,1519240929245130
70.6029,disk6w,42423025664,129812,47251876248
70.6029,ram,73728000,67540566016,320755
70.6029,cpu,16836750,25359900,582337648
70.6029,gpu,60,1,0
70.8060,disk0,1109486654115840,2495442007,14712365222008114
70.8060,disk0w,2455505559552,20952555,1406386693008
70.8060,disk4,62432932423680,125651902,869848787026408
70.8060,disk4w,92291072,14003,1225021470
70.8060,disk8,69906354800640,70307006,640717675825618
70.8060,disk8w,592850944,74049,18941394999
70.8060,disk6,104001793726464,169055004,1519257442855059
70.8060,disk6w,42423025664,129812,47251876248
70.8060,ram,73728000,67540566016,320755
70.8060,cpu,16836784,25360056,582339206
70.8060,gpu,99,2,0
71.0051,disk0,1109488606707712,2495458226,14712398799647565
71.0051,disk0w,2455505608704,20952556,1406386729133
71.0051,disk4,62433478518784,125652975,869855403005843
71.0051,disk4w,92291072,14003,1225021470
71.0051,disk8,69907316721664,70307965,640725492110843
71.0051,disk8w,592850944,74049,18941394999
71.0051,disk6,104002469632000,169056178,1519267419195003
71.0051,disk6w,42423025664,129812,47251876248
71.0051,ram,73728000,67540566016,320755
71.0051,cpu,16836784,25360056,582339206
71.0051,gpu,49,1,0
71.2104,disk0,1109491331575808,2495462769,14712429147273406
71.2104,disk0w,2455505608704,20952556,1406386729133
71.2104,disk4,62434271340544,125654538,869864794060401
71.2104,disk4w,92291072,14003,1225021470
71.2104,disk8,69908730398720,70309383,640736595236943
71.2104,disk8w,592850944,74049,18941394999
71.2104,disk6,104003658274816,169058270,1519282377394689
71.2104,disk6w,42423025664,129812,47251876248
71.2104,ram,73728000,67540566016,320755
71.2104,cpu,16836784,25360056,582339206
71.2104,gpu,62,3,0
71.4104,disk0,1109493791461376,2495466783,14712461154377135
71.4104,disk0w,2455505608704,20952556,1406386729133
71.4104,disk4,62435008751616,125655996,869876651586268
71.4104,disk4w,92291072,14003,1225021470
71.4104,disk8,69909971994624,70310621,640748426961697
71.4104,disk8w,592850944,74049,18941394999
71.4104,disk6,104004725495808,169060253,1519301551465626
71.4104,disk6w,42423025664,129812,47251876248
71.4104,ram,73728000,67540566016,320755
71.4104,cpu,16836784,25360056,582339206
71.4104,gpu,33,2,0
71.6104,disk0,1109493791514624,2495466793,14712461155629756
71.6104,disk0w,2455505608704,20952556,1406386729133
71.6104,disk4,62435008751616,125655996,869876651586268
71.6104,disk4w,92291072,14003,1225021470
71.6104,disk8,69909971994624,70310621,640748426961697
71.6104,disk8w,592850944,74049,18941394999
71.6104,disk6,104004725495808,169060253,1519301551465626
71.6104,disk6w,42423025664,129812,47251876248
71.6104,ram,73220096,68830773248,320755
71.6104,cpu,16836784,25360056,582339206
71.6104,gpu,100,1,0
71.8104,disk0,1109495633883136,2495469712,14712490022641911
71.8104,disk0w,2455505666048,20952560,1406386819882
71.8104,disk4,62435616278528,125657241,869897001147479
71.8104,disk4w,92291072,14003,1225021470
71.8104,disk8,69910896101376,70311528,640764693928422
71.8104,disk8w,592850944,74049,18941394999
71.8104,disk6,104005560948736,169061341,1519312290495819
71.8104,disk6w,42423025664,129812,47251876248
71.8104,ram,73220096,68830773248,320755
71.8104,cpu,16836827,25360212,582340797
71.8104,gpu,0,0,0
72.0104,disk0,1109498156453888,2495474562,14712531822386214
72.0104,disk0w,2455505666048,20952560,1406386819882
72.0104,disk4,62436526663680,125659110,869919714543909
72.0104,disk4w,92291072,14003,1225021470
72.0104,disk8,69912194238464,70312813,640785750662975
72.0104,disk8w,592850944,74049,18941394999
72.0104,disk6,104006718593024,169063155,1519338908311070
72.0104,disk6w,42423025664,129812,47251876248
72.0104,ram,73220096,68830773248,320755
72.0104,cpu,16836827,25360214,582340818
72.0104,gpu,0,0,0
72.2104,disk0,1109500285620224,2495496189,14712570153669906
72.2104,disk0w,2455505666048,20952560,1406386819882
72.2104,disk4,62437256742912,125660607,869935661802009
72.2104,disk4w,92291072,14003,1225021470
72.2104,disk8,69913329846272,70313939,640798503725311
72.2104,disk8w,592850944,74049,18941394999
72.2104,disk6,104007867602944,169064976,1519358978066661
72.2104,disk6w,42423025664,129812,47251876248
72.2104,ram,73220096,68830773248,320755
72.2104,cpu,16836827,25360214,582340818
72.2104,gpu,36,0,0
72.4068,disk0,1109502704570368,2495500655,14712608755531400
72.4068,disk0w,2455505666048,20952560,1406386819882
72.4068,disk4,62437930444800,125661989,869951316357737
72.4068,disk4w,92291072,14003,1225021470
72.4068,disk8,69914563676160,70315163,640818038986493
72.4068,disk8w,592850944,74049,18941394999
72.4068,disk6,104008730236928,169066024,1519372513348650
72.4068,disk6w,42423025664,129812,47251876248
72.4068,ram,73220096,68830773248,320755
72.4068,cpu,16836827,25360214,582340818
72.4068,gpu,23,0,0
72.6011,disk0,1109505192120320,2495504381,14712644581932251
72.6011,disk0w,2455505666048,20952560,1406386819882
72.6011,disk4,62438755166208,125663681,869968904910670
72.6011,disk4w,92291072,14003,1225021470
72.6011,disk8,69915828652032,70316411,640836862603672
72.6011,disk8w,592850944,74049,18941394999
72.6011,disk6,104009885489152,169067342,1519393543029436
72.6011,disk6w,42423025664,129812,47251876248
72.6011,ram,85606400,72183349248,320760
72.6011,cpu,16836827,25360214,582340818
72.6011,gpu,20,0,0
72.8108,disk0,1109507922042880,2495508603,14712681212722982
72.8108,disk0w,2455505666048,20952560,1406386819882
72.8108,disk4,62439515482112,125665239,869982233017873
72.8108,disk4w,92291072,14003,1225021470
72.8108,disk8,69917216344064,70317795,640852494421047
72.8108,disk8w,592850944,74049,18941394999
72.8108,disk6,104011090450432,169068878,1519412064809077
72.8108,disk6w,42423025664,129812,47251876248
72.8108,ram,85753856,72250474496,320760
72.8108,cpu,16836842,25360381,582342396
72.8108,gpu,28,0,0
73.0005,disk0,1109509951074304,2495511908,14712711306073511
73.0005,disk0w,2455505666048,20952560,1406386819882
73.0005,disk4,62440121411584,125666482,869994573764217
73.0005,disk4w,92291072,14003,1225021470
73.0005,disk8,69918239639552,70318805,640867206288055
73.0005,disk8w,592850944,74049,18941394999
73.0005,disk6,104011916515328,169069904,1519425160507189
73.0005,disk6w,42423025664,129812,47251876248
73.0005,ram,85753856,72250474496,320760
73.0005,cpu,16836845,25360403,582342604
73.0005,gpu,55,1,0
73.2104,disk0,1109512430571520,2495515548,14712747359586401
73.2104,disk0w,2455505666048,20952560,1406386819882
73.2104,disk4,62440913512448,125668111,870013787674681
73.2104,disk4w,92291072,14003,1225021470
73.2104,disk8,69919486527488,70320037,640885738483303
73.2104,disk8w,592850944,74049,18941394999
73.2104,disk6,104013147723776,169071807,1519451629392537
73.2104,disk6w,42423025664,129812,47251876248
73.2104,ram,85753856,72250474496,320760
73.2104,cpu,16836845,25360403,582342604
73.2104,gpu,0,0,0
73.4104,disk0,1109514773213184,2495519959,14712779767426269
73.4104,disk0w,2455505666048,20952560,1406386819882
73.4104,disk4,62441601083392,125669519,870026381321553
73.4104,disk4w,92291072,14003,1225021470
73.4104,disk8,69920670468096,70321218,640898550890700
73.4104,disk8w,592850944,74049,18941394999
73.4104,disk6,104014022924288,169073353,1519470546813492
73.4104,disk6w,42423025664,129812,47251876248
73.4104,ram,85753856,72250474496,320760
73.4104,cpu,16836845,25360403,582342604
73.4104,gpu,62,0,0
73.6104,disk0,1109517164138496,2495524329,14712817325036971
73.6104,disk0w,2455505666048,20952560,1406386819882
73.6104,disk4,62442368542720,125671097,870047100265220
73.6104,disk4w,92291072,14003,1225021470
73.6104,disk8,69921904461824,70322438,640916511622114
73.6104,disk8w,592850944,74049,18941394999
73.6104,disk6,104015175276544,169074896,1519492699313713
73.6104,disk6w,42423025664,129812,47251876248
73.6104,ram,140787712,65776926720,320760
73.6104,cpu,16836845,25360403,582342604
73.6104,gpu,0,0,0
73.8104,disk0,1109519437737984,2495528222,14712850145069459
73.8104,disk0w,2455505666048,20952560,1406386819882
73.8104,disk4,62443148937216,125672695,870065271724733
73.8104,disk4w,92291072,14003,1225021470
73.8104,disk8,69923066742784,70323593,640931701411810
73.8104,disk8w,592850944,74049,18941394999
73.8104,disk6,104016245168128,169076376,1519512809216838
73.8104,disk6w,42423025664,129812,47251876248
73.8104,ram,140787712,65776926720,320760
73.8104,cpu,16836845,25360403,582342604
73.8104,gpu,60,0,0
74.0104,disk0,1109521702449152,2495533009,14712885305624146
74.0104,disk0w,2455505666048,20952560,1406386819882
74.0104,disk4,62443721156608,125673872,870076530040581
74.0104,disk4w,92291072,14003,1225021470
74.0104,disk8,69924191520768,70324709,640947681967880
74.0104,disk8w,592850944,74049,18941394999
74.0104,disk6,104017205319680,169077798,1519534240299158
74.0104,disk6w,42423025664,129812,47251876248
74.0104,ram,140787712,65776926720,320760
74.0104,cpu,16836856,25360521,582344043
74.0104,gpu,0,0,0
74.2104,disk0,1109524256808960,2495537586,14712917908044673
74.2104,disk0w,2455505666048,20952560,1406386819882
74.2104,disk4,62444357478400,125675155,870086998031774
74.2104,disk4w,92291072,14003,1225021470
74.2104,disk8,69925478385664,70325986,640959917711717
74.2104,disk8w,592850944,74049,18941394999
74.2104,disk6,104018302375936,169079393,1519552289876242
74.2104,disk6w,42423025664,129812,47251876248
74.2104,ram,140787712,65776926720,320760
74.2104,cpu,16836856,25360521,582344043
74.2104,gpu,67,0,0
74.4104,disk0,1109526530572288,2495542077,14712951312343758
74.4104,disk0w,2455505666048,20952560,1406386819882
74.4104,disk4,62444984625152,125676371,870093948338660
74.4104,disk4w,92291072,14003,1225021470
74.4104,disk8,69926650169344,70327158,640972579203142
74.4104,disk8w,592850944,74049,18941394999
74.4104,disk6,104019378001920,169081094,1519569825042817
74.4104,disk6w,42423025664,129812,47251876248
74.4104,ram,140787712,65776926720,320760
74.4104,cpu,16836856,25360521,582344043
74.4104,gpu,33,0,0
74.6035,disk0,1109528931815424,2495547081,14712978971493581
74.6035,disk0w,2455507374080,20952574,1406387236962
74.6035,disk4,62445700605952,125677758,870099725653588
74.6035,disk4w,92291072,14003,1225021470
74.6035,disk8,69927872825344,70328390,640979922577622
74.6035,disk8w,592850944,74049,18941394999
74.6035,disk6,104020448368640,169083095,1519583015230850
74.6035,disk6w,42423025664,129812,47251876248
74.6035,ram,169984000,66894397440,320760
74.6035,cpu,16836856,25360521,582344043
74.6035,gpu,70,0,0
74.8104,disk0,1109531204272128,2495551592,14713006624712543
74.8104,disk0w,2455509786624,20952909,1406397524846
74.8104,disk4,62446432151552,125679185,870108085138878
74.8104,disk4w,92291072,14003,1225021470
74.8104,disk8,69929042413568,70329556,640989476322651
74.8104,disk8w,592850944,74049,18941394999
74.8104,disk6,104021453789184,169084694,1519595919695184
74.8104,disk6w,42423025664,129812,47251876248
74.8104,ram,167559168,66964291584,320760
74.8104,cpu,16836856,25360521,582344043
74.8104,gpu,70,3,0
75.0104,disk0,1109533642149888,2495556315,14713041141495216
75.0104,disk0w,2455509786624,20952909,1406397524846
75.0104,disk4,62447183931392,125680674,870117944092842
75.0104,disk4w,92291072,14003,1225021470
75.0104,disk8,69930248357888,70330757,641002236389837
75.0104,disk8w,592850944,74049,18941394999
75.0104,disk6,104022540802048,169086512,1519615424044420
75.0104,disk6w,42423025664,129812,47251876248
75.0104,ram,167559168,66964291584,320760
75.0104,cpu,16836877,25360688,582345710
75.0104,gpu,65,1,0
75.2014,disk0,1109535688228864,2495560305,14713071507829611
75.2014,disk0w,2455509790720,20952910,1406397581262
75.2014,disk4,62447861098496,125682009,870132837557754
75.2014,disk4w,92291072,14003,1225021470
75.2014,disk8,69931256891392,70331758,641014614484293
75.2014,disk8w,592850944,74049,18941394999
75.2014,disk6,104023455258624,169088295,1519634405199183
75.2014,disk6w,42423025664,129812,47251876248
75.2014,ram,167559168,66964291584,320760
75.2014,cpu,16836877,25360688,582345710
75.2014,gpu,95,0,0
75.4071,disk0,1109538107817984,2495565414,14713107168181594
75.4071,disk0w,2455509790720,20952910,1406397581262
75.4071,disk4,62448704841728,125683670,870151406817765
75.4071,disk4w,92291072,14003,1225021470
75.4071,disk8,69932475729920,70332965,641030099724908
75.4071,disk8w,592850944,74049,18941394999
75.4071,disk6,104024510666752,169089911,1519652931041650
75.4071,disk6w,42423025664,129812,47251876248
75.4071,ram,167559168,66964291584,320760
75.4071,cpu,16836877,25360688,582345710
75.4071,gpu,54,1,0
75.6051,disk0,1109540617445376,2495574213,14713147030010798
75.6051,disk0w,2455509798912,20952912,1406397627803
75.6051,disk4,62449561167872,125685354,870164891262612
75.6051,disk4w,92291072,14003,1225021470
75.6051,disk8,69933779847168,70334262,641042748510473
75.6051,disk8w,592850944,74049,18941394999
75.6051,disk6,104025598613504,169091688,1519668559963941
75.6051,disk6w,42423025664,129812,47251876248
75.6051,ram,131825664,67168288768,320760
75.6051,cpu,16836877,25360688,582345710
75.6051,gpu,0,0,0
75.8104,disk0,1109542627844096,2495588052,14713182865967655
75.8104,disk0w,2455509798912,20952912,1406397627803
75.8104,disk4,62450187642880,125686585,870173793233314
75.8104,disk4w,92291072,14003,1225021470
75.8104,disk8,69934823147520,70335301,641052667471036
75.8104,disk8w,592850944,74049,18941394999
75.8104,disk6,104026467035136,169093163,1519684500857703
75.8104,disk6w,42423025664,129812,47251876248
75.8104,ram,132595712,67235397632,320760
75.8104,cpu,16836877,25360688,582345710
75.8104,gpu,39,0,0
76.0029,disk0,1109544962596864,2495591818,14713211727094388
76.0029,disk0w,2455509798912,20952912,1406397627803
76.0029,disk4,62450875418624,125687934,870181536907407
76.0029,disk4w,92291072,14003,1225021470
76.0029,disk8,69936021555200,70336494,641062983699849
76.0029,disk8w,592850944,74049,18941394999
76.0029,disk6,104027624122368,169095152,1519701735632164
76.0029,disk6w,42423025664,129812,47251876248
76.0029,ram,132595712,67235397632,320760
76.0029,cpu,16836936,25360874,582347316
76.0029,gpu,0,0,0
76.2104,disk0,1109547254652928,2495595441,14713241653935365
76.2104,disk0w,2455509798912,20952912,1406397627803
76.2104,disk4,62451549685760,125689265,870190531653051
76.2104,disk4w,92291072,14003,1225021470
76.2104,disk8,69937194960896,70337658,641075074797974
76.2104,disk8w,592850944,74049,18941394999
76.2104,disk6,104028360189952,169096607,1519712696872935
76.2104,disk6w,42423025664,129812,47251876248
76.2104,ram,132595712,67235397632,320760
76.2104,cpu,16836936,25360874,582347316
76.2104,gpu,61,1,0
76.4104,disk0,1109548118634496,2495596913,14713255366768257
76.4104,disk0w,2455509798912,20952912,1406397627803
76.4104,disk4,62451723167744,125689614,870195109075442
76.4104,disk4w,92291072,14003,1225021470
76.4104,disk8,69937608181760,70338067,641081579557890
76.4104,disk8w,592850944,74049,18941394999
76.4104,disk6,104028651857920,169097130,1519718211666223
76.4104,disk6w,42423025664,129812,47251876248
76.4104,ram,132595712,67235397632,320760
76.4104,cpu,16836936,25360874,582347316
76.4104,gpu,100,1,0
76.6104,disk0,1109548118650880,2495596917,14713255367379380
76.6104,disk0w,2455509798912,20952912,1406397627803
76.6104,disk4,62451723167744,125689614,870195109075442
76.6104,disk4w,92291072,14003,1225021470
76.6104,disk8,69937608181760,70338067,641081579557890
76.6104,disk8w,592850944,74049,18941394999
76.6104,disk6,104028651857920,169097130,1519718211666223
76.6104,disk6w,42423025664,129812,47251876248
76.6104,ram,140967936,71639007232,320760
76.6104,cpu,16836936,25360874,582347316
76.6104,gpu,96,0,0
76.8104,disk0,1109548390625280,2495597289,14713256283150547
76.8104,disk0w,2455509868544,20952916,1406397720718
76.8104,disk4,62451740731392,125689650,870195172963763
76.8104,disk4w,92291072,14003,1225021470
76.8104,disk8,69937678387200,70338139,641081712538036
76.8104,disk8w,592850944,74049,18941394999
76.8104,disk6,104028853839872,169097411,1519720053279961
76.8104,disk6w,42423025664,129812,47251876248
76.8104,ram,141492224,71639875584,320760
76.8104,cpu,16836936,25360874,582347316
76.8104,gpu,0,0,0
77.0104,disk0,1109549989621760,2495599586,14713284711178252
77.0104,disk0w,2455509868544,20952916,1406397720718
77.0104,disk4,62452369434624,125690936,870217794871992
77.0104,disk4w,92291072,14003,1225021470
77.0104,disk8,69938471553024,70338915,641099212180991
77.0104,disk8w,592850944,74049,18941394999
77.0104,disk6,104029494323200,169098294,1519729353149756
77.0104,disk6w,42423025664,129812,47251876248
77.0104,ram,141492224,71639875584,320760
77.0104,cpu,16837032,25361001,582348951
77.0104,gpu,39,0,0
77.2104,disk0,1109552425971712,2495604283,14713320111192260
77.2104,disk0w,2455509868544,20952916,1406397720718
77.2104,disk4,62453264861184,125692770,870239463646427
77.2104,disk4w,92291072,14003,1225021470
77.2104,disk8,69939693258752,70340118,641116904643492
77.2104,disk8w,592850944,74049,18941394999
77.2104,disk6,104030579861504,169099909,1519750747672510
77.2104,disk6w,42423025664,129812,47251876248
77.2104,ram,141492224,71639875584,320760
77.2104,cpu,16837032,25361001,582348951
77.2104,gpu,17,0,0
77.4104,disk0,1109554777010176,2495621769,14713367861919536
77.4104,disk0w,2455509868544,20952916,1406397720718
77.4104,disk4,62454162302976,125694616,870268061029511
77.4104,disk4w,92291072,14003,1225021470
77.4104,disk8,69940889585664,70341303,641138884076608
77.4104,disk8w,592850944,74049,18941394999
77.4104,disk6,104031784249344,169101800,1519783312657048
77.4104,disk6w,42423025664,129812,47251876248
77.4104,ram,141492224,71639875584,320760
77.4104,cpu,16837032,25361001,582348951
77.4104,gpu,0,0,0
77.6083,disk0,1109557052014592,2495625769,14713402114079871
77.6083,disk0w,2455509868544,20952916,1406397720718
77.6083,disk4,62454881740800,125696093,870286049902153
77.6083,disk4w,92291072,14003,1225021470
77.6083,disk8,69942021310464,70342422,641157327798695
77.6083,disk8w,592850944,74049,18941394999
77.6083,disk6,104032872228864,169103459,1519807510117995
77.6083,disk6w,42423025664,129812,47251876248
77.6083,ram,141492224,71639875584,320760
77.6083,cpu,16837032,25361001,582348951
77.6083,gpu,21,0,0
77.8053,disk0,1109559153049600,2495629526,14713437794282569
77.8053,disk0w,2455509868544,20952916,1406397720718
77.8053,disk4,62455591012352,125697544,870306320917343
77.8053,disk4w,92291072,14003,1225021470
77.8053,disk8,69943117252608,70343495,641179451850029
77.8053,disk8w,592850944,74049,18941394999
77.8053,disk6,104033705928704,169104426,1519822642424902
77.8053,disk6w,42423025664,129812,47251876248
77.8053,ram,78020608,69845893120,320765
77.8053,cpu,16837032,25361001,582348951
77.8053,gpu,53,0,0
78.0017,disk0,1109561297338368,2495633099,14713471644069327
78.0017,disk0w,2455509868544,20952916,1406397720718
78.0017,disk4,62456303101952,125699010,870327253284806
78.0017,disk4w,92291072,14003,1225021470
78.0017,disk8,69944170858496,70344531,641200046992257
78.0017,disk8w,592850944,74049,18941394999
78.0017,disk6,104034688395264,169105603,1519843836769098
78.0017,disk6w,42423025664,129812,47251876248
78.0017,ram,78020608,69845893120,320765
78.0017,cpu,16837047,25361173,582350619
78.0017,gpu,54,0,0
78.2033,disk0,1109563491823616,2495636031,14713503202436562
78.2033,disk0w,2455509868544,20952916,1406397720718
78.2033,disk4,62457083963392,125700614,870348536839628
78.2033,disk4w,92291072,14003,1225021470
78.2033,disk8,69945302648832,70345648,641218007137375
78.2033,disk8w,592850944,74049,18941394999
78.2033,disk6,104035794905088,169106908,1519864913327443
78.2033,disk6w,42423025664,129812,47251876248
78.2033,ram,78020608,69845893120,320765
78.2033,cpu,16837047,25361173,582350619
78.2033,gpu,72,0,0
78.4104,disk0,1109565960646656,2495640270,14713543594447075
78.4104,disk0w,2455509868544,20952916,1406397720718
78.4104,disk4,62457917483008,125702325,870371872708159
78.4104,disk4w,92291072,14003,1225021470
78.4104,disk8,69946540754944,70346865,641242763742639
78.4104,disk8w,592850944,74049,18941394999
78.4104,disk6,104036890585088,169108238,1519884102522065
78.4104,disk6w,42423025664,129812,47251876248
78.4104,ram,78020608,69845893120,320765
78.4104,cpu,16837047,25361173,582350619
78.4104,gpu,0,0,0
78.6104,disk0,1109568395194368,2495644140,14713579948635100
78.6104,disk0w,2455509868544,20952916,1406397720718
78.6104,disk4,62458663249920,125703853,870393144483049
78.6104,disk4w,92291072,14003,1225021470
78.6104,disk8,69947741669376,70348053,641262387274751
78.6104,disk8w,592850944,74049,18941394999
78.6104,disk6,104038048737280,169109865,1519910727037595
78.6104,disk6w,42423025664,129812,47251876248
78.6104,ram,78020608,69845893120,320765
78.6104,cpu,16837047,25361173,582350619
78.6104,gpu,59,0,0
78.8020,disk0,1109570651033600,2495647314,14713612440951715
78.8020,disk0w,2455509868544,20952916,1406397720718
78.8020,disk4,62459346167808,125705255,870410666855136
78.8020,disk4w,92291072,14003,1225021470
78.8020,disk8,69948886386688,70349188,641280051307468
78.8020,disk8w,592850944,74049,18941394999
78.8020,disk6,104039145023488,169111496,1519934924718937
78.8020,disk6w,42423025664,129812,47251876248
78.8020,ram,106053632,66390147072,320765
78.8020,cpu,16837047,25361173,582350619
78.8020,gpu,95,0,0
79.0079,disk0,1109573036589056,2495651940,14713649277362994
79.0079,disk0w,2455509868544,20952916,1406397720718
79.0079,disk4,62460046034944,125706687,870423232096492
79.0079,disk4w,92291072,14003,1225021470
79.0079,disk8,69950090332160,70350375,641298346630612
79.0079,disk8w,592850944,74049,18941394999
79.0079,disk6,104040179820544,169113216,1519960136764940
79.0079,disk6w,42423025664,129812,47251876248
79.0079,ram,106053632,66390147072,320765
79.0079,cpu,16837061,25361328,582352275
79.0079,gpu,72,0,0
79.2104,disk0,1109575406694400,2495656338,14713688138646000
79.2104,disk0w,2455509868544,20952916,1406397720718
79.2104,disk4,62460913305600,125708466,870449122525978
79.2104,disk4w,92291072,14003,1225021470
79.2104,disk8,69951272568832,70351545,641316400393222
79.2104,disk8w,592850944,74049,18941394999
79.2104,disk6,104041285892096,169114993,1519984636278064
79.2104,disk6w,42423025664,129812,47251876248
79.2104,ram,106053632,66390147072,320765
79.2104,cpu,16837061,25361329,582352301
79.2104,gpu,0,0,0
79.4012,disk0,1109577309380608,2495659878,14713718826638875
79.4012,disk0w,2455509868544,20952916,1406397720718
79.4012,disk4,62461549799424,125709777,870466710165478
79.4012,disk4w,92291072,14003,1225021470
79.4012,disk8,69952251103232,70352511,641333226466776
79.4012,disk8w,592850944,74049,18941394999
79.4012,disk6,104042251368448,169116581,1520007798312650
79.4012,disk6w,42423025664,129812,47251876248
79.4012,ram,106053632,66390147072,320765
79.4012,cpu,16837061,25361329,582352301
79.4012,gpu,70,0,0
79.6104,disk0,1109579783151616,2495664503,14713757048163450
79.6104,disk0w,2455509868544,20952916,1406397720718
79.6104,disk4,62462269220864,125711252,870481419740819
79.6104,disk4w,92291072,14003,1225021470
79.6104,disk8,69953464928256,70353705,641351564720749
79.6104,disk8w,592850944,74049,18941394999
79.6104,disk6,104043428067328,169118283,1520033314708126
79.6104,disk6w,42423025664,129812,47251876248
79.6104,ram,106053632,66390147072,320765
79.6104,cpu,16837061,25361329,582352301
79.6104,gpu,0,0,0
79.8104,disk0,1109582069772288,2495669324,14713789305271845
79.8104,disk0w,2455509868544,20952916,1406397720718
79.8104,disk4,62462890330112,125712521,870492096235331
79.8104,disk4w,92291072,14003,1225021470
79.8104,disk8,69954621868032,70354853,641365012342900
79.8104,disk8w,592850944,74049,18941394999
79.8104,disk6,104044441180160,169119768,1520049908535342
79.8104,disk6w,42423025664,129812,47251876248
79.8104,ram,86605824,66234597376,320765
79.8104,cpu,16837061,25361329,582352301
79.8104,gpu,65,2,0
80.0104,disk0,1109584355241984,2495673414,14713820046144488
80.0104,disk0w,2455509868544,20952916,1406397720718
80.0104,disk4,62463591393280,125713903,870505527153207
80.0104,disk4w,92291072,14003,1225021470
80.0104,disk8,69955808512000,70356035,641378264991441
80.0104,disk8w,592850944,74049,18941394999
80.0104,disk6,104045556111360,169121533,1520071314576338
80.0104,disk6w,42423025664,129812,47251876248
80.0104,ram,86605824,66234597376,320765
80.0104,cpu,16837081,25361480,582353893
80.0104,gpu,94,7,0
80.2104,disk0,1109586732163072,2495678275,14713857585843259
80.2104,disk0w,2455509868544,20952916,1406397720718
80.2104,disk4,62464208267264,125715099,870514221087843
80.2104,disk4w,92291072,14003,1225021470
80.2104,disk8,69957015209984,70357233,641395497199683
80.2104,disk8w,592850944,74049,18941394999
80.2104,disk6,104046550493184,169123464,1520094094533867
80.2104,disk6w,42423025664,129812,47251876248
80.2104,ram,86605824,66234597376,320765
80.2104,cpu,16837082,25361485,582353977
80.2104,gpu,40,2,0
80.4104,disk0,1109588951887872,2495682303,14713886698040002
80.4104,disk0w,2455509868544,20952916,1406397720718
80.4104,disk4,62464717121536,125716085,870519003224508
80.4104,disk4w,92291072,14003,1225021470
80.4104,disk8,69958155798528,70358362,641408606863466
80.4104,disk8w,592850944,74049,18941394999
80.4104,disk6,104047612110848,169125433,1520116462051969
80.4104,disk6w,42423025664,129812,47251876248
80.4104,ram,86605824,66234597376,320765
80.4104,cpu,16837082,25361485,582353977
80.4104,gpu,95,0,0
80.6104,disk0,1109591074017280,2495686743,14713918274514564
80.6104,disk0w,2455509868544,20952916,1406397720718
80.6104,disk4,62465395337216,125717399,870531130327367
80.6104,disk4w,92291072,14003,1225021470
80.6104,disk8,69959238043648,70359435,641420538831652
80.6104,disk8w,592850944,74049,18941394999
80.6104,disk6,104048480745472,169127032,1520133058711642
80.6104,disk6w,42423025664,129812,47251876248
80.6104,ram,86605824,66234597376,320765
80.6104,cpu,16837082,25361485,582353977
80.6104,gpu,79,1,0
80.8046,disk0,1109593259970560,2495691268,14713951311876537
80.8046,disk0w,2455509868544,20952916,1406397720718
80.8046,disk4,62466059544576,125718715,870543560179518
80.8046,disk4w,92291072,14003,1225021470
80.8046,disk8,69960357857280,70360551,641435676357639
80.8046,disk8w,592850944,74049,18941394999
80.8046,disk6,104049469732864,169128756,1520154012163837
80.8046,disk6w,42423025664,129812,47251876248
80.8046,ram,79429632,66211840000,320765
80.8046,cpu,16837082,25361485,582353977
80.8046,gpu,0,0,0
81.0034,disk0,1109595563966464,2495695353,14713985018681851
81.0034,disk0w,2455509889024,20952918,1406397753134
81.0034,disk4,62466801264640,125720171,870557329982979
81.0034,disk4w,92291072,14003,1225021470
81.0034,disk8,69961525839872,70361712,641449761537510
81.0034,disk8w,592850944,74049,18941394999
81.0034,disk6,104050515884032,169130854,1520176001631411
81.0034,disk6w,42423025664,129812,47251876248
81.0034,ram,79429632,66211840000,320765
81.0034,cpu,16837082,25361485,582353977
81.0034,gpu,34,4,0
81.2104,disk0,1109597946150912,2495700054,14714020022751843
81.2104,disk0w,2455509970944,20952924,1406397874132
81.2104,disk4,62467524782080,125721601,870571538458711
81.2104,disk4w,92291072,14003,1225021470
81.2104,disk8,69962718464000,70362892,641463498372127
81.2104,disk8w,592850944,74049,18941394999
81.2104,disk6,104051468613632,169132542,1520194248374762
81.2104,disk6w,42423025664,129812,47251876248
81.2104,ram,79429632,66211840000,320765
81.2104,cpu,16837126,25361658,582355611
81.2104,gpu,80,0,0
81.4104,disk0,1109600269012992,2495704490,14714053623152805
81.4104,disk0w,2455509970944,20952924,1406397874132
81.4104,disk4,62468165265408,125722862,870581804103239
81.4104,disk4w,92291072,14003,1225021470
81.4104,disk8,69963868817408,70364035,641477193092110
81.4104,disk8w,592850944,74049,18941394999
81.4104,disk6,104052507981824,169134138,1520212453080916
81.4104,disk6w,42423025664,129812,47251876248
81.4104,ram,79429632,66211840000,320765
81.4104,cpu,16837126,25361658,582355611
81.4104,gpu,31,2,0
81.6104,disk0,1109602417278976,2495712135,14714087275506443
81.6104,disk0w,2455509970944,20952924,1406397874132
81.6104,disk4,62468809369600,125724125,870589341753028
81.6104,disk4w,92291072,14003,1225021470
81.6104,disk8,69964975982592,70365138,641488429942848
81.6104,disk8w,592850944,74049,18941394999
81.6104,disk6,104053442902016,169135773,1520228921449796
81.6104,disk6w,42423025664,129812,47251876248
81.6104,ram,79429632,66211840000,320765
81.6104,cpu,16837126,25361658,582355611
81.6104,gpu,25,2,0
81.8012,disk0,1109604101066752,2495731986,14714121264442497
81.8012,disk0w,2455509970944,20952924,1406397874132
81.8012,disk4,62469186725888,125724868,870593722796622
81.8012,disk4w,92291072,14003,1225021470
81.8012,disk8,69965836470272,70366000,641499024343143
81.8012,disk8w,592850944,74049,18941394999
81.8012,disk6,104054084810752,169136795,1520241095159540
81.8012,disk6w,42423025664,129812,47251876248
81.8012,ram,91439104,66254520320,320765
81.8012,cpu,16837126,25361658,582355611
81.8012,gpu,75,0,0
82.0103,disk0,1109606561980416,2495736076,14714155918818364
82.0103,disk0w,2455509970944,20952924,1406397874132
82.0103,disk4,62469928855552,125726327,870610576005853
82.0103,disk4w,92291072,14003,1225021470
82.0103,disk8,69967060879360,70367219,641513466952502
82.0103,disk8w,592850944,74049,18941394999
82.0103,disk6,104055227856896,169138847,1520263686610599
82.0103,disk6w,42423025664,129812,47251876248
82.0103,ram,94142464,66254520320,320765
82.0103,cpu,16837126,25361658,582355611
82.0103,gpu,66,0,0
82.2104,disk0,1109608931266560,2495740107,14714189412277548
82.2104,disk0w,2455509975040,20952925,1406397894548
82.2104,disk4,62470753576960,125727952,870624638225734
82.2104,disk4w,92291072,14003,1225021470
82.2104,disk8,69968271525888,70368423,641527254788881
82.2104,disk8w,592850944,74049,18941394999
82.2104,disk6,104056192956416,169140864,1520284873537369
82.2104,disk6w,42423025664,129812,47251876248
82.2104,ram,94142464,66254520320,320765
82.2104,cpu,16837156,25361841,582357105
82.2104,gpu,47,0,0
82.4088,disk0,1109610835107840,2495743335,14714212665621846
82.4088,disk0w,2455509975040,20952925,1406397894548
82.4088,disk4,62471350200320,125729150,870633822906600
82.4088,disk4w,92291072,14003,1225021470
82.4088,disk8,69969210361856,70369356,641535920782567
82.4088,disk8w,592850944,74049,18941394999
82.4088,disk6,104057000130560,169142160,1520296278924150
82.4088,disk6w,42423025664,129812,47251876248
82.4088,ram,94142464,66254520320,320765
82.4088,cpu,16837156,25361841,582357105
82.4088,gpu,0,0,0
82.6077,disk0,1109613479788544,2495749054,14714228774011017
82.6077,disk0w,2455509975040,20952925,1406397894548
82.6077,disk4,62471946856448,125730373,870635862182974
82.6077,disk4w,92291072,14003,1225021470
82.6077,disk8,69970539268096,70370719,641539493140158
82.6077,disk8w,592850944,74049,18941394999
82.6077,disk6,104058131986432,169143814,1520300339327685
82.6077,disk6w,42423025664,129812,47251876248
82.6077,ram,94142464,66254520320,320765
82.6077,cpu,16837156,25361841,582357105
82.6077,gpu,37,1,0
82.8059,disk0,1109616147877888,2495753272,14714242885862682
82.8059,disk0w,2455509975040,20952925,1406397894548
82.8059,disk4,62472556808192,125731623,870637991346732
82.8059,disk4w,92291072,14003,1225021470
82.8059,disk8,69971890702336,70372106,641543094140117
82.8059,disk8w,592850944,74049,18941394999
82.8059,disk6,104059227633664,169145383,1520303839424613
82.8059,disk6w,42423025664,129812,47251876248
82.8059,ram,132349952,67843325952,320765
82.8059,cpu,16837156,25361841,582357105
82.8059,gpu,30,0,0
83.0055,disk0,1109618816663552,2495758348,14714259204322894
83.0055,disk0w,2455509975040,20952925,1406397894548
83.0055,disk4,62473080473600,125732698,870639822057746
83.0055,disk4w,92291072,14003,1225021470
83.0055,disk8,69973262501888,70373513,641546804483433
83.0055,disk8w,592850944,74049,18941394999
83.0055,disk6,104060413016064,169147213,1520308206433597
83.0055,disk6w,42423025664,129812,47251876248
83.0055,ram,131514368,67985981440,320765
83.0055,cpu,16837156,25361841,582357105
83.0055,gpu,41,0,0
83.2104,disk0,1109621565403136,2495763465,14714275167184643
83.2104,disk0w,2455509975040,20952925,1406397894548
83.2104,disk4,62473631410176,125733770,870641584837791
83.2104,disk4w,92291072,14003,1225021470
83.2104,disk8,69974679422976,70374967,641550769076660
83.2104,disk8w,592850944,74049,18941394999
83.2104,disk6,104061597939712,169149282,1520313614860406
83.2104,disk6w,42423025664,129812,47251876248
83.2104,ram,131514368,67985981440,320765
83.2104,cpu,16837174,25361968,582358815
83.2104,gpu,33,0,0
83.4104,disk0,1109624221970432,2495768780,14714291552950919
83.4104,disk0w,2455509975040,20952925,1406397894548
83.4104,disk4,62474289473536,125735070,870643877419157
83.4104,disk4w,92291072,14003,1225021470
83.4104,disk8,69976019896320,70376341,641554503886907
83.4104,disk8w,592850944,74049,18941394999
83.4104,disk6,104062677153792,169151134,1520317882421467
83.4104,disk6w,42423025664,129812,47251876248
83.4104,ram,131514368,67985981440,320765
83.4104,cpu,16837174,25361968,582358815
83.4104,gpu,35,0,0
83.6104,disk0,1109626694209536,2495774588,14714309491863008
83.6104,disk0w,2455509975040,20952925,1406397894548
83.6104,disk4,62474889275392,125736255,870645875187562
83.6104,disk4w,92291072,14003,1225021470
83.6104,disk8,69977283659776,70377638,641558064260888
83.6104,disk8w,592850944,74049,18941394999
83.6104,disk6,104063646595072,169153030,1520321950743002
83.6104,disk6w,42423025664,129812,47251876248
83.6104,ram,131514368,67985981440,320765
83.6104,cpu,16837174,25361968,582358815
83.6104,gpu,0,0,0
83.8104,disk0,1109627931918336,2495776509,14714320835416471
83.8104,disk0w,2455509975040,20952925,1406397894548
83.8104,disk4,62475283351552,125737053,870651132892288
83.8104,disk4w,92291072,14003,1225021470
83.8104,disk8,69977904744448,70378259,641562121663811
83.8104,disk8w,592850944,74049,18941394999
83.8104,disk6,104064217937920,169153872,1520327641448519
83.8104,disk6w,42423025664,129812,47251876248
83.8104,ram,144867328,68812161024,320765
83.8104,cpu,16837174,25361968,582358815
83.8104,gpu,22,0,0
84.0023,disk0,1109630400241664,2495785187,14714350522637200
84.0023,disk0w,2455509975040,20952925,1406397894548
84.0023,disk4,62476061894656,125738648,870659530289473
84.0023,disk4w,92291072,14003,1225021470
84.0023,disk8,69979185383424,70379552,641569700567717
84.0023,disk8w,592850944,74049,18941394999
84.0023,disk6,104065239250944,169155454,1520336176577982
84.0023,disk6w,42423025664,129812,47251876248
84.0023,ram,143376384,68863868928,320765
84.0023,cpu,16837174,25361968,582358815
84.0023,gpu,0,0,0
84.2019,disk0,1109633077772288,2495789846,14714373878024953
84.2019,disk0w,2455509975040,20952925,1406397894548
84.2019,disk4,62476765571072,125740090,870665154708941
84.2019,disk4w,92291072,14003,1225021470
84.2019,disk8,69980552464384,70380933,641577023558582
84.2019,disk8w,592850944,74049,18941394999
84.2019,disk6,104066286139392,169156720,1520342976731352
84.2019,disk6w,42423025664,129812,47251876248
84.2019,ram,143376384,68863868928,320765
84.2019,cpu,16837191,25362101,582360516
84.2019,gpu,27,0,0
84.4048,disk0,1109635839885312,2495794295,14714393423032060
84.4048,disk0w,2455509975040,20952925,1406397894548
84.4048,disk4,62477591029760,125741781,870669766422747
84.4048,disk4w,92291072,14003,1225021470
84.4048,disk8,69981991716864,70382402,641582369607476
84.4048,disk8w,592850944,74049,18941394999
84.4048,disk6,104067306649600,169157959,1520347670721982
84.4048,disk6w,42423025664,129812,47251876248
84.4048,ram,143376384,68863868928,320765
84.4048,cpu,16837191,25362101,582360516
84.4048,gpu,0,0,0
84.6104,disk0,1109638642192384,2495798644,14714423758720449
84.6104,disk0w,2455509975040,20952925,1406397894548
84.6104,disk4,62478343186432,125743325,870676421064664
84.6104,disk4w,92291072,14003,1225021470
84.6104,disk8,69983452334080,70383864,641592371932611
84.6104,disk8w,592850944,74049,18941394999
84.6104,disk6,104068485642240,169159732,1520359779643341
84.6104,disk6w,42423025664,129812,47251876248
84.6104,ram,143376384,68863868928,320765
84.6104,cpu,16837191,25362101,582360516
84.6104,gpu,27,0,0
84.8104,disk0,1109641201524736,2495803346,14714449452270017
84.8104,disk0w,2455509975040,20952925,1406397894548
84.8104,disk4,62478811359232,125744285,870679126456708
84.8104,disk4w,92291072,14003,1225021470
84.8104,disk8,69984774080512,70385197,641599926136875
84.8104,disk8w,592850944,74049,18941394999
84.8104,disk6,104069395691520,169161222,1520367283783714
84.8104,disk6w,42423025664,129812,47251876248
84.8104,ram,144834560,65830371328,320765
84.8104,cpu,16837191,25362101,582360516
84.8104,gpu,0,0,0
85.0065,disk0,1109643887267840,2495808286,14714473351806511
85.0065,disk0w,2455509975040,20952925,1406397894548
85.0065,disk4,62479536482304,125745771,870683637780893
85.0065,disk4w,92291072,14003,1225021470
85.0065,disk8,69986161494016,70386601,641606397320447
85.0065,disk8w,592850944,74049,18941394999
85.0065,disk6,104070516783104,169162964,1520375420046650
85.0065,disk6w,42423025664,129812,47251876248
85.0065,ram,146341888,65863942144,320765
85.0065,cpu,16837191,25362101,582360516
85.0065,gpu,33,1,0
85.2104,disk0,1109646596583424,2495813289,14714489323757312
85.2104,disk0w,2455509975040,20952925,1406397894548
85.2104,disk4,62480141953024,125746956,870685718568921
85.2104,disk4w,92291072,14003,1225021470
85.2104,disk8,69987597355008,70388074,641610384942953
85.2104,disk8w,592850944,74049,18941394999
85.2104,disk6,104071730640896,169164926,1520380578923330
85.2104,disk6w,42423025664,129812,47251876248
85.2104,ram,146341888,65863942144,320765
85.2104,cpu,16837211,25362242,582362207
85.2104,gpu,27,1,0
85.4056,disk0,1109649184153600,2495818546,14714508946646568
85.4056,disk0w,2455509975040,20952925,1406397894548
85.4056,disk4,62480817580032,125748268,870688090035223
85.4056,disk4w,92291072,14003,1225021470
85.4056,disk8,69988932929536,70389441,641614815761393
85.4056,disk8w,592850944,74049,18941394999
85.4056,disk6,104072768276480,169166724,1520386113580959
85.4056,disk6w,42423025664,129812,47251876248
85.4056,ram,146341888,65863942144,320765
85.4056,cpu,16837211,25362242,582362207
85.4056,gpu,47,1,0
85.6104,disk0,1109651973136384,2495824140,14714531224246974
85.6104,disk0w,2455509975040,20952925,1406397894548
85.6104,disk4,62481668663296,125749946,870692516778793
85.6104,disk4w,92291072,14003,1225021470
85.6104,disk8,69990357452800,70390894,641619770725073
85.6104,disk8w,592850944,74049,18941394999
85.6104,disk6,104073868036096,169168774,1520392398186016
85.6104,disk6w,42423025664,129812,47251876248
85.6104,ram,146341888,65863942144,320765
85.6104,cpu,16837211,25362242,582362207
85.6104,gpu,36,3,0
85.8104,disk0,1109654699130880,2495830575,14714559136644709
85.8104,disk0w,2455509975040,20952925,1406397894548
85.8104,disk4,62482247739392,125751085,870694956959773
85.8104,disk4w,92291072,14003,1225021470
85.8104,disk8,69991766968320,70392326,641626124725854
85.8104,disk8w,592850944,74049,18941394999
85.8104,disk6,104074917726208,169170388,1520399597312431
85.8104,disk6w,42423025664,129812,47251876248
85.8104,ram,146341888,65863942144,320765
85.8104,cpu,16837211,25362242,582362207
85.8104,gpu,0,0,0
86.0104,disk0,1109657356521472,2495844823,14714590582722241
86.0104,disk0w,2455509975040,20952925,1406397894548
86.0104,disk4,62482940864512,125752452,870698456869667
86.0104,disk4w,92291072,14003,1225021470
86.0104,disk8,69993178400768,70393763,641631712660507
86.0104,disk8w,592850944,74049,18941394999
86.0104,disk6,104075981527040,169172293,1520405356658871
86.0104,disk6w,42423025664,129812,47251876248
86.0104,ram,147030016,65496481792,320765
86.0104,cpu,16837211,25362242,582362207
86.0104,gpu,26,2,0
86.2104,disk0,1109659861573632,2495848886,14714608557516512
86.2104,disk0w,2455509975040,20952925,1406397894548
86.2104,disk4,62483537487872,125753640,870701736306819
86.2104,disk4w,92291072,14003,1225021470
86.2104,disk8,69994460366848,70395070,641636843794453
86.2104,disk8w,592850944,74049,18941394999
86.2104,disk6,104076899641344,169174012,1520412761661270
86.2104,disk6w,42423025664,129812,47251876248
86.2104,ram,147030016,65496481792,320765
86.2104,cpu,16837234,25362391,582363864
86.2104,gpu,13,1,0
86.4104,disk0,1109662252625920,2495857550,14714627788338187
86.4104,disk0w,2455509975040,20952925,1406397894548
86.4104,disk4,62484151625728,125754898,870704297584769
86.4104,disk4w,92291072,14003,1225021470
86.4104,disk8,69995723917312,70396366,641640625285586
86.4104,disk8w,592850944,74049,18941394999
86.4104,disk6,104077906176000,169175374,1520416071291731
86.4104,disk6w,42423025664,129812,47251876248
86.4104,ram,147030016,65496481792,320765
86.4104,cpu,16837234,25362391,582363887
86.4104,gpu,0,0,0
86.6104,disk0,1109664915365888,2495861635,14714641595812415
86.6104,disk0w,2455509975040,20952925,1406397894548
86.6104,disk4,62484792109056,125756211,870706613278362
86.6104,disk4w,92291072,14003,1225021470
86.6104,disk8,69997063784448,70397740,641644231239972
86.6104,disk8w,592850944,74049,18941394999
86.6104,disk6,104078947166208,169176756,1520419208641107
86.6104,disk6w,42423025664,129812,47251876248
86.6104,ram,147030016,65496481792,320765
86.6104,cpu,16837234,25362391,582363887
86.6104,gpu,30,1,0
86.8104,disk0,1109667592769536,2495866476,14714658306438151
86.8104,disk0w,2455509975040,20952925,1406397894548
86.8104,disk4,62485255186432,125757160,870708234555334
86.8104,disk4w,92291072,14003,1225021470
86.8104,disk8,69998431307776,70399143,641648169288915
86.8104,disk8w,592850944,74049,18941394999
86.8104,disk6,104080084723712,169178590,1520423515693908
86.8104,disk6w,42423025664,129812,47251876248
86.8104,ram,147030016,65496481792,320765
86.8104,cpu,16837234,25362391,582363887
86.8104,gpu,41,0,0
87.0097,disk0,1109670271692800,2495871596,14714674586667804
87.0097,disk0w,2455509975040,20952925,1406397894548
87.0097,disk4,62485818746880,125758269,870710038157502
87.0097,disk4w,92291072,14003,1225021470
87.0097,disk8,69999800961024,70400548,641652097310575
87.0097,disk8w,592850944,74049,18941394999
87.0097,disk6,104081256196096,169180510,1520428485204185
87.0097,disk6w,42423025664,129812,47251876248
87.0097,ram,140230656,66806251520,320765
87.0097,cpu,16837234,25362391,582363887
87.0097,gpu,51,1,0
87.2013,disk0,1109672805621760,2495876941,14714690119608616
87.2013,disk0w,2455509975040,20952925,1406397894548
87.2013,disk4,62486480562176,125759570,870712156196394
87.2013,disk4w,92291072,14003,1225021470
87.2013,disk8,70001110665216,70401892,641655716935563
87.2013,disk8w,592850944,74049,18941394999
87.2013,disk6,104082328627200,169182452,1520433551186178
87.2013,disk6w,42423025664,129812,47251876248
87.2013,ram,140230656,66806251520,320765
87.2013,cpu,16837234,25362391,582363887
87.2013,gpu,0,0,0
87.4104,disk0,1109675412205568,2495888118,14714712124438629
87.4104,disk0w,2455509975040,20952925,1406397894548
87.4104,disk4,62487047251968,125760679,870714097465331
87.4104,disk4w,92291072,14003,1225021470
87.4104,disk8,70002440112128,70403256,641659311189934
87.4104,disk8w,592850944,74049,18941394999
87.4104,disk6,104083390654464,169184449,1520438575249306
87.4104,disk6w,42423025664,129812,47251876248
87.4104,ram,140230656,66806251520,320765
87.4104,cpu,16837268,25362551,582365545
87.4104,gpu,49,0,0
87.6104,disk0,1109677605347328,2495894435,14714727019078406
87.6104,disk0w,2455509975040,20952925,1406397894548
87.6104,disk4,62487608780800,125761821,870716119988458
87.6104,disk4w,92291072,14003,1225021470
87.6104,disk8,70003564120064,70404408,641662360786345
87.6104,disk8w,592850944,74049,18941394999
87.6104,disk6,104084314269696,169186000,1520442715021907
87.6104,disk6w,42423025664,129812,47251876248
87.6104,ram,140230656,66806251520,320765
87.6104,cpu,16837268,25362551,582365545
87.6104,gpu,27,0,0
87.8063,disk0,1109680272064512,2495898904,14714742495896225
87.8063,disk0w,2455509991424,20952929,1406397985421
87.8063,disk4,62488222967808,125763081,870718227399700
87.8063,disk4w,92291072,14003,1225021470
87.8063,disk8,70004951926784,70405831,641666374268361
87.8063,disk8w,592850944,74049,18941394999
87.8063,disk6,104085327013888,169187279,1520445860899605
87.8063,disk6w,42423025664,129812,47251876248
87.8063,ram,140230656,66806251520,320765
87.8063,cpu,16837268,25362551,582365545
87.8063,gpu,32,0,0
88.0104,disk0,1109683040501760,2495903904,14714759008214579
88.0104,disk0w,2455509995520,20952930,1406398018879
88.0104,disk4,62488930437120,125764530,870720736206905
88.0104,disk4w,92291072,14003,1225021470
88.0104,disk8,70006399092736,70407317,641670188799869
88.0104,disk8w,592850944,74049,18941394999
88.0104,disk6,104086487427072,169189161,1520450267320545
88.0104,disk6w,42423025664,129812,47251876248
88.0104,ram,153796608,66385379328,320765
88.0104,cpu,16837268,25362551,582365545
88.0104,gpu,0,0,0
88.2101,disk0,1109685727391744,2495909007,14714774591440619
88.2101,disk0w,2455509995520,20952930,1406398018879
88.2101,disk4,62489584052224,125765822,870722905635199
88.2101,disk4w,92291072,14003,1225021470
88.2101,disk8,70007809050624,70408763,641674160051554
88.2101,disk8w,592850944,74049,18941394999
88.2101,disk6,104087729072128,169191233,1520455633877399
88.2101,disk6w,42423025664,129812,47251876248
88.2101,ram,153796608,66385379328,320765
88.2101,cpu,16837268,25362551,582365545
88.2101,gpu,52,0,0
88.4104,disk0,1109688480010240,2495914618,14714792161272598
88.4104,disk0w,2455509995520,20952930,1406398018879
88.4104,disk4,62490424018944,125767471,870725650883262
88.4104,disk4w,92291072,14003,1225021470
88.4104,disk8,70009228052480,70410219,641677949267701
88.4104,disk8w,592850944,74049,18941394999
88.4104,disk6,104088942225408,169193438,1520460756488955
88.4104,disk6w,42423025664,129812,47251876248
88.4104,ram,153796608,66385379328,320765
88.4104,cpu,16837285,25362684,582367248
88.4104,gpu,49,0,0
88.6104,disk0,1109691214614528,2495921997,14714812206892901
88.6104,disk0w,2455509995520,20952930,1406398018879
88.6104,disk4,62491053598720,125768706,870727674967625
88.6104,disk4w,92291072,14003,1225021470
88.6104,disk8,70010635995136,70411663,641681983471934
88.6104,disk8w,592850944,74049,18941394999
88.6104,disk6,104090067314688,169195410,1520465268681203
88.6104,disk6w,42423025664,129812,47251876248
88.6104,ram,153796608,66385379328,320765
88.6104,cpu,16837285,25362684,582367248
88.6104,gpu,47,0,0
88.8104,disk0,1109693350137856,2495925557,14714825661308412
88.8104,disk0w,2455509995520,20952930,1406398018879
88.8104,disk4,62491471079424,125769548,870729166319336
88.8104,disk4w,92291072,14003,1225021470
88.8104,disk8,70011714160640,70412769,641685290374893
88.8104,disk8w,592850944,74049,18941394999
88.8104,disk6,104090963126272,169196899,1520468943174696
88.8104,disk6w,42423025664,129812,47251876248
88.8104,ram,153796608,66385379328,320765
88.8104,cpu,16837285,25362684,582367248
88.8104,gpu,35,0,0
89.0104,disk0,1109696025976832,2495932197,14714843500472063
89.0104,disk0w,2455509995520,20952930,1406398018879
89.0104,disk4,62492091451392,125770819,870731344447715
89.0104,disk4w,92291072,14003,1225021470
89.0104,disk8,70013103933440,70414195,641689181849551
89.0104,disk8w,592850944,74049,18941394999
89.0104,disk6,104092029429760,169198244,1520472031885486
89.0104,disk6w,42423025664,129812,47251876248
89.0104,ram,161267712,66220769280,320765
89.0104,cpu,16837285,25362684,582367248
89.0104,gpu,35,2,0
89.2104,disk0,1109698764070912,2495937067,14714860031659237
89.2104,disk0w,2455509995520,20952930,1406398018879
89.2104,disk4,62492622088192,125771906,870733143411216
89.2104,disk4w,92291072,14003,1225021470
89.2104,disk8,70014517512192,70415645,641693028840980
89.2104,disk8w,592850944,74049,18941394999
89.2104,disk6,104093201049600,169199860,1520475925704511
89.2104,disk6w,42423025664,129812,47251876248
89.2104,ram,161267712,66220769280,320765
89.2104,cpu,16837285,25362684,582367248
89.2104,gpu,50,0,0
89.4086,disk0,1109701481013248,2495942092,14714876836667423
89.4086,disk0w,2455509995520,20952930,1406398018879
89.4086,disk4,62493131565056,125772934,870734894913237
89.4086,disk4w,92291072,14003,1225021470
89.4086,disk8,70015922161664,70417086,641697034363744
89.4086,disk8w,592850944,74049,18941394999
89.4086,disk6,104094397589504,169201769,1520480565496325
89.4086,disk6w,42423025664,129812,47251876248
89.4086,ram,161267712,66220769280,320765
89.4086,cpu,16837300,25362815,582369070
89.4086,gpu,42,0,0
89.6084,disk0,1109704197939200,2495947472,14714892897884488
89.6084,disk0w,2455509995520,20952930,1406398018879
89.6084,disk4,62493829851136,125774297,870737183582697
89.6084,disk4w,92291072,14003,1225021470
89.6084,disk8,70017323780096,70418524,641700884306505
89.6084,disk8w,592850944,74049,18941394999
89.6084,disk6,104095656523776,169204121,1520486595273298
89.6084,disk6w,42423025664,129812,47251876248
89.6084,ram,161267712,66220769280,320765
89.6084,cpu,16837300,25362815,582369070
89.6084,gpu,45,0,0
89.8075,disk0,1109706908987392,2495954470,14714914125727215
89.8075,disk0w,2455509995520,20952930,1406398018879
89.8075,disk4,62494487914496,125775594,870739373403054
89.8075,disk4w,92291072,14003,1225021470
89.8075,disk8,70018737309696,70419974,641704802872923
89.8075,disk8w,592850944,74049,18941394999
89.8075,disk6,104096749172736,169206016,1520490914770283
89.8075,disk6w,42423025664,129812,47251876248
89.8075,ram,161267712,66220769280,320765
89.8075,cpu,16837300,25362815,582369070
89.8075,gpu,42,1,0
90.0105,disk0,1109709501550592,2495960674,14714929182350886
90.0105,disk0w,2455509995520,20952930,1406398018879
90.0105,disk4,62495110981632,125776818,870741393830964
90.0105,disk4w,92291072,14003,1225021470
90.0105,disk8,70020069935104,70421341,641708354394129
90.0105,disk8w,592850944,74049,18941394999
90.0105,disk6,104097913976832,169208191,1520496438987125
90.0105,disk6w,42423025664,129812,47251876248
90.0105,ram,158875648,65001684992,320765
90.0105,cpu,16837300,25362815,582369070
90.0105,gpu,33,1,0
90.2105,disk0,1109711843217408,2495966108,14714945962168332
90.2105,disk0w,2455509995520,20952930,1406398018879
90.2105,disk4,62495715248128,125778055,870743899972878
90.2105,disk4w,92291072,14003,1225021470
90.2105,disk8,70021249681408,70422551,641712030584147
90.2105,disk8w,592850944,74049,18941394999
90.2105,disk6,104098894215168,169209586,1520500121107737
90.2105,disk6w,42423025664,129812,47251876248
90.2105,ram,158875648,65001684992,320765
90.2105,cpu,16837300,25362815,582369070
90.2105,gpu,27,2,0
90.4105,disk0,1109714576379904,2495970513,14714961349395347
90.4105,disk0w,2455509995520,20952930,1406398018879
90.4105,disk4,62496346646528,125779349,870746090386035
90.4105,disk4w,92291072,14003,1225021470
90.4105,disk8,70022667831296,70424006,641716028975168
90.4105,disk8w,592850944,74049,18941394999
90.4105,disk6,104100020893696,169211072,1520503540210777
90.4105,disk6w,42423025664,129812,47251876248
90.4105,ram,158875648,65001684992,320765
90.4105,cpu,16837326,25362944,582370653
90.4105,gpu,33,2,0
90.6105,disk0,1109717304401920,2495975576,14714978711193160
90.6105,disk0w,2455509999616,20952931,1406398055504
90.6105,disk4,62496918448128,125780522,870748155911463
90.6105,disk4w,92291072,14003,1225021470
90.6105,disk8,70024078231552,70425453,641720062467545
90.6105,disk8w,592850944,74049,18941394999
90.6105,disk6,104101116262400,169212643,1520507147009925
90.6105,disk6w,42423025664,129812,47251876248
90.6105,ram,158875648,65001684992,320765
90.6105,cpu,16837326,25362944,582370653
90.6105,gpu,39,2,0
90.8105,disk0,1109720026173440,2495980785,14714995954958830
90.8105,disk0w,2455509999616,20952931,1406398055504
90.8105,disk4,62497532651520,125781735,870750231513633
90.8105,disk4w,92291072,14003,1225021470
90.8105,disk8,70025497413632,70426909,641723984793233
90.8105,disk8w,592850944,74049,18941394999
90.8105,disk6,104102265911296,169214753,1520512232402169
90.8105,disk6w,42423025664,129812,47251876248
90.8105,ram,158875648,65001684992,320765
90.8105,cpu,16837326,25362944,582370653
90.8105,gpu,42,2,0
91.0068,disk0,1109722699272192,2495986278,14715013880275839
91.0068,disk0w,2455509999616,20952931,1406398055504
91.0068,disk4,62498181933056,125783011,870752316149246
91.0068,disk4w,92291072,14003,1225021470
91.0068,disk8,70026887710720,70428335,641727981376429
91.0068,disk8w,592850944,74049,18941394999
91.0068,disk6,104103458355200,169216958,1520517312985088
91.0068,disk6w,42423025664,129812,47251876248
91.0068,ram,152387584,66372370432,320765
91.0068,cpu,16837326,25362944,582370653
91.0068,gpu,43,3,0
91.2105,disk0,1109725080391680,2496001607,14715036163025891
91.2105,disk0w,2455509999616,20952931,1406398055504
91.2105,disk4,62498831247360,125784285,870754459357031
91.2105,disk4w,92291072,14003,1225021470
91.2105,disk8,70028136663040,70429616,641731366971101
91.2105,disk8w,592850944,74049,18941394999
91.2105,disk6,104104468334592,169218694,1520521222612474
91.2105,disk6w,42423025664,129812,47251876248
91.2105,ram,149504000,66372567040,320765
91.2105,cpu,16837326,25362944,582370653
91.2105,gpu,56,0,0
91.4076,disk0,1109727289311232,2496005391,14715049619360499
91.4076,disk0w,2455509999616,20952931,1406398055504
91.4076,disk4,62499366529024,125785354,870756849487671
91.4076,disk4w,92291072,14003,1225021470
91.4076,disk8,70029258590208,70430767,641734923099704
91.4076,disk8w,592850944,74049,18941394999
91.4076,disk6,104105268021248,169220063,1520524797542985
91.4076,disk6w,42423025664,129812,47251876248
91.4076,ram,149504000,66372567040,320765
91.4076,cpu,16837346,25363080,582372318
91.4076,gpu,38,1,0
91.6105,disk0,1109729952579584,2496013463,14715067522017275
91.6105,disk0w,2455509999616,20952931,1406398055504
91.6105,disk4,62499980699648,125786613,870758993071664
91.6105,disk4w,92291072,14003,1225021470
91.6105,disk8,70030638090240,70432182,641738798170340
91.6105,disk8w,592850944,74049,18941394999
91.6105,disk6,104106413656064,169221659,1520528776637172
91.6105,disk6w,42423025664,129812,47251876248
91.6105,ram,149504000,66372567040,320765
91.6105,cpu,16837352,25363094,582372469
91.6105,gpu,46,2,0
91.8105,disk0,1109732580687872,2496018152,14715083426744036
91.8105,disk0w,2455509999616,20952931,1406398055504
91.8105,disk4,62500603701248,125787890,870761217824920
91.8105,disk4w,92291072,14003,1225021470
91.8105,disk8,70032040970240,70433622,641742581445024
91.8105,disk8w,592850944,74049,18941394999
91.8105,disk6,104107565697024,169223303,1520532813729246
91.8105,disk6w,42423025664,129812,47251876248
91.8105,ram,149504000,66372567040,320765
91.8105,cpu,16837352,25363094,582372469
91.8105,gpu,38,0,0
92.0104,disk0,1109735314731008,2496023220,14715100036640233
92.0104,disk0w,2455509999616,20952931,1406398055504
92.0104,disk4,62501182810112,125789072,870763186355020
92.0104,disk4w,92291072,14003,1225021470
92.0104,disk8,70033433921536,70435050,641746441687052
92.0104,disk8w,592850944,74049,18941394999
92.0104,disk6,104108663592960,169225084,1520537104357846
92.0104,disk6w,42423025664,129812,47251876248
92.0104,ram,152698880,66440101888,320765
92.0104,cpu,16837352,25363094,582372469
92.0104,gpu,44,0,0
92.2105,disk0,1109738020618240,2496028565,14715116012926749
92.2105,disk0w,2455509999616,20952931,1406398055504
92.2105,disk4,62501735573504,125790150,870764907453792
92.2105,disk4w,92291072,14003,1225021470
92.2105,disk8,70034812635136,70436465,641750414427287
92.2105,disk8w,592850944,74049,18941394999
92.2105,disk6,104109851367424,169227205,1520542473577907
92.2105,disk6w,42423025664,129812,47251876248
92.2105,ram,154009600,66474049536,320765
92.2105,cpu,16837352,25363094,582372469
92.2105,gpu,43,0,0
92.4105,disk0,1109740693602304,2496033946,14715133557099778
92.4105,disk0w,2455509999616,20952931,1406398055504
92.4105,disk4,62502394718208,125791451,870767039155237
92.4105,disk4w,92291072,14003,1225021470
92.4105,disk8,70036195264512,70437883,641754425367223
92.4105,disk8w,592850944,74049,18941394999
92.4105,disk6,104110893389824,169229068,1520546816591360
92.4105,disk6w,42423025664,129812,47251876248
92.4105,ram,154009600,66474049536,320765
92.4105,cpu,16837383,25363234,582373914
92.4105,gpu,50,0,0
92.6105,disk0,1109743262732288,2496040973,14715149328779435
92.6105,disk0w,2455509999616,20952931,1406398055504
92.6105,disk4,62503007889408,125792659,870769064601536
92.6105,disk4w,92291072,14003,1225021470
92.6105,disk8,70037528152064,70439251,641757958697033
92.6105,disk8w,592850944,74049,18941394999
92.6105,disk6,104112040613888,169231282,1520551930896022
92.6105,disk6w,42423025664,129812,47251876248
92.6105,ram,154009600,66474049536,320765
92.6105,cpu,16837386,25363245,582373991
92.6105,gpu,45,0,0
92.8105,disk0,1109745532030976,2496050361,14715167138240368
92.8105,disk0w,2455510016000,20952932,1406398067795
92.8105,disk4,62503516424192,125793701,870771181276942
92.8105,disk4w,92291072,14003,1225021470
92.8105,disk8,70038683650048,70440436,641761574494185
92.8105,disk8w,592850944,74049,18941394999
92.8105,disk6,104113026537472,169232727,1520556108451584
92.8105,disk6w,42423025664,129812,47251876248
92.8105,ram,154009600,66474049536,320765
92.8105,cpu,16837386,25363245,582373991
92.8105,gpu,0,0,0
93.0105,disk0,1109748271046656,2496054636,14715181421291833
93.0105,disk0w,2455510016000,20952932,1406398067795
93.0105,disk4,62504113498112,125794925,870773340841332
93.0105,disk4w,92291072,14003,1225021470
93.0105,disk8,70040101783552,70441891,641765627008826
93.0105,disk8w,592850944,74049,18941394999
93.0105,disk6,104114211805184,169234294,1520559586085562
93.0105,disk6w,42423025664,129812,47251876248
93.0105,ram,154042368,66304606208,320765
93.0105,cpu,16837386,25363245,582373991
93.0105,gpu,39,0,0
93.2105,disk0,1109751013556224,2496059514,14715198287134938
93.2105,disk0w,2455510138880,20952942,1406398271625
93.2105,disk4,62504691812352,125796110,870775378982303
93.2105,disk4w,92291072,14003,1225021470
93.2105,disk8,70041518557184,70443344,641769627989758
93.2105,disk8w,592850944,74049,18941394999
93.2105,disk6,104115344119808,169236128,1520563821390577
93.2105,disk6w,42423025664,129812,47251876248
93.2105,ram,154189824,66346565632,320765
93.2105,cpu,16837386,25363245,582373991
93.2105,gpu,41,0,0
93.4105,disk0,1109753761480704,2496064758,14715215688441602
93.4105,disk0w,2455510138880,20952942,1406398271625
93.4105,disk4,62505254135808,125797217,870777226463777
93.4105,disk4w,92291072,14003,1225021470
93.4105,disk8,70042936608768,70444799,641773787779954
93.4105,disk8w,592850944,74049,18941394999
93.4105,disk6,104116437784576,169238102,1520568785427333
93.4105,disk6w,42423025664,129812,47251876248
93.4105,ram,154189824,66346565632,320765
93.4105,cpu,16837386,25363245,582373991
93.4105,gpu,0,0,0
93.6045,disk0,1109756423475200,2496069928,14715232838908384
93.6045,disk0w,2455510138880,20952942,1406398271625
93.6045,disk4,62505959221248,125798602,870779681095469
93.6045,disk4w,92291072,14003,1225021470
93.6045,disk8,70044311881728,70446210,641777457247568
93.6045,disk8w,592850944,74049,18941394999
93.6045,disk6,104117513476096,169240113,1520573762113972
93.6045,disk6w,42423025664,129812,47251876248
93.6045,ram,154189824,66346565632,320765
93.6045,cpu,16837401,25363363,582375568
93.6045,gpu,40,0,0
93.8105,disk0,1109759138910208,2496076803,14715251469702723
93.8105,disk0w,2455510503424,20952962,1406398621701
93.8105,disk4,62506579568640,125799826,870781683177771
93.8105,disk4w,92291072,14003,1225021470
93.8105,disk8,70045713598464,70447648,641781340351931
93.8105,disk8w,592850944,74049,18941394999
93.8105,disk6,104118658684928,169242109,1520578724548714
93.8105,disk6w,42423025664,129812,47251876248
93.8105,ram,154189824,66346565632,320765
93.8105,cpu,16837401,25363363,582375568
93.8105,gpu,43,0,0
94.0105,disk0,1109761439006720,2496081736,14715266854982063
94.0105,disk0w,2455510503424,20952962,1406398621701
94.0105,disk4,62507193214976,125801079,870784260112467
94.0105,disk4w,92291072,14003,1225021470
94.0105,disk8,70046885709824,70448850,641784968073609
94.0105,disk8w,592850944,74049,18941394999
94.0105,disk6,104119624964096,169243623,1520582398092841
94.0105,disk6w,42423025664,129812,47251876248
94.0105,ram,161480704,66381856768,320765
94.0105,cpu,16837401,25363363,582375568
94.0105,gpu,0,0,0
94.2105,disk0,1109764187504640,2496086263,14715282146996977
94.2105,disk0w,2455510503424,20952962,1406398621701
94.2105,disk4,62507802896384,125802329,870786419171469
94.2105,disk4w,92291072,14003,1225021470
94.2105,disk8,70048300369920,70450301,641788878912648
94.2105,disk8w,592850944,74049,18941394999
94.2105,disk6,104120764487680,169245028,1520585754078600
94.2105,disk6w,42423025664,129812,47251876248
94.2105,ram,161267712,66381856768,320765
94.2105,cpu,16837401,25363363,582375568
94.2105,gpu,34,0,0
94.4105,disk0,1109766923669504,2496091056,14715297896439096
94.4105,disk0w,2455510503424,20952962,1406398621701
94.4105,disk4,62508439169024,125803635,870788728493385
94.4105,disk4w,92291072,14003,1225021470
94.4105,disk8,70049721452544,70451759,641792800266702
94.4105,disk8w,592850944,74049,18941394999
94.4105,disk6,104121946658816,169246843,1520590064847455
94.4105,disk6w,42423025664,129812,47251876248
94.4105,ram,161267712,66381856768,320765
94.4105,cpu,16837401,25363363,582375568
94.4105,gpu,42,0,0
94.6105,disk0,1109769643909120,2496096210,14715315794201280
94.6105,disk0w,2455510503424,20952962,1406398621701
94.6105,disk4,62508995635200,125804736,870790502479210
94.6105,disk4w,92291072,14003,1225021470
94.6105,disk8,70051137406976,70453212,641796808130936
94.6105,disk8w,592850944,74049,18941394999
94.6105,disk6,104123096504320,169248848,1520594840789753
94.6105,disk6w,42423025664,129812,47251876248
94.6105,ram,161267712,66381856768,320765
94.6105,cpu,16837416,25363486,582377285
94.6105,gpu,48,0,0
94.8105,disk0,1109772369797120,2496101431,14715333750131221
94.8105,disk0w,2455510503424,20952962,1406398621701
94.8105,disk4,62509658843136,125806038,870792695496734
94.8105,disk4w,92291072,14003,1225021470
94.8105,disk8,70052553000960,70454664,641800760454084
94.8105,disk8w,592850944,74049,18941394999
94.8105,disk6,104124206635008,169250991,1520599602960146
94.8105,disk6w,42423025664,129812,47251876248
94.8105,ram,161267712,66381856768,320765
94.8105,cpu,16837416,25363486,582377285
94.8105,gpu,49,0,0
95.0105,disk0,1109774917476352,2496113983,14715355820771277
95.0105,disk0w,2455510503424,20952962,1406398621701
95.0105,disk4,62510178248704,125807062,870794370884685
95.0105,disk4w,92291072,14003,1225021470
95.0105,disk8,70053891115008,70456037,641804568478258
95.0105,disk8w,592850944,74049,18941394999
95.0105,disk6,104125332121600,169252970,1520604110539892
95.0105,disk6w,42423025664,129812,47251876248
95.0105,ram,152174592,66399174656,320765
95.0105,cpu,16837416,25363486,582377285
95.0105,gpu,47,3,0
95.2009,disk0,1109777175306240,2496119616,14715372282578963
95.2009,disk0w,2455510503424,20952962,1406398621701
95.2009,disk4,62510760945664,125808240,870796574367452
95.2009,disk4w,92291072,14003,1225021470
95.2009,disk8,70055049218048,70457225,641808019614877
95.2009,disk8w,592850944,74049,18941394999
95.2009,disk6,104126226757632,169254381,1520607649521759
95.2009,disk6w,42423025664,129812,47251876248
95.2009,ram,152682496,66399174656,320765
95.2009,cpu,16837416,25363486,582377285
95.2009,gpu,25,2,0
95.4105,disk0,1109779972149248,2496125861,14715391076974674
95.4105,disk0w,2455510503424,20952962,1406398621701
95.4105,disk4,62511317280768,125809382,870798462818962
95.4105,disk4w,92291072,14003,1225021470
95.4105,disk8,70056490387456,70458704,641812253247176
95.4105,disk8w,592850944,74049,18941394999
95.4105,disk6,104127299532800,169255763,1520610834250764
95.4105,disk6w,42423025664,129812,47251876248
95.4105,ram,152682496,66399174656,320765
95.4105,cpu,16837416,25363486,582377285
95.4105,gpu,38,2,0
95.6105,disk0,1109782714703872,2496130563,14715406705679621
95.6105,disk0w,2455510503424,20952962,1406398621701
95.6105,disk4,62512001640448,125810786,870800957568041
95.6105,disk4w,92291072,14003,1225021470
95.6105,disk8,70057908750336,70460158,641816041293608
95.6105,disk8w,592850944,74049,18941394999
95.6105,disk6,104128427866112,169257549,1520614920598924
95.6105,disk6w,42423025664,129812,47251876248
95.6105,ram,152682496,66399174656,320765
95.6105,cpu,16837437,25363627,582379114
95.6105,gpu,50,3,0
95.8024,disk0,1109785320857600,2496135480,14715423452728783
95.8024,disk0w,2455510503424,20952962,1406398621701
95.8024,disk4,62512563185664,125811913,870802855781330
95.8024,disk4w,92291072,14003,1225021470
95.8024,disk8,70059268999168,70461554,641819871199975
95.8024,disk8w,592850944,74049,18941394999
95.8024,disk6,104129440610304,169259420,1520619516240002
95.8024,disk6w,42423025664,129812,47251876248
95.8024,ram,152682496,66399174656,320765
95.8024,cpu,16837437,25363627,582379114
95.8024,gpu,42,3,0
96.0105,disk0,1109788095086592,2496140615,14715440357000095
96.0105,disk0w,2455513075712,20953361,1406408141326
96.0105,disk4,62513267206144,125813291,870805200154607
96.0105,disk4w,92291072,14003,1225021470
96.0105,disk8,70060713592832,70463036,641823779573043
96.0105,disk8w,592850944,74049,18941394999
96.0105,disk6,104130579892224,169261707,1520624781820380
96.0105,disk6w,42423025664,129812,47251876248
96.0105,ram,152682496,66399174656,320765
96.0105,cpu,16837437,25363627,582379114
96.0105,gpu,44,2,0
96.2105,disk0,1109790830292992,2496146833,14715461003788627
96.2105,disk0w,2455513092096,20953362,1406408151909
96.2105,disk4,62513758562304,125814263,870806745241165
96.2105,disk4w,92291072,14003,1225021470
96.2105,disk8,70062130071552,70464489,641827963850925
96.2105,disk8w,592850944,74049,18941394999
96.2105,disk6,104131634219008,169263517,1520629126105438
96.2105,disk6w,42423025664,129812,47251876248
96.2105,ram,153452544,64962854912,320765
96.2105,cpu,16837437,25363627,582379114
96.2105,gpu,43,1,0
96.4091,disk0,1109793093591040,2496150728,14715472982355483
96.4091,disk0w,2455513198592,20953363,1406408165659
96.4091,disk4,62514293860352,125815323,870808449945348
96.4091,disk4w,92291072,14003,1225021470
96.4091,disk8,70063292467200,70465681,641831092110804
96.4091,disk8w,592850944,74049,18941394999
96.4091,disk6,104132676962304,169265458,1520633726049627
96.4091,disk6w,42423025664,129812,47251876248
96.4091,ram,153452544,64962854912,320765
96.4091,cpu,16837437,25363627,582379114
96.4091,gpu,67,1,0
96.6019,disk0,1109795647082496,2496156279,14715490892564732
96.6019,disk0w,2455513198592,20953363,1406408165659
96.6019,disk4,62514872207360,125816509,870810628332607
96.6019,disk4w,92291072,14003,1225021470
96.6019,disk8,70064603187200,70467026,641835243198162
96.6019,disk8w,592850944,74049,18941394999
96.6019,disk6,104133743216640,169266955,1520637877148711
96.6019,disk6w,42423025664,129812,47251876248
96.6019,ram,153452544,64962854912,320765
96.6019,cpu,16837460,25363746,582380682
96.6019,gpu,24,2,0
96.8105,disk0,1109798357155840,2496160714,14715505965901310
96.8105,disk0w,2455513198592,20953363,1406408165659
96.8105,disk4,62515467560960,125817730,870812776974413
96.8105,disk4w,92291072,14003,1225021470
96.8105,disk8,70066018830336,70468478,641839143942379
96.8105,disk8w,592850944,74049,18941394999
96.8105,disk6,104134845634560,169268528,1520641734414109
96.8105,disk6w,42423025664,129812,47251876248
96.8105,ram,153452544,64962854912,320765
96.8105,cpu,16837460,25363746,582380682
96.8105,gpu,43,0,0
97.0061,disk0,1109800998608896,2496165974,14715523520670742
97.0061,disk0w,2455513198592,20953363,1406408165659
97.0061,disk4,62515985246208,125818791,870814626527734
97.0061,disk4w,92291072,14003,1225021470
97.0061,disk8,70067363203072,70469857,641842975003294
97.0061,disk8w,592850944,74049,18941394999
97.0061,disk6,104135969904640,169270208,1520645562106093
97.0061,disk6w,42423025664,129812,47251876248
97.0061,ram,153452544,64962854912,320765
97.0061,cpu,16837460,25363746,582380682
97.0061,gpu,47,0,0
97.2105,disk0,1109803723849728,2496170960,14715539711624108
97.2105,disk0w,2455513198592,20953363,1406408165659
97.2105,disk4,62516469426176,125819732,870816170427372
97.2105,disk4w,92291072,14003,1225021470
97.2105,disk8,70068764198912,70471295,641847110669515
97.2105,disk8w,592850944,74049,18941394999
97.2105,disk6,104137091819520,169272327,1520650442453105
97.2105,disk6w,42423025664,129812,47251876248
97.2105,ram,155648000,66662432768,320765
97.2105,cpu,16837460,25363746,582380682
97.2105,gpu,36,0,0
97.4105,disk0,1109806441127936,2496176030,14715556156896383
97.4105,disk0w,2455513198592,20953363,1406408165659
97.4105,disk4,62517067081728,125820914,870818340265671
97.4105,disk4w,92291072,14003,1225021470
97.4105,disk8,70070150875136,70472717,641850928443114
97.4105,disk8w,592850944,74049,18941394999
97.4105,disk6,104138107234304,169274173,1520654632443782
97.4105,disk6w,42423025664,129812,47251876248
97.4105,ram,155648000,66662432768,320765
97.4105,cpu,16837460,25363746,582380682
97.4105,gpu,40,0,0
97.6105,disk0,1109809104015360,2496183845,14715575395339589
97.6105,disk0w,2455513198592,20953363,1406408165659
97.6105,disk4,62517661198336,125822078,870820302491837
97.6105,disk4w,92291072,14003,1225021470
97.6105,disk8,70071525083136,70474127,641854585765443
97.6105,disk8w,592850944,74049,18941394999
97.6105,disk6,104139259279360,169276279,1520659680352123
97.6105,disk6w,42423025664,129812,47251876248
97.6105,ram,155648000,66662432768,320765
97.6105,cpu,16837485,25363900,582382358
97.6105,gpu,42,0,0
97.8105,disk0,1109811439726592,2496187758,14715589060794297
97.8105,disk0w,2455513198592,20953363,1406408165659
97.8105,disk4,62518268782592,125823324,870823002418906
97.8105,disk4w,92291072,14003,1225021470
97.8105,disk8,70072686200832,70475318,641858101726250
97.8105,disk8w,592850944,74049,18941394999
97.8105,disk6,104140250707968,169277738,1520663567850889
97.8105,disk6w,42423025664,129812,47251876248
97.8105,ram,155648000,66662432768,320765
97.8105,cpu,16837485,25363900,582382358
97.8105,gpu,30,0,0
98.0105,disk0,1109814178590720,2496192052,14715603984492588
98.0105,disk0w,2455513198592,20953363,1406408165659
98.0105,disk4,62518911715328,125824641,870825242290120
98.0105,disk4w,92291072,14003,1225021470
98.0105,disk8,70074104301568,70476773,641862181996926
98.0105,disk8w,592850944,74049,18941394999
98.0105,disk6,104141298006016,169279088,1520666543129602
98.0105,disk6w,42423025664,129812,47251876248
98.0105,ram,155648000,66662432768,320765
98.0105,cpu,16837485,25363900,582382358
98.0105,gpu,47,0,0
98.2105,disk0,1109816912936960,2496197058,14715620532944134
98.2105,disk0w,2455513198592,20953363,1406408165659
98.2105,disk4,62519572178944,125825994,870827594285378
98.2105,disk4w,92291072,14003,1225021470
98.2105,disk8,70075521910784,70478227,641866119006688
98.2105,disk8w,592850944,74049,18941394999
98.2105,disk6,104142419228672,169280870,1520670640330970
98.2105,disk6w,42423025664,129812,47251876248
98.2105,ram,258736128,65859338240,320765
98.2105,cpu,16837485,25363900,582382358
98.2105,gpu,39,0,0
98.4018,disk0,1109819523964928,2496202350,14715638600326472
98.4018,disk0w,2455513198592,20953363,1406408165659
98.4018,disk4,62520091813888,125827022,870829336412246
98.4018,disk4w,92291072,14003,1225021470
98.4018,disk8,70076880635904,70479621,641869940153433
98.4018,disk8w,592850944,74049,18941394999
98.4018,disk6,104143479814144,169282887,1520675351646793
98.4018,disk6w,42423025664,129812,47251876248
98.4018,ram,258736128,65859338240,320765
98.4018,cpu,16837485,25363900,582382358
98.4018,gpu,50,0,0
98.6105,disk0,1109822386933760,2496207825,14715656840601496
98.6105,disk0w,2455513198592,20953363,1406408165659
98.6105,disk4,62520744257536,125828301,870831436617916
98.6105,disk4w,92291072,14003,1225021470
98.6105,disk8,70078356850688,70481136,641873991835017
98.6105,disk8w,592850944,74049,18941394999
98.6105,disk6,104144690264064,169285126,1520680649526213
98.6105,disk6w,42423025664,129812,47251876248
98.6105,ram,258736128,65859338240,320765
98.6105,cpu,16837504,25364019,582384050
98.6105,gpu,42,1,0
98.8105,disk0,1109825129324544,2496213967,14715674952626058
98.8105,disk0w,2455513198592,20953363,1406408165659
98.8105,disk4,62521328986112,125829452,870833328349777
98.8105,disk4w,92291072,14003,1225021470
98.8105,disk8,70079777064960,70482593,641877791353884
98.8105,disk8w,592850944,74049,18941394999
98.8105,disk6,104145923504128,169287267,1520685858244140
98.8105,disk6w,42423025664,129812,47251876248
98.8105,ram,258736128,65859338240,320765
98.8105,cpu,16837504,25364021,582384071
98.8105,gpu,46,0,0
99.0105,disk0,1109827225051136,2496217491,14715688771059285
99.0105,disk0w,2455513198592,20953363,1406408165659
99.0105,disk4,62521782724608,125830365,870835078414562
99.0105,disk4w,92291072,14003,1225021470
99.0105,disk8,70080907708416,70483753,641881535941585
99.0105,disk8w,592850944,74049,18941394999
99.0105,disk6,104146841241600,169288846,1520689648139740
99.0105,disk6w,42423025664,129812,47251876248
99.0105,ram,258736128,65859338240,320765
99.0105,cpu,16837504,25364021,582384071
99.0105,gpu,43,2,0
99.2036,disk0,1109829744320512,2496225510,14715707974802419
99.2036,disk0w,2455513198592,20953363,1406408165659
99.2036,disk4,62522459424768,125831752,870837374258232
99.2036,disk4w,92291072,14003,1225021470
99.2036,disk8,70082233534464,70485113,641885109121025
99.2036,disk8w,592850944,74049,18941394999
99.2036,disk6,104147861276672,169290212,1520692778850203
99.2036,disk6w,42423025664,129812,47251876248
99.2036,ram,178012160,65891975168,320765
99.2036,cpu,16837504,25364021,582384071
99.2036,gpu,0,0,0
99.4105,disk0,1109832542904320,2496230110,14715723311707971
99.4105,disk0w,2455513198592,20953363,1406408165659
99.4105,disk4,62523147855872,125833161,870839822165853
99.4105,disk4w,92291072,14003,1225021470
99.4105,disk8,70083700803584,70486618,641889011781705
99.4105,disk8w,592850944,74049,18941394999
99.4105,disk6,104149079296000,169291995,1520697103401645
99.4105,disk6w,42423025664,129812,47251876248
99.4105,ram,178012160,65891975168,320765
99.4105,cpu,16837504,25364021,582384071
99.4105,gpu,31,0,0
99.6105,disk0,1109835225903104,2496235321,14715741284122295
99.6105,disk0w,2455513198592,20953363,1406408165659
99.6105,disk4,62523759421440,125834412,870841885912718
99.6105,disk4w,92291072,14003,1225021470
99.6105,disk8,70085118445568,70488073,641893039081569
99.6105,disk8w,592850944,74049,18941394999
99.6105,disk6,104150130739200,169293702,1520701291367544
99.6105,disk6w,42423025664,129812,47251876248
99.6105,ram,178012160,65891975168,320765
99.6105,cpu,16837518,25364136,582385700
99.6105,gpu,44,0,0
99.8105,disk0,1109837912096768,2496240580,14715758721066868
99.8105,disk0w,2455513198592,20953363,1406408165659
99.8105,disk4,62524420122624,125835695,870844068656590
99.8105,disk4w,92291072,14003,1225021470
99.8105,disk8,70086532335616,70489523,641897014125425
99.8105,disk8w,592850944,74049,18941394999
99.8105,disk6,104151289088000,169295658,1520705753142769
99.8105,disk6w,42423025664,129812,47251876248
99.8105,ram,178012160,65891975168,320765
99.8105,cpu,16837519,25364143,582385785
99.8105,gpu,45,1,0
100.0105,disk0,1109840611250176,2496246319,14715778250265020
100.0105,disk0w,2455513198592,20953363,1406408165659
100.0105,disk4,62525041534976,125836920,870846169171027
100.0105,disk4w,92291072,14003,1225021470
100.0105,disk8,70087952189440,70490979,641901015251775
100.0105,disk8w,592850944,74049,18941394999
100.0105,disk6,104152326604800,169297397,1520709690504892
100.0105,disk6w,42423025664,129812,47251876248
100.0105,ram,178012160,65891975168,320765
100.0105,cpu,16837519,25364143,582385785
100.0105,gpu,38,2,0
100.2105,disk0,1109843186466816,2496253837,14715794908741125
100.2105,disk0w,2455513239552,20953367,1406408206950
100.2105,disk4,62525619611648,125838061,870848177240719
100.2105,disk4w,92291072,14003,1225021470
100.2105,disk8,70089300117504,70492362,641904648290571
100.2105,disk8w,592850944,74049,18941394999
100.2105,disk6,104153483528192,169299688,1520715303061873
100.2105,disk6w,42423025664,129812,47251876248
100.2105,ram,155254784,64755187712,320765
100.2105,cpu,16837519,25364143,582385785
100.2105,gpu,38,2,0
100.4016,disk0,1109843710619648,2496254715,14715797770986331
100.4016,disk0w,2455514394624,20953538,1406412512556
100.4016,disk4,62525716146176,125838255,870848478129071
100.4016,disk4w,92291072,14003,1225021470
100.4016,disk8,70089569994752,70492639,641905397726350
100.4016,disk8w,592850944,74049,18941394999
100.4016,disk6,104153675859968,169300047,1520716150672798
100.4016,disk6w,42423025664,129812,47251876248
100.4016,ram,153927680,64755187712,320765
100.4016,cpu,16837519,25364143,582385785
100.4016,gpu,0,0,0
100.6007,disk0,1109843710627840,2496254717,14715797772599997
100.6007,disk0w,2455514472448,20953544,1406412663179
100.6007,disk4,62525716146176,125838255,870848478129071
100.6007,disk4w,92291072,14003,1225021470
100.6007,disk8,70089569994752,70492639,641905397726350
100.6007,disk8w,592850944,74049,18941394999
100.6007,disk6,104153675859968,169300047,1520716150672798
100.6007,disk6w,42423025664,129812,47251876248
100.6007,ram,153927680,64755187712,320765
100.6007,cpu,16837519,25364143,582385785
100.6007,gpu,0,0,0
100.8516,disk0,1109843710627840,2496254717,14715797772599997
100.8516,disk0w,2455514488832,20953548,1406412759885
100.8516,disk4,62525716146176,125838255,870848478129071
100.8516,disk4w,92291072,14003,1225021470
100.8516,disk8,70089569994752,70492639,641905397726350
100.8516,disk8w,592850944,74049,18941394999
100.8516,disk6,104153675859968,169300047,1520716150672798
100.8516,disk6w,42423025664,129812,47251876248
100.8516,ram,153927680,64755187712,320765
100.8516,cpu,16837536,25364248,582387785
100.8516,gpu,0,0,0
