ARM G4_OFF START 23:27:41 overrides: K3_QWEN_ALLOW_CHAT=1 K3_CHAT_THINKING=0 K3_UAG_DRAFT=off tokens=200 chat=1 pressure_gb=60 prompt=[Describe the water cycle for a ten-year-old.]
[config] resolved: surface=DirectRun device=Auto spine=Auto spine_read_threads=auto spine_fd_cache=auto spine_stream_nocache=auto expert_stream_nocache=auto spine_resident_bytes=16000000000 provider_resident_layers=93 expert_read_threads=64 expert_prefetch_threads=12 expert_backend=Auto expert_scale4=Auto expert_pin_bytes=0 expert_heat=true expert_overlays=[hot=/Volumes/Green/serve-b-green:18017files dir_b=/Volumes/White/k3-experts-b:36018files dir_c=/Volumes/Yellow/serve3-green:15287files] pilot_gate=Off pilot_gate_threshold=0.1 pilot_gate_warmup=16 quality=QualityPolicy { target_authority: FullK3, routed_experts: 16, activation_precision: Fp32, resident_weights: QuantizedInt8 } dspark=Off dspark_max_context=8192 dspark_min_auto_speedup=0.03 dspark_miss_tolerance=1 dspark_max_drafts=7 qwen=Off reasoning_effort=default router_trace_mode=Off router_trace_path=none chat=true stats=true layer_profile=false max_new=200
[residency] residency set created
[residency] queue attached (1 queues)
[native] exact scale4-v2 expert storage unavailable (inspect scale4 manifest $K3_DIR/deltafin-root-local/k3-experts-scale4/scale4-manifest.json: No such file or directory (os error 2)); using raw-v1
[native] expert hot tier enabled: /Volumes/Green/serve-b-green (probed before $K3_DIR/deltafin-root-local/k3-experts)
[native] split-read: chunks=2 demand_chunks=2 prefetch_hot_side_chunks=1 demand_home=hot-first-both-chunks tier_balance=1 split_eta=0 trace=0
[native] expert volume B enabled: /Volumes/White/k3-experts-b (probed after hot, before $K3_DIR/deltafin-root-local/k3-experts)
[native] expert volume C enabled: /Volumes/Yellow/serve3-green (probed before hot and $K3_DIR/deltafin-root-local/k3-experts)
[native] host=macos/aarch64 device=mps experts=metal/raw-v1 root=$K3_DIR/deltafin-root-local spine=loose-deferred representation=quantized-int8 (non-weight-exact) layers=93 globals=2 resident=93/93 (50.74 GiB) transient=0.00 GiB readers=spine:4t/expert:64t/prefetch:12t spine-fdcache=0/0fd cpu-expert:4t router-trace=false lazy-missing=0 LibTorch=2.13.0
[native] optional Qwen: state=off model+KV-reserve=0.00 GiB verify-reserve=0.00 GiB/0 positions admitted-context=0 tokens startup-error=none
[native] context cache: initial=16 tokens/45.00 MiB, growth=2.81 MiB per capacity token, startup reserve=256 tokens/832.03 MiB, exact-expanded cap=4369 / model contract=1048576 tokens (live peak admission required beyond reserve)
[native] verify snapshots: 452.81 MiB per candidate boundary, width 1..=64 (fresh peak admission; otherwise ordinary exact decode)
[native] native target structure ready (all 16 routed experts; physical real-weight sequence parity not yet recorded for this backend/representation)
[native] expert arena: slots=1 prefetch_slots=128
[native] probe-order: dir_c_first
[native] mirror-cost: rated
[native] mirror: enabled=false mode=0 internal_cost_us=1502 enclosure_cost_us=948 bias=internal:1.00,K3C:1.00,K3B:1.00,K3A:1.00 outstanding=0/0/0/0
[native] retain: enabled=false cap_gb=8 layers=63..=92
[native] summer: enabled=false cap_gb=8 policy=lfru sample=16
[native] expert heat: weight=11838 passes recording=true; pin tier: candidates=0 charged=0.00 GiB
[spine-fp32] execution arena DISABLED (K3_SPINE_FP32_ARENA=0)
[residency] queue attached (2 queues)
[residency] 1 allocations, 1.09 GiB pinned
[residency] 2 allocations, 1.10 GiB pinned
[residency] 4 allocations, 1.70 GiB pinned
[residency] 8 allocations, 3.89 GiB pinned
[residency] 16 allocations, 8.27 GiB pinned
[residency] 32 allocations, 17.04 GiB pinned
[residency] 64 allocations, 34.16 GiB pinned
Imagine
[stats] generated=1 elapsed=26.896s speed=0.0372 token/s (26.896 s/token) chunks=1 committed_rows=31 verify_tx=0 drafts=0/0 layer_passes=93 expert_rows=2852 expert_tiles=473
[opens] expert file opens=174 total=0.006s mean=0.037ms requested_bytes=531647986880 (531.6 GB)
[arrival] tiles=473 waves=511 uncovered_wait=19.989s dispatch=2.876s
[retain] enabled=false cap_gb=8 layers=63..=92 consults=0 wanted=0 hits=0 inserts=0 served=0.0MB
[summer] enabled=false cap_gb=8 sample=16 consults=0 wanted=0 hits=0 hit_rate=0.0% misses=0 inserts=0 evictions=0 recycled=0 allocs=0 pin_skips=0 gated=0 ramp=2..50 bar=0 suppressed=0 wide_skips=0 served=0.0MB copied=0.0MB ssd_avoided=0.0GB live=0/0.0GB model=0 protected=0 declined=0 topup_suppressed=0 aged=0 into=0/0/0 pending=0
[mirror-split] internal=0 K3C=0 K3B=0 K3A=0  shares=0%/0%/0%/0%
[phases] mono=392649.772089 chunks=1 sequence=26.894s read_wait=0.171s bind_upload=1.641s attention_resident=1.818s expert_read_prefetch=0.317s expert_demand_read=0.000s expert_plan=0.000s expert_hint=0.000s expert_submit=0.000s expert_kernel=22.869s source_fence=0.000s tail_head_sync=0.018s layer_other=0.028s expert_read_gross=0.317s plan_hint=0.000s plan_sched=0.000s attn_total=1.818s attn_encode=0.600s attn_wait=1.218s attn_drain=0.000s kernel_total=2.874s kernel_host=0.217s kernel_wait=2.413s kernel_drain=0.244s
[attn-split] single: calls=0 total=0.000s encode=0.000s wait=0.000s drain=0.000s waits=0 untimed=0 | wide: calls=93 total=1.818s encode=0.600s wait=1.218s drain=0.000s waits=92 untimed=92 | hint: calls=92 total=0.000s encode=0.000s wait=0.000s drain=0.000s waits=0 untimed=0
[kernel-split] single: calls=44 total=0.036s encode=0.008s wait=0.011s drain=0.017s waits=44 untimed=0 | wide: calls=467 total=2.838s encode=0.210s wait=2.401s drain=0.227s waits=467 untimed=0
[kernel-sub] materialize=0.076s moe=2.695s precommit=0.000s rest=0.102s
[metal-cache] calls=2890 zero_copy_wraps=183 copies=0 cache_entries=64 bindless=true
[residency] queue attached (3 queues)
[route-chain] chained=1
[route-chain] dedup_hits=1
 water
[stats] generated=2 elapsed=28.388s speed=0.0705 token/s (14.194 s/token) chunks=2 committed_rows=32 verify_tx=0 drafts=0/0 layer_passes=186 expert_rows=2944 expert_tiles=565
[opens] expert file opens=3986 total=0.068s mean=0.017ms requested_bytes=565084355776 (565.1 GB)
[arrival] tiles=474 waves=517 uncovered_wait=20.002s dispatch=2.884s
[retain] enabled=false cap_gb=8 layers=63..=92 consults=0 wanted=0 hits=0 inserts=0 served=0.0MB
[summer] enabled=false cap_gb=8 sample=16 consults=0 wanted=0 hits=0 hit_rate=0.0% misses=0 inserts=0 evictions=0 recycled=0 allocs=0 pin_skips=0 gated=0 ramp=2..50 bar=0 suppressed=0 wide_skips=0 served=0.0MB copied=0.0MB ssd_avoided=0.0GB live=0/0.0GB model=0 protected=0 declined=0 topup_suppressed=0 aged=0 into=0/0/0 pending=0
[mirror-split] internal=0 K3C=0 K3B=0 K3A=0  shares=0%/0%/0%/0%
[phases] mono=392651.264181 chunks=2 sequence=28.384s read_wait=0.171s bind_upload=1.641s attention_resident=1.899s expert_read_prefetch=1.362s expert_demand_read=0.682s expert_plan=0.074s expert_hint=0.000s expert_submit=0.000s expert_kernel=23.209s source_fence=0.000s tail_head_sync=0.031s layer_other=0.038s expert_read_gross=1.288s plan_hint=0.048s plan_sched=0.026s attn_total=1.898s attn_encode=0.642s attn_wait=1.237s attn_drain=0.019s kernel_total=3.201s kernel_host=0.227s kernel_wait=2.417s kernel_drain=0.557s
[attn-split] single: calls=93 total=0.081s encode=0.042s wait=0.020s drain=0.019s waits=161 untimed=31 | wide: calls=93 total=1.818s encode=0.600s wait=1.218s drain=0.000s waits=92 untimed=92 | hint: calls=184 total=0.048s encode=0.000s wait=0.048s drain=0.000s waits=91 untimed=91
[kernel-split] single: calls=141 total=0.364s encode=0.017s wait=0.016s drain=0.331s waits=147 untimed=85 | wide: calls=467 total=2.838s encode=0.210s wait=2.401s drain=0.227s waits=467 untimed=0
[kernel-sub] materialize=0.076s moe=2.702s precommit=0.315s rest=0.107s
[metal-cache] calls=2987 zero_copy_wraps=229 copies=0 cache_entries=110 bindless=true
 is
[stats] generated=3 elapsed=29.874s speed=0.1004 token/s (9.958 s/token) chunks=3 committed_rows=33 verify_tx=0 drafts=0/0 layer_passes=279 expert_rows=3036 expert_tiles=657
[opens] expert file opens=7792 total=0.142s mean=0.018ms requested_bytes=598511926464 (598.5 GB)
[arrival] tiles=475 waves=523 uncovered_wait=20.018s dispatch=2.891s
[retain] enabled=false cap_gb=8 layers=63..=92 consults=0 wanted=0 hits=0 inserts=0 served=0.0MB
[summer] enabled=false cap_gb=8 sample=16 consults=0 wanted=0 hits=0 hit_rate=0.0% misses=0 inserts=0 evictions=0 recycled=0 allocs=0 pin_skips=0 gated=0 ramp=2..50 bar=0 suppressed=0 wide_skips=0 served=0.0MB copied=0.0MB ssd_avoided=0.0GB live=0/0.0GB model=0 protected=0 declined=0 topup_suppressed=0 aged=0 into=0/0/0 pending=0
[mirror-split] internal=0 K3C=0 K3B=0 K3A=0  shares=0%/0%/0%/0%
[phases] mono=392652.750246 chunks=3 sequence=29.870s read_wait=0.171s bind_upload=1.641s attention_resident=1.964s expert_read_prefetch=2.388s expert_demand_read=1.376s expert_plan=0.133s expert_hint=0.000s expert_submit=0.000s expert_kernel=23.584s source_fence=0.000s tail_head_sync=0.048s layer_other=0.040s expert_read_gross=2.255s plan_hint=0.106s plan_sched=0.027s attn_total=1.963s attn_encode=0.667s attn_wait=1.259s attn_drain=0.036s kernel_total=3.560s kernel_host=0.236s kernel_wait=2.421s kernel_drain=0.903s
[attn-split] single: calls=186 total=0.145s encode=0.068s wait=0.041s drain=0.036s waits=322 untimed=48 | wide: calls=93 total=1.818s encode=0.600s wait=1.218s drain=0.000s waits=92 untimed=92 | hint: calls=276 total=0.106s encode=0.000s wait=0.106s drain=0.000s waits=182 untimed=182
[kernel-split] single: calls=238 total=0.722s encode=0.026s wait=0.019s drain=0.677s waits=250 untimed=170 | wide: calls=467 total=2.838s encode=0.210s wait=2.401s drain=0.227s waits=467 untimed=0
[kernel-sub] materialize=0.076s moe=2.709s precommit=0.662s rest=0.112s
[metal-cache] calls=3084 zero_copy_wraps=229 copies=0 cache_entries=110 bindless=true
 on
[stats] generated=4 elapsed=31.324s speed=0.1277 token/s (7.831 s/token) chunks=4 committed_rows=34 verify_tx=0 drafts=0/0 layer_passes=372 expert_rows=3128 expert_tiles=749
[opens] expert file opens=11580 total=0.191s mean=0.017ms requested_bytes=631737744576 (631.7 GB)
[arrival] tiles=476 waves=531 uncovered_wait=20.030s dispatch=2.897s
[retain] enabled=false cap_gb=8 layers=63..=92 consults=0 wanted=0 hits=0 inserts=0 served=0.0MB
[summer] enabled=false cap_gb=8 sample=16 consults=0 wanted=0 hits=0 hit_rate=0.0% misses=0 inserts=0 evictions=0 recycled=0 allocs=0 pin_skips=0 gated=0 ramp=2..50 bar=0 suppressed=0 wide_skips=0 served=0.0MB copied=0.0MB ssd_avoided=0.0GB live=0/0.0GB model=0 protected=0 declined=0 topup_suppressed=0 aged=0 into=0/0/0 pending=0
[mirror-split] internal=0 K3C=0 K3B=0 K3A=0  shares=0%/0%/0%/0%
[phases] mono=392654.199904 chunks=4 sequence=31.318s read_wait=0.171s bind_upload=1.641s attention_resident=2.025s expert_read_prefetch=3.425s expert_demand_read=1.982s expert_plan=0.194s expert_hint=0.000s expert_submit=0.000s expert_kernel=23.920s source_fence=0.000s tail_head_sync=0.061s layer_other=0.041s expert_read_gross=3.231s plan_hint=0.166s plan_sched=0.028s attn_total=2.024s attn_encode=0.695s attn_wait=1.285s attn_drain=0.044s kernel_total=3.884s kernel_host=0.244s kernel_wait=2.424s kernel_drain=1.215s
[attn-split] single: calls=279 total=0.207s encode=0.096s wait=0.067s drain=0.044s waits=483 untimed=86 | wide: calls=93 total=1.818s encode=0.600s wait=1.218s drain=0.000s waits=92 untimed=92 | hint: calls=368 total=0.166s encode=0.001s wait=0.165s drain=0.000s waits=273 untimed=273
[kernel-split] single: calls=337 total=1.046s encode=0.035s wait=0.023s drain=0.989s waits=357 untimed=251 | wide: calls=467 total=2.838s encode=0.210s wait=2.401s drain=0.227s waits=467 untimed=0
[kernel-sub] materialize=0.076s moe=2.715s precommit=0.976s rest=0.117s
[metal-cache] calls=3183 zero_copy_wraps=229 copies=0 cache_entries=110 bindless=true
 a
[stats] generated=5 elapsed=32.811s speed=0.1524 token/s (6.562 s/token) chunks=5 committed_rows=35 verify_tx=0 drafts=0/0 layer_passes=465 expert_rows=3220 expert_tiles=841
[opens] expert file opens=15392 total=0.248s mean=0.016ms requested_bytes=665253051584 (665.3 GB)
[arrival] tiles=477 waves=539 uncovered_wait=20.053s dispatch=2.905s
[retain] enabled=false cap_gb=8 layers=63..=92 consults=0 wanted=0 hits=0 inserts=0 served=0.0MB
[summer] enabled=false cap_gb=8 sample=16 consults=0 wanted=0 hits=0 hit_rate=0.0% misses=0 inserts=0 evictions=0 recycled=0 allocs=0 pin_skips=0 gated=0 ramp=2..50 bar=0 suppressed=0 wide_skips=0 served=0.0MB copied=0.0MB ssd_avoided=0.0GB live=0/0.0GB model=0 protected=0 declined=0 topup_suppressed=0 aged=0 into=0/0/0 pending=0
[mirror-split] internal=0 K3C=0 K3B=0 K3A=0  shares=0%/0%/0%/0%
[phases] mono=392655.686723 chunks=5 sequence=32.805s read_wait=0.171s bind_upload=1.641s attention_resident=2.089s expert_read_prefetch=4.479s expert_demand_read=2.643s expert_plan=0.243s expert_hint=0.000s expert_submit=0.000s expert_kernel=24.271s source_fence=0.000s tail_head_sync=0.077s layer_other=0.043s expert_read_gross=4.235s plan_hint=0.214s plan_sched=0.029s attn_total=2.088s attn_encode=0.724s attn_wait=1.305s attn_drain=0.059s kernel_total=4.212s kernel_host=0.253s kernel_wait=2.428s kernel_drain=1.530s
[attn-split] single: calls=372 total=0.270s encode=0.124s wait=0.087s drain=0.059s waits=644 untimed=112 | wide: calls=93 total=1.818s encode=0.600s wait=1.218s drain=0.000s waits=92 untimed=92 | hint: calls=460 total=0.214s encode=0.001s wait=0.213s drain=0.000s waits=364 untimed=364
[kernel-split] single: calls=436 total=1.374s encode=0.043s wait=0.027s drain=1.304s waits=464 untimed=332 | wide: calls=467 total=2.838s encode=0.210s wait=2.401s drain=0.227s waits=467 untimed=0
[kernel-sub] materialize=0.076s moe=2.722s precommit=1.292s rest=0.121s
[metal-cache] calls=3282 zero_copy_wraps=229 copies=0 cache_entries=110 bindless=true
 giant
[stats] generated=6 elapsed=34.316s speed=0.1748 token/s (5.719 s/token) chunks=6 committed_rows=36 verify_tx=0 drafts=0/0 layer_passes=558 expert_rows=3312 expert_tiles=933
[opens] expert file opens=19284 total=0.300s mean=0.016ms requested_bytes=699382561984 (699.4 GB)
[arrival] tiles=478 waves=545 uncovered_wait=20.068s dispatch=2.910s
[retain] enabled=false cap_gb=8 layers=63..=92 consults=0 wanted=0 hits=0 inserts=0 served=0.0MB
[summer] enabled=false cap_gb=8 sample=16 consults=0 wanted=0 hits=0 hit_rate=0.0% misses=0 inserts=0 evictions=0 recycled=0 allocs=0 pin_skips=0 gated=0 ramp=2..50 bar=0 suppressed=0 wide_skips=0 served=0.0MB copied=0.0MB ssd_avoided=0.0GB live=0/0.0GB model=0 protected=0 declined=0 topup_suppressed=0 aged=0 into=0/0/0 pending=0
[mirror-split] internal=0 K3C=0 K3B=0 K3A=0  shares=0%/0%/0%/0%
[phases] mono=392657.192302 chunks=6 sequence=34.309s read_wait=0.171s bind_upload=1.641s attention_resident=2.181s expert_read_prefetch=5.527s expert_demand_read=3.342s expert_plan=0.293s expert_hint=0.000s expert_submit=0.000s expert_kernel=24.618s source_fence=0.000s tail_head_sync=0.094s layer_other=0.044s expert_read_gross=5.234s plan_hint=0.263s plan_sched=0.030s attn_total=2.180s attn_encode=0.779s attn_wait=1.328s attn_drain=0.073s kernel_total=4.543s kernel_host=0.262s kernel_wait=2.431s kernel_drain=1.850s
[attn-split] single: calls=465 total=0.362s encode=0.180s wait=0.110s drain=0.073s waits=805 untimed=144 | wide: calls=93 total=1.818s encode=0.600s wait=1.218s drain=0.000s waits=92 untimed=92 | hint: calls=552 total=0.262s encode=0.001s wait=0.261s drain=0.000s waits=455 untimed=455
[kernel-split] single: calls=533 total=1.705s encode=0.052s wait=0.030s drain=1.623s waits=567 untimed=421 | wide: calls=467 total=2.838s encode=0.210s wait=2.401s drain=0.227s waits=467 untimed=0
[kernel-sub] materialize=0.076s moe=2.728s precommit=1.613s rest=0.126s
[metal-cache] calls=3379 zero_copy_wraps=229 copies=0 cache_entries=110 bindless=true
,
[stats] generated=7 elapsed=35.784s speed=0.1956 token/s (5.112 s/token) chunks=7 committed_rows=37 verify_tx=0 drafts=0/0 layer_passes=651 expert_rows=3404 expert_tiles=1025
[opens] expert file opens=23094 total=0.350s mean=0.015ms requested_bytes=732836494528 (732.8 GB)
[arrival] tiles=479 waves=553 uncovered_wait=20.087s dispatch=2.917s
[retain] enabled=false cap_gb=8 layers=63..=92 consults=0 wanted=0 hits=0 inserts=0 served=0.0MB
[summer] enabled=false cap_gb=8 sample=16 consults=0 wanted=0 hits=0 hit_rate=0.0% misses=0 inserts=0 evictions=0 recycled=0 allocs=0 pin_skips=0 gated=0 ramp=2..50 bar=0 suppressed=0 wide_skips=0 served=0.0MB copied=0.0MB ssd_avoided=0.0GB live=0/0.0GB model=0 protected=0 declined=0 topup_suppressed=0 aged=0 into=0/0/0 pending=0
[mirror-split] internal=0 K3C=0 K3B=0 K3A=0  shares=0%/0%/0%/0%
[phases] mono=392658.660156 chunks=7 sequence=35.776s read_wait=0.171s bind_upload=1.641s attention_resident=2.243s expert_read_prefetch=6.575s expert_demand_read=3.958s expert_plan=0.343s expert_hint=0.000s expert_submit=0.000s expert_kernel=24.960s source_fence=0.000s tail_head_sync=0.107s layer_other=0.046s expert_read_gross=6.232s plan_hint=0.312s plan_sched=0.031s attn_total=2.241s attn_encode=0.807s attn_wait=1.351s attn_drain=0.082s kernel_total=4.866s kernel_host=0.271s kernel_wait=2.435s kernel_drain=2.160s
[attn-split] single: calls=558 total=0.424s encode=0.208s wait=0.133s drain=0.082s waits=966 untimed=173 | wide: calls=93 total=1.818s encode=0.600s wait=1.218s drain=0.000s waits=92 untimed=92 | hint: calls=644 total=0.311s encode=0.001s wait=0.310s drain=0.000s waits=546 untimed=546
[kernel-split] single: calls=632 total=2.029s encode=0.061s wait=0.034s drain=1.934s waits=674 untimed=511 | wide: calls=467 total=2.838s encode=0.210s wait=2.401s drain=0.227s waits=467 untimed=0
[kernel-sub] materialize=0.076s moe=2.735s precommit=1.925s rest=0.131s
[metal-cache] calls=3478 zero_copy_wraps=230 copies=0 cache_entries=111 bindless=true
 never
[stats] generated=8 elapsed=37.267s speed=0.2147 token/s (4.658 s/token) chunks=8 committed_rows=38 verify_tx=0 drafts=0/0 layer_passes=744 expert_rows=3496 expert_tiles=1117
[opens] expert file opens=26986 total=0.412s mean=0.015ms requested_bytes=766948441280 (766.9 GB)
[arrival] tiles=480 waves=560 uncovered_wait=20.102s dispatch=2.924s
[retain] enabled=false cap_gb=8 layers=63..=92 consults=0 wanted=0 hits=0 inserts=0 served=0.0MB
[summer] enabled=false cap_gb=8 sample=16 consults=0 wanted=0 hits=0 hit_rate=0.0% misses=0 inserts=0 evictions=0 recycled=0 allocs=0 pin_skips=0 gated=0 ramp=2..50 bar=0 suppressed=0 wide_skips=0 served=0.0MB copied=0.0MB ssd_avoided=0.0GB live=0/0.0GB model=0 protected=0 declined=0 topup_suppressed=0 aged=0 into=0/0/0 pending=0
[mirror-split] internal=0 K3C=0 K3B=0 K3A=0  shares=0%/0%/0%/0%
[phases] mono=392660.142887 chunks=8 sequence=37.259s read_wait=0.171s bind_upload=1.641s attention_resident=2.307s expert_read_prefetch=7.635s expert_demand_read=4.628s expert_plan=0.396s expert_hint=0.000s expert_submit=0.000s expert_kernel=25.302s source_fence=0.000s tail_head_sync=0.120s layer_other=0.047s expert_read_gross=7.240s plan_hint=0.363s plan_sched=0.032s attn_total=2.305s attn_encode=0.834s attn_wait=1.371s attn_drain=0.101s kernel_total=5.194s kernel_host=0.280s kernel_wait=2.438s kernel_drain=2.476s
[attn-split] single: calls=651 total=0.488s encode=0.234s wait=0.153s drain=0.101s waits=1127 untimed=199 | wide: calls=93 total=1.818s encode=0.600s wait=1.218s drain=0.000s waits=92 untimed=92 | hint: calls=736 total=0.363s encode=0.002s wait=0.362s drain=0.000s waits=637 untimed=637
[kernel-split] single: calls=730 total=2.356s encode=0.070s wait=0.037s drain=2.249s waits=779 untimed=601 | wide: calls=467 total=2.838s encode=0.210s wait=2.401s drain=0.227s waits=467 untimed=0
[kernel-sub] materialize=0.076s moe=2.742s precommit=2.241s rest=0.135s
[metal-cache] calls=3576 zero_copy_wraps=230 copies=0 cache_entries=111 bindless=true
-ending
[stats] generated=9 elapsed=38.755s speed=0.2322 token/s (4.306 s/token) chunks=9 committed_rows=39 verify_tx=0 drafts=0/0 layer_passes=837 expert_rows=3588 expert_tiles=1209
[opens] expert file opens=30813 total=0.476s mean=0.015ms requested_bytes=800516406464 (800.5 GB)
[arrival] tiles=481 waves=567 uncovered_wait=20.112s dispatch=2.931s
[retain] enabled=false cap_gb=8 layers=63..=92 consults=0 wanted=0 hits=0 inserts=0 served=0.0MB
[summer] enabled=false cap_gb=8 sample=16 consults=0 wanted=0 hits=0 hit_rate=0.0% misses=0 inserts=0 evictions=0 recycled=0 allocs=0 pin_skips=0 gated=0 ramp=2..50 bar=0 suppressed=0 wide_skips=0 served=0.0MB copied=0.0MB ssd_avoided=0.0GB live=0/0.0GB model=0 protected=0 declined=0 topup_suppressed=0 aged=0 into=0/0/0 pending=0
[mirror-split] internal=0 K3C=0 K3B=0 K3A=0  shares=0%/0%/0%/0%
[phases] mono=392661.631299 chunks=9 sequence=38.746s read_wait=0.171s bind_upload=1.641s attention_resident=2.378s expert_read_prefetch=8.698s expert_demand_read=5.301s expert_plan=0.451s expert_hint=0.000s expert_submit=0.000s expert_kernel=25.642s source_fence=0.000s tail_head_sync=0.133s layer_other=0.049s expert_read_gross=8.247s plan_hint=0.418s plan_sched=0.033s attn_total=2.376s attn_encode=0.866s attn_wait=1.391s attn_drain=0.118s kernel_total=5.523s kernel_host=0.289s kernel_wait=2.443s kernel_drain=2.791s
[attn-split] single: calls=744 total=0.558s encode=0.267s wait=0.173s drain=0.118s waits=1288 untimed=229 | wide: calls=93 total=1.818s encode=0.600s wait=1.218s drain=0.000s waits=92 untimed=92 | hint: calls=828 total=0.418s encode=0.002s wait=0.416s drain=0.000s waits=728 untimed=728
[kernel-split] single: calls=828 total=2.685s encode=0.079s wait=0.042s drain=2.565s waits=884 untimed=681 | wide: calls=467 total=2.838s encode=0.210s wait=2.401s drain=0.227s waits=467 untimed=0
[kernel-sub] materialize=0.076s moe=2.749s precommit=2.558s rest=0.140s
[metal-cache] calls=3674 zero_copy_wraps=230 copies=0 cache_entries=111 bindless=true
 adventure
[stats] generated=10 elapsed=40.189s speed=0.2488 token/s (4.019 s/token) chunks=10 committed_rows=40 verify_tx=0 drafts=0/0 layer_passes=930 expert_rows=3680 expert_tiles=1301
[opens] expert file opens=34668 total=0.530s mean=0.015ms requested_bytes=834338798784 (834.3 GB)
[arrival] tiles=482 waves=573 uncovered_wait=20.123s dispatch=2.937s
[retain] enabled=false cap_gb=8 layers=63..=92 consults=0 wanted=0 hits=0 inserts=0 served=0.0MB
[summer] enabled=false cap_gb=8 sample=16 consults=0 wanted=0 hits=0 hit_rate=0.0% misses=0 inserts=0 evictions=0 recycled=0 allocs=0 pin_skips=0 gated=0 ramp=2..50 bar=0 suppressed=0 wide_skips=0 served=0.0MB copied=0.0MB ssd_avoided=0.0GB live=0/0.0GB model=0 protected=0 declined=0 topup_suppressed=0 aged=0 into=0/0/0 pending=0
[mirror-split] internal=0 K3C=0 K3B=0 K3A=0  shares=0%/0%/0%/0%
[phases] mono=392663.065407 chunks=10 sequence=40.179s read_wait=0.171s bind_upload=1.641s attention_resident=2.468s expert_read_prefetch=9.673s expert_demand_read=5.915s expert_plan=0.507s expert_hint=0.000s expert_submit=0.000s expert_kernel=25.995s source_fence=0.000s tail_head_sync=0.147s layer_other=0.051s expert_read_gross=9.166s plan_hint=0.473s plan_sched=0.034s attn_total=2.466s attn_encode=0.910s attn_wait=1.413s attn_drain=0.142s kernel_total=5.864s kernel_host=0.298s kernel_wait=2.446s kernel_drain=3.121s
[attn-split] single: calls=837 total=0.648s encode=0.311s wait=0.195s drain=0.142s waits=1449 untimed=253 | wide: calls=93 total=1.818s encode=0.600s wait=1.218s drain=0.000s waits=92 untimed=92 | hint: calls=920 total=0.472s encode=0.002s wait=0.470s drain=0.000s waits=819 untimed=819
[kernel-split] single: calls=925 total=3.027s encode=0.088s wait=0.044s drain=2.895s waits=987 untimed=762 | wide: calls=467 total=2.838s encode=0.210s wait=2.401s drain=0.227s waits=467 untimed=0
[kernel-sub] materialize=0.076s moe=2.754s precommit=2.890s rest=0.144s
[metal-cache] calls=3771 zero_copy_wraps=230 copies=0 cache_entries=111 bindless=true
 around
[stats] generated=11 elapsed=41.640s speed=0.2642 token/s (3.785 s/token) chunks=11 committed_rows=41 verify_tx=0 drafts=0/0 layer_passes=1023 expert_rows=3772 expert_tiles=1393
[opens] expert file opens=38440 total=0.602s mean=0.016ms requested_bytes=867450535104 (867.5 GB)
[arrival] tiles=483 waves=581 uncovered_wait=20.135s dispatch=2.944s
[retain] enabled=false cap_gb=8 layers=63..=92 consults=0 wanted=0 hits=0 inserts=0 served=0.0MB
[summer] enabled=false cap_gb=8 sample=16 consults=0 wanted=0 hits=0 hit_rate=0.0% misses=0 inserts=0 evictions=0 recycled=0 allocs=0 pin_skips=0 gated=0 ramp=2..50 bar=0 suppressed=0 wide_skips=0 served=0.0MB copied=0.0MB ssd_avoided=0.0GB live=0/0.0GB model=0 protected=0 declined=0 topup_suppressed=0 aged=0 into=0/0/0 pending=0
[mirror-split] internal=0 K3C=0 K3B=0 K3A=0  shares=0%/0%/0%/0%
[phases] mono=392664.516340 chunks=11 sequence=41.628s read_wait=0.171s bind_upload=1.641s attention_resident=2.525s expert_read_prefetch=10.728s expert_demand_read=6.618s expert_plan=0.573s expert_hint=0.000s expert_submit=0.000s expert_kernel=26.318s source_fence=0.000s tail_head_sync=0.159s layer_other=0.052s expert_read_gross=10.155s plan_hint=0.538s plan_sched=0.035s attn_total=2.523s attn_encode=0.931s attn_wait=1.431s attn_drain=0.161s kernel_total=6.175s kernel_host=0.306s kernel_wait=2.449s kernel_drain=3.419s
[attn-split] single: calls=930 total=0.706s encode=0.331s wait=0.213s drain=0.161s waits=1610 untimed=292 | wide: calls=93 total=1.818s encode=0.600s wait=1.218s drain=0.000s waits=92 untimed=92 | hint: calls=1012 total=0.537s encode=0.002s wait=0.535s drain=0.000s waits=910 untimed=910
[kernel-split] single: calls=1024 total=3.337s encode=0.097s wait=0.048s drain=3.192s waits=1094 untimed=848 | wide: calls=467 total=2.838s encode=0.210s wait=2.401s drain=0.227s waits=467 untimed=0
[kernel-sub] materialize=0.076s moe=2.761s precommit=3.189s rest=0.149s
[metal-cache] calls=3870 zero_copy_wraps=230 copies=0 cache_entries=111 bindless=true
[route-chain] chained=690
[route-chain] dedup_hits=690
 our
[stats] generated=12 elapsed=43.153s speed=0.2781 token/s (3.596 s/token) chunks=12 committed_rows=42 verify_tx=0 drafts=0/0 layer_passes=1116 expert_rows=3864 expert_tiles=1485
[opens] expert file opens=42280 total=0.661s mean=0.016ms requested_bytes=901123816640 (901.1 GB)
[arrival] tiles=484 waves=587 uncovered_wait=20.146s dispatch=2.950s
[retain] enabled=false cap_gb=8 layers=63..=92 consults=0 wanted=0 hits=0 inserts=0 served=0.0MB
[summer] enabled=false cap_gb=8 sample=16 consults=0 wanted=0 hits=0 hit_rate=0.0% misses=0 inserts=0 evictions=0 recycled=0 allocs=0 pin_skips=0 gated=0 ramp=2..50 bar=0 suppressed=0 wide_skips=0 served=0.0MB copied=0.0MB ssd_avoided=0.0GB live=0/0.0GB model=0 protected=0 declined=0 topup_suppressed=0 aged=0 into=0/0/0 pending=0
[mirror-split] internal=0 K3C=0 K3B=0 K3A=0  shares=0%/0%/0%/0%
[phases] mono=392666.029212 chunks=12 sequence=43.140s read_wait=0.171s bind_upload=1.641s attention_resident=2.602s expert_read_prefetch=11.804s expert_demand_read=7.295s expert_plan=0.633s expert_hint=0.000s expert_submit=0.000s expert_kernel=26.661s source_fence=0.000s tail_head_sync=0.173s layer_other=0.053s expert_read_gross=11.171s plan_hint=0.596s plan_sched=0.036s attn_total=2.600s attn_encode=0.956s attn_wait=1.455s attn_drain=0.188s kernel_total=6.507s kernel_host=0.315s kernel_wait=2.453s kernel_drain=3.739s
[attn-split] single: calls=1023 total=0.782s encode=0.356s wait=0.237s drain=0.188s waits=1771 untimed=320 | wide: calls=93 total=1.818s encode=0.600s wait=1.218s drain=0.000s waits=92 untimed=92 | hint: calls=1104 total=0.595s encode=0.002s wait=0.593s drain=0.000s waits=1001 untimed=1001
[kernel-split] single: calls=1121 total=3.669s encode=0.105s wait=0.051s drain=3.513s waits=1197 untimed=933 | wide: calls=467 total=2.838s encode=0.210s wait=2.401s drain=0.227s waits=467 untimed=0
[kernel-sub] materialize=0.076s moe=2.766s precommit=3.511s rest=0.153s
[metal-cache] calls=3967 zero_copy_wraps=231 copies=0 cache_entries=112 bindless=true
 planet
[stats] generated=13 elapsed=44.692s speed=0.2909 token/s (3.438 s/token) chunks=13 committed_rows=43 verify_tx=0 drafts=0/0 layer_passes=1209 expert_rows=3956 expert_tiles=1577
[opens] expert file opens=46227 total=0.722s mean=0.016ms requested_bytes=935753383104 (935.8 GB)
[arrival] tiles=485 waves=594 uncovered_wait=20.157s dispatch=2.958s
[retain] enabled=false cap_gb=8 layers=63..=92 consults=0 wanted=0 hits=0 inserts=0 served=0.0MB
[summer] enabled=false cap_gb=8 sample=16 consults=0 wanted=0 hits=0 hit_rate=0.0% misses=0 inserts=0 evictions=0 recycled=0 allocs=0 pin_skips=0 gated=0 ramp=2..50 bar=0 suppressed=0 wide_skips=0 served=0.0MB copied=0.0MB ssd_avoided=0.0GB live=0/0.0GB model=0 protected=0 declined=0 topup_suppressed=0 aged=0 into=0/0/0 pending=0
[mirror-split] internal=0 K3C=0 K3B=0 K3A=0  shares=0%/0%/0%/0%
[phases] mono=392667.568278 chunks=13 sequence=44.678s read_wait=0.171s bind_upload=1.641s attention_resident=2.678s expert_read_prefetch=12.882s expert_demand_read=7.899s expert_plan=0.701s expert_hint=0.000s expert_submit=0.000s expert_kernel=27.031s source_fence=0.000s tail_head_sync=0.185s layer_other=0.055s expert_read_gross=12.181s plan_hint=0.663s plan_sched=0.037s attn_total=2.676s attn_encode=0.987s attn_wait=1.485s attn_drain=0.203s kernel_total=6.867s kernel_host=0.325s kernel_wait=2.457s kernel_drain=4.084s
[attn-split] single: calls=1116 total=0.858s encode=0.388s wait=0.267s drain=0.203s waits=1932 untimed=346 | wide: calls=93 total=1.818s encode=0.600s wait=1.218s drain=0.000s waits=92 untimed=92 | hint: calls=1196 total=0.663s encode=0.003s wait=0.660s drain=0.000s waits=1092 untimed=1092
[kernel-split] single: calls=1219 total=4.029s encode=0.115s wait=0.056s drain=3.857s waits=1302 untimed=1017 | wide: calls=467 total=2.838s encode=0.210s wait=2.401s drain=0.227s waits=467 untimed=0
[kernel-sub] materialize=0.076s moe=2.774s precommit=3.857s rest=0.158s
[metal-cache] calls=4065 zero_copy_wraps=231 copies=0 cache_entries=112 bindless=true
!
[stats] generated=14 elapsed=46.169s speed=0.3032 token/s (3.298 s/token) chunks=14 committed_rows=44 verify_tx=0 drafts=0/0 layer_passes=1302 expert_rows=4048 expert_tiles=1669
[opens] expert file opens=50166 total=0.786s mean=0.016ms requested_bytes=970286480576 (970.3 GB)
[arrival] tiles=486 waves=601 uncovered_wait=20.167s dispatch=2.964s
[retain] enabled=false cap_gb=8 layers=63..=92 consults=0 wanted=0 hits=0 inserts=0 served=0.0MB
[summer] enabled=false cap_gb=8 sample=16 consults=0 wanted=0 hits=0 hit_rate=0.0% misses=0 inserts=0 evictions=0 recycled=0 allocs=0 pin_skips=0 gated=0 ramp=2..50 bar=0 suppressed=0 wide_skips=0 served=0.0MB copied=0.0MB ssd_avoided=0.0GB live=0/0.0GB model=0 protected=0 declined=0 topup_suppressed=0 aged=0 into=0/0/0 pending=0
[mirror-split] internal=0 K3C=0 K3B=0 K3A=0  shares=0%/0%/0%/0%
[phases] mono=392669.045382 chunks=14 sequence=46.154s read_wait=0.171s bind_upload=1.641s attention_resident=2.761s expert_read_prefetch=13.910s expert_demand_read=8.538s expert_plan=0.757s expert_hint=0.000s expert_submit=0.000s expert_kernel=27.379s source_fence=0.000s tail_head_sync=0.202s layer_other=0.057s expert_read_gross=13.152s plan_hint=0.719s plan_sched=0.038s attn_total=2.758s attn_encode=1.031s attn_wait=1.504s attn_drain=0.223s kernel_total=7.203s kernel_host=0.334s kernel_wait=2.460s kernel_drain=4.409s
[attn-split] single: calls=1209 total=0.940s encode=0.431s wait=0.286s drain=0.223s waits=2093 untimed=371 | wide: calls=93 total=1.818s encode=0.600s wait=1.218s drain=0.000s waits=92 untimed=92 | hint: calls=1288 total=0.718s encode=0.003s wait=0.715s drain=0.000s waits=1183 untimed=1183
[kernel-split] single: calls=1317 total=4.366s encode=0.124s wait=0.059s drain=4.182s waits=1407 untimed=1099 | wide: calls=467 total=2.838s encode=0.210s wait=2.401s drain=0.227s waits=467 untimed=0
[kernel-sub] materialize=0.076s moe=2.780s precommit=4.184s rest=0.163s
[metal-cache] calls=4163 zero_copy_wraps=231 copies=0 cache_entries=112 bindless=true
 It
[stats] generated=15 elapsed=47.633s speed=0.3149 token/s (3.176 s/token) chunks=15 committed_rows=45 verify_tx=0 drafts=0/0 layer_passes=1395 expert_rows=4140 expert_tiles=1761
[opens] expert file opens=54077 total=0.836s mean=0.015ms requested_bytes=1004565134528 (1004.6 GB)
[arrival] tiles=487 waves=609 uncovered_wait=20.179s dispatch=2.971s
[retain] enabled=false cap_gb=8 layers=63..=92 consults=0 wanted=0 hits=0 inserts=0 served=0.0MB
[summer] enabled=false cap_gb=8 sample=16 consults=0 wanted=0 hits=0 hit_rate=0.0% misses=0 inserts=0 evictions=0 recycled=0 allocs=0 pin_skips=0 gated=0 ramp=2..50 bar=0 suppressed=0 wide_skips=0 served=0.0MB copied=0.0MB ssd_avoided=0.0GB live=0/0.0GB model=0 protected=0 declined=0 topup_suppressed=0 aged=0 into=0/0/0 pending=0
[mirror-split] internal=0 K3C=0 K3B=0 K3A=0  shares=0%/0%/0%/0%
[phases] mono=392670.509165 chunks=15 sequence=47.617s read_wait=0.171s bind_upload=1.641s attention_resident=2.822s expert_read_prefetch=14.967s expert_demand_read=9.156s expert_plan=0.824s expert_hint=0.000s expert_submit=0.000s expert_kernel=27.707s source_fence=0.000s tail_head_sync=0.217s layer_other=0.058s expert_read_gross=14.143s plan_hint=0.784s plan_sched=0.039s attn_total=2.819s attn_encode=1.053s attn_wait=1.534s attn_drain=0.232s kernel_total=7.519s kernel_host=0.343s kernel_wait=2.464s kernel_drain=4.712s
[attn-split] single: calls=1302 total=1.002s encode=0.453s wait=0.316s drain=0.232s waits=2254 untimed=406 | wide: calls=93 total=1.818s encode=0.600s wait=1.218s drain=0.000s waits=92 untimed=92 | hint: calls=1380 total=0.784s encode=0.003s wait=0.781s drain=0.000s waits=1274 untimed=1274
[kernel-split] single: calls=1416 total=4.682s encode=0.133s wait=0.063s drain=4.486s waits=1514 untimed=1181 | wide: calls=467 total=2.838s encode=0.210s wait=2.401s drain=0.227s waits=467 untimed=0
[kernel-sub] materialize=0.076s moe=2.787s precommit=4.489s rest=0.167s
[metal-cache] calls=4262 zero_copy_wraps=231 copies=0 cache_entries=112 bindless=true
 goes
[stats] generated=16 elapsed=49.083s speed=0.3260 token/s (3.068 s/token) chunks=16 committed_rows=46 verify_tx=0 drafts=0/0 layer_passes=1488 expert_rows=4232 expert_tiles=1853
[opens] expert file opens=57932 total=0.886s mean=0.015ms requested_bytes=1038361246912 (1038.4 GB)
[arrival] tiles=488 waves=617 uncovered_wait=20.194s dispatch=2.978s
[retain] enabled=false cap_gb=8 layers=63..=92 consults=0 wanted=0 hits=0 inserts=0 served=0.0MB
[summer] enabled=false cap_gb=8 sample=16 consults=0 wanted=0 hits=0 hit_rate=0.0% misses=0 inserts=0 evictions=0 recycled=0 allocs=0 pin_skips=0 gated=0 ramp=2..50 bar=0 suppressed=0 wide_skips=0 served=0.0MB copied=0.0MB ssd_avoided=0.0GB live=0/0.0GB model=0 protected=0 declined=0 topup_suppressed=0 aged=0 into=0/0/0 pending=0
[mirror-split] internal=0 K3C=0 K3B=0 K3A=0  shares=0%/0%/0%/0%
[phases] mono=392671.958634 chunks=16 sequence=49.066s read_wait=0.171s bind_upload=1.641s attention_resident=2.884s expert_read_prefetch=16.015s expert_demand_read=9.763s expert_plan=0.885s expert_hint=0.000s expert_submit=0.000s expert_kernel=28.029s source_fence=0.000s tail_head_sync=0.231s layer_other=0.060s expert_read_gross=15.130s plan_hint=0.844s plan_sched=0.040s attn_total=2.881s attn_encode=1.077s attn_wait=1.559s attn_drain=0.244s kernel_total=7.826s kernel_host=0.352s kernel_wait=2.468s kernel_drain=5.007s
[attn-split] single: calls=1395 total=1.063s encode=0.478s wait=0.341s drain=0.244s waits=2415 untimed=442 | wide: calls=93 total=1.818s encode=0.600s wait=1.218s drain=0.000s waits=92 untimed=92 | hint: calls=1472 total=0.843s encode=0.003s wait=0.840s drain=0.000s waits=1365 untimed=1365
[kernel-split] single: calls=1515 total=4.989s encode=0.142s wait=0.067s drain=4.781s waits=1621 untimed=1264 | wide: calls=467 total=2.838s encode=0.210s wait=2.401s drain=0.227s waits=467 untimed=0
[kernel-sub] materialize=0.076s moe=2.794s precommit=4.785s rest=0.171s
[metal-cache] calls=4361 zero_copy_wraps=231 copies=0 cache_entries=112 bindless=true
 in
[stats] generated=17 elapsed=50.546s speed=0.3363 token/s (2.973 s/token) chunks=17 committed_rows=47 verify_tx=0 drafts=0/0 layer_passes=1581 expert_rows=4324 expert_tiles=1945
[opens] expert file opens=61766 total=0.939s mean=0.015ms requested_bytes=1072008166592 (1072.0 GB)
[arrival] tiles=489 waves=622 uncovered_wait=20.203s dispatch=2.985s
[retain] enabled=false cap_gb=8 layers=63..=92 consults=0 wanted=0 hits=0 inserts=0 served=0.0MB
[summer] enabled=false cap_gb=8 sample=16 consults=0 wanted=0 hits=0 hit_rate=0.0% misses=0 inserts=0 evictions=0 recycled=0 allocs=0 pin_skips=0 gated=0 ramp=2..50 bar=0 suppressed=0 wide_skips=0 served=0.0MB copied=0.0MB ssd_avoided=0.0GB live=0/0.0GB model=0 protected=0 declined=0 topup_suppressed=0 aged=0 into=0/0/0 pending=0
[mirror-split] internal=0 K3C=0 K3B=0 K3A=0  shares=0%/0%/0%/0%
[phases] mono=392673.422484 chunks=17 sequence=50.528s read_wait=0.171s bind_upload=1.641s attention_resident=2.958s expert_read_prefetch=17.036s expert_demand_read=10.362s expert_plan=0.945s expert_hint=0.000s expert_submit=0.000s expert_kernel=28.382s source_fence=0.000s tail_head_sync=0.244s layer_other=0.061s expert_read_gross=16.091s plan_hint=0.903s plan_sched=0.041s attn_total=2.955s attn_encode=1.106s attn_wait=1.588s attn_drain=0.262s kernel_total=8.170s kernel_host=0.361s kernel_wait=2.472s kernel_drain=5.336s
[attn-split] single: calls=1488 total=1.137s encode=0.506s wait=0.370s drain=0.262s waits=2576 untimed=472 | wide: calls=93 total=1.818s encode=0.600s wait=1.218s drain=0.000s waits=92 untimed=92 | hint: calls=1564 total=0.902s encode=0.003s wait=0.899s drain=0.000s waits=1456 untimed=1456
[kernel-split] single: calls=1611 total=5.332s encode=0.152s wait=0.071s drain=5.110s waits=1722 untimed=1341 | wide: calls=467 total=2.838s encode=0.210s wait=2.401s drain=0.227s waits=467 untimed=0
[kernel-sub] materialize=0.076s moe=2.801s precommit=5.116s rest=0.176s
[metal-cache] calls=4457 zero_copy_wraps=231 copies=0 cache_entries=112 bindless=true
 a
[stats] generated=18 elapsed=51.988s speed=0.3462 token/s (2.888 s/token) chunks=18 committed_rows=48 verify_tx=0 drafts=0/0 layer_passes=1674 expert_rows=4416 expert_tiles=2037
[opens] expert file opens=65638 total=0.994s mean=0.015ms requested_bytes=1105962171584 (1106.0 GB)
[arrival] tiles=490 waves=628 uncovered_wait=20.218s dispatch=2.991s
[retain] enabled=false cap_gb=8 layers=63..=92 consults=0 wanted=0 hits=0 inserts=0 served=0.0MB
[summer] enabled=false cap_gb=8 sample=16 consults=0 wanted=0 hits=0 hit_rate=0.0% misses=0 inserts=0 evictions=0 recycled=0 allocs=0 pin_skips=0 gated=0 ramp=2..50 bar=0 suppressed=0 wide_skips=0 served=0.0MB copied=0.0MB ssd_avoided=0.0GB live=0/0.0GB model=0 protected=0 declined=0 topup_suppressed=0 aged=0 into=0/0/0 pending=0
[mirror-split] internal=0 K3C=0 K3B=0 K3A=0  shares=0%/0%/0%/0%
[phases] mono=392674.864203 chunks=18 sequence=51.969s read_wait=0.171s bind_upload=1.641s attention_resident=3.047s expert_read_prefetch=18.033s expert_demand_read=11.009s expert_plan=1.007s expert_hint=0.000s expert_submit=0.000s expert_kernel=28.722s source_fence=0.000s tail_head_sync=0.257s layer_other=0.063s expert_read_gross=17.026s plan_hint=0.964s plan_sched=0.043s attn_total=3.044s attn_encode=1.159s attn_wait=1.613s attn_drain=0.272s kernel_total=8.495s kernel_host=0.370s kernel_wait=2.475s kernel_drain=5.650s
[attn-split] single: calls=1581 total=1.226s encode=0.559s wait=0.395s drain=0.272s waits=2737 untimed=507 | wide: calls=93 total=1.818s encode=0.600s wait=1.218s drain=0.000s waits=92 untimed=92 | hint: calls=1656 total=0.963s encode=0.004s wait=0.959s drain=0.000s waits=1547 untimed=1547
[kernel-split] single: calls=1708 total=5.657s encode=0.160s wait=0.074s drain=5.423s waits=1825 untimed=1423 | wide: calls=467 total=2.838s encode=0.210s wait=2.401s drain=0.227s waits=467 untimed=0
[kernel-sub] materialize=0.076s moe=2.807s precommit=5.431s rest=0.181s
[metal-cache] calls=4554 zero_copy_wraps=231 copies=0 cache_entries=112 bindless=true
 big
[stats] generated=19 elapsed=53.463s speed=0.3554 token/s (2.814 s/token) chunks=19 committed_rows=49 verify_tx=0 drafts=0/0 layer_passes=1767 expert_rows=4508 expert_tiles=2129
[opens] expert file opens=69647 total=1.048s mean=0.015ms requested_bytes=1141144468672 (1141.1 GB)
[arrival] tiles=491 waves=634 uncovered_wait=20.230s dispatch=2.998s
[retain] enabled=false cap_gb=8 layers=63..=92 consults=0 wanted=0 hits=0 inserts=0 served=0.0MB
[summer] enabled=false cap_gb=8 sample=16 consults=0 wanted=0 hits=0 hit_rate=0.0% misses=0 inserts=0 evictions=0 recycled=0 allocs=0 pin_skips=0 gated=0 ramp=2..50 bar=0 suppressed=0 wide_skips=0 served=0.0MB copied=0.0MB ssd_avoided=0.0GB live=0/0.0GB model=0 protected=0 declined=0 topup_suppressed=0 aged=0 into=0/0/0 pending=0
[mirror-split] internal=0 K3C=0 K3B=0 K3A=0  shares=0%/0%/0%/0%
[phases] mono=392676.339307 chunks=19 sequence=53.443s read_wait=0.171s bind_upload=1.641s attention_resident=3.114s expert_read_prefetch=19.083s expert_demand_read=11.671s expert_plan=1.069s expert_hint=0.000s expert_submit=0.000s expert_kernel=29.064s source_fence=0.000s tail_head_sync=0.270s layer_other=0.064s expert_read_gross=18.013s plan_hint=1.025s plan_sched=0.044s attn_total=3.111s attn_encode=1.187s attn_wait=1.643s attn_drain=0.281s kernel_total=8.825s kernel_host=0.380s kernel_wait=2.478s kernel_drain=5.966s
[attn-split] single: calls=1674 total=1.293s encode=0.587s wait=0.425s drain=0.281s waits=2898 untimed=538 | wide: calls=93 total=1.818s encode=0.600s wait=1.218s drain=0.000s waits=92 untimed=92 | hint: calls=1748 total=1.024s encode=0.004s wait=1.020s drain=0.000s waits=1638 untimed=1638
[kernel-split] single: calls=1805 total=5.987s encode=0.171s wait=0.077s drain=5.740s waits=1928 untimed=1508 | wide: calls=467 total=2.838s encode=0.210s wait=2.401s drain=0.227s waits=467 untimed=0
[kernel-sub] materialize=0.076s moe=2.814s precommit=5.749s rest=0.186s
[metal-cache] calls=4651 zero_copy_wraps=231 copies=0 cache_entries=112 bindless=true
 circle
[stats] generated=20 elapsed=54.913s speed=0.3642 token/s (2.746 s/token) chunks=20 committed_rows=50 verify_tx=0 drafts=0/0 layer_passes=1860 expert_rows=4600 expert_tiles=2221
[opens] expert file opens=73513 total=1.103s mean=0.015ms requested_bytes=1175063379136 (1175.1 GB)
[arrival] tiles=492 waves=641 uncovered_wait=20.245s dispatch=3.004s
[retain] enabled=false cap_gb=8 layers=63..=92 consults=0 wanted=0 hits=0 inserts=0 served=0.0MB
[summer] enabled=false cap_gb=8 sample=16 consults=0 wanted=0 hits=0 hit_rate=0.0% misses=0 inserts=0 evictions=0 recycled=0 allocs=0 pin_skips=0 gated=0 ramp=2..50 bar=0 suppressed=0 wide_skips=0 served=0.0MB copied=0.0MB ssd_avoided=0.0GB live=0/0.0GB model=0 protected=0 declined=0 topup_suppressed=0 aged=0 into=0/0/0 pending=0
[mirror-split] internal=0 K3C=0 K3B=0 K3A=0  shares=0%/0%/0%/0%
[phases] mono=392677.788892 chunks=20 sequence=54.892s read_wait=0.171s bind_upload=1.641s attention_resident=3.184s expert_read_prefetch=20.061s expert_demand_read=12.264s expert_plan=1.126s expert_hint=0.000s expert_submit=0.000s expert_kernel=29.449s source_fence=0.000s tail_head_sync=0.285s layer_other=0.066s expert_read_gross=18.934s plan_hint=1.081s plan_sched=0.045s attn_total=3.180s attn_encode=1.211s attn_wait=1.669s attn_drain=0.300s kernel_total=9.194s kernel_host=0.391s kernel_wait=2.482s kernel_drain=6.321s
[attn-split] single: calls=1767 total=1.362s encode=0.611s wait=0.451s drain=0.300s waits=3059 untimed=558 | wide: calls=93 total=1.818s encode=0.600s wait=1.218s drain=0.000s waits=92 untimed=92 | hint: calls=1840 total=1.080s encode=0.004s wait=1.076s drain=0.000s waits=1729 untimed=1729
[kernel-split] single: calls=1903 total=6.356s encode=0.181s wait=0.080s drain=6.094s waits=2033 untimed=1594 | wide: calls=467 total=2.838s encode=0.210s wait=2.401s drain=0.227s waits=467 untimed=0
[kernel-sub] materialize=0.076s moe=2.820s precommit=6.106s rest=0.192s
[metal-cache] calls=4749 zero_copy_wraps=231 copies=0 cache_entries=112 bindless=true
,
[stats] generated=21 elapsed=56.402s speed=0.3723 token/s (2.686 s/token) chunks=21 committed_rows=51 verify_tx=0 drafts=0/0 layer_passes=1953 expert_rows=4692 expert_tiles=2313
[opens] expert file opens=77370 total=1.161s mean=0.015ms requested_bytes=1208877022400 (1208.9 GB)
[arrival] tiles=493 waves=649 uncovered_wait=20.255s dispatch=3.010s
[retain] enabled=false cap_gb=8 layers=63..=92 consults=0 wanted=0 hits=0 inserts=0 served=0.0MB
[summer] enabled=false cap_gb=8 sample=16 consults=0 wanted=0 hits=0 hit_rate=0.0% misses=0 inserts=0 evictions=0 recycled=0 allocs=0 pin_skips=0 gated=0 ramp=2..50 bar=0 suppressed=0 wide_skips=0 served=0.0MB copied=0.0MB ssd_avoided=0.0GB live=0/0.0GB model=0 protected=0 declined=0 topup_suppressed=0 aged=0 into=0/0/0 pending=0
[mirror-split] internal=0 K3C=0 K3B=0 K3A=0  shares=0%/0%/0%/0%
[phases] mono=392679.278143 chunks=21 sequence=56.380s read_wait=0.171s bind_upload=1.641s attention_resident=3.246s expert_read_prefetch=21.126s expert_demand_read=12.946s expert_plan=1.187s expert_hint=0.000s expert_submit=0.000s expert_kernel=29.795s source_fence=0.000s tail_head_sync=0.299s layer_other=0.068s expert_read_gross=19.938s plan_hint=1.141s plan_sched=0.046s attn_total=3.242s attn_encode=1.239s attn_wait=1.687s attn_drain=0.316s kernel_total=9.529s kernel_host=0.401s kernel_wait=2.485s kernel_drain=6.643s
[attn-split] single: calls=1860 total=1.424s encode=0.639s wait=0.469s drain=0.316s waits=3220 untimed=577 | wide: calls=93 total=1.818s encode=0.600s wait=1.218s drain=0.000s waits=92 untimed=92 | hint: calls=1932 total=1.140s encode=0.004s wait=1.135s drain=0.000s waits=1820 untimed=1820
[kernel-split] single: calls=2002 total=6.692s encode=0.191s wait=0.084s drain=6.417s waits=2140 untimed=1686 | wide: calls=467 total=2.838s encode=0.210s wait=2.401s drain=0.227s waits=467 untimed=0
[kernel-sub] materialize=0.076s moe=2.826s precommit=6.430s rest=0.197s
[metal-cache] calls=4848 zero_copy_wraps=231 copies=0 cache_entries=112 bindless=true
[route-chain] chained=1380
[route-chain] dedup_hits=1380
 over
[stats] generated=22 elapsed=57.925s speed=0.3798 token/s (2.633 s/token) chunks=22 committed_rows=52 verify_tx=0 drafts=0/0 layer_passes=2046 expert_rows=4784 expert_tiles=2405
[opens] expert file opens=81377 total=1.216s mean=0.015ms requested_bytes=1243989146816 (1244.0 GB)
[arrival] tiles=494 waves=657 uncovered_wait=20.271s dispatch=3.018s
[retain] enabled=false cap_gb=8 layers=63..=92 consults=0 wanted=0 hits=0 inserts=0 served=0.0MB
[summer] enabled=false cap_gb=8 sample=16 consults=0 wanted=0 hits=0 hit_rate=0.0% misses=0 inserts=0 evictions=0 recycled=0 allocs=0 pin_skips=0 gated=0 ramp=2..50 bar=0 suppressed=0 wide_skips=0 served=0.0MB copied=0.0MB ssd_avoided=0.0GB live=0/0.0GB model=0 protected=0 declined=0 topup_suppressed=0 aged=0 into=0/0/0 pending=0
[mirror-split] internal=0 K3C=0 K3B=0 K3A=0  shares=0%/0%/0%/0%
[phases] mono=392680.801507 chunks=22 sequence=57.903s read_wait=0.171s bind_upload=1.641s attention_resident=3.335s expert_read_prefetch=22.185s expert_demand_read=13.606s expert_plan=1.231s expert_hint=0.000s expert_submit=0.000s expert_kernel=30.153s source_fence=0.000s tail_head_sync=0.312s layer_other=0.070s expert_read_gross=20.954s plan_hint=1.183s plan_sched=0.047s attn_total=3.331s attn_encode=1.282s attn_wait=1.703s attn_drain=0.346s kernel_total=9.872s kernel_host=0.411s kernel_wait=2.489s kernel_drain=6.972s
[attn-split] single: calls=1953 total=1.513s encode=0.682s wait=0.485s drain=0.346s waits=3381 untimed=602 | wide: calls=93 total=1.818s encode=0.600s wait=1.218s drain=0.000s waits=92 untimed=92 | hint: calls=2024 total=1.182s encode=0.005s wait=1.178s drain=0.000s waits=1911 untimed=1911
[kernel-split] single: calls=2101 total=7.034s encode=0.201s wait=0.088s drain=6.746s waits=2247 untimed=1773 | wide: calls=467 total=2.838s encode=0.210s wait=2.401s drain=0.227s waits=467 untimed=0
[kernel-sub] materialize=0.076s moe=2.833s precommit=6.760s rest=0.202s
[metal-cache] calls=4947 zero_copy_wraps=231 copies=0 cache_entries=112 bindless=true
 and
[stats] generated=23 elapsed=59.455s speed=0.3868 token/s (2.585 s/token) chunks=23 committed_rows=53 verify_tx=0 drafts=0/0 layer_passes=2139 expert_rows=4876 expert_tiles=2497
[opens] expert file opens=85315 total=1.269s mean=0.015ms requested_bytes=1278513446080 (1278.5 GB)
[arrival] tiles=495 waves=665 uncovered_wait=20.284s dispatch=3.025s
[retain] enabled=false cap_gb=8 layers=63..=92 consults=0 wanted=0 hits=0 inserts=0 served=0.0MB
[summer] enabled=false cap_gb=8 sample=16 consults=0 wanted=0 hits=0 hit_rate=0.0% misses=0 inserts=0 evictions=0 recycled=0 allocs=0 pin_skips=0 gated=0 ramp=2..50 bar=0 suppressed=0 wide_skips=0 served=0.0MB copied=0.0MB ssd_avoided=0.0GB live=0/0.0GB model=0 protected=0 declined=0 topup_suppressed=0 aged=0 into=0/0/0 pending=0
[mirror-split] internal=0 K3C=0 K3B=0 K3A=0  shares=0%/0%/0%/0%
[phases] mono=392682.331370 chunks=23 sequence=59.432s read_wait=0.171s bind_upload=1.641s attention_resident=3.404s expert_read_prefetch=23.269s expert_demand_read=14.287s expert_plan=1.276s expert_hint=0.000s expert_submit=0.000s expert_kernel=30.511s source_fence=0.000s tail_head_sync=0.329s layer_other=0.071s expert_read_gross=21.993s plan_hint=1.228s plan_sched=0.048s attn_total=3.400s attn_encode=1.310s attn_wait=1.725s attn_drain=0.364s kernel_total=10.216s kernel_host=0.421s kernel_wait=2.493s kernel_drain=7.303s
[attn-split] single: calls=2046 total=1.582s encode=0.710s wait=0.507s drain=0.364s waits=3542 untimed=621 | wide: calls=93 total=1.818s encode=0.600s wait=1.218s drain=0.000s waits=92 untimed=92 | hint: calls=2116 total=1.227s encode=0.005s wait=1.222s drain=0.000s waits=2002 untimed=2002
[kernel-split] single: calls=2200 total=7.379s encode=0.211s wait=0.091s drain=7.076s waits=2354 untimed=1847 | wide: calls=467 total=2.838s encode=0.210s wait=2.401s drain=0.227s waits=467 untimed=0
[kernel-sub] materialize=0.076s moe=2.840s precommit=7.092s rest=0.208s
[metal-cache] calls=5046 zero_copy_wraps=231 copies=0 cache_entries=112 bindless=true
 over
[stats] generated=24 elapsed=60.935s speed=0.3939 token/s (2.539 s/token) chunks=24 committed_rows=54 verify_tx=0 drafts=0/0 layer_passes=2232 expert_rows=4968 expert_tiles=2589
[opens] expert file opens=89173 total=1.323s mean=0.015ms requested_bytes=1312327105728 (1312.3 GB)
[arrival] tiles=496 waves=673 uncovered_wait=20.297s dispatch=3.031s
[retain] enabled=false cap_gb=8 layers=63..=92 consults=0 wanted=0 hits=0 inserts=0 served=0.0MB
[summer] enabled=false cap_gb=8 sample=16 consults=0 wanted=0 hits=0 hit_rate=0.0% misses=0 inserts=0 evictions=0 recycled=0 allocs=0 pin_skips=0 gated=0 ramp=2..50 bar=0 suppressed=0 wide_skips=0 served=0.0MB copied=0.0MB ssd_avoided=0.0GB live=0/0.0GB model=0 protected=0 declined=0 topup_suppressed=0 aged=0 into=0/0/0 pending=0
[mirror-split] internal=0 K3C=0 K3B=0 K3A=0  shares=0%/0%/0%/0%
[phases] mono=392683.811480 chunks=24 sequence=60.911s read_wait=0.171s bind_upload=1.641s attention_resident=3.470s expert_read_prefetch=24.322s expert_demand_read=14.958s expert_plan=1.329s expert_hint=0.000s expert_submit=0.000s expert_kernel=30.856s source_fence=0.000s tail_head_sync=0.343s layer_other=0.073s expert_read_gross=22.993s plan_hint=1.279s plan_sched=0.049s attn_total=3.465s attn_encode=1.339s attn_wait=1.746s attn_drain=0.380s kernel_total=10.548s kernel_host=0.430s kernel_wait=2.496s kernel_drain=7.622s
[attn-split] single: calls=2139 total=1.648s encode=0.739s wait=0.528s drain=0.380s waits=3703 untimed=648 | wide: calls=93 total=1.818s encode=0.600s wait=1.218s drain=0.000s waits=92 untimed=92 | hint: calls=2208 total=1.278s encode=0.005s wait=1.273s drain=0.000s waits=2093 untimed=2093
[kernel-split] single: calls=2299 total=7.711s encode=0.221s wait=0.095s drain=7.395s waits=2461 untimed=1935 | wide: calls=467 total=2.838s encode=0.210s wait=2.401s drain=0.227s waits=467 untimed=0
[kernel-sub] materialize=0.076s moe=2.847s precommit=7.412s rest=0.213s
[metal-cache] calls=5145 zero_copy_wraps=231 copies=0 cache_entries=112 bindless=true
 again
[stats] generated=25 elapsed=62.413s speed=0.4006 token/s (2.497 s/token) chunks=25 committed_rows=55 verify_tx=0 drafts=0/0 layer_passes=2325 expert_rows=5060 expert_tiles=2681
[opens] expert file opens=93196 total=1.378s mean=0.015ms requested_bytes=1347605920960 (1347.6 GB)
[arrival] tiles=497 waves=681 uncovered_wait=20.307s dispatch=3.038s
[retain] enabled=false cap_gb=8 layers=63..=92 consults=0 wanted=0 hits=0 inserts=0 served=0.0MB
[summer] enabled=false cap_gb=8 sample=16 consults=0 wanted=0 hits=0 hit_rate=0.0% misses=0 inserts=0 evictions=0 recycled=0 allocs=0 pin_skips=0 gated=0 ramp=2..50 bar=0 suppressed=0 wide_skips=0 served=0.0MB copied=0.0MB ssd_avoided=0.0GB live=0/0.0GB model=0 protected=0 declined=0 topup_suppressed=0 aged=0 into=0/0/0 pending=0
[mirror-split] internal=0 K3C=0 K3B=0 K3A=0  shares=0%/0%/0%/0%
[phases] mono=392685.288968 chunks=25 sequence=62.388s read_wait=0.171s bind_upload=1.641s attention_resident=3.534s expert_read_prefetch=25.357s expert_demand_read=15.585s expert_plan=1.382s expert_hint=0.000s expert_submit=0.000s expert_kernel=31.219s source_fence=0.000s tail_head_sync=0.356s layer_other=0.075s expert_read_gross=23.974s plan_hint=1.332s plan_sched=0.050s attn_total=3.529s attn_encode=1.365s attn_wait=1.770s attn_drain=0.394s kernel_total=10.900s kernel_host=0.441s kernel_wait=2.500s kernel_drain=7.960s
[attn-split] single: calls=2232 total=1.711s encode=0.765s wait=0.552s drain=0.394s waits=3864 untimed=669 | wide: calls=93 total=1.818s encode=0.600s wait=1.218s drain=0.000s waits=92 untimed=92 | hint: calls=2300 total=1.331s encode=0.005s wait=1.325s drain=0.000s waits=2184 untimed=2184
[kernel-split] single: calls=2398 total=8.063s encode=0.231s wait=0.098s drain=7.734s waits=2568 untimed=2026 | wide: calls=467 total=2.838s encode=0.210s wait=2.401s drain=0.227s waits=467 untimed=0
[kernel-sub] materialize=0.076s moe=2.853s precommit=7.752s rest=0.218s
[metal-cache] calls=5244 zero_copy_wraps=231 copies=0 cache_entries=112 bindless=true
.
[stats] generated=26 elapsed=63.918s speed=0.4068 token/s (2.458 s/token) chunks=26 committed_rows=56 verify_tx=0 drafts=0/0 layer_passes=2418 expert_rows=5152 expert_tiles=2773
[opens] expert file opens=97171 total=1.431s mean=0.015ms requested_bytes=1382454852800 (1382.5 GB)
[arrival] tiles=498 waves=688 uncovered_wait=20.319s dispatch=3.044s
[retain] enabled=false cap_gb=8 layers=63..=92 consults=0 wanted=0 hits=0 inserts=0 served=0.0MB
[summer] enabled=false cap_gb=8 sample=16 consults=0 wanted=0 hits=0 hit_rate=0.0% misses=0 inserts=0 evictions=0 recycled=0 allocs=0 pin_skips=0 gated=0 ramp=2..50 bar=0 suppressed=0 wide_skips=0 served=0.0MB copied=0.0MB ssd_avoided=0.0GB live=0/0.0GB model=0 protected=0 declined=0 topup_suppressed=0 aged=0 into=0/0/0 pending=0
[mirror-split] internal=0 K3C=0 K3B=0 K3A=0  shares=0%/0%/0%/0%
[phases] mono=392686.794076 chunks=26 sequence=63.892s read_wait=0.171s bind_upload=1.641s attention_resident=3.612s expert_read_prefetch=26.417s expert_demand_read=16.232s expert_plan=1.428s expert_hint=0.000s expert_submit=0.000s expert_kernel=31.568s source_fence=0.000s tail_head_sync=0.369s layer_other=0.076s expert_read_gross=24.989s plan_hint=1.376s plan_sched=0.051s attn_total=3.607s attn_encode=1.408s attn_wait=1.784s attn_drain=0.416s kernel_total=11.238s kernel_host=0.451s kernel_wait=2.503s kernel_drain=8.285s
[attn-split] single: calls=2325 total=1.789s encode=0.808s wait=0.566s drain=0.416s waits=4025 untimed=685 | wide: calls=93 total=1.818s encode=0.600s wait=1.218s drain=0.000s waits=92 untimed=92 | hint: calls=2392 total=1.375s encode=0.006s wait=1.369s drain=0.000s waits=2275 untimed=2275
[kernel-split] single: calls=2496 total=8.401s encode=0.241s wait=0.101s drain=8.058s waits=2673 untimed=2092 | wide: calls=467 total=2.838s encode=0.210s wait=2.401s drain=0.227s waits=467 untimed=0
[kernel-sub] materialize=0.076s moe=2.859s precommit=8.079s rest=0.224s
[metal-cache] calls=5342 zero_copy_wraps=231 copies=0 cache_entries=112 bindless=true
 Here
[stats] generated=27 elapsed=65.395s speed=0.4129 token/s (2.422 s/token) chunks=27 committed_rows=57 verify_tx=0 drafts=0/0 layer_passes=2511 expert_rows=5244 expert_tiles=2865
[opens] expert file opens=101096 total=1.491s mean=0.015ms requested_bytes=1416891415744 (1416.9 GB)
[arrival] tiles=499 waves=695 uncovered_wait=20.332s dispatch=3.051s
[retain] enabled=false cap_gb=8 layers=63..=92 consults=0 wanted=0 hits=0 inserts=0 served=0.0MB
[summer] enabled=false cap_gb=8 sample=16 consults=0 wanted=0 hits=0 hit_rate=0.0% misses=0 inserts=0 evictions=0 recycled=0 allocs=0 pin_skips=0 gated=0 ramp=2..50 bar=0 suppressed=0 wide_skips=0 served=0.0MB copied=0.0MB ssd_avoided=0.0GB live=0/0.0GB model=0 protected=0 declined=0 topup_suppressed=0 aged=0 into=0/0/0 pending=0
[mirror-split] internal=0 K3C=0 K3B=0 K3A=0  shares=0%/0%/0%/0%
[phases] mono=392688.271375 chunks=27 sequence=65.369s read_wait=0.171s bind_upload=1.641s attention_resident=3.671s expert_read_prefetch=27.444s expert_demand_read=16.819s expert_plan=1.475s expert_hint=0.000s expert_submit=0.000s expert_kernel=31.942s source_fence=0.000s tail_head_sync=0.385s layer_other=0.078s expert_read_gross=25.968s plan_hint=1.422s plan_sched=0.052s attn_total=3.665s attn_encode=1.431s attn_wait=1.808s attn_drain=0.426s kernel_total=11.599s kernel_host=0.462s kernel_wait=2.506s kernel_drain=8.631s
[attn-split] single: calls=2418 total=1.848s encode=0.832s wait=0.590s drain=0.426s waits=4186 untimed=705 | wide: calls=93 total=1.818s encode=0.600s wait=1.218s drain=0.000s waits=92 untimed=92 | hint: calls=2484 total=1.421s encode=0.006s wait=1.415s drain=0.000s waits=2366 untimed=2366
[kernel-split] single: calls=2594 total=8.761s encode=0.252s wait=0.105s drain=8.405s waits=2778 untimed=2170 | wide: calls=467 total=2.838s encode=0.210s wait=2.401s drain=0.227s waits=467 untimed=0
[kernel-sub] materialize=0.076s moe=2.866s precommit=8.427s rest=0.230s
[metal-cache] calls=5440 zero_copy_wraps=231 copies=0 cache_entries=112 bindless=true
 is
[stats] generated=28 elapsed=66.863s speed=0.4188 token/s (2.388 s/token) chunks=28 committed_rows=58 verify_tx=0 drafts=0/0 layer_passes=2604 expert_rows=5336 expert_tiles=2957
[opens] expert file opens=104992 total=1.545s mean=0.015ms requested_bytes=1451099831488 (1451.1 GB)
[arrival] tiles=500 waves=703 uncovered_wait=20.342s dispatch=3.060s
[retain] enabled=false cap_gb=8 layers=63..=92 consults=0 wanted=0 hits=0 inserts=0 served=0.0MB
[summer] enabled=false cap_gb=8 sample=16 consults=0 wanted=0 hits=0 hit_rate=0.0% misses=0 inserts=0 evictions=0 recycled=0 allocs=0 pin_skips=0 gated=0 ramp=2..50 bar=0 suppressed=0 wide_skips=0 served=0.0MB copied=0.0MB ssd_avoided=0.0GB live=0/0.0GB model=0 protected=0 declined=0 topup_suppressed=0 aged=0 into=0/0/0 pending=0
[mirror-split] internal=0 K3C=0 K3B=0 K3A=0  shares=0%/0%/0%/0%
[phases] mono=392689.739217 chunks=28 sequence=66.836s read_wait=0.171s bind_upload=1.641s attention_resident=3.746s expert_read_prefetch=28.475s expert_demand_read=17.454s expert_plan=1.521s expert_hint=0.000s expert_submit=0.000s expert_kernel=32.286s source_fence=0.000s tail_head_sync=0.400s layer_other=0.080s expert_read_gross=26.954s plan_hint=1.467s plan_sched=0.053s attn_total=3.741s attn_encode=1.465s attn_wait=1.835s attn_drain=0.440s kernel_total=11.932s kernel_host=0.472s kernel_wait=2.511s kernel_drain=8.949s
[attn-split] single: calls=2511 total=1.923s encode=0.866s wait=0.617s drain=0.440s waits=4347 untimed=733 | wide: calls=93 total=1.818s encode=0.600s wait=1.218s drain=0.000s waits=92 untimed=92 | hint: calls=2576 total=1.466s encode=0.006s wait=1.460s drain=0.000s waits=2457 untimed=2457
[kernel-split] single: calls=2693 total=9.094s encode=0.262s wait=0.110s drain=8.722s waits=2885 untimed=2256 | wide: calls=467 total=2.838s encode=0.210s wait=2.401s drain=0.227s waits=467 untimed=0
[kernel-sub] materialize=0.076s moe=2.874s precommit=8.746s rest=0.235s
[metal-cache] calls=5539 zero_copy_wraps=231 copies=0 cache_entries=112 bindless=true
 how
[stats] generated=29 elapsed=68.358s speed=0.4242 token/s (2.357 s/token) chunks=29 committed_rows=59 verify_tx=0 drafts=0/0 layer_passes=2697 expert_rows=5428 expert_tiles=3049
[opens] expert file opens=108933 total=1.600s mean=0.015ms requested_bytes=1485667990720 (1485.7 GB)
[arrival] tiles=501 waves=709 uncovered_wait=20.355s dispatch=3.066s
[retain] enabled=false cap_gb=8 layers=63..=92 consults=0 wanted=0 hits=0 inserts=0 served=0.0MB
[summer] enabled=false cap_gb=8 sample=16 consults=0 wanted=0 hits=0 hit_rate=0.0% misses=0 inserts=0 evictions=0 recycled=0 allocs=0 pin_skips=0 gated=0 ramp=2..50 bar=0 suppressed=0 wide_skips=0 served=0.0MB copied=0.0MB ssd_avoided=0.0GB live=0/0.0GB model=0 protected=0 declined=0 topup_suppressed=0 aged=0 into=0/0/0 pending=0
[mirror-split] internal=0 K3C=0 K3B=0 K3A=0  shares=0%/0%/0%/0%
[phases] mono=392691.234289 chunks=29 sequence=68.330s read_wait=0.171s bind_upload=1.641s attention_resident=3.808s expert_read_prefetch=29.549s expert_demand_read=18.097s expert_plan=1.578s expert_hint=0.000s expert_submit=0.000s expert_kernel=32.627s source_fence=0.000s tail_head_sync=0.416s layer_other=0.082s expert_read_gross=27.971s plan_hint=1.523s plan_sched=0.055s attn_total=3.802s attn_encode=1.493s attn_wait=1.855s attn_drain=0.454s kernel_total=12.260s kernel_host=0.481s kernel_wait=2.515s kernel_drain=9.265s
[attn-split] single: calls=2604 total=1.984s encode=0.893s wait=0.637s drain=0.454s waits=4508 untimed=760 | wide: calls=93 total=1.818s encode=0.600s wait=1.218s drain=0.000s waits=92 untimed=92 | hint: calls=2668 total=1.521s encode=0.006s wait=1.515s drain=0.000s waits=2548 untimed=2548
[kernel-split] single: calls=2790 total=9.422s encode=0.271s wait=0.113s drain=9.038s waits=2988 untimed=2343 | wide: calls=467 total=2.838s encode=0.210s wait=2.401s drain=0.227s waits=467 untimed=0
[kernel-sub] materialize=0.076s moe=2.880s precommit=9.064s rest=0.240s
[metal-cache] calls=5636 zero_copy_wraps=231 copies=0 cache_entries=112 bindless=true
 it
[stats] generated=30 elapsed=69.797s speed=0.4298 token/s (2.327 s/token) chunks=30 committed_rows=60 verify_tx=0 drafts=0/0 layer_passes=2790 expert_rows=5520 expert_tiles=3141
[opens] expert file opens=112793 total=1.665s mean=0.015ms requested_bytes=1519472884928 (1519.5 GB)
[arrival] tiles=502 waves=717 uncovered_wait=20.367s dispatch=3.073s
[retain] enabled=false cap_gb=8 layers=63..=92 consults=0 wanted=0 hits=0 inserts=0 served=0.0MB
[summer] enabled=false cap_gb=8 sample=16 consults=0 wanted=0 hits=0 hit_rate=0.0% misses=0 inserts=0 evictions=0 recycled=0 allocs=0 pin_skips=0 gated=0 ramp=2..50 bar=0 suppressed=0 wide_skips=0 served=0.0MB copied=0.0MB ssd_avoided=0.0GB live=0/0.0GB model=0 protected=0 declined=0 topup_suppressed=0 aged=0 into=0/0/0 pending=0
[mirror-split] internal=0 K3C=0 K3B=0 K3A=0  shares=0%/0%/0%/0%
[phases] mono=392692.672787 chunks=30 sequence=69.767s read_wait=0.171s bind_upload=1.641s attention_resident=3.905s expert_read_prefetch=30.501s expert_demand_read=18.713s expert_plan=1.635s expert_hint=0.000s expert_submit=0.000s expert_kernel=32.995s source_fence=0.000s tail_head_sync=0.433s layer_other=0.083s expert_read_gross=28.866s plan_hint=1.579s plan_sched=0.056s attn_total=3.899s attn_encode=1.542s attn_wait=1.883s attn_drain=0.474s kernel_total=12.616s kernel_host=0.491s kernel_wait=2.519s kernel_drain=9.606s
[attn-split] single: calls=2697 total=2.082s encode=0.943s wait=0.665s drain=0.474s waits=4669 untimed=787 | wide: calls=93 total=1.818s encode=0.600s wait=1.218s drain=0.000s waits=92 untimed=92 | hint: calls=2760 total=1.577s encode=0.007s wait=1.571s drain=0.000s waits=2639 untimed=2639
[kernel-split] single: calls=2889 total=9.778s encode=0.282s wait=0.117s drain=9.379s waits=3095 untimed=2431 | wide: calls=467 total=2.838s encode=0.210s wait=2.401s drain=0.227s waits=467 untimed=0
[kernel-sub] materialize=0.076s moe=2.887s precommit=9.406s rest=0.245s
[metal-cache] calls=5735 zero_copy_wraps=231 copies=0 cache_entries=112 bindless=true
 works
[stats] generated=31 elapsed=71.303s speed=0.4348 token/s (2.300 s/token) chunks=31 committed_rows=61 verify_tx=0 drafts=0/0 layer_passes=2883 expert_rows=5612 expert_tiles=3233
[opens] expert file opens=116784 total=1.742s mean=0.015ms requested_bytes=1554427149504 (1554.4 GB)
[arrival] tiles=503 waves=725 uncovered_wait=20.382s dispatch=3.080s
[retain] enabled=false cap_gb=8 layers=63..=92 consults=0 wanted=0 hits=0 inserts=0 served=0.0MB
[summer] enabled=false cap_gb=8 sample=16 consults=0 wanted=0 hits=0 hit_rate=0.0% misses=0 inserts=0 evictions=0 recycled=0 allocs=0 pin_skips=0 gated=0 ramp=2..50 bar=0 suppressed=0 wide_skips=0 served=0.0MB copied=0.0MB ssd_avoided=0.0GB live=0/0.0GB model=0 protected=0 declined=0 topup_suppressed=0 aged=0 into=0/0/0 pending=0
[mirror-split] internal=0 K3C=0 K3B=0 K3A=0  shares=0%/0%/0%/0%
[phases] mono=392694.178657 chunks=31 sequence=71.272s read_wait=0.171s bind_upload=1.641s attention_resident=3.967s expert_read_prefetch=31.590s expert_demand_read=19.330s expert_plan=1.688s expert_hint=0.000s expert_submit=0.000s expert_kernel=33.332s source_fence=0.000s tail_head_sync=0.449s layer_other=0.085s expert_read_gross=29.902s plan_hint=1.631s plan_sched=0.057s attn_total=3.961s attn_encode=1.570s attn_wait=1.906s attn_drain=0.485s kernel_total=12.938s kernel_host=0.501s kernel_wait=2.523s kernel_drain=9.914s
[attn-split] single: calls=2790 total=2.143s encode=0.970s wait=0.688s drain=0.485s waits=4830 untimed=816 | wide: calls=93 total=1.818s encode=0.600s wait=1.218s drain=0.000s waits=92 untimed=92 | hint: calls=2852 total=1.629s encode=0.007s wait=1.623s drain=0.000s waits=2730 untimed=2730
[kernel-split] single: calls=2988 total=10.100s encode=0.291s wait=0.121s drain=9.688s waits=3202 untimed=2514 | wide: calls=467 total=2.838s encode=0.210s wait=2.401s drain=0.227s waits=467 untimed=0
[kernel-sub] materialize=0.076s moe=2.894s precommit=9.716s rest=0.251s
[metal-cache] calls=5834 zero_copy_wraps=231 copies=0 cache_entries=112 bindless=true
:


[stats] generated=32 elapsed=72.761s speed=0.4398 token/s (2.274 s/token) chunks=32 committed_rows=62 verify_tx=0 drafts=0/0 layer_passes=2976 expert_rows=5704 expert_tiles=3325
[opens] expert file opens=120681 total=1.799s mean=0.015ms requested_bytes=1588618050752 (1588.6 GB)
[arrival] tiles=504 waves=733 uncovered_wait=20.397s dispatch=3.087s
[retain] enabled=false cap_gb=8 layers=63..=92 consults=0 wanted=0 hits=0 inserts=0 served=0.0MB
[summer] enabled=false cap_gb=8 sample=16 consults=0 wanted=0 hits=0 hit_rate=0.0% misses=0 inserts=0 evictions=0 recycled=0 allocs=0 pin_skips=0 gated=0 ramp=2..50 bar=0 suppressed=0 wide_skips=0 served=0.0MB copied=0.0MB ssd_avoided=0.0GB live=0/0.0GB model=0 protected=0 declined=0 topup_suppressed=0 aged=0 into=0/0/0 pending=0
[mirror-split] internal=0 K3C=0 K3B=0 K3A=0  shares=0%/0%/0%/0%
[phases] mono=392695.637132 chunks=32 sequence=72.730s read_wait=0.171s bind_upload=1.641s attention_resident=4.027s expert_read_prefetch=32.627s expert_demand_read=19.954s expert_plan=1.741s expert_hint=0.000s expert_submit=0.000s expert_kernel=33.676s source_fence=0.000s tail_head_sync=0.464s layer_other=0.087s expert_read_gross=30.887s plan_hint=1.682s plan_sched=0.058s attn_total=4.021s attn_encode=1.594s attn_wait=1.928s attn_drain=0.499s kernel_total=13.266s kernel_host=0.510s kernel_wait=2.526s kernel_drain=10.230s
[attn-split] single: calls=2883 total=2.203s encode=0.994s wait=0.710s drain=0.499s waits=4991 untimed=845 | wide: calls=93 total=1.818s encode=0.600s wait=1.218s drain=0.000s waits=92 untimed=92 | hint: calls=2944 total=1.681s encode=0.007s wait=1.674s drain=0.000s waits=2821 untimed=2821
[kernel-split] single: calls=3087 total=10.429s encode=0.301s wait=0.125s drain=10.003s waits=3309 untimed=2603 | wide: calls=467 total=2.838s encode=0.210s wait=2.401s drain=0.227s waits=467 untimed=0
[kernel-sub] materialize=0.076s moe=2.901s precommit=10.033s rest=0.255s
[metal-cache] calls=5933 zero_copy_wraps=231 copies=0 cache_entries=112 bindless=true
[route-chain] chained=2070
[route-chain] dedup_hits=2070
**
[stats] generated=33 elapsed=74.233s speed=0.4445 token/s (2.249 s/token) chunks=33 committed_rows=63 verify_tx=0 drafts=0/0 layer_passes=3069 expert_rows=5796 expert_tiles=3417
[opens] expert file opens=124554 total=1.851s mean=0.015ms requested_bytes=1622607133888 (1622.6 GB)
[arrival] tiles=505 waves=740 uncovered_wait=20.408s dispatch=3.093s
[retain] enabled=false cap_gb=8 layers=63..=92 consults=0 wanted=0 hits=0 inserts=0 served=0.0MB
[summer] enabled=false cap_gb=8 sample=16 consults=0 wanted=0 hits=0 hit_rate=0.0% misses=0 inserts=0 evictions=0 recycled=0 allocs=0 pin_skips=0 gated=0 ramp=2..50 bar=0 suppressed=0 wide_skips=0 served=0.0MB copied=0.0MB ssd_avoided=0.0GB live=0/0.0GB model=0 protected=0 declined=0 topup_suppressed=0 aged=0 into=0/0/0 pending=0
[mirror-split] internal=0 K3C=0 K3B=0 K3A=0  shares=0%/0%/0%/0%
[phases] mono=392697.108689 chunks=33 sequence=74.201s read_wait=0.171s bind_upload=1.641s attention_resident=4.095s expert_read_prefetch=33.661s expert_demand_read=20.541s expert_plan=1.804s expert_hint=0.000s expert_submit=0.000s expert_kernel=34.027s source_fence=0.000s tail_head_sync=0.480s layer_other=0.088s expert_read_gross=31.857s plan_hint=1.744s plan_sched=0.059s attn_total=4.088s attn_encode=1.624s attn_wait=1.951s attn_drain=0.513s kernel_total=13.606s kernel_host=0.520s kernel_wait=2.530s kernel_drain=10.557s
[attn-split] single: calls=2976 total=2.271s encode=1.025s wait=0.733s drain=0.513s waits=5152 untimed=874 | wide: calls=93 total=1.818s encode=0.600s wait=1.218s drain=0.000s waits=92 untimed=92 | hint: calls=3036 total=1.743s encode=0.007s wait=1.735s drain=0.000s waits=2912 untimed=2912
[kernel-split] single: calls=3185 total=10.768s encode=0.310s wait=0.129s drain=10.330s waits=3414 untimed=2687 | wide: calls=467 total=2.838s encode=0.210s wait=2.401s drain=0.227s waits=467 untimed=0
[kernel-sub] materialize=0.076s moe=2.907s precommit=10.362s rest=0.260s
[metal-cache] calls=6031 zero_copy_wraps=231 copies=0 cache_entries=112 bindless=true
1
[stats] generated=34 elapsed=75.691s speed=0.4492 token/s (2.226 s/token) chunks=34 committed_rows=64 verify_tx=0 drafts=0/0 layer_passes=3162 expert_rows=5888 expert_tiles=3509
[opens] expert file opens=128482 total=1.905s mean=0.015ms requested_bytes=1657052445888 (1657.1 GB)
[arrival] tiles=506 waves=748 uncovered_wait=20.419s dispatch=3.100s
[retain] enabled=false cap_gb=8 layers=63..=92 consults=0 wanted=0 hits=0 inserts=0 served=0.0MB
[summer] enabled=false cap_gb=8 sample=16 consults=0 wanted=0 hits=0 hit_rate=0.0% misses=0 inserts=0 evictions=0 recycled=0 allocs=0 pin_skips=0 gated=0 ramp=2..50 bar=0 suppressed=0 wide_skips=0 served=0.0MB copied=0.0MB ssd_avoided=0.0GB live=0/0.0GB model=0 protected=0 declined=0 topup_suppressed=0 aged=0 into=0/0/0 pending=0
[mirror-split] internal=0 K3C=0 K3B=0 K3A=0  shares=0%/0%/0%/0%
[phases] mono=392698.567524 chunks=34 sequence=75.659s read_wait=0.171s bind_upload=1.641s attention_resident=4.176s expert_read_prefetch=34.662s expert_demand_read=21.177s expert_plan=1.863s expert_hint=0.000s expert_submit=0.000s expert_kernel=34.387s source_fence=0.000s tail_head_sync=0.494s layer_other=0.090s expert_read_gross=32.799s plan_hint=1.802s plan_sched=0.060s attn_total=4.169s attn_encode=1.665s attn_wait=1.968s attn_drain=0.536s kernel_total=13.955s kernel_host=0.529s kernel_wait=2.534s kernel_drain=10.892s
[attn-split] single: calls=3069 total=2.352s encode=1.065s wait=0.750s drain=0.536s waits=5313 untimed=892 | wide: calls=93 total=1.818s encode=0.600s wait=1.218s drain=0.000s waits=92 untimed=92 | hint: calls=3128 total=1.801s encode=0.007s wait=1.793s drain=0.000s waits=3003 untimed=3003
[kernel-split] single: calls=3284 total=11.117s encode=0.320s wait=0.132s drain=10.665s waits=3521 untimed=2773 | wide: calls=467 total=2.838s encode=0.210s wait=2.401s drain=0.227s waits=467 untimed=0
[kernel-sub] materialize=0.076s moe=2.914s precommit=10.699s rest=0.266s
[metal-cache] calls=6130 zero_copy_wraps=231 copies=0 cache_entries=112 bindless=true
.
[stats] generated=35 elapsed=77.170s speed=0.4535 token/s (2.205 s/token) chunks=35 committed_rows=65 verify_tx=0 drafts=0/0 layer_passes=3255 expert_rows=5980 expert_tiles=3601
[opens] expert file opens=132316 total=1.962s mean=0.015ms requested_bytes=1690664320192 (1690.7 GB)
[arrival] tiles=507 waves=756 uncovered_wait=20.429s dispatch=3.107s
[retain] enabled=false cap_gb=8 layers=63..=92 consults=0 wanted=0 hits=0 inserts=0 served=0.0MB
[summer] enabled=false cap_gb=8 sample=16 consults=0 wanted=0 hits=0 hit_rate=0.0% misses=0 inserts=0 evictions=0 recycled=0 allocs=0 pin_skips=0 gated=0 ramp=2..50 bar=0 suppressed=0 wide_skips=0 served=0.0MB copied=0.0MB ssd_avoided=0.0GB live=0/0.0GB model=0 protected=0 declined=0 topup_suppressed=0 aged=0 into=0/0/0 pending=0
[mirror-split] internal=0 K3C=0 K3B=0 K3A=0  shares=0%/0%/0%/0%
[phases] mono=392700.045782 chunks=35 sequence=77.135s read_wait=0.171s bind_upload=1.641s attention_resident=4.239s expert_read_prefetch=35.720s expert_demand_read=21.807s expert_plan=1.913s expert_hint=0.000s expert_submit=0.000s expert_kernel=34.728s source_fence=0.000s tail_head_sync=0.507s layer_other=0.092s expert_read_gross=33.807s plan_hint=1.851s plan_sched=0.061s attn_total=4.232s attn_encode=1.690s attn_wait=1.991s attn_drain=0.551s kernel_total=14.285s kernel_host=0.539s kernel_wait=2.537s kernel_drain=11.209s
[attn-split] single: calls=3162 total=2.414s encode=1.090s wait=0.773s drain=0.551s waits=5474 untimed=922 | wide: calls=93 total=1.818s encode=0.600s wait=1.218s drain=0.000s waits=92 untimed=92 | hint: calls=3220 total=1.850s encode=0.008s wait=1.842s drain=0.000s waits=3094 untimed=3094
[kernel-split] single: calls=3383 total=11.447s encode=0.329s wait=0.136s drain=10.982s waits=3628 untimed=2858 | wide: calls=467 total=2.838s encode=0.210s wait=2.401s drain=0.227s waits=467 untimed=0
[kernel-sub] materialize=0.076s moe=2.920s precommit=11.018s rest=0.270s
[metal-cache] calls=6229 zero_copy_wraps=231 copies=0 cache_entries=112 bindless=true
 Ev
[stats] generated=36 elapsed=78.623s speed=0.4579 token/s (2.184 s/token) chunks=36 committed_rows=66 verify_tx=0 drafts=0/0 layer_passes=3348 expert_rows=6072 expert_tiles=3693
[opens] expert file opens=136294 total=2.015s mean=0.015ms requested_bytes=1725522033856 (1725.5 GB)
[arrival] tiles=508 waves=763 uncovered_wait=20.441s dispatch=3.114s
[retain] enabled=false cap_gb=8 layers=63..=92 consults=0 wanted=0 hits=0 inserts=0 served=0.0MB
[summer] enabled=false cap_gb=8 sample=16 consults=0 wanted=0 hits=0 hit_rate=0.0% misses=0 inserts=0 evictions=0 recycled=0 allocs=0 pin_skips=0 gated=0 ramp=2..50 bar=0 suppressed=0 wide_skips=0 served=0.0MB copied=0.0MB ssd_avoided=0.0GB live=0/0.0GB model=0 protected=0 declined=0 topup_suppressed=0 aged=0 into=0/0/0 pending=0
[mirror-split] internal=0 K3C=0 K3B=0 K3A=0  shares=0%/0%/0%/0%
[phases] mono=392701.498855 chunks=36 sequence=78.588s read_wait=0.171s bind_upload=1.641s attention_resident=4.300s expert_read_prefetch=36.751s expert_demand_read=22.425s expert_plan=1.975s expert_hint=0.000s expert_submit=0.000s expert_kernel=35.074s source_fence=0.000s tail_head_sync=0.519s layer_other=0.093s expert_read_gross=34.776s plan_hint=1.912s plan_sched=0.062s attn_total=4.293s attn_encode=1.713s attn_wait=2.016s attn_drain=0.564s kernel_total=14.619s kernel_host=0.549s kernel_wait=2.541s kernel_drain=11.529s
[attn-split] single: calls=3255 total=2.476s encode=1.114s wait=0.798s drain=0.564s waits=5635 untimed=952 | wide: calls=93 total=1.818s encode=0.600s wait=1.218s drain=0.000s waits=92 untimed=92 | hint: calls=3312 total=1.910s encode=0.008s wait=1.902s drain=0.000s waits=3185 untimed=3185
[kernel-split] single: calls=3481 total=11.782s encode=0.340s wait=0.139s drain=11.303s waits=3733 untimed=2944 | wide: calls=467 total=2.838s encode=0.210s wait=2.401s drain=0.227s waits=467 untimed=0
[kernel-sub] materialize=0.076s moe=2.927s precommit=11.340s rest=0.276s
[metal-cache] calls=6327 zero_copy_wraps=231 copies=0 cache_entries=112 bindless=true
aporation
[stats] generated=37 elapsed=80.123s speed=0.4618 token/s (2.165 s/token) chunks=37 committed_rows=67 verify_tx=0 drafts=0/0 layer_passes=3441 expert_rows=6164 expert_tiles=3785
[opens] expert file opens=140222 total=2.078s mean=0.015ms requested_bytes=1759958613184 (1760.0 GB)
[arrival] tiles=509 waves=771 uncovered_wait=20.456s dispatch=3.121s
[retain] enabled=false cap_gb=8 layers=63..=92 consults=0 wanted=0 hits=0 inserts=0 served=0.0MB
[summer] enabled=false cap_gb=8 sample=16 consults=0 wanted=0 hits=0 hit_rate=0.0% misses=0 inserts=0 evictions=0 recycled=0 allocs=0 pin_skips=0 gated=0 ramp=2..50 bar=0 suppressed=0 wide_skips=0 served=0.0MB copied=0.0MB ssd_avoided=0.0GB live=0/0.0GB model=0 protected=0 declined=0 topup_suppressed=0 aged=0 into=0/0/0 pending=0
[mirror-split] internal=0 K3C=0 K3B=0 K3A=0  shares=0%/0%/0%/0%
[phases] mono=392702.999048 chunks=37 sequence=80.087s read_wait=0.171s bind_upload=1.641s attention_resident=4.376s expert_read_prefetch=37.776s expert_demand_read=23.053s expert_plan=2.037s expert_hint=0.000s expert_submit=0.000s expert_kernel=35.455s source_fence=0.000s tail_head_sync=0.535s layer_other=0.095s expert_read_gross=35.739s plan_hint=1.973s plan_sched=0.063s attn_total=4.369s attn_encode=1.747s attn_wait=2.035s attn_drain=0.587s kernel_total=14.985s kernel_host=0.559s kernel_wait=2.544s kernel_drain=11.881s
[attn-split] single: calls=3348 total=2.551s encode=1.148s wait=0.817s drain=0.587s waits=5796 untimed=971 | wide: calls=93 total=1.818s encode=0.600s wait=1.218s drain=0.000s waits=92 untimed=92 | hint: calls=3404 total=1.971s encode=0.008s wait=1.963s drain=0.000s waits=3276 untimed=3276
[kernel-split] single: calls=3580 total=12.147s encode=0.350s wait=0.143s drain=11.654s waits=3840 untimed=3025 | wide: calls=467 total=2.838s encode=0.210s wait=2.401s drain=0.227s waits=467 untimed=0
[kernel-sub] materialize=0.076s moe=2.934s precommit=11.693s rest=0.281s
[metal-cache] calls=6426 zero_copy_wraps=231 copies=0 cache_entries=112 bindless=true
 (
[stats] generated=38 elapsed=81.576s speed=0.4658 token/s (2.147 s/token) chunks=38 committed_rows=68 verify_tx=0 drafts=0/0 layer_passes=3534 expert_rows=6256 expert_tiles=3877
[opens] expert file opens=144088 total=2.129s mean=0.015ms requested_bytes=1793851260096 (1793.9 GB)
[arrival] tiles=510 waves=778 uncovered_wait=20.468s dispatch=3.127s
[retain] enabled=false cap_gb=8 layers=63..=92 consults=0 wanted=0 hits=0 inserts=0 served=0.0MB
[summer] enabled=false cap_gb=8 sample=16 consults=0 wanted=0 hits=0 hit_rate=0.0% misses=0 inserts=0 evictions=0 recycled=0 allocs=0 pin_skips=0 gated=0 ramp=2..50 bar=0 suppressed=0 wide_skips=0 served=0.0MB copied=0.0MB ssd_avoided=0.0GB live=0/0.0GB model=0 protected=0 declined=0 topup_suppressed=0 aged=0 into=0/0/0 pending=0
[mirror-split] internal=0 K3C=0 K3B=0 K3A=0  shares=0%/0%/0%/0%
[phases] mono=392704.452517 chunks=38 sequence=81.540s read_wait=0.171s bind_upload=1.641s attention_resident=4.460s expert_read_prefetch=38.779s expert_demand_read=23.622s expert_plan=2.085s expert_hint=0.000s expert_submit=0.000s expert_kernel=35.803s source_fence=0.000s tail_head_sync=0.552s layer_other=0.096s expert_read_gross=36.694s plan_hint=2.020s plan_sched=0.064s attn_total=4.452s attn_encode=1.790s attn_wait=2.062s attn_drain=0.600s kernel_total=15.320s kernel_host=0.569s kernel_wait=2.548s kernel_drain=12.204s
[attn-split] single: calls=3441 total=2.635s encode=1.190s wait=0.844s drain=0.600s waits=5957 untimed=1007 | wide: calls=93 total=1.818s encode=0.600s wait=1.218s drain=0.000s waits=92 untimed=92 | hint: calls=3496 total=2.018s encode=0.008s wait=2.009s drain=0.000s waits=3367 untimed=3367
[kernel-split] single: calls=3678 total=12.482s encode=0.359s wait=0.146s drain=11.977s waits=3945 untimed=3109 | wide: calls=467 total=2.838s encode=0.210s wait=2.401s drain=0.227s waits=467 untimed=0
[kernel-sub] materialize=0.076s moe=2.940s precommit=12.018s rest=0.286s
[metal-cache] calls=6524 zero_copy_wraps=231 copies=0 cache_entries=112 bindless=true
Water
[stats] generated=39 elapsed=83.046s speed=0.4696 token/s (2.129 s/token) chunks=39 committed_rows=69 verify_tx=0 drafts=0/0 layer_passes=3627 expert_rows=6348 expert_tiles=3969
[opens] expert file opens=147963 total=2.180s mean=0.015ms requested_bytes=1827849125056 (1827.8 GB)
[arrival] tiles=511 waves=786 uncovered_wait=20.479s dispatch=3.133s
[retain] enabled=false cap_gb=8 layers=63..=92 consults=0 wanted=0 hits=0 inserts=0 served=0.0MB
[summer] enabled=false cap_gb=8 sample=16 consults=0 wanted=0 hits=0 hit_rate=0.0% misses=0 inserts=0 evictions=0 recycled=0 allocs=0 pin_skips=0 gated=0 ramp=2..50 bar=0 suppressed=0 wide_skips=0 served=0.0MB copied=0.0MB ssd_avoided=0.0GB live=0/0.0GB model=0 protected=0 declined=0 topup_suppressed=0 aged=0 into=0/0/0 pending=0
[mirror-split] internal=0 K3C=0 K3B=0 K3A=0  shares=0%/0%/0%/0%
[phases] mono=392705.922482 chunks=39 sequence=83.009s read_wait=0.171s bind_upload=1.641s attention_resident=4.519s expert_read_prefetch=39.853s expert_demand_read=24.266s expert_plan=2.140s expert_hint=0.000s expert_submit=0.000s expert_kernel=36.123s source_fence=0.000s tail_head_sync=0.566s layer_other=0.098s expert_read_gross=37.713s plan_hint=2.074s plan_sched=0.065s attn_total=4.511s attn_encode=1.813s attn_wait=2.086s attn_drain=0.612s kernel_total=15.629s kernel_host=0.578s kernel_wait=2.551s kernel_drain=12.500s
[attn-split] single: calls=3534 total=2.693s encode=1.214s wait=0.868s drain=0.612s waits=6118 untimed=1034 | wide: calls=93 total=1.818s encode=0.600s wait=1.218s drain=0.000s waits=92 untimed=92 | hint: calls=3588 total=2.072s encode=0.009s wait=2.063s drain=0.000s waits=3458 untimed=3458
[kernel-split] single: calls=3777 total=12.792s encode=0.369s wait=0.149s drain=12.274s waits=4052 untimed=3199 | wide: calls=467 total=2.838s encode=0.210s wait=2.401s drain=0.227s waits=467 untimed=0
[kernel-sub] materialize=0.076s moe=2.946s precommit=12.316s rest=0.291s
[metal-cache] calls=6623 zero_copy_wraps=231 copies=0 cache_entries=112 bindless=true
 goes
[stats] generated=40 elapsed=84.520s speed=0.4733 token/s (2.113 s/token) chunks=40 committed_rows=70 verify_tx=0 drafts=0/0 layer_passes=3720 expert_rows=6440 expert_tiles=4061
[opens] expert file opens=151790 total=2.234s mean=0.015ms requested_bytes=1861373246656 (1861.4 GB)
[arrival] tiles=512 waves=794 uncovered_wait=20.490s dispatch=3.139s
[retain] enabled=false cap_gb=8 layers=63..=92 consults=0 wanted=0 hits=0 inserts=0 served=0.0MB
[summer] enabled=false cap_gb=8 sample=16 consults=0 wanted=0 hits=0 hit_rate=0.0% misses=0 inserts=0 evictions=0 recycled=0 allocs=0 pin_skips=0 gated=0 ramp=2..50 bar=0 suppressed=0 wide_skips=0 served=0.0MB copied=0.0MB ssd_avoided=0.0GB live=0/0.0GB model=0 protected=0 declined=0 topup_suppressed=0 aged=0 into=0/0/0 pending=0
[mirror-split] internal=0 K3C=0 K3B=0 K3A=0  shares=0%/0%/0%/0%
[phases] mono=392707.396125 chunks=40 sequence=84.482s read_wait=0.171s bind_upload=1.641s attention_resident=4.574s expert_read_prefetch=40.922s expert_demand_read=24.872s expert_plan=2.192s expert_hint=0.000s expert_submit=0.000s expert_kernel=36.455s source_fence=0.000s tail_head_sync=0.581s layer_other=0.099s expert_read_gross=38.730s plan_hint=2.125s plan_sched=0.066s attn_total=4.566s attn_encode=1.837s attn_wait=2.105s attn_drain=0.624s kernel_total=15.950s kernel_host=0.589s kernel_wait=2.554s kernel_drain=12.808s
[attn-split] single: calls=3627 total=2.749s encode=1.237s wait=0.887s drain=0.624s waits=6279 untimed=1060 | wide: calls=93 total=1.818s encode=0.600s wait=1.218s drain=0.000s waits=92 untimed=92 | hint: calls=3680 total=2.123s encode=0.009s wait=2.114s drain=0.000s waits=3549 untimed=3549
[kernel-split] single: calls=3876 total=13.113s encode=0.379s wait=0.153s drain=12.581s waits=4159 untimed=3284 | wide: calls=467 total=2.838s encode=0.210s wait=2.401s drain=0.227s waits=467 untimed=0
[kernel-sub] materialize=0.076s moe=2.952s precommit=12.625s rest=0.297s
[metal-cache] calls=6722 zero_copy_wraps=231 copies=0 cache_entries=112 bindless=true
 up
[stats] generated=41 elapsed=85.999s speed=0.4767 token/s (2.098 s/token) chunks=41 committed_rows=71 verify_tx=0 drafts=0/0 layer_passes=3813 expert_rows=6532 expert_tiles=4153
[opens] expert file opens=155624 total=2.292s mean=0.015ms requested_bytes=1894993853632 (1895.0 GB)
[arrival] tiles=513 waves=801 uncovered_wait=20.501s dispatch=3.147s
[retain] enabled=false cap_gb=8 layers=63..=92 consults=0 wanted=0 hits=0 inserts=0 served=0.0MB
[summer] enabled=false cap_gb=8 sample=16 consults=0 wanted=0 hits=0 hit_rate=0.0% misses=0 inserts=0 evictions=0 recycled=0 allocs=0 pin_skips=0 gated=0 ramp=2..50 bar=0 suppressed=0 wide_skips=0 served=0.0MB copied=0.0MB ssd_avoided=0.0GB live=0/0.0GB model=0 protected=0 declined=0 topup_suppressed=0 aged=0 into=0/0/0 pending=0
[mirror-split] internal=0 K3C=0 K3B=0 K3A=0  shares=0%/0%/0%/0%
[phases] mono=392708.875109 chunks=41 sequence=85.960s read_wait=0.171s bind_upload=1.641s attention_resident=4.641s expert_read_prefetch=41.958s expert_demand_read=25.516s expert_plan=2.250s expert_hint=0.000s expert_submit=0.000s expert_kernel=36.816s source_fence=0.000s tail_head_sync=0.594s layer_other=0.101s expert_read_gross=39.708s plan_hint=2.182s plan_sched=0.067s attn_total=4.632s attn_encode=1.865s attn_wait=2.121s attn_drain=0.646s kernel_total=16.299s kernel_host=0.599s kernel_wait=2.559s kernel_drain=13.142s
[attn-split] single: calls=3720 total=2.815s encode=1.265s wait=0.904s drain=0.646s waits=6440 untimed=1073 | wide: calls=93 total=1.818s encode=0.600s wait=1.218s drain=0.000s waits=92 untimed=92 | hint: calls=3772 total=2.180s encode=0.009s wait=2.171s drain=0.000s waits=3640 untimed=3640
[kernel-split] single: calls=3974 total=13.462s encode=0.389s wait=0.158s drain=12.915s waits=4264 untimed=3363 | wide: calls=467 total=2.838s encode=0.210s wait=2.401s drain=0.227s waits=467 untimed=0
[kernel-sub] materialize=0.076s moe=2.960s precommit=12.961s rest=0.302s
[metal-cache] calls=6820 zero_copy_wraps=231 copies=0 cache_entries=112 bindless=true
!)
[stats] generated=42 elapsed=87.578s speed=0.4796 token/s (2.085 s/token) chunks=42 committed_rows=72 verify_tx=0 drafts=0/0 layer_passes=3906 expert_rows=6624 expert_tiles=4245
[opens] expert file opens=159511 total=2.343s mean=0.015ms requested_bytes=1929044425920 (1929.0 GB)
[arrival] tiles=514 waves=809 uncovered_wait=20.517s dispatch=3.154s
[retain] enabled=false cap_gb=8 layers=63..=92 consults=0 wanted=0 hits=0 inserts=0 served=0.0MB
[summer] enabled=false cap_gb=8 sample=16 consults=0 wanted=0 hits=0 hit_rate=0.0% misses=0 inserts=0 evictions=0 recycled=0 allocs=0 pin_skips=0 gated=0 ramp=2..50 bar=0 suppressed=0 wide_skips=0 served=0.0MB copied=0.0MB ssd_avoided=0.0GB live=0/0.0GB model=0 protected=0 declined=0 topup_suppressed=0 aged=0 into=0/0/0 pending=0
[mirror-split] internal=0 K3C=0 K3B=0 K3A=0  shares=0%/0%/0%/0%
[phases] mono=392710.454254 chunks=42 sequence=87.538s read_wait=0.171s bind_upload=1.641s attention_resident=4.732s expert_read_prefetch=43.079s expert_demand_read=26.207s expert_plan=2.301s expert_hint=0.000s expert_submit=0.000s expert_kernel=37.167s source_fence=0.000s tail_head_sync=0.608s layer_other=0.103s expert_read_gross=40.777s plan_hint=2.232s plan_sched=0.069s attn_total=4.723s attn_encode=1.913s attn_wait=2.148s attn_drain=0.662s kernel_total=16.634s kernel_host=0.608s kernel_wait=2.563s kernel_drain=13.463s
[attn-split] single: calls=3813 total=2.906s encode=1.314s wait=0.930s drain=0.662s waits=6601 untimed=1101 | wide: calls=93 total=1.818s encode=0.600s wait=1.218s drain=0.000s waits=92 untimed=92 | hint: calls=3864 total=2.230s encode=0.009s wait=2.220s drain=0.000s waits=3731 untimed=3731
[kernel-split] single: calls=4073 total=13.797s encode=0.399s wait=0.161s drain=13.237s waits=4371 untimed=3446 | wide: calls=467 total=2.838s encode=0.210s wait=2.401s drain=0.227s waits=467 untimed=0
[kernel-sub] materialize=0.076s moe=2.967s precommit=13.284s rest=0.307s
[metal-cache] calls=6919 zero_copy_wraps=231 copies=0 cache_entries=112 bindless=true
[route-chain] chained=2760
[route-chain] dedup_hits=2760
**

[stats] generated=43 elapsed=89.095s speed=0.4826 token/s (2.072 s/token) chunks=43 committed_rows=73 verify_tx=0 drafts=0/0 layer_passes=3999 expert_rows=6716 expert_tiles=4337
[opens] expert file opens=163421 total=2.395s mean=0.015ms requested_bytes=1963358141632 (1963.4 GB)
[arrival] tiles=515 waves=817 uncovered_wait=20.530s dispatch=3.161s
[retain] enabled=false cap_gb=8 layers=63..=92 consults=0 wanted=0 hits=0 inserts=0 served=0.0MB
[summer] enabled=false cap_gb=8 sample=16 consults=0 wanted=0 hits=0 hit_rate=0.0% misses=0 inserts=0 evictions=0 recycled=0 allocs=0 pin_skips=0 gated=0 ramp=2..50 bar=0 suppressed=0 wide_skips=0 served=0.0MB copied=0.0MB ssd_avoided=0.0GB live=0/0.0GB model=0 protected=0 declined=0 topup_suppressed=0 aged=0 into=0/0/0 pending=0
[mirror-split] internal=0 K3C=0 K3B=0 K3A=0  shares=0%/0%/0%/0%
[phases] mono=392711.971391 chunks=43 sequence=89.054s read_wait=0.171s bind_upload=1.641s attention_resident=4.793s expert_read_prefetch=44.175s expert_demand_read=26.887s expert_plan=2.349s expert_hint=0.000s expert_submit=0.000s expert_kernel=37.507s source_fence=0.000s tail_head_sync=0.624s layer_other=0.104s expert_read_gross=41.826s plan_hint=2.279s plan_sched=0.070s attn_total=4.784s attn_encode=1.942s attn_wait=2.166s attn_drain=0.676s kernel_total=16.961s kernel_host=0.618s kernel_wait=2.566s kernel_drain=13.777s
[attn-split] single: calls=3906 total=2.967s encode=1.342s wait=0.948s drain=0.676s waits=6762 untimed=1123 | wide: calls=93 total=1.818s encode=0.600s wait=1.218s drain=0.000s waits=92 untimed=92 | hint: calls=3956 total=2.276s encode=0.010s wait=2.267s drain=0.000s waits=3822 untimed=3822
[kernel-split] single: calls=4172 total=14.124s encode=0.408s wait=0.165s drain=13.551s waits=4478 untimed=3528 | wide: calls=467 total=2.838s encode=0.210s wait=2.401s drain=0.227s waits=467 untimed=0
[kernel-sub] materialize=0.076s moe=2.974s precommit=13.599s rest=0.312s
[metal-cache] calls=7018 zero_copy_wraps=231 copies=0 cache_entries=112 bindless=true
When
[stats] generated=44 elapsed=90.635s speed=0.4855 token/s (2.060 s/token) chunks=44 committed_rows=74 verify_tx=0 drafts=0/0 layer_passes=4092 expert_rows=6808 expert_tiles=4429
[opens] expert file opens=167365 total=2.449s mean=0.015ms requested_bytes=1997961395392 (1998.0 GB)
[arrival] tiles=516 waves=824 uncovered_wait=20.540s dispatch=3.169s
[retain] enabled=false cap_gb=8 layers=63..=92 consults=0 wanted=0 hits=0 inserts=0 served=0.0MB
[summer] enabled=false cap_gb=8 sample=16 consults=0 wanted=0 hits=0 hit_rate=0.0% misses=0 inserts=0 evictions=0 recycled=0 allocs=0 pin_skips=0 gated=0 ramp=2..50 bar=0 suppressed=0 wide_skips=0 served=0.0MB copied=0.0MB ssd_avoided=0.0GB live=0/0.0GB model=0 protected=0 declined=0 topup_suppressed=0 aged=0 into=0/0/0 pending=0
[mirror-split] internal=0 K3C=0 K3B=0 K3A=0  shares=0%/0%/0%/0%
[phases] mono=392713.510665 chunks=44 sequence=90.592s read_wait=0.171s bind_upload=1.641s attention_resident=4.859s expert_read_prefetch=45.263s expert_demand_read=27.561s expert_plan=2.409s expert_hint=0.000s expert_submit=0.000s expert_kernel=37.872s source_fence=0.000s tail_head_sync=0.640s layer_other=0.106s expert_read_gross=42.854s plan_hint=2.337s plan_sched=0.071s attn_total=4.851s attn_encode=1.970s attn_wait=2.194s attn_drain=0.686s kernel_total=17.316s kernel_host=0.628s kernel_wait=2.571s kernel_drain=14.117s
[attn-split] single: calls=3999 total=3.033s encode=1.371s wait=0.976s drain=0.686s waits=6923 untimed=1154 | wide: calls=93 total=1.818s encode=0.600s wait=1.218s drain=0.000s waits=92 untimed=92 | hint: calls=4048 total=2.335s encode=0.010s wait=2.325s drain=0.000s waits=3913 untimed=3913
[kernel-split] single: calls=4270 total=14.479s encode=0.418s wait=0.170s drain=13.891s waits=4583 untimed=3614 | wide: calls=467 total=2.838s encode=0.210s wait=2.401s drain=0.227s waits=467 untimed=0
[kernel-sub] materialize=0.076s moe=2.982s precommit=13.941s rest=0.317s
[metal-cache] calls=7116 zero_copy_wraps=231 copies=0 cache_entries=112 bindless=true
 the
[stats] generated=45 elapsed=92.153s speed=0.4883 token/s (2.048 s/token) chunks=45 committed_rows=75 verify_tx=0 drafts=0/0 layer_passes=4185 expert_rows=6900 expert_tiles=4521
[opens] expert file opens=171207 total=2.502s mean=0.015ms requested_bytes=2031669738688 (2031.7 GB)
[arrival] tiles=517 waves=832 uncovered_wait=20.554s dispatch=3.176s
[retain] enabled=false cap_gb=8 layers=63..=92 consults=0 wanted=0 hits=0 inserts=0 served=0.0MB
[summer] enabled=false cap_gb=8 sample=16 consults=0 wanted=0 hits=0 hit_rate=0.0% misses=0 inserts=0 evictions=0 recycled=0 allocs=0 pin_skips=0 gated=0 ramp=2..50 bar=0 suppressed=0 wide_skips=0 served=0.0MB copied=0.0MB ssd_avoided=0.0GB live=0/0.0GB model=0 protected=0 declined=0 topup_suppressed=0 aged=0 into=0/0/0 pending=0
[mirror-split] internal=0 K3C=0 K3B=0 K3A=0  shares=0%/0%/0%/0%
[phases] mono=392715.029520 chunks=45 sequence=92.110s read_wait=0.171s bind_upload=1.641s attention_resident=4.920s expert_read_prefetch=46.366s expert_demand_read=28.254s expert_plan=2.463s expert_hint=0.000s expert_submit=0.000s expert_kernel=38.212s source_fence=0.000s tail_head_sync=0.653s layer_other=0.108s expert_read_gross=43.903s plan_hint=2.390s plan_sched=0.072s attn_total=4.911s attn_encode=1.998s attn_wait=2.210s attn_drain=0.703s kernel_total=17.643s kernel_host=0.637s kernel_wait=2.575s kernel_drain=14.431s
[attn-split] single: calls=4092 total=3.093s encode=1.398s wait=0.992s drain=0.703s waits=7084 untimed=1176 | wide: calls=93 total=1.818s encode=0.600s wait=1.218s drain=0.000s waits=92 untimed=92 | hint: calls=4140 total=2.388s encode=0.010s wait=2.378s drain=0.000s waits=4004 untimed=4004
[kernel-split] single: calls=4369 total=14.805s encode=0.428s wait=0.173s drain=14.204s waits=4690 untimed=3704 | wide: calls=467 total=2.838s encode=0.210s wait=2.401s drain=0.227s waits=467 untimed=0
[kernel-sub] materialize=0.076s moe=2.988s precommit=14.256s rest=0.322s
[metal-cache] calls=7215 zero_copy_wraps=231 copies=0 cache_entries=112 bindless=true
 sun
[stats] generated=46 elapsed=93.616s speed=0.4914 token/s (2.035 s/token) chunks=46 committed_rows=76 verify_tx=0 drafts=0/0 layer_passes=4278 expert_rows=6992 expert_tiles=4613
[opens] expert file opens=175100 total=2.560s mean=0.015ms requested_bytes=2065808014528 (2065.8 GB)
[arrival] tiles=518 waves=839 uncovered_wait=20.566s dispatch=3.182s
[retain] enabled=false cap_gb=8 layers=63..=92 consults=0 wanted=0 hits=0 inserts=0 served=0.0MB
[summer] enabled=false cap_gb=8 sample=16 consults=0 wanted=0 hits=0 hit_rate=0.0% misses=0 inserts=0 evictions=0 recycled=0 allocs=0 pin_skips=0 gated=0 ramp=2..50 bar=0 suppressed=0 wide_skips=0 served=0.0MB copied=0.0MB ssd_avoided=0.0GB live=0/0.0GB model=0 protected=0 declined=0 topup_suppressed=0 aged=0 into=0/0/0 pending=0
[mirror-split] internal=0 K3C=0 K3B=0 K3A=0  shares=0%/0%/0%/0%
[phases] mono=392716.492289 chunks=46 sequence=93.571s read_wait=0.171s bind_upload=1.641s attention_resident=4.996s expert_read_prefetch=47.389s expert_demand_read=28.872s expert_plan=2.518s expert_hint=0.000s expert_submit=0.000s expert_kernel=38.559s source_fence=0.000s tail_head_sync=0.666s layer_other=0.109s expert_read_gross=44.871s plan_hint=2.444s plan_sched=0.073s attn_total=4.987s attn_encode=2.037s attn_wait=2.235s attn_drain=0.715s kernel_total=17.977s kernel_host=0.648s kernel_wait=2.578s kernel_drain=14.751s
[attn-split] single: calls=4185 total=3.170s encode=1.438s wait=1.017s drain=0.715s waits=7245 untimed=1202 | wide: calls=93 total=1.818s encode=0.600s wait=1.218s drain=0.000s waits=92 untimed=92 | hint: calls=4232 total=2.442s encode=0.010s wait=2.432s drain=0.000s waits=4095 untimed=4095
[kernel-split] single: calls=4467 total=15.139s encode=0.438s wait=0.177s drain=14.524s waits=4795 untimed=3790 | wide: calls=467 total=2.838s encode=0.210s wait=2.401s drain=0.227s waits=467 untimed=0
[kernel-sub] materialize=0.076s moe=2.994s precommit=14.578s rest=0.328s
[metal-cache] calls=7313 zero_copy_wraps=231 copies=0 cache_entries=112 bindless=true
 shines
[stats] generated=47 elapsed=95.100s speed=0.4942 token/s (2.023 s/token) chunks=47 committed_rows=77 verify_tx=0 drafts=0/0 layer_passes=4371 expert_rows=7084 expert_tiles=4705
[opens] expert file opens=178967 total=2.617s mean=0.015ms requested_bytes=2099735723200 (2099.7 GB)
[arrival] tiles=519 waves=846 uncovered_wait=20.578s dispatch=3.188s
[retain] enabled=false cap_gb=8 layers=63..=92 consults=0 wanted=0 hits=0 inserts=0 served=0.0MB
[summer] enabled=false cap_gb=8 sample=16 consults=0 wanted=0 hits=0 hit_rate=0.0% misses=0 inserts=0 evictions=0 recycled=0 allocs=0 pin_skips=0 gated=0 ramp=2..50 bar=0 suppressed=0 wide_skips=0 served=0.0MB copied=0.0MB ssd_avoided=0.0GB live=0/0.0GB model=0 protected=0 declined=0 topup_suppressed=0 aged=0 into=0/0/0 pending=0
[mirror-split] internal=0 K3C=0 K3B=0 K3A=0  shares=0%/0%/0%/0%
[phases] mono=392717.975635 chunks=47 sequence=95.054s read_wait=0.171s bind_upload=1.641s attention_resident=5.063s expert_read_prefetch=48.431s expert_demand_read=29.542s expert_plan=2.576s expert_hint=0.000s expert_submit=0.000s expert_kernel=38.919s source_fence=0.000s tail_head_sync=0.680s layer_other=0.111s expert_read_gross=45.854s plan_hint=2.501s plan_sched=0.074s attn_total=5.053s attn_encode=2.067s attn_wait=2.255s attn_drain=0.732s kernel_total=18.324s kernel_host=0.658s kernel_wait=2.581s kernel_drain=15.086s
[attn-split] single: calls=4278 total=3.236s encode=1.467s wait=1.037s drain=0.732s waits=7406 untimed=1220 | wide: calls=93 total=1.818s encode=0.600s wait=1.218s drain=0.000s waits=92 untimed=92 | hint: calls=4324 total=2.499s encode=0.011s wait=2.488s drain=0.000s waits=4186 untimed=4186
[kernel-split] single: calls=4565 total=15.486s encode=0.448s wait=0.180s drain=14.859s waits=4900 untimed=3876 | wide: calls=467 total=2.838s encode=0.210s wait=2.401s drain=0.227s waits=467 untimed=0
[kernel-sub] materialize=0.076s moe=3.000s precommit=14.914s rest=0.333s
[metal-cache] calls=7411 zero_copy_wraps=231 copies=0 cache_entries=112 bindless=true
 on
[stats] generated=48 elapsed=96.618s speed=0.4968 token/s (2.013 s/token) chunks=48 committed_rows=78 verify_tx=0 drafts=0/0 layer_passes=4464 expert_rows=7176 expert_tiles=4797
[opens] expert file opens=182738 total=2.686s mean=0.015ms requested_bytes=2132803599552 (2132.8 GB)
[arrival] tiles=520 waves=853 uncovered_wait=20.590s dispatch=3.195s
[retain] enabled=false cap_gb=8 layers=63..=92 consults=0 wanted=0 hits=0 inserts=0 served=0.0MB
[summer] enabled=false cap_gb=8 sample=16 consults=0 wanted=0 hits=0 hit_rate=0.0% misses=0 inserts=0 evictions=0 recycled=0 allocs=0 pin_skips=0 gated=0 ramp=2..50 bar=0 suppressed=0 wide_skips=0 served=0.0MB copied=0.0MB ssd_avoided=0.0GB live=0/0.0GB model=0 protected=0 declined=0 topup_suppressed=0 aged=0 into=0/0/0 pending=0
[mirror-split] internal=0 K3C=0 K3B=0 K3A=0  shares=0%/0%/0%/0%
[phases] mono=392719.494456 chunks=48 sequence=96.572s read_wait=0.171s bind_upload=1.641s attention_resident=5.131s expert_read_prefetch=49.529s expert_demand_read=30.226s expert_plan=2.631s expert_hint=0.000s expert_submit=0.000s expert_kernel=39.252s source_fence=0.000s tail_head_sync=0.696s layer_other=0.112s expert_read_gross=46.898s plan_hint=2.554s plan_sched=0.075s attn_total=5.122s attn_encode=2.096s attn_wait=2.274s attn_drain=0.752s kernel_total=18.646s kernel_host=0.668s kernel_wait=2.585s kernel_drain=15.393s
[attn-split] single: calls=4371 total=3.304s encode=1.496s wait=1.056s drain=0.752s waits=7567 untimed=1244 | wide: calls=93 total=1.818s encode=0.600s wait=1.218s drain=0.000s waits=92 untimed=92 | hint: calls=4416 total=2.552s encode=0.011s wait=2.541s drain=0.000s waits=4277 untimed=4277
[kernel-split] single: calls=4663 total=15.808s encode=0.458s wait=0.183s drain=15.167s waits=5005 untimed=3960 | wide: calls=467 total=2.838s encode=0.210s wait=2.401s drain=0.227s waits=467 untimed=0
[kernel-sub] materialize=0.076s moe=3.007s precommit=15.224s rest=0.338s
[metal-cache] calls=7509 zero_copy_wraps=231 copies=0 cache_entries=112 bindless=true
 oceans
[stats] generated=49 elapsed=98.145s speed=0.4993 token/s (2.003 s/token) chunks=49 committed_rows=79 verify_tx=0 drafts=0/0 layer_passes=4557 expert_rows=7268 expert_tiles=4889
[opens] expert file opens=186576 total=2.737s mean=0.015ms requested_bytes=2166529490112 (2166.5 GB)
[arrival] tiles=521 waves=861 uncovered_wait=20.610s dispatch=3.206s
[retain] enabled=false cap_gb=8 layers=63..=92 consults=0 wanted=0 hits=0 inserts=0 served=0.0MB
[summer] enabled=false cap_gb=8 sample=16 consults=0 wanted=0 hits=0 hit_rate=0.0% misses=0 inserts=0 evictions=0 recycled=0 allocs=0 pin_skips=0 gated=0 ramp=2..50 bar=0 suppressed=0 wide_skips=0 served=0.0MB copied=0.0MB ssd_avoided=0.0GB live=0/0.0GB model=0 protected=0 declined=0 topup_suppressed=0 aged=0 into=0/0/0 pending=0
[mirror-split] internal=0 K3C=0 K3B=0 K3A=0  shares=0%/0%/0%/0%
[phases] mono=392721.020865 chunks=49 sequence=98.097s read_wait=0.171s bind_upload=1.641s attention_resident=5.200s expert_read_prefetch=50.604s expert_demand_read=30.902s expert_plan=2.684s expert_hint=0.000s expert_submit=0.000s expert_kernel=39.617s source_fence=0.000s tail_head_sync=0.711s layer_other=0.114s expert_read_gross=47.920s plan_hint=2.606s plan_sched=0.076s attn_total=5.190s attn_encode=2.123s attn_wait=2.304s attn_drain=0.763s kernel_total=18.991s kernel_host=0.678s kernel_wait=2.591s kernel_drain=15.722s
[attn-split] single: calls=4464 total=3.373s encode=1.524s wait=1.086s drain=0.763s waits=7728 untimed=1274 | wide: calls=93 total=1.818s encode=0.600s wait=1.218s drain=0.000s waits=92 untimed=92 | hint: calls=4508 total=2.604s encode=0.011s wait=2.593s drain=0.000s waits=4368 untimed=4368
[kernel-split] single: calls=4762 total=16.153s encode=0.468s wait=0.189s drain=15.495s waits=5112 untimed=4044 | wide: calls=467 total=2.838s encode=0.210s wait=2.401s drain=0.227s waits=467 untimed=0
[kernel-sub] materialize=0.076s moe=3.017s precommit=15.553s rest=0.343s
[metal-cache] calls=7608 zero_copy_wraps=231 copies=0 cache_entries=112 bindless=true
,
[stats] generated=50 elapsed=99.625s speed=0.5019 token/s (1.993 s/token) chunks=50 committed_rows=80 verify_tx=0 drafts=0/0 layer_passes=4650 expert_rows=7360 expert_tiles=4981
[opens] expert file opens=190427 total=2.802s mean=0.015ms requested_bytes=2200334351552 (2200.3 GB)
[arrival] tiles=522 waves=869 uncovered_wait=20.630s dispatch=3.213s
[retain] enabled=false cap_gb=8 layers=63..=92 consults=0 wanted=0 hits=0 inserts=0 served=0.0MB
[summer] enabled=false cap_gb=8 sample=16 consults=0 wanted=0 hits=0 hit_rate=0.0% misses=0 inserts=0 evictions=0 recycled=0 allocs=0 pin_skips=0 gated=0 ramp=2..50 bar=0 suppressed=0 wide_skips=0 served=0.0MB copied=0.0MB ssd_avoided=0.0GB live=0/0.0GB model=0 protected=0 declined=0 topup_suppressed=0 aged=0 into=0/0/0 pending=0
[mirror-split] internal=0 K3C=0 K3B=0 K3A=0  shares=0%/0%/0%/0%
[phases] mono=392722.501300 chunks=50 sequence=99.577s read_wait=0.171s bind_upload=1.641s attention_resident=5.287s expert_read_prefetch=51.603s expert_demand_read=31.544s expert_plan=2.731s expert_hint=0.000s expert_submit=0.000s expert_kernel=39.993s source_fence=0.000s tail_head_sync=0.726s layer_other=0.116s expert_read_gross=48.872s plan_hint=2.652s plan_sched=0.078s attn_total=5.277s attn_encode=2.161s attn_wait=2.325s attn_drain=0.790s kernel_total=19.346s kernel_host=0.688s kernel_wait=2.594s kernel_drain=16.064s
[attn-split] single: calls=4557 total=3.459s encode=1.562s wait=1.107s drain=0.790s waits=7889 untimed=1296 | wide: calls=93 total=1.818s encode=0.600s wait=1.218s drain=0.000s waits=92 untimed=92 | hint: calls=4600 total=2.650s encode=0.011s wait=2.639s drain=0.000s waits=4459 untimed=4459
[kernel-split] single: calls=4861 total=16.509s encode=0.479s wait=0.193s drain=15.837s waits=5219 untimed=4130 | wide: calls=467 total=2.838s encode=0.210s wait=2.401s drain=0.227s waits=467 untimed=0
[kernel-sub] materialize=0.076s moe=3.024s precommit=15.897s rest=0.349s
[metal-cache] calls=7707 zero_copy_wraps=231 copies=0 cache_entries=112 bindless=true
 lakes
[stats] generated=51 elapsed=101.188s speed=0.5040 token/s (1.984 s/token) chunks=51 committed_rows=81 verify_tx=0 drafts=0/0 layer_passes=4743 expert_rows=7452 expert_tiles=5073
[opens] expert file opens=194394 total=2.859s mean=0.015ms requested_bytes=2235113094336 (2235.1 GB)
[arrival] tiles=523 waves=876 uncovered_wait=20.651s dispatch=3.221s
[retain] enabled=false cap_gb=8 layers=63..=92 consults=0 wanted=0 hits=0 inserts=0 served=0.0MB
[summer] enabled=false cap_gb=8 sample=16 consults=0 wanted=0 hits=0 hit_rate=0.0% misses=0 inserts=0 evictions=0 recycled=0 allocs=0 pin_skips=0 gated=0 ramp=2..50 bar=0 suppressed=0 wide_skips=0 served=0.0MB copied=0.0MB ssd_avoided=0.0GB live=0/0.0GB model=0 protected=0 declined=0 topup_suppressed=0 aged=0 into=0/0/0 pending=0
[mirror-split] internal=0 K3C=0 K3B=0 K3A=0  shares=0%/0%/0%/0%
[phases] mono=392724.063750 chunks=51 sequence=101.138s read_wait=0.171s bind_upload=1.641s attention_resident=5.355s expert_read_prefetch=52.710s expert_demand_read=32.239s expert_plan=2.787s expert_hint=0.000s expert_submit=0.000s expert_kernel=40.364s source_fence=0.000s tail_head_sync=0.740s layer_other=0.118s expert_read_gross=49.922s plan_hint=2.707s plan_sched=0.079s attn_total=5.345s attn_encode=2.187s attn_wait=2.348s attn_drain=0.811s kernel_total=19.695s kernel_host=0.699s kernel_wait=2.599s kernel_drain=16.397s
[attn-split] single: calls=4650 total=3.528s encode=1.587s wait=1.130s drain=0.811s waits=8050 untimed=1317 | wide: calls=93 total=1.818s encode=0.600s wait=1.218s drain=0.000s waits=92 untimed=92 | hint: calls=4692 total=2.705s encode=0.011s wait=2.693s drain=0.000s waits=4550 untimed=4550
[kernel-split] single: calls=4959 total=16.858s encode=0.489s wait=0.198s drain=16.171s waits=5324 untimed=4208 | wide: calls=467 total=2.838s encode=0.210s wait=2.401s drain=0.227s waits=467 untimed=0
[kernel-sub] materialize=0.076s moe=3.032s precommit=16.232s rest=0.354s
[metal-cache] calls=7805 zero_copy_wraps=231 copies=0 cache_entries=112 bindless=true
,
[stats] generated=52 elapsed=102.637s speed=0.5066 token/s (1.974 s/token) chunks=52 committed_rows=82 verify_tx=0 drafts=0/0 layer_passes=4836 expert_rows=7544 expert_tiles=5165
[opens] expert file opens=198268 total=2.915s mean=0.015ms requested_bytes=2269110975680 (2269.1 GB)
[arrival] tiles=524 waves=880 uncovered_wait=20.659s dispatch=3.227s
[retain] enabled=false cap_gb=8 layers=63..=92 consults=0 wanted=0 hits=0 inserts=0 served=0.0MB
[summer] enabled=false cap_gb=8 sample=16 consults=0 wanted=0 hits=0 hit_rate=0.0% misses=0 inserts=0 evictions=0 recycled=0 allocs=0 pin_skips=0 gated=0 ramp=2..50 bar=0 suppressed=0 wide_skips=0 served=0.0MB copied=0.0MB ssd_avoided=0.0GB live=0/0.0GB model=0 protected=0 declined=0 topup_suppressed=0 aged=0 into=0/0/0 pending=0
[mirror-split] internal=0 K3C=0 K3B=0 K3A=0  shares=0%/0%/0%/0%
[phases] mono=392725.513293 chunks=52 sequence=102.587s read_wait=0.171s bind_upload=1.641s attention_resident=5.422s expert_read_prefetch=53.718s expert_demand_read=32.849s expert_plan=2.842s expert_hint=0.000s expert_submit=0.000s expert_kernel=40.721s source_fence=0.000s tail_head_sync=0.755s layer_other=0.119s expert_read_gross=50.876s plan_hint=2.761s plan_sched=0.080s attn_total=5.412s attn_encode=2.213s attn_wait=2.374s attn_drain=0.824s kernel_total=20.044s kernel_host=0.710s kernel_wait=2.603s kernel_drain=16.731s
[attn-split] single: calls=4743 total=3.594s encode=1.614s wait=1.156s drain=0.824s waits=8211 untimed=1344 | wide: calls=93 total=1.818s encode=0.600s wait=1.218s drain=0.000s waits=92 untimed=92 | hint: calls=4784 total=2.758s encode=0.012s wait=2.746s drain=0.000s waits=4641 untimed=4641
[kernel-split] single: calls=5054 total=17.206s encode=0.501s wait=0.201s drain=16.504s waits=5423 untimed=4286 | wide: calls=467 total=2.838s encode=0.210s wait=2.401s drain=0.227s waits=467 untimed=0
[kernel-sub] materialize=0.076s moe=3.038s precommit=16.568s rest=0.360s
[metal-cache] calls=7900 zero_copy_wraps=231 copies=0 cache_entries=112 bindless=true
 and
[stats] generated=53 elapsed=104.123s speed=0.5090 token/s (1.965 s/token) chunks=53 committed_rows=83 verify_tx=0 drafts=0/0 layer_passes=4929 expert_rows=7636 expert_tiles=5257
[opens] expert file opens=202191 total=2.979s mean=0.015ms requested_bytes=2303494896832 (2303.5 GB)
[arrival] tiles=525 waves=888 uncovered_wait=20.672s dispatch=3.234s
[retain] enabled=false cap_gb=8 layers=63..=92 consults=0 wanted=0 hits=0 inserts=0 served=0.0MB
[summer] enabled=false cap_gb=8 sample=16 consults=0 wanted=0 hits=0 hit_rate=0.0% misses=0 inserts=0 evictions=0 recycled=0 allocs=0 pin_skips=0 gated=0 ramp=2..50 bar=0 suppressed=0 wide_skips=0 served=0.0MB copied=0.0MB ssd_avoided=0.0GB live=0/0.0GB model=0 protected=0 declined=0 topup_suppressed=0 aged=0 into=0/0/0 pending=0
[mirror-split] internal=0 K3C=0 K3B=0 K3A=0  shares=0%/0%/0%/0%
[phases] mono=392726.999448 chunks=53 sequence=104.072s read_wait=0.171s bind_upload=1.641s attention_resident=5.494s expert_read_prefetch=54.767s expert_demand_read=33.500s expert_plan=2.895s expert_hint=0.000s expert_submit=0.000s expert_kernel=41.070s source_fence=0.000s tail_head_sync=0.768s layer_other=0.121s expert_read_gross=51.872s plan_hint=2.813s plan_sched=0.081s attn_total=5.483s attn_encode=2.249s attn_wait=2.397s attn_drain=0.837s kernel_total=20.380s kernel_host=0.724s kernel_wait=2.606s kernel_drain=17.050s
[attn-split] single: calls=4836 total=3.666s encode=1.649s wait=1.179s drain=0.837s waits=8372 untimed=1363 | wide: calls=93 total=1.818s encode=0.600s wait=1.218s drain=0.000s waits=92 untimed=92 | hint: calls=4876 total=2.810s encode=0.012s wait=2.798s drain=0.000s waits=4732 untimed=4732
[kernel-split] single: calls=5153 total=17.542s encode=0.514s wait=0.205s drain=16.823s waits=5530 untimed=4364 | wide: calls=467 total=2.838s encode=0.210s wait=2.401s drain=0.227s waits=467 untimed=0
[kernel-sub] materialize=0.076s moe=3.045s precommit=16.890s rest=0.369s
[metal-cache] calls=7999 zero_copy_wraps=231 copies=0 cache_entries=112 bindless=true
[route-chain] chained=3450
[route-chain] dedup_hits=3450
 rivers
[stats] generated=54 elapsed=105.663s speed=0.5111 token/s (1.957 s/token) chunks=54 committed_rows=84 verify_tx=0 drafts=0/0 layer_passes=5022 expert_rows=7728 expert_tiles=5349
[opens] expert file opens=206268 total=3.043s mean=0.015ms requested_bytes=2339194895552 (2339.2 GB)
[arrival] tiles=526 waves=896 uncovered_wait=20.683s dispatch=3.242s
[retain] enabled=false cap_gb=8 layers=63..=92 consults=0 wanted=0 hits=0 inserts=0 served=0.0MB
[summer] enabled=false cap_gb=8 sample=16 consults=0 wanted=0 hits=0 hit_rate=0.0% misses=0 inserts=0 evictions=0 recycled=0 allocs=0 pin_skips=0 gated=0 ramp=2..50 bar=0 suppressed=0 wide_skips=0 served=0.0MB copied=0.0MB ssd_avoided=0.0GB live=0/0.0GB model=0 protected=0 declined=0 topup_suppressed=0 aged=0 into=0/0/0 pending=0
[mirror-split] internal=0 K3C=0 K3B=0 K3A=0  shares=0%/0%/0%/0%
[phases] mono=392728.539044 chunks=54 sequence=105.611s read_wait=0.171s bind_upload=1.641s attention_resident=5.573s expert_read_prefetch=55.861s expert_demand_read=34.146s expert_plan=2.950s expert_hint=0.000s expert_submit=0.000s expert_kernel=41.420s source_fence=0.000s tail_head_sync=0.781s layer_other=0.123s expert_read_gross=52.910s plan_hint=2.866s plan_sched=0.082s attn_total=5.562s attn_encode=2.291s attn_wait=2.419s attn_drain=0.853s kernel_total=20.718s kernel_host=0.738s kernel_wait=2.611s kernel_drain=17.370s
[attn-split] single: calls=4929 total=3.745s encode=1.691s wait=1.201s drain=0.853s waits=8533 untimed=1387 | wide: calls=93 total=1.818s encode=0.600s wait=1.218s drain=0.000s waits=92 untimed=92 | hint: calls=4968 total=2.864s encode=0.012s wait=2.851s drain=0.000s waits=4823 untimed=4823
[kernel-split] single: calls=5252 total=17.880s encode=0.528s wait=0.209s drain=17.143s waits=5637 untimed=4437 | wide: calls=467 total=2.838s encode=0.210s wait=2.401s drain=0.227s waits=467 untimed=0
[kernel-sub] materialize=0.076s moe=3.053s precommit=17.212s rest=0.376s
[metal-cache] calls=8098 zero_copy_wraps=231 copies=0 cache_entries=112 bindless=true
,
[stats] generated=55 elapsed=107.172s speed=0.5132 token/s (1.949 s/token) chunks=55 committed_rows=85 verify_tx=0 drafts=0/0 layer_passes=5115 expert_rows=7820 expert_tiles=5441
[opens] expert file opens=210152 total=3.101s mean=0.015ms requested_bytes=2373219105984 (2373.2 GB)
[arrival] tiles=527 waves=904 uncovered_wait=20.700s dispatch=3.250s
[retain] enabled=false cap_gb=8 layers=63..=92 consults=0 wanted=0 hits=0 inserts=0 served=0.0MB
[summer] enabled=false cap_gb=8 sample=16 consults=0 wanted=0 hits=0 hit_rate=0.0% misses=0 inserts=0 evictions=0 recycled=0 allocs=0 pin_skips=0 gated=0 ramp=2..50 bar=0 suppressed=0 wide_skips=0 served=0.0MB copied=0.0MB ssd_avoided=0.0GB live=0/0.0GB model=0 protected=0 declined=0 topup_suppressed=0 aged=0 into=0/0/0 pending=0
[mirror-split] internal=0 K3C=0 K3B=0 K3A=0  shares=0%/0%/0%/0%
[phases] mono=392730.047874 chunks=55 sequence=107.119s read_wait=0.171s bind_upload=1.641s attention_resident=5.640s expert_read_prefetch=56.937s expert_demand_read=34.776s expert_plan=3.011s expert_hint=0.000s expert_submit=0.000s expert_kernel=41.768s source_fence=0.000s tail_head_sync=0.796s layer_other=0.125s expert_read_gross=53.926s plan_hint=2.926s plan_sched=0.084s attn_total=5.629s attn_encode=2.317s attn_wait=2.442s attn_drain=0.870s kernel_total=21.049s kernel_host=0.749s kernel_wait=2.615s kernel_drain=17.685s
[attn-split] single: calls=5022 total=3.811s encode=1.717s wait=1.224s drain=0.870s waits=8694 untimed=1409 | wide: calls=93 total=1.818s encode=0.600s wait=1.218s drain=0.000s waits=92 untimed=92 | hint: calls=5060 total=2.923s encode=0.013s wait=2.911s drain=0.000s waits=4914 untimed=4914
[kernel-split] single: calls=5351 total=18.211s encode=0.539s wait=0.213s drain=17.459s waits=5744 untimed=4513 | wide: calls=467 total=2.838s encode=0.210s wait=2.401s drain=0.227s waits=467 untimed=0
[kernel-sub] materialize=0.076s moe=3.060s precommit=17.529s rest=0.383s
[metal-cache] calls=8197 zero_copy_wraps=231 copies=0 cache_entries=112 bindless=true
 it
[stats] generated=56 elapsed=108.708s speed=0.5151 token/s (1.941 s/token) chunks=56 committed_rows=86 verify_tx=0 drafts=0/0 layer_passes=5208 expert_rows=7912 expert_tiles=5533
[opens] expert file opens=214031 total=3.156s mean=0.015ms requested_bytes=2407208221888 (2407.2 GB)
[arrival] tiles=528 waves=912 uncovered_wait=20.714s dispatch=3.257s
[retain] enabled=false cap_gb=8 layers=63..=92 consults=0 wanted=0 hits=0 inserts=0 served=0.0MB
[summer] enabled=false cap_gb=8 sample=16 consults=0 wanted=0 hits=0 hit_rate=0.0% misses=0 inserts=0 evictions=0 recycled=0 allocs=0 pin_skips=0 gated=0 ramp=2..50 bar=0 suppressed=0 wide_skips=0 served=0.0MB copied=0.0MB ssd_avoided=0.0GB live=0/0.0GB model=0 protected=0 declined=0 topup_suppressed=0 aged=0 into=0/0/0 pending=0
[mirror-split] internal=0 K3C=0 K3B=0 K3A=0  shares=0%/0%/0%/0%
[phases] mono=392731.583836 chunks=56 sequence=108.654s read_wait=0.171s bind_upload=1.641s attention_resident=5.713s expert_read_prefetch=58.026s expert_demand_read=35.446s expert_plan=3.073s expert_hint=0.000s expert_submit=0.000s expert_kernel=42.127s source_fence=0.000s tail_head_sync=0.809s layer_other=0.127s expert_read_gross=54.953s plan_hint=2.987s plan_sched=0.085s attn_total=5.701s attn_encode=2.346s attn_wait=2.468s attn_drain=0.887s kernel_total=21.393s kernel_host=0.761s kernel_wait=2.619s kernel_drain=18.014s
[attn-split] single: calls=5115 total=3.884s encode=1.747s wait=1.250s drain=0.887s waits=8855 untimed=1433 | wide: calls=93 total=1.818s encode=0.600s wait=1.218s drain=0.000s waits=92 untimed=92 | hint: calls=5152 total=2.984s encode=0.013s wait=2.971s drain=0.000s waits=5005 untimed=5005
[kernel-split] single: calls=5450 total=18.556s encode=0.551s wait=0.217s drain=17.787s waits=5851 untimed=4602 | wide: calls=467 total=2.838s encode=0.210s wait=2.401s drain=0.227s waits=467 untimed=0
[kernel-sub] materialize=0.076s moe=3.067s precommit=17.859s rest=0.390s
[metal-cache] calls=8296 zero_copy_wraps=231 copies=0 cache_entries=112 bindless=true
 heats
[stats] generated=57 elapsed=110.255s speed=0.5170 token/s (1.934 s/token) chunks=57 committed_rows=87 verify_tx=0 drafts=0/0 layer_passes=5301 expert_rows=8004 expert_tiles=5625
[opens] expert file opens=217884 total=3.220s mean=0.015ms requested_bytes=2441013083328 (2441.0 GB)
[arrival] tiles=529 waves=920 uncovered_wait=20.726s dispatch=3.265s
[retain] enabled=false cap_gb=8 layers=63..=92 consults=0 wanted=0 hits=0 inserts=0 served=0.0MB
[summer] enabled=false cap_gb=8 sample=16 consults=0 wanted=0 hits=0 hit_rate=0.0% misses=0 inserts=0 evictions=0 recycled=0 allocs=0 pin_skips=0 gated=0 ramp=2..50 bar=0 suppressed=0 wide_skips=0 served=0.0MB copied=0.0MB ssd_avoided=0.0GB live=0/0.0GB model=0 protected=0 declined=0 topup_suppressed=0 aged=0 into=0/0/0 pending=0
[mirror-split] internal=0 K3C=0 K3B=0 K3A=0  shares=0%/0%/0%/0%
[phases] mono=392733.130894 chunks=57 sequence=110.200s read_wait=0.171s bind_upload=1.641s attention_resident=5.791s expert_read_prefetch=59.106s expert_demand_read=36.095s expert_plan=3.132s expert_hint=0.000s expert_submit=0.000s expert_kernel=42.498s source_fence=0.000s tail_head_sync=0.823s layer_other=0.129s expert_read_gross=55.974s plan_hint=3.044s plan_sched=0.086s attn_total=5.779s attn_encode=2.377s attn_wait=2.497s attn_drain=0.905s kernel_total=21.752s kernel_host=0.773s kernel_wait=2.622s kernel_drain=18.357s
[attn-split] single: calls=5208 total=3.962s encode=1.778s wait=1.279s drain=0.905s waits=9016 untimed=1453 | wide: calls=93 total=1.818s encode=0.600s wait=1.218s drain=0.000s waits=92 untimed=92 | hint: calls=5244 total=3.041s encode=0.013s wait=3.028s drain=0.000s waits=5096 untimed=5096
[kernel-split] single: calls=5549 total=18.915s encode=0.563s wait=0.221s drain=18.131s waits=5958 untimed=4690 | wide: calls=467 total=2.838s encode=0.210s wait=2.401s drain=0.227s waits=467 untimed=0
[kernel-sub] materialize=0.076s moe=3.075s precommit=18.204s rest=0.397s
[metal-cache] calls=8395 zero_copy_wraps=231 copies=0 cache_entries=112 bindless=true
 the
[stats] generated=58 elapsed=111.707s speed=0.5192 token/s (1.926 s/token) chunks=58 committed_rows=88 verify_tx=0 drafts=0/0 layer_passes=5394 expert_rows=8096 expert_tiles=5717
[opens] expert file opens=221614 total=3.273s mean=0.015ms requested_bytes=2473765108928 (2473.8 GB)
[arrival] tiles=530 waves=928 uncovered_wait=20.741s dispatch=3.273s
[retain] enabled=false cap_gb=8 layers=63..=92 consults=0 wanted=0 hits=0 inserts=0 served=0.0MB
[summer] enabled=false cap_gb=8 sample=16 consults=0 wanted=0 hits=0 hit_rate=0.0% misses=0 inserts=0 evictions=0 recycled=0 allocs=0 pin_skips=0 gated=0 ramp=2..50 bar=0 suppressed=0 wide_skips=0 served=0.0MB copied=0.0MB ssd_avoided=0.0GB live=0/0.0GB model=0 protected=0 declined=0 topup_suppressed=0 aged=0 into=0/0/0 pending=0
[mirror-split] internal=0 K3C=0 K3B=0 K3A=0  shares=0%/0%/0%/0%
[phases] mono=392734.583310 chunks=58 sequence=111.652s read_wait=0.171s bind_upload=1.641s attention_resident=5.870s expert_read_prefetch=60.122s expert_demand_read=36.729s expert_plan=3.182s expert_hint=0.000s expert_submit=0.000s expert_kernel=42.836s source_fence=0.000s tail_head_sync=0.841s layer_other=0.130s expert_read_gross=56.939s plan_hint=3.094s plan_sched=0.087s attn_total=5.858s attn_encode=2.422s attn_wait=2.518s attn_drain=0.918s kernel_total=22.074s kernel_host=0.785s kernel_wait=2.627s kernel_drain=18.662s
[attn-split] single: calls=5301 total=4.040s encode=1.822s wait=1.300s drain=0.918s waits=9177 untimed=1478 | wide: calls=93 total=1.818s encode=0.600s wait=1.218s drain=0.000s waits=92 untimed=92 | hint: calls=5336 total=3.091s encode=0.014s wait=3.077s drain=0.000s waits=5187 untimed=5187
[kernel-split] single: calls=5648 total=19.237s encode=0.575s wait=0.226s drain=18.436s waits=6065 untimed=4773 | wide: calls=467 total=2.838s encode=0.210s wait=2.401s drain=0.227s waits=467 untimed=0
[kernel-sub] materialize=0.076s moe=3.083s precommit=18.511s rest=0.403s
[metal-cache] calls=8494 zero_copy_wraps=231 copies=0 cache_entries=112 bindless=true
 water
[stats] generated=59 elapsed=113.343s speed=0.5205 token/s (1.921 s/token) chunks=59 committed_rows=89 verify_tx=0 drafts=0/0 layer_passes=5487 expert_rows=8188 expert_tiles=5809
[opens] expert file opens=225613 total=3.808s mean=0.017ms requested_bytes=2508842155200 (2508.8 GB)
[arrival] tiles=531 waves=936 uncovered_wait=20.755s dispatch=3.281s
[retain] enabled=false cap_gb=8 layers=63..=92 consults=0 wanted=0 hits=0 inserts=0 served=0.0MB
[summer] enabled=false cap_gb=8 sample=16 consults=0 wanted=0 hits=0 hit_rate=0.0% misses=0 inserts=0 evictions=0 recycled=0 allocs=0 pin_skips=0 gated=0 ramp=2..50 bar=0 suppressed=0 wide_skips=0 served=0.0MB copied=0.0MB ssd_avoided=0.0GB live=0/0.0GB model=0 protected=0 declined=0 topup_suppressed=0 aged=0 into=0/0/0 pending=0
[mirror-split] internal=0 K3C=0 K3B=0 K3A=0  shares=0%/0%/0%/0%
[phases] mono=392736.219244 chunks=59 sequence=113.287s read_wait=0.171s bind_upload=1.641s attention_resident=5.927s expert_read_prefetch=61.327s expert_demand_read=37.375s expert_plan=3.237s expert_hint=0.000s expert_submit=0.000s expert_kernel=43.193s source_fence=0.000s tail_head_sync=0.855s layer_other=0.132s expert_read_gross=58.090s plan_hint=3.147s plan_sched=0.088s attn_total=5.915s attn_encode=2.446s attn_wait=2.540s attn_drain=0.929s kernel_total=22.417s kernel_host=0.797s kernel_wait=2.631s kernel_drain=18.988s
[attn-split] single: calls=5394 total=4.098s encode=1.847s wait=1.322s drain=0.929s waits=9338 untimed=1501 | wide: calls=93 total=1.818s encode=0.600s wait=1.218s drain=0.000s waits=92 untimed=92 | hint: calls=5428 total=3.144s encode=0.014s wait=3.130s drain=0.000s waits=5278 untimed=5278
[kernel-split] single: calls=5747 total=19.579s encode=0.587s wait=0.230s drain=18.762s waits=6172 untimed=4861 | wide: calls=467 total=2.838s encode=0.210s wait=2.401s drain=0.227s waits=467 untimed=0
[kernel-sub] materialize=0.076s moe=3.091s precommit=18.839s rest=0.411s
[metal-cache] calls=8593 zero_copy_wraps=231 copies=0 cache_entries=112 bindless=true
 up
[stats] generated=60 elapsed=114.878s speed=0.5223 token/s (1.915 s/token) chunks=60 committed_rows=90 verify_tx=0 drafts=0/0 layer_passes=5580 expert_rows=8280 expert_tiles=5901
[opens] expert file opens=229488 total=3.874s mean=0.017ms requested_bytes=2542813723840 (2542.8 GB)
[arrival] tiles=532 waves=944 uncovered_wait=20.774s dispatch=3.290s
[retain] enabled=false cap_gb=8 layers=63..=92 consults=0 wanted=0 hits=0 inserts=0 served=0.0MB
[summer] enabled=false cap_gb=8 sample=16 consults=0 wanted=0 hits=0 hit_rate=0.0% misses=0 inserts=0 evictions=0 recycled=0 allocs=0 pin_skips=0 gated=0 ramp=2..50 bar=0 suppressed=0 wide_skips=0 served=0.0MB copied=0.0MB ssd_avoided=0.0GB live=0/0.0GB model=0 protected=0 declined=0 topup_suppressed=0 aged=0 into=0/0/0 pending=0
[mirror-split] internal=0 K3C=0 K3B=0 K3A=0  shares=0%/0%/0%/0%
[phases] mono=392737.754264 chunks=60 sequence=114.820s read_wait=0.171s bind_upload=1.641s attention_resident=5.998s expert_read_prefetch=62.428s expert_demand_read=38.047s expert_plan=3.281s expert_hint=0.000s expert_submit=0.000s expert_kernel=43.538s source_fence=0.000s tail_head_sync=0.869s layer_other=0.134s expert_read_gross=59.147s plan_hint=3.191s plan_sched=0.089s attn_total=5.986s attn_encode=2.473s attn_wait=2.565s attn_drain=0.948s kernel_total=22.743s kernel_host=0.809s kernel_wait=2.637s kernel_drain=19.297s
[attn-split] single: calls=5487 total=4.168s encode=1.873s wait=1.348s drain=0.948s waits=9499 untimed=1525 | wide: calls=93 total=1.818s encode=0.600s wait=1.218s drain=0.000s waits=92 untimed=92 | hint: calls=5520 total=3.187s encode=0.014s wait=3.173s drain=0.000s waits=5369 untimed=5369
[kernel-split] single: calls=5846 total=19.905s encode=0.599s wait=0.236s drain=19.070s waits=6279 untimed=4948 | wide: calls=467 total=2.838s encode=0.210s wait=2.401s drain=0.227s waits=467 untimed=0
[kernel-sub] materialize=0.076s moe=3.100s precommit=19.149s rest=0.418s
[metal-cache] calls=8692 zero_copy_wraps=231 copies=0 cache_entries=112 bindless=true
.
[stats] generated=61 elapsed=116.408s speed=0.5240 token/s (1.908 s/token) chunks=61 committed_rows=91 verify_tx=0 drafts=0/0 layer_passes=5673 expert_rows=8372 expert_tiles=5993
[opens] expert file opens=233395 total=3.941s mean=0.017ms requested_bytes=2577074830528 (2577.1 GB)
[arrival] tiles=533 waves=952 uncovered_wait=20.784s dispatch=3.297s
[retain] enabled=false cap_gb=8 layers=63..=92 consults=0 wanted=0 hits=0 inserts=0 served=0.0MB
[summer] enabled=false cap_gb=8 sample=16 consults=0 wanted=0 hits=0 hit_rate=0.0% misses=0 inserts=0 evictions=0 recycled=0 allocs=0 pin_skips=0 gated=0 ramp=2..50 bar=0 suppressed=0 wide_skips=0 served=0.0MB copied=0.0MB ssd_avoided=0.0GB live=0/0.0GB model=0 protected=0 declined=0 topup_suppressed=0 aged=0 into=0/0/0 pending=0
[mirror-split] internal=0 K3C=0 K3B=0 K3A=0  shares=0%/0%/0%/0%
[phases] mono=392739.284452 chunks=61 sequence=116.350s read_wait=0.171s bind_upload=1.641s attention_resident=6.068s expert_read_prefetch=63.524s expert_demand_read=38.715s expert_plan=3.337s expert_hint=0.000s expert_submit=0.000s expert_kernel=43.885s source_fence=0.000s tail_head_sync=0.884s layer_other=0.136s expert_read_gross=60.187s plan_hint=3.245s plan_sched=0.091s attn_total=6.055s attn_encode=2.501s attn_wait=2.588s attn_drain=0.967s kernel_total=23.080s kernel_host=0.821s kernel_wait=2.640s kernel_drain=19.618s
[attn-split] single: calls=5580 total=4.238s encode=1.901s wait=1.370s drain=0.967s waits=9660 untimed=1546 | wide: calls=93 total=1.818s encode=0.600s wait=1.218s drain=0.000s waits=92 untimed=92 | hint: calls=5612 total=3.241s encode=0.014s wait=3.227s drain=0.000s waits=5460 untimed=5460
[kernel-split] single: calls=5945 total=20.242s encode=0.611s wait=0.239s drain=19.391s waits=6386 untimed=5032 | wide: calls=467 total=2.838s encode=0.210s wait=2.401s drain=0.227s waits=467 untimed=0
[kernel-sub] materialize=0.076s moe=3.106s precommit=19.472s rest=0.425s
[metal-cache] calls=8791 zero_copy_wraps=231 copies=0 cache_entries=112 bindless=true
 The
[stats] generated=62 elapsed=117.962s speed=0.5256 token/s (1.903 s/token) chunks=62 committed_rows=92 verify_tx=0 drafts=0/0 layer_passes=5766 expert_rows=8464 expert_tiles=6085
[opens] expert file opens=237317 total=4.004s mean=0.017ms requested_bytes=2611467517120 (2611.5 GB)
[arrival] tiles=534 waves=960 uncovered_wait=20.797s dispatch=3.304s
[retain] enabled=false cap_gb=8 layers=63..=92 consults=0 wanted=0 hits=0 inserts=0 served=0.0MB
[summer] enabled=false cap_gb=8 sample=16 consults=0 wanted=0 hits=0 hit_rate=0.0% misses=0 inserts=0 evictions=0 recycled=0 allocs=0 pin_skips=0 gated=0 ramp=2..50 bar=0 suppressed=0 wide_skips=0 served=0.0MB copied=0.0MB ssd_avoided=0.0GB live=0/0.0GB model=0 protected=0 declined=0 topup_suppressed=0 aged=0 into=0/0/0 pending=0
[mirror-split] internal=0 K3C=0 K3B=0 K3A=0  shares=0%/0%/0%/0%
[phases] mono=392740.837861 chunks=62 sequence=117.902s read_wait=0.171s bind_upload=1.641s attention_resident=6.152s expert_read_prefetch=64.631s expert_demand_read=39.358s expert_plan=3.396s expert_hint=0.000s expert_submit=0.000s expert_kernel=44.231s source_fence=0.000s tail_head_sync=0.897s layer_other=0.138s expert_read_gross=61.234s plan_hint=3.303s plan_sched=0.092s attn_total=6.139s attn_encode=2.545s attn_wait=2.615s attn_drain=0.979s kernel_total=23.412s kernel_host=0.833s kernel_wait=2.644s kernel_drain=19.936s
[attn-split] single: calls=5673 total=4.321s encode=1.946s wait=1.397s drain=0.979s waits=9821 untimed=1573 | wide: calls=93 total=1.818s encode=0.600s wait=1.218s drain=0.000s waits=92 untimed=92 | hint: calls=5704 total=3.300s encode=0.015s wait=3.285s drain=0.000s waits=5551 untimed=5551
[kernel-split] single: calls=6044 total=20.575s encode=0.623s wait=0.243s drain=19.709s waits=6493 untimed=5113 | wide: calls=467 total=2.838s encode=0.210s wait=2.401s drain=0.227s waits=467 untimed=0
[kernel-sub] materialize=0.076s moe=3.114s precommit=19.791s rest=0.431s
[metal-cache] calls=8890 zero_copy_wraps=231 copies=0 cache_entries=112 bindless=true
 water
[stats] generated=63 elapsed=119.435s speed=0.5275 token/s (1.896 s/token) chunks=63 committed_rows=93 verify_tx=0 drafts=0/0 layer_passes=5859 expert_rows=8556 expert_tiles=6177
[opens] expert file opens=241247 total=4.060s mean=0.017ms requested_bytes=2645904129216 (2645.9 GB)
[arrival] tiles=535 waves=967 uncovered_wait=20.812s dispatch=3.311s
[retain] enabled=false cap_gb=8 layers=63..=92 consults=0 wanted=0 hits=0 inserts=0 served=0.0MB
[summer] enabled=false cap_gb=8 sample=16 consults=0 wanted=0 hits=0 hit_rate=0.0% misses=0 inserts=0 evictions=0 recycled=0 allocs=0 pin_skips=0 gated=0 ramp=2..50 bar=0 suppressed=0 wide_skips=0 served=0.0MB copied=0.0MB ssd_avoided=0.0GB live=0/0.0GB model=0 protected=0 declined=0 topup_suppressed=0 aged=0 into=0/0/0 pending=0
[mirror-split] internal=0 K3C=0 K3B=0 K3A=0  shares=0%/0%/0%/0%
[phases] mono=392742.311469 chunks=63 sequence=119.374s read_wait=0.171s bind_upload=1.641s attention_resident=6.213s expert_read_prefetch=65.677s expert_demand_read=39.997s expert_plan=3.450s expert_hint=0.000s expert_submit=0.000s expert_kernel=44.581s source_fence=0.000s tail_head_sync=0.910s layer_other=0.139s expert_read_gross=62.226s plan_hint=3.356s plan_sched=0.093s attn_total=6.200s attn_encode=2.572s attn_wait=2.634s attn_drain=0.994s kernel_total=23.747s kernel_host=0.844s kernel_wait=2.648s kernel_drain=20.255s
[attn-split] single: calls=5766 total=4.383s encode=1.973s wait=1.416s drain=0.994s waits=9982 untimed=1601 | wide: calls=93 total=1.818s encode=0.600s wait=1.218s drain=0.000s waits=92 untimed=92 | hint: calls=5796 total=3.353s encode=0.015s wait=3.338s drain=0.000s waits=5642 untimed=5642
[kernel-split] single: calls=6142 total=20.909s encode=0.634s wait=0.247s drain=20.028s waits=6598 untimed=5199 | wide: calls=467 total=2.838s encode=0.210s wait=2.401s drain=0.227s waits=467 untimed=0
[kernel-sub] materialize=0.076s moe=3.120s precommit=20.112s rest=0.438s
[metal-cache] calls=8988 zero_copy_wraps=231 copies=0 cache_entries=112 bindless=true
[route-chain] chained=4140
[route-chain] dedup_hits=4140
 turns
[stats] generated=64 elapsed=120.925s speed=0.5293 token/s (1.889 s/token) chunks=64 committed_rows=94 verify_tx=0 drafts=0/0 layer_passes=5952 expert_rows=8648 expert_tiles=6269
[opens] expert file opens=245096 total=4.123s mean=0.017ms requested_bytes=2679647567040 (2679.6 GB)
[arrival] tiles=536 waves=975 uncovered_wait=20.826s dispatch=3.319s
[retain] enabled=false cap_gb=8 layers=63..=92 consults=0 wanted=0 hits=0 inserts=0 served=0.0MB
[summer] enabled=false cap_gb=8 sample=16 consults=0 wanted=0 hits=0 hit_rate=0.0% misses=0 inserts=0 evictions=0 recycled=0 allocs=0 pin_skips=0 gated=0 ramp=2..50 bar=0 suppressed=0 wide_skips=0 served=0.0MB copied=0.0MB ssd_avoided=0.0GB live=0/0.0GB model=0 protected=0 declined=0 topup_suppressed=0 aged=0 into=0/0/0 pending=0
[mirror-split] internal=0 K3C=0 K3B=0 K3A=0  shares=0%/0%/0%/0%
[phases] mono=392743.801735 chunks=64 sequence=120.850s read_wait=0.171s bind_upload=1.641s attention_resident=6.282s expert_read_prefetch=66.720s expert_demand_read=40.598s expert_plan=3.514s expert_hint=0.000s expert_submit=0.000s expert_kernel=44.930s source_fence=0.000s tail_head_sync=0.924s layer_other=0.141s expert_read_gross=63.206s plan_hint=3.418s plan_sched=0.094s attn_total=6.268s attn_encode=2.604s attn_wait=2.652s attn_drain=1.012s kernel_total=24.082s kernel_host=0.855s kernel_wait=2.652s kernel_drain=20.574s
[attn-split] single: calls=5859 total=4.451s encode=2.005s wait=1.434s drain=1.012s waits=10143 untimed=1619 | wide: calls=93 total=1.818s encode=0.600s wait=1.218s drain=0.000s waits=92 untimed=92 | hint: calls=5888 total=3.415s encode=0.015s wait=3.400s drain=0.000s waits=5733 untimed=5733
[kernel-split] single: calls=6241 total=21.244s encode=0.646s wait=0.251s drain=20.347s waits=6705 untimed=5286 | wide: calls=467 total=2.838s encode=0.210s wait=2.401s drain=0.227s waits=467 untimed=0
[kernel-sub] materialize=0.076s moe=3.128s precommit=20.433s rest=0.444s
[metal-cache] calls=9087 zero_copy_wraps=231 copies=0 cache_entries=112 bindless=true
 into
[stats] generated=65 elapsed=122.445s speed=0.5309 token/s (1.884 s/token) chunks=65 committed_rows=95 verify_tx=0 drafts=0/0 layer_passes=6045 expert_rows=8740 expert_tiles=6361
[opens] expert file opens=248915 total=4.179s mean=0.017ms requested_bytes=2713154141376 (2713.2 GB)
[arrival] tiles=537 waves=983 uncovered_wait=20.840s dispatch=3.327s
[retain] enabled=false cap_gb=8 layers=63..=92 consults=0 wanted=0 hits=0 inserts=0 served=0.0MB
[summer] enabled=false cap_gb=8 sample=16 consults=0 wanted=0 hits=0 hit_rate=0.0% misses=0 inserts=0 evictions=0 recycled=0 allocs=0 pin_skips=0 gated=0 ramp=2..50 bar=0 suppressed=0 wide_skips=0 served=0.0MB copied=0.0MB ssd_avoided=0.0GB live=0/0.0GB model=0 protected=0 declined=0 topup_suppressed=0 aged=0 into=0/0/0 pending=0
[mirror-split] internal=0 K3C=0 K3B=0 K3A=0  shares=0%/0%/0%/0%
[phases] mono=392745.320943 chunks=65 sequence=122.368s read_wait=0.171s bind_upload=1.641s attention_resident=6.355s expert_read_prefetch=67.804s expert_demand_read=41.260s expert_plan=3.571s expert_hint=0.000s expert_submit=0.001s expert_kernel=45.275s source_fence=0.000s tail_head_sync=0.937s layer_other=0.143s expert_read_gross=64.232s plan_hint=3.475s plan_sched=0.095s attn_total=6.342s attn_encode=2.641s attn_wait=2.675s attn_drain=1.026s kernel_total=24.412s kernel_host=0.866s kernel_wait=2.657s kernel_drain=20.888s
[attn-split] single: calls=5952 total=4.524s encode=2.041s wait=1.457s drain=1.026s waits=10304 untimed=1642 | wide: calls=93 total=1.818s encode=0.600s wait=1.218s drain=0.000s waits=92 untimed=92 | hint: calls=5980 total=3.471s encode=0.015s wait=3.456s drain=0.000s waits=5824 untimed=5824
[kernel-split] single: calls=6340 total=21.574s encode=0.657s wait=0.256s drain=20.662s waits=6812 untimed=5373 | wide: calls=467 total=2.838s encode=0.210s wait=2.401s drain=0.227s waits=467 untimed=0
[kernel-sub] materialize=0.076s moe=3.136s precommit=20.749s rest=0.451s
[metal-cache] calls=9186 zero_copy_wraps=231 copies=0 cache_entries=112 bindless=true
 an
[stats] generated=66 elapsed=123.915s speed=0.5326 token/s (1.877 s/token) chunks=66 committed_rows=96 verify_tx=0 drafts=0/0 layer_passes=6138 expert_rows=8832 expert_tiles=6453
[opens] expert file opens=252740 total=4.240s mean=0.017ms requested_bytes=2746713324736 (2746.7 GB)
[arrival] tiles=538 waves=991 uncovered_wait=20.855s dispatch=3.334s
[retain] enabled=false cap_gb=8 layers=63..=92 consults=0 wanted=0 hits=0 inserts=0 served=0.0MB
[summer] enabled=false cap_gb=8 sample=16 consults=0 wanted=0 hits=0 hit_rate=0.0% misses=0 inserts=0 evictions=0 recycled=0 allocs=0 pin_skips=0 gated=0 ramp=2..50 bar=0 suppressed=0 wide_skips=0 served=0.0MB copied=0.0MB ssd_avoided=0.0GB live=0/0.0GB model=0 protected=0 declined=0 topup_suppressed=0 aged=0 into=0/0/0 pending=0
[mirror-split] internal=0 K3C=0 K3B=0 K3A=0  shares=0%/0%/0%/0%
[phases] mono=392746.790600 chunks=66 sequence=123.836s read_wait=0.171s bind_upload=1.641s attention_resident=6.435s expert_read_prefetch=68.837s expert_demand_read=41.867s expert_plan=3.620s expert_hint=0.000s expert_submit=0.001s expert_kernel=45.616s source_fence=0.000s tail_head_sync=0.950s layer_other=0.144s expert_read_gross=65.217s plan_hint=3.522s plan_sched=0.096s attn_total=6.421s attn_encode=2.681s attn_wait=2.694s attn_drain=1.046s kernel_total=24.738s kernel_host=0.878s kernel_wait=2.661s kernel_drain=21.199s
[attn-split] single: calls=6045 total=4.603s encode=2.081s wait=1.476s drain=1.046s waits=10465 untimed=1666 | wide: calls=93 total=1.818s encode=0.600s wait=1.218s drain=0.000s waits=92 untimed=92 | hint: calls=6072 total=3.518s encode=0.016s wait=3.503s drain=0.000s waits=5915 untimed=5915
[kernel-split] single: calls=6439 total=21.900s encode=0.668s wait=0.260s drain=20.972s waits=6919 untimed=5456 | wide: calls=467 total=2.838s encode=0.210s wait=2.401s drain=0.227s waits=467 untimed=0
[kernel-sub] materialize=0.076s moe=3.143s precommit=21.061s rest=0.457s
[metal-cache] calls=9285 zero_copy_wraps=231 copies=0 cache_entries=112 bindless=true
 invisible
[stats] generated=67 elapsed=125.442s speed=0.5341 token/s (1.872 s/token) chunks=67 committed_rows=97 verify_tx=0 drafts=0/0 layer_passes=6231 expert_rows=8924 expert_tiles=6545
[opens] expert file opens=256704 total=4.304s mean=0.017ms requested_bytes=2781448207552 (2781.4 GB)
[arrival] tiles=539 waves=997 uncovered_wait=20.865s dispatch=3.340s
[retain] enabled=false cap_gb=8 layers=63..=92 consults=0 wanted=0 hits=0 inserts=0 served=0.0MB
[summer] enabled=false cap_gb=8 sample=16 consults=0 wanted=0 hits=0 hit_rate=0.0% misses=0 inserts=0 evictions=0 recycled=0 allocs=0 pin_skips=0 gated=0 ramp=2..50 bar=0 suppressed=0 wide_skips=0 served=0.0MB copied=0.0MB ssd_avoided=0.0GB live=0/0.0GB model=0 protected=0 declined=0 topup_suppressed=0 aged=0 into=0/0/0 pending=0
[mirror-split] internal=0 K3C=0 K3B=0 K3A=0  shares=0%/0%/0%/0%
[phases] mono=392748.318167 chunks=67 sequence=125.363s read_wait=0.171s bind_upload=1.641s attention_resident=6.502s expert_read_prefetch=69.930s expert_demand_read=42.549s expert_plan=3.677s expert_hint=0.000s expert_submit=0.001s expert_kernel=45.964s source_fence=0.000s tail_head_sync=0.967s layer_other=0.147s expert_read_gross=66.252s plan_hint=3.578s plan_sched=0.098s attn_total=6.488s attn_encode=2.713s attn_wait=2.712s attn_drain=1.064s kernel_total=25.075s kernel_host=0.890s kernel_wait=2.665s kernel_drain=21.520s
[attn-split] single: calls=6138 total=4.671s encode=2.113s wait=1.494s drain=1.064s waits=10626 untimed=1683 | wide: calls=93 total=1.818s encode=0.600s wait=1.218s drain=0.000s waits=92 untimed=92 | hint: calls=6164 total=3.574s encode=0.016s wait=3.558s drain=0.000s waits=6006 untimed=6006
[kernel-split] single: calls=6536 total=22.237s encode=0.681s wait=0.263s drain=21.293s waits=7022 untimed=5538 | wide: calls=467 total=2.838s encode=0.210s wait=2.401s drain=0.227s waits=467 untimed=0
[kernel-sub] materialize=0.076s moe=3.149s precommit=21.385s rest=0.465s
[metal-cache] calls=9382 zero_copy_wraps=231 copies=0 cache_entries=112 bindless=true
 gas
[stats] generated=68 elapsed=126.969s speed=0.5356 token/s (1.867 s/token) chunks=68 committed_rows=98 verify_tx=0 drafts=0/0 layer_passes=6324 expert_rows=9016 expert_tiles=6637
[opens] expert file opens=260579 total=4.368s mean=0.017ms requested_bytes=2815472401600 (2815.5 GB)
[arrival] tiles=540 waves=1005 uncovered_wait=20.880s dispatch=3.349s
[retain] enabled=false cap_gb=8 layers=63..=92 consults=0 wanted=0 hits=0 inserts=0 served=0.0MB
[summer] enabled=false cap_gb=8 sample=16 consults=0 wanted=0 hits=0 hit_rate=0.0% misses=0 inserts=0 evictions=0 recycled=0 allocs=0 pin_skips=0 gated=0 ramp=2..50 bar=0 suppressed=0 wide_skips=0 served=0.0MB copied=0.0MB ssd_avoided=0.0GB live=0/0.0GB model=0 protected=0 declined=0 topup_suppressed=0 aged=0 into=0/0/0 pending=0
[mirror-split] internal=0 K3C=0 K3B=0 K3A=0  shares=0%/0%/0%/0%
[phases] mono=392749.844891 chunks=68 sequence=126.889s read_wait=0.171s bind_upload=1.641s attention_resident=6.566s expert_read_prefetch=71.003s expert_demand_read=43.194s expert_plan=3.735s expert_hint=0.000s expert_submit=0.001s expert_kernel=46.337s source_fence=0.000s tail_head_sync=0.980s layer_other=0.149s expert_read_gross=67.268s plan_hint=3.634s plan_sched=0.099s attn_total=6.552s attn_encode=2.741s attn_wait=2.732s attn_drain=1.078s kernel_total=25.433s kernel_host=0.903s kernel_wait=2.669s kernel_drain=21.861s
[attn-split] single: calls=6231 total=4.734s encode=2.142s wait=1.514s drain=1.078s waits=10787 untimed=1702 | wide: calls=93 total=1.818s encode=0.600s wait=1.218s drain=0.000s waits=92 untimed=92 | hint: calls=6256 total=3.630s encode=0.016s wait=3.614s drain=0.000s waits=6097 untimed=6097
[kernel-split] single: calls=6635 total=22.595s encode=0.693s wait=0.268s drain=21.634s waits=7129 untimed=5624 | wide: calls=467 total=2.838s encode=0.210s wait=2.401s drain=0.227s waits=467 untimed=0
[kernel-sub] materialize=0.076s moe=3.157s precommit=21.727s rest=0.472s
[metal-cache] calls=9481 zero_copy_wraps=231 copies=0 cache_entries=112 bindless=true
 called
[stats] generated=69 elapsed=128.486s speed=0.5370 token/s (1.862 s/token) chunks=69 committed_rows=99 verify_tx=0 drafts=0/0 layer_passes=6417 expert_rows=9108 expert_tiles=6729
[opens] expert file opens=264427 total=4.428s mean=0.017ms requested_bytes=2849189526720 (2849.2 GB)
[arrival] tiles=541 waves=1013 uncovered_wait=20.896s dispatch=3.356s
[retain] enabled=false cap_gb=8 layers=63..=92 consults=0 wanted=0 hits=0 inserts=0 served=0.0MB
[summer] enabled=false cap_gb=8 sample=16 consults=0 wanted=0 hits=0 hit_rate=0.0% misses=0 inserts=0 evictions=0 recycled=0 allocs=0 pin_skips=0 gated=0 ramp=2..50 bar=0 suppressed=0 wide_skips=0 served=0.0MB copied=0.0MB ssd_avoided=0.0GB live=0/0.0GB model=0 protected=0 declined=0 topup_suppressed=0 aged=0 into=0/0/0 pending=0
[mirror-split] internal=0 K3C=0 K3B=0 K3A=0  shares=0%/0%/0%/0%
[phases] mono=392751.362107 chunks=69 sequence=128.406s read_wait=0.171s bind_upload=1.641s attention_resident=6.630s expert_read_prefetch=72.095s expert_demand_read=43.851s expert_plan=3.802s expert_hint=0.000s expert_submit=0.001s expert_kernel=46.682s source_fence=0.000s tail_head_sync=0.994s layer_other=0.150s expert_read_gross=68.293s plan_hint=3.700s plan_sched=0.100s attn_total=6.615s attn_encode=2.767s attn_wait=2.758s attn_drain=1.090s kernel_total=25.761s kernel_host=0.914s kernel_wait=2.674s kernel_drain=22.174s
[attn-split] single: calls=6324 total=4.798s encode=2.168s wait=1.540s drain=1.090s waits=10948 untimed=1724 | wide: calls=93 total=1.818s encode=0.600s wait=1.218s drain=0.000s waits=92 untimed=92 | hint: calls=6348 total=3.696s encode=0.017s wait=3.680s drain=0.000s waits=6188 untimed=6188
[kernel-split] single: calls=6734 total=22.924s encode=0.704s wait=0.272s drain=21.947s waits=7236 untimed=5702 | wide: calls=467 total=2.838s encode=0.210s wait=2.401s drain=0.227s waits=467 untimed=0
[kernel-sub] materialize=0.076s moe=3.164s precommit=22.042s rest=0.478s
[metal-cache] calls=9580 zero_copy_wraps=231 copies=0 cache_entries=112 bindless=true
 water
[stats] generated=70 elapsed=130.047s speed=0.5383 token/s (1.858 s/token) chunks=70 committed_rows=100 verify_tx=0 drafts=0/0 layer_passes=6510 expert_rows=9200 expert_tiles=6821
[opens] expert file opens=268344 total=4.487s mean=0.017ms requested_bytes=2883512073408 (2883.5 GB)
[arrival] tiles=542 waves=1019 uncovered_wait=20.905s dispatch=3.363s
[retain] enabled=false cap_gb=8 layers=63..=92 consults=0 wanted=0 hits=0 inserts=0 served=0.0MB
[summer] enabled=false cap_gb=8 sample=16 consults=0 wanted=0 hits=0 hit_rate=0.0% misses=0 inserts=0 evictions=0 recycled=0 allocs=0 pin_skips=0 gated=0 ramp=2..50 bar=0 suppressed=0 wide_skips=0 served=0.0MB copied=0.0MB ssd_avoided=0.0GB live=0/0.0GB model=0 protected=0 declined=0 topup_suppressed=0 aged=0 into=0/0/0 pending=0
[mirror-split] internal=0 K3C=0 K3B=0 K3A=0  shares=0%/0%/0%/0%
[phases] mono=392752.923307 chunks=70 sequence=129.966s read_wait=0.171s bind_upload=1.641s attention_resident=6.711s expert_read_prefetch=73.223s expert_demand_read=44.536s expert_plan=3.858s expert_hint=0.000s expert_submit=0.001s expert_kernel=47.018s source_fence=0.000s tail_head_sync=1.008s layer_other=0.152s expert_read_gross=69.364s plan_hint=3.755s plan_sched=0.101s attn_total=6.696s attn_encode=2.803s attn_wait=2.793s attn_drain=1.100s kernel_total=26.088s kernel_host=0.925s kernel_wait=2.678s kernel_drain=22.485s
[attn-split] single: calls=6417 total=4.879s encode=2.203s wait=1.575s drain=1.100s waits=11109 untimed=1750 | wide: calls=93 total=1.818s encode=0.600s wait=1.218s drain=0.000s waits=92 untimed=92 | hint: calls=6440 total=3.751s encode=0.017s wait=3.735s drain=0.000s waits=6279 untimed=6279
[kernel-split] single: calls=6831 total=23.251s encode=0.716s wait=0.276s drain=22.259s waits=7339 untimed=5782 | wide: calls=467 total=2.838s encode=0.210s wait=2.401s drain=0.227s waits=467 untimed=0
[kernel-sub] materialize=0.076s moe=3.171s precommit=22.356s rest=0.485s
[metal-cache] calls=9677 zero_copy_wraps=231 copies=0 cache_entries=112 bindless=true
 vapor
[stats] generated=71 elapsed=131.545s speed=0.5397 token/s (1.853 s/token) chunks=71 committed_rows=101 verify_tx=0 drafts=0/0 layer_passes=6603 expert_rows=9292 expert_tiles=6913
[opens] expert file opens=272288 total=4.551s mean=0.017ms requested_bytes=2918106561728 (2918.1 GB)
[arrival] tiles=543 waves=1027 uncovered_wait=20.922s dispatch=3.371s
[retain] enabled=false cap_gb=8 layers=63..=92 consults=0 wanted=0 hits=0 inserts=0 served=0.0MB
[summer] enabled=false cap_gb=8 sample=16 consults=0 wanted=0 hits=0 hit_rate=0.0% misses=0 inserts=0 evictions=0 recycled=0 allocs=0 pin_skips=0 gated=0 ramp=2..50 bar=0 suppressed=0 wide_skips=0 served=0.0MB copied=0.0MB ssd_avoided=0.0GB live=0/0.0GB model=0 protected=0 declined=0 topup_suppressed=0 aged=0 into=0/0/0 pending=0
[mirror-split] internal=0 K3C=0 K3B=0 K3A=0  shares=0%/0%/0%/0%
[phases] mono=392754.421306 chunks=71 sequence=131.463s read_wait=0.171s bind_upload=1.641s attention_resident=6.779s expert_read_prefetch=74.291s expert_demand_read=45.160s expert_plan=3.923s expert_hint=0.000s expert_submit=0.001s expert_kernel=47.362s source_fence=0.000s tail_head_sync=1.022s layer_other=0.154s expert_read_gross=70.368s plan_hint=3.819s plan_sched=0.102s attn_total=6.764s attn_encode=2.835s attn_wait=2.819s attn_drain=1.110s kernel_total=26.414s kernel_host=0.937s kernel_wait=2.682s kernel_drain=22.795s
[attn-split] single: calls=6510 total=4.947s encode=2.235s wait=1.601s drain=1.110s waits=11270 untimed=1775 | wide: calls=93 total=1.818s encode=0.600s wait=1.218s drain=0.000s waits=92 untimed=92 | hint: calls=6532 total=3.815s encode=0.017s wait=3.798s drain=0.000s waits=6370 untimed=6370
[kernel-split] single: calls=6930 total=23.577s encode=0.728s wait=0.281s drain=22.569s waits=7446 untimed=5865 | wide: calls=467 total=2.838s encode=0.210s wait=2.401s drain=0.227s waits=467 untimed=0
[kernel-sub] materialize=0.076s moe=3.179s precommit=22.668s rest=0.492s
[metal-cache] calls=9776 zero_copy_wraps=231 copies=0 cache_entries=112 bindless=true
 and
[stats] generated=72 elapsed=133.018s speed=0.5413 token/s (1.847 s/token) chunks=72 committed_rows=102 verify_tx=0 drafts=0/0 layer_passes=6696 expert_rows=9384 expert_tiles=7005
[opens] expert file opens=276125 total=4.607s mean=0.017ms requested_bytes=2951735983296 (2951.7 GB)
[arrival] tiles=544 waves=1033 uncovered_wait=20.933s dispatch=3.376s
[retain] enabled=false cap_gb=8 layers=63..=92 consults=0 wanted=0 hits=0 inserts=0 served=0.0MB
[summer] enabled=false cap_gb=8 sample=16 consults=0 wanted=0 hits=0 hit_rate=0.0% misses=0 inserts=0 evictions=0 recycled=0 allocs=0 pin_skips=0 gated=0 ramp=2..50 bar=0 suppressed=0 wide_skips=0 served=0.0MB copied=0.0MB ssd_avoided=0.0GB live=0/0.0GB model=0 protected=0 declined=0 topup_suppressed=0 aged=0 into=0/0/0 pending=0
[mirror-split] internal=0 K3C=0 K3B=0 K3A=0  shares=0%/0%/0%/0%
[phases] mono=392755.893853 chunks=72 sequence=132.934s read_wait=0.171s bind_upload=1.641s attention_resident=6.849s expert_read_prefetch=75.339s expert_demand_read=45.777s expert_plan=3.986s expert_hint=0.000s expert_submit=0.001s expert_kernel=47.700s source_fence=0.000s tail_head_sync=1.035s layer_other=0.155s expert_read_gross=71.352s plan_hint=3.881s plan_sched=0.103s attn_total=6.834s attn_encode=2.863s attn_wait=2.842s attn_drain=1.129s kernel_total=26.742s kernel_host=0.948s kernel_wait=2.685s kernel_drain=23.109s
[attn-split] single: calls=6603 total=5.016s encode=2.263s wait=1.624s drain=1.129s waits=11431 untimed=1800 | wide: calls=93 total=1.818s encode=0.600s wait=1.218s drain=0.000s waits=92 untimed=92 | hint: calls=6624 total=3.877s encode=0.017s wait=3.860s drain=0.000s waits=6461 untimed=6461
[kernel-split] single: calls=7027 total=23.904s encode=0.739s wait=0.284s drain=22.882s waits=7549 untimed=5945 | wide: calls=467 total=2.838s encode=0.210s wait=2.401s drain=0.227s waits=467 untimed=0
[kernel-sub] materialize=0.076s moe=3.184s precommit=22.983s rest=0.498s
[metal-cache] calls=9873 zero_copy_wraps=231 copies=0 cache_entries=112 bindless=true
 floats
[stats] generated=73 elapsed=134.515s speed=0.5427 token/s (1.843 s/token) chunks=73 committed_rows=103 verify_tx=0 drafts=0/0 layer_passes=6789 expert_rows=9476 expert_tiles=7097
[opens] expert file opens=280022 total=4.672s mean=0.017ms requested_bytes=2985883024576 (2985.9 GB)
[arrival] tiles=545 waves=1040 uncovered_wait=20.945s dispatch=3.385s
[retain] enabled=false cap_gb=8 layers=63..=92 consults=0 wanted=0 hits=0 inserts=0 served=0.0MB
[summer] enabled=false cap_gb=8 sample=16 consults=0 wanted=0 hits=0 hit_rate=0.0% misses=0 inserts=0 evictions=0 recycled=0 allocs=0 pin_skips=0 gated=0 ramp=2..50 bar=0 suppressed=0 wide_skips=0 served=0.0MB copied=0.0MB ssd_avoided=0.0GB live=0/0.0GB model=0 protected=0 declined=0 topup_suppressed=0 aged=0 into=0/0/0 pending=0
[mirror-split] internal=0 K3C=0 K3B=0 K3A=0  shares=0%/0%/0%/0%
[phases] mono=392757.390658 chunks=73 sequence=134.430s read_wait=0.171s bind_upload=1.641s attention_resident=6.919s expert_read_prefetch=76.416s expert_demand_read=46.404s expert_plan=4.046s expert_hint=0.000s expert_submit=0.001s expert_kernel=48.033s source_fence=0.000s tail_head_sync=1.049s layer_other=0.157s expert_read_gross=72.369s plan_hint=3.940s plan_sched=0.105s attn_total=6.904s attn_encode=2.893s attn_wait=2.868s attn_drain=1.142s kernel_total=27.063s kernel_host=0.961s kernel_wait=2.690s kernel_drain=23.413s
[attn-split] single: calls=6696 total=5.086s encode=2.293s wait=1.650s drain=1.142s waits=11592 untimed=1826 | wide: calls=93 total=1.818s encode=0.600s wait=1.218s drain=0.000s waits=92 untimed=92 | hint: calls=6716 total=3.936s encode=0.018s wait=3.918s drain=0.000s waits=6552 untimed=6552
[kernel-split] single: calls=7125 total=24.225s encode=0.751s wait=0.288s drain=23.186s waits=7654 untimed=6032 | wide: calls=467 total=2.838s encode=0.210s wait=2.401s drain=0.227s waits=467 untimed=0
[kernel-sub] materialize=0.076s moe=3.193s precommit=23.288s rest=0.505s
[metal-cache] calls=9971 zero_copy_wraps=231 copies=0 cache_entries=112 bindless=true
 up
[stats] generated=74 elapsed=136.039s speed=0.5440 token/s (1.838 s/token) chunks=74 committed_rows=104 verify_tx=0 drafts=0/0 layer_passes=6882 expert_rows=9568 expert_tiles=7189
[opens] expert file opens=283856 total=4.732s mean=0.017ms requested_bytes=3019512396992 (3019.5 GB)
[arrival] tiles=546 waves=1047 uncovered_wait=20.956s dispatch=3.393s
[retain] enabled=false cap_gb=8 layers=63..=92 consults=0 wanted=0 hits=0 inserts=0 served=0.0MB
[summer] enabled=false cap_gb=8 sample=16 consults=0 wanted=0 hits=0 hit_rate=0.0% misses=0 inserts=0 evictions=0 recycled=0 allocs=0 pin_skips=0 gated=0 ramp=2..50 bar=0 suppressed=0 wide_skips=0 served=0.0MB copied=0.0MB ssd_avoided=0.0GB live=0/0.0GB model=0 protected=0 declined=0 topup_suppressed=0 aged=0 into=0/0/0 pending=0
[mirror-split] internal=0 K3C=0 K3B=0 K3A=0  shares=0%/0%/0%/0%
[phases] mono=392758.914861 chunks=74 sequence=135.953s read_wait=0.171s bind_upload=1.641s attention_resident=7.006s expert_read_prefetch=77.494s expert_demand_read=47.014s expert_plan=4.106s expert_hint=0.000s expert_submit=0.001s expert_kernel=48.374s source_fence=0.000s tail_head_sync=1.064s layer_other=0.159s expert_read_gross=73.387s plan_hint=3.998s plan_sched=0.106s attn_total=6.991s attn_encode=2.943s attn_wait=2.890s attn_drain=1.158s kernel_total=27.392s kernel_host=0.972s kernel_wait=2.694s kernel_drain=23.725s
[attn-split] single: calls=6789 total=5.173s encode=2.343s wait=1.672s drain=1.158s waits=11753 untimed=1848 | wide: calls=93 total=1.818s encode=0.600s wait=1.218s drain=0.000s waits=92 untimed=92 | hint: calls=6808 total=3.994s encode=0.018s wait=3.976s drain=0.000s waits=6643 untimed=6643
[kernel-split] single: calls=7223 total=24.554s encode=0.762s wait=0.293s drain=23.499s waits=7759 untimed=6117 | wide: calls=467 total=2.838s encode=0.210s wait=2.401s drain=0.227s waits=467 untimed=0
[kernel-sub] materialize=0.076s moe=3.200s precommit=23.603s rest=0.512s
[metal-cache] calls=10069 zero_copy_wraps=231 copies=0 cache_entries=112 bindless=true
[route-chain] chained=4830
[route-chain] dedup_hits=4830
 into
[stats] generated=75 elapsed=137.617s speed=0.5450 token/s (1.835 s/token) chunks=75 committed_rows=105 verify_tx=0 drafts=0/0 layer_passes=6975 expert_rows=9660 expert_tiles=7281
[opens] expert file opens=287717 total=4.787s mean=0.017ms requested_bytes=3053369916608 (3053.4 GB)
[arrival] tiles=547 waves=1055 uncovered_wait=20.970s dispatch=3.400s
[retain] enabled=false cap_gb=8 layers=63..=92 consults=0 wanted=0 hits=0 inserts=0 served=0.0MB
[summer] enabled=false cap_gb=8 sample=16 consults=0 wanted=0 hits=0 hit_rate=0.0% misses=0 inserts=0 evictions=0 recycled=0 allocs=0 pin_skips=0 gated=0 ramp=2..50 bar=0 suppressed=0 wide_skips=0 served=0.0MB copied=0.0MB ssd_avoided=0.0GB live=0/0.0GB model=0 protected=0 declined=0 topup_suppressed=0 aged=0 into=0/0/0 pending=0
[mirror-split] internal=0 K3C=0 K3B=0 K3A=0  shares=0%/0%/0%/0%
[phases] mono=392760.493016 chunks=75 sequence=137.530s read_wait=0.171s bind_upload=1.641s attention_resident=7.083s expert_read_prefetch=78.635s expert_demand_read=47.693s expert_plan=4.165s expert_hint=0.000s expert_submit=0.001s expert_kernel=48.715s source_fence=0.000s tail_head_sync=1.080s layer_other=0.161s expert_read_gross=74.470s plan_hint=4.056s plan_sched=0.107s attn_total=7.068s attn_encode=2.966s attn_wait=2.920s attn_drain=1.182s kernel_total=27.719s kernel_host=0.984s kernel_wait=2.699s kernel_drain=24.037s
[attn-split] single: calls=6882 total=5.250s encode=2.366s wait=1.702s drain=1.182s waits=11914 untimed=1878 | wide: calls=93 total=1.818s encode=0.600s wait=1.218s drain=0.000s waits=92 untimed=92 | hint: calls=6900 total=4.052s encode=0.018s wait=4.033s drain=0.000s waits=6734 untimed=6734
[kernel-split] single: calls=7322 total=24.882s encode=0.774s wait=0.298s drain=23.810s waits=7866 untimed=6203 | wide: calls=467 total=2.838s encode=0.210s wait=2.401s drain=0.227s waits=467 untimed=0
[kernel-sub] materialize=0.076s moe=3.208s precommit=23.917s rest=0.518s
[metal-cache] calls=10168 zero_copy_wraps=231 copies=0 cache_entries=112 bindless=true
 the
[stats] generated=76 elapsed=139.134s speed=0.5462 token/s (1.831 s/token) chunks=76 committed_rows=106 verify_tx=0 drafts=0/0 layer_passes=7068 expert_rows=9752 expert_tiles=7373
[opens] expert file opens=291566 total=4.843s mean=0.017ms requested_bytes=3087157214400 (3087.2 GB)
[arrival] tiles=548 waves=1061 uncovered_wait=20.981s dispatch=3.406s
[retain] enabled=false cap_gb=8 layers=63..=92 consults=0 wanted=0 hits=0 inserts=0 served=0.0MB
[summer] enabled=false cap_gb=8 sample=16 consults=0 wanted=0 hits=0 hit_rate=0.0% misses=0 inserts=0 evictions=0 recycled=0 allocs=0 pin_skips=0 gated=0 ramp=2..50 bar=0 suppressed=0 wide_skips=0 served=0.0MB copied=0.0MB ssd_avoided=0.0GB live=0/0.0GB model=0 protected=0 declined=0 topup_suppressed=0 aged=0 into=0/0/0 pending=0
[mirror-split] internal=0 K3C=0 K3B=0 K3A=0  shares=0%/0%/0%/0%
[phases] mono=392762.009938 chunks=76 sequence=139.046s read_wait=0.171s bind_upload=1.641s attention_resident=7.161s expert_read_prefetch=79.721s expert_demand_read=48.368s expert_plan=4.221s expert_hint=0.000s expert_submit=0.001s expert_kernel=49.053s source_fence=0.000s tail_head_sync=1.094s layer_other=0.162s expert_read_gross=75.499s plan_hint=4.111s plan_sched=0.109s attn_total=7.145s attn_encode=2.992s attn_wait=2.952s attn_drain=1.201s kernel_total=28.045s kernel_host=0.995s kernel_wait=2.702s kernel_drain=24.348s
[attn-split] single: calls=6975 total=5.327s encode=2.393s wait=1.734s drain=1.201s waits=12075 untimed=1898 | wide: calls=93 total=1.818s encode=0.600s wait=1.218s drain=0.000s waits=92 untimed=92 | hint: calls=6992 total=4.107s encode=0.019s wait=4.088s drain=0.000s waits=6825 untimed=6825
[kernel-split] single: calls=7419 total=25.207s encode=0.785s wait=0.301s drain=24.122s waits=7969 untimed=6283 | wide: calls=467 total=2.838s encode=0.210s wait=2.401s drain=0.227s waits=467 untimed=0
[kernel-sub] materialize=0.076s moe=3.213s precommit=24.230s rest=0.525s
[metal-cache] calls=10265 zero_copy_wraps=231 copies=0 cache_entries=112 bindless=true
 sky
[stats] generated=77 elapsed=140.681s speed=0.5473 token/s (1.827 s/token) chunks=77 committed_rows=107 verify_tx=0 drafts=0/0 layer_passes=7161 expert_rows=9844 expert_tiles=7465
[opens] expert file opens=295585 total=4.911s mean=0.017ms requested_bytes=3122400951488 (3122.4 GB)
[arrival] tiles=549 waves=1068 uncovered_wait=20.994s dispatch=3.414s
[retain] enabled=false cap_gb=8 layers=63..=92 consults=0 wanted=0 hits=0 inserts=0 served=0.0MB
[summer] enabled=false cap_gb=8 sample=16 consults=0 wanted=0 hits=0 hit_rate=0.0% misses=0 inserts=0 evictions=0 recycled=0 allocs=0 pin_skips=0 gated=0 ramp=2..50 bar=0 suppressed=0 wide_skips=0 served=0.0MB copied=0.0MB ssd_avoided=0.0GB live=0/0.0GB model=0 protected=0 declined=0 topup_suppressed=0 aged=0 into=0/0/0 pending=0
[mirror-split] internal=0 K3C=0 K3B=0 K3A=0  shares=0%/0%/0%/0%
[phases] mono=392763.557246 chunks=77 sequence=140.592s read_wait=0.171s bind_upload=1.641s attention_resident=7.227s expert_read_prefetch=80.820s expert_demand_read=49.043s expert_plan=4.283s expert_hint=0.000s expert_submit=0.001s expert_kernel=49.413s source_fence=0.000s tail_head_sync=1.112s layer_other=0.164s expert_read_gross=76.537s plan_hint=4.171s plan_sched=0.110s attn_total=7.211s attn_encode=3.018s attn_wait=2.975s attn_drain=1.218s kernel_total=28.392s kernel_host=1.007s kernel_wait=2.706s kernel_drain=24.679s
[attn-split] single: calls=7068 total=5.393s encode=2.418s wait=1.757s drain=1.218s waits=12236 untimed=1918 | wide: calls=93 total=1.818s encode=0.600s wait=1.218s drain=0.000s waits=92 untimed=92 | hint: calls=7084 total=4.167s encode=0.019s wait=4.148s drain=0.000s waits=6916 untimed=6916
[kernel-split] single: calls=7517 total=25.555s encode=0.797s wait=0.305s drain=24.452s waits=8074 untimed=6364 | wide: calls=467 total=2.838s encode=0.210s wait=2.401s drain=0.227s waits=467 untimed=0
[kernel-sub] materialize=0.076s moe=3.221s precommit=24.563s rest=0.532s
[metal-cache] calls=10363 zero_copy_wraps=231 copies=0 cache_entries=112 bindless=true
—
[stats] generated=78 elapsed=142.207s speed=0.5485 token/s (1.823 s/token) chunks=78 committed_rows=108 verify_tx=0 drafts=0/0 layer_passes=7254 expert_rows=9936 expert_tiles=7557
[opens] expert file opens=299478 total=4.967s mean=0.017ms requested_bytes=3156539210944 (3156.5 GB)
[arrival] tiles=550 waves=1074 uncovered_wait=21.004s dispatch=3.421s
[retain] enabled=false cap_gb=8 layers=63..=92 consults=0 wanted=0 hits=0 inserts=0 served=0.0MB
[summer] enabled=false cap_gb=8 sample=16 consults=0 wanted=0 hits=0 hit_rate=0.0% misses=0 inserts=0 evictions=0 recycled=0 allocs=0 pin_skips=0 gated=0 ramp=2..50 bar=0 suppressed=0 wide_skips=0 served=0.0MB copied=0.0MB ssd_avoided=0.0GB live=0/0.0GB model=0 protected=0 declined=0 topup_suppressed=0 aged=0 into=0/0/0 pending=0
[mirror-split] internal=0 K3C=0 K3B=0 K3A=0  shares=0%/0%/0%/0%
[phases] mono=392765.082940 chunks=78 sequence=142.116s read_wait=0.171s bind_upload=1.641s attention_resident=7.312s expert_read_prefetch=81.898s expert_demand_read=49.718s expert_plan=4.345s expert_hint=0.000s expert_submit=0.001s expert_kernel=49.760s source_fence=0.000s tail_head_sync=1.124s layer_other=0.166s expert_read_gross=77.553s plan_hint=4.232s plan_sched=0.111s attn_total=7.296s attn_encode=3.057s attn_wait=2.997s attn_drain=1.242s kernel_total=28.729s kernel_host=1.020s kernel_wait=2.710s kernel_drain=24.999s
[attn-split] single: calls=7161 total=5.478s encode=2.457s wait=1.779s drain=1.242s waits=12397 untimed=1942 | wide: calls=93 total=1.818s encode=0.600s wait=1.218s drain=0.000s waits=92 untimed=92 | hint: calls=7176 total=4.227s encode=0.019s wait=4.208s drain=0.000s waits=7007 untimed=7007
[kernel-split] single: calls=7614 total=25.891s encode=0.810s wait=0.309s drain=24.773s waits=8177 untimed=6451 | wide: calls=467 total=2.838s encode=0.210s wait=2.401s drain=0.227s waits=467 untimed=0
[kernel-sub] materialize=0.076s moe=3.228s precommit=24.885s rest=0.539s
[metal-cache] calls=10460 zero_copy_wraps=231 copies=0 cache_entries=112 bindless=true
just
[stats] generated=79 elapsed=143.763s speed=0.5495 token/s (1.820 s/token) chunks=79 committed_rows=109 verify_tx=0 drafts=0/0 layer_passes=7347 expert_rows=10028 expert_tiles=7649
[opens] expert file opens=303491 total=5.028s mean=0.017ms requested_bytes=3191704026304 (3191.7 GB)
[arrival] tiles=551 waves=1082 uncovered_wait=21.018s dispatch=3.428s
[retain] enabled=false cap_gb=8 layers=63..=92 consults=0 wanted=0 hits=0 inserts=0 served=0.0MB
[summer] enabled=false cap_gb=8 sample=16 consults=0 wanted=0 hits=0 hit_rate=0.0% misses=0 inserts=0 evictions=0 recycled=0 allocs=0 pin_skips=0 gated=0 ramp=2..50 bar=0 suppressed=0 wide_skips=0 served=0.0MB copied=0.0MB ssd_avoided=0.0GB live=0/0.0GB model=0 protected=0 declined=0 topup_suppressed=0 aged=0 into=0/0/0 pending=0
[mirror-split] internal=0 K3C=0 K3B=0 K3A=0  shares=0%/0%/0%/0%
[phases] mono=392766.639356 chunks=79 sequence=143.671s read_wait=0.171s bind_upload=1.641s attention_resident=7.377s expert_read_prefetch=83.040s expert_demand_read=50.375s expert_plan=4.412s expert_hint=0.000s expert_submit=0.001s expert_kernel=50.092s source_fence=0.000s tail_head_sync=1.139s layer_other=0.168s expert_read_gross=78.628s plan_hint=4.298s plan_sched=0.112s attn_total=7.360s attn_encode=3.084s attn_wait=3.018s attn_drain=1.258s kernel_total=29.046s kernel_host=1.032s kernel_wait=2.714s kernel_drain=25.300s
[attn-split] single: calls=7254 total=5.542s encode=2.485s wait=1.800s drain=1.258s waits=12558 untimed=1964 | wide: calls=93 total=1.818s encode=0.600s wait=1.218s drain=0.000s waits=92 untimed=92 | hint: calls=7268 total=4.293s encode=0.019s wait=4.274s drain=0.000s waits=7098 untimed=7098
[kernel-split] single: calls=7713 total=26.209s encode=0.822s wait=0.313s drain=25.074s waits=8284 untimed=6534 | wide: calls=467 total=2.838s encode=0.210s wait=2.401s drain=0.227s waits=467 untimed=0
[kernel-sub] materialize=0.076s moe=3.235s precommit=25.189s rest=0.546s
[metal-cache] calls=10559 zero_copy_wraps=231 copies=0 cache_entries=112 bindless=true
 like
[stats] generated=80 elapsed=145.310s speed=0.5505 token/s (1.816 s/token) chunks=80 committed_rows=110 verify_tx=0 drafts=0/0 layer_passes=7440 expert_rows=10120 expert_tiles=7741
[opens] expert file opens=307384 total=5.090s mean=0.017ms requested_bytes=3225842302144 (3225.8 GB)
[arrival] tiles=552 waves=1089 uncovered_wait=21.029s dispatch=3.440s
[retain] enabled=false cap_gb=8 layers=63..=92 consults=0 wanted=0 hits=0 inserts=0 served=0.0MB
[summer] enabled=false cap_gb=8 sample=16 consults=0 wanted=0 hits=0 hit_rate=0.0% misses=0 inserts=0 evictions=0 recycled=0 allocs=0 pin_skips=0 gated=0 ramp=2..50 bar=0 suppressed=0 wide_skips=0 served=0.0MB copied=0.0MB ssd_avoided=0.0GB live=0/0.0GB model=0 protected=0 declined=0 topup_suppressed=0 aged=0 into=0/0/0 pending=0
[mirror-split] internal=0 K3C=0 K3B=0 K3A=0  shares=0%/0%/0%/0%
[phases] mono=392768.185919 chunks=80 sequence=145.217s read_wait=0.171s bind_upload=1.641s attention_resident=7.441s expert_read_prefetch=84.151s expert_demand_read=51.038s expert_plan=4.465s expert_hint=0.000s expert_submit=0.001s expert_kernel=50.446s source_fence=0.000s tail_head_sync=1.153s layer_other=0.170s expert_read_gross=79.685s plan_hint=4.350s plan_sched=0.113s attn_total=7.423s attn_encode=3.110s attn_wait=3.041s attn_drain=1.273s kernel_total=29.389s kernel_host=1.044s kernel_wait=2.722s kernel_drain=25.623s
[attn-split] single: calls=7347 total=5.606s encode=2.510s wait=1.823s drain=1.273s waits=12719 untimed=1989 | wide: calls=93 total=1.818s encode=0.600s wait=1.218s drain=0.000s waits=92 untimed=92 | hint: calls=7360 total=4.346s encode=0.020s wait=4.326s drain=0.000s waits=7189 untimed=7189
[kernel-split] single: calls=7811 total=26.552s encode=0.834s wait=0.320s drain=25.397s waits=8389 untimed=6616 | wide: calls=467 total=2.838s encode=0.210s wait=2.401s drain=0.227s waits=467 untimed=0
[kernel-sub] materialize=0.076s moe=3.247s precommit=25.514s rest=0.553s
[metal-cache] calls=10657 zero_copy_wraps=231 copies=0 cache_entries=112 bindless=true
 steam
[stats] generated=81 elapsed=146.848s speed=0.5516 token/s (1.813 s/token) chunks=81 committed_rows=111 verify_tx=0 drafts=0/0 layer_passes=7533 expert_rows=10212 expert_tiles=7833
[opens] expert file opens=311226 total=5.143s mean=0.017ms requested_bytes=3259533114560 (3259.5 GB)
[arrival] tiles=553 waves=1097 uncovered_wait=21.038s dispatch=3.448s
[retain] enabled=false cap_gb=8 layers=63..=92 consults=0 wanted=0 hits=0 inserts=0 served=0.0MB
[summer] enabled=false cap_gb=8 sample=16 consults=0 wanted=0 hits=0 hit_rate=0.0% misses=0 inserts=0 evictions=0 recycled=0 allocs=0 pin_skips=0 gated=0 ramp=2..50 bar=0 suppressed=0 wide_skips=0 served=0.0MB copied=0.0MB ssd_avoided=0.0GB live=0/0.0GB model=0 protected=0 declined=0 topup_suppressed=0 aged=0 into=0/0/0 pending=0
[mirror-split] internal=0 K3C=0 K3B=0 K3A=0  shares=0%/0%/0%/0%
[phases] mono=392769.724439 chunks=81 sequence=146.754s read_wait=0.171s bind_upload=1.641s attention_resident=7.505s expert_read_prefetch=85.271s expert_demand_read=51.699s expert_plan=4.523s expert_hint=0.000s expert_submit=0.001s expert_kernel=50.780s source_fence=0.000s tail_head_sync=1.169s layer_other=0.171s expert_read_gross=80.747s plan_hint=4.407s plan_sched=0.114s attn_total=7.488s attn_encode=3.138s attn_wait=3.064s attn_drain=1.287s kernel_total=29.714s kernel_host=1.055s kernel_wait=2.726s kernel_drain=25.933s
[attn-split] single: calls=7440 total=5.670s encode=2.538s wait=1.846s drain=1.287s waits=12880 untimed=2015 | wide: calls=93 total=1.818s encode=0.600s wait=1.218s drain=0.000s waits=92 untimed=92 | hint: calls=7452 total=4.403s encode=0.020s wait=4.383s drain=0.000s waits=7280 untimed=7280
[kernel-split] single: calls=7910 total=26.877s encode=0.846s wait=0.324s drain=25.706s waits=8496 untimed=6699 | wide: calls=467 total=2.838s encode=0.210s wait=2.401s drain=0.227s waits=467 untimed=0
[kernel-sub] materialize=0.076s moe=3.255s precommit=25.824s rest=0.559s
[metal-cache] calls=10756 zero_copy_wraps=231 copies=0 cache_entries=112 bindless=true
 rising
[stats] generated=82 elapsed=148.343s speed=0.5528 token/s (1.809 s/token) chunks=82 committed_rows=112 verify_tx=0 drafts=0/0 layer_passes=7626 expert_rows=10304 expert_tiles=7925
[opens] expert file opens=315000 total=5.198s mean=0.017ms requested_bytes=3292644867264 (3292.6 GB)
[arrival] tiles=554 waves=1105 uncovered_wait=21.048s dispatch=3.457s
[retain] enabled=false cap_gb=8 layers=63..=92 consults=0 wanted=0 hits=0 inserts=0 served=0.0MB
[summer] enabled=false cap_gb=8 sample=16 consults=0 wanted=0 hits=0 hit_rate=0.0% misses=0 inserts=0 evictions=0 recycled=0 allocs=0 pin_skips=0 gated=0 ramp=2..50 bar=0 suppressed=0 wide_skips=0 served=0.0MB copied=0.0MB ssd_avoided=0.0GB live=0/0.0GB model=0 protected=0 declined=0 topup_suppressed=0 aged=0 into=0/0/0 pending=0
[mirror-split] internal=0 K3C=0 K3B=0 K3A=0  shares=0%/0%/0%/0%
[phases] mono=392771.219242 chunks=82 sequence=148.247s read_wait=0.171s bind_upload=1.641s attention_resident=7.587s expert_read_prefetch=86.324s expert_demand_read=52.363s expert_plan=4.585s expert_hint=0.000s expert_submit=0.001s expert_kernel=51.122s source_fence=0.000s tail_head_sync=1.185s layer_other=0.173s expert_read_gross=81.738s plan_hint=4.467s plan_sched=0.115s attn_total=7.569s attn_encode=3.176s attn_wait=3.097s attn_drain=1.296s kernel_total=30.045s kernel_host=1.068s kernel_wait=2.730s kernel_drain=26.247s
[attn-split] single: calls=7533 total=5.752s encode=2.576s wait=1.879s drain=1.296s waits=13041 untimed=2050 | wide: calls=93 total=1.818s encode=0.600s wait=1.218s drain=0.000s waits=92 untimed=92 | hint: calls=7544 total=4.463s encode=0.020s wait=4.442s drain=0.000s waits=7371 untimed=7371
[kernel-split] single: calls=8009 total=27.207s encode=0.858s wait=0.329s drain=26.021s waits=8603 untimed=6781 | wide: calls=467 total=2.838s encode=0.210s wait=2.401s drain=0.227s waits=467 untimed=0
[kernel-sub] materialize=0.076s moe=3.264s precommit=26.139s rest=0.566s
[metal-cache] calls=10855 zero_copy_wraps=231 copies=0 cache_entries=112 bindless=true
 from
[stats] generated=83 elapsed=149.881s speed=0.5538 token/s (1.806 s/token) chunks=83 committed_rows=113 verify_tx=0 drafts=0/0 layer_passes=7719 expert_rows=10396 expert_tiles=8017
[opens] expert file opens=318783 total=5.252s mean=0.016ms requested_bytes=3325853121728 (3325.9 GB)
[arrival] tiles=555 waves=1113 uncovered_wait=21.060s dispatch=3.464s
[retain] enabled=false cap_gb=8 layers=63..=92 consults=0 wanted=0 hits=0 inserts=0 served=0.0MB
[summer] enabled=false cap_gb=8 sample=16 consults=0 wanted=0 hits=0 hit_rate=0.0% misses=0 inserts=0 evictions=0 recycled=0 allocs=0 pin_skips=0 gated=0 ramp=2..50 bar=0 suppressed=0 wide_skips=0 served=0.0MB copied=0.0MB ssd_avoided=0.0GB live=0/0.0GB model=0 protected=0 declined=0 topup_suppressed=0 aged=0 into=0/0/0 pending=0
[mirror-split] internal=0 K3C=0 K3B=0 K3A=0  shares=0%/0%/0%/0%
[phases] mono=392772.757180 chunks=83 sequence=149.784s read_wait=0.171s bind_upload=1.641s attention_resident=7.660s expert_read_prefetch=87.428s expert_demand_read=53.048s expert_plan=4.627s expert_hint=0.000s expert_submit=0.001s expert_kernel=51.462s source_fence=0.000s tail_head_sync=1.202s layer_other=0.175s expert_read_gross=82.801s plan_hint=4.508s plan_sched=0.117s attn_total=7.643s attn_encode=3.204s attn_wait=3.115s attn_drain=1.324s kernel_total=30.372s kernel_host=1.079s kernel_wait=2.734s kernel_drain=26.559s
[attn-split] single: calls=7626 total=5.825s encode=2.605s wait=1.897s drain=1.324s waits=13202 untimed=2072 | wide: calls=93 total=1.818s encode=0.600s wait=1.218s drain=0.000s waits=92 untimed=92 | hint: calls=7636 total=4.504s encode=0.020s wait=4.483s drain=0.000s waits=7462 untimed=7462
[kernel-split] single: calls=8108 total=27.535s encode=0.870s wait=0.332s drain=26.333s waits=8710 untimed=6870 | wide: calls=467 total=2.838s encode=0.210s wait=2.401s drain=0.227s waits=467 untimed=0
[kernel-sub] materialize=0.076s moe=3.270s precommit=26.453s rest=0.572s
[metal-cache] calls=10954 zero_copy_wraps=231 copies=0 cache_entries=112 bindless=true
 a
[stats] generated=84 elapsed=151.436s speed=0.5547 token/s (1.803 s/token) chunks=84 committed_rows=114 verify_tx=0 drafts=0/0 layer_passes=7812 expert_rows=10488 expert_tiles=8109
[opens] expert file opens=322568 total=5.312s mean=0.016ms requested_bytes=3359035063488 (3359.0 GB)
[arrival] tiles=556 waves=1121 uncovered_wait=21.076s dispatch=3.472s
[retain] enabled=false cap_gb=8 layers=63..=92 consults=0 wanted=0 hits=0 inserts=0 served=0.0MB
[summer] enabled=false cap_gb=8 sample=16 consults=0 wanted=0 hits=0 hit_rate=0.0% misses=0 inserts=0 evictions=0 recycled=0 allocs=0 pin_skips=0 gated=0 ramp=2..50 bar=0 suppressed=0 wide_skips=0 served=0.0MB copied=0.0MB ssd_avoided=0.0GB live=0/0.0GB model=0 protected=0 declined=0 topup_suppressed=0 aged=0 into=0/0/0 pending=0
[mirror-split] internal=0 K3C=0 K3B=0 K3A=0  shares=0%/0%/0%/0%
[phases] mono=392774.311929 chunks=84 sequence=151.338s read_wait=0.171s bind_upload=1.641s attention_resident=7.722s expert_read_prefetch=88.558s expert_demand_read=53.768s expert_plan=4.687s expert_hint=0.000s expert_submit=0.001s expert_kernel=51.808s source_fence=0.000s tail_head_sync=1.216s layer_other=0.176s expert_read_gross=83.870s plan_hint=4.568s plan_sched=0.118s attn_total=7.704s attn_encode=3.233s attn_wait=3.132s attn_drain=1.340s kernel_total=30.703s kernel_host=1.091s kernel_wait=2.739s kernel_drain=26.873s
[attn-split] single: calls=7719 total=5.887s encode=2.633s wait=1.914s drain=1.340s waits=13363 untimed=2088 | wide: calls=93 total=1.818s encode=0.600s wait=1.218s drain=0.000s waits=92 untimed=92 | hint: calls=7728 total=4.563s encode=0.021s wait=4.542s drain=0.000s waits=7553 untimed=7553
[kernel-split] single: calls=8207 total=27.865s encode=0.881s wait=0.337s drain=26.646s waits=8817 untimed=6954 | wide: calls=467 total=2.838s encode=0.210s wait=2.401s drain=0.227s waits=467 untimed=0
[kernel-sub] materialize=0.076s moe=3.278s precommit=26.769s rest=0.579s
[metal-cache] calls=11053 zero_copy_wraps=231 copies=0 cache_entries=112 bindless=true
[route-chain] chained=5520
[route-chain] dedup_hits=5520
 hot
[stats] generated=85 elapsed=153.044s speed=0.5554 token/s (1.801 s/token) chunks=85 committed_rows=115 verify_tx=0 drafts=0/0 layer_passes=7905 expert_rows=10580 expert_tiles=8201
[opens] expert file opens=326599 total=5.372s mean=0.016ms requested_bytes=3394384100544 (3394.4 GB)
[arrival] tiles=557 waves=1128 uncovered_wait=21.091s dispatch=3.479s
[retain] enabled=false cap_gb=8 layers=63..=92 consults=0 wanted=0 hits=0 inserts=0 served=0.0MB
[summer] enabled=false cap_gb=8 sample=16 consults=0 wanted=0 hits=0 hit_rate=0.0% misses=0 inserts=0 evictions=0 recycled=0 allocs=0 pin_skips=0 gated=0 ramp=2..50 bar=0 suppressed=0 wide_skips=0 served=0.0MB copied=0.0MB ssd_avoided=0.0GB live=0/0.0GB model=0 protected=0 declined=0 topup_suppressed=0 aged=0 into=0/0/0 pending=0
[mirror-split] internal=0 K3C=0 K3B=0 K3A=0  shares=0%/0%/0%/0%
[phases] mono=392775.920203 chunks=85 sequence=152.945s read_wait=0.171s bind_upload=1.641s attention_resident=7.784s expert_read_prefetch=89.746s expert_demand_read=54.505s expert_plan=4.734s expert_hint=0.000s expert_submit=0.001s expert_kernel=52.149s source_fence=0.000s tail_head_sync=1.230s layer_other=0.178s expert_read_gross=85.012s plan_hint=4.613s plan_sched=0.119s attn_total=7.766s attn_encode=3.259s attn_wait=3.159s attn_drain=1.349s kernel_total=31.029s kernel_host=1.103s kernel_wait=2.742s kernel_drain=27.184s
[attn-split] single: calls=7812 total=5.948s encode=2.659s wait=1.941s drain=1.349s waits=13524 untimed=2112 | wide: calls=93 total=1.818s encode=0.600s wait=1.218s drain=0.000s waits=92 untimed=92 | hint: calls=7820 total=4.608s encode=0.021s wait=4.587s drain=0.000s waits=7644 untimed=7644
[kernel-split] single: calls=8305 total=28.191s encode=0.893s wait=0.340s drain=26.958s waits=8922 untimed=7038 | wide: calls=467 total=2.838s encode=0.210s wait=2.401s drain=0.227s waits=467 untimed=0
[kernel-sub] materialize=0.076s moe=3.285s precommit=27.082s rest=0.585s
[metal-cache] calls=11151 zero_copy_wraps=231 copies=0 cache_entries=112 bindless=true
 cup
[stats] generated=86 elapsed=154.594s speed=0.5563 token/s (1.798 s/token) chunks=86 committed_rows=116 verify_tx=0 drafts=0/0 layer_passes=7998 expert_rows=10672 expert_tiles=8293
[opens] expert file opens=330403 total=5.431s mean=0.016ms requested_bytes=3427767827648 (3427.8 GB)
[arrival] tiles=558 waves=1136 uncovered_wait=21.105s dispatch=3.486s
[retain] enabled=false cap_gb=8 layers=63..=92 consults=0 wanted=0 hits=0 inserts=0 served=0.0MB
[summer] enabled=false cap_gb=8 sample=16 consults=0 wanted=0 hits=0 hit_rate=0.0% misses=0 inserts=0 evictions=0 recycled=0 allocs=0 pin_skips=0 gated=0 ramp=2..50 bar=0 suppressed=0 wide_skips=0 served=0.0MB copied=0.0MB ssd_avoided=0.0GB live=0/0.0GB model=0 protected=0 declined=0 topup_suppressed=0 aged=0 into=0/0/0 pending=0
[mirror-split] internal=0 K3C=0 K3B=0 K3A=0  shares=0%/0%/0%/0%
[phases] mono=392777.470055 chunks=86 sequence=154.493s read_wait=0.171s bind_upload=1.641s attention_resident=7.864s expert_read_prefetch=90.858s expert_demand_read=55.207s expert_plan=4.786s expert_hint=0.000s expert_submit=0.001s expert_kernel=52.490s source_fence=0.000s tail_head_sync=1.244s layer_other=0.180s expert_read_gross=86.072s plan_hint=4.664s plan_sched=0.120s attn_total=7.846s attn_encode=3.301s attn_wait=3.183s attn_drain=1.362s kernel_total=31.354s kernel_host=1.115s kernel_wait=2.745s kernel_drain=27.495s
[attn-split] single: calls=7905 total=6.028s encode=2.702s wait=1.965s drain=1.362s waits=13685 untimed=2134 | wide: calls=93 total=1.818s encode=0.600s wait=1.218s drain=0.000s waits=92 untimed=92 | hint: calls=7912 total=4.659s encode=0.021s wait=4.637s drain=0.000s waits=7735 untimed=7735
[kernel-split] single: calls=8404 total=28.517s encode=0.905s wait=0.344s drain=27.268s waits=9029 untimed=7121 | wide: calls=467 total=2.838s encode=0.210s wait=2.401s drain=0.227s waits=467 untimed=0
[kernel-sub] materialize=0.076s moe=3.292s precommit=27.394s rest=0.592s
[metal-cache] calls=11250 zero_copy_wraps=231 copies=0 cache_entries=112 bindless=true
 of
[stats] generated=87 elapsed=156.111s speed=0.5573 token/s (1.794 s/token) chunks=87 committed_rows=117 verify_tx=0 drafts=0/0 layer_passes=8091 expert_rows=10764 expert_tiles=8385
[opens] expert file opens=334213 total=5.494s mean=0.016ms requested_bytes=3461151571136 (3461.2 GB)
[arrival] tiles=559 waves=1144 uncovered_wait=21.115s dispatch=3.495s
[retain] enabled=false cap_gb=8 layers=63..=92 consults=0 wanted=0 hits=0 inserts=0 served=0.0MB
[summer] enabled=false cap_gb=8 sample=16 consults=0 wanted=0 hits=0 hit_rate=0.0% misses=0 inserts=0 evictions=0 recycled=0 allocs=0 pin_skips=0 gated=0 ramp=2..50 bar=0 suppressed=0 wide_skips=0 served=0.0MB copied=0.0MB ssd_avoided=0.0GB live=0/0.0GB model=0 protected=0 declined=0 topup_suppressed=0 aged=0 into=0/0/0 pending=0
[mirror-split] internal=0 K3C=0 K3B=0 K3A=0  shares=0%/0%/0%/0%
[phases] mono=392778.986753 chunks=87 sequence=156.008s read_wait=0.171s bind_upload=1.641s attention_resident=7.924s expert_read_prefetch=91.937s expert_demand_read=55.876s expert_plan=4.850s expert_hint=0.000s expert_submit=0.001s expert_kernel=52.851s source_fence=0.000s tail_head_sync=1.258s layer_other=0.181s expert_read_gross=87.087s plan_hint=4.727s plan_sched=0.121s attn_total=7.905s attn_encode=3.328s attn_wait=3.201s attn_drain=1.377s kernel_total=31.705s kernel_host=1.128s kernel_wait=2.750s kernel_drain=27.828s
[attn-split] single: calls=7998 total=6.088s encode=2.728s wait=1.983s drain=1.377s waits=13846 untimed=2151 | wide: calls=93 total=1.818s encode=0.600s wait=1.218s drain=0.000s waits=92 untimed=92 | hint: calls=8004 total=4.721s encode=0.022s wait=4.700s drain=0.000s waits=7826 untimed=7826
[kernel-split] single: calls=8503 total=28.868s encode=0.918s wait=0.348s drain=27.601s waits=9136 untimed=7195 | wide: calls=467 total=2.838s encode=0.210s wait=2.401s drain=0.227s waits=467 untimed=0
[kernel-sub] materialize=0.076s moe=3.300s precommit=27.729s rest=0.599s
[metal-cache] calls=11349 zero_copy_wraps=231 copies=0 cache_entries=112 bindless=true
 cocoa
[stats] generated=88 elapsed=157.637s speed=0.5582 token/s (1.791 s/token) chunks=88 committed_rows=118 verify_tx=0 drafts=0/0 layer_passes=8184 expert_rows=10856 expert_tiles=8477
[opens] expert file opens=338226 total=5.552s mean=0.016ms requested_bytes=3496351431872 (3496.4 GB)
[arrival] tiles=560 waves=1151 uncovered_wait=21.126s dispatch=3.501s
[retain] enabled=false cap_gb=8 layers=63..=92 consults=0 wanted=0 hits=0 inserts=0 served=0.0MB
[summer] enabled=false cap_gb=8 sample=16 consults=0 wanted=0 hits=0 hit_rate=0.0% misses=0 inserts=0 evictions=0 recycled=0 allocs=0 pin_skips=0 gated=0 ramp=2..50 bar=0 suppressed=0 wide_skips=0 served=0.0MB copied=0.0MB ssd_avoided=0.0GB live=0/0.0GB model=0 protected=0 declined=0 topup_suppressed=0 aged=0 into=0/0/0 pending=0
[mirror-split] internal=0 K3C=0 K3B=0 K3A=0  shares=0%/0%/0%/0%
[phases] mono=392780.513257 chunks=88 sequence=157.534s read_wait=0.171s bind_upload=1.641s attention_resident=7.985s expert_read_prefetch=93.055s expert_demand_read=56.544s expert_plan=4.902s expert_hint=0.000s expert_submit=0.001s expert_kernel=53.179s source_fence=0.000s tail_head_sync=1.275s layer_other=0.183s expert_read_gross=88.152s plan_hint=4.778s plan_sched=0.122s attn_total=7.966s attn_encode=3.356s attn_wait=3.220s attn_drain=1.390s kernel_total=32.022s kernel_host=1.139s kernel_wait=2.753s kernel_drain=28.130s
[attn-split] single: calls=8091 total=6.149s encode=2.757s wait=2.002s drain=1.390s waits=14007 untimed=2173 | wide: calls=93 total=1.818s encode=0.600s wait=1.218s drain=0.000s waits=92 untimed=92 | hint: calls=8096 total=4.772s encode=0.022s wait=4.751s drain=0.000s waits=7917 untimed=7917
[kernel-split] single: calls=8601 total=29.184s encode=0.929s wait=0.351s drain=27.904s waits=9241 untimed=7280 | wide: calls=467 total=2.838s encode=0.210s wait=2.401s drain=0.227s waits=467 untimed=0
[kernel-sub] materialize=0.076s moe=3.306s precommit=28.034s rest=0.605s
[metal-cache] calls=11447 zero_copy_wraps=231 copies=0 cache_entries=112 bindless=true
!


[stats] generated=89 elapsed=159.128s speed=0.5593 token/s (1.788 s/token) chunks=89 committed_rows=119 verify_tx=0 drafts=0/0 layer_passes=8277 expert_rows=10948 expert_tiles=8569
[opens] expert file opens=342111 total=5.606s mean=0.016ms requested_bytes=3530437033152 (3530.4 GB)
[arrival] tiles=561 waves=1159 uncovered_wait=21.139s dispatch=3.508s
[retain] enabled=false cap_gb=8 layers=63..=92 consults=0 wanted=0 hits=0 inserts=0 served=0.0MB
[summer] enabled=false cap_gb=8 sample=16 consults=0 wanted=0 hits=0 hit_rate=0.0% misses=0 inserts=0 evictions=0 recycled=0 allocs=0 pin_skips=0 gated=0 ramp=2..50 bar=0 suppressed=0 wide_skips=0 served=0.0MB copied=0.0MB ssd_avoided=0.0GB live=0/0.0GB model=0 protected=0 declined=0 topup_suppressed=0 aged=0 into=0/0/0 pending=0
[mirror-split] internal=0 K3C=0 K3B=0 K3A=0  shares=0%/0%/0%/0%
[phases] mono=392782.004547 chunks=89 sequence=159.024s read_wait=0.171s bind_upload=1.641s attention_resident=8.051s expert_read_prefetch=94.131s expert_demand_read=57.207s expert_plan=4.959s expert_hint=0.000s expert_submit=0.001s expert_kernel=53.514s source_fence=0.000s tail_head_sync=1.287s layer_other=0.184s expert_read_gross=89.171s plan_hint=4.834s plan_sched=0.123s attn_total=8.032s attn_encode=3.382s attn_wait=3.237s attn_drain=1.412s kernel_total=32.343s kernel_host=1.150s kernel_wait=2.756s kernel_drain=28.437s
[attn-split] single: calls=8184 total=6.214s encode=2.783s wait=2.019s drain=1.412s waits=14168 untimed=2193 | wide: calls=93 total=1.818s encode=0.600s wait=1.218s drain=0.000s waits=92 untimed=92 | hint: calls=8188 total=4.829s encode=0.022s wait=4.807s drain=0.000s waits=8008 untimed=8008
[kernel-split] single: calls=8700 total=29.506s encode=0.940s wait=0.355s drain=28.211s waits=9348 untimed=7361 | wide: calls=467 total=2.838s encode=0.210s wait=2.401s drain=0.227s waits=467 untimed=0
[kernel-sub] materialize=0.076s moe=3.313s precommit=28.343s rest=0.611s
[metal-cache] calls=11546 zero_copy_wraps=231 copies=0 cache_entries=112 bindless=true
**
[stats] generated=90 elapsed=160.659s speed=0.5602 token/s (1.785 s/token) chunks=90 committed_rows=120 verify_tx=0 drafts=0/0 layer_passes=8370 expert_rows=11040 expert_tiles=8661
[opens] expert file opens=346179 total=5.665s mean=0.016ms requested_bytes=3566136999104 (3566.1 GB)
[arrival] tiles=562 waves=1167 uncovered_wait=21.149s dispatch=3.514s
[retain] enabled=false cap_gb=8 layers=63..=92 consults=0 wanted=0 hits=0 inserts=0 served=0.0MB
[summer] enabled=false cap_gb=8 sample=16 consults=0 wanted=0 hits=0 hit_rate=0.0% misses=0 inserts=0 evictions=0 recycled=0 allocs=0 pin_skips=0 gated=0 ramp=2..50 bar=0 suppressed=0 wide_skips=0 served=0.0MB copied=0.0MB ssd_avoided=0.0GB live=0/0.0GB model=0 protected=0 declined=0 topup_suppressed=0 aged=0 into=0/0/0 pending=0
[mirror-split] internal=0 K3C=0 K3B=0 K3A=0  shares=0%/0%/0%/0%
[phases] mono=392783.535371 chunks=90 sequence=160.554s read_wait=0.171s bind_upload=1.641s attention_resident=8.127s expert_read_prefetch=95.201s expert_demand_read=57.824s expert_plan=5.012s expert_hint=0.000s expert_submit=0.001s expert_kernel=53.882s source_fence=0.000s tail_head_sync=1.300s layer_other=0.186s expert_read_gross=90.189s plan_hint=4.885s plan_sched=0.124s attn_total=8.108s attn_encode=3.419s attn_wait=3.263s attn_drain=1.426s kernel_total=32.701s kernel_host=1.161s kernel_wait=2.759s kernel_drain=28.780s
[attn-split] single: calls=8277 total=6.290s encode=2.820s wait=2.045s drain=1.426s waits=14329 untimed=2215 | wide: calls=93 total=1.818s encode=0.600s wait=1.218s drain=0.000s waits=92 untimed=92 | hint: calls=8280 total=4.880s encode=0.022s wait=4.858s drain=0.000s waits=8099 untimed=8099
[kernel-split] single: calls=8799 total=29.863s encode=0.952s wait=0.358s drain=28.554s waits=9455 untimed=7442 | wide: calls=467 total=2.838s encode=0.210s wait=2.401s drain=0.227s waits=467 untimed=0
[kernel-sub] materialize=0.076s moe=3.319s precommit=28.687s rest=0.618s
[metal-cache] calls=11645 zero_copy_wraps=231 copies=0 cache_entries=112 bindless=true
2
[stats] generated=91 elapsed=162.186s speed=0.5611 token/s (1.782 s/token) chunks=91 committed_rows=121 verify_tx=0 drafts=0/0 layer_passes=8463 expert_rows=11132 expert_tiles=8753
[opens] expert file opens=350211 total=5.723s mean=0.016ms requested_bytes=3601486019776 (3601.5 GB)
[arrival] tiles=563 waves=1173 uncovered_wait=21.159s dispatch=3.521s
[retain] enabled=false cap_gb=8 layers=63..=92 consults=0 wanted=0 hits=0 inserts=0 served=0.0MB
[summer] enabled=false cap_gb=8 sample=16 consults=0 wanted=0 hits=0 hit_rate=0.0% misses=0 inserts=0 evictions=0 recycled=0 allocs=0 pin_skips=0 gated=0 ramp=2..50 bar=0 suppressed=0 wide_skips=0 served=0.0MB copied=0.0MB ssd_avoided=0.0GB live=0/0.0GB model=0 protected=0 declined=0 topup_suppressed=0 aged=0 into=0/0/0 pending=0
[mirror-split] internal=0 K3C=0 K3B=0 K3A=0  shares=0%/0%/0%/0%
[phases] mono=392785.062591 chunks=91 sequence=162.080s read_wait=0.171s bind_upload=1.641s attention_resident=8.187s expert_read_prefetch=96.321s expert_demand_read=58.503s expert_plan=5.068s expert_hint=0.000s expert_submit=0.001s expert_kernel=54.209s source_fence=0.000s tail_head_sync=1.318s layer_other=0.188s expert_read_gross=91.252s plan_hint=4.941s plan_sched=0.125s attn_total=8.167s attn_encode=3.442s attn_wait=3.286s attn_drain=1.440s kernel_total=33.017s kernel_host=1.173s kernel_wait=2.763s kernel_drain=29.082s
[attn-split] single: calls=8370 total=6.350s encode=2.842s wait=2.068s drain=1.440s waits=14490 untimed=2243 | wide: calls=93 total=1.818s encode=0.600s wait=1.218s drain=0.000s waits=92 untimed=92 | hint: calls=8372 total=4.935s encode=0.023s wait=4.913s drain=0.000s waits=8190 untimed=8190
[kernel-split] single: calls=8896 total=30.180s encode=0.963s wait=0.361s drain=28.856s waits=9558 untimed=7518 | wide: calls=467 total=2.838s encode=0.210s wait=2.401s drain=0.227s waits=467 untimed=0
[kernel-sub] materialize=0.076s moe=3.326s precommit=28.991s rest=0.624s
[metal-cache] calls=11742 zero_copy_wraps=231 copies=0 cache_entries=112 bindless=true
.
[stats] generated=92 elapsed=163.680s speed=0.5621 token/s (1.779 s/token) chunks=92 committed_rows=122 verify_tx=0 drafts=0/0 layer_passes=8556 expert_rows=11224 expert_tiles=8845
[opens] expert file opens=354153 total=5.782s mean=0.016ms requested_bytes=3636036680896 (3636.0 GB)
[arrival] tiles=564 waves=1180 uncovered_wait=21.172s dispatch=3.527s
[retain] enabled=false cap_gb=8 layers=63..=92 consults=0 wanted=0 hits=0 inserts=0 served=0.0MB
[summer] enabled=false cap_gb=8 sample=16 consults=0 wanted=0 hits=0 hit_rate=0.0% misses=0 inserts=0 evictions=0 recycled=0 allocs=0 pin_skips=0 gated=0 ramp=2..50 bar=0 suppressed=0 wide_skips=0 served=0.0MB copied=0.0MB ssd_avoided=0.0GB live=0/0.0GB model=0 protected=0 declined=0 topup_suppressed=0 aged=0 into=0/0/0 pending=0
[mirror-split] internal=0 K3C=0 K3B=0 K3A=0  shares=0%/0%/0%/0%
[phases] mono=392786.555923 chunks=92 sequence=163.572s read_wait=0.171s bind_upload=1.641s attention_resident=8.247s expert_read_prefetch=97.411s expert_demand_read=59.144s expert_plan=5.125s expert_hint=0.000s expert_submit=0.001s expert_kernel=54.536s source_fence=0.000s tail_head_sync=1.331s layer_other=0.190s expert_read_gross=92.286s plan_hint=4.996s plan_sched=0.127s attn_total=8.227s attn_encode=3.467s attn_wait=3.310s attn_drain=1.450s kernel_total=33.332s kernel_host=1.183s kernel_wait=2.766s kernel_drain=29.384s
[attn-split] single: calls=8463 total=6.410s encode=2.868s wait=2.092s drain=1.450s waits=14651 untimed=2267 | wide: calls=93 total=1.818s encode=0.600s wait=1.218s drain=0.000s waits=92 untimed=92 | hint: calls=8464 total=4.990s encode=0.023s wait=4.967s drain=0.000s waits=8281 untimed=8281
[kernel-split] single: calls=8994 total=30.495s encode=0.973s wait=0.364s drain=29.157s waits=9663 untimed=7601 | wide: calls=467 total=2.838s encode=0.210s wait=2.401s drain=0.227s waits=467 untimed=0
[kernel-sub] materialize=0.076s moe=3.332s precommit=29.294s rest=0.630s
[metal-cache] calls=11840 zero_copy_wraps=231 copies=0 cache_entries=112 bindless=true
 Cond
[stats] generated=93 elapsed=165.271s speed=0.5627 token/s (1.777 s/token) chunks=93 committed_rows=123 verify_tx=0 drafts=0/0 layer_passes=8649 expert_rows=11316 expert_tiles=8937
[opens] expert file opens=358264 total=5.845s mean=0.016ms requested_bytes=3672105139392 (3672.1 GB)
[arrival] tiles=565 waves=1188 uncovered_wait=21.184s dispatch=3.533s
[retain] enabled=false cap_gb=8 layers=63..=92 consults=0 wanted=0 hits=0 inserts=0 served=0.0MB
[summer] enabled=false cap_gb=8 sample=16 consults=0 wanted=0 hits=0 hit_rate=0.0% misses=0 inserts=0 evictions=0 recycled=0 allocs=0 pin_skips=0 gated=0 ramp=2..50 bar=0 suppressed=0 wide_skips=0 served=0.0MB copied=0.0MB ssd_avoided=0.0GB live=0/0.0GB model=0 protected=0 declined=0 topup_suppressed=0 aged=0 into=0/0/0 pending=0
[mirror-split] internal=0 K3C=0 K3B=0 K3A=0  shares=0%/0%/0%/0%
[phases] mono=392788.146964 chunks=93 sequence=165.162s read_wait=0.171s bind_upload=1.641s attention_resident=8.320s expert_read_prefetch=98.552s expert_demand_read=59.806s expert_plan=5.186s expert_hint=0.000s expert_submit=0.001s expert_kernel=54.895s source_fence=0.000s tail_head_sync=1.346s layer_other=0.191s expert_read_gross=93.366s plan_hint=5.056s plan_sched=0.128s attn_total=8.300s attn_encode=3.500s attn_wait=3.340s attn_drain=1.460s kernel_total=33.679s kernel_host=1.194s kernel_wait=2.768s kernel_drain=29.716s
[attn-split] single: calls=8556 total=6.482s encode=2.900s wait=2.122s drain=1.460s waits=14812 untimed=2287 | wide: calls=93 total=1.818s encode=0.600s wait=1.218s drain=0.000s waits=92 untimed=92 | hint: calls=8556 total=5.050s encode=0.023s wait=5.027s drain=0.000s waits=8372 untimed=8372
[kernel-split] single: calls=9093 total=30.841s encode=0.984s wait=0.367s drain=29.490s waits=9770 untimed=7687 | wide: calls=467 total=2.838s encode=0.210s wait=2.401s drain=0.227s waits=467 untimed=0
[kernel-sub] materialize=0.076s moe=3.338s precommit=29.628s rest=0.636s
[metal-cache] calls=11939 zero_copy_wraps=231 copies=0 cache_entries=112 bindless=true
ensation
[stats] generated=94 elapsed=166.795s speed=0.5636 token/s (1.774 s/token) chunks=94 committed_rows=124 verify_tx=0 drafts=0/0 layer_passes=8742 expert_rows=11408 expert_tiles=9029
[opens] expert file opens=362195 total=5.913s mean=0.016ms requested_bytes=3706585562304 (3706.6 GB)
[arrival] tiles=566 waves=1194 uncovered_wait=21.195s dispatch=3.538s
[retain] enabled=false cap_gb=8 layers=63..=92 consults=0 wanted=0 hits=0 inserts=0 served=0.0MB
[summer] enabled=false cap_gb=8 sample=16 consults=0 wanted=0 hits=0 hit_rate=0.0% misses=0 inserts=0 evictions=0 recycled=0 allocs=0 pin_skips=0 gated=0 ramp=2..50 bar=0 suppressed=0 wide_skips=0 served=0.0MB copied=0.0MB ssd_avoided=0.0GB live=0/0.0GB model=0 protected=0 declined=0 topup_suppressed=0 aged=0 into=0/0/0 pending=0
[mirror-split] internal=0 K3C=0 K3B=0 K3A=0  shares=0%/0%/0%/0%
[phases] mono=392789.671602 chunks=94 sequence=166.686s read_wait=0.171s bind_upload=1.641s attention_resident=8.407s expert_read_prefetch=99.625s expert_demand_read=60.447s expert_plan=5.243s expert_hint=0.000s expert_submit=0.001s expert_kernel=55.242s source_fence=0.000s tail_head_sync=1.360s layer_other=0.193s expert_read_gross=94.382s plan_hint=5.112s plan_sched=0.129s attn_total=8.387s attn_encode=3.546s attn_wait=3.369s attn_drain=1.472s kernel_total=34.014s kernel_host=1.206s kernel_wait=2.771s kernel_drain=30.036s
[attn-split] single: calls=8649 total=6.569s encode=2.946s wait=2.151s drain=1.472s waits=14973 untimed=2310 | wide: calls=93 total=1.818s encode=0.600s wait=1.218s drain=0.000s waits=92 untimed=92 | hint: calls=8648 total=5.106s encode=0.023s wait=5.083s drain=0.000s waits=8463 untimed=8463
[kernel-split] single: calls=9190 total=31.176s encode=0.996s wait=0.370s drain=29.809s waits=9873 untimed=7765 | wide: calls=467 total=2.838s encode=0.210s wait=2.401s drain=0.227s waits=467 untimed=0
[kernel-sub] materialize=0.076s moe=3.343s precommit=29.950s rest=0.644s
[metal-cache] calls=12036 zero_copy_wraps=231 copies=0 cache_entries=112 bindless=true
 (
[stats] generated=95 elapsed=168.298s speed=0.5645 token/s (1.772 s/token) chunks=95 committed_rows=125 verify_tx=0 drafts=0/0 layer_passes=8835 expert_rows=11500 expert_tiles=9121
[opens] expert file opens=366095 total=5.970s mean=0.016ms requested_bytes=3740776447168 (3740.8 GB)
[arrival] tiles=567 waves=1201 uncovered_wait=21.208s dispatch=3.545s
[retain] enabled=false cap_gb=8 layers=63..=92 consults=0 wanted=0 hits=0 inserts=0 served=0.0MB
[summer] enabled=false cap_gb=8 sample=16 consults=0 wanted=0 hits=0 hit_rate=0.0% misses=0 inserts=0 evictions=0 recycled=0 allocs=0 pin_skips=0 gated=0 ramp=2..50 bar=0 suppressed=0 wide_skips=0 served=0.0MB copied=0.0MB ssd_avoided=0.0GB live=0/0.0GB model=0 protected=0 declined=0 topup_suppressed=0 aged=0 into=0/0/0 pending=0
[mirror-split] internal=0 K3C=0 K3B=0 K3A=0  shares=0%/0%/0%/0%
[phases] mono=392791.173889 chunks=95 sequence=168.187s read_wait=0.171s bind_upload=1.641s attention_resident=8.472s expert_read_prefetch=100.698s expert_demand_read=61.063s expert_plan=5.309s expert_hint=0.000s expert_submit=0.001s expert_kernel=55.591s source_fence=0.000s tail_head_sync=1.373s layer_other=0.195s expert_read_gross=95.389s plan_hint=5.177s plan_sched=0.130s attn_total=8.452s attn_encode=3.573s attn_wait=3.390s attn_drain=1.488s kernel_total=34.349s kernel_host=1.217s kernel_wait=2.775s kernel_drain=30.356s
[attn-split] single: calls=8742 total=6.634s encode=2.974s wait=2.172s drain=1.488s waits=15134 untimed=2326 | wide: calls=93 total=1.818s encode=0.600s wait=1.218s drain=0.000s waits=92 untimed=92 | hint: calls=8740 total=5.171s encode=0.024s wait=5.148s drain=0.000s waits=8554 untimed=8554
[kernel-split] single: calls=9288 total=31.511s encode=1.008s wait=0.374s drain=30.130s waits=9978 untimed=7840 | wide: calls=467 total=2.838s encode=0.210s wait=2.401s drain=0.227s waits=467 untimed=0
[kernel-sub] materialize=0.076s moe=3.350s precommit=30.273s rest=0.650s
[metal-cache] calls=12134 zero_copy_wraps=231 copies=0 cache_entries=112 bindless=true
[route-chain] chained=6210
[route-chain] dedup_hits=6210
Cloud
[stats] generated=96 elapsed=169.801s speed=0.5654 token/s (1.769 s/token) chunks=96 committed_rows=126 verify_tx=0 drafts=0/0 layer_passes=8928 expert_rows=11592 expert_tiles=9213
[opens] expert file opens=369954 total=6.025s mean=0.016ms requested_bytes=3774642699456 (3774.6 GB)
[arrival] tiles=568 waves=1207 uncovered_wait=21.218s dispatch=3.551s
[retain] enabled=false cap_gb=8 layers=63..=92 consults=0 wanted=0 hits=0 inserts=0 served=0.0MB
[summer] enabled=false cap_gb=8 sample=16 consults=0 wanted=0 hits=0 hit_rate=0.0% misses=0 inserts=0 evictions=0 recycled=0 allocs=0 pin_skips=0 gated=0 ramp=2..50 bar=0 suppressed=0 wide_skips=0 served=0.0MB copied=0.0MB ssd_avoided=0.0GB live=0/0.0GB model=0 protected=0 declined=0 topup_suppressed=0 aged=0 into=0/0/0 pending=0
[mirror-split] internal=0 K3C=0 K3B=0 K3A=0  shares=0%/0%/0%/0%
[phases] mono=392792.677550 chunks=96 sequence=169.690s read_wait=0.171s bind_upload=1.641s attention_resident=8.537s expert_read_prefetch=101.792s expert_demand_read=61.708s expert_plan=5.378s expert_hint=0.000s expert_submit=0.001s expert_kernel=55.920s source_fence=0.000s tail_head_sync=1.387s layer_other=0.197s expert_read_gross=96.414s plan_hint=5.244s plan_sched=0.131s attn_total=8.516s attn_encode=3.597s attn_wait=3.410s attn_drain=1.509s kernel_total=34.668s kernel_host=1.228s kernel_wait=2.778s kernel_drain=30.662s
[attn-split] single: calls=8835 total=6.698s encode=2.998s wait=2.192s drain=1.509s waits=15295 untimed=2346 | wide: calls=93 total=1.818s encode=0.600s wait=1.218s drain=0.000s waits=92 untimed=92 | hint: calls=8832 total=5.238s encode=0.024s wait=5.214s drain=0.000s waits=8645 untimed=8645
[kernel-split] single: calls=9385 total=31.830s encode=1.018s wait=0.377s drain=30.435s waits=10081 untimed=7919 | wide: calls=467 total=2.838s encode=0.210s wait=2.401s drain=0.227s waits=467 untimed=0
[kernel-sub] materialize=0.076s moe=3.356s precommit=30.579s rest=0.656s
[metal-cache] calls=12231 zero_copy_wraps=231 copies=0 cache_entries=112 bindless=true
s
[stats] generated=97 elapsed=171.301s speed=0.5663 token/s (1.766 s/token) chunks=97 committed_rows=127 verify_tx=0 drafts=0/0 layer_passes=9021 expert_rows=11684 expert_tiles=9305
[opens] expert file opens=373802 total=6.080s mean=0.016ms requested_bytes=3808351075520 (3808.4 GB)
[arrival] tiles=569 waves=1215 uncovered_wait=21.231s dispatch=3.559s
[retain] enabled=false cap_gb=8 layers=63..=92 consults=0 wanted=0 hits=0 inserts=0 served=0.0MB
[summer] enabled=false cap_gb=8 sample=16 consults=0 wanted=0 hits=0 hit_rate=0.0% misses=0 inserts=0 evictions=0 recycled=0 allocs=0 pin_skips=0 gated=0 ramp=2..50 bar=0 suppressed=0 wide_skips=0 served=0.0MB copied=0.0MB ssd_avoided=0.0GB live=0/0.0GB model=0 protected=0 declined=0 topup_suppressed=0 aged=0 into=0/0/0 pending=0
[mirror-split] internal=0 K3C=0 K3B=0 K3A=0  shares=0%/0%/0%/0%
[phases] mono=392794.177379 chunks=97 sequence=171.189s read_wait=0.171s bind_upload=1.641s attention_resident=8.602s expert_read_prefetch=102.869s expert_demand_read=62.354s expert_plan=5.445s expert_hint=0.000s expert_submit=0.001s expert_kernel=56.259s source_fence=0.000s tail_head_sync=1.402s layer_other=0.198s expert_read_gross=97.424s plan_hint=5.310s plan_sched=0.132s attn_total=8.581s attn_encode=3.624s attn_wait=3.430s attn_drain=1.526s kernel_total=34.994s kernel_host=1.240s kernel_wait=2.782s kernel_drain=30.972s
[attn-split] single: calls=8928 total=6.763s encode=3.024s wait=2.212s drain=1.526s waits=15456 untimed=2362 | wide: calls=93 total=1.818s encode=0.600s wait=1.218s drain=0.000s waits=92 untimed=92 | hint: calls=8924 total=5.304s encode=0.024s wait=5.280s drain=0.000s waits=8736 untimed=8736
[kernel-split] single: calls=9484 total=32.157s encode=1.030s wait=0.381s drain=30.746s waits=10188 untimed=8000 | wide: calls=467 total=2.838s encode=0.210s wait=2.401s drain=0.227s waits=467 untimed=0
[kernel-sub] materialize=0.076s moe=3.363s precommit=30.892s rest=0.663s
[metal-cache] calls=12330 zero_copy_wraps=231 copies=0 cache_entries=112 bindless=true
 form
[stats] generated=98 elapsed=172.875s speed=0.5669 token/s (1.764 s/token) chunks=98 committed_rows=128 verify_tx=0 drafts=0/0 layer_passes=9114 expert_rows=11776 expert_tiles=9397
[opens] expert file opens=377701 total=6.131s mean=0.016ms requested_bytes=3842541993152 (3842.5 GB)
[arrival] tiles=570 waves=1223 uncovered_wait=21.242s dispatch=3.565s
[retain] enabled=false cap_gb=8 layers=63..=92 consults=0 wanted=0 hits=0 inserts=0 served=0.0MB
[summer] enabled=false cap_gb=8 sample=16 consults=0 wanted=0 hits=0 hit_rate=0.0% misses=0 inserts=0 evictions=0 recycled=0 allocs=0 pin_skips=0 gated=0 ramp=2..50 bar=0 suppressed=0 wide_skips=0 served=0.0MB copied=0.0MB ssd_avoided=0.0GB live=0/0.0GB model=0 protected=0 declined=0 topup_suppressed=0 aged=0 into=0/0/0 pending=0
[mirror-split] internal=0 K3C=0 K3B=0 K3A=0  shares=0%/0%/0%/0%
[phases] mono=392795.750756 chunks=98 sequence=172.761s read_wait=0.171s bind_upload=1.641s attention_resident=8.675s expert_read_prefetch=104.027s expert_demand_read=63.080s expert_plan=5.503s expert_hint=0.000s expert_submit=0.001s expert_kernel=56.585s source_fence=0.000s tail_head_sync=1.416s layer_other=0.200s expert_read_gross=98.523s plan_hint=5.368s plan_sched=0.133s attn_total=8.654s attn_encode=3.657s attn_wait=3.452s attn_drain=1.545s kernel_total=35.308s kernel_host=1.251s kernel_wait=2.785s kernel_drain=31.273s
[attn-split] single: calls=9021 total=6.836s encode=3.057s wait=2.234s drain=1.545s waits=15617 untimed=2377 | wide: calls=93 total=1.818s encode=0.600s wait=1.218s drain=0.000s waits=92 untimed=92 | hint: calls=9016 total=5.362s encode=0.024s wait=5.337s drain=0.000s waits=8827 untimed=8827
[kernel-split] single: calls=9583 total=32.471s encode=1.041s wait=0.384s drain=31.046s waits=10295 untimed=8085 | wide: calls=467 total=2.838s encode=0.210s wait=2.401s drain=0.227s waits=467 untimed=0
[kernel-sub] materialize=0.076s moe=3.369s precommit=31.194s rest=0.669s
[metal-cache] calls=12429 zero_copy_wraps=231 copies=0 cache_entries=112 bindless=true
)
[stats] generated=99 elapsed=174.481s speed=0.5674 token/s (1.762 s/token) chunks=99 committed_rows=129 verify_tx=0 drafts=0/0 layer_passes=9207 expert_rows=11868 expert_tiles=9489
[opens] expert file opens=381596 total=6.271s mean=0.016ms requested_bytes=3876715363520 (3876.7 GB)
[arrival] tiles=571 waves=1229 uncovered_wait=21.254s dispatch=3.572s
[retain] enabled=false cap_gb=8 layers=63..=92 consults=0 wanted=0 hits=0 inserts=0 served=0.0MB
[summer] enabled=false cap_gb=8 sample=16 consults=0 wanted=0 hits=0 hit_rate=0.0% misses=0 inserts=0 evictions=0 recycled=0 allocs=0 pin_skips=0 gated=0 ramp=2..50 bar=0 suppressed=0 wide_skips=0 served=0.0MB copied=0.0MB ssd_avoided=0.0GB live=0/0.0GB model=0 protected=0 declined=0 topup_suppressed=0 aged=0 into=0/0/0 pending=0
[mirror-split] internal=0 K3C=0 K3B=0 K3A=0  shares=0%/0%/0%/0%
[phases] mono=392797.357273 chunks=99 sequence=174.366s read_wait=0.171s bind_upload=1.641s attention_resident=8.746s expert_read_prefetch=105.207s expert_demand_read=63.822s expert_plan=5.570s expert_hint=0.000s expert_submit=0.001s expert_kernel=56.924s source_fence=0.000s tail_head_sync=1.429s layer_other=0.202s expert_read_gross=99.637s plan_hint=5.433s plan_sched=0.135s attn_total=8.724s attn_encode=3.684s attn_wait=3.475s attn_drain=1.566s kernel_total=35.636s kernel_host=1.262s kernel_wait=2.789s kernel_drain=31.585s
[attn-split] single: calls=9114 total=6.907s encode=3.084s wait=2.257s drain=1.566s waits=15778 untimed=2396 | wide: calls=93 total=1.818s encode=0.600s wait=1.218s drain=0.000s waits=92 untimed=92 | hint: calls=9108 total=5.427s encode=0.025s wait=5.403s drain=0.000s waits=8918 untimed=8918
[kernel-split] single: calls=9680 total=32.798s encode=1.052s wait=0.388s drain=31.358s waits=10398 untimed=8161 | wide: calls=467 total=2.838s encode=0.210s wait=2.401s drain=0.227s waits=467 untimed=0
[kernel-sub] materialize=0.076s moe=3.376s precommit=31.508s rest=0.675s
[metal-cache] calls=12526 zero_copy_wraps=231 copies=0 cache_entries=112 bindless=true
**

[stats] generated=100 elapsed=176.034s speed=0.5681 token/s (1.760 s/token) chunks=100 committed_rows=130 verify_tx=0 drafts=0/0 layer_passes=9300 expert_rows=11960 expert_tiles=9581
[opens] expert file opens=385594 total=6.339s mean=0.016ms requested_bytes=3911739768000 (3911.7 GB)
[arrival] tiles=572 waves=1236 uncovered_wait=21.268s dispatch=3.579s
[retain] enabled=false cap_gb=8 layers=63..=92 consults=0 wanted=0 hits=0 inserts=0 served=0.0MB
[summer] enabled=false cap_gb=8 sample=16 consults=0 wanted=0 hits=0 hit_rate=0.0% misses=0 inserts=0 evictions=0 recycled=0 allocs=0 pin_skips=0 gated=0 ramp=2..50 bar=0 suppressed=0 wide_skips=0 served=0.0MB copied=0.0MB ssd_avoided=0.0GB live=0/0.0GB model=0 protected=0 declined=0 topup_suppressed=0 aged=0 into=0/0/0 pending=0
[mirror-split] internal=0 K3C=0 K3B=0 K3A=0  shares=0%/0%/0%/0%
[phases] mono=392798.910324 chunks=100 sequence=175.918s read_wait=0.171s bind_upload=1.641s attention_resident=8.812s expert_read_prefetch=106.318s expert_demand_read=64.484s expert_plan=5.635s expert_hint=0.000s expert_submit=0.001s expert_kernel=57.283s source_fence=0.000s tail_head_sync=1.443s layer_other=0.204s expert_read_gross=100.682s plan_hint=5.497s plan_sched=0.136s attn_total=8.790s attn_encode=3.710s attn_wait=3.494s attn_drain=1.587s kernel_total=35.979s kernel_host=1.274s kernel_wait=2.793s kernel_drain=31.913s
[attn-split] single: calls=9207 total=6.973s encode=3.110s wait=2.276s drain=1.587s waits=15939 untimed=2413 | wide: calls=93 total=1.818s encode=0.600s wait=1.218s drain=0.000s waits=92 untimed=92 | hint: calls=9200 total=5.491s encode=0.025s wait=5.466s drain=0.000s waits=9009 untimed=9009
[kernel-split] single: calls=9778 total=33.142s encode=1.064s wait=0.391s drain=31.687s waits=10503 untimed=8240 | wide: calls=467 total=2.838s encode=0.210s wait=2.401s drain=0.227s waits=467 untimed=0
[kernel-sub] materialize=0.076s moe=3.383s precommit=31.839s rest=0.682s
[metal-cache] calls=12624 zero_copy_wraps=231 copies=0 cache_entries=112 bindless=true
High
[stats] generated=101 elapsed=177.586s speed=0.5687 token/s (1.758 s/token) chunks=101 committed_rows=131 verify_tx=0 drafts=0/0 layer_passes=9393 expert_rows=12052 expert_tiles=9673
[opens] expert file opens=389537 total=6.397s mean=0.016ms requested_bytes=3946325474496 (3946.3 GB)
[arrival] tiles=573 waves=1243 uncovered_wait=21.279s dispatch=3.584s
[retain] enabled=false cap_gb=8 layers=63..=92 consults=0 wanted=0 hits=0 inserts=0 served=0.0MB
[summer] enabled=false cap_gb=8 sample=16 consults=0 wanted=0 hits=0 hit_rate=0.0% misses=0 inserts=0 evictions=0 recycled=0 allocs=0 pin_skips=0 gated=0 ramp=2..50 bar=0 suppressed=0 wide_skips=0 served=0.0MB copied=0.0MB ssd_avoided=0.0GB live=0/0.0GB model=0 protected=0 declined=0 topup_suppressed=0 aged=0 into=0/0/0 pending=0
[mirror-split] internal=0 K3C=0 K3B=0 K3A=0  shares=0%/0%/0%/0%
[phases] mono=392800.461673 chunks=101 sequence=177.469s read_wait=0.171s bind_upload=1.641s attention_resident=8.878s expert_read_prefetch=107.435s expert_demand_read=65.238s expert_plan=5.699s expert_hint=0.000s expert_submit=0.001s expert_kernel=57.636s source_fence=0.000s tail_head_sync=1.455s layer_other=0.205s expert_read_gross=101.735s plan_hint=5.560s plan_sched=0.137s attn_total=8.856s attn_encode=3.735s attn_wait=3.510s attn_drain=1.611s kernel_total=36.322s kernel_host=1.284s kernel_wait=2.795s kernel_drain=32.242s
[attn-split] single: calls=9300 total=7.039s encode=3.136s wait=2.292s drain=1.611s waits=16100 untimed=2427 | wide: calls=93 total=1.818s encode=0.600s wait=1.218s drain=0.000s waits=92 untimed=92 | hint: calls=9292 total=5.554s encode=0.025s wait=5.529s drain=0.000s waits=9100 untimed=9100
[kernel-split] single: calls=9876 total=33.484s encode=1.075s wait=0.394s drain=32.015s waits=10608 untimed=8317 | wide: calls=467 total=2.838s encode=0.210s wait=2.401s drain=0.227s waits=467 untimed=0
[kernel-sub] materialize=0.076s moe=3.388s precommit=32.170s rest=0.688s
[metal-cache] calls=12722 zero_copy_wraps=231 copies=0 cache_entries=112 bindless=true
 up
[stats] generated=102 elapsed=179.076s speed=0.5696 token/s (1.756 s/token) chunks=102 committed_rows=132 verify_tx=0 drafts=0/0 layer_passes=9486 expert_rows=12144 expert_tiles=9765
[opens] expert file opens=393360 total=6.449s mean=0.016ms requested_bytes=3979902188736 (3979.9 GB)
[arrival] tiles=574 waves=1248 uncovered_wait=21.290s dispatch=3.590s
[retain] enabled=false cap_gb=8 layers=63..=92 consults=0 wanted=0 hits=0 inserts=0 served=0.0MB
[summer] enabled=false cap_gb=8 sample=16 consults=0 wanted=0 hits=0 hit_rate=0.0% misses=0 inserts=0 evictions=0 recycled=0 allocs=0 pin_skips=0 gated=0 ramp=2..50 bar=0 suppressed=0 wide_skips=0 served=0.0MB copied=0.0MB ssd_avoided=0.0GB live=0/0.0GB model=0 protected=0 declined=0 topup_suppressed=0 aged=0 into=0/0/0 pending=0
[mirror-split] internal=0 K3C=0 K3B=0 K3A=0  shares=0%/0%/0%/0%
[phases] mono=392801.952619 chunks=102 sequence=178.958s read_wait=0.171s bind_upload=1.641s attention_resident=8.954s expert_read_prefetch=108.478s expert_demand_read=65.874s expert_plan=5.757s expert_hint=0.000s expert_submit=0.001s expert_kernel=57.990s source_fence=0.000s tail_head_sync=1.470s layer_other=0.207s expert_read_gross=102.721s plan_hint=5.616s plan_sched=0.138s attn_total=8.932s attn_encode=3.771s attn_wait=3.531s attn_drain=1.631s kernel_total=36.664s kernel_host=1.294s kernel_wait=2.798s kernel_drain=32.572s
[attn-split] single: calls=9393 total=7.114s encode=3.171s wait=2.313s drain=1.631s waits=16261 untimed=2450 | wide: calls=93 total=1.818s encode=0.600s wait=1.218s drain=0.000s waits=92 untimed=92 | hint: calls=9384 total=5.610s encode=0.025s wait=5.585s drain=0.000s waits=9191 untimed=9191
[kernel-split] single: calls=9972 total=33.826s encode=1.084s wait=0.397s drain=32.346s waits=10709 untimed=8398 | wide: calls=467 total=2.838s encode=0.210s wait=2.401s drain=0.227s waits=467 untimed=0
[kernel-sub] materialize=0.076s moe=3.393s precommit=32.502s rest=0.693s
[metal-cache] calls=12818 zero_copy_wraps=231 copies=0 cache_entries=112 bindless=true
 in
[stats] generated=103 elapsed=180.613s speed=0.5703 token/s (1.754 s/token) chunks=103 committed_rows=133 verify_tx=0 drafts=0/0 layer_passes=9579 expert_rows=12236 expert_tiles=9857
[opens] expert file opens=397135 total=6.509s mean=0.016ms requested_bytes=4013057785024 (4013.1 GB)
[arrival] tiles=575 waves=1256 uncovered_wait=21.301s dispatch=3.598s
[retain] enabled=false cap_gb=8 layers=63..=92 consults=0 wanted=0 hits=0 inserts=0 served=0.0MB
[summer] enabled=false cap_gb=8 sample=16 consults=0 wanted=0 hits=0 hit_rate=0.0% misses=0 inserts=0 evictions=0 recycled=0 allocs=0 pin_skips=0 gated=0 ramp=2..50 bar=0 suppressed=0 wide_skips=0 served=0.0MB copied=0.0MB ssd_avoided=0.0GB live=0/0.0GB model=0 protected=0 declined=0 topup_suppressed=0 aged=0 into=0/0/0 pending=0
[mirror-split] internal=0 K3C=0 K3B=0 K3A=0  shares=0%/0%/0%/0%
[phases] mono=392803.488623 chunks=103 sequence=180.493s read_wait=0.171s bind_upload=1.641s attention_resident=9.022s expert_read_prefetch=109.571s expert_demand_read=66.592s expert_plan=5.809s expert_hint=0.000s expert_submit=0.001s expert_kernel=58.347s source_fence=0.000s tail_head_sync=1.485s layer_other=0.209s expert_read_gross=103.761s plan_hint=5.668s plan_sched=0.139s attn_total=9.000s attn_encode=3.799s attn_wait=3.554s attn_drain=1.646s kernel_total=37.010s kernel_host=1.304s kernel_wait=2.802s kernel_drain=32.904s
[attn-split] single: calls=9486 total=7.183s encode=3.200s wait=2.337s drain=1.646s waits=16422 untimed=2473 | wide: calls=93 total=1.818s encode=0.600s wait=1.218s drain=0.000s waits=92 untimed=92 | hint: calls=9476 total=5.661s encode=0.026s wait=5.636s drain=0.000s waits=9282 untimed=9282
[kernel-split] single: calls=10071 total=34.173s encode=1.094s wait=0.401s drain=32.677s waits=10816 untimed=8482 | wide: calls=467 total=2.838s encode=0.210s wait=2.401s drain=0.227s waits=467 untimed=0
[kernel-sub] materialize=0.076s moe=3.402s precommit=32.834s rest=0.698s
[metal-cache] calls=12917 zero_copy_wraps=231 copies=0 cache_entries=112 bindless=true
 the
[stats] generated=104 elapsed=182.106s speed=0.5711 token/s (1.751 s/token) chunks=104 committed_rows=134 verify_tx=0 drafts=0/0 layer_passes=9672 expert_rows=12328 expert_tiles=9949
[opens] expert file opens=400917 total=6.562s mean=0.016ms requested_bytes=4046257257664 (4046.3 GB)
[arrival] tiles=576 waves=1264 uncovered_wait=21.317s dispatch=3.606s
[retain] enabled=false cap_gb=8 layers=63..=92 consults=0 wanted=0 hits=0 inserts=0 served=0.0MB
[summer] enabled=false cap_gb=8 sample=16 consults=0 wanted=0 hits=0 hit_rate=0.0% misses=0 inserts=0 evictions=0 recycled=0 allocs=0 pin_skips=0 gated=0 ramp=2..50 bar=0 suppressed=0 wide_skips=0 served=0.0MB copied=0.0MB ssd_avoided=0.0GB live=0/0.0GB model=0 protected=0 declined=0 topup_suppressed=0 aged=0 into=0/0/0 pending=0
[mirror-split] internal=0 K3C=0 K3B=0 K3A=0  shares=0%/0%/0%/0%
[phases] mono=392804.982351 chunks=104 sequence=181.986s read_wait=0.171s bind_upload=1.641s attention_resident=9.082s expert_read_prefetch=110.641s expert_demand_read=67.284s expert_plan=5.860s expert_hint=0.000s expert_submit=0.001s expert_kernel=58.695s source_fence=0.000s tail_head_sync=1.498s layer_other=0.210s expert_read_gross=104.781s plan_hint=5.717s plan_sched=0.140s attn_total=9.060s attn_encode=3.822s attn_wait=3.577s attn_drain=1.661s kernel_total=37.342s kernel_host=1.313s kernel_wait=2.806s kernel_drain=33.223s
[attn-split] single: calls=9579 total=7.242s encode=3.222s wait=2.359s drain=1.661s waits=16583 untimed=2501 | wide: calls=93 total=1.818s encode=0.600s wait=1.218s drain=0.000s waits=92 untimed=92 | hint: calls=9568 total=5.711s encode=0.026s wait=5.685s drain=0.000s waits=9373 untimed=9373
[kernel-split] single: calls=10170 total=34.505s encode=1.103s wait=0.405s drain=32.997s waits=10923 untimed=8568 | wide: calls=467 total=2.838s encode=0.210s wait=2.401s drain=0.227s waits=467 untimed=0
[kernel-sub] materialize=0.076s moe=3.409s precommit=33.155s rest=0.703s
[metal-cache] calls=13016 zero_copy_wraps=231 copies=0 cache_entries=112 bindless=true
 sky
[stats] generated=105 elapsed=183.703s speed=0.5716 token/s (1.750 s/token) chunks=105 committed_rows=135 verify_tx=0 drafts=0/0 layer_passes=9765 expert_rows=12420 expert_tiles=10041
[opens] expert file opens=404972 total=6.616s mean=0.016ms requested_bytes=4081825610944 (4081.8 GB)
[arrival] tiles=577 waves=1272 uncovered_wait=21.328s dispatch=3.612s
[retain] enabled=false cap_gb=8 layers=63..=92 consults=0 wanted=0 hits=0 inserts=0 served=0.0MB
[summer] enabled=false cap_gb=8 sample=16 consults=0 wanted=0 hits=0 hit_rate=0.0% misses=0 inserts=0 evictions=0 recycled=0 allocs=0 pin_skips=0 gated=0 ramp=2..50 bar=0 suppressed=0 wide_skips=0 served=0.0MB copied=0.0MB ssd_avoided=0.0GB live=0/0.0GB model=0 protected=0 declined=0 topup_suppressed=0 aged=0 into=0/0/0 pending=0
[mirror-split] internal=0 K3C=0 K3B=0 K3A=0  shares=0%/0%/0%/0%
[phases] mono=392806.579024 chunks=105 sequence=183.582s read_wait=0.171s bind_upload=1.641s attention_resident=9.158s expert_read_prefetch=111.812s expert_demand_read=68.003s expert_plan=5.912s expert_hint=0.000s expert_submit=0.001s expert_kernel=59.028s source_fence=0.000s tail_head_sync=1.511s layer_other=0.212s expert_read_gross=105.900s plan_hint=5.768s plan_sched=0.141s attn_total=9.136s attn_encode=3.852s attn_wait=3.605s attn_drain=1.678s kernel_total=37.664s kernel_host=1.322s kernel_wait=2.810s kernel_drain=33.532s
[attn-split] single: calls=9672 total=7.318s encode=3.253s wait=2.387s drain=1.678s waits=16744 untimed=2534 | wide: calls=93 total=1.818s encode=0.600s wait=1.218s drain=0.000s waits=92 untimed=92 | hint: calls=9660 total=5.762s encode=0.026s wait=5.736s drain=0.000s waits=9464 untimed=9464
[kernel-split] single: calls=10269 total=34.827s encode=1.112s wait=0.409s drain=33.306s waits=11030 untimed=8651 | wide: calls=467 total=2.838s encode=0.210s wait=2.401s drain=0.227s waits=467 untimed=0
[kernel-sub] materialize=0.076s moe=3.416s precommit=33.465s rest=0.707s
[metal-cache] calls=13115 zero_copy_wraps=231 copies=0 cache_entries=112 bindless=true
[route-chain] chained=6900
[route-chain] dedup_hits=6900
,
[stats] generated=106 elapsed=185.225s speed=0.5723 token/s (1.747 s/token) chunks=106 committed_rows=136 verify_tx=0 drafts=0/0 layer_passes=9858 expert_rows=12512 expert_tiles=10133
[opens] expert file opens=408835 total=6.669s mean=0.016ms requested_bytes=4115718225088 (4115.7 GB)
[arrival] tiles=578 waves=1280 uncovered_wait=21.345s dispatch=3.620s
[retain] enabled=false cap_gb=8 layers=63..=92 consults=0 wanted=0 hits=0 inserts=0 served=0.0MB
[summer] enabled=false cap_gb=8 sample=16 consults=0 wanted=0 hits=0 hit_rate=0.0% misses=0 inserts=0 evictions=0 recycled=0 allocs=0 pin_skips=0 gated=0 ramp=2..50 bar=0 suppressed=0 wide_skips=0 served=0.0MB copied=0.0MB ssd_avoided=0.0GB live=0/0.0GB model=0 protected=0 declined=0 topup_suppressed=0 aged=0 into=0/0/0 pending=0
[mirror-split] internal=0 K3C=0 K3B=0 K3A=0  shares=0%/0%/0%/0%
[phases] mono=392808.101018 chunks=106 sequence=185.102s read_wait=0.171s bind_upload=1.641s attention_resident=9.229s expert_read_prefetch=112.913s expert_demand_read=68.642s expert_plan=5.972s expert_hint=0.000s expert_submit=0.001s expert_kernel=59.359s source_fence=0.000s tail_head_sync=1.528s layer_other=0.213s expert_read_gross=106.940s plan_hint=5.828s plan_sched=0.142s attn_total=9.206s attn_encode=3.887s attn_wait=3.626s attn_drain=1.694s kernel_total=37.977s kernel_host=1.331s kernel_wait=2.814s kernel_drain=33.832s
[attn-split] single: calls=9765 total=7.388s encode=3.287s wait=2.408s drain=1.694s waits=16905 untimed=2565 | wide: calls=93 total=1.818s encode=0.600s wait=1.218s drain=0.000s waits=92 untimed=92 | hint: calls=9752 total=5.822s encode=0.026s wait=5.795s drain=0.000s waits=9555 untimed=9555
[kernel-split] single: calls=10368 total=35.139s encode=1.121s wait=0.413s drain=33.605s waits=11137 untimed=8744 | wide: calls=467 total=2.838s encode=0.210s wait=2.401s drain=0.227s waits=467 untimed=0
[kernel-sub] materialize=0.076s moe=3.423s precommit=33.766s rest=0.712s
[metal-cache] calls=13214 zero_copy_wraps=231 copies=0 cache_entries=112 bindless=true
 the
[stats] generated=107 elapsed=186.788s speed=0.5728 token/s (1.746 s/token) chunks=107 committed_rows=137 verify_tx=0 drafts=0/0 layer_passes=9951 expert_rows=12604 expert_tiles=10225
[opens] expert file opens=412768 total=6.730s mean=0.016ms requested_bytes=4150224960704 (4150.2 GB)
[arrival] tiles=579 waves=1288 uncovered_wait=21.360s dispatch=3.628s
[retain] enabled=false cap_gb=8 layers=63..=92 consults=0 wanted=0 hits=0 inserts=0 served=0.0MB
[summer] enabled=false cap_gb=8 sample=16 consults=0 wanted=0 hits=0 hit_rate=0.0% misses=0 inserts=0 evictions=0 recycled=0 allocs=0 pin_skips=0 gated=0 ramp=2..50 bar=0 suppressed=0 wide_skips=0 served=0.0MB copied=0.0MB ssd_avoided=0.0GB live=0/0.0GB model=0 protected=0 declined=0 topup_suppressed=0 aged=0 into=0/0/0 pending=0
[mirror-split] internal=0 K3C=0 K3B=0 K3A=0  shares=0%/0%/0%/0%
[phases] mono=392809.664033 chunks=107 sequence=186.664s read_wait=0.171s bind_upload=1.641s attention_resident=9.291s expert_read_prefetch=114.061s expert_demand_read=69.326s expert_plan=6.028s expert_hint=0.000s expert_submit=0.001s expert_kernel=59.696s source_fence=0.000s tail_head_sync=1.542s layer_other=0.215s expert_read_gross=108.033s plan_hint=5.882s plan_sched=0.143s attn_total=9.268s attn_encode=3.910s attn_wait=3.648s attn_drain=1.711s kernel_total=38.299s kernel_host=1.341s kernel_wait=2.818s kernel_drain=34.139s
[attn-split] single: calls=9858 total=7.451s encode=3.310s wait=2.430s drain=1.711s waits=17066 untimed=2588 | wide: calls=93 total=1.818s encode=0.600s wait=1.218s drain=0.000s waits=92 untimed=92 | hint: calls=9844 total=5.876s encode=0.027s wait=5.849s drain=0.000s waits=9646 untimed=9646
[kernel-split] single: calls=10467 total=35.461s encode=1.131s wait=0.417s drain=33.913s waits=11244 untimed=8832 | wide: calls=467 total=2.838s encode=0.210s wait=2.401s drain=0.227s waits=467 untimed=0
[kernel-sub] materialize=0.076s moe=3.431s precommit=34.075s rest=0.717s
[metal-cache] calls=13313 zero_copy_wraps=231 copies=0 cache_entries=112 bindless=true
 air
[stats] generated=108 elapsed=188.300s speed=0.5736 token/s (1.744 s/token) chunks=108 committed_rows=138 verify_tx=0 drafts=0/0 layer_passes=10044 expert_rows=12696 expert_tiles=10317
[opens] expert file opens=416647 total=6.781s mean=0.016ms requested_bytes=4184249154752 (4184.2 GB)
[arrival] tiles=580 waves=1294 uncovered_wait=21.373s dispatch=3.636s
[retain] enabled=false cap_gb=8 layers=63..=92 consults=0 wanted=0 hits=0 inserts=0 served=0.0MB
[summer] enabled=false cap_gb=8 sample=16 consults=0 wanted=0 hits=0 hit_rate=0.0% misses=0 inserts=0 evictions=0 recycled=0 allocs=0 pin_skips=0 gated=0 ramp=2..50 bar=0 suppressed=0 wide_skips=0 served=0.0MB copied=0.0MB ssd_avoided=0.0GB live=0/0.0GB model=0 protected=0 declined=0 topup_suppressed=0 aged=0 into=0/0/0 pending=0
[mirror-split] internal=0 K3C=0 K3B=0 K3A=0  shares=0%/0%/0%/0%
[phases] mono=392811.176118 chunks=108 sequence=188.175s read_wait=0.171s bind_upload=1.641s attention_resident=9.354s expert_read_prefetch=115.171s expert_demand_read=70.028s expert_plan=6.089s expert_hint=0.000s expert_submit=0.001s expert_kernel=60.019s source_fence=0.000s tail_head_sync=1.554s layer_other=0.216s expert_read_gross=109.082s plan_hint=5.942s plan_sched=0.144s attn_total=9.331s attn_encode=3.935s attn_wait=3.675s attn_drain=1.721s kernel_total=38.609s kernel_host=1.351s kernel_wait=2.822s kernel_drain=34.436s
[attn-split] single: calls=9951 total=7.514s encode=3.335s wait=2.457s drain=1.721s waits=17227 untimed=2623 | wide: calls=93 total=1.818s encode=0.600s wait=1.218s drain=0.000s waits=92 untimed=92 | hint: calls=9936 total=5.936s encode=0.027s wait=5.909s drain=0.000s waits=9737 untimed=9737
[kernel-split] single: calls=10564 total=35.771s encode=1.141s wait=0.421s drain=34.209s waits=11347 untimed=8918 | wide: calls=467 total=2.838s encode=0.210s wait=2.401s drain=0.227s waits=467 untimed=0
[kernel-sub] materialize=0.076s moe=3.439s precommit=34.373s rest=0.721s
[metal-cache] calls=13410 zero_copy_wraps=231 copies=0 cache_entries=112 bindless=true
 is
[stats] generated=109 elapsed=189.779s speed=0.5744 token/s (1.741 s/token) chunks=109 committed_rows=139 verify_tx=0 drafts=0/0 layer_passes=10137 expert_rows=12788 expert_tiles=10409
[opens] expert file opens=420466 total=6.832s mean=0.016ms requested_bytes=4217711869120 (4217.7 GB)
[arrival] tiles=581 waves=1300 uncovered_wait=21.386s dispatch=3.642s
[retain] enabled=false cap_gb=8 layers=63..=92 consults=0 wanted=0 hits=0 inserts=0 served=0.0MB
[summer] enabled=false cap_gb=8 sample=16 consults=0 wanted=0 hits=0 hit_rate=0.0% misses=0 inserts=0 evictions=0 recycled=0 allocs=0 pin_skips=0 gated=0 ramp=2..50 bar=0 suppressed=0 wide_skips=0 served=0.0MB copied=0.0MB ssd_avoided=0.0GB live=0/0.0GB model=0 protected=0 declined=0 topup_suppressed=0 aged=0 into=0/0/0 pending=0
[mirror-split] internal=0 K3C=0 K3B=0 K3A=0  shares=0%/0%/0%/0%
[phases] mono=392812.654864 chunks=109 sequence=189.653s read_wait=0.171s bind_upload=1.641s attention_resident=9.416s expert_read_prefetch=116.232s expert_demand_read=70.663s expert_plan=6.152s expert_hint=0.001s expert_submit=0.001s expert_kernel=60.355s source_fence=0.000s tail_head_sync=1.571s layer_other=0.218s expert_read_gross=110.079s plan_hint=6.004s plan_sched=0.145s attn_total=9.393s attn_encode=3.957s attn_wait=3.692s attn_drain=1.744s kernel_total=38.933s kernel_host=1.360s kernel_wait=2.826s kernel_drain=34.747s
[attn-split] single: calls=10044 total=7.575s encode=3.357s wait=2.474s drain=1.744s waits=17388 untimed=2649 | wide: calls=93 total=1.818s encode=0.600s wait=1.218s drain=0.000s waits=92 untimed=92 | hint: calls=10028 total=5.998s encode=0.027s wait=5.971s drain=0.000s waits=9828 untimed=9828
[kernel-split] single: calls=10661 total=36.095s encode=1.150s wait=0.424s drain=34.521s waits=11450 untimed=9003 | wide: calls=467 total=2.838s encode=0.210s wait=2.401s drain=0.227s waits=467 untimed=0
[kernel-sub] materialize=0.076s moe=3.445s precommit=34.685s rest=0.726s
[metal-cache] calls=13507 zero_copy_wraps=231 copies=0 cache_entries=112 bindless=true
 cold
[stats] generated=110 elapsed=191.250s speed=0.5752 token/s (1.739 s/token) chunks=110 committed_rows=140 verify_tx=0 drafts=0/0 layer_passes=10230 expert_rows=12880 expert_tiles=10501
[opens] expert file opens=424325 total=6.903s mean=0.016ms requested_bytes=4251551857856 (4251.6 GB)
[arrival] tiles=582 waves=1306 uncovered_wait=21.401s dispatch=3.650s
[retain] enabled=false cap_gb=8 layers=63..=92 consults=0 wanted=0 hits=0 inserts=0 served=0.0MB
[summer] enabled=false cap_gb=8 sample=16 consults=0 wanted=0 hits=0 hit_rate=0.0% misses=0 inserts=0 evictions=0 recycled=0 allocs=0 pin_skips=0 gated=0 ramp=2..50 bar=0 suppressed=0 wide_skips=0 served=0.0MB copied=0.0MB ssd_avoided=0.0GB live=0/0.0GB model=0 protected=0 declined=0 topup_suppressed=0 aged=0 into=0/0/0 pending=0
[mirror-split] internal=0 K3C=0 K3B=0 K3A=0  shares=0%/0%/0%/0%
[phases] mono=392814.126474 chunks=110 sequence=191.123s read_wait=0.171s bind_upload=1.641s attention_resident=9.493s expert_read_prefetch=117.241s expert_demand_read=71.267s expert_plan=6.204s expert_hint=0.001s expert_submit=0.001s expert_kernel=60.725s source_fence=0.000s tail_head_sync=1.585s layer_other=0.219s expert_read_gross=111.036s plan_hint=6.055s plan_sched=0.146s attn_total=9.470s attn_encode=3.994s attn_wait=3.718s attn_drain=1.758s kernel_total=39.287s kernel_host=1.370s kernel_wait=2.830s kernel_drain=35.087s
[attn-split] single: calls=10137 total=7.652s encode=3.394s wait=2.500s drain=1.758s waits=17549 untimed=2675 | wide: calls=93 total=1.818s encode=0.600s wait=1.218s drain=0.000s waits=92 untimed=92 | hint: calls=10120 total=6.049s encode=0.027s wait=6.022s drain=0.000s waits=9919 untimed=9919
[kernel-split] single: calls=10758 total=36.449s encode=1.160s wait=0.428s drain=34.861s waits=11553 untimed=9083 | wide: calls=467 total=2.838s encode=0.210s wait=2.401s drain=0.227s waits=467 untimed=0
[kernel-sub] materialize=0.076s moe=3.453s precommit=35.027s rest=0.731s
[metal-cache] calls=13604 zero_copy_wraps=231 copies=0 cache_entries=112 bindless=true
.
[stats] generated=111 elapsed=192.785s speed=0.5758 token/s (1.737 s/token) chunks=111 committed_rows=141 verify_tx=0 drafts=0/0 layer_passes=10323 expert_rows=12972 expert_tiles=10593
[opens] expert file opens=428246 total=6.956s mean=0.016ms requested_bytes=4285962091712 (4286.0 GB)
[arrival] tiles=583 waves=1313 uncovered_wait=21.410s dispatch=3.659s
[retain] enabled=false cap_gb=8 layers=63..=92 consults=0 wanted=0 hits=0 inserts=0 served=0.0MB
[summer] enabled=false cap_gb=8 sample=16 consults=0 wanted=0 hits=0 hit_rate=0.0% misses=0 inserts=0 evictions=0 recycled=0 allocs=0 pin_skips=0 gated=0 ramp=2..50 bar=0 suppressed=0 wide_skips=0 served=0.0MB copied=0.0MB ssd_avoided=0.0GB live=0/0.0GB model=0 protected=0 declined=0 topup_suppressed=0 aged=0 into=0/0/0 pending=0
[mirror-split] internal=0 K3C=0 K3B=0 K3A=0  shares=0%/0%/0%/0%
[phases] mono=392815.661072 chunks=111 sequence=192.657s read_wait=0.171s bind_upload=1.641s attention_resident=9.555s expert_read_prefetch=118.350s expert_demand_read=71.941s expert_plan=6.266s expert_hint=0.001s expert_submit=0.001s expert_kernel=61.069s source_fence=0.000s tail_head_sync=1.602s layer_other=0.221s expert_read_gross=112.083s plan_hint=6.116s plan_sched=0.147s attn_total=9.531s attn_encode=4.014s attn_wait=3.740s attn_drain=1.777s kernel_total=39.621s kernel_host=1.380s kernel_wait=2.834s kernel_drain=35.408s
[attn-split] single: calls=10230 total=7.714s encode=3.415s wait=2.522s drain=1.777s waits=17710 untimed=2707 | wide: calls=93 total=1.818s encode=0.600s wait=1.218s drain=0.000s waits=92 untimed=92 | hint: calls=10212 total=6.110s encode=0.027s wait=6.082s drain=0.000s waits=10010 untimed=10010
[kernel-split] single: calls=10856 total=36.784s encode=1.170s wait=0.433s drain=35.181s waits=11658 untimed=9173 | wide: calls=467 total=2.838s encode=0.210s wait=2.401s drain=0.227s waits=467 untimed=0
[kernel-sub] materialize=0.076s moe=3.461s precommit=35.348s rest=0.736s
[metal-cache] calls=13702 zero_copy_wraps=231 copies=0 cache_entries=112 bindless=true
 The
[stats] generated=112 elapsed=194.352s speed=0.5763 token/s (1.735 s/token) chunks=112 committed_rows=142 verify_tx=0 drafts=0/0 layer_passes=10416 expert_rows=13064 expert_tiles=10685
[opens] expert file opens=432179 total=7.007s mean=0.016ms requested_bytes=4320442531008 (4320.4 GB)
[arrival] tiles=584 waves=1321 uncovered_wait=21.428s dispatch=3.666s
[retain] enabled=false cap_gb=8 layers=63..=92 consults=0 wanted=0 hits=0 inserts=0 served=0.0MB
[summer] enabled=false cap_gb=8 sample=16 consults=0 wanted=0 hits=0 hit_rate=0.0% misses=0 inserts=0 evictions=0 recycled=0 allocs=0 pin_skips=0 gated=0 ramp=2..50 bar=0 suppressed=0 wide_skips=0 served=0.0MB copied=0.0MB ssd_avoided=0.0GB live=0/0.0GB model=0 protected=0 declined=0 topup_suppressed=0 aged=0 into=0/0/0 pending=0
[mirror-split] internal=0 K3C=0 K3B=0 K3A=0  shares=0%/0%/0%/0%
[phases] mono=392817.228077 chunks=112 sequence=194.223s read_wait=0.171s bind_upload=1.641s attention_resident=9.613s expert_read_prefetch=119.507s expert_demand_read=72.591s expert_plan=6.327s expert_hint=0.001s expert_submit=0.001s expert_kernel=61.405s source_fence=0.000s tail_head_sync=1.615s layer_other=0.222s expert_read_gross=113.180s plan_hint=6.176s plan_sched=0.148s attn_total=9.589s attn_encode=4.034s attn_wait=3.761s attn_drain=1.794s kernel_total=39.940s kernel_host=1.389s kernel_wait=2.838s kernel_drain=35.713s
[attn-split] single: calls=10323 total=7.772s encode=3.435s wait=2.543s drain=1.794s waits=17871 untimed=2734 | wide: calls=93 total=1.818s encode=0.600s wait=1.218s drain=0.000s waits=92 untimed=92 | hint: calls=10304 total=6.170s encode=0.028s wait=6.142s drain=0.000s waits=10101 untimed=10101
[kernel-split] single: calls=10955 total=37.102s encode=1.179s wait=0.437s drain=35.487s waits=11765 untimed=9258 | wide: calls=467 total=2.838s encode=0.210s wait=2.401s drain=0.227s waits=467 untimed=0
[kernel-sub] materialize=0.076s moe=3.469s precommit=35.654s rest=0.740s
[metal-cache] calls=13801 zero_copy_wraps=231 copies=0 cache_entries=112 bindless=true
 water
[stats] generated=113 elapsed=195.875s speed=0.5769 token/s (1.733 s/token) chunks=113 committed_rows=143 verify_tx=0 drafts=0/0 layer_passes=10509 expert_rows=13156 expert_tiles=10777
[opens] expert file opens=436145 total=7.060s mean=0.016ms requested_bytes=4355212491968 (4355.2 GB)
[arrival] tiles=585 waves=1328 uncovered_wait=21.441s dispatch=3.673s
[retain] enabled=false cap_gb=8 layers=63..=92 consults=0 wanted=0 hits=0 inserts=0 served=0.0MB
[summer] enabled=false cap_gb=8 sample=16 consults=0 wanted=0 hits=0 hit_rate=0.0% misses=0 inserts=0 evictions=0 recycled=0 allocs=0 pin_skips=0 gated=0 ramp=2..50 bar=0 suppressed=0 wide_skips=0 served=0.0MB copied=0.0MB ssd_avoided=0.0GB live=0/0.0GB model=0 protected=0 declined=0 topup_suppressed=0 aged=0 into=0/0/0 pending=0
[mirror-split] internal=0 K3C=0 K3B=0 K3A=0  shares=0%/0%/0%/0%
[phases] mono=392818.751047 chunks=113 sequence=195.746s read_wait=0.171s bind_upload=1.641s attention_resident=9.681s expert_read_prefetch=120.582s expert_demand_read=73.301s expert_plan=6.384s expert_hint=0.001s expert_submit=0.001s expert_kernel=61.770s source_fence=0.000s tail_head_sync=1.628s layer_other=0.224s expert_read_gross=114.197s plan_hint=6.232s plan_sched=0.149s attn_total=9.657s attn_encode=4.059s attn_wait=3.792s attn_drain=1.806s kernel_total=40.291s kernel_host=1.398s kernel_wait=2.842s kernel_drain=36.052s
[attn-split] single: calls=10416 total=7.840s encode=3.460s wait=2.574s drain=1.806s waits=18032 untimed=2770 | wide: calls=93 total=1.818s encode=0.600s wait=1.218s drain=0.000s waits=92 untimed=92 | hint: calls=10396 total=6.226s encode=0.028s wait=6.198s drain=0.000s waits=10192 untimed=10192
[kernel-split] single: calls=11053 total=37.454s encode=1.188s wait=0.440s drain=35.825s waits=11870 untimed=9346 | wide: calls=467 total=2.838s encode=0.210s wait=2.401s drain=0.227s waits=467 untimed=0
[kernel-sub] materialize=0.076s moe=3.475s precommit=35.995s rest=0.745s
[metal-cache] calls=13899 zero_copy_wraps=231 copies=0 cache_entries=112 bindless=true
 vapor
[stats] generated=114 elapsed=197.388s speed=0.5775 token/s (1.731 s/token) chunks=114 committed_rows=144 verify_tx=0 drafts=0/0 layer_passes=10602 expert_rows=13248 expert_tiles=10869
[opens] expert file opens=440068 total=7.111s mean=0.016ms requested_bytes=4389596445888 (4389.6 GB)
[arrival] tiles=586 waves=1336 uncovered_wait=21.452s dispatch=3.680s
[retain] enabled=false cap_gb=8 layers=63..=92 consults=0 wanted=0 hits=0 inserts=0 served=0.0MB
[summer] enabled=false cap_gb=8 sample=16 consults=0 wanted=0 hits=0 hit_rate=0.0% misses=0 inserts=0 evictions=0 recycled=0 allocs=0 pin_skips=0 gated=0 ramp=2..50 bar=0 suppressed=0 wide_skips=0 served=0.0MB copied=0.0MB ssd_avoided=0.0GB live=0/0.0GB model=0 protected=0 declined=0 topup_suppressed=0 aged=0 into=0/0/0 pending=0
[mirror-split] internal=0 K3C=0 K3B=0 K3A=0  shares=0%/0%/0%/0%
[phases] mono=392820.263853 chunks=114 sequence=197.257s read_wait=0.171s bind_upload=1.641s attention_resident=9.765s expert_read_prefetch=121.655s expert_demand_read=73.953s expert_plan=6.444s expert_hint=0.001s expert_submit=0.001s expert_kernel=62.110s source_fence=0.000s tail_head_sync=1.641s layer_other=0.225s expert_read_gross=115.210s plan_hint=6.291s plan_sched=0.150s attn_total=9.741s attn_encode=4.095s attn_wait=3.816s attn_drain=1.831s kernel_total=40.619s kernel_host=1.407s kernel_wait=2.846s kernel_drain=36.366s
[attn-split] single: calls=10509 total=7.923s encode=3.495s wait=2.598s drain=1.831s waits=18193 untimed=2800 | wide: calls=93 total=1.818s encode=0.600s wait=1.218s drain=0.000s waits=92 untimed=92 | hint: calls=10488 total=6.285s encode=0.028s wait=6.257s drain=0.000s waits=10283 untimed=10283
[kernel-split] single: calls=11152 total=37.782s encode=1.197s wait=0.445s drain=36.140s waits=11977 untimed=9436 | wide: calls=467 total=2.838s encode=0.210s wait=2.401s drain=0.227s waits=467 untimed=0
[kernel-sub] materialize=0.076s moe=3.482s precommit=36.311s rest=0.750s
[metal-cache] calls=13998 zero_copy_wraps=231 copies=0 cache_entries=112 bindless=true
 gets
[stats] generated=115 elapsed=198.894s speed=0.5782 token/s (1.730 s/token) chunks=115 committed_rows=145 verify_tx=0 drafts=0/0 layer_passes=10695 expert_rows=13340 expert_tiles=10961
[opens] expert file opens=443876 total=7.159s mean=0.016ms requested_bytes=4423006485696 (4423.0 GB)
[arrival] tiles=587 waves=1343 uncovered_wait=21.463s dispatch=3.686s
[retain] enabled=false cap_gb=8 layers=63..=92 consults=0 wanted=0 hits=0 inserts=0 served=0.0MB
[summer] enabled=false cap_gb=8 sample=16 consults=0 wanted=0 hits=0 hit_rate=0.0% misses=0 inserts=0 evictions=0 recycled=0 allocs=0 pin_skips=0 gated=0 ramp=2..50 bar=0 suppressed=0 wide_skips=0 served=0.0MB copied=0.0MB ssd_avoided=0.0GB live=0/0.0GB model=0 protected=0 declined=0 topup_suppressed=0 aged=0 into=0/0/0 pending=0
[mirror-split] internal=0 K3C=0 K3B=0 K3A=0  shares=0%/0%/0%/0%
[phases] mono=392821.770405 chunks=115 sequence=198.763s read_wait=0.171s bind_upload=1.641s attention_resident=9.832s expert_read_prefetch=122.757s expert_demand_read=74.599s expert_plan=6.500s expert_hint=0.001s expert_submit=0.001s expert_kernel=62.431s source_fence=0.000s tail_head_sync=1.655s layer_other=0.226s expert_read_gross=116.256s plan_hint=6.346s plan_sched=0.151s attn_total=9.808s attn_encode=4.119s attn_wait=3.841s attn_drain=1.848s kernel_total=40.930s kernel_host=1.416s kernel_wait=2.849s kernel_drain=36.665s
[attn-split] single: calls=10602 total=7.990s encode=3.520s wait=2.623s drain=1.848s waits=18354 untimed=2825 | wide: calls=93 total=1.818s encode=0.600s wait=1.218s drain=0.000s waits=92 untimed=92 | hint: calls=10580 total=6.339s encode=0.028s wait=6.311s drain=0.000s waits=10374 untimed=10374
[kernel-split] single: calls=11250 total=38.093s encode=1.206s wait=0.448s drain=36.439s waits=12082 untimed=9521 | wide: calls=467 total=2.838s encode=0.210s wait=2.401s drain=0.227s waits=467 untimed=0
[kernel-sub] materialize=0.076s moe=3.488s precommit=36.611s rest=0.755s
[metal-cache] calls=14096 zero_copy_wraps=231 copies=0 cache_entries=112 bindless=true
[route-chain] chained=7590
[route-chain] dedup_hits=7590
 chilly
[stats] generated=116 elapsed=200.425s speed=0.5788 token/s (1.728 s/token) chunks=116 committed_rows=146 verify_tx=0 drafts=0/0 layer_passes=10788 expert_rows=13432 expert_tiles=11053
[opens] expert file opens=447764 total=7.230s mean=0.016ms requested_bytes=4457092136128 (4457.1 GB)
[arrival] tiles=588 waves=1351 uncovered_wait=21.473s dispatch=3.695s
[retain] enabled=false cap_gb=8 layers=63..=92 consults=0 wanted=0 hits=0 inserts=0 served=0.0MB
[summer] enabled=false cap_gb=8 sample=16 consults=0 wanted=0 hits=0 hit_rate=0.0% misses=0 inserts=0 evictions=0 recycled=0 allocs=0 pin_skips=0 gated=0 ramp=2..50 bar=0 suppressed=0 wide_skips=0 served=0.0MB copied=0.0MB ssd_avoided=0.0GB live=0/0.0GB model=0 protected=0 declined=0 topup_suppressed=0 aged=0 into=0/0/0 pending=0
[mirror-split] internal=0 K3C=0 K3B=0 K3A=0  shares=0%/0%/0%/0%
[phases] mono=392823.301128 chunks=116 sequence=200.293s read_wait=0.171s bind_upload=1.641s attention_resident=9.899s expert_read_prefetch=123.859s expert_demand_read=75.272s expert_plan=6.566s expert_hint=0.001s expert_submit=0.001s expert_kernel=62.778s source_fence=0.000s tail_head_sync=1.668s layer_other=0.228s expert_read_gross=117.292s plan_hint=6.410s plan_sched=0.153s attn_total=9.874s attn_encode=4.142s attn_wait=3.866s attn_drain=1.866s kernel_total=41.267s kernel_host=1.426s kernel_wait=2.854s kernel_drain=36.987s
[attn-split] single: calls=10695 total=8.057s encode=3.542s wait=2.648s drain=1.866s waits=18515 untimed=2857 | wide: calls=93 total=1.818s encode=0.600s wait=1.218s drain=0.000s waits=92 untimed=92 | hint: calls=10672 total=6.404s encode=0.028s wait=6.375s drain=0.000s waits=10465 untimed=10465
[kernel-split] single: calls=11349 total=38.429s encode=1.216s wait=0.452s drain=36.761s waits=12189 untimed=9606 | wide: calls=467 total=2.838s encode=0.210s wait=2.401s drain=0.227s waits=467 untimed=0
[kernel-sub] materialize=0.076s moe=3.497s precommit=36.934s rest=0.759s
[metal-cache] calls=14195 zero_copy_wraps=231 copies=0 cache_entries=112 bindless=true
 and
[stats] generated=117 elapsed=201.943s speed=0.5794 token/s (1.726 s/token) chunks=117 committed_rows=147 verify_tx=0 drafts=0/0 layer_passes=10881 expert_rows=13524 expert_tiles=11145
[opens] expert file opens=451615 total=7.282s mean=0.016ms requested_bytes=4490861903040 (4490.9 GB)
[arrival] tiles=589 waves=1359 uncovered_wait=21.483s dispatch=3.702s
[retain] enabled=false cap_gb=8 layers=63..=92 consults=0 wanted=0 hits=0 inserts=0 served=0.0MB
[summer] enabled=false cap_gb=8 sample=16 consults=0 wanted=0 hits=0 hit_rate=0.0% misses=0 inserts=0 evictions=0 recycled=0 allocs=0 pin_skips=0 gated=0 ramp=2..50 bar=0 suppressed=0 wide_skips=0 served=0.0MB copied=0.0MB ssd_avoided=0.0GB live=0/0.0GB model=0 protected=0 declined=0 topup_suppressed=0 aged=0 into=0/0/0 pending=0
[mirror-split] internal=0 K3C=0 K3B=0 K3A=0  shares=0%/0%/0%/0%
[phases] mono=392824.818619 chunks=117 sequence=201.809s read_wait=0.171s bind_upload=1.641s attention_resident=9.966s expert_read_prefetch=124.950s expert_demand_read=75.934s expert_plan=6.632s expert_hint=0.001s expert_submit=0.001s expert_kernel=63.120s source_fence=0.000s tail_head_sync=1.682s layer_other=0.229s expert_read_gross=118.318s plan_hint=6.476s plan_sched=0.154s attn_total=9.941s attn_encode=4.169s attn_wait=3.893s attn_drain=1.879s kernel_total=41.599s kernel_host=1.436s kernel_wait=2.857s kernel_drain=37.306s
[attn-split] single: calls=10788 total=8.124s encode=3.569s wait=2.675s drain=1.879s waits=18676 untimed=2892 | wide: calls=93 total=1.818s encode=0.600s wait=1.218s drain=0.000s waits=92 untimed=92 | hint: calls=10764 total=6.469s encode=0.029s wait=6.440s drain=0.000s waits=10556 untimed=10556
[kernel-split] single: calls=11448 total=38.761s encode=1.226s wait=0.455s drain=37.080s waits=12296 untimed=9690 | wide: calls=467 total=2.838s encode=0.210s wait=2.401s drain=0.227s waits=467 untimed=0
[kernel-sub] materialize=0.076s moe=3.503s precommit=37.254s rest=0.764s
[metal-cache] calls=14294 zero_copy_wraps=231 copies=0 cache_entries=112 bindless=true
 turns
[stats] generated=118 elapsed=203.501s speed=0.5799 token/s (1.725 s/token) chunks=118 committed_rows=148 verify_tx=0 drafts=0/0 layer_passes=10974 expert_rows=13616 expert_tiles=11237
[opens] expert file opens=455481 total=7.345s mean=0.016ms requested_bytes=4524763249856 (4524.8 GB)
[arrival] tiles=590 waves=1367 uncovered_wait=21.492s dispatch=3.709s
[retain] enabled=false cap_gb=8 layers=63..=92 consults=0 wanted=0 hits=0 inserts=0 served=0.0MB
[summer] enabled=false cap_gb=8 sample=16 consults=0 wanted=0 hits=0 hit_rate=0.0% misses=0 inserts=0 evictions=0 recycled=0 allocs=0 pin_skips=0 gated=0 ramp=2..50 bar=0 suppressed=0 wide_skips=0 served=0.0MB copied=0.0MB ssd_avoided=0.0GB live=0/0.0GB model=0 protected=0 declined=0 topup_suppressed=0 aged=0 into=0/0/0 pending=0
[mirror-split] internal=0 K3C=0 K3B=0 K3A=0  shares=0%/0%/0%/0%
[phases] mono=392826.376691 chunks=118 sequence=203.366s read_wait=0.171s bind_upload=1.641s attention_resident=10.048s expert_read_prefetch=126.070s expert_demand_read=76.625s expert_plan=6.692s expert_hint=0.001s expert_submit=0.001s expert_kernel=63.460s source_fence=0.000s tail_head_sync=1.696s layer_other=0.231s expert_read_gross=119.378s plan_hint=6.534s plan_sched=0.155s attn_total=10.023s attn_encode=4.209s attn_wait=3.916s attn_drain=1.898s kernel_total=41.929s kernel_host=1.446s kernel_wait=2.860s kernel_drain=37.623s
[attn-split] single: calls=10881 total=8.206s encode=3.609s wait=2.698s drain=1.898s waits=18837 untimed=2924 | wide: calls=93 total=1.818s encode=0.600s wait=1.218s drain=0.000s waits=92 untimed=92 | hint: calls=10856 total=6.527s encode=0.029s wait=6.498s drain=0.000s waits=10647 untimed=10647
[kernel-split] single: calls=11547 total=39.092s encode=1.236s wait=0.459s drain=37.397s waits=12403 untimed=9781 | wide: calls=467 total=2.838s encode=0.210s wait=2.401s drain=0.227s waits=467 untimed=0
[kernel-sub] materialize=0.076s moe=3.511s precommit=37.573s rest=0.769s
[metal-cache] calls=14393 zero_copy_wraps=231 copies=0 cache_entries=112 bindless=true
 back
[stats] generated=119 elapsed=205.032s speed=0.5804 token/s (1.723 s/token) chunks=119 committed_rows=149 verify_tx=0 drafts=0/0 layer_passes=11067 expert_rows=13708 expert_tiles=11329
[opens] expert file opens=459333 total=7.396s mean=0.016ms requested_bytes=4558515485888 (4558.5 GB)
[arrival] tiles=591 waves=1374 uncovered_wait=21.501s dispatch=3.716s
[retain] enabled=false cap_gb=8 layers=63..=92 consults=0 wanted=0 hits=0 inserts=0 served=0.0MB
[summer] enabled=false cap_gb=8 sample=16 consults=0 wanted=0 hits=0 hit_rate=0.0% misses=0 inserts=0 evictions=0 recycled=0 allocs=0 pin_skips=0 gated=0 ramp=2..50 bar=0 suppressed=0 wide_skips=0 served=0.0MB copied=0.0MB ssd_avoided=0.0GB live=0/0.0GB model=0 protected=0 declined=0 topup_suppressed=0 aged=0 into=0/0/0 pending=0
[mirror-split] internal=0 K3C=0 K3B=0 K3A=0  shares=0%/0%/0%/0%
[phases] mono=392827.907793 chunks=119 sequence=204.896s read_wait=0.171s bind_upload=1.641s attention_resident=10.113s expert_read_prefetch=127.185s expert_demand_read=77.266s expert_plan=6.751s expert_hint=0.001s expert_submit=0.001s expert_kernel=63.793s source_fence=0.000s tail_head_sync=1.711s layer_other=0.232s expert_read_gross=120.433s plan_hint=6.592s plan_sched=0.156s attn_total=10.088s attn_encode=4.235s attn_wait=3.943s attn_drain=1.910s kernel_total=42.253s kernel_host=1.455s kernel_wait=2.864s kernel_drain=37.934s
[attn-split] single: calls=10974 total=8.270s encode=3.635s wait=2.725s drain=1.910s waits=18998 untimed=2951 | wide: calls=93 total=1.818s encode=0.600s wait=1.218s drain=0.000s waits=92 untimed=92 | hint: calls=10948 total=6.586s encode=0.029s wait=6.557s drain=0.000s waits=10738 untimed=10738
[kernel-split] single: calls=11645 total=39.415s encode=1.245s wait=0.463s drain=37.708s waits=12508 untimed=9865 | wide: calls=467 total=2.838s encode=0.210s wait=2.401s drain=0.227s waits=467 untimed=0
[kernel-sub] materialize=0.076s moe=3.517s precommit=37.885s rest=0.774s
[metal-cache] calls=14491 zero_copy_wraps=231 copies=0 cache_entries=112 bindless=true
 into
[stats] generated=120 elapsed=206.548s speed=0.5810 token/s (1.721 s/token) chunks=120 committed_rows=150 verify_tx=0 drafts=0/0 layer_passes=11160 expert_rows=13800 expert_tiles=11421
[opens] expert file opens=463145 total=7.446s mean=0.016ms requested_bytes=4591934291136 (4591.9 GB)
[arrival] tiles=592 waves=1381 uncovered_wait=21.512s dispatch=3.723s
[retain] enabled=false cap_gb=8 layers=63..=92 consults=0 wanted=0 hits=0 inserts=0 served=0.0MB
[summer] enabled=false cap_gb=8 sample=16 consults=0 wanted=0 hits=0 hit_rate=0.0% misses=0 inserts=0 evictions=0 recycled=0 allocs=0 pin_skips=0 gated=0 ramp=2..50 bar=0 suppressed=0 wide_skips=0 served=0.0MB copied=0.0MB ssd_avoided=0.0GB live=0/0.0GB model=0 protected=0 declined=0 topup_suppressed=0 aged=0 into=0/0/0 pending=0
[mirror-split] internal=0 K3C=0 K3B=0 K3A=0  shares=0%/0%/0%/0%
[phases] mono=392829.423638 chunks=120 sequence=206.411s read_wait=0.171s bind_upload=1.641s attention_resident=10.183s expert_read_prefetch=128.263s expert_demand_read=77.866s expert_plan=6.815s expert_hint=0.001s expert_submit=0.001s expert_kernel=64.144s source_fence=0.000s tail_head_sync=1.726s layer_other=0.234s expert_read_gross=121.447s plan_hint=6.656s plan_sched=0.157s attn_total=10.158s attn_encode=4.261s attn_wait=3.963s attn_drain=1.933s kernel_total=42.592s kernel_host=1.464s kernel_wait=2.867s kernel_drain=38.261s
[attn-split] single: calls=11067 total=8.340s encode=3.662s wait=2.745s drain=1.933s waits=19159 untimed=2976 | wide: calls=93 total=1.818s encode=0.600s wait=1.218s drain=0.000s waits=92 untimed=92 | hint: calls=11040 total=6.649s encode=0.029s wait=6.619s drain=0.000s waits=10829 untimed=10829
[kernel-split] single: calls=11743 total=39.755s encode=1.254s wait=0.466s drain=38.034s waits=12613 untimed=9947 | wide: calls=467 total=2.838s encode=0.210s wait=2.401s drain=0.227s waits=467 untimed=0
[kernel-sub] materialize=0.076s moe=3.524s precommit=38.213s rest=0.779s
[metal-cache] calls=14589 zero_copy_wraps=231 copies=0 cache_entries=112 bindless=true
 tiny
[stats] generated=121 elapsed=208.074s speed=0.5815 token/s (1.720 s/token) chunks=121 committed_rows=151 verify_tx=0 drafts=0/0 layer_passes=11253 expert_rows=13892 expert_tiles=11513
[opens] expert file opens=467028 total=7.496s mean=0.016ms requested_bytes=4625993596096 (4626.0 GB)
[arrival] tiles=593 waves=1386 uncovered_wait=21.523s dispatch=3.729s
[retain] enabled=false cap_gb=8 layers=63..=92 consults=0 wanted=0 hits=0 inserts=0 served=0.0MB
[summer] enabled=false cap_gb=8 sample=16 consults=0 wanted=0 hits=0 hit_rate=0.0% misses=0 inserts=0 evictions=0 recycled=0 allocs=0 pin_skips=0 gated=0 ramp=2..50 bar=0 suppressed=0 wide_skips=0 served=0.0MB copied=0.0MB ssd_avoided=0.0GB live=0/0.0GB model=0 protected=0 declined=0 topup_suppressed=0 aged=0 into=0/0/0 pending=0
[mirror-split] internal=0 K3C=0 K3B=0 K3A=0  shares=0%/0%/0%/0%
[phases] mono=392830.950074 chunks=121 sequence=207.937s read_wait=0.171s bind_upload=1.641s attention_resident=10.253s expert_read_prefetch=129.369s expert_demand_read=78.507s expert_plan=6.876s expert_hint=0.001s expert_submit=0.001s expert_kernel=64.479s source_fence=0.000s tail_head_sync=1.739s layer_other=0.235s expert_read_gross=122.492s plan_hint=6.715s plan_sched=0.158s attn_total=10.227s attn_encode=4.289s attn_wait=3.988s attn_drain=1.949s kernel_total=42.916s kernel_host=1.472s kernel_wait=2.871s kernel_drain=38.573s
[attn-split] single: calls=11160 total=8.410s encode=3.690s wait=2.770s drain=1.949s waits=19320 untimed=3000 | wide: calls=93 total=1.818s encode=0.600s wait=1.218s drain=0.000s waits=92 untimed=92 | hint: calls=11132 total=6.708s encode=0.030s wait=6.679s drain=0.000s waits=10920 untimed=10920
[kernel-split] single: calls=11839 total=40.079s encode=1.263s wait=0.469s drain=38.347s waits=12714 untimed=10030 | wide: calls=467 total=2.838s encode=0.210s wait=2.401s drain=0.227s waits=467 untimed=0
[kernel-sub] materialize=0.076s moe=3.530s precommit=38.526s rest=0.783s
[metal-cache] calls=14685 zero_copy_wraps=231 copies=0 cache_entries=112 bindless=true
 drops
[stats] generated=122 elapsed=209.593s speed=0.5821 token/s (1.718 s/token) chunks=122 committed_rows=152 verify_tx=0 drafts=0/0 layer_passes=11346 expert_rows=13984 expert_tiles=11605
[opens] expert file opens=470866 total=7.557s mean=0.016ms requested_bytes=4659675610304 (4659.7 GB)
[arrival] tiles=594 waves=1394 uncovered_wait=21.536s dispatch=3.737s
[retain] enabled=false cap_gb=8 layers=63..=92 consults=0 wanted=0 hits=0 inserts=0 served=0.0MB
[summer] enabled=false cap_gb=8 sample=16 consults=0 wanted=0 hits=0 hit_rate=0.0% misses=0 inserts=0 evictions=0 recycled=0 allocs=0 pin_skips=0 gated=0 ramp=2..50 bar=0 suppressed=0 wide_skips=0 served=0.0MB copied=0.0MB ssd_avoided=0.0GB live=0/0.0GB model=0 protected=0 declined=0 topup_suppressed=0 aged=0 into=0/0/0 pending=0
[mirror-split] internal=0 K3C=0 K3B=0 K3A=0  shares=0%/0%/0%/0%
[phases] mono=392832.469431 chunks=122 sequence=209.455s read_wait=0.171s bind_upload=1.641s attention_resident=10.345s expert_read_prefetch=130.441s expert_demand_read=79.198s expert_plan=6.932s expert_hint=0.001s expert_submit=0.001s expert_kernel=64.815s source_fence=0.000s tail_head_sync=1.756s layer_other=0.237s expert_read_gross=123.508s plan_hint=6.770s plan_sched=0.159s attn_total=10.319s attn_encode=4.340s attn_wait=4.018s attn_drain=1.962s kernel_total=43.239s kernel_host=1.482s kernel_wait=2.875s kernel_drain=38.882s
[attn-split] single: calls=11253 total=8.502s encode=3.740s wait=2.800s drain=1.962s waits=19481 untimed=3035 | wide: calls=93 total=1.818s encode=0.600s wait=1.218s drain=0.000s waits=92 untimed=92 | hint: calls=11224 total=6.763s encode=0.030s wait=6.734s drain=0.000s waits=11011 untimed=11011
[kernel-split] single: calls=11938 total=40.402s encode=1.272s wait=0.473s drain=38.656s waits=12821 untimed=10113 | wide: calls=467 total=2.838s encode=0.210s wait=2.401s drain=0.227s waits=467 untimed=0
[kernel-sub] materialize=0.076s moe=3.538s precommit=38.837s rest=0.788s
[metal-cache] calls=14784 zero_copy_wraps=231 copies=0 cache_entries=112 bindless=true
 of
[stats] generated=123 elapsed=211.102s speed=0.5827 token/s (1.716 s/token) chunks=123 committed_rows=153 verify_tx=0 drafts=0/0 layer_passes=11439 expert_rows=14076 expert_tiles=11697
[opens] expert file opens=474736 total=7.614s mean=0.016ms requested_bytes=4693655928000 (4693.7 GB)
[arrival] tiles=595 waves=1402 uncovered_wait=21.548s dispatch=3.744s
[retain] enabled=false cap_gb=8 layers=63..=92 consults=0 wanted=0 hits=0 inserts=0 served=0.0MB
[summer] enabled=false cap_gb=8 sample=16 consults=0 wanted=0 hits=0 hit_rate=0.0% misses=0 inserts=0 evictions=0 recycled=0 allocs=0 pin_skips=0 gated=0 ramp=2..50 bar=0 suppressed=0 wide_skips=0 served=0.0MB copied=0.0MB ssd_avoided=0.0GB live=0/0.0GB model=0 protected=0 declined=0 topup_suppressed=0 aged=0 into=0/0/0 pending=0
[mirror-split] internal=0 K3C=0 K3B=0 K3A=0  shares=0%/0%/0%/0%
[phases] mono=392833.977821 chunks=123 sequence=210.963s read_wait=0.171s bind_upload=1.641s attention_resident=10.405s expert_read_prefetch=131.521s expert_demand_read=79.881s expert_plan=6.990s expert_hint=0.001s expert_submit=0.001s expert_kernel=65.165s source_fence=0.000s tail_head_sync=1.771s layer_other=0.238s expert_read_gross=124.531s plan_hint=6.827s plan_sched=0.160s attn_total=10.380s attn_encode=4.361s attn_wait=4.048s attn_drain=1.971s kernel_total=43.576s kernel_host=1.492s kernel_wait=2.878s kernel_drain=39.206s
[attn-split] single: calls=11346 total=8.562s encode=3.761s wait=2.830s drain=1.971s waits=19642 untimed=3065 | wide: calls=93 total=1.818s encode=0.600s wait=1.218s drain=0.000s waits=92 untimed=92 | hint: calls=11316 total=6.820s encode=0.030s wait=6.790s drain=0.000s waits=11102 untimed=11102
[kernel-split] single: calls=12037 total=40.739s encode=1.282s wait=0.477s drain=38.980s waits=12928 untimed=10196 | wide: calls=467 total=2.838s encode=0.210s wait=2.401s drain=0.227s waits=467 untimed=0
[kernel-sub] materialize=0.076s moe=3.545s precommit=39.162s rest=0.793s
[metal-cache] calls=14883 zero_copy_wraps=231 copies=0 cache_entries=112 bindless=true
 water
[stats] generated=124 elapsed=212.625s speed=0.5832 token/s (1.715 s/token) chunks=124 committed_rows=154 verify_tx=0 drafts=0/0 layer_passes=11532 expert_rows=14168 expert_tiles=11789
[opens] expert file opens=478679 total=7.664s mean=0.016ms requested_bytes=4728232885440 (4728.2 GB)
[arrival] tiles=596 waves=1410 uncovered_wait=21.559s dispatch=3.752s
[retain] enabled=false cap_gb=8 layers=63..=92 consults=0 wanted=0 hits=0 inserts=0 served=0.0MB
[summer] enabled=false cap_gb=8 sample=16 consults=0 wanted=0 hits=0 hit_rate=0.0% misses=0 inserts=0 evictions=0 recycled=0 allocs=0 pin_skips=0 gated=0 ramp=2..50 bar=0 suppressed=0 wide_skips=0 served=0.0MB copied=0.0MB ssd_avoided=0.0GB live=0/0.0GB model=0 protected=0 declined=0 topup_suppressed=0 aged=0 into=0/0/0 pending=0
[mirror-split] internal=0 K3C=0 K3B=0 K3A=0  shares=0%/0%/0%/0%
[phases] mono=392835.501012 chunks=124 sequence=212.485s read_wait=0.171s bind_upload=1.641s attention_resident=10.474s expert_read_prefetch=132.620s expert_demand_read=80.593s expert_plan=7.041s expert_hint=0.001s expert_submit=0.001s expert_kernel=65.503s source_fence=0.000s tail_head_sync=1.785s layer_other=0.240s expert_read_gross=125.579s plan_hint=6.877s plan_sched=0.161s attn_total=10.448s attn_encode=4.389s attn_wait=4.070s attn_drain=1.990s kernel_total=43.904s kernel_host=1.501s kernel_wait=2.882s kernel_drain=39.520s
[attn-split] single: calls=11439 total=8.631s encode=3.789s wait=2.852s drain=1.990s waits=19803 untimed=3092 | wide: calls=93 total=1.818s encode=0.600s wait=1.218s drain=0.000s waits=92 untimed=92 | hint: calls=11408 total=6.870s encode=0.030s wait=6.840s drain=0.000s waits=11193 untimed=11193
[kernel-split] single: calls=12136 total=41.066s encode=1.291s wait=0.481s drain=39.293s waits=13035 untimed=10283 | wide: calls=467 total=2.838s encode=0.210s wait=2.401s drain=0.227s waits=467 untimed=0
[kernel-sub] materialize=0.076s moe=3.552s precommit=39.477s rest=0.797s
[metal-cache] calls=14982 zero_copy_wraps=231 copies=0 cache_entries=112 bindless=true
 or
[stats] generated=125 elapsed=214.131s speed=0.5838 token/s (1.713 s/token) chunks=125 committed_rows=155 verify_tx=0 drafts=0/0 layer_passes=11625 expert_rows=14260 expert_tiles=11881
[opens] expert file opens=482580 total=7.714s mean=0.016ms requested_bytes=4762467630272 (4762.5 GB)
[arrival] tiles=597 waves=1417 uncovered_wait=21.569s dispatch=3.759s
[retain] enabled=false cap_gb=8 layers=63..=92 consults=0 wanted=0 hits=0 inserts=0 served=0.0MB
[summer] enabled=false cap_gb=8 sample=16 consults=0 wanted=0 hits=0 hit_rate=0.0% misses=0 inserts=0 evictions=0 recycled=0 allocs=0 pin_skips=0 gated=0 ramp=2..50 bar=0 suppressed=0 wide_skips=0 served=0.0MB copied=0.0MB ssd_avoided=0.0GB live=0/0.0GB model=0 protected=0 declined=0 topup_suppressed=0 aged=0 into=0/0/0 pending=0
[mirror-split] internal=0 K3C=0 K3B=0 K3A=0  shares=0%/0%/0%/0%
[phases] mono=392837.006671 chunks=125 sequence=213.990s read_wait=0.171s bind_upload=1.641s attention_resident=10.535s expert_read_prefetch=133.721s expert_demand_read=81.268s expert_plan=7.105s expert_hint=0.001s expert_submit=0.001s expert_kernel=65.831s source_fence=0.000s tail_head_sync=1.798s layer_other=0.241s expert_read_gross=126.616s plan_hint=6.940s plan_sched=0.162s attn_total=10.509s attn_encode=4.412s attn_wait=4.097s attn_drain=2.001s kernel_total=44.222s kernel_host=1.511s kernel_wait=2.886s kernel_drain=39.825s
[attn-split] single: calls=11532 total=8.692s encode=3.812s wait=2.879s drain=2.001s waits=19964 untimed=3124 | wide: calls=93 total=1.818s encode=0.600s wait=1.218s drain=0.000s waits=92 untimed=92 | hint: calls=11500 total=6.933s encode=0.030s wait=6.902s drain=0.000s waits=11284 untimed=11284
[kernel-split] single: calls=12234 total=41.384s encode=1.301s wait=0.485s drain=39.598s waits=13140 untimed=10371 | wide: calls=467 total=2.838s encode=0.210s wait=2.401s drain=0.227s waits=467 untimed=0
[kernel-sub] materialize=0.076s moe=3.560s precommit=39.784s rest=0.802s
[metal-cache] calls=15080 zero_copy_wraps=231 copies=0 cache_entries=112 bindless=true
 ice
[stats] generated=126 elapsed=215.637s speed=0.5843 token/s (1.711 s/token) chunks=126 committed_rows=156 verify_tx=0 drafts=0/0 layer_passes=11718 expert_rows=14352 expert_tiles=11973
[opens] expert file opens=486412 total=7.763s mean=0.016ms requested_bytes=4796061940928 (4796.1 GB)
[arrival] tiles=598 waves=1425 uncovered_wait=21.583s dispatch=3.766s
[retain] enabled=false cap_gb=8 layers=63..=92 consults=0 wanted=0 hits=0 inserts=0 served=0.0MB
[summer] enabled=false cap_gb=8 sample=16 consults=0 wanted=0 hits=0 hit_rate=0.0% misses=0 inserts=0 evictions=0 recycled=0 allocs=0 pin_skips=0 gated=0 ramp=2..50 bar=0 suppressed=0 wide_skips=0 served=0.0MB copied=0.0MB ssd_avoided=0.0GB live=0/0.0GB model=0 protected=0 declined=0 topup_suppressed=0 aged=0 into=0/0/0 pending=0
[mirror-split] internal=0 K3C=0 K3B=0 K3A=0  shares=0%/0%/0%/0%
[phases] mono=392838.512804 chunks=126 sequence=215.495s read_wait=0.171s bind_upload=1.641s attention_resident=10.610s expert_read_prefetch=134.805s expert_demand_read=81.896s expert_plan=7.155s expert_hint=0.001s expert_submit=0.001s expert_kernel=66.161s source_fence=0.000s tail_head_sync=1.814s layer_other=0.243s expert_read_gross=127.649s plan_hint=6.989s plan_sched=0.163s attn_total=10.583s attn_encode=4.450s attn_wait=4.119s attn_drain=2.014s kernel_total=44.538s kernel_host=1.520s kernel_wait=2.890s kernel_drain=40.128s
[attn-split] single: calls=11625 total=8.766s encode=3.850s wait=2.901s drain=2.014s waits=20125 untimed=3156 | wide: calls=93 total=1.818s encode=0.600s wait=1.218s drain=0.000s waits=92 untimed=92 | hint: calls=11592 total=6.982s encode=0.031s wait=6.951s drain=0.000s waits=11375 untimed=11375
[kernel-split] single: calls=12333 total=41.700s encode=1.310s wait=0.489s drain=39.902s waits=13247 untimed=10462 | wide: calls=467 total=2.838s encode=0.210s wait=2.401s drain=0.227s waits=467 untimed=0
[kernel-sub] materialize=0.076s moe=3.567s precommit=40.088s rest=0.806s
[metal-cache] calls=15179 zero_copy_wraps=231 copies=0 cache_entries=112 bindless=true
[route-chain] chained=8280
[route-chain] dedup_hits=8280
.
[stats] generated=127 elapsed=217.139s speed=0.5849 token/s (1.710 s/token) chunks=127 committed_rows=157 verify_tx=0 drafts=0/0 layer_passes=11811 expert_rows=14444 expert_tiles=12065
[opens] expert file opens=490283 total=7.816s mean=0.016ms requested_bytes=4830033509568 (4830.0 GB)
[arrival] tiles=599 waves=1433 uncovered_wait=21.599s dispatch=3.775s
[retain] enabled=false cap_gb=8 layers=63..=92 consults=0 wanted=0 hits=0 inserts=0 served=0.0MB
[summer] enabled=false cap_gb=8 sample=16 consults=0 wanted=0 hits=0 hit_rate=0.0% misses=0 inserts=0 evictions=0 recycled=0 allocs=0 pin_skips=0 gated=0 ramp=2..50 bar=0 suppressed=0 wide_skips=0 served=0.0MB copied=0.0MB ssd_avoided=0.0GB live=0/0.0GB model=0 protected=0 declined=0 topup_suppressed=0 aged=0 into=0/0/0 pending=0
[mirror-split] internal=0 K3C=0 K3B=0 K3A=0  shares=0%/0%/0%/0%
[phases] mono=392840.014974 chunks=127 sequence=216.996s read_wait=0.171s bind_upload=1.641s attention_resident=10.669s expert_read_prefetch=135.886s expert_demand_read=82.564s expert_plan=7.214s expert_hint=0.001s expert_submit=0.001s expert_kernel=66.507s source_fence=0.000s tail_head_sync=1.827s layer_other=0.245s expert_read_gross=128.672s plan_hint=7.046s plan_sched=0.164s attn_total=10.642s attn_encode=4.471s attn_wait=4.144s attn_drain=2.027s kernel_total=44.867s kernel_host=1.529s kernel_wait=2.895s kernel_drain=40.443s
[attn-split] single: calls=11718 total=8.825s encode=3.871s wait=2.926s drain=2.027s waits=20286 untimed=3185 | wide: calls=93 total=1.818s encode=0.600s wait=1.218s drain=0.000s waits=92 untimed=92 | hint: calls=11684 total=7.039s encode=0.031s wait=7.008s drain=0.000s waits=11466 untimed=11466
[kernel-split] single: calls=12432 total=42.029s encode=1.319s wait=0.494s drain=40.216s waits=13354 untimed=10550 | wide: calls=467 total=2.838s encode=0.210s wait=2.401s drain=0.227s waits=467 untimed=0
[kernel-sub] materialize=0.076s moe=3.575s precommit=40.404s rest=0.811s
[metal-cache] calls=15278 zero_copy_wraps=231 copies=0 cache_entries=112 bindless=true
 These
[stats] generated=128 elapsed=218.733s speed=0.5852 token/s (1.709 s/token) chunks=128 committed_rows=158 verify_tx=0 drafts=0/0 layer_passes=11904 expert_rows=14536 expert_tiles=12157
[opens] expert file opens=494259 total=7.872s mean=0.016ms requested_bytes=4864899972288 (4864.9 GB)
[arrival] tiles=600 waves=1441 uncovered_wait=21.613s dispatch=3.782s
[retain] enabled=false cap_gb=8 layers=63..=92 consults=0 wanted=0 hits=0 inserts=0 served=0.0MB
[summer] enabled=false cap_gb=8 sample=16 consults=0 wanted=0 hits=0 hit_rate=0.0% misses=0 inserts=0 evictions=0 recycled=0 allocs=0 pin_skips=0 gated=0 ramp=2..50 bar=0 suppressed=0 wide_skips=0 served=0.0MB copied=0.0MB ssd_avoided=0.0GB live=0/0.0GB model=0 protected=0 declined=0 topup_suppressed=0 aged=0 into=0/0/0 pending=0
[mirror-split] internal=0 K3C=0 K3B=0 K3A=0  shares=0%/0%/0%/0%
[phases] mono=392841.609632 chunks=128 sequence=218.575s read_wait=0.171s bind_upload=1.641s attention_resident=10.732s expert_read_prefetch=137.057s expert_demand_read=83.224s expert_plan=7.275s expert_hint=0.001s expert_submit=0.001s expert_kernel=66.835s source_fence=0.000s tail_head_sync=1.842s layer_other=0.246s expert_read_gross=129.782s plan_hint=7.107s plan_sched=0.166s attn_total=10.705s attn_encode=4.491s attn_wait=4.165s attn_drain=2.049s kernel_total=45.181s kernel_host=1.538s kernel_wait=2.899s kernel_drain=40.744s
[attn-split] single: calls=11811 total=8.887s encode=3.892s wait=2.947s drain=2.049s waits=20447 untimed=3213 | wide: calls=93 total=1.818s encode=0.600s wait=1.218s drain=0.000s waits=92 untimed=92 | hint: calls=11776 total=7.099s encode=0.031s wait=7.068s drain=0.000s waits=11557 untimed=11557
[kernel-split] single: calls=12531 total=42.343s encode=1.328s wait=0.498s drain=40.517s waits=13461 untimed=10635 | wide: calls=467 total=2.838s encode=0.210s wait=2.401s drain=0.227s waits=467 untimed=0
[kernel-sub] materialize=0.076s moe=3.582s precommit=40.707s rest=0.816s
[metal-cache] calls=15377 zero_copy_wraps=231 copies=0 cache_entries=112 bindless=true
 tiny
[stats] generated=129 elapsed=220.228s speed=0.5858 token/s (1.707 s/token) chunks=129 committed_rows=159 verify_tx=0 drafts=0/0 layer_passes=11997 expert_rows=14628 expert_tiles=12249
[opens] expert file opens=498124 total=7.921s mean=0.016ms requested_bytes=4898792586432 (4898.8 GB)
[arrival] tiles=601 waves=1449 uncovered_wait=21.624s dispatch=3.790s
[retain] enabled=false cap_gb=8 layers=63..=92 consults=0 wanted=0 hits=0 inserts=0 served=0.0MB
[summer] enabled=false cap_gb=8 sample=16 consults=0 wanted=0 hits=0 hit_rate=0.0% misses=0 inserts=0 evictions=0 recycled=0 allocs=0 pin_skips=0 gated=0 ramp=2..50 bar=0 suppressed=0 wide_skips=0 served=0.0MB copied=0.0MB ssd_avoided=0.0GB live=0/0.0GB model=0 protected=0 declined=0 topup_suppressed=0 aged=0 into=0/0/0 pending=0
[mirror-split] internal=0 K3C=0 K3B=0 K3A=0  shares=0%/0%/0%/0%
[phases] mono=392843.104206 chunks=129 sequence=220.068s read_wait=0.171s bind_upload=1.641s attention_resident=10.795s expert_read_prefetch=138.144s expert_demand_read=83.877s expert_plan=7.338s expert_hint=0.001s expert_submit=0.001s expert_kernel=67.163s source_fence=0.000s tail_head_sync=1.856s layer_other=0.247s expert_read_gross=130.805s plan_hint=7.168s plan_sched=0.167s attn_total=10.768s attn_encode=4.519s attn_wait=4.186s attn_drain=2.063s kernel_total=45.498s kernel_host=1.547s kernel_wait=2.903s kernel_drain=41.048s
[attn-split] single: calls=11904 total=8.951s encode=3.920s wait=2.968s drain=2.063s waits=20608 untimed=3241 | wide: calls=93 total=1.818s encode=0.600s wait=1.218s drain=0.000s waits=92 untimed=92 | hint: calls=11868 total=7.161s encode=0.031s wait=7.130s drain=0.000s waits=11648 untimed=11648
[kernel-split] single: calls=12630 total=42.660s encode=1.337s wait=0.502s drain=40.821s waits=13568 untimed=10727 | wide: calls=467 total=2.838s encode=0.210s wait=2.401s drain=0.227s waits=467 untimed=0
[kernel-sub] materialize=0.076s moe=3.590s precommit=41.012s rest=0.820s
[metal-cache] calls=15476 zero_copy_wraps=231 copies=0 cache_entries=112 bindless=true
 drops
[stats] generated=130 elapsed=221.751s speed=0.5862 token/s (1.706 s/token) chunks=130 committed_rows=160 verify_tx=0 drafts=0/0 layer_passes=12090 expert_rows=14720 expert_tiles=12341
[opens] expert file opens=502011 total=7.990s mean=0.016ms requested_bytes=4932878204096 (4932.9 GB)
[arrival] tiles=602 waves=1457 uncovered_wait=21.640s dispatch=3.797s
[retain] enabled=false cap_gb=8 layers=63..=92 consults=0 wanted=0 hits=0 inserts=0 served=0.0MB
[summer] enabled=false cap_gb=8 sample=16 consults=0 wanted=0 hits=0 hit_rate=0.0% misses=0 inserts=0 evictions=0 recycled=0 allocs=0 pin_skips=0 gated=0 ramp=2..50 bar=0 suppressed=0 wide_skips=0 served=0.0MB copied=0.0MB ssd_avoided=0.0GB live=0/0.0GB model=0 protected=0 declined=0 topup_suppressed=0 aged=0 into=0/0/0 pending=0
[mirror-split] internal=0 K3C=0 K3B=0 K3A=0  shares=0%/0%/0%/0%
[phases] mono=392844.626983 chunks=130 sequence=221.591s read_wait=0.171s bind_upload=1.641s attention_resident=10.871s expert_read_prefetch=139.215s expert_demand_read=84.539s expert_plan=7.394s expert_hint=0.001s expert_submit=0.001s expert_kernel=67.524s source_fence=0.000s tail_head_sync=1.868s layer_other=0.249s expert_read_gross=131.821s plan_hint=7.223s plan_sched=0.168s attn_total=10.844s attn_encode=4.555s attn_wait=4.207s attn_drain=2.083s kernel_total=45.843s kernel_host=1.556s kernel_wait=2.907s kernel_drain=41.379s
[attn-split] single: calls=11997 total=9.027s encode=3.955s wait=2.989s drain=2.083s waits=20769 untimed=3260 | wide: calls=93 total=1.818s encode=0.600s wait=1.218s drain=0.000s waits=92 untimed=92 | hint: calls=11960 total=7.216s encode=0.032s wait=7.184s drain=0.000s waits=11739 untimed=11739
[kernel-split] single: calls=12729 total=43.005s encode=1.347s wait=0.506s drain=41.152s waits=13675 untimed=10815 | wide: calls=467 total=2.838s encode=0.210s wait=2.401s drain=0.227s waits=467 untimed=0
[kernel-sub] materialize=0.076s moe=3.597s precommit=41.344s rest=0.825s
[metal-cache] calls=15575 zero_copy_wraps=231 copies=0 cache_entries=112 bindless=true
 stick
[stats] generated=131 elapsed=223.231s speed=0.5868 token/s (1.704 s/token) chunks=131 committed_rows=161 verify_tx=0 drafts=0/0 layer_passes=12183 expert_rows=14812 expert_tiles=12433
[opens] expert file opens=505845 total=8.040s mean=0.016ms requested_bytes=4966498843840 (4966.5 GB)
[arrival] tiles=603 waves=1464 uncovered_wait=21.650s dispatch=3.805s
[retain] enabled=false cap_gb=8 layers=63..=92 consults=0 wanted=0 hits=0 inserts=0 served=0.0MB
[summer] enabled=false cap_gb=8 sample=16 consults=0 wanted=0 hits=0 hit_rate=0.0% misses=0 inserts=0 evictions=0 recycled=0 allocs=0 pin_skips=0 gated=0 ramp=2..50 bar=0 suppressed=0 wide_skips=0 served=0.0MB copied=0.0MB ssd_avoided=0.0GB live=0/0.0GB model=0 protected=0 declined=0 topup_suppressed=0 aged=0 into=0/0/0 pending=0
[mirror-split] internal=0 K3C=0 K3B=0 K3A=0  shares=0%/0%/0%/0%
[phases] mono=392846.107123 chunks=131 sequence=223.070s read_wait=0.171s bind_upload=1.641s attention_resident=10.933s expert_read_prefetch=140.283s expert_demand_read=85.232s expert_plan=7.456s expert_hint=0.001s expert_submit=0.001s expert_kernel=67.860s source_fence=0.000s tail_head_sync=1.881s layer_other=0.251s expert_read_gross=132.826s plan_hint=7.284s plan_sched=0.169s attn_total=10.906s attn_encode=4.577s attn_wait=4.231s attn_drain=2.098s kernel_total=46.168s kernel_host=1.565s kernel_wait=2.911s kernel_drain=41.691s
[attn-split] single: calls=12090 total=9.088s encode=3.978s wait=3.013s drain=2.098s waits=20930 untimed=3299 | wide: calls=93 total=1.818s encode=0.600s wait=1.218s drain=0.000s waits=92 untimed=92 | hint: calls=12052 total=7.277s encode=0.032s wait=7.245s drain=0.000s waits=11830 untimed=11830
[kernel-split] single: calls=12827 total=43.330s encode=1.355s wait=0.510s drain=41.465s waits=13780 untimed=10903 | wide: calls=467 total=2.838s encode=0.210s wait=2.401s drain=0.227s waits=467 untimed=0
[kernel-sub] materialize=0.076s moe=3.605s precommit=41.657s rest=0.829s
[metal-cache] calls=15673 zero_copy_wraps=231 copies=0 cache_entries=112 bindless=true
 together
[stats] generated=132 elapsed=224.781s speed=0.5872 token/s (1.703 s/token) chunks=132 committed_rows=162 verify_tx=0 drafts=0/0 layer_passes=12276 expert_rows=14904 expert_tiles=12525
[opens] expert file opens=509759 total=8.108s mean=0.016ms requested_bytes=5000847670464 (5000.8 GB)
[arrival] tiles=604 waves=1472 uncovered_wait=21.666s dispatch=3.813s
[retain] enabled=false cap_gb=8 layers=63..=92 consults=0 wanted=0 hits=0 inserts=0 served=0.0MB
[summer] enabled=false cap_gb=8 sample=16 consults=0 wanted=0 hits=0 hit_rate=0.0% misses=0 inserts=0 evictions=0 recycled=0 allocs=0 pin_skips=0 gated=0 ramp=2..50 bar=0 suppressed=0 wide_skips=0 served=0.0MB copied=0.0MB ssd_avoided=0.0GB live=0/0.0GB model=0 protected=0 declined=0 topup_suppressed=0 aged=0 into=0/0/0 pending=0
[mirror-split] internal=0 K3C=0 K3B=0 K3A=0  shares=0%/0%/0%/0%
[phases] mono=392847.656554 chunks=132 sequence=224.618s read_wait=0.171s bind_upload=1.641s attention_resident=11.000s expert_read_prefetch=141.412s expert_demand_read=85.931s expert_plan=7.520s expert_hint=0.001s expert_submit=0.001s expert_kernel=68.197s source_fence=0.000s tail_head_sync=1.894s layer_other=0.252s expert_read_gross=133.892s plan_hint=7.347s plan_sched=0.170s attn_total=10.973s attn_encode=4.606s attn_wait=4.252s attn_drain=2.115s kernel_total=46.489s kernel_host=1.574s kernel_wait=2.916s kernel_drain=41.998s
[attn-split] single: calls=12183 total=9.155s encode=4.007s wait=3.034s drain=2.115s waits=21091 untimed=3324 | wide: calls=93 total=1.818s encode=0.600s wait=1.218s drain=0.000s waits=92 untimed=92 | hint: calls=12144 total=7.339s encode=0.032s wait=7.307s drain=0.000s waits=11921 untimed=11921
[kernel-split] single: calls=12926 total=43.651s encode=1.365s wait=0.515s drain=41.772s waits=13887 untimed=10980 | wide: calls=467 total=2.838s encode=0.210s wait=2.401s drain=0.227s waits=467 untimed=0
[kernel-sub] materialize=0.076s moe=3.612s precommit=41.966s rest=0.834s
[metal-cache] calls=15772 zero_copy_wraps=231 copies=0 cache_entries=112 bindless=true
 to
[stats] generated=133 elapsed=226.343s speed=0.5876 token/s (1.702 s/token) chunks=133 committed_rows=163 verify_tx=0 drafts=0/0 layer_passes=12369 expert_rows=14996 expert_tiles=12617
[opens] expert file opens=513588 total=8.159s mean=0.016ms requested_bytes=5034406902976 (5034.4 GB)
[arrival] tiles=605 waves=1480 uncovered_wait=21.686s dispatch=3.820s
[retain] enabled=false cap_gb=8 layers=63..=92 consults=0 wanted=0 hits=0 inserts=0 served=0.0MB
[summer] enabled=false cap_gb=8 sample=16 consults=0 wanted=0 hits=0 hit_rate=0.0% misses=0 inserts=0 evictions=0 recycled=0 allocs=0 pin_skips=0 gated=0 ramp=2..50 bar=0 suppressed=0 wide_skips=0 served=0.0MB copied=0.0MB ssd_avoided=0.0GB live=0/0.0GB model=0 protected=0 declined=0 topup_suppressed=0 aged=0 into=0/0/0 pending=0
[mirror-split] internal=0 K3C=0 K3B=0 K3A=0  shares=0%/0%/0%/0%
[phases] mono=392849.219329 chunks=133 sequence=226.180s read_wait=0.171s bind_upload=1.641s attention_resident=11.069s expert_read_prefetch=142.523s expert_demand_read=86.579s expert_plan=7.576s expert_hint=0.001s expert_submit=0.001s expert_kernel=68.564s source_fence=0.000s tail_head_sync=1.907s layer_other=0.254s expert_read_gross=134.947s plan_hint=7.401s plan_sched=0.171s attn_total=11.041s attn_encode=4.635s attn_wait=4.275s attn_drain=2.131s kernel_total=46.836s kernel_host=1.584s kernel_wait=2.920s kernel_drain=42.332s
[attn-split] single: calls=12276 total=9.223s encode=4.036s wait=3.057s drain=2.131s waits=21252 untimed=3348 | wide: calls=93 total=1.818s encode=0.600s wait=1.218s drain=0.000s waits=92 untimed=92 | hint: calls=12236 total=7.394s encode=0.032s wait=7.362s drain=0.000s waits=12012 untimed=12012
[kernel-split] single: calls=13025 total=43.998s encode=1.374s wait=0.519s drain=42.105s waits=13994 untimed=11068 | wide: calls=467 total=2.838s encode=0.210s wait=2.401s drain=0.227s waits=467 untimed=0
[kernel-sub] materialize=0.076s moe=3.620s precommit=42.300s rest=0.839s
[metal-cache] calls=15871 zero_copy_wraps=231 copies=0 cache_entries=112 bindless=true
 make
[stats] generated=134 elapsed=227.867s speed=0.5881 token/s (1.701 s/token) chunks=134 committed_rows=164 verify_tx=0 drafts=0/0 layer_passes=12462 expert_rows=15088 expert_tiles=12709
[opens] expert file opens=517498 total=8.210s mean=0.016ms requested_bytes=5068650478784 (5068.7 GB)
[arrival] tiles=606 waves=1487 uncovered_wait=21.697s dispatch=3.828s
[retain] enabled=false cap_gb=8 layers=63..=92 consults=0 wanted=0 hits=0 inserts=0 served=0.0MB
[summer] enabled=false cap_gb=8 sample=16 consults=0 wanted=0 hits=0 hit_rate=0.0% misses=0 inserts=0 evictions=0 recycled=0 allocs=0 pin_skips=0 gated=0 ramp=2..50 bar=0 suppressed=0 wide_skips=0 served=0.0MB copied=0.0MB ssd_avoided=0.0GB live=0/0.0GB model=0 protected=0 declined=0 topup_suppressed=0 aged=0 into=0/0/0 pending=0
[mirror-split] internal=0 K3C=0 K3B=0 K3A=0  shares=0%/0%/0%/0%
[phases] mono=392850.743353 chunks=134 sequence=227.703s read_wait=0.171s bind_upload=1.641s attention_resident=11.150s expert_read_prefetch=143.603s expert_demand_read=87.245s expert_plan=7.633s expert_hint=0.001s expert_submit=0.001s expert_kernel=68.911s source_fence=0.000s tail_head_sync=1.921s layer_other=0.255s expert_read_gross=135.969s plan_hint=7.458s plan_sched=0.172s attn_total=11.122s attn_encode=4.676s attn_wait=4.303s attn_drain=2.143s kernel_total=47.171s kernel_host=1.594s kernel_wait=2.924s kernel_drain=42.653s
[attn-split] single: calls=12369 total=9.304s encode=4.076s wait=3.085s drain=2.143s waits=21413 untimed=3376 | wide: calls=93 total=1.818s encode=0.600s wait=1.218s drain=0.000s waits=92 untimed=92 | hint: calls=12328 total=7.451s encode=0.032s wait=7.418s drain=0.000s waits=12103 untimed=12103
[kernel-split] single: calls=13123 total=44.333s encode=1.384s wait=0.523s drain=42.427s waits=14099 untimed=11150 | wide: calls=467 total=2.838s encode=0.210s wait=2.401s drain=0.227s waits=467 untimed=0
[kernel-sub] materialize=0.076s moe=3.627s precommit=42.623s rest=0.844s
[metal-cache] calls=15969 zero_copy_wraps=231 copies=0 cache_entries=112 bindless=true
 clouds
[stats] generated=135 elapsed=229.372s speed=0.5886 token/s (1.699 s/token) chunks=135 committed_rows=165 verify_tx=0 drafts=0/0 layer_passes=12555 expert_rows=15180 expert_tiles=12801
[opens] expert file opens=521380 total=8.261s mean=0.016ms requested_bytes=5102665956544 (5102.7 GB)
[arrival] tiles=607 waves=1495 uncovered_wait=21.708s dispatch=3.836s
[retain] enabled=false cap_gb=8 layers=63..=92 consults=0 wanted=0 hits=0 inserts=0 served=0.0MB
[summer] enabled=false cap_gb=8 sample=16 consults=0 wanted=0 hits=0 hit_rate=0.0% misses=0 inserts=0 evictions=0 recycled=0 allocs=0 pin_skips=0 gated=0 ramp=2..50 bar=0 suppressed=0 wide_skips=0 served=0.0MB copied=0.0MB ssd_avoided=0.0GB live=0/0.0GB model=0 protected=0 declined=0 topup_suppressed=0 aged=0 into=0/0/0 pending=0
[mirror-split] internal=0 K3C=0 K3B=0 K3A=0  shares=0%/0%/0%/0%
[phases] mono=392852.248097 chunks=135 sequence=229.207s read_wait=0.171s bind_upload=1.641s attention_resident=11.223s expert_read_prefetch=144.671s expert_demand_read=87.911s expert_plan=7.697s expert_hint=0.001s expert_submit=0.001s expert_kernel=69.257s source_fence=0.000s tail_head_sync=1.936s layer_other=0.257s expert_read_gross=136.973s plan_hint=7.521s plan_sched=0.173s attn_total=11.195s attn_encode=4.704s attn_wait=4.329s attn_drain=2.162s kernel_total=47.506s kernel_host=1.604s kernel_wait=2.928s kernel_drain=42.973s
[attn-split] single: calls=12462 total=9.377s encode=4.104s wait=3.111s drain=2.162s waits=21574 untimed=3402 | wide: calls=93 total=1.818s encode=0.600s wait=1.218s drain=0.000s waits=92 untimed=92 | hint: calls=12420 total=7.513s encode=0.033s wait=7.481s drain=0.000s waits=12194 untimed=12194
[kernel-split] single: calls=13222 total=44.668s encode=1.394s wait=0.527s drain=42.747s waits=14206 untimed=11231 | wide: calls=467 total=2.838s encode=0.210s wait=2.401s drain=0.227s waits=467 untimed=0
[kernel-sub] materialize=0.076s moe=3.635s precommit=42.945s rest=0.849s
[metal-cache] calls=16068 zero_copy_wraps=231 copies=0 cache_entries=112 bindless=true
.
[stats] generated=136 elapsed=230.890s speed=0.5890 token/s (1.698 s/token) chunks=136 committed_rows=166 verify_tx=0 drafts=0/0 layer_passes=12648 expert_rows=15272 expert_tiles=12893
[opens] expert file opens=525358 total=8.313s mean=0.016ms requested_bytes=5137585044672 (5137.6 GB)
[arrival] tiles=608 waves=1501 uncovered_wait=21.719s dispatch=3.843s
[retain] enabled=false cap_gb=8 layers=63..=92 consults=0 wanted=0 hits=0 inserts=0 served=0.0MB
[summer] enabled=false cap_gb=8 sample=16 consults=0 wanted=0 hits=0 hit_rate=0.0% misses=0 inserts=0 evictions=0 recycled=0 allocs=0 pin_skips=0 gated=0 ramp=2..50 bar=0 suppressed=0 wide_skips=0 served=0.0MB copied=0.0MB ssd_avoided=0.0GB live=0/0.0GB model=0 protected=0 declined=0 topup_suppressed=0 aged=0 into=0/0/0 pending=0
[mirror-split] internal=0 K3C=0 K3B=0 K3A=0  shares=0%/0%/0%/0%
[phases] mono=392853.765854 chunks=136 sequence=230.724s read_wait=0.171s bind_upload=1.641s attention_resident=11.286s expert_read_prefetch=145.770s expert_demand_read=88.576s expert_plan=7.768s expert_hint=0.001s expert_submit=0.001s expert_kernel=69.594s source_fence=0.000s tail_head_sync=1.951s layer_other=0.258s expert_read_gross=138.002s plan_hint=7.590s plan_sched=0.174s attn_total=11.258s attn_encode=4.726s attn_wait=4.356s attn_drain=2.177s kernel_total=47.832s kernel_host=1.613s kernel_wait=2.932s kernel_drain=43.287s
[attn-split] single: calls=12555 total=9.441s encode=4.126s wait=3.138s drain=2.177s waits=21735 untimed=3439 | wide: calls=93 total=1.818s encode=0.600s wait=1.218s drain=0.000s waits=92 untimed=92 | hint: calls=12512 total=7.583s encode=0.033s wait=7.550s drain=0.000s waits=12285 untimed=12285
[kernel-split] single: calls=13319 total=44.995s encode=1.403s wait=0.531s drain=43.060s waits=14309 untimed=11314 | wide: calls=467 total=2.838s encode=0.210s wait=2.401s drain=0.227s waits=467 untimed=0
[kernel-sub] materialize=0.076s moe=3.642s precommit=43.260s rest=0.854s
[metal-cache] calls=16165 zero_copy_wraps=231 copies=0 cache_entries=112 bindless=true
[route-chain] chained=8970
[route-chain] dedup_hits=8970
 It
[stats] generated=137 elapsed=232.442s speed=0.5894 token/s (1.697 s/token) chunks=137 committed_rows=167 verify_tx=0 drafts=0/0 layer_passes=12741 expert_rows=15364 expert_tiles=12985
[opens] expert file opens=529425 total=8.367s mean=0.016ms requested_bytes=5173214837952 (5173.2 GB)
[arrival] tiles=609 waves=1508 uncovered_wait=21.735s dispatch=3.849s
[retain] enabled=false cap_gb=8 layers=63..=92 consults=0 wanted=0 hits=0 inserts=0 served=0.0MB
[summer] enabled=false cap_gb=8 sample=16 consults=0 wanted=0 hits=0 hit_rate=0.0% misses=0 inserts=0 evictions=0 recycled=0 allocs=0 pin_skips=0 gated=0 ramp=2..50 bar=0 suppressed=0 wide_skips=0 served=0.0MB copied=0.0MB ssd_avoided=0.0GB live=0/0.0GB model=0 protected=0 declined=0 topup_suppressed=0 aged=0 into=0/0/0 pending=0
[mirror-split] internal=0 K3C=0 K3B=0 K3A=0  shares=0%/0%/0%/0%
[phases] mono=392855.318143 chunks=137 sequence=232.275s read_wait=0.171s bind_upload=1.641s attention_resident=11.352s expert_read_prefetch=146.904s expert_demand_read=89.238s expert_plan=7.822s expert_hint=0.001s expert_submit=0.001s expert_kernel=69.930s source_fence=0.000s tail_head_sync=1.965s layer_other=0.260s expert_read_gross=139.081s plan_hint=7.644s plan_sched=0.175s attn_total=11.323s attn_encode=4.752s attn_wait=4.384s attn_drain=2.188s kernel_total=48.152s kernel_host=1.622s kernel_wait=2.936s kernel_drain=43.594s
[attn-split] single: calls=12648 total=9.506s encode=4.152s wait=3.166s drain=2.188s waits=21896 untimed=3476 | wide: calls=93 total=1.818s encode=0.600s wait=1.218s drain=0.000s waits=92 untimed=92 | hint: calls=12604 total=7.637s encode=0.033s wait=7.604s drain=0.000s waits=12376 untimed=12376
[kernel-split] single: calls=13417 total=45.314s encode=1.412s wait=0.535s drain=43.367s waits=14414 untimed=11398 | wide: calls=467 total=2.838s encode=0.210s wait=2.401s drain=0.227s waits=467 untimed=0
[kernel-sub] materialize=0.076s moe=3.648s precommit=43.569s rest=0.858s
[metal-cache] calls=16263 zero_copy_wraps=231 copies=0 cache_entries=112 bindless=true
’s
[stats] generated=138 elapsed=233.971s speed=0.5898 token/s (1.695 s/token) chunks=138 committed_rows=168 verify_tx=0 drafts=0/0 layer_passes=12834 expert_rows=15456 expert_tiles=13077
[opens] expert file opens=533393 total=8.421s mean=0.016ms requested_bytes=5208002346176 (5208.0 GB)
[arrival] tiles=610 waves=1513 uncovered_wait=21.746s dispatch=3.855s
[retain] enabled=false cap_gb=8 layers=63..=92 consults=0 wanted=0 hits=0 inserts=0 served=0.0MB
[summer] enabled=false cap_gb=8 sample=16 consults=0 wanted=0 hits=0 hit_rate=0.0% misses=0 inserts=0 evictions=0 recycled=0 allocs=0 pin_skips=0 gated=0 ramp=2..50 bar=0 suppressed=0 wide_skips=0 served=0.0MB copied=0.0MB ssd_avoided=0.0GB live=0/0.0GB model=0 protected=0 declined=0 topup_suppressed=0 aged=0 into=0/0/0 pending=0
[mirror-split] internal=0 K3C=0 K3B=0 K3A=0  shares=0%/0%/0%/0%
[phases] mono=392856.847603 chunks=138 sequence=233.803s read_wait=0.171s bind_upload=1.641s attention_resident=11.427s expert_read_prefetch=148.007s expert_demand_read=89.875s expert_plan=7.887s expert_hint=0.001s expert_submit=0.001s expert_kernel=70.262s source_fence=0.000s tail_head_sync=1.982s layer_other=0.261s expert_read_gross=140.120s plan_hint=7.707s plan_sched=0.176s attn_total=11.398s attn_encode=4.789s attn_wait=4.411s attn_drain=2.198s kernel_total=48.473s kernel_host=1.630s kernel_wait=2.939s kernel_drain=43.903s
[attn-split] single: calls=12741 total=9.581s encode=4.190s wait=3.193s drain=2.198s waits=22057 untimed=3503 | wide: calls=93 total=1.818s encode=0.600s wait=1.218s drain=0.000s waits=92 untimed=92 | hint: calls=12696 total=7.700s encode=0.033s wait=7.666s drain=0.000s waits=12467 untimed=12467
[kernel-split] single: calls=13513 total=45.635s encode=1.421s wait=0.538s drain=43.677s waits=14515 untimed=11475 | wide: calls=467 total=2.838s encode=0.210s wait=2.401s drain=0.227s waits=467 untimed=0
[kernel-sub] materialize=0.076s moe=3.653s precommit=43.880s rest=0.863s
[metal-cache] calls=16359 zero_copy_wraps=231 copies=0 cache_entries=112 bindless=true
 like
[stats] generated=139 elapsed=235.471s speed=0.5903 token/s (1.694 s/token) chunks=139 committed_rows=169 verify_tx=0 drafts=0/0 layer_passes=12927 expert_rows=15548 expert_tiles=13169
[opens] expert file opens=537307 total=8.475s mean=0.016ms requested_bytes=5242324876480 (5242.3 GB)
[arrival] tiles=611 waves=1520 uncovered_wait=21.758s dispatch=3.861s
[retain] enabled=false cap_gb=8 layers=63..=92 consults=0 wanted=0 hits=0 inserts=0 served=0.0MB
[summer] enabled=false cap_gb=8 sample=16 consults=0 wanted=0 hits=0 hit_rate=0.0% misses=0 inserts=0 evictions=0 recycled=0 allocs=0 pin_skips=0 gated=0 ramp=2..50 bar=0 suppressed=0 wide_skips=0 served=0.0MB copied=0.0MB ssd_avoided=0.0GB live=0/0.0GB model=0 protected=0 declined=0 topup_suppressed=0 aged=0 into=0/0/0 pending=0
[mirror-split] internal=0 K3C=0 K3B=0 K3A=0  shares=0%/0%/0%/0%
[phases] mono=392858.347503 chunks=139 sequence=235.302s read_wait=0.171s bind_upload=1.641s attention_resident=11.499s expert_read_prefetch=149.090s expert_demand_read=90.547s expert_plan=7.942s expert_hint=0.001s expert_submit=0.001s expert_kernel=70.591s source_fence=0.000s tail_head_sync=1.995s layer_other=0.263s expert_read_gross=141.146s plan_hint=7.762s plan_sched=0.177s attn_total=11.470s attn_encode=4.815s attn_wait=4.443s attn_drain=2.213s kernel_total=48.790s kernel_host=1.639s kernel_wait=2.943s kernel_drain=44.208s
[attn-split] single: calls=12834 total=9.653s encode=4.215s wait=3.225s drain=2.213s waits=22218 untimed=3540 | wide: calls=93 total=1.818s encode=0.600s wait=1.218s drain=0.000s waits=92 untimed=92 | hint: calls=12788 total=7.755s encode=0.034s wait=7.721s drain=0.000s waits=12558 untimed=12558
[kernel-split] single: calls=13611 total=45.952s encode=1.429s wait=0.542s drain=43.981s waits=14620 untimed=11562 | wide: calls=467 total=2.838s encode=0.210s wait=2.401s drain=0.227s waits=467 untimed=0
[kernel-sub] materialize=0.076s moe=3.660s precommit=44.186s rest=0.867s
[metal-cache] calls=16457 zero_copy_wraps=231 copies=0 cache_entries=112 bindless=true
 when
[stats] generated=140 elapsed=237.009s speed=0.5907 token/s (1.693 s/token) chunks=140 committed_rows=170 verify_tx=0 drafts=0/0 layer_passes=13020 expert_rows=15640 expert_tiles=13261
[opens] expert file opens=541230 total=8.528s mean=0.016ms requested_bytes=5276743892160 (5276.7 GB)
[arrival] tiles=612 waves=1526 uncovered_wait=21.768s dispatch=3.867s
[retain] enabled=false cap_gb=8 layers=63..=92 consults=0 wanted=0 hits=0 inserts=0 served=0.0MB
[summer] enabled=false cap_gb=8 sample=16 consults=0 wanted=0 hits=0 hit_rate=0.0% misses=0 inserts=0 evictions=0 recycled=0 allocs=0 pin_skips=0 gated=0 ramp=2..50 bar=0 suppressed=0 wide_skips=0 served=0.0MB copied=0.0MB ssd_avoided=0.0GB live=0/0.0GB model=0 protected=0 declined=0 topup_suppressed=0 aged=0 into=0/0/0 pending=0
[mirror-split] internal=0 K3C=0 K3B=0 K3A=0  shares=0%/0%/0%/0%
[phases] mono=392859.885441 chunks=140 sequence=236.839s read_wait=0.171s bind_upload=1.641s attention_resident=11.562s expert_read_prefetch=150.193s expert_demand_read=91.221s expert_plan=8.001s expert_hint=0.001s expert_submit=0.001s expert_kernel=70.948s source_fence=0.000s tail_head_sync=2.007s layer_other=0.265s expert_read_gross=142.192s plan_hint=7.819s plan_sched=0.178s attn_total=11.533s attn_encode=4.838s attn_wait=4.466s attn_drain=2.228s kernel_total=49.137s kernel_host=1.648s kernel_wait=2.946s kernel_drain=44.542s
[attn-split] single: calls=12927 total=9.715s encode=4.238s wait=3.248s drain=2.228s waits=22379 untimed=3565 | wide: calls=93 total=1.818s encode=0.600s wait=1.218s drain=0.000s waits=92 untimed=92 | hint: calls=12880 total=7.812s encode=0.034s wait=7.778s drain=0.000s waits=12649 untimed=12649
[kernel-split] single: calls=13708 total=46.299s encode=1.439s wait=0.545s drain=44.316s waits=14723 untimed=11638 | wide: calls=467 total=2.838s encode=0.210s wait=2.401s drain=0.227s waits=467 untimed=0
[kernel-sub] materialize=0.076s moe=3.665s precommit=44.522s rest=0.873s
[metal-cache] calls=16554 zero_copy_wraps=231 copies=0 cache_entries=112 bindless=true
 your
[stats] generated=141 elapsed=238.500s speed=0.5912 token/s (1.691 s/token) chunks=141 committed_rows=171 verify_tx=0 drafts=0/0 layer_passes=13113 expert_rows=15732 expert_tiles=13353
[opens] expert file opens=545002 total=8.585s mean=0.016ms requested_bytes=5309829315776 (5309.8 GB)
[arrival] tiles=613 waves=1534 uncovered_wait=21.781s dispatch=3.874s
[retain] enabled=false cap_gb=8 layers=63..=92 consults=0 wanted=0 hits=0 inserts=0 served=0.0MB
[summer] enabled=false cap_gb=8 sample=16 consults=0 wanted=0 hits=0 hit_rate=0.0% misses=0 inserts=0 evictions=0 recycled=0 allocs=0 pin_skips=0 gated=0 ramp=2..50 bar=0 suppressed=0 wide_skips=0 served=0.0MB copied=0.0MB ssd_avoided=0.0GB live=0/0.0GB model=0 protected=0 declined=0 topup_suppressed=0 aged=0 into=0/0/0 pending=0
[mirror-split] internal=0 K3C=0 K3B=0 K3A=0  shares=0%/0%/0%/0%
[phases] mono=392861.376078 chunks=141 sequence=238.328s read_wait=0.171s bind_upload=1.641s attention_resident=11.633s expert_read_prefetch=151.250s expert_demand_read=91.882s expert_plan=8.052s expert_hint=0.001s expert_submit=0.001s expert_kernel=71.292s source_fence=0.000s tail_head_sync=2.022s layer_other=0.266s expert_read_gross=143.197s plan_hint=7.870s plan_sched=0.179s attn_total=11.604s attn_encode=4.867s attn_wait=4.490s attn_drain=2.247s kernel_total=49.467s kernel_host=1.660s kernel_wait=2.950s kernel_drain=44.857s
[attn-split] single: calls=13020 total=9.786s encode=4.267s wait=3.272s drain=2.247s waits=22540 untimed=3585 | wide: calls=93 total=1.818s encode=0.600s wait=1.218s drain=0.000s waits=92 untimed=92 | hint: calls=12972 total=7.862s encode=0.034s wait=7.828s drain=0.000s waits=12740 untimed=12740
[kernel-split] single: calls=13807 total=46.629s encode=1.450s wait=0.549s drain=44.630s waits=14830 untimed=11723 | wide: calls=467 total=2.838s encode=0.210s wait=2.401s drain=0.227s waits=467 untimed=0
[kernel-sub] materialize=0.076s moe=3.673s precommit=44.838s rest=0.879s
[metal-cache] calls=16653 zero_copy_wraps=231 copies=0 cache_entries=112 bindless=true
 bathroom
[stats] generated=142 elapsed=240.062s speed=0.5915 token/s (1.691 s/token) chunks=142 committed_rows=172 verify_tx=0 drafts=0/0 layer_passes=13206 expert_rows=15824 expert_tiles=13445
[opens] expert file opens=548763 total=8.652s mean=0.016ms requested_bytes=5342835752128 (5342.8 GB)
[arrival] tiles=614 waves=1541 uncovered_wait=21.792s dispatch=3.881s
[retain] enabled=false cap_gb=8 layers=63..=92 consults=0 wanted=0 hits=0 inserts=0 served=0.0MB
[summer] enabled=false cap_gb=8 sample=16 consults=0 wanted=0 hits=0 hit_rate=0.0% misses=0 inserts=0 evictions=0 recycled=0 allocs=0 pin_skips=0 gated=0 ramp=2..50 bar=0 suppressed=0 wide_skips=0 served=0.0MB copied=0.0MB ssd_avoided=0.0GB live=0/0.0GB model=0 protected=0 declined=0 topup_suppressed=0 aged=0 into=0/0/0 pending=0
[mirror-split] internal=0 K3C=0 K3B=0 K3A=0  shares=0%/0%/0%/0%
[phases] mono=392862.937755 chunks=142 sequence=239.888s read_wait=0.171s bind_upload=1.641s attention_resident=11.710s expert_read_prefetch=152.368s expert_demand_read=92.591s expert_plan=8.118s expert_hint=0.001s expert_submit=0.001s expert_kernel=71.641s source_fence=0.000s tail_head_sync=2.036s layer_other=0.268s expert_read_gross=144.249s plan_hint=7.934s plan_sched=0.181s attn_total=11.681s attn_encode=4.905s attn_wait=4.509s attn_drain=2.267s kernel_total=49.805s kernel_host=1.671s kernel_wait=2.954s kernel_drain=45.180s
[attn-split] single: calls=13113 total=9.863s encode=4.305s wait=3.291s drain=2.267s waits=22701 untimed=3599 | wide: calls=93 total=1.818s encode=0.600s wait=1.218s drain=0.000s waits=92 untimed=92 | hint: calls=13064 total=7.926s encode=0.034s wait=7.892s drain=0.000s waits=12831 untimed=12831
[kernel-split] single: calls=13905 total=46.968s encode=1.461s wait=0.553s drain=44.954s waits=14935 untimed=11791 | wide: calls=467 total=2.838s encode=0.210s wait=2.401s drain=0.227s waits=467 untimed=0
[kernel-sub] materialize=0.076s moe=3.680s precommit=45.163s rest=0.886s
[metal-cache] calls=16751 zero_copy_wraps=231 copies=0 cache_entries=112 bindless=true
 mirror
[stats] generated=143 elapsed=241.554s speed=0.5920 token/s (1.689 s/token) chunks=143 committed_rows=173 verify_tx=0 drafts=0/0 layer_passes=13299 expert_rows=15916 expert_tiles=13537
[opens] expert file opens=552536 total=8.719s mean=0.016ms requested_bytes=5375947455680 (5375.9 GB)
[arrival] tiles=615 waves=1549 uncovered_wait=21.805s dispatch=3.889s
[retain] enabled=false cap_gb=8 layers=63..=92 consults=0 wanted=0 hits=0 inserts=0 served=0.0MB
[summer] enabled=false cap_gb=8 sample=16 consults=0 wanted=0 hits=0 hit_rate=0.0% misses=0 inserts=0 evictions=0 recycled=0 allocs=0 pin_skips=0 gated=0 ramp=2..50 bar=0 suppressed=0 wide_skips=0 served=0.0MB copied=0.0MB ssd_avoided=0.0GB live=0/0.0GB model=0 protected=0 declined=0 topup_suppressed=0 aged=0 into=0/0/0 pending=0
[mirror-split] internal=0 K3C=0 K3B=0 K3A=0  shares=0%/0%/0%/0%
[phases] mono=392864.430337 chunks=143 sequence=241.379s read_wait=0.171s bind_upload=1.641s attention_resident=11.782s expert_read_prefetch=153.415s expert_demand_read=93.247s expert_plan=8.175s expert_hint=0.001s expert_submit=0.001s expert_kernel=71.999s source_fence=0.000s tail_head_sync=2.049s layer_other=0.270s expert_read_gross=145.239s plan_hint=7.990s plan_sched=0.182s attn_total=11.752s attn_encode=4.935s attn_wait=4.528s attn_drain=2.289s kernel_total=50.149s kernel_host=1.686s kernel_wait=2.958s kernel_drain=45.505s
[attn-split] single: calls=13206 total=9.935s encode=4.335s wait=3.310s drain=2.289s waits=22862 untimed=3612 | wide: calls=93 total=1.818s encode=0.600s wait=1.218s drain=0.000s waits=92 untimed=92 | hint: calls=13156 total=7.982s encode=0.035s wait=7.947s drain=0.000s waits=12922 untimed=12922
[kernel-split] single: calls=14004 total=47.311s encode=1.476s wait=0.556s drain=45.279s waits=15042 untimed=11866 | wide: calls=467 total=2.838s encode=0.210s wait=2.401s drain=0.227s waits=467 untimed=0
[kernel-sub] materialize=0.076s moe=3.688s precommit=45.491s rest=0.894s
[metal-cache] calls=16850 zero_copy_wraps=231 copies=0 cache_entries=112 bindless=true
 gets
[stats] generated=144 elapsed=243.028s speed=0.5925 token/s (1.688 s/token) chunks=144 committed_rows=174 verify_tx=0 drafts=0/0 layer_passes=13392 expert_rows=16008 expert_tiles=13629
[opens] expert file opens=556298 total=8.773s mean=0.016ms requested_bytes=5408953924800 (5409.0 GB)
[arrival] tiles=616 waves=1557 uncovered_wait=21.817s dispatch=3.896s
[retain] enabled=false cap_gb=8 layers=63..=92 consults=0 wanted=0 hits=0 inserts=0 served=0.0MB
[summer] enabled=false cap_gb=8 sample=16 consults=0 wanted=0 hits=0 hit_rate=0.0% misses=0 inserts=0 evictions=0 recycled=0 allocs=0 pin_skips=0 gated=0 ramp=2..50 bar=0 suppressed=0 wide_skips=0 served=0.0MB copied=0.0MB ssd_avoided=0.0GB live=0/0.0GB model=0 protected=0 declined=0 topup_suppressed=0 aged=0 into=0/0/0 pending=0
[mirror-split] internal=0 K3C=0 K3B=0 K3A=0  shares=0%/0%/0%/0%
[phases] mono=392865.903959 chunks=144 sequence=242.852s read_wait=0.171s bind_upload=1.641s attention_resident=11.846s expert_read_prefetch=154.485s expert_demand_read=93.966s expert_plan=8.227s expert_hint=0.001s expert_submit=0.001s expert_kernel=72.320s source_fence=0.000s tail_head_sync=2.065s layer_other=0.272s expert_read_gross=146.258s plan_hint=8.040s plan_sched=0.183s attn_total=11.816s attn_encode=4.962s attn_wait=4.551s attn_drain=2.304s kernel_total=50.457s kernel_host=1.697s kernel_wait=2.961s kernel_drain=45.799s
[attn-split] single: calls=13299 total=9.998s encode=4.362s wait=3.333s drain=2.304s waits=23023 untimed=3638 | wide: calls=93 total=1.818s encode=0.600s wait=1.218s drain=0.000s waits=92 untimed=92 | hint: calls=13248 total=8.032s encode=0.035s wait=7.997s drain=0.000s waits=13013 untimed=13013
[kernel-split] single: calls=14103 total=47.620s encode=1.487s wait=0.560s drain=45.572s waits=15149 untimed=11948 | wide: calls=467 total=2.838s encode=0.210s wait=2.401s drain=0.227s waits=467 untimed=0
[kernel-sub] materialize=0.076s moe=3.694s precommit=45.786s rest=0.900s
[metal-cache] calls=16949 zero_copy_wraps=231 copies=0 cache_entries=112 bindless=true
 fog
[stats] generated=145 elapsed=244.589s speed=0.5928 token/s (1.687 s/token) chunks=145 committed_rows=175 verify_tx=0 drafts=0/0 layer_passes=13485 expert_rows=16100 expert_tiles=13721
[opens] expert file opens=560193 total=8.828s mean=0.016ms requested_bytes=5443083435200 (5443.1 GB)
[arrival] tiles=617 waves=1564 uncovered_wait=21.829s dispatch=3.903s
[retain] enabled=false cap_gb=8 layers=63..=92 consults=0 wanted=0 hits=0 inserts=0 served=0.0MB
[summer] enabled=false cap_gb=8 sample=16 consults=0 wanted=0 hits=0 hit_rate=0.0% misses=0 inserts=0 evictions=0 recycled=0 allocs=0 pin_skips=0 gated=0 ramp=2..50 bar=0 suppressed=0 wide_skips=0 served=0.0MB copied=0.0MB ssd_avoided=0.0GB live=0/0.0GB model=0 protected=0 declined=0 topup_suppressed=0 aged=0 into=0/0/0 pending=0
[mirror-split] internal=0 K3C=0 K3B=0 K3A=0  shares=0%/0%/0%/0%
[phases] mono=392867.465359 chunks=145 sequence=244.413s read_wait=0.171s bind_upload=1.641s attention_resident=11.909s expert_read_prefetch=155.625s expert_demand_read=94.694s expert_plan=8.283s expert_hint=0.001s expert_submit=0.001s expert_kernel=72.661s source_fence=0.000s tail_head_sync=2.079s layer_other=0.273s expert_read_gross=147.341s plan_hint=8.095s plan_sched=0.184s attn_total=11.879s attn_encode=4.988s attn_wait=4.570s attn_drain=2.321s kernel_total=50.786s kernel_host=1.708s kernel_wait=2.965s kernel_drain=46.113s
[attn-split] single: calls=13392 total=10.061s encode=4.388s wait=3.352s drain=2.321s waits=23184 untimed=3658 | wide: calls=93 total=1.818s encode=0.600s wait=1.218s drain=0.000s waits=92 untimed=92 | hint: calls=13340 total=8.087s encode=0.035s wait=8.052s drain=0.000s waits=13104 untimed=13104
[kernel-split] single: calls=14201 total=47.949s encode=1.499s wait=0.564s drain=45.886s waits=15254 untimed=12024 | wide: calls=467 total=2.838s encode=0.210s wait=2.401s drain=0.227s waits=467 untimed=0
[kernel-sub] materialize=0.076s moe=3.701s precommit=46.102s rest=0.906s
[metal-cache] calls=17047 zero_copy_wraps=231 copies=0 cache_entries=112 bindless=true
gy
[stats] generated=146 elapsed=246.103s speed=0.5932 token/s (1.686 s/token) chunks=146 committed_rows=176 verify_tx=0 drafts=0/0 layer_passes=13578 expert_rows=16192 expert_tiles=13813
[opens] expert file opens=564014 total=8.893s mean=0.016ms requested_bytes=5476598807744 (5476.6 GB)
[arrival] tiles=618 waves=1571 uncovered_wait=21.841s dispatch=3.910s
[retain] enabled=false cap_gb=8 layers=63..=92 consults=0 wanted=0 hits=0 inserts=0 served=0.0MB
[summer] enabled=false cap_gb=8 sample=16 consults=0 wanted=0 hits=0 hit_rate=0.0% misses=0 inserts=0 evictions=0 recycled=0 allocs=0 pin_skips=0 gated=0 ramp=2..50 bar=0 suppressed=0 wide_skips=0 served=0.0MB copied=0.0MB ssd_avoided=0.0GB live=0/0.0GB model=0 protected=0 declined=0 topup_suppressed=0 aged=0 into=0/0/0 pending=0
[mirror-split] internal=0 K3C=0 K3B=0 K3A=0  shares=0%/0%/0%/0%
[phases] mono=392868.978805 chunks=146 sequence=245.925s read_wait=0.171s bind_upload=1.641s attention_resident=11.987s expert_read_prefetch=156.681s expert_demand_read=95.391s expert_plan=8.332s expert_hint=0.001s expert_submit=0.001s expert_kernel=73.021s source_fence=0.000s tail_head_sync=2.096s layer_other=0.275s expert_read_gross=148.348s plan_hint=8.144s plan_sched=0.185s attn_total=11.957s attn_encode=5.028s attn_wait=4.588s attn_drain=2.341s kernel_total=51.134s kernel_host=1.719s kernel_wait=2.968s kernel_drain=46.446s
[attn-split] single: calls=13485 total=10.139s encode=4.428s wait=3.370s drain=2.341s waits=23345 untimed=3676 | wide: calls=93 total=1.818s encode=0.600s wait=1.218s drain=0.000s waits=92 untimed=92 | hint: calls=13432 total=8.135s encode=0.036s wait=8.100s drain=0.000s waits=13195 untimed=13195
[kernel-split] single: calls=14299 total=48.296s encode=1.510s wait=0.567s drain=46.220s waits=15359 untimed=12093 | wide: calls=467 total=2.838s encode=0.210s wait=2.401s drain=0.227s waits=467 untimed=0
[kernel-sub] materialize=0.076s moe=3.708s precommit=46.436s rest=0.913s
[metal-cache] calls=17145 zero_copy_wraps=231 copies=0 cache_entries=112 bindless=true
 after
[stats] generated=147 elapsed=247.658s speed=0.5936 token/s (1.685 s/token) chunks=147 committed_rows=177 verify_tx=0 drafts=0/0 layer_passes=13671 expert_rows=16284 expert_tiles=13905
[opens] expert file opens=567919 total=8.964s mean=0.016ms requested_bytes=5510816054464 (5510.8 GB)
[arrival] tiles=619 waves=1577 uncovered_wait=21.856s dispatch=3.917s
[retain] enabled=false cap_gb=8 layers=63..=92 consults=0 wanted=0 hits=0 inserts=0 served=0.0MB
[summer] enabled=false cap_gb=8 sample=16 consults=0 wanted=0 hits=0 hit_rate=0.0% misses=0 inserts=0 evictions=0 recycled=0 allocs=0 pin_skips=0 gated=0 ramp=2..50 bar=0 suppressed=0 wide_skips=0 served=0.0MB copied=0.0MB ssd_avoided=0.0GB live=0/0.0GB model=0 protected=0 declined=0 topup_suppressed=0 aged=0 into=0/0/0 pending=0
[mirror-split] internal=0 K3C=0 K3B=0 K3A=0  shares=0%/0%/0%/0%
[phases] mono=392870.534133 chunks=147 sequence=247.480s read_wait=0.171s bind_upload=1.641s attention_resident=12.056s expert_read_prefetch=157.818s expert_demand_read=96.069s expert_plan=8.378s expert_hint=0.001s expert_submit=0.001s expert_kernel=73.352s source_fence=0.000s tail_head_sync=2.111s layer_other=0.277s expert_read_gross=149.440s plan_hint=8.188s plan_sched=0.187s attn_total=12.025s attn_encode=5.051s attn_wait=4.603s attn_drain=2.371s kernel_total=51.450s kernel_host=1.730s kernel_wait=2.972s kernel_drain=46.748s
[attn-split] single: calls=13578 total=10.208s encode=4.452s wait=3.385s drain=2.371s waits=23506 untimed=3691 | wide: calls=93 total=1.818s encode=0.600s wait=1.218s drain=0.000s waits=92 untimed=92 | hint: calls=13524 total=8.179s encode=0.036s wait=8.144s drain=0.000s waits=13286 untimed=13286
[kernel-split] single: calls=14396 total=48.612s encode=1.520s wait=0.571s drain=46.521s waits=15462 untimed=12172 | wide: calls=467 total=2.838s encode=0.210s wait=2.401s drain=0.227s waits=467 untimed=0
[kernel-sub] materialize=0.076s moe=3.714s precommit=46.740s rest=0.919s
[metal-cache] calls=17242 zero_copy_wraps=231 copies=0 cache_entries=112 bindless=true
[route-chain] chained=9660
[route-chain] dedup_hits=9660
 a
[stats] generated=148 elapsed=249.222s speed=0.5938 token/s (1.684 s/token) chunks=148 committed_rows=178 verify_tx=0 drafts=0/0 layer_passes=13764 expert_rows=16376 expert_tiles=13997
[opens] expert file opens=571738 total=9.018s mean=0.016ms requested_bytes=5544348892352 (5544.3 GB)
[arrival] tiles=620 waves=1583 uncovered_wait=21.866s dispatch=3.924s
[retain] enabled=false cap_gb=8 layers=63..=92 consults=0 wanted=0 hits=0 inserts=0 served=0.0MB
[summer] enabled=false cap_gb=8 sample=16 consults=0 wanted=0 hits=0 hit_rate=0.0% misses=0 inserts=0 evictions=0 recycled=0 allocs=0 pin_skips=0 gated=0 ramp=2..50 bar=0 suppressed=0 wide_skips=0 served=0.0MB copied=0.0MB ssd_avoided=0.0GB live=0/0.0GB model=0 protected=0 declined=0 topup_suppressed=0 aged=0 into=0/0/0 pending=0
[mirror-split] internal=0 K3C=0 K3B=0 K3A=0  shares=0%/0%/0%/0%
[phases] mono=392872.097944 chunks=148 sequence=249.042s read_wait=0.171s bind_upload=1.641s attention_resident=12.116s expert_read_prefetch=158.959s expert_demand_read=96.785s expert_plan=8.427s expert_hint=0.001s expert_submit=0.001s expert_kernel=73.696s source_fence=0.000s tail_head_sync=2.127s layer_other=0.279s expert_read_gross=150.531s plan_hint=8.236s plan_sched=0.188s attn_total=12.085s attn_encode=5.078s attn_wait=4.624s attn_drain=2.383s kernel_total=51.783s kernel_host=1.741s kernel_wait=2.976s kernel_drain=47.066s
[attn-split] single: calls=13671 total=10.268s encode=4.478s wait=3.406s drain=2.383s waits=23667 untimed=3711 | wide: calls=93 total=1.818s encode=0.600s wait=1.218s drain=0.000s waits=92 untimed=92 | hint: calls=13616 total=8.228s encode=0.036s wait=8.192s drain=0.000s waits=13377 untimed=13377
[kernel-split] single: calls=14493 total=48.946s encode=1.532s wait=0.574s drain=46.840s waits=15565 untimed=12249 | wide: calls=467 total=2.838s encode=0.210s wait=2.401s drain=0.227s waits=467 untimed=0
[kernel-sub] materialize=0.076s moe=3.721s precommit=47.061s rest=0.925s
[metal-cache] calls=17339 zero_copy_wraps=231 copies=0 cache_entries=112 bindless=true
 hot
[stats] generated=149 elapsed=250.819s speed=0.5941 token/s (1.683 s/token) chunks=149 committed_rows=179 verify_tx=0 drafts=0/0 layer_passes=13857 expert_rows=16468 expert_tiles=14089
[opens] expert file opens=575814 total=9.081s mean=0.016ms requested_bytes=5580084001984 (5580.1 GB)
[arrival] tiles=621 waves=1591 uncovered_wait=21.877s dispatch=3.930s
[retain] enabled=false cap_gb=8 layers=63..=92 consults=0 wanted=0 hits=0 inserts=0 served=0.0MB
[summer] enabled=false cap_gb=8 sample=16 consults=0 wanted=0 hits=0 hit_rate=0.0% misses=0 inserts=0 evictions=0 recycled=0 allocs=0 pin_skips=0 gated=0 ramp=2..50 bar=0 suppressed=0 wide_skips=0 served=0.0MB copied=0.0MB ssd_avoided=0.0GB live=0/0.0GB model=0 protected=0 declined=0 topup_suppressed=0 aged=0 into=0/0/0 pending=0
[mirror-split] internal=0 K3C=0 K3B=0 K3A=0  shares=0%/0%/0%/0%
[phases] mono=392873.695557 chunks=149 sequence=250.639s read_wait=0.171s bind_upload=1.641s attention_resident=12.189s expert_read_prefetch=160.120s expert_demand_read=97.495s expert_plan=8.489s expert_hint=0.001s expert_submit=0.001s expert_kernel=74.043s source_fence=0.000s tail_head_sync=2.141s layer_other=0.281s expert_read_gross=151.630s plan_hint=8.296s plan_sched=0.189s attn_total=12.158s attn_encode=5.105s attn_wait=4.643s attn_drain=2.409s kernel_total=52.119s kernel_host=1.753s kernel_wait=2.979s kernel_drain=47.387s
[attn-split] single: calls=13764 total=10.340s encode=4.506s wait=3.425s drain=2.409s waits=23828 untimed=3728 | wide: calls=93 total=1.818s encode=0.600s wait=1.218s drain=0.000s waits=92 untimed=92 | hint: calls=13708 total=8.288s encode=0.036s wait=8.252s drain=0.000s waits=13468 untimed=13468
[kernel-split] single: calls=14592 total=49.282s encode=1.543s wait=0.578s drain=47.161s waits=15672 untimed=12332 | wide: calls=467 total=2.838s encode=0.210s wait=2.401s drain=0.227s waits=467 untimed=0
[kernel-sub] materialize=0.076s moe=3.727s precommit=47.384s rest=0.932s
[metal-cache] calls=17438 zero_copy_wraps=231 copies=0 cache_entries=112 bindless=true
 shower
[stats] generated=150 elapsed=252.340s speed=0.5944 token/s (1.682 s/token) chunks=150 committed_rows=180 verify_tx=0 drafts=0/0 layer_passes=13950 expert_rows=16560 expert_tiles=14181
[opens] expert file opens=579750 total=9.139s mean=0.016ms requested_bytes=5614599535808 (5614.6 GB)
[arrival] tiles=622 waves=1598 uncovered_wait=21.886s dispatch=3.937s
[retain] enabled=false cap_gb=8 layers=63..=92 consults=0 wanted=0 hits=0 inserts=0 served=0.0MB
[summer] enabled=false cap_gb=8 sample=16 consults=0 wanted=0 hits=0 hit_rate=0.0% misses=0 inserts=0 evictions=0 recycled=0 allocs=0 pin_skips=0 gated=0 ramp=2..50 bar=0 suppressed=0 wide_skips=0 served=0.0MB copied=0.0MB ssd_avoided=0.0GB live=0/0.0GB model=0 protected=0 declined=0 topup_suppressed=0 aged=0 into=0/0/0 pending=0
[mirror-split] internal=0 K3C=0 K3B=0 K3A=0  shares=0%/0%/0%/0%
[phases] mono=392875.215757 chunks=150 sequence=252.158s read_wait=0.171s bind_upload=1.641s attention_resident=12.266s expert_read_prefetch=161.195s expert_demand_read=98.161s expert_plan=8.552s expert_hint=0.001s expert_submit=0.001s expert_kernel=74.391s source_fence=0.000s tail_head_sync=2.158s layer_other=0.283s expert_read_gross=152.642s plan_hint=8.358s plan_sched=0.190s attn_total=12.235s attn_encode=5.145s attn_wait=4.663s attn_drain=2.428s kernel_total=52.457s kernel_host=1.765s kernel_wait=2.983s kernel_drain=47.709s
[attn-split] single: calls=13857 total=10.418s encode=4.545s wait=3.445s drain=2.428s waits=23989 untimed=3747 | wide: calls=93 total=1.818s encode=0.600s wait=1.218s drain=0.000s waits=92 untimed=92 | hint: calls=13800 total=8.350s encode=0.037s wait=8.313s drain=0.000s waits=13559 untimed=13559
[kernel-split] single: calls=14690 total=49.620s encode=1.556s wait=0.581s drain=47.483s waits=15777 untimed=12410 | wide: calls=467 total=2.838s encode=0.210s wait=2.401s drain=0.227s waits=467 untimed=0
[kernel-sub] materialize=0.076s moe=3.734s precommit=47.708s rest=0.938s
[metal-cache] calls=17536 zero_copy_wraps=231 copies=0 cache_entries=112 bindless=true
—that
[stats] generated=151 elapsed=253.874s speed=0.5948 token/s (1.681 s/token) chunks=151 committed_rows=181 verify_tx=0 drafts=0/0 layer_passes=14043 expert_rows=16652 expert_tiles=14273
[opens] expert file opens=583692 total=9.192s mean=0.016ms requested_bytes=5649132616896 (5649.1 GB)
[arrival] tiles=623 waves=1606 uncovered_wait=21.900s dispatch=3.944s
[retain] enabled=false cap_gb=8 layers=63..=92 consults=0 wanted=0 hits=0 inserts=0 served=0.0MB
[summer] enabled=false cap_gb=8 sample=16 consults=0 wanted=0 hits=0 hit_rate=0.0% misses=0 inserts=0 evictions=0 recycled=0 allocs=0 pin_skips=0 gated=0 ramp=2..50 bar=0 suppressed=0 wide_skips=0 served=0.0MB copied=0.0MB ssd_avoided=0.0GB live=0/0.0GB model=0 protected=0 declined=0 topup_suppressed=0 aged=0 into=0/0/0 pending=0
[mirror-split] internal=0 K3C=0 K3B=0 K3A=0  shares=0%/0%/0%/0%
[phases] mono=392876.750118 chunks=151 sequence=253.691s read_wait=0.171s bind_upload=1.641s attention_resident=12.329s expert_read_prefetch=162.327s expert_demand_read=98.868s expert_plan=8.617s expert_hint=0.001s expert_submit=0.001s expert_kernel=74.714s source_fence=0.000s tail_head_sync=2.171s layer_other=0.284s expert_read_gross=153.709s plan_hint=8.422s plan_sched=0.191s attn_total=12.298s attn_encode=5.168s attn_wait=4.682s attn_drain=2.449s kernel_total=52.766s kernel_host=1.776s kernel_wait=2.986s kernel_drain=48.004s
[attn-split] single: calls=13950 total=10.480s encode=4.568s wait=3.464s drain=2.449s waits=24150 untimed=3764 | wide: calls=93 total=1.818s encode=0.600s wait=1.218s drain=0.000s waits=92 untimed=92 | hint: calls=13892 total=8.414s encode=0.037s wait=8.377s drain=0.000s waits=13650 untimed=13650
[kernel-split] single: calls=14789 total=49.929s encode=1.566s wait=0.585s drain=47.778s waits=15884 untimed=12492 | wide: calls=467 total=2.838s encode=0.210s wait=2.401s drain=0.227s waits=467 untimed=0
[kernel-sub] materialize=0.076s moe=3.741s precommit=48.005s rest=0.944s
[metal-cache] calls=17635 zero_copy_wraps=231 copies=0 cache_entries=112 bindless=true
’s
[stats] generated=152 elapsed=255.406s speed=0.5951 token/s (1.680 s/token) chunks=152 committed_rows=182 verify_tx=0 drafts=0/0 layer_passes=14136 expert_rows=16744 expert_tiles=14365
[opens] expert file opens=587614 total=9.249s mean=0.016ms requested_bytes=5683569163456 (5683.6 GB)
[arrival] tiles=624 waves=1614 uncovered_wait=21.914s dispatch=3.951s
[retain] enabled=false cap_gb=8 layers=63..=92 consults=0 wanted=0 hits=0 inserts=0 served=0.0MB
[summer] enabled=false cap_gb=8 sample=16 consults=0 wanted=0 hits=0 hit_rate=0.0% misses=0 inserts=0 evictions=0 recycled=0 allocs=0 pin_skips=0 gated=0 ramp=2..50 bar=0 suppressed=0 wide_skips=0 served=0.0MB copied=0.0MB ssd_avoided=0.0GB live=0/0.0GB model=0 protected=0 declined=0 topup_suppressed=0 aged=0 into=0/0/0 pending=0
[mirror-split] internal=0 K3C=0 K3B=0 K3A=0  shares=0%/0%/0%/0%
[phases] mono=392878.282004 chunks=152 sequence=255.222s read_wait=0.171s bind_upload=1.641s attention_resident=12.400s expert_read_prefetch=163.397s expert_demand_read=99.493s expert_plan=8.676s expert_hint=0.001s expert_submit=0.001s expert_kernel=75.085s source_fence=0.000s tail_head_sync=2.188s layer_other=0.286s expert_read_gross=154.720s plan_hint=8.480s plan_sched=0.192s attn_total=12.368s attn_encode=5.196s attn_wait=4.699s attn_drain=2.473s kernel_total=53.124s kernel_host=1.786s kernel_wait=2.990s kernel_drain=48.348s
[attn-split] single: calls=14043 total=10.550s encode=4.596s wait=3.481s drain=2.473s waits=24311 untimed=3789 | wide: calls=93 total=1.818s encode=0.600s wait=1.218s drain=0.000s waits=92 untimed=92 | hint: calls=13984 total=8.471s encode=0.037s wait=8.434s drain=0.000s waits=13741 untimed=13741
[kernel-split] single: calls=14888 total=50.286s encode=1.577s wait=0.589s drain=48.121s waits=15991 untimed=12582 | wide: calls=467 total=2.838s encode=0.210s wait=2.401s drain=0.227s waits=467 untimed=0
[kernel-sub] materialize=0.076s moe=3.748s precommit=48.350s rest=0.950s
[metal-cache] calls=17734 zero_copy_wraps=231 copies=0 cache_entries=112 bindless=true
 condensation
[stats] generated=153 elapsed=256.948s speed=0.5955 token/s (1.679 s/token) chunks=153 committed_rows=183 verify_tx=0 drafts=0/0 layer_passes=14229 expert_rows=16836 expert_tiles=14457
[opens] expert file opens=591589 total=9.304s mean=0.016ms requested_bytes=5718435658944 (5718.4 GB)
[arrival] tiles=625 waves=1621 uncovered_wait=21.924s dispatch=3.957s
[retain] enabled=false cap_gb=8 layers=63..=92 consults=0 wanted=0 hits=0 inserts=0 served=0.0MB
[summer] enabled=false cap_gb=8 sample=16 consults=0 wanted=0 hits=0 hit_rate=0.0% misses=0 inserts=0 evictions=0 recycled=0 allocs=0 pin_skips=0 gated=0 ramp=2..50 bar=0 suppressed=0 wide_skips=0 served=0.0MB copied=0.0MB ssd_avoided=0.0GB live=0/0.0GB model=0 protected=0 declined=0 topup_suppressed=0 aged=0 into=0/0/0 pending=0
[mirror-split] internal=0 K3C=0 K3B=0 K3A=0  shares=0%/0%/0%/0%
[phases] mono=392879.824214 chunks=153 sequence=256.764s read_wait=0.171s bind_upload=1.641s attention_resident=12.464s expert_read_prefetch=164.511s expert_demand_read=100.133s expert_plan=8.734s expert_hint=0.001s expert_submit=0.001s expert_kernel=75.432s source_fence=0.000s tail_head_sync=2.202s layer_other=0.288s expert_read_gross=155.777s plan_hint=8.536s plan_sched=0.194s attn_total=12.433s attn_encode=5.220s attn_wait=4.720s attn_drain=2.493s kernel_total=53.460s kernel_host=1.798s kernel_wait=2.993s kernel_drain=48.670s
[attn-split] single: calls=14136 total=10.615s encode=4.621s wait=3.502s drain=2.493s waits=24472 untimed=3810 | wide: calls=93 total=1.818s encode=0.600s wait=1.218s drain=0.000s waits=92 untimed=92 | hint: calls=14076 total=8.528s encode=0.037s wait=8.491s drain=0.000s waits=13832 untimed=13832
[kernel-split] single: calls=14986 total=50.622s encode=1.588s wait=0.591s drain=48.443s waits=16096 untimed=12667 | wide: calls=467 total=2.838s encode=0.210s wait=2.401s drain=0.227s waits=467 untimed=0
[kernel-sub] materialize=0.076s moe=3.753s precommit=48.674s rest=0.956s
[metal-cache] calls=17832 zero_copy_wraps=231 copies=0 cache_entries=112 bindless=true
!


[stats] generated=154 elapsed=258.449s speed=0.5959 token/s (1.678 s/token) chunks=154 committed_rows=184 verify_tx=0 drafts=0/0 layer_passes=14322 expert_rows=16928 expert_tiles=14549
[opens] expert file opens=595532 total=9.368s mean=0.016ms requested_bytes=5752995052736 (5753.0 GB)
[arrival] tiles=626 waves=1629 uncovered_wait=21.943s dispatch=3.965s
[retain] enabled=false cap_gb=8 layers=63..=92 consults=0 wanted=0 hits=0 inserts=0 served=0.0MB
[summer] enabled=false cap_gb=8 sample=16 consults=0 wanted=0 hits=0 hit_rate=0.0% misses=0 inserts=0 evictions=0 recycled=0 allocs=0 pin_skips=0 gated=0 ramp=2..50 bar=0 suppressed=0 wide_skips=0 served=0.0MB copied=0.0MB ssd_avoided=0.0GB live=0/0.0GB model=0 protected=0 declined=0 topup_suppressed=0 aged=0 into=0/0/0 pending=0
[mirror-split] internal=0 K3C=0 K3B=0 K3A=0  shares=0%/0%/0%/0%
[phases] mono=392881.324653 chunks=154 sequence=258.263s read_wait=0.171s bind_upload=1.641s attention_resident=12.540s expert_read_prefetch=165.555s expert_demand_read=100.776s expert_plan=8.789s expert_hint=0.001s expert_submit=0.001s expert_kernel=75.796s source_fence=0.000s tail_head_sync=2.215s layer_other=0.290s expert_read_gross=156.766s plan_hint=8.590s plan_sched=0.195s attn_total=12.508s attn_encode=5.258s attn_wait=4.743s attn_drain=2.507s kernel_total=53.804s kernel_host=1.809s kernel_wait=2.997s kernel_drain=48.998s
[attn-split] single: calls=14229 total=10.690s encode=4.658s wait=3.525s drain=2.507s waits=24633 untimed=3831 | wide: calls=93 total=1.818s encode=0.600s wait=1.218s drain=0.000s waits=92 untimed=92 | hint: calls=14168 total=8.582s encode=0.038s wait=8.544s drain=0.000s waits=13923 untimed=13923
[kernel-split] single: calls=15085 total=50.967s encode=1.599s wait=0.596s drain=48.771s waits=16203 untimed=12749 | wide: calls=467 total=2.838s encode=0.210s wait=2.401s drain=0.227s waits=467 untimed=0
[kernel-sub] materialize=0.076s moe=3.761s precommit=49.004s rest=0.963s
[metal-cache] calls=17931 zero_copy_wraps=231 copies=0 cache_entries=112 bindless=true
**
[stats] generated=155 elapsed=259.983s speed=0.5962 token/s (1.677 s/token) chunks=155 committed_rows=185 verify_tx=0 drafts=0/0 layer_passes=14415 expert_rows=17020 expert_tiles=14641
[opens] expert file opens=599650 total=9.446s mean=0.016ms requested_bytes=5789142465728 (5789.1 GB)
[arrival] tiles=627 waves=1635 uncovered_wait=21.953s dispatch=3.972s
[retain] enabled=false cap_gb=8 layers=63..=92 consults=0 wanted=0 hits=0 inserts=0 served=0.0MB
[summer] enabled=false cap_gb=8 sample=16 consults=0 wanted=0 hits=0 hit_rate=0.0% misses=0 inserts=0 evictions=0 recycled=0 allocs=0 pin_skips=0 gated=0 ramp=2..50 bar=0 suppressed=0 wide_skips=0 served=0.0MB copied=0.0MB ssd_avoided=0.0GB live=0/0.0GB model=0 protected=0 declined=0 topup_suppressed=0 aged=0 into=0/0/0 pending=0
[mirror-split] internal=0 K3C=0 K3B=0 K3A=0  shares=0%/0%/0%/0%
[phases] mono=392882.859502 chunks=155 sequence=259.797s read_wait=0.171s bind_upload=1.641s attention_resident=12.613s expert_read_prefetch=166.647s expert_demand_read=101.469s expert_plan=8.846s expert_hint=0.001s expert_submit=0.001s expert_kernel=76.149s source_fence=0.000s tail_head_sync=2.229s layer_other=0.292s expert_read_gross=157.800s plan_hint=8.647s plan_sched=0.196s attn_total=12.581s attn_encode=5.287s attn_wait=4.766s attn_drain=2.528s kernel_total=54.147s kernel_host=1.821s kernel_wait=3.002s kernel_drain=49.325s
[attn-split] single: calls=14322 total=10.764s encode=4.687s wait=3.548s drain=2.528s waits=24794 untimed=3848 | wide: calls=93 total=1.818s encode=0.600s wait=1.218s drain=0.000s waits=92 untimed=92 | hint: calls=14260 total=8.638s encode=0.038s wait=8.600s drain=0.000s waits=14014 untimed=14014
[kernel-split] single: calls=15182 total=51.309s encode=1.611s wait=0.600s drain=49.098s waits=16306 untimed=12831 | wide: calls=467 total=2.838s encode=0.210s wait=2.401s drain=0.227s waits=467 untimed=0
[kernel-sub] materialize=0.076s moe=3.768s precommit=49.333s rest=0.970s
[metal-cache] calls=18028 zero_copy_wraps=231 copies=0 cache_entries=112 bindless=true
3
[stats] generated=156 elapsed=261.514s speed=0.5965 token/s (1.676 s/token) chunks=156 committed_rows=186 verify_tx=0 drafts=0/0 layer_passes=14508 expert_rows=17112 expert_tiles=14733
[opens] expert file opens=603747 total=9.515s mean=0.016ms requested_bytes=5825061780672 (5825.1 GB)
[arrival] tiles=628 waves=1642 uncovered_wait=21.964s dispatch=3.980s
[retain] enabled=false cap_gb=8 layers=63..=92 consults=0 wanted=0 hits=0 inserts=0 served=0.0MB
[summer] enabled=false cap_gb=8 sample=16 consults=0 wanted=0 hits=0 hit_rate=0.0% misses=0 inserts=0 evictions=0 recycled=0 allocs=0 pin_skips=0 gated=0 ramp=2..50 bar=0 suppressed=0 wide_skips=0 served=0.0MB copied=0.0MB ssd_avoided=0.0GB live=0/0.0GB model=0 protected=0 declined=0 topup_suppressed=0 aged=0 into=0/0/0 pending=0
[mirror-split] internal=0 K3C=0 K3B=0 K3A=0  shares=0%/0%/0%/0%
[phases] mono=392884.390299 chunks=156 sequence=261.326s read_wait=0.171s bind_upload=1.641s attention_resident=12.683s expert_read_prefetch=167.727s expert_demand_read=102.095s expert_plan=8.915s expert_hint=0.001s expert_submit=0.001s expert_kernel=76.512s source_fence=0.000s tail_head_sync=2.244s layer_other=0.294s expert_read_gross=158.811s plan_hint=8.714s plan_sched=0.197s attn_total=12.650s attn_encode=5.316s attn_wait=4.783s attn_drain=2.551s kernel_total=54.499s kernel_host=1.833s kernel_wait=3.006s kernel_drain=49.660s
[attn-split] single: calls=14415 total=10.833s encode=4.716s wait=3.565s drain=2.551s waits=24955 untimed=3864 | wide: calls=93 total=1.818s encode=0.600s wait=1.218s drain=0.000s waits=92 untimed=92 | hint: calls=14352 total=8.706s encode=0.038s wait=8.667s drain=0.000s waits=14105 untimed=14105
[kernel-split] single: calls=15280 total=51.662s encode=1.624s wait=0.604s drain=49.434s waits=16411 untimed=12911 | wide: calls=467 total=2.838s encode=0.210s wait=2.401s drain=0.227s waits=467 untimed=0
[kernel-sub] materialize=0.076s moe=3.776s precommit=49.670s rest=0.977s
[metal-cache] calls=18126 zero_copy_wraps=231 copies=0 cache_entries=112 bindless=true
.
[stats] generated=157 elapsed=263.051s speed=0.5968 token/s (1.675 s/token) chunks=157 committed_rows=187 verify_tx=0 drafts=0/0 layer_passes=14601 expert_rows=17204 expert_tiles=14825
[opens] expert file opens=607709 total=9.574s mean=0.016ms requested_bytes=5859814194368 (5859.8 GB)
[arrival] tiles=629 waves=1647 uncovered_wait=21.973s dispatch=3.987s
[retain] enabled=false cap_gb=8 layers=63..=92 consults=0 wanted=0 hits=0 inserts=0 served=0.0MB
[summer] enabled=false cap_gb=8 sample=16 consults=0 wanted=0 hits=0 hit_rate=0.0% misses=0 inserts=0 evictions=0 recycled=0 allocs=0 pin_skips=0 gated=0 ramp=2..50 bar=0 suppressed=0 wide_skips=0 served=0.0MB copied=0.0MB ssd_avoided=0.0GB live=0/0.0GB model=0 protected=0 declined=0 topup_suppressed=0 aged=0 into=0/0/0 pending=0
[mirror-split] internal=0 K3C=0 K3B=0 K3A=0  shares=0%/0%/0%/0%
[phases] mono=392885.926605 chunks=157 sequence=262.861s read_wait=0.171s bind_upload=1.641s attention_resident=12.757s expert_read_prefetch=168.809s expert_demand_read=102.722s expert_plan=8.987s expert_hint=0.001s expert_submit=0.001s expert_kernel=76.875s source_fence=0.000s tail_head_sync=2.258s layer_other=0.296s expert_read_gross=159.821s plan_hint=8.785s plan_sched=0.198s attn_total=12.724s attn_encode=5.347s attn_wait=4.804s attn_drain=2.573s kernel_total=54.852s kernel_host=1.845s kernel_wait=3.009s kernel_drain=49.998s
[attn-split] single: calls=14508 total=10.907s encode=4.748s wait=3.586s drain=2.573s waits=25116 untimed=3881 | wide: calls=93 total=1.818s encode=0.600s wait=1.218s drain=0.000s waits=92 untimed=92 | hint: calls=14444 total=8.776s encode=0.038s wait=8.738s drain=0.000s waits=14196 untimed=14196
[kernel-split] single: calls=15376 total=52.014s encode=1.635s wait=0.608s drain=49.771s waits=16512 untimed=12991 | wide: calls=467 total=2.838s encode=0.210s wait=2.401s drain=0.227s waits=467 untimed=0
[kernel-sub] materialize=0.076s moe=3.783s precommit=50.009s rest=0.983s
[metal-cache] calls=18222 zero_copy_wraps=231 copies=0 cache_entries=112 bindless=true
[route-chain] chained=10350
[route-chain] dedup_hits=10350
 Prec
[stats] generated=158 elapsed=264.603s speed=0.5971 token/s (1.675 s/token) chunks=158 committed_rows=188 verify_tx=0 drafts=0/0 layer_passes=14694 expert_rows=17296 expert_tiles=14917
[opens] expert file opens=611824 total=9.639s mean=0.016ms requested_bytes=5895917763776 (5895.9 GB)
[arrival] tiles=630 waves=1655 uncovered_wait=21.990s dispatch=3.996s
[retain] enabled=false cap_gb=8 layers=63..=92 consults=0 wanted=0 hits=0 inserts=0 served=0.0MB
[summer] enabled=false cap_gb=8 sample=16 consults=0 wanted=0 hits=0 hit_rate=0.0% misses=0 inserts=0 evictions=0 recycled=0 allocs=0 pin_skips=0 gated=0 ramp=2..50 bar=0 suppressed=0 wide_skips=0 served=0.0MB copied=0.0MB ssd_avoided=0.0GB live=0/0.0GB model=0 protected=0 declined=0 topup_suppressed=0 aged=0 into=0/0/0 pending=0
[mirror-split] internal=0 K3C=0 K3B=0 K3A=0  shares=0%/0%/0%/0%
[phases] mono=392887.478622 chunks=158 sequence=264.412s read_wait=0.171s bind_upload=1.641s attention_resident=12.843s expert_read_prefetch=169.909s expert_demand_read=103.385s expert_plan=9.043s expert_hint=0.001s expert_submit=0.001s expert_kernel=77.221s source_fence=0.000s tail_head_sync=2.274s layer_other=0.298s expert_read_gross=160.866s plan_hint=8.840s plan_sched=0.199s attn_total=12.810s attn_encode=5.394s attn_wait=4.827s attn_drain=2.589s kernel_total=55.181s kernel_host=1.857s kernel_wait=3.014s kernel_drain=50.310s
[attn-split] single: calls=14601 total=10.992s encode=4.794s wait=3.609s drain=2.589s waits=25277 untimed=3902 | wide: calls=93 total=1.818s encode=0.600s wait=1.218s drain=0.000s waits=92 untimed=92 | hint: calls=14536 total=8.831s encode=0.039s wait=8.792s drain=0.000s waits=14287 untimed=14287
[kernel-split] single: calls=15475 total=52.343s encode=1.647s wait=0.612s drain=50.084s waits=16619 untimed=13074 | wide: calls=467 total=2.838s encode=0.210s wait=2.401s drain=0.227s waits=467 untimed=0
[kernel-sub] materialize=0.076s moe=3.792s precommit=50.323s rest=0.989s
[metal-cache] calls=18321 zero_copy_wraps=231 copies=0 cache_entries=112 bindless=true
ip
[stats] generated=159 elapsed=266.114s speed=0.5975 token/s (1.674 s/token) chunks=159 committed_rows=189 verify_tx=0 drafts=0/0 layer_passes=14787 expert_rows=17388 expert_tiles=15009
[opens] expert file opens=615769 total=9.708s mean=0.016ms requested_bytes=5930503486656 (5930.5 GB)
[arrival] tiles=631 waves=1663 uncovered_wait=22.002s dispatch=4.002s
[retain] enabled=false cap_gb=8 layers=63..=92 consults=0 wanted=0 hits=0 inserts=0 served=0.0MB
[summer] enabled=false cap_gb=8 sample=16 consults=0 wanted=0 hits=0 hit_rate=0.0% misses=0 inserts=0 evictions=0 recycled=0 allocs=0 pin_skips=0 gated=0 ramp=2..50 bar=0 suppressed=0 wide_skips=0 served=0.0MB copied=0.0MB ssd_avoided=0.0GB live=0/0.0GB model=0 protected=0 declined=0 topup_suppressed=0 aged=0 into=0/0/0 pending=0
[mirror-split] internal=0 K3C=0 K3B=0 K3A=0  shares=0%/0%/0%/0%
[phases] mono=392888.990476 chunks=159 sequence=265.923s read_wait=0.171s bind_upload=1.641s attention_resident=12.912s expert_read_prefetch=170.990s expert_demand_read=104.007s expert_plan=9.108s expert_hint=0.001s expert_submit=0.001s expert_kernel=77.564s source_fence=0.000s tail_head_sync=2.291s layer_other=0.299s expert_read_gross=161.881s plan_hint=8.904s plan_sched=0.200s attn_total=12.878s attn_encode=5.420s attn_wait=4.853s attn_drain=2.605s kernel_total=55.512s kernel_host=1.868s kernel_wait=3.017s kernel_drain=50.627s
[attn-split] single: calls=14694 total=11.061s encode=4.820s wait=3.635s drain=2.605s waits=25438 untimed=3929 | wide: calls=93 total=1.818s encode=0.600s wait=1.218s drain=0.000s waits=92 untimed=92 | hint: calls=14628 total=8.895s encode=0.039s wait=8.856s drain=0.000s waits=14378 untimed=14378
[kernel-split] single: calls=15574 total=52.674s encode=1.658s wait=0.616s drain=50.401s waits=16726 untimed=13159 | wide: calls=467 total=2.838s encode=0.210s wait=2.401s drain=0.227s waits=467 untimed=0
[kernel-sub] materialize=0.076s moe=3.798s precommit=50.642s rest=0.995s
[metal-cache] calls=18420 zero_copy_wraps=231 copies=0 cache_entries=112 bindless=true
itation
[stats] generated=160 elapsed=267.582s speed=0.5979 token/s (1.672 s/token) chunks=160 committed_rows=190 verify_tx=0 drafts=0/0 layer_passes=14880 expert_rows=17480 expert_tiles=15101
[opens] expert file opens=619612 total=9.770s mean=0.016ms requested_bytes=5964203031744 (5964.2 GB)
[arrival] tiles=632 waves=1671 uncovered_wait=22.014s dispatch=4.012s
[retain] enabled=false cap_gb=8 layers=63..=92 consults=0 wanted=0 hits=0 inserts=0 served=0.0MB
[summer] enabled=false cap_gb=8 sample=16 consults=0 wanted=0 hits=0 hit_rate=0.0% misses=0 inserts=0 evictions=0 recycled=0 allocs=0 pin_skips=0 gated=0 ramp=2..50 bar=0 suppressed=0 wide_skips=0 served=0.0MB copied=0.0MB ssd_avoided=0.0GB live=0/0.0GB model=0 protected=0 declined=0 topup_suppressed=0 aged=0 into=0/0/0 pending=0
[mirror-split] internal=0 K3C=0 K3B=0 K3A=0  shares=0%/0%/0%/0%
[phases] mono=392890.458069 chunks=160 sequence=267.389s read_wait=0.171s bind_upload=1.641s attention_resident=12.975s expert_read_prefetch=172.036s expert_demand_read=104.713s expert_plan=9.161s expert_hint=0.001s expert_submit=0.001s expert_kernel=77.905s source_fence=0.000s tail_head_sync=2.305s layer_other=0.301s expert_read_gross=162.875s plan_hint=8.956s plan_sched=0.201s attn_total=12.942s attn_encode=5.442s attn_wait=4.879s attn_drain=2.620s kernel_total=55.840s kernel_host=1.879s kernel_wait=3.022s kernel_drain=50.938s
[attn-split] single: calls=14787 total=11.124s encode=4.843s wait=3.661s drain=2.620s waits=25599 untimed=3952 | wide: calls=93 total=1.818s encode=0.600s wait=1.218s drain=0.000s waits=92 untimed=92 | hint: calls=14720 total=8.947s encode=0.039s wait=8.907s drain=0.000s waits=14469 untimed=14469
[kernel-split] single: calls=15673 total=53.003s encode=1.669s wait=0.621s drain=50.712s waits=16833 untimed=13234 | wide: calls=467 total=2.838s encode=0.210s wait=2.401s drain=0.227s waits=467 untimed=0
[kernel-sub] materialize=0.076s moe=3.808s precommit=50.955s rest=1.001s
[metal-cache] calls=18519 zero_copy_wraps=231 copies=0 cache_entries=112 bindless=true
 (
[stats] generated=161 elapsed=269.017s speed=0.5985 token/s (1.671 s/token) chunks=161 committed_rows=191 verify_tx=0 drafts=0/0 layer_passes=14973 expert_rows=17572 expert_tiles=15193
[opens] expert file opens=623472 total=9.818s mean=0.016ms requested_bytes=5998034238656 (5998.0 GB)
[arrival] tiles=633 waves=1679 uncovered_wait=22.025s dispatch=4.019s
[retain] enabled=false cap_gb=8 layers=63..=92 consults=0 wanted=0 hits=0 inserts=0 served=0.0MB
[summer] enabled=false cap_gb=8 sample=16 consults=0 wanted=0 hits=0 hit_rate=0.0% misses=0 inserts=0 evictions=0 recycled=0 allocs=0 pin_skips=0 gated=0 ramp=2..50 bar=0 suppressed=0 wide_skips=0 served=0.0MB copied=0.0MB ssd_avoided=0.0GB live=0/0.0GB model=0 protected=0 declined=0 topup_suppressed=0 aged=0 into=0/0/0 pending=0
[mirror-split] internal=0 K3C=0 K3B=0 K3A=0  shares=0%/0%/0%/0%
[phases] mono=392891.892661 chunks=161 sequence=268.823s read_wait=0.171s bind_upload=1.641s attention_resident=13.036s expert_read_prefetch=173.077s expert_demand_read=105.312s expert_plan=9.210s expert_hint=0.001s expert_submit=0.001s expert_kernel=78.218s source_fence=0.000s tail_head_sync=2.323s layer_other=0.302s expert_read_gross=163.866s plan_hint=9.004s plan_sched=0.202s attn_total=13.002s attn_encode=5.467s attn_wait=4.903s attn_drain=2.632s kernel_total=56.142s kernel_host=1.888s kernel_wait=3.026s kernel_drain=51.228s
[attn-split] single: calls=14880 total=11.185s encode=4.868s wait=3.685s drain=2.632s waits=25760 untimed=3981 | wide: calls=93 total=1.818s encode=0.600s wait=1.218s drain=0.000s waits=92 untimed=92 | hint: calls=14812 total=8.995s encode=0.039s wait=8.956s drain=0.000s waits=14560 untimed=14560
[kernel-split] single: calls=15772 total=53.305s encode=1.679s wait=0.625s drain=51.001s waits=16940 untimed=13327 | wide: calls=467 total=2.838s encode=0.210s wait=2.401s drain=0.227s waits=467 untimed=0
[kernel-sub] materialize=0.076s moe=3.815s precommit=51.245s rest=1.006s
[metal-cache] calls=18618 zero_copy_wraps=231 copies=0 cache_entries=112 bindless=true
Water
[stats] generated=162 elapsed=270.506s speed=0.5989 token/s (1.670 s/token) chunks=162 committed_rows=192 verify_tx=0 drafts=0/0 layer_passes=15066 expert_rows=17664 expert_tiles=15285
[opens] expert file opens=627348 total=9.868s mean=0.016ms requested_bytes=6032005823680 (6032.0 GB)
[arrival] tiles=634 waves=1685 uncovered_wait=22.035s dispatch=4.025s
[retain] enabled=false cap_gb=8 layers=63..=92 consults=0 wanted=0 hits=0 inserts=0 served=0.0MB
[summer] enabled=false cap_gb=8 sample=16 consults=0 wanted=0 hits=0 hit_rate=0.0% misses=0 inserts=0 evictions=0 recycled=0 allocs=0 pin_skips=0 gated=0 ramp=2..50 bar=0 suppressed=0 wide_skips=0 served=0.0MB copied=0.0MB ssd_avoided=0.0GB live=0/0.0GB model=0 protected=0 declined=0 topup_suppressed=0 aged=0 into=0/0/0 pending=0
[mirror-split] internal=0 K3C=0 K3B=0 K3A=0  shares=0%/0%/0%/0%
[phases] mono=392893.382261 chunks=162 sequence=270.311s read_wait=0.171s bind_upload=1.641s attention_resident=13.122s expert_read_prefetch=174.153s expert_demand_read=105.967s expert_plan=9.258s expert_hint=0.001s expert_submit=0.001s expert_kernel=78.529s source_fence=0.000s tail_head_sync=2.336s layer_other=0.303s expert_read_gross=164.895s plan_hint=9.050s plan_sched=0.203s attn_total=13.088s attn_encode=5.506s attn_wait=4.932s attn_drain=2.650s kernel_total=56.443s kernel_host=1.898s kernel_wait=3.029s kernel_drain=51.517s
[attn-split] single: calls=14973 total=11.271s encode=4.907s wait=3.714s drain=2.650s waits=25921 untimed=4003 | wide: calls=93 total=1.818s encode=0.600s wait=1.218s drain=0.000s waits=92 untimed=92 | hint: calls=14904 total=9.041s encode=0.040s wait=9.002s drain=0.000s waits=14651 untimed=14651
[kernel-split] single: calls=15869 total=53.606s encode=1.688s wait=0.627s drain=51.290s waits=17043 untimed=13409 | wide: calls=467 total=2.838s encode=0.210s wait=2.401s drain=0.227s waits=467 untimed=0
[kernel-sub] materialize=0.076s moe=3.820s precommit=51.536s rest=1.011s
[metal-cache] calls=18715 zero_copy_wraps=231 copies=0 cache_entries=112 bindless=true
 falls
[stats] generated=163 elapsed=272.018s speed=0.5992 token/s (1.669 s/token) chunks=163 committed_rows=193 verify_tx=0 drafts=0/0 layer_passes=15159 expert_rows=17756 expert_tiles=15377
[opens] expert file opens=631243 total=9.923s mean=0.016ms requested_bytes=6066144083136 (6066.1 GB)
[arrival] tiles=635 waves=1693 uncovered_wait=22.050s dispatch=4.032s
[retain] enabled=false cap_gb=8 layers=63..=92 consults=0 wanted=0 hits=0 inserts=0 served=0.0MB
[summer] enabled=false cap_gb=8 sample=16 consults=0 wanted=0 hits=0 hit_rate=0.0% misses=0 inserts=0 evictions=0 recycled=0 allocs=0 pin_skips=0 gated=0 ramp=2..50 bar=0 suppressed=0 wide_skips=0 served=0.0MB copied=0.0MB ssd_avoided=0.0GB live=0/0.0GB model=0 protected=0 declined=0 topup_suppressed=0 aged=0 into=0/0/0 pending=0
[mirror-split] internal=0 K3C=0 K3B=0 K3A=0  shares=0%/0%/0%/0%
[phases] mono=392894.894307 chunks=163 sequence=271.823s read_wait=0.171s bind_upload=1.641s attention_resident=13.185s expert_read_prefetch=175.253s expert_demand_read=106.647s expert_plan=9.300s expert_hint=0.001s expert_submit=0.001s expert_kernel=78.860s source_fence=0.000s tail_head_sync=2.353s layer_other=0.304s expert_read_gross=165.952s plan_hint=9.092s plan_sched=0.204s attn_total=13.151s attn_encode=5.530s attn_wait=4.955s attn_drain=2.666s kernel_total=56.759s kernel_host=1.908s kernel_wait=3.032s kernel_drain=51.818s
[attn-split] single: calls=15066 total=11.333s encode=4.930s wait=3.737s drain=2.666s waits=26082 untimed=4030 | wide: calls=93 total=1.818s encode=0.600s wait=1.218s drain=0.000s waits=92 untimed=92 | hint: calls=14996 total=9.083s encode=0.040s wait=9.043s drain=0.000s waits=14742 untimed=14742
[kernel-split] single: calls=15968 total=53.921s encode=1.699s wait=0.631s drain=51.592s waits=17150 untimed=13496 | wide: calls=467 total=2.838s encode=0.210s wait=2.401s drain=0.227s waits=467 untimed=0
[kernel-sub] materialize=0.076s moe=3.827s precommit=51.839s rest=1.017s
[metal-cache] calls=18814 zero_copy_wraps=231 copies=0 cache_entries=112 bindless=true
 down
[stats] generated=164 elapsed=273.514s speed=0.5996 token/s (1.668 s/token) chunks=164 committed_rows=194 verify_tx=0 drafts=0/0 layer_passes=15252 expert_rows=17848 expert_tiles=15469
[opens] expert file opens=635047 total=9.984s mean=0.016ms requested_bytes=6099527810240 (6099.5 GB)
[arrival] tiles=636 waves=1701 uncovered_wait=22.060s dispatch=4.038s
[retain] enabled=false cap_gb=8 layers=63..=92 consults=0 wanted=0 hits=0 inserts=0 served=0.0MB
[summer] enabled=false cap_gb=8 sample=16 consults=0 wanted=0 hits=0 hit_rate=0.0% misses=0 inserts=0 evictions=0 recycled=0 allocs=0 pin_skips=0 gated=0 ramp=2..50 bar=0 suppressed=0 wide_skips=0 served=0.0MB copied=0.0MB ssd_avoided=0.0GB live=0/0.0GB model=0 protected=0 declined=0 topup_suppressed=0 aged=0 into=0/0/0 pending=0
[mirror-split] internal=0 K3C=0 K3B=0 K3A=0  shares=0%/0%/0%/0%
[phases] mono=392896.390098 chunks=164 sequence=273.318s read_wait=0.171s bind_upload=1.641s attention_resident=13.247s expert_read_prefetch=176.321s expert_demand_read=107.298s expert_plan=9.356s expert_hint=0.001s expert_submit=0.001s expert_kernel=79.206s source_fence=0.000s tail_head_sync=2.369s layer_other=0.306s expert_read_gross=166.964s plan_hint=9.147s plan_sched=0.206s attn_total=13.213s attn_encode=5.557s attn_wait=4.979s attn_drain=2.677s kernel_total=57.094s kernel_host=1.920s kernel_wait=3.036s kernel_drain=52.138s
[attn-split] single: calls=15159 total=11.395s encode=4.957s wait=3.761s drain=2.677s waits=26243 untimed=4049 | wide: calls=93 total=1.818s encode=0.600s wait=1.218s drain=0.000s waits=92 untimed=92 | hint: calls=15088 total=9.137s encode=0.040s wait=9.097s drain=0.000s waits=14833 untimed=14833
[kernel-split] single: calls=16067 total=54.257s encode=1.711s wait=0.635s drain=51.911s waits=17257 untimed=13576 | wide: calls=467 total=2.838s encode=0.210s wait=2.401s drain=0.227s waits=467 untimed=0
[kernel-sub] materialize=0.076s moe=3.833s precommit=52.160s rest=1.024s
[metal-cache] calls=18913 zero_copy_wraps=231 copies=0 cache_entries=112 bindless=true
)
[stats] generated=165 elapsed=275.108s speed=0.5998 token/s (1.667 s/token) chunks=165 committed_rows=195 verify_tx=0 drafts=0/0 layer_passes=15345 expert_rows=17940 expert_tiles=15561
[opens] expert file opens=638987 total=10.043s mean=0.016ms requested_bytes=6134078422208 (6134.1 GB)
[arrival] tiles=637 waves=1707 uncovered_wait=22.070s dispatch=4.044s
[retain] enabled=false cap_gb=8 layers=63..=92 consults=0 wanted=0 hits=0 inserts=0 served=0.0MB
[summer] enabled=false cap_gb=8 sample=16 consults=0 wanted=0 hits=0 hit_rate=0.0% misses=0 inserts=0 evictions=0 recycled=0 allocs=0 pin_skips=0 gated=0 ramp=2..50 bar=0 suppressed=0 wide_skips=0 served=0.0MB copied=0.0MB ssd_avoided=0.0GB live=0/0.0GB model=0 protected=0 declined=0 topup_suppressed=0 aged=0 into=0/0/0 pending=0
[mirror-split] internal=0 K3C=0 K3B=0 K3A=0  shares=0%/0%/0%/0%
[phases] mono=392897.983930 chunks=165 sequence=274.911s read_wait=0.171s bind_upload=1.641s attention_resident=13.326s expert_read_prefetch=177.487s expert_demand_read=108.035s expert_plan=9.405s expert_hint=0.001s expert_submit=0.001s expert_kernel=79.539s source_fence=0.000s tail_head_sync=2.383s layer_other=0.308s expert_read_gross=168.081s plan_hint=9.194s plan_sched=0.207s attn_total=13.292s attn_encode=5.595s attn_wait=4.998s attn_drain=2.699s kernel_total=57.416s kernel_host=1.932s kernel_wait=3.039s kernel_drain=52.445s
[attn-split] single: calls=15252 total=11.474s encode=4.996s wait=3.780s drain=2.699s waits=26404 untimed=4065 | wide: calls=93 total=1.818s encode=0.600s wait=1.218s drain=0.000s waits=92 untimed=92 | hint: calls=15180 total=9.185s encode=0.041s wait=9.144s drain=0.000s waits=14924 untimed=14924
[kernel-split] single: calls=16164 total=54.579s encode=1.722s wait=0.638s drain=52.219s waits=17360 untimed=13654 | wide: calls=467 total=2.838s encode=0.210s wait=2.401s drain=0.227s waits=467 untimed=0
[kernel-sub] materialize=0.076s moe=3.839s precommit=52.470s rest=1.031s
[metal-cache] calls=19010 zero_copy_wraps=231 copies=0 cache_entries=112 bindless=true
**

[stats] generated=166 elapsed=276.641s speed=0.6001 token/s (1.667 s/token) chunks=166 committed_rows=196 verify_tx=0 drafts=0/0 layer_passes=15438 expert_rows=18032 expert_tiles=15653
[opens] expert file opens=642917 total=10.102s mean=0.016ms requested_bytes=6168550063296 (6168.6 GB)
[arrival] tiles=638 waves=1714 uncovered_wait=22.082s dispatch=4.051s
[retain] enabled=false cap_gb=8 layers=63..=92 consults=0 wanted=0 hits=0 inserts=0 served=0.0MB
[summer] enabled=false cap_gb=8 sample=16 consults=0 wanted=0 hits=0 hit_rate=0.0% misses=0 inserts=0 evictions=0 recycled=0 allocs=0 pin_skips=0 gated=0 ramp=2..50 bar=0 suppressed=0 wide_skips=0 served=0.0MB copied=0.0MB ssd_avoided=0.0GB live=0/0.0GB model=0 protected=0 declined=0 topup_suppressed=0 aged=0 into=0/0/0 pending=0
[mirror-split] internal=0 K3C=0 K3B=0 K3A=0  shares=0%/0%/0%/0%
[phases] mono=392899.517415 chunks=166 sequence=276.443s read_wait=0.171s bind_upload=1.641s attention_resident=13.410s expert_read_prefetch=178.573s expert_demand_read=108.685s expert_plan=9.455s expert_hint=0.001s expert_submit=0.001s expert_kernel=79.887s source_fence=0.000s tail_head_sync=2.396s layer_other=0.309s expert_read_gross=169.117s plan_hint=9.243s plan_sched=0.208s attn_total=13.375s attn_encode=5.636s attn_wait=5.018s attn_drain=2.721s kernel_total=57.752s kernel_host=1.946s kernel_wait=3.042s kernel_drain=52.764s
[attn-split] single: calls=15345 total=11.558s encode=5.036s wait=3.800s drain=2.721s waits=26565 untimed=4079 | wide: calls=93 total=1.818s encode=0.600s wait=1.218s drain=0.000s waits=92 untimed=92 | hint: calls=15272 total=9.234s encode=0.041s wait=9.193s drain=0.000s waits=15015 untimed=15015
[kernel-split] single: calls=16262 total=54.914s encode=1.736s wait=0.641s drain=52.537s waits=17465 untimed=13731 | wide: calls=467 total=2.838s encode=0.210s wait=2.401s drain=0.227s waits=467 untimed=0
[kernel-sub] materialize=0.076s moe=3.845s precommit=52.791s rest=1.039s
[metal-cache] calls=19108 zero_copy_wraps=231 copies=0 cache_entries=112 bindless=true
When
[stats] generated=167 elapsed=278.214s speed=0.6003 token/s (1.666 s/token) chunks=167 committed_rows=197 verify_tx=0 drafts=0/0 layer_passes=15531 expert_rows=18124 expert_tiles=15745
[opens] expert file opens=646877 total=10.162s mean=0.016ms requested_bytes=6203258617024 (6203.3 GB)
[arrival] tiles=639 waves=1722 uncovered_wait=22.093s dispatch=4.058s
[retain] enabled=false cap_gb=8 layers=63..=92 consults=0 wanted=0 hits=0 inserts=0 served=0.0MB
[summer] enabled=false cap_gb=8 sample=16 consults=0 wanted=0 hits=0 hit_rate=0.0% misses=0 inserts=0 evictions=0 recycled=0 allocs=0 pin_skips=0 gated=0 ramp=2..50 bar=0 suppressed=0 wide_skips=0 served=0.0MB copied=0.0MB ssd_avoided=0.0GB live=0/0.0GB model=0 protected=0 declined=0 topup_suppressed=0 aged=0 into=0/0/0 pending=0
[mirror-split] internal=0 K3C=0 K3B=0 K3A=0  shares=0%/0%/0%/0%
[phases] mono=392901.090374 chunks=167 sequence=278.016s read_wait=0.171s bind_upload=1.641s attention_resident=13.474s expert_read_prefetch=179.723s expert_demand_read=109.380s expert_plan=9.510s expert_hint=0.001s expert_submit=0.001s expert_kernel=80.229s source_fence=0.000s tail_head_sync=2.410s layer_other=0.311s expert_read_gross=170.213s plan_hint=9.297s plan_sched=0.209s attn_total=13.439s attn_encode=5.661s attn_wait=5.043s attn_drain=2.736s kernel_total=58.084s kernel_host=1.958s kernel_wait=3.047s kernel_drain=53.079s
[attn-split] single: calls=15438 total=11.621s encode=5.061s wait=3.825s drain=2.736s waits=26726 untimed=4103 | wide: calls=93 total=1.818s encode=0.600s wait=1.218s drain=0.000s waits=92 untimed=92 | hint: calls=15364 total=9.287s encode=0.041s wait=9.246s drain=0.000s waits=15106 untimed=15106
[kernel-split] single: calls=16361 total=55.246s encode=1.748s wait=0.645s drain=52.853s waits=17572 untimed=13814 | wide: calls=467 total=2.838s encode=0.210s wait=2.401s drain=0.227s waits=467 untimed=0
[kernel-sub] materialize=0.076s moe=3.853s precommit=53.109s rest=1.046s
[metal-cache] calls=19207 zero_copy_wraps=231 copies=0 cache_entries=112 bindless=true
 the
[stats] generated=168 elapsed=279.764s speed=0.6005 token/s (1.665 s/token) chunks=168 committed_rows=198 verify_tx=0 drafts=0/0 layer_passes=15624 expert_rows=18216 expert_tiles=15837
[opens] expert file opens=650716 total=10.215s mean=0.016ms requested_bytes=6236896787648 (6236.9 GB)
[arrival] tiles=640 waves=1730 uncovered_wait=22.106s dispatch=4.065s
[retain] enabled=false cap_gb=8 layers=63..=92 consults=0 wanted=0 hits=0 inserts=0 served=0.0MB
[summer] enabled=false cap_gb=8 sample=16 consults=0 wanted=0 hits=0 hit_rate=0.0% misses=0 inserts=0 evictions=0 recycled=0 allocs=0 pin_skips=0 gated=0 ramp=2..50 bar=0 suppressed=0 wide_skips=0 served=0.0MB copied=0.0MB ssd_avoided=0.0GB live=0/0.0GB model=0 protected=0 declined=0 topup_suppressed=0 aged=0 into=0/0/0 pending=0
[mirror-split] internal=0 K3C=0 K3B=0 K3A=0  shares=0%/0%/0%/0%
[phases] mono=392902.640300 chunks=168 sequence=279.565s read_wait=0.171s bind_upload=1.641s attention_resident=13.538s expert_read_prefetch=180.869s expert_demand_read=110.059s expert_plan=9.561s expert_hint=0.001s expert_submit=0.001s expert_kernel=80.552s source_fence=0.000s tail_head_sync=2.424s layer_other=0.312s expert_read_gross=171.307s plan_hint=9.347s plan_sched=0.210s attn_total=13.503s attn_encode=5.690s attn_wait=5.056s attn_drain=2.757s kernel_total=58.393s kernel_host=1.969s kernel_wait=3.050s kernel_drain=53.374s
[attn-split] single: calls=15531 total=11.685s encode=5.090s wait=3.838s drain=2.757s waits=26887 untimed=4118 | wide: calls=93 total=1.818s encode=0.600s wait=1.218s drain=0.000s waits=92 untimed=92 | hint: calls=15456 total=9.337s encode=0.041s wait=9.296s drain=0.000s waits=15197 untimed=15197
[kernel-split] single: calls=16460 total=55.556s encode=1.759s wait=0.649s drain=53.148s waits=17679 untimed=13893 | wide: calls=467 total=2.838s encode=0.210s wait=2.401s drain=0.227s waits=467 untimed=0
[kernel-sub] materialize=0.076s moe=3.860s precommit=53.405s rest=1.052s
[metal-cache] calls=19306 zero_copy_wraps=231 copies=0 cache_entries=112 bindless=true
[route-chain] chained=11040
[route-chain] dedup_hits=11040
 clouds
[stats] generated=169 elapsed=281.244s speed=0.6009 token/s (1.664 s/token) chunks=169 committed_rows=199 verify_tx=0 drafts=0/0 layer_passes=15717 expert_rows=18308 expert_tiles=15929
[opens] expert file opens=654615 total=10.272s mean=0.016ms requested_bytes=6271105219776 (6271.1 GB)
[arrival] tiles=641 waves=1737 uncovered_wait=22.117s dispatch=4.071s
[retain] enabled=false cap_gb=8 layers=63..=92 consults=0 wanted=0 hits=0 inserts=0 served=0.0MB
[summer] enabled=false cap_gb=8 sample=16 consults=0 wanted=0 hits=0 hit_rate=0.0% misses=0 inserts=0 evictions=0 recycled=0 allocs=0 pin_skips=0 gated=0 ramp=2..50 bar=0 suppressed=0 wide_skips=0 served=0.0MB copied=0.0MB ssd_avoided=0.0GB live=0/0.0GB model=0 protected=0 declined=0 topup_suppressed=0 aged=0 into=0/0/0 pending=0
[mirror-split] internal=0 K3C=0 K3B=0 K3A=0  shares=0%/0%/0%/0%
[phases] mono=392904.120530 chunks=169 sequence=281.044s read_wait=0.171s bind_upload=1.641s attention_resident=13.616s expert_read_prefetch=181.883s expert_demand_read=110.704s expert_plan=9.617s expert_hint=0.001s expert_submit=0.001s expert_kernel=80.923s source_fence=0.000s tail_head_sync=2.439s layer_other=0.314s expert_read_gross=172.265s plan_hint=9.402s plan_sched=0.211s attn_total=13.581s attn_encode=5.726s attn_wait=5.084s attn_drain=2.772s kernel_total=58.753s kernel_host=1.980s kernel_wait=3.053s kernel_drain=53.719s
[attn-split] single: calls=15624 total=11.763s encode=5.126s wait=3.866s drain=2.772s waits=27048 untimed=4143 | wide: calls=93 total=1.818s encode=0.600s wait=1.218s drain=0.000s waits=92 untimed=92 | hint: calls=15548 total=9.392s encode=0.042s wait=9.350s drain=0.000s waits=15288 untimed=15288
[kernel-split] single: calls=16558 total=55.915s encode=1.770s wait=0.652s drain=53.493s waits=17784 untimed=13979 | wide: calls=467 total=2.838s encode=0.210s wait=2.401s drain=0.227s waits=467 untimed=0
[kernel-sub] materialize=0.076s moe=3.865s precommit=53.753s rest=1.058s
[metal-cache] calls=19404 zero_copy_wraps=231 copies=0 cache_entries=112 bindless=true
 get
[stats] generated=170 elapsed=282.754s speed=0.6012 token/s (1.663 s/token) chunks=170 committed_rows=200 verify_tx=0 drafts=0/0 layer_passes=15810 expert_rows=18400 expert_tiles=16021
[opens] expert file opens=658479 total=10.331s mean=0.016ms requested_bytes=6304997817536 (6305.0 GB)
[arrival] tiles=642 waves=1745 uncovered_wait=22.130s dispatch=4.082s
[retain] enabled=false cap_gb=8 layers=63..=92 consults=0 wanted=0 hits=0 inserts=0 served=0.0MB
[summer] enabled=false cap_gb=8 sample=16 consults=0 wanted=0 hits=0 hit_rate=0.0% misses=0 inserts=0 evictions=0 recycled=0 allocs=0 pin_skips=0 gated=0 ramp=2..50 bar=0 suppressed=0 wide_skips=0 served=0.0MB copied=0.0MB ssd_avoided=0.0GB live=0/0.0GB model=0 protected=0 declined=0 topup_suppressed=0 aged=0 into=0/0/0 pending=0
[mirror-split] internal=0 K3C=0 K3B=0 K3A=0  shares=0%/0%/0%/0%
[phases] mono=392905.629858 chunks=170 sequence=282.553s read_wait=0.171s bind_upload=1.641s attention_resident=13.685s expert_read_prefetch=182.953s expert_demand_read=111.363s expert_plan=9.677s expert_hint=0.001s expert_submit=0.001s expert_kernel=81.278s source_fence=0.000s tail_head_sync=2.452s layer_other=0.316s expert_read_gross=173.275s plan_hint=9.460s plan_sched=0.213s attn_total=13.649s attn_encode=5.757s attn_wait=5.103s attn_drain=2.790s kernel_total=59.094s kernel_host=1.992s kernel_wait=3.060s kernel_drain=54.041s
[attn-split] single: calls=15717 total=11.832s encode=5.157s wait=3.885s drain=2.790s waits=27209 untimed=4161 | wide: calls=93 total=1.818s encode=0.600s wait=1.218s drain=0.000s waits=92 untimed=92 | hint: calls=15640 total=9.451s encode=0.042s wait=9.409s drain=0.000s waits=15379 untimed=15379
[kernel-split] single: calls=16657 total=56.256s encode=1.782s wait=0.659s drain=53.815s waits=17891 untimed=14059 | wide: calls=467 total=2.838s encode=0.210s wait=2.401s drain=0.227s waits=467 untimed=0
[kernel-sub] materialize=0.076s moe=3.876s precommit=54.077s rest=1.064s
[metal-cache] calls=19503 zero_copy_wraps=231 copies=0 cache_entries=112 bindless=true
 too
[stats] generated=171 elapsed=284.273s speed=0.6015 token/s (1.662 s/token) chunks=171 committed_rows=201 verify_tx=0 drafts=0/0 layer_passes=15903 expert_rows=18492 expert_tiles=16113
[opens] expert file opens=662319 total=10.386s mean=0.016ms requested_bytes=6338644769984 (6338.6 GB)
[arrival] tiles=643 waves=1751 uncovered_wait=22.142s dispatch=4.088s
[retain] enabled=false cap_gb=8 layers=63..=92 consults=0 wanted=0 hits=0 inserts=0 served=0.0MB
[summer] enabled=false cap_gb=8 sample=16 consults=0 wanted=0 hits=0 hit_rate=0.0% misses=0 inserts=0 evictions=0 recycled=0 allocs=0 pin_skips=0 gated=0 ramp=2..50 bar=0 suppressed=0 wide_skips=0 served=0.0MB copied=0.0MB ssd_avoided=0.0GB live=0/0.0GB model=0 protected=0 declined=0 topup_suppressed=0 aged=0 into=0/0/0 pending=0
[mirror-split] internal=0 K3C=0 K3B=0 K3A=0  shares=0%/0%/0%/0%
[phases] mono=392907.149424 chunks=171 sequence=284.072s read_wait=0.171s bind_upload=1.641s attention_resident=13.749s expert_read_prefetch=184.057s expert_demand_read=112.065s expert_plan=9.725s expert_hint=0.001s expert_submit=0.001s expert_kernel=81.614s source_fence=0.000s tail_head_sync=2.465s layer_other=0.317s expert_read_gross=174.331s plan_hint=9.508s plan_sched=0.214s attn_total=13.713s attn_encode=5.780s attn_wait=5.133s attn_drain=2.800s kernel_total=59.417s kernel_host=2.003s kernel_wait=3.063s kernel_drain=54.352s
[attn-split] single: calls=15810 total=11.896s encode=5.181s wait=3.915s drain=2.800s waits=27370 untimed=4191 | wide: calls=93 total=1.818s encode=0.600s wait=1.218s drain=0.000s waits=92 untimed=92 | hint: calls=15732 total=9.498s encode=0.042s wait=9.456s drain=0.000s waits=15470 untimed=15470
[kernel-split] single: calls=16754 total=56.580s encode=1.793s wait=0.662s drain=54.125s waits=17994 untimed=14136 | wide: calls=467 total=2.838s encode=0.210s wait=2.401s drain=0.227s waits=467 untimed=0
[kernel-sub] materialize=0.076s moe=3.882s precommit=54.389s rest=1.070s
[metal-cache] calls=19600 zero_copy_wraps=231 copies=0 cache_entries=112 bindless=true
 heavy
[stats] generated=172 elapsed=285.789s speed=0.6018 token/s (1.662 s/token) chunks=172 committed_rows=202 verify_tx=0 drafts=0/0 layer_passes=15996 expert_rows=18584 expert_tiles=16205
[opens] expert file opens=666184 total=10.442s mean=0.016ms requested_bytes=6372519836864 (6372.5 GB)
[arrival] tiles=644 waves=1756 uncovered_wait=22.153s dispatch=4.094s
[retain] enabled=false cap_gb=8 layers=63..=92 consults=0 wanted=0 hits=0 inserts=0 served=0.0MB
[summer] enabled=false cap_gb=8 sample=16 consults=0 wanted=0 hits=0 hit_rate=0.0% misses=0 inserts=0 evictions=0 recycled=0 allocs=0 pin_skips=0 gated=0 ramp=2..50 bar=0 suppressed=0 wide_skips=0 served=0.0MB copied=0.0MB ssd_avoided=0.0GB live=0/0.0GB model=0 protected=0 declined=0 topup_suppressed=0 aged=0 into=0/0/0 pending=0
[mirror-split] internal=0 K3C=0 K3B=0 K3A=0  shares=0%/0%/0%/0%
[phases] mono=392908.664811 chunks=172 sequence=285.586s read_wait=0.171s bind_upload=1.641s attention_resident=13.843s expert_read_prefetch=185.118s expert_demand_read=112.695s expert_plan=9.780s expert_hint=0.001s expert_submit=0.001s expert_kernel=81.959s source_fence=0.000s tail_head_sync=2.479s layer_other=0.319s expert_read_gross=175.337s plan_hint=9.561s plan_sched=0.215s attn_total=13.807s attn_encode=5.815s attn_wait=5.168s attn_drain=2.824s kernel_total=59.752s kernel_host=2.013s kernel_wait=3.067s kernel_drain=54.672s
[attn-split] single: calls=15903 total=11.989s encode=5.215s wait=3.950s drain=2.824s waits=27531 untimed=4219 | wide: calls=93 total=1.818s encode=0.600s wait=1.218s drain=0.000s waits=92 untimed=92 | hint: calls=15824 total=9.551s encode=0.042s wait=9.509s drain=0.000s waits=15561 untimed=15561
[kernel-split] single: calls=16850 total=56.914s encode=1.803s wait=0.666s drain=54.446s waits=18095 untimed=14219 | wide: calls=467 total=2.838s encode=0.210s wait=2.401s drain=0.227s waits=467 untimed=0
[kernel-sub] materialize=0.076s moe=3.888s precommit=54.712s rest=1.076s
[metal-cache] calls=19696 zero_copy_wraps=231 copies=0 cache_entries=112 bindless=true
 with
[stats] generated=173 elapsed=287.266s speed=0.6022 token/s (1.660 s/token) chunks=173 committed_rows=203 verify_tx=0 drafts=0/0 layer_passes=16089 expert_rows=18676 expert_tiles=16297
[opens] expert file opens=670000 total=10.495s mean=0.016ms requested_bytes=6406008831168 (6406.0 GB)
[arrival] tiles=645 waves=1763 uncovered_wait=22.164s dispatch=4.101s
[retain] enabled=false cap_gb=8 layers=63..=92 consults=0 wanted=0 hits=0 inserts=0 served=0.0MB
[summer] enabled=false cap_gb=8 sample=16 consults=0 wanted=0 hits=0 hit_rate=0.0% misses=0 inserts=0 evictions=0 recycled=0 allocs=0 pin_skips=0 gated=0 ramp=2..50 bar=0 suppressed=0 wide_skips=0 served=0.0MB copied=0.0MB ssd_avoided=0.0GB live=0/0.0GB model=0 protected=0 declined=0 topup_suppressed=0 aged=0 into=0/0/0 pending=0
[mirror-split] internal=0 K3C=0 K3B=0 K3A=0  shares=0%/0%/0%/0%
[phases] mono=392910.141583 chunks=173 sequence=287.062s read_wait=0.171s bind_upload=1.641s attention_resident=13.917s expert_read_prefetch=186.166s expert_demand_read=113.303s expert_plan=9.839s expert_hint=0.001s expert_submit=0.001s expert_kernel=82.296s source_fence=0.000s tail_head_sync=2.492s layer_other=0.320s expert_read_gross=176.327s plan_hint=9.619s plan_sched=0.216s attn_total=13.881s attn_encode=5.846s attn_wait=5.193s attn_drain=2.842s kernel_total=60.077s kernel_host=2.024s kernel_wait=3.070s kernel_drain=54.983s
[attn-split] single: calls=15996 total=12.063s encode=5.246s wait=3.975s drain=2.842s waits=27692 untimed=4240 | wide: calls=93 total=1.818s encode=0.600s wait=1.218s drain=0.000s waits=92 untimed=92 | hint: calls=15916 total=9.609s encode=0.043s wait=9.566s drain=0.000s waits=15652 untimed=15652
[kernel-split] single: calls=16948 total=57.240s encode=1.814s wait=0.669s drain=54.757s waits=18200 untimed=14297 | wide: calls=467 total=2.838s encode=0.210s wait=2.401s drain=0.227s waits=467 untimed=0
[kernel-sub] materialize=0.076s moe=3.895s precommit=55.024s rest=1.082s
[metal-cache] calls=19794 zero_copy_wraps=231 copies=0 cache_entries=112 bindless=true
 water
[stats] generated=174 elapsed=288.751s speed=0.6026 token/s (1.659 s/token) chunks=174 committed_rows=204 verify_tx=0 drafts=0/0 layer_passes=16182 expert_rows=18768 expert_tiles=16389
[opens] expert file opens=673794 total=10.555s mean=0.016ms requested_bytes=6439313620160 (6439.3 GB)
[arrival] tiles=646 waves=1771 uncovered_wait=22.185s dispatch=4.109s
[retain] enabled=false cap_gb=8 layers=63..=92 consults=0 wanted=0 hits=0 inserts=0 served=0.0MB
[summer] enabled=false cap_gb=8 sample=16 consults=0 wanted=0 hits=0 hit_rate=0.0% misses=0 inserts=0 evictions=0 recycled=0 allocs=0 pin_skips=0 gated=0 ramp=2..50 bar=0 suppressed=0 wide_skips=0 served=0.0MB copied=0.0MB ssd_avoided=0.0GB live=0/0.0GB model=0 protected=0 declined=0 topup_suppressed=0 aged=0 into=0/0/0 pending=0
[mirror-split] internal=0 K3C=0 K3B=0 K3A=0  shares=0%/0%/0%/0%
[phases] mono=392911.627154 chunks=174 sequence=288.546s read_wait=0.171s bind_upload=1.641s attention_resident=13.995s expert_read_prefetch=187.231s expert_demand_read=113.974s expert_plan=9.902s expert_hint=0.001s expert_submit=0.001s expert_kernel=82.622s source_fence=0.000s tail_head_sync=2.506s layer_other=0.322s expert_read_gross=177.328s plan_hint=9.681s plan_sched=0.217s attn_total=13.958s attn_encode=5.884s attn_wait=5.212s attn_drain=2.862s kernel_total=60.382s kernel_host=2.034s kernel_wait=3.074s kernel_drain=55.274s
[attn-split] single: calls=16089 total=12.141s encode=5.284s wait=3.994s drain=2.862s waits=27853 untimed=4265 | wide: calls=93 total=1.818s encode=0.600s wait=1.218s drain=0.000s waits=92 untimed=92 | hint: calls=16008 total=9.671s encode=0.043s wait=9.628s drain=0.000s waits=15743 untimed=15743
[kernel-split] single: calls=17047 total=57.544s encode=1.824s wait=0.673s drain=55.048s waits=18307 untimed=14377 | wide: calls=467 total=2.838s encode=0.210s wait=2.401s drain=0.227s waits=467 untimed=0
[kernel-sub] materialize=0.076s moe=3.902s precommit=55.316s rest=1.088s
[metal-cache] calls=19893 zero_copy_wraps=231 copies=0 cache_entries=112 bindless=true
,
[stats] generated=175 elapsed=290.245s speed=0.6029 token/s (1.659 s/token) chunks=175 committed_rows=205 verify_tx=0 drafts=0/0 layer_passes=16275 expert_rows=18860 expert_tiles=16481
[opens] expert file opens=677674 total=10.611s mean=0.016ms requested_bytes=6473355361472 (6473.4 GB)
[arrival] tiles=647 waves=1779 uncovered_wait=22.195s dispatch=4.117s
[retain] enabled=false cap_gb=8 layers=63..=92 consults=0 wanted=0 hits=0 inserts=0 served=0.0MB
[summer] enabled=false cap_gb=8 sample=16 consults=0 wanted=0 hits=0 hit_rate=0.0% misses=0 inserts=0 evictions=0 recycled=0 allocs=0 pin_skips=0 gated=0 ramp=2..50 bar=0 suppressed=0 wide_skips=0 served=0.0MB copied=0.0MB ssd_avoided=0.0GB live=0/0.0GB model=0 protected=0 declined=0 topup_suppressed=0 aged=0 into=0/0/0 pending=0
[mirror-split] internal=0 K3C=0 K3B=0 K3A=0  shares=0%/0%/0%/0%
[phases] mono=392913.121450 chunks=175 sequence=290.039s read_wait=0.171s bind_upload=1.641s attention_resident=14.058s expert_read_prefetch=188.303s expert_demand_read=114.606s expert_plan=9.969s expert_hint=0.001s expert_submit=0.001s expert_kernel=82.964s source_fence=0.000s tail_head_sync=2.521s layer_other=0.323s expert_read_gross=178.334s plan_hint=9.746s plan_sched=0.218s attn_total=14.021s attn_encode=5.909s attn_wait=5.237s attn_drain=2.876s kernel_total=60.714s kernel_host=2.045s kernel_wait=3.078s kernel_drain=55.590s
[attn-split] single: calls=16182 total=12.204s encode=5.309s wait=4.019s drain=2.876s waits=28014 untimed=4287 | wide: calls=93 total=1.818s encode=0.600s wait=1.218s drain=0.000s waits=92 untimed=92 | hint: calls=16100 total=9.736s encode=0.043s wait=9.693s drain=0.000s waits=15834 untimed=15834
[kernel-split] single: calls=17146 total=57.876s encode=1.835s wait=0.677s drain=55.364s waits=18414 untimed=14452 | wide: calls=467 total=2.838s encode=0.210s wait=2.401s drain=0.227s waits=467 untimed=0
[kernel-sub] materialize=0.076s moe=3.910s precommit=55.633s rest=1.094s
[metal-cache] calls=19992 zero_copy_wraps=231 copies=0 cache_entries=112 bindless=true
 it
[stats] generated=176 elapsed=291.746s speed=0.6033 token/s (1.658 s/token) chunks=176 committed_rows=206 verify_tx=0 drafts=0/0 layer_passes=16368 expert_rows=18952 expert_tiles=16573
[opens] expert file opens=681584 total=10.667s mean=0.016ms requested_bytes=6507607702720 (6507.6 GB)
[arrival] tiles=648 waves=1787 uncovered_wait=22.209s dispatch=4.126s
[retain] enabled=false cap_gb=8 layers=63..=92 consults=0 wanted=0 hits=0 inserts=0 served=0.0MB
[summer] enabled=false cap_gb=8 sample=16 consults=0 wanted=0 hits=0 hit_rate=0.0% misses=0 inserts=0 evictions=0 recycled=0 allocs=0 pin_skips=0 gated=0 ramp=2..50 bar=0 suppressed=0 wide_skips=0 served=0.0MB copied=0.0MB ssd_avoided=0.0GB live=0/0.0GB model=0 protected=0 declined=0 topup_suppressed=0 aged=0 into=0/0/0 pending=0
[mirror-split] internal=0 K3C=0 K3B=0 K3A=0  shares=0%/0%/0%/0%
[phases] mono=392914.621958 chunks=176 sequence=291.539s read_wait=0.171s bind_upload=1.641s attention_resident=14.123s expert_read_prefetch=189.366s expert_demand_read=115.266s expert_plan=10.026s expert_hint=0.001s expert_submit=0.001s expert_kernel=83.320s source_fence=0.000s tail_head_sync=2.535s layer_other=0.325s expert_read_gross=179.339s plan_hint=9.803s plan_sched=0.219s attn_total=14.086s attn_encode=5.932s attn_wait=5.258s attn_drain=2.896s kernel_total=61.055s kernel_host=2.057s kernel_wait=3.084s kernel_drain=55.914s
[attn-split] single: calls=16275 total=12.269s encode=5.332s wait=4.040s drain=2.896s waits=28175 untimed=4308 | wide: calls=93 total=1.818s encode=0.600s wait=1.218s drain=0.000s waits=92 untimed=92 | hint: calls=16192 total=9.793s encode=0.043s wait=9.750s drain=0.000s waits=15925 untimed=15925
[kernel-split] single: calls=17245 total=58.218s encode=1.847s wait=0.683s drain=55.688s waits=18521 untimed=14527 | wide: calls=467 total=2.838s encode=0.210s wait=2.401s drain=0.227s waits=467 untimed=0
[kernel-sub] materialize=0.076s moe=3.919s precommit=55.959s rest=1.101s
[metal-cache] calls=20091 zero_copy_wraps=231 copies=0 cache_entries=112 bindless=true
 falls
[stats] generated=177 elapsed=293.268s speed=0.6035 token/s (1.657 s/token) chunks=177 committed_rows=207 verify_tx=0 drafts=0/0 layer_passes=16461 expert_rows=19044 expert_tiles=16665
[opens] expert file opens=685375 total=10.721s mean=0.016ms requested_bytes=6540877364416 (6540.9 GB)
[arrival] tiles=649 waves=1795 uncovered_wait=22.223s dispatch=4.132s
[retain] enabled=false cap_gb=8 layers=63..=92 consults=0 wanted=0 hits=0 inserts=0 served=0.0MB
[summer] enabled=false cap_gb=8 sample=16 consults=0 wanted=0 hits=0 hit_rate=0.0% misses=0 inserts=0 evictions=0 recycled=0 allocs=0 pin_skips=0 gated=0 ramp=2..50 bar=0 suppressed=0 wide_skips=0 served=0.0MB copied=0.0MB ssd_avoided=0.0GB live=0/0.0GB model=0 protected=0 declined=0 topup_suppressed=0 aged=0 into=0/0/0 pending=0
[mirror-split] internal=0 K3C=0 K3B=0 K3A=0  shares=0%/0%/0%/0%
[phases] mono=392916.144376 chunks=177 sequence=293.061s read_wait=0.171s bind_upload=1.641s attention_resident=14.194s expert_read_prefetch=190.462s expert_demand_read=115.915s expert_plan=10.085s expert_hint=0.001s expert_submit=0.001s expert_kernel=83.661s source_fence=0.000s tail_head_sync=2.548s layer_other=0.326s expert_read_gross=180.376s plan_hint=9.860s plan_sched=0.220s attn_total=14.157s attn_encode=5.962s attn_wait=5.281s attn_drain=2.914s kernel_total=61.382s kernel_host=2.067s kernel_wait=3.087s kernel_drain=56.227s
[attn-split] single: calls=16368 total=12.339s encode=5.363s wait=4.063s drain=2.914s waits=28336 untimed=4327 | wide: calls=93 total=1.818s encode=0.600s wait=1.218s drain=0.000s waits=92 untimed=92 | hint: calls=16284 total=9.850s encode=0.044s wait=9.807s drain=0.000s waits=16016 untimed=16016
[kernel-split] single: calls=17344 total=58.544s encode=1.858s wait=0.686s drain=56.000s waits=18628 untimed=14608 | wide: calls=467 total=2.838s encode=0.210s wait=2.401s drain=0.227s waits=467 untimed=0
[kernel-sub] materialize=0.076s moe=3.925s precommit=56.274s rest=1.107s
[metal-cache] calls=20190 zero_copy_wraps=231 copies=0 cache_entries=112 bindless=true
 back
[stats] generated=178 elapsed=294.761s speed=0.6039 token/s (1.656 s/token) chunks=178 committed_rows=208 verify_tx=0 drafts=0/0 layer_passes=16554 expert_rows=19136 expert_tiles=16757
[opens] expert file opens=689186 total=10.780s mean=0.016ms requested_bytes=6574322498752 (6574.3 GB)
[arrival] tiles=650 waves=1803 uncovered_wait=22.241s dispatch=4.139s
[retain] enabled=false cap_gb=8 layers=63..=92 consults=0 wanted=0 hits=0 inserts=0 served=0.0MB
[summer] enabled=false cap_gb=8 sample=16 consults=0 wanted=0 hits=0 hit_rate=0.0% misses=0 inserts=0 evictions=0 recycled=0 allocs=0 pin_skips=0 gated=0 ramp=2..50 bar=0 suppressed=0 wide_skips=0 served=0.0MB copied=0.0MB ssd_avoided=0.0GB live=0/0.0GB model=0 protected=0 declined=0 topup_suppressed=0 aged=0 into=0/0/0 pending=0
[mirror-split] internal=0 K3C=0 K3B=0 K3A=0  shares=0%/0%/0%/0%
[phases] mono=392917.636686 chunks=178 sequence=294.552s read_wait=0.171s bind_upload=1.641s attention_resident=14.286s expert_read_prefetch=191.518s expert_demand_read=116.564s expert_plan=10.140s expert_hint=0.001s expert_submit=0.001s expert_kernel=83.989s source_fence=0.000s tail_head_sync=2.562s layer_other=0.328s expert_read_gross=181.377s plan_hint=9.915s plan_sched=0.221s attn_total=14.249s attn_encode=6.003s attn_wait=5.317s attn_drain=2.929s kernel_total=61.691s kernel_host=2.078s kernel_wait=3.091s kernel_drain=56.522s
[attn-split] single: calls=16461 total=12.431s encode=5.404s wait=4.099s drain=2.929s waits=28497 untimed=4351 | wide: calls=93 total=1.818s encode=0.600s wait=1.218s drain=0.000s waits=92 untimed=92 | hint: calls=16376 total=9.905s encode=0.044s wait=9.861s drain=0.000s waits=16107 untimed=16107
[kernel-split] single: calls=17443 total=58.854s encode=1.868s wait=0.690s drain=56.295s waits=18735 untimed=14684 | wide: calls=467 total=2.838s encode=0.210s wait=2.401s drain=0.227s waits=467 untimed=0
[kernel-sub] materialize=0.076s moe=3.932s precommit=56.570s rest=1.112s
[metal-cache] calls=20289 zero_copy_wraps=231 copies=0 cache_entries=112 bindless=true
[route-chain] chained=11730
[route-chain] dedup_hits=11730
 down
[stats] generated=179 elapsed=296.230s speed=0.6043 token/s (1.655 s/token) chunks=179 committed_rows=209 verify_tx=0 drafts=0/0 layer_passes=16647 expert_rows=19228 expert_tiles=16849
[opens] expert file opens=692974 total=10.831s mean=0.016ms requested_bytes=6607574580416 (6607.6 GB)
[arrival] tiles=651 waves=1810 uncovered_wait=22.258s dispatch=4.148s
[retain] enabled=false cap_gb=8 layers=63..=92 consults=0 wanted=0 hits=0 inserts=0 served=0.0MB
[summer] enabled=false cap_gb=8 sample=16 consults=0 wanted=0 hits=0 hit_rate=0.0% misses=0 inserts=0 evictions=0 recycled=0 allocs=0 pin_skips=0 gated=0 ramp=2..50 bar=0 suppressed=0 wide_skips=0 served=0.0MB copied=0.0MB ssd_avoided=0.0GB live=0/0.0GB model=0 protected=0 declined=0 topup_suppressed=0 aged=0 into=0/0/0 pending=0
[mirror-split] internal=0 K3C=0 K3B=0 K3A=0  shares=0%/0%/0%/0%
[phases] mono=392919.105759 chunks=179 sequence=296.020s read_wait=0.171s bind_upload=1.641s attention_resident=14.345s expert_read_prefetch=192.574s expert_demand_read=117.238s expert_plan=10.204s expert_hint=0.001s expert_submit=0.001s expert_kernel=84.328s source_fence=0.001s tail_head_sync=2.574s layer_other=0.329s expert_read_gross=182.369s plan_hint=9.977s plan_sched=0.222s attn_total=14.307s attn_encode=6.025s attn_wait=5.338s attn_drain=2.945s kernel_total=62.014s kernel_host=2.088s kernel_wait=3.096s kernel_drain=56.829s
[attn-split] single: calls=16554 total=12.489s encode=5.425s wait=4.120s drain=2.945s waits=28658 untimed=4372 | wide: calls=93 total=1.818s encode=0.600s wait=1.218s drain=0.000s waits=92 untimed=92 | hint: calls=16468 total=9.967s encode=0.044s wait=9.923s drain=0.000s waits=16198 untimed=16198
[kernel-split] single: calls=17541 total=59.176s encode=1.879s wait=0.695s drain=56.603s waits=18840 untimed=14761 | wide: calls=467 total=2.838s encode=0.210s wait=2.401s drain=0.227s waits=467 untimed=0
[kernel-sub] materialize=0.076s moe=3.941s precommit=56.879s rest=1.118s
[metal-cache] calls=20387 zero_copy_wraps=231 copies=0 cache_entries=112 bindless=true
 to
[stats] generated=180 elapsed=297.774s speed=0.6045 token/s (1.654 s/token) chunks=180 committed_rows=210 verify_tx=0 drafts=0/0 layer_passes=16740 expert_rows=19320 expert_tiles=16941
[opens] expert file opens=696881 total=10.885s mean=0.016ms requested_bytes=6641791859904 (6641.8 GB)
[arrival] tiles=652 waves=1818 uncovered_wait=22.272s dispatch=4.156s
[retain] enabled=false cap_gb=8 layers=63..=92 consults=0 wanted=0 hits=0 inserts=0 served=0.0MB
[summer] enabled=false cap_gb=8 sample=16 consults=0 wanted=0 hits=0 hit_rate=0.0% misses=0 inserts=0 evictions=0 recycled=0 allocs=0 pin_skips=0 gated=0 ramp=2..50 bar=0 suppressed=0 wide_skips=0 served=0.0MB copied=0.0MB ssd_avoided=0.0GB live=0/0.0GB model=0 protected=0 declined=0 topup_suppressed=0 aged=0 into=0/0/0 pending=0
[mirror-split] internal=0 K3C=0 K3B=0 K3A=0  shares=0%/0%/0%/0%
[phases] mono=392920.649812 chunks=180 sequence=297.563s read_wait=0.171s bind_upload=1.641s attention_resident=14.408s expert_read_prefetch=193.686s expert_demand_read=117.898s expert_plan=10.261s expert_hint=0.001s expert_submit=0.001s expert_kernel=84.680s source_fence=0.001s tail_head_sync=2.588s layer_other=0.331s expert_read_gross=183.424s plan_hint=10.033s plan_sched=0.223s attn_total=14.370s attn_encode=6.049s attn_wait=5.359s attn_drain=2.962s kernel_total=62.351s kernel_host=2.099s kernel_wait=3.101s kernel_drain=57.151s
[attn-split] single: calls=16647 total=12.553s encode=5.449s wait=4.141s drain=2.962s waits=28819 untimed=4391 | wide: calls=93 total=1.818s encode=0.600s wait=1.218s drain=0.000s waits=92 untimed=92 | hint: calls=16560 total=10.023s encode=0.044s wait=9.979s drain=0.000s waits=16289 untimed=16289
[kernel-split] single: calls=17640 total=59.514s encode=1.890s wait=0.700s drain=56.925s waits=18947 untimed=14837 | wide: calls=467 total=2.838s encode=0.210s wait=2.401s drain=0.227s waits=467 untimed=0
[kernel-sub] materialize=0.076s moe=3.949s precommit=57.202s rest=1.124s
[metal-cache] calls=20486 zero_copy_wraps=231 copies=0 cache_entries=112 bindless=true
 Earth
[stats] generated=181 elapsed=299.210s speed=0.6049 token/s (1.653 s/token) chunks=181 committed_rows=211 verify_tx=0 drafts=0/0 layer_passes=16833 expert_rows=19412 expert_tiles=17033
[opens] expert file opens=700726 total=10.936s mean=0.016ms requested_bytes=6675517734080 (6675.5 GB)
[arrival] tiles=653 waves=1825 uncovered_wait=22.283s dispatch=4.163s
[retain] enabled=false cap_gb=8 layers=63..=92 consults=0 wanted=0 hits=0 inserts=0 served=0.0MB
[summer] enabled=false cap_gb=8 sample=16 consults=0 wanted=0 hits=0 hit_rate=0.0% misses=0 inserts=0 evictions=0 recycled=0 allocs=0 pin_skips=0 gated=0 ramp=2..50 bar=0 suppressed=0 wide_skips=0 served=0.0MB copied=0.0MB ssd_avoided=0.0GB live=0/0.0GB model=0 protected=0 declined=0 topup_suppressed=0 aged=0 into=0/0/0 pending=0
[mirror-split] internal=0 K3C=0 K3B=0 K3A=0  shares=0%/0%/0%/0%
[phases] mono=392922.086266 chunks=181 sequence=298.998s read_wait=0.171s bind_upload=1.641s attention_resident=14.475s expert_read_prefetch=194.719s expert_demand_read=118.577s expert_plan=10.315s expert_hint=0.001s expert_submit=0.001s expert_kernel=85.001s source_fence=0.001s tail_head_sync=2.601s layer_other=0.332s expert_read_gross=184.403s plan_hint=10.086s plan_sched=0.224s attn_total=14.437s attn_encode=6.079s attn_wait=5.379s attn_drain=2.979s kernel_total=62.661s kernel_host=2.108s kernel_wait=3.104s kernel_drain=57.448s
[attn-split] single: calls=16740 total=12.620s encode=5.480s wait=4.161s drain=2.979s waits=28980 untimed=4414 | wide: calls=93 total=1.818s encode=0.600s wait=1.218s drain=0.000s waits=92 untimed=92 | hint: calls=16652 total=10.076s encode=0.045s wait=10.031s drain=0.000s waits=16380 untimed=16380
[kernel-split] single: calls=17738 total=59.823s encode=1.899s wait=0.703s drain=57.221s waits=19052 untimed=14920 | wide: calls=467 total=2.838s encode=0.210s wait=2.401s drain=0.227s waits=467 untimed=0
[kernel-sub] materialize=0.076s moe=3.955s precommit=57.500s rest=1.129s
[metal-cache] calls=20584 zero_copy_wraps=231 copies=0 cache_entries=112 bindless=true
.
[stats] generated=182 elapsed=300.683s speed=0.6053 token/s (1.652 s/token) chunks=182 committed_rows=212 verify_tx=0 drafts=0/0 layer_passes=16926 expert_rows=19504 expert_tiles=17125
[opens] expert file opens=704620 total=10.997s mean=0.016ms requested_bytes=6709656009920 (6709.7 GB)
[arrival] tiles=654 waves=1833 uncovered_wait=22.292s dispatch=4.169s
[retain] enabled=false cap_gb=8 layers=63..=92 consults=0 wanted=0 hits=0 inserts=0 served=0.0MB
[summer] enabled=false cap_gb=8 sample=16 consults=0 wanted=0 hits=0 hit_rate=0.0% misses=0 inserts=0 evictions=0 recycled=0 allocs=0 pin_skips=0 gated=0 ramp=2..50 bar=0 suppressed=0 wide_skips=0 served=0.0MB copied=0.0MB ssd_avoided=0.0GB live=0/0.0GB model=0 protected=0 declined=0 topup_suppressed=0 aged=0 into=0/0/0 pending=0
[mirror-split] internal=0 K3C=0 K3B=0 K3A=0  shares=0%/0%/0%/0%
[phases] mono=392923.559172 chunks=182 sequence=300.470s read_wait=0.171s bind_upload=1.641s attention_resident=14.557s expert_read_prefetch=195.766s expert_demand_read=119.216s expert_plan=10.375s expert_hint=0.001s expert_submit=0.001s expert_kernel=85.326s source_fence=0.001s tail_head_sync=2.617s layer_other=0.333s expert_read_gross=185.390s plan_hint=10.145s plan_sched=0.225s attn_total=14.519s attn_encode=6.118s attn_wait=5.412s attn_drain=2.989s kernel_total=62.976s kernel_host=2.118s kernel_wait=3.108s kernel_drain=57.750s
[attn-split] single: calls=16833 total=12.701s encode=5.518s wait=4.194s drain=2.989s waits=29141 untimed=4442 | wide: calls=93 total=1.818s encode=0.600s wait=1.218s drain=0.000s waits=92 untimed=92 | hint: calls=16744 total=10.135s encode=0.045s wait=10.090s drain=0.000s waits=16471 untimed=16471
[kernel-split] single: calls=17837 total=60.138s encode=1.909s wait=0.707s drain=57.523s waits=19159 untimed=15008 | wide: calls=467 total=2.838s encode=0.210s wait=2.401s drain=0.227s waits=467 untimed=0
[kernel-sub] materialize=0.076s moe=3.962s precommit=57.804s rest=1.134s
[metal-cache] calls=20683 zero_copy_wraps=231 copies=0 cache_entries=112 bindless=true
 This
[stats] generated=183 elapsed=302.212s speed=0.6055 token/s (1.651 s/token) chunks=183 committed_rows=213 verify_tx=0 drafts=0/0 layer_passes=17019 expert_rows=19596 expert_tiles=17217
[opens] expert file opens=708570 total=11.056s mean=0.016ms requested_bytes=6744276827328 (6744.3 GB)
[arrival] tiles=655 waves=1839 uncovered_wait=22.307s dispatch=4.177s
[retain] enabled=false cap_gb=8 layers=63..=92 consults=0 wanted=0 hits=0 inserts=0 served=0.0MB
[summer] enabled=false cap_gb=8 sample=16 consults=0 wanted=0 hits=0 hit_rate=0.0% misses=0 inserts=0 evictions=0 recycled=0 allocs=0 pin_skips=0 gated=0 ramp=2..50 bar=0 suppressed=0 wide_skips=0 served=0.0MB copied=0.0MB ssd_avoided=0.0GB live=0/0.0GB model=0 protected=0 declined=0 topup_suppressed=0 aged=0 into=0/0/0 pending=0
[mirror-split] internal=0 K3C=0 K3B=0 K3A=0  shares=0%/0%/0%/0%
[phases] mono=392925.088167 chunks=183 sequence=301.998s read_wait=0.171s bind_upload=1.641s attention_resident=14.628s expert_read_prefetch=196.857s expert_demand_read=119.864s expert_plan=10.434s expert_hint=0.001s expert_submit=0.001s expert_kernel=85.675s source_fence=0.001s tail_head_sync=2.631s layer_other=0.335s expert_read_gross=186.422s plan_hint=10.203s plan_sched=0.227s attn_total=14.590s attn_encode=6.149s attn_wait=5.432s attn_drain=3.009s kernel_total=63.311s kernel_host=2.129s kernel_wait=3.113s kernel_drain=58.069s
[attn-split] single: calls=16926 total=12.772s encode=5.550s wait=4.214s drain=3.009s waits=29302 untimed=4462 | wide: calls=93 total=1.818s encode=0.600s wait=1.218s drain=0.000s waits=92 untimed=92 | hint: calls=16836 total=10.193s encode=0.045s wait=10.148s drain=0.000s waits=16562 untimed=16562
[kernel-split] single: calls=17934 total=60.473s encode=1.920s wait=0.711s drain=57.842s waits=19262 untimed=15084 | wide: calls=467 total=2.838s encode=0.210s wait=2.401s drain=0.227s waits=467 untimed=0
[kernel-sub] materialize=0.076s moe=3.969s precommit=58.125s rest=1.141s
[metal-cache] calls=20780 zero_copy_wraps=231 copies=0 cache_entries=112 bindless=true
 is
[stats] generated=184 elapsed=303.709s speed=0.6058 token/s (1.651 s/token) chunks=184 committed_rows=214 verify_tx=0 drafts=0/0 layer_passes=17112 expert_rows=19688 expert_tiles=17309
[opens] expert file opens=712484 total=11.112s mean=0.016ms requested_bytes=6778608123072 (6778.6 GB)
[arrival] tiles=656 waves=1846 uncovered_wait=22.318s dispatch=4.183s
[retain] enabled=false cap_gb=8 layers=63..=92 consults=0 wanted=0 hits=0 inserts=0 served=0.0MB
[summer] enabled=false cap_gb=8 sample=16 consults=0 wanted=0 hits=0 hit_rate=0.0% misses=0 inserts=0 evictions=0 recycled=0 allocs=0 pin_skips=0 gated=0 ramp=2..50 bar=0 suppressed=0 wide_skips=0 served=0.0MB copied=0.0MB ssd_avoided=0.0GB live=0/0.0GB model=0 protected=0 declined=0 topup_suppressed=0 aged=0 into=0/0/0 pending=0
[mirror-split] internal=0 K3C=0 K3B=0 K3A=0  shares=0%/0%/0%/0%
[phases] mono=392926.585035 chunks=184 sequence=303.494s read_wait=0.171s bind_upload=1.641s attention_resident=14.697s expert_read_prefetch=197.930s expert_demand_read=120.547s expert_plan=10.500s expert_hint=0.001s expert_submit=0.001s expert_kernel=86.014s source_fence=0.001s tail_head_sync=2.644s layer_other=0.337s expert_read_gross=187.430s plan_hint=10.268s plan_sched=0.228s attn_total=14.659s attn_encode=6.171s attn_wait=5.460s attn_drain=3.028s kernel_total=63.638s kernel_host=2.140s kernel_wait=3.116s kernel_drain=58.382s
[attn-split] single: calls=17019 total=12.841s encode=5.572s wait=4.242s drain=3.028s waits=29463 untimed=4488 | wide: calls=93 total=1.818s encode=0.600s wait=1.218s drain=0.000s waits=92 untimed=92 | hint: calls=16928 total=10.257s encode=0.045s wait=10.212s drain=0.000s waits=16653 untimed=16653
[kernel-split] single: calls=18032 total=60.800s encode=1.930s wait=0.715s drain=58.155s waits=19367 untimed=15173 | wide: calls=467 total=2.838s encode=0.210s wait=2.401s drain=0.227s waits=467 untimed=0
[kernel-sub] materialize=0.076s moe=3.975s precommit=58.440s rest=1.146s
[metal-cache] calls=20878 zero_copy_wraps=231 copies=0 cache_entries=112 bindless=true
 called
[stats] generated=185 elapsed=305.193s speed=0.6062 token/s (1.650 s/token) chunks=185 committed_rows=215 verify_tx=0 drafts=0/0 layer_passes=17205 expert_rows=19780 expert_tiles=17401
[opens] expert file opens=716410 total=11.166s mean=0.016ms requested_bytes=6812983327936 (6813.0 GB)
[arrival] tiles=657 waves=1853 uncovered_wait=22.330s dispatch=4.190s
[retain] enabled=false cap_gb=8 layers=63..=92 consults=0 wanted=0 hits=0 inserts=0 served=0.0MB
[summer] enabled=false cap_gb=8 sample=16 consults=0 wanted=0 hits=0 hit_rate=0.0% misses=0 inserts=0 evictions=0 recycled=0 allocs=0 pin_skips=0 gated=0 ramp=2..50 bar=0 suppressed=0 wide_skips=0 served=0.0MB copied=0.0MB ssd_avoided=0.0GB live=0/0.0GB model=0 protected=0 declined=0 topup_suppressed=0 aged=0 into=0/0/0 pending=0
[mirror-split] internal=0 K3C=0 K3B=0 K3A=0  shares=0%/0%/0%/0%
[phases] mono=392928.068698 chunks=185 sequence=304.976s read_wait=0.171s bind_upload=1.641s attention_resident=14.773s expert_read_prefetch=198.983s expert_demand_read=121.211s expert_plan=10.554s expert_hint=0.001s expert_submit=0.001s expert_kernel=86.353s source_fence=0.001s tail_head_sync=2.658s layer_other=0.338s expert_read_gross=188.428s plan_hint=10.321s plan_sched=0.229s attn_total=14.734s attn_encode=6.198s attn_wait=5.492s attn_drain=3.045s kernel_total=63.965s kernel_host=2.151s kernel_wait=3.119s kernel_drain=58.694s
[attn-split] single: calls=17112 total=12.916s encode=5.598s wait=4.274s drain=3.045s waits=29624 untimed=4516 | wide: calls=93 total=1.818s encode=0.600s wait=1.218s drain=0.000s waits=92 untimed=92 | hint: calls=17020 total=10.310s encode=0.046s wait=10.265s drain=0.000s waits=16744 untimed=16744
[kernel-split] single: calls=18130 total=61.127s encode=1.941s wait=0.718s drain=58.468s waits=19472 untimed=15256 | wide: calls=467 total=2.838s encode=0.210s wait=2.401s drain=0.227s waits=467 untimed=0
[kernel-sub] materialize=0.076s moe=3.982s precommit=58.754s rest=1.152s
[metal-cache] calls=20976 zero_copy_wraps=231 copies=0 cache_entries=112 bindless=true
 precipitation
[stats] generated=186 elapsed=306.666s speed=0.6065 token/s (1.649 s/token) chunks=186 committed_rows=216 verify_tx=0 drafts=0/0 layer_passes=17298 expert_rows=19872 expert_tiles=17493
[opens] expert file opens=720356 total=11.222s mean=0.016ms requested_bytes=6847586614464 (6847.6 GB)
[arrival] tiles=658 waves=1860 uncovered_wait=22.341s dispatch=4.196s
[retain] enabled=false cap_gb=8 layers=63..=92 consults=0 wanted=0 hits=0 inserts=0 served=0.0MB
[summer] enabled=false cap_gb=8 sample=16 consults=0 wanted=0 hits=0 hit_rate=0.0% misses=0 inserts=0 evictions=0 recycled=0 allocs=0 pin_skips=0 gated=0 ramp=2..50 bar=0 suppressed=0 wide_skips=0 served=0.0MB copied=0.0MB ssd_avoided=0.0GB live=0/0.0GB model=0 protected=0 declined=0 topup_suppressed=0 aged=0 into=0/0/0 pending=0
[mirror-split] internal=0 K3C=0 K3B=0 K3A=0  shares=0%/0%/0%/0%
[phases] mono=392929.541884 chunks=186 sequence=306.448s read_wait=0.171s bind_upload=1.641s attention_resident=14.846s expert_read_prefetch=200.035s expert_demand_read=121.852s expert_plan=10.601s expert_hint=0.001s expert_submit=0.001s expert_kernel=86.686s source_fence=0.001s tail_head_sync=2.671s layer_other=0.340s expert_read_gross=189.433s plan_hint=10.366s plan_sched=0.230s attn_total=14.807s attn_encode=6.231s attn_wait=5.513s attn_drain=3.063s kernel_total=64.286s kernel_host=2.162s kernel_wait=3.123s kernel_drain=59.001s
[attn-split] single: calls=17205 total=12.989s encode=5.632s wait=4.295s drain=3.063s waits=29785 untimed=4539 | wide: calls=93 total=1.818s encode=0.600s wait=1.218s drain=0.000s waits=92 untimed=92 | hint: calls=17112 total=10.356s encode=0.046s wait=10.310s drain=0.000s waits=16835 untimed=16835
[kernel-split] single: calls=18228 total=61.448s encode=1.952s wait=0.722s drain=58.775s waits=19577 untimed=15342 | wide: calls=467 total=2.838s encode=0.210s wait=2.401s drain=0.227s waits=467 untimed=0
[kernel-sub] materialize=0.076s moe=3.988s precommit=59.063s rest=1.159s
[metal-cache] calls=21074 zero_copy_wraps=231 copies=0 cache_entries=112 bindless=true
.
[stats] generated=187 elapsed=308.151s speed=0.6068 token/s (1.648 s/token) chunks=187 committed_rows=217 verify_tx=0 drafts=0/0 layer_passes=17391 expert_rows=19964 expert_tiles=17585
[opens] expert file opens=724230 total=11.275s mean=0.016ms requested_bytes=6881549401280 (6881.5 GB)
[arrival] tiles=659 waves=1868 uncovered_wait=22.355s dispatch=4.204s
[retain] enabled=false cap_gb=8 layers=63..=92 consults=0 wanted=0 hits=0 inserts=0 served=0.0MB
[summer] enabled=false cap_gb=8 sample=16 consults=0 wanted=0 hits=0 hit_rate=0.0% misses=0 inserts=0 evictions=0 recycled=0 allocs=0 pin_skips=0 gated=0 ramp=2..50 bar=0 suppressed=0 wide_skips=0 served=0.0MB copied=0.0MB ssd_avoided=0.0GB live=0/0.0GB model=0 protected=0 declined=0 topup_suppressed=0 aged=0 into=0/0/0 pending=0
[mirror-split] internal=0 K3C=0 K3B=0 K3A=0  shares=0%/0%/0%/0%
[phases] mono=392931.027291 chunks=187 sequence=307.932s read_wait=0.171s bind_upload=1.641s attention_resident=14.911s expert_read_prefetch=201.113s expert_demand_read=122.521s expert_plan=10.654s expert_hint=0.001s expert_submit=0.001s expert_kernel=87.013s source_fence=0.001s tail_head_sync=2.684s layer_other=0.341s expert_read_gross=190.457s plan_hint=10.419s plan_sched=0.231s attn_total=14.871s attn_encode=6.259s attn_wait=5.542s attn_drain=3.070s kernel_total=64.598s kernel_host=2.172s kernel_wait=3.127s kernel_drain=59.299s
[attn-split] single: calls=17298 total=13.054s encode=5.659s wait=4.324s drain=3.070s waits=29946 untimed=4568 | wide: calls=93 total=1.818s encode=0.600s wait=1.218s drain=0.000s waits=92 untimed=92 | hint: calls=17204 total=10.408s encode=0.046s wait=10.362s drain=0.000s waits=16926 untimed=16926
[kernel-split] single: calls=18327 total=61.761s encode=1.962s wait=0.726s drain=59.073s waits=19684 untimed=15424 | wide: calls=467 total=2.838s encode=0.210s wait=2.401s drain=0.227s waits=467 untimed=0
[kernel-sub] materialize=0.076s moe=3.995s precommit=59.363s rest=1.164s
[metal-cache] calls=21173 zero_copy_wraps=231 copies=0 cache_entries=112 bindless=true
 It
[stats] generated=188 elapsed=309.642s speed=0.6072 token/s (1.647 s/token) chunks=188 committed_rows=218 verify_tx=0 drafts=0/0 layer_passes=17484 expert_rows=20056 expert_tiles=17677
[opens] expert file opens=728216 total=11.332s mean=0.016ms requested_bytes=6916503616704 (6916.5 GB)
[arrival] tiles=660 waves=1875 uncovered_wait=22.367s dispatch=4.211s
[retain] enabled=false cap_gb=8 layers=63..=92 consults=0 wanted=0 hits=0 inserts=0 served=0.0MB
[summer] enabled=false cap_gb=8 sample=16 consults=0 wanted=0 hits=0 hit_rate=0.0% misses=0 inserts=0 evictions=0 recycled=0 allocs=0 pin_skips=0 gated=0 ramp=2..50 bar=0 suppressed=0 wide_skips=0 served=0.0MB copied=0.0MB ssd_avoided=0.0GB live=0/0.0GB model=0 protected=0 declined=0 topup_suppressed=0 aged=0 into=0/0/0 pending=0
[mirror-split] internal=0 K3C=0 K3B=0 K3A=0  shares=0%/0%/0%/0%
[phases] mono=392932.518469 chunks=188 sequence=309.423s read_wait=0.171s bind_upload=1.641s attention_resident=14.977s expert_read_prefetch=202.191s expert_demand_read=123.166s expert_plan=10.713s expert_hint=0.001s expert_submit=0.001s expert_kernel=87.343s source_fence=0.001s tail_head_sync=2.699s layer_other=0.343s expert_read_gross=191.476s plan_hint=10.477s plan_sched=0.232s attn_total=14.937s attn_encode=6.282s attn_wait=5.564s attn_drain=3.091s kernel_total=64.916s kernel_host=2.183s kernel_wait=3.131s kernel_drain=59.602s
[attn-split] single: calls=17391 total=13.120s encode=5.683s wait=4.346s drain=3.091s waits=30107 untimed=4590 | wide: calls=93 total=1.818s encode=0.600s wait=1.218s drain=0.000s waits=92 untimed=92 | hint: calls=17296 total=10.466s encode=0.046s wait=10.420s drain=0.000s waits=17017 untimed=17017
[kernel-split] single: calls=18425 total=62.079s encode=1.973s wait=0.730s drain=59.375s waits=19789 untimed=15504 | wide: calls=467 total=2.838s encode=0.210s wait=2.401s drain=0.227s waits=467 untimed=0
[kernel-sub] materialize=0.076s moe=4.002s precommit=59.667s rest=1.170s
[metal-cache] calls=21271 zero_copy_wraps=231 copies=0 cache_entries=112 bindless=true
 can
[stats] generated=189 elapsed=311.160s speed=0.6074 token/s (1.646 s/token) chunks=189 committed_rows=219 verify_tx=0 drafts=0/0 layer_passes=17577 expert_rows=20148 expert_tiles=17769
[opens] expert file opens=732104 total=11.384s mean=0.016ms requested_bytes=6950580468928 (6950.6 GB)
[arrival] tiles=661 waves=1883 uncovered_wait=22.385s dispatch=4.217s
[retain] enabled=false cap_gb=8 layers=63..=92 consults=0 wanted=0 hits=0 inserts=0 served=0.0MB
[summer] enabled=false cap_gb=8 sample=16 consults=0 wanted=0 hits=0 hit_rate=0.0% misses=0 inserts=0 evictions=0 recycled=0 allocs=0 pin_skips=0 gated=0 ramp=2..50 bar=0 suppressed=0 wide_skips=0 served=0.0MB copied=0.0MB ssd_avoided=0.0GB live=0/0.0GB model=0 protected=0 declined=0 topup_suppressed=0 aged=0 into=0/0/0 pending=0
[mirror-split] internal=0 K3C=0 K3B=0 K3A=0  shares=0%/0%/0%/0%
[phases] mono=392934.035862 chunks=189 sequence=310.939s read_wait=0.171s bind_upload=1.641s attention_resident=15.041s expert_read_prefetch=203.293s expert_demand_read=123.816s expert_plan=10.772s expert_hint=0.001s expert_submit=0.001s expert_kernel=87.674s source_fence=0.001s tail_head_sync=2.716s layer_other=0.344s expert_read_gross=192.521s plan_hint=10.534s plan_sched=0.233s attn_total=15.001s attn_encode=6.310s attn_wait=5.588s attn_drain=3.103s kernel_total=65.230s kernel_host=2.194s kernel_wait=3.135s kernel_drain=59.901s
[attn-split] single: calls=17484 total=13.184s encode=5.710s wait=4.371s drain=3.103s waits=30268 untimed=4615 | wide: calls=93 total=1.818s encode=0.600s wait=1.218s drain=0.000s waits=92 untimed=92 | hint: calls=17388 total=10.523s encode=0.047s wait=10.477s drain=0.000s waits=17108 untimed=17108
[kernel-split] single: calls=18524 total=62.392s encode=1.984s wait=0.733s drain=59.675s waits=19896 untimed=15586 | wide: calls=467 total=2.838s encode=0.210s wait=2.401s drain=0.227s waits=467 untimed=0
[kernel-sub] materialize=0.076s moe=4.009s precommit=59.968s rest=1.176s
[metal-cache] calls=21370 zero_copy_wraps=231 copies=0 cache_entries=112 bindless=true
[route-chain] chained=12420
[route-chain] dedup_hits=12420
 fall
[stats] generated=190 elapsed=312.659s speed=0.6077 token/s (1.646 s/token) chunks=190 committed_rows=220 verify_tx=0 drafts=0/0 layer_passes=17670 expert_rows=20240 expert_tiles=17861
[opens] expert file opens=736014 total=11.442s mean=0.016ms requested_bytes=6984824044736 (6984.8 GB)
[arrival] tiles=662 waves=1891 uncovered_wait=22.392s dispatch=4.227s
[retain] enabled=false cap_gb=8 layers=63..=92 consults=0 wanted=0 hits=0 inserts=0 served=0.0MB
[summer] enabled=false cap_gb=8 sample=16 consults=0 wanted=0 hits=0 hit_rate=0.0% misses=0 inserts=0 evictions=0 recycled=0 allocs=0 pin_skips=0 gated=0 ramp=2..50 bar=0 suppressed=0 wide_skips=0 served=0.0MB copied=0.0MB ssd_avoided=0.0GB live=0/0.0GB model=0 protected=0 declined=0 topup_suppressed=0 aged=0 into=0/0/0 pending=0
[mirror-split] internal=0 K3C=0 K3B=0 K3A=0  shares=0%/0%/0%/0%
[phases] mono=392935.535548 chunks=190 sequence=312.438s read_wait=0.171s bind_upload=1.641s attention_resident=15.129s expert_read_prefetch=204.352s expert_demand_read=124.465s expert_plan=10.817s expert_hint=0.001s expert_submit=0.001s expert_kernel=88.010s source_fence=0.001s tail_head_sync=2.730s layer_other=0.346s expert_read_gross=193.534s plan_hint=10.578s plan_sched=0.234s attn_total=15.089s attn_encode=6.353s attn_wait=5.610s attn_drain=3.126s kernel_total=65.557s kernel_host=2.206s kernel_wait=3.139s kernel_drain=60.211s
[attn-split] single: calls=17577 total=13.271s encode=5.753s wait=4.392s drain=3.126s waits=30429 untimed=4630 | wide: calls=93 total=1.818s encode=0.600s wait=1.218s drain=0.000s waits=92 untimed=92 | hint: calls=17480 total=10.567s encode=0.047s wait=10.521s drain=0.000s waits=17199 untimed=17199
[kernel-split] single: calls=18623 total=62.720s encode=1.997s wait=0.738s drain=59.985s waits=20003 untimed=15659 | wide: calls=467 total=2.838s encode=0.210s wait=2.401s drain=0.227s waits=467 untimed=0
[kernel-sub] materialize=0.076s moe=4.018s precommit=60.279s rest=1.183s
[metal-cache] calls=21469 zero_copy_wraps=231 copies=0 cache_entries=112 bindless=true
 as
[stats] generated=191 elapsed=314.185s speed=0.6079 token/s (1.645 s/token) chunks=191 committed_rows=221 verify_tx=0 drafts=0/0 layer_passes=17763 expert_rows=20332 expert_tiles=17953
[opens] expert file opens=739866 total=11.494s mean=0.016ms requested_bytes=7018541219008 (7018.5 GB)
[arrival] tiles=663 waves=1899 uncovered_wait=22.403s dispatch=4.234s
[retain] enabled=false cap_gb=8 layers=63..=92 consults=0 wanted=0 hits=0 inserts=0 served=0.0MB
[summer] enabled=false cap_gb=8 sample=16 consults=0 wanted=0 hits=0 hit_rate=0.0% misses=0 inserts=0 evictions=0 recycled=0 allocs=0 pin_skips=0 gated=0 ramp=2..50 bar=0 suppressed=0 wide_skips=0 served=0.0MB copied=0.0MB ssd_avoided=0.0GB live=0/0.0GB model=0 protected=0 declined=0 topup_suppressed=0 aged=0 into=0/0/0 pending=0
[mirror-split] internal=0 K3C=0 K3B=0 K3A=0  shares=0%/0%/0%/0%
[phases] mono=392937.060888 chunks=191 sequence=313.963s read_wait=0.171s bind_upload=1.641s attention_resident=15.194s expert_read_prefetch=205.478s expert_demand_read=125.166s expert_plan=10.878s expert_hint=0.001s expert_submit=0.001s expert_kernel=88.328s source_fence=0.001s tail_head_sync=2.744s layer_other=0.347s expert_read_gross=194.599s plan_hint=10.638s plan_sched=0.235s attn_total=15.154s attn_encode=6.375s attn_wait=5.638s attn_drain=3.140s kernel_total=65.865s kernel_host=2.218s kernel_wait=3.143s kernel_drain=60.504s
[attn-split] single: calls=17670 total=13.336s encode=5.776s wait=4.420s drain=3.140s waits=30590 untimed=4651 | wide: calls=93 total=1.818s encode=0.600s wait=1.218s drain=0.000s waits=92 untimed=92 | hint: calls=17572 total=10.627s encode=0.047s wait=10.580s drain=0.000s waits=17290 untimed=17290
[kernel-split] single: calls=18722 total=63.027s encode=2.008s wait=0.742s drain=60.278s waits=20110 untimed=15737 | wide: calls=467 total=2.838s encode=0.210s wait=2.401s drain=0.227s waits=467 untimed=0
[kernel-sub] materialize=0.076s moe=4.025s precommit=60.574s rest=1.189s
[metal-cache] calls=21568 zero_copy_wraps=231 copies=0 cache_entries=112 bindless=true
 rain
[stats] generated=192 elapsed=315.653s speed=0.6083 token/s (1.644 s/token) chunks=192 committed_rows=222 verify_tx=0 drafts=0/0 layer_passes=17856 expert_rows=20424 expert_tiles=18045
[opens] expert file opens=743726 total=11.553s mean=0.016ms requested_bytes=7052372442304 (7052.4 GB)
[arrival] tiles=664 waves=1902 uncovered_wait=22.416s dispatch=4.240s
[retain] enabled=false cap_gb=8 layers=63..=92 consults=0 wanted=0 hits=0 inserts=0 served=0.0MB
[summer] enabled=false cap_gb=8 sample=16 consults=0 wanted=0 hits=0 hit_rate=0.0% misses=0 inserts=0 evictions=0 recycled=0 allocs=0 pin_skips=0 gated=0 ramp=2..50 bar=0 suppressed=0 wide_skips=0 served=0.0MB copied=0.0MB ssd_avoided=0.0GB live=0/0.0GB model=0 protected=0 declined=0 topup_suppressed=0 aged=0 into=0/0/0 pending=0
[mirror-split] internal=0 K3C=0 K3B=0 K3A=0  shares=0%/0%/0%/0%
[phases] mono=392938.529186 chunks=192 sequence=315.413s read_wait=0.171s bind_upload=1.641s attention_resident=15.256s expert_read_prefetch=206.523s expert_demand_read=125.758s expert_plan=10.932s expert_hint=0.001s expert_submit=0.001s expert_kernel=88.656s source_fence=0.001s tail_head_sync=2.757s layer_other=0.349s expert_read_gross=195.590s plan_hint=10.691s plan_sched=0.236s attn_total=15.216s attn_encode=6.400s attn_wait=5.662s attn_drain=3.154s kernel_total=66.179s kernel_host=2.227s kernel_wait=3.146s kernel_drain=60.806s
[attn-split] single: calls=17763 total=13.398s encode=5.800s wait=4.444s drain=3.154s waits=30751 untimed=4680 | wide: calls=93 total=1.818s encode=0.600s wait=1.218s drain=0.000s waits=92 untimed=92 | hint: calls=17664 total=10.680s encode=0.047s wait=10.633s drain=0.000s waits=17381 untimed=17381
[kernel-split] single: calls=18816 total=63.342s encode=2.017s wait=0.745s drain=60.580s waits=20207 untimed=15813 | wide: calls=467 total=2.838s encode=0.210s wait=2.401s drain=0.227s waits=467 untimed=0
[kernel-sub] materialize=0.076s moe=4.031s precommit=60.878s rest=1.194s
[metal-cache] calls=21662 zero_copy_wraps=231 copies=0 cache_entries=112 bindless=true
,
[stats] generated=193 elapsed=317.112s speed=0.6086 token/s (1.643 s/token) chunks=193 committed_rows=223 verify_tx=0 drafts=0/0 layer_passes=17949 expert_rows=20516 expert_tiles=18137
[opens] expert file opens=747536 total=11.609s mean=0.016ms requested_bytes=7085817560256 (7085.8 GB)
[arrival] tiles=665 waves=1910 uncovered_wait=22.428s dispatch=4.249s
[retain] enabled=false cap_gb=8 layers=63..=92 consults=0 wanted=0 hits=0 inserts=0 served=0.0MB
[summer] enabled=false cap_gb=8 sample=16 consults=0 wanted=0 hits=0 hit_rate=0.0% misses=0 inserts=0 evictions=0 recycled=0 allocs=0 pin_skips=0 gated=0 ramp=2..50 bar=0 suppressed=0 wide_skips=0 served=0.0MB copied=0.0MB ssd_avoided=0.0GB live=0/0.0GB model=0 protected=0 declined=0 topup_suppressed=0 aged=0 into=0/0/0 pending=0
[mirror-split] internal=0 K3C=0 K3B=0 K3A=0  shares=0%/0%/0%/0%
[phases] mono=392939.988015 chunks=193 sequence=316.871s read_wait=0.171s bind_upload=1.641s attention_resident=15.329s expert_read_prefetch=207.560s expert_demand_read=126.367s expert_plan=10.982s expert_hint=0.001s expert_submit=0.001s expert_kernel=88.989s source_fence=0.001s tail_head_sync=2.770s layer_other=0.350s expert_read_gross=196.577s plan_hint=10.740s plan_sched=0.238s attn_total=15.289s attn_encode=6.429s attn_wait=5.691s attn_drain=3.169s kernel_total=66.500s kernel_host=2.239s kernel_wait=3.152s kernel_drain=61.109s
[attn-split] single: calls=17856 total=13.471s encode=5.829s wait=4.473s drain=3.169s waits=30912 untimed=4706 | wide: calls=93 total=1.818s encode=0.600s wait=1.218s drain=0.000s waits=92 untimed=92 | hint: calls=17756 total=10.729s encode=0.048s wait=10.681s drain=0.000s waits=17472 untimed=17472
[kernel-split] single: calls=18915 total=63.663s encode=2.029s wait=0.751s drain=60.882s waits=20314 untimed=15895 | wide: calls=467 total=2.838s encode=0.210s wait=2.401s drain=0.227s waits=467 untimed=0
[kernel-sub] materialize=0.076s moe=4.040s precommit=61.183s rest=1.201s
[metal-cache] calls=21761 zero_copy_wraps=231 copies=0 cache_entries=112 bindless=true
 snow
[stats] generated=194 elapsed=318.583s speed=0.6089 token/s (1.642 s/token) chunks=194 committed_rows=224 verify_tx=0 drafts=0/0 layer_passes=18042 expert_rows=20608 expert_tiles=18229
[opens] expert file opens=751411 total=11.665s mean=0.016ms requested_bytes=7119745285312 (7119.7 GB)
[arrival] tiles=666 waves=1918 uncovered_wait=22.444s dispatch=4.258s
[retain] enabled=false cap_gb=8 layers=63..=92 consults=0 wanted=0 hits=0 inserts=0 served=0.0MB
[summer] enabled=false cap_gb=8 sample=16 consults=0 wanted=0 hits=0 hit_rate=0.0% misses=0 inserts=0 evictions=0 recycled=0 allocs=0 pin_skips=0 gated=0 ramp=2..50 bar=0 suppressed=0 wide_skips=0 served=0.0MB copied=0.0MB ssd_avoided=0.0GB live=0/0.0GB model=0 protected=0 declined=0 topup_suppressed=0 aged=0 into=0/0/0 pending=0
[mirror-split] internal=0 K3C=0 K3B=0 K3A=0  shares=0%/0%/0%/0%
[phases] mono=392941.459351 chunks=194 sequence=318.341s read_wait=0.171s bind_upload=1.641s attention_resident=15.422s expert_read_prefetch=208.589s expert_demand_read=127.015s expert_plan=11.032s expert_hint=0.001s expert_submit=0.001s expert_kernel=89.322s source_fence=0.001s tail_head_sync=2.784s layer_other=0.352s expert_read_gross=197.556s plan_hint=10.789s plan_sched=0.239s attn_total=15.382s attn_encode=6.482s attn_wait=5.707s attn_drain=3.192s kernel_total=66.817s kernel_host=2.251s kernel_wait=3.157s kernel_drain=61.409s
[attn-split] single: calls=17949 total=13.564s encode=5.883s wait=4.489s drain=3.192s waits=31073 untimed=4720 | wide: calls=93 total=1.818s encode=0.600s wait=1.218s drain=0.000s waits=92 untimed=92 | hint: calls=17848 total=10.778s encode=0.048s wait=10.730s drain=0.000s waits=17563 untimed=17563
[kernel-split] single: calls=19014 total=63.980s encode=2.041s wait=0.756s drain=61.183s waits=20421 untimed=15958 | wide: calls=467 total=2.838s encode=0.210s wait=2.401s drain=0.227s waits=467 untimed=0
[kernel-sub] materialize=0.076s moe=4.048s precommit=61.485s rest=1.208s
[metal-cache] calls=21860 zero_copy_wraps=231 copies=0 cache_entries=112 bindless=true
,
[stats] generated=195 elapsed=320.095s speed=0.6092 token/s (1.642 s/token) chunks=195 committed_rows=225 verify_tx=0 drafts=0/0 layer_passes=18135 expert_rows=20700 expert_tiles=18321
[opens] expert file opens=755268 total=11.726s mean=0.016ms requested_bytes=7153585208512 (7153.6 GB)
[arrival] tiles=667 waves=1925 uncovered_wait=22.453s dispatch=4.265s
[retain] enabled=false cap_gb=8 layers=63..=92 consults=0 wanted=0 hits=0 inserts=0 served=0.0MB
[summer] enabled=false cap_gb=8 sample=16 consults=0 wanted=0 hits=0 hit_rate=0.0% misses=0 inserts=0 evictions=0 recycled=0 allocs=0 pin_skips=0 gated=0 ramp=2..50 bar=0 suppressed=0 wide_skips=0 served=0.0MB copied=0.0MB ssd_avoided=0.0GB live=0/0.0GB model=0 protected=0 declined=0 topup_suppressed=0 aged=0 into=0/0/0 pending=0
[mirror-split] internal=0 K3C=0 K3B=0 K3A=0  shares=0%/0%/0%/0%
[phases] mono=392942.971083 chunks=195 sequence=319.852s read_wait=0.171s bind_upload=1.641s attention_resident=15.501s expert_read_prefetch=209.683s expert_demand_read=127.604s expert_plan=11.083s expert_hint=0.001s expert_submit=0.002s expert_kernel=89.645s source_fence=0.001s tail_head_sync=2.797s layer_other=0.353s expert_read_gross=198.600s plan_hint=10.838s plan_sched=0.240s attn_total=15.460s attn_encode=6.514s attn_wait=5.737s attn_drain=3.209s kernel_total=67.130s kernel_host=2.264s kernel_wait=3.162s kernel_drain=61.704s
[attn-split] single: calls=18042 total=13.642s encode=5.914s wait=4.519s drain=3.209s waits=31234 untimed=4741 | wide: calls=93 total=1.818s encode=0.600s wait=1.218s drain=0.000s waits=92 untimed=92 | hint: calls=17940 total=10.827s encode=0.048s wait=10.779s drain=0.000s waits=17654 untimed=17654
[kernel-split] single: calls=19112 total=64.292s encode=2.055s wait=0.760s drain=61.477s waits=20526 untimed=16039 | wide: calls=467 total=2.838s encode=0.210s wait=2.401s drain=0.227s waits=467 untimed=0
[kernel-sub] materialize=0.076s moe=4.056s precommit=61.782s rest=1.216s
[metal-cache] calls=21958 zero_copy_wraps=231 copies=0 cache_entries=112 bindless=true
 s
[stats] generated=196 elapsed=321.575s speed=0.6095 token/s (1.641 s/token) chunks=196 committed_rows=226 verify_tx=0 drafts=0/0 layer_passes=18228 expert_rows=20792 expert_tiles=18413
[opens] expert file opens=759157 total=11.777s mean=0.016ms requested_bytes=7187653295296 (7187.7 GB)
[arrival] tiles=668 waves=1933 uncovered_wait=22.464s dispatch=4.272s
[retain] enabled=false cap_gb=8 layers=63..=92 consults=0 wanted=0 hits=0 inserts=0 served=0.0MB
[summer] enabled=false cap_gb=8 sample=16 consults=0 wanted=0 hits=0 hit_rate=0.0% misses=0 inserts=0 evictions=0 recycled=0 allocs=0 pin_skips=0 gated=0 ramp=2..50 bar=0 suppressed=0 wide_skips=0 served=0.0MB copied=0.0MB ssd_avoided=0.0GB live=0/0.0GB model=0 protected=0 declined=0 topup_suppressed=0 aged=0 into=0/0/0 pending=0
[mirror-split] internal=0 K3C=0 K3B=0 K3A=0  shares=0%/0%/0%/0%
[phases] mono=392944.451170 chunks=196 sequence=321.331s read_wait=0.171s bind_upload=1.641s attention_resident=15.566s expert_read_prefetch=210.743s expert_demand_read=128.232s expert_plan=11.146s expert_hint=0.001s expert_submit=0.002s expert_kernel=89.985s source_fence=0.001s tail_head_sync=2.810s layer_other=0.355s expert_read_gross=199.596s plan_hint=10.900s plan_sched=0.241s attn_total=15.525s attn_encode=6.540s attn_wait=5.757s attn_drain=3.229s kernel_total=67.460s kernel_host=2.274s kernel_wait=3.165s kernel_drain=62.021s
[attn-split] single: calls=18135 total=13.707s encode=5.940s wait=4.539s drain=3.229s waits=31395 untimed=4765 | wide: calls=93 total=1.818s encode=0.600s wait=1.218s drain=0.000s waits=92 untimed=92 | hint: calls=18032 total=10.889s encode=0.048s wait=10.841s drain=0.000s waits=17745 untimed=17745
[kernel-split] single: calls=19211 total=64.622s encode=2.064s wait=0.764s drain=61.794s waits=20633 untimed=16124 | wide: calls=467 total=2.838s encode=0.210s wait=2.401s drain=0.227s waits=467 untimed=0
[kernel-sub] materialize=0.076s moe=4.062s precommit=62.100s rest=1.220s
[metal-cache] calls=22057 zero_copy_wraps=231 copies=0 cache_entries=112 bindless=true
leet
[stats] generated=197 elapsed=323.025s speed=0.6099 token/s (1.640 s/token) chunks=197 committed_rows=227 verify_tx=0 drafts=0/0 layer_passes=18321 expert_rows=20884 expert_tiles=18505
[opens] expert file opens=763042 total=11.830s mean=0.016ms requested_bytes=7221695052992 (7221.7 GB)
[arrival] tiles=669 waves=1941 uncovered_wait=22.474s dispatch=4.279s
[retain] enabled=false cap_gb=8 layers=63..=92 consults=0 wanted=0 hits=0 inserts=0 served=0.0MB
[summer] enabled=false cap_gb=8 sample=16 consults=0 wanted=0 hits=0 hit_rate=0.0% misses=0 inserts=0 evictions=0 recycled=0 allocs=0 pin_skips=0 gated=0 ramp=2..50 bar=0 suppressed=0 wide_skips=0 served=0.0MB copied=0.0MB ssd_avoided=0.0GB live=0/0.0GB model=0 protected=0 declined=0 topup_suppressed=0 aged=0 into=0/0/0 pending=0
[mirror-split] internal=0 K3C=0 K3B=0 K3A=0  shares=0%/0%/0%/0%
[phases] mono=392945.901357 chunks=197 sequence=322.781s read_wait=0.171s bind_upload=1.641s attention_resident=15.629s expert_read_prefetch=211.771s expert_demand_read=128.854s expert_plan=11.202s expert_hint=0.001s expert_submit=0.002s expert_kernel=90.328s source_fence=0.001s tail_head_sync=2.824s layer_other=0.356s expert_read_gross=200.568s plan_hint=10.956s plan_sched=0.242s attn_total=15.588s attn_encode=6.563s attn_wait=5.776s attn_drain=3.249s kernel_total=67.792s kernel_host=2.284s kernel_wait=3.168s kernel_drain=62.340s
[attn-split] single: calls=18228 total=13.770s encode=5.963s wait=4.558s drain=3.249s waits=31556 untimed=4787 | wide: calls=93 total=1.818s encode=0.600s wait=1.218s drain=0.000s waits=92 untimed=92 | hint: calls=18124 total=10.944s encode=0.049s wait=10.896s drain=0.000s waits=17836 untimed=17836
[kernel-split] single: calls=19310 total=64.954s encode=2.074s wait=0.767s drain=62.113s waits=20740 untimed=16208 | wide: calls=467 total=2.838s encode=0.210s wait=2.401s drain=0.227s waits=467 untimed=0
[kernel-sub] materialize=0.076s moe=4.069s precommit=62.421s rest=1.225s
[metal-cache] calls=22156 zero_copy_wraps=231 copies=0 cache_entries=112 bindless=true
,
[stats] generated=198 elapsed=324.472s speed=0.6102 token/s (1.639 s/token) chunks=198 committed_rows=228 verify_tx=0 drafts=0/0 layer_passes=18414 expert_rows=20976 expert_tiles=18597
[opens] expert file opens=766933 total=11.885s mean=0.015ms requested_bytes=7255833296064 (7255.8 GB)
[arrival] tiles=670 waves=1949 uncovered_wait=22.487s dispatch=4.286s
[retain] enabled=false cap_gb=8 layers=63..=92 consults=0 wanted=0 hits=0 inserts=0 served=0.0MB
[summer] enabled=false cap_gb=8 sample=16 consults=0 wanted=0 hits=0 hit_rate=0.0% misses=0 inserts=0 evictions=0 recycled=0 allocs=0 pin_skips=0 gated=0 ramp=2..50 bar=0 suppressed=0 wide_skips=0 served=0.0MB copied=0.0MB ssd_avoided=0.0GB live=0/0.0GB model=0 protected=0 declined=0 topup_suppressed=0 aged=0 into=0/0/0 pending=0
[mirror-split] internal=0 K3C=0 K3B=0 K3A=0  shares=0%/0%/0%/0%
[phases] mono=392947.348350 chunks=198 sequence=324.226s read_wait=0.171s bind_upload=1.641s attention_resident=15.714s expert_read_prefetch=212.782s expert_demand_read=129.440s expert_plan=11.267s expert_hint=0.001s expert_submit=0.002s expert_kernel=90.663s source_fence=0.001s tail_head_sync=2.837s layer_other=0.358s expert_read_gross=201.514s plan_hint=11.019s plan_sched=0.243s attn_total=15.672s attn_encode=6.606s attn_wait=5.804s attn_drain=3.262s kernel_total=68.114s kernel_host=2.294s kernel_wait=3.173s kernel_drain=62.648s
[attn-split] single: calls=18321 total=13.855s encode=6.006s wait=4.586s drain=3.262s waits=31717 untimed=4823 | wide: calls=93 total=1.818s encode=0.600s wait=1.218s drain=0.000s waits=92 untimed=92 | hint: calls=18216 total=11.007s encode=0.049s wait=10.958s drain=0.000s waits=17927 untimed=17927
[kernel-split] single: calls=19409 total=65.277s encode=2.084s wait=0.771s drain=62.421s waits=20847 untimed=16292 | wide: calls=467 total=2.838s encode=0.210s wait=2.401s drain=0.227s waits=467 untimed=0
[kernel-sub] materialize=0.076s moe=4.076s precommit=62.731s rest=1.231s
[metal-cache] calls=22255 zero_copy_wraps=231 copies=0 cache_entries=112 bindless=true
 or
[stats] generated=199 elapsed=326.015s speed=0.6104 token/s (1.638 s/token) chunks=199 committed_rows=229 verify_tx=0 drafts=0/0 layer_passes=18507 expert_rows=21068 expert_tiles=18689
[opens] expert file opens=771001 total=11.940s mean=0.015ms requested_bytes=7291489418432 (7291.5 GB)
[arrival] tiles=671 waves=1957 uncovered_wait=22.498s dispatch=4.294s
[retain] enabled=false cap_gb=8 layers=63..=92 consults=0 wanted=0 hits=0 inserts=0 served=0.0MB
[summer] enabled=false cap_gb=8 sample=16 consults=0 wanted=0 hits=0 hit_rate=0.0% misses=0 inserts=0 evictions=0 recycled=0 allocs=0 pin_skips=0 gated=0 ramp=2..50 bar=0 suppressed=0 wide_skips=0 served=0.0MB copied=0.0MB ssd_avoided=0.0GB live=0/0.0GB model=0 protected=0 declined=0 topup_suppressed=0 aged=0 into=0/0/0 pending=0
[mirror-split] internal=0 K3C=0 K3B=0 K3A=0  shares=0%/0%/0%/0%
[phases] mono=392948.891264 chunks=199 sequence=325.768s read_wait=0.171s bind_upload=1.641s attention_resident=15.785s expert_read_prefetch=213.900s expert_demand_read=130.116s expert_plan=11.326s expert_hint=0.001s expert_submit=0.002s expert_kernel=91.002s source_fence=0.001s tail_head_sync=2.850s layer_other=0.359s expert_read_gross=202.573s plan_hint=11.077s plan_sched=0.244s attn_total=15.743s attn_encode=6.629s attn_wait=5.833s attn_drain=3.281s kernel_total=68.441s kernel_host=2.303s kernel_wait=3.177s kernel_drain=62.961s
[attn-split] single: calls=18414 total=13.925s encode=6.029s wait=4.615s drain=3.281s waits=31878 untimed=4847 | wide: calls=93 total=1.818s encode=0.600s wait=1.218s drain=0.000s waits=92 untimed=92 | hint: calls=18308 total=11.066s encode=0.049s wait=11.017s drain=0.000s waits=18018 untimed=18018
[kernel-split] single: calls=19508 total=65.603s encode=2.093s wait=0.775s drain=62.734s waits=20954 untimed=16379 | wide: calls=467 total=2.838s encode=0.210s wait=2.401s drain=0.227s waits=467 untimed=0
[kernel-sub] materialize=0.076s moe=4.083s precommit=63.045s rest=1.236s
[metal-cache] calls=22354 zero_copy_wraps=231 copies=0 cache_entries=112 bindless=true
[route-chain] chained=13110
[route-chain] dedup_hits=13110
 hail
[stats] generated=200 elapsed=327.511s speed=0.6107 token/s (1.638 s/token) chunks=200 committed_rows=230 verify_tx=0 drafts=0/0 layer_passes=18600 expert_rows=21160 expert_tiles=18781
[opens] expert file opens=774921 total=11.994s mean=0.015ms requested_bytes=7325882088640 (7325.9 GB)
[arrival] tiles=672 waves=1963 uncovered_wait=22.507s dispatch=4.300s
[retain] enabled=false cap_gb=8 layers=63..=92 consults=0 wanted=0 hits=0 inserts=0 served=0.0MB
[summer] enabled=false cap_gb=8 sample=16 consults=0 wanted=0 hits=0 hit_rate=0.0% misses=0 inserts=0 evictions=0 recycled=0 allocs=0 pin_skips=0 gated=0 ramp=2..50 bar=0 suppressed=0 wide_skips=0 served=0.0MB copied=0.0MB ssd_avoided=0.0GB live=0/0.0GB model=0 protected=0 declined=0 topup_suppressed=0 aged=0 into=0/0/0 pending=0
[mirror-split] internal=0 K3C=0 K3B=0 K3A=0  shares=0%/0%/0%/0%
[phases] mono=392950.387103 chunks=200 sequence=327.263s read_wait=0.171s bind_upload=1.641s attention_resident=15.853s expert_read_prefetch=214.951s expert_demand_read=130.718s expert_plan=11.391s expert_hint=0.001s expert_submit=0.002s expert_kernel=91.362s source_fence=0.001s tail_head_sync=2.862s layer_other=0.361s expert_read_gross=203.558s plan_hint=11.141s plan_sched=0.245s attn_total=15.811s attn_encode=6.657s attn_wait=5.854s attn_drain=3.301s kernel_total=68.793s kernel_host=2.313s kernel_wait=3.180s kernel_drain=63.299s
[attn-split] single: calls=18507 total=13.994s encode=6.057s wait=4.636s drain=3.301s waits=32039 untimed=4868 | wide: calls=93 total=1.818s encode=0.600s wait=1.218s drain=0.000s waits=92 untimed=92 | hint: calls=18400 total=11.130s encode=0.049s wait=11.081s drain=0.000s waits=18109 untimed=18109
[kernel-split] single: calls=19605 total=65.955s encode=2.103s wait=0.779s drain=63.073s waits=21057 untimed=16457 | wide: calls=467 total=2.838s encode=0.210s wait=2.401s drain=0.227s waits=467 untimed=0
[kernel-sub] materialize=0.076s moe=4.090s precommit=63.385s rest=1.241s
[metal-cache] calls=22451 zero_copy_wraps=231 copies=0 cache_entries=112 bindless=true

WALL_SECONDS=334
