ARM G5_ON START 06:26:15 overrides: K3_QWEN_ALLOW_CHAT=1 K3_CHAT_THINKING=0 tokens=200 chat=1 pressure_gb=60 prompt=[A company has revenue of 4,200,000, cost of sales of 2,650,000, operating expenses of 910,000 and tax at 20%. Calculate gross profit, operating profit and net profit, showing each step.]
[config] resolved: surface=DirectRun device=Auto spine=Auto spine_read_threads=auto spine_fd_cache=auto spine_stream_nocache=auto expert_stream_nocache=auto spine_resident_bytes=16000000000 provider_resident_layers=93 expert_read_threads=64 expert_prefetch_threads=12 expert_backend=Auto expert_scale4=Auto expert_pin_bytes=0 expert_heat=true expert_overlays=[hot=/Volumes/White/k3-experts-b:36018files dir_b=/Volumes/Green/k3-experts-full:82432files dir_c=/Volumes/Yellow/serve3-green:15287files] pilot_gate=Off pilot_gate_threshold=0.1 pilot_gate_warmup=16 quality=QualityPolicy { target_authority: FullK3, routed_experts: 16, activation_precision: Fp32, resident_weights: QuantizedInt8 } dspark=Off dspark_max_context=8192 dspark_min_auto_speedup=0.03 dspark_miss_tolerance=1 dspark_max_drafts=7 qwen=On reasoning_effort=default router_trace_mode=Off router_trace_path=none chat=true stats=true layer_profile=false max_new=200
[residency] residency set created
[residency] queue attached (1 queues)
[native] exact scale4-v2 expert storage unavailable (inspect scale4 manifest $K3_DIR/deltafin-root-local/k3-experts-scale4/scale4-manifest.json: No such file or directory (os error 2)); using raw-v1
[native] expert hot tier enabled: /Volumes/White/k3-experts-b (probed before $K3_DIR/deltafin-root-local/k3-experts)
[native] split-read: chunks=2 demand_chunks=2 prefetch_hot_side_chunks=1 demand_home=hot-first-both-chunks tier_balance=1 split_eta=1 trace=0
[native] plan-path balance: on (lowest expected completion among holders)
[native] expert volume B enabled: /Volumes/Green/k3-experts-full (probed after hot, before $K3_DIR/deltafin-root-local/k3-experts)
[native] expert volume C enabled: /Volumes/Yellow/serve3-green (probed before hot and $K3_DIR/deltafin-root-local/k3-experts)
[native] host=macos/aarch64 device=mps experts=metal/raw-v1 root=$K3_DIR/deltafin-root-local spine=loose-deferred representation=quantized-int8 (non-weight-exact) layers=93 globals=2 resident=93/93 (50.74 GiB) transient=0.00 GiB readers=spine:4t/expert:64t/prefetch:12t spine-fdcache=0/0fd cpu-expert:4t router-trace=false lazy-missing=0 LibTorch=2.13.0
[native] optional Qwen: state=qwen3-0.6b model+KV-reserve=4.91 GiB verify-reserve=0.00 GiB/9 positions admitted-context=4389 tokens startup-error=none
[native] context cache: initial=16 tokens/45.00 MiB, growth=2.81 MiB per capacity token, startup reserve=256 tokens/832.03 MiB, exact-expanded cap=4369 / model contract=1048576 tokens (live peak admission required beyond reserve)
[native] verify snapshots: 452.81 MiB per candidate boundary, width 1..=64 (fresh peak admission; otherwise ordinary exact decode)
[native] native target structure ready (all 16 routed experts; physical real-weight sequence parity not yet recorded for this backend/representation)
[native] expert arena: slots=1 prefetch_slots=128
[native] probe-order: dir_c_first
[native] mirror-cost: rated
[native] mirror: enabled=false mode=0 internal_cost_us=1502 enclosure_cost_us=948 bias=internal:1.00,K3C:1.00,K3B:1.00,K3A:1.00 outstanding=0/0/0/0
[native] retain: enabled=false cap_gb=8 layers=63..=92
[native] summer: enabled=false cap_gb=8 policy=lfru sample=16
[native] expert heat: weight=11841 passes recording=true; pin tier: candidates=0 charged=0.00 GiB
[spine-fp32] execution arena DISABLED (K3_SPINE_FP32_ARENA=0)
[residency] queue attached (2 queues)
[residency] 1 allocations, 1.09 GiB pinned
[residency] 2 allocations, 1.10 GiB pinned
[residency] 4 allocations, 1.70 GiB pinned
[residency] 8 allocations, 4.47 GiB pinned
[residency] 16 allocations, 8.27 GiB pinned
[residency] 32 allocations, 17.04 GiB pinned
[residency] 64 allocations, 33.58 GiB pinned
Here
[stats] generated=1 elapsed=51.029s speed=0.0196 token/s (51.029 s/token) chunks=2 committed_rows=71 verify_tx=0 drafts=0/0 layer_passes=186 expert_rows=6532 expert_tiles=1046
[opens] expert file opens=7945 total=0.165s mean=0.021ms requested_bytes=1118849645760 (1118.8 GB)
[split-eta] chunks served hot=12034 dir_c=8242 dir_b=14065 primary=29536
[arrival] tiles=1044 waves=1266 uncovered_wait=36.176s dispatch=8.055s
[retain] enabled=false cap_gb=8 layers=63..=92 consults=0 wanted=0 hits=0 inserts=0 served=0.0MB
[summer] enabled=false cap_gb=8 sample=16 consults=0 wanted=0 hits=0 hit_rate=0.0% misses=0 inserts=0 evictions=0 recycled=0 allocs=0 pin_skips=0 gated=0 ramp=2..50 bar=0 suppressed=0 wide_skips=0 served=0.0MB copied=0.0MB ssd_avoided=0.0GB live=0/0.0GB model=0 protected=0 declined=0 topup_suppressed=0 aged=0 into=0/0/0 pending=0
[mirror-split] internal=0 K3C=0 K3B=0 K3A=0  shares=0%/0%/0%/0%
[phases] mono=417788.521229 chunks=2 sequence=51.024s read_wait=0.170s bind_upload=1.646s attention_resident=3.771s expert_read_prefetch=1.071s expert_demand_read=0.096s expert_plan=0.162s expert_hint=0.000s expert_submit=0.000s expert_kernel=44.249s source_fence=0.000s tail_head_sync=0.028s layer_other=0.056s expert_read_gross=0.908s plan_hint=0.099s plan_sched=0.063s attn_total=3.770s attn_encode=0.735s attn_wait=3.035s attn_drain=0.000s kernel_total=8.062s kernel_host=0.474s kernel_wait=6.966s kernel_drain=0.621s
[attn-split] single: calls=0 total=0.000s encode=0.000s wait=0.000s drain=0.000s waits=0 untimed=0 | wide: calls=186 total=3.770s encode=0.735s wait=3.035s drain=0.000s waits=184 untimed=184 | hint: calls=184 total=0.099s encode=0.001s wait=0.098s drain=0.000s waits=181 untimed=181
[kernel-split] single: calls=157 total=0.128s encode=0.024s wait=0.048s drain=0.056s waits=157 untimed=0 | wide: calls=1111 total=7.935s encode=0.450s wait=6.918s drain=0.566s waits=1111 untimed=0
[kernel-sub] materialize=0.193s moe=7.669s precommit=0.001s rest=0.199s
[metal-cache] calls=7213 zero_copy_wraps=321 copies=0 cache_entries=139 bindless=true
[residency] queue attached (3 queues)
[route-chain] chained=1
[route-chain] dedup_hits=1
 is
[stats] generated=2 elapsed=54.642s speed=0.0366 token/s (27.321 s/token) chunks=3 committed_rows=72 verify_tx=1 drafts=0/2 layer_passes=279 expert_rows=6624 expert_tiles=1138
[verify-width] w1=0 w2=1 w3=0 w4=0 w5=0 w6=0 w7=0 w8+=0              (w1 share 0.0% of 1 transactions)
[opens] expert file opens=21985 total=0.316s mean=0.014ms requested_bytes=1216044072128 (1216.0 GB)
[split-eta] chunks served hot=13918 dir_c=9315 dir_b=16730 primary=34701
[arrival] tiles=1056 waves=1294 uncovered_wait=36.340s dispatch=8.108s
[retain] enabled=false cap_gb=8 layers=63..=92 consults=0 wanted=0 hits=0 inserts=0 served=0.0MB
[summer] enabled=false cap_gb=8 sample=16 consults=0 wanted=0 hits=0 hit_rate=0.0% misses=0 inserts=0 evictions=0 recycled=0 allocs=0 pin_skips=0 gated=0 ramp=2..50 bar=0 suppressed=0 wide_skips=0 served=0.0MB copied=0.0MB ssd_avoided=0.0GB live=0/0.0GB model=0 protected=0 declined=0 topup_suppressed=0 aged=0 into=0/0/0 pending=0
[mirror-split] internal=0 K3C=0 K3B=0 K3A=0  shares=0%/0%/0%/0%
[phases] mono=417792.133699 chunks=3 sequence=52.257s read_wait=0.170s bind_upload=1.646s attention_resident=3.884s expert_read_prefetch=1.782s expert_demand_read=0.522s expert_plan=0.237s expert_hint=0.000s expert_submit=0.000s expert_kernel=44.643s source_fence=0.000s tail_head_sync=0.041s layer_other=0.058s expert_read_gross=1.545s plan_hint=0.173s plan_sched=0.064s attn_total=4.369s attn_encode=0.944s attn_wait=3.403s attn_drain=0.022s kernel_total=8.884s kernel_host=0.603s kernel_wait=7.249s kernel_drain=1.031s
[attn-split] single: calls=93 total=0.113s encode=0.068s wait=0.023s drain=0.022s waits=161 untimed=22 | wide: calls=279 total=4.256s encode=0.876s wait=3.380s drain=0.000s waits=276 untimed=276 | hint: calls=368 total=0.229s encode=0.002s wait=0.228s drain=0.000s waits=401 untimed=401
[kernel-split] single: calls=256 total=0.511s encode=0.034s wait=0.052s drain=0.425s waits=264 untimed=80 | wide: calls=1212 total=8.373s encode=0.570s wait=7.197s drain=0.606s waits=1212 untimed=0
[kernel-sub] materialize=0.260s moe=7.998s precommit=0.373s rest=0.253s
[metal-cache] calls=7615 zero_copy_wraps=326 copies=0 cache_entries=144 bindless=true
 the
[stats] generated=3 elapsed=55.851s speed=0.0537 token/s (18.617 s/token) chunks=4 committed_rows=73 verify_tx=1 drafts=0/2 layer_passes=372 expert_rows=6716 expert_tiles=1230
[verify-width] w1=0 w2=1 w3=0 w4=0 w5=0 w6=0 w7=0 w8+=0              (w1 share 0.0% of 1 transactions)
[opens] expert file opens=27092 total=0.368s mean=0.014ms requested_bytes=1249506786496 (1249.5 GB)
[split-eta] chunks served hot=14649 dir_c=9670 dir_b=17654 primary=36505
[arrival] tiles=1057 waves=1300 uncovered_wait=36.349s dispatch=8.117s
[retain] enabled=false cap_gb=8 layers=63..=92 consults=0 wanted=0 hits=0 inserts=0 served=0.0MB
[summer] enabled=false cap_gb=8 sample=16 consults=0 wanted=0 hits=0 hit_rate=0.0% misses=0 inserts=0 evictions=0 recycled=0 allocs=0 pin_skips=0 gated=0 ramp=2..50 bar=0 suppressed=0 wide_skips=0 served=0.0MB copied=0.0MB ssd_avoided=0.0GB live=0/0.0GB model=0 protected=0 declined=0 topup_suppressed=0 aged=0 into=0/0/0 pending=0
[mirror-split] internal=0 K3C=0 K3B=0 K3A=0  shares=0%/0%/0%/0%
[phases] mono=417793.342893 chunks=4 sequence=53.465s read_wait=0.170s bind_upload=1.646s attention_resident=3.957s expert_read_prefetch=2.507s expert_demand_read=0.960s expert_plan=0.317s expert_hint=0.000s expert_submit=0.000s expert_kernel=45.035s source_fence=0.000s tail_head_sync=0.058s layer_other=0.059s expert_read_gross=2.190s plan_hint=0.252s plan_sched=0.065s attn_total=4.442s attn_encode=0.967s attn_wait=3.432s attn_drain=0.042s kernel_total=9.267s kernel_host=0.612s kernel_wait=7.254s kernel_drain=1.400s
[attn-split] single: calls=186 total=0.186s encode=0.092s wait=0.052s drain=0.042s waits=322 untimed=58 | wide: calls=279 total=4.256s encode=0.876s wait=3.380s drain=0.000s waits=276 untimed=276 | hint: calls=460 total=0.309s encode=0.002s wait=0.307s drain=0.000s waits=492 untimed=492
[kernel-split] single: calls=353 total=0.893s encode=0.043s wait=0.057s drain=0.794s waits=367 untimed=162 | wide: calls=1212 total=8.373s encode=0.570s wait=7.197s drain=0.606s waits=1212 untimed=0
[kernel-sub] materialize=0.260s moe=8.007s precommit=0.743s rest=0.257s
[metal-cache] calls=7712 zero_copy_wraps=326 copies=0 cache_entries=144 bindless=true
 step
[stats] generated=4 elapsed=57.072s speed=0.0701 token/s (14.268 s/token) chunks=5 committed_rows=74 verify_tx=1 drafts=0/2 layer_passes=465 expert_rows=6808 expert_tiles=1322
[verify-width] w1=0 w2=1 w3=0 w4=0 w5=0 w6=0 w7=0 w8+=0              (w1 share 0.0% of 1 transactions)
[opens] expert file opens=32331 total=0.421s mean=0.013ms requested_bytes=1283574889664 (1283.6 GB)
[split-eta] chunks served hot=15381 dir_c=10024 dir_b=18608 primary=38348
[arrival] tiles=1058 waves=1307 uncovered_wait=36.358s dispatch=8.124s
[retain] enabled=false cap_gb=8 layers=63..=92 consults=0 wanted=0 hits=0 inserts=0 served=0.0MB
[summer] enabled=false cap_gb=8 sample=16 consults=0 wanted=0 hits=0 hit_rate=0.0% misses=0 inserts=0 evictions=0 recycled=0 allocs=0 pin_skips=0 gated=0 ramp=2..50 bar=0 suppressed=0 wide_skips=0 served=0.0MB copied=0.0MB ssd_avoided=0.0GB live=0/0.0GB model=0 protected=0 declined=0 topup_suppressed=0 aged=0 into=0/0/0 pending=0
[mirror-split] internal=0 K3C=0 K3B=0 K3A=0  shares=0%/0%/0%/0%
[phases] mono=417794.563576 chunks=5 sequence=54.685s read_wait=0.170s bind_upload=1.646s attention_resident=4.035s expert_read_prefetch=3.238s expert_demand_read=1.404s expert_plan=0.385s expert_hint=0.000s expert_submit=0.000s expert_kernel=45.428s source_fence=0.000s tail_head_sync=0.074s layer_other=0.060s expert_read_gross=2.853s plan_hint=0.318s plan_sched=0.066s attn_total=4.520s attn_encode=0.995s attn_wait=3.471s attn_drain=0.055s kernel_total=9.650s kernel_host=0.620s kernel_wait=7.259s kernel_drain=1.771s
[attn-split] single: calls=279 total=0.264s encode=0.119s wait=0.090s drain=0.055s waits=483 untimed=90 | wide: calls=279 total=4.256s encode=0.876s wait=3.380s drain=0.000s waits=276 untimed=276 | hint: calls=552 total=0.375s encode=0.002s wait=0.373s drain=0.000s waits=583 untimed=583
[kernel-split] single: calls=451 total=1.277s encode=0.051s wait=0.061s drain=1.165s waits=472 untimed=253 | wide: calls=1212 total=8.373s encode=0.570s wait=7.197s drain=0.606s waits=1212 untimed=0
[kernel-sub] materialize=0.260s moe=8.013s precommit=1.116s rest=0.261s
[metal-cache] calls=7810 zero_copy_wraps=326 copies=0 cache_entries=144 bindless=true
-by
[stats] generated=5 elapsed=58.283s speed=0.0858 token/s (11.657 s/token) chunks=6 committed_rows=75 verify_tx=1 drafts=0/2 layer_passes=558 expert_rows=6900 expert_tiles=1414
[verify-width] w1=0 w2=1 w3=0 w4=0 w5=0 w6=0 w7=0 w8+=0              (w1 share 0.0% of 1 transactions)
[opens] expert file opens=37474 total=0.476s mean=0.013ms requested_bytes=1317721930944 (1317.7 GB)
[split-eta] chunks served hot=16133 dir_c=10401 dir_b=19548 primary=40171
[arrival] tiles=1059 waves=1313 uncovered_wait=36.367s dispatch=8.131s
[retain] enabled=false cap_gb=8 layers=63..=92 consults=0 wanted=0 hits=0 inserts=0 served=0.0MB
[summer] enabled=false cap_gb=8 sample=16 consults=0 wanted=0 hits=0 hit_rate=0.0% misses=0 inserts=0 evictions=0 recycled=0 allocs=0 pin_skips=0 gated=0 ramp=2..50 bar=0 suppressed=0 wide_skips=0 served=0.0MB copied=0.0MB ssd_avoided=0.0GB live=0/0.0GB model=0 protected=0 declined=0 topup_suppressed=0 aged=0 into=0/0/0 pending=0
[mirror-split] internal=0 K3C=0 K3B=0 K3A=0  shares=0%/0%/0%/0%
[phases] mono=417795.774877 chunks=6 sequence=55.895s read_wait=0.170s bind_upload=1.646s attention_resident=4.116s expert_read_prefetch=3.945s expert_demand_read=1.809s expert_plan=0.460s expert_hint=0.000s expert_submit=0.000s expert_kernel=45.832s source_fence=0.000s tail_head_sync=0.091s layer_other=0.061s expert_read_gross=3.486s plan_hint=0.392s plan_sched=0.067s attn_total=4.601s attn_encode=1.021s attn_wait=3.506s attn_drain=0.074s kernel_total=10.045s kernel_host=0.629s kernel_wait=7.263s kernel_drain=2.153s
[attn-split] single: calls=372 total=0.344s encode=0.145s wait=0.126s drain=0.074s waits=644 untimed=127 | wide: calls=279 total=4.256s encode=0.876s wait=3.380s drain=0.000s waits=276 untimed=276 | hint: calls=644 total=0.449s encode=0.002s wait=0.447s drain=0.000s waits=674 untimed=674
[kernel-split] single: calls=548 total=1.672s encode=0.059s wait=0.065s drain=1.547s waits=575 untimed=336 | wide: calls=1212 total=8.373s encode=0.570s wait=7.197s drain=0.606s waits=1212 untimed=0
[kernel-sub] materialize=0.260s moe=8.021s precommit=1.499s rest=0.265s
[metal-cache] calls=7907 zero_copy_wraps=326 copies=0 cache_entries=144 bindless=true
-step calculation:


[stats] generated=8 elapsed=60.677s speed=0.1318 token/s (7.585 s/token) chunks=7 committed_rows=78 verify_tx=2 drafts=2/4 layer_passes=651 expert_rows=7176 expert_tiles=1506
[verify-width] w1=0 w2=2 w3=0 w4=0 w5=0 w6=0 w7=0 w8+=0              (w1 share 0.0% of 2 transactions)
[opens] expert file opens=46047 total=0.573s mean=0.012ms requested_bytes=1383032929472 (1383.0 GB)
[split-eta] chunks served hot=17316 dir_c=11107 dir_b=21254 primary=43492
[arrival] tiles=1083 waves=1359 uncovered_wait=36.518s dispatch=8.262s
[retain] enabled=false cap_gb=8 layers=63..=92 consults=0 wanted=0 hits=0 inserts=0 served=0.0MB
[summer] enabled=false cap_gb=8 sample=16 consults=0 wanted=0 hits=0 hit_rate=0.0% misses=0 inserts=0 evictions=0 recycled=0 allocs=0 pin_skips=0 gated=0 ramp=2..50 bar=0 suppressed=0 wide_skips=0 served=0.0MB copied=0.0MB ssd_avoided=0.0GB live=0/0.0GB model=0 protected=0 declined=0 topup_suppressed=0 aged=0 into=0/0/0 pending=0
[mirror-split] internal=0 K3C=0 K3B=0 K3A=0  shares=0%/0%/0%/0%
[phases] mono=417798.168576 chunks=7 sequence=58.239s read_wait=0.170s bind_upload=1.646s attention_resident=4.622s expert_read_prefetch=5.136s expert_demand_read=2.725s expert_plan=0.523s expert_hint=0.000s expert_submit=0.000s expert_kernel=46.462s source_fence=0.000s tail_head_sync=0.107s layer_other=0.064s expert_read_gross=4.613s plan_hint=0.453s plan_sched=0.069s attn_total=5.107s attn_encode=1.152s attn_wait=3.881s attn_drain=0.074s kernel_total=10.524s kernel_host=0.746s kernel_wait=7.573s kernel_drain=2.205s
[attn-split] single: calls=372 total=0.344s encode=0.145s wait=0.126s drain=0.074s waits=644 untimed=127 | wide: calls=372 total=4.762s encode=1.007s wait=3.756s drain=0.000s waits=368 untimed=368 | hint: calls=736 total=0.510s encode=0.003s wait=0.507s drain=0.000s waits=813 untimed=813
[kernel-split] single: calls=548 total=1.672s encode=0.059s wait=0.065s drain=1.547s waits=575 untimed=336 | wide: calls=1326 total=8.852s encode=0.686s wait=7.508s drain=0.658s waits=1326 untimed=0
[kernel-sub] materialize=0.320s moe=8.387s precommit=1.499s rest=0.318s
[metal-cache] calls=8249 zero_copy_wraps=326 copies=0 cache_entries=144 bindless=true
**
[stats] generated=9 elapsed=66.886s speed=0.1346 token/s (7.432 s/token) chunks=8 committed_rows=79 verify_tx=3 drafts=2/12 layer_passes=744 expert_rows=7268 expert_tiles=1598
[verify-width] w1=0 w2=2 w3=0 w4=0 w5=0 w6=0 w7=0 w8+=1              (w1 share 0.0% of 3 transactions)
[opens] expert file opens=58164 total=0.731s mean=0.013ms requested_bytes=1536589118656 (1536.6 GB)
[split-eta] chunks served hot=19894 dir_c=12627 dir_b=24426 primary=49876
[arrival] tiles=1169 waves=1534 uncovered_wait=38.863s dispatch=9.280s
[retain] enabled=false cap_gb=8 layers=63..=92 consults=0 wanted=0 hits=0 inserts=0 served=0.0MB
[summer] enabled=false cap_gb=8 sample=16 consults=0 wanted=0 hits=0 hit_rate=0.0% misses=0 inserts=0 evictions=0 recycled=0 allocs=0 pin_skips=0 gated=0 ramp=2..50 bar=0 suppressed=0 wide_skips=0 served=0.0MB copied=0.0MB ssd_avoided=0.0GB live=0/0.0GB model=0 protected=0 declined=0 topup_suppressed=0 aged=0 into=0/0/0 pending=0
[mirror-split] internal=0 K3C=0 K3B=0 K3A=0  shares=0%/0%/0%/0%
[phases] mono=417804.378326 chunks=8 sequence=59.468s read_wait=0.170s bind_upload=1.646s attention_resident=4.889s expert_read_prefetch=5.787s expert_demand_read=3.133s expert_plan=0.583s expert_hint=0.000s expert_submit=0.000s expert_kernel=46.754s source_fence=0.000s tail_head_sync=0.124s layer_other=0.065s expert_read_gross=5.204s plan_hint=0.513s plan_sched=0.070s attn_total=6.413s attn_encode=1.357s attn_wait=4.946s attn_drain=0.109s kernel_total=11.891s kernel_host=0.966s kernel_wait=8.378s kernel_drain=2.547s
[attn-split] single: calls=465 total=0.611s encode=0.214s wait=0.288s drain=0.109s waits=805 untimed=201 | wide: calls=465 total=5.802s encode=1.144s wait=4.659s drain=0.000s waits=460 untimed=460 | hint: calls=920 total=0.655s encode=0.004s wait=0.651s drain=0.000s waits=1085 untimed=1085
[kernel-split] single: calls=645 total=1.955s encode=0.071s wait=0.071s drain=1.813s waits=678 untimed=397 | wide: calls=1502 total=9.936s encode=0.895s wait=8.307s drain=0.734s waits=1502 untimed=0
[kernel-sub] materialize=0.447s moe=9.284s precommit=1.769s rest=0.391s
[metal-cache] calls=9930 zero_copy_wraps=513 copies=0 cache_entries=187 bindless=true
Step
[stats] generated=10 elapsed=70.573s speed=0.1417 token/s (7.057 s/token) chunks=9 committed_rows=80 verify_tx=4 drafts=2/14 layer_passes=837 expert_rows=7360 expert_tiles=1690
[verify-width] w1=0 w2=3 w3=0 w4=0 w5=0 w6=0 w7=0 w8+=1              (w1 share 0.0% of 4 transactions)
[opens] expert file opens=71953 total=0.879s mean=0.012ms requested_bytes=1638214220992 (1638.2 GB)
[split-eta] chunks served hot=21817 dir_c=13775 dir_b=27116 primary=55121
[arrival] tiles=1195 waves=1589 uncovered_wait=39.083s dispatch=9.420s
[retain] enabled=false cap_gb=8 layers=63..=92 consults=0 wanted=0 hits=0 inserts=0 served=0.0MB
[summer] enabled=false cap_gb=8 sample=16 consults=0 wanted=0 hits=0 hit_rate=0.0% misses=0 inserts=0 evictions=0 recycled=0 allocs=0 pin_skips=0 gated=0 ramp=2..50 bar=0 suppressed=0 wide_skips=0 served=0.0MB copied=0.0MB ssd_avoided=0.0GB live=0/0.0GB model=0 protected=0 declined=0 topup_suppressed=0 aged=0 into=0/0/0 pending=0
[mirror-split] internal=0 K3C=0 K3B=0 K3A=0  shares=0%/0%/0%/0%
[phases] mono=417808.065008 chunks=9 sequence=60.694s read_wait=0.170s bind_upload=1.646s attention_resident=5.017s expert_read_prefetch=6.440s expert_demand_read=3.548s expert_plan=0.650s expert_hint=0.000s expert_submit=0.000s expert_kernel=47.188s source_fence=0.000s tail_head_sync=0.133s layer_other=0.066s expert_read_gross=5.789s plan_hint=0.578s plan_sched=0.072s attn_total=7.017s attn_encode=1.571s attn_wait=5.310s attn_drain=0.136s kernel_total=12.767s kernel_host=1.084s kernel_wait=8.673s kernel_drain=3.010s
[attn-split] single: calls=558 total=0.739s encode=0.284s wait=0.319s drain=0.136s waits=966 untimed=232 | wide: calls=558 total=6.278s encode=1.287s wait=4.991s drain=0.000s waits=552 untimed=552 | hint: calls=1104 total=0.777s encode=0.005s wait=0.773s drain=0.000s waits=1326 untimed=1326
[kernel-split] single: calls=743 total=2.379s encode=0.082s wait=0.075s drain=2.222s waits=783 untimed=480 | wide: calls=1617 total=10.388s encode=1.003s wait=8.598s drain=0.788s waits=1617 untimed=0
[kernel-sub] materialize=0.503s moe=9.640s precommit=2.182s rest=0.443s
[metal-cache] calls=10373 zero_copy_wraps=513 copies=0 cache_entries=187 bindless=true
 
[stats] generated=11 elapsed=71.794s speed=0.1532 token/s (6.527 s/token) chunks=10 committed_rows=81 verify_tx=4 drafts=2/14 layer_passes=930 expert_rows=7452 expert_tiles=1782
[verify-width] w1=0 w2=3 w3=0 w4=0 w5=0 w6=0 w7=0 w8+=1              (w1 share 0.0% of 4 transactions)
[opens] expert file opens=77109 total=0.933s mean=0.012ms requested_bytes=1672370027712 (1672.4 GB)
[split-eta] chunks served hot=22558 dir_c=14173 dir_b=28061 primary=56930
[arrival] tiles=1196 waves=1596 uncovered_wait=39.094s dispatch=9.428s
[retain] enabled=false cap_gb=8 layers=63..=92 consults=0 wanted=0 hits=0 inserts=0 served=0.0MB
[summer] enabled=false cap_gb=8 sample=16 consults=0 wanted=0 hits=0 hit_rate=0.0% misses=0 inserts=0 evictions=0 recycled=0 allocs=0 pin_skips=0 gated=0 ramp=2..50 bar=0 suppressed=0 wide_skips=0 served=0.0MB copied=0.0MB ssd_avoided=0.0GB live=0/0.0GB model=0 protected=0 declined=0 topup_suppressed=0 aged=0 into=0/0/0 pending=0
[mirror-split] internal=0 K3C=0 K3B=0 K3A=0  shares=0%/0%/0%/0%
[phases] mono=417809.286236 chunks=10 sequence=61.914s read_wait=0.170s bind_upload=1.646s attention_resident=5.100s expert_read_prefetch=7.202s expert_demand_read=4.003s expert_plan=0.719s expert_hint=0.000s expert_submit=0.000s expert_kernel=47.545s source_fence=0.000s tail_head_sync=0.150s layer_other=0.068s expert_read_gross=6.483s plan_hint=0.646s plan_sched=0.073s attn_total=7.100s attn_encode=1.598s attn_wait=5.339s attn_drain=0.163s kernel_total=13.113s kernel_host=1.094s kernel_wait=8.677s kernel_drain=3.342s
[attn-split] single: calls=651 total=0.822s encode=0.311s wait=0.348s drain=0.163s waits=1127 untimed=256 | wide: calls=558 total=6.278s encode=1.287s wait=4.991s drain=0.000s waits=552 untimed=552 | hint: calls=1196 total=0.845s encode=0.005s wait=0.840s drain=0.000s waits=1417 untimed=1417
[kernel-split] single: calls=841 total=2.725s encode=0.091s wait=0.080s drain=2.554s waits=888 untimed=560 | wide: calls=1617 total=10.388s encode=1.003s wait=8.598s drain=0.788s waits=1617 untimed=0
[kernel-sub] materialize=0.503s moe=9.647s precommit=2.516s rest=0.447s
[metal-cache] calls=10471 zero_copy_wraps=513 copies=0 cache_entries=187 bindless=true
1
[stats] generated=12 elapsed=73.035s speed=0.1643 token/s (6.086 s/token) chunks=11 committed_rows=82 verify_tx=4 drafts=2/14 layer_passes=1023 expert_rows=7544 expert_tiles=1874
[verify-width] w1=0 w2=3 w3=0 w4=0 w5=0 w6=0 w7=0 w8+=1              (w1 share 0.0% of 4 transactions)
[opens] expert file opens=82366 total=0.991s mean=0.012ms requested_bytes=1707701533888 (1707.7 GB)
[split-eta] chunks served hot=23324 dir_c=14596 dir_b=29028 primary=58801
[arrival] tiles=1197 waves=1600 uncovered_wait=39.103s dispatch=9.435s
[retain] enabled=false cap_gb=8 layers=63..=92 consults=0 wanted=0 hits=0 inserts=0 served=0.0MB
[summer] enabled=false cap_gb=8 sample=16 consults=0 wanted=0 hits=0 hit_rate=0.0% misses=0 inserts=0 evictions=0 recycled=0 allocs=0 pin_skips=0 gated=0 ramp=2..50 bar=0 suppressed=0 wide_skips=0 served=0.0MB copied=0.0MB ssd_avoided=0.0GB live=0/0.0GB model=0 protected=0 declined=0 topup_suppressed=0 aged=0 into=0/0/0 pending=0
[mirror-split] internal=0 K3C=0 K3B=0 K3A=0  shares=0%/0%/0%/0%
[phases] mono=417810.526849 chunks=11 sequence=63.154s read_wait=0.170s bind_upload=1.646s attention_resident=5.185s expert_read_prefetch=7.964s expert_demand_read=4.474s expert_plan=0.789s expert_hint=0.000s expert_submit=0.000s expert_kernel=47.921s source_fence=0.000s tail_head_sync=0.166s layer_other=0.069s expert_read_gross=7.175s plan_hint=0.715s plan_sched=0.074s attn_total=7.185s attn_encode=1.622s attn_wait=5.387s attn_drain=0.176s kernel_total=13.479s kernel_host=1.103s kernel_wait=8.681s kernel_drain=3.695s
[attn-split] single: calls=744 total=0.906s encode=0.335s wait=0.395s drain=0.176s waits=1288 untimed=291 | wide: calls=558 total=6.278s encode=1.287s wait=4.991s drain=0.000s waits=552 untimed=552 | hint: calls=1288 total=0.914s encode=0.005s wait=0.909s drain=0.000s waits=1508 untimed=1508
[kernel-split] single: calls=936 total=3.091s encode=0.100s wait=0.084s drain=2.907s waits=987 untimed=644 | wide: calls=1617 total=10.388s encode=1.003s wait=8.598s drain=0.788s waits=1617 untimed=0
[kernel-sub] materialize=0.503s moe=9.655s precommit=2.871s rest=0.451s
[metal-cache] calls=10566 zero_copy_wraps=513 copies=0 cache_entries=187 bindless=true
:
[stats] generated=13 elapsed=74.226s speed=0.1751 token/s (5.710 s/token) chunks=12 committed_rows=83 verify_tx=4 drafts=2/14 layer_passes=1116 expert_rows=7636 expert_tiles=1966
[verify-width] w1=0 w2=3 w3=0 w4=0 w5=0 w6=0 w7=0 w8+=1              (w1 share 0.0% of 4 transactions)
[opens] expert file opens=87378 total=1.045s mean=0.012ms requested_bytes=1741199326400 (1741.2 GB)
[split-eta] chunks served hot=24044 dir_c=14988 dir_b=29955 primary=60580
[arrival] tiles=1198 waves=1606 uncovered_wait=39.111s dispatch=9.443s
[retain] enabled=false cap_gb=8 layers=63..=92 consults=0 wanted=0 hits=0 inserts=0 served=0.0MB
[summer] enabled=false cap_gb=8 sample=16 consults=0 wanted=0 hits=0 hit_rate=0.0% misses=0 inserts=0 evictions=0 recycled=0 allocs=0 pin_skips=0 gated=0 ramp=2..50 bar=0 suppressed=0 wide_skips=0 served=0.0MB copied=0.0MB ssd_avoided=0.0GB live=0/0.0GB model=0 protected=0 declined=0 topup_suppressed=0 aged=0 into=0/0/0 pending=0
[mirror-split] internal=0 K3C=0 K3B=0 K3A=0  shares=0%/0%/0%/0%
[phases] mono=417811.717825 chunks=12 sequence=64.344s read_wait=0.170s bind_upload=1.646s attention_resident=5.257s expert_read_prefetch=8.684s expert_demand_read=4.908s expert_plan=0.848s expert_hint=0.000s expert_submit=0.000s expert_kernel=48.302s source_fence=0.000s tail_head_sync=0.181s layer_other=0.070s expert_read_gross=7.836s plan_hint=0.773s plan_sched=0.075s attn_total=7.256s attn_encode=1.651s attn_wait=5.418s attn_drain=0.188s kernel_total=13.852s kernel_host=1.113s kernel_wait=8.685s kernel_drain=4.053s
[attn-split] single: calls=837 total=0.978s encode=0.364s wait=0.427s drain=0.188s waits=1449 untimed=321 | wide: calls=558 total=6.278s encode=1.287s wait=4.991s drain=0.000s waits=552 untimed=552 | hint: calls=1380 total=0.972s encode=0.005s wait=0.966s drain=0.000s waits=1599 untimed=1599
[kernel-split] single: calls=1033 total=3.464s encode=0.110s wait=0.088s drain=3.266s waits=1090 untimed=724 | wide: calls=1617 total=10.388s encode=1.003s wait=8.598s drain=0.788s waits=1617 untimed=0
[kernel-sub] materialize=0.503s moe=9.662s precommit=3.232s rest=0.455s
[metal-cache] calls=10663 zero_copy_wraps=513 copies=0 cache_entries=187 bindless=true
 Calculate
[stats] generated=14 elapsed=75.482s speed=0.1855 token/s (5.392 s/token) chunks=13 committed_rows=84 verify_tx=4 drafts=2/14 layer_passes=1209 expert_rows=7728 expert_tiles=2058
[verify-width] w1=0 w2=3 w3=0 w4=0 w5=0 w6=0 w7=0 w8+=1              (w1 share 0.0% of 4 transactions)
[opens] expert file opens=92542 total=1.102s mean=0.012ms requested_bytes=1775846505664 (1775.8 GB)
[split-eta] chunks served hot=24802 dir_c=15371 dir_b=30907 primary=62436
[arrival] tiles=1199 waves=1613 uncovered_wait=39.122s dispatch=9.452s
[retain] enabled=false cap_gb=8 layers=63..=92 consults=0 wanted=0 hits=0 inserts=0 served=0.0MB
[summer] enabled=false cap_gb=8 sample=16 consults=0 wanted=0 hits=0 hit_rate=0.0% misses=0 inserts=0 evictions=0 recycled=0 allocs=0 pin_skips=0 gated=0 ramp=2..50 bar=0 suppressed=0 wide_skips=0 served=0.0MB copied=0.0MB ssd_avoided=0.0GB live=0/0.0GB model=0 protected=0 declined=0 topup_suppressed=0 aged=0 into=0/0/0 pending=0
[mirror-split] internal=0 K3C=0 K3B=0 K3A=0  shares=0%/0%/0%/0%
[phases] mono=417812.973476 chunks=13 sequence=65.599s read_wait=0.170s bind_upload=1.646s attention_resident=5.361s expert_read_prefetch=9.377s expert_demand_read=5.335s expert_plan=0.910s expert_hint=0.000s expert_submit=0.000s expert_kernel=48.742s source_fence=0.000s tail_head_sync=0.198s layer_other=0.071s expert_read_gross=8.467s plan_hint=0.833s plan_sched=0.076s attn_total=7.360s attn_encode=1.703s attn_wait=5.453s attn_drain=0.204s kernel_total=14.281s kernel_host=1.123s kernel_wait=8.691s kernel_drain=4.467s
[attn-split] single: calls=930 total=1.082s encode=0.416s wait=0.461s drain=0.204s waits=1610 untimed=350 | wide: calls=558 total=6.278s encode=1.287s wait=4.991s drain=0.000s waits=552 untimed=552 | hint: calls=1472 total=1.032s encode=0.005s wait=1.027s drain=0.000s waits=1690 untimed=1690
[kernel-split] single: calls=1131 total=3.893s encode=0.120s wait=0.094s drain=3.679s waits=1195 untimed=805 | wide: calls=1617 total=10.388s encode=1.003s wait=8.598s drain=0.788s waits=1617 untimed=0
[kernel-sub] materialize=0.503s moe=9.671s precommit=3.647s rest=0.460s
[metal-cache] calls=10761 zero_copy_wraps=513 copies=0 cache_entries=187 bindless=true
[route-chain] chained=690
[route-chain] dedup_hits=690
 Gross
[stats] generated=15 elapsed=76.700s speed=0.1956 token/s (5.113 s/token) chunks=14 committed_rows=85 verify_tx=4 drafts=2/14 layer_passes=1302 expert_rows=7820 expert_tiles=2150
[verify-width] w1=0 w2=3 w3=0 w4=0 w5=0 w6=0 w7=0 w8+=1              (w1 share 0.0% of 4 transactions)
[opens] expert file opens=97738 total=1.155s mean=0.012ms requested_bytes=1810081250496 (1810.1 GB)
[split-eta] chunks served hot=25539 dir_c=15747 dir_b=31860 primary=64272
[arrival] tiles=1200 waves=1621 uncovered_wait=39.131s dispatch=9.459s
[retain] enabled=false cap_gb=8 layers=63..=92 consults=0 wanted=0 hits=0 inserts=0 served=0.0MB
[summer] enabled=false cap_gb=8 sample=16 consults=0 wanted=0 hits=0 hit_rate=0.0% misses=0 inserts=0 evictions=0 recycled=0 allocs=0 pin_skips=0 gated=0 ramp=2..50 bar=0 suppressed=0 wide_skips=0 served=0.0MB copied=0.0MB ssd_avoided=0.0GB live=0/0.0GB model=0 protected=0 declined=0 topup_suppressed=0 aged=0 into=0/0/0 pending=0
[mirror-split] internal=0 K3C=0 K3B=0 K3A=0  shares=0%/0%/0%/0%
[phases] mono=417814.191349 chunks=14 sequence=66.815s read_wait=0.170s bind_upload=1.646s attention_resident=5.431s expert_read_prefetch=10.090s expert_demand_read=5.759s expert_plan=0.980s expert_hint=0.000s expert_submit=0.000s expert_kernel=49.157s source_fence=0.000s tail_head_sync=0.213s layer_other=0.073s expert_read_gross=9.110s plan_hint=0.903s plan_sched=0.077s attn_total=7.431s attn_encode=1.726s attn_wait=5.487s attn_drain=0.217s kernel_total=14.687s kernel_host=1.132s kernel_wait=8.695s kernel_drain=4.861s
[attn-split] single: calls=1023 total=1.152s encode=0.440s wait=0.495s drain=0.217s waits=1771 untimed=379 | wide: calls=558 total=6.278s encode=1.287s wait=4.991s drain=0.000s waits=552 untimed=552 | hint: calls=1564 total=1.101s encode=0.006s wait=1.096s drain=0.000s waits=1781 untimed=1781
[kernel-split] single: calls=1230 total=4.299s encode=0.129s wait=0.098s drain=4.073s waits=1302 untimed=886 | wide: calls=1617 total=10.388s encode=1.003s wait=8.598s drain=0.788s waits=1617 untimed=0
[kernel-sub] materialize=0.503s moe=9.678s precommit=4.043s rest=0.464s
[metal-cache] calls=10860 zero_copy_wraps=513 copies=0 cache_entries=187 bindless=true
 Profit
[stats] generated=16 elapsed=77.957s speed=0.2052 token/s (4.872 s/token) chunks=15 committed_rows=86 verify_tx=4 drafts=2/14 layer_passes=1395 expert_rows=7912 expert_tiles=2242
[verify-width] w1=0 w2=3 w3=0 w4=0 w5=0 w6=0 w7=0 w8+=1              (w1 share 0.0% of 4 transactions)
[opens] expert file opens=103148 total=1.212s mean=0.012ms requested_bytes=1845351300288 (1845.4 GB)
[split-eta] chunks served hot=26289 dir_c=16136 dir_b=32842 primary=66171
[arrival] tiles=1201 waves=1629 uncovered_wait=39.140s dispatch=9.469s
[retain] enabled=false cap_gb=8 layers=63..=92 consults=0 wanted=0 hits=0 inserts=0 served=0.0MB
[summer] enabled=false cap_gb=8 sample=16 consults=0 wanted=0 hits=0 hit_rate=0.0% misses=0 inserts=0 evictions=0 recycled=0 allocs=0 pin_skips=0 gated=0 ramp=2..50 bar=0 suppressed=0 wide_skips=0 served=0.0MB copied=0.0MB ssd_avoided=0.0GB live=0/0.0GB model=0 protected=0 declined=0 topup_suppressed=0 aged=0 into=0/0/0 pending=0
[mirror-split] internal=0 K3C=0 K3B=0 K3A=0  shares=0%/0%/0%/0%
[phases] mono=417815.448864 chunks=15 sequence=68.071s read_wait=0.170s bind_upload=1.646s attention_resident=5.509s expert_read_prefetch=10.814s expert_demand_read=6.205s expert_plan=1.056s expert_hint=0.000s expert_submit=0.000s expert_kernel=49.596s source_fence=0.000s tail_head_sync=0.229s layer_other=0.074s expert_read_gross=9.757s plan_hint=0.978s plan_sched=0.078s attn_total=7.508s attn_encode=1.751s attn_wait=5.521s attn_drain=0.236s kernel_total=15.116s kernel_host=1.142s kernel_wait=8.701s kernel_drain=5.273s
[attn-split] single: calls=1116 total=1.229s encode=0.464s wait=0.529s drain=0.236s waits=1932 untimed=405 | wide: calls=558 total=6.278s encode=1.287s wait=4.991s drain=0.000s waits=552 untimed=552 | hint: calls=1656 total=1.176s encode=0.006s wait=1.171s drain=0.000s waits=1872 untimed=1872
[kernel-split] single: calls=1329 total=4.728s encode=0.139s wait=0.104s drain=4.485s waits=1409 untimed=969 | wide: calls=1617 total=10.388s encode=1.003s wait=8.598s drain=0.788s waits=1617 untimed=0
[kernel-sub] materialize=0.503s moe=9.688s precommit=4.458s rest=0.468s
[metal-cache] calls=10959 zero_copy_wraps=513 copies=0 cache_entries=187 bindless=true
**

[stats] generated=17 elapsed=79.188s speed=0.2147 token/s (4.658 s/token) chunks=16 committed_rows=87 verify_tx=4 drafts=2/14 layer_passes=1488 expert_rows=8004 expert_tiles=2334
[verify-width] w1=0 w2=3 w3=0 w4=0 w5=0 w6=0 w7=0 w8+=1              (w1 share 0.0% of 4 transactions)
[opens] expert file opens=108336 total=1.264s mean=0.012ms requested_bytes=1879428168896 (1879.4 GB)
[split-eta] chunks served hot=27015 dir_c=16520 dir_b=33790 primary=67997
[arrival] tiles=1202 waves=1637 uncovered_wait=39.148s dispatch=9.478s
[retain] enabled=false cap_gb=8 layers=63..=92 consults=0 wanted=0 hits=0 inserts=0 served=0.0MB
[summer] enabled=false cap_gb=8 sample=16 consults=0 wanted=0 hits=0 hit_rate=0.0% misses=0 inserts=0 evictions=0 recycled=0 allocs=0 pin_skips=0 gated=0 ramp=2..50 bar=0 suppressed=0 wide_skips=0 served=0.0MB copied=0.0MB ssd_avoided=0.0GB live=0/0.0GB model=0 protected=0 declined=0 topup_suppressed=0 aged=0 into=0/0/0 pending=0
[mirror-split] internal=0 K3C=0 K3B=0 K3A=0  shares=0%/0%/0%/0%
[phases] mono=417816.680314 chunks=16 sequence=69.301s read_wait=0.170s bind_upload=1.646s attention_resident=5.581s expert_read_prefetch=11.547s expert_demand_read=6.653s expert_plan=1.132s expert_hint=0.000s expert_submit=0.000s expert_kernel=50.003s source_fence=0.000s tail_head_sync=0.245s layer_other=0.075s expert_read_gross=10.415s plan_hint=1.053s plan_sched=0.079s attn_total=7.580s attn_encode=1.778s attn_wait=5.555s attn_drain=0.248s kernel_total=15.515s kernel_host=1.151s kernel_wait=8.707s kernel_drain=5.656s
[attn-split] single: calls=1209 total=1.302s encode=0.491s wait=0.563s drain=0.248s waits=2093 untimed=435 | wide: calls=558 total=6.278s encode=1.287s wait=4.991s drain=0.000s waits=552 untimed=552 | hint: calls=1748 total=1.251s encode=0.006s wait=1.245s drain=0.000s waits=1963 untimed=1963
[kernel-split] single: calls=1428 total=5.126s encode=0.149s wait=0.110s drain=4.868s waits=1516 untimed=1055 | wide: calls=1617 total=10.388s encode=1.003s wait=8.598s drain=0.788s waits=1617 untimed=0
[kernel-sub] materialize=0.503s moe=9.697s precommit=4.843s rest=0.472s
[metal-cache] calls=11058 zero_copy_wraps=513 copies=0 cache_entries=187 bindless=true
G
[stats] generated=18 elapsed=80.430s speed=0.2238 token/s (4.468 s/token) chunks=17 committed_rows=88 verify_tx=4 drafts=2/14 layer_passes=1581 expert_rows=8096 expert_tiles=2426
[verify-width] w1=0 w2=3 w3=0 w4=0 w5=0 w6=0 w7=0 w8+=1              (w1 share 0.0% of 4 transactions)
[opens] expert file opens=113418 total=1.318s mean=0.012ms requested_bytes=1913812090048 (1913.8 GB)
[split-eta] chunks served hot=27778 dir_c=16903 dir_b=34730 primary=69830
[arrival] tiles=1203 waves=1644 uncovered_wait=39.158s dispatch=9.485s
[retain] enabled=false cap_gb=8 layers=63..=92 consults=0 wanted=0 hits=0 inserts=0 served=0.0MB
[summer] enabled=false cap_gb=8 sample=16 consults=0 wanted=0 hits=0 hit_rate=0.0% misses=0 inserts=0 evictions=0 recycled=0 allocs=0 pin_skips=0 gated=0 ramp=2..50 bar=0 suppressed=0 wide_skips=0 served=0.0MB copied=0.0MB ssd_avoided=0.0GB live=0/0.0GB model=0 protected=0 declined=0 topup_suppressed=0 aged=0 into=0/0/0 pending=0
[mirror-split] internal=0 K3C=0 K3B=0 K3A=0  shares=0%/0%/0%/0%
[phases] mono=417817.921346 chunks=17 sequence=70.542s read_wait=0.170s bind_upload=1.646s attention_resident=5.679s expert_read_prefetch=12.248s expert_demand_read=7.093s expert_plan=1.201s expert_hint=0.000s expert_submit=0.000s expert_kernel=50.420s source_fence=0.000s tail_head_sync=0.268s layer_other=0.076s expert_read_gross=11.047s plan_hint=1.120s plan_sched=0.080s attn_total=7.678s attn_encode=1.827s attn_wait=5.590s attn_drain=0.261s kernel_total=15.922s kernel_host=1.160s kernel_wait=8.711s kernel_drain=6.051s
[attn-split] single: calls=1302 total=1.399s encode=0.540s wait=0.599s drain=0.261s waits=2254 untimed=464 | wide: calls=558 total=6.278s encode=1.287s wait=4.991s drain=0.000s waits=552 untimed=552 | hint: calls=1840 total=1.319s encode=0.006s wait=1.312s drain=0.000s waits=2054 untimed=2054
[kernel-split] single: calls=1526 total=5.534s encode=0.158s wait=0.113s drain=5.263s waits=1621 untimed=1136 | wide: calls=1617 total=10.388s encode=1.003s wait=8.598s drain=0.788s waits=1617 untimed=0
[kernel-sub] materialize=0.503s moe=9.704s precommit=5.240s rest=0.476s
[metal-cache] calls=11156 zero_copy_wraps=513 copies=0 cache_entries=187 bindless=true
ross
[stats] generated=19 elapsed=81.641s speed=0.2327 token/s (4.297 s/token) chunks=18 committed_rows=89 verify_tx=4 drafts=2/14 layer_passes=1674 expert_rows=8188 expert_tiles=2518
[verify-width] w1=0 w2=3 w3=0 w4=0 w5=0 w6=0 w7=0 w8+=1              (w1 share 0.0% of 4 transactions)
[opens] expert file opens=118473 total=1.372s mean=0.012ms requested_bytes=1948125854912 (1948.1 GB)
[split-eta] chunks served hot=28528 dir_c=17311 dir_b=35670 primary=71643
[arrival] tiles=1204 waves=1649 uncovered_wait=39.167s dispatch=9.491s
[retain] enabled=false cap_gb=8 layers=63..=92 consults=0 wanted=0 hits=0 inserts=0 served=0.0MB
[summer] enabled=false cap_gb=8 sample=16 consults=0 wanted=0 hits=0 hit_rate=0.0% misses=0 inserts=0 evictions=0 recycled=0 allocs=0 pin_skips=0 gated=0 ramp=2..50 bar=0 suppressed=0 wide_skips=0 served=0.0MB copied=0.0MB ssd_avoided=0.0GB live=0/0.0GB model=0 protected=0 declined=0 topup_suppressed=0 aged=0 into=0/0/0 pending=0
[mirror-split] internal=0 K3C=0 K3B=0 K3A=0  shares=0%/0%/0%/0%
[phases] mono=417819.132677 chunks=18 sequence=71.752s read_wait=0.170s bind_upload=1.646s attention_resident=5.755s expert_read_prefetch=12.990s expert_demand_read=7.563s expert_plan=1.272s expert_hint=0.000s expert_submit=0.000s expert_kernel=50.802s source_fence=0.000s tail_head_sync=0.277s layer_other=0.077s expert_read_gross=11.718s plan_hint=1.190s plan_sched=0.082s attn_total=7.753s attn_encode=1.852s attn_wait=5.616s attn_drain=0.286s kernel_total=16.295s kernel_host=1.169s kernel_wait=8.715s kernel_drain=6.411s
[attn-split] single: calls=1395 total=1.475s encode=0.565s wait=0.624s drain=0.286s waits=2415 untimed=488 | wide: calls=558 total=6.278s encode=1.287s wait=4.991s drain=0.000s waits=552 untimed=552 | hint: calls=1932 total=1.389s encode=0.006s wait=1.382s drain=0.000s waits=2145 untimed=2145
[kernel-split] single: calls=1622 total=5.907s encode=0.166s wait=0.117s drain=5.623s waits=1722 untimed=1215 | wide: calls=1617 total=10.388s encode=1.003s wait=8.598s drain=0.788s waits=1617 untimed=0
[kernel-sub] materialize=0.503s moe=9.710s precommit=5.602s rest=0.480s
[metal-cache] calls=11252 zero_copy_wraps=513 copies=0 cache_entries=187 bindless=true
 Profit
[stats] generated=20 elapsed=82.884s speed=0.2413 token/s (4.144 s/token) chunks=19 committed_rows=90 verify_tx=4 drafts=2/14 layer_passes=1767 expert_rows=8280 expert_tiles=2610
[verify-width] w1=0 w2=3 w3=0 w4=0 w5=0 w6=0 w7=0 w8+=1              (w1 share 0.0% of 4 transactions)
[opens] expert file opens=123760 total=1.426s mean=0.012ms requested_bytes=1982869503168 (1982.9 GB)
[split-eta] chunks served hot=29254 dir_c=17714 dir_b=36635 primary=73509
[arrival] tiles=1205 waves=1654 uncovered_wait=39.175s dispatch=9.499s
[retain] enabled=false cap_gb=8 layers=63..=92 consults=0 wanted=0 hits=0 inserts=0 served=0.0MB
[summer] enabled=false cap_gb=8 sample=16 consults=0 wanted=0 hits=0 hit_rate=0.0% misses=0 inserts=0 evictions=0 recycled=0 allocs=0 pin_skips=0 gated=0 ramp=2..50 bar=0 suppressed=0 wide_skips=0 served=0.0MB copied=0.0MB ssd_avoided=0.0GB live=0/0.0GB model=0 protected=0 declined=0 topup_suppressed=0 aged=0 into=0/0/0 pending=0
[mirror-split] internal=0 K3C=0 K3B=0 K3A=0  shares=0%/0%/0%/0%
[phases] mono=417820.375764 chunks=19 sequence=72.994s read_wait=0.170s bind_upload=1.646s attention_resident=5.834s expert_read_prefetch=13.732s expert_demand_read=8.010s expert_plan=1.342s expert_hint=0.000s expert_submit=0.000s expert_kernel=51.204s source_fence=0.000s tail_head_sync=0.294s layer_other=0.079s expert_read_gross=12.390s plan_hint=1.259s plan_sched=0.083s attn_total=7.833s attn_encode=1.877s attn_wait=5.652s attn_drain=0.304s kernel_total=16.688s kernel_host=1.177s kernel_wait=8.720s kernel_drain=6.791s
[attn-split] single: calls=1488 total=1.555s encode=0.590s wait=0.660s drain=0.304s waits=2576 untimed=521 | wide: calls=558 total=6.278s encode=1.287s wait=4.991s drain=0.000s waits=552 untimed=552 | hint: calls=2024 total=1.457s encode=0.007s wait=1.450s drain=0.000s waits=2236 untimed=2236
[kernel-split] single: calls=1718 total=6.300s encode=0.174s wait=0.123s drain=6.003s waits=1823 untimed=1298 | wide: calls=1617 total=10.388s encode=1.003s wait=8.598s drain=0.788s waits=1617 untimed=0
[kernel-sub] materialize=0.503s moe=9.717s precommit=5.984s rest=0.484s
[metal-cache] calls=11348 zero_copy_wraps=513 copies=0 cache_entries=187 bindless=true
 =
[stats] generated=21 elapsed=84.106s speed=0.2497 token/s (4.005 s/token) chunks=20 committed_rows=91 verify_tx=4 drafts=2/14 layer_passes=1860 expert_rows=8372 expert_tiles=2702
[verify-width] w1=0 w2=3 w3=0 w4=0 w5=0 w6=0 w7=0 w8+=1              (w1 share 0.0% of 4 transactions)
[opens] expert file opens=128966 total=1.483s mean=0.012ms requested_bytes=2017279769792 (2017.3 GB)
[split-eta] chunks served hot=30005 dir_c=18108 dir_b=37582 primary=75339
[arrival] tiles=1206 waves=1662 uncovered_wait=39.185s dispatch=9.507s
[retain] enabled=false cap_gb=8 layers=63..=92 consults=0 wanted=0 hits=0 inserts=0 served=0.0MB
[summer] enabled=false cap_gb=8 sample=16 consults=0 wanted=0 hits=0 hit_rate=0.0% misses=0 inserts=0 evictions=0 recycled=0 allocs=0 pin_skips=0 gated=0 ramp=2..50 bar=0 suppressed=0 wide_skips=0 served=0.0MB copied=0.0MB ssd_avoided=0.0GB live=0/0.0GB model=0 protected=0 declined=0 topup_suppressed=0 aged=0 into=0/0/0 pending=0
[mirror-split] internal=0 K3C=0 K3B=0 K3A=0  shares=0%/0%/0%/0%
[phases] mono=417821.598192 chunks=20 sequence=74.216s read_wait=0.170s bind_upload=1.646s attention_resident=5.911s expert_read_prefetch=14.451s expert_demand_read=8.457s expert_plan=1.409s expert_hint=0.000s expert_submit=0.000s expert_kernel=51.613s source_fence=0.000s tail_head_sync=0.310s layer_other=0.080s expert_read_gross=13.042s plan_hint=1.324s plan_sched=0.084s attn_total=7.909s attn_encode=1.903s attn_wait=5.682s attn_drain=0.323s kernel_total=17.088s kernel_host=1.187s kernel_wait=8.725s kernel_drain=7.176s
[attn-split] single: calls=1581 total=1.631s encode=0.616s wait=0.691s drain=0.323s waits=2737 untimed=555 | wide: calls=558 total=6.278s encode=1.287s wait=4.991s drain=0.000s waits=552 untimed=552 | hint: calls=2116 total=1.523s encode=0.007s wait=1.516s drain=0.000s waits=2327 untimed=2327
[kernel-split] single: calls=1817 total=6.700s encode=0.184s wait=0.128s drain=6.388s waits=1930 untimed=1383 | wide: calls=1617 total=10.388s encode=1.003s wait=8.598s drain=0.788s waits=1617 untimed=0
[kernel-sub] materialize=0.503s moe=9.725s precommit=6.372s rest=0.488s
[metal-cache] calls=11447 zero_copy_wraps=513 copies=0 cache_entries=187 bindless=true
 Revenue
[stats] generated=22 elapsed=85.362s speed=0.2577 token/s (3.880 s/token) chunks=21 committed_rows=92 verify_tx=4 drafts=2/14 layer_passes=1953 expert_rows=8464 expert_tiles=2794
[verify-width] w1=0 w2=3 w3=0 w4=0 w5=0 w6=0 w7=0 w8+=1              (w1 share 0.0% of 4 transactions)
[opens] expert file opens=134054 total=1.539s mean=0.011ms requested_bytes=2051786489024 (2051.8 GB)
[split-eta] chunks served hot=30747 dir_c=18497 dir_b=38526 primary=77197
[arrival] tiles=1207 waves=1666 uncovered_wait=39.194s dispatch=9.514s
[retain] enabled=false cap_gb=8 layers=63..=92 consults=0 wanted=0 hits=0 inserts=0 served=0.0MB
[summer] enabled=false cap_gb=8 sample=16 consults=0 wanted=0 hits=0 hit_rate=0.0% misses=0 inserts=0 evictions=0 recycled=0 allocs=0 pin_skips=0 gated=0 ramp=2..50 bar=0 suppressed=0 wide_skips=0 served=0.0MB copied=0.0MB ssd_avoided=0.0GB live=0/0.0GB model=0 protected=0 declined=0 topup_suppressed=0 aged=0 into=0/0/0 pending=0
[mirror-split] internal=0 K3C=0 K3B=0 K3A=0  shares=0%/0%/0%/0%
[phases] mono=417822.853851 chunks=21 sequence=75.470s read_wait=0.170s bind_upload=1.646s attention_resident=6.015s expert_read_prefetch=15.147s expert_demand_read=8.895s expert_plan=1.486s expert_hint=0.000s expert_submit=0.000s expert_kernel=52.050s source_fence=0.000s tail_head_sync=0.326s layer_other=0.081s expert_read_gross=13.661s plan_hint=1.400s plan_sched=0.085s attn_total=8.013s attn_encode=1.954s attn_wait=5.711s attn_drain=0.349s kernel_total=17.515s kernel_host=1.196s kernel_wait=8.730s kernel_drain=7.589s
[attn-split] single: calls=1674 total=1.735s encode=0.667s wait=0.719s drain=0.349s waits=2898 untimed=584 | wide: calls=558 total=6.278s encode=1.287s wait=4.991s drain=0.000s waits=552 untimed=552 | hint: calls=2208 total=1.598s encode=0.007s wait=1.591s drain=0.000s waits=2418 untimed=2418
[kernel-split] single: calls=1912 total=7.127s encode=0.194s wait=0.132s drain=6.801s waits=2029 untimed=1466 | wide: calls=1617 total=10.388s encode=1.003s wait=8.598s drain=0.788s waits=1617 untimed=0
[kernel-sub] materialize=0.503s moe=9.732s precommit=6.787s rest=0.493s
[metal-cache] calls=11542 zero_copy_wraps=513 copies=0 cache_entries=187 bindless=true
 −
[stats] generated=23 elapsed=86.630s speed=0.2655 token/s (3.767 s/token) chunks=22 committed_rows=93 verify_tx=4 drafts=2/14 layer_passes=2046 expert_rows=8556 expert_tiles=2886
[verify-width] w1=0 w2=3 w3=0 w4=0 w5=0 w6=0 w7=0 w8+=1              (w1 share 0.0% of 4 transactions)
[opens] expert file opens=139417 total=1.595s mean=0.011ms requested_bytes=2086951304384 (2087.0 GB)
[split-eta] chunks served hot=31490 dir_c=18878 dir_b=39505 primary=79102
[arrival] tiles=1208 waves=1672 uncovered_wait=39.207s dispatch=9.520s
[retain] enabled=false cap_gb=8 layers=63..=92 consults=0 wanted=0 hits=0 inserts=0 served=0.0MB
[summer] enabled=false cap_gb=8 sample=16 consults=0 wanted=0 hits=0 hit_rate=0.0% misses=0 inserts=0 evictions=0 recycled=0 allocs=0 pin_skips=0 gated=0 ramp=2..50 bar=0 suppressed=0 wide_skips=0 served=0.0MB copied=0.0MB ssd_avoided=0.0GB live=0/0.0GB model=0 protected=0 declined=0 topup_suppressed=0 aged=0 into=0/0/0 pending=0
[mirror-split] internal=0 K3C=0 K3B=0 K3A=0  shares=0%/0%/0%/0%
[phases] mono=417824.121923 chunks=22 sequence=76.737s read_wait=0.170s bind_upload=1.646s attention_resident=6.093s expert_read_prefetch=15.899s expert_demand_read=9.378s expert_plan=1.552s expert_hint=0.000s expert_submit=0.000s expert_kernel=52.469s source_fence=0.000s tail_head_sync=0.342s layer_other=0.082s expert_read_gross=14.347s plan_hint=1.465s plan_sched=0.086s attn_total=8.091s attn_encode=1.979s attn_wait=5.745s attn_drain=0.367s kernel_total=17.921s kernel_host=1.205s kernel_wait=8.734s kernel_drain=7.982s
[attn-split] single: calls=1767 total=1.812s encode=0.692s wait=0.753s drain=0.367s waits=3059 untimed=616 | wide: calls=558 total=6.278s encode=1.287s wait=4.991s drain=0.000s waits=552 untimed=552 | hint: calls=2300 total=1.663s encode=0.007s wait=1.656s drain=0.000s waits=2509 untimed=2509
[kernel-split] single: calls=2009 total=7.533s encode=0.202s wait=0.136s drain=7.194s waits=2132 untimed=1544 | wide: calls=1617 total=10.388s encode=1.003s wait=8.598s drain=0.788s waits=1617 untimed=0
[kernel-sub] materialize=0.503s moe=9.738s precommit=7.183s rest=0.497s
[metal-cache] calls=11639 zero_copy_wraps=513 copies=0 cache_entries=187 bindless=true
 Cost
[stats] generated=24 elapsed=87.893s speed=0.2731 token/s (3.662 s/token) chunks=23 committed_rows=94 verify_tx=4 drafts=2/14 layer_passes=2139 expert_rows=8648 expert_tiles=2978
[verify-width] w1=0 w2=3 w3=0 w4=0 w5=0 w6=0 w7=0 w8+=1              (w1 share 0.0% of 4 transactions)
[opens] expert file opens=144635 total=1.651s mean=0.011ms requested_bytes=2121703701696 (2121.7 GB)
[split-eta] chunks served hot=32234 dir_c=19268 dir_b=40466 primary=80968
[arrival] tiles=1209 waves=1677 uncovered_wait=39.216s dispatch=9.528s
[retain] enabled=false cap_gb=8 layers=63..=92 consults=0 wanted=0 hits=0 inserts=0 served=0.0MB
[summer] enabled=false cap_gb=8 sample=16 consults=0 wanted=0 hits=0 hit_rate=0.0% misses=0 inserts=0 evictions=0 recycled=0 allocs=0 pin_skips=0 gated=0 ramp=2..50 bar=0 suppressed=0 wide_skips=0 served=0.0MB copied=0.0MB ssd_avoided=0.0GB live=0/0.0GB model=0 protected=0 declined=0 topup_suppressed=0 aged=0 into=0/0/0 pending=0
[mirror-split] internal=0 K3C=0 K3B=0 K3A=0  shares=0%/0%/0%/0%
[phases] mono=417825.385166 chunks=23 sequence=77.999s read_wait=0.170s bind_upload=1.646s attention_resident=6.177s expert_read_prefetch=16.622s expert_demand_read=9.812s expert_plan=1.631s expert_hint=0.000s expert_submit=0.000s expert_kernel=52.906s source_fence=0.000s tail_head_sync=0.359s layer_other=0.084s expert_read_gross=14.992s plan_hint=1.543s plan_sched=0.087s attn_total=8.175s attn_encode=2.007s attn_wait=5.775s attn_drain=0.393s kernel_total=18.349s kernel_host=1.214s kernel_wait=8.739s kernel_drain=8.396s
[attn-split] single: calls=1860 total=1.896s encode=0.720s wait=0.783s drain=0.393s waits=3220 untimed=642 | wide: calls=558 total=6.278s encode=1.287s wait=4.991s drain=0.000s waits=552 untimed=552 | hint: calls=2392 total=1.741s encode=0.007s wait=1.734s drain=0.000s waits=2600 untimed=2600
[kernel-split] single: calls=2105 total=7.961s encode=0.212s wait=0.141s drain=7.608s waits=2233 untimed=1629 | wide: calls=1617 total=10.388s encode=1.003s wait=8.598s drain=0.788s waits=1617 untimed=0
[kernel-sub] materialize=0.503s moe=9.746s precommit=7.599s rest=0.501s
[metal-cache] calls=11735 zero_copy_wraps=513 copies=0 cache_entries=187 bindless=true
[route-chain] chained=1380
[route-chain] dedup_hits=1380
 of
[stats] generated=25 elapsed=89.140s speed=0.2805 token/s (3.566 s/token) chunks=24 committed_rows=95 verify_tx=4 drafts=2/14 layer_passes=2232 expert_rows=8740 expert_tiles=3070
[verify-width] w1=0 w2=3 w3=0 w4=0 w5=0 w6=0 w7=0 w8+=1              (w1 share 0.0% of 4 transactions)
[opens] expert file opens=149962 total=1.708s mean=0.011ms requested_bytes=2156921175232 (2156.9 GB)
[split-eta] chunks served hot=33018 dir_c=19652 dir_b=41441 primary=82839
[arrival] tiles=1210 waves=1683 uncovered_wait=39.224s dispatch=9.534s
[retain] enabled=false cap_gb=8 layers=63..=92 consults=0 wanted=0 hits=0 inserts=0 served=0.0MB
[summer] enabled=false cap_gb=8 sample=16 consults=0 wanted=0 hits=0 hit_rate=0.0% misses=0 inserts=0 evictions=0 recycled=0 allocs=0 pin_skips=0 gated=0 ramp=2..50 bar=0 suppressed=0 wide_skips=0 served=0.0MB copied=0.0MB ssd_avoided=0.0GB live=0/0.0GB model=0 protected=0 declined=0 topup_suppressed=0 aged=0 into=0/0/0 pending=0
[mirror-split] internal=0 K3C=0 K3B=0 K3A=0  shares=0%/0%/0%/0%
[phases] mono=417826.632242 chunks=24 sequence=79.245s read_wait=0.170s bind_upload=1.646s attention_resident=6.249s expert_read_prefetch=17.406s expert_demand_read=10.262s expert_plan=1.705s expert_hint=0.000s expert_submit=0.000s expert_kernel=53.278s source_fence=0.000s tail_head_sync=0.374s layer_other=0.085s expert_read_gross=15.701s plan_hint=1.616s plan_sched=0.088s attn_total=8.247s attn_encode=2.033s attn_wait=5.803s attn_drain=0.411s kernel_total=18.713s kernel_host=1.223s kernel_wait=8.742s kernel_drain=8.748s
[attn-split] single: calls=1953 total=1.969s encode=0.746s wait=0.811s drain=0.411s waits=3381 untimed=671 | wide: calls=558 total=6.278s encode=1.287s wait=4.991s drain=0.000s waits=552 untimed=552 | hint: calls=2484 total=1.814s encode=0.008s wait=1.806s drain=0.000s waits=2691 untimed=2691
[kernel-split] single: calls=2202 total=8.325s encode=0.221s wait=0.144s drain=7.960s waits=2336 untimed=1713 | wide: calls=1617 total=10.388s encode=1.003s wait=8.598s drain=0.788s waits=1617 untimed=0
[kernel-sub] materialize=0.503s moe=9.752s precommit=7.953s rest=0.505s
[metal-cache] calls=11832 zero_copy_wraps=513 copies=0 cache_entries=187 bindless=true
 Sales
[stats] generated=26 elapsed=90.429s speed=0.2875 token/s (3.478 s/token) chunks=25 committed_rows=96 verify_tx=4 drafts=2/14 layer_passes=2325 expert_rows=8832 expert_tiles=3162
[verify-width] w1=0 w2=3 w3=0 w4=0 w5=0 w6=0 w7=0 w8+=1              (w1 share 0.0% of 4 transactions)
[opens] expert file opens=155296 total=1.766s mean=0.011ms requested_bytes=2193331797184 (2193.3 GB)
[split-eta] chunks served hot=33804 dir_c=20091 dir_b=42435 primary=84770
[arrival] tiles=1211 waves=1688 uncovered_wait=39.233s dispatch=9.541s
[retain] enabled=false cap_gb=8 layers=63..=92 consults=0 wanted=0 hits=0 inserts=0 served=0.0MB
[summer] enabled=false cap_gb=8 sample=16 consults=0 wanted=0 hits=0 hit_rate=0.0% misses=0 inserts=0 evictions=0 recycled=0 allocs=0 pin_skips=0 gated=0 ramp=2..50 bar=0 suppressed=0 wide_skips=0 served=0.0MB copied=0.0MB ssd_avoided=0.0GB live=0/0.0GB model=0 protected=0 declined=0 topup_suppressed=0 aged=0 into=0/0/0 pending=0
[mirror-split] internal=0 K3C=0 K3B=0 K3A=0  shares=0%/0%/0%/0%
[phases] mono=417827.921157 chunks=25 sequence=80.533s read_wait=0.170s bind_upload=1.646s attention_resident=6.346s expert_read_prefetch=18.145s expert_demand_read=10.745s expert_plan=1.777s expert_hint=0.000s expert_submit=0.000s expert_kernel=53.713s source_fence=0.000s tail_head_sync=0.391s layer_other=0.086s expert_read_gross=16.368s plan_hint=1.687s plan_sched=0.090s attn_total=8.343s attn_encode=2.077s attn_wait=5.837s attn_drain=0.430s kernel_total=19.139s kernel_host=1.233s kernel_wait=8.747s kernel_drain=9.159s
[attn-split] single: calls=2046 total=2.065s encode=0.790s wait=0.845s drain=0.430s waits=3542 untimed=703 | wide: calls=558 total=6.278s encode=1.287s wait=4.991s drain=0.000s waits=552 untimed=552 | hint: calls=2576 total=1.885s encode=0.008s wait=1.877s drain=0.000s waits=2782 untimed=2782
[kernel-split] single: calls=2298 total=8.750s encode=0.230s wait=0.149s drain=8.371s waits=2437 untimed=1792 | wide: calls=1617 total=10.388s encode=1.003s wait=8.598s drain=0.788s waits=1617 untimed=0
[kernel-sub] materialize=0.503s moe=9.759s precommit=8.367s rest=0.510s
[metal-cache] calls=11928 zero_copy_wraps=513 copies=0 cache_entries=187 bindless=true
  

[stats] generated=27 elapsed=91.683s speed=0.2945 token/s (3.396 s/token) chunks=26 committed_rows=97 verify_tx=4 drafts=2/14 layer_passes=2418 expert_rows=8924 expert_tiles=3254
[verify-width] w1=0 w2=3 w3=0 w4=0 w5=0 w6=0 w7=0 w8+=1              (w1 share 0.0% of 4 transactions)
[opens] expert file opens=160594 total=1.822s mean=0.011ms requested_bytes=2228391328960 (2228.4 GB)
[split-eta] chunks served hot=34573 dir_c=20466 dir_b=43408 primary=86649
[arrival] tiles=1212 waves=1696 uncovered_wait=39.244s dispatch=9.550s
[retain] enabled=false cap_gb=8 layers=63..=92 consults=0 wanted=0 hits=0 inserts=0 served=0.0MB
[summer] enabled=false cap_gb=8 sample=16 consults=0 wanted=0 hits=0 hit_rate=0.0% misses=0 inserts=0 evictions=0 recycled=0 allocs=0 pin_skips=0 gated=0 ramp=2..50 bar=0 suppressed=0 wide_skips=0 served=0.0MB copied=0.0MB ssd_avoided=0.0GB live=0/0.0GB model=0 protected=0 declined=0 topup_suppressed=0 aged=0 into=0/0/0 pending=0
[mirror-split] internal=0 K3C=0 K3B=0 K3A=0  shares=0%/0%/0%/0%
[phases] mono=417829.174907 chunks=26 sequence=81.785s read_wait=0.170s bind_upload=1.646s attention_resident=6.426s expert_read_prefetch=18.908s expert_demand_read=11.171s expert_plan=1.863s expert_hint=0.000s expert_submit=0.000s expert_kernel=54.107s source_fence=0.000s tail_head_sync=0.405s layer_other=0.088s expert_read_gross=17.044s plan_hint=1.772s plan_sched=0.091s attn_total=8.423s attn_encode=2.105s attn_wait=5.878s attn_drain=0.441s kernel_total=19.522s kernel_host=1.242s kernel_wait=8.752s kernel_drain=9.528s
[attn-split] single: calls=2139 total=2.145s encode=0.818s wait=0.887s drain=0.441s waits=3703 untimed=743 | wide: calls=558 total=6.278s encode=1.287s wait=4.991s drain=0.000s waits=552 untimed=552 | hint: calls=2668 total=1.970s encode=0.008s wait=1.962s drain=0.000s waits=2873 untimed=2873
[kernel-split] single: calls=2397 total=9.134s encode=0.239s wait=0.154s drain=8.740s waits=2544 untimed=1883 | wide: calls=1617 total=10.388s encode=1.003s wait=8.598s drain=0.788s waits=1617 untimed=0
[kernel-sub] materialize=0.503s moe=9.768s precommit=8.738s rest=0.514s
[metal-cache] calls=12027 zero_copy_wraps=513 copies=0 cache_entries=187 bindless=true
G
[stats] generated=28 elapsed=92.901s speed=0.3014 token/s (3.318 s/token) chunks=27 committed_rows=98 verify_tx=4 drafts=2/14 layer_passes=2511 expert_rows=9016 expert_tiles=3346
[verify-width] w1=0 w2=3 w3=0 w4=0 w5=0 w6=0 w7=0 w8+=1              (w1 share 0.0% of 4 transactions)
[opens] expert file opens=165682 total=1.878s mean=0.011ms requested_bytes=2263020928192 (2263.0 GB)
[split-eta] chunks served hot=35346 dir_c=20886 dir_b=44347 primary=88464
[arrival] tiles=1213 waves=1703 uncovered_wait=39.251s dispatch=9.558s
[retain] enabled=false cap_gb=8 layers=63..=92 consults=0 wanted=0 hits=0 inserts=0 served=0.0MB
[summer] enabled=false cap_gb=8 sample=16 consults=0 wanted=0 hits=0 hit_rate=0.0% misses=0 inserts=0 evictions=0 recycled=0 allocs=0 pin_skips=0 gated=0 ramp=2..50 bar=0 suppressed=0 wide_skips=0 served=0.0MB copied=0.0MB ssd_avoided=0.0GB live=0/0.0GB model=0 protected=0 declined=0 topup_suppressed=0 aged=0 into=0/0/0 pending=0
[mirror-split] internal=0 K3C=0 K3B=0 K3A=0  shares=0%/0%/0%/0%
[phases] mono=417830.392617 chunks=27 sequence=83.002s read_wait=0.170s bind_upload=1.646s attention_resident=6.504s expert_read_prefetch=19.594s expert_demand_read=11.571s expert_plan=1.945s expert_hint=0.000s expert_submit=0.000s expert_kernel=54.542s source_fence=0.000s tail_head_sync=0.422s layer_other=0.089s expert_read_gross=17.649s plan_hint=1.852s plan_sched=0.092s attn_total=8.501s attn_encode=2.130s attn_wait=5.909s attn_drain=0.462s kernel_total=19.949s kernel_host=1.252s kernel_wait=8.756s kernel_drain=9.941s
[attn-split] single: calls=2232 total=2.222s encode=0.843s wait=0.917s drain=0.462s waits=3864 untimed=772 | wide: calls=558 total=6.278s encode=1.287s wait=4.991s drain=0.000s waits=552 untimed=552 | hint: calls=2760 total=2.050s encode=0.008s wait=2.042s drain=0.000s waits=2964 untimed=2964
[kernel-split] single: calls=2495 total=9.560s encode=0.249s wait=0.158s drain=9.153s waits=2649 untimed=1967 | wide: calls=1617 total=10.388s encode=1.003s wait=8.598s drain=0.788s waits=1617 untimed=0
[kernel-sub] materialize=0.503s moe=9.775s precommit=9.153s rest=0.518s
[metal-cache] calls=12125 zero_copy_wraps=513 copies=0 cache_entries=187 bindless=true
ross
[stats] generated=29 elapsed=94.171s speed=0.3080 token/s (3.247 s/token) chunks=28 committed_rows=99 verify_tx=4 drafts=2/14 layer_passes=2604 expert_rows=9108 expert_tiles=3438
[verify-width] w1=0 w2=3 w3=0 w4=0 w5=0 w6=0 w7=0 w8+=1              (w1 share 0.0% of 4 transactions)
[opens] expert file opens=170934 total=1.938s mean=0.011ms requested_bytes=2298633174208 (2298.6 GB)
[split-eta] chunks served hot=36130 dir_c=21310 dir_b=45319 primary=90343
[arrival] tiles=1214 waves=1709 uncovered_wait=39.261s dispatch=9.564s
[retain] enabled=false cap_gb=8 layers=63..=92 consults=0 wanted=0 hits=0 inserts=0 served=0.0MB
[summer] enabled=false cap_gb=8 sample=16 consults=0 wanted=0 hits=0 hit_rate=0.0% misses=0 inserts=0 evictions=0 recycled=0 allocs=0 pin_skips=0 gated=0 ramp=2..50 bar=0 suppressed=0 wide_skips=0 served=0.0MB copied=0.0MB ssd_avoided=0.0GB live=0/0.0GB model=0 protected=0 declined=0 topup_suppressed=0 aged=0 into=0/0/0 pending=0
[mirror-split] internal=0 K3C=0 K3B=0 K3A=0  shares=0%/0%/0%/0%
[phases] mono=417831.662350 chunks=28 sequence=84.271s read_wait=0.170s bind_upload=1.646s attention_resident=6.583s expert_read_prefetch=20.355s expert_demand_read=12.032s expert_plan=2.021s expert_hint=0.000s expert_submit=0.000s expert_kernel=54.953s source_fence=0.000s tail_head_sync=0.437s layer_other=0.090s expert_read_gross=18.333s plan_hint=1.928s plan_sched=0.093s attn_total=8.580s attn_encode=2.158s attn_wait=5.941s attn_drain=0.481s kernel_total=20.351s kernel_host=1.261s kernel_wait=8.760s kernel_drain=10.330s
[attn-split] single: calls=2325 total=2.302s encode=0.871s wait=0.949s drain=0.481s waits=4025 untimed=807 | wide: calls=558 total=6.278s encode=1.287s wait=4.991s drain=0.000s waits=552 untimed=552 | hint: calls=2852 total=2.126s encode=0.008s wait=2.117s drain=0.000s waits=3055 untimed=3055
[kernel-split] single: calls=2592 total=9.962s encode=0.258s wait=0.163s drain=9.542s waits=2752 untimed=2052 | wide: calls=1617 total=10.388s encode=1.003s wait=8.598s drain=0.788s waits=1617 untimed=0
[kernel-sub] materialize=0.503s moe=9.782s precommit=9.544s rest=0.522s
[metal-cache] calls=12222 zero_copy_wraps=513 copies=0 cache_entries=187 bindless=true
 Profit
[stats] generated=30 elapsed=95.520s speed=0.3141 token/s (3.184 s/token) chunks=29 committed_rows=100 verify_tx=4 drafts=2/14 layer_passes=2697 expert_rows=9200 expert_tiles=3530
[verify-width] w1=0 w2=3 w3=0 w4=0 w5=0 w6=0 w7=0 w8+=1              (w1 share 0.0% of 4 transactions)
[opens] expert file opens=176506 total=1.997s mean=0.011ms requested_bytes=2335877299392 (2335.9 GB)
[split-eta] chunks served hot=36914 dir_c=21734 dir_b=46347 primary=92352
[arrival] tiles=1215 waves=1714 uncovered_wait=39.271s dispatch=9.573s
[retain] enabled=false cap_gb=8 layers=63..=92 consults=0 wanted=0 hits=0 inserts=0 served=0.0MB
[summer] enabled=false cap_gb=8 sample=16 consults=0 wanted=0 hits=0 hit_rate=0.0% misses=0 inserts=0 evictions=0 recycled=0 allocs=0 pin_skips=0 gated=0 ramp=2..50 bar=0 suppressed=0 wide_skips=0 served=0.0MB copied=0.0MB ssd_avoided=0.0GB live=0/0.0GB model=0 protected=0 declined=0 topup_suppressed=0 aged=0 into=0/0/0 pending=0
[mirror-split] internal=0 K3C=0 K3B=0 K3A=0  shares=0%/0%/0%/0%
[phases] mono=417833.011714 chunks=29 sequence=85.619s read_wait=0.170s bind_upload=1.646s attention_resident=6.690s expert_read_prefetch=21.140s expert_demand_read=12.512s expert_plan=2.099s expert_hint=0.000s expert_submit=0.000s expert_kernel=55.391s source_fence=0.000s tail_head_sync=0.454s layer_other=0.092s expert_read_gross=19.041s plan_hint=2.004s plan_sched=0.094s attn_total=8.686s attn_encode=2.210s attn_wait=5.967s attn_drain=0.510s kernel_total=20.778s kernel_host=1.270s kernel_wait=8.766s kernel_drain=10.742s
[attn-split] single: calls=2418 total=2.408s encode=0.923s wait=0.975s drain=0.510s waits=4186 untimed=831 | wide: calls=558 total=6.278s encode=1.287s wait=4.991s drain=0.000s waits=552 untimed=552 | hint: calls=2944 total=2.202s encode=0.009s wait=2.193s drain=0.000s waits=3146 untimed=3146
[kernel-split] single: calls=2688 total=10.390s encode=0.268s wait=0.168s drain=9.954s waits=2853 untimed=2125 | wide: calls=1617 total=10.388s encode=1.003s wait=8.598s drain=0.788s waits=1617 untimed=0
[kernel-sub] materialize=0.503s moe=9.790s precommit=9.959s rest=0.527s
[metal-cache] calls=12318 zero_copy_wraps=513 copies=0 cache_entries=187 bindless=true
 =
[stats] generated=31 elapsed=96.760s speed=0.3204 token/s (3.121 s/token) chunks=30 committed_rows=101 verify_tx=4 drafts=2/14 layer_passes=2790 expert_rows=9292 expert_tiles=3622
[verify-width] w1=0 w2=3 w3=0 w4=0 w5=0 w6=0 w7=0 w8+=1              (w1 share 0.0% of 4 transactions)
[opens] expert file opens=181741 total=2.051s mean=0.011ms requested_bytes=2370682371264 (2370.7 GB)
[split-eta] chunks served hot=37651 dir_c=22148 dir_b=47310 primary=94205
[arrival] tiles=1216 waves=1721 uncovered_wait=39.282s dispatch=9.582s
[retain] enabled=false cap_gb=8 layers=63..=92 consults=0 wanted=0 hits=0 inserts=0 served=0.0MB
[summer] enabled=false cap_gb=8 sample=16 consults=0 wanted=0 hits=0 hit_rate=0.0% misses=0 inserts=0 evictions=0 recycled=0 allocs=0 pin_skips=0 gated=0 ramp=2..50 bar=0 suppressed=0 wide_skips=0 served=0.0MB copied=0.0MB ssd_avoided=0.0GB live=0/0.0GB model=0 protected=0 declined=0 topup_suppressed=0 aged=0 into=0/0/0 pending=0
[mirror-split] internal=0 K3C=0 K3B=0 K3A=0  shares=0%/0%/0%/0%
[phases] mono=417834.252263 chunks=30 sequence=86.858s read_wait=0.170s bind_upload=1.646s attention_resident=6.778s expert_read_prefetch=21.880s expert_demand_read=12.957s expert_plan=2.168s expert_hint=0.000s expert_submit=0.000s expert_kernel=55.784s source_fence=0.000s tail_head_sync=0.471s layer_other=0.093s expert_read_gross=19.712s plan_hint=2.072s plan_sched=0.095s attn_total=8.774s attn_encode=2.237s attn_wait=6.007s attn_drain=0.530s kernel_total=21.160s kernel_host=1.280s kernel_wait=8.771s kernel_drain=11.109s
[attn-split] single: calls=2511 total=2.496s encode=0.950s wait=1.015s drain=0.530s waits=4347 untimed=860 | wide: calls=558 total=6.278s encode=1.287s wait=4.991s drain=0.000s waits=552 untimed=552 | hint: calls=3036 total=2.270s encode=0.009s wait=2.261s drain=0.000s waits=3237 untimed=3237
[kernel-split] single: calls=2786 total=10.772s encode=0.278s wait=0.173s drain=10.321s waits=2958 untimed=2209 | wide: calls=1617 total=10.388s encode=1.003s wait=8.598s drain=0.788s waits=1617 untimed=0
[kernel-sub] materialize=0.503s moe=9.799s precommit=10.328s rest=0.531s
[metal-cache] calls=12416 zero_copy_wraps=513 copies=0 cache_entries=187 bindless=true
 
[stats] generated=32 elapsed=97.985s speed=0.3266 token/s (3.062 s/token) chunks=31 committed_rows=102 verify_tx=4 drafts=2/14 layer_passes=2883 expert_rows=9384 expert_tiles=3714
[verify-width] w1=0 w2=3 w3=0 w4=0 w5=0 w6=0 w7=0 w8+=1              (w1 share 0.0% of 4 transactions)
[opens] expert file opens=186983 total=2.105s mean=0.011ms requested_bytes=2405575130304 (2405.6 GB)
[split-eta] chunks served hot=38391 dir_c=22580 dir_b=48269 primary=96051
[arrival] tiles=1217 waves=1728 uncovered_wait=39.291s dispatch=9.590s
[retain] enabled=false cap_gb=8 layers=63..=92 consults=0 wanted=0 hits=0 inserts=0 served=0.0MB
[summer] enabled=false cap_gb=8 sample=16 consults=0 wanted=0 hits=0 hit_rate=0.0% misses=0 inserts=0 evictions=0 recycled=0 allocs=0 pin_skips=0 gated=0 ramp=2..50 bar=0 suppressed=0 wide_skips=0 served=0.0MB copied=0.0MB ssd_avoided=0.0GB live=0/0.0GB model=0 protected=0 declined=0 topup_suppressed=0 aged=0 into=0/0/0 pending=0
[mirror-split] internal=0 K3C=0 K3B=0 K3A=0  shares=0%/0%/0%/0%
[phases] mono=417835.476350 chunks=31 sequence=88.082s read_wait=0.170s bind_upload=1.646s attention_resident=6.853s expert_read_prefetch=22.602s expert_demand_read=13.377s expert_plan=2.236s expert_hint=0.000s expert_submit=0.000s expert_kernel=56.192s source_fence=0.000s tail_head_sync=0.487s layer_other=0.094s expert_read_gross=20.366s plan_hint=2.139s plan_sched=0.096s attn_total=8.850s attn_encode=2.259s attn_wait=6.048s attn_drain=0.543s kernel_total=21.559s kernel_host=1.289s kernel_wait=8.776s kernel_drain=11.493s
[attn-split] single: calls=2604 total=2.571s encode=0.972s wait=1.057s drain=0.543s waits=4508 untimed=890 | wide: calls=558 total=6.278s encode=1.287s wait=4.991s drain=0.000s waits=552 untimed=552 | hint: calls=3128 total=2.337s encode=0.009s wait=2.328s drain=0.000s waits=3328 untimed=3328
[kernel-split] single: calls=2884 total=11.170s encode=0.286s wait=0.179s drain=10.705s waits=3063 untimed=2293 | wide: calls=1617 total=10.388s encode=1.003s wait=8.598s drain=0.788s waits=1617 untimed=0
[kernel-sub] materialize=0.503s moe=9.807s precommit=10.714s rest=0.535s
[metal-cache] calls=12514 zero_copy_wraps=513 copies=0 cache_entries=187 bindless=true
4
[stats] generated=33 elapsed=99.256s speed=0.3325 token/s (3.008 s/token) chunks=32 committed_rows=103 verify_tx=4 drafts=2/14 layer_passes=2976 expert_rows=9476 expert_tiles=3806
[verify-width] w1=0 w2=3 w3=0 w4=0 w5=0 w6=0 w7=0 w8+=1              (w1 share 0.0% of 4 transactions)
[opens] expert file opens=192405 total=2.165s mean=0.011ms requested_bytes=2441433070784 (2441.4 GB)
[split-eta] chunks served hot=39139 dir_c=23006 dir_b=49264 primary=97969
[arrival] tiles=1218 waves=1735 uncovered_wait=39.299s dispatch=9.597s
[retain] enabled=false cap_gb=8 layers=63..=92 consults=0 wanted=0 hits=0 inserts=0 served=0.0MB
[summer] enabled=false cap_gb=8 sample=16 consults=0 wanted=0 hits=0 hit_rate=0.0% misses=0 inserts=0 evictions=0 recycled=0 allocs=0 pin_skips=0 gated=0 ramp=2..50 bar=0 suppressed=0 wide_skips=0 served=0.0MB copied=0.0MB ssd_avoided=0.0GB live=0/0.0GB model=0 protected=0 declined=0 topup_suppressed=0 aged=0 into=0/0/0 pending=0
[mirror-split] internal=0 K3C=0 K3B=0 K3A=0  shares=0%/0%/0%/0%
[phases] mono=417836.747763 chunks=32 sequence=89.352s read_wait=0.170s bind_upload=1.646s attention_resident=6.933s expert_read_prefetch=23.361s expert_demand_read=13.827s expert_plan=2.311s expert_hint=0.000s expert_submit=0.000s expert_kernel=56.606s source_fence=0.000s tail_head_sync=0.503s layer_other=0.096s expert_read_gross=21.050s plan_hint=2.213s plan_sched=0.097s attn_total=8.929s attn_encode=2.285s attn_wait=6.082s attn_drain=0.562s kernel_total=21.964s kernel_host=1.299s kernel_wait=8.781s kernel_drain=11.885s
[attn-split] single: calls=2697 total=2.651s encode=0.999s wait=1.090s drain=0.562s waits=4669 untimed=916 | wide: calls=558 total=6.278s encode=1.287s wait=4.991s drain=0.000s waits=552 untimed=552 | hint: calls=3220 total=2.411s encode=0.009s wait=2.401s drain=0.000s waits=3419 untimed=3419
[kernel-split] single: calls=2982 total=11.576s encode=0.296s wait=0.183s drain=11.097s waits=3168 untimed=2379 | wide: calls=1617 total=10.388s encode=1.003s wait=8.598s drain=0.788s waits=1617 untimed=0
[kernel-sub] materialize=0.503s moe=9.814s precommit=11.108s rest=0.539s
[metal-cache] calls=12612 zero_copy_wraps=513 copies=0 cache_entries=187 bindless=true
,
[stats] generated=34 elapsed=100.540s speed=0.3382 token/s (2.957 s/token) chunks=33 committed_rows=104 verify_tx=4 drafts=2/14 layer_passes=3069 expert_rows=9568 expert_tiles=3898
[verify-width] w1=0 w2=3 w3=0 w4=0 w5=0 w6=0 w7=0 w8+=1              (w1 share 0.0% of 4 transactions)
[opens] expert file opens=197732 total=2.229s mean=0.011ms requested_bytes=2477343587520 (2477.3 GB)
[split-eta] chunks served hot=39925 dir_c=23436 dir_b=50245 primary=99865
[arrival] tiles=1219 waves=1740 uncovered_wait=39.308s dispatch=9.606s
[retain] enabled=false cap_gb=8 layers=63..=92 consults=0 wanted=0 hits=0 inserts=0 served=0.0MB
[summer] enabled=false cap_gb=8 sample=16 consults=0 wanted=0 hits=0 hit_rate=0.0% misses=0 inserts=0 evictions=0 recycled=0 allocs=0 pin_skips=0 gated=0 ramp=2..50 bar=0 suppressed=0 wide_skips=0 served=0.0MB copied=0.0MB ssd_avoided=0.0GB live=0/0.0GB model=0 protected=0 declined=0 topup_suppressed=0 aged=0 into=0/0/0 pending=0
[mirror-split] internal=0 K3C=0 K3B=0 K3A=0  shares=0%/0%/0%/0%
[phases] mono=417838.031514 chunks=33 sequence=90.634s read_wait=0.170s bind_upload=1.646s attention_resident=7.038s expert_read_prefetch=24.084s expert_demand_read=14.272s expert_plan=2.385s expert_hint=0.000s expert_submit=0.000s expert_kernel=57.043s source_fence=0.000s tail_head_sync=0.520s layer_other=0.097s expert_read_gross=21.698s plan_hint=2.286s plan_sched=0.098s attn_total=9.034s attn_encode=2.338s attn_wait=6.115s attn_drain=0.581s kernel_total=22.392s kernel_host=1.310s kernel_wait=8.785s kernel_drain=12.297s
[attn-split] single: calls=2790 total=2.756s encode=1.051s wait=1.124s drain=0.581s waits=4830 untimed=945 | wide: calls=558 total=6.278s encode=1.287s wait=4.991s drain=0.000s waits=552 untimed=552 | hint: calls=3312 total=2.484s encode=0.009s wait=2.474s drain=0.000s waits=3510 untimed=3510
[kernel-split] single: calls=3078 total=12.004s encode=0.307s wait=0.188s drain=11.509s waits=3269 untimed=2464 | wide: calls=1617 total=10.388s encode=1.003s wait=8.598s drain=0.788s waits=1617 untimed=0
[kernel-sub] materialize=0.503s moe=9.822s precommit=11.523s rest=0.544s
[metal-cache] calls=12708 zero_copy_wraps=513 copies=0 cache_entries=187 bindless=true
200
[stats] generated=35 elapsed=101.810s speed=0.3438 token/s (2.909 s/token) chunks=34 committed_rows=105 verify_tx=4 drafts=2/14 layer_passes=3162 expert_rows=9660 expert_tiles=3990
[verify-width] w1=0 w2=3 w3=0 w4=0 w5=0 w6=0 w7=0 w8+=1              (w1 share 0.0% of 4 transactions)
[opens] expert file opens=203066 total=2.287s mean=0.011ms requested_bytes=2513026088128 (2513.0 GB)
[split-eta] chunks served hot=40714 dir_c=23848 dir_b=51226 primary=101750
[arrival] tiles=1220 waves=1747 uncovered_wait=39.317s dispatch=9.616s
[retain] enabled=false cap_gb=8 layers=63..=92 consults=0 wanted=0 hits=0 inserts=0 served=0.0MB
[summer] enabled=false cap_gb=8 sample=16 consults=0 wanted=0 hits=0 hit_rate=0.0% misses=0 inserts=0 evictions=0 recycled=0 allocs=0 pin_skips=0 gated=0 ramp=2..50 bar=0 suppressed=0 wide_skips=0 served=0.0MB copied=0.0MB ssd_avoided=0.0GB live=0/0.0GB model=0 protected=0 declined=0 topup_suppressed=0 aged=0 into=0/0/0 pending=0
[mirror-split] internal=0 K3C=0 K3B=0 K3A=0  shares=0%/0%/0%/0%
[phases] mono=417839.302267 chunks=34 sequence=91.904s read_wait=0.170s bind_upload=1.646s attention_resident=7.119s expert_read_prefetch=24.843s expert_demand_read=14.729s expert_plan=2.465s expert_hint=0.000s expert_submit=0.000s expert_kernel=57.454s source_fence=0.000s tail_head_sync=0.536s layer_other=0.099s expert_read_gross=22.379s plan_hint=2.364s plan_sched=0.100s attn_total=9.115s attn_encode=2.364s attn_wait=6.155s attn_drain=0.596s kernel_total=22.794s kernel_host=1.321s kernel_wait=8.791s kernel_drain=12.682s
[attn-split] single: calls=2883 total=2.837s encode=1.077s wait=1.163s drain=0.596s waits=4991 untimed=973 | wide: calls=558 total=6.278s encode=1.287s wait=4.991s drain=0.000s waits=552 untimed=552 | hint: calls=3404 total=2.562s encode=0.010s wait=2.552s drain=0.000s waits=3601 untimed=3601
[kernel-split] single: calls=3176 total=12.406s encode=0.318s wait=0.193s drain=11.894s waits=3374 untimed=2543 | wide: calls=1617 total=10.388s encode=1.003s wait=8.598s drain=0.788s waits=1617 untimed=0
[kernel-sub] materialize=0.503s moe=9.833s precommit=11.910s rest=0.548s
[metal-cache] calls=12806 zero_copy_wraps=513 copies=0 cache_entries=187 bindless=true
[route-chain] chained=2070
[route-chain] dedup_hits=2070
,
[stats] generated=36 elapsed=103.089s speed=0.3492 token/s (2.864 s/token) chunks=35 committed_rows=106 verify_tx=4 drafts=2/14 layer_passes=3255 expert_rows=9752 expert_tiles=4082
[verify-width] w1=0 w2=3 w3=0 w4=0 w5=0 w6=0 w7=0 w8+=1              (w1 share 0.0% of 4 transactions)
[opens] expert file opens=208407 total=2.351s mean=0.011ms requested_bytes=2549647244480 (2549.6 GB)
[split-eta] chunks served hot=41525 dir_c=24312 dir_b=52215 primary=103660
[arrival] tiles=1221 waves=1755 uncovered_wait=39.326s dispatch=9.625s
[retain] enabled=false cap_gb=8 layers=63..=92 consults=0 wanted=0 hits=0 inserts=0 served=0.0MB
[summer] enabled=false cap_gb=8 sample=16 consults=0 wanted=0 hits=0 hit_rate=0.0% misses=0 inserts=0 evictions=0 recycled=0 allocs=0 pin_skips=0 gated=0 ramp=2..50 bar=0 suppressed=0 wide_skips=0 served=0.0MB copied=0.0MB ssd_avoided=0.0GB live=0/0.0GB model=0 protected=0 declined=0 topup_suppressed=0 aged=0 into=0/0/0 pending=0
[mirror-split] internal=0 K3C=0 K3B=0 K3A=0  shares=0%/0%/0%/0%
[phases] mono=417840.580781 chunks=35 sequence=93.182s read_wait=0.170s bind_upload=1.646s attention_resident=7.197s expert_read_prefetch=25.605s expert_demand_read=15.205s expert_plan=2.542s expert_hint=0.000s expert_submit=0.000s expert_kernel=57.873s source_fence=0.000s tail_head_sync=0.554s layer_other=0.100s expert_read_gross=23.063s plan_hint=2.440s plan_sched=0.101s attn_total=9.193s attn_encode=2.388s attn_wait=6.187s attn_drain=0.618s kernel_total=23.203s kernel_host=1.331s kernel_wait=8.796s kernel_drain=13.077s
[attn-split] single: calls=2976 total=2.914s encode=1.101s wait=1.196s drain=0.618s waits=5152 untimed=1002 | wide: calls=558 total=6.278s encode=1.287s wait=4.991s drain=0.000s waits=552 untimed=552 | hint: calls=3496 total=2.638s encode=0.010s wait=2.628s drain=0.000s waits=3692 untimed=3692
[kernel-split] single: calls=3275 total=12.815s encode=0.328s wait=0.198s drain=12.289s waits=3481 untimed=2626 | wide: calls=1617 total=10.388s encode=1.003s wait=8.598s drain=0.788s waits=1617 untimed=0
[kernel-sub] materialize=0.503s moe=9.842s precommit=12.306s rest=0.553s
[metal-cache] calls=12905 zero_copy_wraps=513 copies=0 cache_entries=187 bindless=true
000
[stats] generated=37 elapsed=104.309s speed=0.3547 token/s (2.819 s/token) chunks=36 committed_rows=107 verify_tx=4 drafts=2/14 layer_passes=3348 expert_rows=9844 expert_tiles=4174
[verify-width] w1=0 w2=3 w3=0 w4=0 w5=0 w6=0 w7=0 w8+=1              (w1 share 0.0% of 4 transactions)
[opens] expert file opens=213643 total=2.406s mean=0.011ms requested_bytes=2584592694464 (2584.6 GB)
[split-eta] chunks served hot=42289 dir_c=24728 dir_b=53172 primary=105506
[arrival] tiles=1222 waves=1760 uncovered_wait=39.336s dispatch=9.634s
[retain] enabled=false cap_gb=8 layers=63..=92 consults=0 wanted=0 hits=0 inserts=0 served=0.0MB
[summer] enabled=false cap_gb=8 sample=16 consults=0 wanted=0 hits=0 hit_rate=0.0% misses=0 inserts=0 evictions=0 recycled=0 allocs=0 pin_skips=0 gated=0 ramp=2..50 bar=0 suppressed=0 wide_skips=0 served=0.0MB copied=0.0MB ssd_avoided=0.0GB live=0/0.0GB model=0 protected=0 declined=0 topup_suppressed=0 aged=0 into=0/0/0 pending=0
[mirror-split] internal=0 K3C=0 K3B=0 K3A=0  shares=0%/0%/0%/0%
[phases] mono=417841.800673 chunks=36 sequence=94.397s read_wait=0.170s bind_upload=1.646s attention_resident=7.272s expert_read_prefetch=26.331s expert_demand_read=15.653s expert_plan=2.605s expert_hint=0.000s expert_submit=0.000s expert_kernel=58.279s source_fence=0.000s tail_head_sync=0.561s layer_other=0.102s expert_read_gross=23.725s plan_hint=2.503s plan_sched=0.102s attn_total=9.267s attn_encode=2.414s attn_wait=6.225s attn_drain=0.628s kernel_total=23.600s kernel_host=1.341s kernel_wait=8.801s kernel_drain=13.458s
[attn-split] single: calls=3069 total=2.988s encode=1.127s wait=1.233s drain=0.628s waits=5313 untimed=1041 | wide: calls=558 total=6.278s encode=1.287s wait=4.991s drain=0.000s waits=552 untimed=552 | hint: calls=3588 total=2.700s encode=0.010s wait=2.690s drain=0.000s waits=3783 untimed=3783
[kernel-split] single: calls=3371 total=13.212s encode=0.339s wait=0.203s drain=12.670s waits=3582 untimed=2712 | wide: calls=1617 total=10.388s encode=1.003s wait=8.598s drain=0.788s waits=1617 untimed=0
[kernel-sub] materialize=0.503s moe=9.850s precommit=12.690s rest=0.557s
[metal-cache] calls=13001 zero_copy_wraps=513 copies=0 cache_entries=187 bindless=true
 −
[stats] generated=38 elapsed=105.621s speed=0.3598 token/s (2.780 s/token) chunks=37 committed_rows=108 verify_tx=4 drafts=2/14 layer_passes=3441 expert_rows=9936 expert_tiles=4266
[verify-width] w1=0 w2=3 w3=0 w4=0 w5=0 w6=0 w7=0 w8+=1              (w1 share 0.0% of 4 transactions)
[opens] expert file opens=219042 total=2.464s mean=0.011ms requested_bytes=2621126163648 (2621.1 GB)
[split-eta] chunks served hot=43084 dir_c=25136 dir_b=54173 primary=107466
[arrival] tiles=1223 waves=1765 uncovered_wait=39.345s dispatch=9.639s
[retain] enabled=false cap_gb=8 layers=63..=92 consults=0 wanted=0 hits=0 inserts=0 served=0.0MB
[summer] enabled=false cap_gb=8 sample=16 consults=0 wanted=0 hits=0 hit_rate=0.0% misses=0 inserts=0 evictions=0 recycled=0 allocs=0 pin_skips=0 gated=0 ramp=2..50 bar=0 suppressed=0 wide_skips=0 served=0.0MB copied=0.0MB ssd_avoided=0.0GB live=0/0.0GB model=0 protected=0 declined=0 topup_suppressed=0 aged=0 into=0/0/0 pending=0
[mirror-split] internal=0 K3C=0 K3B=0 K3A=0  shares=0%/0%/0%/0%
[phases] mono=417843.113139 chunks=37 sequence=95.709s read_wait=0.170s bind_upload=1.646s attention_resident=7.379s expert_read_prefetch=27.109s expert_demand_read=16.127s expert_plan=2.678s expert_hint=0.000s expert_submit=0.000s expert_kernel=58.686s source_fence=0.000s tail_head_sync=0.578s layer_other=0.103s expert_read_gross=24.431s plan_hint=2.575s plan_sched=0.103s attn_total=9.374s attn_encode=2.472s attn_wait=6.253s attn_drain=0.649s kernel_total=23.998s kernel_host=1.351s kernel_wait=8.804s kernel_drain=13.843s
[attn-split] single: calls=3162 total=3.096s encode=1.185s wait=1.262s drain=0.649s waits=5474 untimed=1069 | wide: calls=558 total=6.278s encode=1.287s wait=4.991s drain=0.000s waits=552 untimed=552 | hint: calls=3680 total=2.772s encode=0.010s wait=2.762s drain=0.000s waits=3874 untimed=3874
[kernel-split] single: calls=3467 total=13.610s encode=0.348s wait=0.207s drain=13.055s waits=3683 untimed=2794 | wide: calls=1617 total=10.388s encode=1.003s wait=8.598s drain=0.788s waits=1617 untimed=0
[kernel-sub] materialize=0.503s moe=9.855s precommit=13.078s rest=0.562s
[metal-cache] calls=13097 zero_copy_wraps=513 copies=0 cache_entries=187 bindless=true
 
[stats] generated=39 elapsed=106.860s speed=0.3650 token/s (2.740 s/token) chunks=38 committed_rows=109 verify_tx=4 drafts=2/14 layer_passes=3534 expert_rows=10028 expert_tiles=4358
[verify-width] w1=0 w2=3 w3=0 w4=0 w5=0 w6=0 w7=0 w8+=1              (w1 share 0.0% of 4 transactions)
[opens] expert file opens=224278 total=2.524s mean=0.011ms requested_bytes=2656396213440 (2656.4 GB)
[split-eta] chunks served hot=43859 dir_c=25557 dir_b=55139 primary=109324
[arrival] tiles=1224 waves=1772 uncovered_wait=39.354s dispatch=9.648s
[retain] enabled=false cap_gb=8 layers=63..=92 consults=0 wanted=0 hits=0 inserts=0 served=0.0MB
[summer] enabled=false cap_gb=8 sample=16 consults=0 wanted=0 hits=0 hit_rate=0.0% misses=0 inserts=0 evictions=0 recycled=0 allocs=0 pin_skips=0 gated=0 ramp=2..50 bar=0 suppressed=0 wide_skips=0 served=0.0MB copied=0.0MB ssd_avoided=0.0GB live=0/0.0GB model=0 protected=0 declined=0 topup_suppressed=0 aged=0 into=0/0/0 pending=0
[mirror-split] internal=0 K3C=0 K3B=0 K3A=0  shares=0%/0%/0%/0%
[phases] mono=417844.351911 chunks=38 sequence=96.946s read_wait=0.170s bind_upload=1.646s attention_resident=7.454s expert_read_prefetch=27.887s expert_demand_read=16.594s expert_plan=2.753s expert_hint=0.000s expert_submit=0.000s expert_kernel=59.061s source_fence=0.000s tail_head_sync=0.586s layer_other=0.104s expert_read_gross=25.134s plan_hint=2.649s plan_sched=0.104s attn_total=9.449s attn_encode=2.498s attn_wait=6.286s attn_drain=0.665s kernel_total=24.363s kernel_host=1.360s kernel_wait=8.810s kernel_drain=14.193s
[attn-split] single: calls=3255 total=3.171s encode=1.211s wait=1.294s drain=0.665s waits=5635 untimed=1104 | wide: calls=558 total=6.278s encode=1.287s wait=4.991s drain=0.000s waits=552 untimed=552 | hint: calls=3772 total=2.846s encode=0.010s wait=2.836s drain=0.000s waits=3965 untimed=3965
[kernel-split] single: calls=3565 total=13.975s encode=0.357s wait=0.212s drain=13.405s waits=3788 untimed=2878 | wide: calls=1617 total=10.388s encode=1.003s wait=8.598s drain=0.788s waits=1617 untimed=0
[kernel-sub] materialize=0.503s moe=9.864s precommit=13.431s rest=0.566s
[metal-cache] calls=13195 zero_copy_wraps=513 copies=0 cache_entries=187 bindless=true
2
[stats] generated=40 elapsed=108.142s speed=0.3699 token/s (2.704 s/token) chunks=39 committed_rows=110 verify_tx=4 drafts=2/14 layer_passes=3627 expert_rows=10120 expert_tiles=4450
[verify-width] w1=0 w2=3 w3=0 w4=0 w5=0 w6=0 w7=0 w8+=1              (w1 share 0.0% of 4 transactions)
[opens] expert file opens=229706 total=2.581s mean=0.011ms requested_bytes=2692289199296 (2692.3 GB)
[split-eta] chunks served hot=44632 dir_c=25971 dir_b=56135 primary=111232
[arrival] tiles=1225 waves=1778 uncovered_wait=39.363s dispatch=9.655s
[retain] enabled=false cap_gb=8 layers=63..=92 consults=0 wanted=0 hits=0 inserts=0 served=0.0MB
[summer] enabled=false cap_gb=8 sample=16 consults=0 wanted=0 hits=0 hit_rate=0.0% misses=0 inserts=0 evictions=0 recycled=0 allocs=0 pin_skips=0 gated=0 ramp=2..50 bar=0 suppressed=0 wide_skips=0 served=0.0MB copied=0.0MB ssd_avoided=0.0GB live=0/0.0GB model=0 protected=0 declined=0 topup_suppressed=0 aged=0 into=0/0/0 pending=0
[mirror-split] internal=0 K3C=0 K3B=0 K3A=0  shares=0%/0%/0%/0%
[phases] mono=417845.633664 chunks=39 sequence=98.226s read_wait=0.170s bind_upload=1.646s attention_resident=7.532s expert_read_prefetch=28.676s expert_demand_read=17.053s expert_plan=2.838s expert_hint=0.000s expert_submit=0.000s expert_kernel=59.451s source_fence=0.000s tail_head_sync=0.608s layer_other=0.105s expert_read_gross=25.838s plan_hint=2.733s plan_sched=0.105s attn_total=9.527s attn_encode=2.523s attn_wait=6.320s attn_drain=0.684s kernel_total=24.744s kernel_host=1.369s kernel_wait=8.814s kernel_drain=14.561s
[attn-split] single: calls=3348 total=3.248s encode=1.236s wait=1.328s drain=0.684s waits=5796 untimed=1145 | wide: calls=558 total=6.278s encode=1.287s wait=4.991s drain=0.000s waits=552 untimed=552 | hint: calls=3864 total=2.930s encode=0.011s wait=2.919s drain=0.000s waits=4056 untimed=4056
[kernel-split] single: calls=3662 total=14.356s encode=0.367s wait=0.216s drain=13.773s waits=3891 untimed=2964 | wide: calls=1617 total=10.388s encode=1.003s wait=8.598s drain=0.788s waits=1617 untimed=0
[kernel-sub] materialize=0.503s moe=9.871s precommit=13.801s rest=0.570s
[metal-cache] calls=13292 zero_copy_wraps=513 copies=0 cache_entries=187 bindless=true
,
[stats] generated=41 elapsed=109.454s speed=0.3746 token/s (2.670 s/token) chunks=40 committed_rows=111 verify_tx=4 drafts=2/14 layer_passes=3720 expert_rows=10212 expert_tiles=4542
[verify-width] w1=0 w2=3 w3=0 w4=0 w5=0 w6=0 w7=0 w8+=1              (w1 share 0.0% of 4 transactions)
[opens] expert file opens=235095 total=2.639s mean=0.011ms requested_bytes=2728857746624 (2728.9 GB)
[split-eta] chunks served hot=45414 dir_c=26409 dir_b=57144 primary=113171
[arrival] tiles=1226 waves=1785 uncovered_wait=39.371s dispatch=9.663s
[retain] enabled=false cap_gb=8 layers=63..=92 consults=0 wanted=0 hits=0 inserts=0 served=0.0MB
[summer] enabled=false cap_gb=8 sample=16 consults=0 wanted=0 hits=0 hit_rate=0.0% misses=0 inserts=0 evictions=0 recycled=0 allocs=0 pin_skips=0 gated=0 ramp=2..50 bar=0 suppressed=0 wide_skips=0 served=0.0MB copied=0.0MB ssd_avoided=0.0GB live=0/0.0GB model=0 protected=0 declined=0 topup_suppressed=0 aged=0 into=0/0/0 pending=0
[mirror-split] internal=0 K3C=0 K3B=0 K3A=0  shares=0%/0%/0%/0%
[phases] mono=417846.945951 chunks=40 sequence=99.537s read_wait=0.170s bind_upload=1.646s attention_resident=7.614s expert_read_prefetch=29.487s expert_demand_read=17.528s expert_plan=2.910s expert_hint=0.000s expert_submit=0.000s expert_kernel=59.851s source_fence=0.000s tail_head_sync=0.624s layer_other=0.107s expert_read_gross=26.577s plan_hint=2.803s plan_sched=0.106s attn_total=9.608s attn_encode=2.550s attn_wait=6.356s attn_drain=0.703s kernel_total=25.136s kernel_host=1.380s kernel_wait=8.818s kernel_drain=14.937s
[attn-split] single: calls=3441 total=3.330s encode=1.263s wait=1.364s drain=0.703s waits=5957 untimed=1176 | wide: calls=558 total=6.278s encode=1.287s wait=4.991s drain=0.000s waits=552 untimed=552 | hint: calls=3956 total=3.001s encode=0.011s wait=2.990s drain=0.000s waits=4147 untimed=4147
[kernel-split] single: calls=3760 total=14.747s encode=0.377s wait=0.221s drain=14.149s waits=3996 untimed=3040 | wide: calls=1617 total=10.388s encode=1.003s wait=8.598s drain=0.788s waits=1617 untimed=0
[kernel-sub] materialize=0.503s moe=9.879s precommit=14.180s rest=0.574s
[metal-cache] calls=13390 zero_copy_wraps=513 copies=0 cache_entries=187 bindless=true
650
[stats] generated=42 elapsed=110.835s speed=0.3789 token/s (2.639 s/token) chunks=41 committed_rows=112 verify_tx=4 drafts=2/14 layer_passes=3813 expert_rows=10304 expert_tiles=4634
[verify-width] w1=0 w2=3 w3=0 w4=0 w5=0 w6=0 w7=0 w8+=1              (w1 share 0.0% of 4 transactions)
[opens] expert file opens=240695 total=2.701s mean=0.011ms requested_bytes=2766593211584 (2766.6 GB)
[split-eta] chunks served hot=46219 dir_c=26824 dir_b=58187 primary=115209
[arrival] tiles=1227 waves=1792 uncovered_wait=39.380s dispatch=9.670s
[retain] enabled=false cap_gb=8 layers=63..=92 consults=0 wanted=0 hits=0 inserts=0 served=0.0MB
[summer] enabled=false cap_gb=8 sample=16 consults=0 wanted=0 hits=0 hit_rate=0.0% misses=0 inserts=0 evictions=0 recycled=0 allocs=0 pin_skips=0 gated=0 ramp=2..50 bar=0 suppressed=0 wide_skips=0 served=0.0MB copied=0.0MB ssd_avoided=0.0GB live=0/0.0GB model=0 protected=0 declined=0 topup_suppressed=0 aged=0 into=0/0/0 pending=0
[mirror-split] internal=0 K3C=0 K3B=0 K3A=0  shares=0%/0%/0%/0%
[phases] mono=417848.327270 chunks=41 sequence=100.917s read_wait=0.170s bind_upload=1.646s attention_resident=7.721s expert_read_prefetch=30.334s expert_demand_read=18.071s expert_plan=2.980s expert_hint=0.000s expert_submit=0.000s expert_kernel=60.260s source_fence=0.000s tail_head_sync=0.641s layer_other=0.109s expert_read_gross=27.353s plan_hint=2.872s plan_sched=0.107s attn_total=9.715s attn_encode=2.605s attn_wait=6.383s attn_drain=0.726s kernel_total=25.535s kernel_host=1.391s kernel_wait=8.822s kernel_drain=15.323s
[attn-split] single: calls=3534 total=3.436s encode=1.318s wait=1.392s drain=0.726s waits=6118 untimed=1201 | wide: calls=558 total=6.278s encode=1.287s wait=4.991s drain=0.000s waits=552 untimed=552 | hint: calls=4048 total=3.070s encode=0.011s wait=3.058s drain=0.000s waits=4238 untimed=4238
[kernel-split] single: calls=3858 total=15.147s encode=0.388s wait=0.224s drain=14.535s waits=4101 untimed=3126 | wide: calls=1617 total=10.388s encode=1.003s wait=8.598s drain=0.788s waits=1617 untimed=0
[kernel-sub] materialize=0.503s moe=9.886s precommit=14.568s rest=0.579s
[metal-cache] calls=13488 zero_copy_wraps=513 copies=0 cache_entries=187 bindless=true
,
[stats] generated=43 elapsed=112.106s speed=0.3836 token/s (2.607 s/token) chunks=42 committed_rows=113 verify_tx=4 drafts=2/14 layer_passes=3906 expert_rows=10396 expert_tiles=4726
[verify-width] w1=0 w2=3 w3=0 w4=0 w5=0 w6=0 w7=0 w8+=1              (w1 share 0.0% of 4 transactions)
[opens] expert file opens=246061 total=2.757s mean=0.011ms requested_bytes=2802863488192 (2802.9 GB)
[split-eta] chunks served hot=47010 dir_c=27284 dir_b=59172 primary=117107
[arrival] tiles=1228 waves=1797 uncovered_wait=39.389s dispatch=9.676s
[retain] enabled=false cap_gb=8 layers=63..=92 consults=0 wanted=0 hits=0 inserts=0 served=0.0MB
[summer] enabled=false cap_gb=8 sample=16 consults=0 wanted=0 hits=0 hit_rate=0.0% misses=0 inserts=0 evictions=0 recycled=0 allocs=0 pin_skips=0 gated=0 ramp=2..50 bar=0 suppressed=0 wide_skips=0 served=0.0MB copied=0.0MB ssd_avoided=0.0GB live=0/0.0GB model=0 protected=0 declined=0 topup_suppressed=0 aged=0 into=0/0/0 pending=0
[mirror-split] internal=0 K3C=0 K3B=0 K3A=0  shares=0%/0%/0%/0%
[phases] mono=417849.598100 chunks=42 sequence=102.187s read_wait=0.170s bind_upload=1.646s attention_resident=7.797s expert_read_prefetch=31.095s expert_demand_read=18.527s expert_plan=3.054s expert_hint=0.000s expert_submit=0.000s expert_kernel=60.673s source_fence=0.000s tail_head_sync=0.657s layer_other=0.110s expert_read_gross=28.041s plan_hint=2.944s plan_sched=0.108s attn_total=9.791s attn_encode=2.630s attn_wait=6.411s attn_drain=0.751s kernel_total=25.939s kernel_host=1.400s kernel_wait=8.825s kernel_drain=15.714s
[attn-split] single: calls=3627 total=3.513s encode=1.343s wait=1.419s drain=0.751s waits=6279 untimed=1226 | wide: calls=558 total=6.278s encode=1.287s wait=4.991s drain=0.000s waits=552 untimed=552 | hint: calls=4140 total=3.142s encode=0.011s wait=3.130s drain=0.000s waits=4329 untimed=4329
[kernel-split] single: calls=3954 total=15.551s encode=0.397s wait=0.228s drain=14.926s waits=4202 untimed=3200 | wide: calls=1617 total=10.388s encode=1.003s wait=8.598s drain=0.788s waits=1617 untimed=0
[kernel-sub] materialize=0.503s moe=9.892s precommit=14.961s rest=0.583s
[metal-cache] calls=13584 zero_copy_wraps=513 copies=0 cache_entries=187 bindless=true
000
[stats] generated=44 elapsed=113.346s speed=0.3882 token/s (2.576 s/token) chunks=43 committed_rows=114 verify_tx=4 drafts=2/14 layer_passes=3999 expert_rows=10488 expert_tiles=4818
[verify-width] w1=0 w2=3 w3=0 w4=0 w5=0 w6=0 w7=0 w8+=1              (w1 share 0.0% of 4 transactions)
[opens] expert file opens=251287 total=2.811s mean=0.011ms requested_bytes=2837826501824 (2837.8 GB)
[split-eta] chunks served hot=47783 dir_c=27693 dir_b=60130 primary=118952
[arrival] tiles=1229 waves=1803 uncovered_wait=39.398s dispatch=9.685s
[retain] enabled=false cap_gb=8 layers=63..=92 consults=0 wanted=0 hits=0 inserts=0 served=0.0MB
[summer] enabled=false cap_gb=8 sample=16 consults=0 wanted=0 hits=0 hit_rate=0.0% misses=0 inserts=0 evictions=0 recycled=0 allocs=0 pin_skips=0 gated=0 ramp=2..50 bar=0 suppressed=0 wide_skips=0 served=0.0MB copied=0.0MB ssd_avoided=0.0GB live=0/0.0GB model=0 protected=0 declined=0 topup_suppressed=0 aged=0 into=0/0/0 pending=0
[mirror-split] internal=0 K3C=0 K3B=0 K3A=0  shares=0%/0%/0%/0%
[phases] mono=417850.838269 chunks=43 sequence=103.426s read_wait=0.170s bind_upload=1.646s attention_resident=7.873s expert_read_prefetch=31.870s expert_demand_read=18.994s expert_plan=3.134s expert_hint=0.000s expert_submit=0.000s expert_kernel=61.043s source_fence=0.000s tail_head_sync=0.674s layer_other=0.111s expert_read_gross=28.736s plan_hint=3.023s plan_sched=0.109s attn_total=9.867s attn_encode=2.658s attn_wait=6.444s attn_drain=0.766s kernel_total=26.300s kernel_host=1.410s kernel_wait=8.830s kernel_drain=16.060s
[attn-split] single: calls=3720 total=3.589s encode=1.371s wait=1.452s drain=0.766s waits=6440 untimed=1258 | wide: calls=558 total=6.278s encode=1.287s wait=4.991s drain=0.000s waits=552 untimed=552 | hint: calls=4232 total=3.221s encode=0.012s wait=3.209s drain=0.000s waits=4420 untimed=4420
[kernel-split] single: calls=4051 total=15.912s encode=0.407s wait=0.233s drain=15.272s waits=4305 untimed=3283 | wide: calls=1617 total=10.388s encode=1.003s wait=8.598s drain=0.788s waits=1617 untimed=0
[kernel-sub] materialize=0.503s moe=9.900s precommit=15.310s rest=0.588s
[metal-cache] calls=13681 zero_copy_wraps=513 copies=0 cache_entries=187 bindless=true
  

[stats] generated=45 elapsed=114.645s speed=0.3925 token/s (2.548 s/token) chunks=44 committed_rows=115 verify_tx=4 drafts=2/14 layer_passes=4092 expert_rows=10580 expert_tiles=4910
[verify-width] w1=0 w2=3 w3=0 w4=0 w5=0 w6=0 w7=0 w8+=1              (w1 share 0.0% of 4 transactions)
[opens] expert file opens=256719 total=2.873s mean=0.011ms requested_bytes=2874535509184 (2874.5 GB)
[split-eta] chunks served hot=48590 dir_c=28131 dir_b=61140 primary=120881
[arrival] tiles=1230 waves=1810 uncovered_wait=39.409s dispatch=9.691s
[retain] enabled=false cap_gb=8 layers=63..=92 consults=0 wanted=0 hits=0 inserts=0 served=0.0MB
[summer] enabled=false cap_gb=8 sample=16 consults=0 wanted=0 hits=0 hit_rate=0.0% misses=0 inserts=0 evictions=0 recycled=0 allocs=0 pin_skips=0 gated=0 ramp=2..50 bar=0 suppressed=0 wide_skips=0 served=0.0MB copied=0.0MB ssd_avoided=0.0GB live=0/0.0GB model=0 protected=0 declined=0 topup_suppressed=0 aged=0 into=0/0/0 pending=0
[mirror-split] internal=0 K3C=0 K3B=0 K3A=0  shares=0%/0%/0%/0%
[phases] mono=417852.136683 chunks=44 sequence=104.723s read_wait=0.170s bind_upload=1.646s attention_resident=7.946s expert_read_prefetch=32.682s expert_demand_read=19.488s expert_plan=3.199s expert_hint=0.000s expert_submit=0.000s expert_kernel=61.437s source_fence=0.000s tail_head_sync=0.691s layer_other=0.112s expert_read_gross=29.483s plan_hint=3.088s plan_sched=0.110s attn_total=9.940s attn_encode=2.683s attn_wait=6.473s attn_drain=0.785s kernel_total=26.683s kernel_host=1.420s kernel_wait=8.834s kernel_drain=16.429s
[attn-split] single: calls=3813 total=3.661s encode=1.396s wait=1.481s drain=0.785s waits=6601 untimed=1295 | wide: calls=558 total=6.278s encode=1.287s wait=4.991s drain=0.000s waits=552 untimed=552 | hint: calls=4324 total=3.285s encode=0.012s wait=3.273s drain=0.000s waits=4511 untimed=4511
[kernel-split] single: calls=4149 total=16.295s encode=0.417s wait=0.237s drain=15.641s waits=4410 untimed=3369 | wide: calls=1617 total=10.388s encode=1.003s wait=8.598s drain=0.788s waits=1617 untimed=0
[kernel-sub] materialize=0.503s moe=9.907s precommit=15.681s rest=0.592s
[metal-cache] calls=13779 zero_copy_wraps=513 copies=0 cache_entries=187 bindless=true
[route-chain] chained=2760
[route-chain] dedup_hits=2760
**
[stats] generated=46 elapsed=115.907s speed=0.3969 token/s (2.520 s/token) chunks=45 committed_rows=116 verify_tx=4 drafts=2/14 layer_passes=4185 expert_rows=10672 expert_tiles=5002
[verify-width] w1=0 w2=3 w3=0 w4=0 w5=0 w6=0 w7=0 w8+=1              (w1 share 0.0% of 4 transactions)
[opens] expert file opens=261860 total=2.931s mean=0.011ms requested_bytes=2909884513472 (2909.9 GB)
[split-eta] chunks served hot=49383 dir_c=28559 dir_b=62094 primary=122735
[arrival] tiles=1231 waves=1815 uncovered_wait=39.419s dispatch=9.697s
[retain] enabled=false cap_gb=8 layers=63..=92 consults=0 wanted=0 hits=0 inserts=0 served=0.0MB
[summer] enabled=false cap_gb=8 sample=16 consults=0 wanted=0 hits=0 hit_rate=0.0% misses=0 inserts=0 evictions=0 recycled=0 allocs=0 pin_skips=0 gated=0 ramp=2..50 bar=0 suppressed=0 wide_skips=0 served=0.0MB copied=0.0MB ssd_avoided=0.0GB live=0/0.0GB model=0 protected=0 declined=0 topup_suppressed=0 aged=0 into=0/0/0 pending=0
[mirror-split] internal=0 K3C=0 K3B=0 K3A=0  shares=0%/0%/0%/0%
[phases] mono=417853.398785 chunks=45 sequence=105.984s read_wait=0.170s bind_upload=1.646s attention_resident=8.039s expert_read_prefetch=33.428s expert_demand_read=19.935s expert_plan=3.277s expert_hint=0.000s expert_submit=0.000s expert_kernel=61.839s source_fence=0.000s tail_head_sync=0.708s layer_other=0.114s expert_read_gross=30.152s plan_hint=3.164s plan_sched=0.111s attn_total=10.033s attn_encode=2.724s attn_wait=6.509s attn_drain=0.801s kernel_total=27.075s kernel_host=1.429s kernel_wait=8.837s kernel_drain=16.809s
[attn-split] single: calls=3906 total=3.755s encode=1.437s wait=1.517s drain=0.801s waits=6762 untimed=1326 | wide: calls=558 total=6.278s encode=1.287s wait=4.991s drain=0.000s waits=552 untimed=552 | hint: calls=4416 total=3.361s encode=0.012s wait=3.349s drain=0.000s waits=4602 untimed=4602
[kernel-split] single: calls=4245 total=16.687s encode=0.426s wait=0.240s drain=16.021s waits=4511 untimed=3452 | wide: calls=1617 total=10.388s encode=1.003s wait=8.598s drain=0.788s waits=1617 untimed=0
[kernel-sub] materialize=0.503s moe=9.912s precommit=16.064s rest=0.597s
[metal-cache] calls=13875 zero_copy_wraps=513 copies=0 cache_entries=187 bindless=true
G
[stats] generated=47 elapsed=117.143s speed=0.4012 token/s (2.492 s/token) chunks=46 committed_rows=117 verify_tx=4 drafts=2/14 layer_passes=4278 expert_rows=10764 expert_tiles=5094
[verify-width] w1=0 w2=3 w3=0 w4=0 w5=0 w6=0 w7=0 w8+=1              (w1 share 0.0% of 4 transactions)
[opens] expert file opens=266926 total=2.986s mean=0.011ms requested_bytes=2944698334400 (2944.7 GB)
[split-eta] chunks served hot=50144 dir_c=29002 dir_b=63036 primary=124557
[arrival] tiles=1232 waves=1822 uncovered_wait=39.430s dispatch=9.705s
[retain] enabled=false cap_gb=8 layers=63..=92 consults=0 wanted=0 hits=0 inserts=0 served=0.0MB
[summer] enabled=false cap_gb=8 sample=16 consults=0 wanted=0 hits=0 hit_rate=0.0% misses=0 inserts=0 evictions=0 recycled=0 allocs=0 pin_skips=0 gated=0 ramp=2..50 bar=0 suppressed=0 wide_skips=0 served=0.0MB copied=0.0MB ssd_avoided=0.0GB live=0/0.0GB model=0 protected=0 declined=0 topup_suppressed=0 aged=0 into=0/0/0 pending=0
[mirror-split] internal=0 K3C=0 K3B=0 K3A=0  shares=0%/0%/0%/0%
[phases] mono=417854.634866 chunks=46 sequence=107.218s read_wait=0.170s bind_upload=1.646s attention_resident=8.116s expert_read_prefetch=34.148s expert_demand_read=20.349s expert_plan=3.360s expert_hint=0.000s expert_submit=0.000s expert_kernel=62.261s source_fence=0.000s tail_head_sync=0.724s layer_other=0.115s expert_read_gross=30.788s plan_hint=3.246s plan_sched=0.113s attn_total=10.109s attn_encode=2.747s attn_wait=6.538s attn_drain=0.824s kernel_total=27.485s kernel_host=1.439s kernel_wait=8.842s kernel_drain=17.204s
[attn-split] single: calls=3999 total=3.831s encode=1.460s wait=1.546s drain=0.824s waits=6923 untimed=1356 | wide: calls=558 total=6.278s encode=1.287s wait=4.991s drain=0.000s waits=552 untimed=552 | hint: calls=4508 total=3.443s encode=0.012s wait=3.431s drain=0.000s waits=4693 untimed=4693
[kernel-split] single: calls=4343 total=17.097s encode=0.436s wait=0.244s drain=16.416s waits=4616 untimed=3532 | wide: calls=1617 total=10.388s encode=1.003s wait=8.598s drain=0.788s waits=1617 untimed=0
[kernel-sub] materialize=0.503s moe=9.920s precommit=16.462s rest=0.601s
[metal-cache] calls=13973 zero_copy_wraps=513 copies=0 cache_entries=187 bindless=true
ross
[stats] generated=48 elapsed=118.408s speed=0.4054 token/s (2.467 s/token) chunks=47 committed_rows=118 verify_tx=4 drafts=2/14 layer_passes=4371 expert_rows=10856 expert_tiles=5186
[verify-width] w1=0 w2=3 w3=0 w4=0 w5=0 w6=0 w7=0 w8+=1              (w1 share 0.0% of 4 transactions)
[opens] expert file opens=272273 total=3.042s mean=0.011ms requested_bytes=2980363205824 (2980.4 GB)
[split-eta] chunks served hot=50917 dir_c=29421 dir_b=64016 primary=126450
[arrival] tiles=1233 waves=1826 uncovered_wait=39.440s dispatch=9.711s
[retain] enabled=false cap_gb=8 layers=63..=92 consults=0 wanted=0 hits=0 inserts=0 served=0.0MB
[summer] enabled=false cap_gb=8 sample=16 consults=0 wanted=0 hits=0 hit_rate=0.0% misses=0 inserts=0 evictions=0 recycled=0 allocs=0 pin_skips=0 gated=0 ramp=2..50 bar=0 suppressed=0 wide_skips=0 served=0.0MB copied=0.0MB ssd_avoided=0.0GB live=0/0.0GB model=0 protected=0 declined=0 topup_suppressed=0 aged=0 into=0/0/0 pending=0
[mirror-split] internal=0 K3C=0 K3B=0 K3A=0  shares=0%/0%/0%/0%
[phases] mono=417855.899727 chunks=47 sequence=108.482s read_wait=0.170s bind_upload=1.646s attention_resident=8.200s expert_read_prefetch=34.875s expert_demand_read=20.778s expert_plan=3.439s expert_hint=0.000s expert_submit=0.000s expert_kernel=62.695s source_fence=0.000s tail_head_sync=0.741s layer_other=0.116s expert_read_gross=31.436s plan_hint=3.324s plan_sched=0.114s attn_total=10.193s attn_encode=2.774s attn_wait=6.575s attn_drain=0.844s kernel_total=27.910s kernel_host=1.448s kernel_wait=8.846s kernel_drain=17.616s
[attn-split] single: calls=4092 total=3.915s encode=1.487s wait=1.584s drain=0.844s waits=7084 untimed=1386 | wide: calls=558 total=6.278s encode=1.287s wait=4.991s drain=0.000s waits=552 untimed=552 | hint: calls=4600 total=3.521s encode=0.012s wait=3.509s drain=0.000s waits=4784 untimed=4784
[kernel-split] single: calls=4438 total=17.522s encode=0.445s wait=0.249s drain=16.828s waits=4715 untimed=3612 | wide: calls=1617 total=10.388s encode=1.003s wait=8.598s drain=0.788s waits=1617 untimed=0
[kernel-sub] materialize=0.503s moe=9.926s precommit=16.876s rest=0.605s
[metal-cache] calls=14068 zero_copy_wraps=513 copies=0 cache_entries=187 bindless=true
 Profit
[stats] generated=49 elapsed=119.689s speed=0.4094 token/s (2.443 s/token) chunks=48 committed_rows=119 verify_tx=4 drafts=2/14 layer_passes=4464 expert_rows=10948 expert_tiles=5278
[verify-width] w1=0 w2=3 w3=0 w4=0 w5=0 w6=0 w7=0 w8+=1              (w1 share 0.0% of 4 transactions)
[opens] expert file opens=277776 total=3.102s mean=0.011ms requested_bytes=3016203582656 (3016.2 GB)
[split-eta] chunks served hot=51685 dir_c=29805 dir_b=65017 primary=128382
[arrival] tiles=1234 waves=1833 uncovered_wait=39.450s dispatch=9.718s
[retain] enabled=false cap_gb=8 layers=63..=92 consults=0 wanted=0 hits=0 inserts=0 served=0.0MB
[summer] enabled=false cap_gb=8 sample=16 consults=0 wanted=0 hits=0 hit_rate=0.0% misses=0 inserts=0 evictions=0 recycled=0 allocs=0 pin_skips=0 gated=0 ramp=2..50 bar=0 suppressed=0 wide_skips=0 served=0.0MB copied=0.0MB ssd_avoided=0.0GB live=0/0.0GB model=0 protected=0 declined=0 topup_suppressed=0 aged=0 into=0/0/0 pending=0
[mirror-split] internal=0 K3C=0 K3B=0 K3A=0  shares=0%/0%/0%/0%
[phases] mono=417857.180553 chunks=48 sequence=109.762s read_wait=0.170s bind_upload=1.646s attention_resident=8.273s expert_read_prefetch=35.702s expert_demand_read=21.292s expert_plan=3.510s expert_hint=0.000s expert_submit=0.000s expert_kernel=63.057s source_fence=0.000s tail_head_sync=0.757s layer_other=0.117s expert_read_gross=32.191s plan_hint=3.395s plan_sched=0.115s attn_total=10.266s attn_encode=2.803s attn_wait=6.602s attn_drain=0.861s kernel_total=28.261s kernel_host=1.458s kernel_wait=8.850s kernel_drain=17.954s
[attn-split] single: calls=4185 total=3.987s encode=1.516s wait=1.611s drain=0.861s waits=7245 untimed=1415 | wide: calls=558 total=6.278s encode=1.287s wait=4.991s drain=0.000s waits=552 untimed=552 | hint: calls=4692 total=3.592s encode=0.013s wait=3.579s drain=0.000s waits=4875 untimed=4875
[kernel-split] single: calls=4536 total=17.873s encode=0.455s wait=0.252s drain=17.166s waits=4820 untimed=3695 | wide: calls=1617 total=10.388s encode=1.003s wait=8.598s drain=0.788s waits=1617 untimed=0
[kernel-sub] materialize=0.503s moe=9.932s precommit=17.216s rest=0.610s
[metal-cache] calls=14166 zero_copy_wraps=513 copies=0 cache_entries=187 bindless=true
 =
[stats] generated=50 elapsed=120.964s speed=0.4133 token/s (2.419 s/token) chunks=49 committed_rows=120 verify_tx=4 drafts=2/14 layer_passes=4557 expert_rows=11040 expert_tiles=5370
[verify-width] w1=0 w2=3 w3=0 w4=0 w5=0 w6=0 w7=0 w8+=1              (w1 share 0.0% of 4 transactions)
[opens] expert file opens=283043 total=3.157s mean=0.011ms requested_bytes=3051368398016 (3051.4 GB)
[split-eta] chunks served hot=52429 dir_c=30193 dir_b=65997 primary=130278
[arrival] tiles=1235 waves=1840 uncovered_wait=39.460s dispatch=9.725s
[retain] enabled=false cap_gb=8 layers=63..=92 consults=0 wanted=0 hits=0 inserts=0 served=0.0MB
[summer] enabled=false cap_gb=8 sample=16 consults=0 wanted=0 hits=0 hit_rate=0.0% misses=0 inserts=0 evictions=0 recycled=0 allocs=0 pin_skips=0 gated=0 ramp=2..50 bar=0 suppressed=0 wide_skips=0 served=0.0MB copied=0.0MB ssd_avoided=0.0GB live=0/0.0GB model=0 protected=0 declined=0 topup_suppressed=0 aged=0 into=0/0/0 pending=0
[mirror-split] internal=0 K3C=0 K3B=0 K3A=0  shares=0%/0%/0%/0%
[phases] mono=417858.455990 chunks=49 sequence=111.036s read_wait=0.170s bind_upload=1.646s attention_resident=8.372s expert_read_prefetch=36.489s expert_demand_read=21.778s expert_plan=3.595s expert_hint=0.000s expert_submit=0.000s expert_kernel=63.427s source_fence=0.000s tail_head_sync=0.774s layer_other=0.119s expert_read_gross=32.894s plan_hint=3.478s plan_sched=0.116s attn_total=10.365s attn_encode=2.855s attn_wait=6.633s attn_drain=0.878s kernel_total=28.621s kernel_host=1.467s kernel_wait=8.854s kernel_drain=18.300s
[attn-split] single: calls=4278 total=4.086s encode=1.568s wait=1.641s drain=0.878s waits=7406 untimed=1447 | wide: calls=558 total=6.278s encode=1.287s wait=4.991s drain=0.000s waits=552 untimed=552 | hint: calls=4784 total=3.675s encode=0.013s wait=3.662s drain=0.000s waits=4966 untimed=4966
[kernel-split] single: calls=4634 total=18.232s encode=0.464s wait=0.256s drain=17.512s waits=4925 untimed=3780 | wide: calls=1617 total=10.388s encode=1.003s wait=8.598s drain=0.788s waits=1617 untimed=0
[kernel-sub] materialize=0.503s moe=9.939s precommit=17.565s rest=0.614s
[metal-cache] calls=14264 zero_copy_wraps=513 copies=0 cache_entries=187 bindless=true
 
[stats] generated=51 elapsed=122.221s speed=0.4173 token/s (2.396 s/token) chunks=50 committed_rows=121 verify_tx=4 drafts=2/14 layer_passes=4650 expert_rows=11132 expert_tiles=5462
[verify-width] w1=0 w2=3 w3=0 w4=0 w5=0 w6=0 w7=0 w8+=1              (w1 share 0.0% of 4 transactions)
[opens] expert file opens=288321 total=3.213s mean=0.011ms requested_bytes=3086840249536 (3086.8 GB)
[split-eta] chunks served hot=53206 dir_c=30599 dir_b=66973 primary=132162
[arrival] tiles=1236 waves=1845 uncovered_wait=39.468s dispatch=9.733s
[retain] enabled=false cap_gb=8 layers=63..=92 consults=0 wanted=0 hits=0 inserts=0 served=0.0MB
[summer] enabled=false cap_gb=8 sample=16 consults=0 wanted=0 hits=0 hit_rate=0.0% misses=0 inserts=0 evictions=0 recycled=0 allocs=0 pin_skips=0 gated=0 ramp=2..50 bar=0 suppressed=0 wide_skips=0 served=0.0MB copied=0.0MB ssd_avoided=0.0GB live=0/0.0GB model=0 protected=0 declined=0 topup_suppressed=0 aged=0 into=0/0/0 pending=0
[mirror-split] internal=0 K3C=0 K3B=0 K3A=0  shares=0%/0%/0%/0%
[phases] mono=417859.712444 chunks=50 sequence=112.291s read_wait=0.170s bind_upload=1.646s attention_resident=8.458s expert_read_prefetch=37.252s expert_demand_read=22.270s expert_plan=3.673s expert_hint=0.000s expert_submit=0.000s expert_kernel=63.815s source_fence=0.000s tail_head_sync=0.791s layer_other=0.120s expert_read_gross=33.578s plan_hint=3.555s plan_sched=0.117s attn_total=10.451s attn_encode=2.879s attn_wait=6.673s attn_drain=0.899s kernel_total=29.000s kernel_host=1.475s kernel_wait=8.859s kernel_drain=18.666s
[attn-split] single: calls=4371 total=4.172s encode=1.592s wait=1.682s drain=0.899s waits=7567 untimed=1477 | wide: calls=558 total=6.278s encode=1.287s wait=4.991s drain=0.000s waits=552 untimed=552 | hint: calls=4876 total=3.752s encode=0.013s wait=3.739s drain=0.000s waits=5057 untimed=5057
[kernel-split] single: calls=4730 total=18.612s encode=0.473s wait=0.261s drain=17.878s waits=5026 untimed=3862 | wide: calls=1617 total=10.388s encode=1.003s wait=8.598s drain=0.788s waits=1617 untimed=0
[kernel-sub] materialize=0.503s moe=9.948s precommit=17.932s rest=0.618s
[metal-cache] calls=14360 zero_copy_wraps=513 copies=0 cache_entries=187 bindless=true
1
[stats] generated=52 elapsed=123.541s speed=0.4209 token/s (2.376 s/token) chunks=51 committed_rows=122 verify_tx=4 drafts=2/14 layer_passes=4743 expert_rows=11224 expert_tiles=5554
[verify-width] w1=0 w2=3 w3=0 w4=0 w5=0 w6=0 w7=0 w8+=1              (w1 share 0.0% of 4 transactions)
[opens] expert file opens=293877 total=3.271s mean=0.011ms requested_bytes=3124479179968 (3124.5 GB)
[split-eta] chunks served hot=54022 dir_c=31065 dir_b=68000 primary=134143
[arrival] tiles=1237 waves=1849 uncovered_wait=39.478s dispatch=9.739s
[retain] enabled=false cap_gb=8 layers=63..=92 consults=0 wanted=0 hits=0 inserts=0 served=0.0MB
[summer] enabled=false cap_gb=8 sample=16 consults=0 wanted=0 hits=0 hit_rate=0.0% misses=0 inserts=0 evictions=0 recycled=0 allocs=0 pin_skips=0 gated=0 ramp=2..50 bar=0 suppressed=0 wide_skips=0 served=0.0MB copied=0.0MB ssd_avoided=0.0GB live=0/0.0GB model=0 protected=0 declined=0 topup_suppressed=0 aged=0 into=0/0/0 pending=0
[mirror-split] internal=0 K3C=0 K3B=0 K3A=0  shares=0%/0%/0%/0%
[phases] mono=417861.032900 chunks=51 sequence=113.611s read_wait=0.170s bind_upload=1.646s attention_resident=8.536s expert_read_prefetch=38.075s expert_demand_read=22.768s expert_plan=3.748s expert_hint=0.000s expert_submit=0.000s expert_kernel=64.215s source_fence=0.000s tail_head_sync=0.808s layer_other=0.121s expert_read_gross=34.327s plan_hint=3.629s plan_sched=0.118s attn_total=10.528s attn_encode=2.904s attn_wait=6.705s attn_drain=0.919s kernel_total=29.391s kernel_host=1.484s kernel_wait=8.862s kernel_drain=19.045s
[attn-split] single: calls=4464 total=4.250s encode=1.618s wait=1.714s drain=0.919s waits=7728 untimed=1510 | wide: calls=558 total=6.278s encode=1.287s wait=4.991s drain=0.000s waits=552 untimed=552 | hint: calls=4968 total=3.826s encode=0.013s wait=3.812s drain=0.000s waits=5148 untimed=5148
[kernel-split] single: calls=4825 total=19.003s encode=0.481s wait=0.265s drain=18.257s waits=5125 untimed=3943 | wide: calls=1617 total=10.388s encode=1.003s wait=8.598s drain=0.788s waits=1617 untimed=0
[kernel-sub] materialize=0.503s moe=9.954s precommit=18.313s rest=0.622s
[metal-cache] calls=14455 zero_copy_wraps=513 copies=0 cache_entries=187 bindless=true
,
[stats] generated=53 elapsed=124.767s speed=0.4248 token/s (2.354 s/token) chunks=52 committed_rows=123 verify_tx=4 drafts=2/14 layer_passes=4836 expert_rows=11316 expert_tiles=5646
[verify-width] w1=0 w2=3 w3=0 w4=0 w5=0 w6=0 w7=0 w8+=1              (w1 share 0.0% of 4 transactions)
[opens] expert file opens=299080 total=3.331s mean=0.011ms requested_bytes=3160038800576 (3160.0 GB)
[split-eta] chunks served hot=54801 dir_c=31507 dir_b=68969 primary=136006
[arrival] tiles=1238 waves=1855 uncovered_wait=39.487s dispatch=9.747s
[retain] enabled=false cap_gb=8 layers=63..=92 consults=0 wanted=0 hits=0 inserts=0 served=0.0MB
[summer] enabled=false cap_gb=8 sample=16 consults=0 wanted=0 hits=0 hit_rate=0.0% misses=0 inserts=0 evictions=0 recycled=0 allocs=0 pin_skips=0 gated=0 ramp=2..50 bar=0 suppressed=0 wide_skips=0 served=0.0MB copied=0.0MB ssd_avoided=0.0GB live=0/0.0GB model=0 protected=0 declined=0 topup_suppressed=0 aged=0 into=0/0/0 pending=0
[mirror-split] internal=0 K3C=0 K3B=0 K3A=0  shares=0%/0%/0%/0%
[phases] mono=417862.258964 chunks=52 sequence=114.836s read_wait=0.170s bind_upload=1.646s attention_resident=8.612s expert_read_prefetch=38.807s expert_demand_read=23.202s expert_plan=3.815s expert_hint=0.000s expert_submit=0.000s expert_kernel=64.625s source_fence=0.000s tail_head_sync=0.814s layer_other=0.123s expert_read_gross=34.991s plan_hint=3.695s plan_sched=0.119s attn_total=10.604s attn_encode=2.933s attn_wait=6.737s attn_drain=0.934s kernel_total=29.792s kernel_host=1.495s kernel_wait=8.866s kernel_drain=19.431s
[attn-split] single: calls=4557 total=4.326s encode=1.646s wait=1.745s drain=0.934s waits=7889 untimed=1540 | wide: calls=558 total=6.278s encode=1.287s wait=4.991s drain=0.000s waits=552 untimed=552 | hint: calls=5060 total=3.891s encode=0.013s wait=3.878s drain=0.000s waits=5239 untimed=5239
[kernel-split] single: calls=4922 total=19.404s encode=0.492s wait=0.269s drain=18.643s waits=5228 untimed=4032 | wide: calls=1617 total=10.388s encode=1.003s wait=8.598s drain=0.788s waits=1617 untimed=0
[kernel-sub] materialize=0.503s moe=9.961s precommit=18.702s rest=0.627s
[metal-cache] calls=14552 zero_copy_wraps=513 copies=0 cache_entries=187 bindless=true
550
[stats] generated=54 elapsed=126.031s speed=0.4285 token/s (2.334 s/token) chunks=53 committed_rows=124 verify_tx=4 drafts=2/14 layer_passes=4929 expert_rows=11408 expert_tiles=5738
[verify-width] w1=0 w2=3 w3=0 w4=0 w5=0 w6=0 w7=0 w8+=1              (w1 share 0.0% of 4 transactions)
[opens] expert file opens=304353 total=3.394s mean=0.011ms requested_bytes=3195344043200 (3195.3 GB)
[split-eta] chunks served hot=55579 dir_c=31888 dir_b=69942 primary=137898
[arrival] tiles=1239 waves=1863 uncovered_wait=39.500s dispatch=9.754s
[retain] enabled=false cap_gb=8 layers=63..=92 consults=0 wanted=0 hits=0 inserts=0 served=0.0MB
[summer] enabled=false cap_gb=8 sample=16 consults=0 wanted=0 hits=0 hit_rate=0.0% misses=0 inserts=0 evictions=0 recycled=0 allocs=0 pin_skips=0 gated=0 ramp=2..50 bar=0 suppressed=0 wide_skips=0 served=0.0MB copied=0.0MB ssd_avoided=0.0GB live=0/0.0GB model=0 protected=0 declined=0 topup_suppressed=0 aged=0 into=0/0/0 pending=0
[mirror-split] internal=0 K3C=0 K3B=0 K3A=0  shares=0%/0%/0%/0%
[phases] mono=417863.522445 chunks=53 sequence=116.098s read_wait=0.170s bind_upload=1.646s attention_resident=8.709s expert_read_prefetch=39.630s expert_demand_read=23.699s expert_plan=3.896s expert_hint=0.000s expert_submit=0.000s expert_kernel=64.949s source_fence=0.000s tail_head_sync=0.831s layer_other=0.124s expert_read_gross=35.734s plan_hint=3.774s plan_sched=0.120s attn_total=10.701s attn_encode=2.984s attn_wait=6.759s attn_drain=0.958s kernel_total=30.102s kernel_host=1.504s kernel_wait=8.870s kernel_drain=19.728s
[attn-split] single: calls=4650 total=4.423s encode=1.697s wait=1.768s drain=0.958s waits=8050 untimed=1566 | wide: calls=558 total=6.278s encode=1.287s wait=4.991s drain=0.000s waits=552 untimed=552 | hint: calls=5152 total=3.971s encode=0.014s wait=3.957s drain=0.000s waits=5330 untimed=5330
[kernel-split] single: calls=5021 total=19.714s encode=0.501s wait=0.273s drain=18.940s waits=5335 untimed=4123 | wide: calls=1617 total=10.388s encode=1.003s wait=8.598s drain=0.788s waits=1617 untimed=0
[kernel-sub] materialize=0.503s moe=9.968s precommit=19.001s rest=0.631s
[metal-cache] calls=14651 zero_copy_wraps=513 copies=0 cache_entries=187 bindless=true
,
[stats] generated=55 elapsed=127.273s speed=0.4321 token/s (2.314 s/token) chunks=54 committed_rows=125 verify_tx=4 drafts=2/14 layer_passes=5022 expert_rows=11500 expert_tiles=5830
[verify-width] w1=0 w2=3 w3=0 w4=0 w5=0 w6=0 w7=0 w8+=1              (w1 share 0.0% of 4 transactions)
[opens] expert file opens=309693 total=3.452s mean=0.011ms requested_bytes=3230886100160 (3230.9 GB)
[split-eta] chunks served hot=56351 dir_c=32309 dir_b=70917 primary=139781
[arrival] tiles=1240 waves=1870 uncovered_wait=39.508s dispatch=9.763s
[retain] enabled=false cap_gb=8 layers=63..=92 consults=0 wanted=0 hits=0 inserts=0 served=0.0MB
[summer] enabled=false cap_gb=8 sample=16 consults=0 wanted=0 hits=0 hit_rate=0.0% misses=0 inserts=0 evictions=0 recycled=0 allocs=0 pin_skips=0 gated=0 ramp=2..50 bar=0 suppressed=0 wide_skips=0 served=0.0MB copied=0.0MB ssd_avoided=0.0GB live=0/0.0GB model=0 protected=0 declined=0 topup_suppressed=0 aged=0 into=0/0/0 pending=0
[mirror-split] internal=0 K3C=0 K3B=0 K3A=0  shares=0%/0%/0%/0%
[phases] mono=417864.765411 chunks=54 sequence=117.339s read_wait=0.170s bind_upload=1.646s attention_resident=8.785s expert_read_prefetch=40.431s expert_demand_read=24.181s expert_plan=3.969s expert_hint=0.000s expert_submit=0.000s expert_kernel=65.302s source_fence=0.000s tail_head_sync=0.841s layer_other=0.125s expert_read_gross=36.462s plan_hint=3.846s plan_sched=0.121s attn_total=10.777s attn_encode=3.009s attn_wait=6.793s attn_drain=0.975s kernel_total=30.448s kernel_host=1.514s kernel_wait=8.875s kernel_drain=20.059s
[attn-split] single: calls=4743 total=4.498s encode=1.722s wait=1.802s drain=0.975s waits=8211 untimed=1604 | wide: calls=558 total=6.278s encode=1.287s wait=4.991s drain=0.000s waits=552 untimed=552 | hint: calls=5244 total=4.043s encode=0.014s wait=4.029s drain=0.000s waits=5421 untimed=5421
[kernel-split] single: calls=5119 total=20.059s encode=0.511s wait=0.278s drain=19.271s waits=5440 untimed=4211 | wide: calls=1617 total=10.388s encode=1.003s wait=8.598s drain=0.788s waits=1617 untimed=0
[kernel-sub] materialize=0.503s moe=9.977s precommit=19.334s rest=0.635s
[metal-cache] calls=14749 zero_copy_wraps=513 copies=0 cache_entries=187 bindless=true
000
[stats] generated=56 elapsed=128.525s speed=0.4357 token/s (2.295 s/token) chunks=55 committed_rows=126 verify_tx=4 drafts=2/14 layer_passes=5115 expert_rows=11592 expert_tiles=5922
[verify-width] w1=0 w2=3 w3=0 w4=0 w5=0 w6=0 w7=0 w8+=1              (w1 share 0.0% of 4 transactions)
[opens] expert file opens=314970 total=3.507s mean=0.011ms requested_bytes=3266007039168 (3266.0 GB)
[split-eta] chunks served hot=57102 dir_c=32725 dir_b=71881 primary=141653
[arrival] tiles=1241 waves=1876 uncovered_wait=39.516s dispatch=9.770s
[retain] enabled=false cap_gb=8 layers=63..=92 consults=0 wanted=0 hits=0 inserts=0 served=0.0MB
[summer] enabled=false cap_gb=8 sample=16 consults=0 wanted=0 hits=0 hit_rate=0.0% misses=0 inserts=0 evictions=0 recycled=0 allocs=0 pin_skips=0 gated=0 ramp=2..50 bar=0 suppressed=0 wide_skips=0 served=0.0MB copied=0.0MB ssd_avoided=0.0GB live=0/0.0GB model=0 protected=0 declined=0 topup_suppressed=0 aged=0 into=0/0/0 pending=0
[mirror-split] internal=0 K3C=0 K3B=0 K3A=0  shares=0%/0%/0%/0%
[phases] mono=417866.017349 chunks=55 sequence=118.590s read_wait=0.170s bind_upload=1.646s attention_resident=8.861s expert_read_prefetch=41.225s expert_demand_read=24.649s expert_plan=4.048s expert_hint=0.000s expert_submit=0.000s expert_kernel=65.665s source_fence=0.000s tail_head_sync=0.856s layer_other=0.126s expert_read_gross=37.177s plan_hint=3.924s plan_sched=0.122s attn_total=10.853s attn_encode=3.036s attn_wait=6.826s attn_drain=0.990s kernel_total=30.802s kernel_host=1.522s kernel_wait=8.880s kernel_drain=20.399s
[attn-split] single: calls=4836 total=4.574s encode=1.749s wait=1.835s drain=0.990s waits=8372 untimed=1640 | wide: calls=558 total=6.278s encode=1.287s wait=4.991s drain=0.000s waits=552 untimed=552 | hint: calls=5336 total=4.121s encode=0.014s wait=4.107s drain=0.000s waits=5512 untimed=5512
[kernel-split] single: calls=5216 total=20.414s encode=0.520s wait=0.282s drain=19.611s waits=5543 untimed=4294 | wide: calls=1617 total=10.388s encode=1.003s wait=8.598s drain=0.788s waits=1617 untimed=0
[kernel-sub] materialize=0.503s moe=9.984s precommit=19.677s rest=0.639s
[metal-cache] calls=14846 zero_copy_wraps=513 copies=0 cache_entries=187 bindless=true
[route-chain] chained=3450
[route-chain] dedup_hits=3450
**


[stats] generated=57 elapsed=129.812s speed=0.4391 token/s (2.277 s/token) chunks=56 committed_rows=127 verify_tx=4 drafts=2/14 layer_passes=5208 expert_rows=11684 expert_tiles=6014
[verify-width] w1=0 w2=3 w3=0 w4=0 w5=0 w6=0 w7=0 w8+=1              (w1 share 0.0% of 4 transactions)
[opens] expert file opens=320378 total=3.565s mean=0.011ms requested_bytes=3302435224768 (3302.4 GB)
[split-eta] chunks served hot=57903 dir_c=33172 dir_b=72877 primary=143561
[arrival] tiles=1242 waves=1882 uncovered_wait=39.525s dispatch=9.776s
[retain] enabled=false cap_gb=8 layers=63..=92 consults=0 wanted=0 hits=0 inserts=0 served=0.0MB
[summer] enabled=false cap_gb=8 sample=16 consults=0 wanted=0 hits=0 hit_rate=0.0% misses=0 inserts=0 evictions=0 recycled=0 allocs=0 pin_skips=0 gated=0 ramp=2..50 bar=0 suppressed=0 wide_skips=0 served=0.0MB copied=0.0MB ssd_avoided=0.0GB live=0/0.0GB model=0 protected=0 declined=0 topup_suppressed=0 aged=0 into=0/0/0 pending=0
[mirror-split] internal=0 K3C=0 K3B=0 K3A=0  shares=0%/0%/0%/0%
[phases] mono=417867.303989 chunks=56 sequence=119.875s read_wait=0.170s bind_upload=1.646s attention_resident=8.941s expert_read_prefetch=42.025s expert_demand_read=25.132s expert_plan=4.122s expert_hint=0.000s expert_submit=0.000s expert_kernel=66.048s source_fence=0.000s tail_head_sync=0.878s layer_other=0.127s expert_read_gross=37.903s plan_hint=3.997s plan_sched=0.124s attn_total=10.933s attn_encode=3.066s attn_wait=6.863s attn_drain=1.004s kernel_total=31.176s kernel_host=1.532s kernel_wait=8.883s kernel_drain=20.760s
[attn-split] single: calls=4929 total=4.654s encode=1.779s wait=1.871s drain=1.004s waits=8533 untimed=1669 | wide: calls=558 total=6.278s encode=1.287s wait=4.991s drain=0.000s waits=552 untimed=552 | hint: calls=5428 total=4.193s encode=0.014s wait=4.179s drain=0.000s waits=5603 untimed=5603
[kernel-split] single: calls=5313 total=20.787s encode=0.529s wait=0.286s drain=19.972s waits=5646 untimed=4378 | wide: calls=1617 total=10.388s encode=1.003s wait=8.598s drain=0.788s waits=1617 untimed=0
[kernel-sub] materialize=0.503s moe=9.990s precommit=20.040s rest=0.643s
[metal-cache] calls=14943 zero_copy_wraps=513 copies=0 cache_entries=187 bindless=true
**
[stats] generated=58 elapsed=131.061s speed=0.4425 token/s (2.260 s/token) chunks=57 committed_rows=128 verify_tx=4 drafts=2/14 layer_passes=5301 expert_rows=11776 expert_tiles=6106
[verify-width] w1=0 w2=3 w3=0 w4=0 w5=0 w6=0 w7=0 w8+=1              (w1 share 0.0% of 4 transactions)
[opens] expert file opens=325641 total=3.623s mean=0.011ms requested_bytes=3338161519808 (3338.2 GB)
[split-eta] chunks served hot=58690 dir_c=33603 dir_b=73850 primary=145442
[arrival] tiles=1243 waves=1887 uncovered_wait=39.536s dispatch=9.783s
[retain] enabled=false cap_gb=8 layers=63..=92 consults=0 wanted=0 hits=0 inserts=0 served=0.0MB
[summer] enabled=false cap_gb=8 sample=16 consults=0 wanted=0 hits=0 hit_rate=0.0% misses=0 inserts=0 evictions=0 recycled=0 allocs=0 pin_skips=0 gated=0 ramp=2..50 bar=0 suppressed=0 wide_skips=0 served=0.0MB copied=0.0MB ssd_avoided=0.0GB live=0/0.0GB model=0 protected=0 declined=0 topup_suppressed=0 aged=0 into=0/0/0 pending=0
[mirror-split] internal=0 K3C=0 K3B=0 K3A=0  shares=0%/0%/0%/0%
[phases] mono=417868.552983 chunks=57 sequence=121.123s read_wait=0.170s bind_upload=1.646s attention_resident=9.040s expert_read_prefetch=42.752s expert_demand_read=25.605s expert_plan=4.188s expert_hint=0.000s expert_submit=0.000s expert_kernel=66.459s source_fence=0.000s tail_head_sync=0.887s layer_other=0.129s expert_read_gross=38.564s plan_hint=4.062s plan_sched=0.125s attn_total=11.031s attn_encode=3.115s attn_wait=6.897s attn_drain=1.019s kernel_total=31.576s kernel_host=1.542s kernel_wait=8.887s kernel_drain=21.147s
[attn-split] single: calls=5022 total=4.753s encode=1.828s wait=1.905s drain=1.019s waits=8694 untimed=1705 | wide: calls=558 total=6.278s encode=1.287s wait=4.991s drain=0.000s waits=552 untimed=552 | hint: calls=5520 total=4.259s encode=0.014s wait=4.244s drain=0.000s waits=5694 untimed=5694
[kernel-split] single: calls=5409 total=21.188s encode=0.539s wait=0.290s drain=20.359s waits=5747 untimed=4461 | wide: calls=1617 total=10.388s encode=1.003s wait=8.598s drain=0.788s waits=1617 untimed=0
[kernel-sub] materialize=0.503s moe=9.997s precommit=20.429s rest=0.647s
[metal-cache] calls=15039 zero_copy_wraps=513 copies=0 cache_entries=187 bindless=true
Step
[stats] generated=59 elapsed=132.337s speed=0.4458 token/s (2.243 s/token) chunks=58 committed_rows=129 verify_tx=4 drafts=2/14 layer_passes=5394 expert_rows=11868 expert_tiles=6198
[verify-width] w1=0 w2=3 w3=0 w4=0 w5=0 w6=0 w7=0 w8+=1              (w1 share 0.0% of 4 transactions)
[opens] expert file opens=330994 total=3.682s mean=0.011ms requested_bytes=3374431763648 (3374.4 GB)
[split-eta] chunks served hot=59496 dir_c=34031 dir_b=74845 primary=147347
[arrival] tiles=1244 waves=1894 uncovered_wait=39.545s dispatch=9.792s
[retain] enabled=false cap_gb=8 layers=63..=92 consults=0 wanted=0 hits=0 inserts=0 served=0.0MB
[summer] enabled=false cap_gb=8 sample=16 consults=0 wanted=0 hits=0 hit_rate=0.0% misses=0 inserts=0 evictions=0 recycled=0 allocs=0 pin_skips=0 gated=0 ramp=2..50 bar=0 suppressed=0 wide_skips=0 served=0.0MB copied=0.0MB ssd_avoided=0.0GB live=0/0.0GB model=0 protected=0 declined=0 topup_suppressed=0 aged=0 into=0/0/0 pending=0
[mirror-split] internal=0 K3C=0 K3B=0 K3A=0  shares=0%/0%/0%/0%
[phases] mono=417869.829036 chunks=58 sequence=122.398s read_wait=0.170s bind_upload=1.646s attention_resident=9.119s expert_read_prefetch=43.509s expert_demand_read=26.058s expert_plan=4.260s expert_hint=0.000s expert_submit=0.000s expert_kernel=66.880s source_fence=0.000s tail_head_sync=0.904s layer_other=0.130s expert_read_gross=39.249s plan_hint=4.133s plan_sched=0.126s attn_total=11.110s attn_encode=3.138s attn_wait=6.927s attn_drain=1.045s kernel_total=31.987s kernel_host=1.552s kernel_wait=8.892s kernel_drain=21.543s
[attn-split] single: calls=5115 total=4.832s encode=1.851s wait=1.936s drain=1.045s waits=8855 untimed=1736 | wide: calls=558 total=6.278s encode=1.287s wait=4.991s drain=0.000s waits=552 untimed=552 | hint: calls=5612 total=4.330s encode=0.015s wait=4.315s drain=0.000s waits=5785 untimed=5785
[kernel-split] single: calls=5507 total=21.599s encode=0.549s wait=0.295s drain=20.755s waits=5852 untimed=4538 | wide: calls=1617 total=10.388s encode=1.003s wait=8.598s drain=0.788s waits=1617 untimed=0
[kernel-sub] materialize=0.503s moe=10.006s precommit=20.827s rest=0.652s
[metal-cache] calls=15137 zero_copy_wraps=513 copies=0 cache_entries=187 bindless=true
 
[stats] generated=60 elapsed=133.622s speed=0.4490 token/s (2.227 s/token) chunks=59 committed_rows=130 verify_tx=4 drafts=2/14 layer_passes=5487 expert_rows=11960 expert_tiles=6290
[verify-width] w1=0 w2=3 w3=0 w4=0 w5=0 w6=0 w7=0 w8+=1              (w1 share 0.0% of 4 transactions)
[opens] expert file opens=336462 total=3.739s mean=0.011ms requested_bytes=3411026623680 (3411.0 GB)
[split-eta] chunks served hot=60311 dir_c=34443 dir_b=75847 primary=149289
[arrival] tiles=1245 waves=1901 uncovered_wait=39.553s dispatch=9.801s
[retain] enabled=false cap_gb=8 layers=63..=92 consults=0 wanted=0 hits=0 inserts=0 served=0.0MB
[summer] enabled=false cap_gb=8 sample=16 consults=0 wanted=0 hits=0 hit_rate=0.0% misses=0 inserts=0 evictions=0 recycled=0 allocs=0 pin_skips=0 gated=0 ramp=2..50 bar=0 suppressed=0 wide_skips=0 served=0.0MB copied=0.0MB ssd_avoided=0.0GB live=0/0.0GB model=0 protected=0 declined=0 topup_suppressed=0 aged=0 into=0/0/0 pending=0
[mirror-split] internal=0 K3C=0 K3B=0 K3A=0  shares=0%/0%/0%/0%
[phases] mono=417871.113827 chunks=59 sequence=123.682s read_wait=0.170s bind_upload=1.646s attention_resident=9.197s expert_read_prefetch=44.259s expert_demand_read=26.493s expert_plan=4.336s expert_hint=0.000s expert_submit=0.000s expert_kernel=67.317s source_fence=0.000s tail_head_sync=0.921s layer_other=0.131s expert_read_gross=39.922s plan_hint=4.208s plan_sched=0.127s attn_total=11.188s attn_encode=3.164s attn_wait=6.967s attn_drain=1.056s kernel_total=32.417s kernel_host=1.561s kernel_wait=8.898s kernel_drain=21.957s
[attn-split] single: calls=5208 total=4.909s encode=1.877s wait=1.976s drain=1.056s waits=9016 untimed=1773 | wide: calls=558 total=6.278s encode=1.287s wait=4.991s drain=0.000s waits=552 untimed=552 | hint: calls=5704 total=4.405s encode=0.015s wait=4.390s drain=0.000s waits=5876 untimed=5876
[kernel-split] single: calls=5605 total=22.028s encode=0.559s wait=0.300s drain=21.169s waits=5957 untimed=4618 | wide: calls=1617 total=10.388s encode=1.003s wait=8.598s drain=0.788s waits=1617 untimed=0
[kernel-sub] materialize=0.503s moe=10.015s precommit=21.244s rest=0.656s
[metal-cache] calls=15235 zero_copy_wraps=513 copies=0 cache_entries=187 bindless=true
2
[stats] generated=61 elapsed=134.908s speed=0.4522 token/s (2.212 s/token) chunks=60 committed_rows=131 verify_tx=4 drafts=2/14 layer_passes=5580 expert_rows=12052 expert_tiles=6382
[verify-width] w1=0 w2=3 w3=0 w4=0 w5=0 w6=0 w7=0 w8+=1              (w1 share 0.0% of 4 transactions)
[opens] expert file opens=341995 total=3.798s mean=0.011ms requested_bytes=3447770709184 (3447.8 GB)
[split-eta] chunks served hot=61104 dir_c=34873 dir_b=76860 primary=151241
[arrival] tiles=1246 waves=1909 uncovered_wait=39.562s dispatch=9.808s
[retain] enabled=false cap_gb=8 layers=63..=92 consults=0 wanted=0 hits=0 inserts=0 served=0.0MB
[summer] enabled=false cap_gb=8 sample=16 consults=0 wanted=0 hits=0 hit_rate=0.0% misses=0 inserts=0 evictions=0 recycled=0 allocs=0 pin_skips=0 gated=0 ramp=2..50 bar=0 suppressed=0 wide_skips=0 served=0.0MB copied=0.0MB ssd_avoided=0.0GB live=0/0.0GB model=0 protected=0 declined=0 topup_suppressed=0 aged=0 into=0/0/0 pending=0
[mirror-split] internal=0 K3C=0 K3B=0 K3A=0  shares=0%/0%/0%/0%
[phases] mono=417872.399989 chunks=60 sequence=124.967s read_wait=0.170s bind_upload=1.646s attention_resident=9.269s expert_read_prefetch=45.092s expert_demand_read=26.972s expert_plan=4.405s expert_hint=0.000s expert_submit=0.000s expert_kernel=67.682s source_fence=0.000s tail_head_sync=0.934s layer_other=0.133s expert_read_gross=40.687s plan_hint=4.275s plan_sched=0.128s attn_total=11.259s attn_encode=3.193s attn_wait=6.992s attn_drain=1.074s kernel_total=32.772s kernel_host=1.572s kernel_wait=8.902s kernel_drain=22.299s
[attn-split] single: calls=5301 total=4.981s encode=1.907s wait=2.001s drain=1.074s waits=9177 untimed=1800 | wide: calls=558 total=6.278s encode=1.287s wait=4.991s drain=0.000s waits=552 untimed=552 | hint: calls=5796 total=4.472s encode=0.015s wait=4.457s drain=0.000s waits=5967 untimed=5967
[kernel-split] single: calls=5704 total=22.384s encode=0.569s wait=0.304s drain=21.511s waits=6064 untimed=4706 | wide: calls=1617 total=10.388s encode=1.003s wait=8.598s drain=0.788s waits=1617 untimed=0
[kernel-sub] materialize=0.503s moe=10.021s precommit=21.588s rest=0.660s
[metal-cache] calls=15334 zero_copy_wraps=513 copies=0 cache_entries=187 bindless=true
:
[stats] generated=62 elapsed=136.194s speed=0.4552 token/s (2.197 s/token) chunks=61 committed_rows=132 verify_tx=4 drafts=2/14 layer_passes=5673 expert_rows=12144 expert_tiles=6474
[verify-width] w1=0 w2=3 w3=0 w4=0 w5=0 w6=0 w7=0 w8+=1              (w1 share 0.0% of 4 transactions)
[opens] expert file opens=347322 total=3.855s mean=0.011ms requested_bytes=3483400486080 (3483.4 GB)
[split-eta] chunks served hot=61880 dir_c=35266 dir_b=77847 primary=153146
[arrival] tiles=1247 waves=1915 uncovered_wait=39.572s dispatch=9.814s
[retain] enabled=false cap_gb=8 layers=63..=92 consults=0 wanted=0 hits=0 inserts=0 served=0.0MB
[summer] enabled=false cap_gb=8 sample=16 consults=0 wanted=0 hits=0 hit_rate=0.0% misses=0 inserts=0 evictions=0 recycled=0 allocs=0 pin_skips=0 gated=0 ramp=2..50 bar=0 suppressed=0 wide_skips=0 served=0.0MB copied=0.0MB ssd_avoided=0.0GB live=0/0.0GB model=0 protected=0 declined=0 topup_suppressed=0 aged=0 into=0/0/0 pending=0
[mirror-split] internal=0 K3C=0 K3B=0 K3A=0  shares=0%/0%/0%/0%
[phases] mono=417873.686333 chunks=61 sequence=126.230s read_wait=0.170s bind_upload=1.646s attention_resident=9.361s expert_read_prefetch=45.852s expert_demand_read=27.434s expert_plan=4.478s expert_hint=0.000s expert_submit=0.000s expert_kernel=68.075s source_fence=0.000s tail_head_sync=0.951s layer_other=0.134s expert_read_gross=41.374s plan_hint=4.347s plan_sched=0.129s attn_total=11.352s attn_encode=3.241s attn_wait=7.019s attn_drain=1.092s kernel_total=33.155s kernel_host=1.580s kernel_wait=8.905s kernel_drain=22.670s
[attn-split] single: calls=5394 total=5.073s encode=1.954s wait=2.028s drain=1.092s waits=9338 untimed=1842 | wide: calls=558 total=6.278s encode=1.287s wait=4.991s drain=0.000s waits=552 untimed=552 | hint: calls=5888 total=4.544s encode=0.015s wait=4.529s drain=0.000s waits=6058 untimed=6058
[kernel-split] single: calls=5801 total=22.767s encode=0.578s wait=0.307s drain=21.882s waits=6167 untimed=4791 | wide: calls=1617 total=10.388s encode=1.003s wait=8.598s drain=0.788s waits=1617 untimed=0
[kernel-sub] materialize=0.503s moe=10.027s precommit=21.961s rest=0.664s
[metal-cache] calls=15431 zero_copy_wraps=513 copies=0 cache_entries=187 bindless=true
 Calculate
[stats] generated=63 elapsed=137.478s speed=0.4583 token/s (2.182 s/token) chunks=62 committed_rows=133 verify_tx=4 drafts=2/14 layer_passes=5766 expert_rows=12236 expert_tiles=6566
[verify-width] w1=0 w2=3 w3=0 w4=0 w5=0 w6=0 w7=0 w8+=1              (w1 share 0.0% of 4 transactions)
[opens] expert file opens=352827 total=3.913s mean=0.011ms requested_bytes=3519784811712 (3519.8 GB)
[split-eta] chunks served hot=62663 dir_c=35686 dir_b=78851 primary=155086
[arrival] tiles=1248 waves=1921 uncovered_wait=39.581s dispatch=9.821s
[retain] enabled=false cap_gb=8 layers=63..=92 consults=0 wanted=0 hits=0 inserts=0 served=0.0MB
[summer] enabled=false cap_gb=8 sample=16 consults=0 wanted=0 hits=0 hit_rate=0.0% misses=0 inserts=0 evictions=0 recycled=0 allocs=0 pin_skips=0 gated=0 ramp=2..50 bar=0 suppressed=0 wide_skips=0 served=0.0MB copied=0.0MB ssd_avoided=0.0GB live=0/0.0GB model=0 protected=0 declined=0 topup_suppressed=0 aged=0 into=0/0/0 pending=0
[mirror-split] internal=0 K3C=0 K3B=0 K3A=0  shares=0%/0%/0%/0%
[phases] mono=417874.970305 chunks=62 sequence=127.512s read_wait=0.170s bind_upload=1.646s attention_resident=9.442s expert_read_prefetch=46.613s expert_demand_read=27.878s expert_plan=4.560s expert_hint=0.000s expert_submit=0.000s expert_kernel=68.497s source_fence=0.000s tail_head_sync=0.968s layer_other=0.135s expert_read_gross=42.053s plan_hint=4.428s plan_sched=0.130s attn_total=11.432s attn_encode=3.267s attn_wait=7.049s attn_drain=1.116s kernel_total=33.567s kernel_host=1.590s kernel_wait=8.909s kernel_drain=23.068s
[attn-split] single: calls=5487 total=5.154s encode=1.980s wait=2.057s drain=1.116s waits=9499 untimed=1872 | wide: calls=558 total=6.278s encode=1.287s wait=4.991s drain=0.000s waits=552 untimed=552 | hint: calls=5980 total=4.625s encode=0.015s wait=4.609s drain=0.000s waits=6149 untimed=6149
[kernel-split] single: calls=5898 total=23.179s encode=0.587s wait=0.312s drain=22.280s waits=6270 untimed=4869 | wide: calls=1617 total=10.388s encode=1.003s wait=8.598s drain=0.788s waits=1617 untimed=0
[kernel-sub] materialize=0.503s moe=10.034s precommit=22.361s rest=0.668s
[metal-cache] calls=15528 zero_copy_wraps=513 copies=0 cache_entries=187 bindless=true
 Operating
[stats] generated=64 elapsed=138.731s speed=0.4613 token/s (2.168 s/token) chunks=63 committed_rows=134 verify_tx=4 drafts=2/14 layer_passes=5859 expert_rows=12328 expert_tiles=6658
[verify-width] w1=0 w2=3 w3=0 w4=0 w5=0 w6=0 w7=0 w8+=1              (w1 share 0.0% of 4 transactions)
[opens] expert file opens=358035 total=3.967s mean=0.011ms requested_bytes=3555046128832 (3555.0 GB)
[split-eta] chunks served hot=63444 dir_c=36084 dir_b=79821 primary=156956
[arrival] tiles=1249 waves=1927 uncovered_wait=39.590s dispatch=9.828s
[retain] enabled=false cap_gb=8 layers=63..=92 consults=0 wanted=0 hits=0 inserts=0 served=0.0MB
[summer] enabled=false cap_gb=8 sample=16 consults=0 wanted=0 hits=0 hit_rate=0.0% misses=0 inserts=0 evictions=0 recycled=0 allocs=0 pin_skips=0 gated=0 ramp=2..50 bar=0 suppressed=0 wide_skips=0 served=0.0MB copied=0.0MB ssd_avoided=0.0GB live=0/0.0GB model=0 protected=0 declined=0 topup_suppressed=0 aged=0 into=0/0/0 pending=0
[mirror-split] internal=0 K3C=0 K3B=0 K3A=0  shares=0%/0%/0%/0%
[phases] mono=417876.223272 chunks=63 sequence=128.764s read_wait=0.170s bind_upload=1.646s attention_resident=9.517s expert_read_prefetch=47.354s expert_demand_read=28.308s expert_plan=4.634s expert_hint=0.000s expert_submit=0.000s expert_kernel=68.913s source_fence=0.000s tail_head_sync=0.985s layer_other=0.137s expert_read_gross=42.720s plan_hint=4.502s plan_sched=0.131s attn_total=11.507s attn_encode=3.292s attn_wait=7.079s attn_drain=1.137s kernel_total=33.975s kernel_host=1.599s kernel_wait=8.913s kernel_drain=23.463s
[attn-split] single: calls=5580 total=5.229s encode=2.006s wait=2.087s drain=1.137s waits=9660 untimed=1909 | wide: calls=558 total=6.278s encode=1.287s wait=4.991s drain=0.000s waits=552 untimed=552 | hint: calls=6072 total=4.698s encode=0.016s wait=4.682s drain=0.000s waits=6240 untimed=6240
[kernel-split] single: calls=5995 total=23.587s encode=0.596s wait=0.316s drain=22.675s waits=6373 untimed=4952 | wide: calls=1617 total=10.388s encode=1.003s wait=8.598s drain=0.788s waits=1617 untimed=0
[kernel-sub] materialize=0.503s moe=10.041s precommit=22.758s rest=0.673s
[metal-cache] calls=15625 zero_copy_wraps=513 copies=0 cache_entries=187 bindless=true
 Profit
[stats] generated=65 elapsed=139.972s speed=0.4644 token/s (2.153 s/token) chunks=64 committed_rows=135 verify_tx=4 drafts=2/14 layer_passes=5952 expert_rows=12420 expert_tiles=6750
[verify-width] w1=0 w2=3 w3=0 w4=0 w5=0 w6=0 w7=0 w8+=1              (w1 share 0.0% of 4 transactions)
[opens] expert file opens=363360 total=4.025s mean=0.011ms requested_bytes=3590123175104 (3590.1 GB)
[split-eta] chunks served hot=64217 dir_c=36460 dir_b=80794 primary=158832
[arrival] tiles=1250 waves=1934 uncovered_wait=39.600s dispatch=9.835s
[retain] enabled=false cap_gb=8 layers=63..=92 consults=0 wanted=0 hits=0 inserts=0 served=0.0MB
[summer] enabled=false cap_gb=8 sample=16 consults=0 wanted=0 hits=0 hit_rate=0.0% misses=0 inserts=0 evictions=0 recycled=0 allocs=0 pin_skips=0 gated=0 ramp=2..50 bar=0 suppressed=0 wide_skips=0 served=0.0MB copied=0.0MB ssd_avoided=0.0GB live=0/0.0GB model=0 protected=0 declined=0 topup_suppressed=0 aged=0 into=0/0/0 pending=0
[mirror-split] internal=0 K3C=0 K3B=0 K3A=0  shares=0%/0%/0%/0%
[phases] mono=417877.463457 chunks=64 sequence=130.003s read_wait=0.170s bind_upload=1.646s attention_resident=9.589s expert_read_prefetch=48.133s expert_demand_read=28.770s expert_plan=4.705s expert_hint=0.000s expert_submit=0.000s expert_kernel=69.285s source_fence=0.000s tail_head_sync=1.000s layer_other=0.138s expert_read_gross=43.427s plan_hint=4.572s plan_sched=0.132s attn_total=11.579s attn_encode=3.319s attn_wait=7.111s attn_drain=1.149s kernel_total=34.337s kernel_host=1.609s kernel_wait=8.917s kernel_drain=23.810s
[attn-split] single: calls=5673 total=5.301s encode=2.032s wait=2.119s drain=1.149s waits=9821 untimed=1942 | wide: calls=558 total=6.278s encode=1.287s wait=4.991s drain=0.000s waits=552 untimed=552 | hint: calls=6164 total=4.768s encode=0.016s wait=4.752s drain=0.000s waits=6331 untimed=6331
[kernel-split] single: calls=6093 total=23.949s encode=0.607s wait=0.320s drain=23.022s waits=6478 untimed=5034 | wide: calls=1617 total=10.388s encode=1.003s wait=8.598s drain=0.788s waits=1617 untimed=0
[kernel-sub] materialize=0.503s moe=10.048s precommit=23.109s rest=0.678s
[metal-cache] calls=15723 zero_copy_wraps=513 copies=0 cache_entries=187 bindless=true
**

[stats] generated=66 elapsed=141.247s speed=0.4673 token/s (2.140 s/token) chunks=65 committed_rows=136 verify_tx=4 drafts=2/14 layer_passes=6045 expert_rows=12512 expert_tiles=6842
[verify-width] w1=0 w2=3 w3=0 w4=0 w5=0 w6=0 w7=0 w8+=1              (w1 share 0.0% of 4 transactions)
[opens] expert file opens=368647 total=4.080s mean=0.011ms requested_bytes=3625340615872 (3625.3 GB)
[split-eta] chunks served hot=64977 dir_c=36841 dir_b=81768 primary=160731
[arrival] tiles=1251 waves=1940 uncovered_wait=39.609s dispatch=9.843s
[retain] enabled=false cap_gb=8 layers=63..=92 consults=0 wanted=0 hits=0 inserts=0 served=0.0MB
[summer] enabled=false cap_gb=8 sample=16 consults=0 wanted=0 hits=0 hit_rate=0.0% misses=0 inserts=0 evictions=0 recycled=0 allocs=0 pin_skips=0 gated=0 ramp=2..50 bar=0 suppressed=0 wide_skips=0 served=0.0MB copied=0.0MB ssd_avoided=0.0GB live=0/0.0GB model=0 protected=0 declined=0 topup_suppressed=0 aged=0 into=0/0/0 pending=0
[mirror-split] internal=0 K3C=0 K3B=0 K3A=0  shares=0%/0%/0%/0%
[phases] mono=417878.738578 chunks=65 sequence=131.277s read_wait=0.170s bind_upload=1.646s attention_resident=9.690s expert_read_prefetch=48.904s expert_demand_read=29.246s expert_plan=4.780s expert_hint=0.000s expert_submit=0.000s expert_kernel=69.669s source_fence=0.000s tail_head_sync=1.017s layer_other=0.139s expert_read_gross=44.124s plan_hint=4.645s plan_sched=0.134s attn_total=11.680s attn_encode=3.369s attn_wait=7.145s attn_drain=1.166s kernel_total=34.711s kernel_host=1.619s kernel_wait=8.922s kernel_drain=24.170s
[attn-split] single: calls=5766 total=5.402s encode=2.082s wait=2.153s drain=1.166s waits=9982 untimed=1976 | wide: calls=558 total=6.278s encode=1.287s wait=4.991s drain=0.000s waits=552 untimed=552 | hint: calls=6256 total=4.841s encode=0.016s wait=4.825s drain=0.000s waits=6422 untimed=6422
[kernel-split] single: calls=6190 total=24.323s encode=0.616s wait=0.325s drain=23.382s waits=6581 untimed=5118 | wide: calls=1617 total=10.388s encode=1.003s wait=8.598s drain=0.788s waits=1617 untimed=0
[kernel-sub] materialize=0.503s moe=10.056s precommit=23.471s rest=0.682s
[metal-cache] calls=15820 zero_copy_wraps=513 copies=0 cache_entries=187 bindless=true
[route-chain] chained=4140
[route-chain] dedup_hits=4140
Operating
[stats] generated=67 elapsed=142.504s speed=0.4702 token/s (2.127 s/token) chunks=66 committed_rows=137 verify_tx=4 drafts=2/14 layer_passes=6138 expert_rows=12604 expert_tiles=6934
[verify-width] w1=0 w2=3 w3=0 w4=0 w5=0 w6=0 w7=0 w8+=1              (w1 share 0.0% of 4 transactions)
[opens] expert file opens=373903 total=4.136s mean=0.011ms requested_bytes=3660742261952 (3660.7 GB)
[split-eta] chunks served hot=65756 dir_c=37253 dir_b=82737 primary=162606
[arrival] tiles=1252 waves=1947 uncovered_wait=39.616s dispatch=9.854s
[retain] enabled=false cap_gb=8 layers=63..=92 consults=0 wanted=0 hits=0 inserts=0 served=0.0MB
[summer] enabled=false cap_gb=8 sample=16 consults=0 wanted=0 hits=0 hit_rate=0.0% misses=0 inserts=0 evictions=0 recycled=0 allocs=0 pin_skips=0 gated=0 ramp=2..50 bar=0 suppressed=0 wide_skips=0 served=0.0MB copied=0.0MB ssd_avoided=0.0GB live=0/0.0GB model=0 protected=0 declined=0 topup_suppressed=0 aged=0 into=0/0/0 pending=0
[mirror-split] internal=0 K3C=0 K3B=0 K3A=0  shares=0%/0%/0%/0%
[phases] mono=417879.995448 chunks=66 sequence=132.532s read_wait=0.170s bind_upload=1.646s attention_resident=9.768s expert_read_prefetch=49.677s expert_demand_read=29.708s expert_plan=4.857s expert_hint=0.000s expert_submit=0.000s expert_kernel=70.056s source_fence=0.000s tail_head_sync=1.034s layer_other=0.140s expert_read_gross=44.819s plan_hint=4.721s plan_sched=0.135s attn_total=11.757s attn_encode=3.395s attn_wait=7.177s attn_drain=1.185s kernel_total=35.091s kernel_host=1.629s kernel_wait=8.928s kernel_drain=24.533s
[attn-split] single: calls=5859 total=5.479s encode=2.109s wait=2.186s drain=1.185s waits=10143 untimed=2007 | wide: calls=558 total=6.278s encode=1.287s wait=4.991s drain=0.000s waits=552 untimed=552 | hint: calls=6348 total=4.917s encode=0.016s wait=4.901s drain=0.000s waits=6513 untimed=6513
[kernel-split] single: calls=6288 total=24.703s encode=0.627s wait=0.331s drain=23.745s waits=6686 untimed=5205 | wide: calls=1617 total=10.388s encode=1.003s wait=8.598s drain=0.788s waits=1617 untimed=0
[kernel-sub] materialize=0.503s moe=10.067s precommit=23.836s rest=0.686s
[metal-cache] calls=15918 zero_copy_wraps=513 copies=0 cache_entries=187 bindless=true
 Profit
[stats] generated=68 elapsed=143.765s speed=0.4730 token/s (2.114 s/token) chunks=67 committed_rows=138 verify_tx=4 drafts=2/14 layer_passes=6231 expert_rows=12696 expert_tiles=7026
[verify-width] w1=0 w2=3 w3=0 w4=0 w5=0 w6=0 w7=0 w8+=1              (w1 share 0.0% of 4 transactions)
[opens] expert file opens=379265 total=4.192s mean=0.011ms requested_bytes=3695942155456 (3695.9 GB)
[split-eta] chunks served hot=66522 dir_c=37625 dir_b=83724 primary=164493
[arrival] tiles=1253 waves=1955 uncovered_wait=39.627s dispatch=9.863s
[retain] enabled=false cap_gb=8 layers=63..=92 consults=0 wanted=0 hits=0 inserts=0 served=0.0MB
[summer] enabled=false cap_gb=8 sample=16 consults=0 wanted=0 hits=0 hit_rate=0.0% misses=0 inserts=0 evictions=0 recycled=0 allocs=0 pin_skips=0 gated=0 ramp=2..50 bar=0 suppressed=0 wide_skips=0 served=0.0MB copied=0.0MB ssd_avoided=0.0GB live=0/0.0GB model=0 protected=0 declined=0 topup_suppressed=0 aged=0 into=0/0/0 pending=0
[mirror-split] internal=0 K3C=0 K3B=0 K3A=0  shares=0%/0%/0%/0%
[phases] mono=417881.256599 chunks=67 sequence=133.792s read_wait=0.170s bind_upload=1.646s attention_resident=9.842s expert_read_prefetch=50.443s expert_demand_read=30.191s expert_plan=4.926s expert_hint=0.000s expert_submit=0.000s expert_kernel=70.457s source_fence=0.000s tail_head_sync=1.050s layer_other=0.142s expert_read_gross=45.516s plan_hint=4.789s plan_sched=0.136s attn_total=11.832s attn_encode=3.423s attn_wait=7.204s attn_drain=1.206s kernel_total=35.481s kernel_host=1.639s kernel_wait=8.933s kernel_drain=24.909s
[attn-split] single: calls=5952 total=5.554s encode=2.136s wait=2.212s drain=1.206s waits=10304 untimed=2040 | wide: calls=558 total=6.278s encode=1.287s wait=4.991s drain=0.000s waits=552 untimed=552 | hint: calls=6440 total=4.986s encode=0.016s wait=4.969s drain=0.000s waits=6604 untimed=6604
[kernel-split] single: calls=6387 total=25.093s encode=0.636s wait=0.336s drain=24.121s waits=6793 untimed=5290 | wide: calls=1617 total=10.388s encode=1.003s wait=8.598s drain=0.788s waits=1617 untimed=0
[kernel-sub] materialize=0.503s moe=10.076s precommit=24.213s rest=0.690s
[metal-cache] calls=16017 zero_copy_wraps=513 copies=0 cache_entries=187 bindless=true
 =
[stats] generated=69 elapsed=145.001s speed=0.4759 token/s (2.101 s/token) chunks=68 committed_rows=139 verify_tx=4 drafts=2/14 layer_passes=6324 expert_rows=12788 expert_tiles=7118
[verify-width] w1=0 w2=3 w3=0 w4=0 w5=0 w6=0 w7=0 w8+=1              (w1 share 0.0% of 4 transactions)
[opens] expert file opens=384456 total=4.247s mean=0.011ms requested_bytes=3730755992768 (3730.8 GB)
[split-eta] chunks served hot=67291 dir_c=38017 dir_b=84679 primary=166345
[arrival] tiles=1254 waves=1963 uncovered_wait=39.636s dispatch=9.870s
[retain] enabled=false cap_gb=8 layers=63..=92 consults=0 wanted=0 hits=0 inserts=0 served=0.0MB
[summer] enabled=false cap_gb=8 sample=16 consults=0 wanted=0 hits=0 hit_rate=0.0% misses=0 inserts=0 evictions=0 recycled=0 allocs=0 pin_skips=0 gated=0 ramp=2..50 bar=0 suppressed=0 wide_skips=0 served=0.0MB copied=0.0MB ssd_avoided=0.0GB live=0/0.0GB model=0 protected=0 declined=0 topup_suppressed=0 aged=0 into=0/0/0 pending=0
[mirror-split] internal=0 K3C=0 K3B=0 K3A=0  shares=0%/0%/0%/0%
[phases] mono=417882.493377 chunks=68 sequence=135.028s read_wait=0.170s bind_upload=1.646s attention_resident=9.915s expert_read_prefetch=51.215s expert_demand_read=30.653s expert_plan=5.001s expert_hint=0.000s expert_submit=0.000s expert_kernel=70.834s source_fence=0.000s tail_head_sync=1.063s layer_other=0.143s expert_read_gross=46.214s plan_hint=4.863s plan_sched=0.137s attn_total=11.904s attn_encode=3.451s attn_wait=7.236s attn_drain=1.217s kernel_total=35.849s kernel_host=1.649s kernel_wait=8.937s kernel_drain=25.262s
[attn-split] single: calls=6045 total=5.626s encode=2.164s wait=2.244s drain=1.217s waits=10465 untimed=2071 | wide: calls=558 total=6.278s encode=1.287s wait=4.991s drain=0.000s waits=552 untimed=552 | hint: calls=6532 total=5.059s encode=0.017s wait=5.042s drain=0.000s waits=6695 untimed=6695
[kernel-split] single: calls=6486 total=25.461s encode=0.647s wait=0.340s drain=24.475s waits=6900 untimed=5374 | wide: calls=1617 total=10.388s encode=1.003s wait=8.598s drain=0.788s waits=1617 untimed=0
[kernel-sub] materialize=0.503s moe=10.083s precommit=24.569s rest=0.695s
[metal-cache] calls=16116 zero_copy_wraps=513 copies=0 cache_entries=187 bindless=true
 Gross
[stats] generated=70 elapsed=146.299s speed=0.4785 token/s (2.090 s/token) chunks=69 committed_rows=140 verify_tx=4 drafts=2/14 layer_passes=6417 expert_rows=12880 expert_tiles=7210
[verify-width] w1=0 w2=3 w3=0 w4=0 w5=0 w6=0 w7=0 w8+=1              (w1 share 0.0% of 4 transactions)
[opens] expert file opens=389853 total=4.309s mean=0.011ms requested_bytes=3767078894784 (3767.1 GB)
[split-eta] chunks served hot=68099 dir_c=38420 dir_b=85673 primary=168280
[arrival] tiles=1255 waves=1971 uncovered_wait=39.644s dispatch=9.878s
[retain] enabled=false cap_gb=8 layers=63..=92 consults=0 wanted=0 hits=0 inserts=0 served=0.0MB
[summer] enabled=false cap_gb=8 sample=16 consults=0 wanted=0 hits=0 hit_rate=0.0% misses=0 inserts=0 evictions=0 recycled=0 allocs=0 pin_skips=0 gated=0 ramp=2..50 bar=0 suppressed=0 wide_skips=0 served=0.0MB copied=0.0MB ssd_avoided=0.0GB live=0/0.0GB model=0 protected=0 declined=0 topup_suppressed=0 aged=0 into=0/0/0 pending=0
[mirror-split] internal=0 K3C=0 K3B=0 K3A=0  shares=0%/0%/0%/0%
[phases] mono=417883.790980 chunks=69 sequence=136.325s read_wait=0.170s bind_upload=1.646s attention_resident=10.010s expert_read_prefetch=51.971s expert_demand_read=31.123s expert_plan=5.086s expert_hint=0.000s expert_submit=0.000s expert_kernel=71.261s source_fence=0.000s tail_head_sync=1.080s layer_other=0.144s expert_read_gross=46.885s plan_hint=4.947s plan_sched=0.138s attn_total=11.999s attn_encode=3.497s attn_wait=7.268s attn_drain=1.234s kernel_total=36.268s kernel_host=1.659s kernel_wait=8.941s kernel_drain=25.668s
[attn-split] single: calls=6138 total=5.721s encode=2.210s wait=2.277s drain=1.234s waits=10626 untimed=2099 | wide: calls=558 total=6.278s encode=1.287s wait=4.991s drain=0.000s waits=552 untimed=552 | hint: calls=6624 total=5.143s encode=0.017s wait=5.126s drain=0.000s waits=6786 untimed=6786
[kernel-split] single: calls=6585 total=25.880s encode=0.656s wait=0.344s drain=24.880s waits=7007 untimed=5463 | wide: calls=1617 total=10.388s encode=1.003s wait=8.598s drain=0.788s waits=1617 untimed=0
[kernel-sub] materialize=0.503s moe=10.090s precommit=24.976s rest=0.699s
[metal-cache] calls=16215 zero_copy_wraps=513 copies=0 cache_entries=187 bindless=true
 Profit
[stats] generated=71 elapsed=147.590s speed=0.4811 token/s (2.079 s/token) chunks=70 committed_rows=141 verify_tx=4 drafts=2/14 layer_passes=6510 expert_rows=12972 expert_tiles=7302
[verify-width] w1=0 w2=3 w3=0 w4=0 w5=0 w6=0 w7=0 w8+=1              (w1 share 0.0% of 4 transactions)
[opens] expert file opens=395203 total=4.368s mean=0.011ms requested_bytes=3802998209728 (3803.0 GB)
[split-eta] chunks served hot=68864 dir_c=38840 dir_b=86664 primary=170198
[arrival] tiles=1256 waves=1978 uncovered_wait=39.653s dispatch=9.887s
[retain] enabled=false cap_gb=8 layers=63..=92 consults=0 wanted=0 hits=0 inserts=0 served=0.0MB
[summer] enabled=false cap_gb=8 sample=16 consults=0 wanted=0 hits=0 hit_rate=0.0% misses=0 inserts=0 evictions=0 recycled=0 allocs=0 pin_skips=0 gated=0 ramp=2..50 bar=0 suppressed=0 wide_skips=0 served=0.0MB copied=0.0MB ssd_avoided=0.0GB live=0/0.0GB model=0 protected=0 declined=0 topup_suppressed=0 aged=0 into=0/0/0 pending=0
[mirror-split] internal=0 K3C=0 K3B=0 K3A=0  shares=0%/0%/0%/0%
[phases] mono=417885.081925 chunks=70 sequence=137.614s read_wait=0.170s bind_upload=1.646s attention_resident=10.089s expert_read_prefetch=52.742s expert_demand_read=31.602s expert_plan=5.167s expert_hint=0.000s expert_submit=0.000s expert_kernel=71.683s source_fence=0.000s tail_head_sync=1.097s layer_other=0.146s expert_read_gross=47.575s plan_hint=5.026s plan_sched=0.139s attn_total=12.078s attn_encode=3.522s attn_wait=7.305s attn_drain=1.251s kernel_total=36.680s kernel_host=1.668s kernel_wait=8.947s kernel_drain=26.065s
[attn-split] single: calls=6231 total=5.800s encode=2.235s wait=2.314s drain=1.251s waits=10787 untimed=2129 | wide: calls=558 total=6.278s encode=1.287s wait=4.991s drain=0.000s waits=552 untimed=552 | hint: calls=6716 total=5.222s encode=0.017s wait=5.205s drain=0.000s waits=6877 untimed=6877
[kernel-split] single: calls=6683 total=26.292s encode=0.666s wait=0.350s drain=25.277s waits=7112 untimed=5549 | wide: calls=1617 total=10.388s encode=1.003s wait=8.598s drain=0.788s waits=1617 untimed=0
[kernel-sub] materialize=0.503s moe=10.099s precommit=25.376s rest=0.703s
[metal-cache] calls=16313 zero_copy_wraps=513 copies=0 cache_entries=187 bindless=true
 −
[stats] generated=72 elapsed=148.844s speed=0.4837 token/s (2.067 s/token) chunks=71 committed_rows=142 verify_tx=4 drafts=2/14 layer_passes=6603 expert_rows=13064 expert_tiles=7394
[verify-width] w1=0 w2=3 w3=0 w4=0 w5=0 w6=0 w7=0 w8+=1              (w1 share 0.0% of 4 transactions)
[opens] expert file opens=400514 total=4.424s mean=0.011ms requested_bytes=3838224432320 (3838.2 GB)
[split-eta] chunks served hot=69628 dir_c=39241 dir_b=87630 primary=172082
[arrival] tiles=1257 waves=1983 uncovered_wait=39.662s dispatch=9.895s
[retain] enabled=false cap_gb=8 layers=63..=92 consults=0 wanted=0 hits=0 inserts=0 served=0.0MB
[summer] enabled=false cap_gb=8 sample=16 consults=0 wanted=0 hits=0 hit_rate=0.0% misses=0 inserts=0 evictions=0 recycled=0 allocs=0 pin_skips=0 gated=0 ramp=2..50 bar=0 suppressed=0 wide_skips=0 served=0.0MB copied=0.0MB ssd_avoided=0.0GB live=0/0.0GB model=0 protected=0 declined=0 topup_suppressed=0 aged=0 into=0/0/0 pending=0
[mirror-split] internal=0 K3C=0 K3B=0 K3A=0  shares=0%/0%/0%/0%
[phases] mono=417886.336336 chunks=71 sequence=138.867s read_wait=0.170s bind_upload=1.646s attention_resident=10.166s expert_read_prefetch=53.481s expert_demand_read=32.027s expert_plan=5.245s expert_hint=0.000s expert_submit=0.000s expert_kernel=72.101s source_fence=0.000s tail_head_sync=1.113s layer_other=0.147s expert_read_gross=48.236s plan_hint=5.103s plan_sched=0.140s attn_total=12.155s attn_encode=3.546s attn_wait=7.341s attn_drain=1.268s kernel_total=37.090s kernel_host=1.678s kernel_wait=8.952s kernel_drain=26.460s
[attn-split] single: calls=6324 total=5.876s encode=2.259s wait=2.350s drain=1.268s waits=10948 untimed=2156 | wide: calls=558 total=6.278s encode=1.287s wait=4.991s drain=0.000s waits=552 untimed=552 | hint: calls=6808 total=5.299s encode=0.017s wait=5.282s drain=0.000s waits=6968 untimed=6968
[kernel-split] single: calls=6779 total=26.701s encode=0.675s wait=0.354s drain=25.672s waits=7213 untimed=5630 | wide: calls=1617 total=10.388s encode=1.003s wait=8.598s drain=0.788s waits=1617 untimed=0
[kernel-sub] materialize=0.503s moe=10.107s precommit=25.773s rest=0.707s
[metal-cache] calls=16409 zero_copy_wraps=513 copies=0 cache_entries=187 bindless=true
 Operating
[stats] generated=73 elapsed=150.082s speed=0.4864 token/s (2.056 s/token) chunks=72 committed_rows=143 verify_tx=4 drafts=2/14 layer_passes=6696 expert_rows=13156 expert_tiles=7486
[verify-width] w1=0 w2=3 w3=0 w4=0 w5=0 w6=0 w7=0 w8+=1              (w1 share 0.0% of 4 transactions)
[opens] expert file opens=405758 total=4.480s mean=0.011ms requested_bytes=3873319009472 (3873.3 GB)
[split-eta] chunks served hot=70408 dir_c=39639 dir_b=88592 primary=173942
[arrival] tiles=1258 waves=1989 uncovered_wait=39.672s dispatch=9.901s
[retain] enabled=false cap_gb=8 layers=63..=92 consults=0 wanted=0 hits=0 inserts=0 served=0.0MB
[summer] enabled=false cap_gb=8 sample=16 consults=0 wanted=0 hits=0 hit_rate=0.0% misses=0 inserts=0 evictions=0 recycled=0 allocs=0 pin_skips=0 gated=0 ramp=2..50 bar=0 suppressed=0 wide_skips=0 served=0.0MB copied=0.0MB ssd_avoided=0.0GB live=0/0.0GB model=0 protected=0 declined=0 topup_suppressed=0 aged=0 into=0/0/0 pending=0
[mirror-split] internal=0 K3C=0 K3B=0 K3A=0  shares=0%/0%/0%/0%
[phases] mono=417887.574308 chunks=72 sequence=140.104s read_wait=0.170s bind_upload=1.646s attention_resident=10.241s expert_read_prefetch=54.234s expert_demand_read=32.485s expert_plan=5.315s expert_hint=0.000s expert_submit=0.000s expert_kernel=72.492s source_fence=0.000s tail_head_sync=1.130s layer_other=0.148s expert_read_gross=48.918s plan_hint=5.172s plan_sched=0.141s attn_total=12.230s attn_encode=3.576s attn_wait=7.364s attn_drain=1.290s kernel_total=37.469s kernel_host=1.688s kernel_wait=8.955s kernel_drain=26.826s
[attn-split] single: calls=6417 total=5.951s encode=2.289s wait=2.372s drain=1.290s waits=11109 untimed=2176 | wide: calls=558 total=6.278s encode=1.287s wait=4.991s drain=0.000s waits=552 untimed=552 | hint: calls=6900 total=5.368s encode=0.017s wait=5.351s drain=0.000s waits=7059 untimed=7059
[kernel-split] single: calls=6876 total=27.081s encode=0.685s wait=0.358s drain=26.038s waits=7316 untimed=5711 | wide: calls=1617 total=10.388s encode=1.003s wait=8.598s drain=0.788s waits=1617 untimed=0
[kernel-sub] materialize=0.503s moe=10.113s precommit=26.142s rest=0.712s
[metal-cache] calls=16506 zero_copy_wraps=513 copies=0 cache_entries=187 bindless=true
 Exp
[stats] generated=74 elapsed=151.346s speed=0.4889 token/s (2.045 s/token) chunks=73 committed_rows=144 verify_tx=4 drafts=2/14 layer_passes=6789 expert_rows=13248 expert_tiles=7578
[verify-width] w1=0 w2=3 w3=0 w4=0 w5=0 w6=0 w7=0 w8+=1              (w1 share 0.0% of 4 transactions)
[opens] expert file opens=410995 total=4.539s mean=0.011ms requested_bytes=3909018959040 (3909.0 GB)
[split-eta] chunks served hot=71198 dir_c=40045 dir_b=89566 primary=175841
[arrival] tiles=1259 waves=1997 uncovered_wait=39.683s dispatch=9.909s
[retain] enabled=false cap_gb=8 layers=63..=92 consults=0 wanted=0 hits=0 inserts=0 served=0.0MB
[summer] enabled=false cap_gb=8 sample=16 consults=0 wanted=0 hits=0 hit_rate=0.0% misses=0 inserts=0 evictions=0 recycled=0 allocs=0 pin_skips=0 gated=0 ramp=2..50 bar=0 suppressed=0 wide_skips=0 served=0.0MB copied=0.0MB ssd_avoided=0.0GB live=0/0.0GB model=0 protected=0 declined=0 topup_suppressed=0 aged=0 into=0/0/0 pending=0
[mirror-split] internal=0 K3C=0 K3B=0 K3A=0  shares=0%/0%/0%/0%
[phases] mono=417888.837657 chunks=73 sequence=141.366s read_wait=0.170s bind_upload=1.646s attention_resident=10.338s expert_read_prefetch=54.974s expert_demand_read=32.942s expert_plan=5.399s expert_hint=0.000s expert_submit=0.000s expert_kernel=72.899s source_fence=0.000s tail_head_sync=1.147s layer_other=0.150s expert_read_gross=49.574s plan_hint=5.255s plan_sched=0.142s attn_total=12.326s attn_encode=3.622s attn_wait=7.398s attn_drain=1.306s kernel_total=37.866s kernel_host=1.697s kernel_wait=8.960s kernel_drain=27.209s
[attn-split] single: calls=6510 total=6.048s encode=2.335s wait=2.406s drain=1.306s waits=11270 untimed=2204 | wide: calls=558 total=6.278s encode=1.287s wait=4.991s drain=0.000s waits=552 untimed=552 | hint: calls=6992 total=5.451s encode=0.018s wait=5.433s drain=0.000s waits=7150 untimed=7150
[kernel-split] single: calls=6975 total=27.478s encode=0.694s wait=0.363s drain=26.421s waits=7423 untimed=5798 | wide: calls=1617 total=10.388s encode=1.003s wait=8.598s drain=0.788s waits=1617 untimed=0
[kernel-sub] materialize=0.503s moe=10.121s precommit=26.527s rest=0.716s
[metal-cache] calls=16605 zero_copy_wraps=513 copies=0 cache_entries=187 bindless=true
enses
[stats] generated=75 elapsed=152.643s speed=0.4913 token/s (2.035 s/token) chunks=74 committed_rows=145 verify_tx=4 drafts=2/14 layer_passes=6882 expert_rows=13340 expert_tiles=7670
[verify-width] w1=0 w2=3 w3=0 w4=0 w5=0 w6=0 w7=0 w8+=1              (w1 share 0.0% of 4 transactions)
[opens] expert file opens=416376 total=4.603s mean=0.011ms requested_bytes=3945447144640 (3945.4 GB)
[split-eta] chunks served hot=72017 dir_c=40454 dir_b=90556 primary=177775
[arrival] tiles=1260 waves=2003 uncovered_wait=39.692s dispatch=9.916s
[retain] enabled=false cap_gb=8 layers=63..=92 consults=0 wanted=0 hits=0 inserts=0 served=0.0MB
[summer] enabled=false cap_gb=8 sample=16 consults=0 wanted=0 hits=0 hit_rate=0.0% misses=0 inserts=0 evictions=0 recycled=0 allocs=0 pin_skips=0 gated=0 ramp=2..50 bar=0 suppressed=0 wide_skips=0 served=0.0MB copied=0.0MB ssd_avoided=0.0GB live=0/0.0GB model=0 protected=0 declined=0 topup_suppressed=0 aged=0 into=0/0/0 pending=0
[mirror-split] internal=0 K3C=0 K3B=0 K3A=0  shares=0%/0%/0%/0%
[phases] mono=417890.135224 chunks=74 sequence=142.663s read_wait=0.170s bind_upload=1.646s attention_resident=10.414s expert_read_prefetch=55.766s expert_demand_read=33.435s expert_plan=5.476s expert_hint=0.000s expert_submit=0.000s expert_kernel=73.309s source_fence=0.000s tail_head_sync=1.164s layer_other=0.151s expert_read_gross=50.290s plan_hint=5.330s plan_sched=0.144s attn_total=12.402s attn_encode=3.648s attn_wait=7.432s attn_drain=1.322s kernel_total=38.267s kernel_host=1.706s kernel_wait=8.964s kernel_drain=27.597s
[attn-split] single: calls=6603 total=6.124s encode=2.361s wait=2.440s drain=1.322s waits=11431 untimed=2227 | wide: calls=558 total=6.278s encode=1.287s wait=4.991s drain=0.000s waits=552 untimed=552 | hint: calls=7084 total=5.526s encode=0.018s wait=5.508s drain=0.000s waits=7241 untimed=7241
[kernel-split] single: calls=7072 total=27.879s encode=0.704s wait=0.366s drain=26.809s waits=7526 untimed=5876 | wide: calls=1617 total=10.388s encode=1.003s wait=8.598s drain=0.788s waits=1617 untimed=0
[kernel-sub] materialize=0.503s moe=10.127s precommit=26.918s rest=0.720s
[metal-cache] calls=16702 zero_copy_wraps=513 copies=0 cache_entries=187 bindless=true
  

[stats] generated=76 elapsed=153.937s speed=0.4937 token/s (2.025 s/token) chunks=75 committed_rows=146 verify_tx=4 drafts=2/14 layer_passes=6975 expert_rows=13432 expert_tiles=7762
[verify-width] w1=0 w2=3 w3=0 w4=0 w5=0 w6=0 w7=0 w8+=1              (w1 share 0.0% of 4 transactions)
[opens] expert file opens=421796 total=4.662s mean=0.011ms requested_bytes=3981919222976 (3981.9 GB)
[split-eta] chunks served hot=72834 dir_c=40891 dir_b=91553 primary=179681
[arrival] tiles=1261 waves=2011 uncovered_wait=39.703s dispatch=9.923s
[retain] enabled=false cap_gb=8 layers=63..=92 consults=0 wanted=0 hits=0 inserts=0 served=0.0MB
[summer] enabled=false cap_gb=8 sample=16 consults=0 wanted=0 hits=0 hit_rate=0.0% misses=0 inserts=0 evictions=0 recycled=0 allocs=0 pin_skips=0 gated=0 ramp=2..50 bar=0 suppressed=0 wide_skips=0 served=0.0MB copied=0.0MB ssd_avoided=0.0GB live=0/0.0GB model=0 protected=0 declined=0 topup_suppressed=0 aged=0 into=0/0/0 pending=0
[mirror-split] internal=0 K3C=0 K3B=0 K3A=0  shares=0%/0%/0%/0%
[phases] mono=417891.429114 chunks=75 sequence=143.955s read_wait=0.170s bind_upload=1.646s attention_resident=10.490s expert_read_prefetch=56.562s expert_demand_read=33.927s expert_plan=5.555s expert_hint=0.000s expert_submit=0.000s expert_kernel=73.711s source_fence=0.000s tail_head_sync=1.180s layer_other=0.153s expert_read_gross=51.006s plan_hint=5.409s plan_sched=0.145s attn_total=12.478s attn_encode=3.672s attn_wait=7.466s attn_drain=1.340s kernel_total=38.658s kernel_host=1.716s kernel_wait=8.968s kernel_drain=27.974s
[attn-split] single: calls=6696 total=6.200s encode=2.385s wait=2.474s drain=1.340s waits=11592 untimed=2262 | wide: calls=558 total=6.278s encode=1.287s wait=4.991s drain=0.000s waits=552 untimed=552 | hint: calls=7176 total=5.605s encode=0.018s wait=5.587s drain=0.000s waits=7332 untimed=7332
[kernel-split] single: calls=7171 total=28.270s encode=0.713s wait=0.371s drain=27.186s waits=7633 untimed=5962 | wide: calls=1617 total=10.388s encode=1.003s wait=8.598s drain=0.788s waits=1617 untimed=0
[kernel-sub] materialize=0.503s moe=10.134s precommit=27.297s rest=0.724s
[metal-cache] calls=16801 zero_copy_wraps=513 copies=0 cache_entries=187 bindless=true
Operating
[stats] generated=77 elapsed=155.228s speed=0.4960 token/s (2.016 s/token) chunks=76 committed_rows=147 verify_tx=4 drafts=2/14 layer_passes=7068 expert_rows=13524 expert_tiles=7854
[verify-width] w1=0 w2=3 w3=0 w4=0 w5=0 w6=0 w7=0 w8+=1              (w1 share 0.0% of 4 transactions)
[opens] expert file opens=427151 total=4.721s mean=0.011ms requested_bytes=4018856312000 (4018.9 GB)
[split-eta] chunks served hot=73651 dir_c=41358 dir_b=92555 primary=181605
[arrival] tiles=1262 waves=2017 uncovered_wait=39.712s dispatch=9.931s
[retain] enabled=false cap_gb=8 layers=63..=92 consults=0 wanted=0 hits=0 inserts=0 served=0.0MB
[summer] enabled=false cap_gb=8 sample=16 consults=0 wanted=0 hits=0 hit_rate=0.0% misses=0 inserts=0 evictions=0 recycled=0 allocs=0 pin_skips=0 gated=0 ramp=2..50 bar=0 suppressed=0 wide_skips=0 served=0.0MB copied=0.0MB ssd_avoided=0.0GB live=0/0.0GB model=0 protected=0 declined=0 topup_suppressed=0 aged=0 into=0/0/0 pending=0
[mirror-split] internal=0 K3C=0 K3B=0 K3A=0  shares=0%/0%/0%/0%
[phases] mono=417892.719975 chunks=76 sequence=145.245s read_wait=0.170s bind_upload=1.646s attention_resident=10.563s expert_read_prefetch=57.344s expert_demand_read=34.408s expert_plan=5.626s expert_hint=0.000s expert_submit=0.000s expert_kernel=74.127s source_fence=0.000s tail_head_sync=1.197s layer_other=0.154s expert_read_gross=51.718s plan_hint=5.478s plan_sched=0.146s attn_total=12.551s attn_encode=3.699s attn_wait=7.491s attn_drain=1.361s kernel_total=39.064s kernel_host=1.727s kernel_wait=8.973s kernel_drain=28.365s
[attn-split] single: calls=6789 total=6.272s encode=2.412s wait=2.499s drain=1.361s waits=11753 untimed=2286 | wide: calls=558 total=6.278s encode=1.287s wait=4.991s drain=0.000s waits=552 untimed=552 | hint: calls=7268 total=5.674s encode=0.018s wait=5.656s drain=0.000s waits=7423 untimed=7423
[kernel-split] single: calls=7268 total=28.676s encode=0.724s wait=0.375s drain=27.577s waits=7736 untimed=6036 | wide: calls=1617 total=10.388s encode=1.003s wait=8.598s drain=0.788s waits=1617 untimed=0
[kernel-sub] materialize=0.503s moe=10.142s precommit=27.691s rest=0.729s
[metal-cache] calls=16898 zero_copy_wraps=513 copies=0 cache_entries=187 bindless=true
[route-chain] chained=4830
[route-chain] dedup_hits=4830
 Profit
[stats] generated=78 elapsed=156.565s speed=0.4982 token/s (2.007 s/token) chunks=77 committed_rows=148 verify_tx=4 drafts=2/14 layer_passes=7161 expert_rows=13616 expert_tiles=7946
[verify-width] w1=0 w2=3 w3=0 w4=0 w5=0 w6=0 w7=0 w8+=1              (w1 share 0.0% of 4 transactions)
[opens] expert file opens=432768 total=4.781s mean=0.011ms requested_bytes=4056126782656 (4056.1 GB)
[split-eta] chunks served hot=74442 dir_c=41775 dir_b=93586 primary=183614
[arrival] tiles=1263 waves=2024 uncovered_wait=39.723s dispatch=9.939s
[retain] enabled=false cap_gb=8 layers=63..=92 consults=0 wanted=0 hits=0 inserts=0 served=0.0MB
[summer] enabled=false cap_gb=8 sample=16 consults=0 wanted=0 hits=0 hit_rate=0.0% misses=0 inserts=0 evictions=0 recycled=0 allocs=0 pin_skips=0 gated=0 ramp=2..50 bar=0 suppressed=0 wide_skips=0 served=0.0MB copied=0.0MB ssd_avoided=0.0GB live=0/0.0GB model=0 protected=0 declined=0 topup_suppressed=0 aged=0 into=0/0/0 pending=0
[mirror-split] internal=0 K3C=0 K3B=0 K3A=0  shares=0%/0%/0%/0%
[phases] mono=417894.057348 chunks=77 sequence=146.581s read_wait=0.170s bind_upload=1.646s attention_resident=10.665s expert_read_prefetch=58.161s expert_demand_read=34.920s expert_plan=5.697s expert_hint=0.000s expert_submit=0.000s expert_kernel=74.527s source_fence=0.000s tail_head_sync=1.214s layer_other=0.155s expert_read_gross=52.464s plan_hint=5.548s plan_sched=0.147s attn_total=12.652s attn_encode=3.747s attn_wait=7.521s attn_drain=1.384s kernel_total=39.453s kernel_host=1.736s kernel_wait=8.978s kernel_drain=28.739s
[attn-split] single: calls=6882 total=6.374s encode=2.461s wait=2.530s drain=1.384s waits=11914 untimed=2314 | wide: calls=558 total=6.278s encode=1.287s wait=4.991s drain=0.000s waits=552 untimed=552 | hint: calls=7360 total=5.744s encode=0.018s wait=5.726s drain=0.000s waits=7514 untimed=7514
[kernel-split] single: calls=7366 total=29.065s encode=0.733s wait=0.380s drain=27.951s waits=7841 untimed=6121 | wide: calls=1617 total=10.388s encode=1.003s wait=8.598s drain=0.788s waits=1617 untimed=0
[kernel-sub] materialize=0.503s moe=10.150s precommit=28.067s rest=0.733s
[metal-cache] calls=16996 zero_copy_wraps=513 copies=0 cache_entries=187 bindless=true
 =
[stats] generated=79 elapsed=157.878s speed=0.5004 token/s (1.998 s/token) chunks=78 committed_rows=149 verify_tx=4 drafts=2/14 layer_passes=7254 expert_rows=13708 expert_tiles=8038
[verify-width] w1=0 w2=3 w3=0 w4=0 w5=0 w6=0 w7=0 w8+=1              (w1 share 0.0% of 4 transactions)
[opens] expert file opens=438267 total=4.840s mean=0.011ms requested_bytes=4093011229888 (4093.0 GB)
[split-eta] chunks served hot=75248 dir_c=42206 dir_b=94600 primary=185567
[arrival] tiles=1264 waves=2029 uncovered_wait=39.732s dispatch=9.945s
[retain] enabled=false cap_gb=8 layers=63..=92 consults=0 wanted=0 hits=0 inserts=0 served=0.0MB
[summer] enabled=false cap_gb=8 sample=16 consults=0 wanted=0 hits=0 hit_rate=0.0% misses=0 inserts=0 evictions=0 recycled=0 allocs=0 pin_skips=0 gated=0 ramp=2..50 bar=0 suppressed=0 wide_skips=0 served=0.0MB copied=0.0MB ssd_avoided=0.0GB live=0/0.0GB model=0 protected=0 declined=0 topup_suppressed=0 aged=0 into=0/0/0 pending=0
[mirror-split] internal=0 K3C=0 K3B=0 K3A=0  shares=0%/0%/0%/0%
[phases] mono=417895.369986 chunks=78 sequence=147.892s read_wait=0.170s bind_upload=1.646s attention_resident=10.744s expert_read_prefetch=58.959s expert_demand_read=35.405s expert_plan=5.780s expert_hint=0.000s expert_submit=0.000s expert_kernel=74.943s source_fence=0.000s tail_head_sync=1.230s layer_other=0.157s expert_read_gross=53.178s plan_hint=5.631s plan_sched=0.148s attn_total=12.731s attn_encode=3.774s attn_wait=7.553s attn_drain=1.404s kernel_total=39.860s kernel_host=1.745s kernel_wait=8.982s kernel_drain=29.133s
[attn-split] single: calls=6975 total=6.453s encode=2.487s wait=2.561s drain=1.404s waits=12075 untimed=2340 | wide: calls=558 total=6.278s encode=1.287s wait=4.991s drain=0.000s waits=552 untimed=552 | hint: calls=7452 total=5.826s encode=0.019s wait=5.808s drain=0.000s waits=7605 untimed=7605
[kernel-split] single: calls=7462 total=29.471s encode=0.742s wait=0.384s drain=28.345s waits=7942 untimed=6202 | wide: calls=1617 total=10.388s encode=1.003s wait=8.598s drain=0.788s waits=1617 untimed=0
[kernel-sub] materialize=0.503s moe=10.156s precommit=28.463s rest=0.738s
[metal-cache] calls=17092 zero_copy_wraps=513 copies=0 cache_entries=187 bindless=true
 
[stats] generated=80 elapsed=159.164s speed=0.5026 token/s (1.990 s/token) chunks=79 committed_rows=150 verify_tx=4 drafts=2/14 layer_passes=7347 expert_rows=13800 expert_tiles=8130
[verify-width] w1=0 w2=3 w3=0 w4=0 w5=0 w6=0 w7=0 w8+=1              (w1 share 0.0% of 4 transactions)
[opens] expert file opens=443718 total=4.899s mean=0.011ms requested_bytes=4129439431872 (4129.4 GB)
[split-eta] chunks served hot=76056 dir_c=42632 dir_b=95593 primary=187492
[arrival] tiles=1265 waves=2036 uncovered_wait=39.741s dispatch=9.953s
[retain] enabled=false cap_gb=8 layers=63..=92 consults=0 wanted=0 hits=0 inserts=0 served=0.0MB
[summer] enabled=false cap_gb=8 sample=16 consults=0 wanted=0 hits=0 hit_rate=0.0% misses=0 inserts=0 evictions=0 recycled=0 allocs=0 pin_skips=0 gated=0 ramp=2..50 bar=0 suppressed=0 wide_skips=0 served=0.0MB copied=0.0MB ssd_avoided=0.0GB live=0/0.0GB model=0 protected=0 declined=0 topup_suppressed=0 aged=0 into=0/0/0 pending=0
[mirror-split] internal=0 K3C=0 K3B=0 K3A=0  shares=0%/0%/0%/0%
[phases] mono=417896.655414 chunks=79 sequence=149.176s read_wait=0.170s bind_upload=1.646s attention_resident=10.818s expert_read_prefetch=59.766s expert_demand_read=35.879s expert_plan=5.849s expert_hint=0.000s expert_submit=0.000s expert_kernel=75.328s source_fence=0.000s tail_head_sync=1.247s layer_other=0.158s expert_read_gross=53.916s plan_hint=5.699s plan_sched=0.149s attn_total=12.805s attn_encode=3.801s attn_wait=7.585s attn_drain=1.419s kernel_total=40.236s kernel_host=1.754s kernel_wait=8.987s kernel_drain=29.495s
[attn-split] single: calls=7068 total=6.526s encode=2.514s wait=2.593s drain=1.419s waits=12236 untimed=2371 | wide: calls=558 total=6.278s encode=1.287s wait=4.991s drain=0.000s waits=552 untimed=552 | hint: calls=7544 total=5.894s encode=0.019s wait=5.875s drain=0.000s waits=7696 untimed=7696
[kernel-split] single: calls=7560 total=29.848s encode=0.751s wait=0.389s drain=28.707s waits=8047 untimed=6285 | wide: calls=1617 total=10.388s encode=1.003s wait=8.598s drain=0.788s waits=1617 untimed=0
[kernel-sub] materialize=0.503s moe=10.164s precommit=28.827s rest=0.742s
[metal-cache] calls=17190 zero_copy_wraps=513 copies=0 cache_entries=187 bindless=true
1
[stats] generated=81 elapsed=160.460s speed=0.5048 token/s (1.981 s/token) chunks=80 committed_rows=151 verify_tx=4 drafts=2/14 layer_passes=7440 expert_rows=13892 expert_tiles=8222
[verify-width] w1=0 w2=3 w3=0 w4=0 w5=0 w6=0 w7=0 w8+=1              (w1 share 0.0% of 4 transactions)
[opens] expert file opens=449182 total=4.958s mean=0.011ms requested_bytes=4166016777408 (4166.0 GB)
[split-eta] chunks served hot=76842 dir_c=43060 dir_b=96601 primary=189439
[arrival] tiles=1266 waves=2042 uncovered_wait=39.751s dispatch=9.959s
[retain] enabled=false cap_gb=8 layers=63..=92 consults=0 wanted=0 hits=0 inserts=0 served=0.0MB
[summer] enabled=false cap_gb=8 sample=16 consults=0 wanted=0 hits=0 hit_rate=0.0% misses=0 inserts=0 evictions=0 recycled=0 allocs=0 pin_skips=0 gated=0 ramp=2..50 bar=0 suppressed=0 wide_skips=0 served=0.0MB copied=0.0MB ssd_avoided=0.0GB live=0/0.0GB model=0 protected=0 declined=0 topup_suppressed=0 aged=0 into=0/0/0 pending=0
[mirror-split] internal=0 K3C=0 K3B=0 K3A=0  shares=0%/0%/0%/0%
[phases] mono=417897.951642 chunks=80 sequence=150.471s read_wait=0.170s bind_upload=1.646s attention_resident=10.896s expert_read_prefetch=60.553s expert_demand_read=36.365s expert_plan=5.928s expert_hint=0.000s expert_submit=0.000s expert_kernel=75.739s source_fence=0.000s tail_head_sync=1.264s layer_other=0.159s expert_read_gross=54.625s plan_hint=5.776s plan_sched=0.150s attn_total=12.883s attn_encode=3.828s attn_wait=7.618s attn_drain=1.437s kernel_total=40.636s kernel_host=1.764s kernel_wait=8.990s kernel_drain=29.882s
[attn-split] single: calls=7161 total=6.605s encode=2.541s wait=2.627s drain=1.437s waits=12397 untimed=2399 | wide: calls=558 total=6.278s encode=1.287s wait=4.991s drain=0.000s waits=552 untimed=552 | hint: calls=7636 total=5.971s encode=0.019s wait=5.952s drain=0.000s waits=7787 untimed=7787
[kernel-split] single: calls=7657 total=30.248s encode=0.761s wait=0.393s drain=29.094s waits=8150 untimed=6363 | wide: calls=1617 total=10.388s encode=1.003s wait=8.598s drain=0.788s waits=1617 untimed=0
[kernel-sub] materialize=0.503s moe=10.170s precommit=29.217s rest=0.747s
[metal-cache] calls=17287 zero_copy_wraps=513 copies=0 cache_entries=187 bindless=true
,
[stats] generated=82 elapsed=161.786s speed=0.5068 token/s (1.973 s/token) chunks=81 committed_rows=152 verify_tx=4 drafts=2/14 layer_passes=7533 expert_rows=13984 expert_tiles=8314
[verify-width] w1=0 w2=3 w3=0 w4=0 w5=0 w6=0 w7=0 w8+=1              (w1 share 0.0% of 4 transactions)
[opens] expert file opens=454628 total=5.020s mean=0.011ms requested_bytes=4203085446336 (4203.1 GB)
[split-eta] chunks served hot=77648 dir_c=43517 dir_b=97614 primary=191388
[arrival] tiles=1267 waves=2050 uncovered_wait=39.760s dispatch=9.968s
[retain] enabled=false cap_gb=8 layers=63..=92 consults=0 wanted=0 hits=0 inserts=0 served=0.0MB
[summer] enabled=false cap_gb=8 sample=16 consults=0 wanted=0 hits=0 hit_rate=0.0% misses=0 inserts=0 evictions=0 recycled=0 allocs=0 pin_skips=0 gated=0 ramp=2..50 bar=0 suppressed=0 wide_skips=0 served=0.0MB copied=0.0MB ssd_avoided=0.0GB live=0/0.0GB model=0 protected=0 declined=0 topup_suppressed=0 aged=0 into=0/0/0 pending=0
[mirror-split] internal=0 K3C=0 K3B=0 K3A=0  shares=0%/0%/0%/0%
[phases] mono=417899.278356 chunks=81 sequence=151.797s read_wait=0.170s bind_upload=1.646s attention_resident=10.999s expert_read_prefetch=61.340s expert_demand_read=36.837s expert_plan=6.006s expert_hint=0.000s expert_submit=0.000s expert_kernel=76.156s source_fence=0.000s tail_head_sync=1.281s layer_other=0.161s expert_read_gross=55.333s plan_hint=5.853s plan_sched=0.151s attn_total=12.986s attn_encode=3.880s attn_wait=7.652s attn_drain=1.454s kernel_total=41.045s kernel_host=1.775s kernel_wait=8.995s kernel_drain=30.275s
[attn-split] single: calls=7254 total=6.708s encode=2.593s wait=2.661s drain=1.454s waits=12558 untimed=2423 | wide: calls=558 total=6.278s encode=1.287s wait=4.991s drain=0.000s waits=552 untimed=552 | hint: calls=7728 total=6.049s encode=0.019s wait=6.029s drain=0.000s waits=7878 untimed=7878
[kernel-split] single: calls=7756 total=30.657s encode=0.772s wait=0.398s drain=29.487s waits=8257 untimed=6449 | wide: calls=1617 total=10.388s encode=1.003s wait=8.598s drain=0.788s waits=1617 untimed=0
[kernel-sub] materialize=0.503s moe=10.179s precommit=29.613s rest=0.751s
[metal-cache] calls=17386 zero_copy_wraps=513 copies=0 cache_entries=187 bindless=true
550
[stats] generated=83 elapsed=163.063s speed=0.5090 token/s (1.965 s/token) chunks=82 committed_rows=153 verify_tx=4 drafts=2/14 layer_passes=7626 expert_rows=14076 expert_tiles=8406
[verify-width] w1=0 w2=3 w3=0 w4=0 w5=0 w6=0 w7=0 w8+=1              (w1 share 0.0% of 4 transactions)
[opens] expert file opens=460007 total=5.079s mean=0.011ms requested_bytes=4239127624896 (4239.1 GB)
[split-eta] chunks served hot=78428 dir_c=43943 dir_b=98608 primary=193296
[arrival] tiles=1268 waves=2056 uncovered_wait=39.769s dispatch=9.976s
[retain] enabled=false cap_gb=8 layers=63..=92 consults=0 wanted=0 hits=0 inserts=0 served=0.0MB
[summer] enabled=false cap_gb=8 sample=16 consults=0 wanted=0 hits=0 hit_rate=0.0% misses=0 inserts=0 evictions=0 recycled=0 allocs=0 pin_skips=0 gated=0 ramp=2..50 bar=0 suppressed=0 wide_skips=0 served=0.0MB copied=0.0MB ssd_avoided=0.0GB live=0/0.0GB model=0 protected=0 declined=0 topup_suppressed=0 aged=0 into=0/0/0 pending=0
[mirror-split] internal=0 K3C=0 K3B=0 K3A=0  shares=0%/0%/0%/0%
[phases] mono=417900.555342 chunks=82 sequence=153.073s read_wait=0.170s bind_upload=1.646s attention_resident=11.073s expert_read_prefetch=62.137s expert_demand_read=37.325s expert_plan=6.076s expert_hint=0.000s expert_submit=0.000s expert_kernel=76.544s source_fence=0.000s tail_head_sync=1.296s layer_other=0.162s expert_read_gross=56.061s plan_hint=5.922s plan_sched=0.152s attn_total=13.060s attn_encode=3.904s attn_wait=7.682s attn_drain=1.474s kernel_total=41.423s kernel_host=1.784s kernel_wait=9.001s kernel_drain=30.638s
[attn-split] single: calls=7347 total=6.782s encode=2.617s wait=2.690s drain=1.474s waits=12719 untimed=2449 | wide: calls=558 total=6.278s encode=1.287s wait=4.991s drain=0.000s waits=552 untimed=552 | hint: calls=7820 total=6.117s encode=0.020s wait=6.098s drain=0.000s waits=7969 untimed=7969
[kernel-split] single: calls=7853 total=31.034s encode=0.781s wait=0.403s drain=29.850s waits=8360 untimed=6520 | wide: calls=1617 total=10.388s encode=1.003s wait=8.598s drain=0.788s waits=1617 untimed=0
[kernel-sub] materialize=0.503s moe=10.187s precommit=29.978s rest=0.755s
[metal-cache] calls=17483 zero_copy_wraps=513 copies=0 cache_entries=187 bindless=true
,
[stats] generated=84 elapsed=164.391s speed=0.5110 token/s (1.957 s/token) chunks=83 committed_rows=154 verify_tx=4 drafts=2/14 layer_passes=7719 expert_rows=14168 expert_tiles=8498
[verify-width] w1=0 w2=3 w3=0 w4=0 w5=0 w6=0 w7=0 w8+=1              (w1 share 0.0% of 4 transactions)
[opens] expert file opens=465513 total=5.138s mean=0.011ms requested_bytes=4276608629952 (4276.6 GB)
[split-eta] chunks served hot=79241 dir_c=44395 dir_b=99637 primary=195274
[arrival] tiles=1269 waves=2061 uncovered_wait=39.779s dispatch=9.984s
[retain] enabled=false cap_gb=8 layers=63..=92 consults=0 wanted=0 hits=0 inserts=0 served=0.0MB
[summer] enabled=false cap_gb=8 sample=16 consults=0 wanted=0 hits=0 hit_rate=0.0% misses=0 inserts=0 evictions=0 recycled=0 allocs=0 pin_skips=0 gated=0 ramp=2..50 bar=0 suppressed=0 wide_skips=0 served=0.0MB copied=0.0MB ssd_avoided=0.0GB live=0/0.0GB model=0 protected=0 declined=0 topup_suppressed=0 aged=0 into=0/0/0 pending=0
[mirror-split] internal=0 K3C=0 K3B=0 K3A=0  shares=0%/0%/0%/0%
[phases] mono=417901.883318 chunks=83 sequence=154.400s read_wait=0.170s bind_upload=1.646s attention_resident=11.160s expert_read_prefetch=62.924s expert_demand_read=37.799s expert_plan=6.138s expert_hint=0.001s expert_submit=0.000s expert_kernel=76.979s source_fence=0.000s tail_head_sync=1.313s layer_other=0.164s expert_read_gross=56.786s plan_hint=5.982s plan_sched=0.153s attn_total=13.146s attn_encode=3.930s attn_wait=7.722s attn_drain=1.494s kernel_total=41.848s kernel_host=1.794s kernel_wait=9.006s kernel_drain=31.048s
[attn-split] single: calls=7440 total=6.868s encode=2.644s wait=2.730s drain=1.494s waits=12880 untimed=2478 | wide: calls=558 total=6.278s encode=1.287s wait=4.991s drain=0.000s waits=552 untimed=552 | hint: calls=7912 total=6.178s encode=0.020s wait=6.158s drain=0.000s waits=8060 untimed=8060
[kernel-split] single: calls=7949 total=31.460s encode=0.791s wait=0.408s drain=30.260s waits=8461 untimed=6602 | wide: calls=1617 total=10.388s encode=1.003s wait=8.598s drain=0.788s waits=1617 untimed=0
[kernel-sub] materialize=0.503s moe=10.195s precommit=30.391s rest=0.760s
[metal-cache] calls=17579 zero_copy_wraps=513 copies=0 cache_entries=187 bindless=true
000
[stats] generated=85 elapsed=165.688s speed=0.5130 token/s (1.949 s/token) chunks=84 committed_rows=155 verify_tx=4 drafts=2/14 layer_passes=7812 expert_rows=14260 expert_tiles=8590
[verify-width] w1=0 w2=3 w3=0 w4=0 w5=0 w6=0 w7=0 w8+=1              (w1 share 0.0% of 4 transactions)
[opens] expert file opens=470904 total=5.196s mean=0.011ms requested_bytes=4312984173760 (4313.0 GB)
[split-eta] chunks served hot=80033 dir_c=44835 dir_b=100632 primary=197193
[arrival] tiles=1270 waves=2067 uncovered_wait=39.789s dispatch=9.993s
[retain] enabled=false cap_gb=8 layers=63..=92 consults=0 wanted=0 hits=0 inserts=0 served=0.0MB
[summer] enabled=false cap_gb=8 sample=16 consults=0 wanted=0 hits=0 hit_rate=0.0% misses=0 inserts=0 evictions=0 recycled=0 allocs=0 pin_skips=0 gated=0 ramp=2..50 bar=0 suppressed=0 wide_skips=0 served=0.0MB copied=0.0MB ssd_avoided=0.0GB live=0/0.0GB model=0 protected=0 declined=0 topup_suppressed=0 aged=0 into=0/0/0 pending=0
[mirror-split] internal=0 K3C=0 K3B=0 K3A=0  shares=0%/0%/0%/0%
[phases] mono=417903.179837 chunks=84 sequence=155.695s read_wait=0.170s bind_upload=1.646s attention_resident=11.239s expert_read_prefetch=63.706s expert_demand_read=38.257s expert_plan=6.214s expert_hint=0.001s expert_submit=0.001s expert_kernel=77.395s source_fence=0.000s tail_head_sync=1.330s layer_other=0.165s expert_read_gross=57.492s plan_hint=6.057s plan_sched=0.155s attn_total=13.226s attn_encode=3.957s attn_wait=7.751s attn_drain=1.518s kernel_total=42.253s kernel_host=1.804s kernel_wait=9.011s kernel_drain=31.438s
[attn-split] single: calls=7533 total=6.947s encode=2.670s wait=2.759s drain=1.518s waits=13041 untimed=2508 | wide: calls=558 total=6.278s encode=1.287s wait=4.991s drain=0.000s waits=552 untimed=552 | hint: calls=8004 total=6.253s encode=0.020s wait=6.233s drain=0.000s waits=8151 untimed=8151
[kernel-split] single: calls=8046 total=31.865s encode=0.801s wait=0.414s drain=30.650s waits=8564 untimed=6683 | wide: calls=1617 total=10.388s encode=1.003s wait=8.598s drain=0.788s waits=1617 untimed=0
[kernel-sub] materialize=0.503s moe=10.203s precommit=30.783s rest=0.764s
[metal-cache] calls=17676 zero_copy_wraps=513 copies=0 cache_entries=187 bindless=true
 −
[stats] generated=86 elapsed=167.007s speed=0.5149 token/s (1.942 s/token) chunks=85 committed_rows=156 verify_tx=4 drafts=2/14 layer_passes=7905 expert_rows=14352 expert_tiles=8682
[verify-width] w1=0 w2=3 w3=0 w4=0 w5=0 w6=0 w7=0 w8+=1              (w1 share 0.0% of 4 transactions)
[opens] expert file opens=476374 total=5.256s mean=0.011ms requested_bytes=4349991419072 (4350.0 GB)
[split-eta] chunks served hot=80820 dir_c=45291 dir_b=101646 primary=199154
[arrival] tiles=1271 waves=2072 uncovered_wait=39.799s dispatch=9.999s
[retain] enabled=false cap_gb=8 layers=63..=92 consults=0 wanted=0 hits=0 inserts=0 served=0.0MB
[summer] enabled=false cap_gb=8 sample=16 consults=0 wanted=0 hits=0 hit_rate=0.0% misses=0 inserts=0 evictions=0 recycled=0 allocs=0 pin_skips=0 gated=0 ramp=2..50 bar=0 suppressed=0 wide_skips=0 served=0.0MB copied=0.0MB ssd_avoided=0.0GB live=0/0.0GB model=0 protected=0 declined=0 topup_suppressed=0 aged=0 into=0/0/0 pending=0
[mirror-split] internal=0 K3C=0 K3B=0 K3A=0  shares=0%/0%/0%/0%
[phases] mono=417904.499353 chunks=85 sequence=157.013s read_wait=0.170s bind_upload=1.646s attention_resident=11.338s expert_read_prefetch=64.503s expert_demand_read=38.727s expert_plan=6.297s expert_hint=0.001s expert_submit=0.001s expert_kernel=77.799s source_fence=0.000s tail_head_sync=1.346s layer_other=0.167s expert_read_gross=58.206s plan_hint=6.139s plan_sched=0.156s attn_total=13.324s attn_encode=4.006s attn_wait=7.786s attn_drain=1.532s kernel_total=42.648s kernel_host=1.814s kernel_wait=9.015s kernel_drain=31.820s
[attn-split] single: calls=7626 total=7.045s encode=2.719s wait=2.794s drain=1.532s waits=13202 untimed=2547 | wide: calls=558 total=6.278s encode=1.287s wait=4.991s drain=0.000s waits=552 untimed=552 | hint: calls=8096 total=6.335s encode=0.020s wait=6.314s drain=0.000s waits=8242 untimed=8242
[kernel-split] single: calls=8142 total=32.259s encode=0.811s wait=0.417s drain=31.032s waits=8665 untimed=6769 | wide: calls=1617 total=10.388s encode=1.003s wait=8.598s drain=0.788s waits=1617 untimed=0
[kernel-sub] materialize=0.503s moe=10.209s precommit=31.167s rest=0.769s
[metal-cache] calls=17772 zero_copy_wraps=513 copies=0 cache_entries=187 bindless=true
 
[stats] generated=87 elapsed=168.331s speed=0.5168 token/s (1.935 s/token) chunks=86 committed_rows=157 verify_tx=4 drafts=2/14 layer_passes=7998 expert_rows=14444 expert_tiles=8774
[verify-width] w1=0 w2=3 w3=0 w4=0 w5=0 w6=0 w7=0 w8+=1              (w1 share 0.0% of 4 transactions)
[opens] expert file opens=481900 total=5.314s mean=0.011ms requested_bytes=4387103964352 (4387.1 GB)
[split-eta] chunks served hot=81625 dir_c=45733 dir_b=102666 primary=201117
[arrival] tiles=1272 waves=2076 uncovered_wait=39.807s dispatch=10.006s
[retain] enabled=false cap_gb=8 layers=63..=92 consults=0 wanted=0 hits=0 inserts=0 served=0.0MB
[summer] enabled=false cap_gb=8 sample=16 consults=0 wanted=0 hits=0 hit_rate=0.0% misses=0 inserts=0 evictions=0 recycled=0 allocs=0 pin_skips=0 gated=0 ramp=2..50 bar=0 suppressed=0 wide_skips=0 served=0.0MB copied=0.0MB ssd_avoided=0.0GB live=0/0.0GB model=0 protected=0 declined=0 topup_suppressed=0 aged=0 into=0/0/0 pending=0
[mirror-split] internal=0 K3C=0 K3B=0 K3A=0  shares=0%/0%/0%/0%
[phases] mono=417905.823032 chunks=86 sequence=158.336s read_wait=0.170s bind_upload=1.646s attention_resident=11.417s expert_read_prefetch=65.313s expert_demand_read=39.208s expert_plan=6.383s expert_hint=0.001s expert_submit=0.001s expert_kernel=78.214s source_fence=0.000s tail_head_sync=1.363s layer_other=0.168s expert_read_gross=58.930s plan_hint=6.224s plan_sched=0.157s attn_total=13.403s attn_encode=4.031s attn_wait=7.813s attn_drain=1.559s kernel_total=43.054s kernel_host=1.823s kernel_wait=9.019s kernel_drain=32.213s
[attn-split] single: calls=7719 total=7.125s encode=2.744s wait=2.822s drain=1.559s waits=13363 untimed=2579 | wide: calls=558 total=6.278s encode=1.287s wait=4.991s drain=0.000s waits=552 untimed=552 | hint: calls=8188 total=6.419s encode=0.020s wait=6.399s drain=0.000s waits=8333 untimed=8333
[kernel-split] single: calls=8237 total=32.666s encode=0.820s wait=0.421s drain=31.425s waits=8764 untimed=6846 | wide: calls=1617 total=10.388s encode=1.003s wait=8.598s drain=0.788s waits=1617 untimed=0
[kernel-sub] materialize=0.503s moe=10.216s precommit=31.563s rest=0.773s
[metal-cache] calls=17867 zero_copy_wraps=513 copies=0 cache_entries=187 bindless=true
[route-chain] chained=5520
[route-chain] dedup_hits=5520
910
[stats] generated=88 elapsed=169.609s speed=0.5188 token/s (1.927 s/token) chunks=87 committed_rows=158 verify_tx=4 drafts=2/14 layer_passes=8091 expert_rows=14536 expert_tiles=8866
[verify-width] w1=0 w2=3 w3=0 w4=0 w5=0 w6=0 w7=0 w8+=1              (w1 share 0.0% of 4 transactions)
[opens] expert file opens=487263 total=5.372s mean=0.011ms requested_bytes=4423146110144 (4423.1 GB)
[split-eta] chunks served hot=82411 dir_c=46157 dir_b=103660 primary=203021
[arrival] tiles=1273 waves=2083 uncovered_wait=39.817s dispatch=10.013s
[retain] enabled=false cap_gb=8 layers=63..=92 consults=0 wanted=0 hits=0 inserts=0 served=0.0MB
[summer] enabled=false cap_gb=8 sample=16 consults=0 wanted=0 hits=0 hit_rate=0.0% misses=0 inserts=0 evictions=0 recycled=0 allocs=0 pin_skips=0 gated=0 ramp=2..50 bar=0 suppressed=0 wide_skips=0 served=0.0MB copied=0.0MB ssd_avoided=0.0GB live=0/0.0GB model=0 protected=0 declined=0 topup_suppressed=0 aged=0 into=0/0/0 pending=0
[mirror-split] internal=0 K3C=0 K3B=0 K3A=0  shares=0%/0%/0%/0%
[phases] mono=417907.100869 chunks=87 sequence=159.613s read_wait=0.170s bind_upload=1.646s attention_resident=11.493s expert_read_prefetch=66.083s expert_demand_read=39.670s expert_plan=6.464s expert_hint=0.001s expert_submit=0.001s expert_kernel=78.627s source_fence=0.000s tail_head_sync=1.380s layer_other=0.169s expert_read_gross=59.619s plan_hint=6.304s plan_sched=0.158s attn_total=13.479s attn_encode=4.056s attn_wait=7.852s attn_drain=1.570s kernel_total=43.457s kernel_host=1.832s kernel_wait=9.023s kernel_drain=32.602s
[attn-split] single: calls=7812 total=7.200s encode=2.769s wait=2.861s drain=1.570s waits=13524 untimed=2615 | wide: calls=558 total=6.278s encode=1.287s wait=4.991s drain=0.000s waits=552 untimed=552 | hint: calls=8280 total=6.499s encode=0.021s wait=6.478s drain=0.000s waits=8424 untimed=8424
[kernel-split] single: calls=8335 total=33.068s encode=0.829s wait=0.425s drain=31.814s waits=8869 untimed=6931 | wide: calls=1617 total=10.388s encode=1.003s wait=8.598s drain=0.788s waits=1617 untimed=0
[kernel-sub] materialize=0.503s moe=10.223s precommit=31.954s rest=0.777s
[metal-cache] calls=17965 zero_copy_wraps=513 copies=0 cache_entries=187 bindless=true
,
[stats] generated=89 elapsed=170.912s speed=0.5207 token/s (1.920 s/token) chunks=88 committed_rows=159 verify_tx=4 drafts=2/14 layer_passes=8184 expert_rows=14628 expert_tiles=8958
[verify-width] w1=0 w2=3 w3=0 w4=0 w5=0 w6=0 w7=0 w8+=1              (w1 share 0.0% of 4 transactions)
[opens] expert file opens=492629 total=5.433s mean=0.011ms requested_bytes=4459890162880 (4459.9 GB)
[split-eta] chunks served hot=83209 dir_c=46616 dir_b=104667 primary=204945
[arrival] tiles=1274 waves=2088 uncovered_wait=39.826s dispatch=10.019s
[retain] enabled=false cap_gb=8 layers=63..=92 consults=0 wanted=0 hits=0 inserts=0 served=0.0MB
[summer] enabled=false cap_gb=8 sample=16 consults=0 wanted=0 hits=0 hit_rate=0.0% misses=0 inserts=0 evictions=0 recycled=0 allocs=0 pin_skips=0 gated=0 ramp=2..50 bar=0 suppressed=0 wide_skips=0 served=0.0MB copied=0.0MB ssd_avoided=0.0GB live=0/0.0GB model=0 protected=0 declined=0 topup_suppressed=0 aged=0 into=0/0/0 pending=0
[mirror-split] internal=0 K3C=0 K3B=0 K3A=0  shares=0%/0%/0%/0%
[phases] mono=417908.404200 chunks=88 sequence=160.915s read_wait=0.170s bind_upload=1.646s attention_resident=11.572s expert_read_prefetch=66.871s expert_demand_read=40.128s expert_plan=6.547s expert_hint=0.001s expert_submit=0.001s expert_kernel=79.044s source_fence=0.000s tail_head_sync=1.396s layer_other=0.171s expert_read_gross=60.323s plan_hint=6.386s plan_sched=0.159s attn_total=13.558s attn_encode=4.085s attn_wait=7.879s attn_drain=1.594s kernel_total=43.864s kernel_host=1.842s kernel_wait=9.027s kernel_drain=32.995s
[attn-split] single: calls=7905 total=7.279s encode=2.798s wait=2.887s drain=1.594s waits=13685 untimed=2634 | wide: calls=558 total=6.278s encode=1.287s wait=4.991s drain=0.000s waits=552 untimed=552 | hint: calls=8372 total=6.581s encode=0.021s wait=6.560s drain=0.000s waits=8515 untimed=8515
[kernel-split] single: calls=8431 total=33.476s encode=0.840s wait=0.430s drain=32.207s waits=8970 untimed=7002 | wide: calls=1617 total=10.388s encode=1.003s wait=8.598s drain=0.788s waits=1617 untimed=0
[kernel-sub] materialize=0.503s moe=10.229s precommit=32.350s rest=0.782s
[metal-cache] calls=18061 zero_copy_wraps=513 copies=0 cache_entries=187 bindless=true
000
[stats] generated=90 elapsed=172.204s speed=0.5226 token/s (1.913 s/token) chunks=89 committed_rows=160 verify_tx=4 drafts=2/14 layer_passes=8277 expert_rows=14720 expert_tiles=9050
[verify-width] w1=0 w2=3 w3=0 w4=0 w5=0 w6=0 w7=0 w8+=1              (w1 share 0.0% of 4 transactions)
[opens] expert file opens=497950 total=5.491s mean=0.011ms requested_bytes=4496502602944 (4496.5 GB)
[split-eta] chunks served hot=84017 dir_c=47064 dir_b=105658 primary=206871
[arrival] tiles=1275 waves=2096 uncovered_wait=39.837s dispatch=10.027s
[retain] enabled=false cap_gb=8 layers=63..=92 consults=0 wanted=0 hits=0 inserts=0 served=0.0MB
[summer] enabled=false cap_gb=8 sample=16 consults=0 wanted=0 hits=0 hit_rate=0.0% misses=0 inserts=0 evictions=0 recycled=0 allocs=0 pin_skips=0 gated=0 ramp=2..50 bar=0 suppressed=0 wide_skips=0 served=0.0MB copied=0.0MB ssd_avoided=0.0GB live=0/0.0GB model=0 protected=0 declined=0 topup_suppressed=0 aged=0 into=0/0/0 pending=0
[mirror-split] internal=0 K3C=0 K3B=0 K3A=0  shares=0%/0%/0%/0%
[phases] mono=417909.695414 chunks=89 sequence=162.205s read_wait=0.170s bind_upload=1.646s attention_resident=11.666s expert_read_prefetch=67.677s expert_demand_read=40.630s expert_plan=6.630s expert_hint=0.001s expert_submit=0.001s expert_kernel=79.419s source_fence=0.000s tail_head_sync=1.410s layer_other=0.172s expert_read_gross=61.046s plan_hint=6.468s plan_sched=0.161s attn_total=13.652s attn_encode=4.134s attn_wait=7.910s attn_drain=1.607s kernel_total=44.229s kernel_host=1.852s kernel_wait=9.032s kernel_drain=33.345s
[attn-split] single: calls=7998 total=7.373s encode=2.848s wait=2.918s drain=1.607s waits=13846 untimed=2664 | wide: calls=558 total=6.278s encode=1.287s wait=4.991s drain=0.000s waits=552 untimed=552 | hint: calls=8464 total=6.663s encode=0.021s wait=6.642s drain=0.000s waits=8606 untimed=8606
[kernel-split] single: calls=8530 total=33.840s encode=0.849s wait=0.434s drain=32.557s waits=9077 untimed=7085 | wide: calls=1617 total=10.388s encode=1.003s wait=8.598s drain=0.788s waits=1617 untimed=0
[kernel-sub] materialize=0.503s moe=10.237s precommit=32.703s rest=0.786s
[metal-cache] calls=18160 zero_copy_wraps=513 copies=0 cache_entries=187 bindless=true
  

[stats] generated=91 elapsed=173.499s speed=0.5245 token/s (1.907 s/token) chunks=90 committed_rows=161 verify_tx=4 drafts=2/14 layer_passes=8370 expert_rows=14812 expert_tiles=9142
[verify-width] w1=0 w2=3 w3=0 w4=0 w5=0 w6=0 w7=0 w8+=1              (w1 share 0.0% of 4 transactions)
[opens] expert file opens=503441 total=5.549s mean=0.011ms requested_bytes=4533106228416 (4533.1 GB)
[split-eta] chunks served hot=84805 dir_c=47492 dir_b=106666 primary=208819
[arrival] tiles=1276 waves=2103 uncovered_wait=39.844s dispatch=10.036s
[retain] enabled=false cap_gb=8 layers=63..=92 consults=0 wanted=0 hits=0 inserts=0 served=0.0MB
[summer] enabled=false cap_gb=8 sample=16 consults=0 wanted=0 hits=0 hit_rate=0.0% misses=0 inserts=0 evictions=0 recycled=0 allocs=0 pin_skips=0 gated=0 ramp=2..50 bar=0 suppressed=0 wide_skips=0 served=0.0MB copied=0.0MB ssd_avoided=0.0GB live=0/0.0GB model=0 protected=0 declined=0 topup_suppressed=0 aged=0 into=0/0/0 pending=0
[mirror-split] internal=0 K3C=0 K3B=0 K3A=0  shares=0%/0%/0%/0%
[phases] mono=417910.990610 chunks=90 sequence=163.499s read_wait=0.170s bind_upload=1.646s attention_resident=11.740s expert_read_prefetch=68.473s expert_demand_read=41.123s expert_plan=6.711s expert_hint=0.001s expert_submit=0.001s expert_kernel=79.824s source_fence=0.000s tail_head_sync=1.426s layer_other=0.174s expert_read_gross=61.762s plan_hint=6.547s plan_sched=0.162s attn_total=13.726s attn_encode=4.160s attn_wait=7.947s attn_drain=1.619s kernel_total=44.627s kernel_host=1.862s kernel_wait=9.037s kernel_drain=33.728s
[attn-split] single: calls=8091 total=7.447s encode=2.873s wait=2.955s drain=1.619s waits=14007 untimed=2701 | wide: calls=558 total=6.278s encode=1.287s wait=4.991s drain=0.000s waits=552 untimed=552 | hint: calls=8556 total=6.742s encode=0.021s wait=6.721s drain=0.000s waits=8697 untimed=8697
[kernel-split] single: calls=8628 total=34.238s encode=0.859s wait=0.439s drain=32.940s waits=9182 untimed=7165 | wide: calls=1617 total=10.388s encode=1.003s wait=8.598s drain=0.788s waits=1617 untimed=0
[kernel-sub] materialize=0.503s moe=10.246s precommit=33.088s rest=0.791s
[metal-cache] calls=18258 zero_copy_wraps=513 copies=0 cache_entries=187 bindless=true
**
[stats] generated=92 elapsed=174.807s speed=0.5263 token/s (1.900 s/token) chunks=91 committed_rows=162 verify_tx=4 drafts=2/14 layer_passes=8463 expert_rows=14904 expert_tiles=9234
[verify-width] w1=0 w2=3 w3=0 w4=0 w5=0 w6=0 w7=0 w8+=1              (w1 share 0.0% of 4 transactions)
[opens] expert file opens=508874 total=5.607s mean=0.011ms requested_bytes=4570069564608 (4570.1 GB)
[split-eta] chunks served hot=85613 dir_c=47932 dir_b=107678 primary=210772
[arrival] tiles=1277 waves=2109 uncovered_wait=39.853s dispatch=10.045s
[retain] enabled=false cap_gb=8 layers=63..=92 consults=0 wanted=0 hits=0 inserts=0 served=0.0MB
[summer] enabled=false cap_gb=8 sample=16 consults=0 wanted=0 hits=0 hit_rate=0.0% misses=0 inserts=0 evictions=0 recycled=0 allocs=0 pin_skips=0 gated=0 ramp=2..50 bar=0 suppressed=0 wide_skips=0 served=0.0MB copied=0.0MB ssd_avoided=0.0GB live=0/0.0GB model=0 protected=0 declined=0 topup_suppressed=0 aged=0 into=0/0/0 pending=0
[mirror-split] internal=0 K3C=0 K3B=0 K3A=0  shares=0%/0%/0%/0%
[phases] mono=417912.299112 chunks=91 sequence=164.806s read_wait=0.170s bind_upload=1.646s attention_resident=11.818s expert_read_prefetch=69.253s expert_demand_read=41.624s expert_plan=6.781s expert_hint=0.001s expert_submit=0.001s expert_kernel=80.257s source_fence=0.000s tail_head_sync=1.443s layer_other=0.175s expert_read_gross=62.471s plan_hint=6.617s plan_sched=0.163s attn_total=13.803s attn_encode=4.184s attn_wait=7.980s attn_drain=1.640s kernel_total=45.050s kernel_host=1.872s kernel_wait=9.042s kernel_drain=34.136s
[attn-split] single: calls=8184 total=7.525s encode=2.897s wait=2.988s drain=1.640s waits=14168 untimed=2738 | wide: calls=558 total=6.278s encode=1.287s wait=4.991s drain=0.000s waits=552 untimed=552 | hint: calls=8648 total=6.812s encode=0.021s wait=6.790s drain=0.000s waits=8788 untimed=8788
[kernel-split] single: calls=8725 total=34.662s encode=0.869s wait=0.444s drain=33.348s waits=9285 untimed=7250 | wide: calls=1617 total=10.388s encode=1.003s wait=8.598s drain=0.788s waits=1617 untimed=0
[kernel-sub] materialize=0.503s moe=10.254s precommit=33.498s rest=0.795s
[metal-cache] calls=18355 zero_copy_wraps=513 copies=0 cache_entries=187 bindless=true
Operating
[stats] generated=93 elapsed=176.060s speed=0.5282 token/s (1.893 s/token) chunks=92 committed_rows=163 verify_tx=4 drafts=2/14 layer_passes=8556 expert_rows=14996 expert_tiles=9326
[verify-width] w1=0 w2=3 w3=0 w4=0 w5=0 w6=0 w7=0 w8+=1              (w1 share 0.0% of 4 transactions)
[opens] expert file opens=514191 total=5.664s mean=0.011ms requested_bytes=4605936237760 (4605.9 GB)
[split-eta] chunks served hot=86405 dir_c=48379 dir_b=108650 primary=212649
[arrival] tiles=1278 waves=2116 uncovered_wait=39.862s dispatch=10.052s
[retain] enabled=false cap_gb=8 layers=63..=92 consults=0 wanted=0 hits=0 inserts=0 served=0.0MB
[summer] enabled=false cap_gb=8 sample=16 consults=0 wanted=0 hits=0 hit_rate=0.0% misses=0 inserts=0 evictions=0 recycled=0 allocs=0 pin_skips=0 gated=0 ramp=2..50 bar=0 suppressed=0 wide_skips=0 served=0.0MB copied=0.0MB ssd_avoided=0.0GB live=0/0.0GB model=0 protected=0 declined=0 topup_suppressed=0 aged=0 into=0/0/0 pending=0
[mirror-split] internal=0 K3C=0 K3B=0 K3A=0  shares=0%/0%/0%/0%
[phases] mono=417913.552162 chunks=92 sequence=166.059s read_wait=0.170s bind_upload=1.646s attention_resident=11.895s expert_read_prefetch=69.993s expert_demand_read=42.073s expert_plan=6.861s expert_hint=0.001s expert_submit=0.001s expert_kernel=80.673s source_fence=0.000s tail_head_sync=1.460s layer_other=0.176s expert_read_gross=63.132s plan_hint=6.695s plan_sched=0.164s attn_total=13.879s attn_encode=4.212s attn_wait=8.011s attn_drain=1.657s kernel_total=45.457s kernel_host=1.882s kernel_wait=9.046s kernel_drain=34.529s
[attn-split] single: calls=8277 total=7.601s encode=2.925s wait=3.019s drain=1.657s waits=14329 untimed=2766 | wide: calls=558 total=6.278s encode=1.287s wait=4.991s drain=0.000s waits=552 untimed=552 | hint: calls=8740 total=6.890s encode=0.022s wait=6.869s drain=0.000s waits=8879 untimed=8879
[kernel-split] single: calls=8823 total=35.069s encode=0.879s wait=0.448s drain=33.741s waits=9390 untimed=7337 | wide: calls=1617 total=10.388s encode=1.003s wait=8.598s drain=0.788s waits=1617 untimed=0
[kernel-sub] materialize=0.503s moe=10.261s precommit=33.894s rest=0.800s
[metal-cache] calls=18453 zero_copy_wraps=513 copies=0 cache_entries=187 bindless=true
 Profit
[stats] generated=94 elapsed=177.336s speed=0.5301 token/s (1.887 s/token) chunks=93 committed_rows=164 verify_tx=4 drafts=2/14 layer_passes=8649 expert_rows=15088 expert_tiles=9418
[verify-width] w1=0 w2=3 w3=0 w4=0 w5=0 w6=0 w7=0 w8+=1              (w1 share 0.0% of 4 transactions)
[opens] expert file opens=519529 total=5.725s mean=0.011ms requested_bytes=4641618689216 (4641.6 GB)
[split-eta] chunks served hot=87179 dir_c=48769 dir_b=109636 primary=214566
[arrival] tiles=1279 waves=2124 uncovered_wait=39.873s dispatch=10.059s
[retain] enabled=false cap_gb=8 layers=63..=92 consults=0 wanted=0 hits=0 inserts=0 served=0.0MB
[summer] enabled=false cap_gb=8 sample=16 consults=0 wanted=0 hits=0 hit_rate=0.0% misses=0 inserts=0 evictions=0 recycled=0 allocs=0 pin_skips=0 gated=0 ramp=2..50 bar=0 suppressed=0 wide_skips=0 served=0.0MB copied=0.0MB ssd_avoided=0.0GB live=0/0.0GB model=0 protected=0 declined=0 topup_suppressed=0 aged=0 into=0/0/0 pending=0
[mirror-split] internal=0 K3C=0 K3B=0 K3A=0  shares=0%/0%/0%/0%
[phases] mono=417914.828143 chunks=93 sequence=167.333s read_wait=0.170s bind_upload=1.646s attention_resident=11.984s expert_read_prefetch=70.810s expert_demand_read=42.566s expert_plan=6.944s expert_hint=0.001s expert_submit=0.001s expert_kernel=81.024s source_fence=0.000s tail_head_sync=1.476s layer_other=0.178s expert_read_gross=63.865s plan_hint=6.777s plan_sched=0.165s attn_total=13.969s attn_encode=4.253s attn_wait=8.045s attn_drain=1.671s kernel_total=45.797s kernel_host=1.891s kernel_wait=9.050s kernel_drain=34.856s
[attn-split] single: calls=8370 total=7.690s encode=2.967s wait=3.053s drain=1.671s waits=14490 untimed=2796 | wide: calls=558 total=6.278s encode=1.287s wait=4.991s drain=0.000s waits=552 untimed=552 | hint: calls=8832 total=6.972s encode=0.022s wait=6.950s drain=0.000s waits=8970 untimed=8970
[kernel-split] single: calls=8922 total=35.409s encode=0.889s wait=0.452s drain=34.068s waits=9497 untimed=7411 | wide: calls=1617 total=10.388s encode=1.003s wait=8.598s drain=0.788s waits=1617 untimed=0
[kernel-sub] materialize=0.503s moe=10.268s precommit=34.222s rest=0.804s
[metal-cache] calls=18552 zero_copy_wraps=513 copies=0 cache_entries=187 bindless=true
 =
[stats] generated=95 elapsed=178.656s speed=0.5317 token/s (1.881 s/token) chunks=94 committed_rows=165 verify_tx=4 drafts=2/14 layer_passes=8742 expert_rows=15180 expert_tiles=9510
[verify-width] w1=0 w2=3 w3=0 w4=0 w5=0 w6=0 w7=0 w8+=1              (w1 share 0.0% of 4 transactions)
[opens] expert file opens=525047 total=5.783s mean=0.011ms requested_bytes=4678468041920 (4678.5 GB)
[split-eta] chunks served hot=87967 dir_c=49208 dir_b=110656 primary=216519
[arrival] tiles=1280 waves=2132 uncovered_wait=39.883s dispatch=10.067s
[retain] enabled=false cap_gb=8 layers=63..=92 consults=0 wanted=0 hits=0 inserts=0 served=0.0MB
[summer] enabled=false cap_gb=8 sample=16 consults=0 wanted=0 hits=0 hit_rate=0.0% misses=0 inserts=0 evictions=0 recycled=0 allocs=0 pin_skips=0 gated=0 ramp=2..50 bar=0 suppressed=0 wide_skips=0 served=0.0MB copied=0.0MB ssd_avoided=0.0GB live=0/0.0GB model=0 protected=0 declined=0 topup_suppressed=0 aged=0 into=0/0/0 pending=0
[mirror-split] internal=0 K3C=0 K3B=0 K3A=0  shares=0%/0%/0%/0%
[phases] mono=417916.147947 chunks=94 sequence=168.652s read_wait=0.170s bind_upload=1.646s attention_resident=12.062s expert_read_prefetch=71.656s expert_demand_read=43.075s expert_plan=7.018s expert_hint=0.001s expert_submit=0.001s expert_kernel=81.399s source_fence=0.000s tail_head_sync=1.494s layer_other=0.179s expert_read_gross=64.638s plan_hint=6.849s plan_sched=0.166s attn_total=14.046s attn_encode=4.278s attn_wait=8.071s attn_drain=1.697s kernel_total=46.162s kernel_host=1.901s kernel_wait=9.054s kernel_drain=35.207s
[attn-split] single: calls=8463 total=7.768s encode=2.991s wait=3.080s drain=1.697s waits=14651 untimed=2822 | wide: calls=558 total=6.278s encode=1.287s wait=4.991s drain=0.000s waits=552 untimed=552 | hint: calls=8924 total=7.044s encode=0.022s wait=7.022s drain=0.000s waits=9061 untimed=9061
[kernel-split] single: calls=9021 total=35.774s encode=0.898s wait=0.456s drain=34.419s waits=9604 untimed=7498 | wide: calls=1617 total=10.388s encode=1.003s wait=8.598s drain=0.788s waits=1617 untimed=0
[kernel-sub] materialize=0.503s moe=10.275s precommit=34.576s rest=0.808s
[metal-cache] calls=18651 zero_copy_wraps=513 copies=0 cache_entries=187 bindless=true
 
[stats] generated=96 elapsed=179.941s speed=0.5335 token/s (1.874 s/token) chunks=95 committed_rows=166 verify_tx=4 drafts=2/14 layer_passes=8835 expert_rows=15272 expert_tiles=9602
[verify-width] w1=0 w2=3 w3=0 w4=0 w5=0 w6=0 w7=0 w8+=1              (w1 share 0.0% of 4 transactions)
[opens] expert file opens=530533 total=5.840s mean=0.011ms requested_bytes=4714790976704 (4714.8 GB)
[split-eta] chunks served hot=88756 dir_c=49633 dir_b=111654 primary=218447
[arrival] tiles=1281 waves=2139 uncovered_wait=39.893s dispatch=10.073s
[retain] enabled=false cap_gb=8 layers=63..=92 consults=0 wanted=0 hits=0 inserts=0 served=0.0MB
[summer] enabled=false cap_gb=8 sample=16 consults=0 wanted=0 hits=0 hit_rate=0.0% misses=0 inserts=0 evictions=0 recycled=0 allocs=0 pin_skips=0 gated=0 ramp=2..50 bar=0 suppressed=0 wide_skips=0 served=0.0MB copied=0.0MB ssd_avoided=0.0GB live=0/0.0GB model=0 protected=0 declined=0 topup_suppressed=0 aged=0 into=0/0/0 pending=0
[mirror-split] internal=0 K3C=0 K3B=0 K3A=0  shares=0%/0%/0%/0%
[phases] mono=417917.433079 chunks=95 sequence=169.936s read_wait=0.170s bind_upload=1.646s attention_resident=12.132s expert_read_prefetch=72.452s expert_demand_read=43.550s expert_plan=7.086s expert_hint=0.001s expert_submit=0.001s expert_kernel=81.798s source_fence=0.000s tail_head_sync=1.511s layer_other=0.180s expert_read_gross=65.366s plan_hint=6.916s plan_sched=0.167s attn_total=14.117s attn_encode=4.302s attn_wait=8.105s attn_drain=1.710s kernel_total=46.551s kernel_host=1.910s kernel_wait=9.058s kernel_drain=35.583s
[attn-split] single: calls=8556 total=7.838s encode=3.015s wait=3.114s drain=1.710s waits=14812 untimed=2858 | wide: calls=558 total=6.278s encode=1.287s wait=4.991s drain=0.000s waits=552 untimed=552 | hint: calls=9016 total=7.111s encode=0.022s wait=7.089s drain=0.000s waits=9152 untimed=9152
[kernel-split] single: calls=9119 total=36.163s encode=0.908s wait=0.460s drain=34.795s waits=9709 untimed=7584 | wide: calls=1617 total=10.388s encode=1.003s wait=8.598s drain=0.788s waits=1617 untimed=0
[kernel-sub] materialize=0.503s moe=10.282s precommit=34.954s rest=0.812s
[metal-cache] calls=18749 zero_copy_wraps=513 copies=0 cache_entries=187 bindless=true
640
[stats] generated=97 elapsed=181.276s speed=0.5351 token/s (1.869 s/token) chunks=96 committed_rows=167 verify_tx=4 drafts=2/14 layer_passes=8928 expert_rows=15364 expert_tiles=9694
[verify-width] w1=0 w2=3 w3=0 w4=0 w5=0 w6=0 w7=0 w8+=1              (w1 share 0.0% of 4 transactions)
[opens] expert file opens=536034 total=5.904s mean=0.011ms requested_bytes=4751973678272 (4752.0 GB)
[split-eta] chunks served hot=89582 dir_c=50061 dir_b=112673 primary=220412
[arrival] tiles=1282 waves=2144 uncovered_wait=39.902s dispatch=10.080s
[retain] enabled=false cap_gb=8 layers=63..=92 consults=0 wanted=0 hits=0 inserts=0 served=0.0MB
[summer] enabled=false cap_gb=8 sample=16 consults=0 wanted=0 hits=0 hit_rate=0.0% misses=0 inserts=0 evictions=0 recycled=0 allocs=0 pin_skips=0 gated=0 ramp=2..50 bar=0 suppressed=0 wide_skips=0 served=0.0MB copied=0.0MB ssd_avoided=0.0GB live=0/0.0GB model=0 protected=0 declined=0 topup_suppressed=0 aged=0 into=0/0/0 pending=0
[mirror-split] internal=0 K3C=0 K3B=0 K3A=0  shares=0%/0%/0%/0%
[phases] mono=417918.768144 chunks=96 sequence=171.269s read_wait=0.170s bind_upload=1.646s attention_resident=12.223s expert_read_prefetch=73.260s expert_demand_read=44.027s expert_plan=7.156s expert_hint=0.001s expert_submit=0.001s expert_kernel=82.215s source_fence=0.000s tail_head_sync=1.529s layer_other=0.182s expert_read_gross=66.103s plan_hint=6.986s plan_sched=0.168s attn_total=14.207s attn_encode=4.329s attn_wait=8.140s attn_drain=1.737s kernel_total=46.959s kernel_host=1.920s kernel_wait=9.062s kernel_drain=35.977s
[attn-split] single: calls=8649 total=7.928s encode=3.042s wait=3.148s drain=1.737s waits=14973 untimed=2892 | wide: calls=558 total=6.278s encode=1.287s wait=4.991s drain=0.000s waits=552 untimed=552 | hint: calls=9108 total=7.181s encode=0.022s wait=7.158s drain=0.000s waits=9243 untimed=9243
[kernel-split] single: calls=9215 total=36.571s encode=0.917s wait=0.465s drain=35.189s waits=9810 untimed=7664 | wide: calls=1617 total=10.388s encode=1.003s wait=8.598s drain=0.788s waits=1617 untimed=0
[kernel-sub] materialize=0.503s moe=10.289s precommit=35.350s rest=0.817s
[metal-cache] calls=18845 zero_copy_wraps=513 copies=0 cache_entries=187 bindless=true
,
[stats] generated=98 elapsed=182.583s speed=0.5367 token/s (1.863 s/token) chunks=97 committed_rows=168 verify_tx=4 drafts=2/14 layer_passes=9021 expert_rows=15456 expert_tiles=9786
[verify-width] w1=0 w2=3 w3=0 w4=0 w5=0 w6=0 w7=0 w8+=1              (w1 share 0.0% of 4 transactions)
[opens] expert file opens=541306 total=5.962s mean=0.011ms requested_bytes=4788243987648 (4788.2 GB)
[split-eta] chunks served hot=90378 dir_c=50489 dir_b=113664 primary=222331
[arrival] tiles=1283 waves=2152 uncovered_wait=39.912s dispatch=10.089s
[retain] enabled=false cap_gb=8 layers=63..=92 consults=0 wanted=0 hits=0 inserts=0 served=0.0MB
[summer] enabled=false cap_gb=8 sample=16 consults=0 wanted=0 hits=0 hit_rate=0.0% misses=0 inserts=0 evictions=0 recycled=0 allocs=0 pin_skips=0 gated=0 ramp=2..50 bar=0 suppressed=0 wide_skips=0 served=0.0MB copied=0.0MB ssd_avoided=0.0GB live=0/0.0GB model=0 protected=0 declined=0 topup_suppressed=0 aged=0 into=0/0/0 pending=0
[mirror-split] internal=0 K3C=0 K3B=0 K3A=0  shares=0%/0%/0%/0%
[phases] mono=417920.074728 chunks=97 sequence=172.575s read_wait=0.170s bind_upload=1.646s attention_resident=12.321s expert_read_prefetch=74.060s expert_demand_read=44.528s expert_plan=7.230s expert_hint=0.001s expert_submit=0.001s expert_kernel=82.604s source_fence=0.000s tail_head_sync=1.545s layer_other=0.183s expert_read_gross=66.829s plan_hint=7.059s plan_sched=0.169s attn_total=14.304s attn_encode=4.378s attn_wait=8.171s attn_drain=1.755s kernel_total=47.337s kernel_host=1.929s kernel_wait=9.068s kernel_drain=36.339s
[attn-split] single: calls=8742 total=8.026s encode=3.091s wait=3.180s drain=1.755s waits=15134 untimed=2923 | wide: calls=558 total=6.278s encode=1.287s wait=4.991s drain=0.000s waits=552 untimed=552 | hint: calls=9200 total=7.254s encode=0.023s wait=7.231s drain=0.000s waits=9334 untimed=9334
[kernel-split] single: calls=9314 total=36.948s encode=0.927s wait=0.470s drain=35.552s waits=9917 untimed=7742 | wide: calls=1617 total=10.388s encode=1.003s wait=8.598s drain=0.788s waits=1617 untimed=0
[kernel-sub] materialize=0.503s moe=10.298s precommit=35.715s rest=0.821s
[metal-cache] calls=18944 zero_copy_wraps=513 copies=0 cache_entries=187 bindless=true
[route-chain] chained=6210
[route-chain] dedup_hits=6210
000
[stats] generated=99 elapsed=183.841s speed=0.5385 token/s (1.857 s/token) chunks=98 committed_rows=169 verify_tx=4 drafts=2/14 layer_passes=9114 expert_rows=15548 expert_tiles=9878
[verify-width] w1=0 w2=3 w3=0 w4=0 w5=0 w6=0 w7=0 w8+=1              (w1 share 0.0% of 4 transactions)
[opens] expert file opens=546570 total=6.017s mean=0.011ms requested_bytes=4824189631680 (4824.2 GB)
[split-eta] chunks served hot=91184 dir_c=50930 dir_b=114641 primary=224204
[arrival] tiles=1284 waves=2159 uncovered_wait=39.923s dispatch=10.099s
[retain] enabled=false cap_gb=8 layers=63..=92 consults=0 wanted=0 hits=0 inserts=0 served=0.0MB
[summer] enabled=false cap_gb=8 sample=16 consults=0 wanted=0 hits=0 hit_rate=0.0% misses=0 inserts=0 evictions=0 recycled=0 allocs=0 pin_skips=0 gated=0 ramp=2..50 bar=0 suppressed=0 wide_skips=0 served=0.0MB copied=0.0MB ssd_avoided=0.0GB live=0/0.0GB model=0 protected=0 declined=0 topup_suppressed=0 aged=0 into=0/0/0 pending=0
[mirror-split] internal=0 K3C=0 K3B=0 K3A=0  shares=0%/0%/0%/0%
[phases] mono=417921.333167 chunks=98 sequence=173.832s read_wait=0.170s bind_upload=1.646s attention_resident=12.395s expert_read_prefetch=74.842s expert_demand_read=45.007s expert_plan=7.305s expert_hint=0.001s expert_submit=0.001s expert_kernel=82.986s source_fence=0.000s tail_head_sync=1.563s layer_other=0.184s expert_read_gross=67.537s plan_hint=7.132s plan_sched=0.170s attn_total=14.379s attn_encode=4.401s attn_wait=8.211s attn_drain=1.767s kernel_total=47.708s kernel_host=1.939s kernel_wait=9.073s kernel_drain=36.696s
[attn-split] single: calls=8835 total=8.101s encode=3.114s wait=3.220s drain=1.767s waits=15295 untimed=2958 | wide: calls=558 total=6.278s encode=1.287s wait=4.991s drain=0.000s waits=552 untimed=552 | hint: calls=9292 total=7.327s encode=0.023s wait=7.304s drain=0.000s waits=9425 untimed=9425
[kernel-split] single: calls=9412 total=37.320s encode=0.937s wait=0.476s drain=35.908s waits=10022 untimed=7831 | wide: calls=1617 total=10.388s encode=1.003s wait=8.598s drain=0.788s waits=1617 untimed=0
[kernel-sub] materialize=0.503s moe=10.307s precommit=36.074s rest=0.825s
[metal-cache] calls=19042 zero_copy_wraps=513 copies=0 cache_entries=187 bindless=true
**


[stats] generated=100 elapsed=185.129s speed=0.5402 token/s (1.851 s/token) chunks=99 committed_rows=170 verify_tx=4 drafts=2/14 layer_passes=9207 expert_rows=15640 expert_tiles=9970
[verify-width] w1=0 w2=3 w3=0 w4=0 w5=0 w6=0 w7=0 w8+=1              (w1 share 0.0% of 4 transactions)
[opens] expert file opens=551962 total=6.074s mean=0.011ms requested_bytes=4861056531648 (4861.1 GB)
[split-eta] chunks served hot=92002 dir_c=51392 dir_b=115634 primary=226133
[arrival] tiles=1285 waves=2166 uncovered_wait=39.932s dispatch=10.105s
[retain] enabled=false cap_gb=8 layers=63..=92 consults=0 wanted=0 hits=0 inserts=0 served=0.0MB
[summer] enabled=false cap_gb=8 sample=16 consults=0 wanted=0 hits=0 hit_rate=0.0% misses=0 inserts=0 evictions=0 recycled=0 allocs=0 pin_skips=0 gated=0 ramp=2..50 bar=0 suppressed=0 wide_skips=0 served=0.0MB copied=0.0MB ssd_avoided=0.0GB live=0/0.0GB model=0 protected=0 declined=0 topup_suppressed=0 aged=0 into=0/0/0 pending=0
[mirror-split] internal=0 K3C=0 K3B=0 K3A=0  shares=0%/0%/0%/0%
[phases] mono=417922.620983 chunks=99 sequence=175.119s read_wait=0.170s bind_upload=1.646s attention_resident=12.469s expert_read_prefetch=75.662s expert_demand_read=45.504s expert_plan=7.375s expert_hint=0.001s expert_submit=0.001s expert_kernel=83.362s source_fence=0.000s tail_head_sync=1.579s layer_other=0.186s expert_read_gross=68.287s plan_hint=7.201s plan_sched=0.172s attn_total=14.453s attn_encode=4.427s attn_wait=8.245s attn_drain=1.781s kernel_total=48.074s kernel_host=1.949s kernel_wait=9.077s kernel_drain=37.048s
[attn-split] single: calls=8928 total=8.174s encode=3.140s wait=3.253s drain=1.781s waits=15456 untimed=2992 | wide: calls=558 total=6.278s encode=1.287s wait=4.991s drain=0.000s waits=552 untimed=552 | hint: calls=9384 total=7.396s encode=0.023s wait=7.373s drain=0.000s waits=9516 untimed=9516
[kernel-split] single: calls=9510 total=37.686s encode=0.946s wait=0.480s drain=36.260s waits=10127 untimed=7919 | wide: calls=1617 total=10.388s encode=1.003s wait=8.598s drain=0.788s waits=1617 untimed=0
[kernel-sub] materialize=0.503s moe=10.314s precommit=36.429s rest=0.829s
[metal-cache] calls=19140 zero_copy_wraps=513 copies=0 cache_entries=187 bindless=true
**
[stats] generated=101 elapsed=186.415s speed=0.5418 token/s (1.846 s/token) chunks=100 committed_rows=171 verify_tx=4 drafts=2/14 layer_passes=9300 expert_rows=15732 expert_tiles=10062
[verify-width] w1=0 w2=3 w3=0 w4=0 w5=0 w6=0 w7=0 w8+=1              (w1 share 0.0% of 4 transactions)
[opens] expert file opens=557340 total=6.132s mean=0.011ms requested_bytes=4897475919040 (4897.5 GB)
[split-eta] chunks served hot=92796 dir_c=51836 dir_b=116627 primary=228053
[arrival] tiles=1286 waves=2171 uncovered_wait=39.941s dispatch=10.113s
[retain] enabled=false cap_gb=8 layers=63..=92 consults=0 wanted=0 hits=0 inserts=0 served=0.0MB
[summer] enabled=false cap_gb=8 sample=16 consults=0 wanted=0 hits=0 hit_rate=0.0% misses=0 inserts=0 evictions=0 recycled=0 allocs=0 pin_skips=0 gated=0 ramp=2..50 bar=0 suppressed=0 wide_skips=0 served=0.0MB copied=0.0MB ssd_avoided=0.0GB live=0/0.0GB model=0 protected=0 declined=0 topup_suppressed=0 aged=0 into=0/0/0 pending=0
[mirror-split] internal=0 K3C=0 K3B=0 K3A=0  shares=0%/0%/0%/0%
[phases] mono=417923.906937 chunks=100 sequence=176.404s read_wait=0.170s bind_upload=1.646s attention_resident=12.549s expert_read_prefetch=76.410s expert_demand_read=45.973s expert_plan=7.454s expert_hint=0.001s expert_submit=0.001s expert_kernel=83.801s source_fence=0.000s tail_head_sync=1.595s layer_other=0.187s expert_read_gross=68.956s plan_hint=7.279s plan_sched=0.173s attn_total=14.532s attn_encode=4.452s attn_wait=8.268s attn_drain=1.813s kernel_total=48.504s kernel_host=1.958s kernel_wait=9.082s kernel_drain=37.464s
[attn-split] single: calls=9021 total=8.254s encode=3.165s wait=3.276s drain=1.813s waits=15617 untimed=3015 | wide: calls=558 total=6.278s encode=1.287s wait=4.991s drain=0.000s waits=552 untimed=552 | hint: calls=9476 total=7.473s encode=0.023s wait=7.450s drain=0.000s waits=9607 untimed=9607
[kernel-split] single: calls=9606 total=38.116s encode=0.955s wait=0.485s drain=36.676s waits=10228 untimed=7981 | wide: calls=1617 total=10.388s encode=1.003s wait=8.598s drain=0.788s waits=1617 untimed=0
[kernel-sub] materialize=0.503s moe=10.321s precommit=36.847s rest=0.833s
[metal-cache] calls=19236 zero_copy_wraps=513 copies=0 cache_entries=187 bindless=true
Step
[stats] generated=102 elapsed=187.746s speed=0.5433 token/s (1.841 s/token) chunks=101 committed_rows=172 verify_tx=4 drafts=2/14 layer_passes=9393 expert_rows=15824 expert_tiles=10154
[verify-width] w1=0 w2=3 w3=0 w4=0 w5=0 w6=0 w7=0 w8+=1              (w1 share 0.0% of 4 transactions)
[opens] expert file opens=562892 total=6.192s mean=0.011ms requested_bytes=4934913064128 (4934.9 GB)
[split-eta] chunks served hot=93611 dir_c=52278 dir_b=117655 primary=230035
[arrival] tiles=1287 waves=2178 uncovered_wait=39.951s dispatch=10.121s
[retain] enabled=false cap_gb=8 layers=63..=92 consults=0 wanted=0 hits=0 inserts=0 served=0.0MB
[summer] enabled=false cap_gb=8 sample=16 consults=0 wanted=0 hits=0 hit_rate=0.0% misses=0 inserts=0 evictions=0 recycled=0 allocs=0 pin_skips=0 gated=0 ramp=2..50 bar=0 suppressed=0 wide_skips=0 served=0.0MB copied=0.0MB ssd_avoided=0.0GB live=0/0.0GB model=0 protected=0 declined=0 topup_suppressed=0 aged=0 into=0/0/0 pending=0
[mirror-split] internal=0 K3C=0 K3B=0 K3A=0  shares=0%/0%/0%/0%
[phases] mono=417925.237468 chunks=101 sequence=177.733s read_wait=0.170s bind_upload=1.646s attention_resident=12.650s expert_read_prefetch=77.205s expert_demand_read=46.465s expert_plan=7.542s expert_hint=0.001s expert_submit=0.001s expert_kernel=84.216s source_fence=0.000s tail_head_sync=1.612s layer_other=0.188s expert_read_gross=69.662s plan_hint=7.366s plan_sched=0.174s attn_total=14.633s attn_encode=4.496s attn_wait=8.306s attn_drain=1.831s kernel_total=48.909s kernel_host=1.968s kernel_wait=9.087s kernel_drain=37.855s
[attn-split] single: calls=9114 total=8.354s encode=3.210s wait=3.314s drain=1.831s waits=15778 untimed=3045 | wide: calls=558 total=6.278s encode=1.287s wait=4.991s drain=0.000s waits=552 untimed=552 | hint: calls=9568 total=7.561s encode=0.023s wait=7.537s drain=0.000s waits=9698 untimed=9698
[kernel-split] single: calls=9704 total=38.521s encode=0.965s wait=0.489s drain=37.067s waits=10333 untimed=8065 | wide: calls=1617 total=10.388s encode=1.003s wait=8.598s drain=0.788s waits=1617 untimed=0
[kernel-sub] materialize=0.503s moe=10.329s precommit=37.240s rest=0.838s
[metal-cache] calls=19334 zero_copy_wraps=513 copies=0 cache_entries=187 bindless=true
 
[stats] generated=103 elapsed=189.027s speed=0.5449 token/s (1.835 s/token) chunks=102 committed_rows=173 verify_tx=4 drafts=2/14 layer_passes=9486 expert_rows=15916 expert_tiles=10246
[verify-width] w1=0 w2=3 w3=0 w4=0 w5=0 w6=0 w7=0 w8+=1              (w1 share 0.0% of 4 transactions)
[opens] expert file opens=568324 total=6.249s mean=0.011ms requested_bytes=4970823662784 (4970.8 GB)
[split-eta] chunks served hot=94392 dir_c=52669 dir_b=118649 primary=231962
[arrival] tiles=1288 waves=2186 uncovered_wait=39.962s dispatch=10.128s
[retain] enabled=false cap_gb=8 layers=63..=92 consults=0 wanted=0 hits=0 inserts=0 served=0.0MB
[summer] enabled=false cap_gb=8 sample=16 consults=0 wanted=0 hits=0 hit_rate=0.0% misses=0 inserts=0 evictions=0 recycled=0 allocs=0 pin_skips=0 gated=0 ramp=2..50 bar=0 suppressed=0 wide_skips=0 served=0.0MB copied=0.0MB ssd_avoided=0.0GB live=0/0.0GB model=0 protected=0 declined=0 topup_suppressed=0 aged=0 into=0/0/0 pending=0
[mirror-split] internal=0 K3C=0 K3B=0 K3A=0  shares=0%/0%/0%/0%
[phases] mono=417926.518648 chunks=102 sequence=179.013s read_wait=0.170s bind_upload=1.646s attention_resident=12.720s expert_read_prefetch=78.062s expert_demand_read=46.965s expert_plan=7.620s expert_hint=0.001s expert_submit=0.001s expert_kernel=84.550s source_fence=0.000s tail_head_sync=1.629s layer_other=0.190s expert_read_gross=70.441s plan_hint=7.443s plan_sched=0.175s attn_total=14.703s attn_encode=4.525s attn_wait=8.334s attn_drain=1.844s kernel_total=49.233s kernel_host=1.977s kernel_wait=9.091s kernel_drain=38.165s
[attn-split] single: calls=9207 total=8.425s encode=3.238s wait=3.343s drain=1.844s waits=15939 untimed=3076 | wide: calls=558 total=6.278s encode=1.287s wait=4.991s drain=0.000s waits=552 untimed=552 | hint: calls=9660 total=7.637s encode=0.024s wait=7.614s drain=0.000s waits=9789 untimed=9789
[kernel-split] single: calls=9803 total=38.845s encode=0.975s wait=0.493s drain=37.377s waits=10440 untimed=8153 | wide: calls=1617 total=10.388s encode=1.003s wait=8.598s drain=0.788s waits=1617 untimed=0
[kernel-sub] materialize=0.503s moe=10.336s precommit=37.552s rest=0.842s
[metal-cache] calls=19433 zero_copy_wraps=513 copies=0 cache_entries=187 bindless=true
3
[stats] generated=104 elapsed=190.389s speed=0.5463 token/s (1.831 s/token) chunks=103 committed_rows=174 verify_tx=4 drafts=2/14 layer_passes=9579 expert_rows=16008 expert_tiles=10338
[verify-width] w1=0 w2=3 w3=0 w4=0 w5=0 w6=0 w7=0 w8+=1              (w1 share 0.0% of 4 transactions)
[opens] expert file opens=574043 total=6.313s mean=0.011ms requested_bytes=5008778476736 (5008.8 GB)
[split-eta] chunks served hot=95213 dir_c=53088 dir_b=119698 primary=233999
[arrival] tiles=1289 waves=2194 uncovered_wait=39.971s dispatch=10.136s
[retain] enabled=false cap_gb=8 layers=63..=92 consults=0 wanted=0 hits=0 inserts=0 served=0.0MB
[summer] enabled=false cap_gb=8 sample=16 consults=0 wanted=0 hits=0 hit_rate=0.0% misses=0 inserts=0 evictions=0 recycled=0 allocs=0 pin_skips=0 gated=0 ramp=2..50 bar=0 suppressed=0 wide_skips=0 served=0.0MB copied=0.0MB ssd_avoided=0.0GB live=0/0.0GB model=0 protected=0 declined=0 topup_suppressed=0 aged=0 into=0/0/0 pending=0
[mirror-split] internal=0 K3C=0 K3B=0 K3A=0  shares=0%/0%/0%/0%
[phases] mono=417927.880463 chunks=103 sequence=180.375s read_wait=0.170s bind_upload=1.646s attention_resident=12.791s expert_read_prefetch=78.966s expert_demand_read=47.512s expert_plan=7.692s expert_hint=0.001s expert_submit=0.001s expert_kernel=84.917s source_fence=0.000s tail_head_sync=1.646s layer_other=0.191s expert_read_gross=71.275s plan_hint=7.513s plan_sched=0.176s attn_total=14.774s attn_encode=4.553s attn_wait=8.356s attn_drain=1.865s kernel_total=49.590s kernel_host=1.987s kernel_wait=9.095s kernel_drain=38.508s
[attn-split] single: calls=9300 total=8.496s encode=3.266s wait=3.365s drain=1.865s waits=16100 untimed=3096 | wide: calls=558 total=6.278s encode=1.287s wait=4.991s drain=0.000s waits=552 untimed=552 | hint: calls=9752 total=7.708s encode=0.024s wait=7.684s drain=0.000s waits=9880 untimed=9880
[kernel-split] single: calls=9902 total=39.202s encode=0.985s wait=0.498s drain=37.720s waits=10547 untimed=8240 | wide: calls=1617 total=10.388s encode=1.003s wait=8.598s drain=0.788s waits=1617 untimed=0
[kernel-sub] materialize=0.503s moe=10.343s precommit=37.897s rest=0.847s
[metal-cache] calls=19532 zero_copy_wraps=513 copies=0 cache_entries=187 bindless=true
:
[stats] generated=105 elapsed=191.639s speed=0.5479 token/s (1.825 s/token) chunks=104 committed_rows=175 verify_tx=4 drafts=2/14 layer_passes=9672 expert_rows=16100 expert_tiles=10430
[verify-width] w1=0 w2=3 w3=0 w4=0 w5=0 w6=0 w7=0 w8+=1              (w1 share 0.0% of 4 transactions)
[opens] expert file opens=579359 total=6.369s mean=0.011ms requested_bytes=5043846741184 (5043.8 GB)
[split-eta] chunks served hot=95960 dir_c=53480 dir_b=120672 primary=235883
[arrival] tiles=1290 waves=2199 uncovered_wait=39.979s dispatch=10.143s
[retain] enabled=false cap_gb=8 layers=63..=92 consults=0 wanted=0 hits=0 inserts=0 served=0.0MB
[summer] enabled=false cap_gb=8 sample=16 consults=0 wanted=0 hits=0 hit_rate=0.0% misses=0 inserts=0 evictions=0 recycled=0 allocs=0 pin_skips=0 gated=0 ramp=2..50 bar=0 suppressed=0 wide_skips=0 served=0.0MB copied=0.0MB ssd_avoided=0.0GB live=0/0.0GB model=0 protected=0 declined=0 topup_suppressed=0 aged=0 into=0/0/0 pending=0
[mirror-split] internal=0 K3C=0 K3B=0 K3A=0  shares=0%/0%/0%/0%
[phases] mono=417929.130840 chunks=104 sequence=181.624s read_wait=0.170s bind_upload=1.646s attention_resident=12.872s expert_read_prefetch=79.736s expert_demand_read=47.958s expert_plan=7.774s expert_hint=0.001s expert_submit=0.001s expert_kernel=85.299s source_fence=0.000s tail_head_sync=1.663s layer_other=0.192s expert_read_gross=71.961s plan_hint=7.595s plan_sched=0.177s attn_total=14.854s attn_encode=4.581s attn_wait=8.391s attn_drain=1.883s kernel_total=49.963s kernel_host=1.997s kernel_wait=9.100s kernel_drain=38.867s
[attn-split] single: calls=9393 total=8.576s encode=3.294s wait=3.399s drain=1.883s waits=16261 untimed=3128 | wide: calls=558 total=6.278s encode=1.287s wait=4.991s drain=0.000s waits=552 untimed=552 | hint: calls=9844 total=7.789s encode=0.024s wait=7.765s drain=0.000s waits=9971 untimed=9971
[kernel-split] single: calls=9998 total=39.575s encode=0.994s wait=0.502s drain=38.079s waits=10648 untimed=8323 | wide: calls=1617 total=10.388s encode=1.003s wait=8.598s drain=0.788s waits=1617 untimed=0
[kernel-sub] materialize=0.503s moe=10.351s precommit=38.259s rest=0.851s
[metal-cache] calls=19628 zero_copy_wraps=513 copies=0 cache_entries=187 bindless=true
 Calculate
[stats] generated=106 elapsed=192.949s speed=0.5494 token/s (1.820 s/token) chunks=105 committed_rows=176 verify_tx=4 drafts=2/14 layer_passes=9765 expert_rows=16192 expert_tiles=10522
[verify-width] w1=0 w2=3 w3=0 w4=0 w5=0 w6=0 w7=0 w8+=1              (w1 share 0.0% of 4 transactions)
[opens] expert file opens=584833 total=6.427s mean=0.011ms requested_bytes=5080459164864 (5080.5 GB)
[split-eta] chunks served hot=96762 dir_c=53884 dir_b=121678 primary=237844
[arrival] tiles=1291 waves=2206 uncovered_wait=39.988s dispatch=10.150s
[retain] enabled=false cap_gb=8 layers=63..=92 consults=0 wanted=0 hits=0 inserts=0 served=0.0MB
[summer] enabled=false cap_gb=8 sample=16 consults=0 wanted=0 hits=0 hit_rate=0.0% misses=0 inserts=0 evictions=0 recycled=0 allocs=0 pin_skips=0 gated=0 ramp=2..50 bar=0 suppressed=0 wide_skips=0 served=0.0MB copied=0.0MB ssd_avoided=0.0GB live=0/0.0GB model=0 protected=0 declined=0 topup_suppressed=0 aged=0 into=0/0/0 pending=0
[mirror-split] internal=0 K3C=0 K3B=0 K3A=0  shares=0%/0%/0%/0%
[phases] mono=417930.440908 chunks=105 sequence=182.933s read_wait=0.170s bind_upload=1.646s attention_resident=12.971s expert_read_prefetch=80.522s expert_demand_read=48.450s expert_plan=7.851s expert_hint=0.001s expert_submit=0.001s expert_kernel=85.704s source_fence=0.000s tail_head_sync=1.678s layer_other=0.194s expert_read_gross=72.671s plan_hint=7.671s plan_sched=0.178s attn_total=14.954s attn_encode=4.630s attn_wait=8.426s attn_drain=1.898s kernel_total=50.360s kernel_host=2.006s kernel_wait=9.104s kernel_drain=39.250s
[attn-split] single: calls=9486 total=8.675s encode=3.343s wait=3.435s drain=1.898s waits=16422 untimed=3164 | wide: calls=558 total=6.278s encode=1.287s wait=4.991s drain=0.000s waits=552 untimed=552 | hint: calls=9936 total=7.865s encode=0.024s wait=7.841s drain=0.000s waits=10062 untimed=10062
[kernel-split] single: calls=10096 total=39.971s encode=1.003s wait=0.507s drain=38.462s waits=10753 untimed=8409 | wide: calls=1617 total=10.388s encode=1.003s wait=8.598s drain=0.788s waits=1617 untimed=0
[kernel-sub] materialize=0.503s moe=10.358s precommit=38.644s rest=0.855s
[metal-cache] calls=19726 zero_copy_wraps=513 copies=0 cache_entries=187 bindless=true
 Net
[stats] generated=107 elapsed=194.194s speed=0.5510 token/s (1.815 s/token) chunks=106 committed_rows=177 verify_tx=4 drafts=2/14 layer_passes=9858 expert_rows=16284 expert_tiles=10614
[verify-width] w1=0 w2=3 w3=0 w4=0 w5=0 w6=0 w7=0 w8+=1              (w1 share 0.0% of 4 transactions)
[opens] expert file opens=590092 total=6.484s mean=0.011ms requested_bytes=5115676605632 (5115.7 GB)
[split-eta] chunks served hot=97538 dir_c=54299 dir_b=122638 primary=239707
[arrival] tiles=1292 waves=2210 uncovered_wait=39.997s dispatch=10.158s
[retain] enabled=false cap_gb=8 layers=63..=92 consults=0 wanted=0 hits=0 inserts=0 served=0.0MB
[summer] enabled=false cap_gb=8 sample=16 consults=0 wanted=0 hits=0 hit_rate=0.0% misses=0 inserts=0 evictions=0 recycled=0 allocs=0 pin_skips=0 gated=0 ramp=2..50 bar=0 suppressed=0 wide_skips=0 served=0.0MB copied=0.0MB ssd_avoided=0.0GB live=0/0.0GB model=0 protected=0 declined=0 topup_suppressed=0 aged=0 into=0/0/0 pending=0
[mirror-split] internal=0 K3C=0 K3B=0 K3A=0  shares=0%/0%/0%/0%
[phases] mono=417931.686268 chunks=106 sequence=184.177s read_wait=0.170s bind_upload=1.646s attention_resident=13.044s expert_read_prefetch=81.243s expert_demand_read=48.892s expert_plan=7.923s expert_hint=0.001s expert_submit=0.001s expert_kernel=86.139s source_fence=0.000s tail_head_sync=1.694s layer_other=0.195s expert_read_gross=73.320s plan_hint=7.741s plan_sched=0.179s attn_total=15.026s attn_encode=4.654s attn_wait=8.461s attn_drain=1.911s kernel_total=50.785s kernel_host=2.014s kernel_wait=9.109s kernel_drain=39.661s
[attn-split] single: calls=9579 total=8.747s encode=3.367s wait=3.469s drain=1.911s waits=16583 untimed=3198 | wide: calls=558 total=6.278s encode=1.287s wait=4.991s drain=0.000s waits=552 untimed=552 | hint: calls=10028 total=7.935s encode=0.024s wait=7.911s drain=0.000s waits=10153 untimed=10153
[kernel-split] single: calls=10191 total=40.397s encode=1.012s wait=0.512s drain=38.873s waits=10852 untimed=8488 | wide: calls=1617 total=10.388s encode=1.003s wait=8.598s drain=0.788s waits=1617 untimed=0
[kernel-sub] materialize=0.503s moe=10.365s precommit=39.058s rest=0.859s
[metal-cache] calls=19821 zero_copy_wraps=513 copies=0 cache_entries=187 bindless=true
 Profit
[stats] generated=108 elapsed=195.456s speed=0.5526 token/s (1.810 s/token) chunks=107 committed_rows=178 verify_tx=4 drafts=2/14 layer_passes=9951 expert_rows=16376 expert_tiles=10706
[verify-width] w1=0 w2=3 w3=0 w4=0 w5=0 w6=0 w7=0 w8+=1              (w1 share 0.0% of 4 transactions)
[opens] expert file opens=595537 total=6.542s mean=0.011ms requested_bytes=5151104613568 (5151.1 GB)
[split-eta] chunks served hot=98299 dir_c=54695 dir_b=123622 primary=241604
[arrival] tiles=1293 waves=2218 uncovered_wait=40.006s dispatch=10.167s
[retain] enabled=false cap_gb=8 layers=63..=92 consults=0 wanted=0 hits=0 inserts=0 served=0.0MB
[summer] enabled=false cap_gb=8 sample=16 consults=0 wanted=0 hits=0 hit_rate=0.0% misses=0 inserts=0 evictions=0 recycled=0 allocs=0 pin_skips=0 gated=0 ramp=2..50 bar=0 suppressed=0 wide_skips=0 served=0.0MB copied=0.0MB ssd_avoided=0.0GB live=0/0.0GB model=0 protected=0 declined=0 topup_suppressed=0 aged=0 into=0/0/0 pending=0
[mirror-split] internal=0 K3C=0 K3B=0 K3A=0  shares=0%/0%/0%/0%
[phases] mono=417932.947368 chunks=107 sequence=185.438s read_wait=0.170s bind_upload=1.646s attention_resident=13.117s expert_read_prefetch=81.975s expert_demand_read=49.314s expert_plan=7.991s expert_hint=0.001s expert_submit=0.001s expert_kernel=86.575s source_fence=0.000s tail_head_sync=1.711s layer_other=0.197s expert_read_gross=73.984s plan_hint=7.808s plan_sched=0.180s attn_total=15.099s attn_encode=4.678s attn_wait=8.490s attn_drain=1.931s kernel_total=51.212s kernel_host=2.025s kernel_wait=9.115s kernel_drain=40.072s
[attn-split] single: calls=9672 total=8.820s encode=3.391s wait=3.499s drain=1.931s waits=16744 untimed=3227 | wide: calls=558 total=6.278s encode=1.287s wait=4.991s drain=0.000s waits=552 untimed=552 | hint: calls=10120 total=8.002s encode=0.025s wait=7.978s drain=0.000s waits=10244 untimed=10244
[kernel-split] single: calls=10290 total=40.824s encode=1.022s wait=0.518s drain=39.284s waits=10959 untimed=8569 | wide: calls=1617 total=10.388s encode=1.003s wait=8.598s drain=0.788s waits=1617 untimed=0
[kernel-sub] materialize=0.503s moe=10.374s precommit=39.471s rest=0.864s
[metal-cache] calls=19920 zero_copy_wraps=513 copies=0 cache_entries=187 bindless=true
[route-chain] chained=6900
[route-chain] dedup_hits=6900
**

[stats] generated=109 elapsed=196.686s speed=0.5542 token/s (1.804 s/token) chunks=108 committed_rows=179 verify_tx=4 drafts=2/14 layer_passes=10044 expert_rows=16468 expert_tiles=10798
[verify-width] w1=0 w2=3 w3=0 w4=0 w5=0 w6=0 w7=0 w8+=1              (w1 share 0.0% of 4 transactions)
[opens] expert file opens=600704 total=6.596s mean=0.011ms requested_bytes=5185479802048 (5185.5 GB)
[split-eta] chunks served hot=99050 dir_c=55084 dir_b=124570 primary=243434
[arrival] tiles=1294 waves=2225 uncovered_wait=40.017s dispatch=10.176s
[retain] enabled=false cap_gb=8 layers=63..=92 consults=0 wanted=0 hits=0 inserts=0 served=0.0MB
[summer] enabled=false cap_gb=8 sample=16 consults=0 wanted=0 hits=0 hit_rate=0.0% misses=0 inserts=0 evictions=0 recycled=0 allocs=0 pin_skips=0 gated=0 ramp=2..50 bar=0 suppressed=0 wide_skips=0 served=0.0MB copied=0.0MB ssd_avoided=0.0GB live=0/0.0GB model=0 protected=0 declined=0 topup_suppressed=0 aged=0 into=0/0/0 pending=0
[mirror-split] internal=0 K3C=0 K3B=0 K3A=0  shares=0%/0%/0%/0%
[phases] mono=417934.177711 chunks=108 sequence=186.667s read_wait=0.170s bind_upload=1.646s attention_resident=13.190s expert_read_prefetch=82.749s expert_demand_read=49.784s expert_plan=8.070s expert_hint=0.001s expert_submit=0.001s expert_kernel=86.938s source_fence=0.000s tail_head_sync=1.728s layer_other=0.198s expert_read_gross=74.679s plan_hint=7.886s plan_sched=0.181s attn_total=15.172s attn_encode=4.704s attn_wait=8.520s attn_drain=1.949s kernel_total=51.564s kernel_host=2.034s kernel_wait=9.120s kernel_drain=40.409s
[attn-split] single: calls=9765 total=8.894s encode=3.417s wait=3.528s drain=1.949s waits=16905 untimed=3254 | wide: calls=558 total=6.278s encode=1.287s wait=4.991s drain=0.000s waits=552 untimed=552 | hint: calls=10212 total=8.080s encode=0.025s wait=8.055s drain=0.000s waits=10335 untimed=10335
[kernel-split] single: calls=10388 total=41.176s encode=1.032s wait=0.523s drain=39.621s waits=11064 untimed=8654 | wide: calls=1617 total=10.388s encode=1.003s wait=8.598s drain=0.788s waits=1617 untimed=0
[kernel-sub] materialize=0.503s moe=10.383s precommit=39.810s rest=0.868s
[metal-cache] calls=20018 zero_copy_wraps=513 copies=0 cache_entries=187 bindless=true
First
[stats] generated=110 elapsed=197.960s speed=0.5557 token/s (1.800 s/token) chunks=109 committed_rows=180 verify_tx=4 drafts=2/14 layer_passes=10137 expert_rows=16560 expert_tiles=10890
[verify-width] w1=0 w2=3 w3=0 w4=0 w5=0 w6=0 w7=0 w8+=1              (w1 share 0.0% of 4 transactions)
[opens] expert file opens=605851 total=6.652s mean=0.011ms requested_bytes=5220565646528 (5220.6 GB)
[split-eta] chunks served hot=99815 dir_c=55494 dir_b=125532 primary=245296
[arrival] tiles=1295 waves=2231 uncovered_wait=40.025s dispatch=10.184s
[retain] enabled=false cap_gb=8 layers=63..=92 consults=0 wanted=0 hits=0 inserts=0 served=0.0MB
[summer] enabled=false cap_gb=8 sample=16 consults=0 wanted=0 hits=0 hit_rate=0.0% misses=0 inserts=0 evictions=0 recycled=0 allocs=0 pin_skips=0 gated=0 ramp=2..50 bar=0 suppressed=0 wide_skips=0 served=0.0MB copied=0.0MB ssd_avoided=0.0GB live=0/0.0GB model=0 protected=0 declined=0 topup_suppressed=0 aged=0 into=0/0/0 pending=0
[mirror-split] internal=0 K3C=0 K3B=0 K3A=0  shares=0%/0%/0%/0%
[phases] mono=417935.451839 chunks=109 sequence=187.939s read_wait=0.170s bind_upload=1.646s attention_resident=13.293s expert_read_prefetch=83.510s expert_demand_read=50.268s expert_plan=8.144s expert_hint=0.001s expert_submit=0.001s expert_kernel=87.329s source_fence=0.000s tail_head_sync=1.744s layer_other=0.199s expert_read_gross=75.365s plan_hint=7.959s plan_sched=0.183s attn_total=15.275s attn_encode=4.754s attn_wait=8.546s attn_drain=1.975s kernel_total=51.947s kernel_host=2.044s kernel_wait=9.126s kernel_drain=40.777s
[attn-split] single: calls=9858 total=8.996s encode=3.468s wait=3.554s drain=1.975s waits=17066 untimed=3283 | wide: calls=558 total=6.278s encode=1.287s wait=4.991s drain=0.000s waits=552 untimed=552 | hint: calls=10304 total=8.153s encode=0.025s wait=8.128s drain=0.000s waits=10426 untimed=10426
[kernel-split] single: calls=10485 total=41.558s encode=1.041s wait=0.528s drain=39.989s waits=11167 untimed=8737 | wide: calls=1617 total=10.388s encode=1.003s wait=8.598s drain=0.788s waits=1617 untimed=0
[kernel-sub] materialize=0.503s moe=10.391s precommit=40.181s rest=0.872s
[metal-cache] calls=20115 zero_copy_wraps=513 copies=0 cache_entries=187 bindless=true
,
[stats] generated=111 elapsed=199.176s speed=0.5573 token/s (1.794 s/token) chunks=110 committed_rows=181 verify_tx=4 drafts=2/14 layer_passes=10230 expert_rows=16652 expert_tiles=10982
[verify-width] w1=0 w2=3 w3=0 w4=0 w5=0 w6=0 w7=0 w8+=1              (w1 share 0.0% of 4 transactions)
[opens] expert file opens=610964 total=6.708s mean=0.011ms requested_bytes=5254888160448 (5254.9 GB)
[split-eta] chunks served hot=100559 dir_c=55903 dir_b=126477 primary=247110
[arrival] tiles=1296 waves=2238 uncovered_wait=40.035s dispatch=10.191s
[retain] enabled=false cap_gb=8 layers=63..=92 consults=0 wanted=0 hits=0 inserts=0 served=0.0MB
[summer] enabled=false cap_gb=8 sample=16 consults=0 wanted=0 hits=0 hit_rate=0.0% misses=0 inserts=0 evictions=0 recycled=0 allocs=0 pin_skips=0 gated=0 ramp=2..50 bar=0 suppressed=0 wide_skips=0 served=0.0MB copied=0.0MB ssd_avoided=0.0GB live=0/0.0GB model=0 protected=0 declined=0 topup_suppressed=0 aged=0 into=0/0/0 pending=0
[mirror-split] internal=0 K3C=0 K3B=0 K3A=0  shares=0%/0%/0%/0%
[phases] mono=417936.667480 chunks=110 sequence=189.154s read_wait=0.170s bind_upload=1.646s attention_resident=13.380s expert_read_prefetch=84.218s expert_demand_read=50.700s expert_plan=8.207s expert_hint=0.001s expert_submit=0.001s expert_kernel=87.731s source_fence=0.000s tail_head_sync=1.761s layer_other=0.200s expert_read_gross=76.011s plan_hint=8.021s plan_sched=0.184s attn_total=15.362s attn_encode=4.780s attn_wait=8.585s attn_drain=1.997s kernel_total=52.338s kernel_host=2.052s kernel_wait=9.130s kernel_drain=41.156s
[attn-split] single: calls=9951 total=9.083s encode=3.493s wait=3.593s drain=1.997s waits=17227 untimed=3322 | wide: calls=558 total=6.278s encode=1.287s wait=4.991s drain=0.000s waits=552 untimed=552 | hint: calls=10396 total=8.215s encode=0.025s wait=8.190s drain=0.000s waits=10517 untimed=10517
[kernel-split] single: calls=10583 total=41.950s encode=1.049s wait=0.532s drain=40.368s waits=11272 untimed=8816 | wide: calls=1617 total=10.388s encode=1.003s wait=8.598s drain=0.788s waits=1617 untimed=0
[kernel-sub] materialize=0.503s moe=10.398s precommit=40.561s rest=0.876s
[metal-cache] calls=20213 zero_copy_wraps=513 copies=0 cache_entries=187 bindless=true
 calculate
[stats] generated=112 elapsed=200.414s speed=0.5588 token/s (1.789 s/token) chunks=111 committed_rows=182 verify_tx=4 drafts=2/14 layer_passes=10323 expert_rows=16744 expert_tiles=11074
[verify-width] w1=0 w2=3 w3=0 w4=0 w5=0 w6=0 w7=0 w8+=1              (w1 share 0.0% of 4 transactions)
[opens] expert file opens=616103 total=6.763s mean=0.011ms requested_bytes=5289465117888 (5289.5 GB)
[split-eta] chunks served hot=101303 dir_c=56311 dir_b=127427 primary=248949
[arrival] tiles=1297 waves=2245 uncovered_wait=40.044s dispatch=10.198s
[retain] enabled=false cap_gb=8 layers=63..=92 consults=0 wanted=0 hits=0 inserts=0 served=0.0MB
[summer] enabled=false cap_gb=8 sample=16 consults=0 wanted=0 hits=0 hit_rate=0.0% misses=0 inserts=0 evictions=0 recycled=0 allocs=0 pin_skips=0 gated=0 ramp=2..50 bar=0 suppressed=0 wide_skips=0 served=0.0MB copied=0.0MB ssd_avoided=0.0GB live=0/0.0GB model=0 protected=0 declined=0 topup_suppressed=0 aged=0 into=0/0/0 pending=0
[mirror-split] internal=0 K3C=0 K3B=0 K3A=0  shares=0%/0%/0%/0%
[phases] mono=417937.905477 chunks=111 sequence=190.391s read_wait=0.170s bind_upload=1.646s attention_resident=13.469s expert_read_prefetch=84.935s expert_demand_read=51.136s expert_plan=8.275s expert_hint=0.001s expert_submit=0.001s expert_kernel=88.145s source_fence=0.000s tail_head_sync=1.777s layer_other=0.202s expert_read_gross=76.659s plan_hint=8.088s plan_sched=0.185s attn_total=15.450s attn_encode=4.808s attn_wait=8.613s attn_drain=2.029s kernel_total=52.743s kernel_host=2.062s kernel_wait=9.134s kernel_drain=41.547s
[attn-split] single: calls=10044 total=9.172s encode=3.521s wait=3.621s drain=2.029s waits=17388 untimed=3342 | wide: calls=558 total=6.278s encode=1.287s wait=4.991s drain=0.000s waits=552 untimed=552 | hint: calls=10488 total=8.282s encode=0.025s wait=8.257s drain=0.000s waits=10608 untimed=10608
[kernel-split] single: calls=10681 total=42.355s encode=1.059s wait=0.537s drain=40.759s waits=11377 untimed=8902 | wide: calls=1617 total=10.388s encode=1.003s wait=8.598s drain=0.788s waits=1617 untimed=0
[kernel-sub] materialize=0.503s moe=10.405s precommit=40.954s rest=0.881s
[metal-cache] calls=20311 zero_copy_wraps=513 copies=0 cache_entries=187 bindless=true
 the
[stats] generated=113 elapsed=201.643s speed=0.5604 token/s (1.784 s/token) chunks=112 committed_rows=183 verify_tx=4 drafts=2/14 layer_passes=10416 expert_rows=16836 expert_tiles=11166
[verify-width] w1=0 w2=3 w3=0 w4=0 w5=0 w6=0 w7=0 w8+=1              (w1 share 0.0% of 4 transactions)
[opens] expert file opens=621304 total=6.817s mean=0.011ms requested_bytes=5324050824384 (5324.1 GB)
[split-eta] chunks served hot=102052 dir_c=56703 dir_b=128381 primary=250796
[arrival] tiles=1298 waves=2249 uncovered_wait=40.054s dispatch=10.206s
[retain] enabled=false cap_gb=8 layers=63..=92 consults=0 wanted=0 hits=0 inserts=0 served=0.0MB
[summer] enabled=false cap_gb=8 sample=16 consults=0 wanted=0 hits=0 hit_rate=0.0% misses=0 inserts=0 evictions=0 recycled=0 allocs=0 pin_skips=0 gated=0 ramp=2..50 bar=0 suppressed=0 wide_skips=0 served=0.0MB copied=0.0MB ssd_avoided=0.0GB live=0/0.0GB model=0 protected=0 declined=0 topup_suppressed=0 aged=0 into=0/0/0 pending=0
[mirror-split] internal=0 K3C=0 K3B=0 K3A=0  shares=0%/0%/0%/0%
[phases] mono=417939.134796 chunks=112 sequence=191.619s read_wait=0.170s bind_upload=1.646s attention_resident=13.549s expert_read_prefetch=85.629s expert_demand_read=51.563s expert_plan=8.353s expert_hint=0.001s expert_submit=0.001s expert_kernel=88.581s source_fence=0.000s tail_head_sync=1.794s layer_other=0.203s expert_read_gross=77.275s plan_hint=8.165s plan_sched=0.186s attn_total=15.530s attn_encode=4.832s attn_wait=8.654s attn_drain=2.044s kernel_total=53.169s kernel_host=2.070s kernel_wait=9.139s kernel_drain=41.960s
[attn-split] single: calls=10137 total=9.251s encode=3.545s wait=3.662s drain=2.044s waits=17549 untimed=3372 | wide: calls=558 total=6.278s encode=1.287s wait=4.991s drain=0.000s waits=552 untimed=552 | hint: calls=10580 total=8.359s encode=0.026s wait=8.333s drain=0.000s waits=10699 untimed=10699
[kernel-split] single: calls=10776 total=42.781s encode=1.067s wait=0.542s drain=41.172s waits=11476 untimed=8978 | wide: calls=1617 total=10.388s encode=1.003s wait=8.598s drain=0.788s waits=1617 untimed=0
[kernel-sub] materialize=0.503s moe=10.413s precommit=41.369s rest=0.885s
[metal-cache] calls=20406 zero_copy_wraps=513 copies=0 cache_entries=187 bindless=true
 tax
[stats] generated=114 elapsed=202.900s speed=0.5619 token/s (1.780 s/token) chunks=113 committed_rows=184 verify_tx=4 drafts=2/14 layer_passes=10509 expert_rows=16928 expert_tiles=11258
[verify-width] w1=0 w2=3 w3=0 w4=0 w5=0 w6=0 w7=0 w8+=1              (w1 share 0.0% of 4 transactions)
[opens] expert file opens=626472 total=6.872s mean=0.011ms requested_bytes=5358829567168 (5358.8 GB)
[split-eta] chunks served hot=102792 dir_c=57089 dir_b=129341 primary=252674
[arrival] tiles=1299 waves=2257 uncovered_wait=40.064s dispatch=10.213s
[retain] enabled=false cap_gb=8 layers=63..=92 consults=0 wanted=0 hits=0 inserts=0 served=0.0MB
[summer] enabled=false cap_gb=8 sample=16 consults=0 wanted=0 hits=0 hit_rate=0.0% misses=0 inserts=0 evictions=0 recycled=0 allocs=0 pin_skips=0 gated=0 ramp=2..50 bar=0 suppressed=0 wide_skips=0 served=0.0MB copied=0.0MB ssd_avoided=0.0GB live=0/0.0GB model=0 protected=0 declined=0 topup_suppressed=0 aged=0 into=0/0/0 pending=0
[mirror-split] internal=0 K3C=0 K3B=0 K3A=0  shares=0%/0%/0%/0%
[phases] mono=417940.392322 chunks=113 sequence=192.875s read_wait=0.170s bind_upload=1.646s attention_resident=13.651s expert_read_prefetch=86.348s expert_demand_read=52.012s expert_plan=8.423s expert_hint=0.001s expert_submit=0.001s expert_kernel=88.999s source_fence=0.000s tail_head_sync=1.809s layer_other=0.204s expert_read_gross=77.924s plan_hint=8.233s plan_sched=0.187s attn_total=15.632s attn_encode=4.884s attn_wait=8.685s attn_drain=2.062s kernel_total=53.577s kernel_host=2.078s kernel_wait=9.143s kernel_drain=42.355s
[attn-split] single: calls=10230 total=9.354s encode=3.597s wait=3.694s drain=2.062s waits=17710 untimed=3400 | wide: calls=558 total=6.278s encode=1.287s wait=4.991s drain=0.000s waits=552 untimed=552 | hint: calls=10672 total=8.427s encode=0.026s wait=8.401s drain=0.000s waits=10790 untimed=10790
[kernel-split] single: calls=10875 total=43.189s encode=1.076s wait=0.546s drain=41.567s waits=11583 untimed=9067 | wide: calls=1617 total=10.388s encode=1.003s wait=8.598s drain=0.788s waits=1617 untimed=0
[kernel-sub] materialize=0.503s moe=10.420s precommit=41.766s rest=0.889s
[metal-cache] calls=20505 zero_copy_wraps=513 copies=0 cache_entries=187 bindless=true
 expense
[stats] generated=115 elapsed=204.136s speed=0.5634 token/s (1.775 s/token) chunks=114 committed_rows=185 verify_tx=4 drafts=2/14 layer_passes=10602 expert_rows=17020 expert_tiles=11350
[verify-width] w1=0 w2=3 w3=0 w4=0 w5=0 w6=0 w7=0 w8+=1              (w1 share 0.0% of 4 transactions)
[opens] expert file opens=631728 total=6.926s mean=0.011ms requested_bytes=5393608277184 (5393.6 GB)
[split-eta] chunks served hot=103564 dir_c=57482 dir_b=130298 primary=254516
[arrival] tiles=1300 waves=2262 uncovered_wait=40.075s dispatch=10.220s
[retain] enabled=false cap_gb=8 layers=63..=92 consults=0 wanted=0 hits=0 inserts=0 served=0.0MB
[summer] enabled=false cap_gb=8 sample=16 consults=0 wanted=0 hits=0 hit_rate=0.0% misses=0 inserts=0 evictions=0 recycled=0 allocs=0 pin_skips=0 gated=0 ramp=2..50 bar=0 suppressed=0 wide_skips=0 served=0.0MB copied=0.0MB ssd_avoided=0.0GB live=0/0.0GB model=0 protected=0 declined=0 topup_suppressed=0 aged=0 into=0/0/0 pending=0
[mirror-split] internal=0 K3C=0 K3B=0 K3A=0  shares=0%/0%/0%/0%
[phases] mono=417941.627438 chunks=114 sequence=194.109s read_wait=0.170s bind_upload=1.646s attention_resident=13.736s expert_read_prefetch=87.046s expert_demand_read=52.439s expert_plan=8.483s expert_hint=0.001s expert_submit=0.001s expert_kernel=89.432s source_fence=0.000s tail_head_sync=1.826s layer_other=0.206s expert_read_gross=78.563s plan_hint=8.292s plan_sched=0.188s attn_total=15.716s attn_encode=4.908s attn_wait=8.725s attn_drain=2.084s kernel_total=53.999s kernel_host=2.087s kernel_wait=9.148s kernel_drain=42.764s
[attn-split] single: calls=10323 total=9.438s encode=3.621s wait=3.733s drain=2.084s waits=17871 untimed=3434 | wide: calls=558 total=6.278s encode=1.287s wait=4.991s drain=0.000s waits=552 untimed=552 | hint: calls=10764 total=8.486s encode=0.026s wait=8.460s drain=0.000s waits=10881 untimed=10881
[kernel-split] single: calls=10971 total=43.610s encode=1.084s wait=0.550s drain=41.976s waits=11684 untimed=9155 | wide: calls=1617 total=10.388s encode=1.003s wait=8.598s drain=0.788s waits=1617 untimed=0
[kernel-sub] materialize=0.503s moe=10.427s precommit=42.176s rest=0.893s
[metal-cache] calls=20601 zero_copy_wraps=513 copies=0 cache_entries=187 bindless=true
:
[stats] generated=116 elapsed=205.368s speed=0.5648 token/s (1.770 s/token) chunks=115 committed_rows=186 verify_tx=4 drafts=2/14 layer_passes=10695 expert_rows=17112 expert_tiles=11442
[verify-width] w1=0 w2=3 w3=0 w4=0 w5=0 w6=0 w7=0 w8+=1              (w1 share 0.0% of 4 transactions)
[opens] expert file opens=636917 total=6.981s mean=0.011ms requested_bytes=5427913260224 (5427.9 GB)
[split-eta] chunks served hot=104328 dir_c=57843 dir_b=131249 primary=256350
[arrival] tiles=1301 waves=2268 uncovered_wait=40.086s dispatch=10.229s
[retain] enabled=false cap_gb=8 layers=63..=92 consults=0 wanted=0 hits=0 inserts=0 served=0.0MB
[summer] enabled=false cap_gb=8 sample=16 consults=0 wanted=0 hits=0 hit_rate=0.0% misses=0 inserts=0 evictions=0 recycled=0 allocs=0 pin_skips=0 gated=0 ramp=2..50 bar=0 suppressed=0 wide_skips=0 served=0.0MB copied=0.0MB ssd_avoided=0.0GB live=0/0.0GB model=0 protected=0 declined=0 topup_suppressed=0 aged=0 into=0/0/0 pending=0
[mirror-split] internal=0 K3C=0 K3B=0 K3A=0  shares=0%/0%/0%/0%
[phases] mono=417942.859895 chunks=115 sequence=195.340s read_wait=0.170s bind_upload=1.646s attention_resident=13.810s expert_read_prefetch=87.809s expert_demand_read=52.907s expert_plan=8.551s expert_hint=0.001s expert_submit=0.001s expert_kernel=89.809s source_fence=0.000s tail_head_sync=1.841s layer_other=0.207s expert_read_gross=79.258s plan_hint=8.359s plan_sched=0.189s attn_total=15.790s attn_encode=4.933s attn_wait=8.759s attn_drain=2.099s kernel_total=54.365s kernel_host=2.096s kernel_wait=9.152s kernel_drain=43.117s
[attn-split] single: calls=10416 total=9.512s encode=3.646s wait=3.768s drain=2.099s waits=18032 untimed=3471 | wide: calls=558 total=6.278s encode=1.287s wait=4.991s drain=0.000s waits=552 untimed=552 | hint: calls=10856 total=8.553s encode=0.026s wait=8.526s drain=0.000s waits=10972 untimed=10972
[kernel-split] single: calls=11068 total=43.977s encode=1.093s wait=0.555s drain=42.329s waits=11787 untimed=9234 | wide: calls=1617 total=10.388s encode=1.003s wait=8.598s drain=0.788s waits=1617 untimed=0
[kernel-sub] materialize=0.503s moe=10.435s precommit=42.530s rest=0.898s
[metal-cache] calls=20698 zero_copy_wraps=513 copies=0 cache_entries=187 bindless=true
  

[stats] generated=117 elapsed=206.590s speed=0.5663 token/s (1.766 s/token) chunks=116 committed_rows=187 verify_tx=4 drafts=2/14 layer_passes=10788 expert_rows=17204 expert_tiles=11534
[verify-width] w1=0 w2=3 w3=0 w4=0 w5=0 w6=0 w7=0 w8+=1              (w1 share 0.0% of 4 transactions)
[opens] expert file opens=642113 total=7.038s mean=0.011ms requested_bytes=5462788488384 (5462.8 GB)
[split-eta] chunks served hot=105100 dir_c=58253 dir_b=132203 primary=258189
[arrival] tiles=1302 waves=2274 uncovered_wait=40.094s dispatch=10.237s
[retain] enabled=false cap_gb=8 layers=63..=92 consults=0 wanted=0 hits=0 inserts=0 served=0.0MB
[summer] enabled=false cap_gb=8 sample=16 consults=0 wanted=0 hits=0 hit_rate=0.0% misses=0 inserts=0 evictions=0 recycled=0 allocs=0 pin_skips=0 gated=0 ramp=2..50 bar=0 suppressed=0 wide_skips=0 served=0.0MB copied=0.0MB ssd_avoided=0.0GB live=0/0.0GB model=0 protected=0 declined=0 topup_suppressed=0 aged=0 into=0/0/0 pending=0
[mirror-split] internal=0 K3C=0 K3B=0 K3A=0  shares=0%/0%/0%/0%
[phases] mono=417944.082007 chunks=116 sequence=196.561s read_wait=0.170s bind_upload=1.646s attention_resident=13.887s expert_read_prefetch=88.504s expert_demand_read=53.343s expert_plan=8.620s expert_hint=0.001s expert_submit=0.001s expert_kernel=90.247s source_fence=0.000s tail_head_sync=1.851s layer_other=0.208s expert_read_gross=79.884s plan_hint=8.426s plan_sched=0.190s attn_total=15.867s attn_encode=4.959s attn_wait=8.791s attn_drain=2.116s kernel_total=54.794s kernel_host=2.105s kernel_wait=9.158s kernel_drain=43.531s
[attn-split] single: calls=10509 total=9.588s encode=3.673s wait=3.800s drain=2.116s waits=18193 untimed=3508 | wide: calls=558 total=6.278s encode=1.287s wait=4.991s drain=0.000s waits=552 untimed=552 | hint: calls=10948 total=8.620s encode=0.027s wait=8.594s drain=0.000s waits=11063 untimed=11063
[kernel-split] single: calls=11165 total=44.406s encode=1.103s wait=0.560s drain=42.743s waits=11890 untimed=9316 | wide: calls=1617 total=10.388s encode=1.003s wait=8.598s drain=0.788s waits=1617 untimed=0
[kernel-sub] materialize=0.503s moe=10.443s precommit=42.946s rest=0.902s
[metal-cache] calls=20795 zero_copy_wraps=513 copies=0 cache_entries=187 bindless=true
Tax
[stats] generated=118 elapsed=207.834s speed=0.5678 token/s (1.761 s/token) chunks=117 committed_rows=188 verify_tx=4 drafts=2/14 layer_passes=10881 expert_rows=17296 expert_tiles=11626
[verify-width] w1=0 w2=3 w3=0 w4=0 w5=0 w6=0 w7=0 w8+=1              (w1 share 0.0% of 4 transactions)
[opens] expert file opens=647181 total=7.094s mean=0.011ms requested_bytes=5497365413056 (5497.4 GB)
[split-eta] chunks served hot=105864 dir_c=58657 dir_b=133145 primary=260020
[arrival] tiles=1303 waves=2278 uncovered_wait=40.105s dispatch=10.242s
[retain] enabled=false cap_gb=8 layers=63..=92 consults=0 wanted=0 hits=0 inserts=0 served=0.0MB
[summer] enabled=false cap_gb=8 sample=16 consults=0 wanted=0 hits=0 hit_rate=0.0% misses=0 inserts=0 evictions=0 recycled=0 allocs=0 pin_skips=0 gated=0 ramp=2..50 bar=0 suppressed=0 wide_skips=0 served=0.0MB copied=0.0MB ssd_avoided=0.0GB live=0/0.0GB model=0 protected=0 declined=0 topup_suppressed=0 aged=0 into=0/0/0 pending=0
[mirror-split] internal=0 K3C=0 K3B=0 K3A=0  shares=0%/0%/0%/0%
[phases] mono=417945.325718 chunks=117 sequence=197.803s read_wait=0.170s bind_upload=1.646s attention_resident=13.993s expert_read_prefetch=89.208s expert_demand_read=53.794s expert_plan=8.686s expert_hint=0.001s expert_submit=0.001s expert_kernel=90.659s source_fence=0.000s tail_head_sync=1.868s layer_other=0.210s expert_read_gross=80.522s plan_hint=8.492s plan_sched=0.191s attn_total=15.974s attn_encode=5.009s attn_wait=8.820s attn_drain=2.144s kernel_total=55.195s kernel_host=2.113s kernel_wait=9.161s kernel_drain=43.921s
[attn-split] single: calls=10602 total=9.695s encode=3.722s wait=3.829s drain=2.144s waits=18354 untimed=3538 | wide: calls=558 total=6.278s encode=1.287s wait=4.991s drain=0.000s waits=552 untimed=552 | hint: calls=11040 total=8.686s encode=0.027s wait=8.659s drain=0.000s waits=11154 untimed=11154
[kernel-split] single: calls=11260 total=44.807s encode=1.110s wait=0.564s drain=43.133s waits=11989 untimed=9393 | wide: calls=1617 total=10.388s encode=1.003s wait=8.598s drain=0.788s waits=1617 untimed=0
[kernel-sub] materialize=0.503s moe=10.448s precommit=43.338s rest=0.907s
[metal-cache] calls=20890 zero_copy_wraps=513 copies=0 cache_entries=187 bindless=true
[route-chain] chained=7590
[route-chain] dedup_hits=7590
 =
[stats] generated=119 elapsed=209.085s speed=0.5691 token/s (1.757 s/token) chunks=118 committed_rows=189 verify_tx=4 drafts=2/14 layer_passes=10974 expert_rows=17388 expert_tiles=11718
[verify-width] w1=0 w2=3 w3=0 w4=0 w5=0 w6=0 w7=0 w8+=1              (w1 share 0.0% of 4 transactions)
[opens] expert file opens=652399 total=7.150s mean=0.011ms requested_bytes=5532091497664 (5532.1 GB)
[split-eta] chunks served hot=106625 dir_c=59048 dir_b=134104 primary=261867
[arrival] tiles=1304 waves=2282 uncovered_wait=40.112s dispatch=10.251s
[retain] enabled=false cap_gb=8 layers=63..=92 consults=0 wanted=0 hits=0 inserts=0 served=0.0MB
[summer] enabled=false cap_gb=8 sample=16 consults=0 wanted=0 hits=0 hit_rate=0.0% misses=0 inserts=0 evictions=0 recycled=0 allocs=0 pin_skips=0 gated=0 ramp=2..50 bar=0 suppressed=0 wide_skips=0 served=0.0MB copied=0.0MB ssd_avoided=0.0GB live=0/0.0GB model=0 protected=0 declined=0 topup_suppressed=0 aged=0 into=0/0/0 pending=0
[mirror-split] internal=0 K3C=0 K3B=0 K3A=0  shares=0%/0%/0%/0%
[phases] mono=417946.576733 chunks=118 sequence=199.053s read_wait=0.170s bind_upload=1.646s attention_resident=14.086s expert_read_prefetch=89.959s expert_demand_read=54.278s expert_plan=8.753s expert_hint=0.001s expert_submit=0.001s expert_kernel=91.048s source_fence=0.000s tail_head_sync=1.884s layer_other=0.211s expert_read_gross=81.205s plan_hint=8.558s plan_sched=0.193s attn_total=16.066s attn_encode=5.035s attn_wait=8.855s attn_drain=2.176s kernel_total=55.577s kernel_host=2.122s kernel_wait=9.166s kernel_drain=44.289s
[attn-split] single: calls=10695 total=9.787s encode=3.748s wait=3.863s drain=2.176s waits=18515 untimed=3573 | wide: calls=558 total=6.278s encode=1.287s wait=4.991s drain=0.000s waits=552 untimed=552 | hint: calls=11132 total=8.752s encode=0.027s wait=8.725s drain=0.000s waits=11245 untimed=11245
[kernel-split] single: calls=11355 total=45.188s encode=1.119s wait=0.568s drain=43.501s waits=12088 untimed=9477 | wide: calls=1617 total=10.388s encode=1.003s wait=8.598s drain=0.788s waits=1617 untimed=0
[kernel-sub] materialize=0.503s moe=10.457s precommit=43.706s rest=0.911s
[metal-cache] calls=20985 zero_copy_wraps=513 copies=0 cache_entries=187 bindless=true
 Operating
[stats] generated=120 elapsed=210.305s speed=0.5706 token/s (1.753 s/token) chunks=119 committed_rows=190 verify_tx=4 drafts=2/14 layer_passes=11067 expert_rows=17480 expert_tiles=11810
[verify-width] w1=0 w2=3 w3=0 w4=0 w5=0 w6=0 w7=0 w8+=1              (w1 share 0.0% of 4 transactions)
[opens] expert file opens=657615 total=7.204s mean=0.011ms requested_bytes=5566685985984 (5566.7 GB)
[split-eta] chunks served hot=107390 dir_c=59436 dir_b=135059 primary=263702
[arrival] tiles=1305 waves=2286 uncovered_wait=40.122s dispatch=10.257s
[retain] enabled=false cap_gb=8 layers=63..=92 consults=0 wanted=0 hits=0 inserts=0 served=0.0MB
[summer] enabled=false cap_gb=8 sample=16 consults=0 wanted=0 hits=0 hit_rate=0.0% misses=0 inserts=0 evictions=0 recycled=0 allocs=0 pin_skips=0 gated=0 ramp=2..50 bar=0 suppressed=0 wide_skips=0 served=0.0MB copied=0.0MB ssd_avoided=0.0GB live=0/0.0GB model=0 protected=0 declined=0 topup_suppressed=0 aged=0 into=0/0/0 pending=0
[mirror-split] internal=0 K3C=0 K3B=0 K3A=0  shares=0%/0%/0%/0%
[phases] mono=417947.796775 chunks=119 sequence=200.272s read_wait=0.170s bind_upload=1.646s attention_resident=14.157s expert_read_prefetch=90.695s expert_demand_read=54.723s expert_plan=8.821s expert_hint=0.001s expert_submit=0.001s expert_kernel=91.442s source_fence=0.000s tail_head_sync=1.901s layer_other=0.212s expert_read_gross=81.874s plan_hint=8.624s plan_sched=0.194s attn_total=16.137s attn_encode=5.059s attn_wait=8.884s attn_drain=2.195s kernel_total=55.961s kernel_host=2.130s kernel_wait=9.169s kernel_drain=44.662s
[attn-split] single: calls=10788 total=9.858s encode=3.772s wait=3.892s drain=2.195s waits=18676 untimed=3599 | wide: calls=558 total=6.278s encode=1.287s wait=4.991s drain=0.000s waits=552 untimed=552 | hint: calls=11224 total=8.818s encode=0.027s wait=8.791s drain=0.000s waits=11336 untimed=11336
[kernel-split] single: calls=11450 total=45.573s encode=1.127s wait=0.572s drain=43.874s waits=12187 untimed=9563 | wide: calls=1617 total=10.388s encode=1.003s wait=8.598s drain=0.788s waits=1617 untimed=0
[kernel-sub] materialize=0.503s moe=10.463s precommit=44.081s rest=0.915s
[metal-cache] calls=21080 zero_copy_wraps=513 copies=0 cache_entries=187 bindless=true
 Profit
[stats] generated=121 elapsed=211.586s speed=0.5719 token/s (1.749 s/token) chunks=120 committed_rows=191 verify_tx=4 drafts=2/14 layer_passes=11160 expert_rows=17572 expert_tiles=11902
[verify-width] w1=0 w2=3 w3=0 w4=0 w5=0 w6=0 w7=0 w8+=1              (w1 share 0.0% of 4 transactions)
[opens] expert file opens=662996 total=7.262s mean=0.011ms requested_bytes=5602833366208 (5602.8 GB)
[split-eta] chunks served hot=108178 dir_c=59883 dir_b=136039 primary=265607
[arrival] tiles=1306 waves=2291 uncovered_wait=40.130s dispatch=10.265s
[retain] enabled=false cap_gb=8 layers=63..=92 consults=0 wanted=0 hits=0 inserts=0 served=0.0MB
[summer] enabled=false cap_gb=8 sample=16 consults=0 wanted=0 hits=0 hit_rate=0.0% misses=0 inserts=0 evictions=0 recycled=0 allocs=0 pin_skips=0 gated=0 ramp=2..50 bar=0 suppressed=0 wide_skips=0 served=0.0MB copied=0.0MB ssd_avoided=0.0GB live=0/0.0GB model=0 protected=0 declined=0 topup_suppressed=0 aged=0 into=0/0/0 pending=0
[mirror-split] internal=0 K3C=0 K3B=0 K3A=0  shares=0%/0%/0%/0%
[phases] mono=417949.078237 chunks=120 sequence=201.552s read_wait=0.170s bind_upload=1.646s attention_resident=14.249s expert_read_prefetch=91.428s expert_demand_read=55.182s expert_plan=8.888s expert_hint=0.001s expert_submit=0.001s expert_kernel=91.880s source_fence=0.000s tail_head_sync=1.916s layer_other=0.213s expert_read_gross=82.539s plan_hint=8.691s plan_sched=0.195s attn_total=16.228s attn_encode=5.083s attn_wait=8.933s attn_drain=2.213s kernel_total=56.391s kernel_host=2.139s kernel_wait=9.174s kernel_drain=45.078s
[attn-split] single: calls=10881 total=9.950s encode=3.796s wait=3.941s drain=2.213s waits=18837 untimed=3628 | wide: calls=558 total=6.278s encode=1.287s wait=4.991s drain=0.000s waits=552 untimed=552 | hint: calls=11316 total=8.884s encode=0.027s wait=8.857s drain=0.000s waits=11427 untimed=11427
[kernel-split] single: calls=11546 total=46.003s encode=1.136s wait=0.577s drain=44.290s waits=12288 untimed=9639 | wide: calls=1617 total=10.388s encode=1.003s wait=8.598s drain=0.788s waits=1617 untimed=0
[kernel-sub] materialize=0.503s moe=10.470s precommit=44.498s rest=0.920s
[metal-cache] calls=21176 zero_copy_wraps=513 copies=0 cache_entries=187 bindless=true
 ×
[stats] generated=122 elapsed=212.867s speed=0.5731 token/s (1.745 s/token) chunks=121 committed_rows=192 verify_tx=4 drafts=2/14 layer_passes=11253 expert_rows=17664 expert_tiles=11994
[verify-width] w1=0 w2=3 w3=0 w4=0 w5=0 w6=0 w7=0 w8+=1              (w1 share 0.0% of 4 transactions)
[opens] expert file opens=668200 total=7.319s mean=0.011ms requested_bytes=5638077103296 (5638.1 GB)
[split-eta] chunks served hot=108943 dir_c=60270 dir_b=137006 primary=267505
[arrival] tiles=1307 waves=2296 uncovered_wait=40.139s dispatch=10.273s
[retain] enabled=false cap_gb=8 layers=63..=92 consults=0 wanted=0 hits=0 inserts=0 served=0.0MB
[summer] enabled=false cap_gb=8 sample=16 consults=0 wanted=0 hits=0 hit_rate=0.0% misses=0 inserts=0 evictions=0 recycled=0 allocs=0 pin_skips=0 gated=0 ramp=2..50 bar=0 suppressed=0 wide_skips=0 served=0.0MB copied=0.0MB ssd_avoided=0.0GB live=0/0.0GB model=0 protected=0 declined=0 topup_suppressed=0 aged=0 into=0/0/0 pending=0
[mirror-split] internal=0 K3C=0 K3B=0 K3A=0  shares=0%/0%/0%/0%
[phases] mono=417950.358995 chunks=121 sequence=202.832s read_wait=0.170s bind_upload=1.646s attention_resident=14.352s expert_read_prefetch=92.148s expert_demand_read=55.638s expert_plan=8.965s expert_hint=0.001s expert_submit=0.001s expert_kernel=92.318s source_fence=0.000s tail_head_sync=1.933s layer_other=0.215s expert_read_gross=83.182s plan_hint=8.767s plan_sched=0.196s attn_total=16.331s attn_encode=5.130s attn_wait=8.967s attn_drain=2.234s kernel_total=56.820s kernel_host=2.148s kernel_wait=9.179s kernel_drain=45.493s
[attn-split] single: calls=10974 total=10.053s encode=3.844s wait=3.976s drain=2.234s waits=18998 untimed=3656 | wide: calls=558 total=6.278s encode=1.287s wait=4.991s drain=0.000s waits=552 untimed=552 | hint: calls=11408 total=8.960s encode=0.028s wait=8.933s drain=0.000s waits=11518 untimed=11518
[kernel-split] single: calls=11642 total=46.432s encode=1.145s wait=0.582s drain=44.705s waits=12389 untimed=9716 | wide: calls=1617 total=10.388s encode=1.003s wait=8.598s drain=0.788s waits=1617 untimed=0
[kernel-sub] materialize=0.503s moe=10.478s precommit=44.916s rest=0.924s
[metal-cache] calls=21272 zero_copy_wraps=513 copies=0 cache_entries=187 bindless=true
 Tax
[stats] generated=123 elapsed=214.079s speed=0.5746 token/s (1.740 s/token) chunks=122 committed_rows=193 verify_tx=4 drafts=2/14 layer_passes=11346 expert_rows=17756 expert_tiles=12086
[verify-width] w1=0 w2=3 w3=0 w4=0 w5=0 w6=0 w7=0 w8+=1              (w1 share 0.0% of 4 transactions)
[opens] expert file opens=673312 total=7.372s mean=0.011ms requested_bytes=5672259255488 (5672.3 GB)
[split-eta] chunks served hot=109692 dir_c=60660 dir_b=137950 primary=269318
[arrival] tiles=1308 waves=2300 uncovered_wait=40.148s dispatch=10.279s
[retain] enabled=false cap_gb=8 layers=63..=92 consults=0 wanted=0 hits=0 inserts=0 served=0.0MB
[summer] enabled=false cap_gb=8 sample=16 consults=0 wanted=0 hits=0 hit_rate=0.0% misses=0 inserts=0 evictions=0 recycled=0 allocs=0 pin_skips=0 gated=0 ramp=2..50 bar=0 suppressed=0 wide_skips=0 served=0.0MB copied=0.0MB ssd_avoided=0.0GB live=0/0.0GB model=0 protected=0 declined=0 topup_suppressed=0 aged=0 into=0/0/0 pending=0
[mirror-split] internal=0 K3C=0 K3B=0 K3A=0  shares=0%/0%/0%/0%
[phases] mono=417951.571282 chunks=122 sequence=204.043s read_wait=0.170s bind_upload=1.646s attention_resident=14.426s expert_read_prefetch=92.877s expert_demand_read=56.061s expert_plan=9.042s expert_hint=0.001s expert_submit=0.001s expert_kernel=92.710s source_fence=0.000s tail_head_sync=1.948s layer_other=0.216s expert_read_gross=83.835s plan_hint=8.842s plan_sched=0.197s attn_total=16.405s attn_encode=5.153s attn_wait=9.004s attn_drain=2.249s kernel_total=57.203s kernel_host=2.156s kernel_wait=9.183s kernel_drain=45.864s
[attn-split] single: calls=11067 total=10.127s encode=3.866s wait=4.013s drain=2.249s waits=19159 untimed=3691 | wide: calls=558 total=6.278s encode=1.287s wait=4.991s drain=0.000s waits=552 untimed=552 | hint: calls=11500 total=9.035s encode=0.028s wait=9.007s drain=0.000s waits=11609 untimed=11609
[kernel-split] single: calls=11737 total=46.814s encode=1.153s wait=0.585s drain=45.076s waits=12488 untimed=9795 | wide: calls=1617 total=10.388s encode=1.003s wait=8.598s drain=0.788s waits=1617 untimed=0
[kernel-sub] materialize=0.503s moe=10.484s precommit=45.288s rest=0.928s
[metal-cache] calls=21367 zero_copy_wraps=513 copies=0 cache_entries=187 bindless=true
 Rate
[stats] generated=124 elapsed=215.316s speed=0.5759 token/s (1.736 s/token) chunks=123 committed_rows=194 verify_tx=4 drafts=2/14 layer_passes=11439 expert_rows=17848 expert_tiles=12178
[verify-width] w1=0 w2=3 w3=0 w4=0 w5=0 w6=0 w7=0 w8+=1              (w1 share 0.0% of 4 transactions)
[opens] expert file opens=678542 total=7.425s mean=0.011ms requested_bytes=5707239816384 (5707.2 GB)
[split-eta] chunks served hot=110465 dir_c=61075 dir_b=138909 primary=271158
[arrival] tiles=1309 waves=2308 uncovered_wait=40.162s dispatch=10.287s
[retain] enabled=false cap_gb=8 layers=63..=92 consults=0 wanted=0 hits=0 inserts=0 served=0.0MB
[summer] enabled=false cap_gb=8 sample=16 consults=0 wanted=0 hits=0 hit_rate=0.0% misses=0 inserts=0 evictions=0 recycled=0 allocs=0 pin_skips=0 gated=0 ramp=2..50 bar=0 suppressed=0 wide_skips=0 served=0.0MB copied=0.0MB ssd_avoided=0.0GB live=0/0.0GB model=0 protected=0 declined=0 topup_suppressed=0 aged=0 into=0/0/0 pending=0
[mirror-split] internal=0 K3C=0 K3B=0 K3A=0  shares=0%/0%/0%/0%
[phases] mono=417952.808102 chunks=123 sequence=205.278s read_wait=0.170s bind_upload=1.646s attention_resident=14.503s expert_read_prefetch=93.623s expert_demand_read=56.509s expert_plan=9.123s expert_hint=0.001s expert_submit=0.001s expert_kernel=93.106s source_fence=0.000s tail_head_sync=1.964s layer_other=0.217s expert_read_gross=84.499s plan_hint=8.922s plan_sched=0.198s attn_total=16.482s attn_encode=5.180s attn_wait=9.038s attn_drain=2.264s kernel_total=57.584s kernel_host=2.165s kernel_wait=9.187s kernel_drain=46.233s
[attn-split] single: calls=11160 total=10.204s encode=3.893s wait=4.047s drain=2.264s waits=19320 untimed=3730 | wide: calls=558 total=6.278s encode=1.287s wait=4.991s drain=0.000s waits=552 untimed=552 | hint: calls=11592 total=9.115s encode=0.028s wait=9.087s drain=0.000s waits=11700 untimed=11700
[kernel-split] single: calls=11836 total=47.196s encode=1.162s wait=0.590s drain=45.445s waits=12595 untimed=9883 | wide: calls=1617 total=10.388s encode=1.003s wait=8.598s drain=0.788s waits=1617 untimed=0
[kernel-sub] materialize=0.503s moe=10.492s precommit=45.658s rest=0.932s
[metal-cache] calls=21466 zero_copy_wraps=513 copies=0 cache_entries=187 bindless=true
  

[stats] generated=125 elapsed=216.586s speed=0.5771 token/s (1.733 s/token) chunks=124 committed_rows=195 verify_tx=4 drafts=2/14 layer_passes=11532 expert_rows=17940 expert_tiles=12270
[verify-width] w1=0 w2=3 w3=0 w4=0 w5=0 w6=0 w7=0 w8+=1              (w1 share 0.0% of 4 transactions)
[opens] expert file opens=683874 total=7.481s mean=0.011ms requested_bytes=5743115254976 (5743.1 GB)
[split-eta] chunks served hot=111257 dir_c=61486 dir_b=139893 primary=273060
[arrival] tiles=1310 waves=2314 uncovered_wait=40.170s dispatch=10.296s
[retain] enabled=false cap_gb=8 layers=63..=92 consults=0 wanted=0 hits=0 inserts=0 served=0.0MB
[summer] enabled=false cap_gb=8 sample=16 consults=0 wanted=0 hits=0 hit_rate=0.0% misses=0 inserts=0 evictions=0 recycled=0 allocs=0 pin_skips=0 gated=0 ramp=2..50 bar=0 suppressed=0 wide_skips=0 served=0.0MB copied=0.0MB ssd_avoided=0.0GB live=0/0.0GB model=0 protected=0 declined=0 topup_suppressed=0 aged=0 into=0/0/0 pending=0
[mirror-split] internal=0 K3C=0 K3B=0 K3A=0  shares=0%/0%/0%/0%
[phases] mono=417954.077943 chunks=124 sequence=206.547s read_wait=0.170s bind_upload=1.646s attention_resident=14.586s expert_read_prefetch=94.354s expert_demand_read=56.974s expert_plan=9.200s expert_hint=0.001s expert_submit=0.001s expert_kernel=93.541s source_fence=0.000s tail_head_sync=1.981s layer_other=0.219s expert_read_gross=85.153s plan_hint=8.998s plan_sched=0.199s attn_total=16.565s attn_encode=5.205s attn_wait=9.073s attn_drain=2.287s kernel_total=58.012s kernel_host=2.175s kernel_wait=9.193s kernel_drain=46.644s
[attn-split] single: calls=11253 total=10.287s encode=3.918s wait=4.081s drain=2.287s waits=19481 untimed=3760 | wide: calls=558 total=6.278s encode=1.287s wait=4.991s drain=0.000s waits=552 untimed=552 | hint: calls=11684 total=9.191s encode=0.028s wait=9.163s drain=0.000s waits=11791 untimed=11791
[kernel-split] single: calls=11933 total=47.623s encode=1.172s wait=0.595s drain=45.856s waits=12698 untimed=9967 | wide: calls=1617 total=10.388s encode=1.003s wait=8.598s drain=0.788s waits=1617 untimed=0
[kernel-sub] materialize=0.503s moe=10.501s precommit=46.072s rest=0.936s
[metal-cache] calls=21563 zero_copy_wraps=513 copies=0 cache_entries=187 bindless=true
Tax
[stats] generated=126 elapsed=217.866s speed=0.5783 token/s (1.729 s/token) chunks=125 committed_rows=196 verify_tx=4 drafts=2/14 layer_passes=11625 expert_rows=18032 expert_tiles=12362
[verify-width] w1=0 w2=3 w3=0 w4=0 w5=0 w6=0 w7=0 w8+=1              (w1 share 0.0% of 4 transactions)
[opens] expert file opens=689088 total=7.537s mean=0.011ms requested_bytes=5778946866368 (5778.9 GB)
[split-eta] chunks served hot=112060 dir_c=61913 dir_b=140861 primary=274946
[arrival] tiles=1311 waves=2320 uncovered_wait=40.179s dispatch=10.304s
[retain] enabled=false cap_gb=8 layers=63..=92 consults=0 wanted=0 hits=0 inserts=0 served=0.0MB
[summer] enabled=false cap_gb=8 sample=16 consults=0 wanted=0 hits=0 hit_rate=0.0% misses=0 inserts=0 evictions=0 recycled=0 allocs=0 pin_skips=0 gated=0 ramp=2..50 bar=0 suppressed=0 wide_skips=0 served=0.0MB copied=0.0MB ssd_avoided=0.0GB live=0/0.0GB model=0 protected=0 declined=0 topup_suppressed=0 aged=0 into=0/0/0 pending=0
[mirror-split] internal=0 K3C=0 K3B=0 K3A=0  shares=0%/0%/0%/0%
[phases] mono=417955.358099 chunks=125 sequence=207.809s read_wait=0.170s bind_upload=1.646s attention_resident=14.682s expert_read_prefetch=95.107s expert_demand_read=57.446s expert_plan=9.277s expert_hint=0.001s expert_submit=0.001s expert_kernel=93.936s source_fence=0.000s tail_head_sync=1.997s layer_other=0.220s expert_read_gross=85.829s plan_hint=9.074s plan_sched=0.201s attn_total=16.661s attn_encode=5.249s attn_wait=9.108s attn_drain=2.304s kernel_total=58.397s kernel_host=2.183s kernel_wait=9.197s kernel_drain=47.017s
[attn-split] single: calls=11346 total=10.382s encode=3.962s wait=4.117s drain=2.304s waits=19642 untimed=3791 | wide: calls=558 total=6.278s encode=1.287s wait=4.991s drain=0.000s waits=552 untimed=552 | hint: calls=11776 total=9.267s encode=0.028s wait=9.239s drain=0.000s waits=11882 untimed=11882
[kernel-split] single: calls=12030 total=48.009s encode=1.180s wait=0.600s drain=46.229s waits=12801 untimed=10056 | wide: calls=1617 total=10.388s encode=1.003s wait=8.598s drain=0.788s waits=1617 untimed=0
[kernel-sub] materialize=0.503s moe=10.508s precommit=46.446s rest=0.940s
[metal-cache] calls=21660 zero_copy_wraps=513 copies=0 cache_entries=187 bindless=true
 =
[stats] generated=127 elapsed=219.134s speed=0.5796 token/s (1.725 s/token) chunks=126 committed_rows=197 verify_tx=4 drafts=2/14 layer_passes=11718 expert_rows=18124 expert_tiles=12454
[verify-width] w1=0 w2=3 w3=0 w4=0 w5=0 w6=0 w7=0 w8+=1              (w1 share 0.0% of 4 transactions)
[opens] expert file opens=694527 total=7.595s mean=0.011ms requested_bytes=5815225892032 (5815.2 GB)
[split-eta] chunks served hot=112858 dir_c=62340 dir_b=141856 primary=276861
[arrival] tiles=1312 waves=2325 uncovered_wait=40.189s dispatch=10.310s
[retain] enabled=false cap_gb=8 layers=63..=92 consults=0 wanted=0 hits=0 inserts=0 served=0.0MB
[summer] enabled=false cap_gb=8 sample=16 consults=0 wanted=0 hits=0 hit_rate=0.0% misses=0 inserts=0 evictions=0 recycled=0 allocs=0 pin_skips=0 gated=0 ramp=2..50 bar=0 suppressed=0 wide_skips=0 served=0.0MB copied=0.0MB ssd_avoided=0.0GB live=0/0.0GB model=0 protected=0 declined=0 topup_suppressed=0 aged=0 into=0/0/0 pending=0
[mirror-split] internal=0 K3C=0 K3B=0 K3A=0  shares=0%/0%/0%/0%
[phases] mono=417956.625648 chunks=126 sequence=209.075s read_wait=0.170s bind_upload=1.646s attention_resident=14.757s expert_read_prefetch=95.869s expert_demand_read=57.889s expert_plan=9.350s expert_hint=0.001s expert_submit=0.001s expert_kernel=94.348s source_fence=0.000s tail_head_sync=2.013s layer_other=0.221s expert_read_gross=86.519s plan_hint=9.145s plan_sched=0.202s attn_total=16.736s attn_encode=5.272s attn_wait=9.140s attn_drain=2.324s kernel_total=58.800s kernel_host=2.191s kernel_wait=9.201s kernel_drain=47.408s
[attn-split] single: calls=11439 total=10.457s encode=3.985s wait=4.149s drain=2.324s waits=19803 untimed=3835 | wide: calls=558 total=6.278s encode=1.287s wait=4.991s drain=0.000s waits=552 untimed=552 | hint: calls=11868 total=9.339s encode=0.029s wait=9.310s drain=0.000s waits=11973 untimed=11973
[kernel-split] single: calls=12126 total=48.411s encode=1.188s wait=0.603s drain=46.620s waits=12902 untimed=10145 | wide: calls=1617 total=10.388s encode=1.003s wait=8.598s drain=0.788s waits=1617 untimed=0
[kernel-sub] materialize=0.503s moe=10.514s precommit=46.838s rest=0.944s
[metal-cache] calls=21756 zero_copy_wraps=513 copies=0 cache_entries=187 bindless=true
 
[stats] generated=128 elapsed=220.414s speed=0.5807 token/s (1.722 s/token) chunks=127 committed_rows=198 verify_tx=4 drafts=2/14 layer_passes=11811 expert_rows=18216 expert_tiles=12546
[verify-width] w1=0 w2=3 w3=0 w4=0 w5=0 w6=0 w7=0 w8+=1              (w1 share 0.0% of 4 transactions)
[opens] expert file opens=699885 total=7.652s mean=0.011ms requested_bytes=5851961146560 (5852.0 GB)
[split-eta] chunks served hot=113662 dir_c=62800 dir_b=142854 primary=278786
[arrival] tiles=1313 waves=2329 uncovered_wait=40.198s dispatch=10.317s
[retain] enabled=false cap_gb=8 layers=63..=92 consults=0 wanted=0 hits=0 inserts=0 served=0.0MB
[summer] enabled=false cap_gb=8 sample=16 consults=0 wanted=0 hits=0 hit_rate=0.0% misses=0 inserts=0 evictions=0 recycled=0 allocs=0 pin_skips=0 gated=0 ramp=2..50 bar=0 suppressed=0 wide_skips=0 served=0.0MB copied=0.0MB ssd_avoided=0.0GB live=0/0.0GB model=0 protected=0 declined=0 topup_suppressed=0 aged=0 into=0/0/0 pending=0
[mirror-split] internal=0 K3C=0 K3B=0 K3A=0  shares=0%/0%/0%/0%
[phases] mono=417957.906270 chunks=127 sequence=210.355s read_wait=0.170s bind_upload=1.646s attention_resident=14.837s expert_read_prefetch=96.615s expert_demand_read=58.352s expert_plan=9.424s expert_hint=0.001s expert_submit=0.001s expert_kernel=94.785s source_fence=0.000s tail_head_sync=2.028s layer_other=0.223s expert_read_gross=87.190s plan_hint=9.219s plan_sched=0.203s attn_total=16.815s attn_encode=5.296s attn_wait=9.180s attn_drain=2.339s kernel_total=59.227s kernel_host=2.200s kernel_wait=9.205s kernel_drain=47.822s
[attn-split] single: calls=11532 total=10.537s encode=4.009s wait=4.189s drain=2.339s waits=19964 untimed=3864 | wide: calls=558 total=6.278s encode=1.287s wait=4.991s drain=0.000s waits=552 untimed=552 | hint: calls=11960 total=9.412s encode=0.029s wait=9.383s drain=0.000s waits=12064 untimed=12064
[kernel-split] single: calls=12221 total=48.839s encode=1.197s wait=0.608s drain=47.034s waits=13001 untimed=10221 | wide: calls=1617 total=10.388s encode=1.003s wait=8.598s drain=0.788s waits=1617 untimed=0
[kernel-sub] materialize=0.503s moe=10.521s precommit=47.254s rest=0.949s
[metal-cache] calls=21851 zero_copy_wraps=513 copies=0 cache_entries=187 bindless=true
640
[stats] generated=129 elapsed=221.728s speed=0.5818 token/s (1.719 s/token) chunks=128 committed_rows=199 verify_tx=4 drafts=2/14 layer_passes=11904 expert_rows=18308 expert_tiles=12638
[verify-width] w1=0 w2=3 w3=0 w4=0 w5=0 w6=0 w7=0 w8+=1              (w1 share 0.0% of 4 transactions)
[opens] expert file opens=705329 total=7.715s mean=0.011ms requested_bytes=5888985906368 (5889.0 GB)
[split-eta] chunks served hot=114472 dir_c=63235 dir_b=143864 primary=280751
[arrival] tiles=1314 waves=2334 uncovered_wait=40.208s dispatch=10.326s
[retain] enabled=false cap_gb=8 layers=63..=92 consults=0 wanted=0 hits=0 inserts=0 served=0.0MB
[summer] enabled=false cap_gb=8 sample=16 consults=0 wanted=0 hits=0 hit_rate=0.0% misses=0 inserts=0 evictions=0 recycled=0 allocs=0 pin_skips=0 gated=0 ramp=2..50 bar=0 suppressed=0 wide_skips=0 served=0.0MB copied=0.0MB ssd_avoided=0.0GB live=0/0.0GB model=0 protected=0 declined=0 topup_suppressed=0 aged=0 into=0/0/0 pending=0
[mirror-split] internal=0 K3C=0 K3B=0 K3A=0  shares=0%/0%/0%/0%
[phases] mono=417959.219772 chunks=128 sequence=211.668s read_wait=0.170s bind_upload=1.646s attention_resident=14.918s expert_read_prefetch=97.390s expert_demand_read=58.842s expert_plan=9.498s expert_hint=0.001s expert_submit=0.001s expert_kernel=95.225s source_fence=0.000s tail_head_sync=2.044s layer_other=0.224s expert_read_gross=87.892s plan_hint=9.291s plan_sched=0.204s attn_total=16.896s attn_encode=5.324s attn_wait=9.217s attn_drain=2.355s kernel_total=59.656s kernel_host=2.209s kernel_wait=9.211s kernel_drain=48.236s
[attn-split] single: calls=11625 total=10.618s encode=4.037s wait=4.226s drain=2.355s waits=20125 untimed=3892 | wide: calls=558 total=6.278s encode=1.287s wait=4.991s drain=0.000s waits=552 untimed=552 | hint: calls=12052 total=9.485s encode=0.029s wait=9.456s drain=0.000s waits=12155 untimed=12155
[kernel-split] single: calls=12317 total=49.268s encode=1.206s wait=0.613s drain=47.448s waits=13102 untimed=10308 | wide: calls=1617 total=10.388s encode=1.003s wait=8.598s drain=0.788s waits=1617 untimed=0
[kernel-sub] materialize=0.503s moe=10.530s precommit=47.670s rest=0.953s
[metal-cache] calls=21947 zero_copy_wraps=513 copies=0 cache_entries=187 bindless=true
[route-chain] chained=8280
[route-chain] dedup_hits=8280
,
[stats] generated=130 elapsed=223.027s speed=0.5829 token/s (1.716 s/token) chunks=129 committed_rows=200 verify_tx=4 drafts=2/14 layer_passes=11997 expert_rows=18400 expert_tiles=12730
[verify-width] w1=0 w2=3 w3=0 w4=0 w5=0 w6=0 w7=0 w8+=1              (w1 share 0.0% of 4 transactions)
[opens] expert file opens=710691 total=7.774s mean=0.011ms requested_bytes=5925861506240 (5925.9 GB)
[split-eta] chunks served hot=115274 dir_c=63687 dir_b=144864 primary=282700
[arrival] tiles=1315 waves=2340 uncovered_wait=40.217s dispatch=10.334s
[retain] enabled=false cap_gb=8 layers=63..=92 consults=0 wanted=0 hits=0 inserts=0 served=0.0MB
[summer] enabled=false cap_gb=8 sample=16 consults=0 wanted=0 hits=0 hit_rate=0.0% misses=0 inserts=0 evictions=0 recycled=0 allocs=0 pin_skips=0 gated=0 ramp=2..50 bar=0 suppressed=0 wide_skips=0 served=0.0MB copied=0.0MB ssd_avoided=0.0GB live=0/0.0GB model=0 protected=0 declined=0 topup_suppressed=0 aged=0 into=0/0/0 pending=0
[mirror-split] internal=0 K3C=0 K3B=0 K3A=0  shares=0%/0%/0%/0%
[phases] mono=417960.518813 chunks=129 sequence=212.966s read_wait=0.170s bind_upload=1.646s attention_resident=15.013s expert_read_prefetch=98.139s expert_demand_read=59.281s expert_plan=9.583s expert_hint=0.001s expert_submit=0.001s expert_kernel=95.662s source_fence=0.000s tail_head_sync=2.060s layer_other=0.226s expert_read_gross=88.556s plan_hint=9.374s plan_sched=0.205s attn_total=16.990s attn_encode=5.364s attn_wait=9.254s attn_drain=2.372s kernel_total=60.084s kernel_host=2.218s kernel_wait=9.217s kernel_drain=48.649s
[attn-split] single: calls=11718 total=10.712s encode=4.077s wait=4.263s drain=2.372s waits=20286 untimed=3926 | wide: calls=558 total=6.278s encode=1.287s wait=4.991s drain=0.000s waits=552 untimed=552 | hint: calls=12144 total=9.568s encode=0.029s wait=9.538s drain=0.000s waits=12246 untimed=12246
[kernel-split] single: calls=12414 total=49.696s encode=1.215s wait=0.619s drain=47.861s waits=13205 untimed=10389 | wide: calls=1617 total=10.388s encode=1.003s wait=8.598s drain=0.788s waits=1617 untimed=0
[kernel-sub] materialize=0.503s moe=10.538s precommit=48.085s rest=0.958s
[metal-cache] calls=22044 zero_copy_wraps=513 copies=0 cache_entries=187 bindless=true
000
[stats] generated=131 elapsed=224.273s speed=0.5841 token/s (1.712 s/token) chunks=130 committed_rows=201 verify_tx=4 drafts=2/14 layer_passes=12090 expert_rows=18492 expert_tiles=12822
[verify-width] w1=0 w2=3 w3=0 w4=0 w5=0 w6=0 w7=0 w8+=1              (w1 share 0.0% of 4 transactions)
[opens] expert file opens=715941 total=7.829s mean=0.011ms requested_bytes=5961175481536 (5961.2 GB)
[split-eta] chunks served hot=116050 dir_c=64132 dir_b=145824 primary=284544
[arrival] tiles=1316 waves=2346 uncovered_wait=40.226s dispatch=10.342s
[retain] enabled=false cap_gb=8 layers=63..=92 consults=0 wanted=0 hits=0 inserts=0 served=0.0MB
[summer] enabled=false cap_gb=8 sample=16 consults=0 wanted=0 hits=0 hit_rate=0.0% misses=0 inserts=0 evictions=0 recycled=0 allocs=0 pin_skips=0 gated=0 ramp=2..50 bar=0 suppressed=0 wide_skips=0 served=0.0MB copied=0.0MB ssd_avoided=0.0GB live=0/0.0GB model=0 protected=0 declined=0 topup_suppressed=0 aged=0 into=0/0/0 pending=0
[mirror-split] internal=0 K3C=0 K3B=0 K3A=0  shares=0%/0%/0%/0%
[phases] mono=417961.764365 chunks=130 sequence=214.211s read_wait=0.170s bind_upload=1.646s attention_resident=15.094s expert_read_prefetch=98.898s expert_demand_read=59.760s expert_plan=9.641s expert_hint=0.001s expert_submit=0.001s expert_kernel=96.048s source_fence=0.000s tail_head_sync=2.077s layer_other=0.227s expert_read_gross=89.257s plan_hint=9.431s plan_sched=0.206s attn_total=17.071s attn_encode=5.388s attn_wait=9.280s attn_drain=2.403s kernel_total=60.460s kernel_host=2.228s kernel_wait=9.220s kernel_drain=49.012s
[attn-split] single: calls=11811 total=10.793s encode=4.101s wait=4.289s drain=2.403s waits=20447 untimed=3963 | wide: calls=558 total=6.278s encode=1.287s wait=4.991s drain=0.000s waits=552 untimed=552 | hint: calls=12236 total=9.625s encode=0.029s wait=9.595s drain=0.000s waits=12337 untimed=12337
[kernel-split] single: calls=12511 total=50.072s encode=1.225s wait=0.623s drain=48.224s waits=13308 untimed=10479 | wide: calls=1617 total=10.388s encode=1.003s wait=8.598s drain=0.788s waits=1617 untimed=0
[kernel-sub] materialize=0.503s moe=10.546s precommit=48.449s rest=0.962s
[metal-cache] calls=22141 zero_copy_wraps=513 copies=0 cache_entries=187 bindless=true
 ×
[stats] generated=132 elapsed=225.583s speed=0.5852 token/s (1.709 s/token) chunks=131 committed_rows=202 verify_tx=4 drafts=2/14 layer_passes=12183 expert_rows=18584 expert_tiles=12914
[verify-width] w1=0 w2=3 w3=0 w4=0 w5=0 w6=0 w7=0 w8+=1              (w1 share 0.0% of 4 transactions)
[opens] expert file opens=721543 total=7.889s mean=0.011ms requested_bytes=5998612708544 (5998.6 GB)
[split-eta] chunks served hot=116867 dir_c=64590 dir_b=146843 primary=286517
[arrival] tiles=1317 waves=2352 uncovered_wait=40.235s dispatch=10.350s
[retain] enabled=false cap_gb=8 layers=63..=92 consults=0 wanted=0 hits=0 inserts=0 served=0.0MB
[summer] enabled=false cap_gb=8 sample=16 consults=0 wanted=0 hits=0 hit_rate=0.0% misses=0 inserts=0 evictions=0 recycled=0 allocs=0 pin_skips=0 gated=0 ramp=2..50 bar=0 suppressed=0 wide_skips=0 served=0.0MB copied=0.0MB ssd_avoided=0.0GB live=0/0.0GB model=0 protected=0 declined=0 topup_suppressed=0 aged=0 into=0/0/0 pending=0
[mirror-split] internal=0 K3C=0 K3B=0 K3A=0  shares=0%/0%/0%/0%
[phases] mono=417963.074361 chunks=131 sequence=215.519s read_wait=0.170s bind_upload=1.646s attention_resident=15.175s expert_read_prefetch=99.726s expert_demand_read=60.266s expert_plan=9.709s expert_hint=0.001s expert_submit=0.001s expert_kernel=96.429s source_fence=0.000s tail_head_sync=2.094s layer_other=0.229s expert_read_gross=90.016s plan_hint=9.499s plan_sched=0.207s attn_total=17.152s attn_encode=5.414s attn_wait=9.309s attn_drain=2.429s kernel_total=60.833s kernel_host=2.238s kernel_wait=9.225s kernel_drain=49.370s
[attn-split] single: calls=11904 total=10.874s encode=4.127s wait=4.317s drain=2.429s waits=20608 untimed=3990 | wide: calls=558 total=6.278s encode=1.287s wait=4.991s drain=0.000s waits=552 untimed=552 | hint: calls=12328 total=9.692s encode=0.030s wait=9.662s drain=0.000s waits=12428 untimed=12428
[kernel-split] single: calls=12608 total=50.445s encode=1.235s wait=0.628s drain=48.583s waits=13411 untimed=10562 | wide: calls=1617 total=10.388s encode=1.003s wait=8.598s drain=0.788s waits=1617 untimed=0
[kernel-sub] materialize=0.503s moe=10.554s precommit=48.810s rest=0.967s
[metal-cache] calls=22238 zero_copy_wraps=513 copies=0 cache_entries=187 bindless=true
 
[stats] generated=133 elapsed=226.848s speed=0.5863 token/s (1.706 s/token) chunks=132 committed_rows=203 verify_tx=4 drafts=2/14 layer_passes=12276 expert_rows=18676 expert_tiles=13006
[verify-width] w1=0 w2=3 w3=0 w4=0 w5=0 w6=0 w7=0 w8+=1              (w1 share 0.0% of 4 transactions)
[opens] expert file opens=726792 total=7.945s mean=0.011ms requested_bytes=6033996807360 (6034.0 GB)
[split-eta] chunks served hot=117658 dir_c=65021 dir_b=147809 primary=288362
[arrival] tiles=1318 waves=2358 uncovered_wait=40.246s dispatch=10.357s
[retain] enabled=false cap_gb=8 layers=63..=92 consults=0 wanted=0 hits=0 inserts=0 served=0.0MB
[summer] enabled=false cap_gb=8 sample=16 consults=0 wanted=0 hits=0 hit_rate=0.0% misses=0 inserts=0 evictions=0 recycled=0 allocs=0 pin_skips=0 gated=0 ramp=2..50 bar=0 suppressed=0 wide_skips=0 served=0.0MB copied=0.0MB ssd_avoided=0.0GB live=0/0.0GB model=0 protected=0 declined=0 topup_suppressed=0 aged=0 into=0/0/0 pending=0
[mirror-split] internal=0 K3C=0 K3B=0 K3A=0  shares=0%/0%/0%/0%
[phases] mono=417964.340151 chunks=132 sequence=216.784s read_wait=0.170s bind_upload=1.646s attention_resident=15.267s expert_read_prefetch=100.463s expert_demand_read=60.715s expert_plan=9.782s expert_hint=0.001s expert_submit=0.001s expert_kernel=96.846s source_fence=0.000s tail_head_sync=2.111s layer_other=0.230s expert_read_gross=90.680s plan_hint=9.571s plan_sched=0.209s attn_total=17.244s attn_encode=5.438s attn_wait=9.339s attn_drain=2.467s kernel_total=61.239s kernel_host=2.246s kernel_wait=9.229s kernel_drain=49.763s
[attn-split] single: calls=11997 total=10.966s encode=4.151s wait=4.347s drain=2.467s waits=20769 untimed=4022 | wide: calls=558 total=6.278s encode=1.287s wait=4.991s drain=0.000s waits=552 untimed=552 | hint: calls=12420 total=9.764s encode=0.030s wait=9.734s drain=0.000s waits=12519 untimed=12519
[kernel-split] single: calls=12705 total=50.850s encode=1.243s wait=0.632s drain=48.975s waits=13514 untimed=10641 | wide: calls=1617 total=10.388s encode=1.003s wait=8.598s drain=0.788s waits=1617 untimed=0
[kernel-sub] materialize=0.503s moe=10.561s precommit=49.204s rest=0.971s
[metal-cache] calls=22335 zero_copy_wraps=513 copies=0 cache_entries=187 bindless=true
20
[stats] generated=134 elapsed=228.127s speed=0.5874 token/s (1.702 s/token) chunks=133 committed_rows=204 verify_tx=4 drafts=2/14 layer_passes=12369 expert_rows=18768 expert_tiles=13098
[verify-width] w1=0 w2=3 w3=0 w4=0 w5=0 w6=0 w7=0 w8+=1              (w1 share 0.0% of 4 transactions)
[opens] expert file opens=732046 total=8.002s mean=0.011ms requested_bytes=6069670444224 (6069.7 GB)
[split-eta] chunks served hot=118445 dir_c=65407 dir_b=148784 primary=290280
[arrival] tiles=1319 waves=2362 uncovered_wait=40.257s dispatch=10.364s
[retain] enabled=false cap_gb=8 layers=63..=92 consults=0 wanted=0 hits=0 inserts=0 served=0.0MB
[summer] enabled=false cap_gb=8 sample=16 consults=0 wanted=0 hits=0 hit_rate=0.0% misses=0 inserts=0 evictions=0 recycled=0 allocs=0 pin_skips=0 gated=0 ramp=2..50 bar=0 suppressed=0 wide_skips=0 served=0.0MB copied=0.0MB ssd_avoided=0.0GB live=0/0.0GB model=0 protected=0 declined=0 topup_suppressed=0 aged=0 into=0/0/0 pending=0
[mirror-split] internal=0 K3C=0 K3B=0 K3A=0  shares=0%/0%/0%/0%
[phases] mono=417965.618746 chunks=133 sequence=218.062s read_wait=0.170s bind_upload=1.646s attention_resident=15.362s expert_read_prefetch=101.206s expert_demand_read=61.185s expert_plan=9.853s expert_hint=0.001s expert_submit=0.001s expert_kernel=97.268s source_fence=0.000s tail_head_sync=2.127s layer_other=0.232s expert_read_gross=91.352s plan_hint=9.641s plan_sched=0.210s attn_total=17.339s attn_encode=5.482s attn_wait=9.364s attn_drain=2.494s kernel_total=61.650s kernel_host=2.255s kernel_wait=9.233s kernel_drain=50.162s
[attn-split] single: calls=12090 total=11.061s encode=4.195s wait=4.373s drain=2.494s waits=20930 untimed=4056 | wide: calls=558 total=6.278s encode=1.287s wait=4.991s drain=0.000s waits=552 untimed=552 | hint: calls=12512 total=9.834s encode=0.030s wait=9.804s drain=0.000s waits=12610 untimed=12610
[kernel-split] single: calls=12800 total=51.262s encode=1.252s wait=0.635s drain=49.374s waits=13613 untimed=10726 | wide: calls=1617 total=10.388s encode=1.003s wait=8.598s drain=0.788s waits=1617 untimed=0
[kernel-sub] materialize=0.503s moe=10.567s precommit=49.605s rest=0.975s
[metal-cache] calls=22430 zero_copy_wraps=513 copies=0 cache_entries=187 bindless=true
%
[stats] generated=135 elapsed=229.361s speed=0.5886 token/s (1.699 s/token) chunks=134 committed_rows=205 verify_tx=4 drafts=2/14 layer_passes=12462 expert_rows=18860 expert_tiles=13190
[verify-width] w1=0 w2=3 w3=0 w4=0 w5=0 w6=0 w7=0 w8+=1              (w1 share 0.0% of 4 transactions)
[opens] expert file opens=737331 total=8.059s mean=0.011ms requested_bytes=6105335315648 (6105.3 GB)
[split-eta] chunks served hot=119243 dir_c=65848 dir_b=149748 primary=292142
[arrival] tiles=1320 waves=2366 uncovered_wait=40.266s dispatch=10.371s
[retain] enabled=false cap_gb=8 layers=63..=92 consults=0 wanted=0 hits=0 inserts=0 served=0.0MB
[summer] enabled=false cap_gb=8 sample=16 consults=0 wanted=0 hits=0 hit_rate=0.0% misses=0 inserts=0 evictions=0 recycled=0 allocs=0 pin_skips=0 gated=0 ramp=2..50 bar=0 suppressed=0 wide_skips=0 served=0.0MB copied=0.0MB ssd_avoided=0.0GB live=0/0.0GB model=0 protected=0 declined=0 topup_suppressed=0 aged=0 into=0/0/0 pending=0
[mirror-split] internal=0 K3C=0 K3B=0 K3A=0  shares=0%/0%/0%/0%
[phases] mono=417966.853339 chunks=134 sequence=219.295s read_wait=0.170s bind_upload=1.646s attention_resident=15.435s expert_read_prefetch=101.915s expert_demand_read=61.633s expert_plan=9.927s expert_hint=0.001s expert_submit=0.001s expert_kernel=97.701s source_fence=0.000s tail_head_sync=2.143s layer_other=0.233s expert_read_gross=91.987s plan_hint=9.714s plan_sched=0.211s attn_total=17.412s attn_encode=5.502s attn_wait=9.400s attn_drain=2.510s kernel_total=62.074s kernel_host=2.263s kernel_wait=9.237s kernel_drain=50.574s
[attn-split] single: calls=12183 total=11.134s encode=4.215s wait=4.408s drain=2.510s waits=21091 untimed=4090 | wide: calls=558 total=6.278s encode=1.287s wait=4.991s drain=0.000s waits=552 untimed=552 | hint: calls=12604 total=9.907s encode=0.030s wait=9.876s drain=0.000s waits=12701 untimed=12701
[kernel-split] single: calls=12895 total=51.686s encode=1.260s wait=0.640s drain=49.786s waits=13712 untimed=10811 | wide: calls=1617 total=10.388s encode=1.003s wait=8.598s drain=0.788s waits=1617 untimed=0
[kernel-sub] materialize=0.503s moe=10.574s precommit=50.018s rest=0.979s
[metal-cache] calls=22525 zero_copy_wraps=513 copies=0 cache_entries=187 bindless=true
 =
[stats] generated=136 elapsed=230.574s speed=0.5898 token/s (1.695 s/token) chunks=135 committed_rows=206 verify_tx=4 drafts=2/14 layer_passes=12555 expert_rows=18952 expert_tiles=13282
[verify-width] w1=0 w2=3 w3=0 w4=0 w5=0 w6=0 w7=0 w8+=1              (w1 share 0.0% of 4 transactions)
[opens] expert file opens=742429 total=8.116s mean=0.011ms requested_bytes=6140228123840 (6140.2 GB)
[split-eta] chunks served hot=120024 dir_c=66285 dir_b=150690 primary=293959
[arrival] tiles=1321 waves=2373 uncovered_wait=40.275s dispatch=10.377s
[retain] enabled=false cap_gb=8 layers=63..=92 consults=0 wanted=0 hits=0 inserts=0 served=0.0MB
[summer] enabled=false cap_gb=8 sample=16 consults=0 wanted=0 hits=0 hit_rate=0.0% misses=0 inserts=0 evictions=0 recycled=0 allocs=0 pin_skips=0 gated=0 ramp=2..50 bar=0 suppressed=0 wide_skips=0 served=0.0MB copied=0.0MB ssd_avoided=0.0GB live=0/0.0GB model=0 protected=0 declined=0 topup_suppressed=0 aged=0 into=0/0/0 pending=0
[mirror-split] internal=0 K3C=0 K3B=0 K3A=0  shares=0%/0%/0%/0%
[phases] mono=417968.065802 chunks=135 sequence=220.506s read_wait=0.170s bind_upload=1.646s attention_resident=15.507s expert_read_prefetch=102.665s expert_demand_read=62.084s expert_plan=10.003s expert_hint=0.001s expert_submit=0.001s expert_kernel=98.074s source_fence=0.000s tail_head_sync=2.159s layer_other=0.234s expert_read_gross=92.662s plan_hint=9.788s plan_sched=0.212s attn_total=17.484s attn_encode=5.527s attn_wait=9.433s attn_drain=2.525s kernel_total=62.436s kernel_host=2.272s kernel_wait=9.241s kernel_drain=50.923s
[attn-split] single: calls=12276 total=11.206s encode=4.240s wait=4.441s drain=2.525s waits=21252 untimed=4126 | wide: calls=558 total=6.278s encode=1.287s wait=4.991s drain=0.000s waits=552 untimed=552 | hint: calls=12696 total=9.981s encode=0.031s wait=9.950s drain=0.000s waits=12792 untimed=12792
[kernel-split] single: calls=12993 total=52.048s encode=1.270s wait=0.644s drain=50.135s waits=13817 untimed=10893 | wide: calls=1617 total=10.388s encode=1.003s wait=8.598s drain=0.788s waits=1617 untimed=0
[kernel-sub] materialize=0.503s moe=10.581s precommit=50.369s rest=0.984s
[metal-cache] calls=22623 zero_copy_wraps=513 copies=0 cache_entries=187 bindless=true
 
[stats] generated=137 elapsed=231.861s speed=0.5909 token/s (1.692 s/token) chunks=136 committed_rows=207 verify_tx=4 drafts=2/14 layer_passes=12648 expert_rows=19044 expert_tiles=13374
[verify-width] w1=0 w2=3 w3=0 w4=0 w5=0 w6=0 w7=0 w8+=1              (w1 share 0.0% of 4 transactions)
[opens] expert file opens=747846 total=8.174s mean=0.011ms requested_bytes=6176910720192 (6176.9 GB)
[split-eta] chunks served hot=120840 dir_c=66744 dir_b=151685 primary=295870
[arrival] tiles=1322 waves=2377 uncovered_wait=40.285s dispatch=10.384s
[retain] enabled=false cap_gb=8 layers=63..=92 consults=0 wanted=0 hits=0 inserts=0 served=0.0MB
[summer] enabled=false cap_gb=8 sample=16 consults=0 wanted=0 hits=0 hit_rate=0.0% misses=0 inserts=0 evictions=0 recycled=0 allocs=0 pin_skips=0 gated=0 ramp=2..50 bar=0 suppressed=0 wide_skips=0 served=0.0MB copied=0.0MB ssd_avoided=0.0GB live=0/0.0GB model=0 protected=0 declined=0 topup_suppressed=0 aged=0 into=0/0/0 pending=0
[mirror-split] internal=0 K3C=0 K3B=0 K3A=0  shares=0%/0%/0%/0%
[phases] mono=417969.352819 chunks=136 sequence=221.792s read_wait=0.170s bind_upload=1.646s attention_resident=15.587s expert_read_prefetch=103.417s expert_demand_read=62.528s expert_plan=10.080s expert_hint=0.001s expert_submit=0.001s expert_kernel=98.510s source_fence=0.000s tail_head_sync=2.175s layer_other=0.236s expert_read_gross=93.336s plan_hint=9.864s plan_sched=0.213s attn_total=17.563s attn_encode=5.551s attn_wait=9.460s attn_drain=2.552s kernel_total=62.863s kernel_host=2.281s kernel_wait=9.245s kernel_drain=51.337s
[attn-split] single: calls=12369 total=11.285s encode=4.264s wait=4.469s drain=2.552s waits=21413 untimed=4148 | wide: calls=558 total=6.278s encode=1.287s wait=4.991s drain=0.000s waits=552 untimed=552 | hint: calls=12788 total=10.057s encode=0.031s wait=10.026s drain=0.000s waits=12883 untimed=12883
[kernel-split] single: calls=13088 total=52.475s encode=1.278s wait=0.648s drain=50.549s waits=13916 untimed=10974 | wide: calls=1617 total=10.388s encode=1.003s wait=8.598s drain=0.788s waits=1617 untimed=0
[kernel-sub] materialize=0.503s moe=10.587s precommit=50.785s rest=0.988s
[metal-cache] calls=22718 zero_copy_wraps=513 copies=0 cache_entries=187 bindless=true
128
[stats] generated=138 elapsed=233.178s speed=0.5918 token/s (1.690 s/token) chunks=137 committed_rows=208 verify_tx=4 drafts=2/14 layer_passes=12741 expert_rows=19136 expert_tiles=13466
[verify-width] w1=0 w2=3 w3=0 w4=0 w5=0 w6=0 w7=0 w8+=1              (w1 share 0.0% of 4 transactions)
[opens] expert file opens=753273 total=8.232s mean=0.011ms requested_bytes=6213531958464 (6213.5 GB)
[split-eta] chunks served hot=121629 dir_c=67174 dir_b=152695 primary=297815
[arrival] tiles=1323 waves=2384 uncovered_wait=40.296s dispatch=10.391s
[retain] enabled=false cap_gb=8 layers=63..=92 consults=0 wanted=0 hits=0 inserts=0 served=0.0MB
[summer] enabled=false cap_gb=8 sample=16 consults=0 wanted=0 hits=0 hit_rate=0.0% misses=0 inserts=0 evictions=0 recycled=0 allocs=0 pin_skips=0 gated=0 ramp=2..50 bar=0 suppressed=0 wide_skips=0 served=0.0MB copied=0.0MB ssd_avoided=0.0GB live=0/0.0GB model=0 protected=0 declined=0 topup_suppressed=0 aged=0 into=0/0/0 pending=0
[mirror-split] internal=0 K3C=0 K3B=0 K3A=0  shares=0%/0%/0%/0%
[phases] mono=417970.669484 chunks=137 sequence=223.108s read_wait=0.170s bind_upload=1.646s attention_resident=15.678s expert_read_prefetch=104.238s expert_demand_read=63.017s expert_plan=10.159s expert_hint=0.001s expert_submit=0.001s expert_kernel=98.895s source_fence=0.000s tail_head_sync=2.192s layer_other=0.237s expert_read_gross=94.079s plan_hint=9.942s plan_sched=0.214s attn_total=17.655s attn_encode=5.594s attn_wait=9.484s attn_drain=2.576s kernel_total=63.237s kernel_host=2.290s kernel_wait=9.249s kernel_drain=51.698s
[attn-split] single: calls=12462 total=11.376s encode=4.307s wait=4.493s drain=2.576s waits=21574 untimed=4175 | wide: calls=558 total=6.278s encode=1.287s wait=4.991s drain=0.000s waits=552 untimed=552 | hint: calls=12880 total=10.135s encode=0.031s wait=10.104s drain=0.000s waits=12974 untimed=12974
[kernel-split] single: calls=13186 total=52.849s encode=1.287s wait=0.652s drain=50.910s waits=14021 untimed=11060 | wide: calls=1617 total=10.388s encode=1.003s wait=8.598s drain=0.788s waits=1617 untimed=0
[kernel-sub] materialize=0.503s moe=10.594s precommit=51.147s rest=0.992s
[metal-cache] calls=22816 zero_copy_wraps=513 copies=0 cache_entries=187 bindless=true
,
[stats] generated=139 elapsed=234.459s speed=0.5929 token/s (1.687 s/token) chunks=138 committed_rows=209 verify_tx=4 drafts=2/14 layer_passes=12834 expert_rows=19228 expert_tiles=13558
[verify-width] w1=0 w2=3 w3=0 w4=0 w5=0 w6=0 w7=0 w8+=1              (w1 share 0.0% of 4 transactions)
[opens] expert file opens=758693 total=8.294s mean=0.011ms requested_bytes=6250275978432 (6250.3 GB)
[split-eta] chunks served hot=122429 dir_c=67638 dir_b=153691 primary=299743
[arrival] tiles=1324 waves=2389 uncovered_wait=40.306s dispatch=10.399s
[retain] enabled=false cap_gb=8 layers=63..=92 consults=0 wanted=0 hits=0 inserts=0 served=0.0MB
[summer] enabled=false cap_gb=8 sample=16 consults=0 wanted=0 hits=0 hit_rate=0.0% misses=0 inserts=0 evictions=0 recycled=0 allocs=0 pin_skips=0 gated=0 ramp=2..50 bar=0 suppressed=0 wide_skips=0 served=0.0MB copied=0.0MB ssd_avoided=0.0GB live=0/0.0GB model=0 protected=0 declined=0 topup_suppressed=0 aged=0 into=0/0/0 pending=0
[mirror-split] internal=0 K3C=0 K3B=0 K3A=0  shares=0%/0%/0%/0%
[phases] mono=417971.950789 chunks=138 sequence=224.388s read_wait=0.170s bind_upload=1.646s attention_resident=15.757s expert_read_prefetch=104.984s expert_demand_read=63.472s expert_plan=10.233s expert_hint=0.001s expert_submit=0.001s expert_kernel=99.332s source_fence=0.000s tail_head_sync=2.209s layer_other=0.238s expert_read_gross=94.751s plan_hint=10.014s plan_sched=0.215s attn_total=17.733s attn_encode=5.618s attn_wait=9.527s attn_drain=2.588s kernel_total=63.663s kernel_host=2.298s kernel_wait=9.255s kernel_drain=52.110s
[attn-split] single: calls=12555 total=11.455s encode=4.331s wait=4.536s drain=2.588s waits=21735 untimed=4219 | wide: calls=558 total=6.278s encode=1.287s wait=4.991s drain=0.000s waits=552 untimed=552 | hint: calls=12972 total=10.207s encode=0.031s wait=10.176s drain=0.000s waits=13065 untimed=13065
[kernel-split] single: calls=13282 total=53.275s encode=1.295s wait=0.657s drain=51.323s waits=14122 untimed=11143 | wide: calls=1617 total=10.388s encode=1.003s wait=8.598s drain=0.788s waits=1617 untimed=0
[kernel-sub] materialize=0.503s moe=10.602s precommit=51.562s rest=0.997s
[metal-cache] calls=22912 zero_copy_wraps=513 copies=0 cache_entries=187 bindless=true
[route-chain] chained=8970
[route-chain] dedup_hits=8970
000
[stats] generated=140 elapsed=235.729s speed=0.5939 token/s (1.684 s/token) chunks=139 committed_rows=210 verify_tx=4 drafts=2/14 layer_passes=12927 expert_rows=19320 expert_tiles=13650
[verify-width] w1=0 w2=3 w3=0 w4=0 w5=0 w6=0 w7=0 w8+=1              (w1 share 0.0% of 4 transactions)
[opens] expert file opens=763999 total=8.351s mean=0.011ms requested_bytes=6286142667968 (6286.1 GB)
[split-eta] chunks served hot=123208 dir_c=68074 dir_b=154671 primary=301636
[arrival] tiles=1325 waves=2396 uncovered_wait=40.315s dispatch=10.408s
[retain] enabled=false cap_gb=8 layers=63..=92 consults=0 wanted=0 hits=0 inserts=0 served=0.0MB
[summer] enabled=false cap_gb=8 sample=16 consults=0 wanted=0 hits=0 hit_rate=0.0% misses=0 inserts=0 evictions=0 recycled=0 allocs=0 pin_skips=0 gated=0 ramp=2..50 bar=0 suppressed=0 wide_skips=0 served=0.0MB copied=0.0MB ssd_avoided=0.0GB live=0/0.0GB model=0 protected=0 declined=0 topup_suppressed=0 aged=0 into=0/0/0 pending=0
[mirror-split] internal=0 K3C=0 K3B=0 K3A=0  shares=0%/0%/0%/0%
[phases] mono=417973.221148 chunks=139 sequence=225.657s read_wait=0.170s bind_upload=1.646s attention_resident=15.842s expert_read_prefetch=105.734s expert_demand_read=63.929s expert_plan=10.304s expert_hint=0.001s expert_submit=0.001s expert_kernel=99.749s source_fence=0.001s tail_head_sync=2.224s layer_other=0.240s expert_read_gross=95.429s plan_hint=10.084s plan_sched=0.216s attn_total=17.818s attn_encode=5.645s attn_wait=9.568s attn_drain=2.606s kernel_total=64.072s kernel_host=2.308s kernel_wait=9.260s kernel_drain=52.504s
[attn-split] single: calls=12648 total=11.540s encode=4.358s wait=4.576s drain=2.606s waits=21896 untimed=4257 | wide: calls=558 total=6.278s encode=1.287s wait=4.991s drain=0.000s waits=552 untimed=552 | hint: calls=13064 total=10.277s encode=0.031s wait=10.246s drain=0.000s waits=13156 untimed=13156
[kernel-split] single: calls=13380 total=53.683s encode=1.306s wait=0.662s drain=51.716s waits=14227 untimed=11230 | wide: calls=1617 total=10.388s encode=1.003s wait=8.598s drain=0.788s waits=1617 untimed=0
[kernel-sub] materialize=0.503s moe=10.611s precommit=51.956s rest=1.001s
[metal-cache] calls=23010 zero_copy_wraps=513 copies=0 cache_entries=187 bindless=true



[stats] generated=141 elapsed=237.016s speed=0.5949 token/s (1.681 s/token) chunks=140 committed_rows=211 verify_tx=4 drafts=2/14 layer_passes=13020 expert_rows=19412 expert_tiles=13742
[verify-width] w1=0 w2=3 w3=0 w4=0 w5=0 w6=0 w7=0 w8+=1              (w1 share 0.0% of 4 transactions)
[opens] expert file opens=769344 total=8.406s mean=0.011ms requested_bytes=6322184764608 (6322.2 GB)
[split-eta] chunks served hot=123984 dir_c=68500 dir_b=155660 primary=303553
[arrival] tiles=1326 waves=2400 uncovered_wait=40.324s dispatch=10.416s
[retain] enabled=false cap_gb=8 layers=63..=92 consults=0 wanted=0 hits=0 inserts=0 served=0.0MB
[summer] enabled=false cap_gb=8 sample=16 consults=0 wanted=0 hits=0 hit_rate=0.0% misses=0 inserts=0 evictions=0 recycled=0 allocs=0 pin_skips=0 gated=0 ramp=2..50 bar=0 suppressed=0 wide_skips=0 served=0.0MB copied=0.0MB ssd_avoided=0.0GB live=0/0.0GB model=0 protected=0 declined=0 topup_suppressed=0 aged=0 into=0/0/0 pending=0
[mirror-split] internal=0 K3C=0 K3B=0 K3A=0  shares=0%/0%/0%/0%
[phases] mono=417974.507906 chunks=140 sequence=226.943s read_wait=0.170s bind_upload=1.646s attention_resident=15.936s expert_read_prefetch=106.470s expert_demand_read=64.411s expert_plan=10.376s expert_hint=0.001s expert_submit=0.001s expert_kernel=100.186s source_fence=0.001s tail_head_sync=2.241s layer_other=0.241s expert_read_gross=96.094s plan_hint=10.155s plan_sched=0.217s attn_total=17.912s attn_encode=5.669s attn_wait=9.619s attn_drain=2.624s kernel_total=64.499s kernel_host=2.317s kernel_wait=9.265s kernel_drain=52.917s
[attn-split] single: calls=12741 total=11.634s encode=4.382s wait=4.628s drain=2.624s waits=22057 untimed=4291 | wide: calls=558 total=6.278s encode=1.287s wait=4.991s drain=0.000s waits=552 untimed=552 | hint: calls=13156 total=10.348s encode=0.032s wait=10.317s drain=0.000s waits=13247 untimed=13247
[kernel-split] single: calls=13475 total=54.111s encode=1.314s wait=0.667s drain=52.130s waits=14326 untimed=11315 | wide: calls=1617 total=10.388s encode=1.003s wait=8.598s drain=0.788s waits=1617 untimed=0
[kernel-sub] materialize=0.503s moe=10.619s precommit=52.372s rest=1.005s
[metal-cache] calls=23105 zero_copy_wraps=513 copies=0 cache_entries=187 bindless=true
Then
[stats] generated=142 elapsed=238.300s speed=0.5959 token/s (1.678 s/token) chunks=141 committed_rows=212 verify_tx=4 drafts=2/14 layer_passes=13113 expert_rows=19504 expert_tiles=13834
[verify-width] w1=0 w2=3 w3=0 w4=0 w5=0 w6=0 w7=0 w8+=1              (w1 share 0.0% of 4 transactions)
[opens] expert file opens=774618 total=8.462s mean=0.011ms requested_bytes=6358279601344 (6358.3 GB)
[split-eta] chunks served hot=124765 dir_c=68941 dir_b=156647 primary=305458
[arrival] tiles=1327 waves=2406 uncovered_wait=40.334s dispatch=10.423s
[retain] enabled=false cap_gb=8 layers=63..=92 consults=0 wanted=0 hits=0 inserts=0 served=0.0MB
[summer] enabled=false cap_gb=8 sample=16 consults=0 wanted=0 hits=0 hit_rate=0.0% misses=0 inserts=0 evictions=0 recycled=0 allocs=0 pin_skips=0 gated=0 ramp=2..50 bar=0 suppressed=0 wide_skips=0 served=0.0MB copied=0.0MB ssd_avoided=0.0GB live=0/0.0GB model=0 protected=0 declined=0 topup_suppressed=0 aged=0 into=0/0/0 pending=0
[mirror-split] internal=0 K3C=0 K3B=0 K3A=0  shares=0%/0%/0%/0%
[phases] mono=417975.792053 chunks=141 sequence=228.225s read_wait=0.170s bind_upload=1.646s attention_resident=16.028s expert_read_prefetch=107.258s expert_demand_read=64.916s expert_plan=10.454s expert_hint=0.001s expert_submit=0.001s expert_kernel=100.570s source_fence=0.001s tail_head_sync=2.258s layer_other=0.242s expert_read_gross=96.804s plan_hint=10.232s plan_sched=0.218s attn_total=18.004s attn_encode=5.710s attn_wait=9.648s attn_drain=2.646s kernel_total=64.873s kernel_host=2.326s kernel_wait=9.269s kernel_drain=53.279s
[attn-split] single: calls=12834 total=11.726s encode=4.424s wait=4.656s drain=2.646s waits=22218 untimed=4317 | wide: calls=558 total=6.278s encode=1.287s wait=4.991s drain=0.000s waits=552 untimed=552 | hint: calls=13248 total=10.425s encode=0.032s wait=10.393s drain=0.000s waits=13338 untimed=13338
[kernel-split] single: calls=13572 total=54.485s encode=1.323s wait=0.671s drain=52.491s waits=14429 untimed=11392 | wide: calls=1617 total=10.388s encode=1.003s wait=8.598s drain=0.788s waits=1617 untimed=0
[kernel-sub] materialize=0.503s moe=10.626s precommit=52.735s rest=1.009s
[metal-cache] calls=23202 zero_copy_wraps=513 copies=0 cache_entries=187 bindless=true
 subtract
[stats] generated=143 elapsed=239.487s speed=0.5971 token/s (1.675 s/token) chunks=142 committed_rows=213 verify_tx=4 drafts=2/14 layer_passes=13206 expert_rows=19596 expert_tiles=13926
[verify-width] w1=0 w2=3 w3=0 w4=0 w5=0 w6=0 w7=0 w8+=1              (w1 share 0.0% of 4 transactions)
[opens] expert file opens=779577 total=8.516s mean=0.011ms requested_bytes=6391908990144 (6391.9 GB)
[split-eta] chunks served hot=125497 dir_c=69362 dir_b=157563 primary=307222
[arrival] tiles=1328 waves=2411 uncovered_wait=40.344s dispatch=10.428s
[retain] enabled=false cap_gb=8 layers=63..=92 consults=0 wanted=0 hits=0 inserts=0 served=0.0MB
[summer] enabled=false cap_gb=8 sample=16 consults=0 wanted=0 hits=0 hit_rate=0.0% misses=0 inserts=0 evictions=0 recycled=0 allocs=0 pin_skips=0 gated=0 ramp=2..50 bar=0 suppressed=0 wide_skips=0 served=0.0MB copied=0.0MB ssd_avoided=0.0GB live=0/0.0GB model=0 protected=0 declined=0 topup_suppressed=0 aged=0 into=0/0/0 pending=0
[mirror-split] internal=0 K3C=0 K3B=0 K3A=0  shares=0%/0%/0%/0%
[phases] mono=417976.979045 chunks=142 sequence=229.411s read_wait=0.170s bind_upload=1.646s attention_resident=16.100s expert_read_prefetch=107.977s expert_demand_read=65.354s expert_plan=10.516s expert_hint=0.001s expert_submit=0.001s expert_kernel=100.947s source_fence=0.001s tail_head_sync=2.275s layer_other=0.244s expert_read_gross=97.460s plan_hint=10.294s plan_sched=0.219s attn_total=18.075s attn_encode=5.733s attn_wait=9.686s attn_drain=2.657s kernel_total=65.240s kernel_host=2.334s kernel_wait=9.272s kernel_drain=53.635s
[attn-split] single: calls=12927 total=11.797s encode=4.446s wait=4.694s drain=2.657s waits=22379 untimed=4355 | wide: calls=558 total=6.278s encode=1.287s wait=4.991s drain=0.000s waits=552 untimed=552 | hint: calls=13340 total=10.486s encode=0.032s wait=10.454s drain=0.000s waits=13429 untimed=13429
[kernel-split] single: calls=13668 total=54.852s encode=1.331s wait=0.674s drain=52.847s waits=14530 untimed=11478 | wide: calls=1617 total=10.388s encode=1.003s wait=8.598s drain=0.788s waits=1617 untimed=0
[kernel-sub] materialize=0.503s moe=10.631s precommit=53.093s rest=1.014s
[metal-cache] calls=23298 zero_copy_wraps=513 copies=0 cache_entries=187 bindless=true
 tax
[stats] generated=144 elapsed=240.688s speed=0.5983 token/s (1.671 s/token) chunks=143 committed_rows=214 verify_tx=4 drafts=2/14 layer_passes=13299 expert_rows=19688 expert_tiles=14018
[verify-width] w1=0 w2=3 w3=0 w4=0 w5=0 w6=0 w7=0 w8+=1              (w1 share 0.0% of 4 transactions)
[opens] expert file opens=784612 total=8.570s mean=0.011ms requested_bytes=6425810336960 (6425.8 GB)
[split-eta] chunks served hot=126237 dir_c=69762 dir_b=158491 primary=309018
[arrival] tiles=1329 waves=2419 uncovered_wait=40.355s dispatch=10.435s
[retain] enabled=false cap_gb=8 layers=63..=92 consults=0 wanted=0 hits=0 inserts=0 served=0.0MB
[summer] enabled=false cap_gb=8 sample=16 consults=0 wanted=0 hits=0 hit_rate=0.0% misses=0 inserts=0 evictions=0 recycled=0 allocs=0 pin_skips=0 gated=0 ramp=2..50 bar=0 suppressed=0 wide_skips=0 served=0.0MB copied=0.0MB ssd_avoided=0.0GB live=0/0.0GB model=0 protected=0 declined=0 topup_suppressed=0 aged=0 into=0/0/0 pending=0
[mirror-split] internal=0 K3C=0 K3B=0 K3A=0  shares=0%/0%/0%/0%
[phases] mono=417978.180059 chunks=143 sequence=230.610s read_wait=0.170s bind_upload=1.646s attention_resident=16.175s expert_read_prefetch=108.689s expert_demand_read=65.810s expert_plan=10.580s expert_hint=0.001s expert_submit=0.001s expert_kernel=101.342s source_fence=0.001s tail_head_sync=2.291s layer_other=0.245s expert_read_gross=98.109s plan_hint=10.356s plan_sched=0.221s attn_total=18.150s attn_encode=5.760s attn_wait=9.718s attn_drain=2.671s kernel_total=65.624s kernel_host=2.342s kernel_wait=9.276s kernel_drain=54.006s
[attn-split] single: calls=13020 total=11.871s encode=4.473s wait=4.727s drain=2.671s waits=22540 untimed=4383 | wide: calls=558 total=6.278s encode=1.287s wait=4.991s drain=0.000s waits=552 untimed=552 | hint: calls=13432 total=10.549s encode=0.032s wait=10.517s drain=0.000s waits=13520 untimed=13520
[kernel-split] single: calls=13767 total=55.236s encode=1.340s wait=0.678s drain=53.218s waits=14637 untimed=11563 | wide: calls=1617 total=10.388s encode=1.003s wait=8.598s drain=0.788s waits=1617 untimed=0
[kernel-sub] materialize=0.503s moe=10.638s precommit=53.466s rest=1.018s
[metal-cache] calls=23397 zero_copy_wraps=513 copies=0 cache_entries=187 bindless=true
 from
[stats] generated=145 elapsed=241.952s speed=0.5993 token/s (1.669 s/token) chunks=144 committed_rows=215 verify_tx=4 drafts=2/14 layer_passes=13392 expert_rows=19780 expert_tiles=14110
[verify-width] w1=0 w2=3 w3=0 w4=0 w5=0 w6=0 w7=0 w8+=1              (w1 share 0.0% of 4 transactions)
[opens] expert file opens=789892 total=8.626s mean=0.011ms requested_bytes=6460948757696 (6460.9 GB)
[split-eta] chunks served hot=126993 dir_c=70163 dir_b=159461 primary=310896
[arrival] tiles=1330 waves=2425 uncovered_wait=40.364s dispatch=10.444s
[retain] enabled=false cap_gb=8 layers=63..=92 consults=0 wanted=0 hits=0 inserts=0 served=0.0MB
[summer] enabled=false cap_gb=8 sample=16 consults=0 wanted=0 hits=0 hit_rate=0.0% misses=0 inserts=0 evictions=0 recycled=0 allocs=0 pin_skips=0 gated=0 ramp=2..50 bar=0 suppressed=0 wide_skips=0 served=0.0MB copied=0.0MB ssd_avoided=0.0GB live=0/0.0GB model=0 protected=0 declined=0 topup_suppressed=0 aged=0 into=0/0/0 pending=0
[mirror-split] internal=0 K3C=0 K3B=0 K3A=0  shares=0%/0%/0%/0%
[phases] mono=417979.443633 chunks=144 sequence=231.873s read_wait=0.170s bind_upload=1.646s attention_resident=16.254s expert_read_prefetch=109.413s expert_demand_read=66.239s expert_plan=10.654s expert_hint=0.001s expert_submit=0.001s expert_kernel=101.784s source_fence=0.001s tail_head_sync=2.306s layer_other=0.246s expert_read_gross=98.758s plan_hint=10.429s plan_sched=0.222s attn_total=18.230s attn_encode=5.784s attn_wait=9.755s attn_drain=2.690s kernel_total=66.056s kernel_host=2.351s kernel_wait=9.281s kernel_drain=54.423s
[attn-split] single: calls=13113 total=11.951s encode=4.497s wait=4.764s drain=2.690s waits=22701 untimed=4407 | wide: calls=558 total=6.278s encode=1.287s wait=4.991s drain=0.000s waits=552 untimed=552 | hint: calls=13524 total=10.622s encode=0.032s wait=10.589s drain=0.000s waits=13611 untimed=13611
[kernel-split] single: calls=13864 total=55.668s encode=1.349s wait=0.684s drain=53.635s waits=14740 untimed=11649 | wide: calls=1617 total=10.388s encode=1.003s wait=8.598s drain=0.788s waits=1617 untimed=0
[kernel-sub] materialize=0.503s moe=10.646s precommit=53.885s rest=1.022s
[metal-cache] calls=23494 zero_copy_wraps=513 copies=0 cache_entries=187 bindless=true
 operating
[stats] generated=146 elapsed=243.214s speed=0.6003 token/s (1.666 s/token) chunks=145 committed_rows=216 verify_tx=4 drafts=2/14 layer_passes=13485 expert_rows=19872 expert_tiles=14202
[verify-width] w1=0 w2=3 w3=0 w4=0 w5=0 w6=0 w7=0 w8+=1              (w1 share 0.0% of 4 transactions)
[opens] expert file opens=795060 total=8.682s mean=0.011ms requested_bytes=6496017005760 (6496.0 GB)
[split-eta] chunks served hot=127757 dir_c=70545 dir_b=160426 primary=312782
[arrival] tiles=1331 waves=2430 uncovered_wait=40.373s dispatch=10.451s
[retain] enabled=false cap_gb=8 layers=63..=92 consults=0 wanted=0 hits=0 inserts=0 served=0.0MB
[summer] enabled=false cap_gb=8 sample=16 consults=0 wanted=0 hits=0 hit_rate=0.0% misses=0 inserts=0 evictions=0 recycled=0 allocs=0 pin_skips=0 gated=0 ramp=2..50 bar=0 suppressed=0 wide_skips=0 served=0.0MB copied=0.0MB ssd_avoided=0.0GB live=0/0.0GB model=0 protected=0 declined=0 topup_suppressed=0 aged=0 into=0/0/0 pending=0
[mirror-split] internal=0 K3C=0 K3B=0 K3A=0  shares=0%/0%/0%/0%
[phases] mono=417980.705868 chunks=145 sequence=233.134s read_wait=0.170s bind_upload=1.646s attention_resident=16.352s expert_read_prefetch=110.124s expert_demand_read=66.691s expert_plan=10.719s expert_hint=0.001s expert_submit=0.001s expert_kernel=102.219s source_fence=0.001s tail_head_sync=2.322s layer_other=0.248s expert_read_gross=99.405s plan_hint=10.493s plan_sched=0.223s attn_total=18.327s attn_encode=5.827s attn_wait=9.799s attn_drain=2.700s kernel_total=66.482s kernel_host=2.360s kernel_wait=9.286s kernel_drain=54.836s
[attn-split] single: calls=13206 total=12.048s encode=4.541s wait=4.807s drain=2.700s waits=22862 untimed=4436 | wide: calls=558 total=6.278s encode=1.287s wait=4.991s drain=0.000s waits=552 untimed=552 | hint: calls=13616 total=10.686s encode=0.033s wait=10.653s drain=0.000s waits=13702 untimed=13702
[kernel-split] single: calls=13960 total=56.094s encode=1.357s wait=0.689s drain=54.048s waits=14841 untimed=11730 | wide: calls=1617 total=10.388s encode=1.003s wait=8.598s drain=0.788s waits=1617 untimed=0
[kernel-sub] materialize=0.503s moe=10.653s precommit=54.300s rest=1.026s
[metal-cache] calls=23590 zero_copy_wraps=513 copies=0 cache_entries=187 bindless=true
 profit
[stats] generated=147 elapsed=244.506s speed=0.6012 token/s (1.663 s/token) chunks=146 committed_rows=217 verify_tx=4 drafts=2/14 layer_passes=13578 expert_rows=19964 expert_tiles=14294
[verify-width] w1=0 w2=3 w3=0 w4=0 w5=0 w6=0 w7=0 w8+=1              (w1 share 0.0% of 4 transactions)
[opens] expert file opens=800423 total=8.738s mean=0.011ms requested_bytes=6532076682432 (6532.1 GB)
[split-eta] chunks served hot=128560 dir_c=70950 dir_b=161415 primary=314695
[arrival] tiles=1332 waves=2436 uncovered_wait=40.383s dispatch=10.460s
[retain] enabled=false cap_gb=8 layers=63..=92 consults=0 wanted=0 hits=0 inserts=0 served=0.0MB
[summer] enabled=false cap_gb=8 sample=16 consults=0 wanted=0 hits=0 hit_rate=0.0% misses=0 inserts=0 evictions=0 recycled=0 allocs=0 pin_skips=0 gated=0 ramp=2..50 bar=0 suppressed=0 wide_skips=0 served=0.0MB copied=0.0MB ssd_avoided=0.0GB live=0/0.0GB model=0 protected=0 declined=0 topup_suppressed=0 aged=0 into=0/0/0 pending=0
[mirror-split] internal=0 K3C=0 K3B=0 K3A=0  shares=0%/0%/0%/0%
[phases] mono=417981.998139 chunks=146 sequence=234.425s read_wait=0.170s bind_upload=1.646s attention_resident=16.424s expert_read_prefetch=110.887s expert_demand_read=67.149s expert_plan=10.792s expert_hint=0.001s expert_submit=0.001s expert_kernel=102.658s source_fence=0.001s tail_head_sync=2.337s layer_other=0.249s expert_read_gross=100.095s plan_hint=10.564s plan_sched=0.224s attn_total=18.399s attn_encode=5.848s attn_wait=9.836s attn_drain=2.715s kernel_total=66.911s kernel_host=2.368s kernel_wait=9.291s kernel_drain=55.252s
[attn-split] single: calls=13299 total=12.121s encode=4.561s wait=4.845s drain=2.715s waits=23023 untimed=4477 | wide: calls=558 total=6.278s encode=1.287s wait=4.991s drain=0.000s waits=552 untimed=552 | hint: calls=13708 total=10.757s encode=0.033s wait=10.724s drain=0.000s waits=13793 untimed=13793
[kernel-split] single: calls=14057 total=56.523s encode=1.366s wait=0.694s drain=54.464s waits=14944 untimed=11812 | wide: calls=1617 total=10.388s encode=1.003s wait=8.598s drain=0.788s waits=1617 untimed=0
[kernel-sub] materialize=0.503s moe=10.662s precommit=54.716s rest=1.030s
[metal-cache] calls=23687 zero_copy_wraps=513 copies=0 cache_entries=187 bindless=true
:
[stats] generated=148 elapsed=245.807s speed=0.6021 token/s (1.661 s/token) chunks=147 committed_rows=218 verify_tx=4 drafts=2/14 layer_passes=13671 expert_rows=20056 expert_tiles=14386
[verify-width] w1=0 w2=3 w3=0 w4=0 w5=0 w6=0 w7=0 w8+=1              (w1 share 0.0% of 4 transactions)
[opens] expert file opens=805889 total=8.797s mean=0.011ms requested_bytes=6568408448192 (6568.4 GB)
[split-eta] chunks served hot=129356 dir_c=71361 dir_b=162418 primary=316626
[arrival] tiles=1333 waves=2443 uncovered_wait=40.393s dispatch=10.469s
[retain] enabled=false cap_gb=8 layers=63..=92 consults=0 wanted=0 hits=0 inserts=0 served=0.0MB
[summer] enabled=false cap_gb=8 sample=16 consults=0 wanted=0 hits=0 hit_rate=0.0% misses=0 inserts=0 evictions=0 recycled=0 allocs=0 pin_skips=0 gated=0 ramp=2..50 bar=0 suppressed=0 wide_skips=0 served=0.0MB copied=0.0MB ssd_avoided=0.0GB live=0/0.0GB model=0 protected=0 declined=0 topup_suppressed=0 aged=0 into=0/0/0 pending=0
[mirror-split] internal=0 K3C=0 K3B=0 K3A=0  shares=0%/0%/0%/0%
[phases] mono=417983.298852 chunks=147 sequence=235.724s read_wait=0.170s bind_upload=1.646s attention_resident=16.501s expert_read_prefetch=111.729s expert_demand_read=67.653s expert_plan=10.866s expert_hint=0.001s expert_submit=0.001s expert_kernel=103.021s source_fence=0.001s tail_head_sync=2.353s layer_other=0.251s expert_read_gross=100.862s plan_hint=10.638s plan_sched=0.225s attn_total=18.476s attn_encode=5.873s attn_wait=9.873s attn_drain=2.730s kernel_total=67.265s kernel_host=2.378s kernel_wait=9.296s kernel_drain=55.590s
[attn-split] single: calls=13392 total=12.197s encode=4.586s wait=4.882s drain=2.730s waits=23184 untimed=4513 | wide: calls=558 total=6.278s encode=1.287s wait=4.991s drain=0.000s waits=552 untimed=552 | hint: calls=13800 total=10.830s encode=0.033s wait=10.797s drain=0.000s waits=13884 untimed=13884
[kernel-split] single: calls=14155 total=56.876s encode=1.376s wait=0.698s drain=54.802s waits=15049 untimed=11892 | wide: calls=1617 total=10.388s encode=1.003s wait=8.598s drain=0.788s waits=1617 untimed=0
[kernel-sub] materialize=0.503s moe=10.671s precommit=55.056s rest=1.035s
[metal-cache] calls=23785 zero_copy_wraps=513 copies=0 cache_entries=187 bindless=true
  

[stats] generated=149 elapsed=247.106s speed=0.6030 token/s (1.658 s/token) chunks=148 committed_rows=219 verify_tx=4 drafts=2/14 layer_passes=13764 expert_rows=20148 expert_tiles=14478
[verify-width] w1=0 w2=3 w3=0 w4=0 w5=0 w6=0 w7=0 w8+=1              (w1 share 0.0% of 4 transactions)
[opens] expert file opens=811299 total=8.853s mean=0.011ms requested_bytes=6604792741056 (6604.8 GB)
[split-eta] chunks served hot=130142 dir_c=71799 dir_b=163416 primary=318551
[arrival] tiles=1334 waves=2449 uncovered_wait=40.403s dispatch=10.477s
[retain] enabled=false cap_gb=8 layers=63..=92 consults=0 wanted=0 hits=0 inserts=0 served=0.0MB
[summer] enabled=false cap_gb=8 sample=16 consults=0 wanted=0 hits=0 hit_rate=0.0% misses=0 inserts=0 evictions=0 recycled=0 allocs=0 pin_skips=0 gated=0 ramp=2..50 bar=0 suppressed=0 wide_skips=0 served=0.0MB copied=0.0MB ssd_avoided=0.0GB live=0/0.0GB model=0 protected=0 declined=0 topup_suppressed=0 aged=0 into=0/0/0 pending=0
[mirror-split] internal=0 K3C=0 K3B=0 K3A=0  shares=0%/0%/0%/0%
[phases] mono=417984.598215 chunks=148 sequence=237.022s read_wait=0.170s bind_upload=1.646s attention_resident=16.584s expert_read_prefetch=112.487s expert_demand_read=68.102s expert_plan=10.953s expert_hint=0.001s expert_submit=0.001s expert_kernel=103.461s source_fence=0.001s tail_head_sync=2.369s layer_other=0.252s expert_read_gross=101.533s plan_hint=10.723s plan_sched=0.227s attn_total=18.558s attn_encode=5.897s attn_wait=9.922s attn_drain=2.739s kernel_total=67.694s kernel_host=2.387s kernel_wait=9.301s kernel_drain=56.005s
[attn-split] single: calls=13485 total=12.280s encode=4.611s wait=4.930s drain=2.739s waits=23345 untimed=4549 | wide: calls=558 total=6.278s encode=1.287s wait=4.991s drain=0.000s waits=552 untimed=552 | hint: calls=13892 total=10.915s encode=0.033s wait=10.882s drain=0.000s waits=13975 untimed=13975
[kernel-split] single: calls=14252 total=57.305s encode=1.385s wait=0.704s drain=55.217s waits=15152 untimed=11981 | wide: calls=1617 total=10.388s encode=1.003s wait=8.598s drain=0.788s waits=1617 untimed=0
[kernel-sub] materialize=0.503s moe=10.679s precommit=55.473s rest=1.039s
[metal-cache] calls=23882 zero_copy_wraps=513 copies=0 cache_entries=187 bindless=true
Net
[stats] generated=150 elapsed=248.406s speed=0.6038 token/s (1.656 s/token) chunks=149 committed_rows=220 verify_tx=4 drafts=2/14 layer_passes=13857 expert_rows=20240 expert_tiles=14570
[verify-width] w1=0 w2=3 w3=0 w4=0 w5=0 w6=0 w7=0 w8+=1              (w1 share 0.0% of 4 transactions)
[opens] expert file opens=816658 total=8.911s mean=0.011ms requested_bytes=6641378835648 (6641.4 GB)
[split-eta] chunks served hot=130967 dir_c=72226 dir_b=164411 primary=320474
[arrival] tiles=1335 waves=2454 uncovered_wait=40.413s dispatch=10.484s
[retain] enabled=false cap_gb=8 layers=63..=92 consults=0 wanted=0 hits=0 inserts=0 served=0.0MB
[summer] enabled=false cap_gb=8 sample=16 consults=0 wanted=0 hits=0 hit_rate=0.0% misses=0 inserts=0 evictions=0 recycled=0 allocs=0 pin_skips=0 gated=0 ramp=2..50 bar=0 suppressed=0 wide_skips=0 served=0.0MB copied=0.0MB ssd_avoided=0.0GB live=0/0.0GB model=0 protected=0 declined=0 topup_suppressed=0 aged=0 into=0/0/0 pending=0
[mirror-split] internal=0 K3C=0 K3B=0 K3A=0  shares=0%/0%/0%/0%
[phases] mono=417985.898084 chunks=149 sequence=238.320s read_wait=0.170s bind_upload=1.646s attention_resident=16.689s expert_read_prefetch=113.259s expert_demand_read=68.569s expert_plan=11.022s expert_hint=0.001s expert_submit=0.001s expert_kernel=103.863s source_fence=0.001s tail_head_sync=2.387s layer_other=0.253s expert_read_gross=102.236s plan_hint=10.791s plan_sched=0.228s attn_total=18.663s attn_encode=5.944s attn_wait=9.948s attn_drain=2.772s kernel_total=68.085s kernel_host=2.395s kernel_wait=9.306s kernel_drain=56.384s
[attn-split] single: calls=13578 total=12.385s encode=4.657s wait=4.956s drain=2.772s waits=23506 untimed=4578 | wide: calls=558 total=6.278s encode=1.287s wait=4.991s drain=0.000s waits=552 untimed=552 | hint: calls=13984 total=10.984s encode=0.033s wait=10.950s drain=0.000s waits=14066 untimed=14066
[kernel-split] single: calls=14348 total=57.697s encode=1.393s wait=0.708s drain=55.596s waits=15253 untimed=12066 | wide: calls=1617 total=10.388s encode=1.003s wait=8.598s drain=0.788s waits=1617 untimed=0
[kernel-sub] materialize=0.503s moe=10.685s precommit=55.854s rest=1.043s
[metal-cache] calls=23978 zero_copy_wraps=513 copies=0 cache_entries=187 bindless=true
[route-chain] chained=9660
[route-chain] dedup_hits=9660
 Profit
[stats] generated=151 elapsed=249.682s speed=0.6048 token/s (1.654 s/token) chunks=150 committed_rows=221 verify_tx=4 drafts=2/14 layer_passes=13950 expert_rows=20332 expert_tiles=14662
[verify-width] w1=0 w2=3 w3=0 w4=0 w5=0 w6=0 w7=0 w8+=1              (w1 share 0.0% of 4 transactions)
[opens] expert file opens=821985 total=8.968s mean=0.011ms requested_bytes=6677263088832 (6677.3 GB)
[split-eta] chunks served hot=131751 dir_c=72643 dir_b=165394 primary=322380
[arrival] tiles=1336 waves=2460 uncovered_wait=40.424s dispatch=10.490s
[retain] enabled=false cap_gb=8 layers=63..=92 consults=0 wanted=0 hits=0 inserts=0 served=0.0MB
[summer] enabled=false cap_gb=8 sample=16 consults=0 wanted=0 hits=0 hit_rate=0.0% misses=0 inserts=0 evictions=0 recycled=0 allocs=0 pin_skips=0 gated=0 ramp=2..50 bar=0 suppressed=0 wide_skips=0 served=0.0MB copied=0.0MB ssd_avoided=0.0GB live=0/0.0GB model=0 protected=0 declined=0 topup_suppressed=0 aged=0 into=0/0/0 pending=0
[mirror-split] internal=0 K3C=0 K3B=0 K3A=0  shares=0%/0%/0%/0%
[phases] mono=417987.173630 chunks=150 sequence=239.595s read_wait=0.170s bind_upload=1.646s attention_resident=16.766s expert_read_prefetch=114.027s expert_demand_read=69.016s expert_plan=11.104s expert_hint=0.001s expert_submit=0.001s expert_kernel=104.275s source_fence=0.001s tail_head_sync=2.403s layer_other=0.255s expert_read_gross=102.922s plan_hint=10.872s plan_sched=0.229s attn_total=18.740s attn_encode=5.967s attn_wait=9.985s attn_drain=2.788s kernel_total=68.486s kernel_host=2.404s kernel_wait=9.309s kernel_drain=56.773s
[attn-split] single: calls=13671 total=12.461s encode=4.680s wait=4.993s drain=2.788s waits=23667 untimed=4618 | wide: calls=558 total=6.278s encode=1.287s wait=4.991s drain=0.000s waits=552 untimed=552 | hint: calls=14076 total=11.064s encode=0.034s wait=11.031s drain=0.000s waits=14157 untimed=14157
[kernel-split] single: calls=14445 total=58.098s encode=1.401s wait=0.712s drain=55.985s waits=15356 untimed=12152 | wide: calls=1617 total=10.388s encode=1.003s wait=8.598s drain=0.788s waits=1617 untimed=0
[kernel-sub] materialize=0.503s moe=10.692s precommit=56.245s rest=1.048s
[metal-cache] calls=24075 zero_copy_wraps=513 copies=0 cache_entries=187 bindless=true
 =
[stats] generated=152 elapsed=250.928s speed=0.6058 token/s (1.651 s/token) chunks=151 committed_rows=222 verify_tx=4 drafts=2/14 layer_passes=14043 expert_rows=20424 expert_tiles=14754
[verify-width] w1=0 w2=3 w3=0 w4=0 w5=0 w6=0 w7=0 w8+=1              (w1 share 0.0% of 4 transactions)
[opens] expert file opens=827289 total=9.023s mean=0.011ms requested_bytes=6712813878464 (6712.8 GB)
[split-eta] chunks served hot=132538 dir_c=73061 dir_b=166366 primary=324255
[arrival] tiles=1337 waves=2466 uncovered_wait=40.432s dispatch=10.499s
[retain] enabled=false cap_gb=8 layers=63..=92 consults=0 wanted=0 hits=0 inserts=0 served=0.0MB
[summer] enabled=false cap_gb=8 sample=16 consults=0 wanted=0 hits=0 hit_rate=0.0% misses=0 inserts=0 evictions=0 recycled=0 allocs=0 pin_skips=0 gated=0 ramp=2..50 bar=0 suppressed=0 wide_skips=0 served=0.0MB copied=0.0MB ssd_avoided=0.0GB live=0/0.0GB model=0 protected=0 declined=0 topup_suppressed=0 aged=0 into=0/0/0 pending=0
[mirror-split] internal=0 K3C=0 K3B=0 K3A=0  shares=0%/0%/0%/0%
[phases] mono=417988.420097 chunks=151 sequence=240.840s read_wait=0.170s bind_upload=1.646s attention_resident=16.848s expert_read_prefetch=114.737s expert_demand_read=69.455s expert_plan=11.176s expert_hint=0.001s expert_submit=0.001s expert_kernel=104.710s source_fence=0.001s tail_head_sync=2.420s layer_other=0.256s expert_read_gross=103.560s plan_hint=10.943s plan_sched=0.230s attn_total=18.822s attn_encode=5.993s attn_wait=10.020s attn_drain=2.809s kernel_total=68.913s kernel_host=2.413s kernel_wait=9.315s kernel_drain=57.185s
[attn-split] single: calls=13764 total=12.544s encode=4.706s wait=5.028s drain=2.809s waits=23828 untimed=4645 | wide: calls=558 total=6.278s encode=1.287s wait=4.991s drain=0.000s waits=552 untimed=552 | hint: calls=14168 total=11.135s encode=0.034s wait=11.101s drain=0.000s waits=14248 untimed=14248
[kernel-split] single: calls=14542 total=58.525s encode=1.410s wait=0.718s drain=56.397s waits=15459 untimed=12233 | wide: calls=1617 total=10.388s encode=1.003s wait=8.598s drain=0.788s waits=1617 untimed=0
[kernel-sub] materialize=0.503s moe=10.700s precommit=56.658s rest=1.052s
[metal-cache] calls=24172 zero_copy_wraps=513 copies=0 cache_entries=187 bindless=true
 Operating
[stats] generated=153 elapsed=252.209s speed=0.6066 token/s (1.648 s/token) chunks=152 committed_rows=223 verify_tx=4 drafts=2/14 layer_passes=14136 expert_rows=20516 expert_tiles=14846
[verify-width] w1=0 w2=3 w3=0 w4=0 w5=0 w6=0 w7=0 w8+=1              (w1 share 0.0% of 4 transactions)
[opens] expert file opens=832712 total=9.079s mean=0.011ms requested_bytes=6749084138688 (6749.1 GB)
[split-eta] chunks served hot=133335 dir_c=73476 dir_b=167365 primary=326178
[arrival] tiles=1338 waves=2472 uncovered_wait=40.440s dispatch=10.507s
[retain] enabled=false cap_gb=8 layers=63..=92 consults=0 wanted=0 hits=0 inserts=0 served=0.0MB
[summer] enabled=false cap_gb=8 sample=16 consults=0 wanted=0 hits=0 hit_rate=0.0% misses=0 inserts=0 evictions=0 recycled=0 allocs=0 pin_skips=0 gated=0 ramp=2..50 bar=0 suppressed=0 wide_skips=0 served=0.0MB copied=0.0MB ssd_avoided=0.0GB live=0/0.0GB model=0 protected=0 declined=0 topup_suppressed=0 aged=0 into=0/0/0 pending=0
[mirror-split] internal=0 K3C=0 K3B=0 K3A=0  shares=0%/0%/0%/0%
[phases] mono=417989.700605 chunks=152 sequence=242.119s read_wait=0.170s bind_upload=1.646s attention_resident=16.924s expert_read_prefetch=115.557s expert_demand_read=69.950s expert_plan=11.255s expert_hint=0.001s expert_submit=0.001s expert_kernel=105.075s source_fence=0.001s tail_head_sync=2.436s layer_other=0.257s expert_read_gross=104.301s plan_hint=11.021s plan_sched=0.231s attn_total=18.897s attn_encode=6.017s attn_wait=10.050s attn_drain=2.829s kernel_total=69.270s kernel_host=2.422s kernel_wait=9.320s kernel_drain=57.528s
[attn-split] single: calls=13857 total=12.619s encode=4.730s wait=5.059s drain=2.829s waits=23989 untimed=4680 | wide: calls=558 total=6.278s encode=1.287s wait=4.991s drain=0.000s waits=552 untimed=552 | hint: calls=14260 total=11.213s encode=0.034s wait=11.179s drain=0.000s waits=14339 untimed=14339
[kernel-split] single: calls=14639 total=58.882s encode=1.419s wait=0.722s drain=56.740s waits=15562 untimed=12318 | wide: calls=1617 total=10.388s encode=1.003s wait=8.598s drain=0.788s waits=1617 untimed=0
[kernel-sub] materialize=0.503s moe=10.708s precommit=57.003s rest=1.056s
[metal-cache] calls=24269 zero_copy_wraps=513 copies=0 cache_entries=187 bindless=true
 Profit
[stats] generated=154 elapsed=253.469s speed=0.6076 token/s (1.646 s/token) chunks=153 committed_rows=224 verify_tx=4 drafts=2/14 layer_passes=14229 expert_rows=20608 expert_tiles=14938
[verify-width] w1=0 w2=3 w3=0 w4=0 w5=0 w6=0 w7=0 w8+=1              (w1 share 0.0% of 4 transactions)
[opens] expert file opens=837955 total=9.135s mean=0.011ms requested_bytes=6784520961216 (6784.5 GB)
[split-eta] chunks served hot=134114 dir_c=73876 dir_b=168341 primary=328062
[arrival] tiles=1339 waves=2478 uncovered_wait=40.450s dispatch=10.513s
[retain] enabled=false cap_gb=8 layers=63..=92 consults=0 wanted=0 hits=0 inserts=0 served=0.0MB
[summer] enabled=false cap_gb=8 sample=16 consults=0 wanted=0 hits=0 hit_rate=0.0% misses=0 inserts=0 evictions=0 recycled=0 allocs=0 pin_skips=0 gated=0 ramp=2..50 bar=0 suppressed=0 wide_skips=0 served=0.0MB copied=0.0MB ssd_avoided=0.0GB live=0/0.0GB model=0 protected=0 declined=0 topup_suppressed=0 aged=0 into=0/0/0 pending=0
[mirror-split] internal=0 K3C=0 K3B=0 K3A=0  shares=0%/0%/0%/0%
[phases] mono=417990.961239 chunks=153 sequence=243.379s read_wait=0.170s bind_upload=1.646s attention_resident=17.014s expert_read_prefetch=116.317s expert_demand_read=70.442s expert_plan=11.324s expert_hint=0.001s expert_submit=0.001s expert_kernel=105.466s source_fence=0.001s tail_head_sync=2.453s layer_other=0.259s expert_read_gross=104.992s plan_hint=11.088s plan_sched=0.232s attn_total=18.988s attn_encode=6.057s attn_wait=10.088s attn_drain=2.843s kernel_total=69.651s kernel_host=2.430s kernel_wait=9.323s kernel_drain=57.897s
[attn-split] single: calls=13950 total=12.709s encode=4.770s wait=5.096s drain=2.843s waits=24150 untimed=4717 | wide: calls=558 total=6.278s encode=1.287s wait=4.991s drain=0.000s waits=552 untimed=552 | hint: calls=14352 total=11.281s encode=0.034s wait=11.247s drain=0.000s waits=14430 untimed=14430
[kernel-split] single: calls=14736 total=59.262s encode=1.427s wait=0.726s drain=57.109s waits=15665 untimed=12405 | wide: calls=1617 total=10.388s encode=1.003s wait=8.598s drain=0.788s waits=1617 untimed=0
[kernel-sub] materialize=0.503s moe=10.714s precommit=57.374s rest=1.060s
[metal-cache] calls=24366 zero_copy_wraps=513 copies=0 cache_entries=187 bindless=true
 −
[stats] generated=155 elapsed=254.747s speed=0.6084 token/s (1.644 s/token) chunks=154 committed_rows=225 verify_tx=4 drafts=2/14 layer_passes=14322 expert_rows=20700 expert_tiles=15030
[verify-width] w1=0 w2=3 w3=0 w4=0 w5=0 w6=0 w7=0 w8+=1              (w1 share 0.0% of 4 transactions)
[opens] expert file opens=843340 total=9.193s mean=0.011ms requested_bytes=6820624514240 (6820.6 GB)
[split-eta] chunks served hot=134921 dir_c=74280 dir_b=169333 primary=329974
[arrival] tiles=1340 waves=2484 uncovered_wait=40.459s dispatch=10.519s
[retain] enabled=false cap_gb=8 layers=63..=92 consults=0 wanted=0 hits=0 inserts=0 served=0.0MB
[summer] enabled=false cap_gb=8 sample=16 consults=0 wanted=0 hits=0 hit_rate=0.0% misses=0 inserts=0 evictions=0 recycled=0 allocs=0 pin_skips=0 gated=0 ramp=2..50 bar=0 suppressed=0 wide_skips=0 served=0.0MB copied=0.0MB ssd_avoided=0.0GB live=0/0.0GB model=0 protected=0 declined=0 topup_suppressed=0 aged=0 into=0/0/0 pending=0
[mirror-split] internal=0 K3C=0 K3B=0 K3A=0  shares=0%/0%/0%/0%
[phases] mono=417992.239086 chunks=154 sequence=244.655s read_wait=0.170s bind_upload=1.646s attention_resident=17.084s expert_read_prefetch=117.098s expert_demand_read=70.939s expert_plan=11.391s expert_hint=0.001s expert_submit=0.001s expert_kernel=105.874s source_fence=0.001s tail_head_sync=2.469s layer_other=0.260s expert_read_gross=105.707s plan_hint=11.154s plan_sched=0.233s attn_total=19.057s attn_encode=6.077s attn_wait=10.121s attn_drain=2.859s kernel_total=70.050s kernel_host=2.438s kernel_wait=9.328s kernel_drain=58.284s
[attn-split] single: calls=14043 total=12.779s encode=4.790s wait=5.130s drain=2.859s waits=24311 untimed=4756 | wide: calls=558 total=6.278s encode=1.287s wait=4.991s drain=0.000s waits=552 untimed=552 | hint: calls=14444 total=11.346s encode=0.034s wait=11.312s drain=0.000s waits=14521 untimed=14521
[kernel-split] single: calls=14833 total=59.661s encode=1.436s wait=0.730s drain=57.496s waits=15768 untimed=12488 | wide: calls=1617 total=10.388s encode=1.003s wait=8.598s drain=0.788s waits=1617 untimed=0
[kernel-sub] materialize=0.503s moe=10.720s precommit=57.762s rest=1.064s
[metal-cache] calls=24463 zero_copy_wraps=513 copies=0 cache_entries=187 bindless=true
 Tax
[stats] generated=156 elapsed=256.015s speed=0.6093 token/s (1.641 s/token) chunks=155 committed_rows=226 verify_tx=4 drafts=2/14 layer_passes=14415 expert_rows=20792 expert_tiles=15122
[verify-width] w1=0 w2=3 w3=0 w4=0 w5=0 w6=0 w7=0 w8+=1              (w1 share 0.0% of 4 transactions)
[opens] expert file opens=848590 total=9.249s mean=0.011ms requested_bytes=6855929642176 (6855.9 GB)
[split-eta] chunks served hot=135694 dir_c=74686 dir_b=170312 primary=331840
[arrival] tiles=1341 waves=2489 uncovered_wait=40.468s dispatch=10.527s
[retain] enabled=false cap_gb=8 layers=63..=92 consults=0 wanted=0 hits=0 inserts=0 served=0.0MB
[summer] enabled=false cap_gb=8 sample=16 consults=0 wanted=0 hits=0 hit_rate=0.0% misses=0 inserts=0 evictions=0 recycled=0 allocs=0 pin_skips=0 gated=0 ramp=2..50 bar=0 suppressed=0 wide_skips=0 served=0.0MB copied=0.0MB ssd_avoided=0.0GB live=0/0.0GB model=0 protected=0 declined=0 topup_suppressed=0 aged=0 into=0/0/0 pending=0
[mirror-split] internal=0 K3C=0 K3B=0 K3A=0  shares=0%/0%/0%/0%
[phases] mono=417993.507094 chunks=155 sequence=245.922s read_wait=0.170s bind_upload=1.646s attention_resident=17.171s expert_read_prefetch=117.824s expert_demand_read=71.369s expert_plan=11.460s expert_hint=0.001s expert_submit=0.001s expert_kernel=106.309s source_fence=0.001s tail_head_sync=2.486s layer_other=0.261s expert_read_gross=106.363s plan_hint=11.223s plan_sched=0.234s attn_total=19.144s attn_encode=6.102s attn_wait=10.158s attn_drain=2.883s kernel_total=70.476s kernel_host=2.448s kernel_wait=9.332s kernel_drain=58.696s
[attn-split] single: calls=14136 total=12.866s encode=4.815s wait=5.167s drain=2.883s waits=24472 untimed=4779 | wide: calls=558 total=6.278s encode=1.287s wait=4.991s drain=0.000s waits=552 untimed=552 | hint: calls=14536 total=11.415s encode=0.035s wait=11.380s drain=0.000s waits=14612 untimed=14612
[kernel-split] single: calls=14929 total=60.087s encode=1.445s wait=0.735s drain=57.908s waits=15869 untimed=12569 | wide: calls=1617 total=10.388s encode=1.003s wait=8.598s drain=0.788s waits=1617 untimed=0
[kernel-sub] materialize=0.503s moe=10.728s precommit=58.176s rest=1.069s
[metal-cache] calls=24559 zero_copy_wraps=513 copies=0 cache_entries=187 bindless=true
  

[stats] generated=157 elapsed=257.302s speed=0.6102 token/s (1.639 s/token) chunks=156 committed_rows=227 verify_tx=4 drafts=2/14 layer_passes=14508 expert_rows=20884 expert_tiles=15214
[verify-width] w1=0 w2=3 w3=0 w4=0 w5=0 w6=0 w7=0 w8+=1              (w1 share 0.0% of 4 transactions)
[opens] expert file opens=854080 total=9.307s mean=0.011ms requested_bytes=6892463078592 (6892.5 GB)
[split-eta] chunks served hot=136476 dir_c=75122 dir_b=171316 primary=333782
[arrival] tiles=1342 waves=2497 uncovered_wait=40.479s dispatch=10.535s
[retain] enabled=false cap_gb=8 layers=63..=92 consults=0 wanted=0 hits=0 inserts=0 served=0.0MB
[summer] enabled=false cap_gb=8 sample=16 consults=0 wanted=0 hits=0 hit_rate=0.0% misses=0 inserts=0 evictions=0 recycled=0 allocs=0 pin_skips=0 gated=0 ramp=2..50 bar=0 suppressed=0 wide_skips=0 served=0.0MB copied=0.0MB ssd_avoided=0.0GB live=0/0.0GB model=0 protected=0 declined=0 topup_suppressed=0 aged=0 into=0/0/0 pending=0
[mirror-split] internal=0 K3C=0 K3B=0 K3A=0  shares=0%/0%/0%/0%
[phases] mono=417994.794245 chunks=156 sequence=247.209s read_wait=0.170s bind_upload=1.646s attention_resident=17.248s expert_read_prefetch=118.597s expert_demand_read=71.850s expert_plan=11.547s expert_hint=0.001s expert_submit=0.001s expert_kernel=106.730s source_fence=0.001s tail_head_sync=2.501s layer_other=0.263s expert_read_gross=107.050s plan_hint=11.308s plan_sched=0.235s attn_total=19.220s attn_encode=6.128s attn_wait=10.197s attn_drain=2.896s kernel_total=70.885s kernel_host=2.456s kernel_wait=9.337s kernel_drain=59.091s
[attn-split] single: calls=14229 total=12.942s encode=4.841s wait=5.205s drain=2.896s waits=24633 untimed=4809 | wide: calls=558 total=6.278s encode=1.287s wait=4.991s drain=0.000s waits=552 untimed=552 | hint: calls=14628 total=11.500s encode=0.035s wait=11.465s drain=0.000s waits=14703 untimed=14703
[kernel-split] single: calls=15028 total=60.497s encode=1.454s wait=0.740s drain=58.303s waits=15976 untimed=12651 | wide: calls=1617 total=10.388s encode=1.003s wait=8.598s drain=0.788s waits=1617 untimed=0
[kernel-sub] materialize=0.503s moe=10.736s precommit=58.573s rest=1.074s
[metal-cache] calls=24658 zero_copy_wraps=513 copies=0 cache_entries=187 bindless=true
Net
[stats] generated=158 elapsed=258.608s speed=0.6110 token/s (1.637 s/token) chunks=157 committed_rows=228 verify_tx=4 drafts=2/14 layer_passes=14601 expert_rows=20976 expert_tiles=15306
[verify-width] w1=0 w2=3 w3=0 w4=0 w5=0 w6=0 w7=0 w8+=1              (w1 share 0.0% of 4 transactions)
[opens] expert file opens=859400 total=9.365s mean=0.011ms requested_bytes=6929487838400 (6929.5 GB)
[split-eta] chunks served hot=137292 dir_c=75582 dir_b=172316 primary=335726
[arrival] tiles=1343 waves=2502 uncovered_wait=40.488s dispatch=10.543s
[retain] enabled=false cap_gb=8 layers=63..=92 consults=0 wanted=0 hits=0 inserts=0 served=0.0MB
[summer] enabled=false cap_gb=8 sample=16 consults=0 wanted=0 hits=0 hit_rate=0.0% misses=0 inserts=0 evictions=0 recycled=0 allocs=0 pin_skips=0 gated=0 ramp=2..50 bar=0 suppressed=0 wide_skips=0 served=0.0MB copied=0.0MB ssd_avoided=0.0GB live=0/0.0GB model=0 protected=0 declined=0 topup_suppressed=0 aged=0 into=0/0/0 pending=0
[mirror-split] internal=0 K3C=0 K3B=0 K3A=0  shares=0%/0%/0%/0%
[phases] mono=417996.099897 chunks=157 sequence=248.513s read_wait=0.170s bind_upload=1.646s attention_resident=17.345s expert_read_prefetch=119.350s expert_demand_read=72.321s expert_plan=11.629s expert_hint=0.001s expert_submit=0.001s expert_kernel=107.165s source_fence=0.001s tail_head_sync=2.518s layer_other=0.264s expert_read_gross=107.721s plan_hint=11.389s plan_sched=0.237s attn_total=19.317s attn_encode=6.170s attn_wait=10.229s attn_drain=2.919s kernel_total=71.312s kernel_host=2.465s kernel_wait=9.342s kernel_drain=59.504s
[attn-split] single: calls=14322 total=13.039s encode=4.883s wait=5.237s drain=2.919s waits=24794 untimed=4838 | wide: calls=558 total=6.278s encode=1.287s wait=4.991s drain=0.000s waits=552 untimed=552 | hint: calls=14720 total=11.581s encode=0.035s wait=11.546s drain=0.000s waits=14794 untimed=14794
[kernel-split] single: calls=15124 total=60.923s encode=1.462s wait=0.745s drain=58.716s waits=16077 untimed=12728 | wide: calls=1617 total=10.388s encode=1.003s wait=8.598s drain=0.788s waits=1617 untimed=0
[kernel-sub] materialize=0.503s moe=10.743s precommit=58.988s rest=1.078s
[metal-cache] calls=24754 zero_copy_wraps=513 copies=0 cache_entries=187 bindless=true
 Profit
[stats] generated=159 elapsed=259.909s speed=0.6118 token/s (1.635 s/token) chunks=158 committed_rows=229 verify_tx=4 drafts=2/14 layer_passes=14694 expert_rows=21068 expert_tiles=15398
[verify-width] w1=0 w2=3 w3=0 w4=0 w5=0 w6=0 w7=0 w8+=1              (w1 share 0.0% of 4 transactions)
[opens] expert file opens=864891 total=9.423s mean=0.011ms requested_bytes=6966556507328 (6966.6 GB)
[split-eta] chunks served hot=138122 dir_c=76005 dir_b=173327 primary=337687
[arrival] tiles=1344 waves=2509 uncovered_wait=40.500s dispatch=10.550s
[retain] enabled=false cap_gb=8 layers=63..=92 consults=0 wanted=0 hits=0 inserts=0 served=0.0MB
[summer] enabled=false cap_gb=8 sample=16 consults=0 wanted=0 hits=0 hit_rate=0.0% misses=0 inserts=0 evictions=0 recycled=0 allocs=0 pin_skips=0 gated=0 ramp=2..50 bar=0 suppressed=0 wide_skips=0 served=0.0MB copied=0.0MB ssd_avoided=0.0GB live=0/0.0GB model=0 protected=0 declined=0 topup_suppressed=0 aged=0 into=0/0/0 pending=0
[mirror-split] internal=0 K3C=0 K3B=0 K3A=0  shares=0%/0%/0%/0%
[phases] mono=417997.400539 chunks=158 sequence=249.812s read_wait=0.170s bind_upload=1.646s attention_resident=17.414s expert_read_prefetch=120.167s expert_demand_read=72.830s expert_plan=11.695s expert_hint=0.001s expert_submit=0.001s expert_kernel=107.564s source_fence=0.001s tail_head_sync=2.531s layer_other=0.266s expert_read_gross=108.471s plan_hint=11.454s plan_sched=0.238s attn_total=19.387s attn_encode=6.193s attn_wait=10.267s attn_drain=2.927s kernel_total=71.698s kernel_host=2.474s kernel_wait=9.346s kernel_drain=59.878s
[attn-split] single: calls=14415 total=13.108s encode=4.906s wait=5.275s drain=2.927s waits=24955 untimed=4873 | wide: calls=558 total=6.278s encode=1.287s wait=4.991s drain=0.000s waits=552 untimed=552 | hint: calls=14812 total=11.646s encode=0.035s wait=11.611s drain=0.000s waits=14885 untimed=14885
[kernel-split] single: calls=15222 total=61.309s encode=1.471s wait=0.749s drain=59.090s waits=16182 untimed=12815 | wide: calls=1617 total=10.388s encode=1.003s wait=8.598s drain=0.788s waits=1617 untimed=0
[kernel-sub] materialize=0.503s moe=10.750s precommit=59.363s rest=1.082s
[metal-cache] calls=24852 zero_copy_wraps=513 copies=0 cache_entries=187 bindless=true
 =
[stats] generated=160 elapsed=261.216s speed=0.6125 token/s (1.633 s/token) chunks=159 committed_rows=230 verify_tx=4 drafts=2/14 layer_passes=14787 expert_rows=21160 expert_tiles=15490
[verify-width] w1=0 w2=3 w3=0 w4=0 w5=0 w6=0 w7=0 w8+=1              (w1 share 0.0% of 4 transactions)
[opens] expert file opens=870359 total=9.484s mean=0.011ms requested_bytes=7003484814528 (7003.5 GB)
[split-eta] chunks served hot=138942 dir_c=76439 dir_b=174337 primary=339632
[arrival] tiles=1345 waves=2516 uncovered_wait=40.510s dispatch=10.557s
[retain] enabled=false cap_gb=8 layers=63..=92 consults=0 wanted=0 hits=0 inserts=0 served=0.0MB
[summer] enabled=false cap_gb=8 sample=16 consults=0 wanted=0 hits=0 hit_rate=0.0% misses=0 inserts=0 evictions=0 recycled=0 allocs=0 pin_skips=0 gated=0 ramp=2..50 bar=0 suppressed=0 wide_skips=0 served=0.0MB copied=0.0MB ssd_avoided=0.0GB live=0/0.0GB model=0 protected=0 declined=0 topup_suppressed=0 aged=0 into=0/0/0 pending=0
[mirror-split] internal=0 K3C=0 K3B=0 K3A=0  shares=0%/0%/0%/0%
[phases] mono=417998.707415 chunks=159 sequence=251.118s read_wait=0.170s bind_upload=1.646s attention_resident=17.505s expert_read_prefetch=120.952s expert_demand_read=73.308s expert_plan=11.772s expert_hint=0.001s expert_submit=0.001s expert_kernel=107.975s source_fence=0.001s tail_head_sync=2.548s layer_other=0.267s expert_read_gross=109.180s plan_hint=11.529s plan_sched=0.239s attn_total=19.477s attn_encode=6.219s attn_wait=10.301s attn_drain=2.956s kernel_total=72.099s kernel_host=2.484s kernel_wait=9.350s kernel_drain=60.264s
[attn-split] single: calls=14508 total=13.198s encode=4.933s wait=5.310s drain=2.956s waits=25116 untimed=4899 | wide: calls=558 total=6.278s encode=1.287s wait=4.991s drain=0.000s waits=552 untimed=552 | hint: calls=14904 total=11.721s encode=0.035s wait=11.686s drain=0.000s waits=14976 untimed=14976
[kernel-split] single: calls=15320 total=61.710s encode=1.481s wait=0.753s drain=59.476s waits=16287 untimed=12897 | wide: calls=1617 total=10.388s encode=1.003s wait=8.598s drain=0.788s waits=1617 untimed=0
[kernel-sub] materialize=0.503s moe=10.757s precommit=59.752s rest=1.087s
[metal-cache] calls=24950 zero_copy_wraps=513 copies=0 cache_entries=187 bindless=true
[route-chain] chained=10350
[route-chain] dedup_hits=10350
 
[stats] generated=161 elapsed=262.498s speed=0.6133 token/s (1.630 s/token) chunks=160 committed_rows=231 verify_tx=4 drafts=2/14 layer_passes=14880 expert_rows=21252 expert_tiles=15582
[verify-width] w1=0 w2=3 w3=0 w4=0 w5=0 w6=0 w7=0 w8+=1              (w1 share 0.0% of 4 transactions)
[opens] expert file opens=875820 total=9.541s mean=0.011ms requested_bytes=7040053394624 (7040.1 GB)
[split-eta] chunks served hot=139747 dir_c=76880 dir_b=175335 primary=341556
[arrival] tiles=1346 waves=2522 uncovered_wait=40.519s dispatch=10.564s
[retain] enabled=false cap_gb=8 layers=63..=92 consults=0 wanted=0 hits=0 inserts=0 served=0.0MB
[summer] enabled=false cap_gb=8 sample=16 consults=0 wanted=0 hits=0 hit_rate=0.0% misses=0 inserts=0 evictions=0 recycled=0 allocs=0 pin_skips=0 gated=0 ramp=2..50 bar=0 suppressed=0 wide_skips=0 served=0.0MB copied=0.0MB ssd_avoided=0.0GB live=0/0.0GB model=0 protected=0 declined=0 topup_suppressed=0 aged=0 into=0/0/0 pending=0
[mirror-split] internal=0 K3C=0 K3B=0 K3A=0  shares=0%/0%/0%/0%
[phases] mono=417999.990022 chunks=160 sequence=252.399s read_wait=0.170s bind_upload=1.646s attention_resident=17.578s expert_read_prefetch=121.742s expert_demand_read=73.788s expert_plan=11.850s expert_hint=0.001s expert_submit=0.001s expert_kernel=108.374s source_fence=0.001s tail_head_sync=2.565s layer_other=0.268s expert_read_gross=109.892s plan_hint=11.606s plan_sched=0.240s attn_total=19.551s attn_encode=6.242s attn_wait=10.341s attn_drain=2.968s kernel_total=72.488s kernel_host=2.493s kernel_wait=9.354s kernel_drain=60.641s
[attn-split] single: calls=14601 total=13.272s encode=4.955s wait=5.349s drain=2.968s waits=25277 untimed=4929 | wide: calls=558 total=6.278s encode=1.287s wait=4.991s drain=0.000s waits=552 untimed=552 | hint: calls=14996 total=11.798s encode=0.036s wait=11.762s drain=0.000s waits=15067 untimed=15067
[kernel-split] single: calls=15417 total=62.100s encode=1.490s wait=0.757s drain=59.853s waits=16390 untimed=12980 | wide: calls=1617 total=10.388s encode=1.003s wait=8.598s drain=0.788s waits=1617 untimed=0
[kernel-sub] materialize=0.503s moe=10.765s precommit=60.130s rest=1.091s
[metal-cache] calls=25047 zero_copy_wraps=513 copies=0 cache_entries=187 bindless=true
640
[stats] generated=162 elapsed=263.788s speed=0.6141 token/s (1.628 s/token) chunks=161 committed_rows=232 verify_tx=4 drafts=2/14 layer_passes=14973 expert_rows=21344 expert_tiles=15674
[verify-width] w1=0 w2=3 w3=0 w4=0 w5=0 w6=0 w7=0 w8+=1              (w1 share 0.0% of 4 transactions)
[opens] expert file opens=881248 total=9.599s mean=0.011ms requested_bytes=7076630723776 (7076.6 GB)
[split-eta] chunks served hot=140538 dir_c=77315 dir_b=176338 primary=343496
[arrival] tiles=1347 waves=2529 uncovered_wait=40.527s dispatch=10.572s
[retain] enabled=false cap_gb=8 layers=63..=92 consults=0 wanted=0 hits=0 inserts=0 served=0.0MB
[summer] enabled=false cap_gb=8 sample=16 consults=0 wanted=0 hits=0 hit_rate=0.0% misses=0 inserts=0 evictions=0 recycled=0 allocs=0 pin_skips=0 gated=0 ramp=2..50 bar=0 suppressed=0 wide_skips=0 served=0.0MB copied=0.0MB ssd_avoided=0.0GB live=0/0.0GB model=0 protected=0 declined=0 topup_suppressed=0 aged=0 into=0/0/0 pending=0
[mirror-split] internal=0 K3C=0 K3B=0 K3A=0  shares=0%/0%/0%/0%
[phases] mono=418001.279623 chunks=161 sequence=253.687s read_wait=0.170s bind_upload=1.646s attention_resident=17.671s expert_read_prefetch=122.507s expert_demand_read=74.272s expert_plan=11.916s expert_hint=0.001s expert_submit=0.001s expert_kernel=108.788s source_fence=0.001s tail_head_sync=2.581s layer_other=0.269s expert_read_gross=110.590s plan_hint=11.671s plan_sched=0.241s attn_total=19.643s attn_encode=6.285s attn_wait=10.371s attn_drain=2.987s kernel_total=72.894s kernel_host=2.501s kernel_wait=9.359s kernel_drain=61.034s
[attn-split] single: calls=14694 total=13.364s encode=4.998s wait=5.380s drain=2.987s waits=25438 untimed=4964 | wide: calls=558 total=6.278s encode=1.287s wait=4.991s drain=0.000s waits=552 untimed=552 | hint: calls=15088 total=11.863s encode=0.036s wait=11.827s drain=0.000s waits=15158 untimed=15158
[kernel-split] single: calls=15515 total=62.506s encode=1.499s wait=0.761s drain=60.246s waits=16495 untimed=13068 | wide: calls=1617 total=10.388s encode=1.003s wait=8.598s drain=0.788s waits=1617 untimed=0
[kernel-sub] materialize=0.503s moe=10.772s precommit=60.524s rest=1.095s
[metal-cache] calls=25145 zero_copy_wraps=513 copies=0 cache_entries=187 bindless=true
,
[stats] generated=163 elapsed=265.113s speed=0.6148 token/s (1.626 s/token) chunks=162 committed_rows=233 verify_tx=4 drafts=2/14 layer_passes=15066 expert_rows=21436 expert_tiles=15766
[verify-width] w1=0 w2=3 w3=0 w4=0 w5=0 w6=0 w7=0 w8+=1              (w1 share 0.0% of 4 transactions)
[opens] expert file opens=886738 total=9.657s mean=0.011ms requested_bytes=7114331061440 (7114.3 GB)
[split-eta] chunks served hot=141385 dir_c=77786 dir_b=177356 primary=345457
[arrival] tiles=1348 waves=2534 uncovered_wait=40.536s dispatch=10.580s
[retain] enabled=false cap_gb=8 layers=63..=92 consults=0 wanted=0 hits=0 inserts=0 served=0.0MB
[summer] enabled=false cap_gb=8 sample=16 consults=0 wanted=0 hits=0 hit_rate=0.0% misses=0 inserts=0 evictions=0 recycled=0 allocs=0 pin_skips=0 gated=0 ramp=2..50 bar=0 suppressed=0 wide_skips=0 served=0.0MB copied=0.0MB ssd_avoided=0.0GB live=0/0.0GB model=0 protected=0 declined=0 topup_suppressed=0 aged=0 into=0/0/0 pending=0
[mirror-split] internal=0 K3C=0 K3B=0 K3A=0  shares=0%/0%/0%/0%
[phases] mono=418002.604787 chunks=162 sequence=255.011s read_wait=0.170s bind_upload=1.646s attention_resident=17.749s expert_read_prefetch=123.298s expert_demand_read=74.752s expert_plan=11.993s expert_hint=0.001s expert_submit=0.001s expert_kernel=109.224s source_fence=0.001s tail_head_sync=2.598s layer_other=0.271s expert_read_gross=111.304s plan_hint=11.748s plan_sched=0.242s attn_total=19.721s attn_encode=6.311s attn_wait=10.408s attn_drain=3.003s kernel_total=73.321s kernel_host=2.510s kernel_wait=9.363s kernel_drain=61.448s
[attn-split] single: calls=14787 total=13.443s encode=5.024s wait=5.416s drain=3.003s waits=25599 untimed=4999 | wide: calls=558 total=6.278s encode=1.287s wait=4.991s drain=0.000s waits=552 untimed=552 | hint: calls=15180 total=11.940s encode=0.036s wait=11.903s drain=0.000s waits=15249 untimed=15249
[kernel-split] single: calls=15611 total=62.933s encode=1.507s wait=0.766s drain=60.660s waits=16596 untimed=13152 | wide: calls=1617 total=10.388s encode=1.003s wait=8.598s drain=0.788s waits=1617 untimed=0
[kernel-sub] materialize=0.503s moe=10.780s precommit=60.939s rest=1.100s
[metal-cache] calls=25241 zero_copy_wraps=513 copies=0 cache_entries=187 bindless=true
000
[stats] generated=164 elapsed=266.399s speed=0.6156 token/s (1.624 s/token) chunks=163 committed_rows=234 verify_tx=4 drafts=2/14 layer_passes=15159 expert_rows=21528 expert_tiles=15858
[verify-width] w1=0 w2=3 w3=0 w4=0 w5=0 w6=0 w7=0 w8+=1              (w1 share 0.0% of 4 transactions)
[opens] expert file opens=892139 total=9.716s mean=0.011ms requested_bytes=7150732934336 (7150.7 GB)
[split-eta] chunks served hot=142164 dir_c=78247 dir_b=178350 primary=347372
[arrival] tiles=1349 waves=2542 uncovered_wait=40.544s dispatch=10.589s
[retain] enabled=false cap_gb=8 layers=63..=92 consults=0 wanted=0 hits=0 inserts=0 served=0.0MB
[summer] enabled=false cap_gb=8 sample=16 consults=0 wanted=0 hits=0 hit_rate=0.0% misses=0 inserts=0 evictions=0 recycled=0 allocs=0 pin_skips=0 gated=0 ramp=2..50 bar=0 suppressed=0 wide_skips=0 served=0.0MB copied=0.0MB ssd_avoided=0.0GB live=0/0.0GB model=0 protected=0 declined=0 topup_suppressed=0 aged=0 into=0/0/0 pending=0
[mirror-split] internal=0 K3C=0 K3B=0 K3A=0  shares=0%/0%/0%/0%
[phases] mono=418003.891293 chunks=163 sequence=256.297s read_wait=0.170s bind_upload=1.646s attention_resident=17.827s expert_read_prefetch=124.091s expert_demand_read=75.236s expert_plan=12.066s expert_hint=0.001s expert_submit=0.001s expert_kernel=109.622s source_fence=0.001s tail_head_sync=2.614s layer_other=0.272s expert_read_gross=112.025s plan_hint=11.819s plan_sched=0.243s attn_total=19.798s attn_encode=6.333s attn_wait=10.442s attn_drain=3.023s kernel_total=73.711s kernel_host=2.520s kernel_wait=9.369s kernel_drain=61.822s
[attn-split] single: calls=14880 total=13.520s encode=5.046s wait=5.451s drain=3.023s waits=25760 untimed=5031 | wide: calls=558 total=6.278s encode=1.287s wait=4.991s drain=0.000s waits=552 untimed=552 | hint: calls=15272 total=12.011s encode=0.036s wait=11.974s drain=0.000s waits=15340 untimed=15340
[kernel-split] single: calls=15710 total=63.322s encode=1.517s wait=0.772s drain=61.034s waits=16703 untimed=13228 | wide: calls=1617 total=10.388s encode=1.003s wait=8.598s drain=0.788s waits=1617 untimed=0
[kernel-sub] materialize=0.503s moe=10.788s precommit=61.315s rest=1.104s
[metal-cache] calls=25340 zero_copy_wraps=513 copies=0 cache_entries=187 bindless=true
 −
[stats] generated=165 elapsed=267.737s speed=0.6163 token/s (1.623 s/token) chunks=164 committed_rows=235 verify_tx=4 drafts=2/14 layer_passes=15252 expert_rows=21620 expert_tiles=15950
[verify-width] w1=0 w2=3 w3=0 w4=0 w5=0 w6=0 w7=0 w8+=1              (w1 share 0.0% of 4 transactions)
[opens] expert file opens=897685 total=9.775s mean=0.011ms requested_bytes=7188222721216 (7188.2 GB)
[split-eta] chunks served hot=142980 dir_c=78689 dir_b=179375 primary=349362
[arrival] tiles=1350 waves=2546 uncovered_wait=40.553s dispatch=10.596s
[retain] enabled=false cap_gb=8 layers=63..=92 consults=0 wanted=0 hits=0 inserts=0 served=0.0MB
[summer] enabled=false cap_gb=8 sample=16 consults=0 wanted=0 hits=0 hit_rate=0.0% misses=0 inserts=0 evictions=0 recycled=0 allocs=0 pin_skips=0 gated=0 ramp=2..50 bar=0 suppressed=0 wide_skips=0 served=0.0MB copied=0.0MB ssd_avoided=0.0GB live=0/0.0GB model=0 protected=0 declined=0 topup_suppressed=0 aged=0 into=0/0/0 pending=0
[mirror-split] internal=0 K3C=0 K3B=0 K3A=0  shares=0%/0%/0%/0%
[phases] mono=418005.229040 chunks=164 sequence=257.633s read_wait=0.170s bind_upload=1.646s attention_resident=17.908s expert_read_prefetch=124.891s expert_demand_read=75.731s expert_plan=12.141s expert_hint=0.001s expert_submit=0.001s expert_kernel=110.057s source_fence=0.001s tail_head_sync=2.632s layer_other=0.273s expert_read_gross=112.749s plan_hint=11.893s plan_sched=0.244s attn_total=19.879s attn_encode=6.356s attn_wait=10.483s attn_drain=3.041s kernel_total=74.136s kernel_host=2.528s kernel_wait=9.374s kernel_drain=62.234s
[attn-split] single: calls=14973 total=13.601s encode=5.069s wait=5.491s drain=3.041s waits=25921 untimed=5065 | wide: calls=558 total=6.278s encode=1.287s wait=4.991s drain=0.000s waits=552 untimed=552 | hint: calls=15364 total=12.085s encode=0.036s wait=12.049s drain=0.000s waits=15431 untimed=15431
[kernel-split] single: calls=15805 total=63.748s encode=1.526s wait=0.776s drain=61.446s waits=16802 untimed=13312 | wide: calls=1617 total=10.388s encode=1.003s wait=8.598s drain=0.788s waits=1617 untimed=0
[kernel-sub] materialize=0.503s moe=10.796s precommit=61.729s rest=1.109s
[metal-cache] calls=25435 zero_copy_wraps=513 copies=0 cache_entries=187 bindless=true
 
[stats] generated=166 elapsed=269.044s speed=0.6170 token/s (1.621 s/token) chunks=165 committed_rows=236 verify_tx=4 drafts=2/14 layer_passes=15345 expert_rows=21712 expert_tiles=16042
[verify-width] w1=0 w2=3 w3=0 w4=0 w5=0 w6=0 w7=0 w8+=1              (w1 share 0.0% of 4 transactions)
[opens] expert file opens=903016 total=9.833s mean=0.011ms requested_bytes=7224887770304 (7224.9 GB)
[split-eta] chunks served hot=143800 dir_c=79126 dir_b=180367 primary=351292
[arrival] tiles=1351 waves=2552 uncovered_wait=40.561s dispatch=10.604s
[retain] enabled=false cap_gb=8 layers=63..=92 consults=0 wanted=0 hits=0 inserts=0 served=0.0MB
[summer] enabled=false cap_gb=8 sample=16 consults=0 wanted=0 hits=0 hit_rate=0.0% misses=0 inserts=0 evictions=0 recycled=0 allocs=0 pin_skips=0 gated=0 ramp=2..50 bar=0 suppressed=0 wide_skips=0 served=0.0MB copied=0.0MB ssd_avoided=0.0GB live=0/0.0GB model=0 protected=0 declined=0 topup_suppressed=0 aged=0 into=0/0/0 pending=0
[mirror-split] internal=0 K3C=0 K3B=0 K3A=0  shares=0%/0%/0%/0%
[phases] mono=418006.535737 chunks=165 sequence=258.938s read_wait=0.170s bind_upload=1.646s attention_resident=18.012s expert_read_prefetch=125.681s expert_demand_read=76.223s expert_plan=12.213s expert_hint=0.001s expert_submit=0.001s expert_kernel=110.449s source_fence=0.001s tail_head_sync=2.649s layer_other=0.275s expert_read_gross=113.468s plan_hint=11.964s plan_sched=0.245s attn_total=19.983s attn_encode=6.404s attn_wait=10.515s attn_drain=3.064s kernel_total=74.520s kernel_host=2.537s kernel_wait=9.379s kernel_drain=62.604s
[attn-split] single: calls=15066 total=13.705s encode=5.117s wait=5.524s drain=3.064s waits=26082 untimed=5103 | wide: calls=558 total=6.278s encode=1.287s wait=4.991s drain=0.000s waits=552 untimed=552 | hint: calls=15456 total=12.156s encode=0.037s wait=12.119s drain=0.000s waits=15522 untimed=15522
[kernel-split] single: calls=15902 total=64.132s encode=1.534s wait=0.781s drain=61.816s waits=16905 untimed=13398 | wide: calls=1617 total=10.388s encode=1.003s wait=8.598s drain=0.788s waits=1617 untimed=0
[kernel-sub] materialize=0.503s moe=10.804s precommit=62.101s rest=1.113s
[metal-cache] calls=25532 zero_copy_wraps=513 copies=0 cache_entries=187 bindless=true
128
[stats] generated=167 elapsed=270.326s speed=0.6178 token/s (1.619 s/token) chunks=166 committed_rows=237 verify_tx=4 drafts=2/14 layer_passes=15438 expert_rows=21804 expert_tiles=16134
[verify-width] w1=0 w2=3 w3=0 w4=0 w5=0 w6=0 w7=0 w8+=1              (w1 share 0.0% of 4 transactions)
[opens] expert file opens=908477 total=9.896s mean=0.011ms requested_bytes=7260991339712 (7261.0 GB)
[split-eta] chunks served hot=144582 dir_c=79527 dir_b=181368 primary=353223
[arrival] tiles=1352 waves=2558 uncovered_wait=40.570s dispatch=10.610s
[retain] enabled=false cap_gb=8 layers=63..=92 consults=0 wanted=0 hits=0 inserts=0 served=0.0MB
[summer] enabled=false cap_gb=8 sample=16 consults=0 wanted=0 hits=0 hit_rate=0.0% misses=0 inserts=0 evictions=0 recycled=0 allocs=0 pin_skips=0 gated=0 ramp=2..50 bar=0 suppressed=0 wide_skips=0 served=0.0MB copied=0.0MB ssd_avoided=0.0GB live=0/0.0GB model=0 protected=0 declined=0 topup_suppressed=0 aged=0 into=0/0/0 pending=0
[mirror-split] internal=0 K3C=0 K3B=0 K3A=0  shares=0%/0%/0%/0%
[phases] mono=418007.817431 chunks=166 sequence=260.218s read_wait=0.170s bind_upload=1.646s attention_resident=18.088s expert_read_prefetch=126.461s expert_demand_read=76.694s expert_plan=12.283s expert_hint=0.001s expert_submit=0.001s expert_kernel=110.859s source_fence=0.001s tail_head_sync=2.663s layer_other=0.276s expert_read_gross=114.177s plan_hint=12.033s plan_sched=0.246s attn_total=20.059s attn_encode=6.427s attn_wait=10.554s attn_drain=3.078s kernel_total=74.921s kernel_host=2.546s kernel_wait=9.383s kernel_drain=62.992s
[attn-split] single: calls=15159 total=13.781s encode=5.140s wait=5.563s drain=3.078s waits=26243 untimed=5147 | wide: calls=558 total=6.278s encode=1.287s wait=4.991s drain=0.000s waits=552 untimed=552 | hint: calls=15548 total=12.225s encode=0.037s wait=12.188s drain=0.000s waits=15613 untimed=15613
[kernel-split] single: calls=15999 total=64.532s encode=1.543s wait=0.785s drain=62.204s waits=17008 untimed=13481 | wide: calls=1617 total=10.388s encode=1.003s wait=8.598s drain=0.788s waits=1617 untimed=0
[kernel-sub] materialize=0.503s moe=10.810s precommit=62.491s rest=1.117s
[metal-cache] calls=25629 zero_copy_wraps=513 copies=0 cache_entries=187 bindless=true
,
[stats] generated=168 elapsed=271.599s speed=0.6186 token/s (1.617 s/token) chunks=167 committed_rows=238 verify_tx=4 drafts=2/14 layer_passes=15531 expert_rows=21896 expert_tiles=16226
[verify-width] w1=0 w2=3 w3=0 w4=0 w5=0 w6=0 w7=0 w8+=1              (w1 share 0.0% of 4 transactions)
[opens] expert file opens=913778 total=9.956s mean=0.011ms requested_bytes=7297559919808 (7297.6 GB)
[split-eta] chunks served hot=145389 dir_c=80004 dir_b=182357 primary=355118
[arrival] tiles=1353 waves=2563 uncovered_wait=40.579s dispatch=10.616s
[retain] enabled=false cap_gb=8 layers=63..=92 consults=0 wanted=0 hits=0 inserts=0 served=0.0MB
[summer] enabled=false cap_gb=8 sample=16 consults=0 wanted=0 hits=0 hit_rate=0.0% misses=0 inserts=0 evictions=0 recycled=0 allocs=0 pin_skips=0 gated=0 ramp=2..50 bar=0 suppressed=0 wide_skips=0 served=0.0MB copied=0.0MB ssd_avoided=0.0GB live=0/0.0GB model=0 protected=0 declined=0 topup_suppressed=0 aged=0 into=0/0/0 pending=0
[mirror-split] internal=0 K3C=0 K3B=0 K3A=0  shares=0%/0%/0%/0%
[phases] mono=418009.090573 chunks=167 sequence=261.490s read_wait=0.170s bind_upload=1.646s attention_resident=18.161s expert_read_prefetch=127.227s expert_demand_read=77.175s expert_plan=12.358s expert_hint=0.001s expert_submit=0.001s expert_kernel=111.273s source_fence=0.001s tail_head_sync=2.680s layer_other=0.278s expert_read_gross=114.869s plan_hint=12.107s plan_sched=0.247s attn_total=20.132s attn_encode=6.450s attn_wait=10.589s attn_drain=3.092s kernel_total=75.326s kernel_host=2.555s kernel_wait=9.387s kernel_drain=63.384s
[attn-split] single: calls=15252 total=13.853s encode=5.163s wait=5.598s drain=3.092s waits=26404 untimed=5179 | wide: calls=558 total=6.278s encode=1.287s wait=4.991s drain=0.000s waits=552 untimed=552 | hint: calls=15640 total=12.298s encode=0.037s wait=12.261s drain=0.000s waits=15704 untimed=15704
[kernel-split] single: calls=16095 total=64.937s encode=1.552s wait=0.789s drain=62.596s waits=17109 untimed=13563 | wide: calls=1617 total=10.388s encode=1.003s wait=8.598s drain=0.788s waits=1617 untimed=0
[kernel-sub] materialize=0.503s moe=10.816s precommit=62.885s rest=1.122s
[metal-cache] calls=25725 zero_copy_wraps=513 copies=0 cache_entries=187 bindless=true
000
[stats] generated=169 elapsed=272.939s speed=0.6192 token/s (1.615 s/token) chunks=168 committed_rows=239 verify_tx=4 drafts=2/14 layer_passes=15624 expert_rows=21988 expert_tiles=16318
[verify-width] w1=0 w2=3 w3=0 w4=0 w5=0 w6=0 w7=0 w8+=1              (w1 share 0.0% of 4 transactions)
[opens] expert file opens=919457 total=10.018s mean=0.011ms requested_bytes=7335356775616 (7335.4 GB)
[split-eta] chunks served hot=146215 dir_c=80455 dir_b=183391 primary=357115
[arrival] tiles=1354 waves=2569 uncovered_wait=40.590s dispatch=10.623s
[retain] enabled=false cap_gb=8 layers=63..=92 consults=0 wanted=0 hits=0 inserts=0 served=0.0MB
[summer] enabled=false cap_gb=8 sample=16 consults=0 wanted=0 hits=0 hit_rate=0.0% misses=0 inserts=0 evictions=0 recycled=0 allocs=0 pin_skips=0 gated=0 ramp=2..50 bar=0 suppressed=0 wide_skips=0 served=0.0MB copied=0.0MB ssd_avoided=0.0GB live=0/0.0GB model=0 protected=0 declined=0 topup_suppressed=0 aged=0 into=0/0/0 pending=0
[mirror-split] internal=0 K3C=0 K3B=0 K3A=0  shares=0%/0%/0%/0%
[phases] mono=418010.431268 chunks=168 sequence=262.830s read_wait=0.170s bind_upload=1.646s attention_resident=18.241s expert_read_prefetch=128.081s expert_demand_read=77.696s expert_plan=12.438s expert_hint=0.001s expert_submit=0.001s expert_kernel=111.660s source_fence=0.001s tail_head_sync=2.697s layer_other=0.279s expert_read_gross=115.642s plan_hint=12.186s plan_sched=0.248s attn_total=20.212s attn_encode=6.479s attn_wait=10.627s attn_drain=3.106s kernel_total=75.702s kernel_host=2.563s kernel_wait=9.391s kernel_drain=63.749s
[attn-split] single: calls=15345 total=13.933s encode=5.192s wait=5.636s drain=3.106s waits=26565 untimed=5214 | wide: calls=558 total=6.278s encode=1.287s wait=4.991s drain=0.000s waits=552 untimed=552 | hint: calls=15732 total=12.378s encode=0.037s wait=12.340s drain=0.000s waits=15795 untimed=15795
[kernel-split] single: calls=16192 total=65.314s encode=1.560s wait=0.793s drain=62.961s waits=17212 untimed=13651 | wide: calls=1617 total=10.388s encode=1.003s wait=8.598s drain=0.788s waits=1617 untimed=0
[kernel-sub] materialize=0.503s moe=10.822s precommit=63.251s rest=1.126s
[metal-cache] calls=25822 zero_copy_wraps=513 copies=0 cache_entries=187 bindless=true
  

[stats] generated=170 elapsed=274.242s speed=0.6199 token/s (1.613 s/token) chunks=169 committed_rows=240 verify_tx=4 drafts=2/14 layer_passes=15717 expert_rows=22080 expert_tiles=16410
[verify-width] w1=0 w2=3 w3=0 w4=0 w5=0 w6=0 w7=0 w8+=1              (w1 share 0.0% of 4 transactions)
[opens] expert file opens=924826 total=10.076s mean=0.011ms requested_bytes=7372328942784 (7372.3 GB)
[split-eta] chunks served hot=147053 dir_c=80910 dir_b=184394 primary=359033
[arrival] tiles=1355 waves=2575 uncovered_wait=40.600s dispatch=10.630s
[retain] enabled=false cap_gb=8 layers=63..=92 consults=0 wanted=0 hits=0 inserts=0 served=0.0MB
[summer] enabled=false cap_gb=8 sample=16 consults=0 wanted=0 hits=0 hit_rate=0.0% misses=0 inserts=0 evictions=0 recycled=0 allocs=0 pin_skips=0 gated=0 ramp=2..50 bar=0 suppressed=0 wide_skips=0 served=0.0MB copied=0.0MB ssd_avoided=0.0GB live=0/0.0GB model=0 protected=0 declined=0 topup_suppressed=0 aged=0 into=0/0/0 pending=0
[mirror-split] internal=0 K3C=0 K3B=0 K3A=0  shares=0%/0%/0%/0%
[phases] mono=418011.734193 chunks=169 sequence=264.131s read_wait=0.170s bind_upload=1.646s attention_resident=18.340s expert_read_prefetch=128.889s expert_demand_read=78.213s expert_plan=12.505s expert_hint=0.001s expert_submit=0.001s expert_kernel=112.036s source_fence=0.001s tail_head_sync=2.714s layer_other=0.280s expert_read_gross=116.383s plan_hint=12.252s plan_sched=0.249s attn_total=20.311s attn_encode=6.520s attn_wait=10.659s attn_drain=3.132s kernel_total=76.067s kernel_host=2.571s kernel_wait=9.396s kernel_drain=64.101s
[attn-split] single: calls=15438 total=14.032s encode=5.233s wait=5.668s drain=3.132s waits=26726 untimed=5245 | wide: calls=558 total=6.278s encode=1.287s wait=4.991s drain=0.000s waits=552 untimed=552 | hint: calls=15824 total=12.444s encode=0.038s wait=12.406s drain=0.000s waits=15886 untimed=15886
[kernel-split] single: calls=16289 total=65.679s encode=1.568s wait=0.798s drain=63.313s waits=17315 untimed=13738 | wide: calls=1617 total=10.388s encode=1.003s wait=8.598s drain=0.788s waits=1617 untimed=0
[kernel-sub] materialize=0.503s moe=10.830s precommit=63.605s rest=1.130s
[metal-cache] calls=25919 zero_copy_wraps=513 copies=0 cache_entries=187 bindless=true
**
[stats] generated=171 elapsed=275.537s speed=0.6206 token/s (1.611 s/token) chunks=170 committed_rows=241 verify_tx=4 drafts=2/14 layer_passes=15810 expert_rows=22172 expert_tiles=16502
[verify-width] w1=0 w2=3 w3=0 w4=0 w5=0 w6=0 w7=0 w8+=1              (w1 share 0.0% of 4 transactions)
[opens] expert file opens=930264 total=10.137s mean=0.011ms requested_bytes=7409371299008 (7409.4 GB)
[split-eta] chunks served hot=147864 dir_c=81382 dir_b=185399 primary=360967
[arrival] tiles=1356 waves=2579 uncovered_wait=40.610s dispatch=10.636s
[retain] enabled=false cap_gb=8 layers=63..=92 consults=0 wanted=0 hits=0 inserts=0 served=0.0MB
[summer] enabled=false cap_gb=8 sample=16 consults=0 wanted=0 hits=0 hit_rate=0.0% misses=0 inserts=0 evictions=0 recycled=0 allocs=0 pin_skips=0 gated=0 ramp=2..50 bar=0 suppressed=0 wide_skips=0 served=0.0MB copied=0.0MB ssd_avoided=0.0GB live=0/0.0GB model=0 protected=0 declined=0 topup_suppressed=0 aged=0 into=0/0/0 pending=0
[mirror-split] internal=0 K3C=0 K3B=0 K3A=0  shares=0%/0%/0%/0%
[phases] mono=418013.028445 chunks=170 sequence=265.424s read_wait=0.170s bind_upload=1.646s attention_resident=18.414s expert_read_prefetch=129.697s expert_demand_read=78.706s expert_plan=12.573s expert_hint=0.001s expert_submit=0.001s expert_kernel=112.429s source_fence=0.001s tail_head_sync=2.730s layer_other=0.281s expert_read_gross=117.124s plan_hint=12.318s plan_sched=0.250s attn_total=20.385s attn_encode=6.544s attn_wait=10.694s attn_drain=3.147s kernel_total=76.451s kernel_host=2.579s kernel_wait=9.399s kernel_drain=64.473s
[attn-split] single: calls=15531 total=14.106s encode=5.257s wait=5.703s drain=3.147s waits=26887 untimed=5276 | wide: calls=558 total=6.278s encode=1.287s wait=4.991s drain=0.000s waits=552 untimed=552 | hint: calls=15916 total=12.510s encode=0.038s wait=12.472s drain=0.000s waits=15977 untimed=15977
[kernel-split] single: calls=16384 total=66.063s encode=1.576s wait=0.801s drain=63.685s waits=17414 untimed=13818 | wide: calls=1617 total=10.388s encode=1.003s wait=8.598s drain=0.788s waits=1617 untimed=0
[kernel-sub] materialize=0.503s moe=10.835s precommit=63.979s rest=1.134s
[metal-cache] calls=26014 zero_copy_wraps=513 copies=0 cache_entries=187 bindless=true
[route-chain] chained=11040
[route-chain] dedup_hits=11040
Net
[stats] generated=172 elapsed=276.767s speed=0.6215 token/s (1.609 s/token) chunks=171 committed_rows=242 verify_tx=4 drafts=2/14 layer_passes=15903 expert_rows=22264 expert_tiles=16594
[verify-width] w1=0 w2=3 w3=0 w4=0 w5=0 w6=0 w7=0 w8+=1              (w1 share 0.0% of 4 transactions)
[opens] expert file opens=935544 total=10.195s mean=0.011ms requested_bytes=7445071297728 (7445.1 GB)
[split-eta] chunks served hot=148637 dir_c=81837 dir_b=186364 primary=362843
[arrival] tiles=1357 waves=2585 uncovered_wait=40.618s dispatch=10.643s
[retain] enabled=false cap_gb=8 layers=63..=92 consults=0 wanted=0 hits=0 inserts=0 served=0.0MB
[summer] enabled=false cap_gb=8 sample=16 consults=0 wanted=0 hits=0 hit_rate=0.0% misses=0 inserts=0 evictions=0 recycled=0 allocs=0 pin_skips=0 gated=0 ramp=2..50 bar=0 suppressed=0 wide_skips=0 served=0.0MB copied=0.0MB ssd_avoided=0.0GB live=0/0.0GB model=0 protected=0 declined=0 topup_suppressed=0 aged=0 into=0/0/0 pending=0
[mirror-split] internal=0 K3C=0 K3B=0 K3A=0  shares=0%/0%/0%/0%
[phases] mono=418014.258894 chunks=171 sequence=266.653s read_wait=0.170s bind_upload=1.646s attention_resident=18.490s expert_read_prefetch=130.425s expert_demand_read=79.153s expert_plan=12.648s expert_hint=0.001s expert_submit=0.001s expert_kernel=112.844s source_fence=0.001s tail_head_sync=2.738s layer_other=0.283s expert_read_gross=117.777s plan_hint=12.392s plan_sched=0.252s attn_total=20.460s attn_encode=6.569s attn_wait=10.734s attn_drain=3.158s kernel_total=76.858s kernel_host=2.588s kernel_wait=9.402s kernel_drain=64.867s
[attn-split] single: calls=15624 total=14.182s encode=5.282s wait=5.742s drain=3.158s waits=27048 untimed=5306 | wide: calls=558 total=6.278s encode=1.287s wait=4.991s drain=0.000s waits=552 untimed=552 | hint: calls=16008 total=12.584s encode=0.038s wait=12.546s drain=0.000s waits=16068 untimed=16068
[kernel-split] single: calls=16481 total=66.469s encode=1.586s wait=0.805s drain=64.079s waits=17517 untimed=13905 | wide: calls=1617 total=10.388s encode=1.003s wait=8.598s drain=0.788s waits=1617 untimed=0
[kernel-sub] materialize=0.503s moe=10.841s precommit=64.375s rest=1.139s
[metal-cache] calls=26111 zero_copy_wraps=513 copies=0 cache_entries=187 bindless=true
 Profit
[stats] generated=173 elapsed=278.073s speed=0.6221 token/s (1.607 s/token) chunks=172 committed_rows=243 verify_tx=4 drafts=2/14 layer_passes=15996 expert_rows=22356 expert_tiles=16686
[verify-width] w1=0 w2=3 w3=0 w4=0 w5=0 w6=0 w7=0 w8+=1              (w1 share 0.0% of 4 transactions)
[opens] expert file opens=941080 total=10.253s mean=0.011ms requested_bytes=7481867992256 (7481.9 GB)
[split-eta] chunks served hot=149446 dir_c=82251 dir_b=187382 primary=364796
[arrival] tiles=1358 waves=2589 uncovered_wait=40.628s dispatch=10.649s
[retain] enabled=false cap_gb=8 layers=63..=92 consults=0 wanted=0 hits=0 inserts=0 served=0.0MB
[summer] enabled=false cap_gb=8 sample=16 consults=0 wanted=0 hits=0 hit_rate=0.0% misses=0 inserts=0 evictions=0 recycled=0 allocs=0 pin_skips=0 gated=0 ramp=2..50 bar=0 suppressed=0 wide_skips=0 served=0.0MB copied=0.0MB ssd_avoided=0.0GB live=0/0.0GB model=0 protected=0 declined=0 topup_suppressed=0 aged=0 into=0/0/0 pending=0
[mirror-split] internal=0 K3C=0 K3B=0 K3A=0  shares=0%/0%/0%/0%
[phases] mono=418015.565404 chunks=172 sequence=267.958s read_wait=0.170s bind_upload=1.646s attention_resident=18.580s expert_read_prefetch=131.228s expert_demand_read=79.627s expert_plan=12.716s expert_hint=0.001s expert_submit=0.001s expert_kernel=113.239s source_fence=0.001s tail_head_sync=2.755s layer_other=0.284s expert_read_gross=118.511s plan_hint=12.460s plan_sched=0.253s attn_total=20.550s attn_encode=6.594s attn_wait=10.769s attn_drain=3.187s kernel_total=77.242s kernel_host=2.597s kernel_wait=9.406s kernel_drain=65.239s
[attn-split] single: calls=15717 total=14.271s encode=5.307s wait=5.777s drain=3.187s waits=27209 untimed=5338 | wide: calls=558 total=6.278s encode=1.287s wait=4.991s drain=0.000s waits=552 untimed=552 | hint: calls=16100 total=12.651s encode=0.038s wait=12.613s drain=0.000s waits=16159 untimed=16159
[kernel-split] single: calls=16576 total=66.854s encode=1.594s wait=0.809s drain=64.451s waits=17616 untimed=13983 | wide: calls=1617 total=10.388s encode=1.003s wait=8.598s drain=0.788s waits=1617 untimed=0
[kernel-sub] materialize=0.503s moe=10.848s precommit=64.749s rest=1.143s
[metal-cache] calls=26206 zero_copy_wraps=513 copies=0 cache_entries=187 bindless=true
 =
[stats] generated=174 elapsed=279.379s speed=0.6228 token/s (1.606 s/token) chunks=173 committed_rows=244 verify_tx=4 drafts=2/14 layer_passes=16089 expert_rows=22448 expert_tiles=16778
[verify-width] w1=0 w2=3 w3=0 w4=0 w5=0 w6=0 w7=0 w8+=1              (w1 share 0.0% of 4 transactions)
[opens] expert file opens=946535 total=10.314s mean=0.011ms requested_bytes=7518752423104 (7518.8 GB)
[split-eta] chunks served hot=150242 dir_c=82692 dir_b=188397 primary=366748
[arrival] tiles=1359 waves=2593 uncovered_wait=40.637s dispatch=10.656s
[retain] enabled=false cap_gb=8 layers=63..=92 consults=0 wanted=0 hits=0 inserts=0 served=0.0MB
[summer] enabled=false cap_gb=8 sample=16 consults=0 wanted=0 hits=0 hit_rate=0.0% misses=0 inserts=0 evictions=0 recycled=0 allocs=0 pin_skips=0 gated=0 ramp=2..50 bar=0 suppressed=0 wide_skips=0 served=0.0MB copied=0.0MB ssd_avoided=0.0GB live=0/0.0GB model=0 protected=0 declined=0 topup_suppressed=0 aged=0 into=0/0/0 pending=0
[mirror-split] internal=0 K3C=0 K3B=0 K3A=0  shares=0%/0%/0%/0%
[phases] mono=418016.870725 chunks=173 sequence=269.263s read_wait=0.170s bind_upload=1.646s attention_resident=18.676s expert_read_prefetch=132.001s expert_demand_read=80.106s expert_plan=12.791s expert_hint=0.001s expert_submit=0.001s expert_kernel=113.655s source_fence=0.001s tail_head_sync=2.772s layer_other=0.285s expert_read_gross=119.210s plan_hint=12.533s plan_sched=0.254s attn_total=20.646s attn_encode=6.636s attn_wait=10.811s attn_drain=3.200s kernel_total=77.650s kernel_host=2.606s kernel_wait=9.410s kernel_drain=65.633s
[attn-split] single: calls=15810 total=14.368s encode=5.349s wait=5.819s drain=3.200s waits=27370 untimed=5376 | wide: calls=558 total=6.278s encode=1.287s wait=4.991s drain=0.000s waits=552 untimed=552 | hint: calls=16192 total=12.725s encode=0.038s wait=12.686s drain=0.000s waits=16250 untimed=16250
[kernel-split] single: calls=16671 total=67.261s encode=1.603s wait=0.813s drain=64.845s waits=17715 untimed=14069 | wide: calls=1617 total=10.388s encode=1.003s wait=8.598s drain=0.788s waits=1617 untimed=0
[kernel-sub] materialize=0.503s moe=10.855s precommit=65.145s rest=1.147s
[metal-cache] calls=26301 zero_copy_wraps=513 copies=0 cache_entries=187 bindless=true
 
[stats] generated=175 elapsed=280.651s speed=0.6235 token/s (1.604 s/token) chunks=174 committed_rows=245 verify_tx=4 drafts=2/14 layer_passes=16182 expert_rows=22540 expert_tiles=16870
[verify-width] w1=0 w2=3 w3=0 w4=0 w5=0 w6=0 w7=0 w8+=1              (w1 share 0.0% of 4 transactions)
[opens] expert file opens=951943 total=10.370s mean=0.011ms requested_bytes=7555206970560 (7555.2 GB)
[split-eta] chunks served hot=151047 dir_c=83108 dir_b=189398 primary=368681
[arrival] tiles=1360 waves=2596 uncovered_wait=40.646s dispatch=10.662s
[retain] enabled=false cap_gb=8 layers=63..=92 consults=0 wanted=0 hits=0 inserts=0 served=0.0MB
[summer] enabled=false cap_gb=8 sample=16 consults=0 wanted=0 hits=0 hit_rate=0.0% misses=0 inserts=0 evictions=0 recycled=0 allocs=0 pin_skips=0 gated=0 ramp=2..50 bar=0 suppressed=0 wide_skips=0 served=0.0MB copied=0.0MB ssd_avoided=0.0GB live=0/0.0GB model=0 protected=0 declined=0 topup_suppressed=0 aged=0 into=0/0/0 pending=0
[mirror-split] internal=0 K3C=0 K3B=0 K3A=0  shares=0%/0%/0%/0%
[phases] mono=418018.143036 chunks=174 sequence=270.534s read_wait=0.170s bind_upload=1.646s attention_resident=18.745s expert_read_prefetch=132.828s expert_demand_read=80.607s expert_plan=12.862s expert_hint=0.001s expert_submit=0.001s expert_kernel=114.014s source_fence=0.001s tail_head_sync=2.789s layer_other=0.286s expert_read_gross=119.966s plan_hint=12.603s plan_sched=0.255s attn_total=20.715s attn_encode=6.656s attn_wait=10.847s attn_drain=3.211s kernel_total=77.998s kernel_host=2.614s kernel_wait=9.414s kernel_drain=65.970s
[attn-split] single: calls=15903 total=14.436s encode=5.369s wait=5.856s drain=3.211s waits=27531 untimed=5415 | wide: calls=558 total=6.278s encode=1.287s wait=4.991s drain=0.000s waits=552 untimed=552 | hint: calls=16284 total=12.794s encode=0.039s wait=12.756s drain=0.000s waits=16341 untimed=16341
[kernel-split] single: calls=16765 total=67.610s encode=1.612s wait=0.816s drain=65.182s waits=17812 untimed=14152 | wide: calls=1617 total=10.388s encode=1.003s wait=8.598s drain=0.788s waits=1617 untimed=0
[kernel-sub] materialize=0.503s moe=10.860s precommit=65.484s rest=1.151s
[metal-cache] calls=26395 zero_copy_wraps=513 copies=0 cache_entries=187 bindless=true
512
[stats] generated=176 elapsed=281.963s speed=0.6242 token/s (1.602 s/token) chunks=175 committed_rows=246 verify_tx=4 drafts=2/14 layer_passes=16275 expert_rows=22632 expert_tiles=16962
[verify-width] w1=0 w2=3 w3=0 w4=0 w5=0 w6=0 w7=0 w8+=1              (w1 share 0.0% of 4 transactions)
[opens] expert file opens=957458 total=10.430s mean=0.011ms requested_bytes=7592819588288 (7592.8 GB)
[split-eta] chunks served hot=151889 dir_c=83559 dir_b=190420 primary=370653
[arrival] tiles=1361 waves=2603 uncovered_wait=40.655s dispatch=10.670s
[retain] enabled=false cap_gb=8 layers=63..=92 consults=0 wanted=0 hits=0 inserts=0 served=0.0MB
[summer] enabled=false cap_gb=8 sample=16 consults=0 wanted=0 hits=0 hit_rate=0.0% misses=0 inserts=0 evictions=0 recycled=0 allocs=0 pin_skips=0 gated=0 ramp=2..50 bar=0 suppressed=0 wide_skips=0 served=0.0MB copied=0.0MB ssd_avoided=0.0GB live=0/0.0GB model=0 protected=0 declined=0 topup_suppressed=0 aged=0 into=0/0/0 pending=0
[mirror-split] internal=0 K3C=0 K3B=0 K3A=0  shares=0%/0%/0%/0%
[phases] mono=418019.454911 chunks=175 sequence=271.845s read_wait=0.170s bind_upload=1.646s attention_resident=18.826s expert_read_prefetch=133.621s expert_demand_read=81.109s expert_plan=12.934s expert_hint=0.001s expert_submit=0.001s expert_kernel=114.432s source_fence=0.001s tail_head_sync=2.806s layer_other=0.288s expert_read_gross=120.686s plan_hint=12.674s plan_sched=0.256s attn_total=20.796s attn_encode=6.681s attn_wait=10.885s attn_drain=3.230s kernel_total=78.407s kernel_host=2.624s kernel_wait=9.418s kernel_drain=66.365s
[attn-split] single: calls=15996 total=14.517s encode=5.394s wait=5.894s drain=3.230s waits=27692 untimed=5446 | wide: calls=558 total=6.278s encode=1.287s wait=4.991s drain=0.000s waits=552 untimed=552 | hint: calls=16376 total=12.866s encode=0.039s wait=12.827s drain=0.000s waits=16432 untimed=16432
[kernel-split] single: calls=16863 total=68.019s encode=1.621s wait=0.820s drain=65.577s waits=17917 untimed=14234 | wide: calls=1617 total=10.388s encode=1.003s wait=8.598s drain=0.788s waits=1617 untimed=0
[kernel-sub] materialize=0.503s moe=10.868s precommit=65.880s rest=1.156s
[metal-cache] calls=26493 zero_copy_wraps=513 copies=0 cache_entries=187 bindless=true
,
[stats] generated=177 elapsed=283.242s speed=0.6249 token/s (1.600 s/token) chunks=176 committed_rows=247 verify_tx=4 drafts=2/14 layer_passes=16368 expert_rows=22724 expert_tiles=17054
[verify-width] w1=0 w2=3 w3=0 w4=0 w5=0 w6=0 w7=0 w8+=1              (w1 share 0.0% of 4 transactions)
[opens] expert file opens=962787 total=10.491s mean=0.011ms requested_bytes=7628852919488 (7628.9 GB)
[split-eta] chunks served hot=152688 dir_c=83986 dir_b=191404 primary=372550
[arrival] tiles=1362 waves=2609 uncovered_wait=40.664s dispatch=10.678s
[retain] enabled=false cap_gb=8 layers=63..=92 consults=0 wanted=0 hits=0 inserts=0 served=0.0MB
[summer] enabled=false cap_gb=8 sample=16 consults=0 wanted=0 hits=0 hit_rate=0.0% misses=0 inserts=0 evictions=0 recycled=0 allocs=0 pin_skips=0 gated=0 ramp=2..50 bar=0 suppressed=0 wide_skips=0 served=0.0MB copied=0.0MB ssd_avoided=0.0GB live=0/0.0GB model=0 protected=0 declined=0 topup_suppressed=0 aged=0 into=0/0/0 pending=0
[mirror-split] internal=0 K3C=0 K3B=0 K3A=0  shares=0%/0%/0%/0%
[phases] mono=418020.733857 chunks=176 sequence=273.123s read_wait=0.170s bind_upload=1.646s attention_resident=18.919s expert_read_prefetch=134.384s expert_demand_read=81.570s expert_plan=13.005s expert_hint=0.001s expert_submit=0.001s expert_kernel=114.835s source_fence=0.001s tail_head_sync=2.822s layer_other=0.289s expert_read_gross=121.378s plan_hint=12.744s plan_sched=0.257s attn_total=20.888s attn_encode=6.709s attn_wait=10.927s attn_drain=3.253s kernel_total=78.802s kernel_host=2.633s kernel_wait=9.424s kernel_drain=66.746s
[attn-split] single: calls=16089 total=14.610s encode=5.422s wait=5.935s drain=3.253s waits=27853 untimed=5474 | wide: calls=558 total=6.278s encode=1.287s wait=4.991s drain=0.000s waits=552 untimed=552 | hint: calls=16468 total=12.935s encode=0.039s wait=12.896s drain=0.000s waits=16523 untimed=16523
[kernel-split] single: calls=16960 total=68.414s encode=1.630s wait=0.826s drain=65.958s waits=18020 untimed=14313 | wide: calls=1617 total=10.388s encode=1.003s wait=8.598s drain=0.788s waits=1617 untimed=0
[kernel-sub] materialize=0.503s moe=10.877s precommit=66.262s rest=1.161s
[metal-cache] calls=26590 zero_copy_wraps=513 copies=0 cache_entries=187 bindless=true
000
[stats] generated=178 elapsed=284.516s speed=0.6256 token/s (1.598 s/token) chunks=177 committed_rows=248 verify_tx=4 drafts=2/14 layer_passes=16461 expert_rows=22816 expert_tiles=17146
[verify-width] w1=0 w2=3 w3=0 w4=0 w5=0 w6=0 w7=0 w8+=1              (w1 share 0.0% of 4 transactions)
[opens] expert file opens=968129 total=10.549s mean=0.011ms requested_bytes=7664912596160 (7664.9 GB)
[split-eta] chunks served hot=153490 dir_c=84416 dir_b=192385 primary=374447
[arrival] tiles=1363 waves=2617 uncovered_wait=40.672s dispatch=10.688s
[retain] enabled=false cap_gb=8 layers=63..=92 consults=0 wanted=0 hits=0 inserts=0 served=0.0MB
[summer] enabled=false cap_gb=8 sample=16 consults=0 wanted=0 hits=0 hit_rate=0.0% misses=0 inserts=0 evictions=0 recycled=0 allocs=0 pin_skips=0 gated=0 ramp=2..50 bar=0 suppressed=0 wide_skips=0 served=0.0MB copied=0.0MB ssd_avoided=0.0GB live=0/0.0GB model=0 protected=0 declined=0 topup_suppressed=0 aged=0 into=0/0/0 pending=0
[mirror-split] internal=0 K3C=0 K3B=0 K3A=0  shares=0%/0%/0%/0%
[phases] mono=418022.008299 chunks=177 sequence=274.396s read_wait=0.170s bind_upload=1.646s attention_resident=19.018s expert_read_prefetch=135.125s expert_demand_read=82.030s expert_plan=13.076s expert_hint=0.001s expert_submit=0.001s expert_kernel=115.251s source_fence=0.001s tail_head_sync=2.839s layer_other=0.291s expert_read_gross=122.049s plan_hint=12.814s plan_sched=0.258s attn_total=20.986s attn_encode=6.754s attn_wait=10.961s attn_drain=3.271s kernel_total=79.209s kernel_host=2.642s kernel_wait=9.430s kernel_drain=67.138s
[attn-split] single: calls=16182 total=14.708s encode=5.467s wait=5.970s drain=3.271s waits=28014 untimed=5515 | wide: calls=558 total=6.278s encode=1.287s wait=4.991s drain=0.000s waits=552 untimed=552 | hint: calls=16560 total=13.005s encode=0.039s wait=12.966s drain=0.000s waits=16614 untimed=16614
[kernel-split] single: calls=17059 total=68.821s encode=1.639s wait=0.832s drain=66.350s waits=18127 untimed=14400 | wide: calls=1617 total=10.388s encode=1.003s wait=8.598s drain=0.788s waits=1617 untimed=0
[kernel-sub] materialize=0.503s moe=10.886s precommit=66.655s rest=1.165s
[metal-cache] calls=26689 zero_copy_wraps=513 copies=0 cache_entries=187 bindless=true
**


[stats] generated=179 elapsed=285.763s speed=0.6264 token/s (1.596 s/token) chunks=178 committed_rows=249 verify_tx=4 drafts=2/14 layer_passes=16554 expert_rows=22908 expert_tiles=17238
[verify-width] w1=0 w2=3 w3=0 w4=0 w5=0 w6=0 w7=0 w8+=1              (w1 share 0.0% of 4 transactions)
[opens] expert file opens=973446 total=10.604s mean=0.011ms requested_bytes=7700586249408 (7700.6 GB)
[split-eta] chunks served hot=154268 dir_c=84854 dir_b=193352 primary=376330
[arrival] tiles=1364 waves=2624 uncovered_wait=40.680s dispatch=10.695s
[retain] enabled=false cap_gb=8 layers=63..=92 consults=0 wanted=0 hits=0 inserts=0 served=0.0MB
[summer] enabled=false cap_gb=8 sample=16 consults=0 wanted=0 hits=0 hit_rate=0.0% misses=0 inserts=0 evictions=0 recycled=0 allocs=0 pin_skips=0 gated=0 ramp=2..50 bar=0 suppressed=0 wide_skips=0 served=0.0MB copied=0.0MB ssd_avoided=0.0GB live=0/0.0GB model=0 protected=0 declined=0 topup_suppressed=0 aged=0 into=0/0/0 pending=0
[mirror-split] internal=0 K3C=0 K3B=0 K3A=0  shares=0%/0%/0%/0%
[phases] mono=418023.254596 chunks=178 sequence=275.641s read_wait=0.170s bind_upload=1.646s attention_resident=19.095s expert_read_prefetch=135.863s expert_demand_read=82.456s expert_plan=13.155s expert_hint=0.001s expert_submit=0.001s expert_kernel=115.664s source_fence=0.001s tail_head_sync=2.855s layer_other=0.292s expert_read_gross=122.707s plan_hint=12.891s plan_sched=0.259s attn_total=21.064s attn_encode=6.778s attn_wait=10.998s attn_drain=3.288s kernel_total=79.613s kernel_host=2.650s kernel_wait=9.433s kernel_drain=67.530s
[attn-split] single: calls=16275 total=14.785s encode=5.491s wait=6.006s drain=3.288s waits=28175 untimed=5551 | wide: calls=558 total=6.278s encode=1.287s wait=4.991s drain=0.000s waits=552 untimed=552 | hint: calls=16652 total=13.082s encode=0.039s wait=13.043s drain=0.000s waits=16705 untimed=16705
[kernel-split] single: calls=17157 total=69.225s encode=1.648s wait=0.836s drain=66.742s waits=18232 untimed=14488 | wide: calls=1617 total=10.388s encode=1.003s wait=8.598s drain=0.788s waits=1617 untimed=0
[kernel-sub] materialize=0.503s moe=10.893s precommit=67.048s rest=1.170s
[metal-cache] calls=26787 zero_copy_wraps=513 copies=0 cache_entries=187 bindless=true
**
[stats] generated=180 elapsed=287.006s speed=0.6272 token/s (1.594 s/token) chunks=179 committed_rows=250 verify_tx=4 drafts=2/14 layer_passes=16647 expert_rows=23000 expert_tiles=17330
[verify-width] w1=0 w2=3 w3=0 w4=0 w5=0 w6=0 w7=0 w8+=1              (w1 share 0.0% of 4 transactions)
[opens] expert file opens=978760 total=10.660s mean=0.011ms requested_bytes=7735979162816 (7736.0 GB)
[split-eta] chunks served hot=155046 dir_c=85268 dir_b=194321 primary=378203
[arrival] tiles=1365 waves=2629 uncovered_wait=40.689s dispatch=10.704s
[retain] enabled=false cap_gb=8 layers=63..=92 consults=0 wanted=0 hits=0 inserts=0 served=0.0MB
[summer] enabled=false cap_gb=8 sample=16 consults=0 wanted=0 hits=0 hit_rate=0.0% misses=0 inserts=0 evictions=0 recycled=0 allocs=0 pin_skips=0 gated=0 ramp=2..50 bar=0 suppressed=0 wide_skips=0 served=0.0MB copied=0.0MB ssd_avoided=0.0GB live=0/0.0GB model=0 protected=0 declined=0 topup_suppressed=0 aged=0 into=0/0/0 pending=0
[mirror-split] internal=0 K3C=0 K3B=0 K3A=0  shares=0%/0%/0%/0%
[phases] mono=418024.497931 chunks=179 sequence=276.883s read_wait=0.170s bind_upload=1.646s attention_resident=19.174s expert_read_prefetch=136.571s expert_demand_read=82.876s expert_plan=13.231s expert_hint=0.001s expert_submit=0.001s expert_kernel=116.100s source_fence=0.001s tail_head_sync=2.872s layer_other=0.293s expert_read_gross=123.339s plan_hint=12.967s plan_sched=0.260s attn_total=21.143s attn_encode=6.801s attn_wait=11.032s attn_drain=3.310s kernel_total=80.041s kernel_host=2.660s kernel_wait=9.439s kernel_drain=67.942s
[attn-split] single: calls=16368 total=14.864s encode=5.514s wait=6.040s drain=3.310s waits=28336 untimed=5576 | wide: calls=558 total=6.278s encode=1.287s wait=4.991s drain=0.000s waits=552 untimed=552 | hint: calls=16744 total=13.158s encode=0.040s wait=13.118s drain=0.000s waits=16796 untimed=16796
[kernel-split] single: calls=17253 total=69.653s encode=1.657s wait=0.841s drain=67.154s waits=18333 untimed=14568 | wide: calls=1617 total=10.388s encode=1.003s wait=8.598s drain=0.788s waits=1617 untimed=0
[kernel-sub] materialize=0.503s moe=10.902s precommit=67.462s rest=1.174s
[metal-cache] calls=26883 zero_copy_wraps=513 copies=0 cache_entries=187 bindless=true
Summary
[stats] generated=181 elapsed=288.239s speed=0.6280 token/s (1.592 s/token) chunks=180 committed_rows=251 verify_tx=4 drafts=2/14 layer_passes=16740 expert_rows=23092 expert_tiles=17422
[verify-width] w1=0 w2=3 w3=0 w4=0 w5=0 w6=0 w7=0 w8+=1              (w1 share 0.0% of 4 transactions)
[opens] expert file opens=983973 total=10.715s mean=0.011ms requested_bytes=7770863238336 (7770.9 GB)
[split-eta] chunks served hot=155805 dir_c=85683 dir_b=195280 primary=380046
[arrival] tiles=1366 waves=2635 uncovered_wait=40.698s dispatch=10.711s
[retain] enabled=false cap_gb=8 layers=63..=92 consults=0 wanted=0 hits=0 inserts=0 served=0.0MB
[summer] enabled=false cap_gb=8 sample=16 consults=0 wanted=0 hits=0 hit_rate=0.0% misses=0 inserts=0 evictions=0 recycled=0 allocs=0 pin_skips=0 gated=0 ramp=2..50 bar=0 suppressed=0 wide_skips=0 served=0.0MB copied=0.0MB ssd_avoided=0.0GB live=0/0.0GB model=0 protected=0 declined=0 topup_suppressed=0 aged=0 into=0/0/0 pending=0
[mirror-split] internal=0 K3C=0 K3B=0 K3A=0  shares=0%/0%/0%/0%
[phases] mono=418025.730847 chunks=180 sequence=278.115s read_wait=0.170s bind_upload=1.646s attention_resident=19.248s expert_read_prefetch=137.353s expert_demand_read=83.357s expert_plan=13.305s expert_hint=0.001s expert_submit=0.001s expert_kernel=116.459s source_fence=0.001s tail_head_sync=2.888s layer_other=0.294s expert_read_gross=124.047s plan_hint=13.040s plan_sched=0.261s attn_total=21.216s attn_encode=6.826s attn_wait=11.070s attn_drain=3.319s kernel_total=80.390s kernel_host=2.668s kernel_wait=9.443s kernel_drain=68.279s
[attn-split] single: calls=16461 total=14.938s encode=5.539s wait=6.079s drain=3.319s waits=28497 untimed=5620 | wide: calls=558 total=6.278s encode=1.287s wait=4.991s drain=0.000s waits=552 untimed=552 | hint: calls=16836 total=13.231s encode=0.040s wait=13.191s drain=0.000s waits=16887 untimed=16887
[kernel-split] single: calls=17350 total=70.002s encode=1.665s wait=0.845s drain=67.491s waits=18436 untimed=14652 | wide: calls=1617 total=10.388s encode=1.003s wait=8.598s drain=0.788s waits=1617 untimed=0
[kernel-sub] materialize=0.503s moe=10.908s precommit=67.801s rest=1.178s
[metal-cache] calls=26980 zero_copy_wraps=513 copies=0 cache_entries=187 bindless=true
[route-chain] chained=11730
[route-chain] dedup_hits=11730
:**

[stats] generated=182 elapsed=289.441s speed=0.6288 token/s (1.590 s/token) chunks=181 committed_rows=252 verify_tx=4 drafts=2/14 layer_passes=16833 expert_rows=23184 expert_tiles=17514
[verify-width] w1=0 w2=3 w3=0 w4=0 w5=0 w6=0 w7=0 w8+=1              (w1 share 0.0% of 4 transactions)
[opens] expert file opens=988960 total=10.768s mean=0.011ms requested_bytes=7804290858176 (7804.3 GB)
[split-eta] chunks served hot=156528 dir_c=86056 dir_b=196204 primary=381836
[arrival] tiles=1367 waves=2641 uncovered_wait=40.707s dispatch=10.719s
[retain] enabled=false cap_gb=8 layers=63..=92 consults=0 wanted=0 hits=0 inserts=0 served=0.0MB
[summer] enabled=false cap_gb=8 sample=16 consults=0 wanted=0 hits=0 hit_rate=0.0% misses=0 inserts=0 evictions=0 recycled=0 allocs=0 pin_skips=0 gated=0 ramp=2..50 bar=0 suppressed=0 wide_skips=0 served=0.0MB copied=0.0MB ssd_avoided=0.0GB live=0/0.0GB model=0 protected=0 declined=0 topup_suppressed=0 aged=0 into=0/0/0 pending=0
[mirror-split] internal=0 K3C=0 K3B=0 K3A=0  shares=0%/0%/0%/0%
[phases] mono=418026.933488 chunks=181 sequence=279.316s read_wait=0.170s bind_upload=1.646s attention_resident=19.338s expert_read_prefetch=138.070s expert_demand_read=83.791s expert_plan=13.367s expert_hint=0.001s expert_submit=0.001s expert_kernel=116.835s source_fence=0.001s tail_head_sync=2.905s layer_other=0.295s expert_read_gross=124.702s plan_hint=13.100s plan_sched=0.262s attn_total=21.306s attn_encode=6.865s attn_wait=11.106s attn_drain=3.334s kernel_total=80.757s kernel_host=2.677s kernel_wait=9.448s kernel_drain=68.632s
[attn-split] single: calls=16554 total=15.027s encode=5.578s wait=6.115s drain=3.334s waits=28658 untimed=5662 | wide: calls=558 total=6.278s encode=1.287s wait=4.991s drain=0.000s waits=552 untimed=552 | hint: calls=16928 total=13.291s encode=0.040s wait=13.251s drain=0.000s waits=16978 untimed=16978
[kernel-split] single: calls=17447 total=70.369s encode=1.674s wait=0.851s drain=67.844s waits=18539 untimed=14742 | wide: calls=1617 total=10.388s encode=1.003s wait=8.598s drain=0.788s waits=1617 untimed=0
[kernel-sub] materialize=0.503s moe=10.917s precommit=68.155s rest=1.182s
[metal-cache] calls=27077 zero_copy_wraps=513 copies=0 cache_entries=187 bindless=true
-
[stats] generated=183 elapsed=290.644s speed=0.6296 token/s (1.588 s/token) chunks=182 committed_rows=253 verify_tx=4 drafts=2/14 layer_passes=16926 expert_rows=23276 expert_tiles=17606
[verify-width] w1=0 w2=3 w3=0 w4=0 w5=0 w6=0 w7=0 w8+=1              (w1 share 0.0% of 4 transactions)
[opens] expert file opens=994051 total=10.825s mean=0.011ms requested_bytes=7838130846912 (7838.1 GB)
[split-eta] chunks served hot=157253 dir_c=86455 dir_b=197134 primary=383639
[arrival] tiles=1368 waves=2648 uncovered_wait=40.718s dispatch=10.726s
[retain] enabled=false cap_gb=8 layers=63..=92 consults=0 wanted=0 hits=0 inserts=0 served=0.0MB
[summer] enabled=false cap_gb=8 sample=16 consults=0 wanted=0 hits=0 hit_rate=0.0% misses=0 inserts=0 evictions=0 recycled=0 allocs=0 pin_skips=0 gated=0 ramp=2..50 bar=0 suppressed=0 wide_skips=0 served=0.0MB copied=0.0MB ssd_avoided=0.0GB live=0/0.0GB model=0 protected=0 declined=0 topup_suppressed=0 aged=0 into=0/0/0 pending=0
[mirror-split] internal=0 K3C=0 K3B=0 K3A=0  shares=0%/0%/0%/0%
[phases] mono=418028.135548 chunks=182 sequence=280.517s read_wait=0.170s bind_upload=1.646s attention_resident=19.406s expert_read_prefetch=138.789s expert_demand_read=84.232s expert_plan=13.428s expert_hint=0.001s expert_submit=0.001s expert_kernel=117.233s source_fence=0.001s tail_head_sync=2.919s layer_other=0.296s expert_read_gross=125.360s plan_hint=13.161s plan_sched=0.263s attn_total=21.374s attn_encode=6.887s attn_wait=11.134s attn_drain=3.353s kernel_total=81.144s kernel_host=2.686s kernel_wait=9.453s kernel_drain=69.005s
[attn-split] single: calls=16647 total=15.095s encode=5.600s wait=6.142s drain=3.353s waits=28819 untimed=5692 | wide: calls=558 total=6.278s encode=1.287s wait=4.991s drain=0.000s waits=552 untimed=552 | hint: calls=17020 total=13.352s encode=0.040s wait=13.311s drain=0.000s waits=17069 untimed=17069
[kernel-split] single: calls=17545 total=70.756s encode=1.683s wait=0.855s drain=68.218s waits=18644 untimed=14825 | wide: calls=1617 total=10.388s encode=1.003s wait=8.598s drain=0.788s waits=1617 untimed=0
[kernel-sub] materialize=0.503s moe=10.924s precommit=68.531s rest=1.187s
[metal-cache] calls=27175 zero_copy_wraps=513 copies=0 cache_entries=187 bindless=true
 Gross
[stats] generated=184 elapsed=291.848s speed=0.6305 token/s (1.586 s/token) chunks=183 committed_rows=254 verify_tx=4 drafts=2/14 layer_passes=17019 expert_rows=23368 expert_tiles=17698
[verify-width] w1=0 w2=3 w3=0 w4=0 w5=0 w6=0 w7=0 w8+=1              (w1 share 0.0% of 4 transactions)
[opens] expert file opens=999142 total=10.883s mean=0.011ms requested_bytes=7872444595392 (7872.4 GB)
[split-eta] chunks served hot=157981 dir_c=86878 dir_b=198077 primary=385456
[arrival] tiles=1369 waves=2656 uncovered_wait=40.727s dispatch=10.735s
[retain] enabled=false cap_gb=8 layers=63..=92 consults=0 wanted=0 hits=0 inserts=0 served=0.0MB
[summer] enabled=false cap_gb=8 sample=16 consults=0 wanted=0 hits=0 hit_rate=0.0% misses=0 inserts=0 evictions=0 recycled=0 allocs=0 pin_skips=0 gated=0 ramp=2..50 bar=0 suppressed=0 wide_skips=0 served=0.0MB copied=0.0MB ssd_avoided=0.0GB live=0/0.0GB model=0 protected=0 declined=0 topup_suppressed=0 aged=0 into=0/0/0 pending=0
[mirror-split] internal=0 K3C=0 K3B=0 K3A=0  shares=0%/0%/0%/0%
[phases] mono=418029.340143 chunks=183 sequence=281.720s read_wait=0.170s bind_upload=1.646s attention_resident=19.484s expert_read_prefetch=139.475s expert_demand_read=84.654s expert_plan=13.501s expert_hint=0.001s expert_submit=0.001s expert_kernel=117.663s source_fence=0.001s tail_head_sync=2.926s layer_other=0.298s expert_read_gross=125.973s plan_hint=13.232s plan_sched=0.265s attn_total=21.451s attn_encode=6.912s attn_wait=11.173s attn_drain=3.367s kernel_total=81.566s kernel_host=2.696s kernel_wait=9.459s kernel_drain=69.412s
[attn-split] single: calls=16740 total=15.173s encode=5.625s wait=6.181s drain=3.367s waits=28980 untimed=5720 | wide: calls=558 total=6.278s encode=1.287s wait=4.991s drain=0.000s waits=552 untimed=552 | hint: calls=17112 total=13.423s encode=0.040s wait=13.383s drain=0.000s waits=17160 untimed=17160
[kernel-split] single: calls=17644 total=71.178s encode=1.693s wait=0.861s drain=68.624s waits=18751 untimed=14906 | wide: calls=1617 total=10.388s encode=1.003s wait=8.598s drain=0.788s waits=1617 untimed=0
[kernel-sub] materialize=0.503s moe=10.933s precommit=68.939s rest=1.192s
[metal-cache] calls=27274 zero_copy_wraps=513 copies=0 cache_entries=187 bindless=true
 Profit
[stats] generated=185 elapsed=293.127s speed=0.6311 token/s (1.584 s/token) chunks=184 committed_rows=255 verify_tx=4 drafts=2/14 layer_passes=17112 expert_rows=23460 expert_tiles=17790
[verify-width] w1=0 w2=3 w3=0 w4=0 w5=0 w6=0 w7=0 w8+=1              (w1 share 0.0% of 4 transactions)
[opens] expert file opens=1004555 total=10.940s mean=0.011ms requested_bytes=7908223515840 (7908.2 GB)
[split-eta] chunks served hot=158760 dir_c=87278 dir_b=199066 primary=387366
[arrival] tiles=1370 waves=2664 uncovered_wait=40.736s dispatch=10.744s
[retain] enabled=false cap_gb=8 layers=63..=92 consults=0 wanted=0 hits=0 inserts=0 served=0.0MB
[summer] enabled=false cap_gb=8 sample=16 consults=0 wanted=0 hits=0 hit_rate=0.0% misses=0 inserts=0 evictions=0 recycled=0 allocs=0 pin_skips=0 gated=0 ramp=2..50 bar=0 suppressed=0 wide_skips=0 served=0.0MB copied=0.0MB ssd_avoided=0.0GB live=0/0.0GB model=0 protected=0 declined=0 topup_suppressed=0 aged=0 into=0/0/0 pending=0
[mirror-split] internal=0 K3C=0 K3B=0 K3A=0  shares=0%/0%/0%/0%
[phases] mono=418030.618979 chunks=184 sequence=282.997s read_wait=0.170s bind_upload=1.646s attention_resident=19.560s expert_read_prefetch=140.243s expert_demand_read=85.105s expert_plan=13.589s expert_hint=0.001s expert_submit=0.001s expert_kernel=118.080s source_fence=0.001s tail_head_sync=2.942s layer_other=0.299s expert_read_gross=126.654s plan_hint=13.319s plan_sched=0.266s attn_total=21.528s attn_encode=6.935s attn_wait=11.214s attn_drain=3.378s kernel_total=81.973s kernel_host=2.704s kernel_wait=9.463s kernel_drain=69.805s
[attn-split] single: calls=16833 total=15.249s encode=5.648s wait=6.223s drain=3.378s waits=29141 untimed=5756 | wide: calls=558 total=6.278s encode=1.287s wait=4.991s drain=0.000s waits=552 untimed=552 | hint: calls=17204 total=13.509s encode=0.041s wait=13.469s drain=0.000s waits=17251 untimed=17251
[kernel-split] single: calls=17743 total=71.585s encode=1.702s wait=0.866s drain=69.017s waits=18858 untimed=14993 | wide: calls=1617 total=10.388s encode=1.003s wait=8.598s drain=0.788s waits=1617 untimed=0
[kernel-sub] materialize=0.503s moe=10.941s precommit=69.334s rest=1.196s
[metal-cache] calls=27373 zero_copy_wraps=513 copies=0 cache_entries=187 bindless=true
:
[stats] generated=186 elapsed=294.409s speed=0.6318 token/s (1.583 s/token) chunks=185 committed_rows=256 verify_tx=4 drafts=2/14 layer_passes=17205 expert_rows=23552 expert_tiles=17882
[verify-width] w1=0 w2=3 w3=0 w4=0 w5=0 w6=0 w7=0 w8+=1              (w1 share 0.0% of 4 transactions)
[opens] expert file opens=1009853 total=10.999s mean=0.011ms requested_bytes=7943818198208 (7943.8 GB)
[split-eta] chunks served hot=159536 dir_c=87672 dir_b=200046 primary=389273
[arrival] tiles=1371 waves=2670 uncovered_wait=40.743s dispatch=10.752s
[retain] enabled=false cap_gb=8 layers=63..=92 consults=0 wanted=0 hits=0 inserts=0 served=0.0MB
[summer] enabled=false cap_gb=8 sample=16 consults=0 wanted=0 hits=0 hit_rate=0.0% misses=0 inserts=0 evictions=0 recycled=0 allocs=0 pin_skips=0 gated=0 ramp=2..50 bar=0 suppressed=0 wide_skips=0 served=0.0MB copied=0.0MB ssd_avoided=0.0GB live=0/0.0GB model=0 protected=0 declined=0 topup_suppressed=0 aged=0 into=0/0/0 pending=0
[mirror-split] internal=0 K3C=0 K3B=0 K3A=0  shares=0%/0%/0%/0%
[phases] mono=418031.901295 chunks=185 sequence=284.279s read_wait=0.170s bind_upload=1.646s attention_resident=19.657s expert_read_prefetch=140.972s expert_demand_read=85.587s expert_plan=13.653s expert_hint=0.001s expert_submit=0.001s expert_kernel=118.515s source_fence=0.001s tail_head_sync=2.960s layer_other=0.300s expert_read_gross=127.319s plan_hint=13.382s plan_sched=0.267s attn_total=21.624s attn_encode=6.977s attn_wait=11.251s attn_drain=3.396s kernel_total=82.400s kernel_host=2.713s kernel_wait=9.468s kernel_drain=70.219s
[attn-split] single: calls=16926 total=15.346s encode=5.690s wait=6.259s drain=3.396s waits=29302 untimed=5792 | wide: calls=558 total=6.278s encode=1.287s wait=4.991s drain=0.000s waits=552 untimed=552 | hint: calls=17296 total=13.572s encode=0.041s wait=13.532s drain=0.000s waits=17342 untimed=17342
[kernel-split] single: calls=17840 total=72.012s encode=1.711s wait=0.871s drain=69.431s waits=18961 untimed=15083 | wide: calls=1617 total=10.388s encode=1.003s wait=8.598s drain=0.788s waits=1617 untimed=0
[kernel-sub] materialize=0.503s moe=10.949s precommit=69.748s rest=1.200s
[metal-cache] calls=27470 zero_copy_wraps=513 copies=0 cache_entries=187 bindless=true
 **
[stats] generated=187 elapsed=295.611s speed=0.6326 token/s (1.581 s/token) chunks=186 committed_rows=257 verify_tx=4 drafts=2/14 layer_passes=17298 expert_rows=23644 expert_tiles=17974
[verify-width] w1=0 w2=3 w3=0 w4=0 w5=0 w6=0 w7=0 w8+=1              (w1 share 0.0% of 4 transactions)
[opens] expert file opens=1015034 total=11.052s mean=0.011ms requested_bytes=7978167041216 (7978.2 GB)
[split-eta] chunks served hot=160290 dir_c=88058 dir_b=200993 primary=391101
[arrival] tiles=1372 waves=2676 uncovered_wait=40.752s dispatch=10.760s
[retain] enabled=false cap_gb=8 layers=63..=92 consults=0 wanted=0 hits=0 inserts=0 served=0.0MB
[summer] enabled=false cap_gb=8 sample=16 consults=0 wanted=0 hits=0 hit_rate=0.0% misses=0 inserts=0 evictions=0 recycled=0 allocs=0 pin_skips=0 gated=0 ramp=2..50 bar=0 suppressed=0 wide_skips=0 served=0.0MB copied=0.0MB ssd_avoided=0.0GB live=0/0.0GB model=0 protected=0 declined=0 topup_suppressed=0 aged=0 into=0/0/0 pending=0
[mirror-split] internal=0 K3C=0 K3B=0 K3A=0  shares=0%/0%/0%/0%
[phases] mono=418033.103125 chunks=186 sequence=285.479s read_wait=0.170s bind_upload=1.646s attention_resident=19.728s expert_read_prefetch=141.728s expert_demand_read=86.043s expert_plan=13.729s expert_hint=0.001s expert_submit=0.001s expert_kernel=118.877s source_fence=0.001s tail_head_sync=2.970s layer_other=0.301s expert_read_gross=127.999s plan_hint=13.456s plan_sched=0.268s attn_total=21.695s attn_encode=6.998s attn_wait=11.282s attn_drain=3.414s kernel_total=82.754s kernel_host=2.722s kernel_wait=9.473s kernel_drain=70.559s
[attn-split] single: calls=17019 total=15.416s encode=5.711s wait=6.291s drain=3.414s waits=29463 untimed=5827 | wide: calls=558 total=6.278s encode=1.287s wait=4.991s drain=0.000s waits=552 untimed=552 | hint: calls=17388 total=13.647s encode=0.041s wait=13.606s drain=0.000s waits=17433 untimed=17433
[kernel-split] single: calls=17937 total=72.366s encode=1.719s wait=0.876s drain=69.771s waits=19064 untimed=15167 | wide: calls=1617 total=10.388s encode=1.003s wait=8.598s drain=0.788s waits=1617 untimed=0
[kernel-sub] materialize=0.503s moe=10.957s precommit=70.090s rest=1.204s
[metal-cache] calls=27567 zero_copy_wraps=513 copies=0 cache_entries=187 bindless=true
1
[stats] generated=188 elapsed=296.848s speed=0.6333 token/s (1.579 s/token) chunks=187 committed_rows=258 verify_tx=4 drafts=2/14 layer_passes=17391 expert_rows=23736 expert_tiles=18066
[verify-width] w1=0 w2=3 w3=0 w4=0 w5=0 w6=0 w7=0 w8+=1              (w1 share 0.0% of 4 transactions)
[opens] expert file opens=1020256 total=11.108s mean=0.011ms requested_bytes=8013314260160 (8013.3 GB)
[split-eta] chunks served hot=161048 dir_c=88484 dir_b=201952 primary=392964
[arrival] tiles=1373 waves=2683 uncovered_wait=40.761s dispatch=10.767s
[retain] enabled=false cap_gb=8 layers=63..=92 consults=0 wanted=0 hits=0 inserts=0 served=0.0MB
[summer] enabled=false cap_gb=8 sample=16 consults=0 wanted=0 hits=0 hit_rate=0.0% misses=0 inserts=0 evictions=0 recycled=0 allocs=0 pin_skips=0 gated=0 ramp=2..50 bar=0 suppressed=0 wide_skips=0 served=0.0MB copied=0.0MB ssd_avoided=0.0GB live=0/0.0GB model=0 protected=0 declined=0 topup_suppressed=0 aged=0 into=0/0/0 pending=0
[mirror-split] internal=0 K3C=0 K3B=0 K3A=0  shares=0%/0%/0%/0%
[phases] mono=418034.339456 chunks=187 sequence=286.714s read_wait=0.170s bind_upload=1.646s attention_resident=19.805s expert_read_prefetch=142.458s expert_demand_read=86.481s expert_plan=13.812s expert_hint=0.001s expert_submit=0.001s expert_kernel=119.287s source_fence=0.001s tail_head_sync=2.987s layer_other=0.302s expert_read_gross=128.646s plan_hint=13.538s plan_sched=0.269s attn_total=21.772s attn_encode=7.023s attn_wait=11.314s attn_drain=3.434s kernel_total=83.155s kernel_host=2.731s kernel_wait=9.478s kernel_drain=70.945s
[attn-split] single: calls=17112 total=15.493s encode=5.737s wait=6.323s drain=3.434s waits=29624 untimed=5853 | wide: calls=558 total=6.278s encode=1.287s wait=4.991s drain=0.000s waits=552 untimed=552 | hint: calls=17480 total=13.729s encode=0.041s wait=13.688s drain=0.000s waits=17524 untimed=17524
[kernel-split] single: calls=18035 total=72.766s encode=1.729s wait=0.881s drain=70.157s waits=19169 untimed=15248 | wide: calls=1617 total=10.388s encode=1.003s wait=8.598s drain=0.788s waits=1617 untimed=0
[kernel-sub] materialize=0.503s moe=10.964s precommit=70.479s rest=1.209s
[metal-cache] calls=27665 zero_copy_wraps=513 copies=0 cache_entries=187 bindless=true
,
[stats] generated=189 elapsed=298.123s speed=0.6340 token/s (1.577 s/token) chunks=188 committed_rows=259 verify_tx=4 drafts=2/14 layer_passes=17484 expert_rows=23828 expert_tiles=18158
[verify-width] w1=0 w2=3 w3=0 w4=0 w5=0 w6=0 w7=0 w8+=1              (w1 share 0.0% of 4 transactions)
[opens] expert file opens=1025646 total=11.165s mean=0.011ms requested_bytes=8049628380352 (8049.6 GB)
[split-eta] chunks served hot=161837 dir_c=88935 dir_b=202944 primary=394871
[arrival] tiles=1374 waves=2687 uncovered_wait=40.771s dispatch=10.772s
[retain] enabled=false cap_gb=8 layers=63..=92 consults=0 wanted=0 hits=0 inserts=0 served=0.0MB
[summer] enabled=false cap_gb=8 sample=16 consults=0 wanted=0 hits=0 hit_rate=0.0% misses=0 inserts=0 evictions=0 recycled=0 allocs=0 pin_skips=0 gated=0 ramp=2..50 bar=0 suppressed=0 wide_skips=0 served=0.0MB copied=0.0MB ssd_avoided=0.0GB live=0/0.0GB model=0 protected=0 declined=0 topup_suppressed=0 aged=0 into=0/0/0 pending=0
[mirror-split] internal=0 K3C=0 K3B=0 K3A=0  shares=0%/0%/0%/0%
[phases] mono=418035.614931 chunks=188 sequence=287.988s read_wait=0.170s bind_upload=1.646s attention_resident=19.882s expert_read_prefetch=143.262s expert_demand_read=86.959s expert_plan=13.895s expert_hint=0.001s expert_submit=0.001s expert_kernel=119.662s source_fence=0.001s tail_head_sync=3.003s layer_other=0.304s expert_read_gross=129.367s plan_hint=13.621s plan_sched=0.270s attn_total=21.848s attn_encode=7.051s attn_wait=11.350s attn_drain=3.447s kernel_total=83.520s kernel_host=2.739s kernel_wait=9.481s kernel_drain=71.299s
[attn-split] single: calls=17205 total=15.570s encode=5.764s wait=6.359s drain=3.447s waits=29785 untimed=5888 | wide: calls=558 total=6.278s encode=1.287s wait=4.991s drain=0.000s waits=552 untimed=552 | hint: calls=17572 total=13.811s encode=0.042s wait=13.770s drain=0.000s waits=17615 untimed=17615
[kernel-split] single: calls=18130 total=73.131s encode=1.737s wait=0.884s drain=70.511s waits=19268 untimed=15329 | wide: calls=1617 total=10.388s encode=1.003s wait=8.598s drain=0.788s waits=1617 untimed=0
[kernel-sub] materialize=0.503s moe=10.969s precommit=70.835s rest=1.213s
[metal-cache] calls=27760 zero_copy_wraps=513 copies=0 cache_entries=187 bindless=true
550
[stats] generated=190 elapsed=299.421s speed=0.6346 token/s (1.576 s/token) chunks=189 committed_rows=260 verify_tx=4 drafts=2/14 layer_passes=17577 expert_rows=23920 expert_tiles=18250
[verify-width] w1=0 w2=3 w3=0 w4=0 w5=0 w6=0 w7=0 w8+=1              (w1 share 0.0% of 4 transactions)
[opens] expert file opens=1031060 total=11.225s mean=0.011ms requested_bytes=8086065380544 (8086.1 GB)
[split-eta] chunks served hot=162637 dir_c=89360 dir_b=203940 primary=396803
[arrival] tiles=1375 waves=2694 uncovered_wait=40.780s dispatch=10.781s
[retain] enabled=false cap_gb=8 layers=63..=92 consults=0 wanted=0 hits=0 inserts=0 served=0.0MB
[summer] enabled=false cap_gb=8 sample=16 consults=0 wanted=0 hits=0 hit_rate=0.0% misses=0 inserts=0 evictions=0 recycled=0 allocs=0 pin_skips=0 gated=0 ramp=2..50 bar=0 suppressed=0 wide_skips=0 served=0.0MB copied=0.0MB ssd_avoided=0.0GB live=0/0.0GB model=0 protected=0 declined=0 topup_suppressed=0 aged=0 into=0/0/0 pending=0
[mirror-split] internal=0 K3C=0 K3B=0 K3A=0  shares=0%/0%/0%/0%
[phases] mono=418036.913245 chunks=189 sequence=289.269s read_wait=0.170s bind_upload=1.646s attention_resident=19.980s expert_read_prefetch=144.032s expert_demand_read=87.438s expert_plan=13.962s expert_hint=0.001s expert_submit=0.001s expert_kernel=120.058s source_fence=0.001s tail_head_sync=3.020s layer_other=0.305s expert_read_gross=130.069s plan_hint=13.686s plan_sched=0.271s attn_total=21.947s attn_encode=7.095s attn_wait=11.382s attn_drain=3.470s kernel_total=83.906s kernel_host=2.748s kernel_wait=9.486s kernel_drain=71.672s
[attn-split] single: calls=17298 total=15.668s encode=5.808s wait=6.391s drain=3.470s waits=29946 untimed=5918 | wide: calls=558 total=6.278s encode=1.287s wait=4.991s drain=0.000s waits=552 untimed=552 | hint: calls=17664 total=13.877s encode=0.042s wait=13.835s drain=0.000s waits=17706 untimed=17706
[kernel-split] single: calls=18228 total=73.517s encode=1.745s wait=0.889s drain=70.884s waits=19373 untimed=15412 | wide: calls=1617 total=10.388s encode=1.003s wait=8.598s drain=0.788s waits=1617 untimed=0
[kernel-sub] materialize=0.503s moe=10.977s precommit=71.209s rest=1.217s
[metal-cache] calls=27858 zero_copy_wraps=513 copies=0 cache_entries=187 bindless=true
,
[stats] generated=191 elapsed=300.704s speed=0.6352 token/s (1.574 s/token) chunks=190 committed_rows=261 verify_tx=4 drafts=2/14 layer_passes=17670 expert_rows=24012 expert_tiles=18342
[verify-width] w1=0 w2=3 w3=0 w4=0 w5=0 w6=0 w7=0 w8+=1              (w1 share 0.0% of 4 transactions)
[opens] expert file opens=1036500 total=11.283s mean=0.011ms requested_bytes=8122590018752 (8122.6 GB)
[split-eta] chunks served hot=163422 dir_c=89816 dir_b=204938 primary=398727
[arrival] tiles=1376 waves=2699 uncovered_wait=40.790s dispatch=10.787s
[retain] enabled=false cap_gb=8 layers=63..=92 consults=0 wanted=0 hits=0 inserts=0 served=0.0MB
[summer] enabled=false cap_gb=8 sample=16 consults=0 wanted=0 hits=0 hit_rate=0.0% misses=0 inserts=0 evictions=0 recycled=0 allocs=0 pin_skips=0 gated=0 ramp=2..50 bar=0 suppressed=0 wide_skips=0 served=0.0MB copied=0.0MB ssd_avoided=0.0GB live=0/0.0GB model=0 protected=0 declined=0 topup_suppressed=0 aged=0 into=0/0/0 pending=0
[mirror-split] internal=0 K3C=0 K3B=0 K3A=0  shares=0%/0%/0%/0%
[phases] mono=418038.195639 chunks=190 sequence=290.550s read_wait=0.170s bind_upload=1.646s attention_resident=20.063s expert_read_prefetch=144.794s expert_demand_read=87.893s expert_plan=14.031s expert_hint=0.001s expert_submit=0.001s expert_kernel=120.477s source_fence=0.001s tail_head_sync=3.035s layer_other=0.306s expert_read_gross=130.762s plan_hint=13.754s plan_sched=0.272s attn_total=22.029s attn_encode=7.120s attn_wait=11.430s attn_drain=3.479s kernel_total=84.314s kernel_host=2.756s kernel_wait=9.491s kernel_drain=72.068s
[attn-split] single: calls=17391 total=15.751s encode=5.833s wait=6.439s drain=3.479s waits=30107 untimed=5958 | wide: calls=558 total=6.278s encode=1.287s wait=4.991s drain=0.000s waits=552 untimed=552 | hint: calls=17756 total=13.945s encode=0.042s wait=13.903s drain=0.000s waits=17797 untimed=17797
[kernel-split] single: calls=18324 total=73.926s encode=1.753s wait=0.893s drain=71.280s waits=19474 untimed=15499 | wide: calls=1617 total=10.388s encode=1.003s wait=8.598s drain=0.788s waits=1617 untimed=0
[kernel-sub] materialize=0.503s moe=10.984s precommit=71.607s rest=1.221s
[metal-cache] calls=27954 zero_copy_wraps=513 copies=0 cache_entries=187 bindless=true
000
[stats] generated=192 elapsed=301.960s speed=0.6358 token/s (1.573 s/token) chunks=191 committed_rows=262 verify_tx=4 drafts=2/14 layer_passes=17763 expert_rows=24104 expert_tiles=18434
[verify-width] w1=0 w2=3 w3=0 w4=0 w5=0 w6=0 w7=0 w8+=1              (w1 share 0.0% of 4 transactions)
[opens] expert file opens=1041805 total=11.339s mean=0.011ms requested_bytes=8158228544704 (8158.2 GB)
[split-eta] chunks served hot=164179 dir_c=90255 dir_b=205913 primary=400618
[arrival] tiles=1377 waves=2706 uncovered_wait=40.799s dispatch=10.797s
[retain] enabled=false cap_gb=8 layers=63..=92 consults=0 wanted=0 hits=0 inserts=0 served=0.0MB
[summer] enabled=false cap_gb=8 sample=16 consults=0 wanted=0 hits=0 hit_rate=0.0% misses=0 inserts=0 evictions=0 recycled=0 allocs=0 pin_skips=0 gated=0 ramp=2..50 bar=0 suppressed=0 wide_skips=0 served=0.0MB copied=0.0MB ssd_avoided=0.0GB live=0/0.0GB model=0 protected=0 declined=0 topup_suppressed=0 aged=0 into=0/0/0 pending=0
[mirror-split] internal=0 K3C=0 K3B=0 K3A=0  shares=0%/0%/0%/0%
[phases] mono=418039.451754 chunks=191 sequence=291.805s read_wait=0.170s bind_upload=1.646s attention_resident=20.148s expert_read_prefetch=145.511s expert_demand_read=88.325s expert_plan=14.105s expert_hint=0.001s expert_submit=0.001s expert_kernel=120.914s source_fence=0.001s tail_head_sync=3.049s layer_other=0.307s expert_read_gross=131.405s plan_hint=13.827s plan_sched=0.274s attn_total=22.114s attn_encode=7.148s attn_wait=11.461s attn_drain=3.505s kernel_total=84.743s kernel_host=2.766s kernel_wait=9.496s kernel_drain=72.480s
[attn-split] single: calls=17484 total=15.836s encode=5.861s wait=6.469s drain=3.505s waits=30268 untimed=5982 | wide: calls=558 total=6.278s encode=1.287s wait=4.991s drain=0.000s waits=552 untimed=552 | hint: calls=17848 total=14.018s encode=0.042s wait=13.975s drain=0.000s waits=17888 untimed=17888
[kernel-split] single: calls=18422 total=74.354s encode=1.763s wait=0.899s drain=71.692s waits=19579 untimed=15579 | wide: calls=1617 total=10.388s encode=1.003s wait=8.598s drain=0.788s waits=1617 untimed=0
[kernel-sub] materialize=0.503s moe=10.993s precommit=72.021s rest=1.226s
[metal-cache] calls=28052 zero_copy_wraps=513 copies=0 cache_entries=187 bindless=true
[route-chain] chained=12420
[route-chain] dedup_hits=12420
**

[stats] generated=193 elapsed=303.280s speed=0.6364 token/s (1.571 s/token) chunks=192 committed_rows=263 verify_tx=4 drafts=2/14 layer_passes=17856 expert_rows=24196 expert_tiles=18526
[verify-width] w1=0 w2=3 w3=0 w4=0 w5=0 w6=0 w7=0 w8+=1              (w1 share 0.0% of 4 transactions)
[opens] expert file opens=1047296 total=11.398s mean=0.011ms requested_bytes=8195148053696 (8195.1 GB)
[split-eta] chunks served hot=164978 dir_c=90690 dir_b=206929 primary=402576
[arrival] tiles=1378 waves=2712 uncovered_wait=40.808s dispatch=10.805s
[retain] enabled=false cap_gb=8 layers=63..=92 consults=0 wanted=0 hits=0 inserts=0 served=0.0MB
[summer] enabled=false cap_gb=8 sample=16 consults=0 wanted=0 hits=0 hit_rate=0.0% misses=0 inserts=0 evictions=0 recycled=0 allocs=0 pin_skips=0 gated=0 ramp=2..50 bar=0 suppressed=0 wide_skips=0 served=0.0MB copied=0.0MB ssd_avoided=0.0GB live=0/0.0GB model=0 protected=0 declined=0 topup_suppressed=0 aged=0 into=0/0/0 pending=0
[mirror-split] internal=0 K3C=0 K3B=0 K3A=0  shares=0%/0%/0%/0%
[phases] mono=418040.772073 chunks=192 sequence=293.124s read_wait=0.170s bind_upload=1.646s attention_resident=20.227s expert_read_prefetch=146.314s expert_demand_read=88.801s expert_plan=14.185s expert_hint=0.001s expert_submit=0.001s expert_kernel=121.334s source_fence=0.001s tail_head_sync=3.065s layer_other=0.309s expert_read_gross=132.128s plan_hint=13.906s plan_sched=0.275s attn_total=22.193s attn_encode=7.173s attn_wait=11.495s attn_drain=3.525s kernel_total=85.153s kernel_host=2.775s kernel_wait=9.501s kernel_drain=72.877s
[attn-split] single: calls=17577 total=15.915s encode=5.886s wait=6.504s drain=3.525s waits=30429 untimed=6012 | wide: calls=558 total=6.278s encode=1.287s wait=4.991s drain=0.000s waits=552 untimed=552 | hint: calls=17940 total=14.097s encode=0.042s wait=14.054s drain=0.000s waits=17979 untimed=17979
[kernel-split] single: calls=18519 total=74.765s encode=1.772s wait=0.903s drain=72.089s waits=19682 untimed=15661 | wide: calls=1617 total=10.388s encode=1.003s wait=8.598s drain=0.788s waits=1617 untimed=0
[kernel-sub] materialize=0.503s moe=11.001s precommit=72.419s rest=1.230s
[metal-cache] calls=28149 zero_copy_wraps=513 copies=0 cache_entries=187 bindless=true
-
[stats] generated=194 elapsed=304.566s speed=0.6370 token/s (1.570 s/token) chunks=193 committed_rows=264 verify_tx=4 drafts=2/14 layer_passes=17949 expert_rows=24288 expert_tiles=18618
[verify-width] w1=0 w2=3 w3=0 w4=0 w5=0 w6=0 w7=0 w8+=1              (w1 share 0.0% of 4 transactions)
[opens] expert file opens=1052601 total=11.462s mean=0.011ms requested_bytes=8231663975616 (8231.7 GB)
[split-eta] chunks served hot=165786 dir_c=91120 dir_b=207920 primary=404509
[arrival] tiles=1379 waves=2715 uncovered_wait=40.818s dispatch=10.810s
[retain] enabled=false cap_gb=8 layers=63..=92 consults=0 wanted=0 hits=0 inserts=0 served=0.0MB
[summer] enabled=false cap_gb=8 sample=16 consults=0 wanted=0 hits=0 hit_rate=0.0% misses=0 inserts=0 evictions=0 recycled=0 allocs=0 pin_skips=0 gated=0 ramp=2..50 bar=0 suppressed=0 wide_skips=0 served=0.0MB copied=0.0MB ssd_avoided=0.0GB live=0/0.0GB model=0 protected=0 declined=0 topup_suppressed=0 aged=0 into=0/0/0 pending=0
[mirror-split] internal=0 K3C=0 K3B=0 K3A=0  shares=0%/0%/0%/0%
[phases] mono=418042.057578 chunks=193 sequence=294.408s read_wait=0.170s bind_upload=1.646s attention_resident=20.334s expert_read_prefetch=147.042s expert_demand_read=89.250s expert_plan=14.257s expert_hint=0.001s expert_submit=0.001s expert_kernel=121.766s source_fence=0.001s tail_head_sync=3.081s layer_other=0.310s expert_read_gross=132.784s plan_hint=13.977s plan_sched=0.276s attn_total=22.300s attn_encode=7.215s attn_wait=11.532s attn_drain=3.552s kernel_total=85.575s kernel_host=2.782s kernel_wait=9.505s kernel_drain=73.288s
[attn-split] single: calls=17670 total=16.021s encode=5.928s wait=6.541s drain=3.552s waits=30590 untimed=6042 | wide: calls=558 total=6.278s encode=1.287s wait=4.991s drain=0.000s waits=552 untimed=552 | hint: calls=18032 total=14.167s encode=0.043s wait=14.125s drain=0.000s waits=18070 untimed=18070
[kernel-split] single: calls=18613 total=75.187s encode=1.780s wait=0.907s drain=72.500s waits=19779 untimed=15723 | wide: calls=1617 total=10.388s encode=1.003s wait=8.598s drain=0.788s waits=1617 untimed=0
[kernel-sub] materialize=0.503s moe=11.006s precommit=72.832s rest=1.234s
[metal-cache] calls=28243 zero_copy_wraps=513 copies=0 cache_entries=187 bindless=true
 Operating
[stats] generated=195 elapsed=305.903s speed=0.6375 token/s (1.569 s/token) chunks=194 committed_rows=265 verify_tx=4 drafts=2/14 layer_passes=18042 expert_rows=24380 expert_tiles=18710
[verify-width] w1=0 w2=3 w3=0 w4=0 w5=0 w6=0 w7=0 w8+=1              (w1 share 0.0% of 4 transactions)
[opens] expert file opens=1058149 total=11.523s mean=0.011ms requested_bytes=8268951960768 (8269.0 GB)
[split-eta] chunks served hot=166573 dir_c=91572 dir_b=208946 primary=406494
[arrival] tiles=1380 waves=2723 uncovered_wait=40.827s dispatch=10.819s
[retain] enabled=false cap_gb=8 layers=63..=92 consults=0 wanted=0 hits=0 inserts=0 served=0.0MB
[summer] enabled=false cap_gb=8 sample=16 consults=0 wanted=0 hits=0 hit_rate=0.0% misses=0 inserts=0 evictions=0 recycled=0 allocs=0 pin_skips=0 gated=0 ramp=2..50 bar=0 suppressed=0 wide_skips=0 served=0.0MB copied=0.0MB ssd_avoided=0.0GB live=0/0.0GB model=0 protected=0 declined=0 topup_suppressed=0 aged=0 into=0/0/0 pending=0
[mirror-split] internal=0 K3C=0 K3B=0 K3A=0  shares=0%/0%/0%/0%
[phases] mono=418043.395075 chunks=194 sequence=295.744s read_wait=0.170s bind_upload=1.646s attention_resident=20.418s expert_read_prefetch=147.842s expert_demand_read=89.756s expert_plan=14.329s expert_hint=0.001s expert_submit=0.001s expert_kernel=122.200s source_fence=0.001s tail_head_sync=3.097s layer_other=0.311s expert_read_gross=133.513s plan_hint=14.048s plan_sched=0.277s attn_total=22.384s attn_encode=7.240s attn_wait=11.573s attn_drain=3.572s kernel_total=86.000s kernel_host=2.791s kernel_wait=9.510s kernel_drain=73.699s
[attn-split] single: calls=17763 total=16.106s encode=5.953s wait=6.582s drain=3.572s waits=30751 untimed=6079 | wide: calls=558 total=6.278s encode=1.287s wait=4.991s drain=0.000s waits=552 untimed=552 | hint: calls=18124 total=14.238s encode=0.043s wait=14.195s drain=0.000s waits=18161 untimed=18161
[kernel-split] single: calls=18712 total=75.612s encode=1.788s wait=0.913s drain=72.911s waits=19886 untimed=15810 | wide: calls=1617 total=10.388s encode=1.003s wait=8.598s drain=0.788s waits=1617 untimed=0
[kernel-sub] materialize=0.503s moe=11.015s precommit=73.244s rest=1.238s
[metal-cache] calls=28342 zero_copy_wraps=513 copies=0 cache_entries=187 bindless=true
 Profit
[stats] generated=196 elapsed=307.193s speed=0.6380 token/s (1.567 s/token) chunks=195 committed_rows=266 verify_tx=4 drafts=2/14 layer_passes=18135 expert_rows=24472 expert_tiles=18802
[verify-width] w1=0 w2=3 w3=0 w4=0 w5=0 w6=0 w7=0 w8+=1              (w1 share 0.0% of 4 transactions)
[opens] expert file opens=1063573 total=11.587s mean=0.011ms requested_bytes=8305116921024 (8305.1 GB)
[split-eta] chunks served hot=167378 dir_c=91960 dir_b=209950 primary=408419
[arrival] tiles=1381 waves=2727 uncovered_wait=40.837s dispatch=10.826s
[retain] enabled=false cap_gb=8 layers=63..=92 consults=0 wanted=0 hits=0 inserts=0 served=0.0MB
[summer] enabled=false cap_gb=8 sample=16 consults=0 wanted=0 hits=0 hit_rate=0.0% misses=0 inserts=0 evictions=0 recycled=0 allocs=0 pin_skips=0 gated=0 ramp=2..50 bar=0 suppressed=0 wide_skips=0 served=0.0MB copied=0.0MB ssd_avoided=0.0GB live=0/0.0GB model=0 protected=0 declined=0 topup_suppressed=0 aged=0 into=0/0/0 pending=0
[mirror-split] internal=0 K3C=0 K3B=0 K3A=0  shares=0%/0%/0%/0%
[phases] mono=418044.685167 chunks=195 sequence=297.033s read_wait=0.170s bind_upload=1.646s attention_resident=20.497s expert_read_prefetch=148.599s expert_demand_read=90.208s expert_plan=14.407s expert_hint=0.001s expert_submit=0.001s expert_kernel=122.636s source_fence=0.001s tail_head_sync=3.113s layer_other=0.313s expert_read_gross=134.191s plan_hint=14.125s plan_sched=0.278s attn_total=22.463s attn_encode=7.264s attn_wait=11.616s attn_drain=3.583s kernel_total=86.426s kernel_host=2.800s kernel_wait=9.515s kernel_drain=74.111s
[attn-split] single: calls=17856 total=16.184s encode=5.977s wait=6.624s drain=3.583s waits=30912 untimed=6112 | wide: calls=558 total=6.278s encode=1.287s wait=4.991s drain=0.000s waits=552 untimed=552 | hint: calls=18216 total=14.315s encode=0.043s wait=14.272s drain=0.000s waits=18252 untimed=18252
[kernel-split] single: calls=18807 total=76.038s encode=1.797s wait=0.917s drain=73.323s waits=19985 untimed=15888 | wide: calls=1617 total=10.388s encode=1.003s wait=8.598s drain=0.788s waits=1617 untimed=0
[kernel-sub] materialize=0.503s moe=11.022s precommit=73.658s rest=1.243s
[metal-cache] calls=28437 zero_copy_wraps=513 copies=0 cache_entries=187 bindless=true
:
[stats] generated=197 elapsed=308.523s speed=0.6385 token/s (1.566 s/token) chunks=196 committed_rows=267 verify_tx=4 drafts=2/14 layer_passes=18228 expert_rows=24564 expert_tiles=18894
[verify-width] w1=0 w2=3 w3=0 w4=0 w5=0 w6=0 w7=0 w8+=1              (w1 share 0.0% of 4 transactions)
[opens] expert file opens=1069129 total=11.644s mean=0.011ms requested_bytes=8342176791744 (8342.2 GB)
[split-eta] chunks served hot=168181 dir_c=92389 dir_b=210976 primary=410385
[arrival] tiles=1382 waves=2733 uncovered_wait=40.848s dispatch=10.834s
[retain] enabled=false cap_gb=8 layers=63..=92 consults=0 wanted=0 hits=0 inserts=0 served=0.0MB
[summer] enabled=false cap_gb=8 sample=16 consults=0 wanted=0 hits=0 hit_rate=0.0% misses=0 inserts=0 evictions=0 recycled=0 allocs=0 pin_skips=0 gated=0 ramp=2..50 bar=0 suppressed=0 wide_skips=0 served=0.0MB copied=0.0MB ssd_avoided=0.0GB live=0/0.0GB model=0 protected=0 declined=0 topup_suppressed=0 aged=0 into=0/0/0 pending=0
[mirror-split] internal=0 K3C=0 K3B=0 K3A=0  shares=0%/0%/0%/0%
[phases] mono=418046.014592 chunks=196 sequence=298.361s read_wait=0.170s bind_upload=1.646s attention_resident=20.574s expert_read_prefetch=149.394s expert_demand_read=90.681s expert_plan=14.484s expert_hint=0.001s expert_submit=0.001s expert_kernel=123.074s source_fence=0.001s tail_head_sync=3.129s layer_other=0.314s expert_read_gross=134.909s plan_hint=14.200s plan_sched=0.279s attn_total=22.540s attn_encode=7.288s attn_wait=11.647s attn_drain=3.604s kernel_total=86.853s kernel_host=2.809s kernel_wait=9.520s kernel_drain=74.524s
[attn-split] single: calls=17949 total=16.261s encode=6.001s wait=6.656s drain=3.604s waits=31073 untimed=6141 | wide: calls=558 total=6.278s encode=1.287s wait=4.991s drain=0.000s waits=552 untimed=552 | hint: calls=18308 total=14.391s encode=0.043s wait=14.347s drain=0.000s waits=18343 untimed=18343
[kernel-split] single: calls=18904 total=76.465s encode=1.806s wait=0.923s drain=73.736s waits=20088 untimed=15973 | wide: calls=1617 total=10.388s encode=1.003s wait=8.598s drain=0.788s waits=1617 untimed=0
[kernel-sub] materialize=0.503s moe=11.030s precommit=74.073s rest=1.247s
[metal-cache] calls=28534 zero_copy_wraps=513 copies=0 cache_entries=187 bindless=true
 **
[stats] generated=198 elapsed=309.853s speed=0.6390 token/s (1.565 s/token) chunks=197 committed_rows=268 verify_tx=4 drafts=2/14 layer_passes=18321 expert_rows=24656 expert_tiles=18986
[verify-width] w1=0 w2=3 w3=0 w4=0 w5=0 w6=0 w7=0 w8+=1              (w1 share 0.0% of 4 transactions)
[opens] expert file opens=1074625 total=11.706s mean=0.011ms requested_bytes=8379491138752 (8379.5 GB)
[split-eta] chunks served hot=168996 dir_c=92830 dir_b=212009 primary=412349
[arrival] tiles=1383 waves=2740 uncovered_wait=40.857s dispatch=10.841s
[retain] enabled=false cap_gb=8 layers=63..=92 consults=0 wanted=0 hits=0 inserts=0 served=0.0MB
[summer] enabled=false cap_gb=8 sample=16 consults=0 wanted=0 hits=0 hit_rate=0.0% misses=0 inserts=0 evictions=0 recycled=0 allocs=0 pin_skips=0 gated=0 ramp=2..50 bar=0 suppressed=0 wide_skips=0 served=0.0MB copied=0.0MB ssd_avoided=0.0GB live=0/0.0GB model=0 protected=0 declined=0 topup_suppressed=0 aged=0 into=0/0/0 pending=0
[mirror-split] internal=0 K3C=0 K3B=0 K3A=0  shares=0%/0%/0%/0%
[phases] mono=418047.345165 chunks=197 sequence=299.691s read_wait=0.170s bind_upload=1.646s attention_resident=20.666s expert_read_prefetch=150.201s expert_demand_read=91.188s expert_plan=14.553s expert_hint=0.001s expert_submit=0.001s expert_kernel=123.486s source_fence=0.001s tail_head_sync=3.146s layer_other=0.315s expert_read_gross=135.647s plan_hint=14.269s plan_sched=0.280s attn_total=22.631s attn_encode=7.320s attn_wait=11.681s attn_drain=3.630s kernel_total=87.256s kernel_host=2.817s kernel_wait=9.524s kernel_drain=74.915s
[attn-split] single: calls=18042 total=16.353s encode=6.033s wait=6.690s drain=3.630s waits=31234 untimed=6176 | wide: calls=558 total=6.278s encode=1.287s wait=4.991s drain=0.000s waits=552 untimed=552 | hint: calls=18400 total=14.459s encode=0.043s wait=14.415s drain=0.000s waits=18434 untimed=18434
[kernel-split] single: calls=19002 total=76.868s encode=1.814s wait=0.927s drain=74.127s waits=20193 untimed=16063 | wide: calls=1617 total=10.388s encode=1.003s wait=8.598s drain=0.788s waits=1617 untimed=0
[kernel-sub] materialize=0.503s moe=11.036s precommit=74.465s rest=1.251s
[metal-cache] calls=28632 zero_copy_wraps=513 copies=0 cache_entries=187 bindless=true
640
[stats] generated=199 elapsed=311.146s speed=0.6396 token/s (1.564 s/token) chunks=198 committed_rows=269 verify_tx=4 drafts=2/14 layer_passes=18414 expert_rows=24748 expert_tiles=19078
[verify-width] w1=0 w2=3 w3=0 w4=0 w5=0 w6=0 w7=0 w8+=1              (w1 share 0.0% of 4 transactions)
[opens] expert file opens=1080086 total=11.768s mean=0.011ms requested_bytes=8416112344256 (8416.1 GB)
[split-eta] chunks served hot=169786 dir_c=93276 dir_b=213022 primary=414274
[arrival] tiles=1384 waves=2746 uncovered_wait=40.868s dispatch=10.847s
[retain] enabled=false cap_gb=8 layers=63..=92 consults=0 wanted=0 hits=0 inserts=0 served=0.0MB
[summer] enabled=false cap_gb=8 sample=16 consults=0 wanted=0 hits=0 hit_rate=0.0% misses=0 inserts=0 evictions=0 recycled=0 allocs=0 pin_skips=0 gated=0 ramp=2..50 bar=0 suppressed=0 wide_skips=0 served=0.0MB copied=0.0MB ssd_avoided=0.0GB live=0/0.0GB model=0 protected=0 declined=0 topup_suppressed=0 aged=0 into=0/0/0 pending=0
[mirror-split] internal=0 K3C=0 K3B=0 K3A=0  shares=0%/0%/0%/0%
[phases] mono=418048.637920 chunks=198 sequence=300.982s read_wait=0.170s bind_upload=1.646s attention_resident=20.747s expert_read_prefetch=151.007s expert_demand_read=91.692s expert_plan=14.627s expert_hint=0.001s expert_submit=0.001s expert_kernel=123.874s source_fence=0.001s tail_head_sync=3.162s layer_other=0.317s expert_read_gross=136.379s plan_hint=14.341s plan_sched=0.281s attn_total=22.712s attn_encode=7.342s attn_wait=11.721s attn_drain=3.650s kernel_total=87.632s kernel_host=2.826s kernel_wait=9.528s kernel_drain=75.278s
[attn-split] single: calls=18135 total=16.433s encode=6.055s wait=6.729s drain=3.650s waits=31395 untimed=6206 | wide: calls=558 total=6.278s encode=1.287s wait=4.991s drain=0.000s waits=552 untimed=552 | hint: calls=18492 total=14.531s encode=0.044s wait=14.488s drain=0.000s waits=18525 untimed=18525
[kernel-split] single: calls=19099 total=77.244s encode=1.823s wait=0.930s drain=74.490s waits=20296 untimed=16148 | wide: calls=1617 total=10.388s encode=1.003s wait=8.598s drain=0.788s waits=1617 untimed=0
[kernel-sub] materialize=0.503s moe=11.043s precommit=74.830s rest=1.256s
[metal-cache] calls=28729 zero_copy_wraps=513 copies=0 cache_entries=187 bindless=true
,
[stats] generated=200 elapsed=312.474s speed=0.6401 token/s (1.562 s/token) chunks=199 committed_rows=270 verify_tx=4 drafts=2/14 layer_passes=18507 expert_rows=24840 expert_tiles=19170
[verify-width] w1=0 w2=3 w3=0 w4=0 w5=0 w6=0 w7=0 w8+=1              (w1 share 0.0% of 4 transactions)
[opens] expert file opens=1085575 total=11.828s mean=0.011ms requested_bytes=8454040796352 (8454.0 GB)
[split-eta] chunks served hot=170637 dir_c=93759 dir_b=214050 primary=416235
[arrival] tiles=1385 waves=2753 uncovered_wait=40.876s dispatch=10.858s
[retain] enabled=false cap_gb=8 layers=63..=92 consults=0 wanted=0 hits=0 inserts=0 served=0.0MB
[summer] enabled=false cap_gb=8 sample=16 consults=0 wanted=0 hits=0 hit_rate=0.0% misses=0 inserts=0 evictions=0 recycled=0 allocs=0 pin_skips=0 gated=0 ramp=2..50 bar=0 suppressed=0 wide_skips=0 served=0.0MB copied=0.0MB ssd_avoided=0.0GB live=0/0.0GB model=0 protected=0 declined=0 topup_suppressed=0 aged=0 into=0/0/0 pending=0
[mirror-split] internal=0 K3C=0 K3B=0 K3A=0  shares=0%/0%/0%/0%
[phases] mono=418049.965469 chunks=199 sequence=302.308s read_wait=0.170s bind_upload=1.646s attention_resident=20.830s expert_read_prefetch=151.796s expert_demand_read=92.203s expert_plan=14.695s expert_hint=0.001s expert_submit=0.001s expert_kernel=124.311s source_fence=0.001s tail_head_sync=3.178s layer_other=0.318s expert_read_gross=137.100s plan_hint=14.408s plan_sched=0.283s attn_total=22.794s attn_encode=7.366s attn_wait=11.753s attn_drain=3.675s kernel_total=88.061s kernel_host=2.836s kernel_wait=9.534s kernel_drain=75.691s
[attn-split] single: calls=18228 total=16.516s encode=6.079s wait=6.762s drain=3.675s waits=31556 untimed=6234 | wide: calls=558 total=6.278s encode=1.287s wait=4.991s drain=0.000s waits=552 untimed=552 | hint: calls=18584 total=14.598s encode=0.044s wait=14.554s drain=0.000s waits=18616 untimed=18616
[kernel-split] single: calls=19197 total=77.672s encode=1.833s wait=0.936s drain=74.903s waits=20401 untimed=16232 | wide: calls=1617 total=10.388s encode=1.003s wait=8.598s drain=0.788s waits=1617 untimed=0
[kernel-sub] materialize=0.503s moe=11.053s precommit=75.245s rest=1.260s
[metal-cache] calls=28827 zero_copy_wraps=513 copies=0 cache_entries=187 bindless=true

[native] Qwen proposals=4 tokens=2/14 fallbacks=0 verify-memory-rejections=0 wide-loads=0 wide-invocations=0 wide-skips=1 wide-failures=0 raw-overrides=0 raw-override-failures=0
WALL_SECONDS=320
