ARM G5_OFF START 23:33:15 overrides: K3_QWEN_ALLOW_CHAT=1 K3_CHAT_THINKING=0 K3_UAG_DRAFT=off tokens=200 chat=1 pressure_gb=60 prompt=[A company has revenue of 4,200,000, cost of sales of 2,650,000, operating expenses of 910,000 and tax at 20%. Calculate gross profit, operating profit and net profit, showing each step.]
[config] resolved: surface=DirectRun device=Auto spine=Auto spine_read_threads=auto spine_fd_cache=auto spine_stream_nocache=auto expert_stream_nocache=auto spine_resident_bytes=16000000000 provider_resident_layers=93 expert_read_threads=64 expert_prefetch_threads=12 expert_backend=Auto expert_scale4=Auto expert_pin_bytes=0 expert_heat=true expert_overlays=[hot=/Volumes/Green/serve-b-green:18017files dir_b=/Volumes/White/k3-experts-b:36018files dir_c=/Volumes/Yellow/serve3-green:15287files] pilot_gate=Off pilot_gate_threshold=0.1 pilot_gate_warmup=16 quality=QualityPolicy { target_authority: FullK3, routed_experts: 16, activation_precision: Fp32, resident_weights: QuantizedInt8 } dspark=Off dspark_max_context=8192 dspark_min_auto_speedup=0.03 dspark_miss_tolerance=1 dspark_max_drafts=7 qwen=Off reasoning_effort=default router_trace_mode=Off router_trace_path=none chat=true stats=true layer_profile=false max_new=200
[residency] residency set created
[residency] queue attached (1 queues)
[native] exact scale4-v2 expert storage unavailable (inspect scale4 manifest $K3_DIR/deltafin-root-local/k3-experts-scale4/scale4-manifest.json: No such file or directory (os error 2)); using raw-v1
[native] expert hot tier enabled: /Volumes/Green/serve-b-green (probed before $K3_DIR/deltafin-root-local/k3-experts)
[native] split-read: chunks=2 demand_chunks=2 prefetch_hot_side_chunks=1 demand_home=hot-first-both-chunks tier_balance=1 split_eta=0 trace=0
[native] expert volume B enabled: /Volumes/White/k3-experts-b (probed after hot, before $K3_DIR/deltafin-root-local/k3-experts)
[native] expert volume C enabled: /Volumes/Yellow/serve3-green (probed before hot and $K3_DIR/deltafin-root-local/k3-experts)
[native] host=macos/aarch64 device=mps experts=metal/raw-v1 root=$K3_DIR/deltafin-root-local spine=loose-deferred representation=quantized-int8 (non-weight-exact) layers=93 globals=2 resident=93/93 (50.74 GiB) transient=0.00 GiB readers=spine:4t/expert:64t/prefetch:12t spine-fdcache=0/0fd cpu-expert:4t router-trace=false lazy-missing=0 LibTorch=2.13.0
[native] optional Qwen: state=off model+KV-reserve=0.00 GiB verify-reserve=0.00 GiB/0 positions admitted-context=0 tokens startup-error=none
[native] context cache: initial=16 tokens/45.00 MiB, growth=2.81 MiB per capacity token, startup reserve=256 tokens/832.03 MiB, exact-expanded cap=4369 / model contract=1048576 tokens (live peak admission required beyond reserve)
[native] verify snapshots: 452.81 MiB per candidate boundary, width 1..=64 (fresh peak admission; otherwise ordinary exact decode)
[native] native target structure ready (all 16 routed experts; physical real-weight sequence parity not yet recorded for this backend/representation)
[native] expert arena: slots=1 prefetch_slots=128
[native] probe-order: dir_c_first
[native] mirror-cost: rated
[native] mirror: enabled=false mode=0 internal_cost_us=1502 enclosure_cost_us=948 bias=internal:1.00,K3C:1.00,K3B:1.00,K3A:1.00 outstanding=0/0/0/0
[native] retain: enabled=false cap_gb=8 layers=63..=92
[native] summer: enabled=false cap_gb=8 policy=lfru sample=16
[native] expert heat: weight=11838 passes recording=true; pin tier: candidates=0 charged=0.00 GiB
[spine-fp32] execution arena DISABLED (K3_SPINE_FP32_ARENA=0)
[residency] queue attached (2 queues)
[residency] 1 allocations, 1.09 GiB pinned
[residency] 2 allocations, 1.10 GiB pinned
[residency] 4 allocations, 2.28 GiB pinned
[residency] 8 allocations, 4.47 GiB pinned
[residency] 16 allocations, 8.27 GiB pinned
[residency] 32 allocations, 17.04 GiB pinned
[residency] 64 allocations, 33.58 GiB pinned
Here
[stats] generated=1 elapsed=54.599s speed=0.0183 token/s (54.599 s/token) chunks=2 committed_rows=71 verify_tx=0 drafts=0/0 layer_passes=186 expert_rows=6532 expert_tiles=1047
[opens] expert file opens=6445 total=0.170s mean=0.026ms requested_bytes=1118770674880 (1118.8 GB)
[arrival] tiles=1045 waves=1289 uncovered_wait=41.653s dispatch=6.067s
[retain] enabled=false cap_gb=8 layers=63..=92 consults=0 wanted=0 hits=0 inserts=0 served=0.0MB
[summer] enabled=false cap_gb=8 sample=16 consults=0 wanted=0 hits=0 hit_rate=0.0% misses=0 inserts=0 evictions=0 recycled=0 allocs=0 pin_skips=0 gated=0 ramp=2..50 bar=0 suppressed=0 wide_skips=0 served=0.0MB copied=0.0MB ssd_avoided=0.0GB live=0/0.0GB model=0 protected=0 declined=0 topup_suppressed=0 aged=0 into=0/0/0 pending=0
[mirror-split] internal=0 K3C=0 K3B=0 K3A=0  shares=0%/0%/0%/0%
[phases] mono=393011.382035 chunks=2 sequence=54.592s read_wait=0.171s bind_upload=1.719s attention_resident=3.428s expert_read_prefetch=1.404s expert_demand_read=0.525s expert_plan=0.127s expert_hint=0.000s expert_submit=0.000s expert_kernel=47.740s source_fence=0.000s tail_head_sync=0.035s layer_other=0.063s expert_read_gross=1.277s plan_hint=0.064s plan_sched=0.062s attn_total=3.426s attn_encode=0.768s attn_wait=2.659s attn_drain=0.000s kernel_total=6.073s kernel_host=0.435s kernel_wait=5.146s kernel_drain=0.492s
[attn-split] single: calls=0 total=0.000s encode=0.000s wait=0.000s drain=0.000s waits=0 untimed=0 | wide: calls=186 total=3.426s encode=0.768s wait=2.659s drain=0.000s waits=184 untimed=184 | hint: calls=184 total=0.064s encode=0.001s wait=0.063s drain=0.000s waits=181 untimed=181
[kernel-split] single: calls=179 total=0.114s encode=0.016s wait=0.046s drain=0.053s waits=179 untimed=0 | wide: calls=1112 total=5.958s encode=0.419s wait=5.101s drain=0.438s waits=1112 untimed=0
[kernel-sub] materialize=0.165s moe=5.732s precommit=0.001s rest=0.175s
[metal-cache] calls=7238 zero_copy_wraps=321 copies=0 cache_entries=139 bindless=true
[residency] queue attached (3 queues)
[route-chain] chained=1
[route-chain] dedup_hits=1
 is
[stats] generated=2 elapsed=56.029s speed=0.0357 token/s (28.014 s/token) chunks=3 committed_rows=72 verify_tx=0 drafts=0/0 layer_passes=279 expert_rows=6624 expert_tiles=1139
[opens] expert file opens=10283 total=0.233s mean=0.023ms requested_bytes=1152426376384 (1152.4 GB)
[arrival] tiles=1046 waves=1297 uncovered_wait=41.663s dispatch=6.071s
[retain] enabled=false cap_gb=8 layers=63..=92 consults=0 wanted=0 hits=0 inserts=0 served=0.0MB
[summer] enabled=false cap_gb=8 sample=16 consults=0 wanted=0 hits=0 hit_rate=0.0% misses=0 inserts=0 evictions=0 recycled=0 allocs=0 pin_skips=0 gated=0 ramp=2..50 bar=0 suppressed=0 wide_skips=0 served=0.0MB copied=0.0MB ssd_avoided=0.0GB live=0/0.0GB model=0 protected=0 declined=0 topup_suppressed=0 aged=0 into=0/0/0 pending=0
[mirror-split] internal=0 K3C=0 K3B=0 K3A=0  shares=0%/0%/0%/0%
[phases] mono=393012.811811 chunks=3 sequence=56.021s read_wait=0.171s bind_upload=1.719s attention_resident=3.529s expert_read_prefetch=2.379s expert_demand_read=1.115s expert_plan=0.176s expert_hint=0.000s expert_submit=0.000s expert_kernel=48.075s source_fence=0.000s tail_head_sync=0.050s layer_other=0.064s expert_read_gross=2.203s plan_hint=0.112s plan_sched=0.064s attn_total=3.528s attn_encode=0.830s attn_wait=2.677s attn_drain=0.020s kernel_total=6.397s kernel_host=0.448s kernel_wait=5.149s kernel_drain=0.800s
[attn-split] single: calls=93 total=0.101s encode=0.063s wait=0.018s drain=0.020s waits=161 untimed=15 | wide: calls=186 total=3.426s encode=0.768s wait=2.659s drain=0.000s waits=184 untimed=184 | hint: calls=276 total=0.112s encode=0.001s wait=0.111s drain=0.000s waits=272 untimed=272
[kernel-split] single: calls=278 total=0.439s encode=0.028s wait=0.049s drain=0.362s waits=286 untimed=77 | wide: calls=1112 total=5.958s encode=0.419s wait=5.101s drain=0.438s waits=1112 untimed=0
[kernel-sub] materialize=0.165s moe=5.737s precommit=0.313s rest=0.182s
[metal-cache] calls=7337 zero_copy_wraps=321 copies=0 cache_entries=139 bindless=true
 the
[stats] generated=3 elapsed=57.410s speed=0.0523 token/s (19.137 s/token) chunks=4 committed_rows=73 verify_tx=0 drafts=0/0 layer_passes=372 expert_rows=6716 expert_tiles=1231
[opens] expert file opens=14072 total=0.294s mean=0.021ms requested_bytes=1185660943552 (1185.7 GB)
[arrival] tiles=1047 waves=1304 uncovered_wait=41.672s dispatch=6.080s
[retain] enabled=false cap_gb=8 layers=63..=92 consults=0 wanted=0 hits=0 inserts=0 served=0.0MB
[summer] enabled=false cap_gb=8 sample=16 consults=0 wanted=0 hits=0 hit_rate=0.0% misses=0 inserts=0 evictions=0 recycled=0 allocs=0 pin_skips=0 gated=0 ramp=2..50 bar=0 suppressed=0 wide_skips=0 served=0.0MB copied=0.0MB ssd_avoided=0.0GB live=0/0.0GB model=0 protected=0 declined=0 topup_suppressed=0 aged=0 into=0/0/0 pending=0
[mirror-split] internal=0 K3C=0 K3B=0 K3A=0  shares=0%/0%/0%/0%
[phases] mono=393014.192867 chunks=4 sequence=57.401s read_wait=0.171s bind_upload=1.719s attention_resident=3.596s expert_read_prefetch=3.328s expert_demand_read=1.708s expert_plan=0.238s expert_hint=0.000s expert_submit=0.000s expert_kernel=48.423s source_fence=0.000s tail_head_sync=0.064s layer_other=0.066s expert_read_gross=3.091s plan_hint=0.172s plan_sched=0.065s attn_total=3.595s attn_encode=0.858s attn_wait=2.701s attn_drain=0.035s kernel_total=6.736s kernel_host=0.460s kernel_wait=5.153s kernel_drain=1.123s
[attn-split] single: calls=186 total=0.168s encode=0.090s wait=0.043s drain=0.035s waits=322 untimed=39 | wide: calls=186 total=3.426s encode=0.768s wait=2.659s drain=0.000s waits=184 untimed=184 | hint: calls=368 total=0.172s encode=0.001s wait=0.171s drain=0.000s waits=363 untimed=363
[kernel-split] single: calls=376 total=0.778s encode=0.041s wait=0.053s drain=0.684s waits=391 untimed=160 | wide: calls=1112 total=5.958s encode=0.419s wait=5.101s drain=0.438s waits=1112 untimed=0
[kernel-sub] materialize=0.165s moe=5.745s precommit=0.637s rest=0.189s
[metal-cache] calls=7435 zero_copy_wraps=321 copies=0 cache_entries=139 bindless=true
 step
[stats] generated=4 elapsed=58.859s speed=0.0680 token/s (14.715 s/token) chunks=5 committed_rows=74 verify_tx=0 drafts=0/0 layer_passes=465 expert_rows=6808 expert_tiles=1323
[opens] expert file opens=17964 total=0.353s mean=0.020ms requested_bytes=1219790437568 (1219.8 GB)
[arrival] tiles=1048 waves=1312 uncovered_wait=41.686s dispatch=6.087s
[retain] enabled=false cap_gb=8 layers=63..=92 consults=0 wanted=0 hits=0 inserts=0 served=0.0MB
[summer] enabled=false cap_gb=8 sample=16 consults=0 wanted=0 hits=0 hit_rate=0.0% misses=0 inserts=0 evictions=0 recycled=0 allocs=0 pin_skips=0 gated=0 ramp=2..50 bar=0 suppressed=0 wide_skips=0 served=0.0MB copied=0.0MB ssd_avoided=0.0GB live=0/0.0GB model=0 protected=0 declined=0 topup_suppressed=0 aged=0 into=0/0/0 pending=0
[mirror-split] internal=0 K3C=0 K3B=0 K3A=0  shares=0%/0%/0%/0%
[phases] mono=393015.641971 chunks=5 sequence=58.848s read_wait=0.171s bind_upload=1.719s attention_resident=3.661s expert_read_prefetch=4.335s expert_demand_read=2.303s expert_plan=0.300s expert_hint=0.000s expert_submit=0.000s expert_kernel=48.781s source_fence=0.000s tail_head_sync=0.080s layer_other=0.067s expert_read_gross=4.035s plan_hint=0.234s plan_sched=0.066s attn_total=3.660s attn_encode=0.883s attn_wait=2.723s attn_drain=0.053s kernel_total=7.079s kernel_host=0.469s kernel_wait=5.157s kernel_drain=1.454s
[attn-split] single: calls=279 total=0.233s encode=0.116s wait=0.065s drain=0.053s waits=483 untimed=62 | wide: calls=186 total=3.426s encode=0.768s wait=2.659s drain=0.000s waits=184 untimed=184 | hint: calls=460 total=0.234s encode=0.002s wait=0.232s drain=0.000s waits=454 untimed=454
[kernel-split] single: calls=475 total=1.121s encode=0.050s wait=0.056s drain=1.015s waits=498 untimed=249 | wide: calls=1112 total=5.958s encode=0.419s wait=5.101s drain=0.438s waits=1112 untimed=0
[kernel-sub] materialize=0.165s moe=5.752s precommit=0.969s rest=0.194s
[metal-cache] calls=7534 zero_copy_wraps=321 copies=0 cache_entries=139 bindless=true
-by
[stats] generated=5 elapsed=60.299s speed=0.0829 token/s (12.060 s/token) chunks=6 committed_rows=75 verify_tx=0 drafts=0/0 layer_passes=558 expert_rows=6900 expert_tiles=1415
[opens] expert file opens=21866 total=0.408s mean=0.019ms requested_bytes=1253990137024 (1254.0 GB)
[arrival] tiles=1049 waves=1320 uncovered_wait=41.700s dispatch=6.094s
[retain] enabled=false cap_gb=8 layers=63..=92 consults=0 wanted=0 hits=0 inserts=0 served=0.0MB
[summer] enabled=false cap_gb=8 sample=16 consults=0 wanted=0 hits=0 hit_rate=0.0% misses=0 inserts=0 evictions=0 recycled=0 allocs=0 pin_skips=0 gated=0 ramp=2..50 bar=0 suppressed=0 wide_skips=0 served=0.0MB copied=0.0MB ssd_avoided=0.0GB live=0/0.0GB model=0 protected=0 declined=0 topup_suppressed=0 aged=0 into=0/0/0 pending=0
[mirror-split] internal=0 K3C=0 K3B=0 K3A=0  shares=0%/0%/0%/0%
[phases] mono=393017.081342 chunks=6 sequence=60.287s read_wait=0.171s bind_upload=1.719s attention_resident=3.723s expert_read_prefetch=5.353s expert_demand_read=2.916s expert_plan=0.356s expert_hint=0.000s expert_submit=0.000s expert_kernel=49.125s source_fence=0.000s tail_head_sync=0.093s layer_other=0.069s expert_read_gross=4.997s plan_hint=0.289s plan_sched=0.067s attn_total=3.721s attn_encode=0.910s attn_wait=2.743s attn_drain=0.068s kernel_total=7.410s kernel_host=0.479s kernel_wait=5.161s kernel_drain=1.770s
[attn-split] single: calls=372 total=0.294s encode=0.142s wait=0.084s drain=0.068s waits=644 untimed=90 | wide: calls=186 total=3.426s encode=0.768s wait=2.659s drain=0.000s waits=184 untimed=184 | hint: calls=552 total=0.288s encode=0.002s wait=0.286s drain=0.000s waits=545 untimed=545
[kernel-split] single: calls=574 total=1.451s encode=0.060s wait=0.060s drain=1.332s waits=605 untimed=333 | wide: calls=1112 total=5.958s encode=0.419s wait=5.101s drain=0.438s waits=1112 untimed=0
[kernel-sub] materialize=0.165s moe=5.759s precommit=1.286s rest=0.199s
[metal-cache] calls=7633 zero_copy_wraps=321 copies=0 cache_entries=139 bindless=true
-step
[stats] generated=6 elapsed=61.728s speed=0.0972 token/s (10.288 s/token) chunks=7 committed_rows=76 verify_tx=0 drafts=0/0 layer_passes=651 expert_rows=6992 expert_tiles=1507
[opens] expert file opens=25675 total=0.458s mean=0.018ms requested_bytes=1287373864128 (1287.4 GB)
[arrival] tiles=1050 waves=1328 uncovered_wait=41.715s dispatch=6.102s
[retain] enabled=false cap_gb=8 layers=63..=92 consults=0 wanted=0 hits=0 inserts=0 served=0.0MB
[summer] enabled=false cap_gb=8 sample=16 consults=0 wanted=0 hits=0 hit_rate=0.0% misses=0 inserts=0 evictions=0 recycled=0 allocs=0 pin_skips=0 gated=0 ramp=2..50 bar=0 suppressed=0 wide_skips=0 served=0.0MB copied=0.0MB ssd_avoided=0.0GB live=0/0.0GB model=0 protected=0 declined=0 topup_suppressed=0 aged=0 into=0/0/0 pending=0
[mirror-split] internal=0 K3C=0 K3B=0 K3A=0  shares=0%/0%/0%/0%
[phases] mono=393018.510727 chunks=7 sequence=61.716s read_wait=0.171s bind_upload=1.719s attention_resident=3.795s expert_read_prefetch=6.349s expert_demand_read=3.480s expert_plan=0.406s expert_hint=0.000s expert_submit=0.000s expert_kernel=49.466s source_fence=0.000s tail_head_sync=0.110s layer_other=0.070s expert_read_gross=5.944s plan_hint=0.337s plan_sched=0.068s attn_total=3.793s attn_encode=0.947s attn_wait=2.766s attn_drain=0.081s kernel_total=7.735s kernel_host=0.488s kernel_wait=5.165s kernel_drain=2.082s
[attn-split] single: calls=465 total=0.367s encode=0.179s wait=0.107s drain=0.081s waits=805 untimed=121 | wide: calls=186 total=3.426s encode=0.768s wait=2.659s drain=0.000s waits=184 untimed=184 | hint: calls=644 total=0.337s encode=0.002s wait=0.335s drain=0.000s waits=636 untimed=636
[kernel-split] single: calls=673 total=1.777s encode=0.069s wait=0.064s drain=1.644s waits=712 untimed=422 | wide: calls=1112 total=5.958s encode=0.419s wait=5.101s drain=0.438s waits=1112 untimed=0
[kernel-sub] materialize=0.165s moe=5.767s precommit=1.600s rest=0.203s
[metal-cache] calls=7732 zero_copy_wraps=321 copies=0 cache_entries=139 bindless=true
 calculation
[stats] generated=7 elapsed=63.182s speed=0.1108 token/s (9.026 s/token) chunks=8 committed_rows=77 verify_tx=0 drafts=0/0 layer_passes=744 expert_rows=7084 expert_tiles=1599
[opens] expert file opens=29628 total=0.506s mean=0.017ms requested_bytes=1322029792448 (1322.0 GB)
[arrival] tiles=1051 waves=1336 uncovered_wait=41.730s dispatch=6.110s
[retain] enabled=false cap_gb=8 layers=63..=92 consults=0 wanted=0 hits=0 inserts=0 served=0.0MB
[summer] enabled=false cap_gb=8 sample=16 consults=0 wanted=0 hits=0 hit_rate=0.0% misses=0 inserts=0 evictions=0 recycled=0 allocs=0 pin_skips=0 gated=0 ramp=2..50 bar=0 suppressed=0 wide_skips=0 served=0.0MB copied=0.0MB ssd_avoided=0.0GB live=0/0.0GB model=0 protected=0 declined=0 topup_suppressed=0 aged=0 into=0/0/0 pending=0
[mirror-split] internal=0 K3C=0 K3B=0 K3A=0  shares=0%/0%/0%/0%
[phases] mono=393019.964602 chunks=8 sequence=63.169s read_wait=0.171s bind_upload=1.719s attention_resident=3.853s expert_read_prefetch=7.392s expert_demand_read=4.078s expert_plan=0.455s expert_hint=0.000s expert_submit=0.000s expert_kernel=49.805s source_fence=0.000s tail_head_sync=0.123s layer_other=0.071s expert_read_gross=6.936s plan_hint=0.386s plan_sched=0.069s attn_total=3.851s attn_encode=0.969s attn_wait=2.787s attn_drain=0.095s kernel_total=8.059s kernel_host=0.497s kernel_wait=5.169s kernel_drain=2.393s
[attn-split] single: calls=558 total=0.425s encode=0.201s wait=0.128s drain=0.095s waits=966 untimed=152 | wide: calls=186 total=3.426s encode=0.768s wait=2.659s drain=0.000s waits=184 untimed=184 | hint: calls=736 total=0.385s encode=0.002s wait=0.383s drain=0.000s waits=727 untimed=727
[kernel-split] single: calls=772 total=2.101s encode=0.078s wait=0.068s drain=1.955s waits=819 untimed=509 | wide: calls=1112 total=5.958s encode=0.419s wait=5.101s drain=0.438s waits=1112 untimed=0
[kernel-sub] materialize=0.165s moe=5.774s precommit=1.912s rest=0.208s
[metal-cache] calls=7831 zero_copy_wraps=321 copies=0 cache_entries=139 bindless=true
:


[stats] generated=8 elapsed=64.626s speed=0.1238 token/s (8.078 s/token) chunks=9 committed_rows=78 verify_tx=0 drafts=0/0 layer_passes=837 expert_rows=7176 expert_tiles=1691
[opens] expert file opens=33471 total=0.566s mean=0.017ms requested_bytes=1355755699392 (1355.8 GB)
[arrival] tiles=1052 waves=1344 uncovered_wait=41.742s dispatch=6.117s
[retain] enabled=false cap_gb=8 layers=63..=92 consults=0 wanted=0 hits=0 inserts=0 served=0.0MB
[summer] enabled=false cap_gb=8 sample=16 consults=0 wanted=0 hits=0 hit_rate=0.0% misses=0 inserts=0 evictions=0 recycled=0 allocs=0 pin_skips=0 gated=0 ramp=2..50 bar=0 suppressed=0 wide_skips=0 served=0.0MB copied=0.0MB ssd_avoided=0.0GB live=0/0.0GB model=0 protected=0 declined=0 topup_suppressed=0 aged=0 into=0/0/0 pending=0
[mirror-split] internal=0 K3C=0 K3B=0 K3A=0  shares=0%/0%/0%/0%
[phases] mono=393021.408827 chunks=9 sequence=64.612s read_wait=0.171s bind_upload=1.719s attention_resident=3.915s expert_read_prefetch=8.379s expert_demand_read=4.660s expert_plan=0.506s expert_hint=0.000s expert_submit=0.000s expert_kernel=50.180s source_fence=0.000s tail_head_sync=0.140s layer_other=0.073s expert_read_gross=7.873s plan_hint=0.435s plan_sched=0.070s attn_total=3.913s attn_encode=0.993s attn_wait=2.809s attn_drain=0.111s kernel_total=8.421s kernel_host=0.507s kernel_wait=5.172s kernel_drain=2.741s
[attn-split] single: calls=651 total=0.486s encode=0.225s wait=0.151s drain=0.111s waits=1127 untimed=170 | wide: calls=186 total=3.426s encode=0.768s wait=2.659s drain=0.000s waits=184 untimed=184 | hint: calls=828 total=0.435s encode=0.002s wait=0.432s drain=0.000s waits=818 untimed=818
[kernel-split] single: calls=871 total=2.463s encode=0.088s wait=0.072s drain=2.303s waits=926 untimed=590 | wide: calls=1112 total=5.958s encode=0.419s wait=5.101s drain=0.438s waits=1112 untimed=0
[kernel-sub] materialize=0.165s moe=5.781s precommit=2.262s rest=0.214s
[metal-cache] calls=7930 zero_copy_wraps=321 copies=0 cache_entries=139 bindless=true
**
[stats] generated=9 elapsed=66.004s speed=0.1364 token/s (7.334 s/token) chunks=10 committed_rows=79 verify_tx=0 drafts=0/0 layer_passes=930 expert_rows=7268 expert_tiles=1783
[opens] expert file opens=37241 total=0.618s mean=0.017ms requested_bytes=1388779748544 (1388.8 GB)
[arrival] tiles=1053 waves=1351 uncovered_wait=41.755s dispatch=6.123s
[retain] enabled=false cap_gb=8 layers=63..=92 consults=0 wanted=0 hits=0 inserts=0 served=0.0MB
[summer] enabled=false cap_gb=8 sample=16 consults=0 wanted=0 hits=0 hit_rate=0.0% misses=0 inserts=0 evictions=0 recycled=0 allocs=0 pin_skips=0 gated=0 ramp=2..50 bar=0 suppressed=0 wide_skips=0 served=0.0MB copied=0.0MB ssd_avoided=0.0GB live=0/0.0GB model=0 protected=0 declined=0 topup_suppressed=0 aged=0 into=0/0/0 pending=0
[mirror-split] internal=0 K3C=0 K3B=0 K3A=0  shares=0%/0%/0%/0%
[phases] mono=393022.786363 chunks=10 sequence=65.989s read_wait=0.171s bind_upload=1.719s attention_resident=3.977s expert_read_prefetch=9.349s expert_demand_read=5.280s expert_plan=0.564s expert_hint=0.000s expert_submit=0.000s expert_kernel=50.510s source_fence=0.000s tail_head_sync=0.154s layer_other=0.074s expert_read_gross=8.785s plan_hint=0.492s plan_sched=0.071s attn_total=3.974s attn_encode=1.018s attn_wait=2.833s attn_drain=0.123s kernel_total=8.738s kernel_host=0.516s kernel_wait=5.176s kernel_drain=3.046s
[attn-split] single: calls=744 total=0.548s encode=0.251s wait=0.174s drain=0.123s waits=1288 untimed=204 | wide: calls=186 total=3.426s encode=0.768s wait=2.659s drain=0.000s waits=184 untimed=184 | hint: calls=920 total=0.492s encode=0.003s wait=0.489s drain=0.000s waits=909 untimed=909
[kernel-split] single: calls=969 total=2.780s encode=0.097s wait=0.075s drain=2.607s waits=1031 untimed=679 | wide: calls=1112 total=5.958s encode=0.419s wait=5.101s drain=0.438s waits=1112 untimed=0
[kernel-sub] materialize=0.165s moe=5.788s precommit=2.567s rest=0.218s
[metal-cache] calls=8028 zero_copy_wraps=321 copies=0 cache_entries=139 bindless=true
Step
[stats] generated=10 elapsed=67.404s speed=0.1484 token/s (6.740 s/token) chunks=11 committed_rows=80 verify_tx=0 drafts=0/0 layer_passes=1023 expert_rows=7360 expert_tiles=1875
[opens] expert file opens=41064 total=0.670s mean=0.016ms requested_bytes=1422295071936 (1422.3 GB)
[arrival] tiles=1054 waves=1359 uncovered_wait=41.766s dispatch=6.131s
[retain] enabled=false cap_gb=8 layers=63..=92 consults=0 wanted=0 hits=0 inserts=0 served=0.0MB
[summer] enabled=false cap_gb=8 sample=16 consults=0 wanted=0 hits=0 hit_rate=0.0% misses=0 inserts=0 evictions=0 recycled=0 allocs=0 pin_skips=0 gated=0 ramp=2..50 bar=0 suppressed=0 wide_skips=0 served=0.0MB copied=0.0MB ssd_avoided=0.0GB live=0/0.0GB model=0 protected=0 declined=0 topup_suppressed=0 aged=0 into=0/0/0 pending=0
[mirror-split] internal=0 K3C=0 K3B=0 K3A=0  shares=0%/0%/0%/0%
[phases] mono=393024.187066 chunks=11 sequence=67.389s read_wait=0.171s bind_upload=1.719s attention_resident=4.059s expert_read_prefetch=10.300s expert_demand_read=5.883s expert_plan=0.614s expert_hint=0.000s expert_submit=0.000s expert_kernel=50.862s source_fence=0.000s tail_head_sync=0.168s layer_other=0.075s expert_read_gross=9.686s plan_hint=0.542s plan_sched=0.072s attn_total=4.056s attn_encode=1.065s attn_wait=2.853s attn_drain=0.139s kernel_total=9.079s kernel_host=0.525s kernel_wait=5.180s kernel_drain=3.374s
[attn-split] single: calls=837 total=0.630s encode=0.297s wait=0.194s drain=0.139s waits=1449 untimed=231 | wide: calls=186 total=3.426s encode=0.768s wait=2.659s drain=0.000s waits=184 untimed=184 | hint: calls=1012 total=0.541s encode=0.003s wait=0.538s drain=0.000s waits=1000 untimed=1000
[kernel-split] single: calls=1068 total=3.121s encode=0.106s wait=0.079s drain=2.936s waits=1138 untimed=765 | wide: calls=1112 total=5.958s encode=0.419s wait=5.101s drain=0.438s waits=1112 untimed=0
[kernel-sub] materialize=0.165s moe=5.795s precommit=2.897s rest=0.223s
[metal-cache] calls=8127 zero_copy_wraps=321 copies=0 cache_entries=139 bindless=true
 
[stats] generated=11 elapsed=68.873s speed=0.1597 token/s (6.261 s/token) chunks=12 committed_rows=81 verify_tx=0 drafts=0/0 layer_passes=1116 expert_rows=7452 expert_tiles=1967
[opens] expert file opens=44992 total=0.724s mean=0.016ms requested_bytes=1456766745792 (1456.8 GB)
[arrival] tiles=1055 waves=1366 uncovered_wait=41.781s dispatch=6.137s
[retain] enabled=false cap_gb=8 layers=63..=92 consults=0 wanted=0 hits=0 inserts=0 served=0.0MB
[summer] enabled=false cap_gb=8 sample=16 consults=0 wanted=0 hits=0 hit_rate=0.0% misses=0 inserts=0 evictions=0 recycled=0 allocs=0 pin_skips=0 gated=0 ramp=2..50 bar=0 suppressed=0 wide_skips=0 served=0.0MB copied=0.0MB ssd_avoided=0.0GB live=0/0.0GB model=0 protected=0 declined=0 topup_suppressed=0 aged=0 into=0/0/0 pending=0
[mirror-split] internal=0 K3C=0 K3B=0 K3A=0  shares=0%/0%/0%/0%
[phases] mono=393025.655665 chunks=12 sequence=68.856s read_wait=0.171s bind_upload=1.719s attention_resident=4.126s expert_read_prefetch=11.323s expert_demand_read=6.496s expert_plan=0.670s expert_hint=0.000s expert_submit=0.000s expert_kernel=51.223s source_fence=0.000s tail_head_sync=0.184s layer_other=0.077s expert_read_gross=10.653s plan_hint=0.597s plan_sched=0.073s attn_total=4.123s attn_encode=1.092s attn_wait=2.882s attn_drain=0.149s kernel_total=9.424s kernel_host=0.535s kernel_wait=5.184s kernel_drain=3.706s
[attn-split] single: calls=930 total=0.696s encode=0.324s wait=0.223s drain=0.149s waits=1610 untimed=262 | wide: calls=186 total=3.426s encode=0.768s wait=2.659s drain=0.000s waits=184 untimed=184 | hint: calls=1104 total=0.596s encode=0.003s wait=0.593s drain=0.000s waits=1091 untimed=1091
[kernel-split] single: calls=1166 total=3.466s encode=0.116s wait=0.083s drain=3.267s waits=1243 untimed=845 | wide: calls=1112 total=5.958s encode=0.419s wait=5.101s drain=0.438s waits=1112 untimed=0
[kernel-sub] materialize=0.165s moe=5.801s precommit=3.230s rest=0.228s
[metal-cache] calls=8225 zero_copy_wraps=321 copies=0 cache_entries=139 bindless=true
[route-chain] chained=690
[route-chain] dedup_hits=690
1
[stats] generated=12 elapsed=70.372s speed=0.1705 token/s (5.864 s/token) chunks=13 committed_rows=82 verify_tx=0 drafts=0/0 layer_passes=1209 expert_rows=7544 expert_tiles=2059
[opens] expert file opens=49049 total=0.777s mean=0.016ms requested_bytes=1492317584576 (1492.3 GB)
[arrival] tiles=1056 waves=1372 uncovered_wait=41.790s dispatch=6.145s
[retain] enabled=false cap_gb=8 layers=63..=92 consults=0 wanted=0 hits=0 inserts=0 served=0.0MB
[summer] enabled=false cap_gb=8 sample=16 consults=0 wanted=0 hits=0 hit_rate=0.0% misses=0 inserts=0 evictions=0 recycled=0 allocs=0 pin_skips=0 gated=0 ramp=2..50 bar=0 suppressed=0 wide_skips=0 served=0.0MB copied=0.0MB ssd_avoided=0.0GB live=0/0.0GB model=0 protected=0 declined=0 topup_suppressed=0 aged=0 into=0/0/0 pending=0
[mirror-split] internal=0 K3C=0 K3B=0 K3A=0  shares=0%/0%/0%/0%
[phases] mono=393027.154712 chunks=13 sequence=70.354s read_wait=0.171s bind_upload=1.719s attention_resident=4.193s expert_read_prefetch=12.387s expert_demand_read=7.159s expert_plan=0.734s expert_hint=0.000s expert_submit=0.000s expert_kernel=51.573s source_fence=0.000s tail_head_sync=0.198s layer_other=0.078s expert_read_gross=11.652s plan_hint=0.660s plan_sched=0.074s attn_total=4.190s attn_encode=1.117s attn_wait=2.905s attn_drain=0.167s kernel_total=9.766s kernel_host=0.544s kernel_wait=5.189s kernel_drain=4.033s
[attn-split] single: calls=1023 total=0.763s encode=0.350s wait=0.246s drain=0.167s waits=1771 untimed=290 | wide: calls=186 total=3.426s encode=0.768s wait=2.659s drain=0.000s waits=184 untimed=184 | hint: calls=1196 total=0.659s encode=0.003s wait=0.656s drain=0.000s waits=1182 untimed=1182
[kernel-split] single: calls=1263 total=3.807s encode=0.125s wait=0.088s drain=3.594s waits=1346 untimed=929 | wide: calls=1112 total=5.958s encode=0.419s wait=5.101s drain=0.438s waits=1112 untimed=0
[kernel-sub] materialize=0.165s moe=5.809s precommit=3.559s rest=0.233s
[metal-cache] calls=8322 zero_copy_wraps=321 copies=0 cache_entries=139 bindless=true
:
[stats] generated=13 elapsed=71.800s speed=0.1811 token/s (5.523 s/token) chunks=14 committed_rows=83 verify_tx=0 drafts=0/0 layer_passes=1302 expert_rows=7636 expert_tiles=2151
[opens] expert file opens=52910 total=0.826s mean=0.016ms requested_bytes=1526166322368 (1526.2 GB)
[arrival] tiles=1057 waves=1380 uncovered_wait=41.803s dispatch=6.152s
[retain] enabled=false cap_gb=8 layers=63..=92 consults=0 wanted=0 hits=0 inserts=0 served=0.0MB
[summer] enabled=false cap_gb=8 sample=16 consults=0 wanted=0 hits=0 hit_rate=0.0% misses=0 inserts=0 evictions=0 recycled=0 allocs=0 pin_skips=0 gated=0 ramp=2..50 bar=0 suppressed=0 wide_skips=0 served=0.0MB copied=0.0MB ssd_avoided=0.0GB live=0/0.0GB model=0 protected=0 declined=0 topup_suppressed=0 aged=0 into=0/0/0 pending=0
[mirror-split] internal=0 K3C=0 K3B=0 K3A=0  shares=0%/0%/0%/0%
[phases] mono=393028.583116 chunks=14 sequence=71.781s read_wait=0.171s bind_upload=1.719s attention_resident=4.263s expert_read_prefetch=13.380s expert_demand_read=7.789s expert_plan=0.788s expert_hint=0.000s expert_submit=0.000s expert_kernel=51.919s source_fence=0.000s tail_head_sync=0.214s layer_other=0.079s expert_read_gross=12.592s plan_hint=0.713s plan_sched=0.075s attn_total=4.260s attn_encode=1.145s attn_wait=2.932s attn_drain=0.182s kernel_total=10.098s kernel_host=0.553s kernel_wait=5.193s kernel_drain=4.352s
[attn-split] single: calls=1116 total=0.833s encode=0.378s wait=0.273s drain=0.182s waits=1932 untimed=319 | wide: calls=186 total=3.426s encode=0.768s wait=2.659s drain=0.000s waits=184 untimed=184 | hint: calls=1288 total=0.712s encode=0.003s wait=0.708s drain=0.000s waits=1273 untimed=1273
[kernel-split] single: calls=1362 total=4.140s encode=0.134s wait=0.092s drain=3.914s waits=1453 untimed=1015 | wide: calls=1112 total=5.958s encode=0.419s wait=5.101s drain=0.438s waits=1112 untimed=0
[kernel-sub] materialize=0.165s moe=5.816s precommit=3.879s rest=0.238s
[metal-cache] calls=8421 zero_copy_wraps=321 copies=0 cache_entries=139 bindless=true
 Calculate
[stats] generated=14 elapsed=73.238s speed=0.1912 token/s (5.231 s/token) chunks=15 committed_rows=84 verify_tx=0 drafts=0/0 layer_passes=1395 expert_rows=7728 expert_tiles=2243
[opens] expert file opens=56793 total=0.882s mean=0.016ms requested_bytes=1560243141824 (1560.2 GB)
[arrival] tiles=1058 waves=1386 uncovered_wait=41.815s dispatch=6.158s
[retain] enabled=false cap_gb=8 layers=63..=92 consults=0 wanted=0 hits=0 inserts=0 served=0.0MB
[summer] enabled=false cap_gb=8 sample=16 consults=0 wanted=0 hits=0 hit_rate=0.0% misses=0 inserts=0 evictions=0 recycled=0 allocs=0 pin_skips=0 gated=0 ramp=2..50 bar=0 suppressed=0 wide_skips=0 served=0.0MB copied=0.0MB ssd_avoided=0.0GB live=0/0.0GB model=0 protected=0 declined=0 topup_suppressed=0 aged=0 into=0/0/0 pending=0
[mirror-split] internal=0 K3C=0 K3B=0 K3A=0  shares=0%/0%/0%/0%
[phases] mono=393030.020636 chunks=15 sequence=73.218s read_wait=0.171s bind_upload=1.719s attention_resident=4.350s expert_read_prefetch=14.382s expert_demand_read=8.392s expert_plan=0.847s expert_hint=0.000s expert_submit=0.000s expert_kernel=52.252s source_fence=0.000s tail_head_sync=0.227s layer_other=0.081s expert_read_gross=13.535s plan_hint=0.770s plan_sched=0.076s attn_total=4.347s attn_encode=1.191s attn_wait=2.954s attn_drain=0.202s kernel_total=10.420s kernel_host=0.563s kernel_wait=5.196s kernel_drain=4.662s
[attn-split] single: calls=1209 total=0.920s encode=0.423s wait=0.295s drain=0.202s waits=2093 untimed=344 | wide: calls=186 total=3.426s encode=0.768s wait=2.659s drain=0.000s waits=184 untimed=184 | hint: calls=1380 total=0.769s encode=0.004s wait=0.765s drain=0.000s waits=1364 untimed=1364
[kernel-split] single: calls=1459 total=4.462s encode=0.143s wait=0.095s drain=4.223s waits=1556 untimed=1098 | wide: calls=1112 total=5.958s encode=0.419s wait=5.101s drain=0.438s waits=1112 untimed=0
[kernel-sub] materialize=0.165s moe=5.822s precommit=4.190s rest=0.243s
[metal-cache] calls=8518 zero_copy_wraps=321 copies=0 cache_entries=139 bindless=true
 Gross
[stats] generated=15 elapsed=74.656s speed=0.2009 token/s (4.977 s/token) chunks=16 committed_rows=85 verify_tx=0 drafts=0/0 layer_passes=1488 expert_rows=7820 expert_tiles=2335
[opens] expert file opens=60672 total=0.934s mean=0.015ms requested_bytes=1594267335872 (1594.3 GB)
[arrival] tiles=1059 waves=1394 uncovered_wait=41.823s dispatch=6.165s
[retain] enabled=false cap_gb=8 layers=63..=92 consults=0 wanted=0 hits=0 inserts=0 served=0.0MB
[summer] enabled=false cap_gb=8 sample=16 consults=0 wanted=0 hits=0 hit_rate=0.0% misses=0 inserts=0 evictions=0 recycled=0 allocs=0 pin_skips=0 gated=0 ramp=2..50 bar=0 suppressed=0 wide_skips=0 served=0.0MB copied=0.0MB ssd_avoided=0.0GB live=0/0.0GB model=0 protected=0 declined=0 topup_suppressed=0 aged=0 into=0/0/0 pending=0
[mirror-split] internal=0 K3C=0 K3B=0 K3A=0  shares=0%/0%/0%/0%
[phases] mono=393031.438607 chunks=16 sequence=74.635s read_wait=0.171s bind_upload=1.719s attention_resident=4.418s expert_read_prefetch=15.350s expert_demand_read=8.971s expert_plan=0.902s expert_hint=0.000s expert_submit=0.000s expert_kernel=52.617s source_fence=0.000s tail_head_sync=0.242s layer_other=0.082s expert_read_gross=14.448s plan_hint=0.824s plan_sched=0.078s attn_total=4.415s attn_encode=1.219s attn_wait=2.976s attn_drain=0.220s kernel_total=10.776s kernel_host=0.572s kernel_wait=5.200s kernel_drain=5.004s
[attn-split] single: calls=1302 total=0.988s encode=0.451s wait=0.317s drain=0.220s waits=2254 untimed=374 | wide: calls=186 total=3.426s encode=0.768s wait=2.659s drain=0.000s waits=184 untimed=184 | hint: calls=1472 total=0.823s encode=0.004s wait=0.819s drain=0.000s waits=1455 untimed=1455
[kernel-split] single: calls=1558 total=4.818s encode=0.153s wait=0.099s drain=4.566s waits=1663 untimed=1187 | wide: calls=1112 total=5.958s encode=0.419s wait=5.101s drain=0.438s waits=1112 untimed=0
[kernel-sub] materialize=0.165s moe=5.828s precommit=4.534s rest=0.248s
[metal-cache] calls=8617 zero_copy_wraps=321 copies=0 cache_entries=139 bindless=true
 Profit
[stats] generated=16 elapsed=76.094s speed=0.2103 token/s (4.756 s/token) chunks=17 committed_rows=86 verify_tx=0 drafts=0/0 layer_passes=1581 expert_rows=7912 expert_tiles=2427
[opens] expert file opens=64641 total=0.987s mean=0.015ms requested_bytes=1629054860480 (1629.1 GB)
[arrival] tiles=1060 waves=1398 uncovered_wait=41.833s dispatch=6.171s
[retain] enabled=false cap_gb=8 layers=63..=92 consults=0 wanted=0 hits=0 inserts=0 served=0.0MB
[summer] enabled=false cap_gb=8 sample=16 consults=0 wanted=0 hits=0 hit_rate=0.0% misses=0 inserts=0 evictions=0 recycled=0 allocs=0 pin_skips=0 gated=0 ramp=2..50 bar=0 suppressed=0 wide_skips=0 served=0.0MB copied=0.0MB ssd_avoided=0.0GB live=0/0.0GB model=0 protected=0 declined=0 topup_suppressed=0 aged=0 into=0/0/0 pending=0
[mirror-split] internal=0 K3C=0 K3B=0 K3A=0  shares=0%/0%/0%/0%
[phases] mono=393032.876360 chunks=17 sequence=76.072s read_wait=0.171s bind_upload=1.719s attention_resident=4.490s expert_read_prefetch=16.356s expert_demand_read=9.578s expert_plan=0.953s expert_hint=0.000s expert_submit=0.000s expert_kernel=52.963s source_fence=0.000s tail_head_sync=0.255s layer_other=0.083s expert_read_gross=15.403s plan_hint=0.874s plan_sched=0.079s attn_total=4.486s attn_encode=1.245s attn_wait=3.003s attn_drain=0.238s kernel_total=11.112s kernel_host=0.582s kernel_wait=5.203s kernel_drain=5.327s
[attn-split] single: calls=1395 total=1.059s encode=0.477s wait=0.344s drain=0.238s waits=2415 untimed=405 | wide: calls=186 total=3.426s encode=0.768s wait=2.659s drain=0.000s waits=184 untimed=184 | hint: calls=1564 total=0.873s encode=0.004s wait=0.869s drain=0.000s waits=1546 untimed=1546
[kernel-split] single: calls=1653 total=5.153s encode=0.163s wait=0.102s drain=4.889s waits=1762 untimed=1268 | wide: calls=1112 total=5.958s encode=0.419s wait=5.101s drain=0.438s waits=1112 untimed=0
[kernel-sub] materialize=0.165s moe=5.834s precommit=4.859s rest=0.253s
[metal-cache] calls=8712 zero_copy_wraps=321 copies=0 cache_entries=139 bindless=true
**

[stats] generated=17 elapsed=77.543s speed=0.2192 token/s (4.561 s/token) chunks=18 committed_rows=87 verify_tx=0 drafts=0/0 layer_passes=1674 expert_rows=8004 expert_tiles=2519
[opens] expert file opens=68507 total=1.045s mean=0.015ms requested_bytes=1662912412864 (1662.9 GB)
[arrival] tiles=1061 waves=1405 uncovered_wait=41.845s dispatch=6.177s
[retain] enabled=false cap_gb=8 layers=63..=92 consults=0 wanted=0 hits=0 inserts=0 served=0.0MB
[summer] enabled=false cap_gb=8 sample=16 consults=0 wanted=0 hits=0 hit_rate=0.0% misses=0 inserts=0 evictions=0 recycled=0 allocs=0 pin_skips=0 gated=0 ramp=2..50 bar=0 suppressed=0 wide_skips=0 served=0.0MB copied=0.0MB ssd_avoided=0.0GB live=0/0.0GB model=0 protected=0 declined=0 topup_suppressed=0 aged=0 into=0/0/0 pending=0
[mirror-split] internal=0 K3C=0 K3B=0 K3A=0  shares=0%/0%/0%/0%
[phases] mono=393034.325385 chunks=18 sequence=77.520s read_wait=0.171s bind_upload=1.719s attention_resident=4.563s expert_read_prefetch=17.369s expert_demand_read=10.182s expert_plan=1.007s expert_hint=0.000s expert_submit=0.000s expert_kernel=53.307s source_fence=0.000s tail_head_sync=0.271s layer_other=0.085s expert_read_gross=16.362s plan_hint=0.927s plan_sched=0.079s attn_total=4.559s attn_encode=1.276s attn_wait=3.022s attn_drain=0.260s kernel_total=11.443s kernel_host=0.591s kernel_wait=5.206s kernel_drain=5.646s
[attn-split] single: calls=1488 total=1.132s encode=0.509s wait=0.363s drain=0.260s waits=2576 untimed=423 | wide: calls=186 total=3.426s encode=0.768s wait=2.659s drain=0.000s waits=184 untimed=184 | hint: calls=1656 total=0.926s encode=0.004s wait=0.921s drain=0.000s waits=1637 untimed=1637
[kernel-split] single: calls=1751 total=5.485s encode=0.172s wait=0.105s drain=5.207s waits=1867 untimed=1344 | wide: calls=1112 total=5.958s encode=0.419s wait=5.101s drain=0.438s waits=1112 untimed=0
[kernel-sub] materialize=0.165s moe=5.840s precommit=5.179s rest=0.258s
[metal-cache] calls=8810 zero_copy_wraps=321 copies=0 cache_entries=139 bindless=true
G
[stats] generated=18 elapsed=79.015s speed=0.2278 token/s (4.390 s/token) chunks=19 committed_rows=88 verify_tx=0 drafts=0/0 layer_passes=1767 expert_rows=8096 expert_tiles=2611
[opens] expert file opens=72371 total=1.098s mean=0.015ms requested_bytes=1696796245184 (1696.8 GB)
[arrival] tiles=1062 waves=1413 uncovered_wait=41.856s dispatch=6.184s
[retain] enabled=false cap_gb=8 layers=63..=92 consults=0 wanted=0 hits=0 inserts=0 served=0.0MB
[summer] enabled=false cap_gb=8 sample=16 consults=0 wanted=0 hits=0 hit_rate=0.0% misses=0 inserts=0 evictions=0 recycled=0 allocs=0 pin_skips=0 gated=0 ramp=2..50 bar=0 suppressed=0 wide_skips=0 served=0.0MB copied=0.0MB ssd_avoided=0.0GB live=0/0.0GB model=0 protected=0 declined=0 topup_suppressed=0 aged=0 into=0/0/0 pending=0
[mirror-split] internal=0 K3C=0 K3B=0 K3A=0  shares=0%/0%/0%/0%
[phases] mono=393035.797574 chunks=19 sequence=78.991s read_wait=0.171s bind_upload=1.719s attention_resident=4.645s expert_read_prefetch=18.393s expert_demand_read=10.802s expert_plan=1.059s expert_hint=0.000s expert_submit=0.000s expert_kernel=53.653s source_fence=0.000s tail_head_sync=0.287s layer_other=0.087s expert_read_gross=17.334s plan_hint=0.978s plan_sched=0.081s attn_total=4.641s attn_encode=1.318s attn_wait=3.050s attn_drain=0.274s kernel_total=11.778s kernel_host=0.602s kernel_wait=5.209s kernel_drain=5.967s
[attn-split] single: calls=1581 total=1.214s encode=0.550s wait=0.391s drain=0.274s waits=2737 untimed=455 | wide: calls=186 total=3.426s encode=0.768s wait=2.659s drain=0.000s waits=184 untimed=184 | hint: calls=1748 total=0.977s encode=0.005s wait=0.972s drain=0.000s waits=1728 untimed=1728
[kernel-split] single: calls=1850 total=5.820s encode=0.182s wait=0.109s drain=5.529s waits=1974 untimed=1431 | wide: calls=1112 total=5.958s encode=0.419s wait=5.101s drain=0.438s waits=1112 untimed=0
[kernel-sub] materialize=0.165s moe=5.846s precommit=5.503s rest=0.264s
[metal-cache] calls=8909 zero_copy_wraps=321 copies=0 cache_entries=139 bindless=true
ross
[stats] generated=19 elapsed=80.475s speed=0.2361 token/s (4.236 s/token) chunks=20 committed_rows=89 verify_tx=0 drafts=0/0 layer_passes=1860 expert_rows=8188 expert_tiles=2703
[opens] expert file opens=76271 total=1.153s mean=0.015ms requested_bytes=1731004677312 (1731.0 GB)
[arrival] tiles=1063 waves=1420 uncovered_wait=41.865s dispatch=6.191s
[retain] enabled=false cap_gb=8 layers=63..=92 consults=0 wanted=0 hits=0 inserts=0 served=0.0MB
[summer] enabled=false cap_gb=8 sample=16 consults=0 wanted=0 hits=0 hit_rate=0.0% misses=0 inserts=0 evictions=0 recycled=0 allocs=0 pin_skips=0 gated=0 ramp=2..50 bar=0 suppressed=0 wide_skips=0 served=0.0MB copied=0.0MB ssd_avoided=0.0GB live=0/0.0GB model=0 protected=0 declined=0 topup_suppressed=0 aged=0 into=0/0/0 pending=0
[mirror-split] internal=0 K3C=0 K3B=0 K3A=0  shares=0%/0%/0%/0%
[phases] mono=393037.257667 chunks=20 sequence=80.450s read_wait=0.171s bind_upload=1.719s attention_resident=4.713s expert_read_prefetch=19.416s expert_demand_read=11.378s expert_plan=1.117s expert_hint=0.000s expert_submit=0.000s expert_kernel=54.005s source_fence=0.000s tail_head_sync=0.302s layer_other=0.088s expert_read_gross=18.299s plan_hint=1.034s plan_sched=0.082s attn_total=4.709s attn_encode=1.347s attn_wait=3.075s attn_drain=0.286s kernel_total=12.121s kernel_host=0.612s kernel_wait=5.213s kernel_drain=6.296s
[attn-split] single: calls=1674 total=1.282s encode=0.580s wait=0.417s drain=0.286s waits=2898 untimed=478 | wide: calls=186 total=3.426s encode=0.768s wait=2.659s drain=0.000s waits=184 untimed=184 | hint: calls=1840 total=1.033s encode=0.005s wait=1.028s drain=0.000s waits=1819 untimed=1819
[kernel-split] single: calls=1948 total=6.163s encode=0.193s wait=0.113s drain=5.857s waits=2079 untimed=1517 | wide: calls=1112 total=5.958s encode=0.419s wait=5.101s drain=0.438s waits=1112 untimed=0
[kernel-sub] materialize=0.165s moe=5.853s precommit=5.833s rest=0.270s
[metal-cache] calls=9007 zero_copy_wraps=321 copies=0 cache_entries=139 bindless=true
 Profit
[stats] generated=20 elapsed=81.903s speed=0.2442 token/s (4.095 s/token) chunks=21 committed_rows=90 verify_tx=0 drafts=0/0 layer_passes=1953 expert_rows=8280 expert_tiles=2795
[opens] expert file opens=80213 total=1.221s mean=0.015ms requested_bytes=1765520260288 (1765.5 GB)
[arrival] tiles=1064 waves=1427 uncovered_wait=41.874s dispatch=6.197s
[retain] enabled=false cap_gb=8 layers=63..=92 consults=0 wanted=0 hits=0 inserts=0 served=0.0MB
[summer] enabled=false cap_gb=8 sample=16 consults=0 wanted=0 hits=0 hit_rate=0.0% misses=0 inserts=0 evictions=0 recycled=0 allocs=0 pin_skips=0 gated=0 ramp=2..50 bar=0 suppressed=0 wide_skips=0 served=0.0MB copied=0.0MB ssd_avoided=0.0GB live=0/0.0GB model=0 protected=0 declined=0 topup_suppressed=0 aged=0 into=0/0/0 pending=0
[mirror-split] internal=0 K3C=0 K3B=0 K3A=0  shares=0%/0%/0%/0%
[phases] mono=393038.686185 chunks=21 sequence=81.877s read_wait=0.171s bind_upload=1.719s attention_resident=4.777s expert_read_prefetch=20.403s expert_demand_read=11.945s expert_plan=1.179s expert_hint=0.000s expert_submit=0.000s expert_kernel=54.366s source_fence=0.000s tail_head_sync=0.315s layer_other=0.090s expert_read_gross=19.224s plan_hint=1.095s plan_sched=0.083s attn_total=4.772s attn_encode=1.378s attn_wait=3.090s attn_drain=0.304s kernel_total=12.473s kernel_host=0.627s kernel_wait=5.216s kernel_drain=6.630s
[attn-split] single: calls=1767 total=1.345s encode=0.610s wait=0.431s drain=0.304s waits=3059 untimed=491 | wide: calls=186 total=3.426s encode=0.768s wait=2.659s drain=0.000s waits=184 untimed=184 | hint: calls=1932 total=1.093s encode=0.005s wait=1.088s drain=0.000s waits=1910 untimed=1910
[kernel-split] single: calls=2046 total=6.515s encode=0.207s wait=0.116s drain=6.192s waits=2184 untimed=1588 | wide: calls=1112 total=5.958s encode=0.419s wait=5.101s drain=0.438s waits=1112 untimed=0
[kernel-sub] materialize=0.165s moe=5.860s precommit=6.170s rest=0.278s
[metal-cache] calls=9105 zero_copy_wraps=321 copies=0 cache_entries=139 bindless=true
 =
[stats] generated=21 elapsed=83.363s speed=0.2519 token/s (3.970 s/token) chunks=22 committed_rows=91 verify_tx=0 drafts=0/0 layer_passes=2046 expert_rows=8372 expert_tiles=2887
[opens] expert file opens=84104 total=1.284s mean=0.015ms requested_bytes=1799597128896 (1799.6 GB)
[arrival] tiles=1065 waves=1435 uncovered_wait=41.883s dispatch=6.204s
[retain] enabled=false cap_gb=8 layers=63..=92 consults=0 wanted=0 hits=0 inserts=0 served=0.0MB
[summer] enabled=false cap_gb=8 sample=16 consults=0 wanted=0 hits=0 hit_rate=0.0% misses=0 inserts=0 evictions=0 recycled=0 allocs=0 pin_skips=0 gated=0 ramp=2..50 bar=0 suppressed=0 wide_skips=0 served=0.0MB copied=0.0MB ssd_avoided=0.0GB live=0/0.0GB model=0 protected=0 declined=0 topup_suppressed=0 aged=0 into=0/0/0 pending=0
[mirror-split] internal=0 K3C=0 K3B=0 K3A=0  shares=0%/0%/0%/0%
[phases] mono=393040.146333 chunks=22 sequence=83.337s read_wait=0.171s bind_upload=1.719s attention_resident=4.845s expert_read_prefetch=21.442s expert_demand_read=12.545s expert_plan=1.243s expert_hint=0.000s expert_submit=0.000s expert_kernel=54.703s source_fence=0.000s tail_head_sync=0.329s layer_other=0.091s expert_read_gross=20.198s plan_hint=1.158s plan_sched=0.084s attn_total=4.840s attn_encode=1.407s attn_wait=3.112s attn_drain=0.321s kernel_total=12.800s kernel_host=0.638s kernel_wait=5.220s kernel_drain=6.942s
[attn-split] single: calls=1860 total=1.414s encode=0.639s wait=0.454s drain=0.321s waits=3220 untimed=518 | wide: calls=186 total=3.426s encode=0.768s wait=2.659s drain=0.000s waits=184 untimed=184 | hint: calls=2024 total=1.157s encode=0.005s wait=1.151s drain=0.000s waits=2001 untimed=2001
[kernel-split] single: calls=2145 total=6.841s encode=0.219s wait=0.119s drain=6.503s waits=2291 untimed=1674 | wide: calls=1112 total=5.958s encode=0.419s wait=5.101s drain=0.438s waits=1112 untimed=0
[kernel-sub] materialize=0.165s moe=5.866s precommit=6.483s rest=0.284s
[metal-cache] calls=9204 zero_copy_wraps=321 copies=0 cache_entries=139 bindless=true
[route-chain] chained=1380
[route-chain] dedup_hits=1380
 Revenue
[stats] generated=22 elapsed=84.835s speed=0.2593 token/s (3.856 s/token) chunks=23 committed_rows=92 verify_tx=0 drafts=0/0 layer_passes=2139 expert_rows=8464 expert_tiles=2979
[opens] expert file opens=88006 total=1.348s mean=0.015ms requested_bytes=1833814359232 (1833.8 GB)
[arrival] tiles=1066 waves=1443 uncovered_wait=41.896s dispatch=6.212s
[retain] enabled=false cap_gb=8 layers=63..=92 consults=0 wanted=0 hits=0 inserts=0 served=0.0MB
[summer] enabled=false cap_gb=8 sample=16 consults=0 wanted=0 hits=0 hit_rate=0.0% misses=0 inserts=0 evictions=0 recycled=0 allocs=0 pin_skips=0 gated=0 ramp=2..50 bar=0 suppressed=0 wide_skips=0 served=0.0MB copied=0.0MB ssd_avoided=0.0GB live=0/0.0GB model=0 protected=0 declined=0 topup_suppressed=0 aged=0 into=0/0/0 pending=0
[mirror-split] internal=0 K3C=0 K3B=0 K3A=0  shares=0%/0%/0%/0%
[phases] mono=393041.617906 chunks=23 sequence=84.808s read_wait=0.171s bind_upload=1.719s attention_resident=4.923s expert_read_prefetch=22.475s expert_demand_read=13.181s expert_plan=1.299s expert_hint=0.000s expert_submit=0.000s expert_kernel=55.047s source_fence=0.000s tail_head_sync=0.343s layer_other=0.093s expert_read_gross=21.176s plan_hint=1.213s plan_sched=0.086s attn_total=4.917s attn_encode=1.452s attn_wait=3.135s attn_drain=0.331s kernel_total=13.131s kernel_host=0.650s kernel_wait=5.224s kernel_drain=7.257s
[attn-split] single: calls=1953 total=1.491s encode=0.684s wait=0.476s drain=0.331s waits=3381 untimed=540 | wide: calls=186 total=3.426s encode=0.768s wait=2.659s drain=0.000s waits=184 untimed=184 | hint: calls=2116 total=1.211s encode=0.006s wait=1.206s drain=0.000s waits=2092 untimed=2092
[kernel-split] single: calls=2244 total=7.173s encode=0.231s wait=0.123s drain=6.818s waits=2398 untimed=1757 | wide: calls=1112 total=5.958s encode=0.419s wait=5.101s drain=0.438s waits=1112 untimed=0
[kernel-sub] materialize=0.165s moe=5.874s precommit=6.800s rest=0.291s
[metal-cache] calls=9303 zero_copy_wraps=321 copies=0 cache_entries=139 bindless=true
 −
[stats] generated=23 elapsed=86.340s speed=0.2664 token/s (3.754 s/token) chunks=24 committed_rows=93 verify_tx=0 drafts=0/0 layer_passes=2232 expert_rows=8556 expert_tiles=3071
[opens] expert file opens=91994 total=1.412s mean=0.015ms requested_bytes=1868794887360 (1868.8 GB)
[arrival] tiles=1067 waves=1450 uncovered_wait=41.906s dispatch=6.218s
[retain] enabled=false cap_gb=8 layers=63..=92 consults=0 wanted=0 hits=0 inserts=0 served=0.0MB
[summer] enabled=false cap_gb=8 sample=16 consults=0 wanted=0 hits=0 hit_rate=0.0% misses=0 inserts=0 evictions=0 recycled=0 allocs=0 pin_skips=0 gated=0 ramp=2..50 bar=0 suppressed=0 wide_skips=0 served=0.0MB copied=0.0MB ssd_avoided=0.0GB live=0/0.0GB model=0 protected=0 declined=0 topup_suppressed=0 aged=0 into=0/0/0 pending=0
[mirror-split] internal=0 K3C=0 K3B=0 K3A=0  shares=0%/0%/0%/0%
[phases] mono=393043.123094 chunks=24 sequence=86.312s read_wait=0.171s bind_upload=1.719s attention_resident=4.991s expert_read_prefetch=23.531s expert_demand_read=13.855s expert_plan=1.355s expert_hint=0.000s expert_submit=0.000s expert_kernel=55.410s source_fence=0.000s tail_head_sync=0.358s layer_other=0.095s expert_read_gross=22.175s plan_hint=1.268s plan_sched=0.087s attn_total=4.986s attn_encode=1.481s attn_wait=3.162s attn_drain=0.343s kernel_total=13.484s kernel_host=0.662s kernel_wait=5.228s kernel_drain=7.594s
[attn-split] single: calls=2046 total=1.559s encode=0.713s wait=0.503s drain=0.343s waits=3542 untimed=561 | wide: calls=186 total=3.426s encode=0.768s wait=2.659s drain=0.000s waits=184 untimed=184 | hint: calls=2208 total=1.266s encode=0.006s wait=1.260s drain=0.000s waits=2183 untimed=2183
[kernel-split] single: calls=2342 total=7.525s encode=0.243s wait=0.127s drain=7.156s waits=2503 untimed=1838 | wide: calls=1112 total=5.958s encode=0.419s wait=5.101s drain=0.438s waits=1112 untimed=0
[kernel-sub] materialize=0.165s moe=5.880s precommit=7.140s rest=0.298s
[metal-cache] calls=9401 zero_copy_wraps=321 copies=0 cache_entries=139 bindless=true
 Cost
[stats] generated=24 elapsed=87.807s speed=0.2733 token/s (3.659 s/token) chunks=25 committed_rows=94 verify_tx=0 drafts=0/0 layer_passes=2325 expert_rows=8648 expert_tiles=3163
[opens] expert file opens=95894 total=1.468s mean=0.015ms requested_bytes=1903012117696 (1903.0 GB)
[arrival] tiles=1068 waves=1458 uncovered_wait=41.916s dispatch=6.225s
[retain] enabled=false cap_gb=8 layers=63..=92 consults=0 wanted=0 hits=0 inserts=0 served=0.0MB
[summer] enabled=false cap_gb=8 sample=16 consults=0 wanted=0 hits=0 hit_rate=0.0% misses=0 inserts=0 evictions=0 recycled=0 allocs=0 pin_skips=0 gated=0 ramp=2..50 bar=0 suppressed=0 wide_skips=0 served=0.0MB copied=0.0MB ssd_avoided=0.0GB live=0/0.0GB model=0 protected=0 declined=0 topup_suppressed=0 aged=0 into=0/0/0 pending=0
[mirror-split] internal=0 K3C=0 K3B=0 K3A=0  shares=0%/0%/0%/0%
[phases] mono=393044.590064 chunks=25 sequence=87.777s read_wait=0.171s bind_upload=1.719s attention_resident=5.057s expert_read_prefetch=24.582s expert_demand_read=14.467s expert_plan=1.421s expert_hint=0.000s expert_submit=0.000s expert_kernel=55.743s source_fence=0.000s tail_head_sync=0.371s layer_other=0.096s expert_read_gross=23.161s plan_hint=1.333s plan_sched=0.088s attn_total=5.052s attn_encode=1.508s attn_wait=3.191s attn_drain=0.353s kernel_total=13.806s kernel_host=0.673s kernel_wait=5.232s kernel_drain=7.901s
[attn-split] single: calls=2139 total=1.625s encode=0.740s wait=0.532s drain=0.353s waits=3703 untimed=588 | wide: calls=186 total=3.426s encode=0.768s wait=2.659s drain=0.000s waits=184 untimed=184 | hint: calls=2300 total=1.331s encode=0.006s wait=1.325s drain=0.000s waits=2274 untimed=2274
[kernel-split] single: calls=2441 total=7.848s encode=0.254s wait=0.131s drain=7.463s waits=2610 untimed=1925 | wide: calls=1112 total=5.958s encode=0.419s wait=5.101s drain=0.438s waits=1112 untimed=0
[kernel-sub] materialize=0.165s moe=5.887s precommit=7.449s rest=0.305s
[metal-cache] calls=9500 zero_copy_wraps=321 copies=0 cache_entries=139 bindless=true
 of
[stats] generated=25 elapsed=89.329s speed=0.2799 token/s (3.573 s/token) chunks=26 committed_rows=95 verify_tx=0 drafts=0/0 layer_passes=2418 expert_rows=8740 expert_tiles=3255
[opens] expert file opens=99953 total=1.530s mean=0.015ms requested_bytes=1938598067392 (1938.6 GB)
[arrival] tiles=1069 waves=1465 uncovered_wait=41.926s dispatch=6.232s
[retain] enabled=false cap_gb=8 layers=63..=92 consults=0 wanted=0 hits=0 inserts=0 served=0.0MB
[summer] enabled=false cap_gb=8 sample=16 consults=0 wanted=0 hits=0 hit_rate=0.0% misses=0 inserts=0 evictions=0 recycled=0 allocs=0 pin_skips=0 gated=0 ramp=2..50 bar=0 suppressed=0 wide_skips=0 served=0.0MB copied=0.0MB ssd_avoided=0.0GB live=0/0.0GB model=0 protected=0 declined=0 topup_suppressed=0 aged=0 into=0/0/0 pending=0
[mirror-split] internal=0 K3C=0 K3B=0 K3A=0  shares=0%/0%/0%/0%
[phases] mono=393046.111431 chunks=26 sequence=89.298s read_wait=0.171s bind_upload=1.719s attention_resident=5.125s expert_read_prefetch=25.640s expert_demand_read=15.116s expert_plan=1.471s expert_hint=0.000s expert_submit=0.000s expert_kernel=56.119s source_fence=0.000s tail_head_sync=0.388s layer_other=0.098s expert_read_gross=24.169s plan_hint=1.381s plan_sched=0.089s attn_total=5.119s attn_encode=1.538s attn_wait=3.212s attn_drain=0.369s kernel_total=14.172s kernel_host=0.685s kernel_wait=5.235s kernel_drain=8.252s
[attn-split] single: calls=2232 total=1.693s encode=0.770s wait=0.553s drain=0.369s waits=3864 untimed=604 | wide: calls=186 total=3.426s encode=0.768s wait=2.659s drain=0.000s waits=184 untimed=184 | hint: calls=2392 total=1.380s encode=0.007s wait=1.373s drain=0.000s waits=2365 untimed=2365
[kernel-split] single: calls=2539 total=8.213s encode=0.266s wait=0.134s drain=7.813s waits=2715 untimed=2009 | wide: calls=1112 total=5.958s encode=0.419s wait=5.101s drain=0.438s waits=1112 untimed=0
[kernel-sub] materialize=0.165s moe=5.893s precommit=7.801s rest=0.312s
[metal-cache] calls=9598 zero_copy_wraps=321 copies=0 cache_entries=139 bindless=true
 Sales
[stats] generated=26 elapsed=90.834s speed=0.2862 token/s (3.494 s/token) chunks=27 committed_rows=96 verify_tx=0 drafts=0/0 layer_passes=2511 expert_rows=8832 expert_tiles=3347
[opens] expert file opens=104053 total=1.607s mean=0.015ms requested_bytes=1974517415104 (1974.5 GB)
[arrival] tiles=1070 waves=1472 uncovered_wait=41.936s dispatch=6.237s
[retain] enabled=false cap_gb=8 layers=63..=92 consults=0 wanted=0 hits=0 inserts=0 served=0.0MB
[summer] enabled=false cap_gb=8 sample=16 consults=0 wanted=0 hits=0 hit_rate=0.0% misses=0 inserts=0 evictions=0 recycled=0 allocs=0 pin_skips=0 gated=0 ramp=2..50 bar=0 suppressed=0 wide_skips=0 served=0.0MB copied=0.0MB ssd_avoided=0.0GB live=0/0.0GB model=0 protected=0 declined=0 topup_suppressed=0 aged=0 into=0/0/0 pending=0
[mirror-split] internal=0 K3C=0 K3B=0 K3A=0  shares=0%/0%/0%/0%
[phases] mono=393047.616758 chunks=27 sequence=90.803s read_wait=0.171s bind_upload=1.719s attention_resident=5.204s expert_read_prefetch=26.706s expert_demand_read=15.687s expert_plan=1.536s expert_hint=0.000s expert_submit=0.000s expert_kernel=56.464s source_fence=0.000s tail_head_sync=0.402s layer_other=0.100s expert_read_gross=25.171s plan_hint=1.445s plan_sched=0.090s attn_total=5.198s attn_encode=1.581s attn_wait=3.236s attn_drain=0.380s kernel_total=14.506s kernel_host=0.697s kernel_wait=5.238s kernel_drain=8.571s
[attn-split] single: calls=2325 total=1.771s encode=0.814s wait=0.577s drain=0.380s waits=4025 untimed=629 | wide: calls=186 total=3.426s encode=0.768s wait=2.659s drain=0.000s waits=184 untimed=184 | hint: calls=2484 total=1.443s encode=0.007s wait=1.436s drain=0.000s waits=2456 untimed=2456
[kernel-split] single: calls=2637 total=8.548s encode=0.278s wait=0.137s drain=8.133s waits=2820 untimed=2094 | wide: calls=1112 total=5.958s encode=0.419s wait=5.101s drain=0.438s waits=1112 untimed=0
[kernel-sub] materialize=0.165s moe=5.899s precommit=8.123s rest=0.319s
[metal-cache] calls=9696 zero_copy_wraps=321 copies=0 cache_entries=139 bindless=true
  

[stats] generated=27 elapsed=92.327s speed=0.2924 token/s (3.420 s/token) chunks=28 committed_rows=97 verify_tx=0 drafts=0/0 layer_passes=2604 expert_rows=8924 expert_tiles=3439
[opens] expert file opens=108067 total=1.667s mean=0.015ms requested_bytes=2009690979520 (2009.7 GB)
[arrival] tiles=1071 waves=1479 uncovered_wait=41.948s dispatch=6.244s
[retain] enabled=false cap_gb=8 layers=63..=92 consults=0 wanted=0 hits=0 inserts=0 served=0.0MB
[summer] enabled=false cap_gb=8 sample=16 consults=0 wanted=0 hits=0 hit_rate=0.0% misses=0 inserts=0 evictions=0 recycled=0 allocs=0 pin_skips=0 gated=0 ramp=2..50 bar=0 suppressed=0 wide_skips=0 served=0.0MB copied=0.0MB ssd_avoided=0.0GB live=0/0.0GB model=0 protected=0 declined=0 topup_suppressed=0 aged=0 into=0/0/0 pending=0
[mirror-split] internal=0 K3C=0 K3B=0 K3A=0  shares=0%/0%/0%/0%
[phases] mono=393049.110258 chunks=28 sequence=92.295s read_wait=0.171s bind_upload=1.719s attention_resident=5.268s expert_read_prefetch=27.777s expert_demand_read=16.310s expert_plan=1.592s expert_hint=0.000s expert_submit=0.000s expert_kernel=56.806s source_fence=0.000s tail_head_sync=0.415s layer_other=0.102s expert_read_gross=26.185s plan_hint=1.500s plan_sched=0.091s attn_total=5.261s attn_encode=1.609s attn_wait=3.260s attn_drain=0.392s kernel_total=14.836s kernel_host=0.709s kernel_wait=5.241s kernel_drain=8.886s
[attn-split] single: calls=2418 total=1.835s encode=0.841s wait=0.602s drain=0.392s waits=4186 untimed=650 | wide: calls=186 total=3.426s encode=0.768s wait=2.659s drain=0.000s waits=184 untimed=184 | hint: calls=2576 total=1.498s encode=0.007s wait=1.491s drain=0.000s waits=2547 untimed=2547
[kernel-split] single: calls=2735 total=8.878s encode=0.290s wait=0.140s drain=8.448s waits=2925 untimed=2173 | wide: calls=1112 total=5.958s encode=0.419s wait=5.101s drain=0.438s waits=1112 untimed=0
[kernel-sub] materialize=0.165s moe=5.905s precommit=8.440s rest=0.326s
[metal-cache] calls=9794 zero_copy_wraps=321 copies=0 cache_entries=139 bindless=true
G
[stats] generated=28 elapsed=93.802s speed=0.2985 token/s (3.350 s/token) chunks=29 committed_rows=98 verify_tx=0 drafts=0/0 layer_passes=2697 expert_rows=9016 expert_tiles=3531
[opens] expert file opens=111965 total=1.724s mean=0.015ms requested_bytes=2043881880768 (2043.9 GB)
[arrival] tiles=1072 waves=1486 uncovered_wait=41.957s dispatch=6.251s
[retain] enabled=false cap_gb=8 layers=63..=92 consults=0 wanted=0 hits=0 inserts=0 served=0.0MB
[summer] enabled=false cap_gb=8 sample=16 consults=0 wanted=0 hits=0 hit_rate=0.0% misses=0 inserts=0 evictions=0 recycled=0 allocs=0 pin_skips=0 gated=0 ramp=2..50 bar=0 suppressed=0 wide_skips=0 served=0.0MB copied=0.0MB ssd_avoided=0.0GB live=0/0.0GB model=0 protected=0 declined=0 topup_suppressed=0 aged=0 into=0/0/0 pending=0
[mirror-split] internal=0 K3C=0 K3B=0 K3A=0  shares=0%/0%/0%/0%
[phases] mono=393050.584542 chunks=29 sequence=93.768s read_wait=0.171s bind_upload=1.719s attention_resident=5.328s expert_read_prefetch=28.836s expert_demand_read=16.951s expert_plan=1.643s expert_hint=0.000s expert_submit=0.000s expert_kernel=57.140s source_fence=0.000s tail_head_sync=0.434s layer_other=0.103s expert_read_gross=27.193s plan_hint=1.550s plan_sched=0.092s attn_total=5.321s attn_encode=1.632s attn_wait=3.281s attn_drain=0.409s kernel_total=15.161s kernel_host=0.721s kernel_wait=5.245s kernel_drain=9.195s
[attn-split] single: calls=2511 total=1.895s encode=0.864s wait=0.622s drain=0.409s waits=4347 untimed=673 | wide: calls=186 total=3.426s encode=0.768s wait=2.659s drain=0.000s waits=184 untimed=184 | hint: calls=2668 total=1.548s encode=0.007s wait=1.541s drain=0.000s waits=2638 untimed=2638
[kernel-split] single: calls=2833 total=9.203s encode=0.302s wait=0.144s drain=8.757s waits=3030 untimed=2260 | wide: calls=1112 total=5.958s encode=0.419s wait=5.101s drain=0.438s waits=1112 untimed=0
[kernel-sub] materialize=0.165s moe=5.913s precommit=8.751s rest=0.332s
[metal-cache] calls=9892 zero_copy_wraps=321 copies=0 cache_entries=139 bindless=true
ross
[stats] generated=29 elapsed=95.307s speed=0.3043 token/s (3.286 s/token) chunks=30 committed_rows=99 verify_tx=0 drafts=0/0 layer_passes=2790 expert_rows=9108 expert_tiles=3623
[opens] expert file opens=115966 total=1.785s mean=0.015ms requested_bytes=2078976457920 (2079.0 GB)
[arrival] tiles=1073 waves=1494 uncovered_wait=41.970s dispatch=6.258s
[retain] enabled=false cap_gb=8 layers=63..=92 consults=0 wanted=0 hits=0 inserts=0 served=0.0MB
[summer] enabled=false cap_gb=8 sample=16 consults=0 wanted=0 hits=0 hit_rate=0.0% misses=0 inserts=0 evictions=0 recycled=0 allocs=0 pin_skips=0 gated=0 ramp=2..50 bar=0 suppressed=0 wide_skips=0 served=0.0MB copied=0.0MB ssd_avoided=0.0GB live=0/0.0GB model=0 protected=0 declined=0 topup_suppressed=0 aged=0 into=0/0/0 pending=0
[mirror-split] internal=0 K3C=0 K3B=0 K3A=0  shares=0%/0%/0%/0%
[phases] mono=393052.089922 chunks=30 sequence=95.273s read_wait=0.171s bind_upload=1.719s attention_resident=5.396s expert_read_prefetch=29.919s expert_demand_read=17.572s expert_plan=1.687s expert_hint=0.000s expert_submit=0.000s expert_kernel=57.478s source_fence=0.000s tail_head_sync=0.447s layer_other=0.105s expert_read_gross=28.232s plan_hint=1.593s plan_sched=0.094s attn_total=5.389s attn_encode=1.666s attn_wait=3.304s attn_drain=0.420s kernel_total=15.485s kernel_host=0.733s kernel_wait=5.248s kernel_drain=9.503s
[attn-split] single: calls=2604 total=1.963s encode=0.898s wait=0.645s drain=0.420s waits=4508 untimed=696 | wide: calls=186 total=3.426s encode=0.768s wait=2.659s drain=0.000s waits=184 untimed=184 | hint: calls=2760 total=1.591s encode=0.008s wait=1.583s drain=0.000s waits=2729 untimed=2729
[kernel-split] single: calls=2932 total=9.527s encode=0.314s wait=0.148s drain=9.065s waits=3137 untimed=2346 | wide: calls=1112 total=5.958s encode=0.419s wait=5.101s drain=0.438s waits=1112 untimed=0
[kernel-sub] materialize=0.165s moe=5.919s precommit=9.060s rest=0.340s
[metal-cache] calls=9991 zero_copy_wraps=321 copies=0 cache_entries=139 bindless=true
 Profit
[stats] generated=30 elapsed=96.829s speed=0.3098 token/s (3.228 s/token) chunks=31 committed_rows=100 verify_tx=0 drafts=0/0 layer_passes=2883 expert_rows=9200 expert_tiles=3715
[opens] expert file opens=120094 total=1.842s mean=0.015ms requested_bytes=2115176512704 (2115.2 GB)
[arrival] tiles=1074 waves=1502 uncovered_wait=41.983s dispatch=6.266s
[retain] enabled=false cap_gb=8 layers=63..=92 consults=0 wanted=0 hits=0 inserts=0 served=0.0MB
[summer] enabled=false cap_gb=8 sample=16 consults=0 wanted=0 hits=0 hit_rate=0.0% misses=0 inserts=0 evictions=0 recycled=0 allocs=0 pin_skips=0 gated=0 ramp=2..50 bar=0 suppressed=0 wide_skips=0 served=0.0MB copied=0.0MB ssd_avoided=0.0GB live=0/0.0GB model=0 protected=0 declined=0 topup_suppressed=0 aged=0 into=0/0/0 pending=0
[mirror-split] internal=0 K3C=0 K3B=0 K3A=0  shares=0%/0%/0%/0%
[phases] mono=393053.612110 chunks=31 sequence=96.795s read_wait=0.171s bind_upload=1.719s attention_resident=5.471s expert_read_prefetch=31.013s expert_demand_read=18.224s expert_plan=1.737s expert_hint=0.000s expert_submit=0.000s expert_kernel=57.816s source_fence=0.000s tail_head_sync=0.461s layer_other=0.106s expert_read_gross=29.275s plan_hint=1.642s plan_sched=0.095s attn_total=5.464s attn_encode=1.705s attn_wait=3.321s attn_drain=0.437s kernel_total=15.810s kernel_host=0.745s kernel_wait=5.252s kernel_drain=9.812s
[attn-split] single: calls=2697 total=2.037s encode=0.938s wait=0.663s drain=0.437s waits=4669 untimed=718 | wide: calls=186 total=3.426s encode=0.768s wait=2.659s drain=0.000s waits=184 untimed=184 | hint: calls=2852 total=1.640s encode=0.008s wait=1.632s drain=0.000s waits=2820 untimed=2820
[kernel-split] single: calls=3031 total=9.852s encode=0.326s wait=0.152s drain=9.374s waits=3244 untimed=2432 | wide: calls=1112 total=5.958s encode=0.419s wait=5.101s drain=0.438s waits=1112 untimed=0
[kernel-sub] materialize=0.165s moe=5.927s precommit=9.372s rest=0.347s
[metal-cache] calls=10090 zero_copy_wraps=321 copies=0 cache_entries=139 bindless=true
 =
[stats] generated=31 elapsed=98.280s speed=0.3154 token/s (3.170 s/token) chunks=32 committed_rows=101 verify_tx=0 drafts=0/0 layer_passes=2976 expert_rows=9292 expert_tiles=3807
[opens] expert file opens=124030 total=1.908s mean=0.015ms requested_bytes=2149683281088 (2149.7 GB)
[arrival] tiles=1075 waves=1508 uncovered_wait=41.994s dispatch=6.271s
[retain] enabled=false cap_gb=8 layers=63..=92 consults=0 wanted=0 hits=0 inserts=0 served=0.0MB
[summer] enabled=false cap_gb=8 sample=16 consults=0 wanted=0 hits=0 hit_rate=0.0% misses=0 inserts=0 evictions=0 recycled=0 allocs=0 pin_skips=0 gated=0 ramp=2..50 bar=0 suppressed=0 wide_skips=0 served=0.0MB copied=0.0MB ssd_avoided=0.0GB live=0/0.0GB model=0 protected=0 declined=0 topup_suppressed=0 aged=0 into=0/0/0 pending=0
[mirror-split] internal=0 K3C=0 K3B=0 K3A=0  shares=0%/0%/0%/0%
[phases] mono=393055.062628 chunks=32 sequence=98.244s read_wait=0.171s bind_upload=1.719s attention_resident=5.531s expert_read_prefetch=32.052s expert_demand_read=18.848s expert_plan=1.786s expert_hint=0.000s expert_submit=0.000s expert_kernel=58.151s source_fence=0.000s tail_head_sync=0.474s layer_other=0.108s expert_read_gross=30.267s plan_hint=1.689s plan_sched=0.096s attn_total=5.523s attn_encode=1.732s attn_wait=3.342s attn_drain=0.449s kernel_total=16.133s kernel_host=0.756s kernel_wait=5.255s kernel_drain=10.122s
[attn-split] single: calls=2790 total=2.097s encode=0.964s wait=0.684s drain=0.449s waits=4830 untimed=744 | wide: calls=186 total=3.426s encode=0.768s wait=2.659s drain=0.000s waits=184 untimed=184 | hint: calls=2944 total=1.687s encode=0.008s wait=1.679s drain=0.000s waits=2911 untimed=2911
[kernel-split] single: calls=3128 total=10.175s encode=0.337s wait=0.155s drain=9.683s waits=3347 untimed=2517 | wide: calls=1112 total=5.958s encode=0.419s wait=5.101s drain=0.438s waits=1112 untimed=0
[kernel-sub] materialize=0.165s moe=5.932s precommit=9.683s rest=0.353s
[metal-cache] calls=10187 zero_copy_wraps=321 copies=0 cache_entries=139 bindless=true
 
[stats] generated=32 elapsed=99.763s speed=0.3208 token/s (3.118 s/token) chunks=33 committed_rows=102 verify_tx=0 drafts=0/0 layer_passes=3069 expert_rows=9384 expert_tiles=3899
[opens] expert file opens=127974 total=1.968s mean=0.015ms requested_bytes=2184251456704 (2184.3 GB)
[arrival] tiles=1076 waves=1516 uncovered_wait=42.009s dispatch=6.278s
[retain] enabled=false cap_gb=8 layers=63..=92 consults=0 wanted=0 hits=0 inserts=0 served=0.0MB
[summer] enabled=false cap_gb=8 sample=16 consults=0 wanted=0 hits=0 hit_rate=0.0% misses=0 inserts=0 evictions=0 recycled=0 allocs=0 pin_skips=0 gated=0 ramp=2..50 bar=0 suppressed=0 wide_skips=0 served=0.0MB copied=0.0MB ssd_avoided=0.0GB live=0/0.0GB model=0 protected=0 declined=0 topup_suppressed=0 aged=0 into=0/0/0 pending=0
[mirror-split] internal=0 K3C=0 K3B=0 K3A=0  shares=0%/0%/0%/0%
[phases] mono=393056.546261 chunks=33 sequence=99.727s read_wait=0.171s bind_upload=1.719s attention_resident=5.595s expert_read_prefetch=33.083s expert_demand_read=19.469s expert_plan=1.825s expert_hint=0.000s expert_submit=0.000s expert_kernel=58.524s source_fence=0.000s tail_head_sync=0.488s layer_other=0.109s expert_read_gross=31.258s plan_hint=1.727s plan_sched=0.097s attn_total=5.588s attn_encode=1.759s attn_wait=3.364s attn_drain=0.464s kernel_total=16.490s kernel_host=0.769s kernel_wait=5.259s kernel_drain=10.463s
[attn-split] single: calls=2883 total=2.161s encode=0.991s wait=0.705s drain=0.464s waits=4991 untimed=767 | wide: calls=186 total=3.426s encode=0.768s wait=2.659s drain=0.000s waits=184 untimed=184 | hint: calls=3036 total=1.725s encode=0.008s wait=1.716s drain=0.000s waits=3002 untimed=3002
[kernel-split] single: calls=3227 total=10.532s encode=0.350s wait=0.158s drain=10.024s waits=3454 untimed=2599 | wide: calls=1112 total=5.958s encode=0.419s wait=5.101s drain=0.438s waits=1112 untimed=0
[kernel-sub] materialize=0.165s moe=5.939s precommit=10.026s rest=0.360s
[metal-cache] calls=10286 zero_copy_wraps=321 copies=0 cache_entries=139 bindless=true
[route-chain] chained=2070
[route-chain] dedup_hits=2070
4
[stats] generated=33 elapsed=101.254s speed=0.3259 token/s (3.068 s/token) chunks=34 committed_rows=103 verify_tx=0 drafts=0/0 layer_passes=3162 expert_rows=9476 expert_tiles=3991
[opens] expert file opens=131994 total=2.024s mean=0.015ms requested_bytes=2219530288320 (2219.5 GB)
[arrival] tiles=1077 waves=1523 uncovered_wait=42.020s dispatch=6.283s
[retain] enabled=false cap_gb=8 layers=63..=92 consults=0 wanted=0 hits=0 inserts=0 served=0.0MB
[summer] enabled=false cap_gb=8 sample=16 consults=0 wanted=0 hits=0 hit_rate=0.0% misses=0 inserts=0 evictions=0 recycled=0 allocs=0 pin_skips=0 gated=0 ramp=2..50 bar=0 suppressed=0 wide_skips=0 served=0.0MB copied=0.0MB ssd_avoided=0.0GB live=0/0.0GB model=0 protected=0 declined=0 topup_suppressed=0 aged=0 into=0/0/0 pending=0
[mirror-split] internal=0 K3C=0 K3B=0 K3A=0  shares=0%/0%/0%/0%
[phases] mono=393058.037248 chunks=34 sequence=101.217s read_wait=0.171s bind_upload=1.719s attention_resident=5.659s expert_read_prefetch=34.140s expert_demand_read=20.092s expert_plan=1.879s expert_hint=0.000s expert_submit=0.000s expert_kernel=58.878s source_fence=0.000s tail_head_sync=0.501s layer_other=0.111s expert_read_gross=32.261s plan_hint=1.780s plan_sched=0.098s attn_total=5.651s attn_encode=1.783s attn_wait=3.392s attn_drain=0.476s kernel_total=16.833s kernel_host=0.780s kernel_wait=5.262s kernel_drain=10.792s
[attn-split] single: calls=2976 total=2.225s encode=1.015s wait=0.734s drain=0.476s waits=5152 untimed=794 | wide: calls=186 total=3.426s encode=0.768s wait=2.659s drain=0.000s waits=184 untimed=184 | hint: calls=3128 total=1.778s encode=0.009s wait=1.769s drain=0.000s waits=3093 untimed=3093
[kernel-split] single: calls=3325 total=10.875s encode=0.361s wait=0.161s drain=10.353s waits=3559 untimed=2685 | wide: calls=1112 total=5.958s encode=0.419s wait=5.101s drain=0.438s waits=1112 untimed=0
[kernel-sub] materialize=0.165s moe=5.944s precommit=10.357s rest=0.367s
[metal-cache] calls=10384 zero_copy_wraps=321 copies=0 cache_entries=139 bindless=true
,
[stats] generated=34 elapsed=102.769s speed=0.3308 token/s (3.023 s/token) chunks=35 committed_rows=104 verify_tx=0 drafts=0/0 layer_passes=3255 expert_rows=9568 expert_tiles=4083
[opens] expert file opens=135979 total=2.082s mean=0.015ms requested_bytes=2254396832960 (2254.4 GB)
[arrival] tiles=1078 waves=1529 uncovered_wait=42.029s dispatch=6.291s
[retain] enabled=false cap_gb=8 layers=63..=92 consults=0 wanted=0 hits=0 inserts=0 served=0.0MB
[summer] enabled=false cap_gb=8 sample=16 consults=0 wanted=0 hits=0 hit_rate=0.0% misses=0 inserts=0 evictions=0 recycled=0 allocs=0 pin_skips=0 gated=0 ramp=2..50 bar=0 suppressed=0 wide_skips=0 served=0.0MB copied=0.0MB ssd_avoided=0.0GB live=0/0.0GB model=0 protected=0 declined=0 topup_suppressed=0 aged=0 into=0/0/0 pending=0
[mirror-split] internal=0 K3C=0 K3B=0 K3A=0  shares=0%/0%/0%/0%
[phases] mono=393059.551733 chunks=35 sequence=102.731s read_wait=0.171s bind_upload=1.719s attention_resident=5.738s expert_read_prefetch=35.214s expert_demand_read=20.697s expert_plan=1.933s expert_hint=0.000s expert_submit=0.000s expert_kernel=59.223s source_fence=0.000s tail_head_sync=0.516s layer_other=0.112s expert_read_gross=33.281s plan_hint=1.833s plan_sched=0.099s attn_total=5.729s attn_encode=1.826s attn_wait=3.414s attn_drain=0.489s kernel_total=17.170s kernel_host=0.791s kernel_wait=5.266s kernel_drain=11.112s
[attn-split] single: calls=3069 total=2.303s encode=1.058s wait=0.756s drain=0.489s waits=5313 untimed=821 | wide: calls=186 total=3.426s encode=0.768s wait=2.659s drain=0.000s waits=184 untimed=184 | hint: calls=3220 total=1.831s encode=0.009s wait=1.822s drain=0.000s waits=3184 untimed=3184
[kernel-split] single: calls=3422 total=11.211s encode=0.372s wait=0.165s drain=10.674s waits=3662 untimed=2761 | wide: calls=1112 total=5.958s encode=0.419s wait=5.101s drain=0.438s waits=1112 untimed=0
[kernel-sub] materialize=0.165s moe=5.951s precommit=10.680s rest=0.373s
[metal-cache] calls=10481 zero_copy_wraps=321 copies=0 cache_entries=139 bindless=true
200
[stats] generated=35 elapsed=104.308s speed=0.3355 token/s (2.980 s/token) chunks=36 committed_rows=105 verify_tx=0 drafts=0/0 layer_passes=3348 expert_rows=9660 expert_tiles=4175
[opens] expert file opens=140014 total=2.143s mean=0.015ms requested_bytes=2289754668224 (2289.8 GB)
[arrival] tiles=1079 waves=1536 uncovered_wait=42.043s dispatch=6.298s
[retain] enabled=false cap_gb=8 layers=63..=92 consults=0 wanted=0 hits=0 inserts=0 served=0.0MB
[summer] enabled=false cap_gb=8 sample=16 consults=0 wanted=0 hits=0 hit_rate=0.0% misses=0 inserts=0 evictions=0 recycled=0 allocs=0 pin_skips=0 gated=0 ramp=2..50 bar=0 suppressed=0 wide_skips=0 served=0.0MB copied=0.0MB ssd_avoided=0.0GB live=0/0.0GB model=0 protected=0 declined=0 topup_suppressed=0 aged=0 into=0/0/0 pending=0
[mirror-split] internal=0 K3C=0 K3B=0 K3A=0  shares=0%/0%/0%/0%
[phases] mono=393061.090567 chunks=36 sequence=104.269s read_wait=0.171s bind_upload=1.719s attention_resident=5.811s expert_read_prefetch=36.315s expert_demand_read=21.303s expert_plan=1.990s expert_hint=0.000s expert_submit=0.000s expert_kernel=59.568s source_fence=0.000s tail_head_sync=0.532s layer_other=0.114s expert_read_gross=34.325s plan_hint=1.889s plan_sched=0.100s attn_total=5.803s attn_encode=1.862s attn_wait=3.435s attn_drain=0.506s kernel_total=17.500s kernel_host=0.803s kernel_wait=5.270s kernel_drain=11.426s
[attn-split] single: calls=3162 total=2.377s encode=1.094s wait=0.776s drain=0.506s waits=5474 untimed=843 | wide: calls=186 total=3.426s encode=0.768s wait=2.659s drain=0.000s waits=184 untimed=184 | hint: calls=3312 total=1.886s encode=0.009s wait=1.877s drain=0.000s waits=3275 untimed=3275
[kernel-split] single: calls=3520 total=11.541s encode=0.384s wait=0.169s drain=10.988s waits=3767 untimed=2840 | wide: calls=1112 total=5.958s encode=0.419s wait=5.101s drain=0.438s waits=1112 untimed=0
[kernel-sub] materialize=0.165s moe=5.958s precommit=10.996s rest=0.380s
[metal-cache] calls=10579 zero_copy_wraps=321 copies=0 cache_entries=139 bindless=true
,
[stats] generated=36 elapsed=105.882s speed=0.3400 token/s (2.941 s/token) chunks=37 committed_rows=106 verify_tx=0 drafts=0/0 layer_passes=3441 expert_rows=9752 expert_tiles=4267
[opens] expert file opens=144143 total=2.220s mean=0.015ms requested_bytes=2325963521216 (2326.0 GB)
[arrival] tiles=1080 waves=1542 uncovered_wait=42.054s dispatch=6.304s
[retain] enabled=false cap_gb=8 layers=63..=92 consults=0 wanted=0 hits=0 inserts=0 served=0.0MB
[summer] enabled=false cap_gb=8 sample=16 consults=0 wanted=0 hits=0 hit_rate=0.0% misses=0 inserts=0 evictions=0 recycled=0 allocs=0 pin_skips=0 gated=0 ramp=2..50 bar=0 suppressed=0 wide_skips=0 served=0.0MB copied=0.0MB ssd_avoided=0.0GB live=0/0.0GB model=0 protected=0 declined=0 topup_suppressed=0 aged=0 into=0/0/0 pending=0
[mirror-split] internal=0 K3C=0 K3B=0 K3A=0  shares=0%/0%/0%/0%
[phases] mono=393062.665032 chunks=37 sequence=105.843s read_wait=0.171s bind_upload=1.719s attention_resident=5.880s expert_read_prefetch=37.432s expert_demand_read=21.973s expert_plan=2.043s expert_hint=0.000s expert_submit=0.000s expert_kernel=59.939s source_fence=0.000s tail_head_sync=0.547s layer_other=0.116s expert_read_gross=35.389s plan_hint=1.941s plan_sched=0.102s attn_total=5.872s attn_encode=1.893s attn_wait=3.456s attn_drain=0.523s kernel_total=17.859s kernel_host=0.815s kernel_wait=5.273s kernel_drain=11.772s
[attn-split] single: calls=3255 total=2.445s encode=1.125s wait=0.797s drain=0.523s waits=5635 untimed=862 | wide: calls=186 total=3.426s encode=0.768s wait=2.659s drain=0.000s waits=184 untimed=184 | hint: calls=3404 total=1.938s encode=0.009s wait=1.929s drain=0.000s waits=3366 untimed=3366
[kernel-split] single: calls=3617 total=11.901s encode=0.396s wait=0.172s drain=11.333s waits=3870 untimed=2920 | wide: calls=1112 total=5.958s encode=0.419s wait=5.101s drain=0.438s waits=1112 untimed=0
[kernel-sub] materialize=0.165s moe=5.964s precommit=11.343s rest=0.387s
[metal-cache] calls=10676 zero_copy_wraps=321 copies=0 cache_entries=139 bindless=true
000
[stats] generated=37 elapsed=107.360s speed=0.3446 token/s (2.902 s/token) chunks=38 committed_rows=107 verify_tx=0 drafts=0/0 layer_passes=3534 expert_rows=9844 expert_tiles=4359
[opens] expert file opens=148113 total=2.283s mean=0.015ms requested_bytes=2360786107584 (2360.8 GB)
[arrival] tiles=1081 waves=1550 uncovered_wait=42.068s dispatch=6.310s
[retain] enabled=false cap_gb=8 layers=63..=92 consults=0 wanted=0 hits=0 inserts=0 served=0.0MB
[summer] enabled=false cap_gb=8 sample=16 consults=0 wanted=0 hits=0 hit_rate=0.0% misses=0 inserts=0 evictions=0 recycled=0 allocs=0 pin_skips=0 gated=0 ramp=2..50 bar=0 suppressed=0 wide_skips=0 served=0.0MB copied=0.0MB ssd_avoided=0.0GB live=0/0.0GB model=0 protected=0 declined=0 topup_suppressed=0 aged=0 into=0/0/0 pending=0
[mirror-split] internal=0 K3C=0 K3B=0 K3A=0  shares=0%/0%/0%/0%
[phases] mono=393064.143259 chunks=38 sequence=107.320s read_wait=0.171s bind_upload=1.719s attention_resident=5.948s expert_read_prefetch=38.475s expert_demand_read=22.608s expert_plan=2.096s expert_hint=0.000s expert_submit=0.000s expert_kernel=60.290s source_fence=0.000s tail_head_sync=0.560s layer_other=0.118s expert_read_gross=36.378s plan_hint=1.993s plan_sched=0.103s attn_total=5.939s attn_encode=1.923s attn_wait=3.482s attn_drain=0.535s kernel_total=18.197s kernel_host=0.826s kernel_wait=5.277s kernel_drain=12.094s
[attn-split] single: calls=3348 total=2.513s encode=1.155s wait=0.823s drain=0.535s waits=5796 untimed=892 | wide: calls=186 total=3.426s encode=0.768s wait=2.659s drain=0.000s waits=184 untimed=184 | hint: calls=3496 total=1.990s encode=0.010s wait=1.980s drain=0.000s waits=3457 untimed=3457
[kernel-split] single: calls=3716 total=12.239s encode=0.407s wait=0.176s drain=11.656s waits=3977 untimed=3004 | wide: calls=1112 total=5.958s encode=0.419s wait=5.101s drain=0.438s waits=1112 untimed=0
[kernel-sub] materialize=0.165s moe=5.970s precommit=11.668s rest=0.393s
[metal-cache] calls=10775 zero_copy_wraps=321 copies=0 cache_entries=139 bindless=true
 −
[stats] generated=38 elapsed=108.910s speed=0.3489 token/s (2.866 s/token) chunks=39 committed_rows=108 verify_tx=0 drafts=0/0 layer_passes=3627 expert_rows=9936 expert_tiles=4451
[opens] expert file opens=152232 total=2.355s mean=0.015ms requested_bytes=2396854598848 (2396.9 GB)
[arrival] tiles=1082 waves=1556 uncovered_wait=42.079s dispatch=6.317s
[retain] enabled=false cap_gb=8 layers=63..=92 consults=0 wanted=0 hits=0 inserts=0 served=0.0MB
[summer] enabled=false cap_gb=8 sample=16 consults=0 wanted=0 hits=0 hit_rate=0.0% misses=0 inserts=0 evictions=0 recycled=0 allocs=0 pin_skips=0 gated=0 ramp=2..50 bar=0 suppressed=0 wide_skips=0 served=0.0MB copied=0.0MB ssd_avoided=0.0GB live=0/0.0GB model=0 protected=0 declined=0 topup_suppressed=0 aged=0 into=0/0/0 pending=0
[mirror-split] internal=0 K3C=0 K3B=0 K3A=0  shares=0%/0%/0%/0%
[phases] mono=393065.692782 chunks=39 sequence=108.868s read_wait=0.171s bind_upload=1.719s attention_resident=6.029s expert_read_prefetch=39.582s expert_demand_read=23.262s expert_plan=2.159s expert_hint=0.000s expert_submit=0.000s expert_kernel=60.634s source_fence=0.000s tail_head_sync=0.575s layer_other=0.119s expert_read_gross=37.423s plan_hint=2.054s plan_sched=0.104s attn_total=6.019s attn_encode=1.961s attn_wait=3.504s attn_drain=0.554s kernel_total=18.529s kernel_host=0.837s kernel_wait=5.281s kernel_drain=12.411s
[attn-split] single: calls=3441 total=2.593s encode=1.194s wait=0.845s drain=0.554s waits=5957 untimed=918 | wide: calls=186 total=3.426s encode=0.768s wait=2.659s drain=0.000s waits=184 untimed=184 | hint: calls=3588 total=2.051s encode=0.010s wait=2.041s drain=0.000s waits=3548 untimed=3548
[kernel-split] single: calls=3813 total=12.571s encode=0.418s wait=0.180s drain=11.973s waits=4080 untimed=3089 | wide: calls=1112 total=5.958s encode=0.419s wait=5.101s drain=0.438s waits=1112 untimed=0
[kernel-sub] materialize=0.165s moe=5.977s precommit=11.987s rest=0.400s
[metal-cache] calls=10872 zero_copy_wraps=321 copies=0 cache_entries=139 bindless=true
 
[stats] generated=39 elapsed=110.447s speed=0.3531 token/s (2.832 s/token) chunks=40 committed_rows=109 verify_tx=0 drafts=0/0 layer_passes=3720 expert_rows=10028 expert_tiles=4543
[opens] expert file opens=156263 total=2.422s mean=0.015ms requested_bytes=2432168557760 (2432.2 GB)
[arrival] tiles=1083 waves=1562 uncovered_wait=42.088s dispatch=6.323s
[retain] enabled=false cap_gb=8 layers=63..=92 consults=0 wanted=0 hits=0 inserts=0 served=0.0MB
[summer] enabled=false cap_gb=8 sample=16 consults=0 wanted=0 hits=0 hit_rate=0.0% misses=0 inserts=0 evictions=0 recycled=0 allocs=0 pin_skips=0 gated=0 ramp=2..50 bar=0 suppressed=0 wide_skips=0 served=0.0MB copied=0.0MB ssd_avoided=0.0GB live=0/0.0GB model=0 protected=0 declined=0 topup_suppressed=0 aged=0 into=0/0/0 pending=0
[mirror-split] internal=0 K3C=0 K3B=0 K3A=0  shares=0%/0%/0%/0%
[phases] mono=393067.229477 chunks=40 sequence=110.404s read_wait=0.171s bind_upload=1.719s attention_resident=6.099s expert_read_prefetch=40.671s expert_demand_read=23.900s expert_plan=2.209s expert_hint=0.000s expert_submit=0.000s expert_kernel=60.995s source_fence=0.000s tail_head_sync=0.589s layer_other=0.121s expert_read_gross=38.462s plan_hint=2.103s plan_sched=0.105s attn_total=6.089s attn_encode=1.988s attn_wait=3.530s attn_drain=0.570s kernel_total=18.881s kernel_host=0.849s kernel_wait=5.284s kernel_drain=12.748s
[attn-split] single: calls=3534 total=2.663s encode=1.221s wait=0.872s drain=0.570s waits=6118 untimed=938 | wide: calls=186 total=3.426s encode=0.768s wait=2.659s drain=0.000s waits=184 untimed=184 | hint: calls=3680 total=2.100s encode=0.010s wait=2.090s drain=0.000s waits=3639 untimed=3639
[kernel-split] single: calls=3910 total=12.922s encode=0.430s wait=0.183s drain=12.309s waits=4183 untimed=3174 | wide: calls=1112 total=5.958s encode=0.419s wait=5.101s drain=0.438s waits=1112 untimed=0
[kernel-sub] materialize=0.165s moe=5.983s precommit=12.325s rest=0.407s
[metal-cache] calls=10969 zero_copy_wraps=321 copies=0 cache_entries=139 bindless=true
2
[stats] generated=40 elapsed=111.973s speed=0.3572 token/s (2.799 s/token) chunks=41 committed_rows=110 verify_tx=0 drafts=0/0 layer_passes=3813 expert_rows=10120 expert_tiles=4635
[opens] expert file opens=160274 total=2.482s mean=0.015ms requested_bytes=2467324591296 (2467.3 GB)
[arrival] tiles=1084 waves=1570 uncovered_wait=42.102s dispatch=6.331s
[retain] enabled=false cap_gb=8 layers=63..=92 consults=0 wanted=0 hits=0 inserts=0 served=0.0MB
[summer] enabled=false cap_gb=8 sample=16 consults=0 wanted=0 hits=0 hit_rate=0.0% misses=0 inserts=0 evictions=0 recycled=0 allocs=0 pin_skips=0 gated=0 ramp=2..50 bar=0 suppressed=0 wide_skips=0 served=0.0MB copied=0.0MB ssd_avoided=0.0GB live=0/0.0GB model=0 protected=0 declined=0 topup_suppressed=0 aged=0 into=0/0/0 pending=0
[mirror-split] internal=0 K3C=0 K3B=0 K3A=0  shares=0%/0%/0%/0%
[phases] mono=393068.755539 chunks=41 sequence=111.929s read_wait=0.171s bind_upload=1.719s attention_resident=6.161s expert_read_prefetch=41.766s expert_demand_read=24.581s expert_plan=2.271s expert_hint=0.000s expert_submit=0.000s expert_kernel=61.347s source_fence=0.000s tail_head_sync=0.603s layer_other=0.123s expert_read_gross=39.495s plan_hint=2.163s plan_sched=0.106s attn_total=6.151s attn_encode=2.014s attn_wait=3.554s attn_drain=0.583s kernel_total=19.217s kernel_host=0.861s kernel_wait=5.289s kernel_drain=13.068s
[attn-split] single: calls=3627 total=2.724s encode=1.247s wait=0.895s drain=0.583s waits=6279 untimed=957 | wide: calls=186 total=3.426s encode=0.768s wait=2.659s drain=0.000s waits=184 untimed=184 | hint: calls=3772 total=2.161s encode=0.011s wait=2.150s drain=0.000s waits=3730 untimed=3730
[kernel-split] single: calls=4009 total=13.259s encode=0.442s wait=0.188s drain=12.630s waits=4290 untimed=3258 | wide: calls=1112 total=5.958s encode=0.419s wait=5.101s drain=0.438s waits=1112 untimed=0
[kernel-sub] materialize=0.165s moe=5.991s precommit=12.647s rest=0.414s
[metal-cache] calls=11068 zero_copy_wraps=321 copies=0 cache_entries=139 bindless=true
,
[stats] generated=41 elapsed=113.563s speed=0.3610 token/s (2.770 s/token) chunks=42 committed_rows=111 verify_tx=0 drafts=0/0 layer_passes=3906 expert_rows=10212 expert_tiles=4727
[opens] expert file opens=164417 total=2.544s mean=0.015ms requested_bytes=2503638744256 (2503.6 GB)
[arrival] tiles=1085 waves=1578 uncovered_wait=42.111s dispatch=6.340s
[retain] enabled=false cap_gb=8 layers=63..=92 consults=0 wanted=0 hits=0 inserts=0 served=0.0MB
[summer] enabled=false cap_gb=8 sample=16 consults=0 wanted=0 hits=0 hit_rate=0.0% misses=0 inserts=0 evictions=0 recycled=0 allocs=0 pin_skips=0 gated=0 ramp=2..50 bar=0 suppressed=0 wide_skips=0 served=0.0MB copied=0.0MB ssd_avoided=0.0GB live=0/0.0GB model=0 protected=0 declined=0 topup_suppressed=0 aged=0 into=0/0/0 pending=0
[mirror-split] internal=0 K3C=0 K3B=0 K3A=0  shares=0%/0%/0%/0%
[phases] mono=393070.345462 chunks=42 sequence=113.518s read_wait=0.171s bind_upload=1.719s attention_resident=6.227s expert_read_prefetch=42.916s expert_demand_read=25.236s expert_plan=2.330s expert_hint=0.000s expert_submit=0.000s expert_kernel=61.701s source_fence=0.000s tail_head_sync=0.620s layer_other=0.125s expert_read_gross=40.586s plan_hint=2.221s plan_sched=0.107s attn_total=6.217s attn_encode=2.043s attn_wait=3.577s attn_drain=0.597s kernel_total=19.562s kernel_host=0.873s kernel_wait=5.293s kernel_drain=13.395s
[attn-split] single: calls=3720 total=2.791s encode=1.275s wait=0.918s drain=0.597s waits=6440 untimed=979 | wide: calls=186 total=3.426s encode=0.768s wait=2.659s drain=0.000s waits=184 untimed=184 | hint: calls=3864 total=2.219s encode=0.011s wait=2.208s drain=0.000s waits=3821 untimed=3821
[kernel-split] single: calls=4108 total=13.603s encode=0.454s wait=0.192s drain=12.957s waits=4397 untimed=3340 | wide: calls=1112 total=5.958s encode=0.419s wait=5.101s drain=0.438s waits=1112 untimed=0
[kernel-sub] materialize=0.165s moe=5.999s precommit=12.976s rest=0.421s
[metal-cache] calls=11167 zero_copy_wraps=321 copies=0 cache_entries=139 bindless=true
650
[stats] generated=42 elapsed=115.138s speed=0.3648 token/s (2.741 s/token) chunks=43 committed_rows=112 verify_tx=0 drafts=0/0 layer_passes=3999 expert_rows=10304 expert_tiles=4819
[opens] expert file opens=168683 total=2.608s mean=0.015ms requested_bytes=2540970654912 (2541.0 GB)
[arrival] tiles=1086 waves=1586 uncovered_wait=42.124s dispatch=6.347s
[retain] enabled=false cap_gb=8 layers=63..=92 consults=0 wanted=0 hits=0 inserts=0 served=0.0MB
[summer] enabled=false cap_gb=8 sample=16 consults=0 wanted=0 hits=0 hit_rate=0.0% misses=0 inserts=0 evictions=0 recycled=0 allocs=0 pin_skips=0 gated=0 ramp=2..50 bar=0 suppressed=0 wide_skips=0 served=0.0MB copied=0.0MB ssd_avoided=0.0GB live=0/0.0GB model=0 protected=0 declined=0 topup_suppressed=0 aged=0 into=0/0/0 pending=0
[mirror-split] internal=0 K3C=0 K3B=0 K3A=0  shares=0%/0%/0%/0%
[phases] mono=393071.921284 chunks=43 sequence=115.093s read_wait=0.171s bind_upload=1.719s attention_resident=6.318s expert_read_prefetch=44.031s expert_demand_read=25.907s expert_plan=2.385s expert_hint=0.000s expert_submit=0.000s expert_kernel=62.053s source_fence=0.000s tail_head_sync=0.635s layer_other=0.126s expert_read_gross=41.645s plan_hint=2.276s plan_sched=0.108s attn_total=6.308s attn_encode=2.088s attn_wait=3.607s attn_drain=0.613s kernel_total=19.901s kernel_host=0.885s kernel_wait=5.297s kernel_drain=13.719s
[attn-split] single: calls=3813 total=2.881s encode=1.320s wait=0.949s drain=0.613s waits=6601 untimed=1002 | wide: calls=186 total=3.426s encode=0.768s wait=2.659s drain=0.000s waits=184 untimed=184 | hint: calls=3956 total=2.273s encode=0.011s wait=2.262s drain=0.000s waits=3912 untimed=3912
[kernel-split] single: calls=4207 total=13.943s encode=0.466s wait=0.196s drain=13.281s waits=4504 untimed=3424 | wide: calls=1112 total=5.958s encode=0.419s wait=5.101s drain=0.438s waits=1112 untimed=0
[kernel-sub] materialize=0.165s moe=6.006s precommit=13.302s rest=0.428s
[metal-cache] calls=11266 zero_copy_wraps=321 copies=0 cache_entries=139 bindless=true
[route-chain] chained=2760
[route-chain] dedup_hits=2760
,
[stats] generated=43 elapsed=116.711s speed=0.3684 token/s (2.714 s/token) chunks=44 committed_rows=113 verify_tx=0 drafts=0/0 layer_passes=4092 expert_rows=10396 expert_tiles=4911
[opens] expert file opens=172770 total=2.668s mean=0.015ms requested_bytes=2576767171776 (2576.8 GB)
[arrival] tiles=1087 waves=1592 uncovered_wait=42.133s dispatch=6.354s
[retain] enabled=false cap_gb=8 layers=63..=92 consults=0 wanted=0 hits=0 inserts=0 served=0.0MB
[summer] enabled=false cap_gb=8 sample=16 consults=0 wanted=0 hits=0 hit_rate=0.0% misses=0 inserts=0 evictions=0 recycled=0 allocs=0 pin_skips=0 gated=0 ramp=2..50 bar=0 suppressed=0 wide_skips=0 served=0.0MB copied=0.0MB ssd_avoided=0.0GB live=0/0.0GB model=0 protected=0 declined=0 topup_suppressed=0 aged=0 into=0/0/0 pending=0
[mirror-split] internal=0 K3C=0 K3B=0 K3A=0  shares=0%/0%/0%/0%
[phases] mono=393073.494028 chunks=44 sequence=116.665s read_wait=0.171s bind_upload=1.719s attention_resident=6.386s expert_read_prefetch=45.167s expert_demand_read=26.552s expert_plan=2.449s expert_hint=0.000s expert_submit=0.000s expert_kernel=62.400s source_fence=0.000s tail_head_sync=0.654s layer_other=0.128s expert_read_gross=42.718s plan_hint=2.339s plan_sched=0.109s attn_total=6.376s attn_encode=2.115s attn_wait=3.631s attn_drain=0.630s kernel_total=20.239s kernel_host=0.898s kernel_wait=5.300s kernel_drain=14.041s
[attn-split] single: calls=3906 total=2.949s encode=1.347s wait=0.972s drain=0.630s waits=6762 untimed=1027 | wide: calls=186 total=3.426s encode=0.768s wait=2.659s drain=0.000s waits=184 untimed=184 | hint: calls=4048 total=2.336s encode=0.011s wait=2.324s drain=0.000s waits=4003 untimed=4003
[kernel-split] single: calls=4304 total=14.280s encode=0.479s wait=0.200s drain=13.602s waits=4607 untimed=3510 | wide: calls=1112 total=5.958s encode=0.419s wait=5.101s drain=0.438s waits=1112 untimed=0
[kernel-sub] materialize=0.165s moe=6.013s precommit=13.625s rest=0.435s
[metal-cache] calls=11363 zero_copy_wraps=321 copies=0 cache_entries=139 bindless=true
000
[stats] generated=44 elapsed=118.191s speed=0.3723 token/s (2.686 s/token) chunks=45 committed_rows=114 verify_tx=0 drafts=0/0 layer_passes=4185 expert_rows=10488 expert_tiles=5003
[opens] expert file opens=176727 total=2.725s mean=0.015ms requested_bytes=2611440647360 (2611.4 GB)
[arrival] tiles=1088 waves=1600 uncovered_wait=42.144s dispatch=6.361s
[retain] enabled=false cap_gb=8 layers=63..=92 consults=0 wanted=0 hits=0 inserts=0 served=0.0MB
[summer] enabled=false cap_gb=8 sample=16 consults=0 wanted=0 hits=0 hit_rate=0.0% misses=0 inserts=0 evictions=0 recycled=0 allocs=0 pin_skips=0 gated=0 ramp=2..50 bar=0 suppressed=0 wide_skips=0 served=0.0MB copied=0.0MB ssd_avoided=0.0GB live=0/0.0GB model=0 protected=0 declined=0 topup_suppressed=0 aged=0 into=0/0/0 pending=0
[mirror-split] internal=0 K3C=0 K3B=0 K3A=0  shares=0%/0%/0%/0%
[phases] mono=393074.973904 chunks=45 sequence=118.144s read_wait=0.171s bind_upload=1.719s attention_resident=6.449s expert_read_prefetch=46.240s expert_demand_read=27.155s expert_plan=2.513s expert_hint=0.000s expert_submit=0.000s expert_kernel=62.723s source_fence=0.000s tail_head_sync=0.672s layer_other=0.130s expert_read_gross=43.727s plan_hint=2.401s plan_sched=0.111s attn_total=6.438s attn_encode=2.141s attn_wait=3.656s attn_drain=0.641s kernel_total=20.550s kernel_host=0.910s kernel_wait=5.304s kernel_drain=14.337s
[attn-split] single: calls=3999 total=3.012s encode=1.373s wait=0.998s drain=0.641s waits=6923 untimed=1061 | wide: calls=186 total=3.426s encode=0.768s wait=2.659s drain=0.000s waits=184 untimed=184 | hint: calls=4140 total=2.398s encode=0.012s wait=2.386s drain=0.000s waits=4094 untimed=4094
[kernel-split] single: calls=4403 total=14.592s encode=0.491s wait=0.203s drain=13.898s waits=4714 untimed=3595 | wide: calls=1112 total=5.958s encode=0.419s wait=5.101s drain=0.438s waits=1112 untimed=0
[kernel-sub] materialize=0.165s moe=6.020s precommit=13.924s rest=0.442s
[metal-cache] calls=11462 zero_copy_wraps=321 copies=0 cache_entries=139 bindless=true
  

[stats] generated=45 elapsed=119.782s speed=0.3757 token/s (2.662 s/token) chunks=46 committed_rows=115 verify_tx=0 drafts=0/0 layer_passes=4278 expert_rows=10580 expert_tiles=5095
[opens] expert file opens=180871 total=2.795s mean=0.015ms requested_bytes=2647772314816 (2647.8 GB)
[arrival] tiles=1089 waves=1608 uncovered_wait=42.160s dispatch=6.368s
[retain] enabled=false cap_gb=8 layers=63..=92 consults=0 wanted=0 hits=0 inserts=0 served=0.0MB
[summer] enabled=false cap_gb=8 sample=16 consults=0 wanted=0 hits=0 hit_rate=0.0% misses=0 inserts=0 evictions=0 recycled=0 allocs=0 pin_skips=0 gated=0 ramp=2..50 bar=0 suppressed=0 wide_skips=0 served=0.0MB copied=0.0MB ssd_avoided=0.0GB live=0/0.0GB model=0 protected=0 declined=0 topup_suppressed=0 aged=0 into=0/0/0 pending=0
[mirror-split] internal=0 K3C=0 K3B=0 K3A=0  shares=0%/0%/0%/0%
[phases] mono=393076.564930 chunks=46 sequence=119.734s read_wait=0.171s bind_upload=1.719s attention_resident=6.518s expert_read_prefetch=47.398s expert_demand_read=27.869s expert_plan=2.580s expert_hint=0.000s expert_submit=0.000s expert_kernel=63.071s source_fence=0.000s tail_head_sync=0.686s layer_other=0.132s expert_read_gross=44.818s plan_hint=2.467s plan_sched=0.112s attn_total=6.507s attn_encode=2.166s attn_wait=3.679s attn_drain=0.661s kernel_total=20.882s kernel_host=0.922s kernel_wait=5.307s kernel_drain=14.653s
[attn-split] single: calls=4092 total=3.080s encode=1.399s wait=1.020s drain=0.661s waits=7084 untimed=1077 | wide: calls=186 total=3.426s encode=0.768s wait=2.659s drain=0.000s waits=184 untimed=184 | hint: calls=4232 total=2.464s encode=0.012s wait=2.452s drain=0.000s waits=4185 untimed=4185
[kernel-split] single: calls=4502 total=14.924s encode=0.503s wait=0.207s drain=14.214s waits=4821 untimed=3674 | wide: calls=1112 total=5.958s encode=0.419s wait=5.101s drain=0.438s waits=1112 untimed=0
[kernel-sub] materialize=0.165s moe=6.027s precommit=14.241s rest=0.449s
[metal-cache] calls=11561 zero_copy_wraps=321 copies=0 cache_entries=139 bindless=true
**
[stats] generated=46 elapsed=121.327s speed=0.3791 token/s (2.638 s/token) chunks=47 committed_rows=116 verify_tx=0 drafts=0/0 layer_passes=4371 expert_rows=10672 expert_tiles=5187
[opens] expert file opens=184852 total=2.855s mean=0.015ms requested_bytes=2682673904832 (2682.7 GB)
[arrival] tiles=1090 waves=1616 uncovered_wait=42.174s dispatch=6.375s
[retain] enabled=false cap_gb=8 layers=63..=92 consults=0 wanted=0 hits=0 inserts=0 served=0.0MB
[summer] enabled=false cap_gb=8 sample=16 consults=0 wanted=0 hits=0 hit_rate=0.0% misses=0 inserts=0 evictions=0 recycled=0 allocs=0 pin_skips=0 gated=0 ramp=2..50 bar=0 suppressed=0 wide_skips=0 served=0.0MB copied=0.0MB ssd_avoided=0.0GB live=0/0.0GB model=0 protected=0 declined=0 topup_suppressed=0 aged=0 into=0/0/0 pending=0
[mirror-split] internal=0 K3C=0 K3B=0 K3A=0  shares=0%/0%/0%/0%
[phases] mono=393078.109537 chunks=47 sequence=121.278s read_wait=0.171s bind_upload=1.719s attention_resident=6.592s expert_read_prefetch=48.506s expert_demand_read=28.474s expert_plan=2.637s expert_hint=0.000s expert_submit=0.000s expert_kernel=63.414s source_fence=0.000s tail_head_sync=0.703s layer_other=0.133s expert_read_gross=45.869s plan_hint=2.523s plan_sched=0.113s attn_total=6.581s attn_encode=2.204s attn_wait=3.704s attn_drain=0.673s kernel_total=21.210s kernel_host=0.933s kernel_wait=5.312s kernel_drain=14.965s
[attn-split] single: calls=4185 total=3.154s encode=1.436s wait=1.045s drain=0.673s waits=7245 untimed=1102 | wide: calls=186 total=3.426s encode=0.768s wait=2.659s drain=0.000s waits=184 untimed=184 | hint: calls=4324 total=2.520s encode=0.012s wait=2.507s drain=0.000s waits=4276 untimed=4276
[kernel-split] single: calls=4601 total=15.252s encode=0.514s wait=0.211s drain=14.527s waits=4928 untimed=3757 | wide: calls=1112 total=5.958s encode=0.419s wait=5.101s drain=0.438s waits=1112 untimed=0
[kernel-sub] materialize=0.165s moe=6.034s precommit=14.556s rest=0.455s
[metal-cache] calls=11660 zero_copy_wraps=321 copies=0 cache_entries=139 bindless=true
G
[stats] generated=47 elapsed=122.796s speed=0.3827 token/s (2.613 s/token) chunks=48 committed_rows=117 verify_tx=0 drafts=0/0 layer_passes=4464 expert_rows=10764 expert_tiles=5279
[opens] expert file opens=188791 total=2.915s mean=0.015ms requested_bytes=2717224516800 (2717.2 GB)
[arrival] tiles=1091 waves=1623 uncovered_wait=42.192s dispatch=6.382s
[retain] enabled=false cap_gb=8 layers=63..=92 consults=0 wanted=0 hits=0 inserts=0 served=0.0MB
[summer] enabled=false cap_gb=8 sample=16 consults=0 wanted=0 hits=0 hit_rate=0.0% misses=0 inserts=0 evictions=0 recycled=0 allocs=0 pin_skips=0 gated=0 ramp=2..50 bar=0 suppressed=0 wide_skips=0 served=0.0MB copied=0.0MB ssd_avoided=0.0GB live=0/0.0GB model=0 protected=0 declined=0 topup_suppressed=0 aged=0 into=0/0/0 pending=0
[mirror-split] internal=0 K3C=0 K3B=0 K3A=0  shares=0%/0%/0%/0%
[phases] mono=393079.579056 chunks=48 sequence=122.746s read_wait=0.171s bind_upload=1.719s attention_resident=6.661s expert_read_prefetch=49.533s expert_demand_read=29.089s expert_plan=2.701s expert_hint=0.000s expert_submit=0.000s expert_kernel=63.771s source_fence=0.000s tail_head_sync=0.717s layer_other=0.135s expert_read_gross=46.832s plan_hint=2.586s plan_sched=0.114s attn_total=6.649s attn_encode=2.229s attn_wait=3.728s attn_drain=0.692s kernel_total=21.549s kernel_host=0.945s kernel_wait=5.315s kernel_drain=15.289s
[attn-split] single: calls=4278 total=3.223s encode=1.461s wait=1.069s drain=0.692s waits=7406 untimed=1121 | wide: calls=186 total=3.426s encode=0.768s wait=2.659s drain=0.000s waits=184 untimed=184 | hint: calls=4416 total=2.582s encode=0.012s wait=2.570s drain=0.000s waits=4367 untimed=4367
[kernel-split] single: calls=4699 total=15.590s encode=0.526s wait=0.214s drain=14.850s waits=5033 untimed=3839 | wide: calls=1112 total=5.958s encode=0.419s wait=5.101s drain=0.438s waits=1112 untimed=0
[kernel-sub] materialize=0.165s moe=6.040s precommit=14.881s rest=0.462s
[metal-cache] calls=11758 zero_copy_wraps=321 copies=0 cache_entries=139 bindless=true
ross
[stats] generated=48 elapsed=124.286s speed=0.3862 token/s (2.589 s/token) chunks=49 committed_rows=118 verify_tx=0 drafts=0/0 layer_passes=4557 expert_rows=10856 expert_tiles=5371
[opens] expert file opens=192788 total=2.978s mean=0.015ms requested_bytes=2752257703104 (2752.3 GB)
[arrival] tiles=1092 waves=1630 uncovered_wait=42.202s dispatch=6.389s
[retain] enabled=false cap_gb=8 layers=63..=92 consults=0 wanted=0 hits=0 inserts=0 served=0.0MB
[summer] enabled=false cap_gb=8 sample=16 consults=0 wanted=0 hits=0 hit_rate=0.0% misses=0 inserts=0 evictions=0 recycled=0 allocs=0 pin_skips=0 gated=0 ramp=2..50 bar=0 suppressed=0 wide_skips=0 served=0.0MB copied=0.0MB ssd_avoided=0.0GB live=0/0.0GB model=0 protected=0 declined=0 topup_suppressed=0 aged=0 into=0/0/0 pending=0
[mirror-split] internal=0 K3C=0 K3B=0 K3A=0  shares=0%/0%/0%/0%
[phases] mono=393081.069100 chunks=49 sequence=124.234s read_wait=0.171s bind_upload=1.719s attention_resident=6.732s expert_read_prefetch=50.591s expert_demand_read=29.705s expert_plan=2.756s expert_hint=0.000s expert_submit=0.000s expert_kernel=64.114s source_fence=0.000s tail_head_sync=0.731s layer_other=0.137s expert_read_gross=47.835s plan_hint=2.640s plan_sched=0.115s attn_total=6.720s attn_encode=2.256s attn_wait=3.748s attn_drain=0.716s kernel_total=21.881s kernel_host=0.957s kernel_wait=5.319s kernel_drain=15.605s
[attn-split] single: calls=4371 total=3.294s encode=1.489s wait=1.089s drain=0.716s waits=7567 untimed=1137 | wide: calls=186 total=3.426s encode=0.768s wait=2.659s drain=0.000s waits=184 untimed=184 | hint: calls=4508 total=2.636s encode=0.013s wait=2.624s drain=0.000s waits=4458 untimed=4458
[kernel-split] single: calls=4797 total=15.923s encode=0.538s wait=0.218s drain=15.167s waits=5138 untimed=3921 | wide: calls=1112 total=5.958s encode=0.419s wait=5.101s drain=0.438s waits=1112 untimed=0
[kernel-sub] materialize=0.165s moe=6.047s precommit=15.200s rest=0.469s
[metal-cache] calls=11856 zero_copy_wraps=321 copies=0 cache_entries=139 bindless=true
 Profit
[stats] generated=49 elapsed=125.797s speed=0.3895 token/s (2.567 s/token) chunks=50 committed_rows=119 verify_tx=0 drafts=0/0 layer_passes=4650 expert_rows=10948 expert_tiles=5463
[opens] expert file opens=196886 total=3.041s mean=0.015ms requested_bytes=2788185816256 (2788.2 GB)
[arrival] tiles=1093 waves=1635 uncovered_wait=42.211s dispatch=6.395s
[retain] enabled=false cap_gb=8 layers=63..=92 consults=0 wanted=0 hits=0 inserts=0 served=0.0MB
[summer] enabled=false cap_gb=8 sample=16 consults=0 wanted=0 hits=0 hit_rate=0.0% misses=0 inserts=0 evictions=0 recycled=0 allocs=0 pin_skips=0 gated=0 ramp=2..50 bar=0 suppressed=0 wide_skips=0 served=0.0MB copied=0.0MB ssd_avoided=0.0GB live=0/0.0GB model=0 protected=0 declined=0 topup_suppressed=0 aged=0 into=0/0/0 pending=0
[mirror-split] internal=0 K3C=0 K3B=0 K3A=0  shares=0%/0%/0%/0%
[phases] mono=393082.580132 chunks=50 sequence=125.744s read_wait=0.171s bind_upload=1.719s attention_resident=6.803s expert_read_prefetch=51.672s expert_demand_read=30.320s expert_plan=2.815s expert_hint=0.000s expert_submit=0.000s expert_kernel=64.457s source_fence=0.000s tail_head_sync=0.744s layer_other=0.138s expert_read_gross=48.857s plan_hint=2.698s plan_sched=0.116s attn_total=6.791s attn_encode=2.285s attn_wait=3.774s attn_drain=0.732s kernel_total=22.216s kernel_host=0.969s kernel_wait=5.322s kernel_drain=15.924s
[attn-split] single: calls=4464 total=3.365s encode=1.518s wait=1.115s drain=0.732s waits=7728 untimed=1162 | wide: calls=186 total=3.426s encode=0.768s wait=2.659s drain=0.000s waits=184 untimed=184 | hint: calls=4600 total=2.694s encode=0.013s wait=2.681s drain=0.000s waits=4549 untimed=4549
[kernel-split] single: calls=4893 total=16.257s encode=0.550s wait=0.221s drain=15.486s waits=5239 untimed=4000 | wide: calls=1112 total=5.958s encode=0.419s wait=5.101s drain=0.438s waits=1112 untimed=0
[kernel-sub] materialize=0.165s moe=6.053s precommit=15.521s rest=0.476s
[metal-cache] calls=11952 zero_copy_wraps=321 copies=0 cache_entries=139 bindless=true
 =
[stats] generated=50 elapsed=127.346s speed=0.3926 token/s (2.547 s/token) chunks=51 committed_rows=120 verify_tx=0 drafts=0/0 layer_passes=4743 expert_rows=11040 expert_tiles=5555
[opens] expert file opens=200908 total=3.100s mean=0.015ms requested_bytes=2823447100608 (2823.4 GB)
[arrival] tiles=1094 waves=1643 uncovered_wait=42.221s dispatch=6.402s
[retain] enabled=false cap_gb=8 layers=63..=92 consults=0 wanted=0 hits=0 inserts=0 served=0.0MB
[summer] enabled=false cap_gb=8 sample=16 consults=0 wanted=0 hits=0 hit_rate=0.0% misses=0 inserts=0 evictions=0 recycled=0 allocs=0 pin_skips=0 gated=0 ramp=2..50 bar=0 suppressed=0 wide_skips=0 served=0.0MB copied=0.0MB ssd_avoided=0.0GB live=0/0.0GB model=0 protected=0 declined=0 topup_suppressed=0 aged=0 into=0/0/0 pending=0
[mirror-split] internal=0 K3C=0 K3B=0 K3A=0  shares=0%/0%/0%/0%
[phases] mono=393084.129005 chunks=51 sequence=127.292s read_wait=0.171s bind_upload=1.719s attention_resident=6.877s expert_read_prefetch=52.782s expert_demand_read=30.948s expert_plan=2.866s expert_hint=0.000s expert_submit=0.000s expert_kernel=64.805s source_fence=0.000s tail_head_sync=0.758s layer_other=0.140s expert_read_gross=49.916s plan_hint=2.748s plan_sched=0.117s attn_total=6.864s attn_encode=2.321s attn_wait=3.801s attn_drain=0.742s kernel_total=22.553s kernel_host=0.981s kernel_wait=5.326s kernel_drain=16.247s
[attn-split] single: calls=4557 total=3.438s encode=1.553s wait=1.142s drain=0.742s waits=7889 untimed=1184 | wide: calls=186 total=3.426s encode=0.768s wait=2.659s drain=0.000s waits=184 untimed=184 | hint: calls=4692 total=2.744s encode=0.013s wait=2.731s drain=0.000s waits=4640 untimed=4640
[kernel-split] single: calls=4992 total=16.595s encode=0.562s wait=0.225s drain=15.808s waits=5346 untimed=4086 | wide: calls=1112 total=5.958s encode=0.419s wait=5.101s drain=0.438s waits=1112 untimed=0
[kernel-sub] materialize=0.165s moe=6.060s precommit=15.845s rest=0.483s
[metal-cache] calls=12051 zero_copy_wraps=321 copies=0 cache_entries=139 bindless=true
 
[stats] generated=51 elapsed=128.890s speed=0.3957 token/s (2.527 s/token) chunks=52 committed_rows=121 verify_tx=0 drafts=0/0 layer_passes=4836 expert_rows=11132 expert_tiles=5647
[opens] expert file opens=204953 total=3.163s mean=0.015ms requested_bytes=2858918935744 (2858.9 GB)
[arrival] tiles=1095 waves=1649 uncovered_wait=42.230s dispatch=6.407s
[retain] enabled=false cap_gb=8 layers=63..=92 consults=0 wanted=0 hits=0 inserts=0 served=0.0MB
[summer] enabled=false cap_gb=8 sample=16 consults=0 wanted=0 hits=0 hit_rate=0.0% misses=0 inserts=0 evictions=0 recycled=0 allocs=0 pin_skips=0 gated=0 ramp=2..50 bar=0 suppressed=0 wide_skips=0 served=0.0MB copied=0.0MB ssd_avoided=0.0GB live=0/0.0GB model=0 protected=0 declined=0 topup_suppressed=0 aged=0 into=0/0/0 pending=0
[mirror-split] internal=0 K3C=0 K3B=0 K3A=0  shares=0%/0%/0%/0%
[phases] mono=393085.672507 chunks=52 sequence=128.835s read_wait=0.171s bind_upload=1.719s attention_resident=6.947s expert_read_prefetch=53.911s expert_demand_read=31.596s expert_plan=2.922s expert_hint=0.000s expert_submit=0.000s expert_kernel=65.133s source_fence=0.000s tail_head_sync=0.771s layer_other=0.142s expert_read_gross=50.989s plan_hint=2.802s plan_sched=0.118s attn_total=6.934s attn_encode=2.350s attn_wait=3.825s attn_drain=0.759s kernel_total=22.872s kernel_host=0.994s kernel_wait=5.329s kernel_drain=16.550s
[attn-split] single: calls=4650 total=3.508s encode=1.582s wait=1.167s drain=0.759s waits=8050 untimed=1206 | wide: calls=186 total=3.426s encode=0.768s wait=2.659s drain=0.000s waits=184 untimed=184 | hint: calls=4784 total=2.798s encode=0.014s wait=2.785s drain=0.000s waits=4731 untimed=4731
[kernel-split] single: calls=5089 total=16.914s encode=0.575s wait=0.228s drain=16.111s waits=5449 untimed=4173 | wide: calls=1112 total=5.958s encode=0.419s wait=5.101s drain=0.438s waits=1112 untimed=0
[kernel-sub] materialize=0.165s moe=6.065s precommit=16.151s rest=0.491s
[metal-cache] calls=12148 zero_copy_wraps=321 copies=0 cache_entries=139 bindless=true
1
[stats] generated=52 elapsed=130.496s speed=0.3985 token/s (2.510 s/token) chunks=53 committed_rows=122 verify_tx=0 drafts=0/0 layer_passes=4929 expert_rows=11224 expert_tiles=5739
[opens] expert file opens=209183 total=3.230s mean=0.015ms requested_bytes=2896040230080 (2896.0 GB)
[arrival] tiles=1096 waves=1657 uncovered_wait=42.243s dispatch=6.415s
[retain] enabled=false cap_gb=8 layers=63..=92 consults=0 wanted=0 hits=0 inserts=0 served=0.0MB
[summer] enabled=false cap_gb=8 sample=16 consults=0 wanted=0 hits=0 hit_rate=0.0% misses=0 inserts=0 evictions=0 recycled=0 allocs=0 pin_skips=0 gated=0 ramp=2..50 bar=0 suppressed=0 wide_skips=0 served=0.0MB copied=0.0MB ssd_avoided=0.0GB live=0/0.0GB model=0 protected=0 declined=0 topup_suppressed=0 aged=0 into=0/0/0 pending=0
[mirror-split] internal=0 K3C=0 K3B=0 K3A=0  shares=0%/0%/0%/0%
[phases] mono=393087.279389 chunks=53 sequence=130.440s read_wait=0.171s bind_upload=1.719s attention_resident=7.010s expert_read_prefetch=55.077s expert_demand_read=32.280s expert_plan=2.979s expert_hint=0.000s expert_submit=0.000s expert_kernel=65.492s source_fence=0.000s tail_head_sync=0.785s layer_other=0.144s expert_read_gross=52.098s plan_hint=2.858s plan_sched=0.119s attn_total=6.997s attn_encode=2.379s attn_wait=3.845s attn_drain=0.774s kernel_total=23.218s kernel_host=1.007s kernel_wait=5.332s kernel_drain=16.879s
[attn-split] single: calls=4743 total=3.571s encode=1.611s wait=1.186s drain=0.774s waits=8211 untimed=1227 | wide: calls=186 total=3.426s encode=0.768s wait=2.659s drain=0.000s waits=184 untimed=184 | hint: calls=4876 total=2.854s encode=0.014s wait=2.841s drain=0.000s waits=4822 untimed=4822
[kernel-split] single: calls=5188 total=17.259s encode=0.588s wait=0.232s drain=16.440s waits=5556 untimed=4263 | wide: calls=1112 total=5.958s encode=0.419s wait=5.101s drain=0.438s waits=1112 untimed=0
[kernel-sub] materialize=0.165s moe=6.072s precommit=16.482s rest=0.498s
[metal-cache] calls=12247 zero_copy_wraps=321 copies=0 cache_entries=139 bindless=true
,
[stats] generated=53 elapsed=132.027s speed=0.4014 token/s (2.491 s/token) chunks=54 committed_rows=123 verify_tx=0 drafts=0/0 layer_passes=5022 expert_rows=11316 expert_tiles=5831
[opens] expert file opens=213193 total=3.290s mean=0.015ms requested_bytes=2931222543552 (2931.2 GB)
[arrival] tiles=1097 waves=1661 uncovered_wait=42.252s dispatch=6.423s
[retain] enabled=false cap_gb=8 layers=63..=92 consults=0 wanted=0 hits=0 inserts=0 served=0.0MB
[summer] enabled=false cap_gb=8 sample=16 consults=0 wanted=0 hits=0 hit_rate=0.0% misses=0 inserts=0 evictions=0 recycled=0 allocs=0 pin_skips=0 gated=0 ramp=2..50 bar=0 suppressed=0 wide_skips=0 served=0.0MB copied=0.0MB ssd_avoided=0.0GB live=0/0.0GB model=0 protected=0 declined=0 topup_suppressed=0 aged=0 into=0/0/0 pending=0
[mirror-split] internal=0 K3C=0 K3B=0 K3A=0  shares=0%/0%/0%/0%
[phases] mono=393088.810127 chunks=54 sequence=131.969s read_wait=0.171s bind_upload=1.719s attention_resident=7.073s expert_read_prefetch=56.151s expert_demand_read=32.925s expert_plan=3.026s expert_hint=0.000s expert_submit=0.000s expert_kernel=65.870s source_fence=0.000s tail_head_sync=0.799s layer_other=0.145s expert_read_gross=53.124s plan_hint=2.904s plan_sched=0.121s attn_total=7.060s attn_encode=2.404s attn_wait=3.869s attn_drain=0.787s kernel_total=23.585s kernel_host=1.018s kernel_wait=5.338s kernel_drain=17.229s
[attn-split] single: calls=4836 total=3.634s encode=1.637s wait=1.211s drain=0.787s waits=8372 untimed=1248 | wide: calls=186 total=3.426s encode=0.768s wait=2.659s drain=0.000s waits=184 untimed=184 | hint: calls=4968 total=2.900s encode=0.014s wait=2.886s drain=0.000s waits=4913 untimed=4913
[kernel-split] single: calls=5283 total=17.627s encode=0.599s wait=0.238s drain=16.790s waits=5655 untimed=4334 | wide: calls=1112 total=5.958s encode=0.419s wait=5.101s drain=0.438s waits=1112 untimed=0
[kernel-sub] materialize=0.165s moe=6.080s precommit=16.835s rest=0.505s
[metal-cache] calls=12342 zero_copy_wraps=321 copies=0 cache_entries=139 bindless=true
[route-chain] chained=3450
[route-chain] dedup_hits=3450
550
[stats] generated=54 elapsed=133.554s speed=0.4043 token/s (2.473 s/token) chunks=55 committed_rows=124 verify_tx=0 drafts=0/0 layer_passes=5115 expert_rows=11408 expert_tiles=5923
[opens] expert file opens=217277 total=3.352s mean=0.015ms requested_bytes=2967019027648 (2967.0 GB)
[arrival] tiles=1098 waves=1668 uncovered_wait=42.264s dispatch=6.431s
[retain] enabled=false cap_gb=8 layers=63..=92 consults=0 wanted=0 hits=0 inserts=0 served=0.0MB
[summer] enabled=false cap_gb=8 sample=16 consults=0 wanted=0 hits=0 hit_rate=0.0% misses=0 inserts=0 evictions=0 recycled=0 allocs=0 pin_skips=0 gated=0 ramp=2..50 bar=0 suppressed=0 wide_skips=0 served=0.0MB copied=0.0MB ssd_avoided=0.0GB live=0/0.0GB model=0 protected=0 declined=0 topup_suppressed=0 aged=0 into=0/0/0 pending=0
[mirror-split] internal=0 K3C=0 K3B=0 K3A=0  shares=0%/0%/0%/0%
[phases] mono=393090.336473 chunks=55 sequence=133.495s read_wait=0.171s bind_upload=1.719s attention_resident=7.150s expert_read_prefetch=57.196s expert_demand_read=33.568s expert_plan=3.072s expert_hint=0.000s expert_submit=0.000s expert_kernel=66.257s source_fence=0.000s tail_head_sync=0.813s layer_other=0.147s expert_read_gross=54.124s plan_hint=2.949s plan_sched=0.122s attn_total=7.137s attn_encode=2.445s attn_wait=3.893s attn_drain=0.800s kernel_total=23.961s kernel_host=1.031s kernel_wait=5.342s kernel_drain=17.587s
[attn-split] single: calls=4929 total=3.711s encode=1.677s wait=1.234s drain=0.800s waits=8533 untimed=1271 | wide: calls=186 total=3.426s encode=0.768s wait=2.659s drain=0.000s waits=184 untimed=184 | hint: calls=5060 total=2.945s encode=0.014s wait=2.931s drain=0.000s waits=5004 untimed=5004
[kernel-split] single: calls=5381 total=18.002s encode=0.612s wait=0.242s drain=17.149s waits=5760 untimed=4418 | wide: calls=1112 total=5.958s encode=0.419s wait=5.101s drain=0.438s waits=1112 untimed=0
[kernel-sub] materialize=0.165s moe=6.089s precommit=17.195s rest=0.512s
[metal-cache] calls=12440 zero_copy_wraps=321 copies=0 cache_entries=139 bindless=true
,
[stats] generated=55 elapsed=135.071s speed=0.4072 token/s (2.456 s/token) chunks=56 committed_rows=125 verify_tx=0 drafts=0/0 layer_passes=5208 expert_rows=11500 expert_tiles=6015
[opens] expert file opens=221371 total=3.419s mean=0.015ms requested_bytes=3002929577152 (3002.9 GB)
[arrival] tiles=1099 waves=1676 uncovered_wait=42.273s dispatch=6.439s
[retain] enabled=false cap_gb=8 layers=63..=92 consults=0 wanted=0 hits=0 inserts=0 served=0.0MB
[summer] enabled=false cap_gb=8 sample=16 consults=0 wanted=0 hits=0 hit_rate=0.0% misses=0 inserts=0 evictions=0 recycled=0 allocs=0 pin_skips=0 gated=0 ramp=2..50 bar=0 suppressed=0 wide_skips=0 served=0.0MB copied=0.0MB ssd_avoided=0.0GB live=0/0.0GB model=0 protected=0 declined=0 topup_suppressed=0 aged=0 into=0/0/0 pending=0
[mirror-split] internal=0 K3C=0 K3B=0 K3A=0  shares=0%/0%/0%/0%
[phases] mono=393091.854208 chunks=56 sequence=135.012s read_wait=0.171s bind_upload=1.719s attention_resident=7.214s expert_read_prefetch=58.237s expert_demand_read=34.211s expert_plan=3.127s expert_hint=0.000s expert_submit=0.000s expert_kernel=66.652s source_fence=0.000s tail_head_sync=0.828s layer_other=0.149s expert_read_gross=55.110s plan_hint=3.002s plan_sched=0.123s attn_total=7.200s attn_encode=2.470s attn_wait=3.914s attn_drain=0.816s kernel_total=24.347s kernel_host=1.043s kernel_wait=5.347s kernel_drain=17.957s
[attn-split] single: calls=5022 total=3.774s encode=1.703s wait=1.256s drain=0.816s waits=8694 untimed=1290 | wide: calls=186 total=3.426s encode=0.768s wait=2.659s drain=0.000s waits=184 untimed=184 | hint: calls=5152 total=2.998s encode=0.015s wait=2.983s drain=0.000s waits=5095 untimed=5095
[kernel-split] single: calls=5480 total=18.388s encode=0.624s wait=0.246s drain=17.518s waits=5867 untimed=4499 | wide: calls=1112 total=5.958s encode=0.419s wait=5.101s drain=0.438s waits=1112 untimed=0
[kernel-sub] materialize=0.165s moe=6.096s precommit=17.566s rest=0.520s
[metal-cache] calls=12539 zero_copy_wraps=321 copies=0 cache_entries=139 bindless=true
000
[stats] generated=56 elapsed=136.544s speed=0.4101 token/s (2.438 s/token) chunks=57 committed_rows=126 verify_tx=0 drafts=0/0 layer_passes=5301 expert_rows=11592 expert_tiles=6107
[opens] expert file opens=225381 total=3.474s mean=0.015ms requested_bytes=3038111907008 (3038.1 GB)
[arrival] tiles=1100 waves=1684 uncovered_wait=42.283s dispatch=6.445s
[retain] enabled=false cap_gb=8 layers=63..=92 consults=0 wanted=0 hits=0 inserts=0 served=0.0MB
[summer] enabled=false cap_gb=8 sample=16 consults=0 wanted=0 hits=0 hit_rate=0.0% misses=0 inserts=0 evictions=0 recycled=0 allocs=0 pin_skips=0 gated=0 ramp=2..50 bar=0 suppressed=0 wide_skips=0 served=0.0MB copied=0.0MB ssd_avoided=0.0GB live=0/0.0GB model=0 protected=0 declined=0 topup_suppressed=0 aged=0 into=0/0/0 pending=0
[mirror-split] internal=0 K3C=0 K3B=0 K3A=0  shares=0%/0%/0%/0%
[phases] mono=393093.326555 chunks=57 sequence=136.483s read_wait=0.171s bind_upload=1.719s attention_resident=7.280s expert_read_prefetch=59.278s expert_demand_read=34.810s expert_plan=3.183s expert_hint=0.000s expert_submit=0.001s expert_kernel=66.999s source_fence=0.000s tail_head_sync=0.844s layer_other=0.151s expert_read_gross=56.094s plan_hint=3.058s plan_sched=0.124s attn_total=7.266s attn_encode=2.494s attn_wait=3.940s attn_drain=0.832s kernel_total=24.683s kernel_host=1.055s kernel_wait=5.350s kernel_drain=18.278s
[attn-split] single: calls=5115 total=3.840s encode=1.726s wait=1.282s drain=0.832s waits=8855 untimed=1317 | wide: calls=186 total=3.426s encode=0.768s wait=2.659s drain=0.000s waits=184 untimed=184 | hint: calls=5244 total=3.054s encode=0.015s wait=3.039s drain=0.000s waits=5186 untimed=5186
[kernel-split] single: calls=5579 total=18.725s encode=0.636s wait=0.249s drain=17.839s waits=5974 untimed=4590 | wide: calls=1112 total=5.958s encode=0.419s wait=5.101s drain=0.438s waits=1112 untimed=0
[kernel-sub] materialize=0.165s moe=6.102s precommit=17.889s rest=0.526s
[metal-cache] calls=12638 zero_copy_wraps=321 copies=0 cache_entries=139 bindless=true
**


[stats] generated=57 elapsed=138.080s speed=0.4128 token/s (2.422 s/token) chunks=58 committed_rows=127 verify_tx=0 drafts=0/0 layer_passes=5394 expert_rows=11684 expert_tiles=6199
[opens] expert file opens=229520 total=3.540s mean=0.015ms requested_bytes=3074347105472 (3074.3 GB)
[arrival] tiles=1101 waves=1692 uncovered_wait=42.295s dispatch=6.453s
[retain] enabled=false cap_gb=8 layers=63..=92 consults=0 wanted=0 hits=0 inserts=0 served=0.0MB
[summer] enabled=false cap_gb=8 sample=16 consults=0 wanted=0 hits=0 hit_rate=0.0% misses=0 inserts=0 evictions=0 recycled=0 allocs=0 pin_skips=0 gated=0 ramp=2..50 bar=0 suppressed=0 wide_skips=0 served=0.0MB copied=0.0MB ssd_avoided=0.0GB live=0/0.0GB model=0 protected=0 declined=0 topup_suppressed=0 aged=0 into=0/0/0 pending=0
[mirror-split] internal=0 K3C=0 K3B=0 K3A=0  shares=0%/0%/0%/0%
[phases] mono=393094.862794 chunks=58 sequence=138.019s read_wait=0.171s bind_upload=1.719s attention_resident=7.351s expert_read_prefetch=60.374s expert_demand_read=35.452s expert_plan=3.241s expert_hint=0.000s expert_submit=0.001s expert_kernel=67.350s source_fence=0.000s tail_head_sync=0.860s layer_other=0.153s expert_read_gross=57.133s plan_hint=3.114s plan_sched=0.125s attn_total=7.337s attn_encode=2.525s attn_wait=3.966s attn_drain=0.846s kernel_total=25.021s kernel_host=1.068s kernel_wait=5.355s kernel_drain=18.599s
[attn-split] single: calls=5208 total=3.910s encode=1.757s wait=1.307s drain=0.846s waits=9016 untimed=1338 | wide: calls=186 total=3.426s encode=0.768s wait=2.659s drain=0.000s waits=184 untimed=184 | hint: calls=5336 total=3.110s encode=0.015s wait=3.095s drain=0.000s waits=5277 untimed=5277
[kernel-split] single: calls=5678 total=19.063s encode=0.648s wait=0.254s drain=18.161s waits=6081 untimed=4660 | wide: calls=1112 total=5.958s encode=0.419s wait=5.101s drain=0.438s waits=1112 untimed=0
[kernel-sub] materialize=0.165s moe=6.110s precommit=18.212s rest=0.534s
[metal-cache] calls=12737 zero_copy_wraps=321 copies=0 cache_entries=139 bindless=true
**
[stats] generated=58 elapsed=139.596s speed=0.4155 token/s (2.407 s/token) chunks=59 committed_rows=128 verify_tx=0 drafts=0/0 layer_passes=5487 expert_rows=11776 expert_tiles=6291
[opens] expert file opens=233578 total=3.596s mean=0.015ms requested_bytes=3109889178816 (3109.9 GB)
[arrival] tiles=1102 waves=1699 uncovered_wait=42.317s dispatch=6.460s
[retain] enabled=false cap_gb=8 layers=63..=92 consults=0 wanted=0 hits=0 inserts=0 served=0.0MB
[summer] enabled=false cap_gb=8 sample=16 consults=0 wanted=0 hits=0 hit_rate=0.0% misses=0 inserts=0 evictions=0 recycled=0 allocs=0 pin_skips=0 gated=0 ramp=2..50 bar=0 suppressed=0 wide_skips=0 served=0.0MB copied=0.0MB ssd_avoided=0.0GB live=0/0.0GB model=0 protected=0 declined=0 topup_suppressed=0 aged=0 into=0/0/0 pending=0
[mirror-split] internal=0 K3C=0 K3B=0 K3A=0  shares=0%/0%/0%/0%
[phases] mono=393096.379256 chunks=59 sequence=139.534s read_wait=0.171s bind_upload=1.719s attention_resident=7.428s expert_read_prefetch=61.420s expert_demand_read=36.055s expert_plan=3.308s expert_hint=0.000s expert_submit=0.001s expert_kernel=67.725s source_fence=0.000s tail_head_sync=0.876s layer_other=0.154s expert_read_gross=58.112s plan_hint=3.179s plan_sched=0.127s attn_total=7.413s attn_encode=2.563s attn_wait=3.990s attn_drain=0.861s kernel_total=25.374s kernel_host=1.078s kernel_wait=5.358s kernel_drain=18.937s
[attn-split] single: calls=5301 total=3.987s encode=1.795s wait=1.331s drain=0.861s waits=9177 untimed=1358 | wide: calls=186 total=3.426s encode=0.768s wait=2.659s drain=0.000s waits=184 untimed=184 | hint: calls=5428 total=3.175s encode=0.015s wait=3.160s drain=0.000s waits=5368 untimed=5368
[kernel-split] single: calls=5776 total=19.416s encode=0.659s wait=0.258s drain=18.499s waits=6186 untimed=4748 | wide: calls=1112 total=5.958s encode=0.419s wait=5.101s drain=0.438s waits=1112 untimed=0
[kernel-sub] materialize=0.165s moe=6.117s precommit=18.552s rest=0.539s
[metal-cache] calls=12835 zero_copy_wraps=321 copies=0 cache_entries=139 bindless=true
Step
[stats] generated=59 elapsed=141.112s speed=0.4181 token/s (2.392 s/token) chunks=60 committed_rows=129 verify_tx=0 drafts=0/0 layer_passes=5580 expert_rows=11868 expert_tiles=6383
[opens] expert file opens=237672 total=3.664s mean=0.015ms requested_bytes=3145738370240 (3145.7 GB)
[arrival] tiles=1103 waves=1707 uncovered_wait=42.325s dispatch=6.467s
[retain] enabled=false cap_gb=8 layers=63..=92 consults=0 wanted=0 hits=0 inserts=0 served=0.0MB
[summer] enabled=false cap_gb=8 sample=16 consults=0 wanted=0 hits=0 hit_rate=0.0% misses=0 inserts=0 evictions=0 recycled=0 allocs=0 pin_skips=0 gated=0 ramp=2..50 bar=0 suppressed=0 wide_skips=0 served=0.0MB copied=0.0MB ssd_avoided=0.0GB live=0/0.0GB model=0 protected=0 declined=0 topup_suppressed=0 aged=0 into=0/0/0 pending=0
[mirror-split] internal=0 K3C=0 K3B=0 K3A=0  shares=0%/0%/0%/0%
[phases] mono=393097.894418 chunks=60 sequence=141.049s read_wait=0.171s bind_upload=1.719s attention_resident=7.500s expert_read_prefetch=62.498s expert_demand_read=36.688s expert_plan=3.358s expert_hint=0.000s expert_submit=0.001s expert_kernel=68.072s source_fence=0.000s tail_head_sync=0.890s layer_other=0.156s expert_read_gross=59.140s plan_hint=3.229s plan_sched=0.128s attn_total=7.486s attn_encode=2.590s attn_wait=4.022s attn_drain=0.874s kernel_total=25.712s kernel_host=1.091s kernel_wait=5.362s kernel_drain=19.259s
[attn-split] single: calls=5394 total=4.059s encode=1.822s wait=1.363s drain=0.874s waits=9338 untimed=1380 | wide: calls=186 total=3.426s encode=0.768s wait=2.659s drain=0.000s waits=184 untimed=184 | hint: calls=5520 total=3.225s encode=0.016s wait=3.209s drain=0.000s waits=5459 untimed=5459
[kernel-split] single: calls=5875 total=19.754s encode=0.672s wait=0.261s drain=18.820s waits=6293 untimed=4834 | wide: calls=1112 total=5.958s encode=0.419s wait=5.101s drain=0.438s waits=1112 untimed=0
[kernel-sub] materialize=0.165s moe=6.124s precommit=18.876s rest=0.547s
[metal-cache] calls=12934 zero_copy_wraps=321 copies=0 cache_entries=139 bindless=true
 
[stats] generated=60 elapsed=142.682s speed=0.4205 token/s (2.378 s/token) chunks=61 committed_rows=130 verify_tx=0 drafts=0/0 layer_passes=5673 expert_rows=11960 expert_tiles=6475
[opens] expert file opens=241813 total=3.726s mean=0.015ms requested_bytes=3182017412288 (3182.0 GB)
[arrival] tiles=1104 waves=1713 uncovered_wait=42.335s dispatch=6.476s
[retain] enabled=false cap_gb=8 layers=63..=92 consults=0 wanted=0 hits=0 inserts=0 served=0.0MB
[summer] enabled=false cap_gb=8 sample=16 consults=0 wanted=0 hits=0 hit_rate=0.0% misses=0 inserts=0 evictions=0 recycled=0 allocs=0 pin_skips=0 gated=0 ramp=2..50 bar=0 suppressed=0 wide_skips=0 served=0.0MB copied=0.0MB ssd_avoided=0.0GB live=0/0.0GB model=0 protected=0 declined=0 topup_suppressed=0 aged=0 into=0/0/0 pending=0
[mirror-split] internal=0 K3C=0 K3B=0 K3A=0  shares=0%/0%/0%/0%
[phases] mono=393099.464886 chunks=61 sequence=142.618s read_wait=0.171s bind_upload=1.719s attention_resident=7.571s expert_read_prefetch=63.631s expert_demand_read=37.327s expert_plan=3.428s expert_hint=0.000s expert_submit=0.001s expert_kernel=68.418s source_fence=0.000s tail_head_sync=0.909s layer_other=0.158s expert_read_gross=60.202s plan_hint=3.297s plan_sched=0.129s attn_total=7.556s attn_encode=2.617s attn_wait=4.050s attn_drain=0.889s kernel_total=26.048s kernel_host=1.103s kernel_wait=5.368s kernel_drain=19.577s
[attn-split] single: calls=5487 total=4.130s encode=1.849s wait=1.392s drain=0.889s waits=9499 untimed=1399 | wide: calls=186 total=3.426s encode=0.768s wait=2.659s drain=0.000s waits=184 untimed=184 | hint: calls=5612 total=3.293s encode=0.016s wait=3.277s drain=0.000s waits=5550 untimed=5550
[kernel-split] single: calls=5972 total=20.090s encode=0.684s wait=0.267s drain=19.139s waits=6396 untimed=4916 | wide: calls=1112 total=5.958s encode=0.419s wait=5.101s drain=0.438s waits=1112 untimed=0
[kernel-sub] materialize=0.165s moe=6.132s precommit=19.197s rest=0.554s
[metal-cache] calls=13031 zero_copy_wraps=321 copies=0 cache_entries=139 bindless=true
2
[stats] generated=61 elapsed=144.231s speed=0.4229 token/s (2.364 s/token) chunks=62 committed_rows=131 verify_tx=0 drafts=0/0 layer_passes=5766 expert_rows=12052 expert_tiles=6567
[opens] expert file opens=246055 total=3.790s mean=0.015ms requested_bytes=3219173833920 (3219.2 GB)
[arrival] tiles=1105 waves=1721 uncovered_wait=42.347s dispatch=6.484s
[retain] enabled=false cap_gb=8 layers=63..=92 consults=0 wanted=0 hits=0 inserts=0 served=0.0MB
[summer] enabled=false cap_gb=8 sample=16 consults=0 wanted=0 hits=0 hit_rate=0.0% misses=0 inserts=0 evictions=0 recycled=0 allocs=0 pin_skips=0 gated=0 ramp=2..50 bar=0 suppressed=0 wide_skips=0 served=0.0MB copied=0.0MB ssd_avoided=0.0GB live=0/0.0GB model=0 protected=0 declined=0 topup_suppressed=0 aged=0 into=0/0/0 pending=0
[mirror-split] internal=0 K3C=0 K3B=0 K3A=0  shares=0%/0%/0%/0%
[phases] mono=393101.013866 chunks=62 sequence=144.166s read_wait=0.171s bind_upload=1.719s attention_resident=7.643s expert_read_prefetch=64.727s expert_demand_read=37.937s expert_plan=3.481s expert_hint=0.000s expert_submit=0.001s expert_kernel=68.779s source_fence=0.000s tail_head_sync=0.925s layer_other=0.159s expert_read_gross=61.246s plan_hint=3.349s plan_sched=0.130s attn_total=7.628s attn_encode=2.646s attn_wait=4.078s attn_drain=0.904s kernel_total=26.397s kernel_host=1.116s kernel_wait=5.372s kernel_drain=19.909s
[attn-split] single: calls=5580 total=4.201s encode=1.878s wait=1.419s drain=0.904s waits=9660 untimed=1419 | wide: calls=186 total=3.426s encode=0.768s wait=2.659s drain=0.000s waits=184 untimed=184 | hint: calls=5704 total=3.344s encode=0.016s wait=3.328s drain=0.000s waits=5641 untimed=5641
[kernel-split] single: calls=6071 total=20.439s encode=0.697s wait=0.271s drain=19.471s waits=6503 untimed=4998 | wide: calls=1112 total=5.958s encode=0.419s wait=5.101s drain=0.438s waits=1112 untimed=0
[kernel-sub] materialize=0.165s moe=6.140s precommit=19.531s rest=0.561s
[metal-cache] calls=13130 zero_copy_wraps=321 copies=0 cache_entries=139 bindless=true
:
[stats] generated=62 elapsed=145.795s speed=0.4253 token/s (2.352 s/token) chunks=63 committed_rows=132 verify_tx=0 drafts=0/0 layer_passes=5859 expert_rows=12144 expert_tiles=6659
[opens] expert file opens=250099 total=3.852s mean=0.015ms requested_bytes=3254645685440 (3254.6 GB)
[arrival] tiles=1106 waves=1726 uncovered_wait=42.356s dispatch=6.490s
[retain] enabled=false cap_gb=8 layers=63..=92 consults=0 wanted=0 hits=0 inserts=0 served=0.0MB
[summer] enabled=false cap_gb=8 sample=16 consults=0 wanted=0 hits=0 hit_rate=0.0% misses=0 inserts=0 evictions=0 recycled=0 allocs=0 pin_skips=0 gated=0 ramp=2..50 bar=0 suppressed=0 wide_skips=0 served=0.0MB copied=0.0MB ssd_avoided=0.0GB live=0/0.0GB model=0 protected=0 declined=0 topup_suppressed=0 aged=0 into=0/0/0 pending=0
[mirror-split] internal=0 K3C=0 K3B=0 K3A=0  shares=0%/0%/0%/0%
[phases] mono=393102.577813 chunks=63 sequence=145.729s read_wait=0.171s bind_upload=1.719s attention_resident=7.724s expert_read_prefetch=65.850s expert_demand_read=38.584s expert_plan=3.545s expert_hint=0.000s expert_submit=0.001s expert_kernel=69.120s source_fence=0.000s tail_head_sync=0.941s layer_other=0.161s expert_read_gross=62.305s plan_hint=3.412s plan_sched=0.131s attn_total=7.709s attn_encode=2.686s attn_wait=4.101s attn_drain=0.922s kernel_total=26.729s kernel_host=1.128s kernel_wait=5.375s kernel_drain=20.225s
[attn-split] single: calls=5673 total=4.283s encode=1.918s wait=1.442s drain=0.922s waits=9821 untimed=1440 | wide: calls=186 total=3.426s encode=0.768s wait=2.659s drain=0.000s waits=184 untimed=184 | hint: calls=5796 total=3.407s encode=0.017s wait=3.390s drain=0.000s waits=5732 untimed=5732
[kernel-split] single: calls=6167 total=20.770s encode=0.709s wait=0.275s drain=19.787s waits=6604 untimed=5081 | wide: calls=1112 total=5.958s encode=0.419s wait=5.101s drain=0.438s waits=1112 untimed=0
[kernel-sub] materialize=0.165s moe=6.146s precommit=19.849s rest=0.568s
[metal-cache] calls=13226 zero_copy_wraps=321 copies=0 cache_entries=139 bindless=true
 Calculate
[stats] generated=63 elapsed=147.344s speed=0.4276 token/s (2.339 s/token) chunks=64 committed_rows=133 verify_tx=0 drafts=0/0 layer_passes=5952 expert_rows=12236 expert_tiles=6751
[opens] expert file opens=254160 total=3.909s mean=0.015ms requested_bytes=3290214137024 (3290.2 GB)
[arrival] tiles=1107 waves=1732 uncovered_wait=42.365s dispatch=6.497s
[retain] enabled=false cap_gb=8 layers=63..=92 consults=0 wanted=0 hits=0 inserts=0 served=0.0MB
[summer] enabled=false cap_gb=8 sample=16 consults=0 wanted=0 hits=0 hit_rate=0.0% misses=0 inserts=0 evictions=0 recycled=0 allocs=0 pin_skips=0 gated=0 ramp=2..50 bar=0 suppressed=0 wide_skips=0 served=0.0MB copied=0.0MB ssd_avoided=0.0GB live=0/0.0GB model=0 protected=0 declined=0 topup_suppressed=0 aged=0 into=0/0/0 pending=0
[mirror-split] internal=0 K3C=0 K3B=0 K3A=0  shares=0%/0%/0%/0%
[phases] mono=393104.127518 chunks=64 sequence=147.259s read_wait=0.171s bind_upload=1.719s attention_resident=7.785s expert_read_prefetch=66.969s expert_demand_read=39.216s expert_plan=3.605s expert_hint=0.000s expert_submit=0.001s expert_kernel=69.455s source_fence=0.000s tail_head_sync=0.954s layer_other=0.163s expert_read_gross=63.363s plan_hint=3.471s plan_sched=0.132s attn_total=7.769s attn_encode=2.710s attn_wait=4.126s attn_drain=0.933s kernel_total=27.054s kernel_host=1.139s kernel_wait=5.379s kernel_drain=20.536s
[attn-split] single: calls=5766 total=4.343s encode=1.943s wait=1.468s drain=0.933s waits=9982 untimed=1469 | wide: calls=186 total=3.426s encode=0.768s wait=2.659s drain=0.000s waits=184 untimed=184 | hint: calls=5888 total=3.467s encode=0.017s wait=3.450s drain=0.000s waits=5823 untimed=5823
[kernel-split] single: calls=6264 total=21.096s encode=0.720s wait=0.278s drain=20.098s waits=6707 untimed=5163 | wide: calls=1112 total=5.958s encode=0.419s wait=5.101s drain=0.438s waits=1112 untimed=0
[kernel-sub] materialize=0.165s moe=6.153s precommit=20.161s rest=0.575s
[metal-cache] calls=13323 zero_copy_wraps=321 copies=0 cache_entries=139 bindless=true
[route-chain] chained=4140
[route-chain] dedup_hits=4140
 Operating
[stats] generated=64 elapsed=148.823s speed=0.4300 token/s (2.325 s/token) chunks=65 committed_rows=134 verify_tx=0 drafts=0/0 layer_passes=6045 expert_rows=12328 expert_tiles=6843
[opens] expert file opens=258130 total=3.966s mean=0.015ms requested_bytes=3324975365312 (3325.0 GB)
[arrival] tiles=1108 waves=1740 uncovered_wait=42.374s dispatch=6.505s
[retain] enabled=false cap_gb=8 layers=63..=92 consults=0 wanted=0 hits=0 inserts=0 served=0.0MB
[summer] enabled=false cap_gb=8 sample=16 consults=0 wanted=0 hits=0 hit_rate=0.0% misses=0 inserts=0 evictions=0 recycled=0 allocs=0 pin_skips=0 gated=0 ramp=2..50 bar=0 suppressed=0 wide_skips=0 served=0.0MB copied=0.0MB ssd_avoided=0.0GB live=0/0.0GB model=0 protected=0 declined=0 topup_suppressed=0 aged=0 into=0/0/0 pending=0
[mirror-split] internal=0 K3C=0 K3B=0 K3A=0  shares=0%/0%/0%/0%
[phases] mono=393105.606147 chunks=65 sequence=148.736s read_wait=0.171s bind_upload=1.719s attention_resident=7.855s expert_read_prefetch=68.030s expert_demand_read=39.808s expert_plan=3.671s expert_hint=0.000s expert_submit=0.001s expert_kernel=69.787s source_fence=0.000s tail_head_sync=0.967s layer_other=0.164s expert_read_gross=64.359s plan_hint=3.535s plan_sched=0.134s attn_total=7.839s attn_encode=2.741s attn_wait=4.151s attn_drain=0.946s kernel_total=27.377s kernel_host=1.152s kernel_wait=5.383s kernel_drain=20.843s
[attn-split] single: calls=5859 total=4.412s encode=1.974s wait=1.492s drain=0.946s waits=10143 untimed=1493 | wide: calls=186 total=3.426s encode=0.768s wait=2.659s drain=0.000s waits=184 untimed=184 | hint: calls=5980 total=3.531s encode=0.017s wait=3.513s drain=0.000s waits=5914 untimed=5914
[kernel-split] single: calls=6363 total=21.418s encode=0.732s wait=0.282s drain=20.404s waits=6814 untimed=5252 | wide: calls=1112 total=5.958s encode=0.419s wait=5.101s drain=0.438s waits=1112 untimed=0
[kernel-sub] materialize=0.165s moe=6.161s precommit=20.469s rest=0.582s
[metal-cache] calls=13422 zero_copy_wraps=321 copies=0 cache_entries=139 bindless=true
 Profit
[stats] generated=65 elapsed=150.307s speed=0.4324 token/s (2.312 s/token) chunks=66 committed_rows=135 verify_tx=0 drafts=0/0 layer_passes=6138 expert_rows=12420 expert_tiles=6935
[opens] expert file opens=262130 total=4.027s mean=0.015ms requested_bytes=3359999802560 (3360.0 GB)
[arrival] tiles=1109 waves=1748 uncovered_wait=42.385s dispatch=6.512s
[retain] enabled=false cap_gb=8 layers=63..=92 consults=0 wanted=0 hits=0 inserts=0 served=0.0MB
[summer] enabled=false cap_gb=8 sample=16 consults=0 wanted=0 hits=0 hit_rate=0.0% misses=0 inserts=0 evictions=0 recycled=0 allocs=0 pin_skips=0 gated=0 ramp=2..50 bar=0 suppressed=0 wide_skips=0 served=0.0MB copied=0.0MB ssd_avoided=0.0GB live=0/0.0GB model=0 protected=0 declined=0 topup_suppressed=0 aged=0 into=0/0/0 pending=0
[mirror-split] internal=0 K3C=0 K3B=0 K3A=0  shares=0%/0%/0%/0%
[phases] mono=393107.090335 chunks=66 sequence=150.220s read_wait=0.171s bind_upload=1.719s attention_resident=7.921s expert_read_prefetch=69.089s expert_demand_read=40.418s expert_plan=3.732s expert_hint=0.000s expert_submit=0.001s expert_kernel=70.131s source_fence=0.000s tail_head_sync=0.981s layer_other=0.166s expert_read_gross=65.357s plan_hint=3.595s plan_sched=0.135s attn_total=7.905s attn_encode=2.767s attn_wait=4.172s attn_drain=0.965s kernel_total=27.710s kernel_host=1.163s kernel_wait=5.386s kernel_drain=21.160s
[attn-split] single: calls=5952 total=4.478s encode=2.000s wait=1.514s drain=0.965s waits=10304 untimed=1515 | wide: calls=186 total=3.426s encode=0.768s wait=2.659s drain=0.000s waits=184 untimed=184 | hint: calls=6072 total=3.590s encode=0.018s wait=3.573s drain=0.000s waits=6005 untimed=6005
[kernel-split] single: calls=6462 total=21.751s encode=0.744s wait=0.285s drain=20.722s waits=6921 untimed=5329 | wide: calls=1112 total=5.958s encode=0.419s wait=5.101s drain=0.438s waits=1112 untimed=0
[kernel-sub] materialize=0.165s moe=6.168s precommit=20.788s rest=0.589s
[metal-cache] calls=13521 zero_copy_wraps=321 copies=0 cache_entries=139 bindless=true
**

[stats] generated=66 elapsed=151.804s speed=0.4348 token/s (2.300 s/token) chunks=67 committed_rows=136 verify_tx=0 drafts=0/0 layer_passes=6231 expert_rows=12512 expert_tiles=7027
[opens] expert file opens=266101 total=4.086s mean=0.015ms requested_bytes=3394839968960 (3394.8 GB)
[arrival] tiles=1110 waves=1756 uncovered_wait=42.398s dispatch=6.520s
[retain] enabled=false cap_gb=8 layers=63..=92 consults=0 wanted=0 hits=0 inserts=0 served=0.0MB
[summer] enabled=false cap_gb=8 sample=16 consults=0 wanted=0 hits=0 hit_rate=0.0% misses=0 inserts=0 evictions=0 recycled=0 allocs=0 pin_skips=0 gated=0 ramp=2..50 bar=0 suppressed=0 wide_skips=0 served=0.0MB copied=0.0MB ssd_avoided=0.0GB live=0/0.0GB model=0 protected=0 declined=0 topup_suppressed=0 aged=0 into=0/0/0 pending=0
[mirror-split] internal=0 K3C=0 K3B=0 K3A=0  shares=0%/0%/0%/0%
[phases] mono=393108.586497 chunks=67 sequence=151.715s read_wait=0.171s bind_upload=1.719s attention_resident=7.993s expert_read_prefetch=70.163s expert_demand_read=41.037s expert_plan=3.799s expert_hint=0.000s expert_submit=0.001s expert_kernel=70.464s source_fence=0.000s tail_head_sync=0.994s layer_other=0.167s expert_read_gross=66.364s plan_hint=3.661s plan_sched=0.136s attn_total=7.977s attn_encode=2.804s attn_wait=4.195s attn_drain=0.977s kernel_total=28.029s kernel_host=1.175s kernel_wait=5.391s kernel_drain=21.463s
[attn-split] single: calls=6045 total=4.550s encode=2.037s wait=1.537s drain=0.977s waits=10465 untimed=1533 | wide: calls=186 total=3.426s encode=0.768s wait=2.659s drain=0.000s waits=184 untimed=184 | hint: calls=6164 total=3.656s encode=0.018s wait=3.638s drain=0.000s waits=6096 untimed=6096
[kernel-split] single: calls=6561 total=22.071s encode=0.756s wait=0.290s drain=21.025s waits=7028 untimed=5418 | wide: calls=1112 total=5.958s encode=0.419s wait=5.101s drain=0.438s waits=1112 untimed=0
[kernel-sub] materialize=0.165s moe=6.175s precommit=21.093s rest=0.595s
[metal-cache] calls=13620 zero_copy_wraps=321 copies=0 cache_entries=139 bindless=true
Operating
[stats] generated=67 elapsed=153.293s speed=0.4371 token/s (2.288 s/token) chunks=68 committed_rows=137 verify_tx=0 drafts=0/0 layer_passes=6324 expert_rows=12604 expert_tiles=7119
[opens] expert file opens=270100 total=4.143s mean=0.015ms requested_bytes=3429855640768 (3429.9 GB)
[arrival] tiles=1111 waves=1763 uncovered_wait=42.410s dispatch=6.527s
[retain] enabled=false cap_gb=8 layers=63..=92 consults=0 wanted=0 hits=0 inserts=0 served=0.0MB
[summer] enabled=false cap_gb=8 sample=16 consults=0 wanted=0 hits=0 hit_rate=0.0% misses=0 inserts=0 evictions=0 recycled=0 allocs=0 pin_skips=0 gated=0 ramp=2..50 bar=0 suppressed=0 wide_skips=0 served=0.0MB copied=0.0MB ssd_avoided=0.0GB live=0/0.0GB model=0 protected=0 declined=0 topup_suppressed=0 aged=0 into=0/0/0 pending=0
[mirror-split] internal=0 K3C=0 K3B=0 K3A=0  shares=0%/0%/0%/0%
[phases] mono=393110.075432 chunks=68 sequence=153.203s read_wait=0.171s bind_upload=1.719s attention_resident=8.053s expert_read_prefetch=71.228s expert_demand_read=41.655s expert_plan=3.854s expert_hint=0.000s expert_submit=0.001s expert_kernel=70.811s source_fence=0.000s tail_head_sync=1.008s layer_other=0.169s expert_read_gross=67.373s plan_hint=3.715s plan_sched=0.137s attn_total=8.037s attn_encode=2.829s attn_wait=4.216s attn_drain=0.993s kernel_total=28.363s kernel_host=1.186s kernel_wait=5.394s kernel_drain=21.783s
[attn-split] single: calls=6138 total=4.610s encode=2.061s wait=1.557s drain=0.993s waits=10626 untimed=1558 | wide: calls=186 total=3.426s encode=0.768s wait=2.659s drain=0.000s waits=184 untimed=184 | hint: calls=6256 total=3.710s encode=0.018s wait=3.692s drain=0.000s waits=6187 untimed=6187
[kernel-split] single: calls=6659 total=22.405s encode=0.767s wait=0.293s drain=21.345s waits=7133 untimed=5504 | wide: calls=1112 total=5.958s encode=0.419s wait=5.101s drain=0.438s waits=1112 untimed=0
[kernel-sub] materialize=0.165s moe=6.182s precommit=21.414s rest=0.601s
[metal-cache] calls=13718 zero_copy_wraps=321 copies=0 cache_entries=139 bindless=true
 Profit
[stats] generated=68 elapsed=154.782s speed=0.4393 token/s (2.276 s/token) chunks=69 committed_rows=138 verify_tx=0 drafts=0/0 layer_passes=6417 expert_rows=12696 expert_tiles=7211
[opens] expert file opens=274102 total=4.202s mean=0.015ms requested_bytes=3464932719808 (3464.9 GB)
[arrival] tiles=1112 waves=1771 uncovered_wait=42.423s dispatch=6.534s
[retain] enabled=false cap_gb=8 layers=63..=92 consults=0 wanted=0 hits=0 inserts=0 served=0.0MB
[summer] enabled=false cap_gb=8 sample=16 consults=0 wanted=0 hits=0 hit_rate=0.0% misses=0 inserts=0 evictions=0 recycled=0 allocs=0 pin_skips=0 gated=0 ramp=2..50 bar=0 suppressed=0 wide_skips=0 served=0.0MB copied=0.0MB ssd_avoided=0.0GB live=0/0.0GB model=0 protected=0 declined=0 topup_suppressed=0 aged=0 into=0/0/0 pending=0
[mirror-split] internal=0 K3C=0 K3B=0 K3A=0  shares=0%/0%/0%/0%
[phases] mono=393111.564851 chunks=69 sequence=154.691s read_wait=0.171s bind_upload=1.719s attention_resident=8.123s expert_read_prefetch=72.261s expert_demand_read=42.278s expert_plan=3.908s expert_hint=0.000s expert_submit=0.001s expert_kernel=71.181s source_fence=0.000s tail_head_sync=1.022s layer_other=0.171s expert_read_gross=68.352s plan_hint=3.768s plan_sched=0.138s attn_total=8.107s attn_encode=2.859s attn_wait=4.235s attn_drain=1.013s kernel_total=28.720s kernel_host=1.198s kernel_wait=5.398s kernel_drain=22.124s
[attn-split] single: calls=6231 total=4.680s encode=2.091s wait=1.577s drain=1.013s waits=10787 untimed=1575 | wide: calls=186 total=3.426s encode=0.768s wait=2.659s drain=0.000s waits=184 untimed=184 | hint: calls=6348 total=3.763s encode=0.018s wait=3.745s drain=0.000s waits=6278 untimed=6278
[kernel-split] single: calls=6758 total=22.762s encode=0.779s wait=0.298s drain=21.685s waits=7240 untimed=5573 | wide: calls=1112 total=5.958s encode=0.419s wait=5.101s drain=0.438s waits=1112 untimed=0
[kernel-sub] materialize=0.165s moe=6.189s precommit=21.757s rest=0.609s
[metal-cache] calls=13817 zero_copy_wraps=321 copies=0 cache_entries=139 bindless=true
 =
[stats] generated=69 elapsed=156.275s speed=0.4415 token/s (2.265 s/token) chunks=70 committed_rows=139 verify_tx=0 drafts=0/0 layer_passes=6510 expert_rows=12788 expert_tiles=7303
[opens] expert file opens=278060 total=4.258s mean=0.015ms requested_bytes=3499650055360 (3499.7 GB)
[arrival] tiles=1113 waves=1779 uncovered_wait=42.439s dispatch=6.542s
[retain] enabled=false cap_gb=8 layers=63..=92 consults=0 wanted=0 hits=0 inserts=0 served=0.0MB
[summer] enabled=false cap_gb=8 sample=16 consults=0 wanted=0 hits=0 hit_rate=0.0% misses=0 inserts=0 evictions=0 recycled=0 allocs=0 pin_skips=0 gated=0 ramp=2..50 bar=0 suppressed=0 wide_skips=0 served=0.0MB copied=0.0MB ssd_avoided=0.0GB live=0/0.0GB model=0 protected=0 declined=0 topup_suppressed=0 aged=0 into=0/0/0 pending=0
[mirror-split] internal=0 K3C=0 K3B=0 K3A=0  shares=0%/0%/0%/0%
[phases] mono=393113.058006 chunks=70 sequence=156.184s read_wait=0.171s bind_upload=1.719s attention_resident=8.186s expert_read_prefetch=73.342s expert_demand_read=42.919s expert_plan=3.958s expert_hint=0.000s expert_submit=0.001s expert_kernel=71.514s source_fence=0.000s tail_head_sync=1.035s layer_other=0.173s expert_read_gross=69.384s plan_hint=3.816s plan_sched=0.139s attn_total=8.169s attn_encode=2.887s attn_wait=4.257s attn_drain=1.025s kernel_total=29.038s kernel_host=1.210s kernel_wait=5.403s kernel_drain=22.425s
[attn-split] single: calls=6324 total=4.743s encode=2.119s wait=1.598s drain=1.025s waits=10948 untimed=1597 | wide: calls=186 total=3.426s encode=0.768s wait=2.659s drain=0.000s waits=184 untimed=184 | hint: calls=6440 total=3.811s encode=0.019s wait=3.793s drain=0.000s waits=6369 untimed=6369
[kernel-split] single: calls=6857 total=23.079s encode=0.791s wait=0.302s drain=21.987s waits=7347 untimed=5662 | wide: calls=1112 total=5.958s encode=0.419s wait=5.101s drain=0.438s waits=1112 untimed=0
[kernel-sub] materialize=0.165s moe=6.197s precommit=22.060s rest=0.615s
[metal-cache] calls=13916 zero_copy_wraps=321 copies=0 cache_entries=139 bindless=true
 Gross
[stats] generated=70 elapsed=157.817s speed=0.4436 token/s (2.255 s/token) chunks=71 committed_rows=140 verify_tx=0 drafts=0/0 layer_passes=6603 expert_rows=12880 expert_tiles=7395
[opens] expert file opens=282150 total=4.321s mean=0.015ms requested_bytes=3535507963072 (3535.5 GB)
[arrival] tiles=1114 waves=1787 uncovered_wait=42.449s dispatch=6.548s
[retain] enabled=false cap_gb=8 layers=63..=92 consults=0 wanted=0 hits=0 inserts=0 served=0.0MB
[summer] enabled=false cap_gb=8 sample=16 consults=0 wanted=0 hits=0 hit_rate=0.0% misses=0 inserts=0 evictions=0 recycled=0 allocs=0 pin_skips=0 gated=0 ramp=2..50 bar=0 suppressed=0 wide_skips=0 served=0.0MB copied=0.0MB ssd_avoided=0.0GB live=0/0.0GB model=0 protected=0 declined=0 topup_suppressed=0 aged=0 into=0/0/0 pending=0
[mirror-split] internal=0 K3C=0 K3B=0 K3A=0  shares=0%/0%/0%/0%
[phases] mono=393114.600136 chunks=71 sequence=157.725s read_wait=0.171s bind_upload=1.719s attention_resident=8.255s expert_read_prefetch=74.458s expert_demand_read=43.537s expert_plan=4.017s expert_hint=0.000s expert_submit=0.001s expert_kernel=71.855s source_fence=0.000s tail_head_sync=1.049s layer_other=0.174s expert_read_gross=70.440s plan_hint=3.875s plan_sched=0.141s attn_total=8.238s attn_encode=2.919s attn_wait=4.279s attn_drain=1.041s kernel_total=29.367s kernel_host=1.221s kernel_wait=5.406s kernel_drain=22.740s
[attn-split] single: calls=6417 total=4.812s encode=2.151s wait=1.620s drain=1.041s waits=11109 untimed=1620 | wide: calls=186 total=3.426s encode=0.768s wait=2.659s drain=0.000s waits=184 untimed=184 | hint: calls=6532 total=3.870s encode=0.019s wait=3.851s drain=0.000s waits=6460 untimed=6460
[kernel-split] single: calls=6956 total=23.409s encode=0.802s wait=0.305s drain=22.302s waits=7454 untimed=5751 | wide: calls=1112 total=5.958s encode=0.419s wait=5.101s drain=0.438s waits=1112 untimed=0
[kernel-sub] materialize=0.165s moe=6.203s precommit=22.377s rest=0.622s
[metal-cache] calls=14015 zero_copy_wraps=321 copies=0 cache_entries=139 bindless=true
 Profit
[stats] generated=71 elapsed=159.315s speed=0.4457 token/s (2.244 s/token) chunks=72 committed_rows=141 verify_tx=0 drafts=0/0 layer_passes=6696 expert_rows=12972 expert_tiles=7487
[opens] expert file opens=286168 total=4.378s mean=0.015ms requested_bytes=3570707872960 (3570.7 GB)
[arrival] tiles=1115 waves=1794 uncovered_wait=42.460s dispatch=6.557s
[retain] enabled=false cap_gb=8 layers=63..=92 consults=0 wanted=0 hits=0 inserts=0 served=0.0MB
[summer] enabled=false cap_gb=8 sample=16 consults=0 wanted=0 hits=0 hit_rate=0.0% misses=0 inserts=0 evictions=0 recycled=0 allocs=0 pin_skips=0 gated=0 ramp=2..50 bar=0 suppressed=0 wide_skips=0 served=0.0MB copied=0.0MB ssd_avoided=0.0GB live=0/0.0GB model=0 protected=0 declined=0 topup_suppressed=0 aged=0 into=0/0/0 pending=0
[mirror-split] internal=0 K3C=0 K3B=0 K3A=0  shares=0%/0%/0%/0%
[phases] mono=393116.098137 chunks=72 sequence=159.223s read_wait=0.171s bind_upload=1.719s attention_resident=8.320s expert_read_prefetch=75.523s expert_demand_read=44.173s expert_plan=4.059s expert_hint=0.000s expert_submit=0.001s expert_kernel=72.206s source_fence=0.000s tail_head_sync=1.064s layer_other=0.176s expert_read_gross=71.463s plan_hint=3.916s plan_sched=0.142s attn_total=8.303s attn_encode=2.942s attn_wait=4.303s attn_drain=1.058s kernel_total=29.707s kernel_host=1.233s kernel_wait=5.412s kernel_drain=23.063s
[attn-split] single: calls=6510 total=4.876s encode=2.174s wait=1.644s drain=1.058s waits=11270 untimed=1640 | wide: calls=186 total=3.426s encode=0.768s wait=2.659s drain=0.000s waits=184 untimed=184 | hint: calls=6624 total=3.910s encode=0.019s wait=3.891s drain=0.000s waits=6551 untimed=6551
[kernel-split] single: calls=7054 total=23.748s encode=0.813s wait=0.311s drain=22.624s waits=7559 untimed=5839 | wide: calls=1112 total=5.958s encode=0.419s wait=5.101s drain=0.438s waits=1112 untimed=0
[kernel-sub] materialize=0.165s moe=6.212s precommit=22.702s rest=0.628s
[metal-cache] calls=14113 zero_copy_wraps=321 copies=0 cache_entries=139 bindless=true
 −
[stats] generated=72 elapsed=160.806s speed=0.4477 token/s (2.233 s/token) chunks=73 committed_rows=142 verify_tx=0 drafts=0/0 layer_passes=6789 expert_rows=13064 expert_tiles=7579
[opens] expert file opens=290132 total=4.435s mean=0.015ms requested_bytes=3605416443072 (3605.4 GB)
[arrival] tiles=1116 waves=1802 uncovered_wait=42.473s dispatch=6.565s
[retain] enabled=false cap_gb=8 layers=63..=92 consults=0 wanted=0 hits=0 inserts=0 served=0.0MB
[summer] enabled=false cap_gb=8 sample=16 consults=0 wanted=0 hits=0 hit_rate=0.0% misses=0 inserts=0 evictions=0 recycled=0 allocs=0 pin_skips=0 gated=0 ramp=2..50 bar=0 suppressed=0 wide_skips=0 served=0.0MB copied=0.0MB ssd_avoided=0.0GB live=0/0.0GB model=0 protected=0 declined=0 topup_suppressed=0 aged=0 into=0/0/0 pending=0
[mirror-split] internal=0 K3C=0 K3B=0 K3A=0  shares=0%/0%/0%/0%
[phases] mono=393117.589077 chunks=73 sequence=160.713s read_wait=0.171s bind_upload=1.719s attention_resident=8.387s expert_read_prefetch=76.587s expert_demand_read=44.845s expert_plan=4.107s expert_hint=0.000s expert_submit=0.001s expert_kernel=72.550s source_fence=0.000s tail_head_sync=1.077s layer_other=0.177s expert_read_gross=72.480s plan_hint=3.962s plan_sched=0.143s attn_total=8.369s attn_encode=2.970s attn_wait=4.324s attn_drain=1.076s kernel_total=30.037s kernel_host=1.245s kernel_wait=5.415s kernel_drain=23.378s
[attn-split] single: calls=6603 total=4.943s encode=2.202s wait=1.665s drain=1.076s waits=11431 untimed=1657 | wide: calls=186 total=3.426s encode=0.768s wait=2.659s drain=0.000s waits=184 untimed=184 | hint: calls=6716 total=3.957s encode=0.019s wait=3.938s drain=0.000s waits=6642 untimed=6642
[kernel-split] single: calls=7153 total=24.079s encode=0.825s wait=0.315s drain=22.939s waits=7666 untimed=5925 | wide: calls=1112 total=5.958s encode=0.419s wait=5.101s drain=0.438s waits=1112 untimed=0
[kernel-sub] materialize=0.165s moe=6.220s precommit=23.017s rest=0.635s
[metal-cache] calls=14212 zero_copy_wraps=321 copies=0 cache_entries=139 bindless=true
 Operating
[stats] generated=73 elapsed=162.346s speed=0.4497 token/s (2.224 s/token) chunks=74 committed_rows=143 verify_tx=0 drafts=0/0 layer_passes=6882 expert_rows=13156 expert_tiles=7671
[opens] expert file opens=294137 total=4.493s mean=0.015ms requested_bytes=3640502287552 (3640.5 GB)
[arrival] tiles=1117 waves=1810 uncovered_wait=42.486s dispatch=6.572s
[retain] enabled=false cap_gb=8 layers=63..=92 consults=0 wanted=0 hits=0 inserts=0 served=0.0MB
[summer] enabled=false cap_gb=8 sample=16 consults=0 wanted=0 hits=0 hit_rate=0.0% misses=0 inserts=0 evictions=0 recycled=0 allocs=0 pin_skips=0 gated=0 ramp=2..50 bar=0 suppressed=0 wide_skips=0 served=0.0MB copied=0.0MB ssd_avoided=0.0GB live=0/0.0GB model=0 protected=0 declined=0 topup_suppressed=0 aged=0 into=0/0/0 pending=0
[mirror-split] internal=0 K3C=0 K3B=0 K3A=0  shares=0%/0%/0%/0%
[phases] mono=393119.128343 chunks=74 sequence=162.252s read_wait=0.171s bind_upload=1.719s attention_resident=8.451s expert_read_prefetch=77.710s expert_demand_read=45.494s expert_plan=4.158s expert_hint=0.000s expert_submit=0.001s expert_kernel=72.886s source_fence=0.000s tail_head_sync=1.091s layer_other=0.179s expert_read_gross=73.551s plan_hint=4.012s plan_sched=0.144s attn_total=8.433s attn_encode=2.996s attn_wait=4.347s attn_drain=1.090s kernel_total=30.361s kernel_host=1.256s kernel_wait=5.419s kernel_drain=23.686s
[attn-split] single: calls=6696 total=5.007s encode=2.228s wait=1.688s drain=1.090s waits=11592 untimed=1678 | wide: calls=186 total=3.426s encode=0.768s wait=2.659s drain=0.000s waits=184 untimed=184 | hint: calls=6808 total=4.007s encode=0.020s wait=3.987s drain=0.000s waits=6733 untimed=6733
[kernel-split] single: calls=7252 total=24.403s encode=0.837s wait=0.318s drain=23.248s waits=7773 untimed=6013 | wide: calls=1112 total=5.958s encode=0.419s wait=5.101s drain=0.438s waits=1112 untimed=0
[kernel-sub] materialize=0.165s moe=6.226s precommit=23.328s rest=0.642s
[metal-cache] calls=14311 zero_copy_wraps=321 copies=0 cache_entries=139 bindless=true
 Exp
[stats] generated=74 elapsed=163.880s speed=0.4515 token/s (2.215 s/token) chunks=75 committed_rows=144 verify_tx=0 drafts=0/0 layer_passes=6975 expert_rows=13248 expert_tiles=7763
[opens] expert file opens=298162 total=4.550s mean=0.015ms requested_bytes=3675798682816 (3675.8 GB)
[arrival] tiles=1118 waves=1818 uncovered_wait=42.500s dispatch=6.579s
[retain] enabled=false cap_gb=8 layers=63..=92 consults=0 wanted=0 hits=0 inserts=0 served=0.0MB
[summer] enabled=false cap_gb=8 sample=16 consults=0 wanted=0 hits=0 hit_rate=0.0% misses=0 inserts=0 evictions=0 recycled=0 allocs=0 pin_skips=0 gated=0 ramp=2..50 bar=0 suppressed=0 wide_skips=0 served=0.0MB copied=0.0MB ssd_avoided=0.0GB live=0/0.0GB model=0 protected=0 declined=0 topup_suppressed=0 aged=0 into=0/0/0 pending=0
[mirror-split] internal=0 K3C=0 K3B=0 K3A=0  shares=0%/0%/0%/0%
[phases] mono=393120.663007 chunks=75 sequence=163.785s read_wait=0.171s bind_upload=1.719s attention_resident=8.527s expert_read_prefetch=78.810s expert_demand_read=46.131s expert_plan=4.213s expert_hint=0.000s expert_submit=0.001s expert_kernel=73.230s source_fence=0.000s tail_head_sync=1.103s layer_other=0.180s expert_read_gross=74.597s plan_hint=4.066s plan_sched=0.145s attn_total=8.509s attn_encode=3.034s attn_wait=4.366s attn_drain=1.109s kernel_total=30.690s kernel_host=1.268s kernel_wait=5.423s kernel_drain=23.999s
[attn-split] single: calls=6789 total=5.082s encode=2.266s wait=1.708s drain=1.109s waits=11753 untimed=1697 | wide: calls=186 total=3.426s encode=0.768s wait=2.659s drain=0.000s waits=184 untimed=184 | hint: calls=6900 total=4.061s encode=0.020s wait=4.041s drain=0.000s waits=6824 untimed=6824
[kernel-split] single: calls=7351 total=24.732s encode=0.848s wait=0.322s drain=23.561s waits=7880 untimed=6091 | wide: calls=1112 total=5.958s encode=0.419s wait=5.101s drain=0.438s waits=1112 untimed=0
[kernel-sub] materialize=0.165s moe=6.233s precommit=23.643s rest=0.648s
[metal-cache] calls=14410 zero_copy_wraps=321 copies=0 cache_entries=139 bindless=true
[route-chain] chained=4830
[route-chain] dedup_hits=4830
enses
[stats] generated=75 elapsed=165.463s speed=0.4533 token/s (2.206 s/token) chunks=76 committed_rows=145 verify_tx=0 drafts=0/0 layer_passes=7068 expert_rows=13340 expert_tiles=7855
[opens] expert file opens=302271 total=4.614s mean=0.015ms requested_bytes=3711823314112 (3711.8 GB)
[arrival] tiles=1119 waves=1826 uncovered_wait=42.511s dispatch=6.585s
[retain] enabled=false cap_gb=8 layers=63..=92 consults=0 wanted=0 hits=0 inserts=0 served=0.0MB
[summer] enabled=false cap_gb=8 sample=16 consults=0 wanted=0 hits=0 hit_rate=0.0% misses=0 inserts=0 evictions=0 recycled=0 allocs=0 pin_skips=0 gated=0 ramp=2..50 bar=0 suppressed=0 wide_skips=0 served=0.0MB copied=0.0MB ssd_avoided=0.0GB live=0/0.0GB model=0 protected=0 declined=0 topup_suppressed=0 aged=0 into=0/0/0 pending=0
[mirror-split] internal=0 K3C=0 K3B=0 K3A=0  shares=0%/0%/0%/0%
[phases] mono=393122.245849 chunks=76 sequence=165.367s read_wait=0.171s bind_upload=1.719s attention_resident=8.592s expert_read_prefetch=79.939s expert_demand_read=46.800s expert_plan=4.263s expert_hint=0.000s expert_submit=0.001s expert_kernel=73.602s source_fence=0.000s tail_head_sync=1.117s layer_other=0.182s expert_read_gross=75.676s plan_hint=4.114s plan_sched=0.146s attn_total=8.574s attn_encode=3.060s attn_wait=4.386s attn_drain=1.127s kernel_total=31.051s kernel_host=1.279s kernel_wait=5.426s kernel_drain=24.346s
[attn-split] single: calls=6882 total=5.147s encode=2.292s wait=1.728s drain=1.127s waits=11914 untimed=1716 | wide: calls=186 total=3.426s encode=0.768s wait=2.659s drain=0.000s waits=184 untimed=184 | hint: calls=6992 total=4.109s encode=0.020s wait=4.089s drain=0.000s waits=6915 untimed=6915
[kernel-split] single: calls=7450 total=25.093s encode=0.860s wait=0.325s drain=23.908s waits=7987 untimed=6167 | wide: calls=1112 total=5.958s encode=0.419s wait=5.101s drain=0.438s waits=1112 untimed=0
[kernel-sub] materialize=0.165s moe=6.239s precommit=23.992s rest=0.655s
[metal-cache] calls=14509 zero_copy_wraps=321 copies=0 cache_entries=139 bindless=true
  

[stats] generated=76 elapsed=167.084s speed=0.4549 token/s (2.198 s/token) chunks=77 committed_rows=146 verify_tx=0 drafts=0/0 layer_passes=7161 expert_rows=13432 expert_tiles=7947
[opens] expert file opens=306401 total=4.671s mean=0.015ms requested_bytes=3748040965312 (3748.0 GB)
[arrival] tiles=1120 waves=1834 uncovered_wait=42.525s dispatch=6.591s
[retain] enabled=false cap_gb=8 layers=63..=92 consults=0 wanted=0 hits=0 inserts=0 served=0.0MB
[summer] enabled=false cap_gb=8 sample=16 consults=0 wanted=0 hits=0 hit_rate=0.0% misses=0 inserts=0 evictions=0 recycled=0 allocs=0 pin_skips=0 gated=0 ramp=2..50 bar=0 suppressed=0 wide_skips=0 served=0.0MB copied=0.0MB ssd_avoided=0.0GB live=0/0.0GB model=0 protected=0 declined=0 topup_suppressed=0 aged=0 into=0/0/0 pending=0
[mirror-split] internal=0 K3C=0 K3B=0 K3A=0  shares=0%/0%/0%/0%
[phases] mono=393123.866753 chunks=77 sequence=166.987s read_wait=0.171s bind_upload=1.719s attention_resident=8.656s expert_read_prefetch=81.124s expert_demand_read=47.474s expert_plan=4.324s expert_hint=0.000s expert_submit=0.001s expert_kernel=73.956s source_fence=0.000s tail_head_sync=1.133s layer_other=0.184s expert_read_gross=76.800s plan_hint=4.174s plan_sched=0.147s attn_total=8.637s attn_encode=3.084s attn_wait=4.409s attn_drain=1.145s kernel_total=31.390s kernel_host=1.291s kernel_wait=5.429s kernel_drain=24.670s
[attn-split] single: calls=6975 total=5.211s encode=2.316s wait=1.750s drain=1.145s waits=12075 untimed=1732 | wide: calls=186 total=3.426s encode=0.768s wait=2.659s drain=0.000s waits=184 untimed=184 | hint: calls=7084 total=4.169s encode=0.020s wait=4.148s drain=0.000s waits=7006 untimed=7006
[kernel-split] single: calls=7549 total=25.432s encode=0.871s wait=0.328s drain=24.232s waits=8094 untimed=6255 | wide: calls=1112 total=5.958s encode=0.419s wait=5.101s drain=0.438s waits=1112 untimed=0
[kernel-sub] materialize=0.165s moe=6.245s precommit=24.318s rest=0.662s
[metal-cache] calls=14608 zero_copy_wraps=321 copies=0 cache_entries=139 bindless=true
Operating
[stats] generated=77 elapsed=168.662s speed=0.4565 token/s (2.190 s/token) chunks=78 committed_rows=147 verify_tx=0 drafts=0/0 layer_passes=7254 expert_rows=13524 expert_tiles=8039
[opens] expert file opens=310539 total=4.731s mean=0.015ms requested_bytes=3784319990976 (3784.3 GB)
[arrival] tiles=1121 waves=1842 uncovered_wait=42.536s dispatch=6.598s
[retain] enabled=false cap_gb=8 layers=63..=92 consults=0 wanted=0 hits=0 inserts=0 served=0.0MB
[summer] enabled=false cap_gb=8 sample=16 consults=0 wanted=0 hits=0 hit_rate=0.0% misses=0 inserts=0 evictions=0 recycled=0 allocs=0 pin_skips=0 gated=0 ramp=2..50 bar=0 suppressed=0 wide_skips=0 served=0.0MB copied=0.0MB ssd_avoided=0.0GB live=0/0.0GB model=0 protected=0 declined=0 topup_suppressed=0 aged=0 into=0/0/0 pending=0
[mirror-split] internal=0 K3C=0 K3B=0 K3A=0  shares=0%/0%/0%/0%
[phases] mono=393125.449796 chunks=78 sequence=168.564s read_wait=0.171s bind_upload=1.719s attention_resident=8.725s expert_read_prefetch=82.245s expert_demand_read=48.123s expert_plan=4.377s expert_hint=0.000s expert_submit=0.001s expert_kernel=74.326s source_fence=0.000s tail_head_sync=1.147s layer_other=0.186s expert_read_gross=77.868s plan_hint=4.227s plan_sched=0.148s attn_total=8.707s attn_encode=3.113s attn_wait=4.434s attn_drain=1.160s kernel_total=31.750s kernel_host=1.302s kernel_wait=5.433s kernel_drain=25.014s
[attn-split] single: calls=7068 total=5.280s encode=2.345s wait=1.775s drain=1.160s waits=12236 untimed=1753 | wide: calls=186 total=3.426s encode=0.768s wait=2.659s drain=0.000s waits=184 untimed=184 | hint: calls=7176 total=4.221s encode=0.021s wait=4.200s drain=0.000s waits=7097 untimed=7097
[kernel-split] single: calls=7648 total=25.791s encode=0.883s wait=0.332s drain=24.576s waits=8201 untimed=6342 | wide: calls=1112 total=5.958s encode=0.419s wait=5.101s drain=0.438s waits=1112 untimed=0
[kernel-sub] materialize=0.165s moe=6.252s precommit=24.664s rest=0.668s
[metal-cache] calls=14707 zero_copy_wraps=321 copies=0 cache_entries=139 bindless=true
 Profit
[stats] generated=78 elapsed=170.258s speed=0.4581 token/s (2.183 s/token) chunks=79 committed_rows=148 verify_tx=0 drafts=0/0 layer_passes=7347 expert_rows=13616 expert_tiles=8131
[opens] expert file opens=314738 total=4.791s mean=0.015ms requested_bytes=3821142981824 (3821.1 GB)
[arrival] tiles=1122 waves=1850 uncovered_wait=42.550s dispatch=6.607s
[retain] enabled=false cap_gb=8 layers=63..=92 consults=0 wanted=0 hits=0 inserts=0 served=0.0MB
[summer] enabled=false cap_gb=8 sample=16 consults=0 wanted=0 hits=0 hit_rate=0.0% misses=0 inserts=0 evictions=0 recycled=0 allocs=0 pin_skips=0 gated=0 ramp=2..50 bar=0 suppressed=0 wide_skips=0 served=0.0MB copied=0.0MB ssd_avoided=0.0GB live=0/0.0GB model=0 protected=0 declined=0 topup_suppressed=0 aged=0 into=0/0/0 pending=0
[mirror-split] internal=0 K3C=0 K3B=0 K3A=0  shares=0%/0%/0%/0%
[phases] mono=393127.040883 chunks=79 sequence=170.145s read_wait=0.171s bind_upload=1.719s attention_resident=8.814s expert_read_prefetch=83.354s expert_demand_read=48.799s expert_plan=4.439s expert_hint=0.000s expert_submit=0.001s expert_kernel=74.695s source_fence=0.000s tail_head_sync=1.159s layer_other=0.188s expert_read_gross=78.915s plan_hint=4.287s plan_sched=0.149s attn_total=8.795s attn_encode=3.159s attn_wait=4.456s attn_drain=1.179s kernel_total=32.103s kernel_host=1.315s kernel_wait=5.439s kernel_drain=25.349s
[attn-split] single: calls=7161 total=5.368s encode=2.392s wait=1.798s drain=1.179s waits=12397 untimed=1772 | wide: calls=186 total=3.426s encode=0.768s wait=2.659s drain=0.000s waits=184 untimed=184 | hint: calls=7268 total=4.281s encode=0.021s wait=4.260s drain=0.000s waits=7188 untimed=7188
[kernel-split] single: calls=7747 total=26.145s encode=0.896s wait=0.338s drain=24.911s waits=8308 untimed=6423 | wide: calls=1112 total=5.958s encode=0.419s wait=5.101s drain=0.438s waits=1112 untimed=0
[kernel-sub] materialize=0.165s moe=6.261s precommit=25.001s rest=0.676s
[metal-cache] calls=14806 zero_copy_wraps=321 copies=0 cache_entries=139 bindless=true
 =
[stats] generated=79 elapsed=171.842s speed=0.4597 token/s (2.175 s/token) chunks=80 committed_rows=149 verify_tx=0 drafts=0/0 layer_passes=7440 expert_rows=13708 expert_tiles=8223
[opens] expert file opens=318877 total=4.850s mean=0.015ms requested_bytes=3857439603904 (3857.4 GB)
[arrival] tiles=1123 waves=1858 uncovered_wait=42.561s dispatch=6.616s
[retain] enabled=false cap_gb=8 layers=63..=92 consults=0 wanted=0 hits=0 inserts=0 served=0.0MB
[summer] enabled=false cap_gb=8 sample=16 consults=0 wanted=0 hits=0 hit_rate=0.0% misses=0 inserts=0 evictions=0 recycled=0 allocs=0 pin_skips=0 gated=0 ramp=2..50 bar=0 suppressed=0 wide_skips=0 served=0.0MB copied=0.0MB ssd_avoided=0.0GB live=0/0.0GB model=0 protected=0 declined=0 topup_suppressed=0 aged=0 into=0/0/0 pending=0
[mirror-split] internal=0 K3C=0 K3B=0 K3A=0  shares=0%/0%/0%/0%
[phases] mono=393128.624449 chunks=80 sequence=171.727s read_wait=0.171s bind_upload=1.719s attention_resident=8.874s expert_read_prefetch=84.516s expert_demand_read=49.505s expert_plan=4.496s expert_hint=0.000s expert_submit=0.001s expert_kernel=75.037s source_fence=0.000s tail_head_sync=1.176s layer_other=0.189s expert_read_gross=80.020s plan_hint=4.343s plan_sched=0.151s attn_total=8.855s attn_encode=3.184s attn_wait=4.474s attn_drain=1.196s kernel_total=32.433s kernel_host=1.327s kernel_wait=5.443s kernel_drain=25.663s
[attn-split] single: calls=7254 total=5.428s encode=2.416s wait=1.816s drain=1.196s waits=12558 untimed=1788 | wide: calls=186 total=3.426s encode=0.768s wait=2.659s drain=0.000s waits=184 untimed=184 | hint: calls=7360 total=4.337s encode=0.021s wait=4.316s drain=0.000s waits=7279 untimed=7279
[kernel-split] single: calls=7846 total=26.475s encode=0.908s wait=0.342s drain=25.225s waits=8415 untimed=6503 | wide: calls=1112 total=5.958s encode=0.419s wait=5.101s drain=0.438s waits=1112 untimed=0
[kernel-sub] materialize=0.165s moe=6.269s precommit=25.316s rest=0.682s
[metal-cache] calls=14905 zero_copy_wraps=321 copies=0 cache_entries=139 bindless=true
 
[stats] generated=80 elapsed=173.406s speed=0.4613 token/s (2.168 s/token) chunks=81 committed_rows=150 verify_tx=0 drafts=0/0 layer_passes=7533 expert_rows=13800 expert_tiles=8315
[opens] expert file opens=323021 total=4.910s mean=0.015ms requested_bytes=3893788802240 (3893.8 GB)
[arrival] tiles=1124 waves=1866 uncovered_wait=42.576s dispatch=6.623s
[retain] enabled=false cap_gb=8 layers=63..=92 consults=0 wanted=0 hits=0 inserts=0 served=0.0MB
[summer] enabled=false cap_gb=8 sample=16 consults=0 wanted=0 hits=0 hit_rate=0.0% misses=0 inserts=0 evictions=0 recycled=0 allocs=0 pin_skips=0 gated=0 ramp=2..50 bar=0 suppressed=0 wide_skips=0 served=0.0MB copied=0.0MB ssd_avoided=0.0GB live=0/0.0GB model=0 protected=0 declined=0 topup_suppressed=0 aged=0 into=0/0/0 pending=0
[mirror-split] internal=0 K3C=0 K3B=0 K3A=0  shares=0%/0%/0%/0%
[phases] mono=393130.189221 chunks=81 sequence=173.291s read_wait=0.171s bind_upload=1.719s attention_resident=8.938s expert_read_prefetch=85.645s expert_demand_read=50.152s expert_plan=4.547s expert_hint=0.000s expert_submit=0.001s expert_kernel=75.388s source_fence=0.000s tail_head_sync=1.193s layer_other=0.191s expert_read_gross=81.098s plan_hint=4.393s plan_sched=0.152s attn_total=8.918s attn_encode=3.208s attn_wait=4.501s attn_drain=1.209s kernel_total=32.770s kernel_host=1.339s kernel_wait=5.446s kernel_drain=25.985s
[attn-split] single: calls=7347 total=5.492s encode=2.441s wait=1.842s drain=1.209s waits=12719 untimed=1814 | wide: calls=186 total=3.426s encode=0.768s wait=2.659s drain=0.000s waits=184 untimed=184 | hint: calls=7452 total=4.387s encode=0.022s wait=4.366s drain=0.000s waits=7370 untimed=7370
[kernel-split] single: calls=7945 total=26.812s encode=0.920s wait=0.346s drain=25.546s waits=8522 untimed=6590 | wide: calls=1112 total=5.958s encode=0.419s wait=5.101s drain=0.438s waits=1112 untimed=0
[kernel-sub] materialize=0.165s moe=6.276s precommit=25.640s rest=0.689s
[metal-cache] calls=15004 zero_copy_wraps=321 copies=0 cache_entries=139 bindless=true
1
[stats] generated=81 elapsed=174.940s speed=0.4630 token/s (2.160 s/token) chunks=82 committed_rows=151 verify_tx=0 drafts=0/0 layer_passes=7626 expert_rows=13892 expert_tiles=8407
[opens] expert file opens=327140 total=4.973s mean=0.015ms requested_bytes=3929918700736 (3929.9 GB)
[arrival] tiles=1125 waves=1874 uncovered_wait=42.591s dispatch=6.631s
[retain] enabled=false cap_gb=8 layers=63..=92 consults=0 wanted=0 hits=0 inserts=0 served=0.0MB
[summer] enabled=false cap_gb=8 sample=16 consults=0 wanted=0 hits=0 hit_rate=0.0% misses=0 inserts=0 evictions=0 recycled=0 allocs=0 pin_skips=0 gated=0 ramp=2..50 bar=0 suppressed=0 wide_skips=0 served=0.0MB copied=0.0MB ssd_avoided=0.0GB live=0/0.0GB model=0 protected=0 declined=0 topup_suppressed=0 aged=0 into=0/0/0 pending=0
[mirror-split] internal=0 K3C=0 K3B=0 K3A=0  shares=0%/0%/0%/0%
[phases] mono=393131.722987 chunks=82 sequence=174.824s read_wait=0.171s bind_upload=1.719s attention_resident=9.005s expert_read_prefetch=86.719s expert_demand_read=50.771s expert_plan=4.606s expert_hint=0.000s expert_submit=0.001s expert_kernel=75.762s source_fence=0.000s tail_head_sync=1.209s layer_other=0.193s expert_read_gross=82.113s plan_hint=4.451s plan_sched=0.153s attn_total=8.985s attn_encode=3.237s attn_wait=4.524s attn_drain=1.225s kernel_total=33.129s kernel_host=1.352s kernel_wait=5.452s kernel_drain=26.325s
[attn-split] single: calls=7440 total=5.559s encode=2.469s wait=1.865s drain=1.225s waits=12880 untimed=1832 | wide: calls=186 total=3.426s encode=0.768s wait=2.659s drain=0.000s waits=184 untimed=184 | hint: calls=7544 total=4.445s encode=0.022s wait=4.424s drain=0.000s waits=7461 untimed=7461
[kernel-split] single: calls=8044 total=27.170s encode=0.933s wait=0.351s drain=25.886s waits=8629 untimed=6664 | wide: calls=1112 total=5.958s encode=0.419s wait=5.101s drain=0.438s waits=1112 untimed=0
[kernel-sub] materialize=0.165s moe=6.284s precommit=25.982s rest=0.697s
[metal-cache] calls=15103 zero_copy_wraps=321 copies=0 cache_entries=139 bindless=true
,
[stats] generated=82 elapsed=176.528s speed=0.4645 token/s (2.153 s/token) chunks=83 committed_rows=152 verify_tx=0 drafts=0/0 layer_passes=7719 expert_rows=13984 expert_tiles=8499
[opens] expert file opens=331359 total=5.039s mean=0.015ms requested_bytes=3966943460544 (3966.9 GB)
[arrival] tiles=1126 waves=1878 uncovered_wait=42.601s dispatch=6.637s
[retain] enabled=false cap_gb=8 layers=63..=92 consults=0 wanted=0 hits=0 inserts=0 served=0.0MB
[summer] enabled=false cap_gb=8 sample=16 consults=0 wanted=0 hits=0 hit_rate=0.0% misses=0 inserts=0 evictions=0 recycled=0 allocs=0 pin_skips=0 gated=0 ramp=2..50 bar=0 suppressed=0 wide_skips=0 served=0.0MB copied=0.0MB ssd_avoided=0.0GB live=0/0.0GB model=0 protected=0 declined=0 topup_suppressed=0 aged=0 into=0/0/0 pending=0
[mirror-split] internal=0 K3C=0 K3B=0 K3A=0  shares=0%/0%/0%/0%
[phases] mono=393133.311028 chunks=83 sequence=176.411s read_wait=0.171s bind_upload=1.719s attention_resident=9.089s expert_read_prefetch=87.809s expert_demand_read=51.414s expert_plan=4.664s expert_hint=0.000s expert_submit=0.001s expert_kernel=76.159s source_fence=0.000s tail_head_sync=1.223s layer_other=0.194s expert_read_gross=83.145s plan_hint=4.508s plan_sched=0.154s attn_total=9.069s attn_encode=3.275s attn_wait=4.549s attn_drain=1.245s kernel_total=33.515s kernel_host=1.365s kernel_wait=5.455s kernel_drain=26.696s
[attn-split] single: calls=7533 total=5.642s encode=2.507s wait=1.890s drain=1.245s waits=13041 untimed=1850 | wide: calls=186 total=3.426s encode=0.768s wait=2.659s drain=0.000s waits=184 untimed=184 | hint: calls=7636 total=4.502s encode=0.022s wait=4.480s drain=0.000s waits=7552 untimed=7552
[kernel-split] single: calls=8139 total=27.557s encode=0.946s wait=0.354s drain=26.257s waits=8728 untimed=6744 | wide: calls=1112 total=5.958s encode=0.419s wait=5.101s drain=0.438s waits=1112 untimed=0
[kernel-sub] materialize=0.165s moe=6.290s precommit=26.356s rest=0.704s
[metal-cache] calls=15198 zero_copy_wraps=321 copies=0 cache_entries=139 bindless=true
550
[stats] generated=83 elapsed=178.094s speed=0.4660 token/s (2.146 s/token) chunks=84 committed_rows=153 verify_tx=0 drafts=0/0 layer_passes=7812 expert_rows=14076 expert_tiles=8591
[opens] expert file opens=335464 total=5.103s mean=0.015ms requested_bytes=4002906668224 (4002.9 GB)
[arrival] tiles=1127 waves=1886 uncovered_wait=42.611s dispatch=6.646s
[retain] enabled=false cap_gb=8 layers=63..=92 consults=0 wanted=0 hits=0 inserts=0 served=0.0MB
[summer] enabled=false cap_gb=8 sample=16 consults=0 wanted=0 hits=0 hit_rate=0.0% misses=0 inserts=0 evictions=0 recycled=0 allocs=0 pin_skips=0 gated=0 ramp=2..50 bar=0 suppressed=0 wide_skips=0 served=0.0MB copied=0.0MB ssd_avoided=0.0GB live=0/0.0GB model=0 protected=0 declined=0 topup_suppressed=0 aged=0 into=0/0/0 pending=0
[mirror-split] internal=0 K3C=0 K3B=0 K3A=0  shares=0%/0%/0%/0%
[phases] mono=393134.876836 chunks=84 sequence=177.976s read_wait=0.171s bind_upload=1.719s attention_resident=9.160s expert_read_prefetch=88.916s expert_demand_read=52.075s expert_plan=4.718s expert_hint=0.000s expert_submit=0.001s expert_kernel=76.531s source_fence=0.000s tail_head_sync=1.236s layer_other=0.196s expert_read_gross=84.198s plan_hint=4.561s plan_sched=0.155s attn_total=9.140s attn_encode=3.301s attn_wait=4.577s attn_drain=1.262s kernel_total=33.876s kernel_host=1.377s kernel_wait=5.461s kernel_drain=27.038s
[attn-split] single: calls=7626 total=5.713s encode=2.533s wait=1.919s drain=1.262s waits=13202 untimed=1876 | wide: calls=186 total=3.426s encode=0.768s wait=2.659s drain=0.000s waits=184 untimed=184 | hint: calls=7728 total=4.555s encode=0.022s wait=4.533s drain=0.000s waits=7643 untimed=7643
[kernel-split] single: calls=8238 total=27.918s encode=0.958s wait=0.360s drain=26.600s waits=8835 untimed=6824 | wide: calls=1112 total=5.958s encode=0.419s wait=5.101s drain=0.438s waits=1112 untimed=0
[kernel-sub] materialize=0.165s moe=6.299s precommit=26.700s rest=0.712s
[metal-cache] calls=15297 zero_copy_wraps=321 copies=0 cache_entries=139 bindless=true
,
[stats] generated=84 elapsed=179.694s speed=0.4675 token/s (2.139 s/token) chunks=85 committed_rows=154 verify_tx=0 drafts=0/0 layer_passes=7905 expert_rows=14168 expert_tiles=8683
[opens] expert file opens=339686 total=5.168s mean=0.015ms requested_bytes=4039931477184 (4039.9 GB)
[arrival] tiles=1128 waves=1893 uncovered_wait=42.622s dispatch=6.654s
[retain] enabled=false cap_gb=8 layers=63..=92 consults=0 wanted=0 hits=0 inserts=0 served=0.0MB
[summer] enabled=false cap_gb=8 sample=16 consults=0 wanted=0 hits=0 hit_rate=0.0% misses=0 inserts=0 evictions=0 recycled=0 allocs=0 pin_skips=0 gated=0 ramp=2..50 bar=0 suppressed=0 wide_skips=0 served=0.0MB copied=0.0MB ssd_avoided=0.0GB live=0/0.0GB model=0 protected=0 declined=0 topup_suppressed=0 aged=0 into=0/0/0 pending=0
[mirror-split] internal=0 K3C=0 K3B=0 K3A=0  shares=0%/0%/0%/0%
[phases] mono=393136.476958 chunks=85 sequence=179.575s read_wait=0.171s bind_upload=1.719s attention_resident=9.232s expert_read_prefetch=90.044s expert_demand_read=52.755s expert_plan=4.778s expert_hint=0.000s expert_submit=0.001s expert_kernel=76.915s source_fence=0.000s tail_head_sync=1.250s layer_other=0.198s expert_read_gross=85.265s plan_hint=4.620s plan_sched=0.156s attn_total=9.211s attn_encode=3.328s attn_wait=4.605s attn_drain=1.279s kernel_total=34.249s kernel_host=1.389s kernel_wait=5.465s kernel_drain=27.395s
[attn-split] single: calls=7719 total=5.785s encode=2.560s wait=1.946s drain=1.279s waits=13363 untimed=1897 | wide: calls=186 total=3.426s encode=0.768s wait=2.659s drain=0.000s waits=184 untimed=184 | hint: calls=7820 total=4.614s encode=0.023s wait=4.591s drain=0.000s waits=7734 untimed=7734
[kernel-split] single: calls=8336 total=28.291s encode=0.970s wait=0.365s drain=26.956s waits=8940 untimed=6912 | wide: calls=1112 total=5.958s encode=0.419s wait=5.101s drain=0.438s waits=1112 untimed=0
[kernel-sub] materialize=0.165s moe=6.306s precommit=27.059s rest=0.719s
[metal-cache] calls=15395 zero_copy_wraps=321 copies=0 cache_entries=139 bindless=true
[route-chain] chained=5520
[route-chain] dedup_hits=5520
000
[stats] generated=85 elapsed=181.259s speed=0.4689 token/s (2.132 s/token) chunks=86 committed_rows=155 verify_tx=0 drafts=0/0 layer_passes=7998 expert_rows=14260 expert_tiles=8775
[opens] expert file opens=343813 total=5.231s mean=0.015ms requested_bytes=4076113984704 (4076.1 GB)
[arrival] tiles=1129 waves=1901 uncovered_wait=42.633s dispatch=6.662s
[retain] enabled=false cap_gb=8 layers=63..=92 consults=0 wanted=0 hits=0 inserts=0 served=0.0MB
[summer] enabled=false cap_gb=8 sample=16 consults=0 wanted=0 hits=0 hit_rate=0.0% misses=0 inserts=0 evictions=0 recycled=0 allocs=0 pin_skips=0 gated=0 ramp=2..50 bar=0 suppressed=0 wide_skips=0 served=0.0MB copied=0.0MB ssd_avoided=0.0GB live=0/0.0GB model=0 protected=0 declined=0 topup_suppressed=0 aged=0 into=0/0/0 pending=0
[mirror-split] internal=0 K3C=0 K3B=0 K3A=0  shares=0%/0%/0%/0%
[phases] mono=393138.041611 chunks=86 sequence=181.138s read_wait=0.171s bind_upload=1.719s attention_resident=9.303s expert_read_prefetch=91.145s expert_demand_read=53.419s expert_plan=4.848s expert_hint=0.000s expert_submit=0.001s expert_kernel=77.289s source_fence=0.000s tail_head_sync=1.265s layer_other=0.200s expert_read_gross=86.297s plan_hint=4.688s plan_sched=0.157s attn_total=9.283s attn_encode=3.357s attn_wait=4.635s attn_drain=1.291s kernel_total=34.611s kernel_host=1.404s kernel_wait=5.470s kernel_drain=27.737s
[attn-split] single: calls=7812 total=5.856s encode=2.589s wait=1.976s drain=1.291s waits=13524 untimed=1922 | wide: calls=186 total=3.426s encode=0.768s wait=2.659s drain=0.000s waits=184 untimed=184 | hint: calls=7912 total=4.682s encode=0.023s wait=4.659s drain=0.000s waits=7825 untimed=7825
[kernel-split] single: calls=8435 total=28.652s encode=0.984s wait=0.369s drain=27.299s waits=9047 untimed=6992 | wide: calls=1112 total=5.958s encode=0.419s wait=5.101s drain=0.438s waits=1112 untimed=0
[kernel-sub] materialize=0.165s moe=6.314s precommit=27.404s rest=0.728s
[metal-cache] calls=15494 zero_copy_wraps=321 copies=0 cache_entries=139 bindless=true
 −
[stats] generated=86 elapsed=182.888s speed=0.4702 token/s (2.127 s/token) chunks=87 committed_rows=156 verify_tx=0 drafts=0/0 layer_passes=8091 expert_rows=14352 expert_tiles=8867
[opens] expert file opens=347990 total=5.294s mean=0.015ms requested_bytes=4112717675712 (4112.7 GB)
[arrival] tiles=1130 waves=1907 uncovered_wait=42.644s dispatch=6.668s
[retain] enabled=false cap_gb=8 layers=63..=92 consults=0 wanted=0 hits=0 inserts=0 served=0.0MB
[summer] enabled=false cap_gb=8 sample=16 consults=0 wanted=0 hits=0 hit_rate=0.0% misses=0 inserts=0 evictions=0 recycled=0 allocs=0 pin_skips=0 gated=0 ramp=2..50 bar=0 suppressed=0 wide_skips=0 served=0.0MB copied=0.0MB ssd_avoided=0.0GB live=0/0.0GB model=0 protected=0 declined=0 topup_suppressed=0 aged=0 into=0/0/0 pending=0
[mirror-split] internal=0 K3C=0 K3B=0 K3A=0  shares=0%/0%/0%/0%
[phases] mono=393139.670828 chunks=87 sequence=182.766s read_wait=0.171s bind_upload=1.719s attention_resident=9.383s expert_read_prefetch=92.310s expert_demand_read=54.067s expert_plan=4.911s expert_hint=0.000s expert_submit=0.001s expert_kernel=77.654s source_fence=0.000s tail_head_sync=1.281s layer_other=0.202s expert_read_gross=87.399s plan_hint=4.750s plan_sched=0.158s attn_total=9.362s attn_encode=3.394s attn_wait=4.663s attn_drain=1.306s kernel_total=34.965s kernel_host=1.416s kernel_wait=5.473s kernel_drain=28.077s
[attn-split] single: calls=7905 total=5.936s encode=2.626s wait=2.004s drain=1.306s waits=13685 untimed=1943 | wide: calls=186 total=3.426s encode=0.768s wait=2.659s drain=0.000s waits=184 untimed=184 | hint: calls=8004 total=4.744s encode=0.023s wait=4.720s drain=0.000s waits=7916 untimed=7916
[kernel-split] single: calls=8532 total=29.007s encode=0.996s wait=0.372s drain=27.638s waits=9150 untimed=7072 | wide: calls=1112 total=5.958s encode=0.419s wait=5.101s drain=0.438s waits=1112 untimed=0
[kernel-sub] materialize=0.165s moe=6.320s precommit=27.746s rest=0.735s
[metal-cache] calls=15591 zero_copy_wraps=321 copies=0 cache_entries=139 bindless=true
 
[stats] generated=87 elapsed=184.480s speed=0.4716 token/s (2.120 s/token) chunks=88 committed_rows=157 verify_tx=0 drafts=0/0 layer_passes=8184 expert_rows=14444 expert_tiles=8959
[opens] expert file opens=352166 total=5.368s mean=0.015ms requested_bytes=4149356428480 (4149.4 GB)
[arrival] tiles=1131 waves=1915 uncovered_wait=42.651s dispatch=6.676s
[retain] enabled=false cap_gb=8 layers=63..=92 consults=0 wanted=0 hits=0 inserts=0 served=0.0MB
[summer] enabled=false cap_gb=8 sample=16 consults=0 wanted=0 hits=0 hit_rate=0.0% misses=0 inserts=0 evictions=0 recycled=0 allocs=0 pin_skips=0 gated=0 ramp=2..50 bar=0 suppressed=0 wide_skips=0 served=0.0MB copied=0.0MB ssd_avoided=0.0GB live=0/0.0GB model=0 protected=0 declined=0 topup_suppressed=0 aged=0 into=0/0/0 pending=0
[mirror-split] internal=0 K3C=0 K3B=0 K3A=0  shares=0%/0%/0%/0%
[phases] mono=393141.263147 chunks=88 sequence=184.358s read_wait=0.171s bind_upload=1.719s attention_resident=9.449s expert_read_prefetch=93.461s expert_demand_read=54.728s expert_plan=4.964s expert_hint=0.000s expert_submit=0.001s expert_kernel=78.013s source_fence=0.000s tail_head_sync=1.294s layer_other=0.204s expert_read_gross=88.496s plan_hint=4.802s plan_sched=0.160s attn_total=9.428s attn_encode=3.419s attn_wait=4.686s attn_drain=1.323s kernel_total=35.317s kernel_host=1.429s kernel_wait=5.479s kernel_drain=28.409s
[attn-split] single: calls=7998 total=6.002s encode=2.651s wait=2.027s drain=1.323s waits=13846 untimed=1965 | wide: calls=186 total=3.426s encode=0.768s wait=2.659s drain=0.000s waits=184 untimed=184 | hint: calls=8096 total=4.796s encode=0.024s wait=4.772s drain=0.000s waits=8007 untimed=8007
[kernel-split] single: calls=8631 total=29.358s encode=1.009s wait=0.378s drain=27.971s waits=9257 untimed=7155 | wide: calls=1112 total=5.958s encode=0.419s wait=5.101s drain=0.438s waits=1112 untimed=0
[kernel-sub] materialize=0.165s moe=6.329s precommit=28.081s rest=0.742s
[metal-cache] calls=15690 zero_copy_wraps=321 copies=0 cache_entries=139 bindless=true
910
[stats] generated=88 elapsed=186.007s speed=0.4731 token/s (2.114 s/token) chunks=89 committed_rows=158 verify_tx=0 drafts=0/0 layer_passes=8277 expert_rows=14536 expert_tiles=9051
[opens] expert file opens=356249 total=5.449s mean=0.015ms requested_bytes=4185161678016 (4185.2 GB)
[arrival] tiles=1132 waves=1923 uncovered_wait=42.664s dispatch=6.684s
[retain] enabled=false cap_gb=8 layers=63..=92 consults=0 wanted=0 hits=0 inserts=0 served=0.0MB
[summer] enabled=false cap_gb=8 sample=16 consults=0 wanted=0 hits=0 hit_rate=0.0% misses=0 inserts=0 evictions=0 recycled=0 allocs=0 pin_skips=0 gated=0 ramp=2..50 bar=0 suppressed=0 wide_skips=0 served=0.0MB copied=0.0MB ssd_avoided=0.0GB live=0/0.0GB model=0 protected=0 declined=0 topup_suppressed=0 aged=0 into=0/0/0 pending=0
[mirror-split] internal=0 K3C=0 K3B=0 K3A=0  shares=0%/0%/0%/0%
[phases] mono=393142.789422 chunks=89 sequence=185.883s read_wait=0.171s bind_upload=1.719s attention_resident=9.516s expert_read_prefetch=94.543s expert_demand_read=55.392s expert_plan=5.024s expert_hint=0.000s expert_submit=0.001s expert_kernel=78.375s source_fence=0.000s tail_head_sync=1.308s layer_other=0.205s expert_read_gross=89.519s plan_hint=4.861s plan_sched=0.161s attn_total=9.494s attn_encode=3.448s attn_wait=4.710s attn_drain=1.337s kernel_total=35.665s kernel_host=1.441s kernel_wait=5.484s kernel_drain=28.740s
[attn-split] single: calls=8091 total=6.068s encode=2.680s wait=2.051s drain=1.337s waits=14007 untimed=1985 | wide: calls=186 total=3.426s encode=0.768s wait=2.659s drain=0.000s waits=184 untimed=184 | hint: calls=8188 total=4.854s encode=0.024s wait=4.830s drain=0.000s waits=8098 untimed=8098
[kernel-split] single: calls=8730 total=29.707s encode=1.022s wait=0.383s drain=28.302s waits=9364 untimed=7238 | wide: calls=1112 total=5.958s encode=0.419s wait=5.101s drain=0.438s waits=1112 untimed=0
[kernel-sub] materialize=0.165s moe=6.336s precommit=28.414s rest=0.750s
[metal-cache] calls=15789 zero_copy_wraps=321 copies=0 cache_entries=139 bindless=true
,
[stats] generated=89 elapsed=187.630s speed=0.4743 token/s (2.108 s/token) chunks=90 committed_rows=159 verify_tx=0 drafts=0/0 layer_passes=8370 expert_rows=14628 expert_tiles=9143
[opens] expert file opens=360355 total=5.520s mean=0.015ms requested_bytes=4221159963840 (4221.2 GB)
[arrival] tiles=1133 waves=1931 uncovered_wait=42.678s dispatch=6.692s
[retain] enabled=false cap_gb=8 layers=63..=92 consults=0 wanted=0 hits=0 inserts=0 served=0.0MB
[summer] enabled=false cap_gb=8 sample=16 consults=0 wanted=0 hits=0 hit_rate=0.0% misses=0 inserts=0 evictions=0 recycled=0 allocs=0 pin_skips=0 gated=0 ramp=2..50 bar=0 suppressed=0 wide_skips=0 served=0.0MB copied=0.0MB ssd_avoided=0.0GB live=0/0.0GB model=0 protected=0 declined=0 topup_suppressed=0 aged=0 into=0/0/0 pending=0
[mirror-split] internal=0 K3C=0 K3B=0 K3A=0  shares=0%/0%/0%/0%
[phases] mono=393144.413225 chunks=90 sequence=187.506s read_wait=0.171s bind_upload=1.719s attention_resident=9.585s expert_read_prefetch=95.719s expert_demand_read=56.048s expert_plan=5.079s expert_hint=0.000s expert_submit=0.001s expert_kernel=78.734s source_fence=0.000s tail_head_sync=1.324s layer_other=0.207s expert_read_gross=90.640s plan_hint=4.914s plan_sched=0.162s attn_total=9.563s attn_encode=3.482s attn_wait=4.738s attn_drain=1.344s kernel_total=36.010s kernel_host=1.454s kernel_wait=5.488s kernel_drain=29.068s
[attn-split] single: calls=8184 total=6.137s encode=2.714s wait=2.079s drain=1.344s waits=14168 untimed=2013 | wide: calls=186 total=3.426s encode=0.768s wait=2.659s drain=0.000s waits=184 untimed=184 | hint: calls=8280 total=4.908s encode=0.024s wait=4.884s drain=0.000s waits=8189 untimed=8189
[kernel-split] single: calls=8829 total=30.051s encode=1.035s wait=0.387s drain=28.630s waits=9471 untimed=7329 | wide: calls=1112 total=5.958s encode=0.419s wait=5.101s drain=0.438s waits=1112 untimed=0
[kernel-sub] materialize=0.165s moe=6.343s precommit=28.744s rest=0.757s
[metal-cache] calls=15888 zero_copy_wraps=321 copies=0 cache_entries=139 bindless=true
000
[stats] generated=90 elapsed=189.220s speed=0.4756 token/s (2.102 s/token) chunks=91 committed_rows=160 verify_tx=0 drafts=0/0 layer_passes=8463 expert_rows=14720 expert_tiles=9235
[opens] expert file opens=364564 total=5.588s mean=0.015ms requested_bytes=4258044411072 (4258.0 GB)
[arrival] tiles=1134 waves=1937 uncovered_wait=42.688s dispatch=6.701s
[retain] enabled=false cap_gb=8 layers=63..=92 consults=0 wanted=0 hits=0 inserts=0 served=0.0MB
[summer] enabled=false cap_gb=8 sample=16 consults=0 wanted=0 hits=0 hit_rate=0.0% misses=0 inserts=0 evictions=0 recycled=0 allocs=0 pin_skips=0 gated=0 ramp=2..50 bar=0 suppressed=0 wide_skips=0 served=0.0MB copied=0.0MB ssd_avoided=0.0GB live=0/0.0GB model=0 protected=0 declined=0 topup_suppressed=0 aged=0 into=0/0/0 pending=0
[mirror-split] internal=0 K3C=0 K3B=0 K3A=0  shares=0%/0%/0%/0%
[phases] mono=393146.002670 chunks=91 sequence=189.095s read_wait=0.171s bind_upload=1.719s attention_resident=9.671s expert_read_prefetch=96.846s expert_demand_read=56.706s expert_plan=5.133s expert_hint=0.000s expert_submit=0.001s expert_kernel=79.092s source_fence=0.000s tail_head_sync=1.339s layer_other=0.209s expert_read_gross=91.713s plan_hint=4.967s plan_sched=0.163s attn_total=9.649s attn_encode=3.529s attn_wait=4.753s attn_drain=1.367s kernel_total=36.359s kernel_host=1.467s kernel_wait=5.494s kernel_drain=29.398s
[attn-split] single: calls=8277 total=6.223s encode=2.761s wait=2.094s drain=1.367s waits=14329 untimed=2024 | wide: calls=186 total=3.426s encode=0.768s wait=2.659s drain=0.000s waits=184 untimed=184 | hint: calls=8372 total=4.961s encode=0.024s wait=4.936s drain=0.000s waits=8280 untimed=8280
[kernel-split] single: calls=8926 total=30.400s encode=1.048s wait=0.393s drain=28.959s waits=9574 untimed=7402 | wide: calls=1112 total=5.958s encode=0.419s wait=5.101s drain=0.438s waits=1112 untimed=0
[kernel-sub] materialize=0.165s moe=6.353s precommit=29.075s rest=0.765s
[metal-cache] calls=15985 zero_copy_wraps=321 copies=0 cache_entries=139 bindless=true
  

[stats] generated=91 elapsed=190.807s speed=0.4769 token/s (2.097 s/token) chunks=92 committed_rows=161 verify_tx=0 drafts=0/0 layer_passes=8556 expert_rows=14812 expert_tiles=9327
[opens] expert file opens=368715 total=5.669s mean=0.015ms requested_bytes=4294428720320 (4294.4 GB)
[arrival] tiles=1135 waves=1945 uncovered_wait=42.699s dispatch=6.708s
[retain] enabled=false cap_gb=8 layers=63..=92 consults=0 wanted=0 hits=0 inserts=0 served=0.0MB
[summer] enabled=false cap_gb=8 sample=16 consults=0 wanted=0 hits=0 hit_rate=0.0% misses=0 inserts=0 evictions=0 recycled=0 allocs=0 pin_skips=0 gated=0 ramp=2..50 bar=0 suppressed=0 wide_skips=0 served=0.0MB copied=0.0MB ssd_avoided=0.0GB live=0/0.0GB model=0 protected=0 declined=0 topup_suppressed=0 aged=0 into=0/0/0 pending=0
[mirror-split] internal=0 K3C=0 K3B=0 K3A=0  shares=0%/0%/0%/0%
[phases] mono=393147.590168 chunks=92 sequence=190.681s read_wait=0.171s bind_upload=1.719s attention_resident=9.738s expert_read_prefetch=97.982s expert_demand_read=57.337s expert_plan=5.190s expert_hint=0.000s expert_submit=0.001s expert_kernel=79.459s source_fence=0.000s tail_head_sync=1.355s layer_other=0.211s expert_read_gross=92.791s plan_hint=5.023s plan_sched=0.164s attn_total=9.715s attn_encode=3.557s attn_wait=4.774s attn_drain=1.384s kernel_total=36.713s kernel_host=1.481s kernel_wait=5.498s kernel_drain=29.735s
[attn-split] single: calls=8370 total=6.289s encode=2.789s wait=2.115s drain=1.384s waits=14490 untimed=2040 | wide: calls=186 total=3.426s encode=0.768s wait=2.659s drain=0.000s waits=184 untimed=184 | hint: calls=8464 total=5.016s encode=0.025s wait=4.992s drain=0.000s waits=8371 untimed=8371
[kernel-split] single: calls=9025 total=30.755s encode=1.061s wait=0.397s drain=29.297s waits=9681 untimed=7479 | wide: calls=1112 total=5.958s encode=0.419s wait=5.101s drain=0.438s waits=1112 untimed=0
[kernel-sub] materialize=0.165s moe=6.359s precommit=29.416s rest=0.773s
[metal-cache] calls=16084 zero_copy_wraps=321 copies=0 cache_entries=139 bindless=true
**
[stats] generated=92 elapsed=192.409s speed=0.4781 token/s (2.091 s/token) chunks=93 committed_rows=162 verify_tx=0 drafts=0/0 layer_passes=8649 expert_rows=14904 expert_tiles=9419
[opens] expert file opens=372864 total=5.740s mean=0.015ms requested_bytes=4330813029568 (4330.8 GB)
[arrival] tiles=1136 waves=1951 uncovered_wait=42.714s dispatch=6.714s
[retain] enabled=false cap_gb=8 layers=63..=92 consults=0 wanted=0 hits=0 inserts=0 served=0.0MB
[summer] enabled=false cap_gb=8 sample=16 consults=0 wanted=0 hits=0 hit_rate=0.0% misses=0 inserts=0 evictions=0 recycled=0 allocs=0 pin_skips=0 gated=0 ramp=2..50 bar=0 suppressed=0 wide_skips=0 served=0.0MB copied=0.0MB ssd_avoided=0.0GB live=0/0.0GB model=0 protected=0 declined=0 topup_suppressed=0 aged=0 into=0/0/0 pending=0
[mirror-split] internal=0 K3C=0 K3B=0 K3A=0  shares=0%/0%/0%/0%
[phases] mono=393149.191656 chunks=93 sequence=192.282s read_wait=0.171s bind_upload=1.719s attention_resident=9.801s expert_read_prefetch=99.142s expert_demand_read=58.033s expert_plan=5.233s expert_hint=0.001s expert_submit=0.001s expert_kernel=79.818s source_fence=0.000s tail_head_sync=1.370s layer_other=0.213s expert_read_gross=93.909s plan_hint=5.065s plan_sched=0.166s attn_total=9.778s attn_encode=3.585s attn_wait=4.795s attn_drain=1.399s kernel_total=37.057s kernel_host=1.495s kernel_wait=5.501s kernel_drain=30.061s
[attn-split] single: calls=8463 total=6.352s encode=2.817s wait=2.136s drain=1.399s waits=14651 untimed=2059 | wide: calls=186 total=3.426s encode=0.768s wait=2.659s drain=0.000s waits=184 untimed=184 | hint: calls=8556 total=5.058s encode=0.025s wait=5.033s drain=0.000s waits=8462 untimed=8462
[kernel-split] single: calls=9122 total=31.099s encode=1.075s wait=0.400s drain=29.623s waits=9784 untimed=7553 | wide: calls=1112 total=5.958s encode=0.419s wait=5.101s drain=0.438s waits=1112 untimed=0
[kernel-sub] materialize=0.165s moe=6.365s precommit=29.745s rest=0.782s
[metal-cache] calls=16181 zero_copy_wraps=321 copies=0 cache_entries=139 bindless=true
Operating
[stats] generated=93 elapsed=193.914s speed=0.4796 token/s (2.085 s/token) chunks=94 committed_rows=163 verify_tx=0 drafts=0/0 layer_passes=8742 expert_rows=14996 expert_tiles=9511
[opens] expert file opens=376920 total=5.816s mean=0.015ms requested_bytes=4366390164672 (4366.4 GB)
[arrival] tiles=1137 waves=1959 uncovered_wait=42.730s dispatch=6.722s
[retain] enabled=false cap_gb=8 layers=63..=92 consults=0 wanted=0 hits=0 inserts=0 served=0.0MB
[summer] enabled=false cap_gb=8 sample=16 consults=0 wanted=0 hits=0 hit_rate=0.0% misses=0 inserts=0 evictions=0 recycled=0 allocs=0 pin_skips=0 gated=0 ramp=2..50 bar=0 suppressed=0 wide_skips=0 served=0.0MB copied=0.0MB ssd_avoided=0.0GB live=0/0.0GB model=0 protected=0 declined=0 topup_suppressed=0 aged=0 into=0/0/0 pending=0
[mirror-split] internal=0 K3C=0 K3B=0 K3A=0  shares=0%/0%/0%/0%
[phases] mono=393150.696656 chunks=94 sequence=193.786s read_wait=0.171s bind_upload=1.719s attention_resident=9.871s expert_read_prefetch=100.195s expert_demand_read=58.689s expert_plan=5.277s expert_hint=0.001s expert_submit=0.001s expert_kernel=80.184s source_fence=0.000s tail_head_sync=1.384s layer_other=0.215s expert_read_gross=94.917s plan_hint=5.107s plan_sched=0.167s attn_total=9.848s attn_encode=3.619s attn_wait=4.811s attn_drain=1.418s kernel_total=37.406s kernel_host=1.509s kernel_wait=5.505s kernel_drain=30.391s
[attn-split] single: calls=8556 total=6.421s encode=2.851s wait=2.152s drain=1.418s waits=14812 untimed=2076 | wide: calls=186 total=3.426s encode=0.768s wait=2.659s drain=0.000s waits=184 untimed=184 | hint: calls=8648 total=5.100s encode=0.025s wait=5.075s drain=0.000s waits=8553 untimed=8553
[kernel-split] single: calls=9221 total=31.447s encode=1.090s wait=0.405s drain=29.953s waits=9891 untimed=7631 | wide: calls=1112 total=5.958s encode=0.419s wait=5.101s drain=0.438s waits=1112 untimed=0
[kernel-sub] materialize=0.165s moe=6.373s precommit=30.077s rest=0.790s
[metal-cache] calls=16280 zero_copy_wraps=321 copies=0 cache_entries=139 bindless=true
 Profit
[stats] generated=94 elapsed=195.453s speed=0.4809 token/s (2.079 s/token) chunks=95 committed_rows=164 verify_tx=0 drafts=0/0 layer_passes=8835 expert_rows=15088 expert_tiles=9603
[opens] expert file opens=381081 total=5.903s mean=0.015ms requested_bytes=4402879773888 (4402.9 GB)
[arrival] tiles=1138 waves=1965 uncovered_wait=42.745s dispatch=6.729s
[retain] enabled=false cap_gb=8 layers=63..=92 consults=0 wanted=0 hits=0 inserts=0 served=0.0MB
[summer] enabled=false cap_gb=8 sample=16 consults=0 wanted=0 hits=0 hit_rate=0.0% misses=0 inserts=0 evictions=0 recycled=0 allocs=0 pin_skips=0 gated=0 ramp=2..50 bar=0 suppressed=0 wide_skips=0 served=0.0MB copied=0.0MB ssd_avoided=0.0GB live=0/0.0GB model=0 protected=0 declined=0 topup_suppressed=0 aged=0 into=0/0/0 pending=0
[mirror-split] internal=0 K3C=0 K3B=0 K3A=0  shares=0%/0%/0%/0%
[phases] mono=393152.236306 chunks=95 sequence=195.325s read_wait=0.171s bind_upload=1.719s attention_resident=9.946s expert_read_prefetch=101.285s expert_demand_read=59.328s expert_plan=5.323s expert_hint=0.001s expert_submit=0.001s expert_kernel=80.542s source_fence=0.000s tail_head_sync=1.398s layer_other=0.217s expert_read_gross=95.961s plan_hint=5.153s plan_sched=0.168s attn_total=9.922s attn_encode=3.661s attn_wait=4.828s attn_drain=1.434s kernel_total=37.749s kernel_host=1.522s kernel_wait=5.510s kernel_drain=30.718s
[attn-split] single: calls=8649 total=6.496s encode=2.893s wait=2.169s drain=1.434s waits=14973 untimed=2093 | wide: calls=186 total=3.426s encode=0.768s wait=2.659s drain=0.000s waits=184 untimed=184 | hint: calls=8740 total=5.146s encode=0.026s wait=5.120s drain=0.000s waits=8644 untimed=8644
[kernel-split] single: calls=9318 total=31.791s encode=1.102s wait=0.409s drain=30.279s waits=9994 untimed=7708 | wide: calls=1112 total=5.958s encode=0.419s wait=5.101s drain=0.438s waits=1112 untimed=0
[kernel-sub] materialize=0.165s moe=6.380s precommit=30.406s rest=0.798s
[metal-cache] calls=16377 zero_copy_wraps=321 copies=0 cache_entries=139 bindless=true
 =
[stats] generated=95 elapsed=197.073s speed=0.4821 token/s (2.074 s/token) chunks=96 committed_rows=165 verify_tx=0 drafts=0/0 layer_passes=8928 expert_rows=15180 expert_tiles=9695
[opens] expert file opens=385268 total=5.975s mean=0.016ms requested_bytes=4439615028416 (4439.6 GB)
[arrival] tiles=1139 waves=1973 uncovered_wait=42.754s dispatch=6.737s
[retain] enabled=false cap_gb=8 layers=63..=92 consults=0 wanted=0 hits=0 inserts=0 served=0.0MB
[summer] enabled=false cap_gb=8 sample=16 consults=0 wanted=0 hits=0 hit_rate=0.0% misses=0 inserts=0 evictions=0 recycled=0 allocs=0 pin_skips=0 gated=0 ramp=2..50 bar=0 suppressed=0 wide_skips=0 served=0.0MB copied=0.0MB ssd_avoided=0.0GB live=0/0.0GB model=0 protected=0 declined=0 topup_suppressed=0 aged=0 into=0/0/0 pending=0
[mirror-split] internal=0 K3C=0 K3B=0 K3A=0  shares=0%/0%/0%/0%
[phases] mono=393153.856278 chunks=96 sequence=196.944s read_wait=0.171s bind_upload=1.719s attention_resident=10.018s expert_read_prefetch=102.453s expert_demand_read=60.030s expert_plan=5.379s expert_hint=0.001s expert_submit=0.001s expert_kernel=80.906s source_fence=0.000s tail_head_sync=1.411s layer_other=0.219s expert_read_gross=97.073s plan_hint=5.208s plan_sched=0.169s attn_total=9.994s attn_encode=3.688s attn_wait=4.855s attn_drain=1.451s kernel_total=38.103s kernel_host=1.534s kernel_wait=5.513s kernel_drain=31.056s
[attn-split] single: calls=8742 total=6.568s encode=2.921s wait=2.197s drain=1.451s waits=15134 untimed=2109 | wide: calls=186 total=3.426s encode=0.768s wait=2.659s drain=0.000s waits=184 untimed=184 | hint: calls=8832 total=5.201s encode=0.026s wait=5.175s drain=0.000s waits=8735 untimed=8735
[kernel-split] single: calls=9417 total=32.145s encode=1.115s wait=0.413s drain=30.617s waits=10101 untimed=7793 | wide: calls=1112 total=5.958s encode=0.419s wait=5.101s drain=0.438s waits=1112 untimed=0
[kernel-sub] materialize=0.165s moe=6.388s precommit=30.746s rest=0.805s
[metal-cache] calls=16476 zero_copy_wraps=321 copies=0 cache_entries=139 bindless=true
[route-chain] chained=6210
[route-chain] dedup_hits=6210
 
[stats] generated=96 elapsed=198.624s speed=0.4833 token/s (2.069 s/token) chunks=97 committed_rows=166 verify_tx=0 drafts=0/0 layer_passes=9021 expert_rows=15272 expert_tiles=9787
[opens] expert file opens=389372 total=6.047s mean=0.016ms requested_bytes=4475578268864 (4475.6 GB)
[arrival] tiles=1140 waves=1981 uncovered_wait=42.765s dispatch=6.744s
[retain] enabled=false cap_gb=8 layers=63..=92 consults=0 wanted=0 hits=0 inserts=0 served=0.0MB
[summer] enabled=false cap_gb=8 sample=16 consults=0 wanted=0 hits=0 hit_rate=0.0% misses=0 inserts=0 evictions=0 recycled=0 allocs=0 pin_skips=0 gated=0 ramp=2..50 bar=0 suppressed=0 wide_skips=0 served=0.0MB copied=0.0MB ssd_avoided=0.0GB live=0/0.0GB model=0 protected=0 declined=0 topup_suppressed=0 aged=0 into=0/0/0 pending=0
[mirror-split] internal=0 K3C=0 K3B=0 K3A=0  shares=0%/0%/0%/0%
[phases] mono=393155.407369 chunks=97 sequence=198.494s read_wait=0.171s bind_upload=1.719s attention_resident=10.085s expert_read_prefetch=103.574s expert_demand_read=60.653s expert_plan=5.441s expert_hint=0.001s expert_submit=0.001s expert_kernel=81.251s source_fence=0.000s tail_head_sync=1.425s layer_other=0.221s expert_read_gross=98.132s plan_hint=5.268s plan_sched=0.170s attn_total=10.061s attn_encode=3.715s attn_wait=4.885s attn_drain=1.461s kernel_total=38.437s kernel_host=1.547s kernel_wait=5.518s kernel_drain=31.373s
[attn-split] single: calls=8835 total=6.635s encode=2.947s wait=2.226s drain=1.461s waits=15295 untimed=2134 | wide: calls=186 total=3.426s encode=0.768s wait=2.659s drain=0.000s waits=184 untimed=184 | hint: calls=8924 total=5.261s encode=0.026s wait=5.235s drain=0.000s waits=8826 untimed=8826
[kernel-split] single: calls=9516 total=32.479s encode=1.128s wait=0.417s drain=30.935s waits=10208 untimed=7872 | wide: calls=1112 total=5.958s encode=0.419s wait=5.101s drain=0.438s waits=1112 untimed=0
[kernel-sub] materialize=0.165s moe=6.395s precommit=31.065s rest=0.812s
[metal-cache] calls=16575 zero_copy_wraps=321 copies=0 cache_entries=139 bindless=true
640
[stats] generated=97 elapsed=200.232s speed=0.4844 token/s (2.064 s/token) chunks=98 committed_rows=167 verify_tx=0 drafts=0/0 layer_passes=9114 expert_rows=15364 expert_tiles=9879
[opens] expert file opens=393565 total=6.133s mean=0.016ms requested_bytes=4512339868864 (4512.3 GB)
[arrival] tiles=1141 waves=1987 uncovered_wait=42.778s dispatch=6.752s
[retain] enabled=false cap_gb=8 layers=63..=92 consults=0 wanted=0 hits=0 inserts=0 served=0.0MB
[summer] enabled=false cap_gb=8 sample=16 consults=0 wanted=0 hits=0 hit_rate=0.0% misses=0 inserts=0 evictions=0 recycled=0 allocs=0 pin_skips=0 gated=0 ramp=2..50 bar=0 suppressed=0 wide_skips=0 served=0.0MB copied=0.0MB ssd_avoided=0.0GB live=0/0.0GB model=0 protected=0 declined=0 topup_suppressed=0 aged=0 into=0/0/0 pending=0
[mirror-split] internal=0 K3C=0 K3B=0 K3A=0  shares=0%/0%/0%/0%
[phases] mono=393157.014704 chunks=98 sequence=200.100s read_wait=0.171s bind_upload=1.719s attention_resident=10.155s expert_read_prefetch=104.716s expert_demand_read=61.304s expert_plan=5.489s expert_hint=0.001s expert_submit=0.001s expert_kernel=81.628s source_fence=0.000s tail_head_sync=1.440s layer_other=0.223s expert_read_gross=99.226s plan_hint=5.315s plan_sched=0.171s attn_total=10.131s attn_encode=3.747s attn_wait=4.909s attn_drain=1.476s kernel_total=38.801s kernel_host=1.561s kernel_wait=5.522s kernel_drain=31.719s
[attn-split] single: calls=8928 total=6.705s encode=2.979s wait=2.250s drain=1.476s waits=15456 untimed=2149 | wide: calls=186 total=3.426s encode=0.768s wait=2.659s drain=0.000s waits=184 untimed=184 | hint: calls=9016 total=5.308s encode=0.027s wait=5.281s drain=0.000s waits=8917 untimed=8917
[kernel-split] single: calls=9613 total=32.843s encode=1.141s wait=0.421s drain=31.281s waits=10311 untimed=7953 | wide: calls=1112 total=5.958s encode=0.419s wait=5.101s drain=0.438s waits=1112 untimed=0
[kernel-sub] materialize=0.165s moe=6.402s precommit=31.413s rest=0.821s
[metal-cache] calls=16672 zero_copy_wraps=321 copies=0 cache_entries=139 bindless=true
,
[stats] generated=98 elapsed=201.813s speed=0.4856 token/s (2.059 s/token) chunks=99 committed_rows=168 verify_tx=0 drafts=0/0 layer_passes=9207 expert_rows=15456 expert_tiles=9971
[opens] expert file opens=397701 total=6.206s mean=0.016ms requested_bytes=4548610112704 (4548.6 GB)
[arrival] tiles=1142 waves=1995 uncovered_wait=42.795s dispatch=6.760s
[retain] enabled=false cap_gb=8 layers=63..=92 consults=0 wanted=0 hits=0 inserts=0 served=0.0MB
[summer] enabled=false cap_gb=8 sample=16 consults=0 wanted=0 hits=0 hit_rate=0.0% misses=0 inserts=0 evictions=0 recycled=0 allocs=0 pin_skips=0 gated=0 ramp=2..50 bar=0 suppressed=0 wide_skips=0 served=0.0MB copied=0.0MB ssd_avoided=0.0GB live=0/0.0GB model=0 protected=0 declined=0 topup_suppressed=0 aged=0 into=0/0/0 pending=0
[mirror-split] internal=0 K3C=0 K3B=0 K3A=0  shares=0%/0%/0%/0%
[phases] mono=393158.595678 chunks=99 sequence=201.680s read_wait=0.171s bind_upload=1.719s attention_resident=10.231s expert_read_prefetch=105.841s expert_demand_read=61.922s expert_plan=5.536s expert_hint=0.001s expert_submit=0.001s expert_kernel=81.991s source_fence=0.000s tail_head_sync=1.454s layer_other=0.225s expert_read_gross=100.304s plan_hint=5.361s plan_sched=0.173s attn_total=10.206s attn_encode=3.784s attn_wait=4.927s attn_drain=1.495s kernel_total=39.146s kernel_host=1.574s kernel_wait=5.526s kernel_drain=32.046s
[attn-split] single: calls=9021 total=6.780s encode=3.017s wait=2.269s drain=1.495s waits=15617 untimed=2169 | wide: calls=186 total=3.426s encode=0.768s wait=2.659s drain=0.000s waits=184 untimed=184 | hint: calls=9108 total=5.353s encode=0.027s wait=5.326s drain=0.000s waits=9008 untimed=9008
[kernel-split] single: calls=9712 total=33.188s encode=1.155s wait=0.425s drain=31.608s waits=10418 untimed=8034 | wide: calls=1112 total=5.958s encode=0.419s wait=5.101s drain=0.438s waits=1112 untimed=0
[kernel-sub] materialize=0.165s moe=6.410s precommit=31.742s rest=0.829s
[metal-cache] calls=16771 zero_copy_wraps=321 copies=0 cache_entries=139 bindless=true
000
[stats] generated=99 elapsed=203.348s speed=0.4869 token/s (2.054 s/token) chunks=100 committed_rows=169 verify_tx=0 drafts=0/0 layer_passes=9300 expert_rows=15548 expert_tiles=10063
[opens] expert file opens=401831 total=6.285s mean=0.016ms requested_bytes=4584810183872 (4584.8 GB)
[arrival] tiles=1143 waves=2001 uncovered_wait=42.808s dispatch=6.767s
[retain] enabled=false cap_gb=8 layers=63..=92 consults=0 wanted=0 hits=0 inserts=0 served=0.0MB
[summer] enabled=false cap_gb=8 sample=16 consults=0 wanted=0 hits=0 hit_rate=0.0% misses=0 inserts=0 evictions=0 recycled=0 allocs=0 pin_skips=0 gated=0 ramp=2..50 bar=0 suppressed=0 wide_skips=0 served=0.0MB copied=0.0MB ssd_avoided=0.0GB live=0/0.0GB model=0 protected=0 declined=0 topup_suppressed=0 aged=0 into=0/0/0 pending=0
[mirror-split] internal=0 K3C=0 K3B=0 K3A=0  shares=0%/0%/0%/0%
[phases] mono=393160.130558 chunks=100 sequence=203.214s read_wait=0.171s bind_upload=1.719s attention_resident=10.308s expert_read_prefetch=106.927s expert_demand_read=62.570s expert_plan=5.592s expert_hint=0.001s expert_submit=0.001s expert_kernel=82.346s source_fence=0.000s tail_head_sync=1.469s layer_other=0.227s expert_read_gross=101.334s plan_hint=5.415s plan_sched=0.174s attn_total=10.283s attn_encode=3.818s attn_wait=4.955s attn_drain=1.510s kernel_total=39.487s kernel_host=1.590s kernel_wait=5.530s kernel_drain=32.368s
[attn-split] single: calls=9114 total=6.857s encode=3.050s wait=2.297s drain=1.510s waits=15778 untimed=2191 | wide: calls=186 total=3.426s encode=0.768s wait=2.659s drain=0.000s waits=184 untimed=184 | hint: calls=9200 total=5.407s encode=0.027s wait=5.380s drain=0.000s waits=9099 untimed=9099
[kernel-split] single: calls=9809 total=33.529s encode=1.171s wait=0.430s drain=31.929s waits=10521 untimed=8115 | wide: calls=1112 total=5.958s encode=0.419s wait=5.101s drain=0.438s waits=1112 untimed=0
[kernel-sub] materialize=0.165s moe=6.417s precommit=32.067s rest=0.837s
[metal-cache] calls=16868 zero_copy_wraps=321 copies=0 cache_entries=139 bindless=true
**


[stats] generated=100 elapsed=204.969s speed=0.4879 token/s (2.050 s/token) chunks=101 committed_rows=170 verify_tx=0 drafts=0/0 layer_passes=9393 expert_rows=15640 expert_tiles=10155
[opens] expert file opens=406035 total=6.357s mean=0.016ms requested_bytes=4621659520192 (4621.7 GB)
[arrival] tiles=1144 waves=2008 uncovered_wait=42.828s dispatch=6.776s
[retain] enabled=false cap_gb=8 layers=63..=92 consults=0 wanted=0 hits=0 inserts=0 served=0.0MB
[summer] enabled=false cap_gb=8 sample=16 consults=0 wanted=0 hits=0 hit_rate=0.0% misses=0 inserts=0 evictions=0 recycled=0 allocs=0 pin_skips=0 gated=0 ramp=2..50 bar=0 suppressed=0 wide_skips=0 served=0.0MB copied=0.0MB ssd_avoided=0.0GB live=0/0.0GB model=0 protected=0 declined=0 topup_suppressed=0 aged=0 into=0/0/0 pending=0
[mirror-split] internal=0 K3C=0 K3B=0 K3A=0  shares=0%/0%/0%/0%
[phases] mono=393161.751609 chunks=101 sequence=204.834s read_wait=0.171s bind_upload=1.719s attention_resident=10.374s expert_read_prefetch=108.079s expert_demand_read=63.251s expert_plan=5.653s expert_hint=0.001s expert_submit=0.001s expert_kernel=82.732s source_fence=0.000s tail_head_sync=1.482s layer_other=0.228s expert_read_gross=102.425s plan_hint=5.475s plan_sched=0.175s attn_total=10.349s attn_encode=3.845s attn_wait=4.984s attn_drain=1.520s kernel_total=39.852s kernel_host=1.603s kernel_wait=5.535s kernel_drain=32.714s
[attn-split] single: calls=9207 total=6.923s encode=3.078s wait=2.325s drain=1.520s waits=15939 untimed=2218 | wide: calls=186 total=3.426s encode=0.768s wait=2.659s drain=0.000s waits=184 untimed=184 | hint: calls=9292 total=5.467s encode=0.028s wait=5.439s drain=0.000s waits=9190 untimed=9190
[kernel-split] single: calls=9907 total=33.894s encode=1.184s wait=0.434s drain=32.276s waits=10626 untimed=8196 | wide: calls=1112 total=5.958s encode=0.419s wait=5.101s drain=0.438s waits=1112 untimed=0
[kernel-sub] materialize=0.165s moe=6.426s precommit=32.416s rest=0.846s
[metal-cache] calls=16966 zero_copy_wraps=321 copies=0 cache_entries=139 bindless=true
**
[stats] generated=101 elapsed=206.568s speed=0.4889 token/s (2.045 s/token) chunks=102 committed_rows=171 verify_tx=0 drafts=0/0 layer_passes=9486 expert_rows=15732 expert_tiles=10247
[opens] expert file opens=410116 total=6.437s mean=0.016ms requested_bytes=4657420926144 (4657.4 GB)
[arrival] tiles=1145 waves=2016 uncovered_wait=42.842s dispatch=6.784s
[retain] enabled=false cap_gb=8 layers=63..=92 consults=0 wanted=0 hits=0 inserts=0 served=0.0MB
[summer] enabled=false cap_gb=8 sample=16 consults=0 wanted=0 hits=0 hit_rate=0.0% misses=0 inserts=0 evictions=0 recycled=0 allocs=0 pin_skips=0 gated=0 ramp=2..50 bar=0 suppressed=0 wide_skips=0 served=0.0MB copied=0.0MB ssd_avoided=0.0GB live=0/0.0GB model=0 protected=0 declined=0 topup_suppressed=0 aged=0 into=0/0/0 pending=0
[mirror-split] internal=0 K3C=0 K3B=0 K3A=0  shares=0%/0%/0%/0%
[phases] mono=393163.350933 chunks=102 sequence=206.432s read_wait=0.171s bind_upload=1.719s attention_resident=10.448s expert_read_prefetch=109.229s expert_demand_read=63.910s expert_plan=5.714s expert_hint=0.001s expert_submit=0.001s expert_kernel=83.090s source_fence=0.000s tail_head_sync=1.496s layer_other=0.230s expert_read_gross=103.515s plan_hint=5.534s plan_sched=0.176s attn_total=10.422s attn_encode=3.874s attn_wait=5.016s attn_drain=1.533s kernel_total=40.197s kernel_host=1.617s kernel_wait=5.539s kernel_drain=33.040s
[attn-split] single: calls=9300 total=6.996s encode=3.106s wait=2.357s drain=1.533s waits=16100 untimed=2243 | wide: calls=186 total=3.426s encode=0.768s wait=2.659s drain=0.000s waits=184 untimed=184 | hint: calls=9384 total=5.527s encode=0.028s wait=5.499s drain=0.000s waits=9281 untimed=9281
[kernel-split] single: calls=10006 total=34.238s encode=1.198s wait=0.439s drain=32.602s waits=10733 untimed=8284 | wide: calls=1112 total=5.958s encode=0.419s wait=5.101s drain=0.438s waits=1112 untimed=0
[kernel-sub] materialize=0.165s moe=6.434s precommit=32.743s rest=0.854s
[metal-cache] calls=17065 zero_copy_wraps=321 copies=0 cache_entries=139 bindless=true
Step
[stats] generated=102 elapsed=208.169s speed=0.4900 token/s (2.041 s/token) chunks=103 committed_rows=172 verify_tx=0 drafts=0/0 layer_passes=9579 expert_rows=15824 expert_tiles=10339
[opens] expert file opens=414311 total=6.504s mean=0.016ms requested_bytes=4694226386112 (4694.2 GB)
[arrival] tiles=1146 waves=2023 uncovered_wait=42.855s dispatch=6.792s
[retain] enabled=false cap_gb=8 layers=63..=92 consults=0 wanted=0 hits=0 inserts=0 served=0.0MB
[summer] enabled=false cap_gb=8 sample=16 consults=0 wanted=0 hits=0 hit_rate=0.0% misses=0 inserts=0 evictions=0 recycled=0 allocs=0 pin_skips=0 gated=0 ramp=2..50 bar=0 suppressed=0 wide_skips=0 served=0.0MB copied=0.0MB ssd_avoided=0.0GB live=0/0.0GB model=0 protected=0 declined=0 topup_suppressed=0 aged=0 into=0/0/0 pending=0
[mirror-split] internal=0 K3C=0 K3B=0 K3A=0  shares=0%/0%/0%/0%
[phases] mono=393164.952158 chunks=103 sequence=208.033s read_wait=0.171s bind_upload=1.719s attention_resident=10.535s expert_read_prefetch=110.373s expert_demand_read=64.597s expert_plan=5.777s expert_hint=0.001s expert_submit=0.001s expert_kernel=83.444s source_fence=0.000s tail_head_sync=1.509s layer_other=0.232s expert_read_gross=104.596s plan_hint=5.596s plan_sched=0.178s attn_total=10.510s attn_encode=3.921s attn_wait=5.045s attn_drain=1.543s kernel_total=40.538s kernel_host=1.630s kernel_wait=5.544s kernel_drain=33.365s
[attn-split] single: calls=9393 total=7.083s encode=3.153s wait=2.387s drain=1.543s waits=16261 untimed=2273 | wide: calls=186 total=3.426s encode=0.768s wait=2.659s drain=0.000s waits=184 untimed=184 | hint: calls=9476 total=5.589s encode=0.028s wait=5.560s drain=0.000s waits=9372 untimed=9372
[kernel-split] single: calls=10104 total=34.579s encode=1.210s wait=0.443s drain=32.926s waits=10838 untimed=8373 | wide: calls=1112 total=5.958s encode=0.419s wait=5.101s drain=0.438s waits=1112 untimed=0
[kernel-sub] materialize=0.165s moe=6.442s precommit=33.069s rest=0.861s
[metal-cache] calls=17163 zero_copy_wraps=321 copies=0 cache_entries=139 bindless=true
 
[stats] generated=103 elapsed=209.741s speed=0.4911 token/s (2.036 s/token) chunks=104 committed_rows=173 verify_tx=0 drafts=0/0 layer_passes=9672 expert_rows=15916 expert_tiles=10431
[opens] expert file opens=418464 total=6.573s mean=0.016ms requested_bytes=4730663337152 (4730.7 GB)
[arrival] tiles=1147 waves=2031 uncovered_wait=42.867s dispatch=6.801s
[retain] enabled=false cap_gb=8 layers=63..=92 consults=0 wanted=0 hits=0 inserts=0 served=0.0MB
[summer] enabled=false cap_gb=8 sample=16 consults=0 wanted=0 hits=0 hit_rate=0.0% misses=0 inserts=0 evictions=0 recycled=0 allocs=0 pin_skips=0 gated=0 ramp=2..50 bar=0 suppressed=0 wide_skips=0 served=0.0MB copied=0.0MB ssd_avoided=0.0GB live=0/0.0GB model=0 protected=0 declined=0 topup_suppressed=0 aged=0 into=0/0/0 pending=0
[mirror-split] internal=0 K3C=0 K3B=0 K3A=0  shares=0%/0%/0%/0%
[phases] mono=393166.523437 chunks=104 sequence=209.603s read_wait=0.171s bind_upload=1.719s attention_resident=10.606s expert_read_prefetch=111.489s expert_demand_read=65.227s expert_plan=5.835s expert_hint=0.001s expert_submit=0.001s expert_kernel=83.812s source_fence=0.000s tail_head_sync=1.523s layer_other=0.234s expert_read_gross=105.652s plan_hint=5.654s plan_sched=0.179s attn_total=10.581s attn_encode=3.950s attn_wait=5.069s attn_drain=1.562s kernel_total=40.894s kernel_host=1.643s kernel_wait=5.549s kernel_drain=33.702s
[attn-split] single: calls=9486 total=7.154s encode=3.182s wait=2.410s drain=1.562s waits=16422 untimed=2295 | wide: calls=186 total=3.426s encode=0.768s wait=2.659s drain=0.000s waits=184 untimed=184 | hint: calls=9568 total=5.646s encode=0.029s wait=5.617s drain=0.000s waits=9463 untimed=9463
[kernel-split] single: calls=10203 total=34.936s encode=1.223s wait=0.448s drain=33.264s waits=10945 untimed=8457 | wide: calls=1112 total=5.958s encode=0.419s wait=5.101s drain=0.438s waits=1112 untimed=0
[kernel-sub] materialize=0.165s moe=6.450s precommit=33.409s rest=0.869s
[metal-cache] calls=17262 zero_copy_wraps=321 copies=0 cache_entries=139 bindless=true
3
[stats] generated=104 elapsed=211.440s speed=0.4919 token/s (2.033 s/token) chunks=105 committed_rows=174 verify_tx=0 drafts=0/0 layer_passes=9765 expert_rows=16008 expert_tiles=10523
[opens] expert file opens=422826 total=6.670s mean=0.016ms requested_bytes=4768881360064 (4768.9 GB)
[arrival] tiles=1148 waves=2038 uncovered_wait=42.879s dispatch=6.809s
[retain] enabled=false cap_gb=8 layers=63..=92 consults=0 wanted=0 hits=0 inserts=0 served=0.0MB
[summer] enabled=false cap_gb=8 sample=16 consults=0 wanted=0 hits=0 hit_rate=0.0% misses=0 inserts=0 evictions=0 recycled=0 allocs=0 pin_skips=0 gated=0 ramp=2..50 bar=0 suppressed=0 wide_skips=0 served=0.0MB copied=0.0MB ssd_avoided=0.0GB live=0/0.0GB model=0 protected=0 declined=0 topup_suppressed=0 aged=0 into=0/0/0 pending=0
[mirror-split] internal=0 K3C=0 K3B=0 K3A=0  shares=0%/0%/0%/0%
[phases] mono=393168.222568 chunks=105 sequence=211.302s read_wait=0.171s bind_upload=1.719s attention_resident=10.684s expert_read_prefetch=112.707s expert_demand_read=65.925s expert_plan=5.894s expert_hint=0.001s expert_submit=0.001s expert_kernel=84.199s source_fence=0.000s tail_head_sync=1.537s layer_other=0.237s expert_read_gross=106.812s plan_hint=5.711s plan_sched=0.180s attn_total=10.658s attn_encode=3.983s attn_wait=5.099s attn_drain=1.575s kernel_total=41.268s kernel_host=1.657s kernel_wait=5.553s kernel_drain=34.058s
[attn-split] single: calls=9579 total=7.231s encode=3.216s wait=2.440s drain=1.575s waits=16583 untimed=2316 | wide: calls=186 total=3.426s encode=0.768s wait=2.659s drain=0.000s waits=184 untimed=184 | hint: calls=9660 total=5.703s encode=0.029s wait=5.674s drain=0.000s waits=9554 untimed=9554
[kernel-split] single: calls=10301 total=35.310s encode=1.237s wait=0.452s drain=33.620s waits=11050 untimed=8542 | wide: calls=1112 total=5.958s encode=0.419s wait=5.101s drain=0.438s waits=1112 untimed=0
[kernel-sub] materialize=0.165s moe=6.458s precommit=33.768s rest=0.877s
[metal-cache] calls=17360 zero_copy_wraps=321 copies=0 cache_entries=139 bindless=true
:
[stats] generated=105 elapsed=212.960s speed=0.4931 token/s (2.028 s/token) chunks=106 committed_rows=175 verify_tx=0 drafts=0/0 layer_passes=9858 expert_rows=16100 expert_tiles=10615
[opens] expert file opens=426825 total=6.747s mean=0.016ms requested_bytes=4803897031872 (4803.9 GB)
[arrival] tiles=1149 waves=2046 uncovered_wait=42.892s dispatch=6.816s
[retain] enabled=false cap_gb=8 layers=63..=92 consults=0 wanted=0 hits=0 inserts=0 served=0.0MB
[summer] enabled=false cap_gb=8 sample=16 consults=0 wanted=0 hits=0 hit_rate=0.0% misses=0 inserts=0 evictions=0 recycled=0 allocs=0 pin_skips=0 gated=0 ramp=2..50 bar=0 suppressed=0 wide_skips=0 served=0.0MB copied=0.0MB ssd_avoided=0.0GB live=0/0.0GB model=0 protected=0 declined=0 topup_suppressed=0 aged=0 into=0/0/0 pending=0
[mirror-split] internal=0 K3C=0 K3B=0 K3A=0  shares=0%/0%/0%/0%
[phases] mono=393169.742654 chunks=106 sequence=212.821s read_wait=0.171s bind_upload=1.719s attention_resident=10.763s expert_read_prefetch=113.752s expert_demand_read=66.528s expert_plan=5.954s expert_hint=0.001s expert_submit=0.001s expert_kernel=84.577s source_fence=0.000s tail_head_sync=1.550s layer_other=0.238s expert_read_gross=107.798s plan_hint=5.770s plan_sched=0.181s attn_total=10.737s attn_encode=4.023s attn_wait=5.125s attn_drain=1.589s kernel_total=41.632s kernel_host=1.672s kernel_wait=5.557s kernel_drain=34.404s
[attn-split] single: calls=9672 total=7.310s encode=3.255s wait=2.467s drain=1.589s waits=16744 untimed=2343 | wide: calls=186 total=3.426s encode=0.768s wait=2.659s drain=0.000s waits=184 untimed=184 | hint: calls=9752 total=5.762s encode=0.029s wait=5.732s drain=0.000s waits=9645 untimed=9645
[kernel-split] single: calls=10400 total=35.674s encode=1.252s wait=0.456s drain=33.965s waits=11157 untimed=8627 | wide: calls=1112 total=5.958s encode=0.419s wait=5.101s drain=0.438s waits=1112 untimed=0
[kernel-sub] materialize=0.165s moe=6.465s precommit=34.116s rest=0.886s
[metal-cache] calls=17459 zero_copy_wraps=321 copies=0 cache_entries=139 bindless=true
[route-chain] chained=6900
[route-chain] dedup_hits=6900
 Calculate
[stats] generated=106 elapsed=214.540s speed=0.4941 token/s (2.024 s/token) chunks=107 committed_rows=176 verify_tx=0 drafts=0/0 layer_passes=9951 expert_rows=16192 expert_tiles=10707
[opens] expert file opens=430947 total=6.833s mean=0.016ms requested_bytes=4840044461248 (4840.0 GB)
[arrival] tiles=1150 waves=2052 uncovered_wait=42.904s dispatch=6.823s
[retain] enabled=false cap_gb=8 layers=63..=92 consults=0 wanted=0 hits=0 inserts=0 served=0.0MB
[summer] enabled=false cap_gb=8 sample=16 consults=0 wanted=0 hits=0 hit_rate=0.0% misses=0 inserts=0 evictions=0 recycled=0 allocs=0 pin_skips=0 gated=0 ramp=2..50 bar=0 suppressed=0 wide_skips=0 served=0.0MB copied=0.0MB ssd_avoided=0.0GB live=0/0.0GB model=0 protected=0 declined=0 topup_suppressed=0 aged=0 into=0/0/0 pending=0
[mirror-split] internal=0 K3C=0 K3B=0 K3A=0  shares=0%/0%/0%/0%
[phases] mono=393171.322497 chunks=107 sequence=214.400s read_wait=0.171s bind_upload=1.719s attention_resident=10.866s expert_read_prefetch=114.824s expert_demand_read=67.171s expert_plan=6.012s expert_hint=0.001s expert_submit=0.001s expert_kernel=84.962s source_fence=0.000s tail_head_sync=1.567s layer_other=0.241s expert_read_gross=108.811s plan_hint=5.826s plan_sched=0.183s attn_total=10.840s attn_encode=4.091s attn_wait=5.142s attn_drain=1.607s kernel_total=42.005s kernel_host=1.688s kernel_wait=5.561s kernel_drain=34.756s
[attn-split] single: calls=9765 total=7.413s encode=3.323s wait=2.483s drain=1.607s waits=16905 untimed=2362 | wide: calls=186 total=3.426s encode=0.768s wait=2.659s drain=0.000s waits=184 untimed=184 | hint: calls=9844 total=5.818s encode=0.030s wait=5.788s drain=0.000s waits=9736 untimed=9736
[kernel-split] single: calls=10497 total=36.046s encode=1.269s wait=0.460s drain=34.317s waits=11260 untimed=8697 | wide: calls=1112 total=5.958s encode=0.419s wait=5.101s drain=0.438s waits=1112 untimed=0
[kernel-sub] materialize=0.165s moe=6.471s precommit=34.471s rest=0.897s
[metal-cache] calls=17556 zero_copy_wraps=321 copies=0 cache_entries=139 bindless=true
 Net
[stats] generated=107 elapsed=216.042s speed=0.4953 token/s (2.019 s/token) chunks=108 committed_rows=177 verify_tx=0 drafts=0/0 layer_passes=10044 expert_rows=16284 expert_tiles=10799
[opens] expert file opens=434933 total=6.914s mean=0.016ms requested_bytes=4875024956608 (4875.0 GB)
[arrival] tiles=1151 waves=2060 uncovered_wait=42.915s dispatch=6.829s
[retain] enabled=false cap_gb=8 layers=63..=92 consults=0 wanted=0 hits=0 inserts=0 served=0.0MB
[summer] enabled=false cap_gb=8 sample=16 consults=0 wanted=0 hits=0 hit_rate=0.0% misses=0 inserts=0 evictions=0 recycled=0 allocs=0 pin_skips=0 gated=0 ramp=2..50 bar=0 suppressed=0 wide_skips=0 served=0.0MB copied=0.0MB ssd_avoided=0.0GB live=0/0.0GB model=0 protected=0 declined=0 topup_suppressed=0 aged=0 into=0/0/0 pending=0
[mirror-split] internal=0 K3C=0 K3B=0 K3A=0  shares=0%/0%/0%/0%
[phases] mono=393172.824787 chunks=108 sequence=215.901s read_wait=0.171s bind_upload=1.719s attention_resident=10.942s expert_read_prefetch=115.830s expert_demand_read=67.755s expert_plan=6.073s expert_hint=0.001s expert_submit=0.001s expert_kernel=85.361s source_fence=0.000s tail_head_sync=1.585s layer_other=0.243s expert_read_gross=109.757s plan_hint=5.886s plan_sched=0.184s attn_total=10.915s attn_encode=4.124s attn_wait=5.164s attn_drain=1.626s kernel_total=42.393s kernel_host=1.702s kernel_wait=5.564s kernel_drain=35.127s
[attn-split] single: calls=9858 total=7.488s encode=3.357s wait=2.506s drain=1.626s waits=17066 untimed=2379 | wide: calls=186 total=3.426s encode=0.768s wait=2.659s drain=0.000s waits=184 untimed=184 | hint: calls=9936 total=5.878s encode=0.030s wait=5.848s drain=0.000s waits=9827 untimed=9827
[kernel-split] single: calls=10596 total=36.435s encode=1.283s wait=0.464s drain=34.688s waits=11367 untimed=8774 | wide: calls=1112 total=5.958s encode=0.419s wait=5.101s drain=0.438s waits=1112 untimed=0
[kernel-sub] materialize=0.165s moe=6.478s precommit=34.845s rest=0.905s
[metal-cache] calls=17655 zero_copy_wraps=321 copies=0 cache_entries=139 bindless=true
 Profit
[stats] generated=108 elapsed=217.521s speed=0.4965 token/s (2.014 s/token) chunks=109 committed_rows=178 verify_tx=0 drafts=0/0 layer_passes=10137 expert_rows=16376 expert_tiles=10891
[opens] expert file opens=438928 total=6.988s mean=0.016ms requested_bytes=4910040612032 (4910.0 GB)
[arrival] tiles=1152 waves=2068 uncovered_wait=42.924s dispatch=6.836s
[retain] enabled=false cap_gb=8 layers=63..=92 consults=0 wanted=0 hits=0 inserts=0 served=0.0MB
[summer] enabled=false cap_gb=8 sample=16 consults=0 wanted=0 hits=0 hit_rate=0.0% misses=0 inserts=0 evictions=0 recycled=0 allocs=0 pin_skips=0 gated=0 ramp=2..50 bar=0 suppressed=0 wide_skips=0 served=0.0MB copied=0.0MB ssd_avoided=0.0GB live=0/0.0GB model=0 protected=0 declined=0 topup_suppressed=0 aged=0 into=0/0/0 pending=0
[mirror-split] internal=0 K3C=0 K3B=0 K3A=0  shares=0%/0%/0%/0%
[phases] mono=393174.303655 chunks=109 sequence=217.379s read_wait=0.171s bind_upload=1.719s attention_resident=11.014s expert_read_prefetch=116.853s expert_demand_read=68.348s expert_plan=6.137s expert_hint=0.001s expert_submit=0.001s expert_kernel=85.728s source_fence=0.000s tail_head_sync=1.599s layer_other=0.245s expert_read_gross=110.716s plan_hint=5.948s plan_sched=0.185s attn_total=10.987s attn_encode=4.160s attn_wait=5.183s attn_drain=1.644s kernel_total=42.750s kernel_host=1.717s kernel_wait=5.568s kernel_drain=35.465s
[attn-split] single: calls=9951 total=7.560s encode=3.392s wait=2.524s drain=1.644s waits=17227 untimed=2397 | wide: calls=186 total=3.426s encode=0.768s wait=2.659s drain=0.000s waits=184 untimed=184 | hint: calls=10028 total=5.940s encode=0.031s wait=5.910s drain=0.000s waits=9918 untimed=9918
[kernel-split] single: calls=10695 total=36.792s encode=1.297s wait=0.468s drain=35.027s waits=11474 untimed=8857 | wide: calls=1112 total=5.958s encode=0.419s wait=5.101s drain=0.438s waits=1112 untimed=0
[kernel-sub] materialize=0.165s moe=6.484s precommit=35.187s rest=0.914s
[metal-cache] calls=17754 zero_copy_wraps=321 copies=0 cache_entries=139 bindless=true
**

[stats] generated=109 elapsed=219.003s speed=0.4977 token/s (2.009 s/token) chunks=110 committed_rows=179 verify_tx=0 drafts=0/0 layer_passes=10230 expert_rows=16468 expert_tiles=10983
[opens] expert file opens=442851 total=7.053s mean=0.016ms requested_bytes=4944389471424 (4944.4 GB)
[arrival] tiles=1153 waves=2075 uncovered_wait=42.938s dispatch=6.843s
[retain] enabled=false cap_gb=8 layers=63..=92 consults=0 wanted=0 hits=0 inserts=0 served=0.0MB
[summer] enabled=false cap_gb=8 sample=16 consults=0 wanted=0 hits=0 hit_rate=0.0% misses=0 inserts=0 evictions=0 recycled=0 allocs=0 pin_skips=0 gated=0 ramp=2..50 bar=0 suppressed=0 wide_skips=0 served=0.0MB copied=0.0MB ssd_avoided=0.0GB live=0/0.0GB model=0 protected=0 declined=0 topup_suppressed=0 aged=0 into=0/0/0 pending=0
[mirror-split] internal=0 K3C=0 K3B=0 K3A=0  shares=0%/0%/0%/0%
[phases] mono=393175.786194 chunks=110 sequence=218.861s read_wait=0.171s bind_upload=1.719s attention_resident=11.084s expert_read_prefetch=117.891s expert_demand_read=68.991s expert_plan=6.190s expert_hint=0.001s expert_submit=0.001s expert_kernel=86.087s source_fence=0.000s tail_head_sync=1.613s layer_other=0.247s expert_read_gross=111.700s plan_hint=6.000s plan_sched=0.186s attn_total=11.056s attn_encode=4.191s attn_wait=5.200s attn_drain=1.665s kernel_total=43.094s kernel_host=1.729s kernel_wait=5.573s kernel_drain=35.793s
[attn-split] single: calls=10044 total=7.630s encode=3.423s wait=2.542s drain=1.665s waits=17388 untimed=2414 | wide: calls=186 total=3.426s encode=0.768s wait=2.659s drain=0.000s waits=184 untimed=184 | hint: calls=10120 total=5.992s encode=0.031s wait=5.961s drain=0.000s waits=10009 untimed=10009
[kernel-split] single: calls=10793 total=37.136s encode=1.310s wait=0.472s drain=35.355s waits=11579 untimed=8938 | wide: calls=1112 total=5.958s encode=0.419s wait=5.101s drain=0.438s waits=1112 untimed=0
[kernel-sub] materialize=0.165s moe=6.492s precommit=35.517s rest=0.921s
[metal-cache] calls=17852 zero_copy_wraps=321 copies=0 cache_entries=139 bindless=true
First
[stats] generated=110 elapsed=220.558s speed=0.4987 token/s (2.005 s/token) chunks=111 committed_rows=180 verify_tx=0 drafts=0/0 layer_passes=10323 expert_rows=16560 expert_tiles=11075
[opens] expert file opens=446873 total=7.124s mean=0.016ms requested_bytes=4979677052096 (4979.7 GB)
[arrival] tiles=1154 waves=2083 uncovered_wait=42.947s dispatch=6.850s
[retain] enabled=false cap_gb=8 layers=63..=92 consults=0 wanted=0 hits=0 inserts=0 served=0.0MB
[summer] enabled=false cap_gb=8 sample=16 consults=0 wanted=0 hits=0 hit_rate=0.0% misses=0 inserts=0 evictions=0 recycled=0 allocs=0 pin_skips=0 gated=0 ramp=2..50 bar=0 suppressed=0 wide_skips=0 served=0.0MB copied=0.0MB ssd_avoided=0.0GB live=0/0.0GB model=0 protected=0 declined=0 topup_suppressed=0 aged=0 into=0/0/0 pending=0
[mirror-split] internal=0 K3C=0 K3B=0 K3A=0  shares=0%/0%/0%/0%
[phases] mono=393177.340924 chunks=111 sequence=220.415s read_wait=0.171s bind_upload=1.719s attention_resident=11.167s expert_read_prefetch=118.968s expert_demand_read=69.615s expert_plan=6.244s expert_hint=0.001s expert_submit=0.001s expert_kernel=86.463s source_fence=0.000s tail_head_sync=1.629s layer_other=0.249s expert_read_gross=112.723s plan_hint=6.054s plan_sched=0.187s attn_total=11.139s attn_encode=4.233s attn_wait=5.224s attn_drain=1.682s kernel_total=43.461s kernel_host=1.740s kernel_wait=5.576s kernel_drain=36.144s
[attn-split] single: calls=10137 total=7.712s encode=3.465s wait=2.566s drain=1.682s waits=17549 untimed=2432 | wide: calls=186 total=3.426s encode=0.768s wait=2.659s drain=0.000s waits=184 untimed=184 | hint: calls=10212 total=6.045s encode=0.031s wait=6.014s drain=0.000s waits=10100 untimed=10100
[kernel-split] single: calls=10892 total=37.503s encode=1.321s wait=0.476s drain=35.706s waits=11686 untimed=9019 | wide: calls=1112 total=5.958s encode=0.419s wait=5.101s drain=0.438s waits=1112 untimed=0
[kernel-sub] materialize=0.165s moe=6.498s precommit=35.870s rest=0.928s
[metal-cache] calls=17951 zero_copy_wraps=321 copies=0 cache_entries=139 bindless=true
,
[stats] generated=111 elapsed=222.048s speed=0.4999 token/s (2.000 s/token) chunks=112 committed_rows=181 verify_tx=0 drafts=0/0 layer_passes=10416 expert_rows=16652 expert_tiles=11167
[opens] expert file opens=450778 total=7.218s mean=0.016ms requested_bytes=5013911829696 (5013.9 GB)
[arrival] tiles=1155 waves=2089 uncovered_wait=42.957s dispatch=6.857s
[retain] enabled=false cap_gb=8 layers=63..=92 consults=0 wanted=0 hits=0 inserts=0 served=0.0MB
[summer] enabled=false cap_gb=8 sample=16 consults=0 wanted=0 hits=0 hit_rate=0.0% misses=0 inserts=0 evictions=0 recycled=0 allocs=0 pin_skips=0 gated=0 ramp=2..50 bar=0 suppressed=0 wide_skips=0 served=0.0MB copied=0.0MB ssd_avoided=0.0GB live=0/0.0GB model=0 protected=0 declined=0 topup_suppressed=0 aged=0 into=0/0/0 pending=0
[mirror-split] internal=0 K3C=0 K3B=0 K3A=0  shares=0%/0%/0%/0%
[phases] mono=393178.830752 chunks=112 sequence=221.904s read_wait=0.171s bind_upload=1.719s attention_resident=11.246s expert_read_prefetch=120.001s expert_demand_read=70.191s expert_plan=6.300s expert_hint=0.001s expert_submit=0.001s expert_kernel=86.824s source_fence=0.000s tail_head_sync=1.642s layer_other=0.250s expert_read_gross=113.700s plan_hint=6.108s plan_sched=0.188s attn_total=11.218s attn_encode=4.259s attn_wait=5.261s attn_drain=1.698s kernel_total=43.812s kernel_host=1.752s kernel_wait=5.581s kernel_drain=36.479s
[attn-split] single: calls=10230 total=7.792s encode=3.492s wait=2.603s drain=1.698s waits=17710 untimed=2456 | wide: calls=186 total=3.426s encode=0.768s wait=2.659s drain=0.000s waits=184 untimed=184 | hint: calls=10304 total=6.099s encode=0.032s wait=6.068s drain=0.000s waits=10191 untimed=10191
[kernel-split] single: calls=10989 total=37.854s encode=1.333s wait=0.480s drain=36.041s waits=11789 untimed=9097 | wide: calls=1112 total=5.958s encode=0.419s wait=5.101s drain=0.438s waits=1112 untimed=0
[kernel-sub] materialize=0.165s moe=6.505s precommit=36.207s rest=0.934s
[metal-cache] calls=18048 zero_copy_wraps=321 copies=0 cache_entries=139 bindless=true
 calculate
[stats] generated=112 elapsed=223.491s speed=0.5011 token/s (1.995 s/token) chunks=113 committed_rows=182 verify_tx=0 drafts=0/0 layer_passes=10509 expert_rows=16744 expert_tiles=11259
[opens] expert file opens=454712 total=7.293s mean=0.016ms requested_bytes=5048392268992 (5048.4 GB)
[arrival] tiles=1156 waves=2097 uncovered_wait=42.967s dispatch=6.864s
[retain] enabled=false cap_gb=8 layers=63..=92 consults=0 wanted=0 hits=0 inserts=0 served=0.0MB
[summer] enabled=false cap_gb=8 sample=16 consults=0 wanted=0 hits=0 hit_rate=0.0% misses=0 inserts=0 evictions=0 recycled=0 allocs=0 pin_skips=0 gated=0 ramp=2..50 bar=0 suppressed=0 wide_skips=0 served=0.0MB copied=0.0MB ssd_avoided=0.0GB live=0/0.0GB model=0 protected=0 declined=0 topup_suppressed=0 aged=0 into=0/0/0 pending=0
[mirror-split] internal=0 K3C=0 K3B=0 K3A=0  shares=0%/0%/0%/0%
[phases] mono=393180.273321 chunks=113 sequence=223.346s read_wait=0.171s bind_upload=1.719s attention_resident=11.315s expert_read_prefetch=121.022s expert_demand_read=70.815s expert_plan=6.348s expert_hint=0.001s expert_submit=0.001s expert_kernel=87.161s source_fence=0.000s tail_head_sync=1.656s layer_other=0.251s expert_read_gross=114.673s plan_hint=6.155s plan_sched=0.190s attn_total=11.286s attn_encode=4.285s attn_wait=5.294s attn_drain=1.708s kernel_total=44.139s kernel_host=1.763s kernel_wait=5.584s kernel_drain=36.792s
[attn-split] single: calls=10323 total=7.860s encode=3.517s wait=2.635s drain=1.708s waits=17871 untimed=2487 | wide: calls=186 total=3.426s encode=0.768s wait=2.659s drain=0.000s waits=184 untimed=184 | hint: calls=10396 total=6.146s encode=0.032s wait=6.115s drain=0.000s waits=10282 untimed=10282
[kernel-split] single: calls=11088 total=38.180s encode=1.344s wait=0.483s drain=36.353s waits=11896 untimed=9186 | wide: calls=1112 total=5.958s encode=0.419s wait=5.101s drain=0.438s waits=1112 untimed=0
[kernel-sub] materialize=0.165s moe=6.511s precommit=36.522s rest=0.940s
[metal-cache] calls=18147 zero_copy_wraps=321 copies=0 cache_entries=139 bindless=true
 the
[stats] generated=113 elapsed=224.988s speed=0.5022 token/s (1.991 s/token) chunks=114 committed_rows=183 verify_tx=0 drafts=0/0 layer_passes=10602 expert_rows=16836 expert_tiles=11351
[opens] expert file opens=458608 total=7.370s mean=0.016ms requested_bytes=5082574372032 (5082.6 GB)
[arrival] tiles=1157 waves=2105 uncovered_wait=42.985s dispatch=6.871s
[retain] enabled=false cap_gb=8 layers=63..=92 consults=0 wanted=0 hits=0 inserts=0 served=0.0MB
[summer] enabled=false cap_gb=8 sample=16 consults=0 wanted=0 hits=0 hit_rate=0.0% misses=0 inserts=0 evictions=0 recycled=0 allocs=0 pin_skips=0 gated=0 ramp=2..50 bar=0 suppressed=0 wide_skips=0 served=0.0MB copied=0.0MB ssd_avoided=0.0GB live=0/0.0GB model=0 protected=0 declined=0 topup_suppressed=0 aged=0 into=0/0/0 pending=0
[mirror-split] internal=0 K3C=0 K3B=0 K3A=0  shares=0%/0%/0%/0%
[phases] mono=393181.771325 chunks=114 sequence=224.843s read_wait=0.171s bind_upload=1.719s attention_resident=11.393s expert_read_prefetch=122.064s expert_demand_read=71.474s expert_plan=6.400s expert_hint=0.001s expert_submit=0.001s expert_kernel=87.521s source_fence=0.000s tail_head_sync=1.671s layer_other=0.253s expert_read_gross=115.663s plan_hint=6.206s plan_sched=0.191s attn_total=11.365s attn_encode=4.316s attn_wait=5.324s attn_drain=1.724s kernel_total=44.480s kernel_host=1.774s kernel_wait=5.588s kernel_drain=37.118s
[attn-split] single: calls=10416 total=7.938s encode=3.549s wait=2.666s drain=1.724s waits=18032 untimed=2514 | wide: calls=186 total=3.426s encode=0.768s wait=2.659s drain=0.000s waits=184 untimed=184 | hint: calls=10488 total=6.197s encode=0.032s wait=6.165s drain=0.000s waits=10373 untimed=10373
[kernel-split] single: calls=11187 total=38.521s encode=1.355s wait=0.487s drain=36.679s waits=12003 untimed=9265 | wide: calls=1112 total=5.958s encode=0.419s wait=5.101s drain=0.438s waits=1112 untimed=0
[kernel-sub] materialize=0.165s moe=6.519s precommit=36.850s rest=0.946s
[metal-cache] calls=18246 zero_copy_wraps=321 copies=0 cache_entries=139 bindless=true
 tax
[stats] generated=114 elapsed=226.432s speed=0.5035 token/s (1.986 s/token) chunks=115 committed_rows=184 verify_tx=0 drafts=0/0 layer_passes=10695 expert_rows=16928 expert_tiles=11443
[opens] expert file opens=462555 total=7.452s mean=0.016ms requested_bytes=5117186407616 (5117.2 GB)
[arrival] tiles=1158 waves=2113 uncovered_wait=42.994s dispatch=6.878s
[retain] enabled=false cap_gb=8 layers=63..=92 consults=0 wanted=0 hits=0 inserts=0 served=0.0MB
[summer] enabled=false cap_gb=8 sample=16 consults=0 wanted=0 hits=0 hit_rate=0.0% misses=0 inserts=0 evictions=0 recycled=0 allocs=0 pin_skips=0 gated=0 ramp=2..50 bar=0 suppressed=0 wide_skips=0 served=0.0MB copied=0.0MB ssd_avoided=0.0GB live=0/0.0GB model=0 protected=0 declined=0 topup_suppressed=0 aged=0 into=0/0/0 pending=0
[mirror-split] internal=0 K3C=0 K3B=0 K3A=0  shares=0%/0%/0%/0%
[phases] mono=393183.215152 chunks=115 sequence=226.286s read_wait=0.171s bind_upload=1.719s attention_resident=11.480s expert_read_prefetch=123.030s expert_demand_read=72.011s expert_plan=6.458s expert_hint=0.001s expert_submit=0.001s expert_kernel=87.896s source_fence=0.000s tail_head_sync=1.684s layer_other=0.254s expert_read_gross=116.571s plan_hint=6.263s plan_sched=0.192s attn_total=11.451s attn_encode=4.358s attn_wait=5.353s attn_drain=1.741s kernel_total=44.845s kernel_host=1.784s kernel_wait=5.592s kernel_drain=37.469s
[attn-split] single: calls=10509 total=8.024s encode=3.590s wait=2.694s drain=1.741s waits=18193 untimed=2536 | wide: calls=186 total=3.426s encode=0.768s wait=2.659s drain=0.000s waits=184 untimed=184 | hint: calls=10580 total=6.255s encode=0.032s wait=6.222s drain=0.000s waits=10464 untimed=10464
[kernel-split] single: calls=11286 total=38.887s encode=1.365s wait=0.491s drain=37.031s waits=12110 untimed=9347 | wide: calls=1112 total=5.958s encode=0.419s wait=5.101s drain=0.438s waits=1112 untimed=0
[kernel-sub] materialize=0.165s moe=6.526s precommit=37.203s rest=0.952s
[metal-cache] calls=18345 zero_copy_wraps=321 copies=0 cache_entries=139 bindless=true
 expense
[stats] generated=115 elapsed=227.873s speed=0.5047 token/s (1.982 s/token) chunks=116 committed_rows=185 verify_tx=0 drafts=0/0 layer_passes=10788 expert_rows=17020 expert_tiles=11535
[opens] expert file opens=466462 total=7.526s mean=0.016ms requested_bytes=5151447514304 (5151.4 GB)
[arrival] tiles=1159 waves=2120 uncovered_wait=43.009s dispatch=6.886s
[retain] enabled=false cap_gb=8 layers=63..=92 consults=0 wanted=0 hits=0 inserts=0 served=0.0MB
[summer] enabled=false cap_gb=8 sample=16 consults=0 wanted=0 hits=0 hit_rate=0.0% misses=0 inserts=0 evictions=0 recycled=0 allocs=0 pin_skips=0 gated=0 ramp=2..50 bar=0 suppressed=0 wide_skips=0 served=0.0MB copied=0.0MB ssd_avoided=0.0GB live=0/0.0GB model=0 protected=0 declined=0 topup_suppressed=0 aged=0 into=0/0/0 pending=0
[mirror-split] internal=0 K3C=0 K3B=0 K3A=0  shares=0%/0%/0%/0%
[phases] mono=393184.655777 chunks=116 sequence=227.725s read_wait=0.171s bind_upload=1.719s attention_resident=11.545s expert_read_prefetch=124.050s expert_demand_read=72.612s expert_plan=6.514s expert_hint=0.001s expert_submit=0.001s expert_kernel=88.237s source_fence=0.000s tail_head_sync=1.696s layer_other=0.256s expert_read_gross=117.535s plan_hint=6.318s plan_sched=0.193s attn_total=11.516s attn_encode=4.382s attn_wait=5.374s attn_drain=1.759s kernel_total=45.171s kernel_host=1.793s kernel_wait=5.596s kernel_drain=37.783s
[attn-split] single: calls=10602 total=8.089s encode=3.615s wait=2.716s drain=1.759s waits=18354 untimed=2571 | wide: calls=186 total=3.426s encode=0.768s wait=2.659s drain=0.000s waits=184 untimed=184 | hint: calls=10672 total=6.309s encode=0.032s wait=6.277s drain=0.000s waits=10555 untimed=10555
[kernel-split] single: calls=11384 total=39.213s encode=1.374s wait=0.495s drain=37.344s waits=12215 untimed=9430 | wide: calls=1112 total=5.958s encode=0.419s wait=5.101s drain=0.438s waits=1112 untimed=0
[kernel-sub] materialize=0.165s moe=6.533s precommit=37.517s rest=0.956s
[metal-cache] calls=18443 zero_copy_wraps=321 copies=0 cache_entries=139 bindless=true
[route-chain] chained=7590
[route-chain] dedup_hits=7590
:
[stats] generated=116 elapsed=229.373s speed=0.5057 token/s (1.977 s/token) chunks=117 committed_rows=186 verify_tx=0 drafts=0/0 layer_passes=10881 expert_rows=17112 expert_tiles=11627
[opens] expert file opens=470398 total=7.614s mean=0.016ms requested_bytes=5185954249920 (5186.0 GB)
[arrival] tiles=1160 waves=2128 uncovered_wait=43.020s dispatch=6.893s
[retain] enabled=false cap_gb=8 layers=63..=92 consults=0 wanted=0 hits=0 inserts=0 served=0.0MB
[summer] enabled=false cap_gb=8 sample=16 consults=0 wanted=0 hits=0 hit_rate=0.0% misses=0 inserts=0 evictions=0 recycled=0 allocs=0 pin_skips=0 gated=0 ramp=2..50 bar=0 suppressed=0 wide_skips=0 served=0.0MB copied=0.0MB ssd_avoided=0.0GB live=0/0.0GB model=0 protected=0 declined=0 topup_suppressed=0 aged=0 into=0/0/0 pending=0
[mirror-split] internal=0 K3C=0 K3B=0 K3A=0  shares=0%/0%/0%/0%
[phases] mono=393186.155907 chunks=117 sequence=229.224s read_wait=0.171s bind_upload=1.719s attention_resident=11.614s expert_read_prefetch=125.109s expert_demand_read=73.240s expert_plan=6.563s expert_hint=0.001s expert_submit=0.001s expert_kernel=88.590s source_fence=0.000s tail_head_sync=1.713s layer_other=0.257s expert_read_gross=118.545s plan_hint=6.366s plan_sched=0.194s attn_total=11.585s attn_encode=4.411s attn_wait=5.400s attn_drain=1.774s kernel_total=45.513s kernel_host=1.802s kernel_wait=5.600s kernel_drain=38.111s
[attn-split] single: calls=10695 total=8.158s encode=3.643s wait=2.742s drain=1.774s waits=18515 untimed=2609 | wide: calls=186 total=3.426s encode=0.768s wait=2.659s drain=0.000s waits=184 untimed=184 | hint: calls=10764 total=6.357s encode=0.033s wait=6.325s drain=0.000s waits=10646 untimed=10646
[kernel-split] single: calls=11483 total=39.555s encode=1.383s wait=0.499s drain=37.673s waits=12322 untimed=9512 | wide: calls=1112 total=5.958s encode=0.419s wait=5.101s drain=0.438s waits=1112 untimed=0
[kernel-sub] materialize=0.165s moe=6.540s precommit=37.847s rest=0.961s
[metal-cache] calls=18542 zero_copy_wraps=321 copies=0 cache_entries=139 bindless=true
  

[stats] generated=117 elapsed=230.858s speed=0.5068 token/s (1.973 s/token) chunks=118 committed_rows=187 verify_tx=0 drafts=0/0 layer_passes=10974 expert_rows=17204 expert_tiles=11719
[opens] expert file opens=474337 total=7.700s mean=0.016ms requested_bytes=5220504878272 (5220.5 GB)
[arrival] tiles=1161 waves=2132 uncovered_wait=43.031s dispatch=6.898s
[retain] enabled=false cap_gb=8 layers=63..=92 consults=0 wanted=0 hits=0 inserts=0 served=0.0MB
[summer] enabled=false cap_gb=8 sample=16 consults=0 wanted=0 hits=0 hit_rate=0.0% misses=0 inserts=0 evictions=0 recycled=0 allocs=0 pin_skips=0 gated=0 ramp=2..50 bar=0 suppressed=0 wide_skips=0 served=0.0MB copied=0.0MB ssd_avoided=0.0GB live=0/0.0GB model=0 protected=0 declined=0 topup_suppressed=0 aged=0 into=0/0/0 pending=0
[mirror-split] internal=0 K3C=0 K3B=0 K3A=0  shares=0%/0%/0%/0%
[phases] mono=393187.641193 chunks=118 sequence=230.708s read_wait=0.171s bind_upload=1.719s attention_resident=11.684s expert_read_prefetch=126.148s expert_demand_read=73.811s expert_plan=6.628s expert_hint=0.001s expert_submit=0.001s expert_kernel=88.950s source_fence=0.000s tail_head_sync=1.727s layer_other=0.259s expert_read_gross=119.519s plan_hint=6.430s plan_sched=0.195s attn_total=11.654s attn_encode=4.440s attn_wait=5.424s attn_drain=1.790s kernel_total=45.862s kernel_host=1.812s kernel_wait=5.603s kernel_drain=38.447s
[attn-split] single: calls=10788 total=8.228s encode=3.672s wait=2.765s drain=1.790s waits=18676 untimed=2639 | wide: calls=186 total=3.426s encode=0.768s wait=2.659s drain=0.000s waits=184 untimed=184 | hint: calls=10856 total=6.421s encode=0.033s wait=6.388s drain=0.000s waits=10737 untimed=10737
[kernel-split] single: calls=11578 total=39.904s encode=1.393s wait=0.502s drain=38.009s waits=12421 untimed=9590 | wide: calls=1112 total=5.958s encode=0.419s wait=5.101s drain=0.438s waits=1112 untimed=0
[kernel-sub] materialize=0.165s moe=6.545s precommit=38.185s rest=0.967s
[metal-cache] calls=18637 zero_copy_wraps=321 copies=0 cache_entries=139 bindless=true
Tax
[stats] generated=118 elapsed=232.329s speed=0.5079 token/s (1.969 s/token) chunks=119 committed_rows=188 verify_tx=0 drafts=0/0 layer_passes=11067 expert_rows=17296 expert_tiles=11811
[opens] expert file opens=478294 total=7.780s mean=0.016ms requested_bytes=5255239711936 (5255.2 GB)
[arrival] tiles=1162 waves=2140 uncovered_wait=43.042s dispatch=6.905s
[retain] enabled=false cap_gb=8 layers=63..=92 consults=0 wanted=0 hits=0 inserts=0 served=0.0MB
[summer] enabled=false cap_gb=8 sample=16 consults=0 wanted=0 hits=0 hit_rate=0.0% misses=0 inserts=0 evictions=0 recycled=0 allocs=0 pin_skips=0 gated=0 ramp=2..50 bar=0 suppressed=0 wide_skips=0 served=0.0MB copied=0.0MB ssd_avoided=0.0GB live=0/0.0GB model=0 protected=0 declined=0 topup_suppressed=0 aged=0 into=0/0/0 pending=0
[mirror-split] internal=0 K3C=0 K3B=0 K3A=0  shares=0%/0%/0%/0%
[phases] mono=393189.112116 chunks=119 sequence=232.178s read_wait=0.171s bind_upload=1.719s attention_resident=11.759s expert_read_prefetch=127.184s expert_demand_read=74.461s expert_plan=6.683s expert_hint=0.001s expert_submit=0.001s expert_kernel=89.292s source_fence=0.001s tail_head_sync=1.741s layer_other=0.261s expert_read_gross=120.500s plan_hint=6.484s plan_sched=0.196s attn_total=11.730s attn_encode=4.472s attn_wait=5.452s attn_drain=1.805s kernel_total=46.193s kernel_host=1.822s kernel_wait=5.606s kernel_drain=38.765s
[attn-split] single: calls=10881 total=8.303s encode=3.705s wait=2.793s drain=1.805s waits=18837 untimed=2669 | wide: calls=186 total=3.426s encode=0.768s wait=2.659s drain=0.000s waits=184 untimed=184 | hint: calls=10948 total=6.475s encode=0.033s wait=6.442s drain=0.000s waits=10828 untimed=10828
[kernel-split] single: calls=11677 total=40.235s encode=1.403s wait=0.505s drain=38.327s waits=12528 untimed=9683 | wide: calls=1112 total=5.958s encode=0.419s wait=5.101s drain=0.438s waits=1112 untimed=0
[kernel-sub] materialize=0.165s moe=6.552s precommit=38.504s rest=0.972s
[metal-cache] calls=18736 zero_copy_wraps=321 copies=0 cache_entries=139 bindless=true
 =
[stats] generated=119 elapsed=233.821s speed=0.5089 token/s (1.965 s/token) chunks=120 committed_rows=189 verify_tx=0 drafts=0/0 layer_passes=11160 expert_rows=17388 expert_tiles=11903
[opens] expert file opens=482224 total=7.851s mean=0.016ms requested_bytes=5289676274880 (5289.7 GB)
[arrival] tiles=1163 waves=2148 uncovered_wait=43.059s dispatch=6.912s
[retain] enabled=false cap_gb=8 layers=63..=92 consults=0 wanted=0 hits=0 inserts=0 served=0.0MB
[summer] enabled=false cap_gb=8 sample=16 consults=0 wanted=0 hits=0 hit_rate=0.0% misses=0 inserts=0 evictions=0 recycled=0 allocs=0 pin_skips=0 gated=0 ramp=2..50 bar=0 suppressed=0 wide_skips=0 served=0.0MB copied=0.0MB ssd_avoided=0.0GB live=0/0.0GB model=0 protected=0 declined=0 topup_suppressed=0 aged=0 into=0/0/0 pending=0
[mirror-split] internal=0 K3C=0 K3B=0 K3A=0  shares=0%/0%/0%/0%
[phases] mono=393190.603548 chunks=120 sequence=233.669s read_wait=0.171s bind_upload=1.719s attention_resident=11.826s expert_read_prefetch=128.242s expert_demand_read=75.101s expert_plan=6.741s expert_hint=0.001s expert_submit=0.001s expert_kernel=89.643s source_fence=0.001s tail_head_sync=1.754s layer_other=0.262s expert_read_gross=121.500s plan_hint=6.541s plan_sched=0.197s attn_total=11.796s attn_encode=4.500s attn_wait=5.468s attn_drain=1.827s kernel_total=46.526s kernel_host=1.831s kernel_wait=5.610s kernel_drain=39.085s
[attn-split] single: calls=10974 total=8.369s encode=3.732s wait=2.809s drain=1.827s waits=18998 untimed=2693 | wide: calls=186 total=3.426s encode=0.768s wait=2.659s drain=0.000s waits=184 untimed=184 | hint: calls=11040 total=6.532s encode=0.033s wait=6.499s drain=0.000s waits=10919 untimed=10919
[kernel-split] single: calls=11776 total=40.568s encode=1.412s wait=0.509s drain=38.647s waits=12635 untimed=9776 | wide: calls=1112 total=5.958s encode=0.419s wait=5.101s drain=0.438s waits=1112 untimed=0
[kernel-sub] materialize=0.165s moe=6.559s precommit=38.825s rest=0.977s
[metal-cache] calls=18835 zero_copy_wraps=321 copies=0 cache_entries=139 bindless=true
 Operating
[stats] generated=120 elapsed=235.290s speed=0.5100 token/s (1.961 s/token) chunks=121 committed_rows=190 verify_tx=0 drafts=0/0 layer_passes=11253 expert_rows=17480 expert_tiles=11995
[opens] expert file opens=486148 total=7.918s mean=0.016ms requested_bytes=5324095290560 (5324.1 GB)
[arrival] tiles=1164 waves=2156 uncovered_wait=43.069s dispatch=6.921s
[retain] enabled=false cap_gb=8 layers=63..=92 consults=0 wanted=0 hits=0 inserts=0 served=0.0MB
[summer] enabled=false cap_gb=8 sample=16 consults=0 wanted=0 hits=0 hit_rate=0.0% misses=0 inserts=0 evictions=0 recycled=0 allocs=0 pin_skips=0 gated=0 ramp=2..50 bar=0 suppressed=0 wide_skips=0 served=0.0MB copied=0.0MB ssd_avoided=0.0GB live=0/0.0GB model=0 protected=0 declined=0 topup_suppressed=0 aged=0 into=0/0/0 pending=0
[mirror-split] internal=0 K3C=0 K3B=0 K3A=0  shares=0%/0%/0%/0%
[phases] mono=393192.072521 chunks=121 sequence=235.137s read_wait=0.171s bind_upload=1.719s attention_resident=11.890s expert_read_prefetch=129.306s expert_demand_read=75.684s expert_plan=6.804s expert_hint=0.001s expert_submit=0.001s expert_kernel=89.969s source_fence=0.001s tail_head_sync=1.768s layer_other=0.263s expert_read_gross=122.501s plan_hint=6.603s plan_sched=0.198s attn_total=11.860s attn_encode=4.525s attn_wait=5.492s attn_drain=1.842s kernel_total=46.842s kernel_host=1.841s kernel_wait=5.615s kernel_drain=39.387s
[attn-split] single: calls=11067 total=8.433s encode=3.757s wait=2.834s drain=1.842s waits=19159 untimed=2729 | wide: calls=186 total=3.426s encode=0.768s wait=2.659s drain=0.000s waits=184 untimed=184 | hint: calls=11132 total=6.594s encode=0.034s wait=6.560s drain=0.000s waits=11010 untimed=11010
[kernel-split] single: calls=11875 total=40.884s encode=1.422s wait=0.514s drain=38.948s waits=12742 untimed=9866 | wide: calls=1112 total=5.958s encode=0.419s wait=5.101s drain=0.438s waits=1112 untimed=0
[kernel-sub] materialize=0.165s moe=6.567s precommit=39.128s rest=0.981s
[metal-cache] calls=18934 zero_copy_wraps=321 copies=0 cache_entries=139 bindless=true
 Profit
[stats] generated=121 elapsed=236.788s speed=0.5110 token/s (1.957 s/token) chunks=122 committed_rows=191 verify_tx=0 drafts=0/0 layer_passes=11346 expert_rows=17572 expert_tiles=12087
[opens] expert file opens=490219 total=7.996s mean=0.016ms requested_bytes=5359768960192 (5359.8 GB)
[arrival] tiles=1165 waves=2164 uncovered_wait=43.082s dispatch=6.928s
[retain] enabled=false cap_gb=8 layers=63..=92 consults=0 wanted=0 hits=0 inserts=0 served=0.0MB
[summer] enabled=false cap_gb=8 sample=16 consults=0 wanted=0 hits=0 hit_rate=0.0% misses=0 inserts=0 evictions=0 recycled=0 allocs=0 pin_skips=0 gated=0 ramp=2..50 bar=0 suppressed=0 wide_skips=0 served=0.0MB copied=0.0MB ssd_avoided=0.0GB live=0/0.0GB model=0 protected=0 declined=0 topup_suppressed=0 aged=0 into=0/0/0 pending=0
[mirror-split] internal=0 K3C=0 K3B=0 K3A=0  shares=0%/0%/0%/0%
[phases] mono=393193.571091 chunks=122 sequence=236.635s read_wait=0.171s bind_upload=1.719s attention_resident=11.959s expert_read_prefetch=130.361s expert_demand_read=76.302s expert_plan=6.871s expert_hint=0.001s expert_submit=0.001s expert_kernel=90.327s source_fence=0.001s tail_head_sync=1.781s layer_other=0.265s expert_read_gross=123.489s plan_hint=6.669s plan_sched=0.199s attn_total=11.929s attn_encode=4.554s attn_wait=5.516s attn_drain=1.859s kernel_total=47.186s kernel_host=1.851s kernel_wait=5.618s kernel_drain=39.717s
[attn-split] single: calls=11160 total=8.503s encode=3.786s wait=2.858s drain=1.859s waits=19320 untimed=2754 | wide: calls=186 total=3.426s encode=0.768s wait=2.659s drain=0.000s waits=184 untimed=184 | hint: calls=11224 total=6.660s encode=0.034s wait=6.626s drain=0.000s waits=11101 untimed=11101
[kernel-split] single: calls=11974 total=41.228s encode=1.432s wait=0.518s drain=39.279s waits=12849 untimed=9955 | wide: calls=1112 total=5.958s encode=0.419s wait=5.101s drain=0.438s waits=1112 untimed=0
[kernel-sub] materialize=0.165s moe=6.574s precommit=39.460s rest=0.987s
[metal-cache] calls=19033 zero_copy_wraps=321 copies=0 cache_entries=139 bindless=true
 ×
[stats] generated=122 elapsed=238.300s speed=0.5120 token/s (1.953 s/token) chunks=123 committed_rows=192 verify_tx=0 drafts=0/0 layer_passes=11439 expert_rows=17664 expert_tiles=12179
[opens] expert file opens=494179 total=8.081s mean=0.016ms requested_bytes=5394521373888 (5394.5 GB)
[arrival] tiles=1166 waves=2172 uncovered_wait=43.094s dispatch=6.936s
[retain] enabled=false cap_gb=8 layers=63..=92 consults=0 wanted=0 hits=0 inserts=0 served=0.0MB
[summer] enabled=false cap_gb=8 sample=16 consults=0 wanted=0 hits=0 hit_rate=0.0% misses=0 inserts=0 evictions=0 recycled=0 allocs=0 pin_skips=0 gated=0 ramp=2..50 bar=0 suppressed=0 wide_skips=0 served=0.0MB copied=0.0MB ssd_avoided=0.0GB live=0/0.0GB model=0 protected=0 declined=0 topup_suppressed=0 aged=0 into=0/0/0 pending=0
[mirror-split] internal=0 K3C=0 K3B=0 K3A=0  shares=0%/0%/0%/0%
[phases] mono=393195.083157 chunks=123 sequence=238.146s read_wait=0.171s bind_upload=1.719s attention_resident=12.042s expert_read_prefetch=131.421s expert_demand_read=76.914s expert_plan=6.926s expert_hint=0.001s expert_submit=0.001s expert_kernel=90.680s source_fence=0.001s tail_head_sync=1.794s layer_other=0.266s expert_read_gross=124.494s plan_hint=6.723s plan_sched=0.200s attn_total=12.012s attn_encode=4.598s attn_wait=5.538s attn_drain=1.876s kernel_total=47.528s kernel_host=1.861s kernel_wait=5.623s kernel_drain=40.044s
[attn-split] single: calls=11253 total=8.586s encode=3.830s wait=2.880s drain=1.876s waits=19481 untimed=2785 | wide: calls=186 total=3.426s encode=0.768s wait=2.659s drain=0.000s waits=184 untimed=184 | hint: calls=11316 total=6.714s encode=0.034s wait=6.680s drain=0.000s waits=11192 untimed=11192
[kernel-split] single: calls=12073 total=41.570s encode=1.442s wait=0.523s drain=39.606s waits=12956 untimed=10045 | wide: calls=1112 total=5.958s encode=0.419s wait=5.101s drain=0.438s waits=1112 untimed=0
[kernel-sub] materialize=0.165s moe=6.582s precommit=39.788s rest=0.992s
[metal-cache] calls=19132 zero_copy_wraps=321 copies=0 cache_entries=139 bindless=true
 Tax
[stats] generated=123 elapsed=239.803s speed=0.5129 token/s (1.950 s/token) chunks=124 committed_rows=193 verify_tx=0 drafts=0/0 layer_passes=11532 expert_rows=17756 expert_tiles=12271
[opens] expert file opens=498093 total=8.156s mean=0.016ms requested_bytes=5428843871424 (5428.8 GB)
[arrival] tiles=1167 waves=2177 uncovered_wait=43.108s dispatch=6.942s
[retain] enabled=false cap_gb=8 layers=63..=92 consults=0 wanted=0 hits=0 inserts=0 served=0.0MB
[summer] enabled=false cap_gb=8 sample=16 consults=0 wanted=0 hits=0 hit_rate=0.0% misses=0 inserts=0 evictions=0 recycled=0 allocs=0 pin_skips=0 gated=0 ramp=2..50 bar=0 suppressed=0 wide_skips=0 served=0.0MB copied=0.0MB ssd_avoided=0.0GB live=0/0.0GB model=0 protected=0 declined=0 topup_suppressed=0 aged=0 into=0/0/0 pending=0
[mirror-split] internal=0 K3C=0 K3B=0 K3A=0  shares=0%/0%/0%/0%
[phases] mono=393196.586040 chunks=124 sequence=239.647s read_wait=0.171s bind_upload=1.719s attention_resident=12.112s expert_read_prefetch=132.485s expert_demand_read=77.505s expert_plan=6.983s expert_hint=0.001s expert_submit=0.001s expert_kernel=91.031s source_fence=0.001s tail_head_sync=1.809s layer_other=0.268s expert_read_gross=125.501s plan_hint=6.779s plan_sched=0.201s attn_total=12.082s attn_encode=4.625s attn_wait=5.561s attn_drain=1.896s kernel_total=47.865s kernel_host=1.871s kernel_wait=5.626s kernel_drain=40.367s
[attn-split] single: calls=11346 total=8.655s encode=3.857s wait=2.902s drain=1.896s waits=19642 untimed=2812 | wide: calls=186 total=3.426s encode=0.768s wait=2.659s drain=0.000s waits=184 untimed=184 | hint: calls=11408 total=6.770s encode=0.034s wait=6.735s drain=0.000s waits=11283 untimed=11283
[kernel-split] single: calls=12169 total=41.906s encode=1.452s wait=0.526s drain=39.929s waits=13057 untimed=10128 | wide: calls=1112 total=5.958s encode=0.419s wait=5.101s drain=0.438s waits=1112 untimed=0
[kernel-sub] materialize=0.165s moe=6.588s precommit=40.113s rest=0.998s
[metal-cache] calls=19228 zero_copy_wraps=321 copies=0 cache_entries=139 bindless=true
 Rate
[stats] generated=124 elapsed=241.311s speed=0.5139 token/s (1.946 s/token) chunks=125 committed_rows=194 verify_tx=0 drafts=0/0 layer_passes=11625 expert_rows=17848 expert_tiles=12363
[opens] expert file opens=502106 total=8.246s mean=0.016ms requested_bytes=5464017419456 (5464.0 GB)
[arrival] tiles=1168 waves=2185 uncovered_wait=43.122s dispatch=6.951s
[retain] enabled=false cap_gb=8 layers=63..=92 consults=0 wanted=0 hits=0 inserts=0 served=0.0MB
[summer] enabled=false cap_gb=8 sample=16 consults=0 wanted=0 hits=0 hit_rate=0.0% misses=0 inserts=0 evictions=0 recycled=0 allocs=0 pin_skips=0 gated=0 ramp=2..50 bar=0 suppressed=0 wide_skips=0 served=0.0MB copied=0.0MB ssd_avoided=0.0GB live=0/0.0GB model=0 protected=0 declined=0 topup_suppressed=0 aged=0 into=0/0/0 pending=0
[mirror-split] internal=0 K3C=0 K3B=0 K3A=0  shares=0%/0%/0%/0%
[phases] mono=393198.093940 chunks=125 sequence=241.154s read_wait=0.171s bind_upload=1.719s attention_resident=12.191s expert_read_prefetch=133.506s expert_demand_read=78.153s expert_plan=7.045s expert_hint=0.001s expert_submit=0.001s expert_kernel=91.420s source_fence=0.001s tail_head_sync=1.826s layer_other=0.270s expert_read_gross=126.460s plan_hint=6.839s plan_sched=0.202s attn_total=12.160s attn_encode=4.653s attn_wait=5.589s attn_drain=1.917s kernel_total=48.239s kernel_host=1.882s kernel_wait=5.632s kernel_drain=40.725s
[attn-split] single: calls=11439 total=8.733s encode=3.886s wait=2.931s drain=1.917s waits=19803 untimed=2833 | wide: calls=186 total=3.426s encode=0.768s wait=2.659s drain=0.000s waits=184 untimed=184 | hint: calls=11500 total=6.830s encode=0.034s wait=6.795s drain=0.000s waits=11374 untimed=11374
[kernel-split] single: calls=12268 total=42.281s encode=1.463s wait=0.531s drain=40.287s waits=13164 untimed=10213 | wide: calls=1112 total=5.958s encode=0.419s wait=5.101s drain=0.438s waits=1112 untimed=0
[kernel-sub] materialize=0.165s moe=6.597s precommit=40.473s rest=1.004s
[metal-cache] calls=19327 zero_copy_wraps=321 copies=0 cache_entries=139 bindless=true
  

[stats] generated=125 elapsed=242.856s speed=0.5147 token/s (1.943 s/token) chunks=126 committed_rows=195 verify_tx=0 drafts=0/0 layer_passes=11718 expert_rows=17940 expert_tiles=12455
[opens] expert file opens=506118 total=8.314s mean=0.016ms requested_bytes=5499182218432 (5499.2 GB)
[arrival] tiles=1169 waves=2193 uncovered_wait=43.139s dispatch=6.958s
[retain] enabled=false cap_gb=8 layers=63..=92 consults=0 wanted=0 hits=0 inserts=0 served=0.0MB
[summer] enabled=false cap_gb=8 sample=16 consults=0 wanted=0 hits=0 hit_rate=0.0% misses=0 inserts=0 evictions=0 recycled=0 allocs=0 pin_skips=0 gated=0 ramp=2..50 bar=0 suppressed=0 wide_skips=0 served=0.0MB copied=0.0MB ssd_avoided=0.0GB live=0/0.0GB model=0 protected=0 declined=0 topup_suppressed=0 aged=0 into=0/0/0 pending=0
[mirror-split] internal=0 K3C=0 K3B=0 K3A=0  shares=0%/0%/0%/0%
[phases] mono=393199.638944 chunks=126 sequence=242.698s read_wait=0.171s bind_upload=1.719s attention_resident=12.259s expert_read_prefetch=134.623s expert_demand_read=78.842s expert_plan=7.109s expert_hint=0.001s expert_submit=0.001s expert_kernel=91.763s source_fence=0.001s tail_head_sync=1.839s layer_other=0.271s expert_read_gross=127.513s plan_hint=6.902s plan_sched=0.203s attn_total=12.228s attn_encode=4.678s attn_wait=5.618s attn_drain=1.933s kernel_total=48.565s kernel_host=1.891s kernel_wait=5.636s kernel_drain=41.038s
[attn-split] single: calls=11532 total=8.802s encode=3.910s wait=2.959s drain=1.933s waits=19964 untimed=2864 | wide: calls=186 total=3.426s encode=0.768s wait=2.659s drain=0.000s waits=184 untimed=184 | hint: calls=11592 total=6.893s encode=0.035s wait=6.858s drain=0.000s waits=11465 untimed=11465
[kernel-split] single: calls=12367 total=42.606s encode=1.472s wait=0.535s drain=40.600s waits=13271 untimed=10305 | wide: calls=1112 total=5.958s encode=0.419s wait=5.101s drain=0.438s waits=1112 untimed=0
[kernel-sub] materialize=0.165s moe=6.604s precommit=40.788s rest=1.008s
[metal-cache] calls=19426 zero_copy_wraps=321 copies=0 cache_entries=139 bindless=true
Tax
[stats] generated=126 elapsed=244.418s speed=0.5155 token/s (1.940 s/token) chunks=127 committed_rows=196 verify_tx=0 drafts=0/0 layer_passes=11811 expert_rows=18032 expert_tiles=12547
[opens] expert file opens=510191 total=8.388s mean=0.016ms requested_bytes=5534847122624 (5534.8 GB)
[arrival] tiles=1170 waves=2201 uncovered_wait=43.155s dispatch=6.966s
[retain] enabled=false cap_gb=8 layers=63..=92 consults=0 wanted=0 hits=0 inserts=0 served=0.0MB
[summer] enabled=false cap_gb=8 sample=16 consults=0 wanted=0 hits=0 hit_rate=0.0% misses=0 inserts=0 evictions=0 recycled=0 allocs=0 pin_skips=0 gated=0 ramp=2..50 bar=0 suppressed=0 wide_skips=0 served=0.0MB copied=0.0MB ssd_avoided=0.0GB live=0/0.0GB model=0 protected=0 declined=0 topup_suppressed=0 aged=0 into=0/0/0 pending=0
[mirror-split] internal=0 K3C=0 K3B=0 K3A=0  shares=0%/0%/0%/0%
[phases] mono=393201.201212 chunks=127 sequence=244.260s read_wait=0.171s bind_upload=1.719s attention_resident=12.349s expert_read_prefetch=135.748s expert_demand_read=79.483s expert_plan=7.168s expert_hint=0.001s expert_submit=0.001s expert_kernel=92.095s source_fence=0.001s tail_head_sync=1.854s layer_other=0.272s expert_read_gross=128.579s plan_hint=6.960s plan_sched=0.204s attn_total=12.318s attn_encode=4.727s attn_wait=5.642s attn_drain=1.949s kernel_total=48.881s kernel_host=1.900s kernel_wait=5.640s kernel_drain=41.341s
[attn-split] single: calls=11625 total=8.891s encode=3.959s wait=2.983s drain=1.949s waits=20125 untimed=2889 | wide: calls=186 total=3.426s encode=0.768s wait=2.659s drain=0.000s waits=184 untimed=184 | hint: calls=11684 total=6.951s encode=0.035s wait=6.916s drain=0.000s waits=11556 untimed=11556
[kernel-split] single: calls=12466 total=42.922s encode=1.481s wait=0.539s drain=40.902s waits=13378 untimed=10393 | wide: calls=1112 total=5.958s encode=0.419s wait=5.101s drain=0.438s waits=1112 untimed=0
[kernel-sub] materialize=0.165s moe=6.611s precommit=41.091s rest=1.013s
[metal-cache] calls=19525 zero_copy_wraps=321 copies=0 cache_entries=139 bindless=true
[route-chain] chained=8280
[route-chain] dedup_hits=8280
 =
[stats] generated=127 elapsed=245.969s speed=0.5163 token/s (1.937 s/token) chunks=128 committed_rows=197 verify_tx=0 drafts=0/0 layer_passes=11904 expert_rows=18124 expert_tiles=12639
[opens] expert file opens=514293 total=8.474s mean=0.016ms requested_bytes=5570792766656 (5570.8 GB)
[arrival] tiles=1171 waves=2209 uncovered_wait=43.170s dispatch=6.974s
[retain] enabled=false cap_gb=8 layers=63..=92 consults=0 wanted=0 hits=0 inserts=0 served=0.0MB
[summer] enabled=false cap_gb=8 sample=16 consults=0 wanted=0 hits=0 hit_rate=0.0% misses=0 inserts=0 evictions=0 recycled=0 allocs=0 pin_skips=0 gated=0 ramp=2..50 bar=0 suppressed=0 wide_skips=0 served=0.0MB copied=0.0MB ssd_avoided=0.0GB live=0/0.0GB model=0 protected=0 declined=0 topup_suppressed=0 aged=0 into=0/0/0 pending=0
[mirror-split] internal=0 K3C=0 K3B=0 K3A=0  shares=0%/0%/0%/0%
[phases] mono=393202.752328 chunks=128 sequence=245.798s read_wait=0.171s bind_upload=1.719s attention_resident=12.424s expert_read_prefetch=136.836s expert_demand_read=80.112s expert_plan=7.223s expert_hint=0.001s expert_submit=0.001s expert_kernel=92.453s source_fence=0.001s tail_head_sync=1.867s layer_other=0.274s expert_read_gross=129.612s plan_hint=7.014s plan_sched=0.205s attn_total=12.393s attn_encode=4.754s attn_wait=5.674s attn_drain=1.965s kernel_total=49.224s kernel_host=1.910s kernel_wait=5.644s kernel_drain=41.670s
[attn-split] single: calls=11718 total=8.967s encode=3.986s wait=3.016s drain=1.965s waits=20286 untimed=2922 | wide: calls=186 total=3.426s encode=0.768s wait=2.659s drain=0.000s waits=184 untimed=184 | hint: calls=11776 total=7.005s encode=0.035s wait=6.970s drain=0.000s waits=11647 untimed=11647
[kernel-split] single: calls=12565 total=43.265s encode=1.491s wait=0.543s drain=41.231s waits=13485 untimed=10484 | wide: calls=1112 total=5.958s encode=0.419s wait=5.101s drain=0.438s waits=1112 untimed=0
[kernel-sub] materialize=0.165s moe=6.619s precommit=41.421s rest=1.018s
[metal-cache] calls=19624 zero_copy_wraps=321 copies=0 cache_entries=139 bindless=true
 
[stats] generated=128 elapsed=247.540s speed=0.5171 token/s (1.934 s/token) chunks=129 committed_rows=198 verify_tx=0 drafts=0/0 layer_passes=11997 expert_rows=18216 expert_tiles=12731
[opens] expert file opens=518415 total=8.556s mean=0.017ms requested_bytes=5606905134272 (5606.9 GB)
[arrival] tiles=1172 waves=2217 uncovered_wait=43.185s dispatch=6.982s
[retain] enabled=false cap_gb=8 layers=63..=92 consults=0 wanted=0 hits=0 inserts=0 served=0.0MB
[summer] enabled=false cap_gb=8 sample=16 consults=0 wanted=0 hits=0 hit_rate=0.0% misses=0 inserts=0 evictions=0 recycled=0 allocs=0 pin_skips=0 gated=0 ramp=2..50 bar=0 suppressed=0 wide_skips=0 served=0.0MB copied=0.0MB ssd_avoided=0.0GB live=0/0.0GB model=0 protected=0 declined=0 topup_suppressed=0 aged=0 into=0/0/0 pending=0
[mirror-split] internal=0 K3C=0 K3B=0 K3A=0  shares=0%/0%/0%/0%
[phases] mono=393204.322448 chunks=129 sequence=247.367s read_wait=0.171s bind_upload=1.719s attention_resident=12.487s expert_read_prefetch=137.967s expert_demand_read=80.728s expert_plan=7.277s expert_hint=0.001s expert_submit=0.001s expert_kernel=92.811s source_fence=0.001s tail_head_sync=1.884s layer_other=0.276s expert_read_gross=130.689s plan_hint=7.067s plan_sched=0.206s attn_total=12.455s attn_encode=4.776s attn_wait=5.697s attn_drain=1.982s kernel_total=49.566s kernel_host=1.921s kernel_wait=5.648s kernel_drain=41.997s
[attn-split] single: calls=11811 total=9.029s encode=4.009s wait=3.038s drain=1.982s waits=20447 untimed=2953 | wide: calls=186 total=3.426s encode=0.768s wait=2.659s drain=0.000s waits=184 untimed=184 | hint: calls=11868 total=7.058s encode=0.035s wait=7.023s drain=0.000s waits=11738 untimed=11738
[kernel-split] single: calls=12664 total=43.607s encode=1.502s wait=0.547s drain=41.558s waits=13592 untimed=10571 | wide: calls=1112 total=5.958s encode=0.419s wait=5.101s drain=0.438s waits=1112 untimed=0
[kernel-sub] materialize=0.165s moe=6.628s precommit=41.750s rest=1.023s
[metal-cache] calls=19723 zero_copy_wraps=321 copies=0 cache_entries=139 bindless=true
640
[stats] generated=129 elapsed=249.121s speed=0.5178 token/s (1.931 s/token) chunks=130 committed_rows=199 verify_tx=0 drafts=0/0 layer_passes=12090 expert_rows=18308 expert_tiles=12823
[opens] expert file opens=522547 total=8.648s mean=0.017ms requested_bytes=5643131550912 (5643.1 GB)
[arrival] tiles=1173 waves=2224 uncovered_wait=43.197s dispatch=6.988s
[retain] enabled=false cap_gb=8 layers=63..=92 consults=0 wanted=0 hits=0 inserts=0 served=0.0MB
[summer] enabled=false cap_gb=8 sample=16 consults=0 wanted=0 hits=0 hit_rate=0.0% misses=0 inserts=0 evictions=0 recycled=0 allocs=0 pin_skips=0 gated=0 ramp=2..50 bar=0 suppressed=0 wide_skips=0 served=0.0MB copied=0.0MB ssd_avoided=0.0GB live=0/0.0GB model=0 protected=0 declined=0 topup_suppressed=0 aged=0 into=0/0/0 pending=0
[mirror-split] internal=0 K3C=0 K3B=0 K3A=0  shares=0%/0%/0%/0%
[phases] mono=393205.903663 chunks=130 sequence=248.947s read_wait=0.171s bind_upload=1.719s attention_resident=12.565s expert_read_prefetch=139.114s expert_demand_read=81.401s expert_plan=7.328s expert_hint=0.001s expert_submit=0.001s expert_kernel=93.150s source_fence=0.001s tail_head_sync=1.898s layer_other=0.277s expert_read_gross=131.785s plan_hint=7.117s plan_sched=0.207s attn_total=12.534s attn_encode=4.808s attn_wait=5.727s attn_drain=1.999s kernel_total=49.894s kernel_host=1.930s kernel_wait=5.651s kernel_drain=42.313s
[attn-split] single: calls=11904 total=9.107s encode=4.040s wait=3.069s drain=1.999s waits=20608 untimed=2987 | wide: calls=186 total=3.426s encode=0.768s wait=2.659s drain=0.000s waits=184 untimed=184 | hint: calls=11960 total=7.108s encode=0.036s wait=7.072s drain=0.000s waits=11829 untimed=11829
[kernel-split] single: calls=12762 total=43.935s encode=1.511s wait=0.550s drain=41.874s waits=13697 untimed=10661 | wide: calls=1112 total=5.958s encode=0.419s wait=5.101s drain=0.438s waits=1112 untimed=0
[kernel-sub] materialize=0.165s moe=6.634s precommit=42.067s rest=1.028s
[metal-cache] calls=19821 zero_copy_wraps=321 copies=0 cache_entries=139 bindless=true
,
[stats] generated=130 elapsed=250.697s speed=0.5186 token/s (1.928 s/token) chunks=131 committed_rows=200 verify_tx=0 drafts=0/0 layer_passes=12183 expert_rows=18400 expert_tiles=12915
[opens] expert file opens=526690 total=8.739s mean=0.017ms requested_bytes=5679472000192 (5679.5 GB)
[arrival] tiles=1174 waves=2232 uncovered_wait=43.209s dispatch=6.995s
[retain] enabled=false cap_gb=8 layers=63..=92 consults=0 wanted=0 hits=0 inserts=0 served=0.0MB
[summer] enabled=false cap_gb=8 sample=16 consults=0 wanted=0 hits=0 hit_rate=0.0% misses=0 inserts=0 evictions=0 recycled=0 allocs=0 pin_skips=0 gated=0 ramp=2..50 bar=0 suppressed=0 wide_skips=0 served=0.0MB copied=0.0MB ssd_avoided=0.0GB live=0/0.0GB model=0 protected=0 declined=0 topup_suppressed=0 aged=0 into=0/0/0 pending=0
[mirror-split] internal=0 K3C=0 K3B=0 K3A=0  shares=0%/0%/0%/0%
[phases] mono=393207.479604 chunks=131 sequence=250.522s read_wait=0.171s bind_upload=1.719s attention_resident=12.654s expert_read_prefetch=140.231s expert_demand_read=82.068s expert_plan=7.379s expert_hint=0.001s expert_submit=0.001s expert_kernel=93.501s source_fence=0.001s tail_head_sync=1.915s layer_other=0.279s expert_read_gross=132.851s plan_hint=7.167s plan_sched=0.208s attn_total=12.622s attn_encode=4.855s attn_wait=5.758s attn_drain=2.009s kernel_total=50.232s kernel_host=1.939s kernel_wait=5.655s kernel_drain=42.638s
[attn-split] single: calls=11997 total=9.195s encode=4.087s wait=3.099s drain=2.009s waits=20769 untimed=3026 | wide: calls=186 total=3.426s encode=0.768s wait=2.659s drain=0.000s waits=184 untimed=184 | hint: calls=12052 total=7.158s encode=0.036s wait=7.122s drain=0.000s waits=11920 untimed=11920
[kernel-split] single: calls=12861 total=44.274s encode=1.520s wait=0.554s drain=42.200s waits=13804 untimed=10753 | wide: calls=1112 total=5.958s encode=0.419s wait=5.101s drain=0.438s waits=1112 untimed=0
[kernel-sub] materialize=0.165s moe=6.641s precommit=42.394s rest=1.033s
[metal-cache] calls=19920 zero_copy_wraps=321 copies=0 cache_entries=139 bindless=true
000
[stats] generated=131 elapsed=252.232s speed=0.5194 token/s (1.925 s/token) chunks=132 committed_rows=201 verify_tx=0 drafts=0/0 layer_passes=12276 expert_rows=18492 expert_tiles=13007
[opens] expert file opens=530726 total=8.802s mean=0.017ms requested_bytes=5714873646272 (5714.9 GB)
[arrival] tiles=1175 waves=2240 uncovered_wait=43.224s dispatch=7.003s
[retain] enabled=false cap_gb=8 layers=63..=92 consults=0 wanted=0 hits=0 inserts=0 served=0.0MB
[summer] enabled=false cap_gb=8 sample=16 consults=0 wanted=0 hits=0 hit_rate=0.0% misses=0 inserts=0 evictions=0 recycled=0 allocs=0 pin_skips=0 gated=0 ramp=2..50 bar=0 suppressed=0 wide_skips=0 served=0.0MB copied=0.0MB ssd_avoided=0.0GB live=0/0.0GB model=0 protected=0 declined=0 topup_suppressed=0 aged=0 into=0/0/0 pending=0
[mirror-split] internal=0 K3C=0 K3B=0 K3A=0  shares=0%/0%/0%/0%
[phases] mono=393209.015215 chunks=132 sequence=252.057s read_wait=0.171s bind_upload=1.719s attention_resident=12.730s expert_read_prefetch=141.306s expert_demand_read=82.706s expert_plan=7.431s expert_hint=0.001s expert_submit=0.001s expert_kernel=93.869s source_fence=0.001s tail_head_sync=1.928s layer_other=0.280s expert_read_gross=133.874s plan_hint=7.218s plan_sched=0.209s attn_total=12.698s attn_encode=4.878s attn_wait=5.802s attn_drain=2.017s kernel_total=50.584s kernel_host=1.950s kernel_wait=5.659s kernel_drain=42.976s
[attn-split] single: calls=12090 total=9.271s encode=4.111s wait=3.144s drain=2.017s waits=20930 untimed=3060 | wide: calls=186 total=3.426s encode=0.768s wait=2.659s drain=0.000s waits=184 untimed=184 | hint: calls=12144 total=7.208s encode=0.036s wait=7.173s drain=0.000s waits=12011 untimed=12011
[kernel-split] single: calls=12960 total=44.626s encode=1.531s wait=0.558s drain=42.538s waits=13911 untimed=10838 | wide: calls=1112 total=5.958s encode=0.419s wait=5.101s drain=0.438s waits=1112 untimed=0
[kernel-sub] materialize=0.165s moe=6.648s precommit=42.733s rest=1.038s
[metal-cache] calls=20019 zero_copy_wraps=321 copies=0 cache_entries=139 bindless=true
 ×
[stats] generated=132 elapsed=253.832s speed=0.5200 token/s (1.923 s/token) chunks=133 committed_rows=202 verify_tx=0 drafts=0/0 layer_passes=12369 expert_rows=18584 expert_tiles=13099
[opens] expert file opens=535012 total=8.905s mean=0.017ms requested_bytes=5752416140480 (5752.4 GB)
[arrival] tiles=1176 waves=2248 uncovered_wait=43.235s dispatch=7.010s
[retain] enabled=false cap_gb=8 layers=63..=92 consults=0 wanted=0 hits=0 inserts=0 served=0.0MB
[summer] enabled=false cap_gb=8 sample=16 consults=0 wanted=0 hits=0 hit_rate=0.0% misses=0 inserts=0 evictions=0 recycled=0 allocs=0 pin_skips=0 gated=0 ramp=2..50 bar=0 suppressed=0 wide_skips=0 served=0.0MB copied=0.0MB ssd_avoided=0.0GB live=0/0.0GB model=0 protected=0 declined=0 topup_suppressed=0 aged=0 into=0/0/0 pending=0
[mirror-split] internal=0 K3C=0 K3B=0 K3A=0  shares=0%/0%/0%/0%
[phases] mono=393210.614726 chunks=133 sequence=253.655s read_wait=0.171s bind_upload=1.719s attention_resident=12.796s expert_read_prefetch=142.463s expert_demand_read=83.402s expert_plan=7.492s expert_hint=0.001s expert_submit=0.001s expert_kernel=94.227s source_fence=0.001s tail_head_sync=1.945s layer_other=0.282s expert_read_gross=134.970s plan_hint=7.278s plan_sched=0.210s attn_total=12.763s attn_encode=4.900s attn_wait=5.827s attn_drain=2.036s kernel_total=50.932s kernel_host=1.959s kernel_wait=5.662s kernel_drain=43.310s
[attn-split] single: calls=12183 total=9.337s encode=4.133s wait=3.168s drain=2.036s waits=21091 untimed=3089 | wide: calls=186 total=3.426s encode=0.768s wait=2.659s drain=0.000s waits=184 untimed=184 | hint: calls=12236 total=7.269s encode=0.036s wait=7.232s drain=0.000s waits=12102 untimed=12102
[kernel-split] single: calls=13059 total=44.973s encode=1.540s wait=0.561s drain=42.872s waits=14018 untimed=10925 | wide: calls=1112 total=5.958s encode=0.419s wait=5.101s drain=0.438s waits=1112 untimed=0
[kernel-sub] materialize=0.165s moe=6.655s precommit=43.069s rest=1.043s
[metal-cache] calls=20118 zero_copy_wraps=321 copies=0 cache_entries=139 bindless=true
 
[stats] generated=133 elapsed=255.362s speed=0.5208 token/s (1.920 s/token) chunks=134 committed_rows=203 verify_tx=0 drafts=0/0 layer_passes=12462 expert_rows=18676 expert_tiles=13191
[opens] expert file opens=538986 total=8.979s mean=0.017ms requested_bytes=5787238776000 (5787.2 GB)
[arrival] tiles=1177 waves=2255 uncovered_wait=43.247s dispatch=7.017s
[retain] enabled=false cap_gb=8 layers=63..=92 consults=0 wanted=0 hits=0 inserts=0 served=0.0MB
[summer] enabled=false cap_gb=8 sample=16 consults=0 wanted=0 hits=0 hit_rate=0.0% misses=0 inserts=0 evictions=0 recycled=0 allocs=0 pin_skips=0 gated=0 ramp=2..50 bar=0 suppressed=0 wide_skips=0 served=0.0MB copied=0.0MB ssd_avoided=0.0GB live=0/0.0GB model=0 protected=0 declined=0 topup_suppressed=0 aged=0 into=0/0/0 pending=0
[mirror-split] internal=0 K3C=0 K3B=0 K3A=0  shares=0%/0%/0%/0%
[phases] mono=393212.144672 chunks=134 sequence=255.184s read_wait=0.171s bind_upload=1.719s attention_resident=12.870s expert_read_prefetch=143.559s expert_demand_read=84.040s expert_plan=7.546s expert_hint=0.001s expert_submit=0.001s expert_kernel=94.570s source_fence=0.001s tail_head_sync=1.958s layer_other=0.283s expert_read_gross=136.012s plan_hint=7.332s plan_sched=0.211s attn_total=12.838s attn_encode=4.927s attn_wait=5.857s attn_drain=2.054s kernel_total=51.262s kernel_host=1.969s kernel_wait=5.666s kernel_drain=43.627s
[attn-split] single: calls=12276 total=9.411s encode=4.159s wait=3.199s drain=2.054s waits=21252 untimed=3125 | wide: calls=186 total=3.426s encode=0.768s wait=2.659s drain=0.000s waits=184 untimed=184 | hint: calls=12328 total=7.322s encode=0.036s wait=7.285s drain=0.000s waits=12193 untimed=12193
[kernel-split] single: calls=13157 total=45.304s encode=1.550s wait=0.566s drain=43.189s waits=14123 untimed=11009 | wide: calls=1112 total=5.958s encode=0.419s wait=5.101s drain=0.438s waits=1112 untimed=0
[kernel-sub] materialize=0.165s moe=6.662s precommit=43.387s rest=1.047s
[metal-cache] calls=20216 zero_copy_wraps=321 copies=0 cache_entries=139 bindless=true
20
[stats] generated=134 elapsed=256.923s speed=0.5216 token/s (1.917 s/token) chunks=135 committed_rows=204 verify_tx=0 drafts=0/0 layer_passes=12555 expert_rows=18768 expert_tiles=13283
[opens] expert file opens=543043 total=9.105s mean=0.017ms requested_bytes=5822789598400 (5822.8 GB)
[arrival] tiles=1178 waves=2263 uncovered_wait=43.261s dispatch=7.026s
[retain] enabled=false cap_gb=8 layers=63..=92 consults=0 wanted=0 hits=0 inserts=0 served=0.0MB
[summer] enabled=false cap_gb=8 sample=16 consults=0 wanted=0 hits=0 hit_rate=0.0% misses=0 inserts=0 evictions=0 recycled=0 allocs=0 pin_skips=0 gated=0 ramp=2..50 bar=0 suppressed=0 wide_skips=0 served=0.0MB copied=0.0MB ssd_avoided=0.0GB live=0/0.0GB model=0 protected=0 declined=0 topup_suppressed=0 aged=0 into=0/0/0 pending=0
[mirror-split] internal=0 K3C=0 K3B=0 K3A=0  shares=0%/0%/0%/0%
[phases] mono=393213.705895 chunks=135 sequence=256.744s read_wait=0.171s bind_upload=1.719s attention_resident=12.960s expert_read_prefetch=144.645s expert_demand_read=84.709s expert_plan=7.605s expert_hint=0.001s expert_submit=0.001s expert_kernel=94.937s source_fence=0.001s tail_head_sync=1.974s layer_other=0.285s expert_read_gross=137.038s plan_hint=7.389s plan_sched=0.212s attn_total=12.928s attn_encode=4.969s attn_wait=5.886s attn_drain=2.072s kernel_total=51.616s kernel_host=1.979s kernel_wait=5.671s kernel_drain=43.966s
[attn-split] single: calls=12369 total=9.501s encode=4.202s wait=3.227s drain=2.072s waits=21413 untimed=3158 | wide: calls=186 total=3.426s encode=0.768s wait=2.659s drain=0.000s waits=184 untimed=184 | hint: calls=12420 total=7.380s encode=0.037s wait=7.343s drain=0.000s waits=12284 untimed=12284
[kernel-split] single: calls=13256 total=45.657s encode=1.560s wait=0.570s drain=43.528s waits=14230 untimed=11090 | wide: calls=1112 total=5.958s encode=0.419s wait=5.101s drain=0.438s waits=1112 untimed=0
[kernel-sub] materialize=0.165s moe=6.670s precommit=43.727s rest=1.053s
[metal-cache] calls=20315 zero_copy_wraps=321 copies=0 cache_entries=139 bindless=true
%
[stats] generated=135 elapsed=258.472s speed=0.5223 token/s (1.915 s/token) chunks=136 committed_rows=205 verify_tx=0 drafts=0/0 layer_passes=12648 expert_rows=18860 expert_tiles=13375
[opens] expert file opens=547068 total=9.181s mean=0.017ms requested_bytes=5858077211840 (5858.1 GB)
[arrival] tiles=1179 waves=2271 uncovered_wait=43.269s dispatch=7.034s
[retain] enabled=false cap_gb=8 layers=63..=92 consults=0 wanted=0 hits=0 inserts=0 served=0.0MB
[summer] enabled=false cap_gb=8 sample=16 consults=0 wanted=0 hits=0 hit_rate=0.0% misses=0 inserts=0 evictions=0 recycled=0 allocs=0 pin_skips=0 gated=0 ramp=2..50 bar=0 suppressed=0 wide_skips=0 served=0.0MB copied=0.0MB ssd_avoided=0.0GB live=0/0.0GB model=0 protected=0 declined=0 topup_suppressed=0 aged=0 into=0/0/0 pending=0
[mirror-split] internal=0 K3C=0 K3B=0 K3A=0  shares=0%/0%/0%/0%
[phases] mono=393215.254796 chunks=136 sequence=258.292s read_wait=0.171s bind_upload=1.719s attention_resident=13.029s expert_read_prefetch=145.761s expert_demand_read=85.372s expert_plan=7.661s expert_hint=0.001s expert_submit=0.001s expert_kernel=95.281s source_fence=0.001s tail_head_sync=1.991s layer_other=0.286s expert_read_gross=138.100s plan_hint=7.444s plan_sched=0.213s attn_total=12.997s attn_encode=4.994s attn_wait=5.918s attn_drain=2.084s kernel_total=51.950s kernel_host=1.988s kernel_wait=5.675s kernel_drain=44.287s
[attn-split] single: calls=12462 total=9.570s encode=4.226s wait=3.260s drain=2.084s waits=21574 untimed=3191 | wide: calls=186 total=3.426s encode=0.768s wait=2.659s drain=0.000s waits=184 untimed=184 | hint: calls=12512 total=7.434s encode=0.037s wait=7.397s drain=0.000s waits=12375 untimed=12375
[kernel-split] single: calls=13355 total=45.991s encode=1.569s wait=0.574s drain=43.848s waits=14337 untimed=11183 | wide: calls=1112 total=5.958s encode=0.419s wait=5.101s drain=0.438s waits=1112 untimed=0
[kernel-sub] materialize=0.165s moe=6.678s precommit=44.049s rest=1.057s
[metal-cache] calls=20414 zero_copy_wraps=321 copies=0 cache_entries=139 bindless=true
 =
[stats] generated=136 elapsed=260.016s speed=0.5230 token/s (1.912 s/token) chunks=137 committed_rows=206 verify_tx=0 drafts=0/0 layer_passes=12741 expert_rows=18952 expert_tiles=13467
[opens] expert file opens=551055 total=9.237s mean=0.017ms requested_bytes=5893048974528 (5893.0 GB)
[arrival] tiles=1180 waves=2278 uncovered_wait=43.283s dispatch=7.043s
[retain] enabled=false cap_gb=8 layers=63..=92 consults=0 wanted=0 hits=0 inserts=0 served=0.0MB
[summer] enabled=false cap_gb=8 sample=16 consults=0 wanted=0 hits=0 hit_rate=0.0% misses=0 inserts=0 evictions=0 recycled=0 allocs=0 pin_skips=0 gated=0 ramp=2..50 bar=0 suppressed=0 wide_skips=0 served=0.0MB copied=0.0MB ssd_avoided=0.0GB live=0/0.0GB model=0 protected=0 declined=0 topup_suppressed=0 aged=0 into=0/0/0 pending=0
[mirror-split] internal=0 K3C=0 K3B=0 K3A=0  shares=0%/0%/0%/0%
[phases] mono=393216.798774 chunks=137 sequence=259.835s read_wait=0.171s bind_upload=1.719s attention_resident=13.093s expert_read_prefetch=146.878s expert_demand_read=86.009s expert_plan=7.716s expert_hint=0.001s expert_submit=0.001s expert_kernel=95.627s source_fence=0.001s tail_head_sync=2.005s layer_other=0.288s expert_read_gross=139.162s plan_hint=7.498s plan_sched=0.214s attn_total=13.060s attn_encode=5.018s attn_wait=5.946s attn_drain=2.096s kernel_total=52.282s kernel_host=1.999s kernel_wait=5.679s kernel_drain=44.604s
[attn-split] single: calls=12555 total=9.633s encode=4.251s wait=3.287s drain=2.096s waits=21735 untimed=3220 | wide: calls=186 total=3.426s encode=0.768s wait=2.659s drain=0.000s waits=184 untimed=184 | hint: calls=12604 total=7.488s encode=0.037s wait=7.451s drain=0.000s waits=12466 untimed=12466
[kernel-split] single: calls=13453 total=46.324s encode=1.580s wait=0.579s drain=44.166s waits=14442 untimed=11267 | wide: calls=1112 total=5.958s encode=0.419s wait=5.101s drain=0.438s waits=1112 untimed=0
[kernel-sub] materialize=0.165s moe=6.687s precommit=44.368s rest=1.062s
[metal-cache] calls=20512 zero_copy_wraps=321 copies=0 cache_entries=139 bindless=true
[route-chain] chained=8970
[route-chain] dedup_hits=8970
 
[stats] generated=137 elapsed=261.623s speed=0.5237 token/s (1.910 s/token) chunks=138 committed_rows=207 verify_tx=0 drafts=0/0 layer_passes=12834 expert_rows=19044 expert_tiles=13559
[opens] expert file opens=555197 total=9.326s mean=0.017ms requested_bytes=5929319267520 (5929.3 GB)
[arrival] tiles=1181 waves=2284 uncovered_wait=43.294s dispatch=7.048s
[retain] enabled=false cap_gb=8 layers=63..=92 consults=0 wanted=0 hits=0 inserts=0 served=0.0MB
[summer] enabled=false cap_gb=8 sample=16 consults=0 wanted=0 hits=0 hit_rate=0.0% misses=0 inserts=0 evictions=0 recycled=0 allocs=0 pin_skips=0 gated=0 ramp=2..50 bar=0 suppressed=0 wide_skips=0 served=0.0MB copied=0.0MB ssd_avoided=0.0GB live=0/0.0GB model=0 protected=0 declined=0 topup_suppressed=0 aged=0 into=0/0/0 pending=0
[mirror-split] internal=0 K3C=0 K3B=0 K3A=0  shares=0%/0%/0%/0%
[phases] mono=393218.405965 chunks=138 sequence=261.440s read_wait=0.171s bind_upload=1.719s attention_resident=13.161s expert_read_prefetch=148.036s expert_demand_read=86.650s expert_plan=7.772s expert_hint=0.001s expert_submit=0.001s expert_kernel=95.992s source_fence=0.001s tail_head_sync=2.018s layer_other=0.289s expert_read_gross=140.262s plan_hint=7.553s plan_sched=0.215s attn_total=13.128s attn_encode=5.045s attn_wait=5.972s attn_drain=2.112s kernel_total=52.636s kernel_host=2.008s kernel_wait=5.683s kernel_drain=44.945s
[attn-split] single: calls=12648 total=9.702s encode=4.277s wait=3.313s drain=2.112s waits=21896 untimed=3247 | wide: calls=186 total=3.426s encode=0.768s wait=2.659s drain=0.000s waits=184 untimed=184 | hint: calls=12696 total=7.543s encode=0.037s wait=7.506s drain=0.000s waits=12557 untimed=12557
[kernel-split] single: calls=13550 total=46.678s encode=1.589s wait=0.582s drain=44.507s waits=14545 untimed=11353 | wide: calls=1112 total=5.958s encode=0.419s wait=5.101s drain=0.438s waits=1112 untimed=0
[kernel-sub] materialize=0.165s moe=6.693s precommit=44.711s rest=1.068s
[metal-cache] calls=20609 zero_copy_wraps=321 copies=0 cache_entries=139 bindless=true
128
[stats] generated=138 elapsed=263.203s speed=0.5243 token/s (1.907 s/token) chunks=139 committed_rows=208 verify_tx=0 drafts=0/0 layer_passes=12927 expert_rows=19136 expert_tiles=13651
[opens] expert file opens=559337 total=9.425s mean=0.017ms requested_bytes=5965633371328 (5965.6 GB)
[arrival] tiles=1182 waves=2292 uncovered_wait=43.312s dispatch=7.056s
[retain] enabled=false cap_gb=8 layers=63..=92 consults=0 wanted=0 hits=0 inserts=0 served=0.0MB
[summer] enabled=false cap_gb=8 sample=16 consults=0 wanted=0 hits=0 hit_rate=0.0% misses=0 inserts=0 evictions=0 recycled=0 allocs=0 pin_skips=0 gated=0 ramp=2..50 bar=0 suppressed=0 wide_skips=0 served=0.0MB copied=0.0MB ssd_avoided=0.0GB live=0/0.0GB model=0 protected=0 declined=0 topup_suppressed=0 aged=0 into=0/0/0 pending=0
[mirror-split] internal=0 K3C=0 K3B=0 K3A=0  shares=0%/0%/0%/0%
[phases] mono=393219.986341 chunks=139 sequence=263.020s read_wait=0.171s bind_upload=1.719s attention_resident=13.258s expert_read_prefetch=149.135s expert_demand_read=87.309s expert_plan=7.824s expert_hint=0.001s expert_submit=0.001s expert_kernel=96.357s source_fence=0.001s tail_head_sync=2.035s layer_other=0.291s expert_read_gross=141.310s plan_hint=7.604s plan_sched=0.216s attn_total=13.225s attn_encode=5.095s attn_wait=5.998s attn_drain=2.132s kernel_total=52.982s kernel_host=2.018s kernel_wait=5.687s kernel_drain=45.278s
[attn-split] single: calls=12741 total=9.799s encode=4.327s wait=3.340s drain=2.132s waits=22057 untimed=3277 | wide: calls=186 total=3.426s encode=0.768s wait=2.659s drain=0.000s waits=184 untimed=184 | hint: calls=12788 total=7.594s encode=0.037s wait=7.557s drain=0.000s waits=12648 untimed=12648
[kernel-split] single: calls=13649 total=47.024s encode=1.599s wait=0.586s drain=44.839s waits=14652 untimed=11435 | wide: calls=1112 total=5.958s encode=0.419s wait=5.101s drain=0.438s waits=1112 untimed=0
[kernel-sub] materialize=0.165s moe=6.700s precommit=45.045s rest=1.073s
[metal-cache] calls=20708 zero_copy_wraps=321 copies=0 cache_entries=139 bindless=true
,
[stats] generated=139 elapsed=264.732s speed=0.5251 token/s (1.905 s/token) chunks=140 committed_rows=209 verify_tx=0 drafts=0/0 layer_passes=13020 expert_rows=19228 expert_tiles=13743
[opens] expert file opens=563429 total=9.501s mean=0.017ms requested_bytes=6001473764544 (6001.5 GB)
[arrival] tiles=1183 waves=2297 uncovered_wait=43.322s dispatch=7.061s
[retain] enabled=false cap_gb=8 layers=63..=92 consults=0 wanted=0 hits=0 inserts=0 served=0.0MB
[summer] enabled=false cap_gb=8 sample=16 consults=0 wanted=0 hits=0 hit_rate=0.0% misses=0 inserts=0 evictions=0 recycled=0 allocs=0 pin_skips=0 gated=0 ramp=2..50 bar=0 suppressed=0 wide_skips=0 served=0.0MB copied=0.0MB ssd_avoided=0.0GB live=0/0.0GB model=0 protected=0 declined=0 topup_suppressed=0 aged=0 into=0/0/0 pending=0
[mirror-split] internal=0 K3C=0 K3B=0 K3A=0  shares=0%/0%/0%/0%
[phases] mono=393221.514669 chunks=140 sequence=264.547s read_wait=0.171s bind_upload=1.719s attention_resident=13.325s expert_read_prefetch=150.240s expert_demand_read=87.945s expert_plan=7.882s expert_hint=0.001s expert_submit=0.001s expert_kernel=96.695s source_fence=0.001s tail_head_sync=2.051s layer_other=0.292s expert_read_gross=142.356s plan_hint=7.661s plan_sched=0.217s attn_total=13.291s attn_encode=5.120s attn_wait=6.020s attn_drain=2.151s kernel_total=53.310s kernel_host=2.027s kernel_wait=5.689s kernel_drain=45.594s
[attn-split] single: calls=12834 total=9.865s encode=4.352s wait=3.361s drain=2.151s waits=22218 untimed=3303 | wide: calls=186 total=3.426s encode=0.768s wait=2.659s drain=0.000s waits=184 untimed=184 | hint: calls=12880 total=7.651s encode=0.038s wait=7.614s drain=0.000s waits=12739 untimed=12739
[kernel-split] single: calls=13745 total=47.352s encode=1.607s wait=0.589s drain=45.156s waits=14753 untimed=11522 | wide: calls=1112 total=5.958s encode=0.419s wait=5.101s drain=0.438s waits=1112 untimed=0
[kernel-sub] materialize=0.165s moe=6.705s precommit=45.363s rest=1.077s
[metal-cache] calls=20804 zero_copy_wraps=321 copies=0 cache_entries=139 bindless=true
000
[stats] generated=140 elapsed=266.268s speed=0.5258 token/s (1.902 s/token) chunks=141 committed_rows=210 verify_tx=0 drafts=0/0 layer_passes=13113 expert_rows=19320 expert_tiles=13835
[opens] expert file opens=567486 total=9.579s mean=0.017ms requested_bytes=6036998307008 (6037.0 GB)
[arrival] tiles=1184 waves=2304 uncovered_wait=43.338s dispatch=7.068s
[retain] enabled=false cap_gb=8 layers=63..=92 consults=0 wanted=0 hits=0 inserts=0 served=0.0MB
[summer] enabled=false cap_gb=8 sample=16 consults=0 wanted=0 hits=0 hit_rate=0.0% misses=0 inserts=0 evictions=0 recycled=0 allocs=0 pin_skips=0 gated=0 ramp=2..50 bar=0 suppressed=0 wide_skips=0 served=0.0MB copied=0.0MB ssd_avoided=0.0GB live=0/0.0GB model=0 protected=0 declined=0 topup_suppressed=0 aged=0 into=0/0/0 pending=0
[mirror-split] internal=0 K3C=0 K3B=0 K3A=0  shares=0%/0%/0%/0%
[phases] mono=393223.050544 chunks=141 sequence=266.082s read_wait=0.171s bind_upload=1.719s attention_resident=13.395s expert_read_prefetch=151.325s expert_demand_read=88.589s expert_plan=7.938s expert_hint=0.001s expert_submit=0.001s expert_kernel=97.060s source_fence=0.001s tail_head_sync=2.065s layer_other=0.294s expert_read_gross=143.385s plan_hint=7.716s plan_sched=0.218s attn_total=13.361s attn_encode=5.144s attn_wait=6.054s attn_drain=2.164s kernel_total=53.659s kernel_host=2.036s kernel_wait=5.693s kernel_drain=45.930s
[attn-split] single: calls=12927 total=9.935s encode=4.377s wait=3.395s drain=2.164s waits=22379 untimed=3335 | wide: calls=186 total=3.426s encode=0.768s wait=2.659s drain=0.000s waits=184 untimed=184 | hint: calls=12972 total=7.706s encode=0.038s wait=7.668s drain=0.000s waits=12830 untimed=12830
[kernel-split] single: calls=13843 total=47.701s encode=1.617s wait=0.593s drain=45.491s waits=14858 untimed=11610 | wide: calls=1112 total=5.958s encode=0.419s wait=5.101s drain=0.438s waits=1112 untimed=0
[kernel-sub] materialize=0.165s moe=6.712s precommit=45.699s rest=1.083s
[metal-cache] calls=20902 zero_copy_wraps=321 copies=0 cache_entries=139 bindless=true



[stats] generated=141 elapsed=267.828s speed=0.5265 token/s (1.899 s/token) chunks=142 committed_rows=211 verify_tx=0 drafts=0/0 layer_passes=13206 expert_rows=19412 expert_tiles=13927
[opens] expert file opens=571526 total=9.651s mean=0.017ms requested_bytes=6072435064000 (6072.4 GB)
[arrival] tiles=1185 waves=2310 uncovered_wait=43.348s dispatch=7.076s
[retain] enabled=false cap_gb=8 layers=63..=92 consults=0 wanted=0 hits=0 inserts=0 served=0.0MB
[summer] enabled=false cap_gb=8 sample=16 consults=0 wanted=0 hits=0 hit_rate=0.0% misses=0 inserts=0 evictions=0 recycled=0 allocs=0 pin_skips=0 gated=0 ramp=2..50 bar=0 suppressed=0 wide_skips=0 served=0.0MB copied=0.0MB ssd_avoided=0.0GB live=0/0.0GB model=0 protected=0 declined=0 topup_suppressed=0 aged=0 into=0/0/0 pending=0
[mirror-split] internal=0 K3C=0 K3B=0 K3A=0  shares=0%/0%/0%/0%
[phases] mono=393224.611351 chunks=142 sequence=267.642s read_wait=0.171s bind_upload=1.719s attention_resident=13.462s expert_read_prefetch=152.445s expert_demand_read=89.245s expert_plan=8.009s expert_hint=0.001s expert_submit=0.001s expert_kernel=97.414s source_fence=0.001s tail_head_sync=2.081s layer_other=0.296s expert_read_gross=144.436s plan_hint=7.785s plan_sched=0.219s attn_total=13.428s attn_encode=5.167s attn_wait=6.077s attn_drain=2.184s kernel_total=54.002s kernel_host=2.046s kernel_wait=5.697s kernel_drain=46.259s
[attn-split] single: calls=13020 total=10.001s encode=4.399s wait=3.418s drain=2.184s waits=22540 untimed=3356 | wide: calls=186 total=3.426s encode=0.768s wait=2.659s drain=0.000s waits=184 untimed=184 | hint: calls=13064 total=7.775s encode=0.038s wait=7.737s drain=0.000s waits=12921 untimed=12921
[kernel-split] single: calls=13940 total=48.044s encode=1.627s wait=0.597s drain=45.821s waits=14961 untimed=11690 | wide: calls=1112 total=5.958s encode=0.419s wait=5.101s drain=0.438s waits=1112 untimed=0
[kernel-sub] materialize=0.165s moe=6.720s precommit=46.030s rest=1.087s
[metal-cache] calls=20999 zero_copy_wraps=321 copies=0 cache_entries=139 bindless=true
Then
[stats] generated=142 elapsed=269.361s speed=0.5272 token/s (1.897 s/token) chunks=143 committed_rows=212 verify_tx=0 drafts=0/0 layer_passes=13299 expert_rows=19504 expert_tiles=14019
[opens] expert file opens=575631 total=9.721s mean=0.017ms requested_bytes=6108415802560 (6108.4 GB)
[arrival] tiles=1186 waves=2318 uncovered_wait=43.360s dispatch=7.083s
[retain] enabled=false cap_gb=8 layers=63..=92 consults=0 wanted=0 hits=0 inserts=0 served=0.0MB
[summer] enabled=false cap_gb=8 sample=16 consults=0 wanted=0 hits=0 hit_rate=0.0% misses=0 inserts=0 evictions=0 recycled=0 allocs=0 pin_skips=0 gated=0 ramp=2..50 bar=0 suppressed=0 wide_skips=0 served=0.0MB copied=0.0MB ssd_avoided=0.0GB live=0/0.0GB model=0 protected=0 declined=0 topup_suppressed=0 aged=0 into=0/0/0 pending=0
[mirror-split] internal=0 K3C=0 K3B=0 K3A=0  shares=0%/0%/0%/0%
[phases] mono=393226.143826 chunks=143 sequence=269.173s read_wait=0.171s bind_upload=1.719s attention_resident=13.543s expert_read_prefetch=153.555s expert_demand_read=89.864s expert_plan=8.068s expert_hint=0.001s expert_submit=0.001s expert_kernel=97.736s source_fence=0.001s tail_head_sync=2.097s layer_other=0.297s expert_read_gross=145.486s plan_hint=7.843s plan_sched=0.220s attn_total=13.509s attn_encode=5.209s attn_wait=6.104s attn_drain=2.196s kernel_total=54.313s kernel_host=2.055s kernel_wait=5.701s kernel_drain=46.557s
[attn-split] single: calls=13113 total=10.082s encode=4.441s wait=3.445s drain=2.196s waits=22701 untimed=3395 | wide: calls=186 total=3.426s encode=0.768s wait=2.659s drain=0.000s waits=184 untimed=184 | hint: calls=13156 total=7.833s encode=0.038s wait=7.795s drain=0.000s waits=13012 untimed=13012
[kernel-split] single: calls=14039 total=48.354s encode=1.636s wait=0.600s drain=46.119s waits=15068 untimed=11780 | wide: calls=1112 total=5.958s encode=0.419s wait=5.101s drain=0.438s waits=1112 untimed=0
[kernel-sub] materialize=0.165s moe=6.727s precommit=46.329s rest=1.092s
[metal-cache] calls=21098 zero_copy_wraps=321 copies=0 cache_entries=139 bindless=true
,
[stats] generated=143 elapsed=270.793s speed=0.5281 token/s (1.894 s/token) chunks=144 committed_rows=213 verify_tx=0 drafts=0/0 layer_passes=13392 expert_rows=19596 expert_tiles=14111
[opens] expert file opens=579466 total=9.806s mean=0.017ms requested_bytes=6142062755008 (6142.1 GB)
[arrival] tiles=1187 waves=2326 uncovered_wait=43.378s dispatch=7.090s
[retain] enabled=false cap_gb=8 layers=63..=92 consults=0 wanted=0 hits=0 inserts=0 served=0.0MB
[summer] enabled=false cap_gb=8 sample=16 consults=0 wanted=0 hits=0 hit_rate=0.0% misses=0 inserts=0 evictions=0 recycled=0 allocs=0 pin_skips=0 gated=0 ramp=2..50 bar=0 suppressed=0 wide_skips=0 served=0.0MB copied=0.0MB ssd_avoided=0.0GB live=0/0.0GB model=0 protected=0 declined=0 topup_suppressed=0 aged=0 into=0/0/0 pending=0
[mirror-split] internal=0 K3C=0 K3B=0 K3A=0  shares=0%/0%/0%/0%
[phases] mono=393227.576339 chunks=144 sequence=270.605s read_wait=0.171s bind_upload=1.719s attention_resident=13.610s expert_read_prefetch=154.567s expert_demand_read=90.426s expert_plan=8.128s expert_hint=0.001s expert_submit=0.001s expert_kernel=98.071s source_fence=0.001s tail_head_sync=2.114s layer_other=0.298s expert_read_gross=146.438s plan_hint=7.903s plan_sched=0.221s attn_total=13.576s attn_encode=5.234s attn_wait=6.133s attn_drain=2.209s kernel_total=54.629s kernel_host=2.064s kernel_wait=5.704s kernel_drain=46.861s
[attn-split] single: calls=13206 total=10.149s encode=4.466s wait=3.474s drain=2.209s waits=22862 untimed=3428 | wide: calls=186 total=3.426s encode=0.768s wait=2.659s drain=0.000s waits=184 untimed=184 | hint: calls=13248 total=7.893s encode=0.038s wait=7.854s drain=0.000s waits=13103 untimed=13103
[kernel-split] single: calls=14138 total=48.671s encode=1.645s wait=0.604s drain=46.422s waits=15175 untimed=11866 | wide: calls=1112 total=5.958s encode=0.419s wait=5.101s drain=0.438s waits=1112 untimed=0
[kernel-sub] materialize=0.165s moe=6.733s precommit=46.634s rest=1.097s
[metal-cache] calls=21197 zero_copy_wraps=321 copies=0 cache_entries=139 bindless=true
 subtract
[stats] generated=144 elapsed=272.248s speed=0.5289 token/s (1.891 s/token) chunks=145 committed_rows=214 verify_tx=0 drafts=0/0 layer_passes=13485 expert_rows=19688 expert_tiles=14203
[opens] expert file opens=583441 total=9.879s mean=0.017ms requested_bytes=6176885374144 (6176.9 GB)
[arrival] tiles=1188 waves=2332 uncovered_wait=43.392s dispatch=7.095s
[retain] enabled=false cap_gb=8 layers=63..=92 consults=0 wanted=0 hits=0 inserts=0 served=0.0MB
[summer] enabled=false cap_gb=8 sample=16 consults=0 wanted=0 hits=0 hit_rate=0.0% misses=0 inserts=0 evictions=0 recycled=0 allocs=0 pin_skips=0 gated=0 ramp=2..50 bar=0 suppressed=0 wide_skips=0 served=0.0MB copied=0.0MB ssd_avoided=0.0GB live=0/0.0GB model=0 protected=0 declined=0 topup_suppressed=0 aged=0 into=0/0/0 pending=0
[mirror-split] internal=0 K3C=0 K3B=0 K3A=0  shares=0%/0%/0%/0%
[phases] mono=393229.030994 chunks=145 sequence=272.058s read_wait=0.171s bind_upload=1.719s attention_resident=13.676s expert_read_prefetch=155.578s expert_demand_read=91.005s expert_plan=8.191s expert_hint=0.001s expert_submit=0.001s expert_kernel=98.432s source_fence=0.001s tail_head_sync=2.128s layer_other=0.299s expert_read_gross=147.386s plan_hint=7.965s plan_sched=0.222s attn_total=13.641s attn_encode=5.258s attn_wait=6.162s attn_drain=2.221s kernel_total=54.977s kernel_host=2.074s kernel_wait=5.707s kernel_drain=47.196s
[attn-split] single: calls=13299 total=10.215s encode=4.491s wait=3.504s drain=2.221s waits=23023 untimed=3461 | wide: calls=186 total=3.426s encode=0.768s wait=2.659s drain=0.000s waits=184 untimed=184 | hint: calls=13340 total=7.955s encode=0.039s wait=7.916s drain=0.000s waits=13194 untimed=13194
[kernel-split] single: calls=14235 total=49.019s encode=1.655s wait=0.607s drain=46.757s waits=15278 untimed=11953 | wide: calls=1112 total=5.958s encode=0.419s wait=5.101s drain=0.438s waits=1112 untimed=0
[kernel-sub] materialize=0.165s moe=6.739s precommit=46.971s rest=1.102s
[metal-cache] calls=21294 zero_copy_wraps=321 copies=0 cache_entries=139 bindless=true
 tax
[stats] generated=145 elapsed=273.678s speed=0.5298 token/s (1.887 s/token) chunks=146 committed_rows=215 verify_tx=0 drafts=0/0 layer_passes=13578 expert_rows=19780 expert_tiles=14295
[opens] expert file opens=587324 total=9.953s mean=0.017ms requested_bytes=6210944662720 (6210.9 GB)
[arrival] tiles=1189 waves=2340 uncovered_wait=43.402s dispatch=7.102s
[retain] enabled=false cap_gb=8 layers=63..=92 consults=0 wanted=0 hits=0 inserts=0 served=0.0MB
[summer] enabled=false cap_gb=8 sample=16 consults=0 wanted=0 hits=0 hit_rate=0.0% misses=0 inserts=0 evictions=0 recycled=0 allocs=0 pin_skips=0 gated=0 ramp=2..50 bar=0 suppressed=0 wide_skips=0 served=0.0MB copied=0.0MB ssd_avoided=0.0GB live=0/0.0GB model=0 protected=0 declined=0 topup_suppressed=0 aged=0 into=0/0/0 pending=0
[mirror-split] internal=0 K3C=0 K3B=0 K3A=0  shares=0%/0%/0%/0%
[phases] mono=393230.460709 chunks=146 sequence=273.487s read_wait=0.171s bind_upload=1.719s attention_resident=13.742s expert_read_prefetch=156.589s expert_demand_read=91.624s expert_plan=8.257s expert_hint=0.001s expert_submit=0.001s expert_kernel=98.771s source_fence=0.001s tail_head_sync=2.140s layer_other=0.301s expert_read_gross=148.330s plan_hint=8.030s plan_sched=0.223s attn_total=13.707s attn_encode=5.286s attn_wait=6.193s attn_drain=2.228s kernel_total=55.305s kernel_host=2.083s kernel_wait=5.711s kernel_drain=47.511s
[attn-split] single: calls=13392 total=10.280s encode=4.518s wait=3.534s drain=2.228s waits=23184 untimed=3493 | wide: calls=186 total=3.426s encode=0.768s wait=2.659s drain=0.000s waits=184 untimed=184 | hint: calls=13432 total=8.020s encode=0.039s wait=7.981s drain=0.000s waits=13285 untimed=13285
[kernel-split] single: calls=14334 total=49.346s encode=1.664s wait=0.610s drain=47.073s waits=15385 untimed=12035 | wide: calls=1112 total=5.958s encode=0.419s wait=5.101s drain=0.438s waits=1112 untimed=0
[kernel-sub] materialize=0.165s moe=6.745s precommit=47.288s rest=1.107s
[metal-cache] calls=21393 zero_copy_wraps=321 copies=0 cache_entries=139 bindless=true
 from
[stats] generated=146 elapsed=275.136s speed=0.5306 token/s (1.884 s/token) chunks=147 committed_rows=216 verify_tx=0 drafts=0/0 layer_passes=13671 expert_rows=19872 expert_tiles=14387
[opens] expert file opens=591251 total=10.040s mean=0.017ms requested_bytes=6245337447616 (6245.3 GB)
[arrival] tiles=1190 waves=2348 uncovered_wait=43.414s dispatch=7.110s
[retain] enabled=false cap_gb=8 layers=63..=92 consults=0 wanted=0 hits=0 inserts=0 served=0.0MB
[summer] enabled=false cap_gb=8 sample=16 consults=0 wanted=0 hits=0 hit_rate=0.0% misses=0 inserts=0 evictions=0 recycled=0 allocs=0 pin_skips=0 gated=0 ramp=2..50 bar=0 suppressed=0 wide_skips=0 served=0.0MB copied=0.0MB ssd_avoided=0.0GB live=0/0.0GB model=0 protected=0 declined=0 topup_suppressed=0 aged=0 into=0/0/0 pending=0
[mirror-split] internal=0 K3C=0 K3B=0 K3A=0  shares=0%/0%/0%/0%
[phases] mono=393231.918783 chunks=147 sequence=274.944s read_wait=0.171s bind_upload=1.719s attention_resident=13.845s expert_read_prefetch=157.592s expert_demand_read=92.241s expert_plan=8.310s expert_hint=0.001s expert_submit=0.001s expert_kernel=99.102s source_fence=0.001s tail_head_sync=2.157s layer_other=0.302s expert_read_gross=149.281s plan_hint=8.081s plan_sched=0.224s attn_total=13.810s attn_encode=5.339s attn_wait=6.224s attn_drain=2.248s kernel_total=55.624s kernel_host=2.092s kernel_wait=5.715s kernel_drain=47.817s
[attn-split] single: calls=13485 total=10.384s encode=4.571s wait=3.565s drain=2.248s waits=23345 untimed=3529 | wide: calls=186 total=3.426s encode=0.768s wait=2.659s drain=0.000s waits=184 untimed=184 | hint: calls=13524 total=8.071s encode=0.039s wait=8.032s drain=0.000s waits=13376 untimed=13376
[kernel-split] single: calls=14433 total=49.666s encode=1.673s wait=0.614s drain=47.379s waits=15492 untimed=12126 | wide: calls=1112 total=5.958s encode=0.419s wait=5.101s drain=0.438s waits=1112 untimed=0
[kernel-sub] materialize=0.165s moe=6.753s precommit=47.594s rest=1.111s
[metal-cache] calls=21492 zero_copy_wraps=321 copies=0 cache_entries=139 bindless=true
 operating
[stats] generated=147 elapsed=276.586s speed=0.5315 token/s (1.882 s/token) chunks=148 committed_rows=217 verify_tx=0 drafts=0/0 layer_passes=13764 expert_rows=19964 expert_tiles=14479
[opens] expert file opens=595166 total=10.117s mean=0.017ms requested_bytes=6279703805120 (6279.7 GB)
[arrival] tiles=1191 waves=2356 uncovered_wait=43.428s dispatch=7.117s
[retain] enabled=false cap_gb=8 layers=63..=92 consults=0 wanted=0 hits=0 inserts=0 served=0.0MB
[summer] enabled=false cap_gb=8 sample=16 consults=0 wanted=0 hits=0 hit_rate=0.0% misses=0 inserts=0 evictions=0 recycled=0 allocs=0 pin_skips=0 gated=0 ramp=2..50 bar=0 suppressed=0 wide_skips=0 served=0.0MB copied=0.0MB ssd_avoided=0.0GB live=0/0.0GB model=0 protected=0 declined=0 topup_suppressed=0 aged=0 into=0/0/0 pending=0
[mirror-split] internal=0 K3C=0 K3B=0 K3A=0  shares=0%/0%/0%/0%
[phases] mono=393233.369286 chunks=148 sequence=276.394s read_wait=0.171s bind_upload=1.719s attention_resident=13.913s expert_read_prefetch=158.587s expert_demand_read=92.839s expert_plan=8.368s expert_hint=0.001s expert_submit=0.001s expert_kernel=99.471s source_fence=0.001s tail_head_sync=2.174s layer_other=0.303s expert_read_gross=150.219s plan_hint=8.138s plan_sched=0.226s attn_total=13.878s attn_encode=5.368s attn_wait=6.251s attn_drain=2.259s kernel_total=55.978s kernel_host=2.103s kernel_wait=5.718s kernel_drain=48.157s
[attn-split] single: calls=13578 total=10.452s encode=4.600s wait=3.593s drain=2.259s waits=23506 untimed=3556 | wide: calls=186 total=3.426s encode=0.768s wait=2.659s drain=0.000s waits=184 untimed=184 | hint: calls=13616 total=8.128s encode=0.039s wait=8.088s drain=0.000s waits=13467 untimed=13467
[kernel-split] single: calls=14532 total=50.020s encode=1.683s wait=0.618s drain=47.718s waits=15599 untimed=12211 | wide: calls=1112 total=5.958s encode=0.419s wait=5.101s drain=0.438s waits=1112 untimed=0
[kernel-sub] materialize=0.165s moe=6.760s precommit=47.936s rest=1.117s
[metal-cache] calls=21591 zero_copy_wraps=321 copies=0 cache_entries=139 bindless=true
[route-chain] chained=9660
[route-chain] dedup_hits=9660
 profit
[stats] generated=148 elapsed=278.073s speed=0.5322 token/s (1.879 s/token) chunks=149 committed_rows=218 verify_tx=0 drafts=0/0 layer_passes=13857 expert_rows=20056 expert_tiles=14571
[opens] expert file opens=599207 total=10.211s mean=0.017ms requested_bytes=6315105483968 (6315.1 GB)
[arrival] tiles=1192 waves=2363 uncovered_wait=43.442s dispatch=7.124s
[retain] enabled=false cap_gb=8 layers=63..=92 consults=0 wanted=0 hits=0 inserts=0 served=0.0MB
[summer] enabled=false cap_gb=8 sample=16 consults=0 wanted=0 hits=0 hit_rate=0.0% misses=0 inserts=0 evictions=0 recycled=0 allocs=0 pin_skips=0 gated=0 ramp=2..50 bar=0 suppressed=0 wide_skips=0 served=0.0MB copied=0.0MB ssd_avoided=0.0GB live=0/0.0GB model=0 protected=0 declined=0 topup_suppressed=0 aged=0 into=0/0/0 pending=0
[mirror-split] internal=0 K3C=0 K3B=0 K3A=0  shares=0%/0%/0%/0%
[phases] mono=393234.855440 chunks=149 sequence=277.878s read_wait=0.171s bind_upload=1.719s attention_resident=13.984s expert_read_prefetch=159.644s expert_demand_read=93.494s expert_plan=8.419s expert_hint=0.001s expert_submit=0.001s expert_kernel=99.812s source_fence=0.001s tail_head_sync=2.188s layer_other=0.305s expert_read_gross=151.224s plan_hint=8.188s plan_sched=0.227s attn_total=13.949s attn_encode=5.395s attn_wait=6.277s attn_drain=2.277s kernel_total=56.305s kernel_host=2.113s kernel_wait=5.722s kernel_drain=48.470s
[attn-split] single: calls=13671 total=10.522s encode=4.627s wait=3.618s drain=2.277s waits=23667 untimed=3584 | wide: calls=186 total=3.426s encode=0.768s wait=2.659s drain=0.000s waits=184 untimed=184 | hint: calls=13708 total=8.178s encode=0.040s wait=8.138s drain=0.000s waits=13558 untimed=13558
[kernel-split] single: calls=14630 total=50.347s encode=1.694s wait=0.621s drain=48.032s waits=15704 untimed=12302 | wide: calls=1112 total=5.958s encode=0.419s wait=5.101s drain=0.438s waits=1112 untimed=0
[kernel-sub] materialize=0.165s moe=6.767s precommit=48.251s rest=1.122s
[metal-cache] calls=21689 zero_copy_wraps=321 copies=0 cache_entries=139 bindless=true
:
[stats] generated=149 elapsed=279.638s speed=0.5328 token/s (1.877 s/token) chunks=150 committed_rows=219 verify_tx=0 drafts=0/0 layer_passes=13950 expert_rows=20148 expert_tiles=14663
[opens] expert file opens=603360 total=10.281s mean=0.017ms requested_bytes=6351524936896 (6351.5 GB)
[arrival] tiles=1193 waves=2371 uncovered_wait=43.454s dispatch=7.131s
[retain] enabled=false cap_gb=8 layers=63..=92 consults=0 wanted=0 hits=0 inserts=0 served=0.0MB
[summer] enabled=false cap_gb=8 sample=16 consults=0 wanted=0 hits=0 hit_rate=0.0% misses=0 inserts=0 evictions=0 recycled=0 allocs=0 pin_skips=0 gated=0 ramp=2..50 bar=0 suppressed=0 wide_skips=0 served=0.0MB copied=0.0MB ssd_avoided=0.0GB live=0/0.0GB model=0 protected=0 declined=0 topup_suppressed=0 aged=0 into=0/0/0 pending=0
[mirror-split] internal=0 K3C=0 K3B=0 K3A=0  shares=0%/0%/0%/0%
[phases] mono=393236.420934 chunks=150 sequence=279.442s read_wait=0.171s bind_upload=1.719s attention_resident=14.048s expert_read_prefetch=160.779s expert_demand_read=94.155s expert_plan=8.474s expert_hint=0.001s expert_submit=0.001s expert_kernel=100.160s source_fence=0.001s tail_head_sync=2.204s layer_other=0.307s expert_read_gross=152.304s plan_hint=8.242s plan_sched=0.228s attn_total=14.012s attn_encode=5.419s attn_wait=6.303s attn_drain=2.290s kernel_total=56.641s kernel_host=2.122s kernel_wait=5.725s kernel_drain=48.793s
[attn-split] single: calls=13764 total=10.586s encode=4.651s wait=3.645s drain=2.290s waits=23828 untimed=3623 | wide: calls=186 total=3.426s encode=0.768s wait=2.659s drain=0.000s waits=184 untimed=184 | hint: calls=13800 total=8.231s encode=0.040s wait=8.192s drain=0.000s waits=13649 untimed=13649
[kernel-split] single: calls=14729 total=50.683s encode=1.703s wait=0.625s drain=48.355s waits=15811 untimed=12393 | wide: calls=1112 total=5.958s encode=0.419s wait=5.101s drain=0.438s waits=1112 untimed=0
[kernel-sub] materialize=0.165s moe=6.773s precommit=48.575s rest=1.127s
[metal-cache] calls=21788 zero_copy_wraps=321 copies=0 cache_entries=139 bindless=true
  

[stats] generated=150 elapsed=281.166s speed=0.5335 token/s (1.874 s/token) chunks=151 committed_rows=220 verify_tx=0 drafts=0/0 layer_passes=14043 expert_rows=20240 expert_tiles=14755
[opens] expert file opens=607418 total=10.353s mean=0.017ms requested_bytes=6387137166528 (6387.1 GB)
[arrival] tiles=1194 waves=2378 uncovered_wait=43.464s dispatch=7.139s
[retain] enabled=false cap_gb=8 layers=63..=92 consults=0 wanted=0 hits=0 inserts=0 served=0.0MB
[summer] enabled=false cap_gb=8 sample=16 consults=0 wanted=0 hits=0 hit_rate=0.0% misses=0 inserts=0 evictions=0 recycled=0 allocs=0 pin_skips=0 gated=0 ramp=2..50 bar=0 suppressed=0 wide_skips=0 served=0.0MB copied=0.0MB ssd_avoided=0.0GB live=0/0.0GB model=0 protected=0 declined=0 topup_suppressed=0 aged=0 into=0/0/0 pending=0
[mirror-split] internal=0 K3C=0 K3B=0 K3A=0  shares=0%/0%/0%/0%
[phases] mono=393237.948973 chunks=151 sequence=280.969s read_wait=0.171s bind_upload=1.719s attention_resident=14.131s expert_read_prefetch=161.848s expert_demand_read=94.745s expert_plan=8.526s expert_hint=0.001s expert_submit=0.001s expert_kernel=100.517s source_fence=0.001s tail_head_sync=2.220s layer_other=0.308s expert_read_gross=153.321s plan_hint=8.294s plan_sched=0.228s attn_total=14.095s attn_encode=5.460s attn_wait=6.335s attn_drain=2.300s kernel_total=56.987s kernel_host=2.132s kernel_wait=5.731s kernel_drain=49.125s
[attn-split] single: calls=13857 total=10.669s encode=4.692s wait=3.676s drain=2.300s waits=23989 untimed=3662 | wide: calls=186 total=3.426s encode=0.768s wait=2.659s drain=0.000s waits=184 untimed=184 | hint: calls=13892 total=8.283s encode=0.040s wait=8.243s drain=0.000s waits=13740 untimed=13740
[kernel-split] single: calls=14827 total=51.029s encode=1.712s wait=0.630s drain=48.687s waits=15916 untimed=12483 | wide: calls=1112 total=5.958s encode=0.419s wait=5.101s drain=0.438s waits=1112 untimed=0
[kernel-sub] materialize=0.165s moe=6.781s precommit=48.909s rest=1.132s
[metal-cache] calls=21886 zero_copy_wraps=321 copies=0 cache_entries=139 bindless=true
Net
[stats] generated=151 elapsed=282.743s speed=0.5341 token/s (1.872 s/token) chunks=152 committed_rows=221 verify_tx=0 drafts=0/0 layer_passes=14136 expert_rows=20332 expert_tiles=14847
[opens] expert file opens=611575 total=10.431s mean=0.017ms requested_bytes=6423600463040 (6423.6 GB)
[arrival] tiles=1195 waves=2386 uncovered_wait=43.481s dispatch=7.146s
[retain] enabled=false cap_gb=8 layers=63..=92 consults=0 wanted=0 hits=0 inserts=0 served=0.0MB
[summer] enabled=false cap_gb=8 sample=16 consults=0 wanted=0 hits=0 hit_rate=0.0% misses=0 inserts=0 evictions=0 recycled=0 allocs=0 pin_skips=0 gated=0 ramp=2..50 bar=0 suppressed=0 wide_skips=0 served=0.0MB copied=0.0MB ssd_avoided=0.0GB live=0/0.0GB model=0 protected=0 declined=0 topup_suppressed=0 aged=0 into=0/0/0 pending=0
[mirror-split] internal=0 K3C=0 K3B=0 K3A=0  shares=0%/0%/0%/0%
[phases] mono=393239.526332 chunks=152 sequence=282.546s read_wait=0.171s bind_upload=1.719s attention_resident=14.197s expert_read_prefetch=163.002s expert_demand_read=95.404s expert_plan=8.588s expert_hint=0.001s expert_submit=0.001s expert_kernel=100.854s source_fence=0.001s tail_head_sync=2.237s layer_other=0.309s expert_read_gross=154.413s plan_hint=8.354s plan_sched=0.230s attn_total=14.161s attn_encode=5.485s attn_wait=6.359s attn_drain=2.316s kernel_total=57.308s kernel_host=2.141s kernel_wait=5.734s kernel_drain=49.433s
[attn-split] single: calls=13950 total=10.734s encode=4.718s wait=3.701s drain=2.316s waits=24150 untimed=3700 | wide: calls=186 total=3.426s encode=0.768s wait=2.659s drain=0.000s waits=184 untimed=184 | hint: calls=13984 total=8.344s encode=0.040s wait=8.303s drain=0.000s waits=13831 untimed=13831
[kernel-split] single: calls=14926 total=51.350s encode=1.722s wait=0.634s drain=48.994s waits=16023 untimed=12569 | wide: calls=1112 total=5.958s encode=0.419s wait=5.101s drain=0.438s waits=1112 untimed=0
[kernel-sub] materialize=0.165s moe=6.789s precommit=49.217s rest=1.137s
[metal-cache] calls=21985 zero_copy_wraps=321 copies=0 cache_entries=139 bindless=true
 Profit
[stats] generated=152 elapsed=284.291s speed=0.5347 token/s (1.870 s/token) chunks=153 committed_rows=222 verify_tx=0 drafts=0/0 layer_passes=14229 expert_rows=20424 expert_tiles=14939
[opens] expert file opens=615655 total=10.507s mean=0.017ms requested_bytes=6459335556288 (6459.3 GB)
[arrival] tiles=1196 waves=2394 uncovered_wait=43.492s dispatch=7.153s
[retain] enabled=false cap_gb=8 layers=63..=92 consults=0 wanted=0 hits=0 inserts=0 served=0.0MB
[summer] enabled=false cap_gb=8 sample=16 consults=0 wanted=0 hits=0 hit_rate=0.0% misses=0 inserts=0 evictions=0 recycled=0 allocs=0 pin_skips=0 gated=0 ramp=2..50 bar=0 suppressed=0 wide_skips=0 served=0.0MB copied=0.0MB ssd_avoided=0.0GB live=0/0.0GB model=0 protected=0 declined=0 topup_suppressed=0 aged=0 into=0/0/0 pending=0
[mirror-split] internal=0 K3C=0 K3B=0 K3A=0  shares=0%/0%/0%/0%
[phases] mono=393241.074172 chunks=153 sequence=284.093s read_wait=0.171s bind_upload=1.719s attention_resident=14.262s expert_read_prefetch=164.129s expert_demand_read=96.062s expert_plan=8.639s expert_hint=0.001s expert_submit=0.001s expert_kernel=101.194s source_fence=0.001s tail_head_sync=2.251s layer_other=0.311s expert_read_gross=155.488s plan_hint=8.405s plan_sched=0.231s attn_total=14.226s attn_encode=5.510s attn_wait=6.387s attn_drain=2.329s kernel_total=57.636s kernel_host=2.151s kernel_wait=5.738s kernel_drain=49.747s
[attn-split] single: calls=14043 total=10.799s encode=4.742s wait=3.729s drain=2.329s waits=24311 untimed=3727 | wide: calls=186 total=3.426s encode=0.768s wait=2.659s drain=0.000s waits=184 untimed=184 | hint: calls=14076 total=8.394s encode=0.040s wait=8.353s drain=0.000s waits=13922 untimed=13922
[kernel-split] single: calls=15025 total=51.678s encode=1.732s wait=0.637s drain=49.308s waits=16130 untimed=12661 | wide: calls=1112 total=5.958s encode=0.419s wait=5.101s drain=0.438s waits=1112 untimed=0
[kernel-sub] materialize=0.165s moe=6.796s precommit=49.533s rest=1.142s
[metal-cache] calls=22084 zero_copy_wraps=321 copies=0 cache_entries=139 bindless=true
 =
[stats] generated=153 elapsed=285.810s speed=0.5353 token/s (1.868 s/token) chunks=154 committed_rows=223 verify_tx=0 drafts=0/0 layer_passes=14322 expert_rows=20516 expert_tiles=15031
[opens] expert file opens=619661 total=10.580s mean=0.017ms requested_bytes=6494456478912 (6494.5 GB)
[arrival] tiles=1197 waves=2402 uncovered_wait=43.507s dispatch=7.161s
[retain] enabled=false cap_gb=8 layers=63..=92 consults=0 wanted=0 hits=0 inserts=0 served=0.0MB
[summer] enabled=false cap_gb=8 sample=16 consults=0 wanted=0 hits=0 hit_rate=0.0% misses=0 inserts=0 evictions=0 recycled=0 allocs=0 pin_skips=0 gated=0 ramp=2..50 bar=0 suppressed=0 wide_skips=0 served=0.0MB copied=0.0MB ssd_avoided=0.0GB live=0/0.0GB model=0 protected=0 declined=0 topup_suppressed=0 aged=0 into=0/0/0 pending=0
[mirror-split] internal=0 K3C=0 K3B=0 K3A=0  shares=0%/0%/0%/0%
[phases] mono=393242.592816 chunks=154 sequence=285.611s read_wait=0.171s bind_upload=1.719s attention_resident=14.324s expert_read_prefetch=165.218s expert_demand_read=96.649s expert_plan=8.690s expert_hint=0.001s expert_submit=0.001s expert_kernel=101.546s source_fence=0.001s tail_head_sync=2.265s layer_other=0.312s expert_read_gross=156.527s plan_hint=8.454s plan_sched=0.232s attn_total=14.288s attn_encode=5.536s attn_wait=6.409s attn_drain=2.344s kernel_total=57.973s kernel_host=2.160s kernel_wait=5.743s kernel_drain=50.070s
[attn-split] single: calls=14136 total=10.862s encode=4.768s wait=3.750s drain=2.344s waits=24472 untimed=3754 | wide: calls=186 total=3.426s encode=0.768s wait=2.659s drain=0.000s waits=184 untimed=184 | hint: calls=14168 total=8.443s encode=0.041s wait=8.403s drain=0.000s waits=14013 untimed=14013
[kernel-split] single: calls=15124 total=52.014s encode=1.741s wait=0.642s drain=49.631s waits=16237 untimed=12750 | wide: calls=1112 total=5.958s encode=0.419s wait=5.101s drain=0.438s waits=1112 untimed=0
[kernel-sub] materialize=0.165s moe=6.803s precommit=49.857s rest=1.147s
[metal-cache] calls=22183 zero_copy_wraps=321 copies=0 cache_entries=139 bindless=true
 Operating
[stats] generated=154 elapsed=287.414s speed=0.5358 token/s (1.866 s/token) chunks=155 committed_rows=224 verify_tx=0 drafts=0/0 layer_passes=14415 expert_rows=20608 expert_tiles=15123
[opens] expert file opens=623825 total=10.672s mean=0.017ms requested_bytes=6530954869952 (6531.0 GB)
[arrival] tiles=1198 waves=2408 uncovered_wait=43.518s dispatch=7.168s
[retain] enabled=false cap_gb=8 layers=63..=92 consults=0 wanted=0 hits=0 inserts=0 served=0.0MB
[summer] enabled=false cap_gb=8 sample=16 consults=0 wanted=0 hits=0 hit_rate=0.0% misses=0 inserts=0 evictions=0 recycled=0 allocs=0 pin_skips=0 gated=0 ramp=2..50 bar=0 suppressed=0 wide_skips=0 served=0.0MB copied=0.0MB ssd_avoided=0.0GB live=0/0.0GB model=0 protected=0 declined=0 topup_suppressed=0 aged=0 into=0/0/0 pending=0
[mirror-split] internal=0 K3C=0 K3B=0 K3A=0  shares=0%/0%/0%/0%
[phases] mono=393244.196557 chunks=155 sequence=287.214s read_wait=0.171s bind_upload=1.719s attention_resident=14.410s expert_read_prefetch=166.340s expert_demand_read=97.289s expert_plan=8.745s expert_hint=0.001s expert_submit=0.001s expert_kernel=101.926s source_fence=0.001s tail_head_sync=2.278s layer_other=0.314s expert_read_gross=157.595s plan_hint=8.508s plan_sched=0.233s attn_total=14.374s attn_encode=5.577s attn_wait=6.432s attn_drain=2.365s kernel_total=58.341s kernel_host=2.171s kernel_wait=5.746s kernel_drain=50.425s
[attn-split] single: calls=14229 total=10.947s encode=4.809s wait=3.773s drain=2.365s waits=24633 untimed=3780 | wide: calls=186 total=3.426s encode=0.768s wait=2.659s drain=0.000s waits=184 untimed=184 | hint: calls=14260 total=8.497s encode=0.041s wait=8.456s drain=0.000s waits=14104 untimed=14104
[kernel-split] single: calls=15221 total=52.383s encode=1.751s wait=0.645s drain=49.986s waits=16340 untimed=12840 | wide: calls=1112 total=5.958s encode=0.419s wait=5.101s drain=0.438s waits=1112 untimed=0
[kernel-sub] materialize=0.165s moe=6.810s precommit=50.214s rest=1.152s
[metal-cache] calls=22280 zero_copy_wraps=321 copies=0 cache_entries=139 bindless=true
 Profit
[stats] generated=155 elapsed=288.915s speed=0.5365 token/s (1.864 s/token) chunks=156 committed_rows=225 verify_tx=0 drafts=0/0 layer_passes=14508 expert_rows=20700 expert_tiles=15215
[opens] expert file opens=627840 total=10.733s mean=0.017ms requested_bytes=6566137216192 (6566.1 GB)
[arrival] tiles=1199 waves=2416 uncovered_wait=43.532s dispatch=7.176s
[retain] enabled=false cap_gb=8 layers=63..=92 consults=0 wanted=0 hits=0 inserts=0 served=0.0MB
[summer] enabled=false cap_gb=8 sample=16 consults=0 wanted=0 hits=0 hit_rate=0.0% misses=0 inserts=0 evictions=0 recycled=0 allocs=0 pin_skips=0 gated=0 ramp=2..50 bar=0 suppressed=0 wide_skips=0 served=0.0MB copied=0.0MB ssd_avoided=0.0GB live=0/0.0GB model=0 protected=0 declined=0 topup_suppressed=0 aged=0 into=0/0/0 pending=0
[mirror-split] internal=0 K3C=0 K3B=0 K3A=0  shares=0%/0%/0%/0%
[phases] mono=393245.697580 chunks=156 sequence=288.713s read_wait=0.171s bind_upload=1.719s attention_resident=14.485s expert_read_prefetch=167.410s expert_demand_read=97.899s expert_plan=8.800s expert_hint=0.001s expert_submit=0.001s expert_kernel=102.266s source_fence=0.001s tail_head_sync=2.291s layer_other=0.315s expert_read_gross=158.609s plan_hint=8.562s plan_sched=0.234s attn_total=14.449s attn_encode=5.603s attn_wait=6.463s attn_drain=2.383s kernel_total=58.667s kernel_host=2.180s kernel_wait=5.750s kernel_drain=50.737s
[attn-split] single: calls=14322 total=11.022s encode=4.836s wait=3.804s drain=2.383s waits=24794 untimed=3808 | wide: calls=186 total=3.426s encode=0.768s wait=2.659s drain=0.000s waits=184 untimed=184 | hint: calls=14352 total=8.551s encode=0.041s wait=8.510s drain=0.000s waits=14195 untimed=14195
[kernel-split] single: calls=15320 total=52.709s encode=1.761s wait=0.649s drain=50.299s waits=16447 untimed=12929 | wide: calls=1112 total=5.958s encode=0.419s wait=5.101s drain=0.438s waits=1112 untimed=0
[kernel-sub] materialize=0.165s moe=6.817s precommit=50.527s rest=1.157s
[metal-cache] calls=22379 zero_copy_wraps=321 copies=0 cache_entries=139 bindless=true
 −
[stats] generated=156 elapsed=290.454s speed=0.5371 token/s (1.862 s/token) chunks=157 committed_rows=226 verify_tx=0 drafts=0/0 layer_passes=14601 expert_rows=20792 expert_tiles=15307
[opens] expert file opens=631961 total=10.797s mean=0.017ms requested_bytes=6602240801984 (6602.2 GB)
[arrival] tiles=1200 waves=2423 uncovered_wait=43.546s dispatch=7.182s
[retain] enabled=false cap_gb=8 layers=63..=92 consults=0 wanted=0 hits=0 inserts=0 served=0.0MB
[summer] enabled=false cap_gb=8 sample=16 consults=0 wanted=0 hits=0 hit_rate=0.0% misses=0 inserts=0 evictions=0 recycled=0 allocs=0 pin_skips=0 gated=0 ramp=2..50 bar=0 suppressed=0 wide_skips=0 served=0.0MB copied=0.0MB ssd_avoided=0.0GB live=0/0.0GB model=0 protected=0 declined=0 topup_suppressed=0 aged=0 into=0/0/0 pending=0
[mirror-split] internal=0 K3C=0 K3B=0 K3A=0  shares=0%/0%/0%/0%
[phases] mono=393247.236659 chunks=157 sequence=290.251s read_wait=0.171s bind_upload=1.719s attention_resident=14.557s expert_read_prefetch=168.509s expert_demand_read=98.572s expert_plan=8.859s expert_hint=0.001s expert_submit=0.001s expert_kernel=102.613s source_fence=0.001s tail_head_sync=2.308s layer_other=0.317s expert_read_gross=159.649s plan_hint=8.620s plan_sched=0.235s attn_total=14.521s attn_encode=5.629s attn_wait=6.492s attn_drain=2.399s kernel_total=59.001s kernel_host=2.190s kernel_wait=5.753s kernel_drain=51.058s
[attn-split] single: calls=14415 total=11.094s encode=4.861s wait=3.834s drain=2.399s waits=24955 untimed=3832 | wide: calls=186 total=3.426s encode=0.768s wait=2.659s drain=0.000s waits=184 untimed=184 | hint: calls=14444 total=8.609s encode=0.041s wait=8.568s drain=0.000s waits=14286 untimed=14286
[kernel-split] single: calls=15418 total=53.043s encode=1.771s wait=0.653s drain=50.619s waits=16552 untimed=13018 | wide: calls=1112 total=5.958s encode=0.419s wait=5.101s drain=0.438s waits=1112 untimed=0
[kernel-sub] materialize=0.165s moe=6.824s precommit=50.849s rest=1.163s
[metal-cache] calls=22477 zero_copy_wraps=321 copies=0 cache_entries=139 bindless=true
 Tax
[stats] generated=157 elapsed=291.943s speed=0.5378 token/s (1.860 s/token) chunks=158 committed_rows=227 verify_tx=0 drafts=0/0 layer_passes=14694 expert_rows=20884 expert_tiles=15399
[opens] expert file opens=635935 total=10.861s mean=0.017ms requested_bytes=6637037108416 (6637.0 GB)
[arrival] tiles=1201 waves=2431 uncovered_wait=43.557s dispatch=7.188s
[retain] enabled=false cap_gb=8 layers=63..=92 consults=0 wanted=0 hits=0 inserts=0 served=0.0MB
[summer] enabled=false cap_gb=8 sample=16 consults=0 wanted=0 hits=0 hit_rate=0.0% misses=0 inserts=0 evictions=0 recycled=0 allocs=0 pin_skips=0 gated=0 ramp=2..50 bar=0 suppressed=0 wide_skips=0 served=0.0MB copied=0.0MB ssd_avoided=0.0GB live=0/0.0GB model=0 protected=0 declined=0 topup_suppressed=0 aged=0 into=0/0/0 pending=0
[mirror-split] internal=0 K3C=0 K3B=0 K3A=0  shares=0%/0%/0%/0%
[phases] mono=393248.726346 chunks=158 sequence=291.740s read_wait=0.171s bind_upload=1.719s attention_resident=14.630s expert_read_prefetch=169.546s expert_demand_read=99.155s expert_plan=8.913s expert_hint=0.001s expert_submit=0.001s expert_kernel=102.978s source_fence=0.001s tail_head_sync=2.321s layer_other=0.318s expert_read_gross=160.632s plan_hint=8.673s plan_sched=0.236s attn_total=14.593s attn_encode=5.659s attn_wait=6.519s attn_drain=2.416s kernel_total=59.354s kernel_host=2.200s kernel_wait=5.757s kernel_drain=51.398s
[attn-split] single: calls=14508 total=11.167s encode=4.891s wait=3.860s drain=2.416s waits=25116 untimed=3856 | wide: calls=186 total=3.426s encode=0.768s wait=2.659s drain=0.000s waits=184 untimed=184 | hint: calls=14536 total=8.662s encode=0.041s wait=8.621s drain=0.000s waits=14377 untimed=14377
[kernel-split] single: calls=15517 total=53.395s encode=1.780s wait=0.656s drain=50.959s waits=16659 untimed=13104 | wide: calls=1112 total=5.958s encode=0.419s wait=5.101s drain=0.438s waits=1112 untimed=0
[kernel-sub] materialize=0.165s moe=6.830s precommit=51.191s rest=1.168s
[metal-cache] calls=22576 zero_copy_wraps=321 copies=0 cache_entries=139 bindless=true
[route-chain] chained=10350
[route-chain] dedup_hits=10350
  

[stats] generated=158 elapsed=293.467s speed=0.5384 token/s (1.857 s/token) chunks=159 committed_rows=228 verify_tx=0 drafts=0/0 layer_passes=14787 expert_rows=20976 expert_tiles=15491
[opens] expert file opens=640053 total=10.935s mean=0.017ms requested_bytes=6673158208704 (6673.2 GB)
[arrival] tiles=1202 waves=2439 uncovered_wait=43.572s dispatch=7.197s
[retain] enabled=false cap_gb=8 layers=63..=92 consults=0 wanted=0 hits=0 inserts=0 served=0.0MB
[summer] enabled=false cap_gb=8 sample=16 consults=0 wanted=0 hits=0 hit_rate=0.0% misses=0 inserts=0 evictions=0 recycled=0 allocs=0 pin_skips=0 gated=0 ramp=2..50 bar=0 suppressed=0 wide_skips=0 served=0.0MB copied=0.0MB ssd_avoided=0.0GB live=0/0.0GB model=0 protected=0 declined=0 topup_suppressed=0 aged=0 into=0/0/0 pending=0
[mirror-split] internal=0 K3C=0 K3B=0 K3A=0  shares=0%/0%/0%/0%
[phases] mono=393250.250202 chunks=159 sequence=293.263s read_wait=0.171s bind_upload=1.719s attention_resident=14.713s expert_read_prefetch=170.621s expert_demand_read=99.803s expert_plan=8.972s expert_hint=0.001s expert_submit=0.001s expert_kernel=103.328s source_fence=0.001s tail_head_sync=2.334s layer_other=0.320s expert_read_gross=161.648s plan_hint=8.731s plan_sched=0.237s attn_total=14.676s attn_encode=5.697s attn_wait=6.546s attn_drain=2.433s kernel_total=59.689s kernel_host=2.209s kernel_wait=5.761s kernel_drain=51.718s
[attn-split] single: calls=14601 total=11.250s encode=4.929s wait=3.887s drain=2.433s waits=25277 untimed=3887 | wide: calls=186 total=3.426s encode=0.768s wait=2.659s drain=0.000s waits=184 untimed=184 | hint: calls=14628 total=8.720s encode=0.042s wait=8.679s drain=0.000s waits=14468 untimed=14468
[kernel-split] single: calls=15616 total=53.730s encode=1.790s wait=0.661s drain=51.279s waits=16766 untimed=13193 | wide: calls=1112 total=5.958s encode=0.419s wait=5.101s drain=0.438s waits=1112 untimed=0
[kernel-sub] materialize=0.165s moe=6.839s precommit=51.512s rest=1.172s
[metal-cache] calls=22675 zero_copy_wraps=321 copies=0 cache_entries=139 bindless=true
Net
[stats] generated=159 elapsed=295.053s speed=0.5389 token/s (1.856 s/token) chunks=160 committed_rows=229 verify_tx=0 drafts=0/0 layer_passes=14880 expert_rows=21068 expert_tiles=15583
[opens] expert file opens=644262 total=11.009s mean=0.017ms requested_bytes=6710033906880 (6710.0 GB)
[arrival] tiles=1203 waves=2445 uncovered_wait=43.581s dispatch=7.205s
[retain] enabled=false cap_gb=8 layers=63..=92 consults=0 wanted=0 hits=0 inserts=0 served=0.0MB
[summer] enabled=false cap_gb=8 sample=16 consults=0 wanted=0 hits=0 hit_rate=0.0% misses=0 inserts=0 evictions=0 recycled=0 allocs=0 pin_skips=0 gated=0 ramp=2..50 bar=0 suppressed=0 wide_skips=0 served=0.0MB copied=0.0MB ssd_avoided=0.0GB live=0/0.0GB model=0 protected=0 declined=0 topup_suppressed=0 aged=0 into=0/0/0 pending=0
[mirror-split] internal=0 K3C=0 K3B=0 K3A=0  shares=0%/0%/0%/0%
[phases] mono=393251.835513 chunks=160 sequence=294.847s read_wait=0.171s bind_upload=1.719s attention_resident=14.779s expert_read_prefetch=171.777s expert_demand_read=100.507s expert_plan=9.039s expert_hint=0.001s expert_submit=0.001s expert_kernel=103.673s source_fence=0.001s tail_head_sync=2.350s layer_other=0.321s expert_read_gross=162.737s plan_hint=8.797s plan_sched=0.238s attn_total=14.741s attn_encode=5.718s attn_wait=6.579s attn_drain=2.445s kernel_total=60.024s kernel_host=2.219s kernel_wait=5.765s kernel_drain=52.040s
[attn-split] single: calls=14694 total=11.315s encode=4.950s wait=3.920s drain=2.445s waits=25438 untimed=3925 | wide: calls=186 total=3.426s encode=0.768s wait=2.659s drain=0.000s waits=184 untimed=184 | hint: calls=14720 total=8.786s encode=0.042s wait=8.744s drain=0.000s waits=14559 untimed=14559
[kernel-split] single: calls=15713 total=54.065s encode=1.800s wait=0.664s drain=51.601s waits=16869 untimed=13281 | wide: calls=1112 total=5.958s encode=0.419s wait=5.101s drain=0.438s waits=1112 untimed=0
[kernel-sub] materialize=0.165s moe=6.846s precommit=51.835s rest=1.177s
[metal-cache] calls=22772 zero_copy_wraps=321 copies=0 cache_entries=139 bindless=true
 Profit
[stats] generated=160 elapsed=296.633s speed=0.5394 token/s (1.854 s/token) chunks=161 committed_rows=230 verify_tx=0 drafts=0/0 layer_passes=14973 expert_rows=21160 expert_tiles=15675
[opens] expert file opens=648512 total=11.078s mean=0.017ms requested_bytes=6747313126592 (6747.3 GB)
[arrival] tiles=1204 waves=2452 uncovered_wait=43.594s dispatch=7.211s
[retain] enabled=false cap_gb=8 layers=63..=92 consults=0 wanted=0 hits=0 inserts=0 served=0.0MB
[summer] enabled=false cap_gb=8 sample=16 consults=0 wanted=0 hits=0 hit_rate=0.0% misses=0 inserts=0 evictions=0 recycled=0 allocs=0 pin_skips=0 gated=0 ramp=2..50 bar=0 suppressed=0 wide_skips=0 served=0.0MB copied=0.0MB ssd_avoided=0.0GB live=0/0.0GB model=0 protected=0 declined=0 topup_suppressed=0 aged=0 into=0/0/0 pending=0
[mirror-split] internal=0 K3C=0 K3B=0 K3A=0  shares=0%/0%/0%/0%
[phases] mono=393253.415491 chunks=161 sequence=296.426s read_wait=0.171s bind_upload=1.719s attention_resident=14.844s expert_read_prefetch=172.909s expert_demand_read=101.186s expert_plan=9.098s expert_hint=0.001s expert_submit=0.001s expert_kernel=104.038s source_fence=0.001s tail_head_sync=2.365s layer_other=0.323s expert_read_gross=163.810s plan_hint=8.854s plan_sched=0.239s attn_total=14.806s attn_encode=5.740s attn_wait=6.606s attn_drain=2.460s kernel_total=60.377s kernel_host=2.229s kernel_wait=5.769s kernel_drain=52.379s
[attn-split] single: calls=14787 total=11.380s encode=4.973s wait=3.947s drain=2.460s waits=25599 untimed=3952 | wide: calls=186 total=3.426s encode=0.768s wait=2.659s drain=0.000s waits=184 untimed=184 | hint: calls=14812 total=8.843s encode=0.042s wait=8.801s drain=0.000s waits=14650 untimed=14650
[kernel-split] single: calls=15811 total=54.418s encode=1.810s wait=0.668s drain=51.941s waits=16974 untimed=13369 | wide: calls=1112 total=5.958s encode=0.419s wait=5.101s drain=0.438s waits=1112 untimed=0
[kernel-sub] materialize=0.165s moe=6.852s precommit=52.176s rest=1.183s
[metal-cache] calls=22870 zero_copy_wraps=321 copies=0 cache_entries=139 bindless=true
 =
[stats] generated=161 elapsed=298.237s speed=0.5398 token/s (1.852 s/token) chunks=162 committed_rows=231 verify_tx=0 drafts=0/0 layer_passes=15066 expert_rows=21252 expert_tiles=15767
[opens] expert file opens=652631 total=11.142s mean=0.017ms requested_bytes=6783399132352 (6783.4 GB)
[arrival] tiles=1205 waves=2459 uncovered_wait=43.609s dispatch=7.218s
[retain] enabled=false cap_gb=8 layers=63..=92 consults=0 wanted=0 hits=0 inserts=0 served=0.0MB
[summer] enabled=false cap_gb=8 sample=16 consults=0 wanted=0 hits=0 hit_rate=0.0% misses=0 inserts=0 evictions=0 recycled=0 allocs=0 pin_skips=0 gated=0 ramp=2..50 bar=0 suppressed=0 wide_skips=0 served=0.0MB copied=0.0MB ssd_avoided=0.0GB live=0/0.0GB model=0 protected=0 declined=0 topup_suppressed=0 aged=0 into=0/0/0 pending=0
[mirror-split] internal=0 K3C=0 K3B=0 K3A=0  shares=0%/0%/0%/0%
[phases] mono=393255.019658 chunks=162 sequence=298.030s read_wait=0.171s bind_upload=1.719s attention_resident=14.913s expert_read_prefetch=174.092s expert_demand_read=101.848s expert_plan=9.163s expert_hint=0.001s expert_submit=0.001s expert_kernel=104.373s source_fence=0.001s tail_head_sync=2.380s layer_other=0.324s expert_read_gross=164.928s plan_hint=8.919s plan_sched=0.240s attn_total=14.876s attn_encode=5.769s attn_wait=6.631s attn_drain=2.476s kernel_total=60.696s kernel_host=2.238s kernel_wait=5.772s kernel_drain=52.686s
[attn-split] single: calls=14880 total=11.449s encode=5.001s wait=3.972s drain=2.476s waits=25760 untimed=3984 | wide: calls=186 total=3.426s encode=0.768s wait=2.659s drain=0.000s waits=184 untimed=184 | hint: calls=14904 total=8.908s encode=0.042s wait=8.865s drain=0.000s waits=14741 untimed=14741
[kernel-split] single: calls=15909 total=54.738s encode=1.819s wait=0.672s drain=52.248s waits=17079 untimed=13460 | wide: calls=1112 total=5.958s encode=0.419s wait=5.101s drain=0.438s waits=1112 untimed=0
[kernel-sub] materialize=0.165s moe=6.859s precommit=52.485s rest=1.188s
[metal-cache] calls=22968 zero_copy_wraps=321 copies=0 cache_entries=139 bindless=true
 
[stats] generated=162 elapsed=299.805s speed=0.5404 token/s (1.851 s/token) chunks=163 committed_rows=232 verify_tx=0 drafts=0/0 layer_passes=15159 expert_rows=21344 expert_tiles=15859
[opens] expert file opens=656805 total=11.213s mean=0.017ms requested_bytes=6820002790592 (6820.0 GB)
[arrival] tiles=1206 waves=2467 uncovered_wait=43.620s dispatch=7.224s
[retain] enabled=false cap_gb=8 layers=63..=92 consults=0 wanted=0 hits=0 inserts=0 served=0.0MB
[summer] enabled=false cap_gb=8 sample=16 consults=0 wanted=0 hits=0 hit_rate=0.0% misses=0 inserts=0 evictions=0 recycled=0 allocs=0 pin_skips=0 gated=0 ramp=2..50 bar=0 suppressed=0 wide_skips=0 served=0.0MB copied=0.0MB ssd_avoided=0.0GB live=0/0.0GB model=0 protected=0 declined=0 topup_suppressed=0 aged=0 into=0/0/0 pending=0
[mirror-split] internal=0 K3C=0 K3B=0 K3A=0  shares=0%/0%/0%/0%
[phases] mono=393256.587976 chunks=163 sequence=299.597s read_wait=0.171s bind_upload=1.719s attention_resident=15.008s expert_read_prefetch=175.209s expert_demand_read=102.526s expert_plan=9.225s expert_hint=0.001s expert_submit=0.001s expert_kernel=104.710s source_fence=0.001s tail_head_sync=2.396s layer_other=0.326s expert_read_gross=165.982s plan_hint=8.980s plan_sched=0.241s attn_total=14.971s attn_encode=5.820s attn_wait=6.653s attn_drain=2.497s kernel_total=61.022s kernel_host=2.247s kernel_wait=5.776s kernel_drain=52.999s
[attn-split] single: calls=14973 total=11.544s encode=5.053s wait=3.994s drain=2.497s waits=25921 untimed=4017 | wide: calls=186 total=3.426s encode=0.768s wait=2.659s drain=0.000s waits=184 untimed=184 | hint: calls=14996 total=8.969s encode=0.043s wait=8.926s drain=0.000s waits=14832 untimed=14832
[kernel-split] single: calls=16008 total=55.063s encode=1.828s wait=0.675s drain=52.561s waits=17186 untimed=13547 | wide: calls=1112 total=5.958s encode=0.419s wait=5.101s drain=0.438s waits=1112 untimed=0
[kernel-sub] materialize=0.165s moe=6.865s precommit=52.799s rest=1.192s
[metal-cache] calls=23067 zero_copy_wraps=321 copies=0 cache_entries=139 bindless=true
640
[stats] generated=163 elapsed=301.389s speed=0.5408 token/s (1.849 s/token) chunks=164 committed_rows=233 verify_tx=0 drafts=0/0 layer_passes=15252 expert_rows=21436 expert_tiles=15951
[opens] expert file opens=660979 total=11.297s mean=0.017ms requested_bytes=6856623979712 (6856.6 GB)
[arrival] tiles=1207 waves=2475 uncovered_wait=43.632s dispatch=7.232s
[retain] enabled=false cap_gb=8 layers=63..=92 consults=0 wanted=0 hits=0 inserts=0 served=0.0MB
[summer] enabled=false cap_gb=8 sample=16 consults=0 wanted=0 hits=0 hit_rate=0.0% misses=0 inserts=0 evictions=0 recycled=0 allocs=0 pin_skips=0 gated=0 ramp=2..50 bar=0 suppressed=0 wide_skips=0 served=0.0MB copied=0.0MB ssd_avoided=0.0GB live=0/0.0GB model=0 protected=0 declined=0 topup_suppressed=0 aged=0 into=0/0/0 pending=0
[mirror-split] internal=0 K3C=0 K3B=0 K3A=0  shares=0%/0%/0%/0%
[phases] mono=393258.171909 chunks=164 sequence=301.180s read_wait=0.171s bind_upload=1.719s attention_resident=15.082s expert_read_prefetch=176.352s expert_demand_read=103.199s expert_plan=9.288s expert_hint=0.001s expert_submit=0.001s expert_kernel=105.059s source_fence=0.001s tail_head_sync=2.412s layer_other=0.328s expert_read_gross=167.063s plan_hint=9.042s plan_sched=0.242s attn_total=15.044s attn_encode=5.846s attn_wait=6.679s attn_drain=2.518s kernel_total=61.358s kernel_host=2.257s kernel_wait=5.780s kernel_drain=53.322s
[attn-split] single: calls=15066 total=11.617s encode=5.079s wait=4.020s drain=2.518s waits=26082 untimed=4045 | wide: calls=186 total=3.426s encode=0.768s wait=2.659s drain=0.000s waits=184 untimed=184 | hint: calls=15088 total=9.031s encode=0.043s wait=8.988s drain=0.000s waits=14923 untimed=14923
[kernel-split] single: calls=16107 total=55.400s encode=1.837s wait=0.679s drain=52.883s waits=17293 untimed=13636 | wide: calls=1112 total=5.958s encode=0.419s wait=5.101s drain=0.438s waits=1112 untimed=0
[kernel-sub] materialize=0.165s moe=6.872s precommit=53.123s rest=1.197s
[metal-cache] calls=23166 zero_copy_wraps=321 copies=0 cache_entries=139 bindless=true
,
[stats] generated=164 elapsed=303.054s speed=0.5412 token/s (1.848 s/token) chunks=165 committed_rows=234 verify_tx=0 drafts=0/0 layer_passes=15345 expert_rows=21528 expert_tiles=16043
[opens] expert file opens=665228 total=11.362s mean=0.017ms requested_bytes=6893868137664 (6893.9 GB)
[arrival] tiles=1208 waves=2483 uncovered_wait=43.643s dispatch=7.240s
[retain] enabled=false cap_gb=8 layers=63..=92 consults=0 wanted=0 hits=0 inserts=0 served=0.0MB
[summer] enabled=false cap_gb=8 sample=16 consults=0 wanted=0 hits=0 hit_rate=0.0% misses=0 inserts=0 evictions=0 recycled=0 allocs=0 pin_skips=0 gated=0 ramp=2..50 bar=0 suppressed=0 wide_skips=0 served=0.0MB copied=0.0MB ssd_avoided=0.0GB live=0/0.0GB model=0 protected=0 declined=0 topup_suppressed=0 aged=0 into=0/0/0 pending=0
[mirror-split] internal=0 K3C=0 K3B=0 K3A=0  shares=0%/0%/0%/0%
[phases] mono=393259.836359 chunks=165 sequence=302.844s read_wait=0.171s bind_upload=1.719s attention_resident=15.159s expert_read_prefetch=177.569s expert_demand_read=103.946s expert_plan=9.347s expert_hint=0.001s expert_submit=0.001s expert_kernel=105.410s source_fence=0.001s tail_head_sync=2.429s layer_other=0.329s expert_read_gross=168.221s plan_hint=9.100s plan_sched=0.243s attn_total=15.120s attn_encode=5.873s attn_wait=6.701s attn_drain=2.546s kernel_total=61.699s kernel_host=2.266s kernel_wait=5.784s kernel_drain=53.649s
[attn-split] single: calls=15159 total=11.694s encode=5.106s wait=4.043s drain=2.546s waits=26243 untimed=4071 | wide: calls=186 total=3.426s encode=0.768s wait=2.659s drain=0.000s waits=184 untimed=184 | hint: calls=15180 total=9.088s encode=0.043s wait=9.045s drain=0.000s waits=15014 untimed=15014
[kernel-split] single: calls=16206 total=55.740s encode=1.847s wait=0.683s drain=53.210s waits=17400 untimed=13722 | wide: calls=1112 total=5.958s encode=0.419s wait=5.101s drain=0.438s waits=1112 untimed=0
[kernel-sub] materialize=0.165s moe=6.880s precommit=53.451s rest=1.203s
[metal-cache] calls=23265 zero_copy_wraps=321 copies=0 cache_entries=139 bindless=true
000
[stats] generated=165 elapsed=304.644s speed=0.5416 token/s (1.846 s/token) chunks=166 committed_rows=235 verify_tx=0 drafts=0/0 layer_passes=15438 expert_rows=21620 expert_tiles=16135
[opens] expert file opens=669336 total=11.441s mean=0.017ms requested_bytes=6929875205312 (6929.9 GB)
[arrival] tiles=1209 waves=2491 uncovered_wait=43.661s dispatch=7.247s
[retain] enabled=false cap_gb=8 layers=63..=92 consults=0 wanted=0 hits=0 inserts=0 served=0.0MB
[summer] enabled=false cap_gb=8 sample=16 consults=0 wanted=0 hits=0 hit_rate=0.0% misses=0 inserts=0 evictions=0 recycled=0 allocs=0 pin_skips=0 gated=0 ramp=2..50 bar=0 suppressed=0 wide_skips=0 served=0.0MB copied=0.0MB ssd_avoided=0.0GB live=0/0.0GB model=0 protected=0 declined=0 topup_suppressed=0 aged=0 into=0/0/0 pending=0
[mirror-split] internal=0 K3C=0 K3B=0 K3A=0  shares=0%/0%/0%/0%
[phases] mono=393261.426518 chunks=166 sequence=304.433s read_wait=0.171s bind_upload=1.719s attention_resident=15.228s expert_read_prefetch=178.722s expert_demand_read=104.610s expert_plan=9.412s expert_hint=0.001s expert_submit=0.001s expert_kernel=105.759s source_fence=0.001s tail_head_sync=2.446s layer_other=0.330s expert_read_gross=169.308s plan_hint=9.164s plan_sched=0.244s attn_total=15.190s attn_encode=5.902s attn_wait=6.727s attn_drain=2.561s kernel_total=62.028s kernel_host=2.275s kernel_wait=5.787s kernel_drain=53.966s
[attn-split] single: calls=15252 total=11.763s encode=5.135s wait=4.068s drain=2.561s waits=26404 untimed=4107 | wide: calls=186 total=3.426s encode=0.768s wait=2.659s drain=0.000s waits=184 untimed=184 | hint: calls=15272 total=9.153s encode=0.043s wait=9.110s drain=0.000s waits=15105 untimed=15105
[kernel-split] single: calls=16305 total=56.070s encode=1.856s wait=0.687s drain=53.527s waits=17507 untimed=13814 | wide: calls=1112 total=5.958s encode=0.419s wait=5.101s drain=0.438s waits=1112 untimed=0
[kernel-sub] materialize=0.165s moe=6.887s precommit=53.769s rest=1.207s
[metal-cache] calls=23364 zero_copy_wraps=321 copies=0 cache_entries=139 bindless=true
 −
[stats] generated=166 elapsed=306.211s speed=0.5421 token/s (1.845 s/token) chunks=167 committed_rows=236 verify_tx=0 drafts=0/0 layer_passes=15531 expert_rows=21712 expert_tiles=16227
[opens] expert file opens=673613 total=11.511s mean=0.017ms requested_bytes=6967391288512 (6967.4 GB)
[arrival] tiles=1210 waves=2499 uncovered_wait=43.672s dispatch=7.253s
[retain] enabled=false cap_gb=8 layers=63..=92 consults=0 wanted=0 hits=0 inserts=0 served=0.0MB
[summer] enabled=false cap_gb=8 sample=16 consults=0 wanted=0 hits=0 hit_rate=0.0% misses=0 inserts=0 evictions=0 recycled=0 allocs=0 pin_skips=0 gated=0 ramp=2..50 bar=0 suppressed=0 wide_skips=0 served=0.0MB copied=0.0MB ssd_avoided=0.0GB live=0/0.0GB model=0 protected=0 declined=0 topup_suppressed=0 aged=0 into=0/0/0 pending=0
[mirror-split] internal=0 K3C=0 K3B=0 K3A=0  shares=0%/0%/0%/0%
[phases] mono=393262.993408 chunks=167 sequence=305.999s read_wait=0.171s bind_upload=1.719s attention_resident=15.312s expert_read_prefetch=179.848s expert_demand_read=105.283s expert_plan=9.478s expert_hint=0.001s expert_submit=0.001s expert_kernel=106.097s source_fence=0.001s tail_head_sync=2.462s layer_other=0.332s expert_read_gross=170.369s plan_hint=9.228s plan_sched=0.245s attn_total=15.273s attn_encode=5.941s attn_wait=6.752s attn_drain=2.579s kernel_total=62.356s kernel_host=2.285s kernel_wait=5.791s kernel_drain=54.280s
[attn-split] single: calls=15345 total=11.847s encode=5.174s wait=4.094s drain=2.579s waits=26565 untimed=4139 | wide: calls=186 total=3.426s encode=0.768s wait=2.659s drain=0.000s waits=184 untimed=184 | hint: calls=15364 total=9.217s encode=0.043s wait=9.174s drain=0.000s waits=15196 untimed=15196
[kernel-split] single: calls=16404 total=56.397s encode=1.866s wait=0.690s drain=53.842s waits=17614 untimed=13901 | wide: calls=1112 total=5.958s encode=0.419s wait=5.101s drain=0.438s waits=1112 untimed=0
[kernel-sub] materialize=0.165s moe=6.893s precommit=54.085s rest=1.212s
[metal-cache] calls=23463 zero_copy_wraps=321 copies=0 cache_entries=139 bindless=true
 
[stats] generated=167 elapsed=307.820s speed=0.5425 token/s (1.843 s/token) chunks=168 committed_rows=237 verify_tx=0 drafts=0/0 layer_passes=15624 expert_rows=21804 expert_tiles=16319
[opens] expert file opens=677754 total=11.601s mean=0.017ms requested_bytes=7003679096000 (7003.7 GB)
[arrival] tiles=1211 waves=2507 uncovered_wait=43.683s dispatch=7.260s
[retain] enabled=false cap_gb=8 layers=63..=92 consults=0 wanted=0 hits=0 inserts=0 served=0.0MB
[summer] enabled=false cap_gb=8 sample=16 consults=0 wanted=0 hits=0 hit_rate=0.0% misses=0 inserts=0 evictions=0 recycled=0 allocs=0 pin_skips=0 gated=0 ramp=2..50 bar=0 suppressed=0 wide_skips=0 served=0.0MB copied=0.0MB ssd_avoided=0.0GB live=0/0.0GB model=0 protected=0 declined=0 topup_suppressed=0 aged=0 into=0/0/0 pending=0
[mirror-split] internal=0 K3C=0 K3B=0 K3A=0  shares=0%/0%/0%/0%
[phases] mono=393264.602755 chunks=168 sequence=307.607s read_wait=0.171s bind_upload=1.719s attention_resident=15.382s expert_read_prefetch=180.999s expert_demand_read=105.920s expert_plan=9.536s expert_hint=0.001s expert_submit=0.001s expert_kernel=106.467s source_fence=0.001s tail_head_sync=2.477s layer_other=0.334s expert_read_gross=171.462s plan_hint=9.285s plan_sched=0.246s attn_total=15.343s attn_encode=5.969s attn_wait=6.776s attn_drain=2.598s kernel_total=62.715s kernel_host=2.295s kernel_wait=5.794s kernel_drain=54.626s
[attn-split] single: calls=15438 total=11.917s encode=5.202s wait=4.117s drain=2.598s waits=26726 untimed=4161 | wide: calls=186 total=3.426s encode=0.768s wait=2.659s drain=0.000s waits=184 untimed=184 | hint: calls=15456 total=9.274s encode=0.044s wait=9.230s drain=0.000s waits=15287 untimed=15287
[kernel-split] single: calls=16503 total=56.757s encode=1.876s wait=0.693s drain=54.188s waits=17721 untimed=13989 | wide: calls=1112 total=5.958s encode=0.419s wait=5.101s drain=0.438s waits=1112 untimed=0
[kernel-sub] materialize=0.165s moe=6.900s precommit=54.433s rest=1.218s
[metal-cache] calls=23562 zero_copy_wraps=321 copies=0 cache_entries=139 bindless=true
128
[stats] generated=168 elapsed=309.341s speed=0.5431 token/s (1.841 s/token) chunks=169 committed_rows=238 verify_tx=0 drafts=0/0 layer_passes=15717 expert_rows=21896 expert_tiles=16411
[opens] expert file opens=681789 total=11.663s mean=0.017ms requested_bytes=7039054478528 (7039.1 GB)
[arrival] tiles=1212 waves=2515 uncovered_wait=43.697s dispatch=7.266s
[retain] enabled=false cap_gb=8 layers=63..=92 consults=0 wanted=0 hits=0 inserts=0 served=0.0MB
[summer] enabled=false cap_gb=8 sample=16 consults=0 wanted=0 hits=0 hit_rate=0.0% misses=0 inserts=0 evictions=0 recycled=0 allocs=0 pin_skips=0 gated=0 ramp=2..50 bar=0 suppressed=0 wide_skips=0 served=0.0MB copied=0.0MB ssd_avoided=0.0GB live=0/0.0GB model=0 protected=0 declined=0 topup_suppressed=0 aged=0 into=0/0/0 pending=0
[mirror-split] internal=0 K3C=0 K3B=0 K3A=0  shares=0%/0%/0%/0%
[phases] mono=393266.123505 chunks=169 sequence=309.127s read_wait=0.171s bind_upload=1.719s attention_resident=15.449s expert_read_prefetch=182.094s expert_demand_read=106.543s expert_plan=9.589s expert_hint=0.001s expert_submit=0.001s expert_kernel=106.810s source_fence=0.001s tail_head_sync=2.490s layer_other=0.335s expert_read_gross=172.504s plan_hint=9.338s plan_sched=0.247s attn_total=15.410s attn_encode=5.994s attn_wait=6.792s attn_drain=2.625s kernel_total=63.044s kernel_host=2.304s kernel_wait=5.797s kernel_drain=54.942s
[attn-split] single: calls=15531 total=11.984s encode=5.226s wait=4.133s drain=2.625s waits=26887 untimed=4183 | wide: calls=186 total=3.426s encode=0.768s wait=2.659s drain=0.000s waits=184 untimed=184 | hint: calls=15548 total=9.326s encode=0.044s wait=9.283s drain=0.000s waits=15378 untimed=15378
[kernel-split] single: calls=16602 total=57.086s encode=1.885s wait=0.697s drain=54.504s waits=17828 untimed=14077 | wide: calls=1112 total=5.958s encode=0.419s wait=5.101s drain=0.438s waits=1112 untimed=0
[kernel-sub] materialize=0.165s moe=6.906s precommit=54.750s rest=1.223s
[metal-cache] calls=23661 zero_copy_wraps=321 copies=0 cache_entries=139 bindless=true
[route-chain] chained=11040
[route-chain] dedup_hits=11040
,
[stats] generated=169 elapsed=310.920s speed=0.5435 token/s (1.840 s/token) chunks=170 committed_rows=239 verify_tx=0 drafts=0/0 layer_passes=15810 expert_rows=21988 expert_tiles=16503
[opens] expert file opens=685922 total=11.736s mean=0.017ms requested_bytes=7075315973312 (7075.3 GB)
[arrival] tiles=1213 waves=2523 uncovered_wait=43.707s dispatch=7.273s
[retain] enabled=false cap_gb=8 layers=63..=92 consults=0 wanted=0 hits=0 inserts=0 served=0.0MB
[summer] enabled=false cap_gb=8 sample=16 consults=0 wanted=0 hits=0 hit_rate=0.0% misses=0 inserts=0 evictions=0 recycled=0 allocs=0 pin_skips=0 gated=0 ramp=2..50 bar=0 suppressed=0 wide_skips=0 served=0.0MB copied=0.0MB ssd_avoided=0.0GB live=0/0.0GB model=0 protected=0 declined=0 topup_suppressed=0 aged=0 into=0/0/0 pending=0
[mirror-split] internal=0 K3C=0 K3B=0 K3A=0  shares=0%/0%/0%/0%
[phases] mono=393267.703314 chunks=170 sequence=310.706s read_wait=0.171s bind_upload=1.719s attention_resident=15.517s expert_read_prefetch=183.246s expert_demand_read=107.213s expert_plan=9.641s expert_hint=0.001s expert_submit=0.001s expert_kernel=107.152s source_fence=0.001s tail_head_sync=2.507s layer_other=0.337s expert_read_gross=173.604s plan_hint=9.389s plan_sched=0.248s attn_total=15.478s attn_encode=6.015s attn_wait=6.811s attn_drain=2.651s kernel_total=63.375s kernel_host=2.313s kernel_wait=5.801s kernel_drain=55.261s
[attn-split] single: calls=15624 total=12.051s encode=5.248s wait=4.153s drain=2.651s waits=27048 untimed=4203 | wide: calls=186 total=3.426s encode=0.768s wait=2.659s drain=0.000s waits=184 untimed=184 | hint: calls=15640 total=9.377s encode=0.044s wait=9.333s drain=0.000s waits=15469 untimed=15469
[kernel-split] single: calls=16701 total=57.417s encode=1.894s wait=0.700s drain=54.823s waits=17935 untimed=14160 | wide: calls=1112 total=5.958s encode=0.419s wait=5.101s drain=0.438s waits=1112 untimed=0
[kernel-sub] materialize=0.165s moe=6.913s precommit=55.070s rest=1.227s
[metal-cache] calls=23760 zero_copy_wraps=321 copies=0 cache_entries=139 bindless=true
000
[stats] generated=170 elapsed=312.611s speed=0.5438 token/s (1.839 s/token) chunks=171 committed_rows=240 verify_tx=0 drafts=0/0 layer_passes=15903 expert_rows=22080 expert_tiles=16595
[opens] expert file opens=690235 total=11.829s mean=0.017ms requested_bytes=7113077800128 (7113.1 GB)
[arrival] tiles=1214 waves=2531 uncovered_wait=43.718s dispatch=7.281s
[retain] enabled=false cap_gb=8 layers=63..=92 consults=0 wanted=0 hits=0 inserts=0 served=0.0MB
[summer] enabled=false cap_gb=8 sample=16 consults=0 wanted=0 hits=0 hit_rate=0.0% misses=0 inserts=0 evictions=0 recycled=0 allocs=0 pin_skips=0 gated=0 ramp=2..50 bar=0 suppressed=0 wide_skips=0 served=0.0MB copied=0.0MB ssd_avoided=0.0GB live=0/0.0GB model=0 protected=0 declined=0 topup_suppressed=0 aged=0 into=0/0/0 pending=0
[mirror-split] internal=0 K3C=0 K3B=0 K3A=0  shares=0%/0%/0%/0%
[phases] mono=393269.394296 chunks=171 sequence=312.396s read_wait=0.171s bind_upload=1.719s attention_resident=15.615s expert_read_prefetch=184.455s expert_demand_read=107.908s expert_plan=9.694s expert_hint=0.001s expert_submit=0.001s expert_kernel=107.517s source_fence=0.001s tail_head_sync=2.523s layer_other=0.338s expert_read_gross=174.760s plan_hint=9.441s plan_sched=0.249s attn_total=15.576s attn_encode=6.069s attn_wait=6.835s attn_drain=2.671s kernel_total=63.728s kernel_host=2.324s kernel_wait=5.805s kernel_drain=55.600s
[attn-split] single: calls=15717 total=12.149s encode=5.301s wait=4.176s drain=2.671s waits=27209 untimed=4227 | wide: calls=186 total=3.426s encode=0.768s wait=2.659s drain=0.000s waits=184 untimed=184 | hint: calls=15732 total=9.429s encode=0.044s wait=9.385s drain=0.000s waits=15560 untimed=15560
[kernel-split] single: calls=16800 total=57.770s encode=1.904s wait=0.704s drain=55.162s waits=18042 untimed=14239 | wide: calls=1112 total=5.958s encode=0.419s wait=5.101s drain=0.438s waits=1112 untimed=0
[kernel-sub] materialize=0.165s moe=6.921s precommit=55.410s rest=1.233s
[metal-cache] calls=23859 zero_copy_wraps=321 copies=0 cache_entries=139 bindless=true
  

[stats] generated=171 elapsed=314.226s speed=0.5442 token/s (1.838 s/token) chunks=172 committed_rows=241 verify_tx=0 drafts=0/0 layer_passes=15996 expert_rows=22172 expert_tiles=16687
[opens] expert file opens=694435 total=11.888s mean=0.017ms requested_bytes=7149883260096 (7149.9 GB)
[arrival] tiles=1215 waves=2537 uncovered_wait=43.729s dispatch=7.287s
[retain] enabled=false cap_gb=8 layers=63..=92 consults=0 wanted=0 hits=0 inserts=0 served=0.0MB
[summer] enabled=false cap_gb=8 sample=16 consults=0 wanted=0 hits=0 hit_rate=0.0% misses=0 inserts=0 evictions=0 recycled=0 allocs=0 pin_skips=0 gated=0 ramp=2..50 bar=0 suppressed=0 wide_skips=0 served=0.0MB copied=0.0MB ssd_avoided=0.0GB live=0/0.0GB model=0 protected=0 declined=0 topup_suppressed=0 aged=0 into=0/0/0 pending=0
[mirror-split] internal=0 K3C=0 K3B=0 K3A=0  shares=0%/0%/0%/0%
[phases] mono=393271.008423 chunks=172 sequence=314.010s read_wait=0.171s bind_upload=1.719s attention_resident=15.682s expert_read_prefetch=185.634s expert_demand_read=108.579s expert_plan=9.756s expert_hint=0.001s expert_submit=0.001s expert_kernel=107.869s source_fence=0.001s tail_head_sync=2.536s layer_other=0.340s expert_read_gross=175.878s plan_hint=9.501s plan_sched=0.250s attn_total=15.643s attn_encode=6.096s attn_wait=6.865s attn_drain=2.682s kernel_total=64.069s kernel_host=2.333s kernel_wait=5.808s kernel_drain=55.928s
[attn-split] single: calls=15810 total=12.216s encode=5.328s wait=4.207s drain=2.682s waits=27370 untimed=4265 | wide: calls=186 total=3.426s encode=0.768s wait=2.659s drain=0.000s waits=184 untimed=184 | hint: calls=15824 total=9.489s encode=0.044s wait=9.445s drain=0.000s waits=15651 untimed=15651
[kernel-split] single: calls=16897 total=58.111s encode=1.914s wait=0.707s drain=55.490s waits=18145 untimed=14326 | wide: calls=1112 total=5.958s encode=0.419s wait=5.101s drain=0.438s waits=1112 untimed=0
[kernel-sub] materialize=0.165s moe=6.927s precommit=55.740s rest=1.238s
[metal-cache] calls=23956 zero_copy_wraps=321 copies=0 cache_entries=139 bindless=true
**
[stats] generated=172 elapsed=315.803s speed=0.5446 token/s (1.836 s/token) chunks=173 committed_rows=242 verify_tx=0 drafts=0/0 layer_passes=16089 expert_rows=22264 expert_tiles=16779
[opens] expert file opens=698639 total=11.972s mean=0.017ms requested_bytes=7186732596416 (7186.7 GB)
[arrival] tiles=1216 waves=2545 uncovered_wait=43.738s dispatch=7.293s
[retain] enabled=false cap_gb=8 layers=63..=92 consults=0 wanted=0 hits=0 inserts=0 served=0.0MB
[summer] enabled=false cap_gb=8 sample=16 consults=0 wanted=0 hits=0 hit_rate=0.0% misses=0 inserts=0 evictions=0 recycled=0 allocs=0 pin_skips=0 gated=0 ramp=2..50 bar=0 suppressed=0 wide_skips=0 served=0.0MB copied=0.0MB ssd_avoided=0.0GB live=0/0.0GB model=0 protected=0 declined=0 topup_suppressed=0 aged=0 into=0/0/0 pending=0
[mirror-split] internal=0 K3C=0 K3B=0 K3A=0  shares=0%/0%/0%/0%
[phases] mono=393272.586182 chunks=173 sequence=315.587s read_wait=0.171s bind_upload=1.719s attention_resident=15.744s expert_read_prefetch=186.780s expert_demand_read=109.290s expert_plan=9.813s expert_hint=0.001s expert_submit=0.001s expert_kernel=108.220s source_fence=0.001s tail_head_sync=2.552s layer_other=0.341s expert_read_gross=176.966s plan_hint=9.558s plan_sched=0.251s attn_total=15.704s attn_encode=6.119s attn_wait=6.891s attn_drain=2.694s kernel_total=64.411s kernel_host=2.343s kernel_wait=5.811s kernel_drain=56.257s
[attn-split] single: calls=15903 total=12.278s encode=5.352s wait=4.232s drain=2.694s waits=27531 untimed=4294 | wide: calls=186 total=3.426s encode=0.768s wait=2.659s drain=0.000s waits=184 untimed=184 | hint: calls=15916 total=9.546s encode=0.045s wait=9.501s drain=0.000s waits=15742 untimed=15742
[kernel-split] single: calls=16996 total=58.453s encode=1.923s wait=0.711s drain=55.819s waits=18252 untimed=14414 | wide: calls=1112 total=5.958s encode=0.419s wait=5.101s drain=0.438s waits=1112 untimed=0
[kernel-sub] materialize=0.165s moe=6.933s precommit=56.070s rest=1.243s
[metal-cache] calls=24055 zero_copy_wraps=321 copies=0 cache_entries=139 bindless=true
Net
[stats] generated=173 elapsed=317.303s speed=0.5452 token/s (1.834 s/token) chunks=174 committed_rows=243 verify_tx=0 drafts=0/0 layer_passes=16182 expert_rows=22356 expert_tiles=16871
[opens] expert file opens=702709 total=12.036s mean=0.017ms requested_bytes=7222388718784 (7222.4 GB)
[arrival] tiles=1217 waves=2553 uncovered_wait=43.753s dispatch=7.300s
[retain] enabled=false cap_gb=8 layers=63..=92 consults=0 wanted=0 hits=0 inserts=0 served=0.0MB
[summer] enabled=false cap_gb=8 sample=16 consults=0 wanted=0 hits=0 hit_rate=0.0% misses=0 inserts=0 evictions=0 recycled=0 allocs=0 pin_skips=0 gated=0 ramp=2..50 bar=0 suppressed=0 wide_skips=0 served=0.0MB copied=0.0MB ssd_avoided=0.0GB live=0/0.0GB model=0 protected=0 declined=0 topup_suppressed=0 aged=0 into=0/0/0 pending=0
[mirror-split] internal=0 K3C=0 K3B=0 K3A=0  shares=0%/0%/0%/0%
[phases] mono=393274.085557 chunks=174 sequence=317.086s read_wait=0.171s bind_upload=1.719s attention_resident=15.811s expert_read_prefetch=187.828s expert_demand_read=109.878s expert_plan=9.865s expert_hint=0.001s expert_submit=0.001s expert_kernel=108.587s source_fence=0.001s tail_head_sync=2.568s layer_other=0.343s expert_read_gross=177.961s plan_hint=9.609s plan_sched=0.252s attn_total=15.771s attn_encode=6.145s attn_wait=6.921s attn_drain=2.705s kernel_total=64.763s kernel_host=2.353s kernel_wait=5.815s kernel_drain=56.595s
[attn-split] single: calls=15996 total=12.345s encode=5.377s wait=4.263s drain=2.705s waits=27692 untimed=4327 | wide: calls=186 total=3.426s encode=0.768s wait=2.659s drain=0.000s waits=184 untimed=184 | hint: calls=16008 total=9.597s encode=0.045s wait=9.552s drain=0.000s waits=15833 untimed=15833
[kernel-split] single: calls=17095 total=58.805s encode=1.934s wait=0.714s drain=56.157s waits=18359 untimed=14495 | wide: calls=1112 total=5.958s encode=0.419s wait=5.101s drain=0.438s waits=1112 untimed=0
[kernel-sub] materialize=0.165s moe=6.939s precommit=56.410s rest=1.248s
[metal-cache] calls=24154 zero_copy_wraps=321 copies=0 cache_entries=139 bindless=true
 Profit
[stats] generated=174 elapsed=318.952s speed=0.5455 token/s (1.833 s/token) chunks=175 committed_rows=244 verify_tx=0 drafts=0/0 layer_passes=16275 expert_rows=22448 expert_tiles=16963
[opens] expert file opens=706901 total=12.117s mean=0.017ms requested_bytes=7259106475200 (7259.1 GB)
[arrival] tiles=1218 waves=2561 uncovered_wait=43.764s dispatch=7.307s
[retain] enabled=false cap_gb=8 layers=63..=92 consults=0 wanted=0 hits=0 inserts=0 served=0.0MB
[summer] enabled=false cap_gb=8 sample=16 consults=0 wanted=0 hits=0 hit_rate=0.0% misses=0 inserts=0 evictions=0 recycled=0 allocs=0 pin_skips=0 gated=0 ramp=2..50 bar=0 suppressed=0 wide_skips=0 served=0.0MB copied=0.0MB ssd_avoided=0.0GB live=0/0.0GB model=0 protected=0 declined=0 topup_suppressed=0 aged=0 into=0/0/0 pending=0
[mirror-split] internal=0 K3C=0 K3B=0 K3A=0  shares=0%/0%/0%/0%
[phases] mono=393275.734675 chunks=175 sequence=318.734s read_wait=0.171s bind_upload=1.719s attention_resident=15.902s expert_read_prefetch=189.018s expert_demand_read=110.564s expert_plan=9.917s expert_hint=0.001s expert_submit=0.001s expert_kernel=108.937s source_fence=0.001s tail_head_sync=2.584s layer_other=0.345s expert_read_gross=179.099s plan_hint=9.660s plan_sched=0.253s attn_total=15.862s attn_encode=6.196s attn_wait=6.952s attn_drain=2.714s kernel_total=65.101s kernel_host=2.362s kernel_wait=5.818s kernel_drain=56.921s
[attn-split] single: calls=16089 total=12.435s encode=5.428s wait=4.294s drain=2.714s waits=27853 untimed=4365 | wide: calls=186 total=3.426s encode=0.768s wait=2.659s drain=0.000s waits=184 untimed=184 | hint: calls=16100 total=9.648s encode=0.045s wait=9.603s drain=0.000s waits=15924 untimed=15924
[kernel-split] single: calls=17194 total=59.143s encode=1.943s wait=0.718s drain=56.482s waits=18466 untimed=14585 | wide: calls=1112 total=5.958s encode=0.419s wait=5.101s drain=0.438s waits=1112 untimed=0
[kernel-sub] materialize=0.165s moe=6.946s precommit=56.737s rest=1.253s
[metal-cache] calls=24253 zero_copy_wraps=321 copies=0 cache_entries=139 bindless=true
 =
[stats] generated=175 elapsed=320.614s speed=0.5458 token/s (1.832 s/token) chunks=176 committed_rows=245 verify_tx=0 drafts=0/0 layer_passes=16368 expert_rows=22540 expert_tiles=17055
[opens] expert file opens=711072 total=12.182s mean=0.017ms requested_bytes=7295657491648 (7295.7 GB)
[arrival] tiles=1219 waves=2569 uncovered_wait=43.777s dispatch=7.315s
[retain] enabled=false cap_gb=8 layers=63..=92 consults=0 wanted=0 hits=0 inserts=0 served=0.0MB
[summer] enabled=false cap_gb=8 sample=16 consults=0 wanted=0 hits=0 hit_rate=0.0% misses=0 inserts=0 evictions=0 recycled=0 allocs=0 pin_skips=0 gated=0 ramp=2..50 bar=0 suppressed=0 wide_skips=0 served=0.0MB copied=0.0MB ssd_avoided=0.0GB live=0/0.0GB model=0 protected=0 declined=0 topup_suppressed=0 aged=0 into=0/0/0 pending=0
[mirror-split] internal=0 K3C=0 K3B=0 K3A=0  shares=0%/0%/0%/0%
[phases] mono=393277.396800 chunks=176 sequence=320.395s read_wait=0.171s bind_upload=1.719s attention_resident=15.977s expert_read_prefetch=190.222s expert_demand_read=111.205s expert_plan=9.969s expert_hint=0.001s expert_submit=0.001s expert_kernel=109.301s source_fence=0.001s tail_head_sync=2.600s layer_other=0.346s expert_read_gross=180.252s plan_hint=9.710s plan_sched=0.254s attn_total=15.937s attn_encode=6.221s attn_wait=6.987s attn_drain=2.729s kernel_total=65.453s kernel_host=2.372s kernel_wait=5.824s kernel_drain=57.257s
[attn-split] single: calls=16182 total=12.510s encode=5.453s wait=4.328s drain=2.729s waits=28014 untimed=4394 | wide: calls=186 total=3.426s encode=0.768s wait=2.659s drain=0.000s waits=184 untimed=184 | hint: calls=16192 total=9.699s encode=0.045s wait=9.653s drain=0.000s waits=16015 untimed=16015
[kernel-split] single: calls=17293 total=59.495s encode=1.953s wait=0.723s drain=56.819s waits=18573 untimed=14672 | wide: calls=1112 total=5.958s encode=0.419s wait=5.101s drain=0.438s waits=1112 untimed=0
[kernel-sub] materialize=0.165s moe=6.954s precommit=57.075s rest=1.258s
[metal-cache] calls=24352 zero_copy_wraps=321 copies=0 cache_entries=139 bindless=true
 
[stats] generated=176 elapsed=322.176s speed=0.5463 token/s (1.831 s/token) chunks=177 committed_rows=246 verify_tx=0 drafts=0/0 layer_passes=16461 expert_rows=22632 expert_tiles=17147
[opens] expert file opens=715254 total=12.239s mean=0.017ms requested_bytes=7332305026240 (7332.3 GB)
[arrival] tiles=1220 waves=2576 uncovered_wait=43.787s dispatch=7.322s
[retain] enabled=false cap_gb=8 layers=63..=92 consults=0 wanted=0 hits=0 inserts=0 served=0.0MB
[summer] enabled=false cap_gb=8 sample=16 consults=0 wanted=0 hits=0 hit_rate=0.0% misses=0 inserts=0 evictions=0 recycled=0 allocs=0 pin_skips=0 gated=0 ramp=2..50 bar=0 suppressed=0 wide_skips=0 served=0.0MB copied=0.0MB ssd_avoided=0.0GB live=0/0.0GB model=0 protected=0 declined=0 topup_suppressed=0 aged=0 into=0/0/0 pending=0
[mirror-split] internal=0 K3C=0 K3B=0 K3A=0  shares=0%/0%/0%/0%
[phases] mono=393278.958838 chunks=177 sequence=321.957s read_wait=0.171s bind_upload=1.719s attention_resident=16.052s expert_read_prefetch=191.340s expert_demand_read=111.832s expert_plan=10.025s expert_hint=0.001s expert_submit=0.001s expert_kernel=109.651s source_fence=0.001s tail_head_sync=2.617s layer_other=0.348s expert_read_gross=181.314s plan_hint=9.765s plan_sched=0.255s attn_total=16.011s attn_encode=6.247s attn_wait=7.021s attn_drain=2.743s kernel_total=65.792s kernel_host=2.382s kernel_wait=5.827s kernel_drain=57.583s
[attn-split] single: calls=16275 total=12.585s encode=5.479s wait=4.362s drain=2.743s waits=28175 untimed=4427 | wide: calls=186 total=3.426s encode=0.768s wait=2.659s drain=0.000s waits=184 untimed=184 | hint: calls=16284 total=9.753s encode=0.046s wait=9.708s drain=0.000s waits=16106 untimed=16106
[kernel-split] single: calls=17391 total=59.834s encode=1.962s wait=0.727s drain=57.145s waits=18678 untimed=14760 | wide: calls=1112 total=5.958s encode=0.419s wait=5.101s drain=0.438s waits=1112 untimed=0
[kernel-sub] materialize=0.165s moe=6.961s precommit=57.403s rest=1.263s
[metal-cache] calls=24450 zero_copy_wraps=321 copies=0 cache_entries=139 bindless=true
512
[stats] generated=177 elapsed=323.794s speed=0.5466 token/s (1.829 s/token) chunks=178 committed_rows=247 verify_tx=0 drafts=0/0 layer_passes=16554 expert_rows=22724 expert_tiles=17239
[opens] expert file opens=719467 total=12.327s mean=0.017ms requested_bytes=7369259629760 (7369.3 GB)
[arrival] tiles=1221 waves=2583 uncovered_wait=43.798s dispatch=7.328s
[retain] enabled=false cap_gb=8 layers=63..=92 consults=0 wanted=0 hits=0 inserts=0 served=0.0MB
[summer] enabled=false cap_gb=8 sample=16 consults=0 wanted=0 hits=0 hit_rate=0.0% misses=0 inserts=0 evictions=0 recycled=0 allocs=0 pin_skips=0 gated=0 ramp=2..50 bar=0 suppressed=0 wide_skips=0 served=0.0MB copied=0.0MB ssd_avoided=0.0GB live=0/0.0GB model=0 protected=0 declined=0 topup_suppressed=0 aged=0 into=0/0/0 pending=0
[mirror-split] internal=0 K3C=0 K3B=0 K3A=0  shares=0%/0%/0%/0%
[phases] mono=393280.577117 chunks=178 sequence=323.573s read_wait=0.171s bind_upload=1.719s attention_resident=16.127s expert_read_prefetch=192.500s expert_demand_read=112.504s expert_plan=10.089s expert_hint=0.001s expert_submit=0.001s expert_kernel=110.014s source_fence=0.001s tail_head_sync=2.633s layer_other=0.349s expert_read_gross=182.410s plan_hint=9.828s plan_sched=0.256s attn_total=16.087s attn_encode=6.278s attn_wait=7.047s attn_drain=2.762s kernel_total=66.144s kernel_host=2.392s kernel_wait=5.831s kernel_drain=57.921s
[attn-split] single: calls=16368 total=12.660s encode=5.510s wait=4.389s drain=2.762s waits=28336 untimed=4454 | wide: calls=186 total=3.426s encode=0.768s wait=2.659s drain=0.000s waits=184 untimed=184 | hint: calls=16376 total=9.816s encode=0.046s wait=9.771s drain=0.000s waits=16197 untimed=16197
[kernel-split] single: calls=17489 total=60.185s encode=1.973s wait=0.730s drain=57.482s waits=18783 untimed=14840 | wide: calls=1112 total=5.958s encode=0.419s wait=5.101s drain=0.438s waits=1112 untimed=0
[kernel-sub] materialize=0.165s moe=6.967s precommit=57.742s rest=1.269s
[metal-cache] calls=24548 zero_copy_wraps=321 copies=0 cache_entries=139 bindless=true
,
[stats] generated=178 elapsed=325.391s speed=0.5470 token/s (1.828 s/token) chunks=179 committed_rows=248 verify_tx=0 drafts=0/0 layer_passes=16647 expert_rows=22816 expert_tiles=17331
[opens] expert file opens=723569 total=12.423s mean=0.017ms requested_bytes=7405249100992 (7405.2 GB)
[arrival] tiles=1222 waves=2589 uncovered_wait=43.811s dispatch=7.334s
[retain] enabled=false cap_gb=8 layers=63..=92 consults=0 wanted=0 hits=0 inserts=0 served=0.0MB
[summer] enabled=false cap_gb=8 sample=16 consults=0 wanted=0 hits=0 hit_rate=0.0% misses=0 inserts=0 evictions=0 recycled=0 allocs=0 pin_skips=0 gated=0 ramp=2..50 bar=0 suppressed=0 wide_skips=0 served=0.0MB copied=0.0MB ssd_avoided=0.0GB live=0/0.0GB model=0 protected=0 declined=0 topup_suppressed=0 aged=0 into=0/0/0 pending=0
[mirror-split] internal=0 K3C=0 K3B=0 K3A=0  shares=0%/0%/0%/0%
[phases] mono=393282.174097 chunks=179 sequence=325.169s read_wait=0.171s bind_upload=1.719s attention_resident=16.206s expert_read_prefetch=193.651s expert_demand_read=113.157s expert_plan=10.144s expert_hint=0.001s expert_submit=0.001s expert_kernel=110.365s source_fence=0.001s tail_head_sync=2.647s layer_other=0.351s expert_read_gross=183.505s plan_hint=9.883s plan_sched=0.257s attn_total=16.165s attn_encode=6.319s attn_wait=7.063s attn_drain=2.782s kernel_total=66.481s kernel_host=2.406s kernel_wait=5.834s kernel_drain=58.241s
[attn-split] single: calls=16461 total=12.738s encode=5.552s wait=4.405s drain=2.782s waits=28497 untimed=4467 | wide: calls=186 total=3.426s encode=0.768s wait=2.659s drain=0.000s waits=184 untimed=184 | hint: calls=16468 total=9.870s encode=0.046s wait=9.824s drain=0.000s waits=16288 untimed=16288
[kernel-split] single: calls=17586 total=60.523s encode=1.987s wait=0.733s drain=57.803s waits=18886 untimed=14910 | wide: calls=1112 total=5.958s encode=0.419s wait=5.101s drain=0.438s waits=1112 untimed=0
[kernel-sub] materialize=0.165s moe=6.973s precommit=58.066s rest=1.277s
[metal-cache] calls=24645 zero_copy_wraps=321 copies=0 cache_entries=139 bindless=true
[route-chain] chained=11730
[route-chain] dedup_hits=11730
000
[stats] generated=179 elapsed=326.962s speed=0.5475 token/s (1.827 s/token) chunks=180 committed_rows=249 verify_tx=0 drafts=0/0 layer_passes=16740 expert_rows=22908 expert_tiles=17423
[opens] expert file opens=727668 total=12.510s mean=0.017ms requested_bytes=7441142103232 (7441.1 GB)
[arrival] tiles=1223 waves=2597 uncovered_wait=43.829s dispatch=7.341s
[retain] enabled=false cap_gb=8 layers=63..=92 consults=0 wanted=0 hits=0 inserts=0 served=0.0MB
[summer] enabled=false cap_gb=8 sample=16 consults=0 wanted=0 hits=0 hit_rate=0.0% misses=0 inserts=0 evictions=0 recycled=0 allocs=0 pin_skips=0 gated=0 ramp=2..50 bar=0 suppressed=0 wide_skips=0 served=0.0MB copied=0.0MB ssd_avoided=0.0GB live=0/0.0GB model=0 protected=0 declined=0 topup_suppressed=0 aged=0 into=0/0/0 pending=0
[mirror-split] internal=0 K3C=0 K3B=0 K3A=0  shares=0%/0%/0%/0%
[phases] mono=393283.744455 chunks=180 sequence=326.739s read_wait=0.171s bind_upload=1.719s attention_resident=16.279s expert_read_prefetch=194.771s expert_demand_read=113.793s expert_plan=10.213s expert_hint=0.001s expert_submit=0.001s expert_kernel=110.721s source_fence=0.001s tail_head_sync=2.664s layer_other=0.354s expert_read_gross=184.556s plan_hint=9.950s plan_sched=0.258s attn_total=16.238s attn_encode=6.353s attn_wait=7.084s attn_drain=2.800s kernel_total=66.820s kernel_host=2.418s kernel_wait=5.838s kernel_drain=58.563s
[attn-split] single: calls=16554 total=12.812s encode=5.586s wait=4.426s drain=2.800s waits=28658 untimed=4485 | wide: calls=186 total=3.426s encode=0.768s wait=2.659s drain=0.000s waits=184 untimed=184 | hint: calls=16560 total=9.938s encode=0.046s wait=9.891s drain=0.000s waits=16379 untimed=16379
[kernel-split] single: calls=17685 total=60.861s encode=1.999s wait=0.737s drain=58.125s waits=18993 untimed=14994 | wide: calls=1112 total=5.958s encode=0.419s wait=5.101s drain=0.438s waits=1112 untimed=0
[kernel-sub] materialize=0.165s moe=6.979s precommit=58.390s rest=1.285s
[metal-cache] calls=24744 zero_copy_wraps=321 copies=0 cache_entries=139 bindless=true
**


[stats] generated=180 elapsed=328.443s speed=0.5480 token/s (1.825 s/token) chunks=181 committed_rows=250 verify_tx=0 drafts=0/0 layer_passes=16833 expert_rows=23000 expert_tiles=17515
[opens] expert file opens=731690 total=12.582s mean=0.017ms requested_bytes=7476385889472 (7476.4 GB)
[arrival] tiles=1224 waves=2605 uncovered_wait=43.843s dispatch=7.350s
[retain] enabled=false cap_gb=8 layers=63..=92 consults=0 wanted=0 hits=0 inserts=0 served=0.0MB
[summer] enabled=false cap_gb=8 sample=16 consults=0 wanted=0 hits=0 hit_rate=0.0% misses=0 inserts=0 evictions=0 recycled=0 allocs=0 pin_skips=0 gated=0 ramp=2..50 bar=0 suppressed=0 wide_skips=0 served=0.0MB copied=0.0MB ssd_avoided=0.0GB live=0/0.0GB model=0 protected=0 declined=0 topup_suppressed=0 aged=0 into=0/0/0 pending=0
[mirror-split] internal=0 K3C=0 K3B=0 K3A=0  shares=0%/0%/0%/0%
[phases] mono=393285.225507 chunks=181 sequence=328.219s read_wait=0.171s bind_upload=1.719s attention_resident=16.350s expert_read_prefetch=195.820s expert_demand_read=114.425s expert_plan=10.278s expert_hint=0.001s expert_submit=0.001s expert_kernel=111.064s source_fence=0.001s tail_head_sync=2.679s layer_other=0.355s expert_read_gross=185.541s plan_hint=10.014s plan_sched=0.259s attn_total=16.308s attn_encode=6.382s attn_wait=7.107s attn_drain=2.820s kernel_total=67.148s kernel_host=2.431s kernel_wait=5.843s kernel_drain=58.875s
[attn-split] single: calls=16647 total=12.882s encode=5.614s wait=4.449s drain=2.820s waits=28819 untimed=4507 | wide: calls=186 total=3.426s encode=0.768s wait=2.659s drain=0.000s waits=184 untimed=184 | hint: calls=16652 total=10.002s encode=0.047s wait=9.955s drain=0.000s waits=16470 untimed=16470
[kernel-split] single: calls=17784 total=61.190s encode=2.011s wait=0.742s drain=58.436s waits=19100 untimed=15077 | wide: calls=1112 total=5.958s encode=0.419s wait=5.101s drain=0.438s waits=1112 untimed=0
[kernel-sub] materialize=0.165s moe=6.988s precommit=58.703s rest=1.292s
[metal-cache] calls=24843 zero_copy_wraps=321 copies=0 cache_entries=139 bindless=true
**
[stats] generated=181 elapsed=329.962s speed=0.5485 token/s (1.823 s/token) chunks=182 committed_rows=251 verify_tx=0 drafts=0/0 layer_passes=16926 expert_rows=23092 expert_tiles=17607
[opens] expert file opens=735700 total=12.645s mean=0.017ms requested_bytes=7511533124800 (7511.5 GB)
[arrival] tiles=1225 waves=2613 uncovered_wait=43.859s dispatch=7.357s
[retain] enabled=false cap_gb=8 layers=63..=92 consults=0 wanted=0 hits=0 inserts=0 served=0.0MB
[summer] enabled=false cap_gb=8 sample=16 consults=0 wanted=0 hits=0 hit_rate=0.0% misses=0 inserts=0 evictions=0 recycled=0 allocs=0 pin_skips=0 gated=0 ramp=2..50 bar=0 suppressed=0 wide_skips=0 served=0.0MB copied=0.0MB ssd_avoided=0.0GB live=0/0.0GB model=0 protected=0 declined=0 topup_suppressed=0 aged=0 into=0/0/0 pending=0
[mirror-split] internal=0 K3C=0 K3B=0 K3A=0  shares=0%/0%/0%/0%
[phases] mono=393286.744709 chunks=182 sequence=329.737s read_wait=0.171s bind_upload=1.719s attention_resident=16.420s expert_read_prefetch=196.875s expert_demand_read=115.075s expert_plan=10.336s expert_hint=0.001s expert_submit=0.001s expert_kernel=111.441s source_fence=0.001s tail_head_sync=2.694s layer_other=0.357s expert_read_gross=186.538s plan_hint=10.070s plan_sched=0.261s attn_total=16.378s attn_encode=6.408s attn_wait=7.132s attn_drain=2.838s kernel_total=67.508s kernel_host=2.443s kernel_wait=5.847s kernel_drain=59.218s
[attn-split] single: calls=16740 total=12.952s encode=5.641s wait=4.474s drain=2.838s waits=28980 untimed=4528 | wide: calls=186 total=3.426s encode=0.768s wait=2.659s drain=0.000s waits=184 untimed=184 | hint: calls=16744 total=10.058s encode=0.047s wait=10.011s drain=0.000s waits=16561 untimed=16561
[kernel-split] single: calls=17883 total=61.550s encode=2.024s wait=0.747s drain=58.780s waits=19207 untimed=15161 | wide: calls=1112 total=5.958s encode=0.419s wait=5.101s drain=0.438s waits=1112 untimed=0
[kernel-sub] materialize=0.165s moe=6.995s precommit=59.049s rest=1.299s
[metal-cache] calls=24942 zero_copy_wraps=321 copies=0 cache_entries=139 bindless=true
Summary
[stats] generated=182 elapsed=331.482s speed=0.5490 token/s (1.821 s/token) chunks=183 committed_rows=252 verify_tx=0 drafts=0/0 layer_passes=17019 expert_rows=23184 expert_tiles=17699
[opens] expert file opens=739689 total=12.710s mean=0.017ms requested_bytes=7546531167424 (7546.5 GB)
[arrival] tiles=1226 waves=2620 uncovered_wait=43.869s dispatch=7.365s
[retain] enabled=false cap_gb=8 layers=63..=92 consults=0 wanted=0 hits=0 inserts=0 served=0.0MB
[summer] enabled=false cap_gb=8 sample=16 consults=0 wanted=0 hits=0 hit_rate=0.0% misses=0 inserts=0 evictions=0 recycled=0 allocs=0 pin_skips=0 gated=0 ramp=2..50 bar=0 suppressed=0 wide_skips=0 served=0.0MB copied=0.0MB ssd_avoided=0.0GB live=0/0.0GB model=0 protected=0 declined=0 topup_suppressed=0 aged=0 into=0/0/0 pending=0
[mirror-split] internal=0 K3C=0 K3B=0 K3A=0  shares=0%/0%/0%/0%
[phases] mono=393288.265034 chunks=183 sequence=331.257s read_wait=0.171s bind_upload=1.719s attention_resident=16.509s expert_read_prefetch=197.942s expert_demand_read=115.755s expert_plan=10.398s expert_hint=0.001s expert_submit=0.001s expert_kernel=111.787s source_fence=0.001s tail_head_sync=2.708s layer_other=0.359s expert_read_gross=187.543s plan_hint=10.131s plan_sched=0.262s attn_total=16.467s attn_encode=6.447s attn_wait=7.162s attn_drain=2.858s kernel_total=67.844s kernel_host=2.455s kernel_wait=5.851s kernel_drain=59.538s
[attn-split] single: calls=16833 total=13.041s encode=5.679s wait=4.503s drain=2.858s waits=29141 untimed=4552 | wide: calls=186 total=3.426s encode=0.768s wait=2.659s drain=0.000s waits=184 untimed=184 | hint: calls=16836 total=10.119s encode=0.047s wait=10.072s drain=0.000s waits=16652 untimed=16652
[kernel-split] single: calls=17981 total=61.886s encode=2.036s wait=0.750s drain=59.100s waits=19312 untimed=15247 | wide: calls=1112 total=5.958s encode=0.419s wait=5.101s drain=0.438s waits=1112 untimed=0
[kernel-sub] materialize=0.165s moe=7.003s precommit=59.370s rest=1.306s
[metal-cache] calls=25040 zero_copy_wraps=321 copies=0 cache_entries=139 bindless=true
:**

[stats] generated=183 elapsed=332.913s speed=0.5497 token/s (1.819 s/token) chunks=184 committed_rows=253 verify_tx=0 drafts=0/0 layer_passes=17112 expert_rows=23276 expert_tiles=17791
[opens] expert file opens=743535 total=12.779s mean=0.017ms requested_bytes=7580274605248 (7580.3 GB)
[arrival] tiles=1227 waves=2628 uncovered_wait=43.878s dispatch=7.374s
[retain] enabled=false cap_gb=8 layers=63..=92 consults=0 wanted=0 hits=0 inserts=0 served=0.0MB
[summer] enabled=false cap_gb=8 sample=16 consults=0 wanted=0 hits=0 hit_rate=0.0% misses=0 inserts=0 evictions=0 recycled=0 allocs=0 pin_skips=0 gated=0 ramp=2..50 bar=0 suppressed=0 wide_skips=0 served=0.0MB copied=0.0MB ssd_avoided=0.0GB live=0/0.0GB model=0 protected=0 declined=0 topup_suppressed=0 aged=0 into=0/0/0 pending=0
[mirror-split] internal=0 K3C=0 K3B=0 K3A=0  shares=0%/0%/0%/0%
[phases] mono=393289.695465 chunks=184 sequence=332.686s read_wait=0.171s bind_upload=1.719s attention_resident=16.577s expert_read_prefetch=198.944s expert_demand_read=116.353s expert_plan=10.454s expert_hint=0.001s expert_submit=0.001s expert_kernel=112.131s source_fence=0.001s tail_head_sync=2.722s layer_other=0.360s expert_read_gross=188.489s plan_hint=10.187s plan_sched=0.263s attn_total=16.535s attn_encode=6.472s attn_wait=7.190s attn_drain=2.874s kernel_total=68.179s kernel_host=2.467s kernel_wait=5.855s kernel_drain=59.857s
[attn-split] single: calls=16926 total=13.108s encode=5.704s wait=4.531s drain=2.874s waits=29302 untimed=4581 | wide: calls=186 total=3.426s encode=0.768s wait=2.659s drain=0.000s waits=184 untimed=184 | hint: calls=16928 total=10.174s encode=0.048s wait=10.127s drain=0.000s waits=16743 untimed=16743
[kernel-split] single: calls=18080 total=62.221s encode=2.048s wait=0.754s drain=59.418s waits=19419 untimed=15336 | wide: calls=1112 total=5.958s encode=0.419s wait=5.101s drain=0.438s waits=1112 untimed=0
[kernel-sub] materialize=0.165s moe=7.012s precommit=59.690s rest=1.312s
[metal-cache] calls=25139 zero_copy_wraps=321 copies=0 cache_entries=139 bindless=true
-
[stats] generated=184 elapsed=334.356s speed=0.5503 token/s (1.817 s/token) chunks=185 committed_rows=254 verify_tx=0 drafts=0/0 layer_passes=17205 expert_rows=23368 expert_tiles=17883
[opens] expert file opens=747421 total=12.851s mean=0.017ms requested_bytes=7614404066496 (7614.4 GB)
[arrival] tiles=1228 waves=2635 uncovered_wait=43.889s dispatch=7.382s
[retain] enabled=false cap_gb=8 layers=63..=92 consults=0 wanted=0 hits=0 inserts=0 served=0.0MB
[summer] enabled=false cap_gb=8 sample=16 consults=0 wanted=0 hits=0 hit_rate=0.0% misses=0 inserts=0 evictions=0 recycled=0 allocs=0 pin_skips=0 gated=0 ramp=2..50 bar=0 suppressed=0 wide_skips=0 served=0.0MB copied=0.0MB ssd_avoided=0.0GB live=0/0.0GB model=0 protected=0 declined=0 topup_suppressed=0 aged=0 into=0/0/0 pending=0
[mirror-split] internal=0 K3C=0 K3B=0 K3A=0  shares=0%/0%/0%/0%
[phases] mono=393291.139041 chunks=185 sequence=334.128s read_wait=0.171s bind_upload=1.719s attention_resident=16.647s expert_read_prefetch=199.941s expert_demand_read=116.957s expert_plan=10.521s expert_hint=0.001s expert_submit=0.001s expert_kernel=112.492s source_fence=0.001s tail_head_sync=2.736s layer_other=0.362s expert_read_gross=189.418s plan_hint=10.252s plan_sched=0.264s attn_total=16.605s attn_encode=6.501s attn_wait=7.211s attn_drain=2.892s kernel_total=68.529s kernel_host=2.480s kernel_wait=5.860s kernel_drain=60.190s
[attn-split] single: calls=17019 total=13.178s encode=5.734s wait=4.552s drain=2.892s waits=29463 untimed=4601 | wide: calls=186 total=3.426s encode=0.768s wait=2.659s drain=0.000s waits=184 untimed=184 | hint: calls=17020 total=10.239s encode=0.048s wait=10.192s drain=0.000s waits=16834 untimed=16834
[kernel-split] single: calls=18178 total=62.571s encode=2.061s wait=0.759s drain=59.751s waits=19524 untimed=15420 | wide: calls=1112 total=5.958s encode=0.419s wait=5.101s drain=0.438s waits=1112 untimed=0
[kernel-sub] materialize=0.165s moe=7.020s precommit=60.024s rest=1.319s
[metal-cache] calls=25237 zero_copy_wraps=321 copies=0 cache_entries=139 bindless=true
 Gross
[stats] generated=185 elapsed=335.810s speed=0.5509 token/s (1.815 s/token) chunks=186 committed_rows=255 verify_tx=0 drafts=0/0 layer_passes=17298 expert_rows=23460 expert_tiles=17975
[opens] expert file opens=751312 total=12.926s mean=0.017ms requested_bytes=7648577404096 (7648.6 GB)
[arrival] tiles=1229 waves=2643 uncovered_wait=43.903s dispatch=7.389s
[retain] enabled=false cap_gb=8 layers=63..=92 consults=0 wanted=0 hits=0 inserts=0 served=0.0MB
[summer] enabled=false cap_gb=8 sample=16 consults=0 wanted=0 hits=0 hit_rate=0.0% misses=0 inserts=0 evictions=0 recycled=0 allocs=0 pin_skips=0 gated=0 ramp=2..50 bar=0 suppressed=0 wide_skips=0 served=0.0MB copied=0.0MB ssd_avoided=0.0GB live=0/0.0GB model=0 protected=0 declined=0 topup_suppressed=0 aged=0 into=0/0/0 pending=0
[mirror-split] internal=0 K3C=0 K3B=0 K3A=0  shares=0%/0%/0%/0%
[phases] mono=393292.593274 chunks=186 sequence=335.582s read_wait=0.171s bind_upload=1.719s attention_resident=16.721s expert_read_prefetch=200.949s expert_demand_read=117.575s expert_plan=10.581s expert_hint=0.001s expert_submit=0.001s expert_kernel=112.848s source_fence=0.001s tail_head_sync=2.749s layer_other=0.364s expert_read_gross=190.366s plan_hint=10.311s plan_sched=0.265s attn_total=16.679s attn_encode=6.531s attn_wait=7.241s attn_drain=2.906s kernel_total=68.870s kernel_host=2.491s kernel_wait=5.863s kernel_drain=60.516s
[attn-split] single: calls=17112 total=13.252s encode=5.763s wait=4.582s drain=2.906s waits=29624 untimed=4631 | wide: calls=186 total=3.426s encode=0.768s wait=2.659s drain=0.000s waits=184 untimed=184 | hint: calls=17112 total=10.299s encode=0.048s wait=10.251s drain=0.000s waits=16925 untimed=16925
[kernel-split] single: calls=18277 total=62.912s encode=2.072s wait=0.763s drain=60.077s waits=19631 untimed=15507 | wide: calls=1112 total=5.958s encode=0.419s wait=5.101s drain=0.438s waits=1112 untimed=0
[kernel-sub] materialize=0.165s moe=7.027s precommit=60.352s rest=1.326s
[metal-cache] calls=25336 zero_copy_wraps=321 copies=0 cache_entries=139 bindless=true
 Profit
[stats] generated=186 elapsed=337.289s speed=0.5515 token/s (1.813 s/token) chunks=187 committed_rows=256 verify_tx=0 drafts=0/0 layer_passes=17391 expert_rows=23552 expert_tiles=18067
[opens] expert file opens=755354 total=12.995s mean=0.017ms requested_bytes=7684014177472 (7684.0 GB)
[arrival] tiles=1230 waves=2651 uncovered_wait=43.921s dispatch=7.398s
[retain] enabled=false cap_gb=8 layers=63..=92 consults=0 wanted=0 hits=0 inserts=0 served=0.0MB
[summer] enabled=false cap_gb=8 sample=16 consults=0 wanted=0 hits=0 hit_rate=0.0% misses=0 inserts=0 evictions=0 recycled=0 allocs=0 pin_skips=0 gated=0 ramp=2..50 bar=0 suppressed=0 wide_skips=0 served=0.0MB copied=0.0MB ssd_avoided=0.0GB live=0/0.0GB model=0 protected=0 declined=0 topup_suppressed=0 aged=0 into=0/0/0 pending=0
[mirror-split] internal=0 K3C=0 K3B=0 K3A=0  shares=0%/0%/0%/0%
[phases] mono=393294.072322 chunks=187 sequence=337.059s read_wait=0.171s bind_upload=1.719s attention_resident=16.804s expert_read_prefetch=201.974s expert_demand_read=118.196s expert_plan=10.634s expert_hint=0.001s expert_submit=0.001s expert_kernel=113.200s source_fence=0.001s tail_head_sync=2.765s layer_other=0.366s expert_read_gross=191.338s plan_hint=10.363s plan_sched=0.266s attn_total=16.761s attn_encode=6.570s attn_wait=7.272s attn_drain=2.920s kernel_total=69.203s kernel_host=2.503s kernel_wait=5.868s kernel_drain=60.832s
[attn-split] single: calls=17205 total=13.335s encode=5.802s wait=4.613s drain=2.920s waits=29785 untimed=4655 | wide: calls=186 total=3.426s encode=0.768s wait=2.659s drain=0.000s waits=184 untimed=184 | hint: calls=17204 total=10.351s encode=0.048s wait=10.302s drain=0.000s waits=17016 untimed=17016
[kernel-split] single: calls=18376 total=63.245s encode=2.084s wait=0.768s drain=60.394s waits=19738 untimed=15594 | wide: calls=1112 total=5.958s encode=0.419s wait=5.101s drain=0.438s waits=1112 untimed=0
[kernel-sub] materialize=0.165s moe=7.035s precommit=60.670s rest=1.333s
[metal-cache] calls=25435 zero_copy_wraps=321 copies=0 cache_entries=139 bindless=true
:
[stats] generated=187 elapsed=338.799s speed=0.5520 token/s (1.812 s/token) chunks=188 committed_rows=257 verify_tx=0 drafts=0/0 layer_passes=17484 expert_rows=23644 expert_tiles=18159
[opens] expert file opens=759402 total=13.055s mean=0.017ms requested_bytes=7719521107136 (7719.5 GB)
[arrival] tiles=1231 waves=2659 uncovered_wait=43.939s dispatch=7.405s
[retain] enabled=false cap_gb=8 layers=63..=92 consults=0 wanted=0 hits=0 inserts=0 served=0.0MB
[summer] enabled=false cap_gb=8 sample=16 consults=0 wanted=0 hits=0 hit_rate=0.0% misses=0 inserts=0 evictions=0 recycled=0 allocs=0 pin_skips=0 gated=0 ramp=2..50 bar=0 suppressed=0 wide_skips=0 served=0.0MB copied=0.0MB ssd_avoided=0.0GB live=0/0.0GB model=0 protected=0 declined=0 topup_suppressed=0 aged=0 into=0/0/0 pending=0
[mirror-split] internal=0 K3C=0 K3B=0 K3A=0  shares=0%/0%/0%/0%
[phases] mono=393295.581454 chunks=188 sequence=338.567s read_wait=0.171s bind_upload=1.719s attention_resident=16.878s expert_read_prefetch=203.019s expert_demand_read=118.830s expert_plan=10.695s expert_hint=0.001s expert_submit=0.001s expert_kernel=113.572s source_fence=0.001s tail_head_sync=2.780s layer_other=0.367s expert_read_gross=192.323s plan_hint=10.422s plan_sched=0.267s attn_total=16.834s attn_encode=6.595s attn_wait=7.298s attn_drain=2.942s kernel_total=69.557s kernel_host=2.514s kernel_wait=5.872s kernel_drain=61.171s
[attn-split] single: calls=17298 total=13.408s encode=5.827s wait=4.640s drain=2.942s waits=29946 untimed=4675 | wide: calls=186 total=3.426s encode=0.768s wait=2.659s drain=0.000s waits=184 untimed=184 | hint: calls=17296 total=10.410s encode=0.049s wait=10.361s drain=0.000s waits=17107 untimed=17107
[kernel-split] single: calls=18475 total=63.599s encode=2.095s wait=0.772s drain=60.733s waits=19845 untimed=15680 | wide: calls=1112 total=5.958s encode=0.419s wait=5.101s drain=0.438s waits=1112 untimed=0
[kernel-sub] materialize=0.165s moe=7.042s precommit=61.011s rest=1.339s
[metal-cache] calls=25534 zero_copy_wraps=321 copies=0 cache_entries=139 bindless=true
 **
[stats] generated=188 elapsed=340.242s speed=0.5525 token/s (1.810 s/token) chunks=189 committed_rows=258 verify_tx=0 drafts=0/0 layer_passes=17577 expert_rows=23736 expert_tiles=18251
[opens] expert file opens=763304 total=13.126s mean=0.017ms requested_bytes=7753764633792 (7753.8 GB)
[arrival] tiles=1232 waves=2667 uncovered_wait=43.950s dispatch=7.412s
[retain] enabled=false cap_gb=8 layers=63..=92 consults=0 wanted=0 hits=0 inserts=0 served=0.0MB
[summer] enabled=false cap_gb=8 sample=16 consults=0 wanted=0 hits=0 hit_rate=0.0% misses=0 inserts=0 evictions=0 recycled=0 allocs=0 pin_skips=0 gated=0 ramp=2..50 bar=0 suppressed=0 wide_skips=0 served=0.0MB copied=0.0MB ssd_avoided=0.0GB live=0/0.0GB model=0 protected=0 declined=0 topup_suppressed=0 aged=0 into=0/0/0 pending=0
[mirror-split] internal=0 K3C=0 K3B=0 K3A=0  shares=0%/0%/0%/0%
[phases] mono=393297.024871 chunks=189 sequence=340.010s read_wait=0.171s bind_upload=1.719s attention_resident=16.943s expert_read_prefetch=204.033s expert_demand_read=119.473s expert_plan=10.757s expert_hint=0.001s expert_submit=0.001s expert_kernel=113.921s source_fence=0.001s tail_head_sync=2.792s layer_other=0.369s expert_read_gross=193.276s plan_hint=10.483s plan_sched=0.268s attn_total=16.900s attn_encode=6.623s attn_wait=7.329s attn_drain=2.948s kernel_total=69.895s kernel_host=2.525s kernel_wait=5.876s kernel_drain=61.494s
[attn-split] single: calls=17391 total=13.473s encode=5.855s wait=4.670s drain=2.948s waits=30107 untimed=4702 | wide: calls=186 total=3.426s encode=0.768s wait=2.659s drain=0.000s waits=184 untimed=184 | hint: calls=17388 total=10.470s encode=0.049s wait=10.421s drain=0.000s waits=17198 untimed=17198
[kernel-split] single: calls=18574 total=63.937s encode=2.106s wait=0.775s drain=61.056s waits=19952 untimed=15766 | wide: calls=1112 total=5.958s encode=0.419s wait=5.101s drain=0.438s waits=1112 untimed=0
[kernel-sub] materialize=0.165s moe=7.049s precommit=61.336s rest=1.345s
[metal-cache] calls=25633 zero_copy_wraps=321 copies=0 cache_entries=139 bindless=true
1
[stats] generated=189 elapsed=341.710s speed=0.5531 token/s (1.808 s/token) chunks=190 committed_rows=259 verify_tx=0 drafts=0/0 layer_passes=17670 expert_rows=23828 expert_tiles=18343
[opens] expert file opens=767263 total=13.221s mean=0.017ms requested_bytes=7788499483840 (7788.5 GB)
[arrival] tiles=1233 waves=2675 uncovered_wait=43.966s dispatch=7.420s
[retain] enabled=false cap_gb=8 layers=63..=92 consults=0 wanted=0 hits=0 inserts=0 served=0.0MB
[summer] enabled=false cap_gb=8 sample=16 consults=0 wanted=0 hits=0 hit_rate=0.0% misses=0 inserts=0 evictions=0 recycled=0 allocs=0 pin_skips=0 gated=0 ramp=2..50 bar=0 suppressed=0 wide_skips=0 served=0.0MB copied=0.0MB ssd_avoided=0.0GB live=0/0.0GB model=0 protected=0 declined=0 topup_suppressed=0 aged=0 into=0/0/0 pending=0
[mirror-split] internal=0 K3C=0 K3B=0 K3A=0  shares=0%/0%/0%/0%
[phases] mono=393298.493044 chunks=190 sequence=341.477s read_wait=0.171s bind_upload=1.719s attention_resident=17.011s expert_read_prefetch=205.068s expert_demand_read=120.094s expert_plan=10.818s expert_hint=0.001s expert_submit=0.001s expert_kernel=114.268s source_fence=0.001s tail_head_sync=2.809s layer_other=0.370s expert_read_gross=194.249s plan_hint=10.543s plan_sched=0.270s attn_total=16.967s attn_encode=6.653s attn_wait=7.360s attn_drain=2.954s kernel_total=70.225s kernel_host=2.536s kernel_wait=5.880s kernel_drain=61.809s
[attn-split] single: calls=17484 total=13.541s encode=5.885s wait=4.701s drain=2.954s waits=30268 untimed=4733 | wide: calls=186 total=3.426s encode=0.768s wait=2.659s drain=0.000s waits=184 untimed=184 | hint: calls=17480 total=10.530s encode=0.049s wait=10.481s drain=0.000s waits=17289 untimed=17289
[kernel-split] single: calls=18673 total=64.267s encode=2.117s wait=0.779s drain=61.370s waits=20059 untimed=15851 | wide: calls=1112 total=5.958s encode=0.419s wait=5.101s drain=0.438s waits=1112 untimed=0
[kernel-sub] materialize=0.165s moe=7.056s precommit=61.652s rest=1.352s
[metal-cache] calls=25732 zero_copy_wraps=321 copies=0 cache_entries=139 bindless=true
[route-chain] chained=12420
[route-chain] dedup_hits=12420
,
[stats] generated=190 elapsed=343.314s speed=0.5534 token/s (1.807 s/token) chunks=191 committed_rows=260 verify_tx=0 drafts=0/0 layer_passes=17763 expert_rows=23920 expert_tiles=18435
[opens] expert file opens=771362 total=13.293s mean=0.017ms requested_bytes=7824427596992 (7824.4 GB)
[arrival] tiles=1234 waves=2683 uncovered_wait=43.978s dispatch=7.427s
[retain] enabled=false cap_gb=8 layers=63..=92 consults=0 wanted=0 hits=0 inserts=0 served=0.0MB
[summer] enabled=false cap_gb=8 sample=16 consults=0 wanted=0 hits=0 hit_rate=0.0% misses=0 inserts=0 evictions=0 recycled=0 allocs=0 pin_skips=0 gated=0 ramp=2..50 bar=0 suppressed=0 wide_skips=0 served=0.0MB copied=0.0MB ssd_avoided=0.0GB live=0/0.0GB model=0 protected=0 declined=0 topup_suppressed=0 aged=0 into=0/0/0 pending=0
[mirror-split] internal=0 K3C=0 K3B=0 K3A=0  shares=0%/0%/0%/0%
[phases] mono=393300.096545 chunks=191 sequence=343.080s read_wait=0.171s bind_upload=1.719s attention_resident=17.094s expert_read_prefetch=206.219s expert_demand_read=120.763s expert_plan=10.876s expert_hint=0.001s expert_submit=0.001s expert_kernel=114.620s source_fence=0.001s tail_head_sync=2.823s layer_other=0.372s expert_read_gross=195.342s plan_hint=10.600s plan_sched=0.271s attn_total=17.050s attn_encode=6.694s attn_wait=7.390s attn_drain=2.965s kernel_total=70.565s kernel_host=2.548s kernel_wait=5.885s kernel_drain=62.132s
[attn-split] single: calls=17577 total=13.623s encode=5.927s wait=4.732s drain=2.965s waits=30429 untimed=4761 | wide: calls=186 total=3.426s encode=0.768s wait=2.659s drain=0.000s waits=184 untimed=184 | hint: calls=17572 total=10.587s encode=0.049s wait=10.538s drain=0.000s waits=17380 untimed=17380
[kernel-split] single: calls=18772 total=64.607s encode=2.129s wait=0.784s drain=61.694s waits=20166 untimed=15938 | wide: calls=1112 total=5.958s encode=0.419s wait=5.101s drain=0.438s waits=1112 untimed=0
[kernel-sub] materialize=0.165s moe=7.064s precommit=61.977s rest=1.359s
[metal-cache] calls=25831 zero_copy_wraps=321 copies=0 cache_entries=139 bindless=true
550
[stats] generated=191 elapsed=344.848s speed=0.5539 token/s (1.805 s/token) chunks=192 committed_rows=261 verify_tx=0 drafts=0/0 layer_passes=17856 expert_rows=24012 expert_tiles=18527
[opens] expert file opens=775434 total=13.358s mean=0.017ms requested_bytes=7860074986688 (7860.1 GB)
[arrival] tiles=1235 waves=2691 uncovered_wait=43.994s dispatch=7.435s
[retain] enabled=false cap_gb=8 layers=63..=92 consults=0 wanted=0 hits=0 inserts=0 served=0.0MB
[summer] enabled=false cap_gb=8 sample=16 consults=0 wanted=0 hits=0 hit_rate=0.0% misses=0 inserts=0 evictions=0 recycled=0 allocs=0 pin_skips=0 gated=0 ramp=2..50 bar=0 suppressed=0 wide_skips=0 served=0.0MB copied=0.0MB ssd_avoided=0.0GB live=0/0.0GB model=0 protected=0 declined=0 topup_suppressed=0 aged=0 into=0/0/0 pending=0
[mirror-split] internal=0 K3C=0 K3B=0 K3A=0  shares=0%/0%/0%/0%
[phases] mono=393301.631206 chunks=192 sequence=344.602s read_wait=0.171s bind_upload=1.719s attention_resident=17.159s expert_read_prefetch=207.310s expert_demand_read=121.414s expert_plan=10.923s expert_hint=0.001s expert_submit=0.002s expert_kernel=114.971s source_fence=0.001s tail_head_sync=2.837s layer_other=0.373s expert_read_gross=196.386s plan_hint=10.646s plan_sched=0.272s attn_total=17.115s attn_encode=6.723s attn_wait=7.410s attn_drain=2.982s kernel_total=70.900s kernel_host=2.559s kernel_wait=5.888s kernel_drain=62.452s
[attn-split] single: calls=17670 total=13.689s encode=5.955s wait=4.751s drain=2.982s waits=30590 untimed=4782 | wide: calls=186 total=3.426s encode=0.768s wait=2.659s drain=0.000s waits=184 untimed=184 | hint: calls=17664 total=10.633s encode=0.050s wait=10.583s drain=0.000s waits=17471 untimed=17471
[kernel-split] single: calls=18871 total=64.941s encode=2.140s wait=0.788s drain=62.014s waits=20273 untimed=16023 | wide: calls=1112 total=5.958s encode=0.419s wait=5.101s drain=0.438s waits=1112 untimed=0
[kernel-sub] materialize=0.165s moe=7.071s precommit=62.299s rest=1.365s
[metal-cache] calls=25930 zero_copy_wraps=321 copies=0 cache_entries=139 bindless=true
,
[stats] generated=192 elapsed=346.422s speed=0.5542 token/s (1.804 s/token) chunks=193 committed_rows=262 verify_tx=0 drafts=0/0 layer_passes=17949 expert_rows=24104 expert_tiles=18619
[opens] expert file opens=779552 total=13.445s mean=0.017ms requested_bytes=7896222416064 (7896.2 GB)
[arrival] tiles=1236 waves=2699 uncovered_wait=44.006s dispatch=7.443s
[retain] enabled=false cap_gb=8 layers=63..=92 consults=0 wanted=0 hits=0 inserts=0 served=0.0MB
[summer] enabled=false cap_gb=8 sample=16 consults=0 wanted=0 hits=0 hit_rate=0.0% misses=0 inserts=0 evictions=0 recycled=0 allocs=0 pin_skips=0 gated=0 ramp=2..50 bar=0 suppressed=0 wide_skips=0 served=0.0MB copied=0.0MB ssd_avoided=0.0GB live=0/0.0GB model=0 protected=0 declined=0 topup_suppressed=0 aged=0 into=0/0/0 pending=0
[mirror-split] internal=0 K3C=0 K3B=0 K3A=0  shares=0%/0%/0%/0%
[phases] mono=393303.204386 chunks=193 sequence=346.174s read_wait=0.171s bind_upload=1.719s attention_resident=17.227s expert_read_prefetch=208.431s expert_demand_read=122.074s expert_plan=10.974s expert_hint=0.001s expert_submit=0.002s expert_kernel=115.339s source_fence=0.001s tail_head_sync=2.851s layer_other=0.375s expert_read_gross=197.456s plan_hint=10.696s plan_sched=0.273s attn_total=17.182s attn_encode=6.751s attn_wait=7.434s attn_drain=2.998s kernel_total=71.255s kernel_host=2.571s kernel_wait=5.893s kernel_drain=62.791s
[attn-split] single: calls=17763 total=13.756s encode=5.983s wait=4.775s drain=2.998s waits=30751 untimed=4805 | wide: calls=186 total=3.426s encode=0.768s wait=2.659s drain=0.000s waits=184 untimed=184 | hint: calls=17756 total=10.683s encode=0.050s wait=10.633s drain=0.000s waits=17562 untimed=17562
[kernel-split] single: calls=18970 total=65.297s encode=2.152s wait=0.793s drain=62.352s waits=20380 untimed=16108 | wide: calls=1112 total=5.958s encode=0.419s wait=5.101s drain=0.438s waits=1112 untimed=0
[kernel-sub] materialize=0.165s moe=7.080s precommit=62.639s rest=1.372s
[metal-cache] calls=26029 zero_copy_wraps=321 copies=0 cache_entries=139 bindless=true
000
[stats] generated=193 elapsed=347.884s speed=0.5548 token/s (1.803 s/token) chunks=194 committed_rows=263 verify_tx=0 drafts=0/0 layer_passes=18042 expert_rows=24196 expert_tiles=18711
[opens] expert file opens=783582 total=13.513s mean=0.017ms requested_bytes=7931536358592 (7931.5 GB)
[arrival] tiles=1237 waves=2707 uncovered_wait=44.019s dispatch=7.450s
[retain] enabled=false cap_gb=8 layers=63..=92 consults=0 wanted=0 hits=0 inserts=0 served=0.0MB
[summer] enabled=false cap_gb=8 sample=16 consults=0 wanted=0 hits=0 hit_rate=0.0% misses=0 inserts=0 evictions=0 recycled=0 allocs=0 pin_skips=0 gated=0 ramp=2..50 bar=0 suppressed=0 wide_skips=0 served=0.0MB copied=0.0MB ssd_avoided=0.0GB live=0/0.0GB model=0 protected=0 declined=0 topup_suppressed=0 aged=0 into=0/0/0 pending=0
[mirror-split] internal=0 K3C=0 K3B=0 K3A=0  shares=0%/0%/0%/0%
[phases] mono=393304.666962 chunks=194 sequence=347.636s read_wait=0.171s bind_upload=1.719s attention_resident=17.294s expert_read_prefetch=209.446s expert_demand_read=122.681s expert_plan=11.036s expert_hint=0.001s expert_submit=0.002s expert_kernel=115.700s source_fence=0.001s tail_head_sync=2.867s layer_other=0.377s expert_read_gross=198.408s plan_hint=10.757s plan_sched=0.274s attn_total=17.250s attn_encode=6.780s attn_wait=7.453s attn_drain=3.017s kernel_total=71.603s kernel_host=2.583s kernel_wait=5.897s kernel_drain=63.123s
[attn-split] single: calls=17856 total=13.823s encode=6.012s wait=4.794s drain=3.017s waits=30912 untimed=4822 | wide: calls=186 total=3.426s encode=0.768s wait=2.659s drain=0.000s waits=184 untimed=184 | hint: calls=17848 total=10.744s encode=0.050s wait=10.694s drain=0.000s waits=17653 untimed=17653
[kernel-split] single: calls=19069 total=65.645s encode=2.164s wait=0.797s drain=62.684s waits=20487 untimed=16190 | wide: calls=1112 total=5.958s encode=0.419s wait=5.101s drain=0.438s waits=1112 untimed=0
[kernel-sub] materialize=0.165s moe=7.087s precommit=62.973s rest=1.378s
[metal-cache] calls=26128 zero_copy_wraps=321 copies=0 cache_entries=139 bindless=true
**

[stats] generated=194 elapsed=349.454s speed=0.5552 token/s (1.801 s/token) chunks=195 committed_rows=264 verify_tx=0 drafts=0/0 layer_passes=18135 expert_rows=24288 expert_tiles=18803
[opens] expert file opens=787785 total=13.607s mean=0.017ms requested_bytes=7968333069504 (7968.3 GB)
[arrival] tiles=1238 waves=2714 uncovered_wait=44.031s dispatch=7.457s
[retain] enabled=false cap_gb=8 layers=63..=92 consults=0 wanted=0 hits=0 inserts=0 served=0.0MB
[summer] enabled=false cap_gb=8 sample=16 consults=0 wanted=0 hits=0 hit_rate=0.0% misses=0 inserts=0 evictions=0 recycled=0 allocs=0 pin_skips=0 gated=0 ramp=2..50 bar=0 suppressed=0 wide_skips=0 served=0.0MB copied=0.0MB ssd_avoided=0.0GB live=0/0.0GB model=0 protected=0 declined=0 topup_suppressed=0 aged=0 into=0/0/0 pending=0
[mirror-split] internal=0 K3C=0 K3B=0 K3A=0  shares=0%/0%/0%/0%
[phases] mono=393306.236751 chunks=195 sequence=349.205s read_wait=0.171s bind_upload=1.719s attention_resident=17.383s expert_read_prefetch=210.559s expert_demand_read=123.319s expert_plan=11.093s expert_hint=0.001s expert_submit=0.002s expert_kernel=116.048s source_fence=0.001s tail_head_sync=2.883s layer_other=0.378s expert_read_gross=199.465s plan_hint=10.813s plan_sched=0.275s attn_total=17.338s attn_encode=6.825s attn_wait=7.486s attn_drain=3.027s kernel_total=71.939s kernel_host=2.595s kernel_wait=5.901s kernel_drain=63.443s
[attn-split] single: calls=17949 total=13.912s encode=6.058s wait=4.827s drain=3.027s waits=31073 untimed=4853 | wide: calls=186 total=3.426s encode=0.768s wait=2.659s drain=0.000s waits=184 untimed=184 | hint: calls=17940 total=10.799s encode=0.050s wait=10.749s drain=0.000s waits=17744 untimed=17744
[kernel-split] single: calls=19167 total=65.981s encode=2.176s wait=0.800s drain=63.005s waits=20592 untimed=16272 | wide: calls=1112 total=5.958s encode=0.419s wait=5.101s drain=0.438s waits=1112 untimed=0
[kernel-sub] materialize=0.165s moe=7.093s precommit=63.296s rest=1.385s
[metal-cache] calls=26226 zero_copy_wraps=321 copies=0 cache_entries=139 bindless=true
-
[stats] generated=195 elapsed=351.019s speed=0.5555 token/s (1.800 s/token) chunks=196 committed_rows=265 verify_tx=0 drafts=0/0 layer_passes=18228 expert_rows=24380 expert_tiles=18895
[opens] expert file opens=791910 total=13.680s mean=0.017ms requested_bytes=8004480531648 (8004.5 GB)
[arrival] tiles=1239 waves=2722 uncovered_wait=44.046s dispatch=7.465s
[retain] enabled=false cap_gb=8 layers=63..=92 consults=0 wanted=0 hits=0 inserts=0 served=0.0MB
[summer] enabled=false cap_gb=8 sample=16 consults=0 wanted=0 hits=0 hit_rate=0.0% misses=0 inserts=0 evictions=0 recycled=0 allocs=0 pin_skips=0 gated=0 ramp=2..50 bar=0 suppressed=0 wide_skips=0 served=0.0MB copied=0.0MB ssd_avoided=0.0GB live=0/0.0GB model=0 protected=0 declined=0 topup_suppressed=0 aged=0 into=0/0/0 pending=0
[mirror-split] internal=0 K3C=0 K3B=0 K3A=0  shares=0%/0%/0%/0%
[phases] mono=393307.802045 chunks=196 sequence=350.769s read_wait=0.171s bind_upload=1.719s attention_resident=17.443s expert_read_prefetch=211.710s expert_demand_read=123.995s expert_plan=11.140s expert_hint=0.001s expert_submit=0.002s expert_kernel=116.387s source_fence=0.001s tail_head_sync=2.897s layer_other=0.380s expert_read_gross=200.569s plan_hint=10.859s plan_sched=0.276s attn_total=17.397s attn_encode=6.849s attn_wait=7.508s attn_drain=3.040s kernel_total=72.262s kernel_host=2.607s kernel_wait=5.906s kernel_drain=63.750s
[attn-split] single: calls=18042 total=13.971s encode=6.082s wait=4.849s drain=3.040s waits=31234 untimed=4875 | wide: calls=186 total=3.426s encode=0.768s wait=2.659s drain=0.000s waits=184 untimed=184 | hint: calls=18032 total=10.845s encode=0.051s wait=10.795s drain=0.000s waits=17835 untimed=17835
[kernel-split] single: calls=19266 total=66.304s encode=2.188s wait=0.805s drain=63.311s waits=20699 untimed=16353 | wide: calls=1112 total=5.958s encode=0.419s wait=5.101s drain=0.438s waits=1112 untimed=0
[kernel-sub] materialize=0.165s moe=7.101s precommit=63.604s rest=1.392s
[metal-cache] calls=26325 zero_copy_wraps=321 copies=0 cache_entries=139 bindless=true
 Operating
[stats] generated=196 elapsed=352.556s speed=0.5559 token/s (1.799 s/token) chunks=197 committed_rows=266 verify_tx=0 drafts=0/0 layer_passes=18321 expert_rows=24472 expert_tiles=18987
[opens] expert file opens=796094 total=13.767s mean=0.017ms requested_bytes=8041163160768 (8041.2 GB)
[arrival] tiles=1240 waves=2730 uncovered_wait=44.056s dispatch=7.472s
[retain] enabled=false cap_gb=8 layers=63..=92 consults=0 wanted=0 hits=0 inserts=0 served=0.0MB
[summer] enabled=false cap_gb=8 sample=16 consults=0 wanted=0 hits=0 hit_rate=0.0% misses=0 inserts=0 evictions=0 recycled=0 allocs=0 pin_skips=0 gated=0 ramp=2..50 bar=0 suppressed=0 wide_skips=0 served=0.0MB copied=0.0MB ssd_avoided=0.0GB live=0/0.0GB model=0 protected=0 declined=0 topup_suppressed=0 aged=0 into=0/0/0 pending=0
[mirror-split] internal=0 K3C=0 K3B=0 K3A=0  shares=0%/0%/0%/0%
[phases] mono=393309.338426 chunks=197 sequence=352.305s read_wait=0.171s bind_upload=1.719s attention_resident=17.503s expert_read_prefetch=212.799s expert_demand_read=124.642s expert_plan=11.201s expert_hint=0.001s expert_submit=0.002s expert_kernel=116.756s source_fence=0.001s tail_head_sync=2.913s layer_other=0.382s expert_read_gross=201.596s plan_hint=10.918s plan_sched=0.277s attn_total=17.458s attn_encode=6.875s attn_wait=7.532s attn_drain=3.051s kernel_total=72.621s kernel_host=2.620s kernel_wait=5.909s kernel_drain=64.091s
[attn-split] single: calls=18135 total=14.031s encode=6.107s wait=4.873s drain=3.051s waits=31395 untimed=4901 | wide: calls=186 total=3.426s encode=0.768s wait=2.659s drain=0.000s waits=184 untimed=184 | hint: calls=18124 total=10.905s encode=0.051s wait=10.854s drain=0.000s waits=17926 untimed=17926
[kernel-split] single: calls=19365 total=66.662s encode=2.201s wait=0.809s drain=63.653s waits=20806 untimed=16434 | wide: calls=1112 total=5.958s encode=0.419s wait=5.101s drain=0.438s waits=1112 untimed=0
[kernel-sub] materialize=0.165s moe=7.108s precommit=63.948s rest=1.400s
[metal-cache] calls=26424 zero_copy_wraps=321 copies=0 cache_entries=139 bindless=true
 Profit
[stats] generated=197 elapsed=354.102s speed=0.5563 token/s (1.797 s/token) chunks=198 committed_rows=267 verify_tx=0 drafts=0/0 layer_passes=18414 expert_rows=24564 expert_tiles=19079
[opens] expert file opens=800172 total=13.847s mean=0.017ms requested_bytes=8076942097600 (8076.9 GB)
[arrival] tiles=1241 waves=2738 uncovered_wait=44.073s dispatch=7.481s
[retain] enabled=false cap_gb=8 layers=63..=92 consults=0 wanted=0 hits=0 inserts=0 served=0.0MB
[summer] enabled=false cap_gb=8 sample=16 consults=0 wanted=0 hits=0 hit_rate=0.0% misses=0 inserts=0 evictions=0 recycled=0 allocs=0 pin_skips=0 gated=0 ramp=2..50 bar=0 suppressed=0 wide_skips=0 served=0.0MB copied=0.0MB ssd_avoided=0.0GB live=0/0.0GB model=0 protected=0 declined=0 topup_suppressed=0 aged=0 into=0/0/0 pending=0
[mirror-split] internal=0 K3C=0 K3B=0 K3A=0  shares=0%/0%/0%/0%
[phases] mono=393310.885257 chunks=198 sequence=353.851s read_wait=0.171s bind_upload=1.719s attention_resident=17.577s expert_read_prefetch=213.893s expert_demand_read=125.251s expert_plan=11.255s expert_hint=0.001s expert_submit=0.002s expert_kernel=117.118s source_fence=0.001s tail_head_sync=2.927s layer_other=0.383s expert_read_gross=202.636s plan_hint=10.972s plan_sched=0.278s attn_total=17.531s attn_encode=6.907s attn_wait=7.554s attn_drain=3.070s kernel_total=72.966s kernel_host=2.632s kernel_wait=5.914s kernel_drain=64.419s
[attn-split] single: calls=18228 total=14.105s encode=6.139s wait=4.895s drain=3.070s waits=31556 untimed=4928 | wide: calls=186 total=3.426s encode=0.768s wait=2.659s drain=0.000s waits=184 untimed=184 | hint: calls=18216 total=10.958s encode=0.051s wait=10.907s drain=0.000s waits=18017 untimed=18017
[kernel-split] single: calls=19464 total=67.007s encode=2.213s wait=0.814s drain=63.981s waits=20913 untimed=16522 | wide: calls=1112 total=5.958s encode=0.419s wait=5.101s drain=0.438s waits=1112 untimed=0
[kernel-sub] materialize=0.165s moe=7.116s precommit=64.278s rest=1.407s
[metal-cache] calls=26523 zero_copy_wraps=321 copies=0 cache_entries=139 bindless=true
:
[stats] generated=198 elapsed=355.635s speed=0.5567 token/s (1.796 s/token) chunks=199 committed_rows=268 verify_tx=0 drafts=0/0 layer_passes=18507 expert_rows=24656 expert_tiles=19171
[opens] expert file opens=804312 total=13.916s mean=0.017ms requested_bytes=8113247468736 (8113.2 GB)
[arrival] tiles=1242 waves=2744 uncovered_wait=44.084s dispatch=7.486s
[retain] enabled=false cap_gb=8 layers=63..=92 consults=0 wanted=0 hits=0 inserts=0 served=0.0MB
[summer] enabled=false cap_gb=8 sample=16 consults=0 wanted=0 hits=0 hit_rate=0.0% misses=0 inserts=0 evictions=0 recycled=0 allocs=0 pin_skips=0 gated=0 ramp=2..50 bar=0 suppressed=0 wide_skips=0 served=0.0MB copied=0.0MB ssd_avoided=0.0GB live=0/0.0GB model=0 protected=0 declined=0 topup_suppressed=0 aged=0 into=0/0/0 pending=0
[mirror-split] internal=0 K3C=0 K3B=0 K3A=0  shares=0%/0%/0%/0%
[phases] mono=393312.418344 chunks=199 sequence=355.383s read_wait=0.171s bind_upload=1.719s attention_resident=17.656s expert_read_prefetch=214.981s expert_demand_read=125.891s expert_plan=11.317s expert_hint=0.001s expert_submit=0.002s expert_kernel=117.465s source_fence=0.001s tail_head_sync=2.944s layer_other=0.385s expert_read_gross=203.662s plan_hint=11.032s plan_sched=0.279s attn_total=17.610s attn_encode=6.948s attn_wait=7.573s attn_drain=3.089s kernel_total=73.301s kernel_host=2.643s kernel_wait=5.917s kernel_drain=64.741s
[attn-split] single: calls=18321 total=14.184s encode=6.180s wait=4.914s drain=3.089s waits=31717 untimed=4950 | wide: calls=186 total=3.426s encode=0.768s wait=2.659s drain=0.000s waits=184 untimed=184 | hint: calls=18308 total=11.019s encode=0.052s wait=10.967s drain=0.000s waits=18108 untimed=18108
[kernel-split] single: calls=19561 total=67.343s encode=2.224s wait=0.817s drain=64.302s waits=21016 untimed=16608 | wide: calls=1112 total=5.958s encode=0.419s wait=5.101s drain=0.438s waits=1112 untimed=0
[kernel-sub] materialize=0.165s moe=7.122s precommit=64.601s rest=1.413s
[metal-cache] calls=26620 zero_copy_wraps=321 copies=0 cache_entries=139 bindless=true
 **
[stats] generated=199 elapsed=357.238s speed=0.5571 token/s (1.795 s/token) chunks=200 committed_rows=269 verify_tx=0 drafts=0/0 layer_passes=18600 expert_rows=24748 expert_tiles=19263
[opens] expert file opens=808558 total=14.010s mean=0.017ms requested_bytes=8150474079424 (8150.5 GB)
[arrival] tiles=1243 waves=2752 uncovered_wait=44.094s dispatch=7.493s
[retain] enabled=false cap_gb=8 layers=63..=92 consults=0 wanted=0 hits=0 inserts=0 served=0.0MB
[summer] enabled=false cap_gb=8 sample=16 consults=0 wanted=0 hits=0 hit_rate=0.0% misses=0 inserts=0 evictions=0 recycled=0 allocs=0 pin_skips=0 gated=0 ramp=2..50 bar=0 suppressed=0 wide_skips=0 served=0.0MB copied=0.0MB ssd_avoided=0.0GB live=0/0.0GB model=0 protected=0 declined=0 topup_suppressed=0 aged=0 into=0/0/0 pending=0
[mirror-split] internal=0 K3C=0 K3B=0 K3A=0  shares=0%/0%/0%/0%
[phases] mono=393314.020752 chunks=200 sequence=356.984s read_wait=0.171s bind_upload=1.719s attention_resident=17.719s expert_read_prefetch=216.148s expert_demand_read=126.570s expert_plan=11.372s expert_hint=0.001s expert_submit=0.002s expert_kernel=117.820s source_fence=0.001s tail_head_sync=2.958s layer_other=0.387s expert_read_gross=204.774s plan_hint=11.086s plan_sched=0.281s attn_total=17.673s attn_encode=6.971s attn_wait=7.594s attn_drain=3.108s kernel_total=73.645s kernel_host=2.654s kernel_wait=5.921s kernel_drain=65.070s
[attn-split] single: calls=18414 total=14.246s encode=6.203s wait=4.935s drain=3.108s waits=31878 untimed=4975 | wide: calls=186 total=3.426s encode=0.768s wait=2.659s drain=0.000s waits=184 untimed=184 | hint: calls=18400 total=11.073s encode=0.052s wait=11.021s drain=0.000s waits=18199 untimed=18199
[kernel-split] single: calls=19660 total=67.687s encode=2.235s wait=0.820s drain=64.632s waits=21123 untimed=16694 | wide: calls=1112 total=5.958s encode=0.419s wait=5.101s drain=0.438s waits=1112 untimed=0
[kernel-sub] materialize=0.165s moe=7.128s precommit=64.933s rest=1.419s
[metal-cache] calls=26719 zero_copy_wraps=321 copies=0 cache_entries=139 bindless=true
[route-chain] chained=13110
[route-chain] dedup_hits=13110
640
[stats] generated=200 elapsed=358.794s speed=0.5574 token/s (1.794 s/token) chunks=201 committed_rows=270 verify_tx=0 drafts=0/0 layer_passes=18693 expert_rows=24840 expert_tiles=19355
[opens] expert file opens=812701 total=14.090s mean=0.017ms requested_bytes=8186779434176 (8186.8 GB)
[arrival] tiles=1244 waves=2758 uncovered_wait=44.105s dispatch=7.500s
[retain] enabled=false cap_gb=8 layers=63..=92 consults=0 wanted=0 hits=0 inserts=0 served=0.0MB
[summer] enabled=false cap_gb=8 sample=16 consults=0 wanted=0 hits=0 hit_rate=0.0% misses=0 inserts=0 evictions=0 recycled=0 allocs=0 pin_skips=0 gated=0 ramp=2..50 bar=0 suppressed=0 wide_skips=0 served=0.0MB copied=0.0MB ssd_avoided=0.0GB live=0/0.0GB model=0 protected=0 declined=0 topup_suppressed=0 aged=0 into=0/0/0 pending=0
[mirror-split] internal=0 K3C=0 K3B=0 K3A=0  shares=0%/0%/0%/0%
[phases] mono=393315.577039 chunks=201 sequence=358.540s read_wait=0.171s bind_upload=1.719s attention_resident=17.798s expert_read_prefetch=217.265s expert_demand_read=127.183s expert_plan=11.428s expert_hint=0.001s expert_submit=0.002s expert_kernel=118.165s source_fence=0.001s tail_head_sync=2.970s layer_other=0.388s expert_read_gross=205.836s plan_hint=11.141s plan_sched=0.282s attn_total=17.751s attn_encode=7.000s attn_wait=7.625s attn_drain=3.126s kernel_total=73.980s kernel_host=2.665s kernel_wait=5.926s kernel_drain=65.388s
[attn-split] single: calls=18507 total=14.325s encode=6.232s wait=4.966s drain=3.126s waits=32039 untimed=5004 | wide: calls=186 total=3.426s encode=0.768s wait=2.659s drain=0.000s waits=184 untimed=184 | hint: calls=18492 total=11.128s encode=0.052s wait=11.076s drain=0.000s waits=18290 untimed=18290
[kernel-split] single: calls=19757 total=68.021s encode=2.246s wait=0.825s drain=64.950s waits=21226 untimed=16781 | wide: calls=1112 total=5.958s encode=0.419s wait=5.101s drain=0.438s waits=1112 untimed=0
[kernel-sub] materialize=0.165s moe=7.136s precommit=65.253s rest=1.426s
[metal-cache] calls=26816 zero_copy_wraps=321 copies=0 cache_entries=139 bindless=true

WALL_SECONDS=365
