ARM G7_ON START 06:36:15 overrides: K3_QWEN_ALLOW_CHAT=1 K3_CHAT_THINKING=0 tokens=200 chat=1 pressure_gb=60 prompt=[What are the main differences between VAT and sales tax, and which countries use each?]
[config] resolved: surface=DirectRun device=Auto spine=Auto spine_read_threads=auto spine_fd_cache=auto spine_stream_nocache=auto expert_stream_nocache=auto spine_resident_bytes=16000000000 provider_resident_layers=93 expert_read_threads=64 expert_prefetch_threads=12 expert_backend=Auto expert_scale4=Auto expert_pin_bytes=0 expert_heat=true expert_overlays=[hot=/Volumes/White/k3-experts-b:36018files dir_b=/Volumes/Green/k3-experts-full:82432files dir_c=/Volumes/Yellow/serve3-green:15287files] pilot_gate=Off pilot_gate_threshold=0.1 pilot_gate_warmup=16 quality=QualityPolicy { target_authority: FullK3, routed_experts: 16, activation_precision: Fp32, resident_weights: QuantizedInt8 } dspark=Off dspark_max_context=8192 dspark_min_auto_speedup=0.03 dspark_miss_tolerance=1 dspark_max_drafts=7 qwen=On reasoning_effort=default router_trace_mode=Off router_trace_path=none chat=true stats=true layer_profile=false max_new=200
[residency] residency set created
[residency] queue attached (1 queues)
[native] exact scale4-v2 expert storage unavailable (inspect scale4 manifest $K3_DIR/deltafin-root-local/k3-experts-scale4/scale4-manifest.json: No such file or directory (os error 2)); using raw-v1
[native] expert hot tier enabled: /Volumes/White/k3-experts-b (probed before $K3_DIR/deltafin-root-local/k3-experts)
[native] split-read: chunks=2 demand_chunks=2 prefetch_hot_side_chunks=1 demand_home=hot-first-both-chunks tier_balance=1 split_eta=1 trace=0
[native] plan-path balance: on (lowest expected completion among holders)
[native] expert volume B enabled: /Volumes/Green/k3-experts-full (probed after hot, before $K3_DIR/deltafin-root-local/k3-experts)
[native] expert volume C enabled: /Volumes/Yellow/serve3-green (probed before hot and $K3_DIR/deltafin-root-local/k3-experts)
[native] host=macos/aarch64 device=mps experts=metal/raw-v1 root=$K3_DIR/deltafin-root-local spine=loose-deferred representation=quantized-int8 (non-weight-exact) layers=93 globals=2 resident=93/93 (50.74 GiB) transient=0.00 GiB readers=spine:4t/expert:64t/prefetch:12t spine-fdcache=0/0fd cpu-expert:4t router-trace=false lazy-missing=0 LibTorch=2.13.0
[native] optional Qwen: state=qwen3-0.6b model+KV-reserve=4.91 GiB verify-reserve=0.00 GiB/9 positions admitted-context=4389 tokens startup-error=none
[native] context cache: initial=16 tokens/45.00 MiB, growth=2.81 MiB per capacity token, startup reserve=256 tokens/832.03 MiB, exact-expanded cap=4369 / model contract=1048576 tokens (live peak admission required beyond reserve)
[native] verify snapshots: 452.81 MiB per candidate boundary, width 1..=64 (fresh peak admission; otherwise ordinary exact decode)
[native] native target structure ready (all 16 routed experts; physical real-weight sequence parity not yet recorded for this backend/representation)
[native] expert arena: slots=1 prefetch_slots=128
[native] probe-order: dir_c_first
[native] mirror-cost: rated
[native] mirror: enabled=false mode=0 internal_cost_us=1502 enclosure_cost_us=948 bias=internal:1.00,K3C:1.00,K3B:1.00,K3A:1.00 outstanding=0/0/0/0
[native] retain: enabled=false cap_gb=8 layers=63..=92
[native] summer: enabled=false cap_gb=8 policy=lfru sample=16
[native] expert heat: weight=11842 passes recording=true; pin tier: candidates=0 charged=0.00 GiB
[spine-fp32] execution arena DISABLED (K3_SPINE_FP32_ARENA=0)
[residency] queue attached (2 queues)
[residency] 1 allocations, 1.09 GiB pinned
[residency] 2 allocations, 1.10 GiB pinned
[residency] 4 allocations, 1.70 GiB pinned
[residency] 8 allocations, 3.89 GiB pinned
[residency] 16 allocations, 8.27 GiB pinned
[residency] 32 allocations, 17.04 GiB pinned
[residency] 64 allocations, 33.58 GiB pinned
The
[stats] generated=1 elapsed=30.716s speed=0.0326 token/s (30.716 s/token) chunks=1 committed_rows=38 verify_tx=0 drafts=0/0 layer_passes=93 expert_rows=3496 expert_tiles=590
[opens] expert file opens=510 total=0.021s mean=0.041ms requested_bytes=651934481600 (651.9 GB)
[split-eta] chunks served hot=6531 dir_c=4522 dir_b=7415 primary=15691
[arrival] tiles=590 waves=648 uncovered_wait=21.288s dispatch=4.772s
[retain] enabled=false cap_gb=8 layers=63..=92 consults=0 wanted=0 hits=0 inserts=0 served=0.0MB
[summer] enabled=false cap_gb=8 sample=16 consults=0 wanted=0 hits=0 hit_rate=0.0% misses=0 inserts=0 evictions=0 recycled=0 allocs=0 pin_skips=0 gated=0 ramp=2..50 bar=0 suppressed=0 wide_skips=0 served=0.0MB copied=0.0MB ssd_avoided=0.0GB live=0/0.0GB model=0 protected=0 declined=0 topup_suppressed=0 aged=0 into=0/0/0 pending=0
[mirror-split] internal=0 K3C=0 K3B=0 K3A=0  shares=0%/0%/0%/0%
[phases] mono=418368.349098 chunks=1 sequence=30.713s read_wait=0.170s bind_upload=1.591s attention_resident=2.358s expert_read_prefetch=0.449s expert_demand_read=0.000s expert_plan=0.000s expert_hint=0.000s expert_submit=0.000s expert_kernel=26.063s source_fence=0.000s tail_head_sync=0.016s layer_other=0.034s expert_read_gross=0.449s plan_hint=0.000s plan_sched=0.000s attn_total=2.357s attn_encode=0.600s attn_wait=1.757s attn_drain=0.000s kernel_total=4.769s kernel_host=0.233s kernel_wait=4.209s kernel_drain=0.327s
[attn-split] single: calls=0 total=0.000s encode=0.000s wait=0.000s drain=0.000s waits=0 untimed=0 | wide: calls=93 total=2.357s encode=0.600s wait=1.757s drain=0.000s waits=92 untimed=92 | hint: calls=92 total=0.000s encode=0.000s wait=0.000s drain=0.000s waits=0 untimed=0
[kernel-split] single: calls=69 total=0.061s encode=0.014s wait=0.022s drain=0.025s waits=69 untimed=0 | wide: calls=579 total=4.708s encode=0.219s wait=4.186s drain=0.302s waits=579 untimed=0
[kernel-sub] materialize=0.074s moe=4.581s precommit=0.000s rest=0.113s
[metal-cache] calls=3554 zero_copy_wraps=123 copies=0 cache_entries=64 bindless=true
 main difference between
[stats] generated=4 elapsed=33.238s speed=0.1203 token/s (8.310 s/token) chunks=2 committed_rows=41 verify_tx=1 drafts=2/2 layer_passes=186 expert_rows=3772 expert_tiles=682
[verify-width] w1=0 w2=1 w3=0 w4=0 w5=0 w6=0 w7=0 w8+=0              (w1 share 0.0% of 1 transactions)
[opens] expert file opens=9447 total=0.118s mean=0.012ms requested_bytes=720219733184 (720.2 GB)
[split-eta] chunks served hot=7762 dir_c=5279 dir_b=9194 primary=19149
[arrival] tiles=614 waves=694 uncovered_wait=21.541s dispatch=4.907s
[retain] enabled=false cap_gb=8 layers=63..=92 consults=0 wanted=0 hits=0 inserts=0 served=0.0MB
[summer] enabled=false cap_gb=8 sample=16 consults=0 wanted=0 hits=0 hit_rate=0.0% misses=0 inserts=0 evictions=0 recycled=0 allocs=0 pin_skips=0 gated=0 ramp=2..50 bar=0 suppressed=0 wide_skips=0 served=0.0MB copied=0.0MB ssd_avoided=0.0GB live=0/0.0GB model=0 protected=0 declined=0 topup_suppressed=0 aged=0 into=0/0/0 pending=0
[mirror-split] internal=0 K3C=0 K3B=0 K3A=0  shares=0%/0%/0%/0%
[phases] mono=418370.871669 chunks=2 sequence=33.169s read_wait=0.170s bind_upload=1.591s attention_resident=2.839s expert_read_prefetch=1.659s expert_demand_read=0.851s expert_plan=0.132s expert_hint=0.000s expert_submit=0.000s expert_kernel=26.807s source_fence=0.000s tail_head_sync=0.035s layer_other=0.036s expert_read_gross=1.527s plan_hint=0.073s plan_sched=0.059s attn_total=2.838s attn_encode=0.702s attn_wait=2.136s attn_drain=0.000s kernel_total=5.260s kernel_host=0.351s kernel_wait=4.528s kernel_drain=0.381s
[attn-split] single: calls=0 total=0.000s encode=0.000s wait=0.000s drain=0.000s waits=0 untimed=0 | wide: calls=186 total=2.838s encode=0.702s wait=2.136s drain=0.000s waits=184 untimed=184 | hint: calls=184 total=0.073s encode=0.000s wait=0.072s drain=0.000s waits=150 untimed=150
[kernel-split] single: calls=69 total=0.061s encode=0.014s wait=0.022s drain=0.025s waits=69 untimed=0 | wide: calls=693 total=5.199s encode=0.337s wait=4.506s drain=0.357s waits=693 untimed=0
[kernel-sub] materialize=0.139s moe=4.959s precommit=0.000s rest=0.161s
[metal-cache] calls=3896 zero_copy_wraps=203 copies=0 cache_entries=144 bindless=true
[residency] queue attached (3 queues)
[route-chain] chained=1
[route-chain] dedup_hits=1
 **
[stats] generated=5 elapsed=39.728s speed=0.1259 token/s (7.946 s/token) chunks=3 committed_rows=42 verify_tx=2 drafts=2/10 layer_passes=279 expert_rows=3864 expert_tiles=774
[verify-width] w1=0 w2=1 w3=0 w4=0 w5=0 w6=0 w7=0 w8+=1              (w1 share 0.0% of 2 transactions)
[opens] expert file opens=21608 total=0.285s mean=0.013ms requested_bytes=881058102464 (881.1 GB)
[split-eta] chunks served hot=10441 dir_c=6822 dir_b=12472 primary=25785
[arrival] tiles=705 waves=881 uncovered_wait=24.097s dispatch=6.009s
[retain] enabled=false cap_gb=8 layers=63..=92 consults=0 wanted=0 hits=0 inserts=0 served=0.0MB
[summer] enabled=false cap_gb=8 sample=16 consults=0 wanted=0 hits=0 hit_rate=0.0% misses=0 inserts=0 evictions=0 recycled=0 allocs=0 pin_skips=0 gated=0 ramp=2..50 bar=0 suppressed=0 wide_skips=0 served=0.0MB copied=0.0MB ssd_avoided=0.0GB live=0/0.0GB model=0 protected=0 declined=0 topup_suppressed=0 aged=0 into=0/0/0 pending=0
[mirror-split] internal=0 K3C=0 K3B=0 K3A=0  shares=0%/0%/0%/0%
[phases] mono=418377.361495 chunks=3 sequence=34.491s read_wait=0.170s bind_upload=1.591s attention_resident=3.096s expert_read_prefetch=2.441s expert_demand_read=1.344s expert_plan=0.202s expert_hint=0.000s expert_submit=0.000s expert_kernel=27.073s source_fence=0.000s tail_head_sync=0.050s layer_other=0.038s expert_read_gross=2.239s plan_hint=0.142s plan_sched=0.060s attn_total=4.158s attn_encode=0.902s attn_wait=3.218s attn_drain=0.037s kernel_total=6.633s kernel_host=0.576s kernel_wait=5.355s kernel_drain=0.702s
[attn-split] single: calls=93 total=0.257s encode=0.070s wait=0.149s drain=0.037s waits=161 untimed=66 | wide: calls=279 total=3.901s encode=0.832s wait=3.069s drain=0.000s waits=276 untimed=276 | hint: calls=368 total=0.234s encode=0.002s wait=0.232s drain=0.000s waits=421 untimed=421
[kernel-split] single: calls=168 total=0.316s encode=0.026s wait=0.027s drain=0.264s waits=176 untimed=57 | wide: calls=874 total=6.316s encode=0.550s wait=5.328s drain=0.438s waits=874 untimed=0
[kernel-sub] materialize=0.274s moe=5.882s precommit=0.245s rest=0.232s
[metal-cache] calls=5624 zero_copy_wraps=387 copies=0 cache_entries=184 bindless=true
Value
[stats] generated=6 elapsed=43.479s speed=0.1380 token/s (7.247 s/token) chunks=4 committed_rows=43 verify_tx=3 drafts=2/12 layer_passes=372 expert_rows=3956 expert_tiles=866
[verify-width] w1=0 w2=2 w3=0 w4=0 w5=0 w6=0 w7=0 w8+=1              (w1 share 0.0% of 3 transactions)
[opens] expert file opens=35461 total=0.435s mean=0.012ms requested_bytes=986096221376 (986.1 GB)
[split-eta] chunks served hot=12421 dir_c=8024 dir_b=15197 primary=31107
[arrival] tiles=738 waves=952 uncovered_wait=24.357s dispatch=6.198s
[retain] enabled=false cap_gb=8 layers=63..=92 consults=0 wanted=0 hits=0 inserts=0 served=0.0MB
[summer] enabled=false cap_gb=8 sample=16 consults=0 wanted=0 hits=0 hit_rate=0.0% misses=0 inserts=0 evictions=0 recycled=0 allocs=0 pin_skips=0 gated=0 ramp=2..50 bar=0 suppressed=0 wide_skips=0 served=0.0MB copied=0.0MB ssd_avoided=0.0GB live=0/0.0GB model=0 protected=0 declined=0 topup_suppressed=0 aged=0 into=0/0/0 pending=0
[mirror-split] internal=0 K3C=0 K3B=0 K3A=0  shares=0%/0%/0%/0%
[phases] mono=418381.112757 chunks=4 sequence=35.747s read_wait=0.170s bind_upload=1.591s attention_resident=3.199s expert_read_prefetch=3.160s expert_demand_read=1.786s expert_plan=0.273s expert_hint=0.000s expert_submit=0.000s expert_kernel=27.490s source_fence=0.000s tail_head_sync=0.066s layer_other=0.039s expert_read_gross=2.887s plan_hint=0.211s plan_sched=0.061s attn_total=4.736s attn_encode=1.050s attn_wait=3.623s attn_drain=0.062s kernel_total=7.526s kernel_host=0.701s kernel_wait=5.663s kernel_drain=1.161s
[attn-split] single: calls=186 total=0.360s encode=0.124s wait=0.173s drain=0.062s waits=322 untimed=91 | wide: calls=372 total=4.376s encode=0.926s wait=3.450s drain=0.000s waits=368 untimed=368 | hint: calls=552 total=0.372s encode=0.002s wait=0.370s drain=0.000s waits=667 untimed=667
[kernel-split] single: calls=267 total=0.723s encode=0.036s wait=0.031s drain=0.656s waits=283 untimed=140 | wide: calls=997 total=6.803s encode=0.666s wait=5.632s drain=0.505s waits=997 untimed=0
[kernel-sub] materialize=0.332s moe=6.264s precommit=0.640s rest=0.289s
[metal-cache] calls=6092 zero_copy_wraps=390 copies=0 cache_entries=187 bindless=true
 Added
[stats] generated=7 elapsed=44.736s speed=0.1565 token/s (6.391 s/token) chunks=5 committed_rows=44 verify_tx=3 drafts=2/12 layer_passes=465 expert_rows=4048 expert_tiles=958
[verify-width] w1=0 w2=2 w3=0 w4=0 w5=0 w6=0 w7=0 w8+=1              (w1 share 0.0% of 3 transactions)
[opens] expert file opens=40793 total=0.490s mean=0.012ms requested_bytes=1021111844032 (1021.1 GB)
[split-eta] chunks served hot=13161 dir_c=8411 dir_b=16172 primary=32996
[arrival] tiles=739 waves=957 uncovered_wait=24.365s dispatch=6.205s
[retain] enabled=false cap_gb=8 layers=63..=92 consults=0 wanted=0 hits=0 inserts=0 served=0.0MB
[summer] enabled=false cap_gb=8 sample=16 consults=0 wanted=0 hits=0 hit_rate=0.0% misses=0 inserts=0 evictions=0 recycled=0 allocs=0 pin_skips=0 gated=0 ramp=2..50 bar=0 suppressed=0 wide_skips=0 served=0.0MB copied=0.0MB ssd_avoided=0.0GB live=0/0.0GB model=0 protected=0 declined=0 topup_suppressed=0 aged=0 into=0/0/0 pending=0
[mirror-split] internal=0 K3C=0 K3B=0 K3A=0  shares=0%/0%/0%/0%
[phases] mono=418382.369652 chunks=5 sequence=37.003s read_wait=0.170s bind_upload=1.591s attention_resident=3.268s expert_read_prefetch=3.898s expert_demand_read=2.234s expert_plan=0.344s expert_hint=0.000s expert_submit=0.000s expert_kernel=27.924s source_fence=0.000s tail_head_sync=0.079s layer_other=0.040s expert_read_gross=3.554s plan_hint=0.281s plan_sched=0.062s attn_total=4.805s attn_encode=1.071s attn_wait=3.655s attn_drain=0.079s kernel_total=7.951s kernel_host=0.710s kernel_wait=5.668s kernel_drain=1.573s
[attn-split] single: calls=279 total=0.429s encode=0.145s wait=0.205s drain=0.079s waits=483 untimed=130 | wide: calls=372 total=4.376s encode=0.926s wait=3.450s drain=0.000s waits=368 untimed=368 | hint: calls=644 total=0.442s encode=0.002s wait=0.440s drain=0.000s waits=758 untimed=758
[kernel-split] single: calls=363 total=1.148s encode=0.044s wait=0.036s drain=1.068s waits=384 untimed=222 | wide: calls=997 total=6.803s encode=0.666s wait=5.632s drain=0.505s waits=997 untimed=0
[kernel-sub] materialize=0.332s moe=6.271s precommit=1.054s rest=0.294s
[metal-cache] calls=6188 zero_copy_wraps=390 copies=0 cache_entries=187 bindless=true
 Tax
[stats] generated=8 elapsed=45.984s speed=0.1740 token/s (5.748 s/token) chunks=6 committed_rows=45 verify_tx=3 drafts=2/12 layer_passes=558 expert_rows=4140 expert_tiles=1050
[verify-width] w1=0 w2=2 w3=0 w4=0 w5=0 w6=0 w7=0 w8+=1              (w1 share 0.0% of 3 transactions)
[opens] expert file opens=45970 total=0.546s mean=0.012ms requested_bytes=1055952026816 (1056.0 GB)
[split-eta] chunks served hot=13929 dir_c=8808 dir_b=17130 primary=34844
[arrival] tiles=740 waves=964 uncovered_wait=24.375s dispatch=6.211s
[retain] enabled=false cap_gb=8 layers=63..=92 consults=0 wanted=0 hits=0 inserts=0 served=0.0MB
[summer] enabled=false cap_gb=8 sample=16 consults=0 wanted=0 hits=0 hit_rate=0.0% misses=0 inserts=0 evictions=0 recycled=0 allocs=0 pin_skips=0 gated=0 ramp=2..50 bar=0 suppressed=0 wide_skips=0 served=0.0MB copied=0.0MB ssd_avoided=0.0GB live=0/0.0GB model=0 protected=0 declined=0 topup_suppressed=0 aged=0 into=0/0/0 pending=0
[mirror-split] internal=0 K3C=0 K3B=0 K3A=0  shares=0%/0%/0%/0%
[phases] mono=418383.617003 chunks=6 sequence=38.249s read_wait=0.170s bind_upload=1.591s attention_resident=3.344s expert_read_prefetch=4.652s expert_demand_read=2.681s expert_plan=0.423s expert_hint=0.000s expert_submit=0.000s expert_kernel=28.324s source_fence=0.000s tail_head_sync=0.095s layer_other=0.041s expert_read_gross=4.229s plan_hint=0.359s plan_sched=0.064s attn_total=4.880s attn_encode=1.098s attn_wait=3.687s attn_drain=0.096s kernel_total=8.341s kernel_host=0.719s kernel_wait=5.671s kernel_drain=1.951s
[attn-split] single: calls=372 total=0.504s encode=0.172s wait=0.237s drain=0.096s waits=644 untimed=169 | wide: calls=372 total=4.376s encode=0.926s wait=3.450s drain=0.000s waits=368 untimed=368 | hint: calls=736 total=0.520s encode=0.003s wait=0.517s drain=0.000s waits=849 untimed=849
[kernel-split] single: calls=461 total=1.538s encode=0.054s wait=0.039s drain=1.445s waits=489 untimed=306 | wide: calls=997 total=6.803s encode=0.666s wait=5.632s drain=0.505s waits=997 untimed=0
[kernel-sub] materialize=0.332s moe=6.278s precommit=1.433s rest=0.298s
[metal-cache] calls=6286 zero_copy_wraps=390 copies=0 cache_entries=187 bindless=true
 (
[stats] generated=9 elapsed=47.213s speed=0.1906 token/s (5.246 s/token) chunks=7 committed_rows=46 verify_tx=3 drafts=2/12 layer_passes=651 expert_rows=4232 expert_tiles=1142
[verify-width] w1=0 w2=2 w3=0 w4=0 w5=0 w6=0 w7=0 w8+=1              (w1 share 0.0% of 3 transactions)
[opens] expert file opens=51197 total=0.599s mean=0.012ms requested_bytes=1090555280576 (1090.6 GB)
[split-eta] chunks served hot=14648 dir_c=9228 dir_b=18085 primary=36694
[arrival] tiles=741 waves=969 uncovered_wait=24.385s dispatch=6.219s
[retain] enabled=false cap_gb=8 layers=63..=92 consults=0 wanted=0 hits=0 inserts=0 served=0.0MB
[summer] enabled=false cap_gb=8 sample=16 consults=0 wanted=0 hits=0 hit_rate=0.0% misses=0 inserts=0 evictions=0 recycled=0 allocs=0 pin_skips=0 gated=0 ramp=2..50 bar=0 suppressed=0 wide_skips=0 served=0.0MB copied=0.0MB ssd_avoided=0.0GB live=0/0.0GB model=0 protected=0 declined=0 topup_suppressed=0 aged=0 into=0/0/0 pending=0
[mirror-split] internal=0 K3C=0 K3B=0 K3A=0  shares=0%/0%/0%/0%
[phases] mono=418384.846359 chunks=7 sequence=39.477s read_wait=0.170s bind_upload=1.591s attention_resident=3.424s expert_read_prefetch=5.345s expert_demand_read=3.098s expert_plan=0.505s expert_hint=0.000s expert_submit=0.000s expert_kernel=28.760s source_fence=0.000s tail_head_sync=0.112s layer_other=0.043s expert_read_gross=4.841s plan_hint=0.440s plan_sched=0.065s attn_total=4.960s attn_encode=1.122s attn_wait=3.721s attn_drain=0.117s kernel_total=8.767s kernel_host=0.728s kernel_wait=5.677s kernel_drain=2.362s
[attn-split] single: calls=465 total=0.584s encode=0.196s wait=0.271s drain=0.117s waits=805 untimed=201 | wide: calls=372 total=4.376s encode=0.926s wait=3.450s drain=0.000s waits=368 untimed=368 | hint: calls=828 total=0.600s encode=0.003s wait=0.597s drain=0.000s waits=940 untimed=940
[kernel-split] single: calls=557 total=1.964s encode=0.062s wait=0.045s drain=1.857s waits=590 untimed=376 | wide: calls=997 total=6.803s encode=0.666s wait=5.632s drain=0.505s waits=997 untimed=0
[kernel-sub] materialize=0.332s moe=6.286s precommit=1.847s rest=0.302s
[metal-cache] calls=6382 zero_copy_wraps=390 copies=0 cache_entries=187 bindless=true
VAT
[stats] generated=10 elapsed=48.488s speed=0.2062 token/s (4.849 s/token) chunks=8 committed_rows=47 verify_tx=3 drafts=2/12 layer_passes=744 expert_rows=4324 expert_tiles=1234
[verify-width] w1=0 w2=2 w3=0 w4=0 w5=0 w6=0 w7=0 w8+=1              (w1 share 0.0% of 3 transactions)
[opens] expert file opens=56574 total=0.655s mean=0.012ms requested_bytes=1126255246528 (1126.3 GB)
[split-eta] chunks served hot=15431 dir_c=9634 dir_b=19068 primary=38591
[arrival] tiles=742 waves=975 uncovered_wait=24.394s dispatch=6.225s
[retain] enabled=false cap_gb=8 layers=63..=92 consults=0 wanted=0 hits=0 inserts=0 served=0.0MB
[summer] enabled=false cap_gb=8 sample=16 consults=0 wanted=0 hits=0 hit_rate=0.0% misses=0 inserts=0 evictions=0 recycled=0 allocs=0 pin_skips=0 gated=0 ramp=2..50 bar=0 suppressed=0 wide_skips=0 served=0.0MB copied=0.0MB ssd_avoided=0.0GB live=0/0.0GB model=0 protected=0 declined=0 topup_suppressed=0 aged=0 into=0/0/0 pending=0
[mirror-split] internal=0 K3C=0 K3B=0 K3A=0  shares=0%/0%/0%/0%
[phases] mono=418386.121648 chunks=8 sequence=40.751s read_wait=0.170s bind_upload=1.591s attention_resident=3.525s expert_read_prefetch=6.136s expert_demand_read=3.587s expert_plan=0.575s expert_hint=0.000s expert_submit=0.000s expert_kernel=29.124s source_fence=0.000s tail_head_sync=0.129s layer_other=0.044s expert_read_gross=5.560s plan_hint=0.509s plan_sched=0.066s attn_total=5.062s attn_encode=1.165s attn_wait=3.763s attn_drain=0.134s kernel_total=9.122s kernel_host=0.736s kernel_wait=5.680s kernel_drain=2.705s
[attn-split] single: calls=558 total=0.686s encode=0.238s wait=0.313s drain=0.134s waits=966 untimed=235 | wide: calls=372 total=4.376s encode=0.926s wait=3.450s drain=0.000s waits=368 untimed=368 | hint: calls=920 total=0.669s encode=0.003s wait=0.666s drain=0.000s waits=1031 untimed=1031
[kernel-split] single: calls=654 total=2.319s encode=0.071s wait=0.048s drain=2.200s waits=693 untimed=456 | wide: calls=997 total=6.803s encode=0.666s wait=5.632s drain=0.505s waits=997 untimed=0
[kernel-sub] materialize=0.332s moe=6.291s precommit=2.192s rest=0.306s
[metal-cache] calls=6479 zero_copy_wraps=390 copies=0 cache_entries=187 bindless=true
)**
[stats] generated=11 elapsed=49.697s speed=0.2213 token/s (4.518 s/token) chunks=9 committed_rows=48 verify_tx=3 drafts=2/12 layer_passes=837 expert_rows=4416 expert_tiles=1326
[verify-width] w1=0 w2=2 w3=0 w4=0 w5=0 w6=0 w7=0 w8+=1              (w1 share 0.0% of 3 transactions)
[opens] expert file opens=61712 total=0.708s mean=0.011ms requested_bytes=1160481291456 (1160.5 GB)
[split-eta] chunks served hot=16155 dir_c=10044 dir_b=20016 primary=40410
[arrival] tiles=743 waves=980 uncovered_wait=24.404s dispatch=6.231s
[retain] enabled=false cap_gb=8 layers=63..=92 consults=0 wanted=0 hits=0 inserts=0 served=0.0MB
[summer] enabled=false cap_gb=8 sample=16 consults=0 wanted=0 hits=0 hit_rate=0.0% misses=0 inserts=0 evictions=0 recycled=0 allocs=0 pin_skips=0 gated=0 ramp=2..50 bar=0 suppressed=0 wide_skips=0 served=0.0MB copied=0.0MB ssd_avoided=0.0GB live=0/0.0GB model=0 protected=0 declined=0 topup_suppressed=0 aged=0 into=0/0/0 pending=0
[mirror-split] internal=0 K3C=0 K3B=0 K3A=0  shares=0%/0%/0%/0%
[phases] mono=418387.330646 chunks=9 sequence=41.959s read_wait=0.170s bind_upload=1.591s attention_resident=3.596s expert_read_prefetch=6.865s expert_demand_read=4.017s expert_plan=0.644s expert_hint=0.000s expert_submit=0.000s expert_kernel=29.515s source_fence=0.000s tail_head_sync=0.144s layer_other=0.045s expert_read_gross=6.221s plan_hint=0.577s plan_sched=0.067s attn_total=5.132s attn_encode=1.184s attn_wait=3.800s attn_drain=0.148s kernel_total=9.503s kernel_host=0.745s kernel_wait=5.683s kernel_drain=3.075s
[attn-split] single: calls=651 total=0.756s encode=0.258s wait=0.350s drain=0.148s waits=1127 untimed=274 | wide: calls=372 total=4.376s encode=0.926s wait=3.450s drain=0.000s waits=368 untimed=368 | hint: calls=1012 total=0.737s encode=0.003s wait=0.734s drain=0.000s waits=1122 untimed=1122
[kernel-split] single: calls=750 total=2.700s encode=0.079s wait=0.051s drain=2.570s waits=794 untimed=541 | wide: calls=997 total=6.803s encode=0.666s wait=5.632s drain=0.505s waits=997 untimed=0
[kernel-sub] materialize=0.332s moe=6.297s precommit=2.564s rest=0.310s
[metal-cache] calls=6575 zero_copy_wraps=390 copies=0 cache_entries=187 bindless=true
 and
[stats] generated=12 elapsed=50.991s speed=0.2353 token/s (4.249 s/token) chunks=10 committed_rows=49 verify_tx=3 drafts=2/12 layer_passes=930 expert_rows=4508 expert_tiles=1418
[verify-width] w1=0 w2=2 w3=0 w4=0 w5=0 w6=0 w7=0 w8+=1              (w1 share 0.0% of 3 transactions)
[opens] expert file opens=67202 total=0.767s mean=0.011ms requested_bytes=1196777848000 (1196.8 GB)
[split-eta] chunks served hot=16922 dir_c=10460 dir_b=21021 primary=42359
[arrival] tiles=744 waves=984 uncovered_wait=24.413s dispatch=6.237s
[retain] enabled=false cap_gb=8 layers=63..=92 consults=0 wanted=0 hits=0 inserts=0 served=0.0MB
[summer] enabled=false cap_gb=8 sample=16 consults=0 wanted=0 hits=0 hit_rate=0.0% misses=0 inserts=0 evictions=0 recycled=0 allocs=0 pin_skips=0 gated=0 ramp=2..50 bar=0 suppressed=0 wide_skips=0 served=0.0MB copied=0.0MB ssd_avoided=0.0GB live=0/0.0GB model=0 protected=0 declined=0 topup_suppressed=0 aged=0 into=0/0/0 pending=0
[mirror-split] internal=0 K3C=0 K3B=0 K3A=0  shares=0%/0%/0%/0%
[phases] mono=418388.624217 chunks=10 sequence=43.251s read_wait=0.170s bind_upload=1.591s attention_resident=3.681s expert_read_prefetch=7.620s expert_demand_read=4.491s expert_plan=0.715s expert_hint=0.000s expert_submit=0.000s expert_kernel=29.949s source_fence=0.000s tail_head_sync=0.160s layer_other=0.046s expert_read_gross=6.905s plan_hint=0.647s plan_sched=0.068s attn_total=5.217s attn_encode=1.209s attn_wait=3.846s attn_drain=0.163s kernel_total=9.928s kernel_host=0.754s kernel_wait=5.687s kernel_drain=3.486s
[attn-split] single: calls=744 total=0.841s encode=0.282s wait=0.396s drain=0.163s waits=1288 untimed=309 | wide: calls=372 total=4.376s encode=0.926s wait=3.450s drain=0.000s waits=368 untimed=368 | hint: calls=1104 total=0.807s encode=0.003s wait=0.803s drain=0.000s waits=1213 untimed=1213
[kernel-split] single: calls=845 total=3.125s encode=0.088s wait=0.055s drain=2.981s waits=893 untimed=619 | wide: calls=997 total=6.803s encode=0.666s wait=5.632s drain=0.505s waits=997 untimed=0
[kernel-sub] materialize=0.332s moe=6.303s precommit=2.978s rest=0.315s
[metal-cache] calls=6670 zero_copy_wraps=390 copies=0 cache_entries=187 bindless=true
 **
[stats] generated=13 elapsed=52.229s speed=0.2489 token/s (4.018 s/token) chunks=11 committed_rows=50 verify_tx=3 drafts=2/12 layer_passes=1023 expert_rows=4600 expert_tiles=1510
[verify-width] w1=0 w2=2 w3=0 w4=0 w5=0 w6=0 w7=0 w8+=1              (w1 share 0.0% of 3 transactions)
[opens] expert file opens=72369 total=0.823s mean=0.011ms requested_bytes=1231363587264 (1231.4 GB)
[split-eta] chunks served hot=17656 dir_c=10859 dir_b=21979 primary=44210
[arrival] tiles=745 waves=991 uncovered_wait=24.421s dispatch=6.244s
[retain] enabled=false cap_gb=8 layers=63..=92 consults=0 wanted=0 hits=0 inserts=0 served=0.0MB
[summer] enabled=false cap_gb=8 sample=16 consults=0 wanted=0 hits=0 hit_rate=0.0% misses=0 inserts=0 evictions=0 recycled=0 allocs=0 pin_skips=0 gated=0 ramp=2..50 bar=0 suppressed=0 wide_skips=0 served=0.0MB copied=0.0MB ssd_avoided=0.0GB live=0/0.0GB model=0 protected=0 declined=0 topup_suppressed=0 aged=0 into=0/0/0 pending=0
[mirror-split] internal=0 K3C=0 K3B=0 K3A=0  shares=0%/0%/0%/0%
[phases] mono=418389.862582 chunks=11 sequence=44.489s read_wait=0.170s bind_upload=1.591s attention_resident=3.761s expert_read_prefetch=8.345s expert_demand_read=4.917s expert_plan=0.796s expert_hint=0.000s expert_submit=0.000s expert_kernel=30.363s source_fence=0.000s tail_head_sync=0.177s layer_other=0.048s expert_read_gross=7.549s plan_hint=0.726s plan_sched=0.069s attn_total=5.297s attn_encode=1.235s attn_wait=3.881s attn_drain=0.181s kernel_total=10.333s kernel_host=0.763s kernel_wait=5.691s kernel_drain=3.880s
[attn-split] single: calls=837 total=0.921s encode=0.309s wait=0.431s drain=0.181s waits=1449 untimed=338 | wide: calls=372 total=4.376s encode=0.926s wait=3.450s drain=0.000s waits=368 untimed=368 | hint: calls=1196 total=0.887s encode=0.004s wait=0.883s drain=0.000s waits=1304 untimed=1304
[kernel-split] single: calls=943 total=3.531s encode=0.097s wait=0.059s drain=3.374s waits=998 untimed=698 | wide: calls=997 total=6.803s encode=0.666s wait=5.632s drain=0.505s waits=997 untimed=0
[kernel-sub] materialize=0.332s moe=6.309s precommit=3.373s rest=0.319s
[metal-cache] calls=6768 zero_copy_wraps=390 copies=0 cache_entries=187 bindless=true
Sales
[stats] generated=14 elapsed=53.501s speed=0.2617 token/s (3.822 s/token) chunks=12 committed_rows=51 verify_tx=3 drafts=2/12 layer_passes=1116 expert_rows=4692 expert_tiles=1602
[verify-width] w1=0 w2=2 w3=0 w4=0 w5=0 w6=0 w7=0 w8+=1              (w1 share 0.0% of 3 transactions)
[opens] expert file opens=77649 total=0.877s mean=0.011ms requested_bytes=1266660015296 (1266.7 GB)
[split-eta] chunks served hot=18402 dir_c=11266 dir_b=22957 primary=46102
[arrival] tiles=746 waves=997 uncovered_wait=24.431s dispatch=6.252s
[retain] enabled=false cap_gb=8 layers=63..=92 consults=0 wanted=0 hits=0 inserts=0 served=0.0MB
[summer] enabled=false cap_gb=8 sample=16 consults=0 wanted=0 hits=0 hit_rate=0.0% misses=0 inserts=0 evictions=0 recycled=0 allocs=0 pin_skips=0 gated=0 ramp=2..50 bar=0 suppressed=0 wide_skips=0 served=0.0MB copied=0.0MB ssd_avoided=0.0GB live=0/0.0GB model=0 protected=0 declined=0 topup_suppressed=0 aged=0 into=0/0/0 pending=0
[mirror-split] internal=0 K3C=0 K3B=0 K3A=0  shares=0%/0%/0%/0%
[phases] mono=418391.134542 chunks=12 sequence=45.759s read_wait=0.170s bind_upload=1.591s attention_resident=3.847s expert_read_prefetch=9.162s expert_demand_read=5.406s expert_plan=0.878s expert_hint=0.000s expert_submit=0.000s expert_kernel=30.713s source_fence=0.000s tail_head_sync=0.194s layer_other=0.049s expert_read_gross=8.285s plan_hint=0.807s plan_sched=0.070s attn_total=5.383s attn_encode=1.274s attn_wait=3.913s attn_drain=0.196s kernel_total=10.673s kernel_host=0.772s kernel_wait=5.696s kernel_drain=4.205s
[attn-split] single: calls=930 total=1.007s encode=0.348s wait=0.463s drain=0.196s waits=1610 untimed=364 | wide: calls=372 total=4.376s encode=0.926s wait=3.450s drain=0.000s waits=368 untimed=368 | hint: calls=1288 total=0.967s encode=0.004s wait=0.963s drain=0.000s waits=1395 untimed=1395
[kernel-split] single: calls=1040 total=3.870s encode=0.106s wait=0.064s drain=3.700s waits=1101 untimed=781 | wide: calls=997 total=6.803s encode=0.666s wait=5.632s drain=0.505s waits=997 untimed=0
[kernel-sub] materialize=0.332s moe=6.317s precommit=3.700s rest=0.323s
[metal-cache] calls=6865 zero_copy_wraps=390 copies=0 cache_entries=187 bindless=true
[route-chain] chained=690
[route-chain] dedup_hits=690
 Tax
[stats] generated=15 elapsed=54.736s speed=0.2740 token/s (3.649 s/token) chunks=13 committed_rows=52 verify_tx=3 drafts=2/12 layer_passes=1209 expert_rows=4784 expert_tiles=1694
[verify-width] w1=0 w2=2 w3=0 w4=0 w5=0 w6=0 w7=0 w8+=1              (w1 share 0.0% of 3 transactions)
[opens] expert file opens=82877 total=0.932s mean=0.011ms requested_bytes=1301210643648 (1301.2 GB)
[split-eta] chunks served hot=19153 dir_c=11657 dir_b=23913 primary=47942
[arrival] tiles=747 waves=1003 uncovered_wait=24.442s dispatch=6.258s
[retain] enabled=false cap_gb=8 layers=63..=92 consults=0 wanted=0 hits=0 inserts=0 served=0.0MB
[summer] enabled=false cap_gb=8 sample=16 consults=0 wanted=0 hits=0 hit_rate=0.0% misses=0 inserts=0 evictions=0 recycled=0 allocs=0 pin_skips=0 gated=0 ramp=2..50 bar=0 suppressed=0 wide_skips=0 served=0.0MB copied=0.0MB ssd_avoided=0.0GB live=0/0.0GB model=0 protected=0 declined=0 topup_suppressed=0 aged=0 into=0/0/0 pending=0
[mirror-split] internal=0 K3C=0 K3B=0 K3A=0  shares=0%/0%/0%/0%
[phases] mono=418392.369736 chunks=13 sequence=46.994s read_wait=0.170s bind_upload=1.591s attention_resident=3.919s expert_read_prefetch=9.950s expert_demand_read=5.900s expert_plan=0.950s expert_hint=0.000s expert_submit=0.000s expert_kernel=31.071s source_fence=0.000s tail_head_sync=0.209s layer_other=0.050s expert_read_gross=9.000s plan_hint=0.878s plan_sched=0.071s attn_total=5.454s attn_encode=1.300s attn_wait=3.939s attn_drain=0.215s kernel_total=11.020s kernel_host=0.781s kernel_wait=5.699s kernel_drain=4.540s
[attn-split] single: calls=1023 total=1.078s encode=0.374s wait=0.489s drain=0.215s waits=1771 untimed=394 | wide: calls=372 total=4.376s encode=0.926s wait=3.450s drain=0.000s waits=368 untimed=368 | hint: calls=1380 total=1.039s encode=0.004s wait=1.035s drain=0.000s waits=1486 untimed=1486
[kernel-split] single: calls=1137 total=4.217s encode=0.115s wait=0.067s drain=4.035s waits=1204 untimed=854 | wide: calls=997 total=6.803s encode=0.666s wait=5.632s drain=0.505s waits=997 untimed=0
[kernel-sub] materialize=0.332s moe=6.323s precommit=4.037s rest=0.328s
[metal-cache] calls=6962 zero_copy_wraps=390 copies=0 cache_entries=187 bindless=true
**
[stats] generated=16 elapsed=55.962s speed=0.2859 token/s (3.498 s/token) chunks=14 committed_rows=53 verify_tx=3 drafts=2/12 layer_passes=1302 expert_rows=4876 expert_tiles=1786
[verify-width] w1=0 w2=2 w3=0 w4=0 w5=0 w6=0 w7=0 w8+=1              (w1 share 0.0% of 3 transactions)
[opens] expert file opens=88153 total=0.986s mean=0.011ms requested_bytes=1336270126272 (1336.3 GB)
[split-eta] chunks served hot=19911 dir_c=12082 dir_b=24870 primary=49798
[arrival] tiles=748 waves=1009 uncovered_wait=24.452s dispatch=6.266s
[retain] enabled=false cap_gb=8 layers=63..=92 consults=0 wanted=0 hits=0 inserts=0 served=0.0MB
[summer] enabled=false cap_gb=8 sample=16 consults=0 wanted=0 hits=0 hit_rate=0.0% misses=0 inserts=0 evictions=0 recycled=0 allocs=0 pin_skips=0 gated=0 ramp=2..50 bar=0 suppressed=0 wide_skips=0 served=0.0MB copied=0.0MB ssd_avoided=0.0GB live=0/0.0GB model=0 protected=0 declined=0 topup_suppressed=0 aged=0 into=0/0/0 pending=0
[mirror-split] internal=0 K3C=0 K3B=0 K3A=0  shares=0%/0%/0%/0%
[phases] mono=418393.595738 chunks=14 sequence=48.219s read_wait=0.170s bind_upload=1.591s attention_resident=3.999s expert_read_prefetch=10.640s expert_demand_read=6.319s expert_plan=1.026s expert_hint=0.000s expert_submit=0.000s expert_kernel=31.508s source_fence=0.000s tail_head_sync=0.226s layer_other=0.051s expert_read_gross=9.615s plan_hint=0.953s plan_sched=0.072s attn_total=5.534s attn_encode=1.326s attn_wait=3.979s attn_drain=0.229s kernel_total=11.447s kernel_host=0.790s kernel_wait=5.705s kernel_drain=4.952s
[attn-split] single: calls=1116 total=1.158s encode=0.400s wait=0.529s drain=0.229s waits=1932 untimed=428 | wide: calls=372 total=4.376s encode=0.926s wait=3.450s drain=0.000s waits=368 untimed=368 | hint: calls=1472 total=1.113s encode=0.004s wait=1.109s drain=0.000s waits=1577 untimed=1577
[kernel-split] single: calls=1234 total=4.644s encode=0.124s wait=0.073s drain=4.447s waits=1307 untimed=937 | wide: calls=997 total=6.803s encode=0.666s wait=5.632s drain=0.505s waits=997 untimed=0
[kernel-sub] materialize=0.332s moe=6.331s precommit=4.452s rest=0.332s
[metal-cache] calls=7059 zero_copy_wraps=390 copies=0 cache_entries=187 bindless=true
 lies
[stats] generated=17 elapsed=57.218s speed=0.2971 token/s (3.366 s/token) chunks=15 committed_rows=54 verify_tx=3 drafts=2/12 layer_passes=1395 expert_rows=4968 expert_tiles=1878
[verify-width] w1=0 w2=2 w3=0 w4=0 w5=0 w6=0 w7=0 w8+=1              (w1 share 0.0% of 3 transactions)
[opens] expert file opens=93467 total=1.040s mean=0.011ms requested_bytes=1371671788736 (1371.7 GB)
[split-eta] chunks served hot=20671 dir_c=12484 dir_b=25846 primary=51695
[arrival] tiles=749 waves=1017 uncovered_wait=24.460s dispatch=6.273s
[retain] enabled=false cap_gb=8 layers=63..=92 consults=0 wanted=0 hits=0 inserts=0 served=0.0MB
[summer] enabled=false cap_gb=8 sample=16 consults=0 wanted=0 hits=0 hit_rate=0.0% misses=0 inserts=0 evictions=0 recycled=0 allocs=0 pin_skips=0 gated=0 ramp=2..50 bar=0 suppressed=0 wide_skips=0 served=0.0MB copied=0.0MB ssd_avoided=0.0GB live=0/0.0GB model=0 protected=0 declined=0 topup_suppressed=0 aged=0 into=0/0/0 pending=0
[mirror-split] internal=0 K3C=0 K3B=0 K3A=0  shares=0%/0%/0%/0%
[phases] mono=418394.851115 chunks=15 sequence=49.473s read_wait=0.170s bind_upload=1.591s attention_resident=4.085s expert_read_prefetch=11.396s expert_demand_read=6.757s expert_plan=1.092s expert_hint=0.000s expert_submit=0.000s expert_kernel=31.903s source_fence=0.000s tail_head_sync=0.243s layer_other=0.052s expert_read_gross=10.303s plan_hint=1.018s plan_sched=0.073s attn_total=5.621s attn_encode=1.350s attn_wait=4.023s attn_drain=0.248s kernel_total=11.834s kernel_host=0.799s kernel_wait=5.709s kernel_drain=5.326s
[attn-split] single: calls=1209 total=1.244s encode=0.423s wait=0.573s drain=0.248s waits=2093 untimed=470 | wide: calls=372 total=4.376s encode=0.926s wait=3.450s drain=0.000s waits=368 untimed=368 | hint: calls=1564 total=1.178s encode=0.004s wait=1.174s drain=0.000s waits=1668 untimed=1668
[kernel-split] single: calls=1333 total=5.031s encode=0.133s wait=0.077s drain=4.820s waits=1414 untimed=1020 | wide: calls=997 total=6.803s encode=0.666s wait=5.632s drain=0.505s waits=997 untimed=0
[kernel-sub] materialize=0.332s moe=6.338s precommit=4.827s rest=0.336s
[metal-cache] calls=7158 zero_copy_wraps=390 copies=0 cache_entries=187 bindless=true
 in
[stats] generated=18 elapsed=58.458s speed=0.3079 token/s (3.248 s/token) chunks=16 committed_rows=55 verify_tx=3 drafts=2/12 layer_passes=1488 expert_rows=5060 expert_tiles=1970
[verify-width] w1=0 w2=2 w3=0 w4=0 w5=0 w6=0 w7=0 w8+=1              (w1 share 0.0% of 3 transactions)
[opens] expert file opens=98590 total=1.095s mean=0.011ms requested_bytes=1406362778816 (1406.4 GB)
[split-eta] chunks served hot=21417 dir_c=12897 dir_b=26796 primary=53540
[arrival] tiles=750 waves=1023 uncovered_wait=24.469s dispatch=6.279s
[retain] enabled=false cap_gb=8 layers=63..=92 consults=0 wanted=0 hits=0 inserts=0 served=0.0MB
[summer] enabled=false cap_gb=8 sample=16 consults=0 wanted=0 hits=0 hit_rate=0.0% misses=0 inserts=0 evictions=0 recycled=0 allocs=0 pin_skips=0 gated=0 ramp=2..50 bar=0 suppressed=0 wide_skips=0 served=0.0MB copied=0.0MB ssd_avoided=0.0GB live=0/0.0GB model=0 protected=0 declined=0 topup_suppressed=0 aged=0 into=0/0/0 pending=0
[mirror-split] internal=0 K3C=0 K3B=0 K3A=0  shares=0%/0%/0%/0%
[phases] mono=418396.091630 chunks=16 sequence=50.713s read_wait=0.170s bind_upload=1.591s attention_resident=4.170s expert_read_prefetch=12.122s expert_demand_read=7.186s expert_plan=1.167s expert_hint=0.000s expert_submit=0.000s expert_kernel=32.314s source_fence=0.000s tail_head_sync=0.258s layer_other=0.054s expert_read_gross=10.955s plan_hint=1.092s plan_sched=0.075s attn_total=5.706s attn_encode=1.389s attn_wait=4.049s attn_drain=0.267s kernel_total=12.235s kernel_host=0.807s kernel_wait=5.713s kernel_drain=5.715s
[attn-split] single: calls=1302 total=1.329s encode=0.463s wait=0.599s drain=0.267s waits=2254 untimed=498 | wide: calls=372 total=4.376s encode=0.926s wait=3.450s drain=0.000s waits=368 untimed=368 | hint: calls=1656 total=1.252s encode=0.005s wait=1.248s drain=0.000s waits=1759 untimed=1759
[kernel-split] single: calls=1430 total=5.432s encode=0.142s wait=0.081s drain=5.210s waits=1517 untimed=1099 | wide: calls=997 total=6.803s encode=0.666s wait=5.632s drain=0.505s waits=997 untimed=0
[kernel-sub] materialize=0.332s moe=6.344s precommit=5.219s rest=0.340s
[metal-cache] calls=7255 zero_copy_wraps=390 copies=0 cache_entries=187 bindless=true
 **
[stats] generated=19 elapsed=59.714s speed=0.3182 token/s (3.143 s/token) chunks=17 committed_rows=56 verify_tx=3 drafts=2/12 layer_passes=1581 expert_rows=5152 expert_tiles=2062
[verify-width] w1=0 w2=2 w3=0 w4=0 w5=0 w6=0 w7=0 w8+=1              (w1 share 0.0% of 3 transactions)
[opens] expert file opens=103883 total=1.163s mean=0.011ms requested_bytes=1441703034048 (1441.7 GB)
[split-eta] chunks served hot=22168 dir_c=13317 dir_b=27773 primary=55420
[arrival] tiles=751 waves=1027 uncovered_wait=24.478s dispatch=6.286s
[retain] enabled=false cap_gb=8 layers=63..=92 consults=0 wanted=0 hits=0 inserts=0 served=0.0MB
[summer] enabled=false cap_gb=8 sample=16 consults=0 wanted=0 hits=0 hit_rate=0.0% misses=0 inserts=0 evictions=0 recycled=0 allocs=0 pin_skips=0 gated=0 ramp=2..50 bar=0 suppressed=0 wide_skips=0 served=0.0MB copied=0.0MB ssd_avoided=0.0GB live=0/0.0GB model=0 protected=0 declined=0 topup_suppressed=0 aged=0 into=0/0/0 pending=0
[mirror-split] internal=0 K3C=0 K3B=0 K3A=0  shares=0%/0%/0%/0%
[phases] mono=418397.347146 chunks=17 sequence=51.968s read_wait=0.170s bind_upload=1.591s attention_resident=4.245s expert_read_prefetch=12.852s expert_demand_read=7.616s expert_plan=1.234s expert_hint=0.000s expert_submit=0.000s expert_kernel=32.748s source_fence=0.000s tail_head_sync=0.273s layer_other=0.055s expert_read_gross=11.618s plan_hint=1.158s plan_sched=0.076s attn_total=5.779s attn_encode=1.410s attn_wait=4.083s attn_drain=0.286s kernel_total=12.661s kernel_host=0.816s kernel_wait=5.717s kernel_drain=6.128s
[attn-split] single: calls=1395 total=1.403s encode=0.483s wait=0.633s drain=0.286s waits=2415 untimed=536 | wide: calls=372 total=4.376s encode=0.926s wait=3.450s drain=0.000s waits=368 untimed=368 | hint: calls=1748 total=1.318s encode=0.005s wait=1.313s drain=0.000s waits=1850 untimed=1850
[kernel-split] single: calls=1525 total=5.858s encode=0.150s wait=0.085s drain=5.623s waits=1616 untimed=1183 | wide: calls=997 total=6.803s encode=0.666s wait=5.632s drain=0.505s waits=997 untimed=0
[kernel-sub] materialize=0.332s moe=6.351s precommit=5.633s rest=0.345s
[metal-cache] calls=7350 zero_copy_wraps=390 copies=0 cache_entries=187 bindless=true
when
[stats] generated=20 elapsed=60.945s speed=0.3282 token/s (3.047 s/token) chunks=18 committed_rows=57 verify_tx=3 drafts=2/12 layer_passes=1674 expert_rows=5244 expert_tiles=2154
[verify-width] w1=0 w2=2 w3=0 w4=0 w5=0 w6=0 w7=0 w8+=1              (w1 share 0.0% of 3 transactions)
[opens] expert file opens=109123 total=1.216s mean=0.011ms requested_bytes=1476736253120 (1476.7 GB)
[split-eta] chunks served hot=22926 dir_c=13717 dir_b=28738 primary=57290
[arrival] tiles=752 waves=1033 uncovered_wait=24.487s dispatch=6.294s
[retain] enabled=false cap_gb=8 layers=63..=92 consults=0 wanted=0 hits=0 inserts=0 served=0.0MB
[summer] enabled=false cap_gb=8 sample=16 consults=0 wanted=0 hits=0 hit_rate=0.0% misses=0 inserts=0 evictions=0 recycled=0 allocs=0 pin_skips=0 gated=0 ramp=2..50 bar=0 suppressed=0 wide_skips=0 served=0.0MB copied=0.0MB ssd_avoided=0.0GB live=0/0.0GB model=0 protected=0 declined=0 topup_suppressed=0 aged=0 into=0/0/0 pending=0
[mirror-split] internal=0 K3C=0 K3B=0 K3A=0  shares=0%/0%/0%/0%
[phases] mono=418398.577866 chunks=18 sequence=53.198s read_wait=0.170s bind_upload=1.591s attention_resident=4.319s expert_read_prefetch=13.576s expert_demand_read=8.052s expert_plan=1.299s expert_hint=0.000s expert_submit=0.000s expert_kernel=33.161s source_fence=0.000s tail_head_sync=0.290s layer_other=0.056s expert_read_gross=12.277s plan_hint=1.221s plan_sched=0.077s attn_total=5.854s attn_encode=1.433s attn_wait=4.103s attn_drain=0.318s kernel_total=13.064s kernel_host=0.826s kernel_wait=5.721s kernel_drain=6.518s
[attn-split] single: calls=1488 total=1.478s encode=0.507s wait=0.653s drain=0.318s waits=2576 untimed=553 | wide: calls=372 total=4.376s encode=0.926s wait=3.450s drain=0.000s waits=368 untimed=368 | hint: calls=1840 total=1.381s encode=0.005s wait=1.376s drain=0.000s waits=1941 untimed=1941
[kernel-split] single: calls=1622 total=6.261s encode=0.160s wait=0.089s drain=6.013s waits=1719 untimed=1268 | wide: calls=997 total=6.803s encode=0.666s wait=5.632s drain=0.505s waits=997 untimed=0
[kernel-sub] materialize=0.332s moe=6.358s precommit=6.025s rest=0.349s
[metal-cache] calls=7447 zero_copy_wraps=390 copies=0 cache_entries=187 bindless=true
 and
[stats] generated=21 elapsed=62.148s speed=0.3379 token/s (2.959 s/token) chunks=19 committed_rows=58 verify_tx=3 drafts=2/12 layer_passes=1767 expert_rows=5336 expert_tiles=2246
[verify-width] w1=0 w2=2 w3=0 w4=0 w5=0 w6=0 w7=0 w8+=1              (w1 share 0.0% of 3 transactions)
[opens] expert file opens=114281 total=1.270s mean=0.011ms requested_bytes=1510611336384 (1510.6 GB)
[split-eta] chunks served hot=23665 dir_c=14092 dir_b=29673 primary=59102
[arrival] tiles=753 waves=1039 uncovered_wait=24.496s dispatch=6.301s
[retain] enabled=false cap_gb=8 layers=63..=92 consults=0 wanted=0 hits=0 inserts=0 served=0.0MB
[summer] enabled=false cap_gb=8 sample=16 consults=0 wanted=0 hits=0 hit_rate=0.0% misses=0 inserts=0 evictions=0 recycled=0 allocs=0 pin_skips=0 gated=0 ramp=2..50 bar=0 suppressed=0 wide_skips=0 served=0.0MB copied=0.0MB ssd_avoided=0.0GB live=0/0.0GB model=0 protected=0 declined=0 topup_suppressed=0 aged=0 into=0/0/0 pending=0
[mirror-split] internal=0 K3C=0 K3B=0 K3A=0  shares=0%/0%/0%/0%
[phases] mono=418399.780923 chunks=19 sequence=54.399s read_wait=0.170s bind_upload=1.591s attention_resident=4.394s expert_read_prefetch=14.334s expert_demand_read=8.513s expert_plan=1.368s expert_hint=0.000s expert_submit=0.000s expert_kernel=33.519s source_fence=0.000s tail_head_sync=0.300s layer_other=0.057s expert_read_gross=12.967s plan_hint=1.289s plan_sched=0.078s attn_total=5.928s attn_encode=1.457s attn_wait=4.128s attn_drain=0.343s kernel_total=13.414s kernel_host=0.834s kernel_wait=5.725s kernel_drain=6.854s
[attn-split] single: calls=1581 total=1.552s encode=0.531s wait=0.678s drain=0.343s waits=2737 untimed=574 | wide: calls=372 total=4.376s encode=0.926s wait=3.450s drain=0.000s waits=368 untimed=368 | hint: calls=1932 total=1.449s encode=0.005s wait=1.444s drain=0.000s waits=2032 untimed=2032
[kernel-split] single: calls=1719 total=6.611s encode=0.169s wait=0.093s drain=6.349s waits=1822 untimed=1348 | wide: calls=997 total=6.803s encode=0.666s wait=5.632s drain=0.505s waits=997 untimed=0
[kernel-sub] materialize=0.332s moe=6.365s precommit=6.363s rest=0.353s
[metal-cache] calls=7544 zero_copy_wraps=390 copies=0 cache_entries=187 bindless=true
 how
[stats] generated=22 elapsed=63.343s speed=0.3473 token/s (2.879 s/token) chunks=20 committed_rows=59 verify_tx=3 drafts=2/12 layer_passes=1860 expert_rows=5428 expert_tiles=2338
[verify-width] w1=0 w2=2 w3=0 w4=0 w5=0 w6=0 w7=0 w8+=1              (w1 share 0.0% of 3 transactions)
[opens] expert file opens=119362 total=1.322s mean=0.011ms requested_bytes=1544179334336 (1544.2 GB)
[split-eta] chunks served hot=24386 dir_c=14462 dir_b=30602 primary=60908
[arrival] tiles=754 waves=1044 uncovered_wait=24.505s dispatch=6.310s
[retain] enabled=false cap_gb=8 layers=63..=92 consults=0 wanted=0 hits=0 inserts=0 served=0.0MB
[summer] enabled=false cap_gb=8 sample=16 consults=0 wanted=0 hits=0 hit_rate=0.0% misses=0 inserts=0 evictions=0 recycled=0 allocs=0 pin_skips=0 gated=0 ramp=2..50 bar=0 suppressed=0 wide_skips=0 served=0.0MB copied=0.0MB ssd_avoided=0.0GB live=0/0.0GB model=0 protected=0 declined=0 topup_suppressed=0 aged=0 into=0/0/0 pending=0
[mirror-split] internal=0 K3C=0 K3B=0 K3A=0  shares=0%/0%/0%/0%
[phases] mono=418400.976302 chunks=20 sequence=55.594s read_wait=0.170s bind_upload=1.591s attention_resident=4.476s expert_read_prefetch=15.066s expert_demand_read=8.962s expert_plan=1.434s expert_hint=0.000s expert_submit=0.000s expert_kernel=33.882s source_fence=0.000s tail_head_sync=0.316s layer_other=0.058s expert_read_gross=13.632s plan_hint=1.354s plan_sched=0.079s attn_total=6.011s attn_encode=1.487s attn_wait=4.160s attn_drain=0.363s kernel_total=13.767s kernel_host=0.843s kernel_wait=5.729s kernel_drain=7.195s
[attn-split] single: calls=1674 total=1.634s encode=0.561s wait=0.710s drain=0.363s waits=2898 untimed=602 | wide: calls=372 total=4.376s encode=0.926s wait=3.450s drain=0.000s waits=368 untimed=368 | hint: calls=2024 total=1.514s encode=0.005s wait=1.509s drain=0.000s waits=2123 untimed=2123
[kernel-split] single: calls=1815 total=6.964s encode=0.177s wait=0.097s drain=6.690s waits=1923 untimed=1424 | wide: calls=997 total=6.803s encode=0.666s wait=5.632s drain=0.505s waits=997 untimed=0
[kernel-sub] materialize=0.332s moe=6.375s precommit=6.703s rest=0.357s
[metal-cache] calls=7640 zero_copy_wraps=390 copies=0 cache_entries=187 bindless=true
 the
[stats] generated=23 elapsed=64.518s speed=0.3565 token/s (2.805 s/token) chunks=21 committed_rows=60 verify_tx=3 drafts=2/12 layer_passes=1953 expert_rows=5520 expert_tiles=2430
[verify-width] w1=0 w2=2 w3=0 w4=0 w5=0 w6=0 w7=0 w8+=1              (w1 share 0.0% of 3 transactions)
[opens] expert file opens=124331 total=1.374s mean=0.011ms requested_bytes=1577747332288 (1577.7 GB)
[split-eta] chunks served hot=25117 dir_c=14865 dir_b=31519 primary=62683
[arrival] tiles=755 waves=1052 uncovered_wait=24.515s dispatch=6.316s
[retain] enabled=false cap_gb=8 layers=63..=92 consults=0 wanted=0 hits=0 inserts=0 served=0.0MB
[summer] enabled=false cap_gb=8 sample=16 consults=0 wanted=0 hits=0 hit_rate=0.0% misses=0 inserts=0 evictions=0 recycled=0 allocs=0 pin_skips=0 gated=0 ramp=2..50 bar=0 suppressed=0 wide_skips=0 served=0.0MB copied=0.0MB ssd_avoided=0.0GB live=0/0.0GB model=0 protected=0 declined=0 topup_suppressed=0 aged=0 into=0/0/0 pending=0
[mirror-split] internal=0 K3C=0 K3B=0 K3A=0  shares=0%/0%/0%/0%
[phases] mono=418402.151316 chunks=21 sequence=56.768s read_wait=0.170s bind_upload=1.591s attention_resident=4.546s expert_read_prefetch=15.775s expert_demand_read=9.411s expert_plan=1.502s expert_hint=0.000s expert_submit=0.000s expert_kernel=34.259s source_fence=0.000s tail_head_sync=0.333s layer_other=0.059s expert_read_gross=14.272s plan_hint=1.422s plan_sched=0.080s attn_total=6.080s attn_encode=1.511s attn_wait=4.195s attn_drain=0.375s kernel_total=14.134s kernel_host=0.851s kernel_wait=5.733s kernel_drain=7.550s
[attn-split] single: calls=1767 total=1.704s encode=0.585s wait=0.745s drain=0.375s waits=3059 untimed=644 | wide: calls=372 total=4.376s encode=0.926s wait=3.450s drain=0.000s waits=368 untimed=368 | hint: calls=2116 total=1.582s encode=0.005s wait=1.576s drain=0.000s waits=2214 untimed=2214
[kernel-split] single: calls=1914 total=7.331s encode=0.186s wait=0.101s drain=7.044s waits=2030 untimed=1510 | wide: calls=997 total=6.803s encode=0.666s wait=5.632s drain=0.505s waits=997 untimed=0
[kernel-sub] materialize=0.332s moe=6.381s precommit=7.060s rest=0.361s
[metal-cache] calls=7739 zero_copy_wraps=390 copies=0 cache_entries=187 bindless=true
 tax
[stats] generated=24 elapsed=65.781s speed=0.3648 token/s (2.741 s/token) chunks=22 committed_rows=61 verify_tx=3 drafts=2/12 layer_passes=2046 expert_rows=5612 expert_tiles=2522
[verify-width] w1=0 w2=2 w3=0 w4=0 w5=0 w6=0 w7=0 w8+=1              (w1 share 0.0% of 3 transactions)
[opens] expert file opens=129738 total=1.433s mean=0.011ms requested_bytes=1613561363648 (1613.6 GB)
[split-eta] chunks served hot=25878 dir_c=15283 dir_b=32505 primary=64600
[arrival] tiles=756 waves=1060 uncovered_wait=24.526s dispatch=6.324s
[retain] enabled=false cap_gb=8 layers=63..=92 consults=0 wanted=0 hits=0 inserts=0 served=0.0MB
[summer] enabled=false cap_gb=8 sample=16 consults=0 wanted=0 hits=0 hit_rate=0.0% misses=0 inserts=0 evictions=0 recycled=0 allocs=0 pin_skips=0 gated=0 ramp=2..50 bar=0 suppressed=0 wide_skips=0 served=0.0MB copied=0.0MB ssd_avoided=0.0GB live=0/0.0GB model=0 protected=0 declined=0 topup_suppressed=0 aged=0 into=0/0/0 pending=0
[mirror-split] internal=0 K3C=0 K3B=0 K3A=0  shares=0%/0%/0%/0%
[phases] mono=418403.414155 chunks=22 sequence=58.030s read_wait=0.170s bind_upload=1.591s attention_resident=4.625s expert_read_prefetch=16.519s expert_demand_read=9.855s expert_plan=1.569s expert_hint=0.000s expert_submit=0.000s expert_kernel=34.680s source_fence=0.000s tail_head_sync=0.350s layer_other=0.061s expert_read_gross=14.950s plan_hint=1.488s plan_sched=0.081s attn_total=6.159s attn_encode=1.536s attn_wait=4.222s attn_drain=0.400s kernel_total=14.543s kernel_host=0.861s kernel_wait=5.738s kernel_drain=7.945s
[attn-split] single: calls=1860 total=1.783s encode=0.610s wait=0.772s drain=0.400s waits=3220 untimed=670 | wide: calls=372 total=4.376s encode=0.926s wait=3.450s drain=0.000s waits=368 untimed=368 | hint: calls=2208 total=1.648s encode=0.006s wait=1.642s drain=0.000s waits=2305 untimed=2305
[kernel-split] single: calls=2013 total=7.740s encode=0.195s wait=0.105s drain=7.440s waits=2137 untimed=1596 | wide: calls=997 total=6.803s encode=0.666s wait=5.632s drain=0.505s waits=997 untimed=0
[kernel-sub] materialize=0.332s moe=6.388s precommit=7.457s rest=0.366s
[metal-cache] calls=7838 zero_copy_wraps=390 copies=0 cache_entries=187 bindless=true
[route-chain] chained=1380
[route-chain] dedup_hits=1380
 is
[stats] generated=25 elapsed=67.008s speed=0.3731 token/s (2.680 s/token) chunks=23 committed_rows=62 verify_tx=3 drafts=2/12 layer_passes=2139 expert_rows=5704 expert_tiles=2614
[verify-width] w1=0 w2=2 w3=0 w4=0 w5=0 w6=0 w7=0 w8+=1              (w1 share 0.0% of 3 transactions)
[opens] expert file opens=134952 total=1.489s mean=0.011ms requested_bytes=1648261135552 (1648.3 GB)
[split-eta] chunks served hot=26628 dir_c=15680 dir_b=33460 primary=66453
[arrival] tiles=757 waves=1068 uncovered_wait=24.541s dispatch=6.333s
[retain] enabled=false cap_gb=8 layers=63..=92 consults=0 wanted=0 hits=0 inserts=0 served=0.0MB
[summer] enabled=false cap_gb=8 sample=16 consults=0 wanted=0 hits=0 hit_rate=0.0% misses=0 inserts=0 evictions=0 recycled=0 allocs=0 pin_skips=0 gated=0 ramp=2..50 bar=0 suppressed=0 wide_skips=0 served=0.0MB copied=0.0MB ssd_avoided=0.0GB live=0/0.0GB model=0 protected=0 declined=0 topup_suppressed=0 aged=0 into=0/0/0 pending=0
[mirror-split] internal=0 K3C=0 K3B=0 K3A=0  shares=0%/0%/0%/0%
[phases] mono=418404.641361 chunks=23 sequence=59.256s read_wait=0.170s bind_upload=1.591s attention_resident=4.697s expert_read_prefetch=17.233s expert_demand_read=10.301s expert_plan=1.641s expert_hint=0.000s expert_submit=0.000s expert_kernel=35.104s source_fence=0.000s tail_head_sync=0.365s layer_other=0.062s expert_read_gross=15.592s plan_hint=1.558s plan_sched=0.082s attn_total=6.231s attn_encode=1.560s attn_wait=4.251s attn_drain=0.420s kernel_total=14.952s kernel_host=0.870s kernel_wait=5.743s kernel_drain=8.339s
[attn-split] single: calls=1953 total=1.854s encode=0.634s wait=0.801s drain=0.420s waits=3381 untimed=694 | wide: calls=372 total=4.376s encode=0.926s wait=3.450s drain=0.000s waits=368 untimed=368 | hint: calls=2300 total=1.718s encode=0.006s wait=1.712s drain=0.000s waits=2396 untimed=2396
[kernel-split] single: calls=2112 total=8.149s encode=0.204s wait=0.111s drain=7.834s waits=2244 untimed=1678 | wide: calls=997 total=6.803s encode=0.666s wait=5.632s drain=0.505s waits=997 untimed=0
[kernel-sub] materialize=0.332s moe=6.397s precommit=7.854s rest=0.370s
[metal-cache] calls=7937 zero_copy_wraps=390 copies=0 cache_entries=187 bindless=true
 collected
[stats] generated=26 elapsed=68.320s speed=0.3806 token/s (2.628 s/token) chunks=24 committed_rows=63 verify_tx=3 drafts=2/12 layer_passes=2232 expert_rows=5796 expert_tiles=2706
[verify-width] w1=0 w2=2 w3=0 w4=0 w5=0 w6=0 w7=0 w8+=1              (w1 share 0.0% of 3 transactions)
[opens] expert file opens=140308 total=1.551s mean=0.011ms requested_bytes=1684724399296 (1684.7 GB)
[split-eta] chunks served hot=27399 dir_c=16114 dir_b=34460 primary=68404
[arrival] tiles=758 waves=1073 uncovered_wait=24.555s dispatch=6.343s
[retain] enabled=false cap_gb=8 layers=63..=92 consults=0 wanted=0 hits=0 inserts=0 served=0.0MB
[summer] enabled=false cap_gb=8 sample=16 consults=0 wanted=0 hits=0 hit_rate=0.0% misses=0 inserts=0 evictions=0 recycled=0 allocs=0 pin_skips=0 gated=0 ramp=2..50 bar=0 suppressed=0 wide_skips=0 served=0.0MB copied=0.0MB ssd_avoided=0.0GB live=0/0.0GB model=0 protected=0 declined=0 topup_suppressed=0 aged=0 into=0/0/0 pending=0
[mirror-split] internal=0 K3C=0 K3B=0 K3A=0  shares=0%/0%/0%/0%
[phases] mono=418405.952865 chunks=24 sequence=60.566s read_wait=0.170s bind_upload=1.591s attention_resident=4.795s expert_read_prefetch=17.986s expert_demand_read=10.767s expert_plan=1.721s expert_hint=0.000s expert_submit=0.000s expert_kernel=35.545s source_fence=0.000s tail_head_sync=0.381s layer_other=0.063s expert_read_gross=16.265s plan_hint=1.637s plan_sched=0.083s attn_total=6.328s attn_encode=1.602s attn_wait=4.289s attn_drain=0.437s kernel_total=15.380s kernel_host=0.879s kernel_wait=5.749s kernel_drain=8.751s
[attn-split] single: calls=2046 total=1.952s encode=0.676s wait=0.839s drain=0.437s waits=3542 untimed=722 | wide: calls=372 total=4.376s encode=0.926s wait=3.450s drain=0.000s waits=368 untimed=368 | hint: calls=2392 total=1.797s encode=0.006s wait=1.790s drain=0.000s waits=2487 untimed=2487
[kernel-split] single: calls=2208 total=8.577s encode=0.214s wait=0.117s drain=8.246s waits=2345 untimed=1760 | wide: calls=997 total=6.803s encode=0.666s wait=5.632s drain=0.505s waits=997 untimed=0
[kernel-sub] materialize=0.332s moe=6.407s precommit=8.267s rest=0.374s
[metal-cache] calls=8033 zero_copy_wraps=390 copies=0 cache_entries=187 bindless=true
**
[stats] generated=27 elapsed=69.552s speed=0.3882 token/s (2.576 s/token) chunks=25 committed_rows=64 verify_tx=3 drafts=2/12 layer_passes=2325 expert_rows=5888 expert_tiles=2798
[verify-width] w1=0 w2=2 w3=0 w4=0 w5=0 w6=0 w7=0 w8+=1              (w1 share 0.0% of 3 transactions)
[opens] expert file opens=145631 total=1.608s mean=0.011ms requested_bytes=1720020778176 (1720.0 GB)
[split-eta] chunks served hot=28184 dir_c=16527 dir_b=35427 primary=70262
[arrival] tiles=759 waves=1081 uncovered_wait=24.567s dispatch=6.350s
[retain] enabled=false cap_gb=8 layers=63..=92 consults=0 wanted=0 hits=0 inserts=0 served=0.0MB
[summer] enabled=false cap_gb=8 sample=16 consults=0 wanted=0 hits=0 hit_rate=0.0% misses=0 inserts=0 evictions=0 recycled=0 allocs=0 pin_skips=0 gated=0 ramp=2..50 bar=0 suppressed=0 wide_skips=0 served=0.0MB copied=0.0MB ssd_avoided=0.0GB live=0/0.0GB model=0 protected=0 declined=0 topup_suppressed=0 aged=0 into=0/0/0 pending=0
[mirror-split] internal=0 K3C=0 K3B=0 K3A=0  shares=0%/0%/0%/0%
[phases] mono=418407.184913 chunks=25 sequence=61.797s read_wait=0.170s bind_upload=1.591s attention_resident=4.867s expert_read_prefetch=18.708s expert_demand_read=11.211s expert_plan=1.788s expert_hint=0.000s expert_submit=0.000s expert_kernel=35.965s source_fence=0.000s tail_head_sync=0.397s layer_other=0.065s expert_read_gross=16.920s plan_hint=1.703s plan_sched=0.084s attn_total=6.400s attn_encode=1.625s attn_wait=4.322s attn_drain=0.453s kernel_total=15.787s kernel_host=0.888s kernel_wait=5.754s kernel_drain=9.145s
[attn-split] single: calls=2139 total=2.024s encode=0.699s wait=0.872s drain=0.453s waits=3703 untimed=758 | wide: calls=372 total=4.376s encode=0.926s wait=3.450s drain=0.000s waits=368 untimed=368 | hint: calls=2484 total=1.863s encode=0.006s wait=1.857s drain=0.000s waits=2578 untimed=2578
[kernel-split] single: calls=2307 total=8.984s encode=0.223s wait=0.122s drain=8.640s waits=2452 untimed=1847 | wide: calls=997 total=6.803s encode=0.666s wait=5.632s drain=0.505s waits=997 untimed=0
[kernel-sub] materialize=0.332s moe=6.414s precommit=8.663s rest=0.378s
[metal-cache] calls=8132 zero_copy_wraps=390 copies=0 cache_entries=187 bindless=true
 throughout
[stats] generated=28 elapsed=70.828s speed=0.3953 token/s (2.530 s/token) chunks=26 committed_rows=65 verify_tx=3 drafts=2/12 layer_passes=2418 expert_rows=5980 expert_tiles=2890
[verify-width] w1=0 w2=2 w3=0 w4=0 w5=0 w6=0 w7=0 w8+=1              (w1 share 0.0% of 3 transactions)
[opens] expert file opens=151027 total=1.666s mean=0.011ms requested_bytes=1755852307648 (1755.9 GB)
[split-eta] chunks served hot=28942 dir_c=16960 dir_b=36411 primary=72171
[arrival] tiles=760 waves=1086 uncovered_wait=24.576s dispatch=6.358s
[retain] enabled=false cap_gb=8 layers=63..=92 consults=0 wanted=0 hits=0 inserts=0 served=0.0MB
[summer] enabled=false cap_gb=8 sample=16 consults=0 wanted=0 hits=0 hit_rate=0.0% misses=0 inserts=0 evictions=0 recycled=0 allocs=0 pin_skips=0 gated=0 ramp=2..50 bar=0 suppressed=0 wide_skips=0 served=0.0MB copied=0.0MB ssd_avoided=0.0GB live=0/0.0GB model=0 protected=0 declined=0 topup_suppressed=0 aged=0 into=0/0/0 pending=0
[mirror-split] internal=0 K3C=0 K3B=0 K3A=0  shares=0%/0%/0%/0%
[phases] mono=418408.461538 chunks=26 sequence=63.073s read_wait=0.170s bind_upload=1.591s attention_resident=4.947s expert_read_prefetch=19.449s expert_demand_read=11.679s expert_plan=1.858s expert_hint=0.000s expert_submit=0.000s expert_kernel=36.401s source_fence=0.000s tail_head_sync=0.413s layer_other=0.066s expert_read_gross=17.591s plan_hint=1.772s plan_sched=0.085s attn_total=6.481s attn_encode=1.650s attn_wait=4.357s attn_drain=0.474s kernel_total=16.214s kernel_host=0.898s kernel_wait=5.759s kernel_drain=9.556s
[attn-split] single: calls=2232 total=2.104s encode=0.723s wait=0.907s drain=0.474s waits=3864 untimed=780 | wide: calls=372 total=4.376s encode=0.926s wait=3.450s drain=0.000s waits=368 untimed=368 | hint: calls=2576 total=1.932s encode=0.006s wait=1.925s drain=0.000s waits=2669 untimed=2669
[kernel-split] single: calls=2403 total=9.411s encode=0.232s wait=0.127s drain=9.051s waits=2553 untimed=1924 | wide: calls=997 total=6.803s encode=0.666s wait=5.632s drain=0.505s waits=997 untimed=0
[kernel-sub] materialize=0.332s moe=6.422s precommit=9.077s rest=0.383s
[metal-cache] calls=8228 zero_copy_wraps=390 copies=0 cache_entries=187 bindless=true
 the
[stats] generated=29 elapsed=72.035s speed=0.4026 token/s (2.484 s/token) chunks=27 committed_rows=66 verify_tx=3 drafts=2/12 layer_passes=2511 expert_rows=6072 expert_tiles=2982
[verify-width] w1=0 w2=2 w3=0 w4=0 w5=0 w6=0 w7=0 w8+=1              (w1 share 0.0% of 3 transactions)
[opens] expert file opens=156139 total=1.722s mean=0.011ms requested_bytes=1789578280128 (1789.6 GB)
[split-eta] chunks served hot=29681 dir_c=17335 dir_b=37336 primary=73976
[arrival] tiles=761 waves=1094 uncovered_wait=24.584s dispatch=6.368s
[retain] enabled=false cap_gb=8 layers=63..=92 consults=0 wanted=0 hits=0 inserts=0 served=0.0MB
[summer] enabled=false cap_gb=8 sample=16 consults=0 wanted=0 hits=0 hit_rate=0.0% misses=0 inserts=0 evictions=0 recycled=0 allocs=0 pin_skips=0 gated=0 ramp=2..50 bar=0 suppressed=0 wide_skips=0 served=0.0MB copied=0.0MB ssd_avoided=0.0GB live=0/0.0GB model=0 protected=0 declined=0 topup_suppressed=0 aged=0 into=0/0/0 pending=0
[mirror-split] internal=0 K3C=0 K3B=0 K3A=0  shares=0%/0%/0%/0%
[phases] mono=418409.667886 chunks=27 sequence=64.277s read_wait=0.170s bind_upload=1.591s attention_resident=5.020s expert_read_prefetch=20.195s expert_demand_read=12.103s expert_plan=1.930s expert_hint=0.000s expert_submit=0.000s expert_kernel=36.770s source_fence=0.000s tail_head_sync=0.430s layer_other=0.067s expert_read_gross=18.264s plan_hint=1.844s plan_sched=0.086s attn_total=6.553s attn_encode=1.674s attn_wait=4.386s attn_drain=0.493s kernel_total=16.574s kernel_host=0.907s kernel_wait=5.764s kernel_drain=9.902s
[attn-split] single: calls=2325 total=2.177s encode=0.748s wait=0.936s drain=0.493s waits=4025 untimed=811 | wide: calls=372 total=4.376s encode=0.926s wait=3.450s drain=0.000s waits=368 untimed=368 | hint: calls=2668 total=2.003s encode=0.007s wait=1.996s drain=0.000s waits=2760 untimed=2760
[kernel-split] single: calls=2502 total=9.771s encode=0.242s wait=0.132s drain=9.397s waits=2660 untimed=2004 | wide: calls=997 total=6.803s encode=0.666s wait=5.632s drain=0.505s waits=997 untimed=0
[kernel-sub] materialize=0.332s moe=6.432s precommit=9.424s rest=0.387s
[metal-cache] calls=8327 zero_copy_wraps=390 copies=0 cache_entries=187 bindless=true
 supply
[stats] generated=30 elapsed=73.328s speed=0.4091 token/s (2.444 s/token) chunks=28 committed_rows=67 verify_tx=3 drafts=2/12 layer_passes=2604 expert_rows=6164 expert_tiles=3074
[verify-width] w1=0 w2=2 w3=0 w4=0 w5=0 w6=0 w7=0 w8+=1              (w1 share 0.0% of 3 transactions)
[opens] expert file opens=161621 total=1.781s mean=0.011ms requested_bytes=1825857354944 (1825.9 GB)
[split-eta] chunks served hot=30456 dir_c=17739 dir_b=38336 primary=75932
[arrival] tiles=762 waves=1099 uncovered_wait=24.596s dispatch=6.374s
[retain] enabled=false cap_gb=8 layers=63..=92 consults=0 wanted=0 hits=0 inserts=0 served=0.0MB
[summer] enabled=false cap_gb=8 sample=16 consults=0 wanted=0 hits=0 hit_rate=0.0% misses=0 inserts=0 evictions=0 recycled=0 allocs=0 pin_skips=0 gated=0 ramp=2..50 bar=0 suppressed=0 wide_skips=0 served=0.0MB copied=0.0MB ssd_avoided=0.0GB live=0/0.0GB model=0 protected=0 declined=0 topup_suppressed=0 aged=0 into=0/0/0 pending=0
[mirror-split] internal=0 K3C=0 K3B=0 K3A=0  shares=0%/0%/0%/0%
[phases] mono=418410.961808 chunks=28 sequence=65.571s read_wait=0.170s bind_upload=1.591s attention_resident=5.114s expert_read_prefetch=20.967s expert_demand_read=12.563s expert_plan=2.010s expert_hint=0.000s expert_submit=0.000s expert_kernel=37.178s source_fence=0.000s tail_head_sync=0.446s layer_other=0.068s expert_read_gross=18.957s plan_hint=1.922s plan_sched=0.087s attn_total=6.647s attn_encode=1.717s attn_wait=4.425s attn_drain=0.505s kernel_total=16.971s kernel_host=0.916s kernel_wait=5.767s kernel_drain=10.288s
[attn-split] single: calls=2418 total=2.271s encode=0.791s wait=0.975s drain=0.505s waits=4186 untimed=844 | wide: calls=372 total=4.376s encode=0.926s wait=3.450s drain=0.000s waits=368 untimed=368 | hint: calls=2760 total=2.082s encode=0.007s wait=2.075s drain=0.000s waits=2851 untimed=2851
[kernel-split] single: calls=2598 total=10.168s encode=0.251s wait=0.135s drain=9.783s waits=2761 untimed=2085 | wide: calls=997 total=6.803s encode=0.666s wait=5.632s drain=0.505s waits=997 untimed=0
[kernel-sub] materialize=0.332s moe=6.437s precommit=9.811s rest=0.391s
[metal-cache] calls=8423 zero_copy_wraps=390 copies=0 cache_entries=187 bindless=true
 chain
[stats] generated=31 elapsed=74.592s speed=0.4156 token/s (2.406 s/token) chunks=29 committed_rows=68 verify_tx=3 drafts=2/12 layer_passes=2697 expert_rows=6256 expert_tiles=3166
[verify-width] w1=0 w2=2 w3=0 w4=0 w5=0 w6=0 w7=0 w8+=1              (w1 share 0.0% of 3 transactions)
[opens] expert file opens=166985 total=1.843s mean=0.011ms requested_bytes=1861241502912 (1861.2 GB)
[split-eta] chunks served hot=31231 dir_c=18130 dir_b=39320 primary=77815
[arrival] tiles=763 waves=1106 uncovered_wait=24.606s dispatch=6.380s
[retain] enabled=false cap_gb=8 layers=63..=92 consults=0 wanted=0 hits=0 inserts=0 served=0.0MB
[summer] enabled=false cap_gb=8 sample=16 consults=0 wanted=0 hits=0 hit_rate=0.0% misses=0 inserts=0 evictions=0 recycled=0 allocs=0 pin_skips=0 gated=0 ramp=2..50 bar=0 suppressed=0 wide_skips=0 served=0.0MB copied=0.0MB ssd_avoided=0.0GB live=0/0.0GB model=0 protected=0 declined=0 topup_suppressed=0 aged=0 into=0/0/0 pending=0
[mirror-split] internal=0 K3C=0 K3B=0 K3A=0  shares=0%/0%/0%/0%
[phases] mono=418412.225047 chunks=29 sequence=66.833s read_wait=0.170s bind_upload=1.591s attention_resident=5.185s expert_read_prefetch=21.750s expert_demand_read=13.036s expert_plan=2.082s expert_hint=0.000s expert_submit=0.000s expert_kernel=37.568s source_fence=0.000s tail_head_sync=0.463s layer_other=0.069s expert_read_gross=19.668s plan_hint=1.993s plan_sched=0.088s attn_total=6.717s attn_encode=1.741s attn_wait=4.459s attn_drain=0.517s kernel_total=17.351s kernel_host=0.925s kernel_wait=5.771s kernel_drain=10.655s
[attn-split] single: calls=2511 total=2.341s encode=0.815s wait=1.009s drain=0.517s waits=4347 untimed=877 | wide: calls=372 total=4.376s encode=0.926s wait=3.450s drain=0.000s waits=368 untimed=368 | hint: calls=2852 total=2.153s encode=0.007s wait=2.145s drain=0.000s waits=2942 untimed=2942
[kernel-split] single: calls=2696 total=10.548s encode=0.259s wait=0.139s drain=10.150s waits=2866 untimed=2168 | wide: calls=997 total=6.803s encode=0.666s wait=5.632s drain=0.505s waits=997 untimed=0
[kernel-sub] materialize=0.332s moe=6.444s precommit=10.180s rest=0.395s
[metal-cache] calls=8521 zero_copy_wraps=390 copies=0 cache_entries=187 bindless=true
.
[stats] generated=32 elapsed=75.848s speed=0.4219 token/s (2.370 s/token) chunks=30 committed_rows=69 verify_tx=3 drafts=2/12 layer_passes=2790 expert_rows=6348 expert_tiles=3258
[verify-width] w1=0 w2=2 w3=0 w4=0 w5=0 w6=0 w7=0 w8+=1              (w1 share 0.0% of 3 transactions)
[opens] expert file opens=172329 total=1.899s mean=0.011ms requested_bytes=1896836201664 (1896.8 GB)
[split-eta] chunks served hot=32007 dir_c=18528 dir_b=40304 primary=79714
[arrival] tiles=764 waves=1111 uncovered_wait=24.614s dispatch=6.388s
[retain] enabled=false cap_gb=8 layers=63..=92 consults=0 wanted=0 hits=0 inserts=0 served=0.0MB
[summer] enabled=false cap_gb=8 sample=16 consults=0 wanted=0 hits=0 hit_rate=0.0% misses=0 inserts=0 evictions=0 recycled=0 allocs=0 pin_skips=0 gated=0 ramp=2..50 bar=0 suppressed=0 wide_skips=0 served=0.0MB copied=0.0MB ssd_avoided=0.0GB live=0/0.0GB model=0 protected=0 declined=0 topup_suppressed=0 aged=0 into=0/0/0 pending=0
[mirror-split] internal=0 K3C=0 K3B=0 K3A=0  shares=0%/0%/0%/0%
[phases] mono=418413.480975 chunks=30 sequence=68.087s read_wait=0.170s bind_upload=1.591s attention_resident=5.259s expert_read_prefetch=22.506s expert_demand_read=13.469s expert_plan=2.151s expert_hint=0.000s expert_submit=0.000s expert_kernel=37.975s source_fence=0.000s tail_head_sync=0.480s layer_other=0.071s expert_read_gross=20.354s plan_hint=2.061s plan_sched=0.090s attn_total=6.792s attn_encode=1.765s attn_wait=4.486s attn_drain=0.541s kernel_total=17.749s kernel_host=0.935s kernel_wait=5.775s kernel_drain=11.039s
[attn-split] single: calls=2604 total=2.415s encode=0.839s wait=1.036s drain=0.541s waits=4508 untimed=903 | wide: calls=372 total=4.376s encode=0.926s wait=3.450s drain=0.000s waits=368 untimed=368 | hint: calls=2944 total=2.220s encode=0.007s wait=2.213s drain=0.000s waits=3033 untimed=3033
[kernel-split] single: calls=2792 total=10.946s encode=0.269s wait=0.143s drain=10.534s waits=2967 untimed=2251 | wide: calls=997 total=6.803s encode=0.666s wait=5.632s drain=0.505s waits=997 untimed=0
[kernel-sub] materialize=0.332s moe=6.451s precommit=10.566s rest=0.400s
[metal-cache] calls=8617 zero_copy_wraps=390 copies=0 cache_entries=187 bindless=true
 While
[stats] generated=33 elapsed=77.113s speed=0.4279 token/s (2.337 s/token) chunks=31 committed_rows=70 verify_tx=3 drafts=2/12 layer_passes=2883 expert_rows=6440 expert_tiles=3350
[verify-width] w1=0 w2=2 w3=0 w4=0 w5=0 w6=0 w7=0 w8+=1              (w1 share 0.0% of 3 transactions)
[opens] expert file opens=177702 total=1.955s mean=0.011ms requested_bytes=1931878153408 (1931.9 GB)
[split-eta] chunks served hot=32749 dir_c=18901 dir_b=41284 primary=81613
[arrival] tiles=765 waves=1118 uncovered_wait=24.625s dispatch=6.397s
[retain] enabled=false cap_gb=8 layers=63..=92 consults=0 wanted=0 hits=0 inserts=0 served=0.0MB
[summer] enabled=false cap_gb=8 sample=16 consults=0 wanted=0 hits=0 hit_rate=0.0% misses=0 inserts=0 evictions=0 recycled=0 allocs=0 pin_skips=0 gated=0 ramp=2..50 bar=0 suppressed=0 wide_skips=0 served=0.0MB copied=0.0MB ssd_avoided=0.0GB live=0/0.0GB model=0 protected=0 declined=0 topup_suppressed=0 aged=0 into=0/0/0 pending=0
[mirror-split] internal=0 K3C=0 K3B=0 K3A=0  shares=0%/0%/0%/0%
[phases] mono=418414.746336 chunks=31 sequence=69.351s read_wait=0.170s bind_upload=1.591s attention_resident=5.337s expert_read_prefetch=23.259s expert_demand_read=13.936s expert_plan=2.228s expert_hint=0.000s expert_submit=0.000s expert_kernel=38.392s source_fence=0.000s tail_head_sync=0.495s layer_other=0.072s expert_read_gross=21.031s plan_hint=2.137s plan_sched=0.091s attn_total=6.869s attn_encode=1.790s attn_wait=4.520s attn_drain=0.558s kernel_total=18.154s kernel_host=0.944s kernel_wait=5.780s kernel_drain=11.430s
[attn-split] single: calls=2697 total=2.493s encode=0.864s wait=1.070s drain=0.558s waits=4669 untimed=931 | wide: calls=372 total=4.376s encode=0.926s wait=3.450s drain=0.000s waits=368 untimed=368 | hint: calls=3036 total=2.296s encode=0.007s wait=2.289s drain=0.000s waits=3124 untimed=3124
[kernel-split] single: calls=2890 total=11.352s encode=0.278s wait=0.148s drain=10.925s waits=3072 untimed=2331 | wide: calls=997 total=6.803s encode=0.666s wait=5.632s drain=0.505s waits=997 untimed=0
[kernel-sub] materialize=0.332s moe=6.460s precommit=10.959s rest=0.404s
[metal-cache] calls=8715 zero_copy_wraps=390 copies=0 cache_entries=187 bindless=true
 both
[stats] generated=34 elapsed=78.386s speed=0.4338 token/s (2.305 s/token) chunks=32 committed_rows=71 verify_tx=3 drafts=2/12 layer_passes=2976 expert_rows=6532 expert_tiles=3442
[verify-width] w1=0 w2=2 w3=0 w4=0 w5=0 w6=0 w7=0 w8+=1              (w1 share 0.0% of 3 transactions)
[opens] expert file opens=182954 total=2.013s mean=0.011ms requested_bytes=1967279848640 (1967.3 GB)
[split-eta] chunks served hot=33517 dir_c=19299 dir_b=42261 primary=83505
[arrival] tiles=766 waves=1125 uncovered_wait=24.636s dispatch=6.405s
[retain] enabled=false cap_gb=8 layers=63..=92 consults=0 wanted=0 hits=0 inserts=0 served=0.0MB
[summer] enabled=false cap_gb=8 sample=16 consults=0 wanted=0 hits=0 hit_rate=0.0% misses=0 inserts=0 evictions=0 recycled=0 allocs=0 pin_skips=0 gated=0 ramp=2..50 bar=0 suppressed=0 wide_skips=0 served=0.0MB copied=0.0MB ssd_avoided=0.0GB live=0/0.0GB model=0 protected=0 declined=0 topup_suppressed=0 aged=0 into=0/0/0 pending=0
[mirror-split] internal=0 K3C=0 K3B=0 K3A=0  shares=0%/0%/0%/0%
[phases] mono=418416.019494 chunks=32 sequence=70.623s read_wait=0.170s bind_upload=1.591s attention_resident=5.424s expert_read_prefetch=23.989s expert_demand_read=14.373s expert_plan=2.308s expert_hint=0.000s expert_submit=0.000s expert_kernel=38.830s source_fence=0.000s tail_head_sync=0.512s layer_other=0.073s expert_read_gross=21.681s plan_hint=2.216s plan_sched=0.092s attn_total=6.956s attn_encode=1.829s attn_wait=4.549s attn_drain=0.578s kernel_total=18.582s kernel_host=0.953s kernel_wait=5.786s kernel_drain=11.844s
[attn-split] single: calls=2790 total=2.579s encode=0.902s wait=1.099s drain=0.578s waits=4830 untimed=964 | wide: calls=372 total=4.376s encode=0.926s wait=3.450s drain=0.000s waits=368 untimed=368 | hint: calls=3128 total=2.375s encode=0.008s wait=2.367s drain=0.000s waits=3215 untimed=3215
[kernel-split] single: calls=2988 total=11.779s encode=0.287s wait=0.154s drain=11.338s waits=3177 untimed=2409 | wide: calls=997 total=6.803s encode=0.666s wait=5.632s drain=0.505s waits=997 untimed=0
[kernel-sub] materialize=0.332s moe=6.468s precommit=11.374s rest=0.408s
[metal-cache] calls=8813 zero_copy_wraps=390 copies=0 cache_entries=187 bindless=true
 are
[stats] generated=35 elapsed=79.621s speed=0.4396 token/s (2.275 s/token) chunks=33 committed_rows=72 verify_tx=3 drafts=2/12 layer_passes=3069 expert_rows=6624 expert_tiles=3534
[verify-width] w1=0 w2=2 w3=0 w4=0 w5=0 w6=0 w7=0 w8+=1              (w1 share 0.0% of 3 transactions)
[opens] expert file opens=188191 total=2.068s mean=0.011ms requested_bytes=2002111233216 (2002.1 GB)
[split-eta] chunks served hot=34255 dir_c=19708 dir_b=43226 primary=85363
[arrival] tiles=767 waves=1133 uncovered_wait=24.644s dispatch=6.412s
[retain] enabled=false cap_gb=8 layers=63..=92 consults=0 wanted=0 hits=0 inserts=0 served=0.0MB
[summer] enabled=false cap_gb=8 sample=16 consults=0 wanted=0 hits=0 hit_rate=0.0% misses=0 inserts=0 evictions=0 recycled=0 allocs=0 pin_skips=0 gated=0 ramp=2..50 bar=0 suppressed=0 wide_skips=0 served=0.0MB copied=0.0MB ssd_avoided=0.0GB live=0/0.0GB model=0 protected=0 declined=0 topup_suppressed=0 aged=0 into=0/0/0 pending=0
[mirror-split] internal=0 K3C=0 K3B=0 K3A=0  shares=0%/0%/0%/0%
[phases] mono=418417.254205 chunks=33 sequence=71.856s read_wait=0.170s bind_upload=1.591s attention_resident=5.496s expert_read_prefetch=24.729s expert_demand_read=14.807s expert_plan=2.380s expert_hint=0.000s expert_submit=0.000s expert_kernel=39.232s source_fence=0.000s tail_head_sync=0.528s layer_other=0.074s expert_read_gross=22.349s plan_hint=2.287s plan_sched=0.093s attn_total=7.028s attn_encode=1.852s attn_wait=4.578s attn_drain=0.598s kernel_total=18.975s kernel_host=0.961s kernel_wait=5.790s kernel_drain=12.224s
[attn-split] single: calls=2883 total=2.652s encode=0.926s wait=1.128s drain=0.598s waits=4991 untimed=998 | wide: calls=372 total=4.376s encode=0.926s wait=3.450s drain=0.000s waits=368 untimed=368 | hint: calls=3220 total=2.446s encode=0.008s wait=2.438s drain=0.000s waits=3306 untimed=3306
[kernel-split] single: calls=3087 total=12.172s encode=0.296s wait=0.157s drain=11.719s waits=3284 untimed=2497 | wide: calls=997 total=6.803s encode=0.666s wait=5.632s drain=0.505s waits=997 untimed=0
[kernel-sub] materialize=0.332s moe=6.475s precommit=11.757s rest=0.412s
[metal-cache] calls=8912 zero_copy_wraps=390 copies=0 cache_entries=187 bindless=true
[route-chain] chained=2070
[route-chain] dedup_hits=2070
 consumption
[stats] generated=36 elapsed=80.857s speed=0.4452 token/s (2.246 s/token) chunks=34 committed_rows=73 verify_tx=3 drafts=2/12 layer_passes=3162 expert_rows=6716 expert_tiles=3626
[verify-width] w1=0 w2=2 w3=0 w4=0 w5=0 w6=0 w7=0 w8+=1              (w1 share 0.0% of 3 transactions)
[opens] expert file opens=193398 total=2.124s mean=0.011ms requested_bytes=2036881210560 (2036.9 GB)
[split-eta] chunks served hot=34989 dir_c=20132 dir_b=44181 primary=87213
[arrival] tiles=768 waves=1141 uncovered_wait=24.653s dispatch=6.419s
[retain] enabled=false cap_gb=8 layers=63..=92 consults=0 wanted=0 hits=0 inserts=0 served=0.0MB
[summer] enabled=false cap_gb=8 sample=16 consults=0 wanted=0 hits=0 hit_rate=0.0% misses=0 inserts=0 evictions=0 recycled=0 allocs=0 pin_skips=0 gated=0 ramp=2..50 bar=0 suppressed=0 wide_skips=0 served=0.0MB copied=0.0MB ssd_avoided=0.0GB live=0/0.0GB model=0 protected=0 declined=0 topup_suppressed=0 aged=0 into=0/0/0 pending=0
[mirror-split] internal=0 K3C=0 K3B=0 K3A=0  shares=0%/0%/0%/0%
[phases] mono=418418.490410 chunks=34 sequence=73.092s read_wait=0.170s bind_upload=1.591s attention_resident=5.587s expert_read_prefetch=25.450s expert_demand_read=15.242s expert_plan=2.446s expert_hint=0.000s expert_submit=0.000s expert_kernel=39.639s source_fence=0.000s tail_head_sync=0.544s layer_other=0.075s expert_read_gross=23.004s plan_hint=2.352s plan_sched=0.094s attn_total=7.119s attn_encode=1.880s attn_wait=4.626s attn_drain=0.613s kernel_total=19.373s kernel_host=0.971s kernel_wait=5.794s kernel_drain=12.609s
[attn-split] single: calls=2976 total=2.742s encode=0.954s wait=1.176s drain=0.613s waits=5152 untimed=1033 | wide: calls=372 total=4.376s encode=0.926s wait=3.450s drain=0.000s waits=368 untimed=368 | hint: calls=3312 total=2.511s encode=0.008s wait=2.503s drain=0.000s waits=3397 untimed=3397
[kernel-split] single: calls=3186 total=12.571s encode=0.305s wait=0.162s drain=12.103s waits=3391 untimed=2585 | wide: calls=997 total=6.803s encode=0.666s wait=5.632s drain=0.505s waits=997 untimed=0
[kernel-sub] materialize=0.332s moe=6.482s precommit=12.143s rest=0.417s
[metal-cache] calls=9011 zero_copy_wraps=390 copies=0 cache_entries=187 bindless=true
 taxes
[stats] generated=37 elapsed=82.100s speed=0.4507 token/s (2.219 s/token) chunks=35 committed_rows=74 verify_tx=3 drafts=2/12 layer_passes=3255 expert_rows=6808 expert_tiles=3718
[verify-width] w1=0 w2=2 w3=0 w4=0 w5=0 w6=0 w7=0 w8+=1              (w1 share 0.0% of 3 transactions)
[opens] expert file opens=198658 total=2.181s mean=0.011ms requested_bytes=2071537122496 (2071.5 GB)
[split-eta] chunks served hot=35721 dir_c=20528 dir_b=45148 primary=89068
[arrival] tiles=769 waves=1149 uncovered_wait=24.661s dispatch=6.429s
[retain] enabled=false cap_gb=8 layers=63..=92 consults=0 wanted=0 hits=0 inserts=0 served=0.0MB
[summer] enabled=false cap_gb=8 sample=16 consults=0 wanted=0 hits=0 hit_rate=0.0% misses=0 inserts=0 evictions=0 recycled=0 allocs=0 pin_skips=0 gated=0 ramp=2..50 bar=0 suppressed=0 wide_skips=0 served=0.0MB copied=0.0MB ssd_avoided=0.0GB live=0/0.0GB model=0 protected=0 declined=0 topup_suppressed=0 aged=0 into=0/0/0 pending=0
[mirror-split] internal=0 K3C=0 K3B=0 K3A=0  shares=0%/0%/0%/0%
[phases] mono=418419.732944 chunks=35 sequence=74.333s read_wait=0.170s bind_upload=1.591s attention_resident=5.667s expert_read_prefetch=26.154s expert_demand_read=15.685s expert_plan=2.522s expert_hint=0.000s expert_submit=0.000s expert_kernel=40.077s source_fence=0.000s tail_head_sync=0.561s layer_other=0.077s expert_read_gross=23.632s plan_hint=2.426s plan_sched=0.095s attn_total=7.199s attn_encode=1.906s attn_wait=4.659s attn_drain=0.634s kernel_total=19.803s kernel_host=0.979s kernel_wait=5.800s kernel_drain=13.024s
[attn-split] single: calls=3069 total=2.823s encode=0.980s wait=1.209s drain=0.634s waits=5313 untimed=1066 | wide: calls=372 total=4.376s encode=0.926s wait=3.450s drain=0.000s waits=368 untimed=368 | hint: calls=3404 total=2.585s encode=0.008s wait=2.577s drain=0.000s waits=3488 untimed=3488
[kernel-split] single: calls=3285 total=13.000s encode=0.314s wait=0.168s drain=12.518s waits=3498 untimed=2671 | wide: calls=997 total=6.803s encode=0.666s wait=5.632s drain=0.505s waits=997 untimed=0
[kernel-sub] materialize=0.332s moe=6.491s precommit=12.559s rest=0.421s
[metal-cache] calls=9110 zero_copy_wraps=390 copies=0 cache_entries=187 bindless=true
 ultimately
[stats] generated=38 elapsed=83.347s speed=0.4559 token/s (2.193 s/token) chunks=36 committed_rows=75 verify_tx=3 drafts=2/12 layer_passes=3348 expert_rows=6900 expert_tiles=3810
[verify-width] w1=0 w2=2 w3=0 w4=0 w5=0 w6=0 w7=0 w8+=1              (w1 share 0.0% of 3 transactions)
[opens] expert file opens=203912 total=2.238s mean=0.011ms requested_bytes=2106403601600 (2106.4 GB)
[split-eta] chunks served hot=36480 dir_c=20893 dir_b=46117 primary=90949
[arrival] tiles=770 waves=1156 uncovered_wait=24.671s dispatch=6.437s
[retain] enabled=false cap_gb=8 layers=63..=92 consults=0 wanted=0 hits=0 inserts=0 served=0.0MB
[summer] enabled=false cap_gb=8 sample=16 consults=0 wanted=0 hits=0 hit_rate=0.0% misses=0 inserts=0 evictions=0 recycled=0 allocs=0 pin_skips=0 gated=0 ramp=2..50 bar=0 suppressed=0 wide_skips=0 served=0.0MB copied=0.0MB ssd_avoided=0.0GB live=0/0.0GB model=0 protected=0 declined=0 topup_suppressed=0 aged=0 into=0/0/0 pending=0
[mirror-split] internal=0 K3C=0 K3B=0 K3A=0  shares=0%/0%/0%/0%
[phases] mono=418420.980551 chunks=36 sequence=75.579s read_wait=0.170s bind_upload=1.591s attention_resident=5.768s expert_read_prefetch=26.887s expert_demand_read=16.140s expert_plan=2.588s expert_hint=0.000s expert_submit=0.000s expert_kernel=40.474s source_fence=0.000s tail_head_sync=0.574s layer_other=0.078s expert_read_gross=24.299s plan_hint=2.491s plan_sched=0.096s attn_total=7.299s attn_encode=1.956s attn_wait=4.691s attn_drain=0.653s kernel_total=20.190s kernel_host=0.988s kernel_wait=5.804s kernel_drain=13.398s
[attn-split] single: calls=3162 total=2.923s encode=1.029s wait=1.241s drain=0.653s waits=5474 untimed=1094 | wide: calls=372 total=4.376s encode=0.926s wait=3.450s drain=0.000s waits=368 untimed=368 | hint: calls=3496 total=2.650s encode=0.008s wait=2.642s drain=0.000s waits=3579 untimed=3579
[kernel-split] single: calls=3383 total=13.387s encode=0.323s wait=0.172s drain=12.892s waits=3603 untimed=2755 | wide: calls=997 total=6.803s encode=0.666s wait=5.632s drain=0.505s waits=997 untimed=0
[kernel-sub] materialize=0.332s moe=6.499s precommit=12.934s rest=0.425s
[metal-cache] calls=9208 zero_copy_wraps=390 copies=0 cache_entries=187 bindless=true
 paid
[stats] generated=39 elapsed=84.543s speed=0.4613 token/s (2.168 s/token) chunks=37 committed_rows=76 verify_tx=3 drafts=2/12 layer_passes=3441 expert_rows=6992 expert_tiles=3902
[verify-width] w1=0 w2=2 w3=0 w4=0 w5=0 w6=0 w7=0 w8+=1              (w1 share 0.0% of 3 transactions)
[opens] expert file opens=209104 total=2.292s mean=0.011ms requested_bytes=2140629597376 (2140.6 GB)
[split-eta] chunks served hot=37211 dir_c=21288 dir_b=47063 primary=92778
[arrival] tiles=771 waves=1161 uncovered_wait=24.681s dispatch=6.442s
[retain] enabled=false cap_gb=8 layers=63..=92 consults=0 wanted=0 hits=0 inserts=0 served=0.0MB
[summer] enabled=false cap_gb=8 sample=16 consults=0 wanted=0 hits=0 hit_rate=0.0% misses=0 inserts=0 evictions=0 recycled=0 allocs=0 pin_skips=0 gated=0 ramp=2..50 bar=0 suppressed=0 wide_skips=0 served=0.0MB copied=0.0MB ssd_avoided=0.0GB live=0/0.0GB model=0 protected=0 declined=0 topup_suppressed=0 aged=0 into=0/0/0 pending=0
[mirror-split] internal=0 K3C=0 K3B=0 K3A=0  shares=0%/0%/0%/0%
[phases] mono=418422.176601 chunks=37 sequence=76.774s read_wait=0.170s bind_upload=1.591s attention_resident=5.845s expert_read_prefetch=27.592s expert_demand_read=16.571s expert_plan=2.654s expert_hint=0.000s expert_submit=0.000s expert_kernel=40.878s source_fence=0.000s tail_head_sync=0.582s layer_other=0.079s expert_read_gross=24.938s plan_hint=2.556s plan_sched=0.097s attn_total=7.376s attn_encode=1.982s attn_wait=4.728s attn_drain=0.666s kernel_total=20.584s kernel_host=0.996s kernel_wait=5.807s kernel_drain=13.781s
[attn-split] single: calls=3255 total=3.000s encode=1.055s wait=1.278s drain=0.666s waits=5635 untimed=1129 | wide: calls=372 total=4.376s encode=0.926s wait=3.450s drain=0.000s waits=368 untimed=368 | hint: calls=3588 total=2.715s encode=0.009s wait=2.707s drain=0.000s waits=3670 untimed=3670
[kernel-split] single: calls=3479 total=13.781s encode=0.330s wait=0.175s drain=13.276s waits=3704 untimed=2834 | wide: calls=997 total=6.803s encode=0.666s wait=5.632s drain=0.505s waits=997 untimed=0
[kernel-sub] materialize=0.332s moe=6.504s precommit=13.319s rest=0.429s
[metal-cache] calls=9304 zero_copy_wraps=390 copies=0 cache_entries=187 bindless=true
 by
[stats] generated=40 elapsed=85.764s speed=0.4664 token/s (2.144 s/token) chunks=38 committed_rows=77 verify_tx=3 drafts=2/12 layer_passes=3534 expert_rows=7084 expert_tiles=3994
[verify-width] w1=0 w2=2 w3=0 w4=0 w5=0 w6=0 w7=0 w8+=1              (w1 share 0.0% of 3 transactions)
[opens] expert file opens=214181 total=2.348s mean=0.011ms requested_bytes=2175162645696 (2175.2 GB)
[split-eta] chunks served hot=37948 dir_c=21706 dir_b=48008 primary=94614
[arrival] tiles=772 waves=1168 uncovered_wait=24.690s dispatch=6.450s
[retain] enabled=false cap_gb=8 layers=63..=92 consults=0 wanted=0 hits=0 inserts=0 served=0.0MB
[summer] enabled=false cap_gb=8 sample=16 consults=0 wanted=0 hits=0 hit_rate=0.0% misses=0 inserts=0 evictions=0 recycled=0 allocs=0 pin_skips=0 gated=0 ramp=2..50 bar=0 suppressed=0 wide_skips=0 served=0.0MB copied=0.0MB ssd_avoided=0.0GB live=0/0.0GB model=0 protected=0 declined=0 topup_suppressed=0 aged=0 into=0/0/0 pending=0
[mirror-split] internal=0 K3C=0 K3B=0 K3A=0  shares=0%/0%/0%/0%
[phases] mono=418423.397448 chunks=38 sequence=77.993s read_wait=0.170s bind_upload=1.591s attention_resident=5.919s expert_read_prefetch=28.330s expert_demand_read=17.021s expert_plan=2.733s expert_hint=0.000s expert_submit=0.000s expert_kernel=41.270s source_fence=0.000s tail_head_sync=0.596s layer_other=0.080s expert_read_gross=25.597s plan_hint=2.634s plan_sched=0.098s attn_total=7.450s attn_encode=2.006s attn_wait=4.754s attn_drain=0.690s kernel_total=20.966s kernel_host=1.006s kernel_wait=5.811s kernel_drain=14.149s
[attn-split] single: calls=3348 total=3.074s encode=1.080s wait=1.304s drain=0.690s waits=5796 untimed=1164 | wide: calls=372 total=4.376s encode=0.926s wait=3.450s drain=0.000s waits=368 untimed=368 | hint: calls=3680 total=2.793s encode=0.009s wait=2.784s drain=0.000s waits=3761 untimed=3761
[kernel-split] single: calls=3577 total=14.163s encode=0.341s wait=0.179s drain=13.643s waits=3809 untimed=2919 | wide: calls=997 total=6.803s encode=0.666s wait=5.632s drain=0.505s waits=997 untimed=0
[kernel-sub] materialize=0.332s moe=6.512s precommit=13.689s rest=0.433s
[metal-cache] calls=9402 zero_copy_wraps=390 copies=0 cache_entries=187 bindless=true
 the
[stats] generated=41 elapsed=87.009s speed=0.4712 token/s (2.122 s/token) chunks=39 committed_rows=78 verify_tx=3 drafts=2/12 layer_passes=3627 expert_rows=7176 expert_tiles=4086
[verify-width] w1=0 w2=2 w3=0 w4=0 w5=0 w6=0 w7=0 w8+=1              (w1 share 0.0% of 3 transactions)
[opens] expert file opens=219455 total=2.404s mean=0.011ms requested_bytes=2210344926400 (2210.3 GB)
[split-eta] chunks served hot=38716 dir_c=22115 dir_b=48972 primary=96483
[arrival] tiles=773 waves=1174 uncovered_wait=24.698s dispatch=6.457s
[retain] enabled=false cap_gb=8 layers=63..=92 consults=0 wanted=0 hits=0 inserts=0 served=0.0MB
[summer] enabled=false cap_gb=8 sample=16 consults=0 wanted=0 hits=0 hit_rate=0.0% misses=0 inserts=0 evictions=0 recycled=0 allocs=0 pin_skips=0 gated=0 ramp=2..50 bar=0 suppressed=0 wide_skips=0 served=0.0MB copied=0.0MB ssd_avoided=0.0GB live=0/0.0GB model=0 protected=0 declined=0 topup_suppressed=0 aged=0 into=0/0/0 pending=0
[mirror-split] internal=0 K3C=0 K3B=0 K3A=0  shares=0%/0%/0%/0%
[phases] mono=418424.642313 chunks=39 sequence=79.236s read_wait=0.170s bind_upload=1.591s attention_resident=6.004s expert_read_prefetch=29.039s expert_demand_read=17.476s expert_plan=2.804s expert_hint=0.000s expert_submit=0.000s expert_kernel=41.702s source_fence=0.000s tail_head_sync=0.612s layer_other=0.081s expert_read_gross=26.235s plan_hint=2.704s plan_sched=0.099s attn_total=7.535s attn_encode=2.032s attn_wait=4.790s attn_drain=0.713s kernel_total=21.390s kernel_host=1.015s kernel_wait=5.815s kernel_drain=14.560s
[attn-split] single: calls=3441 total=3.158s encode=1.106s wait=1.340s drain=0.713s waits=5957 untimed=1192 | wide: calls=372 total=4.376s encode=0.926s wait=3.450s drain=0.000s waits=368 untimed=368 | hint: calls=3772 total=2.863s encode=0.009s wait=2.854s drain=0.000s waits=3852 untimed=3852
[kernel-split] single: calls=3674 total=14.588s encode=0.349s wait=0.183s drain=14.055s waits=3912 untimed=3002 | wide: calls=997 total=6.803s encode=0.666s wait=5.632s drain=0.505s waits=997 untimed=0
[kernel-sub] materialize=0.332s moe=6.519s precommit=14.102s rest=0.437s
[metal-cache] calls=9499 zero_copy_wraps=390 copies=0 cache_entries=187 bindless=true
 end
[stats] generated=42 elapsed=88.324s speed=0.4755 token/s (2.103 s/token) chunks=40 committed_rows=79 verify_tx=3 drafts=2/12 layer_passes=3720 expert_rows=7268 expert_tiles=4178
[verify-width] w1=0 w2=2 w3=0 w4=0 w5=0 w6=0 w7=0 w8+=1              (w1 share 0.0% of 3 transactions)
[opens] expert file opens=225082 total=2.462s mean=0.011ms requested_bytes=2247080213696 (2247.1 GB)
[split-eta] chunks served hot=39504 dir_c=22497 dir_b=50000 primary=98472
[arrival] tiles=774 waves=1182 uncovered_wait=24.707s dispatch=6.465s
[retain] enabled=false cap_gb=8 layers=63..=92 consults=0 wanted=0 hits=0 inserts=0 served=0.0MB
[summer] enabled=false cap_gb=8 sample=16 consults=0 wanted=0 hits=0 hit_rate=0.0% misses=0 inserts=0 evictions=0 recycled=0 allocs=0 pin_skips=0 gated=0 ramp=2..50 bar=0 suppressed=0 wide_skips=0 served=0.0MB copied=0.0MB ssd_avoided=0.0GB live=0/0.0GB model=0 protected=0 declined=0 topup_suppressed=0 aged=0 into=0/0/0 pending=0
[mirror-split] internal=0 K3C=0 K3B=0 K3A=0  shares=0%/0%/0%/0%
[phases] mono=418425.957802 chunks=40 sequence=80.550s read_wait=0.170s bind_upload=1.591s attention_resident=6.096s expert_read_prefetch=29.829s expert_demand_read=17.977s expert_plan=2.880s expert_hint=0.000s expert_submit=0.000s expert_kernel=42.116s source_fence=0.000s tail_head_sync=0.628s layer_other=0.083s expert_read_gross=26.949s plan_hint=2.779s plan_sched=0.100s attn_total=7.627s attn_encode=2.073s attn_wait=4.820s attn_drain=0.733s kernel_total=21.796s kernel_host=1.024s kernel_wait=5.820s kernel_drain=14.952s
[attn-split] single: calls=3534 total=3.251s encode=1.147s wait=1.370s drain=0.733s waits=6118 untimed=1220 | wide: calls=372 total=4.376s encode=0.926s wait=3.450s drain=0.000s waits=368 untimed=368 | hint: calls=3864 total=2.938s encode=0.009s wait=2.928s drain=0.000s waits=3943 untimed=3943
[kernel-split] single: calls=3773 total=14.993s encode=0.358s wait=0.188s drain=14.447s waits=4019 untimed=3088 | wide: calls=997 total=6.803s encode=0.666s wait=5.632s drain=0.505s waits=997 untimed=0
[kernel-sub] materialize=0.332s moe=6.527s precommit=14.496s rest=0.442s
[metal-cache] calls=9598 zero_copy_wraps=390 copies=0 cache_entries=187 bindless=true
 consumer
[stats] generated=43 elapsed=89.574s speed=0.4800 token/s (2.083 s/token) chunks=41 committed_rows=80 verify_tx=3 drafts=2/12 layer_passes=3813 expert_rows=7360 expert_tiles=4270
[verify-width] w1=0 w2=2 w3=0 w4=0 w5=0 w6=0 w7=0 w8+=1              (w1 share 0.0% of 3 transactions)
[opens] expert file opens=230338 total=2.517s mean=0.011ms requested_bytes=2282192354496 (2282.2 GB)
[split-eta] chunks served hot=40271 dir_c=22884 dir_b=50967 primary=100353
[arrival] tiles=775 waves=1189 uncovered_wait=24.716s dispatch=6.475s
[retain] enabled=false cap_gb=8 layers=63..=92 consults=0 wanted=0 hits=0 inserts=0 served=0.0MB
[summer] enabled=false cap_gb=8 sample=16 consults=0 wanted=0 hits=0 hit_rate=0.0% misses=0 inserts=0 evictions=0 recycled=0 allocs=0 pin_skips=0 gated=0 ramp=2..50 bar=0 suppressed=0 wide_skips=0 served=0.0MB copied=0.0MB ssd_avoided=0.0GB live=0/0.0GB model=0 protected=0 declined=0 topup_suppressed=0 aged=0 into=0/0/0 pending=0
[mirror-split] internal=0 K3C=0 K3B=0 K3A=0  shares=0%/0%/0%/0%
[phases] mono=418427.207799 chunks=41 sequence=81.799s read_wait=0.170s bind_upload=1.591s attention_resident=6.172s expert_read_prefetch=30.545s expert_demand_read=18.411s expert_plan=2.947s expert_hint=0.000s expert_submit=0.000s expert_kernel=42.555s source_fence=0.000s tail_head_sync=0.645s layer_other=0.084s expert_read_gross=27.598s plan_hint=2.845s plan_sched=0.101s attn_total=7.702s attn_encode=2.097s attn_wait=4.852s attn_drain=0.753s kernel_total=22.225s kernel_host=1.032s kernel_wait=5.827s kernel_drain=15.366s
[attn-split] single: calls=3627 total=3.326s encode=1.171s wait=1.402s drain=0.753s waits=6279 untimed=1258 | wide: calls=372 total=4.376s encode=0.926s wait=3.450s drain=0.000s waits=368 untimed=368 | hint: calls=3956 total=3.004s encode=0.009s wait=2.994s drain=0.000s waits=4034 untimed=4034
[kernel-split] single: calls=3871 total=15.422s encode=0.367s wait=0.194s drain=14.861s waits=4124 untimed=3171 | wide: calls=997 total=6.803s encode=0.666s wait=5.632s drain=0.505s waits=997 untimed=0
[kernel-sub] materialize=0.332s moe=6.536s precommit=14.911s rest=0.446s
[metal-cache] calls=9696 zero_copy_wraps=390 copies=0 cache_entries=187 bindless=true
,
[stats] generated=44 elapsed=90.860s speed=0.4843 token/s (2.065 s/token) chunks=42 committed_rows=81 verify_tx=3 drafts=2/12 layer_passes=3906 expert_rows=7452 expert_tiles=4362
[verify-width] w1=0 w2=2 w3=0 w4=0 w5=0 w6=0 w7=0 w8+=1              (w1 share 0.0% of 3 transactions)
[opens] expert file opens=235821 total=2.575s mean=0.011ms requested_bytes=2318067793088 (2318.1 GB)
[split-eta] chunks served hot=41052 dir_c=23281 dir_b=51959 primary=102272
[arrival] tiles=776 waves=1197 uncovered_wait=24.727s dispatch=6.481s
[retain] enabled=false cap_gb=8 layers=63..=92 consults=0 wanted=0 hits=0 inserts=0 served=0.0MB
[summer] enabled=false cap_gb=8 sample=16 consults=0 wanted=0 hits=0 hit_rate=0.0% misses=0 inserts=0 evictions=0 recycled=0 allocs=0 pin_skips=0 gated=0 ramp=2..50 bar=0 suppressed=0 wide_skips=0 served=0.0MB copied=0.0MB ssd_avoided=0.0GB live=0/0.0GB model=0 protected=0 declined=0 topup_suppressed=0 aged=0 into=0/0/0 pending=0
[mirror-split] internal=0 K3C=0 K3B=0 K3A=0  shares=0%/0%/0%/0%
[phases] mono=418428.493236 chunks=42 sequence=83.083s read_wait=0.170s bind_upload=1.591s attention_resident=6.241s expert_read_prefetch=31.338s expert_demand_read=18.899s expert_plan=3.028s expert_hint=0.000s expert_submit=0.000s expert_kernel=42.960s source_fence=0.000s tail_head_sync=0.661s layer_other=0.085s expert_read_gross=28.309s plan_hint=2.925s plan_sched=0.103s attn_total=7.772s attn_encode=2.119s attn_wait=4.889s attn_drain=0.764s kernel_total=22.619s kernel_host=1.041s kernel_wait=5.831s kernel_drain=15.747s
[attn-split] single: calls=3720 total=3.395s encode=1.193s wait=1.439s drain=0.764s waits=6440 untimed=1293 | wide: calls=372 total=4.376s encode=0.926s wait=3.450s drain=0.000s waits=368 untimed=368 | hint: calls=4048 total=3.083s encode=0.010s wait=3.074s drain=0.000s waits=4125 untimed=4125
[kernel-split] single: calls=3970 total=15.816s encode=0.376s wait=0.198s drain=15.242s waits=4231 untimed=3249 | wide: calls=997 total=6.803s encode=0.666s wait=5.632s drain=0.505s waits=997 untimed=0
[kernel-sub] materialize=0.332s moe=6.542s precommit=15.294s rest=0.450s
[metal-cache] calls=9795 zero_copy_wraps=390 copies=0 cache_entries=187 bindless=true
 their
[stats] generated=45 elapsed=92.143s speed=0.4884 token/s (2.048 s/token) chunks=43 committed_rows=82 verify_tx=3 drafts=2/12 layer_passes=3999 expert_rows=7544 expert_tiles=4454
[verify-width] w1=0 w2=2 w3=0 w4=0 w5=0 w6=0 w7=0 w8+=1              (w1 share 0.0% of 3 transactions)
[opens] expert file opens=241267 total=2.631s mean=0.011ms requested_bytes=2353951980736 (2354.0 GB)
[split-eta] chunks served hot=41809 dir_c=23704 dir_b=52952 primary=104189
[arrival] tiles=777 waves=1204 uncovered_wait=24.735s dispatch=6.491s
[retain] enabled=false cap_gb=8 layers=63..=92 consults=0 wanted=0 hits=0 inserts=0 served=0.0MB
[summer] enabled=false cap_gb=8 sample=16 consults=0 wanted=0 hits=0 hit_rate=0.0% misses=0 inserts=0 evictions=0 recycled=0 allocs=0 pin_skips=0 gated=0 ramp=2..50 bar=0 suppressed=0 wide_skips=0 served=0.0MB copied=0.0MB ssd_avoided=0.0GB live=0/0.0GB model=0 protected=0 declined=0 topup_suppressed=0 aged=0 into=0/0/0 pending=0
[mirror-split] internal=0 K3C=0 K3B=0 K3A=0  shares=0%/0%/0%/0%
[phases] mono=418429.776608 chunks=43 sequence=84.365s read_wait=0.170s bind_upload=1.591s attention_resident=6.321s expert_read_prefetch=32.080s expert_demand_read=19.343s expert_plan=3.103s expert_hint=0.000s expert_submit=0.000s expert_kernel=43.398s source_fence=0.000s tail_head_sync=0.681s layer_other=0.086s expert_read_gross=28.977s plan_hint=2.998s plan_sched=0.103s attn_total=7.852s attn_encode=2.143s attn_wait=4.929s attn_drain=0.780s kernel_total=23.049s kernel_host=1.051s kernel_wait=5.837s kernel_drain=16.160s
[attn-split] single: calls=3813 total=3.475s encode=1.216s wait=1.479s drain=0.780s waits=6601 untimed=1323 | wide: calls=372 total=4.376s encode=0.926s wait=3.450s drain=0.000s waits=368 untimed=368 | hint: calls=4140 total=3.157s encode=0.010s wait=3.147s drain=0.000s waits=4216 untimed=4216
[kernel-split] single: calls=4068 total=16.246s encode=0.385s wait=0.205s drain=15.655s waits=4336 untimed=3332 | wide: calls=997 total=6.803s encode=0.666s wait=5.632s drain=0.505s waits=997 untimed=0
[kernel-sub] materialize=0.332s moe=6.553s precommit=15.709s rest=0.454s
[metal-cache] calls=9893 zero_copy_wraps=390 copies=0 cache_entries=187 bindless=true
[route-chain] chained=2760
[route-chain] dedup_hits=2760
 mechanics
[stats] generated=46 elapsed=93.348s speed=0.4928 token/s (2.029 s/token) chunks=44 committed_rows=83 verify_tx=3 drafts=2/12 layer_passes=4092 expert_rows=7636 expert_tiles=4546
[verify-width] w1=0 w2=2 w3=0 w4=0 w5=0 w6=0 w7=0 w8+=1              (w1 share 0.0% of 3 transactions)
[opens] expert file opens=246401 total=2.687s mean=0.011ms requested_bytes=2388476345536 (2388.5 GB)
[split-eta] chunks served hot=42553 dir_c=24120 dir_b=53892 primary=106024
[arrival] tiles=778 waves=1212 uncovered_wait=24.745s dispatch=6.499s
[retain] enabled=false cap_gb=8 layers=63..=92 consults=0 wanted=0 hits=0 inserts=0 served=0.0MB
[summer] enabled=false cap_gb=8 sample=16 consults=0 wanted=0 hits=0 hit_rate=0.0% misses=0 inserts=0 evictions=0 recycled=0 allocs=0 pin_skips=0 gated=0 ramp=2..50 bar=0 suppressed=0 wide_skips=0 served=0.0MB copied=0.0MB ssd_avoided=0.0GB live=0/0.0GB model=0 protected=0 declined=0 topup_suppressed=0 aged=0 into=0/0/0 pending=0
[mirror-split] internal=0 K3C=0 K3B=0 K3A=0  shares=0%/0%/0%/0%
[phases] mono=418430.981622 chunks=44 sequence=85.569s read_wait=0.170s bind_upload=1.591s attention_resident=6.407s expert_read_prefetch=32.775s expert_demand_read=19.769s expert_plan=3.166s expert_hint=0.000s expert_submit=0.000s expert_kernel=43.813s source_fence=0.000s tail_head_sync=0.687s layer_other=0.088s expert_read_gross=29.609s plan_hint=3.060s plan_sched=0.104s attn_total=7.937s attn_encode=2.182s attn_wait=4.955s attn_drain=0.801s kernel_total=23.453s kernel_host=1.059s kernel_wait=5.842s kernel_drain=16.552s
[attn-split] single: calls=3906 total=3.561s encode=1.256s wait=1.505s drain=0.801s waits=6762 untimed=1353 | wide: calls=372 total=4.376s encode=0.926s wait=3.450s drain=0.000s waits=368 untimed=368 | hint: calls=4232 total=3.219s encode=0.010s wait=3.209s drain=0.000s waits=4307 untimed=4307
[kernel-split] single: calls=4167 total=16.650s encode=0.394s wait=0.210s drain=16.047s waits=4443 untimed=3408 | wide: calls=997 total=6.803s encode=0.666s wait=5.632s drain=0.505s waits=997 untimed=0
[kernel-sub] materialize=0.332s moe=6.561s precommit=16.102s rest=0.458s
[metal-cache] calls=9992 zero_copy_wraps=390 copies=0 cache_entries=187 bindless=true
 differ
[stats] generated=47 elapsed=94.555s speed=0.4971 token/s (2.012 s/token) chunks=45 committed_rows=84 verify_tx=3 drafts=2/12 layer_passes=4185 expert_rows=7728 expert_tiles=4638
[verify-width] w1=0 w2=2 w3=0 w4=0 w5=0 w6=0 w7=0 w8+=1              (w1 share 0.0% of 3 transactions)
[opens] expert file opens=251583 total=2.743s mean=0.011ms requested_bytes=2422386490560 (2422.4 GB)
[split-eta] chunks served hot=43283 dir_c=24503 dir_b=54828 primary=107840
[arrival] tiles=779 waves=1219 uncovered_wait=24.754s dispatch=6.505s
[retain] enabled=false cap_gb=8 layers=63..=92 consults=0 wanted=0 hits=0 inserts=0 served=0.0MB
[summer] enabled=false cap_gb=8 sample=16 consults=0 wanted=0 hits=0 hit_rate=0.0% misses=0 inserts=0 evictions=0 recycled=0 allocs=0 pin_skips=0 gated=0 ramp=2..50 bar=0 suppressed=0 wide_skips=0 served=0.0MB copied=0.0MB ssd_avoided=0.0GB live=0/0.0GB model=0 protected=0 declined=0 topup_suppressed=0 aged=0 into=0/0/0 pending=0
[mirror-split] internal=0 K3C=0 K3B=0 K3A=0  shares=0%/0%/0%/0%
[phases] mono=418432.188730 chunks=45 sequence=86.775s read_wait=0.170s bind_upload=1.591s attention_resident=6.474s expert_read_prefetch=33.487s expert_demand_read=20.210s expert_plan=3.236s expert_hint=0.000s expert_submit=0.000s expert_kernel=44.222s source_fence=0.000s tail_head_sync=0.703s layer_other=0.089s expert_read_gross=30.251s plan_hint=3.130s plan_sched=0.105s attn_total=8.004s attn_encode=2.205s attn_wait=4.988s attn_drain=0.811s kernel_total=23.853s kernel_host=1.067s kernel_wait=5.846s kernel_drain=16.940s
[attn-split] single: calls=3999 total=3.628s encode=1.279s wait=1.538s drain=0.811s waits=6923 untimed=1391 | wide: calls=372 total=4.376s encode=0.926s wait=3.450s drain=0.000s waits=368 untimed=368 | hint: calls=4324 total=3.288s encode=0.010s wait=3.278s drain=0.000s waits=4398 untimed=4398
[kernel-split] single: calls=4265 total=17.050s encode=0.402s wait=0.213s drain=16.435s waits=4548 untimed=3496 | wide: calls=997 total=6.803s encode=0.666s wait=5.632s drain=0.505s waits=997 untimed=0
[kernel-sub] materialize=0.332s moe=6.566s precommit=16.493s rest=0.462s
[metal-cache] calls=10090 zero_copy_wraps=390 copies=0 cache_entries=187 bindless=true
 significantly
[stats] generated=48 elapsed=95.813s speed=0.5010 token/s (1.996 s/token) chunks=46 committed_rows=85 verify_tx=3 drafts=2/12 layer_passes=4278 expert_rows=7820 expert_tiles=4730
[verify-width] w1=0 w2=2 w3=0 w4=0 w5=0 w6=0 w7=0 w8+=1              (w1 share 0.0% of 3 transactions)
[opens] expert file opens=256866 total=2.800s mean=0.011ms requested_bytes=2457867173056 (2457.9 GB)
[split-eta] chunks served hot=44066 dir_c=24907 dir_b=55794 primary=109731
[arrival] tiles=780 waves=1224 uncovered_wait=24.764s dispatch=6.510s
[retain] enabled=false cap_gb=8 layers=63..=92 consults=0 wanted=0 hits=0 inserts=0 served=0.0MB
[summer] enabled=false cap_gb=8 sample=16 consults=0 wanted=0 hits=0 hit_rate=0.0% misses=0 inserts=0 evictions=0 recycled=0 allocs=0 pin_skips=0 gated=0 ramp=2..50 bar=0 suppressed=0 wide_skips=0 served=0.0MB copied=0.0MB ssd_avoided=0.0GB live=0/0.0GB model=0 protected=0 declined=0 topup_suppressed=0 aged=0 into=0/0/0 pending=0
[mirror-split] internal=0 K3C=0 K3B=0 K3A=0  shares=0%/0%/0%/0%
[phases] mono=418433.446068 chunks=46 sequence=88.031s read_wait=0.170s bind_upload=1.591s attention_resident=6.551s expert_read_prefetch=34.237s expert_demand_read=20.671s expert_plan=3.315s expert_hint=0.000s expert_submit=0.000s expert_kernel=44.634s source_fence=0.000s tail_head_sync=0.721s layer_other=0.090s expert_read_gross=30.922s plan_hint=3.207s plan_sched=0.107s attn_total=8.080s attn_encode=2.231s attn_wait=5.020s attn_drain=0.829s kernel_total=24.256s kernel_host=1.076s kernel_wait=5.849s kernel_drain=17.331s
[attn-split] single: calls=4092 total=3.704s encode=1.305s wait=1.570s drain=0.829s waits=7084 untimed=1416 | wide: calls=372 total=4.376s encode=0.926s wait=3.450s drain=0.000s waits=368 untimed=368 | hint: calls=4416 total=3.366s encode=0.010s wait=3.355s drain=0.000s waits=4489 untimed=4489
[kernel-split] single: calls=4361 total=17.453s encode=0.411s wait=0.217s drain=16.826s waits=4649 untimed=3571 | wide: calls=997 total=6.803s encode=0.666s wait=5.632s drain=0.505s waits=997 untimed=0
[kernel-sub] materialize=0.332s moe=6.571s precommit=16.885s rest=0.467s
[metal-cache] calls=10186 zero_copy_wraps=390 copies=0 cache_entries=187 bindless=true
.


[stats] generated=49 elapsed=97.067s speed=0.5048 token/s (1.981 s/token) chunks=47 committed_rows=86 verify_tx=3 drafts=2/12 layer_passes=4371 expert_rows=7912 expert_tiles=4822
[verify-width] w1=0 w2=2 w3=0 w4=0 w5=0 w6=0 w7=0 w8+=1              (w1 share 0.0% of 3 transactions)
[opens] expert file opens=262243 total=2.863s mean=0.011ms requested_bytes=2493277633728 (2493.3 GB)
[split-eta] chunks served hot=44839 dir_c=25305 dir_b=56766 primary=111624
[arrival] tiles=781 waves=1230 uncovered_wait=24.773s dispatch=6.517s
[retain] enabled=false cap_gb=8 layers=63..=92 consults=0 wanted=0 hits=0 inserts=0 served=0.0MB
[summer] enabled=false cap_gb=8 sample=16 consults=0 wanted=0 hits=0 hit_rate=0.0% misses=0 inserts=0 evictions=0 recycled=0 allocs=0 pin_skips=0 gated=0 ramp=2..50 bar=0 suppressed=0 wide_skips=0 served=0.0MB copied=0.0MB ssd_avoided=0.0GB live=0/0.0GB model=0 protected=0 declined=0 topup_suppressed=0 aged=0 into=0/0/0 pending=0
[mirror-split] internal=0 K3C=0 K3B=0 K3A=0  shares=0%/0%/0%/0%
[phases] mono=418434.700383 chunks=47 sequence=89.284s read_wait=0.170s bind_upload=1.591s attention_resident=6.624s expert_read_prefetch=35.046s expert_demand_read=21.138s expert_plan=3.399s expert_hint=0.000s expert_submit=0.000s expert_kernel=44.987s source_fence=0.000s tail_head_sync=0.737s layer_other=0.091s expert_read_gross=31.647s plan_hint=3.290s plan_sched=0.108s attn_total=8.154s attn_encode=2.257s attn_wait=5.052s attn_drain=0.844s kernel_total=24.599s kernel_host=1.084s kernel_wait=5.853s kernel_drain=17.661s
[attn-split] single: calls=4185 total=3.777s encode=1.331s wait=1.602s drain=0.844s waits=7245 untimed=1445 | wide: calls=372 total=4.376s encode=0.926s wait=3.450s drain=0.000s waits=368 untimed=368 | hint: calls=4508 total=3.448s encode=0.011s wait=3.438s drain=0.000s waits=4580 untimed=4580
[kernel-split] single: calls=4458 total=17.796s encode=0.419s wait=0.221s drain=17.156s waits=4752 untimed=3658 | wide: calls=997 total=6.803s encode=0.666s wait=5.632s drain=0.505s waits=997 untimed=0
[kernel-sub] materialize=0.332s moe=6.578s precommit=17.218s rest=0.471s
[metal-cache] calls=10283 zero_copy_wraps=390 copies=0 cache_entries=187 bindless=true
##
[stats] generated=50 elapsed=98.293s speed=0.5087 token/s (1.966 s/token) chunks=48 committed_rows=87 verify_tx=3 drafts=2/12 layer_passes=4464 expert_rows=8004 expert_tiles=4914
[verify-width] w1=0 w2=2 w3=0 w4=0 w5=0 w6=0 w7=0 w8+=1              (w1 share 0.0% of 3 transactions)
[opens] expert file opens=267396 total=2.917s mean=0.011ms requested_bytes=2527345736896 (2527.3 GB)
[split-eta] chunks served hot=45576 dir_c=25670 dir_b=57708 primary=113463
[arrival] tiles=782 waves=1235 uncovered_wait=24.782s dispatch=6.523s
[retain] enabled=false cap_gb=8 layers=63..=92 consults=0 wanted=0 hits=0 inserts=0 served=0.0MB
[summer] enabled=false cap_gb=8 sample=16 consults=0 wanted=0 hits=0 hit_rate=0.0% misses=0 inserts=0 evictions=0 recycled=0 allocs=0 pin_skips=0 gated=0 ramp=2..50 bar=0 suppressed=0 wide_skips=0 served=0.0MB copied=0.0MB ssd_avoided=0.0GB live=0/0.0GB model=0 protected=0 declined=0 topup_suppressed=0 aged=0 into=0/0/0 pending=0
[mirror-split] internal=0 K3C=0 K3B=0 K3A=0  shares=0%/0%/0%/0%
[phases] mono=418435.926918 chunks=48 sequence=90.510s read_wait=0.170s bind_upload=1.591s attention_resident=6.720s expert_read_prefetch=35.795s expert_demand_read=21.600s expert_plan=3.477s expert_hint=0.000s expert_submit=0.000s expert_kernel=45.350s source_fence=0.000s tail_head_sync=0.753s layer_other=0.092s expert_read_gross=32.318s plan_hint=3.367s plan_sched=0.109s attn_total=8.249s attn_encode=2.304s attn_wait=5.082s attn_drain=0.864s kernel_total=24.953s kernel_host=1.093s kernel_wait=5.856s kernel_drain=18.004s
[attn-split] single: calls=4278 total=3.873s encode=1.377s wait=1.632s drain=0.864s waits=7406 untimed=1477 | wide: calls=372 total=4.376s encode=0.926s wait=3.450s drain=0.000s waits=368 untimed=368 | hint: calls=4600 total=3.526s encode=0.011s wait=3.515s drain=0.000s waits=4671 untimed=4671
[kernel-split] single: calls=4554 total=18.150s encode=0.427s wait=0.224s drain=17.498s waits=4853 untimed=3735 | wide: calls=997 total=6.803s encode=0.666s wait=5.632s drain=0.505s waits=997 untimed=0
[kernel-sub] materialize=0.332s moe=6.584s precommit=17.561s rest=0.475s
[metal-cache] calls=10379 zero_copy_wraps=390 copies=0 cache_entries=187 bindless=true
 Core
[stats] generated=51 elapsed=99.472s speed=0.5127 token/s (1.950 s/token) chunks=49 committed_rows=88 verify_tx=3 drafts=2/12 layer_passes=4557 expert_rows=8096 expert_tiles=5006
[verify-width] w1=0 w2=2 w3=0 w4=0 w5=0 w6=0 w7=0 w8+=1              (w1 share 0.0% of 3 transactions)
[opens] expert file opens=272459 total=2.972s mean=0.011ms requested_bytes=2560790920384 (2560.8 GB)
[split-eta] chunks served hot=46296 dir_c=26062 dir_b=58629 primary=115242
[arrival] tiles=783 waves=1240 uncovered_wait=24.793s dispatch=6.529s
[retain] enabled=false cap_gb=8 layers=63..=92 consults=0 wanted=0 hits=0 inserts=0 served=0.0MB
[summer] enabled=false cap_gb=8 sample=16 consults=0 wanted=0 hits=0 hit_rate=0.0% misses=0 inserts=0 evictions=0 recycled=0 allocs=0 pin_skips=0 gated=0 ramp=2..50 bar=0 suppressed=0 wide_skips=0 served=0.0MB copied=0.0MB ssd_avoided=0.0GB live=0/0.0GB model=0 protected=0 declined=0 topup_suppressed=0 aged=0 into=0/0/0 pending=0
[mirror-split] internal=0 K3C=0 K3B=0 K3A=0  shares=0%/0%/0%/0%
[phases] mono=418437.105689 chunks=49 sequence=91.688s read_wait=0.170s bind_upload=1.591s attention_resident=6.791s expert_read_prefetch=36.511s expert_demand_read=22.014s expert_plan=3.543s expert_hint=0.000s expert_submit=0.000s expert_kernel=45.722s source_fence=0.000s tail_head_sync=0.770s layer_other=0.093s expert_read_gross=32.969s plan_hint=3.432s plan_sched=0.110s attn_total=8.321s attn_encode=2.328s attn_wait=5.113s attn_drain=0.879s kernel_total=25.313s kernel_host=1.100s kernel_wait=5.860s kernel_drain=18.353s
[attn-split] single: calls=4371 total=3.944s encode=1.402s wait=1.663s drain=0.879s waits=7567 untimed=1514 | wide: calls=372 total=4.376s encode=0.926s wait=3.450s drain=0.000s waits=368 untimed=368 | hint: calls=4692 total=3.590s encode=0.011s wait=3.579s drain=0.000s waits=4762 untimed=4762
[kernel-split] single: calls=4650 total=18.510s encode=0.435s wait=0.228s drain=17.848s waits=4954 untimed=3814 | wide: calls=997 total=6.803s encode=0.666s wait=5.632s drain=0.505s waits=997 untimed=0
[kernel-sub] materialize=0.332s moe=6.590s precommit=17.912s rest=0.479s
[metal-cache] calls=10475 zero_copy_wraps=390 copies=0 cache_entries=187 bindless=true
 D
[stats] generated=52 elapsed=100.651s speed=0.5166 token/s (1.936 s/token) chunks=50 committed_rows=89 verify_tx=3 drafts=2/12 layer_passes=4650 expert_rows=8188 expert_tiles=5098
[verify-width] w1=0 w2=2 w3=0 w4=0 w5=0 w6=0 w7=0 w8+=1              (w1 share 0.0% of 3 transactions)
[opens] expert file opens=277589 total=3.027s mean=0.011ms requested_bytes=2594455436480 (2594.5 GB)
[split-eta] chunks served hot=47033 dir_c=26447 dir_b=59557 primary=117029
[arrival] tiles=784 waves=1248 uncovered_wait=24.802s dispatch=6.536s
[retain] enabled=false cap_gb=8 layers=63..=92 consults=0 wanted=0 hits=0 inserts=0 served=0.0MB
[summer] enabled=false cap_gb=8 sample=16 consults=0 wanted=0 hits=0 hit_rate=0.0% misses=0 inserts=0 evictions=0 recycled=0 allocs=0 pin_skips=0 gated=0 ramp=2..50 bar=0 suppressed=0 wide_skips=0 served=0.0MB copied=0.0MB ssd_avoided=0.0GB live=0/0.0GB model=0 protected=0 declined=0 topup_suppressed=0 aged=0 into=0/0/0 pending=0
[mirror-split] internal=0 K3C=0 K3B=0 K3A=0  shares=0%/0%/0%/0%
[phases] mono=418438.284607 chunks=50 sequence=92.865s read_wait=0.170s bind_upload=1.591s attention_resident=6.862s expert_read_prefetch=37.214s expert_demand_read=22.437s expert_plan=3.602s expert_hint=0.000s expert_submit=0.000s expert_kernel=46.117s source_fence=0.000s tail_head_sync=0.779s layer_other=0.095s expert_read_gross=33.612s plan_hint=3.490s plan_sched=0.111s attn_total=8.391s attn_encode=2.350s attn_wait=5.150s attn_drain=0.890s kernel_total=25.700s kernel_host=1.110s kernel_wait=5.864s kernel_drain=18.726s
[attn-split] single: calls=4464 total=4.014s encode=1.424s wait=1.700s drain=0.890s waits=7728 untimed=1542 | wide: calls=372 total=4.376s encode=0.926s wait=3.450s drain=0.000s waits=368 untimed=368 | hint: calls=4784 total=3.648s encode=0.011s wait=3.637s drain=0.000s waits=4853 untimed=4853
[kernel-split] single: calls=4749 total=18.897s encode=0.444s wait=0.232s drain=18.221s waits=5061 untimed=3896 | wide: calls=997 total=6.803s encode=0.666s wait=5.632s drain=0.505s waits=997 untimed=0
[kernel-sub] materialize=0.332s moe=6.597s precommit=18.287s rest=0.484s
[metal-cache] calls=10574 zero_copy_wraps=390 copies=0 cache_entries=187 bindless=true
ifferences
[stats] generated=53 elapsed=101.853s speed=0.5204 token/s (1.922 s/token) chunks=51 committed_rows=90 verify_tx=3 drafts=2/12 layer_passes=4743 expert_rows=8280 expert_tiles=5190
[verify-width] w1=0 w2=2 w3=0 w4=0 w5=0 w6=0 w7=0 w8+=1              (w1 share 0.0% of 3 transactions)
[opens] expert file opens=282679 total=3.081s mean=0.011ms requested_bytes=2628576132288 (2628.6 GB)
[split-eta] chunks served hot=47784 dir_c=26848 dir_b=60486 primary=118837
[arrival] tiles=785 waves=1255 uncovered_wait=24.811s dispatch=6.543s
[retain] enabled=false cap_gb=8 layers=63..=92 consults=0 wanted=0 hits=0 inserts=0 served=0.0MB
[summer] enabled=false cap_gb=8 sample=16 consults=0 wanted=0 hits=0 hit_rate=0.0% misses=0 inserts=0 evictions=0 recycled=0 allocs=0 pin_skips=0 gated=0 ramp=2..50 bar=0 suppressed=0 wide_skips=0 served=0.0MB copied=0.0MB ssd_avoided=0.0GB live=0/0.0GB model=0 protected=0 declined=0 topup_suppressed=0 aged=0 into=0/0/0 pending=0
[mirror-split] internal=0 K3C=0 K3B=0 K3A=0  shares=0%/0%/0%/0%
[phases] mono=418439.486697 chunks=51 sequence=94.066s read_wait=0.170s bind_upload=1.591s attention_resident=6.937s expert_read_prefetch=37.916s expert_demand_read=22.864s expert_plan=3.684s expert_hint=0.000s expert_submit=0.000s expert_kernel=46.521s source_fence=0.000s tail_head_sync=0.796s layer_other=0.096s expert_read_gross=34.232s plan_hint=3.571s plan_sched=0.112s attn_total=8.466s attn_encode=2.375s attn_wait=5.182s attn_drain=0.910s kernel_total=26.095s kernel_host=1.118s kernel_wait=5.869s kernel_drain=19.109s
[attn-split] single: calls=4557 total=4.090s encode=1.448s wait=1.732s drain=0.910s waits=7889 untimed=1579 | wide: calls=372 total=4.376s encode=0.926s wait=3.450s drain=0.000s waits=368 untimed=368 | hint: calls=4876 total=3.729s encode=0.011s wait=3.718s drain=0.000s waits=4944 untimed=4944
[kernel-split] single: calls=4847 total=19.292s encode=0.452s wait=0.237s drain=18.603s waits=5166 untimed=3979 | wide: calls=997 total=6.803s encode=0.666s wait=5.632s drain=0.505s waits=997 untimed=0
[kernel-sub] materialize=0.332s moe=6.604s precommit=18.671s rest=0.488s
[metal-cache] calls=10672 zero_copy_wraps=390 copies=0 cache_entries=187 bindless=true



[stats] generated=54 elapsed=103.141s speed=0.5236 token/s (1.910 s/token) chunks=52 committed_rows=91 verify_tx=3 drafts=2/12 layer_passes=4836 expert_rows=8372 expert_tiles=5282
[verify-width] w1=0 w2=2 w3=0 w4=0 w5=0 w6=0 w7=0 w8+=1              (w1 share 0.0% of 3 transactions)
[opens] expert file opens=288047 total=3.138s mean=0.011ms requested_bytes=2664504212672 (2664.5 GB)
[split-eta] chunks served hot=48558 dir_c=27252 dir_b=61477 primary=120763
[arrival] tiles=786 waves=1263 uncovered_wait=24.821s dispatch=6.550s
[retain] enabled=false cap_gb=8 layers=63..=92 consults=0 wanted=0 hits=0 inserts=0 served=0.0MB
[summer] enabled=false cap_gb=8 sample=16 consults=0 wanted=0 hits=0 hit_rate=0.0% misses=0 inserts=0 evictions=0 recycled=0 allocs=0 pin_skips=0 gated=0 ramp=2..50 bar=0 suppressed=0 wide_skips=0 served=0.0MB copied=0.0MB ssd_avoided=0.0GB live=0/0.0GB model=0 protected=0 declined=0 topup_suppressed=0 aged=0 into=0/0/0 pending=0
[mirror-split] internal=0 K3C=0 K3B=0 K3A=0  shares=0%/0%/0%/0%
[phases] mono=418440.774036 chunks=52 sequence=95.352s read_wait=0.170s bind_upload=1.591s attention_resident=7.030s expert_read_prefetch=38.679s expert_demand_read=23.322s expert_plan=3.759s expert_hint=0.000s expert_submit=0.000s expert_kernel=46.935s source_fence=0.000s tail_head_sync=0.812s layer_other=0.097s expert_read_gross=34.920s plan_hint=3.644s plan_sched=0.113s attn_total=8.558s attn_encode=2.415s attn_wait=5.212s attn_drain=0.931s kernel_total=26.498s kernel_host=1.126s kernel_wait=5.873s kernel_drain=19.499s
[attn-split] single: calls=4650 total=4.182s encode=1.489s wait=1.762s drain=0.931s waits=8050 untimed=1613 | wide: calls=372 total=4.376s encode=0.926s wait=3.450s drain=0.000s waits=368 untimed=368 | hint: calls=4968 total=3.803s encode=0.011s wait=3.791s drain=0.000s waits=5035 untimed=5035
[kernel-split] single: calls=4946 total=19.696s encode=0.461s wait=0.241s drain=18.994s waits=5273 untimed=4066 | wide: calls=997 total=6.803s encode=0.666s wait=5.632s drain=0.505s waits=997 untimed=0
[kernel-sub] materialize=0.332s moe=6.611s precommit=19.063s rest=0.492s
[metal-cache] calls=10771 zero_copy_wraps=390 copies=0 cache_entries=187 bindless=true
|
[stats] generated=55 elapsed=104.383s speed=0.5269 token/s (1.898 s/token) chunks=53 committed_rows=92 verify_tx=3 drafts=2/12 layer_passes=4929 expert_rows=8464 expert_tiles=5374
[verify-width] w1=0 w2=2 w3=0 w4=0 w5=0 w6=0 w7=0 w8+=1              (w1 share 0.0% of 3 transactions)
[opens] expert file opens=293343 total=3.192s mean=0.011ms requested_bytes=2699291720896 (2699.3 GB)
[split-eta] chunks served hot=49311 dir_c=27635 dir_b=62442 primary=122627
[arrival] tiles=787 waves=1267 uncovered_wait=24.830s dispatch=6.557s
[retain] enabled=false cap_gb=8 layers=63..=92 consults=0 wanted=0 hits=0 inserts=0 served=0.0MB
[summer] enabled=false cap_gb=8 sample=16 consults=0 wanted=0 hits=0 hit_rate=0.0% misses=0 inserts=0 evictions=0 recycled=0 allocs=0 pin_skips=0 gated=0 ramp=2..50 bar=0 suppressed=0 wide_skips=0 served=0.0MB copied=0.0MB ssd_avoided=0.0GB live=0/0.0GB model=0 protected=0 declined=0 topup_suppressed=0 aged=0 into=0/0/0 pending=0
[mirror-split] internal=0 K3C=0 K3B=0 K3A=0  shares=0%/0%/0%/0%
[phases] mono=418442.016794 chunks=53 sequence=96.594s read_wait=0.170s bind_upload=1.591s attention_resident=7.104s expert_read_prefetch=39.393s expert_demand_read=23.721s expert_plan=3.831s expert_hint=0.000s expert_submit=0.000s expert_kernel=47.370s source_fence=0.000s tail_head_sync=0.828s layer_other=0.099s expert_read_gross=35.562s plan_hint=3.715s plan_sched=0.114s attn_total=8.633s attn_encode=2.438s attn_wait=5.247s attn_drain=0.948s kernel_total=26.923s kernel_host=1.134s kernel_wait=5.877s kernel_drain=19.912s
[attn-split] single: calls=4743 total=4.256s encode=1.511s wait=1.797s drain=0.948s waits=8211 untimed=1653 | wide: calls=372 total=4.376s encode=0.926s wait=3.450s drain=0.000s waits=368 untimed=368 | hint: calls=5060 total=3.874s encode=0.012s wait=3.862s drain=0.000s waits=5126 untimed=5126
[kernel-split] single: calls=5041 total=20.121s encode=0.469s wait=0.245s drain=19.407s waits=5372 untimed=4152 | wide: calls=997 total=6.803s encode=0.666s wait=5.632s drain=0.505s waits=997 untimed=0
[kernel-sub] materialize=0.332s moe=6.617s precommit=19.478s rest=0.497s
[metal-cache] calls=10866 zero_copy_wraps=390 copies=0 cache_entries=187 bindless=true
 Feature
[stats] generated=56 elapsed=105.571s speed=0.5304 token/s (1.885 s/token) chunks=54 committed_rows=93 verify_tx=3 drafts=2/12 layer_passes=5022 expert_rows=8556 expert_tiles=5466
[verify-width] w1=0 w2=2 w3=0 w4=0 w5=0 w6=0 w7=0 w8+=1              (w1 share 0.0% of 3 transactions)
[opens] expert file opens=298314 total=3.246s mean=0.011ms requested_bytes=2732763200704 (2732.8 GB)
[split-eta] chunks served hot=50047 dir_c=28010 dir_b=63364 primary=124409
[arrival] tiles=788 waves=1275 uncovered_wait=24.839s dispatch=6.564s
[retain] enabled=false cap_gb=8 layers=63..=92 consults=0 wanted=0 hits=0 inserts=0 served=0.0MB
[summer] enabled=false cap_gb=8 sample=16 consults=0 wanted=0 hits=0 hit_rate=0.0% misses=0 inserts=0 evictions=0 recycled=0 allocs=0 pin_skips=0 gated=0 ramp=2..50 bar=0 suppressed=0 wide_skips=0 served=0.0MB copied=0.0MB ssd_avoided=0.0GB live=0/0.0GB model=0 protected=0 declined=0 topup_suppressed=0 aged=0 into=0/0/0 pending=0
[mirror-split] internal=0 K3C=0 K3B=0 K3A=0  shares=0%/0%/0%/0%
[phases] mono=418443.204848 chunks=54 sequence=97.781s read_wait=0.170s bind_upload=1.591s attention_resident=7.177s expert_read_prefetch=40.126s expert_demand_read=24.160s expert_plan=3.914s expert_hint=0.000s expert_submit=0.000s expert_kernel=47.733s source_fence=0.000s tail_head_sync=0.846s layer_other=0.100s expert_read_gross=36.212s plan_hint=3.797s plan_sched=0.115s attn_total=8.705s attn_encode=2.463s attn_wait=5.281s attn_drain=0.961s kernel_total=27.277s kernel_host=1.144s kernel_wait=5.882s kernel_drain=20.252s
[attn-split] single: calls=4836 total=4.329s encode=1.537s wait=1.831s drain=0.961s waits=8372 untimed=1686 | wide: calls=372 total=4.376s encode=0.926s wait=3.450s drain=0.000s waits=368 untimed=368 | hint: calls=5152 total=3.955s encode=0.012s wait=3.943s drain=0.000s waits=5217 untimed=5217
[kernel-split] single: calls=5140 total=20.475s encode=0.478s wait=0.250s drain=19.747s waits=5479 untimed=4238 | wide: calls=997 total=6.803s encode=0.666s wait=5.632s drain=0.505s waits=997 untimed=0
[kernel-sub] materialize=0.332s moe=6.625s precommit=19.820s rest=0.501s
[metal-cache] calls=10965 zero_copy_wraps=390 copies=0 cache_entries=187 bindless=true
[route-chain] chained=3450
[route-chain] dedup_hits=3450
 |
[stats] generated=57 elapsed=106.779s speed=0.5338 token/s (1.873 s/token) chunks=55 committed_rows=94 verify_tx=3 drafts=2/12 layer_passes=5115 expert_rows=8648 expert_tiles=5558
[verify-width] w1=0 w2=2 w3=0 w4=0 w5=0 w6=0 w7=0 w8+=1              (w1 share 0.0% of 3 transactions)
[opens] expert file opens=303436 total=3.300s mean=0.011ms requested_bytes=2766673411264 (2766.7 GB)
[split-eta] chunks served hot=50790 dir_c=28386 dir_b=64299 primary=126220
[arrival] tiles=789 waves=1281 uncovered_wait=24.848s dispatch=6.571s
[retain] enabled=false cap_gb=8 layers=63..=92 consults=0 wanted=0 hits=0 inserts=0 served=0.0MB
[summer] enabled=false cap_gb=8 sample=16 consults=0 wanted=0 hits=0 hit_rate=0.0% misses=0 inserts=0 evictions=0 recycled=0 allocs=0 pin_skips=0 gated=0 ramp=2..50 bar=0 suppressed=0 wide_skips=0 served=0.0MB copied=0.0MB ssd_avoided=0.0GB live=0/0.0GB model=0 protected=0 declined=0 topup_suppressed=0 aged=0 into=0/0/0 pending=0
[mirror-split] internal=0 K3C=0 K3B=0 K3A=0  shares=0%/0%/0%/0%
[phases] mono=418444.412302 chunks=55 sequence=98.987s read_wait=0.170s bind_upload=1.591s attention_resident=7.247s expert_read_prefetch=40.906s expert_demand_read=24.617s expert_plan=3.989s expert_hint=0.000s expert_submit=0.000s expert_kernel=48.071s source_fence=0.000s tail_head_sync=0.862s layer_other=0.101s expert_read_gross=36.917s plan_hint=3.871s plan_sched=0.116s attn_total=8.775s attn_encode=2.488s attn_wait=5.311s attn_drain=0.975s kernel_total=27.607s kernel_host=1.152s kernel_wait=5.886s kernel_drain=20.569s
[attn-split] single: calls=4929 total=4.398s encode=1.562s wait=1.861s drain=0.975s waits=8533 untimed=1724 | wide: calls=372 total=4.376s encode=0.926s wait=3.450s drain=0.000s waits=368 untimed=368 | hint: calls=5244 total=4.029s encode=0.012s wait=4.017s drain=0.000s waits=5308 untimed=5308
[kernel-split] single: calls=5237 total=20.804s encode=0.486s wait=0.254s drain=20.064s waits=5582 untimed=4320 | wide: calls=997 total=6.803s encode=0.666s wait=5.632s drain=0.505s waits=997 untimed=0
[kernel-sub] materialize=0.332s moe=6.631s precommit=20.138s rest=0.505s
[metal-cache] calls=11062 zero_copy_wraps=390 copies=0 cache_entries=187 bindless=true
 VAT
[stats] generated=58 elapsed=108.023s speed=0.5369 token/s (1.862 s/token) chunks=56 committed_rows=95 verify_tx=3 drafts=2/12 layer_passes=5208 expert_rows=8740 expert_tiles=5650
[verify-width] w1=0 w2=2 w3=0 w4=0 w5=0 w6=0 w7=0 w8+=1              (w1 share 0.0% of 3 transactions)
[opens] expert file opens=308547 total=3.357s mean=0.011ms requested_bytes=2801697848512 (2801.7 GB)
[split-eta] chunks served hot=51570 dir_c=28789 dir_b=65251 primary=128077
[arrival] tiles=790 waves=1285 uncovered_wait=24.859s dispatch=6.577s
[retain] enabled=false cap_gb=8 layers=63..=92 consults=0 wanted=0 hits=0 inserts=0 served=0.0MB
[summer] enabled=false cap_gb=8 sample=16 consults=0 wanted=0 hits=0 hit_rate=0.0% misses=0 inserts=0 evictions=0 recycled=0 allocs=0 pin_skips=0 gated=0 ramp=2..50 bar=0 suppressed=0 wide_skips=0 served=0.0MB copied=0.0MB ssd_avoided=0.0GB live=0/0.0GB model=0 protected=0 declined=0 topup_suppressed=0 aged=0 into=0/0/0 pending=0
[mirror-split] internal=0 K3C=0 K3B=0 K3A=0  shares=0%/0%/0%/0%
[phases] mono=418445.656680 chunks=56 sequence=100.229s read_wait=0.170s bind_upload=1.591s attention_resident=7.341s expert_read_prefetch=41.660s expert_demand_read=25.072s expert_plan=4.069s expert_hint=0.000s expert_submit=0.000s expert_kernel=48.447s source_fence=0.000s tail_head_sync=0.879s layer_other=0.102s expert_read_gross=37.591s plan_hint=3.950s plan_sched=0.118s attn_total=8.869s attn_encode=2.532s attn_wait=5.345s attn_drain=0.992s kernel_total=27.972s kernel_host=1.160s kernel_wait=5.889s kernel_drain=20.923s
[attn-split] single: calls=5022 total=4.493s encode=1.605s wait=1.895s drain=0.992s waits=8694 untimed=1767 | wide: calls=372 total=4.376s encode=0.926s wait=3.450s drain=0.000s waits=368 untimed=368 | hint: calls=5336 total=4.109s encode=0.012s wait=4.096s drain=0.000s waits=5399 untimed=5399
[kernel-split] single: calls=5332 total=21.169s encode=0.494s wait=0.257s drain=20.418s waits=5681 untimed=4403 | wide: calls=997 total=6.803s encode=0.666s wait=5.632s drain=0.505s waits=997 untimed=0
[kernel-sub] materialize=0.332s moe=6.637s precommit=20.494s rest=0.509s
[metal-cache] calls=11157 zero_copy_wraps=390 copies=0 cache_entries=187 bindless=true
 (
[stats] generated=59 elapsed=109.185s speed=0.5404 token/s (1.851 s/token) chunks=57 committed_rows=96 verify_tx=3 drafts=2/12 layer_passes=5301 expert_rows=8832 expert_tiles=5742
[verify-width] w1=0 w2=2 w3=0 w4=0 w5=0 w6=0 w7=0 w8+=1              (w1 share 0.0% of 3 transactions)
[opens] expert file opens=313545 total=3.409s mean=0.011ms requested_bytes=2835081608384 (2835.1 GB)
[split-eta] chunks served hot=52294 dir_c=29182 dir_b=66169 primary=129847
[arrival] tiles=791 waves=1290 uncovered_wait=24.868s dispatch=6.583s
[retain] enabled=false cap_gb=8 layers=63..=92 consults=0 wanted=0 hits=0 inserts=0 served=0.0MB
[summer] enabled=false cap_gb=8 sample=16 consults=0 wanted=0 hits=0 hit_rate=0.0% misses=0 inserts=0 evictions=0 recycled=0 allocs=0 pin_skips=0 gated=0 ramp=2..50 bar=0 suppressed=0 wide_skips=0 served=0.0MB copied=0.0MB ssd_avoided=0.0GB live=0/0.0GB model=0 protected=0 declined=0 topup_suppressed=0 aged=0 into=0/0/0 pending=0
[mirror-split] internal=0 K3C=0 K3B=0 K3A=0  shares=0%/0%/0%/0%
[phases] mono=418446.818224 chunks=57 sequence=101.389s read_wait=0.170s bind_upload=1.591s attention_resident=7.411s expert_read_prefetch=42.371s expert_demand_read=25.531s expert_plan=4.135s expert_hint=0.000s expert_submit=0.000s expert_kernel=48.818s source_fence=0.000s tail_head_sync=0.886s layer_other=0.103s expert_read_gross=38.236s plan_hint=4.015s plan_sched=0.119s attn_total=8.939s attn_encode=2.556s attn_wait=5.379s attn_drain=1.003s kernel_total=28.333s kernel_host=1.168s kernel_wait=5.892s kernel_drain=21.274s
[attn-split] single: calls=5115 total=4.563s encode=1.630s wait=1.929s drain=1.003s waits=8855 untimed=1811 | wide: calls=372 total=4.376s encode=0.926s wait=3.450s drain=0.000s waits=368 untimed=368 | hint: calls=5428 total=4.173s encode=0.012s wait=4.161s drain=0.000s waits=5490 untimed=5490
[kernel-split] single: calls=5428 total=21.531s encode=0.502s wait=0.260s drain=20.768s waits=5782 untimed=4489 | wide: calls=997 total=6.803s encode=0.666s wait=5.632s drain=0.505s waits=997 untimed=0
[kernel-sub] materialize=0.332s moe=6.643s precommit=20.845s rest=0.513s
[metal-cache] calls=11253 zero_copy_wraps=390 copies=0 cache_entries=187 bindless=true
Value
[stats] generated=60 elapsed=110.399s speed=0.5435 token/s (1.840 s/token) chunks=58 committed_rows=97 verify_tx=3 drafts=2/12 layer_passes=5394 expert_rows=8924 expert_tiles=5834
[verify-width] w1=0 w2=2 w3=0 w4=0 w5=0 w6=0 w7=0 w8+=1              (w1 share 0.0% of 3 transactions)
[opens] expert file opens=318554 total=3.463s mean=0.011ms requested_bytes=2869035613376 (2869.0 GB)
[split-eta] chunks served hot=53020 dir_c=29596 dir_b=67100 primary=131646
[arrival] tiles=792 waves=1295 uncovered_wait=24.877s dispatch=6.588s
[retain] enabled=false cap_gb=8 layers=63..=92 consults=0 wanted=0 hits=0 inserts=0 served=0.0MB
[summer] enabled=false cap_gb=8 sample=16 consults=0 wanted=0 hits=0 hit_rate=0.0% misses=0 inserts=0 evictions=0 recycled=0 allocs=0 pin_skips=0 gated=0 ramp=2..50 bar=0 suppressed=0 wide_skips=0 served=0.0MB copied=0.0MB ssd_avoided=0.0GB live=0/0.0GB model=0 protected=0 declined=0 topup_suppressed=0 aged=0 into=0/0/0 pending=0
[mirror-split] internal=0 K3C=0 K3B=0 K3A=0  shares=0%/0%/0%/0%
[phases] mono=418448.032592 chunks=58 sequence=102.602s read_wait=0.170s bind_upload=1.591s attention_resident=7.495s expert_read_prefetch=43.099s expert_demand_read=25.973s expert_plan=4.199s expert_hint=0.000s expert_submit=0.000s expert_kernel=49.201s source_fence=0.000s tail_head_sync=0.902s layer_other=0.104s expert_read_gross=38.900s plan_hint=4.078s plan_sched=0.120s attn_total=9.023s attn_encode=2.582s attn_wait=5.417s attn_drain=1.023s kernel_total=28.707s kernel_host=1.177s kernel_wait=5.896s kernel_drain=21.635s
[attn-split] single: calls=5208 total=4.646s encode=1.656s wait=1.967s drain=1.023s waits=9016 untimed=1842 | wide: calls=372 total=4.376s encode=0.926s wait=3.450s drain=0.000s waits=368 untimed=368 | hint: calls=5520 total=4.236s encode=0.013s wait=4.224s drain=0.000s waits=5581 untimed=5581
[kernel-split] single: calls=5524 total=21.904s encode=0.511s wait=0.264s drain=21.130s waits=5883 untimed=4569 | wide: calls=997 total=6.803s encode=0.666s wait=5.632s drain=0.505s waits=997 untimed=0
[kernel-sub] materialize=0.332s moe=6.648s precommit=21.209s rest=0.518s
[metal-cache] calls=11349 zero_copy_wraps=390 copies=0 cache_entries=187 bindless=true
 Added
[stats] generated=61 elapsed=111.663s speed=0.5463 token/s (1.831 s/token) chunks=59 committed_rows=98 verify_tx=3 drafts=2/12 layer_passes=5487 expert_rows=9016 expert_tiles=5926
[verify-width] w1=0 w2=2 w3=0 w4=0 w5=0 w6=0 w7=0 w8+=1              (w1 share 0.0% of 3 transactions)
[opens] expert file opens=323948 total=3.521s mean=0.011ms requested_bytes=2904779422912 (2904.8 GB)
[split-eta] chunks served hot=53814 dir_c=29998 dir_b=68086 primary=133538
[arrival] tiles=793 waves=1303 uncovered_wait=24.886s dispatch=6.598s
[retain] enabled=false cap_gb=8 layers=63..=92 consults=0 wanted=0 hits=0 inserts=0 served=0.0MB
[summer] enabled=false cap_gb=8 sample=16 consults=0 wanted=0 hits=0 hit_rate=0.0% misses=0 inserts=0 evictions=0 recycled=0 allocs=0 pin_skips=0 gated=0 ramp=2..50 bar=0 suppressed=0 wide_skips=0 served=0.0MB copied=0.0MB ssd_avoided=0.0GB live=0/0.0GB model=0 protected=0 declined=0 topup_suppressed=0 aged=0 into=0/0/0 pending=0
[mirror-split] internal=0 K3C=0 K3B=0 K3A=0  shares=0%/0%/0%/0%
[phases] mono=418449.296637 chunks=59 sequence=103.865s read_wait=0.170s bind_upload=1.591s attention_resident=7.572s expert_read_prefetch=43.828s expert_demand_read=26.422s expert_plan=4.277s expert_hint=0.000s expert_submit=0.000s expert_kernel=49.640s source_fence=0.000s tail_head_sync=0.919s layer_other=0.106s expert_read_gross=39.551s plan_hint=4.155s plan_sched=0.121s attn_total=9.100s attn_encode=2.605s attn_wait=5.447s attn_drain=1.047s kernel_total=29.136s kernel_host=1.186s kernel_wait=5.902s kernel_drain=22.049s
[attn-split] single: calls=5301 total=4.723s encode=1.679s wait=1.997s drain=1.047s waits=9177 untimed=1870 | wide: calls=372 total=4.376s encode=0.926s wait=3.450s drain=0.000s waits=368 untimed=368 | hint: calls=5612 total=4.313s encode=0.013s wait=4.300s drain=0.000s waits=5672 untimed=5672
[kernel-split] single: calls=5623 total=22.333s encode=0.520s wait=0.269s drain=21.544s waits=5990 untimed=4653 | wide: calls=997 total=6.803s encode=0.666s wait=5.632s drain=0.505s waits=997 untimed=0
[kernel-sub] materialize=0.332s moe=6.657s precommit=21.625s rest=0.522s
[metal-cache] calls=11448 zero_copy_wraps=390 copies=0 cache_entries=187 bindless=true
 Tax
[stats] generated=62 elapsed=112.944s speed=0.5489 token/s (1.822 s/token) chunks=60 committed_rows=99 verify_tx=3 drafts=2/12 layer_passes=5580 expert_rows=9108 expert_tiles=6018
[verify-width] w1=0 w2=2 w3=0 w4=0 w5=0 w6=0 w7=0 w8+=1              (w1 share 0.0% of 3 transactions)
[opens] expert file opens=329265 total=3.578s mean=0.011ms requested_bytes=2940567125184 (2940.6 GB)
[split-eta] chunks served hot=54589 dir_c=30402 dir_b=69071 primary=135453
[arrival] tiles=794 waves=1311 uncovered_wait=24.896s dispatch=6.608s
[retain] enabled=false cap_gb=8 layers=63..=92 consults=0 wanted=0 hits=0 inserts=0 served=0.0MB
[summer] enabled=false cap_gb=8 sample=16 consults=0 wanted=0 hits=0 hit_rate=0.0% misses=0 inserts=0 evictions=0 recycled=0 allocs=0 pin_skips=0 gated=0 ramp=2..50 bar=0 suppressed=0 wide_skips=0 served=0.0MB copied=0.0MB ssd_avoided=0.0GB live=0/0.0GB model=0 protected=0 declined=0 topup_suppressed=0 aged=0 into=0/0/0 pending=0
[mirror-split] internal=0 K3C=0 K3B=0 K3A=0  shares=0%/0%/0%/0%
[phases] mono=418450.577564 chunks=60 sequence=105.144s read_wait=0.170s bind_upload=1.591s attention_resident=7.668s expert_read_prefetch=44.576s expert_demand_read=26.887s expert_plan=4.348s expert_hint=0.000s expert_submit=0.000s expert_kernel=50.057s source_fence=0.000s tail_head_sync=0.935s layer_other=0.107s expert_read_gross=40.228s plan_hint=4.224s plan_sched=0.122s attn_total=9.195s attn_encode=2.646s attn_wait=5.473s attn_drain=1.076s kernel_total=29.544s kernel_host=1.196s kernel_wait=5.908s kernel_drain=22.441s
[attn-split] single: calls=5394 total=4.819s encode=1.720s wait=2.023s drain=1.076s waits=9338 untimed=1893 | wide: calls=372 total=4.376s encode=0.926s wait=3.450s drain=0.000s waits=368 untimed=368 | hint: calls=5704 total=4.382s encode=0.013s wait=4.369s drain=0.000s waits=5763 untimed=5763
[kernel-split] single: calls=5722 total=22.741s encode=0.530s wait=0.276s drain=21.935s waits=6097 untimed=4730 | wide: calls=997 total=6.803s encode=0.666s wait=5.632s drain=0.505s waits=997 untimed=0
[kernel-sub] materialize=0.332s moe=6.668s precommit=22.018s rest=0.526s
[metal-cache] calls=11547 zero_copy_wraps=390 copies=0 cache_entries=187 bindless=true
)
[stats] generated=63 elapsed=114.213s speed=0.5516 token/s (1.813 s/token) chunks=61 committed_rows=100 verify_tx=3 drafts=2/12 layer_passes=5673 expert_rows=9200 expert_tiles=6110
[verify-width] w1=0 w2=2 w3=0 w4=0 w5=0 w6=0 w7=0 w8+=1              (w1 share 0.0% of 3 transactions)
[opens] expert file opens=334695 total=3.634s mean=0.011ms requested_bytes=2976196885696 (2976.2 GB)
[split-eta] chunks served hot=55337 dir_c=30810 dir_b=70062 primary=137367
[arrival] tiles=795 waves=1317 uncovered_wait=24.905s dispatch=6.618s
[retain] enabled=false cap_gb=8 layers=63..=92 consults=0 wanted=0 hits=0 inserts=0 served=0.0MB
[summer] enabled=false cap_gb=8 sample=16 consults=0 wanted=0 hits=0 hit_rate=0.0% misses=0 inserts=0 evictions=0 recycled=0 allocs=0 pin_skips=0 gated=0 ramp=2..50 bar=0 suppressed=0 wide_skips=0 served=0.0MB copied=0.0MB ssd_avoided=0.0GB live=0/0.0GB model=0 protected=0 declined=0 topup_suppressed=0 aged=0 into=0/0/0 pending=0
[mirror-split] internal=0 K3C=0 K3B=0 K3A=0  shares=0%/0%/0%/0%
[phases] mono=418451.846220 chunks=61 sequence=106.412s read_wait=0.170s bind_upload=1.591s attention_resident=7.747s expert_read_prefetch=45.311s expert_demand_read=27.335s expert_plan=4.422s expert_hint=0.000s expert_submit=0.000s expert_kernel=50.494s source_fence=0.000s tail_head_sync=0.951s layer_other=0.108s expert_read_gross=40.889s plan_hint=4.297s plan_sched=0.123s attn_total=9.274s attn_encode=2.669s attn_wait=5.513s attn_drain=1.092s kernel_total=29.972s kernel_host=1.204s kernel_wait=5.915s kernel_drain=22.853s
[attn-split] single: calls=5487 total=4.898s encode=1.743s wait=2.063s drain=1.092s waits=9499 untimed=1927 | wide: calls=372 total=4.376s encode=0.926s wait=3.450s drain=0.000s waits=368 untimed=368 | hint: calls=5796 total=4.455s encode=0.013s wait=4.442s drain=0.000s waits=5854 untimed=5854
[kernel-split] single: calls=5819 total=23.169s encode=0.539s wait=0.283s drain=22.348s waits=6200 untimed=4811 | wide: calls=997 total=6.803s encode=0.666s wait=5.632s drain=0.505s waits=997 untimed=0
[kernel-sub] materialize=0.332s moe=6.677s precommit=22.432s rest=0.530s
[metal-cache] calls=11644 zero_copy_wraps=390 copies=0 cache_entries=187 bindless=true
 |
[stats] generated=64 elapsed=115.504s speed=0.5541 token/s (1.805 s/token) chunks=62 committed_rows=101 verify_tx=3 drafts=2/12 layer_passes=5766 expert_rows=9292 expert_tiles=6202
[verify-width] w1=0 w2=2 w3=0 w4=0 w5=0 w6=0 w7=0 w8+=1              (w1 share 0.0% of 3 transactions)
[opens] expert file opens=340200 total=3.689s mean=0.011ms requested_bytes=3012151327936 (3012.2 GB)
[split-eta] chunks served hot=56109 dir_c=31197 dir_b=71066 primary=139302
[arrival] tiles=796 waves=1322 uncovered_wait=24.915s dispatch=6.624s
[retain] enabled=false cap_gb=8 layers=63..=92 consults=0 wanted=0 hits=0 inserts=0 served=0.0MB
[summer] enabled=false cap_gb=8 sample=16 consults=0 wanted=0 hits=0 hit_rate=0.0% misses=0 inserts=0 evictions=0 recycled=0 allocs=0 pin_skips=0 gated=0 ramp=2..50 bar=0 suppressed=0 wide_skips=0 served=0.0MB copied=0.0MB ssd_avoided=0.0GB live=0/0.0GB model=0 protected=0 declined=0 topup_suppressed=0 aged=0 into=0/0/0 pending=0
[mirror-split] internal=0 K3C=0 K3B=0 K3A=0  shares=0%/0%/0%/0%
[phases] mono=418453.138122 chunks=62 sequence=107.692s read_wait=0.170s bind_upload=1.591s attention_resident=7.827s expert_read_prefetch=46.089s expert_demand_read=27.798s expert_plan=4.492s expert_hint=0.000s expert_submit=0.000s expert_kernel=50.898s source_fence=0.000s tail_head_sync=0.967s layer_other=0.109s expert_read_gross=41.597s plan_hint=4.367s plan_sched=0.124s attn_total=9.354s attn_encode=2.697s attn_wait=5.540s attn_drain=1.117s kernel_total=30.366s kernel_host=1.212s kernel_wait=5.918s kernel_drain=23.236s
[attn-split] single: calls=5580 total=4.978s encode=1.770s wait=2.090s drain=1.117s waits=9660 untimed=1960 | wide: calls=372 total=4.376s encode=0.926s wait=3.450s drain=0.000s waits=368 untimed=368 | hint: calls=5888 total=4.524s encode=0.013s wait=4.511s drain=0.000s waits=5945 untimed=5945
[kernel-split] single: calls=5915 total=23.563s encode=0.546s wait=0.286s drain=22.730s waits=6301 untimed=4887 | wide: calls=997 total=6.803s encode=0.666s wait=5.632s drain=0.505s waits=997 untimed=0
[kernel-sub] materialize=0.332s moe=6.684s precommit=22.816s rest=0.535s
[metal-cache] calls=11740 zero_copy_wraps=390 copies=0 cache_entries=187 bindless=true
 Sales
[stats] generated=65 elapsed=116.768s speed=0.5567 token/s (1.796 s/token) chunks=63 committed_rows=102 verify_tx=3 drafts=2/12 layer_passes=5859 expert_rows=9384 expert_tiles=6294
[verify-width] w1=0 w2=2 w3=0 w4=0 w5=0 w6=0 w7=0 w8+=1              (w1 share 0.0% of 3 transactions)
[opens] expert file opens=345412 total=3.745s mean=0.011ms requested_bytes=3047623163072 (3047.6 GB)
[split-eta] chunks served hot=56878 dir_c=31632 dir_b=72036 primary=141171
[arrival] tiles=797 waves=1327 uncovered_wait=24.924s dispatch=6.632s
[retain] enabled=false cap_gb=8 layers=63..=92 consults=0 wanted=0 hits=0 inserts=0 served=0.0MB
[summer] enabled=false cap_gb=8 sample=16 consults=0 wanted=0 hits=0 hit_rate=0.0% misses=0 inserts=0 evictions=0 recycled=0 allocs=0 pin_skips=0 gated=0 ramp=2..50 bar=0 suppressed=0 wide_skips=0 served=0.0MB copied=0.0MB ssd_avoided=0.0GB live=0/0.0GB model=0 protected=0 declined=0 topup_suppressed=0 aged=0 into=0/0/0 pending=0
[mirror-split] internal=0 K3C=0 K3B=0 K3A=0  shares=0%/0%/0%/0%
[phases] mono=418454.401102 chunks=63 sequence=108.953s read_wait=0.170s bind_upload=1.591s attention_resident=7.912s expert_read_prefetch=46.812s expert_demand_read=28.256s expert_plan=4.572s expert_hint=0.000s expert_submit=0.000s expert_kernel=51.334s source_fence=0.000s tail_head_sync=0.983s layer_other=0.111s expert_read_gross=42.240s plan_hint=4.445s plan_sched=0.125s attn_total=9.438s attn_encode=2.723s attn_wait=5.577s attn_drain=1.138s kernel_total=30.793s kernel_host=1.220s kernel_wait=5.923s kernel_drain=23.650s
[attn-split] single: calls=5673 total=5.062s encode=1.797s wait=2.127s drain=1.138s waits=9821 untimed=1983 | wide: calls=372 total=4.376s encode=0.926s wait=3.450s drain=0.000s waits=368 untimed=368 | hint: calls=5980 total=4.603s encode=0.014s wait=4.589s drain=0.000s waits=6036 untimed=6036
[kernel-split] single: calls=6011 total=23.990s encode=0.555s wait=0.291s drain=23.145s waits=6402 untimed=4966 | wide: calls=997 total=6.803s encode=0.666s wait=5.632s drain=0.505s waits=997 untimed=0
[kernel-sub] materialize=0.332s moe=6.691s precommit=23.231s rest=0.539s
[metal-cache] calls=11836 zero_copy_wraps=390 copies=0 cache_entries=187 bindless=true
 Tax
[stats] generated=66 elapsed=118.015s speed=0.5592 token/s (1.788 s/token) chunks=64 committed_rows=103 verify_tx=3 drafts=2/12 layer_passes=5952 expert_rows=9476 expert_tiles=6386
[verify-width] w1=0 w2=2 w3=0 w4=0 w5=0 w6=0 w7=0 w8+=1              (w1 share 0.0% of 3 transactions)
[opens] expert file opens=350729 total=3.801s mean=0.011ms requested_bytes=3082937105600 (3082.9 GB)
[split-eta] chunks served hot=57625 dir_c=32053 dir_b=73009 primary=143055
[arrival] tiles=798 waves=1335 uncovered_wait=24.934s dispatch=6.640s
[retain] enabled=false cap_gb=8 layers=63..=92 consults=0 wanted=0 hits=0 inserts=0 served=0.0MB
[summer] enabled=false cap_gb=8 sample=16 consults=0 wanted=0 hits=0 hit_rate=0.0% misses=0 inserts=0 evictions=0 recycled=0 allocs=0 pin_skips=0 gated=0 ramp=2..50 bar=0 suppressed=0 wide_skips=0 served=0.0MB copied=0.0MB ssd_avoided=0.0GB live=0/0.0GB model=0 protected=0 declined=0 topup_suppressed=0 aged=0 into=0/0/0 pending=0
[mirror-split] internal=0 K3C=0 K3B=0 K3A=0  shares=0%/0%/0%/0%
[phases] mono=418455.648580 chunks=64 sequence=110.198s read_wait=0.170s bind_upload=1.591s attention_resident=7.995s expert_read_prefetch=47.553s expert_demand_read=28.716s expert_plan=4.638s expert_hint=0.000s expert_submit=0.000s expert_kernel=51.745s source_fence=0.000s tail_head_sync=0.993s layer_other=0.112s expert_read_gross=42.915s plan_hint=4.510s plan_sched=0.126s attn_total=9.521s attn_encode=2.757s attn_wait=5.611s attn_drain=1.153s kernel_total=31.192s kernel_host=1.229s kernel_wait=5.928s kernel_drain=24.036s
[attn-split] single: calls=5766 total=5.145s encode=1.831s wait=2.161s drain=1.153s waits=9982 untimed=2018 | wide: calls=372 total=4.376s encode=0.926s wait=3.450s drain=0.000s waits=368 untimed=368 | hint: calls=6072 total=4.668s encode=0.014s wait=4.654s drain=0.000s waits=6127 untimed=6127
[kernel-split] single: calls=6110 total=24.389s encode=0.563s wait=0.296s drain=23.530s waits=6509 untimed=5044 | wide: calls=997 total=6.803s encode=0.666s wait=5.632s drain=0.505s waits=997 untimed=0
[kernel-sub] materialize=0.332s moe=6.699s precommit=23.618s rest=0.543s
[metal-cache] calls=11935 zero_copy_wraps=390 copies=0 cache_entries=187 bindless=true
[route-chain] chained=4140
[route-chain] dedup_hits=4140
 |

[stats] generated=67 elapsed=119.225s speed=0.5620 token/s (1.779 s/token) chunks=65 committed_rows=104 verify_tx=3 drafts=2/12 layer_passes=6045 expert_rows=9568 expert_tiles=6478
[verify-width] w1=0 w2=2 w3=0 w4=0 w5=0 w6=0 w7=0 w8+=1              (w1 share 0.0% of 3 transactions)
[opens] expert file opens=355924 total=3.854s mean=0.011ms requested_bytes=3117242088640 (3117.2 GB)
[split-eta] chunks served hot=58362 dir_c=32444 dir_b=73956 primary=144890
[arrival] tiles=799 waves=1343 uncovered_wait=24.945s dispatch=6.648s
[retain] enabled=false cap_gb=8 layers=63..=92 consults=0 wanted=0 hits=0 inserts=0 served=0.0MB
[summer] enabled=false cap_gb=8 sample=16 consults=0 wanted=0 hits=0 hit_rate=0.0% misses=0 inserts=0 evictions=0 recycled=0 allocs=0 pin_skips=0 gated=0 ramp=2..50 bar=0 suppressed=0 wide_skips=0 served=0.0MB copied=0.0MB ssd_avoided=0.0GB live=0/0.0GB model=0 protected=0 declined=0 topup_suppressed=0 aged=0 into=0/0/0 pending=0
[mirror-split] internal=0 K3C=0 K3B=0 K3A=0  shares=0%/0%/0%/0%
[phases] mono=418456.858366 chunks=65 sequence=111.407s read_wait=0.170s bind_upload=1.591s attention_resident=8.065s expert_read_prefetch=48.272s expert_demand_read=29.159s expert_plan=4.712s expert_hint=0.000s expert_submit=0.000s expert_kernel=52.148s source_fence=0.000s tail_head_sync=1.008s layer_other=0.113s expert_read_gross=43.560s plan_hint=4.583s plan_sched=0.127s attn_total=9.591s attn_encode=2.777s attn_wait=5.648s attn_drain=1.167s kernel_total=31.585s kernel_host=1.237s kernel_wait=5.933s kernel_drain=24.415s
[attn-split] single: calls=5859 total=5.215s encode=1.850s wait=2.198s drain=1.167s waits=10143 untimed=2062 | wide: calls=372 total=4.376s encode=0.926s wait=3.450s drain=0.000s waits=368 untimed=368 | hint: calls=6164 total=4.741s encode=0.014s wait=4.727s drain=0.000s waits=6218 untimed=6218
[kernel-split] single: calls=6209 total=24.782s encode=0.571s wait=0.301s drain=23.909s waits=6616 untimed=5132 | wide: calls=997 total=6.803s encode=0.666s wait=5.632s drain=0.505s waits=997 untimed=0
[kernel-sub] materialize=0.332s moe=6.707s precommit=23.999s rest=0.547s
[metal-cache] calls=12034 zero_copy_wraps=390 copies=0 cache_entries=187 bindless=true
|---------
[stats] generated=68 elapsed=120.473s speed=0.5644 token/s (1.772 s/token) chunks=66 committed_rows=105 verify_tx=3 drafts=2/12 layer_passes=6138 expert_rows=9660 expert_tiles=6570
[verify-width] w1=0 w2=2 w3=0 w4=0 w5=0 w6=0 w7=0 w8+=1              (w1 share 0.0% of 3 transactions)
[opens] expert file opens=361117 total=3.909s mean=0.011ms requested_bytes=3152319134912 (3152.3 GB)
[split-eta] chunks served hot=59108 dir_c=32881 dir_b=74922 primary=146739
[arrival] tiles=800 waves=1347 uncovered_wait=24.954s dispatch=6.653s
[retain] enabled=false cap_gb=8 layers=63..=92 consults=0 wanted=0 hits=0 inserts=0 served=0.0MB
[summer] enabled=false cap_gb=8 sample=16 consults=0 wanted=0 hits=0 hit_rate=0.0% misses=0 inserts=0 evictions=0 recycled=0 allocs=0 pin_skips=0 gated=0 ramp=2..50 bar=0 suppressed=0 wide_skips=0 served=0.0MB copied=0.0MB ssd_avoided=0.0GB live=0/0.0GB model=0 protected=0 declined=0 topup_suppressed=0 aged=0 into=0/0/0 pending=0
[mirror-split] internal=0 K3C=0 K3B=0 K3A=0  shares=0%/0%/0%/0%
[phases] mono=418458.106843 chunks=66 sequence=112.654s read_wait=0.170s bind_upload=1.591s attention_resident=8.148s expert_read_prefetch=48.989s expert_demand_read=29.565s expert_plan=4.779s expert_hint=0.000s expert_submit=0.000s expert_kernel=52.578s source_fence=0.000s tail_head_sync=1.024s layer_other=0.114s expert_read_gross=44.210s plan_hint=4.649s plan_sched=0.128s attn_total=9.674s attn_encode=2.800s attn_wait=5.690s attn_drain=1.183s kernel_total=32.006s kernel_host=1.245s kernel_wait=5.937s kernel_drain=24.823s
[attn-split] single: calls=5952 total=5.298s encode=1.874s wait=2.240s drain=1.183s waits=10304 untimed=2099 | wide: calls=372 total=4.376s encode=0.926s wait=3.450s drain=0.000s waits=368 untimed=368 | hint: calls=6256 total=4.807s encode=0.014s wait=4.792s drain=0.000s waits=6309 untimed=6309
[kernel-split] single: calls=6304 total=25.203s encode=0.579s wait=0.305s drain=24.318s waits=6715 untimed=5218 | wide: calls=997 total=6.803s encode=0.666s wait=5.632s drain=0.505s waits=997 untimed=0
[kernel-sub] materialize=0.332s moe=6.712s precommit=24.410s rest=0.551s
[metal-cache] calls=12129 zero_copy_wraps=390 copies=0 cache_entries=187 bindless=true
|----------------
[stats] generated=69 elapsed=121.738s speed=0.5668 token/s (1.764 s/token) chunks=67 committed_rows=106 verify_tx=3 drafts=2/12 layer_passes=6231 expert_rows=9752 expert_tiles=6662
[verify-width] w1=0 w2=2 w3=0 w4=0 w5=0 w6=0 w7=0 w8+=1              (w1 share 0.0% of 3 transactions)
[opens] expert file opens=366396 total=3.966s mean=0.011ms requested_bytes=3188027866304 (3188.0 GB)
[split-eta] chunks served hot=59895 dir_c=33306 dir_b=75894 primary=148625
[arrival] tiles=801 waves=1351 uncovered_wait=24.964s dispatch=6.662s
[retain] enabled=false cap_gb=8 layers=63..=92 consults=0 wanted=0 hits=0 inserts=0 served=0.0MB
[summer] enabled=false cap_gb=8 sample=16 consults=0 wanted=0 hits=0 hit_rate=0.0% misses=0 inserts=0 evictions=0 recycled=0 allocs=0 pin_skips=0 gated=0 ramp=2..50 bar=0 suppressed=0 wide_skips=0 served=0.0MB copied=0.0MB ssd_avoided=0.0GB live=0/0.0GB model=0 protected=0 declined=0 topup_suppressed=0 aged=0 into=0/0/0 pending=0
[mirror-split] internal=0 K3C=0 K3B=0 K3A=0  shares=0%/0%/0%/0%
[phases] mono=418459.371089 chunks=67 sequence=113.918s read_wait=0.170s bind_upload=1.591s attention_resident=8.234s expert_read_prefetch=49.714s expert_demand_read=30.000s expert_plan=4.852s expert_hint=0.000s expert_submit=0.000s expert_kernel=53.012s source_fence=0.000s tail_head_sync=1.040s layer_other=0.115s expert_read_gross=44.862s plan_hint=4.721s plan_sched=0.130s attn_total=9.760s attn_encode=2.824s attn_wait=5.729s attn_drain=1.207s kernel_total=32.430s kernel_host=1.254s kernel_wait=5.942s kernel_drain=25.234s
[attn-split] single: calls=6045 total=5.384s encode=1.898s wait=2.279s drain=1.207s waits=10465 untimed=2124 | wide: calls=372 total=4.376s encode=0.926s wait=3.450s drain=0.000s waits=368 untimed=368 | hint: calls=6348 total=4.878s encode=0.014s wait=4.864s drain=0.000s waits=6400 untimed=6400
[kernel-split] single: calls=6399 total=25.627s encode=0.589s wait=0.310s drain=24.729s waits=6814 untimed=5297 | wide: calls=997 total=6.803s encode=0.666s wait=5.632s drain=0.505s waits=997 untimed=0
[kernel-sub] materialize=0.332s moe=6.720s precommit=24.823s rest=0.555s
[metal-cache] calls=12224 zero_copy_wraps=390 copies=0 cache_entries=187 bindless=true
------
[stats] generated=70 elapsed=123.047s speed=0.5689 token/s (1.758 s/token) chunks=68 committed_rows=107 verify_tx=3 drafts=2/12 layer_passes=6324 expert_rows=9844 expert_tiles=6754
[verify-width] w1=0 w2=2 w3=0 w4=0 w5=0 w6=0 w7=0 w8+=1              (w1 share 0.0% of 3 transactions)
[opens] expert file opens=371759 total=4.024s mean=0.011ms requested_bytes=3224517442752 (3224.5 GB)
[split-eta] chunks served hot=60683 dir_c=33738 dir_b=76892 primary=150566
[arrival] tiles=802 waves=1355 uncovered_wait=24.972s dispatch=6.669s
[retain] enabled=false cap_gb=8 layers=63..=92 consults=0 wanted=0 hits=0 inserts=0 served=0.0MB
[summer] enabled=false cap_gb=8 sample=16 consults=0 wanted=0 hits=0 hit_rate=0.0% misses=0 inserts=0 evictions=0 recycled=0 allocs=0 pin_skips=0 gated=0 ramp=2..50 bar=0 suppressed=0 wide_skips=0 served=0.0MB copied=0.0MB ssd_avoided=0.0GB live=0/0.0GB model=0 protected=0 declined=0 topup_suppressed=0 aged=0 into=0/0/0 pending=0
[mirror-split] internal=0 K3C=0 K3B=0 K3A=0  shares=0%/0%/0%/0%
[phases] mono=418460.680530 chunks=68 sequence=115.226s read_wait=0.170s bind_upload=1.591s attention_resident=8.330s expert_read_prefetch=50.474s expert_demand_read=30.470s expert_plan=4.933s expert_hint=0.000s expert_submit=0.000s expert_kernel=53.447s source_fence=0.000s tail_head_sync=1.056s layer_other=0.117s expert_read_gross=45.540s plan_hint=4.801s plan_sched=0.131s attn_total=9.856s attn_encode=2.863s attn_wait=5.766s attn_drain=1.227s kernel_total=32.856s kernel_host=1.262s kernel_wait=5.947s kernel_drain=25.647s
[attn-split] single: calls=6138 total=5.480s encode=1.937s wait=2.316s drain=1.227s waits=10626 untimed=2154 | wide: calls=372 total=4.376s encode=0.926s wait=3.450s drain=0.000s waits=368 untimed=368 | hint: calls=6440 total=4.959s encode=0.015s wait=4.944s drain=0.000s waits=6491 untimed=6491
[kernel-split] single: calls=6494 total=26.053s encode=0.596s wait=0.315s drain=25.142s waits=6913 untimed=5373 | wide: calls=997 total=6.803s encode=0.666s wait=5.632s drain=0.505s waits=997 untimed=0
[kernel-sub] materialize=0.332s moe=6.727s precommit=25.238s rest=0.559s
[metal-cache] calls=12319 zero_copy_wraps=390 copies=0 cache_entries=187 bindless=true
|-----------
[stats] generated=71 elapsed=124.313s speed=0.5711 token/s (1.751 s/token) chunks=69 committed_rows=108 verify_tx=3 drafts=2/12 layer_passes=6417 expert_rows=9936 expert_tiles=6846
[verify-width] w1=0 w2=2 w3=0 w4=0 w5=0 w6=0 w7=0 w8+=1              (w1 share 0.0% of 3 transactions)
[opens] expert file opens=377037 total=4.080s mean=0.011ms requested_bytes=3260550790336 (3260.6 GB)
[split-eta] chunks served hot=61489 dir_c=34180 dir_b=77871 primary=152446
[arrival] tiles=803 waves=1360 uncovered_wait=24.982s dispatch=6.675s
[retain] enabled=false cap_gb=8 layers=63..=92 consults=0 wanted=0 hits=0 inserts=0 served=0.0MB
[summer] enabled=false cap_gb=8 sample=16 consults=0 wanted=0 hits=0 hit_rate=0.0% misses=0 inserts=0 evictions=0 recycled=0 allocs=0 pin_skips=0 gated=0 ramp=2..50 bar=0 suppressed=0 wide_skips=0 served=0.0MB copied=0.0MB ssd_avoided=0.0GB live=0/0.0GB model=0 protected=0 declined=0 topup_suppressed=0 aged=0 into=0/0/0 pending=0
[mirror-split] internal=0 K3C=0 K3B=0 K3A=0  shares=0%/0%/0%/0%
[phases] mono=418461.946628 chunks=69 sequence=116.491s read_wait=0.170s bind_upload=1.591s attention_resident=8.406s expert_read_prefetch=51.260s expert_demand_read=30.944s expert_plan=5.006s expert_hint=0.000s expert_submit=0.000s expert_kernel=53.832s source_fence=0.000s tail_head_sync=1.073s layer_other=0.118s expert_read_gross=46.255s plan_hint=4.872s plan_sched=0.132s attn_total=9.932s attn_encode=2.887s attn_wait=5.797s attn_drain=1.248s kernel_total=33.231s kernel_host=1.270s kernel_wait=5.950s kernel_drain=26.011s
[attn-split] single: calls=6231 total=5.556s encode=1.961s wait=2.347s drain=1.248s waits=10787 untimed=2187 | wide: calls=372 total=4.376s encode=0.926s wait=3.450s drain=0.000s waits=368 untimed=368 | hint: calls=6532 total=5.030s encode=0.015s wait=5.015s drain=0.000s waits=6582 untimed=6582
[kernel-split] single: calls=6590 total=26.428s encode=0.605s wait=0.318s drain=25.505s waits=7014 untimed=5459 | wide: calls=997 total=6.803s encode=0.666s wait=5.632s drain=0.505s waits=997 untimed=0
[kernel-sub] materialize=0.332s moe=6.733s precommit=25.602s rest=0.563s
[metal-cache] calls=12415 zero_copy_wraps=390 copies=0 cache_entries=187 bindless=true
|

[stats] generated=72 elapsed=125.541s speed=0.5735 token/s (1.744 s/token) chunks=70 committed_rows=109 verify_tx=3 drafts=2/12 layer_passes=6510 expert_rows=10028 expert_tiles=6938
[verify-width] w1=0 w2=2 w3=0 w4=0 w5=0 w6=0 w7=0 w8+=1              (w1 share 0.0% of 3 transactions)
[opens] expert file opens=382223 total=4.142s mean=0.011ms requested_bytes=3296241990848 (3296.2 GB)
[split-eta] chunks served hot=62278 dir_c=34631 dir_b=78837 primary=154308
[arrival] tiles=804 waves=1365 uncovered_wait=24.992s dispatch=6.681s
[retain] enabled=false cap_gb=8 layers=63..=92 consults=0 wanted=0 hits=0 inserts=0 served=0.0MB
[summer] enabled=false cap_gb=8 sample=16 consults=0 wanted=0 hits=0 hit_rate=0.0% misses=0 inserts=0 evictions=0 recycled=0 allocs=0 pin_skips=0 gated=0 ramp=2..50 bar=0 suppressed=0 wide_skips=0 served=0.0MB copied=0.0MB ssd_avoided=0.0GB live=0/0.0GB model=0 protected=0 declined=0 topup_suppressed=0 aged=0 into=0/0/0 pending=0
[mirror-split] internal=0 K3C=0 K3B=0 K3A=0  shares=0%/0%/0%/0%
[phases] mono=418463.173980 chunks=70 sequence=117.716s read_wait=0.170s bind_upload=1.591s attention_resident=8.490s expert_read_prefetch=51.990s expert_demand_read=31.411s expert_plan=5.072s expert_hint=0.000s expert_submit=0.000s expert_kernel=54.235s source_fence=0.000s tail_head_sync=1.079s layer_other=0.119s expert_read_gross=46.918s plan_hint=4.938s plan_sched=0.133s attn_total=10.016s attn_encode=2.914s attn_wait=5.824s attn_drain=1.277s kernel_total=33.624s kernel_host=1.279s kernel_wait=5.953s kernel_drain=26.392s
[attn-split] single: calls=6324 total=5.640s encode=1.988s wait=2.374s drain=1.277s waits=10948 untimed=2209 | wide: calls=372 total=4.376s encode=0.926s wait=3.450s drain=0.000s waits=368 untimed=368 | hint: calls=6624 total=5.095s encode=0.015s wait=5.080s drain=0.000s waits=6673 untimed=6673
[kernel-split] single: calls=6686 total=26.821s encode=0.613s wait=0.321s drain=25.887s waits=7115 untimed=5533 | wide: calls=997 total=6.803s encode=0.666s wait=5.632s drain=0.505s waits=997 untimed=0
[kernel-sub] materialize=0.332s moe=6.739s precommit=25.985s rest=0.568s
[metal-cache] calls=12511 zero_copy_wraps=390 copies=0 cache_entries=187 bindless=true
|
[stats] generated=73 elapsed=126.715s speed=0.5761 token/s (1.736 s/token) chunks=71 committed_rows=110 verify_tx=3 drafts=2/12 layer_passes=6603 expert_rows=10120 expert_tiles=7030
[verify-width] w1=0 w2=2 w3=0 w4=0 w5=0 w6=0 w7=0 w8+=1              (w1 share 0.0% of 3 transactions)
[opens] expert file opens=387239 total=4.194s mean=0.011ms requested_bytes=3329643297984 (3329.6 GB)
[split-eta] chunks served hot=63002 dir_c=35024 dir_b=79753 primary=156082
[arrival] tiles=805 waves=1369 uncovered_wait=25.001s dispatch=6.685s
[retain] enabled=false cap_gb=8 layers=63..=92 consults=0 wanted=0 hits=0 inserts=0 served=0.0MB
[summer] enabled=false cap_gb=8 sample=16 consults=0 wanted=0 hits=0 hit_rate=0.0% misses=0 inserts=0 evictions=0 recycled=0 allocs=0 pin_skips=0 gated=0 ramp=2..50 bar=0 suppressed=0 wide_skips=0 served=0.0MB copied=0.0MB ssd_avoided=0.0GB live=0/0.0GB model=0 protected=0 declined=0 topup_suppressed=0 aged=0 into=0/0/0 pending=0
[mirror-split] internal=0 K3C=0 K3B=0 K3A=0  shares=0%/0%/0%/0%
[phases] mono=418464.347990 chunks=71 sequence=118.889s read_wait=0.170s bind_upload=1.591s attention_resident=8.568s expert_read_prefetch=52.676s expert_demand_read=31.804s expert_plan=5.153s expert_hint=0.000s expert_submit=0.000s expert_kernel=54.630s source_fence=0.000s tail_head_sync=1.093s layer_other=0.120s expert_read_gross=47.523s plan_hint=5.017s plan_sched=0.134s attn_total=10.094s attn_encode=2.940s attn_wait=5.855s attn_drain=1.299s kernel_total=34.010s kernel_host=1.287s kernel_wait=5.957s kernel_drain=26.766s
[attn-split] single: calls=6417 total=5.717s encode=2.014s wait=2.405s drain=1.299s waits=11109 untimed=2236 | wide: calls=372 total=4.376s encode=0.926s wait=3.450s drain=0.000s waits=368 untimed=368 | hint: calls=6716 total=5.174s encode=0.015s wait=5.159s drain=0.000s waits=6764 untimed=6764
[kernel-split] single: calls=6781 total=27.207s encode=0.621s wait=0.325s drain=26.261s waits=7214 untimed=5616 | wide: calls=997 total=6.803s encode=0.666s wait=5.632s drain=0.505s waits=997 untimed=0
[kernel-sub] materialize=0.332s moe=6.744s precommit=26.362s rest=0.572s
[metal-cache] calls=12606 zero_copy_wraps=390 copies=0 cache_entries=187 bindless=true
 **
[stats] generated=74 elapsed=128.015s speed=0.5781 token/s (1.730 s/token) chunks=72 committed_rows=111 verify_tx=3 drafts=2/12 layer_passes=6696 expert_rows=10212 expert_tiles=7122
[verify-width] w1=0 w2=2 w3=0 w4=0 w5=0 w6=0 w7=0 w8+=1              (w1 share 0.0% of 3 transactions)
[opens] expert file opens=392591 total=4.252s mean=0.011ms requested_bytes=3365667847360 (3365.7 GB)
[split-eta] chunks served hot=63761 dir_c=35447 dir_b=80743 primary=158016
[arrival] tiles=806 waves=1373 uncovered_wait=25.010s dispatch=6.693s
[retain] enabled=false cap_gb=8 layers=63..=92 consults=0 wanted=0 hits=0 inserts=0 served=0.0MB
[summer] enabled=false cap_gb=8 sample=16 consults=0 wanted=0 hits=0 hit_rate=0.0% misses=0 inserts=0 evictions=0 recycled=0 allocs=0 pin_skips=0 gated=0 ramp=2..50 bar=0 suppressed=0 wide_skips=0 served=0.0MB copied=0.0MB ssd_avoided=0.0GB live=0/0.0GB model=0 protected=0 declined=0 topup_suppressed=0 aged=0 into=0/0/0 pending=0
[mirror-split] internal=0 K3C=0 K3B=0 K3A=0  shares=0%/0%/0%/0%
[phases] mono=418465.648249 chunks=72 sequence=120.188s read_wait=0.170s bind_upload=1.591s attention_resident=8.669s expert_read_prefetch=53.421s expert_demand_read=32.271s expert_plan=5.223s expert_hint=0.000s expert_submit=0.000s expert_kernel=55.065s source_fence=0.000s tail_head_sync=1.109s layer_other=0.122s expert_read_gross=48.197s plan_hint=5.086s plan_sched=0.135s attn_total=10.195s attn_encode=2.988s attn_wait=5.886s attn_drain=1.321s kernel_total=34.436s kernel_host=1.295s kernel_wait=5.962s kernel_drain=27.179s
[attn-split] single: calls=6510 total=5.818s encode=2.061s wait=2.436s drain=1.321s waits=11270 untimed=2271 | wide: calls=372 total=4.376s encode=0.926s wait=3.450s drain=0.000s waits=368 untimed=368 | hint: calls=6808 total=5.244s encode=0.015s wait=5.228s drain=0.000s waits=6855 untimed=6855
[kernel-split] single: calls=6876 total=27.633s encode=0.629s wait=0.329s drain=26.674s waits=7313 untimed=5696 | wide: calls=997 total=6.803s encode=0.666s wait=5.632s drain=0.505s waits=997 untimed=0
[kernel-sub] materialize=0.332s moe=6.751s precommit=26.777s rest=0.576s
[metal-cache] calls=12701 zero_copy_wraps=390 copies=0 cache_entries=187 bindless=true
Collection
[stats] generated=75 elapsed=129.253s speed=0.5803 token/s (1.723 s/token) chunks=73 committed_rows=112 verify_tx=3 drafts=2/12 layer_passes=6789 expert_rows=10304 expert_tiles=7214
[verify-width] w1=0 w2=2 w3=0 w4=0 w5=0 w6=0 w7=0 w8+=1              (w1 share 0.0% of 3 transactions)
[opens] expert file opens=397820 total=4.307s mean=0.011ms requested_bytes=3400543075520 (3400.5 GB)
[split-eta] chunks served hot=64507 dir_c=35874 dir_b=81703 primary=159858
[arrival] tiles=807 waves=1377 uncovered_wait=25.020s dispatch=6.700s
[retain] enabled=false cap_gb=8 layers=63..=92 consults=0 wanted=0 hits=0 inserts=0 served=0.0MB
[summer] enabled=false cap_gb=8 sample=16 consults=0 wanted=0 hits=0 hit_rate=0.0% misses=0 inserts=0 evictions=0 recycled=0 allocs=0 pin_skips=0 gated=0 ramp=2..50 bar=0 suppressed=0 wide_skips=0 served=0.0MB copied=0.0MB ssd_avoided=0.0GB live=0/0.0GB model=0 protected=0 declined=0 topup_suppressed=0 aged=0 into=0/0/0 pending=0
[mirror-split] internal=0 K3C=0 K3B=0 K3A=0  shares=0%/0%/0%/0%
[phases] mono=418466.886751 chunks=73 sequence=121.426s read_wait=0.170s bind_upload=1.591s attention_resident=8.745s expert_read_prefetch=54.129s expert_demand_read=32.680s expert_plan=5.302s expert_hint=0.000s expert_submit=0.000s expert_kernel=55.501s source_fence=0.000s tail_head_sync=1.125s layer_other=0.123s expert_read_gross=48.827s plan_hint=5.164s plan_sched=0.136s attn_total=10.270s attn_encode=3.011s attn_wait=5.918s attn_drain=1.340s kernel_total=34.862s kernel_host=1.304s kernel_wait=5.966s kernel_drain=27.592s
[attn-split] single: calls=6603 total=5.893s encode=2.085s wait=2.468s drain=1.340s waits=11431 untimed=2303 | wide: calls=372 total=4.376s encode=0.926s wait=3.450s drain=0.000s waits=368 untimed=368 | hint: calls=6900 total=5.321s encode=0.016s wait=5.306s drain=0.000s waits=6946 untimed=6946
[kernel-split] single: calls=6971 total=28.059s encode=0.638s wait=0.334s drain=27.087s waits=7412 untimed=5773 | wide: calls=997 total=6.803s encode=0.666s wait=5.632s drain=0.505s waits=997 untimed=0
[kernel-sub] materialize=0.332s moe=6.758s precommit=27.191s rest=0.580s
[metal-cache] calls=12796 zero_copy_wraps=390 copies=0 cache_entries=187 bindless=true
 Point
[stats] generated=76 elapsed=130.470s speed=0.5825 token/s (1.717 s/token) chunks=74 committed_rows=113 verify_tx=3 drafts=2/12 layer_passes=6882 expert_rows=10396 expert_tiles=7306
[verify-width] w1=0 w2=2 w3=0 w4=0 w5=0 w6=0 w7=0 w8+=1              (w1 share 0.0% of 3 transactions)
[opens] expert file opens=402929 total=4.362s mean=0.011ms requested_bytes=3434707680448 (3434.7 GB)
[split-eta] chunks served hot=65263 dir_c=36256 dir_b=82645 primary=161672
[arrival] tiles=808 waves=1384 uncovered_wait=25.032s dispatch=6.707s
[retain] enabled=false cap_gb=8 layers=63..=92 consults=0 wanted=0 hits=0 inserts=0 served=0.0MB
[summer] enabled=false cap_gb=8 sample=16 consults=0 wanted=0 hits=0 hit_rate=0.0% misses=0 inserts=0 evictions=0 recycled=0 allocs=0 pin_skips=0 gated=0 ramp=2..50 bar=0 suppressed=0 wide_skips=0 served=0.0MB copied=0.0MB ssd_avoided=0.0GB live=0/0.0GB model=0 protected=0 declined=0 topup_suppressed=0 aged=0 into=0/0/0 pending=0
[mirror-split] internal=0 K3C=0 K3B=0 K3A=0  shares=0%/0%/0%/0%
[phases] mono=418468.103402 chunks=74 sequence=122.641s read_wait=0.170s bind_upload=1.591s attention_resident=8.819s expert_read_prefetch=54.887s expert_demand_read=33.143s expert_plan=5.371s expert_hint=0.000s expert_submit=0.000s expert_kernel=55.866s source_fence=0.000s tail_head_sync=1.142s layer_other=0.124s expert_read_gross=49.516s plan_hint=5.232s plan_sched=0.137s attn_total=10.344s attn_encode=3.037s attn_wait=5.955s attn_drain=1.352s kernel_total=35.215s kernel_host=1.312s kernel_wait=5.970s kernel_drain=27.933s
[attn-split] single: calls=6696 total=5.968s encode=2.111s wait=2.505s drain=1.352s waits=11592 untimed=2334 | wide: calls=372 total=4.376s encode=0.926s wait=3.450s drain=0.000s waits=368 untimed=368 | hint: calls=6992 total=5.389s encode=0.016s wait=5.373s drain=0.000s waits=7037 untimed=7037
[kernel-split] single: calls=7069 total=28.412s encode=0.646s wait=0.338s drain=27.428s waits=7517 untimed=5857 | wide: calls=997 total=6.803s encode=0.666s wait=5.632s drain=0.505s waits=997 untimed=0
[kernel-sub] materialize=0.332s moe=6.765s precommit=27.533s rest=0.585s
[metal-cache] calls=12894 zero_copy_wraps=390 copies=0 cache_entries=187 bindless=true
**
[stats] generated=77 elapsed=131.747s speed=0.5845 token/s (1.711 s/token) chunks=75 committed_rows=114 verify_tx=3 drafts=2/12 layer_passes=6975 expert_rows=10488 expert_tiles=7398
[verify-width] w1=0 w2=2 w3=0 w4=0 w5=0 w6=0 w7=0 w8+=1              (w1 share 0.0% of 3 transactions)
[opens] expert file opens=408253 total=4.419s mean=0.011ms requested_bytes=3469925072064 (3469.9 GB)
[split-eta] chunks served hot=66021 dir_c=36626 dir_b=83627 primary=163576
[arrival] tiles=809 waves=1392 uncovered_wait=25.041s dispatch=6.715s
[retain] enabled=false cap_gb=8 layers=63..=92 consults=0 wanted=0 hits=0 inserts=0 served=0.0MB
[summer] enabled=false cap_gb=8 sample=16 consults=0 wanted=0 hits=0 hit_rate=0.0% misses=0 inserts=0 evictions=0 recycled=0 allocs=0 pin_skips=0 gated=0 ramp=2..50 bar=0 suppressed=0 wide_skips=0 served=0.0MB copied=0.0MB ssd_avoided=0.0GB live=0/0.0GB model=0 protected=0 declined=0 topup_suppressed=0 aged=0 into=0/0/0 pending=0
[mirror-split] internal=0 K3C=0 K3B=0 K3A=0  shares=0%/0%/0%/0%
[phases] mono=418469.379945 chunks=75 sequence=123.916s read_wait=0.170s bind_upload=1.591s attention_resident=8.896s expert_read_prefetch=55.650s expert_demand_read=33.605s expert_plan=5.448s expert_hint=0.000s expert_submit=0.000s expert_kernel=56.283s source_fence=0.000s tail_head_sync=1.158s layer_other=0.126s expert_read_gross=50.202s plan_hint=5.308s plan_sched=0.139s attn_total=10.421s attn_encode=3.065s attn_wait=5.988s attn_drain=1.368s kernel_total=35.622s kernel_host=1.321s kernel_wait=5.975s kernel_drain=28.326s
[attn-split] single: calls=6789 total=6.045s encode=2.139s wait=2.537s drain=1.368s waits=11753 untimed=2368 | wide: calls=372 total=4.376s encode=0.926s wait=3.450s drain=0.000s waits=368 untimed=368 | hint: calls=7084 total=5.465s encode=0.016s wait=5.449s drain=0.000s waits=7128 untimed=7128
[kernel-split] single: calls=7168 total=28.819s encode=0.656s wait=0.343s drain=27.821s waits=7624 untimed=5942 | wide: calls=997 total=6.803s encode=0.666s wait=5.632s drain=0.505s waits=997 untimed=0
[kernel-sub] materialize=0.332s moe=6.772s precommit=27.928s rest=0.589s
[metal-cache] calls=12993 zero_copy_wraps=390 copies=0 cache_entries=187 bindless=true
[route-chain] chained=4830
[route-chain] dedup_hits=4830
 |
[stats] generated=78 elapsed=132.978s speed=0.5866 token/s (1.705 s/token) chunks=76 committed_rows=115 verify_tx=3 drafts=2/12 layer_passes=7068 expert_rows=10580 expert_tiles=7490
[verify-width] w1=0 w2=2 w3=0 w4=0 w5=0 w6=0 w7=0 w8+=1              (w1 share 0.0% of 3 transactions)
[opens] expert file opens=413351 total=4.475s mean=0.011ms requested_bytes=3504317775040 (3504.3 GB)
[split-eta] chunks served hot=66773 dir_c=37015 dir_b=84573 primary=165409
[arrival] tiles=810 waves=1399 uncovered_wait=25.051s dispatch=6.722s
[retain] enabled=false cap_gb=8 layers=63..=92 consults=0 wanted=0 hits=0 inserts=0 served=0.0MB
[summer] enabled=false cap_gb=8 sample=16 consults=0 wanted=0 hits=0 hit_rate=0.0% misses=0 inserts=0 evictions=0 recycled=0 allocs=0 pin_skips=0 gated=0 ramp=2..50 bar=0 suppressed=0 wide_skips=0 served=0.0MB copied=0.0MB ssd_avoided=0.0GB live=0/0.0GB model=0 protected=0 declined=0 topup_suppressed=0 aged=0 into=0/0/0 pending=0
[mirror-split] internal=0 K3C=0 K3B=0 K3A=0  shares=0%/0%/0%/0%
[phases] mono=418470.611020 chunks=76 sequence=125.146s read_wait=0.170s bind_upload=1.591s attention_resident=8.985s expert_read_prefetch=56.372s expert_demand_read=34.048s expert_plan=5.520s expert_hint=0.000s expert_submit=0.000s expert_kernel=56.684s source_fence=0.000s tail_head_sync=1.175s layer_other=0.127s expert_read_gross=50.851s plan_hint=5.379s plan_sched=0.140s attn_total=10.509s attn_encode=3.106s attn_wait=6.019s attn_drain=1.384s kernel_total=36.014s kernel_host=1.329s kernel_wait=5.979s kernel_drain=28.706s
[attn-split] single: calls=6882 total=6.133s encode=2.180s wait=2.569s drain=1.384s waits=11914 untimed=2403 | wide: calls=372 total=4.376s encode=0.926s wait=3.450s drain=0.000s waits=368 untimed=368 | hint: calls=7176 total=5.536s encode=0.016s wait=5.520s drain=0.000s waits=7219 untimed=7219
[kernel-split] single: calls=7266 total=29.211s encode=0.664s wait=0.347s drain=28.201s waits=7729 untimed=6022 | wide: calls=997 total=6.803s encode=0.666s wait=5.632s drain=0.505s waits=997 untimed=0
[kernel-sub] materialize=0.332s moe=6.779s precommit=28.309s rest=0.593s
[metal-cache] calls=13091 zero_copy_wraps=390 copies=0 cache_entries=187 bindless=true
 Col
[stats] generated=79 elapsed=134.192s speed=0.5887 token/s (1.699 s/token) chunks=77 committed_rows=116 verify_tx=3 drafts=2/12 layer_passes=7161 expert_rows=10672 expert_tiles=7582
[verify-width] w1=0 w2=2 w3=0 w4=0 w5=0 w6=0 w7=0 w8+=1              (w1 share 0.0% of 3 transactions)
[opens] expert file opens=418453 total=4.529s mean=0.011ms requested_bytes=3538956188864 (3539.0 GB)
[split-eta] chunks served hot=67560 dir_c=37414 dir_b=85514 primary=167230
[arrival] tiles=811 waves=1403 uncovered_wait=25.060s dispatch=6.727s
[retain] enabled=false cap_gb=8 layers=63..=92 consults=0 wanted=0 hits=0 inserts=0 served=0.0MB
[summer] enabled=false cap_gb=8 sample=16 consults=0 wanted=0 hits=0 hit_rate=0.0% misses=0 inserts=0 evictions=0 recycled=0 allocs=0 pin_skips=0 gated=0 ramp=2..50 bar=0 suppressed=0 wide_skips=0 served=0.0MB copied=0.0MB ssd_avoided=0.0GB live=0/0.0GB model=0 protected=0 declined=0 topup_suppressed=0 aged=0 into=0/0/0 pending=0
[mirror-split] internal=0 K3C=0 K3B=0 K3A=0  shares=0%/0%/0%/0%
[phases] mono=418471.825516 chunks=77 sequence=126.359s read_wait=0.170s bind_upload=1.591s attention_resident=9.057s expert_read_prefetch=57.117s expert_demand_read=34.519s expert_plan=5.592s expert_hint=0.000s expert_submit=0.000s expert_kernel=57.062s source_fence=0.000s tail_head_sync=1.192s layer_other=0.128s expert_read_gross=51.525s plan_hint=5.450s plan_sched=0.141s attn_total=10.582s attn_encode=3.130s attn_wait=6.053s attn_drain=1.399s kernel_total=36.381s kernel_host=1.337s kernel_wait=5.982s kernel_drain=29.062s
[attn-split] single: calls=6975 total=6.205s encode=2.204s wait=2.603s drain=1.399s waits=12075 untimed=2441 | wide: calls=372 total=4.376s encode=0.926s wait=3.450s drain=0.000s waits=368 untimed=368 | hint: calls=7268 total=5.607s encode=0.016s wait=5.590s drain=0.000s waits=7310 untimed=7310
[kernel-split] single: calls=7361 total=29.579s encode=0.672s wait=0.350s drain=28.557s waits=7828 untimed=6108 | wide: calls=997 total=6.803s encode=0.666s wait=5.632s drain=0.505s waits=997 untimed=0
[kernel-sub] materialize=0.332s moe=6.784s precommit=28.668s rest=0.597s
[metal-cache] calls=13186 zero_copy_wraps=390 copies=0 cache_entries=187 bindless=true
lected
[stats] generated=80 elapsed=135.415s speed=0.5908 token/s (1.693 s/token) chunks=78 committed_rows=117 verify_tx=3 drafts=2/12 layer_passes=7254 expert_rows=10764 expert_tiles=7674
[verify-width] w1=0 w2=2 w3=0 w4=0 w5=0 w6=0 w7=0 w8+=1              (w1 share 0.0% of 3 transactions)
[opens] expert file opens=423576 total=4.584s mean=0.011ms requested_bytes=3573120793792 (3573.1 GB)
[split-eta] chunks served hot=68324 dir_c=37798 dir_b=86458 primary=169032
[arrival] tiles=812 waves=1408 uncovered_wait=25.069s dispatch=6.732s
[retain] enabled=false cap_gb=8 layers=63..=92 consults=0 wanted=0 hits=0 inserts=0 served=0.0MB
[summer] enabled=false cap_gb=8 sample=16 consults=0 wanted=0 hits=0 hit_rate=0.0% misses=0 inserts=0 evictions=0 recycled=0 allocs=0 pin_skips=0 gated=0 ramp=2..50 bar=0 suppressed=0 wide_skips=0 served=0.0MB copied=0.0MB ssd_avoided=0.0GB live=0/0.0GB model=0 protected=0 declined=0 topup_suppressed=0 aged=0 into=0/0/0 pending=0
[mirror-split] internal=0 K3C=0 K3B=0 K3A=0  shares=0%/0%/0%/0%
[phases] mono=418473.048572 chunks=78 sequence=127.581s read_wait=0.170s bind_upload=1.591s attention_resident=9.129s expert_read_prefetch=57.853s expert_demand_read=34.932s expert_plan=5.654s expert_hint=0.000s expert_submit=0.000s expert_kernel=57.455s source_fence=0.000s tail_head_sync=1.211s layer_other=0.129s expert_read_gross=52.199s plan_hint=5.510s plan_sched=0.142s attn_total=10.653s attn_encode=3.155s attn_wait=6.079s attn_drain=1.419s kernel_total=36.766s kernel_host=1.345s kernel_wait=5.985s kernel_drain=29.436s
[attn-split] single: calls=7068 total=6.277s encode=2.229s wait=2.629s drain=1.419s waits=12236 untimed=2467 | wide: calls=372 total=4.376s encode=0.926s wait=3.450s drain=0.000s waits=368 untimed=368 | hint: calls=7360 total=5.667s encode=0.016s wait=5.650s drain=0.000s waits=7401 untimed=7401
[kernel-split] single: calls=7457 total=29.963s encode=0.679s wait=0.353s drain=28.931s waits=7929 untimed=6188 | wide: calls=997 total=6.803s encode=0.666s wait=5.632s drain=0.505s waits=997 untimed=0
[kernel-sub] materialize=0.332s moe=6.789s precommit=29.043s rest=0.601s
[metal-cache] calls=13282 zero_copy_wraps=390 copies=0 cache_entries=187 bindless=true
 at
[stats] generated=81 elapsed=136.631s speed=0.5928 token/s (1.687 s/token) chunks=79 committed_rows=118 verify_tx=3 drafts=2/12 layer_passes=7347 expert_rows=10856 expert_tiles=7766
[verify-width] w1=0 w2=2 w3=0 w4=0 w5=0 w6=0 w7=0 w8+=1              (w1 share 0.0% of 3 transactions)
[opens] expert file opens=428697 total=4.641s mean=0.011ms requested_bytes=3607048486080 (3607.0 GB)
[split-eta] chunks served hot=69059 dir_c=38184 dir_b=87400 primary=170836
[arrival] tiles=813 waves=1416 uncovered_wait=25.080s dispatch=6.740s
[retain] enabled=false cap_gb=8 layers=63..=92 consults=0 wanted=0 hits=0 inserts=0 served=0.0MB
[summer] enabled=false cap_gb=8 sample=16 consults=0 wanted=0 hits=0 hit_rate=0.0% misses=0 inserts=0 evictions=0 recycled=0 allocs=0 pin_skips=0 gated=0 ramp=2..50 bar=0 suppressed=0 wide_skips=0 served=0.0MB copied=0.0MB ssd_avoided=0.0GB live=0/0.0GB model=0 protected=0 declined=0 topup_suppressed=0 aged=0 into=0/0/0 pending=0
[mirror-split] internal=0 K3C=0 K3B=0 K3A=0  shares=0%/0%/0%/0%
[phases] mono=418474.264300 chunks=79 sequence=128.796s read_wait=0.170s bind_upload=1.591s attention_resident=9.209s expert_read_prefetch=58.558s expert_demand_read=35.383s expert_plan=5.722s expert_hint=0.000s expert_submit=0.000s expert_kernel=57.876s source_fence=0.000s tail_head_sync=1.219s layer_other=0.130s expert_read_gross=52.836s plan_hint=5.577s plan_sched=0.143s attn_total=10.733s attn_encode=3.184s attn_wait=6.105s attn_drain=1.444s kernel_total=37.176s kernel_host=1.355s kernel_wait=5.990s kernel_drain=29.831s
[attn-split] single: calls=7161 total=6.357s encode=2.257s wait=2.655s drain=1.444s waits=12397 untimed=2482 | wide: calls=372 total=4.376s encode=0.926s wait=3.450s drain=0.000s waits=368 untimed=368 | hint: calls=7452 total=5.734s encode=0.017s wait=5.717s drain=0.000s waits=7492 untimed=7492
[kernel-split] single: calls=7556 total=30.373s encode=0.689s wait=0.358s drain=29.326s waits=8036 untimed=6255 | wide: calls=997 total=6.803s encode=0.666s wait=5.632s drain=0.505s waits=997 untimed=0
[kernel-sub] materialize=0.332s moe=6.798s precommit=29.440s rest=0.606s
[metal-cache] calls=13381 zero_copy_wraps=390 copies=0 cache_entries=187 bindless=true
 **
[stats] generated=82 elapsed=137.837s speed=0.5949 token/s (1.681 s/token) chunks=80 committed_rows=119 verify_tx=3 drafts=2/12 layer_passes=7440 expert_rows=10948 expert_tiles=7858
[verify-width] w1=0 w2=2 w3=0 w4=0 w5=0 w6=0 w7=0 w8+=1              (w1 share 0.0% of 3 transactions)
[opens] expert file opens=433658 total=4.696s mean=0.011ms requested_bytes=3641213058240 (3641.2 GB)
[split-eta] chunks served hot=69812 dir_c=38589 dir_b=88331 primary=172641
[arrival] tiles=814 waves=1424 uncovered_wait=25.091s dispatch=6.748s
[retain] enabled=false cap_gb=8 layers=63..=92 consults=0 wanted=0 hits=0 inserts=0 served=0.0MB
[summer] enabled=false cap_gb=8 sample=16 consults=0 wanted=0 hits=0 hit_rate=0.0% misses=0 inserts=0 evictions=0 recycled=0 allocs=0 pin_skips=0 gated=0 ramp=2..50 bar=0 suppressed=0 wide_skips=0 served=0.0MB copied=0.0MB ssd_avoided=0.0GB live=0/0.0GB model=0 protected=0 declined=0 topup_suppressed=0 aged=0 into=0/0/0 pending=0
[mirror-split] internal=0 K3C=0 K3B=0 K3A=0  shares=0%/0%/0%/0%
[phases] mono=418475.470281 chunks=80 sequence=130.001s read_wait=0.170s bind_upload=1.591s attention_resident=9.297s expert_read_prefetch=59.278s expert_demand_read=35.836s expert_plan=5.792s expert_hint=0.000s expert_submit=0.000s expert_kernel=58.259s source_fence=0.000s tail_head_sync=1.232s layer_other=0.132s expert_read_gross=53.485s plan_hint=5.646s plan_sched=0.144s attn_total=10.821s attn_encode=3.226s attn_wait=6.129s attn_drain=1.466s kernel_total=37.547s kernel_host=1.363s kernel_wait=5.994s kernel_drain=30.190s
[attn-split] single: calls=7254 total=6.445s encode=2.300s wait=2.679s drain=1.466s waits=12558 untimed=2505 | wide: calls=372 total=4.376s encode=0.926s wait=3.450s drain=0.000s waits=368 untimed=368 | hint: calls=7544 total=5.803s encode=0.017s wait=5.786s drain=0.000s waits=7583 untimed=7583
[kernel-split] single: calls=7655 total=30.744s encode=0.698s wait=0.362s drain=29.685s waits=8143 untimed=6343 | wide: calls=997 total=6.803s encode=0.666s wait=5.632s drain=0.505s waits=997 untimed=0
[kernel-sub] materialize=0.332s moe=6.805s precommit=29.800s rest=0.610s
[metal-cache] calls=13480 zero_copy_wraps=390 copies=0 cache_entries=187 bindless=true
every
[stats] generated=83 elapsed=139.122s speed=0.5966 token/s (1.676 s/token) chunks=81 committed_rows=120 verify_tx=3 drafts=2/12 layer_passes=7533 expert_rows=11040 expert_tiles=7950
[verify-width] w1=0 w2=2 w3=0 w4=0 w5=0 w6=0 w7=0 w8+=1              (w1 share 0.0% of 3 transactions)
[opens] expert file opens=439063 total=4.752s mean=0.011ms requested_bytes=3677307862208 (3677.3 GB)
[split-eta] chunks served hot=70611 dir_c=39004 dir_b=89322 primary=174550
[arrival] tiles=815 waves=1432 uncovered_wait=25.100s dispatch=6.756s
[retain] enabled=false cap_gb=8 layers=63..=92 consults=0 wanted=0 hits=0 inserts=0 served=0.0MB
[summer] enabled=false cap_gb=8 sample=16 consults=0 wanted=0 hits=0 hit_rate=0.0% misses=0 inserts=0 evictions=0 recycled=0 allocs=0 pin_skips=0 gated=0 ramp=2..50 bar=0 suppressed=0 wide_skips=0 served=0.0MB copied=0.0MB ssd_avoided=0.0GB live=0/0.0GB model=0 protected=0 declined=0 topup_suppressed=0 aged=0 into=0/0/0 pending=0
[mirror-split] internal=0 K3C=0 K3B=0 K3A=0  shares=0%/0%/0%/0%
[phases] mono=418476.755357 chunks=81 sequence=131.284s read_wait=0.170s bind_upload=1.591s attention_resident=9.381s expert_read_prefetch=60.025s expert_demand_read=36.267s expert_plan=5.873s expert_hint=0.000s expert_submit=0.000s expert_kernel=58.693s source_fence=0.000s tail_head_sync=1.248s layer_other=0.133s expert_read_gross=54.152s plan_hint=5.726s plan_sched=0.145s attn_total=10.905s attn_encode=3.258s attn_wait=6.170s attn_drain=1.477s kernel_total=37.972s kernel_host=1.372s kernel_wait=5.999s kernel_drain=30.601s
[attn-split] single: calls=7347 total=6.529s encode=2.332s wait=2.720s drain=1.477s waits=12719 untimed=2538 | wide: calls=372 total=4.376s encode=0.926s wait=3.450s drain=0.000s waits=368 untimed=368 | hint: calls=7636 total=5.883s encode=0.017s wait=5.865s drain=0.000s waits=7674 untimed=7674
[kernel-split] single: calls=7754 total=31.169s encode=0.706s wait=0.367s drain=30.096s waits=8250 untimed=6432 | wide: calls=997 total=6.803s encode=0.666s wait=5.632s drain=0.505s waits=997 untimed=0
[kernel-sub] materialize=0.332s moe=6.813s precommit=30.213s rest=0.614s
[metal-cache] calls=13579 zero_copy_wraps=390 copies=0 cache_entries=187 bindless=true
 stage
[stats] generated=84 elapsed=140.330s speed=0.5986 token/s (1.671 s/token) chunks=82 committed_rows=121 verify_tx=3 drafts=2/12 layer_passes=7626 expert_rows=11132 expert_tiles=8042
[verify-width] w1=0 w2=2 w3=0 w4=0 w5=0 w6=0 w7=0 w8+=1              (w1 share 0.0% of 3 transactions)
[opens] expert file opens=444203 total=4.806s mean=0.011ms requested_bytes=3711340870848 (3711.3 GB)
[split-eta] chunks served hot=71359 dir_c=39394 dir_b=90260 primary=176353
[arrival] tiles=816 waves=1438 uncovered_wait=25.111s dispatch=6.764s
[retain] enabled=false cap_gb=8 layers=63..=92 consults=0 wanted=0 hits=0 inserts=0 served=0.0MB
[summer] enabled=false cap_gb=8 sample=16 consults=0 wanted=0 hits=0 hit_rate=0.0% misses=0 inserts=0 evictions=0 recycled=0 allocs=0 pin_skips=0 gated=0 ramp=2..50 bar=0 suppressed=0 wide_skips=0 served=0.0MB copied=0.0MB ssd_avoided=0.0GB live=0/0.0GB model=0 protected=0 declined=0 topup_suppressed=0 aged=0 into=0/0/0 pending=0
[mirror-split] internal=0 K3C=0 K3B=0 K3A=0  shares=0%/0%/0%/0%
[phases] mono=418477.963379 chunks=82 sequence=132.491s read_wait=0.170s bind_upload=1.591s attention_resident=9.455s expert_read_prefetch=60.737s expert_demand_read=36.708s expert_plan=5.950s expert_hint=0.000s expert_submit=0.000s expert_kernel=59.096s source_fence=0.000s tail_head_sync=1.265s layer_other=0.134s expert_read_gross=54.787s plan_hint=5.801s plan_sched=0.147s attn_total=10.979s attn_encode=3.282s attn_wait=6.208s attn_drain=1.488s kernel_total=38.364s kernel_host=1.380s kernel_wait=6.003s kernel_drain=30.980s
[attn-split] single: calls=7440 total=6.602s encode=2.356s wait=2.758s drain=1.488s waits=12880 untimed=2567 | wide: calls=372 total=4.376s encode=0.926s wait=3.450s drain=0.000s waits=368 untimed=368 | hint: calls=7728 total=5.958s encode=0.017s wait=5.941s drain=0.000s waits=7765 untimed=7765
[kernel-split] single: calls=7851 total=31.561s encode=0.715s wait=0.371s drain=30.475s waits=8353 untimed=6517 | wide: calls=997 total=6.803s encode=0.666s wait=5.632s drain=0.505s waits=997 untimed=0
[kernel-sub] materialize=0.332s moe=6.821s precommit=30.593s rest=0.618s
[metal-cache] calls=13676 zero_copy_wraps=390 copies=0 cache_entries=187 bindless=true
**
[stats] generated=85 elapsed=141.534s speed=0.6006 token/s (1.665 s/token) chunks=83 committed_rows=122 verify_tx=3 drafts=2/12 layer_passes=7719 expert_rows=11224 expert_tiles=8134
[verify-width] w1=0 w2=2 w3=0 w4=0 w5=0 w6=0 w7=0 w8+=1              (w1 share 0.0% of 3 transactions)
[opens] expert file opens=449303 total=4.863s mean=0.011ms requested_bytes=3745303674048 (3745.3 GB)
[split-eta] chunks served hot=72103 dir_c=39786 dir_b=91188 primary=178160
[arrival] tiles=817 waves=1442 uncovered_wait=25.121s dispatch=6.769s
[retain] enabled=false cap_gb=8 layers=63..=92 consults=0 wanted=0 hits=0 inserts=0 served=0.0MB
[summer] enabled=false cap_gb=8 sample=16 consults=0 wanted=0 hits=0 hit_rate=0.0% misses=0 inserts=0 evictions=0 recycled=0 allocs=0 pin_skips=0 gated=0 ramp=2..50 bar=0 suppressed=0 wide_skips=0 served=0.0MB copied=0.0MB ssd_avoided=0.0GB live=0/0.0GB model=0 protected=0 declined=0 topup_suppressed=0 aged=0 into=0/0/0 pending=0
[mirror-split] internal=0 K3C=0 K3B=0 K3A=0  shares=0%/0%/0%/0%
[phases] mono=418479.167397 chunks=83 sequence=133.695s read_wait=0.170s bind_upload=1.591s attention_resident=9.532s expert_read_prefetch=61.441s expert_demand_read=37.131s expert_plan=6.029s expert_hint=0.000s expert_submit=0.000s expert_kernel=59.502s source_fence=0.000s tail_head_sync=1.281s layer_other=0.135s expert_read_gross=55.412s plan_hint=5.879s plan_sched=0.148s attn_total=11.055s attn_encode=3.308s attn_wait=6.238s attn_drain=1.510s kernel_total=38.760s kernel_host=1.389s kernel_wait=6.007s kernel_drain=31.365s
[attn-split] single: calls=7533 total=6.679s encode=2.382s wait=2.788s drain=1.510s waits=13041 untimed=2589 | wide: calls=372 total=4.376s encode=0.926s wait=3.450s drain=0.000s waits=368 untimed=368 | hint: calls=7820 total=6.036s encode=0.017s wait=6.018s drain=0.000s waits=7856 untimed=7856
[kernel-split] single: calls=7946 total=31.957s encode=0.723s wait=0.374s drain=30.859s waits=8452 untimed=6601 | wide: calls=997 total=6.803s encode=0.666s wait=5.632s drain=0.505s waits=997 untimed=0
[kernel-sub] materialize=0.332s moe=6.826s precommit=30.979s rest=0.623s
[metal-cache] calls=13771 zero_copy_wraps=390 copies=0 cache_entries=187 bindless=true
 of
[stats] generated=86 elapsed=142.825s speed=0.6021 token/s (1.661 s/token) chunks=84 committed_rows=123 verify_tx=3 drafts=2/12 layer_passes=7812 expert_rows=11316 expert_tiles=8226
[verify-width] w1=0 w2=2 w3=0 w4=0 w5=0 w6=0 w7=0 w8+=1              (w1 share 0.0% of 3 transactions)
[opens] expert file opens=454637 total=4.921s mean=0.011ms requested_bytes=3781433588928 (3781.4 GB)
[split-eta] chunks served hot=72873 dir_c=40216 dir_b=92176 primary=180090
[arrival] tiles=818 waves=1450 uncovered_wait=25.130s dispatch=6.776s
[retain] enabled=false cap_gb=8 layers=63..=92 consults=0 wanted=0 hits=0 inserts=0 served=0.0MB
[summer] enabled=false cap_gb=8 sample=16 consults=0 wanted=0 hits=0 hit_rate=0.0% misses=0 inserts=0 evictions=0 recycled=0 allocs=0 pin_skips=0 gated=0 ramp=2..50 bar=0 suppressed=0 wide_skips=0 served=0.0MB copied=0.0MB ssd_avoided=0.0GB live=0/0.0GB model=0 protected=0 declined=0 topup_suppressed=0 aged=0 into=0/0/0 pending=0
[mirror-split] internal=0 K3C=0 K3B=0 K3A=0  shares=0%/0%/0%/0%
[phases] mono=418480.458082 chunks=84 sequence=134.984s read_wait=0.170s bind_upload=1.591s attention_resident=9.613s expert_read_prefetch=62.250s expert_demand_read=37.619s expert_plan=6.112s expert_hint=0.000s expert_submit=0.000s expert_kernel=59.884s source_fence=0.000s tail_head_sync=1.297s layer_other=0.137s expert_read_gross=56.138s plan_hint=5.961s plan_sched=0.149s attn_total=11.136s attn_encode=3.345s attn_wait=6.267s attn_drain=1.525s kernel_total=39.132s kernel_host=1.397s kernel_wait=6.010s kernel_drain=31.725s
[attn-split] single: calls=7626 total=6.760s encode=2.418s wait=2.817s drain=1.525s waits=13202 untimed=2618 | wide: calls=372 total=4.376s encode=0.926s wait=3.450s drain=0.000s waits=368 untimed=368 | hint: calls=7912 total=6.118s encode=0.018s wait=6.100s drain=0.000s waits=7947 untimed=7947
[kernel-split] single: calls=8045 total=32.329s encode=0.732s wait=0.378s drain=31.220s waits=8559 untimed=6684 | wide: calls=997 total=6.803s encode=0.666s wait=5.632s drain=0.505s waits=997 untimed=0
[kernel-sub] materialize=0.332s moe=6.832s precommit=31.341s rest=0.627s
[metal-cache] calls=13870 zero_copy_wraps=390 copies=0 cache_entries=187 bindless=true
 production
[stats] generated=87 elapsed=144.023s speed=0.6041 token/s (1.655 s/token) chunks=85 committed_rows=124 verify_tx=3 drafts=2/12 layer_passes=7905 expert_rows=11408 expert_tiles=8318
[verify-width] w1=0 w2=2 w3=0 w4=0 w5=0 w6=0 w7=0 w8+=1              (w1 share 0.0% of 3 transactions)
[opens] expert file opens=459751 total=4.977s mean=0.011ms requested_bytes=3815685930176 (3815.7 GB)
[split-eta] chunks served hot=73608 dir_c=40642 dir_b=93111 primary=181898
[arrival] tiles=819 waves=1457 uncovered_wait=25.140s dispatch=6.782s
[retain] enabled=false cap_gb=8 layers=63..=92 consults=0 wanted=0 hits=0 inserts=0 served=0.0MB
[summer] enabled=false cap_gb=8 sample=16 consults=0 wanted=0 hits=0 hit_rate=0.0% misses=0 inserts=0 evictions=0 recycled=0 allocs=0 pin_skips=0 gated=0 ramp=2..50 bar=0 suppressed=0 wide_skips=0 served=0.0MB copied=0.0MB ssd_avoided=0.0GB live=0/0.0GB model=0 protected=0 declined=0 topup_suppressed=0 aged=0 into=0/0/0 pending=0
[mirror-split] internal=0 K3C=0 K3B=0 K3A=0  shares=0%/0%/0%/0%
[phases] mono=418481.656363 chunks=85 sequence=136.182s read_wait=0.170s bind_upload=1.591s attention_resident=9.682s expert_read_prefetch=62.971s expert_demand_read=38.060s expert_plan=6.184s expert_hint=0.000s expert_submit=0.000s expert_kernel=60.273s source_fence=0.000s tail_head_sync=1.313s layer_other=0.138s expert_read_gross=56.787s plan_hint=6.032s plan_sched=0.150s attn_total=11.205s attn_encode=3.368s attn_wait=6.300s attn_drain=1.538s kernel_total=39.512s kernel_host=1.405s kernel_wait=6.014s kernel_drain=32.093s
[attn-split] single: calls=7719 total=6.829s encode=2.441s wait=2.850s drain=1.538s waits=13363 untimed=2657 | wide: calls=372 total=4.376s encode=0.926s wait=3.450s drain=0.000s waits=368 untimed=368 | hint: calls=8004 total=6.189s encode=0.018s wait=6.171s drain=0.000s waits=8038 untimed=8038
[kernel-split] single: calls=8143 total=32.709s encode=0.740s wait=0.382s drain=31.588s waits=8664 untimed=6766 | wide: calls=997 total=6.803s encode=0.666s wait=5.632s drain=0.505s waits=997 untimed=0
[kernel-sub] materialize=0.332s moe=6.839s precommit=31.710s rest=0.631s
[metal-cache] calls=13968 zero_copy_wraps=390 copies=0 cache_entries=187 bindless=true
[route-chain] chained=5520
[route-chain] dedup_hits=5520
/d
[stats] generated=88 elapsed=145.248s speed=0.6059 token/s (1.651 s/token) chunks=86 committed_rows=125 verify_tx=3 drafts=2/12 layer_passes=7998 expert_rows=11500 expert_tiles=8410
[verify-width] w1=0 w2=2 w3=0 w4=0 w5=0 w6=0 w7=0 w8+=1              (w1 share 0.0% of 3 transactions)
[opens] expert file opens=464965 total=5.034s mean=0.011ms requested_bytes=3849780313280 (3849.8 GB)
[split-eta] chunks served hot=74350 dir_c=41005 dir_b=94062 primary=183728
[arrival] tiles=820 waves=1463 uncovered_wait=25.149s dispatch=6.789s
[retain] enabled=false cap_gb=8 layers=63..=92 consults=0 wanted=0 hits=0 inserts=0 served=0.0MB
[summer] enabled=false cap_gb=8 sample=16 consults=0 wanted=0 hits=0 hit_rate=0.0% misses=0 inserts=0 evictions=0 recycled=0 allocs=0 pin_skips=0 gated=0 ramp=2..50 bar=0 suppressed=0 wide_skips=0 served=0.0MB copied=0.0MB ssd_avoided=0.0GB live=0/0.0GB model=0 protected=0 declined=0 topup_suppressed=0 aged=0 into=0/0/0 pending=0
[mirror-split] internal=0 K3C=0 K3B=0 K3A=0  shares=0%/0%/0%/0%
[phases] mono=418482.881449 chunks=86 sequence=137.405s read_wait=0.170s bind_upload=1.591s attention_resident=9.766s expert_read_prefetch=63.695s expert_demand_read=38.510s expert_plan=6.246s expert_hint=0.000s expert_submit=0.000s expert_kernel=60.671s source_fence=0.000s tail_head_sync=1.330s layer_other=0.139s expert_read_gross=57.448s plan_hint=6.093s plan_sched=0.151s attn_total=11.289s attn_encode=3.390s attn_wait=6.327s attn_drain=1.572s kernel_total=39.901s kernel_host=1.414s kernel_wait=6.018s kernel_drain=32.469s
[attn-split] single: calls=7812 total=6.913s encode=2.464s wait=2.877s drain=1.572s waits=13524 untimed=2694 | wide: calls=372 total=4.376s encode=0.926s wait=3.450s drain=0.000s waits=368 untimed=368 | hint: calls=8096 total=6.250s encode=0.018s wait=6.232s drain=0.000s waits=8129 untimed=8129
[kernel-split] single: calls=8240 total=33.098s encode=0.748s wait=0.386s drain=31.964s waits=8767 untimed=6848 | wide: calls=997 total=6.803s encode=0.666s wait=5.632s drain=0.505s waits=997 untimed=0
[kernel-sub] materialize=0.332s moe=6.846s precommit=32.088s rest=0.635s
[metal-cache] calls=14065 zero_copy_wraps=390 copies=0 cache_entries=187 bindless=true
istribution
[stats] generated=89 elapsed=146.498s speed=0.6075 token/s (1.646 s/token) chunks=87 committed_rows=126 verify_tx=3 drafts=2/12 layer_passes=8091 expert_rows=11592 expert_tiles=8502
[verify-width] w1=0 w2=2 w3=0 w4=0 w5=0 w6=0 w7=0 w8+=1              (w1 share 0.0% of 3 transactions)
[opens] expert file opens=470200 total=5.093s mean=0.011ms requested_bytes=3884602916032 (3884.6 GB)
[split-eta] chunks served hot=75092 dir_c=41414 dir_b=95026 primary=185582
[arrival] tiles=821 waves=1470 uncovered_wait=25.160s dispatch=6.797s
[retain] enabled=false cap_gb=8 layers=63..=92 consults=0 wanted=0 hits=0 inserts=0 served=0.0MB
[summer] enabled=false cap_gb=8 sample=16 consults=0 wanted=0 hits=0 hit_rate=0.0% misses=0 inserts=0 evictions=0 recycled=0 allocs=0 pin_skips=0 gated=0 ramp=2..50 bar=0 suppressed=0 wide_skips=0 served=0.0MB copied=0.0MB ssd_avoided=0.0GB live=0/0.0GB model=0 protected=0 declined=0 topup_suppressed=0 aged=0 into=0/0/0 pending=0
[mirror-split] internal=0 K3C=0 K3B=0 K3A=0  shares=0%/0%/0%/0%
[phases] mono=418484.131466 chunks=87 sequence=138.654s read_wait=0.170s bind_upload=1.591s attention_resident=9.850s expert_read_prefetch=64.426s expert_demand_read=38.964s expert_plan=6.315s expert_hint=0.000s expert_submit=0.000s expert_kernel=61.086s source_fence=0.000s tail_head_sync=1.347s layer_other=0.140s expert_read_gross=58.111s plan_hint=6.161s plan_sched=0.152s attn_total=11.373s attn_encode=3.415s attn_wait=6.354s attn_drain=1.603s kernel_total=40.304s kernel_host=1.423s kernel_wait=6.022s kernel_drain=32.859s
[attn-split] single: calls=7905 total=6.997s encode=2.489s wait=2.904s drain=1.603s waits=13685 untimed=2722 | wide: calls=372 total=4.376s encode=0.926s wait=3.450s drain=0.000s waits=368 untimed=368 | hint: calls=8188 total=6.317s encode=0.018s wait=6.299s drain=0.000s waits=8220 untimed=8220
[kernel-split] single: calls=8338 total=33.501s encode=0.758s wait=0.390s drain=32.354s waits=8872 untimed=6931 | wide: calls=997 total=6.803s encode=0.666s wait=5.632s drain=0.505s waits=997 untimed=0
[kernel-sub] materialize=0.332s moe=6.853s precommit=32.479s rest=0.639s
[metal-cache] calls=14163 zero_copy_wraps=390 copies=0 cache_entries=187 bindless=true
 |
[stats] generated=90 elapsed=147.779s speed=0.6090 token/s (1.642 s/token) chunks=88 committed_rows=127 verify_tx=3 drafts=2/12 layer_passes=8184 expert_rows=11684 expert_tiles=8594
[verify-width] w1=0 w2=2 w3=0 w4=0 w5=0 w6=0 w7=0 w8+=1              (w1 share 0.0% of 3 transactions)
[opens] expert file opens=475522 total=5.148s mean=0.011ms requested_bytes=3919872998592 (3919.9 GB)
[split-eta] chunks served hot=75838 dir_c=41802 dir_b=96009 primary=187485
[arrival] tiles=822 waves=1477 uncovered_wait=25.170s dispatch=6.804s
[retain] enabled=false cap_gb=8 layers=63..=92 consults=0 wanted=0 hits=0 inserts=0 served=0.0MB
[summer] enabled=false cap_gb=8 sample=16 consults=0 wanted=0 hits=0 hit_rate=0.0% misses=0 inserts=0 evictions=0 recycled=0 allocs=0 pin_skips=0 gated=0 ramp=2..50 bar=0 suppressed=0 wide_skips=0 served=0.0MB copied=0.0MB ssd_avoided=0.0GB live=0/0.0GB model=0 protected=0 declined=0 topup_suppressed=0 aged=0 into=0/0/0 pending=0
[mirror-split] internal=0 K3C=0 K3B=0 K3A=0  shares=0%/0%/0%/0%
[phases] mono=418485.411999 chunks=88 sequence=139.933s read_wait=0.170s bind_upload=1.591s attention_resident=9.938s expert_read_prefetch=65.204s expert_demand_read=39.436s expert_plan=6.396s expert_hint=0.001s expert_submit=0.000s expert_kernel=61.481s source_fence=0.000s tail_head_sync=1.363s layer_other=0.141s expert_read_gross=58.808s plan_hint=6.241s plan_sched=0.153s attn_total=11.460s attn_encode=3.453s attn_wait=6.382s attn_drain=1.625s kernel_total=40.689s kernel_host=1.432s kernel_wait=6.026s kernel_drain=33.232s
[attn-split] single: calls=7998 total=7.084s encode=2.527s wait=2.932s drain=1.625s waits=13846 untimed=2751 | wide: calls=372 total=4.376s encode=0.926s wait=3.450s drain=0.000s waits=368 untimed=368 | hint: calls=8280 total=6.397s encode=0.018s wait=6.379s drain=0.000s waits=8311 untimed=8311
[kernel-split] single: calls=8436 total=33.886s encode=0.766s wait=0.394s drain=32.727s waits=8977 untimed=7012 | wide: calls=997 total=6.803s encode=0.666s wait=5.632s drain=0.505s waits=997 untimed=0
[kernel-sub] materialize=0.332s moe=6.860s precommit=32.854s rest=0.644s
[metal-cache] calls=14261 zero_copy_wraps=390 copies=0 cache_entries=187 bindless=true
 Col
[stats] generated=91 elapsed=149.023s speed=0.6106 token/s (1.638 s/token) chunks=89 committed_rows=128 verify_tx=3 drafts=2/12 layer_passes=8277 expert_rows=11776 expert_tiles=8686
[verify-width] w1=0 w2=2 w3=0 w4=0 w5=0 w6=0 w7=0 w8+=1              (w1 share 0.0% of 3 transactions)
[opens] expert file opens=480708 total=5.207s mean=0.011ms requested_bytes=3954993937600 (3955.0 GB)
[split-eta] chunks served hot=76598 dir_c=42226 dir_b=96969 primary=189344
[arrival] tiles=823 waves=1483 uncovered_wait=25.179s dispatch=6.811s
[retain] enabled=false cap_gb=8 layers=63..=92 consults=0 wanted=0 hits=0 inserts=0 served=0.0MB
[summer] enabled=false cap_gb=8 sample=16 consults=0 wanted=0 hits=0 hit_rate=0.0% misses=0 inserts=0 evictions=0 recycled=0 allocs=0 pin_skips=0 gated=0 ramp=2..50 bar=0 suppressed=0 wide_skips=0 served=0.0MB copied=0.0MB ssd_avoided=0.0GB live=0/0.0GB model=0 protected=0 declined=0 topup_suppressed=0 aged=0 into=0/0/0 pending=0
[mirror-split] internal=0 K3C=0 K3B=0 K3A=0  shares=0%/0%/0%/0%
[phases] mono=418486.656852 chunks=89 sequence=141.177s read_wait=0.170s bind_upload=1.591s attention_resident=10.011s expert_read_prefetch=65.946s expert_demand_read=39.889s expert_plan=6.468s expert_hint=0.001s expert_submit=0.000s expert_kernel=61.894s source_fence=0.000s tail_head_sync=1.379s layer_other=0.142s expert_read_gross=59.478s plan_hint=6.312s plan_sched=0.154s attn_total=11.534s attn_encode=3.476s attn_wait=6.413s attn_drain=1.645s kernel_total=41.092s kernel_host=1.440s kernel_wait=6.030s kernel_drain=33.622s
[attn-split] single: calls=8091 total=7.157s encode=2.549s wait=2.963s drain=1.645s waits=14007 untimed=2788 | wide: calls=372 total=4.376s encode=0.926s wait=3.450s drain=0.000s waits=368 untimed=368 | hint: calls=8372 total=6.468s encode=0.019s wait=6.450s drain=0.000s waits=8402 untimed=8402
[kernel-split] single: calls=8533 total=34.289s encode=0.775s wait=0.397s drain=33.117s waits=9080 untimed=7097 | wide: calls=997 total=6.803s encode=0.666s wait=5.632s drain=0.505s waits=997 untimed=0
[kernel-sub] materialize=0.332s moe=6.867s precommit=33.246s rest=0.648s
[metal-cache] calls=14358 zero_copy_wraps=390 copies=0 cache_entries=187 bindless=true
lected
[stats] generated=92 elapsed=150.293s speed=0.6121 token/s (1.634 s/token) chunks=90 committed_rows=129 verify_tx=3 drafts=2/12 layer_passes=8370 expert_rows=11868 expert_tiles=8778
[verify-width] w1=0 w2=2 w3=0 w4=0 w5=0 w6=0 w7=0 w8+=1              (w1 share 0.0% of 3 transactions)
[opens] expert file opens=485969 total=5.261s mean=0.011ms requested_bytes=3990395583680 (3990.4 GB)
[split-eta] chunks served hot=77365 dir_c=42631 dir_b=97942 primary=191234
[arrival] tiles=824 waves=1490 uncovered_wait=25.190s dispatch=6.819s
[retain] enabled=false cap_gb=8 layers=63..=92 consults=0 wanted=0 hits=0 inserts=0 served=0.0MB
[summer] enabled=false cap_gb=8 sample=16 consults=0 wanted=0 hits=0 hit_rate=0.0% misses=0 inserts=0 evictions=0 recycled=0 allocs=0 pin_skips=0 gated=0 ramp=2..50 bar=0 suppressed=0 wide_skips=0 served=0.0MB copied=0.0MB ssd_avoided=0.0GB live=0/0.0GB model=0 protected=0 declined=0 topup_suppressed=0 aged=0 into=0/0/0 pending=0
[mirror-split] internal=0 K3C=0 K3B=0 K3A=0  shares=0%/0%/0%/0%
[phases] mono=418487.926315 chunks=90 sequence=142.445s read_wait=0.170s bind_upload=1.591s attention_resident=10.089s expert_read_prefetch=66.680s expert_demand_read=40.314s expert_plan=6.543s expert_hint=0.001s expert_submit=0.000s expert_kernel=62.332s source_fence=0.000s tail_head_sync=1.395s layer_other=0.144s expert_read_gross=60.136s plan_hint=6.386s plan_sched=0.155s attn_total=11.611s attn_encode=3.500s attn_wait=6.447s attn_drain=1.664s kernel_total=41.520s kernel_host=1.449s kernel_wait=6.035s kernel_drain=34.036s
[attn-split] single: calls=8184 total=7.235s encode=2.574s wait=2.997s drain=1.664s waits=14168 untimed=2816 | wide: calls=372 total=4.376s encode=0.926s wait=3.450s drain=0.000s waits=368 untimed=368 | hint: calls=8464 total=6.542s encode=0.019s wait=6.524s drain=0.000s waits=8493 untimed=8493
[kernel-split] single: calls=8631 total=34.717s encode=0.783s wait=0.403s drain=33.531s waits=9185 untimed=7177 | wide: calls=997 total=6.803s encode=0.666s wait=5.632s drain=0.505s waits=997 untimed=0
[kernel-sub] materialize=0.332s moe=6.875s precommit=33.661s rest=0.652s
[metal-cache] calls=14456 zero_copy_wraps=390 copies=0 cache_entries=187 bindless=true
 **
[stats] generated=93 elapsed=151.586s speed=0.6135 token/s (1.630 s/token) chunks=91 committed_rows=130 verify_tx=3 drafts=2/12 layer_passes=8463 expert_rows=11960 expert_tiles=8870
[verify-width] w1=0 w2=2 w3=0 w4=0 w5=0 w6=0 w7=0 w8+=1              (w1 share 0.0% of 3 transactions)
[opens] expert file opens=491453 total=5.321s mean=0.011ms requested_bytes=4026516683968 (4026.5 GB)
[split-eta] chunks served hot=78146 dir_c=43036 dir_b=98945 primary=193162
[arrival] tiles=825 waves=1498 uncovered_wait=25.200s dispatch=6.827s
[retain] enabled=false cap_gb=8 layers=63..=92 consults=0 wanted=0 hits=0 inserts=0 served=0.0MB
[summer] enabled=false cap_gb=8 sample=16 consults=0 wanted=0 hits=0 hit_rate=0.0% misses=0 inserts=0 evictions=0 recycled=0 allocs=0 pin_skips=0 gated=0 ramp=2..50 bar=0 suppressed=0 wide_skips=0 served=0.0MB copied=0.0MB ssd_avoided=0.0GB live=0/0.0GB model=0 protected=0 declined=0 topup_suppressed=0 aged=0 into=0/0/0 pending=0
[mirror-split] internal=0 K3C=0 K3B=0 K3A=0  shares=0%/0%/0%/0%
[phases] mono=418489.219437 chunks=91 sequence=143.737s read_wait=0.170s bind_upload=1.591s attention_resident=10.180s expert_read_prefetch=67.456s expert_demand_read=40.798s expert_plan=6.618s expert_hint=0.001s expert_submit=0.000s expert_kernel=62.739s source_fence=0.000s tail_head_sync=1.412s layer_other=0.145s expert_read_gross=60.837s plan_hint=6.460s plan_sched=0.157s attn_total=11.702s attn_encode=3.527s attn_wait=6.473s attn_drain=1.703s kernel_total=41.916s kernel_host=1.458s kernel_wait=6.039s kernel_drain=34.419s
[attn-split] single: calls=8277 total=7.326s encode=2.600s wait=3.023s drain=1.703s waits=14329 untimed=2837 | wide: calls=372 total=4.376s encode=0.926s wait=3.450s drain=0.000s waits=368 untimed=368 | hint: calls=8556 total=6.616s encode=0.019s wait=6.597s drain=0.000s waits=8584 untimed=8584
[kernel-split] single: calls=8730 total=35.113s encode=0.793s wait=0.407s drain=33.914s waits=9292 untimed=7261 | wide: calls=997 total=6.803s encode=0.666s wait=5.632s drain=0.505s waits=997 untimed=0
[kernel-sub] materialize=0.332s moe=6.882s precommit=34.045s rest=0.657s
[metal-cache] calls=14555 zero_copy_wraps=390 copies=0 cache_entries=187 bindless=true
only
[stats] generated=94 elapsed=152.870s speed=0.6149 token/s (1.626 s/token) chunks=92 committed_rows=131 verify_tx=3 drafts=2/12 layer_passes=8556 expert_rows=12052 expert_tiles=8962
[verify-width] w1=0 w2=2 w3=0 w4=0 w5=0 w6=0 w7=0 w8+=1              (w1 share 0.0% of 3 transactions)
[opens] expert file opens=496685 total=5.376s mean=0.011ms requested_bytes=4062409653440 (4062.4 GB)
[split-eta] chunks served hot=78950 dir_c=43449 dir_b=99920 primary=195061
[arrival] tiles=826 waves=1504 uncovered_wait=25.212s dispatch=6.834s
[retain] enabled=false cap_gb=8 layers=63..=92 consults=0 wanted=0 hits=0 inserts=0 served=0.0MB
[summer] enabled=false cap_gb=8 sample=16 consults=0 wanted=0 hits=0 hit_rate=0.0% misses=0 inserts=0 evictions=0 recycled=0 allocs=0 pin_skips=0 gated=0 ramp=2..50 bar=0 suppressed=0 wide_skips=0 served=0.0MB copied=0.0MB ssd_avoided=0.0GB live=0/0.0GB model=0 protected=0 declined=0 topup_suppressed=0 aged=0 into=0/0/0 pending=0
[mirror-split] internal=0 K3C=0 K3B=0 K3A=0  shares=0%/0%/0%/0%
[phases] mono=418490.503363 chunks=92 sequence=145.020s read_wait=0.170s bind_upload=1.591s attention_resident=10.274s expert_read_prefetch=68.222s expert_demand_read=41.267s expert_plan=6.700s expert_hint=0.001s expert_submit=0.000s expert_kernel=63.143s source_fence=0.000s tail_head_sync=1.428s layer_other=0.147s expert_read_gross=61.522s plan_hint=6.540s plan_sched=0.158s attn_total=11.796s attn_encode=3.570s attn_wait=6.504s attn_drain=1.722s kernel_total=42.309s kernel_host=1.466s kernel_wait=6.044s kernel_drain=34.799s
[attn-split] single: calls=8370 total=7.420s encode=2.643s wait=3.054s drain=1.722s waits=14490 untimed=2866 | wide: calls=372 total=4.376s encode=0.926s wait=3.450s drain=0.000s waits=368 untimed=368 | hint: calls=8648 total=6.697s encode=0.019s wait=6.678s drain=0.000s waits=8675 untimed=8675
[kernel-split] single: calls=8827 total=35.506s encode=0.800s wait=0.412s drain=34.294s waits=9395 untimed=7343 | wide: calls=997 total=6.803s encode=0.666s wait=5.632s drain=0.505s waits=997 untimed=0
[kernel-sub] materialize=0.332s moe=6.889s precommit=34.427s rest=0.660s
[metal-cache] calls=14652 zero_copy_wraps=390 copies=0 cache_entries=187 bindless=true
 at
[stats] generated=95 elapsed=154.124s speed=0.6164 token/s (1.622 s/token) chunks=93 committed_rows=132 verify_tx=3 drafts=2/12 layer_passes=8649 expert_rows=12144 expert_tiles=9054
[verify-width] w1=0 w2=2 w3=0 w4=0 w5=0 w6=0 w7=0 w8+=1              (w1 share 0.0% of 3 transactions)
[opens] expert file opens=501962 total=5.431s mean=0.011ms requested_bytes=4097460403392 (4097.5 GB)
[split-eta] chunks served hot=79699 dir_c=43849 dir_b=100893 primary=196934
[arrival] tiles=827 waves=1512 uncovered_wait=25.220s dispatch=6.841s
[retain] enabled=false cap_gb=8 layers=63..=92 consults=0 wanted=0 hits=0 inserts=0 served=0.0MB
[summer] enabled=false cap_gb=8 sample=16 consults=0 wanted=0 hits=0 hit_rate=0.0% misses=0 inserts=0 evictions=0 recycled=0 allocs=0 pin_skips=0 gated=0 ramp=2..50 bar=0 suppressed=0 wide_skips=0 served=0.0MB copied=0.0MB ssd_avoided=0.0GB live=0/0.0GB model=0 protected=0 declined=0 topup_suppressed=0 aged=0 into=0/0/0 pending=0
[mirror-split] internal=0 K3C=0 K3B=0 K3A=0  shares=0%/0%/0%/0%
[phases] mono=418491.757647 chunks=93 sequence=146.273s read_wait=0.170s bind_upload=1.591s attention_resident=10.344s expert_read_prefetch=68.976s expert_demand_read=41.731s expert_plan=6.765s expert_hint=0.001s expert_submit=0.000s expert_kernel=63.555s source_fence=0.000s tail_head_sync=1.444s layer_other=0.148s expert_read_gross=62.211s plan_hint=6.604s plan_sched=0.159s attn_total=11.866s attn_encode=3.594s attn_wait=6.540s attn_drain=1.732s kernel_total=42.712s kernel_host=1.474s kernel_wait=6.048s kernel_drain=35.190s
[attn-split] single: calls=8463 total=7.489s encode=2.667s wait=3.090s drain=1.732s waits=14651 untimed=2902 | wide: calls=372 total=4.376s encode=0.926s wait=3.450s drain=0.000s waits=368 untimed=368 | hint: calls=8740 total=6.760s encode=0.019s wait=6.741s drain=0.000s waits=8766 untimed=8766
[kernel-split] single: calls=8926 total=35.909s encode=0.809s wait=0.416s drain=34.685s waits=9502 untimed=7428 | wide: calls=997 total=6.803s encode=0.666s wait=5.632s drain=0.505s waits=997 untimed=0
[kernel-sub] materialize=0.332s moe=6.897s precommit=34.819s rest=0.664s
[metal-cache] calls=14751 zero_copy_wraps=390 copies=0 cache_entries=187 bindless=true
 the
[stats] generated=96 elapsed=155.345s speed=0.6180 token/s (1.618 s/token) chunks=94 committed_rows=133 verify_tx=3 drafts=2/12 layer_passes=8742 expert_rows=12236 expert_tiles=9146
[verify-width] w1=0 w2=2 w3=0 w4=0 w5=0 w6=0 w7=0 w8+=1              (w1 share 0.0% of 3 transactions)
[opens] expert file opens=507134 total=5.485s mean=0.011ms requested_bytes=4131879386304 (4131.9 GB)
[split-eta] chunks served hot=80459 dir_c=44231 dir_b=101840 primary=198768
[arrival] tiles=828 waves=1520 uncovered_wait=25.232s dispatch=6.850s
[retain] enabled=false cap_gb=8 layers=63..=92 consults=0 wanted=0 hits=0 inserts=0 served=0.0MB
[summer] enabled=false cap_gb=8 sample=16 consults=0 wanted=0 hits=0 hit_rate=0.0% misses=0 inserts=0 evictions=0 recycled=0 allocs=0 pin_skips=0 gated=0 ramp=2..50 bar=0 suppressed=0 wide_skips=0 served=0.0MB copied=0.0MB ssd_avoided=0.0GB live=0/0.0GB model=0 protected=0 declined=0 topup_suppressed=0 aged=0 into=0/0/0 pending=0
[mirror-split] internal=0 K3C=0 K3B=0 K3A=0  shares=0%/0%/0%/0%
[phases] mono=418492.977872 chunks=94 sequence=147.492s read_wait=0.170s bind_upload=1.591s attention_resident=10.419s expert_read_prefetch=69.663s expert_demand_read=42.146s expert_plan=6.829s expert_hint=0.001s expert_submit=0.000s expert_kernel=63.995s source_fence=0.000s tail_head_sync=1.461s layer_other=0.149s expert_read_gross=62.833s plan_hint=6.667s plan_sched=0.160s attn_total=11.940s attn_encode=3.614s attn_wait=6.567s attn_drain=1.759s kernel_total=43.140s kernel_host=1.482s kernel_wait=6.054s kernel_drain=35.604s
[attn-split] single: calls=8556 total=7.564s encode=2.688s wait=3.117s drain=1.759s waits=14812 untimed=2934 | wide: calls=372 total=4.376s encode=0.926s wait=3.450s drain=0.000s waits=368 untimed=368 | hint: calls=8832 total=6.824s encode=0.020s wait=6.804s drain=0.000s waits=8857 untimed=8857
[kernel-split] single: calls=9025 total=36.337s encode=0.817s wait=0.422s drain=35.099s waits=9609 untimed=7506 | wide: calls=997 total=6.803s encode=0.666s wait=5.632s drain=0.505s waits=997 untimed=0
[kernel-sub] materialize=0.332s moe=6.905s precommit=35.235s rest=0.668s
[metal-cache] calls=14850 zero_copy_wraps=390 copies=0 cache_entries=187 bindless=true
 final
[stats] generated=97 elapsed=156.638s speed=0.6193 token/s (1.615 s/token) chunks=95 committed_rows=134 verify_tx=3 drafts=2/12 layer_passes=8835 expert_rows=12328 expert_tiles=9238
[verify-width] w1=0 w2=2 w3=0 w4=0 w5=0 w6=0 w7=0 w8+=1              (w1 share 0.0% of 3 transactions)
[opens] expert file opens=512586 total=5.544s mean=0.011ms requested_bytes=4168114584768 (4168.1 GB)
[split-eta] chunks served hot=81235 dir_c=44633 dir_b=102847 primary=200713
[arrival] tiles=829 waves=1525 uncovered_wait=25.241s dispatch=6.857s
[retain] enabled=false cap_gb=8 layers=63..=92 consults=0 wanted=0 hits=0 inserts=0 served=0.0MB
[summer] enabled=false cap_gb=8 sample=16 consults=0 wanted=0 hits=0 hit_rate=0.0% misses=0 inserts=0 evictions=0 recycled=0 allocs=0 pin_skips=0 gated=0 ramp=2..50 bar=0 suppressed=0 wide_skips=0 served=0.0MB copied=0.0MB ssd_avoided=0.0GB live=0/0.0GB model=0 protected=0 declined=0 topup_suppressed=0 aged=0 into=0/0/0 pending=0
[mirror-split] internal=0 K3C=0 K3B=0 K3A=0  shares=0%/0%/0%/0%
[phases] mono=418494.270981 chunks=95 sequence=148.784s read_wait=0.170s bind_upload=1.591s attention_resident=10.505s expert_read_prefetch=70.433s expert_demand_read=42.606s expert_plan=6.913s expert_hint=0.001s expert_submit=0.001s expert_kernel=64.412s source_fence=0.000s tail_head_sync=1.477s layer_other=0.150s expert_read_gross=63.520s plan_hint=6.750s plan_sched=0.161s attn_total=12.026s attn_encode=3.642s attn_wait=6.606s attn_drain=1.778s kernel_total=43.548s kernel_host=1.492s kernel_wait=6.058s kernel_drain=35.998s
[attn-split] single: calls=8649 total=7.650s encode=2.715s wait=3.156s drain=1.778s waits=14973 untimed=2964 | wide: calls=372 total=4.376s encode=0.926s wait=3.450s drain=0.000s waits=368 untimed=368 | hint: calls=8924 total=6.906s encode=0.020s wait=6.886s drain=0.000s waits=8948 untimed=8948
[kernel-split] single: calls=9121 total=36.745s encode=0.826s wait=0.425s drain=35.493s waits=9710 untimed=7590 | wide: calls=997 total=6.803s encode=0.666s wait=5.632s drain=0.505s waits=997 untimed=0
[kernel-sub] materialize=0.332s moe=6.912s precommit=35.631s rest=0.673s
[metal-cache] calls=14946 zero_copy_wraps=390 copies=0 cache_entries=187 bindless=true
 sale
[stats] generated=98 elapsed=157.839s speed=0.6209 token/s (1.611 s/token) chunks=96 committed_rows=135 verify_tx=3 drafts=2/12 layer_passes=8928 expert_rows=12420 expert_tiles=9330
[verify-width] w1=0 w2=2 w3=0 w4=0 w5=0 w6=0 w7=0 w8+=1              (w1 share 0.0% of 3 transactions)
[opens] expert file opens=517627 total=5.597s mean=0.011ms requested_bytes=4201717660864 (4201.7 GB)
[split-eta] chunks served hot=81954 dir_c=45012 dir_b=103774 primary=202518
[arrival] tiles=830 waves=1531 uncovered_wait=25.250s dispatch=6.864s
[retain] enabled=false cap_gb=8 layers=63..=92 consults=0 wanted=0 hits=0 inserts=0 served=0.0MB
[summer] enabled=false cap_gb=8 sample=16 consults=0 wanted=0 hits=0 hit_rate=0.0% misses=0 inserts=0 evictions=0 recycled=0 allocs=0 pin_skips=0 gated=0 ramp=2..50 bar=0 suppressed=0 wide_skips=0 served=0.0MB copied=0.0MB ssd_avoided=0.0GB live=0/0.0GB model=0 protected=0 declined=0 topup_suppressed=0 aged=0 into=0/0/0 pending=0
[mirror-split] internal=0 K3C=0 K3B=0 K3A=0  shares=0%/0%/0%/0%
[phases] mono=418495.472463 chunks=96 sequence=149.985s read_wait=0.170s bind_upload=1.591s attention_resident=10.598s expert_read_prefetch=71.171s expert_demand_read=43.058s expert_plan=6.983s expert_hint=0.001s expert_submit=0.001s expert_kernel=64.764s source_fence=0.000s tail_head_sync=1.494s layer_other=0.152s expert_read_gross=64.188s plan_hint=6.818s plan_sched=0.162s attn_total=12.119s attn_encode=3.683s attn_wait=6.645s attn_drain=1.791s kernel_total=43.891s kernel_host=1.500s kernel_wait=6.061s kernel_drain=36.329s
[attn-split] single: calls=8742 total=7.742s encode=2.757s wait=3.195s drain=1.791s waits=15134 untimed=3001 | wide: calls=372 total=4.376s encode=0.926s wait=3.450s drain=0.000s waits=368 untimed=368 | hint: calls=9016 total=6.975s encode=0.020s wait=6.955s drain=0.000s waits=9039 untimed=9039
[kernel-split] single: calls=9218 total=37.088s encode=0.835s wait=0.429s drain=35.824s waits=9813 untimed=7675 | wide: calls=997 total=6.803s encode=0.666s wait=5.632s drain=0.505s waits=997 untimed=0
[kernel-sub] materialize=0.332s moe=6.919s precommit=35.963s rest=0.677s
[metal-cache] calls=15043 zero_copy_wraps=390 copies=0 cache_entries=187 bindless=true
[route-chain] chained=6210
[route-chain] dedup_hits=6210
**
[stats] generated=99 elapsed=159.056s speed=0.6224 token/s (1.607 s/token) chunks=97 committed_rows=136 verify_tx=3 drafts=2/12 layer_passes=9021 expert_rows=12512 expert_tiles=9422
[verify-width] w1=0 w2=2 w3=0 w4=0 w5=0 w6=0 w7=0 w8+=1              (w1 share 0.0% of 3 transactions)
[opens] expert file opens=522737 total=5.655s mean=0.011ms requested_bytes=4235540102336 (4235.5 GB)
[split-eta] chunks served hot=82684 dir_c=45375 dir_b=104717 primary=204337
[arrival] tiles=831 waves=1538 uncovered_wait=25.261s dispatch=6.871s
[retain] enabled=false cap_gb=8 layers=63..=92 consults=0 wanted=0 hits=0 inserts=0 served=0.0MB
[summer] enabled=false cap_gb=8 sample=16 consults=0 wanted=0 hits=0 hit_rate=0.0% misses=0 inserts=0 evictions=0 recycled=0 allocs=0 pin_skips=0 gated=0 ramp=2..50 bar=0 suppressed=0 wide_skips=0 served=0.0MB copied=0.0MB ssd_avoided=0.0GB live=0/0.0GB model=0 protected=0 declined=0 topup_suppressed=0 aged=0 into=0/0/0 pending=0
[mirror-split] internal=0 K3C=0 K3B=0 K3A=0  shares=0%/0%/0%/0%
[phases] mono=418496.689260 chunks=97 sequence=151.201s read_wait=0.170s bind_upload=1.591s attention_resident=10.660s expert_read_prefetch=71.943s expert_demand_read=43.504s expert_plan=7.048s expert_hint=0.001s expert_submit=0.001s expert_kernel=65.125s source_fence=0.000s tail_head_sync=1.514s layer_other=0.153s expert_read_gross=64.895s plan_hint=6.882s plan_sched=0.163s attn_total=12.181s attn_encode=3.702s attn_wait=6.675s attn_drain=1.804s kernel_total=44.240s kernel_host=1.509s kernel_wait=6.066s kernel_drain=36.665s
[attn-split] single: calls=8835 total=7.805s encode=2.776s wait=3.225s drain=1.804s waits=15295 untimed=3032 | wide: calls=372 total=4.376s encode=0.926s wait=3.450s drain=0.000s waits=368 untimed=368 | hint: calls=9108 total=7.039s encode=0.020s wait=7.018s drain=0.000s waits=9130 untimed=9130
[kernel-split] single: calls=9316 total=37.437s encode=0.843s wait=0.433s drain=36.160s waits=9918 untimed=7755 | wide: calls=997 total=6.803s encode=0.666s wait=5.632s drain=0.505s waits=997 untimed=0
[kernel-sub] materialize=0.332s moe=6.926s precommit=36.300s rest=0.681s
[metal-cache] calls=15141 zero_copy_wraps=390 copies=0 cache_entries=187 bindless=true
 to
[stats] generated=100 elapsed=160.338s speed=0.6237 token/s (1.603 s/token) chunks=98 committed_rows=137 verify_tx=3 drafts=2/12 layer_passes=9114 expert_rows=12604 expert_tiles=9514
[verify-width] w1=0 w2=2 w3=0 w4=0 w5=0 w6=0 w7=0 w8+=1              (w1 share 0.0% of 3 transactions)
[opens] expert file opens=528127 total=5.712s mean=0.011ms requested_bytes=4271512075456 (4271.5 GB)
[split-eta] chunks served hot=83471 dir_c=45782 dir_b=105705 primary=206255
[arrival] tiles=832 waves=1542 uncovered_wait=25.271s dispatch=6.878s
[retain] enabled=false cap_gb=8 layers=63..=92 consults=0 wanted=0 hits=0 inserts=0 served=0.0MB
[summer] enabled=false cap_gb=8 sample=16 consults=0 wanted=0 hits=0 hit_rate=0.0% misses=0 inserts=0 evictions=0 recycled=0 allocs=0 pin_skips=0 gated=0 ramp=2..50 bar=0 suppressed=0 wide_skips=0 served=0.0MB copied=0.0MB ssd_avoided=0.0GB live=0/0.0GB model=0 protected=0 declined=0 topup_suppressed=0 aged=0 into=0/0/0 pending=0
[mirror-split] internal=0 K3C=0 K3B=0 K3A=0  shares=0%/0%/0%/0%
[phases] mono=418497.971357 chunks=98 sequence=152.482s read_wait=0.170s bind_upload=1.591s attention_resident=10.734s expert_read_prefetch=72.745s expert_demand_read=43.990s expert_plan=7.126s expert_hint=0.001s expert_submit=0.001s expert_kernel=65.513s source_fence=0.000s tail_head_sync=1.531s layer_other=0.154s expert_read_gross=65.618s plan_hint=6.960s plan_sched=0.164s attn_total=12.255s attn_encode=3.727s attn_wait=6.708s attn_drain=1.819s kernel_total=44.618s kernel_host=1.517s kernel_wait=6.070s kernel_drain=37.032s
[attn-split] single: calls=8928 total=7.878s encode=2.801s wait=3.258s drain=1.819s waits=15456 untimed=3065 | wide: calls=372 total=4.376s encode=0.926s wait=3.450s drain=0.000s waits=368 untimed=368 | hint: calls=9200 total=7.116s encode=0.020s wait=7.096s drain=0.000s waits=9221 untimed=9221
[kernel-split] single: calls=9411 total=37.815s encode=0.851s wait=0.438s drain=36.526s waits=10017 untimed=7841 | wide: calls=997 total=6.803s encode=0.666s wait=5.632s drain=0.505s waits=997 untimed=0
[kernel-sub] materialize=0.332s moe=6.932s precommit=36.668s rest=0.685s
[metal-cache] calls=15236 zero_copy_wraps=390 copies=0 cache_entries=187 bindless=true
 the
[stats] generated=101 elapsed=161.503s speed=0.6254 token/s (1.599 s/token) chunks=99 committed_rows=138 verify_tx=3 drafts=2/12 layer_passes=9207 expert_rows=12696 expert_tiles=9606
[verify-width] w1=0 w2=2 w3=0 w4=0 w5=0 w6=0 w7=0 w8+=1              (w1 share 0.0% of 3 transactions)
[opens] expert file opens=533160 total=5.770s mean=0.011ms requested_bytes=4304930897088 (4304.9 GB)
[split-eta] chunks served hot=84221 dir_c=46164 dir_b=106618 primary=208019
[arrival] tiles=833 waves=1550 uncovered_wait=25.281s dispatch=6.886s
[retain] enabled=false cap_gb=8 layers=63..=92 consults=0 wanted=0 hits=0 inserts=0 served=0.0MB
[summer] enabled=false cap_gb=8 sample=16 consults=0 wanted=0 hits=0 hit_rate=0.0% misses=0 inserts=0 evictions=0 recycled=0 allocs=0 pin_skips=0 gated=0 ramp=2..50 bar=0 suppressed=0 wide_skips=0 served=0.0MB copied=0.0MB ssd_avoided=0.0GB live=0/0.0GB model=0 protected=0 declined=0 topup_suppressed=0 aged=0 into=0/0/0 pending=0
[mirror-split] internal=0 K3C=0 K3B=0 K3A=0  shares=0%/0%/0%/0%
[phases] mono=418499.136339 chunks=99 sequence=153.646s read_wait=0.170s bind_upload=1.591s attention_resident=10.811s expert_read_prefetch=73.419s expert_demand_read=44.404s expert_plan=7.194s expert_hint=0.001s expert_submit=0.001s expert_kernel=65.914s source_fence=0.000s tail_head_sync=1.540s layer_other=0.155s expert_read_gross=66.225s plan_hint=7.026s plan_sched=0.165s attn_total=12.331s attn_encode=3.752s attn_wait=6.739s attn_drain=1.840s kernel_total=45.010s kernel_host=1.526s kernel_wait=6.074s kernel_drain=37.409s
[attn-split] single: calls=9021 total=7.955s encode=2.826s wait=3.289s drain=1.840s waits=15617 untimed=3094 | wide: calls=372 total=4.376s encode=0.926s wait=3.450s drain=0.000s waits=368 untimed=368 | hint: calls=9292 total=7.182s encode=0.021s wait=7.162s drain=0.000s waits=9312 untimed=9312
[kernel-split] single: calls=9510 total=38.207s encode=0.860s wait=0.442s drain=36.904s waits=10124 untimed=7927 | wide: calls=997 total=6.803s encode=0.666s wait=5.632s drain=0.505s waits=997 untimed=0
[kernel-sub] materialize=0.332s moe=6.940s precommit=37.047s rest=0.690s
[metal-cache] calls=15335 zero_copy_wraps=390 copies=0 cache_entries=187 bindless=true
 consumer
[stats] generated=102 elapsed=162.800s speed=0.6265 token/s (1.596 s/token) chunks=100 committed_rows=139 verify_tx=3 drafts=2/12 layer_passes=9300 expert_rows=12788 expert_tiles=9698
[verify-width] w1=0 w2=2 w3=0 w4=0 w5=0 w6=0 w7=0 w8+=1              (w1 share 0.0% of 3 transactions)
[opens] expert file opens=538602 total=5.829s mean=0.011ms requested_bytes=4341543386304 (4341.5 GB)
[split-eta] chunks served hot=85008 dir_c=46583 dir_b=107627 primary=209977
[arrival] tiles=834 waves=1558 uncovered_wait=25.290s dispatch=6.893s
[retain] enabled=false cap_gb=8 layers=63..=92 consults=0 wanted=0 hits=0 inserts=0 served=0.0MB
[summer] enabled=false cap_gb=8 sample=16 consults=0 wanted=0 hits=0 hit_rate=0.0% misses=0 inserts=0 evictions=0 recycled=0 allocs=0 pin_skips=0 gated=0 ramp=2..50 bar=0 suppressed=0 wide_skips=0 served=0.0MB copied=0.0MB ssd_avoided=0.0GB live=0/0.0GB model=0 protected=0 declined=0 topup_suppressed=0 aged=0 into=0/0/0 pending=0
[mirror-split] internal=0 K3C=0 K3B=0 K3A=0  shares=0%/0%/0%/0%
[phases] mono=418500.432973 chunks=100 sequence=154.941s read_wait=0.170s bind_upload=1.591s attention_resident=10.909s expert_read_prefetch=74.188s expert_demand_read=44.887s expert_plan=7.264s expert_hint=0.001s expert_submit=0.001s expert_kernel=66.326s source_fence=0.000s tail_head_sync=1.556s layer_other=0.156s expert_read_gross=66.924s plan_hint=7.096s plan_sched=0.166s attn_total=12.429s attn_encode=3.796s attn_wait=6.771s attn_drain=1.861s kernel_total=45.411s kernel_host=1.536s kernel_wait=6.079s kernel_drain=37.797s
[attn-split] single: calls=9114 total=8.053s encode=2.870s wait=3.321s drain=1.861s waits=15778 untimed=3121 | wide: calls=372 total=4.376s encode=0.926s wait=3.450s drain=0.000s waits=368 untimed=368 | hint: calls=9384 total=7.252s encode=0.021s wait=7.231s drain=0.000s waits=9403 untimed=9403
[kernel-split] single: calls=9609 total=38.609s encode=0.870s wait=0.447s drain=37.292s waits=10231 untimed=8012 | wide: calls=997 total=6.803s encode=0.666s wait=5.632s drain=0.505s waits=997 untimed=0
[kernel-sub] materialize=0.332s moe=6.948s precommit=37.437s rest=0.694s
[metal-cache] calls=15434 zero_copy_wraps=390 copies=0 cache_entries=187 bindless=true
 |

[stats] generated=103 elapsed=164.106s speed=0.6276 token/s (1.593 s/token) chunks=101 committed_rows=140 verify_tx=3 drafts=2/12 layer_passes=9393 expert_rows=12880 expert_tiles=9790
[verify-width] w1=0 w2=2 w3=0 w4=0 w5=0 w6=0 w7=0 w8+=1              (w1 share 0.0% of 3 transactions)
[opens] expert file opens=544061 total=5.888s mean=0.011ms requested_bytes=4377883819200 (4377.9 GB)
[split-eta] chunks served hot=85788 dir_c=46985 dir_b=108627 primary=211937
[arrival] tiles=835 waves=1566 uncovered_wait=25.300s dispatch=6.903s
[retain] enabled=false cap_gb=8 layers=63..=92 consults=0 wanted=0 hits=0 inserts=0 served=0.0MB
[summer] enabled=false cap_gb=8 sample=16 consults=0 wanted=0 hits=0 hit_rate=0.0% misses=0 inserts=0 evictions=0 recycled=0 allocs=0 pin_skips=0 gated=0 ramp=2..50 bar=0 suppressed=0 wide_skips=0 served=0.0MB copied=0.0MB ssd_avoided=0.0GB live=0/0.0GB model=0 protected=0 declined=0 topup_suppressed=0 aged=0 into=0/0/0 pending=0
[mirror-split] internal=0 K3C=0 K3B=0 K3A=0  shares=0%/0%/0%/0%
[phases] mono=418501.739784 chunks=101 sequence=156.246s read_wait=0.170s bind_upload=1.591s attention_resident=10.990s expert_read_prefetch=74.957s expert_demand_read=45.351s expert_plan=7.328s expert_hint=0.001s expert_submit=0.001s expert_kernel=66.762s source_fence=0.000s tail_head_sync=1.573s layer_other=0.157s expert_read_gross=67.629s plan_hint=7.158s plan_sched=0.167s attn_total=12.510s attn_encode=3.817s attn_wait=6.798s attn_drain=1.894s kernel_total=45.838s kernel_host=1.545s kernel_wait=6.085s kernel_drain=38.209s
[attn-split] single: calls=9207 total=8.134s encode=2.891s wait=3.348s drain=1.894s waits=15939 untimed=3155 | wide: calls=372 total=4.376s encode=0.926s wait=3.450s drain=0.000s waits=368 untimed=368 | hint: calls=9476 total=7.314s encode=0.021s wait=7.293s drain=0.000s waits=9494 untimed=9494
[kernel-split] single: calls=9708 total=39.035s encode=0.879s wait=0.453s drain=37.703s waits=10338 untimed=8096 | wide: calls=997 total=6.803s encode=0.666s wait=5.632s drain=0.505s waits=997 untimed=0
[kernel-sub] materialize=0.332s moe=6.957s precommit=37.850s rest=0.699s
[metal-cache] calls=15533 zero_copy_wraps=390 copies=0 cache_entries=187 bindless=true
|
[stats] generated=104 elapsed=165.366s speed=0.6289 token/s (1.590 s/token) chunks=102 committed_rows=141 verify_tx=3 drafts=2/12 layer_passes=9486 expert_rows=12972 expert_tiles=9882
[verify-width] w1=0 w2=2 w3=0 w4=0 w5=0 w6=0 w7=0 w8+=1              (w1 share 0.0% of 3 transactions)
[opens] expert file opens=549335 total=5.942s mean=0.011ms requested_bytes=4413083761856 (4413.1 GB)
[split-eta] chunks served hot=86536 dir_c=47395 dir_b=109603 primary=213815
[arrival] tiles=836 waves=1574 uncovered_wait=25.311s dispatch=6.910s
[retain] enabled=false cap_gb=8 layers=63..=92 consults=0 wanted=0 hits=0 inserts=0 served=0.0MB
[summer] enabled=false cap_gb=8 sample=16 consults=0 wanted=0 hits=0 hit_rate=0.0% misses=0 inserts=0 evictions=0 recycled=0 allocs=0 pin_skips=0 gated=0 ramp=2..50 bar=0 suppressed=0 wide_skips=0 served=0.0MB copied=0.0MB ssd_avoided=0.0GB live=0/0.0GB model=0 protected=0 declined=0 topup_suppressed=0 aged=0 into=0/0/0 pending=0
[mirror-split] internal=0 K3C=0 K3B=0 K3A=0  shares=0%/0%/0%/0%
[phases] mono=418502.999295 chunks=102 sequence=157.505s read_wait=0.170s bind_upload=1.591s attention_resident=11.072s expert_read_prefetch=75.773s expert_demand_read=45.855s expert_plan=7.395s expert_hint=0.001s expert_submit=0.001s expert_kernel=67.105s source_fence=0.000s tail_head_sync=1.590s layer_other=0.158s expert_read_gross=68.378s plan_hint=7.224s plan_sched=0.168s attn_total=12.592s attn_encode=3.842s attn_wait=6.822s attn_drain=1.928s kernel_total=46.169s kernel_host=1.553s kernel_wait=6.089s kernel_drain=38.527s
[attn-split] single: calls=9300 total=8.216s encode=2.916s wait=3.372s drain=1.928s waits=16100 untimed=3188 | wide: calls=372 total=4.376s encode=0.926s wait=3.450s drain=0.000s waits=368 untimed=368 | hint: calls=9568 total=7.380s encode=0.021s wait=7.359s drain=0.000s waits=9585 untimed=9585
[kernel-split] single: calls=9807 total=39.366s encode=0.887s wait=0.457s drain=38.022s waits=10445 untimed=8187 | wide: calls=997 total=6.803s encode=0.666s wait=5.632s drain=0.505s waits=997 untimed=0
[kernel-sub] materialize=0.332s moe=6.964s precommit=38.170s rest=0.703s
[metal-cache] calls=15632 zero_copy_wraps=390 copies=0 cache_entries=187 bindless=true
 **
[stats] generated=105 elapsed=166.616s speed=0.6302 token/s (1.587 s/token) chunks=103 committed_rows=142 verify_tx=3 drafts=2/12 layer_passes=9579 expert_rows=13064 expert_tiles=9974
[verify-width] w1=0 w2=2 w3=0 w4=0 w5=0 w6=0 w7=0 w8+=1              (w1 share 0.0% of 3 transactions)
[opens] expert file opens=554614 total=5.998s mean=0.011ms requested_bytes=4447985384640 (4448.0 GB)
[split-eta] chunks served hot=87285 dir_c=47790 dir_b=110574 primary=215678
[arrival] tiles=837 waves=1580 uncovered_wait=25.320s dispatch=6.918s
[retain] enabled=false cap_gb=8 layers=63..=92 consults=0 wanted=0 hits=0 inserts=0 served=0.0MB
[summer] enabled=false cap_gb=8 sample=16 consults=0 wanted=0 hits=0 hit_rate=0.0% misses=0 inserts=0 evictions=0 recycled=0 allocs=0 pin_skips=0 gated=0 ramp=2..50 bar=0 suppressed=0 wide_skips=0 served=0.0MB copied=0.0MB ssd_avoided=0.0GB live=0/0.0GB model=0 protected=0 declined=0 topup_suppressed=0 aged=0 into=0/0/0 pending=0
[mirror-split] internal=0 K3C=0 K3B=0 K3A=0  shares=0%/0%/0%/0%
[phases] mono=418504.249781 chunks=103 sequence=158.754s read_wait=0.170s bind_upload=1.591s attention_resident=11.159s expert_read_prefetch=76.509s expert_demand_read=46.280s expert_plan=7.465s expert_hint=0.001s expert_submit=0.001s expert_kernel=67.512s source_fence=0.000s tail_head_sync=1.607s layer_other=0.160s expert_read_gross=69.044s plan_hint=7.293s plan_sched=0.170s attn_total=12.679s attn_encode=3.868s attn_wait=6.863s attn_drain=1.949s kernel_total=46.567s kernel_host=1.562s kernel_wait=6.093s kernel_drain=38.912s
[attn-split] single: calls=9393 total=8.303s encode=2.941s wait=3.413s drain=1.949s waits=16261 untimed=3224 | wide: calls=372 total=4.376s encode=0.926s wait=3.450s drain=0.000s waits=368 untimed=368 | hint: calls=9660 total=7.449s encode=0.021s wait=7.427s drain=0.000s waits=9676 untimed=9676
[kernel-split] single: calls=9904 total=39.765s encode=0.897s wait=0.461s drain=38.407s waits=10548 untimed=8267 | wide: calls=997 total=6.803s encode=0.666s wait=5.632s drain=0.505s waits=997 untimed=0
[kernel-sub] materialize=0.332s moe=6.972s precommit=38.556s rest=0.708s
[metal-cache] calls=15729 zero_copy_wraps=390 copies=0 cache_entries=187 bindless=true
Tax
[stats] generated=106 elapsed=167.871s speed=0.6314 token/s (1.584 s/token) chunks=104 committed_rows=143 verify_tx=3 drafts=2/12 layer_passes=9672 expert_rows=13156 expert_tiles=10066
[verify-width] w1=0 w2=2 w3=0 w4=0 w5=0 w6=0 w7=0 w8+=1              (w1 share 0.0% of 3 transactions)
[opens] expert file opens=559924 total=6.053s mean=0.011ms requested_bytes=4483544988864 (4483.5 GB)
[split-eta] chunks served hot=88068 dir_c=48199 dir_b=111547 primary=217566
[arrival] tiles=838 waves=1584 uncovered_wait=25.330s dispatch=6.924s
[retain] enabled=false cap_gb=8 layers=63..=92 consults=0 wanted=0 hits=0 inserts=0 served=0.0MB
[summer] enabled=false cap_gb=8 sample=16 consults=0 wanted=0 hits=0 hit_rate=0.0% misses=0 inserts=0 evictions=0 recycled=0 allocs=0 pin_skips=0 gated=0 ramp=2..50 bar=0 suppressed=0 wide_skips=0 served=0.0MB copied=0.0MB ssd_avoided=0.0GB live=0/0.0GB model=0 protected=0 declined=0 topup_suppressed=0 aged=0 into=0/0/0 pending=0
[mirror-split] internal=0 K3C=0 K3B=0 K3A=0  shares=0%/0%/0%/0%
[phases] mono=418505.504465 chunks=104 sequence=160.008s read_wait=0.170s bind_upload=1.591s attention_resident=11.263s expert_read_prefetch=77.256s expert_demand_read=46.723s expert_plan=7.533s expert_hint=0.001s expert_submit=0.001s expert_kernel=67.897s source_fence=0.000s tail_head_sync=1.624s layer_other=0.161s expert_read_gross=69.722s plan_hint=7.360s plan_sched=0.171s attn_total=12.783s attn_encode=3.910s attn_wait=6.901s attn_drain=1.972s kernel_total=46.942s kernel_host=1.570s kernel_wait=6.097s kernel_drain=39.275s
[attn-split] single: calls=9486 total=8.406s encode=2.984s wait=3.451s drain=1.972s waits=16422 untimed=3259 | wide: calls=372 total=4.376s encode=0.926s wait=3.450s drain=0.000s waits=368 untimed=368 | hint: calls=9752 total=7.516s encode=0.022s wait=7.495s drain=0.000s waits=9767 untimed=9767
[kernel-split] single: calls=9999 total=40.139s encode=0.905s wait=0.465s drain=38.770s waits=10647 untimed=8351 | wide: calls=997 total=6.803s encode=0.666s wait=5.632s drain=0.505s waits=997 untimed=0
[kernel-sub] materialize=0.332s moe=6.977s precommit=38.921s rest=0.712s
[metal-cache] calls=15824 zero_copy_wraps=390 copies=0 cache_entries=187 bindless=true
 Base
[stats] generated=107 elapsed=169.115s speed=0.6327 token/s (1.581 s/token) chunks=105 committed_rows=144 verify_tx=3 drafts=2/12 layer_passes=9765 expert_rows=13248 expert_tiles=10158
[verify-width] w1=0 w2=2 w3=0 w4=0 w5=0 w6=0 w7=0 w8+=1              (w1 share 0.0% of 3 transactions)
[opens] expert file opens=565276 total=6.109s mean=0.011ms requested_bytes=4518551846080 (4518.6 GB)
[split-eta] chunks served hot=88832 dir_c=48583 dir_b=112522 primary=219433
[arrival] tiles=839 waves=1591 uncovered_wait=25.339s dispatch=6.933s
[retain] enabled=false cap_gb=8 layers=63..=92 consults=0 wanted=0 hits=0 inserts=0 served=0.0MB
[summer] enabled=false cap_gb=8 sample=16 consults=0 wanted=0 hits=0 hit_rate=0.0% misses=0 inserts=0 evictions=0 recycled=0 allocs=0 pin_skips=0 gated=0 ramp=2..50 bar=0 suppressed=0 wide_skips=0 served=0.0MB copied=0.0MB ssd_avoided=0.0GB live=0/0.0GB model=0 protected=0 declined=0 topup_suppressed=0 aged=0 into=0/0/0 pending=0
[mirror-split] internal=0 K3C=0 K3B=0 K3A=0  shares=0%/0%/0%/0%
[phases] mono=418506.748259 chunks=105 sequence=161.250s read_wait=0.170s bind_upload=1.591s attention_resident=11.333s expert_read_prefetch=78.008s expert_demand_read=47.186s expert_plan=7.601s expert_hint=0.001s expert_submit=0.001s expert_kernel=68.294s source_fence=0.000s tail_head_sync=1.645s layer_other=0.162s expert_read_gross=70.406s plan_hint=7.427s plan_sched=0.172s attn_total=12.853s attn_encode=3.929s attn_wait=6.931s attn_drain=1.993s kernel_total=47.330s kernel_host=1.579s kernel_wait=6.102s kernel_drain=39.648s
[attn-split] single: calls=9579 total=8.477s encode=3.003s wait=3.481s drain=1.993s waits=16583 untimed=3286 | wide: calls=372 total=4.376s encode=0.926s wait=3.450s drain=0.000s waits=368 untimed=368 | hint: calls=9844 total=7.583s encode=0.022s wait=7.561s drain=0.000s waits=9858 untimed=9858
[kernel-split] single: calls=10097 total=40.527s encode=0.914s wait=0.470s drain=39.143s waits=10752 untimed=8435 | wide: calls=997 total=6.803s encode=0.666s wait=5.632s drain=0.505s waits=997 untimed=0
[kernel-sub] materialize=0.332s moe=6.987s precommit=39.296s rest=0.716s
[metal-cache] calls=15922 zero_copy_wraps=390 copies=0 cache_entries=187 bindless=true
**
[stats] generated=108 elapsed=170.370s speed=0.6339 token/s (1.578 s/token) chunks=106 committed_rows=145 verify_tx=3 drafts=2/12 layer_passes=9858 expert_rows=13340 expert_tiles=10250
[verify-width] w1=0 w2=2 w3=0 w4=0 w5=0 w6=0 w7=0 w8+=1              (w1 share 0.0% of 3 transactions)
[opens] expert file opens=570495 total=6.166s mean=0.011ms requested_bytes=4553795566784 (4553.8 GB)
[split-eta] chunks served hot=89621 dir_c=48979 dir_b=113490 primary=221297
[arrival] tiles=840 waves=1596 uncovered_wait=25.347s dispatch=6.940s
[retain] enabled=false cap_gb=8 layers=63..=92 consults=0 wanted=0 hits=0 inserts=0 served=0.0MB
[summer] enabled=false cap_gb=8 sample=16 consults=0 wanted=0 hits=0 hit_rate=0.0% misses=0 inserts=0 evictions=0 recycled=0 allocs=0 pin_skips=0 gated=0 ramp=2..50 bar=0 suppressed=0 wide_skips=0 served=0.0MB copied=0.0MB ssd_avoided=0.0GB live=0/0.0GB model=0 protected=0 declined=0 topup_suppressed=0 aged=0 into=0/0/0 pending=0
[mirror-split] internal=0 K3C=0 K3B=0 K3A=0  shares=0%/0%/0%/0%
[phases] mono=418508.003538 chunks=106 sequence=162.503s read_wait=0.170s bind_upload=1.591s attention_resident=11.410s expert_read_prefetch=78.747s expert_demand_read=47.637s expert_plan=7.667s expert_hint=0.001s expert_submit=0.001s expert_kernel=68.714s source_fence=0.000s tail_head_sync=1.662s layer_other=0.163s expert_read_gross=71.079s plan_hint=7.492s plan_sched=0.173s attn_total=12.929s attn_encode=3.954s attn_wait=6.962s attn_drain=2.013s kernel_total=47.741s kernel_host=1.589s kernel_wait=6.106s kernel_drain=40.046s
[attn-split] single: calls=9672 total=8.553s encode=3.028s wait=3.512s drain=2.013s waits=16744 untimed=3314 | wide: calls=372 total=4.376s encode=0.926s wait=3.450s drain=0.000s waits=368 untimed=368 | hint: calls=9936 total=7.648s encode=0.022s wait=7.626s drain=0.000s waits=9949 untimed=9949
[kernel-split] single: calls=10193 total=40.938s encode=0.923s wait=0.474s drain=39.541s waits=10853 untimed=8519 | wide: calls=997 total=6.803s encode=0.666s wait=5.632s drain=0.505s waits=997 untimed=0
[kernel-sub] materialize=0.332s moe=6.993s precommit=39.696s rest=0.720s
[metal-cache] calls=16018 zero_copy_wraps=390 copies=0 cache_entries=187 bindless=true
[route-chain] chained=6900
[route-chain] dedup_hits=6900
 |
[stats] generated=109 elapsed=171.621s speed=0.6351 token/s (1.575 s/token) chunks=107 committed_rows=146 verify_tx=3 drafts=2/12 layer_passes=9951 expert_rows=13432 expert_tiles=10342
[verify-width] w1=0 w2=2 w3=0 w4=0 w5=0 w6=0 w7=0 w8+=1              (w1 share 0.0% of 3 transactions)
[opens] expert file opens=575675 total=6.222s mean=0.011ms requested_bytes=4589004209344 (4589.0 GB)
[split-eta] chunks served hot=90411 dir_c=49394 dir_b=114445 primary=223150
[arrival] tiles=841 waves=1604 uncovered_wait=25.359s dispatch=6.947s
[retain] enabled=false cap_gb=8 layers=63..=92 consults=0 wanted=0 hits=0 inserts=0 served=0.0MB
[summer] enabled=false cap_gb=8 sample=16 consults=0 wanted=0 hits=0 hit_rate=0.0% misses=0 inserts=0 evictions=0 recycled=0 allocs=0 pin_skips=0 gated=0 ramp=2..50 bar=0 suppressed=0 wide_skips=0 served=0.0MB copied=0.0MB ssd_avoided=0.0GB live=0/0.0GB model=0 protected=0 declined=0 topup_suppressed=0 aged=0 into=0/0/0 pending=0
[mirror-split] internal=0 K3C=0 K3B=0 K3A=0  shares=0%/0%/0%/0%
[phases] mono=418509.254640 chunks=107 sequence=163.753s read_wait=0.170s bind_upload=1.591s attention_resident=11.489s expert_read_prefetch=79.466s expert_demand_read=48.081s expert_plan=7.739s expert_hint=0.001s expert_submit=0.001s expert_kernel=69.136s source_fence=0.000s tail_head_sync=1.689s layer_other=0.165s expert_read_gross=71.727s plan_hint=7.562s plan_sched=0.174s attn_total=13.009s attn_encode=3.982s attn_wait=6.986s attn_drain=2.041s kernel_total=48.151s kernel_host=1.598s kernel_wait=6.111s kernel_drain=40.442s
[attn-split] single: calls=9765 total=8.632s encode=3.056s wait=3.536s drain=2.041s waits=16905 untimed=3337 | wide: calls=372 total=4.376s encode=0.926s wait=3.450s drain=0.000s waits=368 untimed=368 | hint: calls=10028 total=7.718s encode=0.022s wait=7.696s drain=0.000s waits=10040 untimed=10040
[kernel-split] single: calls=10292 total=41.348s encode=0.933s wait=0.479s drain=39.937s waits=10960 untimed=8597 | wide: calls=997 total=6.803s encode=0.666s wait=5.632s drain=0.505s waits=997 untimed=0
[kernel-sub] materialize=0.332s moe=7.001s precommit=40.093s rest=0.725s
[metal-cache] calls=16117 zero_copy_wraps=390 copies=0 cache_entries=187 bindless=true
 Applied
[stats] generated=110 elapsed=172.907s speed=0.6362 token/s (1.572 s/token) chunks=108 committed_rows=147 verify_tx=3 drafts=2/12 layer_passes=10044 expert_rows=13524 expert_tiles=10434
[verify-width] w1=0 w2=2 w3=0 w4=0 w5=0 w6=0 w7=0 w8+=1              (w1 share 0.0% of 3 transactions)
[opens] expert file opens=581002 total=6.282s mean=0.011ms requested_bytes=4625072684224 (4625.1 GB)
[split-eta] chunks served hot=91215 dir_c=49816 dir_b=115429 primary=225051
[arrival] tiles=842 waves=1611 uncovered_wait=25.368s dispatch=6.956s
[retain] enabled=false cap_gb=8 layers=63..=92 consults=0 wanted=0 hits=0 inserts=0 served=0.0MB
[summer] enabled=false cap_gb=8 sample=16 consults=0 wanted=0 hits=0 hit_rate=0.0% misses=0 inserts=0 evictions=0 recycled=0 allocs=0 pin_skips=0 gated=0 ramp=2..50 bar=0 suppressed=0 wide_skips=0 served=0.0MB copied=0.0MB ssd_avoided=0.0GB live=0/0.0GB model=0 protected=0 declined=0 topup_suppressed=0 aged=0 into=0/0/0 pending=0
[mirror-split] internal=0 K3C=0 K3B=0 K3A=0  shares=0%/0%/0%/0%
[phases] mono=418510.540862 chunks=108 sequence=165.038s read_wait=0.170s bind_upload=1.591s attention_resident=11.595s expert_read_prefetch=80.205s expert_demand_read=48.548s expert_plan=7.813s expert_hint=0.001s expert_submit=0.001s expert_kernel=69.558s source_fence=0.000s tail_head_sync=1.706s layer_other=0.166s expert_read_gross=72.391s plan_hint=7.636s plan_sched=0.175s attn_total=13.114s attn_encode=4.021s attn_wait=7.009s attn_drain=2.084s kernel_total=48.564s kernel_host=1.607s kernel_wait=6.116s kernel_drain=40.841s
[attn-split] single: calls=9858 total=8.738s encode=3.095s wait=3.559s drain=2.084s waits=17066 untimed=3362 | wide: calls=372 total=4.376s encode=0.926s wait=3.450s drain=0.000s waits=368 untimed=368 | hint: calls=10120 total=7.791s encode=0.022s wait=7.769s drain=0.000s waits=10131 untimed=10131
[kernel-split] single: calls=10390 total=41.761s encode=0.941s wait=0.484s drain=40.336s waits=11065 untimed=8683 | wide: calls=997 total=6.803s encode=0.666s wait=5.632s drain=0.505s waits=997 untimed=0
[kernel-sub] materialize=0.332s moe=7.009s precommit=40.494s rest=0.729s
[metal-cache] calls=16215 zero_copy_wraps=390 copies=0 cache_entries=187 bindless=true
 to
[stats] generated=111 elapsed=174.135s speed=0.6374 token/s (1.569 s/token) chunks=109 committed_rows=148 verify_tx=3 drafts=2/12 layer_passes=10137 expert_rows=13616 expert_tiles=10526
[verify-width] w1=0 w2=2 w3=0 w4=0 w5=0 w6=0 w7=0 w8+=1              (w1 share 0.0% of 3 transactions)
[opens] expert file opens=586180 total=6.336s mean=0.011ms requested_bytes=4659140820160 (4659.1 GB)
[split-eta] chunks served hot=91959 dir_c=50190 dir_b=116374 primary=226871
[arrival] tiles=843 waves=1619 uncovered_wait=25.378s dispatch=6.965s
[retain] enabled=false cap_gb=8 layers=63..=92 consults=0 wanted=0 hits=0 inserts=0 served=0.0MB
[summer] enabled=false cap_gb=8 sample=16 consults=0 wanted=0 hits=0 hit_rate=0.0% misses=0 inserts=0 evictions=0 recycled=0 allocs=0 pin_skips=0 gated=0 ramp=2..50 bar=0 suppressed=0 wide_skips=0 served=0.0MB copied=0.0MB ssd_avoided=0.0GB live=0/0.0GB model=0 protected=0 declined=0 topup_suppressed=0 aged=0 into=0/0/0 pending=0
[mirror-split] internal=0 K3C=0 K3B=0 K3A=0  shares=0%/0%/0%/0%
[phases] mono=418511.768074 chunks=109 sequence=166.264s read_wait=0.170s bind_upload=1.591s attention_resident=11.668s expert_read_prefetch=80.970s expert_demand_read=49.031s expert_plan=7.883s expert_hint=0.001s expert_submit=0.001s expert_kernel=69.924s source_fence=0.000s tail_head_sync=1.727s layer_other=0.167s expert_read_gross=73.086s plan_hint=7.704s plan_sched=0.176s attn_total=13.187s attn_encode=4.045s attn_wait=7.041s attn_drain=2.101s kernel_total=48.920s kernel_host=1.616s kernel_wait=6.121s kernel_drain=41.183s
[attn-split] single: calls=9951 total=8.810s encode=3.119s wait=3.591s drain=2.101s waits=17227 untimed=3395 | wide: calls=372 total=4.376s encode=0.926s wait=3.450s drain=0.000s waits=368 untimed=368 | hint: calls=10212 total=7.859s encode=0.023s wait=7.837s drain=0.000s waits=10222 untimed=10222
[kernel-split] single: calls=10489 total=42.117s encode=0.951s wait=0.489s drain=40.678s waits=11172 untimed=8766 | wide: calls=997 total=6.803s encode=0.666s wait=5.632s drain=0.505s waits=997 untimed=0
[kernel-sub] materialize=0.332s moe=7.018s precommit=40.837s rest=0.733s
[metal-cache] calls=16314 zero_copy_wraps=390 copies=0 cache_entries=187 bindless=true
 the
[stats] generated=112 elapsed=175.353s speed=0.6387 token/s (1.566 s/token) chunks=110 committed_rows=149 verify_tx=3 drafts=2/12 layer_passes=10230 expert_rows=13708 expert_tiles=10618
[verify-width] w1=0 w2=2 w3=0 w4=0 w5=0 w6=0 w7=0 w8+=1              (w1 share 0.0% of 3 transactions)
[opens] expert file opens=591316 total=6.392s mean=0.011ms requested_bytes=4693752822976 (4693.8 GB)
[split-eta] chunks served hot=92716 dir_c=50599 dir_b=117321 primary=228703
[arrival] tiles=844 waves=1626 uncovered_wait=25.388s dispatch=6.973s
[retain] enabled=false cap_gb=8 layers=63..=92 consults=0 wanted=0 hits=0 inserts=0 served=0.0MB
[summer] enabled=false cap_gb=8 sample=16 consults=0 wanted=0 hits=0 hit_rate=0.0% misses=0 inserts=0 evictions=0 recycled=0 allocs=0 pin_skips=0 gated=0 ramp=2..50 bar=0 suppressed=0 wide_skips=0 served=0.0MB copied=0.0MB ssd_avoided=0.0GB live=0/0.0GB model=0 protected=0 declined=0 topup_suppressed=0 aged=0 into=0/0/0 pending=0
[mirror-split] internal=0 K3C=0 K3B=0 K3A=0  shares=0%/0%/0%/0%
[phases] mono=418512.986406 chunks=110 sequence=167.481s read_wait=0.170s bind_upload=1.591s attention_resident=11.744s expert_read_prefetch=81.665s expert_demand_read=49.457s expert_plan=7.949s expert_hint=0.001s expert_submit=0.001s expert_kernel=70.361s source_fence=0.000s tail_head_sync=1.735s layer_other=0.169s expert_read_gross=73.715s plan_hint=7.769s plan_sched=0.177s attn_total=13.262s attn_encode=4.069s attn_wait=7.072s attn_drain=2.122s kernel_total=49.348s kernel_host=1.624s kernel_wait=6.126s kernel_drain=41.597s
[attn-split] single: calls=10044 total=8.886s encode=3.142s wait=3.622s drain=2.122s waits=17388 untimed=3428 | wide: calls=372 total=4.376s encode=0.926s wait=3.450s drain=0.000s waits=368 untimed=368 | hint: calls=10304 total=7.924s encode=0.023s wait=7.902s drain=0.000s waits=10313 untimed=10313
[kernel-split] single: calls=10587 total=42.545s encode=0.959s wait=0.494s drain=41.092s waits=11277 untimed=8849 | wide: calls=997 total=6.803s encode=0.666s wait=5.632s drain=0.505s waits=997 untimed=0
[kernel-sub] materialize=0.332s moe=7.026s precommit=41.252s rest=0.737s
[metal-cache] calls=16412 zero_copy_wraps=390 copies=0 cache_entries=187 bindless=true
 **
[stats] generated=113 elapsed=176.634s speed=0.6397 token/s (1.563 s/token) chunks=111 committed_rows=150 verify_tx=3 drafts=2/12 layer_passes=10323 expert_rows=13800 expert_tiles=10710
[verify-width] w1=0 w2=2 w3=0 w4=0 w5=0 w6=0 w7=0 w8+=1              (w1 share 0.0% of 3 transactions)
[opens] expert file opens=596619 total=6.449s mean=0.011ms requested_bytes=4729233472704 (4729.2 GB)
[split-eta] chunks served hot=93484 dir_c=51000 dir_b=118300 primary=230599
[arrival] tiles=845 waves=1634 uncovered_wait=25.398s dispatch=6.982s
[retain] enabled=false cap_gb=8 layers=63..=92 consults=0 wanted=0 hits=0 inserts=0 served=0.0MB
[summer] enabled=false cap_gb=8 sample=16 consults=0 wanted=0 hits=0 hit_rate=0.0% misses=0 inserts=0 evictions=0 recycled=0 allocs=0 pin_skips=0 gated=0 ramp=2..50 bar=0 suppressed=0 wide_skips=0 served=0.0MB copied=0.0MB ssd_avoided=0.0GB live=0/0.0GB model=0 protected=0 declined=0 topup_suppressed=0 aged=0 into=0/0/0 pending=0
[mirror-split] internal=0 K3C=0 K3B=0 K3A=0  shares=0%/0%/0%/0%
[phases] mono=418514.266982 chunks=111 sequence=168.760s read_wait=0.170s bind_upload=1.591s attention_resident=11.826s expert_read_prefetch=82.445s expert_demand_read=49.944s expert_plan=8.026s expert_hint=0.001s expert_submit=0.001s expert_kernel=70.761s source_fence=0.000s tail_head_sync=1.750s layer_other=0.170s expert_read_gross=74.419s plan_hint=7.845s plan_sched=0.178s attn_total=13.344s attn_encode=4.096s attn_wait=7.104s attn_drain=2.144s kernel_total=49.736s kernel_host=1.634s kernel_wait=6.132s kernel_drain=41.971s
[attn-split] single: calls=10137 total=8.968s encode=3.170s wait=3.654s drain=2.144s waits=17549 untimed=3449 | wide: calls=372 total=4.376s encode=0.926s wait=3.450s drain=0.000s waits=368 untimed=368 | hint: calls=10396 total=8.001s encode=0.023s wait=7.978s drain=0.000s waits=10404 untimed=10404
[kernel-split] single: calls=10686 total=42.933s encode=0.968s wait=0.500s drain=41.466s waits=11384 untimed=8931 | wide: calls=997 total=6.803s encode=0.666s wait=5.632s drain=0.505s waits=997 untimed=0
[kernel-sub] materialize=0.332s moe=7.035s precommit=41.627s rest=0.742s
[metal-cache] calls=16511 zero_copy_wraps=390 copies=0 cache_entries=187 bindless=true
value
[stats] generated=114 elapsed=177.878s speed=0.6409 token/s (1.560 s/token) chunks=112 committed_rows=151 verify_tx=3 drafts=2/12 layer_passes=10416 expert_rows=13892 expert_tiles=10802
[verify-width] w1=0 w2=2 w3=0 w4=0 w5=0 w6=0 w7=0 w8+=1              (w1 share 0.0% of 3 transactions)
[opens] expert file opens=601806 total=6.504s mean=0.011ms requested_bytes=4764582476992 (4764.6 GB)
[split-eta] chunks served hot=94264 dir_c=51413 dir_b=119268 primary=232467
[arrival] tiles=846 waves=1639 uncovered_wait=25.410s dispatch=6.990s
[retain] enabled=false cap_gb=8 layers=63..=92 consults=0 wanted=0 hits=0 inserts=0 served=0.0MB
[summer] enabled=false cap_gb=8 sample=16 consults=0 wanted=0 hits=0 hit_rate=0.0% misses=0 inserts=0 evictions=0 recycled=0 allocs=0 pin_skips=0 gated=0 ramp=2..50 bar=0 suppressed=0 wide_skips=0 served=0.0MB copied=0.0MB ssd_avoided=0.0GB live=0/0.0GB model=0 protected=0 declined=0 topup_suppressed=0 aged=0 into=0/0/0 pending=0
[mirror-split] internal=0 K3C=0 K3B=0 K3A=0  shares=0%/0%/0%/0%
[phases] mono=418515.511507 chunks=112 sequence=170.003s read_wait=0.170s bind_upload=1.591s attention_resident=11.910s expert_read_prefetch=83.155s expert_demand_read=50.389s expert_plan=8.096s expert_hint=0.001s expert_submit=0.001s expert_kernel=71.200s source_fence=0.000s tail_head_sync=1.758s layer_other=0.171s expert_read_gross=75.059s plan_hint=7.914s plan_sched=0.180s attn_total=13.429s attn_encode=4.127s attn_wait=7.137s attn_drain=2.164s kernel_total=50.164s kernel_host=1.642s kernel_wait=6.137s kernel_drain=42.385s
[attn-split] single: calls=10230 total=9.052s encode=3.201s wait=3.687s drain=2.164s waits=17710 untimed=3475 | wide: calls=372 total=4.376s encode=0.926s wait=3.450s drain=0.000s waits=368 untimed=368 | hint: calls=10488 total=8.069s encode=0.023s wait=8.046s drain=0.000s waits=10495 untimed=10495
[kernel-split] single: calls=10782 total=43.361s encode=0.976s wait=0.505s drain=41.880s waits=11485 untimed=9013 | wide: calls=997 total=6.803s encode=0.666s wait=5.632s drain=0.505s waits=997 untimed=0
[kernel-sub] materialize=0.332s moe=7.042s precommit=42.043s rest=0.746s
[metal-cache] calls=16607 zero_copy_wraps=390 copies=0 cache_entries=187 bindless=true
 added
[stats] generated=115 elapsed=179.086s speed=0.6421 token/s (1.557 s/token) chunks=113 committed_rows=152 verify_tx=3 drafts=2/12 layer_passes=10509 expert_rows=13984 expert_tiles=10894
[verify-width] w1=0 w2=2 w3=0 w4=0 w5=0 w6=0 w7=0 w8+=1              (w1 share 0.0% of 3 transactions)
[opens] expert file opens=606920 total=6.559s mean=0.011ms requested_bytes=4798369823936 (4798.4 GB)
[split-eta] chunks served hot=94997 dir_c=51787 dir_b=120209 primary=234270
[arrival] tiles=847 waves=1647 uncovered_wait=25.421s dispatch=6.998s
[retain] enabled=false cap_gb=8 layers=63..=92 consults=0 wanted=0 hits=0 inserts=0 served=0.0MB
[summer] enabled=false cap_gb=8 sample=16 consults=0 wanted=0 hits=0 hit_rate=0.0% misses=0 inserts=0 evictions=0 recycled=0 allocs=0 pin_skips=0 gated=0 ramp=2..50 bar=0 suppressed=0 wide_skips=0 served=0.0MB copied=0.0MB ssd_avoided=0.0GB live=0/0.0GB model=0 protected=0 declined=0 topup_suppressed=0 aged=0 into=0/0/0 pending=0
[mirror-split] internal=0 K3C=0 K3B=0 K3A=0  shares=0%/0%/0%/0%
[phases] mono=418516.719629 chunks=113 sequence=171.210s read_wait=0.170s bind_upload=1.591s attention_resident=11.974s expert_read_prefetch=83.974s expert_demand_read=50.903s expert_plan=8.159s expert_hint=0.001s expert_submit=0.001s expert_kernel=71.508s source_fence=0.000s tail_head_sync=1.774s layer_other=0.172s expert_read_gross=75.815s plan_hint=7.975s plan_sched=0.181s attn_total=13.492s attn_encode=4.151s attn_wait=7.168s attn_drain=2.173s kernel_total=50.461s kernel_host=1.650s kernel_wait=6.141s kernel_drain=42.669s
[attn-split] single: calls=10323 total=9.116s encode=3.225s wait=3.718s drain=2.173s waits=17871 untimed=3514 | wide: calls=372 total=4.376s encode=0.926s wait=3.450s drain=0.000s waits=368 untimed=368 | hint: calls=10580 total=8.131s encode=0.023s wait=8.108s drain=0.000s waits=10586 untimed=10586
[kernel-split] single: calls=10881 total=43.658s encode=0.985s wait=0.508s drain=42.164s waits=11592 untimed=9099 | wide: calls=997 total=6.803s encode=0.666s wait=5.632s drain=0.505s waits=997 untimed=0
[kernel-sub] materialize=0.332s moe=7.050s precommit=42.328s rest=0.750s
[metal-cache] calls=16706 zero_copy_wraps=390 copies=0 cache_entries=187 bindless=true
**
[stats] generated=116 elapsed=180.328s speed=0.6433 token/s (1.555 s/token) chunks=114 committed_rows=153 verify_tx=3 drafts=2/12 layer_passes=10602 expert_rows=14076 expert_tiles=10986
[verify-width] w1=0 w2=2 w3=0 w4=0 w5=0 w6=0 w7=0 w8+=1              (w1 share 0.0% of 3 transactions)
[opens] expert file opens=612086 total=6.615s mean=0.011ms requested_bytes=4833025735872 (4833.0 GB)
[split-eta] chunks served hot=95763 dir_c=52177 dir_b=121164 primary=236109
[arrival] tiles=848 waves=1654 uncovered_wait=25.430s dispatch=7.005s
[retain] enabled=false cap_gb=8 layers=63..=92 consults=0 wanted=0 hits=0 inserts=0 served=0.0MB
[summer] enabled=false cap_gb=8 sample=16 consults=0 wanted=0 hits=0 hit_rate=0.0% misses=0 inserts=0 evictions=0 recycled=0 allocs=0 pin_skips=0 gated=0 ramp=2..50 bar=0 suppressed=0 wide_skips=0 served=0.0MB copied=0.0MB ssd_avoided=0.0GB live=0/0.0GB model=0 protected=0 declined=0 topup_suppressed=0 aged=0 into=0/0/0 pending=0
[mirror-split] internal=0 K3C=0 K3B=0 K3A=0  shares=0%/0%/0%/0%
[phases] mono=418517.961110 chunks=114 sequence=172.450s read_wait=0.170s bind_upload=1.591s attention_resident=12.047s expert_read_prefetch=84.685s expert_demand_read=51.350s expert_plan=8.238s expert_hint=0.001s expert_submit=0.001s expert_kernel=71.945s source_fence=0.000s tail_head_sync=1.791s layer_other=0.174s expert_read_gross=76.447s plan_hint=8.054s plan_sched=0.182s attn_total=13.565s attn_encode=4.173s attn_wait=7.203s attn_drain=2.190s kernel_total=50.889s kernel_host=1.659s kernel_wait=6.146s kernel_drain=43.083s
[attn-split] single: calls=10416 total=9.189s encode=3.246s wait=3.753s drain=2.190s waits=18032 untimed=3548 | wide: calls=372 total=4.376s encode=0.926s wait=3.450s drain=0.000s waits=368 untimed=368 | hint: calls=10672 total=8.209s encode=0.023s wait=8.186s drain=0.000s waits=10677 untimed=10677
[kernel-split] single: calls=10979 total=44.086s encode=0.993s wait=0.514s drain=42.578s waits=11697 untimed=9177 | wide: calls=997 total=6.803s encode=0.666s wait=5.632s drain=0.505s waits=997 untimed=0
[kernel-sub] materialize=0.332s moe=7.058s precommit=42.745s rest=0.754s
[metal-cache] calls=16804 zero_copy_wraps=390 copies=0 cache_entries=187 bindless=true
 at
[stats] generated=117 elapsed=181.578s speed=0.6443 token/s (1.552 s/token) chunks=115 committed_rows=154 verify_tx=3 drafts=2/12 layer_passes=10695 expert_rows=14168 expert_tiles=11078
[verify-width] w1=0 w2=2 w3=0 w4=0 w5=0 w6=0 w7=0 w8+=1              (w1 share 0.0% of 3 transactions)
[opens] expert file opens=617251 total=6.671s mean=0.011ms requested_bytes=4868216863936 (4868.2 GB)
[split-eta] chunks served hot=96528 dir_c=52602 dir_b=122128 primary=237966
[arrival] tiles=849 waves=1660 uncovered_wait=25.438s dispatch=7.012s
[retain] enabled=false cap_gb=8 layers=63..=92 consults=0 wanted=0 hits=0 inserts=0 served=0.0MB
[summer] enabled=false cap_gb=8 sample=16 consults=0 wanted=0 hits=0 hit_rate=0.0% misses=0 inserts=0 evictions=0 recycled=0 allocs=0 pin_skips=0 gated=0 ramp=2..50 bar=0 suppressed=0 wide_skips=0 served=0.0MB copied=0.0MB ssd_avoided=0.0GB live=0/0.0GB model=0 protected=0 declined=0 topup_suppressed=0 aged=0 into=0/0/0 pending=0
[mirror-split] internal=0 K3C=0 K3B=0 K3A=0  shares=0%/0%/0%/0%
[phases] mono=418519.211885 chunks=115 sequence=173.700s read_wait=0.170s bind_upload=1.591s attention_resident=12.123s expert_read_prefetch=85.465s expert_demand_read=51.812s expert_plan=8.315s expert_hint=0.001s expert_submit=0.001s expert_kernel=72.322s source_fence=0.000s tail_head_sync=1.807s layer_other=0.175s expert_read_gross=77.149s plan_hint=8.130s plan_sched=0.183s attn_total=13.641s attn_encode=4.198s attn_wait=7.230s attn_drain=2.213s kernel_total=51.257s kernel_host=1.668s kernel_wait=6.151s kernel_drain=43.438s
[attn-split] single: calls=10509 total=9.264s encode=3.272s wait=3.780s drain=2.213s waits=18193 untimed=3569 | wide: calls=372 total=4.376s encode=0.926s wait=3.450s drain=0.000s waits=368 untimed=368 | hint: calls=10764 total=8.285s encode=0.024s wait=8.262s drain=0.000s waits=10768 untimed=10768
[kernel-split] single: calls=11076 total=44.454s encode=1.003s wait=0.518s drain=42.933s waits=11800 untimed=9261 | wide: calls=997 total=6.803s encode=0.666s wait=5.632s drain=0.505s waits=997 untimed=0
[kernel-sub] materialize=0.332s moe=7.065s precommit=43.101s rest=0.759s
[metal-cache] calls=16901 zero_copy_wraps=390 copies=0 cache_entries=187 bindless=true
 each
[stats] generated=118 elapsed=182.810s speed=0.6455 token/s (1.549 s/token) chunks=116 committed_rows=155 verify_tx=3 drafts=2/12 layer_passes=10788 expert_rows=14260 expert_tiles=11170
[verify-width] w1=0 w2=2 w3=0 w4=0 w5=0 w6=0 w7=0 w8+=1              (w1 share 0.0% of 3 transactions)
[opens] expert file opens=622378 total=6.725s mean=0.011ms requested_bytes=4902732414144 (4902.7 GB)
[split-eta] chunks served hot=97293 dir_c=52998 dir_b=123065 primary=239802
[arrival] tiles=850 waves=1668 uncovered_wait=25.448s dispatch=7.021s
[retain] enabled=false cap_gb=8 layers=63..=92 consults=0 wanted=0 hits=0 inserts=0 served=0.0MB
[summer] enabled=false cap_gb=8 sample=16 consults=0 wanted=0 hits=0 hit_rate=0.0% misses=0 inserts=0 evictions=0 recycled=0 allocs=0 pin_skips=0 gated=0 ramp=2..50 bar=0 suppressed=0 wide_skips=0 served=0.0MB copied=0.0MB ssd_avoided=0.0GB live=0/0.0GB model=0 protected=0 declined=0 topup_suppressed=0 aged=0 into=0/0/0 pending=0
[mirror-split] internal=0 K3C=0 K3B=0 K3A=0  shares=0%/0%/0%/0%
[phases] mono=418520.443432 chunks=116 sequence=174.930s read_wait=0.170s bind_upload=1.591s attention_resident=12.216s expert_read_prefetch=86.196s expert_demand_read=52.262s expert_plan=8.385s expert_hint=0.001s expert_submit=0.001s expert_kernel=72.709s source_fence=0.000s tail_head_sync=1.824s layer_other=0.176s expert_read_gross=77.811s plan_hint=8.199s plan_sched=0.184s attn_total=13.733s attn_encode=4.241s attn_wait=7.261s attn_drain=2.231s kernel_total=51.635s kernel_host=1.678s kernel_wait=6.156s kernel_drain=43.802s
[attn-split] single: calls=10602 total=9.357s encode=3.315s wait=3.811s drain=2.231s waits=18354 untimed=3598 | wide: calls=372 total=4.376s encode=0.926s wait=3.450s drain=0.000s waits=368 untimed=368 | hint: calls=10856 total=8.354s encode=0.024s wait=8.330s drain=0.000s waits=10859 untimed=10859
[kernel-split] single: calls=11175 total=44.832s encode=1.012s wait=0.523s drain=43.296s waits=11907 untimed=9342 | wide: calls=997 total=6.803s encode=0.666s wait=5.632s drain=0.505s waits=997 untimed=0
[kernel-sub] materialize=0.332s moe=7.074s precommit=43.467s rest=0.763s
[metal-cache] calls=17000 zero_copy_wraps=390 copies=0 cache_entries=187 bindless=true
[route-chain] chained=7590
[route-chain] dedup_hits=7590
 stage
[stats] generated=119 elapsed=184.044s speed=0.6466 token/s (1.547 s/token) chunks=117 committed_rows=156 verify_tx=3 drafts=2/12 layer_passes=10881 expert_rows=14352 expert_tiles=11262
[verify-width] w1=0 w2=2 w3=0 w4=0 w5=0 w6=0 w7=0 w8+=1              (w1 share 0.0% of 3 transactions)
[opens] expert file opens=627574 total=6.779s mean=0.011ms requested_bytes=4937467313344 (4937.5 GB)
[split-eta] chunks served hot=98042 dir_c=53394 dir_b=124024 primary=241657
[arrival] tiles=851 waves=1673 uncovered_wait=25.457s dispatch=7.028s
[retain] enabled=false cap_gb=8 layers=63..=92 consults=0 wanted=0 hits=0 inserts=0 served=0.0MB
[summer] enabled=false cap_gb=8 sample=16 consults=0 wanted=0 hits=0 hit_rate=0.0% misses=0 inserts=0 evictions=0 recycled=0 allocs=0 pin_skips=0 gated=0 ramp=2..50 bar=0 suppressed=0 wide_skips=0 served=0.0MB copied=0.0MB ssd_avoided=0.0GB live=0/0.0GB model=0 protected=0 declined=0 topup_suppressed=0 aged=0 into=0/0/0 pending=0
[mirror-split] internal=0 K3C=0 K3B=0 K3A=0  shares=0%/0%/0%/0%
[phases] mono=418521.677088 chunks=117 sequence=176.162s read_wait=0.170s bind_upload=1.591s attention_resident=12.291s expert_read_prefetch=86.941s expert_demand_read=52.685s expert_plan=8.453s expert_hint=0.001s expert_submit=0.001s expert_kernel=73.103s source_fence=0.000s tail_head_sync=1.841s layer_other=0.177s expert_read_gross=78.488s plan_hint=8.265s plan_sched=0.185s attn_total=13.809s attn_encode=4.264s attn_wait=7.284s attn_drain=2.260s kernel_total=52.019s kernel_host=1.686s kernel_wait=6.159s kernel_drain=44.174s
[attn-split] single: calls=10695 total=9.433s encode=3.338s wait=3.834s drain=2.260s waits=18515 untimed=3620 | wide: calls=372 total=4.376s encode=0.926s wait=3.450s drain=0.000s waits=368 untimed=368 | hint: calls=10948 total=8.421s encode=0.024s wait=8.397s drain=0.000s waits=10950 untimed=10950
[kernel-split] single: calls=11271 total=45.216s encode=1.020s wait=0.527s drain=43.668s waits=12008 untimed=9415 | wide: calls=997 total=6.803s encode=0.666s wait=5.632s drain=0.505s waits=997 untimed=0
[kernel-sub] materialize=0.332s moe=7.080s precommit=43.840s rest=0.767s
[metal-cache] calls=17096 zero_copy_wraps=390 copies=0 cache_entries=187 bindless=true
 (
[stats] generated=120 elapsed=185.315s speed=0.6475 token/s (1.544 s/token) chunks=118 committed_rows=157 verify_tx=3 drafts=2/12 layer_passes=10974 expert_rows=14444 expert_tiles=11354
[verify-width] w1=0 w2=2 w3=0 w4=0 w5=0 w6=0 w7=0 w8+=1              (w1 share 0.0% of 3 transactions)
[opens] expert file opens=632995 total=6.835s mean=0.011ms requested_bytes=4972956728512 (4973.0 GB)
[split-eta] chunks served hot=98811 dir_c=53779 dir_b=125015 primary=243557
[arrival] tiles=852 waves=1678 uncovered_wait=25.466s dispatch=7.033s
[retain] enabled=false cap_gb=8 layers=63..=92 consults=0 wanted=0 hits=0 inserts=0 served=0.0MB
[summer] enabled=false cap_gb=8 sample=16 consults=0 wanted=0 hits=0 hit_rate=0.0% misses=0 inserts=0 evictions=0 recycled=0 allocs=0 pin_skips=0 gated=0 ramp=2..50 bar=0 suppressed=0 wide_skips=0 served=0.0MB copied=0.0MB ssd_avoided=0.0GB live=0/0.0GB model=0 protected=0 declined=0 topup_suppressed=0 aged=0 into=0/0/0 pending=0
[mirror-split] internal=0 K3C=0 K3B=0 K3A=0  shares=0%/0%/0%/0%
[phases] mono=418522.948754 chunks=118 sequence=177.433s read_wait=0.170s bind_upload=1.591s attention_resident=12.365s expert_read_prefetch=87.710s expert_demand_read=53.122s expert_plan=8.523s expert_hint=0.001s expert_submit=0.001s expert_kernel=73.513s source_fence=0.000s tail_head_sync=1.856s layer_other=0.179s expert_read_gross=79.187s plan_hint=8.334s plan_sched=0.186s attn_total=13.882s attn_encode=4.290s attn_wait=7.314s attn_drain=2.279s kernel_total=52.419s kernel_host=1.694s kernel_wait=6.162s kernel_drain=44.563s
[attn-split] single: calls=10788 total=9.506s encode=3.364s wait=3.863s drain=2.279s waits=18676 untimed=3652 | wide: calls=372 total=4.376s encode=0.926s wait=3.450s drain=0.000s waits=368 untimed=368 | hint: calls=11040 total=8.489s encode=0.024s wait=8.465s drain=0.000s waits=11041 untimed=11041
[kernel-split] single: calls=11367 total=45.617s encode=1.028s wait=0.530s drain=44.058s waits=12109 untimed=9496 | wide: calls=997 total=6.803s encode=0.666s wait=5.632s drain=0.505s waits=997 untimed=0
[kernel-sub] materialize=0.332s moe=7.085s precommit=44.232s rest=0.771s
[metal-cache] calls=17192 zero_copy_wraps=390 copies=0 cache_entries=187 bindless=true
sales
[stats] generated=121 elapsed=186.579s speed=0.6485 token/s (1.542 s/token) chunks=119 committed_rows=158 verify_tx=3 drafts=2/12 layer_passes=11067 expert_rows=14536 expert_tiles=11446
[verify-width] w1=0 w2=2 w3=0 w4=0 w5=0 w6=0 w7=0 w8+=1              (w1 share 0.0% of 3 transactions)
[opens] expert file opens=638324 total=6.891s mean=0.011ms requested_bytes=5008279436480 (5008.3 GB)
[split-eta] chunks served hot=99556 dir_c=54198 dir_b=125990 primary=245444
[arrival] tiles=853 waves=1684 uncovered_wait=25.475s dispatch=7.041s
[retain] enabled=false cap_gb=8 layers=63..=92 consults=0 wanted=0 hits=0 inserts=0 served=0.0MB
[summer] enabled=false cap_gb=8 sample=16 consults=0 wanted=0 hits=0 hit_rate=0.0% misses=0 inserts=0 evictions=0 recycled=0 allocs=0 pin_skips=0 gated=0 ramp=2..50 bar=0 suppressed=0 wide_skips=0 served=0.0MB copied=0.0MB ssd_avoided=0.0GB live=0/0.0GB model=0 protected=0 declined=0 topup_suppressed=0 aged=0 into=0/0/0 pending=0
[mirror-split] internal=0 K3C=0 K3B=0 K3A=0  shares=0%/0%/0%/0%
[phases] mono=418524.211921 chunks=119 sequence=178.695s read_wait=0.170s bind_upload=1.591s attention_resident=12.442s expert_read_prefetch=88.443s expert_demand_read=53.578s expert_plan=8.594s expert_hint=0.001s expert_submit=0.001s expert_kernel=73.948s source_fence=0.000s tail_head_sync=1.873s layer_other=0.180s expert_read_gross=79.849s plan_hint=8.404s plan_sched=0.187s attn_total=13.959s attn_encode=4.316s attn_wait=7.346s attn_drain=2.297s kernel_total=52.845s kernel_host=1.703s kernel_wait=6.167s kernel_drain=44.975s
[attn-split] single: calls=10881 total=9.583s encode=3.389s wait=3.896s drain=2.297s waits=18837 untimed=3678 | wide: calls=372 total=4.376s encode=0.926s wait=3.450s drain=0.000s waits=368 untimed=368 | hint: calls=11132 total=8.559s encode=0.024s wait=8.534s drain=0.000s waits=11132 untimed=11132
[kernel-split] single: calls=11464 total=46.043s encode=1.037s wait=0.535s drain=44.470s waits=12212 untimed=9578 | wide: calls=997 total=6.803s encode=0.666s wait=5.632s drain=0.505s waits=997 untimed=0
[kernel-sub] materialize=0.332s moe=7.093s precommit=44.645s rest=0.776s
[metal-cache] calls=17289 zero_copy_wraps=390 copies=0 cache_entries=187 bindless=true
 price
[stats] generated=122 elapsed=187.871s speed=0.6494 token/s (1.540 s/token) chunks=120 committed_rows=159 verify_tx=3 drafts=2/12 layer_passes=11160 expert_rows=14628 expert_tiles=11538
[verify-width] w1=0 w2=2 w3=0 w4=0 w5=0 w6=0 w7=0 w8+=1              (w1 share 0.0% of 3 transactions)
[opens] expert file opens=643660 total=6.949s mean=0.011ms requested_bytes=5044058389696 (5044.1 GB)
[split-eta] chunks served hot=100333 dir_c=54589 dir_b=126981 primary=247363
[arrival] tiles=854 waves=1691 uncovered_wait=25.483s dispatch=7.047s
[retain] enabled=false cap_gb=8 layers=63..=92 consults=0 wanted=0 hits=0 inserts=0 served=0.0MB
[summer] enabled=false cap_gb=8 sample=16 consults=0 wanted=0 hits=0 hit_rate=0.0% misses=0 inserts=0 evictions=0 recycled=0 allocs=0 pin_skips=0 gated=0 ramp=2..50 bar=0 suppressed=0 wide_skips=0 served=0.0MB copied=0.0MB ssd_avoided=0.0GB live=0/0.0GB model=0 protected=0 declined=0 topup_suppressed=0 aged=0 into=0/0/0 pending=0
[mirror-split] internal=0 K3C=0 K3B=0 K3A=0  shares=0%/0%/0%/0%
[phases] mono=418525.504783 chunks=120 sequence=179.986s read_wait=0.170s bind_upload=1.591s attention_resident=12.529s expert_read_prefetch=89.213s expert_demand_read=54.052s expert_plan=8.664s expert_hint=0.001s expert_submit=0.001s expert_kernel=74.364s source_fence=0.000s tail_head_sync=1.890s layer_other=0.181s expert_read_gross=80.549s plan_hint=8.473s plan_sched=0.188s attn_total=14.046s attn_encode=4.352s attn_wait=7.384s attn_drain=2.310s kernel_total=53.253s kernel_host=1.711s kernel_wait=6.171s kernel_drain=45.370s
[attn-split] single: calls=10974 total=9.670s encode=3.426s wait=3.934s drain=2.310s waits=18998 untimed=3704 | wide: calls=372 total=4.376s encode=0.926s wait=3.450s drain=0.000s waits=368 untimed=368 | hint: calls=11224 total=8.628s encode=0.025s wait=8.603s drain=0.000s waits=11223 untimed=11223
[kernel-split] single: calls=11562 total=46.450s encode=1.046s wait=0.539s drain=44.865s waits=12317 untimed=9659 | wide: calls=997 total=6.803s encode=0.666s wait=5.632s drain=0.505s waits=997 untimed=0
[kernel-sub] materialize=0.332s moe=7.099s precommit=45.042s rest=0.780s
[metal-cache] calls=17387 zero_copy_wraps=390 copies=0 cache_entries=187 bindless=true
 minus
[stats] generated=123 elapsed=189.094s speed=0.6505 token/s (1.537 s/token) chunks=121 committed_rows=160 verify_tx=3 drafts=2/12 layer_passes=11253 expert_rows=14720 expert_tiles=11630
[verify-width] w1=0 w2=2 w3=0 w4=0 w5=0 w6=0 w7=0 w8+=1              (w1 share 0.0% of 3 transactions)
[opens] expert file opens=648793 total=7.003s mean=0.011ms requested_bytes=5078003662016 (5078.0 GB)
[split-eta] chunks served hot=101062 dir_c=54971 dir_b=127918 primary=249184
[arrival] tiles=855 waves=1699 uncovered_wait=25.498s dispatch=7.056s
[retain] enabled=false cap_gb=8 layers=63..=92 consults=0 wanted=0 hits=0 inserts=0 served=0.0MB
[summer] enabled=false cap_gb=8 sample=16 consults=0 wanted=0 hits=0 hit_rate=0.0% misses=0 inserts=0 evictions=0 recycled=0 allocs=0 pin_skips=0 gated=0 ramp=2..50 bar=0 suppressed=0 wide_skips=0 served=0.0MB copied=0.0MB ssd_avoided=0.0GB live=0/0.0GB model=0 protected=0 declined=0 topup_suppressed=0 aged=0 into=0/0/0 pending=0
[mirror-split] internal=0 K3C=0 K3B=0 K3A=0  shares=0%/0%/0%/0%
[phases] mono=418526.727330 chunks=121 sequence=181.207s read_wait=0.170s bind_upload=1.591s attention_resident=12.597s expert_read_prefetch=89.993s expert_demand_read=54.531s expert_plan=8.740s expert_hint=0.001s expert_submit=0.001s expert_kernel=74.723s source_fence=0.000s tail_head_sync=1.903s layer_other=0.182s expert_read_gross=81.252s plan_hint=8.548s plan_sched=0.189s attn_total=14.114s attn_encode=4.375s attn_wait=7.409s attn_drain=2.329s kernel_total=53.597s kernel_host=1.721s kernel_wait=6.176s kernel_drain=45.700s
[attn-split] single: calls=11067 total=9.738s encode=3.449s wait=3.959s drain=2.329s waits=19159 untimed=3741 | wide: calls=372 total=4.376s encode=0.926s wait=3.450s drain=0.000s waits=368 untimed=368 | hint: calls=11316 total=8.703s encode=0.025s wait=8.678s drain=0.000s waits=11314 untimed=11314
[kernel-split] single: calls=11661 total=46.794s encode=1.056s wait=0.544s drain=45.195s waits=12424 untimed=9741 | wide: calls=997 total=6.803s encode=0.666s wait=5.632s drain=0.505s waits=997 untimed=0
[kernel-sub] materialize=0.332s moe=7.108s precommit=45.373s rest=0.784s
[metal-cache] calls=17486 zero_copy_wraps=390 copies=0 cache_entries=187 bindless=true
 input
[stats] generated=124 elapsed=190.312s speed=0.6516 token/s (1.535 s/token) chunks=122 committed_rows=161 verify_tx=3 drafts=2/12 layer_passes=11346 expert_rows=14812 expert_tiles=11722
[verify-width] w1=0 w2=2 w3=0 w4=0 w5=0 w6=0 w7=0 w8+=1              (w1 share 0.0% of 3 transactions)
[opens] expert file opens=653935 total=7.056s mean=0.011ms requested_bytes=5111861198016 (5111.9 GB)
[split-eta] chunks served hot=101804 dir_c=55342 dir_b=128854 primary=250994
[arrival] tiles=856 waves=1706 uncovered_wait=25.508s dispatch=7.063s
[retain] enabled=false cap_gb=8 layers=63..=92 consults=0 wanted=0 hits=0 inserts=0 served=0.0MB
[summer] enabled=false cap_gb=8 sample=16 consults=0 wanted=0 hits=0 hit_rate=0.0% misses=0 inserts=0 evictions=0 recycled=0 allocs=0 pin_skips=0 gated=0 ramp=2..50 bar=0 suppressed=0 wide_skips=0 served=0.0MB copied=0.0MB ssd_avoided=0.0GB live=0/0.0GB model=0 protected=0 declined=0 topup_suppressed=0 aged=0 into=0/0/0 pending=0
[mirror-split] internal=0 K3C=0 K3B=0 K3A=0  shares=0%/0%/0%/0%
[phases] mono=418527.945177 chunks=122 sequence=182.424s read_wait=0.170s bind_upload=1.591s attention_resident=12.683s expert_read_prefetch=90.724s expert_demand_read=54.976s expert_plan=8.807s expert_hint=0.001s expert_submit=0.001s expert_kernel=75.104s source_fence=0.000s tail_head_sync=1.920s layer_other=0.183s expert_read_gross=81.917s plan_hint=8.614s plan_sched=0.190s attn_total=14.199s attn_encode=4.398s attn_wait=7.442s attn_drain=2.359s kernel_total=53.968s kernel_host=1.729s kernel_wait=6.180s kernel_drain=46.059s
[attn-split] single: calls=11160 total=9.823s encode=3.472s wait=3.992s drain=2.359s waits=19320 untimed=3777 | wide: calls=372 total=4.376s encode=0.926s wait=3.450s drain=0.000s waits=368 untimed=368 | hint: calls=11408 total=8.769s encode=0.025s wait=8.744s drain=0.000s waits=11405 untimed=11405
[kernel-split] single: calls=11759 total=47.165s encode=1.064s wait=0.548s drain=45.554s waits=12529 untimed=9823 | wide: calls=997 total=6.803s encode=0.666s wait=5.632s drain=0.505s waits=997 untimed=0
[kernel-sub] materialize=0.332s moe=7.115s precommit=45.733s rest=0.788s
[metal-cache] calls=17584 zero_copy_wraps=390 copies=0 cache_entries=187 bindless=true
 costs
[stats] generated=125 elapsed=191.570s speed=0.6525 token/s (1.533 s/token) chunks=123 committed_rows=162 verify_tx=3 drafts=2/12 layer_passes=11439 expert_rows=14904 expert_tiles=11814
[verify-width] w1=0 w2=2 w3=0 w4=0 w5=0 w6=0 w7=0 w8+=1              (w1 share 0.0% of 3 transactions)
[opens] expert file opens=659161 total=7.116s mean=0.011ms requested_bytes=5146718944448 (5146.7 GB)
[split-eta] chunks served hot=102546 dir_c=55742 dir_b=129818 primary=252861
[arrival] tiles=857 waves=1712 uncovered_wait=25.518s dispatch=7.072s
[retain] enabled=false cap_gb=8 layers=63..=92 consults=0 wanted=0 hits=0 inserts=0 served=0.0MB
[summer] enabled=false cap_gb=8 sample=16 consults=0 wanted=0 hits=0 hit_rate=0.0% misses=0 inserts=0 evictions=0 recycled=0 allocs=0 pin_skips=0 gated=0 ramp=2..50 bar=0 suppressed=0 wide_skips=0 served=0.0MB copied=0.0MB ssd_avoided=0.0GB live=0/0.0GB model=0 protected=0 declined=0 topup_suppressed=0 aged=0 into=0/0/0 pending=0
[mirror-split] internal=0 K3C=0 K3B=0 K3A=0  shares=0%/0%/0%/0%
[phases] mono=418529.203046 chunks=123 sequence=183.680s read_wait=0.170s bind_upload=1.591s attention_resident=12.773s expert_read_prefetch=91.470s expert_demand_read=55.416s expert_plan=8.874s expert_hint=0.001s expert_submit=0.001s expert_kernel=75.507s source_fence=0.000s tail_head_sync=1.936s layer_other=0.184s expert_read_gross=82.596s plan_hint=8.679s plan_sched=0.192s attn_total=14.289s attn_encode=4.425s attn_wait=7.468s attn_drain=2.396s kernel_total=54.361s kernel_host=1.739s kernel_wait=6.186s kernel_drain=46.437s
[attn-split] single: calls=11253 total=9.913s encode=3.499s wait=4.018s drain=2.396s waits=19481 untimed=3795 | wide: calls=372 total=4.376s encode=0.926s wait=3.450s drain=0.000s waits=368 untimed=368 | hint: calls=11500 total=8.834s encode=0.025s wait=8.809s drain=0.000s waits=11496 untimed=11496
[kernel-split] single: calls=11856 total=47.558s encode=1.073s wait=0.553s drain=45.931s waits=12632 untimed=9894 | wide: calls=997 total=6.803s encode=0.666s wait=5.632s drain=0.505s waits=997 untimed=0
[kernel-sub] materialize=0.332s moe=7.123s precommit=46.113s rest=0.793s
[metal-cache] calls=17681 zero_copy_wraps=390 copies=0 cache_entries=187 bindless=true
)
[stats] generated=126 elapsed=192.860s speed=0.6533 token/s (1.531 s/token) chunks=124 committed_rows=163 verify_tx=3 drafts=2/12 layer_passes=11532 expert_rows=14996 expert_tiles=11906
[verify-width] w1=0 w2=2 w3=0 w4=0 w5=0 w6=0 w7=0 w8+=1              (w1 share 0.0% of 3 transactions)
[opens] expert file opens=664707 total=7.173s mean=0.011ms requested_bytes=5182655773888 (5182.7 GB)
[split-eta] chunks served hot=103329 dir_c=56116 dir_b=130816 primary=254802
[arrival] tiles=858 waves=1717 uncovered_wait=25.528s dispatch=7.079s
[retain] enabled=false cap_gb=8 layers=63..=92 consults=0 wanted=0 hits=0 inserts=0 served=0.0MB
[summer] enabled=false cap_gb=8 sample=16 consults=0 wanted=0 hits=0 hit_rate=0.0% misses=0 inserts=0 evictions=0 recycled=0 allocs=0 pin_skips=0 gated=0 ramp=2..50 bar=0 suppressed=0 wide_skips=0 served=0.0MB copied=0.0MB ssd_avoided=0.0GB live=0/0.0GB model=0 protected=0 declined=0 topup_suppressed=0 aged=0 into=0/0/0 pending=0
[mirror-split] internal=0 K3C=0 K3B=0 K3A=0  shares=0%/0%/0%/0%
[phases] mono=418530.493851 chunks=124 sequence=184.969s read_wait=0.170s bind_upload=1.591s attention_resident=12.871s expert_read_prefetch=92.213s expert_demand_read=55.844s expert_plan=8.957s expert_hint=0.001s expert_submit=0.001s expert_kernel=75.937s source_fence=0.000s tail_head_sync=1.953s layer_other=0.186s expert_read_gross=83.255s plan_hint=8.761s plan_sched=0.193s attn_total=14.387s attn_encode=4.457s attn_wait=7.511s attn_drain=2.419s kernel_total=54.780s kernel_host=1.747s kernel_wait=6.191s kernel_drain=46.842s
[attn-split] single: calls=11346 total=10.011s encode=3.531s wait=4.061s drain=2.419s waits=19642 untimed=3822 | wide: calls=372 total=4.376s encode=0.926s wait=3.450s drain=0.000s waits=368 untimed=368 | hint: calls=11592 total=8.916s encode=0.025s wait=8.891s drain=0.000s waits=11587 untimed=11587
[kernel-split] single: calls=11952 total=47.977s encode=1.082s wait=0.559s drain=46.337s waits=12733 untimed=9974 | wide: calls=997 total=6.803s encode=0.666s wait=5.632s drain=0.505s waits=997 untimed=0
[kernel-sub] materialize=0.332s moe=7.131s precommit=46.520s rest=0.797s
[metal-cache] calls=17777 zero_copy_wraps=390 copies=0 cache_entries=187 bindless=true
 |
[stats] generated=127 elapsed=194.169s speed=0.6541 token/s (1.529 s/token) chunks=125 committed_rows=164 verify_tx=3 drafts=2/12 layer_passes=11625 expert_rows=15088 expert_tiles=11998
[verify-width] w1=0 w2=2 w3=0 w4=0 w5=0 w6=0 w7=0 w8+=1              (w1 share 0.0% of 3 transactions)
[opens] expert file opens=670253 total=7.233s mean=0.011ms requested_bytes=5219733208256 (5219.7 GB)
[split-eta] chunks served hot=104126 dir_c=56553 dir_b=131836 primary=256774
[arrival] tiles=859 waves=1724 uncovered_wait=25.537s dispatch=7.088s
[retain] enabled=false cap_gb=8 layers=63..=92 consults=0 wanted=0 hits=0 inserts=0 served=0.0MB
[summer] enabled=false cap_gb=8 sample=16 consults=0 wanted=0 hits=0 hit_rate=0.0% misses=0 inserts=0 evictions=0 recycled=0 allocs=0 pin_skips=0 gated=0 ramp=2..50 bar=0 suppressed=0 wide_skips=0 served=0.0MB copied=0.0MB ssd_avoided=0.0GB live=0/0.0GB model=0 protected=0 declined=0 topup_suppressed=0 aged=0 into=0/0/0 pending=0
[mirror-split] internal=0 K3C=0 K3B=0 K3A=0  shares=0%/0%/0%/0%
[phases] mono=418531.802290 chunks=125 sequence=186.276s read_wait=0.170s bind_upload=1.591s attention_resident=12.947s expert_read_prefetch=93.022s expert_demand_read=56.359s expert_plan=9.035s expert_hint=0.001s expert_submit=0.001s expert_kernel=76.340s source_fence=0.000s tail_head_sync=1.970s layer_other=0.187s expert_read_gross=83.986s plan_hint=8.839s plan_sched=0.194s attn_total=14.463s attn_encode=4.478s attn_wait=7.545s attn_drain=2.440s kernel_total=55.175s kernel_host=1.757s kernel_wait=6.195s kernel_drain=47.223s
[attn-split] single: calls=11439 total=10.086s encode=3.552s wait=4.095s drain=2.440s waits=19803 untimed=3855 | wide: calls=372 total=4.376s encode=0.926s wait=3.450s drain=0.000s waits=368 untimed=368 | hint: calls=11684 total=8.993s encode=0.026s wait=8.968s drain=0.000s waits=11678 untimed=11678
[kernel-split] single: calls=12050 total=48.372s encode=1.091s wait=0.563s drain=46.718s waits=12838 untimed=10061 | wide: calls=997 total=6.803s encode=0.666s wait=5.632s drain=0.505s waits=997 untimed=0
[kernel-sub] materialize=0.332s moe=7.140s precommit=46.902s rest=0.801s
[metal-cache] calls=17875 zero_copy_wraps=390 copies=0 cache_entries=187 bindless=true
 Applied
[stats] generated=128 elapsed=195.437s speed=0.6549 token/s (1.527 s/token) chunks=126 committed_rows=165 verify_tx=3 drafts=2/12 layer_passes=11718 expert_rows=15180 expert_tiles=12090
[verify-width] w1=0 w2=2 w3=0 w4=0 w5=0 w6=0 w7=0 w8+=1              (w1 share 0.0% of 3 transactions)
[opens] expert file opens=675534 total=7.289s mean=0.011ms requested_bytes=5255608663232 (5255.6 GB)
[split-eta] chunks served hot=104915 dir_c=57002 dir_b=132808 primary=258653
[arrival] tiles=860 waves=1730 uncovered_wait=25.546s dispatch=7.095s
[retain] enabled=false cap_gb=8 layers=63..=92 consults=0 wanted=0 hits=0 inserts=0 served=0.0MB
[summer] enabled=false cap_gb=8 sample=16 consults=0 wanted=0 hits=0 hit_rate=0.0% misses=0 inserts=0 evictions=0 recycled=0 allocs=0 pin_skips=0 gated=0 ramp=2..50 bar=0 suppressed=0 wide_skips=0 served=0.0MB copied=0.0MB ssd_avoided=0.0GB live=0/0.0GB model=0 protected=0 declined=0 topup_suppressed=0 aged=0 into=0/0/0 pending=0
[mirror-split] internal=0 K3C=0 K3B=0 K3A=0  shares=0%/0%/0%/0%
[phases] mono=418533.070855 chunks=126 sequence=187.529s read_wait=0.170s bind_upload=1.591s attention_resident=13.019s expert_read_prefetch=93.773s expert_demand_read=56.814s expert_plan=9.105s expert_hint=0.001s expert_submit=0.001s expert_kernel=76.754s source_fence=0.000s tail_head_sync=1.985s layer_other=0.188s expert_read_gross=84.667s plan_hint=8.907s plan_sched=0.195s attn_total=14.534s attn_encode=4.502s attn_wait=7.577s attn_drain=2.456s kernel_total=55.579s kernel_host=1.765s kernel_wait=6.199s kernel_drain=47.615s
[attn-split] single: calls=11532 total=10.158s encode=3.576s wait=4.127s drain=2.456s waits=19964 untimed=3885 | wide: calls=372 total=4.376s encode=0.926s wait=3.450s drain=0.000s waits=368 untimed=368 | hint: calls=11776 total=9.062s encode=0.026s wait=9.036s drain=0.000s waits=11769 untimed=11769
[kernel-split] single: calls=12147 total=48.776s encode=1.099s wait=0.567s drain=47.110s waits=12941 untimed=10146 | wide: calls=997 total=6.803s encode=0.666s wait=5.632s drain=0.505s waits=997 untimed=0
[kernel-sub] materialize=0.332s moe=7.146s precommit=47.296s rest=0.805s
[metal-cache] calls=17972 zero_copy_wraps=390 copies=0 cache_entries=187 bindless=true
 to
[stats] generated=129 elapsed=196.695s speed=0.6558 token/s (1.525 s/token) chunks=127 committed_rows=166 verify_tx=3 drafts=2/12 layer_passes=11811 expert_rows=15272 expert_tiles=12182
[verify-width] w1=0 w2=2 w3=0 w4=0 w5=0 w6=0 w7=0 w8+=1              (w1 share 0.0% of 3 transactions)
[opens] expert file opens=680799 total=7.347s mean=0.011ms requested_bytes=5290817322176 (5290.8 GB)
[split-eta] chunks served hot=105661 dir_c=57427 dir_b=133779 primary=260524
[arrival] tiles=861 waves=1735 uncovered_wait=25.555s dispatch=7.102s
[retain] enabled=false cap_gb=8 layers=63..=92 consults=0 wanted=0 hits=0 inserts=0 served=0.0MB
[summer] enabled=false cap_gb=8 sample=16 consults=0 wanted=0 hits=0 hit_rate=0.0% misses=0 inserts=0 evictions=0 recycled=0 allocs=0 pin_skips=0 gated=0 ramp=2..50 bar=0 suppressed=0 wide_skips=0 served=0.0MB copied=0.0MB ssd_avoided=0.0GB live=0/0.0GB model=0 protected=0 declined=0 topup_suppressed=0 aged=0 into=0/0/0 pending=0
[mirror-split] internal=0 K3C=0 K3B=0 K3A=0  shares=0%/0%/0%/0%
[phases] mono=418534.328698 chunks=127 sequence=188.785s read_wait=0.170s bind_upload=1.591s attention_resident=13.100s expert_read_prefetch=94.493s expert_demand_read=57.250s expert_plan=9.191s expert_hint=0.001s expert_submit=0.001s expert_kernel=77.190s source_fence=0.000s tail_head_sync=2.002s layer_other=0.190s expert_read_gross=85.302s plan_hint=8.992s plan_sched=0.196s attn_total=14.616s attn_encode=4.528s attn_wait=7.615s attn_drain=2.472s kernel_total=56.006s kernel_host=1.774s kernel_wait=6.204s kernel_drain=48.028s
[attn-split] single: calls=11625 total=10.239s encode=3.602s wait=4.165s drain=2.472s waits=20125 untimed=3915 | wide: calls=372 total=4.376s encode=0.926s wait=3.450s drain=0.000s waits=368 untimed=368 | hint: calls=11868 total=9.147s encode=0.026s wait=9.121s drain=0.000s waits=11860 untimed=11860
[kernel-split] single: calls=12243 total=49.203s encode=1.109s wait=0.571s drain=47.523s waits=13042 untimed=10229 | wide: calls=997 total=6.803s encode=0.666s wait=5.632s drain=0.505s waits=997 untimed=0
[kernel-sub] materialize=0.332s moe=7.153s precommit=47.711s rest=0.810s
[metal-cache] calls=18068 zero_copy_wraps=390 copies=0 cache_entries=187 bindless=true
[route-chain] chained=8280
[route-chain] dedup_hits=8280
 the
[stats] generated=130 elapsed=197.934s speed=0.6568 token/s (1.523 s/token) chunks=128 committed_rows=167 verify_tx=3 drafts=2/12 layer_passes=11904 expert_rows=15364 expert_tiles=12274
[verify-width] w1=0 w2=2 w3=0 w4=0 w5=0 w6=0 w7=0 w8+=1              (w1 share 0.0% of 3 transactions)
[opens] expert file opens=685964 total=7.401s mean=0.011ms requested_bytes=5325534657728 (5325.5 GB)
[split-eta] chunks served hot=106430 dir_c=57831 dir_b=134730 primary=262357
[arrival] tiles=862 waves=1741 uncovered_wait=25.565s dispatch=7.110s
[retain] enabled=false cap_gb=8 layers=63..=92 consults=0 wanted=0 hits=0 inserts=0 served=0.0MB
[summer] enabled=false cap_gb=8 sample=16 consults=0 wanted=0 hits=0 hit_rate=0.0% misses=0 inserts=0 evictions=0 recycled=0 allocs=0 pin_skips=0 gated=0 ramp=2..50 bar=0 suppressed=0 wide_skips=0 served=0.0MB copied=0.0MB ssd_avoided=0.0GB live=0/0.0GB model=0 protected=0 declined=0 topup_suppressed=0 aged=0 into=0/0/0 pending=0
[mirror-split] internal=0 K3C=0 K3B=0 K3A=0  shares=0%/0%/0%/0%
[phases] mono=418535.567441 chunks=128 sequence=190.022s read_wait=0.170s bind_upload=1.591s attention_resident=13.192s expert_read_prefetch=95.230s expert_demand_read=57.702s expert_plan=9.260s expert_hint=0.001s expert_submit=0.001s expert_kernel=77.580s source_fence=0.000s tail_head_sync=2.019s layer_other=0.191s expert_read_gross=85.969s plan_hint=9.060s plan_sched=0.197s attn_total=14.708s attn_encode=4.568s attn_wait=7.654s attn_drain=2.486s kernel_total=56.386s kernel_host=1.782s kernel_wait=6.209s kernel_drain=48.395s
[attn-split] single: calls=11718 total=10.331s encode=3.641s wait=4.204s drain=2.486s waits=20286 untimed=3957 | wide: calls=372 total=4.376s encode=0.926s wait=3.450s drain=0.000s waits=368 untimed=368 | hint: calls=11960 total=9.215s encode=0.026s wait=9.188s drain=0.000s waits=11951 untimed=11951
[kernel-split] single: calls=12340 total=49.584s encode=1.117s wait=0.576s drain=47.890s waits=13145 untimed=10313 | wide: calls=997 total=6.803s encode=0.666s wait=5.632s drain=0.505s waits=997 untimed=0
[kernel-sub] materialize=0.332s moe=7.161s precommit=48.079s rest=0.814s
[metal-cache] calls=18165 zero_copy_wraps=390 copies=0 cache_entries=187 bindless=true
 **
[stats] generated=131 elapsed=199.228s speed=0.6575 token/s (1.521 s/token) chunks=129 committed_rows=168 verify_tx=3 drafts=2/12 layer_passes=11997 expert_rows=15456 expert_tiles=12366
[verify-width] w1=0 w2=2 w3=0 w4=0 w5=0 w6=0 w7=0 w8+=1              (w1 share 0.0% of 3 transactions)
[opens] expert file opens=691452 total=7.458s mean=0.011ms requested_bytes=5361927765184 (5361.9 GB)
[split-eta] chunks served hot=107238 dir_c=58242 dir_b=135727 primary=264289
[arrival] tiles=863 waves=1749 uncovered_wait=25.577s dispatch=7.119s
[retain] enabled=false cap_gb=8 layers=63..=92 consults=0 wanted=0 hits=0 inserts=0 served=0.0MB
[summer] enabled=false cap_gb=8 sample=16 consults=0 wanted=0 hits=0 hit_rate=0.0% misses=0 inserts=0 evictions=0 recycled=0 allocs=0 pin_skips=0 gated=0 ramp=2..50 bar=0 suppressed=0 wide_skips=0 served=0.0MB copied=0.0MB ssd_avoided=0.0GB live=0/0.0GB model=0 protected=0 declined=0 topup_suppressed=0 aged=0 into=0/0/0 pending=0
[mirror-split] internal=0 K3C=0 K3B=0 K3A=0  shares=0%/0%/0%/0%
[phases] mono=418536.861860 chunks=129 sequence=191.316s read_wait=0.170s bind_upload=1.591s attention_resident=13.276s expert_read_prefetch=96.002s expert_demand_read=58.204s expert_plan=9.325s expert_hint=0.001s expert_submit=0.001s expert_kernel=78.001s source_fence=0.000s tail_head_sync=2.034s layer_other=0.192s expert_read_gross=86.677s plan_hint=9.123s plan_sched=0.198s attn_total=14.792s attn_encode=4.592s attn_wait=7.685s attn_drain=2.514s kernel_total=56.794s kernel_host=1.791s kernel_wait=6.214s kernel_drain=48.790s
[attn-split] single: calls=11811 total=10.415s encode=3.666s wait=4.235s drain=2.514s waits=20447 untimed=3983 | wide: calls=372 total=4.376s encode=0.926s wait=3.450s drain=0.000s waits=368 untimed=368 | hint: calls=12052 total=9.278s encode=0.026s wait=9.252s drain=0.000s waits=12042 untimed=12042
[kernel-split] single: calls=12439 total=49.991s encode=1.125s wait=0.582s drain=48.284s waits=13252 untimed=10398 | wide: calls=997 total=6.803s encode=0.666s wait=5.632s drain=0.505s waits=997 untimed=0
[kernel-sub] materialize=0.332s moe=7.170s precommit=48.475s rest=0.818s
[metal-cache] calls=18264 zero_copy_wraps=390 copies=0 cache_entries=187 bindless=true
full
[stats] generated=132 elapsed=200.502s speed=0.6583 token/s (1.519 s/token) chunks=130 committed_rows=169 verify_tx=3 drafts=2/12 layer_passes=12090 expert_rows=15548 expert_tiles=12458
[verify-width] w1=0 w2=2 w3=0 w4=0 w5=0 w6=0 w7=0 w8+=1              (w1 share 0.0% of 3 transactions)
[opens] expert file opens=696682 total=7.513s mean=0.011ms requested_bytes=5397610200256 (5397.6 GB)
[split-eta] chunks served hot=108018 dir_c=58666 dir_b=136698 primary=266181
[arrival] tiles=864 waves=1756 uncovered_wait=25.590s dispatch=7.127s
[retain] enabled=false cap_gb=8 layers=63..=92 consults=0 wanted=0 hits=0 inserts=0 served=0.0MB
[summer] enabled=false cap_gb=8 sample=16 consults=0 wanted=0 hits=0 hit_rate=0.0% misses=0 inserts=0 evictions=0 recycled=0 allocs=0 pin_skips=0 gated=0 ramp=2..50 bar=0 suppressed=0 wide_skips=0 served=0.0MB copied=0.0MB ssd_avoided=0.0GB live=0/0.0GB model=0 protected=0 declined=0 topup_suppressed=0 aged=0 into=0/0/0 pending=0
[mirror-split] internal=0 K3C=0 K3B=0 K3A=0  shares=0%/0%/0%/0%
[phases] mono=418538.135522 chunks=130 sequence=192.588s read_wait=0.170s bind_upload=1.591s attention_resident=13.348s expert_read_prefetch=96.792s expert_demand_read=58.713s expert_plan=9.395s expert_hint=0.001s expert_submit=0.001s expert_kernel=78.393s source_fence=0.000s tail_head_sync=2.051s layer_other=0.193s expert_read_gross=87.396s plan_hint=9.193s plan_sched=0.199s attn_total=14.863s attn_encode=4.617s attn_wait=7.713s attn_drain=2.533s kernel_total=57.174s kernel_host=1.799s kernel_wait=6.219s kernel_drain=49.156s
[attn-split] single: calls=11904 total=10.486s encode=3.691s wait=4.263s drain=2.533s waits=20608 untimed=4006 | wide: calls=372 total=4.376s encode=0.926s wait=3.450s drain=0.000s waits=368 untimed=368 | hint: calls=12144 total=9.348s encode=0.027s wait=9.321s drain=0.000s waits=12133 untimed=12133
[kernel-split] single: calls=12537 total=50.371s encode=1.134s wait=0.586s drain=48.651s waits=13357 untimed=10481 | wide: calls=997 total=6.803s encode=0.666s wait=5.632s drain=0.505s waits=997 untimed=0
[kernel-sub] materialize=0.332s moe=7.177s precommit=48.843s rest=0.822s
[metal-cache] calls=18362 zero_copy_wraps=390 copies=0 cache_entries=187 bindless=true
 retail
[stats] generated=133 elapsed=201.753s speed=0.6592 token/s (1.517 s/token) chunks=131 committed_rows=170 verify_tx=3 drafts=2/12 layer_passes=12183 expert_rows=15640 expert_tiles=12550
[verify-width] w1=0 w2=2 w3=0 w4=0 w5=0 w6=0 w7=0 w8+=1              (w1 share 0.0% of 3 transactions)
[opens] expert file opens=701947 total=7.569s mean=0.011ms requested_bytes=5432476679360 (5432.5 GB)
[split-eta] chunks served hot=108752 dir_c=59082 dir_b=137661 primary=268042
[arrival] tiles=865 waves=1761 uncovered_wait=25.601s dispatch=7.134s
[retain] enabled=false cap_gb=8 layers=63..=92 consults=0 wanted=0 hits=0 inserts=0 served=0.0MB
[summer] enabled=false cap_gb=8 sample=16 consults=0 wanted=0 hits=0 hit_rate=0.0% misses=0 inserts=0 evictions=0 recycled=0 allocs=0 pin_skips=0 gated=0 ramp=2..50 bar=0 suppressed=0 wide_skips=0 served=0.0MB copied=0.0MB ssd_avoided=0.0GB live=0/0.0GB model=0 protected=0 declined=0 topup_suppressed=0 aged=0 into=0/0/0 pending=0
[mirror-split] internal=0 K3C=0 K3B=0 K3A=0  shares=0%/0%/0%/0%
[phases] mono=418539.386779 chunks=131 sequence=193.838s read_wait=0.170s bind_upload=1.591s attention_resident=13.428s expert_read_prefetch=97.538s expert_demand_read=59.182s expert_plan=9.470s expert_hint=0.001s expert_submit=0.001s expert_kernel=78.799s source_fence=0.000s tail_head_sync=2.068s layer_other=0.195s expert_read_gross=88.067s plan_hint=9.267s plan_sched=0.201s attn_total=14.943s attn_encode=4.644s attn_wait=7.751s attn_drain=2.547s kernel_total=57.569s kernel_host=1.809s kernel_wait=6.222s kernel_drain=49.538s
[attn-split] single: calls=11997 total=10.566s encode=3.718s wait=4.301s drain=2.547s waits=20769 untimed=4038 | wide: calls=372 total=4.376s encode=0.926s wait=3.450s drain=0.000s waits=368 untimed=368 | hint: calls=12236 total=9.421s encode=0.027s wait=9.394s drain=0.000s waits=12224 untimed=12224
[kernel-split] single: calls=12633 total=50.766s encode=1.143s wait=0.590s drain=49.032s waits=13458 untimed=10561 | wide: calls=997 total=6.803s encode=0.666s wait=5.632s drain=0.505s waits=997 untimed=0
[kernel-sub] materialize=0.332s moe=7.184s precommit=49.226s rest=0.827s
[metal-cache] calls=18458 zero_copy_wraps=390 copies=0 cache_entries=187 bindless=true
 price
[stats] generated=134 elapsed=203.019s speed=0.6600 token/s (1.515 s/token) chunks=132 committed_rows=171 verify_tx=3 drafts=2/12 layer_passes=12276 expert_rows=15732 expert_tiles=12642
[verify-width] w1=0 w2=2 w3=0 w4=0 w5=0 w6=0 w7=0 w8+=1              (w1 share 0.0% of 3 transactions)
[opens] expert file opens=707144 total=7.625s mean=0.011ms requested_bytes=5467676540096 (5467.7 GB)
[split-eta] chunks served hot=109502 dir_c=59495 dir_b=138630 primary=269922
[arrival] tiles=866 waves=1769 uncovered_wait=25.610s dispatch=7.140s
[retain] enabled=false cap_gb=8 layers=63..=92 consults=0 wanted=0 hits=0 inserts=0 served=0.0MB
[summer] enabled=false cap_gb=8 sample=16 consults=0 wanted=0 hits=0 hit_rate=0.0% misses=0 inserts=0 evictions=0 recycled=0 allocs=0 pin_skips=0 gated=0 ramp=2..50 bar=0 suppressed=0 wide_skips=0 served=0.0MB copied=0.0MB ssd_avoided=0.0GB live=0/0.0GB model=0 protected=0 declined=0 topup_suppressed=0 aged=0 into=0/0/0 pending=0
[mirror-split] internal=0 K3C=0 K3B=0 K3A=0  shares=0%/0%/0%/0%
[phases] mono=418540.652061 chunks=132 sequence=195.102s read_wait=0.170s bind_upload=1.591s attention_resident=13.524s expert_read_prefetch=98.272s expert_demand_read=59.644s expert_plan=9.555s expert_hint=0.001s expert_submit=0.001s expert_kernel=79.217s source_fence=0.000s tail_head_sync=2.083s layer_other=0.196s expert_read_gross=88.716s plan_hint=9.350s plan_sched=0.202s attn_total=15.039s attn_encode=4.688s attn_wait=7.777s attn_drain=2.574s kernel_total=57.977s kernel_host=1.817s kernel_wait=6.226s kernel_drain=49.933s
[attn-split] single: calls=12090 total=10.662s encode=3.762s wait=4.327s drain=2.574s waits=20930 untimed=4063 | wide: calls=372 total=4.376s encode=0.926s wait=3.450s drain=0.000s waits=368 untimed=368 | hint: calls=12328 total=9.505s encode=0.027s wait=9.478s drain=0.000s waits=12315 untimed=12315
[kernel-split] single: calls=12732 total=51.174s encode=1.152s wait=0.594s drain=49.428s waits=13565 untimed=10641 | wide: calls=997 total=6.803s encode=0.666s wait=5.632s drain=0.505s waits=997 untimed=0
[kernel-sub] materialize=0.332s moe=7.191s precommit=49.623s rest=0.831s
[metal-cache] calls=18557 zero_copy_wraps=390 copies=0 cache_entries=187 bindless=true
**
[stats] generated=135 elapsed=204.280s speed=0.6609 token/s (1.513 s/token) chunks=133 committed_rows=172 verify_tx=3 drafts=2/12 layer_passes=12369 expert_rows=15824 expert_tiles=12734
[verify-width] w1=0 w2=2 w3=0 w4=0 w5=0 w6=0 w7=0 w8+=1              (w1 share 0.0% of 3 transactions)
[opens] expert file opens=712508 total=7.685s mean=0.011ms requested_bytes=5503236177088 (5503.2 GB)
[split-eta] chunks served hot=110272 dir_c=59917 dir_b=139605 primary=271808
[arrival] tiles=867 waves=1775 uncovered_wait=25.620s dispatch=7.148s
[retain] enabled=false cap_gb=8 layers=63..=92 consults=0 wanted=0 hits=0 inserts=0 served=0.0MB
[summer] enabled=false cap_gb=8 sample=16 consults=0 wanted=0 hits=0 hit_rate=0.0% misses=0 inserts=0 evictions=0 recycled=0 allocs=0 pin_skips=0 gated=0 ramp=2..50 bar=0 suppressed=0 wide_skips=0 served=0.0MB copied=0.0MB ssd_avoided=0.0GB live=0/0.0GB model=0 protected=0 declined=0 topup_suppressed=0 aged=0 into=0/0/0 pending=0
[mirror-split] internal=0 K3C=0 K3B=0 K3A=0  shares=0%/0%/0%/0%
[phases] mono=418541.913685 chunks=133 sequence=196.363s read_wait=0.170s bind_upload=1.591s attention_resident=13.595s expert_read_prefetch=99.008s expert_demand_read=60.069s expert_plan=9.634s expert_hint=0.001s expert_submit=0.001s expert_kernel=79.653s source_fence=0.000s tail_head_sync=2.098s layer_other=0.197s expert_read_gross=89.373s plan_hint=9.428s plan_sched=0.203s attn_total=15.110s attn_encode=4.708s attn_wait=7.804s attn_drain=2.598s kernel_total=58.403s kernel_host=1.826s kernel_wait=6.231s kernel_drain=50.345s
[attn-split] single: calls=12183 total=10.734s encode=3.782s wait=4.354s drain=2.598s waits=21091 untimed=4090 | wide: calls=372 total=4.376s encode=0.926s wait=3.450s drain=0.000s waits=368 untimed=368 | hint: calls=12420 total=9.583s encode=0.027s wait=9.555s drain=0.000s waits=12406 untimed=12406
[kernel-split] single: calls=12829 total=51.600s encode=1.160s wait=0.599s drain=49.840s waits=13668 untimed=10719 | wide: calls=997 total=6.803s encode=0.666s wait=5.632s drain=0.505s waits=997 untimed=0
[kernel-sub] materialize=0.332s moe=7.198s precommit=50.037s rest=0.836s
[metal-cache] calls=18654 zero_copy_wraps=390 copies=0 cache_entries=187 bindless=true
 |

[stats] generated=136 elapsed=205.567s speed=0.6616 token/s (1.512 s/token) chunks=134 committed_rows=173 verify_tx=3 drafts=2/12 layer_passes=12462 expert_rows=15916 expert_tiles=12826
[verify-width] w1=0 w2=2 w3=0 w4=0 w5=0 w6=0 w7=0 w8+=1              (w1 share 0.0% of 3 transactions)
[opens] expert file opens=717886 total=7.741s mean=0.011ms requested_bytes=5539743366336 (5539.7 GB)
[split-eta] chunks served hot=111070 dir_c=60349 dir_b=140606 primary=273738
[arrival] tiles=868 waves=1783 uncovered_wait=25.631s dispatch=7.155s
[retain] enabled=false cap_gb=8 layers=63..=92 consults=0 wanted=0 hits=0 inserts=0 served=0.0MB
[summer] enabled=false cap_gb=8 sample=16 consults=0 wanted=0 hits=0 hit_rate=0.0% misses=0 inserts=0 evictions=0 recycled=0 allocs=0 pin_skips=0 gated=0 ramp=2..50 bar=0 suppressed=0 wide_skips=0 served=0.0MB copied=0.0MB ssd_avoided=0.0GB live=0/0.0GB model=0 protected=0 declined=0 topup_suppressed=0 aged=0 into=0/0/0 pending=0
[mirror-split] internal=0 K3C=0 K3B=0 K3A=0  shares=0%/0%/0%/0%
[phases] mono=418543.200135 chunks=134 sequence=197.648s read_wait=0.170s bind_upload=1.591s attention_resident=13.682s expert_read_prefetch=99.772s expert_demand_read=60.524s expert_plan=9.702s expert_hint=0.001s expert_submit=0.001s expert_kernel=80.066s source_fence=0.000s tail_head_sync=2.117s layer_other=0.198s expert_read_gross=90.070s plan_hint=9.495s plan_sched=0.204s attn_total=15.197s attn_encode=4.733s attn_wait=7.840s attn_drain=2.623s kernel_total=58.805s kernel_host=1.834s kernel_wait=6.235s kernel_drain=50.735s
[attn-split] single: calls=12276 total=10.820s encode=3.807s wait=4.390s drain=2.623s waits=21252 untimed=4124 | wide: calls=372 total=4.376s encode=0.926s wait=3.450s drain=0.000s waits=368 untimed=368 | hint: calls=12512 total=9.649s encode=0.027s wait=9.622s drain=0.000s waits=12497 untimed=12497
[kernel-split] single: calls=12928 total=52.002s encode=1.169s wait=0.603s drain=50.230s waits=13775 untimed=10805 | wide: calls=997 total=6.803s encode=0.666s wait=5.632s drain=0.505s waits=997 untimed=0
[kernel-sub] materialize=0.332s moe=7.205s precommit=50.428s rest=0.840s
[metal-cache] calls=18753 zero_copy_wraps=390 copies=0 cache_entries=187 bindless=true
|
[stats] generated=137 elapsed=206.871s speed=0.6622 token/s (1.510 s/token) chunks=135 committed_rows=174 verify_tx=3 drafts=2/12 layer_passes=12555 expert_rows=16008 expert_tiles=12918
[verify-width] w1=0 w2=2 w3=0 w4=0 w5=0 w6=0 w7=0 w8+=1              (w1 share 0.0% of 3 transactions)
[opens] expert file opens=723418 total=7.803s mean=0.011ms requested_bytes=5576373353664 (5576.4 GB)
[split-eta] chunks served hot=111841 dir_c=60773 dir_b=141620 primary=275704
[arrival] tiles=869 waves=1790 uncovered_wait=25.640s dispatch=7.163s
[retain] enabled=false cap_gb=8 layers=63..=92 consults=0 wanted=0 hits=0 inserts=0 served=0.0MB
[summer] enabled=false cap_gb=8 sample=16 consults=0 wanted=0 hits=0 hit_rate=0.0% misses=0 inserts=0 evictions=0 recycled=0 allocs=0 pin_skips=0 gated=0 ramp=2..50 bar=0 suppressed=0 wide_skips=0 served=0.0MB copied=0.0MB ssd_avoided=0.0GB live=0/0.0GB model=0 protected=0 declined=0 topup_suppressed=0 aged=0 into=0/0/0 pending=0
[mirror-split] internal=0 K3C=0 K3B=0 K3A=0  shares=0%/0%/0%/0%
[phases] mono=418544.504581 chunks=135 sequence=198.951s read_wait=0.170s bind_upload=1.591s attention_resident=13.761s expert_read_prefetch=100.559s expert_demand_read=60.977s expert_plan=9.786s expert_hint=0.001s expert_submit=0.001s expert_kernel=80.485s source_fence=0.000s tail_head_sync=2.134s layer_other=0.199s expert_read_gross=90.772s plan_hint=9.578s plan_sched=0.205s attn_total=15.276s attn_encode=4.761s attn_wait=7.871s attn_drain=2.644s kernel_total=59.215s kernel_host=1.844s kernel_wait=6.240s kernel_drain=51.131s
[attn-split] single: calls=12369 total=10.899s encode=3.834s wait=4.421s drain=2.644s waits=21413 untimed=4149 | wide: calls=372 total=4.376s encode=0.926s wait=3.450s drain=0.000s waits=368 untimed=368 | hint: calls=12604 total=9.733s encode=0.028s wait=9.705s drain=0.000s waits=12588 untimed=12588
[kernel-split] single: calls=13026 total=52.412s encode=1.179s wait=0.607s drain=50.626s waits=13880 untimed=10891 | wide: calls=997 total=6.803s encode=0.666s wait=5.632s drain=0.505s waits=997 untimed=0
[kernel-sub] materialize=0.332s moe=7.213s precommit=50.825s rest=0.844s
[metal-cache] calls=18851 zero_copy_wraps=390 copies=0 cache_entries=187 bindless=true
 **
[stats] generated=138 elapsed=208.118s speed=0.6631 token/s (1.508 s/token) chunks=136 committed_rows=175 verify_tx=3 drafts=2/12 layer_passes=12648 expert_rows=16100 expert_tiles=13010
[verify-width] w1=0 w2=2 w3=0 w4=0 w5=0 w6=0 w7=0 w8+=1              (w1 share 0.0% of 3 transactions)
[opens] expert file opens=728629 total=7.858s mean=0.011ms requested_bytes=5611406589120 (5611.4 GB)
[split-eta] chunks served hot=112610 dir_c=61159 dir_b=142585 primary=277577
[arrival] tiles=870 waves=1796 uncovered_wait=25.650s dispatch=7.169s
[retain] enabled=false cap_gb=8 layers=63..=92 consults=0 wanted=0 hits=0 inserts=0 served=0.0MB
[summer] enabled=false cap_gb=8 sample=16 consults=0 wanted=0 hits=0 hit_rate=0.0% misses=0 inserts=0 evictions=0 recycled=0 allocs=0 pin_skips=0 gated=0 ramp=2..50 bar=0 suppressed=0 wide_skips=0 served=0.0MB copied=0.0MB ssd_avoided=0.0GB live=0/0.0GB model=0 protected=0 declined=0 topup_suppressed=0 aged=0 into=0/0/0 pending=0
[mirror-split] internal=0 K3C=0 K3B=0 K3A=0  shares=0%/0%/0%/0%
[phases] mono=418545.751643 chunks=136 sequence=200.197s read_wait=0.170s bind_upload=1.591s attention_resident=13.861s expert_read_prefetch=101.302s expert_demand_read=61.444s expert_plan=9.854s expert_hint=0.001s expert_submit=0.001s expert_kernel=80.871s source_fence=0.000s tail_head_sync=2.151s layer_other=0.201s expert_read_gross=91.448s plan_hint=9.645s plan_sched=0.206s attn_total=15.375s attn_encode=4.802s attn_wait=7.904s attn_drain=2.669s kernel_total=59.590s kernel_host=1.852s kernel_wait=6.243s kernel_drain=51.495s
[attn-split] single: calls=12462 total=10.999s encode=3.876s wait=4.454s drain=2.669s waits=21574 untimed=4184 | wide: calls=372 total=4.376s encode=0.926s wait=3.450s drain=0.000s waits=368 untimed=368 | hint: calls=12696 total=9.799s encode=0.028s wait=9.771s drain=0.000s waits=12679 untimed=12679
[kernel-split] single: calls=13123 total=52.787s encode=1.187s wait=0.611s drain=50.990s waits=13983 untimed=10972 | wide: calls=997 total=6.803s encode=0.666s wait=5.632s drain=0.505s waits=997 untimed=0
[kernel-sub] materialize=0.332s moe=7.219s precommit=51.191s rest=0.848s
[metal-cache] calls=18948 zero_copy_wraps=390 copies=0 cache_entries=187 bindless=true
Who
[stats] generated=139 elapsed=209.406s speed=0.6638 token/s (1.507 s/token) chunks=137 committed_rows=176 verify_tx=3 drafts=2/12 layer_passes=12741 expert_rows=16192 expert_tiles=13102
[verify-width] w1=0 w2=2 w3=0 w4=0 w5=0 w6=0 w7=0 w8+=1              (w1 share 0.0% of 3 transactions)
[opens] expert file opens=734131 total=7.915s mean=0.011ms requested_bytes=5647896198336 (5647.9 GB)
[split-eta] chunks served hot=113394 dir_c=61585 dir_b=143591 primary=279520
[arrival] tiles=871 waves=1803 uncovered_wait=25.658s dispatch=7.177s
[retain] enabled=false cap_gb=8 layers=63..=92 consults=0 wanted=0 hits=0 inserts=0 served=0.0MB
[summer] enabled=false cap_gb=8 sample=16 consults=0 wanted=0 hits=0 hit_rate=0.0% misses=0 inserts=0 evictions=0 recycled=0 allocs=0 pin_skips=0 gated=0 ramp=2..50 bar=0 suppressed=0 wide_skips=0 served=0.0MB copied=0.0MB ssd_avoided=0.0GB live=0/0.0GB model=0 protected=0 declined=0 topup_suppressed=0 aged=0 into=0/0/0 pending=0
[mirror-split] internal=0 K3C=0 K3B=0 K3A=0  shares=0%/0%/0%/0%
[phases] mono=418547.039234 chunks=137 sequence=201.484s read_wait=0.170s bind_upload=1.591s attention_resident=13.938s expert_read_prefetch=102.086s expert_demand_read=61.904s expert_plan=9.930s expert_hint=0.001s expert_submit=0.001s expert_kernel=81.279s source_fence=0.000s tail_head_sync=2.167s layer_other=0.202s expert_read_gross=92.155s plan_hint=9.720s plan_sched=0.207s attn_total=15.452s attn_encode=4.825s attn_wait=7.938s attn_drain=2.688s kernel_total=59.990s kernel_host=1.861s kernel_wait=6.247s kernel_drain=51.882s
[attn-split] single: calls=12555 total=11.075s encode=3.899s wait=4.488s drain=2.688s waits=21735 untimed=4224 | wide: calls=372 total=4.376s encode=0.926s wait=3.450s drain=0.000s waits=368 untimed=368 | hint: calls=12788 total=9.874s encode=0.028s wait=9.846s drain=0.000s waits=12770 untimed=12770
[kernel-split] single: calls=13221 total=53.187s encode=1.196s wait=0.614s drain=51.377s waits=14088 untimed=11057 | wide: calls=997 total=6.803s encode=0.666s wait=5.632s drain=0.505s waits=997 untimed=0
[kernel-sub] materialize=0.332s moe=7.226s precommit=51.579s rest=0.852s
[metal-cache] calls=19046 zero_copy_wraps=390 copies=0 cache_entries=187 bindless=true
[route-chain] chained=8970
[route-chain] dedup_hits=8970
 Rem
[stats] generated=140 elapsed=210.643s speed=0.6646 token/s (1.505 s/token) chunks=138 committed_rows=177 verify_tx=3 drafts=2/12 layer_passes=12834 expert_rows=16284 expert_tiles=13194
[verify-width] w1=0 w2=2 w3=0 w4=0 w5=0 w6=0 w7=0 w8+=1              (w1 share 0.0% of 3 transactions)
[opens] expert file opens=739280 total=7.971s mean=0.011ms requested_bytes=5682604752064 (5682.6 GB)
[split-eta] chunks served hot=114157 dir_c=61980 dir_b=144545 primary=281364
[arrival] tiles=872 waves=1809 uncovered_wait=25.667s dispatch=7.185s
[retain] enabled=false cap_gb=8 layers=63..=92 consults=0 wanted=0 hits=0 inserts=0 served=0.0MB
[summer] enabled=false cap_gb=8 sample=16 consults=0 wanted=0 hits=0 hit_rate=0.0% misses=0 inserts=0 evictions=0 recycled=0 allocs=0 pin_skips=0 gated=0 ramp=2..50 bar=0 suppressed=0 wide_skips=0 served=0.0MB copied=0.0MB ssd_avoided=0.0GB live=0/0.0GB model=0 protected=0 declined=0 topup_suppressed=0 aged=0 into=0/0/0 pending=0
[mirror-split] internal=0 K3C=0 K3B=0 K3A=0  shares=0%/0%/0%/0%
[phases] mono=418548.276505 chunks=138 sequence=202.719s read_wait=0.170s bind_upload=1.591s attention_resident=14.018s expert_read_prefetch=102.808s expert_demand_read=62.331s expert_plan=10.004s expert_hint=0.001s expert_submit=0.001s expert_kernel=81.696s source_fence=0.000s tail_head_sync=2.183s layer_other=0.203s expert_read_gross=92.804s plan_hint=9.793s plan_sched=0.208s attn_total=15.531s attn_encode=4.848s attn_wait=7.972s attn_drain=2.711s kernel_total=60.398s kernel_host=1.870s kernel_wait=6.252s kernel_drain=52.276s
[attn-split] single: calls=12648 total=11.155s encode=3.922s wait=4.522s drain=2.711s waits=21896 untimed=4253 | wide: calls=372 total=4.376s encode=0.926s wait=3.450s drain=0.000s waits=368 untimed=368 | hint: calls=12880 total=9.947s encode=0.028s wait=9.919s drain=0.000s waits=12861 untimed=12861
[kernel-split] single: calls=13318 total=53.595s encode=1.204s wait=0.620s drain=51.771s waits=14191 untimed=11139 | wide: calls=997 total=6.803s encode=0.666s wait=5.632s drain=0.505s waits=997 untimed=0
[kernel-sub] materialize=0.332s moe=7.235s precommit=51.975s rest=0.856s
[metal-cache] calls=19143 zero_copy_wraps=390 copies=0 cache_entries=187 bindless=true
its
[stats] generated=141 elapsed=211.901s speed=0.6654 token/s (1.503 s/token) chunks=139 committed_rows=178 verify_tx=3 drafts=2/12 layer_passes=12927 expert_rows=16376 expert_tiles=13286
[verify-width] w1=0 w2=2 w3=0 w4=0 w5=0 w6=0 w7=0 w8+=1              (w1 share 0.0% of 3 transactions)
[opens] expert file opens=744525 total=8.028s mean=0.011ms requested_bytes=5717866003648 (5717.9 GB)
[split-eta] chunks served hot=114933 dir_c=62386 dir_b=145514 primary=283232
[arrival] tiles=873 waves=1815 uncovered_wait=25.674s dispatch=7.195s
[retain] enabled=false cap_gb=8 layers=63..=92 consults=0 wanted=0 hits=0 inserts=0 served=0.0MB
[summer] enabled=false cap_gb=8 sample=16 consults=0 wanted=0 hits=0 hit_rate=0.0% misses=0 inserts=0 evictions=0 recycled=0 allocs=0 pin_skips=0 gated=0 ramp=2..50 bar=0 suppressed=0 wide_skips=0 served=0.0MB copied=0.0MB ssd_avoided=0.0GB live=0/0.0GB model=0 protected=0 declined=0 topup_suppressed=0 aged=0 into=0/0/0 pending=0
[mirror-split] internal=0 K3C=0 K3B=0 K3A=0  shares=0%/0%/0%/0%
[phases] mono=418549.534490 chunks=139 sequence=203.976s read_wait=0.170s bind_upload=1.591s attention_resident=14.099s expert_read_prefetch=103.529s expert_demand_read=62.776s expert_plan=10.091s expert_hint=0.001s expert_submit=0.001s expert_kernel=82.132s source_fence=0.000s tail_head_sync=2.200s layer_other=0.204s expert_read_gross=93.437s plan_hint=9.878s plan_sched=0.210s attn_total=15.612s attn_encode=4.875s attn_wait=8.008s attn_drain=2.730s kernel_total=60.827s kernel_host=1.879s kernel_wait=6.258s kernel_drain=52.689s
[attn-split] single: calls=12741 total=11.236s encode=3.949s wait=4.558s drain=2.730s waits=22057 untimed=4281 | wide: calls=372 total=4.376s encode=0.926s wait=3.450s drain=0.000s waits=368 untimed=368 | hint: calls=12972 total=10.032s encode=0.028s wait=10.004s drain=0.000s waits=12952 untimed=12952
[kernel-split] single: calls=13415 total=54.024s encode=1.214s wait=0.626s drain=52.184s waits=14294 untimed=11217 | wide: calls=997 total=6.803s encode=0.666s wait=5.632s drain=0.505s waits=997 untimed=0
[kernel-sub] materialize=0.332s moe=7.244s precommit=52.390s rest=0.861s
[metal-cache] calls=19240 zero_copy_wraps=390 copies=0 cache_entries=187 bindless=true
**
[stats] generated=142 elapsed=213.150s speed=0.6662 token/s (1.501 s/token) chunks=140 committed_rows=179 verify_tx=3 drafts=2/12 layer_passes=13020 expert_rows=16468 expert_tiles=13378
[verify-width] w1=0 w2=2 w3=0 w4=0 w5=0 w6=0 w7=0 w8+=1              (w1 share 0.0% of 3 transactions)
[opens] expert file opens=749789 total=8.085s mean=0.011ms requested_bytes=5752785157312 (5752.8 GB)
[split-eta] chunks served hot=115684 dir_c=62765 dir_b=146474 primary=285122
[arrival] tiles=874 waves=1822 uncovered_wait=25.685s dispatch=7.201s
[retain] enabled=false cap_gb=8 layers=63..=92 consults=0 wanted=0 hits=0 inserts=0 served=0.0MB
[summer] enabled=false cap_gb=8 sample=16 consults=0 wanted=0 hits=0 hit_rate=0.0% misses=0 inserts=0 evictions=0 recycled=0 allocs=0 pin_skips=0 gated=0 ramp=2..50 bar=0 suppressed=0 wide_skips=0 served=0.0MB copied=0.0MB ssd_avoided=0.0GB live=0/0.0GB model=0 protected=0 declined=0 topup_suppressed=0 aged=0 into=0/0/0 pending=0
[mirror-split] internal=0 K3C=0 K3B=0 K3A=0  shares=0%/0%/0%/0%
[phases] mono=418550.783142 chunks=140 sequence=205.223s read_wait=0.170s bind_upload=1.591s attention_resident=14.192s expert_read_prefetch=104.254s expert_demand_read=63.214s expert_plan=10.163s expert_hint=0.001s expert_submit=0.001s expert_kernel=82.547s source_fence=0.000s tail_head_sync=2.213s layer_other=0.206s expert_read_gross=94.090s plan_hint=9.949s plan_sched=0.211s attn_total=15.705s attn_encode=4.917s attn_wait=8.035s attn_drain=2.753s kernel_total=61.232s kernel_host=1.888s kernel_wait=6.262s kernel_drain=53.082s
[attn-split] single: calls=12834 total=11.329s encode=3.991s wait=4.585s drain=2.753s waits=22218 untimed=4309 | wide: calls=372 total=4.376s encode=0.926s wait=3.450s drain=0.000s waits=368 untimed=368 | hint: calls=13064 total=10.103s encode=0.029s wait=10.074s drain=0.000s waits=13043 untimed=13043
[kernel-split] single: calls=13513 total=54.429s encode=1.222s wait=0.630s drain=52.576s waits=14399 untimed=11304 | wide: calls=997 total=6.803s encode=0.666s wait=5.632s drain=0.505s waits=997 untimed=0
[kernel-sub] materialize=0.332s moe=7.251s precommit=52.784s rest=0.865s
[metal-cache] calls=19338 zero_copy_wraps=390 copies=0 cache_entries=187 bindless=true
 |
[stats] generated=143 elapsed=214.349s speed=0.6671 token/s (1.499 s/token) chunks=141 committed_rows=180 verify_tx=3 drafts=2/12 layer_passes=13113 expert_rows=16560 expert_tiles=13470
[verify-width] w1=0 w2=2 w3=0 w4=0 w5=0 w6=0 w7=0 w8+=1              (w1 share 0.0% of 3 transactions)
[opens] expert file opens=754979 total=8.138s mean=0.011ms requested_bytes=5787441102016 (5787.4 GB)
[split-eta] chunks served hot=116439 dir_c=63180 dir_b=147424 primary=286952
[arrival] tiles=875 waves=1830 uncovered_wait=25.695s dispatch=7.209s
[retain] enabled=false cap_gb=8 layers=63..=92 consults=0 wanted=0 hits=0 inserts=0 served=0.0MB
[summer] enabled=false cap_gb=8 sample=16 consults=0 wanted=0 hits=0 hit_rate=0.0% misses=0 inserts=0 evictions=0 recycled=0 allocs=0 pin_skips=0 gated=0 ramp=2..50 bar=0 suppressed=0 wide_skips=0 served=0.0MB copied=0.0MB ssd_avoided=0.0GB live=0/0.0GB model=0 protected=0 declined=0 topup_suppressed=0 aged=0 into=0/0/0 pending=0
[mirror-split] internal=0 K3C=0 K3B=0 K3A=0  shares=0%/0%/0%/0%
[phases] mono=418551.982243 chunks=141 sequence=206.421s read_wait=0.170s bind_upload=1.591s attention_resident=14.256s expert_read_prefetch=105.006s expert_demand_read=63.673s expert_plan=10.222s expert_hint=0.001s expert_submit=0.001s expert_kernel=82.920s source_fence=0.000s tail_head_sync=2.220s layer_other=0.207s expert_read_gross=94.784s plan_hint=10.007s plan_sched=0.212s attn_total=15.769s attn_encode=4.939s attn_wait=8.065s attn_drain=2.765s kernel_total=61.593s kernel_host=1.896s kernel_wait=6.267s kernel_drain=53.430s
[attn-split] single: calls=12927 total=11.393s encode=4.013s wait=4.615s drain=2.765s waits=22379 untimed=4346 | wide: calls=372 total=4.376s encode=0.926s wait=3.450s drain=0.000s waits=368 untimed=368 | hint: calls=13156 total=10.161s encode=0.029s wait=10.132s drain=0.000s waits=13134 untimed=13134
[kernel-split] single: calls=13612 total=54.790s encode=1.231s wait=0.635s drain=52.925s waits=14506 untimed=11388 | wide: calls=997 total=6.803s encode=0.666s wait=5.632s drain=0.505s waits=997 untimed=0
[kernel-sub] materialize=0.332s moe=7.258s precommit=53.133s rest=0.869s
[metal-cache] calls=19437 zero_copy_wraps=390 copies=0 cache_entries=187 bindless=true
 Businesses
[stats] generated=144 elapsed=215.573s speed=0.6680 token/s (1.497 s/token) chunks=142 committed_rows=181 verify_tx=3 drafts=2/12 layer_passes=13206 expert_rows=16652 expert_tiles=13562
[verify-width] w1=0 w2=2 w3=0 w4=0 w5=0 w6=0 w7=0 w8+=1              (w1 share 0.0% of 3 transactions)
[opens] expert file opens=760149 total=8.190s mean=0.011ms requested_bytes=5822079483072 (5822.1 GB)
[split-eta] chunks served hot=117201 dir_c=63580 dir_b=148375 primary=288787
[arrival] tiles=876 waves=1835 uncovered_wait=25.704s dispatch=7.215s
[retain] enabled=false cap_gb=8 layers=63..=92 consults=0 wanted=0 hits=0 inserts=0 served=0.0MB
[summer] enabled=false cap_gb=8 sample=16 consults=0 wanted=0 hits=0 hit_rate=0.0% misses=0 inserts=0 evictions=0 recycled=0 allocs=0 pin_skips=0 gated=0 ramp=2..50 bar=0 suppressed=0 wide_skips=0 served=0.0MB copied=0.0MB ssd_avoided=0.0GB live=0/0.0GB model=0 protected=0 declined=0 topup_suppressed=0 aged=0 into=0/0/0 pending=0
[mirror-split] internal=0 K3C=0 K3B=0 K3A=0  shares=0%/0%/0%/0%
[phases] mono=418553.206843 chunks=142 sequence=207.644s read_wait=0.170s bind_upload=1.591s attention_resident=14.324s expert_read_prefetch=105.771s expert_demand_read=64.151s expert_plan=10.291s expert_hint=0.001s expert_submit=0.001s expert_kernel=83.291s source_fence=0.000s tail_head_sync=2.237s layer_other=0.208s expert_read_gross=95.480s plan_hint=10.074s plan_sched=0.213s attn_total=15.838s attn_encode=4.963s attn_wait=8.092s attn_drain=2.782s kernel_total=61.955s kernel_host=1.904s kernel_wait=6.270s kernel_drain=53.781s
[attn-split] single: calls=13020 total=11.461s encode=4.037s wait=4.642s drain=2.782s waits=22540 untimed=4382 | wide: calls=372 total=4.376s encode=0.926s wait=3.450s drain=0.000s waits=368 untimed=368 | hint: calls=13248 total=10.228s encode=0.029s wait=10.199s drain=0.000s waits=13225 untimed=13225
[kernel-split] single: calls=13708 total=55.152s encode=1.238s wait=0.638s drain=53.276s waits=14607 untimed=11474 | wide: calls=997 total=6.803s encode=0.666s wait=5.632s drain=0.505s waits=997 untimed=0
[kernel-sub] materialize=0.332s moe=7.264s precommit=53.486s rest=0.873s
[metal-cache] calls=19533 zero_copy_wraps=390 copies=0 cache_entries=187 bindless=true
 rem
[stats] generated=145 elapsed=216.830s speed=0.6687 token/s (1.495 s/token) chunks=143 committed_rows=182 verify_tx=3 drafts=2/12 layer_passes=13299 expert_rows=16744 expert_tiles=13654
[verify-width] w1=0 w2=2 w3=0 w4=0 w5=0 w6=0 w7=0 w8+=1              (w1 share 0.0% of 3 transactions)
[opens] expert file opens=765451 total=8.248s mean=0.011ms requested_bytes=5857130282176 (5857.1 GB)
[split-eta] chunks served hot=117968 dir_c=63965 dir_b=149348 primary=290657
[arrival] tiles=877 waves=1842 uncovered_wait=25.713s dispatch=7.221s
[retain] enabled=false cap_gb=8 layers=63..=92 consults=0 wanted=0 hits=0 inserts=0 served=0.0MB
[summer] enabled=false cap_gb=8 sample=16 consults=0 wanted=0 hits=0 hit_rate=0.0% misses=0 inserts=0 evictions=0 recycled=0 allocs=0 pin_skips=0 gated=0 ramp=2..50 bar=0 suppressed=0 wide_skips=0 served=0.0MB copied=0.0MB ssd_avoided=0.0GB live=0/0.0GB model=0 protected=0 declined=0 topup_suppressed=0 aged=0 into=0/0/0 pending=0
[mirror-split] internal=0 K3C=0 K3B=0 K3A=0  shares=0%/0%/0%/0%
[phases] mono=418554.462965 chunks=143 sequence=208.898s read_wait=0.170s bind_upload=1.591s attention_resident=14.404s expert_read_prefetch=106.541s expert_demand_read=64.628s expert_plan=10.374s expert_hint=0.001s expert_submit=0.001s expert_kernel=83.679s source_fence=0.000s tail_head_sync=2.253s layer_other=0.209s expert_read_gross=96.167s plan_hint=10.156s plan_sched=0.214s attn_total=15.917s attn_encode=4.989s attn_wait=8.123s attn_drain=2.805s kernel_total=62.335s kernel_host=1.913s kernel_wait=6.274s kernel_drain=54.147s
[attn-split] single: calls=13113 total=11.540s encode=4.063s wait=4.673s drain=2.805s waits=22701 untimed=4414 | wide: calls=372 total=4.376s encode=0.926s wait=3.450s drain=0.000s waits=368 untimed=368 | hint: calls=13340 total=10.310s encode=0.029s wait=10.281s drain=0.000s waits=13316 untimed=13316
[kernel-split] single: calls=13806 total=55.532s encode=1.248s wait=0.642s drain=53.642s waits=14712 untimed=11554 | wide: calls=997 total=6.803s encode=0.666s wait=5.632s drain=0.505s waits=997 untimed=0
[kernel-sub] materialize=0.332s moe=7.270s precommit=53.855s rest=0.878s
[metal-cache] calls=19631 zero_copy_wraps=390 copies=0 cache_entries=187 bindless=true
it
[stats] generated=146 elapsed=218.063s speed=0.6695 token/s (1.494 s/token) chunks=144 committed_rows=183 verify_tx=3 drafts=2/12 layer_passes=13392 expert_rows=16836 expert_tiles=13746
[verify-width] w1=0 w2=2 w3=0 w4=0 w5=0 w6=0 w7=0 w8+=1              (w1 share 0.0% of 3 transactions)
[opens] expert file opens=770572 total=8.302s mean=0.011ms requested_bytes=5891338747072 (5891.3 GB)
[split-eta] chunks served hot=118714 dir_c=64327 dir_b=150294 primary=292502
[arrival] tiles=878 waves=1849 uncovered_wait=25.721s dispatch=7.228s
[retain] enabled=false cap_gb=8 layers=63..=92 consults=0 wanted=0 hits=0 inserts=0 served=0.0MB
[summer] enabled=false cap_gb=8 sample=16 consults=0 wanted=0 hits=0 hit_rate=0.0% misses=0 inserts=0 evictions=0 recycled=0 allocs=0 pin_skips=0 gated=0 ramp=2..50 bar=0 suppressed=0 wide_skips=0 served=0.0MB copied=0.0MB ssd_avoided=0.0GB live=0/0.0GB model=0 protected=0 declined=0 topup_suppressed=0 aged=0 into=0/0/0 pending=0
[mirror-split] internal=0 K3C=0 K3B=0 K3A=0  shares=0%/0%/0%/0%
[phases] mono=418555.696243 chunks=144 sequence=210.130s read_wait=0.170s bind_upload=1.591s attention_resident=14.495s expert_read_prefetch=107.259s expert_demand_read=65.064s expert_plan=10.436s expert_hint=0.001s expert_submit=0.001s expert_kernel=84.084s source_fence=0.000s tail_head_sync=2.270s layer_other=0.210s expert_read_gross=96.822s plan_hint=10.218s plan_sched=0.215s attn_total=16.008s attn_encode=5.033s attn_wait=8.154s attn_drain=2.821s kernel_total=62.731s kernel_host=1.922s kernel_wait=6.278s kernel_drain=54.531s
[attn-split] single: calls=13206 total=11.632s encode=4.107s wait=4.704s drain=2.821s waits=22862 untimed=4443 | wide: calls=372 total=4.376s encode=0.926s wait=3.450s drain=0.000s waits=368 untimed=368 | hint: calls=13432 total=10.372s encode=0.029s wait=10.342s drain=0.000s waits=13407 untimed=13407
[kernel-split] single: calls=13904 total=55.928s encode=1.256s wait=0.646s drain=54.026s waits=14817 untimed=11639 | wide: calls=997 total=6.803s encode=0.666s wait=5.632s drain=0.505s waits=997 untimed=0
[kernel-sub] materialize=0.332s moe=7.277s precommit=54.240s rest=0.882s
[metal-cache] calls=19729 zero_copy_wraps=390 copies=0 cache_entries=187 bindless=true
 tax
[stats] generated=147 elapsed=219.338s speed=0.6702 token/s (1.492 s/token) chunks=145 committed_rows=184 verify_tx=3 drafts=2/12 layer_passes=13485 expert_rows=16928 expert_tiles=13838
[verify-width] w1=0 w2=2 w3=0 w4=0 w5=0 w6=0 w7=0 w8+=1              (w1 share 0.0% of 3 transactions)
[opens] expert file opens=775985 total=8.359s mean=0.011ms requested_bytes=5927161560256 (5927.2 GB)
[split-eta] chunks served hot=119482 dir_c=64737 dir_b=151279 primary=294422
[arrival] tiles=879 waves=1856 uncovered_wait=25.729s dispatch=7.235s
[retain] enabled=false cap_gb=8 layers=63..=92 consults=0 wanted=0 hits=0 inserts=0 served=0.0MB
[summer] enabled=false cap_gb=8 sample=16 consults=0 wanted=0 hits=0 hit_rate=0.0% misses=0 inserts=0 evictions=0 recycled=0 allocs=0 pin_skips=0 gated=0 ramp=2..50 bar=0 suppressed=0 wide_skips=0 served=0.0MB copied=0.0MB ssd_avoided=0.0GB live=0/0.0GB model=0 protected=0 declined=0 topup_suppressed=0 aged=0 into=0/0/0 pending=0
[mirror-split] internal=0 K3C=0 K3B=0 K3A=0  shares=0%/0%/0%/0%
[phases] mono=418556.971112 chunks=145 sequence=211.403s read_wait=0.170s bind_upload=1.591s attention_resident=14.570s expert_read_prefetch=108.057s expert_demand_read=65.554s expert_plan=10.506s expert_hint=0.001s expert_submit=0.001s expert_kernel=84.470s source_fence=0.001s tail_head_sync=2.283s layer_other=0.211s expert_read_gross=97.551s plan_hint=10.286s plan_sched=0.216s attn_total=16.082s attn_encode=5.059s attn_wait=8.185s attn_drain=2.838s kernel_total=63.109s kernel_host=1.930s kernel_wait=6.282s kernel_drain=54.897s
[attn-split] single: calls=13299 total=11.706s encode=4.133s wait=4.735s drain=2.838s waits=23023 untimed=4477 | wide: calls=372 total=4.376s encode=0.926s wait=3.450s drain=0.000s waits=368 untimed=368 | hint: calls=13524 total=10.440s encode=0.030s wait=10.410s drain=0.000s waits=13498 untimed=13498
[kernel-split] single: calls=14002 total=56.307s encode=1.265s wait=0.650s drain=54.392s waits=14922 untimed=11723 | wide: calls=997 total=6.803s encode=0.666s wait=5.632s drain=0.505s waits=997 untimed=0
[kernel-sub] materialize=0.332s moe=7.284s precommit=54.607s rest=0.886s
[metal-cache] calls=19827 zero_copy_wraps=390 copies=0 cache_entries=187 bindless=true
 on
[stats] generated=148 elapsed=220.631s speed=0.6708 token/s (1.491 s/token) chunks=146 committed_rows=185 verify_tx=3 drafts=2/12 layer_passes=13578 expert_rows=17020 expert_tiles=13930
[verify-width] w1=0 w2=2 w3=0 w4=0 w5=0 w6=0 w7=0 w8+=1              (w1 share 0.0% of 3 transactions)
[opens] expert file opens=781499 total=8.417s mean=0.011ms requested_bytes=5962975640768 (5963.0 GB)
[split-eta] chunks served hot=120241 dir_c=65112 dir_b=152283 primary=296366
[arrival] tiles=880 waves=1862 uncovered_wait=25.738s dispatch=7.242s
[retain] enabled=false cap_gb=8 layers=63..=92 consults=0 wanted=0 hits=0 inserts=0 served=0.0MB
[summer] enabled=false cap_gb=8 sample=16 consults=0 wanted=0 hits=0 hit_rate=0.0% misses=0 inserts=0 evictions=0 recycled=0 allocs=0 pin_skips=0 gated=0 ramp=2..50 bar=0 suppressed=0 wide_skips=0 served=0.0MB copied=0.0MB ssd_avoided=0.0GB live=0/0.0GB model=0 protected=0 declined=0 topup_suppressed=0 aged=0 into=0/0/0 pending=0
[mirror-split] internal=0 K3C=0 K3B=0 K3A=0  shares=0%/0%/0%/0%
[phases] mono=418558.264405 chunks=146 sequence=212.696s read_wait=0.170s bind_upload=1.591s attention_resident=14.659s expert_read_prefetch=108.810s expert_demand_read=65.995s expert_plan=10.578s expert_hint=0.001s expert_submit=0.001s expert_kernel=84.902s source_fence=0.001s tail_head_sync=2.300s layer_other=0.213s expert_read_gross=98.231s plan_hint=10.357s plan_sched=0.218s attn_total=16.171s attn_encode=5.084s attn_wait=8.227s attn_drain=2.860s kernel_total=63.532s kernel_host=1.938s kernel_wait=6.286s kernel_drain=55.307s
[attn-split] single: calls=13392 total=11.795s encode=4.158s wait=4.777s drain=2.860s waits=23184 untimed=4504 | wide: calls=372 total=4.376s encode=0.926s wait=3.450s drain=0.000s waits=368 untimed=368 | hint: calls=13616 total=10.511s encode=0.030s wait=10.481s drain=0.000s waits=13589 untimed=13589
[kernel-split] single: calls=14099 total=56.729s encode=1.273s wait=0.654s drain=54.802s waits=15025 untimed=11809 | wide: calls=997 total=6.803s encode=0.666s wait=5.632s drain=0.505s waits=997 untimed=0
[kernel-sub] materialize=0.332s moe=7.291s precommit=55.019s rest=0.890s
[metal-cache] calls=19924 zero_copy_wraps=390 copies=0 cache_entries=187 bindless=true
 their
[stats] generated=149 elapsed=221.866s speed=0.6716 token/s (1.489 s/token) chunks=147 committed_rows=186 verify_tx=3 drafts=2/12 layer_passes=13671 expert_rows=17112 expert_tiles=14022
[verify-width] w1=0 w2=2 w3=0 w4=0 w5=0 w6=0 w7=0 w8+=1              (w1 share 0.0% of 3 transactions)
[opens] expert file opens=786655 total=8.472s mean=0.011ms requested_bytes=5997280591040 (5997.3 GB)
[split-eta] chunks served hot=120983 dir_c=65492 dir_b=153237 primary=298200
[arrival] tiles=881 waves=1870 uncovered_wait=25.747s dispatch=7.252s
[retain] enabled=false cap_gb=8 layers=63..=92 consults=0 wanted=0 hits=0 inserts=0 served=0.0MB
[summer] enabled=false cap_gb=8 sample=16 consults=0 wanted=0 hits=0 hit_rate=0.0% misses=0 inserts=0 evictions=0 recycled=0 allocs=0 pin_skips=0 gated=0 ramp=2..50 bar=0 suppressed=0 wide_skips=0 served=0.0MB copied=0.0MB ssd_avoided=0.0GB live=0/0.0GB model=0 protected=0 declined=0 topup_suppressed=0 aged=0 into=0/0/0 pending=0
[mirror-split] internal=0 K3C=0 K3B=0 K3A=0  shares=0%/0%/0%/0%
[phases] mono=418559.498987 chunks=147 sequence=213.930s read_wait=0.170s bind_upload=1.591s attention_resident=14.741s expert_read_prefetch=109.524s expert_demand_read=66.423s expert_plan=10.650s expert_hint=0.001s expert_submit=0.001s expert_kernel=85.321s source_fence=0.001s tail_head_sync=2.316s layer_other=0.214s expert_read_gross=98.873s plan_hint=10.428s plan_sched=0.219s attn_total=16.253s attn_encode=5.109s attn_wait=8.261s attn_drain=2.883s kernel_total=63.941s kernel_host=1.948s kernel_wait=6.292s kernel_drain=55.701s
[attn-split] single: calls=13485 total=11.877s encode=4.183s wait=4.811s drain=2.883s waits=23345 untimed=4532 | wide: calls=372 total=4.376s encode=0.926s wait=3.450s drain=0.000s waits=368 untimed=368 | hint: calls=13708 total=10.582s encode=0.030s wait=10.552s drain=0.000s waits=13680 untimed=13680
[kernel-split] single: calls=14198 total=57.138s encode=1.282s wait=0.660s drain=55.196s waits=15132 untimed=11898 | wide: calls=997 total=6.803s encode=0.666s wait=5.632s drain=0.505s waits=997 untimed=0
[kernel-sub] materialize=0.332s moe=7.300s precommit=55.414s rest=0.895s
[metal-cache] calls=20023 zero_copy_wraps=390 copies=0 cache_entries=187 bindless=true
 sales
[stats] generated=150 elapsed=223.084s speed=0.6724 token/s (1.487 s/token) chunks=148 committed_rows=187 verify_tx=3 drafts=2/12 layer_passes=13764 expert_rows=17204 expert_tiles=14114
[verify-width] w1=0 w2=2 w3=0 w4=0 w5=0 w6=0 w7=0 w8+=1              (w1 share 0.0% of 3 transactions)
[opens] expert file opens=791696 total=8.533s mean=0.011ms requested_bytes=6031304817856 (6031.3 GB)
[split-eta] chunks served hot=121726 dir_c=65866 dir_b=154172 primary=300026
[arrival] tiles=882 waves=1878 uncovered_wait=25.756s dispatch=7.261s
[retain] enabled=false cap_gb=8 layers=63..=92 consults=0 wanted=0 hits=0 inserts=0 served=0.0MB
[summer] enabled=false cap_gb=8 sample=16 consults=0 wanted=0 hits=0 hit_rate=0.0% misses=0 inserts=0 evictions=0 recycled=0 allocs=0 pin_skips=0 gated=0 ramp=2..50 bar=0 suppressed=0 wide_skips=0 served=0.0MB copied=0.0MB ssd_avoided=0.0GB live=0/0.0GB model=0 protected=0 declined=0 topup_suppressed=0 aged=0 into=0/0/0 pending=0
[mirror-split] internal=0 K3C=0 K3B=0 K3A=0  shares=0%/0%/0%/0%
[phases] mono=418560.717542 chunks=148 sequence=215.147s read_wait=0.170s bind_upload=1.591s attention_resident=14.842s expert_read_prefetch=110.261s expert_demand_read=66.880s expert_plan=10.731s expert_hint=0.001s expert_submit=0.001s expert_kernel=85.682s source_fence=0.001s tail_head_sync=2.333s layer_other=0.215s expert_read_gross=99.530s plan_hint=10.508s plan_sched=0.220s attn_total=16.354s attn_encode=5.160s attn_wait=8.288s attn_drain=2.906s kernel_total=64.293s kernel_host=1.958s kernel_wait=6.298s kernel_drain=56.038s
[attn-split] single: calls=13578 total=11.978s encode=4.233s wait=4.838s drain=2.906s waits=23506 untimed=4554 | wide: calls=372 total=4.376s encode=0.926s wait=3.450s drain=0.000s waits=368 untimed=368 | hint: calls=13800 total=10.661s encode=0.030s wait=10.631s drain=0.000s waits=13771 untimed=13771
[kernel-split] single: calls=14297 total=57.491s encode=1.292s wait=0.665s drain=55.533s waits=15239 untimed=11975 | wide: calls=997 total=6.803s encode=0.666s wait=5.632s drain=0.505s waits=997 untimed=0
[kernel-sub] materialize=0.332s moe=7.309s precommit=55.752s rest=0.900s
[metal-cache] calls=20122 zero_copy_wraps=390 copies=0 cache_entries=187 bindless=true
[route-chain] chained=9660
[route-chain] dedup_hits=9660
 but
[stats] generated=151 elapsed=224.329s speed=0.6731 token/s (1.486 s/token) chunks=149 committed_rows=188 verify_tx=3 drafts=2/12 layer_passes=13857 expert_rows=17296 expert_tiles=14206
[verify-width] w1=0 w2=2 w3=0 w4=0 w5=0 w6=0 w7=0 w8+=1              (w1 share 0.0% of 3 transactions)
[opens] expert file opens=796883 total=8.588s mean=0.011ms requested_bytes=6065758944448 (6065.8 GB)
[split-eta] chunks served hot=122467 dir_c=66227 dir_b=155136 primary=301887
[arrival] tiles=883 waves=1886 uncovered_wait=25.768s dispatch=7.268s
[retain] enabled=false cap_gb=8 layers=63..=92 consults=0 wanted=0 hits=0 inserts=0 served=0.0MB
[summer] enabled=false cap_gb=8 sample=16 consults=0 wanted=0 hits=0 hit_rate=0.0% misses=0 inserts=0 evictions=0 recycled=0 allocs=0 pin_skips=0 gated=0 ramp=2..50 bar=0 suppressed=0 wide_skips=0 served=0.0MB copied=0.0MB ssd_avoided=0.0GB live=0/0.0GB model=0 protected=0 declined=0 topup_suppressed=0 aged=0 into=0/0/0 pending=0
[mirror-split] internal=0 K3C=0 K3B=0 K3A=0  shares=0%/0%/0%/0%
[phases] mono=418561.962541 chunks=149 sequence=216.391s read_wait=0.170s bind_upload=1.591s attention_resident=14.924s expert_read_prefetch=111.035s expert_demand_read=67.343s expert_plan=10.793s expert_hint=0.001s expert_submit=0.001s expert_kernel=86.053s source_fence=0.001s tail_head_sync=2.350s layer_other=0.216s expert_read_gross=100.242s plan_hint=10.569s plan_sched=0.221s attn_total=16.436s attn_encode=5.186s attn_wait=8.326s attn_drain=2.923s kernel_total=64.652s kernel_host=1.966s kernel_wait=6.301s kernel_drain=56.384s
[attn-split] single: calls=13671 total=12.059s encode=4.260s wait=4.876s drain=2.923s waits=23667 untimed=4591 | wide: calls=372 total=4.376s encode=0.926s wait=3.450s drain=0.000s waits=368 untimed=368 | hint: calls=13892 total=10.722s encode=0.030s wait=10.692s drain=0.000s waits=13862 untimed=13862
[kernel-split] single: calls=14396 total=57.849s encode=1.300s wait=0.669s drain=55.879s waits=15346 untimed=12063 | wide: calls=997 total=6.803s encode=0.666s wait=5.632s drain=0.505s waits=997 untimed=0
[kernel-sub] materialize=0.332s moe=7.316s precommit=56.100s rest=0.904s
[metal-cache] calls=20221 zero_copy_wraps=390 copies=0 cache_entries=187 bindless=true
 claim
[stats] generated=152 elapsed=225.585s speed=0.6738 token/s (1.484 s/token) chunks=150 committed_rows=189 verify_tx=3 drafts=2/12 layer_passes=13950 expert_rows=17388 expert_tiles=14298
[verify-width] w1=0 w2=2 w3=0 w4=0 w5=0 w6=0 w7=0 w8+=1              (w1 share 0.0% of 3 transactions)
[opens] expert file opens=802200 total=8.645s mean=0.011ms requested_bytes=6101099199680 (6101.1 GB)
[split-eta] chunks served hot=123206 dir_c=66655 dir_b=156111 primary=303773
[arrival] tiles=884 waves=1892 uncovered_wait=25.775s dispatch=7.276s
[retain] enabled=false cap_gb=8 layers=63..=92 consults=0 wanted=0 hits=0 inserts=0 served=0.0MB
[summer] enabled=false cap_gb=8 sample=16 consults=0 wanted=0 hits=0 hit_rate=0.0% misses=0 inserts=0 evictions=0 recycled=0 allocs=0 pin_skips=0 gated=0 ramp=2..50 bar=0 suppressed=0 wide_skips=0 served=0.0MB copied=0.0MB ssd_avoided=0.0GB live=0/0.0GB model=0 protected=0 declined=0 topup_suppressed=0 aged=0 into=0/0/0 pending=0
[mirror-split] internal=0 K3C=0 K3B=0 K3A=0  shares=0%/0%/0%/0%
[phases] mono=418563.218020 chunks=150 sequence=217.645s read_wait=0.170s bind_upload=1.591s attention_resident=14.997s expert_read_prefetch=111.806s expert_demand_read=67.802s expert_plan=10.875s expert_hint=0.001s expert_submit=0.001s expert_kernel=86.445s source_fence=0.001s tail_head_sync=2.367s layer_other=0.217s expert_read_gross=100.930s plan_hint=10.649s plan_sched=0.222s attn_total=16.509s attn_encode=5.209s attn_wait=8.360s attn_drain=2.940s kernel_total=65.037s kernel_host=1.974s kernel_wait=6.306s kernel_drain=56.756s
[attn-split] single: calls=13764 total=12.132s encode=4.283s wait=4.910s drain=2.940s waits=23828 untimed=4631 | wide: calls=372 total=4.376s encode=0.926s wait=3.450s drain=0.000s waits=368 untimed=368 | hint: calls=13984 total=10.803s encode=0.031s wait=10.773s drain=0.000s waits=13953 untimed=13953
[kernel-split] single: calls=14493 total=58.234s encode=1.309s wait=0.674s drain=56.251s waits=15449 untimed=12147 | wide: calls=997 total=6.803s encode=0.666s wait=5.632s drain=0.505s waits=997 untimed=0
[kernel-sub] materialize=0.332s moe=7.324s precommit=56.473s rest=0.907s
[metal-cache] calls=20318 zero_copy_wraps=390 copies=0 cache_entries=187 bindless=true
 credits
[stats] generated=153 elapsed=226.833s speed=0.6745 token/s (1.483 s/token) chunks=151 committed_rows=190 verify_tx=3 drafts=2/12 layer_passes=14043 expert_rows=17480 expert_tiles=14390
[verify-width] w1=0 w2=2 w3=0 w4=0 w5=0 w6=0 w7=0 w8+=1              (w1 share 0.0% of 3 transactions)
[opens] expert file opens=807437 total=8.705s mean=0.011ms requested_bytes=6135798971584 (6135.8 GB)
[split-eta] chunks served hot=123946 dir_c=67063 dir_b=157074 primary=305617
[arrival] tiles=885 waves=1897 uncovered_wait=25.786s dispatch=7.283s
[retain] enabled=false cap_gb=8 layers=63..=92 consults=0 wanted=0 hits=0 inserts=0 served=0.0MB
[summer] enabled=false cap_gb=8 sample=16 consults=0 wanted=0 hits=0 hit_rate=0.0% misses=0 inserts=0 evictions=0 recycled=0 allocs=0 pin_skips=0 gated=0 ramp=2..50 bar=0 suppressed=0 wide_skips=0 served=0.0MB copied=0.0MB ssd_avoided=0.0GB live=0/0.0GB model=0 protected=0 declined=0 topup_suppressed=0 aged=0 into=0/0/0 pending=0
[mirror-split] internal=0 K3C=0 K3B=0 K3A=0  shares=0%/0%/0%/0%
[phases] mono=418564.466190 chunks=151 sequence=218.892s read_wait=0.170s bind_upload=1.591s attention_resident=15.090s expert_read_prefetch=112.526s expert_demand_read=68.250s expert_plan=10.943s expert_hint=0.001s expert_submit=0.001s expert_kernel=86.861s source_fence=0.001s tail_head_sync=2.383s layer_other=0.219s expert_read_gross=101.583s plan_hint=10.716s plan_sched=0.223s attn_total=16.601s attn_encode=5.237s attn_wait=8.382s attn_drain=2.982s kernel_total=65.441s kernel_host=1.983s kernel_wait=6.310s kernel_drain=57.148s
[attn-split] single: calls=13857 total=12.225s encode=4.311s wait=4.932s drain=2.982s waits=23989 untimed=4648 | wide: calls=372 total=4.376s encode=0.926s wait=3.450s drain=0.000s waits=368 untimed=368 | hint: calls=14076 total=10.870s encode=0.031s wait=10.839s drain=0.000s waits=14044 untimed=14044
[kernel-split] single: calls=14589 total=58.638s encode=1.318s wait=0.678s drain=56.643s waits=15550 untimed=12222 | wide: calls=997 total=6.803s encode=0.666s wait=5.632s drain=0.505s waits=997 untimed=0
[kernel-sub] materialize=0.332s moe=7.331s precommit=56.866s rest=0.912s
[metal-cache] calls=20414 zero_copy_wraps=390 copies=0 cache_entries=187 bindless=true
 for
[stats] generated=154 elapsed=228.085s speed=0.6752 token/s (1.481 s/token) chunks=152 committed_rows=191 verify_tx=3 drafts=2/12 layer_passes=14136 expert_rows=17572 expert_tiles=14482
[verify-width] w1=0 w2=2 w3=0 w4=0 w5=0 w6=0 w7=0 w8+=1              (w1 share 0.0% of 3 transactions)
[opens] expert file opens=812712 total=8.761s mean=0.011ms requested_bytes=6170946223296 (6170.9 GB)
[split-eta] chunks served hot=124711 dir_c=67461 dir_b=158041 primary=307493
[arrival] tiles=886 waves=1905 uncovered_wait=25.797s dispatch=7.291s
[retain] enabled=false cap_gb=8 layers=63..=92 consults=0 wanted=0 hits=0 inserts=0 served=0.0MB
[summer] enabled=false cap_gb=8 sample=16 consults=0 wanted=0 hits=0 hit_rate=0.0% misses=0 inserts=0 evictions=0 recycled=0 allocs=0 pin_skips=0 gated=0 ramp=2..50 bar=0 suppressed=0 wide_skips=0 served=0.0MB copied=0.0MB ssd_avoided=0.0GB live=0/0.0GB model=0 protected=0 declined=0 topup_suppressed=0 aged=0 into=0/0/0 pending=0
[mirror-split] internal=0 K3C=0 K3B=0 K3A=0  shares=0%/0%/0%/0%
[phases] mono=418565.718528 chunks=152 sequence=220.143s read_wait=0.170s bind_upload=1.591s attention_resident=15.180s expert_read_prefetch=113.248s expert_demand_read=68.687s expert_plan=11.019s expert_hint=0.001s expert_submit=0.001s expert_kernel=87.281s source_fence=0.001s tail_head_sync=2.400s layer_other=0.220s expert_read_gross=102.229s plan_hint=10.791s plan_sched=0.224s attn_total=16.691s attn_encode=5.276s attn_wait=8.409s attn_drain=3.006s kernel_total=65.851s kernel_host=1.992s kernel_wait=6.315s kernel_drain=57.543s
[attn-split] single: calls=13950 total=12.315s encode=4.349s wait=4.959s drain=3.006s waits=24150 untimed=4680 | wide: calls=372 total=4.376s encode=0.926s wait=3.450s drain=0.000s waits=368 untimed=368 | hint: calls=14168 total=10.945s encode=0.031s wait=10.914s drain=0.000s waits=14135 untimed=14135
[kernel-split] single: calls=14688 total=59.048s encode=1.327s wait=0.683s drain=57.038s waits=15657 untimed=12302 | wide: calls=997 total=6.803s encode=0.666s wait=5.632s drain=0.505s waits=997 untimed=0
[kernel-sub] materialize=0.332s moe=7.339s precommit=57.263s rest=0.917s
[metal-cache] calls=20513 zero_copy_wraps=390 copies=0 cache_entries=187 bindless=true
 tax
[stats] generated=155 elapsed=229.280s speed=0.6760 token/s (1.479 s/token) chunks=153 committed_rows=192 verify_tx=3 drafts=2/12 layer_passes=14229 expert_rows=17664 expert_tiles=14574
[verify-width] w1=0 w2=2 w3=0 w4=0 w5=0 w6=0 w7=0 w8+=1              (w1 share 0.0% of 3 transactions)
[opens] expert file opens=817855 total=8.815s mean=0.011ms requested_bytes=6204873931968 (6204.9 GB)
[split-eta] chunks served hot=125458 dir_c=67838 dir_b=158976 primary=309301
[arrival] tiles=887 waves=1913 uncovered_wait=25.806s dispatch=7.299s
[retain] enabled=false cap_gb=8 layers=63..=92 consults=0 wanted=0 hits=0 inserts=0 served=0.0MB
[summer] enabled=false cap_gb=8 sample=16 consults=0 wanted=0 hits=0 hit_rate=0.0% misses=0 inserts=0 evictions=0 recycled=0 allocs=0 pin_skips=0 gated=0 ramp=2..50 bar=0 suppressed=0 wide_skips=0 served=0.0MB copied=0.0MB ssd_avoided=0.0GB live=0/0.0GB model=0 protected=0 declined=0 topup_suppressed=0 aged=0 into=0/0/0 pending=0
[mirror-split] internal=0 K3C=0 K3B=0 K3A=0  shares=0%/0%/0%/0%
[phases] mono=418566.913343 chunks=153 sequence=221.337s read_wait=0.170s bind_upload=1.591s attention_resident=15.247s expert_read_prefetch=114.034s expert_demand_read=69.163s expert_plan=11.092s expert_hint=0.001s expert_submit=0.001s expert_kernel=87.604s source_fence=0.001s tail_head_sync=2.417s layer_other=0.221s expert_read_gross=102.942s plan_hint=10.863s plan_sched=0.225s attn_total=16.758s attn_encode=5.299s attn_wait=8.437s attn_drain=3.021s kernel_total=66.165s kernel_host=2.001s kernel_wait=6.319s kernel_drain=57.845s
[attn-split] single: calls=14043 total=12.381s encode=4.373s wait=4.987s drain=3.021s waits=24311 untimed=4711 | wide: calls=372 total=4.376s encode=0.926s wait=3.450s drain=0.000s waits=368 untimed=368 | hint: calls=14260 total=11.017s encode=0.031s wait=10.985s drain=0.000s waits=14226 untimed=14226
[kernel-split] single: calls=14787 total=59.362s encode=1.335s wait=0.687s drain=57.340s waits=15764 untimed=12382 | wide: calls=997 total=6.803s encode=0.666s wait=5.632s drain=0.505s waits=997 untimed=0
[kernel-sub] materialize=0.332s moe=7.346s precommit=57.566s rest=0.921s
[metal-cache] calls=20612 zero_copy_wraps=390 copies=0 cache_entries=187 bindless=true
 paid
[stats] generated=156 elapsed=230.512s speed=0.6768 token/s (1.478 s/token) chunks=154 committed_rows=193 verify_tx=3 drafts=2/12 layer_passes=14322 expert_rows=17756 expert_tiles=14666
[verify-width] w1=0 w2=2 w3=0 w4=0 w5=0 w6=0 w7=0 w8+=1              (w1 share 0.0% of 3 transactions)
[opens] expert file opens=823065 total=8.870s mean=0.011ms requested_bytes=6239442140352 (6239.4 GB)
[split-eta] chunks served hot=126212 dir_c=68241 dir_b=159923 primary=311137
[arrival] tiles=888 waves=1920 uncovered_wait=25.815s dispatch=7.306s
[retain] enabled=false cap_gb=8 layers=63..=92 consults=0 wanted=0 hits=0 inserts=0 served=0.0MB
[summer] enabled=false cap_gb=8 sample=16 consults=0 wanted=0 hits=0 hit_rate=0.0% misses=0 inserts=0 evictions=0 recycled=0 allocs=0 pin_skips=0 gated=0 ramp=2..50 bar=0 suppressed=0 wide_skips=0 served=0.0MB copied=0.0MB ssd_avoided=0.0GB live=0/0.0GB model=0 protected=0 declined=0 topup_suppressed=0 aged=0 into=0/0/0 pending=0
[mirror-split] internal=0 K3C=0 K3B=0 K3A=0  shares=0%/0%/0%/0%
[phases] mono=418568.145569 chunks=154 sequence=222.567s read_wait=0.170s bind_upload=1.591s attention_resident=15.330s expert_read_prefetch=114.821s expert_demand_read=69.619s expert_plan=11.161s expert_hint=0.001s expert_submit=0.001s expert_kernel=87.947s source_fence=0.001s tail_head_sync=2.434s layer_other=0.222s expert_read_gross=103.659s plan_hint=10.931s plan_sched=0.226s attn_total=16.841s attn_encode=5.323s attn_wait=8.473s attn_drain=3.046s kernel_total=66.498s kernel_host=2.010s kernel_wait=6.324s kernel_drain=58.165s
[attn-split] single: calls=14136 total=12.465s encode=4.396s wait=5.023s drain=3.046s waits=24472 untimed=4748 | wide: calls=372 total=4.376s encode=0.926s wait=3.450s drain=0.000s waits=368 untimed=368 | hint: calls=14352 total=11.085s encode=0.031s wait=11.053s drain=0.000s waits=14317 untimed=14317
[kernel-split] single: calls=14885 total=59.695s encode=1.344s wait=0.691s drain=57.660s waits=15869 untimed=12467 | wide: calls=997 total=6.803s encode=0.666s wait=5.632s drain=0.505s waits=997 untimed=0
[kernel-sub] materialize=0.332s moe=7.354s precommit=57.887s rest=0.925s
[metal-cache] calls=20710 zero_copy_wraps=390 copies=0 cache_entries=187 bindless=true
 on
[stats] generated=157 elapsed=231.722s speed=0.6775 token/s (1.476 s/token) chunks=155 committed_rows=194 verify_tx=3 drafts=2/12 layer_passes=14415 expert_rows=17848 expert_tiles=14758
[verify-width] w1=0 w2=2 w3=0 w4=0 w5=0 w6=0 w7=0 w8+=1              (w1 share 0.0% of 3 transactions)
[opens] expert file opens=828178 total=8.924s mean=0.011ms requested_bytes=6273492679872 (6273.5 GB)
[split-eta] chunks served hot=126952 dir_c=68642 dir_b=160855 primary=312945
[arrival] tiles=889 waves=1927 uncovered_wait=25.823s dispatch=7.315s
[retain] enabled=false cap_gb=8 layers=63..=92 consults=0 wanted=0 hits=0 inserts=0 served=0.0MB
[summer] enabled=false cap_gb=8 sample=16 consults=0 wanted=0 hits=0 hit_rate=0.0% misses=0 inserts=0 evictions=0 recycled=0 allocs=0 pin_skips=0 gated=0 ramp=2..50 bar=0 suppressed=0 wide_skips=0 served=0.0MB copied=0.0MB ssd_avoided=0.0GB live=0/0.0GB model=0 protected=0 declined=0 topup_suppressed=0 aged=0 into=0/0/0 pending=0
[mirror-split] internal=0 K3C=0 K3B=0 K3A=0  shares=0%/0%/0%/0%
[phases] mono=418569.355048 chunks=155 sequence=223.775s read_wait=0.170s bind_upload=1.591s attention_resident=15.407s expert_read_prefetch=115.576s expert_demand_read=70.084s expert_plan=11.230s expert_hint=0.001s expert_submit=0.001s expert_kernel=88.308s source_fence=0.001s tail_head_sync=2.446s layer_other=0.223s expert_read_gross=104.346s plan_hint=10.999s plan_sched=0.227s attn_total=16.918s attn_encode=5.347s attn_wait=8.504s attn_drain=3.066s kernel_total=66.851s kernel_host=2.020s kernel_wait=6.329s kernel_drain=58.503s
[attn-split] single: calls=14229 total=12.542s encode=4.421s wait=5.054s drain=3.066s waits=24633 untimed=4775 | wide: calls=372 total=4.376s encode=0.926s wait=3.450s drain=0.000s waits=368 untimed=368 | hint: calls=14444 total=11.153s encode=0.032s wait=11.121s drain=0.000s waits=14408 untimed=14408
[kernel-split] single: calls=14983 total=60.049s encode=1.354s wait=0.697s drain=57.998s waits=15974 untimed=12547 | wide: calls=997 total=6.803s encode=0.666s wait=5.632s drain=0.505s waits=997 untimed=0
[kernel-sub] materialize=0.332s moe=7.363s precommit=58.227s rest=0.930s
[metal-cache] calls=20808 zero_copy_wraps=390 copies=0 cache_entries=187 bindless=true
 inputs
[stats] generated=158 elapsed=232.944s speed=0.6783 token/s (1.474 s/token) chunks=156 committed_rows=195 verify_tx=3 drafts=2/12 layer_passes=14508 expert_rows=17940 expert_tiles=14850
[verify-width] w1=0 w2=2 w3=0 w4=0 w5=0 w6=0 w7=0 w8+=1              (w1 share 0.0% of 3 transactions)
[opens] expert file opens=833396 total=8.978s mean=0.011ms requested_bytes=6308315299008 (6308.3 GB)
[split-eta] chunks served hot=127689 dir_c=69053 dir_b=161816 primary=314805
[arrival] tiles=890 waves=1932 uncovered_wait=25.832s dispatch=7.322s
[retain] enabled=false cap_gb=8 layers=63..=92 consults=0 wanted=0 hits=0 inserts=0 served=0.0MB
[summer] enabled=false cap_gb=8 sample=16 consults=0 wanted=0 hits=0 hit_rate=0.0% misses=0 inserts=0 evictions=0 recycled=0 allocs=0 pin_skips=0 gated=0 ramp=2..50 bar=0 suppressed=0 wide_skips=0 served=0.0MB copied=0.0MB ssd_avoided=0.0GB live=0/0.0GB model=0 protected=0 declined=0 topup_suppressed=0 aged=0 into=0/0/0 pending=0
[mirror-split] internal=0 K3C=0 K3B=0 K3A=0  shares=0%/0%/0%/0%
[phases] mono=418570.577544 chunks=156 sequence=224.996s read_wait=0.170s bind_upload=1.591s attention_resident=15.488s expert_read_prefetch=116.322s expert_demand_read=70.531s expert_plan=11.300s expert_hint=0.001s expert_submit=0.001s expert_kernel=88.693s source_fence=0.001s tail_head_sync=2.456s layer_other=0.224s expert_read_gross=105.021s plan_hint=11.068s plan_sched=0.228s attn_total=16.998s attn_encode=5.381s attn_wait=8.536s attn_drain=3.082s kernel_total=67.226s kernel_host=2.028s kernel_wait=6.333s kernel_drain=58.866s
[attn-split] single: calls=14322 total=12.622s encode=4.454s wait=5.086s drain=3.082s waits=24794 untimed=4813 | wide: calls=372 total=4.376s encode=0.926s wait=3.450s drain=0.000s waits=368 untimed=368 | hint: calls=14536 total=11.221s encode=0.032s wait=11.190s drain=0.000s waits=14499 untimed=14499
[kernel-split] single: calls=15079 total=60.424s encode=1.362s wait=0.701s drain=58.361s waits=16075 untimed=12631 | wide: calls=997 total=6.803s encode=0.666s wait=5.632s drain=0.505s waits=997 untimed=0
[kernel-sub] materialize=0.332s moe=7.369s precommit=58.591s rest=0.934s
[metal-cache] calls=20904 zero_copy_wraps=390 copies=0 cache_entries=187 bindless=true
 |
[stats] generated=159 elapsed=234.213s speed=0.6789 token/s (1.473 s/token) chunks=157 committed_rows=196 verify_tx=3 drafts=2/12 layer_passes=14601 expert_rows=18032 expert_tiles=14942
[verify-width] w1=0 w2=2 w3=0 w4=0 w5=0 w6=0 w7=0 w8+=1              (w1 share 0.0% of 3 transactions)
[opens] expert file opens=838806 total=9.035s mean=0.011ms requested_bytes=6344173206720 (6344.2 GB)
[split-eta] chunks served hot=128479 dir_c=69451 dir_b=162805 primary=316715
[arrival] tiles=891 waves=1940 uncovered_wait=25.842s dispatch=7.331s
[retain] enabled=false cap_gb=8 layers=63..=92 consults=0 wanted=0 hits=0 inserts=0 served=0.0MB
[summer] enabled=false cap_gb=8 sample=16 consults=0 wanted=0 hits=0 hit_rate=0.0% misses=0 inserts=0 evictions=0 recycled=0 allocs=0 pin_skips=0 gated=0 ramp=2..50 bar=0 suppressed=0 wide_skips=0 served=0.0MB copied=0.0MB ssd_avoided=0.0GB live=0/0.0GB model=0 protected=0 declined=0 topup_suppressed=0 aged=0 into=0/0/0 pending=0
[mirror-split] internal=0 K3C=0 K3B=0 K3A=0  shares=0%/0%/0%/0%
[phases] mono=418571.846610 chunks=157 sequence=226.264s read_wait=0.170s bind_upload=1.591s attention_resident=15.567s expert_read_prefetch=117.095s expert_demand_read=70.992s expert_plan=11.364s expert_hint=0.001s expert_submit=0.001s expert_kernel=89.090s source_fence=0.001s tail_head_sync=2.472s layer_other=0.225s expert_read_gross=105.730s plan_hint=11.131s plan_sched=0.229s attn_total=17.077s attn_encode=5.406s attn_wait=8.564s attn_drain=3.107s kernel_total=67.613s kernel_host=2.037s kernel_wait=6.338s kernel_drain=59.239s
[attn-split] single: calls=14415 total=12.701s encode=4.479s wait=5.114s drain=3.107s waits=24955 untimed=4838 | wide: calls=372 total=4.376s encode=0.926s wait=3.450s drain=0.000s waits=368 untimed=368 | hint: calls=14628 total=11.285s encode=0.032s wait=11.253s drain=0.000s waits=14590 untimed=14590
[kernel-split] single: calls=15178 total=60.810s encode=1.371s wait=0.705s drain=58.734s waits=16182 untimed=12716 | wide: calls=997 total=6.803s encode=0.666s wait=5.632s drain=0.505s waits=997 untimed=0
[kernel-sub] materialize=0.332s moe=7.378s precommit=58.966s rest=0.938s
[metal-cache] calls=21003 zero_copy_wraps=390 copies=0 cache_entries=187 bindless=true
 Only
[stats] generated=160 elapsed=235.489s speed=0.6794 token/s (1.472 s/token) chunks=158 committed_rows=197 verify_tx=3 drafts=2/12 layer_passes=14694 expert_rows=18124 expert_tiles=15034
[verify-width] w1=0 w2=2 w3=0 w4=0 w5=0 w6=0 w7=0 w8+=1              (w1 share 0.0% of 3 transactions)
[opens] expert file opens=844251 total=9.092s mean=0.011ms requested_bytes=6380101336256 (6380.1 GB)
[split-eta] chunks served hot=129269 dir_c=69843 dir_b=163796 primary=318637
[arrival] tiles=892 waves=1946 uncovered_wait=25.851s dispatch=7.338s
[retain] enabled=false cap_gb=8 layers=63..=92 consults=0 wanted=0 hits=0 inserts=0 served=0.0MB
[summer] enabled=false cap_gb=8 sample=16 consults=0 wanted=0 hits=0 hit_rate=0.0% misses=0 inserts=0 evictions=0 recycled=0 allocs=0 pin_skips=0 gated=0 ramp=2..50 bar=0 suppressed=0 wide_skips=0 served=0.0MB copied=0.0MB ssd_avoided=0.0GB live=0/0.0GB model=0 protected=0 declined=0 topup_suppressed=0 aged=0 into=0/0/0 pending=0
[mirror-split] internal=0 K3C=0 K3B=0 K3A=0  shares=0%/0%/0%/0%
[phases] mono=418573.122726 chunks=158 sequence=227.539s read_wait=0.170s bind_upload=1.591s attention_resident=15.650s expert_read_prefetch=117.856s expert_demand_read=71.465s expert_plan=11.433s expert_hint=0.001s expert_submit=0.001s expert_kernel=89.503s source_fence=0.001s tail_head_sync=2.488s layer_other=0.227s expert_read_gross=106.423s plan_hint=11.198s plan_sched=0.230s attn_total=17.160s attn_encode=5.428s attn_wait=8.601s attn_drain=3.131s kernel_total=68.018s kernel_host=2.045s kernel_wait=6.342s kernel_drain=59.631s
[attn-split] single: calls=14508 total=12.784s encode=4.502s wait=5.151s drain=3.131s waits=25116 untimed=4875 | wide: calls=372 total=4.376s encode=0.926s wait=3.450s drain=0.000s waits=368 untimed=368 | hint: calls=14720 total=11.352s encode=0.032s wait=11.320s drain=0.000s waits=14681 untimed=14681
[kernel-split] single: calls=15275 total=61.215s encode=1.379s wait=0.710s drain=59.126s waits=16285 untimed=12800 | wide: calls=997 total=6.803s encode=0.666s wait=5.632s drain=0.505s waits=997 untimed=0
[kernel-sub] materialize=0.332s moe=7.385s precommit=59.359s rest=0.942s
[metal-cache] calls=21100 zero_copy_wraps=390 copies=0 cache_entries=187 bindless=true
[route-chain] chained=10350
[route-chain] dedup_hits=10350
 the
[stats] generated=161 elapsed=236.775s speed=0.6800 token/s (1.471 s/token) chunks=159 committed_rows=198 verify_tx=3 drafts=2/12 layer_passes=14787 expert_rows=18216 expert_tiles=15126
[verify-width] w1=0 w2=2 w3=0 w4=0 w5=0 w6=0 w7=0 w8+=1              (w1 share 0.0% of 3 transactions)
[opens] expert file opens=849748 total=9.150s mean=0.011ms requested_bytes=6416187325632 (6416.2 GB)
[split-eta] chunks served hot=130045 dir_c=70251 dir_b=164794 primary=320568
[arrival] tiles=893 waves=1952 uncovered_wait=25.860s dispatch=7.346s
[retain] enabled=false cap_gb=8 layers=63..=92 consults=0 wanted=0 hits=0 inserts=0 served=0.0MB
[summer] enabled=false cap_gb=8 sample=16 consults=0 wanted=0 hits=0 hit_rate=0.0% misses=0 inserts=0 evictions=0 recycled=0 allocs=0 pin_skips=0 gated=0 ramp=2..50 bar=0 suppressed=0 wide_skips=0 served=0.0MB copied=0.0MB ssd_avoided=0.0GB live=0/0.0GB model=0 protected=0 declined=0 topup_suppressed=0 aged=0 into=0/0/0 pending=0
[mirror-split] internal=0 K3C=0 K3B=0 K3A=0  shares=0%/0%/0%/0%
[phases] mono=418574.408214 chunks=159 sequence=228.823s read_wait=0.170s bind_upload=1.591s attention_resident=15.732s expert_read_prefetch=118.597s expert_demand_read=71.906s expert_plan=11.505s expert_hint=0.001s expert_submit=0.001s expert_kernel=89.938s source_fence=0.001s tail_head_sync=2.512s layer_other=0.228s expert_read_gross=107.092s plan_hint=11.269s plan_sched=0.232s attn_total=17.243s attn_encode=5.454s attn_wait=8.629s attn_drain=3.159s kernel_total=68.444s kernel_host=2.054s kernel_wait=6.347s kernel_drain=60.043s
[attn-split] single: calls=14601 total=12.866s encode=4.528s wait=5.179s drain=3.159s waits=25277 untimed=4898 | wide: calls=372 total=4.376s encode=0.926s wait=3.450s drain=0.000s waits=368 untimed=368 | hint: calls=14812 total=11.423s encode=0.032s wait=11.390s drain=0.000s waits=14772 untimed=14772
[kernel-split] single: calls=15372 total=61.641s encode=1.389s wait=0.715s drain=59.538s waits=16388 untimed=12878 | wide: calls=997 total=6.803s encode=0.666s wait=5.632s drain=0.505s waits=997 untimed=0
[kernel-sub] materialize=0.332s moe=7.393s precommit=59.773s rest=0.946s
[metal-cache] calls=21197 zero_copy_wraps=390 copies=0 cache_entries=187 bindless=true
 final
[stats] generated=162 elapsed=238.003s speed=0.6807 token/s (1.469 s/token) chunks=160 committed_rows=199 verify_tx=3 drafts=2/12 layer_passes=14880 expert_rows=18308 expert_tiles=15218
[verify-width] w1=0 w2=2 w3=0 w4=0 w5=0 w6=0 w7=0 w8+=1              (w1 share 0.0% of 3 transactions)
[opens] expert file opens=854948 total=9.206s mean=0.011ms requested_bytes=6451106413760 (6451.1 GB)
[split-eta] chunks served hot=130795 dir_c=70660 dir_b=165754 primary=322429
[arrival] tiles=894 waves=1957 uncovered_wait=25.870s dispatch=7.352s
[retain] enabled=false cap_gb=8 layers=63..=92 consults=0 wanted=0 hits=0 inserts=0 served=0.0MB
[summer] enabled=false cap_gb=8 sample=16 consults=0 wanted=0 hits=0 hit_rate=0.0% misses=0 inserts=0 evictions=0 recycled=0 allocs=0 pin_skips=0 gated=0 ramp=2..50 bar=0 suppressed=0 wide_skips=0 served=0.0MB copied=0.0MB ssd_avoided=0.0GB live=0/0.0GB model=0 protected=0 declined=0 topup_suppressed=0 aged=0 into=0/0/0 pending=0
[mirror-split] internal=0 K3C=0 K3B=0 K3A=0  shares=0%/0%/0%/0%
[phases] mono=418575.636373 chunks=160 sequence=230.050s read_wait=0.170s bind_upload=1.591s attention_resident=15.824s expert_read_prefetch=119.308s expert_demand_read=72.310s expert_plan=11.576s expert_hint=0.001s expert_submit=0.001s expert_kernel=90.354s source_fence=0.001s tail_head_sync=2.519s layer_other=0.229s expert_read_gross=107.732s plan_hint=11.339s plan_sched=0.233s attn_total=17.334s attn_encode=5.497s attn_wait=8.656s attn_drain=3.181s kernel_total=68.849s kernel_host=2.062s kernel_wait=6.351s kernel_drain=60.437s
[attn-split] single: calls=14694 total=12.958s encode=4.571s wait=5.206s drain=3.181s waits=25438 untimed=4929 | wide: calls=372 total=4.376s encode=0.926s wait=3.450s drain=0.000s waits=368 untimed=368 | hint: calls=14904 total=11.492s encode=0.033s wait=11.460s drain=0.000s waits=14863 untimed=14863
[kernel-split] single: calls=15468 total=62.047s encode=1.397s wait=0.719s drain=59.931s waits=16489 untimed=12963 | wide: calls=997 total=6.803s encode=0.666s wait=5.632s drain=0.505s waits=997 untimed=0
[kernel-sub] materialize=0.332s moe=7.399s precommit=60.168s rest=0.951s
[metal-cache] calls=21293 zero_copy_wraps=390 copies=0 cache_entries=187 bindless=true
 retailer
[stats] generated=163 elapsed=239.229s speed=0.6814 token/s (1.468 s/token) chunks=161 committed_rows=200 verify_tx=3 drafts=2/12 layer_passes=14973 expert_rows=18400 expert_tiles=15310
[verify-width] w1=0 w2=2 w3=0 w4=0 w5=0 w6=0 w7=0 w8+=1              (w1 share 0.0% of 3 transactions)
[opens] expert file opens=860130 total=9.261s mean=0.011ms requested_bytes=6485551774912 (6485.6 GB)
[split-eta] chunks served hot=131547 dir_c=71050 dir_b=166706 primary=324261
[arrival] tiles=895 waves=1965 uncovered_wait=25.879s dispatch=7.360s
[retain] enabled=false cap_gb=8 layers=63..=92 consults=0 wanted=0 hits=0 inserts=0 served=0.0MB
[summer] enabled=false cap_gb=8 sample=16 consults=0 wanted=0 hits=0 hit_rate=0.0% misses=0 inserts=0 evictions=0 recycled=0 allocs=0 pin_skips=0 gated=0 ramp=2..50 bar=0 suppressed=0 wide_skips=0 served=0.0MB copied=0.0MB ssd_avoided=0.0GB live=0/0.0GB model=0 protected=0 declined=0 topup_suppressed=0 aged=0 into=0/0/0 pending=0
[mirror-split] internal=0 K3C=0 K3B=0 K3A=0  shares=0%/0%/0%/0%
[phases] mono=418576.862537 chunks=161 sequence=231.275s read_wait=0.170s bind_upload=1.591s attention_resident=15.897s expert_read_prefetch=120.071s expert_demand_read=72.763s expert_plan=11.648s expert_hint=0.001s expert_submit=0.001s expert_kernel=90.726s source_fence=0.001s tail_head_sync=2.536s layer_other=0.230s expert_read_gross=108.423s plan_hint=11.411s plan_sched=0.234s attn_total=17.407s attn_encode=5.523s attn_wait=8.687s attn_drain=3.197s kernel_total=69.212s kernel_host=2.071s kernel_wait=6.356s kernel_drain=60.785s
[attn-split] single: calls=14787 total=13.030s encode=4.597s wait=5.237s drain=3.197s waits=25599 untimed=4965 | wide: calls=372 total=4.376s encode=0.926s wait=3.450s drain=0.000s waits=368 untimed=368 | hint: calls=14996 total=11.564s encode=0.033s wait=11.531s drain=0.000s waits=14954 untimed=14954
[kernel-split] single: calls=15567 total=62.409s encode=1.405s wait=0.723s drain=60.280s waits=16596 untimed=13045 | wide: calls=997 total=6.803s encode=0.666s wait=5.632s drain=0.505s waits=997 untimed=0
[kernel-sub] materialize=0.332s moe=7.407s precommit=60.518s rest=0.955s
[metal-cache] calls=21392 zero_copy_wraps=390 copies=0 cache_entries=187 bindless=true
 rem
[stats] generated=164 elapsed=240.464s speed=0.6820 token/s (1.466 s/token) chunks=162 committed_rows=201 verify_tx=3 drafts=2/12 layer_passes=15066 expert_rows=18492 expert_tiles=15402
[verify-width] w1=0 w2=2 w3=0 w4=0 w5=0 w6=0 w7=0 w8+=1              (w1 share 0.0% of 3 transactions)
[opens] expert file opens=865384 total=9.315s mean=0.011ms requested_bytes=6520225234112 (6520.2 GB)
[split-eta] chunks served hot=132294 dir_c=71438 dir_b=167665 primary=326119
[arrival] tiles=896 waves=1972 uncovered_wait=25.891s dispatch=7.369s
[retain] enabled=false cap_gb=8 layers=63..=92 consults=0 wanted=0 hits=0 inserts=0 served=0.0MB
[summer] enabled=false cap_gb=8 sample=16 consults=0 wanted=0 hits=0 hit_rate=0.0% misses=0 inserts=0 evictions=0 recycled=0 allocs=0 pin_skips=0 gated=0 ramp=2..50 bar=0 suppressed=0 wide_skips=0 served=0.0MB copied=0.0MB ssd_avoided=0.0GB live=0/0.0GB model=0 protected=0 declined=0 topup_suppressed=0 aged=0 into=0/0/0 pending=0
[mirror-split] internal=0 K3C=0 K3B=0 K3A=0  shares=0%/0%/0%/0%
[phases] mono=418578.097904 chunks=162 sequence=232.509s read_wait=0.170s bind_upload=1.591s attention_resident=15.975s expert_read_prefetch=120.815s expert_demand_read=73.196s expert_plan=11.720s expert_hint=0.001s expert_submit=0.001s expert_kernel=91.120s source_fence=0.001s tail_head_sync=2.552s layer_other=0.231s expert_read_gross=109.095s plan_hint=11.482s plan_sched=0.235s attn_total=17.484s attn_encode=5.547s attn_wait=8.721s attn_drain=3.216s kernel_total=69.594s kernel_host=2.080s kernel_wait=6.361s kernel_drain=61.153s
[attn-split] single: calls=14880 total=13.108s encode=4.621s wait=5.271s drain=3.216s waits=25760 untimed=4999 | wide: calls=372 total=4.376s encode=0.926s wait=3.450s drain=0.000s waits=368 untimed=368 | hint: calls=15088 total=11.635s encode=0.033s wait=11.602s drain=0.000s waits=15045 untimed=15045
[kernel-split] single: calls=15665 total=62.791s encode=1.414s wait=0.729s drain=60.648s waits=16701 untimed=13129 | wide: calls=997 total=6.803s encode=0.666s wait=5.632s drain=0.505s waits=997 untimed=0
[kernel-sub] materialize=0.332s moe=7.416s precommit=60.887s rest=0.959s
[metal-cache] calls=21490 zero_copy_wraps=390 copies=0 cache_entries=187 bindless=true
its
[stats] generated=165 elapsed=241.710s speed=0.6826 token/s (1.465 s/token) chunks=163 committed_rows=202 verify_tx=3 drafts=2/12 layer_passes=15159 expert_rows=18584 expert_tiles=15494
[verify-width] w1=0 w2=2 w3=0 w4=0 w5=0 w6=0 w7=0 w8+=1              (w1 share 0.0% of 3 transactions)
[opens] expert file opens=870655 total=9.371s mean=0.011ms requested_bytes=6555302264000 (6555.3 GB)
[split-eta] chunks served hot=133047 dir_c=71839 dir_b=168634 primary=327994
[arrival] tiles=897 waves=1977 uncovered_wait=25.901s dispatch=7.376s
[retain] enabled=false cap_gb=8 layers=63..=92 consults=0 wanted=0 hits=0 inserts=0 served=0.0MB
[summer] enabled=false cap_gb=8 sample=16 consults=0 wanted=0 hits=0 hit_rate=0.0% misses=0 inserts=0 evictions=0 recycled=0 allocs=0 pin_skips=0 gated=0 ramp=2..50 bar=0 suppressed=0 wide_skips=0 served=0.0MB copied=0.0MB ssd_avoided=0.0GB live=0/0.0GB model=0 protected=0 declined=0 topup_suppressed=0 aged=0 into=0/0/0 pending=0
[mirror-split] internal=0 K3C=0 K3B=0 K3A=0  shares=0%/0%/0%/0%
[phases] mono=418579.343806 chunks=163 sequence=233.754s read_wait=0.170s bind_upload=1.591s attention_resident=16.055s expert_read_prefetch=121.558s expert_demand_read=73.658s expert_plan=11.795s expert_hint=0.001s expert_submit=0.001s expert_kernel=91.524s source_fence=0.001s tail_head_sync=2.569s layer_other=0.232s expert_read_gross=109.763s plan_hint=11.555s plan_sched=0.236s attn_total=17.564s attn_encode=5.574s attn_wait=8.751s attn_drain=3.240s kernel_total=69.988s kernel_host=2.089s kernel_wait=6.365s kernel_drain=61.534s
[attn-split] single: calls=14973 total=13.188s encode=4.647s wait=5.301s drain=3.240s waits=25921 untimed=5020 | wide: calls=372 total=4.376s encode=0.926s wait=3.450s drain=0.000s waits=368 untimed=368 | hint: calls=15180 total=11.708s encode=0.033s wait=11.675s drain=0.000s waits=15136 untimed=15136
[kernel-split] single: calls=15761 total=63.185s encode=1.423s wait=0.733s drain=61.029s waits=16802 untimed=13203 | wide: calls=997 total=6.803s encode=0.666s wait=5.632s drain=0.505s waits=997 untimed=0
[kernel-sub] materialize=0.332s moe=7.423s precommit=61.270s rest=0.964s
[metal-cache] calls=21586 zero_copy_wraps=390 copies=0 cache_entries=187 bindless=true
 the
[stats] generated=166 elapsed=243.014s speed=0.6831 token/s (1.464 s/token) chunks=164 committed_rows=203 verify_tx=3 drafts=2/12 layer_passes=15252 expert_rows=18676 expert_tiles=15586
[verify-width] w1=0 w2=2 w3=0 w4=0 w5=0 w6=0 w7=0 w8+=1              (w1 share 0.0% of 3 transactions)
[opens] expert file opens=876112 total=9.429s mean=0.011ms requested_bytes=6591949782208 (6591.9 GB)
[split-eta] chunks served hot=133830 dir_c=72269 dir_b=169644 primary=329948
[arrival] tiles=898 waves=1984 uncovered_wait=25.909s dispatch=7.385s
[retain] enabled=false cap_gb=8 layers=63..=92 consults=0 wanted=0 hits=0 inserts=0 served=0.0MB
[summer] enabled=false cap_gb=8 sample=16 consults=0 wanted=0 hits=0 hit_rate=0.0% misses=0 inserts=0 evictions=0 recycled=0 allocs=0 pin_skips=0 gated=0 ramp=2..50 bar=0 suppressed=0 wide_skips=0 served=0.0MB copied=0.0MB ssd_avoided=0.0GB live=0/0.0GB model=0 protected=0 declined=0 topup_suppressed=0 aged=0 into=0/0/0 pending=0
[mirror-split] internal=0 K3C=0 K3B=0 K3A=0  shares=0%/0%/0%/0%
[phases] mono=418580.647654 chunks=164 sequence=235.056s read_wait=0.170s bind_upload=1.591s attention_resident=16.145s expert_read_prefetch=122.315s expert_demand_read=74.141s expert_plan=11.871s expert_hint=0.001s expert_submit=0.001s expert_kernel=91.961s source_fence=0.001s tail_head_sync=2.585s layer_other=0.234s expert_read_gross=110.444s plan_hint=11.630s plan_sched=0.237s attn_total=17.654s attn_encode=5.607s attn_wait=8.782s attn_drain=3.265s kernel_total=70.417s kernel_host=2.098s kernel_wait=6.371s kernel_drain=61.948s
[attn-split] single: calls=15066 total=13.278s encode=4.680s wait=5.332s drain=3.265s waits=26082 untimed=5050 | wide: calls=372 total=4.376s encode=0.926s wait=3.450s drain=0.000s waits=368 untimed=368 | hint: calls=15272 total=11.783s encode=0.033s wait=11.750s drain=0.000s waits=15227 untimed=15227
[kernel-split] single: calls=15859 total=63.614s encode=1.432s wait=0.739s drain=61.443s waits=16907 untimed=13286 | wide: calls=997 total=6.803s encode=0.666s wait=5.632s drain=0.505s waits=997 untimed=0
[kernel-sub] materialize=0.332s moe=7.432s precommit=61.685s rest=0.968s
[metal-cache] calls=21684 zero_copy_wraps=390 copies=0 cache_entries=187 bindless=true
 tax
[stats] generated=167 elapsed=244.298s speed=0.6836 token/s (1.463 s/token) chunks=165 committed_rows=204 verify_tx=3 drafts=2/12 layer_passes=15345 expert_rows=18768 expert_tiles=15678
[verify-width] w1=0 w2=2 w3=0 w4=0 w5=0 w6=0 w7=0 w8+=1              (w1 share 0.0% of 3 transactions)
[opens] expert file opens=881574 total=9.486s mean=0.011ms requested_bytes=6628158635200 (6628.2 GB)
[split-eta] chunks served hot=134604 dir_c=72679 dir_b=170650 primary=331885
[arrival] tiles=899 waves=1992 uncovered_wait=25.920s dispatch=7.396s
[retain] enabled=false cap_gb=8 layers=63..=92 consults=0 wanted=0 hits=0 inserts=0 served=0.0MB
[summer] enabled=false cap_gb=8 sample=16 consults=0 wanted=0 hits=0 hit_rate=0.0% misses=0 inserts=0 evictions=0 recycled=0 allocs=0 pin_skips=0 gated=0 ramp=2..50 bar=0 suppressed=0 wide_skips=0 served=0.0MB copied=0.0MB ssd_avoided=0.0GB live=0/0.0GB model=0 protected=0 declined=0 topup_suppressed=0 aged=0 into=0/0/0 pending=0
[mirror-split] internal=0 K3C=0 K3B=0 K3A=0  shares=0%/0%/0%/0%
[phases] mono=418581.931850 chunks=165 sequence=236.339s read_wait=0.170s bind_upload=1.591s attention_resident=16.225s expert_read_prefetch=123.081s expert_demand_read=74.627s expert_plan=11.940s expert_hint=0.001s expert_submit=0.001s expert_kernel=92.381s source_fence=0.001s tail_head_sync=2.602s layer_other=0.235s expert_read_gross=111.141s plan_hint=11.698s plan_sched=0.238s attn_total=17.733s attn_encode=5.627s attn_wait=8.812s attn_drain=3.294s kernel_total=70.826s kernel_host=2.109s kernel_wait=6.376s kernel_drain=62.341s
[attn-split] single: calls=15159 total=13.357s encode=4.700s wait=5.362s drain=3.294s waits=26243 untimed=5088 | wide: calls=372 total=4.376s encode=0.926s wait=3.450s drain=0.000s waits=368 untimed=368 | hint: calls=15364 total=11.851s encode=0.033s wait=11.818s drain=0.000s waits=15318 untimed=15318
[kernel-split] single: calls=15958 total=64.023s encode=1.443s wait=0.744s drain=61.836s waits=17014 untimed=13374 | wide: calls=997 total=6.803s encode=0.666s wait=5.632s drain=0.505s waits=997 untimed=0
[kernel-sub] materialize=0.332s moe=7.442s precommit=62.080s rest=0.972s
[metal-cache] calls=21783 zero_copy_wraps=390 copies=0 cache_entries=187 bindless=true
 |

[stats] generated=168 elapsed=245.601s speed=0.6840 token/s (1.462 s/token) chunks=166 committed_rows=205 verify_tx=3 drafts=2/12 layer_passes=15438 expert_rows=18860 expert_tiles=15770
[verify-width] w1=0 w2=2 w3=0 w4=0 w5=0 w6=0 w7=0 w8+=1              (w1 share 0.0% of 3 transactions)
[opens] expert file opens=887024 total=9.543s mean=0.011ms requested_bytes=6664779807936 (6664.8 GB)
[split-eta] chunks served hot=135412 dir_c=73086 dir_b=171659 primary=333835
[arrival] tiles=900 waves=1998 uncovered_wait=25.931s dispatch=7.404s
[retain] enabled=false cap_gb=8 layers=63..=92 consults=0 wanted=0 hits=0 inserts=0 served=0.0MB
[summer] enabled=false cap_gb=8 sample=16 consults=0 wanted=0 hits=0 hit_rate=0.0% misses=0 inserts=0 evictions=0 recycled=0 allocs=0 pin_skips=0 gated=0 ramp=2..50 bar=0 suppressed=0 wide_skips=0 served=0.0MB copied=0.0MB ssd_avoided=0.0GB live=0/0.0GB model=0 protected=0 declined=0 topup_suppressed=0 aged=0 into=0/0/0 pending=0
[mirror-split] internal=0 K3C=0 K3B=0 K3A=0  shares=0%/0%/0%/0%
[phases] mono=418583.234058 chunks=166 sequence=237.640s read_wait=0.170s bind_upload=1.591s attention_resident=16.316s expert_read_prefetch=123.834s expert_demand_read=75.090s expert_plan=12.009s expert_hint=0.001s expert_submit=0.001s expert_kernel=92.820s source_fence=0.001s tail_head_sync=2.618s layer_other=0.236s expert_read_gross=111.824s plan_hint=11.766s plan_sched=0.239s attn_total=17.825s attn_encode=5.650s attn_wait=8.854s attn_drain=3.320s kernel_total=71.253s kernel_host=2.117s kernel_wait=6.382s kernel_drain=62.754s
[attn-split] single: calls=15252 total=13.449s encode=4.724s wait=5.404s drain=3.320s waits=26404 untimed=5122 | wide: calls=372 total=4.376s encode=0.926s wait=3.450s drain=0.000s waits=368 untimed=368 | hint: calls=15456 total=11.919s encode=0.034s wait=11.886s drain=0.000s waits=15409 untimed=15409
[kernel-split] single: calls=16055 total=64.450s encode=1.452s wait=0.749s drain=62.249s waits=17117 untimed=13460 | wide: calls=997 total=6.803s encode=0.666s wait=5.632s drain=0.505s waits=997 untimed=0
[kernel-sub] materialize=0.332s moe=7.450s precommit=62.494s rest=0.976s
[metal-cache] calls=21880 zero_copy_wraps=390 copies=0 cache_entries=187 bindless=true
|
[stats] generated=169 elapsed=246.896s speed=0.6845 token/s (1.461 s/token) chunks=167 committed_rows=206 verify_tx=3 drafts=2/12 layer_passes=15531 expert_rows=18952 expert_tiles=15862
[verify-width] w1=0 w2=2 w3=0 w4=0 w5=0 w6=0 w7=0 w8+=1              (w1 share 0.0% of 3 transactions)
[opens] expert file opens=892497 total=9.601s mean=0.011ms requested_bytes=6701558987968 (6701.6 GB)
[split-eta] chunks served hot=136208 dir_c=73536 dir_b=172666 primary=335774
[arrival] tiles=901 waves=2003 uncovered_wait=25.941s dispatch=7.412s
[retain] enabled=false cap_gb=8 layers=63..=92 consults=0 wanted=0 hits=0 inserts=0 served=0.0MB
[summer] enabled=false cap_gb=8 sample=16 consults=0 wanted=0 hits=0 hit_rate=0.0% misses=0 inserts=0 evictions=0 recycled=0 allocs=0 pin_skips=0 gated=0 ramp=2..50 bar=0 suppressed=0 wide_skips=0 served=0.0MB copied=0.0MB ssd_avoided=0.0GB live=0/0.0GB model=0 protected=0 declined=0 topup_suppressed=0 aged=0 into=0/0/0 pending=0
[mirror-split] internal=0 K3C=0 K3B=0 K3A=0  shares=0%/0%/0%/0%
[phases] mono=418584.529504 chunks=167 sequence=238.934s read_wait=0.170s bind_upload=1.591s attention_resident=16.395s expert_read_prefetch=124.643s expert_demand_read=75.575s expert_plan=12.090s expert_hint=0.001s expert_submit=0.001s expert_kernel=93.208s source_fence=0.001s tail_head_sync=2.635s layer_other=0.238s expert_read_gross=112.552s plan_hint=11.846s plan_sched=0.240s attn_total=17.904s attn_encode=5.676s attn_wait=8.884s attn_drain=3.343s kernel_total=71.631s kernel_host=2.127s kernel_wait=6.387s kernel_drain=63.117s
[attn-split] single: calls=15345 total=13.527s encode=4.750s wait=5.434s drain=3.343s waits=26565 untimed=5152 | wide: calls=372 total=4.376s encode=0.926s wait=3.450s drain=0.000s waits=368 untimed=368 | hint: calls=15548 total=11.998s encode=0.034s wait=11.965s drain=0.000s waits=15500 untimed=15500
[kernel-split] single: calls=16151 total=64.828s encode=1.461s wait=0.755s drain=62.612s waits=17218 untimed=13538 | wide: calls=997 total=6.803s encode=0.666s wait=5.632s drain=0.505s waits=997 untimed=0
[kernel-sub] materialize=0.332s moe=7.458s precommit=62.860s rest=0.981s
[metal-cache] calls=21976 zero_copy_wraps=390 copies=0 cache_entries=187 bindless=true
 **
[stats] generated=170 elapsed=248.164s speed=0.6850 token/s (1.460 s/token) chunks=168 committed_rows=207 verify_tx=3 drafts=2/12 layer_passes=15624 expert_rows=19044 expert_tiles=15954
[verify-width] w1=0 w2=2 w3=0 w4=0 w5=0 w6=0 w7=0 w8+=1              (w1 share 0.0% of 3 transactions)
[opens] expert file opens=897897 total=9.657s mean=0.011ms requested_bytes=6737302813888 (6737.3 GB)
[split-eta] chunks served hot=136984 dir_c=73934 dir_b=173654 primary=337686
[arrival] tiles=902 waves=2010 uncovered_wait=25.952s dispatch=7.419s
[retain] enabled=false cap_gb=8 layers=63..=92 consults=0 wanted=0 hits=0 inserts=0 served=0.0MB
[summer] enabled=false cap_gb=8 sample=16 consults=0 wanted=0 hits=0 hit_rate=0.0% misses=0 inserts=0 evictions=0 recycled=0 allocs=0 pin_skips=0 gated=0 ramp=2..50 bar=0 suppressed=0 wide_skips=0 served=0.0MB copied=0.0MB ssd_avoided=0.0GB live=0/0.0GB model=0 protected=0 declined=0 topup_suppressed=0 aged=0 into=0/0/0 pending=0
[mirror-split] internal=0 K3C=0 K3B=0 K3A=0  shares=0%/0%/0%/0%
[phases] mono=418585.797862 chunks=168 sequence=240.202s read_wait=0.170s bind_upload=1.591s attention_resident=16.490s expert_read_prefetch=125.385s expert_demand_read=76.027s expert_plan=12.164s expert_hint=0.001s expert_submit=0.001s expert_kernel=93.621s source_fence=0.001s tail_head_sync=2.651s layer_other=0.239s expert_read_gross=113.221s plan_hint=11.919s plan_sched=0.241s attn_total=17.998s attn_encode=5.719s attn_wait=8.915s attn_drain=3.364s kernel_total=72.032s kernel_host=2.135s kernel_wait=6.390s kernel_drain=63.506s
[attn-split] single: calls=15438 total=13.622s encode=4.793s wait=5.465s drain=3.364s waits=26726 untimed=5177 | wide: calls=372 total=4.376s encode=0.926s wait=3.450s drain=0.000s waits=368 untimed=368 | hint: calls=15640 total=12.072s encode=0.034s wait=12.037s drain=0.000s waits=15591 untimed=15591
[kernel-split] single: calls=16249 total=65.229s encode=1.470s wait=0.758s drain=63.001s waits=17323 untimed=13620 | wide: calls=997 total=6.803s encode=0.666s wait=5.632s drain=0.505s waits=997 untimed=0
[kernel-sub] materialize=0.332s moe=7.465s precommit=63.250s rest=0.985s
[metal-cache] calls=22074 zero_copy_wraps=390 copies=0 cache_entries=187 bindless=true
C
[stats] generated=171 elapsed=249.443s speed=0.6855 token/s (1.459 s/token) chunks=169 committed_rows=208 verify_tx=3 drafts=2/12 layer_passes=15717 expert_rows=19136 expert_tiles=16046
[verify-width] w1=0 w2=2 w3=0 w4=0 w5=0 w6=0 w7=0 w8+=1              (w1 share 0.0% of 3 transactions)
[opens] expert file opens=903396 total=9.715s mean=0.011ms requested_bytes=6773660826816 (6773.7 GB)
[split-eta] chunks served hot=137785 dir_c=74346 dir_b=174655 primary=339616
[arrival] tiles=903 waves=2016 uncovered_wait=25.961s dispatch=7.426s
[retain] enabled=false cap_gb=8 layers=63..=92 consults=0 wanted=0 hits=0 inserts=0 served=0.0MB
[summer] enabled=false cap_gb=8 sample=16 consults=0 wanted=0 hits=0 hit_rate=0.0% misses=0 inserts=0 evictions=0 recycled=0 allocs=0 pin_skips=0 gated=0 ramp=2..50 bar=0 suppressed=0 wide_skips=0 served=0.0MB copied=0.0MB ssd_avoided=0.0GB live=0/0.0GB model=0 protected=0 declined=0 topup_suppressed=0 aged=0 into=0/0/0 pending=0
[mirror-split] internal=0 K3C=0 K3B=0 K3A=0  shares=0%/0%/0%/0%
[phases] mono=418587.075983 chunks=169 sequence=241.479s read_wait=0.170s bind_upload=1.591s attention_resident=16.563s expert_read_prefetch=126.159s expert_demand_read=76.478s expert_plan=12.243s expert_hint=0.001s expert_submit=0.001s expert_kernel=94.036s source_fence=0.001s tail_head_sync=2.665s layer_other=0.240s expert_read_gross=113.915s plan_hint=11.997s plan_sched=0.243s attn_total=18.072s attn_encode=5.741s attn_wait=8.952s attn_drain=3.378s kernel_total=72.438s kernel_host=2.144s kernel_wait=6.395s kernel_drain=63.900s
[attn-split] single: calls=15531 total=13.695s encode=4.815s wait=5.502s drain=3.378s waits=26887 untimed=5207 | wide: calls=372 total=4.376s encode=0.926s wait=3.450s drain=0.000s waits=368 untimed=368 | hint: calls=15732 total=12.149s encode=0.034s wait=12.115s drain=0.000s waits=15682 untimed=15682
[kernel-split] single: calls=16346 total=65.636s encode=1.478s wait=0.763s drain=63.394s waits=17426 untimed=13707 | wide: calls=997 total=6.803s encode=0.666s wait=5.632s drain=0.505s waits=997 untimed=0
[kernel-sub] materialize=0.332s moe=7.472s precommit=63.645s rest=0.989s
[metal-cache] calls=22171 zero_copy_wraps=390 copies=0 cache_entries=187 bindless=true
[route-chain] chained=11040
[route-chain] dedup_hits=11040
asc
[stats] generated=172 elapsed=250.687s speed=0.6861 token/s (1.457 s/token) chunks=170 committed_rows=209 verify_tx=3 drafts=2/12 layer_passes=15810 expert_rows=19228 expert_tiles=16138
[verify-width] w1=0 w2=2 w3=0 w4=0 w5=0 w6=0 w7=0 w8+=1              (w1 share 0.0% of 3 transactions)
[opens] expert file opens=908775 total=9.770s mean=0.011ms requested_bytes=6808974769344 (6809.0 GB)
[split-eta] chunks served hot=138561 dir_c=74735 dir_b=175629 primary=341502
[arrival] tiles=904 waves=2024 uncovered_wait=25.970s dispatch=7.435s
[retain] enabled=false cap_gb=8 layers=63..=92 consults=0 wanted=0 hits=0 inserts=0 served=0.0MB
[summer] enabled=false cap_gb=8 sample=16 consults=0 wanted=0 hits=0 hit_rate=0.0% misses=0 inserts=0 evictions=0 recycled=0 allocs=0 pin_skips=0 gated=0 ramp=2..50 bar=0 suppressed=0 wide_skips=0 served=0.0MB copied=0.0MB ssd_avoided=0.0GB live=0/0.0GB model=0 protected=0 declined=0 topup_suppressed=0 aged=0 into=0/0/0 pending=0
[mirror-split] internal=0 K3C=0 K3B=0 K3A=0  shares=0%/0%/0%/0%
[phases] mono=418588.320318 chunks=170 sequence=242.722s read_wait=0.170s bind_upload=1.591s attention_resident=16.634s expert_read_prefetch=126.900s expert_demand_read=76.918s expert_plan=12.323s expert_hint=0.001s expert_submit=0.001s expert_kernel=94.449s source_fence=0.001s tail_head_sync=2.682s layer_other=0.241s expert_read_gross=114.576s plan_hint=12.075s plan_sched=0.244s attn_total=18.142s attn_encode=5.761s attn_wait=8.982s attn_drain=3.399s kernel_total=72.842s kernel_host=2.153s kernel_wait=6.400s kernel_drain=64.290s
[attn-split] single: calls=15624 total=13.766s encode=4.835s wait=5.532s drain=3.399s waits=27048 untimed=5235 | wide: calls=372 total=4.376s encode=0.926s wait=3.450s drain=0.000s waits=368 untimed=368 | hint: calls=15824 total=12.228s encode=0.034s wait=12.194s drain=0.000s waits=15773 untimed=15773
[kernel-split] single: calls=16445 total=66.039s encode=1.487s wait=0.768s drain=63.784s waits=17533 untimed=13792 | wide: calls=997 total=6.803s encode=0.666s wait=5.632s drain=0.505s waits=997 untimed=0
[kernel-sub] materialize=0.332s moe=7.481s precommit=64.037s rest=0.993s
[metal-cache] calls=22270 zero_copy_wraps=390 copies=0 cache_entries=187 bindless=true
ading
[stats] generated=173 elapsed=251.925s speed=0.6867 token/s (1.456 s/token) chunks=171 committed_rows=210 verify_tx=3 drafts=2/12 layer_passes=15903 expert_rows=19320 expert_tiles=16230
[verify-width] w1=0 w2=2 w3=0 w4=0 w5=0 w6=0 w7=0 w8+=1              (w1 share 0.0% of 3 transactions)
[opens] expert file opens=914001 total=9.826s mean=0.011ms requested_bytes=6843402566848 (6843.4 GB)
[split-eta] chunks served hot=139301 dir_c=75099 dir_b=176590 primary=343361
[arrival] tiles=905 waves=2031 uncovered_wait=25.980s dispatch=7.443s
[retain] enabled=false cap_gb=8 layers=63..=92 consults=0 wanted=0 hits=0 inserts=0 served=0.0MB
[summer] enabled=false cap_gb=8 sample=16 consults=0 wanted=0 hits=0 hit_rate=0.0% misses=0 inserts=0 evictions=0 recycled=0 allocs=0 pin_skips=0 gated=0 ramp=2..50 bar=0 suppressed=0 wide_skips=0 served=0.0MB copied=0.0MB ssd_avoided=0.0GB live=0/0.0GB model=0 protected=0 declined=0 topup_suppressed=0 aged=0 into=0/0/0 pending=0
[mirror-split] internal=0 K3C=0 K3B=0 K3A=0  shares=0%/0%/0%/0%
[phases] mono=418589.558168 chunks=171 sequence=243.958s read_wait=0.170s bind_upload=1.591s attention_resident=16.719s expert_read_prefetch=127.639s expert_demand_read=77.379s expert_plan=12.395s expert_hint=0.001s expert_submit=0.001s expert_kernel=94.844s source_fence=0.001s tail_head_sync=2.698s layer_other=0.242s expert_read_gross=115.243s plan_hint=12.146s plan_sched=0.245s attn_total=18.227s attn_encode=5.787s attn_wait=9.021s attn_drain=3.419s kernel_total=73.227s kernel_host=2.162s kernel_wait=6.405s kernel_drain=64.660s
[attn-split] single: calls=15717 total=13.850s encode=4.860s wait=5.571s drain=3.419s waits=27209 untimed=5260 | wide: calls=372 total=4.376s encode=0.926s wait=3.450s drain=0.000s waits=368 untimed=368 | hint: calls=15916 total=12.299s encode=0.035s wait=12.264s drain=0.000s waits=15864 untimed=15864
[kernel-split] single: calls=16543 total=66.424s encode=1.496s wait=0.773s drain=64.155s waits=17638 untimed=13870 | wide: calls=997 total=6.803s encode=0.666s wait=5.632s drain=0.505s waits=997 untimed=0
[kernel-sub] materialize=0.332s moe=7.488s precommit=64.409s rest=0.998s
[metal-cache] calls=22368 zero_copy_wraps=390 copies=0 cache_entries=187 bindless=true
 Effect
[stats] generated=174 elapsed=253.208s speed=0.6872 token/s (1.455 s/token) chunks=172 committed_rows=211 verify_tx=3 drafts=2/12 layer_passes=15996 expert_rows=19412 expert_tiles=16322
[verify-width] w1=0 w2=2 w3=0 w4=0 w5=0 w6=0 w7=0 w8+=1              (w1 share 0.0% of 3 transactions)
[opens] expert file opens=919305 total=9.885s mean=0.011ms requested_bytes=6878672633024 (6878.7 GB)
[split-eta] chunks served hot=140042 dir_c=75505 dir_b=177573 primary=345251
[arrival] tiles=906 waves=2038 uncovered_wait=25.989s dispatch=7.450s
[retain] enabled=false cap_gb=8 layers=63..=92 consults=0 wanted=0 hits=0 inserts=0 served=0.0MB
[summer] enabled=false cap_gb=8 sample=16 consults=0 wanted=0 hits=0 hit_rate=0.0% misses=0 inserts=0 evictions=0 recycled=0 allocs=0 pin_skips=0 gated=0 ramp=2..50 bar=0 suppressed=0 wide_skips=0 served=0.0MB copied=0.0MB ssd_avoided=0.0GB live=0/0.0GB model=0 protected=0 declined=0 topup_suppressed=0 aged=0 into=0/0/0 pending=0
[mirror-split] internal=0 K3C=0 K3B=0 K3A=0  shares=0%/0%/0%/0%
[phases] mono=418590.841673 chunks=172 sequence=245.240s read_wait=0.170s bind_upload=1.591s attention_resident=16.829s expert_read_prefetch=128.419s expert_demand_read=77.857s expert_plan=12.466s expert_hint=0.001s expert_submit=0.001s expert_kernel=95.218s source_fence=0.001s tail_head_sync=2.715s layer_other=0.243s expert_read_gross=115.953s plan_hint=12.216s plan_sched=0.246s attn_total=18.336s attn_encode=5.838s attn_wait=9.051s attn_drain=3.448s kernel_total=73.592s kernel_host=2.171s kernel_wait=6.408s kernel_drain=65.013s
[attn-split] single: calls=15810 total=13.960s encode=4.912s wait=5.601s drain=3.448s waits=27370 untimed=5294 | wide: calls=372 total=4.376s encode=0.926s wait=3.450s drain=0.000s waits=368 untimed=368 | hint: calls=16008 total=12.369s encode=0.035s wait=12.334s drain=0.000s waits=15955 untimed=15955
[kernel-split] single: calls=16641 total=66.789s encode=1.505s wait=0.776s drain=64.507s waits=17743 untimed=13954 | wide: calls=997 total=6.803s encode=0.666s wait=5.632s drain=0.505s waits=997 untimed=0
[kernel-sub] materialize=0.332s moe=7.495s precommit=64.763s rest=1.002s
[metal-cache] calls=22466 zero_copy_wraps=390 copies=0 cache_entries=187 bindless=true
**
[stats] generated=175 elapsed=254.434s speed=0.6878 token/s (1.454 s/token) chunks=173 committed_rows=212 verify_tx=3 drafts=2/12 layer_passes=16089 expert_rows=19504 expert_tiles=16414
[verify-width] w1=0 w2=2 w3=0 w4=0 w5=0 w6=0 w7=0 w8+=1              (w1 share 0.0% of 3 transactions)
[opens] expert file opens=924465 total=9.939s mean=0.011ms requested_bytes=6913109179584 (6913.1 GB)
[split-eta] chunks served hot=140779 dir_c=75915 dir_b=178515 primary=347087
[arrival] tiles=907 waves=2045 uncovered_wait=25.998s dispatch=7.459s
[retain] enabled=false cap_gb=8 layers=63..=92 consults=0 wanted=0 hits=0 inserts=0 served=0.0MB
[summer] enabled=false cap_gb=8 sample=16 consults=0 wanted=0 hits=0 hit_rate=0.0% misses=0 inserts=0 evictions=0 recycled=0 allocs=0 pin_skips=0 gated=0 ramp=2..50 bar=0 suppressed=0 wide_skips=0 served=0.0MB copied=0.0MB ssd_avoided=0.0GB live=0/0.0GB model=0 protected=0 declined=0 topup_suppressed=0 aged=0 into=0/0/0 pending=0
[mirror-split] internal=0 K3C=0 K3B=0 K3A=0  shares=0%/0%/0%/0%
[phases] mono=418592.067893 chunks=173 sequence=246.465s read_wait=0.170s bind_upload=1.591s attention_resident=16.906s expert_read_prefetch=129.154s expert_demand_read=78.316s expert_plan=12.545s expert_hint=0.001s expert_submit=0.001s expert_kernel=95.612s source_fence=0.001s tail_head_sync=2.732s layer_other=0.244s expert_read_gross=116.609s plan_hint=12.293s plan_sched=0.247s attn_total=18.414s attn_encode=5.863s attn_wait=9.084s attn_drain=3.467s kernel_total=73.977s kernel_host=2.180s kernel_wait=6.414s kernel_drain=65.383s
[attn-split] single: calls=15903 total=14.038s encode=4.937s wait=5.634s drain=3.467s waits=27531 untimed=5327 | wide: calls=372 total=4.376s encode=0.926s wait=3.450s drain=0.000s waits=368 untimed=368 | hint: calls=16100 total=12.446s encode=0.035s wait=12.411s drain=0.000s waits=16046 untimed=16046
[kernel-split] single: calls=16739 total=67.174s encode=1.515s wait=0.782s drain=64.878s waits=17848 untimed=14041 | wide: calls=997 total=6.803s encode=0.666s wait=5.632s drain=0.505s waits=997 untimed=0
[kernel-sub] materialize=0.332s moe=7.504s precommit=65.135s rest=1.006s
[metal-cache] calls=22564 zero_copy_wraps=390 copies=0 cache_entries=187 bindless=true
 |
[stats] generated=176 elapsed=255.688s speed=0.6883 token/s (1.453 s/token) chunks=174 committed_rows=213 verify_tx=3 drafts=2/12 layer_passes=16182 expert_rows=19596 expert_tiles=16506
[verify-width] w1=0 w2=2 w3=0 w4=0 w5=0 w6=0 w7=0 w8+=1              (w1 share 0.0% of 3 transactions)
[opens] expert file opens=929742 total=9.995s mean=0.011ms requested_bytes=6948633656512 (6948.6 GB)
[split-eta] chunks served hot=141549 dir_c=76348 dir_b=179484 primary=348964
[arrival] tiles=908 waves=2053 uncovered_wait=26.007s dispatch=7.467s
[retain] enabled=false cap_gb=8 layers=63..=92 consults=0 wanted=0 hits=0 inserts=0 served=0.0MB
[summer] enabled=false cap_gb=8 sample=16 consults=0 wanted=0 hits=0 hit_rate=0.0% misses=0 inserts=0 evictions=0 recycled=0 allocs=0 pin_skips=0 gated=0 ramp=2..50 bar=0 suppressed=0 wide_skips=0 served=0.0MB copied=0.0MB ssd_avoided=0.0GB live=0/0.0GB model=0 protected=0 declined=0 topup_suppressed=0 aged=0 into=0/0/0 pending=0
[mirror-split] internal=0 K3C=0 K3B=0 K3A=0  shares=0%/0%/0%/0%
[phases] mono=418593.321564 chunks=174 sequence=247.718s read_wait=0.170s bind_upload=1.591s attention_resident=16.987s expert_read_prefetch=129.896s expert_demand_read=78.764s expert_plan=12.627s expert_hint=0.001s expert_submit=0.001s expert_kernel=96.024s source_fence=0.001s tail_head_sync=2.748s layer_other=0.245s expert_read_gross=117.269s plan_hint=12.375s plan_sched=0.248s attn_total=18.495s attn_encode=5.887s attn_wait=9.123s attn_drain=3.485s kernel_total=74.380s kernel_host=2.189s kernel_wait=6.418s kernel_drain=65.772s
[attn-split] single: calls=15996 total=14.118s encode=4.961s wait=5.673s drain=3.485s waits=27692 untimed=5366 | wide: calls=372 total=4.376s encode=0.926s wait=3.450s drain=0.000s waits=368 untimed=368 | hint: calls=16192 total=12.527s encode=0.035s wait=12.492s drain=0.000s waits=16137 untimed=16137
[kernel-split] single: calls=16838 total=67.577s encode=1.524s wait=0.786s drain=65.267s waits=17955 untimed=14124 | wide: calls=997 total=6.803s encode=0.666s wait=5.632s drain=0.505s waits=997 untimed=0
[kernel-sub] materialize=0.332s moe=7.512s precommit=65.525s rest=1.010s
[metal-cache] calls=22663 zero_copy_wraps=390 copies=0 cache_entries=187 bindless=true
 Avoid
[stats] generated=177 elapsed=256.976s speed=0.6888 token/s (1.452 s/token) chunks=175 committed_rows=214 verify_tx=3 drafts=2/12 layer_passes=16275 expert_rows=19688 expert_tiles=16598
[verify-width] w1=0 w2=2 w3=0 w4=0 w5=0 w6=0 w7=0 w8+=1              (w1 share 0.0% of 3 transactions)
[opens] expert file opens=935186 total=10.053s mean=0.011ms requested_bytes=6985114451136 (6985.1 GB)
[split-eta] chunks served hot=142362 dir_c=76772 dir_b=180481 primary=350888
[arrival] tiles=909 waves=2058 uncovered_wait=26.016s dispatch=7.475s
[retain] enabled=false cap_gb=8 layers=63..=92 consults=0 wanted=0 hits=0 inserts=0 served=0.0MB
[summer] enabled=false cap_gb=8 sample=16 consults=0 wanted=0 hits=0 hit_rate=0.0% misses=0 inserts=0 evictions=0 recycled=0 allocs=0 pin_skips=0 gated=0 ramp=2..50 bar=0 suppressed=0 wide_skips=0 served=0.0MB copied=0.0MB ssd_avoided=0.0GB live=0/0.0GB model=0 protected=0 declined=0 topup_suppressed=0 aged=0 into=0/0/0 pending=0
[mirror-split] internal=0 K3C=0 K3B=0 K3A=0  shares=0%/0%/0%/0%
[phases] mono=418594.608955 chunks=175 sequence=249.004s read_wait=0.170s bind_upload=1.591s attention_resident=17.067s expert_read_prefetch=130.649s expert_demand_read=79.192s expert_plan=12.716s expert_hint=0.001s expert_submit=0.001s expert_kernel=96.460s source_fence=0.001s tail_head_sync=2.765s layer_other=0.247s expert_read_gross=117.932s plan_hint=12.462s plan_sched=0.249s attn_total=18.574s attn_encode=5.914s attn_wait=9.151s attn_drain=3.509s kernel_total=74.807s kernel_host=2.199s kernel_wait=6.423s kernel_drain=66.185s
[attn-split] single: calls=16089 total=14.198s encode=4.988s wait=5.701s drain=3.509s waits=27853 untimed=5387 | wide: calls=372 total=4.376s encode=0.926s wait=3.450s drain=0.000s waits=368 untimed=368 | hint: calls=16284 total=12.615s encode=0.035s wait=12.580s drain=0.000s waits=16228 untimed=16228
[kernel-split] single: calls=16934 total=68.004s encode=1.533s wait=0.791s drain=65.679s waits=18056 untimed=14203 | wide: calls=997 total=6.803s encode=0.666s wait=5.632s drain=0.505s waits=997 untimed=0
[kernel-sub] materialize=0.332s moe=7.520s precommit=65.940s rest=1.015s
[metal-cache] calls=22759 zero_copy_wraps=390 copies=0 cache_entries=187 bindless=true
ed
[stats] generated=178 elapsed=258.274s speed=0.6892 token/s (1.451 s/token) chunks=176 committed_rows=215 verify_tx=3 drafts=2/12 layer_passes=16368 expert_rows=19780 expert_tiles=16690
[verify-width] w1=0 w2=2 w3=0 w4=0 w5=0 w6=0 w7=0 w8+=1              (w1 share 0.0% of 3 transactions)
[opens] expert file opens=940565 total=10.111s mean=0.011ms requested_bytes=7021551434944 (7021.6 GB)
[split-eta] chunks served hot=143141 dir_c=77214 dir_b=181483 primary=352818
[arrival] tiles=910 waves=2066 uncovered_wait=26.025s dispatch=7.484s
[retain] enabled=false cap_gb=8 layers=63..=92 consults=0 wanted=0 hits=0 inserts=0 served=0.0MB
[summer] enabled=false cap_gb=8 sample=16 consults=0 wanted=0 hits=0 hit_rate=0.0% misses=0 inserts=0 evictions=0 recycled=0 allocs=0 pin_skips=0 gated=0 ramp=2..50 bar=0 suppressed=0 wide_skips=0 served=0.0MB copied=0.0MB ssd_avoided=0.0GB live=0/0.0GB model=0 protected=0 declined=0 topup_suppressed=0 aged=0 into=0/0/0 pending=0
[mirror-split] internal=0 K3C=0 K3B=0 K3A=0  shares=0%/0%/0%/0%
[phases] mono=418595.907546 chunks=176 sequence=250.301s read_wait=0.170s bind_upload=1.591s attention_resident=17.165s expert_read_prefetch=131.417s expert_demand_read=79.665s expert_plan=12.785s expert_hint=0.001s expert_submit=0.001s expert_kernel=96.872s source_fence=0.001s tail_head_sync=2.781s layer_other=0.248s expert_read_gross=118.631s plan_hint=12.531s plan_sched=0.250s attn_total=18.672s attn_encode=5.958s attn_wait=9.189s attn_drain=3.526s kernel_total=75.209s kernel_host=2.209s kernel_wait=6.428s kernel_drain=66.572s
[attn-split] single: calls=16182 total=14.296s encode=5.032s wait=5.739s drain=3.526s waits=28014 untimed=5425 | wide: calls=372 total=4.376s encode=0.926s wait=3.450s drain=0.000s waits=368 untimed=368 | hint: calls=16376 total=12.683s encode=0.036s wait=12.648s drain=0.000s waits=16319 untimed=16319
[kernel-split] single: calls=17033 total=68.406s encode=1.544s wait=0.795s drain=66.067s waits=18163 untimed=14287 | wide: calls=997 total=6.803s encode=0.666s wait=5.632s drain=0.505s waits=997 untimed=0
[kernel-sub] materialize=0.332s moe=7.529s precommit=66.329s rest=1.019s
[metal-cache] calls=22858 zero_copy_wraps=390 copies=0 cache_entries=187 bindless=true
 through
[stats] generated=179 elapsed=259.517s speed=0.6897 token/s (1.450 s/token) chunks=177 committed_rows=216 verify_tx=3 drafts=2/12 layer_passes=16461 expert_rows=19872 expert_tiles=16782
[verify-width] w1=0 w2=2 w3=0 w4=0 w5=0 w6=0 w7=0 w8+=1              (w1 share 0.0% of 3 transactions)
[opens] expert file opens=945867 total=10.167s mean=0.011ms requested_bytes=7057049615552 (7057.0 GB)
[split-eta] chunks served hot=143898 dir_c=77657 dir_b=182455 primary=354692
[arrival] tiles=911 waves=2073 uncovered_wait=26.036s dispatch=7.492s
[retain] enabled=false cap_gb=8 layers=63..=92 consults=0 wanted=0 hits=0 inserts=0 served=0.0MB
[summer] enabled=false cap_gb=8 sample=16 consults=0 wanted=0 hits=0 hit_rate=0.0% misses=0 inserts=0 evictions=0 recycled=0 allocs=0 pin_skips=0 gated=0 ramp=2..50 bar=0 suppressed=0 wide_skips=0 served=0.0MB copied=0.0MB ssd_avoided=0.0GB live=0/0.0GB model=0 protected=0 declined=0 topup_suppressed=0 aged=0 into=0/0/0 pending=0
[mirror-split] internal=0 K3C=0 K3B=0 K3A=0  shares=0%/0%/0%/0%
[phases] mono=418597.150215 chunks=177 sequence=251.542s read_wait=0.170s bind_upload=1.591s attention_resident=17.240s expert_read_prefetch=132.148s expert_demand_read=80.112s expert_plan=12.855s expert_hint=0.001s expert_submit=0.001s expert_kernel=97.290s source_fence=0.001s tail_head_sync=2.798s layer_other=0.249s expert_read_gross=119.292s plan_hint=12.599s plan_sched=0.251s attn_total=18.746s attn_encode=5.981s attn_wait=9.224s attn_drain=3.542s kernel_total=75.616s kernel_host=2.218s kernel_wait=6.432s kernel_drain=66.966s
[attn-split] single: calls=16275 total=14.370s encode=5.054s wait=5.774s drain=3.542s waits=28175 untimed=5458 | wide: calls=372 total=4.376s encode=0.926s wait=3.450s drain=0.000s waits=368 untimed=368 | hint: calls=16468 total=12.752s encode=0.036s wait=12.716s drain=0.000s waits=16410 untimed=16410
[kernel-split] single: calls=17131 total=68.813s encode=1.552s wait=0.800s drain=66.461s waits=18268 untimed=14367 | wide: calls=997 total=6.803s encode=0.666s wait=5.632s drain=0.505s waits=997 untimed=0
[kernel-sub] materialize=0.332s moe=7.536s precommit=66.724s rest=1.023s
[metal-cache] calls=22956 zero_copy_wraps=390 copies=0 cache_entries=187 bindless=true
 input
[stats] generated=180 elapsed=260.723s speed=0.6904 token/s (1.448 s/token) chunks=178 committed_rows=217 verify_tx=3 drafts=2/12 layer_passes=16554 expert_rows=19964 expert_tiles=16874
[verify-width] w1=0 w2=2 w3=0 w4=0 w5=0 w6=0 w7=0 w8+=1              (w1 share 0.0% of 3 transactions)
[opens] expert file opens=951067 total=10.222s mean=0.011ms requested_bytes=7091845905600 (7091.8 GB)
[split-eta] chunks served hot=144670 dir_c=78088 dir_b=183398 primary=356512
[arrival] tiles=912 waves=2080 uncovered_wait=26.047s dispatch=7.499s
[retain] enabled=false cap_gb=8 layers=63..=92 consults=0 wanted=0 hits=0 inserts=0 served=0.0MB
[summer] enabled=false cap_gb=8 sample=16 consults=0 wanted=0 hits=0 hit_rate=0.0% misses=0 inserts=0 evictions=0 recycled=0 allocs=0 pin_skips=0 gated=0 ramp=2..50 bar=0 suppressed=0 wide_skips=0 served=0.0MB copied=0.0MB ssd_avoided=0.0GB live=0/0.0GB model=0 protected=0 declined=0 topup_suppressed=0 aged=0 into=0/0/0 pending=0
[mirror-split] internal=0 K3C=0 K3B=0 K3A=0  shares=0%/0%/0%/0%
[phases] mono=418598.356122 chunks=178 sequence=252.747s read_wait=0.170s bind_upload=1.591s attention_resident=17.320s expert_read_prefetch=132.863s expert_demand_read=80.568s expert_plan=12.922s expert_hint=0.001s expert_submit=0.001s expert_kernel=97.681s source_fence=0.001s tail_head_sync=2.814s layer_other=0.250s expert_read_gross=119.941s plan_hint=12.665s plan_sched=0.252s attn_total=18.827s attn_encode=6.004s attn_wait=9.263s attn_drain=3.559s kernel_total=75.997s kernel_host=2.226s kernel_wait=6.435s kernel_drain=67.335s
[attn-split] single: calls=16368 total=14.450s encode=5.078s wait=5.813s drain=3.559s waits=28336 untimed=5491 | wide: calls=372 total=4.376s encode=0.926s wait=3.450s drain=0.000s waits=368 untimed=368 | hint: calls=16560 total=12.818s encode=0.036s wait=12.782s drain=0.000s waits=16501 untimed=16501
[kernel-split] single: calls=17229 total=69.194s encode=1.561s wait=0.803s drain=66.830s waits=18373 untimed=14444 | wide: calls=997 total=6.803s encode=0.666s wait=5.632s drain=0.505s waits=997 untimed=0
[kernel-sub] materialize=0.332s moe=7.543s precommit=67.094s rest=1.027s
[metal-cache] calls=23054 zero_copy_wraps=390 copies=0 cache_entries=187 bindless=true
 tax
[stats] generated=181 elapsed=261.982s speed=0.6909 token/s (1.447 s/token) chunks=179 committed_rows=218 verify_tx=3 drafts=2/12 layer_passes=16647 expert_rows=20056 expert_tiles=16966
[verify-width] w1=0 w2=2 w3=0 w4=0 w5=0 w6=0 w7=0 w8+=1              (w1 share 0.0% of 3 transactions)
[opens] expert file opens=956431 total=10.281s mean=0.011ms requested_bytes=7127037017280 (7127.0 GB)
[split-eta] chunks served hot=145422 dir_c=78478 dir_b=184377 primary=358402
[arrival] tiles=913 waves=2088 uncovered_wait=26.058s dispatch=7.507s
[retain] enabled=false cap_gb=8 layers=63..=92 consults=0 wanted=0 hits=0 inserts=0 served=0.0MB
[summer] enabled=false cap_gb=8 sample=16 consults=0 wanted=0 hits=0 hit_rate=0.0% misses=0 inserts=0 evictions=0 recycled=0 allocs=0 pin_skips=0 gated=0 ramp=2..50 bar=0 suppressed=0 wide_skips=0 served=0.0MB copied=0.0MB ssd_avoided=0.0GB live=0/0.0GB model=0 protected=0 declined=0 topup_suppressed=0 aged=0 into=0/0/0 pending=0
[mirror-split] internal=0 K3C=0 K3B=0 K3A=0  shares=0%/0%/0%/0%
[phases] mono=418599.614976 chunks=179 sequence=254.005s read_wait=0.170s bind_upload=1.591s attention_resident=17.392s expert_read_prefetch=133.623s expert_demand_read=81.020s expert_plan=13.000s expert_hint=0.001s expert_submit=0.001s expert_kernel=98.090s source_fence=0.001s tail_head_sync=2.831s layer_other=0.251s expert_read_gross=120.622s plan_hint=12.742s plan_sched=0.254s attn_total=18.898s attn_encode=6.029s attn_wait=9.293s attn_drain=3.576s kernel_total=76.395s kernel_host=2.236s kernel_wait=6.440s kernel_drain=67.719s
[attn-split] single: calls=16461 total=14.522s encode=5.102s wait=5.843s drain=3.576s waits=28497 untimed=5519 | wide: calls=372 total=4.376s encode=0.926s wait=3.450s drain=0.000s waits=368 untimed=368 | hint: calls=16652 total=12.895s encode=0.036s wait=12.858s drain=0.000s waits=16592 untimed=16592
[kernel-split] single: calls=17328 total=69.592s encode=1.570s wait=0.808s drain=67.214s waits=18480 untimed=14525 | wide: calls=997 total=6.803s encode=0.666s wait=5.632s drain=0.505s waits=997 untimed=0
[kernel-sub] materialize=0.332s moe=7.551s precommit=67.479s rest=1.032s
[metal-cache] calls=23153 zero_copy_wraps=390 copies=0 cache_entries=187 bindless=true
[route-chain] chained=11730
[route-chain] dedup_hits=11730
 credits
[stats] generated=182 elapsed=263.236s speed=0.6914 token/s (1.446 s/token) chunks=180 committed_rows=219 verify_tx=3 drafts=2/12 layer_passes=16740 expert_rows=20148 expert_tiles=17058
[verify-width] w1=0 w2=2 w3=0 w4=0 w5=0 w6=0 w7=0 w8+=1              (w1 share 0.0% of 3 transactions)
[opens] expert file opens=961839 total=10.338s mean=0.011ms requested_bytes=7162745765056 (7162.7 GB)
[split-eta] chunks served hot=146186 dir_c=78883 dir_b=185367 primary=360313
[arrival] tiles=914 waves=2096 uncovered_wait=26.067s dispatch=7.515s
[retain] enabled=false cap_gb=8 layers=63..=92 consults=0 wanted=0 hits=0 inserts=0 served=0.0MB
[summer] enabled=false cap_gb=8 sample=16 consults=0 wanted=0 hits=0 hit_rate=0.0% misses=0 inserts=0 evictions=0 recycled=0 allocs=0 pin_skips=0 gated=0 ramp=2..50 bar=0 suppressed=0 wide_skips=0 served=0.0MB copied=0.0MB ssd_avoided=0.0GB live=0/0.0GB model=0 protected=0 declined=0 topup_suppressed=0 aged=0 into=0/0/0 pending=0
[mirror-split] internal=0 K3C=0 K3B=0 K3A=0  shares=0%/0%/0%/0%
[phases] mono=418600.869415 chunks=180 sequence=255.258s read_wait=0.170s bind_upload=1.591s attention_resident=17.483s expert_read_prefetch=134.364s expert_demand_read=81.483s expert_plan=13.066s expert_hint=0.001s expert_submit=0.001s expert_kernel=98.497s source_fence=0.001s tail_head_sync=2.844s layer_other=0.253s expert_read_gross=121.298s plan_hint=12.807s plan_sched=0.255s attn_total=18.989s attn_encode=6.062s attn_wait=9.329s attn_drain=3.598s kernel_total=76.792s kernel_host=2.245s kernel_wait=6.445s kernel_drain=68.102s
[attn-split] single: calls=16554 total=14.613s encode=5.135s wait=5.879s drain=3.598s waits=28658 untimed=5550 | wide: calls=372 total=4.376s encode=0.926s wait=3.450s drain=0.000s waits=368 untimed=368 | hint: calls=16744 total=12.959s encode=0.036s wait=12.923s drain=0.000s waits=16683 untimed=16683
[kernel-split] single: calls=17427 total=69.989s encode=1.579s wait=0.813s drain=67.597s waits=18587 untimed=14607 | wide: calls=997 total=6.803s encode=0.666s wait=5.632s drain=0.505s waits=997 untimed=0
[kernel-sub] materialize=0.332s moe=7.559s precommit=67.864s rest=1.036s
[metal-cache] calls=23252 zero_copy_wraps=390 copies=0 cache_entries=187 bindless=true
 |
[stats] generated=183 elapsed=264.495s speed=0.6919 token/s (1.445 s/token) chunks=181 committed_rows=220 verify_tx=3 drafts=2/12 layer_passes=16833 expert_rows=20240 expert_tiles=17150
[verify-width] w1=0 w2=2 w3=0 w4=0 w5=0 w6=0 w7=0 w8+=1              (w1 share 0.0% of 3 transactions)
[opens] expert file opens=967194 total=10.393s mean=0.011ms requested_bytes=7198586109120 (7198.6 GB)
[split-eta] chunks served hot=146948 dir_c=79319 dir_b=186353 primary=362214
[arrival] tiles=915 waves=2102 uncovered_wait=26.076s dispatch=7.521s
[retain] enabled=false cap_gb=8 layers=63..=92 consults=0 wanted=0 hits=0 inserts=0 served=0.0MB
[summer] enabled=false cap_gb=8 sample=16 consults=0 wanted=0 hits=0 hit_rate=0.0% misses=0 inserts=0 evictions=0 recycled=0 allocs=0 pin_skips=0 gated=0 ramp=2..50 bar=0 suppressed=0 wide_skips=0 served=0.0MB copied=0.0MB ssd_avoided=0.0GB live=0/0.0GB model=0 protected=0 declined=0 topup_suppressed=0 aged=0 into=0/0/0 pending=0
[mirror-split] internal=0 K3C=0 K3B=0 K3A=0  shares=0%/0%/0%/0%
[phases] mono=418602.128817 chunks=181 sequence=256.517s read_wait=0.170s bind_upload=1.591s attention_resident=17.553s expert_read_prefetch=135.152s expert_demand_read=81.981s expert_plan=13.143s expert_hint=0.001s expert_submit=0.001s expert_kernel=98.880s source_fence=0.001s tail_head_sync=2.860s layer_other=0.254s expert_read_gross=122.008s plan_hint=12.883s plan_sched=0.256s attn_total=19.059s attn_encode=6.084s attn_wait=9.363s attn_drain=3.612s kernel_total=77.166s kernel_host=2.253s kernel_wait=6.448s kernel_drain=68.465s
[attn-split] single: calls=16647 total=14.683s encode=5.158s wait=5.913s drain=3.612s waits=28819 untimed=5587 | wide: calls=372 total=4.376s encode=0.926s wait=3.450s drain=0.000s waits=368 untimed=368 | hint: calls=16836 total=13.036s encode=0.037s wait=12.999s drain=0.000s waits=16774 untimed=16774
[kernel-split] single: calls=17524 total=70.363s encode=1.588s wait=0.816s drain=67.959s waits=18690 untimed=14689 | wide: calls=997 total=6.803s encode=0.666s wait=5.632s drain=0.505s waits=997 untimed=0
[kernel-sub] materialize=0.332s moe=7.565s precommit=68.228s rest=1.041s
[metal-cache] calls=23349 zero_copy_wraps=390 copies=0 cache_entries=187 bindless=true
 Can
[stats] generated=184 elapsed=265.765s speed=0.6923 token/s (1.444 s/token) chunks=182 committed_rows=221 verify_tx=3 drafts=2/12 layer_passes=16926 expert_rows=20332 expert_tiles=17242
[verify-width] w1=0 w2=2 w3=0 w4=0 w5=0 w6=0 w7=0 w8+=1              (w1 share 0.0% of 3 transactions)
[opens] expert file opens=972614 total=10.449s mean=0.011ms requested_bytes=7234830023872 (7234.8 GB)
[split-eta] chunks served hot=147739 dir_c=79763 dir_b=187347 primary=364116
[arrival] tiles=916 waves=2107 uncovered_wait=26.085s dispatch=7.528s
[retain] enabled=false cap_gb=8 layers=63..=92 consults=0 wanted=0 hits=0 inserts=0 served=0.0MB
[summer] enabled=false cap_gb=8 sample=16 consults=0 wanted=0 hits=0 hit_rate=0.0% misses=0 inserts=0 evictions=0 recycled=0 allocs=0 pin_skips=0 gated=0 ramp=2..50 bar=0 suppressed=0 wide_skips=0 served=0.0MB copied=0.0MB ssd_avoided=0.0GB live=0/0.0GB model=0 protected=0 declined=0 topup_suppressed=0 aged=0 into=0/0/0 pending=0
[mirror-split] internal=0 K3C=0 K3B=0 K3A=0  shares=0%/0%/0%/0%
[phases] mono=418603.398021 chunks=182 sequence=257.785s read_wait=0.170s bind_upload=1.591s attention_resident=17.627s expert_read_prefetch=135.890s expert_demand_read=82.428s expert_plan=13.209s expert_hint=0.001s expert_submit=0.001s expert_kernel=99.318s source_fence=0.001s tail_head_sync=2.877s layer_other=0.255s expert_read_gross=122.680s plan_hint=12.949s plan_sched=0.257s attn_total=19.133s attn_encode=6.107s attn_wait=9.397s attn_drain=3.629s kernel_total=77.595s kernel_host=2.262s kernel_wait=6.453s kernel_drain=68.880s
[attn-split] single: calls=16740 total=14.757s encode=5.180s wait=5.947s drain=3.629s waits=28980 untimed=5621 | wide: calls=372 total=4.376s encode=0.926s wait=3.450s drain=0.000s waits=368 untimed=368 | hint: calls=16928 total=13.101s encode=0.037s wait=13.064s drain=0.000s waits=16865 untimed=16865
[kernel-split] single: calls=17620 total=70.792s encode=1.596s wait=0.821s drain=68.375s waits=18791 untimed=14771 | wide: calls=997 total=6.803s encode=0.666s wait=5.632s drain=0.505s waits=997 untimed=0
[kernel-sub] materialize=0.332s moe=7.573s precommit=68.645s rest=1.045s
[metal-cache] calls=23445 zero_copy_wraps=390 copies=0 cache_entries=187 bindless=true
 occur
[stats] generated=185 elapsed=267.007s speed=0.6929 token/s (1.443 s/token) chunks=183 committed_rows=222 verify_tx=3 drafts=2/12 layer_passes=17019 expert_rows=20424 expert_tiles=17334
[verify-width] w1=0 w2=2 w3=0 w4=0 w5=0 w6=0 w7=0 w8+=1              (w1 share 0.0% of 3 transactions)
[opens] expert file opens=977780 total=10.508s mean=0.011ms requested_bytes=7270003571904 (7270.0 GB)
[split-eta] chunks served hot=148500 dir_c=80187 dir_b=188313 primary=365974
[arrival] tiles=917 waves=2114 uncovered_wait=26.095s dispatch=7.535s
[retain] enabled=false cap_gb=8 layers=63..=92 consults=0 wanted=0 hits=0 inserts=0 served=0.0MB
[summer] enabled=false cap_gb=8 sample=16 consults=0 wanted=0 hits=0 hit_rate=0.0% misses=0 inserts=0 evictions=0 recycled=0 allocs=0 pin_skips=0 gated=0 ramp=2..50 bar=0 suppressed=0 wide_skips=0 served=0.0MB copied=0.0MB ssd_avoided=0.0GB live=0/0.0GB model=0 protected=0 declined=0 topup_suppressed=0 aged=0 into=0/0/0 pending=0
[mirror-split] internal=0 K3C=0 K3B=0 K3A=0  shares=0%/0%/0%/0%
[phases] mono=418604.640917 chunks=183 sequence=259.026s read_wait=0.170s bind_upload=1.591s attention_resident=17.703s expert_read_prefetch=136.628s expert_demand_read=82.903s expert_plan=13.293s expert_hint=0.001s expert_submit=0.001s expert_kernel=99.728s source_fence=0.001s tail_head_sync=2.893s layer_other=0.256s expert_read_gross=123.334s plan_hint=13.031s plan_sched=0.258s attn_total=19.209s attn_encode=6.133s attn_wait=9.430s attn_drain=3.646s kernel_total=77.994s kernel_host=2.271s kernel_wait=6.457s kernel_drain=69.267s
[attn-split] single: calls=16833 total=14.832s encode=5.207s wait=5.980s drain=3.646s waits=29141 untimed=5644 | wide: calls=372 total=4.376s encode=0.926s wait=3.450s drain=0.000s waits=368 untimed=368 | hint: calls=17020 total=13.183s encode=0.037s wait=13.146s drain=0.000s waits=16956 untimed=16956
[kernel-split] single: calls=17718 total=71.191s encode=1.605s wait=0.825s drain=68.761s waits=18896 untimed=14858 | wide: calls=997 total=6.803s encode=0.666s wait=5.632s drain=0.505s waits=997 untimed=0
[kernel-sub] materialize=0.332s moe=7.579s precommit=69.034s rest=1.049s
[metal-cache] calls=23543 zero_copy_wraps=390 copies=0 cache_entries=187 bindless=true
 if
[stats] generated=186 elapsed=268.280s speed=0.6933 token/s (1.442 s/token) chunks=184 committed_rows=223 verify_tx=3 drafts=2/12 layer_passes=17112 expert_rows=20516 expert_tiles=17426
[verify-width] w1=0 w2=2 w3=0 w4=0 w5=0 w6=0 w7=0 w8+=1              (w1 share 0.0% of 3 transactions)
[opens] expert file opens=983036 total=10.564s mean=0.011ms requested_bytes=7305685957824 (7305.7 GB)
[split-eta] chunks served hot=149272 dir_c=80614 dir_b=189283 primary=367872
[arrival] tiles=918 waves=2120 uncovered_wait=26.104s dispatch=7.544s
[retain] enabled=false cap_gb=8 layers=63..=92 consults=0 wanted=0 hits=0 inserts=0 served=0.0MB
[summer] enabled=false cap_gb=8 sample=16 consults=0 wanted=0 hits=0 hit_rate=0.0% misses=0 inserts=0 evictions=0 recycled=0 allocs=0 pin_skips=0 gated=0 ramp=2..50 bar=0 suppressed=0 wide_skips=0 served=0.0MB copied=0.0MB ssd_avoided=0.0GB live=0/0.0GB model=0 protected=0 declined=0 topup_suppressed=0 aged=0 into=0/0/0 pending=0
[mirror-split] internal=0 K3C=0 K3B=0 K3A=0  shares=0%/0%/0%/0%
[phases] mono=418605.913365 chunks=184 sequence=260.297s read_wait=0.170s bind_upload=1.591s attention_resident=17.807s expert_read_prefetch=137.340s expert_demand_read=83.336s expert_plan=13.367s expert_hint=0.001s expert_submit=0.001s expert_kernel=100.166s source_fence=0.001s tail_head_sync=2.909s layer_other=0.257s expert_read_gross=123.973s plan_hint=13.103s plan_sched=0.259s attn_total=19.312s attn_encode=6.182s attn_wait=9.470s attn_drain=3.661s kernel_total=78.422s kernel_host=2.280s kernel_wait=6.462s kernel_drain=69.681s
[attn-split] single: calls=16926 total=14.936s encode=5.256s wait=6.020s drain=3.661s waits=29302 untimed=5677 | wide: calls=372 total=4.376s encode=0.926s wait=3.450s drain=0.000s waits=368 untimed=368 | hint: calls=17112 total=13.256s encode=0.037s wait=13.218s drain=0.000s waits=17047 untimed=17047
[kernel-split] single: calls=17815 total=71.619s encode=1.614s wait=0.830s drain=69.175s waits=18999 untimed=14938 | wide: calls=997 total=6.803s encode=0.666s wait=5.632s drain=0.505s waits=997 untimed=0
[kernel-sub] materialize=0.332s moe=7.588s precommit=69.449s rest=1.053s
[metal-cache] calls=23640 zero_copy_wraps=390 copies=0 cache_entries=187 bindless=true
 applied
[stats] generated=187 elapsed=269.515s speed=0.6938 token/s (1.441 s/token) chunks=185 committed_rows=224 verify_tx=3 drafts=2/12 layer_passes=17205 expert_rows=20608 expert_tiles=17518
[verify-width] w1=0 w2=2 w3=0 w4=0 w5=0 w6=0 w7=0 w8+=1              (w1 share 0.0% of 3 transactions)
[opens] expert file opens=988240 total=10.619s mean=0.011ms requested_bytes=7340587547840 (7340.6 GB)
[split-eta] chunks served hot=150041 dir_c=81019 dir_b=190240 primary=369719
[arrival] tiles=919 waves=2127 uncovered_wait=26.117s dispatch=7.551s
[retain] enabled=false cap_gb=8 layers=63..=92 consults=0 wanted=0 hits=0 inserts=0 served=0.0MB
[summer] enabled=false cap_gb=8 sample=16 consults=0 wanted=0 hits=0 hit_rate=0.0% misses=0 inserts=0 evictions=0 recycled=0 allocs=0 pin_skips=0 gated=0 ramp=2..50 bar=0 suppressed=0 wide_skips=0 served=0.0MB copied=0.0MB ssd_avoided=0.0GB live=0/0.0GB model=0 protected=0 declined=0 topup_suppressed=0 aged=0 into=0/0/0 pending=0
[mirror-split] internal=0 K3C=0 K3B=0 K3A=0  shares=0%/0%/0%/0%
[phases] mono=418607.148036 chunks=185 sequence=261.531s read_wait=0.170s bind_upload=1.591s attention_resident=17.882s expert_read_prefetch=138.075s expert_demand_read=83.785s expert_plan=13.442s expert_hint=0.001s expert_submit=0.001s expert_kernel=100.573s source_fence=0.001s tail_head_sync=2.925s layer_other=0.258s expert_read_gross=124.632s plan_hint=13.178s plan_sched=0.260s attn_total=19.387s attn_encode=6.205s attn_wait=9.497s attn_drain=3.685s kernel_total=78.817s kernel_host=2.288s kernel_wait=6.466s kernel_drain=70.063s
[attn-split] single: calls=17019 total=15.011s encode=5.279s wait=6.047s drain=3.685s waits=29463 untimed=5707 | wide: calls=372 total=4.376s encode=0.926s wait=3.450s drain=0.000s waits=368 untimed=368 | hint: calls=17204 total=13.330s encode=0.037s wait=13.293s drain=0.000s waits=17138 untimed=17138
[kernel-split] single: calls=17913 total=72.014s encode=1.622s wait=0.834s drain=69.558s waits=19104 untimed=15020 | wide: calls=997 total=6.803s encode=0.666s wait=5.632s drain=0.505s waits=997 untimed=0
[kernel-sub] materialize=0.332s moe=7.594s precommit=69.833s rest=1.057s
[metal-cache] calls=23738 zero_copy_wraps=390 copies=0 cache_entries=187 bindless=true
 to
[stats] generated=188 elapsed=270.774s speed=0.6943 token/s (1.440 s/token) chunks=186 committed_rows=225 verify_tx=3 drafts=2/12 layer_passes=17298 expert_rows=20700 expert_tiles=17610
[verify-width] w1=0 w2=2 w3=0 w4=0 w5=0 w6=0 w7=0 w8+=1              (w1 share 0.0% of 3 transactions)
[opens] expert file opens=993538 total=10.674s mean=0.011ms requested_bytes=7375804939456 (7375.8 GB)
[split-eta] chunks served hot=150797 dir_c=81432 dir_b=191209 primary=371595
[arrival] tiles=920 waves=2131 uncovered_wait=26.126s dispatch=7.557s
[retain] enabled=false cap_gb=8 layers=63..=92 consults=0 wanted=0 hits=0 inserts=0 served=0.0MB
[summer] enabled=false cap_gb=8 sample=16 consults=0 wanted=0 hits=0 hit_rate=0.0% misses=0 inserts=0 evictions=0 recycled=0 allocs=0 pin_skips=0 gated=0 ramp=2..50 bar=0 suppressed=0 wide_skips=0 served=0.0MB copied=0.0MB ssd_avoided=0.0GB live=0/0.0GB model=0 protected=0 declined=0 topup_suppressed=0 aged=0 into=0/0/0 pending=0
[mirror-split] internal=0 K3C=0 K3B=0 K3A=0  shares=0%/0%/0%/0%
[phases] mono=418608.407814 chunks=186 sequence=262.790s read_wait=0.170s bind_upload=1.591s attention_resident=17.955s expert_read_prefetch=138.807s expert_demand_read=84.252s expert_plan=13.520s expert_hint=0.001s expert_submit=0.001s expert_kernel=101.008s source_fence=0.001s tail_head_sync=2.942s layer_other=0.260s expert_read_gross=125.286s plan_hint=13.255s plan_sched=0.261s attn_total=19.460s attn_encode=6.225s attn_wait=9.534s attn_drain=3.701s kernel_total=79.243s kernel_host=2.296s kernel_wait=6.471s kernel_drain=70.476s
[attn-split] single: calls=17112 total=15.084s encode=5.299s wait=6.084s drain=3.701s waits=29624 untimed=5741 | wide: calls=372 total=4.376s encode=0.926s wait=3.450s drain=0.000s waits=368 untimed=368 | hint: calls=17296 total=13.407s encode=0.038s wait=13.370s drain=0.000s waits=17229 untimed=17229
[kernel-split] single: calls=18008 total=72.440s encode=1.630s wait=0.839s drain=69.971s waits=19203 untimed=15102 | wide: calls=997 total=6.803s encode=0.666s wait=5.632s drain=0.505s waits=997 untimed=0
[kernel-sub] materialize=0.332s moe=7.601s precommit=70.248s rest=1.062s
[metal-cache] calls=23833 zero_copy_wraps=390 copies=0 cache_entries=187 bindless=true
 business
[stats] generated=189 elapsed=271.997s speed=0.6949 token/s (1.439 s/token) chunks=187 committed_rows=226 verify_tx=3 drafts=2/12 layer_passes=17391 expert_rows=20792 expert_tiles=17702
[verify-width] w1=0 w2=2 w3=0 w4=0 w5=0 w6=0 w7=0 w8+=1              (w1 share 0.0% of 3 transactions)
[opens] expert file opens=998742 total=10.731s mean=0.011ms requested_bytes=7410925829312 (7410.9 GB)
[split-eta] chunks served hot=151564 dir_c=81861 dir_b=192169 primary=373442
[arrival] tiles=921 waves=2137 uncovered_wait=26.133s dispatch=7.566s
[retain] enabled=false cap_gb=8 layers=63..=92 consults=0 wanted=0 hits=0 inserts=0 served=0.0MB
[summer] enabled=false cap_gb=8 sample=16 consults=0 wanted=0 hits=0 hit_rate=0.0% misses=0 inserts=0 evictions=0 recycled=0 allocs=0 pin_skips=0 gated=0 ramp=2..50 bar=0 suppressed=0 wide_skips=0 served=0.0MB copied=0.0MB ssd_avoided=0.0GB live=0/0.0GB model=0 protected=0 declined=0 topup_suppressed=0 aged=0 into=0/0/0 pending=0
[mirror-split] internal=0 K3C=0 K3B=0 K3A=0  shares=0%/0%/0%/0%
[phases] mono=418609.630359 chunks=187 sequence=264.011s read_wait=0.170s bind_upload=1.591s attention_resident=18.034s expert_read_prefetch=139.521s expert_demand_read=84.678s expert_plan=13.591s expert_hint=0.001s expert_submit=0.001s expert_kernel=101.420s source_fence=0.001s tail_head_sync=2.956s layer_other=0.261s expert_read_gross=125.929s plan_hint=13.324s plan_sched=0.262s attn_total=19.539s attn_encode=6.250s attn_wait=9.572s attn_drain=3.717s kernel_total=79.647s kernel_host=2.305s kernel_wait=6.476s kernel_drain=70.866s
[attn-split] single: calls=17205 total=15.163s encode=5.324s wait=6.122s drain=3.717s waits=29785 untimed=5771 | wide: calls=372 total=4.376s encode=0.926s wait=3.450s drain=0.000s waits=368 untimed=368 | hint: calls=17388 total=13.476s encode=0.038s wait=13.439s drain=0.000s waits=17320 untimed=17320
[kernel-split] single: calls=18105 total=72.844s encode=1.640s wait=0.844s drain=70.360s waits=19306 untimed=15179 | wide: calls=997 total=6.803s encode=0.666s wait=5.632s drain=0.505s waits=997 untimed=0
[kernel-sub] materialize=0.332s moe=7.609s precommit=70.639s rest=1.066s
[metal-cache] calls=23930 zero_copy_wraps=390 copies=0 cache_entries=187 bindless=true
 inputs
[stats] generated=190 elapsed=273.266s speed=0.6953 token/s (1.438 s/token) chunks=188 committed_rows=227 verify_tx=3 drafts=2/12 layer_passes=17484 expert_rows=20884 expert_tiles=17794
[verify-width] w1=0 w2=2 w3=0 w4=0 w5=0 w6=0 w7=0 w8+=1              (w1 share 0.0% of 3 transactions)
[opens] expert file opens=1004032 total=10.788s mean=0.011ms requested_bytes=7446169550016 (7446.2 GB)
[split-eta] chunks served hot=152325 dir_c=82245 dir_b=193147 primary=375336
[arrival] tiles=922 waves=2141 uncovered_wait=26.143s dispatch=7.572s
[retain] enabled=false cap_gb=8 layers=63..=92 consults=0 wanted=0 hits=0 inserts=0 served=0.0MB
[summer] enabled=false cap_gb=8 sample=16 consults=0 wanted=0 hits=0 hit_rate=0.0% misses=0 inserts=0 evictions=0 recycled=0 allocs=0 pin_skips=0 gated=0 ramp=2..50 bar=0 suppressed=0 wide_skips=0 served=0.0MB copied=0.0MB ssd_avoided=0.0GB live=0/0.0GB model=0 protected=0 declined=0 topup_suppressed=0 aged=0 into=0/0/0 pending=0
[mirror-split] internal=0 K3C=0 K3B=0 K3A=0  shares=0%/0%/0%/0%
[phases] mono=418610.899595 chunks=188 sequence=265.278s read_wait=0.170s bind_upload=1.591s attention_resident=18.134s expert_read_prefetch=140.255s expert_demand_read=85.115s expert_plan=13.665s expert_hint=0.001s expert_submit=0.001s expert_kernel=101.836s source_fence=0.001s tail_head_sync=2.973s layer_other=0.262s expert_read_gross=126.589s plan_hint=13.397s plan_sched=0.263s attn_total=19.639s attn_encode=6.292s attn_wait=9.616s attn_drain=3.731s kernel_total=80.053s kernel_host=2.313s kernel_wait=6.480s kernel_drain=71.260s
[attn-split] single: calls=17298 total=15.263s encode=5.366s wait=6.166s drain=3.731s waits=29946 untimed=5809 | wide: calls=372 total=4.376s encode=0.926s wait=3.450s drain=0.000s waits=368 untimed=368 | hint: calls=17480 total=13.549s encode=0.038s wait=13.511s drain=0.000s waits=17411 untimed=17411
[kernel-split] single: calls=18200 total=73.250s encode=1.647s wait=0.848s drain=70.755s waits=19405 untimed=15264 | wide: calls=997 total=6.803s encode=0.666s wait=5.632s drain=0.505s waits=997 untimed=0
[kernel-sub] materialize=0.332s moe=7.615s precommit=71.035s rest=1.071s
[metal-cache] calls=24025 zero_copy_wraps=390 copies=0 cache_entries=187 bindless=true
 (
[stats] generated=191 elapsed=274.565s speed=0.6956 token/s (1.438 s/token) chunks=189 committed_rows=228 verify_tx=3 drafts=2/12 layer_passes=17577 expert_rows=20976 expert_tiles=17886
[verify-width] w1=0 w2=2 w3=0 w4=0 w5=0 w6=0 w7=0 w8+=1              (w1 share 0.0% of 3 transactions)
[opens] expert file opens=1009467 total=10.844s mean=0.011ms requested_bytes=7482080099520 (7482.1 GB)
[split-eta] chunks served hot=153089 dir_c=82639 dir_b=194148 primary=377270
[arrival] tiles=923 waves=2149 uncovered_wait=26.156s dispatch=7.580s
[retain] enabled=false cap_gb=8 layers=63..=92 consults=0 wanted=0 hits=0 inserts=0 served=0.0MB
[summer] enabled=false cap_gb=8 sample=16 consults=0 wanted=0 hits=0 hit_rate=0.0% misses=0 inserts=0 evictions=0 recycled=0 allocs=0 pin_skips=0 gated=0 ramp=2..50 bar=0 suppressed=0 wide_skips=0 served=0.0MB copied=0.0MB ssd_avoided=0.0GB live=0/0.0GB model=0 protected=0 declined=0 topup_suppressed=0 aged=0 into=0/0/0 pending=0
[mirror-split] internal=0 K3C=0 K3B=0 K3A=0  shares=0%/0%/0%/0%
[phases] mono=418612.198223 chunks=189 sequence=266.576s read_wait=0.170s bind_upload=1.591s attention_resident=18.222s expert_read_prefetch=141.039s expert_demand_read=85.574s expert_plan=13.725s expert_hint=0.001s expert_submit=0.001s expert_kernel=102.244s source_fence=0.001s tail_head_sync=2.989s layer_other=0.263s expert_read_gross=127.313s plan_hint=13.457s plan_sched=0.264s attn_total=19.727s attn_encode=6.319s attn_wait=9.657s attn_drain=3.751s kernel_total=80.449s kernel_host=2.321s kernel_wait=6.485s kernel_drain=71.643s
[attn-split] single: calls=17391 total=15.350s encode=5.392s wait=6.207s drain=3.751s waits=30107 untimed=5842 | wide: calls=372 total=4.376s encode=0.926s wait=3.450s drain=0.000s waits=368 untimed=368 | hint: calls=17572 total=13.608s encode=0.038s wait=13.570s drain=0.000s waits=17502 untimed=17502
[kernel-split] single: calls=18299 total=73.646s encode=1.656s wait=0.852s drain=71.138s waits=19512 untimed=15353 | wide: calls=997 total=6.803s encode=0.666s wait=5.632s drain=0.505s waits=997 untimed=0
[kernel-sub] materialize=0.332s moe=7.623s precommit=71.419s rest=1.074s
[metal-cache] calls=24124 zero_copy_wraps=390 copies=0 cache_entries=187 bindless=true
though
[stats] generated=192 elapsed=275.852s speed=0.6960 token/s (1.437 s/token) chunks=190 committed_rows=229 verify_tx=3 drafts=2/12 layer_passes=17670 expert_rows=21068 expert_tiles=17978
[verify-width] w1=0 w2=2 w3=0 w4=0 w5=0 w6=0 w7=0 w8+=1              (w1 share 0.0% of 3 transactions)
[opens] expert file opens=1015004 total=10.901s mean=0.011ms requested_bytes=7518350392512 (7518.4 GB)
[split-eta] chunks served hot=153856 dir_c=83081 dir_b=195148 primary=379195
[arrival] tiles=924 waves=2157 uncovered_wait=26.165s dispatch=7.586s
[retain] enabled=false cap_gb=8 layers=63..=92 consults=0 wanted=0 hits=0 inserts=0 served=0.0MB
[summer] enabled=false cap_gb=8 sample=16 consults=0 wanted=0 hits=0 hit_rate=0.0% misses=0 inserts=0 evictions=0 recycled=0 allocs=0 pin_skips=0 gated=0 ramp=2..50 bar=0 suppressed=0 wide_skips=0 served=0.0MB copied=0.0MB ssd_avoided=0.0GB live=0/0.0GB model=0 protected=0 declined=0 topup_suppressed=0 aged=0 into=0/0/0 pending=0
[mirror-split] internal=0 K3C=0 K3B=0 K3A=0  shares=0%/0%/0%/0%
[phases] mono=418613.485015 chunks=190 sequence=267.848s read_wait=0.170s bind_upload=1.591s attention_resident=18.297s expert_read_prefetch=141.805s expert_demand_read=86.037s expert_plan=13.792s expert_hint=0.001s expert_submit=0.001s expert_kernel=102.656s source_fence=0.001s tail_head_sync=3.006s layer_other=0.264s expert_read_gross=128.012s plan_hint=13.523s plan_sched=0.265s attn_total=19.802s attn_encode=6.342s attn_wait=9.687s attn_drain=3.772s kernel_total=80.851s kernel_host=2.330s kernel_wait=6.488s kernel_drain=72.032s
[attn-split] single: calls=17484 total=15.425s encode=5.416s wait=6.237s drain=3.772s waits=30268 untimed=5871 | wide: calls=372 total=4.376s encode=0.926s wait=3.450s drain=0.000s waits=368 untimed=368 | hint: calls=17664 total=13.674s encode=0.038s wait=13.636s drain=0.000s waits=17593 untimed=17593
[kernel-split] single: calls=18398 total=74.048s encode=1.664s wait=0.856s drain=71.527s waits=19619 untimed=15436 | wide: calls=997 total=6.803s encode=0.666s wait=5.632s drain=0.505s waits=997 untimed=0
[kernel-sub] materialize=0.332s moe=7.630s precommit=71.811s rest=1.079s
[metal-cache] calls=24223 zero_copy_wraps=390 copies=0 cache_entries=187 bindless=true
[route-chain] chained=12420
[route-chain] dedup_hits=12420
 usually
[stats] generated=193 elapsed=277.115s speed=0.6965 token/s (1.436 s/token) chunks=191 committed_rows=230 verify_tx=3 drafts=2/12 layer_passes=17763 expert_rows=21160 expert_tiles=18070
[verify-width] w1=0 w2=2 w3=0 w4=0 w5=0 w6=0 w7=0 w8+=1              (w1 share 0.0% of 3 transactions)
[opens] expert file opens=1020236 total=10.965s mean=0.011ms requested_bytes=7553752071360 (7553.8 GB)
[split-eta] chunks served hot=154627 dir_c=83496 dir_b=196120 primary=381072
[arrival] tiles=925 waves=2162 uncovered_wait=26.174s dispatch=7.592s
[retain] enabled=false cap_gb=8 layers=63..=92 consults=0 wanted=0 hits=0 inserts=0 served=0.0MB
[summer] enabled=false cap_gb=8 sample=16 consults=0 wanted=0 hits=0 hit_rate=0.0% misses=0 inserts=0 evictions=0 recycled=0 allocs=0 pin_skips=0 gated=0 ramp=2..50 bar=0 suppressed=0 wide_skips=0 served=0.0MB copied=0.0MB ssd_avoided=0.0GB live=0/0.0GB model=0 protected=0 declined=0 topup_suppressed=0 aged=0 into=0/0/0 pending=0
[mirror-split] internal=0 K3C=0 K3B=0 K3A=0  shares=0%/0%/0%/0%
[phases] mono=418614.748125 chunks=191 sequence=269.109s read_wait=0.170s bind_upload=1.591s attention_resident=18.383s expert_read_prefetch=142.543s expert_demand_read=86.489s expert_plan=13.871s expert_hint=0.001s expert_submit=0.001s expert_kernel=103.076s source_fence=0.001s tail_head_sync=3.022s layer_other=0.266s expert_read_gross=128.671s plan_hint=13.600s plan_sched=0.266s attn_total=19.888s attn_encode=6.371s attn_wait=9.711s attn_drain=3.806s kernel_total=81.261s kernel_host=2.339s kernel_wait=6.492s kernel_drain=72.430s
[attn-split] single: calls=17577 total=15.511s encode=5.445s wait=6.261s drain=3.806s waits=30429 untimed=5892 | wide: calls=372 total=4.376s encode=0.926s wait=3.450s drain=0.000s waits=368 untimed=368 | hint: calls=17756 total=13.752s encode=0.039s wait=13.713s drain=0.000s waits=17684 untimed=17684
[kernel-split] single: calls=18494 total=74.458s encode=1.673s wait=0.860s drain=71.925s waits=19720 untimed=15501 | wide: calls=997 total=6.803s encode=0.666s wait=5.632s drain=0.505s waits=997 untimed=0
[kernel-sub] materialize=0.332s moe=7.635s precommit=72.211s rest=1.084s
[metal-cache] calls=24319 zero_copy_wraps=390 copies=0 cache_entries=187 bindless=true
 exempt
[stats] generated=194 elapsed=278.333s speed=0.6970 token/s (1.435 s/token) chunks=192 committed_rows=231 verify_tx=3 drafts=2/12 layer_passes=17856 expert_rows=21252 expert_tiles=18162
[verify-width] w1=0 w2=2 w3=0 w4=0 w5=0 w6=0 w7=0 w8+=1              (w1 share 0.0% of 3 transactions)
[opens] expert file opens=1025383 total=11.020s mean=0.011ms requested_bytes=7588320263360 (7588.3 GB)
[split-eta] chunks served hot=155388 dir_c=83913 dir_b=197063 primary=382891
[arrival] tiles=926 waves=2170 uncovered_wait=26.185s dispatch=7.599s
[retain] enabled=false cap_gb=8 layers=63..=92 consults=0 wanted=0 hits=0 inserts=0 served=0.0MB
[summer] enabled=false cap_gb=8 sample=16 consults=0 wanted=0 hits=0 hit_rate=0.0% misses=0 inserts=0 evictions=0 recycled=0 allocs=0 pin_skips=0 gated=0 ramp=2..50 bar=0 suppressed=0 wide_skips=0 served=0.0MB copied=0.0MB ssd_avoided=0.0GB live=0/0.0GB model=0 protected=0 declined=0 topup_suppressed=0 aged=0 into=0/0/0 pending=0
[mirror-split] internal=0 K3C=0 K3B=0 K3A=0  shares=0%/0%/0%/0%
[phases] mono=418615.966796 chunks=192 sequence=270.327s read_wait=0.170s bind_upload=1.591s attention_resident=18.475s expert_read_prefetch=143.295s expert_demand_read=86.949s expert_plan=13.937s expert_hint=0.001s expert_submit=0.001s expert_kernel=103.431s source_fence=0.001s tail_head_sync=3.039s layer_other=0.267s expert_read_gross=129.357s plan_hint=13.665s plan_sched=0.267s attn_total=19.979s attn_encode=6.410s attn_wait=9.737s attn_drain=3.832s kernel_total=81.606s kernel_host=2.348s kernel_wait=6.496s kernel_drain=72.762s
[attn-split] single: calls=17670 total=15.603s encode=5.484s wait=6.287s drain=3.832s waits=30590 untimed=5912 | wide: calls=372 total=4.376s encode=0.926s wait=3.450s drain=0.000s waits=368 untimed=368 | hint: calls=17848 total=13.817s encode=0.039s wait=13.778s drain=0.000s waits=17775 untimed=17775
[kernel-split] single: calls=18593 total=74.803s encode=1.682s wait=0.864s drain=72.257s waits=19827 untimed=15573 | wide: calls=997 total=6.803s encode=0.666s wait=5.632s drain=0.505s waits=997 untimed=0
[kernel-sub] materialize=0.332s moe=7.642s precommit=72.544s rest=1.088s
[metal-cache] calls=24418 zero_copy_wraps=390 copies=0 cache_entries=187 bindless=true
)
[stats] generated=195 elapsed=279.582s speed=0.6975 token/s (1.434 s/token) chunks=193 committed_rows=232 verify_tx=3 drafts=2/12 layer_passes=17949 expert_rows=21344 expert_tiles=18254
[verify-width] w1=0 w2=2 w3=0 w4=0 w5=0 w6=0 w7=0 w8+=1              (w1 share 0.0% of 3 transactions)
[opens] expert file opens=1030701 total=11.076s mean=0.011ms requested_bytes=7623599144128 (7623.6 GB)
[split-eta] chunks served hot=156162 dir_c=84315 dir_b=198035 primary=384764
[arrival] tiles=927 waves=2176 uncovered_wait=26.194s dispatch=7.606s
[retain] enabled=false cap_gb=8 layers=63..=92 consults=0 wanted=0 hits=0 inserts=0 served=0.0MB
[summer] enabled=false cap_gb=8 sample=16 consults=0 wanted=0 hits=0 hit_rate=0.0% misses=0 inserts=0 evictions=0 recycled=0 allocs=0 pin_skips=0 gated=0 ramp=2..50 bar=0 suppressed=0 wide_skips=0 served=0.0MB copied=0.0MB ssd_avoided=0.0GB live=0/0.0GB model=0 protected=0 declined=0 topup_suppressed=0 aged=0 into=0/0/0 pending=0
[mirror-split] internal=0 K3C=0 K3B=0 K3A=0  shares=0%/0%/0%/0%
[phases] mono=418617.215031 chunks=193 sequence=271.574s read_wait=0.170s bind_upload=1.591s attention_resident=18.546s expert_read_prefetch=144.081s expert_demand_read=87.426s expert_plan=14.003s expert_hint=0.001s expert_submit=0.001s expert_kernel=103.804s source_fence=0.001s tail_head_sync=3.056s layer_other=0.268s expert_read_gross=130.077s plan_hint=13.729s plan_sched=0.269s attn_total=20.050s attn_encode=6.434s attn_wait=9.764s attn_drain=3.852s kernel_total=81.969s kernel_host=2.356s kernel_wait=6.500s kernel_drain=73.113s
[attn-split] single: calls=17763 total=15.674s encode=5.508s wait=6.314s drain=3.852s waits=30751 untimed=5936 | wide: calls=372 total=4.376s encode=0.926s wait=3.450s drain=0.000s waits=368 untimed=368 | hint: calls=17940 total=13.881s encode=0.039s wait=13.842s drain=0.000s waits=17866 untimed=17866
[kernel-split] single: calls=18690 total=75.166s encode=1.690s wait=0.868s drain=72.608s waits=19930 untimed=15652 | wide: calls=997 total=6.803s encode=0.666s wait=5.632s drain=0.505s waits=997 untimed=0
[kernel-sub] materialize=0.332s moe=7.649s precommit=72.896s rest=1.092s
[metal-cache] calls=24515 zero_copy_wraps=390 copies=0 cache_entries=187 bindless=true
 |

[stats] generated=196 elapsed=280.874s speed=0.6978 token/s (1.433 s/token) chunks=194 committed_rows=233 verify_tx=3 drafts=2/12 layer_passes=18042 expert_rows=21436 expert_tiles=18346
[verify-width] w1=0 w2=2 w3=0 w4=0 w5=0 w6=0 w7=0 w8+=1              (w1 share 0.0% of 3 transactions)
[opens] expert file opens=1036233 total=11.135s mean=0.011ms requested_bytes=7660422216896 (7660.4 GB)
[split-eta] chunks served hot=156942 dir_c=84774 dir_b=199045 primary=386712
[arrival] tiles=928 waves=2182 uncovered_wait=26.203s dispatch=7.612s
[retain] enabled=false cap_gb=8 layers=63..=92 consults=0 wanted=0 hits=0 inserts=0 served=0.0MB
[summer] enabled=false cap_gb=8 sample=16 consults=0 wanted=0 hits=0 hit_rate=0.0% misses=0 inserts=0 evictions=0 recycled=0 allocs=0 pin_skips=0 gated=0 ramp=2..50 bar=0 suppressed=0 wide_skips=0 served=0.0MB copied=0.0MB ssd_avoided=0.0GB live=0/0.0GB model=0 protected=0 declined=0 topup_suppressed=0 aged=0 into=0/0/0 pending=0
[mirror-split] internal=0 K3C=0 K3B=0 K3A=0  shares=0%/0%/0%/0%
[phases] mono=418618.507271 chunks=194 sequence=272.866s read_wait=0.170s bind_upload=1.591s attention_resident=18.619s expert_read_prefetch=144.895s expert_demand_read=87.912s expert_plan=14.069s expert_hint=0.001s expert_submit=0.001s expert_kernel=104.190s source_fence=0.001s tail_head_sync=3.073s layer_other=0.269s expert_read_gross=130.826s plan_hint=13.795s plan_sched=0.270s attn_total=20.123s attn_encode=6.458s attn_wait=9.797s attn_drain=3.868s kernel_total=82.346s kernel_host=2.364s kernel_wait=6.503s kernel_drain=73.478s
[attn-split] single: calls=17856 total=15.747s encode=5.532s wait=6.347s drain=3.868s waits=30912 untimed=5966 | wide: calls=372 total=4.376s encode=0.926s wait=3.450s drain=0.000s waits=368 untimed=368 | hint: calls=18032 total=13.946s encode=0.039s wait=13.907s drain=0.000s waits=17957 untimed=17957
[kernel-split] single: calls=18787 total=75.543s encode=1.698s wait=0.871s drain=72.973s waits=20033 untimed=15729 | wide: calls=997 total=6.803s encode=0.666s wait=5.632s drain=0.505s waits=997 untimed=0
[kernel-sub] materialize=0.332s moe=7.654s precommit=73.263s rest=1.096s
[metal-cache] calls=24612 zero_copy_wraps=390 copies=0 cache_entries=187 bindless=true
|
[stats] generated=197 elapsed=282.201s speed=0.6981 token/s (1.432 s/token) chunks=195 committed_rows=234 verify_tx=3 drafts=2/12 layer_passes=18135 expert_rows=21528 expert_tiles=18438
[verify-width] w1=0 w2=2 w3=0 w4=0 w5=0 w6=0 w7=0 w8+=1              (w1 share 0.0% of 3 transactions)
[opens] expert file opens=1041838 total=11.195s mean=0.011ms requested_bytes=7697587371200 (7697.6 GB)
[split-eta] chunks served hot=157735 dir_c=85203 dir_b=200079 primary=388692
[arrival] tiles=929 waves=2187 uncovered_wait=26.212s dispatch=7.619s
[retain] enabled=false cap_gb=8 layers=63..=92 consults=0 wanted=0 hits=0 inserts=0 served=0.0MB
[summer] enabled=false cap_gb=8 sample=16 consults=0 wanted=0 hits=0 hit_rate=0.0% misses=0 inserts=0 evictions=0 recycled=0 allocs=0 pin_skips=0 gated=0 ramp=2..50 bar=0 suppressed=0 wide_skips=0 served=0.0MB copied=0.0MB ssd_avoided=0.0GB live=0/0.0GB model=0 protected=0 declined=0 topup_suppressed=0 aged=0 into=0/0/0 pending=0
[mirror-split] internal=0 K3C=0 K3B=0 K3A=0  shares=0%/0%/0%/0%
[phases] mono=418619.834155 chunks=195 sequence=274.191s read_wait=0.170s bind_upload=1.591s attention_resident=18.701s expert_read_prefetch=145.709s expert_demand_read=88.402s expert_plan=14.141s expert_hint=0.001s expert_submit=0.001s expert_kernel=104.603s source_fence=0.001s tail_head_sync=3.088s layer_other=0.270s expert_read_gross=131.567s plan_hint=13.866s plan_sched=0.271s attn_total=20.205s attn_encode=6.484s attn_wait=9.832s attn_drain=3.889s kernel_total=82.750s kernel_host=2.373s kernel_wait=6.509s kernel_drain=73.868s
[attn-split] single: calls=17949 total=15.828s encode=5.557s wait=6.382s drain=3.889s waits=31073 untimed=5995 | wide: calls=372 total=4.376s encode=0.926s wait=3.450s drain=0.000s waits=368 untimed=368 | hint: calls=18124 total=14.017s encode=0.039s wait=13.978s drain=0.000s waits=18048 untimed=18048
[kernel-split] single: calls=18883 total=75.947s encode=1.707s wait=0.876s drain=73.363s waits=20134 untimed=15809 | wide: calls=997 total=6.803s encode=0.666s wait=5.632s drain=0.505s waits=997 untimed=0
[kernel-sub] materialize=0.332s moe=7.662s precommit=73.655s rest=1.101s
[metal-cache] calls=24708 zero_copy_wraps=390 copies=0 cache_entries=187 bindless=true
 **
[stats] generated=198 elapsed=283.481s speed=0.6985 token/s (1.432 s/token) chunks=196 committed_rows=235 verify_tx=3 drafts=2/12 layer_passes=18228 expert_rows=21620 expert_tiles=18530
[verify-width] w1=0 w2=2 w3=0 w4=0 w5=0 w6=0 w7=0 w8+=1              (w1 share 0.0% of 3 transactions)
[opens] expert file opens=1047197 total=11.252s mean=0.011ms requested_bytes=7733436480704 (7733.4 GB)
[split-eta] chunks served hot=158495 dir_c=85620 dir_b=201067 primary=390613
[arrival] tiles=930 waves=2193 uncovered_wait=26.220s dispatch=7.628s
[retain] enabled=false cap_gb=8 layers=63..=92 consults=0 wanted=0 hits=0 inserts=0 served=0.0MB
[summer] enabled=false cap_gb=8 sample=16 consults=0 wanted=0 hits=0 hit_rate=0.0% misses=0 inserts=0 evictions=0 recycled=0 allocs=0 pin_skips=0 gated=0 ramp=2..50 bar=0 suppressed=0 wide_skips=0 served=0.0MB copied=0.0MB ssd_avoided=0.0GB live=0/0.0GB model=0 protected=0 declined=0 topup_suppressed=0 aged=0 into=0/0/0 pending=0
[mirror-split] internal=0 K3C=0 K3B=0 K3A=0  shares=0%/0%/0%/0%
[phases] mono=418621.113962 chunks=196 sequence=275.470s read_wait=0.170s bind_upload=1.591s attention_resident=18.793s expert_read_prefetch=146.447s expert_demand_read=88.844s expert_plan=14.217s expert_hint=0.001s expert_submit=0.001s expert_kernel=105.033s source_fence=0.001s tail_head_sync=3.105s layer_other=0.272s expert_read_gross=132.229s plan_hint=13.941s plan_sched=0.272s attn_total=20.297s attn_encode=6.525s attn_wait=9.864s attn_drain=3.908s kernel_total=83.172s kernel_host=2.382s kernel_wait=6.514s kernel_drain=74.276s
[attn-split] single: calls=18042 total=15.921s encode=5.598s wait=6.414s drain=3.908s waits=31234 untimed=6029 | wide: calls=372 total=4.376s encode=0.926s wait=3.450s drain=0.000s waits=368 untimed=368 | hint: calls=18216 total=14.092s encode=0.040s wait=14.053s drain=0.000s waits=18139 untimed=18139
[kernel-split] single: calls=18980 total=76.369s encode=1.716s wait=0.882s drain=73.771s waits=20237 untimed=15894 | wide: calls=997 total=6.803s encode=0.666s wait=5.632s drain=0.505s waits=997 untimed=0
[kernel-sub] materialize=0.332s moe=7.670s precommit=74.064s rest=1.105s
[metal-cache] calls=24805 zero_copy_wraps=390 copies=0 cache_entries=187 bindless=true
Compliance
[stats] generated=199 elapsed=284.754s speed=0.6988 token/s (1.431 s/token) chunks=197 committed_rows=236 verify_tx=3 drafts=2/12 layer_passes=18321 expert_rows=21712 expert_tiles=18622
[verify-width] w1=0 w2=2 w3=0 w4=0 w5=0 w6=0 w7=0 w8+=1              (w1 share 0.0% of 3 transactions)
[opens] expert file opens=1052525 total=11.312s mean=0.011ms requested_bytes=7769504988352 (7769.5 GB)
[split-eta] chunks served hot=159282 dir_c=86051 dir_b=202053 primary=392520
[arrival] tiles=931 waves=2201 uncovered_wait=26.231s dispatch=7.635s
[retain] enabled=false cap_gb=8 layers=63..=92 consults=0 wanted=0 hits=0 inserts=0 served=0.0MB
[summer] enabled=false cap_gb=8 sample=16 consults=0 wanted=0 hits=0 hit_rate=0.0% misses=0 inserts=0 evictions=0 recycled=0 allocs=0 pin_skips=0 gated=0 ramp=2..50 bar=0 suppressed=0 wide_skips=0 served=0.0MB copied=0.0MB ssd_avoided=0.0GB live=0/0.0GB model=0 protected=0 declined=0 topup_suppressed=0 aged=0 into=0/0/0 pending=0
[mirror-split] internal=0 K3C=0 K3B=0 K3A=0  shares=0%/0%/0%/0%
[phases] mono=418622.387275 chunks=197 sequence=276.742s read_wait=0.170s bind_upload=1.591s attention_resident=18.878s expert_read_prefetch=147.261s expert_demand_read=89.373s expert_plan=14.277s expert_hint=0.001s expert_submit=0.001s expert_kernel=105.388s source_fence=0.001s tail_head_sync=3.122s layer_other=0.273s expert_read_gross=132.984s plan_hint=13.999s plan_sched=0.273s attn_total=20.381s attn_encode=6.548s attn_wait=9.898s attn_drain=3.935s kernel_total=83.516s kernel_host=2.391s kernel_wait=6.518s kernel_drain=74.608s
[attn-split] single: calls=18135 total=16.005s encode=5.622s wait=6.448s drain=3.935s waits=31395 untimed=6073 | wide: calls=372 total=4.376s encode=0.926s wait=3.450s drain=0.000s waits=368 untimed=368 | hint: calls=18308 total=14.150s encode=0.040s wait=14.111s drain=0.000s waits=18230 untimed=18230
[kernel-split] single: calls=19079 total=76.713s encode=1.725s wait=0.886s drain=74.102s waits=20344 untimed=15979 | wide: calls=997 total=6.803s encode=0.666s wait=5.632s drain=0.505s waits=997 untimed=0
[kernel-sub] materialize=0.332s moe=7.677s precommit=74.397s rest=1.109s
[metal-cache] calls=24904 zero_copy_wraps=390 copies=0 cache_entries=187 bindless=true
 Bur
[stats] generated=200 elapsed=285.989s speed=0.6993 token/s (1.430 s/token) chunks=198 committed_rows=237 verify_tx=3 drafts=2/12 layer_passes=18414 expert_rows=21804 expert_tiles=18714
[verify-width] w1=0 w2=2 w3=0 w4=0 w5=0 w6=0 w7=0 w8+=1              (w1 share 0.0% of 3 transactions)
[opens] expert file opens=1057775 total=11.368s mean=0.011ms requested_bytes=7803976662208 (7804.0 GB)
[split-eta] chunks served hot=160007 dir_c=86425 dir_b=203020 primary=394383
[arrival] tiles=932 waves=2209 uncovered_wait=26.242s dispatch=7.642s
[retain] enabled=false cap_gb=8 layers=63..=92 consults=0 wanted=0 hits=0 inserts=0 served=0.0MB
[summer] enabled=false cap_gb=8 sample=16 consults=0 wanted=0 hits=0 hit_rate=0.0% misses=0 inserts=0 evictions=0 recycled=0 allocs=0 pin_skips=0 gated=0 ramp=2..50 bar=0 suppressed=0 wide_skips=0 served=0.0MB copied=0.0MB ssd_avoided=0.0GB live=0/0.0GB model=0 protected=0 declined=0 topup_suppressed=0 aged=0 into=0/0/0 pending=0
[mirror-split] internal=0 K3C=0 K3B=0 K3A=0  shares=0%/0%/0%/0%
[phases] mono=418623.622611 chunks=198 sequence=277.976s read_wait=0.170s bind_upload=1.591s attention_resident=18.944s expert_read_prefetch=148.044s expert_demand_read=89.864s expert_plan=14.344s expert_hint=0.001s expert_submit=0.001s expert_kernel=105.756s source_fence=0.001s tail_head_sync=3.138s layer_other=0.274s expert_read_gross=133.700s plan_hint=14.065s plan_sched=0.274s attn_total=20.447s attn_encode=6.568s attn_wait=9.929s attn_drain=3.949s kernel_total=83.873s kernel_host=2.399s kernel_wait=6.522s kernel_drain=74.952s
[attn-split] single: calls=18228 total=16.070s encode=5.642s wait=6.479s drain=3.949s waits=31556 untimed=6105 | wide: calls=372 total=4.376s encode=0.926s wait=3.450s drain=0.000s waits=368 untimed=368 | hint: calls=18400 total=14.217s encode=0.040s wait=14.177s drain=0.000s waits=18321 untimed=18321
[kernel-split] single: calls=19178 total=77.070s encode=1.733s wait=0.890s drain=74.447s waits=20451 untimed=16060 | wide: calls=997 total=6.803s encode=0.666s wait=5.632s drain=0.505s waits=997 untimed=0
[kernel-sub] materialize=0.332s moe=7.684s precommit=74.743s rest=1.113s
[metal-cache] calls=25003 zero_copy_wraps=390 copies=0 cache_entries=187 bindless=true

[native] Qwen proposals=3 tokens=2/12 fallbacks=0 verify-memory-rejections=0 wide-loads=0 wide-invocations=0 wide-skips=1 wide-failures=0 raw-overrides=0 raw-override-failures=0
WALL_SECONDS=293
