ARM G10_ON START 14:11:46 overrides: K3_QWEN_ALLOW_CHAT=1 K3_CHAT_THINKING=0 tokens=200 chat=1 pressure_gb=60 prompt=[Explain what a Mixture-of-Experts model is and why it is hard to run on a laptop.]
[config] resolved: surface=DirectRun device=Auto spine=Auto spine_read_threads=auto spine_fd_cache=auto spine_stream_nocache=auto expert_stream_nocache=auto spine_resident_bytes=16000000000 provider_resident_layers=93 expert_read_threads=64 expert_prefetch_threads=12 expert_backend=Auto expert_scale4=Auto expert_pin_bytes=0 expert_heat=true expert_overlays=[hot=/Volumes/Green/serve-b-green:18017files dir_b=/Volumes/White/k3-experts-b:36018files dir_c=/Volumes/Yellow/serve3-green:15287files] pilot_gate=Off pilot_gate_threshold=0.1 pilot_gate_warmup=16 quality=QualityPolicy { target_authority: FullK3, routed_experts: 16, activation_precision: Fp32, resident_weights: QuantizedInt8 } dspark=Off dspark_max_context=8192 dspark_min_auto_speedup=0.03 dspark_miss_tolerance=1 dspark_max_drafts=7 qwen=On reasoning_effort=default router_trace_mode=Off router_trace_path=none chat=true stats=true layer_profile=false max_new=200
[residency] residency set created
[residency] queue attached (1 queues)
[native] exact scale4-v2 expert storage unavailable (inspect scale4 manifest $K3_DIR/deltafin-root-local/k3-experts-scale4/scale4-manifest.json: No such file or directory (os error 2)); using raw-v1
[native] expert hot tier enabled: /Volumes/Green/serve-b-green (probed before $K3_DIR/deltafin-root-local/k3-experts)
[native] expert volume B enabled: /Volumes/White/k3-experts-b (probed after hot, before $K3_DIR/deltafin-root-local/k3-experts)
[native] expert volume C enabled: /Volumes/Yellow/serve3-green (probed before hot and $K3_DIR/deltafin-root-local/k3-experts)
[native] host=macos/aarch64 device=mps experts=metal/raw-v1 root=$K3_DIR/deltafin-root-local spine=loose-deferred representation=quantized-int8 (non-weight-exact) layers=93 globals=2 resident=93/93 (50.74 GiB) transient=0.00 GiB readers=spine:4t/expert:64t/prefetch:12t spine-fdcache=0/0fd cpu-expert:4t router-trace=false lazy-missing=0 LibTorch=2.13.0
[native] optional Qwen: state=qwen3-0.6b model+KV-reserve=4.91 GiB verify-reserve=0.00 GiB/9 positions admitted-context=4389 tokens startup-error=none
[native] context cache: initial=16 tokens/45.00 MiB, growth=2.81 MiB per capacity token, startup reserve=256 tokens/832.03 MiB, exact-expanded cap=4369 / model contract=1048576 tokens (live peak admission required beyond reserve)
[native] verify snapshots: 452.81 MiB per candidate boundary, width 1..=64 (fresh peak admission; otherwise ordinary exact decode)
[native] native target structure ready (all 16 routed experts; physical real-weight sequence parity not yet recorded for this backend/representation)
[native] expert arena: slots=1 prefetch_slots=128
[native] probe-order: dir_c_first
[native] mirror-cost: rated
[native] mirror: enabled=false mode=0 internal_cost_us=1502 enclosure_cost_us=948 bias=internal:1.00,K3C:1.00,K3B:1.00,K3A:1.00 outstanding=0/0/0/0
[native] retain: enabled=false cap_gb=8 layers=63..=92
[native] summer: enabled=false cap_gb=8 policy=lfru sample=16
[native] expert heat: weight=11837 passes recording=true; pin tier: candidates=0 charged=0.00 GiB
[spine-fp32] execution arena DISABLED (K3_SPINE_FP32_ARENA=0)
[residency] queue attached (2 queues)
[residency] 1 allocations, 1.09 GiB pinned
[residency] 2 allocations, 1.10 GiB pinned
[residency] 4 allocations, 1.70 GiB pinned
[residency] 8 allocations, 3.89 GiB pinned
[residency] 16 allocations, 8.27 GiB pinned
[residency] 32 allocations, 16.05 GiB pinned
[residency] 64 allocations, 32.99 GiB pinned
A
[stats] generated=1 elapsed=37.519s speed=0.0267 token/s (37.519 s/token) chunks=1 committed_rows=42 verify_tx=0 drafts=0/0 layer_passes=93 expert_rows=3864 expert_tiles=640
[opens] expert file opens=225 total=0.010s mean=0.045ms requested_bytes=708980636864 (709.0 GB)
[arrival] tiles=640 waves=688 uncovered_wait=27.921s dispatch=4.925s
[retain] enabled=false cap_gb=8 layers=63..=92 consults=0 wanted=0 hits=0 inserts=0 served=0.0MB
[summer] enabled=false cap_gb=8 sample=16 consults=0 wanted=0 hits=0 hit_rate=0.0% misses=0 inserts=0 evictions=0 recycled=0 allocs=0 pin_skips=0 gated=0 ramp=2..50 bar=0 suppressed=0 wide_skips=0 served=0.0MB copied=0.0MB ssd_avoided=0.0GB live=0/0.0GB model=0 protected=0 declined=0 topup_suppressed=0 aged=0 into=0/0/0 pending=0
[mirror-split] internal=0 K3C=0 K3B=0 K3A=0  shares=0%/0%/0%/0%
[phases] mono=359305.783775 chunks=1 sequence=37.516s read_wait=0.171s bind_upload=1.522s attention_resident=2.504s expert_read_prefetch=0.384s expert_demand_read=0.000s expert_plan=0.000s expert_hint=0.000s expert_submit=0.000s expert_kernel=32.849s source_fence=0.000s tail_head_sync=0.016s layer_other=0.038s expert_read_gross=0.384s plan_hint=0.000s plan_sched=0.000s attn_total=2.503s attn_encode=0.605s attn_wait=1.898s attn_drain=0.000s kernel_total=4.921s kernel_host=0.240s kernel_wait=4.312s kernel_drain=0.369s
[attn-split] single: calls=0 total=0.000s encode=0.000s wait=0.000s drain=0.000s waits=0 untimed=0 | wide: calls=93 total=2.503s encode=0.605s wait=1.898s drain=0.000s waits=92 untimed=92 | hint: calls=92 total=0.000s encode=0.000s wait=0.000s drain=0.000s waits=0 untimed=0
[kernel-split] single: calls=56 total=0.047s encode=0.009s wait=0.016s drain=0.021s waits=56 untimed=0 | wide: calls=632 total=4.874s encode=0.231s wait=4.295s drain=0.348s waits=632 untimed=0
[kernel-sub] materialize=0.080s moe=4.728s precommit=0.000s rest=0.112s
[metal-cache] calls=3912 zero_copy_wraps=184 copies=0 cache_entries=64 bindless=true
[residency] queue attached (3 queues)
[route-chain] chained=1
[route-chain] dedup_hits=1
 **
[stats] generated=2 elapsed=43.245s speed=0.0462 token/s (21.623 s/token) chunks=2 committed_rows=43 verify_tx=1 drafts=0/2 layer_passes=186 expert_rows=3956 expert_tiles=732
[verify-width] w1=0 w2=1 w3=0 w4=0 w5=0 w6=0 w7=0 w8+=0              (w1 share 0.0% of 1 transactions)
[opens] expert file opens=10536 total=0.145s mean=0.014ms requested_bytes=811790171328 (811.8 GB)
[arrival] tiles=671 waves=753 uncovered_wait=28.277s dispatch=5.115s
[retain] enabled=false cap_gb=8 layers=63..=92 consults=0 wanted=0 hits=0 inserts=0 served=0.0MB
[summer] enabled=false cap_gb=8 sample=16 consults=0 wanted=0 hits=0 hit_rate=0.0% misses=0 inserts=0 evictions=0 recycled=0 allocs=0 pin_skips=0 gated=0 ramp=2..50 bar=0 suppressed=0 wide_skips=0 served=0.0MB copied=0.0MB ssd_avoided=0.0GB live=0/0.0GB model=0 protected=0 declined=0 topup_suppressed=0 aged=0 into=0/0/0 pending=0
[mirror-split] internal=0 K3C=0 K3B=0 K3A=0  shares=0%/0%/0%/0%
[phases] mono=359311.510470 chunks=2 sequence=39.459s read_wait=0.171s bind_upload=1.522s attention_resident=2.677s expert_read_prefetch=1.783s expert_demand_read=0.850s expert_plan=0.076s expert_hint=0.000s expert_submit=0.000s expert_kernel=33.203s source_fence=0.000s tail_head_sync=0.030s layer_other=0.040s expert_read_gross=1.707s plan_hint=0.075s plan_sched=0.001s attn_total=3.242s attn_encode=0.868s attn_wait=2.341s attn_drain=0.033s kernel_total=5.803s kernel_host=0.363s kernel_wait=4.674s kernel_drain=0.766s
[attn-split] single: calls=93 total=0.173s encode=0.118s wait=0.022s drain=0.033s waits=161 untimed=15 | wide: calls=186 total=3.069s encode=0.750s wait=2.319s drain=0.000s waits=184 untimed=184 | hint: calls=276 total=0.165s encode=0.001s wait=0.165s drain=0.000s waits=248 untimed=248
[kernel-split] single: calls=154 total=0.389s encode=0.018s wait=0.021s drain=0.350s waits=161 untimed=85 | wide: calls=752 total=5.414s encode=0.345s wait=4.653s drain=0.416s waits=752 untimed=0
[kernel-sub] materialize=0.133s moe=5.167s precommit=0.330s rest=0.172s
[metal-cache] calls=4370 zero_copy_wraps=264 copies=0 cache_entries=144 bindless=true
Mix
[stats] generated=3 elapsed=45.158s speed=0.0664 token/s (15.053 s/token) chunks=3 committed_rows=44 verify_tx=1 drafts=0/2 layer_passes=279 expert_rows=4048 expert_tiles=824
[verify-width] w1=0 w2=1 w3=0 w4=0 w5=0 w6=0 w7=0 w8+=0              (w1 share 0.0% of 1 transactions)
[opens] expert file opens=14381 total=0.193s mean=0.013ms requested_bytes=845498563776 (845.5 GB)
[arrival] tiles=672 waves=760 uncovered_wait=28.286s dispatch=5.123s
[retain] enabled=false cap_gb=8 layers=63..=92 consults=0 wanted=0 hits=0 inserts=0 served=0.0MB
[summer] enabled=false cap_gb=8 sample=16 consults=0 wanted=0 hits=0 hit_rate=0.0% misses=0 inserts=0 evictions=0 recycled=0 allocs=0 pin_skips=0 gated=0 ramp=2..50 bar=0 suppressed=0 wide_skips=0 served=0.0MB copied=0.0MB ssd_avoided=0.0GB live=0/0.0GB model=0 protected=0 declined=0 topup_suppressed=0 aged=0 into=0/0/0 pending=0
[mirror-split] internal=0 K3C=0 K3B=0 K3A=0  shares=0%/0%/0%/0%
[phases] mono=359313.422832 chunks=3 sequence=41.370s read_wait=0.171s bind_upload=1.522s attention_resident=2.760s expert_read_prefetch=3.225s expert_demand_read=1.724s expert_plan=0.149s expert_hint=0.000s expert_submit=0.000s expert_kernel=33.575s source_fence=0.000s tail_head_sync=0.044s layer_other=0.041s expert_read_gross=3.076s plan_hint=0.147s plan_sched=0.002s attn_total=3.325s attn_encode=0.898s attn_wait=2.365s attn_drain=0.061s kernel_total=6.165s kernel_host=0.372s kernel_wait=4.679s kernel_drain=1.114s
[attn-split] single: calls=186 total=0.256s encode=0.148s wait=0.047s drain=0.061s waits=322 untimed=32 | wide: calls=186 total=3.069s encode=0.750s wait=2.319s drain=0.000s waits=184 untimed=184 | hint: calls=368 total=0.237s encode=0.001s wait=0.236s drain=0.000s waits=339 untimed=339
[kernel-split] single: calls=252 total=0.751s encode=0.027s wait=0.025s drain=0.699s waits=266 untimed=165 | wide: calls=752 total=5.414s encode=0.345s wait=4.653s drain=0.416s waits=752 untimed=0
[kernel-sub] materialize=0.133s moe=5.175s precommit=0.680s rest=0.177s
[metal-cache] calls=4468 zero_copy_wraps=264 copies=0 cache_entries=144 bindless=true
ture
[stats] generated=4 elapsed=47.017s speed=0.0851 token/s (11.754 s/token) chunks=4 committed_rows=45 verify_tx=1 drafts=0/2 layer_passes=372 expert_rows=4140 expert_tiles=916
[verify-width] w1=0 w2=1 w3=0 w4=0 w5=0 w6=0 w7=0 w8+=0              (w1 share 0.0% of 1 transactions)
[opens] expert file opens=18226 total=0.242s mean=0.013ms requested_bytes=879215721664 (879.2 GB)
[arrival] tiles=673 waves=768 uncovered_wait=28.303s dispatch=5.136s
[retain] enabled=false cap_gb=8 layers=63..=92 consults=0 wanted=0 hits=0 inserts=0 served=0.0MB
[summer] enabled=false cap_gb=8 sample=16 consults=0 wanted=0 hits=0 hit_rate=0.0% misses=0 inserts=0 evictions=0 recycled=0 allocs=0 pin_skips=0 gated=0 ramp=2..50 bar=0 suppressed=0 wide_skips=0 served=0.0MB copied=0.0MB ssd_avoided=0.0GB live=0/0.0GB model=0 protected=0 declined=0 topup_suppressed=0 aged=0 into=0/0/0 pending=0
[mirror-split] internal=0 K3C=0 K3B=0 K3A=0  shares=0%/0%/0%/0%
[phases] mono=359315.281992 chunks=4 sequence=43.228s read_wait=0.171s bind_upload=1.522s attention_resident=2.843s expert_read_prefetch=4.582s expert_demand_read=2.535s expert_plan=0.226s expert_hint=0.000s expert_submit=0.000s expert_kernel=33.976s source_fence=0.000s tail_head_sync=0.059s layer_other=0.042s expert_read_gross=4.356s plan_hint=0.223s plan_sched=0.003s attn_total=3.408s attn_encode=0.928s attn_wait=2.405s attn_drain=0.075s kernel_total=6.549s kernel_host=0.383s kernel_wait=4.685s kernel_drain=1.481s
[attn-split] single: calls=279 total=0.339s encode=0.178s wait=0.086s drain=0.075s waits=483 untimed=54 | wide: calls=186 total=3.069s encode=0.750s wait=2.319s drain=0.000s waits=184 untimed=184 | hint: calls=460 total=0.313s encode=0.001s wait=0.312s drain=0.000s waits=430 untimed=430
[kernel-split] single: calls=351 total=1.135s encode=0.038s wait=0.031s drain=1.065s waits=373 untimed=239 | wide: calls=752 total=5.414s encode=0.345s wait=4.653s drain=0.416s waits=752 untimed=0
[kernel-sub] materialize=0.133s moe=5.188s precommit=1.046s rest=0.182s
[metal-cache] calls=4567 zero_copy_wraps=264 copies=0 cache_entries=144 bindless=true
-of
[stats] generated=5 elapsed=48.526s speed=0.1030 token/s (9.705 s/token) chunks=5 committed_rows=46 verify_tx=1 drafts=0/2 layer_passes=465 expert_rows=4232 expert_tiles=1008
[verify-width] w1=0 w2=1 w3=0 w4=0 w5=0 w6=0 w7=0 w8+=0              (w1 share 0.0% of 1 transactions)
[opens] expert file opens=22212 total=0.295s mean=0.013ms requested_bytes=914169920704 (914.2 GB)
[arrival] tiles=674 waves=771 uncovered_wait=28.310s dispatch=5.145s
[retain] enabled=false cap_gb=8 layers=63..=92 consults=0 wanted=0 hits=0 inserts=0 served=0.0MB
[summer] enabled=false cap_gb=8 sample=16 consults=0 wanted=0 hits=0 hit_rate=0.0% misses=0 inserts=0 evictions=0 recycled=0 allocs=0 pin_skips=0 gated=0 ramp=2..50 bar=0 suppressed=0 wide_skips=0 served=0.0MB copied=0.0MB ssd_avoided=0.0GB live=0/0.0GB model=0 protected=0 declined=0 topup_suppressed=0 aged=0 into=0/0/0 pending=0
[mirror-split] internal=0 K3C=0 K3B=0 K3A=0  shares=0%/0%/0%/0%
[phases] mono=359316.790592 chunks=5 sequence=44.736s read_wait=0.171s bind_upload=1.522s attention_resident=2.924s expert_read_prefetch=5.641s expert_demand_read=3.164s expert_plan=0.299s expert_hint=0.000s expert_submit=0.000s expert_kernel=34.324s source_fence=0.000s tail_head_sync=0.076s layer_other=0.044s expert_read_gross=5.342s plan_hint=0.294s plan_sched=0.004s attn_total=3.489s attn_encode=0.952s attn_wait=2.446s attn_drain=0.091s kernel_total=6.890s kernel_host=0.393s kernel_wait=4.689s kernel_drain=1.809s
[attn-split] single: calls=372 total=0.420s encode=0.202s wait=0.127s drain=0.091s waits=644 untimed=88 | wide: calls=186 total=3.069s encode=0.750s wait=2.319s drain=0.000s waits=184 untimed=184 | hint: calls=552 total=0.384s encode=0.001s wait=0.383s drain=0.000s waits=521 untimed=521
[kernel-split] single: calls=445 total=1.475s encode=0.048s wait=0.035s drain=1.393s waits=470 untimed=316 | wide: calls=752 total=5.414s encode=0.345s wait=4.653s drain=0.416s waits=752 untimed=0
[kernel-sub] materialize=0.133s moe=5.196s precommit=1.374s rest=0.186s
[metal-cache] calls=4661 zero_copy_wraps=264 copies=0 cache_entries=144 bindless=true
-Experts (
[stats] generated=8 elapsed=51.872s speed=0.1542 token/s (6.484 s/token) chunks=6 committed_rows=49 verify_tx=2 drafts=2/4 layer_passes=558 expert_rows=4508 expert_tiles=1100
[verify-width] w1=0 w2=2 w3=0 w4=0 w5=0 w6=0 w7=0 w8+=0              (w1 share 0.0% of 2 transactions)
[opens] expert file opens=29074 total=0.388s mean=0.013ms requested_bytes=984315231424 (984.3 GB)
[arrival] tiles=700 waves=822 uncovered_wait=28.481s dispatch=5.317s
[retain] enabled=false cap_gb=8 layers=63..=92 consults=0 wanted=0 hits=0 inserts=0 served=0.0MB
[summer] enabled=false cap_gb=8 sample=16 consults=0 wanted=0 hits=0 hit_rate=0.0% misses=0 inserts=0 evictions=0 recycled=0 allocs=0 pin_skips=0 gated=0 ramp=2..50 bar=0 suppressed=0 wide_skips=0 served=0.0MB copied=0.0MB ssd_avoided=0.0GB live=0/0.0GB model=0 protected=0 declined=0 topup_suppressed=0 aged=0 into=0/0/0 pending=0
[mirror-split] internal=0 K3C=0 K3B=0 K3A=0  shares=0%/0%/0%/0%
[phases] mono=359320.137325 chunks=6 sequence=48.039s read_wait=0.171s bind_upload=1.522s attention_resident=3.424s expert_read_prefetch=7.734s expert_demand_read=4.691s expert_plan=0.376s expert_hint=0.000s expert_submit=0.000s expert_kernel=35.015s source_fence=0.000s tail_head_sync=0.093s layer_other=0.046s expert_read_gross=7.359s plan_hint=0.369s plan_sched=0.006s attn_total=3.988s attn_encode=1.057s attn_wait=2.840s attn_drain=0.091s kernel_total=7.409s kernel_host=0.529s kernel_wait=5.009s kernel_drain=1.871s
[attn-split] single: calls=372 total=0.420s encode=0.202s wait=0.127s drain=0.091s waits=644 untimed=88 | wide: calls=279 total=3.568s encode=0.855s wait=2.713s drain=0.000s waits=276 untimed=276 | hint: calls=644 total=0.459s encode=0.002s wait=0.458s drain=0.000s waits=684 untimed=684
[kernel-split] single: calls=445 total=1.475s encode=0.048s wait=0.035s drain=1.393s waits=470 untimed=316 | wide: calls=869 total=5.933s encode=0.481s wait=4.974s drain=0.478s waits=869 untimed=0
[kernel-sub] materialize=0.204s moe=5.583s precommit=1.374s rest=0.247s
[metal-cache] calls=5012 zero_copy_wraps=264 copies=0 cache_entries=144 bindless=true
MoE)** model is a neural
[stats] generated=15 elapsed=58.143s speed=0.2580 token/s (3.876 s/token) chunks=7 committed_rows=56 verify_tx=3 drafts=8/12 layer_passes=651 expert_rows=5336 expert_tiles=1192
[verify-width] w1=0 w2=2 w3=0 w4=0 w5=0 w6=0 w7=0 w8+=1              (w1 share 0.0% of 3 transactions)
[opens] expert file opens=34970 total=0.506s mean=0.014ms requested_bytes=1111936498880 (1111.9 GB)
[arrival] tiles=788 waves=997 uncovered_wait=31.634s dispatch=6.447s
[retain] enabled=false cap_gb=8 layers=63..=92 consults=0 wanted=0 hits=0 inserts=0 served=0.0MB
[summer] enabled=false cap_gb=8 sample=16 consults=0 wanted=0 hits=0 hit_rate=0.0% misses=0 inserts=0 evictions=0 recycled=0 allocs=0 pin_skips=0 gated=0 ramp=2..50 bar=0 suppressed=0 wide_skips=0 served=0.0MB copied=0.0MB ssd_avoided=0.0GB live=0/0.0GB model=0 protected=0 declined=0 topup_suppressed=0 aged=0 into=0/0/0 pending=0
[mirror-split] internal=0 K3C=0 K3B=0 K3A=0  shares=0%/0%/0%/0%
[phases] mono=359326.408283 chunks=7 sequence=54.192s read_wait=0.171s bind_upload=1.522s attention_resident=4.550s expert_read_prefetch=8.418s expert_demand_read=5.046s expert_plan=0.461s expert_hint=0.000s expert_submit=0.000s expert_kernel=39.331s source_fence=0.000s tail_head_sync=0.114s layer_other=0.052s expert_read_gross=7.957s plan_hint=0.448s plan_sched=0.012s attn_total=5.114s attn_encode=1.206s attn_wait=3.817s attn_drain=0.091s kernel_total=8.570s kernel_host=0.735s kernel_wait=5.874s kernel_drain=1.961s
[attn-split] single: calls=372 total=0.420s encode=0.202s wait=0.127s drain=0.091s waits=644 untimed=88 | wide: calls=372 total=4.694s encode=1.004s wait=3.690s drain=0.000s waits=368 untimed=368 | hint: calls=736 total=0.538s encode=0.003s wait=0.535s drain=0.000s waits=865 untimed=865
[kernel-split] single: calls=445 total=1.475s encode=0.048s wait=0.035s drain=1.393s waits=470 untimed=316 | wide: calls=1048 total=7.095s encode=0.688s wait=5.839s drain=0.568s waits=1048 untimed=0
[kernel-sub] materialize=0.326s moe=6.550s precommit=1.374s rest=0.319s
[metal-cache] calls=6623 zero_copy_wraps=450 copies=0 cache_entries=186 bindless=true
 network
[stats] generated=16 elapsed=65.673s speed=0.2436 token/s (4.105 s/token) chunks=8 committed_rows=57 verify_tx=4 drafts=8/20 layer_passes=744 expert_rows=5428 expert_tiles=1284
[verify-width] w1=0 w2=2 w3=0 w4=0 w5=0 w6=0 w7=0 w8+=2              (w1 share 0.0% of 4 transactions)
[opens] expert file opens=44835 total=0.693s mean=0.015ms requested_bytes=1275134885056 (1275.1 GB)
[arrival] tiles=874 waves=1172 uncovered_wait=34.873s dispatch=7.515s
[retain] enabled=false cap_gb=8 layers=63..=92 consults=0 wanted=0 hits=0 inserts=0 served=0.0MB
[summer] enabled=false cap_gb=8 sample=16 consults=0 wanted=0 hits=0 hit_rate=0.0% misses=0 inserts=0 evictions=0 recycled=0 allocs=0 pin_skips=0 gated=0 ramp=2..50 bar=0 suppressed=0 wide_skips=0 served=0.0MB copied=0.0MB ssd_avoided=0.0GB live=0/0.0GB model=0 protected=0 declined=0 topup_suppressed=0 aged=0 into=0/0/0 pending=0
[mirror-split] internal=0 K3C=0 K3B=0 K3A=0  shares=0%/0%/0%/0%
[phases] mono=359333.938307 chunks=8 sequence=55.643s read_wait=0.171s bind_upload=1.522s attention_resident=4.823s expert_read_prefetch=9.301s expert_demand_read=5.614s expert_plan=0.515s expert_hint=0.000s expert_submit=0.000s expert_kernel=39.611s source_fence=0.000s tail_head_sync=0.128s layer_other=0.054s expert_read_gross=8.786s plan_hint=0.501s plan_sched=0.014s attn_total=6.440s attn_encode=1.352s attn_wait=4.954s attn_drain=0.134s kernel_total=9.964s kernel_host=0.968s kernel_wait=6.688s kernel_drain=2.307s
[attn-split] single: calls=465 total=0.692s encode=0.265s wait=0.292s drain=0.134s waits=805 untimed=161 | wide: calls=465 total=5.748s encode=1.087s wait=4.661s drain=0.000s waits=460 untimed=460 | hint: calls=920 total=0.681s encode=0.004s wait=0.677s drain=0.000s waits=1137 untimed=1137
[kernel-split] single: calls=542 total=1.746s encode=0.059s wait=0.040s drain=1.647s waits=573 untimed=388 | wide: calls=1224 total=8.218s encode=0.909s wait=6.648s drain=0.660s waits=1224 untimed=0
[kernel-sub] materialize=0.462s moe=7.471s precommit=1.634s rest=0.397s
[metal-cache] calls=8304 zero_copy_wraps=656 copies=0 cache_entries=206 bindless=true
 architecture that replaces
[stats] generated=19 elapsed=68.542s speed=0.2772 token/s (3.607 s/token) chunks=9 committed_rows=60 verify_tx=5 drafts=10/22 layer_passes=837 expert_rows=5704 expert_tiles=1376
[verify-width] w1=0 w2=3 w3=0 w4=0 w5=0 w6=0 w7=0 w8+=2              (w1 share 0.0% of 5 transactions)
[opens] expert file opens=51167 total=0.782s mean=0.015ms requested_bytes=1339673836736 (1339.7 GB)
[arrival] tiles=896 waves=1215 uncovered_wait=35.078s dispatch=7.642s
[retain] enabled=false cap_gb=8 layers=63..=92 consults=0 wanted=0 hits=0 inserts=0 served=0.0MB
[summer] enabled=false cap_gb=8 sample=16 consults=0 wanted=0 hits=0 hit_rate=0.0% misses=0 inserts=0 evictions=0 recycled=0 allocs=0 pin_skips=0 gated=0 ramp=2..50 bar=0 suppressed=0 wide_skips=0 served=0.0MB copied=0.0MB ssd_avoided=0.0GB live=0/0.0GB model=0 protected=0 declined=0 topup_suppressed=0 aged=0 into=0/0/0 pending=0
[mirror-split] internal=0 K3C=0 K3B=0 K3A=0  shares=0%/0%/0%/0%
[phases] mono=359336.807289 chunks=9 sequence=58.466s read_wait=0.171s bind_upload=1.522s attention_resident=5.337s expert_read_prefetch=10.891s expert_demand_read=6.691s expert_plan=0.579s expert_hint=0.000s expert_submit=0.000s expert_kernel=40.312s source_fence=0.000s tail_head_sync=0.143s layer_other=0.056s expert_read_gross=10.312s plan_hint=0.563s plan_sched=0.015s attn_total=6.954s attn_encode=1.462s attn_wait=5.358s attn_drain=0.134s kernel_total=10.460s kernel_host=1.077s kernel_wait=7.012s kernel_drain=2.371s
[attn-split] single: calls=465 total=0.692s encode=0.265s wait=0.292s drain=0.134s waits=805 untimed=161 | wide: calls=558 total=6.262s encode=1.197s wait=5.065s drain=0.000s waits=552 untimed=552 | hint: calls=1012 total=0.743s encode=0.004s wait=0.739s drain=0.000s waits=1273 untimed=1273
[kernel-split] single: calls=542 total=1.746s encode=0.059s wait=0.040s drain=1.647s waits=573 untimed=388 | wide: calls=1337 total=8.714s encode=1.018s wait=6.972s drain=0.724s waits=1337 untimed=0
[kernel-sub] materialize=0.513s moe=7.863s precommit=1.634s rest=0.450s
[metal-cache] calls=8643 zero_copy_wraps=656 copies=0 cache_entries=206 bindless=true
 dense
[stats] generated=20 elapsed=74.486s speed=0.2685 token/s (3.724 s/token) chunks=10 committed_rows=61 verify_tx=6 drafts=10/24 layer_passes=930 expert_rows=5796 expert_tiles=1468
[verify-width] w1=0 w2=4 w3=0 w4=0 w5=0 w6=0 w7=0 w8+=2              (w1 share 0.0% of 6 transactions)
[opens] expert file opens=61295 total=0.968s mean=0.016ms requested_bytes=1438745885888 (1438.7 GB)
[arrival] tiles=922 waves=1272 uncovered_wait=35.234s dispatch=7.777s
[retain] enabled=false cap_gb=8 layers=63..=92 consults=0 wanted=0 hits=0 inserts=0 served=0.0MB
[summer] enabled=false cap_gb=8 sample=16 consults=0 wanted=0 hits=0 hit_rate=0.0% misses=0 inserts=0 evictions=0 recycled=0 allocs=0 pin_skips=0 gated=0 ramp=2..50 bar=0 suppressed=0 wide_skips=0 served=0.0MB copied=0.0MB ssd_avoided=0.0GB live=0/0.0GB model=0 protected=0 declined=0 topup_suppressed=0 aged=0 into=0/0/0 pending=0
[mirror-split] internal=0 K3C=0 K3B=0 K3A=0  shares=0%/0%/0%/0%
[phases] mono=359342.751040 chunks=10 sequence=59.912s read_wait=0.171s bind_upload=1.522s attention_resident=5.578s expert_read_prefetch=11.834s expert_demand_read=7.267s expert_plan=0.629s expert_hint=0.000s expert_submit=0.000s expert_kernel=40.559s source_fence=0.000s tail_head_sync=0.156s layer_other=0.058s expert_read_gross=11.205s plan_hint=0.612s plan_sched=0.017s attn_total=7.637s attn_encode=1.591s attn_wait=5.877s attn_drain=0.170s kernel_total=11.153s kernel_host=1.198s kernel_wait=7.313s kernel_drain=2.642s
[attn-split] single: calls=558 total=0.933s encode=0.335s wait=0.429s drain=0.170s waits=966 untimed=229 | wide: calls=651 total=6.704s encode=1.256s wait=5.448s drain=0.000s waits=644 untimed=644 | hint: calls=1196 total=0.848s encode=0.005s wait=0.843s drain=0.000s waits=1503 untimed=1503
[kernel-split] single: calls=641 total=1.984s encode=0.071s wait=0.045s drain=1.868s waits=680 untimed=457 | wide: calls=1453 total=9.169s encode=1.126s wait=7.268s drain=0.775s waits=1453 untimed=0
[kernel-sub] materialize=0.567s moe=8.222s precommit=1.859s rest=0.506s
[metal-cache] calls=9090 zero_copy_wraps=656 copies=0 cache_entries=206 bindless=true
,
[stats] generated=21 elapsed=78.974s speed=0.2659 token/s (3.761 s/token) chunks=11 committed_rows=62 verify_tx=7 drafts=10/26 layer_passes=1023 expert_rows=5888 expert_tiles=1560
[verify-width] w1=0 w2=5 w3=0 w4=0 w5=0 w6=0 w7=0 w8+=2              (w1 share 0.0% of 7 transactions)
[opens] expert file opens=71556 total=1.153s mean=0.016ms requested_bytes=1540783389888 (1540.8 GB)
[arrival] tiles=953 waves=1337 uncovered_wait=35.492s dispatch=7.954s
[retain] enabled=false cap_gb=8 layers=63..=92 consults=0 wanted=0 hits=0 inserts=0 served=0.0MB
[summer] enabled=false cap_gb=8 sample=16 consults=0 wanted=0 hits=0 hit_rate=0.0% misses=0 inserts=0 evictions=0 recycled=0 allocs=0 pin_skips=0 gated=0 ramp=2..50 bar=0 suppressed=0 wide_skips=0 served=0.0MB copied=0.0MB ssd_avoided=0.0GB live=0/0.0GB model=0 protected=0 declined=0 topup_suppressed=0 aged=0 into=0/0/0 pending=0
[mirror-split] internal=0 K3C=0 K3B=0 K3A=0  shares=0%/0%/0%/0%
[phases] mono=359347.239945 chunks=11 sequence=61.398s read_wait=0.171s bind_upload=1.522s attention_resident=5.696s expert_read_prefetch=12.787s expert_demand_read=7.849s expert_plan=0.691s expert_hint=0.000s expert_submit=0.000s expert_kernel=40.955s source_fence=0.000s tail_head_sync=0.173s layer_other=0.060s expert_read_gross=12.097s plan_hint=0.673s plan_sched=0.018s attn_total=8.228s attn_encode=1.757s attn_wait=6.283s attn_drain=0.188s kernel_total=12.010s kernel_host=1.321s kernel_wait=7.629s kernel_drain=3.060s
[attn-split] single: calls=651 total=1.051s encode=0.402s wait=0.461s drain=0.188s waits=1127 untimed=260 | wide: calls=744 total=7.177s encode=1.355s wait=5.822s drain=0.000s waits=736 untimed=736 | hint: calls=1380 total=0.987s encode=0.006s wait=0.981s drain=0.000s waits=1737 untimed=1737
[kernel-split] single: calls=738 total=2.366s encode=0.083s wait=0.049s drain=2.234s waits=783 untimed=540 | wide: calls=1574 total=9.643s encode=1.237s wait=7.580s drain=0.826s waits=1574 untimed=0
[kernel-sub] materialize=0.620s moe=8.598s precommit=2.226s rest=0.565s
[metal-cache] calls=9550 zero_copy_wraps=656 copies=0 cache_entries=206 bindless=true
 mon
[stats] generated=22 elapsed=80.477s speed=0.2734 token/s (3.658 s/token) chunks=12 committed_rows=63 verify_tx=7 drafts=10/26 layer_passes=1116 expert_rows=5980 expert_tiles=1652
[verify-width] w1=0 w2=5 w3=0 w4=0 w5=0 w6=0 w7=0 w8+=2              (w1 share 0.0% of 7 transactions)
[opens] expert file opens=75509 total=1.220s mean=0.016ms requested_bytes=1575448050880 (1575.4 GB)
[arrival] tiles=954 waves=1344 uncovered_wait=35.507s dispatch=7.961s
[retain] enabled=false cap_gb=8 layers=63..=92 consults=0 wanted=0 hits=0 inserts=0 served=0.0MB
[summer] enabled=false cap_gb=8 sample=16 consults=0 wanted=0 hits=0 hit_rate=0.0% misses=0 inserts=0 evictions=0 recycled=0 allocs=0 pin_skips=0 gated=0 ramp=2..50 bar=0 suppressed=0 wide_skips=0 served=0.0MB copied=0.0MB ssd_avoided=0.0GB live=0/0.0GB model=0 protected=0 declined=0 topup_suppressed=0 aged=0 into=0/0/0 pending=0
[mirror-split] internal=0 K3C=0 K3B=0 K3A=0  shares=0%/0%/0%/0%
[phases] mono=359348.742085 chunks=12 sequence=62.899s read_wait=0.171s bind_upload=1.522s attention_resident=5.768s expert_read_prefetch=13.826s expert_demand_read=8.462s expert_plan=0.764s expert_hint=0.000s expert_submit=0.000s expert_kernel=41.327s source_fence=0.000s tail_head_sync=0.190s layer_other=0.061s expert_read_gross=13.062s plan_hint=0.744s plan_sched=0.019s attn_total=8.300s attn_encode=1.784s attn_wait=6.308s attn_drain=0.208s kernel_total=12.367s kernel_host=1.330s kernel_wait=7.634s kernel_drain=3.403s
[attn-split] single: calls=744 total=1.122s encode=0.428s wait=0.486s drain=0.208s waits=1288 untimed=292 | wide: calls=744 total=7.177s encode=1.355s wait=5.822s drain=0.000s waits=736 untimed=736 | hint: calls=1472 total=1.059s encode=0.006s wait=1.053s drain=0.000s waits=1828 untimed=1828
[kernel-split] single: calls=836 total=2.723s encode=0.092s wait=0.054s drain=2.577s waits=888 untimed=630 | wide: calls=1574 total=9.643s encode=1.237s wait=7.580s drain=0.826s waits=1574 untimed=0
[kernel-sub] materialize=0.620s moe=8.606s precommit=2.571s rest=0.570s
[metal-cache] calls=9648 zero_copy_wraps=656 copies=0 cache_entries=206 bindless=true
olithic
[stats] generated=23 elapsed=81.965s speed=0.2806 token/s (3.564 s/token) chunks=13 committed_rows=64 verify_tx=7 drafts=10/26 layer_passes=1209 expert_rows=6072 expert_tiles=1744
[verify-width] w1=0 w2=5 w3=0 w4=0 w5=0 w6=0 w7=0 w8+=2              (w1 share 0.0% of 7 transactions)
[opens] expert file opens=79413 total=1.295s mean=0.016ms requested_bytes=1609717906624 (1609.7 GB)
[arrival] tiles=955 waves=1352 uncovered_wait=35.521s dispatch=7.971s
[retain] enabled=false cap_gb=8 layers=63..=92 consults=0 wanted=0 hits=0 inserts=0 served=0.0MB
[summer] enabled=false cap_gb=8 sample=16 consults=0 wanted=0 hits=0 hit_rate=0.0% misses=0 inserts=0 evictions=0 recycled=0 allocs=0 pin_skips=0 gated=0 ramp=2..50 bar=0 suppressed=0 wide_skips=0 served=0.0MB copied=0.0MB ssd_avoided=0.0GB live=0/0.0GB model=0 protected=0 declined=0 topup_suppressed=0 aged=0 into=0/0/0 pending=0
[mirror-split] internal=0 K3C=0 K3B=0 K3A=0  shares=0%/0%/0%/0%
[phases] mono=359350.230150 chunks=13 sequence=64.386s read_wait=0.171s bind_upload=1.522s attention_resident=5.846s expert_read_prefetch=14.831s expert_demand_read=9.091s expert_plan=0.824s expert_hint=0.000s expert_submit=0.000s expert_kernel=41.714s source_fence=0.000s tail_head_sync=0.204s layer_other=0.063s expert_read_gross=14.007s plan_hint=0.803s plan_sched=0.020s attn_total=8.377s attn_encode=1.814s attn_wait=6.337s attn_drain=0.226s kernel_total=12.740s kernel_host=1.341s kernel_wait=7.639s kernel_drain=3.760s
[attn-split] single: calls=837 total=1.200s encode=0.458s wait=0.516s drain=0.226s waits=1449 untimed=319 | wide: calls=744 total=7.177s encode=1.355s wait=5.822s drain=0.000s waits=736 untimed=736 | hint: calls=1564 total=1.118s encode=0.006s wait=1.112s drain=0.000s waits=1919 untimed=1919
[kernel-split] single: calls=935 total=3.097s encode=0.103s wait=0.059s drain=2.934s waits=995 untimed=715 | wide: calls=1574 total=9.643s encode=1.237s wait=7.580s drain=0.826s waits=1574 untimed=0
[kernel-sub] materialize=0.620s moe=8.615s precommit=2.930s rest=0.575s
[metal-cache] calls=9747 zero_copy_wraps=656 copies=0 cache_entries=206 bindless=true
 layers
[stats] generated=24 elapsed=83.422s speed=0.2877 token/s (3.476 s/token) chunks=14 committed_rows=65 verify_tx=7 drafts=10/26 layer_passes=1302 expert_rows=6164 expert_tiles=1836
[verify-width] w1=0 w2=5 w3=0 w4=0 w5=0 w6=0 w7=0 w8+=2              (w1 share 0.0% of 7 transactions)
[opens] expert file opens=83359 total=1.349s mean=0.016ms requested_bytes=1644312411328 (1644.3 GB)
[arrival] tiles=956 waves=1360 uncovered_wait=35.532s dispatch=7.979s
[retain] enabled=false cap_gb=8 layers=63..=92 consults=0 wanted=0 hits=0 inserts=0 served=0.0MB
[summer] enabled=false cap_gb=8 sample=16 consults=0 wanted=0 hits=0 hit_rate=0.0% misses=0 inserts=0 evictions=0 recycled=0 allocs=0 pin_skips=0 gated=0 ramp=2..50 bar=0 suppressed=0 wide_skips=0 served=0.0MB copied=0.0MB ssd_avoided=0.0GB live=0/0.0GB model=0 protected=0 declined=0 topup_suppressed=0 aged=0 into=0/0/0 pending=0
[mirror-split] internal=0 K3C=0 K3B=0 K3A=0  shares=0%/0%/0%/0%
[phases] mono=359351.686549 chunks=14 sequence=65.841s read_wait=0.171s bind_upload=1.522s attention_resident=5.909s expert_read_prefetch=15.858s expert_demand_read=9.757s expert_plan=0.894s expert_hint=0.000s expert_submit=0.000s expert_kernel=42.064s source_fence=0.000s tail_head_sync=0.217s layer_other=0.065s expert_read_gross=14.964s plan_hint=0.872s plan_sched=0.022s attn_total=8.440s attn_encode=1.838s attn_wait=6.358s attn_drain=0.244s kernel_total=13.079s kernel_host=1.350s kernel_wait=7.643s kernel_drain=4.085s
[attn-split] single: calls=930 total=1.263s encode=0.483s wait=0.536s drain=0.244s waits=1610 untimed=352 | wide: calls=744 total=7.177s encode=1.355s wait=5.822s drain=0.000s waits=736 untimed=736 | hint: calls=1656 total=1.187s encode=0.007s wait=1.180s drain=0.000s waits=2010 untimed=2010
[kernel-split] single: calls=1034 total=3.435s encode=0.113s wait=0.063s drain=3.259s waits=1102 untimed=800 | wide: calls=1574 total=9.643s encode=1.237s wait=7.580s drain=0.826s waits=1574 untimed=0
[kernel-sub] materialize=0.620s moe=8.623s precommit=3.256s rest=0.580s
[metal-cache] calls=9846 zero_copy_wraps=656 copies=0 cache_entries=206 bindless=true
[route-chain] chained=690
[route-chain] dedup_hits=690
 with
[stats] generated=25 elapsed=84.916s speed=0.2944 token/s (3.397 s/token) chunks=15 committed_rows=66 verify_tx=7 drafts=10/26 layer_passes=1395 expert_rows=6256 expert_tiles=1928
[verify-width] w1=0 w2=5 w3=0 w4=0 w5=0 w6=0 w7=0 w8+=2              (w1 share 0.0% of 7 transactions)
[opens] expert file opens=87267 total=1.419s mean=0.016ms requested_bytes=1678617345216 (1678.6 GB)
[arrival] tiles=957 waves=1367 uncovered_wait=35.544s dispatch=7.986s
[retain] enabled=false cap_gb=8 layers=63..=92 consults=0 wanted=0 hits=0 inserts=0 served=0.0MB
[summer] enabled=false cap_gb=8 sample=16 consults=0 wanted=0 hits=0 hit_rate=0.0% misses=0 inserts=0 evictions=0 recycled=0 allocs=0 pin_skips=0 gated=0 ramp=2..50 bar=0 suppressed=0 wide_skips=0 served=0.0MB copied=0.0MB ssd_avoided=0.0GB live=0/0.0GB model=0 protected=0 declined=0 topup_suppressed=0 aged=0 into=0/0/0 pending=0
[mirror-split] internal=0 K3C=0 K3B=0 K3A=0  shares=0%/0%/0%/0%
[phases] mono=359353.180608 chunks=15 sequence=67.334s read_wait=0.171s bind_upload=1.522s attention_resident=6.007s expert_read_prefetch=16.891s expert_demand_read=10.387s expert_plan=0.962s expert_hint=0.000s expert_submit=0.000s expert_kernel=42.411s source_fence=0.000s tail_head_sync=0.230s layer_other=0.066s expert_read_gross=15.929s plan_hint=0.939s plan_sched=0.023s attn_total=8.539s attn_encode=1.889s attn_wait=6.387s attn_drain=0.263s kernel_total=13.413s kernel_host=1.359s kernel_wait=7.647s kernel_drain=4.407s
[attn-split] single: calls=1023 total=1.361s encode=0.534s wait=0.565s drain=0.263s waits=1771 untimed=378 | wide: calls=744 total=7.177s encode=1.355s wait=5.822s drain=0.000s waits=736 untimed=736 | hint: calls=1748 total=1.253s encode=0.007s wait=1.247s drain=0.000s waits=2101 untimed=2101
[kernel-split] single: calls=1132 total=3.770s encode=0.122s wait=0.068s drain=3.580s waits=1207 untimed=886 | wide: calls=1574 total=9.643s encode=1.237s wait=7.580s drain=0.826s waits=1574 untimed=0
[kernel-sub] materialize=0.620s moe=8.630s precommit=3.579s rest=0.585s
[metal-cache] calls=9944 zero_copy_wraps=656 copies=0 cache_entries=206 bindless=true
 a
[stats] generated=26 elapsed=86.390s speed=0.3010 token/s (3.323 s/token) chunks=16 committed_rows=67 verify_tx=7 drafts=10/26 layer_passes=1488 expert_rows=6348 expert_tiles=2020
[verify-width] w1=0 w2=5 w3=0 w4=0 w5=0 w6=0 w7=0 w8+=2              (w1 share 0.0% of 7 transactions)
[opens] expert file opens=91171 total=1.473s mean=0.016ms requested_bytes=1712852139200 (1712.9 GB)
[arrival] tiles=958 waves=1375 uncovered_wait=35.555s dispatch=7.998s
[retain] enabled=false cap_gb=8 layers=63..=92 consults=0 wanted=0 hits=0 inserts=0 served=0.0MB
[summer] enabled=false cap_gb=8 sample=16 consults=0 wanted=0 hits=0 hit_rate=0.0% misses=0 inserts=0 evictions=0 recycled=0 allocs=0 pin_skips=0 gated=0 ramp=2..50 bar=0 suppressed=0 wide_skips=0 served=0.0MB copied=0.0MB ssd_avoided=0.0GB live=0/0.0GB model=0 protected=0 declined=0 topup_suppressed=0 aged=0 into=0/0/0 pending=0
[mirror-split] internal=0 K3C=0 K3B=0 K3A=0  shares=0%/0%/0%/0%
[phases] mono=359354.654946 chunks=16 sequence=68.808s read_wait=0.171s bind_upload=1.522s attention_resident=6.087s expert_read_prefetch=17.909s expert_demand_read=11.028s expert_plan=1.044s expert_hint=0.000s expert_submit=0.000s expert_kernel=42.774s source_fence=0.000s tail_head_sync=0.242s layer_other=0.067s expert_read_gross=16.864s plan_hint=1.020s plan_sched=0.024s attn_total=8.618s attn_encode=1.915s attn_wait=6.421s attn_drain=0.282s kernel_total=13.765s kernel_host=1.369s kernel_wait=7.655s kernel_drain=4.741s
[attn-split] single: calls=1116 total=1.441s encode=0.560s wait=0.599s drain=0.282s waits=1932 untimed=416 | wide: calls=744 total=7.177s encode=1.355s wait=5.822s drain=0.000s waits=736 untimed=736 | hint: calls=1840 total=1.335s encode=0.007s wait=1.328s drain=0.000s waits=2192 untimed=2192
[kernel-split] single: calls=1231 total=4.122s encode=0.132s wait=0.075s drain=3.915s waits=1314 untimed=969 | wide: calls=1574 total=9.643s encode=1.237s wait=7.580s drain=0.826s waits=1574 untimed=0
[kernel-sub] materialize=0.620s moe=8.642s precommit=3.914s rest=0.589s
[metal-cache] calls=10043 zero_copy_wraps=656 copies=0 cache_entries=206 bindless=true
 collection
[stats] generated=27 elapsed=87.958s speed=0.3070 token/s (3.258 s/token) chunks=17 committed_rows=68 verify_tx=7 drafts=10/26 layer_passes=1581 expert_rows=6440 expert_tiles=2112
[verify-width] w1=0 w2=5 w3=0 w4=0 w5=0 w6=0 w7=0 w8+=2              (w1 share 0.0% of 7 transactions)
[opens] expert file opens=95211 total=1.553s mean=0.016ms requested_bytes=1748262583488 (1748.3 GB)
[arrival] tiles=959 waves=1380 uncovered_wait=35.563s dispatch=8.005s
[retain] enabled=false cap_gb=8 layers=63..=92 consults=0 wanted=0 hits=0 inserts=0 served=0.0MB
[summer] enabled=false cap_gb=8 sample=16 consults=0 wanted=0 hits=0 hit_rate=0.0% misses=0 inserts=0 evictions=0 recycled=0 allocs=0 pin_skips=0 gated=0 ramp=2..50 bar=0 suppressed=0 wide_skips=0 served=0.0MB copied=0.0MB ssd_avoided=0.0GB live=0/0.0GB model=0 protected=0 declined=0 topup_suppressed=0 aged=0 into=0/0/0 pending=0
[mirror-split] internal=0 K3C=0 K3B=0 K3A=0  shares=0%/0%/0%/0%
[phases] mono=359356.223380 chunks=17 sequence=70.374s read_wait=0.171s bind_upload=1.522s attention_resident=6.171s expert_read_prefetch=18.999s expert_demand_read=11.667s expert_plan=1.119s expert_hint=0.000s expert_submit=0.000s expert_kernel=43.150s source_fence=0.000s tail_head_sync=0.258s layer_other=0.069s expert_read_gross=17.879s plan_hint=1.094s plan_sched=0.025s attn_total=8.702s attn_encode=1.938s attn_wait=6.452s attn_drain=0.311s kernel_total=14.132s kernel_host=1.379s kernel_wait=7.658s kernel_drain=5.096s
[attn-split] single: calls=1209 total=1.524s encode=0.583s wait=0.630s drain=0.311s waits=2093 untimed=439 | wide: calls=744 total=7.177s encode=1.355s wait=5.822s drain=0.000s waits=736 untimed=736 | hint: calls=1932 total=1.408s encode=0.007s wait=1.401s drain=0.000s waits=2283 untimed=2283
[kernel-split] single: calls=1327 total=4.489s encode=0.141s wait=0.078s drain=4.270s waits=1415 untimed=1053 | wide: calls=1574 total=9.643s encode=1.237s wait=7.580s drain=0.826s waits=1574 untimed=0
[kernel-sub] materialize=0.620s moe=8.649s precommit=4.270s rest=0.594s
[metal-cache] calls=10139 zero_copy_wraps=656 copies=0 cache_entries=206 bindless=true
 of
[stats] generated=28 elapsed=89.446s speed=0.3130 token/s (3.194 s/token) chunks=18 committed_rows=69 verify_tx=7 drafts=10/26 layer_passes=1674 expert_rows=6532 expert_tiles=2204
[verify-width] w1=0 w2=5 w3=0 w4=0 w5=0 w6=0 w7=0 w8+=2              (w1 share 0.0% of 7 transactions)
[opens] expert file opens=99080 total=1.606s mean=0.016ms requested_bytes=1782225353920 (1782.2 GB)
[arrival] tiles=960 waves=1386 uncovered_wait=35.573s dispatch=8.015s
[retain] enabled=false cap_gb=8 layers=63..=92 consults=0 wanted=0 hits=0 inserts=0 served=0.0MB
[summer] enabled=false cap_gb=8 sample=16 consults=0 wanted=0 hits=0 hit_rate=0.0% misses=0 inserts=0 evictions=0 recycled=0 allocs=0 pin_skips=0 gated=0 ramp=2..50 bar=0 suppressed=0 wide_skips=0 served=0.0MB copied=0.0MB ssd_avoided=0.0GB live=0/0.0GB model=0 protected=0 declined=0 topup_suppressed=0 aged=0 into=0/0/0 pending=0
[mirror-split] internal=0 K3C=0 K3B=0 K3A=0  shares=0%/0%/0%/0%
[phases] mono=359357.710540 chunks=18 sequence=71.860s read_wait=0.171s bind_upload=1.522s attention_resident=6.248s expert_read_prefetch=20.013s expert_demand_read=12.322s expert_plan=1.197s expert_hint=0.000s expert_submit=0.000s expert_kernel=43.526s source_fence=0.000s tail_head_sync=0.275s layer_other=0.071s expert_read_gross=18.815s plan_hint=1.171s plan_sched=0.026s attn_total=8.778s attn_encode=1.963s attn_wait=6.484s attn_drain=0.331s kernel_total=14.499s kernel_host=1.388s kernel_wait=7.664s kernel_drain=5.447s
[attn-split] single: calls=1302 total=1.601s encode=0.608s wait=0.662s drain=0.331s waits=2254 untimed=471 | wide: calls=744 total=7.177s encode=1.355s wait=5.822s drain=0.000s waits=736 untimed=736 | hint: calls=2024 total=1.485s encode=0.008s wait=1.478s drain=0.000s waits=2374 untimed=2374
[kernel-split] single: calls=1424 total=4.855s encode=0.150s wait=0.084s drain=4.621s waits=1518 untimed=1136 | wide: calls=1574 total=9.643s encode=1.237s wait=7.580s drain=0.826s waits=1574 untimed=0
[kernel-sub] materialize=0.620s moe=8.658s precommit=4.622s rest=0.598s
[metal-cache] calls=10236 zero_copy_wraps=656 copies=0 cache_entries=206 bindless=true
 specialized
[stats] generated=29 elapsed=91.004s speed=0.3187 token/s (3.138 s/token) chunks=19 committed_rows=70 verify_tx=7 drafts=10/26 layer_passes=1767 expert_rows=6624 expert_tiles=2296
[verify-width] w1=0 w2=5 w3=0 w4=0 w5=0 w6=0 w7=0 w8+=2              (w1 share 0.0% of 7 transactions)
[opens] expert file opens=103177 total=1.661s mean=0.016ms requested_bytes=1818144685248 (1818.1 GB)
[arrival] tiles=961 waves=1392 uncovered_wait=35.582s dispatch=8.024s
[retain] enabled=false cap_gb=8 layers=63..=92 consults=0 wanted=0 hits=0 inserts=0 served=0.0MB
[summer] enabled=false cap_gb=8 sample=16 consults=0 wanted=0 hits=0 hit_rate=0.0% misses=0 inserts=0 evictions=0 recycled=0 allocs=0 pin_skips=0 gated=0 ramp=2..50 bar=0 suppressed=0 wide_skips=0 served=0.0MB copied=0.0MB ssd_avoided=0.0GB live=0/0.0GB model=0 protected=0 declined=0 topup_suppressed=0 aged=0 into=0/0/0 pending=0
[mirror-split] internal=0 K3C=0 K3B=0 K3A=0  shares=0%/0%/0%/0%
[phases] mono=359359.269483 chunks=19 sequence=73.418s read_wait=0.171s bind_upload=1.522s attention_resident=6.337s expert_read_prefetch=21.125s expert_demand_read=12.991s expert_plan=1.283s expert_hint=0.000s expert_submit=0.000s expert_kernel=43.864s source_fence=0.000s tail_head_sync=0.290s layer_other=0.073s expert_read_gross=19.843s plan_hint=1.255s plan_sched=0.027s attn_total=8.868s attn_encode=2.002s attn_wait=6.507s attn_drain=0.359s kernel_total=14.828s kernel_host=1.398s kernel_wait=7.668s kernel_drain=5.762s
[attn-split] single: calls=1395 total=1.690s encode=0.647s wait=0.685s drain=0.359s waits=2415 untimed=496 | wide: calls=744 total=7.177s encode=1.355s wait=5.822s drain=0.000s waits=736 untimed=736 | hint: calls=2116 total=1.569s encode=0.008s wait=1.561s drain=0.000s waits=2465 untimed=2465
[kernel-split] single: calls=1521 total=5.184s encode=0.160s wait=0.088s drain=4.935s waits=1621 untimed=1221 | wide: calls=1574 total=9.643s encode=1.237s wait=7.580s drain=0.826s waits=1574 untimed=0
[kernel-sub] materialize=0.620s moe=8.667s precommit=4.938s rest=0.602s
[metal-cache] calls=10333 zero_copy_wraps=656 copies=0 cache_entries=206 bindless=true
 sub
[stats] generated=30 elapsed=92.447s speed=0.3245 token/s (3.082 s/token) chunks=20 committed_rows=71 verify_tx=7 drafts=10/26 layer_passes=1860 expert_rows=6716 expert_tiles=2388
[verify-width] w1=0 w2=5 w3=0 w4=0 w5=0 w6=0 w7=0 w8+=2              (w1 share 0.0% of 7 transactions)
[opens] expert file opens=106996 total=1.726s mean=0.016ms requested_bytes=1851659992256 (1851.7 GB)
[arrival] tiles=962 waves=1400 uncovered_wait=35.593s dispatch=8.034s
[retain] enabled=false cap_gb=8 layers=63..=92 consults=0 wanted=0 hits=0 inserts=0 served=0.0MB
[summer] enabled=false cap_gb=8 sample=16 consults=0 wanted=0 hits=0 hit_rate=0.0% misses=0 inserts=0 evictions=0 recycled=0 allocs=0 pin_skips=0 gated=0 ramp=2..50 bar=0 suppressed=0 wide_skips=0 served=0.0MB copied=0.0MB ssd_avoided=0.0GB live=0/0.0GB model=0 protected=0 declined=0 topup_suppressed=0 aged=0 into=0/0/0 pending=0
[mirror-split] internal=0 K3C=0 K3B=0 K3A=0  shares=0%/0%/0%/0%
[phases] mono=359360.712479 chunks=20 sequence=74.860s read_wait=0.171s bind_upload=1.522s attention_resident=6.413s expert_read_prefetch=22.075s expert_demand_read=13.564s expert_plan=1.360s expert_hint=0.000s expert_submit=0.000s expert_kernel=44.263s source_fence=0.000s tail_head_sync=0.307s layer_other=0.074s expert_read_gross=20.715s plan_hint=1.331s plan_sched=0.029s attn_total=8.943s attn_encode=2.027s attn_wait=6.543s attn_drain=0.373s kernel_total=15.215s kernel_host=1.408s kernel_wait=7.674s kernel_drain=6.133s
[attn-split] single: calls=1488 total=1.766s encode=0.672s wait=0.721s drain=0.373s waits=2576 untimed=522 | wide: calls=744 total=7.177s encode=1.355s wait=5.822s drain=0.000s waits=736 untimed=736 | hint: calls=2208 total=1.645s encode=0.008s wait=1.637s drain=0.000s waits=2556 untimed=2556
[kernel-split] single: calls=1620 total=5.572s encode=0.170s wait=0.095s drain=5.307s waits=1728 untimed=1307 | wide: calls=1574 total=9.643s encode=1.237s wait=7.580s drain=0.826s waits=1574 untimed=0
[kernel-sub] materialize=0.620s moe=8.677s precommit=5.310s rest=0.608s
[metal-cache] calls=10432 zero_copy_wraps=656 copies=0 cache_entries=206 bindless=true
-network
[stats] generated=31 elapsed=93.964s speed=0.3299 token/s (3.031 s/token) chunks=21 committed_rows=72 verify_tx=7 drafts=10/26 layer_passes=1953 expert_rows=6808 expert_tiles=2480
[verify-width] w1=0 w2=5 w3=0 w4=0 w5=0 w6=0 w7=0 w8+=2              (w1 share 0.0% of 7 transactions)
[opens] expert file opens=110931 total=1.791s mean=0.016ms requested_bytes=1886175526080 (1886.2 GB)
[arrival] tiles=963 waves=1408 uncovered_wait=35.604s dispatch=8.041s
[retain] enabled=false cap_gb=8 layers=63..=92 consults=0 wanted=0 hits=0 inserts=0 served=0.0MB
[summer] enabled=false cap_gb=8 sample=16 consults=0 wanted=0 hits=0 hit_rate=0.0% misses=0 inserts=0 evictions=0 recycled=0 allocs=0 pin_skips=0 gated=0 ramp=2..50 bar=0 suppressed=0 wide_skips=0 served=0.0MB copied=0.0MB ssd_avoided=0.0GB live=0/0.0GB model=0 protected=0 declined=0 topup_suppressed=0 aged=0 into=0/0/0 pending=0
[mirror-split] internal=0 K3C=0 K3B=0 K3A=0  shares=0%/0%/0%/0%
[phases] mono=359362.228606 chunks=21 sequence=76.375s read_wait=0.171s bind_upload=1.522s attention_resident=6.491s expert_read_prefetch=23.102s expert_demand_read=14.158s expert_plan=1.443s expert_hint=0.000s expert_submit=0.000s expert_kernel=44.654s source_fence=0.000s tail_head_sync=0.323s layer_other=0.076s expert_read_gross=21.659s plan_hint=1.412s plan_sched=0.030s attn_total=9.022s attn_encode=2.051s attn_wait=6.573s attn_drain=0.397s kernel_total=15.595s kernel_host=1.417s kernel_wait=7.678s kernel_drain=6.500s
[attn-split] single: calls=1581 total=1.844s encode=0.696s wait=0.751s drain=0.397s waits=2737 untimed=551 | wide: calls=744 total=7.177s encode=1.355s wait=5.822s drain=0.000s waits=736 untimed=736 | hint: calls=2300 total=1.727s encode=0.008s wait=1.718s drain=0.000s waits=2647 untimed=2647
[kernel-split] single: calls=1719 total=5.952s encode=0.180s wait=0.098s drain=5.674s waits=1835 untimed=1391 | wide: calls=1574 total=9.643s encode=1.237s wait=7.580s drain=0.826s waits=1574 untimed=0
[kernel-sub] materialize=0.620s moe=8.684s precommit=5.679s rest=0.612s
[metal-cache] calls=10531 zero_copy_wraps=656 copies=0 cache_entries=206 bindless=true
s
[stats] generated=32 elapsed=95.432s speed=0.3353 token/s (2.982 s/token) chunks=22 committed_rows=73 verify_tx=7 drafts=10/26 layer_passes=2046 expert_rows=6900 expert_tiles=2572
[verify-width] w1=0 w2=5 w3=0 w4=0 w5=0 w6=0 w7=0 w8+=2              (w1 share 0.0% of 7 transactions)
[opens] expert file opens=114866 total=1.856s mean=0.016ms requested_bytes=1920655998144 (1920.7 GB)
[arrival] tiles=964 waves=1416 uncovered_wait=35.614s dispatch=8.052s
[retain] enabled=false cap_gb=8 layers=63..=92 consults=0 wanted=0 hits=0 inserts=0 served=0.0MB
[summer] enabled=false cap_gb=8 sample=16 consults=0 wanted=0 hits=0 hit_rate=0.0% misses=0 inserts=0 evictions=0 recycled=0 allocs=0 pin_skips=0 gated=0 ramp=2..50 bar=0 suppressed=0 wide_skips=0 served=0.0MB copied=0.0MB ssd_avoided=0.0GB live=0/0.0GB model=0 protected=0 declined=0 topup_suppressed=0 aged=0 into=0/0/0 pending=0
[mirror-split] internal=0 K3C=0 K3B=0 K3A=0  shares=0%/0%/0%/0%
[phases] mono=359363.697364 chunks=22 sequence=77.842s read_wait=0.171s bind_upload=1.522s attention_resident=6.571s expert_read_prefetch=24.093s expert_demand_read=14.735s expert_plan=1.530s expert_hint=0.000s expert_submit=0.000s expert_kernel=45.032s source_fence=0.000s tail_head_sync=0.340s layer_other=0.077s expert_read_gross=22.562s plan_hint=1.499s plan_sched=0.031s attn_total=9.101s attn_encode=2.077s attn_wait=6.604s attn_drain=0.421s kernel_total=15.962s kernel_host=1.427s kernel_wait=7.685s kernel_drain=6.850s
[attn-split] single: calls=1674 total=1.924s encode=0.721s wait=0.782s drain=0.421s waits=2898 untimed=571 | wide: calls=744 total=7.177s encode=1.355s wait=5.822s drain=0.000s waits=736 untimed=736 | hint: calls=2392 total=1.813s encode=0.009s wait=1.804s drain=0.000s waits=2738 untimed=2738
[kernel-split] single: calls=1818 total=6.319s encode=0.190s wait=0.105s drain=6.024s waits=1942 untimed=1474 | wide: calls=1574 total=9.643s encode=1.237s wait=7.580s drain=0.826s waits=1574 untimed=0
[kernel-sub] materialize=0.620s moe=8.695s precommit=6.030s rest=0.617s
[metal-cache] calls=10630 zero_copy_wraps=656 copies=0 cache_entries=206 bindless=true
 (
[stats] generated=33 elapsed=96.986s speed=0.3403 token/s (2.939 s/token) chunks=23 committed_rows=74 verify_tx=7 drafts=10/26 layer_passes=2139 expert_rows=6992 expert_tiles=2664
[verify-width] w1=0 w2=5 w3=0 w4=0 w5=0 w6=0 w7=0 w8+=2              (w1 share 0.0% of 7 transactions)
[opens] expert file opens=118881 total=1.916s mean=0.016ms requested_bytes=1955899735232 (1955.9 GB)
[arrival] tiles=965 waves=1422 uncovered_wait=35.624s dispatch=8.060s
[retain] enabled=false cap_gb=8 layers=63..=92 consults=0 wanted=0 hits=0 inserts=0 served=0.0MB
[summer] enabled=false cap_gb=8 sample=16 consults=0 wanted=0 hits=0 hit_rate=0.0% misses=0 inserts=0 evictions=0 recycled=0 allocs=0 pin_skips=0 gated=0 ramp=2..50 bar=0 suppressed=0 wide_skips=0 served=0.0MB copied=0.0MB ssd_avoided=0.0GB live=0/0.0GB model=0 protected=0 declined=0 topup_suppressed=0 aged=0 into=0/0/0 pending=0
[mirror-split] internal=0 K3C=0 K3B=0 K3A=0  shares=0%/0%/0%/0%
[phases] mono=359365.250750 chunks=23 sequence=79.394s read_wait=0.171s bind_upload=1.522s attention_resident=6.668s expert_read_prefetch=25.172s expert_demand_read=15.362s expert_plan=1.603s expert_hint=0.000s expert_submit=0.000s expert_kernel=45.393s source_fence=0.000s tail_head_sync=0.353s layer_other=0.079s expert_read_gross=23.568s plan_hint=1.571s plan_sched=0.032s attn_total=9.198s attn_encode=2.113s attn_wait=6.632s attn_drain=0.452s kernel_total=16.314s kernel_host=1.436s kernel_wait=7.689s kernel_drain=7.188s
[attn-split] single: calls=1767 total=2.021s encode=0.758s wait=0.811s drain=0.452s waits=3059 untimed=593 | wide: calls=744 total=7.177s encode=1.355s wait=5.822s drain=0.000s waits=736 untimed=736 | hint: calls=2484 total=1.885s encode=0.009s wait=1.876s drain=0.000s waits=2829 untimed=2829
[kernel-split] single: calls=1915 total=6.670s encode=0.199s wait=0.110s drain=6.362s waits=2045 untimed=1555 | wide: calls=1574 total=9.643s encode=1.237s wait=7.580s drain=0.826s waits=1574 untimed=0
[kernel-sub] materialize=0.620s moe=8.703s precommit=6.369s rest=0.622s
[metal-cache] calls=10727 zero_copy_wraps=656 copies=0 cache_entries=206 bindless=true
the
[stats] generated=34 elapsed=98.483s speed=0.3452 token/s (2.897 s/token) chunks=24 committed_rows=75 verify_tx=7 drafts=10/26 layer_passes=2232 expert_rows=7084 expert_tiles=2756
[verify-width] w1=0 w2=5 w3=0 w4=0 w5=0 w6=0 w7=0 w8+=2              (w1 share 0.0% of 7 transactions)
[opens] expert file opens=122790 total=1.980s mean=0.016ms requested_bytes=1990213500096 (1990.2 GB)
[arrival] tiles=966 waves=1430 uncovered_wait=35.635s dispatch=8.072s
[retain] enabled=false cap_gb=8 layers=63..=92 consults=0 wanted=0 hits=0 inserts=0 served=0.0MB
[summer] enabled=false cap_gb=8 sample=16 consults=0 wanted=0 hits=0 hit_rate=0.0% misses=0 inserts=0 evictions=0 recycled=0 allocs=0 pin_skips=0 gated=0 ramp=2..50 bar=0 suppressed=0 wide_skips=0 served=0.0MB copied=0.0MB ssd_avoided=0.0GB live=0/0.0GB model=0 protected=0 declined=0 topup_suppressed=0 aged=0 into=0/0/0 pending=0
[mirror-split] internal=0 K3C=0 K3B=0 K3A=0  shares=0%/0%/0%/0%
[phases] mono=359366.748154 chunks=24 sequence=80.890s read_wait=0.171s bind_upload=1.522s attention_resident=6.741s expert_read_prefetch=26.211s expert_demand_read=15.966s expert_plan=1.684s expert_hint=0.000s expert_submit=0.000s expert_kernel=45.761s source_fence=0.000s tail_head_sync=0.366s layer_other=0.081s expert_read_gross=24.527s plan_hint=1.650s plan_sched=0.033s attn_total=9.271s attn_encode=2.135s attn_wait=6.664s attn_drain=0.472s kernel_total=16.670s kernel_host=1.447s kernel_wait=7.696s kernel_drain=7.526s
[attn-split] single: calls=1860 total=2.094s encode=0.780s wait=0.842s drain=0.472s waits=3220 untimed=621 | wide: calls=744 total=7.177s encode=1.355s wait=5.822s drain=0.000s waits=736 untimed=736 | hint: calls=2576 total=1.964s encode=0.009s wait=1.955s drain=0.000s waits=2920 untimed=2920
[kernel-split] single: calls=2014 total=7.027s encode=0.210s wait=0.117s drain=6.700s waits=2152 untimed=1632 | wide: calls=1574 total=9.643s encode=1.237s wait=7.580s drain=0.826s waits=1574 untimed=0
[kernel-sub] materialize=0.620s moe=8.714s precommit=6.709s rest=0.626s
[metal-cache] calls=10826 zero_copy_wraps=656 copies=0 cache_entries=206 bindless=true
[route-chain] chained=1380
[route-chain] dedup_hits=1380
 "
[stats] generated=35 elapsed=99.929s speed=0.3502 token/s (2.855 s/token) chunks=25 committed_rows=76 verify_tx=7 drafts=10/26 layer_passes=2325 expert_rows=7176 expert_tiles=2848
[verify-width] w1=0 w2=5 w3=0 w4=0 w5=0 w6=0 w7=0 w8+=2              (w1 share 0.0% of 7 transactions)
[opens] expert file opens=126699 total=2.050s mean=0.016ms requested_bytes=2024518450368 (2024.5 GB)
[arrival] tiles=967 waves=1437 uncovered_wait=35.644s dispatch=8.078s
[retain] enabled=false cap_gb=8 layers=63..=92 consults=0 wanted=0 hits=0 inserts=0 served=0.0MB
[summer] enabled=false cap_gb=8 sample=16 consults=0 wanted=0 hits=0 hit_rate=0.0% misses=0 inserts=0 evictions=0 recycled=0 allocs=0 pin_skips=0 gated=0 ramp=2..50 bar=0 suppressed=0 wide_skips=0 served=0.0MB copied=0.0MB ssd_avoided=0.0GB live=0/0.0GB model=0 protected=0 declined=0 topup_suppressed=0 aged=0 into=0/0/0 pending=0
[mirror-split] internal=0 K3C=0 K3B=0 K3A=0  shares=0%/0%/0%/0%
[phases] mono=359368.194462 chunks=25 sequence=82.336s read_wait=0.171s bind_upload=1.522s attention_resident=6.816s expert_read_prefetch=27.245s expert_demand_read=16.557s expert_plan=1.758s expert_hint=0.000s expert_submit=0.000s expert_kernel=46.082s source_fence=0.000s tail_head_sync=0.381s layer_other=0.083s expert_read_gross=25.487s plan_hint=1.723s plan_sched=0.034s attn_total=9.345s attn_encode=2.159s attn_wait=6.689s attn_drain=0.497s kernel_total=16.981s kernel_host=1.456s kernel_wait=7.700s kernel_drain=7.825s
[attn-split] single: calls=1953 total=2.168s encode=0.804s wait=0.867s drain=0.497s waits=3381 untimed=645 | wide: calls=744 total=7.177s encode=1.355s wait=5.822s drain=0.000s waits=736 untimed=736 | hint: calls=2668 total=2.037s encode=0.009s wait=2.028s drain=0.000s waits=3011 untimed=3011
[kernel-split] single: calls=2112 total=7.338s encode=0.219s wait=0.120s drain=6.999s waits=2257 untimed=1709 | wide: calls=1574 total=9.643s encode=1.237s wait=7.580s drain=0.826s waits=1574 untimed=0
[kernel-sub] materialize=0.620s moe=8.721s precommit=7.009s rest=0.631s
[metal-cache] calls=10924 zero_copy_wraps=656 copies=0 cache_entries=206 bindless=true
exper
[stats] generated=36 elapsed=101.426s speed=0.3549 token/s (2.817 s/token) chunks=26 committed_rows=77 verify_tx=7 drafts=10/26 layer_passes=2418 expert_rows=7268 expert_tiles=2940
[verify-width] w1=0 w2=5 w3=0 w4=0 w5=0 w6=0 w7=0 w8+=2              (w1 share 0.0% of 7 transactions)
[opens] expert file opens=130672 total=2.104s mean=0.016ms requested_bytes=2059332304064 (2059.3 GB)
[arrival] tiles=968 waves=1445 uncovered_wait=35.655s dispatch=8.086s
[retain] enabled=false cap_gb=8 layers=63..=92 consults=0 wanted=0 hits=0 inserts=0 served=0.0MB
[summer] enabled=false cap_gb=8 sample=16 consults=0 wanted=0 hits=0 hit_rate=0.0% misses=0 inserts=0 evictions=0 recycled=0 allocs=0 pin_skips=0 gated=0 ramp=2..50 bar=0 suppressed=0 wide_skips=0 served=0.0MB copied=0.0MB ssd_avoided=0.0GB live=0/0.0GB model=0 protected=0 declined=0 topup_suppressed=0 aged=0 into=0/0/0 pending=0
[mirror-split] internal=0 K3C=0 K3B=0 K3A=0  shares=0%/0%/0%/0%
[phases] mono=359369.690772 chunks=26 sequence=83.831s read_wait=0.171s bind_upload=1.522s attention_resident=6.887s expert_read_prefetch=28.295s expert_demand_read=17.168s expert_plan=1.824s expert_hint=0.000s expert_submit=0.000s expert_kernel=46.440s source_fence=0.000s tail_head_sync=0.396s layer_other=0.084s expert_read_gross=26.471s plan_hint=1.788s plan_sched=0.035s attn_total=9.416s attn_encode=2.183s attn_wait=6.716s attn_drain=0.518s kernel_total=17.329s kernel_host=1.465s kernel_wait=7.703s kernel_drain=8.160s
[attn-split] single: calls=2046 total=2.239s encode=0.828s wait=0.894s drain=0.518s waits=3542 untimed=668 | wide: calls=744 total=7.177s encode=1.355s wait=5.822s drain=0.000s waits=736 untimed=736 | hint: calls=2760 total=2.102s encode=0.010s wait=2.092s drain=0.000s waits=3102 untimed=3102
[kernel-split] single: calls=2211 total=7.686s encode=0.228s wait=0.124s drain=7.334s waits=2364 untimed=1791 | wide: calls=1574 total=9.643s encode=1.237s wait=7.580s drain=0.826s waits=1574 untimed=0
[kernel-sub] materialize=0.620s moe=8.728s precommit=7.345s rest=0.635s
[metal-cache] calls=11023 zero_copy_wraps=656 copies=0 cache_entries=206 bindless=true
ts
[stats] generated=37 elapsed=103.289s speed=0.3582 token/s (2.792 s/token) chunks=27 committed_rows=78 verify_tx=7 drafts=10/26 layer_passes=2511 expert_rows=7360 expert_tiles=3032
[verify-width] w1=0 w2=5 w3=0 w4=0 w5=0 w6=0 w7=0 w8+=2              (w1 share 0.0% of 7 transactions)
[opens] expert file opens=134562 total=2.198s mean=0.016ms requested_bytes=2093435501760 (2093.4 GB)
[arrival] tiles=969 waves=1453 uncovered_wait=35.668s dispatch=8.098s
[retain] enabled=false cap_gb=8 layers=63..=92 consults=0 wanted=0 hits=0 inserts=0 served=0.0MB
[summer] enabled=false cap_gb=8 sample=16 consults=0 wanted=0 hits=0 hit_rate=0.0% misses=0 inserts=0 evictions=0 recycled=0 allocs=0 pin_skips=0 gated=0 ramp=2..50 bar=0 suppressed=0 wide_skips=0 served=0.0MB copied=0.0MB ssd_avoided=0.0GB live=0/0.0GB model=0 protected=0 declined=0 topup_suppressed=0 aged=0 into=0/0/0 pending=0
[mirror-split] internal=0 K3C=0 K3B=0 K3A=0  shares=0%/0%/0%/0%
[phases] mono=359371.553802 chunks=27 sequence=85.692s read_wait=0.171s bind_upload=1.522s attention_resident=7.020s expert_read_prefetch=29.594s expert_demand_read=17.916s expert_plan=1.899s expert_hint=0.000s expert_submit=0.000s expert_kernel=46.851s source_fence=0.000s tail_head_sync=0.412s layer_other=0.086s expert_read_gross=27.695s plan_hint=1.862s plan_sched=0.037s attn_total=9.549s attn_encode=2.255s attn_wait=6.757s attn_drain=0.536s kernel_total=17.727s kernel_host=1.476s kernel_wait=7.709s kernel_drain=8.542s
[attn-split] single: calls=2139 total=2.371s encode=0.900s wait=0.935s drain=0.536s waits=3703 untimed=689 | wide: calls=744 total=7.177s encode=1.355s wait=5.822s drain=0.000s waits=736 untimed=736 | hint: calls=2852 total=2.176s encode=0.010s wait=2.166s drain=0.000s waits=3193 untimed=3193
[kernel-split] single: calls=2310 total=8.084s encode=0.238s wait=0.130s drain=7.716s waits=2471 untimed=1878 | wide: calls=1574 total=9.643s encode=1.237s wait=7.580s drain=0.826s waits=1574 untimed=0
[kernel-sub] materialize=0.620s moe=8.740s precommit=7.726s rest=0.640s
[metal-cache] calls=11122 zero_copy_wraps=656 copies=0 cache_entries=206 bindless=true
")
[stats] generated=38 elapsed=105.171s speed=0.3613 token/s (2.768 s/token) chunks=28 committed_rows=79 verify_tx=7 drafts=10/26 layer_passes=2604 expert_rows=7452 expert_tiles=3124
[verify-width] w1=0 w2=5 w3=0 w4=0 w5=0 w6=0 w7=0 w8+=2              (w1 share 0.0% of 7 transactions)
[opens] expert file opens=138442 total=2.254s mean=0.016ms requested_bytes=2127450963136 (2127.5 GB)
[arrival] tiles=970 waves=1460 uncovered_wait=35.677s dispatch=8.110s
[retain] enabled=false cap_gb=8 layers=63..=92 consults=0 wanted=0 hits=0 inserts=0 served=0.0MB
[summer] enabled=false cap_gb=8 sample=16 consults=0 wanted=0 hits=0 hit_rate=0.0% misses=0 inserts=0 evictions=0 recycled=0 allocs=0 pin_skips=0 gated=0 ramp=2..50 bar=0 suppressed=0 wide_skips=0 served=0.0MB copied=0.0MB ssd_avoided=0.0GB live=0/0.0GB model=0 protected=0 declined=0 topup_suppressed=0 aged=0 into=0/0/0 pending=0
[mirror-split] internal=0 K3C=0 K3B=0 K3A=0  shares=0%/0%/0%/0%
[phases] mono=359373.436444 chunks=28 sequence=87.573s read_wait=0.171s bind_upload=1.522s attention_resident=7.095s expert_read_prefetch=31.001s expert_demand_read=18.779s expert_plan=1.986s expert_hint=0.000s expert_submit=0.000s expert_kernel=47.232s source_fence=0.000s tail_head_sync=0.429s layer_other=0.087s expert_read_gross=29.015s plan_hint=1.948s plan_sched=0.038s attn_total=9.623s attn_encode=2.282s attn_wait=6.794s attn_drain=0.548s kernel_total=18.098s kernel_host=1.486s kernel_wait=7.716s kernel_drain=8.897s
[attn-split] single: calls=2232 total=2.446s encode=0.927s wait=0.972s drain=0.548s waits=3864 untimed=719 | wide: calls=744 total=7.177s encode=1.355s wait=5.822s drain=0.000s waits=736 untimed=736 | hint: calls=2944 total=2.262s encode=0.010s wait=2.252s drain=0.000s waits=3284 untimed=3284
[kernel-split] single: calls=2408 total=8.455s encode=0.248s wait=0.136s drain=8.070s waits=2576 untimed=1954 | wide: calls=1574 total=9.643s encode=1.237s wait=7.580s drain=0.826s waits=1574 untimed=0
[kernel-sub] materialize=0.620s moe=8.753s precommit=8.081s rest=0.645s
[metal-cache] calls=11220 zero_copy_wraps=656 copies=0 cache_entries=206 bindless=true
 and
[stats] generated=39 elapsed=106.781s speed=0.3652 token/s (2.738 s/token) chunks=29 committed_rows=80 verify_tx=7 drafts=10/26 layer_passes=2697 expert_rows=7544 expert_tiles=3216
[verify-width] w1=0 w2=5 w3=0 w4=0 w5=0 w6=0 w7=0 w8+=2              (w1 share 0.0% of 7 transactions)
[opens] expert file opens=142451 total=2.327s mean=0.016ms requested_bytes=2162571918528 (2162.6 GB)
[arrival] tiles=971 waves=1468 uncovered_wait=35.690s dispatch=8.122s
[retain] enabled=false cap_gb=8 layers=63..=92 consults=0 wanted=0 hits=0 inserts=0 served=0.0MB
[summer] enabled=false cap_gb=8 sample=16 consults=0 wanted=0 hits=0 hit_rate=0.0% misses=0 inserts=0 evictions=0 recycled=0 allocs=0 pin_skips=0 gated=0 ramp=2..50 bar=0 suppressed=0 wide_skips=0 served=0.0MB copied=0.0MB ssd_avoided=0.0GB live=0/0.0GB model=0 protected=0 declined=0 topup_suppressed=0 aged=0 into=0/0/0 pending=0
[mirror-split] internal=0 K3C=0 K3B=0 K3A=0  shares=0%/0%/0%/0%
[phases] mono=359375.045512 chunks=29 sequence=89.181s read_wait=0.171s bind_upload=1.522s attention_resident=7.178s expert_read_prefetch=32.154s expert_demand_read=19.455s expert_plan=2.058s expert_hint=0.000s expert_submit=0.000s expert_kernel=47.589s source_fence=0.000s tail_head_sync=0.441s layer_other=0.089s expert_read_gross=30.096s plan_hint=2.019s plan_sched=0.039s attn_total=9.707s attn_encode=2.313s attn_wait=6.829s attn_drain=0.565s kernel_total=18.442s kernel_host=1.496s kernel_wait=7.722s kernel_drain=9.224s
[attn-split] single: calls=2325 total=2.529s encode=0.958s wait=1.007s drain=0.565s waits=4025 untimed=750 | wide: calls=744 total=7.177s encode=1.355s wait=5.822s drain=0.000s waits=736 untimed=736 | hint: calls=3036 total=2.333s encode=0.010s wait=2.323s drain=0.000s waits=3375 untimed=3375
[kernel-split] single: calls=2507 total=8.799s encode=0.258s wait=0.142s drain=8.398s waits=2683 untimed=2036 | wide: calls=1574 total=9.643s encode=1.237s wait=7.580s drain=0.826s waits=1574 untimed=0
[kernel-sub] materialize=0.620s moe=8.764s precommit=8.409s rest=0.649s
[metal-cache] calls=11319 zero_copy_wraps=656 copies=0 cache_entries=206 bindless=true
 a
[stats] generated=40 elapsed=108.305s speed=0.3693 token/s (2.708 s/token) chunks=30 committed_rows=81 verify_tx=7 drafts=10/26 layer_passes=2790 expert_rows=7636 expert_tiles=3308
[verify-width] w1=0 w2=5 w3=0 w4=0 w5=0 w6=0 w7=0 w8+=2              (w1 share 0.0% of 7 transactions)
[opens] expert file opens=146401 total=2.385s mean=0.016ms requested_bytes=2197219015872 (2197.2 GB)
[arrival] tiles=972 waves=1476 uncovered_wait=35.697s dispatch=8.132s
[retain] enabled=false cap_gb=8 layers=63..=92 consults=0 wanted=0 hits=0 inserts=0 served=0.0MB
[summer] enabled=false cap_gb=8 sample=16 consults=0 wanted=0 hits=0 hit_rate=0.0% misses=0 inserts=0 evictions=0 recycled=0 allocs=0 pin_skips=0 gated=0 ramp=2..50 bar=0 suppressed=0 wide_skips=0 served=0.0MB copied=0.0MB ssd_avoided=0.0GB live=0/0.0GB model=0 protected=0 declined=0 topup_suppressed=0 aged=0 into=0/0/0 pending=0
[mirror-split] internal=0 K3C=0 K3B=0 K3A=0  shares=0%/0%/0%/0%
[phases] mono=359376.569669 chunks=30 sequence=90.703s read_wait=0.171s bind_upload=1.522s attention_resident=7.264s expert_read_prefetch=33.172s expert_demand_read=20.086s expert_plan=2.134s expert_hint=0.000s expert_submit=0.000s expert_kernel=47.989s source_fence=0.000s tail_head_sync=0.458s layer_other=0.091s expert_read_gross=31.037s plan_hint=2.094s plan_sched=0.040s attn_total=9.793s attn_encode=2.340s attn_wait=6.864s attn_drain=0.590s kernel_total=18.835s kernel_host=1.506s kernel_wait=7.727s kernel_drain=9.602s
[attn-split] single: calls=2418 total=2.615s encode=0.984s wait=1.042s drain=0.590s waits=4186 untimed=774 | wide: calls=744 total=7.177s encode=1.355s wait=5.822s drain=0.000s waits=736 untimed=736 | hint: calls=3128 total=2.408s encode=0.011s wait=2.397s drain=0.000s waits=3466 untimed=3466
[kernel-split] single: calls=2606 total=9.191s encode=0.268s wait=0.148s drain=8.776s waits=2790 untimed=2113 | wide: calls=1574 total=9.643s encode=1.237s wait=7.580s drain=0.826s waits=1574 untimed=0
[kernel-sub] materialize=0.620s moe=8.773s precommit=8.787s rest=0.654s
[metal-cache] calls=11418 zero_copy_wraps=656 copies=0 cache_entries=206 bindless=true
 lightweight
[stats] generated=41 elapsed=109.846s speed=0.3733 token/s (2.679 s/token) chunks=31 committed_rows=82 verify_tx=7 drafts=10/26 layer_passes=2883 expert_rows=7728 expert_tiles=3400
[verify-width] w1=0 w2=5 w3=0 w4=0 w5=0 w6=0 w7=0 w8+=2              (w1 share 0.0% of 7 transactions)
[opens] expert file opens=150391 total=2.448s mean=0.016ms requested_bytes=2232182013120 (2232.2 GB)
[arrival] tiles=973 waves=1483 uncovered_wait=35.708s dispatch=8.141s
[retain] enabled=false cap_gb=8 layers=63..=92 consults=0 wanted=0 hits=0 inserts=0 served=0.0MB
[summer] enabled=false cap_gb=8 sample=16 consults=0 wanted=0 hits=0 hit_rate=0.0% misses=0 inserts=0 evictions=0 recycled=0 allocs=0 pin_skips=0 gated=0 ramp=2..50 bar=0 suppressed=0 wide_skips=0 served=0.0MB copied=0.0MB ssd_avoided=0.0GB live=0/0.0GB model=0 protected=0 declined=0 topup_suppressed=0 aged=0 into=0/0/0 pending=0
[mirror-split] internal=0 K3C=0 K3B=0 K3A=0  shares=0%/0%/0%/0%
[phases] mono=359378.110753 chunks=31 sequence=92.243s read_wait=0.171s bind_upload=1.522s attention_resident=7.360s expert_read_prefetch=34.230s expert_demand_read=20.701s expert_plan=2.207s expert_hint=0.000s expert_submit=0.000s expert_kernel=48.358s source_fence=0.000s tail_head_sync=0.471s layer_other=0.093s expert_read_gross=32.023s plan_hint=2.166s plan_sched=0.041s attn_total=9.889s attn_encode=2.389s attn_wait=6.895s attn_drain=0.605s kernel_total=19.193s kernel_host=1.515s kernel_wait=7.733s kernel_drain=9.944s
[attn-split] single: calls=2511 total=2.712s encode=1.034s wait=1.073s drain=0.605s waits=4347 untimed=802 | wide: calls=744 total=7.177s encode=1.355s wait=5.822s drain=0.000s waits=736 untimed=736 | hint: calls=3220 total=2.479s encode=0.011s wait=2.468s drain=0.000s waits=3557 untimed=3557
[kernel-split] single: calls=2704 total=9.550s encode=0.278s wait=0.154s drain=9.118s waits=2895 untimed=2194 | wide: calls=1574 total=9.643s encode=1.237s wait=7.580s drain=0.826s waits=1574 untimed=0
[kernel-sub] materialize=0.620s moe=8.783s precommit=9.131s rest=0.659s
[metal-cache] calls=11516 zero_copy_wraps=656 copies=0 cache_entries=206 bindless=true
 "
[stats] generated=42 elapsed=111.284s speed=0.3774 token/s (2.650 s/token) chunks=32 committed_rows=83 verify_tx=7 drafts=10/26 layer_passes=2976 expert_rows=7820 expert_tiles=3492
[verify-width] w1=0 w2=5 w3=0 w4=0 w5=0 w6=0 w7=0 w8+=2              (w1 share 0.0% of 7 transactions)
[opens] expert file opens=154282 total=2.514s mean=0.016ms requested_bytes=2266346552512 (2266.3 GB)
[arrival] tiles=974 waves=1488 uncovered_wait=35.715s dispatch=8.150s
[retain] enabled=false cap_gb=8 layers=63..=92 consults=0 wanted=0 hits=0 inserts=0 served=0.0MB
[summer] enabled=false cap_gb=8 sample=16 consults=0 wanted=0 hits=0 hit_rate=0.0% misses=0 inserts=0 evictions=0 recycled=0 allocs=0 pin_skips=0 gated=0 ramp=2..50 bar=0 suppressed=0 wide_skips=0 served=0.0MB copied=0.0MB ssd_avoided=0.0GB live=0/0.0GB model=0 protected=0 declined=0 topup_suppressed=0 aged=0 into=0/0/0 pending=0
[mirror-split] internal=0 K3C=0 K3B=0 K3A=0  shares=0%/0%/0%/0%
[phases] mono=359379.548795 chunks=32 sequence=93.680s read_wait=0.171s bind_upload=1.522s attention_resident=7.427s expert_read_prefetch=35.233s expert_demand_read=21.292s expert_plan=2.284s expert_hint=0.000s expert_submit=0.000s expert_kernel=48.708s source_fence=0.000s tail_head_sync=0.488s layer_other=0.094s expert_read_gross=32.949s plan_hint=2.241s plan_sched=0.042s attn_total=9.955s attn_encode=2.411s attn_wait=6.928s attn_drain=0.617s kernel_total=19.535s kernel_host=1.525s kernel_wait=7.737s kernel_drain=10.273s
[attn-split] single: calls=2604 total=2.778s encode=1.056s wait=1.106s drain=0.617s waits=4508 untimed=834 | wide: calls=744 total=7.177s encode=1.355s wait=5.822s drain=0.000s waits=736 untimed=736 | hint: calls=3312 total=2.555s encode=0.011s wait=2.544s drain=0.000s waits=3648 untimed=3648
[kernel-split] single: calls=2800 total=9.892s encode=0.287s wait=0.158s drain=9.447s waits=2996 untimed=2276 | wide: calls=1574 total=9.643s encode=1.237s wait=7.580s drain=0.826s waits=1574 untimed=0
[kernel-sub] materialize=0.620s moe=8.792s precommit=9.460s rest=0.663s
[metal-cache] calls=11612 zero_copy_wraps=656 copies=0 cache_entries=206 bindless=true
router
[stats] generated=43 elapsed=112.830s speed=0.3811 token/s (2.624 s/token) chunks=33 committed_rows=84 verify_tx=7 drafts=10/26 layer_passes=3069 expert_rows=7912 expert_tiles=3584
[verify-width] w1=0 w2=5 w3=0 w4=0 w5=0 w6=0 w7=0 w8+=2              (w1 share 0.0% of 7 transactions)
[opens] expert file opens=158259 total=2.579s mean=0.016ms requested_bytes=2301230578880 (2301.2 GB)
[arrival] tiles=975 waves=1495 uncovered_wait=35.722s dispatch=8.160s
[retain] enabled=false cap_gb=8 layers=63..=92 consults=0 wanted=0 hits=0 inserts=0 served=0.0MB
[summer] enabled=false cap_gb=8 sample=16 consults=0 wanted=0 hits=0 hit_rate=0.0% misses=0 inserts=0 evictions=0 recycled=0 allocs=0 pin_skips=0 gated=0 ramp=2..50 bar=0 suppressed=0 wide_skips=0 served=0.0MB copied=0.0MB ssd_avoided=0.0GB live=0/0.0GB model=0 protected=0 declined=0 topup_suppressed=0 aged=0 into=0/0/0 pending=0
[mirror-split] internal=0 K3C=0 K3B=0 K3A=0  shares=0%/0%/0%/0%
[phases] mono=359381.095455 chunks=33 sequence=95.225s read_wait=0.171s bind_upload=1.522s attention_resident=7.501s expert_read_prefetch=36.309s expert_demand_read=21.918s expert_plan=2.363s expert_hint=0.000s expert_submit=0.000s expert_kernel=49.085s source_fence=0.000s tail_head_sync=0.505s layer_other=0.096s expert_read_gross=33.946s plan_hint=2.319s plan_sched=0.043s attn_total=10.029s attn_encode=2.433s attn_wait=6.952s attn_drain=0.643s kernel_total=19.905s kernel_host=1.534s kernel_wait=7.744s kernel_drain=10.626s
[attn-split] single: calls=2697 total=2.851s encode=1.078s wait=1.130s drain=0.643s waits=4669 untimed=852 | wide: calls=744 total=7.177s encode=1.355s wait=5.822s drain=0.000s waits=736 untimed=736 | hint: calls=3404 total=2.633s encode=0.011s wait=2.621s drain=0.000s waits=3739 untimed=3739
[kernel-split] single: calls=2898 total=10.261s encode=0.297s wait=0.164s drain=9.800s waits=3101 untimed=2356 | wide: calls=1574 total=9.643s encode=1.237s wait=7.580s drain=0.826s waits=1574 untimed=0
[kernel-sub] materialize=0.620s moe=8.801s precommit=9.815s rest=0.668s
[metal-cache] calls=11710 zero_copy_wraps=656 copies=0 cache_entries=206 bindless=true
"
[stats] generated=44 elapsed=114.324s speed=0.3849 token/s (2.598 s/token) chunks=34 committed_rows=85 verify_tx=7 drafts=10/26 layer_passes=3162 expert_rows=8004 expert_tiles=3676
[verify-width] w1=0 w2=5 w3=0 w4=0 w5=0 w6=0 w7=0 w8+=2              (w1 share 0.0% of 7 transactions)
[opens] expert file opens=162185 total=2.636s mean=0.016ms requested_bytes=2335693470912 (2335.7 GB)
[arrival] tiles=976 waves=1503 uncovered_wait=35.740s dispatch=8.171s
[retain] enabled=false cap_gb=8 layers=63..=92 consults=0 wanted=0 hits=0 inserts=0 served=0.0MB
[summer] enabled=false cap_gb=8 sample=16 consults=0 wanted=0 hits=0 hit_rate=0.0% misses=0 inserts=0 evictions=0 recycled=0 allocs=0 pin_skips=0 gated=0 ramp=2..50 bar=0 suppressed=0 wide_skips=0 served=0.0MB copied=0.0MB ssd_avoided=0.0GB live=0/0.0GB model=0 protected=0 declined=0 topup_suppressed=0 aged=0 into=0/0/0 pending=0
[mirror-split] internal=0 K3C=0 K3B=0 K3A=0  shares=0%/0%/0%/0%
[phases] mono=359382.588979 chunks=34 sequence=96.718s read_wait=0.171s bind_upload=1.522s attention_resident=7.578s expert_read_prefetch=37.362s expert_demand_read=22.518s expert_plan=2.437s expert_hint=0.000s expert_submit=0.000s expert_kernel=49.433s source_fence=0.000s tail_head_sync=0.517s layer_other=0.098s expert_read_gross=34.925s plan_hint=2.392s plan_sched=0.044s attn_total=10.106s attn_encode=2.459s attn_wait=6.980s attn_drain=0.667s kernel_total=20.235s kernel_host=1.544s kernel_wait=7.750s kernel_drain=10.941s
[attn-split] single: calls=2790 total=2.929s encode=1.104s wait=1.158s drain=0.667s waits=4830 untimed=878 | wide: calls=744 total=7.177s encode=1.355s wait=5.822s drain=0.000s waits=736 untimed=736 | hint: calls=3496 total=2.705s encode=0.012s wait=2.694s drain=0.000s waits=3830 untimed=3830
[kernel-split] single: calls=2997 total=10.592s encode=0.307s wait=0.170s drain=10.115s waits=3208 untimed=2440 | wide: calls=1574 total=9.643s encode=1.237s wait=7.580s drain=0.826s waits=1574 untimed=0
[kernel-sub] materialize=0.620s moe=8.812s precommit=10.130s rest=0.672s
[metal-cache] calls=11809 zero_copy_wraps=656 copies=0 cache_entries=206 bindless=true
 (
[stats] generated=45 elapsed=115.847s speed=0.3884 token/s (2.574 s/token) chunks=35 committed_rows=86 verify_tx=7 drafts=10/26 layer_passes=3255 expert_rows=8096 expert_tiles=3768
[verify-width] w1=0 w2=5 w3=0 w4=0 w5=0 w6=0 w7=0 w8+=2              (w1 share 0.0% of 7 transactions)
[opens] expert file opens=166198 total=2.691s mean=0.016ms requested_bytes=2370875817152 (2370.9 GB)
[arrival] tiles=977 waves=1510 uncovered_wait=35.747s dispatch=8.180s
[retain] enabled=false cap_gb=8 layers=63..=92 consults=0 wanted=0 hits=0 inserts=0 served=0.0MB
[summer] enabled=false cap_gb=8 sample=16 consults=0 wanted=0 hits=0 hit_rate=0.0% misses=0 inserts=0 evictions=0 recycled=0 allocs=0 pin_skips=0 gated=0 ramp=2..50 bar=0 suppressed=0 wide_skips=0 served=0.0MB copied=0.0MB ssd_avoided=0.0GB live=0/0.0GB model=0 protected=0 declined=0 topup_suppressed=0 aged=0 into=0/0/0 pending=0
[mirror-split] internal=0 K3C=0 K3B=0 K3A=0  shares=0%/0%/0%/0%
[phases] mono=359384.112529 chunks=35 sequence=98.240s read_wait=0.171s bind_upload=1.522s attention_resident=7.664s expert_read_prefetch=38.413s expert_demand_read=23.164s expert_plan=2.504s expert_hint=0.000s expert_submit=0.000s expert_kernel=49.798s source_fence=0.000s tail_head_sync=0.535s layer_other=0.099s expert_read_gross=35.910s plan_hint=2.458s plan_sched=0.045s attn_total=10.192s attn_encode=2.495s attn_wait=7.013s attn_drain=0.684s kernel_total=20.592s kernel_host=1.553s kernel_wait=7.755s kernel_drain=11.285s
[attn-split] single: calls=2883 total=3.014s encode=1.139s wait=1.191s drain=0.684s waits=4991 untimed=910 | wide: calls=744 total=7.177s encode=1.355s wait=5.822s drain=0.000s waits=736 untimed=736 | hint: calls=3588 total=2.771s encode=0.012s wait=2.759s drain=0.000s waits=3921 untimed=3921
[kernel-split] single: calls=3095 total=10.949s encode=0.316s wait=0.175s drain=10.459s waits=3313 untimed=2520 | wide: calls=1574 total=9.643s encode=1.237s wait=7.580s drain=0.826s waits=1574 untimed=0
[kernel-sub] materialize=0.620s moe=8.821s precommit=10.474s rest=0.677s
[metal-cache] calls=11907 zero_copy_wraps=656 copies=0 cache_entries=206 bindless=true
[route-chain] chained=2070
[route-chain] dedup_hits=2070
or
[stats] generated=46 elapsed=117.365s speed=0.3919 token/s (2.551 s/token) chunks=36 committed_rows=87 verify_tx=7 drafts=10/26 layer_passes=3348 expert_rows=8188 expert_tiles=3860
[verify-width] w1=0 w2=5 w3=0 w4=0 w5=0 w6=0 w7=0 w8+=2              (w1 share 0.0% of 7 transactions)
[opens] expert file opens=170189 total=2.756s mean=0.016ms requested_bytes=2405908970688 (2405.9 GB)
[arrival] tiles=978 waves=1518 uncovered_wait=35.763s dispatch=8.188s
[retain] enabled=false cap_gb=8 layers=63..=92 consults=0 wanted=0 hits=0 inserts=0 served=0.0MB
[summer] enabled=false cap_gb=8 sample=16 consults=0 wanted=0 hits=0 hit_rate=0.0% misses=0 inserts=0 evictions=0 recycled=0 allocs=0 pin_skips=0 gated=0 ramp=2..50 bar=0 suppressed=0 wide_skips=0 served=0.0MB copied=0.0MB ssd_avoided=0.0GB live=0/0.0GB model=0 protected=0 declined=0 topup_suppressed=0 aged=0 into=0/0/0 pending=0
[mirror-split] internal=0 K3C=0 K3B=0 K3A=0  shares=0%/0%/0%/0%
[phases] mono=359385.630098 chunks=36 sequence=99.756s read_wait=0.171s bind_upload=1.522s attention_resident=7.744s expert_read_prefetch=39.442s expert_demand_read=23.791s expert_plan=2.574s expert_hint=0.000s expert_submit=0.000s expert_kernel=50.187s source_fence=0.000s tail_head_sync=0.551s layer_other=0.101s expert_read_gross=36.868s plan_hint=2.527s plan_sched=0.046s attn_total=10.272s attn_encode=2.516s attn_wait=7.050s attn_drain=0.706s kernel_total=20.966s kernel_host=1.563s kernel_wait=7.759s kernel_drain=11.644s
[attn-split] single: calls=2976 total=3.094s encode=1.161s wait=1.228s drain=0.706s waits=5152 untimed=934 | wide: calls=744 total=7.177s encode=1.355s wait=5.822s drain=0.000s waits=736 untimed=736 | hint: calls=3680 total=2.840s encode=0.012s wait=2.828s drain=0.000s waits=4012 untimed=4012
[kernel-split] single: calls=3194 total=11.322s encode=0.325s wait=0.180s drain=10.818s waits=3420 untimed=2605 | wide: calls=1574 total=9.643s encode=1.237s wait=7.580s drain=0.826s waits=1574 untimed=0
[kernel-sub] materialize=0.620s moe=8.829s precommit=10.835s rest=0.682s
[metal-cache] calls=12006 zero_copy_wraps=656 copies=0 cache_entries=206 bindless=true
 g
[stats] generated=47 elapsed=118.850s speed=0.3955 token/s (2.529 s/token) chunks=37 committed_rows=88 verify_tx=7 drafts=10/26 layer_passes=3441 expert_rows=8280 expert_tiles=3952
[verify-width] w1=0 w2=5 w3=0 w4=0 w5=0 w6=0 w7=0 w8+=2              (w1 share 0.0% of 7 transactions)
[opens] expert file opens=174110 total=2.829s mean=0.016ms requested_bytes=2440310422720 (2440.3 GB)
[arrival] tiles=979 waves=1526 uncovered_wait=35.771s dispatch=8.199s
[retain] enabled=false cap_gb=8 layers=63..=92 consults=0 wanted=0 hits=0 inserts=0 served=0.0MB
[summer] enabled=false cap_gb=8 sample=16 consults=0 wanted=0 hits=0 hit_rate=0.0% misses=0 inserts=0 evictions=0 recycled=0 allocs=0 pin_skips=0 gated=0 ramp=2..50 bar=0 suppressed=0 wide_skips=0 served=0.0MB copied=0.0MB ssd_avoided=0.0GB live=0/0.0GB model=0 protected=0 declined=0 topup_suppressed=0 aged=0 into=0/0/0 pending=0
[mirror-split] internal=0 K3C=0 K3B=0 K3A=0  shares=0%/0%/0%/0%
[phases] mono=359387.114925 chunks=37 sequence=101.240s read_wait=0.171s bind_upload=1.522s attention_resident=7.821s expert_read_prefetch=40.467s expert_demand_read=24.401s expert_plan=2.665s expert_hint=0.000s expert_submit=0.000s expert_kernel=50.550s source_fence=0.000s tail_head_sync=0.568s layer_other=0.103s expert_read_gross=37.801s plan_hint=2.617s plan_sched=0.047s attn_total=10.348s attn_encode=2.542s attn_wait=7.072s attn_drain=0.734s kernel_total=21.321s kernel_host=1.572s kernel_wait=7.766s kernel_drain=11.982s
[attn-split] single: calls=3069 total=3.171s encode=1.186s wait=1.250s drain=0.734s waits=5313 untimed=952 | wide: calls=744 total=7.177s encode=1.355s wait=5.822s drain=0.000s waits=736 untimed=736 | hint: calls=3772 total=2.930s encode=0.012s wait=2.918s drain=0.000s waits=4103 untimed=4103
[kernel-split] single: calls=3293 total=11.677s encode=0.335s wait=0.187s drain=11.156s waits=3527 untimed=2684 | wide: calls=1574 total=9.643s encode=1.237s wait=7.580s drain=0.826s waits=1574 untimed=0
[kernel-sub] materialize=0.620s moe=8.839s precommit=11.174s rest=0.687s
[metal-cache] calls=12105 zero_copy_wraps=656 copies=0 cache_entries=206 bindless=true
ating
[stats] generated=48 elapsed=120.298s speed=0.3990 token/s (2.506 s/token) chunks=38 committed_rows=89 verify_tx=7 drafts=10/26 layer_passes=3534 expert_rows=8372 expert_tiles=4044
[verify-width] w1=0 w2=5 w3=0 w4=0 w5=0 w6=0 w7=0 w8+=2              (w1 share 0.0% of 7 transactions)
[opens] expert file opens=177962 total=2.886s mean=0.016ms requested_bytes=2474088938688 (2474.1 GB)
[arrival] tiles=980 waves=1533 uncovered_wait=35.779s dispatch=8.209s
[retain] enabled=false cap_gb=8 layers=63..=92 consults=0 wanted=0 hits=0 inserts=0 served=0.0MB
[summer] enabled=false cap_gb=8 sample=16 consults=0 wanted=0 hits=0 hit_rate=0.0% misses=0 inserts=0 evictions=0 recycled=0 allocs=0 pin_skips=0 gated=0 ramp=2..50 bar=0 suppressed=0 wide_skips=0 served=0.0MB copied=0.0MB ssd_avoided=0.0GB live=0/0.0GB model=0 protected=0 declined=0 topup_suppressed=0 aged=0 into=0/0/0 pending=0
[mirror-split] internal=0 K3C=0 K3B=0 K3A=0  shares=0%/0%/0%/0%
[phases] mono=359388.563092 chunks=38 sequence=102.686s read_wait=0.171s bind_upload=1.522s attention_resident=7.896s expert_read_prefetch=41.447s expert_demand_read=24.999s expert_plan=2.741s expert_hint=0.000s expert_submit=0.000s expert_kernel=50.922s source_fence=0.000s tail_head_sync=0.585s layer_other=0.105s expert_read_gross=38.706s plan_hint=2.692s plan_sched=0.049s attn_total=10.423s attn_encode=2.566s attn_wait=7.102s attn_drain=0.755s kernel_total=21.684s kernel_host=1.582s kernel_wait=7.773s kernel_drain=12.329s
[attn-split] single: calls=3162 total=3.246s encode=1.210s wait=1.280s drain=0.755s waits=5474 untimed=978 | wide: calls=744 total=7.177s encode=1.355s wait=5.822s drain=0.000s waits=736 untimed=736 | hint: calls=3864 total=3.005s encode=0.013s wait=2.993s drain=0.000s waits=4194 untimed=4194
[kernel-split] single: calls=3391 total=12.041s encode=0.345s wait=0.193s drain=11.503s waits=3632 untimed=2769 | wide: calls=1574 total=9.643s encode=1.237s wait=7.580s drain=0.826s waits=1574 untimed=0
[kernel-sub] materialize=0.620s moe=8.849s precommit=11.523s rest=0.692s
[metal-cache] calls=12203 zero_copy_wraps=656 copies=0 cache_entries=206 bindless=true
 network
[stats] generated=49 elapsed=121.872s speed=0.4021 token/s (2.487 s/token) chunks=39 committed_rows=90 verify_tx=7 drafts=10/26 layer_passes=3627 expert_rows=8464 expert_tiles=4136
[verify-width] w1=0 w2=5 w3=0 w4=0 w5=0 w6=0 w7=0 w8+=2              (w1 share 0.0% of 7 transactions)
[opens] expert file opens=182017 total=2.946s mean=0.016ms requested_bytes=2509666073792 (2509.7 GB)
[arrival] tiles=981 waves=1540 uncovered_wait=35.789s dispatch=8.219s
[retain] enabled=false cap_gb=8 layers=63..=92 consults=0 wanted=0 hits=0 inserts=0 served=0.0MB
[summer] enabled=false cap_gb=8 sample=16 consults=0 wanted=0 hits=0 hit_rate=0.0% misses=0 inserts=0 evictions=0 recycled=0 allocs=0 pin_skips=0 gated=0 ramp=2..50 bar=0 suppressed=0 wide_skips=0 served=0.0MB copied=0.0MB ssd_avoided=0.0GB live=0/0.0GB model=0 protected=0 declined=0 topup_suppressed=0 aged=0 into=0/0/0 pending=0
[mirror-split] internal=0 K3C=0 K3B=0 K3A=0  shares=0%/0%/0%/0%
[phases] mono=359390.137394 chunks=39 sequence=104.259s read_wait=0.171s bind_upload=1.522s attention_resident=7.992s expert_read_prefetch=42.510s expert_demand_read=25.637s expert_plan=2.817s expert_hint=0.000s expert_submit=0.000s expert_kernel=51.321s source_fence=0.000s tail_head_sync=0.598s layer_other=0.107s expert_read_gross=39.694s plan_hint=2.766s plan_sched=0.050s attn_total=10.519s attn_encode=2.600s attn_wait=7.137s attn_drain=0.781s kernel_total=22.073s kernel_host=1.592s kernel_wait=7.779s kernel_drain=12.702s
[attn-split] single: calls=3255 total=3.341s encode=1.245s wait=1.315s drain=0.781s waits=5635 untimed=997 | wide: calls=744 total=7.177s encode=1.355s wait=5.822s drain=0.000s waits=736 untimed=736 | hint: calls=3956 total=3.079s encode=0.013s wait=3.066s drain=0.000s waits=4285 untimed=4285
[kernel-split] single: calls=3489 total=12.430s encode=0.354s wait=0.199s drain=11.876s waits=3737 untimed=2854 | wide: calls=1574 total=9.643s encode=1.237s wait=7.580s drain=0.826s waits=1574 untimed=0
[kernel-sub] materialize=0.620s moe=8.859s precommit=11.897s rest=0.696s
[metal-cache] calls=12301 zero_copy_wraps=656 copies=0 cache_entries=206 bindless=true
)
[stats] generated=50 elapsed=123.401s speed=0.4052 token/s (2.468 s/token) chunks=40 committed_rows=91 verify_tx=7 drafts=10/26 layer_passes=3720 expert_rows=8556 expert_tiles=4228
[verify-width] w1=0 w2=5 w3=0 w4=0 w5=0 w6=0 w7=0 w8+=2              (w1 share 0.0% of 7 transactions)
[opens] expert file opens=186066 total=3.002s mean=0.016ms requested_bytes=2545208097984 (2545.2 GB)
[arrival] tiles=982 waves=1548 uncovered_wait=35.799s dispatch=8.230s
[retain] enabled=false cap_gb=8 layers=63..=92 consults=0 wanted=0 hits=0 inserts=0 served=0.0MB
[summer] enabled=false cap_gb=8 sample=16 consults=0 wanted=0 hits=0 hit_rate=0.0% misses=0 inserts=0 evictions=0 recycled=0 allocs=0 pin_skips=0 gated=0 ramp=2..50 bar=0 suppressed=0 wide_skips=0 served=0.0MB copied=0.0MB ssd_avoided=0.0GB live=0/0.0GB model=0 protected=0 declined=0 topup_suppressed=0 aged=0 into=0/0/0 pending=0
[mirror-split] internal=0 K3C=0 K3B=0 K3A=0  shares=0%/0%/0%/0%
[phases] mono=359391.666563 chunks=40 sequence=105.787s read_wait=0.171s bind_upload=1.522s attention_resident=8.074s expert_read_prefetch=43.513s expert_demand_read=26.216s expert_plan=2.893s expert_hint=0.000s expert_submit=0.000s expert_kernel=51.744s source_fence=0.000s tail_head_sync=0.615s layer_other=0.109s expert_read_gross=40.619s plan_hint=2.841s plan_sched=0.051s attn_total=10.601s attn_encode=2.625s attn_wait=7.172s attn_drain=0.803s kernel_total=22.486s kernel_host=1.603s kernel_wait=7.786s kernel_drain=13.097s
[attn-split] single: calls=3348 total=3.423s encode=1.270s wait=1.350s drain=0.803s waits=5796 untimed=1019 | wide: calls=744 total=7.177s encode=1.355s wait=5.822s drain=0.000s waits=736 untimed=736 | hint: calls=4048 total=3.155s encode=0.013s wait=3.142s drain=0.000s waits=4376 untimed=4376
[kernel-split] single: calls=3588 total=12.842s encode=0.366s wait=0.206s drain=12.270s waits=3844 untimed=2935 | wide: calls=1574 total=9.643s encode=1.237s wait=7.580s drain=0.826s waits=1574 untimed=0
[kernel-sub] materialize=0.620s moe=8.871s precommit=12.293s rest=0.702s
[metal-cache] calls=12400 zero_copy_wraps=656 copies=0 cache_entries=206 bindless=true
 that
[stats] generated=51 elapsed=124.958s speed=0.4081 token/s (2.450 s/token) chunks=41 committed_rows=92 verify_tx=7 drafts=10/26 layer_passes=3813 expert_rows=8648 expert_tiles=4320
[verify-width] w1=0 w2=5 w3=0 w4=0 w5=0 w6=0 w7=0 w8+=2              (w1 share 0.0% of 7 transactions)
[opens] expert file opens=190132 total=3.062s mean=0.016ms requested_bytes=2580837907648 (2580.8 GB)
[arrival] tiles=983 waves=1556 uncovered_wait=35.807s dispatch=8.242s
[retain] enabled=false cap_gb=8 layers=63..=92 consults=0 wanted=0 hits=0 inserts=0 served=0.0MB
[summer] enabled=false cap_gb=8 sample=16 consults=0 wanted=0 hits=0 hit_rate=0.0% misses=0 inserts=0 evictions=0 recycled=0 allocs=0 pin_skips=0 gated=0 ramp=2..50 bar=0 suppressed=0 wide_skips=0 served=0.0MB copied=0.0MB ssd_avoided=0.0GB live=0/0.0GB model=0 protected=0 declined=0 topup_suppressed=0 aged=0 into=0/0/0 pending=0
[mirror-split] internal=0 K3C=0 K3B=0 K3A=0  shares=0%/0%/0%/0%
[phases] mono=359393.223566 chunks=41 sequence=107.343s read_wait=0.171s bind_upload=1.522s attention_resident=8.145s expert_read_prefetch=44.635s expert_demand_read=26.853s expert_plan=2.975s expert_hint=0.000s expert_submit=0.000s expert_kernel=52.087s source_fence=0.000s tail_head_sync=0.633s layer_other=0.111s expert_read_gross=41.660s plan_hint=2.922s plan_sched=0.052s attn_total=10.672s attn_encode=2.648s attn_wait=7.196s attn_drain=0.828s kernel_total=22.821s kernel_host=1.615s kernel_wait=7.792s kernel_drain=13.414s
[attn-split] single: calls=3441 total=3.494s encode=1.293s wait=1.374s drain=0.828s waits=5957 untimed=1036 | wide: calls=744 total=7.177s encode=1.355s wait=5.822s drain=0.000s waits=736 untimed=736 | hint: calls=4140 total=3.235s encode=0.013s wait=3.222s drain=0.000s waits=4467 untimed=4467
[kernel-split] single: calls=3687 total=13.178s encode=0.377s wait=0.213s drain=12.588s waits=3951 untimed=3016 | wide: calls=1574 total=9.643s encode=1.237s wait=7.580s drain=0.826s waits=1574 untimed=0
[kernel-sub] materialize=0.620s moe=8.882s precommit=12.612s rest=0.707s
[metal-cache] calls=12499 zero_copy_wraps=656 copies=0 cache_entries=206 bindless=true
 decides
[stats] generated=52 elapsed=126.459s speed=0.4112 token/s (2.432 s/token) chunks=42 committed_rows=93 verify_tx=7 drafts=10/26 layer_passes=3906 expert_rows=8740 expert_tiles=4412
[verify-width] w1=0 w2=5 w3=0 w4=0 w5=0 w6=0 w7=0 w8+=2              (w1 share 0.0% of 7 transactions)
[opens] expert file opens=193993 total=3.124s mean=0.016ms requested_bytes=2614695443648 (2614.7 GB)
[arrival] tiles=984 waves=1564 uncovered_wait=35.819s dispatch=8.251s
[retain] enabled=false cap_gb=8 layers=63..=92 consults=0 wanted=0 hits=0 inserts=0 served=0.0MB
[summer] enabled=false cap_gb=8 sample=16 consults=0 wanted=0 hits=0 hit_rate=0.0% misses=0 inserts=0 evictions=0 recycled=0 allocs=0 pin_skips=0 gated=0 ramp=2..50 bar=0 suppressed=0 wide_skips=0 served=0.0MB copied=0.0MB ssd_avoided=0.0GB live=0/0.0GB model=0 protected=0 declined=0 topup_suppressed=0 aged=0 into=0/0/0 pending=0
[mirror-split] internal=0 K3C=0 K3B=0 K3A=0  shares=0%/0%/0%/0%
[phases] mono=359394.723861 chunks=42 sequence=108.841s read_wait=0.171s bind_upload=1.522s attention_resident=8.218s expert_read_prefetch=45.700s expert_demand_read=27.508s expert_plan=3.042s expert_hint=0.000s expert_submit=0.000s expert_kernel=52.433s source_fence=0.000s tail_head_sync=0.647s layer_other=0.112s expert_read_gross=42.657s plan_hint=2.988s plan_sched=0.053s attn_total=10.744s attn_encode=2.676s attn_wait=7.221s attn_drain=0.847s kernel_total=23.154s kernel_host=1.626s kernel_wait=7.797s kernel_drain=13.732s
[attn-split] single: calls=3534 total=3.567s encode=1.321s wait=1.399s drain=0.847s waits=6118 untimed=1058 | wide: calls=744 total=7.177s encode=1.355s wait=5.822s drain=0.000s waits=736 untimed=736 | hint: calls=4232 total=3.301s encode=0.014s wait=3.288s drain=0.000s waits=4558 untimed=4558
[kernel-split] single: calls=3786 total=13.511s encode=0.388s wait=0.217s drain=12.906s waits=4058 untimed=3102 | wide: calls=1574 total=9.643s encode=1.237s wait=7.580s drain=0.826s waits=1574 untimed=0
[kernel-sub] materialize=0.620s moe=8.891s precommit=12.930s rest=0.713s
[metal-cache] calls=12598 zero_copy_wraps=656 copies=0 cache_entries=206 bindless=true
 which
[stats] generated=53 elapsed=127.958s speed=0.4142 token/s (2.414 s/token) chunks=43 committed_rows=94 verify_tx=7 drafts=10/26 layer_passes=3999 expert_rows=8832 expert_tiles=4504
[verify-width] w1=0 w2=5 w3=0 w4=0 w5=0 w6=0 w7=0 w8+=2              (w1 share 0.0% of 7 transactions)
[opens] expert file opens=197795 total=3.180s mean=0.016ms requested_bytes=2648035310784 (2648.0 GB)
[arrival] tiles=985 waves=1572 uncovered_wait=35.828s dispatch=8.261s
[retain] enabled=false cap_gb=8 layers=63..=92 consults=0 wanted=0 hits=0 inserts=0 served=0.0MB
[summer] enabled=false cap_gb=8 sample=16 consults=0 wanted=0 hits=0 hit_rate=0.0% misses=0 inserts=0 evictions=0 recycled=0 allocs=0 pin_skips=0 gated=0 ramp=2..50 bar=0 suppressed=0 wide_skips=0 served=0.0MB copied=0.0MB ssd_avoided=0.0GB live=0/0.0GB model=0 protected=0 declined=0 topup_suppressed=0 aged=0 into=0/0/0 pending=0
[mirror-split] internal=0 K3C=0 K3B=0 K3A=0  shares=0%/0%/0%/0%
[phases] mono=359396.222915 chunks=43 sequence=110.339s read_wait=0.171s bind_upload=1.522s attention_resident=8.307s expert_read_prefetch=46.715s expert_demand_read=28.084s expert_plan=3.121s expert_hint=0.000s expert_submit=0.000s expert_kernel=52.810s source_fence=0.000s tail_head_sync=0.660s layer_other=0.114s expert_read_gross=43.594s plan_hint=3.066s plan_sched=0.055s attn_total=10.834s attn_encode=2.718s attn_wait=7.241s attn_drain=0.874s kernel_total=23.523s kernel_host=1.636s kernel_wait=7.801s kernel_drain=14.086s
[attn-split] single: calls=3627 total=3.656s encode=1.363s wait=1.419s drain=0.874s waits=6279 untimed=1081 | wide: calls=744 total=7.177s encode=1.355s wait=5.822s drain=0.000s waits=736 untimed=736 | hint: calls=4324 total=3.379s encode=0.014s wait=3.365s drain=0.000s waits=4649 untimed=4649
[kernel-split] single: calls=3885 total=13.880s encode=0.398s wait=0.222s drain=13.260s waits=4165 untimed=3186 | wide: calls=1574 total=9.643s encode=1.237s wait=7.580s drain=0.826s waits=1574 untimed=0
[kernel-sub] materialize=0.620s moe=8.901s precommit=13.285s rest=0.718s
[metal-cache] calls=12697 zero_copy_wraps=656 copies=0 cache_entries=206 bindless=true
 experts
[stats] generated=54 elapsed=129.472s speed=0.4171 token/s (2.398 s/token) chunks=44 committed_rows=95 verify_tx=7 drafts=10/26 layer_passes=4092 expert_rows=8924 expert_tiles=4596
[verify-width] w1=0 w2=5 w3=0 w4=0 w5=0 w6=0 w7=0 w8+=2              (w1 share 0.0% of 7 transactions)
[opens] expert file opens=201667 total=3.244s mean=0.016ms requested_bytes=2682015595712 (2682.0 GB)
[arrival] tiles=986 waves=1579 uncovered_wait=35.836s dispatch=8.268s
[retain] enabled=false cap_gb=8 layers=63..=92 consults=0 wanted=0 hits=0 inserts=0 served=0.0MB
[summer] enabled=false cap_gb=8 sample=16 consults=0 wanted=0 hits=0 hit_rate=0.0% misses=0 inserts=0 evictions=0 recycled=0 allocs=0 pin_skips=0 gated=0 ramp=2..50 bar=0 suppressed=0 wide_skips=0 served=0.0MB copied=0.0MB ssd_avoided=0.0GB live=0/0.0GB model=0 protected=0 declined=0 topup_suppressed=0 aged=0 into=0/0/0 pending=0
[mirror-split] internal=0 K3C=0 K3B=0 K3A=0  shares=0%/0%/0%/0%
[phases] mono=359397.737193 chunks=44 sequence=111.852s read_wait=0.171s bind_upload=1.522s attention_resident=8.380s expert_read_prefetch=47.749s expert_demand_read=28.743s expert_plan=3.189s expert_hint=0.000s expert_submit=0.000s expert_kernel=53.198s source_fence=0.000s tail_head_sync=0.678s layer_other=0.116s expert_read_gross=44.560s plan_hint=3.132s plan_sched=0.056s attn_total=10.906s attn_encode=2.740s attn_wait=7.269s attn_drain=0.897s kernel_total=23.902s kernel_host=1.645s kernel_wait=7.805s kernel_drain=14.451s
[attn-split] single: calls=3720 total=3.728s encode=1.384s wait=1.448s drain=0.897s waits=6440 untimed=1108 | wide: calls=744 total=7.177s encode=1.355s wait=5.822s drain=0.000s waits=736 untimed=736 | hint: calls=4416 total=3.445s encode=0.014s wait=3.431s drain=0.000s waits=4740 untimed=4740
[kernel-split] single: calls=3983 total=14.258s encode=0.408s wait=0.225s drain=13.625s waits=4270 untimed=3267 | wide: calls=1574 total=9.643s encode=1.237s wait=7.580s drain=0.826s waits=1574 untimed=0
[kernel-sub] materialize=0.620s moe=8.908s precommit=13.651s rest=0.723s
[metal-cache] calls=12795 zero_copy_wraps=656 copies=0 cache_entries=206 bindless=true
 should
[stats] generated=55 elapsed=130.921s speed=0.4201 token/s (2.380 s/token) chunks=45 committed_rows=96 verify_tx=7 drafts=10/26 layer_passes=4185 expert_rows=9016 expert_tiles=4688
[verify-width] w1=0 w2=5 w3=0 w4=0 w5=0 w6=0 w7=0 w8+=2              (w1 share 0.0% of 7 transactions)
[opens] expert file opens=205556 total=3.306s mean=0.016ms requested_bytes=2716109978816 (2716.1 GB)
[arrival] tiles=987 waves=1587 uncovered_wait=35.847s dispatch=8.276s
[retain] enabled=false cap_gb=8 layers=63..=92 consults=0 wanted=0 hits=0 inserts=0 served=0.0MB
[summer] enabled=false cap_gb=8 sample=16 consults=0 wanted=0 hits=0 hit_rate=0.0% misses=0 inserts=0 evictions=0 recycled=0 allocs=0 pin_skips=0 gated=0 ramp=2..50 bar=0 suppressed=0 wide_skips=0 served=0.0MB copied=0.0MB ssd_avoided=0.0GB live=0/0.0GB model=0 protected=0 declined=0 topup_suppressed=0 aged=0 into=0/0/0 pending=0
[mirror-split] internal=0 K3C=0 K3B=0 K3A=0  shares=0%/0%/0%/0%
[phases] mono=359399.185642 chunks=45 sequence=113.299s read_wait=0.171s bind_upload=1.522s attention_resident=8.460s expert_read_prefetch=48.705s expert_demand_read=29.327s expert_plan=3.258s expert_hint=0.000s expert_submit=0.000s expert_kernel=53.591s source_fence=0.000s tail_head_sync=0.694s layer_other=0.117s expert_read_gross=45.446s plan_hint=3.200s plan_sched=0.057s attn_total=10.986s attn_encode=2.762s attn_wait=7.295s attn_drain=0.928s kernel_total=24.283s kernel_host=1.655s kernel_wait=7.810s kernel_drain=14.818s
[attn-split] single: calls=3813 total=3.809s encode=1.407s wait=1.473s drain=0.928s waits=6601 untimed=1138 | wide: calls=744 total=7.177s encode=1.355s wait=5.822s drain=0.000s waits=736 untimed=736 | hint: calls=4508 total=3.513s encode=0.014s wait=3.499s drain=0.000s waits=4831 untimed=4831
[kernel-split] single: calls=4082 total=14.640s encode=0.418s wait=0.230s drain=13.992s waits=4377 untimed=3352 | wide: calls=1574 total=9.643s encode=1.237s wait=7.580s drain=0.826s waits=1574 untimed=0
[kernel-sub] materialize=0.620s moe=8.916s precommit=14.019s rest=0.727s
[metal-cache] calls=12894 zero_copy_wraps=656 copies=0 cache_entries=206 bindless=true
[route-chain] chained=2760
[route-chain] dedup_hits=2760
 process
[stats] generated=56 elapsed=132.437s speed=0.4228 token/s (2.365 s/token) chunks=46 committed_rows=97 verify_tx=7 drafts=10/26 layer_passes=4278 expert_rows=9108 expert_tiles=4780
[verify-width] w1=0 w2=5 w3=0 w4=0 w5=0 w6=0 w7=0 w8+=2              (w1 share 0.0% of 7 transactions)
[opens] expert file opens=209458 total=3.359s mean=0.016ms requested_bytes=2750362254528 (2750.4 GB)
[arrival] tiles=988 waves=1594 uncovered_wait=35.854s dispatch=8.286s
[retain] enabled=false cap_gb=8 layers=63..=92 consults=0 wanted=0 hits=0 inserts=0 served=0.0MB
[summer] enabled=false cap_gb=8 sample=16 consults=0 wanted=0 hits=0 hit_rate=0.0% misses=0 inserts=0 evictions=0 recycled=0 allocs=0 pin_skips=0 gated=0 ramp=2..50 bar=0 suppressed=0 wide_skips=0 served=0.0MB copied=0.0MB ssd_avoided=0.0GB live=0/0.0GB model=0 protected=0 declined=0 topup_suppressed=0 aged=0 into=0/0/0 pending=0
[mirror-split] internal=0 K3C=0 K3B=0 K3A=0  shares=0%/0%/0%/0%
[phases] mono=359400.702347 chunks=46 sequence=114.814s read_wait=0.171s bind_upload=1.522s attention_resident=8.538s expert_read_prefetch=49.719s expert_demand_read=29.935s expert_plan=3.337s expert_hint=0.000s expert_submit=0.000s expert_kernel=53.995s source_fence=0.000s tail_head_sync=0.710s layer_other=0.119s expert_read_gross=46.382s plan_hint=3.278s plan_sched=0.058s attn_total=11.064s attn_encode=2.788s attn_wait=7.319s attn_drain=0.957s kernel_total=24.680s kernel_host=1.665s kernel_wait=7.816s kernel_drain=15.199s
[attn-split] single: calls=3906 total=3.887s encode=1.433s wait=1.497s drain=0.957s waits=6762 untimed=1164 | wide: calls=744 total=7.177s encode=1.355s wait=5.822s drain=0.000s waits=736 untimed=736 | hint: calls=4600 total=3.591s encode=0.015s wait=3.576s drain=0.000s waits=4922 untimed=4922
[kernel-split] single: calls=4180 total=15.037s encode=0.427s wait=0.236s drain=14.373s waits=4482 untimed=3442 | wide: calls=1574 total=9.643s encode=1.237s wait=7.580s drain=0.826s waits=1574 untimed=0
[kernel-sub] materialize=0.620s moe=8.926s precommit=14.402s rest=0.732s
[metal-cache] calls=12992 zero_copy_wraps=656 copies=0 cache_entries=206 bindless=true
 each
[stats] generated=57 elapsed=133.952s speed=0.4255 token/s (2.350 s/token) chunks=47 committed_rows=98 verify_tx=7 drafts=10/26 layer_passes=4371 expert_rows=9200 expert_tiles=4872
[verify-width] w1=0 w2=5 w3=0 w4=0 w5=0 w6=0 w7=0 w8+=2              (w1 share 0.0% of 7 transactions)
[opens] expert file opens=213320 total=3.425s mean=0.016ms requested_bytes=2784210975936 (2784.2 GB)
[arrival] tiles=989 waves=1601 uncovered_wait=35.864s dispatch=8.294s
[retain] enabled=false cap_gb=8 layers=63..=92 consults=0 wanted=0 hits=0 inserts=0 served=0.0MB
[summer] enabled=false cap_gb=8 sample=16 consults=0 wanted=0 hits=0 hit_rate=0.0% misses=0 inserts=0 evictions=0 recycled=0 allocs=0 pin_skips=0 gated=0 ramp=2..50 bar=0 suppressed=0 wide_skips=0 served=0.0MB copied=0.0MB ssd_avoided=0.0GB live=0/0.0GB model=0 protected=0 declined=0 topup_suppressed=0 aged=0 into=0/0/0 pending=0
[mirror-split] internal=0 K3C=0 K3B=0 K3A=0  shares=0%/0%/0%/0%
[phases] mono=359402.216834 chunks=47 sequence=116.327s read_wait=0.171s bind_upload=1.522s attention_resident=8.638s expert_read_prefetch=50.716s expert_demand_read=30.566s expert_plan=3.396s expert_hint=0.000s expert_submit=0.000s expert_kernel=54.393s source_fence=0.000s tail_head_sync=0.726s layer_other=0.121s expert_read_gross=47.320s plan_hint=3.336s plan_sched=0.059s attn_total=11.163s attn_encode=2.843s attn_wait=7.341s attn_drain=0.980s kernel_total=25.069s kernel_host=1.675s kernel_wait=7.820s kernel_drain=15.574s
[attn-split] single: calls=3999 total=3.986s encode=1.487s wait=1.519s drain=0.980s waits=6923 untimed=1191 | wide: calls=744 total=7.177s encode=1.355s wait=5.822s drain=0.000s waits=736 untimed=736 | hint: calls=4692 total=3.649s encode=0.015s wait=3.634s drain=0.000s waits=5013 untimed=5013
[kernel-split] single: calls=4278 total=15.426s encode=0.437s wait=0.240s drain=14.748s waits=4587 untimed=3530 | wide: calls=1574 total=9.643s encode=1.237s wait=7.580s drain=0.826s waits=1574 untimed=0
[kernel-sub] materialize=0.620s moe=8.933s precommit=14.778s rest=0.738s
[metal-cache] calls=13090 zero_copy_wraps=656 copies=0 cache_entries=206 bindless=true
 piece
[stats] generated=58 elapsed=135.440s speed=0.4282 token/s (2.335 s/token) chunks=48 committed_rows=99 verify_tx=7 drafts=10/26 layer_passes=4464 expert_rows=9292 expert_tiles=4964
[verify-width] w1=0 w2=5 w3=0 w4=0 w5=0 w6=0 w7=0 w8+=2              (w1 share 0.0% of 7 transactions)
[opens] expert file opens=217243 total=3.494s mean=0.016ms requested_bytes=2818647538880 (2818.6 GB)
[arrival] tiles=990 waves=1609 uncovered_wait=35.876s dispatch=8.304s
[retain] enabled=false cap_gb=8 layers=63..=92 consults=0 wanted=0 hits=0 inserts=0 served=0.0MB
[summer] enabled=false cap_gb=8 sample=16 consults=0 wanted=0 hits=0 hit_rate=0.0% misses=0 inserts=0 evictions=0 recycled=0 allocs=0 pin_skips=0 gated=0 ramp=2..50 bar=0 suppressed=0 wide_skips=0 served=0.0MB copied=0.0MB ssd_avoided=0.0GB live=0/0.0GB model=0 protected=0 declined=0 topup_suppressed=0 aged=0 into=0/0/0 pending=0
[mirror-split] internal=0 K3C=0 K3B=0 K3A=0  shares=0%/0%/0%/0%
[phases] mono=359403.705159 chunks=48 sequence=117.814s read_wait=0.171s bind_upload=1.522s attention_resident=8.705s expert_read_prefetch=51.775s expert_demand_read=31.189s expert_plan=3.475s expert_hint=0.000s expert_submit=0.000s expert_kernel=54.740s source_fence=0.000s tail_head_sync=0.739s layer_other=0.123s expert_read_gross=48.300s plan_hint=3.414s plan_sched=0.060s attn_total=11.230s attn_encode=2.871s attn_wait=7.367s attn_drain=0.992s kernel_total=25.403s kernel_host=1.684s kernel_wait=7.826s kernel_drain=15.893s
[attn-split] single: calls=4092 total=4.053s encode=1.515s wait=1.545s drain=0.992s waits=7084 untimed=1223 | wide: calls=744 total=7.177s encode=1.355s wait=5.822s drain=0.000s waits=736 untimed=736 | hint: calls=4784 total=3.727s encode=0.015s wait=3.711s drain=0.000s waits=5104 untimed=5104
[kernel-split] single: calls=4377 total=15.760s encode=0.446s wait=0.247s drain=15.067s waits=4694 untimed=3614 | wide: calls=1574 total=9.643s encode=1.237s wait=7.580s drain=0.826s waits=1574 untimed=0
[kernel-sub] materialize=0.620s moe=8.943s precommit=15.097s rest=0.742s
[metal-cache] calls=13189 zero_copy_wraps=656 copies=0 cache_entries=206 bindless=true
 of
[stats] generated=59 elapsed=136.930s speed=0.4309 token/s (2.321 s/token) chunks=49 committed_rows=100 verify_tx=7 drafts=10/26 layer_passes=4557 expert_rows=9384 expert_tiles=5056
[verify-width] w1=0 w2=5 w3=0 w4=0 w5=0 w6=0 w7=0 w8+=2              (w1 share 0.0% of 7 transactions)
[opens] expert file opens=221122 total=3.550s mean=0.016ms requested_bytes=2852645452992 (2852.6 GB)
[arrival] tiles=991 waves=1616 uncovered_wait=35.888s dispatch=8.313s
[retain] enabled=false cap_gb=8 layers=63..=92 consults=0 wanted=0 hits=0 inserts=0 served=0.0MB
[summer] enabled=false cap_gb=8 sample=16 consults=0 wanted=0 hits=0 hit_rate=0.0% misses=0 inserts=0 evictions=0 recycled=0 allocs=0 pin_skips=0 gated=0 ramp=2..50 bar=0 suppressed=0 wide_skips=0 served=0.0MB copied=0.0MB ssd_avoided=0.0GB live=0/0.0GB model=0 protected=0 declined=0 topup_suppressed=0 aged=0 into=0/0/0 pending=0
[mirror-split] internal=0 K3C=0 K3B=0 K3A=0  shares=0%/0%/0%/0%
[phases] mono=359405.194619 chunks=49 sequence=119.302s read_wait=0.171s bind_upload=1.522s attention_resident=8.775s expert_read_prefetch=52.790s expert_demand_read=31.788s expert_plan=3.539s expert_hint=0.000s expert_submit=0.000s expert_kernel=55.124s source_fence=0.000s tail_head_sync=0.756s layer_other=0.124s expert_read_gross=49.251s plan_hint=3.477s plan_sched=0.062s attn_total=11.300s attn_encode=2.897s attn_wait=7.387s attn_drain=1.017s kernel_total=25.774s kernel_host=1.694s kernel_wait=7.831s kernel_drain=16.250s
[attn-split] single: calls=4185 total=4.123s encode=1.541s wait=1.565s drain=1.017s waits=7245 untimed=1244 | wide: calls=744 total=7.177s encode=1.355s wait=5.822s drain=0.000s waits=736 untimed=736 | hint: calls=4876 total=3.790s encode=0.015s wait=3.774s drain=0.000s waits=5195 untimed=5195
[kernel-split] single: calls=4475 total=16.131s encode=0.456s wait=0.251s drain=15.423s waits=4799 untimed=3690 | wide: calls=1574 total=9.643s encode=1.237s wait=7.580s drain=0.826s waits=1574 untimed=0
[kernel-sub] materialize=0.620s moe=8.952s precommit=15.455s rest=0.747s
[metal-cache] calls=13287 zero_copy_wraps=656 copies=0 cache_entries=206 bindless=true
 input
[stats] generated=60 elapsed=138.496s speed=0.4332 token/s (2.308 s/token) chunks=50 committed_rows=101 verify_tx=7 drafts=10/26 layer_passes=4650 expert_rows=9476 expert_tiles=5148
[verify-width] w1=0 w2=5 w3=0 w4=0 w5=0 w6=0 w7=0 w8+=2              (w1 share 0.0% of 7 transactions)
[opens] expert file opens=225223 total=3.616s mean=0.016ms requested_bytes=2888643706048 (2888.6 GB)
[arrival] tiles=992 waves=1624 uncovered_wait=35.900s dispatch=8.321s
[retain] enabled=false cap_gb=8 layers=63..=92 consults=0 wanted=0 hits=0 inserts=0 served=0.0MB
[summer] enabled=false cap_gb=8 sample=16 consults=0 wanted=0 hits=0 hit_rate=0.0% misses=0 inserts=0 evictions=0 recycled=0 allocs=0 pin_skips=0 gated=0 ramp=2..50 bar=0 suppressed=0 wide_skips=0 served=0.0MB copied=0.0MB ssd_avoided=0.0GB live=0/0.0GB model=0 protected=0 declined=0 topup_suppressed=0 aged=0 into=0/0/0 pending=0
[mirror-split] internal=0 K3C=0 K3B=0 K3A=0  shares=0%/0%/0%/0%
[phases] mono=359406.761093 chunks=50 sequence=120.868s read_wait=0.171s bind_upload=1.522s attention_resident=8.844s expert_read_prefetch=53.876s expert_demand_read=32.458s expert_plan=3.605s expert_hint=0.000s expert_submit=0.000s expert_kernel=55.515s source_fence=0.000s tail_head_sync=0.773s layer_other=0.127s expert_read_gross=50.270s plan_hint=3.542s plan_sched=0.063s attn_total=11.369s attn_encode=2.920s attn_wait=7.411s attn_drain=1.038s kernel_total=26.154s kernel_host=1.704s kernel_wait=7.836s kernel_drain=16.614s
[attn-split] single: calls=4278 total=4.192s encode=1.565s wait=1.589s drain=1.038s waits=7406 untimed=1260 | wide: calls=744 total=7.177s encode=1.355s wait=5.822s drain=0.000s waits=736 untimed=736 | hint: calls=4968 total=3.855s encode=0.016s wait=3.839s drain=0.000s waits=5286 untimed=5286
[kernel-split] single: calls=4574 total=16.511s encode=0.466s wait=0.256s drain=15.788s waits=4906 untimed=3779 | wide: calls=1574 total=9.643s encode=1.237s wait=7.580s drain=0.826s waits=1574 untimed=0
[kernel-sub] materialize=0.620s moe=8.960s precommit=15.822s rest=0.752s
[metal-cache] calls=13386 zero_copy_wraps=656 copies=0 cache_entries=206 bindless=true
 data
[stats] generated=61 elapsed=140.031s speed=0.4356 token/s (2.296 s/token) chunks=51 committed_rows=102 verify_tx=7 drafts=10/26 layer_passes=4743 expert_rows=9568 expert_tiles=5240
[verify-width] w1=0 w2=5 w3=0 w4=0 w5=0 w6=0 w7=0 w8+=2              (w1 share 0.0% of 7 transactions)
[opens] expert file opens=229203 total=3.674s mean=0.016ms requested_bytes=2923483905216 (2923.5 GB)
[arrival] tiles=993 waves=1630 uncovered_wait=35.911s dispatch=8.328s
[retain] enabled=false cap_gb=8 layers=63..=92 consults=0 wanted=0 hits=0 inserts=0 served=0.0MB
[summer] enabled=false cap_gb=8 sample=16 consults=0 wanted=0 hits=0 hit_rate=0.0% misses=0 inserts=0 evictions=0 recycled=0 allocs=0 pin_skips=0 gated=0 ramp=2..50 bar=0 suppressed=0 wide_skips=0 served=0.0MB copied=0.0MB ssd_avoided=0.0GB live=0/0.0GB model=0 protected=0 declined=0 topup_suppressed=0 aged=0 into=0/0/0 pending=0
[mirror-split] internal=0 K3C=0 K3B=0 K3A=0  shares=0%/0%/0%/0%
[phases] mono=359408.296155 chunks=51 sequence=122.401s read_wait=0.171s bind_upload=1.522s attention_resident=8.938s expert_read_prefetch=54.931s expert_demand_read=33.086s expert_plan=3.669s expert_hint=0.000s expert_submit=0.000s expert_kernel=55.884s source_fence=0.000s tail_head_sync=0.786s layer_other=0.128s expert_read_gross=51.262s plan_hint=3.604s plan_sched=0.064s attn_total=11.463s attn_encode=2.965s attn_wait=7.435s attn_drain=1.063s kernel_total=26.511s kernel_host=1.713s kernel_wait=7.841s kernel_drain=16.957s
[attn-split] single: calls=4371 total=4.286s encode=1.610s wait=1.613s drain=1.063s waits=7567 untimed=1290 | wide: calls=744 total=7.177s encode=1.355s wait=5.822s drain=0.000s waits=736 untimed=736 | hint: calls=5060 total=3.917s encode=0.016s wait=3.901s drain=0.000s waits=5377 untimed=5377
[kernel-split] single: calls=4671 total=16.868s encode=0.475s wait=0.261s drain=16.131s waits=5009 untimed=3865 | wide: calls=1574 total=9.643s encode=1.237s wait=7.580s drain=0.826s waits=1574 untimed=0
[kernel-sub] materialize=0.620s moe=8.967s precommit=16.166s rest=0.757s
[metal-cache] calls=13483 zero_copy_wraps=656 copies=0 cache_entries=206 bindless=true
.
[stats] generated=62 elapsed=141.582s speed=0.4379 token/s (2.284 s/token) chunks=52 committed_rows=103 verify_tx=7 drafts=10/26 layer_passes=4836 expert_rows=9660 expert_tiles=5332
[verify-width] w1=0 w2=5 w3=0 w4=0 w5=0 w6=0 w7=0 w8+=2              (w1 share 0.0% of 7 transactions)
[opens] expert file opens=233274 total=3.733s mean=0.016ms requested_bytes=2959157558464 (2959.2 GB)
[arrival] tiles=994 waves=1637 uncovered_wait=35.922s dispatch=8.338s
[retain] enabled=false cap_gb=8 layers=63..=92 consults=0 wanted=0 hits=0 inserts=0 served=0.0MB
[summer] enabled=false cap_gb=8 sample=16 consults=0 wanted=0 hits=0 hit_rate=0.0% misses=0 inserts=0 evictions=0 recycled=0 allocs=0 pin_skips=0 gated=0 ramp=2..50 bar=0 suppressed=0 wide_skips=0 served=0.0MB copied=0.0MB ssd_avoided=0.0GB live=0/0.0GB model=0 protected=0 declined=0 topup_suppressed=0 aged=0 into=0/0/0 pending=0
[mirror-split] internal=0 K3C=0 K3B=0 K3A=0  shares=0%/0%/0%/0%
[phases] mono=359409.847018 chunks=52 sequence=123.951s read_wait=0.171s bind_upload=1.522s attention_resident=9.021s expert_read_prefetch=56.001s expert_demand_read=33.701s expert_plan=3.752s expert_hint=0.000s expert_submit=0.000s expert_kernel=56.264s source_fence=0.000s tail_head_sync=0.803s layer_other=0.130s expert_read_gross=52.248s plan_hint=3.686s plan_sched=0.065s attn_total=11.545s attn_encode=2.992s attn_wait=7.465s attn_drain=1.089s kernel_total=26.879s kernel_host=1.722s kernel_wait=7.846s kernel_drain=17.311s
[attn-split] single: calls=4464 total=4.368s encode=1.637s wait=1.643s drain=1.089s waits=7728 untimed=1314 | wide: calls=744 total=7.177s encode=1.355s wait=5.822s drain=0.000s waits=736 untimed=736 | hint: calls=5152 total=3.999s encode=0.016s wait=3.982s drain=0.000s waits=5468 untimed=5468
[kernel-split] single: calls=4769 total=17.236s encode=0.485s wait=0.266s drain=16.485s waits=5114 untimed=3953 | wide: calls=1574 total=9.643s encode=1.237s wait=7.580s drain=0.826s waits=1574 untimed=0
[kernel-sub] materialize=0.620s moe=8.976s precommit=16.521s rest=0.762s
[metal-cache] calls=13581 zero_copy_wraps=656 copies=0 cache_entries=206 bindless=true
 Instead
[stats] generated=63 elapsed=143.127s speed=0.4402 token/s (2.272 s/token) chunks=53 committed_rows=104 verify_tx=7 drafts=10/26 layer_passes=4929 expert_rows=9752 expert_tiles=5424
[verify-width] w1=0 w2=5 w3=0 w4=0 w5=0 w6=0 w7=0 w8+=2              (w1 share 0.0% of 7 transactions)
[opens] expert file opens=237312 total=3.794s mean=0.016ms requested_bytes=2994559220928 (2994.6 GB)
[arrival] tiles=995 waves=1645 uncovered_wait=35.933s dispatch=8.345s
[retain] enabled=false cap_gb=8 layers=63..=92 consults=0 wanted=0 hits=0 inserts=0 served=0.0MB
[summer] enabled=false cap_gb=8 sample=16 consults=0 wanted=0 hits=0 hit_rate=0.0% misses=0 inserts=0 evictions=0 recycled=0 allocs=0 pin_skips=0 gated=0 ramp=2..50 bar=0 suppressed=0 wide_skips=0 served=0.0MB copied=0.0MB ssd_avoided=0.0GB live=0/0.0GB model=0 protected=0 declined=0 topup_suppressed=0 aged=0 into=0/0/0 pending=0
[mirror-split] internal=0 K3C=0 K3B=0 K3A=0  shares=0%/0%/0%/0%
[phases] mono=359411.391682 chunks=53 sequence=125.495s read_wait=0.171s bind_upload=1.522s attention_resident=9.092s expert_read_prefetch=57.087s expert_demand_read=34.396s expert_plan=3.828s expert_hint=0.000s expert_submit=0.000s expert_kernel=56.631s source_fence=0.000s tail_head_sync=0.820s layer_other=0.132s expert_read_gross=53.258s plan_hint=3.761s plan_sched=0.066s attn_total=11.616s attn_encode=3.015s attn_wait=7.501s attn_drain=1.100s kernel_total=27.236s kernel_host=1.732s kernel_wait=7.850s kernel_drain=17.653s
[attn-split] single: calls=4557 total=4.439s encode=1.660s wait=1.679s drain=1.100s waits=7889 untimed=1346 | wide: calls=744 total=7.177s encode=1.355s wait=5.822s drain=0.000s waits=736 untimed=736 | hint: calls=5244 total=4.074s encode=0.016s wait=4.057s drain=0.000s waits=5559 untimed=5559
[kernel-split] single: calls=4868 total=17.592s encode=0.494s wait=0.271s drain=16.827s waits=5221 untimed=4040 | wide: calls=1574 total=9.643s encode=1.237s wait=7.580s drain=0.826s waits=1574 untimed=0
[kernel-sub] materialize=0.620s moe=8.984s precommit=16.865s rest=0.767s
[metal-cache] calls=13680 zero_copy_wraps=656 copies=0 cache_entries=206 bindless=true
 of
[stats] generated=64 elapsed=144.665s speed=0.4424 token/s (2.260 s/token) chunks=54 committed_rows=105 verify_tx=7 drafts=10/26 layer_passes=5022 expert_rows=9844 expert_tiles=5516
[verify-width] w1=0 w2=5 w3=0 w4=0 w5=0 w6=0 w7=0 w8+=2              (w1 share 0.0% of 7 transactions)
[opens] expert file opens=241294 total=3.855s mean=0.016ms requested_bytes=3029478325440 (3029.5 GB)
[arrival] tiles=996 waves=1653 uncovered_wait=35.942s dispatch=8.354s
[retain] enabled=false cap_gb=8 layers=63..=92 consults=0 wanted=0 hits=0 inserts=0 served=0.0MB
[summer] enabled=false cap_gb=8 sample=16 consults=0 wanted=0 hits=0 hit_rate=0.0% misses=0 inserts=0 evictions=0 recycled=0 allocs=0 pin_skips=0 gated=0 ramp=2..50 bar=0 suppressed=0 wide_skips=0 served=0.0MB copied=0.0MB ssd_avoided=0.0GB live=0/0.0GB model=0 protected=0 declined=0 topup_suppressed=0 aged=0 into=0/0/0 pending=0
[mirror-split] internal=0 K3C=0 K3B=0 K3A=0  shares=0%/0%/0%/0%
[phases] mono=359412.929650 chunks=54 sequence=127.031s read_wait=0.171s bind_upload=1.522s attention_resident=9.169s expert_read_prefetch=58.155s expert_demand_read=35.041s expert_plan=3.905s expert_hint=0.000s expert_submit=0.000s expert_kernel=57.007s source_fence=0.000s tail_head_sync=0.833s layer_other=0.133s expert_read_gross=54.250s plan_hint=3.837s plan_sched=0.067s attn_total=11.694s attn_encode=3.042s attn_wait=7.522s attn_drain=1.129s kernel_total=27.603s kernel_host=1.742s kernel_wait=7.855s kernel_drain=18.005s
[attn-split] single: calls=4650 total=4.516s encode=1.687s wait=1.700s drain=1.129s waits=8050 untimed=1370 | wide: calls=744 total=7.177s encode=1.355s wait=5.822s drain=0.000s waits=736 untimed=736 | hint: calls=5336 total=4.149s encode=0.017s wait=4.133s drain=0.000s waits=5650 untimed=5650
[kernel-split] single: calls=4967 total=17.959s encode=0.505s wait=0.276s drain=17.179s waits=5328 untimed=4127 | wide: calls=1574 total=9.643s encode=1.237s wait=7.580s drain=0.826s waits=1574 untimed=0
[kernel-sub] materialize=0.620s moe=8.993s precommit=17.218s rest=0.772s
[metal-cache] calls=13779 zero_copy_wraps=656 copies=0 cache_entries=206 bindless=true
 activating
[stats] generated=65 elapsed=146.185s speed=0.4446 token/s (2.249 s/token) chunks=55 committed_rows=106 verify_tx=7 drafts=10/26 layer_passes=5115 expert_rows=9936 expert_tiles=5608
[verify-width] w1=0 w2=5 w3=0 w4=0 w5=0 w6=0 w7=0 w8+=2              (w1 share 0.0% of 7 transactions)
[opens] expert file opens=245346 total=3.909s mean=0.016ms requested_bytes=3065029180608 (3065.0 GB)
[arrival] tiles=997 waves=1661 uncovered_wait=35.951s dispatch=8.361s
[retain] enabled=false cap_gb=8 layers=63..=92 consults=0 wanted=0 hits=0 inserts=0 served=0.0MB
[summer] enabled=false cap_gb=8 sample=16 consults=0 wanted=0 hits=0 hit_rate=0.0% misses=0 inserts=0 evictions=0 recycled=0 allocs=0 pin_skips=0 gated=0 ramp=2..50 bar=0 suppressed=0 wide_skips=0 served=0.0MB copied=0.0MB ssd_avoided=0.0GB live=0/0.0GB model=0 protected=0 declined=0 topup_suppressed=0 aged=0 into=0/0/0 pending=0
[mirror-split] internal=0 K3C=0 K3B=0 K3A=0  shares=0%/0%/0%/0%
[phases] mono=359414.450185 chunks=55 sequence=128.551s read_wait=0.171s bind_upload=1.522s attention_resident=9.266s expert_read_prefetch=59.222s expert_demand_read=35.679s expert_plan=3.972s expert_hint=0.000s expert_submit=0.000s expert_kernel=57.347s source_fence=0.000s tail_head_sync=0.847s layer_other=0.135s expert_read_gross=55.250s plan_hint=3.903s plan_sched=0.068s attn_total=11.790s attn_encode=3.091s attn_wait=7.553s attn_drain=1.147s kernel_total=27.933s kernel_host=1.751s kernel_wait=7.859s kernel_drain=18.323s
[attn-split] single: calls=4743 total=4.613s encode=1.735s wait=1.731s drain=1.147s waits=8211 untimed=1396 | wide: calls=744 total=7.177s encode=1.355s wait=5.822s drain=0.000s waits=736 untimed=736 | hint: calls=5428 total=4.215s encode=0.017s wait=4.198s drain=0.000s waits=5741 untimed=5741
[kernel-split] single: calls=5066 total=18.290s encode=0.514s wait=0.279s drain=17.497s waits=5435 untimed=4217 | wide: calls=1574 total=9.643s encode=1.237s wait=7.580s drain=0.826s waits=1574 untimed=0
[kernel-sub] materialize=0.620s moe=9.000s precommit=17.537s rest=0.777s
[metal-cache] calls=13878 zero_copy_wraps=656 copies=0 cache_entries=206 bindless=true
 the
[stats] generated=66 elapsed=147.726s speed=0.4468 token/s (2.238 s/token) chunks=56 committed_rows=107 verify_tx=7 drafts=10/26 layer_passes=5208 expert_rows=10028 expert_tiles=5700
[verify-width] w1=0 w2=5 w3=0 w4=0 w5=0 w6=0 w7=0 w8+=2              (w1 share 0.0% of 7 transactions)
[opens] expert file opens=249222 total=3.963s mean=0.016ms requested_bytes=3099035811008 (3099.0 GB)
[arrival] tiles=998 waves=1666 uncovered_wait=35.962s dispatch=8.372s
[retain] enabled=false cap_gb=8 layers=63..=92 consults=0 wanted=0 hits=0 inserts=0 served=0.0MB
[summer] enabled=false cap_gb=8 sample=16 consults=0 wanted=0 hits=0 hit_rate=0.0% misses=0 inserts=0 evictions=0 recycled=0 allocs=0 pin_skips=0 gated=0 ramp=2..50 bar=0 suppressed=0 wide_skips=0 served=0.0MB copied=0.0MB ssd_avoided=0.0GB live=0/0.0GB model=0 protected=0 declined=0 topup_suppressed=0 aged=0 into=0/0/0 pending=0
[mirror-split] internal=0 K3C=0 K3B=0 K3A=0  shares=0%/0%/0%/0%
[phases] mono=359415.991059 chunks=56 sequence=130.091s read_wait=0.171s bind_upload=1.522s attention_resident=9.336s expert_read_prefetch=60.347s expert_demand_read=36.353s expert_plan=4.050s expert_hint=0.000s expert_submit=0.000s expert_kernel=57.677s source_fence=0.000s tail_head_sync=0.860s layer_other=0.136s expert_read_gross=56.296s plan_hint=3.980s plan_sched=0.069s attn_total=11.860s attn_encode=3.115s attn_wait=7.579s attn_drain=1.166s kernel_total=28.253s kernel_host=1.761s kernel_wait=7.863s kernel_drain=18.628s
[attn-split] single: calls=4836 total=4.683s encode=1.760s wait=1.757s drain=1.166s waits=8372 untimed=1422 | wide: calls=744 total=7.177s encode=1.355s wait=5.822s drain=0.000s waits=736 untimed=736 | hint: calls=5520 total=4.292s encode=0.017s wait=4.275s drain=0.000s waits=5832 untimed=5832
[kernel-split] single: calls=5162 total=18.610s encode=0.524s wait=0.284s drain=17.802s waits=5536 untimed=4301 | wide: calls=1574 total=9.643s encode=1.237s wait=7.580s drain=0.826s waits=1574 untimed=0
[kernel-sub] materialize=0.620s moe=9.010s precommit=17.842s rest=0.781s
[metal-cache] calls=13974 zero_copy_wraps=656 copies=0 cache_entries=206 bindless=true
[route-chain] chained=3450
[route-chain] dedup_hits=3450
 entire
[stats] generated=67 elapsed=149.295s speed=0.4488 token/s (2.228 s/token) chunks=57 committed_rows=108 verify_tx=7 drafts=10/26 layer_passes=5301 expert_rows=10120 expert_tiles=5792
[verify-width] w1=0 w2=5 w3=0 w4=0 w5=0 w6=0 w7=0 w8+=2              (w1 share 0.0% of 7 transactions)
[opens] expert file opens=253229 total=4.029s mean=0.016ms requested_bytes=3134174248128 (3134.2 GB)
[arrival] tiles=999 waves=1672 uncovered_wait=35.971s dispatch=8.380s
[retain] enabled=false cap_gb=8 layers=63..=92 consults=0 wanted=0 hits=0 inserts=0 served=0.0MB
[summer] enabled=false cap_gb=8 sample=16 consults=0 wanted=0 hits=0 hit_rate=0.0% misses=0 inserts=0 evictions=0 recycled=0 allocs=0 pin_skips=0 gated=0 ramp=2..50 bar=0 suppressed=0 wide_skips=0 served=0.0MB copied=0.0MB ssd_avoided=0.0GB live=0/0.0GB model=0 protected=0 declined=0 topup_suppressed=0 aged=0 into=0/0/0 pending=0
[mirror-split] internal=0 K3C=0 K3B=0 K3A=0  shares=0%/0%/0%/0%
[phases] mono=359417.560531 chunks=57 sequence=131.659s read_wait=0.171s bind_upload=1.522s attention_resident=9.416s expert_read_prefetch=61.394s expert_demand_read=37.032s expert_plan=4.121s expert_hint=0.000s expert_submit=0.000s expert_kernel=58.099s source_fence=0.000s tail_head_sync=0.877s layer_other=0.139s expert_read_gross=57.273s plan_hint=4.049s plan_sched=0.071s attn_total=11.939s attn_encode=3.139s attn_wait=7.610s attn_drain=1.190s kernel_total=28.665s kernel_host=1.771s kernel_wait=7.869s kernel_drain=19.025s
[attn-split] single: calls=4929 total=4.762s encode=1.784s wait=1.788s drain=1.190s waits=8533 untimed=1453 | wide: calls=744 total=7.177s encode=1.355s wait=5.822s drain=0.000s waits=736 untimed=736 | hint: calls=5612 total=4.362s encode=0.017s wait=4.344s drain=0.000s waits=5923 untimed=5923
[kernel-split] single: calls=5259 total=19.021s encode=0.533s wait=0.289s drain=18.199s waits=5639 untimed=4379 | wide: calls=1574 total=9.643s encode=1.237s wait=7.580s drain=0.826s waits=1574 untimed=0
[kernel-sub] materialize=0.620s moe=9.018s precommit=18.240s rest=0.786s
[metal-cache] calls=14071 zero_copy_wraps=656 copies=0 cache_entries=206 bindless=true
 model
[stats] generated=68 elapsed=150.737s speed=0.4511 token/s (2.217 s/token) chunks=58 committed_rows=109 verify_tx=7 drafts=10/26 layer_passes=5394 expert_rows=10212 expert_tiles=5884
[verify-width] w1=0 w2=5 w3=0 w4=0 w5=0 w6=0 w7=0 w8+=2              (w1 share 0.0% of 7 transactions)
[opens] expert file opens=257096 total=4.082s mean=0.016ms requested_bytes=3168084393152 (3168.1 GB)
[arrival] tiles=1000 waves=1679 uncovered_wait=35.983s dispatch=8.387s
[retain] enabled=false cap_gb=8 layers=63..=92 consults=0 wanted=0 hits=0 inserts=0 served=0.0MB
[summer] enabled=false cap_gb=8 sample=16 consults=0 wanted=0 hits=0 hit_rate=0.0% misses=0 inserts=0 evictions=0 recycled=0 allocs=0 pin_skips=0 gated=0 ramp=2..50 bar=0 suppressed=0 wide_skips=0 served=0.0MB copied=0.0MB ssd_avoided=0.0GB live=0/0.0GB model=0 protected=0 declined=0 topup_suppressed=0 aged=0 into=0/0/0 pending=0
[mirror-split] internal=0 K3C=0 K3B=0 K3A=0  shares=0%/0%/0%/0%
[phases] mono=359419.002220 chunks=58 sequence=133.099s read_wait=0.171s bind_upload=1.522s attention_resident=9.486s expert_read_prefetch=62.371s expert_demand_read=37.653s expert_plan=4.186s expert_hint=0.000s expert_submit=0.000s expert_kernel=58.473s source_fence=0.000s tail_head_sync=0.893s layer_other=0.140s expert_read_gross=58.185s plan_hint=4.113s plan_sched=0.072s attn_total=12.010s attn_encode=3.164s attn_wait=7.647s attn_drain=1.198s kernel_total=29.027s kernel_host=1.780s kernel_wait=7.872s kernel_drain=19.375s
[attn-split] single: calls=5022 total=4.833s encode=1.809s wait=1.825s drain=1.198s waits=8694 untimed=1485 | wide: calls=744 total=7.177s encode=1.355s wait=5.822s drain=0.000s waits=736 untimed=736 | hint: calls=5704 total=4.426s encode=0.018s wait=4.408s drain=0.000s waits=6014 untimed=6014
[kernel-split] single: calls=5357 total=19.384s encode=0.543s wait=0.293s drain=18.549s waits=5744 untimed=4462 | wide: calls=1574 total=9.643s encode=1.237s wait=7.580s drain=0.826s waits=1574 untimed=0
[kernel-sub] materialize=0.620s moe=9.025s precommit=18.591s rest=0.791s
[metal-cache] calls=14169 zero_copy_wraps=656 copies=0 cache_entries=206 bindless=true
 for
[stats] generated=69 elapsed=152.220s speed=0.4533 token/s (2.206 s/token) chunks=59 committed_rows=110 verify_tx=7 drafts=10/26 layer_passes=5487 expert_rows=10304 expert_tiles=5976
[verify-width] w1=0 w2=5 w3=0 w4=0 w5=0 w6=0 w7=0 w8+=2              (w1 share 0.0% of 7 transactions)
[opens] expert file opens=261069 total=4.145s mean=0.016ms requested_bytes=3202924543168 (3202.9 GB)
[arrival] tiles=1001 waves=1686 uncovered_wait=35.994s dispatch=8.395s
[retain] enabled=false cap_gb=8 layers=63..=92 consults=0 wanted=0 hits=0 inserts=0 served=0.0MB
[summer] enabled=false cap_gb=8 sample=16 consults=0 wanted=0 hits=0 hit_rate=0.0% misses=0 inserts=0 evictions=0 recycled=0 allocs=0 pin_skips=0 gated=0 ramp=2..50 bar=0 suppressed=0 wide_skips=0 served=0.0MB copied=0.0MB ssd_avoided=0.0GB live=0/0.0GB model=0 protected=0 declined=0 topup_suppressed=0 aged=0 into=0/0/0 pending=0
[mirror-split] internal=0 K3C=0 K3B=0 K3A=0  shares=0%/0%/0%/0%
[phases] mono=359420.484810 chunks=59 sequence=134.581s read_wait=0.171s bind_upload=1.522s attention_resident=9.572s expert_read_prefetch=63.391s expert_demand_read=38.299s expert_plan=4.256s expert_hint=0.000s expert_submit=0.000s expert_kernel=58.830s source_fence=0.000s tail_head_sync=0.910s layer_other=0.142s expert_read_gross=59.135s plan_hint=4.182s plan_sched=0.073s attn_total=12.096s attn_encode=3.205s attn_wait=7.673s attn_drain=1.218s kernel_total=29.373s kernel_host=1.789s kernel_wait=7.877s kernel_drain=19.706s
[attn-split] single: calls=5115 total=4.919s encode=1.850s wait=1.851s drain=1.218s waits=8855 untimed=1514 | wide: calls=744 total=7.177s encode=1.355s wait=5.822s drain=0.000s waits=736 untimed=736 | hint: calls=5796 total=4.494s encode=0.018s wait=4.476s drain=0.000s waits=6105 untimed=6105
[kernel-split] single: calls=5455 total=19.730s encode=0.552s wait=0.298s drain=18.880s waits=5849 untimed=4544 | wide: calls=1574 total=9.643s encode=1.237s wait=7.580s drain=0.826s waits=1574 untimed=0
[kernel-sub] materialize=0.620s moe=9.033s precommit=18.924s rest=0.796s
[metal-cache] calls=14267 zero_copy_wraps=656 copies=0 cache_entries=206 bindless=true
 every
[stats] generated=70 elapsed=153.758s speed=0.4553 token/s (2.197 s/token) chunks=60 committed_rows=111 verify_tx=7 drafts=10/26 layer_passes=5580 expert_rows=10396 expert_tiles=6068
[verify-width] w1=0 w2=5 w3=0 w4=0 w5=0 w6=0 w7=0 w8+=2              (w1 share 0.0% of 7 transactions)
[opens] expert file opens=264958 total=4.202s mean=0.016ms requested_bytes=3237010160832 (3237.0 GB)
[arrival] tiles=1002 waves=1694 uncovered_wait=36.006s dispatch=8.403s
[retain] enabled=false cap_gb=8 layers=63..=92 consults=0 wanted=0 hits=0 inserts=0 served=0.0MB
[summer] enabled=false cap_gb=8 sample=16 consults=0 wanted=0 hits=0 hit_rate=0.0% misses=0 inserts=0 evictions=0 recycled=0 allocs=0 pin_skips=0 gated=0 ramp=2..50 bar=0 suppressed=0 wide_skips=0 served=0.0MB copied=0.0MB ssd_avoided=0.0GB live=0/0.0GB model=0 protected=0 declined=0 topup_suppressed=0 aged=0 into=0/0/0 pending=0
[mirror-split] internal=0 K3C=0 K3B=0 K3A=0  shares=0%/0%/0%/0%
[phases] mono=359422.023623 chunks=60 sequence=136.101s read_wait=0.171s bind_upload=1.522s attention_resident=9.647s expert_read_prefetch=64.441s expert_demand_read=38.955s expert_plan=4.319s expert_hint=0.000s expert_submit=0.000s expert_kernel=59.208s source_fence=0.000s tail_head_sync=0.926s layer_other=0.144s expert_read_gross=60.122s plan_hint=4.244s plan_sched=0.074s attn_total=12.170s attn_encode=3.227s attn_wait=7.707s attn_drain=1.236s kernel_total=29.738s kernel_host=1.799s kernel_wait=7.882s kernel_drain=20.057s
[attn-split] single: calls=5208 total=4.993s encode=1.872s wait=1.885s drain=1.236s waits=9016 untimed=1539 | wide: calls=744 total=7.177s encode=1.355s wait=5.822s drain=0.000s waits=736 untimed=736 | hint: calls=5888 total=4.556s encode=0.018s wait=4.538s drain=0.000s waits=6196 untimed=6196
[kernel-split] single: calls=5554 total=20.095s encode=0.562s wait=0.303s drain=19.231s waits=5956 untimed=4632 | wide: calls=1574 total=9.643s encode=1.237s wait=7.580s drain=0.826s waits=1574 untimed=0
[kernel-sub] materialize=0.620s moe=9.041s precommit=19.276s rest=0.801s
[metal-cache] calls=14366 zero_copy_wraps=656 copies=0 cache_entries=206 bindless=true
 token
[stats] generated=71 elapsed=155.264s speed=0.4573 token/s (2.187 s/token) chunks=61 committed_rows=112 verify_tx=7 drafts=10/26 layer_passes=5673 expert_rows=10488 expert_tiles=6160
[verify-width] w1=0 w2=5 w3=0 w4=0 w5=0 w6=0 w7=0 w8+=2              (w1 share 0.0% of 7 transactions)
[opens] expert file opens=268855 total=4.258s mean=0.016ms requested_bytes=3271218560192 (3271.2 GB)
[arrival] tiles=1003 waves=1699 uncovered_wait=36.016s dispatch=8.412s
[retain] enabled=false cap_gb=8 layers=63..=92 consults=0 wanted=0 hits=0 inserts=0 served=0.0MB
[summer] enabled=false cap_gb=8 sample=16 consults=0 wanted=0 hits=0 hit_rate=0.0% misses=0 inserts=0 evictions=0 recycled=0 allocs=0 pin_skips=0 gated=0 ramp=2..50 bar=0 suppressed=0 wide_skips=0 served=0.0MB copied=0.0MB ssd_avoided=0.0GB live=0/0.0GB model=0 protected=0 declined=0 topup_suppressed=0 aged=0 into=0/0/0 pending=0
[mirror-split] internal=0 K3C=0 K3B=0 K3A=0  shares=0%/0%/0%/0%
[phases] mono=359423.529438 chunks=61 sequence=137.604s read_wait=0.171s bind_upload=1.522s attention_resident=9.720s expert_read_prefetch=65.455s expert_demand_read=39.587s expert_plan=4.386s expert_hint=0.000s expert_submit=0.000s expert_kernel=59.609s source_fence=0.000s tail_head_sync=0.940s layer_other=0.145s expert_read_gross=61.069s plan_hint=4.309s plan_sched=0.075s attn_total=12.243s attn_encode=3.251s attn_wait=7.735s attn_drain=1.257s kernel_total=30.129s kernel_host=1.808s kernel_wait=7.888s kernel_drain=20.433s
[attn-split] single: calls=5301 total=5.066s encode=1.896s wait=1.913s drain=1.257s waits=9177 untimed=1569 | wide: calls=744 total=7.177s encode=1.355s wait=5.822s drain=0.000s waits=736 untimed=736 | hint: calls=5980 total=4.622s encode=0.018s wait=4.604s drain=0.000s waits=6287 untimed=6287
[kernel-split] single: calls=5650 total=20.486s encode=0.571s wait=0.309s drain=19.607s waits=6057 untimed=4716 | wide: calls=1574 total=9.643s encode=1.237s wait=7.580s drain=0.826s waits=1574 untimed=0
[kernel-sub] materialize=0.620s moe=9.050s precommit=19.654s rest=0.806s
[metal-cache] calls=14462 zero_copy_wraps=656 copies=0 cache_entries=206 bindless=true
 or
[stats] generated=72 elapsed=156.749s speed=0.4593 token/s (2.177 s/token) chunks=62 committed_rows=113 verify_tx=7 drafts=10/26 layer_passes=5766 expert_rows=10580 expert_tiles=6252
[verify-width] w1=0 w2=5 w3=0 w4=0 w5=0 w6=0 w7=0 w8+=2              (w1 share 0.0% of 7 transactions)
[opens] expert file opens=272750 total=4.312s mean=0.016ms requested_bytes=3305365601472 (3305.4 GB)
[arrival] tiles=1004 waves=1706 uncovered_wait=36.027s dispatch=8.420s
[retain] enabled=false cap_gb=8 layers=63..=92 consults=0 wanted=0 hits=0 inserts=0 served=0.0MB
[summer] enabled=false cap_gb=8 sample=16 consults=0 wanted=0 hits=0 hit_rate=0.0% misses=0 inserts=0 evictions=0 recycled=0 allocs=0 pin_skips=0 gated=0 ramp=2..50 bar=0 suppressed=0 wide_skips=0 served=0.0MB copied=0.0MB ssd_avoided=0.0GB live=0/0.0GB model=0 protected=0 declined=0 topup_suppressed=0 aged=0 into=0/0/0 pending=0
[mirror-split] internal=0 K3C=0 K3B=0 K3A=0  shares=0%/0%/0%/0%
[phases] mono=359425.013634 chunks=62 sequence=139.086s read_wait=0.171s bind_upload=1.522s attention_resident=9.795s expert_read_prefetch=66.516s expert_demand_read=40.200s expert_plan=4.458s expert_hint=0.000s expert_submit=0.000s expert_kernel=59.941s source_fence=0.000s tail_head_sync=0.953s layer_other=0.147s expert_read_gross=62.058s plan_hint=4.380s plan_sched=0.076s attn_total=12.318s attn_encode=3.278s attn_wait=7.762s attn_drain=1.278s kernel_total=30.450s kernel_host=1.817s kernel_wait=7.892s kernel_drain=20.741s
[attn-split] single: calls=5394 total=5.140s encode=1.923s wait=1.940s drain=1.278s waits=9338 untimed=1589 | wide: calls=744 total=7.177s encode=1.355s wait=5.822s drain=0.000s waits=736 untimed=736 | hint: calls=6072 total=4.693s encode=0.019s wait=4.674s drain=0.000s waits=6378 untimed=6378
[kernel-split] single: calls=5748 total=20.806s encode=0.580s wait=0.312s drain=19.914s waits=6162 untimed=4798 | wide: calls=1574 total=9.643s encode=1.237s wait=7.580s drain=0.826s waits=1574 untimed=0
[kernel-sub] materialize=0.620s moe=9.058s precommit=19.962s rest=0.810s
[metal-cache] calls=14560 zero_copy_wraps=656 copies=0 cache_entries=206 bindless=true
 image
[stats] generated=73 elapsed=158.241s speed=0.4613 token/s (2.168 s/token) chunks=63 committed_rows=114 verify_tx=7 drafts=10/26 layer_passes=5859 expert_rows=10672 expert_tiles=6344
[verify-width] w1=0 w2=5 w3=0 w4=0 w5=0 w6=0 w7=0 w8+=2              (w1 share 0.0% of 7 transactions)
[opens] expert file opens=276686 total=4.368s mean=0.016ms requested_bytes=3339907431616 (3339.9 GB)
[arrival] tiles=1005 waves=1713 uncovered_wait=36.035s dispatch=8.430s
[retain] enabled=false cap_gb=8 layers=63..=92 consults=0 wanted=0 hits=0 inserts=0 served=0.0MB
[summer] enabled=false cap_gb=8 sample=16 consults=0 wanted=0 hits=0 hit_rate=0.0% misses=0 inserts=0 evictions=0 recycled=0 allocs=0 pin_skips=0 gated=0 ramp=2..50 bar=0 suppressed=0 wide_skips=0 served=0.0MB copied=0.0MB ssd_avoided=0.0GB live=0/0.0GB model=0 protected=0 declined=0 topup_suppressed=0 aged=0 into=0/0/0 pending=0
[mirror-split] internal=0 K3C=0 K3B=0 K3A=0  shares=0%/0%/0%/0%
[phases] mono=359426.506335 chunks=63 sequence=140.578s read_wait=0.171s bind_upload=1.522s attention_resident=9.881s expert_read_prefetch=67.545s expert_demand_read=40.841s expert_plan=4.540s expert_hint=0.000s expert_submit=0.000s expert_kernel=60.298s source_fence=0.000s tail_head_sync=0.970s layer_other=0.148s expert_read_gross=63.005s plan_hint=4.461s plan_sched=0.077s attn_total=12.404s attn_encode=3.315s attn_wait=7.791s attn_drain=1.298s kernel_total=30.799s kernel_host=1.827s kernel_wait=7.898s kernel_drain=21.074s
[attn-split] single: calls=5487 total=5.227s encode=1.960s wait=1.969s drain=1.298s waits=9499 untimed=1619 | wide: calls=744 total=7.177s encode=1.355s wait=5.822s drain=0.000s waits=736 untimed=736 | hint: calls=6164 total=4.774s encode=0.019s wait=4.755s drain=0.000s waits=6469 untimed=6469
[kernel-split] single: calls=5846 total=21.156s encode=0.589s wait=0.318s drain=20.248s waits=6267 untimed=4882 | wide: calls=1574 total=9.643s encode=1.237s wait=7.580s drain=0.826s waits=1574 untimed=0
[kernel-sub] materialize=0.620s moe=9.067s precommit=20.297s rest=0.815s
[metal-cache] calls=14658 zero_copy_wraps=656 copies=0 cache_entries=206 bindless=true
,
[stats] generated=74 elapsed=159.725s speed=0.4633 token/s (2.158 s/token) chunks=64 committed_rows=115 verify_tx=7 drafts=10/26 layer_passes=5952 expert_rows=10764 expert_tiles=6436
[verify-width] w1=0 w2=5 w3=0 w4=0 w5=0 w6=0 w7=0 w8+=2              (w1 share 0.0% of 7 transactions)
[opens] expert file opens=280668 total=4.433s mean=0.016ms requested_bytes=3374852848832 (3374.9 GB)
[arrival] tiles=1006 waves=1718 uncovered_wait=36.044s dispatch=8.437s
[retain] enabled=false cap_gb=8 layers=63..=92 consults=0 wanted=0 hits=0 inserts=0 served=0.0MB
[summer] enabled=false cap_gb=8 sample=16 consults=0 wanted=0 hits=0 hit_rate=0.0% misses=0 inserts=0 evictions=0 recycled=0 allocs=0 pin_skips=0 gated=0 ramp=2..50 bar=0 suppressed=0 wide_skips=0 served=0.0MB copied=0.0MB ssd_avoided=0.0GB live=0/0.0GB model=0 protected=0 declined=0 topup_suppressed=0 aged=0 into=0/0/0 pending=0
[mirror-split] internal=0 K3C=0 K3B=0 K3A=0  shares=0%/0%/0%/0%
[phases] mono=359427.990024 chunks=64 sequence=142.060s read_wait=0.171s bind_upload=1.522s attention_resident=9.957s expert_read_prefetch=68.555s expert_demand_read=41.427s expert_plan=4.611s expert_hint=0.000s expert_submit=0.000s expert_kernel=60.677s source_fence=0.000s tail_head_sync=0.986s layer_other=0.150s expert_read_gross=63.944s plan_hint=4.531s plan_sched=0.078s attn_total=12.480s attn_encode=3.338s attn_wait=7.826s attn_drain=1.316s kernel_total=31.169s kernel_host=1.836s kernel_wait=7.903s kernel_drain=21.430s
[attn-split] single: calls=5580 total=5.302s encode=1.983s wait=2.004s drain=1.316s waits=9660 untimed=1645 | wide: calls=744 total=7.177s encode=1.355s wait=5.822s drain=0.000s waits=736 untimed=736 | hint: calls=6256 total=4.843s encode=0.019s wait=4.824s drain=0.000s waits=6560 untimed=6560
[kernel-split] single: calls=5942 total=21.525s encode=0.598s wait=0.323s drain=20.604s waits=6368 untimed=4965 | wide: calls=1574 total=9.643s encode=1.237s wait=7.580s drain=0.826s waits=1574 untimed=0
[kernel-sub] materialize=0.620s moe=9.075s precommit=20.655s rest=0.819s
[metal-cache] calls=14754 zero_copy_wraps=656 copies=0 cache_entries=206 bindless=true
 the
[stats] generated=75 elapsed=161.236s speed=0.4652 token/s (2.150 s/token) chunks=65 committed_rows=116 verify_tx=7 drafts=10/26 layer_passes=6045 expert_rows=10856 expert_tiles=6528
[verify-width] w1=0 w2=5 w3=0 w4=0 w5=0 w6=0 w7=0 w8+=2              (w1 share 0.0% of 7 transactions)
[opens] expert file opens=284699 total=4.488s mean=0.016ms requested_bytes=3410210651328 (3410.2 GB)
[arrival] tiles=1007 waves=1724 uncovered_wait=36.052s dispatch=8.447s
[retain] enabled=false cap_gb=8 layers=63..=92 consults=0 wanted=0 hits=0 inserts=0 served=0.0MB
[summer] enabled=false cap_gb=8 sample=16 consults=0 wanted=0 hits=0 hit_rate=0.0% misses=0 inserts=0 evictions=0 recycled=0 allocs=0 pin_skips=0 gated=0 ramp=2..50 bar=0 suppressed=0 wide_skips=0 served=0.0MB copied=0.0MB ssd_avoided=0.0GB live=0/0.0GB model=0 protected=0 declined=0 topup_suppressed=0 aged=0 into=0/0/0 pending=0
[mirror-split] internal=0 K3C=0 K3B=0 K3A=0  shares=0%/0%/0%/0%
[phases] mono=359429.501004 chunks=65 sequence=143.570s read_wait=0.171s bind_upload=1.522s attention_resident=10.032s expert_read_prefetch=69.583s expert_demand_read=42.052s expert_plan=4.696s expert_hint=0.000s expert_submit=0.000s expert_kernel=61.066s source_fence=0.000s tail_head_sync=1.003s layer_other=0.152s expert_read_gross=64.887s plan_hint=4.615s plan_sched=0.080s attn_total=12.554s attn_encode=3.359s attn_wait=7.853s attn_drain=1.343s kernel_total=31.549s kernel_host=1.845s kernel_wait=7.909s kernel_drain=21.796s
[attn-split] single: calls=5673 total=5.377s encode=2.003s wait=2.031s drain=1.343s waits=9821 untimed=1667 | wide: calls=744 total=7.177s encode=1.355s wait=5.822s drain=0.000s waits=736 untimed=736 | hint: calls=6348 total=4.927s encode=0.019s wait=4.908s drain=0.000s waits=6651 untimed=6651
[kernel-split] single: calls=6039 total=21.906s encode=0.607s wait=0.329s drain=20.969s waits=6471 untimed=5042 | wide: calls=1574 total=9.643s encode=1.237s wait=7.580s drain=0.826s waits=1574 untimed=0
[kernel-sub] materialize=0.620s moe=9.084s precommit=21.021s rest=0.824s
[metal-cache] calls=14851 zero_copy_wraps=656 copies=0 cache_entries=206 bindless=true
 router
[stats] generated=76 elapsed=162.725s speed=0.4670 token/s (2.141 s/token) chunks=66 committed_rows=117 verify_tx=7 drafts=10/26 layer_passes=6138 expert_rows=10948 expert_tiles=6620
[verify-width] w1=0 w2=5 w3=0 w4=0 w5=0 w6=0 w7=0 w8+=2              (w1 share 0.0% of 7 transactions)
[opens] expert file opens=288739 total=4.551s mean=0.016ms requested_bytes=3445656173760 (3445.7 GB)
[arrival] tiles=1008 waves=1731 uncovered_wait=36.066s dispatch=8.456s
[retain] enabled=false cap_gb=8 layers=63..=92 consults=0 wanted=0 hits=0 inserts=0 served=0.0MB
[summer] enabled=false cap_gb=8 sample=16 consults=0 wanted=0 hits=0 hit_rate=0.0% misses=0 inserts=0 evictions=0 recycled=0 allocs=0 pin_skips=0 gated=0 ramp=2..50 bar=0 suppressed=0 wide_skips=0 served=0.0MB copied=0.0MB ssd_avoided=0.0GB live=0/0.0GB model=0 protected=0 declined=0 topup_suppressed=0 aged=0 into=0/0/0 pending=0
[mirror-split] internal=0 K3C=0 K3B=0 K3A=0  shares=0%/0%/0%/0%
[phases] mono=359430.990227 chunks=66 sequence=145.058s read_wait=0.171s bind_upload=1.522s attention_resident=10.109s expert_read_prefetch=70.611s expert_demand_read=42.698s expert_plan=4.772s expert_hint=0.000s expert_submit=0.000s expert_kernel=61.434s source_fence=0.000s tail_head_sync=1.015s layer_other=0.154s expert_read_gross=65.839s plan_hint=4.690s plan_sched=0.081s attn_total=12.631s attn_encode=3.384s attn_wait=7.883s attn_drain=1.364s kernel_total=31.903s kernel_host=1.854s kernel_wait=7.914s kernel_drain=22.136s
[attn-split] single: calls=5766 total=5.454s encode=2.029s wait=2.061s drain=1.364s waits=9982 untimed=1692 | wide: calls=744 total=7.177s encode=1.355s wait=5.822s drain=0.000s waits=736 untimed=736 | hint: calls=6440 total=5.002s encode=0.020s wait=4.983s drain=0.000s waits=6742 untimed=6742
[kernel-split] single: calls=6137 total=22.260s encode=0.616s wait=0.334s drain=21.310s waits=6576 untimed=5120 | wide: calls=1574 total=9.643s encode=1.237s wait=7.580s drain=0.826s waits=1574 untimed=0
[kernel-sub] materialize=0.620s moe=9.093s precommit=21.362s rest=0.828s
[metal-cache] calls=14949 zero_copy_wraps=656 copies=0 cache_entries=206 bindless=true
[route-chain] chained=4140
[route-chain] dedup_hits=4140
 selects
[stats] generated=77 elapsed=164.235s speed=0.4688 token/s (2.133 s/token) chunks=67 committed_rows=118 verify_tx=7 drafts=10/26 layer_passes=6231 expert_rows=11040 expert_tiles=6712
[verify-width] w1=0 w2=5 w3=0 w4=0 w5=0 w6=0 w7=0 w8+=2              (w1 share 0.0% of 7 transactions)
[opens] expert file opens=292667 total=4.612s mean=0.016ms requested_bytes=3480101518528 (3480.1 GB)
[arrival] tiles=1009 waves=1737 uncovered_wait=36.075s dispatch=8.463s
[retain] enabled=false cap_gb=8 layers=63..=92 consults=0 wanted=0 hits=0 inserts=0 served=0.0MB
[summer] enabled=false cap_gb=8 sample=16 consults=0 wanted=0 hits=0 hit_rate=0.0% misses=0 inserts=0 evictions=0 recycled=0 allocs=0 pin_skips=0 gated=0 ramp=2..50 bar=0 suppressed=0 wide_skips=0 served=0.0MB copied=0.0MB ssd_avoided=0.0GB live=0/0.0GB model=0 protected=0 declined=0 topup_suppressed=0 aged=0 into=0/0/0 pending=0
[mirror-split] internal=0 K3C=0 K3B=0 K3A=0  shares=0%/0%/0%/0%
[phases] mono=359432.500171 chunks=67 sequence=146.567s read_wait=0.171s bind_upload=1.522s attention_resident=10.201s expert_read_prefetch=71.596s expert_demand_read=43.276s expert_plan=4.853s expert_hint=0.000s expert_submit=0.000s expert_kernel=61.848s source_fence=0.000s tail_head_sync=1.031s layer_other=0.155s expert_read_gross=66.743s plan_hint=4.770s plan_sched=0.082s attn_total=12.723s attn_encode=3.426s attn_wait=7.911s attn_drain=1.386s kernel_total=32.308s kernel_host=1.864s kernel_wait=7.917s kernel_drain=22.527s
[attn-split] single: calls=5859 total=5.545s encode=2.071s wait=2.089s drain=1.386s waits=10143 untimed=1710 | wide: calls=744 total=7.177s encode=1.355s wait=5.822s drain=0.000s waits=736 untimed=736 | hint: calls=6532 total=5.082s encode=0.020s wait=5.062s drain=0.000s waits=6833 untimed=6833
[kernel-split] single: calls=6234 total=22.664s encode=0.626s wait=0.338s drain=21.700s waits=6679 untimed=5201 | wide: calls=1574 total=9.643s encode=1.237s wait=7.580s drain=0.826s waits=1574 untimed=0
[kernel-sub] materialize=0.620s moe=9.100s precommit=21.754s rest=0.833s
[metal-cache] calls=15046 zero_copy_wraps=656 copies=0 cache_entries=206 bindless=true
 only
[stats] generated=78 elapsed=165.794s speed=0.4705 token/s (2.126 s/token) chunks=68 committed_rows=119 verify_tx=7 drafts=10/26 layer_passes=6324 expert_rows=11132 expert_tiles=6804
[verify-width] w1=0 w2=5 w3=0 w4=0 w5=0 w6=0 w7=0 w8+=2              (w1 share 0.0% of 7 transactions)
[opens] expert file opens=296548 total=4.669s mean=0.016ms requested_bytes=3514178370752 (3514.2 GB)
[arrival] tiles=1010 waves=1745 uncovered_wait=36.092s dispatch=8.474s
[retain] enabled=false cap_gb=8 layers=63..=92 consults=0 wanted=0 hits=0 inserts=0 served=0.0MB
[summer] enabled=false cap_gb=8 sample=16 consults=0 wanted=0 hits=0 hit_rate=0.0% misses=0 inserts=0 evictions=0 recycled=0 allocs=0 pin_skips=0 gated=0 ramp=2..50 bar=0 suppressed=0 wide_skips=0 served=0.0MB copied=0.0MB ssd_avoided=0.0GB live=0/0.0GB model=0 protected=0 declined=0 topup_suppressed=0 aged=0 into=0/0/0 pending=0
[mirror-split] internal=0 K3C=0 K3B=0 K3A=0  shares=0%/0%/0%/0%
[phases] mono=359434.058674 chunks=68 sequence=148.124s read_wait=0.171s bind_upload=1.522s attention_resident=10.285s expert_read_prefetch=72.694s expert_demand_read=43.924s expert_plan=4.925s expert_hint=0.000s expert_submit=0.000s expert_kernel=62.209s source_fence=0.000s tail_head_sync=1.044s layer_other=0.157s expert_read_gross=67.768s plan_hint=4.841s plan_sched=0.083s attn_total=12.807s attn_encode=3.452s attn_wait=7.948s attn_drain=1.407s kernel_total=32.652s kernel_host=1.873s kernel_wait=7.924s kernel_drain=22.855s
[attn-split] single: calls=5952 total=5.629s encode=2.097s wait=2.126s drain=1.407s waits=10304 untimed=1731 | wide: calls=744 total=7.177s encode=1.355s wait=5.822s drain=0.000s waits=736 untimed=736 | hint: calls=6624 total=5.153s encode=0.020s wait=5.133s drain=0.000s waits=6924 untimed=6924
[kernel-split] single: calls=6333 total=23.009s encode=0.635s wait=0.344s drain=22.029s waits=6786 untimed=5283 | wide: calls=1574 total=9.643s encode=1.237s wait=7.580s drain=0.826s waits=1574 untimed=0
[kernel-sub] materialize=0.620s moe=9.110s precommit=22.084s rest=0.838s
[metal-cache] calls=15145 zero_copy_wraps=656 copies=0 cache_entries=206 bindless=true
 a
[stats] generated=79 elapsed=167.341s speed=0.4721 token/s (2.118 s/token) chunks=69 committed_rows=120 verify_tx=7 drafts=10/26 layer_passes=6417 expert_rows=11224 expert_tiles=6896
[verify-width] w1=0 w2=5 w3=0 w4=0 w5=0 w6=0 w7=0 w8+=2              (w1 share 0.0% of 7 transactions)
[opens] expert file opens=300520 total=4.726s mean=0.016ms requested_bytes=3549009755328 (3549.0 GB)
[arrival] tiles=1011 waves=1751 uncovered_wait=36.102s dispatch=8.481s
[retain] enabled=false cap_gb=8 layers=63..=92 consults=0 wanted=0 hits=0 inserts=0 served=0.0MB
[summer] enabled=false cap_gb=8 sample=16 consults=0 wanted=0 hits=0 hit_rate=0.0% misses=0 inserts=0 evictions=0 recycled=0 allocs=0 pin_skips=0 gated=0 ramp=2..50 bar=0 suppressed=0 wide_skips=0 served=0.0MB copied=0.0MB ssd_avoided=0.0GB live=0/0.0GB model=0 protected=0 declined=0 topup_suppressed=0 aged=0 into=0/0/0 pending=0
[mirror-split] internal=0 K3C=0 K3B=0 K3A=0  shares=0%/0%/0%/0%
[phases] mono=359435.605865 chunks=69 sequence=149.670s read_wait=0.171s bind_upload=1.522s attention_resident=10.364s expert_read_prefetch=73.782s expert_demand_read=44.579s expert_plan=5.000s expert_hint=0.000s expert_submit=0.000s expert_kernel=62.569s source_fence=0.000s tail_head_sync=1.061s layer_other=0.158s expert_read_gross=68.782s plan_hint=4.914s plan_sched=0.084s attn_total=12.885s attn_encode=3.473s attn_wait=7.986s attn_drain=1.427s kernel_total=33.001s kernel_host=1.881s kernel_wait=7.928s kernel_drain=23.192s
[attn-split] single: calls=6045 total=5.708s encode=2.118s wait=2.164s drain=1.427s waits=10465 untimed=1754 | wide: calls=744 total=7.177s encode=1.355s wait=5.822s drain=0.000s waits=736 untimed=736 | hint: calls=6716 total=5.226s encode=0.020s wait=5.206s drain=0.000s waits=7015 untimed=7015
[kernel-split] single: calls=6430 total=23.358s encode=0.644s wait=0.349s drain=22.366s waits=6889 untimed=5363 | wide: calls=1574 total=9.643s encode=1.237s wait=7.580s drain=0.826s waits=1574 untimed=0
[kernel-sub] materialize=0.620s moe=9.118s precommit=22.422s rest=0.842s
[metal-cache] calls=15242 zero_copy_wraps=656 copies=0 cache_entries=206 bindless=true
 small
[stats] generated=80 elapsed=168.848s speed=0.4738 token/s (2.111 s/token) chunks=70 committed_rows=121 verify_tx=7 drafts=10/26 layer_passes=6510 expert_rows=11316 expert_tiles=6988
[verify-width] w1=0 w2=5 w3=0 w4=0 w5=0 w6=0 w7=0 w8+=2              (w1 share 0.0% of 7 transactions)
[opens] expert file opens=304537 total=4.786s mean=0.016ms requested_bytes=3584235977920 (3584.2 GB)
[arrival] tiles=1012 waves=1759 uncovered_wait=36.116s dispatch=8.490s
[retain] enabled=false cap_gb=8 layers=63..=92 consults=0 wanted=0 hits=0 inserts=0 served=0.0MB
[summer] enabled=false cap_gb=8 sample=16 consults=0 wanted=0 hits=0 hit_rate=0.0% misses=0 inserts=0 evictions=0 recycled=0 allocs=0 pin_skips=0 gated=0 ramp=2..50 bar=0 suppressed=0 wide_skips=0 served=0.0MB copied=0.0MB ssd_avoided=0.0GB live=0/0.0GB model=0 protected=0 declined=0 topup_suppressed=0 aged=0 into=0/0/0 pending=0
[mirror-split] internal=0 K3C=0 K3B=0 K3A=0  shares=0%/0%/0%/0%
[phases] mono=359437.113141 chunks=70 sequence=151.175s read_wait=0.171s bind_upload=1.522s attention_resident=10.449s expert_read_prefetch=74.812s expert_demand_read=45.158s expert_plan=5.078s expert_hint=0.000s expert_submit=0.000s expert_kernel=62.940s source_fence=0.000s tail_head_sync=1.078s layer_other=0.160s expert_read_gross=69.734s plan_hint=4.992s plan_sched=0.085s attn_total=12.970s attn_encode=3.500s attn_wait=8.014s attn_drain=1.456s kernel_total=33.359s kernel_host=1.892s kernel_wait=7.934s kernel_drain=23.533s
[attn-split] single: calls=6138 total=5.793s encode=2.144s wait=2.192s drain=1.456s waits=10626 untimed=1781 | wide: calls=744 total=7.177s encode=1.355s wait=5.822s drain=0.000s waits=736 untimed=736 | hint: calls=6808 total=5.304s encode=0.021s wait=5.283s drain=0.000s waits=7106 untimed=7106
[kernel-split] single: calls=6529 total=23.715s encode=0.654s wait=0.354s drain=22.707s waits=6996 untimed=5447 | wide: calls=1574 total=9.643s encode=1.237s wait=7.580s drain=0.826s waits=1574 untimed=0
[kernel-sub] materialize=0.620s moe=9.126s precommit=22.765s rest=0.847s
[metal-cache] calls=15341 zero_copy_wraps=656 copies=0 cache_entries=206 bindless=true
 subset
[stats] generated=81 elapsed=170.360s speed=0.4755 token/s (2.103 s/token) chunks=71 committed_rows=122 verify_tx=7 drafts=10/26 layer_passes=6603 expert_rows=11408 expert_tiles=7080
[verify-width] w1=0 w2=5 w3=0 w4=0 w5=0 w6=0 w7=0 w8+=2              (w1 share 0.0% of 7 transactions)
[opens] expert file opens=308446 total=4.839s mean=0.016ms requested_bytes=3618523397312 (3618.5 GB)
[arrival] tiles=1013 waves=1765 uncovered_wait=36.127s dispatch=8.498s
[retain] enabled=false cap_gb=8 layers=63..=92 consults=0 wanted=0 hits=0 inserts=0 served=0.0MB
[summer] enabled=false cap_gb=8 sample=16 consults=0 wanted=0 hits=0 hit_rate=0.0% misses=0 inserts=0 evictions=0 recycled=0 allocs=0 pin_skips=0 gated=0 ramp=2..50 bar=0 suppressed=0 wide_skips=0 served=0.0MB copied=0.0MB ssd_avoided=0.0GB live=0/0.0GB model=0 protected=0 declined=0 topup_suppressed=0 aged=0 into=0/0/0 pending=0
[mirror-split] internal=0 K3C=0 K3B=0 K3A=0  shares=0%/0%/0%/0%
[phases] mono=359438.624843 chunks=71 sequence=152.686s read_wait=0.171s bind_upload=1.522s attention_resident=10.535s expert_read_prefetch=75.896s expert_demand_read=45.800s expert_plan=5.151s expert_hint=0.000s expert_submit=0.000s expert_kernel=63.263s source_fence=0.000s tail_head_sync=1.094s layer_other=0.162s expert_read_gross=70.745s plan_hint=5.063s plan_sched=0.086s attn_total=13.056s attn_encode=3.539s attn_wait=8.043s attn_drain=1.474s kernel_total=33.670s kernel_host=1.901s kernel_wait=7.938s kernel_drain=23.831s
[attn-split] single: calls=6231 total=5.879s encode=2.183s wait=2.222s drain=1.474s waits=10787 untimed=1809 | wide: calls=744 total=7.177s encode=1.355s wait=5.822s drain=0.000s waits=736 untimed=736 | hint: calls=6900 total=5.375s encode=0.021s wait=5.355s drain=0.000s waits=7197 untimed=7197
[kernel-split] single: calls=6626 total=24.027s encode=0.663s wait=0.358s drain=23.005s waits=7099 untimed=5532 | wide: calls=1574 total=9.643s encode=1.237s wait=7.580s drain=0.826s waits=1574 untimed=0
[kernel-sub] materialize=0.620s moe=9.134s precommit=23.064s rest=0.852s
[metal-cache] calls=15438 zero_copy_wraps=656 copies=0 cache_entries=206 bindless=true
—
[stats] generated=82 elapsed=171.837s speed=0.4772 token/s (2.096 s/token) chunks=72 committed_rows=123 verify_tx=7 drafts=10/26 layer_passes=6696 expert_rows=11500 expert_tiles=7172
[verify-width] w1=0 w2=5 w3=0 w4=0 w5=0 w6=0 w7=0 w8+=2              (w1 share 0.0% of 7 transactions)
[opens] expert file opens=312306 total=4.891s mean=0.016ms requested_bytes=3652389665984 (3652.4 GB)
[arrival] tiles=1014 waves=1770 uncovered_wait=36.135s dispatch=8.510s
[retain] enabled=false cap_gb=8 layers=63..=92 consults=0 wanted=0 hits=0 inserts=0 served=0.0MB
[summer] enabled=false cap_gb=8 sample=16 consults=0 wanted=0 hits=0 hit_rate=0.0% misses=0 inserts=0 evictions=0 recycled=0 allocs=0 pin_skips=0 gated=0 ramp=2..50 bar=0 suppressed=0 wide_skips=0 served=0.0MB copied=0.0MB ssd_avoided=0.0GB live=0/0.0GB model=0 protected=0 declined=0 topup_suppressed=0 aged=0 into=0/0/0 pending=0
[mirror-split] internal=0 K3C=0 K3B=0 K3A=0  shares=0%/0%/0%/0%
[phases] mono=359440.102158 chunks=72 sequence=154.161s read_wait=0.171s bind_upload=1.522s attention_resident=10.612s expert_read_prefetch=76.905s expert_demand_read=46.412s expert_plan=5.224s expert_hint=0.000s expert_submit=0.000s expert_kernel=63.633s source_fence=0.000s tail_head_sync=1.111s layer_other=0.163s expert_read_gross=71.681s plan_hint=5.135s plan_sched=0.087s attn_total=13.133s attn_encode=3.563s attn_wait=8.072s attn_drain=1.499s kernel_total=34.032s kernel_host=1.911s kernel_wait=7.944s kernel_drain=24.176s
[attn-split] single: calls=6324 total=5.956s encode=2.208s wait=2.250s drain=1.499s waits=10948 untimed=1828 | wide: calls=744 total=7.177s encode=1.355s wait=5.822s drain=0.000s waits=736 untimed=736 | hint: calls=6992 total=5.447s encode=0.021s wait=5.426s drain=0.000s waits=7288 untimed=7288
[kernel-split] single: calls=6722 total=24.388s encode=0.674s wait=0.365s drain=23.350s waits=7200 untimed=5614 | wide: calls=1574 total=9.643s encode=1.237s wait=7.580s drain=0.826s waits=1574 untimed=0
[kernel-sub] materialize=0.620s moe=9.146s precommit=23.409s rest=0.856s
[metal-cache] calls=15534 zero_copy_wraps=656 copies=0 cache_entries=206 bindless=true
often
[stats] generated=83 elapsed=173.355s speed=0.4788 token/s (2.089 s/token) chunks=73 committed_rows=124 verify_tx=7 drafts=10/26 layer_passes=6789 expert_rows=11592 expert_tiles=7264
[verify-width] w1=0 w2=5 w3=0 w4=0 w5=0 w6=0 w7=0 w8+=2              (w1 share 0.0% of 7 transactions)
[opens] expert file opens=316305 total=4.951s mean=0.016ms requested_bytes=3687475461312 (3687.5 GB)
[arrival] tiles=1015 waves=1778 uncovered_wait=36.143s dispatch=8.520s
[retain] enabled=false cap_gb=8 layers=63..=92 consults=0 wanted=0 hits=0 inserts=0 served=0.0MB
[summer] enabled=false cap_gb=8 sample=16 consults=0 wanted=0 hits=0 hit_rate=0.0% misses=0 inserts=0 evictions=0 recycled=0 allocs=0 pin_skips=0 gated=0 ramp=2..50 bar=0 suppressed=0 wide_skips=0 served=0.0MB copied=0.0MB ssd_avoided=0.0GB live=0/0.0GB model=0 protected=0 declined=0 topup_suppressed=0 aged=0 into=0/0/0 pending=0
[mirror-split] internal=0 K3C=0 K3B=0 K3A=0  shares=0%/0%/0%/0%
[phases] mono=359441.619890 chunks=73 sequence=155.677s read_wait=0.171s bind_upload=1.522s attention_resident=10.689s expert_read_prefetch=77.955s expert_demand_read=47.073s expert_plan=5.290s expert_hint=0.000s expert_submit=0.000s expert_kernel=64.005s source_fence=0.000s tail_head_sync=1.127s layer_other=0.165s expert_read_gross=72.664s plan_hint=5.201s plan_sched=0.088s attn_total=13.210s attn_encode=3.584s attn_wait=8.108s attn_drain=1.518s kernel_total=34.396s kernel_host=1.920s kernel_wait=7.950s kernel_drain=24.526s
[attn-split] single: calls=6417 total=6.032s encode=2.229s wait=2.286s drain=1.518s waits=11109 untimed=1855 | wide: calls=744 total=7.177s encode=1.355s wait=5.822s drain=0.000s waits=736 untimed=736 | hint: calls=7084 total=5.513s encode=0.021s wait=5.491s drain=0.000s waits=7379 untimed=7379
[kernel-split] single: calls=6821 total=24.752s encode=0.683s wait=0.370s drain=23.700s waits=7307 untimed=5693 | wide: calls=1574 total=9.643s encode=1.237s wait=7.580s drain=0.826s waits=1574 untimed=0
[kernel-sub] materialize=0.620s moe=9.156s precommit=23.759s rest=0.861s
[metal-cache] calls=15633 zero_copy_wraps=656 copies=0 cache_entries=206 bindless=true
 just
[stats] generated=84 elapsed=174.858s speed=0.4804 token/s (2.082 s/token) chunks=74 committed_rows=125 verify_tx=7 drafts=10/26 layer_passes=6882 expert_rows=11684 expert_tiles=7356
[verify-width] w1=0 w2=5 w3=0 w4=0 w5=0 w6=0 w7=0 w8+=2              (w1 share 0.0% of 7 transactions)
[opens] expert file opens=320265 total=5.016s mean=0.016ms requested_bytes=3722219093184 (3722.2 GB)
[arrival] tiles=1016 waves=1782 uncovered_wait=36.154s dispatch=8.528s
[retain] enabled=false cap_gb=8 layers=63..=92 consults=0 wanted=0 hits=0 inserts=0 served=0.0MB
[summer] enabled=false cap_gb=8 sample=16 consults=0 wanted=0 hits=0 hit_rate=0.0% misses=0 inserts=0 evictions=0 recycled=0 allocs=0 pin_skips=0 gated=0 ramp=2..50 bar=0 suppressed=0 wide_skips=0 served=0.0MB copied=0.0MB ssd_avoided=0.0GB live=0/0.0GB model=0 protected=0 declined=0 topup_suppressed=0 aged=0 into=0/0/0 pending=0
[mirror-split] internal=0 K3C=0 K3B=0 K3A=0  shares=0%/0%/0%/0%
[phases] mono=359443.122824 chunks=74 sequence=157.179s read_wait=0.171s bind_upload=1.522s attention_resident=10.766s expert_read_prefetch=78.998s expert_demand_read=47.705s expert_plan=5.362s expert_hint=0.000s expert_submit=0.000s expert_kernel=64.370s source_fence=0.000s tail_head_sync=1.142s layer_other=0.166s expert_read_gross=73.636s plan_hint=5.271s plan_sched=0.089s attn_total=13.287s attn_encode=3.610s attn_wait=8.136s attn_drain=1.541s kernel_total=34.749s kernel_host=1.930s kernel_wait=7.953s kernel_drain=24.866s
[attn-split] single: calls=6510 total=6.110s encode=2.255s wait=2.314s drain=1.541s waits=11270 untimed=1879 | wide: calls=744 total=7.177s encode=1.355s wait=5.822s drain=0.000s waits=736 untimed=736 | hint: calls=7176 total=5.583s encode=0.021s wait=5.562s drain=0.000s waits=7470 untimed=7470
[kernel-split] single: calls=6916 total=25.106s encode=0.693s wait=0.374s drain=24.039s waits=7406 untimed=5772 | wide: calls=1574 total=9.643s encode=1.237s wait=7.580s drain=0.826s waits=1574 untimed=0
[kernel-sub] materialize=0.620s moe=9.164s precommit=24.100s rest=0.866s
[metal-cache] calls=15728 zero_copy_wraps=656 copies=0 cache_entries=206 bindless=true
 
[stats] generated=85 elapsed=176.324s speed=0.4821 token/s (2.074 s/token) chunks=75 committed_rows=126 verify_tx=7 drafts=10/26 layer_passes=6975 expert_rows=11776 expert_tiles=7448
[verify-width] w1=0 w2=5 w3=0 w4=0 w5=0 w6=0 w7=0 w8+=2              (w1 share 0.0% of 7 transactions)
[opens] expert file opens=324170 total=5.073s mean=0.016ms requested_bytes=3756471401664 (3756.5 GB)
[arrival] tiles=1017 waves=1790 uncovered_wait=36.164s dispatch=8.536s
[retain] enabled=false cap_gb=8 layers=63..=92 consults=0 wanted=0 hits=0 inserts=0 served=0.0MB
[summer] enabled=false cap_gb=8 sample=16 consults=0 wanted=0 hits=0 hit_rate=0.0% misses=0 inserts=0 evictions=0 recycled=0 allocs=0 pin_skips=0 gated=0 ramp=2..50 bar=0 suppressed=0 wide_skips=0 served=0.0MB copied=0.0MB ssd_avoided=0.0GB live=0/0.0GB model=0 protected=0 declined=0 topup_suppressed=0 aged=0 into=0/0/0 pending=0
[mirror-split] internal=0 K3C=0 K3B=0 K3A=0  shares=0%/0%/0%/0%
[phases] mono=359444.589456 chunks=75 sequence=158.644s read_wait=0.171s bind_upload=1.522s attention_resident=10.861s expert_read_prefetch=79.997s expert_demand_read=48.283s expert_plan=5.430s expert_hint=0.000s expert_submit=0.000s expert_kernel=64.725s source_fence=0.000s tail_head_sync=1.157s layer_other=0.168s expert_read_gross=74.566s plan_hint=5.338s plan_sched=0.090s attn_total=13.382s attn_encode=3.649s attn_wait=8.173s attn_drain=1.560s kernel_total=35.094s kernel_host=1.939s kernel_wait=7.958s kernel_drain=25.197s
[attn-split] single: calls=6603 total=6.204s encode=2.293s wait=2.352s drain=1.560s waits=11431 untimed=1907 | wide: calls=744 total=7.177s encode=1.355s wait=5.822s drain=0.000s waits=736 untimed=736 | hint: calls=7268 total=5.650s encode=0.022s wait=5.628s drain=0.000s waits=7561 untimed=7561
[kernel-split] single: calls=7015 total=25.451s encode=0.702s wait=0.378s drain=24.371s waits=7513 untimed=5854 | wide: calls=1574 total=9.643s encode=1.237s wait=7.580s drain=0.826s waits=1574 untimed=0
[kernel-sub] materialize=0.620s moe=9.172s precommit=24.433s rest=0.870s
[metal-cache] calls=15827 zero_copy_wraps=656 copies=0 cache_entries=206 bindless=true
1
[stats] generated=86 elapsed=177.869s speed=0.4835 token/s (2.068 s/token) chunks=76 committed_rows=127 verify_tx=7 drafts=10/26 layer_passes=7068 expert_rows=11868 expert_tiles=7540
[verify-width] w1=0 w2=5 w3=0 w4=0 w5=0 w6=0 w7=0 w8+=2              (w1 share 0.0% of 7 transactions)
[opens] expert file opens=328210 total=5.130s mean=0.016ms requested_bytes=3791890627776 (3791.9 GB)
[arrival] tiles=1018 waves=1795 uncovered_wait=36.174s dispatch=8.543s
[retain] enabled=false cap_gb=8 layers=63..=92 consults=0 wanted=0 hits=0 inserts=0 served=0.0MB
[summer] enabled=false cap_gb=8 sample=16 consults=0 wanted=0 hits=0 hit_rate=0.0% misses=0 inserts=0 evictions=0 recycled=0 allocs=0 pin_skips=0 gated=0 ramp=2..50 bar=0 suppressed=0 wide_skips=0 served=0.0MB copied=0.0MB ssd_avoided=0.0GB live=0/0.0GB model=0 protected=0 declined=0 topup_suppressed=0 aged=0 into=0/0/0 pending=0
[mirror-split] internal=0 K3C=0 K3B=0 K3A=0  shares=0%/0%/0%/0%
[phases] mono=359446.133724 chunks=76 sequence=160.187s read_wait=0.171s bind_upload=1.522s attention_resident=10.941s expert_read_prefetch=81.054s expert_demand_read=48.917s expert_plan=5.499s expert_hint=0.000s expert_submit=0.000s expert_kernel=65.116s source_fence=0.000s tail_head_sync=1.170s layer_other=0.170s expert_read_gross=75.555s plan_hint=5.406s plan_sched=0.091s attn_total=13.462s attn_encode=3.676s attn_wait=8.198s attn_drain=1.588s kernel_total=35.475s kernel_host=1.948s kernel_wait=7.962s kernel_drain=25.565s
[attn-split] single: calls=6696 total=6.285s encode=2.321s wait=2.376s drain=1.588s waits=11592 untimed=1929 | wide: calls=744 total=7.177s encode=1.355s wait=5.822s drain=0.000s waits=736 untimed=736 | hint: calls=7360 total=5.717s encode=0.022s wait=5.695s drain=0.000s waits=7652 untimed=7652
[kernel-split] single: calls=7111 total=25.832s encode=0.710s wait=0.382s drain=24.739s waits=7614 untimed=5927 | wide: calls=1574 total=9.643s encode=1.237s wait=7.580s drain=0.826s waits=1574 untimed=0
[kernel-sub] materialize=0.620s moe=9.178s precommit=24.802s rest=0.874s
[metal-cache] calls=15923 zero_copy_wraps=656 copies=0 cache_entries=206 bindless=true
 or
[stats] generated=87 elapsed=179.309s speed=0.4852 token/s (2.061 s/token) chunks=77 committed_rows=128 verify_tx=7 drafts=10/26 layer_passes=7161 expert_rows=11960 expert_tiles=7632
[verify-width] w1=0 w2=5 w3=0 w4=0 w5=0 w6=0 w7=0 w8+=2              (w1 share 0.0% of 7 transactions)
[opens] expert file opens=332045 total=5.188s mean=0.016ms requested_bytes=3825528782016 (3825.5 GB)
[arrival] tiles=1019 waves=1802 uncovered_wait=36.183s dispatch=8.551s
[retain] enabled=false cap_gb=8 layers=63..=92 consults=0 wanted=0 hits=0 inserts=0 served=0.0MB
[summer] enabled=false cap_gb=8 sample=16 consults=0 wanted=0 hits=0 hit_rate=0.0% misses=0 inserts=0 evictions=0 recycled=0 allocs=0 pin_skips=0 gated=0 ramp=2..50 bar=0 suppressed=0 wide_skips=0 served=0.0MB copied=0.0MB ssd_avoided=0.0GB live=0/0.0GB model=0 protected=0 declined=0 topup_suppressed=0 aged=0 into=0/0/0 pending=0
[mirror-split] internal=0 K3C=0 K3B=0 K3A=0  shares=0%/0%/0%/0%
[phases] mono=359447.574083 chunks=77 sequence=161.626s read_wait=0.171s bind_upload=1.522s attention_resident=11.034s expert_read_prefetch=81.974s expert_demand_read=49.486s expert_plan=5.571s expert_hint=0.000s expert_submit=0.000s expert_kernel=65.522s source_fence=0.000s tail_head_sync=1.187s layer_other=0.172s expert_read_gross=76.403s plan_hint=5.477s plan_sched=0.093s attn_total=13.554s attn_encode=3.702s attn_wait=8.241s attn_drain=1.611s kernel_total=35.872s kernel_host=1.958s kernel_wait=7.966s kernel_drain=25.948s
[attn-split] single: calls=6789 total=6.377s encode=2.346s wait=2.419s drain=1.611s waits=11753 untimed=1949 | wide: calls=744 total=7.177s encode=1.355s wait=5.822s drain=0.000s waits=736 untimed=736 | hint: calls=7452 total=5.789s encode=0.022s wait=5.766s drain=0.000s waits=7743 untimed=7743
[kernel-split] single: calls=7209 total=26.229s encode=0.721s wait=0.386s drain=25.122s waits=7719 untimed=5997 | wide: calls=1574 total=9.643s encode=1.237s wait=7.580s drain=0.826s waits=1574 untimed=0
[kernel-sub] materialize=0.620s moe=9.186s precommit=25.186s rest=0.879s
[metal-cache] calls=16021 zero_copy_wraps=656 copies=0 cache_entries=206 bindless=true
[route-chain] chained=4830
[route-chain] dedup_hits=4830
 
[stats] generated=88 elapsed=180.773s speed=0.4868 token/s (2.054 s/token) chunks=78 committed_rows=129 verify_tx=7 drafts=10/26 layer_passes=7254 expert_rows=12052 expert_tiles=7724
[verify-width] w1=0 w2=5 w3=0 w4=0 w5=0 w6=0 w7=0 w8+=2              (w1 share 0.0% of 7 transactions)
[opens] expert file opens=336018 total=5.245s mean=0.016ms requested_bytes=3860403993792 (3860.4 GB)
[arrival] tiles=1020 waves=1808 uncovered_wait=36.194s dispatch=8.557s
[retain] enabled=false cap_gb=8 layers=63..=92 consults=0 wanted=0 hits=0 inserts=0 served=0.0MB
[summer] enabled=false cap_gb=8 sample=16 consults=0 wanted=0 hits=0 hit_rate=0.0% misses=0 inserts=0 evictions=0 recycled=0 allocs=0 pin_skips=0 gated=0 ramp=2..50 bar=0 suppressed=0 wide_skips=0 served=0.0MB copied=0.0MB ssd_avoided=0.0GB live=0/0.0GB model=0 protected=0 declined=0 topup_suppressed=0 aged=0 into=0/0/0 pending=0
[mirror-split] internal=0 K3C=0 K3B=0 K3A=0  shares=0%/0%/0%/0%
[phases] mono=359449.038212 chunks=78 sequence=163.089s read_wait=0.171s bind_upload=1.522s attention_resident=11.119s expert_read_prefetch=82.929s expert_demand_read=50.089s expert_plan=5.643s expert_hint=0.000s expert_submit=0.000s expert_kernel=65.930s source_fence=0.000s tail_head_sync=1.200s layer_other=0.173s expert_read_gross=77.286s plan_hint=5.547s plan_sched=0.094s attn_total=13.639s attn_encode=3.727s attn_wait=8.282s attn_drain=1.630s kernel_total=36.268s kernel_host=1.967s kernel_wait=7.969s kernel_drain=26.332s
[attn-split] single: calls=6882 total=6.462s encode=2.372s wait=2.460s drain=1.630s waits=11914 untimed=1977 | wide: calls=744 total=7.177s encode=1.355s wait=5.822s drain=0.000s waits=736 untimed=736 | hint: calls=7544 total=5.859s encode=0.022s wait=5.837s drain=0.000s waits=7834 untimed=7834
[kernel-split] single: calls=7306 total=26.625s encode=0.730s wait=0.389s drain=25.506s waits=7822 untimed=6072 | wide: calls=1574 total=9.643s encode=1.237s wait=7.580s drain=0.826s waits=1574 untimed=0
[kernel-sub] materialize=0.620s moe=9.192s precommit=25.572s rest=0.884s
[metal-cache] calls=16118 zero_copy_wraps=656 copies=0 cache_entries=206 bindless=true
2
[stats] generated=89 elapsed=182.297s speed=0.4882 token/s (2.048 s/token) chunks=79 committed_rows=130 verify_tx=7 drafts=10/26 layer_passes=7347 expert_rows=12144 expert_tiles=7816
[verify-width] w1=0 w2=5 w3=0 w4=0 w5=0 w6=0 w7=0 w8+=2              (w1 share 0.0% of 7 transactions)
[opens] expert file opens=340053 total=5.302s mean=0.016ms requested_bytes=3895796874432 (3895.8 GB)
[arrival] tiles=1021 waves=1813 uncovered_wait=36.204s dispatch=8.566s
[retain] enabled=false cap_gb=8 layers=63..=92 consults=0 wanted=0 hits=0 inserts=0 served=0.0MB
[summer] enabled=false cap_gb=8 sample=16 consults=0 wanted=0 hits=0 hit_rate=0.0% misses=0 inserts=0 evictions=0 recycled=0 allocs=0 pin_skips=0 gated=0 ramp=2..50 bar=0 suppressed=0 wide_skips=0 served=0.0MB copied=0.0MB ssd_avoided=0.0GB live=0/0.0GB model=0 protected=0 declined=0 topup_suppressed=0 aged=0 into=0/0/0 pending=0
[mirror-split] internal=0 K3C=0 K3B=0 K3A=0  shares=0%/0%/0%/0%
[phases] mono=359450.561851 chunks=79 sequence=164.611s read_wait=0.171s bind_upload=1.522s attention_resident=11.206s expert_read_prefetch=84.012s expert_demand_read=50.757s expert_plan=5.715s expert_hint=0.000s expert_submit=0.000s expert_kernel=66.265s source_fence=0.000s tail_head_sync=1.216s layer_other=0.175s expert_read_gross=78.297s plan_hint=5.618s plan_sched=0.095s attn_total=13.726s attn_encode=3.763s attn_wait=8.311s attn_drain=1.651s kernel_total=36.594s kernel_host=1.977s kernel_wait=7.974s kernel_drain=26.644s
[attn-split] single: calls=6975 total=6.548s encode=2.408s wait=2.489s drain=1.651s waits=12075 untimed=2000 | wide: calls=744 total=7.177s encode=1.355s wait=5.822s drain=0.000s waits=736 untimed=736 | hint: calls=7636 total=5.930s encode=0.023s wait=5.907s drain=0.000s waits=7925 untimed=7925
[kernel-split] single: calls=7402 total=26.951s encode=0.739s wait=0.394s drain=25.818s waits=7923 untimed=6155 | wide: calls=1574 total=9.643s encode=1.237s wait=7.580s drain=0.826s waits=1574 untimed=0
[kernel-sub] materialize=0.620s moe=9.201s precommit=25.885s rest=0.888s
[metal-cache] calls=16214 zero_copy_wraps=656 copies=0 cache_entries=206 bindless=true
 experts
[stats] generated=90 elapsed=183.774s speed=0.4897 token/s (2.042 s/token) chunks=80 committed_rows=131 verify_tx=7 drafts=10/26 layer_passes=7440 expert_rows=12236 expert_tiles=7908
[verify-width] w1=0 w2=5 w3=0 w4=0 w5=0 w6=0 w7=0 w8+=2              (w1 share 0.0% of 7 transactions)
[opens] expert file opens=343916 total=5.360s mean=0.016ms requested_bytes=3929698204864 (3929.7 GB)
[arrival] tiles=1022 waves=1819 uncovered_wait=36.213s dispatch=8.577s
[retain] enabled=false cap_gb=8 layers=63..=92 consults=0 wanted=0 hits=0 inserts=0 served=0.0MB
[summer] enabled=false cap_gb=8 sample=16 consults=0 wanted=0 hits=0 hit_rate=0.0% misses=0 inserts=0 evictions=0 recycled=0 allocs=0 pin_skips=0 gated=0 ramp=2..50 bar=0 suppressed=0 wide_skips=0 served=0.0MB copied=0.0MB ssd_avoided=0.0GB live=0/0.0GB model=0 protected=0 declined=0 topup_suppressed=0 aged=0 into=0/0/0 pending=0
[mirror-split] internal=0 K3C=0 K3B=0 K3A=0  shares=0%/0%/0%/0%
[phases] mono=359452.038700 chunks=80 sequence=166.087s read_wait=0.171s bind_upload=1.522s attention_resident=11.282s expert_read_prefetch=85.010s expert_demand_read=51.351s expert_plan=5.796s expert_hint=0.000s expert_submit=0.000s expert_kernel=66.649s source_fence=0.000s tail_head_sync=1.232s layer_other=0.177s expert_read_gross=79.214s plan_hint=5.698s plan_sched=0.096s attn_total=13.801s attn_encode=3.788s attn_wait=8.339s attn_drain=1.675s kernel_total=36.969s kernel_host=1.986s kernel_wait=7.980s kernel_drain=27.003s
[attn-split] single: calls=7068 total=6.624s encode=2.432s wait=2.517s drain=1.675s waits=12236 untimed=2023 | wide: calls=744 total=7.177s encode=1.355s wait=5.822s drain=0.000s waits=736 untimed=736 | hint: calls=7728 total=6.009s encode=0.023s wait=5.986s drain=0.000s waits=8016 untimed=8016
[kernel-split] single: calls=7499 total=27.326s encode=0.749s wait=0.400s drain=26.176s waits=8026 untimed=6236 | wide: calls=1574 total=9.643s encode=1.237s wait=7.580s drain=0.826s waits=1574 untimed=0
[kernel-sub] materialize=0.620s moe=9.212s precommit=26.244s rest=0.893s
[metal-cache] calls=16311 zero_copy_wraps=656 copies=0 cache_entries=206 bindless=true
 out
[stats] generated=91 elapsed=185.464s speed=0.4907 token/s (2.038 s/token) chunks=81 committed_rows=132 verify_tx=7 drafts=10/26 layer_passes=7533 expert_rows=12328 expert_tiles=8000
[verify-width] w1=0 w2=5 w3=0 w4=0 w5=0 w6=0 w7=0 w8+=2              (w1 share 0.0% of 7 transactions)
[opens] expert file opens=347864 total=5.416s mean=0.016ms requested_bytes=3964362882240 (3964.4 GB)
[arrival] tiles=1023 waves=1826 uncovered_wait=36.227s dispatch=8.586s
[retain] enabled=false cap_gb=8 layers=63..=92 consults=0 wanted=0 hits=0 inserts=0 served=0.0MB
[summer] enabled=false cap_gb=8 sample=16 consults=0 wanted=0 hits=0 hit_rate=0.0% misses=0 inserts=0 evictions=0 recycled=0 allocs=0 pin_skips=0 gated=0 ramp=2..50 bar=0 suppressed=0 wide_skips=0 served=0.0MB copied=0.0MB ssd_avoided=0.0GB live=0/0.0GB model=0 protected=0 declined=0 topup_suppressed=0 aged=0 into=0/0/0 pending=0
[mirror-split] internal=0 K3C=0 K3B=0 K3A=0  shares=0%/0%/0%/0%
[phases] mono=359453.728962 chunks=81 sequence=167.776s read_wait=0.171s bind_upload=1.522s attention_resident=11.355s expert_read_prefetch=86.216s expert_demand_read=52.074s expert_plan=5.868s expert_hint=0.000s expert_submit=0.000s expert_kernel=67.044s source_fence=0.000s tail_head_sync=1.245s layer_other=0.178s expert_read_gross=80.347s plan_hint=5.769s plan_sched=0.097s attn_total=13.874s attn_encode=3.809s attn_wait=8.375s attn_drain=1.691s kernel_total=37.349s kernel_host=1.995s kernel_wait=7.986s kernel_drain=27.368s
[attn-split] single: calls=7161 total=6.697s encode=2.453s wait=2.553s drain=1.691s waits=12397 untimed=2049 | wide: calls=744 total=7.177s encode=1.355s wait=5.822s drain=0.000s waits=736 untimed=736 | hint: calls=7820 total=6.081s encode=0.023s wait=6.058s drain=0.000s waits=8107 untimed=8107
[kernel-split] single: calls=7597 total=27.706s encode=0.758s wait=0.406s drain=26.542s waits=8131 untimed=6316 | wide: calls=1574 total=9.643s encode=1.237s wait=7.580s drain=0.826s waits=1574 untimed=0
[kernel-sub] materialize=0.620s moe=9.221s precommit=26.610s rest=0.898s
[metal-cache] calls=16409 zero_copy_wraps=656 copies=0 cache_entries=206 bindless=true
 of
[stats] generated=92 elapsed=187.255s speed=0.4913 token/s (2.035 s/token) chunks=82 committed_rows=133 verify_tx=7 drafts=10/26 layer_passes=7626 expert_rows=12420 expert_tiles=8092
[verify-width] w1=0 w2=5 w3=0 w4=0 w5=0 w6=0 w7=0 w8+=2              (w1 share 0.0% of 7 transactions)
[opens] expert file opens=351699 total=5.477s mean=0.016ms requested_bytes=3997983489216 (3998.0 GB)
[arrival] tiles=1024 waves=1832 uncovered_wait=36.240s dispatch=8.596s
[retain] enabled=false cap_gb=8 layers=63..=92 consults=0 wanted=0 hits=0 inserts=0 served=0.0MB
[summer] enabled=false cap_gb=8 sample=16 consults=0 wanted=0 hits=0 hit_rate=0.0% misses=0 inserts=0 evictions=0 recycled=0 allocs=0 pin_skips=0 gated=0 ramp=2..50 bar=0 suppressed=0 wide_skips=0 served=0.0MB copied=0.0MB ssd_avoided=0.0GB live=0/0.0GB model=0 protected=0 declined=0 topup_suppressed=0 aged=0 into=0/0/0 pending=0
[mirror-split] internal=0 K3C=0 K3B=0 K3A=0  shares=0%/0%/0%/0%
[phases] mono=359455.520061 chunks=82 sequence=169.565s read_wait=0.171s bind_upload=1.522s attention_resident=11.433s expert_read_prefetch=87.540s expert_demand_read=52.857s expert_plan=5.941s expert_hint=0.000s expert_submit=0.000s expert_kernel=67.416s source_fence=0.000s tail_head_sync=1.260s layer_other=0.179s expert_read_gross=81.598s plan_hint=5.841s plan_sched=0.098s attn_total=13.953s attn_encode=3.837s attn_wait=8.401s attn_drain=1.716s kernel_total=37.707s kernel_host=2.005s kernel_wait=7.991s kernel_drain=27.711s
[attn-split] single: calls=7254 total=6.775s encode=2.481s wait=2.579s drain=1.716s waits=12558 untimed=2070 | wide: calls=744 total=7.177s encode=1.355s wait=5.822s drain=0.000s waits=736 untimed=736 | hint: calls=7912 total=6.153s encode=0.023s wait=6.130s drain=0.000s waits=8198 untimed=8198
[kernel-split] single: calls=7694 total=28.064s encode=0.768s wait=0.411s drain=26.885s waits=8234 untimed=6395 | wide: calls=1574 total=9.643s encode=1.237s wait=7.580s drain=0.826s waits=1574 untimed=0
[kernel-sub] materialize=0.620s moe=9.231s precommit=26.954s rest=0.902s
[metal-cache] calls=16506 zero_copy_wraps=656 copies=0 cache_entries=206 bindless=true
 dozens
[stats] generated=93 elapsed=189.143s speed=0.4917 token/s (2.034 s/token) chunks=83 committed_rows=134 verify_tx=7 drafts=10/26 layer_passes=7719 expert_rows=12512 expert_tiles=8184
[verify-width] w1=0 w2=5 w3=0 w4=0 w5=0 w6=0 w7=0 w8+=2              (w1 share 0.0% of 7 transactions)
[opens] expert file opens=355674 total=5.545s mean=0.016ms requested_bytes=4032797375680 (4032.8 GB)
[arrival] tiles=1025 waves=1836 uncovered_wait=36.250s dispatch=8.603s
[retain] enabled=false cap_gb=8 layers=63..=92 consults=0 wanted=0 hits=0 inserts=0 served=0.0MB
[summer] enabled=false cap_gb=8 sample=16 consults=0 wanted=0 hits=0 hit_rate=0.0% misses=0 inserts=0 evictions=0 recycled=0 allocs=0 pin_skips=0 gated=0 ramp=2..50 bar=0 suppressed=0 wide_skips=0 served=0.0MB copied=0.0MB ssd_avoided=0.0GB live=0/0.0GB model=0 protected=0 declined=0 topup_suppressed=0 aged=0 into=0/0/0 pending=0
[mirror-split] internal=0 K3C=0 K3B=0 K3A=0  shares=0%/0%/0%/0%
[phases] mono=359457.407628 chunks=83 sequence=171.450s read_wait=0.171s bind_upload=1.522s attention_resident=11.557s expert_read_prefetch=88.890s expert_demand_read=53.698s expert_plan=6.017s expert_hint=0.000s expert_submit=0.000s expert_kernel=67.811s source_fence=0.000s tail_head_sync=1.274s layer_other=0.181s expert_read_gross=82.873s plan_hint=5.915s plan_sched=0.099s attn_total=14.076s attn_encode=3.897s attn_wait=8.443s attn_drain=1.737s kernel_total=38.092s kernel_host=2.014s kernel_wait=7.995s kernel_drain=28.083s
[attn-split] single: calls=7347 total=6.899s encode=2.541s wait=2.621s drain=1.737s waits=12719 untimed=2090 | wide: calls=744 total=7.177s encode=1.355s wait=5.822s drain=0.000s waits=736 untimed=736 | hint: calls=8004 total=6.227s encode=0.024s wait=6.203s drain=0.000s waits=8289 untimed=8289
[kernel-split] single: calls=7789 total=28.449s encode=0.777s wait=0.416s drain=27.256s waits=8333 untimed=6469 | wide: calls=1574 total=9.643s encode=1.237s wait=7.580s drain=0.826s waits=1574 untimed=0
[kernel-sub] materialize=0.620s moe=9.238s precommit=27.327s rest=0.907s
[metal-cache] calls=16601 zero_copy_wraps=656 copies=0 cache_entries=206 bindless=true
 or
[stats] generated=94 elapsed=190.961s speed=0.4922 token/s (2.031 s/token) chunks=84 committed_rows=135 verify_tx=7 drafts=10/26 layer_passes=7812 expert_rows=12604 expert_tiles=8276
[verify-width] w1=0 w2=5 w3=0 w4=0 w5=0 w6=0 w7=0 w8+=2              (w1 share 0.0% of 7 transactions)
[opens] expert file opens=359472 total=5.604s mean=0.016ms requested_bytes=4066084617408 (4066.1 GB)
[arrival] tiles=1026 waves=1841 uncovered_wait=36.261s dispatch=8.612s
[retain] enabled=false cap_gb=8 layers=63..=92 consults=0 wanted=0 hits=0 inserts=0 served=0.0MB
[summer] enabled=false cap_gb=8 sample=16 consults=0 wanted=0 hits=0 hit_rate=0.0% misses=0 inserts=0 evictions=0 recycled=0 allocs=0 pin_skips=0 gated=0 ramp=2..50 bar=0 suppressed=0 wide_skips=0 served=0.0MB copied=0.0MB ssd_avoided=0.0GB live=0/0.0GB model=0 protected=0 declined=0 topup_suppressed=0 aged=0 into=0/0/0 pending=0
[mirror-split] internal=0 K3C=0 K3B=0 K3A=0  shares=0%/0%/0%/0%
[phases] mono=359459.225714 chunks=84 sequence=173.267s read_wait=0.171s bind_upload=1.522s attention_resident=11.639s expert_read_prefetch=90.233s expert_demand_read=54.497s expert_plan=6.089s expert_hint=0.000s expert_submit=0.000s expert_kernel=68.186s source_fence=0.000s tail_head_sync=1.290s layer_other=0.182s expert_read_gross=84.144s plan_hint=5.986s plan_sched=0.100s attn_total=14.158s attn_encode=3.929s attn_wait=8.479s attn_drain=1.749s kernel_total=38.456s kernel_host=2.024s kernel_wait=8.001s kernel_drain=28.432s
[attn-split] single: calls=7440 total=6.980s encode=2.574s wait=2.658s drain=1.749s waits=12880 untimed=2121 | wide: calls=744 total=7.177s encode=1.355s wait=5.822s drain=0.000s waits=736 untimed=736 | hint: calls=8096 total=6.298s encode=0.024s wait=6.274s drain=0.000s waits=8380 untimed=8380
[kernel-split] single: calls=7885 total=28.813s encode=0.786s wait=0.421s drain=27.606s waits=8434 untimed=6547 | wide: calls=1574 total=9.643s encode=1.237s wait=7.580s drain=0.826s waits=1574 untimed=0
[kernel-sub] materialize=0.620s moe=9.247s precommit=27.678s rest=0.911s
[metal-cache] calls=16697 zero_copy_wraps=656 copies=0 cache_entries=206 bindless=true
 hundreds
[stats] generated=95 elapsed=192.657s speed=0.4931 token/s (2.028 s/token) chunks=85 committed_rows=136 verify_tx=7 drafts=10/26 layer_passes=7905 expert_rows=12696 expert_tiles=8368
[verify-width] w1=0 w2=5 w3=0 w4=0 w5=0 w6=0 w7=0 w8+=2              (w1 share 0.0% of 7 transactions)
[opens] expert file opens=363415 total=5.660s mean=0.016ms requested_bytes=4100644043968 (4100.6 GB)
[arrival] tiles=1027 waves=1846 uncovered_wait=36.271s dispatch=8.620s
[retain] enabled=false cap_gb=8 layers=63..=92 consults=0 wanted=0 hits=0 inserts=0 served=0.0MB
[summer] enabled=false cap_gb=8 sample=16 consults=0 wanted=0 hits=0 hit_rate=0.0% misses=0 inserts=0 evictions=0 recycled=0 allocs=0 pin_skips=0 gated=0 ramp=2..50 bar=0 suppressed=0 wide_skips=0 served=0.0MB copied=0.0MB ssd_avoided=0.0GB live=0/0.0GB model=0 protected=0 declined=0 topup_suppressed=0 aged=0 into=0/0/0 pending=0
[mirror-split] internal=0 K3C=0 K3B=0 K3A=0  shares=0%/0%/0%/0%
[phases] mono=359460.922549 chunks=85 sequence=174.962s read_wait=0.171s bind_upload=1.522s attention_resident=11.714s expert_read_prefetch=91.479s expert_demand_read=55.229s expert_plan=6.168s expert_hint=0.000s expert_submit=0.000s expert_kernel=68.545s source_fence=0.000s tail_head_sync=1.303s layer_other=0.183s expert_read_gross=85.310s plan_hint=6.065s plan_sched=0.101s attn_total=14.233s attn_encode=3.959s attn_wait=8.515s attn_drain=1.759s kernel_total=38.806s kernel_host=2.032s kernel_wait=8.006s kernel_drain=28.768s
[attn-split] single: calls=7533 total=7.056s encode=2.604s wait=2.693s drain=1.759s waits=13041 untimed=2154 | wide: calls=744 total=7.177s encode=1.355s wait=5.822s drain=0.000s waits=736 untimed=736 | hint: calls=8188 total=6.376s encode=0.024s wait=6.352s drain=0.000s waits=8471 untimed=8471
[kernel-split] single: calls=7981 total=29.162s encode=0.794s wait=0.426s drain=27.942s waits=8535 untimed=6631 | wide: calls=1574 total=9.643s encode=1.237s wait=7.580s drain=0.826s waits=1574 untimed=0
[kernel-sub] materialize=0.620s moe=9.254s precommit=28.016s rest=0.916s
[metal-cache] calls=16793 zero_copy_wraps=656 copies=0 cache_entries=206 bindless=true
—
[stats] generated=96 elapsed=194.127s speed=0.4945 token/s (2.022 s/token) chunks=86 committed_rows=137 verify_tx=7 drafts=10/26 layer_passes=7998 expert_rows=12788 expert_tiles=8460
[verify-width] w1=0 w2=5 w3=0 w4=0 w5=0 w6=0 w7=0 w8+=2              (w1 share 0.0% of 7 transactions)
[opens] expert file opens=367324 total=5.727s mean=0.016ms requested_bytes=4134922681536 (4134.9 GB)
[arrival] tiles=1028 waves=1854 uncovered_wait=36.283s dispatch=8.630s
[retain] enabled=false cap_gb=8 layers=63..=92 consults=0 wanted=0 hits=0 inserts=0 served=0.0MB
[summer] enabled=false cap_gb=8 sample=16 consults=0 wanted=0 hits=0 hit_rate=0.0% misses=0 inserts=0 evictions=0 recycled=0 allocs=0 pin_skips=0 gated=0 ramp=2..50 bar=0 suppressed=0 wide_skips=0 served=0.0MB copied=0.0MB ssd_avoided=0.0GB live=0/0.0GB model=0 protected=0 declined=0 topup_suppressed=0 aged=0 into=0/0/0 pending=0
[mirror-split] internal=0 K3C=0 K3B=0 K3A=0  shares=0%/0%/0%/0%
[phases] mono=359462.392141 chunks=86 sequence=176.431s read_wait=0.171s bind_upload=1.522s attention_resident=11.797s expert_read_prefetch=92.419s expert_demand_read=55.861s expert_plan=6.245s expert_hint=0.000s expert_submit=0.000s expert_kernel=68.971s source_fence=0.000s tail_head_sync=1.320s layer_other=0.185s expert_read_gross=86.173s plan_hint=6.141s plan_sched=0.103s attn_total=14.316s attn_encode=3.990s attn_wait=8.537s attn_drain=1.789s kernel_total=39.220s kernel_host=2.042s kernel_wait=8.011s kernel_drain=29.167s
[attn-split] single: calls=7626 total=7.139s encode=2.634s wait=2.715s drain=1.789s waits=13202 untimed=2172 | wide: calls=744 total=7.177s encode=1.355s wait=5.822s drain=0.000s waits=736 untimed=736 | hint: calls=8280 total=6.452s encode=0.024s wait=6.428s drain=0.000s waits=8562 untimed=8562
[kernel-split] single: calls=8080 total=29.577s encode=0.805s wait=0.431s drain=28.341s waits=8642 untimed=6713 | wide: calls=1574 total=9.643s encode=1.237s wait=7.580s drain=0.826s waits=1574 untimed=0
[kernel-sub] materialize=0.620s moe=9.264s precommit=28.415s rest=0.921s
[metal-cache] calls=16892 zero_copy_wraps=656 copies=0 cache_entries=206 bindless=true
making
[stats] generated=97 elapsed=195.660s speed=0.4958 token/s (2.017 s/token) chunks=87 committed_rows=138 verify_tx=7 drafts=10/26 layer_passes=8091 expert_rows=12880 expert_tiles=8552
[verify-width] w1=0 w2=5 w3=0 w4=0 w5=0 w6=0 w7=0 w8+=2              (w1 share 0.0% of 7 transactions)
[opens] expert file opens=371379 total=5.782s mean=0.016ms requested_bytes=4170491034816 (4170.5 GB)
[arrival] tiles=1029 waves=1858 uncovered_wait=36.293s dispatch=8.639s
[retain] enabled=false cap_gb=8 layers=63..=92 consults=0 wanted=0 hits=0 inserts=0 served=0.0MB
[summer] enabled=false cap_gb=8 sample=16 consults=0 wanted=0 hits=0 hit_rate=0.0% misses=0 inserts=0 evictions=0 recycled=0 allocs=0 pin_skips=0 gated=0 ramp=2..50 bar=0 suppressed=0 wide_skips=0 served=0.0MB copied=0.0MB ssd_avoided=0.0GB live=0/0.0GB model=0 protected=0 declined=0 topup_suppressed=0 aged=0 into=0/0/0 pending=0
[mirror-split] internal=0 K3C=0 K3B=0 K3A=0  shares=0%/0%/0%/0%
[phases] mono=359463.924647 chunks=87 sequence=177.962s read_wait=0.171s bind_upload=1.522s attention_resident=11.886s expert_read_prefetch=93.477s expert_demand_read=56.501s expert_plan=6.322s expert_hint=0.000s expert_submit=0.000s expert_kernel=69.337s source_fence=0.000s tail_head_sync=1.337s layer_other=0.187s expert_read_gross=87.155s plan_hint=6.216s plan_sched=0.104s attn_total=14.405s attn_encode=4.023s attn_wait=8.568s attn_drain=1.815s kernel_total=39.575s kernel_host=2.052s kernel_wait=8.015s kernel_drain=29.508s
[attn-split] single: calls=7719 total=7.228s encode=2.667s wait=2.746s drain=1.815s waits=13363 untimed=2192 | wide: calls=744 total=7.177s encode=1.355s wait=5.822s drain=0.000s waits=736 untimed=736 | hint: calls=8372 total=6.527s encode=0.025s wait=6.503s drain=0.000s waits=8653 untimed=8653
[kernel-split] single: calls=8175 total=29.932s encode=0.814s wait=0.435s drain=28.682s waits=8741 untimed=6792 | wide: calls=1574 total=9.643s encode=1.237s wait=7.580s drain=0.826s waits=1574 untimed=0
[kernel-sub] materialize=0.620s moe=9.273s precommit=28.757s rest=0.925s
[metal-cache] calls=16987 zero_copy_wraps=656 copies=0 cache_entries=206 bindless=true
[route-chain] chained=5520
[route-chain] dedup_hits=5520
 the
[stats] generated=98 elapsed=197.153s speed=0.4971 token/s (2.012 s/token) chunks=88 committed_rows=139 verify_tx=7 drafts=10/26 layer_passes=8184 expert_rows=12972 expert_tiles=8644
[verify-width] w1=0 w2=5 w3=0 w4=0 w5=0 w6=0 w7=0 w8+=2              (w1 share 0.0% of 7 transactions)
[opens] expert file opens=375277 total=5.847s mean=0.016ms requested_bytes=4204664437952 (4204.7 GB)
[arrival] tiles=1030 waves=1865 uncovered_wait=36.304s dispatch=8.647s
[retain] enabled=false cap_gb=8 layers=63..=92 consults=0 wanted=0 hits=0 inserts=0 served=0.0MB
[summer] enabled=false cap_gb=8 sample=16 consults=0 wanted=0 hits=0 hit_rate=0.0% misses=0 inserts=0 evictions=0 recycled=0 allocs=0 pin_skips=0 gated=0 ramp=2..50 bar=0 suppressed=0 wide_skips=0 served=0.0MB copied=0.0MB ssd_avoided=0.0GB live=0/0.0GB model=0 protected=0 declined=0 topup_suppressed=0 aged=0 into=0/0/0 pending=0
[mirror-split] internal=0 K3C=0 K3B=0 K3A=0  shares=0%/0%/0%/0%
[phases] mono=359465.418563 chunks=88 sequence=179.454s read_wait=0.171s bind_upload=1.522s attention_resident=11.958s expert_read_prefetch=94.540s expert_demand_read=57.130s expert_plan=6.395s expert_hint=0.000s expert_submit=0.000s expert_kernel=69.680s source_fence=0.000s tail_head_sync=1.350s layer_other=0.188s expert_read_gross=88.144s plan_hint=6.289s plan_sched=0.105s attn_total=14.476s attn_encode=4.046s attn_wait=8.594s attn_drain=1.836s kernel_total=39.907s kernel_host=2.062s kernel_wait=8.020s kernel_drain=29.826s
[attn-split] single: calls=7812 total=7.299s encode=2.690s wait=2.772s drain=1.836s waits=13524 untimed=2211 | wide: calls=744 total=7.177s encode=1.355s wait=5.822s drain=0.000s waits=736 untimed=736 | hint: calls=8464 total=6.600s encode=0.025s wait=6.575s drain=0.000s waits=8744 untimed=8744
[kernel-split] single: calls=8273 total=30.264s encode=0.824s wait=0.440s drain=29.000s waits=8846 untimed=6873 | wide: calls=1574 total=9.643s encode=1.237s wait=7.580s drain=0.826s waits=1574 untimed=0
[kernel-sub] materialize=0.620s moe=9.281s precommit=29.076s rest=0.929s
[metal-cache] calls=17085 zero_copy_wraps=656 copies=0 cache_entries=206 bindless=true
 model
[stats] generated=99 elapsed=198.660s speed=0.4983 token/s (2.007 s/token) chunks=89 committed_rows=140 verify_tx=7 drafts=10/26 layer_passes=8277 expert_rows=13064 expert_tiles=8736
[verify-width] w1=0 w2=5 w3=0 w4=0 w5=0 w6=0 w7=0 w8+=2              (w1 share 0.0% of 7 transactions)
[opens] expert file opens=379298 total=5.902s mean=0.016ms requested_bytes=4239908191424 (4239.9 GB)
[arrival] tiles=1031 waves=1873 uncovered_wait=36.319s dispatch=8.657s
[retain] enabled=false cap_gb=8 layers=63..=92 consults=0 wanted=0 hits=0 inserts=0 served=0.0MB
[summer] enabled=false cap_gb=8 sample=16 consults=0 wanted=0 hits=0 hit_rate=0.0% misses=0 inserts=0 evictions=0 recycled=0 allocs=0 pin_skips=0 gated=0 ramp=2..50 bar=0 suppressed=0 wide_skips=0 served=0.0MB copied=0.0MB ssd_avoided=0.0GB live=0/0.0GB model=0 protected=0 declined=0 topup_suppressed=0 aged=0 into=0/0/0 pending=0
[mirror-split] internal=0 K3C=0 K3B=0 K3A=0  shares=0%/0%/0%/0%
[phases] mono=359466.925494 chunks=89 sequence=180.960s read_wait=0.171s bind_upload=1.522s attention_resident=12.033s expert_read_prefetch=95.559s expert_demand_read=57.682s expert_plan=6.476s expert_hint=0.000s expert_submit=0.000s expert_kernel=70.072s source_fence=0.000s tail_head_sync=1.367s layer_other=0.190s expert_read_gross=89.083s plan_hint=6.369s plan_sched=0.106s attn_total=14.551s attn_encode=4.071s attn_wait=8.629s attn_drain=1.851s kernel_total=40.283s kernel_host=2.071s kernel_wait=8.025s kernel_drain=30.187s
[attn-split] single: calls=7905 total=7.374s encode=2.716s wait=2.807s drain=1.851s waits=13685 untimed=2248 | wide: calls=744 total=7.177s encode=1.355s wait=5.822s drain=0.000s waits=736 untimed=736 | hint: calls=8556 total=6.680s encode=0.025s wait=6.655s drain=0.000s waits=8835 untimed=8835
[kernel-split] single: calls=8372 total=30.640s encode=0.834s wait=0.446s drain=29.360s waits=8953 untimed=6961 | wide: calls=1574 total=9.643s encode=1.237s wait=7.580s drain=0.826s waits=1574 untimed=0
[kernel-sub] materialize=0.620s moe=9.291s precommit=29.438s rest=0.934s
[metal-cache] calls=17184 zero_copy_wraps=656 copies=0 cache_entries=206 bindless=true
 **
[stats] generated=100 elapsed=200.201s speed=0.4995 token/s (2.002 s/token) chunks=90 committed_rows=141 verify_tx=7 drafts=10/26 layer_passes=8370 expert_rows=13156 expert_tiles=8828
[verify-width] w1=0 w2=5 w3=0 w4=0 w5=0 w6=0 w7=0 w8+=2              (w1 share 0.0% of 7 transactions)
[opens] expert file opens=383256 total=5.972s mean=0.016ms requested_bytes=4274651806912 (4274.7 GB)
[arrival] tiles=1032 waves=1881 uncovered_wait=36.329s dispatch=8.667s
[retain] enabled=false cap_gb=8 layers=63..=92 consults=0 wanted=0 hits=0 inserts=0 served=0.0MB
[summer] enabled=false cap_gb=8 sample=16 consults=0 wanted=0 hits=0 hit_rate=0.0% misses=0 inserts=0 evictions=0 recycled=0 allocs=0 pin_skips=0 gated=0 ramp=2..50 bar=0 suppressed=0 wide_skips=0 served=0.0MB copied=0.0MB ssd_avoided=0.0GB live=0/0.0GB model=0 protected=0 declined=0 topup_suppressed=0 aged=0 into=0/0/0 pending=0
[mirror-split] internal=0 K3C=0 K3B=0 K3A=0  shares=0%/0%/0%/0%
[phases] mono=359468.466242 chunks=90 sequence=182.499s read_wait=0.171s bind_upload=1.522s attention_resident=12.118s expert_read_prefetch=96.597s expert_demand_read=58.273s expert_plan=6.546s expert_hint=0.000s expert_submit=0.000s expert_kernel=70.469s source_fence=0.000s tail_head_sync=1.385s layer_other=0.192s expert_read_gross=90.050s plan_hint=6.437s plan_sched=0.107s attn_total=14.636s attn_encode=4.098s attn_wait=8.665s attn_drain=1.873s kernel_total=40.670s kernel_host=2.081s kernel_wait=8.031s kernel_drain=30.558s
[attn-split] single: calls=7998 total=7.459s encode=2.742s wait=2.843s drain=1.873s waits=13846 untimed=2271 | wide: calls=744 total=7.177s encode=1.355s wait=5.822s drain=0.000s waits=736 untimed=736 | hint: calls=8648 total=6.749s encode=0.025s wait=6.723s drain=0.000s waits=8926 untimed=8926
[kernel-split] single: calls=8471 total=31.026s encode=0.843s wait=0.452s drain=29.731s waits=9060 untimed=7047 | wide: calls=1574 total=9.643s encode=1.237s wait=7.580s drain=0.826s waits=1574 untimed=0
[kernel-sub] materialize=0.620s moe=9.301s precommit=29.810s rest=0.939s
[metal-cache] calls=17283 zero_copy_wraps=656 copies=0 cache_entries=206 bindless=true
sparse
[stats] generated=101 elapsed=201.766s speed=0.5006 token/s (1.998 s/token) chunks=91 committed_rows=142 verify_tx=7 drafts=10/26 layer_passes=8463 expert_rows=13248 expert_tiles=8920
[verify-width] w1=0 w2=5 w3=0 w4=0 w5=0 w6=0 w7=0 w8+=2              (w1 share 0.0% of 7 transactions)
[opens] expert file opens=387239 total=6.028s mean=0.016ms requested_bytes=4309588475072 (4309.6 GB)
[arrival] tiles=1033 waves=1887 uncovered_wait=36.342s dispatch=8.675s
[retain] enabled=false cap_gb=8 layers=63..=92 consults=0 wanted=0 hits=0 inserts=0 served=0.0MB
[summer] enabled=false cap_gb=8 sample=16 consults=0 wanted=0 hits=0 hit_rate=0.0% misses=0 inserts=0 evictions=0 recycled=0 allocs=0 pin_skips=0 gated=0 ramp=2..50 bar=0 suppressed=0 wide_skips=0 served=0.0MB copied=0.0MB ssd_avoided=0.0GB live=0/0.0GB model=0 protected=0 declined=0 topup_suppressed=0 aged=0 into=0/0/0 pending=0
[mirror-split] internal=0 K3C=0 K3B=0 K3A=0  shares=0%/0%/0%/0%
[phases] mono=359470.031068 chunks=91 sequence=184.063s read_wait=0.171s bind_upload=1.522s attention_resident=12.203s expert_read_prefetch=97.709s expert_demand_read=58.959s expert_plan=6.618s expert_hint=0.000s expert_submit=0.000s expert_kernel=70.816s source_fence=0.000s tail_head_sync=1.402s layer_other=0.194s expert_read_gross=91.090s plan_hint=6.508s plan_sched=0.108s attn_total=14.721s attn_encode=4.131s attn_wait=8.700s attn_drain=1.891s kernel_total=41.005s kernel_host=2.089s kernel_wait=8.035s kernel_drain=30.881s
[attn-split] single: calls=8091 total=7.544s encode=2.775s wait=2.878s drain=1.891s waits=14007 untimed=2300 | wide: calls=744 total=7.177s encode=1.355s wait=5.822s drain=0.000s waits=736 untimed=736 | hint: calls=8740 total=6.819s encode=0.026s wait=6.793s drain=0.000s waits=9017 untimed=9017
[kernel-split] single: calls=8568 total=31.361s encode=0.852s wait=0.455s drain=30.055s waits=9163 untimed=7127 | wide: calls=1574 total=9.643s encode=1.237s wait=7.580s drain=0.826s waits=1574 untimed=0
[kernel-sub] materialize=0.620s moe=9.308s precommit=30.133s rest=0.943s
[metal-cache] calls=17380 zero_copy_wraps=656 copies=0 cache_entries=206 bindless=true
**.


[stats] generated=102 elapsed=203.251s speed=0.5018 token/s (1.993 s/token) chunks=92 committed_rows=143 verify_tx=7 drafts=10/26 layer_passes=8556 expert_rows=13340 expert_tiles=9012
[verify-width] w1=0 w2=5 w3=0 w4=0 w5=0 w6=0 w7=0 w8+=2              (w1 share 0.0% of 7 transactions)
[opens] expert file opens=391132 total=6.083s mean=0.016ms requested_bytes=4343726701760 (4343.7 GB)
[arrival] tiles=1034 waves=1895 uncovered_wait=36.357s dispatch=8.683s
[retain] enabled=false cap_gb=8 layers=63..=92 consults=0 wanted=0 hits=0 inserts=0 served=0.0MB
[summer] enabled=false cap_gb=8 sample=16 consults=0 wanted=0 hits=0 hit_rate=0.0% misses=0 inserts=0 evictions=0 recycled=0 allocs=0 pin_skips=0 gated=0 ramp=2..50 bar=0 suppressed=0 wide_skips=0 served=0.0MB copied=0.0MB ssd_avoided=0.0GB live=0/0.0GB model=0 protected=0 declined=0 topup_suppressed=0 aged=0 into=0/0/0 pending=0
[mirror-split] internal=0 K3C=0 K3B=0 K3A=0  shares=0%/0%/0%/0%
[phases] mono=359471.515753 chunks=92 sequence=185.546s read_wait=0.171s bind_upload=1.522s attention_resident=12.287s expert_read_prefetch=98.731s expert_demand_read=59.564s expert_plan=6.689s expert_hint=0.000s expert_submit=0.001s expert_kernel=71.180s source_fence=0.000s tail_head_sync=1.415s layer_other=0.195s expert_read_gross=92.041s plan_hint=6.578s plan_sched=0.109s attn_total=14.805s attn_encode=4.152s attn_wait=8.738s attn_drain=1.915s kernel_total=41.353s kernel_host=2.098s kernel_wait=8.040s kernel_drain=31.215s
[attn-split] single: calls=8184 total=7.627s encode=2.797s wait=2.916s drain=1.915s waits=14168 untimed=2319 | wide: calls=744 total=7.177s encode=1.355s wait=5.822s drain=0.000s waits=736 untimed=736 | hint: calls=8832 total=6.889s encode=0.026s wait=6.863s drain=0.000s waits=9108 untimed=9108
[kernel-split] single: calls=8667 total=31.710s encode=0.861s wait=0.460s drain=30.389s waits=9270 untimed=7210 | wide: calls=1574 total=9.643s encode=1.237s wait=7.580s drain=0.826s waits=1574 untimed=0
[kernel-sub] materialize=0.620s moe=9.317s precommit=30.469s rest=0.947s
[metal-cache] calls=17479 zero_copy_wraps=656 copies=0 cache_entries=206 bindless=true
Here
[stats] generated=103 elapsed=204.801s speed=0.5029 token/s (1.988 s/token) chunks=93 committed_rows=144 verify_tx=7 drafts=10/26 layer_passes=8649 expert_rows=13432 expert_tiles=9104
[verify-width] w1=0 w2=5 w3=0 w4=0 w5=0 w6=0 w7=0 w8+=2              (w1 share 0.0% of 7 transactions)
[opens] expert file opens=395182 total=6.139s mean=0.016ms requested_bytes=4379216116928 (4379.2 GB)
[arrival] tiles=1035 waves=1902 uncovered_wait=36.371s dispatch=8.692s
[retain] enabled=false cap_gb=8 layers=63..=92 consults=0 wanted=0 hits=0 inserts=0 served=0.0MB
[summer] enabled=false cap_gb=8 sample=16 consults=0 wanted=0 hits=0 hit_rate=0.0% misses=0 inserts=0 evictions=0 recycled=0 allocs=0 pin_skips=0 gated=0 ramp=2..50 bar=0 suppressed=0 wide_skips=0 served=0.0MB copied=0.0MB ssd_avoided=0.0GB live=0/0.0GB model=0 protected=0 declined=0 topup_suppressed=0 aged=0 into=0/0/0 pending=0
[mirror-split] internal=0 K3C=0 K3B=0 K3A=0  shares=0%/0%/0%/0%
[phases] mono=359473.065703 chunks=93 sequence=187.095s read_wait=0.171s bind_upload=1.522s attention_resident=12.365s expert_read_prefetch=99.784s expert_demand_read=60.203s expert_plan=6.758s expert_hint=0.000s expert_submit=0.001s expert_kernel=71.577s source_fence=0.000s tail_head_sync=1.432s layer_other=0.197s expert_read_gross=93.026s plan_hint=6.646s plan_sched=0.110s attn_total=14.883s attn_encode=4.174s attn_wait=8.771s attn_drain=1.938s kernel_total=41.736s kernel_host=2.108s kernel_wait=8.045s kernel_drain=31.583s
[attn-split] single: calls=8277 total=7.705s encode=2.818s wait=2.949s drain=1.938s waits=14329 untimed=2341 | wide: calls=744 total=7.177s encode=1.355s wait=5.822s drain=0.000s waits=736 untimed=736 | hint: calls=8924 total=6.957s encode=0.026s wait=6.931s drain=0.000s waits=9199 untimed=9199
[kernel-split] single: calls=8765 total=32.093s encode=0.870s wait=0.466s drain=30.757s waits=9375 untimed=7289 | wide: calls=1574 total=9.643s encode=1.237s wait=7.580s drain=0.826s waits=1574 untimed=0
[kernel-sub] materialize=0.620s moe=9.326s precommit=30.839s rest=0.952s
[metal-cache] calls=17577 zero_copy_wraps=656 copies=0 cache_entries=206 bindless=true
 is
[stats] generated=104 elapsed=206.273s speed=0.5042 token/s (1.983 s/token) chunks=94 committed_rows=145 verify_tx=7 drafts=10/26 layer_passes=8742 expert_rows=13524 expert_tiles=9196
[verify-width] w1=0 w2=5 w3=0 w4=0 w5=0 w6=0 w7=0 w8+=2              (w1 share 0.0% of 7 transactions)
[opens] expert file opens=399067 total=6.199s mean=0.016ms requested_bytes=4413275438272 (4413.3 GB)
[arrival] tiles=1036 waves=1909 uncovered_wait=36.381s dispatch=8.700s
[retain] enabled=false cap_gb=8 layers=63..=92 consults=0 wanted=0 hits=0 inserts=0 served=0.0MB
[summer] enabled=false cap_gb=8 sample=16 consults=0 wanted=0 hits=0 hit_rate=0.0% misses=0 inserts=0 evictions=0 recycled=0 allocs=0 pin_skips=0 gated=0 ramp=2..50 bar=0 suppressed=0 wide_skips=0 served=0.0MB copied=0.0MB ssd_avoided=0.0GB live=0/0.0GB model=0 protected=0 declined=0 topup_suppressed=0 aged=0 into=0/0/0 pending=0
[mirror-split] internal=0 K3C=0 K3B=0 K3A=0  shares=0%/0%/0%/0%
[phases] mono=359474.538151 chunks=94 sequence=188.566s read_wait=0.171s bind_upload=1.522s attention_resident=12.452s expert_read_prefetch=100.824s expert_demand_read=60.817s expert_plan=6.831s expert_hint=0.000s expert_submit=0.001s expert_kernel=71.908s source_fence=0.000s tail_head_sync=1.445s layer_other=0.198s expert_read_gross=93.992s plan_hint=6.718s plan_sched=0.112s attn_total=14.969s attn_encode=4.200s attn_wait=8.814s attn_drain=1.955s kernel_total=42.057s kernel_host=2.117s kernel_wait=8.050s kernel_drain=31.889s
[attn-split] single: calls=8370 total=7.792s encode=2.845s wait=2.992s drain=1.955s waits=14490 untimed=2374 | wide: calls=744 total=7.177s encode=1.355s wait=5.822s drain=0.000s waits=736 untimed=736 | hint: calls=9016 total=7.029s encode=0.026s wait=7.002s drain=0.000s waits=9290 untimed=9290
[kernel-split] single: calls=8863 total=32.414s encode=0.880s wait=0.471s drain=31.063s waits=9480 untimed=7371 | wide: calls=1574 total=9.643s encode=1.237s wait=7.580s drain=0.826s waits=1574 untimed=0
[kernel-sub] materialize=0.620s moe=9.334s precommit=31.146s rest=0.957s
[metal-cache] calls=17675 zero_copy_wraps=656 copies=0 cache_entries=206 bindless=true
 a
[stats] generated=105 elapsed=207.999s speed=0.5048 token/s (1.981 s/token) chunks=95 committed_rows=146 verify_tx=7 drafts=10/26 layer_passes=8835 expert_rows=13616 expert_tiles=9288
[verify-width] w1=0 w2=5 w3=0 w4=0 w5=0 w6=0 w7=0 w8+=2              (w1 share 0.0% of 7 transactions)
[opens] expert file opens=402932 total=6.258s mean=0.016ms requested_bytes=4447159270592 (4447.2 GB)
[arrival] tiles=1037 waves=1916 uncovered_wait=36.393s dispatch=8.709s
[retain] enabled=false cap_gb=8 layers=63..=92 consults=0 wanted=0 hits=0 inserts=0 served=0.0MB
[summer] enabled=false cap_gb=8 sample=16 consults=0 wanted=0 hits=0 hit_rate=0.0% misses=0 inserts=0 evictions=0 recycled=0 allocs=0 pin_skips=0 gated=0 ramp=2..50 bar=0 suppressed=0 wide_skips=0 served=0.0MB copied=0.0MB ssd_avoided=0.0GB live=0/0.0GB model=0 protected=0 declined=0 topup_suppressed=0 aged=0 into=0/0/0 pending=0
[mirror-split] internal=0 K3C=0 K3B=0 K3A=0  shares=0%/0%/0%/0%
[phases] mono=359476.263707 chunks=95 sequence=190.290s read_wait=0.171s bind_upload=1.522s attention_resident=12.565s expert_read_prefetch=102.054s expert_demand_read=61.600s expert_plan=6.900s expert_hint=0.000s expert_submit=0.001s expert_kernel=72.274s source_fence=0.000s tail_head_sync=1.458s layer_other=0.200s expert_read_gross=95.153s plan_hint=6.786s plan_sched=0.113s attn_total=15.083s attn_encode=4.267s attn_wait=8.844s attn_drain=1.972s kernel_total=42.410s kernel_host=2.126s kernel_wait=8.055s kernel_drain=32.229s
[attn-split] single: calls=8463 total=7.905s encode=2.911s wait=3.022s drain=1.972s waits=14651 untimed=2400 | wide: calls=744 total=7.177s encode=1.355s wait=5.822s drain=0.000s waits=736 untimed=736 | hint: calls=9108 total=7.097s encode=0.027s wait=7.070s drain=0.000s waits=9381 untimed=9381
[kernel-split] single: calls=8961 total=32.767s encode=0.889s wait=0.475s drain=31.403s waits=9585 untimed=7447 | wide: calls=1574 total=9.643s encode=1.237s wait=7.580s drain=0.826s waits=1574 untimed=0
[kernel-sub] materialize=0.620s moe=9.342s precommit=31.487s rest=0.961s
[metal-cache] calls=17773 zero_copy_wraps=656 copies=0 cache_entries=206 bindless=true
 breakdown
[stats] generated=106 elapsed=209.916s speed=0.5050 token/s (1.980 s/token) chunks=96 committed_rows=147 verify_tx=7 drafts=10/26 layer_passes=8928 expert_rows=13708 expert_tiles=9380
[verify-width] w1=0 w2=5 w3=0 w4=0 w5=0 w6=0 w7=0 w8+=2              (w1 share 0.0% of 7 transactions)
[opens] expert file opens=406843 total=6.324s mean=0.016ms requested_bytes=4481411644608 (4481.4 GB)
[arrival] tiles=1038 waves=1923 uncovered_wait=36.412s dispatch=8.721s
[retain] enabled=false cap_gb=8 layers=63..=92 consults=0 wanted=0 hits=0 inserts=0 served=0.0MB
[summer] enabled=false cap_gb=8 sample=16 consults=0 wanted=0 hits=0 hit_rate=0.0% misses=0 inserts=0 evictions=0 recycled=0 allocs=0 pin_skips=0 gated=0 ramp=2..50 bar=0 suppressed=0 wide_skips=0 served=0.0MB copied=0.0MB ssd_avoided=0.0GB live=0/0.0GB model=0 protected=0 declined=0 topup_suppressed=0 aged=0 into=0/0/0 pending=0
[mirror-split] internal=0 K3C=0 K3B=0 K3A=0  shares=0%/0%/0%/0%
[phases] mono=359478.180565 chunks=96 sequence=192.206s read_wait=0.171s bind_upload=1.522s attention_resident=12.645s expert_read_prefetch=103.488s expert_demand_read=62.404s expert_plan=6.985s expert_hint=0.000s expert_submit=0.001s expert_kernel=72.657s source_fence=0.000s tail_head_sync=1.474s layer_other=0.201s expert_read_gross=96.503s plan_hint=6.869s plan_sched=0.114s attn_total=15.162s attn_encode=4.297s attn_wait=8.877s attn_drain=1.989s kernel_total=42.775s kernel_host=2.137s kernel_wait=8.060s kernel_drain=32.578s
[attn-split] single: calls=8556 total=7.985s encode=2.942s wait=3.055s drain=1.989s waits=14812 untimed=2425 | wide: calls=744 total=7.177s encode=1.355s wait=5.822s drain=0.000s waits=736 untimed=736 | hint: calls=9200 total=7.180s encode=0.027s wait=7.153s drain=0.000s waits=9472 untimed=9472
[kernel-split] single: calls=9059 total=33.132s encode=0.899s wait=0.481s drain=31.751s waits=9690 untimed=7528 | wide: calls=1574 total=9.643s encode=1.237s wait=7.580s drain=0.826s waits=1574 untimed=0
[kernel-sub] materialize=0.620s moe=9.354s precommit=31.835s rest=0.966s
[metal-cache] calls=17871 zero_copy_wraps=656 copies=0 cache_entries=206 bindless=true
 of
[stats] generated=107 elapsed=211.881s speed=0.5050 token/s (1.980 s/token) chunks=97 committed_rows=148 verify_tx=7 drafts=10/26 layer_passes=9021 expert_rows=13800 expert_tiles=9472
[verify-width] w1=0 w2=5 w3=0 w4=0 w5=0 w6=0 w7=0 w8+=2              (w1 share 0.0% of 7 transactions)
[opens] expert file opens=410736 total=6.381s mean=0.016ms requested_bytes=4515497327808 (4515.5 GB)
[arrival] tiles=1039 waves=1930 uncovered_wait=36.429s dispatch=8.733s
[retain] enabled=false cap_gb=8 layers=63..=92 consults=0 wanted=0 hits=0 inserts=0 served=0.0MB
[summer] enabled=false cap_gb=8 sample=16 consults=0 wanted=0 hits=0 hit_rate=0.0% misses=0 inserts=0 evictions=0 recycled=0 allocs=0 pin_skips=0 gated=0 ramp=2..50 bar=0 suppressed=0 wide_skips=0 served=0.0MB copied=0.0MB ssd_avoided=0.0GB live=0/0.0GB model=0 protected=0 declined=0 topup_suppressed=0 aged=0 into=0/0/0 pending=0
[mirror-split] internal=0 K3C=0 K3B=0 K3A=0  shares=0%/0%/0%/0%
[phases] mono=359480.146141 chunks=97 sequence=194.170s read_wait=0.171s bind_upload=1.522s attention_resident=12.735s expert_read_prefetch=104.914s expert_demand_read=63.191s expert_plan=7.068s expert_hint=0.000s expert_submit=0.001s expert_kernel=73.088s source_fence=0.000s tail_head_sync=1.491s layer_other=0.202s expert_read_gross=97.845s plan_hint=6.951s plan_sched=0.115s attn_total=15.252s attn_encode=4.328s attn_wait=8.912s attn_drain=2.012s kernel_total=43.189s kernel_host=2.147s kernel_wait=8.067s kernel_drain=32.974s
[attn-split] single: calls=8649 total=8.074s encode=2.972s wait=3.090s drain=2.012s waits=14973 untimed=2447 | wide: calls=744 total=7.177s encode=1.355s wait=5.822s drain=0.000s waits=736 untimed=736 | hint: calls=9292 total=7.262s encode=0.027s wait=7.235s drain=0.000s waits=9563 untimed=9563
[kernel-split] single: calls=9157 total=33.545s encode=0.910s wait=0.488s drain=32.148s waits=9795 untimed=7599 | wide: calls=1574 total=9.643s encode=1.237s wait=7.580s drain=0.826s waits=1574 untimed=0
[kernel-sub] materialize=0.620s moe=9.365s precommit=32.233s rest=0.971s
[metal-cache] calls=17969 zero_copy_wraps=656 copies=0 cache_entries=206 bindless=true
 how
[stats] generated=108 elapsed=213.814s speed=0.5051 token/s (1.980 s/token) chunks=98 committed_rows=149 verify_tx=7 drafts=10/26 layer_passes=9114 expert_rows=13892 expert_tiles=9564
[verify-width] w1=0 w2=5 w3=0 w4=0 w5=0 w6=0 w7=0 w8+=2              (w1 share 0.0% of 7 transactions)
[opens] expert file opens=414662 total=6.430s mean=0.016ms requested_bytes=4549846236352 (4549.8 GB)
[arrival] tiles=1040 waves=1937 uncovered_wait=36.438s dispatch=8.743s
[retain] enabled=false cap_gb=8 layers=63..=92 consults=0 wanted=0 hits=0 inserts=0 served=0.0MB
[summer] enabled=false cap_gb=8 sample=16 consults=0 wanted=0 hits=0 hit_rate=0.0% misses=0 inserts=0 evictions=0 recycled=0 allocs=0 pin_skips=0 gated=0 ramp=2..50 bar=0 suppressed=0 wide_skips=0 served=0.0MB copied=0.0MB ssd_avoided=0.0GB live=0/0.0GB model=0 protected=0 declined=0 topup_suppressed=0 aged=0 into=0/0/0 pending=0
[mirror-split] internal=0 K3C=0 K3B=0 K3A=0  shares=0%/0%/0%/0%
[phases] mono=359482.079370 chunks=98 sequence=196.102s read_wait=0.171s bind_upload=1.522s attention_resident=12.830s expert_read_prefetch=106.367s expert_demand_read=63.944s expert_plan=7.143s expert_hint=0.000s expert_submit=0.001s expert_kernel=73.457s source_fence=0.000s tail_head_sync=1.504s layer_other=0.204s expert_read_gross=99.224s plan_hint=7.025s plan_sched=0.116s attn_total=15.346s attn_encode=4.365s attn_wait=8.942s attn_drain=2.039s kernel_total=43.548s kernel_host=2.157s kernel_wait=8.073s kernel_drain=33.318s
[attn-split] single: calls=8742 total=8.169s encode=3.010s wait=3.120s drain=2.039s waits=15134 untimed=2472 | wide: calls=744 total=7.177s encode=1.355s wait=5.822s drain=0.000s waits=736 untimed=736 | hint: calls=9384 total=7.336s encode=0.027s wait=7.309s drain=0.000s waits=9654 untimed=9654
[kernel-split] single: calls=9255 total=33.905s encode=0.919s wait=0.493s drain=32.492s waits=9900 untimed=7677 | wide: calls=1574 total=9.643s encode=1.237s wait=7.580s drain=0.826s waits=1574 untimed=0
[kernel-sub] materialize=0.620s moe=9.375s precommit=32.578s rest=0.975s
[metal-cache] calls=18067 zero_copy_wraps=656 copies=0 cache_entries=206 bindless=true
[route-chain] chained=6210
[route-chain] dedup_hits=6210
 it
[stats] generated=109 elapsed=215.419s speed=0.5060 token/s (1.976 s/token) chunks=99 committed_rows=150 verify_tx=7 drafts=10/26 layer_passes=9207 expert_rows=13984 expert_tiles=9656
[verify-width] w1=0 w2=5 w3=0 w4=0 w5=0 w6=0 w7=0 w8+=2              (w1 share 0.0% of 7 transactions)
[opens] expert file opens=418615 total=6.485s mean=0.015ms requested_bytes=4584484601024 (4584.5 GB)
[arrival] tiles=1041 waves=1945 uncovered_wait=36.462s dispatch=8.752s
[retain] enabled=false cap_gb=8 layers=63..=92 consults=0 wanted=0 hits=0 inserts=0 served=0.0MB
[summer] enabled=false cap_gb=8 sample=16 consults=0 wanted=0 hits=0 hit_rate=0.0% misses=0 inserts=0 evictions=0 recycled=0 allocs=0 pin_skips=0 gated=0 ramp=2..50 bar=0 suppressed=0 wide_skips=0 served=0.0MB copied=0.0MB ssd_avoided=0.0GB live=0/0.0GB model=0 protected=0 declined=0 topup_suppressed=0 aged=0 into=0/0/0 pending=0
[mirror-split] internal=0 K3C=0 K3B=0 K3A=0  shares=0%/0%/0%/0%
[phases] mono=359483.684324 chunks=99 sequence=197.706s read_wait=0.171s bind_upload=1.522s attention_resident=12.928s expert_read_prefetch=107.450s expert_demand_read=64.620s expert_plan=7.219s expert_hint=0.000s expert_submit=0.001s expert_kernel=73.863s source_fence=0.000s tail_head_sync=1.518s layer_other=0.205s expert_read_gross=100.230s plan_hint=7.100s plan_sched=0.117s attn_total=15.445s attn_encode=4.415s attn_wait=8.971s attn_drain=2.059s kernel_total=43.930s kernel_host=2.167s kernel_wait=8.078s kernel_drain=33.685s
[attn-split] single: calls=8835 total=8.267s encode=3.059s wait=3.149s drain=2.059s waits=15295 untimed=2490 | wide: calls=744 total=7.177s encode=1.355s wait=5.822s drain=0.000s waits=736 untimed=736 | hint: calls=9476 total=7.411s encode=0.027s wait=7.383s drain=0.000s waits=9745 untimed=9745
[kernel-split] single: calls=9354 total=34.287s encode=0.929s wait=0.498s drain=32.859s waits=10007 untimed=7764 | wide: calls=1574 total=9.643s encode=1.237s wait=7.580s drain=0.826s waits=1574 untimed=0
[kernel-sub] materialize=0.620s moe=9.385s precommit=32.945s rest=0.980s
[metal-cache] calls=18166 zero_copy_wraps=656 copies=0 cache_entries=206 bindless=true
 works
[stats] generated=110 elapsed=217.020s speed=0.5069 token/s (1.973 s/token) chunks=100 committed_rows=151 verify_tx=7 drafts=10/26 layer_passes=9300 expert_rows=14076 expert_tiles=9748
[verify-width] w1=0 w2=5 w3=0 w4=0 w5=0 w6=0 w7=0 w8+=2              (w1 share 0.0% of 7 transactions)
[opens] expert file opens=422724 total=6.552s mean=0.016ms requested_bytes=4620535495872 (4620.5 GB)
[arrival] tiles=1042 waves=1952 uncovered_wait=36.471s dispatch=8.761s
[retain] enabled=false cap_gb=8 layers=63..=92 consults=0 wanted=0 hits=0 inserts=0 served=0.0MB
[summer] enabled=false cap_gb=8 sample=16 consults=0 wanted=0 hits=0 hit_rate=0.0% misses=0 inserts=0 evictions=0 recycled=0 allocs=0 pin_skips=0 gated=0 ramp=2..50 bar=0 suppressed=0 wide_skips=0 served=0.0MB copied=0.0MB ssd_avoided=0.0GB live=0/0.0GB model=0 protected=0 declined=0 topup_suppressed=0 aged=0 into=0/0/0 pending=0
[mirror-split] internal=0 K3C=0 K3B=0 K3A=0  shares=0%/0%/0%/0%
[phases] mono=359485.285323 chunks=100 sequence=199.305s read_wait=0.171s bind_upload=1.522s attention_resident=13.000s expert_read_prefetch=108.616s expert_demand_read=65.320s expert_plan=7.292s expert_hint=0.000s expert_submit=0.001s expert_kernel=74.210s source_fence=0.000s tail_head_sync=1.532s layer_other=0.207s expert_read_gross=101.324s plan_hint=7.172s plan_sched=0.118s attn_total=15.516s attn_encode=4.440s attn_wait=8.999s attn_drain=2.077s kernel_total=44.267s kernel_host=2.176s kernel_wait=8.082s kernel_drain=34.009s
[attn-split] single: calls=8928 total=8.339s encode=3.085s wait=3.177s drain=2.077s waits=15456 untimed=2518 | wide: calls=744 total=7.177s encode=1.355s wait=5.822s drain=0.000s waits=736 untimed=736 | hint: calls=9568 total=7.483s encode=0.028s wait=7.455s drain=0.000s waits=9836 untimed=9836
[kernel-split] single: calls=9452 total=34.624s encode=0.939s wait=0.502s drain=33.183s waits=10112 untimed=7847 | wide: calls=1574 total=9.643s encode=1.237s wait=7.580s drain=0.826s waits=1574 untimed=0
[kernel-sub] materialize=0.620s moe=9.393s precommit=33.270s rest=0.984s
[metal-cache] calls=18264 zero_copy_wraps=656 copies=0 cache_entries=206 bindless=true
 and
[stats] generated=111 elapsed=218.484s speed=0.5080 token/s (1.968 s/token) chunks=101 committed_rows=152 verify_tx=7 drafts=10/26 layer_passes=9393 expert_rows=14168 expert_tiles=9840
[verify-width] w1=0 w2=5 w3=0 w4=0 w5=0 w6=0 w7=0 w8+=2              (w1 share 0.0% of 7 transactions)
[opens] expert file opens=426670 total=6.605s mean=0.015ms requested_bytes=4655156296896 (4655.2 GB)
[arrival] tiles=1043 waves=1956 uncovered_wait=36.483s dispatch=8.768s
[retain] enabled=false cap_gb=8 layers=63..=92 consults=0 wanted=0 hits=0 inserts=0 served=0.0MB
[summer] enabled=false cap_gb=8 sample=16 consults=0 wanted=0 hits=0 hit_rate=0.0% misses=0 inserts=0 evictions=0 recycled=0 allocs=0 pin_skips=0 gated=0 ramp=2..50 bar=0 suppressed=0 wide_skips=0 served=0.0MB copied=0.0MB ssd_avoided=0.0GB live=0/0.0GB model=0 protected=0 declined=0 topup_suppressed=0 aged=0 into=0/0/0 pending=0
[mirror-split] internal=0 K3C=0 K3B=0 K3A=0  shares=0%/0%/0%/0%
[phases] mono=359486.749300 chunks=101 sequence=200.768s read_wait=0.171s bind_upload=1.522s attention_resident=13.074s expert_read_prefetch=109.616s expert_demand_read=65.926s expert_plan=7.376s expert_hint=0.000s expert_submit=0.001s expert_kernel=74.581s source_fence=0.000s tail_head_sync=1.549s layer_other=0.209s expert_read_gross=102.239s plan_hint=7.255s plan_sched=0.119s attn_total=15.590s attn_encode=4.464s attn_wait=9.027s attn_drain=2.099s kernel_total=44.625s kernel_host=2.186s kernel_wait=8.085s kernel_drain=34.354s
[attn-split] single: calls=9021 total=8.413s encode=3.108s wait=3.205s drain=2.099s waits=15617 untimed=2544 | wide: calls=744 total=7.177s encode=1.355s wait=5.822s drain=0.000s waits=736 untimed=736 | hint: calls=9660 total=7.565s encode=0.028s wait=7.538s drain=0.000s waits=9927 untimed=9927
[kernel-split] single: calls=9547 total=34.982s encode=0.948s wait=0.506s drain=33.528s waits=10211 untimed=7925 | wide: calls=1574 total=9.643s encode=1.237s wait=7.580s drain=0.826s waits=1574 untimed=0
[kernel-sub] materialize=0.620s moe=9.400s precommit=33.616s rest=0.989s
[metal-cache] calls=18359 zero_copy_wraps=656 copies=0 cache_entries=206 bindless=true
 why
[stats] generated=112 elapsed=219.942s speed=0.5092 token/s (1.964 s/token) chunks=102 committed_rows=153 verify_tx=7 drafts=10/26 layer_passes=9486 expert_rows=14260 expert_tiles=9932
[verify-width] w1=0 w2=5 w3=0 w4=0 w5=0 w6=0 w7=0 w8+=2              (w1 share 0.0% of 7 transactions)
[opens] expert file opens=430572 total=6.661s mean=0.015ms requested_bytes=4689338432704 (4689.3 GB)
[arrival] tiles=1044 waves=1960 uncovered_wait=36.497s dispatch=8.775s
[retain] enabled=false cap_gb=8 layers=63..=92 consults=0 wanted=0 hits=0 inserts=0 served=0.0MB
[summer] enabled=false cap_gb=8 sample=16 consults=0 wanted=0 hits=0 hit_rate=0.0% misses=0 inserts=0 evictions=0 recycled=0 allocs=0 pin_skips=0 gated=0 ramp=2..50 bar=0 suppressed=0 wide_skips=0 served=0.0MB copied=0.0MB ssd_avoided=0.0GB live=0/0.0GB model=0 protected=0 declined=0 topup_suppressed=0 aged=0 into=0/0/0 pending=0
[mirror-split] internal=0 K3C=0 K3B=0 K3A=0  shares=0%/0%/0%/0%
[phases] mono=359488.207479 chunks=102 sequence=202.226s read_wait=0.171s bind_upload=1.522s attention_resident=13.148s expert_read_prefetch=110.583s expert_demand_read=66.531s expert_plan=7.462s expert_hint=0.000s expert_submit=0.001s expert_kernel=74.982s source_fence=0.000s tail_head_sync=1.562s layer_other=0.211s expert_read_gross=103.120s plan_hint=7.339s plan_sched=0.120s attn_total=15.664s attn_encode=4.489s attn_wait=9.059s attn_drain=2.116s kernel_total=45.013s kernel_host=2.195s kernel_wait=8.090s kernel_drain=34.728s
[attn-split] single: calls=9114 total=8.487s encode=3.134s wait=3.237s drain=2.116s waits=15778 untimed=2568 | wide: calls=744 total=7.177s encode=1.355s wait=5.822s drain=0.000s waits=736 untimed=736 | hint: calls=9752 total=7.650s encode=0.028s wait=7.622s drain=0.000s waits=10018 untimed=10018
[kernel-split] single: calls=9642 total=35.369s encode=0.958s wait=0.510s drain=33.902s waits=10310 untimed=8006 | wide: calls=1574 total=9.643s encode=1.237s wait=7.580s drain=0.826s waits=1574 untimed=0
[kernel-sub] materialize=0.620s moe=9.407s precommit=33.992s rest=0.994s
[metal-cache] calls=18454 zero_copy_wraps=656 copies=0 cache_entries=206 bindless=true
 it
[stats] generated=113 elapsed=221.431s speed=0.5103 token/s (1.960 s/token) chunks=103 committed_rows=154 verify_tx=7 drafts=10/26 layer_passes=9579 expert_rows=14352 expert_tiles=10024
[verify-width] w1=0 w2=5 w3=0 w4=0 w5=0 w6=0 w7=0 w8+=2              (w1 share 0.0% of 7 transactions)
[opens] expert file opens=434508 total=6.714s mean=0.015ms requested_bytes=4723836419264 (4723.8 GB)
[arrival] tiles=1045 waves=1968 uncovered_wait=36.507s dispatch=8.787s
[retain] enabled=false cap_gb=8 layers=63..=92 consults=0 wanted=0 hits=0 inserts=0 served=0.0MB
[summer] enabled=false cap_gb=8 sample=16 consults=0 wanted=0 hits=0 hit_rate=0.0% misses=0 inserts=0 evictions=0 recycled=0 allocs=0 pin_skips=0 gated=0 ramp=2..50 bar=0 suppressed=0 wide_skips=0 served=0.0MB copied=0.0MB ssd_avoided=0.0GB live=0/0.0GB model=0 protected=0 declined=0 topup_suppressed=0 aged=0 into=0/0/0 pending=0
[mirror-split] internal=0 K3C=0 K3B=0 K3A=0  shares=0%/0%/0%/0%
[phases] mono=359489.695919 chunks=103 sequence=203.713s read_wait=0.171s bind_upload=1.522s attention_resident=13.234s expert_read_prefetch=111.605s expert_demand_read=67.138s expert_plan=7.532s expert_hint=0.000s expert_submit=0.001s expert_kernel=75.341s source_fence=0.000s tail_head_sync=1.579s layer_other=0.213s expert_read_gross=104.072s plan_hint=7.409s plan_sched=0.121s attn_total=15.750s attn_encode=4.523s attn_wait=9.089s attn_drain=2.138s kernel_total=45.362s kernel_host=2.205s kernel_wait=8.096s kernel_drain=35.061s
[attn-split] single: calls=9207 total=8.573s encode=3.168s wait=3.267s drain=2.138s waits=15939 untimed=2590 | wide: calls=744 total=7.177s encode=1.355s wait=5.822s drain=0.000s waits=736 untimed=736 | hint: calls=9844 total=7.719s encode=0.028s wait=7.691s drain=0.000s waits=10109 untimed=10109
[kernel-split] single: calls=9741 total=35.719s encode=0.968s wait=0.516s drain=34.235s waits=10417 untimed=8086 | wide: calls=1574 total=9.643s encode=1.237s wait=7.580s drain=0.826s waits=1574 untimed=0
[kernel-sub] materialize=0.620s moe=9.419s precommit=34.325s rest=0.998s
[metal-cache] calls=18553 zero_copy_wraps=656 copies=0 cache_entries=206 bindless=true
 poses
[stats] generated=114 elapsed=223.014s speed=0.5112 token/s (1.956 s/token) chunks=104 committed_rows=155 verify_tx=7 drafts=10/26 layer_passes=9672 expert_rows=14444 expert_tiles=10116
[verify-width] w1=0 w2=5 w3=0 w4=0 w5=0 w6=0 w7=0 w8+=2              (w1 share 0.0% of 7 transactions)
[opens] expert file opens=438537 total=6.770s mean=0.015ms requested_bytes=4759141612736 (4759.1 GB)
[arrival] tiles=1046 waves=1976 uncovered_wait=36.519s dispatch=8.796s
[retain] enabled=false cap_gb=8 layers=63..=92 consults=0 wanted=0 hits=0 inserts=0 served=0.0MB
[summer] enabled=false cap_gb=8 sample=16 consults=0 wanted=0 hits=0 hit_rate=0.0% misses=0 inserts=0 evictions=0 recycled=0 allocs=0 pin_skips=0 gated=0 ramp=2..50 bar=0 suppressed=0 wide_skips=0 served=0.0MB copied=0.0MB ssd_avoided=0.0GB live=0/0.0GB model=0 protected=0 declined=0 topup_suppressed=0 aged=0 into=0/0/0 pending=0
[mirror-split] internal=0 K3C=0 K3B=0 K3A=0  shares=0%/0%/0%/0%
[phases] mono=359491.279227 chunks=104 sequence=205.295s read_wait=0.171s bind_upload=1.522s attention_resident=13.312s expert_read_prefetch=112.746s expert_demand_read=67.815s expert_plan=7.614s expert_hint=0.000s expert_submit=0.001s expert_kernel=75.690s source_fence=0.000s tail_head_sync=1.593s layer_other=0.214s expert_read_gross=105.131s plan_hint=7.489s plan_sched=0.123s attn_total=15.827s attn_encode=4.551s attn_wait=9.117s attn_drain=2.159s kernel_total=45.699s kernel_host=2.214s kernel_wait=8.102s kernel_drain=35.383s
[attn-split] single: calls=9300 total=8.650s encode=3.195s wait=3.296s drain=2.159s waits=16100 untimed=2609 | wide: calls=744 total=7.177s encode=1.355s wait=5.822s drain=0.000s waits=736 untimed=736 | hint: calls=9936 total=7.800s encode=0.029s wait=7.771s drain=0.000s waits=10200 untimed=10200
[kernel-split] single: calls=9840 total=36.056s encode=0.976s wait=0.522s drain=34.557s waits=10524 untimed=8170 | wide: calls=1574 total=9.643s encode=1.237s wait=7.580s drain=0.826s waits=1574 untimed=0
[kernel-sub] materialize=0.620s moe=9.428s precommit=34.648s rest=1.002s
[metal-cache] calls=18652 zero_copy_wraps=656 copies=0 cache_entries=206 bindless=true
 unique
[stats] generated=115 elapsed=224.534s speed=0.5122 token/s (1.952 s/token) chunks=105 committed_rows=156 verify_tx=7 drafts=10/26 layer_passes=9765 expert_rows=14536 expert_tiles=10208
[verify-width] w1=0 w2=5 w3=0 w4=0 w5=0 w6=0 w7=0 w8+=2              (w1 share 0.0% of 7 transactions)
[opens] expert file opens=442495 total=6.829s mean=0.015ms requested_bytes=4793850166464 (4793.9 GB)
[arrival] tiles=1047 waves=1981 uncovered_wait=36.528s dispatch=8.803s
[retain] enabled=false cap_gb=8 layers=63..=92 consults=0 wanted=0 hits=0 inserts=0 served=0.0MB
[summer] enabled=false cap_gb=8 sample=16 consults=0 wanted=0 hits=0 hit_rate=0.0% misses=0 inserts=0 evictions=0 recycled=0 allocs=0 pin_skips=0 gated=0 ramp=2..50 bar=0 suppressed=0 wide_skips=0 served=0.0MB copied=0.0MB ssd_avoided=0.0GB live=0/0.0GB model=0 protected=0 declined=0 topup_suppressed=0 aged=0 into=0/0/0 pending=0
[mirror-split] internal=0 K3C=0 K3B=0 K3A=0  shares=0%/0%/0%/0%
[phases] mono=359492.798529 chunks=105 sequence=206.812s read_wait=0.171s bind_upload=1.522s attention_resident=13.388s expert_read_prefetch=113.775s expert_demand_read=68.398s expert_plan=7.691s expert_hint=0.001s expert_submit=0.001s expert_kernel=76.084s source_fence=0.000s tail_head_sync=1.609s layer_other=0.215s expert_read_gross=106.083s plan_hint=7.565s plan_sched=0.124s attn_total=15.904s attn_encode=4.576s attn_wait=9.146s attn_drain=2.181s kernel_total=46.083s kernel_host=2.223s kernel_wait=8.106s kernel_drain=35.754s
[attn-split] single: calls=9393 total=8.727s encode=3.221s wait=3.324s drain=2.181s waits=16261 untimed=2630 | wide: calls=744 total=7.177s encode=1.355s wait=5.822s drain=0.000s waits=736 untimed=736 | hint: calls=10028 total=7.875s encode=0.029s wait=7.846s drain=0.000s waits=10291 untimed=10291
[kernel-split] single: calls=9936 total=36.440s encode=0.986s wait=0.526s drain=34.928s waits=10625 untimed=8246 | wide: calls=1574 total=9.643s encode=1.237s wait=7.580s drain=0.826s waits=1574 untimed=0
[kernel-sub] materialize=0.620s moe=9.435s precommit=35.021s rest=1.007s
[metal-cache] calls=18748 zero_copy_wraps=656 copies=0 cache_entries=206 bindless=true
 challenges
[stats] generated=116 elapsed=226.022s speed=0.5132 token/s (1.948 s/token) chunks=106 committed_rows=157 verify_tx=7 drafts=10/26 layer_passes=9858 expert_rows=14628 expert_tiles=10300
[verify-width] w1=0 w2=5 w3=0 w4=0 w5=0 w6=0 w7=0 w8+=2              (w1 share 0.0% of 7 transactions)
[opens] expert file opens=446441 total=6.889s mean=0.015ms requested_bytes=4828435856576 (4828.4 GB)
[arrival] tiles=1048 waves=1986 uncovered_wait=36.541s dispatch=8.811s
[retain] enabled=false cap_gb=8 layers=63..=92 consults=0 wanted=0 hits=0 inserts=0 served=0.0MB
[summer] enabled=false cap_gb=8 sample=16 consults=0 wanted=0 hits=0 hit_rate=0.0% misses=0 inserts=0 evictions=0 recycled=0 allocs=0 pin_skips=0 gated=0 ramp=2..50 bar=0 suppressed=0 wide_skips=0 served=0.0MB copied=0.0MB ssd_avoided=0.0GB live=0/0.0GB model=0 protected=0 declined=0 topup_suppressed=0 aged=0 into=0/0/0 pending=0
[mirror-split] internal=0 K3C=0 K3B=0 K3A=0  shares=0%/0%/0%/0%
[phases] mono=359494.287017 chunks=106 sequence=208.300s read_wait=0.171s bind_upload=1.522s attention_resident=13.461s expert_read_prefetch=114.807s expert_demand_read=68.995s expert_plan=7.770s expert_hint=0.001s expert_submit=0.001s expert_kernel=76.449s source_fence=0.000s tail_head_sync=1.623s layer_other=0.217s expert_read_gross=107.037s plan_hint=7.643s plan_sched=0.125s attn_total=15.976s attn_encode=4.598s attn_wait=9.176s attn_drain=2.203s kernel_total=46.436s kernel_host=2.232s kernel_wait=8.111s kernel_drain=36.093s
[attn-split] single: calls=9486 total=8.799s encode=3.242s wait=3.354s drain=2.203s waits=16422 untimed=2652 | wide: calls=744 total=7.177s encode=1.355s wait=5.822s drain=0.000s waits=736 untimed=736 | hint: calls=10120 total=7.953s encode=0.029s wait=7.924s drain=0.000s waits=10382 untimed=10382
[kernel-split] single: calls=10032 total=36.792s encode=0.995s wait=0.531s drain=35.267s waits=10726 untimed=8322 | wide: calls=1574 total=9.643s encode=1.237s wait=7.580s drain=0.826s waits=1574 untimed=0
[kernel-sub] materialize=0.620s moe=9.443s precommit=35.361s rest=1.012s
[metal-cache] calls=18844 zero_copy_wraps=656 copies=0 cache_entries=206 bindless=true
 for
[stats] generated=117 elapsed=227.522s speed=0.5142 token/s (1.945 s/token) chunks=107 committed_rows=158 verify_tx=7 drafts=10/26 layer_passes=9951 expert_rows=14720 expert_tiles=10392
[verify-width] w1=0 w2=5 w3=0 w4=0 w5=0 w6=0 w7=0 w8+=2              (w1 share 0.0% of 7 transactions)
[opens] expert file opens=450330 total=6.942s mean=0.015ms requested_bytes=4862574116032 (4862.6 GB)
[arrival] tiles=1049 waves=1993 uncovered_wait=36.551s dispatch=8.822s
[retain] enabled=false cap_gb=8 layers=63..=92 consults=0 wanted=0 hits=0 inserts=0 served=0.0MB
[summer] enabled=false cap_gb=8 sample=16 consults=0 wanted=0 hits=0 hit_rate=0.0% misses=0 inserts=0 evictions=0 recycled=0 allocs=0 pin_skips=0 gated=0 ramp=2..50 bar=0 suppressed=0 wide_skips=0 served=0.0MB copied=0.0MB ssd_avoided=0.0GB live=0/0.0GB model=0 protected=0 declined=0 topup_suppressed=0 aged=0 into=0/0/0 pending=0
[mirror-split] internal=0 K3C=0 K3B=0 K3A=0  shares=0%/0%/0%/0%
[phases] mono=359495.787115 chunks=107 sequence=209.798s read_wait=0.171s bind_upload=1.522s attention_resident=13.544s expert_read_prefetch=115.817s expert_demand_read=69.599s expert_plan=7.844s expert_hint=0.001s expert_submit=0.001s expert_kernel=76.837s source_fence=0.000s tail_head_sync=1.640s layer_other=0.219s expert_read_gross=107.973s plan_hint=7.715s plan_sched=0.126s attn_total=16.059s attn_encode=4.630s attn_wait=9.216s attn_drain=2.213s kernel_total=46.813s kernel_host=2.242s kernel_wait=8.116s kernel_drain=36.455s
[attn-split] single: calls=9579 total=8.882s encode=3.275s wait=3.394s drain=2.213s waits=16583 untimed=2684 | wide: calls=744 total=7.177s encode=1.355s wait=5.822s drain=0.000s waits=736 untimed=736 | hint: calls=10212 total=8.026s encode=0.029s wait=7.996s drain=0.000s waits=10473 untimed=10473
[kernel-split] single: calls=10130 total=37.170s encode=1.005s wait=0.536s drain=35.629s waits=10831 untimed=8407 | wide: calls=1574 total=9.643s encode=1.237s wait=7.580s drain=0.826s waits=1574 untimed=0
[kernel-sub] materialize=0.620s moe=9.453s precommit=35.724s rest=1.016s
[metal-cache] calls=18942 zero_copy_wraps=656 copies=0 cache_entries=206 bindless=true
 consumer
[stats] generated=118 elapsed=229.026s speed=0.5152 token/s (1.941 s/token) chunks=108 committed_rows=159 verify_tx=7 drafts=10/26 layer_passes=10044 expert_rows=14812 expert_tiles=10484
[verify-width] w1=0 w2=5 w3=0 w4=0 w5=0 w6=0 w7=0 w8+=2              (w1 share 0.0% of 7 transactions)
[opens] expert file opens=454242 total=6.999s mean=0.015ms requested_bytes=4896887848128 (4896.9 GB)
[arrival] tiles=1050 waves=1998 uncovered_wait=36.561s dispatch=8.831s
[retain] enabled=false cap_gb=8 layers=63..=92 consults=0 wanted=0 hits=0 inserts=0 served=0.0MB
[summer] enabled=false cap_gb=8 sample=16 consults=0 wanted=0 hits=0 hit_rate=0.0% misses=0 inserts=0 evictions=0 recycled=0 allocs=0 pin_skips=0 gated=0 ramp=2..50 bar=0 suppressed=0 wide_skips=0 served=0.0MB copied=0.0MB ssd_avoided=0.0GB live=0/0.0GB model=0 protected=0 declined=0 topup_suppressed=0 aged=0 into=0/0/0 pending=0
[mirror-split] internal=0 K3C=0 K3B=0 K3A=0  shares=0%/0%/0%/0%
[phases] mono=359497.290800 chunks=108 sequence=211.300s read_wait=0.171s bind_upload=1.522s attention_resident=13.618s expert_read_prefetch=116.860s expert_demand_read=70.221s expert_plan=7.922s expert_hint=0.001s expert_submit=0.001s expert_kernel=77.208s source_fence=0.000s tail_head_sync=1.653s layer_other=0.221s expert_read_gross=108.938s plan_hint=7.793s plan_sched=0.127s attn_total=16.132s attn_encode=4.653s attn_wait=9.246s attn_drain=2.233s kernel_total=47.174s kernel_host=2.251s kernel_wait=8.121s kernel_drain=36.802s
[attn-split] single: calls=9672 total=8.955s encode=3.298s wait=3.425s drain=2.233s waits=16744 untimed=2712 | wide: calls=744 total=7.177s encode=1.355s wait=5.822s drain=0.000s waits=736 untimed=736 | hint: calls=10304 total=8.103s encode=0.030s wait=8.073s drain=0.000s waits=10564 untimed=10564
[kernel-split] single: calls=10226 total=37.531s encode=1.014s wait=0.541s drain=35.975s waits=10932 untimed=8489 | wide: calls=1574 total=9.643s encode=1.237s wait=7.580s drain=0.826s waits=1574 untimed=0
[kernel-sub] materialize=0.620s moe=9.462s precommit=36.071s rest=1.021s
[metal-cache] calls=19038 zero_copy_wraps=656 copies=0 cache_entries=206 bindless=true
[route-chain] chained=6900
[route-chain] dedup_hits=6900
 hardware
[stats] generated=119 elapsed=230.523s speed=0.5162 token/s (1.937 s/token) chunks=109 committed_rows=160 verify_tx=7 drafts=10/26 layer_passes=10137 expert_rows=14904 expert_tiles=10576
[verify-width] w1=0 w2=5 w3=0 w4=0 w5=0 w6=0 w7=0 w8+=2              (w1 share 0.0% of 7 transactions)
[opens] expert file opens=458128 total=7.057s mean=0.015ms requested_bytes=4930990980288 (4931.0 GB)
[arrival] tiles=1051 waves=2006 uncovered_wait=36.574s dispatch=8.843s
[retain] enabled=false cap_gb=8 layers=63..=92 consults=0 wanted=0 hits=0 inserts=0 served=0.0MB
[summer] enabled=false cap_gb=8 sample=16 consults=0 wanted=0 hits=0 hit_rate=0.0% misses=0 inserts=0 evictions=0 recycled=0 allocs=0 pin_skips=0 gated=0 ramp=2..50 bar=0 suppressed=0 wide_skips=0 served=0.0MB copied=0.0MB ssd_avoided=0.0GB live=0/0.0GB model=0 protected=0 declined=0 topup_suppressed=0 aged=0 into=0/0/0 pending=0
[mirror-split] internal=0 K3C=0 K3B=0 K3A=0  shares=0%/0%/0%/0%
[phases] mono=359498.788065 chunks=109 sequence=212.796s read_wait=0.171s bind_upload=1.522s attention_resident=13.692s expert_read_prefetch=117.829s expert_demand_read=70.827s expert_plan=8.001s expert_hint=0.001s expert_submit=0.001s expert_kernel=77.644s source_fence=0.000s tail_head_sync=1.667s layer_other=0.222s expert_read_gross=109.828s plan_hint=7.870s plan_sched=0.128s attn_total=16.206s attn_encode=4.675s attn_wait=9.271s attn_drain=2.260s kernel_total=47.597s kernel_host=2.262s kernel_wait=8.129s kernel_drain=37.206s
[attn-split] single: calls=9765 total=9.029s encode=3.319s wait=3.449s drain=2.260s waits=16905 untimed=2733 | wide: calls=744 total=7.177s encode=1.355s wait=5.822s drain=0.000s waits=736 untimed=736 | hint: calls=10396 total=8.181s encode=0.030s wait=8.151s drain=0.000s waits=10655 untimed=10655
[kernel-split] single: calls=10325 total=37.954s encode=1.024s wait=0.550s drain=36.380s waits=11039 untimed=8568 | wide: calls=1574 total=9.643s encode=1.237s wait=7.580s drain=0.826s waits=1574 untimed=0
[kernel-sub] materialize=0.620s moe=9.474s precommit=36.477s rest=1.026s
[metal-cache] calls=19137 zero_copy_wraps=656 copies=0 cache_entries=206 bindless=true
 like
[stats] generated=120 elapsed=232.036s speed=0.5172 token/s (1.934 s/token) chunks=110 committed_rows=161 verify_tx=7 drafts=10/26 layer_passes=10230 expert_rows=14996 expert_tiles=10668
[verify-width] w1=0 w2=5 w3=0 w4=0 w5=0 w6=0 w7=0 w8+=2              (w1 share 0.0% of 7 transactions)
[opens] expert file opens=462034 total=7.115s mean=0.015ms requested_bytes=4965243305152 (4965.2 GB)
[arrival] tiles=1052 waves=2013 uncovered_wait=36.584s dispatch=8.855s
[retain] enabled=false cap_gb=8 layers=63..=92 consults=0 wanted=0 hits=0 inserts=0 served=0.0MB
[summer] enabled=false cap_gb=8 sample=16 consults=0 wanted=0 hits=0 hit_rate=0.0% misses=0 inserts=0 evictions=0 recycled=0 allocs=0 pin_skips=0 gated=0 ramp=2..50 bar=0 suppressed=0 wide_skips=0 served=0.0MB copied=0.0MB ssd_avoided=0.0GB live=0/0.0GB model=0 protected=0 declined=0 topup_suppressed=0 aged=0 into=0/0/0 pending=0
[mirror-split] internal=0 K3C=0 K3B=0 K3A=0  shares=0%/0%/0%/0%
[phases] mono=359500.301164 chunks=110 sequence=214.308s read_wait=0.171s bind_upload=1.522s attention_resident=13.764s expert_read_prefetch=118.903s expert_demand_read=71.490s expert_plan=8.071s expert_hint=0.001s expert_submit=0.001s expert_kernel=77.995s source_fence=0.000s tail_head_sync=1.680s layer_other=0.224s expert_read_gross=110.832s plan_hint=7.939s plan_sched=0.129s attn_total=16.279s attn_encode=4.699s attn_wait=9.302s attn_drain=2.277s kernel_total=47.937s kernel_host=2.272s kernel_wait=8.135s kernel_drain=37.529s
[attn-split] single: calls=9858 total=9.101s encode=3.344s wait=3.480s drain=2.277s waits=17066 untimed=2761 | wide: calls=744 total=7.177s encode=1.355s wait=5.822s drain=0.000s waits=736 untimed=736 | hint: calls=10488 total=8.250s encode=0.030s wait=8.220s drain=0.000s waits=10746 untimed=10746
[kernel-split] single: calls=10423 total=38.293s encode=1.035s wait=0.556s drain=36.703s waits=11144 untimed=8652 | wide: calls=1574 total=9.643s encode=1.237s wait=7.580s drain=0.826s waits=1574 untimed=0
[kernel-sub] materialize=0.620s moe=9.487s precommit=36.800s rest=1.030s
[metal-cache] calls=19235 zero_copy_wraps=656 copies=0 cache_entries=206 bindless=true
 laptops
[stats] generated=121 elapsed=233.577s speed=0.5180 token/s (1.930 s/token) chunks=111 committed_rows=162 verify_tx=7 drafts=10/26 layer_passes=10323 expert_rows=15088 expert_tiles=10760
[verify-width] w1=0 w2=5 w3=0 w4=0 w5=0 w6=0 w7=0 w8+=2              (w1 share 0.0% of 7 transactions)
[opens] expert file opens=465979 total=7.168s mean=0.015ms requested_bytes=4999890386112 (4999.9 GB)
[arrival] tiles=1053 waves=2021 uncovered_wait=36.594s dispatch=8.865s
[retain] enabled=false cap_gb=8 layers=63..=92 consults=0 wanted=0 hits=0 inserts=0 served=0.0MB
[summer] enabled=false cap_gb=8 sample=16 consults=0 wanted=0 hits=0 hit_rate=0.0% misses=0 inserts=0 evictions=0 recycled=0 allocs=0 pin_skips=0 gated=0 ramp=2..50 bar=0 suppressed=0 wide_skips=0 served=0.0MB copied=0.0MB ssd_avoided=0.0GB live=0/0.0GB model=0 protected=0 declined=0 topup_suppressed=0 aged=0 into=0/0/0 pending=0
[mirror-split] internal=0 K3C=0 K3B=0 K3A=0  shares=0%/0%/0%/0%
[phases] mono=359501.842096 chunks=111 sequence=215.847s read_wait=0.171s bind_upload=1.522s attention_resident=13.856s expert_read_prefetch=119.973s expert_demand_read=72.144s expert_plan=8.147s expert_hint=0.001s expert_submit=0.001s expert_kernel=78.358s source_fence=0.000s tail_head_sync=1.693s layer_other=0.225s expert_read_gross=111.825s plan_hint=8.015s plan_sched=0.130s attn_total=16.370s attn_encode=4.739s attn_wait=9.336s attn_drain=2.295s kernel_total=48.290s kernel_host=2.281s kernel_wait=8.141s kernel_drain=37.868s
[attn-split] single: calls=9951 total=9.193s encode=3.384s wait=3.514s drain=2.295s waits=17227 untimed=2790 | wide: calls=744 total=7.177s encode=1.355s wait=5.822s drain=0.000s waits=736 untimed=736 | hint: calls=10580 total=8.325s encode=0.030s wait=8.294s drain=0.000s waits=10837 untimed=10837
[kernel-split] single: calls=10522 total=38.646s encode=1.043s wait=0.562s drain=37.041s waits=11251 untimed=8734 | wide: calls=1574 total=9.643s encode=1.237s wait=7.580s drain=0.826s waits=1574 untimed=0
[kernel-sub] materialize=0.620s moe=9.496s precommit=37.139s rest=1.035s
[metal-cache] calls=19334 zero_copy_wraps=656 copies=0 cache_entries=206 bindless=true
.


[stats] generated=122 elapsed=235.143s speed=0.5188 token/s (1.927 s/token) chunks=112 committed_rows=163 verify_tx=7 drafts=10/26 layer_passes=10416 expert_rows=15180 expert_tiles=10852
[verify-width] w1=0 w2=5 w3=0 w4=0 w5=0 w6=0 w7=0 w8+=2              (w1 share 0.0% of 7 transactions)
[opens] expert file opens=470016 total=7.237s mean=0.015ms requested_bytes=5035300797632 (5035.3 GB)
[arrival] tiles=1054 waves=2027 uncovered_wait=36.606s dispatch=8.874s
[retain] enabled=false cap_gb=8 layers=63..=92 consults=0 wanted=0 hits=0 inserts=0 served=0.0MB
[summer] enabled=false cap_gb=8 sample=16 consults=0 wanted=0 hits=0 hit_rate=0.0% misses=0 inserts=0 evictions=0 recycled=0 allocs=0 pin_skips=0 gated=0 ramp=2..50 bar=0 suppressed=0 wide_skips=0 served=0.0MB copied=0.0MB ssd_avoided=0.0GB live=0/0.0GB model=0 protected=0 declined=0 topup_suppressed=0 aged=0 into=0/0/0 pending=0
[mirror-split] internal=0 K3C=0 K3B=0 K3A=0  shares=0%/0%/0%/0%
[phases] mono=359503.408081 chunks=112 sequence=217.412s read_wait=0.171s bind_upload=1.522s attention_resident=13.934s expert_read_prefetch=121.078s expert_demand_read=72.803s expert_plan=8.226s expert_hint=0.001s expert_submit=0.001s expert_kernel=78.721s source_fence=0.000s tail_head_sync=1.710s layer_other=0.227s expert_read_gross=112.852s plan_hint=8.092s plan_sched=0.132s attn_total=16.448s attn_encode=4.769s attn_wait=9.362s attn_drain=2.317s kernel_total=48.640s kernel_host=2.290s kernel_wait=8.146s kernel_drain=38.204s
[attn-split] single: calls=10044 total=9.271s encode=3.414s wait=3.540s drain=2.317s waits=17388 untimed=2811 | wide: calls=744 total=7.177s encode=1.355s wait=5.822s drain=0.000s waits=736 untimed=736 | hint: calls=10672 total=8.402s encode=0.031s wait=8.371s drain=0.000s waits=10928 untimed=10928
[kernel-split] single: calls=10619 total=38.997s encode=1.053s wait=0.566s drain=37.378s waits=11354 untimed=8814 | wide: calls=1574 total=9.643s encode=1.237s wait=7.580s drain=0.826s waits=1574 untimed=0
[kernel-sub] materialize=0.620s moe=9.505s precommit=37.476s rest=1.039s
[metal-cache] calls=19431 zero_copy_wraps=656 copies=0 cache_entries=206 bindless=true
---


[stats] generated=123 elapsed=236.680s speed=0.5197 token/s (1.924 s/token) chunks=113 committed_rows=164 verify_tx=7 drafts=10/26 layer_passes=10509 expert_rows=15272 expert_tiles=10944
[verify-width] w1=0 w2=5 w3=0 w4=0 w5=0 w6=0 w7=0 w8+=2              (w1 share 0.0% of 7 transactions)
[opens] expert file opens=473993 total=7.295s mean=0.015ms requested_bytes=5070167260352 (5070.2 GB)
[arrival] tiles=1055 waves=2035 uncovered_wait=36.616s dispatch=8.885s
[retain] enabled=false cap_gb=8 layers=63..=92 consults=0 wanted=0 hits=0 inserts=0 served=0.0MB
[summer] enabled=false cap_gb=8 sample=16 consults=0 wanted=0 hits=0 hit_rate=0.0% misses=0 inserts=0 evictions=0 recycled=0 allocs=0 pin_skips=0 gated=0 ramp=2..50 bar=0 suppressed=0 wide_skips=0 served=0.0MB copied=0.0MB ssd_avoided=0.0GB live=0/0.0GB model=0 protected=0 declined=0 topup_suppressed=0 aged=0 into=0/0/0 pending=0
[mirror-split] internal=0 K3C=0 K3B=0 K3A=0  shares=0%/0%/0%/0%
[phases] mono=359504.945254 chunks=113 sequence=218.948s read_wait=0.171s bind_upload=1.522s attention_resident=14.009s expert_read_prefetch=122.152s expert_demand_read=73.439s expert_plan=8.304s expert_hint=0.001s expert_submit=0.001s expert_kernel=79.092s source_fence=0.000s tail_head_sync=1.724s layer_other=0.229s expert_read_gross=113.847s plan_hint=8.168s plan_sched=0.133s attn_total=16.523s attn_encode=4.793s attn_wait=9.391s attn_drain=2.339s kernel_total=49.002s kernel_host=2.300s kernel_wait=8.152s kernel_drain=38.550s
[attn-split] single: calls=10137 total=9.346s encode=3.438s wait=3.569s drain=2.339s waits=17549 untimed=2836 | wide: calls=744 total=7.177s encode=1.355s wait=5.822s drain=0.000s waits=736 untimed=736 | hint: calls=10764 total=8.479s encode=0.031s wait=8.448s drain=0.000s waits=11019 untimed=11019
[kernel-split] single: calls=10718 total=39.358s encode=1.063s wait=0.572s drain=37.724s waits=11461 untimed=8900 | wide: calls=1574 total=9.643s encode=1.237s wait=7.580s drain=0.826s waits=1574 untimed=0
[kernel-sub] materialize=0.620s moe=9.516s precommit=37.822s rest=1.044s
[metal-cache] calls=19530 zero_copy_wraps=656 copies=0 cache_entries=206 bindless=true
###
[stats] generated=124 elapsed=238.107s speed=0.5208 token/s (1.920 s/token) chunks=114 committed_rows=165 verify_tx=7 drafts=10/26 layer_passes=10602 expert_rows=15364 expert_tiles=11036
[verify-width] w1=0 w2=5 w3=0 w4=0 w5=0 w6=0 w7=0 w8+=2              (w1 share 0.0% of 7 transactions)
[opens] expert file opens=477852 total=7.358s mean=0.015ms requested_bytes=5104042310848 (5104.0 GB)
[arrival] tiles=1056 waves=2043 uncovered_wait=36.628s dispatch=8.897s
[retain] enabled=false cap_gb=8 layers=63..=92 consults=0 wanted=0 hits=0 inserts=0 served=0.0MB
[summer] enabled=false cap_gb=8 sample=16 consults=0 wanted=0 hits=0 hit_rate=0.0% misses=0 inserts=0 evictions=0 recycled=0 allocs=0 pin_skips=0 gated=0 ramp=2..50 bar=0 suppressed=0 wide_skips=0 served=0.0MB copied=0.0MB ssd_avoided=0.0GB live=0/0.0GB model=0 protected=0 declined=0 topup_suppressed=0 aged=0 into=0/0/0 pending=0
[mirror-split] internal=0 K3C=0 K3B=0 K3A=0  shares=0%/0%/0%/0%
[phases] mono=359506.372345 chunks=114 sequence=220.373s read_wait=0.171s bind_upload=1.522s attention_resident=14.082s expert_read_prefetch=123.113s expert_demand_read=74.028s expert_plan=8.380s expert_hint=0.001s expert_submit=0.001s expert_kernel=79.468s source_fence=0.000s tail_head_sync=1.737s layer_other=0.230s expert_read_gross=114.732s plan_hint=8.244s plan_sched=0.134s attn_total=16.596s attn_encode=4.817s attn_wait=9.418s attn_drain=2.361s kernel_total=49.366s kernel_host=2.310s kernel_wait=8.158s kernel_drain=38.897s
[attn-split] single: calls=10230 total=9.419s encode=3.461s wait=3.597s drain=2.361s waits=17710 untimed=2855 | wide: calls=744 total=7.177s encode=1.355s wait=5.822s drain=0.000s waits=736 untimed=736 | hint: calls=10856 total=8.554s encode=0.031s wait=8.523s drain=0.000s waits=11110 untimed=11110
[kernel-split] single: calls=10817 total=39.722s encode=1.073s wait=0.578s drain=38.071s waits=11568 untimed=8983 | wide: calls=1574 total=9.643s encode=1.237s wait=7.580s drain=0.826s waits=1574 untimed=0
[kernel-sub] materialize=0.620s moe=9.527s precommit=38.171s rest=1.048s
[metal-cache] calls=19629 zero_copy_wraps=656 copies=0 cache_entries=206 bindless=true
 How
[stats] generated=125 elapsed=239.626s speed=0.5216 token/s (1.917 s/token) chunks=115 committed_rows=166 verify_tx=7 drafts=10/26 layer_passes=10695 expert_rows=15456 expert_tiles=11128
[verify-width] w1=0 w2=5 w3=0 w4=0 w5=0 w6=0 w7=0 w8+=2              (w1 share 0.0% of 7 transactions)
[opens] expert file opens=481821 total=7.416s mean=0.015ms requested_bytes=5138873646272 (5138.9 GB)
[arrival] tiles=1057 waves=2050 uncovered_wait=36.641s dispatch=8.906s
[retain] enabled=false cap_gb=8 layers=63..=92 consults=0 wanted=0 hits=0 inserts=0 served=0.0MB
[summer] enabled=false cap_gb=8 sample=16 consults=0 wanted=0 hits=0 hit_rate=0.0% misses=0 inserts=0 evictions=0 recycled=0 allocs=0 pin_skips=0 gated=0 ramp=2..50 bar=0 suppressed=0 wide_skips=0 served=0.0MB copied=0.0MB ssd_avoided=0.0GB live=0/0.0GB model=0 protected=0 declined=0 topup_suppressed=0 aged=0 into=0/0/0 pending=0
[mirror-split] internal=0 K3C=0 K3B=0 K3A=0  shares=0%/0%/0%/0%
[phases] mono=359507.891292 chunks=115 sequence=221.890s read_wait=0.171s bind_upload=1.522s attention_resident=14.179s expert_read_prefetch=124.127s expert_demand_read=74.690s expert_plan=8.460s expert_hint=0.001s expert_submit=0.001s expert_kernel=79.856s source_fence=0.000s tail_head_sync=1.753s layer_other=0.232s expert_read_gross=115.667s plan_hint=8.322s plan_sched=0.135s attn_total=16.693s attn_encode=4.864s attn_wait=9.449s attn_drain=2.379s kernel_total=49.740s kernel_host=2.320s kernel_wait=8.163s kernel_drain=39.257s
[attn-split] single: calls=10323 total=9.515s encode=3.509s wait=3.627s drain=2.379s waits=17871 untimed=2875 | wide: calls=744 total=7.177s encode=1.355s wait=5.822s drain=0.000s waits=736 untimed=736 | hint: calls=10948 total=8.633s encode=0.031s wait=8.601s drain=0.000s waits=11201 untimed=11201
[kernel-split] single: calls=10915 total=40.097s encode=1.083s wait=0.583s drain=38.431s waits=11673 untimed=9062 | wide: calls=1574 total=9.643s encode=1.237s wait=7.580s drain=0.826s waits=1574 untimed=0
[kernel-sub] materialize=0.620s moe=9.537s precommit=38.530s rest=1.053s
[metal-cache] calls=19727 zero_copy_wraps=656 copies=0 cache_entries=206 bindless=true
 Mo
[stats] generated=126 elapsed=241.097s speed=0.5226 token/s (1.913 s/token) chunks=116 committed_rows=167 verify_tx=7 drafts=10/26 layer_passes=10788 expert_rows=15548 expert_tiles=11220
[verify-width] w1=0 w2=5 w3=0 w4=0 w5=0 w6=0 w7=0 w8+=2              (w1 share 0.0% of 7 transactions)
[opens] expert file opens=485705 total=7.470s mean=0.015ms requested_bytes=5172941716672 (5172.9 GB)
[arrival] tiles=1058 waves=2057 uncovered_wait=36.654s dispatch=8.917s
[retain] enabled=false cap_gb=8 layers=63..=92 consults=0 wanted=0 hits=0 inserts=0 served=0.0MB
[summer] enabled=false cap_gb=8 sample=16 consults=0 wanted=0 hits=0 hit_rate=0.0% misses=0 inserts=0 evictions=0 recycled=0 allocs=0 pin_skips=0 gated=0 ramp=2..50 bar=0 suppressed=0 wide_skips=0 served=0.0MB copied=0.0MB ssd_avoided=0.0GB live=0/0.0GB model=0 protected=0 declined=0 topup_suppressed=0 aged=0 into=0/0/0 pending=0
[mirror-split] internal=0 K3C=0 K3B=0 K3A=0  shares=0%/0%/0%/0%
[phases] mono=359509.361629 chunks=116 sequence=223.359s read_wait=0.171s bind_upload=1.522s attention_resident=14.252s expert_read_prefetch=125.134s expert_demand_read=75.330s expert_plan=8.531s expert_hint=0.001s expert_submit=0.001s expert_kernel=80.230s source_fence=0.000s tail_head_sync=1.766s layer_other=0.234s expert_read_gross=116.602s plan_hint=8.393s plan_sched=0.136s attn_total=16.766s attn_encode=4.888s attn_wait=9.488s attn_drain=2.390s kernel_total=50.101s kernel_host=2.329s kernel_wait=8.169s kernel_drain=39.603s
[attn-split] single: calls=10416 total=9.589s encode=3.533s wait=3.666s drain=2.390s waits=18032 untimed=2911 | wide: calls=744 total=7.177s encode=1.355s wait=5.822s drain=0.000s waits=736 untimed=736 | hint: calls=11040 total=8.703s encode=0.032s wait=8.671s drain=0.000s waits=11292 untimed=11292
[kernel-split] single: calls=11013 total=40.458s encode=1.092s wait=0.589s drain=38.777s waits=11778 untimed=9149 | wide: calls=1574 total=9.643s encode=1.237s wait=7.580s drain=0.826s waits=1574 untimed=0
[kernel-sub] materialize=0.620s moe=9.547s precommit=38.877s rest=1.057s
[metal-cache] calls=19825 zero_copy_wraps=656 copies=0 cache_entries=206 bindless=true
E
[stats] generated=127 elapsed=242.571s speed=0.5236 token/s (1.910 s/token) chunks=117 committed_rows=168 verify_tx=7 drafts=10/26 layer_passes=10881 expert_rows=15640 expert_tiles=11312
[verify-width] w1=0 w2=5 w3=0 w4=0 w5=0 w6=0 w7=0 w8+=2              (w1 share 0.0% of 7 transactions)
[opens] expert file opens=489626 total=7.527s mean=0.015ms requested_bytes=5207351934144 (5207.4 GB)
[arrival] tiles=1059 waves=2062 uncovered_wait=36.663s dispatch=8.926s
[retain] enabled=false cap_gb=8 layers=63..=92 consults=0 wanted=0 hits=0 inserts=0 served=0.0MB
[summer] enabled=false cap_gb=8 sample=16 consults=0 wanted=0 hits=0 hit_rate=0.0% misses=0 inserts=0 evictions=0 recycled=0 allocs=0 pin_skips=0 gated=0 ramp=2..50 bar=0 suppressed=0 wide_skips=0 served=0.0MB copied=0.0MB ssd_avoided=0.0GB live=0/0.0GB model=0 protected=0 declined=0 topup_suppressed=0 aged=0 into=0/0/0 pending=0
[mirror-split] internal=0 K3C=0 K3B=0 K3A=0  shares=0%/0%/0%/0%
[phases] mono=359510.836320 chunks=117 sequence=224.832s read_wait=0.171s bind_upload=1.522s attention_resident=14.334s expert_read_prefetch=126.153s expert_demand_read=75.886s expert_plan=8.604s expert_hint=0.001s expert_submit=0.001s expert_kernel=80.588s source_fence=0.000s tail_head_sync=1.779s layer_other=0.235s expert_read_gross=117.549s plan_hint=8.464s plan_sched=0.137s attn_total=16.848s attn_encode=4.911s attn_wait=9.528s attn_drain=2.409s kernel_total=50.450s kernel_host=2.339s kernel_wait=8.174s kernel_drain=39.937s
[attn-split] single: calls=10509 total=9.670s encode=3.556s wait=3.706s drain=2.409s waits=18193 untimed=2939 | wide: calls=744 total=7.177s encode=1.355s wait=5.822s drain=0.000s waits=736 untimed=736 | hint: calls=11132 total=8.774s encode=0.032s wait=8.742s drain=0.000s waits=11383 untimed=11383
[kernel-split] single: calls=11109 total=40.807s encode=1.101s wait=0.595s drain=39.111s waits=11879 untimed=9231 | wide: calls=1574 total=9.643s encode=1.237s wait=7.580s drain=0.826s waits=1574 untimed=0
[kernel-sub] materialize=0.620s moe=9.557s precommit=39.212s rest=1.061s
[metal-cache] calls=19921 zero_copy_wraps=656 copies=0 cache_entries=206 bindless=true
 Models
[stats] generated=128 elapsed=244.131s speed=0.5243 token/s (1.907 s/token) chunks=118 committed_rows=169 verify_tx=7 drafts=10/26 layer_passes=10974 expert_rows=15732 expert_tiles=11404
[verify-width] w1=0 w2=5 w3=0 w4=0 w5=0 w6=0 w7=0 w8+=2              (w1 share 0.0% of 7 transactions)
[opens] expert file opens=493691 total=7.583s mean=0.015ms requested_bytes=5242981743808 (5243.0 GB)
[arrival] tiles=1060 waves=2070 uncovered_wait=36.682s dispatch=8.939s
[retain] enabled=false cap_gb=8 layers=63..=92 consults=0 wanted=0 hits=0 inserts=0 served=0.0MB
[summer] enabled=false cap_gb=8 sample=16 consults=0 wanted=0 hits=0 hit_rate=0.0% misses=0 inserts=0 evictions=0 recycled=0 allocs=0 pin_skips=0 gated=0 ramp=2..50 bar=0 suppressed=0 wide_skips=0 served=0.0MB copied=0.0MB ssd_avoided=0.0GB live=0/0.0GB model=0 protected=0 declined=0 topup_suppressed=0 aged=0 into=0/0/0 pending=0
[mirror-split] internal=0 K3C=0 K3B=0 K3A=0  shares=0%/0%/0%/0%
[phases] mono=359512.395933 chunks=118 sequence=226.390s read_wait=0.171s bind_upload=1.522s attention_resident=14.409s expert_read_prefetch=127.224s expert_demand_read=76.496s expert_plan=8.675s expert_hint=0.001s expert_submit=0.001s expert_kernel=80.984s source_fence=0.000s tail_head_sync=1.793s layer_other=0.237s expert_read_gross=118.549s plan_hint=8.534s plan_sched=0.138s attn_total=16.922s attn_encode=4.935s attn_wait=9.560s attn_drain=2.426s kernel_total=50.828s kernel_host=2.348s kernel_wait=8.180s kernel_drain=40.299s
[attn-split] single: calls=10602 total=9.744s encode=3.580s wait=3.738s drain=2.426s waits=18354 untimed=2963 | wide: calls=744 total=7.177s encode=1.355s wait=5.822s drain=0.000s waits=736 untimed=736 | hint: calls=11224 total=8.844s encode=0.032s wait=8.812s drain=0.000s waits=11474 untimed=11474
[kernel-split] single: calls=11208 total=41.184s encode=1.111s wait=0.600s drain=39.473s waits=11986 untimed=9309 | wide: calls=1574 total=9.643s encode=1.237s wait=7.580s drain=0.826s waits=1574 untimed=0
[kernel-sub] materialize=0.620s moe=9.569s precommit=39.573s rest=1.066s
[metal-cache] calls=20020 zero_copy_wraps=656 copies=0 cache_entries=206 bindless=true
[route-chain] chained=7590
[route-chain] dedup_hits=7590
 Work
[stats] generated=129 elapsed=245.658s speed=0.5251 token/s (1.904 s/token) chunks=119 committed_rows=170 verify_tx=7 drafts=10/26 layer_passes=11067 expert_rows=15824 expert_tiles=11496
[verify-width] w1=0 w2=5 w3=0 w4=0 w5=0 w6=0 w7=0 w8+=2              (w1 share 0.0% of 7 transactions)
[opens] expert file opens=497683 total=7.644s mean=0.015ms requested_bytes=5278023630016 (5278.0 GB)
[arrival] tiles=1061 waves=2078 uncovered_wait=36.691s dispatch=8.947s
[retain] enabled=false cap_gb=8 layers=63..=92 consults=0 wanted=0 hits=0 inserts=0 served=0.0MB
[summer] enabled=false cap_gb=8 sample=16 consults=0 wanted=0 hits=0 hit_rate=0.0% misses=0 inserts=0 evictions=0 recycled=0 allocs=0 pin_skips=0 gated=0 ramp=2..50 bar=0 suppressed=0 wide_skips=0 served=0.0MB copied=0.0MB ssd_avoided=0.0GB live=0/0.0GB model=0 protected=0 declined=0 topup_suppressed=0 aged=0 into=0/0/0 pending=0
[mirror-split] internal=0 K3C=0 K3B=0 K3A=0  shares=0%/0%/0%/0%
[phases] mono=359513.922781 chunks=119 sequence=227.915s read_wait=0.171s bind_upload=1.522s attention_resident=14.490s expert_read_prefetch=128.269s expert_demand_read=77.156s expert_plan=8.748s expert_hint=0.001s expert_submit=0.001s expert_kernel=81.365s source_fence=0.000s tail_head_sync=1.809s layer_other=0.239s expert_read_gross=119.520s plan_hint=8.606s plan_sched=0.140s attn_total=17.003s attn_encode=4.966s attn_wait=9.588s attn_drain=2.450s kernel_total=51.199s kernel_host=2.358s kernel_wait=8.185s kernel_drain=40.656s
[attn-split] single: calls=10695 total=9.826s encode=3.611s wait=3.766s drain=2.450s waits=18515 untimed=2989 | wide: calls=744 total=7.177s encode=1.355s wait=5.822s drain=0.000s waits=736 untimed=736 | hint: calls=11316 total=8.916s encode=0.032s wait=8.884s drain=0.000s waits=11565 untimed=11565
[kernel-split] single: calls=11307 total=41.556s encode=1.121s wait=0.605s drain=39.830s waits=12093 untimed=9391 | wide: calls=1574 total=9.643s encode=1.237s wait=7.580s drain=0.826s waits=1574 untimed=0
[kernel-sub] materialize=0.620s moe=9.577s precommit=39.931s rest=1.071s
[metal-cache] calls=20119 zero_copy_wraps=656 copies=0 cache_entries=206 bindless=true



[stats] generated=130 elapsed=247.114s speed=0.5261 token/s (1.901 s/token) chunks=120 committed_rows=171 verify_tx=7 drafts=10/26 layer_passes=11160 expert_rows=15916 expert_tiles=11588
[verify-width] w1=0 w2=5 w3=0 w4=0 w5=0 w6=0 w7=0 w8+=2              (w1 share 0.0% of 7 transactions)
[opens] expert file opens=501607 total=7.695s mean=0.015ms requested_bytes=5312425114816 (5312.4 GB)
[arrival] tiles=1062 waves=2083 uncovered_wait=36.699s dispatch=8.958s
[retain] enabled=false cap_gb=8 layers=63..=92 consults=0 wanted=0 hits=0 inserts=0 served=0.0MB
[summer] enabled=false cap_gb=8 sample=16 consults=0 wanted=0 hits=0 hit_rate=0.0% misses=0 inserts=0 evictions=0 recycled=0 allocs=0 pin_skips=0 gated=0 ramp=2..50 bar=0 suppressed=0 wide_skips=0 served=0.0MB copied=0.0MB ssd_avoided=0.0GB live=0/0.0GB model=0 protected=0 declined=0 topup_suppressed=0 aged=0 into=0/0/0 pending=0
[mirror-split] internal=0 K3C=0 K3B=0 K3A=0  shares=0%/0%/0%/0%
[phases] mono=359515.379496 chunks=120 sequence=229.371s read_wait=0.171s bind_upload=1.522s attention_resident=14.567s expert_read_prefetch=129.288s expert_demand_read=77.746s expert_plan=8.824s expert_hint=0.001s expert_submit=0.001s expert_kernel=81.706s source_fence=0.000s tail_head_sync=1.826s layer_other=0.240s expert_read_gross=120.463s plan_hint=8.681s plan_sched=0.141s attn_total=17.079s attn_encode=4.990s attn_wait=9.621s attn_drain=2.469s kernel_total=51.531s kernel_host=2.368s kernel_wait=8.190s kernel_drain=40.973s
[attn-split] single: calls=10788 total=9.902s encode=3.634s wait=3.799s drain=2.469s waits=18676 untimed=3015 | wide: calls=744 total=7.177s encode=1.355s wait=5.822s drain=0.000s waits=736 untimed=736 | hint: calls=11408 total=8.991s encode=0.032s wait=8.959s drain=0.000s waits=11656 untimed=11656
[kernel-split] single: calls=11403 total=41.888s encode=1.130s wait=0.610s drain=40.147s waits=12194 untimed=9464 | wide: calls=1574 total=9.643s encode=1.237s wait=7.580s drain=0.826s waits=1574 untimed=0
[kernel-sub] materialize=0.620s moe=9.588s precommit=40.248s rest=1.075s
[metal-cache] calls=20215 zero_copy_wraps=656 copies=0 cache_entries=206 bindless=true
In
[stats] generated=131 elapsed=248.614s speed=0.5269 token/s (1.898 s/token) chunks=121 committed_rows=172 verify_tx=7 drafts=10/26 layer_passes=11253 expert_rows=16008 expert_tiles=11680
[verify-width] w1=0 w2=5 w3=0 w4=0 w5=0 w6=0 w7=0 w8+=2              (w1 share 0.0% of 7 transactions)
[opens] expert file opens=505597 total=7.748s mean=0.015ms requested_bytes=5347458268352 (5347.5 GB)
[arrival] tiles=1063 waves=2089 uncovered_wait=36.712s dispatch=8.966s
[retain] enabled=false cap_gb=8 layers=63..=92 consults=0 wanted=0 hits=0 inserts=0 served=0.0MB
[summer] enabled=false cap_gb=8 sample=16 consults=0 wanted=0 hits=0 hit_rate=0.0% misses=0 inserts=0 evictions=0 recycled=0 allocs=0 pin_skips=0 gated=0 ramp=2..50 bar=0 suppressed=0 wide_skips=0 served=0.0MB copied=0.0MB ssd_avoided=0.0GB live=0/0.0GB model=0 protected=0 declined=0 topup_suppressed=0 aged=0 into=0/0/0 pending=0
[mirror-split] internal=0 K3C=0 K3B=0 K3A=0  shares=0%/0%/0%/0%
[phases] mono=359516.878868 chunks=121 sequence=230.869s read_wait=0.171s bind_upload=1.522s attention_resident=14.645s expert_read_prefetch=130.319s expert_demand_read=78.371s expert_plan=8.897s expert_hint=0.001s expert_submit=0.001s expert_kernel=82.079s source_fence=0.000s tail_head_sync=1.840s layer_other=0.242s expert_read_gross=121.422s plan_hint=8.752s plan_sched=0.142s attn_total=17.157s attn_encode=5.015s attn_wait=9.649s attn_drain=2.493s kernel_total=51.892s kernel_host=2.376s kernel_wait=8.195s kernel_drain=41.321s
[attn-split] single: calls=10881 total=9.980s encode=3.660s wait=3.827s drain=2.493s waits=18837 untimed=3045 | wide: calls=744 total=7.177s encode=1.355s wait=5.822s drain=0.000s waits=736 untimed=736 | hint: calls=11500 total=9.062s encode=0.033s wait=9.029s drain=0.000s waits=11747 untimed=11747
[kernel-split] single: calls=11500 total=42.249s encode=1.139s wait=0.616s drain=40.494s waits=12297 untimed=9543 | wide: calls=1574 total=9.643s encode=1.237s wait=7.580s drain=0.826s waits=1574 untimed=0
[kernel-sub] materialize=0.620s moe=9.595s precommit=40.597s rest=1.079s
[metal-cache] calls=20312 zero_copy_wraps=656 copies=0 cache_entries=206 bindless=true
 a
[stats] generated=132 elapsed=250.078s speed=0.5278 token/s (1.895 s/token) chunks=122 committed_rows=173 verify_tx=7 drafts=10/26 layer_passes=11346 expert_rows=16100 expert_tiles=11772
[verify-width] w1=0 w2=5 w3=0 w4=0 w5=0 w6=0 w7=0 w8+=2              (w1 share 0.0% of 7 transactions)
[opens] expert file opens=509519 total=7.804s mean=0.015ms requested_bytes=5381877284032 (5381.9 GB)
[arrival] tiles=1064 waves=2096 uncovered_wait=36.722s dispatch=8.977s
[retain] enabled=false cap_gb=8 layers=63..=92 consults=0 wanted=0 hits=0 inserts=0 served=0.0MB
[summer] enabled=false cap_gb=8 sample=16 consults=0 wanted=0 hits=0 hit_rate=0.0% misses=0 inserts=0 evictions=0 recycled=0 allocs=0 pin_skips=0 gated=0 ramp=2..50 bar=0 suppressed=0 wide_skips=0 served=0.0MB copied=0.0MB ssd_avoided=0.0GB live=0/0.0GB model=0 protected=0 declined=0 topup_suppressed=0 aged=0 into=0/0/0 pending=0
[mirror-split] internal=0 K3C=0 K3B=0 K3A=0  shares=0%/0%/0%/0%
[phases] mono=359518.342626 chunks=122 sequence=232.331s read_wait=0.171s bind_upload=1.522s attention_resident=14.731s expert_read_prefetch=131.265s expert_demand_read=78.965s expert_plan=8.968s expert_hint=0.001s expert_submit=0.001s expert_kernel=82.490s source_fence=0.000s tail_head_sync=1.857s layer_other=0.244s expert_read_gross=122.297s plan_hint=8.822s plan_sched=0.143s attn_total=17.244s attn_encode=5.043s attn_wait=9.687s attn_drain=2.514s kernel_total=52.293s kernel_host=2.387s kernel_wait=8.201s kernel_drain=41.704s
[attn-split] single: calls=10974 total=10.066s encode=3.687s wait=3.865s drain=2.514s waits=18998 untimed=3066 | wide: calls=744 total=7.177s encode=1.355s wait=5.822s drain=0.000s waits=736 untimed=736 | hint: calls=11592 total=9.132s encode=0.033s wait=9.099s drain=0.000s waits=11838 untimed=11838
[kernel-split] single: calls=11598 total=42.649s encode=1.150s wait=0.621s drain=40.878s waits=12402 untimed=9625 | wide: calls=1574 total=9.643s encode=1.237s wait=7.580s drain=0.826s waits=1574 untimed=0
[kernel-sub] materialize=0.620s moe=9.607s precommit=40.981s rest=1.084s
[metal-cache] calls=20410 zero_copy_wraps=656 copies=0 cache_entries=206 bindless=true
 standard
[stats] generated=133 elapsed=251.601s speed=0.5286 token/s (1.892 s/token) chunks=123 committed_rows=174 verify_tx=7 drafts=10/26 layer_passes=11439 expert_rows=16192 expert_tiles=11864
[verify-width] w1=0 w2=5 w3=0 w4=0 w5=0 w6=0 w7=0 w8+=2              (w1 share 0.0% of 7 transactions)
[opens] expert file opens=513537 total=7.858s mean=0.015ms requested_bytes=5417121021120 (5417.1 GB)
[arrival] tiles=1065 waves=2102 uncovered_wait=36.735s dispatch=8.986s
[retain] enabled=false cap_gb=8 layers=63..=92 consults=0 wanted=0 hits=0 inserts=0 served=0.0MB
[summer] enabled=false cap_gb=8 sample=16 consults=0 wanted=0 hits=0 hit_rate=0.0% misses=0 inserts=0 evictions=0 recycled=0 allocs=0 pin_skips=0 gated=0 ramp=2..50 bar=0 suppressed=0 wide_skips=0 served=0.0MB copied=0.0MB ssd_avoided=0.0GB live=0/0.0GB model=0 protected=0 declined=0 topup_suppressed=0 aged=0 into=0/0/0 pending=0
[mirror-split] internal=0 K3C=0 K3B=0 K3A=0  shares=0%/0%/0%/0%
[phases] mono=359519.865500 chunks=123 sequence=233.853s read_wait=0.171s bind_upload=1.522s attention_resident=14.815s expert_read_prefetch=132.330s expert_demand_read=79.571s expert_plan=9.046s expert_hint=0.001s expert_submit=0.001s expert_kernel=82.848s source_fence=0.000s tail_head_sync=1.871s layer_other=0.245s expert_read_gross=123.284s plan_hint=8.899s plan_sched=0.144s attn_total=17.327s attn_encode=5.081s attn_wait=9.716s attn_drain=2.530s kernel_total=52.638s kernel_host=2.396s kernel_wait=8.206s kernel_drain=42.036s
[attn-split] single: calls=11067 total=10.150s encode=3.725s wait=3.894s drain=2.530s waits=19159 untimed=3098 | wide: calls=744 total=7.177s encode=1.355s wait=5.822s drain=0.000s waits=736 untimed=736 | hint: calls=11684 total=9.208s encode=0.033s wait=9.175s drain=0.000s waits=11929 untimed=11929
[kernel-split] single: calls=11695 total=42.994s encode=1.159s wait=0.626s drain=41.209s waits=12505 untimed=9708 | wide: calls=1574 total=9.643s encode=1.237s wait=7.580s drain=0.826s waits=1574 untimed=0
[kernel-sub] materialize=0.620s moe=9.615s precommit=41.313s rest=1.089s
[metal-cache] calls=20507 zero_copy_wraps=656 copies=0 cache_entries=206 bindless=true
 "
[stats] generated=134 elapsed=253.094s speed=0.5294 token/s (1.889 s/token) chunks=124 committed_rows=175 verify_tx=7 drafts=10/26 layer_passes=11532 expert_rows=16284 expert_tiles=11956
[verify-width] w1=0 w2=5 w3=0 w4=0 w5=0 w6=0 w7=0 w8+=2              (w1 share 0.0% of 7 transactions)
[opens] expert file opens=517450 total=7.913s mean=0.015ms requested_bytes=5451469847744 (5451.5 GB)
[arrival] tiles=1066 waves=2107 uncovered_wait=36.745s dispatch=8.995s
[retain] enabled=false cap_gb=8 layers=63..=92 consults=0 wanted=0 hits=0 inserts=0 served=0.0MB
[summer] enabled=false cap_gb=8 sample=16 consults=0 wanted=0 hits=0 hit_rate=0.0% misses=0 inserts=0 evictions=0 recycled=0 allocs=0 pin_skips=0 gated=0 ramp=2..50 bar=0 suppressed=0 wide_skips=0 served=0.0MB copied=0.0MB ssd_avoided=0.0GB live=0/0.0GB model=0 protected=0 declined=0 topup_suppressed=0 aged=0 into=0/0/0 pending=0
[mirror-split] internal=0 K3C=0 K3B=0 K3A=0  shares=0%/0%/0%/0%
[phases] mono=359521.359382 chunks=124 sequence=235.326s read_wait=0.171s bind_upload=1.522s attention_resident=14.890s expert_read_prefetch=133.356s expert_demand_read=80.157s expert_plan=9.125s expert_hint=0.001s expert_submit=0.001s expert_kernel=83.206s source_fence=0.000s tail_head_sync=1.884s layer_other=0.247s expert_read_gross=124.230s plan_hint=8.977s plan_sched=0.145s attn_total=17.402s attn_encode=5.106s attn_wait=9.740s attn_drain=2.556s kernel_total=52.985s kernel_host=2.405s kernel_wait=8.211s kernel_drain=42.368s
[attn-split] single: calls=11160 total=10.225s encode=3.751s wait=3.918s drain=2.556s waits=19320 untimed=3123 | wide: calls=744 total=7.177s encode=1.355s wait=5.822s drain=0.000s waits=736 untimed=736 | hint: calls=11776 total=9.287s encode=0.033s wait=9.253s drain=0.000s waits=12020 untimed=12020
[kernel-split] single: calls=11791 total=43.341s encode=1.168s wait=0.632s drain=41.542s waits=12606 untimed=9789 | wide: calls=1574 total=9.643s encode=1.237s wait=7.580s drain=0.826s waits=1574 untimed=0
[kernel-sub] materialize=0.620s moe=9.624s precommit=41.647s rest=1.093s
[metal-cache] calls=20603 zero_copy_wraps=656 copies=0 cache_entries=206 bindless=true
dense
[stats] generated=135 elapsed=254.607s speed=0.5302 token/s (1.886 s/token) chunks=125 committed_rows=176 verify_tx=7 drafts=10/26 layer_passes=11625 expert_rows=16376 expert_tiles=12048
[verify-width] w1=0 w2=5 w3=0 w4=0 w5=0 w6=0 w7=0 w8+=2              (w1 share 0.0% of 7 transactions)
[opens] expert file opens=521356 total=7.968s mean=0.015ms requested_bytes=5485722156224 (5485.7 GB)
[arrival] tiles=1067 waves=2113 uncovered_wait=36.754s dispatch=9.005s
[retain] enabled=false cap_gb=8 layers=63..=92 consults=0 wanted=0 hits=0 inserts=0 served=0.0MB
[summer] enabled=false cap_gb=8 sample=16 consults=0 wanted=0 hits=0 hit_rate=0.0% misses=0 inserts=0 evictions=0 recycled=0 allocs=0 pin_skips=0 gated=0 ramp=2..50 bar=0 suppressed=0 wide_skips=0 served=0.0MB copied=0.0MB ssd_avoided=0.0GB live=0/0.0GB model=0 protected=0 declined=0 topup_suppressed=0 aged=0 into=0/0/0 pending=0
[mirror-split] internal=0 K3C=0 K3B=0 K3A=0  shares=0%/0%/0%/0%
[phases] mono=359522.872300 chunks=125 sequence=236.838s read_wait=0.171s bind_upload=1.522s attention_resident=14.966s expert_read_prefetch=134.413s expert_demand_read=80.776s expert_plan=9.203s expert_hint=0.001s expert_submit=0.001s expert_kernel=83.567s source_fence=0.000s tail_head_sync=1.899s layer_other=0.249s expert_read_gross=125.210s plan_hint=9.053s plan_sched=0.147s attn_total=17.478s attn_encode=5.131s attn_wait=9.770s attn_drain=2.578s kernel_total=53.336s kernel_host=2.415s kernel_wait=8.217s kernel_drain=42.705s
[attn-split] single: calls=11253 total=10.301s encode=3.775s wait=3.948s drain=2.578s waits=19481 untimed=3147 | wide: calls=744 total=7.177s encode=1.355s wait=5.822s drain=0.000s waits=736 untimed=736 | hint: calls=11868 total=9.363s encode=0.034s wait=9.329s drain=0.000s waits=12111 untimed=12111
[kernel-split] single: calls=11888 total=43.693s encode=1.177s wait=0.637s drain=41.879s waits=12709 untimed=9867 | wide: calls=1574 total=9.643s encode=1.237s wait=7.580s drain=0.826s waits=1574 untimed=0
[kernel-sub] materialize=0.620s moe=9.634s precommit=41.985s rest=1.098s
[metal-cache] calls=20700 zero_copy_wraps=656 copies=0 cache_entries=206 bindless=true
"
[stats] generated=136 elapsed=256.158s speed=0.5309 token/s (1.884 s/token) chunks=126 committed_rows=177 verify_tx=7 drafts=10/26 layer_passes=11718 expert_rows=16468 expert_tiles=12140
[verify-width] w1=0 w2=5 w3=0 w4=0 w5=0 w6=0 w7=0 w8+=2              (w1 share 0.0% of 7 transactions)
[opens] expert file opens=525308 total=8.023s mean=0.015ms requested_bytes=5520430677184 (5520.4 GB)
[arrival] tiles=1068 waves=2121 uncovered_wait=36.766s dispatch=9.015s
[retain] enabled=false cap_gb=8 layers=63..=92 consults=0 wanted=0 hits=0 inserts=0 served=0.0MB
[summer] enabled=false cap_gb=8 sample=16 consults=0 wanted=0 hits=0 hit_rate=0.0% misses=0 inserts=0 evictions=0 recycled=0 allocs=0 pin_skips=0 gated=0 ramp=2..50 bar=0 suppressed=0 wide_skips=0 served=0.0MB copied=0.0MB ssd_avoided=0.0GB live=0/0.0GB model=0 protected=0 declined=0 topup_suppressed=0 aged=0 into=0/0/0 pending=0
[mirror-split] internal=0 K3C=0 K3B=0 K3A=0  shares=0%/0%/0%/0%
[phases] mono=359524.422934 chunks=126 sequence=238.387s read_wait=0.171s bind_upload=1.522s attention_resident=15.042s expert_read_prefetch=135.468s expert_demand_read=81.373s expert_plan=9.291s expert_hint=0.001s expert_submit=0.001s expert_kernel=83.969s source_fence=0.000s tail_head_sync=1.914s layer_other=0.250s expert_read_gross=126.177s plan_hint=9.140s plan_sched=0.148s attn_total=17.554s attn_encode=5.155s attn_wait=9.802s attn_drain=2.596s kernel_total=53.726s kernel_host=2.424s kernel_wait=8.224s kernel_drain=43.078s
[attn-split] single: calls=11346 total=10.376s encode=3.800s wait=3.980s drain=2.596s waits=19642 untimed=3169 | wide: calls=744 total=7.177s encode=1.355s wait=5.822s drain=0.000s waits=736 untimed=736 | hint: calls=11960 total=9.450s encode=0.034s wait=9.416s drain=0.000s waits=12202 untimed=12202
[kernel-split] single: calls=11987 total=44.082s encode=1.187s wait=0.644s drain=42.252s waits=12816 untimed=9941 | wide: calls=1574 total=9.643s encode=1.237s wait=7.580s drain=0.826s waits=1574 untimed=0
[kernel-sub] materialize=0.620s moe=9.644s precommit=42.359s rest=1.103s
[metal-cache] calls=20799 zero_copy_wraps=656 copies=0 cache_entries=206 bindless=true
 neural
[stats] generated=137 elapsed=257.747s speed=0.5315 token/s (1.881 s/token) chunks=127 committed_rows=178 verify_tx=7 drafts=10/26 layer_passes=11811 expert_rows=16560 expert_tiles=12232
[verify-width] w1=0 w2=5 w3=0 w4=0 w5=0 w6=0 w7=0 w8+=2              (w1 share 0.0% of 7 transactions)
[opens] expert file opens=529416 total=8.079s mean=0.015ms requested_bytes=5556472790208 (5556.5 GB)
[arrival] tiles=1069 waves=2129 uncovered_wait=36.777s dispatch=9.025s
[retain] enabled=false cap_gb=8 layers=63..=92 consults=0 wanted=0 hits=0 inserts=0 served=0.0MB
[summer] enabled=false cap_gb=8 sample=16 consults=0 wanted=0 hits=0 hit_rate=0.0% misses=0 inserts=0 evictions=0 recycled=0 allocs=0 pin_skips=0 gated=0 ramp=2..50 bar=0 suppressed=0 wide_skips=0 served=0.0MB copied=0.0MB ssd_avoided=0.0GB live=0/0.0GB model=0 protected=0 declined=0 topup_suppressed=0 aged=0 into=0/0/0 pending=0
[mirror-split] internal=0 K3C=0 K3B=0 K3A=0  shares=0%/0%/0%/0%
[phases] mono=359526.011803 chunks=127 sequence=239.975s read_wait=0.171s bind_upload=1.522s attention_resident=15.124s expert_read_prefetch=136.589s expert_demand_read=82.049s expert_plan=9.373s expert_hint=0.001s expert_submit=0.001s expert_kernel=84.335s source_fence=0.000s tail_head_sync=1.931s layer_other=0.252s expert_read_gross=127.216s plan_hint=9.221s plan_sched=0.149s attn_total=17.636s attn_encode=5.188s attn_wait=9.831s attn_drain=2.617s kernel_total=54.081s kernel_host=2.433s kernel_wait=8.230s kernel_drain=43.418s
[attn-split] single: calls=11439 total=10.459s encode=3.833s wait=4.009s drain=2.617s waits=19803 untimed=3196 | wide: calls=744 total=7.177s encode=1.355s wait=5.822s drain=0.000s waits=736 untimed=736 | hint: calls=12052 total=9.531s encode=0.034s wait=9.497s drain=0.000s waits=12293 untimed=12293
[kernel-split] single: calls=12086 total=44.438s encode=1.196s wait=0.651s drain=42.592s waits=12923 untimed=10024 | wide: calls=1574 total=9.643s encode=1.237s wait=7.580s drain=0.826s waits=1574 untimed=0
[kernel-sub] materialize=0.620s moe=9.654s precommit=42.700s rest=1.107s
[metal-cache] calls=20898 zero_copy_wraps=656 copies=0 cache_entries=206 bindless=true
 network
[stats] generated=138 elapsed=259.250s speed=0.5323 token/s (1.879 s/token) chunks=128 committed_rows=179 verify_tx=7 drafts=10/26 layer_passes=11904 expert_rows=16652 expert_tiles=12324
[verify-width] w1=0 w2=5 w3=0 w4=0 w5=0 w6=0 w7=0 w8+=2              (w1 share 0.0% of 7 transactions)
[opens] expert file opens=533370 total=8.130s mean=0.015ms requested_bytes=5591190092992 (5591.2 GB)
[arrival] tiles=1070 waves=2135 uncovered_wait=36.788s dispatch=9.035s
[retain] enabled=false cap_gb=8 layers=63..=92 consults=0 wanted=0 hits=0 inserts=0 served=0.0MB
[summer] enabled=false cap_gb=8 sample=16 consults=0 wanted=0 hits=0 hit_rate=0.0% misses=0 inserts=0 evictions=0 recycled=0 allocs=0 pin_skips=0 gated=0 ramp=2..50 bar=0 suppressed=0 wide_skips=0 served=0.0MB copied=0.0MB ssd_avoided=0.0GB live=0/0.0GB model=0 protected=0 declined=0 topup_suppressed=0 aged=0 into=0/0/0 pending=0
[mirror-split] internal=0 K3C=0 K3B=0 K3A=0  shares=0%/0%/0%/0%
[phases] mono=359527.515368 chunks=128 sequence=241.477s read_wait=0.171s bind_upload=1.522s attention_resident=15.196s expert_read_prefetch=137.647s expert_demand_read=82.688s expert_plan=9.452s expert_hint=0.001s expert_submit=0.001s expert_kernel=84.691s source_fence=0.000s tail_head_sync=1.945s layer_other=0.253s expert_read_gross=128.194s plan_hint=9.299s plan_sched=0.150s attn_total=17.707s attn_encode=5.210s attn_wait=9.857s attn_drain=2.640s kernel_total=54.427s kernel_host=2.442s kernel_wait=8.237s kernel_drain=43.748s
[attn-split] single: calls=11532 total=10.530s encode=3.855s wait=4.035s drain=2.640s waits=19964 untimed=3223 | wide: calls=744 total=7.177s encode=1.355s wait=5.822s drain=0.000s waits=736 untimed=736 | hint: calls=12144 total=9.609s encode=0.034s wait=9.575s drain=0.000s waits=12384 untimed=12384
[kernel-split] single: calls=12183 total=44.783s encode=1.205s wait=0.657s drain=42.922s waits=13026 untimed=10103 | wide: calls=1574 total=9.643s encode=1.237s wait=7.580s drain=0.826s waits=1574 untimed=0
[kernel-sub] materialize=0.620s moe=9.664s precommit=43.031s rest=1.112s
[metal-cache] calls=20995 zero_copy_wraps=656 copies=0 cache_entries=206 bindless=true
,
[stats] generated=139 elapsed=260.779s speed=0.5330 token/s (1.876 s/token) chunks=129 committed_rows=180 verify_tx=7 drafts=10/26 layer_passes=11997 expert_rows=16744 expert_tiles=12416
[verify-width] w1=0 w2=5 w3=0 w4=0 w5=0 w6=0 w7=0 w8+=2              (w1 share 0.0% of 7 transactions)
[opens] expert file opens=537286 total=8.185s mean=0.015ms requested_bytes=5625530137792 (5625.5 GB)
[arrival] tiles=1071 waves=2139 uncovered_wait=36.798s dispatch=9.043s
[retain] enabled=false cap_gb=8 layers=63..=92 consults=0 wanted=0 hits=0 inserts=0 served=0.0MB
[summer] enabled=false cap_gb=8 sample=16 consults=0 wanted=0 hits=0 hit_rate=0.0% misses=0 inserts=0 evictions=0 recycled=0 allocs=0 pin_skips=0 gated=0 ramp=2..50 bar=0 suppressed=0 wide_skips=0 served=0.0MB copied=0.0MB ssd_avoided=0.0GB live=0/0.0GB model=0 protected=0 declined=0 topup_suppressed=0 aged=0 into=0/0/0 pending=0
[mirror-split] internal=0 K3C=0 K3B=0 K3A=0  shares=0%/0%/0%/0%
[phases] mono=359529.044420 chunks=129 sequence=243.004s read_wait=0.171s bind_upload=1.522s attention_resident=15.268s expert_read_prefetch=138.722s expert_demand_read=83.259s expert_plan=9.530s expert_hint=0.001s expert_submit=0.001s expert_kernel=85.054s source_fence=0.000s tail_head_sync=1.962s layer_other=0.254s expert_read_gross=129.191s plan_hint=9.376s plan_sched=0.151s attn_total=17.779s attn_encode=5.233s attn_wait=9.881s attn_drain=2.665s kernel_total=54.779s kernel_host=2.451s kernel_wait=8.241s kernel_drain=44.087s
[attn-split] single: calls=11625 total=10.602s encode=3.877s wait=4.059s drain=2.665s waits=20125 untimed=3247 | wide: calls=744 total=7.177s encode=1.355s wait=5.822s drain=0.000s waits=736 untimed=736 | hint: calls=12236 total=9.686s encode=0.035s wait=9.651s drain=0.000s waits=12475 untimed=12475
[kernel-split] single: calls=12278 total=45.136s encode=1.213s wait=0.661s drain=43.261s waits=13125 untimed=10180 | wide: calls=1574 total=9.643s encode=1.237s wait=7.580s drain=0.826s waits=1574 untimed=0
[kernel-sub] materialize=0.620s moe=9.672s precommit=43.371s rest=1.116s
[metal-cache] calls=21090 zero_copy_wraps=656 copies=0 cache_entries=206 bindless=true
[route-chain] chained=8280
[route-chain] dedup_hits=8280
 every
[stats] generated=140 elapsed=262.276s speed=0.5338 token/s (1.873 s/token) chunks=130 committed_rows=181 verify_tx=7 drafts=10/26 layer_passes=12090 expert_rows=16836 expert_tiles=12508
[verify-width] w1=0 w2=5 w3=0 w4=0 w5=0 w6=0 w7=0 w8+=2              (w1 share 0.0% of 7 transactions)
[opens] expert file opens=541246 total=8.242s mean=0.015ms requested_bytes=5660282502336 (5660.3 GB)
[arrival] tiles=1072 waves=2146 uncovered_wait=36.807s dispatch=9.054s
[retain] enabled=false cap_gb=8 layers=63..=92 consults=0 wanted=0 hits=0 inserts=0 served=0.0MB
[summer] enabled=false cap_gb=8 sample=16 consults=0 wanted=0 hits=0 hit_rate=0.0% misses=0 inserts=0 evictions=0 recycled=0 allocs=0 pin_skips=0 gated=0 ramp=2..50 bar=0 suppressed=0 wide_skips=0 served=0.0MB copied=0.0MB ssd_avoided=0.0GB live=0/0.0GB model=0 protected=0 declined=0 topup_suppressed=0 aged=0 into=0/0/0 pending=0
[mirror-split] internal=0 K3C=0 K3B=0 K3A=0  shares=0%/0%/0%/0%
[phases] mono=359530.541407 chunks=130 sequence=244.498s read_wait=0.171s bind_upload=1.522s attention_resident=15.349s expert_read_prefetch=139.776s expert_demand_read=83.894s expert_plan=9.609s expert_hint=0.001s expert_submit=0.001s expert_kernel=85.398s source_fence=0.000s tail_head_sync=1.976s layer_other=0.256s expert_read_gross=130.166s plan_hint=9.454s plan_sched=0.152s attn_total=17.860s attn_encode=5.258s attn_wait=9.912s attn_drain=2.690s kernel_total=55.113s kernel_host=2.460s kernel_wait=8.247s kernel_drain=44.406s
[attn-split] single: calls=11718 total=10.683s encode=3.903s wait=4.091s drain=2.690s waits=20286 untimed=3277 | wide: calls=744 total=7.177s encode=1.355s wait=5.822s drain=0.000s waits=736 untimed=736 | hint: calls=12328 total=9.763s encode=0.035s wait=9.729s drain=0.000s waits=12566 untimed=12566
[kernel-split] single: calls=12376 total=45.470s encode=1.223s wait=0.668s drain=43.580s waits=13230 untimed=10263 | wide: calls=1574 total=9.643s encode=1.237s wait=7.580s drain=0.826s waits=1574 untimed=0
[kernel-sub] materialize=0.620s moe=9.683s precommit=43.690s rest=1.121s
[metal-cache] calls=21188 zero_copy_wraps=656 copies=0 cache_entries=206 bindless=true
 input
[stats] generated=141 elapsed=263.761s speed=0.5346 token/s (1.871 s/token) chunks=131 committed_rows=182 verify_tx=7 drafts=10/26 layer_passes=12183 expert_rows=16928 expert_tiles=12600
[verify-width] w1=0 w2=5 w3=0 w4=0 w5=0 w6=0 w7=0 w8+=2              (w1 share 0.0% of 7 transactions)
[opens] expert file opens=545123 total=8.302s mean=0.015ms requested_bytes=5694315461824 (5694.3 GB)
[arrival] tiles=1073 waves=2151 uncovered_wait=36.817s dispatch=9.063s
[retain] enabled=false cap_gb=8 layers=63..=92 consults=0 wanted=0 hits=0 inserts=0 served=0.0MB
[summer] enabled=false cap_gb=8 sample=16 consults=0 wanted=0 hits=0 hit_rate=0.0% misses=0 inserts=0 evictions=0 recycled=0 allocs=0 pin_skips=0 gated=0 ramp=2..50 bar=0 suppressed=0 wide_skips=0 served=0.0MB copied=0.0MB ssd_avoided=0.0GB live=0/0.0GB model=0 protected=0 declined=0 topup_suppressed=0 aged=0 into=0/0/0 pending=0
[mirror-split] internal=0 K3C=0 K3B=0 K3A=0  shares=0%/0%/0%/0%
[phases] mono=359532.026155 chunks=131 sequence=245.982s read_wait=0.171s bind_upload=1.522s attention_resident=15.438s expert_read_prefetch=140.803s expert_demand_read=84.513s expert_plan=9.685s expert_hint=0.001s expert_submit=0.001s expert_kernel=85.752s source_fence=0.000s tail_head_sync=1.988s layer_other=0.257s expert_read_gross=131.118s plan_hint=9.529s plan_sched=0.153s attn_total=17.948s attn_encode=5.296s attn_wait=9.939s attn_drain=2.714s kernel_total=55.458s kernel_host=2.470s kernel_wait=8.252s kernel_drain=44.736s
[attn-split] single: calls=11811 total=10.771s encode=3.940s wait=4.117s drain=2.714s waits=20447 untimed=3302 | wide: calls=744 total=7.177s encode=1.355s wait=5.822s drain=0.000s waits=736 untimed=736 | hint: calls=12420 total=9.838s encode=0.035s wait=9.803s drain=0.000s waits=12657 untimed=12657
[kernel-split] single: calls=12472 total=45.814s encode=1.232s wait=0.672s drain=43.909s waits=13331 untimed=10343 | wide: calls=1574 total=9.643s encode=1.237s wait=7.580s drain=0.826s waits=1574 untimed=0
[kernel-sub] materialize=0.620s moe=9.692s precommit=44.020s rest=1.125s
[metal-cache] calls=21284 zero_copy_wraps=656 copies=0 cache_entries=206 bindless=true
 passes
[stats] generated=142 elapsed=265.253s speed=0.5353 token/s (1.868 s/token) chunks=132 committed_rows=183 verify_tx=7 drafts=10/26 layer_passes=12276 expert_rows=17020 expert_tiles=12692
[verify-width] w1=0 w2=5 w3=0 w4=0 w5=0 w6=0 w7=0 w8+=2              (w1 share 0.0% of 7 transactions)
[opens] expert file opens=549061 total=8.363s mean=0.015ms requested_bytes=5728830995648 (5728.8 GB)
[arrival] tiles=1074 waves=2157 uncovered_wait=36.828s dispatch=9.075s
[retain] enabled=false cap_gb=8 layers=63..=92 consults=0 wanted=0 hits=0 inserts=0 served=0.0MB
[summer] enabled=false cap_gb=8 sample=16 consults=0 wanted=0 hits=0 hit_rate=0.0% misses=0 inserts=0 evictions=0 recycled=0 allocs=0 pin_skips=0 gated=0 ramp=2..50 bar=0 suppressed=0 wide_skips=0 served=0.0MB copied=0.0MB ssd_avoided=0.0GB live=0/0.0GB model=0 protected=0 declined=0 topup_suppressed=0 aged=0 into=0/0/0 pending=0
[mirror-split] internal=0 K3C=0 K3B=0 K3A=0  shares=0%/0%/0%/0%
[phases] mono=359533.518260 chunks=132 sequence=247.473s read_wait=0.171s bind_upload=1.522s attention_resident=15.511s expert_read_prefetch=141.800s expert_demand_read=85.104s expert_plan=9.757s expert_hint=0.001s expert_submit=0.001s expert_kernel=86.154s source_fence=0.000s tail_head_sync=2.005s layer_other=0.259s expert_read_gross=132.043s plan_hint=9.599s plan_sched=0.154s attn_total=18.022s attn_encode=5.317s attn_wait=9.968s attn_drain=2.736s kernel_total=55.848s kernel_host=2.480s kernel_wait=8.258s kernel_drain=45.109s
[attn-split] single: calls=11904 total=10.845s encode=3.962s wait=4.146s drain=2.736s waits=20608 untimed=3326 | wide: calls=744 total=7.177s encode=1.355s wait=5.822s drain=0.000s waits=736 untimed=736 | hint: calls=12512 total=9.909s encode=0.035s wait=9.874s drain=0.000s waits=12748 untimed=12748
[kernel-split] single: calls=12569 total=46.204s encode=1.243s wait=0.679s drain=44.283s waits=13434 untimed=10421 | wide: calls=1574 total=9.643s encode=1.237s wait=7.580s drain=0.826s waits=1574 untimed=0
[kernel-sub] materialize=0.620s moe=9.703s precommit=44.394s rest=1.130s
[metal-cache] calls=21381 zero_copy_wraps=656 copies=0 cache_entries=206 bindless=true
 through
[stats] generated=143 elapsed=266.787s speed=0.5360 token/s (1.866 s/token) chunks=133 committed_rows=184 verify_tx=7 drafts=10/26 layer_passes=12369 expert_rows=17112 expert_tiles=12784
[verify-width] w1=0 w2=5 w3=0 w4=0 w5=0 w6=0 w7=0 w8+=2              (w1 share 0.0% of 7 transactions)
[opens] expert file opens=552964 total=8.419s mean=0.015ms requested_bytes=5763065789632 (5763.1 GB)
[arrival] tiles=1075 waves=2162 uncovered_wait=36.837s dispatch=9.083s
[retain] enabled=false cap_gb=8 layers=63..=92 consults=0 wanted=0 hits=0 inserts=0 served=0.0MB
[summer] enabled=false cap_gb=8 sample=16 consults=0 wanted=0 hits=0 hit_rate=0.0% misses=0 inserts=0 evictions=0 recycled=0 allocs=0 pin_skips=0 gated=0 ramp=2..50 bar=0 suppressed=0 wide_skips=0 served=0.0MB copied=0.0MB ssd_avoided=0.0GB live=0/0.0GB model=0 protected=0 declined=0 topup_suppressed=0 aged=0 into=0/0/0 pending=0
[mirror-split] internal=0 K3C=0 K3B=0 K3A=0  shares=0%/0%/0%/0%
[phases] mono=359535.051792 chunks=133 sequence=249.005s read_wait=0.171s bind_upload=1.522s attention_resident=15.587s expert_read_prefetch=142.916s expert_demand_read=85.767s expert_plan=9.826s expert_hint=0.001s expert_submit=0.001s expert_kernel=86.479s source_fence=0.000s tail_head_sync=2.018s layer_other=0.260s expert_read_gross=133.089s plan_hint=9.668s plan_sched=0.155s attn_total=18.098s attn_encode=5.337s attn_wait=10.002s attn_drain=2.759s kernel_total=56.164s kernel_host=2.490s kernel_wait=8.263s kernel_drain=45.411s
[attn-split] single: calls=11997 total=10.921s encode=3.982s wait=4.180s drain=2.759s waits=20769 untimed=3357 | wide: calls=744 total=7.177s encode=1.355s wait=5.822s drain=0.000s waits=736 untimed=736 | hint: calls=12604 total=9.978s encode=0.036s wait=9.942s drain=0.000s waits=12839 untimed=12839
[kernel-split] single: calls=12665 total=46.521s encode=1.253s wait=0.683s drain=44.585s waits=13535 untimed=10500 | wide: calls=1574 total=9.643s encode=1.237s wait=7.580s drain=0.826s waits=1574 untimed=0
[kernel-sub] materialize=0.620s moe=9.712s precommit=44.698s rest=1.135s
[metal-cache] calls=21477 zero_copy_wraps=656 copies=0 cache_entries=206 bindless=true
 every
[stats] generated=144 elapsed=268.277s speed=0.5368 token/s (1.863 s/token) chunks=134 committed_rows=185 verify_tx=7 drafts=10/26 layer_passes=12462 expert_rows=17204 expert_tiles=12876
[verify-width] w1=0 w2=5 w3=0 w4=0 w5=0 w6=0 w7=0 w8+=2              (w1 share 0.0% of 7 transactions)
[opens] expert file opens=556875 total=8.472s mean=0.015ms requested_bytes=5797353209024 (5797.4 GB)
[arrival] tiles=1076 waves=2168 uncovered_wait=36.844s dispatch=9.096s
[retain] enabled=false cap_gb=8 layers=63..=92 consults=0 wanted=0 hits=0 inserts=0 served=0.0MB
[summer] enabled=false cap_gb=8 sample=16 consults=0 wanted=0 hits=0 hit_rate=0.0% misses=0 inserts=0 evictions=0 recycled=0 allocs=0 pin_skips=0 gated=0 ramp=2..50 bar=0 suppressed=0 wide_skips=0 served=0.0MB copied=0.0MB ssd_avoided=0.0GB live=0/0.0GB model=0 protected=0 declined=0 topup_suppressed=0 aged=0 into=0/0/0 pending=0
[mirror-split] internal=0 K3C=0 K3B=0 K3A=0  shares=0%/0%/0%/0%
[phases] mono=359536.541840 chunks=134 sequence=250.494s read_wait=0.171s bind_upload=1.522s attention_resident=15.660s expert_read_prefetch=143.972s expert_demand_read=86.376s expert_plan=9.910s expert_hint=0.001s expert_submit=0.001s expert_kernel=86.822s source_fence=0.000s tail_head_sync=2.033s layer_other=0.261s expert_read_gross=134.062s plan_hint=9.751s plan_sched=0.156s attn_total=18.170s attn_encode=5.359s attn_wait=10.033s attn_drain=2.778s kernel_total=56.500s kernel_host=2.501s kernel_wait=8.268s kernel_drain=45.730s
[attn-split] single: calls=12090 total=10.993s encode=4.004s wait=4.211s drain=2.778s waits=20930 untimed=3379 | wide: calls=744 total=7.177s encode=1.355s wait=5.822s drain=0.000s waits=736 untimed=736 | hint: calls=12696 total=10.060s encode=0.036s wait=10.024s drain=0.000s waits=12930 untimed=12930
[kernel-split] single: calls=12762 total=46.857s encode=1.264s wait=0.689s drain=44.904s waits=13638 untimed=10583 | wide: calls=1574 total=9.643s encode=1.237s wait=7.580s drain=0.826s waits=1574 untimed=0
[kernel-sub] materialize=0.620s moe=9.725s precommit=45.016s rest=1.139s
[metal-cache] calls=21574 zero_copy_wraps=656 copies=0 cache_entries=206 bindless=true
 parameter
[stats] generated=145 elapsed=269.753s speed=0.5375 token/s (1.860 s/token) chunks=135 committed_rows=186 verify_tx=7 drafts=10/26 layer_passes=12555 expert_rows=17296 expert_tiles=12968
[verify-width] w1=0 w2=5 w3=0 w4=0 w5=0 w6=0 w7=0 w8+=2              (w1 share 0.0% of 7 transactions)
[opens] expert file opens=560713 total=8.523s mean=0.015ms requested_bytes=5831017708736 (5831.0 GB)
[arrival] tiles=1077 waves=2174 uncovered_wait=36.858s dispatch=9.106s
[retain] enabled=false cap_gb=8 layers=63..=92 consults=0 wanted=0 hits=0 inserts=0 served=0.0MB
[summer] enabled=false cap_gb=8 sample=16 consults=0 wanted=0 hits=0 hit_rate=0.0% misses=0 inserts=0 evictions=0 recycled=0 allocs=0 pin_skips=0 gated=0 ramp=2..50 bar=0 suppressed=0 wide_skips=0 served=0.0MB copied=0.0MB ssd_avoided=0.0GB live=0/0.0GB model=0 protected=0 declined=0 topup_suppressed=0 aged=0 into=0/0/0 pending=0
[mirror-split] internal=0 K3C=0 K3B=0 K3A=0  shares=0%/0%/0%/0%
[phases] mono=359538.018048 chunks=135 sequence=251.969s read_wait=0.171s bind_upload=1.522s attention_resident=15.749s expert_read_prefetch=144.972s expert_demand_read=87.038s expert_plan=9.982s expert_hint=0.001s expert_submit=0.001s expert_kernel=87.190s source_fence=0.000s tail_head_sync=2.050s layer_other=0.263s expert_read_gross=134.990s plan_hint=9.821s plan_sched=0.157s attn_total=18.259s attn_encode=5.395s attn_wait=10.068s attn_drain=2.796s kernel_total=56.854s kernel_host=2.511s kernel_wait=8.273s kernel_drain=46.070s
[attn-split] single: calls=12183 total=11.082s encode=4.040s wait=4.246s drain=2.796s waits=21091 untimed=3409 | wide: calls=744 total=7.177s encode=1.355s wait=5.822s drain=0.000s waits=736 untimed=736 | hint: calls=12788 total=10.130s encode=0.036s wait=10.094s drain=0.000s waits=13021 untimed=13021
[kernel-split] single: calls=12859 total=47.211s encode=1.274s wait=0.693s drain=45.244s waits=13741 untimed=10663 | wide: calls=1574 total=9.643s encode=1.237s wait=7.580s drain=0.826s waits=1574 untimed=0
[kernel-sub] materialize=0.620s moe=9.734s precommit=45.356s rest=1.144s
[metal-cache] calls=21671 zero_copy_wraps=656 copies=0 cache_entries=206 bindless=true
.
[stats] generated=146 elapsed=271.216s speed=0.5383 token/s (1.858 s/token) chunks=136 committed_rows=187 verify_tx=7 drafts=10/26 layer_passes=12648 expert_rows=17388 expert_tiles=13060
[verify-width] w1=0 w2=5 w3=0 w4=0 w5=0 w6=0 w7=0 w8+=2              (w1 share 0.0% of 7 transactions)
[opens] expert file opens=564658 total=8.575s mean=0.015ms requested_bytes=5865612197056 (5865.6 GB)
[arrival] tiles=1078 waves=2178 uncovered_wait=36.868s dispatch=9.112s
[retain] enabled=false cap_gb=8 layers=63..=92 consults=0 wanted=0 hits=0 inserts=0 served=0.0MB
[summer] enabled=false cap_gb=8 sample=16 consults=0 wanted=0 hits=0 hit_rate=0.0% misses=0 inserts=0 evictions=0 recycled=0 allocs=0 pin_skips=0 gated=0 ramp=2..50 bar=0 suppressed=0 wide_skips=0 served=0.0MB copied=0.0MB ssd_avoided=0.0GB live=0/0.0GB model=0 protected=0 declined=0 topup_suppressed=0 aged=0 into=0/0/0 pending=0
[mirror-split] internal=0 K3C=0 K3B=0 K3A=0  shares=0%/0%/0%/0%
[phases] mono=359539.480784 chunks=136 sequence=253.430s read_wait=0.171s bind_upload=1.522s attention_resident=15.817s expert_read_prefetch=145.963s expert_demand_read=87.620s expert_plan=10.058s expert_hint=0.001s expert_submit=0.001s expert_kernel=87.574s source_fence=0.000s tail_head_sync=2.067s layer_other=0.264s expert_read_gross=135.905s plan_hint=9.896s plan_sched=0.159s attn_total=18.326s attn_encode=5.416s attn_wait=10.097s attn_drain=2.813s kernel_total=57.227s kernel_host=2.520s kernel_wait=8.276s kernel_drain=46.431s
[attn-split] single: calls=12276 total=11.149s encode=4.061s wait=4.275s drain=2.813s waits=21252 untimed=3436 | wide: calls=744 total=7.177s encode=1.355s wait=5.822s drain=0.000s waits=736 untimed=736 | hint: calls=12880 total=10.206s encode=0.036s wait=10.170s drain=0.000s waits=13112 untimed=13112
[kernel-split] single: calls=12954 total=47.583s encode=1.282s wait=0.696s drain=45.605s waits=13840 untimed=10743 | wide: calls=1574 total=9.643s encode=1.237s wait=7.580s drain=0.826s waits=1574 untimed=0
[kernel-sub] materialize=0.620s moe=9.739s precommit=45.719s rest=1.148s
[metal-cache] calls=21766 zero_copy_wraps=656 copies=0 cache_entries=206 bindless=true
 In
[stats] generated=147 elapsed=272.730s speed=0.5390 token/s (1.855 s/token) chunks=137 committed_rows=188 verify_tx=7 drafts=10/26 layer_passes=12741 expert_rows=17480 expert_tiles=13152
[verify-width] w1=0 w2=5 w3=0 w4=0 w5=0 w6=0 w7=0 w8+=2              (w1 share 0.0% of 7 transactions)
[opens] expert file opens=568679 total=8.630s mean=0.015ms requested_bytes=5900864732352 (5900.9 GB)
[arrival] tiles=1079 waves=2184 uncovered_wait=36.882s dispatch=9.119s
[retain] enabled=false cap_gb=8 layers=63..=92 consults=0 wanted=0 hits=0 inserts=0 served=0.0MB
[summer] enabled=false cap_gb=8 sample=16 consults=0 wanted=0 hits=0 hit_rate=0.0% misses=0 inserts=0 evictions=0 recycled=0 allocs=0 pin_skips=0 gated=0 ramp=2..50 bar=0 suppressed=0 wide_skips=0 served=0.0MB copied=0.0MB ssd_avoided=0.0GB live=0/0.0GB model=0 protected=0 declined=0 topup_suppressed=0 aged=0 into=0/0/0 pending=0
[mirror-split] internal=0 K3C=0 K3B=0 K3A=0  shares=0%/0%/0%/0%
[phases] mono=359540.995338 chunks=137 sequence=254.943s read_wait=0.171s bind_upload=1.522s attention_resident=15.888s expert_read_prefetch=147.041s expert_demand_read=88.255s expert_plan=10.131s expert_hint=0.001s expert_submit=0.001s expert_kernel=87.920s source_fence=0.000s tail_head_sync=2.083s layer_other=0.265s expert_read_gross=136.909s plan_hint=9.968s plan_sched=0.160s attn_total=18.398s attn_encode=5.438s attn_wait=10.123s attn_drain=2.837s kernel_total=57.560s kernel_host=2.528s kernel_wait=8.279s kernel_drain=46.753s
[attn-split] single: calls=12369 total=11.221s encode=4.083s wait=4.301s drain=2.837s waits=21413 untimed=3463 | wide: calls=744 total=7.177s encode=1.355s wait=5.822s drain=0.000s waits=736 untimed=736 | hint: calls=12972 total=10.277s encode=0.036s wait=10.241s drain=0.000s waits=13203 untimed=13203
[kernel-split] single: calls=13051 total=47.917s encode=1.290s wait=0.700s drain=45.927s waits=13943 untimed=10824 | wide: calls=1574 total=9.643s encode=1.237s wait=7.580s drain=0.826s waits=1574 untimed=0
[kernel-sub] materialize=0.620s moe=9.746s precommit=46.041s rest=1.153s
[metal-cache] calls=21863 zero_copy_wraps=656 copies=0 cache_entries=206 bindless=true
 an
[stats] generated=148 elapsed=274.253s speed=0.5396 token/s (1.853 s/token) chunks=138 committed_rows=189 verify_tx=7 drafts=10/26 layer_passes=12834 expert_rows=17572 expert_tiles=13244
[verify-width] w1=0 w2=5 w3=0 w4=0 w5=0 w6=0 w7=0 w8+=2              (w1 share 0.0% of 7 transactions)
[opens] expert file opens=572653 total=8.684s mean=0.015ms requested_bytes=5935783804096 (5935.8 GB)
[arrival] tiles=1080 waves=2191 uncovered_wait=36.897s dispatch=9.128s
[retain] enabled=false cap_gb=8 layers=63..=92 consults=0 wanted=0 hits=0 inserts=0 served=0.0MB
[summer] enabled=false cap_gb=8 sample=16 consults=0 wanted=0 hits=0 hit_rate=0.0% misses=0 inserts=0 evictions=0 recycled=0 allocs=0 pin_skips=0 gated=0 ramp=2..50 bar=0 suppressed=0 wide_skips=0 served=0.0MB copied=0.0MB ssd_avoided=0.0GB live=0/0.0GB model=0 protected=0 declined=0 topup_suppressed=0 aged=0 into=0/0/0 pending=0
[mirror-split] internal=0 K3C=0 K3B=0 K3A=0  shares=0%/0%/0%/0%
[phases] mono=359542.518476 chunks=138 sequence=256.465s read_wait=0.171s bind_upload=1.522s attention_resident=15.964s expert_read_prefetch=148.088s expert_demand_read=88.934s expert_plan=10.208s expert_hint=0.001s expert_submit=0.001s expert_kernel=88.305s source_fence=0.000s tail_head_sync=2.096s layer_other=0.267s expert_read_gross=137.880s plan_hint=10.044s plan_sched=0.161s attn_total=18.473s attn_encode=5.460s attn_wait=10.162s attn_drain=2.851s kernel_total=57.929s kernel_host=2.537s kernel_wait=8.285s kernel_drain=47.107s
[attn-split] single: calls=12462 total=11.296s encode=4.105s wait=4.340s drain=2.851s waits=21574 untimed=3490 | wide: calls=744 total=7.177s encode=1.355s wait=5.822s drain=0.000s waits=736 untimed=736 | hint: calls=13064 total=10.353s encode=0.037s wait=10.316s drain=0.000s waits=13294 untimed=13294
[kernel-split] single: calls=13149 total=48.285s encode=1.299s wait=0.705s drain=46.281s waits=14048 untimed=10912 | wide: calls=1574 total=9.643s encode=1.237s wait=7.580s drain=0.826s waits=1574 untimed=0
[kernel-sub] materialize=0.620s moe=9.756s precommit=46.396s rest=1.157s
[metal-cache] calls=21961 zero_copy_wraps=656 copies=0 cache_entries=206 bindless=true
 Mo
[stats] generated=149 elapsed=275.822s speed=0.5402 token/s (1.851 s/token) chunks=139 committed_rows=190 verify_tx=7 drafts=10/26 layer_passes=12927 expert_rows=17664 expert_tiles=13336
[verify-width] w1=0 w2=5 w3=0 w4=0 w5=0 w6=0 w7=0 w8+=2              (w1 share 0.0% of 7 transactions)
[opens] expert file opens=576832 total=8.746s mean=0.015ms requested_bytes=5972466416832 (5972.5 GB)
[arrival] tiles=1081 waves=2196 uncovered_wait=36.907s dispatch=9.135s
[retain] enabled=false cap_gb=8 layers=63..=92 consults=0 wanted=0 hits=0 inserts=0 served=0.0MB
[summer] enabled=false cap_gb=8 sample=16 consults=0 wanted=0 hits=0 hit_rate=0.0% misses=0 inserts=0 evictions=0 recycled=0 allocs=0 pin_skips=0 gated=0 ramp=2..50 bar=0 suppressed=0 wide_skips=0 served=0.0MB copied=0.0MB ssd_avoided=0.0GB live=0/0.0GB model=0 protected=0 declined=0 topup_suppressed=0 aged=0 into=0/0/0 pending=0
[mirror-split] internal=0 K3C=0 K3B=0 K3A=0  shares=0%/0%/0%/0%
[phases] mono=359544.087282 chunks=139 sequence=258.032s read_wait=0.171s bind_upload=1.522s attention_resident=16.056s expert_read_prefetch=149.176s expert_demand_read=89.604s expert_plan=10.282s expert_hint=0.001s expert_submit=0.001s expert_kernel=88.675s source_fence=0.000s tail_head_sync=2.112s layer_other=0.268s expert_read_gross=138.893s plan_hint=10.117s plan_sched=0.162s attn_total=18.565s attn_encode=5.496s attn_wait=10.195s attn_drain=2.874s kernel_total=58.289s kernel_host=2.545s kernel_wait=8.289s kernel_drain=47.455s
[attn-split] single: calls=12555 total=11.388s encode=4.141s wait=4.373s drain=2.874s waits=21735 untimed=3514 | wide: calls=744 total=7.177s encode=1.355s wait=5.822s drain=0.000s waits=736 untimed=736 | hint: calls=13156 total=10.426s encode=0.037s wait=10.389s drain=0.000s waits=13385 untimed=13385
[kernel-split] single: calls=13245 total=48.646s encode=1.308s wait=0.710s drain=46.629s waits=14149 untimed=10996 | wide: calls=1574 total=9.643s encode=1.237s wait=7.580s drain=0.826s waits=1574 untimed=0
[kernel-sub] materialize=0.620s moe=9.763s precommit=46.744s rest=1.162s
[metal-cache] calls=22057 zero_copy_wraps=656 copies=0 cache_entries=206 bindless=true
[route-chain] chained=8970
[route-chain] dedup_hits=8970
E
[stats] generated=150 elapsed=277.316s speed=0.5409 token/s (1.849 s/token) chunks=140 committed_rows=191 verify_tx=7 drafts=10/26 layer_passes=13020 expert_rows=17756 expert_tiles=13428
[verify-width] w1=0 w2=5 w3=0 w4=0 w5=0 w6=0 w7=0 w8+=2              (w1 share 0.0% of 7 transactions)
[opens] expert file opens=580805 total=8.805s mean=0.015ms requested_bytes=6007280270528 (6007.3 GB)
[arrival] tiles=1082 waves=2204 uncovered_wait=36.917s dispatch=9.145s
[retain] enabled=false cap_gb=8 layers=63..=92 consults=0 wanted=0 hits=0 inserts=0 served=0.0MB
[summer] enabled=false cap_gb=8 sample=16 consults=0 wanted=0 hits=0 hit_rate=0.0% misses=0 inserts=0 evictions=0 recycled=0 allocs=0 pin_skips=0 gated=0 ramp=2..50 bar=0 suppressed=0 wide_skips=0 served=0.0MB copied=0.0MB ssd_avoided=0.0GB live=0/0.0GB model=0 protected=0 declined=0 topup_suppressed=0 aged=0 into=0/0/0 pending=0
[mirror-split] internal=0 K3C=0 K3B=0 K3A=0  shares=0%/0%/0%/0%
[phases] mono=359545.580766 chunks=140 sequence=259.525s read_wait=0.171s bind_upload=1.522s attention_resident=16.143s expert_read_prefetch=150.209s expert_demand_read=90.240s expert_plan=10.357s expert_hint=0.001s expert_submit=0.001s expert_kernel=89.032s source_fence=0.000s tail_head_sync=2.125s layer_other=0.270s expert_read_gross=139.852s plan_hint=10.190s plan_sched=0.163s attn_total=18.652s attn_encode=5.520s attn_wait=10.240s attn_drain=2.893s kernel_total=58.636s kernel_host=2.555s kernel_wait=8.296s kernel_drain=47.785s
[attn-split] single: calls=12648 total=11.475s encode=4.165s wait=4.418s drain=2.893s waits=21896 untimed=3536 | wide: calls=744 total=7.177s encode=1.355s wait=5.822s drain=0.000s waits=736 untimed=736 | hint: calls=13248 total=10.500s encode=0.037s wait=10.462s drain=0.000s waits=13476 untimed=13476
[kernel-split] single: calls=13344 total=48.993s encode=1.317s wait=0.716s drain=46.959s waits=14256 untimed=11081 | wide: calls=1574 total=9.643s encode=1.237s wait=7.580s drain=0.826s waits=1574 untimed=0
[kernel-sub] materialize=0.620s moe=9.773s precommit=47.077s rest=1.166s
[metal-cache] calls=22156 zero_copy_wraps=656 copies=0 cache_entries=206 bindless=true
 architecture
[stats] generated=151 elapsed=278.869s speed=0.5415 token/s (1.847 s/token) chunks=141 committed_rows=192 verify_tx=7 drafts=10/26 layer_passes=13113 expert_rows=17848 expert_tiles=13520
[verify-width] w1=0 w2=5 w3=0 w4=0 w5=0 w6=0 w7=0 w8+=2              (w1 share 0.0% of 7 transactions)
[opens] expert file opens=584874 total=8.860s mean=0.015ms requested_bytes=6042927611072 (6042.9 GB)
[arrival] tiles=1083 waves=2212 uncovered_wait=36.935s dispatch=9.153s
[retain] enabled=false cap_gb=8 layers=63..=92 consults=0 wanted=0 hits=0 inserts=0 served=0.0MB
[summer] enabled=false cap_gb=8 sample=16 consults=0 wanted=0 hits=0 hit_rate=0.0% misses=0 inserts=0 evictions=0 recycled=0 allocs=0 pin_skips=0 gated=0 ramp=2..50 bar=0 suppressed=0 wide_skips=0 served=0.0MB copied=0.0MB ssd_avoided=0.0GB live=0/0.0GB model=0 protected=0 declined=0 topup_suppressed=0 aged=0 into=0/0/0 pending=0
[mirror-split] internal=0 K3C=0 K3B=0 K3A=0  shares=0%/0%/0%/0%
[phases] mono=359547.134136 chunks=141 sequence=261.077s read_wait=0.171s bind_upload=1.522s attention_resident=16.217s expert_read_prefetch=151.305s expert_demand_read=90.864s expert_plan=10.427s expert_hint=0.001s expert_submit=0.001s expert_kernel=89.397s source_fence=0.000s tail_head_sync=2.142s layer_other=0.271s expert_read_gross=140.878s plan_hint=10.260s plan_sched=0.164s attn_total=18.726s attn_encode=5.540s attn_wait=10.268s attn_drain=2.917s kernel_total=58.982s kernel_host=2.564s kernel_wait=8.300s kernel_drain=48.119s
[attn-split] single: calls=12741 total=11.548s encode=4.185s wait=4.447s drain=2.917s waits=22057 untimed=3561 | wide: calls=744 total=7.177s encode=1.355s wait=5.822s drain=0.000s waits=736 untimed=736 | hint: calls=13340 total=10.569s encode=0.037s wait=10.531s drain=0.000s waits=13567 untimed=13567
[kernel-split] single: calls=13443 total=49.339s encode=1.326s wait=0.720s drain=47.293s waits=14363 untimed=11164 | wide: calls=1574 total=9.643s encode=1.237s wait=7.580s drain=0.826s waits=1574 untimed=0
[kernel-sub] materialize=0.620s moe=9.780s precommit=47.411s rest=1.171s
[metal-cache] calls=22255 zero_copy_wraps=656 copies=0 cache_entries=206 bindless=true
:


[stats] generated=152 elapsed=280.337s speed=0.5422 token/s (1.844 s/token) chunks=142 committed_rows=193 verify_tx=7 drafts=10/26 layer_passes=13206 expert_rows=17940 expert_tiles=13612
[verify-width] w1=0 w2=5 w3=0 w4=0 w5=0 w6=0 w7=0 w8+=2              (w1 share 0.0% of 7 transactions)
[opens] expert file opens=588803 total=8.919s mean=0.015ms requested_bytes=6077355424960 (6077.4 GB)
[arrival] tiles=1084 waves=2217 uncovered_wait=36.946s dispatch=9.166s
[retain] enabled=false cap_gb=8 layers=63..=92 consults=0 wanted=0 hits=0 inserts=0 served=0.0MB
[summer] enabled=false cap_gb=8 sample=16 consults=0 wanted=0 hits=0 hit_rate=0.0% misses=0 inserts=0 evictions=0 recycled=0 allocs=0 pin_skips=0 gated=0 ramp=2..50 bar=0 suppressed=0 wide_skips=0 served=0.0MB copied=0.0MB ssd_avoided=0.0GB live=0/0.0GB model=0 protected=0 declined=0 topup_suppressed=0 aged=0 into=0/0/0 pending=0
[mirror-split] internal=0 K3C=0 K3B=0 K3A=0  shares=0%/0%/0%/0%
[phases] mono=359548.602043 chunks=142 sequence=262.544s read_wait=0.171s bind_upload=1.522s attention_resident=16.293s expert_read_prefetch=152.330s expert_demand_read=91.475s expert_plan=10.505s expert_hint=0.001s expert_submit=0.001s expert_kernel=89.744s source_fence=0.000s tail_head_sync=2.158s layer_other=0.273s expert_read_gross=141.824s plan_hint=10.337s plan_sched=0.165s attn_total=18.802s attn_encode=5.566s attn_wait=10.299s attn_drain=2.937s kernel_total=59.318s kernel_host=2.575s kernel_wait=8.306s kernel_drain=48.438s
[attn-split] single: calls=12834 total=11.624s encode=4.210s wait=4.477s drain=2.937s waits=22218 untimed=3585 | wide: calls=744 total=7.177s encode=1.355s wait=5.822s drain=0.000s waits=736 untimed=736 | hint: calls=13432 total=10.646s encode=0.038s wait=10.608s drain=0.000s waits=13658 untimed=13658
[kernel-split] single: calls=13539 total=49.675s encode=1.338s wait=0.726s drain=47.611s waits=14464 untimed=11234 | wide: calls=1574 total=9.643s encode=1.237s wait=7.580s drain=0.826s waits=1574 untimed=0
[kernel-sub] materialize=0.620s moe=9.793s precommit=47.730s rest=1.175s
[metal-cache] calls=22351 zero_copy_wraps=656 copies=0 cache_entries=206 bindless=true
1
[stats] generated=153 elapsed=281.819s speed=0.5429 token/s (1.842 s/token) chunks=143 committed_rows=194 verify_tx=7 drafts=10/26 layer_passes=13299 expert_rows=18032 expert_tiles=13704
[verify-width] w1=0 w2=5 w3=0 w4=0 w5=0 w6=0 w7=0 w8+=2              (w1 share 0.0% of 7 transactions)
[opens] expert file opens=592756 total=8.975s mean=0.015ms requested_bytes=6112028884160 (6112.0 GB)
[arrival] tiles=1085 waves=2222 uncovered_wait=36.956s dispatch=9.173s
[retain] enabled=false cap_gb=8 layers=63..=92 consults=0 wanted=0 hits=0 inserts=0 served=0.0MB
[summer] enabled=false cap_gb=8 sample=16 consults=0 wanted=0 hits=0 hit_rate=0.0% misses=0 inserts=0 evictions=0 recycled=0 allocs=0 pin_skips=0 gated=0 ramp=2..50 bar=0 suppressed=0 wide_skips=0 served=0.0MB copied=0.0MB ssd_avoided=0.0GB live=0/0.0GB model=0 protected=0 declined=0 topup_suppressed=0 aged=0 into=0/0/0 pending=0
[mirror-split] internal=0 K3C=0 K3B=0 K3A=0  shares=0%/0%/0%/0%
[phases] mono=359550.084420 chunks=143 sequence=264.025s read_wait=0.171s bind_upload=1.522s attention_resident=16.396s expert_read_prefetch=153.330s expert_demand_read=92.060s expert_plan=10.576s expert_hint=0.001s expert_submit=0.001s expert_kernel=90.104s source_fence=0.000s tail_head_sync=2.175s layer_other=0.274s expert_read_gross=142.753s plan_hint=10.407s plan_sched=0.166s attn_total=18.904s attn_encode=5.606s attn_wait=10.336s attn_drain=2.963s kernel_total=59.668s kernel_host=2.584s kernel_wait=8.310s kernel_drain=48.774s
[attn-split] single: calls=12927 total=11.727s encode=4.250s wait=4.514s drain=2.963s waits=22379 untimed=3605 | wide: calls=744 total=7.177s encode=1.355s wait=5.822s drain=0.000s waits=736 untimed=736 | hint: calls=13524 total=10.716s encode=0.038s wait=10.678s drain=0.000s waits=13749 untimed=13749
[kernel-split] single: calls=13635 total=50.025s encode=1.346s wait=0.730s drain=47.948s waits=14565 untimed=11314 | wide: calls=1574 total=9.643s encode=1.237s wait=7.580s drain=0.826s waits=1574 untimed=0
[kernel-sub] materialize=0.620s moe=9.800s precommit=48.068s rest=1.180s
[metal-cache] calls=22447 zero_copy_wraps=656 copies=0 cache_entries=206 bindless=true
.
[stats] generated=154 elapsed=283.343s speed=0.5435 token/s (1.840 s/token) chunks=144 committed_rows=195 verify_tx=7 drafts=10/26 layer_passes=13392 expert_rows=18124 expert_tiles=13796
[verify-width] w1=0 w2=5 w3=0 w4=0 w5=0 w6=0 w7=0 w8+=2              (w1 share 0.0% of 7 transactions)
[opens] expert file opens=596755 total=9.032s mean=0.015ms requested_bytes=6147105930432 (6147.1 GB)
[arrival] tiles=1086 waves=2228 uncovered_wait=36.966s dispatch=9.180s
[retain] enabled=false cap_gb=8 layers=63..=92 consults=0 wanted=0 hits=0 inserts=0 served=0.0MB
[summer] enabled=false cap_gb=8 sample=16 consults=0 wanted=0 hits=0 hit_rate=0.0% misses=0 inserts=0 evictions=0 recycled=0 allocs=0 pin_skips=0 gated=0 ramp=2..50 bar=0 suppressed=0 wide_skips=0 served=0.0MB copied=0.0MB ssd_avoided=0.0GB live=0/0.0GB model=0 protected=0 declined=0 topup_suppressed=0 aged=0 into=0/0/0 pending=0
[mirror-split] internal=0 K3C=0 K3B=0 K3A=0  shares=0%/0%/0%/0%
[phases] mono=359551.608314 chunks=144 sequence=265.548s read_wait=0.171s bind_upload=1.522s attention_resident=16.479s expert_read_prefetch=154.426s expert_demand_read=92.721s expert_plan=10.648s expert_hint=0.001s expert_submit=0.001s expert_kernel=90.428s source_fence=0.000s tail_head_sync=2.192s layer_other=0.276s expert_read_gross=143.778s plan_hint=10.478s plan_sched=0.167s attn_total=18.988s attn_encode=5.630s attn_wait=10.364s attn_drain=2.994s kernel_total=59.982s kernel_host=2.593s kernel_wait=8.313s kernel_drain=49.077s
[attn-split] single: calls=13020 total=11.811s encode=4.275s wait=4.542s drain=2.994s waits=22540 untimed=3636 | wide: calls=744 total=7.177s encode=1.355s wait=5.822s drain=0.000s waits=736 untimed=736 | hint: calls=13616 total=10.787s encode=0.038s wait=10.749s drain=0.000s waits=13840 untimed=13840
[kernel-split] single: calls=13732 total=50.339s encode=1.355s wait=0.733s drain=48.250s waits=14668 untimed=11395 | wide: calls=1574 total=9.643s encode=1.237s wait=7.580s drain=0.826s waits=1574 untimed=0
[kernel-sub] materialize=0.620s moe=9.807s precommit=48.371s rest=1.184s
[metal-cache] calls=22544 zero_copy_wraps=656 copies=0 cache_entries=206 bindless=true
 
[stats] generated=155 elapsed=284.965s speed=0.5439 token/s (1.838 s/token) chunks=145 committed_rows=196 verify_tx=7 drafts=10/26 layer_passes=13485 expert_rows=18216 expert_tiles=13888
[verify-width] w1=0 w2=5 w3=0 w4=0 w5=0 w6=0 w7=0 w8+=2              (w1 share 0.0% of 7 transactions)
[opens] expert file opens=600898 total=9.085s mean=0.015ms requested_bytes=6183446363328 (6183.4 GB)
[arrival] tiles=1087 waves=2236 uncovered_wait=36.981s dispatch=9.189s
[retain] enabled=false cap_gb=8 layers=63..=92 consults=0 wanted=0 hits=0 inserts=0 served=0.0MB
[summer] enabled=false cap_gb=8 sample=16 consults=0 wanted=0 hits=0 hit_rate=0.0% misses=0 inserts=0 evictions=0 recycled=0 allocs=0 pin_skips=0 gated=0 ramp=2..50 bar=0 suppressed=0 wide_skips=0 served=0.0MB copied=0.0MB ssd_avoided=0.0GB live=0/0.0GB model=0 protected=0 declined=0 topup_suppressed=0 aged=0 into=0/0/0 pending=0
[mirror-split] internal=0 K3C=0 K3B=0 K3A=0  shares=0%/0%/0%/0%
[phases] mono=359553.229935 chunks=145 sequence=267.168s read_wait=0.171s bind_upload=1.522s attention_resident=16.551s expert_read_prefetch=155.590s expert_demand_read=93.388s expert_plan=10.724s expert_hint=0.001s expert_submit=0.001s expert_kernel=90.795s source_fence=0.000s tail_head_sync=2.208s layer_other=0.277s expert_read_gross=144.866s plan_hint=10.553s plan_sched=0.168s attn_total=19.059s attn_encode=5.652s attn_wait=10.393s attn_drain=3.014s kernel_total=60.334s kernel_host=2.602s kernel_wait=8.318s kernel_drain=49.414s
[attn-split] single: calls=13113 total=11.882s encode=4.296s wait=4.571s drain=3.014s waits=22701 untimed=3665 | wide: calls=744 total=7.177s encode=1.355s wait=5.822s drain=0.000s waits=736 untimed=736 | hint: calls=13708 total=10.862s encode=0.038s wait=10.823s drain=0.000s waits=13931 untimed=13931
[kernel-split] single: calls=13831 total=50.691s encode=1.364s wait=0.739s drain=48.588s waits=14775 untimed=11477 | wide: calls=1574 total=9.643s encode=1.237s wait=7.580s drain=0.826s waits=1574 untimed=0
[kernel-sub] materialize=0.620s moe=9.815s precommit=48.710s rest=1.189s
[metal-cache] calls=22643 zero_copy_wraps=656 copies=0 cache_entries=206 bindless=true
 **
[stats] generated=156 elapsed=286.540s speed=0.5444 token/s (1.837 s/token) chunks=146 committed_rows=197 verify_tx=7 drafts=10/26 layer_passes=13578 expert_rows=18308 expert_tiles=13980
[verify-width] w1=0 w2=5 w3=0 w4=0 w5=0 w6=0 w7=0 w8+=2              (w1 share 0.0% of 7 transactions)
[opens] expert file opens=604946 total=9.142s mean=0.015ms requested_bytes=6218962074816 (6219.0 GB)
[arrival] tiles=1088 waves=2244 uncovered_wait=36.991s dispatch=9.201s
[retain] enabled=false cap_gb=8 layers=63..=92 consults=0 wanted=0 hits=0 inserts=0 served=0.0MB
[summer] enabled=false cap_gb=8 sample=16 consults=0 wanted=0 hits=0 hit_rate=0.0% misses=0 inserts=0 evictions=0 recycled=0 allocs=0 pin_skips=0 gated=0 ramp=2..50 bar=0 suppressed=0 wide_skips=0 served=0.0MB copied=0.0MB ssd_avoided=0.0GB live=0/0.0GB model=0 protected=0 declined=0 topup_suppressed=0 aged=0 into=0/0/0 pending=0
[mirror-split] internal=0 K3C=0 K3B=0 K3A=0  shares=0%/0%/0%/0%
[phases] mono=359554.805472 chunks=146 sequence=268.743s read_wait=0.171s bind_upload=1.522s attention_resident=16.624s expert_read_prefetch=156.687s expert_demand_read=94.046s expert_plan=10.801s expert_hint=0.001s expert_submit=0.001s expert_kernel=91.181s source_fence=0.000s tail_head_sync=2.225s layer_other=0.279s expert_read_gross=145.886s plan_hint=10.628s plan_sched=0.169s attn_total=19.132s attn_encode=5.676s attn_wait=10.424s attn_drain=3.032s kernel_total=60.710s kernel_host=2.612s kernel_wait=8.326s kernel_drain=49.773s
[attn-split] single: calls=13206 total=11.955s encode=4.321s wait=4.602s drain=3.032s waits=22862 untimed=3686 | wide: calls=744 total=7.177s encode=1.355s wait=5.822s drain=0.000s waits=736 untimed=736 | hint: calls=13800 total=10.937s encode=0.039s wait=10.898s drain=0.000s waits=14022 untimed=14022
[kernel-split] single: calls=13930 total=51.067s encode=1.375s wait=0.746s drain=48.947s waits=14882 untimed=11564 | wide: calls=1574 total=9.643s encode=1.237s wait=7.580s drain=0.826s waits=1574 untimed=0
[kernel-sub] materialize=0.620s moe=9.827s precommit=49.070s rest=1.193s
[metal-cache] calls=22742 zero_copy_wraps=656 copies=0 cache_entries=206 bindless=true
Experts
[stats] generated=157 elapsed=288.040s speed=0.5451 token/s (1.835 s/token) chunks=147 committed_rows=198 verify_tx=7 drafts=10/26 layer_passes=13671 expert_rows=18400 expert_tiles=14072
[verify-width] w1=0 w2=5 w3=0 w4=0 w5=0 w6=0 w7=0 w8+=2              (w1 share 0.0% of 7 transactions)
[opens] expert file opens=608939 total=9.194s mean=0.015ms requested_bytes=6253968932032 (6254.0 GB)
[arrival] tiles=1089 waves=2251 uncovered_wait=37.005s dispatch=9.208s
[retain] enabled=false cap_gb=8 layers=63..=92 consults=0 wanted=0 hits=0 inserts=0 served=0.0MB
[summer] enabled=false cap_gb=8 sample=16 consults=0 wanted=0 hits=0 hit_rate=0.0% misses=0 inserts=0 evictions=0 recycled=0 allocs=0 pin_skips=0 gated=0 ramp=2..50 bar=0 suppressed=0 wide_skips=0 served=0.0MB copied=0.0MB ssd_avoided=0.0GB live=0/0.0GB model=0 protected=0 declined=0 topup_suppressed=0 aged=0 into=0/0/0 pending=0
[mirror-split] internal=0 K3C=0 K3B=0 K3A=0  shares=0%/0%/0%/0%
[phases] mono=359556.305374 chunks=147 sequence=270.241s read_wait=0.171s bind_upload=1.522s attention_resident=16.716s expert_read_prefetch=157.732s expert_demand_read=94.700s expert_plan=10.869s expert_hint=0.001s expert_submit=0.001s expert_kernel=91.528s source_fence=0.000s tail_head_sync=2.238s layer_other=0.280s expert_read_gross=146.863s plan_hint=10.695s plan_sched=0.170s attn_total=19.225s attn_encode=5.717s attn_wait=10.457s attn_drain=3.050s kernel_total=61.043s kernel_host=2.621s kernel_wait=8.330s kernel_drain=50.092s
[attn-split] single: calls=13299 total=12.047s encode=4.362s wait=4.635s drain=3.050s waits=23023 untimed=3710 | wide: calls=744 total=7.177s encode=1.355s wait=5.822s drain=0.000s waits=736 untimed=736 | hint: calls=13892 total=11.004s encode=0.039s wait=10.965s drain=0.000s waits=14113 untimed=14113
[kernel-split] single: calls=14028 total=51.399s encode=1.383s wait=0.750s drain=49.266s waits=14987 untimed=11654 | wide: calls=1574 total=9.643s encode=1.237s wait=7.580s drain=0.826s waits=1574 untimed=0
[kernel-sub] materialize=0.620s moe=9.834s precommit=49.391s rest=1.198s
[metal-cache] calls=22840 zero_copy_wraps=656 copies=0 cache_entries=206 bindless=true
**:
[stats] generated=158 elapsed=289.800s speed=0.5452 token/s (1.834 s/token) chunks=148 committed_rows=199 verify_tx=7 drafts=10/26 layer_passes=13764 expert_rows=18492 expert_tiles=14164
[verify-width] w1=0 w2=5 w3=0 w4=0 w5=0 w6=0 w7=0 w8+=2              (w1 share 0.0% of 7 transactions)
[opens] expert file opens=612781 total=9.245s mean=0.015ms requested_bytes=6287633464512 (6287.6 GB)
[arrival] tiles=1090 waves=2258 uncovered_wait=37.015s dispatch=9.219s
[retain] enabled=false cap_gb=8 layers=63..=92 consults=0 wanted=0 hits=0 inserts=0 served=0.0MB
[summer] enabled=false cap_gb=8 sample=16 consults=0 wanted=0 hits=0 hit_rate=0.0% misses=0 inserts=0 evictions=0 recycled=0 allocs=0 pin_skips=0 gated=0 ramp=2..50 bar=0 suppressed=0 wide_skips=0 served=0.0MB copied=0.0MB ssd_avoided=0.0GB live=0/0.0GB model=0 protected=0 declined=0 topup_suppressed=0 aged=0 into=0/0/0 pending=0
[mirror-split] internal=0 K3C=0 K3B=0 K3A=0  shares=0%/0%/0%/0%
[phases] mono=359558.064853 chunks=148 sequence=271.999s read_wait=0.171s bind_upload=1.522s attention_resident=16.798s expert_read_prefetch=159.029s expert_demand_read=95.507s expert_plan=10.951s expert_hint=0.001s expert_submit=0.001s expert_kernel=91.891s source_fence=0.000s tail_head_sync=2.253s layer_other=0.281s expert_read_gross=148.077s plan_hint=10.777s plan_sched=0.171s attn_total=19.306s attn_encode=5.747s attn_wait=10.490s attn_drain=3.070s kernel_total=61.396s kernel_host=2.631s kernel_wait=8.336s kernel_drain=50.429s
[attn-split] single: calls=13392 total=12.129s encode=4.392s wait=4.668s drain=3.070s waits=23184 untimed=3741 | wide: calls=744 total=7.177s encode=1.355s wait=5.822s drain=0.000s waits=736 untimed=736 | hint: calls=13984 total=11.086s encode=0.039s wait=11.047s drain=0.000s waits=14204 untimed=14204
[kernel-split] single: calls=14126 total=51.752s encode=1.394s wait=0.756s drain=49.602s waits=15092 untimed=11732 | wide: calls=1574 total=9.643s encode=1.237s wait=7.580s drain=0.826s waits=1574 untimed=0
[kernel-sub] materialize=0.620s moe=9.845s precommit=49.728s rest=1.203s
[metal-cache] calls=22938 zero_copy_wraps=656 copies=0 cache_entries=206 bindless=true
 The
[stats] generated=159 elapsed=291.667s speed=0.5451 token/s (1.834 s/token) chunks=149 committed_rows=200 verify_tx=7 drafts=10/26 layer_passes=13857 expert_rows=18584 expert_tiles=14256
[verify-width] w1=0 w2=5 w3=0 w4=0 w5=0 w6=0 w7=0 w8+=2              (w1 share 0.0% of 7 transactions)
[opens] expert file opens=616622 total=9.304s mean=0.015ms requested_bytes=6321333058752 (6321.3 GB)
[arrival] tiles=1091 waves=2266 uncovered_wait=37.041s dispatch=9.229s
[retain] enabled=false cap_gb=8 layers=63..=92 consults=0 wanted=0 hits=0 inserts=0 served=0.0MB
[summer] enabled=false cap_gb=8 sample=16 consults=0 wanted=0 hits=0 hit_rate=0.0% misses=0 inserts=0 evictions=0 recycled=0 allocs=0 pin_skips=0 gated=0 ramp=2..50 bar=0 suppressed=0 wide_skips=0 served=0.0MB copied=0.0MB ssd_avoided=0.0GB live=0/0.0GB model=0 protected=0 declined=0 topup_suppressed=0 aged=0 into=0/0/0 pending=0
[mirror-split] internal=0 K3C=0 K3B=0 K3A=0  shares=0%/0%/0%/0%
[phases] mono=359559.931890 chunks=149 sequence=273.865s read_wait=0.171s bind_upload=1.522s attention_resident=16.887s expert_read_prefetch=160.387s expert_demand_read=96.318s expert_plan=11.041s expert_hint=0.001s expert_submit=0.001s expert_kernel=92.296s source_fence=0.000s tail_head_sync=2.265s layer_other=0.282s expert_read_gross=149.346s plan_hint=10.865s plan_sched=0.172s attn_total=19.395s attn_encode=5.782s attn_wait=10.522s attn_drain=3.091s kernel_total=61.774s kernel_host=2.642s kernel_wait=8.341s kernel_drain=50.791s
[attn-split] single: calls=13485 total=12.218s encode=4.426s wait=4.700s drain=3.091s waits=23345 untimed=3765 | wide: calls=744 total=7.177s encode=1.355s wait=5.822s drain=0.000s waits=736 untimed=736 | hint: calls=14076 total=11.174s encode=0.039s wait=11.135s drain=0.000s waits=14295 untimed=14295
[kernel-split] single: calls=14225 total=52.130s encode=1.404s wait=0.761s drain=49.965s waits=15199 untimed=11816 | wide: calls=1574 total=9.643s encode=1.237s wait=7.580s drain=0.826s waits=1574 untimed=0
[kernel-sub] materialize=0.620s moe=9.855s precommit=50.090s rest=1.208s
[metal-cache] calls=23037 zero_copy_wraps=656 copies=0 cache_entries=206 bindless=true
 model
[stats] generated=160 elapsed=293.490s speed=0.5452 token/s (1.834 s/token) chunks=150 committed_rows=201 verify_tx=7 drafts=10/26 layer_passes=13950 expert_rows=18676 expert_tiles=14348
[verify-width] w1=0 w2=5 w3=0 w4=0 w5=0 w6=0 w7=0 w8+=2              (w1 share 0.0% of 7 transactions)
[opens] expert file opens=620506 total=9.355s mean=0.015ms requested_bytes=6355366051008 (6355.4 GB)
[arrival] tiles=1092 waves=2274 uncovered_wait=37.056s dispatch=9.242s
[retain] enabled=false cap_gb=8 layers=63..=92 consults=0 wanted=0 hits=0 inserts=0 served=0.0MB
[summer] enabled=false cap_gb=8 sample=16 consults=0 wanted=0 hits=0 hit_rate=0.0% misses=0 inserts=0 evictions=0 recycled=0 allocs=0 pin_skips=0 gated=0 ramp=2..50 bar=0 suppressed=0 wide_skips=0 served=0.0MB copied=0.0MB ssd_avoided=0.0GB live=0/0.0GB model=0 protected=0 declined=0 topup_suppressed=0 aged=0 into=0/0/0 pending=0
[mirror-split] internal=0 K3C=0 K3B=0 K3A=0  shares=0%/0%/0%/0%
[phases] mono=359561.754589 chunks=150 sequence=275.686s read_wait=0.171s bind_upload=1.522s attention_resident=16.974s expert_read_prefetch=161.724s expert_demand_read=97.134s expert_plan=11.118s expert_hint=0.001s expert_submit=0.001s expert_kernel=92.681s source_fence=0.000s tail_head_sync=2.277s layer_other=0.284s expert_read_gross=150.605s plan_hint=10.942s plan_sched=0.173s attn_total=19.481s attn_encode=5.818s attn_wait=10.555s attn_drain=3.108s kernel_total=62.143s kernel_host=2.651s kernel_wait=8.348s kernel_drain=51.144s
[attn-split] single: calls=13578 total=12.304s encode=4.462s wait=4.733s drain=3.108s waits=23506 untimed=3785 | wide: calls=744 total=7.177s encode=1.355s wait=5.822s drain=0.000s waits=736 untimed=736 | hint: calls=14168 total=11.250s encode=0.040s wait=11.211s drain=0.000s waits=14386 untimed=14386
[kernel-split] single: calls=14324 total=52.500s encode=1.414s wait=0.769s drain=50.318s waits=15306 untimed=11898 | wide: calls=1574 total=9.643s encode=1.237s wait=7.580s drain=0.826s waits=1574 untimed=0
[kernel-sub] materialize=0.620s moe=9.868s precommit=50.443s rest=1.212s
[metal-cache] calls=23136 zero_copy_wraps=656 copies=0 cache_entries=206 bindless=true
[route-chain] chained=9660
[route-chain] dedup_hits=9660
 contains
[stats] generated=161 elapsed=295.347s speed=0.5451 token/s (1.834 s/token) chunks=151 committed_rows=202 verify_tx=7 drafts=10/26 layer_passes=14043 expert_rows=18768 expert_tiles=14440
[verify-width] w1=0 w2=5 w3=0 w4=0 w5=0 w6=0 w7=0 w8+=2              (w1 share 0.0% of 7 transactions)
[opens] expert file opens=624447 total=9.415s mean=0.015ms requested_bytes=6389916679360 (6389.9 GB)
[arrival] tiles=1093 waves=2281 uncovered_wait=37.075s dispatch=9.252s
[retain] enabled=false cap_gb=8 layers=63..=92 consults=0 wanted=0 hits=0 inserts=0 served=0.0MB
[summer] enabled=false cap_gb=8 sample=16 consults=0 wanted=0 hits=0 hit_rate=0.0% misses=0 inserts=0 evictions=0 recycled=0 allocs=0 pin_skips=0 gated=0 ramp=2..50 bar=0 suppressed=0 wide_skips=0 served=0.0MB copied=0.0MB ssd_avoided=0.0GB live=0/0.0GB model=0 protected=0 declined=0 topup_suppressed=0 aged=0 into=0/0/0 pending=0
[mirror-split] internal=0 K3C=0 K3B=0 K3A=0  shares=0%/0%/0%/0%
[phases] mono=359563.611724 chunks=151 sequence=277.542s read_wait=0.171s bind_upload=1.522s attention_resident=17.090s expert_read_prefetch=163.050s expert_demand_read=97.919s expert_plan=11.198s expert_hint=0.001s expert_submit=0.001s expert_kernel=93.076s source_fence=0.000s tail_head_sync=2.293s layer_other=0.285s expert_read_gross=151.852s plan_hint=11.020s plan_sched=0.175s attn_total=19.598s attn_encode=5.877s attn_wait=10.588s attn_drain=3.134s kernel_total=62.520s kernel_host=2.660s kernel_wait=8.354s kernel_drain=51.505s
[attn-split] single: calls=13671 total=12.420s encode=4.521s wait=4.766s drain=3.134s waits=23667 untimed=3804 | wide: calls=744 total=7.177s encode=1.355s wait=5.822s drain=0.000s waits=736 untimed=736 | hint: calls=14260 total=11.329s encode=0.040s wait=11.289s drain=0.000s waits=14477 untimed=14477
[kernel-split] single: calls=14422 total=52.876s encode=1.423s wait=0.774s drain=50.679s waits=15411 untimed=11977 | wide: calls=1574 total=9.643s encode=1.237s wait=7.580s drain=0.826s waits=1574 untimed=0
[kernel-sub] materialize=0.620s moe=9.878s precommit=50.805s rest=1.217s
[metal-cache] calls=23234 zero_copy_wraps=656 copies=0 cache_entries=206 bindless=true
 many
[stats] generated=162 elapsed=296.864s speed=0.5457 token/s (1.832 s/token) chunks=152 committed_rows=203 verify_tx=7 drafts=10/26 layer_passes=14136 expert_rows=18860 expert_tiles=14532
[verify-width] w1=0 w2=5 w3=0 w4=0 w5=0 w6=0 w7=0 w8+=2              (w1 share 0.0% of 7 transactions)
[opens] expert file opens=628406 total=9.469s mean=0.015ms requested_bytes=6424660311232 (6424.7 GB)
[arrival] tiles=1094 waves=2289 uncovered_wait=37.086s dispatch=9.262s
[retain] enabled=false cap_gb=8 layers=63..=92 consults=0 wanted=0 hits=0 inserts=0 served=0.0MB
[summer] enabled=false cap_gb=8 sample=16 consults=0 wanted=0 hits=0 hit_rate=0.0% misses=0 inserts=0 evictions=0 recycled=0 allocs=0 pin_skips=0 gated=0 ramp=2..50 bar=0 suppressed=0 wide_skips=0 served=0.0MB copied=0.0MB ssd_avoided=0.0GB live=0/0.0GB model=0 protected=0 declined=0 topup_suppressed=0 aged=0 into=0/0/0 pending=0
[mirror-split] internal=0 K3C=0 K3B=0 K3A=0  shares=0%/0%/0%/0%
[phases] mono=359565.128761 chunks=152 sequence=279.058s read_wait=0.171s bind_upload=1.522s attention_resident=17.165s expert_read_prefetch=164.078s expert_demand_read=98.534s expert_plan=11.272s expert_hint=0.001s expert_submit=0.001s expert_kernel=93.470s source_fence=0.000s tail_head_sync=2.310s layer_other=0.286s expert_read_gross=152.805s plan_hint=11.093s plan_sched=0.176s attn_total=19.672s attn_encode=5.898s attn_wait=10.623s attn_drain=3.151s kernel_total=62.903s kernel_host=2.669s kernel_wait=8.360s kernel_drain=51.873s
[attn-split] single: calls=13764 total=12.495s encode=4.543s wait=4.801s drain=3.151s waits=23828 untimed=3829 | wide: calls=744 total=7.177s encode=1.355s wait=5.822s drain=0.000s waits=736 untimed=736 | hint: calls=14352 total=11.402s encode=0.040s wait=11.362s drain=0.000s waits=14568 untimed=14568
[kernel-split] single: calls=14521 total=53.259s encode=1.432s wait=0.780s drain=51.047s waits=15518 untimed=12056 | wide: calls=1574 total=9.643s encode=1.237s wait=7.580s drain=0.826s waits=1574 untimed=0
[kernel-sub] materialize=0.620s moe=9.888s precommit=51.174s rest=1.221s
[metal-cache] calls=23333 zero_copy_wraps=656 copies=0 cache_entries=206 bindless=true
 parallel
[stats] generated=163 elapsed=298.355s speed=0.5463 token/s (1.830 s/token) chunks=153 committed_rows=204 verify_tx=7 drafts=10/26 layer_passes=14229 expert_rows=18952 expert_tiles=14624
[verify-width] w1=0 w2=5 w3=0 w4=0 w5=0 w6=0 w7=0 w8+=2              (w1 share 0.0% of 7 transactions)
[opens] expert file opens=632328 total=9.527s mean=0.015ms requested_bytes=6459053014208 (6459.1 GB)
[arrival] tiles=1095 waves=2294 uncovered_wait=37.095s dispatch=9.270s
[retain] enabled=false cap_gb=8 layers=63..=92 consults=0 wanted=0 hits=0 inserts=0 served=0.0MB
[summer] enabled=false cap_gb=8 sample=16 consults=0 wanted=0 hits=0 hit_rate=0.0% misses=0 inserts=0 evictions=0 recycled=0 allocs=0 pin_skips=0 gated=0 ramp=2..50 bar=0 suppressed=0 wide_skips=0 served=0.0MB copied=0.0MB ssd_avoided=0.0GB live=0/0.0GB model=0 protected=0 declined=0 topup_suppressed=0 aged=0 into=0/0/0 pending=0
[mirror-split] internal=0 K3C=0 K3B=0 K3A=0  shares=0%/0%/0%/0%
[phases] mono=359566.619499 chunks=153 sequence=280.547s read_wait=0.171s bind_upload=1.522s attention_resident=17.238s expert_read_prefetch=165.133s expert_demand_read=99.157s expert_plan=11.358s expert_hint=0.001s expert_submit=0.001s expert_kernel=93.817s source_fence=0.000s tail_head_sync=2.325s layer_other=0.288s expert_read_gross=153.774s plan_hint=11.178s plan_sched=0.177s attn_total=19.745s attn_encode=5.919s attn_wait=10.654s attn_drain=3.171s kernel_total=63.240s kernel_host=2.679s kernel_wait=8.364s kernel_drain=52.197s
[attn-split] single: calls=13857 total=12.567s encode=4.564s wait=4.832s drain=3.171s waits=23989 untimed=3853 | wide: calls=744 total=7.177s encode=1.355s wait=5.822s drain=0.000s waits=736 untimed=736 | hint: calls=14444 total=11.486s encode=0.040s wait=11.446s drain=0.000s waits=14659 untimed=14659
[kernel-split] single: calls=14617 total=53.597s encode=1.441s wait=0.784s drain=51.371s waits=15619 untimed=12133 | wide: calls=1574 total=9.643s encode=1.237s wait=7.580s drain=0.826s waits=1574 untimed=0
[kernel-sub] materialize=0.620s moe=9.896s precommit=51.499s rest=1.225s
[metal-cache] calls=23429 zero_copy_wraps=656 copies=0 cache_entries=206 bindless=true
 feed
[stats] generated=164 elapsed=299.804s speed=0.5470 token/s (1.828 s/token) chunks=154 committed_rows=205 verify_tx=7 drafts=10/26 layer_passes=14322 expert_rows=19044 expert_tiles=14716
[verify-width] w1=0 w2=5 w3=0 w4=0 w5=0 w6=0 w7=0 w8+=2              (w1 share 0.0% of 7 transactions)
[opens] expert file opens=636191 total=9.582s mean=0.015ms requested_bytes=6492971924672 (6493.0 GB)
[arrival] tiles=1096 waves=2301 uncovered_wait=37.108s dispatch=9.280s
[retain] enabled=false cap_gb=8 layers=63..=92 consults=0 wanted=0 hits=0 inserts=0 served=0.0MB
[summer] enabled=false cap_gb=8 sample=16 consults=0 wanted=0 hits=0 hit_rate=0.0% misses=0 inserts=0 evictions=0 recycled=0 allocs=0 pin_skips=0 gated=0 ramp=2..50 bar=0 suppressed=0 wide_skips=0 served=0.0MB copied=0.0MB ssd_avoided=0.0GB live=0/0.0GB model=0 protected=0 declined=0 topup_suppressed=0 aged=0 into=0/0/0 pending=0
[mirror-split] internal=0 K3C=0 K3B=0 K3A=0  shares=0%/0%/0%/0%
[phases] mono=359568.069262 chunks=154 sequence=281.996s read_wait=0.171s bind_upload=1.522s attention_resident=17.313s expert_read_prefetch=166.131s expert_demand_read=99.793s expert_plan=11.444s expert_hint=0.001s expert_submit=0.001s expert_kernel=94.173s source_fence=0.000s tail_head_sync=2.342s layer_other=0.289s expert_read_gross=154.686s plan_hint=11.263s plan_sched=0.178s attn_total=19.820s attn_encode=5.944s attn_wait=10.683s attn_drain=3.193s kernel_total=63.583s kernel_host=2.688s kernel_wait=8.370s kernel_drain=52.526s
[attn-split] single: calls=13950 total=12.643s encode=4.588s wait=4.861s drain=3.193s waits=24150 untimed=3877 | wide: calls=744 total=7.177s encode=1.355s wait=5.822s drain=0.000s waits=736 untimed=736 | hint: calls=14536 total=11.572s encode=0.041s wait=11.531s drain=0.000s waits=14750 untimed=14750
[kernel-split] single: calls=14715 total=53.940s encode=1.451s wait=0.790s drain=51.700s waits=15724 untimed=12210 | wide: calls=1574 total=9.643s encode=1.237s wait=7.580s drain=0.826s waits=1574 untimed=0
[kernel-sub] materialize=0.620s moe=9.905s precommit=51.828s rest=1.230s
[metal-cache] calls=23527 zero_copy_wraps=656 copies=0 cache_entries=206 bindless=true
-forward
[stats] generated=165 elapsed=301.319s speed=0.5476 token/s (1.826 s/token) chunks=155 committed_rows=206 verify_tx=7 drafts=10/26 layer_passes=14415 expert_rows=19136 expert_tiles=14808
[verify-width] w1=0 w2=5 w3=0 w4=0 w5=0 w6=0 w7=0 w8+=2              (w1 share 0.0% of 7 transactions)
[opens] expert file opens=640200 total=9.639s mean=0.015ms requested_bytes=6528154221760 (6528.2 GB)
[arrival] tiles=1097 waves=2308 uncovered_wait=37.117s dispatch=9.287s
[retain] enabled=false cap_gb=8 layers=63..=92 consults=0 wanted=0 hits=0 inserts=0 served=0.0MB
[summer] enabled=false cap_gb=8 sample=16 consults=0 wanted=0 hits=0 hit_rate=0.0% misses=0 inserts=0 evictions=0 recycled=0 allocs=0 pin_skips=0 gated=0 ramp=2..50 bar=0 suppressed=0 wide_skips=0 served=0.0MB copied=0.0MB ssd_avoided=0.0GB live=0/0.0GB model=0 protected=0 declined=0 topup_suppressed=0 aged=0 into=0/0/0 pending=0
[mirror-split] internal=0 K3C=0 K3B=0 K3A=0  shares=0%/0%/0%/0%
[phases] mono=359569.583744 chunks=155 sequence=283.510s read_wait=0.171s bind_upload=1.522s attention_resident=17.403s expert_read_prefetch=167.129s expert_demand_read=100.386s expert_plan=11.524s expert_hint=0.001s expert_submit=0.001s expert_kernel=94.581s source_fence=0.000s tail_head_sync=2.359s layer_other=0.290s expert_read_gross=155.604s plan_hint=11.341s plan_sched=0.179s attn_total=19.910s attn_encode=5.979s attn_wait=10.718s attn_drain=3.213s kernel_total=63.981s kernel_host=2.698s kernel_wait=8.374s kernel_drain=52.909s
[attn-split] single: calls=14043 total=12.733s encode=4.623s wait=4.896s drain=3.213s waits=24311 untimed=3903 | wide: calls=744 total=7.177s encode=1.355s wait=5.822s drain=0.000s waits=736 untimed=736 | hint: calls=14628 total=11.650s encode=0.041s wait=11.609s drain=0.000s waits=14841 untimed=14841
[kernel-split] single: calls=14813 total=54.338s encode=1.460s wait=0.795s drain=52.083s waits=15829 untimed=12298 | wide: calls=1574 total=9.643s encode=1.237s wait=7.580s drain=0.826s waits=1574 untimed=0
[kernel-sub] materialize=0.620s moe=9.913s precommit=52.214s rest=1.235s
[metal-cache] calls=23625 zero_copy_wraps=656 copies=0 cache_entries=206 bindless=true
 networks
[stats] generated=166 elapsed=302.853s speed=0.5481 token/s (1.824 s/token) chunks=156 committed_rows=207 verify_tx=7 drafts=10/26 layer_passes=14508 expert_rows=19228 expert_tiles=14900
[verify-width] w1=0 w2=5 w3=0 w4=0 w5=0 w6=0 w7=0 w8+=2              (w1 share 0.0% of 7 transactions)
[opens] expert file opens=644238 total=9.697s mean=0.015ms requested_bytes=6563547118784 (6563.5 GB)
[arrival] tiles=1098 waves=2315 uncovered_wait=37.129s dispatch=9.295s
[retain] enabled=false cap_gb=8 layers=63..=92 consults=0 wanted=0 hits=0 inserts=0 served=0.0MB
[summer] enabled=false cap_gb=8 sample=16 consults=0 wanted=0 hits=0 hit_rate=0.0% misses=0 inserts=0 evictions=0 recycled=0 allocs=0 pin_skips=0 gated=0 ramp=2..50 bar=0 suppressed=0 wide_skips=0 served=0.0MB copied=0.0MB ssd_avoided=0.0GB live=0/0.0GB model=0 protected=0 declined=0 topup_suppressed=0 aged=0 into=0/0/0 pending=0
[mirror-split] internal=0 K3C=0 K3B=0 K3A=0  shares=0%/0%/0%/0%
[phases] mono=359571.117716 chunks=156 sequence=285.042s read_wait=0.171s bind_upload=1.522s attention_resident=17.475s expert_read_prefetch=168.196s expert_demand_read=100.991s expert_plan=11.604s expert_hint=0.001s expert_submit=0.001s expert_kernel=94.958s source_fence=0.000s tail_head_sync=2.372s layer_other=0.292s expert_read_gross=156.591s plan_hint=11.421s plan_sched=0.180s attn_total=19.982s attn_encode=6.000s attn_wait=10.753s attn_drain=3.230s kernel_total=64.347s kernel_host=2.707s kernel_wait=8.379s kernel_drain=53.262s
[attn-split] single: calls=14136 total=12.804s encode=4.644s wait=4.931s drain=3.230s waits=24472 untimed=3936 | wide: calls=744 total=7.177s encode=1.355s wait=5.822s drain=0.000s waits=736 untimed=736 | hint: calls=14720 total=11.729s encode=0.041s wait=11.688s drain=0.000s waits=14932 untimed=14932
[kernel-split] single: calls=14911 total=54.704s encode=1.469s wait=0.799s drain=52.435s waits=15934 untimed=12379 | wide: calls=1574 total=9.643s encode=1.237s wait=7.580s drain=0.826s waits=1574 untimed=0
[kernel-sub] materialize=0.620s moe=9.921s precommit=52.567s rest=1.239s
[metal-cache] calls=23723 zero_copy_wraps=656 copies=0 cache_entries=206 bindless=true
 (
[stats] generated=167 elapsed=304.342s speed=0.5487 token/s (1.822 s/token) chunks=157 committed_rows=208 verify_tx=7 drafts=10/26 layer_passes=14601 expert_rows=19320 expert_tiles=14992
[verify-width] w1=0 w2=5 w3=0 w4=0 w5=0 w6=0 w7=0 w8+=2              (w1 share 0.0% of 7 transactions)
[opens] expert file opens=648140 total=9.747s mean=0.015ms requested_bytes=6597764332736 (6597.8 GB)
[arrival] tiles=1099 waves=2322 uncovered_wait=37.139s dispatch=9.306s
[retain] enabled=false cap_gb=8 layers=63..=92 consults=0 wanted=0 hits=0 inserts=0 served=0.0MB
[summer] enabled=false cap_gb=8 sample=16 consults=0 wanted=0 hits=0 hit_rate=0.0% misses=0 inserts=0 evictions=0 recycled=0 allocs=0 pin_skips=0 gated=0 ramp=2..50 bar=0 suppressed=0 wide_skips=0 served=0.0MB copied=0.0MB ssd_avoided=0.0GB live=0/0.0GB model=0 protected=0 declined=0 topup_suppressed=0 aged=0 into=0/0/0 pending=0
[mirror-split] internal=0 K3C=0 K3B=0 K3A=0  shares=0%/0%/0%/0%
[phases] mono=359572.607368 chunks=157 sequence=286.531s read_wait=0.171s bind_upload=1.522s attention_resident=17.559s expert_read_prefetch=169.259s expert_demand_read=101.630s expert_plan=11.673s expert_hint=0.001s expert_submit=0.001s expert_kernel=95.287s source_fence=0.000s tail_head_sync=2.385s layer_other=0.293s expert_read_gross=157.586s plan_hint=11.488s plan_sched=0.181s attn_total=20.065s attn_encode=6.028s attn_wait=10.783s attn_drain=3.255s kernel_total=64.666s kernel_host=2.716s kernel_wait=8.385s kernel_drain=53.565s
[attn-split] single: calls=14229 total=12.888s encode=4.673s wait=4.961s drain=3.255s waits=24633 untimed=3959 | wide: calls=744 total=7.177s encode=1.355s wait=5.822s drain=0.000s waits=736 untimed=736 | hint: calls=14812 total=11.797s encode=0.041s wait=11.755s drain=0.000s waits=15023 untimed=15023
[kernel-split] single: calls=15009 total=55.022s encode=1.478s wait=0.806s drain=52.738s waits=16039 untimed=12464 | wide: calls=1574 total=9.643s encode=1.237s wait=7.580s drain=0.826s waits=1574 untimed=0
[kernel-sub] materialize=0.620s moe=9.931s precommit=52.871s rest=1.244s
[metal-cache] calls=23821 zero_copy_wraps=656 copies=0 cache_entries=206 bindless=true
or
[stats] generated=168 elapsed=305.825s speed=0.5493 token/s (1.820 s/token) chunks=158 committed_rows=209 verify_tx=7 drafts=10/26 layer_passes=14694 expert_rows=19412 expert_tiles=15084
[verify-width] w1=0 w2=5 w3=0 w4=0 w5=0 w6=0 w7=0 w8+=2              (w1 share 0.0% of 7 transactions)
[opens] expert file opens=652131 total=9.801s mean=0.015ms requested_bytes=6632771189952 (6632.8 GB)
[arrival] tiles=1100 waves=2328 uncovered_wait=37.149s dispatch=9.311s
[retain] enabled=false cap_gb=8 layers=63..=92 consults=0 wanted=0 hits=0 inserts=0 served=0.0MB
[summer] enabled=false cap_gb=8 sample=16 consults=0 wanted=0 hits=0 hit_rate=0.0% misses=0 inserts=0 evictions=0 recycled=0 allocs=0 pin_skips=0 gated=0 ramp=2..50 bar=0 suppressed=0 wide_skips=0 served=0.0MB copied=0.0MB ssd_avoided=0.0GB live=0/0.0GB model=0 protected=0 declined=0 topup_suppressed=0 aged=0 into=0/0/0 pending=0
[mirror-split] internal=0 K3C=0 K3B=0 K3A=0  shares=0%/0%/0%/0%
[phases] mono=359574.090004 chunks=158 sequence=288.012s read_wait=0.171s bind_upload=1.522s attention_resident=17.632s expert_read_prefetch=170.269s expert_demand_read=102.214s expert_plan=11.752s expert_hint=0.001s expert_submit=0.001s expert_kernel=95.670s source_fence=0.000s tail_head_sync=2.398s layer_other=0.295s expert_read_gross=158.516s plan_hint=11.566s plan_sched=0.182s attn_total=20.139s attn_encode=6.053s attn_wait=10.811s attn_drain=3.275s kernel_total=65.038s kernel_host=2.725s kernel_wait=8.388s kernel_drain=53.925s
[attn-split] single: calls=14322 total=12.961s encode=4.697s wait=4.989s drain=3.275s waits=24794 untimed=3989 | wide: calls=744 total=7.177s encode=1.355s wait=5.822s drain=0.000s waits=736 untimed=736 | hint: calls=14904 total=11.875s encode=0.041s wait=11.833s drain=0.000s waits=15114 untimed=15114
[kernel-split] single: calls=15106 total=55.395s encode=1.487s wait=0.809s drain=53.099s waits=16142 untimed=12548 | wide: calls=1574 total=9.643s encode=1.237s wait=7.580s drain=0.826s waits=1574 untimed=0
[kernel-sub] materialize=0.620s moe=9.936s precommit=53.234s rest=1.248s
[metal-cache] calls=23918 zero_copy_wraps=656 copies=0 cache_entries=206 bindless=true
 attention
[stats] generated=169 elapsed=307.267s speed=0.5500 token/s (1.818 s/token) chunks=159 committed_rows=210 verify_tx=7 drafts=10/26 layer_passes=14787 expert_rows=19504 expert_tiles=15176
[verify-width] w1=0 w2=5 w3=0 w4=0 w5=0 w6=0 w7=0 w8+=2              (w1 share 0.0% of 7 transactions)
[opens] expert file opens=656050 total=9.864s mean=0.015ms requested_bytes=6667128814784 (6667.1 GB)
[arrival] tiles=1101 waves=2334 uncovered_wait=37.157s dispatch=9.321s
[retain] enabled=false cap_gb=8 layers=63..=92 consults=0 wanted=0 hits=0 inserts=0 served=0.0MB
[summer] enabled=false cap_gb=8 sample=16 consults=0 wanted=0 hits=0 hit_rate=0.0% misses=0 inserts=0 evictions=0 recycled=0 allocs=0 pin_skips=0 gated=0 ramp=2..50 bar=0 suppressed=0 wide_skips=0 served=0.0MB copied=0.0MB ssd_avoided=0.0GB live=0/0.0GB model=0 protected=0 declined=0 topup_suppressed=0 aged=0 into=0/0/0 pending=0
[mirror-split] internal=0 K3C=0 K3B=0 K3A=0  shares=0%/0%/0%/0%
[phases] mono=359575.532329 chunks=159 sequence=289.453s read_wait=0.171s bind_upload=1.522s attention_resident=17.719s expert_read_prefetch=171.225s expert_demand_read=102.754s expert_plan=11.826s expert_hint=0.001s expert_submit=0.001s expert_kernel=96.050s source_fence=0.000s tail_head_sync=2.415s layer_other=0.296s expert_read_gross=159.399s plan_hint=11.639s plan_sched=0.183s attn_total=20.225s attn_encode=6.080s attn_wait=10.851s attn_drain=3.294s kernel_total=65.410s kernel_host=2.734s kernel_wait=8.393s kernel_drain=54.282s
[attn-split] single: calls=14415 total=13.047s encode=4.725s wait=5.029s drain=3.294s waits=24955 untimed=4016 | wide: calls=744 total=7.177s encode=1.355s wait=5.822s drain=0.000s waits=736 untimed=736 | hint: calls=14996 total=11.947s encode=0.042s wait=11.906s drain=0.000s waits=15205 untimed=15205
[kernel-split] single: calls=15203 total=55.766s encode=1.497s wait=0.813s drain=53.456s waits=16245 untimed=12628 | wide: calls=1574 total=9.643s encode=1.237s wait=7.580s drain=0.826s waits=1574 untimed=0
[kernel-sub] materialize=0.620s moe=9.946s precommit=53.591s rest=1.253s
[metal-cache] calls=24015 zero_copy_wraps=656 copies=0 cache_entries=206 bindless=true
 heads
[stats] generated=170 elapsed=308.771s speed=0.5506 token/s (1.816 s/token) chunks=160 committed_rows=211 verify_tx=7 drafts=10/26 layer_passes=14880 expert_rows=19596 expert_tiles=15268
[verify-width] w1=0 w2=5 w3=0 w4=0 w5=0 w6=0 w7=0 w8+=2              (w1 share 0.0% of 7 transactions)
[opens] expert file opens=660040 total=9.916s mean=0.015ms requested_bytes=6702065499328 (6702.1 GB)
[arrival] tiles=1102 waves=2341 uncovered_wait=37.168s dispatch=9.328s
[retain] enabled=false cap_gb=8 layers=63..=92 consults=0 wanted=0 hits=0 inserts=0 served=0.0MB
[summer] enabled=false cap_gb=8 sample=16 consults=0 wanted=0 hits=0 hit_rate=0.0% misses=0 inserts=0 evictions=0 recycled=0 allocs=0 pin_skips=0 gated=0 ramp=2..50 bar=0 suppressed=0 wide_skips=0 served=0.0MB copied=0.0MB ssd_avoided=0.0GB live=0/0.0GB model=0 protected=0 declined=0 topup_suppressed=0 aged=0 into=0/0/0 pending=0
[mirror-split] internal=0 K3C=0 K3B=0 K3A=0  shares=0%/0%/0%/0%
[phases] mono=359577.036053 chunks=160 sequence=290.956s read_wait=0.171s bind_upload=1.522s attention_resident=17.802s expert_read_prefetch=172.277s expert_demand_read=103.356s expert_plan=11.898s expert_hint=0.001s expert_submit=0.001s expert_kernel=96.400s source_fence=0.000s tail_head_sync=2.431s layer_other=0.297s expert_read_gross=160.378s plan_hint=11.710s plan_sched=0.184s attn_total=20.308s attn_encode=6.100s attn_wait=10.881s attn_drain=3.327s kernel_total=65.749s kernel_host=2.743s kernel_wait=8.397s kernel_drain=54.609s
[attn-split] single: calls=14508 total=13.131s encode=4.745s wait=5.059s drain=3.327s waits=25116 untimed=4046 | wide: calls=744 total=7.177s encode=1.355s wait=5.822s drain=0.000s waits=736 untimed=736 | hint: calls=15088 total=12.019s encode=0.042s wait=11.977s drain=0.000s waits=15296 untimed=15296
[kernel-split] single: calls=15301 total=56.106s encode=1.505s wait=0.818s drain=53.783s waits=16350 untimed=12714 | wide: calls=1574 total=9.643s encode=1.237s wait=7.580s drain=0.826s waits=1574 untimed=0
[kernel-sub] materialize=0.620s moe=9.953s precommit=53.919s rest=1.257s
[metal-cache] calls=24113 zero_copy_wraps=656 copies=0 cache_entries=206 bindless=true
[route-chain] chained=10350
[route-chain] dedup_hits=10350
),
[stats] generated=171 elapsed=310.284s speed=0.5511 token/s (1.815 s/token) chunks=161 committed_rows=212 verify_tx=7 drafts=10/26 layer_passes=14973 expert_rows=19688 expert_tiles=15360
[verify-width] w1=0 w2=5 w3=0 w4=0 w5=0 w6=0 w7=0 w8+=2              (w1 share 0.0% of 7 transactions)
[opens] expert file opens=664050 total=9.973s mean=0.015ms requested_bytes=6737212718272 (6737.2 GB)
[arrival] tiles=1103 waves=2347 uncovered_wait=37.178s dispatch=9.336s
[retain] enabled=false cap_gb=8 layers=63..=92 consults=0 wanted=0 hits=0 inserts=0 served=0.0MB
[summer] enabled=false cap_gb=8 sample=16 consults=0 wanted=0 hits=0 hit_rate=0.0% misses=0 inserts=0 evictions=0 recycled=0 allocs=0 pin_skips=0 gated=0 ramp=2..50 bar=0 suppressed=0 wide_skips=0 served=0.0MB copied=0.0MB ssd_avoided=0.0GB live=0/0.0GB model=0 protected=0 declined=0 topup_suppressed=0 aged=0 into=0/0/0 pending=0
[mirror-split] internal=0 K3C=0 K3B=0 K3A=0  shares=0%/0%/0%/0%
[phases] mono=359578.549255 chunks=161 sequence=292.468s read_wait=0.171s bind_upload=1.522s attention_resident=17.875s expert_read_prefetch=173.322s expert_demand_read=103.970s expert_plan=11.981s expert_hint=0.001s expert_submit=0.001s expert_kernel=96.776s source_fence=0.000s tail_head_sync=2.447s layer_other=0.299s expert_read_gross=161.341s plan_hint=11.792s plan_sched=0.185s attn_total=20.381s attn_encode=6.122s attn_wait=10.912s attn_drain=3.347s kernel_total=66.115s kernel_host=2.752s kernel_wait=8.402s kernel_drain=54.961s
[attn-split] single: calls=14601 total=13.204s encode=4.766s wait=5.090s drain=3.347s waits=25277 untimed=4070 | wide: calls=744 total=7.177s encode=1.355s wait=5.822s drain=0.000s waits=736 untimed=736 | hint: calls=15180 total=12.100s encode=0.042s wait=12.058s drain=0.000s waits=15387 untimed=15387
[kernel-split] single: calls=15398 total=56.471s encode=1.514s wait=0.823s drain=54.134s waits=16453 untimed=12794 | wide: calls=1574 total=9.643s encode=1.237s wait=7.580s drain=0.826s waits=1574 untimed=0
[kernel-sub] materialize=0.620s moe=9.960s precommit=54.273s rest=1.262s
[metal-cache] calls=24210 zero_copy_wraps=656 copies=0 cache_entries=206 bindless=true
 each
[stats] generated=172 elapsed=311.784s speed=0.5517 token/s (1.813 s/token) chunks=162 committed_rows=213 verify_tx=7 drafts=10/26 layer_passes=15066 expert_rows=19780 expert_tiles=15452
[verify-width] w1=0 w2=5 w3=0 w4=0 w5=0 w6=0 w7=0 w8+=2              (w1 share 0.0% of 7 transactions)
[opens] expert file opens=668044 total=10.027s mean=0.015ms requested_bytes=6772219575488 (6772.2 GB)
[arrival] tiles=1104 waves=2355 uncovered_wait=37.187s dispatch=9.347s
[retain] enabled=false cap_gb=8 layers=63..=92 consults=0 wanted=0 hits=0 inserts=0 served=0.0MB
[summer] enabled=false cap_gb=8 sample=16 consults=0 wanted=0 hits=0 hit_rate=0.0% misses=0 inserts=0 evictions=0 recycled=0 allocs=0 pin_skips=0 gated=0 ramp=2..50 bar=0 suppressed=0 wide_skips=0 served=0.0MB copied=0.0MB ssd_avoided=0.0GB live=0/0.0GB model=0 protected=0 declined=0 topup_suppressed=0 aged=0 into=0/0/0 pending=0
[mirror-split] internal=0 K3C=0 K3B=0 K3A=0  shares=0%/0%/0%/0%
[phases] mono=359580.048703 chunks=162 sequence=293.966s read_wait=0.171s bind_upload=1.522s attention_resident=17.956s expert_read_prefetch=174.351s expert_demand_read=104.560s expert_plan=12.056s expert_hint=0.001s expert_submit=0.001s expert_kernel=97.145s source_fence=0.000s tail_head_sync=2.464s layer_other=0.301s expert_read_gross=162.295s plan_hint=11.866s plan_sched=0.187s attn_total=20.462s attn_encode=6.145s attn_wait=10.956s attn_drain=3.360s kernel_total=66.474s kernel_host=2.762s kernel_wait=8.409s kernel_drain=55.304s
[attn-split] single: calls=14694 total=13.284s encode=4.789s wait=5.134s drain=3.360s waits=25438 untimed=4102 | wide: calls=744 total=7.177s encode=1.355s wait=5.822s drain=0.000s waits=736 untimed=736 | hint: calls=15272 total=12.174s encode=0.042s wait=12.132s drain=0.000s waits=15478 untimed=15478
[kernel-split] single: calls=15497 total=56.831s encode=1.524s wait=0.829s drain=54.477s waits=16560 untimed=12875 | wide: calls=1574 total=9.643s encode=1.237s wait=7.580s drain=0.826s waits=1574 untimed=0
[kernel-sub] materialize=0.620s moe=9.971s precommit=54.617s rest=1.266s
[metal-cache] calls=24309 zero_copy_wraps=656 copies=0 cache_entries=206 bindless=true
 potentially
[stats] generated=173 elapsed=313.249s speed=0.5523 token/s (1.811 s/token) chunks=163 committed_rows=214 verify_tx=7 drafts=10/26 layer_passes=15159 expert_rows=19872 expert_tiles=15544
[verify-width] w1=0 w2=5 w3=0 w4=0 w5=0 w6=0 w7=0 w8+=2              (w1 share 0.0% of 7 transactions)
[opens] expert file opens=671949 total=10.083s mean=0.015ms requested_bytes=6806498196672 (6806.5 GB)
[arrival] tiles=1105 waves=2360 uncovered_wait=37.197s dispatch=9.354s
[retain] enabled=false cap_gb=8 layers=63..=92 consults=0 wanted=0 hits=0 inserts=0 served=0.0MB
[summer] enabled=false cap_gb=8 sample=16 consults=0 wanted=0 hits=0 hit_rate=0.0% misses=0 inserts=0 evictions=0 recycled=0 allocs=0 pin_skips=0 gated=0 ramp=2..50 bar=0 suppressed=0 wide_skips=0 served=0.0MB copied=0.0MB ssd_avoided=0.0GB live=0/0.0GB model=0 protected=0 declined=0 topup_suppressed=0 aged=0 into=0/0/0 pending=0
[mirror-split] internal=0 K3C=0 K3B=0 K3A=0  shares=0%/0%/0%/0%
[phases] mono=359581.514250 chunks=163 sequence=295.430s read_wait=0.171s bind_upload=1.522s attention_resident=18.043s expert_read_prefetch=175.353s expert_demand_read=105.186s expert_plan=12.131s expert_hint=0.001s expert_submit=0.001s expert_kernel=97.502s source_fence=0.000s tail_head_sync=2.481s layer_other=0.302s expert_read_gross=163.222s plan_hint=11.940s plan_sched=0.188s attn_total=20.548s attn_encode=6.184s attn_wait=10.992s attn_drain=3.373s kernel_total=66.821s kernel_host=2.771s kernel_wait=8.413s kernel_drain=55.637s
[attn-split] single: calls=14787 total=13.371s encode=4.828s wait=5.170s drain=3.373s waits=25599 untimed=4135 | wide: calls=744 total=7.177s encode=1.355s wait=5.822s drain=0.000s waits=736 untimed=736 | hint: calls=15364 total=12.248s encode=0.043s wait=12.205s drain=0.000s waits=15569 untimed=15569
[kernel-split] single: calls=15593 total=57.178s encode=1.534s wait=0.833s drain=54.811s waits=16661 untimed=12959 | wide: calls=1574 total=9.643s encode=1.237s wait=7.580s drain=0.826s waits=1574 untimed=0
[kernel-sub] materialize=0.620s moe=9.979s precommit=54.952s rest=1.271s
[metal-cache] calls=24405 zero_copy_wraps=656 copies=0 cache_entries=206 bindless=true
 specializing
[stats] generated=174 elapsed=314.741s speed=0.5528 token/s (1.809 s/token) chunks=164 committed_rows=215 verify_tx=7 drafts=10/26 layer_passes=15252 expert_rows=19964 expert_tiles=15636
[verify-width] w1=0 w2=5 w3=0 w4=0 w5=0 w6=0 w7=0 w8+=2              (w1 share 0.0% of 7 transactions)
[opens] expert file opens=675813 total=10.133s mean=0.015ms requested_bytes=6840373247168 (6840.4 GB)
[arrival] tiles=1106 waves=2366 uncovered_wait=37.206s dispatch=9.362s
[retain] enabled=false cap_gb=8 layers=63..=92 consults=0 wanted=0 hits=0 inserts=0 served=0.0MB
[summer] enabled=false cap_gb=8 sample=16 consults=0 wanted=0 hits=0 hit_rate=0.0% misses=0 inserts=0 evictions=0 recycled=0 allocs=0 pin_skips=0 gated=0 ramp=2..50 bar=0 suppressed=0 wide_skips=0 served=0.0MB copied=0.0MB ssd_avoided=0.0GB live=0/0.0GB model=0 protected=0 declined=0 topup_suppressed=0 aged=0 into=0/0/0 pending=0
[mirror-split] internal=0 K3C=0 K3B=0 K3A=0  shares=0%/0%/0%/0%
[phases] mono=359583.006546 chunks=164 sequence=296.922s read_wait=0.171s bind_upload=1.522s attention_resident=18.115s expert_read_prefetch=176.445s expert_demand_read=105.867s expert_plan=12.201s expert_hint=0.001s expert_submit=0.001s expert_kernel=97.815s source_fence=0.000s tail_head_sync=2.494s layer_other=0.304s expert_read_gross=164.243s plan_hint=12.008s plan_sched=0.189s attn_total=20.620s attn_encode=6.205s attn_wait=11.020s attn_drain=3.394s kernel_total=67.125s kernel_host=2.780s kernel_wait=8.418s kernel_drain=55.928s
[attn-split] single: calls=14880 total=13.443s encode=4.850s wait=5.198s drain=3.394s waits=25760 untimed=4163 | wide: calls=744 total=7.177s encode=1.355s wait=5.822s drain=0.000s waits=736 untimed=736 | hint: calls=15456 total=12.317s encode=0.043s wait=12.274s drain=0.000s waits=15660 untimed=15660
[kernel-split] single: calls=15690 total=57.482s encode=1.542s wait=0.838s drain=55.102s waits=16764 untimed=13047 | wide: calls=1574 total=9.643s encode=1.237s wait=7.580s drain=0.826s waits=1574 untimed=0
[kernel-sub] materialize=0.620s moe=9.987s precommit=55.244s rest=1.275s
[metal-cache] calls=24502 zero_copy_wraps=656 copies=0 cache_entries=206 bindless=true
 in
[stats] generated=175 elapsed=316.227s speed=0.5534 token/s (1.807 s/token) chunks=165 committed_rows=216 verify_tx=7 drafts=10/26 layer_passes=15345 expert_rows=20056 expert_tiles=15728
[verify-width] w1=0 w2=5 w3=0 w4=0 w5=0 w6=0 w7=0 w8+=2              (w1 share 0.0% of 7 transactions)
[opens] expert file opens=679661 total=10.188s mean=0.015ms requested_bytes=6874125450432 (6874.1 GB)
[arrival] tiles=1107 waves=2373 uncovered_wait=37.216s dispatch=9.372s
[retain] enabled=false cap_gb=8 layers=63..=92 consults=0 wanted=0 hits=0 inserts=0 served=0.0MB
[summer] enabled=false cap_gb=8 sample=16 consults=0 wanted=0 hits=0 hit_rate=0.0% misses=0 inserts=0 evictions=0 recycled=0 allocs=0 pin_skips=0 gated=0 ramp=2..50 bar=0 suppressed=0 wide_skips=0 served=0.0MB copied=0.0MB ssd_avoided=0.0GB live=0/0.0GB model=0 protected=0 declined=0 topup_suppressed=0 aged=0 into=0/0/0 pending=0
[mirror-split] internal=0 K3C=0 K3B=0 K3A=0  shares=0%/0%/0%/0%
[phases] mono=359584.492264 chunks=165 sequence=298.407s read_wait=0.171s bind_upload=1.522s attention_resident=18.193s expert_read_prefetch=177.403s expert_demand_read=106.448s expert_plan=12.288s expert_hint=0.001s expert_submit=0.001s expert_kernel=98.245s source_fence=0.000s tail_head_sync=2.511s layer_other=0.305s expert_read_gross=165.114s plan_hint=12.095s plan_sched=0.190s attn_total=20.698s attn_encode=6.230s attn_wait=11.052s attn_drain=3.416s kernel_total=67.545s kernel_host=2.789s kernel_wait=8.424s kernel_drain=56.332s
[attn-split] single: calls=14973 total=13.521s encode=4.874s wait=5.230s drain=3.416s waits=25921 untimed=4183 | wide: calls=744 total=7.177s encode=1.355s wait=5.822s drain=0.000s waits=736 untimed=736 | hint: calls=15548 total=12.403s encode=0.043s wait=12.360s drain=0.000s waits=15751 untimed=15751
[kernel-split] single: calls=15788 total=57.901s encode=1.552s wait=0.844s drain=55.505s waits=16869 untimed=13122 | wide: calls=1574 total=9.643s encode=1.237s wait=7.580s drain=0.826s waits=1574 untimed=0
[kernel-sub] materialize=0.620s moe=9.996s precommit=55.648s rest=1.280s
[metal-cache] calls=24600 zero_copy_wraps=656 copies=0 cache_entries=206 bindless=true
 different
[stats] generated=176 elapsed=317.737s speed=0.5539 token/s (1.805 s/token) chunks=166 committed_rows=217 verify_tx=7 drafts=10/26 layer_passes=15438 expert_rows=20148 expert_tiles=15820
[verify-width] w1=0 w2=5 w3=0 w4=0 w5=0 w6=0 w7=0 w8+=2              (w1 share 0.0% of 7 transactions)
[opens] expert file opens=683590 total=10.240s mean=0.015ms requested_bytes=6908605889728 (6908.6 GB)
[arrival] tiles=1108 waves=2379 uncovered_wait=37.228s dispatch=9.380s
[retain] enabled=false cap_gb=8 layers=63..=92 consults=0 wanted=0 hits=0 inserts=0 served=0.0MB
[summer] enabled=false cap_gb=8 sample=16 consults=0 wanted=0 hits=0 hit_rate=0.0% misses=0 inserts=0 evictions=0 recycled=0 allocs=0 pin_skips=0 gated=0 ramp=2..50 bar=0 suppressed=0 wide_skips=0 served=0.0MB copied=0.0MB ssd_avoided=0.0GB live=0/0.0GB model=0 protected=0 declined=0 topup_suppressed=0 aged=0 into=0/0/0 pending=0
[mirror-split] internal=0 K3C=0 K3B=0 K3A=0  shares=0%/0%/0%/0%
[phases] mono=359586.001628 chunks=166 sequence=299.916s read_wait=0.171s bind_upload=1.522s attention_resident=18.272s expert_read_prefetch=178.462s expert_demand_read=107.082s expert_plan=12.356s expert_hint=0.001s expert_submit=0.001s expert_kernel=98.601s source_fence=0.001s tail_head_sync=2.524s layer_other=0.307s expert_read_gross=166.105s plan_hint=12.161s plan_sched=0.191s attn_total=20.777s attn_encode=6.258s attn_wait=11.082s attn_drain=3.437s kernel_total=67.889s kernel_host=2.798s kernel_wait=8.429s kernel_drain=56.662s
[attn-split] single: calls=15066 total=13.600s encode=4.903s wait=5.260s drain=3.437s waits=26082 untimed=4210 | wide: calls=744 total=7.177s encode=1.355s wait=5.822s drain=0.000s waits=736 untimed=736 | hint: calls=15640 total=12.470s encode=0.043s wait=12.426s drain=0.000s waits=15842 untimed=15842
[kernel-split] single: calls=15885 total=58.246s encode=1.561s wait=0.849s drain=55.836s waits=16972 untimed=13208 | wide: calls=1574 total=9.643s encode=1.237s wait=7.580s drain=0.826s waits=1574 untimed=0
[kernel-sub] materialize=0.620s moe=10.004s precommit=55.980s rest=1.284s
[metal-cache] calls=24697 zero_copy_wraps=656 copies=0 cache_entries=206 bindless=true
 domains
[stats] generated=177 elapsed=319.234s speed=0.5545 token/s (1.804 s/token) chunks=167 committed_rows=218 verify_tx=7 drafts=10/26 layer_passes=15531 expert_rows=20240 expert_tiles=15912
[verify-width] w1=0 w2=5 w3=0 w4=0 w5=0 w6=0 w7=0 w8+=2              (w1 share 0.0% of 7 transactions)
[opens] expert file opens=687481 total=10.291s mean=0.015ms requested_bytes=6942735367360 (6942.7 GB)
[arrival] tiles=1109 waves=2386 uncovered_wait=37.239s dispatch=9.389s
[retain] enabled=false cap_gb=8 layers=63..=92 consults=0 wanted=0 hits=0 inserts=0 served=0.0MB
[summer] enabled=false cap_gb=8 sample=16 consults=0 wanted=0 hits=0 hit_rate=0.0% misses=0 inserts=0 evictions=0 recycled=0 allocs=0 pin_skips=0 gated=0 ramp=2..50 bar=0 suppressed=0 wide_skips=0 served=0.0MB copied=0.0MB ssd_avoided=0.0GB live=0/0.0GB model=0 protected=0 declined=0 topup_suppressed=0 aged=0 into=0/0/0 pending=0
[mirror-split] internal=0 K3C=0 K3B=0 K3A=0  shares=0%/0%/0%/0%
[phases] mono=359587.498721 chunks=167 sequence=301.411s read_wait=0.171s bind_upload=1.522s attention_resident=18.361s expert_read_prefetch=179.498s expert_demand_read=107.730s expert_plan=12.428s expert_hint=0.001s expert_submit=0.001s expert_kernel=98.954s source_fence=0.001s tail_head_sync=2.541s layer_other=0.308s expert_read_gross=167.069s plan_hint=12.233s plan_sched=0.192s attn_total=20.865s attn_encode=6.294s attn_wait=11.112s attn_drain=3.459s kernel_total=68.231s kernel_host=2.807s kernel_wait=8.434s kernel_drain=56.990s
[attn-split] single: calls=15159 total=13.688s encode=4.939s wait=5.290s drain=3.459s waits=26243 untimed=4238 | wide: calls=744 total=7.177s encode=1.355s wait=5.822s drain=0.000s waits=736 untimed=736 | hint: calls=15732 total=12.541s encode=0.044s wait=12.497s drain=0.000s waits=15933 untimed=15933
[kernel-split] single: calls=15983 total=58.587s encode=1.569s wait=0.854s drain=56.164s waits=17077 untimed=13291 | wide: calls=1574 total=9.643s encode=1.237s wait=7.580s drain=0.826s waits=1574 untimed=0
[kernel-sub] materialize=0.620s moe=10.012s precommit=56.309s rest=1.289s
[metal-cache] calls=24795 zero_copy_wraps=656 copies=0 cache_entries=206 bindless=true
,
[stats] generated=178 elapsed=320.708s speed=0.5550 token/s (1.802 s/token) chunks=168 committed_rows=219 verify_tx=7 drafts=10/26 layer_passes=15624 expert_rows=20332 expert_tiles=16004
[verify-width] w1=0 w2=5 w3=0 w4=0 w5=0 w6=0 w7=0 w8+=2              (w1 share 0.0% of 7 transactions)
[opens] expert file opens=691409 total=10.351s mean=0.015ms requested_bytes=6977180695744 (6977.2 GB)
[arrival] tiles=1110 waves=2392 uncovered_wait=37.256s dispatch=9.396s
[retain] enabled=false cap_gb=8 layers=63..=92 consults=0 wanted=0 hits=0 inserts=0 served=0.0MB
[summer] enabled=false cap_gb=8 sample=16 consults=0 wanted=0 hits=0 hit_rate=0.0% misses=0 inserts=0 evictions=0 recycled=0 allocs=0 pin_skips=0 gated=0 ramp=2..50 bar=0 suppressed=0 wide_skips=0 served=0.0MB copied=0.0MB ssd_avoided=0.0GB live=0/0.0GB model=0 protected=0 declined=0 topup_suppressed=0 aged=0 into=0/0/0 pending=0
[mirror-split] internal=0 K3C=0 K3B=0 K3A=0  shares=0%/0%/0%/0%
[phases] mono=359588.973368 chunks=168 sequence=302.884s read_wait=0.171s bind_upload=1.522s attention_resident=18.435s expert_read_prefetch=180.511s expert_demand_read=108.330s expert_plan=12.506s expert_hint=0.001s expert_submit=0.001s expert_kernel=99.322s source_fence=0.001s tail_head_sync=2.557s layer_other=0.309s expert_read_gross=168.004s plan_hint=12.309s plan_sched=0.193s attn_total=20.940s attn_encode=6.318s attn_wait=11.129s attn_drain=3.492s kernel_total=68.581s kernel_host=2.817s kernel_wait=8.438s kernel_drain=57.326s
[attn-split] single: calls=15252 total=13.762s encode=4.962s wait=5.307s drain=3.492s waits=26404 untimed=4258 | wide: calls=744 total=7.177s encode=1.355s wait=5.822s drain=0.000s waits=736 untimed=736 | hint: calls=15824 total=12.617s encode=0.044s wait=12.574s drain=0.000s waits=16024 untimed=16024
[kernel-split] single: calls=16080 total=58.938s encode=1.579s wait=0.858s drain=56.500s waits=17180 untimed=13362 | wide: calls=1574 total=9.643s encode=1.237s wait=7.580s drain=0.826s waits=1574 untimed=0
[kernel-sub] materialize=0.620s moe=10.020s precommit=56.647s rest=1.294s
[metal-cache] calls=24892 zero_copy_wraps=656 copies=0 cache_entries=206 bindless=true
 languages
[stats] generated=179 elapsed=322.199s speed=0.5556 token/s (1.800 s/token) chunks=169 committed_rows=220 verify_tx=7 drafts=10/26 layer_passes=15717 expert_rows=20424 expert_tiles=16096
[verify-width] w1=0 w2=5 w3=0 w4=0 w5=0 w6=0 w7=0 w8+=2              (w1 share 0.0% of 7 transactions)
[opens] expert file opens=695415 total=10.401s mean=0.015ms requested_bytes=7012319116480 (7012.3 GB)
[arrival] tiles=1111 waves=2400 uncovered_wait=37.266s dispatch=9.405s
[retain] enabled=false cap_gb=8 layers=63..=92 consults=0 wanted=0 hits=0 inserts=0 served=0.0MB
[summer] enabled=false cap_gb=8 sample=16 consults=0 wanted=0 hits=0 hit_rate=0.0% misses=0 inserts=0 evictions=0 recycled=0 allocs=0 pin_skips=0 gated=0 ramp=2..50 bar=0 suppressed=0 wide_skips=0 served=0.0MB copied=0.0MB ssd_avoided=0.0GB live=0/0.0GB model=0 protected=0 declined=0 topup_suppressed=0 aged=0 into=0/0/0 pending=0
[mirror-split] internal=0 K3C=0 K3B=0 K3A=0  shares=0%/0%/0%/0%
[phases] mono=359590.463704 chunks=169 sequence=304.373s read_wait=0.171s bind_upload=1.522s attention_resident=18.524s expert_read_prefetch=181.538s expert_demand_read=108.977s expert_plan=12.579s expert_hint=0.001s expert_submit=0.001s expert_kernel=99.681s source_fence=0.001s tail_head_sync=2.570s layer_other=0.311s expert_read_gross=168.958s plan_hint=12.381s plan_sched=0.194s attn_total=21.028s attn_encode=6.341s attn_wait=11.174s attn_drain=3.513s kernel_total=68.931s kernel_host=2.826s kernel_wait=8.443s kernel_drain=57.662s
[attn-split] single: calls=15345 total=13.851s encode=4.986s wait=5.352s drain=3.513s waits=26565 untimed=4293 | wide: calls=744 total=7.177s encode=1.355s wait=5.822s drain=0.000s waits=736 untimed=736 | hint: calls=15916 total=12.689s encode=0.044s wait=12.645s drain=0.000s waits=16115 untimed=16115
[kernel-split] single: calls=16179 total=59.287s encode=1.588s wait=0.863s drain=56.836s waits=17287 untimed=13449 | wide: calls=1574 total=9.643s encode=1.237s wait=7.580s drain=0.826s waits=1574 untimed=0
[kernel-sub] materialize=0.620s moe=10.028s precommit=56.984s rest=1.298s
[metal-cache] calls=24991 zero_copy_wraps=656 copies=0 cache_entries=206 bindless=true
,
[stats] generated=180 elapsed=323.634s speed=0.5562 token/s (1.798 s/token) chunks=170 committed_rows=221 verify_tx=7 drafts=10/26 layer_passes=15810 expert_rows=20516 expert_tiles=16188
[verify-width] w1=0 w2=5 w3=0 w4=0 w5=0 w6=0 w7=0 w8+=2              (w1 share 0.0% of 7 transactions)
[opens] expert file opens=699222 total=10.450s mean=0.015ms requested_bytes=7045650234560 (7045.7 GB)
[arrival] tiles=1112 waves=2408 uncovered_wait=37.277s dispatch=9.412s
[retain] enabled=false cap_gb=8 layers=63..=92 consults=0 wanted=0 hits=0 inserts=0 served=0.0MB
[summer] enabled=false cap_gb=8 sample=16 consults=0 wanted=0 hits=0 hit_rate=0.0% misses=0 inserts=0 evictions=0 recycled=0 allocs=0 pin_skips=0 gated=0 ramp=2..50 bar=0 suppressed=0 wide_skips=0 served=0.0MB copied=0.0MB ssd_avoided=0.0GB live=0/0.0GB model=0 protected=0 declined=0 topup_suppressed=0 aged=0 into=0/0/0 pending=0
[mirror-split] internal=0 K3C=0 K3B=0 K3A=0  shares=0%/0%/0%/0%
[phases] mono=359591.898742 chunks=170 sequence=305.807s read_wait=0.171s bind_upload=1.522s attention_resident=18.593s expert_read_prefetch=182.548s expert_demand_read=109.556s expert_plan=12.669s expert_hint=0.001s expert_submit=0.001s expert_kernel=100.018s source_fence=0.001s tail_head_sync=2.586s layer_other=0.312s expert_read_gross=169.878s plan_hint=12.470s plan_sched=0.195s attn_total=21.097s attn_encode=6.365s attn_wait=11.204s attn_drain=3.527s kernel_total=69.256s kernel_host=2.834s kernel_wait=8.447s kernel_drain=57.975s
[attn-split] single: calls=15438 total=13.919s encode=5.010s wait=5.382s drain=3.527s waits=26726 untimed=4326 | wide: calls=744 total=7.177s encode=1.355s wait=5.822s drain=0.000s waits=736 untimed=736 | hint: calls=16008 total=12.778s encode=0.044s wait=12.734s drain=0.000s waits=16206 untimed=16206
[kernel-split] single: calls=16278 total=59.613s encode=1.597s wait=0.868s drain=57.149s waits=17394 untimed=13533 | wide: calls=1574 total=9.643s encode=1.237s wait=7.580s drain=0.826s waits=1574 untimed=0
[kernel-sub] materialize=0.620s moe=10.036s precommit=57.298s rest=1.302s
[metal-cache] calls=25090 zero_copy_wraps=656 copies=0 cache_entries=206 bindless=true
 or
[stats] generated=181 elapsed=325.101s speed=0.5567 token/s (1.796 s/token) chunks=171 committed_rows=222 verify_tx=7 drafts=10/26 layer_passes=15903 expert_rows=20608 expert_tiles=16280
[verify-width] w1=0 w2=5 w3=0 w4=0 w5=0 w6=0 w7=0 w8+=2              (w1 share 0.0% of 7 transactions)
[opens] expert file opens=703121 total=10.510s mean=0.015ms requested_bytes=7079797275840 (7079.8 GB)
[arrival] tiles=1113 waves=2413 uncovered_wait=37.288s dispatch=9.422s
[retain] enabled=false cap_gb=8 layers=63..=92 consults=0 wanted=0 hits=0 inserts=0 served=0.0MB
[summer] enabled=false cap_gb=8 sample=16 consults=0 wanted=0 hits=0 hit_rate=0.0% misses=0 inserts=0 evictions=0 recycled=0 allocs=0 pin_skips=0 gated=0 ramp=2..50 bar=0 suppressed=0 wide_skips=0 served=0.0MB copied=0.0MB ssd_avoided=0.0GB live=0/0.0GB model=0 protected=0 declined=0 topup_suppressed=0 aged=0 into=0/0/0 pending=0
[mirror-split] internal=0 K3C=0 K3B=0 K3A=0  shares=0%/0%/0%/0%
[phases] mono=359593.366318 chunks=171 sequence=307.273s read_wait=0.171s bind_upload=1.522s attention_resident=18.680s expert_read_prefetch=183.513s expert_demand_read=110.108s expert_plan=12.752s expert_hint=0.001s expert_submit=0.001s expert_kernel=100.413s source_fence=0.001s tail_head_sync=2.603s layer_other=0.313s expert_read_gross=170.761s plan_hint=12.552s plan_sched=0.196s attn_total=21.184s attn_encode=6.398s attn_wait=11.239s attn_drain=3.547s kernel_total=69.640s kernel_host=2.843s kernel_wait=8.453s kernel_drain=58.344s
[attn-split] single: calls=15531 total=14.006s encode=5.042s wait=5.417s drain=3.547s waits=26887 untimed=4351 | wide: calls=744 total=7.177s encode=1.355s wait=5.822s drain=0.000s waits=736 untimed=736 | hint: calls=16100 total=12.860s encode=0.045s wait=12.815s drain=0.000s waits=16297 untimed=16297
[kernel-split] single: calls=16374 total=59.997s encode=1.605s wait=0.873s drain=57.518s waits=17495 untimed=13620 | wide: calls=1574 total=9.643s encode=1.237s wait=7.580s drain=0.826s waits=1574 untimed=0
[kernel-sub] materialize=0.620s moe=10.045s precommit=57.668s rest=1.307s
[metal-cache] calls=25186 zero_copy_wraps=656 copies=0 cache_entries=206 bindless=true
[route-chain] chained=11040
[route-chain] dedup_hits=11040
 types
[stats] generated=182 elapsed=326.608s speed=0.5572 token/s (1.795 s/token) chunks=172 committed_rows=223 verify_tx=7 drafts=10/26 layer_passes=15996 expert_rows=20700 expert_tiles=16372
[verify-width] w1=0 w2=5 w3=0 w4=0 w5=0 w6=0 w7=0 w8+=2              (w1 share 0.0% of 7 transactions)
[opens] expert file opens=707186 total=10.563s mean=0.015ms requested_bytes=7115462147264 (7115.5 GB)
[arrival] tiles=1114 waves=2419 uncovered_wait=37.300s dispatch=9.429s
[retain] enabled=false cap_gb=8 layers=63..=92 consults=0 wanted=0 hits=0 inserts=0 served=0.0MB
[summer] enabled=false cap_gb=8 sample=16 consults=0 wanted=0 hits=0 hit_rate=0.0% misses=0 inserts=0 evictions=0 recycled=0 allocs=0 pin_skips=0 gated=0 ramp=2..50 bar=0 suppressed=0 wide_skips=0 served=0.0MB copied=0.0MB ssd_avoided=0.0GB live=0/0.0GB model=0 protected=0 declined=0 topup_suppressed=0 aged=0 into=0/0/0 pending=0
[mirror-split] internal=0 K3C=0 K3B=0 K3A=0  shares=0%/0%/0%/0%
[phases] mono=359594.873205 chunks=172 sequence=308.779s read_wait=0.171s bind_upload=1.522s attention_resident=18.749s expert_read_prefetch=184.562s expert_demand_read=110.706s expert_plan=12.824s expert_hint=0.001s expert_submit=0.001s expert_kernel=100.784s source_fence=0.001s tail_head_sync=2.619s layer_other=0.315s expert_read_gross=171.737s plan_hint=12.623s plan_sched=0.198s attn_total=21.253s attn_encode=6.419s attn_wait=11.270s attn_drain=3.564s kernel_total=69.999s kernel_host=2.852s kernel_wait=8.457s kernel_drain=58.690s
[attn-split] single: calls=15624 total=14.075s encode=5.063s wait=5.448s drain=3.564s waits=27048 untimed=4375 | wide: calls=744 total=7.177s encode=1.355s wait=5.822s drain=0.000s waits=736 untimed=736 | hint: calls=16192 total=12.931s encode=0.045s wait=12.886s drain=0.000s waits=16388 untimed=16388
[kernel-split] single: calls=16471 total=60.356s encode=1.614s wait=0.878s drain=57.864s waits=17598 untimed=13698 | wide: calls=1574 total=9.643s encode=1.237s wait=7.580s drain=0.826s waits=1574 untimed=0
[kernel-sub] materialize=0.620s moe=10.052s precommit=58.015s rest=1.311s
[metal-cache] calls=25283 zero_copy_wraps=656 copies=0 cache_entries=206 bindless=true
 of
[stats] generated=183 elapsed=328.067s speed=0.5578 token/s (1.793 s/token) chunks=173 committed_rows=224 verify_tx=7 drafts=10/26 layer_passes=16089 expert_rows=20792 expert_tiles=16464
[verify-width] w1=0 w2=5 w3=0 w4=0 w5=0 w6=0 w7=0 w8+=2              (w1 share 0.0% of 7 transactions)
[opens] expert file opens=711042 total=10.614s mean=0.015ms requested_bytes=7149310852288 (7149.3 GB)
[arrival] tiles=1115 waves=2427 uncovered_wait=37.314s dispatch=9.439s
[retain] enabled=false cap_gb=8 layers=63..=92 consults=0 wanted=0 hits=0 inserts=0 served=0.0MB
[summer] enabled=false cap_gb=8 sample=16 consults=0 wanted=0 hits=0 hit_rate=0.0% misses=0 inserts=0 evictions=0 recycled=0 allocs=0 pin_skips=0 gated=0 ramp=2..50 bar=0 suppressed=0 wide_skips=0 served=0.0MB copied=0.0MB ssd_avoided=0.0GB live=0/0.0GB model=0 protected=0 declined=0 topup_suppressed=0 aged=0 into=0/0/0 pending=0
[mirror-split] internal=0 K3C=0 K3B=0 K3A=0  shares=0%/0%/0%/0%
[phases] mono=359596.331997 chunks=173 sequence=310.236s read_wait=0.171s bind_upload=1.522s attention_resident=18.835s expert_read_prefetch=185.535s expert_demand_read=111.298s expert_plan=12.900s expert_hint=0.001s expert_submit=0.001s expert_kernel=101.164s source_fence=0.001s tail_head_sync=2.636s layer_other=0.316s expert_read_gross=172.634s plan_hint=12.698s plan_sched=0.199s attn_total=21.338s attn_encode=6.441s attn_wait=11.317s attn_drain=3.580s kernel_total=70.365s kernel_host=2.861s kernel_wait=8.463s kernel_drain=59.041s
[attn-split] single: calls=15717 total=14.161s encode=5.086s wait=5.495s drain=3.580s waits=27209 untimed=4408 | wide: calls=744 total=7.177s encode=1.355s wait=5.822s drain=0.000s waits=736 untimed=736 | hint: calls=16284 total=13.006s encode=0.045s wait=12.961s drain=0.000s waits=16479 untimed=16479
[kernel-split] single: calls=16570 total=60.721s encode=1.623s wait=0.884s drain=58.215s waits=17705 untimed=13780 | wide: calls=1574 total=9.643s encode=1.237s wait=7.580s drain=0.826s waits=1574 untimed=0
[kernel-sub] materialize=0.620s moe=10.062s precommit=58.367s rest=1.316s
[metal-cache] calls=25382 zero_copy_wraps=656 copies=0 cache_entries=206 bindless=true
 reasoning
[stats] generated=184 elapsed=329.588s speed=0.5583 token/s (1.791 s/token) chunks=174 committed_rows=225 verify_tx=7 drafts=10/26 layer_passes=16182 expert_rows=20884 expert_tiles=16556
[verify-width] w1=0 w2=5 w3=0 w4=0 w5=0 w6=0 w7=0 w8+=2              (w1 share 0.0% of 7 transactions)
[opens] expert file opens=715121 total=10.681s mean=0.015ms requested_bytes=7185072241856 (7185.1 GB)
[arrival] tiles=1116 waves=2435 uncovered_wait=37.325s dispatch=9.447s
[retain] enabled=false cap_gb=8 layers=63..=92 consults=0 wanted=0 hits=0 inserts=0 served=0.0MB
[summer] enabled=false cap_gb=8 sample=16 consults=0 wanted=0 hits=0 hit_rate=0.0% misses=0 inserts=0 evictions=0 recycled=0 allocs=0 pin_skips=0 gated=0 ramp=2..50 bar=0 suppressed=0 wide_skips=0 served=0.0MB copied=0.0MB ssd_avoided=0.0GB live=0/0.0GB model=0 protected=0 declined=0 topup_suppressed=0 aged=0 into=0/0/0 pending=0
[mirror-split] internal=0 K3C=0 K3B=0 K3A=0  shares=0%/0%/0%/0%
[phases] mono=359597.852899 chunks=174 sequence=311.756s read_wait=0.171s bind_upload=1.522s attention_resident=18.915s expert_read_prefetch=186.612s expert_demand_read=111.885s expert_plan=12.970s expert_hint=0.001s expert_submit=0.001s expert_kernel=101.512s source_fence=0.001s tail_head_sync=2.650s layer_other=0.318s expert_read_gross=173.641s plan_hint=12.767s plan_sched=0.200s attn_total=21.418s attn_encode=6.465s attn_wait=11.353s attn_drain=3.600s kernel_total=70.701s kernel_host=2.869s kernel_wait=8.469s kernel_drain=59.363s
[attn-split] single: calls=15810 total=14.241s encode=5.109s wait=5.531s drain=3.600s waits=27370 untimed=4433 | wide: calls=744 total=7.177s encode=1.355s wait=5.822s drain=0.000s waits=736 untimed=736 | hint: calls=16376 total=13.074s encode=0.045s wait=13.029s drain=0.000s waits=16570 untimed=16570
[kernel-split] single: calls=16669 total=61.058s encode=1.632s wait=0.889s drain=58.537s waits=17812 untimed=13870 | wide: calls=1574 total=9.643s encode=1.237s wait=7.580s drain=0.826s waits=1574 untimed=0
[kernel-sub] materialize=0.620s moe=10.070s precommit=58.691s rest=1.320s
[metal-cache] calls=25481 zero_copy_wraps=656 copies=0 cache_entries=206 bindless=true
.

[stats] generated=185 elapsed=331.157s speed=0.5586 token/s (1.790 s/token) chunks=175 committed_rows=226 verify_tx=7 drafts=10/26 layer_passes=16275 expert_rows=20976 expert_tiles=16648
[verify-width] w1=0 w2=5 w3=0 w4=0 w5=0 w6=0 w7=0 w8+=2              (w1 share 0.0% of 7 transactions)
[opens] expert file opens=719129 total=10.736s mean=0.015ms requested_bytes=7220228226240 (7220.2 GB)
[arrival] tiles=1117 waves=2442 uncovered_wait=37.335s dispatch=9.457s
[retain] enabled=false cap_gb=8 layers=63..=92 consults=0 wanted=0 hits=0 inserts=0 served=0.0MB
[summer] enabled=false cap_gb=8 sample=16 consults=0 wanted=0 hits=0 hit_rate=0.0% misses=0 inserts=0 evictions=0 recycled=0 allocs=0 pin_skips=0 gated=0 ramp=2..50 bar=0 suppressed=0 wide_skips=0 served=0.0MB copied=0.0MB ssd_avoided=0.0GB live=0/0.0GB model=0 protected=0 declined=0 topup_suppressed=0 aged=0 into=0/0/0 pending=0
[mirror-split] internal=0 K3C=0 K3B=0 K3A=0  shares=0%/0%/0%/0%
[phases] mono=359599.421631 chunks=175 sequence=313.324s read_wait=0.171s bind_upload=1.522s attention_resident=19.018s expert_read_prefetch=187.667s expert_demand_read=112.543s expert_plan=13.044s expert_hint=0.001s expert_submit=0.001s expert_kernel=101.903s source_fence=0.001s tail_head_sync=2.667s layer_other=0.319s expert_read_gross=174.621s plan_hint=12.840s plan_sched=0.201s attn_total=21.521s attn_encode=6.504s attn_wait=11.391s attn_drain=3.626s kernel_total=71.082s kernel_host=2.879s kernel_wait=8.475s kernel_drain=59.729s
[attn-split] single: calls=15903 total=14.343s encode=5.149s wait=5.569s drain=3.626s waits=27531 untimed=4454 | wide: calls=744 total=7.177s encode=1.355s wait=5.822s drain=0.000s waits=736 untimed=736 | hint: calls=16468 total=13.148s encode=0.045s wait=13.102s drain=0.000s waits=16661 untimed=16661
[kernel-split] single: calls=16767 total=61.439s encode=1.642s wait=0.895s drain=58.902s waits=17917 untimed=13954 | wide: calls=1574 total=9.643s encode=1.237s wait=7.580s drain=0.826s waits=1574 untimed=0
[kernel-sub] materialize=0.620s moe=10.080s precommit=59.057s rest=1.325s
[metal-cache] calls=25579 zero_copy_wraps=656 copies=0 cache_entries=206 bindless=true
2
[stats] generated=186 elapsed=332.794s speed=0.5589 token/s (1.789 s/token) chunks=176 committed_rows=227 verify_tx=7 drafts=10/26 layer_passes=16368 expert_rows=21068 expert_tiles=16740
[verify-width] w1=0 w2=5 w3=0 w4=0 w5=0 w6=0 w7=0 w8+=2              (w1 share 0.0% of 7 transactions)
[opens] expert file opens=723363 total=10.793s mean=0.015ms requested_bytes=7257323257024 (7257.3 GB)
[arrival] tiles=1118 waves=2448 uncovered_wait=37.347s dispatch=9.466s
[retain] enabled=false cap_gb=8 layers=63..=92 consults=0 wanted=0 hits=0 inserts=0 served=0.0MB
[summer] enabled=false cap_gb=8 sample=16 consults=0 wanted=0 hits=0 hit_rate=0.0% misses=0 inserts=0 evictions=0 recycled=0 allocs=0 pin_skips=0 gated=0 ramp=2..50 bar=0 suppressed=0 wide_skips=0 served=0.0MB copied=0.0MB ssd_avoided=0.0GB live=0/0.0GB model=0 protected=0 declined=0 topup_suppressed=0 aged=0 into=0/0/0 pending=0
[mirror-split] internal=0 K3C=0 K3B=0 K3A=0  shares=0%/0%/0%/0%
[phases] mono=359601.059530 chunks=176 sequence=314.960s read_wait=0.171s bind_upload=1.522s attention_resident=19.088s expert_read_prefetch=188.865s expert_demand_read=113.224s expert_plan=13.118s expert_hint=0.001s expert_submit=0.001s expert_kernel=102.256s source_fence=0.001s tail_head_sync=2.680s layer_other=0.321s expert_read_gross=175.746s plan_hint=12.913s plan_sched=0.202s attn_total=21.591s attn_encode=6.524s attn_wait=11.421s attn_drain=3.646s kernel_total=71.423s kernel_host=2.888s kernel_wait=8.480s kernel_drain=60.055s
[attn-split] single: calls=15996 total=14.413s encode=5.169s wait=5.599s drain=3.646s waits=27692 untimed=4481 | wide: calls=744 total=7.177s encode=1.355s wait=5.822s drain=0.000s waits=736 untimed=736 | hint: calls=16560 total=13.220s encode=0.046s wait=13.175s drain=0.000s waits=16752 untimed=16752
[kernel-split] single: calls=16864 total=61.779s encode=1.650s wait=0.901s drain=59.229s waits=18020 untimed=14037 | wide: calls=1574 total=9.643s encode=1.237s wait=7.580s drain=0.826s waits=1574 untimed=0
[kernel-sub] materialize=0.620s moe=10.089s precommit=59.384s rest=1.329s
[metal-cache] calls=25676 zero_copy_wraps=656 copies=0 cache_entries=206 bindless=true
.
[stats] generated=187 elapsed=334.368s speed=0.5593 token/s (1.788 s/token) chunks=177 committed_rows=228 verify_tx=7 drafts=10/26 layer_passes=16461 expert_rows=21160 expert_tiles=16832
[verify-width] w1=0 w2=5 w3=0 w4=0 w5=0 w6=0 w7=0 w8+=2              (w1 share 0.0% of 7 transactions)
[opens] expert file opens=727431 total=10.849s mean=0.015ms requested_bytes=7292988128448 (7293.0 GB)
[arrival] tiles=1119 waves=2456 uncovered_wait=37.355s dispatch=9.476s
[retain] enabled=false cap_gb=8 layers=63..=92 consults=0 wanted=0 hits=0 inserts=0 served=0.0MB
[summer] enabled=false cap_gb=8 sample=16 consults=0 wanted=0 hits=0 hit_rate=0.0% misses=0 inserts=0 evictions=0 recycled=0 allocs=0 pin_skips=0 gated=0 ramp=2..50 bar=0 suppressed=0 wide_skips=0 served=0.0MB copied=0.0MB ssd_avoided=0.0GB live=0/0.0GB model=0 protected=0 declined=0 topup_suppressed=0 aged=0 into=0/0/0 pending=0
[mirror-split] internal=0 K3C=0 K3B=0 K3A=0  shares=0%/0%/0%/0%
[phases] mono=359602.633565 chunks=177 sequence=316.533s read_wait=0.171s bind_upload=1.522s attention_resident=19.163s expert_read_prefetch=189.987s expert_demand_read=113.898s expert_plan=13.201s expert_hint=0.001s expert_submit=0.001s expert_kernel=102.613s source_fence=0.001s tail_head_sync=2.697s layer_other=0.322s expert_read_gross=176.785s plan_hint=12.995s plan_sched=0.203s attn_total=21.666s attn_encode=6.550s attn_wait=11.455s attn_drain=3.661s kernel_total=71.772s kernel_host=2.898s kernel_wait=8.485s kernel_drain=60.388s
[attn-split] single: calls=16089 total=14.489s encode=5.194s wait=5.633s drain=3.661s waits=27853 untimed=4513 | wide: calls=744 total=7.177s encode=1.355s wait=5.822s drain=0.000s waits=736 untimed=736 | hint: calls=16652 total=13.302s encode=0.046s wait=13.256s drain=0.000s waits=16843 untimed=16843
[kernel-split] single: calls=16963 total=62.128s encode=1.661s wait=0.906s drain=59.562s waits=18127 untimed=14128 | wide: calls=1574 total=9.643s encode=1.237s wait=7.580s drain=0.826s waits=1574 untimed=0
[kernel-sub] materialize=0.620s moe=10.098s precommit=59.719s rest=1.334s
[metal-cache] calls=25775 zero_copy_wraps=656 copies=0 cache_entries=206 bindless=true
 
[stats] generated=188 elapsed=335.987s speed=0.5595 token/s (1.787 s/token) chunks=178 committed_rows=229 verify_tx=7 drafts=10/26 layer_passes=16554 expert_rows=21252 expert_tiles=16924
[verify-width] w1=0 w2=5 w3=0 w4=0 w5=0 w6=0 w7=0 w8+=2              (w1 share 0.0% of 7 transactions)
[opens] expert file opens=731676 total=10.909s mean=0.015ms requested_bytes=7330188410048 (7330.2 GB)
[arrival] tiles=1120 waves=2464 uncovered_wait=37.364s dispatch=9.487s
[retain] enabled=false cap_gb=8 layers=63..=92 consults=0 wanted=0 hits=0 inserts=0 served=0.0MB
[summer] enabled=false cap_gb=8 sample=16 consults=0 wanted=0 hits=0 hit_rate=0.0% misses=0 inserts=0 evictions=0 recycled=0 allocs=0 pin_skips=0 gated=0 ramp=2..50 bar=0 suppressed=0 wide_skips=0 served=0.0MB copied=0.0MB ssd_avoided=0.0GB live=0/0.0GB model=0 protected=0 declined=0 topup_suppressed=0 aged=0 into=0/0/0 pending=0
[mirror-split] internal=0 K3C=0 K3B=0 K3A=0  shares=0%/0%/0%/0%
[phases] mono=359604.252455 chunks=178 sequence=318.151s read_wait=0.171s bind_upload=1.522s attention_resident=19.246s expert_read_prefetch=191.136s expert_demand_read=114.555s expert_plan=13.271s expert_hint=0.001s expert_submit=0.001s expert_kernel=102.983s source_fence=0.001s tail_head_sync=2.711s layer_other=0.324s expert_read_gross=177.864s plan_hint=13.064s plan_sched=0.204s attn_total=21.749s attn_encode=6.576s attn_wait=11.487s attn_drain=3.685s kernel_total=72.132s kernel_host=2.910s kernel_wait=8.491s kernel_drain=60.731s
[attn-split] single: calls=16182 total=14.572s encode=5.221s wait=5.665s drain=3.685s waits=28014 untimed=4543 | wide: calls=744 total=7.177s encode=1.355s wait=5.822s drain=0.000s waits=736 untimed=736 | hint: calls=16744 total=13.371s encode=0.046s wait=13.325s drain=0.000s waits=16934 untimed=16934
[kernel-split] single: calls=17062 total=62.489s encode=1.672s wait=0.912s drain=59.905s waits=18234 untimed=14210 | wide: calls=1574 total=9.643s encode=1.237s wait=7.580s drain=0.826s waits=1574 untimed=0
[kernel-sub] materialize=0.620s moe=10.109s precommit=60.064s rest=1.339s
[metal-cache] calls=25874 zero_copy_wraps=656 copies=0 cache_entries=206 bindless=true
 **
[stats] generated=189 elapsed=337.575s speed=0.5599 token/s (1.786 s/token) chunks=179 committed_rows=230 verify_tx=7 drafts=10/26 layer_passes=16647 expert_rows=21344 expert_tiles=17016
[verify-width] w1=0 w2=5 w3=0 w4=0 w5=0 w6=0 w7=0 w8+=2              (w1 share 0.0% of 7 transactions)
[opens] expert file opens=735849 total=10.967s mean=0.015ms requested_bytes=7366757006528 (7366.8 GB)
[arrival] tiles=1121 waves=2470 uncovered_wait=37.373s dispatch=9.494s
[retain] enabled=false cap_gb=8 layers=63..=92 consults=0 wanted=0 hits=0 inserts=0 served=0.0MB
[summer] enabled=false cap_gb=8 sample=16 consults=0 wanted=0 hits=0 hit_rate=0.0% misses=0 inserts=0 evictions=0 recycled=0 allocs=0 pin_skips=0 gated=0 ramp=2..50 bar=0 suppressed=0 wide_skips=0 served=0.0MB copied=0.0MB ssd_avoided=0.0GB live=0/0.0GB model=0 protected=0 declined=0 topup_suppressed=0 aged=0 into=0/0/0 pending=0
[mirror-split] internal=0 K3C=0 K3B=0 K3A=0  shares=0%/0%/0%/0%
[phases] mono=359605.840078 chunks=179 sequence=319.737s read_wait=0.171s bind_upload=1.522s attention_resident=19.328s expert_read_prefetch=192.284s expert_demand_read=115.240s expert_plan=13.355s expert_hint=0.001s expert_submit=0.001s expert_kernel=103.323s source_fence=0.001s tail_head_sync=2.725s layer_other=0.325s expert_read_gross=178.928s plan_hint=13.146s plan_sched=0.205s attn_total=21.831s attn_encode=6.608s attn_wait=11.518s attn_drain=3.704s kernel_total=72.464s kernel_host=2.918s kernel_wait=8.496s kernel_drain=61.050s
[attn-split] single: calls=16275 total=14.654s encode=5.253s wait=5.697s drain=3.704s waits=28175 untimed=4566 | wide: calls=744 total=7.177s encode=1.355s wait=5.822s drain=0.000s waits=736 untimed=736 | hint: calls=16836 total=13.454s encode=0.046s wait=13.407s drain=0.000s waits=17025 untimed=17025
[kernel-split] single: calls=17159 total=62.820s encode=1.681s wait=0.916s drain=60.224s waits=18337 untimed=14291 | wide: calls=1574 total=9.643s encode=1.237s wait=7.580s drain=0.826s waits=1574 untimed=0
[kernel-sub] materialize=0.620s moe=10.117s precommit=60.383s rest=1.344s
[metal-cache] calls=25971 zero_copy_wraps=656 copies=0 cache_entries=206 bindless=true
Router
[stats] generated=190 elapsed=339.155s speed=0.5602 token/s (1.785 s/token) chunks=180 committed_rows=231 verify_tx=7 drafts=10/26 layer_passes=16740 expert_rows=21436 expert_tiles=17108
[verify-width] w1=0 w2=5 w3=0 w4=0 w5=0 w6=0 w7=0 w8+=2              (w1 share 0.0% of 7 transactions)
[opens] expert file opens=740053 total=11.024s mean=0.015ms requested_bytes=7403580013760 (7403.6 GB)
[arrival] tiles=1122 waves=2478 uncovered_wait=37.384s dispatch=9.505s
[retain] enabled=false cap_gb=8 layers=63..=92 consults=0 wanted=0 hits=0 inserts=0 served=0.0MB
[summer] enabled=false cap_gb=8 sample=16 consults=0 wanted=0 hits=0 hit_rate=0.0% misses=0 inserts=0 evictions=0 recycled=0 allocs=0 pin_skips=0 gated=0 ramp=2..50 bar=0 suppressed=0 wide_skips=0 served=0.0MB copied=0.0MB ssd_avoided=0.0GB live=0/0.0GB model=0 protected=0 declined=0 topup_suppressed=0 aged=0 into=0/0/0 pending=0
[mirror-split] internal=0 K3C=0 K3B=0 K3A=0  shares=0%/0%/0%/0%
[phases] mono=359607.420205 chunks=180 sequence=321.316s read_wait=0.171s bind_upload=1.522s attention_resident=19.399s expert_read_prefetch=193.419s expert_demand_read=115.902s expert_plan=13.430s expert_hint=0.001s expert_submit=0.001s expert_kernel=103.682s source_fence=0.001s tail_head_sync=2.738s layer_other=0.327s expert_read_gross=179.988s plan_hint=13.220s plan_sched=0.206s attn_total=21.901s attn_encode=6.630s attn_wait=11.547s attn_drain=3.724s kernel_total=72.811s kernel_host=2.927s kernel_wait=8.503s kernel_drain=61.382s
[attn-split] single: calls=16368 total=14.724s encode=5.275s wait=5.725s drain=3.724s waits=28336 untimed=4588 | wide: calls=744 total=7.177s encode=1.355s wait=5.822s drain=0.000s waits=736 untimed=736 | hint: calls=16928 total=13.528s encode=0.047s wait=13.481s drain=0.000s waits=17116 untimed=17116
[kernel-split] single: calls=17258 total=63.168s encode=1.689s wait=0.923s drain=60.556s waits=18444 untimed=14371 | wide: calls=1574 total=9.643s encode=1.237s wait=7.580s drain=0.826s waits=1574 untimed=0
[kernel-sub] materialize=0.620s moe=10.127s precommit=60.716s rest=1.348s
[metal-cache] calls=26070 zero_copy_wraps=656 copies=0 cache_entries=206 bindless=true
/G
[stats] generated=191 elapsed=340.652s speed=0.5607 token/s (1.784 s/token) chunks=181 committed_rows=232 verify_tx=7 drafts=10/26 layer_passes=16833 expert_rows=21528 expert_tiles=17200
[verify-width] w1=0 w2=5 w3=0 w4=0 w5=0 w6=0 w7=0 w8+=2              (w1 share 0.0% of 7 transactions)
[opens] expert file opens=743992 total=11.080s mean=0.015ms requested_bytes=7438139423936 (7438.1 GB)
[arrival] tiles=1123 waves=2482 uncovered_wait=37.394s dispatch=9.514s
[retain] enabled=false cap_gb=8 layers=63..=92 consults=0 wanted=0 hits=0 inserts=0 served=0.0MB
[summer] enabled=false cap_gb=8 sample=16 consults=0 wanted=0 hits=0 hit_rate=0.0% misses=0 inserts=0 evictions=0 recycled=0 allocs=0 pin_skips=0 gated=0 ramp=2..50 bar=0 suppressed=0 wide_skips=0 served=0.0MB copied=0.0MB ssd_avoided=0.0GB live=0/0.0GB model=0 protected=0 declined=0 topup_suppressed=0 aged=0 into=0/0/0 pending=0
[mirror-split] internal=0 K3C=0 K3B=0 K3A=0  shares=0%/0%/0%/0%
[phases] mono=359608.917481 chunks=181 sequence=322.811s read_wait=0.171s bind_upload=1.522s attention_resident=19.484s expert_read_prefetch=194.454s expert_demand_read=116.500s expert_plan=13.506s expert_hint=0.001s expert_submit=0.001s expert_kernel=104.040s source_fence=0.001s tail_head_sync=2.754s layer_other=0.328s expert_read_gross=180.947s plan_hint=13.295s plan_sched=0.207s attn_total=21.986s attn_encode=6.657s attn_wait=11.583s attn_drain=3.746s kernel_total=73.158s kernel_host=2.937s kernel_wait=8.507s kernel_drain=61.715s
[attn-split] single: calls=16461 total=14.809s encode=5.302s wait=5.761s drain=3.746s waits=28497 untimed=4614 | wide: calls=744 total=7.177s encode=1.355s wait=5.822s drain=0.000s waits=736 untimed=736 | hint: calls=17020 total=13.603s encode=0.047s wait=13.556s drain=0.000s waits=17207 untimed=17207
[kernel-split] single: calls=17353 total=63.515s encode=1.699s wait=0.927s drain=60.889s waits=18543 untimed=14449 | wide: calls=1574 total=9.643s encode=1.237s wait=7.580s drain=0.826s waits=1574 untimed=0
[kernel-sub] materialize=0.620s moe=10.136s precommit=61.049s rest=1.353s
[metal-cache] calls=26165 zero_copy_wraps=656 copies=0 cache_entries=206 bindless=true
[route-chain] chained=11730
[route-chain] dedup_hits=11730
ating
[stats] generated=192 elapsed=342.200s speed=0.5611 token/s (1.782 s/token) chunks=182 committed_rows=233 verify_tx=7 drafts=10/26 layer_passes=16926 expert_rows=21620 expert_tiles=17292
[verify-width] w1=0 w2=5 w3=0 w4=0 w5=0 w6=0 w7=0 w8+=2              (w1 share 0.0% of 7 transactions)
[opens] expert file opens=747922 total=11.134s mean=0.015ms requested_bytes=7472646143168 (7472.6 GB)
[arrival] tiles=1124 waves=2490 uncovered_wait=37.404s dispatch=9.524s
[retain] enabled=false cap_gb=8 layers=63..=92 consults=0 wanted=0 hits=0 inserts=0 served=0.0MB
[summer] enabled=false cap_gb=8 sample=16 consults=0 wanted=0 hits=0 hit_rate=0.0% misses=0 inserts=0 evictions=0 recycled=0 allocs=0 pin_skips=0 gated=0 ramp=2..50 bar=0 suppressed=0 wide_skips=0 served=0.0MB copied=0.0MB ssd_avoided=0.0GB live=0/0.0GB model=0 protected=0 declined=0 topup_suppressed=0 aged=0 into=0/0/0 pending=0
[mirror-split] internal=0 K3C=0 K3B=0 K3A=0  shares=0%/0%/0%/0%
[phases] mono=359610.465342 chunks=182 sequence=324.358s read_wait=0.171s bind_upload=1.522s attention_resident=19.578s expert_read_prefetch=195.538s expert_demand_read=117.143s expert_plan=13.582s expert_hint=0.001s expert_submit=0.001s expert_kernel=104.393s source_fence=0.001s tail_head_sync=2.767s layer_other=0.330s expert_read_gross=181.955s plan_hint=13.370s plan_sched=0.208s attn_total=22.080s attn_encode=6.683s attn_wait=11.627s attn_drain=3.769s kernel_total=73.502s kernel_host=2.946s kernel_wait=8.513s kernel_drain=62.043s
[attn-split] single: calls=16554 total=14.902s encode=5.328s wait=5.805s drain=3.769s waits=28658 untimed=4637 | wide: calls=744 total=7.177s encode=1.355s wait=5.822s drain=0.000s waits=736 untimed=736 | hint: calls=17112 total=13.678s encode=0.047s wait=13.631s drain=0.000s waits=17298 untimed=17298
[kernel-split] single: calls=17452 total=63.858s encode=1.709s wait=0.933s drain=61.217s waits=18650 untimed=14534 | wide: calls=1574 total=9.643s encode=1.237s wait=7.580s drain=0.826s waits=1574 untimed=0
[kernel-sub] materialize=0.620s moe=10.145s precommit=61.379s rest=1.357s
[metal-cache] calls=26264 zero_copy_wraps=656 copies=0 cache_entries=206 bindless=true
 Network
[stats] generated=193 elapsed=343.734s speed=0.5615 token/s (1.781 s/token) chunks=183 committed_rows=234 verify_tx=7 drafts=10/26 layer_passes=17019 expert_rows=21712 expert_tiles=17384
[verify-width] w1=0 w2=5 w3=0 w4=0 w5=0 w6=0 w7=0 w8+=2              (w1 share 0.0% of 7 transactions)
[opens] expert file opens=751855 total=11.185s mean=0.015ms requested_bytes=7507117817024 (7507.1 GB)
[arrival] tiles=1125 waves=2497 uncovered_wait=37.415s dispatch=9.534s
[retain] enabled=false cap_gb=8 layers=63..=92 consults=0 wanted=0 hits=0 inserts=0 served=0.0MB
[summer] enabled=false cap_gb=8 sample=16 consults=0 wanted=0 hits=0 hit_rate=0.0% misses=0 inserts=0 evictions=0 recycled=0 allocs=0 pin_skips=0 gated=0 ramp=2..50 bar=0 suppressed=0 wide_skips=0 served=0.0MB copied=0.0MB ssd_avoided=0.0GB live=0/0.0GB model=0 protected=0 declined=0 topup_suppressed=0 aged=0 into=0/0/0 pending=0
[mirror-split] internal=0 K3C=0 K3B=0 K3A=0  shares=0%/0%/0%/0%
[phases] mono=359611.999383 chunks=183 sequence=325.891s read_wait=0.171s bind_upload=1.522s attention_resident=19.659s expert_read_prefetch=196.633s expert_demand_read=117.782s expert_plan=13.669s expert_hint=0.001s expert_submit=0.001s expert_kernel=104.736s source_fence=0.001s tail_head_sync=2.780s layer_other=0.331s expert_read_gross=182.963s plan_hint=13.456s plan_sched=0.209s attn_total=22.161s attn_encode=6.713s attn_wait=11.651s attn_drain=3.796s kernel_total=73.834s kernel_host=2.956s kernel_wait=8.518s kernel_drain=62.360s
[attn-split] single: calls=16647 total=14.984s encode=5.358s wait=5.830s drain=3.796s waits=28819 untimed=4660 | wide: calls=744 total=7.177s encode=1.355s wait=5.822s drain=0.000s waits=736 untimed=736 | hint: calls=17204 total=13.763s encode=0.047s wait=13.716s drain=0.000s waits=17389 untimed=17389
[kernel-split] single: calls=17550 total=64.190s encode=1.718s wait=0.938s drain=61.534s waits=18755 untimed=14620 | wide: calls=1574 total=9.643s encode=1.237s wait=7.580s drain=0.826s waits=1574 untimed=0
[kernel-sub] materialize=0.620s moe=10.156s precommit=61.696s rest=1.361s
[metal-cache] calls=26362 zero_copy_wraps=656 copies=0 cache_entries=206 bindless=true
**:
[stats] generated=194 elapsed=345.234s speed=0.5619 token/s (1.780 s/token) chunks=184 committed_rows=235 verify_tx=7 drafts=10/26 layer_passes=17112 expert_rows=21804 expert_tiles=17476
[verify-width] w1=0 w2=5 w3=0 w4=0 w5=0 w6=0 w7=0 w8+=2              (w1 share 0.0% of 7 transactions)
[opens] expert file opens=755775 total=11.241s mean=0.015ms requested_bytes=7541519285440 (7541.5 GB)
[arrival] tiles=1126 waves=2505 uncovered_wait=37.426s dispatch=9.544s
[retain] enabled=false cap_gb=8 layers=63..=92 consults=0 wanted=0 hits=0 inserts=0 served=0.0MB
[summer] enabled=false cap_gb=8 sample=16 consults=0 wanted=0 hits=0 hit_rate=0.0% misses=0 inserts=0 evictions=0 recycled=0 allocs=0 pin_skips=0 gated=0 ramp=2..50 bar=0 suppressed=0 wide_skips=0 served=0.0MB copied=0.0MB ssd_avoided=0.0GB live=0/0.0GB model=0 protected=0 declined=0 topup_suppressed=0 aged=0 into=0/0/0 pending=0
[mirror-split] internal=0 K3C=0 K3B=0 K3A=0  shares=0%/0%/0%/0%
[phases] mono=359613.498503 chunks=184 sequence=327.389s read_wait=0.171s bind_upload=1.522s attention_resident=19.734s expert_read_prefetch=197.677s expert_demand_read=118.391s expert_plan=13.752s expert_hint=0.001s expert_submit=0.001s expert_kernel=105.100s source_fence=0.001s tail_head_sync=2.793s layer_other=0.332s expert_read_gross=183.925s plan_hint=13.537s plan_sched=0.210s attn_total=22.236s attn_encode=6.736s attn_wait=11.685s attn_drain=3.815s kernel_total=74.186s kernel_host=2.965s kernel_wait=8.523s kernel_drain=62.698s
[attn-split] single: calls=16740 total=15.058s encode=5.381s wait=5.863s drain=3.815s waits=28980 untimed=4693 | wide: calls=744 total=7.177s encode=1.355s wait=5.822s drain=0.000s waits=736 untimed=736 | hint: calls=17296 total=13.845s encode=0.048s wait=13.797s drain=0.000s waits=17480 untimed=17480
[kernel-split] single: calls=17649 total=64.543s encode=1.728s wait=0.943s drain=61.872s waits=18862 untimed=14701 | wide: calls=1574 total=9.643s encode=1.237s wait=7.580s drain=0.826s waits=1574 untimed=0
[kernel-sub] materialize=0.620s moe=10.166s precommit=62.035s rest=1.366s
[metal-cache] calls=26461 zero_copy_wraps=656 copies=0 cache_entries=206 bindless=true
 A
[stats] generated=195 elapsed=346.774s speed=0.5623 token/s (1.778 s/token) chunks=185 committed_rows=236 verify_tx=7 drafts=10/26 layer_passes=17205 expert_rows=21896 expert_tiles=17568
[verify-width] w1=0 w2=5 w3=0 w4=0 w5=0 w6=0 w7=0 w8+=2              (w1 share 0.0% of 7 transactions)
[opens] expert file opens=759769 total=11.294s mean=0.015ms requested_bytes=7576561204416 (7576.6 GB)
[arrival] tiles=1127 waves=2513 uncovered_wait=37.435s dispatch=9.552s
[retain] enabled=false cap_gb=8 layers=63..=92 consults=0 wanted=0 hits=0 inserts=0 served=0.0MB
[summer] enabled=false cap_gb=8 sample=16 consults=0 wanted=0 hits=0 hit_rate=0.0% misses=0 inserts=0 evictions=0 recycled=0 allocs=0 pin_skips=0 gated=0 ramp=2..50 bar=0 suppressed=0 wide_skips=0 served=0.0MB copied=0.0MB ssd_avoided=0.0GB live=0/0.0GB model=0 protected=0 declined=0 topup_suppressed=0 aged=0 into=0/0/0 pending=0
[mirror-split] internal=0 K3C=0 K3B=0 K3A=0  shares=0%/0%/0%/0%
[phases] mono=359615.039448 chunks=185 sequence=328.929s read_wait=0.171s bind_upload=1.522s attention_resident=19.823s expert_read_prefetch=198.752s expert_demand_read=119.057s expert_plan=13.825s expert_hint=0.001s expert_submit=0.001s expert_kernel=105.461s source_fence=0.001s tail_head_sync=2.807s layer_other=0.334s expert_read_gross=184.926s plan_hint=13.610s plan_sched=0.212s attn_total=22.325s attn_encode=6.760s attn_wait=11.728s attn_drain=3.836s kernel_total=74.538s kernel_host=2.974s kernel_wait=8.527s kernel_drain=63.037s
[attn-split] single: calls=16833 total=15.147s encode=5.405s wait=5.906s drain=3.836s waits=29141 untimed=4716 | wide: calls=744 total=7.177s encode=1.355s wait=5.822s drain=0.000s waits=736 untimed=736 | hint: calls=17388 total=13.917s encode=0.048s wait=13.869s drain=0.000s waits=17571 untimed=17571
[kernel-split] single: calls=17748 total=64.895s encode=1.737s wait=0.948s drain=62.211s waits=18969 untimed=14782 | wide: calls=1574 total=9.643s encode=1.237s wait=7.580s drain=0.826s waits=1574 untimed=0
[kernel-sub] materialize=0.620s moe=10.173s precommit=62.375s rest=1.371s
[metal-cache] calls=26560 zero_copy_wraps=656 copies=0 cache_entries=206 bindless=true
 small
[stats] generated=196 elapsed=348.249s speed=0.5628 token/s (1.777 s/token) chunks=186 committed_rows=237 verify_tx=7 drafts=10/26 layer_passes=17298 expert_rows=21988 expert_tiles=17660
[verify-width] w1=0 w2=5 w3=0 w4=0 w5=0 w6=0 w7=0 w8+=2              (w1 share 0.0% of 7 transactions)
[opens] expert file opens=763659 total=11.347s mean=0.015ms requested_bytes=7610655603904 (7610.7 GB)
[arrival] tiles=1128 waves=2520 uncovered_wait=37.447s dispatch=9.563s
[retain] enabled=false cap_gb=8 layers=63..=92 consults=0 wanted=0 hits=0 inserts=0 served=0.0MB
[summer] enabled=false cap_gb=8 sample=16 consults=0 wanted=0 hits=0 hit_rate=0.0% misses=0 inserts=0 evictions=0 recycled=0 allocs=0 pin_skips=0 gated=0 ramp=2..50 bar=0 suppressed=0 wide_skips=0 served=0.0MB copied=0.0MB ssd_avoided=0.0GB live=0/0.0GB model=0 protected=0 declined=0 topup_suppressed=0 aged=0 into=0/0/0 pending=0
[mirror-split] internal=0 K3C=0 K3B=0 K3A=0  shares=0%/0%/0%/0%
[phases] mono=359616.514034 chunks=186 sequence=330.402s read_wait=0.171s bind_upload=1.522s attention_resident=19.911s expert_read_prefetch=199.757s expert_demand_read=119.642s expert_plan=13.895s expert_hint=0.001s expert_submit=0.001s expert_kernel=105.822s source_fence=0.001s tail_head_sync=2.824s layer_other=0.335s expert_read_gross=185.862s plan_hint=13.678s plan_sched=0.213s attn_total=22.412s attn_encode=6.785s attn_wait=11.775s attn_drain=3.852s kernel_total=74.887s kernel_host=2.984s kernel_wait=8.533s kernel_drain=63.370s
[attn-split] single: calls=16926 total=15.235s encode=5.430s wait=5.953s drain=3.852s waits=29302 untimed=4750 | wide: calls=744 total=7.177s encode=1.355s wait=5.822s drain=0.000s waits=736 untimed=736 | hint: calls=17480 total=13.986s encode=0.048s wait=13.937s drain=0.000s waits=17662 untimed=17662
[kernel-split] single: calls=17846 total=65.244s encode=1.747s wait=0.954s drain=62.544s waits=19074 untimed=14863 | wide: calls=1574 total=9.643s encode=1.237s wait=7.580s drain=0.826s waits=1574 untimed=0
[kernel-sub] materialize=0.620s moe=10.184s precommit=62.708s rest=1.375s
[metal-cache] calls=26658 zero_copy_wraps=656 copies=0 cache_entries=206 bindless=true
 neural
[stats] generated=197 elapsed=349.732s speed=0.5633 token/s (1.775 s/token) chunks=187 committed_rows=238 verify_tx=7 drafts=10/26 layer_passes=17391 expert_rows=22080 expert_tiles=17752
[verify-width] w1=0 w2=5 w3=0 w4=0 w5=0 w6=0 w7=0 w8+=2              (w1 share 0.0% of 7 transactions)
[opens] expert file opens=767579 total=11.405s mean=0.015ms requested_bytes=7645030743232 (7645.0 GB)
[arrival] tiles=1129 waves=2528 uncovered_wait=37.461s dispatch=9.572s
[retain] enabled=false cap_gb=8 layers=63..=92 consults=0 wanted=0 hits=0 inserts=0 served=0.0MB
[summer] enabled=false cap_gb=8 sample=16 consults=0 wanted=0 hits=0 hit_rate=0.0% misses=0 inserts=0 evictions=0 recycled=0 allocs=0 pin_skips=0 gated=0 ramp=2..50 bar=0 suppressed=0 wide_skips=0 served=0.0MB copied=0.0MB ssd_avoided=0.0GB live=0/0.0GB model=0 protected=0 declined=0 topup_suppressed=0 aged=0 into=0/0/0 pending=0
[mirror-split] internal=0 K3C=0 K3B=0 K3A=0  shares=0%/0%/0%/0%
[phases] mono=359617.996801 chunks=187 sequence=331.884s read_wait=0.171s bind_upload=1.522s attention_resident=20.008s expert_read_prefetch=200.757s expert_demand_read=120.274s expert_plan=13.962s expert_hint=0.001s expert_submit=0.001s expert_kernel=106.193s source_fence=0.001s tail_head_sync=2.836s layer_other=0.337s expert_read_gross=186.794s plan_hint=13.745s plan_sched=0.214s attn_total=22.509s attn_encode=6.830s attn_wait=11.798s attn_drain=3.881s kernel_total=75.244s kernel_host=2.994s kernel_wait=8.539s kernel_drain=63.712s
[attn-split] single: calls=17019 total=15.331s encode=5.475s wait=5.976s drain=3.881s waits=29463 untimed=4769 | wide: calls=744 total=7.177s encode=1.355s wait=5.822s drain=0.000s waits=736 untimed=736 | hint: calls=17572 total=14.052s encode=0.048s wait=14.003s drain=0.000s waits=17753 untimed=17753
[kernel-split] single: calls=17945 total=65.601s encode=1.757s wait=0.959s drain=62.886s waits=19181 untimed=14940 | wide: calls=1574 total=9.643s encode=1.237s wait=7.580s drain=0.826s waits=1574 untimed=0
[kernel-sub] materialize=0.620s moe=10.193s precommit=63.052s rest=1.380s
[metal-cache] calls=26757 zero_copy_wraps=656 copies=0 cache_entries=206 bindless=true
 network
[stats] generated=198 elapsed=351.214s speed=0.5638 token/s (1.774 s/token) chunks=188 committed_rows=239 verify_tx=7 drafts=10/26 layer_passes=17484 expert_rows=22172 expert_tiles=17844
[verify-width] w1=0 w2=5 w3=0 w4=0 w5=0 w6=0 w7=0 w8+=2              (w1 share 0.0% of 7 transactions)
[opens] expert file opens=771425 total=11.458s mean=0.015ms requested_bytes=7678782962880 (7678.8 GB)
[arrival] tiles=1130 waves=2534 uncovered_wait=37.474s dispatch=9.582s
[retain] enabled=false cap_gb=8 layers=63..=92 consults=0 wanted=0 hits=0 inserts=0 served=0.0MB
[summer] enabled=false cap_gb=8 sample=16 consults=0 wanted=0 hits=0 hit_rate=0.0% misses=0 inserts=0 evictions=0 recycled=0 allocs=0 pin_skips=0 gated=0 ramp=2..50 bar=0 suppressed=0 wide_skips=0 served=0.0MB copied=0.0MB ssd_avoided=0.0GB live=0/0.0GB model=0 protected=0 declined=0 topup_suppressed=0 aged=0 into=0/0/0 pending=0
[mirror-split] internal=0 K3C=0 K3B=0 K3A=0  shares=0%/0%/0%/0%
[phases] mono=359619.479510 chunks=188 sequence=333.353s read_wait=0.171s bind_upload=1.522s attention_resident=20.095s expert_read_prefetch=201.732s expert_demand_read=120.848s expert_plan=14.031s expert_hint=0.001s expert_submit=0.001s expert_kernel=106.584s source_fence=0.001s tail_head_sync=2.852s layer_other=0.338s expert_read_gross=187.700s plan_hint=13.812s plan_sched=0.215s attn_total=22.596s attn_encode=6.855s attn_wait=11.825s attn_drain=3.916s kernel_total=75.621s kernel_host=3.004s kernel_wait=8.544s kernel_drain=64.074s
[attn-split] single: calls=17112 total=15.419s encode=5.500s wait=6.003s drain=3.916s waits=29624 untimed=4788 | wide: calls=744 total=7.177s encode=1.355s wait=5.822s drain=0.000s waits=736 untimed=736 | hint: calls=17664 total=14.119s encode=0.049s wait=14.070s drain=0.000s waits=17844 untimed=17844
[kernel-split] single: calls=18042 total=65.978s encode=1.766s wait=0.964s drain=63.247s waits=19284 untimed=15016 | wide: calls=1574 total=9.643s encode=1.237s wait=7.580s drain=0.826s waits=1574 untimed=0
[kernel-sub] materialize=0.620s moe=10.203s precommit=63.413s rest=1.385s
[metal-cache] calls=26854 zero_copy_wraps=656 copies=0 cache_entries=206 bindless=true
 that
[stats] generated=199 elapsed=352.716s speed=0.5642 token/s (1.772 s/token) chunks=189 committed_rows=240 verify_tx=7 drafts=10/26 layer_passes=17577 expert_rows=22264 expert_tiles=17936
[verify-width] w1=0 w2=5 w3=0 w4=0 w5=0 w6=0 w7=0 w8+=2              (w1 share 0.0% of 7 transactions)
[opens] expert file opens=775357 total=11.511s mean=0.015ms requested_bytes=7713263385792 (7713.3 GB)
[arrival] tiles=1131 waves=2542 uncovered_wait=37.486s dispatch=9.592s
[retain] enabled=false cap_gb=8 layers=63..=92 consults=0 wanted=0 hits=0 inserts=0 served=0.0MB
[summer] enabled=false cap_gb=8 sample=16 consults=0 wanted=0 hits=0 hit_rate=0.0% misses=0 inserts=0 evictions=0 recycled=0 allocs=0 pin_skips=0 gated=0 ramp=2..50 bar=0 suppressed=0 wide_skips=0 served=0.0MB copied=0.0MB ssd_avoided=0.0GB live=0/0.0GB model=0 protected=0 declined=0 topup_suppressed=0 aged=0 into=0/0/0 pending=0
[mirror-split] internal=0 K3C=0 K3B=0 K3A=0  shares=0%/0%/0%/0%
[phases] mono=359620.981392 chunks=189 sequence=334.854s read_wait=0.171s bind_upload=1.522s attention_resident=20.175s expert_read_prefetch=202.769s expert_demand_read=121.473s expert_plan=14.106s expert_hint=0.001s expert_submit=0.001s expert_kernel=106.952s source_fence=0.001s tail_head_sync=2.865s layer_other=0.340s expert_read_gross=188.662s plan_hint=13.886s plan_sched=0.216s attn_total=22.676s attn_encode=6.875s attn_wait=11.863s attn_drain=3.938s kernel_total=75.977s kernel_host=3.013s kernel_wait=8.550s kernel_drain=64.414s
[attn-split] single: calls=17205 total=15.499s encode=5.520s wait=6.041s drain=3.938s waits=29785 untimed=4814 | wide: calls=744 total=7.177s encode=1.355s wait=5.822s drain=0.000s waits=736 untimed=736 | hint: calls=17756 total=14.193s encode=0.049s wait=14.144s drain=0.000s waits=17935 untimed=17935
[kernel-split] single: calls=18141 total=66.334s encode=1.776s wait=0.970s drain=63.588s waits=19391 untimed=15096 | wide: calls=1574 total=9.643s encode=1.237s wait=7.580s drain=0.826s waits=1574 untimed=0
[kernel-sub] materialize=0.620s moe=10.213s precommit=63.755s rest=1.389s
[metal-cache] calls=26953 zero_copy_wraps=656 copies=0 cache_entries=206 bindless=true
 examines
[stats] generated=200 elapsed=354.240s speed=0.5646 token/s (1.771 s/token) chunks=190 committed_rows=241 verify_tx=7 drafts=10/26 layer_passes=17670 expert_rows=22356 expert_tiles=18028
[verify-width] w1=0 w2=5 w3=0 w4=0 w5=0 w6=0 w7=0 w8+=2              (w1 share 0.0% of 7 transactions)
[opens] expert file opens=779267 total=11.562s mean=0.015ms requested_bytes=7747585866944 (7747.6 GB)
[arrival] tiles=1132 waves=2547 uncovered_wait=37.495s dispatch=9.602s
[retain] enabled=false cap_gb=8 layers=63..=92 consults=0 wanted=0 hits=0 inserts=0 served=0.0MB
[summer] enabled=false cap_gb=8 sample=16 consults=0 wanted=0 hits=0 hit_rate=0.0% misses=0 inserts=0 evictions=0 recycled=0 allocs=0 pin_skips=0 gated=0 ramp=2..50 bar=0 suppressed=0 wide_skips=0 served=0.0MB copied=0.0MB ssd_avoided=0.0GB live=0/0.0GB model=0 protected=0 declined=0 topup_suppressed=0 aged=0 into=0/0/0 pending=0
[mirror-split] internal=0 K3C=0 K3B=0 K3A=0  shares=0%/0%/0%/0%
[phases] mono=359622.504807 chunks=190 sequence=336.376s read_wait=0.171s bind_upload=1.522s attention_resident=20.257s expert_read_prefetch=203.844s expert_demand_read=122.089s expert_plan=14.193s expert_hint=0.001s expert_submit=0.001s expert_kernel=107.302s source_fence=0.001s tail_head_sync=2.879s layer_other=0.341s expert_read_gross=189.650s plan_hint=13.972s plan_sched=0.217s attn_total=22.758s attn_encode=6.902s attn_wait=11.895s attn_drain=3.961s kernel_total=76.318s kernel_host=3.022s kernel_wait=8.555s kernel_drain=64.741s
[attn-split] single: calls=17298 total=15.580s encode=5.547s wait=6.073s drain=3.961s waits=29946 untimed=4840 | wide: calls=744 total=7.177s encode=1.355s wait=5.822s drain=0.000s waits=736 untimed=736 | hint: calls=17848 total=14.279s encode=0.049s wait=14.230s drain=0.000s waits=18026 untimed=18026
[kernel-split] single: calls=18237 total=66.675s encode=1.785s wait=0.976s drain=63.915s waits=19492 untimed=15177 | wide: calls=1574 total=9.643s encode=1.237s wait=7.580s drain=0.826s waits=1574 untimed=0
[kernel-sub] materialize=0.620s moe=10.223s precommit=64.083s rest=1.393s
[metal-cache] calls=27049 zero_copy_wraps=656 copies=0 cache_entries=206 bindless=true

[native] Qwen proposals=7 tokens=10/26 fallbacks=0 verify-memory-rejections=0 wide-loads=1 wide-invocations=1 wide-skips=2 wide-failures=0 raw-overrides=1 raw-override-failures=1
WALL_SECONDS=361
