t_s,dev,v1,v2,v3
0.2050,disk0,924981293166592,2083094436,12824250901211830
0.2050,disk0w,2189199536128,19743810,1284563614504
0.2050,disk4,1765048969216,3593469,32245094756615
0.2050,disk4w,2195456,171,27582691
0.2050,disk8,2862615422976,2873688,44122574288393
0.2050,disk8w,319332352,41677,1302042322
0.2050,disk6,3452164159488,5688074,70737061073089
0.2050,disk6w,380928,53,8067940
0.2050,ram,78207614976,5541445632,282530
0.2050,cpu,15738947,22456282,540560377
0.2050,gpu,0,0,0
0.4050,disk0,924981293178880,2083094439,12824250901632412
0.4050,disk0w,2189199536128,19743810,1284563614504
0.4050,disk4,1765048969216,3593469,32245094756615
0.4050,disk4w,2195456,171,27582691
0.4050,disk8,2862615422976,2873688,44122574288393
0.4050,disk8w,319332352,41677,1302042322
0.4050,disk6,3452164159488,5688074,70737061073089
0.4050,disk6w,380928,53,8067940
0.4050,ram,78207614976,5541445632,282530
0.4050,cpu,15738947,22456282,540560377
0.4050,gpu,0,0,0
0.6030,disk0,924981293178880,2083094439,12824250901632412
0.6030,disk0w,2189200285696,19743940,1284566881212
0.6030,disk4,1765048969216,3593469,32245094756615
0.6030,disk4w,2195456,171,27582691
0.6030,disk8,2862615422976,2873688,44122574288393
0.6030,disk8w,319332352,41677,1302042322
0.6030,disk6,3452164159488,5688074,70737061073089
0.6030,disk6w,380928,53,8067940
0.6030,ram,78207614976,5541445632,282530
0.6030,cpu,15738947,22456282,540560377
0.6030,gpu,0,0,0
0.8050,disk0,924981293195264,2083094443,12824250901936662
0.8050,disk0w,2189200498688,19743971,1284567560701
0.8050,disk4,1765048969216,3593469,32245094756615
0.8050,disk4w,2195456,171,27582691
0.8050,disk8,2862615422976,2873688,44122574288393
0.8050,disk8w,319332352,41677,1302042322
0.8050,disk6,3452164159488,5688074,70737061073089
0.8050,disk6w,380928,53,8067940
0.8050,ram,78207614976,5541445632,282530
0.8050,cpu,15738947,22456282,540560377
0.8050,gpu,0,0,0
1.0050,disk0,924981293199360,2083094444,12824250902177370
1.0050,disk0w,2189200498688,19743971,1284567560701
1.0050,disk4,1765048969216,3593469,32245094756615
1.0050,disk4w,2195456,171,27582691
1.0050,disk8,2862615422976,2873688,44122574288393
1.0050,disk8w,319332352,41677,1302042322
1.0050,disk6,3452164159488,5688074,70737061073089
1.0050,disk6w,380928,53,8067940
1.0050,ram,77978615808,6008422400,282530
1.0050,cpu,15739024,22456371,540561938
1.0050,gpu,0,0,0
1.2050,disk0,924981299589120,2083094586,12824250922772618
1.2050,disk0w,2189200498688,19743971,1284567560701
1.2050,disk4,1765048969216,3593469,32245094756615
1.2050,disk4w,2195456,171,27582691
1.2050,disk8,2862615422976,2873688,44122574288393
1.2050,disk8w,319332352,41677,1302042322
1.2050,disk6,3452164159488,5688074,70737061073089
1.2050,disk6w,380928,53,8067940
1.2050,ram,77948403712,6008815616,282530
1.2050,cpu,15739031,22456378,540562004
1.2050,gpu,38,37,0
1.4050,disk0,924981299843072,2083094602,12824250924478196
1.4050,disk0w,2189200510976,19743974,1284567621491
1.4050,disk4,1765048969216,3593469,32245094756615
1.4050,disk4w,2195456,171,27582691
1.4050,disk8,2862615422976,2873688,44122574288393
1.4050,disk8w,319332352,41677,1302042322
1.4050,disk6,3452270114816,5688336,70738251090793
1.4050,disk6w,380928,53,8067940
1.4050,ram,77948403712,6008815616,282530
1.4050,cpu,15739031,22456378,540562004
1.4050,gpu,27,26,0
1.6050,disk0,924981299843072,2083094602,12824250924478196
1.6050,disk0w,2189200510976,19743974,1284567621491
1.6050,disk4,1765048969216,3593469,32245094756615
1.6050,disk4w,2195456,171,27582691
1.6050,disk8,2862615422976,2873688,44122574288393
1.6050,disk8w,319332352,41677,1302042322
1.6050,disk6,3453338941440,5689402,70746852511312
1.6050,disk6w,380928,53,8067940
1.6050,ram,77948403712,6008815616,282530
1.6050,cpu,15739031,22456378,540562004
1.6050,gpu,32,17,0
1.8050,disk0,924981299843072,2083094602,12824250924478196
1.8050,disk0w,2189200510976,19743974,1284567621491
1.8050,disk4,1765048969216,3593469,32245094756615
1.8050,disk4w,2195456,171,27582691
1.8050,disk8,2862615422976,2873688,44122574288393
1.8050,disk8w,319332352,41677,1302042322
1.8050,disk6,3454416566272,5692098,70766654245766
1.8050,disk6w,380928,53,8067940
1.8050,ram,77948403712,6008815616,282530
1.8050,cpu,15739031,22456378,540562004
1.8050,gpu,0,0,0
2.0050,disk0,924981300834304,2083094651,12824250934754346
2.0050,disk0w,2189200510976,19743974,1284567621491
2.0050,disk4,1765048969216,3593469,32245094756615
2.0050,disk4w,2195456,171,27582691
2.0050,disk8,2862615422976,2873688,44122574288393
2.0050,disk8w,319332352,41677,1302042322
2.0050,disk6,3455435872256,5695792,70789371694199
2.0050,disk6w,380928,53,8067940
2.0050,ram,70274580480,10600841216,282530
2.0050,cpu,15739120,22456502,540563506
2.0050,gpu,0,0,0
2.2050,disk0,924982133854208,2083096161,12824262824241964
2.2050,disk0w,2189200527360,19743978,1284567677615
2.2050,disk4,1765616306176,3594634,32261970707729
2.2050,disk4w,2195456,171,27582691
2.2050,disk8,2863187027968,2874243,44130242747167
2.2050,disk8w,319332352,41677,1302042322
2.2050,disk6,3456551483392,5697942,70814016461384
2.2050,disk6w,380928,53,8067940
2.2050,ram,70274580480,10600841216,282530
2.2050,cpu,15739133,22456510,540563525
2.2050,gpu,0,0,0
2.4058,disk0,924983512145920,2083098535,12824285779526668
2.4058,disk0w,2189200539648,19743981,1284570083739
2.4058,disk4,1766124595200,3595679,32275830020925
2.4058,disk4w,2195456,171,27582691
2.4058,disk8,2863851071488,2874888,44140204092989
2.4058,disk8w,319332352,41677,1302042322
2.4058,disk6,3457403680768,5698855,70831463743088
2.4058,disk6w,380928,53,8067940
2.4058,ram,70274580480,10600841216,282530
2.4058,cpu,15739133,22456510,540563525
2.4058,gpu,17,13,0
2.6050,disk0,924984707178496,2083100590,12824304300005821
2.6050,disk0w,2189201321984,19743984,1284572901780
2.6050,disk4,1766768601088,3597001,32294657584160
2.6050,disk4w,2195456,171,27582691
2.6050,disk8,2864528074752,2875552,44149049390521
2.6050,disk8w,319332352,41677,1302042322
2.6050,disk6,3458553919488,5701228,70854639939579
2.6050,disk6w,380928,53,8067940
2.6050,ram,70274580480,10600841216,282530
2.6050,cpu,15739133,22456510,540563525
2.6050,gpu,100,9,0
2.8050,disk0,924985910943744,2083102344,12824320963062502
2.8050,disk0w,2189201334272,19743987,1284572942446
2.8050,disk4,1767472105472,3598442,32315950953145
2.8050,disk4w,2195456,171,27582691
2.8050,disk8,2865238632448,2876240,44159104120461
2.8050,disk8w,319332352,41677,1302042322
2.8050,disk6,3459496032256,5702401,70875525806146
2.8050,disk6w,380928,53,8067940
2.8050,ram,70274580480,10600841216,282530
2.8050,cpu,15739133,22456510,540563525
2.8050,gpu,20,15,0
3.0003,disk0,924986935681024,2083103903,12824335609713071
3.0003,disk0w,2189201342464,19743989,1284572971778
3.0003,disk4,1768242571264,3600025,32341092794456
3.0003,disk4w,2195456,171,27582691
3.0003,disk8,2866177517568,2877151,44176344414589
3.0003,disk8w,319332352,41677,1302042322
3.0003,disk6,3460606703616,5703723,70903673115451
3.0003,disk6w,380928,53,8067940
3.0003,ram,65455620096,10554753024,282530
3.0003,cpu,15739263,22456702,540564933
3.0003,gpu,28,14,0
3.2024,disk0,924988107235328,2083106546,12824355726160661
3.2024,disk0w,2189201350656,19743991,1284573457277
3.2024,disk4,1768768989184,3601103,32356069676717
3.2024,disk4w,2195456,171,27582691
3.2024,disk8,2866809219072,2877765,44185290870840
3.2024,disk8w,319332352,41677,1302042322
3.2024,disk6,3461942372352,5706082,70933326424833
3.2024,disk6w,380928,53,8067940
3.2024,ram,65455620096,10554753024,282530
3.2024,cpu,15739263,22456704,540564945
3.2024,gpu,0,0,0
3.4027,disk0,924989326315520,2083109543,12824376137589322
3.4027,disk0w,2189201522688,19744007,1284580750439
3.4027,disk4,1769292531712,3602175,32370106158694
3.4027,disk4w,2195456,171,27582691
3.4027,disk8,2867451406336,2878390,44196308564469
3.4027,disk8w,319332352,41677,1302042322
3.4027,disk6,3463058831360,5708102,70959337728452
3.4027,disk6w,380928,53,8067940
3.4027,ram,65455620096,10554753024,282530
3.4027,cpu,15739263,22456704,540564945
3.4027,gpu,100,8,0
3.6050,disk0,924990673801216,2083113021,12824398784340370
3.6050,disk0w,2189201522688,19744007,1284580750439
3.6050,disk4,1769874466816,3603370,32385984724600
3.6050,disk4w,2195456,171,27582691
3.6050,disk8,2868702504960,2879605,44223483568564
3.6050,disk8w,319332352,41677,1302042322
3.6050,disk6,3464243501056,5709961,70990218993129
3.6050,disk6w,380928,53,8067940
3.6050,ram,65455620096,10554753024,282530
3.6050,cpu,15739263,22456704,540564945
3.6050,gpu,0,0,0
3.8013,disk0,924991463428096,2083114977,12824411052338005
3.8013,disk0w,2189201526784,19744008,1284580769147
3.8013,disk4,1770383337472,3604414,32401546927387
3.8013,disk4w,2195456,171,27582691
3.8013,disk8,2869283383296,2880169,44232321897293
3.8013,disk8w,319332352,41677,1302042322
3.8013,disk6,3465363220480,5711805,71016920403913
3.8013,disk6w,380928,53,8067940
3.8013,ram,65455620096,10554753024,282530
3.8013,cpu,15739263,22456704,540564945
3.8013,gpu,0,0,0
4.0010,disk0,924992444485632,2083117267,12824425748634668
4.0010,disk0w,2189201571840,19744009,1284580790522
4.0010,disk4,1771009312768,3605694,32418766378527
4.0010,disk4w,2195456,171,27582691
4.0010,disk8,2870189336576,2881048,44247693202303
4.0010,disk8w,319332352,41677,1302042322
4.0010,disk6,3466714843136,5714116,71057652673471
4.0010,disk6w,380928,53,8067940
4.0010,ram,61342662656,12829687808,282530
4.0010,cpu,15739348,22456893,540566431
4.0010,gpu,0,0,0
4.2008,disk0,924993317523456,2083119331,12824439324867559
4.2008,disk0w,2189201571840,19744009,1284580790522
4.2008,disk4,1771493541888,3606689,32432124895606
4.2008,disk4w,2195456,171,27582691
4.2008,disk8,2870921570304,2881762,44261130562804
4.2008,disk8w,319332352,41677,1302042322
4.2008,disk6,3467884201984,5716103,71087418657069
4.2008,disk6w,380928,53,8067940
4.2008,ram,61342662656,12829687808,282530
4.2008,cpu,15739351,22456906,540566532
4.2008,gpu,100,3,0
4.4031,disk0,924994972880896,2083122693,12824466786047465
4.4031,disk0w,2189201571840,19744009,1284580790522
4.4031,disk4,1772401035264,3608553,32458742152638
4.4031,disk4w,2195456,171,27582691
4.4031,disk8,2872238827520,2883041,44285841802537
4.4031,disk8w,319332352,41677,1302042322
4.4031,disk6,3468920600576,5718092,71111553113963
4.4031,disk6w,380928,53,8067940
4.4031,ram,61342662656,12829687808,282530
4.4031,cpu,15739351,22456906,540566532
4.4031,gpu,0,0,0
4.6050,disk0,924996113035264,2083124893,12824484406309834
4.6050,disk0w,2189201571840,19744009,1284580790522
4.6050,disk4,1773313017856,3610422,32489650433374
4.6050,disk4w,2195456,171,27582691
4.6050,disk8,2873157969920,2883936,44301490938075
4.6050,disk8w,319332352,41677,1302042322
4.6050,disk6,3469841840128,5719649,71135550405517
4.6050,disk6w,380928,53,8067940
4.6050,ram,61342662656,12829687808,282530
4.6050,cpu,15739351,22456906,540566532
4.6050,gpu,0,0,0
4.8050,disk0,924996920627200,2083126459,12824496761882398
4.8050,disk0w,2189201571840,19744009,1284580790522
4.8050,disk4,1773945432064,3611723,32510943939193
4.8050,disk4w,2195456,171,27582691
4.8050,disk8,2873953478656,2884716,44315496122069
4.8050,disk8w,319332352,41677,1302042322
4.8050,disk6,3470932686848,5721577,71161755630545
4.8050,disk6w,380928,53,8067940
4.8050,ram,61342662656,12829687808,282530
4.8050,cpu,15739351,22456906,540566532
4.8050,gpu,0,0,0
5.0050,disk0,924998193917952,2083128323,12824515948830154
5.0050,disk0w,2189201571840,19744009,1284580790522
5.0050,disk4,1774540253184,3612938,32525908598372
5.0050,disk4w,2195456,171,27582691
5.0050,disk8,2874882844672,2885621,44330845535608
5.0050,disk8w,319332352,41677,1302042322
5.0050,disk6,3472144095232,5723613,71195639562698
5.0050,disk6w,380928,53,8067940
5.0050,ram,58672578560,14176026624,282530
5.0050,cpu,15739415,22457071,540567972
5.0050,gpu,0,0,0
5.2023,disk0,924999131869184,2083136843,12824533441027041
5.2023,disk0w,2189201571840,19744009,1284580790522
5.2023,disk4,1775121098752,3614133,32543210078892
5.2023,disk4w,2195456,171,27582691
5.2023,disk8,2875582851072,2886302,44341832113669
5.2023,disk8w,319332352,41677,1302042322
5.2023,disk6,3473322272768,5725570,71226009082577
5.2023,disk6w,380928,53,8067940
5.2023,ram,58675068928,14174060544,282530
5.2023,cpu,15739416,22457081,540568035
5.2023,gpu,0,0,0
5.4050,disk0,925000534634496,2083156133,12824563478582830
5.4050,disk0w,2189201588224,19744011,1284581623313
5.4050,disk4,1775782168576,3615485,32561481736197
5.4050,disk4w,2195456,171,27582691
5.4050,disk8,2876479645696,2887173,44357524004213
5.4050,disk8w,319332352,41677,1302042322
5.4050,disk6,3474575460352,5727747,71258832949391
5.4050,disk6w,380928,53,8067940
5.4050,ram,58675068928,14174060544,282530
5.4050,cpu,15739416,22457081,540568035
5.4050,gpu,0,0,0
5.6050,disk0,925001642020864,2083196175,12824601337914042
5.6050,disk0w,2189201588224,19744011,1284581623313
5.6050,disk4,1776647710720,3617263,32592594726030
5.6050,disk4w,2195456,171,27582691
5.6050,disk8,2877232293888,2887904,44370336773004
5.6050,disk8w,319332352,41677,1302042322
5.6050,disk6,3475273631744,5728778,71273863565803
5.6050,disk6w,380928,53,8067940
5.6050,ram,58675068928,14174060544,282530
5.6050,cpu,15739416,22457081,540568035
5.6050,gpu,21,7,0
5.8050,disk0,925003130191872,2083198621,12824625045434187
5.8050,disk0w,2189202112512,19744018,1284581808020
5.8050,disk4,1777181747200,3618360,32605803484029
5.8050,disk4w,2195456,171,27582691
5.8050,disk8,2877916915712,2888567,44379739773202
5.8050,disk8w,319332352,41677,1302042322
5.8050,disk6,3476647749632,5731686,71309808050462
5.8050,disk6w,380928,53,8067940
5.8050,ram,58675068928,14174060544,282530
5.8050,cpu,15739416,22457081,540568035
5.8050,gpu,0,0,0
6.0050,disk0,925004309217280,2083200638,12824645769539469
6.0050,disk0w,2189202112512,19744018,1284581808020
6.0050,disk4,1777866409984,3619760,32625278572760
6.0050,disk4w,2195456,171,27582691
6.0050,disk8,2878841841664,2889468,44395423737406
6.0050,disk8w,319332352,41677,1302042322
6.0050,disk6,3477897521152,5734636,71342515060031
6.0050,disk6w,380928,53,8067940
6.0050,ram,55846813696,15405137920,282530
6.0050,cpu,15739500,22457326,540569403
6.0050,gpu,0,0,0
6.2050,disk0,925005783187456,2083203455,12824672061543285
6.2050,disk0w,2189202116608,19744019,1284581829270
6.2050,disk4,1778455693312,3620970,32640409246491
6.2050,disk4w,2195456,171,27582691
6.2050,disk8,2879928068096,2890523,44416727767512
6.2050,disk8w,319332352,41677,1302042322
6.2050,disk6,3478980466688,5736124,71366904029623
6.2050,disk6w,380928,53,8067940
6.2050,ram,55764271104,15405662208,282530
6.2050,cpu,15739501,22457334,540569469
6.2050,gpu,0,0,0
6.4051,disk0,925006449983488,2083204637,12824683588079847
6.4051,disk0w,2189202116608,19744019,1284581829270
6.4051,disk4,1779192064000,3622486,32665569200998
6.4051,disk4w,2195456,171,27582691
6.4051,disk8,2880706652160,2891279,44431012735183
6.4051,disk8w,319332352,41677,1302042322
6.4051,disk6,3480143763456,5738368,71399110745004
6.4051,disk6w,380928,53,8067940
6.4051,ram,55764271104,15405662208,282530
6.4051,cpu,15739501,22457334,540569469
6.4051,gpu,0,0,0
6.6051,disk0,925008046784512,2083207639,12824712967343080
6.6051,disk0w,2189202120704,19744020,1284581846228
6.6051,disk4,1779893954560,3623926,32685803352048
6.6051,disk4w,2195456,171,27582691
6.6051,disk8,2881496279040,2892048,44441999285881
6.6051,disk8w,319332352,41677,1302042322
6.6051,disk6,3481492486144,5740785,71439458455679
6.6051,disk6w,380928,53,8067940
6.6051,ram,55764271104,15405662208,282530
6.6051,cpu,15739501,22457334,540569469
6.6051,gpu,0,0,0
6.8051,disk0,925009476997120,2083210499,12824737905203500
6.8051,disk0w,2189202120704,19744020,1284581846228
6.8051,disk4,1780458604544,3625084,32699998430204
6.8051,disk4w,2195456,171,27582691
6.8051,disk8,2882100389888,2892636,44448915880399
6.8051,disk8w,319332352,41677,1302042322
6.8051,disk6,3482744829952,5743068,71470427919152
6.8051,disk6w,380928,53,8067940
6.8051,ram,55764271104,15405662208,282530
6.8051,cpu,15739501,22457334,540569469
6.8051,gpu,0,0,0
7.0049,disk0,925011363418112,2083213978,12824770866417521
7.0049,disk0w,2189202120704,19744020,1284581846228
7.0049,disk4,1781122263040,3626445,32718042581500
7.0049,disk4w,2195456,171,27582691
7.0049,disk8,2883145721856,2893653,44468051197568
7.0049,disk8w,319332352,41677,1302042322
7.0049,disk6,3483837356032,5745226,71499441473372
7.0049,disk6w,380928,53,8067940
7.0049,ram,55764271104,15405662208,282530
7.0049,cpu,15739501,22457334,540569469
7.0049,gpu,0,0,0
7.2051,disk0,925012390367232,2083215972,12824787949152786
7.2051,disk0w,2189202120704,19744020,1284581846228
7.2051,disk4,1781821777920,3627877,32739713991431
7.2051,disk4w,2195456,171,27582691
7.2051,disk8,2883923863552,2894406,44480341159649
7.2051,disk8w,319332352,41677,1302042322
7.2051,disk6,3485247412224,5748067,71543847703547
7.2051,disk6w,380928,53,8067940
7.2051,ram,52640579584,17177690112,282530
7.2051,cpu,15739569,22457505,540570974
7.2051,gpu,15,8,0
7.4051,disk0,925013644578816,2083218618,12824811144757056
7.4051,disk0w,2189202120704,19744020,1284581846228
7.4051,disk4,1782508496896,3629286,32761304845793
7.4051,disk4w,2195456,171,27582691
7.4051,disk8,2884988184576,2895440,44501781572639
7.4051,disk8w,319332352,41677,1302042322
7.4051,disk6,3486165612544,5749199,71564438755247
7.4051,disk6w,380928,53,8067940
7.4051,ram,52640579584,17177690112,282530
7.4051,cpu,15739569,22457505,540570974
7.4051,gpu,27,9,0
7.6051,disk0,925014960779264,2083221285,12824833599941672
7.6051,disk0w,2189202145280,19744023,1284582690810
7.6051,disk4,1782982273024,3630258,32772532904145
7.6051,disk4w,2195456,171,27582691
7.6051,disk8,2885690075136,2896125,44511179159938
7.6051,disk8w,319332352,41677,1302042322
7.6051,disk6,3487524726784,5751758,71596787114474
7.6051,disk6w,380928,53,8067940
7.6051,ram,52640579584,17177690112,282530
7.6051,cpu,15739569,22457505,540570974
7.6051,gpu,0,0,0
7.8051,disk0,925016432095232,2083224296,12824860107541022
7.8051,disk0w,2189202145280,19744023,1284582690810
7.8051,disk4,1783483140096,3631284,32783976663841
7.8051,disk4w,2195456,171,27582691
7.8051,disk8,2886655174656,2897062,44527754897927
7.8051,disk8w,319332352,41677,1302042322
7.8051,disk6,3488736077824,5753151,71626190894717
7.8051,disk6w,380928,53,8067940
7.8051,ram,52640579584,17177690112,282530
7.8051,cpu,15739569,22457505,540570974
7.8051,gpu,0,0,0
8.0051,disk0,925017540980736,2083226206,12824879676364418
8.0051,disk0w,2189202190336,19744024,1284582717976
8.0051,disk4,1783961774080,3632264,32796894833897
8.0051,disk4w,2195456,171,27582691
8.0051,disk8,2887146498048,2897539,44533168063432
8.0051,disk8w,319332352,41677,1302042322
8.0051,disk6,3490113546240,5755951,71666935926186
8.0051,disk6w,380928,53,8067940
8.0051,ram,52640579584,17177690112,282530
8.0051,cpu,15739569,22457505,540570974
8.0051,gpu,0,0,0
8.2047,disk0,925018447855616,2083227943,12824895345973802
8.2047,disk0w,2189202206720,19744026,1284584173475
8.2047,disk4,1784622565376,3633625,32818057530318
8.2047,disk4w,2195456,171,27582691
8.2047,disk8,2887876421632,2898248,44544655905981
8.2047,disk8w,319332352,41677,1302042322
8.2047,disk6,3491336980480,5757503,71699676571095
8.2047,disk6w,380928,53,8067940
8.2047,ram,49608212480,18863587328,282530
8.2047,cpu,15739627,22457656,540572547
8.2047,gpu,23,8,0
8.4051,disk0,925019923070976,2083230417,12824919824158860
8.4051,disk0w,2189202206720,19744026,1284584173475
8.4051,disk4,1785224161280,3634857,32833076883566
8.4051,disk4w,2195456,171,27582691
8.4051,disk8,2888540350464,2898897,44552189949047
8.4051,disk8w,319332352,41677,1302042322
8.4051,disk6,3492620519424,5760132,71734123124993
8.4051,disk6w,380928,53,8067940
8.4051,ram,49608212480,18863587328,282530
8.4051,cpu,15739627,22457656,540572547
8.4051,gpu,0,0,0
8.6021,disk0,925021183037440,2083232361,12824941672692162
8.6021,disk0w,2189208412160,19744251,1284589444893
8.6021,disk4,1785868945408,3636180,32852089928951
8.6021,disk4w,2195456,171,27582691
8.6021,disk8,2889316345856,2899650,44563846662378
8.6021,disk8w,319332352,41677,1302042322
8.6021,disk6,3493919205376,5761907,71769796044189
8.6021,disk6w,380928,53,8067940
8.6021,ram,49608212480,18863587328,282530
8.6021,cpu,15739627,22457656,540572547
8.6021,gpu,0,0,0
8.8051,disk0,925022524424192,2083234362,12824963381315359
8.8051,disk0w,2189208506368,19744255,1284589512016
8.8051,disk4,1786470508544,3637407,32868463773457
8.8051,disk4w,2195456,171,27582691
8.8051,disk8,2890054264832,2900367,44573541094303
8.8051,disk8w,319332352,41677,1302042322
8.8051,disk6,3495273048064,5764624,71805399266596
8.8051,disk6w,380928,53,8067940
8.8051,ram,49608212480,18863587328,282530
8.8051,cpu,15739627,22457656,540572547
8.8051,gpu,0,0,0
9.0051,disk0,925023796400128,2083236214,12824982300369642
9.0051,disk0w,2189209075712,19744259,1284589639348
9.0051,disk4,1787475347456,3639474,32902607231980
9.0051,disk4w,2195456,171,27582691
9.0051,disk8,2890771720192,2901064,44582695287656
9.0051,disk8w,319332352,41677,1302042322
9.0051,disk6,3496486602752,5766427,71831462678082
9.0051,disk6w,380928,53,8067940
9.0051,ram,49608212480,18863587328,282530
9.0051,cpu,15739627,22457656,540572547
9.0051,gpu,0,0,0
9.2051,disk0,925024702201856,2083237672,12824994049230910
9.2051,disk0w,2189209075712,19744259,1284589639348
9.2051,disk4,1788165089280,3640891,32925490877974
9.2051,disk4w,2195456,171,27582691
9.2051,disk8,2891550861312,2901822,44597236467658
9.2051,disk8w,319332352,41677,1302042322
9.2051,disk6,3497623877632,5768823,71857876547414
9.2051,disk6w,380928,53,8067940
9.2051,ram,47809134592,19300450304,282530
9.2051,cpu,15739694,22457821,540574083
9.2051,gpu,0,0,0
9.4051,disk0,925025779093504,2083239075,12825006840503024
9.4051,disk0w,2189209092096,19744263,1284589701471
9.4051,disk4,1788810864640,3642214,32944355428577
9.4051,disk4w,2195456,171,27582691
9.4051,disk8,2892284979200,2902536,44608003495538
9.4051,disk8w,319332352,41677,1302042322
9.4051,disk6,3498757158912,5770048,71883303285942
9.4051,disk6w,380928,53,8067940
9.4051,ram,47809134592,19300450304,282530
9.4051,cpu,15739694,22457821,540574083
9.4051,gpu,0,0,0
9.6059,disk0,925026728742912,2083240454,12825021060672395
9.6059,disk0w,2189209096192,19744264,1284589719637
9.6059,disk4,1789285410816,3643186,32958937276330
9.6059,disk4w,2195456,171,27582691
9.6059,disk8,2892908292096,2903143,44618751621958
9.6059,disk8w,319332352,41677,1302042322
9.6059,disk6,3500017825792,5772466,71917409553851
9.6059,disk6w,380928,53,8067940
9.6059,ram,47809134592,19300450304,282530
9.6059,cpu,15739694,22457821,540574083
9.6059,gpu,0,0,0
9.8051,disk0,925028180004864,2083242277,12825044687685397
9.8051,disk0w,2189209096192,19744264,1284589719637
9.8051,disk4,1790001178624,3644652,32979685091975
9.8051,disk4w,2195456,171,27582691
9.8051,disk8,2893902194688,2904110,44635903436264
9.8051,disk8w,319332352,41677,1302042322
9.8051,disk6,3501199796224,5774497,71946962277181
9.8051,disk6w,380928,53,8067940
9.8051,ram,47809134592,19300450304,282530
9.8051,cpu,15739694,22457821,540574083
9.8051,gpu,17,7,0
10.0051,disk0,925029566291968,2083244337,12825066394822797
10.0051,disk0w,2189209210880,19744268,1284589799969
10.0051,disk4,1790562691072,3645804,32994107602970
10.0051,disk4w,2195456,171,27582691
10.0051,disk8,2894849878016,2905028,44651971791547
10.0051,disk8w,319332352,41677,1302042322
10.0051,disk6,3502383286272,5777031,71976495050177
10.0051,disk6w,380928,53,8067940
10.0051,ram,47809134592,19300450304,282530
10.0051,cpu,15739694,22457821,540574083
10.0051,gpu,0,0,0
10.2051,disk0,925031605780480,2083247660,12825099445430025
10.2051,disk0w,2189209210880,19744268,1284589799969
10.2051,disk4,1791310923776,3647340,33013809998546
10.2051,disk4w,2195456,171,27582691
10.2051,disk8,2895943051264,2906091,44670901257567
10.2051,disk8w,319332352,41677,1302042322
10.2051,disk6,3503395989504,5778576,71996502983176
10.2051,disk6w,380928,53,8067940
10.2051,ram,44461015040,20983250944,282530
10.2051,cpu,15739786,22457999,540575632
10.2051,gpu,0,0,0
10.4051,disk0,925032981528576,2083249969,12825121078340116
10.4051,disk0w,2189209473024,19744272,1284589891885
10.4051,disk4,1791971756032,3648691,33032458754515
10.4051,disk4w,2195456,171,27582691
10.4051,disk8,2896974424064,2907092,44690088023681
10.4051,disk8w,319332352,41677,1302042322
10.4051,disk6,3504664823808,5781520,72027534062441
10.4051,disk6w,380928,53,8067940
10.4051,ram,44461015040,20983250944,282530
10.4051,cpu,15739786,22457999,540575632
10.4051,gpu,0,0,0
10.6051,disk0,925034655117312,2083252797,12825149998922417
10.6051,disk0w,2189209473024,19744272,1284589891885
10.6051,disk4,1792685910016,3650157,33054276065187
10.6051,disk4w,2195456,171,27582691
10.6051,disk8,2897973159936,2908066,44708580046335
10.6051,disk8w,319332352,41677,1302042322
10.6051,disk6,3505508976640,5782572,72041461243806
10.6051,disk6w,380928,53,8067940
10.6051,ram,44461015040,20983250944,282530
10.6051,cpu,15739786,22457999,540575632
10.6051,gpu,49,3,0
10.8022,disk0,925035964379136,2083255167,12825171720935612
10.8022,disk0w,2189209473024,19744272,1284589891885
10.8022,disk4,1793477683200,3651781,33078745076355
10.8022,disk4w,2195456,171,27582691
10.8022,disk8,2898815707136,2908882,44721930686658
10.8022,disk8w,319332352,41677,1302042322
10.8022,disk6,3506722420736,5784709,72069150422847
10.8022,disk6w,380928,53,8067940
10.8022,ram,44461015040,20983250944,282530
10.8022,cpu,15739786,22457999,540575632
10.8022,gpu,0,0,0
11.0051,disk0,925037707915264,2083258611,12825201887525344
11.0051,disk0w,2189209473024,19744272,1284589891885
11.0051,disk4,1794072741888,3653001,33094001882459
11.0051,disk4w,2195456,171,27582691
11.0051,disk8,2899619244032,2909660,44735429615321
11.0051,disk8w,319332352,41677,1302042322
11.0051,disk6,3507622475776,5786249,72084802814609
11.0051,disk6w,380928,53,8067940
11.0051,ram,44461015040,20983250944,282530
11.0051,cpu,15739786,22457999,540575632
11.0051,gpu,0,0,0
11.2051,disk0,925038673522688,2083260421,12825219167351722
11.2051,disk0w,2189209473024,19744272,1284589891885
11.2051,disk4,1794811045888,3654511,33118205318451
11.2051,disk4w,2195456,171,27582691
11.2051,disk8,2900452075520,2910467,44749294899137
11.2051,disk8w,319332352,41677,1302042322
11.2051,disk6,3509038446592,5788669,72129860383919
11.2051,disk6w,380928,53,8067940
11.2051,ram,40641724416,23293018112,282530
11.2051,cpu,15739921,22458196,540577084
11.2051,gpu,0,0,0
11.4051,disk0,925039551045632,2083262053,12825233940310920
11.4051,disk0w,2189215903744,19744646,1284600667465
11.4051,disk4,1795505588224,3655938,33141366805105
11.4051,disk4w,2195456,171,27582691
11.4051,disk8,2901116004352,2911111,44759558639378
11.4051,disk8w,320163840,41745,1705073465
11.4051,disk6,3510294616064,5791033,72166097950162
11.4051,disk6w,380928,53,8067940
11.4051,ram,40641724416,23293018112,282530
11.4051,cpu,15739921,22458196,540577084
11.4051,gpu,0,0,0
11.6051,disk0,925040885960704,2083264632,12825253858726373
11.6051,disk0w,2189215932416,19744648,1284600715339
11.6051,disk4,1796382525440,3657730,33169416923698
11.6051,disk4w,2195456,171,27582691
11.6051,disk8,2902219597824,2912182,44780485106096
11.6051,disk8w,320163840,41745,1705073465
11.6051,disk6,3511530010624,5793198,72198206267646
11.6051,disk6w,380928,53,8067940
11.6051,ram,40641724416,23293018112,282530
11.6051,cpu,15739921,22458196,540577084
11.6051,gpu,0,0,0
11.8051,disk0,925041886511104,2083266353,12825270711572052
11.8051,disk0w,2189216006144,19744652,1284600782796
11.8051,disk4,1796914800640,3658831,33185065831081
11.8051,disk4w,2195456,171,27582691
11.8051,disk8,2902833752064,2912778,44789413835064
11.8051,disk8w,320163840,41745,1705073465
11.8051,disk6,3512761792512,5795726,72232670107546
11.8051,disk6w,380928,53,8067940
11.8051,ram,40641724416,23293018112,282530
11.8051,cpu,15739921,22458196,540577084
11.8051,gpu,0,0,0
12.0051,disk0,925043254099968,2083268556,12825293707927898
12.0051,disk0w,2189216047104,19744653,1284600801962
12.0051,disk4,1797751588864,3660547,33209728472351
12.0051,disk4w,2195456,171,27582691
12.0051,disk8,2903905462272,2913818,44807543511508
12.0051,disk8w,320163840,41745,1705073465
12.0051,disk6,3514046011392,5797821,72266143354808
12.0051,disk6w,380928,53,8067940
12.0051,ram,40641724416,23293018112,282530
12.0051,cpu,15739921,22458196,540577084
12.0051,gpu,0,0,0
12.2051,disk0,925044098154496,2083269946,12825308388526889
12.2051,disk0w,2189216047104,19744653,1284600801962
12.2051,disk4,1798371223552,3661819,33231034726919
12.2051,disk4w,2195456,171,27582691
12.2051,disk8,2904395458560,2914296,44814219530681
12.2051,disk8w,320163840,41745,1705073465
12.2051,disk6,3515355252736,5800536,72302360197111
12.2051,disk6w,380928,53,8067940
12.2051,ram,38486016000,24116264960,282530
12.2051,cpu,15740037,22458380,540578567
12.2051,gpu,0,0,0
12.4051,disk0,925045414199296,2083272078,12825330788794704
12.4051,disk0w,2189216047104,19744653,1284600801962
12.4051,disk4,1799143303168,3663403,33254040885523
12.4051,disk4w,2195456,171,27582691
12.4051,disk8,2905307916288,2915183,44828330420347
12.4051,disk8w,320163840,41745,1705073465
12.4051,disk6,3516632549376,5802157,72335284137695
12.4051,disk6w,380928,53,8067940
12.4051,ram,38486016000,24116264960,282530
12.4051,cpu,15740037,22458380,540578567
12.4051,gpu,0,0,0
12.6051,disk0,925046221373440,2083273344,12825342280812999
12.6051,disk0w,2189216063488,19744657,1284600875502
12.6051,disk4,1799634626560,3664410,33267504760359
12.6051,disk4w,2195456,171,27582691
12.6051,disk8,2906079995904,2915932,44842667400516
12.6051,disk8w,320163840,41745,1705073465
12.6051,disk6,3517927884800,5804990,72371143650744
12.6051,disk6w,380928,53,8067940
12.6051,ram,38486016000,24116264960,282530
12.6051,cpu,15740037,22458380,540578567
12.6051,gpu,0,0,0
12.8051,disk0,925047671078912,2083275593,12825364821547129
12.8051,disk0w,2189216063488,19744657,1284600875502
12.8051,disk4,1800391821312,3665961,33290187974930
12.8051,disk4w,2195456,171,27582691
12.8051,disk8,2906680387584,2916515,44848804714320
12.8051,disk8w,320163840,41745,1705073465
12.8051,disk6,3519090812928,5806871,72400997014361
12.8051,disk6w,380928,53,8067940
12.8051,ram,38486016000,24116264960,282530
12.8051,cpu,15740037,22458380,540578567
12.8051,gpu,0,0,0
13.0051,disk0,925048888557568,2083277334,12825384240946507
13.0051,disk0w,2189216063488,19744657,1284600875502
13.0051,disk4,1800950671360,3667109,33307090081848
13.0051,disk4w,2195456,171,27582691
13.0051,disk8,2907404593152,2917219,44861988533122
13.0051,disk8w,320163840,41745,1705073465
13.0051,disk6,3520295733248,5810036,72433650317337
13.0051,disk6w,380928,53,8067940
13.0051,ram,38486016000,24116264960,282530
13.0051,cpu,15740037,22458380,540578567
13.0051,gpu,0,0,0
13.2051,disk0,925050274791424,2083279512,12825405989096272
13.2051,disk0w,2189216063488,19744657,1284600875502
13.2051,disk4,1801775392768,3668800,33333044393331
13.2051,disk4w,2195456,171,27582691
13.2051,disk8,2908273403904,2918064,44875003225927
13.2051,disk8w,320163840,41745,1705073465
13.2051,disk6,3521401210880,5811693,72462789339334
13.2051,disk6w,380928,53,8067940
13.2051,ram,34568880128,26061586432,282530
13.2051,cpu,15740088,22458540,540580283
13.2051,gpu,16,9,0
13.4051,disk0,925051629338624,2083281386,12825426053270271
13.4051,disk0w,2189216063488,19744657,1284600875502
13.4051,disk4,1802224838656,3669719,33342498568982
13.4051,disk4w,2195456,171,27582691
13.4051,disk8,2909166495744,2918930,44890645042230
13.4051,disk8w,320163840,41745,1705073465
13.4051,disk6,3522667390976,5814922,72495689726791
13.4051,disk6w,380928,53,8067940
13.4051,ram,34568880128,26061586432,282530
13.4051,cpu,15740088,22458540,540580283
13.4051,gpu,0,0,0
13.6051,disk0,925053503508480,2083284456,12825460260046699
13.6051,disk0w,2189221994496,19744808,1284604206160
13.6051,disk4,1802635208704,3670563,33352052837003
13.6051,disk4w,2195456,171,27582691
13.6051,disk8,2910098319360,2919836,44909101931390
13.6051,disk8w,320163840,41745,1705073465
13.6051,disk6,3523113330688,5815859,72501396974020
13.6051,disk6w,380928,53,8067940
13.6051,ram,34568880128,26061586432,282530
13.6051,cpu,15740088,22458540,540580283
13.6051,gpu,43,2,0
13.8051,disk0,925054984130560,2083287351,12825485256710527
13.8051,disk0w,2189221994496,19744808,1284604206160
13.8051,disk4,1803231815680,3671786,33367339790001
13.8051,disk4w,2195456,171,27582691
13.8051,disk8,2911116060672,2920823,44927500058398
13.8051,disk8w,320163840,41745,1705073465
13.8051,disk6,3524388329472,5817960,72531863294826
13.8051,disk6w,380928,53,8067940
13.8051,ram,34568880128,26061586432,282530
13.8051,cpu,15740088,22458540,540580283
13.8051,gpu,0,0,0
14.0051,disk0,925056392400896,2083290256,12825508149159926
14.0051,disk0w,2189221994496,19744808,1284604206160
14.0051,disk4,1803640154112,3672620,33376640797764
14.0051,disk4w,2195456,171,27582691
14.0051,disk8,2911933229056,2921615,44941486051910
14.0051,disk8w,320163840,41745,1705073465
14.0051,disk6,3525575038976,5820508,72562183713841
14.0051,disk6w,380928,53,8067940
14.0051,ram,34568880128,26061586432,282530
14.0051,cpu,15740088,22458540,540580283
14.0051,gpu,25,7,0
14.2051,disk0,925058437799936,2083295116,12825544697050186
14.2051,disk0w,2189221994496,19744808,1284604206160
14.2051,disk4,1804354840576,3674088,33395560895817
14.2051,disk4w,2195456,171,27582691
14.2051,disk8,2912843311104,2922498,44953969559036
14.2051,disk8w,320163840,41745,1705073465
14.2051,disk6,3526822410240,5822782,72594604717163
14.2051,disk6w,380928,53,8067940
14.2051,ram,30648909824,28371861504,282530
14.2051,cpu,15740127,22458688,540581861
14.2051,gpu,0,0,0
14.4051,disk0,925059452030976,2083297793,12825561772153837
14.4051,disk0w,2189221994496,19744808,1284604206160
14.4051,disk4,1804898617344,3675201,33411893935185
14.4051,disk4w,2195456,171,27582691
14.4051,disk8,2913274374144,2922916,44958876029222
14.4051,disk8w,320163840,41745,1705073465
14.4051,disk6,3528108505088,5825099,72627791196476
14.4051,disk6w,380928,53,8067940
14.4051,ram,30648909824,28371861504,282530
14.4051,cpu,15740127,22458688,540581861
14.4051,gpu,0,0,0
14.6051,disk0,925060471668736,2083300458,12825578521268675
14.6051,disk0w,2189221994496,19744808,1284604206160
14.6051,disk4,1805429671936,3676289,33425682949104
14.6051,disk4w,2195456,171,27582691
14.6051,disk8,2914093361152,2923709,44973205685710
14.6051,disk8w,320163840,41745,1705073465
14.6051,disk6,3529372080128,5826929,72664084909920
14.6051,disk6w,380928,53,8067940
14.6051,ram,30648909824,28371861504,282530
14.6051,cpu,15740127,22458688,540581861
14.6051,gpu,15,9,0
14.8051,disk0,925061259399168,2083302501,12825590677855771
14.8051,disk0w,2189221994496,19744808,1284604206160
14.8051,disk4,1805986736128,3677435,33442916307049
14.8051,disk4w,2195456,171,27582691
14.8051,disk8,2915046647808,2924639,44993045527668
14.8051,disk8w,320163840,41745,1705073465
14.8051,disk6,3530715174912,5829173,72694614185022
14.8051,disk6w,380928,53,8067940
14.8051,ram,30648909824,28371861504,282530
14.8051,cpu,15740127,22458688,540581861
14.8051,gpu,0,0,0
15.0013,disk0,925062543618048,2083305770,12825611098852273
15.0013,disk0w,2189222002688,19744810,1284604249076
15.0013,disk4,1806810138624,3679120,33468720600054
15.0013,disk4w,2195456,171,27582691
15.0013,disk8,2916029573120,2925592,45011530228427
15.0013,disk8w,320163840,41745,1705073465
15.0013,disk6,3531613943808,5830420,72714131013355
15.0013,disk6w,380928,53,8067940
15.0013,ram,30648909824,28371861504,282530
15.0013,cpu,15740127,22458688,540581861
15.0013,gpu,0,0,0
15.2049,disk0,925063277621248,2083307259,12825622630323467
15.2049,disk0w,2189222002688,19744810,1284604249076
15.2049,disk4,1807416461312,3680369,33490368500257
15.2049,disk4w,2195456,171,27582691
15.2049,disk8,2916580599808,2926128,45022497108921
15.2049,disk8w,320163840,41745,1705073465
15.2049,disk6,3532850784256,5832633,72749241759578
15.2049,disk6w,380928,53,8067940
15.2049,ram,28688416768,29718429696,282530
15.2049,cpu,15740160,22458826,540583397
15.2049,gpu,16,8,0
15.4051,disk0,925064751312896,2083310223,12825646903880276
15.4051,disk0w,2189222002688,19744810,1284604249076
15.4051,disk4,1807952029696,3681469,33503843216386
15.4051,disk4w,2195456,171,27582691
15.4051,disk8,2917591001088,2927108,45040777896349
15.4051,disk8w,320163840,41745,1705073465
15.4051,disk6,3534084057088,5834441,72782054071466
15.4051,disk6w,380928,53,8067940
15.4051,ram,28688416768,29718429696,282530
15.4051,cpu,15740160,22458826,540583397
15.4051,gpu,18,10,0
15.6051,disk0,925065856802816,2083312402,12825664738591747
15.6051,disk0w,2189222002688,19744810,1284604249076
15.6051,disk4,1808495994880,3682586,33519524518730
15.6051,disk4w,2195456,171,27582691
15.6051,disk8,2918485141504,2927975,45059007576679
15.6051,disk8w,320163840,41745,1705073465
15.6051,disk6,3535470495744,5836888,72815990326708
15.6051,disk6w,380928,53,8067940
15.6051,ram,28688416768,29718429696,282530
15.6051,cpu,15740160,22458826,540583397
15.6051,gpu,0,0,0
15.8051,disk0,925066857005056,2083314327,12825680489436618
15.8051,disk0w,2189222002688,19744810,1284604249076
15.8051,disk4,1809215432704,3684061,33543635205286
15.8051,disk4w,2195456,171,27582691
15.8051,disk8,2919451011072,2928913,45079795217691
15.8051,disk8w,320163840,41745,1705073465
15.8051,disk6,3536150497280,5837798,72827007834653
15.8051,disk6w,380928,53,8067940
15.8051,ram,28688416768,29718429696,282530
15.8051,cpu,15740160,22458826,540583397
15.8051,gpu,65,4,0
16.0007,disk0,925068100354048,2083316413,12825699495197917
16.0007,disk0w,2189222002688,19744810,1284604249076
16.0007,disk4,1810110343168,3685894,33572838025423
16.0007,disk4w,2195456,171,27582691
16.0007,disk8,2920262723584,2929698,45091097365312
16.0007,disk8w,320163840,41745,1705073465
16.0007,disk6,3537139820544,5839177,72849950149907
16.0007,disk6w,380928,53,8067940
16.0007,ram,28688416768,29718429696,282530
16.0007,cpu,15740160,22458826,540583397
16.0007,gpu,0,0,0
16.2051,disk0,925069638463488,2083319266,12825725142956888
16.2051,disk0w,2189222002688,19744810,1284604249076
16.2051,disk4,1810549024768,3686794,33582475839916
16.2051,disk4w,2195456,171,27582691
16.2051,disk8,2920966252544,2930384,45101121218202
16.2051,disk8w,320163840,41745,1705073465
16.2051,disk6,3538176034816,5840646,72875934314251
16.2051,disk6w,380928,53,8067940
16.2051,ram,26032390144,30750457856,282530
16.2051,cpu,15740210,22459004,540585025
16.2051,gpu,0,0,0
16.4051,disk0,925070948802560,2083321543,12825745452034982
16.4051,disk0w,2189222002688,19744810,1284604249076
16.4051,disk4,1811023636480,3687764,33593001172430
16.4051,disk4w,2195456,171,27582691
16.4051,disk8,2921629640704,2931030,45110284398981
16.4051,disk8w,320163840,41745,1705073465
16.4051,disk6,3539128580096,5841955,72897790298098
16.4051,disk6w,380928,53,8067940
16.4051,ram,26032390144,30750457856,282530
16.4051,cpu,15740210,22459004,540585025
16.4051,gpu,0,0,0
16.6051,disk0,925072694951936,2083324784,12825775594302737
16.6051,disk0w,2189222002688,19744810,1284604249076
16.6051,disk4,1811622299648,3688996,33609334112595
16.6051,disk4w,2195456,171,27582691
16.6051,disk8,2922732382208,2932100,45132307296673
16.6051,disk8w,320163840,41745,1705073465
16.6051,disk6,3539881359360,5843053,72913512268661
16.6051,disk6w,380928,53,8067940
16.6051,ram,26032390144,30750457856,282530
16.6051,cpu,15740210,22459004,540585025
16.6051,gpu,24,7,0
16.8051,disk0,925074314678272,2083328084,12825804691282633
16.8051,disk0w,2189222002688,19744810,1284604249076
16.8051,disk4,1812128278528,3690033,33623130719342
16.8051,disk4w,2195456,171,27582691
16.8051,disk8,2923697448960,2933038,45151574999239
16.8051,disk8w,320163840,41745,1705073465
16.8051,disk6,3540349409280,5843743,72920219791958
16.8051,disk6w,380928,53,8067940
16.8051,ram,26032390144,30750457856,282530
16.8051,cpu,15740210,22459004,540585025
16.8051,gpu,0,0,0
17.0051,disk0,925075367514112,2083330255,12825821938807412
17.0051,disk0w,2189222002688,19744810,1284604249076
17.0051,disk4,1812637149184,3691073,33637750198158
17.0051,disk4w,2195456,171,27582691
17.0051,disk8,2924680095744,2933993,45173135334208
17.0051,disk8w,320163840,41745,1705073465
17.0051,disk6,3540836485120,5844539,72929656510151
17.0051,disk6w,380928,53,8067940
17.0051,ram,26032390144,30750457856,282530
17.0051,cpu,15740210,22459004,540585025
17.0051,gpu,81,1,0
17.2051,disk0,925077260406784,2083334053,12825853177697967
17.2051,disk0w,2189222002688,19744810,1284604249076
17.2051,disk4,1813499348992,3692843,33664039395846
17.2051,disk4w,2195456,171,27582691
17.2051,disk8,2925565978624,2934855,45185409225096
17.2051,disk8w,320163840,41745,1705073465
17.2051,disk6,3541724956672,5845577,72945105260443
17.2051,disk6w,380928,53,8067940
17.2051,ram,23718445056,33104773120,282530
17.2051,cpu,15740246,22459161,540586655
17.2051,gpu,0,0,0
17.4051,disk0,925078860443648,2083337922,12825881874691856
17.4051,disk0w,2189222002688,19744810,1284604249076
17.4051,disk4,1813988288512,3693849,33675925922979
17.4051,disk4w,2195456,171,27582691
17.4051,disk8,2926316070912,2935584,45196709310016
17.4051,disk8w,320163840,41745,1705073465
17.4051,disk6,3542709790720,5846885,72968339135021
17.4051,disk6w,380928,53,8067940
17.4051,ram,23718445056,33104773120,282530
17.4051,cpu,15740246,22459161,540586655
17.4051,gpu,0,0,0
17.6051,disk0,925079912255488,2083340569,12825899738156530
17.6051,disk0w,2189222002688,19744810,1284604249076
17.6051,disk4,1814409422848,3694713,33686561326197
17.6051,disk4w,2195456,171,27582691
17.6051,disk8,2926968645632,2936217,45206774736716
17.6051,disk8w,320163840,41745,1705073465
17.6051,disk6,3543694186496,5848211,72994331918088
17.6051,disk6w,380928,53,8067940
17.6051,ram,23718445056,33104773120,282530
17.6051,cpu,15740246,22459161,540586655
17.6051,gpu,0,0,0
17.8051,disk0,925081185701888,2083344037,12825921030379304
17.8051,disk0w,2189222002688,19744810,1284604249076
17.8051,disk4,1814926174208,3695766,33699541566060
17.8051,disk4w,2195456,171,27582691
17.8051,disk8,2927768201216,2936992,45220427941915
17.8051,disk8w,320163840,41745,1705073465
17.8051,disk6,3544661473280,5849535,73018340440664
17.8051,disk6w,380928,53,8067940
17.8051,ram,23718445056,33104773120,282530
17.8051,cpu,15740246,22459161,540586655
17.8051,gpu,40,6,0
18.0051,disk0,925082544345088,2083347333,12825944479122278
18.0051,disk0w,2189222002688,19744810,1284604249076
18.0051,disk4,1815743014912,3697451,33726959527912
18.0051,disk4w,2195456,171,27582691
18.0051,disk8,2928593135616,2937792,45233383535772
18.0051,disk8w,320163840,41745,1705073465
18.0051,disk6,3545574193152,5850634,73038260278417
18.0051,disk6w,380928,53,8067940
18.0051,ram,23718445056,33104773120,282530
18.0051,cpu,15740246,22459161,540586655
18.0051,gpu,0,0,0
18.2024,disk0,925083599720448,2083349483,12825961297209119
18.2024,disk0w,2189222002688,19744810,1284604249076
18.2024,disk4,1816346961920,3698691,33745275506697
18.2024,disk4w,2195456,171,27582691
18.2024,disk8,2929305511936,2938486,45244900881134
18.2024,disk8w,320163840,41745,1705073465
18.2024,disk6,3546545268736,5851903,73063178149332
18.2024,disk6w,380928,53,8067940
18.2024,ram,21396914176,35466936320,282530
18.2024,cpu,15740287,22459312,540588213
18.2024,gpu,25,9,0
18.4014,disk0,925084663123968,2083351610,12825977745717038
18.4014,disk0w,2189222002688,19744810,1284604249076
18.4014,disk4,1816978712576,3699985,33764101581938
18.4014,disk4w,2195456,171,27582691
18.4014,disk8,2929802618880,2938968,45251207405268
18.4014,disk8w,320163840,41745,1705073465
18.4014,disk6,3547406862336,5852974,73081741068848
18.4014,disk6w,380928,53,8067940
18.4014,ram,21396914176,35466936320,282530
18.4014,cpu,15740287,22459312,540588213
18.4014,gpu,0,0,0
18.6051,disk0,925085908668416,2083354178,12825999173681814
18.6051,disk0w,2189222002688,19744810,1284604249076
18.6051,disk4,1817529780224,3701116,33779259478964
18.6051,disk4w,2195456,171,27582691
18.6051,disk8,2930678458368,2939819,45267609462023
18.6051,disk8w,320163840,41745,1705073465
18.6051,disk6,3548191373312,5853977,73096651498253
18.6051,disk6w,380928,53,8067940
18.6051,ram,21396914176,35466936320,282530
18.6051,cpu,15740287,22459312,540588213
18.6051,gpu,0,0,0
18.8051,disk0,925086896074752,2083356051,12826014896020817
18.8051,disk0w,2189222002688,19744810,1284604249076
18.8051,disk4,1818164537344,3702422,33799421062638
18.8051,disk4w,2195456,171,27582691
18.8051,disk8,2931786737664,2940898,45292207689803
18.8051,disk8w,320163840,41745,1705073465
18.8051,disk6,3549013932032,5854999,73114977353624
18.8051,disk6w,380928,53,8067940
18.8051,ram,21396914176,35466936320,282530
18.8051,cpu,15740287,22459312,540588213
18.8051,gpu,25,8,0
19.0011,disk0,925088172224512,2083358007,12826035366864461
19.0011,disk0w,2189222002688,19744810,1284604249076
19.0011,disk4,1818628106240,3703321,33810483586296
19.0011,disk4w,2195456,171,27582691
19.0011,disk8,2932406134784,2941501,45300941136479
19.0011,disk8w,320163840,41745,1705073465
19.0011,disk6,3549941528576,5856570,73142750726778
19.0011,disk6w,380928,53,8067940
19.0011,ram,21396914176,35466936320,282530
19.0011,cpu,15740287,22459312,540588213
19.0011,gpu,26,8,0
19.2051,disk0,925089535512576,2083360410,12826057715025991
19.2051,disk0w,2189222002688,19744810,1284604249076
19.2051,disk4,1819112089600,3704260,33821381163156
19.2051,disk4w,2195456,171,27582691
19.2051,disk8,2933313349632,2942382,45317317450052
19.2051,disk8w,320163840,41745,1705073465
19.2051,disk6,3550764492800,5857685,73157655859327
19.2051,disk6w,380928,53,8067940
19.2051,ram,19067076608,37813370880,282530
19.2051,cpu,15740324,22459462,540589879
19.2051,gpu,0,0,0
19.4051,disk0,925091072348160,2083363451,12826083390021089
19.4051,disk0w,2189222002688,19744810,1284604249076
19.4051,disk4,1819743791104,3705484,33836557297492
19.4051,disk4w,2195456,171,27582691
19.4051,disk8,2934383732736,2943422,45336922541628
19.4051,disk8w,320163840,41745,1705073465
19.4051,disk6,3551800178688,5859023,73181480590168
19.4051,disk6w,380928,53,8067940
19.4051,ram,19067076608,37813370880,282530
19.4051,cpu,15740324,22459462,540589879
19.4051,gpu,0,0,0
19.6051,disk0,925092914819072,2083367552,12826116331522481
19.6051,disk0w,2189222002688,19744810,1284604249076
19.6051,disk4,1820270209024,3706504,33847971008090
19.6051,disk4w,2195456,171,27582691
19.6051,disk8,2935241107456,2944254,45349754210651
19.6051,disk8w,320163840,41745,1705073465
19.6051,disk6,3552701839360,5860168,73198117261979
19.6051,disk6w,380928,53,8067940
19.6051,ram,19067076608,37813370880,282530
19.6051,cpu,15740324,22459462,540589879
19.6051,gpu,0,0,0
19.8051,disk0,925094230872064,2083370420,12826139405062398
19.8051,disk0w,2189222002688,19744810,1284604249076
19.8051,disk4,1820814174208,3707558,33862797473568
19.8051,disk4w,2195456,171,27582691
19.8051,disk8,2936103364608,2945092,45366321526381
19.8051,disk8w,320163840,41745,1705073465
19.8051,disk6,3553166526464,5860974,73206981235576
19.8051,disk6w,380928,53,8067940
19.8051,ram,19067076608,37813370880,282530
19.8051,cpu,15740324,22459462,540589879
19.8051,gpu,0,0,0
20.0051,disk0,925095897894912,2083373821,12826167738295119
20.0051,disk0w,2189222002688,19744810,1284604249076
20.0051,disk4,1821217761280,3708342,33869452111308
20.0051,disk4w,2195456,171,27582691
20.0051,disk8,2936822802432,2945791,45376910639311
20.0051,disk8w,320163840,41745,1705073465
20.0051,disk6,3554144675840,5862987,73233164957497
20.0051,disk6w,380928,53,8067940
20.0051,ram,19067076608,37813370880,282530
20.0051,cpu,15740324,22459462,540589879
20.0051,gpu,0,0,0
20.2051,disk0,925097301676032,2083377246,12826191847242841
20.2051,disk0w,2189222002688,19744810,1284604249076
20.2051,disk4,1821919651840,3709704,33888464437718
20.2051,disk4w,2195456,171,27582691
20.2051,disk8,2937893185536,2946831,45397005642881
20.2051,disk8w,320163840,41745,1705073465
20.2051,disk6,3555215071232,5865236,73263461695108
20.2051,disk6w,380928,53,8067940
20.2051,ram,16727900160,40171388928,282530
20.2051,cpu,15740360,22459604,540591416
20.2051,gpu,0,0,0
20.4051,disk0,925098266775552,2083379460,12826207379721312
20.4051,disk0w,2189222002688,19744810,1284604249076
20.4051,disk4,1822305691648,3710452,33896244019629
20.4051,disk4w,2195456,171,27582691
20.4051,disk8,2938799630336,2947711,45415761746549
20.4051,disk8w,320163840,41745,1705073465
20.4051,disk6,3556158195712,5867405,73292548076777
20.4051,disk6w,380928,53,8067940
20.4051,ram,16727900160,40171388928,282530
20.4051,cpu,15740360,22459604,540591416
20.4051,gpu,0,0,0
20.6051,disk0,925099758637056,2083382937,12826232481171117
20.6051,disk0w,2189222002688,19744810,1284604249076
20.6051,disk4,1822779467776,3711370,33906478817906
20.6051,disk4w,2195456,171,27582691
20.6051,disk8,2939946215424,2948827,45439395304459
20.6051,disk8w,320163840,41745,1705073465
20.6051,disk6,3557074774016,5869401,73317129595655
20.6051,disk6w,380928,53,8067940
20.6051,ram,16727900160,40171388928,282530
20.6051,cpu,15740360,22459604,540591416
20.6051,gpu,0,0,0
20.8051,disk0,925100723748864,2083385030,12826247810051260
20.8051,disk0w,2189222395904,19744848,1284611351311
20.8051,disk4,1823305885696,3712392,33920306474946
20.8051,disk4w,2195456,171,27582691
20.8051,disk8,2940770936832,2949627,45454878107817
20.8051,disk8w,320163840,41745,1705073465
20.8051,disk6,3558083831808,5871299,73347470144833
20.8051,disk6w,380928,53,8067940
20.8051,ram,16727900160,40171388928,282530
20.8051,cpu,15740360,22459604,540591416
20.8051,gpu,0,0,0
21.0051,disk0,925101811679232,2083387313,12826265425738627
21.0051,disk0w,2189222395904,19744848,1284611351311
21.0051,disk4,1823937587200,3713618,33939024979533
21.0051,disk4w,2195456,171,27582691
21.0051,disk8,2941560563712,2950394,45469006100734
21.0051,disk8w,320163840,41745,1705073465
21.0051,disk6,3558899472384,5872765,73369173338276
21.0051,disk6w,380928,53,8067940
21.0051,ram,16727900160,40171388928,282530
21.0051,cpu,15740360,22459604,540591416
21.0051,gpu,0,0,0
21.2051,disk0,925103027888128,2083389688,12826285063414192
21.2051,disk0w,2189222395904,19744848,1284611351311
21.2051,disk4,1824771532800,3715233,33963928087625
21.2051,disk4w,2195456,171,27582691
21.2051,disk8,2942420133888,2951229,45481695260160
21.2051,disk8w,320163840,41745,1705073465
21.2051,disk6,3559807420416,5874337,73391084132529
21.2051,disk6w,380928,53,8067940
21.2051,ram,14501986304,42413850624,282530
21.2051,cpu,15740410,22459788,540593036
21.2051,gpu,0,0,0
21.4051,disk0,925104110379008,2083391815,12826302865515026
21.4051,disk0w,2189222395904,19744848,1284611351311
21.4051,disk4,1825356425216,3716368,33980349356282
21.4051,disk4w,2195456,171,27582691
21.4051,disk8,2943337867264,2952122,45500848072164
21.4051,disk8w,320163840,41745,1705073465
21.4051,disk6,3560525211648,5875448,73408872654712
21.4051,disk6w,380928,53,8067940
21.4051,ram,14501986304,42413850624,282530
21.4051,cpu,15740410,22459788,540593036
21.4051,gpu,0,0,0
21.6051,disk0,925106038398976,2083395503,12826336259227107
21.6051,disk0w,2189222395904,19744848,1284611351311
21.6051,disk4,1825937975296,3717497,33993617333046
21.6051,disk4w,2195456,171,27582691
21.6051,disk8,2944140011520,2952901,45512213559073
21.6051,disk8w,320163840,41745,1705073465
21.6051,disk6,3561628190720,5877691,73442886048992
21.6051,disk6w,380928,53,8067940
21.6051,ram,14501986304,42413850624,282530
21.6051,cpu,15740410,22459788,540593036
21.6051,gpu,0,0,0
21.8051,disk0,925107415523328,2083397862,12826358057510742
21.8051,disk0w,2189222395904,19744848,1284611351311
21.8051,disk4,1826452367360,3718494,34005026611339
21.8051,disk4w,2195456,171,27582691
21.8051,disk8,2945051486208,2953783,45528557345077
21.8051,disk8w,320163840,41745,1705073465
21.8051,disk6,3562421004288,5879251,73462777548117
21.8051,disk6w,380928,53,8067940
21.8051,ram,14501986304,42413850624,282530
21.8051,cpu,15740410,22459788,540593036
21.8051,gpu,18,9,0
22.0051,disk0,925109159112704,2083401038,12826387951696297
22.0051,disk0w,2189222395904,19744848,1284611351311
22.0051,disk4,1827220285440,3719985,34026453730003
22.0051,disk4w,2195456,171,27582691
22.0051,disk8,2945850877952,2954560,45539907937742
22.0051,disk8w,320163840,41745,1705073465
22.0051,disk6,3563327838208,5881133,73487229460913
22.0051,disk6w,380928,53,8067940
22.0051,ram,14501986304,42413850624,282530
22.0051,cpu,15740410,22459788,540593036
22.0051,gpu,0,0,0
22.2051,disk0,925110918725632,2083405094,12826420723815853
22.2051,disk0w,2189222395904,19744848,1284611351311
22.2051,disk4,1828046923776,3721585,34052533749999
22.2051,disk4w,2195456,171,27582691
22.2051,disk8,2946526439424,2955218,45549601661855
22.2051,disk8w,320163840,41745,1705073465
22.2051,disk6,3563996686336,5882562,73504451840045
22.2051,disk6w,380928,53,8067940
22.2051,ram,13151977472,43806572544,282530
22.2051,cpu,15740450,22459952,540594650
22.2051,gpu,0,0,0
22.4052,disk0,925112673452032,2083409278,12826451561907995
22.4052,disk0w,2189222395904,19744848,1284611351311
22.4052,disk4,1828780632064,3723013,34072469388197
22.4052,disk4w,2195456,171,27582691
22.4052,disk8,2947351160832,2956018,45561386948378
22.4052,disk8w,320163840,41745,1705073465
22.4052,disk6,3564944259072,5884507,73530734010521
22.4052,disk6w,380928,53,8067940
22.4052,ram,13151977472,43806572544,282530
22.4052,cpu,15740450,22459952,540594650
22.4052,gpu,19,8,0
22.6051,disk0,925114224021504,2083412962,12826478489913653
22.6051,disk0w,2189222395904,19744848,1284611351311
22.6051,disk4,1829394786304,3724209,34088378567350
22.6051,disk4w,2195456,171,27582691
22.6051,disk8,2948294305792,2956935,45577504367778
22.6051,disk8w,320163840,41745,1705073465
22.6051,disk6,3565779916800,5885961,73549594640913
22.6051,disk6w,380928,53,8067940
22.6051,ram,13151977472,43806572544,282530
22.6051,cpu,15740450,22459952,540594650
22.6051,gpu,0,0,0
22.8051,disk0,925115516112896,2083416251,12826501254718398
22.8051,disk0w,2189222395904,19744848,1284611351311
22.8051,disk4,1829921204224,3725238,34102436350928
22.8051,disk4w,2195456,171,27582691
22.8051,disk8,2949067810816,2957686,45592069203108
22.8051,disk8w,320163840,41745,1705073465
22.8051,disk6,3566584690688,5887410,73570044992600
22.8051,disk6w,380928,53,8067940
22.8051,ram,13151977472,43806572544,282530
22.8051,cpu,15740450,22459952,540594650
22.8051,gpu,0,0,0
23.0051,disk0,925116954988544,2083420157,12826525490644274
23.0051,disk0w,2189222395904,19744848,1284611351311
23.0051,disk4,1830798567424,3726969,34129298910228
23.0051,disk4w,2195456,171,27582691
23.0051,disk8,2950193817600,2958780,45613732460659
23.0051,disk8w,320163840,41745,1705073465
23.0051,disk6,3567374321664,5888741,73588284263833
23.0051,disk6w,380928,53,8067940
23.0051,ram,13151977472,43806572544,282530
23.0051,cpu,15740450,22459952,540594650
23.0051,gpu,0,0,0
23.2051,disk0,925117938241536,2083422662,12826540680619421
23.2051,disk0w,2189222395904,19744848,1284611351311
23.2051,disk4,1831460153344,3728277,34147982023175
23.2051,disk4w,2195456,171,27582691
23.2051,disk8,2951057336320,2959617,45629315751093
23.2051,disk8w,320163840,41745,1705073465
23.2051,disk6,3568053712896,5889733,73601935402034
23.2051,disk6w,380928,53,8067940
23.2051,ram,10803412992,46156759040,282530
23.2051,cpu,15740487,22460103,540596175
23.2051,gpu,23,8,0
23.4052,disk0,925119466278912,2083426600,12826566196566513
23.4052,disk0w,2189222400000,19744849,1284611375436
23.4052,disk4,1832193533952,3729739,34167183995376
23.4052,disk4w,2195456,171,27582691
23.4052,disk8,2952228038656,2960752,45650514380240
23.4052,disk8w,320163840,41745,1705073465
23.4052,disk6,3569274673152,5891476,73632652111262
23.4052,disk6w,380928,53,8067940
23.4052,ram,10803412992,46156759040,282530
23.4052,cpu,15740487,22460103,540596175
23.4052,gpu,0,0,0
23.6052,disk0,925120340144128,2083428367,12826578638514373
23.6052,disk0w,2189222400000,19744849,1284611375436
23.6052,disk4,1832644700160,3730641,34176940280374
23.6052,disk4w,2195456,171,27582691
23.6052,disk8,2953187895296,2961683,45668794322298
23.6052,disk8w,320163840,41745,1705073465
23.6052,disk6,3570231777280,5893095,73658200225232
23.6052,disk6w,380928,53,8067940
23.6052,ram,10803412992,46156759040,282530
23.6052,cpu,15740487,22460103,540596175
23.6052,gpu,18,8,0
23.8052,disk0,925121412001792,2083430666,12826596036474233
23.8052,disk0w,2189222400000,19744849,1284611375436
23.8052,disk4,1833360467968,3732059,34197714611788
23.8052,disk4w,2195456,171,27582691
23.8052,disk8,2954177046528,2962646,45687050455480
23.8052,disk8w,320163840,41745,1705073465
23.8052,disk6,3571414153216,5895337,73694960223933
23.8052,disk6w,380928,53,8067940
23.8052,ram,10803412992,46156759040,282530
23.8052,cpu,15740487,22460103,540596175
23.8052,gpu,23,7,0
24.0052,disk0,925122653433856,2083432795,12826614895535918
24.0052,disk0w,2189222400000,19744849,1284611375436
24.0052,disk4,1833966512128,3733250,34212693613766
24.0052,disk4w,2195456,171,27582691
24.0052,disk8,2954920388608,2963365,45697192194619
24.0052,disk8w,320163840,41745,1705073465
24.0052,disk6,3572420110336,5897512,73723984195644
24.0052,disk6w,380928,53,8067940
24.0052,ram,10803412992,46156759040,282530
24.0052,cpu,15740487,22460103,540596175
24.0052,gpu,0,0,0
24.2052,disk0,925123798429696,2083435306,12826634584206495
24.2052,disk0w,2189222400000,19744849,1284611375436
24.2052,disk4,1834623870976,3734541,34232187280016
24.2052,disk4w,2195456,171,27582691
24.2052,disk8,2955808942080,2964228,45713498651301
24.2052,disk8w,320163840,41745,1705073465
24.2052,disk6,3573458163712,5899753,73756129202276
24.2052,disk6w,380928,53,8067940
24.2052,ram,9737715712,47245082624,282530
24.2052,cpu,15740522,22460267,540597862
24.2052,gpu,20,6,0
24.4003,disk0,925125417385984,2083437745,12826660677491949
24.4003,disk0w,2189222400000,19744849,1284611375436
24.4003,disk4,1835360856064,3735997,34252954982741
24.4003,disk4w,2195456,171,27582691
24.4003,disk8,2956702656512,2965094,45727817694518
24.4003,disk8w,320163840,41745,1705073465
24.4003,disk6,3574246471680,5900844,73771763056372
24.4003,disk6w,380928,53,8067940
24.4003,ram,9737715712,47245082624,282530
24.4003,cpu,15740522,22460267,540597862
24.4003,gpu,0,0,0
24.6047,disk0,925126756864000,2083440073,12826684036032629
24.6047,disk0w,2189222400000,19744849,1284611375436
24.6047,disk4,1835806877696,3736879,34263548459372
24.6047,disk4w,2195456,171,27582691
24.6047,disk8,2957658744832,2966026,45747275484530
24.6047,disk8w,320163840,41745,1705073465
24.6047,disk6,3574881937408,5901937,73786329589790
24.6047,disk6w,380928,53,8067940
24.6047,ram,9737715712,47245082624,282530
24.6047,cpu,15740522,22460267,540597862
24.6047,gpu,23,7,0
24.8052,disk0,925128185253888,2083442518,12826707455874455
24.8052,disk0w,2189222400000,19744849,1284611375436
24.8052,disk4,1836554070016,3738353,34284761808163
24.8052,disk4w,2195456,171,27582691
24.8052,disk8,2958791976960,2967128,45769605195791
24.8052,disk8w,320163840,41745,1705073465
24.8052,disk6,3575888152576,5904330,73816111937209
24.8052,disk6w,380928,53,8067940
24.8052,ram,9737715712,47245082624,282530
24.8052,cpu,15740522,22460267,540597862
24.8052,gpu,0,0,0
25.0052,disk0,925129682407424,2083445114,12826732448260367
25.0052,disk0w,2189222400000,19744849,1284611375436
25.0052,disk4,1837183182848,3739594,34301180842991
25.0052,disk4w,2195456,171,27582691
25.0052,disk8,2959712888832,2968020,45784594656725
25.0052,disk8w,320163840,41745,1705073465
25.0052,disk6,3576734578688,5906305,73839123461288
25.0052,disk6w,380928,53,8067940
25.0052,ram,9737715712,47245082624,282530
25.0052,cpu,15740522,22460267,540597862
25.0052,gpu,0,0,0
25.2052,disk0,925131677507584,2083449284,12826767802313487
25.2052,disk0w,2189222727680,19744867,1284611623140
25.2052,disk4,1837975398400,3741166,34324608652837
25.2052,disk4w,2195456,171,27582691
25.2052,disk8,2960616892416,2968902,45798812183180
25.2052,disk8w,320163840,41745,1705073465
25.2052,disk6,3577550632960,5908075,73860936402300
25.2052,disk6w,380928,53,8067940
25.2052,ram,7378681856,49593942016,282530
25.2052,cpu,15740561,22460423,540599384
25.2052,gpu,26,7,0
25.4052,disk0,925133595926528,2083453545,12826801700806931
25.4052,disk0w,2189223251968,19744878,1284611878469
25.4052,disk4,1838624647168,3742444,34341365807771
25.4052,disk4w,2195456,171,27582691
25.4052,disk8,2961425115136,2969689,45811154163125
25.4052,disk8w,320163840,41745,1705073465
25.4052,disk6,3578177824768,5909400,73874397928166
25.4052,disk6w,380928,53,8067940
25.4052,ram,7378681856,49593942016,282530
25.4052,cpu,15740561,22460423,540599384
25.4052,gpu,0,0,0
25.6030,disk0,925135064162304,2083456814,12826827421954013
25.6030,disk0w,2189223448576,19744885,1284612034633
25.6030,disk4,1838981883904,3743144,34348091599037
25.6030,disk4w,2195456,171,27582691
25.6030,disk8,2962223130624,2970463,45825396505327
25.6030,disk8w,320163840,41745,1705073465
25.6030,disk6,3578814490624,5910834,73890837225634
25.6030,disk6w,380928,53,8067940
25.6030,ram,7378681856,49593942016,282530
25.6030,cpu,15740561,22460423,540599384
25.6030,gpu,100,2,0
25.8052,disk0,925136948760576,2083461068,12826859634284394
25.8052,disk0w,2189223448576,19744885,1284612034633
25.8052,disk4,1839786469376,3744735,34369394746837
25.8052,disk4w,2195456,171,27582691
25.8052,disk8,2963485386752,2971688,45848228033466
25.8052,disk8w,320163840,41745,1705073465
25.8052,disk6,3579765061632,5912713,73913349117817
25.8052,disk6w,380928,53,8067940
25.8052,ram,7378681856,49593942016,282530
25.8052,cpu,15740561,22460423,540599384
25.8052,gpu,0,0,0
26.0052,disk0,925138398154752,2083464700,12826884167583367
26.0052,disk0w,2189223448576,19744885,1284612034633
26.0052,disk4,1840326731776,3745795,34383542585109
26.0052,disk4w,2195456,171,27582691
26.0052,disk8,2964407101440,2972591,45864899964457
26.0052,disk8w,320163840,41745,1705073465
26.0052,disk6,3580549433344,5914203,73933031575815
26.0052,disk6w,380928,53,8067940
26.0052,ram,7378681856,49593942016,282530
26.0052,cpu,15740561,22460423,540599384
26.0052,gpu,0,0,0
26.2052,disk0,925140085870592,2083469067,12826913031474054
26.2052,disk0w,2189223448576,19744885,1284612034633
26.2052,disk4,1841140762624,3747390,34405846692505
26.2052,disk4w,2195456,171,27582691
26.2052,disk8,2965596940288,2973745,45887062726276
26.2052,disk8w,320163840,41745,1705073465
26.2052,disk6,3581496461312,5915968,73956410993785
26.2052,disk6w,380928,53,8067940
26.2052,ram,6102335488,50847645696,282530
26.2052,cpu,15740618,22460607,540600887
26.2052,gpu,22,7,0
26.4052,disk0,925140846678016,2083471127,12826925394255304
26.4052,disk0w,2189223448576,19744885,1284612034633
26.4052,disk4,1841692583936,3748476,34421499543669
26.4052,disk4w,2195456,171,27582691
26.4052,disk8,2966217123840,2974347,45895701810496
26.4052,disk8w,320163840,41745,1705073465
26.4052,disk6,3582410209280,5917590,73982874514252
26.4052,disk6w,380928,53,8067940
26.4052,ram,6102335488,50847645696,282530
26.4052,cpu,15740618,22460607,540600887
26.4052,gpu,16,8,0
26.6052,disk0,925142030467072,2083474366,12826945729679161
26.6052,disk0w,2189223448576,19744885,1284612034633
26.6052,disk4,1842555234304,3750183,34450020248898
26.6052,disk4w,2195456,171,27582691
26.6052,disk8,2967214663680,2975316,45914511208665
26.6052,disk8w,320163840,41745,1705073465
26.6052,disk6,3583429801984,5919235,74010728400360
26.6052,disk6w,380928,53,8067940
26.6052,ram,6102335488,50847645696,282530
26.6052,cpu,15740618,22460607,540600887
26.6052,gpu,0,0,0
26.8034,disk0,925142857723904,2083476478,12826958214444509
26.8034,disk0w,2189223448576,19744885,1284612034633
26.8034,disk4,1843109160960,3751272,34465661540120
26.8034,disk4w,2195456,171,27582691
26.8034,disk8,2968030226432,2976106,45929584288076
26.8034,disk8w,320163840,41745,1705073465
26.8034,disk6,3584272578560,5920639,74031585526152
26.8034,disk6w,380928,53,8067940
26.8034,ram,6102335488,50847645696,282530
26.8034,cpu,15740618,22460607,540600887
26.8034,gpu,19,8,0
27.0052,disk0,925144166899712,2083479570,12826978547709436
27.0052,disk0w,2189223448576,19744885,1284612034633
27.0052,disk4,1843841689600,3752708,34485838983234
27.0052,disk4w,2195456,171,27582691
27.0052,disk8,2968899758080,2976952,45942954423919
27.0052,disk8w,320163840,41745,1705073465
27.0052,disk6,3585276803072,5922220,74055310951620
27.0052,disk6w,380928,53,8067940
27.0052,ram,6102335488,50847645696,282530
27.0052,cpu,15740618,22460607,540600887
27.0052,gpu,100,3,0
27.2052,disk0,925145523048448,2083482625,12827003403268619
27.2052,disk0w,2189223452672,19744886,1284612049341
27.2052,disk4,1844450338816,3753906,34502641228829
27.2052,disk4w,2195456,171,27582691
27.2052,disk8,2969601091584,2977635,45952945054243
27.2052,disk8w,320163840,41745,1705073465
27.2052,disk6,3586547611648,5923884,74090468292955
27.2052,disk6w,380928,53,8067940
27.2052,ram,4382834688,52594425856,282530
27.2052,cpu,15740657,22460764,540602512
27.2052,gpu,0,0,0
27.4052,disk0,925146681266176,2083485075,12827024485649982
27.4052,disk0w,2189224071168,19745019,1284614543966
27.4052,disk4,1844959209472,3754906,34516388561912
27.4052,disk4w,2195456,171,27582691
27.4052,disk8,2970193569792,2978209,45961142770310
27.4052,disk8w,320163840,41745,1705073465
27.4052,disk6,3587476371456,5925213,74114989830249
27.4052,disk6w,380928,53,8067940
27.4052,ram,4382834688,52594425856,282530
27.4052,cpu,15740657,22460764,540602512
27.4052,gpu,0,0,0
27.6052,disk0,925148138934272,2083487918,12827049116800595
27.6052,disk0w,2189224071168,19745019,1284614543966
27.6052,disk4,1845745231872,3756454,34537032776041
27.6052,disk4w,2195456,171,27582691
27.6052,disk8,2971428661248,2979410,45984168034354
27.6052,disk8w,320163840,41745,1705073465
27.6052,disk6,3588554885120,5926832,74140281091242
27.6052,disk6w,380928,53,8067940
27.6052,ram,4382834688,52594425856,282530
27.6052,cpu,15740657,22460764,540602512
27.6052,gpu,0,0,0
27.8052,disk0,925148930306048,2083489575,12827062792692883
27.8052,disk0w,2189224071168,19745019,1284614543966
27.8052,disk4,1846260639744,3757465,34551153591240
27.8052,disk4w,2195456,171,27582691
27.8052,disk8,2972055398400,2980019,45993756055771
27.8052,disk8w,320163840,41745,1705073465
27.8052,disk6,3589555558400,5928294,74168161278252
27.8052,disk6w,380928,53,8067940
27.8052,ram,4382834688,52594425856,282530
27.8052,cpu,15740657,22460764,540602512
27.8052,gpu,0,0,0
28.0052,disk0,925149945057280,2083491606,12827082711617664
28.0052,disk0w,2189224071168,19745019,1284614543966
28.0052,disk4,1846970116096,3758854,34572504067768
28.0052,disk4w,2195456,171,27582691
28.0052,disk8,2972794693632,2980736,46004779441488
28.0052,disk8w,320163840,41745,1705073465
28.0052,disk6,3590684465152,5930044,74200837276180
28.0052,disk6w,380928,53,8067940
28.0052,ram,4382834688,52594425856,282530
28.0052,cpu,15740657,22460764,540602512
28.0052,gpu,0,0,0
28.2052,disk0,925151071068160,2083494007,12827104399058299
28.2052,disk0w,2189224071168,19745019,1284614543966
28.2052,disk4,1847450920960,3759802,34584484917362
28.2052,disk4w,2195456,171,27582691
28.2052,disk8,2973613778944,2981533,46020550510119
28.2052,disk8w,320163840,41745,1705073465
28.2052,disk6,3591560411136,5931494,74224400678318
28.2052,disk6w,380928,53,8067940
28.2052,ram,2662400000,54326460416,282530
28.2052,cpu,15740696,22460922,540604199
28.2052,gpu,0,0,0
28.4052,disk0,925152225619968,2083496481,12827124294873583
28.4052,disk0w,2189224071168,19745019,1284614543966
28.4052,disk4,1848056719360,3760991,34599355753871
28.4052,disk4w,2195456,171,27582691
28.4052,disk8,2974522222592,2982415,46036073813275
28.4052,disk8w,320163840,41745,1705073465
28.4052,disk6,3592354007040,5932778,74241096561519
28.4052,disk6w,380928,53,8067940
28.4052,ram,2662400000,54326460416,282530
28.4052,cpu,15740696,22460922,540604199
28.4052,gpu,0,0,0
28.6052,disk0,925154660585472,2083503473,12827170439981819
28.6052,disk0w,2189224071168,19745019,1284614543966
28.6052,disk4,1848538851328,3761937,34609181213874
28.6052,disk4w,2195456,171,27582691
28.6052,disk8,2975413217280,2983281,46049057065569
28.6052,disk8w,320163840,41745,1705073465
28.6052,disk6,3593326163968,5934407,74264446821178
28.6052,disk6w,380928,53,8067940
28.6052,ram,2662400000,54326460416,282530
28.6052,cpu,15740696,22460922,540604199
28.6052,gpu,0,0,0
28.8048,disk0,925156045910016,2083507752,12827197023843338
28.8048,disk0w,2189224071168,19745019,1284614543966
28.8048,disk4,1849198061568,3763237,34629264542985
28.8048,disk4w,2195456,171,27582691
28.8048,disk8,2976156706816,2984005,46061335505166
28.8048,disk8w,320163840,41745,1705073465
28.8048,disk6,3593870419968,5935393,74276005178651
28.8048,disk6w,380928,53,8067940
28.8048,ram,2662400000,54326460416,282530
28.8048,cpu,15740696,22460922,540604199
28.8048,gpu,0,0,0
29.0018,disk0,925157437800448,2083512039,12827224594392212
29.0018,disk0w,2189224071168,19745019,1284614543966
29.0018,disk4,1850118105088,3765053,34658722954427
29.0018,disk4w,2195456,171,27582691
29.0018,disk8,2977356982272,2985171,46086171133399
29.0018,disk8w,320163840,41745,1705073465
29.0018,disk6,3594545936384,5936836,74292702550141
29.0018,disk6w,380928,53,8067940
29.0018,ram,2662400000,54326460416,282530
29.0018,cpu,15740696,22460922,540604199
29.0018,gpu,17,8,0
29.2010,disk0,925158798782464,2083523360,12827251464115907
29.2010,disk0w,2189224644608,19745039,1284614851374
29.2010,disk4,1850783090688,3766357,34677503349145
29.2010,disk4w,2195456,171,27582691
29.2010,disk8,2977979312128,2985774,46093713745819
29.2010,disk8w,320163840,41745,1705073465
29.2010,disk6,3595301644288,5938099,74309230397849
29.2010,disk6w,380928,53,8067940
29.2010,ram,359006208,56675303424,282568
29.2010,cpu,15740734,22461085,540605746
29.2010,gpu,0,0,0
29.4052,disk0,925160554369024,2083535441,12827287781650564
29.4052,disk0w,2189224644608,19745039,1284614851374
29.4052,disk4,1851274749952,3767317,34689262378788
29.4052,disk4w,2195456,171,27582691
29.4052,disk8,2978673027072,2986449,46103474360006
29.4052,disk8w,320163840,41745,1705073465
29.4052,disk6,3596001499136,5939204,74324067722812
29.4052,disk6w,380928,53,8067940
29.4052,ram,359006208,56675303424,282568
29.4052,cpu,15740734,22461085,540605746
29.4052,gpu,0,0,0
29.6052,disk0,925162194264064,2083552489,12827319493925710
29.6052,disk0w,2189224644608,19745039,1284614851374
29.6052,disk4,1851842529280,3768428,34703162365388
29.6052,disk4w,2195456,171,27582691
29.6052,disk8,2979486541824,2987237,46115573057858
29.6052,disk8w,320163840,41745,1705073465
29.6052,disk6,3597106206720,5941123,74354577809530
29.6052,disk6w,380928,53,8067940
29.6052,ram,359006208,56675303424,282568
29.6052,cpu,15740734,22461085,540605746
29.6052,gpu,0,0,0
29.8052,disk0,925163300581376,2083559363,12827338499107352
29.8052,disk0w,2189224689664,19745040,1284614877457
29.8052,disk4,1852280924160,3769286,34713941249968
29.8052,disk4w,2195456,171,27582691
29.8052,disk8,2980302891008,2988029,46130197231591
29.8052,disk8w,320163840,41745,1705073465
29.8052,disk6,3597858367488,5942508,74372556086653
29.8052,disk6w,380928,53,8067940
29.8052,ram,359006208,56675303424,282568
29.8052,cpu,15740734,22461085,540605746
29.8052,gpu,0,0,0
30.0052,disk0,925164557684736,2083562163,12827361020029500
30.0052,disk0w,2189225144320,19745100,1284616315935
30.0052,disk4,1853002983424,3770712,34735348842211
30.0052,disk4w,2195456,171,27582691
30.0052,disk8,2981181794304,2988881,46145336045065
30.0052,disk8w,320163840,41745,1705073465
30.0052,disk6,3598999795712,5944505,74406612971620
30.0052,disk6w,380928,53,8067940
30.0052,ram,359006208,56675303424,282568
30.0052,cpu,15740734,22461085,540605746
30.0052,gpu,17,8,0
30.2013,disk0,925165368594432,2083563816,12827374739063174
30.2013,disk0w,2189225144320,19745100,1284616315935
30.2013,disk4,1853493749760,3771684,34749228824771
30.2013,disk4w,2195456,171,27582691
30.2013,disk8,2981912487936,2989590,46158968439282
30.2013,disk8w,320163840,41745,1705073465
30.2013,disk6,3600243316736,5946959,74438999653384
30.2013,disk6w,380928,53,8067940
30.2013,ram,243073024,57954828288,282568
30.2013,cpu,15740774,22461253,540607323
30.2013,gpu,0,0,0
30.4052,disk0,925166891765760,2083566988,12827401301970621
30.4052,disk0w,2189225144320,19745100,1284616315935
30.4052,disk4,1854296483840,3773265,34771674326947
30.4052,disk4w,2195456,171,27582691
30.4052,disk8,2982953838592,2990600,46176011413383
30.4052,disk8w,320163840,41745,1705073465
30.4052,disk6,3601439586304,5949649,74474454596230
30.4052,disk6w,380928,53,8067940
30.4052,ram,243073024,57954828288,282568
30.4052,cpu,15740774,22461253,540607323
30.4052,gpu,16,9,0
30.6052,disk0,925167926661120,2083569080,12827418346691457
30.6052,disk0w,2189225226240,19745106,1284616429225
30.6052,disk4,1854961149952,3774578,34792720999098
30.6052,disk4w,2195456,171,27582691
30.6052,disk8,2983721953280,2991347,46189230365589
30.6052,disk8w,320163840,41745,1705073465
30.6052,disk6,3602530629632,5951907,74502591084107
30.6052,disk6w,380928,53,8067940
30.6052,ram,243073024,57954828288,282568
30.6052,cpu,15740774,22461253,540607323
30.6052,gpu,19,7,0
30.8005,disk0,925168951123968,2083571022,12827436292253063
30.8005,disk0w,2189225226240,19745106,1284616429225
30.8005,disk4,1855417378816,3775478,34803718705377
30.8005,disk4w,2195456,171,27582691
30.8005,disk8,2984631117824,2992230,46206508393552
30.8005,disk8w,320163840,41745,1705073465
30.8005,disk6,3603772381184,5954333,74540926014389
30.8005,disk6w,380928,53,8067940
30.8005,ram,243073024,57954828288,282568
30.8005,cpu,15740774,22461253,540607323
30.8005,gpu,0,0,0
31.0052,disk0,925169933787136,2083572636,12827453401519150
31.0052,disk0w,2189225226240,19745106,1284616429225
31.0052,disk4,1855891154944,3776410,34816306566615
31.0052,disk4w,2195456,171,27582691
31.0052,disk8,2985498912768,2993077,46223553798850
31.0052,disk8w,320163840,41745,1705073465
31.0052,disk6,3605098645504,5956935,74578199817599
31.0052,disk6w,380928,53,8067940
31.0052,ram,243073024,57954828288,282568
31.0052,cpu,15740774,22461253,540607323
31.0052,gpu,0,0,0
31.2052,disk0,925171388391424,2083574967,12827478857403542
31.2052,disk0w,2189225226240,19745106,1284616429225
31.2052,disk4,1856364931072,3777341,34826025612690
31.2052,disk4w,2195456,171,27582691
31.2052,disk8,2986434439168,2993985,46238824951375
31.2052,disk8w,320163840,41745,1705073465
31.2052,disk6,3606436235264,5959517,74617513683223
31.2052,disk6w,380928,53,8067940
31.2052,ram,245989376,59665547264,282574
31.2052,cpu,15740816,22461422,540608854
31.2052,gpu,0,0,0
31.4052,disk0,925172327714816,2083576594,12827495944825467
31.4052,disk0w,2189225226240,19745106,1284616429225
31.4052,disk4,1856713107456,3778025,34833753143875
31.4052,disk4w,2195456,171,27582691
31.4052,disk8,2987231930368,2994757,46254353151076
31.4052,disk8w,320163840,41745,1705073465
31.4052,disk6,3607610599424,5961948,74648042284503
31.4052,disk6w,380928,53,8067940
31.4052,ram,245989376,59665547264,282574
31.4052,cpu,15740816,22461422,540608854
31.4052,gpu,0,0,0
31.6009,disk0,925173875986432,2083579541,12827526611029200
31.6009,disk0w,2189225226240,19745106,1284616429225
31.6009,disk4,1857479845888,3779531,34858300277787
31.6009,disk4w,2195456,171,27582691
31.6009,disk8,2987983562752,2995487,46265913789864
31.6009,disk8w,320163840,41745,1705073465
31.6009,disk6,3608686118912,5964205,74681728497893
31.6009,disk6w,380928,53,8067940
31.6009,ram,245989376,59665547264,282574
31.6009,cpu,15740816,22461422,540608854
31.6009,gpu,17,8,0
31.8052,disk0,925175057633280,2083581798,12827547275705908
31.8052,disk0w,2189225226240,19745106,1284616429225
31.8052,disk4,1858067015680,3780686,34873813252024
31.8052,disk4w,2195456,171,27582691
31.8052,disk8,2988836825088,2996320,46280117916855
31.8052,disk8w,320163840,41745,1705073465
31.8052,disk6,3609960818688,5966953,74714983480392
31.8052,disk6w,380928,53,8067940
31.8052,ram,245989376,59665547264,282574
31.8052,cpu,15740816,22461422,540608854
31.8052,gpu,0,0,0
32.0052,disk0,925176374513664,2083584073,12827569828714121
32.0052,disk0w,2189225226240,19745106,1284616429225
32.0052,disk4,1858490279936,3781518,34881933372958
32.0052,disk4w,2195456,171,27582691
32.0052,disk8,2989721790464,2997181,46296902460561
32.0052,disk8w,320163840,41745,1705073465
32.0052,disk6,3610972817408,5969080,74739709239386
32.0052,disk6w,380928,53,8067940
32.0052,ram,245989376,59665547264,282574
32.0052,cpu,15740816,22461422,540608854
32.0052,gpu,20,6,0
32.2031,disk0,925178179235840,2083587076,12827602863979994
32.2031,disk0w,2189225304064,19745112,1284616541223
32.2031,disk4,1859162810368,3782841,34901211150264
32.2031,disk4w,2195456,171,27582691
32.2031,disk8,2990386489344,2997828,46305384593635
32.2031,disk8w,320163840,41745,1705073465
32.2031,disk6,3612236298240,5971916,74776192368657
32.2031,disk6w,380928,53,8067940
32.2031,ram,230604800,62015700992,282574
32.2031,cpu,15740855,22461584,540610439
32.2031,gpu,0,0,0
32.4052,disk0,925179690119168,2083589759,12827629019945421
32.4052,disk0w,2189225365504,19745119,1284618101471
32.4052,disk4,1859804194816,3784098,34917782086388
32.4052,disk4w,2195456,171,27582691
32.4052,disk8,2991324604416,2998739,46322433005796
32.4052,disk8w,320163840,41745,1705073465
32.4052,disk6,3613518317568,5974755,74807960639589
32.4052,disk6w,380928,53,8067940
32.4052,ram,230604800,62015700992,282574
32.4052,cpu,15740855,22461584,540610439
32.4052,gpu,0,0,0
32.6033,disk0,925181471830016,2083593139,12827659672584842
32.6033,disk0w,2189225365504,19745119,1284618101471
32.6033,disk4,1860580468736,3785630,34939796951110
32.6033,disk4w,2195456,171,27582691
32.6033,disk8,2991998740480,2999393,46331158989321
32.6033,disk8w,320163840,41745,1705073465
32.6033,disk6,3614393235456,5976779,74825907116569
32.6033,disk6w,380928,53,8067940
32.6033,ram,230604800,62015700992,282574
32.6033,cpu,15740855,22461584,540610439
32.6033,gpu,71,2,0
32.8020,disk0,925182936363008,2083595788,12827683721287318
32.8020,disk0w,2189225365504,19745119,1284618101471
32.8020,disk4,1861453637632,3787354,34967123786320
32.8020,disk4w,2195456,171,27582691
32.8020,disk8,2993130235904,3000493,46353318421420
32.8020,disk8w,320163840,41745,1705073465
32.8020,disk6,3615549261824,5979276,74857697803481
32.8020,disk6w,380928,53,8067940
32.8020,ram,230604800,62015700992,282574
32.8020,cpu,15740855,22461584,540610439
32.8020,gpu,0,0,0
33.0052,disk0,925183985545216,2083597805,12827699249933863
33.0052,disk0w,2189225365504,19745119,1284618101471
33.0052,disk4,1862121236480,3788676,34985953809039
33.0052,disk4w,2195456,171,27582691
33.0052,disk8,2993931593728,3001269,46367256846544
33.0052,disk8w,320163840,41745,1705073465
33.0052,disk6,3616690919424,5981777,74883193256022
33.0052,disk6w,380928,53,8067940
33.0052,ram,230604800,62015700992,282574
33.0052,cpu,15740855,22461584,540610439
33.0052,gpu,0,0,0
33.2052,disk0,925185538994176,2083601322,12827725670365281
33.2052,disk0w,2189225410560,19745120,1284618190221
33.2052,disk4,1862868953088,3790163,35007684484196
33.2052,disk4w,2195456,171,27582691
33.2052,disk8,2994932279296,3002240,46384803655792
33.2052,disk8w,320163840,41745,1705073465
33.2052,disk6,3617694894080,5983808,74907863690832
33.2052,disk6w,380928,53,8067940
33.2052,ram,240238592,63398756352,282575
33.2052,cpu,15740893,22461757,540612075
33.2052,gpu,0,0,0
33.4052,disk0,925186798333952,2083604060,12827745546249665
33.4052,disk0w,2189225410560,19745120,1284618190221
33.4052,disk4,1863499638784,3791421,35024684409190
33.4052,disk4w,2195456,171,27582691
33.4052,disk8,2995917432832,3003195,46402855549982
33.4052,disk8w,320163840,41745,1705073465
33.4052,disk6,3618825287680,5986099,74939773347316
33.4052,disk6w,380928,53,8067940
33.4052,ram,239894528,63398756352,282575
33.4052,cpu,15740893,22461757,540612076
33.4052,gpu,100,3,0
33.6052,disk0,925187832049664,2083606116,12827762494028628
33.6052,disk0w,2189225410560,19745120,1284618190221
33.6052,disk4,1864325572608,3793068,35052687829693
33.6052,disk4w,2195456,171,27582691
33.6052,disk8,2996834445312,3004085,46420020189465
33.6052,disk8w,320163840,41745,1705073465
33.6052,disk6,3619815925760,5987862,74968160648105
33.6052,disk6w,380928,53,8067940
33.6052,ram,239894528,63398756352,282575
33.6052,cpu,15740893,22461757,540612076
33.6052,gpu,0,0,0
33.8052,disk0,925189306019840,2083608838,12827786456226337
33.8052,disk0w,2189225410560,19745120,1284618190221
33.8052,disk4,1865085921280,3794600,35074852451922
33.8052,disk4w,2195456,171,27582691
33.8052,disk8,2997817092096,3005038,46437167129900
33.8052,disk8w,320163840,41745,1705073465
33.8052,disk6,3620763478016,5989682,74993884307651
33.8052,disk6w,380928,53,8067940
33.8052,ram,239894528,63398756352,282575
33.8052,cpu,15740893,22461757,540612076
33.8052,gpu,0,0,0
34.0052,disk0,925190745337856,2083611571,12827795600684092
34.0052,disk0w,2189225426944,19745122,1284618231012
34.0052,disk4,1865779046400,3796015,35083658210478
34.0052,disk4w,2195456,171,27582691
34.0052,disk8,2998356781056,3005582,46439535384462
34.0052,disk8w,320163840,41745,1705073465
34.0052,disk6,3621596194816,5990897,75003504172188
34.0052,disk6w,380928,53,8067940
34.0052,ram,239894528,63398756352,282575
34.0052,cpu,15740893,22461757,540612076
34.0052,gpu,0,0,0
34.2052,disk0,925192716689408,2083617841,12827803571380328
34.2052,disk0w,2189225426944,19745122,1284618231012
34.2052,disk4,1866726598656,3797957,35092904627846
34.2052,disk4w,2195456,171,27582691
34.2052,disk8,2998947260416,3006187,46440330857468
34.2052,disk8w,320163840,41745,1705073465
34.2052,disk6,3622849783808,5992559,75012780569575
34.2052,disk6w,380928,53,8067940
34.2052,ram,213417984,65849671680,282576
34.2052,cpu,15740936,22461894,540613678
34.2052,gpu,31,5,0
34.4052,disk0,925195011112960,2083621695,12827815946633042
34.4052,disk0w,2189225426944,19745122,1284618231012
34.4052,disk4,1867301849088,3799136,35096511495491
34.4052,disk4w,2195456,171,27582691
34.4052,disk8,2999410599936,3006662,46440879010189
34.4052,disk8w,320163840,41745,1705073465
34.4052,disk6,3624149497856,5994372,75023704188109
34.4052,disk6w,380928,53,8067940
34.4052,ram,213417984,65849671680,282576
34.4052,cpu,15740937,22461895,540613712
34.4052,gpu,34,6,0
34.6014,disk0,925197336154112,2083626568,12827831836667371
34.6014,disk0w,2189225426944,19745122,1284618231012
34.6014,disk4,1867796981760,3800151,35099354296985
34.6014,disk4w,2195456,171,27582691
34.6014,disk8,2999994787840,3007261,46441569264281
34.6014,disk8w,320163840,41745,1705073465
34.6014,disk6,3625369765888,5996238,75034316066963
34.6014,disk6w,380928,53,8067940
34.6014,ram,213417984,65849671680,282576
34.6014,cpu,15740937,22461895,540613712
34.6014,gpu,32,7,0
34.8052,disk0,925199669391360,2083631256,12827845810380183
34.8052,disk0w,2189225459712,19745125,1284618296594
34.8052,disk4,1868539734016,3801600,35103991875962
34.8052,disk4w,2195456,171,27582691
34.8052,disk8,3000601782272,3007883,46442249848028
34.8052,disk8w,320163840,41745,1705073465
34.8052,disk6,3626623068160,5998491,75046100970032
34.8052,disk6w,380928,53,8067940
34.8052,ram,213417984,65849671680,282576
34.8052,cpu,15740937,22461895,540613712
34.8052,gpu,0,0,0
35.0052,disk0,925202097713152,2083636309,12827866417705131
35.0052,disk0w,2189225459712,19745125,1284618296594
35.0052,disk4,1869077932032,3802664,35106279288730
35.0052,disk4w,2195456,171,27582691
35.0052,disk8,3001206679552,3008503,46442984870697
35.0052,disk8w,320163840,41745,1705073465
35.0052,disk6,3627696367616,6000544,75056386166591
35.0052,disk6w,380928,53,8067940
35.0052,ram,213417984,65849671680,282576
35.0052,cpu,15740937,22461895,540613712
35.0052,gpu,0,0,0
35.2034,disk0,925204075020288,2083643322,12827881155862389
35.2034,disk0w,2189225459712,19745125,1284618296594
35.2034,disk4,1869803153408,3804092,35112217080757
35.2034,disk4w,2195456,171,27582691
35.2034,disk8,3001663334400,3008971,46443676377791
35.2034,disk8w,320163840,41745,1705073465
35.2034,disk6,3628841515008,6002475,75066879023919
35.2034,disk6w,380928,53,8067940
35.2034,ram,198000640,63795822592,282578
35.2034,cpu,15740975,22462015,540615294
35.2034,gpu,0,0,0
35.4052,disk0,925206092783616,2083647152,12827893924793709
35.4052,disk0w,2189225459712,19745125,1284618296594
35.4052,disk4,1870519576576,3805529,35117086215579
35.4052,disk4w,2195456,171,27582691
35.4052,disk8,3002219669504,3009541,46444775688024
35.4052,disk8w,320163840,41745,1705073465
35.4052,disk6,3630009038848,6004808,75078674484844
35.4052,disk6w,380928,53,8067940
35.4052,ram,198000640,63795822592,282578
35.4052,cpu,15740975,22462017,540615299
35.4052,gpu,31,6,0
35.6002,disk0,925208576270336,2083652048,12827909758847112
35.6002,disk0w,2189225463808,19745126,1284618339719
35.6002,disk4,1871304501248,3807137,35122216184121
35.6002,disk4w,2195456,171,27582691
35.6002,disk8,3002927851520,3010267,46445852332362
35.6002,disk8w,320163840,41745,1705073465
35.6002,disk6,3631140505600,6006390,75084856231220
35.6002,disk6w,380928,53,8067940
35.6002,ram,198000640,63795822592,282578
35.6002,cpu,15740975,22462017,540615299
35.6002,gpu,0,0,0
35.8052,disk0,925210809307136,2083655660,12827920315953195
35.8052,disk0w,2189225611264,19745128,1284618410718
35.8052,disk4,1872008341504,3808579,35128828134349
35.8052,disk4w,2195456,171,27582691
35.8052,disk8,3003591731200,3010947,46446813372769
35.8052,disk8w,320163840,41745,1705073465
35.8052,disk6,3632450738176,6008121,75094513736152
35.8052,disk6w,380928,53,8067940
35.8052,ram,198000640,63795822592,282578
35.8052,cpu,15740975,22462017,540615299
35.8052,gpu,33,8,0
36.0052,disk0,925213281386496,2083661155,12827936429441258
36.0052,disk0w,2189225611264,19745128,1284618410718
36.0052,disk4,1872656402432,3809905,35132396351113
36.0052,disk4w,2195456,171,27582691
36.0052,disk8,3004113397760,3011482,46447441252925
36.0052,disk8w,320163840,41745,1705073465
36.0052,disk6,3633747060736,6009904,75104028232468
36.0052,disk6w,380928,53,8067940
36.0052,ram,198000640,63795822592,282578
36.0052,cpu,15740975,22462017,540615299
36.0052,gpu,38,6,0
36.2052,disk0,925215808364544,2083666306,12827955634630032
36.2052,disk0w,2189225611264,19745128,1284618410718
36.2052,disk4,1873259440128,3811091,35135894517137
36.2052,disk4w,2195456,171,27582691
36.2052,disk8,3004552488960,3011932,46447936247515
36.2052,disk8w,320163840,41745,1705073465
36.2052,disk6,3634879514624,6011832,75111958009089
36.2052,disk6w,380928,53,8067940
36.2052,ram,166215680,65331888128,282588
36.2052,cpu,15741025,22462164,540616878
36.2052,gpu,45,4,0
36.4027,disk0,925218346455040,2083671730,12827974960926287
36.4027,disk0w,2189225611264,19745128,1284618410718
36.4027,disk4,1873920993280,3812394,35138984812994
36.4027,disk4w,2195456,171,27582691
36.4027,disk8,3005132089344,3012526,46448775266986
36.4027,disk8w,320163840,41745,1705073465
36.4027,disk6,3636108494848,6014163,75122715338366
36.4027,disk6w,380928,53,8067940
36.4027,ram,169623552,65332051968,282588
36.4027,cpu,15741025,22462164,540616878
36.4027,gpu,38,6,0
36.6050,disk0,925220704366592,2083678773,12827992465939803
36.6050,disk0w,2189225611264,19745128,1284618410718
36.6050,disk4,1874719401984,3813971,35143269480929
36.6050,disk4w,2195456,171,27582691
36.6050,disk8,3005720471552,3013129,46449522089613
36.6050,disk8w,320163840,41745,1705073465
36.6050,disk6,3637362870272,6016359,75134403440574
36.6050,disk6w,380928,53,8067940
36.6050,ram,169623552,65332051968,282588
36.6050,cpu,15741025,22462164,540616878
36.6050,gpu,0,0,0
36.8052,disk0,925222479097856,2083682073,12828001567547902
36.8052,disk0w,2189225611264,19745128,1284618410718
36.8052,disk4,1875423389696,3815385,35148058258414
36.8052,disk4w,2195456,171,27582691
36.8052,disk8,3006335084544,3013759,46451653297770
36.8052,disk8w,320163840,41745,1705073465
36.8052,disk6,3638407813120,6018461,75146224076456
36.8052,disk6w,380928,53,8067940
36.8052,ram,169623552,65332051968,282588
36.8052,cpu,15741025,22462164,540616878
36.8052,gpu,0,0,0
37.0052,disk0,925224903405568,2083687634,12828017337054366
37.0052,disk0w,2189225611264,19745128,1284618410718
37.0052,disk4,1876145973248,3816867,35153634312515
37.0052,disk4w,2195456,171,27582691
37.0052,disk8,3006865139712,3014302,46452361685761
37.0052,disk8w,320163840,41745,1705073465
37.0052,disk6,3639674066944,6020180,75153851927539
37.0052,disk6w,380928,53,8067940
37.0052,ram,169623552,65332051968,282588
37.0052,cpu,15741025,22462164,540616878
37.0052,gpu,0,0,0
37.2052,disk0,925227048427520,2083691046,12828027252831025
37.2052,disk0w,2189225611264,19745128,1284618410718
37.2052,disk4,1876839860224,3818287,35159760381876
37.2052,disk4w,2195456,171,27582691
37.2052,disk8,3007494285312,3014947,46453130200749
37.2052,disk8w,320163840,41745,1705073465
37.2052,disk6,3640948316160,6021893,75163483309137
37.2052,disk6w,380928,53,8067940
37.2052,ram,163348480,65355104256,282588
37.2052,cpu,15741065,22462287,540618496
37.2052,gpu,0,0,0
37.4052,disk0,925229576216576,2083696126,12828046751771936
37.4052,disk0w,2189226557440,19745314,1284624179785
37.4052,disk4,1877333944320,3819298,35161902043171
37.4052,disk4w,2195456,171,27582691
37.4052,disk8,3008152922112,3015622,46453956543273
37.4052,disk8w,320163840,41745,1705073465
37.4052,disk6,3642149050368,6023741,75171477237592
37.4052,disk6w,380928,53,8067940
37.4052,ram,164413440,65355038720,282588
37.4052,cpu,15741068,22462297,540618558
37.4052,gpu,0,0,0
37.6052,disk0,925232231186432,2083701587,12828070295278512
37.6052,disk0w,2189226557440,19745314,1284624179785
37.6052,disk4,1877877909504,3820383,35164468589884
37.6052,disk4w,2195456,171,27582691
37.6052,disk8,3008619407360,3016100,46454513749478
37.6052,disk8w,320163840,41745,1705073465
37.6052,disk6,3643265357824,6025585,75178447083270
37.6052,disk6w,380928,53,8067940
37.6052,ram,164413440,65355038720,282588
37.6052,cpu,15741068,22462297,540618558
37.6052,gpu,33,6,0
37.8052,disk0,925234506440704,2083706092,12828086170922521
37.8052,disk0w,2189226557440,19745314,1284624179785
37.8052,disk4,1878518392832,3821635,35167390836521
37.8052,disk4w,2195456,171,27582691
37.8052,disk8,3009206740992,3016702,46455355719355
37.8052,disk8w,320163840,41745,1705073465
37.8052,disk6,3644475594752,6027825,75190748753581
37.8052,disk6w,380928,53,8067940
37.8052,ram,164413440,65355038720,282588
37.8052,cpu,15741068,22462297,540618558
37.8052,gpu,27,6,0
38.0052,disk0,925236760338432,2083712296,12828103484672555
38.0052,disk0w,2189226557440,19745314,1284624179785
38.0052,disk4,1879135692800,3822860,35170398684577
38.0052,disk4w,2195456,171,27582691
38.0052,disk8,3009742432256,3017251,46455965610086
38.0052,disk8w,320163840,41745,1705073465
38.0052,disk6,3645741082624,6029966,75203838147542
38.0052,disk6w,380928,53,8067940
38.0052,ram,164413440,65355038720,282588
38.0052,cpu,15741068,22462297,540618558
38.0052,gpu,30,5,0
38.2052,disk0,925238812917760,2083716843,12828113318020433
38.2052,disk0w,2189226557440,19745314,1284624179785
38.2052,disk4,1879878313984,3824330,35174412166784
38.2052,disk4w,2195456,171,27582691
38.2052,disk8,3010295687168,3017818,46456608907562
38.2052,disk8w,320163840,41745,1705073465
38.2052,disk6,3647061325824,6032713,75222305458927
38.2052,disk6w,380928,53,8067940
38.2052,ram,180305920,63792758784,282588
38.2052,cpu,15741108,22462413,540620108
38.2052,gpu,0,0,0
38.4052,disk0,925240856240128,2083725949,12828129364430346
38.4052,disk0w,2189227659264,19745420,1284626965871
38.4052,disk4,1880518797312,3825644,35179282247599
38.4052,disk4w,2195456,171,27582691
38.4052,disk8,3010875238400,3018412,46457635145735
38.4052,disk8w,320163840,41745,1705073465
38.4052,disk6,3648210454528,6034433,75232497176852
38.4052,disk6w,380928,53,8067940
38.4052,ram,178388992,63792758784,282588
38.4052,cpu,15741108,22462413,540620113
38.4052,gpu,0,0,0
38.6052,disk0,925243071180800,2083729631,12828139370411896
38.6052,disk0w,2189228118016,19745498,1284628441182
38.6052,disk4,1881290876928,3827226,35184439223193
38.6052,disk4w,2195456,171,27582691
38.6052,disk8,3011463620608,3019015,46458327885610
38.6052,disk8w,320163840,41745,1705073465
38.6052,disk6,3649543505920,6036032,75241626447998
38.6052,disk6w,380928,53,8067940
38.6052,ram,178388992,63792758784,282588
38.6052,cpu,15741108,22462413,540620113
38.6052,gpu,31,5,0
38.8052,disk0,925245127852032,2083733553,12828148911828864
38.8052,disk0w,2189228118016,19745498,1284628441182
38.8052,disk4,1882027878400,3828739,35190850358439
38.8052,disk4w,2195456,171,27582691
38.8052,disk8,3011981748224,3019546,46458906480151
38.8052,disk8w,320163840,41745,1705073465
38.8052,disk6,3650757429248,6037683,75251860320658
38.8052,disk6w,380928,53,8067940
38.8052,ram,178388992,63792758784,282588
38.8052,cpu,15741108,22462413,540620113
38.8052,gpu,0,0,0
39.0052,disk0,925247288418304,2083737728,12828159243890192
39.0052,disk0w,2189228118016,19745498,1284628441182
39.0052,disk4,1882654484480,3830007,35194209980018
39.0052,disk4w,2195456,171,27582691
39.0052,disk8,3012499875840,3020077,46459528778510
39.0052,disk8w,320163840,41745,1705073465
39.0052,disk6,3652124547072,6039749,75266169478278
39.0052,disk6w,380928,53,8067940
39.0052,ram,178388992,63792758784,282588
39.0052,cpu,15741108,22462413,540620113
39.0052,gpu,0,0,0
39.2052,disk0,925249700147200,2083742712,12828177434652084
39.2052,disk0w,2189228118016,19745498,1284628441182
39.2052,disk4,1883450271744,3831552,35199997974292
39.2052,disk4w,2195456,171,27582691
39.2052,disk8,3013053130752,3020644,46460174047202
39.2052,disk8w,320163840,41745,1705073465
39.2052,disk6,3653244491776,6041838,75274100650618
39.2052,disk6w,380928,53,8067940
39.2052,ram,182353920,65309949952,282588
39.2052,cpu,15741151,22462538,540621723
39.2052,gpu,0,0,0
39.4033,disk0,925251981045760,2083747384,12828190616145341
39.4033,disk0w,2189228118016,19745498,1284628441182
39.4033,disk4,1884134090752,3832903,35204932986845
39.4033,disk4w,2195456,171,27582691
39.4033,disk8,3013571258368,3021175,46460752963483
39.4033,disk8w,320163840,41745,1705073465
39.4033,disk6,3654507796480,6043953,75285667877374
39.4033,disk6w,380928,53,8067940
39.4033,ram,182681600,65309966336,282588
39.4033,cpu,15741154,22462545,540621841
39.4033,gpu,0,0,0
39.6052,disk0,925253810356224,2083756708,12828203904651634
39.6052,disk0w,2189228118016,19745498,1284628441182
39.6052,disk4,1884803639296,3834223,35209056762020
39.6052,disk4w,2195456,171,27582691
39.6052,disk8,3014048622592,3021664,46461306095894
39.6052,disk8w,320163840,41745,1705073465
39.6052,disk6,3655760713728,6046442,75301323665555
39.6052,disk6w,380928,53,8067940
39.6052,ram,182681600,65309966336,282588
39.6052,cpu,15741154,22462545,540621841
39.6052,gpu,0,0,0
39.8052,disk0,925255654539264,2083761658,12828213404232974
39.8052,disk0w,2189228118016,19745498,1284628441182
39.8052,disk4,1885616302080,3835873,35217282614889
39.8052,disk4w,2195456,171,27582691
39.8052,disk8,3014679799808,3022311,46462744683185
39.8052,disk8w,320163840,41745,1705073465
39.8052,disk6,3656826394624,6048150,75310568738588
39.8052,disk6w,380928,53,8067940
39.8052,ram,182681600,65309966336,282588
39.8052,cpu,15741154,22462545,540621841
39.8052,gpu,0,0,0
40.0017,disk0,925257809698816,2083767752,12828225447584524
40.0017,disk0w,2189228118016,19745498,1284628441182
40.0017,disk4,1886239238144,3837151,35220899448742
40.0017,disk4w,2195456,171,27582691
40.0017,disk8,3015213393920,3022858,46463452665724
40.0017,disk8w,320163840,41745,1705073465
40.0017,disk6,3658070005760,6049753,75319624376466
40.0017,disk6w,380928,53,8067940
40.0017,ram,182681600,65309966336,282588
40.0017,cpu,15741154,22462545,540621841
40.0017,gpu,0,0,0
40.2052,disk0,925260227047424,2083772163,12828238270836691
40.2052,disk0w,2189228118016,19745498,1284628441182
40.2052,disk4,1887085037568,3838884,35227456172205
40.2052,disk4w,2195456,171,27582691
40.2052,disk8,3015801776128,3023461,46464215831182
40.2052,disk8w,320163840,41745,1705073465
40.2052,disk6,3659324364800,6051443,75327758662250
40.2052,disk6w,380928,53,8067940
40.2052,ram,177209344,65361051648,282588
40.2052,cpu,15741194,22462667,540623331
40.2052,gpu,0,0,0
40.4052,disk0,925262488854528,2083776800,12828251542413674
40.4052,disk0w,2189228134400,19745502,1284628495722
40.4052,disk4,1887572830208,3839881,35230765293201
40.4052,disk4w,2195456,171,27582691
40.4052,disk8,3016407721984,3024082,46464917220989
40.4052,disk8w,320163840,41745,1705073465
40.4052,disk6,3660637640704,6053322,75339410026682
40.4052,disk6w,380928,53,8067940
40.4052,ram,175636480,65361068032,282588
40.4052,cpu,15741195,22462673,540623450
40.4052,gpu,0,0,0
40.6052,disk0,925264894349312,2083781401,12828265343471476
40.6052,disk0w,2189228134400,19745502,1284628495722
40.6052,disk4,1888289122304,3841275,35234735601032
40.6052,disk4w,2195456,171,27582691
40.6052,disk8,3016926898176,3024614,46465548967600
40.6052,disk8w,320163840,41745,1705073465
40.6052,disk6,3661897877504,6055450,75350420224983
40.6052,disk6w,380928,53,8067940
40.6052,ram,175636480,65361068032,282588
40.6052,cpu,15741195,22462673,540623450
40.6052,gpu,0,0,0
40.8052,disk0,925267503652864,2083787450,12828284527956964
40.8052,disk0w,2189228134400,19745502,1284628495722
40.8052,disk4,1888888875008,3842456,35237802138684
40.8052,disk4w,2195456,171,27582691
40.8052,disk8,3017558140928,3025261,46466442990473
40.8052,disk8w,320163840,41745,1705073465
40.8052,disk6,3663184103424,6057704,75360004355571
40.8052,disk6w,380928,53,8067940
40.8052,ram,175636480,65361068032,282588
40.8052,cpu,15741195,22462673,540623450
40.8052,gpu,36,7,0
41.0031,disk0,925269570850816,2083793984,12828296678335449
41.0031,disk0w,2189228134400,19745502,1284628495722
41.0031,disk4,1889517578240,3843693,35240493779980
41.0031,disk4w,2195456,171,27582691
41.0031,disk8,3018146523136,3025864,46467170714026
41.0031,disk8w,320163840,41745,1705073465
41.0031,disk6,3664511719424,6059969,75375342040587
41.0031,disk6w,380928,53,8067940
41.0031,ram,175636480,65361068032,282588
41.0031,cpu,15741195,22462673,540623450
41.0031,gpu,0,0,0
41.2052,disk0,925271705190400,2083798175,12828312771426381
41.2052,disk0w,2189228134400,19745502,1284628495722
41.2052,disk4,1890136557568,3844942,35244866500402
41.2052,disk4w,2195456,171,27582691
41.2052,disk8,3018682132480,3026413,46468590502635
41.2052,disk8w,320163840,41745,1705073465
41.2052,disk6,3665479882752,6061681,75382812134272
41.2052,disk6w,380928,53,8067940
41.2052,ram,175636480,65361068032,282588
41.2052,cpu,15741195,22462673,540623450
41.2052,gpu,0,0,0
41.4052,disk0,925273916583936,2083803562,12828326935338721
41.4052,disk0w,2189231874048,19745728,1284634564890
41.4052,disk4,1890739742720,3846178,35248286842615
41.4052,disk4w,2195456,171,27582691
41.4052,disk8,3019280345088,3027026,46469446667359
41.4052,disk8w,320163840,41745,1705073465
41.4052,disk6,3666754099200,6063508,75392690408212
41.4052,disk6w,380928,53,8067940
41.4052,ram,175751168,65325973504,282588
41.4052,cpu,15741248,22462839,540625011
41.4052,gpu,0,0,0
41.6052,disk0,925276092485632,2083806963,12828335374983700
41.6052,disk0w,2189231874048,19745728,1284634564890
41.6052,disk4,1891442010112,3847616,35253091888018
41.6052,disk4w,2195456,171,27582691
41.6052,disk8,3019854309376,3027614,46470491066623
41.6052,disk8w,320163840,41745,1705073465
41.6052,disk6,3668123555840,6065435,75404508080764
41.6052,disk6w,380928,53,8067940
41.6052,ram,175751168,65325973504,282588
41.6052,cpu,15741248,22462839,540625011
41.6052,gpu,28,6,0
41.8052,disk0,925278535659520,2083811900,12828350173784493
41.8052,disk0w,2189231874048,19745728,1284634564890
41.8052,disk4,1892123346944,3849009,35258568729591
41.8052,disk4w,2195456,171,27582691
41.8052,disk8,3020565637120,3028343,46471686109041
41.8052,disk8w,320163840,41745,1705073465
41.8052,disk6,3669358827520,6067256,75413107185414
41.8052,disk6w,380928,53,8067940
41.8052,ram,175751168,65325973504,282588
41.8052,cpu,15741248,22462839,540625011
41.8052,gpu,0,0,0
42.0052,disk0,925280983617536,2083816744,12828366255223250
42.0052,disk0w,2189231874048,19745728,1284634564890
42.0052,disk4,1892829292544,3850401,35263079539223
42.0052,disk4w,2195456,171,27582691
42.0052,disk8,3021079570432,3028870,46472301494615
42.0052,disk8w,320163840,41745,1705073465
42.0052,disk6,3670628014080,6069389,75422547504559
42.0052,disk6w,380928,53,8067940
42.0052,ram,175751168,65325973504,282588
42.0052,cpu,15741248,22462839,540625011
42.0052,gpu,0,0,0
42.2052,disk0,925283443064832,2083821746,12828382704766097
42.2052,disk0w,2189231874048,19745728,1284634564890
42.2052,disk4,1893671561216,3852055,35267866316966
42.2052,disk4w,2195456,171,27582691
42.2052,disk8,3021659170816,3029464,46473144745840
42.2052,disk8w,320163840,41745,1705073465
42.2052,disk6,3671795210240,6071717,75432627813363
42.2052,disk6w,380928,53,8067940
42.2052,ram,175751168,65325973504,282588
42.2052,cpu,15741248,22462839,540625011
42.2052,gpu,0,0,0
42.4052,disk0,925285531136000,2083828005,12828398217532053
42.4052,disk0w,2189231874048,19745728,1284634564890
42.4052,disk4,1894127265792,3852952,35269827969076
42.4052,disk4w,2195456,171,27582691
42.4052,disk8,3022261577728,3030081,46473827705176
42.4052,disk8w,320163840,41745,1705073465
42.4052,disk6,3673062561792,6073817,75447605410597
42.4052,disk6w,380928,53,8067940
42.4052,ram,179339264,65327497216,282588
42.4052,cpu,15741290,22462960,540626560
42.4052,gpu,33,6,0
42.6052,disk0,925287540977664,2083831675,12828409971164228
42.6052,disk0w,2189231874048,19745728,1284634564890
42.6052,disk4,1894835652608,3854363,35274892080977
42.6052,disk4w,2195456,171,27582691
42.6052,disk8,3022791976960,3030625,46474898741575
42.6052,disk8w,320163840,41745,1705073465
42.6052,disk6,3674034493440,6075800,75457273732127
42.6052,disk6w,380928,53,8067940
42.6052,ram,179339264,65327497216,282588
42.6052,cpu,15741290,22462960,540626560
42.6052,gpu,0,0,0
42.8052,disk0,925289692368896,2083843306,12828427476361140
42.8052,disk0w,2189231874048,19745728,1284634564890
42.8052,disk4,1895512975360,3855753,35278805011370
42.8052,disk4w,2195456,171,27582691
42.8052,disk8,3023354013696,3031201,46475662884727
42.8052,disk8w,320163840,41745,1705073465
42.8052,disk6,3675322615808,6077717,75468435704458
42.8052,disk6w,380928,53,8067940
42.8052,ram,179339264,65327497216,282588
42.8052,cpu,15741290,22462960,540626560
42.8052,gpu,0,0,0
43.0052,disk0,925291632222208,2083846554,12828434747912242
43.0052,disk0w,2189231874048,19745728,1284634564890
43.0052,disk4,1896416667648,3857603,35286461956619
43.0052,disk4w,2195456,171,27582691
43.0052,disk8,3023864408064,3031724,46476270382927
43.0052,disk8w,320163840,41745,1705073465
43.0052,disk6,3676659783680,6079325,75477924666514
43.0052,disk6w,380928,53,8067940
43.0052,ram,179339264,65327497216,282588
43.0052,cpu,15741290,22462960,540626560
43.0052,gpu,0,0,0
43.2052,disk0,925293847437312,2083850702,12828447404515056
43.2052,disk0w,2189231874048,19745728,1284634564890
43.2052,disk4,1897039603712,3858880,35290595744818
43.2052,disk4w,2195456,171,27582691
43.2052,disk8,3024381487104,3032254,46476988570499
43.2052,disk8w,320163840,41745,1705073465
43.2052,disk6,3678001637376,6081291,75488911296007
43.2052,disk6w,380928,53,8067940
43.2052,ram,179339264,65327497216,282588
43.2052,cpu,15741290,22462960,540626560
43.2052,gpu,0,0,0
43.4053,disk0,925296371687424,2083855574,12828463284248076
43.4053,disk0w,2189231874048,19745728,1284634564890
43.4053,disk4,1897797298176,3860403,35295717282282
43.4053,disk4w,2195456,171,27582691
43.4053,disk8,3024969869312,3032857,46477694104015
43.4053,disk8w,320163840,41745,1705073465
43.4053,disk6,3679186491392,6083087,75497143809449
43.4053,disk6w,380928,53,8067940
43.4053,ram,180764672,65303527424,282588
43.4053,cpu,15741328,22463089,540628206
43.4053,gpu,31,7,0
43.6010,disk0,925298686144512,2083860128,12828476691021571
43.6010,disk0w,2189231874048,19745728,1284634564890
43.6010,disk4,1898520930304,3861816,35299949011184
43.6010,disk4w,2195456,171,27582691
43.6010,disk8,3025531906048,3033433,46478421995569
43.6010,disk8w,320163840,41745,1705073465
43.6010,disk6,3680418342912,6085360,75509720768977
43.6010,disk6w,380928,53,8067940
43.6010,ram,180764672,65303527424,282588
43.6010,cpu,15741328,22463089,540628206
43.6010,gpu,0,0,0
43.8053,disk0,925300840505344,2083865203,12828492575626385
43.8053,disk0w,2189231874048,19745728,1284634564890
43.8053,disk4,1899135764480,3863030,35302773902276
43.8053,disk4w,2195456,171,27582691
43.8053,disk8,3026102724608,3034018,46479114079073
43.8053,disk8w,320163840,41745,1705073465
43.8053,disk6,3681695516672,6087576,75523959512079
43.8053,disk6w,380928,53,8067940
43.8053,ram,180764672,65303527424,282588
43.8053,cpu,15741328,22463089,540628206
43.8053,gpu,0,0,0
44.0053,disk0,925303188193280,2083871436,12828509288851335
44.0053,disk0w,2189231874048,19745728,1284634564890
44.0053,disk4,1899847182336,3864441,35307922428047
44.0053,disk4w,2195456,171,27582691
44.0053,disk8,3026726234112,3034657,46479904775903
44.0053,disk8w,320163840,41745,1705073465
44.0053,disk6,3682753632256,6089738,75531083432929
44.0053,disk6w,380928,53,8067940
44.0053,ram,180764672,65303527424,282588
44.0053,cpu,15741328,22463089,540628206
44.0053,gpu,0,0,0
44.2053,disk0,925305236717568,2083883298,12828525421597326
44.2053,disk0w,2189231874048,19745728,1284634564890
44.2053,disk4,1900382382080,3865539,35310988793054
44.2053,disk4w,2195456,171,27582691
44.2053,disk8,3027261876224,3035206,46480899316723
44.2053,disk8w,320163840,41745,1705073465
44.2053,disk6,3683947677696,6091472,75541294840170
44.2053,disk6w,380928,53,8067940
44.2053,ram,180764672,65303527424,282588
44.2053,cpu,15741328,22463089,540628206
44.2053,gpu,0,0,0
44.4053,disk0,925307491291136,2083887214,12828536276420118
44.4053,disk0w,2189231874048,19745728,1284634564890
44.4053,disk4,1901172008960,3867157,35316100872062
44.4053,disk4w,2195456,171,27582691
44.4053,disk8,3027872016384,3035831,46481806382602
44.4053,disk8w,320163840,41745,1705073465
44.4053,disk6,3685322737664,6093208,75550514766519
44.4053,disk6w,380928,53,8067940
44.4053,ram,176373760,65278279680,282588
44.4053,cpu,15741373,22463229,540629869
44.4053,gpu,30,8,0
44.6053,disk0,925309716586496,2083891418,12828549859165628
44.6053,disk0w,2189231874048,19745728,1284634564890
44.6053,disk4,1901854033920,3868553,35320445657512
44.6053,disk4w,2195456,171,27582691
44.6053,disk8,3028456204288,3036430,46482549267152
44.6053,disk8w,320163840,41745,1705073465
44.6053,disk6,3686561617920,6095027,75560704649730
44.6053,disk6w,380928,53,8067940
44.6053,ram,176373760,65278279680,282588
44.6053,cpu,15741373,22463229,540629869
44.6053,gpu,0,0,0
44.8053,disk0,925311963217920,2083895785,12828562368596233
44.8053,disk0w,2189231874048,19745728,1284634564890
44.8053,disk4,1902501177344,3869865,35323718890624
44.8053,disk4w,2195456,171,27582691
44.8053,disk8,3029044586496,3037033,46483314668313
44.8053,disk8w,320163840,41745,1705073465
44.8053,disk6,3687916800000,6096885,75571904793046
44.8053,disk6w,380928,53,8067940
44.8053,ram,176373760,65278279680,282588
44.8053,cpu,15741373,22463229,540629869
44.8053,gpu,24,5,0
45.0053,disk0,925314473005056,2083900841,12828579619362722
45.0053,disk0w,2189231874048,19745728,1284634564890
45.0053,disk4,1903246272512,3871314,35329277278387
45.0053,disk4w,2195456,171,27582691
45.0053,disk8,3029596399616,3037598,46483983702127
45.0053,disk8w,320163840,41745,1705073465
45.0053,disk6,3689063778304,6098885,75579740651774
45.0053,disk6w,380928,53,8067940
45.0053,ram,176373760,65278279680,282588
45.0053,cpu,15741373,22463229,540629869
45.0053,gpu,0,0,0
45.2050,disk0,925316651261952,2083905432,12828592945212510
45.2050,disk0w,2189231874048,19745728,1284634564890
45.2050,disk4,1903993858048,3872795,35332588497139
45.2050,disk4w,2195456,171,27582691
45.2050,disk8,3030136678400,3038152,46484617254824
45.2050,disk8w,320163840,41745,1705073465
45.2050,disk6,3690344495104,6101135,75593525241202
45.2050,disk6w,380928,53,8067940
45.2050,ram,176373760,65278279680,282588
45.2050,cpu,15741373,22463229,540629869
45.2050,gpu,0,0,0
45.4053,disk0,925318944223232,2083911486,12828609381915089
45.4053,disk0w,2189232123904,19745729,1284634598181
45.4053,disk4,1904641288192,3874074,35336085123788
45.4053,disk4w,2195456,171,27582691
45.4053,disk8,3030868715520,3038902,46485807570739
45.4053,disk8w,320163840,41745,1705073465
45.4053,disk6,3691538446336,6103415,75604498566364
45.4053,disk6w,380928,53,8067940
45.4053,ram,180224000,63881986048,282588
45.4053,cpu,15741417,22463354,540631478
45.4053,gpu,50,6,0
45.6053,disk0,925320996261888,2083917655,12828623906960599
45.6053,disk0w,2189232123904,19745729,1284634598181
45.6053,disk4,1905348274176,3875521,35341799617597
45.6053,disk4w,2195456,171,27582691
45.6053,disk8,3031459473408,3039508,46487782826799
45.6053,disk8w,320163840,41745,1705073465
45.6053,disk6,3692551473152,6104983,75611643739982
45.6053,disk6w,380928,53,8067940
45.6053,ram,180224000,63881986048,282588
45.6053,cpu,15741417,22463354,540631478
45.6053,gpu,0,0,0
45.8053,disk0,925323387621376,2083921799,12828637754207353
45.8053,disk0w,2189232123904,19745729,1284634598181
45.8053,disk4,1905896433664,3876644,35344594038818
45.8053,disk4w,2195456,171,27582691
45.8053,disk8,3032030291968,3040093,46488532379857
45.8053,disk8w,320163840,41745,1705073465
45.8053,disk6,3693825566720,6106532,75620274608591
45.8053,disk6w,380928,53,8067940
45.8053,ram,180224000,63881986048,282588
45.8053,cpu,15741417,22463354,540631478
45.8053,gpu,0,0,0
46.0019,disk0,925325387124736,2083925801,12828648066071357
46.0019,disk0w,2189232123904,19745729,1284634598181
46.0019,disk4,1906557085696,3877998,35348997965835
46.0019,disk4w,2195456,171,27582691
46.0019,disk8,3032490092544,3040564,46489193371004
46.0019,disk8w,320163840,41745,1705073465
46.0019,disk6,3695122790400,6108335,75632720353501
46.0019,disk6w,380928,53,8067940
46.0019,ram,180224000,63881986048,282588
46.0019,cpu,15741417,22463354,540631478
46.0019,gpu,35,4,0
46.2053,disk0,925327390498816,2083929960,12828656921679873
46.2053,disk0w,2189232123904,19745729,1284634598181
46.2053,disk4,1907227404288,3879373,35353219530911
46.2053,disk4w,2195456,171,27582691
46.2053,disk8,3033011365888,3041098,46489873178150
46.2053,disk8w,320163840,41745,1705073465
46.2053,disk6,3696444880896,6110357,75647986710125
46.2053,disk6w,380928,53,8067940
46.2053,ram,180224000,63881986048,282588
46.2053,cpu,15741417,22463354,540631478
46.2053,gpu,31,6,0
46.4053,disk0,925329577095168,2083934262,12828669645094811
46.4053,disk0w,2189232123904,19745729,1284634598181
46.4053,disk4,1908045965312,3880969,35358060302164
46.4053,disk4w,2195456,171,27582691
46.4053,disk8,3033400256512,3041497,46490267771812
46.4053,disk8w,320163840,41745,1705073465
46.4053,disk6,3697711646720,6112539,75660345204559
46.4053,disk6w,380928,53,8067940
46.4053,ram,189841408,65303347200,282588
46.4053,cpu,15741471,22463508,540633092
46.4053,gpu,0,0,0
46.6037,disk0,925331898204160,2083939350,12828685662259498
46.6037,disk0w,2189232128000,19745730,1284634631139
46.6037,disk4,1908536272896,3881936,35361874287140
46.6037,disk4w,2195456,171,27582691
46.6037,disk8,3033900820480,3042010,46490813538557
46.6037,disk8w,320163840,41745,1705073465
46.6037,disk6,3698902513664,6114789,75673436976522
46.6037,disk6w,380928,53,8067940
46.6037,ram,189841408,65303347200,282588
46.6037,cpu,15741471,22463508,540633092
46.6037,gpu,0,0,0
46.8020,disk0,925333641424896,2083944422,12828696130063322
46.8020,disk0w,2189232128000,19745730,1284634631139
46.8020,disk4,1909384161280,3883609,35368082445588
46.8020,disk4w,2195456,171,27582691
46.8020,disk8,3034471639040,3042595,46491503006239
46.8020,disk8w,320163840,41745,1705073465
46.8020,disk6,3700100941824,6116828,75686800609686
46.8020,disk6w,380928,53,8067940
46.8020,ram,189841408,65303347200,282588
46.8020,cpu,15741471,22463508,540633092
46.8020,gpu,0,0,0
47.0053,disk0,925335626182656,2083948201,12828707685434281
47.0053,disk0w,2189232128000,19745730,1284634631139
47.0053,disk4,1910027266048,3884893,35372109178881
47.0053,disk4w,2195456,171,27582691
47.0053,disk8,3034963388416,3043099,46492304078031
47.0053,disk8w,320163840,41745,1705073465
47.0053,disk6,3701176768512,6118847,75698820908096
47.0053,disk6w,380928,53,8067940
47.0053,ram,189841408,65303347200,282588
47.0053,cpu,15741471,22463508,540633092
47.0053,gpu,0,0,0
47.2053,disk0,925337889275904,2083962376,12828726999147025
47.2053,disk0w,2189232128000,19745730,1284634631139
47.2053,disk4,1910808635392,3886494,35377992331349
47.2053,disk4w,2195456,171,27582691
47.2053,disk8,3035507861504,3043657,46493032705429
47.2053,disk8w,320163840,41745,1705073465
47.2053,disk6,3702358497280,6120515,75705511104593
47.2053,disk6w,380928,53,8067940
47.2053,ram,189841408,65303347200,282588
47.2053,cpu,15741471,22463508,540633092
47.2053,gpu,0,0,0
47.4053,disk0,925339941150720,2083965722,12828736340948683
47.4053,disk0w,2189232128000,19745730,1284634631139
47.4053,disk4,1911641614336,3888201,35383294515700
47.4053,disk4w,2195456,171,27582691
47.4053,disk8,3036087461888,3044251,46493838725823
47.4053,disk8w,320163840,41745,1705073465
47.4053,disk6,3703655688192,6122094,75715301357483
47.4053,disk6w,380928,53,8067940
47.4053,ram,191823872,65274757120,282588
47.4053,cpu,15741511,22463646,540634730
47.4053,gpu,0,0,0
47.6053,disk0,925342187966464,2083970080,12828748081887824
47.6053,disk0w,2189232128000,19745730,1284634631139
47.6053,disk4,1912209270784,3889366,35385964523893
47.6053,disk4w,2195456,171,27582691
47.6053,disk8,3036754880512,3044935,46494991809173
47.6053,disk8w,320163840,41745,1705073465
47.6053,disk6,3704970110976,6124209,75728947419333
47.6053,disk6w,380928,53,8067940
47.6053,ram,191823872,65274757120,282588
47.6053,cpu,15741511,22463646,540634730
47.6053,gpu,0,0,0
47.8053,disk0,925344486756352,2083974840,12828765605440351
47.8053,disk0w,2189232128000,19745730,1284634631139
47.8053,disk4,1912668792832,3890284,35387833567374
47.8053,disk4w,2195456,171,27582691
47.8053,disk8,3037229099008,3045421,46495497485723
47.8053,disk8w,320163840,41745,1705073465
47.8053,disk6,3706255763456,6126300,75740997805019
47.8053,disk6w,380928,53,8067940
47.8053,ram,191823872,65274757120,282588
47.8053,cpu,15741511,22463646,540634730
47.8053,gpu,0,0,0
48.0053,disk0,925346957225984,2083980139,12828781308976053
48.0053,disk0w,2189232128000,19745730,1284634631139
48.0053,disk4,1913305982976,3891528,35393066503717
48.0053,disk4w,2195456,171,27582691
48.0053,disk8,3037712099328,3045916,46496011980053
48.0053,disk8w,320163840,41745,1705073465
48.0053,disk6,3707535505408,6128699,75752568520629
48.0053,disk6w,380928,53,8067940
48.0053,ram,191823872,65274757120,282588
48.0053,cpu,15741511,22463646,540634730
48.0053,gpu,0,0,0
48.2053,disk0,925349119496192,2083984934,12828794252885708
48.2053,disk0w,2189232128000,19745730,1284634631139
48.2053,disk4,1913888999424,3892681,35396399263379
48.2053,disk4w,2195456,171,27582691
48.2053,disk8,3038265354240,3046483,46496717561273
48.2053,disk8w,320163840,41745,1705073465
48.2053,disk6,3708817668096,6130927,75766023772573
48.2053,disk6w,380928,53,8067940
48.2053,ram,191823872,65274757120,282588
48.2053,cpu,15741511,22463646,540634730
48.2053,gpu,0,0,0
48.4053,disk0,925351219630080,2083990017,12828807484215559
48.4053,disk0w,2189232128000,19745730,1284634631139
48.4053,disk4,1914709764096,3894307,35402828455761
48.4053,disk4w,2195456,171,27582691
48.4053,disk8,3038906427392,3047140,46497650063507
48.4053,disk8w,320163840,41745,1705073465
48.4053,disk6,3709963581440,6133281,75778445139878
48.4053,disk6w,380928,53,8067940
48.4053,ram,193036288,63762006016,282588
48.4053,cpu,15741549,22463757,540636211
48.4053,gpu,0,0,0
48.6053,disk0,925353088442368,2083995870,12828816642726768
48.6053,disk0w,2189232128000,19745730,1284634631139
48.6053,disk4,1915434690560,3895790,35408978323854
48.6053,disk4w,2195456,171,27582691
48.6053,disk8,3039539668992,3047789,46499379143783
48.6053,disk8w,320163840,41745,1705073465
48.6053,disk6,3711153211392,6135041,75788574298218
48.6053,disk6w,380928,53,8067940
48.6053,ram,193036288,63762006016,282588
48.6053,cpu,15741549,22463757,540636211
48.6053,gpu,32,6,0
48.8053,disk0,925355312259072,2083999568,12828826590596487
48.8053,disk0w,2189232128000,19745730,1284634631139
48.8053,disk4,1916109875200,3897174,35413429738896
48.8053,disk4w,2195456,171,27582691
48.8053,disk8,3040170911744,3048436,46500235200790
48.8053,disk8w,320163840,41745,1705073465
48.8053,disk6,3712501827584,6136690,75799095961850
48.8053,disk6w,380928,53,8067940
48.8053,ram,193036288,63762006016,282588
48.8053,cpu,15741549,22463757,540636211
48.8053,gpu,0,0,0
49.0053,disk0,925357705129984,2084004134,12828840428387761
49.0053,disk0w,2189232128000,19745730,1284634631139
49.0053,disk4,1916789123072,3898568,35418091778062
49.0053,disk4w,2195456,171,27582691
49.0053,disk8,3040680257536,3048958,46500825641363
49.0053,disk8w,320163840,41745,1705073465
49.0053,disk6,3713733052416,6138439,75809309485330
49.0053,disk6w,380928,53,8067940
49.0053,ram,193036288,63762006016,282588
49.0053,cpu,15741549,22463757,540636211
49.0053,gpu,0,0,0
49.2053,disk0,925360091394048,2084008805,12828857316140494
49.2053,disk0w,2189232128000,19745730,1284634631139
49.2053,disk4,1917333612544,3899658,35420522854776
49.2053,disk4w,2195456,171,27582691
49.2053,disk8,3041163257856,3049453,46501411071989
49.2053,disk8w,320163840,41745,1705073465
49.2053,disk6,3714956892160,6140210,75819102048401
49.2053,disk6w,380928,53,8067940
49.2053,ram,193036288,63762006016,282588
49.2053,cpu,15741549,22463757,540636211
49.2053,gpu,28,6,0
49.4041,disk0,925362536738816,2084013968,12828872954509129
49.4041,disk0w,2189232128000,19745730,1284634631139
49.4041,disk4,1918142072832,3901234,35427472166166
49.4041,disk4w,2195456,171,27582691
49.4041,disk8,3041842604032,3050149,46502231010456
49.4041,disk8w,320163840,41745,1705073465
49.4041,disk6,3716193343488,6142488,75827960423839
49.4041,disk6w,380928,53,8067940
49.4041,ram,194215936,65342128128,282588
49.4041,cpu,15741593,22463886,540637929
49.4041,gpu,0,0,0
49.6004,disk0,925364758233088,2084018325,12828883319173302
49.6004,disk0w,2189232128000,19745730,1284634631139
49.6004,disk4,1918775109632,3902485,35430540743635
49.6004,disk4w,2195456,171,27582691
49.6004,disk8,3042524440576,3050848,46503368563971
49.6004,disk8w,320163840,41745,1705073465
49.6004,disk6,3717411817472,6144732,75841179573434
49.6004,disk6w,380928,53,8067940
49.6004,ram,194215936,65342128128,282588
49.6004,cpu,15741593,22463886,540637929
49.6004,gpu,0,0,0
49.8053,disk0,925366835269632,2084026459,12828897268738953
49.8053,disk0w,2189232128000,19745730,1284634631139
49.8053,disk4,1919527544832,3903969,35435497109047
49.8053,disk4w,2195456,171,27582691
49.8053,disk8,3043147950080,3051487,46504160245546
49.8053,disk8w,320163840,41745,1705073465
49.8053,disk6,3718578743296,6147098,75855711761905
49.8053,disk6w,380928,53,8067940
49.8053,ram,194215936,65342128128,282588
49.8053,cpu,15741593,22463886,540637929
49.8053,gpu,30,7,0
50.0053,disk0,925368789540864,2084030067,12828906769201356
50.0053,disk0w,2189232128000,19745730,1284634631139
50.0053,disk4,1920200108032,3905337,35439933411977
50.0053,disk4w,2195456,171,27582691
50.0053,disk8,3043718670336,3052072,46505996290639
50.0053,disk8w,320163840,41745,1705073465
50.0053,disk6,3719696427008,6148836,75865804727946
50.0053,disk6w,380928,53,8067940
50.0053,ram,194215936,65342128128,282588
50.0053,cpu,15741593,22463886,540637929
50.0053,gpu,0,0,0
50.2053,disk0,925371084509184,2084034146,12828922247396605
50.2053,disk0w,2189232128000,19745730,1284634631139
50.2053,disk4,1920928991232,3906830,35446150173604
50.2053,disk4w,2195456,171,27582691
50.2053,disk8,3044453459968,3052824,46507014542753
50.2053,disk8w,320163840,41745,1705073465
50.2053,disk6,3720823040000,6150253,75871798371458
50.2053,disk6w,380928,53,8067940
50.2053,ram,194215936,65342128128,282588
50.2053,cpu,15741593,22463886,540637929
50.2053,gpu,0,0,0
50.4041,disk0,925373330763776,2084038676,12828934258234203
50.4041,disk0w,2189232128000,19745730,1284634631139
50.4041,disk4,1921631406080,3908268,35449732279053
50.4041,disk4w,2195456,171,27582691
50.4041,disk8,3044992034816,3053377,46507640752284
50.4041,disk8w,320163840,41745,1705073465
50.4041,disk6,3722104797184,6152059,75883670611943
50.4041,disk6w,380928,53,8067940
50.4041,ram,189579264,65269972992,282588
50.4041,cpu,15741633,22464012,540639577
50.4041,gpu,0,0,0
50.6026,disk0,925375824117760,2084043534,12828949499907222
50.6026,disk0w,2189232128000,19745730,1284634631139
50.6026,disk4,1922387224576,3909816,35456081776946
50.6026,disk4w,2195456,171,27582691
50.6026,disk8,3045536507904,3053935,46508279236504
50.6026,disk8w,320163840,41745,1705073465
50.6026,disk6,3723283347456,6153789,75891261216616
50.6026,disk6w,380928,53,8067940
50.6026,ram,189579264,65269972992,282588
50.6026,cpu,15741633,22464012,540639577
50.6026,gpu,0,0,0
50.8003,disk0,925377995653120,2084047928,12828958378779809
50.8003,disk0w,2189232128000,19745730,1284634631139
50.8003,disk4,1923123685376,3911243,35460201270213
50.8003,disk4w,2195456,171,27582691
50.8003,disk8,3046089762816,3054502,46508912071153
50.8003,disk8w,320163840,41745,1705073465
50.8003,disk6,3724672722944,6156293,75908302880779
50.8003,disk6w,380928,53,8067940
50.8003,ram,189579264,65269972992,282588
50.8003,cpu,15741633,22464012,540639577
50.8003,gpu,0,0,0
51.0053,disk0,925380176117760,2084052688,12828969193785770
51.0053,disk0w,2189232128000,19745730,1284634631139
51.0053,disk4,1923535136768,3912056,35461856123359
51.0053,disk4w,2195456,171,27582691
51.0053,disk8,3046635284480,3055061,46509528582048
51.0053,disk8w,320163840,41745,1705073465
51.0053,disk6,3726031468544,6158753,75926137428401
51.0053,disk6w,380928,53,8067940
51.0053,ram,189579264,65269972992,282588
51.0053,cpu,15741633,22464012,540639577
51.0053,gpu,0,0,0
51.2023,disk0,925382101794816,2084057801,12828980494131927
51.2023,disk0w,2189232128000,19745730,1284634631139
51.2023,disk4,1924194068480,3913357,35466704866477
51.2023,disk4w,2195456,171,27582691
51.2023,disk8,3047231399936,3055672,46510430092670
51.2023,disk8w,320163840,41745,1705073465
51.2023,disk6,3727227144192,6160783,75939007368703
51.2023,disk6w,380928,53,8067940
51.2023,ram,189579264,65269972992,282588
51.2023,cpu,15741633,22464012,540639577
51.2023,gpu,0,0,0
51.4053,disk0,925384215080960,2084062128,12828996895402376
51.4053,disk0w,2189232128000,19745730,1284634631139
51.4053,disk4,1924928579584,3914825,35472868574106
51.4053,disk4w,2195456,171,27582691
51.4053,disk8,3047670441984,3056122,46511095085650
51.4053,disk8w,320163840,41745,1705073465
51.4053,disk6,3728106838016,6162473,75945466769824
51.4053,disk6w,380928,53,8067940
51.4053,ram,197083136,63752470528,282588
51.4053,cpu,15741692,22464163,540641152
51.4053,gpu,0,0,0
51.6031,disk0,925386507005952,2084067024,12829008825927832
51.6031,disk0w,2189232128000,19745730,1284634631139
51.6031,disk4,1925580302336,3916161,35477413158715
51.6031,disk4w,2195456,171,27582691
51.6031,disk8,3048250042368,3056716,46511824898529
51.6031,disk8w,320163840,41745,1705073465
51.6031,disk6,3729358071808,6164308,75956022290210
51.6031,disk6w,380928,53,8067940
51.6031,ram,197083136,63752470528,282588
51.6031,cpu,15741692,22464163,540641152
51.6031,gpu,43,4,0
51.8053,disk0,925388766633984,2084070774,12829018361905933
51.8053,disk0w,2189232128000,19745730,1284634631139
51.8053,disk4,1926369945600,3917779,35482248580302
51.8053,disk4w,2195456,171,27582691
51.8053,disk8,3048938170368,3057421,46512756762499
51.8053,disk8w,320163840,41745,1705073465
51.8053,disk6,3730736429056,6166074,75966164714831
51.8053,disk6w,380928,53,8067940
51.8053,ram,197083136,63752470528,282588
51.8053,cpu,15741692,22464163,540641152
51.8053,gpu,0,0,0
52.0053,disk0,925391330480128,2084075984,12829038382700552
52.0053,disk0w,2189232136192,19745732,1284634677472
52.0053,disk4,1927107463168,3919292,35486772975834
52.0053,disk4w,2195456,171,27582691
52.0053,disk8,3049469274112,3057965,46513368807524
52.0053,disk8w,320163840,41745,1705073465
52.0053,disk6,3731835844608,6167738,75972792588977
52.0053,disk6w,380928,53,8067940
52.0053,ram,197083136,63752470528,282588
52.0053,cpu,15741692,22464163,540641152
52.0053,gpu,0,0,0
52.2053,disk0,925393460498432,2084080373,12829049424126855
52.2053,disk0w,2189232136192,19745732,1284634677472
52.2053,disk4,1927643703296,3920350,35489833991365
52.2053,disk4w,2195456,171,27582691
52.2053,disk8,3049927370752,3058435,46513823721741
52.2053,disk8w,320163840,41745,1705073465
52.2053,disk6,3733085849600,6169636,75985866424554
52.2053,disk6w,380928,53,8067940
52.2053,ram,197083136,63752470528,282588
52.2053,cpu,15741692,22464163,540641152
52.2053,gpu,0,0,0
52.4047,disk0,925395890499584,2084085469,12829063462610403
52.4047,disk0w,2189232136192,19745732,1284634677472
52.4047,disk4,1928208361472,3921453,35493082597429
52.4047,disk4w,2195456,171,27582691
52.4047,disk8,3050586007552,3059110,46514822215471
52.4047,disk8w,320163840,41745,1705073465
52.4047,disk6,3734475180032,6172290,76000111628570
52.4047,disk6w,380928,53,8067940
52.4047,ram,193708032,65388052480,282588
52.4047,cpu,15741731,22464278,540642705
52.4047,gpu,0,0,0
52.6053,disk0,925397947985920,2084091600,12829077201592938
52.6053,disk0w,2189232181248,19745733,1284634710138
52.6053,disk4,1928993269760,3922999,35497880770298
52.6053,disk4w,2195456,171,27582691
52.6053,disk8,3051045808128,3059581,46515323155815
52.6053,disk8w,320163840,41745,1705073465
52.6053,disk6,3735651796992,6174174,76013506519438
52.6053,disk6w,380928,53,8067940
52.6053,ram,193708032,65388052480,282588
52.6053,cpu,15741731,22464278,540642705
52.6053,gpu,0,0,0
52.8053,disk0,925399994793984,2084095470,12829087207768989
52.8053,disk0w,2189232181248,19745733,1284634710138
52.8053,disk4,1929619908608,3924244,35502301179467
52.8053,disk4w,2195456,171,27582691
52.8053,disk8,3051657357312,3060208,46516297856818
52.8053,disk8w,320163840,41745,1705073465
52.8053,disk6,3736818931712,6176588,76025744996170
52.8053,disk6w,380928,53,8067940
52.8053,ram,193708032,65388052480,282588
52.8053,cpu,15741731,22464278,540642705
52.8053,gpu,0,0,0
53.0053,disk0,925402340790272,2084102368,12829101924236645
53.0053,disk0w,2189232181248,19745733,1284634710138
53.0053,disk4,1930426001408,3925899,35509308638777
53.0053,disk4w,2195456,171,27582691
53.0053,disk8,3052252030976,3060817,46516978342942
53.0053,disk8w,320163840,41745,1705073465
53.0053,disk6,3738050885632,6178420,76036399175313
53.0053,disk6w,380928,53,8067940
53.0053,ram,193708032,65388052480,282588
53.0053,cpu,15741731,22464278,540642705
53.0053,gpu,0,0,0
53.2053,disk0,925404309987328,2084105613,12829111629508312
53.2053,disk0w,2189232181248,19745733,1284634710138
53.2053,disk4,1931241293824,3927570,35518119641483
53.2053,disk4w,2195456,171,27582691
53.2053,disk8,3052772648960,3061351,46517551243638
53.2053,disk8w,320163840,41745,1705073465
53.2053,disk6,3739286669312,6179886,76043799551793
53.2053,disk6w,380928,53,8067940
53.2053,ram,193708032,65388052480,282588
53.2053,cpu,15741731,22464278,540642705
53.2053,gpu,0,0,0
53.4053,disk0,925406863761408,2084110393,12829128230730766
53.4053,disk0w,2189232181248,19745733,1284634710138
53.4053,disk4,1931845756928,3928810,35521472021613
53.4053,disk4w,2195456,171,27582691
53.4053,disk8,3053375055872,3061968,46518272921609
53.4053,disk8w,320163840,41745,1705073465
53.4053,disk6,3740460632064,6181557,76052172942230
53.4053,disk6w,380928,53,8067940
53.4053,ram,194756608,65252573184,282588
53.4053,cpu,15741772,22464407,540644357
53.4053,gpu,0,0,0
53.6052,disk0,925409138421760,2084114929,12829140684904504
53.6052,disk0w,2189232181248,19745733,1284634710138
53.6052,disk4,1932476409856,3930081,35524895268813
53.6052,disk4w,2195456,171,27582691
53.6052,disk8,3053862643712,3062468,46518858864942
53.6052,disk8w,320163840,41745,1705073465
53.6052,disk6,3741750298624,6183496,76065094083459
53.6052,disk6w,380928,53,8067940
53.6052,ram,194756608,65252573184,282588
53.6052,cpu,15741772,22464407,540644357
53.6052,gpu,0,0,0
53.8053,disk0,925411558608896,2084119965,12829156362321991
53.8053,disk0w,2189232181248,19745733,1284634710138
53.8053,disk4,1933170059264,3931431,35528359141366
53.8053,disk4w,2195456,171,27582691
53.8053,disk8,3054572922880,3063196,46519786328610
53.8053,disk8w,320163840,41745,1705073465
53.8053,disk6,3743060707328,6185972,76077120895995
53.8053,disk6w,380928,53,8067940
53.8053,ram,194756608,65252573184,282588
53.8053,cpu,15741772,22464407,540644357
53.8053,gpu,0,0,0
54.0053,disk0,925413735149568,2084124241,12829170193037528
54.0053,disk0w,2189232181248,19745733,1284634710138
54.0053,disk4,1933862643712,3932794,35533081764276
54.0053,disk4w,2195456,171,27582691
54.0053,disk8,3055122638848,3063759,46520558270207
54.0053,disk8w,320163840,41745,1705073465
54.0053,disk6,3744269113344,6188172,76090027930966
54.0053,disk6w,380928,53,8067940
54.0053,ram,194756608,65252573184,282588
54.0053,cpu,15741772,22464407,540644357
54.0053,gpu,0,0,0
54.2053,disk0,925415997534208,2084130029,12829183934857408
54.2053,disk0w,2189232181248,19745733,1284634710138
54.2053,disk4,1934473799680,3934000,35536686522277
54.2053,disk4w,2195456,171,27582691
54.2053,disk8,3055705778176,3064357,46521380901628
54.2053,disk8w,320163840,41745,1705073465
54.2053,disk6,3745532229632,6190623,76103586504388
54.2053,disk6w,380928,53,8067940
54.2053,ram,194756608,65252573184,282588
54.2053,cpu,15741772,22464407,540644357
54.2053,gpu,0,0,0
54.4053,disk0,925417673973760,2084133373,12829191171713880
54.4053,disk0w,2189232181248,19745733,1284634710138
54.4053,disk4,1935283439616,3935643,35545004600087
54.4053,disk4w,2195456,171,27582691
54.4053,disk8,3056188729344,3064852,46522259296670
54.4053,disk8w,320163840,41745,1705073465
54.4053,disk6,3746708715520,6192716,76116590460848
54.4053,disk6w,380928,53,8067940
54.4053,ram,195887104,65001062400,282588
54.4053,cpu,15741814,22464534,540646000
54.4053,gpu,0,0,0
54.6053,disk0,925419566497792,2084140893,12829201896969612
54.6053,disk0w,2189232181248,19745733,1284634710138
54.6053,disk4,1936108693504,3937335,35553929371855
54.6053,disk4w,2195456,171,27582691
54.6053,disk8,3056760596480,3065438,46523057904424
54.6053,disk8w,320163840,41745,1705073465
54.6053,disk6,3747966400512,6194390,76125555938643
54.6053,disk6w,380928,53,8067940
54.6053,ram,195887104,65001062400,282588
54.6053,cpu,15741814,22464534,540646000
54.6053,gpu,0,0,0
54.8053,disk0,925421612457984,2084144292,12829210061865069
54.8053,disk0w,2189232197632,19745737,1284634796970
54.8053,disk4,1936845678592,3938844,35559932374992
54.8053,disk4w,2195456,171,27582691
54.8053,disk8,3057330366464,3066022,46523796784439
54.8053,disk8w,320163840,41745,1705073465
54.8053,disk6,3749290838016,6196101,76137017250861
54.8053,disk6w,380928,53,8067940
54.8053,ram,195887104,65001062400,282588
54.8053,cpu,15741814,22464534,540646000
54.8053,gpu,0,0,0
55.0053,disk0,925424167415808,2084149268,12829227625785540
55.0053,disk0w,2189232197632,19745737,1284634796970
55.0053,disk4,1937462454272,3940107,35563230868055
55.0053,disk4w,2195456,171,27582691
55.0053,disk8,3057892403200,3066598,46524548440793
55.0053,disk8w,320163840,41745,1705073465
55.0053,disk6,3750438864896,6197794,76145068614867
55.0053,disk6w,380928,53,8067940
55.0053,ram,195887104,65001062400,282588
55.0053,cpu,15741814,22464534,540646000
55.0053,gpu,31,7,0
55.2053,disk0,925426296438784,2084153379,12829236715731618
55.2053,disk0w,2189232197632,19745737,1284634796970
55.2053,disk4,1938021345280,3941208,35565705390365
55.2053,disk4w,2195456,171,27582691
55.2053,disk8,3058401748992,3067120,46525197069239
55.2053,disk8w,320163840,41745,1705073465
55.2053,disk6,3751821510656,6200307,76164316920901
55.2053,disk6w,380928,53,8067940
55.2053,ram,195887104,65001062400,282588
55.2053,cpu,15741814,22464534,540646000
55.2053,gpu,0,0,0
55.4053,disk0,925428647641088,2084157974,12829250754285708
55.4053,disk0w,2189232197632,19745737,1284634796970
55.4053,disk4,1938538080256,3942220,35568755253905
55.4053,disk4w,2195456,171,27582691
55.4053,disk8,3058955003904,3067687,46525788434720
55.4053,disk8w,320163840,41745,1705073465
55.4053,disk6,3753070532608,6202657,76178327750992
55.4053,disk6w,380928,53,8067940
55.4053,ram,195477504,65335443456,282588
55.4053,cpu,15741854,22464650,540647592
55.4053,gpu,0,0,0
55.6053,disk0,925430782230528,2084164071,12829264890569597
55.6053,disk0w,2189232197632,19745737,1284634796970
55.6053,disk4,1939335440384,3943791,35573731439954
55.6053,disk4w,2195456,171,27582691
55.6053,disk8,3059639986176,3068389,46526638068941
55.6053,disk8w,320163840,41745,1705073465
55.6053,disk6,3754353260544,6204870,76192552494600
55.6053,disk6w,380928,53,8067940
55.6053,ram,195477504,65335443456,282588
55.6053,cpu,15741854,22464650,540647592
55.6053,gpu,0,0,0
55.8050,disk0,925432797044736,2084167588,12829275658453718
55.8050,disk0w,2189232197632,19745737,1284634796970
55.8050,disk4,1939933997056,3944983,35579094025764
55.8050,disk4w,2195456,171,27582691
55.8050,disk8,3060264462336,3069029,46528320414015
55.8050,disk8w,320163840,41745,1705073465
55.8050,disk6,3755401644032,6206891,76203319783936
55.8050,disk6w,380928,53,8067940
55.8050,ram,195477504,65335443456,282588
55.8050,cpu,15741854,22464650,540647592
55.8050,gpu,0,0,0
56.0053,disk0,925434928480256,2084177284,12829290790258968
56.0053,disk0w,2189232197632,19745737,1284634796970
56.0053,disk4,1940724148224,3946603,35584344381732
56.0053,disk4w,2195456,171,27582691
56.0053,disk8,3060895705088,3069676,46529159430046
56.0053,disk8w,320163840,41745,1705073465
56.0053,disk6,3756672092160,6208926,76214676661296
56.0053,disk6w,380928,53,8067940
56.0053,ram,195477504,65335443456,282588
56.0053,cpu,15741854,22464650,540647592
56.0053,gpu,0,0,0
56.2053,disk0,925437158363136,2084180915,12829300446548672
56.2053,disk0w,2189232197632,19745737,1284634796970
56.2053,disk4,1941600225280,3948399,35591970543639
56.2053,disk4w,2195456,171,27582691
56.2053,disk8,3061396269056,3070189,46529786025918
56.2053,disk8w,320163840,41745,1705073465
56.2053,disk6,3757971785728,6210574,76223484668366
56.2053,disk6w,380928,53,8067940
56.2053,ram,195477504,65335443456,282588
56.2053,cpu,15741854,22464650,540647592
56.2053,gpu,31,5,0
56.4053,disk0,925439357558784,2084185024,12829313405019540
56.4053,disk0w,2189232197632,19745737,1284634796970
56.4053,disk4,1942261245952,3949754,35595269776488
56.4053,disk4w,2195456,171,27582691
56.4053,disk8,3062072469504,3070882,46530765205388
56.4053,disk8w,320163840,41745,1705073465
56.4053,disk6,3759183644672,6212333,76234426214676
56.4053,disk6w,380928,53,8067940
56.4053,ram,195133440,65225850880,282588
56.4053,cpu,15741904,22464811,540649192
56.4053,gpu,0,0,0
56.6014,disk0,925441637814272,2084189547,12829325891257596
56.6014,disk0w,2189232197632,19745737,1284634796970
56.6014,disk4,1943128647680,3951498,35602775422787
56.6014,disk4w,2195456,171,27582691
56.6014,disk8,3062590597120,3071413,46531387167794
56.6014,disk8w,320163840,41745,1705073465
56.6014,disk6,3760427898880,6214269,76242267832848
56.6014,disk6w,380928,53,8067940
56.6014,ram,195133440,65225850880,282588
56.6014,cpu,15741904,22464811,540649192
56.6014,gpu,0,0,0
56.8053,disk0,925444085473280,2084194644,12829342694645946
56.8053,disk0w,2189232197632,19745737,1284634796970
56.8053,disk4,1943689111552,3952590,35605865838252
56.8053,disk4w,2195456,171,27582691
56.8053,disk8,3063099942912,3071935,46532022117534
56.8053,disk8w,320163840,41745,1705073465
56.8053,disk6,3761623312384,6216401,76254788647347
56.8053,disk6w,380928,53,8067940
56.8053,ram,195133440,65225850880,282588
56.8053,cpu,15741904,22464811,540649192
56.8053,gpu,0,0,0
57.0053,disk0,925446342246400,2084199509,12829356036679460
57.0053,disk0w,2189232197632,19745737,1284634796970
57.0053,disk4,1944326293504,3953845,35608884531912
57.0053,disk4w,2195456,171,27582691
57.0053,disk8,3063591725056,3072439,46532533643572
57.0053,disk8w,320163840,41745,1705073465
57.0053,disk6,3762906343424,6218597,76268826037988
57.0053,disk6w,380928,53,8067940
57.0053,ram,195133440,65225850880,282588
57.0053,cpu,15741904,22464811,540649192
57.0053,gpu,0,0,0
57.2053,disk0,925448666910720,2084207551,12829372865275128
57.2053,disk0w,2189232197632,19745737,1284634796970
57.2053,disk4,1945031485440,3955241,35613139140105
57.2053,disk4w,2195456,171,27582691
57.2053,disk8,3064232798208,3073096,46533623242340
57.2053,disk8w,320163840,41745,1705073465
57.2053,disk6,3763910326272,6220663,76278095202095
57.2053,disk6w,380928,53,8067940
57.2053,ram,195133440,65225850880,282588
57.2053,cpu,15741904,22464811,540649192
57.2053,gpu,0,0,0
57.4053,disk0,925450741153792,2084216898,12829390440103145
57.4053,disk0w,2189232197632,19745737,1284634796970
57.4053,disk4,1945587755008,3956383,35617282087718
57.4053,disk4w,2195456,171,27582691
57.4053,disk8,3064908900352,3073789,46535791253775
57.4053,disk8w,320163840,41745,1705073465
57.4053,disk6,3764998010880,6222189,76284434548503
57.4053,disk6w,380928,53,8067940
57.4053,ram,193200128,65141129216,282588
57.4053,cpu,15741950,22464944,540650865
57.4053,gpu,0,0,0
57.6053,disk0,925453137182720,2084220843,12829402562592212
57.6053,disk0w,2189232197632,19745737,1284634796970
57.6053,disk4,1946312435712,3957866,35623691752726
57.6053,disk4w,2195456,171,27582691
57.6053,disk8,3065549973504,3074446,46536659047269
57.6053,disk8w,320163840,41745,1705073465
57.6053,disk6,3766217263104,6223594,76291022496617
57.6053,disk6w,380928,53,8067940
57.6053,ram,193200128,65141129216,282588
57.6053,cpu,15741950,22464944,540650865
57.6053,gpu,0,0,0
57.8053,disk0,925455710580736,2084225752,12829420954552879
57.8053,disk0w,2189232197632,19745737,1284634796970
57.8053,disk4,1946996779008,3959269,35627520645675
57.8053,disk4w,2195456,171,27582691
57.8053,disk8,3066224076800,3075137,46537551140366
57.8053,disk8w,320163840,41745,1705073465
57.8053,disk6,3767391447040,6225422,76299009542648
57.8053,disk6w,380928,53,8067940
57.8053,ram,193200128,65141129216,282588
57.8053,cpu,15741950,22464944,540650865
57.8053,gpu,35,5,0
58.0053,disk0,925458180022272,2084230786,12829438807426890
58.0053,disk0w,2189232197632,19745737,1284634796970
58.0053,disk4,1947761666048,3960802,35632219737412
58.0053,disk4w,2195456,171,27582691
58.0053,disk8,3066744301568,3075670,46538212945311
58.0053,disk8w,320163840,41745,1705073465
58.0053,disk6,3768550520832,6227392,76306867022585
58.0053,disk6w,380928,53,8067940
58.0053,ram,193200128,65141129216,282588
58.0053,cpu,15741950,22464944,540650865
58.0053,gpu,0,0,0
58.2053,disk0,925460748058624,2084236314,12829458948590221
58.2053,disk0w,2189232197632,19745737,1284634796970
58.2053,disk4,1948208457728,3961670,35634926278203
58.2053,disk4w,2195456,171,27582691
58.2053,disk8,3067227301888,3076165,46538780010139
58.2053,disk8w,320163840,41745,1705073465
58.2053,disk6,3769702107136,6229505,76317147612670
58.2053,disk6w,380928,53,8067940
58.2053,ram,193200128,65141129216,282588
58.2053,cpu,15741950,22464944,540650865
58.2053,gpu,0,0,0
58.4053,disk0,925462957563904,2084241268,12829471723323316
58.4053,disk0w,2189232197632,19745737,1284634796970
58.4053,disk4,1949029885952,3963289,35640228459277
58.4053,disk4w,2195456,171,27582691
58.4053,disk8,3067719084032,3076669,46539347699345
58.4053,disk8w,320163840,41745,1705073465
58.4053,disk6,3770998429696,6231813,76329921441755
58.4053,disk6w,380928,53,8067940
58.4053,ram,194707456,65353269248,282588
58.4053,cpu,15741986,22465054,540652359
58.4053,gpu,33,6,0
58.6053,disk0,925465317572608,2084248484,12829486617848127
58.6053,disk0w,2189232197632,19745737,1284634796970
58.6053,disk4,1949681510400,3964577,35644954579423
58.6053,disk4w,2195456,171,27582691
58.6053,disk8,3068368939008,3077335,46540222982257
58.6053,disk8w,320163840,41745,1705073465
58.6053,disk6,3772217157632,6234309,76343415763430
58.6053,disk6w,380928,53,8067940
58.6053,ram,194707456,65353269248,282588
58.6053,cpu,15741986,22465054,540652359
58.6053,gpu,0,0,0
58.8053,disk0,925467440316416,2084255502,12829502321565295
58.8053,disk0w,2189232197632,19745737,1284634796970
58.8053,disk4,1950314555392,3965871,35649688306156
58.8053,disk4w,2195456,171,27582691
58.8053,disk8,3068878235648,3077857,46541256911335
58.8053,disk8w,320163840,41745,1705073465
58.8053,disk6,3773304449024,6235980,76352573177460
58.8053,disk6w,380928,53,8067940
58.8053,ram,194707456,65353269248,282588
58.8053,cpu,15741986,22465054,540652359
58.8053,gpu,0,0,0
59.0053,disk0,925469713735680,2084259097,12829511542905604
59.0053,disk0w,2189232197632,19745737,1284634796970
59.0053,disk4,1951117617152,3967513,35657352080738
59.0053,disk4w,2195456,171,27582691
59.0053,disk8,3069485230080,3078479,46542011868926
59.0053,disk8w,320163840,41745,1705073465
59.0053,disk6,3774612924416,6237523,76360049796784
59.0053,disk6w,380928,53,8067940
59.0053,ram,194707456,65353269248,282588
59.0053,cpu,15741986,22465054,540652359
59.0053,gpu,33,6,0
59.2053,disk0,925472232439808,2084264128,12829524126977015
59.2053,disk0w,2189232197632,19745737,1284634796970
59.2053,disk4,1951927560192,3969175,35663262018372
59.2053,disk4w,2195456,171,27582691
59.2053,disk8,3070239418368,3079252,46542963917099
59.2053,disk8w,320163840,41745,1705073465
59.2053,disk6,3775945156608,6239523,76369793375629
59.2053,disk6w,380928,53,8067940
59.2053,ram,194707456,65353269248,282588
59.2053,cpu,15741986,22465054,540652359
59.2053,gpu,0,0,0
59.4020,disk0,925474558672896,2084268636,12829539710868355
59.4020,disk0w,2189232197632,19745737,1284634796970
59.4020,disk4,1952594356224,3970521,35666660847963
59.4020,disk4w,2195456,171,27582691
59.4020,disk8,3070704855040,3079729,46543466455488
59.4020,disk8w,320163840,41745,1705073465
59.4020,disk6,3777147025408,6241249,76378606261175
59.4020,disk6w,380928,53,8067940
59.4020,ram,195854336,65310130176,282588
59.4020,cpu,15742030,22465186,540653964
59.4020,gpu,0,0,0
59.6053,disk0,925477012496384,2084273810,12829557738551983
59.6053,disk0w,2189232197632,19745737,1284634796970
59.6053,disk4,1953261152256,3971814,35671006204011
59.6053,disk4w,2195456,171,27582691
59.6053,disk8,3071343437824,3080383,46544276612480
59.6053,disk8w,320163840,41745,1705073465
59.6053,disk6,3778425542656,6243631,76388308721327
59.6053,disk6w,380928,53,8067940
59.6053,ram,195854336,65310130176,282588
59.6053,cpu,15742030,22465186,540653964
59.6053,gpu,0,0,0
59.8053,disk0,925479208828928,2084278206,12829572510268232
59.8053,disk0w,2189232197632,19745737,1284634796970
59.8053,disk4,1953841260544,3972963,35673917142380
59.8053,disk4w,2195456,171,27582691
59.8053,disk8,3071864055808,3080917,46544899687258
59.8053,disk8w,320163840,41745,1705073465
59.8053,disk6,3779668678656,6245879,76401875311547
59.8053,disk6w,380928,53,8067940
59.8053,ram,195854336,65310130176,282588
59.8053,cpu,15742030,22465186,540653964
59.8053,gpu,0,0,0
60.0010,disk0,925480852455424,2084283980,12829581822995545
60.0010,disk0w,2189232197632,19745737,1284634796970
60.0010,disk4,1954470619136,3974207,35677337758314
60.0010,disk4w,2195456,171,27582691
60.0010,disk8,3072461219840,3081529,46545563417512
60.0010,disk8w,320163840,41745,1705073465
60.0010,disk6,3781042911232,6248291,76420300275867
60.0010,disk6w,380928,53,8067940
60.0010,ram,195854336,65310130176,282588
60.0010,cpu,15742030,22465186,540653964
60.0010,gpu,0,0,0
60.2053,disk0,925482811199488,2084287805,12829593359580926
60.2053,disk0w,2189233737728,19745967,1284639420565
60.2053,disk4,1955010119680,3975297,35680714506115
60.2053,disk4w,2195456,171,27582691
60.2053,disk8,3073067067392,3082150,46547050462972
60.2053,disk8w,320163840,41745,1705073465
60.2053,disk6,3782121424896,6250430,76433673636455
60.2053,disk6w,380928,53,8067940
60.2053,ram,195854336,65310130176,282588
60.2053,cpu,15742030,22465186,540653964
60.2053,gpu,0,0,0
60.4053,disk0,925484834136064,2084291297,12829601218716636
60.4053,disk0w,2189233737728,19745967,1284639420565
60.4053,disk4,1955640010752,3976590,35684792658993
60.4053,disk4w,2195456,171,27582691
60.4053,disk8,3073602758656,3082699,46547805091164
60.4053,disk8w,320163840,41745,1705073465
60.4053,disk6,3783444154368,6252276,76447436052766
60.4053,disk6w,380928,53,8067940
60.4053,ram,194625536,65249509376,282588
60.4053,cpu,15742077,22465319,540655633
60.4053,gpu,0,0,0
60.6033,disk0,925486579916800,2084294204,12829606023068650
60.6033,disk0w,2189233737728,19745967,1284639420565
60.6033,disk4,1956301039616,3977943,35688869142615
60.6033,disk4w,2195456,171,27582691
60.6033,disk8,3074314086400,3083428,46548769850762
60.6033,disk8w,320163840,41745,1705073465
60.6033,disk6,3784842020864,6254134,76462120910869
60.6033,disk6w,380928,53,8067940
60.6033,ram,194625536,65249509376,282588
60.6033,cpu,15742077,22465319,540655633
60.6033,gpu,0,0,0
60.8053,disk0,925488733335552,2084298571,12829614930057785
60.8053,disk0w,2189233737728,19745967,1284639420565
60.8053,disk4,1957086472192,3979555,35693545110203
60.8053,disk4w,2195456,171,27582691
60.8053,disk8,3074937595904,3084067,46549577039974
60.8053,disk8w,320163840,41745,1705073465
60.8053,disk6,3786243409920,6256296,76476477628754
60.8053,disk6w,380928,53,8067940
60.8053,ram,194625536,65249509376,282588
60.8053,cpu,15742077,22465319,540655633
60.8053,gpu,0,0,0
61.0053,disk0,925490978332672,2084303511,12829625779138806
61.0053,disk0w,2189233737728,19745967,1284639420565
61.0053,disk4,1957717272576,3980802,35696803665038
61.0053,disk4w,2195456,171,27582691
61.0053,disk8,3075569887232,3084715,46550353991841
61.0053,disk8w,320163840,41745,1705073465
61.0053,disk6,3787653957632,6258574,76491880606979
61.0053,disk6w,380928,53,8067940
61.0053,ram,194625536,65249509376,282588
61.0053,cpu,15742077,22465319,540655633
61.0053,gpu,30,5,0
61.2054,disk0,925493445103616,2084308483,12829643230314260
61.2054,disk0w,2189233737728,19745967,1284639420565
61.2054,disk4,1958520104960,3982379,35701309478644
61.2054,disk4w,2195456,171,27582691
61.2054,disk8,3076061669376,3085219,46551065456477
61.2054,disk8w,320163840,41745,1705073465
61.2054,disk6,3788790454272,6260726,76502089602466
61.2054,disk6w,380928,53,8067940
61.2054,ram,194625536,65249509376,282588
61.2054,cpu,15742077,22465319,540655633
61.2054,gpu,0,0,0
61.4053,disk0,925495287005184,2084313978,12829654461236924
61.4053,disk0w,2189233737728,19745967,1284639420565
61.4053,disk4,1959289710592,3983901,35706538984469
61.4053,disk4w,2195456,171,27582691
61.4053,disk8,3076613875712,3085785,46551699513448
61.4053,disk8w,320163840,41745,1705073465
61.4053,disk6,3790097512448,6263019,76517411603620
61.4053,disk6w,380928,53,8067940
61.4053,ram,192970752,63672483840,282588
61.4053,cpu,15742127,22465462,540657184
61.4053,gpu,42,9,0
61.6053,disk0,925497186422784,2084317241,12829663339315643
61.6053,disk0w,2189233737728,19745967,1284639420565
61.6053,disk4,1959837870080,3984991,35710465960187
61.6053,disk4w,2195456,171,27582691
61.6053,disk8,3077141768192,3086326,46552866096310
61.6053,disk8w,320163840,41745,1705073465
61.6053,disk6,3791278569472,6265198,76532432653395
61.6053,disk6w,380928,53,8067940
61.6053,ram,192970752,63672483840,282588
61.6053,cpu,15742127,22465462,540657184
61.6053,gpu,0,0,0
61.8053,disk0,925499441418240,2084328843,12829679083997856
61.8053,disk0w,2189233737728,19745967,1284639420565
61.8053,disk4,1960516970496,3986385,35714426332582
61.8053,disk4w,2195456,171,27582691
61.8053,disk8,3077747714048,3086947,46553643506553
61.8053,disk8w,320163840,41745,1705073465
61.8053,disk6,3792521623552,6266880,76540760248670
61.8053,disk6w,380928,53,8067940
61.8053,ram,192970752,63672483840,282588
61.8053,cpu,15742127,22465462,540657184
61.8053,gpu,0,0,0
62.0053,disk0,925501330137088,2084331852,12829685133588830
62.0053,disk0w,2189233737728,19745967,1284639420565
62.0053,disk4,1961193834496,3987770,35718592233626
62.0053,disk4w,2195456,171,27582691
62.0053,disk8,3078441478144,3087658,46554584632689
62.0053,disk8w,320163840,41745,1705073465
62.0053,disk6,3793919932416,6268541,76553560606243
62.0053,disk6w,380928,53,8067940
62.0053,ram,192970752,63672483840,282588
62.0053,cpu,15742127,22465462,540657184
62.0053,gpu,0,0,0
62.2053,disk0,925503436472320,2084335817,12829693665651616
62.2053,disk0w,2189233737728,19745967,1284639420565
62.2053,disk4,1961924945920,3989269,35723343506666
62.2053,disk4w,2195456,171,27582691
62.2053,disk8,3079144024064,3088378,46555507135825
62.2053,disk8w,320163840,41745,1705073465
62.2053,disk6,3795273807872,6270641,76567199515206
62.2053,disk6w,380928,53,8067940
62.2053,ram,192970752,63672483840,282588
62.2053,cpu,15742127,22465462,540657184
62.2053,gpu,0,0,0
62.4053,disk0,925505581305856,2084340439,12829704757048521
62.4053,disk0w,2189233737728,19745967,1284639420565
62.4053,disk4,1962657736704,3990747,35727324569095
62.4053,disk4w,2195456,171,27582691
62.4053,disk8,3079714842624,3088963,46556184690249
62.4053,disk8w,320163840,41745,1705073465
62.4053,disk6,3796594161664,6272688,76580870438783
62.4053,disk6w,380928,53,8067940
62.4053,ram,193822720,65305051136,282588
62.4053,cpu,15742166,22465587,540658766
62.4053,gpu,0,0,0
62.6053,disk0,925508082569216,2084345666,12829720877422906
62.6053,disk0w,2189233737728,19745967,1284639420565
62.6053,disk4,1963379271680,3992151,35731786355043
62.6053,disk4w,2195456,171,27582691
62.6053,disk8,3080294443008,3089557,46556867946051
62.6053,disk8w,320163840,41745,1705073465
62.6053,disk6,3797742811136,6274672,76591347425945
62.6053,disk6w,380928,53,8067940
62.6053,ram,193822720,65305051136,282588
62.6053,cpu,15742166,22465587,540658766
62.6053,gpu,0,0,0
62.8031,disk0,925510226649088,2084349919,12829735166177787
62.8031,disk0w,2189233815552,19745973,1284639557355
62.8031,disk4,1964131723264,3993636,35736045850993
62.8031,disk4w,2195456,171,27582691
62.8031,disk8,3080891607040,3090169,46557634173385
62.8031,disk8w,320163840,41745,1705073465
62.8031,disk6,3798904862720,6276713,76602146182665
62.8031,disk6w,380928,53,8067940
62.8031,ram,193822720,65305051136,282588
62.8031,cpu,15742166,22465587,540658766
62.8031,gpu,0,0,0
63.0011,disk0,925511962443776,2084356255,12829746414145691
63.0011,disk0w,2189233815552,19745973,1284639557355
63.0011,disk4,1964737112064,3994831,35739155519424
63.0011,disk4w,2195456,171,27582691
63.0011,disk8,3081453643776,3090745,46558468797567
63.0011,disk8w,320163840,41745,1705073465
63.0011,disk6,3800209422336,6279219,76621690149847
63.0011,disk6w,380928,53,8067940
63.0011,ram,193822720,65305051136,282588
63.0011,cpu,15742166,22465587,540658766
63.0011,gpu,0,0,0
63.2053,disk0,925513821880320,2084359868,12829756906688489
63.2053,disk0w,2189233815552,19745973,1284639557355
63.2053,disk4,1965307406336,3995985,35742588421132
63.2053,disk4w,2195456,171,27582691
63.2053,disk8,3081910233088,3091213,46559444268529
63.2053,disk8w,320163840,41745,1705073465
63.2053,disk6,3801368229888,6281236,76635297468563
63.2053,disk6w,380928,53,8067940
63.2053,ram,193822720,65305051136,282588
63.2053,cpu,15742166,22465587,540658766
63.2053,gpu,0,0,0
63.4039,disk0,925516106309632,2084367061,12829774732419971
63.4039,disk0w,2189233815552,19745973,1284639557355
63.4039,disk4,1966011648000,3997430,35746138096947
63.4039,disk4w,2195456,171,27582691
63.4039,disk8,3082489833472,3091807,46560096736999
63.4039,disk8w,320163840,41745,1705073465
63.4039,disk6,3802501871616,6282819,76644421344429
63.4039,disk6w,380928,53,8067940
63.4039,ram,190824448,65260421120,282588
63.4039,cpu,15742212,22465723,540660475
63.4039,gpu,0,0,0
63.6053,disk0,925518539505664,2084371250,12829790253306408
63.6053,disk0w,2189233815552,19745973,1284639557355
63.6053,disk4,1966675191808,3998789,35750553013993
63.6053,disk4w,2195456,171,27582691
63.6053,disk8,3083096827904,3092429,46560920619950
63.6053,disk8w,320163840,41745,1705073465
63.6053,disk6,3803618789376,6284316,76651937022464
63.6053,disk6w,380928,53,8067940
63.6053,ram,190824448,65260421120,282588
63.6053,cpu,15742212,22465723,540660475
63.6053,gpu,30,5,0
63.8053,disk0,925520522313728,2084375229,12829797448121953
63.8053,disk0w,2189233815552,19745973,1284639557355
63.8053,disk4,1967235655680,3999938,35753365899550
63.8053,disk4w,2195456,171,27582691
63.8053,disk8,3083569997824,3092914,46561459705788
63.8053,disk8w,320163840,41745,1705073465
63.8053,disk6,3804977600512,6286330,76667978378952
63.8053,disk6w,380928,53,8067940
63.8053,ram,190824448,65260421120,282588
63.8053,cpu,15742212,22465723,540660475
63.8053,gpu,0,0,0
64.0053,disk0,925523023351808,2084380552,12829814294907958
64.0053,disk0w,2189233815552,19745973,1284639557355
64.0053,disk4,1968005638144,4001474,35758432719865
64.0053,disk4w,2195456,171,27582691
64.0053,disk8,3084263761920,3093625,46562486102296
64.0053,disk8w,320163840,41745,1705073465
64.0053,disk6,3806165403648,6288243,76675552328027
64.0053,disk6w,380928,53,8067940
64.0053,ram,190824448,65260421120,282588
64.0053,cpu,15742212,22465723,540660475
64.0053,gpu,0,0,0
64.2053,disk0,925525483696128,2084385246,12829829324282883
64.2053,disk0w,2189233815552,19745973,1284639557355
64.2053,disk4,1968597526528,4002629,35761859875032
64.2053,disk4w,2195456,171,27582691
64.2053,disk8,3084825798656,3094201,46563313255098
64.2053,disk8w,320163840,41745,1705073465
64.2053,disk6,3807304550400,6290275,76685968153265
64.2053,disk6w,380928,53,8067940
64.2053,ram,190824448,65260421120,282588
64.2053,cpu,15742212,22465723,540660475
64.2053,gpu,0,0,0
64.4054,disk0,925527757455360,2084393551,12829850846514987
64.4054,disk0w,2189233815552,19745973,1284639557355
64.4054,disk4,1969474889728,4004363,35766715265799
64.4054,disk4w,2195456,171,27582691
64.4054,disk8,3085362538496,3094751,46563952778541
64.4054,disk8w,320163840,41745,1705073465
64.4054,disk6,3808491968512,6292323,76695755790419
64.4054,disk6w,380928,53,8067940
64.4054,ram,177192960,63716818944,282588
64.4054,cpu,15742252,22465840,540662024
64.4054,gpu,0,0,0
64.6054,disk0,925529737043968,2084396939,12829859789255987
64.6054,disk0w,2189233815552,19745973,1284639557355
64.6054,disk4,1970019379200,4005453,35770750970280
64.6054,disk4w,2195456,171,27582691
64.6054,disk8,3085923444736,3095326,46565365421640
64.6054,disk8w,320163840,41745,1705073465
64.6054,disk6,3809665075200,6294445,76708359757681
64.6054,disk6w,380928,53,8067940
64.6054,ram,177192960,63716818944,282588
64.6054,cpu,15742252,22465840,540662024
64.6054,gpu,0,0,0
64.8041,disk0,925532003950592,2084404983,12829876695269154
64.8041,disk0w,2189233815552,19745973,1284639557355
64.8041,disk4,1970553661440,4006549,35774805153118
64.8041,disk4w,2195456,171,27582691
64.8041,disk8,3086450354176,3095866,46566033670050
64.8041,disk8w,320163840,41745,1705073465
64.8041,disk6,3810857228288,6296144,76717476445328
64.8041,disk6w,380928,53,8067940
64.8041,ram,177192960,63716818944,282588
64.8041,cpu,15742252,22465840,540662024
64.8041,gpu,0,0,0
65.0054,disk0,925534213206016,2084408625,12829887762603801
65.0054,disk0w,2189233815552,19745973,1284639557355
65.0054,disk4,1971176974336,4007826,35778680438350
65.0054,disk4w,2195456,171,27582691
65.0054,disk8,3087075960832,3096507,46566829021683
65.0054,disk8w,320163840,41745,1705073465
65.0054,disk6,3812119336960,6297686,76727134140840
65.0054,disk6w,380928,53,8067940
65.0054,ram,177192960,63716818944,282588
65.0054,cpu,15742252,22465840,540662024
65.0054,gpu,0,0,0
65.2054,disk0,925536208236544,2084412570,12829895376464314
65.2054,disk0w,2189233815552,19745973,1284639557355
65.2054,disk4,1971808692224,4009120,35784008423947
65.2054,disk4w,2195456,171,27582691
65.2054,disk8,3087610603520,3097055,46567544242719
65.2054,disk8w,320163840,41745,1705073465
65.2054,disk6,3813393250304,6299625,76740608845271
65.2054,disk6w,380928,53,8067940
65.2054,ram,177192960,63716818944,282588
65.2054,cpu,15742252,22465840,540662024
65.2054,gpu,0,0,0
65.4054,disk0,925538801332224,2084418257,12829914711753792
65.4054,disk0w,2189233815552,19745973,1284639557355
65.4054,disk4,1972485842944,4010479,35787682768491
65.4054,disk4w,2195456,171,27582691
65.4054,disk8,3088241846272,3097702,46568274465495
65.4054,disk8w,320163840,41745,1705073465
65.4054,disk6,3814563252224,6301427,76749030757347
65.4054,disk6w,380928,53,8067940
65.4054,ram,180404224,65336950784,282588
65.4054,cpu,15742294,22465962,540663678
65.4054,gpu,0,0,0
65.6015,disk0,925541298372608,2084423385,12829930394767847
65.6015,disk0w,2189233815552,19745973,1284639557355
65.6015,disk4,1973192067072,4011857,35793551069315
65.6015,disk4w,2195456,171,27582691
65.6015,disk8,3088724846592,3098197,46568869017953
65.6015,disk8w,320163840,41745,1705073465
65.6015,disk6,3815733458944,6303560,76759054569837
65.6015,disk6w,380928,53,8067940
65.6015,ram,180404224,65336950784,282588
65.6015,cpu,15742294,22465962,540663678
65.6015,gpu,0,0,0
65.8035,disk0,925543386890240,2084430355,12829948051437415
65.8035,disk0w,2189233815552,19745973,1284639557355
65.8035,disk4,1973961648128,4013377,35797479746767
65.8035,disk4w,2195456,171,27582691
65.8035,disk8,3089286883328,3098773,46569586454956
65.8035,disk8w,320163840,41745,1705073465
65.8035,disk6,3816962488320,6305615,76772153845033
65.8035,disk6w,380928,53,8067940
65.8035,ram,180404224,65336950784,282588
65.8035,cpu,15742294,22465962,540663678
65.8035,gpu,0,0,0
66.0054,disk0,925545404018688,2084436005,12829959440213242
66.0054,disk0w,2189233815552,19745973,1284639557355
66.0054,disk4,1974475892736,4014394,35799957754927
66.0054,disk4w,2195456,171,27582691
66.0054,disk8,3089787447296,3099286,46570221559031
66.0054,disk8w,320163840,41745,1705073465
66.0054,disk6,3818164168704,6307950,76786429040758
66.0054,disk6w,380928,53,8067940
66.0054,ram,180404224,65336950784,282588
66.0054,cpu,15742294,22465962,540663678
66.0054,gpu,0,0,0
66.2054,disk0,925547445223424,2084439888,12829971233139228
66.2054,disk0w,2189233815552,19745973,1284639557355
66.2054,disk4,1975164151808,4015807,35803964219016
66.2054,disk4w,2195456,171,27582691
66.2054,disk8,3090270414848,3099781,46570848854538
66.2054,disk8w,320163840,41745,1705073465
66.2054,disk6,3819357186048,6309823,76798938174171
66.2054,disk6w,380928,53,8067940
66.2054,ram,180404224,65336950784,282588
66.2054,cpu,15742294,22465962,540663678
66.2054,gpu,0,0,0
66.4011,disk0,925549756858368,2084444078,12829986434389366
66.4011,disk0w,2189234503680,19745989,1284639860142
66.4011,disk4,1975774390272,4017056,35807999610984
66.4011,disk4w,2195456,171,27582691
66.4011,disk8,3090902706176,3100429,46571598697565
66.4011,disk8w,320163840,41745,1705073465
66.4011,disk6,3820437157888,6311160,76805478608226
66.4011,disk6w,380928,53,8067940
66.4011,ram,61063168,65492271104,282631
66.4011,cpu,15742347,22466122,540665349
66.4011,gpu,0,0,0
66.6005,disk0,925551607799808,2084447526,12829993521859895
66.6005,disk0w,2189234503680,19745989,1284639860142
66.6005,disk4,1976443283456,4018426,35811993827685
66.6005,disk4w,2195456,171,27582691
66.6005,disk8,3091455961088,3100996,46572320435787
66.6005,disk8w,320163840,41745,1705073465
66.6005,disk6,3821828421632,6313203,76820683144750
66.6005,disk6w,380928,53,8067940
66.6005,ram,61063168,65492271104,282631
66.6005,cpu,15742347,22466122,540665349
66.6005,gpu,0,0,0
66.8015,disk0,925553927278592,2084452227,12830007080779332
66.8015,disk0w,2189234503680,19745989,1284639860142
66.8015,disk4,1977213265920,4019998,35816142026986
66.8015,disk4w,2195456,171,27582691
66.8015,disk8,3092059416576,3101614,46573104623994
66.8015,disk8w,320163840,41745,1705073465
66.8015,disk6,3823112198144,6315139,76832233802033
66.8015,disk6w,380928,53,8067940
66.8015,ram,61063168,65492271104,282631
66.8015,cpu,15742347,22466122,540665349
66.8015,gpu,0,0,0
67.0054,disk0,925556225896448,2084457201,12830020809799855
67.0054,disk0w,2189234503680,19745989,1284639860142
67.0054,disk4,1977792325632,4021120,35819207206689
67.0054,disk4w,2195456,171,27582691
67.0054,disk8,3092503095296,3102069,46573613386291
67.0054,disk8w,320163840,41745,1705073465
67.0054,disk6,3824443881472,6317463,76846958358379
67.0054,disk6w,380928,53,8067940
67.0054,ram,61063168,65492271104,282631
67.0054,cpu,15742347,22466122,540665349
67.0054,gpu,32,6,0
67.2054,disk0,925558230335488,2084461623,12830030287868269
67.2054,disk0w,2189234503680,19745989,1284639860142
67.2054,disk4,1978688088064,4022889,35826097326180
67.2054,disk4w,2195456,171,27582691
67.2054,disk8,3093115725824,3102697,46574405440862
67.2054,disk8w,320163840,41745,1705073465
67.2054,disk6,3825750767616,6319816,76860592175574
67.2054,disk6w,380928,53,8067940
67.2054,ram,61063168,65492271104,282631
67.2054,cpu,15742347,22466122,540665349
67.2054,gpu,26,6,0
67.4037,disk0,925560002367488,2084469190,12830043312259228
67.4037,disk0w,2189234503680,19745989,1284639860142
67.4037,disk4,1979354032128,4024205,35829492845710
67.4037,disk4w,2195456,171,27582691
67.4037,disk8,3093739235328,3103336,46575249794061
67.4037,disk8w,320163840,41745,1705073465
67.4037,disk6,3827042519040,6322028,76878042150214
67.4037,disk6w,380928,53,8067940
67.4037,ram,69484544,63949406208,282631
67.4037,cpu,15742384,22466238,540666906
67.4037,gpu,0,0,0
67.6054,disk0,925561864400896,2084472409,12830051624066029
67.6054,disk0w,2189234503680,19745989,1284639860142
67.6054,disk4,1980003280896,4025516,35836158280480
67.6054,disk4w,2195456,171,27582691
67.6054,disk8,3094213421056,3103822,46575901711898
67.6054,disk8w,320163840,41745,1705073465
67.6054,disk6,3828237637632,6324095,76891449893563
67.6054,disk6w,380928,53,8067940
67.6054,ram,69484544,63949406208,282631
67.6054,cpu,15742384,22466238,540666906
67.6054,gpu,0,0,0
67.8054,disk0,925564046811136,2084481999,12830068355927857
67.8054,disk0w,2189234503680,19745989,1284639860142
67.8054,disk4,1980792907776,4027135,35840643980326
67.8054,disk4w,2195456,171,27582691
67.8054,disk8,3094793021440,3104416,46576730090913
67.8054,disk8w,320163840,41745,1705073465
67.8054,disk6,3829416581120,6325676,76899729932914
67.8054,disk6w,380928,53,8067940
67.8054,ram,69484544,63949406208,282631
67.8054,cpu,15742384,22466238,540666906
67.8054,gpu,0,0,0
68.0054,disk0,925566001434624,2084485084,12830077244089623
68.0054,disk0w,2189234503680,19745989,1284639860142
68.0054,disk4,1981494798336,4028573,35845538324846
68.0054,disk4w,2195456,171,27582691
68.0054,disk8,3095319930880,3104956,46577346889862
68.0054,disk8w,320163840,41745,1705073465
68.0054,disk6,3830715504640,6327385,76911824678679
68.0054,disk6w,380928,53,8067940
68.0054,ram,69484544,63949406208,282631
68.0054,cpu,15742384,22466238,540666906
68.0054,gpu,47,5,0
68.2054,disk0,925568125300736,2084489535,12830091060792347
68.2054,disk0w,2189234503680,19745989,1284639860142
68.2054,disk4,1982392330240,4030412,35853301933587
68.2054,disk4w,2195456,171,27582691
68.2054,disk8,3095932168192,3105583,46578231304274
68.2054,disk8w,320163840,41745,1705073465
68.2054,disk6,3831904229376,6329191,76920280525943
68.2054,disk6w,380928,53,8067940
68.2054,ram,69484544,63949406208,282631
68.2054,cpu,15742384,22466238,540666906
68.2054,gpu,0,0,0
68.4054,disk0,925570508480512,2084494427,12830103511322163
68.4054,disk0w,2189234503680,19745989,1284639860142
68.4054,disk4,1983002437632,4031615,35856531396686
68.4054,disk4w,2195456,171,27582691
68.4054,disk8,3096462616576,3106127,46578864245132
68.4054,disk8w,320163840,41745,1705073465
68.4054,disk6,3833277667328,6331462,76935263404819
68.4054,disk6w,380928,53,8067940
68.4054,ram,76201984,65651359744,282631
68.4054,cpu,15742425,22466357,540668493
68.4054,gpu,0,0,0
68.6054,disk0,925572985200640,2084499602,12830120878702343
68.6054,disk0w,2189234520064,19745991,1284639910933
68.6054,disk4,1983862253568,4033299,35862233914140
68.6054,disk4w,2195456,171,27582691
68.6054,disk8,3097058732032,3106738,46579589454557
68.6054,disk8w,320163840,41745,1705073465
68.6054,disk6,3834407499776,6333633,76943997204485
68.6054,disk6w,380928,53,8067940
68.6054,ram,76201984,65651359744,282631
68.6054,cpu,15742425,22466357,540668493
68.6054,gpu,0,0,0
68.8054,disk0,925574621118464,2084506837,12830133988407018
68.8054,disk0w,2189234520064,19745991,1284639910933
68.8054,disk4,1984574351360,4034708,35866865398587
68.8054,disk4w,2195456,171,27582691
68.8054,disk8,3097489041408,3107179,46580058087784
68.8054,disk8w,320163840,41745,1705073465
68.8054,disk6,3835711567872,6335804,76961157116762
68.8054,disk6w,380928,53,8067940
68.8054,ram,76201984,65651359744,282631
68.8054,cpu,15742425,22466357,540668493
68.8054,gpu,0,0,0
69.0012,disk0,925576135675904,2084509479,12830140304140921
69.0012,disk0w,2189234520064,19745991,1284639910933
69.0012,disk4,1985188505600,4035935,35872718301698
69.0012,disk4w,2195456,171,27582691
69.0012,disk8,3097919268864,3107620,46581134750598
69.0012,disk8w,320163840,41745,1705073465
69.0012,disk6,3836832094208,6337968,76977662539886
69.0012,disk6w,380928,53,8067940
69.0012,ram,76201984,65651359744,282631
69.0012,cpu,15742425,22466357,540668493
69.0012,gpu,0,0,0
69.2005,disk0,925578129342464,2084517113,12830152665597676
69.2005,disk0w,2189234520064,19745991,1284639910933
69.2005,disk4,1985816160256,4037222,35875592336144
69.2005,disk4w,2195456,171,27582691
69.2005,disk8,3098498869248,3108214,46581942317445
69.2005,disk8w,320163840,41745,1705073465
69.2005,disk6,3838148929536,6339946,76990318963403
69.2005,disk6w,380928,53,8067940
69.2005,ram,76201984,65651359744,282631
69.2005,cpu,15742425,22466357,540668493
69.2005,gpu,0,0,0
69.4054,disk0,925580167012352,2084520532,12830160405415114
69.4054,disk0w,2189234520064,19745991,1284639910933
69.4054,disk4,1986478237696,4038579,35880188945706
69.4054,disk4w,2195456,171,27582691
69.4054,disk8,3098981869568,3108709,46582489010862
69.4054,disk8w,320163840,41745,1705073465
69.4054,disk6,3839515879424,6341497,77001656253592
69.4054,disk6w,380928,53,8067940
69.4054,ram,131825664,65215135744,282631
69.4054,cpu,15742470,22466491,540670164
69.4054,gpu,0,0,0
69.6054,disk0,925581943721984,2084524066,12830166340054459
69.6054,disk0w,2189234536448,19745995,1284639977682
69.6054,disk4,1987277318144,4040218,35886658180442
69.6054,disk4w,2195456,171,27582691
69.6054,disk8,3099491215360,3109231,46583150351327
69.6054,disk8w,320163840,41745,1705073465
69.6054,disk6,3840879454208,6343474,77015897251314
69.6054,disk6w,380928,53,8067940
69.6054,ram,131825664,65215135744,282631
69.6054,cpu,15742470,22466491,540670164
69.6054,gpu,0,0,0
69.8054,disk0,925583882489856,2084527949,12830177650074176
69.8054,disk0w,2189234536448,19745995,1284639977682
69.8054,disk4,1988004866048,4041699,35890496167997
69.8054,disk4w,2195456,171,27582691
69.8054,disk8,3099956652032,3109708,46583706302333
69.8054,disk8w,320163840,41745,1705073465
69.8054,disk6,3842151032832,6345222,77028352417650
69.8054,disk6w,380928,53,8067940
69.8054,ram,131825664,65215135744,282631
69.8054,cpu,15742470,22466491,540670164
69.8054,gpu,0,0,0
70.0054,disk0,925586365681664,2084533274,12830194575866384
70.0054,disk0w,2189234536448,19745995,1284639977682
70.0054,disk4,1988703234048,4043053,35894989940042
70.0054,disk4w,2195456,171,27582691
70.0054,disk8,3100477925376,3110242,46584322451737
70.0054,disk8w,320163840,41745,1705073465
70.0054,disk6,3843263309824,6347235,77039271587676
70.0054,disk6w,380928,53,8067940
70.0054,ram,131825664,65215135744,282631
70.0054,cpu,15742470,22466491,540670164
70.0054,gpu,0,0,0
70.2054,disk0,925588176289792,2084537107,12830202462293762
70.2054,disk0w,2189234536448,19745995,1284639977682
70.2054,disk4,1989513930752,4044658,35899036473598
70.2054,disk4w,2195456,171,27582691
70.2054,disk8,3101010470912,3110788,46585018818890
70.2054,disk8w,320163840,41745,1705073465
70.2054,disk6,3844630689792,6349702,77056212598093
70.2054,disk6w,380928,53,8067940
70.2054,ram,131825664,65215135744,282631
70.2054,cpu,15742470,22466491,540670164
70.2054,gpu,0,0,0
70.4006,disk0,925589786341376,2084548314,12830213719225538
70.4006,disk0w,2189234536448,19745995,1284639977682
70.4006,disk4,1990092990464,4045806,35903250012593
70.4006,disk4w,2195456,171,27582691
70.4006,disk8,3101467125760,3111256,46585518903182
70.4006,disk8w,320163840,41745,1705073465
70.4006,disk6,3845822167040,6351952,77075412990739
70.4006,disk6w,380928,53,8067940
70.4006,ram,160251904,63595659264,282631
70.4006,cpu,15742514,22466617,540671813
70.4006,gpu,0,0,0
70.6054,disk0,925591794900992,2084552035,12830223963697162
70.6054,disk0w,2189234536448,19745995,1284639977682
70.6054,disk4,1990819244032,4047277,35909443857637
70.6054,disk4w,2195456,171,27582691
70.6054,disk8,3102143211520,3111949,46588166456367
70.6054,disk8w,320163840,41745,1705073465
70.6054,disk6,3846919944192,6353984,77084972012144
70.6054,disk6w,380928,53,8067940
70.6054,ram,160448512,63595659264,282631
70.6054,cpu,15742514,22466617,540671813
70.6054,gpu,0,0,0
70.8054,disk0,925594098683904,2084557643,12830235144555822
70.8054,disk0w,2189234536448,19745995,1284639977682
70.8054,disk4,1991809230848,4049305,35918440586658
70.8054,disk4w,2195456,171,27582691
70.8054,disk8,3102670120960,3112489,46588851983216
70.8054,disk8w,320163840,41745,1705073465
70.8054,disk6,3848176302080,6355667,77092580434949
70.8054,disk6w,380928,53,8067940
70.8054,ram,160448512,63595659264,282631
70.8054,cpu,15742514,22466617,540671813
70.8054,gpu,0,0,0
71.0054,disk0,925596365975552,2084561971,12830246382406540
71.0054,disk0w,2189234536448,19745995,1284639977682
71.0054,disk4,1992505747456,4050732,35922781170805
71.0054,disk4w,2195456,171,27582691
71.0054,disk8,3103319975936,3113155,46589550101243
71.0054,disk8w,320163840,41745,1705073465
71.0054,disk6,3849525114880,6357582,77103948990261
71.0054,disk6w,380928,53,8067940
71.0054,ram,160448512,63595659264,282631
71.0054,cpu,15742514,22466617,540671813
71.0054,gpu,0,0,0
71.2054,disk0,925598445162496,2084566412,12830257202041662
71.2054,disk0w,2189234536448,19745995,1284639977682
71.2054,disk4,1993348016128,4052460,35929851399157
71.2054,disk4w,2195456,171,27582691
71.2054,disk8,3103884109824,3113733,46590389700266
71.2054,disk8w,320163840,41745,1705073465
71.2054,disk6,3850838882304,6359558,77115013296315
71.2054,disk6w,380928,53,8067940
71.2054,ram,160448512,63595659264,282631
71.2054,cpu,15742514,22466617,540671813
71.2054,gpu,0,0,0
71.4054,disk0,925600465121280,2084570526,12830268796869779
71.4054,disk0w,2189238075392,19746240,1284647256807
71.4054,disk4,1993856886784,4053454,35931888239460
71.4054,disk4w,2195456,171,27582691
71.4054,disk8,3104435267584,3114298,46591088776044
71.4054,disk8w,320163840,41745,1705073465
71.4054,disk6,3852156389376,6361818,77131446685858
71.4054,disk6w,380928,53,8067940
71.4054,ram,182059008,65405272064,282631
71.4054,cpu,15742563,22466780,540673346
71.4054,gpu,28,6,0
71.6054,disk0,925602783703040,2084575421,12830284785714823
71.6054,disk0w,2189238075392,19746240,1284647256807
71.6054,disk4,1994811779072,4055333,35940772184510
71.6054,disk4w,2195456,171,27582691
71.6054,disk8,3104970958848,3114847,46591725148992
71.6054,disk8w,320163840,41745,1705073465
71.6054,disk6,3853261916160,6363785,77138871120254
71.6054,disk6w,380928,53,8067940
71.6054,ram,182059008,65405272064,282631
71.6054,cpu,15742563,22466780,540673346
71.6054,gpu,0,0,0
71.8054,disk0,925604599672832,2084586561,12830296636799768
71.8054,disk0w,2189238075392,19746240,1284647256807
71.8054,disk4,1995532658688,4056764,35947870909536
71.8054,disk4w,2195456,171,27582691
71.8054,disk8,3105576904704,3115468,46592535315083
71.8054,disk8w,320163840,41745,1705073465
71.8054,disk6,3854570280960,6366016,77154198945199
71.8054,disk6w,380928,53,8067940
71.8054,ram,182059008,65405272064,282631
71.8054,cpu,15742563,22466780,540673346
71.8054,gpu,31,7,0
72.0054,disk0,925606594244608,2084590141,12830308063711742
72.0054,disk0w,2189238079488,19746241,1284647277807
72.0054,disk4,1996032378880,4057763,35950393639705
72.0054,disk4w,2195456,171,27582691
72.0054,disk8,3106013472768,3115915,46593160109723
72.0054,disk8w,320163840,41745,1705073465
72.0054,disk6,3855730186240,6368264,77168605989907
72.0054,disk6w,380928,53,8067940
72.0054,ram,182059008,65405272064,282631
72.0054,cpu,15742563,22466780,540673346
72.0054,gpu,0,0,0
72.2037,disk0,925608860512256,2084598310,12830320468186836
72.2037,disk0w,2189238079488,19746241,1284647277807
72.2037,disk4,1996857485312,4059455,35955527335265
72.2037,disk4w,2195456,171,27582691
72.2037,disk8,3106604345344,3116521,46593957146351
72.2037,disk8w,320163840,41745,1705073465
72.2037,disk6,3857061550080,6370181,77178597630047
72.2037,disk6w,380928,53,8067940
72.2037,ram,182059008,65405272064,282631
72.2037,cpu,15742563,22466780,540673346
72.2037,gpu,0,0,0
72.4054,disk0,925611128934400,2084602096,12830329803149226
72.4054,disk0w,2189238079488,19746241,1284647277807
72.4054,disk4,1997699753984,4061181,35962549518650
72.4054,disk4w,2195456,171,27582691
72.4054,disk8,3107280545792,3117214,46595070629378
72.4054,disk8w,320163840,41745,1705073465
72.4054,disk6,3858332035072,6371796,77187103302867
72.4054,disk6w,380928,53,8067940
72.4054,ram,215842816,65194262528,282631
72.4054,cpu,15742652,22466922,540674946
72.4054,gpu,0,0,0
72.6054,disk0,925613079261184,2084606302,12830340093169494
72.6054,disk0w,2189238079488,19746241,1284647277807
72.6054,disk4,1998417242112,4062650,35967540722284
72.6054,disk4w,2195456,171,27582691
72.6054,disk8,3107804964864,3117751,46595857307608
72.6054,disk8w,320163840,41745,1705073465
72.6054,disk6,3859664332800,6373845,77201575330766
72.6054,disk6w,380928,53,8067940
72.6054,ram,215842816,65194262528,282631
72.6054,cpu,15742654,22466926,540674963
72.6054,gpu,0,0,0
72.8054,disk0,925615182348288,2084611047,12830352910870043
72.8054,disk0w,2189238079488,19746241,1284647277807
72.8054,disk4,1998937892864,4063684,35970793389930
72.8054,disk4w,2195456,171,27582691
72.8054,disk8,3108369491968,3118330,46596678079859
72.8054,disk8w,320163840,41745,1705073465
72.8054,disk6,3860923955200,6375875,77215120185274
72.8054,disk6w,380928,53,8067940
72.8054,ram,215842816,65194262528,282631
72.8054,cpu,15742654,22466926,540674963
72.8054,gpu,0,0,0
73.0054,disk0,925617439064064,2084615622,12830364910106047
73.0054,disk0w,2189238079488,19746241,1284647277807
73.0054,disk4,1999617124352,4065013,35974896480431
73.0054,disk4w,2195456,171,27582691
73.0054,disk8,3108896401408,3118870,46597252652970
73.0054,disk8w,320163840,41745,1705073465
73.0054,disk6,3862266398720,6378230,77229114713161
73.0054,disk6w,380928,53,8067940
73.0054,ram,215842816,65194262528,282631
73.0054,cpu,15742654,22466926,540674963
73.0054,gpu,0,0,0
73.2054,disk0,925619316387840,2084623704,12830379091066022
73.2054,disk0w,2189238079488,19746241,1284647277807
73.2054,disk4,2000314296320,4066391,35978760380180
73.2054,disk4w,2195456,171,27582691
73.2054,disk8,3109405747200,3119392,46597897244724
73.2054,disk8w,320163840,41745,1705073465
73.2054,disk6,3863523985408,6380321,77244421873425
73.2054,disk6w,380928,53,8067940
73.2054,ram,215842816,65194262528,282631
73.2054,cpu,15742654,22466926,540674963
73.2054,gpu,0,0,0
73.4054,disk0,925621246418944,2084627224,12830387354374370
73.4054,disk0w,2189238079488,19746241,1284647277807
73.4054,disk4,2000928450560,4067609,35982648677111
73.4054,disk4w,2195456,171,27582691
73.4054,disk8,3109836056576,3119833,46598478015583
73.4054,disk8w,320163840,41745,1705073465
73.4054,disk6,3864725817344,6382819,77260245907883
73.4054,disk6w,380928,53,8067940
73.4054,ram,228507648,64798932992,282631
73.4054,cpu,15742696,22467046,540676559
73.4054,gpu,27,7,0
73.6054,disk0,925623341686784,2084636695,12830402325055654
73.6054,disk0w,2189238095872,19746245,1284647352722
73.6054,disk4,2001682982912,4069157,35989635511780
73.6054,disk4w,2195456,171,27582691
73.6054,disk8,3110380496896,3120391,46599265583893
73.6054,disk8w,320163840,41745,1705073465
73.6054,disk6,3865952454656,6384760,77270568992183
73.6054,disk6w,380928,53,8067940
73.6054,ram,226951168,65114505216,282631
73.6054,cpu,15742696,22467051,540676610
73.6054,gpu,0,0,0
73.8054,disk0,925625701625856,2084640657,12830414796605548
73.8054,disk0w,2189238095872,19746245,1284647352722
73.8054,disk4,2002367326208,4070558,35994261344926
73.8054,disk4w,2195456,171,27582691
73.8054,disk8,3110802024448,3120823,46599744177163
73.8054,disk8w,320163840,41745,1705073465
73.8054,disk6,3867236747264,6386150,77278561960303
73.8054,disk6w,380928,53,8067940
73.8054,ram,226951168,65114505216,282631
73.8054,cpu,15742696,22467051,540676610
73.8054,gpu,0,0,0
74.0054,disk0,925627843575808,2084644603,12830422207929373
74.0054,disk0w,2189238095872,19746245,1284647352722
74.0054,disk4,2003086764032,4072034,35998850413105
74.0054,disk4w,2195456,171,27582691
74.0054,disk8,3111346497536,3121381,46600394291136
74.0054,disk8w,320163840,41745,1705073465
74.0054,disk6,3868634646528,6388194,77292897127331
74.0054,disk6w,380928,53,8067940
74.0054,ram,226951168,65114505216,282631
74.0054,cpu,15742696,22467051,540676610
74.0054,gpu,0,0,0
74.2018,disk0,925630058778624,2084649117,12830435479128240
74.2018,disk0w,2189238095872,19746245,1284647352722
74.2018,disk4,2003692677120,4073265,36004225140269
74.2018,disk4w,2195456,171,27582691
74.2018,disk8,3111843522560,3121890,46601008414499
74.2018,disk8w,320163840,41745,1705073465
74.2018,disk6,3869826648064,6389871,77303143725299
74.2018,disk6w,380928,53,8067940
74.2018,ram,226951168,65114505216,282631
74.2018,cpu,15742696,22467051,540676610
74.2018,gpu,0,0,0
74.4007,disk0,925632554586112,2084654510,12830454408784410
74.4007,disk0w,2189238095872,19746245,1284647352722
74.4007,disk4,2004491610112,4074817,36009125274293
74.4007,disk4w,2195456,171,27582691
74.4007,disk8,3112400316416,3122461,46601656950719
74.4007,disk8w,320163840,41745,1705073465
74.4007,disk6,3871034951680,6392062,77311572252980
74.4007,disk6w,380928,53,8067940
74.4007,ram,240058368,65357447168,282631
74.4007,cpu,15742734,22467167,540678129
74.4007,gpu,0,0,0
74.6054,disk0,925634686312448,2084659259,12830464796310556
74.6054,disk0w,2189238095872,19746245,1284647352722
74.6054,disk4,2005411784704,4076636,36015829116027
74.6054,disk4w,2195456,171,27582691
74.6054,disk8,3113015044096,3123091,46602378491463
74.6054,disk8w,320163840,41745,1705073465
74.6054,disk6,3872440670208,6394472,77325779425032
74.6054,disk6w,380928,53,8067940
74.6054,ram,238354432,65357463552,282631
74.6054,cpu,15742734,22467167,540678129
74.6054,gpu,0,0,0
74.8050,disk0,925636599779328,2084671536,12830480359803073
74.8050,disk0w,2189238095872,19746245,1284647352722
74.8050,disk4,2005982177280,4077765,36019249216357
74.8050,disk4w,2195456,171,27582691
74.8050,disk8,3113473796096,3123561,46602861833685
74.8050,disk8w,320163840,41745,1705073465
74.8050,disk6,3873690900480,6396900,77342268033737
74.8050,disk6w,380928,53,8067940
74.8050,ram,238354432,65357463552,282631
74.8050,cpu,15742734,22467167,540678129
74.8050,gpu,0,0,0
75.0054,disk0,925638189977600,2084674571,12830487469237543
75.0054,disk0w,2189238095872,19746245,1284647352722
75.0054,disk4,2006675187712,4079170,36025135518642
75.0054,disk4w,2195456,171,27582691
75.0054,disk8,3113954617344,3124054,46603968954773
75.0054,disk8w,320163840,41745,1705073465
75.0054,disk6,3874802362368,6398873,77354169398488
75.0054,disk6w,380928,53,8067940
75.0054,ram,238354432,65357463552,282631
75.0054,cpu,15742734,22467167,540678129
75.0054,gpu,0,0,0
75.2021,disk0,925640207503360,2084677858,12830497811726846
75.2021,disk0w,2189238095872,19746245,1284647352722
75.2021,disk4,2007438116864,4080735,36029785151666
75.2021,disk4w,2195456,171,27582691
75.2021,disk8,3114507872256,3124621,46604649117583
75.2021,disk8w,320163840,41745,1705073465
75.2021,disk6,3876089063424,6400595,77364907682664
75.2021,disk6w,380928,53,8067940
75.2021,ram,238354432,65357463552,282631
75.2021,cpu,15742734,22467167,540678129
75.2021,gpu,0,0,0
75.4054,disk0,925642440646656,2084681781,12830507041864359
75.4054,disk0w,2189238095872,19746245,1284647352722
75.4054,disk4,2008210581504,4082317,36034314580051
75.4054,disk4w,2195456,171,27582691
75.4054,disk8,3115008436224,3125134,46605235924737
75.4054,disk8w,320163840,41745,1705073465
75.4054,disk6,3877523122176,6402490,77377198878297
75.4054,disk6w,380928,53,8067940
75.4054,ram,241549312,65167654912,282631
75.4054,cpu,15742772,22467296,540679789
75.4054,gpu,0,0,0
75.6054,disk0,925644757385216,2084686696,12830521517692051
75.6054,disk0w,2189238095872,19746245,1284647352722
75.6054,disk4,2009096955904,4084135,36041457540077
75.6054,disk4w,2195456,171,27582691
75.6054,disk8,3115583449088,3125723,46605989037419
75.6054,disk8w,320163840,41745,1705073465
75.6054,disk6,3878772910080,6404342,77386139836563
75.6054,disk6w,380928,53,8067940
75.6054,ram,244826112,65200488448,282631
75.6054,cpu,15742774,22467298,540679805
75.6054,gpu,0,0,0
75.8005,disk0,925646862520320,2084691242,12830533015531101
75.8005,disk0w,2189238095872,19746245,1284647352722
75.8005,disk4,2009703688192,4085324,36044338289732
75.8005,disk4w,2195456,171,27582691
75.8005,disk8,3116097382400,3126250,46606647604207
75.8005,disk8w,320163840,41745,1705073465
75.8005,disk6,3880032925696,6406417,77400278463022
75.8005,disk6w,380928,53,8067940
75.8005,ram,244826112,65200488448,282631
75.8005,cpu,15742774,22467298,540679805
75.8005,gpu,0,0,0
76.0054,disk0,925649463730176,2084696667,12830550367902072
76.0054,disk0w,2189238095872,19746245,1284647352722
76.0054,disk4,2010518054912,4086926,36051062717575
76.0054,disk4w,2195456,171,27582691
76.0054,disk8,3116662564864,3126829,46607492654135
76.0054,disk8w,320163840,41745,1705073465
76.0054,disk6,3881194240000,6408667,77409027262005
76.0054,disk6w,380928,53,8067940
76.0054,ram,244826112,65200488448,282631
76.0054,cpu,15742774,22467298,540679805
76.0054,gpu,0,0,0
76.2054,disk0,925651457208320,2084707327,12830568687086547
76.2054,disk0w,2189238095872,19746245,1284647352722
76.2054,disk4,2011270637568,4088418,36056592168699
76.2054,disk4w,2195456,171,27582691
76.2054,disk8,3117195110400,3127375,46608087837783
76.2054,disk8w,320163840,41745,1705073465
76.2054,disk6,3882349950976,6410639,77420362388172
76.2054,disk6w,380928,53,8067940
76.2054,ram,244826112,65200488448,282631
76.2054,cpu,15742774,22467298,540679805
76.2054,gpu,0,0,0
76.4034,disk0,925653250412544,2084710444,12830577220268312
76.4034,disk0w,2189238095872,19746245,1284647352722
76.4034,disk4,2011904288768,4089684,36061515864900
76.4034,disk4w,2195456,171,27582691
76.4034,disk8,3117687875584,3127880,46609314593878
76.4034,disk8w,320163840,41745,1705073465
76.4034,disk6,3883481348096,6412826,77434251331425
76.4034,disk6w,380928,53,8067940
76.4034,ram,256065536,65160413184,282631
76.4034,cpu,15742818,22467443,540681323
76.4034,gpu,0,0,0
76.6054,disk0,925655705739264,2084715438,12830590808240631
76.6054,disk0w,2189238095872,19746245,1284647352722
76.6054,disk4,2012691449856,4091298,36067674774329
76.6054,disk4w,2195456,171,27582691
76.6054,disk8,3118336681984,3128545,46610217843898
76.6054,disk8w,320163840,41745,1705073465
76.6054,disk6,3884791789568,6414834,77443028671120
76.6054,disk6w,380928,53,8067940
76.6054,ram,256065536,65160413184,282631
76.6054,cpu,15742818,22467443,540681323
76.6054,gpu,0,0,0
76.8054,disk0,925658083151872,2084718989,12830601299608435
76.8054,disk0w,2189238095872,19746245,1284647352722
76.8054,disk4,2013457229824,4092868,36073745776529
76.8054,disk4w,2195456,171,27582691
76.8054,disk8,3118898718720,3129121,46610891209545
76.8054,disk8w,320163840,41745,1705073465
76.8054,disk6,3885991360512,6416341,77451407471172
76.8054,disk6w,380928,53,8067940
76.8054,ram,256065536,65160413184,282631
76.8054,cpu,15742818,22467443,540681323
76.8054,gpu,0,0,0
77.0022,disk0,925660384894976,2084723521,12830612234747628
77.0022,disk0w,2189238095872,19746245,1284647352722
77.0022,disk4,2013931784192,4093842,36075836149156
77.0022,disk4w,2195456,171,27582691
77.0022,disk8,3119531010048,3129769,46611783860200
77.0022,disk8w,320163840,41745,1705073465
77.0022,disk6,3887383672832,6418496,77465839363408
77.0022,disk6w,380928,53,8067940
77.0022,ram,256065536,65160413184,282631
77.0022,cpu,15742818,22467443,540681323
77.0022,gpu,31,4,0
77.2054,disk0,925662706356224,2084728252,12830623257616005
77.2054,disk0w,2189238095872,19746245,1284647352722
77.2054,disk4,2014672726016,4095323,36080609043650
77.2054,disk4w,2195456,171,27582691
77.2054,disk8,3120172083200,3130426,46612560866687
77.2054,disk8w,320163840,41745,1705073465
77.2054,disk6,3888742823936,6420680,77479456588059
77.2054,disk6w,380928,53,8067940
77.2054,ram,256065536,65160413184,282631
77.2054,cpu,15742818,22467443,540681323
77.2054,gpu,0,0,0
77.4054,disk0,925665022316544,2084732821,12830639292709119
77.4054,disk0w,2189238095872,19746245,1284647352722
77.4054,disk4,2015343568896,4096631,36084257925595
77.4054,disk4w,2195456,171,27582691
77.4054,disk8,3120786810880,3131056,46613409710808
77.4054,disk8w,320163840,41745,1705073465
77.4054,disk6,3889948428288,6422806,77490174307189
77.4054,disk6w,380928,53,8067940
77.4054,ram,263421952,65321910272,282631
77.4054,cpu,15742864,22467571,540682985
77.4054,gpu,0,0,0
77.6054,disk0,925667322228736,2084738191,12830657477691114
77.6054,disk0w,2189238095872,19746245,1284647352722
77.6054,disk4,2015950006272,4097827,36086916393331
77.6054,disk4w,2195456,171,27582691
77.6054,disk8,3121234683904,3131515,46613940858914
77.6054,disk8w,320163840,41745,1705073465
77.6054,disk6,3891187390464,6424957,77501859611845
77.6054,disk6w,380928,53,8067940
77.6054,ram,263421952,65321910272,282631
77.6054,cpu,15742866,22467577,540683035
77.6054,gpu,0,0,0
77.8054,disk0,925669645615104,2084744518,12830671015113493
77.8054,disk0w,2189238095872,19746245,1284647352722
77.8054,disk4,2016685033472,4099282,36091943781944
77.8054,disk4w,2195456,171,27582691
77.8054,disk8,3121806551040,3132101,46614685964969
77.8054,disk8w,320163840,41745,1705073465
77.8054,disk6,3892414670848,6427361,77514785404875
77.8054,disk6w,380928,53,8067940
77.8054,ram,263421952,65321910272,282631
77.8054,cpu,15742866,22467577,540683035
77.8054,gpu,0,0,0
78.0054,disk0,925671494680576,2084749071,12830683142145019
78.0054,disk0w,2189238095872,19746245,1284647352722
78.0054,disk4,2017327458304,4100595,36096998637300
78.0054,disk4w,2195456,171,27582691
78.0054,disk8,3122464073728,3132775,46616126598864
78.0054,disk8w,320163840,41745,1705073465
78.0054,disk6,3893497538560,6429159,77524754713656
78.0054,disk6w,380928,53,8067940
78.0054,ram,263421952,65321910272,282631
78.0054,cpu,15742866,22467577,540683035
78.0054,gpu,0,0,0
78.2054,disk0,925673732673536,2084753018,12830694374232938
78.2054,disk0w,2189238095872,19746245,1284647352722
78.2054,disk4,2018119706624,4102217,36103585918194
78.2054,disk4w,2195456,171,27582691
78.2054,disk8,3123181692928,3133510,46617251295994
78.2054,disk8w,320163840,41745,1705073465
78.2054,disk6,3894775670784,6430608,77531908596571
78.2054,disk6w,380928,53,8067940
78.2054,ram,263421952,65321910272,282631
78.2054,cpu,15742866,22467577,540683035
78.2054,gpu,0,0,0
78.4054,disk0,925676060397568,2084757538,12830707483504932
78.4054,disk0w,2189238095872,19746245,1284647352722
78.4054,disk4,2018870568960,4103756,36108125153424
78.4054,disk4w,2195456,171,27582691
78.4054,disk8,3123719874560,3134062,46618047345058
78.4054,disk8w,320163840,41745,1705073465
78.4054,disk6,3896067680256,6432434,77541893178412
78.4054,disk6w,380928,53,8067940
78.4054,ram,299909120,65224392704,282631
78.4054,cpu,15742904,22467697,540684597
78.4054,gpu,0,0,0
78.6029,disk0,925678289776640,2084762129,12830720538459394
78.6029,disk0w,2189238095872,19746245,1284647352722
78.6029,disk4,2019704076288,4105447,36113496236057
78.6029,disk4w,2195456,171,27582691
78.6029,disk8,3124230268928,3134585,46618693489751
78.6029,disk8w,320163840,41745,1705073465
78.6029,disk6,3897272547328,6434255,77552267947560
78.6029,disk6w,380928,53,8067940
78.6029,ram,300597248,65257996288,282631
78.6029,cpu,15742904,22467697,540684616
78.6029,gpu,0,0,0
78.8054,disk0,925680972787712,2084767946,12830742724552071
78.8054,disk0w,2189238095872,19746245,1284647352722
78.8054,disk4,2020438718464,4106876,36118986939329
78.8054,disk4w,2195456,171,27582691
78.8054,disk8,3124800038912,3135169,46619468172224
78.8054,disk8w,320163840,41745,1705073465
78.8054,disk6,3898303199232,6436045,77558340086606
78.8054,disk6w,380928,53,8067940
78.8054,ram,300597248,65257996288,282631
78.8054,cpu,15742904,22467697,540684616
78.8054,gpu,0,0,0
79.0048,disk0,925683220951040,2084772680,12830754919843170
79.0048,disk0w,2189238095872,19746245,1284647352722
79.0048,disk4,2021195593728,4108368,36124627976155
79.0048,disk4w,2195456,171,27582691
79.0048,disk8,3125423548416,3135808,46620275542379
79.0048,disk8w,320163840,41745,1705073465
79.0048,disk6,3899557165056,6438240,77569569916197
79.0048,disk6w,380928,53,8067940
79.0048,ram,300597248,65257996288,282631
79.0048,cpu,15742904,22467697,540684616
79.0048,gpu,0,0,0
79.2054,disk0,925685754281984,2084778965,12830772234003985
79.2054,disk0w,2189238095872,19746245,1284647352722
79.2054,disk4,2021932578816,4109826,36129564519532
79.2054,disk4w,2195456,171,27582691
79.2054,disk8,3126047057920,3136447,46621030646910
79.2054,disk8w,320163840,41745,1705073465
79.2054,disk6,3900864489472,6440829,77580449210827
79.2054,disk6w,380928,53,8067940
79.2054,ram,300597248,65257996288,282631
79.2054,cpu,15742904,22467697,540684616
79.2054,gpu,0,0,0
79.4054,disk0,925687609765888,2084785190,12830783844873667
79.4054,disk0w,2189238095872,19746245,1284647352722
79.4054,disk4,2022515832832,4111019,36132972047827
79.4054,disk4w,2195456,171,27582691
79.4054,disk8,3126644107264,3137059,46623115874328
79.4054,disk8w,320163840,41745,1705073465
79.4054,disk6,3902017202176,6442766,77593043151046
79.4054,disk6w,380928,53,8067940
79.4054,ram,297746432,65331625984,282631
79.4054,cpu,15742944,22467822,540686199
79.4054,gpu,0,0,0
79.6054,disk0,925689754042368,2084790067,12830795064548456
79.6054,disk0w,2189238095872,19746245,1284647352722
79.6054,disk4,2023449507840,4112934,36143454162291
79.6054,disk4w,2195456,171,27582691
79.6054,disk8,3127093028864,3137519,46623682646286
79.6054,disk8w,320163840,41745,1705073465
79.6054,disk6,3903268386816,6444334,77599422671395
79.6054,disk6w,380928,53,8067940
79.6054,ram,297746432,65331625984,282631
79.6054,cpu,15742944,22467822,540686199
79.6054,gpu,0,0,0
79.8054,disk0,925691899396096,2084794121,12830803703830333
79.8054,disk0w,2189238095872,19746245,1284647352722
79.8054,disk4,2024388294656,4114855,36150446743852
79.8054,disk4w,2195456,171,27582691
79.8054,disk8,3127750617088,3138193,46624545928968
79.8054,disk8w,320163840,41745,1705073465
79.8054,disk6,3904606242816,6446115,77609663706256
79.8054,disk6w,380928,53,8067940
79.8054,ram,297746432,65331625984,282631
79.8054,cpu,15742944,22467822,540686199
79.8054,gpu,0,0,0
80.0054,disk0,925694182940672,2084798779,12830815141244185
80.0054,disk0w,2189238095872,19746245,1284647352722
80.0054,disk4,2025187604480,4116495,36156880704886
80.0054,disk4w,2195456,171,27582691
80.0054,disk8,3128365344768,3138823,46625376636629
80.0054,disk8w,320163840,41745,1705073465
80.0054,disk6,3905776289792,6447827,77619935734514
80.0054,disk6w,380928,53,8067940
80.0054,ram,297746432,65331625984,282631
80.0054,cpu,15742944,22467822,540686199
80.0054,gpu,0,0,0
80.2011,disk0,925696633876480,2084803763,12830834516638165
80.2011,disk0w,2189238095872,19746245,1284647352722
80.2011,disk4,2025804920832,4117693,36160362609915
80.2011,disk4w,2195456,171,27582691
80.2011,disk8,3128857126912,3139327,46626045725005
80.2011,disk8w,320163840,41745,1705073465
80.2011,disk6,3906875623424,6449590,77627626631101
80.2011,disk6w,380928,53,8067940
80.2011,ram,297746432,65331625984,282631
80.2011,cpu,15742944,22467822,540686199
80.2011,gpu,0,0,0
80.4016,disk0,925699046293504,2084809159,12830847595528134
80.4016,disk0w,2189238095872,19746245,1284647352722
80.4016,disk4,2026607736832,4119276,36164702324385
80.4016,disk4w,2195456,171,27582691
80.4016,disk8,3129471854592,3139957,46626761575797
80.4016,disk8w,320163840,41745,1705073465
80.4016,disk6,3908243007488,6451994,77641603958977
80.4016,disk6w,380928,53,8067940
80.4016,ram,301957120,65381220352,282631
80.4016,cpu,15742985,22467942,540687823
80.4016,gpu,0,0,0
80.6054,disk0,925701008674816,2084817130,12830861103695685
80.6054,disk0w,2189238095872,19746245,1284647352722
80.6054,disk4,2027407341568,4120857,36170964059775
80.6054,disk4w,2195456,171,27582691
80.6054,disk8,3130060236800,3140560,46627749663896
80.6054,disk8w,320163840,41745,1705073465
80.6054,disk6,3909519521792,6454123,77654541197522
80.6054,disk6w,380928,53,8067940
80.6054,ram,299712512,63777669120,282631
80.6054,cpu,15742986,22467948,540687881
80.6054,gpu,0,0,0
80.8013,disk0,925702876246016,2084820423,12830870675531820
80.8013,disk0w,2189238505472,19746286,1284648007791
80.8013,disk4,2028056590336,4122151,36176638223758
80.8013,disk4w,2195456,171,27582691
80.8013,disk8,3130446587904,3140956,46628533231427
80.8013,disk8w,320163840,41745,1705073465
80.8013,disk6,3910533560320,6456125,77666970490800
80.8013,disk6w,380928,53,8067940
80.8013,ram,299712512,63777669120,282631
80.8013,cpu,15742986,22467948,540687881
80.8013,gpu,0,0,0
81.0054,disk0,925705090490368,2084831358,12830887548874222
81.0054,disk0w,2189238505472,19746286,1284648007791
81.0054,disk4,2028638271488,4123342,36179597003453
81.0054,disk4w,2195456,171,27582691
81.0054,disk8,3131056728064,3141581,46629552008603
81.0054,disk8w,320163840,41745,1705073465
81.0054,disk6,3911880869888,6458183,77678676903809
81.0054,disk6w,380928,53,8067940
81.0054,ram,299712512,63777669120,282631
81.0054,cpu,15742986,22467948,540687881
81.0054,gpu,25,5,0
81.2054,disk0,925707315261440,2084834918,12830899362690034
81.2054,disk0w,2189238505472,19746286,1284648007791
81.2054,disk4,2029279565824,4124653,36182888003970
81.2054,disk4w,2195456,171,27582691
81.2054,disk8,3131649697792,3142189,46630354354077
81.2054,disk8w,320163840,41745,1705073465
81.2054,disk6,3913172813824,6459767,77687134077415
81.2054,disk6w,380928,53,8067940
81.2054,ram,299712512,63777669120,282631
81.2054,cpu,15742986,22467948,540687881
81.2054,gpu,0,0,0
81.4014,disk0,925709666373632,2084839536,12830916604413484
81.4014,disk0w,2189238505472,19746286,1284648007791
81.4014,disk4,2029910980608,4125948,36187567262717
81.4014,disk4w,2195456,171,27582691
81.4014,disk8,3132220516352,3142774,46631104969223
81.4014,disk8w,320163840,41745,1705073465
81.4014,disk6,3914263648256,6461355,77694343687088
81.4014,disk6w,380928,53,8067940
81.4014,ram,296534016,65212153856,282631
81.4014,cpu,15743038,22468095,540689399
81.4014,gpu,43,6,0
81.6054,disk0,925712175718400,2084844653,12830929945695025
81.6054,disk0w,2189238513664,19746288,1284648054665
81.6054,disk4,2030478112768,4127105,36190685552163
81.6054,disk4w,2195456,171,27582691
81.6054,disk8,3132833802240,3143402,46631833564362
81.6054,disk8w,320163840,41745,1705073465
81.6054,disk6,3915649538048,6463414,77705219198691
81.6054,disk6w,380928,53,8067940
81.6054,ram,299155456,65192755200,282631
81.6054,cpu,15743043,22468109,540689517
81.6054,gpu,0,0,0
81.8011,disk0,925714583879680,2084849423,12830945663021438
81.8011,disk0w,2189238513664,19746288,1284648054665
81.8011,disk4,2031180003328,4128467,36193601975362
81.8011,disk4w,2195456,171,27582691
81.8011,disk8,3133397280768,3143980,46632457935168
81.8011,disk8w,320163840,41745,1705073465
81.8011,disk6,3916879734784,6465709,77716888015050
81.8011,disk6w,380928,53,8067940
81.8011,ram,299155456,65192755200,282631
81.8011,cpu,15743043,22468109,540689517
81.8011,gpu,0,0,0
82.0054,disk0,925716636184576,2084853820,12830954787864367
82.0054,disk0w,2189238513664,19746288,1284648054665
82.0054,disk4,2031904176128,4129899,36197682773666
82.0054,disk4w,2195456,171,27582691
82.0054,disk8,3134029572096,3144628,46633349421324
82.0054,disk8w,320163840,41745,1705073465
82.0054,disk6,3918216480768,6468081,77731248830267
82.0054,disk6w,380928,53,8067940
82.0054,ram,299155456,65192755200,282631
82.0054,cpu,15743043,22468109,540689517
82.0054,gpu,27,6,0
82.2054,disk0,925718677233664,2084862090,12830969495132258
82.2054,disk0w,2189238513664,19746288,1284648054665
82.2054,disk4,2032515201024,4131108,36201343640297
82.2054,disk4w,2195456,171,27582691
82.2054,disk8,3134600390656,3145213,46634286555951
82.2054,disk8w,320163840,41745,1705073465
82.2054,disk6,3919478118400,6470540,77746918428736
82.2054,disk6w,380928,53,8067940
82.2054,ram,299155456,65192755200,282631
82.2054,cpu,15743043,22468109,540689517
82.2054,gpu,0,0,0
82.4054,disk0,925720770580480,2084866195,12830983459574295
82.4054,disk0w,2189238513664,19746288,1284648054665
82.4054,disk4,2033171642368,4132432,36206605484063
82.4054,disk4w,2195456,171,27582691
82.4054,disk8,3135144765440,3145771,46636315985760
82.4054,disk8w,320163840,41745,1705073465
82.4054,disk6,3920405915648,6472181,77753762216896
82.4054,disk6w,380928,53,8067940
82.4054,ram,299728896,65263108096,282631
82.4054,cpu,15743083,22468234,540691002
82.4054,gpu,0,0,0
82.6054,disk0,925723000897536,2084869976,12830994088919799
82.6054,disk0w,2189238513664,19746288,1284648054665
82.6054,disk4,2033873532928,4133870,36211154047537
82.6054,disk4w,2195456,171,27582691
82.6054,disk8,3135698020352,3146338,46636949546287
82.6054,disk8w,320163840,41745,1705073465
82.6054,disk6,3921752598528,6474042,77765062250554
82.6054,disk6w,380928,53,8067940
82.6054,ram,301056000,65149485056,282631
82.6054,cpu,15743084,22468239,540691088
82.6054,gpu,0,0,0
82.8054,disk0,925724961406976,2084873285,12831001989780260
82.8054,disk0w,2189238513664,19746288,1284648054665
82.8054,disk4,2034399950848,4134950,36214789526341
82.8054,disk4w,2195456,171,27582691
82.8054,disk8,3136163457024,3146815,46637449744007
82.8054,disk8w,320163840,41745,1705073465
82.8054,disk6,3923162998784,6475896,77779637157157
82.8054,disk6w,380928,53,8067940
82.8054,ram,301056000,65149485056,282631
82.8054,cpu,15743084,22468239,540691088
82.8054,gpu,0,0,0
83.0049,disk0,925727334670336,2084878047,12831017157964748
83.0049,disk0w,2189238513664,19746288,1284648054665
83.0049,disk4,2035063224320,4136309,36219269088723
83.0049,disk4w,2195456,171,27582691
83.0049,disk8,3136655239168,3147319,46638105675293
83.0049,disk8w,320163840,41745,1705073465
83.0049,disk6,3924368107520,6477566,77789381244298
83.0049,disk6w,380928,53,8067940
83.0049,ram,301056000,65149485056,282631
83.0049,cpu,15743084,22468239,540691088
83.0049,gpu,0,0,0
83.2054,disk0,925729352355840,2084882111,12831027594123546
83.2054,disk0w,2189238513664,19746288,1284648054665
83.2054,disk4,2035640858624,4137443,36221906240897
83.2054,disk4w,2195456,171,27582691
83.2054,disk8,3137208494080,3147886,46638793009228
83.2054,disk8w,320163840,41745,1705073465
83.2054,disk6,3925682190336,6479661,77804482587194
83.2054,disk6w,380928,53,8067940
83.2054,ram,301056000,65149485056,282631
83.2054,cpu,15743084,22468239,540691088
83.2054,gpu,37,5,0
83.4012,disk0,925731534594048,2084886679,12831037690399567
83.4012,disk0w,2189238513664,19746288,1284648054665
83.4012,disk4,2036343142400,4138818,36226277959260
83.4012,disk4w,2195456,171,27582691
83.4012,disk8,3137770530816,3148462,46639639487324
83.4012,disk8w,320163840,41745,1705073465
83.4012,disk6,3927015303168,6482023,77818765982375
83.4012,disk6w,380928,53,8067940
83.4012,ram,301056000,65149485056,282631
83.4012,cpu,15743084,22468239,540691088
83.4012,gpu,0,0,0
83.6054,disk0,925733573439488,2084893582,12831049352448485
83.6054,disk0w,2189238513664,19746288,1284648054665
83.6054,disk4,2037330745344,4140770,36235085539784
83.6054,disk4w,2195456,171,27582691
83.6054,disk8,3138444240896,3149152,46640742867846
83.6054,disk8w,320163840,41745,1705073465
83.6054,disk6,3928321746944,6484352,77831378745421
83.6054,disk6w,380928,53,8067940
83.6054,ram,298090496,65398898688,282631
83.6054,cpu,15743123,22468354,540692681
83.6054,gpu,33,6,0
83.8005,disk0,925735371444224,2084896831,12831056591789674
83.8005,disk0w,2189238513664,19746288,1284648054665
83.8005,disk4,2038111746048,4142322,36243780910319
83.8005,disk4w,2195456,171,27582691
83.8005,disk8,3138983372800,3149705,46642505199620
83.8005,disk8w,320163840,41745,1705073465
83.8005,disk6,3929366652928,6486396,77841586452842
83.8005,disk6w,380928,53,8067940
83.8005,ram,298090496,65398898688,282631
83.8005,cpu,15743123,22468354,540692681
83.8005,gpu,0,0,0
84.0054,disk0,925737692348416,2084902574,12831068999292967
84.0054,disk0w,2189238513664,19746288,1284648054665
84.0054,disk4,2038987839488,4144119,36249831812467
84.0054,disk4w,2195456,171,27582691
84.0054,disk8,3139632179200,3150370,46643437846735
84.0054,disk8w,320163840,41745,1705073465
84.0054,disk6,3930642495488,6488345,77851939509070
84.0054,disk6w,380928,53,8067940
84.0054,ram,298090496,65398898688,282631
84.0054,cpu,15743123,22468354,540692681
84.0054,gpu,0,0,0
84.2054,disk0,925740172218368,2084906456,12831081277789937
84.2054,disk0w,2189238513664,19746288,1284648054665
84.2054,disk4,2039672944640,4145523,36253179311840
84.2054,disk4w,2195456,171,27582691
84.2054,disk8,3140198410240,3150950,46644111922173
84.2054,disk8w,320163840,41745,1705073465
84.2054,disk6,3931939010560,6490048,77861050253289
84.2054,disk6w,380928,53,8067940
84.2054,ram,298090496,65398898688,282631
84.2054,cpu,15743123,22468354,540692681
84.2054,gpu,0,0,0
84.4054,disk0,925742546038784,2084910864,12831095077348372
84.4054,disk0w,2189238530048,19746292,1284648125873
84.4054,disk4,2040357287936,4146923,36257310931427
84.4054,disk4w,2195456,171,27582691
84.4054,disk8,3140870416384,3151639,46645195492899
84.4054,disk8w,320163840,41745,1705073465
84.4054,disk6,3933096933376,6491843,77870284941866
84.4054,disk6w,380928,53,8067940
84.4054,ram,298090496,65398898688,282631
84.4054,cpu,15743123,22468354,540692681
84.4054,gpu,0,0,0
84.6054,disk0,925744757145600,2084915400,12831107177706522
84.6054,disk0w,2189238530048,19746292,1284648125873
84.6054,disk4,2040919848960,4148050,36260044599359
84.6054,disk4w,2195456,171,27582691
84.6054,disk8,3141377271808,3152158,46645779856397
84.6054,disk8w,320163840,41745,1705073465
84.6054,disk6,3934386096128,6493916,77884533243147
84.6054,disk6w,380928,53,8067940
84.6054,ram,300564480,65341341696,282631
84.6054,cpu,15743165,22468485,540694358
84.6054,gpu,0,0,0
84.8054,disk0,925746994155520,2084920168,12831120547265171
84.8054,disk0w,2189238530048,19746292,1284648125873
84.8054,disk4,2041707239424,4149589,36265762296726
84.8054,disk4w,2195456,171,27582691
84.8054,disk8,3141987805184,3152784,46646534176103
84.8054,disk8w,320163840,41745,1705073465
84.8054,disk6,3935693096960,6496304,77897151541299
84.8054,disk6w,380928,53,8067940
84.8054,ram,300564480,65341341696,282631
84.8054,cpu,15743165,22468485,540694358
84.8054,gpu,0,0,0
85.0054,disk0,925748877058048,2084924296,12831130068518845
85.0054,disk0w,2189238530048,19746292,1284648125873
85.0054,disk4,2042596653056,4151351,36273821447048
85.0054,disk4w,2195456,171,27582691
85.0054,disk8,3142591653888,3153403,46647238322358
85.0054,disk8w,320163840,41745,1705073465
85.0054,disk6,3937035868160,6498668,77909388765003
85.0054,disk6w,380928,53,8067940
85.0054,ram,300564480,65341341696,282631
85.0054,cpu,15743165,22468485,540694358
85.0054,gpu,0,0,0
85.2053,disk0,925750845464576,2084932155,12831143982717329
85.2053,disk0w,2189238857728,19746310,1284648434283
85.2053,disk4,2043314010112,4152767,36279550283232
85.2053,disk4w,2195456,171,27582691
85.2053,disk8,3143109781504,3153934,46647891455847
85.2053,disk8w,320163840,41745,1705073465
85.2053,disk6,3938321586176,6501096,77924987251854
85.2053,disk6w,380928,53,8067940
85.2053,ram,300564480,65341341696,282631
85.2053,cpu,15743165,22468485,540694358
85.2053,gpu,0,0,0
85.4055,disk0,925752845660160,2084936141,12831155532492894
85.4055,disk0w,2189238857728,19746310,1284648434283
85.4055,disk4,2044083755008,4154321,36286882399126
85.4055,disk4w,2195456,171,27582691
85.4055,disk8,3143678011392,3154516,46649335859844
85.4055,disk8w,320163840,41745,1705073465
85.4055,disk6,3939275167744,6502825,77932294129601
85.4055,disk6w,380928,53,8067940
85.4055,ram,300564480,65341341696,282631
85.4055,cpu,15743165,22468485,540694358
85.4055,gpu,0,0,0
85.6055,disk0,925755005861888,2084942599,12831170305519695
85.6055,disk0w,2189238857728,19746310,1284648434283
85.6055,disk4,2044805527552,4155801,36291807041223
85.6055,disk4w,2195456,171,27582691
85.6055,disk8,3144213702656,3155065,46649917219197
85.6055,disk8w,320163840,41745,1705073465
85.6055,disk6,3940511029248,6504573,77943328275811
85.6055,disk6w,380928,53,8067940
85.6055,ram,299876352,65165492224,282631
85.6055,cpu,15743204,22468612,540695938
85.6055,gpu,0,0,0
85.8030,disk0,925757426978816,2084946954,12831184679743099
85.8030,disk0w,2189238857728,19746310,1284648434283
85.8030,disk4,2045588199424,4157403,36297100397226
85.8030,disk4w,2195456,171,27582691
85.8030,disk8,3144751884288,3155617,46650712932087
85.8030,disk8w,320163840,41745,1705073465
85.8030,disk6,3941707388928,6506170,77951185494369
85.8030,disk6w,380928,53,8067940
85.8030,ram,299876352,65165492224,282631
85.8030,cpu,15743204,22468612,540695938
85.8030,gpu,0,0,0
86.0055,disk0,925760069906432,2084952508,12831202813592064
86.0055,disk0w,2189238857728,19746310,1284648434283
86.0055,disk4,2046323374080,4158910,36301034579547
86.0055,disk4w,2195456,171,27582691
86.0055,disk8,3145349048320,3156229,46651413932141
86.0055,disk8w,320163840,41745,1705073465
86.0055,disk6,3943005607936,6508162,77959688431953
86.0055,disk6w,380928,53,8067940
86.0055,ram,299876352,65165492224,282631
86.0055,cpu,15743204,22468612,540695938
86.0055,gpu,0,0,0
86.2014,disk0,925762066726912,2084956282,12831213946822284
86.2014,disk0w,2189238857728,19746310,1284648434283
86.2014,disk4,2047034701824,4160290,36306599427309
86.2014,disk4w,2195456,171,27582691
86.2014,disk8,3145867175936,3156760,46652148635011
86.2014,disk8w,320163840,41745,1705073465
86.2014,disk6,3944251193344,6510376,77971756329497
86.2014,disk6w,380928,53,8067940
86.2014,ram,299876352,65165492224,282631
86.2014,cpu,15743204,22468612,540695938
86.2014,gpu,0,0,0
86.4055,disk0,925764403539968,2084961556,12831228511684925
86.4055,disk0w,2189238857728,19746310,1284648434283
86.4055,disk4,2047943768064,4162082,36315292320506
86.4055,disk4w,2195456,171,27582691
86.4055,disk8,3146446776320,3157354,46652898222444
86.4055,disk8w,320163840,41745,1705073465
86.4055,disk6,3945425242112,6512481,77980475616332
86.4055,disk6w,380928,53,8067940
86.4055,ram,299876352,65165492224,282631
86.4055,cpu,15743204,22468612,540695938
86.4055,gpu,0,0,0
86.6055,disk0,925766223908864,2084967666,12831239931043261
86.6055,disk0w,2189238857728,19746310,1284648434283
86.6055,disk4,2048696211456,4163571,36320465481115
86.6055,disk4w,2195456,171,27582691
86.6055,disk8,3147070285824,3157993,46653780511527
86.6055,disk8w,320163840,41745,1705073465
86.6055,disk6,3946750674944,6514843,77997064812085
86.6055,disk6w,380928,53,8067940
86.6055,ram,299155456,63838420992,282631
86.6055,cpu,15743255,22468764,540697552
86.6055,gpu,0,0,0
86.8055,disk0,925767960711168,2084970877,12831249047008397
86.8055,disk0w,2189238857728,19746310,1284648434283
86.8055,disk4,2049356036096,4164896,36324828496286
86.8055,disk4w,2195456,171,27582691
86.8055,disk8,3147448854528,3158381,46655047618275
86.8055,disk8w,320163840,41745,1705073465
86.8055,disk6,3947886397440,6516884,78009181397276
86.8055,disk6w,380928,53,8067940
86.8055,ram,299155456,63838420992,282631
86.8055,cpu,15743255,22468764,540697552
86.8055,gpu,0,0,0
87.0055,disk0,925770154692608,2084978034,12831260068444206
87.0055,disk0w,2189238857728,19746310,1284648434283
87.0055,disk4,2050119350272,4166461,36329982960168
87.0055,disk4w,2195456,171,27582691
87.0055,disk8,3147939588096,3158884,46655592441648
87.0055,disk8w,320163840,41745,1705073465
87.0055,disk6,3949163681792,6518767,78021347393940
87.0055,disk6w,380928,53,8067940
87.0055,ram,299155456,63838420992,282631
87.0055,cpu,15743255,22468764,540697552
87.0055,gpu,0,0,0
87.2055,disk0,925772391313408,2084981680,12831271002015040
87.2055,disk0w,2189238857728,19746310,1284648434283
87.2055,disk4,2050973399040,4168210,36337615518645
87.2055,disk4w,2195456,171,27582691
87.2055,disk8,3148589443072,3159550,46656411418762
87.2055,disk8w,320163840,41745,1705073465
87.2055,disk6,3950409603072,6520425,78029169923043
87.2055,disk6w,380928,53,8067940
87.2055,ram,299155456,63838420992,282631
87.2055,cpu,15743255,22468764,540697552
87.2055,gpu,0,0,0
87.4055,disk0,925774733565952,2084986307,12831283151649747
87.4055,disk0w,2189238857728,19746310,1284648434283
87.4055,disk4,2051571202048,4169435,36340813364778
87.4055,disk4w,2195456,171,27582691
87.4055,disk8,3149204170752,3160180,46657305191717
87.4055,disk8w,320163840,41745,1705073465
87.4055,disk6,3951727056896,6522495,78041669139503
87.4055,disk6w,380928,53,8067940
87.4055,ram,299155456,63838420992,282631
87.4055,cpu,15743255,22468764,540697552
87.4055,gpu,0,0,0
87.6055,disk0,925776891670528,2084990765,12831294786667504
87.6055,disk0w,2189238857728,19746310,1284648434283
87.6055,disk4,2052320491520,4170922,36345108640774
87.6055,disk4w,2195456,171,27582691
87.6055,disk8,3149862807552,3160855,46658152593775
87.6055,disk8w,320163840,41745,1705073465
87.6055,disk6,3953038211072,6524773,78054125214382
87.6055,disk6w,380928,53,8067940
87.6055,ram,297484288,65346224128,282631
87.6055,cpu,15743299,22468892,540699194
87.6055,gpu,0,0,0
87.8055,disk0,925779040223232,2084995179,12831304903442174
87.8055,disk0w,2189238857728,19746310,1284648434283
87.8055,disk4,2052912379904,4172082,36349561087303
87.8055,disk4w,2195456,171,27582691
87.8055,disk8,3150407280640,3161413,46658760185251
87.8055,disk8w,320163840,41745,1705073465
87.8055,disk6,3954389501952,6527175,78069234465750
87.8055,disk6w,380928,53,8067940
87.8055,ram,297484288,65346224128,282631
87.8055,cpu,15743299,22468892,540699194
87.8055,gpu,0,0,0
88.0038,disk0,925780906369024,2085001298,12831317083739619
88.0038,disk0w,2189238857728,19746310,1284648434283
88.0038,disk4,2053742082048,4173718,36357448364224
88.0038,disk4w,2195456,171,27582691
88.0038,disk8,3150907844608,3161926,46659368384862
88.0038,disk8w,320163840,41745,1705073465
88.0038,disk6,3955589957632,6529316,78082595520363
88.0038,disk6w,380928,53,8067940
88.0038,ram,297484288,65346224128,282631
88.0038,cpu,15743299,22468892,540699194
88.0038,gpu,0,0,0
88.2055,disk0,925782971031552,2085005346,12831325370256140
88.2055,disk0w,2189238857728,19746310,1284648434283
88.2055,disk4,2054474086400,4175168,36363264933371
88.2055,disk4w,2195456,171,27582691
88.2055,disk8,3151425972224,3162457,46660101691479
88.2055,disk8w,320163840,41745,1705073465
88.2055,disk6,3956874106880,6531862,78095969083477
88.2055,disk6w,380928,53,8067940
88.2055,ram,297484288,65346224128,282631
88.2055,cpu,15743299,22468892,540699194
88.2055,gpu,0,0,0
88.4055,disk0,925784726962176,2085014858,12831337744173146
88.4055,disk0w,2189238857728,19746310,1284648434283
88.4055,disk4,2055213692928,4176683,36366696969714
88.4055,disk4w,2195456,171,27582691
88.4055,disk8,3151917688832,3162961,46661134470061
88.4055,disk8w,320163840,41745,1705073465
88.4055,disk6,3958149310464,6533819,78111266742672
88.4055,disk6w,380928,53,8067940
88.4055,ram,297484288,65346224128,282631
88.4055,cpu,15743299,22468892,540699194
88.4055,gpu,0,0,0
88.6055,disk0,925787194052608,2085018999,12831351165765113
88.6055,disk0w,2189238857728,19746310,1284648434283
88.6055,disk4,2055994791936,4178285,36370873586759
88.6055,disk4w,2195456,171,27582691
88.6055,disk8,3152488507392,3163546,46661876059282
88.6055,disk8w,320163840,41745,1705073465
88.6055,disk6,3959440451584,6535380,78119419548360
88.6055,disk6w,380928,53,8067940
88.6055,ram,299843584,65167032320,282631
88.6055,cpu,15743338,22469019,540700735
88.6055,gpu,35,5,0
88.8055,disk0,925789410172928,2085023264,12831361796658322
88.8055,disk0w,2189238857728,19746310,1284648434283
88.8055,disk4,2056825419776,4179988,36376926882441
88.8055,disk4w,2195456,171,27582691
88.8055,disk8,3153138362368,3164212,46662799258386
88.8055,disk8w,320163840,41745,1705073465
88.8055,disk6,3960759117824,6537364,78131092821652
88.8055,disk6w,380928,53,8067940
88.8055,ram,299843584,65167032320,282631
88.8055,cpu,15743338,22469019,540700735
88.8055,gpu,0,0,0
89.0055,disk0,925791710736384,2085027891,12831375232932537
89.0055,disk0w,2189238857728,19746310,1284648434283
89.0055,disk4,2057474668544,4181299,36380703834258
89.0055,disk4w,2195456,171,27582691
89.0055,disk8,3153770653696,3164860,46663589673924
89.0055,disk8w,320163840,41745,1705073465
89.0055,disk6,3962028468224,6539296,78143100115716
89.0055,disk6w,380928,53,8067940
89.0055,ram,299843584,65167032320,282631
89.0055,cpu,15743338,22469019,540700735
89.0055,gpu,0,0,0
89.2055,disk0,925793804013568,2085031972,12831386623409469
89.2055,disk0w,2189238857728,19746310,1284648434283
89.2055,disk4,2058180753408,4182668,36385114338739
89.2055,disk4w,2195456,171,27582691
89.2055,disk8,3154244872192,3165346,46664145980340
89.2055,disk8w,320163840,41745,1705073465
89.2055,disk6,3963231762432,6541614,78157688356768
89.2055,disk6w,380928,53,8067940
89.2055,ram,299843584,65167032320,282631
89.2055,cpu,15743338,22469019,540700735
89.2055,gpu,0,0,0
89.4055,disk0,925795998470144,2085036489,12831400109104923
89.4055,disk0w,2189238857728,19746310,1284648434283
89.4055,disk4,2058909202432,4184107,36389618795635
89.4055,disk4w,2195456,171,27582691
89.4055,disk8,3154850818048,3165967,46664887644457
89.4055,disk8w,320163840,41745,1705073465
89.4055,disk6,3964469229568,6543872,78170927274594
89.4055,disk6w,380928,53,8067940
89.4055,ram,299843584,65167032320,282631
89.4055,cpu,15743338,22469019,540700735
89.4055,gpu,0,0,0
89.6055,disk0,925797748596736,2085044497,12831412408376983
89.6055,disk0w,2189238857728,19746310,1284648434283
89.6055,disk4,2059650529280,4185572,36394749835524
89.6055,disk4w,2195456,171,27582691
89.6055,disk8,3155460958208,3166592,46665638741495
89.6055,disk8w,320163840,41745,1705073465
89.6055,disk6,3965769775104,6546026,78186216527708
89.6055,disk6w,380928,53,8067940
89.6055,ram,301170688,63828508672,282631
89.6055,cpu,15743381,22469142,540702421
89.6055,gpu,0,0,0
89.8055,disk0,925799758880768,2085048200,12831423253177435
89.8055,disk0w,2189238857728,19746310,1284648434283
89.8055,disk4,2060440156160,4187154,36400621307502
89.8055,disk4w,2195456,171,27582691
89.8055,disk8,3155948464128,3167092,46667549473451
89.8055,disk8w,320163840,41745,1705073465
89.8055,disk6,3966824921088,6548087,78196171510960
89.8055,disk6w,380928,53,8067940
89.8055,ram,301170688,63828508672,282631
89.8055,cpu,15743381,22469142,540702421
89.8055,gpu,35,6,0
90.0055,disk0,925801963937792,2085055204,12831439129084832
90.0055,disk0w,2189238857728,19746310,1284648434283
90.0055,disk4,2061185923072,4188682,36406401121817
90.0055,disk4w,2195456,171,27582691
90.0055,disk8,3156501719040,3167659,46668154847046
90.0055,disk8w,320163840,41745,1705073465
90.0055,disk6,3968058230784,6549852,78206170751375
90.0055,disk6w,380928,53,8067940
90.0055,ram,301170688,63828508672,282631
90.0055,cpu,15743381,22469142,540702421
90.0055,gpu,0,0,0
90.2011,disk0,925803993653248,2085058423,12831449252940518
90.2011,disk0w,2189238857728,19746310,1284648434283
90.2011,disk4,2062015748096,4190380,36413247585441
90.2011,disk4w,2195456,171,27582691
90.2011,disk8,3157083416576,3168255,46668848988436
90.2011,disk8w,320163840,41745,1705073465
90.2011,disk6,3969239074816,6551431,78214179434131
90.2011,disk6w,380928,53,8067940
90.2011,ram,301170688,63828508672,282631
90.2011,cpu,15743381,22469142,540702421
90.2011,gpu,0,0,0
90.4012,disk0,925805994754048,2085062171,12831456811926468
90.4012,disk0w,2189238857728,19746310,1284648434283
90.4012,disk4,2062688032768,4191760,36417161664977
90.4012,disk4w,2195456,171,27582691
90.4012,disk8,3157573101568,3168757,46669547546517
90.4012,disk8w,320163840,41745,1705073465
90.4012,disk6,3970649016320,6553459,78228108741387
90.4012,disk6w,380928,53,8067940
90.4012,ram,301170688,63828508672,282631
90.4012,cpu,15743381,22469142,540702421
90.4012,gpu,0,0,0
90.6023,disk0,925808458432512,2085067199,12831474030821235
90.6023,disk0w,2189238857728,19746310,1284648434283
90.6023,disk4,2063441278976,4193266,36421525577464
90.6023,disk4w,2195456,171,27582691
90.6023,disk8,3158100011008,3169297,46670185937509
90.6023,disk8w,320163840,41745,1705073465
90.6023,disk6,3971882780672,6555324,78237047108709
90.6023,disk6w,380928,53,8067940
90.6023,ram,300449792,65315700736,282631
90.6023,cpu,15743422,22469268,540704001
90.6023,gpu,0,0,0
90.8055,disk0,925810553110528,2085071423,12831483235960517
90.8055,disk0w,2189238857728,19746310,1284648434283
90.8055,disk4,2064274241536,4194898,36429391952917
90.8055,disk4w,2195456,171,27582691
90.8055,disk8,3158662047744,3169873,46670887663562
90.8055,disk8w,320163840,41745,1705073465
90.8055,disk6,3973202839552,6557685,78250264592348
90.8055,disk6w,380928,53,8067940
90.8055,ram,300449792,65315700736,282631
90.8055,cpu,15743422,22469268,540704001
90.8055,gpu,0,0,0
91.0055,disk0,925812686561280,2085076405,12831495906281710
91.0055,disk0w,2189238857728,19746310,1284648434283
91.0055,disk4,2065114036224,4196558,36437047770136
91.0055,disk4w,2195456,171,27582691
91.0055,disk8,3159294339072,3170521,46671712307756
91.0055,disk8w,320163840,41745,1705073465
91.0055,disk6,3974491297792,6560072,78261488585397
91.0055,disk6w,380928,53,8067940
91.0055,ram,300449792,65315700736,282631
91.0055,cpu,15743422,22469268,540704001
91.0055,gpu,0,0,0
91.2055,disk0,925814805200896,2085081430,12831508329530494
91.2055,disk0w,2189238857728,19746310,1284648434283
91.2055,disk4,2065897003008,4198106,36443227126450
91.2055,disk4w,2195456,171,27582691
91.2055,disk8,3159818758144,3171058,46672402089742
91.2055,disk8w,320163840,41745,1705073465
91.2055,disk6,3975579006976,6562241,78274622198722
91.2055,disk6w,380928,53,8067940
91.2055,ram,300449792,65315700736,282631
91.2055,cpu,15743422,22469268,540704001
91.2055,gpu,0,0,0
91.4055,disk0,925816741036032,2085087341,12831519255582849
91.4055,disk0w,2189238857728,19746310,1284648434283
91.4055,disk4,2066634356736,4199615,36448528167391
91.4055,disk4w,2195456,171,27582691
91.4055,disk8,3160456620032,3171712,46673925909975
91.4055,disk8w,320163840,41745,1705073465
91.4055,disk6,3976780789760,6564065,78285263384524
91.4055,disk6w,380928,53,8067940
91.4055,ram,300449792,65315700736,282631
91.4055,cpu,15743422,22469268,540704001
91.4055,gpu,0,0,0
91.6055,disk0,925818955726848,2085091163,12831530051363745
91.6055,disk0w,2189238857728,19746310,1284648434283
91.6055,disk4,2067406436352,4201198,36454264751819
91.6055,disk4w,2195456,171,27582691
91.6055,disk8,3161082226688,3172353,46674824832462
91.6055,disk8w,320163840,41745,1705073465
91.6055,disk6,3978054387712,6565606,78294182696843
91.6055,disk6w,380928,53,8067940
91.6055,ram,296206336,65165623296,282631
91.6055,cpu,15743472,22469427,540705679
91.6055,gpu,0,0,0
91.8055,disk0,925821215346688,2085095466,12831542550289127
91.8055,disk0w,2189238857728,19746310,1284648434283
91.8055,disk4,2068180613120,4202784,36459400796879
91.8055,disk4w,2195456,171,27582691
91.8055,disk8,3161700493312,3172987,46675603246883
91.8055,disk8w,320163840,41745,1705073465
91.8055,disk6,3979401578496,6567488,78304489805100
91.8055,disk6w,380928,53,8067940
91.8055,ram,296206336,65165623296,282631
91.8055,cpu,15743472,22469427,540705679
91.8055,gpu,0,0,0
92.0055,disk0,925823622819840,2085100195,12831557869002536
92.0055,disk0w,2189238857728,19746310,1284648434283
92.0055,disk4,2068890236928,4204219,36463310210002
92.0055,disk4w,2195456,171,27582691
92.0055,disk8,3162209839104,3173509,46676152449866
92.0055,disk8w,320163840,41745,1705073465
92.0055,disk6,3980718479360,6569452,78314804268529
92.0055,disk6w,380928,53,8067940
92.0055,ram,296206336,65165623296,282631
92.0055,cpu,15743472,22469427,540705679
92.0055,gpu,0,0,0
92.2055,disk0,925826031448064,2085105152,12831573560174265
92.2055,disk0w,2189238857728,19746310,1284648434283
92.2055,disk4,2069682485248,4205757,36468929821488
92.2055,disk4w,2195456,171,27582691
92.2055,disk8,3162775021568,3174088,46676866502132
92.2055,disk8w,320163840,41745,1705073465
92.2055,disk6,3981817964544,6571358,78323398220051
92.2055,disk6w,380928,53,8067940
92.2055,ram,296206336,65165623296,282631
92.2055,cpu,15743472,22469427,540705679
92.2055,gpu,0,0,0
92.4055,disk0,925828167528448,2085109692,12831582998990077
92.4055,disk0w,2189238857728,19746310,1284648434283
92.4055,disk4,2070682679296,4207730,36478179853447
92.4055,disk4w,2195456,171,27582691
92.4055,disk8,3163348985856,3174676,46677564848067
92.4055,disk8w,320163840,41745,1705073465
92.4055,disk6,3983146366976,6573807,78335266347778
92.4055,disk6w,380928,53,8067940
92.4055,ram,296206336,65165623296,282631
92.4055,cpu,15743472,22469427,540705679
92.4055,gpu,0,0,0
92.6055,disk0,925830242074624,2085117257,12831598198487778
92.6055,disk0w,2189238857728,19746310,1284648434283
92.6055,disk4,2071469684736,4209288,36483099648667
92.6055,disk4w,2195456,171,27582691
92.6055,disk8,3163954931712,3175297,46678366669267
92.6055,disk8w,320163840,41745,1705073465
92.6055,disk6,3984414738432,6576287,78348637427192
92.6055,disk6w,380928,53,8067940
92.6055,ram,294043648,63810846720,282631
92.6055,cpu,15743513,22469554,540707289
92.6055,gpu,0,0,0
92.8011,disk0,925832168509440,2085122745,12831608549799512
92.8011,disk0w,2189238857728,19746310,1284648434283
92.8011,disk4,2072134006784,4210634,36488458855427
92.8011,disk4w,2195456,171,27582691
92.8011,disk8,3164589647872,3175948,46680289305995
92.8011,disk8w,320163840,41745,1705073465
92.8011,disk6,3985444128768,6577943,78357287793810
92.8011,disk6w,380928,53,8067940
92.8011,ram,294043648,63810846720,282631
92.8011,cpu,15743513,22469554,540707289
92.8011,gpu,0,0,0
93.0055,disk0,925834310795264,2085129017,12831618772559767
93.0055,disk0w,2189238857728,19746310,1284648434283
93.0055,disk4,2072968935424,4212347,36498069978760
93.0055,disk4w,2195456,171,27582691
93.0055,disk8,3165181175808,3176554,46681028618002
93.0055,disk8w,320163840,41745,1705073465
93.0055,disk6,3986742429696,6579582,78365159420346
93.0055,disk6w,380928,53,8067940
93.0055,ram,294043648,63810846720,282631
93.0055,cpu,15743513,22469554,540707289
93.0055,gpu,0,0,0
93.2055,disk0,925836530106368,2085132953,12831631078849254
93.2055,disk0w,2189238857728,19746310,1284648434283
93.2055,disk4,2073681188864,4213806,36502529634811
93.2055,disk4w,2195456,171,27582691
93.2055,disk8,3165740066816,3177127,46681793993729
93.2055,disk8w,320163840,41745,1705073465
93.2055,disk6,3988005586944,6581412,78376113856035
93.2055,disk6w,380928,53,8067940
93.2055,ram,294043648,63810846720,282631
93.2055,cpu,15743513,22469554,540707289
93.2055,gpu,0,0,0
93.4036,disk0,925839024881664,2085138189,12831647293717994
93.4036,disk0w,2189238857728,19746310,1284648434283
93.4036,disk4,2074469234688,4215422,36509448624845
93.4036,disk4w,2195456,171,27582691
93.4036,disk8,3166328449024,3177730,46682587131082
93.4036,disk8w,320163840,41745,1705073465
93.4036,disk6,3989173291008,6583198,78383330744149
93.4036,disk6w,380928,53,8067940
93.4036,ram,294043648,63810846720,282631
93.4036,cpu,15743513,22469554,540707289
93.4036,gpu,0,0,0
93.6055,disk0,925841414332416,2085142675,12831662085892389
93.6055,disk0w,2189238857728,19746310,1284648434283
93.6055,disk4,2075208595456,4216862,36513024002398
93.6055,disk4w,2195456,171,27582691
93.6055,disk8,3166820231168,3178234,46683167526833
93.6055,disk8w,320163840,41745,1705073465
93.6055,disk6,3990480508928,6585481,78395603000706
93.6055,disk6w,380928,53,8067940
93.6055,ram,294912000,65368260608,282631
93.6055,cpu,15743554,22469676,540708839
93.6055,gpu,0,0,0
93.8055,disk0,925843943534592,2085148033,12831680117686680
93.8055,disk0w,2189238857728,19746310,1284648434283
93.8055,disk4,2075933014016,4218285,36517093623854
93.8055,disk4w,2195456,171,27582691
93.8055,disk8,3167552268288,3178984,46684603597554
93.8055,disk8w,320163840,41745,1705073465
93.8055,disk6,3991658764288,6587739,78404652523816
93.8055,disk6w,380928,53,8067940
93.8055,ram,294912000,65368260608,282631
93.8055,cpu,15743554,22469676,540708839
93.8055,gpu,0,0,0
94.0055,disk0,925846044389376,2085155912,12831696039940019
94.0055,disk0w,2189238857728,19746310,1284648434283
94.0055,disk4,2076680189952,4219763,36523881502772
94.0055,disk4w,2195456,171,27582691
94.0055,disk8,3168181413888,3179629,46685424673047
94.0055,disk8w,320163840,41745,1705073465
94.0055,disk6,3992898295808,6589884,78415269915871
94.0055,disk6w,380928,53,8067940
94.0055,ram,294912000,65368260608,282631
94.0055,cpu,15743554,22469676,540708839
94.0055,gpu,0,0,0
94.2028,disk0,925847933255680,2085159222,12831709308020069
94.2028,disk0w,2189238857728,19746310,1284648434283
94.2028,disk4,2077375649792,4221152,36529129725064
94.2028,disk4w,2195456,171,27582691
94.2028,disk8,3168721250304,3180182,46686381465109
94.2028,disk8w,320163840,41745,1705073465
94.2028,disk6,3993855236096,6591635,78424035771388
94.2028,disk6w,380928,53,8067940
94.2028,ram,294912000,65368260608,282631
94.2028,cpu,15743554,22469676,540708839
94.2028,gpu,0,0,0
94.4055,disk0,925850293428224,2085163974,12831721454459181
94.4055,disk0w,2189238857728,19746310,1284648434283
94.4055,disk4,2078297683968,4223041,36536759088524
94.4055,disk4w,2195456,171,27582691
94.4055,disk8,3169453287424,3180932,46687331797990
94.4055,disk8w,320163840,41745,1705073465
94.4055,disk6,3995124619264,6593460,78433149580279
94.4055,disk6w,380928,53,8067940
94.4055,ram,294912000,65368260608,282631
94.4055,cpu,15743554,22469676,540708839
94.4055,gpu,25,7,0
94.6055,disk0,925852575170560,2085167613,12831731796695488
94.6055,disk0w,2189238857728,19746310,1284648434283
94.6055,disk4,2079101712384,4224688,36543260703559
94.6055,disk4w,2195456,171,27582691
94.6055,disk8,3169946511360,3181438,46687959496403
94.6055,disk8w,320163840,41745,1705073465
94.6055,disk6,3996338296832,6594922,78441452928670
94.6055,disk6w,380928,53,8067940
94.6055,ram,284884992,65251819520,282631
94.6055,cpu,15743597,22469809,540710474
94.6055,gpu,0,0,0
94.8055,disk0,925855056916480,2085172291,12831747247694752
94.8055,disk0w,2189238857728,19746310,1284648434283
94.8055,disk4,2079727794176,4225972,36546786615211
94.8055,disk4w,2195456,171,27582691
94.8055,disk8,3170608293888,3182116,46688927736337
94.8055,disk8w,320163840,41745,1705073465
94.8055,disk6,3997511325696,6596591,78450208008209
94.8055,disk6w,380928,53,8067940
94.8055,ram,284884992,65251819520,282631
94.8055,cpu,15743597,22469809,540710474
94.8055,gpu,0,0,0
95.0055,disk0,925857280114688,2085176742,12831757969898336
95.0055,disk0w,2189238857728,19746310,1284648434283
95.0055,disk4,2080382662656,4227271,36550458329989
95.0055,disk4w,2195456,171,27582691
95.0055,disk8,3171105712128,3182626,46689584204912
95.0055,disk8w,320163840,41745,1705073465
95.0055,disk6,3998813575168,6598622,78463888009204
95.0055,disk6w,380928,53,8067940
95.0055,ram,284884992,65251819520,282631
95.0055,cpu,15743597,22469809,540710474
95.0055,gpu,0,0,0
95.2055,disk0,925859468627968,2085180979,12831769685495525
95.2055,disk0w,2189238857728,19746310,1284648434283
95.2055,disk4,2081286346752,4229039,36555438121070
95.2055,disk4w,2195456,171,27582691
95.2055,disk8,3171685312512,3183220,46690230134504
95.2055,disk8w,320163840,41745,1705073465
95.2055,disk6,4000142628864,6600990,78478380733698
95.2055,disk6w,380928,53,8067940
95.2055,ram,284884992,65251819520,282631
95.2055,cpu,15743597,22469809,540710474
95.2055,gpu,0,0,0
95.4055,disk0,925861597831168,2085185882,12831783045373406
95.4055,disk0w,2189238857728,19746310,1284648434283
95.4055,disk4,2082101917696,4230650,36560448735777
95.4055,disk4w,2195456,171,27582691
95.4055,disk8,3172273694720,3183823,46690923211647
95.4055,disk8w,320163840,41745,1705073465
95.4055,disk6,4001414440960,6603209,78491350015872
95.4055,disk6w,380928,53,8067940
95.4055,ram,284884992,65251819520,282631
95.4055,cpu,15743597,22469809,540710474
95.4055,gpu,28,7,0
95.6055,disk0,925863925673984,2085194198,12831801715317632
95.6055,disk0w,2189238857728,19746310,1284648434283
95.6055,disk4,2082787686400,4232005,36564037893599
95.6055,disk4w,2195456,171,27582691
95.6055,disk8,3172844513280,3184408,46691644274036
95.6055,disk8w,320163840,41745,1705073465
95.6055,disk6,4002599430144,6605632,78503683406513
95.6055,disk6w,380928,53,8067940
95.6055,ram,276709376,63761022976,282631
95.6055,cpu,15743636,22469930,540712128
95.6055,gpu,0,0,0
95.8055,disk0,925865815314432,2085197485,12831811504837151
95.8055,disk0w,2189238857728,19746310,1284648434283
95.8055,disk4,2083603642368,4233673,36571483202338
95.8055,disk4w,2195456,171,27582691
95.8055,disk8,3173432829952,3185011,46692879532671
95.8055,disk8w,320163840,41745,1705073465
95.8055,disk6,4003695929344,6607338,78511361254309
95.8055,disk6w,380928,53,8067940
95.8055,ram,276709376,63761022976,282631
95.8055,cpu,15743636,22469930,540712128
95.8055,gpu,0,0,0
96.0055,disk0,925868381478912,2085201944,12831827242216896
96.0055,disk0w,2189238857728,19746310,1284648434283
96.0055,disk4,2084225136640,4234948,36575442042377
96.0055,disk4w,2195456,171,27582691
96.0055,disk8,3174073903104,3185668,46693782548826
96.0055,disk8w,320163840,41745,1705073465
96.0055,disk6,4004807845888,6608623,78517733083588
96.0055,disk6w,380928,53,8067940
96.0055,ram,276709376,63761022976,282631
96.0055,cpu,15743636,22469930,540712128
96.0055,gpu,41,6,0
96.2055,disk0,925870623043584,2085206290,12831838075355565
96.2055,disk0w,2189238857728,19746310,1284648434283
96.2055,disk4,2085127256064,4236797,36585694547275
96.2055,disk4w,2195456,171,27582691
96.2055,disk8,3174820358144,3186433,46694992073497
96.2055,disk8w,320163840,41745,1705073465
96.2055,disk6,4005983496192,6610392,78525225364849
96.2055,disk6w,380928,53,8067940
96.2055,ram,276709376,63761022976,282631
96.2055,cpu,15743636,22469930,540712128
96.2055,gpu,0,0,0
96.4055,disk0,925873180323840,2085211555,12831857077686444
96.4055,disk0w,2189238857728,19746310,1284648434283
96.4055,disk4,2085857425408,4238267,36589222150113
96.4055,disk4w,2195456,171,27582691
96.4055,disk8,3175294576640,3186919,46695534403881
96.4055,disk8w,320163840,41745,1705073465
96.4055,disk6,4007141144576,6612124,78533154399602
96.4055,disk6w,380928,53,8067940
96.4055,ram,276709376,63761022976,282631
96.4055,cpu,15743636,22469930,540712128
96.4055,gpu,0,0,0
96.6055,disk0,925875359150080,2085216001,12831867320937922
96.6055,disk0w,2189238857728,19746310,1284648434283
96.6055,disk4,2086708475904,4239919,36595449352573
96.6055,disk4w,2195456,171,27582691
96.6055,disk8,3175820437504,3187458,46696157353192
96.6055,disk8w,320163840,41745,1705073465
96.6055,disk6,4008471418880,6614664,78546853601264
96.6055,disk6w,380928,53,8067940
96.6055,ram,279216128,65410318336,282631
96.6055,cpu,15743679,22470065,540713659
96.6055,gpu,0,0,0
96.8055,disk0,925877435203584,2085220579,12831877957405860
96.8055,disk0w,2189238857728,19746310,1284648434283
96.8055,disk4,2087657977856,4241795,36603089871277
96.8055,disk4w,2195456,171,27582691
96.8055,disk8,3176365959168,3188017,46696865859422
96.8055,disk8w,320163840,41745,1705073465
96.8055,disk6,4009791739904,6617077,78558977718454
96.8055,disk6w,380928,53,8067940
96.8055,ram,279216128,65410318336,282631
96.8055,cpu,15743679,22470065,540713659
96.8055,gpu,0,0,0
97.0055,disk0,925879715647488,2085227980,12831895814605363
97.0055,disk0w,2189238857728,19746310,1284648434283
97.0055,disk4,2088305276928,4243071,36607155715614
97.0055,disk4w,2195456,171,27582691
97.0055,disk8,3176980686848,3188647,46697739649882
97.0055,disk8w,320163840,41745,1705073465
97.0055,disk6,4011028260864,6619233,78570031916574
97.0055,disk6w,380928,53,8067940
97.0055,ram,279216128,65410318336,282631
97.0055,cpu,15743679,22470065,540713659
97.0055,gpu,0,0,0
97.2050,disk0,925881549176832,2085231521,12831906352272930
97.2050,disk0w,2189238857728,19746310,1284648434283
97.2050,disk4,2089090332672,4244646,36616546887490
97.2050,disk4w,2195456,171,27582691
97.2050,disk8,3177454872576,3189133,46698586624729
97.2050,disk8w,320163840,41745,1705073465
97.2050,disk6,4011885692928,6620931,78577644840842
97.2050,disk6w,380928,53,8067940
97.2050,ram,279216128,65410318336,282631
97.2050,cpu,15743679,22470065,540713659
97.2050,gpu,0,0,0
97.4055,disk0,925883781906432,2085237587,12831918130490442
97.4055,disk0w,2189238857728,19746310,1284648434283
97.4055,disk4,2089937188864,4246384,36622041111616
97.4055,disk4w,2195456,171,27582691
97.4055,disk8,3178091358208,3189785,46699383038546
97.4055,disk8w,320163840,41745,1705073465
97.4055,disk6,4013200361472,6622721,78587922757536
97.4055,disk6w,380928,53,8067940
97.4055,ram,279216128,65410318336,282631
97.4055,cpu,15743679,22470065,540713659
97.4055,gpu,0,0,0
97.6055,disk0,925885865234432,2085241130,12831928187367786
97.6055,disk0w,2189238857728,19746310,1284648434283
97.6055,disk4,2090875975680,4248307,36631608397358
97.6055,disk4w,2195456,171,27582691
97.6055,disk8,3178763364352,3190474,46700398032270
97.6055,disk8w,320163840,41745,1705073465
97.6055,disk6,4014374651904,6624241,78595170240822
97.6055,disk6w,380928,53,8067940
97.6055,ram,283820032,65251803136,282631
97.6055,cpu,15743727,22470204,540715287
97.6055,gpu,0,0,0
97.8055,disk0,925888362991616,2085246171,12831944261698965
97.8055,disk0w,2189238857728,19746310,1284648434283
97.8055,disk4,2091691931648,4249978,36637262799806
97.8055,disk4w,2195456,171,27582691
97.8055,disk8,3179495401472,3191224,46701673633101
97.8055,disk8w,320163840,41745,1705073465
97.8055,disk6,4015575287808,6626022,78603143174283
97.8055,disk6w,380928,53,8067940
97.8055,ram,283820032,65251803136,282631
97.8055,cpu,15743727,22470204,540715287
97.8055,gpu,0,0,0
98.0025,disk0,925890552205312,2085250876,12831956140171754
98.0025,disk0w,2189238857728,19746310,1284648434283
98.0025,disk4,2092473841664,4251518,36643628926544
98.0025,disk4w,2195456,171,27582691
98.0025,disk8,3180063074304,3191806,46702379249367
98.0025,disk8w,320163840,41745,1705073465
98.0025,disk6,4016843868160,6628175,78614860040745
98.0025,disk6w,380928,53,8067940
98.0025,ram,283820032,65251803136,282631
98.0025,cpu,15743727,22470204,540715287
98.0025,gpu,0,0,0
98.2055,disk0,925892952297472,2085255731,12831968553807214
98.2055,disk0w,2189238874112,19746314,1284648535615
98.2055,disk4,2093324384256,4253186,36650306338864
98.2055,disk4w,2195456,171,27582691
98.2055,disk8,3180651456512,3192409,46703153213003
98.2055,disk8w,320163840,41745,1705073465
98.2055,disk6,4018208528384,6630710,78627216526220
98.2055,disk6w,380928,53,8067940
98.2055,ram,283820032,65251803136,282631
98.2055,cpu,15743727,22470204,540715287
98.2055,gpu,0,0,0
98.4055,disk0,925895260667904,2085263700,12831985177916257
98.4055,disk0w,2189238874112,19746314,1284648535615
98.4055,disk4,2094154348544,4254826,36656646826259
98.4055,disk4w,2195456,171,27582691
98.4055,disk8,3181200123904,3192971,46703780565558
98.4055,disk8w,320163840,41745,1705073465
98.4055,disk6,4019411744768,6632743,78637303119459
98.4055,disk6w,380928,53,8067940
98.4055,ram,283820032,65251803136,282631
98.4055,cpu,15743727,22470204,540715287
98.4055,gpu,0,0,0
98.6055,disk0,925897012940800,2085266693,12831993906648508
98.6055,disk0w,2189238890496,19746316,1284648605073
98.6055,disk4,2094912780288,4256334,36664553121130
98.6055,disk4w,2195456,171,27582691
98.6055,disk8,3181656729600,3193439,46704487039815
98.6055,disk8w,320163840,41745,1705073465
98.6055,disk6,4020441221120,6634699,78646170782934
98.6055,disk6w,380928,53,8067940
98.6055,ram,294928384,64967065600,282631
98.6055,cpu,15743769,22470334,540716893
98.6055,gpu,0,0,0
98.8055,disk0,925899103490048,2085273664,12832006546995045
98.8055,disk0w,2189238890496,19746316,1284648605073
98.8055,disk4,2095552362496,4257648,36668876357150
98.8055,disk4w,2195456,171,27582691
98.8055,disk8,3182249699328,3194047,46705231058950
98.8055,disk8w,320163840,41745,1705073465
98.8055,disk6,4021759481856,6636638,78657113468423
98.8055,disk6w,380928,53,8067940
98.8055,ram,294928384,64967065600,282631
98.8055,cpu,15743769,22470334,540716893
98.8055,gpu,0,0,0
99.0055,disk0,925901345636352,2085277430,12832018216875043
99.0055,disk0w,2189238890496,19746316,1284648605073
99.0055,disk4,2096396220416,4259376,36676847249321
99.0055,disk4w,2195456,171,27582691
99.0055,disk8,3182762190848,3194572,46705865298524
99.0055,disk8w,320163840,41745,1705073465
99.0055,disk6,4022869268480,6638010,78663981767891
99.0055,disk6w,380928,53,8067940
99.0055,ram,294928384,64967065600,282631
99.0055,cpu,15743769,22470334,540716893
99.0055,gpu,0,0,0
99.2055,disk0,925903682510848,2085281740,12832029554492091
99.2055,disk0w,2189238890496,19746316,1284648605073
99.2055,disk4,2097220409344,4261065,36682635045010
99.2055,disk4w,2195456,171,27582691
99.2055,disk8,3183408900096,3195235,46706782577583
99.2055,disk8w,320163840,41745,1705073465
99.2055,disk6,4024213121024,6639999,78674193206571
99.2055,disk6w,380928,53,8067940
99.2055,ram,294928384,64967065600,282631
99.2055,cpu,15743769,22470334,540716893
99.2055,gpu,0,0,0
99.4006,disk0,925905937051648,2085286768,12832044070231672
99.4006,disk0w,2189238890496,19746316,1284648605073
99.4006,disk4,2097903319040,4262423,36686723458015
99.4006,disk4w,2195456,171,27582691
99.4006,disk8,3183979718656,3195820,46707581208007
99.4006,disk8w,320163840,41745,1705073465
99.4006,disk6,4025487435776,6642004,78684774284729
99.4006,disk6w,380928,53,8067940
99.4006,ram,294928384,64967065600,282631
99.4006,cpu,15743769,22470334,540716893
99.4006,gpu,0,0,0
99.6055,disk0,925908359364608,2085291858,12832059646413235
99.6055,disk0w,2189238890496,19746316,1284648605073
99.6055,disk4,2098706675712,4263996,36694007340943
99.6055,disk4w,2195456,171,27582691
99.6055,disk8,3184559319040,3196414,46708247951476
99.6055,disk8w,320163840,41745,1705073465
99.6055,disk6,4026734290944,6644271,78694395411886
99.6055,disk6w,380928,53,8067940
99.6055,ram,293093376,65392623616,282631
99.6055,cpu,15743814,22470461,540718469
99.6055,gpu,0,0,0
99.8013,disk0,925910296014848,2085296498,12832069573614580
99.8013,disk0w,2189238890496,19746316,1284648605073
99.8013,disk4,2099558922240,4265679,36701368998868
99.8013,disk4w,2195456,171,27582691
99.8013,disk8,3185121355776,3196990,46708950930541
99.8013,disk8w,320163840,41745,1705073465
99.8013,disk6,4027943532544,6646324,78705753484415
99.8013,disk6w,380928,53,8067940
99.8013,ram,293093376,65392623616,282631
99.8013,cpu,15743814,22470461,540718469
99.8013,gpu,0,0,0
100.0055,disk0,925912588980224,2085302012,12832084403314481
100.0055,disk0w,2189238890496,19746316,1284648605073
100.0055,disk4,2100209219584,4266966,36706069982811
100.0055,disk4w,2195456,171,27582691
100.0055,disk8,3185733593088,3197617,46709742799531
100.0055,disk8w,320163840,41745,1705073465
100.0055,disk6,4029156329472,6648870,78718915662479
100.0055,disk6w,380928,53,8067940
100.0055,ram,293093376,65392623616,282631
100.0055,cpu,15743814,22470461,540718469
100.0055,gpu,0,0,0
100.2012,disk0,925914337726464,2085307701,12832097557408011
100.2012,disk0w,2189238890496,19746316,1284648605073
100.2012,disk4,2100937947136,4268460,36712074216948
100.2012,disk4w,2195456,171,27582691
100.2012,disk8,3186192689152,3198088,46710517201293
100.2012,disk8w,320163840,41745,1705073465
100.2012,disk6,4030200727552,6650627,78728648924410
100.2012,disk6w,380928,53,8067940
100.2012,ram,293093376,65392623616,282631
100.2012,cpu,15743814,22470461,540718469
100.2012,gpu,0,0,0
100.4055,disk0,925916736180224,2085311860,12832109616151606
100.4055,disk0w,2189238890496,19746316,1284648605073
100.4055,disk4,2101838198784,4270305,36718822501714
100.4055,disk4w,2195456,171,27582691
100.4055,disk8,3186781071360,3198691,46711213373554
100.4055,disk8w,320163840,41745,1705073465
100.4055,disk6,4031466276864,6652108,78736035517878
100.4055,disk6w,380928,53,8067940
100.4055,ram,293093376,65392623616,282631
100.4055,cpu,15743814,22470461,540718469
100.4055,gpu,0,0,0
100.6055,disk0,925919247503360,2085316864,12832124544035752
100.6055,disk0w,2189238890496,19746316,1284648605073
100.6055,disk4,2102592116736,4271847,36726066427362
100.6055,disk4w,2195456,171,27582691
100.6055,disk8,3187467102208,3199394,46712168005864
100.6055,disk8w,320163840,41745,1705073465
100.6055,disk6,4032688195584,6653862,78742952659498
100.6055,disk6w,380928,53,8067940
100.6055,ram,294846464,65336606720,282631
100.6055,cpu,15743855,22470593,540720148
100.6055,gpu,0,0,0
100.8046,disk0,925921692651520,2085322179,12832142468148078
100.8046,disk0w,2189238890496,19746316,1284648605073
100.8046,disk4,2103313512448,4273306,36731310991621
100.8046,disk4w,2195456,171,27582691
100.8046,disk8,3187940272128,3199879,46712802695000
100.8046,disk8w,320163840,41745,1705073465
100.8046,disk6,4033909491712,6655534,78750912493525
100.8046,disk6w,380928,53,8067940
100.8046,ram,294846464,65336606720,282631
100.8046,cpu,15743855,22470593,540720148
100.8046,gpu,0,0,0
101.0055,disk0,925924245590016,2085327443,12832157137128972
101.0055,disk0w,2189238890496,19746316,1284648605073
101.0055,disk4,2103952701440,4274550,36735785754617
101.0055,disk4w,2195456,171,27582691
101.0055,disk8,3188590127104,3200545,46713581047984
101.0055,disk8w,320163840,41745,1705073465
101.0055,disk6,4035199928320,6658003,78762550565121
101.0055,disk6w,380928,53,8067940
101.0055,ram,294846464,65336606720,282631
101.0055,cpu,15743855,22470593,540720148
101.0055,gpu,0,0,0
101.2041,disk0,925926023860224,2085331275,12832164914268226
101.2041,disk0w,2189238890496,19746316,1284648605073
101.2041,disk4,2104764692480,4276153,36743635146655
101.2041,disk4w,2195456,171,27582691
101.2041,disk8,3189029218304,3200995,46714055639925
101.2041,disk8w,320163840,41745,1705073465
101.2041,disk6,4036464617472,6660165,78776828675199
101.2041,disk6w,380928,53,8067940
101.2041,ram,294846464,65336606720,282631
101.2041,cpu,15743855,22470593,540720148
101.2041,gpu,26,7,0
101.4021,disk0,925928114245632,2085337408,12832179440817601
101.4021,disk0w,2189244338176,19746738,1284659887772
101.4021,disk4,2105307609088,4277223,36746833375717
101.4021,disk4w,2195456,171,27582691
101.4021,disk8,3189608818688,3201589,46714776506810
101.4021,disk8w,320163840,41745,1705073465
101.4021,disk6,4037769291776,6662739,78793015497193
101.4021,disk6w,380928,53,8067940
101.4021,ram,294846464,65336606720,282631
101.4021,cpu,15743855,22470593,540720148
101.4021,gpu,31,8,0
101.6030,disk0,925930175811584,2085341527,12832191623042737
101.6030,disk0w,2189244338176,19746738,1284659887772
101.6030,disk4,2106098284544,4278822,36754673008632
101.6030,disk4w,2195456,171,27582691
101.6030,disk8,3190197151744,3202192,46715935114141
101.6030,disk8w,320163840,41745,1705073465
101.6030,disk6,4038747482112,6664446,78799841605461
101.6030,disk6w,380928,53,8067940
101.6030,ram,290635776,65090666496,282631
101.6030,cpu,15743902,22470749,540721706
101.6030,gpu,0,0,0
101.8055,disk0,925932395241472,2085348408,12832203574324949
101.8055,disk0w,2189244338176,19746738,1284659887772
101.8055,disk4,2106756315136,4280172,36757830355011
101.8055,disk4w,2195456,171,27582691
101.8055,disk8,3190820661248,3202831,46716816604467
101.8055,disk8w,320163840,41745,1705073465
101.8055,disk6,4040116725760,6666287,78811793549803
101.8055,disk6w,380928,53,8067940
101.8055,ram,290635776,65090666496,282631
101.8055,cpu,15743902,22470749,540721706
101.8055,gpu,31,7,0
102.0055,disk0,925934618451968,2085352329,12832215740158802
102.0055,disk0w,2189244338176,19746738,1284659887772
102.0055,disk4,2107475752960,4281645,36762188600222
102.0055,disk4w,2195456,171,27582691
102.0055,disk8,3191382697984,3203407,46717600786285
102.0055,disk8w,320163840,41745,1705073465
102.0055,disk6,4041329436672,6667936,78821691284711
102.0055,disk6w,380928,53,8067940
102.0055,ram,290635776,65090666496,282631
102.0055,cpu,15743902,22470749,540721706
102.0055,gpu,0,0,0
102.2055,disk0,925936906432512,2085357056,12832231100359131
102.2055,disk0w,2189244338176,19746738,1284659887772
102.2055,disk4,2108150413312,4283028,36766936731934
102.2055,disk4w,2195456,171,27582691
102.2055,disk8,3192041334784,3204082,46718422064605
102.2055,disk8w,320163840,41745,1705073465
102.2055,disk6,4042548946944,6669664,78831667106172
102.2055,disk6w,380928,53,8067940
102.2055,ram,290635776,65090666496,282631
102.2055,cpu,15743902,22470749,540721706
102.2055,gpu,38,5,0
102.4055,disk0,925939064442880,2085361478,12832241715622619
102.4055,disk0w,2189244338176,19746738,1284659887772
102.4055,disk4,2108914628608,4284527,36772536446544
102.4055,disk4w,2195456,171,27582691
102.4055,disk8,3192577026048,3204631,46719147980758
102.4055,disk8w,320163840,41745,1705073465
102.4055,disk6,4043759249408,6671833,78844635460452
102.4055,disk6w,380928,53,8067940
102.4055,ram,290635776,65090666496,282631
102.4055,cpu,15743902,22470749,540721706
102.4055,gpu,0,0,0
102.6055,disk0,925941041455104,2085365512,12832250098814996
102.6055,disk0w,2189244338176,19746738,1284659887772
102.6055,disk4,2109654775808,4285979,36776569726444
102.6055,disk4w,2195456,171,27582691
102.6055,disk8,3193139062784,3205207,46719846691565
102.6055,disk8w,320163840,41745,1705073465
102.6055,disk6,4045171468288,6674399,78863220039390
102.6055,disk6w,380928,53,8067940
102.6055,ram,305905664,65336360960,282631
102.6055,cpu,15743948,22470883,540723307
102.6055,gpu,0,0,0
102.8048,disk0,925943220019200,2085371049,12832261868298408
102.8048,disk0w,2189244338176,19746738,1284659887772
102.8048,disk4,2110580955136,4287807,36784730243917
102.8048,disk4w,2195456,171,27582691
102.8048,disk8,3193727444992,3205810,46720617020914
102.8048,disk8w,320163840,41745,1705073465
102.8048,disk6,4046425876480,6676484,78874829931954
102.8048,disk6w,380928,53,8067940
102.8048,ram,305905664,65336360960,282631
102.8048,cpu,15743948,22470883,540723307
102.8048,gpu,0,0,0
103.0055,disk0,925945246203904,2085378482,12832271379467148
103.0055,disk0w,2189244338176,19746738,1284659887772
103.0055,disk4,2111482066944,4289585,36792622522440
103.0055,disk4w,2195456,171,27582691
103.0055,disk8,3194421209088,3206521,46721527760063
103.0055,disk8w,320163840,41745,1705073465
103.0055,disk6,4047681562624,6679132,78891062365273
103.0055,disk6w,380928,53,8067940
103.0055,ram,305905664,65336360960,282631
103.0055,cpu,15743948,22470883,540723307
103.0055,gpu,0,0,0
103.2055,disk0,925947182604288,2085389284,12832287918224189
103.2055,disk0w,2189244338176,19746738,1284659887772
103.2055,disk4,2112212080640,4291082,36797482815224
103.2055,disk4w,2195456,171,27582691
103.2055,disk8,3195070982144,3207187,46723235685268
103.2055,disk8w,320163840,41745,1705073465
103.2055,disk6,4048767924224,6680825,78898831068531
103.2055,disk6w,380928,53,8067940
103.2055,ram,305905664,65336360960,282631
103.2055,cpu,15743948,22470883,540723307
103.2055,gpu,0,0,0
103.4055,disk0,925949256261632,2085392917,12832297053653913
103.4055,disk0w,2189244338176,19746738,1284659887772
103.4055,disk4,2112933632000,4292560,36804021072520
103.4055,disk4w,2195456,171,27582691
103.4055,disk8,3195677976576,3207809,46724057863180
103.4055,disk8w,320163840,41745,1705073465
103.4055,disk6,4050041899008,6682347,78908619406848
103.4055,disk6w,380928,53,8067940
103.4055,ram,305905664,65336360960,282631
103.4055,cpu,15743948,22470883,540723307
103.4055,gpu,0,0,0
103.6055,disk0,925951364292608,2085397110,12832311397601883
103.6055,disk0w,2189244338176,19746738,1284659887772
103.6055,disk4,2113624225792,4293974,36808331271765
103.6055,disk4w,2195456,171,27582691
103.6055,disk8,3196145510400,3208288,46724660047519
103.6055,disk8w,320163840,41745,1705073465
103.6055,disk6,4051236980736,6684028,78919199480839
103.6055,disk6w,380928,53,8067940
103.6055,ram,303316992,65286815744,282631
103.6055,cpu,15743992,22471022,540724941
103.6055,gpu,30,6,0
103.8055,disk0,925953572499456,2085401661,12832324161891859
103.8055,disk0w,2189244338176,19746738,1284659887772
103.8055,disk4,2114356393984,4295469,36813452579106
103.8055,disk4w,2195456,171,27582691
103.8055,disk8,3196757092352,3208915,46725594473321
103.8055,disk8w,320163840,41745,1705073465
103.8055,disk6,4052549867520,6686045,78930745581104
103.8055,disk6w,380928,53,8067940
103.8055,ram,303316992,65286815744,282631
103.8055,cpu,15743992,22471022,540724941
103.8055,gpu,0,0,0
104.0055,disk0,925955635654656,2085405882,12832337263564113
104.0055,disk0w,2189244338176,19746738,1284659887772
104.0055,disk4,2115060004864,4296832,36817491176264
104.0055,disk4w,2195456,171,27582691
104.0055,disk8,3197327910912,3209500,46726226485098
104.0055,disk8w,320163840,41745,1705073465
104.0055,disk6,4053782009856,6688297,78943918286527
104.0055,disk6w,380928,53,8067940
104.0055,ram,303316992,65286815744,282631
104.0055,cpu,15743992,22471022,540724941
104.0055,gpu,0,0,0
104.2055,disk0,925957599129600,2085410227,12832345736533926
104.2055,disk0w,2189244338176,19746738,1284659887772
104.2055,disk4,2116000888832,4298688,36823901083124
104.2055,disk4w,2195456,171,27582691
104.2055,disk8,3197810911232,3209995,46726833420683
104.2055,disk8w,320163840,41745,1705073465
104.2055,disk6,4055178819584,6690860,78960418515172
104.2055,disk6w,380928,53,8067940
104.2055,ram,303316992,65286815744,282631
104.2055,cpu,15743992,22471022,540724941
104.2055,gpu,32,5,0
104.4055,disk0,925959605592064,2085417915,12832358741594248
104.4055,disk0w,2189244338176,19746738,1284659887772
104.4055,disk4,2116758272000,4300187,36828475016623
104.4055,disk4w,2195456,171,27582691
104.4055,disk8,3198408075264,3210607,46727567141824
104.4055,disk8w,320163840,41745,1705073465
104.4055,disk6,4056473352192,6693127,78975692899246
104.4055,disk6w,380928,53,8067940
104.4055,ram,303316992,65286815744,282631
104.4055,cpu,15743992,22471022,540724941
104.4055,gpu,0,0,0
104.6055,disk0,925961527730176,2085421671,12832368454538516
104.6055,disk0w,2189244338176,19746738,1284659887772
104.6055,disk4,2117531531264,4301740,36835130040211
104.6055,disk4w,2195456,171,27582691
104.6055,disk8,3199013922816,3211228,46729426192040
104.6055,disk8w,320163840,41745,1705073465
104.6055,disk6,4057479706624,6694870,78984542770479
104.6055,disk6w,380928,53,8067940
104.6055,ram,301006848,64893304832,282631
104.6055,cpu,15744036,22471155,540726614
104.6055,gpu,0,0,0
104.8055,disk0,925963527041024,2085433445,12832381991313269
104.8055,disk0w,2189244338176,19746738,1284659887772
104.8055,disk4,2118460741632,4303645,36843581022241
104.8055,disk4w,2195456,171,27582691
104.8055,disk8,3199558395904,3211786,46730134761152
104.8055,disk8w,320163840,41745,1705073465
104.8055,disk6,4058806073344,6696787,78994149253043
104.8055,disk6w,380928,53,8067940
104.8055,ram,301006848,64893304832,282631
104.8055,cpu,15744036,22471155,540726614
104.8055,gpu,0,0,0
105.0055,disk0,925965566304256,2085436695,12832390554649176
105.0055,disk0w,2189244338176,19746738,1284659887772
105.0055,disk4,2119141947392,4305041,36847440984188
105.0055,disk4w,2195456,171,27582691
105.0055,disk8,3200208250880,3212452,46731111237635
105.0055,disk8w,320163840,41745,1705073465
105.0055,disk6,4060171307008,6698587,79006952243149
105.0055,disk6w,380928,53,8067940
105.0055,ram,301006848,64893304832,282631
105.0055,cpu,15744036,22471155,540726614
105.0055,gpu,0,0,0
105.2055,disk0,925967569137664,2085440935,12832399368506884
105.2055,disk0w,2189244338176,19746738,1284659887772
105.2055,disk4,2120154200064,4307115,36859834791487
105.2055,disk4w,2195456,171,27582691
105.2055,disk8,3200700033024,3212956,46731733188332
105.2055,disk8w,320163840,41745,1705073465
105.2055,disk6,4061434513408,6700414,79014763546409
105.2055,disk6w,380928,53,8067940
105.2055,ram,301006848,64893304832,282631
105.2055,cpu,15744036,22471155,540726614
105.2055,gpu,0,0,0
105.4055,disk0,925969512337408,2085445084,12832409955648853
105.4055,disk0w,2189244338176,19746738,1284659887772
105.4055,disk4,2120794142720,4308382,36863401309848
105.4055,disk4w,2195456,171,27582691
105.4055,disk8,3201325639680,3213597,46732564812339
105.4055,disk8w,320163840,41745,1705073465
105.4055,disk6,4062763599872,6702782,79030752341630
105.4055,disk6w,380928,53,8067940
105.4055,ram,301006848,64893304832,282631
105.4055,cpu,15744036,22471155,540726614
105.4055,gpu,0,0,0
105.6055,disk0,925971845156864,2085450026,12832424603942569
105.6055,disk0w,2189244338176,19746738,1284659887772
105.6055,disk4,2121562699776,4309895,36870389074707
105.6055,disk4w,2195456,171,27582691
105.6055,disk8,3201886627840,3214172,46733229471272
105.6055,disk8w,320163840,41745,1705073465
105.6055,disk6,4063946491904,6704910,79040724962380
105.6055,disk6w,380928,53,8067940
105.6055,ram,301449216,65343062016,282631
105.6055,cpu,15744075,22471276,540728163
105.6055,gpu,0,0,0
105.8035,disk0,925973774221312,2085458201,12832438221414718
105.8035,disk0w,2189244338176,19746738,1284659887772
105.8035,disk4,2122399725568,4311554,36877421850786
105.8035,disk4w,2195456,171,27582691
105.8035,disk8,3202398070784,3214696,46733767271143
105.8035,disk8w,320163840,41745,1705073465
105.8035,disk6,4065122981888,6706882,79052156070472
105.8035,disk6w,380928,53,8067940
105.8035,ram,301449216,65343062016,282631
105.8035,cpu,15744075,22471276,540728163
105.8035,gpu,0,0,0
106.0026,disk0,925975555379200,2085464096,12832446982793674
106.0026,disk0w,2189244338176,19746738,1284659887772
106.0026,disk4,2123106859008,4312957,36881381241828
106.0026,disk4w,2195456,171,27582691
106.0026,disk8,3202900731904,3215211,46734433735046
106.0026,disk8w,320163840,41745,1705073465
106.0026,disk6,4066309249024,6709309,79066604123872
106.0026,disk6w,380928,53,8067940
106.0026,ram,301449216,65343062016,282631
106.0026,cpu,15744075,22471276,540728163
106.0026,gpu,40,5,0
106.2055,disk0,925977776279552,2085472703,12832461384798333
106.2055,disk0w,2189244338176,19746738,1284659887772
106.2055,disk4,2123742099456,4314261,36885372063046
106.2055,disk4w,2195456,171,27582691
106.2055,disk8,3203580389376,3215908,46736398128708
106.2055,disk8w,320163840,41745,1705073465
106.2055,disk6,4067560445952,6711277,79078509935634
106.2055,disk6w,380928,53,8067940
106.2055,ram,301449216,65343062016,282631
106.2055,cpu,15744075,22471276,540728163
106.2055,gpu,0,0,0
106.4006,disk0,925979908083712,2085476261,12832468517710506
106.4006,disk0w,2189244338176,19746738,1284659887772
106.4006,disk4,2124435208192,4315682,36890249128290
106.4006,disk4w,2195456,171,27582691
106.4006,disk8,3204142426112,3216484,46737190599517
106.4006,disk8w,320163840,41745,1705073465
106.4006,disk6,4068882229248,6712942,79090003400212
106.4006,disk6w,380928,53,8067940
106.4006,ram,301449216,65343062016,282631
106.4006,cpu,15744075,22471276,540728163
106.4006,gpu,0,0,0
106.6056,disk0,925981826023424,2085479810,12832476166985694
106.6056,disk0w,2189244342272,19746739,1284659914772
106.6056,disk4,2125110687744,4317066,36897234538540
106.6056,disk4w,2195456,171,27582691
106.6056,disk8,3204705511424,3217061,46737870383989
106.6056,disk8w,320163840,41745,1705073465
106.6056,disk6,4070243821568,6714958,79104110890115
106.6056,disk6w,380928,53,8067940
106.6056,ram,302923776,65309376512,282631
106.6056,cpu,15744125,22471429,540729840
106.6056,gpu,48,6,0
106.8056,disk0,925983627673600,2085483476,12832482496605895
106.8056,disk0w,2189244342272,19746739,1284659914772
106.8056,disk4,2125944272896,4318772,36906484161265
106.8056,disk4w,2195456,171,27582691
106.8056,disk8,3205143554048,3217510,46738333071919
106.8056,disk8w,320163840,41745,1705073465
106.8056,disk6,4071538944000,6716922,79117302779334
106.8056,disk6w,380928,53,8067940
106.8056,ram,302923776,65309376512,282631
106.8056,cpu,15744125,22471430,540729842
106.8056,gpu,0,0,0
107.0056,disk0,925985974550528,2085488630,12832498885366290
107.0056,disk0w,2189244342272,19746739,1284659914772
107.0056,disk4,2126663710720,4320169,36910603578463
107.0056,disk4w,2195456,171,27582691
107.0056,disk8,3205784627200,3218167,46739058983083
107.0056,disk8w,320163840,41745,1705073465
107.0056,disk6,4072787613696,6719153,79128417275909
107.0056,disk6w,380928,53,8067940
107.0056,ram,302923776,65309376512,282631
107.0056,cpu,15744125,22471430,540729842
107.0056,gpu,31,6,0
107.2044,disk0,925988047675392,2085493298,12832509160854243
107.2044,disk0w,2189244342272,19746739,1284659914772
107.2044,disk4,2127523526656,4321870,36916480446020
107.2044,disk4w,2195456,171,27582691
107.2044,disk8,3206311536640,3218707,46739686961861
107.2044,disk8w,320163840,41745,1705073465
107.2044,disk6,4074102470656,6721442,79142883617923
107.2044,disk6w,380928,53,8067940
107.2044,ram,302923776,65309376512,282631
107.2044,cpu,15744125,22471430,540729842
107.2044,gpu,0,0,0
107.4056,disk0,925990031597568,2085501123,12832523312725172
107.4056,disk0w,2189244342272,19746739,1284659914772
107.4056,disk4,2128371562496,4323544,36922771558241
107.4056,disk4w,2195456,171,27582691
107.4056,disk8,3206856009728,3219265,46740368835998
107.4056,disk8w,320163840,41745,1705073465
107.4056,disk6,4075332618240,6723893,79154726191778
107.4056,disk6w,380928,53,8067940
107.4056,ram,302923776,65309376512,282631
107.4056,cpu,15744125,22471430,540729842
107.4056,gpu,33,7,0
107.6056,disk0,925991857934336,2085505861,12832533669347069
107.6056,disk0w,2189244342272,19746739,1284659914772
107.6056,disk4,2129201002496,4325231,36931485732550
107.6056,disk4w,2195456,171,27582691
107.6056,disk8,3207347742720,3219769,46741365736492
107.6056,disk8w,320163840,41745,1705073465
107.6056,disk6,4076312496128,6725444,79162148742883
107.6056,disk6w,380928,53,8067940
107.6056,ram,298614784,65224720384,282631
107.6056,cpu,15744166,22471556,540731349
107.6056,gpu,0,0,0
107.8056,disk0,925993885343744,2085515227,12832546169920591
107.8056,disk0w,2189244342272,19746739,1284659914772
107.8056,disk4,2130112280576,4327102,36941762342034
107.8056,disk4w,2195456,171,27582691
107.8056,disk8,3207900997632,3220336,46742023713052
107.8056,disk8w,320163840,41745,1705073465
107.8056,disk6,4077539858432,6727154,79170624102675
107.8056,disk6w,380928,53,8067940
107.8056,ram,298614784,65224720384,282631
107.8056,cpu,15744166,22471556,540731349
107.8056,gpu,0,0,0
108.0056,disk0,925995503648768,2085517954,12832550920477534
108.0056,disk0w,2189244342272,19746739,1284659914772
108.0056,disk4,2130629392384,4328162,36944673975559
108.0056,disk4w,2195456,171,27582691
108.0056,disk8,3208410343424,3220858,46742606933248
108.0056,disk8w,320163840,41745,1705073465
108.0056,disk6,4078851287040,6728964,79188423356487
108.0056,disk6w,380928,53,8067940
108.0056,ram,298614784,65224720384,282631
108.0056,cpu,15744166,22471556,540731349
108.0056,gpu,0,0,0
108.2056,disk0,925997681823744,2085522519,12832559783921177
108.2056,disk0w,2189244342272,19746739,1284659914772
108.2056,disk4,2131468277760,4329878,36951518349509
108.2056,disk4w,2195456,171,27582691
108.2056,disk8,3209086543872,3221551,46743492804944
108.2056,disk8w,320163840,41745,1705073465
108.2056,disk6,4080226166784,6730941,79200302618629
108.2056,disk6w,380928,53,8067940
108.2056,ram,298614784,65224720384,282631
108.2056,cpu,15744166,22471556,540731349
108.2056,gpu,32,5,0
108.4029,disk0,925999638646784,2085526468,12832568249567089
108.4029,disk0w,2189244342272,19746739,1284659914772
108.4029,disk4,2132216510464,4331347,36956075882603
108.4029,disk4w,2195456,171,27582691
108.4029,disk8,3209683707904,3222163,46744256051955
108.4029,disk8w,320163840,41745,1705073465
108.4029,disk6,4081563920384,6733295,79215896777874
108.4029,disk6w,380928,53,8067940
108.4029,ram,298614784,65224720384,282631
108.4029,cpu,15744166,22471556,540731349
108.4029,gpu,23,7,0
108.6056,disk0,926001864282112,2085531267,12832581068456903
108.6056,disk0w,2189244342272,19746739,1284659914772
108.6056,disk4,2133051963392,4332995,36963117361674
108.6056,disk4w,2195456,171,27582691
108.6056,disk8,3210210617344,3222703,46744970488949
108.6056,disk8w,320163840,41745,1705073465
108.6056,disk6,4082866042880,6735611,79227265275055
108.6056,disk6w,380928,53,8067940
108.6056,ram,303185920,65336229888,282631
108.6056,cpu,15744210,22471678,540732967
108.6056,gpu,40,4,0
108.8056,disk0,926004065611776,2085540799,12832600369036885
108.8056,disk0w,2189244342272,19746739,1284659914772
108.8056,disk4,2133878781952,4334631,36969003089639
108.8056,disk4w,2195456,171,27582691
108.8056,disk8,3210790217728,3223297,46745806039724
108.8056,disk8w,320163840,41745,1705073465
108.8056,disk6,4083960768512,6737528,79237295317097
108.8056,disk6w,380928,53,8067940
108.8056,ram,303185920,65336229888,282631
108.8056,cpu,15744210,22471678,540732967
108.8056,gpu,44,7,0
109.0056,disk0,926005772787712,2085543824,12832607902613611
109.0056,disk0w,2189244342272,19746739,1284659914772
109.0056,disk4,2134617339904,4336103,36974289367395
109.0056,disk4w,2195456,171,27582691
109.0056,disk8,3211317094400,3223837,46746814657302
109.0056,disk8w,320163840,41745,1705073465
109.0056,disk6,4085125216256,6739830,79253261044894
109.0056,disk6w,380928,53,8067940
109.0056,ram,303185920,65336229888,282631
109.0056,cpu,15744210,22471678,540732967
109.0056,gpu,0,0,0
109.2056,disk0,926008042708992,2085550325,12832622957744369
109.2056,disk0w,2189244342272,19746739,1284659914772
109.2056,disk4,2135502297088,4337918,36980093325723
109.2056,disk4w,2195456,171,27582691
109.2056,disk8,3211949385728,3224485,46747653679576
109.2056,disk8w,320163840,41745,1705073465
109.2056,disk6,4086375200768,6741562,79262060467327
109.2056,disk6w,380928,53,8067940
109.2056,ram,303185920,65336229888,282631
109.2056,cpu,15744210,22471678,540732967
109.2056,gpu,0,0,0
109.4056,disk0,926010525446144,2085554431,12832637727225649
109.4056,disk0w,2189244342272,19746739,1284659914772
109.4056,disk4,2136323504128,4339601,36987553083993
109.4056,disk4w,2195456,171,27582691
109.4056,disk8,3212441167872,3224989,46748218380276
109.4056,disk8w,320163840,41745,1705073465
109.4056,disk6,4087495915520,6742894,79267118600301
109.4056,disk6w,380928,53,8067940
109.4056,ram,303185920,65336229888,282631
109.4056,cpu,15744210,22471678,540732967
109.4056,gpu,0,0,0
109.6056,disk0,926012629762048,2085558618,12832646678946036
109.6056,disk0w,2189244342272,19746739,1284659914772
109.6056,disk4,2137193003008,4341384,36995010930976
109.6056,disk4w,2195456,171,27582691
109.6056,disk8,3213011986432,3225574,46748851123564
109.6056,disk8w,320163840,41745,1705073465
109.6056,disk6,4088687458304,6744573,79277956880077
109.6056,disk6w,380928,53,8067940
109.6056,ram,304300032,65314226176,282631
109.6056,cpu,15744252,22471807,540734610
109.6056,gpu,0,0,0
109.8056,disk0,926014631071744,2085562693,12832656050974063
109.8056,disk0w,2189244342272,19746739,1284659914772
109.8056,disk4,2137972946944,4342956,36999443627576
109.8056,disk4w,2195456,171,27582691
109.8056,disk8,3213642180608,3226220,46749724212473
109.8056,disk8w,320163840,41745,1705073465
109.8056,disk6,4090019792896,6746651,79290214568834
109.8056,disk6w,380928,53,8067940
109.8056,ram,304300032,65314226176,282631
109.8056,cpu,15744252,22471807,540734610
109.8056,gpu,27,7,0
110.0056,disk0,926016744022016,2085567263,12832665096788845
110.0056,disk0w,2189244342272,19746739,1284659914772
110.0056,disk4,2138850310144,4344660,37007092095517
110.0056,disk4w,2195456,171,27582691
110.0056,disk8,3214253369344,3226846,46750490568176
110.0056,disk8w,320163840,41745,1705073465
110.0056,disk6,4091336628224,6749182,79305333846864
110.0056,disk6w,380928,53,8067940
110.0056,ram,304300032,65314226176,282631
110.0056,cpu,15744252,22471807,540734610
110.0056,gpu,0,0,0
110.2056,disk0,926018796810240,2085571458,12832677108153948
110.2056,disk0w,2189244342272,19746739,1284659914772
110.2056,disk4,2139482011648,4345908,37010549624565
110.2056,disk4w,2195456,171,27582691
110.2056,disk8,3214829824000,3227437,46751232096683
110.2056,disk8w,320163840,41745,1705073465
110.2056,disk6,4092600080384,6751386,79319627811174
110.2056,disk6w,380928,53,8067940
110.2056,ram,304300032,65314226176,282631
110.2056,cpu,15744252,22471807,540734610
110.2056,gpu,0,0,0
110.4056,disk0,926020868206592,2085577250,12832689136796956
110.4056,disk0w,2189244342272,19746739,1284659914772
110.4056,disk4,2140218996736,4347367,37014592243198
110.4056,disk4w,2195456,171,27582691
110.4056,disk8,3215391860736,3228013,46751971652817
110.4056,disk8w,320163840,41745,1705073465
110.4056,disk6,4093896235008,6753762,79336021031640
110.4056,disk6w,380928,53,8067940
110.4056,ram,304300032,65314226176,282631
110.4056,cpu,15744252,22471807,540734610
110.4056,gpu,0,0,0
110.6056,disk0,926022769397760,2085580841,12832699723737598
110.6056,disk0w,2189244342272,19746739,1284659914772
110.6056,disk4,2140894574592,4348724,37020196894040
110.6056,disk4w,2195456,171,27582691
110.6056,disk8,3215962630144,3228598,46753431200287
110.6056,disk8w,320163840,41745,1705073465
110.6056,disk6,4095020046336,6755674,79345962267723
110.6056,disk6w,380928,53,8067940
110.6056,ram,301301760,65152499712,282631
110.6056,cpu,15744291,22471928,540736262
110.6056,gpu,0,0,0
110.8050,disk0,926025007951872,2085595643,12832719841574983
110.8050,disk0w,2189244358656,19746743,1284659997770
110.8050,disk4,2141579966464,4350128,37025312265852
110.8050,disk4w,2195456,171,27582691
110.8050,disk8,3216515885056,3229165,46754145543258
110.8050,disk8w,320163840,41745,1705073465
110.8050,disk6,4096164747264,6757349,79353437847448
110.8050,disk6w,380928,53,8067940
110.8050,ram,301301760,65152499712,282631
110.8050,cpu,15744291,22471928,540736262
110.8050,gpu,0,0,0
111.0056,disk0,926026974142464,2085598809,12832727265951977
111.0056,disk0w,2189244358656,19746743,1284659997770
111.0056,disk4,2142621038592,4352261,37037000889204
111.0056,disk4w,2195456,171,27582691
111.0056,disk8,3216981321728,3229642,46754665465186
111.0056,disk8w,320163840,41745,1705073465
111.0056,disk6,4097416845312,6758929,79361028030527
111.0056,disk6w,380928,53,8067940
111.0056,ram,301301760,65152499712,282631
111.0056,cpu,15744291,22471928,540736262
111.0056,gpu,27,7,0
111.2056,disk0,926028832792576,2085602286,12832734206183658
111.2056,disk0w,2189244358656,19746743,1284659997770
111.2056,disk4,2143430162432,4353921,37043901664779
111.2056,disk4w,2195456,171,27582691
111.2056,disk8,3217534576640,3230209,46755589929748
111.2056,disk8w,320163840,41745,1705073465
111.2056,disk6,4098717440000,6760618,79371823103678
111.2056,disk6w,380928,53,8067940
111.2056,ram,301301760,65152499712,282631
111.2056,cpu,15744291,22471928,540736262
111.2056,gpu,0,0,0
111.4034,disk0,926031016419328,2085606673,12832745278773824
111.4034,disk0w,2189244358656,19746743,1284659997770
111.4034,disk4,2144175536128,4355417,37050451752715
111.4034,disk4w,2195456,171,27582691
111.4034,disk8,3218026358784,3230713,46756195466535
111.4034,disk8w,320163840,41745,1705073465
111.4034,disk6,4099917993984,6762574,79383415797521
111.4034,disk6w,380928,53,8067940
111.4034,ram,301301760,65152499712,282631
111.4034,cpu,15744291,22471928,540736262
111.4034,gpu,0,0,0
111.6056,disk0,926033175683072,2085611399,12832759676511385
111.6056,disk0w,2189244358656,19746743,1284659997770
111.6056,disk4,2144939227136,4356902,37055571071476
111.6056,disk4w,2195456,171,27582691
111.6056,disk8,3218509359104,3231208,46756867237918
111.6056,disk8w,320163840,41745,1705073465
111.6056,disk6,4101136283648,6764629,79394621425941
111.6056,disk6w,380928,53,8067940
111.6056,ram,301776896,65371701248,282631
111.6056,cpu,15744342,22472076,540737876
111.6056,gpu,0,0,0
111.8056,disk0,926035324481536,2085616120,12832771095484604
111.8056,disk0w,2189244358656,19746743,1284659997770
111.8056,disk4,2145825372160,4358656,37062124767656
111.8056,disk4w,2195456,171,27582691
111.8056,disk8,3219194341376,3231910,46757947847471
111.8056,disk8w,320163840,41745,1705073465
111.8056,disk6,4102412351488,6766946,79406568340992
111.8056,disk6w,380928,53,8067940
111.8056,ram,301776896,65371701248,282631
111.8056,cpu,15744343,22472083,540737909
111.8056,gpu,31,8,0
112.0056,disk0,926037342109696,2085624041,12832784082320475
112.0056,disk0w,2189244358656,19746743,1284659997770
112.0056,disk4,2146614999040,4360218,37068159537108
112.0056,disk4w,2195456,171,27582691
112.0056,disk8,3219749693440,3232479,46758577408449
112.0056,disk8w,320163840,41745,1705073465
112.0056,disk6,4103723763712,6769573,79422282850340
112.0056,disk6w,380928,53,8067940
112.0056,ram,301776896,65371701248,282631
112.0056,cpu,15744343,22472083,540737909
112.0056,gpu,38,6,0
112.2037,disk0,926039147827200,2085628258,12832793174627643
112.2037,disk0w,2189244358656,19746743,1284659997770
112.2037,disk4,2147229153280,4361462,37072263017396
112.2037,disk4w,2195456,171,27582691
112.2037,disk8,3220375218176,3233120,46760619925809
112.2037,disk8w,320163840,41745,1705073465
112.2037,disk6,4104868583424,6771653,79435862280399
112.2037,disk6w,380928,53,8067940
112.2037,ram,301776896,65371701248,282631
112.2037,cpu,15744343,22472083,540737909
112.2037,gpu,35,5,0
112.4056,disk0,926041140670464,2085639898,12832808939432959
112.4056,disk0w,2189244358656,19746743,1284659997770
112.4056,disk4,2147864000512,4362763,37075185612207
112.4056,disk4w,2195456,171,27582691
112.4056,disk8,3220897933312,3233656,46761265150553
112.4056,disk8w,320163840,41745,1705073465
112.4056,disk6,4106234861568,6773466,79447475618849
112.4056,disk6w,380928,53,8067940
112.4056,ram,301776896,65371701248,282631
112.4056,cpu,15744343,22472083,540737909
112.4056,gpu,0,0,0
112.6008,disk0,926043257176064,2085643529,12832816772883912
112.6008,disk0w,2189244358656,19746743,1284659997770
112.6008,disk4,2148665931776,4364407,37081605998239
112.6008,disk4w,2195456,171,27582691
112.6008,disk8,3221407279104,3234178,46761862989511
112.6008,disk8w,320163840,41745,1705073465
112.6008,disk6,4107574958080,6775311,79458503158410
112.6008,disk6w,380928,53,8067940
112.6008,ram,304021504,65259667456,282631
112.6008,cpu,15744389,22472223,540739456
112.6008,gpu,0,0,0
112.8056,disk0,926045631254528,2085648548,12832833118478731
112.8056,disk0w,2189244358656,19746743,1284659997770
112.8056,disk4,2149491849216,4366100,37089133717180
112.8056,disk4w,2195456,171,27582691
112.8056,disk8,3221935237120,3234719,46762510919827
112.8056,disk8w,320163840,41745,1705073465
112.8056,disk6,4108769974272,6777085,79466264054077
112.8056,disk6w,380928,53,8067940
112.8056,ram,304021504,65259667456,282631
112.8056,cpu,15744391,22472226,540739499
112.8056,gpu,0,0,0
113.0056,disk0,926047788904448,2085652949,12832844570300347
113.0056,disk0w,2189244358656,19746743,1284659997770
113.0056,disk4,2150141999104,4367371,37092991473637
113.0056,disk4w,2195456,171,27582691
113.0056,disk8,3222498322432,3235296,46763196877596
113.0056,disk8w,320163840,41745,1705073465
113.0056,disk6,4110050818048,6779341,79480681292986
113.0056,disk6w,380928,53,8067940
113.0056,ram,304021504,65259667456,282631
113.0056,cpu,15744391,22472226,540739499
113.0056,gpu,29,7,0
113.2056,disk0,926049983451136,2085657711,12832858694526505
113.2056,disk0w,2189244358656,19746743,1284659997770
113.2056,disk4,2150883964928,4368839,37099333740022
113.2056,disk4w,2195456,171,27582691
113.2056,disk8,3223128516608,3235942,46764036457642
113.2056,disk8w,320163840,41745,1705073465
113.2056,disk6,4111293429760,6781617,79492186538394
113.2056,disk6w,380928,53,8067940
113.2056,ram,304021504,65259667456,282631
113.2056,cpu,15744391,22472226,540739499
113.2056,gpu,0,0,0
113.4056,disk0,926051858259968,2085663325,12832867845302225
113.4056,disk0w,2189244358656,19746743,1284659997770
113.4056,disk4,2151741552640,4370536,37105816497539
113.4056,disk4w,2195456,171,27582691
113.4056,disk8,3223634323456,3236460,46764656937679
113.4056,disk8w,320163840,41745,1705073465
113.4056,disk6,4112601905152,6783788,79507419827951
113.4056,disk6w,380928,53,8067940
113.4056,ram,304021504,65259667456,282631
113.4056,cpu,15744391,22472226,540739499
113.4056,gpu,0,0,0
113.6042,disk0,926053600866304,2085666524,12832875068284930
113.6042,disk0w,2189244358656,19746743,1284659997770
113.6042,disk4,2152529491968,4372095,37114277475563
113.6042,disk4w,2195456,171,27582691
113.6042,disk8,3224117536768,3236954,46765739840771
113.6042,disk8w,320163840,41745,1705073465
113.6042,disk6,4113706567680,6786018,79519245810152
113.6042,disk6w,380928,53,8067940
113.6042,ram,303710208,65183039488,282631
113.6042,cpu,15744428,22472346,540741080
113.6042,gpu,0,0,0
113.8056,disk0,926055871184896,2085672336,12832888787462385
113.8056,disk0w,2189244358656,19746743,1284659997770
113.8056,disk4,2153400711168,4373882,37122031415925
113.8056,disk4w,2195456,171,27582691
113.8056,disk8,3224709163008,3237562,46766985724405
113.8056,disk8w,320163840,41745,1705073465
113.8056,disk6,4114978490368,6787832,79526985885347
113.8056,disk6w,380928,53,8067940
113.8056,ram,303710208,65183039488,282631
113.8056,cpu,15744429,22472346,540741085
113.8056,gpu,0,0,0
114.0019,disk0,926058152214528,2085675986,12832900778200950
114.0019,disk0w,2189244358656,19746743,1284659997770
114.0019,disk4,2154090149888,4375296,37126880512790
114.0019,disk4w,2195456,171,27582691
114.0019,disk8,3225253636096,3238120,46767589982977
114.0019,disk8w,320163840,41745,1705073465
114.0019,disk6,4116189022208,6789318,79534546422442
114.0019,disk6w,380928,53,8067940
114.0019,ram,303710208,65183039488,282631
114.0019,cpu,15744429,22472346,540741085
114.0019,gpu,0,0,0
114.2056,disk0,926060612272128,2085680418,12832915641557588
114.2056,disk0w,2189244358656,19746743,1284659997770
114.2056,disk4,2154809587712,4376771,37131136777881
114.2056,disk4w,2195456,171,27582691
114.2056,disk8,3225921054720,3238804,46768587891493
114.2056,disk8w,320163840,41745,1705073465
114.2056,disk6,4117409351680,6791270,79544413168281
114.2056,disk6w,380928,53,8067940
114.2056,ram,303710208,65183039488,282631
114.2056,cpu,15744429,22472346,540741085
114.2056,gpu,0,0,0
114.4056,disk0,926063041265664,2085685615,12832932061034885
114.4056,disk0w,2189244358656,19746743,1284659997770
114.4056,disk4,2155427411968,4378023,37135408524175
114.4056,disk4w,2195456,171,27582691
114.4056,disk8,3226535782400,3239434,46769354567907
114.4056,disk8w,320163840,41745,1705073465
114.4056,disk6,4118618834944,6793127,79553907491669
114.4056,disk6w,380928,53,8067940
114.4056,ram,303710208,65183039488,282631
114.4056,cpu,15744429,22472346,540741085
114.4056,gpu,0,0,0
114.6056,disk0,926065328148480,2085690461,12832945789415837
114.6056,disk0w,2189244358656,19746743,1284659997770
114.6056,disk4,2156108085248,4379345,37139242847236
114.6056,disk4w,2195456,171,27582691
114.6056,disk8,3227176855552,3240091,46770163903299
114.6056,disk8w,320163840,41745,1705073465
114.6056,disk6,4119801530368,6795210,79567272823554
114.6056,disk6w,380928,53,8067940
114.6056,ram,303857664,65360740352,282631
114.6056,cpu,15744469,22472463,540742707
114.6056,gpu,30,6,0
114.8056,disk0,926067457400832,2085694716,12832958621558568
114.8056,disk0w,2189244358656,19746743,1284659997770
114.8056,disk4,2156594313216,4380305,37141190594141
114.8056,disk4w,2195456,171,27582691
114.8056,disk8,3227756455936,3240685,46770913133811
114.8056,disk8w,320163840,41745,1705073465
114.8056,disk6,4121104517120,6797655,79583658911594
114.8056,disk6w,380928,53,8067940
114.8056,ram,302792704,65360805888,282631
114.8056,cpu,15744469,22472464,540742710
114.8056,gpu,0,0,0
115.0008,disk0,926069233704960,2085701919,12832972210493925
115.0008,disk0w,2189244358656,19746743,1284659997770
115.0008,disk4,2157300922368,4381698,37145830887156
115.0008,disk4w,2195456,171,27582691
115.0008,disk8,3228300929024,3241243,46771588721330
115.0008,disk8w,320163840,41745,1705073465
115.0008,disk6,4122390599680,6799992,79599296257021
115.0008,disk6w,380928,53,8067940
115.0008,ram,302792704,65360805888,282631
115.0008,cpu,15744469,22472464,540742710
115.0008,gpu,0,0,0
115.2056,disk0,926071375196160,2085706080,12832983135592116
115.2056,disk0w,2189244358656,19746743,1284659997770
115.2056,disk4,2158186526720,4383479,37154195146691
115.2056,disk4w,2195456,171,27582691
115.2056,disk8,3228937349120,3241895,46773071218245
115.2056,disk8w,320163840,41745,1705073465
115.2056,disk6,4123377227776,6801718,79606032404632
115.2056,disk6w,380928,53,8067940
115.2056,ram,302792704,65360805888,282631
115.2056,cpu,15744469,22472464,540742710
115.2056,gpu,0,0,0
115.4014,disk0,926073617907712,2085710723,12832995697650080
115.4014,disk0w,2189244358656,19746743,1284659997770
115.4014,disk4,2158950742016,4385046,37160351562676
115.4014,disk4w,2195456,171,27582691
115.4014,disk8,3229451282432,3242422,46773713675442
115.4014,disk8w,320163840,41745,1705073465
115.4014,disk6,4124558219264,6803231,79613617196481
115.4014,disk6w,380928,53,8067940
115.4014,ram,302792704,65360805888,282631
115.4014,cpu,15744469,22472464,540742710
115.4014,gpu,0,0,0
115.6056,disk0,926075756814336,2085714599,12833004930949160
115.6056,disk0w,2189244358656,19746743,1284659997770
115.6056,disk4,2159635085312,4386448,37164940941160
115.6056,disk4w,2195456,171,27582691
115.6056,disk8,3229890373632,3242872,46774284587415
115.6056,disk8w,320163840,41745,1705073465
115.6056,disk6,4125959362560,6805082,79626760149070
115.6056,disk6w,380928,53,8067940
115.6056,ram,302874624,65251721216,282631
115.6056,cpu,15744509,22472585,540744327
115.6056,gpu,0,0,0
115.8056,disk0,926077684965376,2085718653,12833013603385583
115.8056,disk0w,2189244358656,19746743,1284659997770
115.8056,disk4,2160577017856,4388379,37175306632287
115.8056,disk4w,2195456,171,27582691
115.8056,disk8,3230417283072,3243412,46774899356029
115.8056,disk8w,320163840,41745,1705073465
115.8056,disk6,4127296329728,6806884,79636188896141
115.8056,disk6w,380928,53,8067940
115.8056,ram,303497216,65285292032,282631
115.8056,cpu,15744509,22472586,540744332
115.8056,gpu,0,0,0
116.0022,disk0,926079801454592,2085723188,12833024813244947
116.0022,disk0w,2189244358656,19746743,1284659997770
116.0022,disk4,2161379604480,4389965,37183565553964
116.0022,disk4w,2195456,171,27582691
116.0022,disk8,3231084701696,3244096,46776066210673
116.0022,disk8w,320163840,41745,1705073465
116.0022,disk6,4128533182464,6809035,79646639516360
116.0022,disk6w,380928,53,8067940
116.0022,ram,303497216,65285292032,282631
116.0022,cpu,15744509,22472586,540744332
116.0022,gpu,0,0,0
116.2056,disk0,926082079698944,2085728147,12833039118151268
116.2056,disk0w,2189244358656,19746743,1284659997770
116.2056,disk4,2162279626752,4391735,37192966278365
116.2056,disk4w,2195456,171,27582691
116.2056,disk8,3231559968768,3244583,46776645486468
116.2056,disk8w,320163840,41745,1705073465
116.2056,disk6,4129742632960,6811441,79657039354100
116.2056,disk6w,380928,53,8067940
116.2056,ram,303497216,65285292032,282631
116.2056,cpu,15744509,22472586,540744332
116.2056,gpu,0,0,0
116.4056,disk0,926083953074176,2085738114,12833050495318545
116.4056,disk0w,2189244358656,19746743,1284659997770
116.4056,disk4,2163162085376,4393478,37200849206901
116.4056,disk4w,2195456,171,27582691
116.4056,disk8,3232120956928,3245158,46777317423823
116.4056,disk8w,320163840,41745,1705073465
116.4056,disk6,4131000813568,6813507,79670626522325
116.4056,disk6w,380928,53,8067940
116.4056,ram,303497216,65285292032,282631
116.4056,cpu,15744509,22472586,540744332
116.4056,gpu,35,7,0
116.6056,disk0,926085937045504,2085741618,12833061445266918
116.6056,disk0w,2189244358656,19746743,1284659997770
116.6056,disk4,2163846428672,4394833,37206241121422
116.6056,disk4w,2195456,171,27582691
116.6056,disk8,3232656615424,3245707,46778237150808
116.6056,disk8w,320163840,41745,1705073465
116.6056,disk6,4132031809536,6815644,79682130603560
116.6056,disk6w,380928,53,8067940
116.6056,ram,300941312,65165099008,282631
116.6056,cpu,15744551,22472727,540745921
116.6056,gpu,0,0,0
116.8046,disk0,926088021303296,2085747538,12833071864775307
116.8046,disk0w,2189244358656,19746743,1284659997770
116.8046,disk4,2164671674368,4396525,37211749270351
116.8046,disk4w,2195456,171,27582691
116.8046,disk8,3233256925184,3246322,46779314934599
116.8046,disk8w,320163840,41745,1705073465
116.8046,disk6,4133306730496,6817575,79694890830989
116.8046,disk6w,380928,53,8067940
116.8046,ram,302694400,65231634432,282631
116.8046,cpu,15744554,22472730,540745956
116.8046,gpu,0,0,0
117.0016,disk0,926090190319616,2085751110,12833080018015638
117.0016,disk0w,2189244358656,19746743,1284659997770
117.0016,disk4,2165579544576,4398385,37220785154615
117.0016,disk4w,2195456,171,27582691
117.0016,disk8,3233798252544,3246877,46780032584829
117.0016,disk8w,320163840,41745,1705073465
117.0016,disk6,4134578046976,6819075,79702189033997
117.0016,disk6w,380928,53,8067940
117.0016,ram,302694400,65231634432,282631
117.0016,cpu,15744554,22472730,540745956
117.0016,gpu,0,0,0
117.2056,disk0,926092333498368,2085755225,12833091286520466
117.2056,disk0w,2189244358656,19746743,1284659997770
117.2056,disk4,2166355687424,4399977,37229393113701
117.2056,disk4w,2195456,171,27582691
117.2056,disk8,3234395416576,3247489,46780845511836
117.2056,disk8w,320163840,41745,1705073465
117.2056,disk6,4135746750464,6820818,79710816686368
117.2056,disk6w,380928,53,8067940
117.2056,ram,302694400,65231634432,282631
117.2056,cpu,15744554,22472730,540745956
117.2056,gpu,0,0,0
117.4044,disk0,926094258601984,2085759370,12833101843352953
117.4044,disk0w,2189244358656,19746743,1284659997770
117.4044,disk4,2166796990464,4400877,37232058565483
117.4044,disk4w,2195456,171,27582691
117.4044,disk8,3234879465472,3247985,46781469926037
117.4044,disk8w,320163840,41745,1705073465
117.4044,disk6,4137076590592,6822854,79726920594073
117.4044,disk6w,380928,53,8067940
117.4044,ram,302694400,65231634432,282631
117.4044,cpu,15744554,22472730,540745956
117.4044,gpu,0,0,0
117.6056,disk0,926096458145792,2085763822,12833114214549096
117.6056,disk0w,2189244358656,19746743,1284659997770
117.6056,disk4,2167461165056,4402164,37236301060771
117.6056,disk4w,2195456,171,27582691
117.6056,disk8,3235431671808,3248551,46782134341840
117.6056,disk8w,320163840,41745,1705073465
117.6056,disk6,4138375374848,6825260,79740352992699
117.6056,disk6w,380928,53,8067940
117.6056,ram,306364416,65371471872,282631
117.6056,cpu,15744597,22472854,540747528
117.6056,gpu,35,6,0
117.8056,disk0,926098697519104,2085768829,12833127820263365
117.8056,disk0w,2189244358656,19746743,1284659997770
117.8056,disk4,2168302286848,4403824,37242223266235
117.8056,disk4w,2195456,171,27582691
117.8056,disk8,3236040763392,3249175,46782823951131
117.8056,disk8w,320163840,41745,1705073465
117.8056,disk6,4139638433792,6827513,79752623574316
117.8056,disk6w,380928,53,8067940
117.8056,ram,306708480,65371471872,282631
117.8056,cpu,15744598,22472861,540747595
117.8056,gpu,0,0,0
118.0056,disk0,926100668137472,2085781214,12833145224405173
118.0056,disk0w,2189244358656,19746743,1284659997770
118.0056,disk4,2169120962560,4405439,37248473218919
118.0056,disk4w,2195456,171,27582691
118.0056,disk8,3236661127168,3249811,46783512008084
118.0056,disk8w,320163840,41745,1705073465
118.0056,disk6,4140762245120,6829361,79762792450774
118.0056,disk6w,380928,53,8067940
118.0056,ram,306708480,65371471872,282631
118.0056,cpu,15744598,22472861,540747595
118.0056,gpu,36,6,0
118.2056,disk0,926102668636160,2085784977,12833155879900046
118.2056,disk0w,2189244358656,19746743,1284659997770
118.2056,disk4,2169842513920,4406877,37253074356815
118.2056,disk4w,2195456,171,27582691
118.2056,disk8,3237073807360,3250234,46784304467570
118.2056,disk8w,320163840,41745,1705073465
118.2056,disk6,4141885687808,6831543,79777158029718
118.2056,disk6w,380928,53,8067940
118.2056,ram,306708480,65371471872,282631
118.2056,cpu,15744598,22472861,540747595
118.2056,gpu,0,0,0
118.4056,disk0,926105181581312,2085791394,12833172429355043
118.4056,disk0w,2189244358656,19746743,1284659997770
118.4056,disk4,2170559330304,4408346,37257728411315
118.4056,disk4w,2195456,171,27582691
118.4056,disk8,3237760886784,3250938,46785347007458
118.4056,disk8w,320163840,41745,1705073465
118.4056,disk6,4143148177408,6833234,79784821602129
118.4056,disk6w,380928,53,8067940
118.4056,ram,306708480,65371471872,282631
118.4056,cpu,15744598,22472861,540747595
118.4056,gpu,34,8,0
118.6056,disk0,926107228778496,2085794719,12833182621738683
118.6056,disk0w,2189244358656,19746743,1284659997770
118.6056,disk4,2171398600704,4410064,37264747599576
118.6056,disk4w,2195456,171,27582691
118.6056,disk8,3238399862784,3251593,46786069002959
118.6056,disk8w,320163840,41745,1705073465
118.6056,disk6,4144388478976,6834796,79793429730706
118.6056,disk6w,380928,53,8067940
118.6056,ram,308772864,65224622080,282631
118.6056,cpu,15744634,22472987,540749138
118.6056,gpu,0,0,0
118.8056,disk0,926109452726272,2085799203,12833192499388055
118.8056,disk0w,2189244358656,19746743,1284659997770
118.8056,disk4,2172337100800,4411988,37272372012647
118.8056,disk4w,2195456,171,27582691
118.8056,disk8,3238961899520,3252169,46786766526810
118.8056,disk8w,320163840,41745,1705073465
118.8056,disk6,4145729173504,6836715,79803524795142
118.8056,disk6w,380928,53,8067940
118.8056,ram,308002816,65291747328,282631
118.8056,cpu,15744636,22472992,540749204
118.8056,gpu,32,7,0
119.0056,disk0,926111479197696,2085803405,12833202209607866
119.0056,disk0w,2189244358656,19746743,1284659997770
119.0056,disk4,2173045422080,4413393,37276895159094
119.0056,disk4w,2195456,171,27582691
119.0056,disk8,3239444899840,3252664,46787321672337
119.0056,disk8w,320163840,41745,1705073465
119.0056,disk6,4147081607168,6838927,79819345223684
119.0056,disk6w,380928,53,8067940
119.0056,ram,308002816,65291747328,282631
119.0056,cpu,15744636,22472992,540749204
119.0056,gpu,0,0,0
119.2056,disk0,926113582895104,2085807816,12833212936071055
119.2056,disk0w,2189244358656,19746743,1284659997770
119.2056,disk4,2173672159232,4414619,37279499917588
119.2056,disk4w,2195456,171,27582691
119.2056,disk8,3240030791680,3253264,46788409074526
119.2056,disk8w,320163840,41745,1705073465
119.2056,disk6,4148446664704,6841344,79836624540847
119.2056,disk6w,380928,53,8067940
119.2056,ram,308002816,65291747328,282631
119.2056,cpu,15744636,22472992,540749204
119.2056,gpu,28,5,0
119.4056,disk0,926115560685568,2085813366,12833222857471912
119.4056,disk0w,2189244358656,19746743,1284659997770
119.4056,disk4,2174506956800,4416263,37284833179825
119.4056,disk4w,2195456,171,27582691
119.4056,disk8,3240595318784,3253843,46789123148839
119.4056,disk8w,320163840,41745,1705073465
119.4056,disk6,4149794154496,6843646,79852800079393
119.4056,disk6w,380928,53,8067940
119.4056,ram,308002816,65291747328,282631
119.4056,cpu,15744636,22472992,540749204
119.4056,gpu,48,5,0
119.6025,disk0,926117751492608,2085819676,12833235417079888
119.6025,disk0w,2189244358656,19746743,1284659997770
119.6025,disk4,2175181993984,4417600,37290064841591
119.6025,disk4w,2195456,171,27582691
119.6025,disk8,3241148573696,3254410,46789834836410
119.6025,disk8w,320163840,41745,1705073465
119.6025,disk6,4150952077312,6845948,79863856520400
119.6025,disk6w,380928,53,8067940
119.6025,ram,303054848,64858275840,282631
119.6025,cpu,15744636,22472992,540749204
119.6025,gpu,31,6,0
119.8056,disk0,926119760842752,2085824105,12833245895211093
119.8056,disk0w,2189244358656,19746743,1284659997770
119.8056,disk4,2175848790016,4418968,37294464545242
119.8056,disk4w,2195456,171,27582691
119.8056,disk8,3241787090944,3255064,46790998210857
119.8056,disk8w,320163840,41745,1705073465
119.8056,disk6,4152215218176,6847892,79877450735887
119.8056,disk6w,380928,53,8067940
119.8056,ram,301645824,65156759552,282631
119.8056,cpu,15744682,22473120,540750817
119.8056,gpu,34,6,0
120.0056,disk0,926121962364928,2085827933,12833257502160331
120.0056,disk0w,2189244923904,19746774,1284660589428
120.0056,disk4,2176579770368,4420463,37299433168547
120.0056,disk4w,2195456,171,27582691
120.0056,disk8,3242459097088,3255753,46791890940426
120.0056,disk8w,320163840,41745,1705073465
120.0056,disk6,4153414477824,6849338,79886030126183
120.0056,disk6w,380928,53,8067940
120.0056,ram,301645824,65156759552,282631
120.0056,cpu,15744682,22473120,540750817
120.0056,gpu,50,5,0
120.2056,disk0,926123889192960,2085831686,12833265301362668
120.2056,disk0w,2189244923904,19746774,1284660589428
120.2056,disk4,2177483970560,4422313,37312074506639
120.2056,disk4w,2195456,171,27582691
120.2056,disk8,3243133200384,3256444,46793023415495
120.2056,disk8w,320163840,41745,1705073465
120.2056,disk6,4154570319872,6851144,79893582967697
120.2056,disk6w,380928,53,8067940
120.2056,ram,301645824,65156759552,282631
120.2056,cpu,15744682,22473120,540750817
120.2056,gpu,0,0,0
120.4056,disk0,926126073819136,2085836178,12833277120905616
120.4056,disk0w,2189244923904,19746774,1284660589428
120.4056,disk4,2178191357952,4423752,37317407577833
120.4056,disk4w,2195456,171,27582691
120.4056,disk8,3243624982528,3256948,46793621492082
120.4056,disk8w,320163840,41745,1705073465
120.4056,disk6,4155858561024,6853144,79906540209394
120.4056,disk6w,380928,53,8067940
120.4056,ram,301645824,65156759552,282631
120.4056,cpu,15744682,22473120,540750817
120.4056,gpu,0,0,0
120.6056,disk0,926128335450112,2085840920,12833287809346836
120.6056,disk0w,2189244923904,19746774,1284660589428
120.6056,disk4,2178822682624,4424979,37321137425715
120.6056,disk4w,2195456,171,27582691
120.6056,disk8,3244321892352,3257662,46794757887769
120.6056,disk8w,320163840,41745,1705073465
120.6056,disk6,4157188679680,6855362,79920348901793
120.6056,disk6w,380928,53,8067940
120.6056,ram,72089600,65788706816,282666
120.6056,cpu,15744682,22473120,540750817
120.6056,gpu,38,5,0
120.8056,disk0,926130744311808,2085846258,12833301753769965
120.8056,disk0w,2189244923904,19746774,1284660589428
120.8056,disk4,2179512662016,4426341,37325329042135
120.8056,disk4w,2195456,171,27582691
120.8056,disk8,3244936620032,3258292,46795602800730
120.8056,disk8w,320163840,41745,1705073465
120.8056,disk6,4158500939776,6857602,79932455627557
120.8056,disk6w,380928,53,8067940
120.8056,ram,70795264,65788706816,282666
120.8056,cpu,15744729,22473247,540752421
120.8056,gpu,31,5,0
121.0056,disk0,926132691779584,2085855730,12833315115769989
121.0056,disk0w,2189244923904,19746774,1284660589428
121.0056,disk4,2180226201600,4427749,37330765935653
121.0056,disk4w,2195456,171,27582691
121.0056,disk8,3245513074688,3258883,46796392457069
121.0056,disk8w,320163840,41745,1705073465
121.0056,disk6,4159734704128,6859989,79947556899380
121.0056,disk6w,380928,53,8067940
121.0056,ram,70795264,65788706816,282666
121.0056,cpu,15744729,22473247,540752421
121.0056,gpu,32,5,0
121.2030,disk0,926134807486464,2085860063,12833331677844133
121.2030,disk0w,2189244923904,19746774,1284660589428
121.2030,disk4,2180726945792,4428768,37333770776321
121.2030,disk4w,2195456,171,27582691
121.2030,disk8,3245996042240,3259378,46797189406733
121.2030,disk8w,320163840,41745,1705073465
121.2030,disk6,4160672348160,6861614,79955265084542
121.2030,disk6w,380928,53,8067940
121.2030,ram,70795264,65788706816,282666
121.2030,cpu,15744729,22473247,540752421
121.2030,gpu,0,0,0
121.4056,disk0,926136920268800,2085863677,12833339093427938
121.4056,disk0w,2189244923904,19746774,1284660589428
121.4056,disk4,2181404997632,4430156,37337875556389
121.4056,disk4w,2195456,171,27582691
121.4056,disk8,3246505388032,3259900,46797734687347
121.4056,disk8w,320163840,41745,1705073465
121.4056,disk6,4162083207168,6863484,79969500379180
121.4056,disk6w,380928,53,8067940
121.4056,ram,70795264,65788706816,282666
121.4056,cpu,15744729,22473247,540752421
121.4056,gpu,0,0,0
121.6056,disk0,926138801696768,2085866980,12833345876785692
121.6056,disk0w,2189244923904,19746774,1284660589428
121.6056,disk4,2182139262976,4431658,37344362719722
121.6056,disk4w,2195456,171,27582691
121.6056,disk8,3247005952000,3260413,46798315580384
121.6056,disk8w,320163840,41745,1705073465
121.6056,disk6,4163460659200,6865363,79982653092772
121.6056,disk6w,380928,53,8067940
121.6056,ram,61931520,65264730112,282666
121.6056,cpu,15744729,22473247,540752421
121.6056,gpu,43,7,0
121.8056,disk0,926141010374656,2085871679,12833359293644393
121.8056,disk0w,2189244923904,19746774,1284660589428
121.8056,disk4,2182863796224,4433141,37352177016977
121.8056,disk4w,2195456,171,27582691
121.8056,disk8,3247594334208,3261016,46798994238180
121.8056,disk8w,320163840,41745,1705073465
121.8056,disk6,4164710447104,6867308,79992459099747
121.8056,disk6w,380928,53,8067940
121.8056,ram,62128128,65264762880,282666
121.8056,cpu,15744779,22473392,540754074
121.8056,gpu,40,6,0
122.0056,disk0,926143164235776,2085875972,12833368753827087
122.0056,disk0w,2189244923904,19746774,1284660589428
122.0056,disk4,2183587149824,4434573,37357477048053
122.0056,disk4w,2195456,171,27582691
122.0056,disk8,3248165152768,3261601,46799773474981
122.0056,disk8w,320163840,41745,1705073465
122.0056,disk6,4166086293504,6869520,80005763757346
122.0056,disk6w,380928,53,8067940
122.0056,ram,62128128,65264762880,282666
122.0056,cpu,15744779,22473392,540754074
122.0056,gpu,0,0,0
122.2032,disk0,926145499762688,2085880904,12833381807998998
122.2032,disk0w,2189244923904,19746774,1284660589428
122.2032,disk4,2184272934912,4435923,37363055257966
122.2032,disk4w,2195456,171,27582691
122.2032,disk8,3248674498560,3262123,46800353589673
122.2032,disk8w,320163840,41745,1705073465
122.2032,disk6,4167259953152,6871713,80017683859958
122.2032,disk6w,380928,53,8067940
122.2032,ram,62128128,65264762880,282666
122.2032,cpu,15744779,22473392,540754074
122.2032,gpu,30,5,0
122.4039,disk0,926147544494080,2085888643,12833396655334822
122.4039,disk0w,2189244923904,19746774,1284660589428
122.4039,disk4,2185194305536,4437742,37374141760146
122.4039,disk4w,2195456,171,27582691
122.4039,disk8,3249359480832,3262825,46801189481906
122.4039,disk8w,320163840,41745,1705073465
122.4039,disk6,4168474793984,6873750,80025970370482
122.4039,disk6w,380928,53,8067940
122.4039,ram,62128128,65264762880,282666
122.4039,cpu,15744779,22473392,540754074
122.4039,gpu,0,0,0
122.6056,disk0,926149509242880,2085892972,12833407270194478
122.6056,disk0w,2189244923904,19746774,1284660589428
122.6056,disk4,2185859528704,4439059,37380241189244
122.6056,disk4w,2195456,171,27582691
122.6056,disk8,3249789790208,3263266,46801718857962
122.6056,disk8w,320163840,41745,1705073465
122.6056,disk6,4169548343296,6875919,80039920832052
122.6056,disk6w,380928,53,8067940
122.6056,ram,62128128,65264762880,282666
122.6056,cpu,15744779,22473392,540754074
122.6056,gpu,0,0,0
122.8033,disk0,926151544582144,2085901090,12833423175529666
122.8033,disk0w,2189244923904,19746774,1284660589428
122.8033,disk4,2186304354304,4439970,37382289497522
122.8033,disk4w,2195456,171,27582691
122.8033,disk8,3250246395904,3263734,46802401476893
122.8033,disk8w,320163840,41745,1705073465
122.8033,disk6,4170735593472,6877806,80053028251260
122.8033,disk6w,380928,53,8067940
122.8033,ram,174686208,65197277184,282666
122.8033,cpu,15744826,22473525,540755637
122.8033,gpu,0,0,0
123.0034,disk0,926153880195072,2085905267,12833436127432053
123.0034,disk0w,2189244923904,19746774,1284660589428
123.0034,disk4,2187193120768,4441793,37390460292180
123.0034,disk4w,2195456,171,27582691
123.0034,disk8,3250940160000,3264445,46803375774537
123.0034,disk8w,320163840,41745,1705073465
123.0034,disk6,4171880884224,6879207,80059403932598
123.0034,disk6w,380928,53,8067940
123.0034,ram,174686208,65197277184,282666
123.0034,cpu,15744826,22473525,540755637
123.0034,gpu,0,0,0
123.2033,disk0,926155990884352,2085909177,12833444836519676
123.2033,disk0w,2189244923904,19746774,1284660589428
123.2033,disk4,2187921340416,4443285,37396910338307
123.2033,disk4w,2195456,171,27582691
123.2033,disk8,3251623700480,3265145,46804248062387
123.2033,disk8w,320163840,41745,1705073465
123.2033,disk6,4173123086336,6880937,80070574059024
123.2033,disk6w,380928,53,8067940
123.2033,ram,174686208,65197277184,282666
123.2033,cpu,15744826,22473525,540755637
123.2033,gpu,0,0,0
123.4048,disk0,926157880401920,2085912850,12833453840837163
123.4048,disk0w,2189244923904,19746774,1284660589428
123.4048,disk4,2188482852864,4444437,37401738408152
123.4048,disk4w,2195456,171,27582691
123.4048,disk8,3252215621632,3265752,46805113899566
123.4048,disk8w,320163840,41745,1705073465
123.4048,disk6,4174420699136,6882916,80084710088393
123.4048,disk6w,380928,53,8067940
123.4048,ram,174686208,65197277184,282666
123.4048,cpu,15744826,22473525,540755637
123.4048,gpu,0,0,0
123.6035,disk0,926159565115392,2085916286,12833459626354469
123.6035,disk0w,2189244923904,19746774,1284660589428
123.6035,disk4,2189044365312,4445525,37405415101463
123.6035,disk4w,2195456,171,27582691
123.6035,disk8,3252714088448,3266263,46805771886392
123.6035,disk8w,320163840,41745,1705073465
123.6035,disk6,4175828989952,6885311,80103852393971
123.6035,disk6w,380928,53,8067940
123.6035,ram,174686208,65197277184,282666
123.6035,cpu,15744826,22473525,540755637
123.6035,gpu,0,0,0
123.8039,disk0,926162041643008,2085921630,12833478552971112
123.8039,disk0w,2189244923904,19746774,1284660589428
123.8039,disk4,2189788690432,4446989,37410256234752
123.8039,disk4w,2195456,171,27582691
123.8039,disk8,3253306664960,3266870,46806454119269
123.8039,disk8w,320163840,41745,1705073465
123.8039,disk6,4176972023808,6887528,80112582507744
123.8039,disk6w,380928,53,8067940
123.8039,ram,226770944,65360330752,282666
123.8039,cpu,15744878,22473659,540757338
123.8039,gpu,0,0,0
124.0056,disk0,926163992801280,2085928089,12833488981405309
124.0056,disk0w,2189244923904,19746774,1284660589428
124.0056,disk4,2190533408768,4448461,37416299224733
124.0056,disk4w,2195456,171,27582691
124.0056,disk8,3253839210496,3267416,46807091055553
124.0056,disk8w,320163840,41745,1705073465
124.0056,disk6,4178279716864,6889651,80126958423481
124.0056,disk6w,380928,53,8067940
124.0056,ram,226770944,65360330752,282666
124.0056,cpu,15744878,22473659,540757338
124.0056,gpu,0,0,0
124.2056,disk0,926165991923712,2085931716,12833499567651469
124.2056,disk0w,2189244923904,19746774,1284660589428
124.2056,disk4,2191290415104,4449972,37422891893888
124.2056,disk4w,2195456,171,27582691
124.2056,disk8,3254242093056,3267829,46807717646414
124.2056,disk8w,320163840,41745,1705073465
124.2056,disk6,4179425519616,6891915,80138455852464
124.2056,disk6w,380928,53,8067940
124.2056,ram,226770944,65360330752,282666
124.2056,cpu,15744878,22473659,540757338
124.2056,gpu,0,0,0
124.4010,disk0,926168056885248,2085939076,12833514541202331
124.4010,disk0w,2189244923904,19746774,1284660589428
124.4010,disk4,2192097589248,4451628,37429452082039
124.4010,disk4w,2195456,171,27582691
124.4010,disk8,3254819203072,3268420,46808507151762
124.4010,disk8w,320163840,41745,1705073465
124.4010,disk6,4180496721920,6893559,80146914210979
124.4010,disk6w,380928,53,8067940
124.4010,ram,226770944,65360330752,282666
124.4010,cpu,15744878,22473659,540757338
124.4010,gpu,28,9,0
124.6056,disk0,926170236534784,2085942587,12833523601251601
124.6056,disk0w,2189244923904,19746774,1284660589428
124.6056,disk4,2193036376064,4453550,37438027512059
124.6056,disk4w,2195456,171,27582691
124.6056,disk8,3255533021184,3269152,46809808687287
124.6056,disk8w,320163840,41745,1705073465
124.6056,disk6,4181764384768,6895141,80154693329263
124.6056,disk6w,380928,53,8067940
124.6056,ram,226770944,65360330752,282666
124.6056,cpu,15744878,22473659,540757338
124.6056,gpu,0,0,0
124.8056,disk0,926172613128192,2085947171,12833535802373888
124.8056,disk0w,2189244940288,19746778,1284660649843
124.8056,disk4,2193911789568,4455344,37445783000615
124.8056,disk4w,2195456,171,27582691
124.8056,disk8,3256077494272,3269710,46810471469395
124.8056,disk8w,320163840,41745,1705073465
124.8056,disk6,4183005390848,6896884,80162443185159
124.8056,disk6w,380928,53,8067940
124.8056,ram,253394944,65265680384,282666
124.8056,cpu,15744924,22473791,540758910
124.8056,gpu,42,7,0
125.0056,disk0,926174786285568,2085951596,12833548017893510
125.0056,disk0w,2189244940288,19746778,1284660649843
125.0056,disk4,2194685818880,4456885,37451349197167
125.0056,disk4w,2195456,171,27582691
125.0056,disk8,3256634943488,3270281,46811139073788
125.0056,disk8w,320163840,41745,1705073465
125.0056,disk6,4184353073152,6899129,80174085508696
125.0056,disk6w,380928,53,8067940
125.0056,ram,253394944,65265680384,282666
125.0056,cpu,15744924,22473791,540758910
125.0056,gpu,0,0,0
125.2041,disk0,926176870199296,2085956003,12833559219361630
125.2041,disk0w,2189244940288,19746778,1284660649843
125.2041,disk4,2195232405504,4457956,37454692839614
125.2041,disk4w,2195456,171,27582691
125.2041,disk8,3257192785920,3270853,46812325643640
125.2041,disk8w,320163840,41745,1705073465
125.2041,disk6,4185547274240,6901240,80188332539138
125.2041,disk6w,380928,53,8067940
125.2041,ram,253394944,65265680384,282666
125.2041,cpu,15744924,22473791,540758910
125.2041,gpu,38,7,0
125.4056,disk0,926178804899840,2085960685,12833569695540960
125.4056,disk0w,2189244940288,19746778,1284660649843
125.4056,disk4,2196027414528,4459525,37459144319760
125.4056,disk4w,2195456,171,27582691
125.4056,disk8,3257772386304,3271447,46813113551309
125.4056,disk8w,320163840,41745,1705073465
125.4056,disk6,4186898405376,6903519,80202508756843
125.4056,disk6w,380928,53,8067940
125.4056,ram,253394944,65265680384,282666
125.4056,cpu,15744924,22473791,540758910
125.4056,gpu,0,0,0
125.6056,disk0,926180955570176,2085965899,12833580368119039
125.6056,disk0w,2189244940288,19746778,1284660649843
125.6056,disk4,2196762155008,4460976,37464151774671
125.6056,disk4w,2195456,171,27582691
125.6056,disk8,3258278193152,3271965,46813725372426
125.6056,disk8w,320163840,41745,1705073465
125.6056,disk6,4188202801152,6906054,80220881678035
125.6056,disk6w,380928,53,8067940
125.6056,ram,253394944,65265680384,282666
125.6056,cpu,15744924,22473791,540758910
125.6056,gpu,0,0,0
125.8011,disk0,926183048855552,2085969968,12833592343984572
125.8011,disk0w,2189244940288,19746778,1284660649843
125.8011,disk4,2197586360320,4462660,37469731441522
125.8011,disk4w,2195456,171,27582691
125.8011,disk8,3258878863360,3272581,46814677941344
125.8011,disk8w,320163840,41745,1705073465
125.8011,disk6,4189320058880,6907894,80230808077016
125.8011,disk6w,380928,53,8067940
125.8011,ram,84344832,65253883904,282666
125.8011,cpu,15744967,22473915,540760520
125.8011,gpu,0,0,0
126.0056,disk0,926185480617984,2085974187,12833605255813849
126.0056,disk0w,2189244940288,19746778,1284660649843
126.0056,disk4,2198324918272,4464173,37474336676688
126.0056,disk4w,2195456,171,27582691
126.0056,disk8,3259651663872,3273373,46815884162661
126.0056,disk8w,320163840,41745,1705073465
126.0056,disk6,4190635759616,6909512,80238816000764
126.0056,disk6w,380928,53,8067940
126.0056,ram,84344832,65253883904,282666
126.0056,cpu,15744967,22473915,540760520
126.0056,gpu,0,0,0
126.2056,disk0,926187722559488,2085978364,12833616723211292
126.2056,disk0w,2189244940288,19746778,1284660649843
126.2056,disk4,2199104346112,4465771,37482416691353
126.2056,disk4w,2195456,171,27582691
126.2056,disk8,3260310300672,3274048,46816887472684
126.2056,disk8w,320163840,41745,1705073465
126.2056,disk6,4191775578112,6911138,80246359854974
126.2056,disk6w,380928,53,8067940
126.2056,ram,84344832,65253883904,282666
126.2056,cpu,15744967,22473915,540760520
126.2056,gpu,30,6,0
126.4056,disk0,926190021132288,2085982836,12833629597324690
126.4056,disk0w,2189244940288,19746778,1284660649843
126.4056,disk4,2199746770944,4467078,37486791507054
126.4056,disk4w,2195456,171,27582691
126.4056,disk8,3260837210112,3274588,46817557244003
126.4056,disk8w,320163840,41745,1705073465
126.4056,disk6,4193093933056,6913173,80258499710148
126.4056,disk6w,380928,53,8067940
126.4056,ram,84344832,65253883904,282666
126.4056,cpu,15744967,22473915,540760520
126.4056,gpu,0,0,0
126.6044,disk0,926192369790976,2085987931,12833643051264652
126.6044,disk0w,2189244940288,19746778,1284660649843
126.6044,disk4,2200467650560,4468475,37491834825071
126.6044,disk4w,2195456,171,27582691
126.6044,disk8,3261441714176,3275207,46818305186127
126.6044,disk8w,320163840,41745,1705073465
126.6044,disk6,4194296715264,6915251,80269825886781
126.6044,disk6w,380928,53,8067940
126.6044,ram,84344832,65253883904,282666
126.6044,cpu,15744967,22473915,540760520
126.6044,gpu,0,0,0
126.8056,disk0,926194403033088,2085992516,12833653202381508
126.8056,disk0w,2189244940288,19746778,1284660649843
126.8056,disk4,2201309919232,4470148,37499411192659
126.8056,disk4w,2195456,171,27582691
126.8056,disk8,3261943719936,3275722,46818988027503
126.8056,disk8w,320163840,41745,1705073465
126.8056,disk6,4195613923328,6917605,80282682234837
126.8056,disk6w,380928,53,8067940
126.8056,ram,103448576,65732018176,282666
126.8056,cpu,15745012,22474054,540762120
126.8056,gpu,36,5,0
127.0024,disk0,926196308127744,2086000105,12833665044696121
127.0024,disk0w,2189244968960,19746782,1284660706716
127.0024,disk4,2201952745472,4471410,37502871221357
127.0024,disk4w,2195456,171,27582691
127.0024,disk8,3262532102144,3276325,46819719362060
127.0024,disk8w,320163840,41745,1705073465
127.0024,disk6,4196939225088,6919812,80299236495142
127.0024,disk6w,380928,53,8067940
127.0024,ram,103448576,65732018176,282666
127.0024,cpu,15745012,22474054,540762120
127.0024,gpu,0,0,0
127.2016,disk0,926198061260800,2086003378,12833677260707783
127.2016,disk0w,2189246746624,19747107,1284669522734
127.2016,disk4,2202520680448,4472541,37506769699762
127.2016,disk4w,2195456,171,27582691
127.2016,disk8,3262893156352,3276695,46820383608766
127.2016,disk8w,320163840,41745,1705073465
127.2016,disk6,4197759473664,6921342,80307826703204
127.2016,disk6w,380928,53,8067940
127.2016,ram,103448576,65732018176,282666
127.2016,cpu,15745012,22474054,540762120
127.2016,gpu,0,0,0
127.4023,disk0,926200425406464,2086008891,12833690854063856
127.4023,disk0w,2189246746624,19747107,1284669522734
127.4023,disk4,2203248900096,4474033,37512970207279
127.4023,disk4w,2195456,171,27582691
127.4023,disk8,3263489271808,3277306,46821178090812
127.4023,disk8w,320163840,41745,1705073465
127.4023,disk6,4199064033280,6923315,80316983990745
127.4023,disk6w,380928,53,8067940
127.4023,ram,103448576,65732018176,282666
127.4023,cpu,15745012,22474054,540762120
127.4023,gpu,0,0,0
127.6047,disk0,926202644389888,2086012578,12833698734546547
127.6047,disk0w,2189252415488,19747201,1284672265034
127.6047,disk4,2204083976192,4475742,37518278692286
127.6047,disk4w,2195456,171,27582691
127.6047,disk8,3264156690432,3277990,46822057344536
127.6047,disk8w,320163840,41745,1705073465
127.6047,disk6,4200451381248,6925174,80329048348006
127.6047,disk6w,380928,53,8067940
127.6047,ram,103448576,65732018176,282666
127.6047,cpu,15745012,22474054,540762120
127.6047,gpu,0,0,0
127.8036,disk0,926205119016960,2086017554,12833719893746560
127.8036,disk0w,2189252415488,19747201,1284672265034
127.8036,disk4,2204773193728,4477156,37524464232144
127.8036,disk4w,2195456,171,27582691
127.8036,disk8,3264721872896,3278569,46822876569413
127.8036,disk8w,320163840,41745,1705073465
127.8036,disk6,4201326073856,6926431,80333093274501
127.8036,disk6w,380928,53,8067940
127.8036,ram,115474432,65621606400,282666
127.8036,cpu,15745070,22474202,540763727
127.8036,gpu,0,0,0
128.0057,disk0,926207294906368,2086022079,12833731909556686
128.0057,disk0w,2189252415488,19747201,1284672265034
128.0057,disk4,2205547608064,4478687,37530443079565
128.0057,disk4w,2195456,171,27582691
128.0057,disk8,3265266345984,3279127,46823570757687
128.0057,disk8w,320163840,41745,1705073465
128.0057,disk6,4202621134848,6928530,80345132443088
128.0057,disk6w,380928,53,8067940
128.0057,ram,115474432,65621606400,282666
128.0057,cpu,15745070,22474202,540763727
128.0057,gpu,47,7,0
128.2057,disk0,926209399545856,2086026399,12833741678544460
128.2057,disk0w,2189252415488,19747201,1284672265034
128.2057,disk4,2206487443456,4480524,37539610214329
128.2057,disk4w,2195456,171,27582691
128.2057,disk8,3265895491584,3279772,46824314839439
128.2057,disk8w,320163840,41745,1705073465
128.2057,disk6,4203837253632,6930716,80356981053327
128.2057,disk6w,380928,53,8067940
128.2057,ram,115474432,65621606400,282666
128.2057,cpu,15745070,22474202,540763727
128.2057,gpu,26,6,0
128.4057,disk0,926211820691456,2086031907,12833759092131150
128.4057,disk0w,2189252415488,19747201,1284672265034
128.4057,disk4,2207176882176,4481887,37544720056902
128.4057,disk4w,2195456,171,27582691
128.4057,disk8,3266554128384,3280447,46825259674031
128.4057,disk8w,320163840,41745,1705073465
128.4057,disk6,4205015771136,6932823,80366793392152
128.4057,disk6w,380928,53,8067940
128.4057,ram,115474432,65621606400,282666
128.4057,cpu,15745070,22474202,540763727
128.4057,gpu,0,0,0
128.6057,disk0,926214036742144,2086040261,12833776426838783
128.6057,disk0w,2189252419584,19747202,1284672273450
128.6057,disk4,2207819986944,4483154,37547654743772
128.6057,disk4w,2195456,171,27582691
128.6057,disk8,3267148802048,3281056,46826057475993
128.6057,disk8w,320163840,41745,1705073465
128.6057,disk6,4206236563456,6935282,80381983273993
128.6057,disk6w,380928,53,8067940
128.6057,ram,115474432,65621606400,282666
128.6057,cpu,15745070,22474202,540763727
128.6057,gpu,40,4,0
128.8057,disk0,926216117493760,2086048046,12833790467812638
128.8057,disk0w,2189252485120,19747207,1284672341198
128.8057,disk4,2208471857152,4484483,37552914032119
128.8057,disk4w,2195456,171,27582691
128.8057,disk8,3267645155328,3281565,46826835583404
128.8057,disk8w,320163840,41745,1705073465
128.8057,disk6,4207345530880,6937123,80393540641409
128.8057,disk6w,380928,53,8067940
128.8057,ram,155631616,65317404672,282666
128.8057,cpu,15745116,22474331,540765258
128.8057,gpu,20,6,0
129.0057,disk0,926218297384960,2086051755,12833798828353547
129.0057,disk0w,2189252485120,19747207,1284672341198
129.0057,disk4,2209017411584,4485599,37556989939139
129.0057,disk4w,2195456,171,27582691
129.0057,disk8,3268319258624,3282256,46827683118392
129.0057,disk8w,320163840,41745,1705073465
129.0057,disk6,4208742774784,6938776,80405367543480
129.0057,disk6w,380928,53,8067940
129.0057,ram,155631616,65317404672,282666
129.0057,cpu,15745116,22474331,540765258
129.0057,gpu,29,7,0
129.2057,disk0,926220160610304,2086055250,12833805998660430
129.2057,disk0w,2189252485120,19747207,1284672341198
129.2057,disk4,2209881798656,4487371,37568134929729
129.2057,disk4w,2195456,171,27582691
129.2057,disk8,3268843677696,3282793,46828320232420
129.2057,disk8w,320163840,41745,1705073465
129.2057,disk6,4209936709632,6940429,80414843998047
129.2057,disk6w,380928,53,8067940
129.2057,ram,155631616,65317404672,282666
129.2057,cpu,15745116,22474331,540765258
129.2057,gpu,31,6,0
129.4057,disk0,926222386434048,2086059810,12833818721206349
129.4057,disk0w,2189252485120,19747207,1284672341198
129.4057,disk4,2210706520064,4489062,37576541742662
129.4057,disk4w,2195456,171,27582691
129.4057,disk8,3269364295680,3283327,46828980631449
129.4057,disk8w,320163840,41745,1705073465
129.4057,disk6,4211051427840,6942042,80421333069722
129.4057,disk6w,380928,53,8067940
129.4057,ram,155631616,65317404672,282666
129.4057,cpu,15745116,22474331,540765258
129.4057,gpu,27,7,0
129.6057,disk0,926224007950336,2086063273,12833824392787426
129.6057,disk0w,2189252489216,19747208,1284672350698
129.6057,disk4,2211320674304,4490260,37580716908096
129.6057,disk4w,2195456,171,27582691
129.6057,disk8,3269871151104,3283846,46829629245908
129.6057,disk8w,320163840,41745,1705073465
129.6057,disk6,4212457867264,6944397,80440806250694
129.6057,disk6w,380928,53,8067940
129.6057,ram,155631616,65317404672,282666
129.6057,cpu,15745116,22474331,540765258
129.6057,gpu,0,0,0
129.8057,disk0,926226421915648,2086068394,12833839522881962
129.8057,disk0w,2189252489216,19747208,1284672350698
129.8057,disk4,2212057659392,4491704,37585910512212
129.8057,disk4w,2195456,171,27582691
129.8057,disk8,3270426896384,3284416,46830337208521
129.8057,disk8w,320163840,41745,1705073465
129.8057,disk6,4213740603392,6946775,80451409951946
129.8057,disk6w,380928,53,8067940
129.8057,ram,222576640,65418051584,282666
129.8057,cpu,15745163,22474459,540766901
129.8057,gpu,0,0,0
130.0057,disk0,926228710760448,2086077802,12833858900210537
130.0057,disk0w,2189252489216,19747208,1284672350698
130.0057,disk4,2212759566336,4493091,37589548353130
130.0057,disk4w,2195456,171,27582691
130.0057,disk8,3271024060416,3285028,46831378807440
130.0057,disk8w,320163840,41745,1705073465
130.0057,disk6,4214995212288,6948896,80463410880330
130.0057,disk6w,380928,53,8067940
130.0057,ram,222576640,65418051584,282666
130.0057,cpu,15745163,22474459,540766901
130.0057,gpu,35,5,0
130.2057,disk0,926230699098112,2086081413,12833870363129260
130.2057,disk0w,2189252493312,19747209,1284672376114
130.2057,disk4,2213450487808,4494462,37594815686658
130.2057,disk4w,2195456,171,27582691
130.2057,disk8,3271454353408,3285469,46831881619207
130.2057,disk8w,320163840,41745,1705073465
130.2057,disk6,4216126560256,6951020,80475635633222
130.2057,disk6w,380928,53,8067940
130.2057,ram,222576640,65418051584,282666
130.2057,cpu,15745163,22474459,540766901
130.2057,gpu,0,0,0
130.4051,disk0,926232854564864,2086090679,12833886154330186
130.4051,disk0w,2189252497408,19747210,1284672389114
130.4051,disk4,2214093158400,4495781,37600206314287
130.4051,disk4w,2195456,171,27582691
130.4051,disk8,3272060299264,3286090,46832729972375
130.4051,disk8w,320163840,41745,1705073465
130.4051,disk6,4217359816704,6952883,80485169636237
130.4051,disk6w,380928,53,8067940
130.4051,ram,222576640,65418051584,282666
130.4051,cpu,15745163,22474459,540766901
130.4051,gpu,0,0,0
130.6048,disk0,926235098505216,2086094462,12833894205722001
130.6048,disk0w,2189252587520,19747215,1284672483238
130.6048,disk4,2214913153024,4497461,37608840098364
130.6048,disk4w,2195456,171,27582691
130.6048,disk8,3272771627008,3286819,46833755082379
130.6048,disk8w,320163840,41745,1705073465
130.6048,disk6,4218661525504,6954424,80493010538282
130.6048,disk6w,380928,53,8067940
130.6048,ram,222576640,65418051584,282666
130.6048,cpu,15745163,22474459,540766901
130.6048,gpu,38,7,0
130.8057,disk0,926237560770560,2086099346,12833909688682535
130.8057,disk0w,2189252587520,19747215,1284672483238
130.8057,disk4,2215738030080,4499150,37617482520504
130.8057,disk4w,2195456,171,27582691
130.8057,disk8,3273386354688,3287450,46834563132210
130.8057,disk8w,320163840,41745,1705073465
130.8057,disk6,4219697584128,6955937,80498186143035
130.8057,disk6w,380928,53,8067940
130.8057,ram,95125504,65787084800,282672
130.8057,cpu,15745211,22474595,540768463
130.8057,gpu,31,8,0
131.0057,disk0,926239915405312,2086104408,12833925735589917
131.0057,disk0w,2189252587520,19747215,1284672483238
131.0057,disk4,2216323758080,4500325,37621333097854
131.0057,disk4w,2195456,171,27582691
131.0057,disk8,3273845106688,3287919,46835082308095
131.0057,disk8w,320163840,41745,1705073465
131.0057,disk6,4220921206784,6957733,80509258699784
131.0057,disk6w,380928,53,8067940
131.0057,ram,95125504,65787084800,282672
131.0057,cpu,15745211,22474595,540768463
131.0057,gpu,25,8,0
131.2020,disk0,926242204712960,2086109177,12833940513923579
131.2020,disk0w,2189252587520,19747215,1284672483238
131.2020,disk4,2217049880576,4501739,37625212972760
131.2020,disk4w,2195456,171,27582691
131.2020,disk8,3274475300864,3288565,46835789206337
131.2020,disk8w,320163840,41745,1705073465
131.2020,disk6,4222171179008,6959940,80520595326913
131.2020,disk6w,380928,53,8067940
131.2020,ram,95125504,65787084800,282672
131.2020,cpu,15745211,22474595,540768463
131.2020,gpu,0,0,0
131.4057,disk0,926244450504704,2086114116,12833956014523826
131.4057,disk0w,2189257113600,19747554,1284681261668
131.4057,disk4,2217786865664,4503197,37629751777988
131.4057,disk4w,2195456,171,27582691
131.4057,disk8,3275142719488,3289249,46836701759898
131.4057,disk8w,320163840,41745,1705073465
131.4057,disk6,4223403468800,6962007,80530247300358
131.4057,disk6w,380928,53,8067940
131.4057,ram,95125504,65787084800,282672
131.4057,cpu,15745211,22474595,540768463
131.4057,gpu,0,0,0
131.6057,disk0,926246774050816,2086122653,12833975995614972
131.6057,disk0w,2189257113600,19747554,1284681261668
131.6057,disk4,2218374690816,4504361,37633112281014
131.6057,disk4w,2195456,171,27582691
131.6057,disk8,3275722319872,3289843,46837617101998
131.6057,disk8w,320163840,41745,1705073465
131.6057,disk6,4224512120832,6964216,80541091138335
131.6057,disk6w,380928,53,8067940
131.6057,ram,95125504,65787084800,282672
131.6057,cpu,15745211,22474595,540768463
131.6057,gpu,0,0,0
131.8057,disk0,926248614486016,2086126849,12833986241546858
131.8057,disk0w,2189257113600,19747554,1284681261668
131.8057,disk4,2219007440896,4505647,37636780028245
131.8057,disk4w,2195456,171,27582691
131.8057,disk8,3276328183808,3290464,46839430516084
131.8057,disk8w,320163840,41745,1705073465
131.8057,disk6,4225591056384,6965974,80551790675334
131.8057,disk6w,380928,53,8067940
131.8057,ram,118161408,65521762304,282672
131.8057,cpu,15745268,22474752,540770116
131.8057,gpu,25,8,0
132.0057,disk0,926251080794112,2086135021,12834004936067823
132.0057,disk0w,2189257113600,19747554,1284681261668
132.0057,disk4,2219733710848,4507134,37640373395397
132.0057,disk4w,2195456,171,27582691
132.0057,disk8,3276887730176,3291037,46840111600392
132.0057,disk8w,320163840,41745,1705073465
132.0057,disk6,4226673219584,6967338,80557821254418
132.0057,disk6w,380928,53,8067940
132.0057,ram,118161408,65521762304,282672
132.0057,cpu,15745268,22474752,540770116
132.0057,gpu,35,6,0
132.2057,disk0,926253249429504,2086138735,12834016769914398
132.2057,disk0w,2189257113600,19747554,1284681261668
132.2057,disk4,2220261029888,4508215,37643341339955
132.2057,disk4w,2195456,171,27582691
132.2057,disk8,3277397075968,3291559,46840684367177
132.2057,disk8w,320163840,41745,1705073465
132.2057,disk6,4227995817984,6969233,80570528945781
132.2057,disk6w,380928,53,8067940
132.2057,ram,118161408,65521762304,282672
132.2057,cpu,15745268,22474752,540770116
132.2057,gpu,0,0,0
132.4031,disk0,926255826669568,2086143991,12834036123315318
132.4031,disk0w,2189257117696,19747555,1284681279084
132.4031,disk4,2220894550016,4509513,37647229684485
132.4031,disk4w,2195456,171,27582691
132.4031,disk8,3277926475776,3292102,46841313504577
132.4031,disk8w,320163840,41745,1705073465
132.4031,disk6,4229152331776,6970896,80577656427343
132.4031,disk6w,380928,53,8067940
132.4031,ram,118161408,65521762304,282672
132.4031,cpu,15745268,22474752,540770116
132.4031,gpu,38,9,0
132.6057,disk0,926258206158848,2086148428,12834050221646143
132.6057,disk0w,2189257117696,19747555,1284681279084
132.6057,disk4,2221445478400,4510592,37649743969258
132.6057,disk4w,2195456,171,27582691
132.6057,disk8,3278475143168,3292664,46842029034972
132.6057,disk8w,320163840,41745,1705073465
132.6057,disk6,4230422009856,6973075,80589532711090
132.6057,disk6w,380928,53,8067940
132.6057,ram,118161408,65521762304,282672
132.6057,cpu,15745268,22474752,540770116
132.6057,gpu,0,0,0
132.8011,disk0,926260102107136,2086152205,12834060916076060
132.8011,disk0w,2189257117696,19747555,1284681279084
132.8011,disk4,2221884160000,4511451,37651382092558
132.8011,disk4w,2195456,171,27582691
132.8011,disk8,3279112022016,3293317,46842998335038
132.8011,disk8w,320163840,41745,1705073465
132.8011,disk6,4231709054976,6975532,80608242343934
132.8011,disk6w,380928,53,8067940
132.8011,ram,187285504,65600241664,282672
132.8011,cpu,15745336,22474892,540771617
132.8011,gpu,0,0,0
133.0057,disk0,926262428930048,2086158693,12834083698786383
133.0057,disk0w,2189257117696,19747555,1284681279084
133.0057,disk4,2222457600000,4512587,37653982676142
133.0057,disk4w,2195456,171,27582691
133.0057,disk8,3279727798272,3293948,46843834285618
133.0057,disk8w,320163840,41745,1705073465
133.0057,disk6,4232855107584,6977481,80617878068141
133.0057,disk6w,380928,53,8067940
133.0057,ram,187285504,65600241664,282672
133.0057,cpu,15745336,22474892,540771617
133.0057,gpu,0,0,0
133.2019,disk0,926264584966144,2086162533,12834097636276414
133.2019,disk0w,2189257117696,19747555,1284681279084
133.2019,disk4,2223143081984,4513954,37659257429564
133.2019,disk4w,2195456,171,27582691
133.2019,disk8,3280288737280,3294523,46845063308713
133.2019,disk8w,320163840,41745,1705073465
133.2019,disk6,4233862699008,6979405,80626008394666
133.2019,disk6w,380928,53,8067940
133.2019,ram,187285504,65600241664,282672
133.2019,cpu,15745336,22474892,540771617
133.2019,gpu,0,0,0
133.4057,disk0,926266745225216,2086175211,12834112902867313
133.4057,disk0w,2189257121792,19747556,1284681295667
133.4057,disk4,2224065787904,4515845,37665814401832
133.4057,disk4w,2195456,171,27582691
133.4057,disk8,3280912246784,3295162,46845886542168
133.4057,disk8w,320163840,41745,1705073465
133.4057,disk6,4235205974016,6981402,80635827467692
133.4057,disk6w,380928,53,8067940
133.4057,ram,187285504,65600241664,282672
133.4057,cpu,15745336,22474892,540771617
133.4057,gpu,0,0,0
133.6057,disk0,926268967813120,2086178629,12834120338025782
133.6057,disk0w,2189257121792,19747556,1284681295667
133.6057,disk4,2224823334912,4517400,37671428285060
133.6057,disk4w,2195456,171,27582691
133.6057,disk8,3281468647424,3295732,46846576452563
133.6057,disk8w,320163840,41745,1705073465
133.6057,disk6,4236606920704,6983072,80646792542307
133.6057,disk6w,380928,53,8067940
133.6057,ram,187285504,65600241664,282672
133.6057,cpu,15745336,22474892,540771617
133.6057,gpu,29,8,0
133.8038,disk0,926271192170496,2086182592,12834131566097694
133.8038,disk0w,2189257121792,19747556,1284681295667
133.8038,disk4,2225430820864,4518646,37675421440106
133.8038,disk4w,2195456,171,27582691
133.8038,disk8,3282145503232,3296425,46847668912538
133.8038,disk8w,320163840,41745,1705073465
133.8038,disk6,4237853988864,6985077,80658689045342
133.8038,disk6w,380928,53,8067940
133.8038,ram,231571456,65600372736,282672
133.8038,cpu,15745391,22475027,540773240
133.8038,gpu,0,0,0
134.0057,disk0,926273489096704,2086187264,12834143784420042
134.0057,disk0w,2189257121792,19747556,1284681295667
134.0057,disk4,2226163218432,4520105,37679529259859
134.0057,disk4w,2195456,171,27582691
134.0057,disk8,3282765211648,3297061,46848555069782
134.0057,disk8w,320163840,41745,1705073465
134.0057,disk6,4239228180480,6987328,80671590639631
134.0057,disk6w,380928,53,8067940
134.0057,ram,231571456,65600372736,282672
134.0057,cpu,15745391,22475027,540773240
134.0057,gpu,0,0,0
134.2057,disk0,926275517796352,2086191311,12834155425414334
134.2057,disk0w,2189257121792,19747556,1284681295667
134.2057,disk4,2226806175744,4521360,37683211330187
134.2057,disk4w,2195456,171,27582691
134.2057,disk8,3283444557824,3297757,46849576233415
134.2057,disk8w,320163840,41745,1705073465
134.2057,disk6,4240509233152,6989752,80686826522986
134.2057,disk6w,380928,53,8067940
134.2057,ram,231571456,65600372736,282672
134.2057,cpu,15745391,22475027,540773240
134.2057,gpu,0,0,0
134.4021,disk0,926277604200448,2086197029,12834169268799603
134.4021,disk0w,2189257125888,19747557,1284681309958
134.4021,disk4,2227497056256,4522728,37689406681847
134.4021,disk4w,2195456,171,27582691
134.4021,disk8,3284126394368,3298456,46850712842132
134.4021,disk8w,320163840,41745,1705073465
134.4021,disk6,4241721124864,6991840,80697669376700
134.4021,disk6w,380928,53,8067940
134.4021,ram,231571456,65600372736,282672
134.4021,cpu,15745391,22475027,540773240
134.4021,gpu,0,0,0
134.6011,disk0,926279614951424,2086200921,12834179815477846
134.6011,disk0w,2189257125888,19747557,1284681309958
134.6011,disk4,2228183644160,4524089,37694111651854
134.6011,disk4w,2195456,171,27582691
134.6011,disk8,3284606904320,3298948,46851232927550
134.6011,disk8w,320163840,41745,1705073465
134.6011,disk6,4242812729344,6993959,80708995685917
134.6011,disk6w,380928,53,8067940
134.6011,ram,231571456,65600372736,282672
134.6011,cpu,15745391,22475027,540773240
134.6011,gpu,84,2,0
134.8057,disk0,926281873960960,2086208576,12834193824870814
134.8057,disk0w,2189257125888,19747557,1284681309958
134.8057,disk4,2228946941952,4525654,37699497168708
134.8057,disk4w,2195456,171,27582691
134.8057,disk8,3285241620480,3299599,46852617939532
134.8057,disk8w,320163840,41745,1705073465
134.8057,disk6,4244137703424,6995906,80721167666517
134.8057,disk6w,380928,53,8067940
134.8057,ram,258244608,65537130496,282672
134.8057,cpu,15745442,22475162,540774870
134.8057,gpu,0,0,0
135.0047,disk0,926283954700288,2086211930,12834201699632284
135.0047,disk0w,2189257125888,19747557,1284681309958
135.0047,disk4,2229743147008,4527284,37706860951598
135.0047,disk4w,2195456,171,27582691
135.0047,disk8,3285865129984,3300238,46853555896193
135.0047,disk8w,320163840,41745,1705073465
135.0047,disk6,4245508634624,6997511,80730135182944
135.0047,disk6w,380928,53,8067940
135.0047,ram,258244608,65537130496,282672
135.0047,cpu,15745442,22475162,540774870
135.0047,gpu,0,0,0
135.2057,disk0,926286349565952,2086216580,12834218083344597
135.2057,disk0w,2189257129984,19747558,1284681328416
135.2057,disk4,2230456014848,4528744,37712054893633
135.2057,disk4w,2195456,171,27582691
135.2057,disk8,3286488246272,3300876,46854406208098
135.2057,disk8w,320163840,41745,1705073465
135.2057,disk6,4246698063872,6999477,80739323172356
135.2057,disk6w,380928,53,8067940
135.2057,ram,258244608,65537130496,282672
135.2057,cpu,15745442,22475162,540774870
135.2057,gpu,0,0,0
135.4016,disk0,926288696057856,2086221063,12834230048365410
135.4016,disk0w,2189257129984,19747558,1284681328416
135.4016,disk4,2231175444480,4530186,37717219447738
135.4016,disk4w,2195456,171,27582691
135.4016,disk8,3287068239872,3301471,46855171035153
135.4016,disk8w,320163840,41745,1705073465
135.4016,disk6,4247917492224,7001398,80750337435638
135.4016,disk6w,380928,53,8067940
135.4016,ram,258244608,65537130496,282672
135.4016,cpu,15745442,22475162,540774870
135.4016,gpu,0,0,0
135.6042,disk0,926290867466240,2086225296,12834240845513493
135.6042,disk0w,2189257129984,19747558,1284681328416
135.6042,disk4,2232069593088,4531932,37725282393725
135.6042,disk4w,2195456,171,27582691
135.6042,disk8,3287580731392,3301996,46855809279396
135.6042,disk8w,320163840,41745,1705073465
135.6042,disk6,4249207879680,7003693,80761475060668
135.6042,disk6w,380928,53,8067940
135.6042,ram,258244608,65537130496,282672
135.6042,cpu,15745442,22475162,540774870
135.6042,gpu,38,13,0
135.8057,disk0,926293149229056,2086230308,12834255123043854
135.8057,disk0w,2189257129984,19747558,1284681328416
135.8057,disk4,2232807340032,4533397,37732142791435
135.8057,disk4w,2195456,171,27582691
135.8057,disk8,3288183531520,3302614,46856641646105
135.8057,disk8w,320163840,41745,1705073465
135.8057,disk6,4250380208128,7005748,80771254951706
135.8057,disk6w,380928,53,8067940
135.8057,ram,288538624,65586659328,282672
135.8057,cpu,15745494,22475288,540776472
135.8057,gpu,0,0,0
136.0057,disk0,926294990487552,2086234961,12834263771982343
136.0057,disk0w,2189257129984,19747558,1284681328416
136.0057,disk4,2233518536704,4534800,37737208438545
136.0057,disk4w,2195456,171,27582691
136.0057,disk8,3288698120192,3303141,46857209291386
136.0057,disk8w,320163840,41745,1705073465
136.0057,disk6,4251705362432,7008545,80791681502312
136.0057,disk6w,380928,53,8067940
136.0057,ram,288538624,65586659328,282672
136.0057,cpu,15745494,22475288,540776472
136.0057,gpu,0,0,0
136.2057,disk0,926296657342464,2086242049,12834273638647534
136.2057,disk0w,2189257134080,19747559,1284681341249
136.2057,disk4,2234301732864,4536406,37742786524790
136.2057,disk4w,2195456,171,27582691
136.2057,disk8,3289246083072,3303703,46858215718108
136.2057,disk8w,320163840,41745,1705073465
136.2057,disk6,4252926199808,7010436,80804521256674
136.2057,disk6w,380928,53,8067940
136.2057,ram,288538624,65586659328,282672
136.2057,cpu,15745494,22475288,540776472
136.2057,gpu,0,0,0
136.4057,disk0,926298824142848,2086245754,12834284234695942
136.4057,disk0w,2189257134080,19747559,1284681341249
136.4057,disk4,2235119024128,4538078,37753546812159
136.4057,disk4w,2195456,171,27582691
136.4057,disk8,3289860810752,3304333,46858991019114
136.4057,disk8w,320163840,41745,1705073465
136.4057,disk6,4254109206528,7011820,80809573757177
136.4057,disk6w,380928,53,8067940
136.4057,ram,288538624,65586659328,282672
136.4057,cpu,15745494,22475288,540776472
136.4057,gpu,0,0,0
136.6057,disk0,926301195005952,2086250070,12834297216282840
136.6057,disk0w,2189257134080,19747559,1284681341249
136.6057,disk4,2235755313152,4539383,37758102825145
136.6057,disk4w,2195456,171,27582691
136.6057,disk8,3290471999488,3304959,46859723738534
136.6057,disk8w,320163840,41745,1705073465
136.6057,disk6,4255396038656,7013780,80820122205198
136.6057,disk6w,380928,53,8067940
136.6057,ram,288538624,65586659328,282672
136.6057,cpu,15745494,22475288,540776472
136.6057,gpu,33,7,0
136.8057,disk0,926303415349248,2086254499,12834312692606745
136.8057,disk0w,2189257134080,19747559,1284681341249
136.8057,disk4,2236439656448,4540776,37761622552286
136.8057,disk4w,2195456,171,27582691
136.8057,disk8,3291120805888,3305624,46860620985773
136.8057,disk8w,320163840,41745,1705073465
136.8057,disk6,4256586156032,7015488,80830129116666
136.8057,disk6w,380928,53,8067940
136.8057,ram,294551552,65593376768,282672
136.8057,cpu,15745549,22475424,540778063
136.8057,gpu,0,0,0
137.0047,disk0,926305912397824,2086259775,12834331329827980
137.0047,disk0w,2189257134080,19747559,1284681341249
137.0047,disk4,2237138155520,4542130,37765861301462
137.0047,disk4w,2195456,171,27582691
137.0047,disk8,3291748902912,3306268,46861415237171
137.0047,disk8w,320163840,41745,1705073465
137.0047,disk6,4257795442688,7017783,80840106501602
137.0047,disk6w,380928,53,8067940
137.0047,ram,294551552,65593376768,282672
137.0047,cpu,15745549,22475424,540778063
137.0047,gpu,0,0,0
137.2057,disk0,926308237565952,2086264710,12834347717628765
137.2057,disk0w,2189257138176,19747560,1284681357082
137.2057,disk4,2237853620224,4543548,37771990696387
137.2057,disk4w,2195456,171,27582691
137.2057,disk8,3292214339584,3306745,46861985287394
137.2057,disk8w,320163840,41745,1705073465
137.2057,disk6,4259024734208,7020033,80850472747608
137.2057,disk6w,380928,53,8067940
137.2057,ram,294551552,65593376768,282672
137.2057,cpu,15745549,22475424,540778063
137.2057,gpu,0,0,0
137.4057,disk0,926310322720768,2086270129,12834360317878011
137.4057,disk0w,2189257154560,19747564,1284681435955
137.4057,disk4,2238489163776,4544803,37775691612812
137.4057,disk4w,2195456,171,27582691
137.4057,disk8,3292767594496,3307312,46862632697948
137.4057,disk8w,320163840,41745,1705073465
137.4057,disk6,4260346578944,7022501,80868311448243
137.4057,disk6w,380928,53,8067940
137.4057,ram,294551552,65593376768,282672
137.4057,cpu,15745549,22475424,540778063
137.4057,gpu,0,0,0
137.6057,disk0,926312123588608,2086273516,12834368557453939
137.6057,disk0w,2189257154560,19747564,1284681435955
137.6057,disk4,2239036651520,4545907,37779145002988
137.6057,disk4w,2195456,171,27582691
137.6057,disk8,3293303220224,3307861,46863641581222
137.6057,disk8w,320163840,41745,1705073465
137.6057,disk6,4261539530752,7024620,80882892753187
137.6057,disk6w,380928,53,8067940
137.6057,ram,294551552,65593376768,282672
137.6057,cpu,15745549,22475424,540778063
137.6057,gpu,0,0,0
137.8057,disk0,926314193920000,2086277612,12834377578732145
137.8057,disk0w,2189257154560,19747564,1284681435955
137.8057,disk4,2239993509888,4547867,37789367716376
137.8057,disk4w,2195456,171,27582691
137.8057,disk8,3293900384256,3308473,46864778398978
137.8057,disk8w,320163840,41745,1705073465
137.8057,disk6,4262746933248,7026276,80890914806752
137.8057,disk6w,380928,53,8067940
137.8057,ram,315129856,65570881536,282672
137.8057,cpu,15745610,22475576,540779628
137.8057,gpu,0,0,0
138.0057,disk0,926316358103040,2086281026,12834386483705276
138.0057,disk0w,2189257154560,19747564,1284681435955
138.0057,disk4,2240650999808,4549214,37794578265128
138.0057,disk4w,2195456,171,27582691
138.0057,disk8,3294392166400,3308977,46865359892142
138.0057,disk8w,320163840,41745,1705073465
138.0057,disk6,4264116815872,7028181,80903642851781
138.0057,disk6w,380928,53,8067940
138.0057,ram,315129856,65570881536,282672
138.0057,cpu,15745610,22475576,540779628
138.0057,gpu,0,0,0
138.2057,disk0,926318849736704,2086286393,12834404885693008
138.2057,disk0w,2189257158656,19747565,1284681447955
138.2057,disk4,2241326577664,4550598,37798825031321
138.2057,disk4w,2195456,171,27582691
138.2057,disk8,3294980548608,3309580,46866037751948
138.2057,disk8w,320163840,41745,1705073465
138.2057,disk6,4265354692608,7030061,80912457947563
138.2057,disk6w,380928,53,8067940
138.2057,ram,315129856,65570881536,282672
138.2057,cpu,15745610,22475576,540779628
138.2057,gpu,0,0,0
138.4047,disk0,926321150648320,2086290968,12834422686921179
138.4047,disk0w,2189257158656,19747565,1284681447955
138.4047,disk4,2241958279168,4551838,37801521902320
138.4047,disk4w,2195456,171,27582691
138.4047,disk8,3295516239872,3310129,46866653912552
138.4047,disk8w,320163840,41745,1705073465
138.4047,disk6,4266537830400,7032128,80923998459251
138.4047,disk6w,380928,53,8067940
138.4047,ram,315129856,65570881536,282672
138.4047,cpu,15745610,22475576,540779628
138.4047,gpu,0,0,0
138.6057,disk0,926323523362816,2086295997,12834439185346466
138.6057,disk0w,2189257158656,19747565,1284681447955
138.6057,disk4,2242765076480,4553426,37808525220672
138.6057,disk4w,2195456,171,27582691
138.6057,disk8,3296103180288,3310730,46867325260239
138.6057,disk8w,320163840,41745,1705073465
138.6057,disk6,4267678173184,7034315,80933032758227
138.6057,disk6w,380928,53,8067940
138.6057,ram,315129856,65570881536,282672
138.6057,cpu,15745610,22475576,540779628
138.6057,gpu,0,0,0
138.8057,disk0,926325335203840,2086301353,12834450820149134
138.8057,disk0w,2189257158656,19747565,1284681447955
138.8057,disk4,2243338369024,4554560,37812114748050
138.8057,disk4w,2195456,171,27582691
138.8057,disk8,3296631531520,3311272,46867931336439
138.8057,disk8w,320163840,41745,1705073465
138.8057,disk6,4268990941184,7036491,80950278216316
138.8057,disk6w,380928,53,8067940
138.8057,ram,363593728,64118996992,282672
138.8057,cpu,15745664,22475708,540781298
138.8057,gpu,0,0,0
139.0057,disk0,926327098789888,2086304397,12834457514464743
139.0057,disk0w,2189257158656,19747565,1284681447955
139.0057,disk4,2243990624256,4555861,37816529897326
139.0057,disk4w,2195456,171,27582691
139.0057,disk8,3297161488384,3311815,46869512712053
139.0057,disk8w,320163840,41745,1705073465
139.0057,disk6,4270182189056,7038794,80966851820722
139.0057,disk6w,380928,53,8067940
139.0057,ram,363593728,64118996992,282672
139.0057,cpu,15745664,22475708,540781298
139.0057,gpu,0,0,0
139.2057,disk0,926329546117120,2086309043,12834470993986353
139.2057,disk0w,2189257162752,19747566,1284681457705
139.2057,disk4,2244555806720,4557020,37819840514189
139.2057,disk4w,2195456,171,27582691
139.2057,disk8,3297843324928,3312514,46870596065021
139.2057,disk8w,320163840,41745,1705073465
139.2057,disk6,4271453177856,7040679,80976055759378
139.2057,disk6w,380928,53,8067940
139.2057,ram,363593728,64118996992,282672
139.2057,cpu,15745664,22475708,540781298
139.2057,gpu,0,0,0
139.4057,disk0,926331730513920,2086312520,12834480806143336
139.4057,disk0w,2189257162752,19747566,1284681457705
139.4057,disk4,2245216974848,4558374,37825304593891
139.4057,disk4w,2195456,171,27582691
139.4057,disk8,3298352670720,3313036,46871200909392
139.4057,disk8w,320163840,41745,1705073465
139.4057,disk6,4272723429376,7042252,80985392817115
139.4057,disk6w,380928,53,8067940
139.4057,ram,363593728,64118996992,282672
139.4057,cpu,15745664,22475708,540781298
139.4057,gpu,35,9,0
139.6057,disk0,926333645115392,2086316311,12834489170770038
139.6057,disk0w,2189257162752,19747566,1284681457705
139.6057,disk4,2246020478976,4560020,37830814267098
139.6057,disk4w,2195456,171,27582691
139.6057,disk8,3298969495552,3313668,46872060637355
139.6057,disk8w,320163840,41745,1705073465
139.6057,disk6,4274090362880,7044453,81000625309010
139.6057,disk6w,380928,53,8067940
139.6057,ram,363593728,64118996992,282672
139.6057,cpu,15745664,22475708,540781298
139.6057,gpu,0,0,0
139.8057,disk0,926336009555968,2086321170,12834508205893019
139.8057,disk0w,2189257162752,19747566,1284681457705
139.8057,disk4,2246494255104,4560967,37833186309866
139.8057,disk4w,2195456,171,27582691
139.8057,disk8,3299442665472,3314153,46872623136106
139.8057,disk8w,320163840,41745,1705073465
139.8057,disk6,4275265783808,7046207,81010002706106
139.8057,disk6w,380928,53,8067940
139.8057,ram,369852416,65599569920,282672
139.8057,cpu,15745715,22475822,540782876
139.8057,gpu,0,0,0
140.0057,disk0,926338332774400,2086326166,12834524032802768
140.0057,disk0w,2189257166848,19747567,1284681467038
140.0057,disk4,2247178614784,4562298,37837705779839
140.0057,disk4w,2195456,171,27582691
140.0057,disk8,3300007847936,3314732,46873289635332
140.0057,disk8w,320163840,41745,1705073465
140.0057,disk6,4276484065280,7048461,81022223350384
140.0057,disk6w,380928,53,8067940
140.0057,ram,369852416,65599569920,282672
140.0057,cpu,15745715,22475822,540782876
140.0057,gpu,0,0,0
140.2057,disk0,926340520632320,2086330905,12834539669841689
140.2057,disk0w,2189257166848,19747567,1284681467038
140.2057,disk4,2247748909056,4563428,37839901360183
140.2057,disk4w,2195456,171,27582691
140.2057,disk8,3300607109120,3315346,46874036067255
140.2057,disk8w,320163840,41745,1705073465
140.2057,disk6,4277730748416,7050645,81034995925907
140.2057,disk6w,380928,53,8067940
140.2057,ram,369852416,65599569920,282672
140.2057,cpu,15745715,22475822,540782876
140.2057,gpu,38,7,0
140.4057,disk0,926342334181376,2086337796,12834554508879502
140.4057,disk0w,2189257166848,19747567,1284681467038
140.4057,disk4,2248093186048,4564108,37841113278082
140.4057,disk4w,2195456,171,27582691
140.4057,disk8,3301136508928,3315889,46874660199699
140.4057,disk8w,320163840,41745,1705073465
140.4057,disk6,4278948833280,7052881,81053318224817
140.4057,disk6w,380928,53,8067940
140.4057,ram,369852416,65599569920,282672
140.4057,cpu,15745715,22475822,540782876
140.4057,gpu,29,7,0
140.6057,disk0,926344354750464,2086341799,12834566536083537
140.6057,disk0w,2189257166848,19747567,1284681467038
140.6057,disk4,2248864356352,4565661,37847712502112
140.6057,disk4w,2195456,171,27582691
140.6057,disk8,3301654603776,3316420,46875474860268
140.6057,disk8w,320163840,41745,1705073465
140.6057,disk6,4279986010112,7054858,81062351831810
140.6057,disk6w,380928,53,8067940
140.6057,ram,369852416,65599569920,282672
140.6057,cpu,15745715,22475822,540782876
140.6057,gpu,0,0,0
140.8057,disk0,926346652692480,2086349886,12834582594962315
140.8057,disk0w,2189257560064,19747605,1284682108234
140.8057,disk4,2249751918592,4567480,37854897741496
140.8057,disk4w,2195456,171,27582691
140.8057,disk8,3302323070976,3317105,46876395007332
140.8057,disk8w,320163840,41745,1705073465
140.8057,disk6,4281221888000,7056621,81069904780698
140.8057,disk6w,380928,53,8067940
140.8057,ram,368951296,65419821056,282672
140.8057,cpu,15745769,22475956,540784470
140.8057,gpu,0,0,0
141.0057,disk0,926348736958464,2086353194,12834592415044000
141.0057,disk0w,2189258563584,19747803,1284686731712
141.0057,disk4,2250408613888,4568824,37859226249717
141.0057,disk4w,2195456,171,27582691
141.0057,disk8,3302843295744,3317638,46877002117114
141.0057,disk8w,320163840,41745,1705073465
141.0057,disk6,4282527168512,7058408,81081467667293
141.0057,disk6w,380928,53,8067940
141.0057,ram,368951296,65419821056,282672
141.0057,cpu,15745769,22475956,540784470
141.0057,gpu,0,0,0
141.2045,disk0,926351089045504,2086358372,12834608428550921
141.2045,disk0w,2189258563584,19747803,1284686731712
141.2045,disk4,2251153078272,4570347,37865036217984
141.2045,disk4w,2195456,171,27582691
141.2045,disk8,3303490004992,3318301,46877816350146
141.2045,disk8w,320163840,41745,1705073465
141.2045,disk6,4283809478656,7060412,81090132192175
141.2045,disk6w,380928,53,8067940
141.2045,ram,368951296,65419821056,282672
141.2045,cpu,15745769,22475956,540784470
141.2045,gpu,0,0,0
141.4057,disk0,926353529393152,2086363118,12834627306794357
141.4057,disk0w,2189258563584,19747803,1284686731712
141.4057,disk4,2251875661824,4571767,37869658805179
141.4057,disk4w,2195456,171,27582691
141.4057,disk8,3304069605376,3318895,46878517740445
141.4057,disk8w,320163840,41745,1705073465
141.4057,disk6,4284956080128,7062425,81097799476567
141.4057,disk6w,380928,53,8067940
141.4057,ram,368951296,65419821056,282672
141.4057,cpu,15745769,22475956,540784470
141.4057,gpu,0,0,0
141.6044,disk0,926355721019392,2086367502,12834639183919346
141.6044,disk0w,2189258563584,19747803,1284686731712
141.6044,disk4,2252676167680,4573339,37876752680257
141.6044,disk4w,2195456,171,27582691
141.6044,disk8,3304676599808,3319517,46879295230690
141.6044,disk8w,320163840,41745,1705073465
141.6044,disk6,4286174300160,7064814,81109586896864
141.6044,disk6w,380928,53,8067940
141.6044,ram,368951296,65419821056,282672
141.6044,cpu,15745769,22475956,540784470
141.6044,gpu,0,0,0
141.8057,disk0,926357688721408,2086373623,12834651075753765
141.8057,disk0w,2189258563584,19747803,1284686731712
141.8057,disk4,2253380679680,4574734,37881015085876
141.8057,disk4w,2195456,171,27582691
141.8057,disk8,3305176115200,3320029,46880013357099
141.8057,disk8w,320163840,41745,1705073465
141.8057,disk6,4287462819840,7066915,81124808990817
141.8057,disk6w,380928,53,8067940
141.8057,ram,394412032,64181682176,282672
141.8057,cpu,15745827,22476094,540786092
141.8057,gpu,52,8,0
142.0057,disk0,926359610683392,2086377140,12834661369901048
142.0057,disk0w,2189258567680,19747804,1284686740712
142.0057,disk4,2253971691520,4575907,37884534392074
142.0057,disk4w,2195456,171,27582691
142.0057,disk8,3305738102784,3320605,46881262221704
142.0057,disk8w,320163840,41745,1705073465
142.0057,disk6,4288572549120,7069171,81137975331661
142.0057,disk6w,380928,53,8067940
142.0057,ram,394412032,64181682176,282672
142.0057,cpu,15745827,22476094,540786092
142.0057,gpu,0,0,0
142.2057,disk0,926362125418496,2086382198,12834679238827723
142.2057,disk0w,2189258567680,19747804,1284686740712
142.2057,disk4,2254657689600,4577317,37889382081178
142.2057,disk4w,2195456,171,27582691
142.2057,disk8,3306510903296,3321397,46882557350745
142.2057,disk8w,320163840,41745,1705073465
142.2057,disk6,4289753114624,7070878,81144700906422
142.2057,disk6w,380928,53,8067940
142.2057,ram,394412032,64181682176,282672
142.2057,cpu,15745827,22476094,540786092
142.2057,gpu,27,7,0
142.4057,disk0,926364243001344,2086385556,12834688663996878
142.4057,disk0w,2189258567680,19747804,1284686740712
142.4057,disk4,2255487268864,4579018,37895228476767
142.4057,disk4w,2195456,171,27582691
142.4057,disk8,3306958776320,3321856,46883092827893
142.4057,disk8w,320163840,41745,1705073465
142.4057,disk6,4291083380736,7072519,81154595023665
142.4057,disk6w,380928,53,8067940
142.4057,ram,394412032,64181682176,282672
142.4057,cpu,15745827,22476094,540786092
142.4057,gpu,32,8,0
142.6057,disk0,926366381064192,2086389886,12834698297063896
142.6057,disk0w,2189258567680,19747804,1284686740712
142.6057,disk4,2256194926592,4580466,37901540653747
142.6057,disk4w,2195456,171,27582691
142.6057,disk8,3307532740608,3322444,46883771259786
142.6057,disk8w,320163840,41745,1705073465
142.6057,disk6,4292429641728,7074405,81166512121959
142.6057,disk6w,380928,53,8067940
142.6057,ram,394412032,64181682176,282672
142.6057,cpu,15745827,22476094,540786092
142.6057,gpu,0,0,0
142.8057,disk0,926368732602368,2086394568,12834714354835424
142.8057,disk0w,2189258567680,19747804,1284686740712
142.8057,disk4,2256750671872,4581580,37903973075709
142.8057,disk4w,2195456,171,27582691
142.8057,disk8,3308031207424,3322955,46884378724194
142.8057,disk8w,320163840,41745,1705073465
142.8057,disk6,4293676660736,7076258,81177635452972
142.8057,disk6w,380928,53,8067940
142.8057,ram,399540224,65629028352,282672
142.8057,cpu,15745888,22476236,540787632
142.8057,gpu,0,0,0
143.0057,disk0,926370958286848,2086399442,12834725984011820
143.0057,disk0w,2189258571776,19747805,1284686755253
143.0057,disk4,2257680300032,4583389,37910297029225
143.0057,disk4w,2195456,171,27582691
143.0057,disk8,3308618541056,3323557,46885054703997
143.0057,disk8w,320163840,41745,1705073465
143.0057,disk6,4295029716992,7078913,81191937640248
143.0057,disk6w,380928,53,8067940
143.0057,ram,399540224,65629028352,282672
143.0057,cpu,15745888,22476236,540787632
143.0057,gpu,0,0,0
143.2015,disk0,926373169782784,2086404480,12834737957421530
143.2015,disk0w,2189258571776,19747805,1284686755253
143.2015,disk4,2258427492352,4584873,37914508722065
143.2015,disk4w,2195456,171,27582691
143.2015,disk8,3309329868800,3324286,46886094550959
143.2015,disk8w,320163840,41745,1705073465
143.2015,disk6,4296360409088,7081217,81205525414923
143.2015,disk6w,380928,53,8067940
143.2015,ram,399540224,65629028352,282672
143.2015,cpu,15745888,22476236,540787632
143.2015,gpu,0,0,0
143.4057,disk0,926375398977536,2086412495,12834755017805584
143.4057,disk0w,2189258571776,19747805,1284686755253
143.4057,disk4,2259125860352,4586254,37918428273643
143.4057,disk4w,2195456,171,27582691
143.4057,disk8,3309834627072,3324803,46886721088190
143.4057,disk8w,320163840,41745,1705073465
143.4057,disk6,4297603872768,7083754,81220647392770
143.4057,disk6w,380928,53,8067940
143.4057,ram,399540224,65629028352,282672
143.4057,cpu,15745888,22476236,540787632
143.4057,gpu,0,0,0
143.6015,disk0,926377471205376,2086417981,12834770426530057
143.6015,disk0w,2189258571776,19747805,1284686755253
143.6015,disk4,2259742488576,4587514,37922986470040
143.6015,disk4w,2195456,171,27582691
143.6015,disk8,3310438410240,3325422,46888029304060
143.6015,disk8w,320163840,41745,1705073465
143.6015,disk6,4298620270592,7085478,81228067570152
143.6015,disk6w,380928,53,8067940
143.6015,ram,399540224,65629028352,282672
143.6015,cpu,15745888,22476236,540787632
143.6015,gpu,0,0,0
143.8057,disk0,926379427016704,2086421346,12834778765241520
143.8057,disk0w,2189258571776,19747805,1284686755253
143.8057,disk4,2260487870464,4589043,37930040648284
143.8057,disk4w,2195456,171,27582691
143.8057,disk8,3310928095232,3325924,46888682621691
143.8057,disk8w,320163840,41745,1705073465
143.8057,disk6,4299997624320,7087258,81239660199521
143.8057,disk6w,380928,53,8067940
143.8057,ram,397770752,65559216128,282672
143.8057,cpu,15745941,22476374,540789292
143.8057,gpu,0,0,0
144.0057,disk0,926381261189120,2086424754,12834786913600186
144.0057,disk0w,2189258575872,19747806,1284686764669
144.0057,disk4,2261234006016,4590570,37934908163726
144.0057,disk4w,2195456,171,27582691
144.0057,disk8,3311394580480,3326402,46889256563824
144.0057,disk8w,320163840,41745,1705073465
144.0057,disk6,4301373732864,7089267,81253859974834
144.0057,disk6w,380928,53,8067940
144.0057,ram,397770752,65559216128,282672
144.0057,cpu,15745941,22476374,540789292
144.0057,gpu,0,0,0
144.2057,disk0,926383761211392,2086430194,12834805678510163
144.2057,disk0w,2189258575872,19747806,1284686764669
144.2057,disk4,2261959464960,4592053,37940009145394
144.2057,disk4w,2195456,171,27582691
144.2057,disk8,3312034605056,3327058,46890234697684
144.2057,disk8w,320163840,41745,1705073465
144.2057,disk6,4302602106880,7091058,81261464264129
144.2057,disk6w,380928,53,8067940
144.2057,ram,397770752,65559216128,282672
144.2057,cpu,15745941,22476374,540789292
144.2057,gpu,43,5,0
144.4057,disk0,926386087432192,2086434643,12834817319470601
144.4057,disk0w,2189258575872,19747806,1284686764669
144.4057,disk4,2262715332608,4593526,37944107543328
144.4057,disk4w,2195456,171,27582691
144.4057,disk8,3312583272448,3327620,46890902933615
144.4057,disk8w,320163840,41745,1705073465
144.4057,disk6,4303899817984,7093326,81274847881299
144.4057,disk6w,380928,53,8067940
144.4057,ram,397770752,65559216128,282672
144.4057,cpu,15745941,22476374,540789292
144.4057,gpu,0,0,0
144.6057,disk0,926388175015936,2086439114,12834830650648820
144.6057,disk0w,2189258575872,19747806,1284686764669
144.6057,disk4,2263330912256,4594739,37948565994736
144.6057,disk4w,2195456,171,27582691
144.6057,disk8,3313185024000,3328237,46891634381279
144.6057,disk8w,320163840,41745,1705073465
144.6057,disk6,4305131157504,7095653,81288863951897
144.6057,disk6w,380928,53,8067940
144.6057,ram,397770752,65559216128,282672
144.6057,cpu,15745941,22476374,540789292
144.6057,gpu,0,0,0
144.8057,disk0,926390392934400,2086447735,12834848802845288
144.8057,disk0w,2189258579968,19747807,1284686774294
144.8057,disk4,2263973492736,4596012,37952005589543
144.8057,disk4w,2195456,171,27582691
144.8057,disk8,3313799751680,3328867,46892540137651
144.8057,disk8w,320163840,41745,1705073465
144.8057,disk6,4306375342080,7097782,81301147239618
144.8057,disk6w,380928,53,8067940
144.8057,ram,399556608,64137625600,282672
144.8057,cpu,15745989,22476500,540790859
144.8057,gpu,37,6,0
145.0057,disk0,926392200515584,2086451078,12834860729517700
145.0057,disk0w,2189258579968,19747807,1284686774294
145.0057,disk4,2264524126208,4597115,37954656091295
145.0057,disk4w,2195456,171,27582691
145.0057,disk8,3314388068352,3329470,46894313718783
145.0057,disk8w,320163840,41745,1705073465
145.0057,disk6,4307422951424,7099656,81312720842049
145.0057,disk6w,380928,53,8067940
145.0057,ram,399556608,64137625600,282672
145.0057,cpu,15745989,22476500,540790859
145.0057,gpu,0,0,0
145.2057,disk0,926394108649472,2086464091,12834877076713849
145.2057,disk0w,2189258579968,19747807,1284686774294
145.2057,disk4,2265261111296,4598625,37961859928157
145.2057,disk4w,2195456,171,27582691
145.2057,disk8,3314930051072,3330025,46894980885427
145.2057,disk8w,320163840,41745,1705073465
145.2057,disk6,4308580448256,7101230,81319635297820
145.2057,disk6w,380928,53,8067940
145.2057,ram,399556608,64137625600,282672
145.2057,cpu,15745989,22476500,540790859
145.2057,gpu,0,0,0
145.4047,disk0,926396394070016,2086467962,12834887169754160
145.4047,disk0w,2189258579968,19747807,1284686774294
145.4047,disk4,2266180384768,4600509,37971942218951
145.4047,disk4w,2195456,171,27582691
145.4047,disk8,3315494578176,3330604,46895657194356
145.4047,disk8w,320163840,41745,1705073465
145.4047,disk6,4309687142400,7102568,81325337175510
145.4047,disk6w,380928,53,8067940
145.4047,ram,399556608,64137625600,282672
145.4047,cpu,15745989,22476500,540790859
145.4047,gpu,0,0,0
145.6057,disk0,926398737408000,2086472555,12834902303222532
145.6057,disk0w,2189258579968,19747807,1284686774294
145.6057,disk4,2266958993408,4602105,37976506470626
145.6057,disk4w,2195456,171,27582691
145.6057,disk8,3316091742208,3331216,46896540095942
145.6057,disk8w,320163840,41745,1705073465
145.6057,disk6,4310896560128,7104417,81335302800059
145.6057,disk6w,380928,53,8067940
145.6057,ram,399556608,64137625600,282672
145.6057,cpu,15745989,22476500,540790859
145.6057,gpu,0,0,0
145.8057,disk0,926400915136512,2086477033,12834913755683009
145.8057,disk0w,2189258584064,19747808,1284686789377
145.8057,disk4,2267524708352,4603230,37980228361205
145.8057,disk4w,2195456,171,27582691
145.8057,disk8,3316627433472,3331765,46897141925219
145.8057,disk8w,320163840,41745,1705073465
145.8057,disk6,4312267327488,7106542,81349901017344
145.8057,disk6w,380928,53,8067940
145.8057,ram,401391616,65584791552,282672
145.8057,cpu,15746042,22476631,540792504
145.8057,gpu,0,0,0
146.0008,disk0,926403127943168,2086481329,12834925465920034
146.0008,disk0w,2189258584064,19747808,1284686789377
146.0008,disk4,2268347496448,4604832,37986943656550
146.0008,disk4w,2195456,171,27582691
146.0008,disk8,3317216864256,3332369,46897911099846
146.0008,disk8w,320163840,41745,1705073465
146.0008,disk6,4313462196224,7108756,81360285407262
146.0008,disk6w,380928,53,8067940
146.0008,ram,400048128,65584775168,282672
146.0008,cpu,15746042,22476633,540792523
146.0008,gpu,0,0,0
146.2008,disk0,926405415968768,2086486902,12834941734195441
146.2008,disk0w,2189258584064,19747808,1284686789377
146.2008,disk4,2269036328960,4606191,37991538929150
146.2008,disk4w,2195456,171,27582691
146.2008,disk8,3317927143424,3333097,46898855909097
146.2008,disk8w,320163840,41745,1705073465
146.2008,disk6,4314663852032,7110829,81371636193599
146.2008,disk6w,380928,53,8067940
146.2008,ram,400048128,65584775168,282672
146.2008,cpu,15746042,22476633,540792523
146.2008,gpu,30,7,0
146.4057,disk0,926407730610176,2086494512,12834959433776810
146.4057,disk0w,2189261766656,19748059,1284691549459
146.4057,disk4,2269840963584,4607786,37996579450027
146.4057,disk4w,2195456,171,27582691
146.4057,disk8,3318515525632,3333700,46899748161152
146.4057,disk8w,320163840,41745,1705073465
146.4057,disk6,4315747264512,7113015,81379843167380
146.4057,disk6w,380928,53,8067940
146.4057,ram,400048128,65584775168,282672
146.4057,cpu,15746042,22476633,540792523
146.4057,gpu,0,0,0
146.6057,disk0,926409872449536,2086502305,12834974854480760
146.6057,disk0w,2189263421440,19748172,1284693346878
146.6057,disk4,2270566168576,4609272,38001670162509
146.6057,disk4w,2195456,171,27582691
146.6057,disk8,3319175129088,3334376,46901714481415
146.6057,disk8w,320163840,41745,1705073465
146.6057,disk6,4316952197120,7114773,81387986932742
146.6057,disk6w,380928,53,8067940
146.6057,ram,400048128,65584775168,282672
146.6057,cpu,15746042,22476633,540792523
146.6057,gpu,0,0,0
146.8057,disk0,926412130435072,2086506049,12834985471552546
146.8057,disk0w,2189263425536,19748173,1284693356003
146.8057,disk4,2271235979264,4610646,38005359213058
146.8057,disk4w,2195456,171,27582691
146.8057,disk8,3319670056960,3334883,46902301346173
146.8057,disk8w,320163840,41745,1705073465
146.8057,disk6,4318299092992,7116448,81398891250149
146.8057,disk6w,380928,53,8067940
146.8057,ram,384450560,65621671936,282672
146.8057,cpu,15746097,22476770,540794006
146.8057,gpu,0,0,0
147.0057,disk0,926414086832128,2086509739,12834992761031398
147.0057,disk0w,2189263425536,19748173,1284693356003
147.0057,disk4,2271942596608,4612096,38011051543137
147.0057,disk4w,2195456,171,27582691
147.0057,disk8,3320280590336,3335509,46903119832585
147.0057,disk8w,320163840,41745,1705073465
147.0057,disk6,4319650871296,7118501,81412903909038
147.0057,disk6w,380928,53,8067940
147.0057,ram,384368640,65621671936,282672
147.0057,cpu,15746097,22476770,540794006
147.0057,gpu,0,0,0
147.2057,disk0,926416170934272,2086513805,12835005527610416
147.2057,disk0w,2189263425536,19748173,1284693356003
147.2057,disk4,2272544831488,4613316,38015130482729
147.2057,disk4w,2195456,171,27582691
147.2057,disk8,3320822573056,3336064,46903803411972
147.2057,disk8w,320163840,41745,1705073465
147.2057,disk6,4320883300352,7120297,81424839108363
147.2057,disk6w,380928,53,8067940
147.2057,ram,384368640,65621671936,282672
147.2057,cpu,15746097,22476770,540794006
147.2057,gpu,0,0,0
147.4054,disk0,926418546176000,2086518671,12835021137617932
147.4054,disk0w,2189263425536,19748173,1284693356003
147.4054,disk4,2273385527296,4614951,38020470113920
147.4054,disk4w,2195456,171,27582691
147.4054,disk8,3321439791104,3336697,46904595457685
147.4054,disk8w,320163840,41745,1705073465
147.4054,disk6,4322086000640,7122614,81435247972935
147.4054,disk6w,380928,53,8067940
147.4054,ram,384368640,65621671936,282672
147.4054,cpu,15746097,22476770,540794006
147.4054,gpu,0,0,0
147.6057,disk0,926420810481664,2086523576,12835033478145688
147.6057,disk0w,2189263425536,19748173,1284693356003
147.6057,disk4,2274138634240,4616437,38024997381507
147.6057,disk4w,2195456,171,27582691
147.6057,disk8,3322161997824,3337437,46905521396853
147.6057,disk8w,320163840,41745,1705073465
147.6057,disk6,4323408427008,7125001,81447884501651
147.6057,disk6w,380928,53,8067940
147.6057,ram,384368640,65621671936,282672
147.6057,cpu,15746097,22476770,540794006
147.6057,gpu,0,0,0
147.8057,disk0,926423205462016,2086528920,12835050007751484
147.8057,disk0w,2189263429632,19748174,1284693366169
147.8057,disk4,2274934839296,4618014,38030627673817
147.8057,disk4w,2195456,171,27582691
147.8057,disk8,3322713155584,3338002,46906170910208
147.8057,disk8w,320163840,41745,1705073465
147.8057,disk6,4324484372480,7127282,81458463287357
147.8057,disk6w,380928,53,8067940
147.8057,ram,393691136,64086982656,282672
147.8057,cpu,15746161,22476929,540795648
147.8057,gpu,0,0,0
148.0057,disk0,926425008312320,2086537527,12835064522614183
148.0057,disk0w,2189263429632,19748174,1284693366169
148.0057,disk4,2275482433536,4619132,38034267093817
148.0057,disk4w,2195456,171,27582691
148.0057,disk8,3323303569408,3338607,46907590573212
148.0057,disk8w,320163840,41745,1705073465
148.0057,disk6,4325649651712,7129221,81469747746031
148.0057,disk6w,380928,53,8067940
148.0057,ram,393691136,64086982656,282672
148.0057,cpu,15746162,22476930,540795667
148.0057,gpu,0,0,0
148.2057,disk0,926427293446144,2086541451,12835074014761049
148.2057,disk0w,2189263429632,19748174,1284693366169
148.2057,disk4,2276193236992,4620588,38039213581251
148.2057,disk4w,2195456,171,27582691
148.2057,disk8,3323889854464,3339208,46908318652931
148.2057,disk8w,320163840,41745,1705073465
148.2057,disk6,4326979819520,7130834,81479957523768
148.2057,disk6w,380928,53,8067940
148.2057,ram,393691136,64086982656,282672
148.2057,cpu,15746162,22476930,540795667
148.2057,gpu,0,0,0
148.4047,disk0,926429318967296,2086545368,12835083294839958
148.4047,disk0w,2189263482880,19748177,1284693406542
148.4047,disk4,2276880832512,4621999,38043572780363
148.4047,disk4w,2195456,171,27582691
148.4047,disk8,3324364072960,3339694,46908846517312
148.4047,disk8w,320163840,41745,1705073465
148.4047,disk6,4328317507584,7132702,81493947275897
148.4047,disk6w,380928,53,8067940
148.4047,ram,393691136,64086982656,282672
148.4047,cpu,15746162,22476930,540795667
148.4047,gpu,41,9,0
148.6057,disk0,926431689650176,2086550363,12835101760947589
148.6057,disk0w,2189263482880,19748177,1284693406542
148.6057,disk4,2277521446912,4623310,38047118851833
148.6057,disk4w,2195456,171,27582691
148.6057,disk8,3324890982400,3340234,46909452887085
148.6057,disk8w,320163840,41745,1705073465
148.6057,disk6,4329402898432,7134354,81503953426783
148.6057,disk6w,380928,53,8067940
148.6057,ram,393691136,64086982656,282672
148.6057,cpu,15746162,22476930,540795667
148.6057,gpu,0,0,0
148.8057,disk0,926433445326848,2086553716,12835112249220988
148.8057,disk0w,2189269385216,19748339,1284698823365
148.8057,disk4,2278319454208,4624866,38052636940519
148.8057,disk4w,2195456,171,27582691
148.8057,disk8,3325303728128,3340657,46909908351402
148.8057,disk8w,320163840,41745,1705073465
148.8057,disk6,4330633324544,7136507,81518964217384
148.8057,disk6w,380928,53,8067940
148.8057,ram,391168000,65626275840,282672
148.8057,cpu,15746222,22477056,540797228
148.8057,gpu,0,0,0
149.0057,disk0,926435427811328,2086557907,12835121726660254
149.0057,disk0w,2189269385216,19748339,1284698823365
149.0057,disk4,2278991886336,4626184,38057717889986
149.0057,disk4w,2195456,171,27582691
149.0057,disk8,3325830637568,3341197,46910618868564
149.0057,disk8w,320163840,41745,1705073465
149.0057,disk6,4331958970368,7138893,81533750026041
149.0057,disk6w,380928,53,8067940
149.0057,ram,389840896,65626275840,282672
149.0057,cpu,15746222,22477056,540797228
149.0057,gpu,0,0,0
149.2048,disk0,926437561040896,2086563195,12835135258482873
149.2048,disk0w,2189269843968,19748347,1284699064779
149.2048,disk4,2279664449536,4627509,38061782007429
149.2048,disk4w,2195456,171,27582691
149.2048,disk8,3326506838016,3341890,46911490504696
149.2048,disk8w,320163840,41745,1705073465
149.2048,disk6,4333203470336,7140892,81546703895772
149.2048,disk6w,380928,53,8067940
149.2048,ram,389840896,65626275840,282672
149.2048,cpu,15746222,22477056,540797228
149.2048,gpu,0,0,0
149.4058,disk0,926439417253888,2086566688,12835144549847931
149.4058,disk0w,2189269860352,19748349,1284699118987
149.4058,disk4,2280430761984,4629030,38068287241799
149.4058,disk4w,2195456,171,27582691
149.4058,disk8,3326998620160,3342394,46912133070565
149.4058,disk8w,320163840,41745,1705073465
149.4058,disk6,4334220974080,7143030,81558282506012
149.4058,disk6w,380928,53,8067940
149.4058,ram,389840896,65626275840,282672
149.4058,cpu,15746222,22477056,540797228
149.4058,gpu,0,0,0
149.6058,disk0,926441750597632,2086575655,12835160140524776
149.6058,disk0w,2189269860352,19748349,1284699118987
149.6058,disk4,2281229170688,4630667,38074065870675
149.6058,disk4w,2195456,171,27582691
149.6058,disk8,3327780120576,3343195,46913957366566
149.6058,disk8w,320163840,41745,1705073465
149.6058,disk6,4335557449728,7145018,81567973298626
149.6058,disk6w,380928,53,8067940
149.6058,ram,389840896,65626275840,282672
149.6058,cpu,15746222,22477056,540797228
149.6058,gpu,0,0,0
149.8058,disk0,926444115152896,2086579696,12835172472397736
149.8058,disk0w,2189269860352,19748349,1284699118987
149.8058,disk4,2281971783680,4632188,38079742031152
149.8058,disk4w,2195456,171,27582691
149.8058,disk8,3328245557248,3343672,46914553041361
149.8058,disk8w,320163840,41745,1705073465
149.8058,disk6,4336742062080,7146396,81575452708012
149.8058,disk6w,380928,53,8067940
149.8058,ram,390135808,65526251520,282672
149.8058,cpu,15746287,22477191,540798820
149.8058,gpu,0,0,0
150.0058,disk0,926446066802688,2086583427,12835183672612761
150.0058,disk0w,2189269860352,19748349,1284699118987
150.0058,disk4,2282700273664,4633682,38086210342180
150.0058,disk4w,2195456,171,27582691
150.0058,disk8,3328781248512,3344221,46915223641182
150.0058,disk8w,320163840,41745,1705073465
150.0058,disk6,4337881176064,7148181,81586604497285
150.0058,disk6w,380928,53,8067940
150.0058,ram,390512640,65526251520,282672
150.0058,cpu,15746288,22477193,540798909
150.0058,gpu,0,0,0
150.2058,disk0,926448262897664,2086587957,12835196850236167
150.2058,disk0w,2189269876736,19748353,1284699201319
150.2058,disk4,2283238340608,4634776,38089879904736
150.2058,disk4w,2195456,171,27582691
150.2058,disk8,3329301473280,3344754,46915843125009
150.2058,disk8w,320163840,41745,1705073465
150.2058,disk6,4339199940608,7150159,81599287065997
150.2058,disk6w,380928,53,8067940
150.2058,ram,390512640,65526251520,282672
150.2058,cpu,15746288,22477193,540798909
150.2058,gpu,0,0,0
150.4058,disk0,926450496856064,2086592292,12835208406901040
150.4058,disk0w,2189269876736,19748353,1284699201319
150.4058,disk4,2284078512128,4636406,38095544229902
150.4058,disk4w,2195456,171,27582691
150.4058,disk8,3329969547264,3345438,46916613617243
150.4058,disk8w,320163840,41745,1705073465
150.4058,disk6,4340504930304,7152699,81613346626204
150.4058,disk6w,380928,53,8067940
150.4058,ram,390512640,65526251520,282672
150.4058,cpu,15746288,22477193,540798909
150.4058,gpu,0,0,0
150.6020,disk0,926452604592128,2086596729,12835221465338885
150.6020,disk0w,2189269893120,19748357,1284699283651
150.6020,disk4,2284843685888,4637920,38101297871373
150.6020,disk4w,2195456,171,27582691
150.6020,disk8,3330634213376,3346120,46917519839846
150.6020,disk8w,320163840,41745,1705073465
150.6020,disk6,4341701359616,7154794,81624130912654
150.6020,disk6w,380928,53,8067940
150.6020,ram,390512640,65526251520,282672
150.6020,cpu,15746288,22477193,540798909
150.6020,gpu,0,0,0
150.8058,disk0,926454535843840,2086601197,12835231703845451
150.8058,disk0w,2189269893120,19748357,1284699283651
150.8058,disk4,2285537032192,4639291,38104788927995
150.8058,disk4w,2195456,171,27582691
150.8058,disk8,3331236620288,3346737,46918313346803
150.8058,disk8w,320163840,41745,1705073465
150.8058,disk6,4343045863424,7157243,81642554524864
150.8058,disk6w,380928,53,8067940
150.8058,ram,441630720,64027394048,282672
150.8058,cpu,15746336,22477315,540800431
150.8058,gpu,0,0,0
151.0044,disk0,926456676999168,2086605334,12835245536370480
151.0044,disk0w,2189269893120,19748357,1284699283651
151.0044,disk4,2286168733696,4640563,38108998118918
151.0044,disk4w,2195456,171,27582691
151.0044,disk8,3331758221312,3347272,46919340593669
151.0044,disk8w,320163840,41745,1705073465
151.0044,disk6,4344118163456,7159153,81651674199577
151.0044,disk6w,380928,53,8067940
151.0044,ram,442449920,64027394048,282672
151.0044,cpu,15746336,22477315,540800448
151.0044,gpu,0,0,0
151.2058,disk0,926458769448960,2086609045,12835254708659194
151.2058,disk0w,2189269893120,19748357,1284699283651
151.2058,disk4,2286899050496,4642061,38113225934384
151.2058,disk4w,2195456,171,27582691
151.2058,disk8,3332434028544,3347964,46920295093442
151.2058,disk8w,320163840,41745,1705073465
151.2058,disk6,4345453492224,7160951,81664201818330
151.2058,disk6w,380928,53,8067940
151.2058,ram,442449920,64027394048,282672
151.2058,cpu,15746336,22477315,540800448
151.2058,gpu,0,0,0
151.4058,disk0,926460932829184,2086612568,12835265896541886
151.4058,disk0w,2189269893120,19748357,1284699283651
151.4058,disk4,2287516366848,4643326,38116965539293
151.4058,disk4w,2195456,171,27582691
151.4058,disk8,3332908640256,3348451,46920904918059
151.4058,disk8w,320163840,41745,1705073465
151.4058,disk6,4346717304832,7162649,81676022810880
151.4058,disk6w,380928,53,8067940
151.4058,ram,442449920,64027394048,282672
151.4058,cpu,15746336,22477315,540800448
151.4058,gpu,0,0,0
151.6058,disk0,926463043137536,2086616578,12835276612853285
151.6058,disk0w,2189269893120,19748357,1284699283651
151.6058,disk4,2288125278208,4644575,38120754482524
151.6058,disk4w,2195456,171,27582691
151.6058,disk8,3333461895168,3349018,46921721350289
151.6058,disk8w,320163840,41745,1705073465
151.6058,disk6,4348033222656,7164570,81688792260242
151.6058,disk6w,380928,53,8067940
151.6058,ram,442449920,64027394048,282672
151.6058,cpu,15746336,22477315,540800448
151.6058,gpu,0,0,0
151.8058,disk0,926465253896192,2086621365,12835292456379885
151.8058,disk0w,2189269893120,19748357,1284699283651
151.8058,disk4,2288649353216,4645619,38123037422380
151.8058,disk4w,2195456,171,27582691
151.8058,disk8,3333874640896,3349441,46922164100100
151.8058,disk8w,320163840,41745,1705073465
151.8058,disk6,4349326084096,7166574,81701145985542
151.8058,disk6w,380928,53,8067940
151.8058,ram,89063424,65987821568,282672
151.8058,cpu,15746384,22477436,540802045
151.8058,gpu,0,0,0
152.0058,disk0,926467579473920,2086626080,12835305279691698
152.0058,disk0w,2189269893120,19748357,1284699283651
152.0058,disk4,2289511512064,4647297,38130284554942
152.0058,disk4w,2195456,171,27582691
152.0058,disk8,3334401550336,3349981,46922746339329
152.0058,disk8w,320163840,41745,1705073465
152.0058,disk6,4350502602752,7168752,81711919239919
152.0058,disk6w,380928,53,8067940
152.0058,ram,87605248,65976614912,282672
152.0058,cpu,15746385,22477443,540802093
152.0058,gpu,39,5,0
152.2058,disk0,926469791862784,2086631130,12835319871153483
152.2058,disk0w,2189269893120,19748357,1284699283651
152.2058,disk4,2290002835456,4648267,38132385164704
152.2058,disk4w,2195456,171,27582691
152.2058,disk8,3335104096256,3350701,46923589326175
152.2058,disk8w,320163840,41745,1705073465
152.2058,disk6,4351834818560,7170972,81725621244459
152.2058,disk6w,380928,53,8067940
152.2058,ram,87605248,65976614912,282672
152.2058,cpu,15746385,22477443,540802093
152.2058,gpu,40,5,0
152.4015,disk0,926471714115584,2086635660,12835331403165881
152.4015,disk0w,2189271564288,19748466,1284702101736
152.4015,disk4,2290564347904,4649378,38136904741119
152.4015,disk4w,2195456,171,27582691
152.4015,disk8,3335578314752,3351187,46924117720387
152.4015,disk8w,320163840,41745,1705073465
152.4015,disk6,4353004636160,7173463,81743226477556
152.4015,disk6w,380928,53,8067940
152.4015,ram,87605248,65976614912,282672
152.4015,cpu,15746385,22477443,540802093
152.4015,gpu,0,0,0
152.6045,disk0,926473885548544,2086642391,12835354762904204
152.6045,disk0w,2189271568384,19748467,1284702130902
152.6045,disk4,2291073218560,4650416,38139969095688
152.6045,disk4w,2195456,171,27582691
152.6045,disk8,3336087578624,3351709,46925353989258
152.6045,disk8w,320163840,41745,1705073465
152.6045,disk6,4353896155136,7174983,81748249897135
152.6045,disk6w,380928,53,8067940
152.6045,ram,87605248,65976614912,282672
152.6045,cpu,15746385,22477443,540802093
152.6045,gpu,32,7,0
152.8058,disk0,926476292993024,2086646622,12835370531433929
152.8058,disk0w,2189271642112,19748469,1284702168985
152.8058,disk4,2291886839808,4652083,38146903865668
152.8058,disk4w,2195456,171,27582691
152.8058,disk8,3336623269888,3352258,46926001765827
152.8058,disk8w,320163840,41745,1705073465
152.8058,disk6,4354980120576,7176300,81753317588620
152.8058,disk6w,380928,53,8067940
152.8058,ram,103694336,65787035648,282751
152.8058,cpu,15746482,22477585,540803580
152.8058,gpu,0,0,0
153.0058,disk0,926478474440704,2086650498,12835380596337733
153.0058,disk0w,2189271642112,19748469,1284702168985
153.0058,disk4,2292584527872,4653512,38150479974734
153.0058,disk4w,2195456,171,27582691
153.0058,disk8,3337246779392,3352897,46926897492697
153.0058,disk8w,320163840,41745,1705073465
153.0058,disk6,4356264003584,7178211,81766017295560
153.0058,disk6w,380928,53,8067940
153.0058,ram,248430592,65287438336,282751
153.0058,cpu,15746487,22477596,540803654
153.0058,gpu,0,0,0
153.2058,disk0,926480511848448,2086654663,12835388795545054
153.2058,disk0w,2189271642112,19748469,1284702168985
153.2058,disk4,2293276981248,4654933,38155311946007
153.2058,disk4w,2195456,171,27582691
153.2058,disk8,3337759270912,3353422,46927591848020
153.2058,disk8w,320163840,41745,1705073465
153.2058,disk6,4357620975616,7180186,81779767684459
153.2058,disk6w,380928,53,8067940
153.2058,ram,248430592,65287438336,282751
153.2058,cpu,15746487,22477596,540803654
153.2058,gpu,0,0,0
153.4058,disk0,926482752856064,2086659089,12835402563864202
153.4058,disk0w,2189271642112,19748469,1284702168985
153.4058,disk4,2294005725184,4656349,38159071762076
153.4058,disk4w,2195456,171,27582691
153.4058,disk8,3338379634688,3354058,46928334962270
153.4058,disk8w,320163840,41745,1705073465
153.4058,disk6,4358936471552,7182548,81792591107744
153.4058,disk6w,380928,53,8067940
153.4058,ram,248430592,65287438336,282751
153.4058,cpu,15746487,22477596,540803654
153.4058,gpu,34,5,0
153.6058,disk0,926484846211072,2086663799,12835415406652380
153.6058,disk0w,2189271642112,19748469,1284702168985
153.6058,disk4,2294731847680,4657781,38164630006684
153.6058,disk4w,2195456,171,27582691
153.6058,disk8,3338959235072,3354652,46929112607653
153.6058,disk8w,320163840,41745,1705073465
153.6058,disk6,4360220485632,7184955,81807519674515
153.6058,disk6w,380928,53,8067940
153.6058,ram,248430592,65287438336,282751
153.6058,cpu,15746487,22477596,540803654
153.6058,gpu,34,6,0
153.8019,disk0,926486875439104,2086668423,12835433004061733
153.8019,disk0w,2189277646848,19748642,1284706998846
153.8019,disk4,2295326873600,4658958,38168220950344
153.8019,disk4w,2195456,171,27582691
153.8019,disk8,3339530053632,3355237,46929860835201
153.8019,disk8w,320163840,41745,1705073465
153.8019,disk6,4361346414592,7186880,81817143821300
153.8019,disk6w,380928,53,8067940
153.8019,ram,249905152,63891275776,282751
153.8019,cpu,15746527,22477706,540805189
153.8019,gpu,0,0,0
154.0055,disk0,926488977469440,2086672257,12835444547586311
154.0055,disk0w,2189277646848,19748642,1284706998846
154.0055,disk4,2296097527808,4660507,38174448341548
154.0055,disk4w,2195456,171,27582691
154.0055,disk8,3340214953984,3355939,46931511916549
154.0055,disk8w,320163840,41745,1705073465
154.0055,disk6,4362386896896,7188763,81825287714089
154.0055,disk6w,380928,53,8067940
154.0055,ram,250757120,63891275776,282751
154.0055,cpu,15746527,22477706,540805189
154.0055,gpu,0,0,0
154.2058,disk0,926491297611776,2086679496,12835459276487467
154.2058,disk0w,2189277646848,19748642,1284706998846
154.2058,disk4,2296986679296,4662331,38181261834484
154.2058,disk4w,2195456,171,27582691
154.2058,disk8,3340778039296,3356516,46932241385278
154.2058,disk8w,320163840,41745,1705073465
154.2058,disk6,4363700353024,7190532,81833250334497
154.2058,disk6w,380928,53,8067940
154.2058,ram,250757120,63891275776,282751
154.2058,cpu,15746527,22477706,540805189
154.2058,gpu,0,0,0
154.4058,disk0,926493762273280,2086683623,12835472195822171
154.4058,disk0w,2189277646848,19748642,1284706998846
154.4058,disk4,2297761904640,4663918,38186490314436
154.4058,disk4w,2195456,171,27582691
154.4058,disk8,3341382936576,3357136,46933085758978
154.4058,disk8w,320163840,41745,1705073465
154.4058,disk6,4365007796224,7192328,81841065173987
154.4058,disk6w,380928,53,8067940
154.4058,ram,250757120,63891275776,282751
154.4058,cpu,15746527,22477706,540805189
154.4058,gpu,0,0,0
154.6058,disk0,926495731695616,2086687731,12835480808678840
154.6058,disk0w,2189277646848,19748642,1284706998846
154.6058,disk4,2298302724096,4665027,38189271548852
154.6058,disk4w,2195456,171,27582691
154.6058,disk8,3341971318784,3357739,46933987779745
154.6058,disk8w,320163840,41745,1705073465
154.6058,disk6,4366414395392,7194459,81857142292397
154.6058,disk6w,380928,53,8067940
154.6058,ram,250757120,63891275776,282751
154.6058,cpu,15746527,22477706,540805189
154.6058,gpu,0,0,0
154.8036,disk0,926497712930816,2086691680,12835488515673548
154.8036,disk0w,2189277650944,19748643,1284707016429
154.8036,disk4,2299039709184,4666464,38194405562538
154.8036,disk4w,2195456,171,27582691
154.8036,disk8,3342454319104,3358234,46934523743794
154.8036,disk8w,320163840,41745,1705073465
154.8036,disk6,4367778498560,7196696,81872606446300
154.8036,disk6w,380928,53,8067940
154.8036,ram,319848448,65393737728,282751
154.8036,cpu,15746567,22477830,540806807
154.8036,gpu,28,7,0
155.0009,disk0,926499774513152,2086695764,12835500112271729
155.0009,disk0w,2189277650944,19748643,1284707016429
155.0009,disk4,2299829336064,4668009,38200070247725
155.0009,disk4w,2195456,171,27582691
155.0009,disk8,3342972446720,3358765,46935110715957
155.0009,disk8w,320163840,41745,1705073465
155.0009,disk6,4368999716864,7198927,81885533819323
155.0009,disk6w,380928,53,8067940
155.0009,ram,388530176,65393737728,282751
155.0009,cpu,15746571,22477834,540806891
155.0009,gpu,0,0,0
155.2056,disk0,926501747744768,2086702115,12835510198950827
155.2056,disk0w,2189277650944,19748643,1284707016429
155.2056,disk4,2300654057472,4669639,38205346998919
155.2056,disk4w,2195456,171,27582691
155.2056,disk8,3343639865344,3359449,46936006544067
155.2056,disk8w,320163840,41745,1705073465
155.2056,disk6,4370428909568,7201397,81902116519386
155.2056,disk6w,380928,53,8067940
155.2056,ram,388530176,65393737728,282751
155.2056,cpu,15746571,22477834,540806891
155.2056,gpu,0,0,0
155.4058,disk0,926503844986880,2086707568,12835525011050824
155.4058,disk0w,2189277650944,19748643,1284707016429
155.4058,disk4,2301198022656,4670720,38208304916414
155.4058,disk4w,2195456,171,27582691
155.4058,disk8,3344149211136,3359971,46936699336639
155.4058,disk8w,320163840,41745,1705073465
155.4058,disk6,4371492239360,7203583,81913810358959
155.4058,disk6w,380928,53,8067940
155.4058,ram,388530176,65393737728,282751
155.4058,cpu,15746571,22477834,540806891
155.4058,gpu,0,0,0
155.6058,disk0,926506088845312,2086712053,12835536525468733
155.6058,disk0w,2189277650944,19748643,1284707016429
155.6058,disk4,2301927290880,4672213,38213637075321
155.6058,disk4w,2195456,171,27582691
155.6058,disk8,3344691128320,3360526,46937629357209
155.6058,disk8w,320163840,41745,1705073465
155.6058,disk6,4372809185280,7205467,81925274842472
155.6058,disk6w,380928,53,8067940
155.6058,ram,388530176,65393737728,282751
155.6058,cpu,15746571,22477834,540806891
155.6058,gpu,0,0,0
155.8058,disk0,926508292743168,2086715704,12835543695353375
155.8058,disk0w,2189277650944,19748643,1284707016429
155.8058,disk4,2302849038336,4674102,38221583307155
155.8058,disk4w,2195456,171,27582691
155.8058,disk8,3345299564544,3361150,46938425932415
155.8058,disk8w,320163840,41745,1705073465
155.8058,disk6,4374198269952,7207128,81934540150165
155.8058,disk6w,380928,53,8067940
155.8058,ram,381042688,65302560768,282751
155.8058,cpu,15746611,22477959,540808417
155.8058,gpu,0,0,0
156.0058,disk0,926510327951360,2086719653,12835553485819755
156.0058,disk0w,2189277650944,19748643,1284707016429
156.0058,disk4,2303451666432,4675336,38225359863451
156.0058,disk4w,2195456,171,27582691
156.0058,disk8,3345931855872,3361798,46939196058398
156.0058,disk8w,320163840,41745,1705073465
156.0058,disk6,4375598610432,7209406,81949889173626
156.0058,disk6w,380928,53,8067940
156.0058,ram,379551744,65336098816,282751
156.0058,cpu,15746615,22477962,540808502
156.0058,gpu,0,0,0
156.2045,disk0,926512468475904,2086724184,12835568872832770
156.2045,disk0w,2189277650944,19748643,1284707016429
156.2045,disk4,2304014366720,4676470,38228018642570
156.2045,disk4w,2195456,171,27582691
156.2045,disk8,3346467547136,3362347,46939902456296
156.2045,disk8w,320163840,41745,1705073465
156.2045,disk6,4376835442688,7211255,81961713474180
156.2045,disk6w,380928,53,8067940
156.2045,ram,379551744,65336098816,282751
156.2045,cpu,15746615,22477962,540808502
156.2045,gpu,0,0,0
156.4058,disk0,926514643980288,2086728666,12835579060596891
156.4058,disk0w,2189277650944,19748643,1284707016429
156.4058,disk4,2304672528384,4677747,38231897192608
156.4058,disk4w,2195456,171,27582691
156.4058,disk8,3347158820864,3363055,46940925930891
156.4058,disk8w,320163840,41745,1705073465
156.4058,disk6,4378231244800,7213813,81978497751557
156.4058,disk6w,380928,53,8067940
156.4058,ram,379551744,65336098816,282751
156.4058,cpu,15746615,22477962,540808502
156.4058,gpu,0,0,0
156.6058,disk0,926516573900800,2086733014,12835587936778778
156.6058,disk0w,2189277650944,19748643,1284707016429
156.6058,disk4,2305277769728,4678943,38234354177835
156.6058,disk4w,2195456,171,27582691
156.6058,disk8,3347802384384,3363715,46941726791428
156.6058,disk8w,320163840,41745,1705073465
156.6058,disk6,4379630159872,7216440,81999077760340
156.6058,disk6w,380928,53,8067940
156.6058,ram,379551744,65336098816,282751
156.6058,cpu,15746615,22477962,540808502
156.6058,gpu,0,0,0
156.8058,disk0,926518875459584,2086740783,12835605354688347
156.8058,disk0w,2189277650944,19748643,1284707016429
156.8058,disk4,2305878046720,4680128,38236722933737
156.8058,disk4w,2195456,171,27582691
156.8058,disk8,3348338075648,3364264,46942356356082
156.8058,disk8w,320163840,41745,1705073465
156.8058,disk6,4380878211072,7218837,82013392384135
156.8058,disk6w,380928,53,8067940
156.8058,ram,379551744,65336098816,282751
156.8058,cpu,15746615,22477962,540808502
156.8058,gpu,0,0,0
157.0058,disk0,926520565714944,2086744595,12835614427729329
157.0058,disk0w,2189277659136,19748645,1284707067470
157.0058,disk4,2306631915520,4681660,38243545534216
157.0058,disk4w,2195456,171,27582691
157.0058,disk8,3348935190528,3364876,46943379326090
157.0058,disk8w,320163840,41745,1705073465
157.0058,disk6,4381972252672,7220479,82023233815575
157.0058,disk6w,380928,53,8067940
157.0058,ram,473038848,63825281024,282751
157.0058,cpu,15746656,22478092,540810148
157.0058,gpu,0,0,0
157.2058,disk0,926522653528064,2086748995,12835623599667021
157.2058,disk0w,2189277659136,19748645,1284707067470
157.2058,disk4,2307453786112,4683346,38250052622355
157.2058,disk4w,2195456,171,27582691
157.2058,disk8,3349523572736,3365479,46944244852766
157.2058,disk8w,320163840,41745,1705073465
157.2058,disk6,4383290525696,7222103,82032611055345
157.2058,disk6w,380928,53,8067940
157.2058,ram,473038848,63825281024,282751
157.2058,cpu,15746656,22478092,540810148
157.2058,gpu,0,0,0
157.4058,disk0,926524874199040,2086753018,12835636354228688
157.4058,disk0w,2189277659136,19748645,1284707067470
157.4058,disk4,2308166924288,4684806,38256165635294
157.4058,disk4w,2195456,171,27582691
157.4058,disk8,3350032918528,3366001,46944867863682
157.4058,disk8w,320163840,41745,1705073465
157.4058,disk6,4384535775232,7223802,82042446193621
157.4058,disk6w,380928,53,8067940
157.4058,ram,473038848,63825281024,282751
157.4058,cpu,15746656,22478092,540810148
157.4058,gpu,30,7,0
157.6058,disk0,926527103795200,2086757540,12835649468362371
157.6058,disk0w,2189278609408,19748816,1284710503543
157.6058,disk4,2309003573248,4686519,38261813737129
157.6058,disk4w,2195456,171,27582691
157.6058,disk8,3350621300736,3366604,46945499513178
157.6058,disk8w,320163840,41745,1705073465
157.6058,disk6,4385881769984,7225795,82053591305165
157.6058,disk6w,380928,53,8067940
157.6058,ram,473038848,63825281024,282751
157.6058,cpu,15746656,22478092,540810148
157.6058,gpu,0,0,0
157.8058,disk0,926529248178176,2086761611,12835660288665554
157.8058,disk0w,2189278609408,19748816,1284710503543
157.8058,disk4,2309743556608,4687953,38265250035180
157.8058,disk4w,2195456,171,27582691
157.8058,disk8,3351183337472,3367180,46946193545767
157.8058,disk8w,320163840,41745,1705073465
157.8058,disk6,4387204892672,7228305,82070085244627
157.8058,disk6w,380928,53,8067940
157.8058,ram,473038848,63825281024,282751
157.8058,cpu,15746656,22478092,540810148
157.8058,gpu,0,0,0
158.0058,disk0,926531523043328,2086766850,12835672928067464
158.0058,disk0w,2189278654464,19748817,1284710543751
158.0058,disk4,2310494566400,4689430,38270568046219
158.0058,disk4w,2195456,171,27582691
158.0058,disk8,3351923107840,3367938,46947229317596
158.0058,disk8w,320163840,41745,1705073465
158.0058,disk6,4388532996096,7230731,82083455241728
158.0058,disk6w,380928,53,8067940
158.0058,ram,504430592,65375911936,282751
158.0058,cpu,15746707,22478232,540811630
158.0058,gpu,0,0,0
158.2058,disk0,926533682675712,2086774987,12835687542309660
158.2058,disk0w,2189278654464,19748817,1284710543751
158.2058,disk4,2310989412352,4690408,38272865386358
158.2058,disk4w,2195456,171,27582691
158.2058,disk8,3352579647488,3368611,46948274612585
158.2058,disk8w,320163840,41745,1705073465
158.2058,disk6,4389839132672,7233064,82099354968996
158.2058,disk6w,380928,53,8067940
158.2058,ram,504430592,65375911936,282751
158.2058,cpu,15746707,22478232,540811630
158.2058,gpu,39,6,0
158.4058,disk0,926535522885632,2086778266,12835698206530920
158.4058,disk0w,2189278654464,19748817,1284710543751
158.4058,disk4,2311777998848,4691995,38280052422918
158.4058,disk4w,2195456,171,27582691
158.4058,disk8,3353070299136,3369114,46949295149083
158.4058,disk8w,320163840,41745,1705073465
158.4058,disk6,4390913529856,7234957,82108277305146
158.4058,disk6w,380928,53,8067940
158.4058,ram,504430592,65375911936,282751
158.4058,cpu,15746707,22478232,540811630
158.4058,gpu,0,0,0
158.6045,disk0,926537577717760,2086782709,12835706556669185
158.6045,disk0w,2189278654464,19748817,1284710543751
158.6045,disk4,2312654837760,4693792,38288728368953
158.6045,disk4w,2195456,171,27582691
158.6045,disk8,3353686075392,3369745,46950027347364
158.6045,disk8w,320163840,41745,1705073465
158.6045,disk6,4392237832192,7236746,82118422861450
158.6045,disk6w,380928,53,8067940
158.6045,ram,504430592,65375911936,282751
158.6045,cpu,15746707,22478232,540811630
158.6045,gpu,0,0,0
158.8058,disk0,926539383971840,2086785738,12835714418346813
158.8058,disk0w,2189279883264,19748853,1284711072987
158.8058,disk4,2313477076992,4695478,38298653679968
158.8058,disk4w,2195456,171,27582691
158.8058,disk8,3354151512064,3370222,46950627560178
158.8058,disk8w,320163840,41745,1705073465
158.8058,disk6,4393520470016,7238478,82128426013597
158.8058,disk6w,380928,53,8067940
158.8058,ram,504430592,65375911936,282751
158.8058,cpu,15746707,22478232,540811630
158.8058,gpu,0,0,0
159.0058,disk0,926541679931392,2086790497,12835727145716106
159.0058,disk0w,2189279899648,19748855,1284711122153
159.0058,disk4,2314343806976,4697255,38305731964099
159.0058,disk4w,2195456,171,27582691
159.0058,disk8,3354810148864,3370897,46951531916576
159.0058,disk8w,320163840,41745,1705073465
159.0058,disk6,4394766194688,7240481,82136607952231
159.0058,disk6w,380928,53,8067940
159.0058,ram,553910272,65221017600,282751
159.0058,cpu,15746757,22478374,540813362
159.0058,gpu,0,0,0
159.2016,disk0,926543551922176,2086794453,12835735618979750
159.2016,disk0w,2189279907840,19748857,1284711145777
159.2016,disk4,2315053709312,4698658,38309539356118
159.2016,disk4w,2195456,171,27582691
159.2016,disk8,3355328276480,3371428,46952093011441
159.2016,disk8w,320163840,41745,1705073465
159.2016,disk6,4396042491904,7242660,82153176111339
159.2016,disk6w,380928,53,8067940
159.2016,ram,553910272,65221017600,282751
159.2016,cpu,15746757,22478374,540813362
159.2016,gpu,0,0,0
159.4058,disk0,926545740488704,2086798764,12835745675236576
159.4058,disk0w,2189279907840,19748857,1284711145777
159.4058,disk4,2316016711680,4700545,38317401583503
159.4058,disk4w,2195456,171,27582691
159.4058,disk8,3355916658688,3372031,46952830970820
159.4058,disk8w,320163840,41745,1705073465
159.4058,disk6,4397354969088,7245013,82165844453009
159.4058,disk6w,380928,53,8067940
159.4058,ram,553910272,65221017600,282751
159.4058,cpu,15746757,22478374,540813362
159.4058,gpu,34,6,0
159.6058,disk0,926548004675584,2086804657,12835763044182445
159.6058,disk0w,2189279907840,19748857,1284711145777
159.6058,disk4,2316554008576,4701606,38319879865577
159.6058,disk4w,2195456,171,27582691
159.6058,disk8,3356543313920,3372673,46953691748271
159.6058,disk8w,320163840,41745,1705073465
159.6058,disk6,4398646929408,7247332,82179177343069
159.6058,disk6w,380928,53,8067940
159.6058,ram,553910272,65221017600,282751
159.6058,cpu,15746757,22478374,540813362
159.6058,gpu,0,0,0
159.8035,disk0,926550184050688,2086809864,12835776339476926
159.8035,disk0w,2189279907840,19748857,1284711145777
159.8035,disk4,2317297661952,4703083,38325140066798
159.8035,disk4w,2195456,171,27582691
159.8035,disk8,3357119768576,3373264,46954479017606
159.8035,disk8w,320163840,41745,1705073465
159.8035,disk6,4399860480000,7249784,82191647217713
159.8035,disk6w,380928,53,8067940
159.8035,ram,553910272,65221017600,282751
159.8035,cpu,15746757,22478374,540813362
159.8035,gpu,33,6,0
160.0041,disk0,926552330027008,2086815083,12835788985495349
160.0041,disk0w,2189279907840,19748857,1284711145777
160.0041,disk4,2318069504000,4704665,38331478308816
160.0041,disk4w,2195456,171,27582691
160.0041,disk8,3357753042944,3373913,46955790709644
160.0041,disk8w,320163840,41745,1705073465
160.0041,disk6,4400974526464,7251591,82200084369176
160.0041,disk6w,380928,53,8067940
160.0041,ram,390463488,65180958720,282751
160.0041,cpu,15746797,22478490,540814843
160.0041,gpu,35,5,0
160.2051,disk0,926554621984768,2086818951,12835800990269668
160.2051,disk0w,2189279907840,19748857,1284711145777
160.2051,disk4,2318897747968,4706361,38339209118261
160.2051,disk4w,2195456,171,27582691
160.2051,disk8,3358287685632,3374461,46956546561384
160.2051,disk8w,320163840,41745,1705073465
160.2051,disk6,4402153224192,7252965,82206714016104
160.2051,disk6w,380928,53,8067940
160.2051,ram,390463488,65180958720,282751
160.2051,cpu,15746797,22478490,540814843
160.2051,gpu,0,0,0
160.4058,disk0,926556793995264,2086822909,12835808688433515
160.4058,disk0w,2189279907840,19748857,1284711145777
160.4058,disk4,2319546873856,4707691,38342450169593
160.4058,disk4w,2195456,171,27582691
160.4058,disk8,3358849722368,3375037,46957301717937
160.4058,disk8w,320163840,41745,1705073465
160.4058,disk6,4403545339904,7255046,82221507748786
160.4058,disk6w,380928,53,8067940
160.4058,ram,390463488,65180958720,282751
160.4058,cpu,15746797,22478490,540814843
160.4058,gpu,0,0,0
160.6058,disk0,926559030558720,2086827563,12835821511663211
160.6058,disk0w,2189279907840,19748857,1284711145777
160.6058,disk4,2320427907072,4709475,38350468208281
160.6058,disk4w,2195456,171,27582691
160.6058,disk8,3359376631808,3375577,46957899068999
160.6058,disk8w,320163840,41745,1705073465
160.6058,disk6,4404752742400,7256959,82231481959980
160.6058,disk6w,380928,53,8067940
160.6058,ram,390463488,65180958720,282751
160.6058,cpu,15746797,22478490,540814843
160.6058,gpu,0,0,0
160.8038,disk0,926561487355904,2086832483,12835835671726340
160.8038,disk0w,2189279907840,19748857,1284711145777
160.8038,disk4,2321286150144,4711148,38355731227635
160.8038,disk4w,2195456,171,27582691
160.8038,disk8,3359961475072,3376176,46958649197293
160.8038,disk8w,320163840,41745,1705073465
160.8038,disk6,4405937928192,7259241,82243007915201
160.8038,disk6w,380928,53,8067940
160.8038,ram,390463488,65180958720,282751
160.8038,cpu,15746797,22478490,540814843
160.8038,gpu,0,0,0
161.0058,disk0,926563571007488,2086837291,12835845671826054
161.0058,disk0w,2189279907840,19748857,1284711145777
161.0058,disk4,2322027182080,4712613,38359993355941
161.0058,disk4w,2195456,171,27582691
161.0058,disk8,3360597305344,3376828,46959681142209
161.0058,disk8w,320163840,41745,1705073465
161.0058,disk6,4407345035264,7261741,82258866379341
161.0058,disk6w,380928,53,8067940
161.0058,ram,397885440,64144834560,282751
161.0058,cpu,15746832,22478610,540816502
161.0058,gpu,0,0,0
161.2058,disk0,926566097797120,2086843630,12835863824671282
161.2058,disk0w,2189279907840,19748857,1284711145777
161.2058,disk4,2322812762112,4714166,38364562197560
161.2058,disk4w,2195456,171,27582691
161.2058,disk8,3361106651136,3377350,46960309322983
161.2058,disk8w,320163840,41745,1705073465
161.2058,disk6,4408598362112,7264329,82270449699080
161.2058,disk6w,380928,53,8067940
161.2058,ram,397885440,64144834560,282751
161.2058,cpu,15746832,22478610,540816502
161.2058,gpu,41,5,0
161.4011,disk0,926568036282368,2086847615,12835876880910313
161.4011,disk0w,2189284495360,19749179,1284718256298
161.4011,disk4,2323348617216,4715262,38367184490617
161.4011,disk4w,2195456,171,27582691
161.4011,disk8,3361767335936,3378027,46961557268264
161.4011,disk8w,320163840,41745,1705073465
161.4011,disk6,4409672775680,7265985,82280149858359
161.4011,disk6w,380928,53,8067940
161.4011,ram,397885440,64144834560,282751
161.4011,cpu,15746832,22478610,540816502
161.4011,gpu,0,0,0
161.6058,disk0,926570490138624,2086851864,12835891350715132
161.6058,disk0w,2189285416960,19749251,1284719485605
161.6058,disk4,2324243159040,4717095,38375723774511
161.6058,disk4w,2195456,171,27582691
161.6058,disk8,3362459002880,3378736,46962464272120
161.6058,disk8w,320163840,41745,1705073465
161.6058,disk6,4410758248448,7267233,82284580193271
161.6058,disk6w,380928,53,8067940
161.6058,ram,397885440,64144834560,282751
161.6058,cpu,15746832,22478610,540816502
161.6058,gpu,0,0,0
161.8058,disk0,926572618735616,2086856069,12835901435456506
161.8058,disk0w,2189285416960,19749251,1284719485605
161.8058,disk4,2325038659584,4718727,38381969218863
161.8058,disk4w,2195456,171,27582691
161.8058,disk8,3362977130496,3379267,46963147993573
161.8058,disk8w,320163840,41745,1705073465
161.8058,disk6,4412033316864,7269041,82295360234500
161.8058,disk6w,380928,53,8067940
161.8058,ram,397885440,64144834560,282751
161.8058,cpu,15746832,22478610,540816502
161.8058,gpu,0,0,0
162.0058,disk0,926574897242112,2086861075,12835916193233676
162.0058,disk0w,2189285416960,19749251,1284719485605
162.0058,disk4,2325863905280,4720392,38388735771648
162.0058,disk4w,2195456,171,27582691
162.0058,disk8,3363474155520,3379776,46963666271445
162.0058,disk8w,320163840,41745,1705073465
162.0058,disk6,4413211265024,7270883,82305734240952
162.0058,disk6w,380928,53,8067940
162.0058,ram,512524288,65255161856,282751
162.0058,cpu,15746886,22478773,540818169
162.0058,gpu,29,6,0
162.2058,disk0,926577445888000,2086866260,12835935607421938
162.2058,disk0w,2189285416960,19749251,1284719485605
162.2058,disk4,2326601938944,4721830,38393308828965
162.2058,disk4w,2195456,171,27582691
162.2058,disk8,3363960694784,3380275,46964273874352
162.2058,disk8w,320163840,41745,1705073465
162.2058,disk6,4414328883200,7273072,82314499504189
162.2058,disk6w,380928,53,8067940
162.2058,ram,512524288,65255161856,282751
162.2058,cpu,15746886,22478773,540818169
162.2058,gpu,0,0,0
162.4058,disk0,926579633807360,2086870997,12835950296698194
162.4058,disk0w,2189285416960,19749251,1284719485605
162.4058,disk4,2327317182464,4723249,38399556312160
162.4058,disk4w,2195456,171,27582691
162.4058,disk8,3364557858816,3380887,46965012750701
162.4058,disk8w,320163840,41745,1705073465
162.4058,disk6,4415557978112,7275244,82324485298874
162.4058,disk6w,380928,53,8067940
162.4058,ram,512524288,65255161856,282751
162.4058,cpu,15746886,22478773,540818169
162.4058,gpu,0,0,0
162.6058,disk0,926581854392320,2086876218,12835963097472191
162.6058,disk0w,2189285416960,19749251,1284719485605
162.6058,disk4,2328141772800,4724881,38404471452367
162.6058,disk4w,2195456,171,27582691
162.6058,disk8,3365102331904,3381445,46965655964634
162.6058,disk8w,320163840,41745,1705073465
162.6058,disk6,4416773326848,7277629,82337596733006
162.6058,disk6w,380928,53,8067940
162.6058,ram,512524288,65255161856,282751
162.6058,cpu,15746886,22478773,540818169
162.6058,gpu,0,0,0
162.8058,disk0,926583814987776,2086880952,12835973816600190
162.8058,disk0w,2189285416960,19749251,1284719485605
162.8058,disk4,2328729745408,4726086,38407592427597
162.8058,disk4w,2195456,171,27582691
162.8058,disk8,3365759821824,3382119,46967586448157
162.8058,disk8w,320163840,41745,1705073465
162.8058,disk6,4417930070016,7279506,82349341794771
162.8058,disk6w,380928,53,8067940
162.8058,ram,512524288,65255161856,282751
162.8058,cpu,15746886,22478773,540818169
162.8058,gpu,0,0,0
163.0037,disk0,926586212392960,2086885103,12835986655920159
163.0037,disk0w,2189285416960,19749251,1284719485605
163.0037,disk4,2329480230912,4727622,38413560648809
163.0037,disk4w,2195456,171,27582691
163.0037,disk8,3366278998016,3382651,46968300322318
163.0037,disk8w,320163840,41745,1705073465
163.0037,disk6,4419159558144,7280924,82355324717832
163.0037,disk6w,380928,53,8067940
163.0037,ram,550846464,65378615296,282751
163.0037,cpu,15746958,22478947,540819736
163.0037,gpu,0,0,0
163.2058,disk0,926588628918272,2086889898,12836003234409529
163.2058,disk0w,2189285416960,19749251,1284719485605
163.2058,disk4,2330321836032,4729349,38420474947329
163.2058,disk4w,2195456,171,27582691
163.2058,disk8,3366972762112,3383362,46969239774953
163.2058,disk8w,320163840,41745,1705073465
163.2058,disk6,4420379838464,7282662,82361925616830
163.2058,disk6w,380928,53,8067940
163.2058,ram,550846464,65378615296,282751
163.2058,cpu,15746958,22478947,540819736
163.2058,gpu,35,5,0
163.4058,disk0,926591064571904,2086895121,12836019695280217
163.4058,disk0w,2189285433344,19749255,1284719576187
163.4058,disk4,2331054766080,4730836,38424527530176
163.4058,disk4w,2195456,171,27582691
163.4058,disk8,3367517235200,3383920,46969905048435
163.4058,disk8w,320163840,41745,1705073465
163.4058,disk6,4421640914944,7284618,82371961851226
163.4058,disk6w,380928,53,8067940
163.4058,ram,550846464,65378615296,282751
163.4058,cpu,15746958,22478947,540819736
163.4058,gpu,35,12,0
163.6053,disk0,926593502199808,2086900133,12836038786282958
163.6053,disk0w,2189285433344,19749255,1284719576187
163.6053,disk4,2331766618112,4732215,38428338995843
163.6053,disk4w,2195456,171,27582691
163.6053,disk8,3368040605696,3384456,46970537573001
163.6053,disk8w,320163840,41745,1705073465
163.6053,disk6,4422807603200,7286937,82382647491245
163.6053,disk6w,380928,53,8067940
163.6053,ram,550846464,65378615296,282751
163.6053,cpu,15746958,22478947,540819736
163.6053,gpu,36,9,0
163.8044,disk0,926595880878080,2086905453,12836055052302663
163.8044,disk0w,2189285433344,19749255,1284719576187
163.8044,disk4,2332353263616,4733379,38431022920286
163.8044,disk4w,2195456,171,27582691
163.8044,disk8,3368695048192,3385127,46971325688818
163.8044,disk8w,320163840,41745,1705073465
163.8044,disk6,4424140638208,7289297,82395139275370
163.8044,disk6w,380928,53,8067940
163.8044,ram,550846464,65378615296,282751
163.8044,cpu,15746958,22478947,540819736
163.8044,gpu,0,0,0
164.0058,disk0,926597775749120,2086910207,12836064222176089
164.0058,disk0w,2189285433344,19749255,1284719576187
164.0058,disk4,2333037606912,4734730,38433998474198
164.0058,disk4w,2195456,171,27582691
164.0058,disk8,3369299945472,3385747,46972039161233
164.0058,disk8w,320163840,41745,1705073465
164.0058,disk6,4425564375040,7291953,82414378093984
164.0058,disk6w,380928,53,8067940
164.0058,ram,466272256,64103497728,282751
164.0058,cpu,15747016,22479084,540821320
164.0058,gpu,0,0,0
164.2058,disk0,926599445733376,2086913491,12836073632360985
164.2058,disk0w,2189285433344,19749255,1284719576187
164.2058,disk4,2333695637504,4736064,38438976296012
164.2058,disk4w,2195456,171,27582691
164.2058,disk8,3369958451200,3386422,46974458334548
164.2058,disk8w,320163840,41745,1705073465
164.2058,disk6,4426628532224,7293760,82424138692830
164.2058,disk6w,380928,53,8067940
164.2058,ram,466272256,64103497728,282751
164.2058,cpu,15747016,22479084,540821320
164.2058,gpu,0,0,0
164.4058,disk0,926601607905280,2086922705,12836088830123825
164.4058,disk0w,2189285433344,19749255,1284719576187
164.4058,disk4,2334338357248,4737382,38443582250814
164.4058,disk4w,2195456,171,27582691
164.4058,disk8,3370599524352,3387079,46975314812774
164.4058,disk8w,320163840,41745,1705073465
164.4058,disk6,4427961239552,7295501,82434285987732
164.4058,disk6w,380928,53,8067940
164.4058,ram,466272256,64103497728,282751
164.4058,cpu,15747016,22479084,540821320
164.4058,gpu,0,0,0
164.6058,disk0,926603923738624,2086926568,12836098697083182
164.6058,disk0w,2189285433344,19749255,1284719576187
164.6058,disk4,2335080462336,4738900,38448709993384
164.6058,disk4w,2195456,171,27582691
164.6058,disk8,3371056179200,3387547,46975842020423
164.6058,disk8w,320163840,41745,1705073465
164.6058,disk6,4429266831360,7297402,82445564977012
164.6058,disk6w,380928,53,8067940
164.6058,ram,466272256,64103497728,282751
164.6058,cpu,15747016,22479084,540821320
164.6058,gpu,0,0,0
164.8058,disk0,926606240944128,2086931294,12836111575578442
164.8058,disk0w,2189285457920,19749257,1284719621020
164.8058,disk4,2335941703680,4740667,38455733157189
164.8058,disk4w,2195456,171,27582691
164.8058,disk8,3371653343232,3388159,46976665144802
164.8058,disk8w,320163840,41745,1705073465
164.8058,disk6,4430537279488,7299234,82454753947269
164.8058,disk6w,380928,53,8067940
164.8058,ram,466272256,64103497728,282751
164.8058,cpu,15747016,22479084,540821320
164.8058,gpu,0,0,0
165.0058,disk0,926608423501824,2086935610,12836123068225298
165.0058,disk0w,2189285482496,19749259,1284719759478
165.0058,disk4,2336629716992,4742011,38461047759534
165.0058,disk4w,2195456,171,27582691
165.0058,disk8,3372189034496,3388708,46977242390573
165.0058,disk8w,320163840,41745,1705073465
165.0058,disk6,4431850768384,7301581,82469007399246
165.0058,disk6w,380928,53,8067940
165.0058,ram,463273984,65366786048,282751
165.0058,cpu,15747070,22479221,540822798
165.0058,gpu,0,0,0
165.2058,disk0,926610791997440,2086940704,12836139628048131
165.2058,disk0w,2189285482496,19749259,1284719759478
165.2058,disk4,2337520957440,4743762,38469703958140
165.2058,disk4w,2195456,171,27582691
165.2058,disk8,3372786198528,3389320,46978021411590
165.2058,disk8w,320163840,41745,1705073465
165.2058,disk6,4432967370752,7303699,82476291432246
165.2058,disk6w,380928,53,8067940
165.2058,ram,463273984,65366786048,282751
165.2058,cpu,15747070,22479221,540822798
165.2058,gpu,38,4,0
165.4058,disk0,926613020880896,2086946786,12836151888717006
165.4058,disk0w,2189285482496,19749259,1284719759478
165.4058,disk4,2338246686720,4745201,38473867201333
165.4058,disk4w,2195456,171,27582691
165.4058,disk8,3373462398976,3390013,46978931889269
165.4058,disk8w,320163840,41745,1705073465
165.4058,disk6,4434301110272,7306006,82490182316689
165.4058,disk6w,380928,53,8067940
165.4058,ram,463273984,65366786048,282751
165.4058,cpu,15747070,22479221,540822798
165.4058,gpu,0,0,0
165.6058,disk0,926614941929472,2086950427,12836163409293528
165.6058,disk0w,2189285482496,19749259,1284719759478
165.6058,disk4,2338933520384,4746580,38479961905094
165.6058,disk4w,2195456,171,27582691
165.6058,disk8,3373998024704,3390562,46979908761634
165.6058,disk8w,320163840,41745,1705073465
165.6058,disk6,4435338954752,7307947,82501296072353
165.6058,disk6w,380928,53,8067940
165.6058,ram,463273984,65366786048,282751
165.6058,cpu,15747070,22479221,540822798
165.6058,gpu,0,0,0
165.8058,disk0,926617218600960,2086956566,12836179768866375
165.8058,disk0w,2189285482496,19749259,1284719759478
165.8058,disk4,2339582769152,4747911,38483575539643
165.8058,disk4w,2195456,171,27582691
165.8058,disk8,3374489806848,3391066,46980560205169
165.8058,disk8w,320163840,41745,1705073465
165.8058,disk6,4436570523648,7309604,82510693275356
165.8058,disk6w,380928,53,8067940
165.8058,ram,463273984,65366786048,282751
165.8058,cpu,15747070,22479221,540822798
165.8058,gpu,0,0,0
166.0058,disk0,926619289997312,2086959745,12836188669484815
166.0058,disk0w,2189285482496,19749259,1284719759478
166.0058,disk4,2340465375232,4749718,38492663567126
166.0058,disk4w,2195456,171,27582691
166.0058,disk8,3375082383360,3391673,46981236181974
166.0058,disk8w,320163840,41745,1705073465
166.0058,disk6,4437725071360,7311046,82518575824482
166.0058,disk6w,380928,53,8067940
166.0058,ram,538279936,65078099968,282751
166.0058,cpu,15747122,22479355,540824424
166.0058,gpu,0,0,0
166.2058,disk0,926621618008064,2086964135,12836201408153726
166.2058,disk0w,2189285482496,19749259,1284719759478
166.2058,disk4,2341091833856,4751001,38496382766462
166.2058,disk4w,2195456,171,27582691
166.2058,disk8,3375622662144,3392227,46981954907497
166.2058,disk8w,320163840,41745,1705073465
166.2058,disk6,4439006615552,7312939,82529036422661
166.2058,disk6w,380928,53,8067940
166.2058,ram,538279936,65078099968,282751
166.2058,cpu,15747122,22479355,540824424
166.2058,gpu,0,0,0
166.4058,disk0,926623826161664,2086968596,12836214246276077
166.4058,disk0w,2189285482496,19749259,1284719759478
166.4058,disk4,2341793724416,4752397,38501575416302
166.4058,disk4w,2195456,171,27582691
166.4058,disk8,3376140789760,3392758,46982547771993
166.4058,disk8w,320163840,41745,1705073465
166.4058,disk6,4440250230784,7315168,82541987522669
166.4058,disk6w,380928,53,8067940
166.4058,ram,538279936,65078099968,282751
166.4058,cpu,15747122,22479355,540824424
166.4058,gpu,0,0,0
166.6058,disk0,926626235461632,2086973533,12836229580205242
166.6058,disk0w,2189285486592,19749260,1284719784019
166.6058,disk4,2342513162240,4753799,38505448165409
166.6058,disk4w,2195456,171,27582691
166.6058,disk8,3376781862912,3393415,46983407723766
166.6058,disk8w,320163840,41745,1705073465
166.6058,disk6,4441560721408,7317640,82555191757183
166.6058,disk6w,380928,53,8067940
166.6058,ram,538279936,65078099968,282751
166.6058,cpu,15747122,22479355,540824424
166.6058,gpu,0,0,0
166.8015,disk0,926628326240256,2086980430,12836242627949434
166.8015,disk0w,2189285486592,19749260,1284719784019
166.8015,disk4,2343232600064,4755217,38509990694782
166.8015,disk4w,2195456,171,27582691
166.8015,disk8,3377418348544,3394067,46984477163167
166.8015,disk8w,320163840,41745,1705073465
166.8015,disk6,4442835691520,7319743,82567824348734
166.8015,disk6w,380928,53,8067940
166.8015,ram,538279936,65078099968,282751
166.8015,cpu,15747122,22479355,540824424
166.8015,gpu,0,0,0
167.0058,disk0,926630364463104,2086984194,12836257557765682
167.0058,disk0w,2189285486592,19749260,1284719784019
167.0058,disk4,2343723923456,4756197,38512757435089
167.0058,disk4w,2195456,171,27582691
167.0058,disk8,3377994721280,3394658,46986219251003
167.0058,disk8w,320163840,41745,1705073465
167.0058,disk6,4443905828864,7321969,82580888223592
167.0058,disk6w,380928,53,8067940
167.0058,ram,561364992,63833456640,282751
167.0058,cpu,15747174,22479502,540826041
167.0058,gpu,0,0,0
167.2058,disk0,926632685035520,2086989173,12836270023438862
167.2058,disk0w,2189285486592,19749260,1284719784019
167.2058,disk4,2344236701696,4757249,38516741426483
167.2058,disk4w,2195456,171,27582691
167.2058,disk8,3378564491264,3395242,46987035575483
167.2058,disk8w,320163840,41745,1705073465
167.2058,disk6,4445138282496,7323833,82592235194333
167.2058,disk6w,380928,53,8067940
167.2058,ram,561364992,63833456640,282751
167.2058,cpu,15747174,22479502,540826041
167.2058,gpu,0,0,0
167.4058,disk0,926635052462080,2086992954,12836280651310999
167.4058,disk0w,2189285486592,19749260,1284719784019
167.4058,disk4,2344987326464,4758788,38521594148213
167.4058,disk4w,2195456,171,27582691
167.4058,disk8,3379091400704,3395782,46987713134225
167.4058,disk8w,320163840,41745,1705073465
167.4058,disk6,4446396000256,7325288,82601305304932
167.4058,disk6w,380928,53,8067940
167.4058,ram,561364992,63833456640,282751
167.4058,cpu,15747174,22479502,540826041
167.4058,gpu,0,0,0
167.6058,disk0,926637079195648,2086996593,12836290375044805
167.6058,disk0w,2189285486592,19749260,1284719784019
167.6058,disk4,2345671669760,4760191,38527959690605
167.6058,disk4w,2195456,171,27582691
167.6058,disk8,3379548055552,3396250,46988217023483
167.6058,disk8w,320163840,41745,1705073465
167.6058,disk6,4447667628032,7327145,82612094941861
167.6058,disk6w,380928,53,8067940
167.6058,ram,561364992,63833456640,282751
167.6058,cpu,15747174,22479502,540826041
167.6058,gpu,28,6,0
167.8058,disk0,926639478099968,2087001445,12836305972439711
167.8058,disk0w,2189285486592,19749260,1284719784019
167.8058,disk4,2346268276736,4761395,38530557223747
167.8058,disk4w,2195456,171,27582691
167.8058,disk8,3380077062144,3396792,46988794829261
167.8058,disk8w,320163840,41745,1705073465
167.8058,disk6,4448867772416,7329049,82623621665224
167.8058,disk6w,380928,53,8067940
167.8058,ram,561364992,63833456640,282751
167.8058,cpu,15747174,22479502,540826041
167.8058,gpu,0,0,0
168.0029,disk0,926641667002368,2087005817,12836319938943641
168.0029,disk0w,2189285486592,19749260,1284719784019
168.0029,disk4,2346966644736,4762751,38533663252521
168.0029,disk4w,2195456,171,27582691
168.0029,disk8,3380601874432,3397330,46989439820833
168.0029,disk8w,320163840,41745,1705073465
168.0029,disk6,4450054072320,7331281,82637449225973
168.0029,disk6w,380928,53,8067940
168.0029,ram,579108864,65310867456,282751
168.0029,cpu,15747225,22479637,540827565
168.0029,gpu,0,0,0
168.2058,disk0,926643953676288,2087010791,12836339455993391
168.2058,disk0w,2189285486592,19749260,1284719784019
168.2058,disk4,2347636979712,4764077,38537101193347
168.2058,disk4w,2195456,171,27582691
168.2058,disk8,3381112268800,3397853,46990116313404
168.2058,disk8w,320163840,41745,1705073465
168.2058,disk6,4451171641344,7333216,82648296146361
168.2058,disk6w,380928,53,8067940
168.2058,ram,579108864,65310867456,282751
168.2058,cpu,15747225,22479637,540827565
168.2058,gpu,0,0,0
168.4058,disk0,926646077190144,2087015917,12836353549910233
168.4058,disk0w,2189285486592,19749260,1284719784019
168.4058,disk4,2348318324736,4765421,38540332761641
168.4058,disk4w,2195456,171,27582691
168.4058,disk8,3381629347840,3398383,46990703395099
168.4058,disk8w,320163840,41745,1705073465
168.4058,disk6,4452359956480,7335528,82664702183590
168.4058,disk6w,380928,53,8067940
168.4058,ram,579108864,65310867456,282751
168.4058,cpu,15747225,22479637,540827565
168.4058,gpu,0,0,0
168.6058,disk0,926647960150016,2087021474,12836367410359378
168.6058,disk0w,2189285486592,19749260,1284719784019
168.6058,disk4,2349170931712,4767156,38549542322942
168.6058,disk4w,2195456,171,27582691
168.6058,disk8,3382226446336,3398995,46991729945896
168.6058,disk8w,320163840,41745,1705073465
168.6058,disk6,4453324793856,7337187,82671088576460
168.6058,disk6w,380928,53,8067940
168.6058,ram,579108864,65310867456,282751
168.6058,cpu,15747225,22479637,540827565
168.6058,gpu,0,0,0
168.8058,disk0,926650390044672,2087029085,12836386987569637
168.8058,disk0w,2189285498880,19749263,1284719846685
168.8058,disk4,2349806696448,4768460,38553208757887
168.8058,disk4w,2195456,171,27582691
168.8058,disk8,3382807095296,3399590,46992458142031
168.8058,disk8w,320163840,41745,1705073465
168.8058,disk6,4454394525696,7338603,82676762381074
168.8058,disk6w,380928,53,8067940
168.8058,ram,579108864,65310867456,282751
168.8058,cpu,15747225,22479637,540827565
168.8058,gpu,0,0,0
169.0058,disk0,926652776636416,2087033678,12836399140126120
169.0058,disk0w,2189285498880,19749263,1284719846685
169.0058,disk4,2350607185920,4770102,38558723886371
169.0058,disk4w,2195456,171,27582691
169.0058,disk8,3383385647104,3400183,46993223069922
169.0058,disk8w,320163840,41745,1705073465
169.0058,disk6,4455684306944,7340452,82687019977793
169.0058,disk6w,380928,53,8067940
169.0058,ram,597360640,65325023232,282751
169.0058,cpu,15747272,22479790,540829146
169.0058,gpu,46,5,0
169.2058,disk0,926655103377408,2087038596,12836412931967036
169.2058,disk0w,2189285498880,19749263,1284719846685
169.2058,disk4,2351329638400,4771585,38563923269625
169.2058,disk4w,2195456,171,27582691
169.2058,disk8,3383965247488,3400777,46993965575888
169.2058,disk8w,320163840,41745,1705073465
169.2058,disk6,4456991979520,7342375,82696937226813
169.2058,disk6w,380928,53,8067940
169.2058,ram,597360640,65325023232,282751
169.2058,cpu,15747272,22479790,540829146
169.2058,gpu,0,0,0
169.4058,disk0,926657096572928,2087042264,12836420985178688
169.4058,disk0w,2189285498880,19749263,1284719846685
169.4058,disk4,2352197842944,4773272,38569471563638
169.4058,disk4w,2195456,171,27582691
169.4058,disk8,3384474593280,3401299,46994544648852
169.4058,disk8w,320163840,41745,1705073465
169.4058,disk6,4458342430720,7344802,82713852752724
169.4058,disk6w,380928,53,8067940
169.4058,ram,597360640,65325023232,282751
169.4058,cpu,15747272,22479790,540829146
169.4058,gpu,0,0,0
169.6058,disk0,926659585597440,2087047692,12836437962964466
169.6058,disk0w,2189285498880,19749263,1284719846685
169.6058,disk4,2352909940736,4774683,38573550200999
169.6058,disk4w,2195456,171,27582691
169.6058,disk8,3385098102784,3401938,46995371677436
169.6058,disk8w,320163840,41745,1705073465
169.6058,disk6,4459612698624,7347068,82725700196499
169.6058,disk6w,380928,53,8067940
169.6058,ram,597360640,65325023232,282751
169.6058,cpu,15747272,22479790,540829146
169.6058,gpu,46,4,0
169.8015,disk0,926661318279168,2087051697,12836444774144408
169.8015,disk0w,2189285498880,19749263,1284719846685
169.8015,disk4,2353541642240,4775933,38576658547985
169.8015,disk4w,2195456,171,27582691
169.8015,disk8,3385625012224,3402478,46995990612257
169.8015,disk8w,320163840,41745,1705073465
169.8015,disk6,4460992722944,7349582,82745909258744
169.8015,disk6w,380928,53,8067940
169.8015,ram,597360640,65325023232,282751
169.8015,cpu,15747272,22479790,540829146
169.8015,gpu,0,0,0
170.0058,disk0,926663416414208,2087055724,12836458791089938
170.0058,disk0w,2189285498880,19749263,1284719846685
170.0058,disk4,2354189694976,4777238,38580950291249
170.0058,disk4w,2195456,171,27582691
170.0058,disk8,3386178168832,3403045,46998136985610
170.0058,disk8w,320163840,41745,1705073465
170.0058,disk6,4461990283264,7351374,82753119054454
170.0058,disk6w,380928,53,8067940
170.0058,ram,605945856,64650182656,282751
170.0058,cpu,15747316,22479915,540830757
170.0058,gpu,27,5,0
170.2035,disk0,926665827889152,2087060030,12836473237737203
170.2035,disk0w,2189285498880,19749263,1284719846685
170.2035,disk4,2355009181696,4778919,38585602329054
170.2035,disk4w,2195456,171,27582691
170.2035,disk8,3386725787648,3403606,46998890212464
170.2035,disk8w,320163840,41745,1705073465
170.2035,disk6,4463157598208,7352994,82761142038614
170.2035,disk6w,380928,53,8067940
170.2035,ram,605945856,64650182656,282751
170.2035,cpu,15747316,22479915,540830757
170.2035,gpu,0,0,0
170.4059,disk0,926668141518848,2087064114,12836484759463590
170.4059,disk0w,2189285498880,19749263,1284719846685
170.4059,disk4,2355770144768,4780479,38590664624628
170.4059,disk4w,2195456,171,27582691
170.4059,disk8,3387302242304,3404197,46999637169388
170.4059,disk8w,320163840,41745,1705073465
170.4059,disk6,4464503199744,7354721,82771072704420
170.4059,disk6w,380928,53,8067940
170.4059,ram,605945856,64650182656,282751
170.4059,cpu,15747316,22479915,540830757
170.4059,gpu,0,0,0
170.6059,disk0,926670389833728,2087068937,12836496129424677
170.6059,disk0w,2189285498880,19749263,1284719846685
170.6059,disk4,2356629960704,4782241,38597214213826
170.6059,disk4w,2195456,171,27582691
170.6059,disk8,3387849861120,3404758,47000361938824
170.6059,disk8w,320163840,41745,1705073465
170.6059,disk6,4465854015488,7356795,82781877935262
170.6059,disk6w,380928,53,8067940
170.6059,ram,605945856,64650182656,282751
170.6059,cpu,15747316,22479915,540830757
170.6059,gpu,0,0,0
170.8059,disk0,926672467537920,2087072863,12836506692169683
170.8059,disk0w,2189285498880,19749263,1284719846685
170.8059,disk4,2357314304000,4783579,38601056999595
170.8059,disk4w,2195456,171,27582691
170.8059,disk8,3388443879424,3405367,47000996630122
170.8059,disk8w,320163840,41745,1705073465
170.8059,disk6,4467173926912,7359064,82796161037201
170.8059,disk6w,380928,53,8067940
170.8059,ram,605945856,64650182656,282751
170.8059,cpu,15747316,22479915,540830757
170.8059,gpu,0,0,0
171.0059,disk0,926674760683520,2087077489,12836522143976412
171.0059,disk0w,2189285498880,19749263,1284719846685
171.0059,disk4,2357897811968,4784732,38603522583934
171.0059,disk4w,2195456,171,27582691
171.0059,disk8,3389073680384,3406012,47001701625499
171.0059,disk8w,320163840,41745,1705073465
171.0059,disk6,4468454864896,7361375,82808213134461
171.0059,disk6w,380928,53,8067940
171.0059,ram,613105664,65310965760,282751
171.0059,cpu,15747367,22480067,540832440
171.0059,gpu,0,0,0
171.2059,disk0,926676665573376,2087086973,12836534237234453
171.2059,disk0w,2189285498880,19749263,1284719846685
171.2059,disk4,2358454876160,4785828,38606418448320
171.2059,disk4w,2195456,171,27582691
171.2059,disk8,3389655771136,3406609,47002496551260
171.2059,disk8w,320163840,41745,1705073465
171.2059,disk6,4469843175424,7363656,82824419839403
171.2059,disk6w,380928,53,8067940
171.2059,ram,613105664,65310965760,282751
171.2059,cpu,15747367,22480067,540832440
171.2059,gpu,0,0,0
171.4059,disk0,926678881411072,2087090925,12836549452421198
171.4059,disk0w,2189285498880,19749263,1284719846685
171.4059,disk4,2359121672192,4787163,38611553472761
171.4059,disk4w,2195456,171,27582691
171.4059,disk8,3390077282304,3407041,47003039799570
171.4059,disk8w,320163840,41745,1705073465
171.4059,disk6,4470838151168,7365614,82832106350477
171.4059,disk6w,380928,53,8067940
171.4059,ram,613105664,65310965760,282751
171.4059,cpu,15747367,22480067,540832440
171.4059,gpu,0,0,0
171.6052,disk0,926681013899264,2087099310,12836563384715856
171.6052,disk0w,2189285498880,19749263,1284719846685
171.6052,disk4,2359841110016,4788637,38616197529823
171.6052,disk4w,2195456,171,27582691
171.6052,disk8,3390665664512,3407644,47003810616619
171.6052,disk8w,320163840,41745,1705073465
171.6052,disk6,4472180590592,7367482,82843060078562
171.6052,disk6w,380928,53,8067940
171.6052,ram,613105664,65310965760,282751
171.6052,cpu,15747367,22480067,540832440
171.6052,gpu,0,0,0
171.8059,disk0,926683029086208,2087102592,12836570809720022
171.8059,disk0w,2189285498880,19749263,1284719846685
171.8059,disk4,2360487884800,4789961,38620889468470
171.8059,disk4w,2195456,171,27582691
171.8059,disk8,3391218919424,3408211,47004509017090
171.8059,disk8w,320163840,41745,1705073465
171.8059,disk6,4473503041536,7369081,82854566748142
171.8059,disk6w,380928,53,8067940
171.8059,ram,613105664,65310965760,282751
171.8059,cpu,15747367,22480067,540832440
171.8059,gpu,0,0,0
172.0018,disk0,926685392437248,2087107167,12836585762168237
172.0018,disk0w,2189285498880,19749263,1284719846685
172.0018,disk4,2361165936640,4791352,38625630006034
172.0018,disk4w,2195456,171,27582691
172.0018,disk8,3391719483392,3408724,47005130533630
172.0018,disk8w,320163840,41745,1705073465
172.0018,disk6,4474756368384,7370836,82862690591645
172.0018,disk6w,380928,53,8067940
172.0018,ram,621592576,65314308096,282751
172.0018,cpu,15747407,22480186,540834064
172.0018,gpu,0,0,0
172.2039,disk0,926687780945920,2087112028,12836599733635151
172.2039,disk0w,2189285498880,19749263,1284719846685
172.2039,disk4,2361903970304,4792819,38629627948245
172.2039,disk4w,2195456,171,27582691
172.2039,disk8,3392272738304,3409291,47005794994768
172.2039,disk8w,320163840,41745,1705073465
172.2039,disk6,4476121663488,7373010,82874301902304
172.2039,disk6w,380928,53,8067940
172.2039,ram,621592576,65314308096,282751
172.2039,cpu,15747407,22480186,540834064
172.2039,gpu,0,0,0
172.4059,disk0,926689845903360,2087116009,12836612101017756
172.4059,disk0w,2189285498880,19749263,1284719846685
172.4059,disk4,2362522843136,4794032,38632852191469
172.4059,disk4w,2195456,171,27582691
172.4059,disk8,3392792963072,3409824,47006410655720
172.4059,disk8w,320163840,41745,1705073465
172.4059,disk6,4477412313088,7375481,82890940288267
172.4059,disk6w,380928,53,8067940
172.4059,ram,621592576,65314308096,282751
172.4059,cpu,15747407,22480186,540834064
172.4059,gpu,44,6,0
172.6059,disk0,926691895164928,2087122117,12836625112894856
172.6059,disk0w,2189285507072,19749265,1284719901726
172.6059,disk4,2363104917504,4795181,38636470986080
172.6059,disk4w,2195456,171,27582691
172.6059,disk8,3393460381696,3410508,47007227732826
172.6059,disk8w,320163840,41745,1705073465
172.6059,disk6,4478794688512,7377786,82906156566466
172.6059,disk6w,380928,53,8067940
172.6059,ram,621592576,65314308096,282751
172.6059,cpu,15747407,22480186,540834064
172.6059,gpu,0,0,0
172.8059,disk0,926693751750656,2087125548,12836632060982212
172.8059,disk0w,2189285507072,19749265,1284719901726
172.8059,disk4,2363824355328,4796615,38643735861824
172.8059,disk4w,2195456,171,27582691
172.8059,disk8,3393958848512,3411019,47007834168816
172.8059,disk8w,320163840,41745,1705073465
172.8059,disk6,4479894599680,7380058,82920549474884
172.8059,disk6w,380928,53,8067940
172.8059,ram,621592576,65314308096,282751
172.8059,cpu,15747407,22480186,540834064
172.8059,gpu,0,0,0
173.0059,disk0,926695741186048,2087130529,12836644280294088
173.0059,disk0w,2189285507072,19749265,1284719901726
173.0059,disk4,2364508698624,4798015,38648345182599
173.0059,disk4w,2195456,171,27582691
173.0059,disk8,3394524014592,3411598,47008642228338
173.0059,disk8w,320163840,41745,1705073465
173.0059,disk6,4481189345280,7382016,82933809426074
173.0059,disk6w,380928,53,8067940
173.0059,ram,629686272,65313931264,282751
173.0059,cpu,15747466,22480355,540835650
173.0059,gpu,0,0,0
173.2059,disk0,926697964953600,2087134277,12836652529570052
173.2059,disk0w,2189285552128,19749266,1284719941892
173.2059,disk4,2365258659840,4799551,38654069231673
173.2059,disk4w,2195456,171,27582691
173.2059,disk8,3395003869184,3412090,47009201326916
173.2059,disk8w,320163840,41745,1705073465
173.2059,disk6,4482547976192,7383661,82944606728879
173.2059,disk6w,380928,53,8067940
173.2059,ram,629686272,65313931264,282751
173.2059,cpu,15747466,22480355,540835650
173.2059,gpu,0,0,0
173.4059,disk0,926699875049472,2087138047,12836658655470294
173.4059,disk0w,2189285552128,19749266,1284719941892
173.4059,disk4,2365958436864,4800984,38658498349310
173.4059,disk4w,2195456,171,27582691
173.4059,disk8,3395574687744,3412675,47009921618422
173.4059,disk8w,320163840,41745,1705073465
173.4059,disk6,4483949496320,7385681,82959958267176
173.4059,disk6w,380928,53,8067940
173.4059,ram,629686272,65313931264,282751
173.4059,cpu,15747466,22480355,540835650
173.4059,gpu,0,0,0
173.6059,disk0,926702287773696,2087142790,12836674498643343
173.6059,disk0w,2189285568512,19749270,1284720024974
173.6059,disk4,2366797182976,4802684,38664311693256
173.6059,disk4w,2195456,171,27582691
173.6059,disk8,3396206979072,3413323,47010954847131
173.6059,disk8w,320163840,41745,1705073465
173.6059,disk6,4485184374784,7387662,82967398962238
173.6059,disk6w,380928,53,8067940
173.6059,ram,629686272,65313931264,282751
173.6059,cpu,15747466,22480355,540835650
173.6059,gpu,0,0,0
173.8059,disk0,926704529043456,2087147365,12836686044803285
173.8059,disk0w,2189285568512,19749270,1284720024974
173.8059,disk4,2367641942016,4804331,38670301672913
173.8059,disk4w,2195456,171,27582691
173.8059,disk8,3396865615872,3413998,47011838186357
173.8059,disk8w,320163840,41745,1705073465
173.8059,disk6,4486491064320,7390236,82981439066712
173.8059,disk6w,380928,53,8067940
173.8059,ram,629686272,65313931264,282751
173.8059,cpu,15747466,22480355,540835650
173.8059,gpu,0,0,0
174.0059,disk0,926706709303296,2087152082,12836699976887640
174.0059,disk0w,2189285568512,19749270,1284720024974
174.0059,disk4,2368237516800,4805508,38672929532001
174.0059,disk4w,2195456,171,27582691
174.0059,disk8,3397503150080,3414651,47012707031131
174.0059,disk8w,320163840,41745,1705073465
174.0059,disk6,4487744428032,7392355,82995174419093
174.0059,disk6w,380928,53,8067940
174.0059,ram,654065664,63760908288,282751
174.0059,cpu,15747511,22480489,540837284
174.0059,gpu,0,0,0
174.2059,disk0,926709044121600,2087157663,12836714036994592
174.2059,disk0w,2189285568512,19749270,1284720024974
174.2059,disk4,2368825358336,4806676,38676636864076
174.2059,disk4w,2195456,171,27582691
174.2059,disk8,3398165325824,3415330,47013612741119
174.2059,disk8w,320163840,41745,1705073465
174.2059,disk6,4489076332544,7395029,83010762589122
174.2059,disk6w,380928,53,8067940
174.2059,ram,654065664,63760908288,282751
174.2059,cpu,15747511,22480489,540837284
174.2059,gpu,31,7,0
174.4059,disk0,926711070400512,2087166363,12836729932364877
174.4059,disk0w,2189285568512,19749270,1284720024974
174.4059,disk4,2369473845248,4808006,38681306900838
174.4059,disk4w,2195456,171,27582691
174.4059,disk8,3398633842688,3415810,47014757364493
174.4059,disk8w,320163840,41745,1705073465
174.4059,disk6,4490143262720,7396556,83018546785320
174.4059,disk6w,380928,53,8067940
174.4059,ram,654065664,63760908288,282751
174.4059,cpu,15747511,22480489,540837284
174.4059,gpu,0,0,0
174.6013,disk0,926713264271360,2087170185,12836739104202031
174.6013,disk0w,2189285568512,19749270,1284720024974
174.6013,disk4,2370185279488,4809466,38687031589238
174.6013,disk4w,2195456,171,27582691
174.6013,disk8,3399140042752,3416329,47015392976227
174.6013,disk8w,320163840,41745,1705073465
174.6013,disk6,4491429636096,7398057,83027675020160
174.6013,disk6w,380928,53,8067940
174.6013,ram,654065664,63760908288,282751
174.6013,cpu,15747511,22480489,540837284
174.6013,gpu,0,0,0
174.8059,disk0,926715402129408,2087174258,12836751435994648
174.8059,disk0w,2189285568512,19749270,1284720024974
174.8059,disk4,2371086350336,4811312,38697996109043
174.8059,disk4w,2195456,171,27582691
174.8059,disk8,3399652534272,3416854,47016048351299
174.8059,disk8w,320163840,41745,1705073465
174.8059,disk6,4492526069760,7399601,83033866623482
174.8059,disk6w,380928,53,8067940
174.8059,ram,654065664,63760908288,282751
174.8059,cpu,15747511,22480489,540837284
174.8059,gpu,0,0,0
175.0059,disk0,926717462536192,2087178413,12836761125998862
175.0059,disk0w,2189285588992,19749271,1284720044390
175.0059,disk4,2371887888384,4812945,38705050975045
175.0059,disk4w,2195456,171,27582691
175.0059,disk8,3400246552576,3417463,47016870480432
175.0059,disk8w,320163840,41745,1705073465
175.0059,disk6,4493859366912,7401597,83046153513628
175.0059,disk6w,380928,53,8067940
175.0059,ram,667795456,65289994240,282751
175.0059,cpu,15747553,22480615,540838844
175.0059,gpu,0,0,0
175.2013,disk0,926719985754112,2087183569,12836779994504480
175.2013,disk0w,2189285916672,19749289,1284720351551
175.2013,disk4,2372635228160,4814395,38708616581934
175.2013,disk4w,2195456,171,27582691
175.2013,disk8,3400817371136,3418048,47017532647433
175.2013,disk8w,320163840,41745,1705073465
175.2013,disk6,4495043164160,7403934,83055705554023
175.2013,disk6w,380928,53,8067940
175.2013,ram,667795456,65289994240,282751
175.2013,cpu,15747553,22480615,540838844
175.2013,gpu,0,0,0
175.4052,disk0,926722145021952,2087188041,12836790390534772
175.4052,disk0w,2189285916672,19749289,1284720351551
175.4052,disk4,2373364480000,4815835,38712788605089
175.4052,disk4w,2195456,171,27582691
175.4052,disk8,3401366038528,3418610,47018165930828
175.4052,disk8w,320163840,41745,1705073465
175.4052,disk6,4496420026368,7406266,83071882298754
175.4052,disk6w,380928,53,8067940
175.4052,ram,667795456,65289994240,282751
175.4052,cpu,15747553,22480615,540838844
175.4052,gpu,0,0,0
175.6059,disk0,926724377690112,2087192736,12836803688872232
175.6059,disk0w,2189285916672,19749289,1284720351551
175.6059,disk4,2373911590912,4816918,38716136357393
175.6059,disk4w,2195456,171,27582691
175.6059,disk8,3401916147712,3419174,47018819103795
175.6059,disk8w,320163840,41745,1705073465
175.6059,disk6,4497695787008,7408798,83087724285751
175.6059,disk6w,380928,53,8067940
175.6059,ram,667795456,65289994240,282751
175.6059,cpu,15747553,22480615,540838844
175.6059,gpu,0,0,0
175.8020,disk0,926726332452864,2087196441,12836816066349533
175.8020,disk0w,2189285916672,19749289,1284720351551
175.8020,disk4,2374493140992,4818098,38721773858822
175.8020,disk4w,2195456,171,27582691
175.8020,disk8,3402338658304,3419607,47019766547111
175.8020,disk8w,320163840,41745,1705073465
175.8020,disk6,4498689427456,7410326,83096454863100
175.8020,disk6w,380928,53,8067940
175.8020,ram,667795456,65289994240,282751
175.8020,cpu,15747553,22480615,540838844
175.8020,gpu,0,0,0
176.0059,disk0,926728644370432,2087201190,12836826900496519
176.0059,disk0w,2189285916672,19749289,1284720351551
176.0059,disk4,2375230126080,4819608,38727545211902
176.0059,disk4w,2195456,171,27582691
176.0059,disk8,3402961119232,3420245,47020611649856
176.0059,disk8w,320163840,41745,1705073465
176.0059,disk6,4500024608768,7412018,83105841074926
176.0059,disk6w,380928,53,8067940
176.0059,ram,666632192,65296433152,282751
176.0059,cpu,15747595,22480737,540840429
176.0059,gpu,31,5,0
176.2059,disk0,926731108184064,2087205851,12836841645139413
176.2059,disk0w,2189285916672,19749289,1284720351551
176.2059,disk4,2376125036544,4821440,38734198496004
176.2059,disk4w,2195456,171,27582691
176.2059,disk8,3403618707456,3420919,47021455806713
176.2059,disk8w,320163840,41745,1705073465
176.2059,disk6,4501209761792,7413618,83112821303758
176.2059,disk6w,380928,53,8067940
176.2059,ram,666632192,65296433152,282751
176.2059,cpu,15747595,22480737,540840429
176.2059,gpu,0,0,0
176.4059,disk0,926733300908032,2087210208,12836854805454769
176.4059,disk0w,2189285933056,19749293,1284720434174
176.4059,disk4,2376686548992,4822592,38737387019209
176.4059,disk4w,2195456,171,27582691
176.4059,disk8,3404187035648,3421501,47022136666045
176.4059,disk8w,320163840,41745,1705073465
176.4059,disk6,4502428813312,7415553,83125714254566
176.4059,disk6w,380928,53,8067940
176.4059,ram,666632192,65296433152,282751
176.4059,cpu,15747595,22480737,540840429
176.4059,gpu,22,7,0
176.6059,disk0,926735626362880,2087214691,12836869648061355
176.6059,disk0w,2189285933056,19749293,1284720434174
176.6059,disk4,2377388439552,4823952,38741688253168
176.6059,disk4w,2195456,171,27582691
176.6059,disk8,3404808448000,3422138,47023048735834
176.6059,disk8w,320163840,41745,1705073465
176.6059,disk6,4503576664064,7417828,83136692965879
176.6059,disk6w,380928,53,8067940
176.6059,ram,666632192,65296433152,282751
176.6059,cpu,15747595,22480737,540840429
176.6059,gpu,42,6,0
176.8059,disk0,926737875501056,2087219345,12836882198678279
176.8059,disk0w,2189285933056,19749293,1284720434174
176.8059,disk4,2377917478912,4824999,38743891174523
176.8059,disk4w,2195456,171,27582691
176.8059,disk8,3405428811776,3422774,47023872825284
176.8059,disk8w,320163840,41745,1705073465
176.8059,disk6,4504943536128,7420289,83152500775300
176.8059,disk6w,380928,53,8067940
176.8059,ram,666632192,65296433152,282751
176.8059,cpu,15747595,22480737,540840429
176.8059,gpu,0,0,0
177.0042,disk0,926739844988928,2087225426,12836895969624191
177.0042,disk0w,2189285933056,19749293,1284720434174
177.0042,disk4,2378467211264,4826082,38746864155563
177.0042,disk4w,2195456,171,27582691
177.0042,disk8,3405954672640,3423313,47024639590385
177.0042,disk8w,320163840,41745,1705073465
177.0042,disk6,4506154432512,7422493,83167081206606
177.0042,disk6w,380928,53,8067940
177.0042,ram,667189248,64190136320,282751
177.0042,cpu,15747639,22480864,540842073
177.0042,gpu,0,0,0
177.2059,disk0,926741939642368,2087229388,12836909425629280
177.2059,disk0w,2189285933056,19749293,1284720434174
177.2059,disk4,2379160713216,4827481,38752130454973
177.2059,disk4w,2195456,171,27582691
177.2059,disk8,3406595663872,3423970,47026344461249
177.2059,disk8w,320163840,41745,1705073465
177.2059,disk6,4507173500928,7424459,83175719561670
177.2059,disk6w,380928,53,8067940
177.2059,ram,667189248,64190136320,282751
177.2059,cpu,15747639,22480864,540842073
177.2059,gpu,0,0,0
177.4059,disk0,926744420835328,2087234552,12836926752327305
177.4059,disk0w,2189285933056,19749293,1284720434174
177.4059,disk4,2379871909888,4828939,38758094770414
177.4059,disk4w,2195456,171,27582691
177.4059,disk8,3407157700608,3424546,47027018323844
177.4059,disk8w,320163840,41745,1705073465
177.4059,disk6,4508163897344,7425784,83180346585603
177.4059,disk6w,380928,53,8067940
177.4059,ram,667189248,64190136320,282751
177.4059,cpu,15747639,22480864,540842073
177.4059,gpu,31,7,0
177.6059,disk0,926746536796160,2087238124,12836936989636764
177.6059,disk0w,2189285933056,19749293,1284720434174
177.6059,disk4,2380659062784,4830553,38764654381298
177.6059,disk4w,2195456,171,27582691
177.6059,disk8,3407708465152,3425110,47027633732532
177.6059,disk8w,320163840,41745,1705073465
177.6059,disk6,4509437523968,7427502,83190725629358
177.6059,disk6w,380928,53,8067940
177.6059,ram,667189248,64190136320,282751
177.6059,cpu,15747639,22480864,540842073
177.6059,gpu,0,0,0
177.8059,disk0,926748818042880,2087242770,12836950004636135
177.8059,disk0w,2189285933056,19749293,1284720434174
177.8059,disk4,2381424326656,4832124,38771675172489
177.8059,disk4w,2195456,171,27582691
177.8059,disk8,3408246646784,3425662,47028293588220
177.8059,disk8w,320163840,41745,1705073465
177.8059,disk6,4510693341184,7429289,83199249010952
177.8059,disk6w,380928,53,8067940
177.8059,ram,667189248,64190136320,282751
177.8059,cpu,15747639,22480864,540842073
177.8059,gpu,0,0,0
178.0059,disk0,926750915080192,2087246977,12836960372941015
178.0059,disk0w,2189285933056,19749293,1284720434174
178.0059,disk4,2382084454400,4833417,38775331445152
178.0059,disk4w,2195456,171,27582691
178.0059,disk8,3408808683520,3426238,47028951783396
178.0059,disk8w,320163840,41745,1705073465
178.0059,disk6,4512025425920,7431690,83215541303995
178.0059,disk6w,380928,53,8067940
178.0059,ram,663977984,65358626816,282751
178.0059,cpu,15747688,22481012,540843655
178.0059,gpu,0,0,0
178.2059,disk0,926753194717184,2087251775,12836973368790126
178.2059,disk0w,2189285933056,19749293,1284720434174
178.2059,disk4,2382722299904,4834675,38779364581805
178.2059,disk4w,2195456,171,27582691
178.2059,disk8,3409379502080,3426823,47029685493076
178.2059,disk8w,320163840,41745,1705073465
178.2059,disk6,4513352255488,7434074,83228734951136
178.2059,disk6w,380928,53,8067940
178.2059,ram,663977984,65358626816,282751
178.2059,cpu,15747688,22481012,540843655
178.2059,gpu,29,6,0
178.4059,disk0,926755566673920,2087258668,12836991280247837
178.4059,disk0w,2189285933056,19749293,1284720434174
178.4059,disk4,2383337617408,4835893,38782851752531
178.4059,disk4w,2195456,171,27582691
178.4059,disk8,3410090829824,3427552,47030722417169
178.4059,disk8w,320163840,41745,1705073465
178.4059,disk6,4514579220480,7436167,83239690391686
178.4059,disk6w,380928,53,8067940
178.4059,ram,663977984,65358626816,282751
178.4059,cpu,15747688,22481012,540843655
178.4059,gpu,0,0,0
178.6010,disk0,926757468278784,2087262061,12837002142546194
178.6010,disk0w,2189285933056,19749293,1284720434174
178.6010,disk4,2384021321728,4837258,38788277186696
178.6010,disk4w,2195456,171,27582691
178.6010,disk8,3410556217344,3428029,47031456946925
178.6010,disk8w,320163840,41745,1705073465
178.6010,disk6,4515642054656,7438220,83250809806148
178.6010,disk6w,380928,53,8067940
178.6010,ram,663977984,65358626816,282751
178.6010,cpu,15747688,22481012,540843655
178.6010,gpu,33,5,0
178.8059,disk0,926759661113344,2087271164,12837017132781456
178.8059,disk0w,2189285933056,19749293,1284720434174
178.8059,disk4,2384731994112,4838716,38792062519651
178.8059,disk4w,2195456,171,27582691
178.8059,disk8,3411152332800,3428640,47032265407474
178.8059,disk8w,320163840,41745,1705073465
178.8059,disk6,4516951775232,7440202,83264504543513
178.8059,disk6w,380928,53,8067940
178.8059,ram,663977984,65358626816,282751
178.8059,cpu,15747688,22481012,540843655
178.8059,gpu,27,6,0
179.0022,disk0,926761976238080,2087274877,12837026217448963
179.0022,disk0w,2189286326272,19749299,1284720600963
179.0022,disk4,2385486526464,4840264,38797307298186
179.0022,disk4w,2195456,171,27582691
179.0022,disk8,3411776890880,3429280,47033108973885
179.0022,disk8w,320163840,41745,1705073465
179.0022,disk6,4518222698496,7441762,83273496563610
179.0022,disk6w,380928,53,8067940
179.0022,ram,667074560,65228914688,282751
179.0022,cpu,15747739,22481148,540845317
179.0022,gpu,0,0,0
179.2059,disk0,926764602855424,2087279867,12837042408098133
179.2059,disk0w,2189286326272,19749299,1284720600963
179.2059,disk4,2386173507584,4841673,38802363859082
179.2059,disk4w,2195456,171,27582691
179.2059,disk8,3412313630720,3429830,47033738926497
179.2059,disk8w,320163840,41745,1705073465
179.2059,disk6,4519567058944,7443824,83282761213825
179.2059,disk6w,380928,53,8067940
179.2059,ram,667074560,65228914688,282751
179.2059,cpu,15747739,22481148,540845317
179.2059,gpu,0,0,0
179.4059,disk0,926766859513856,2087284438,12837054218971969
179.4059,disk0w,2189286326272,19749299,1284720600963
179.4059,disk4,2386937329664,4843192,38807156734164
179.4059,disk4w,2195456,171,27582691
179.4059,disk8,3412933994496,3430466,47034565040961
179.4059,disk8w,320163840,41745,1705073465
179.4059,disk6,4520789817344,7445876,83293711693431
179.4059,disk6w,380928,53,8067940
179.4059,ram,667074560,65228914688,282751
179.4059,cpu,15747739,22481148,540845317
179.4059,gpu,34,6,0
179.6059,disk0,926769179856896,2087289183,12837070206176096
179.6059,disk0w,2189286326272,19749299,1284720600963
179.6059,disk4,2387530790912,4844359,38811075113857
179.6059,disk4w,2195456,171,27582691
179.6059,disk8,3413506910208,3431053,47035244279215
179.6059,disk8w,320163840,41745,1705073465
179.6059,disk6,4522041718784,7448245,83305973677955
179.6059,disk6w,380928,53,8067940
179.6059,ram,667074560,65228914688,282751
179.6059,cpu,15747739,22481148,540845317
179.6059,gpu,0,0,0
179.8028,disk0,926771256102912,2087293888,12837083003278995
179.8028,disk0w,2189286326272,19749299,1284720600963
179.8028,disk4,2388215134208,4845708,38814844147963
179.8028,disk4w,2195456,171,27582691
179.8028,disk8,3414089656320,3431650,47036010601400
179.8028,disk8w,320163840,41745,1705073465
179.8028,disk6,4523335464960,7450297,83318854704704
179.8028,disk6w,380928,53,8067940
179.8028,ram,667074560,65228914688,282751
179.8028,cpu,15747739,22481148,540845317
179.8028,gpu,40,5,0
180.0059,disk0,926773153824768,2087297358,12837091651893711
180.0059,disk0w,2189286359040,19749307,1284720745044
180.0059,disk4,2388917024768,4847100,38819766295198
180.0059,disk4w,2195456,171,27582691
180.0059,disk8,3414578292736,3432151,47036634211655
180.0059,disk8w,320163840,41745,1705073465
180.0059,disk6,4524463962112,7452560,83332396145171
180.0059,disk6w,380928,53,8067940
180.0059,ram,290619392,64456589312,282751
180.0059,cpu,15747824,22481288,540846904
180.0059,gpu,53,5,0
180.2059,disk0,926775463161856,2087306841,12837110778725824
180.2059,disk0w,2189286359040,19749307,1284720745044
180.2059,disk4,2389544679424,4848385,38824823832774
180.2059,disk4w,2195456,171,27582691
180.2059,disk8,3415199262720,3432787,47037641317697
180.2059,disk8w,320163840,41745,1705073465
180.2059,disk6,4525650249728,7454344,83340521593074
180.2059,disk6w,380928,53,8067940
180.2059,ram,290619392,64456589312,282751
180.2059,cpu,15747824,22481288,540846904
180.2059,gpu,0,0,0
180.4059,disk0,926777898758144,2087310871,12837123046734510
180.4059,disk0w,2189286359040,19749307,1284720745044
180.4059,disk4,2390366492672,4850071,38832667646088
180.4059,disk4w,2195456,171,27582691
180.4059,disk8,3415877953536,3433483,47038799927334
180.4059,disk8w,320163840,41745,1705073465
180.4059,disk6,4526812841984,7455805,83346464913884
180.4059,disk6w,380928,53,8067940
180.4059,ram,290619392,64456589312,282751
180.4059,cpu,15747824,22481288,540846904
180.4059,gpu,0,0,0
180.6059,disk0,926780347461632,2087315438,12837138590032721
180.6059,disk0w,2189286359040,19749307,1284720745044
180.6059,disk4,2391092885504,4851560,38837137807454
180.6059,disk4w,2195456,171,27582691
180.6059,disk8,3416360953856,3433978,47039380592205
180.6059,disk8w,320163840,41745,1705073465
180.6059,disk6,4528008726528,7457562,83354449629417
180.6059,disk6w,380928,53,8067940
180.6059,ram,290619392,64456589312,282751
180.6059,cpu,15747824,22481288,540846904
180.6059,gpu,0,0,0
180.8059,disk0,926782689804288,2087320127,12837155335149660
180.8059,disk0w,2189286359040,19749307,1284720745044
180.8059,disk4,2391742134272,4852875,38840567525125
180.8059,disk4w,2195456,171,27582691
180.8059,disk8,3416896645120,3434527,47040044051897
180.8059,disk8w,320163840,41745,1705073465
180.8059,disk6,4529119418368,7459221,83364100432014
180.8059,disk6w,380928,53,8067940
180.8059,ram,290619392,64456589312,282751
180.8059,cpu,15747824,22481288,540846904
180.8059,gpu,0,0,0
181.0059,disk0,926785104191488,2087325255,12837171788405852
181.0059,disk0w,2189292728320,19749605,1284732089693
181.0059,disk4,2392459327488,4854268,38845702118824
181.0059,disk4w,2195456,171,27582691
181.0059,disk8,3417564063744,3435211,47040911643967
181.0059,disk8w,320163840,41745,1705073465
181.0059,disk6,4530387916800,7461569,83373802438765
181.0059,disk6w,380928,53,8067940
181.0059,ram,380551168,65300135936,282751
181.0059,cpu,15747874,22481422,540848496
181.0059,gpu,0,0,0
181.2059,disk0,926787259355136,2087329744,12837187003932911
181.2059,disk0w,2189295005696,19749740,1284734819694
181.2059,disk4,2393001211904,4855338,38848806663873
181.2059,disk4w,2195456,171,27582691
181.2059,disk8,3418143664128,3435805,47041692319636
181.2059,disk8w,320163840,41745,1705073465
181.2059,disk6,4531630643200,7463836,83387663795220
181.2059,disk6w,380928,53,8067940
181.2059,ram,380551168,65300135936,282751
181.2059,cpu,15747874,22481422,540848496
181.2059,gpu,0,0,0
181.4059,disk0,926789505032192,2087334849,12837203935785794
181.4059,disk0w,2189295005696,19749740,1284734819694
181.4059,disk4,2393567049728,4856450,38851790087471
181.4059,disk4w,2195456,171,27582691
181.4059,disk8,3418916464640,3436597,47042942157999
181.4059,disk8w,320163840,41745,1705073465
181.4059,disk6,4532851759104,7465996,83398325382070
181.4059,disk6w,380928,53,8067940
181.4059,ram,380551168,65300135936,282751
181.4059,cpu,15747874,22481422,540848496
181.4059,gpu,30,5,0
181.6059,disk0,926791382212608,2087338560,12837215566033057
181.6059,disk0w,2189295005696,19749740,1284734819694
181.6059,disk4,2394388486144,4858102,38860396855843
181.6059,disk4w,2195456,171,27582691
181.6059,disk8,3419372021760,3437064,47043974799426
181.6059,disk8w,320163840,41745,1705073465
181.6059,disk6,4533610092544,7467378,83402969142818
181.6059,disk6w,380928,53,8067940
181.6059,ram,380551168,65300135936,282751
181.6059,cpu,15747874,22481422,540848496
181.6059,gpu,0,0,0
181.8059,disk0,926793605017600,2087346960,12837232417975223
181.8059,disk0w,2189295005696,19749740,1284734819694
181.8059,disk4,2394918189056,4859187,38863646758282
181.8059,disk4w,2195456,171,27582691
181.8059,disk8,3419899979776,3437605,47044624868039
181.8059,disk8w,320163840,41745,1705073465
181.8059,disk6,4534816815104,7469060,83411835700288
181.8059,disk6w,380928,53,8067940
181.8059,ram,380551168,65300135936,282751
181.8059,cpu,15747874,22481422,540848496
181.8059,gpu,0,0,0
182.0059,disk0,926795874009088,2087350601,12837243262300117
182.0059,disk0w,2189295005696,19749740,1284734819694
182.0059,disk4,2395602532352,4860589,38867596467825
182.0059,disk4w,2195456,171,27582691
182.0059,disk8,3420480628736,3438200,47045393872806
182.0059,disk8w,320163840,41745,1705073465
182.0059,disk6,4536108713984,7470752,83421855840902
182.0059,disk6w,380928,53,8067940
182.0059,ram,439009280,65246707712,282751
182.0059,cpu,15747928,22481555,540850095
182.0059,gpu,32,5,0
182.2059,disk0,926798311538688,2087355368,12837260065474372
182.2059,disk0w,2189295058944,19749745,1284734915985
182.2059,disk4,2396023666688,4861453,38870422958996
182.2059,disk4w,2195456,171,27582691
182.2059,disk8,3420883544064,3438613,47045856857798
182.2059,disk8w,320163840,41745,1705073465
182.2059,disk6,4537387059200,7472655,83432916753851
182.2059,disk6w,380928,53,8067940
182.2059,ram,439009280,65246707712,282751
182.2059,cpu,15747928,22481555,540850095
182.2059,gpu,32,4,0
182.4059,disk0,926800366866432,2087359531,12837270699004991
182.4059,disk0w,2189295136768,19749751,1284735032066
182.4059,disk4,2396626057216,4862654,38873408267058
182.4059,disk4w,2195456,171,27582691
182.4059,disk8,3421392889856,3439135,47046453828791
182.4059,disk8w,320163840,41745,1705073465
182.4059,disk6,4538665453568,7474781,83448731779855
182.4059,disk6w,380928,53,8067940
182.4059,ram,439009280,65246707712,282751
182.4059,cpu,15747928,22481555,540850095
182.4059,gpu,36,5,0
182.6059,disk0,926802839560192,2087364594,12837288620582085
182.6059,disk0w,2189295136768,19749751,1284735032066
182.6059,disk4,2397389355008,4864146,38877776481634
182.6059,disk4w,2195456,171,27582691
182.6059,disk8,3421998835712,3439756,47047416318632
182.6059,disk8w,320163840,41745,1705073465
182.6059,disk6,4539809327104,7476831,83457585983967
182.6059,disk6w,380928,53,8067940
182.6059,ram,439009280,65246707712,282751
182.6059,cpu,15747928,22481555,540850095
182.6059,gpu,48,4,0
182.8059,disk0,926805138071552,2087370057,12837304422318763
182.8059,disk0w,2189295136768,19749751,1284735032066
182.8059,disk4,2398173214720,4865697,38883011261493
182.8059,disk4w,2195456,171,27582691
182.8059,disk8,3422486030336,3440255,47047983422423
182.8059,disk8w,320163840,41745,1705073465
182.8059,disk6,4541096310784,7478953,83469355994812
182.8059,disk6w,380928,53,8067940
182.8059,ram,439009280,65246707712,282751
182.8059,cpu,15747928,22481555,540850095
182.8059,gpu,0,0,0
183.0059,disk0,926807068004352,2087373570,12837311817235351
183.0059,disk0w,2189295136768,19749751,1284735032066
183.0059,disk4,2398962841600,4867262,38890870571561
183.0059,disk4w,2195456,171,27582691
183.0059,disk8,3423017527296,3440800,47048664817239
183.0059,disk8w,320163840,41745,1705073465
183.0059,disk6,4542349735936,7481600,83485834901317
183.0059,disk6w,380928,53,8067940
183.0059,ram,281280512,63985451008,282751
183.0059,cpu,15748006,22481707,540851646
183.0059,gpu,29,7,0
183.2047,disk0,926809006870528,2087377534,12837324650127542
183.2047,disk0w,2189295136768,19749751,1284735032066
183.2047,disk4,2399490308096,4868341,38894547336442
183.2047,disk4w,2195456,171,27582691
183.2047,disk8,3423430240256,3441223,47049394562849
183.2047,disk8w,320163840,41745,1705073465
183.2047,disk6,4543401195520,7483337,83496478869512
183.2047,disk6w,380928,53,8067940
183.2047,ram,281280512,63985451008,282751
183.2047,cpu,15748006,22481707,540851646
183.2047,gpu,0,0,0
183.4059,disk0,926811456425984,2087381692,12837338520011998
183.4059,disk0w,2189295136768,19749751,1284735032066
183.4059,disk4,2400270120960,4869939,38899141456081
183.4059,disk4w,2195456,171,27582691
183.4059,disk8,3423974713344,3441781,47050003233329
183.4059,disk8w,320163840,41745,1705073465
183.4059,disk6,4544555857920,7484726,83504018912596
183.4059,disk6w,380928,53,8067940
183.4059,ram,281280512,63985451008,282751
183.4059,cpu,15748006,22481707,540851646
183.4059,gpu,31,6,0
183.6059,disk0,926813657042944,2087385647,12837349313340740
183.6059,disk0w,2189297852416,19749929,1284738137632
183.6059,disk4,2401165555712,4871773,38908547989560
183.6059,disk4w,2195456,171,27582691
183.6059,disk8,3424633350144,3442456,47051043531689
183.6059,disk8w,320163840,41745,1705073465
183.6059,disk6,4545779333120,7486439,83510873780071
183.6059,disk6w,380928,53,8067940
183.6059,ram,281280512,63985451008,282751
183.6059,cpu,15748006,22481707,540851646
183.6059,gpu,0,0,0
183.8021,disk0,926816117493760,2087390536,12837366877435970
183.8021,disk0w,2189297852416,19749929,1284738137632
183.8021,disk4,2401673902080,4872813,38910851941510
183.8021,disk4w,2195456,171,27582691
183.8021,disk8,3425133520896,3442968,47051680456398
183.8021,disk8w,320163840,41745,1705073465
183.8021,disk6,4546943600640,7488134,83519478206682
183.8021,disk6w,380928,53,8067940
183.8021,ram,281280512,63985451008,282751
183.8021,cpu,15748006,22481707,540851646
183.8021,gpu,0,0,0
184.0057,disk0,926818688782336,2087395767,12837386314697458
184.0057,disk0w,2189297852416,19749929,1284738137632
184.0057,disk4,2402367027200,4874159,38914839374853
184.0057,disk4w,2195456,171,27582691
184.0057,disk8,3425836460032,3443689,47052659068574
184.0057,disk8w,320163840,41745,1705073465
184.0057,disk6,4548124526592,7490490,83529173084189
184.0057,disk6w,380928,53,8067940
184.0057,ram,307281920,65655652352,282751
184.0057,cpu,15748044,22481824,540853276
184.0057,gpu,0,0,0
184.2059,disk0,926821013196800,2087400528,12837398351771551
184.2059,disk0w,2189297852416,19749929,1284738137632
184.2059,disk4,2403180869632,4875769,38920074202571
184.2059,disk4w,2195456,171,27582691
184.2059,disk8,3426393909248,3444260,47053397964374
184.2059,disk8w,320163840,41745,1705073465
184.2059,disk6,4549456734208,7492776,83541245785598
184.2059,disk6w,380928,53,8067940
184.2059,ram,307281920,65655652352,282751
184.2059,cpu,15748044,22481824,540853276
184.2059,gpu,40,5,0
184.4022,disk0,926822974623744,2087406958,12837410066445106
184.4022,disk0w,2189297852416,19749929,1284738137632
184.4022,disk4,2403860641792,4877114,38924067303253
184.4022,disk4w,2195456,171,27582691
184.4022,disk8,3426934188032,3444814,47054177987484
184.4022,disk8w,320163840,41745,1705073465
184.4022,disk6,4550770403328,7495289,83557981418692
184.4022,disk6w,380928,53,8067940
184.4022,ram,307281920,65655652352,282751
184.4022,cpu,15748044,22481824,540853276
184.4022,gpu,0,0,0
184.6059,disk0,926824869761024,2087410918,12837422034172382
184.6059,disk0w,2189297852416,19749929,1284738137632
184.6059,disk4,2404578506752,4878573,38933126148530
184.6059,disk4w,2195456,171,27582691
184.6059,disk8,3427438880768,3445331,47055143814991
184.6059,disk8w,320163840,41745,1705073465
184.6059,disk6,4551826155520,7496955,83564529445042
184.6059,disk6w,380928,53,8067940
184.6059,ram,307281920,65655652352,282751
184.6059,cpu,15748044,22481824,540853276
184.6059,gpu,22,8,0
184.8059,disk0,926827180613632,2087417623,12837438439145554
184.8059,disk0w,2189297852416,19749929,1284738137632
184.8059,disk4,2405209683968,4879866,38937100670386
184.8059,disk4w,2195456,171,27582691
184.8059,disk8,3428023068672,3445930,47055899409294
184.8059,disk8w,320163840,41745,1705073465
184.8059,disk6,4553101125632,7498596,83572365012174
184.8059,disk6w,380928,53,8067940
184.8059,ram,307281920,65655652352,282751
184.8059,cpu,15748044,22481824,540853276
184.8059,gpu,0,0,0
185.0031,disk0,926829285015552,2087421293,12837448471187701
185.0031,disk0w,2189297852416,19749929,1284738137632
185.0031,disk4,2405753649152,4880978,38940139275278
185.0031,disk4w,2195456,171,27582691
185.0031,disk8,3428683802624,3446607,47056816016567
185.0031,disk8w,320163840,41745,1705073465
185.0031,disk6,4554392020992,7500382,83583923874975
185.0031,disk6w,380928,53,8067940
185.0031,ram,371425280,65268940800,282751
185.0031,cpu,15748088,22481949,540854851
185.0031,gpu,30,7,0
185.2010,disk0,926831354150912,2087425352,12837458041142268
185.2010,disk0w,2189297852416,19749929,1284738137632
185.2010,disk4,2406564116480,4882639,38945731123196
185.2010,disk4w,2195456,171,27582691
185.2010,disk8,3429138360320,3447073,47057388125411
185.2010,disk8w,320163840,41745,1705073465
185.2010,disk6,4555711277056,7502325,83596525582712
185.2010,disk6w,380928,53,8067940
185.2010,ram,371425280,65268940800,282751
185.2010,cpu,15748088,22481949,540854851
185.2010,gpu,29,7,0
185.4059,disk0,926833813389312,2087430234,12837472510626012
185.4059,disk0w,2189297852416,19749929,1284738137632
185.4059,disk4,2407257618432,4883995,38949160125831
185.4059,disk4w,2195456,171,27582691
185.4059,disk8,3429665269760,3447613,47058173227106
185.4059,disk8w,320163840,41745,1705073465
185.4059,disk6,4557039069184,7504820,83611190941752
185.4059,disk6w,380928,53,8067940
185.4059,ram,371425280,65268940800,282751
185.4059,cpu,15748088,22481949,540854851
185.4059,gpu,0,0,0
185.6059,disk0,926836210352128,2087435631,12837490009166491
185.6059,disk0w,2189297852416,19749929,1284738137632
185.6059,disk4,2407841789952,4885149,38952403971405
185.6059,disk4w,2195456,171,27582691
185.6059,disk8,3430262433792,3448225,47058982979941
185.6059,disk8w,320163840,41745,1705073465
185.6059,disk6,4558310451200,7507045,83623786529807
185.6059,disk6w,380928,53,8067940
185.6059,ram,371425280,65268940800,282751
185.6059,cpu,15748088,22481949,540854851
185.6059,gpu,0,0,0
185.8059,disk0,926838379241472,2087441166,12837501867507188
185.8059,disk0w,2189297852416,19749929,1284738137632
185.8059,disk4,2408563324928,4886569,38957586528768
185.8059,disk4w,2195456,171,27582691
185.8059,disk8,3430798125056,3448774,47059594931768
185.8059,disk8w,320163840,41745,1705073465
185.8059,disk6,4559620941824,7509374,83637714231678
185.8059,disk6w,380928,53,8067940
185.8059,ram,371425280,65268940800,282751
185.8059,cpu,15748088,22481949,540854851
185.8059,gpu,0,0,0
186.0059,disk0,926840343965696,2087444922,12837514266551184
186.0059,disk0w,2189297852416,19749929,1284738137632
186.0059,disk4,2409333307392,4888119,38965755422367
186.0059,disk4w,2195456,171,27582691
186.0059,disk8,3431149348864,3449134,47060330077354
186.0059,disk8w,320163840,41745,1705073465
186.0059,disk6,4560647350272,7511325,83646743269990
186.0059,disk6w,380928,53,8067940
186.0059,ram,416317440,65184268288,282751
186.0059,cpu,15748126,22482072,540856466
186.0059,gpu,32,5,0
186.2059,disk0,926842601115648,2087449702,12837527090998397
186.2059,disk0w,2189297852416,19749929,1284738137632
186.2059,disk4,2409998153728,4889482,38969149025540
186.2059,disk4w,2195456,171,27582691
186.2059,disk8,3431740876800,3449740,47061017668103
186.2059,disk8w,320163840,41745,1705073465
186.2059,disk6,4561869776896,7513024,83658748462628
186.2059,disk6w,380928,53,8067940
186.2059,ram,416317440,65184268288,282751
186.2059,cpu,15748126,22482072,540856466
186.2059,gpu,0,0,0
186.4028,disk0,926844836302848,2087453241,12837538474094380
186.4028,disk0w,2189297852416,19749929,1284738137632
186.4028,disk4,2410579179520,4890671,38973032499998
186.4028,disk4w,2195456,171,27582691
186.4028,disk8,3432457840640,3450475,47062282320596
186.4028,disk8w,320163840,41745,1705073465
186.4028,disk6,4563048261632,7514609,83667338241495
186.4028,disk6w,380928,53,8067940
186.4028,ram,416317440,65184268288,282751
186.4028,cpu,15748126,22482072,540856466
186.4028,gpu,40,15,0
186.6059,disk0,926847308877824,2087457809,12837553241731327
186.6059,disk0w,2189297852416,19749929,1284738137632
186.6059,disk4,2411219662848,4891985,38976511589059
186.6059,disk4w,2195456,171,27582691
186.6059,disk8,3432932059136,3450961,47062858274152
186.6059,disk8w,320163840,41745,1705073465
186.6059,disk6,4564402726912,7516561,83678078182178
186.6059,disk6w,380928,53,8067940
186.6059,ram,416317440,65184268288,282751
186.6059,cpu,15748126,22482072,540856466
186.6059,gpu,0,0,0
186.8059,disk0,926849712541696,2087462633,12837569793615310
186.8059,disk0w,2189297852416,19749929,1284738137632
186.8059,disk4,2411818514432,4893171,38979284074414
186.8059,disk4w,2195456,171,27582691
186.8059,disk8,3433538004992,3451582,47063496538573
186.8059,disk8w,320163840,41745,1705073465
186.8059,disk6,4565592541184,7518626,83689152379057
186.8059,disk6w,380928,53,8067940
186.8059,ram,416317440,65184268288,282751
186.8059,cpu,15748126,22482072,540856466
186.8059,gpu,0,0,0
187.0059,disk0,926852002258944,2087467372,12837584003994408
187.0059,disk0w,2189297852416,19749929,1284738137632
187.0059,disk4,2412483082240,4894478,38983379883647
187.0059,disk4w,2195456,171,27582691
187.0059,disk8,3434047350784,3452104,47064182902406
187.0059,disk8w,320163840,41745,1705073465
187.0059,disk6,4566888024064,7521075,83702364061852
187.0059,disk6w,380928,53,8067940
187.0059,ram,365002752,64511901696,282751
187.0059,cpu,15748173,22482201,540858141
187.0059,gpu,0,0,0
187.2059,disk0,926854061432832,2087472305,12837595674716738
187.2059,disk0w,2189297852416,19749929,1284738137632
187.2059,disk4,2413274429440,4896039,38988405247298
187.2059,disk4w,2195456,171,27582691
187.2059,disk8,3434689472512,3452762,47065048173815
187.2059,disk8w,320163840,41745,1705073465
187.2059,disk6,4568226125824,7523362,83716251887026
187.2059,disk6w,380928,53,8067940
187.2059,ram,365297664,64511901696,282751
187.2059,cpu,15748173,22482201,540858141
187.2059,gpu,0,0,0
187.4059,disk0,926856072814592,2087475808,12837608888713774
187.4059,disk0w,2189297852416,19749929,1284738137632
187.4059,disk4,2413886240768,4897255,38992472571551
187.4059,disk4w,2195456,171,27582691
187.4059,disk8,3435251394560,3453338,47067003056708
187.4059,disk8w,320163840,41745,1705073465
187.4059,disk6,4569185445888,7525320,83723454316868
187.4059,disk6w,380928,53,8067940
187.4059,ram,365297664,64511901696,282751
187.4059,cpu,15748173,22482201,540858141
187.4059,gpu,0,0,0
187.6059,disk0,926858380107776,2087480737,12837619311765551
187.6059,disk0w,2189297852416,19749929,1284738137632
187.6059,disk4,2414509799424,4898536,38995986855677
187.6059,disk4w,2195456,171,27582691
187.6059,disk8,3435919861760,3454023,47067997173054
187.6059,disk8w,320163840,41745,1705073465
187.6059,disk6,4570557573120,7527220,83735008285012
187.6059,disk6w,380928,53,8067940
187.6059,ram,365297664,64511901696,282751
187.6059,cpu,15748173,22482201,540858141
187.6059,gpu,31,7,0
187.8059,disk0,926860669812736,2087484376,12837630187520970
187.8059,disk0w,2189297852416,19749929,1284738137632
187.8059,disk4,2415097640960,4899738,38999057398358
187.8059,disk4w,2195456,171,27582691
187.8059,disk8,3436611528704,3454732,47068859349535
187.8059,disk8w,320163840,41745,1705073465
187.8059,disk6,4571889035264,7528837,83745999954676
187.8059,disk6w,380928,53,8067940
187.8059,ram,365297664,64511901696,282751
187.8059,cpu,15748173,22482201,540858141
187.8059,gpu,0,0,0
188.0059,disk0,926862915842048,2087488486,12837643570349398
188.0059,disk0w,2189297852416,19749929,1284738137632
188.0059,disk4,2415665068032,4900899,39002598725673
188.0059,disk4w,2195456,171,27582691
188.0059,disk8,3437174614016,3455309,47069507461674
188.0059,disk8w,320163840,41745,1705073465
188.0059,disk6,4573147260928,7530761,83757546589662
188.0059,disk6w,380928,53,8067940
188.0059,ram,379404288,65578795008,282751
188.0059,cpu,15748222,22482346,540859729
188.0059,gpu,24,7,0
188.2059,disk0,926865191157760,2087493144,12837658754715610
188.2059,disk0w,2189297852416,19749929,1284738137632
188.2059,disk4,2416322426880,4902222,39006933329660
188.2059,disk4w,2195456,171,27582691
188.2059,disk8,3437700474880,3455848,47070140920413
188.2059,disk8w,320163840,41745,1705073465
188.2059,disk6,4574289995776,7532584,83767800851017
188.2059,disk6w,380928,53,8067940
188.2059,ram,377110528,65578795008,282751
188.2059,cpu,15748225,22482350,540859799
188.2059,gpu,0,0,0
188.4059,disk0,926867467755520,2087497808,12837672134965088
188.4059,disk0w,2189297852416,19749929,1284738137632
188.4059,disk4,2417098045440,4903737,39011456052360
188.4059,disk4w,2195456,171,27582691
188.4059,disk8,3438236166144,3456397,47070937953529
188.4059,disk8w,320163840,41745,1705073465
188.4059,disk6,4575594932224,7534961,83780306720409
188.4059,disk6w,380928,53,8067940
188.4059,ram,377110528,65578795008,282751
188.4059,cpu,15748225,22482350,540859799
188.4059,gpu,51,7,0
188.6015,disk0,926869609496576,2087502795,12837686020814573
188.6015,disk0w,2189297852416,19749929,1284738137632
188.6015,disk4,2417880463360,4905283,39017033191394
188.6015,disk4w,2195456,171,27582691
188.6015,disk8,3438833330176,3457009,47071794814955
188.6015,disk8w,320163840,41745,1705073465
188.6015,disk6,4576761849856,7537051,83790088553670
188.6015,disk6w,380928,53,8067940
188.6015,ram,377110528,65578795008,282751
188.6015,cpu,15748225,22482350,540859799
188.6015,gpu,0,0,0
188.8039,disk0,926871855702016,2087507002,12837697286328651
188.8039,disk0w,2189299847168,19750171,1284742543214
188.8039,disk4,2418615891968,4906742,39021671173917
188.8039,disk4w,2195456,171,27582691
188.8039,disk8,3439412930560,3457603,47072555565187
188.8039,disk8w,320163840,41745,1705073465
188.8039,disk6,4578076538880,7539683,83804846837384
188.8039,disk6w,380928,53,8067940
188.8039,ram,377110528,65578795008,282751
188.8039,cpu,15748225,22482350,540859799
188.8039,gpu,32,7,0
189.0043,disk0,926874056753152,2087511827,12837712062491947
189.0043,disk0w,2189299863552,19750173,1284742593838
189.0043,disk4,2419168638976,4907873,39025095322636
189.0043,disk4w,2195456,171,27582691
189.0043,disk8,3439919736832,3458122,47073579060682
189.0043,disk8w,320163840,41745,1705073465
189.0043,disk6,4579177314304,7541318,83814469592146
189.0043,disk6w,380928,53,8067940
189.0043,ram,445366272,65175126016,282751
189.0043,cpu,15748325,22482497,540861249
189.0043,gpu,0,0,0
189.2059,disk0,926876452278272,2087515749,12837724530581005
189.2059,disk0w,2189299863552,19750173,1284742593838
189.2059,disk4,2419926939648,4909425,39029087329627
189.2059,disk4w,2195456,171,27582691
189.2059,disk8,3440621234176,3458841,47074553817776
189.2059,disk8w,320163840,41745,1705073465
189.2059,disk6,4580423251968,7542767,83822568911025
189.2059,disk6w,380928,53,8067940
189.2059,ram,444350464,65175126016,282751
189.2059,cpu,15748325,22482497,540861249
189.2059,gpu,28,5,0
189.4059,disk0,926878549053440,2087519571,12837733095485505
189.4059,disk0w,2189299863552,19750173,1284742593838
189.4059,disk4,2420511012864,4910623,39033000736681
189.4059,disk4w,2195456,171,27582691
189.4059,disk8,3441371228160,3459610,47075974751570
189.4059,disk8w,320163840,41745,1705073465
189.4059,disk6,4581804537856,7544797,83836119666228
189.4059,disk6w,380928,53,8067940
189.4059,ram,444350464,65175126016,282751
189.4059,cpu,15748325,22482497,540861249
189.4059,gpu,29,7,0
189.6059,disk0,926880658247680,2087523655,12837745715559524
189.6059,disk0w,2189299863552,19750173,1284742593838
189.6059,disk4,2420949694464,4911521,39035427756923
189.6059,disk4w,2195456,171,27582691
189.6059,disk8,3441836664832,3460087,47076545912284
189.6059,disk8w,320163840,41745,1705073465
189.6059,disk6,4583108020224,7546781,83850119029089
189.6059,disk6w,380928,53,8067940
189.6059,ram,444350464,65175126016,282751
189.6059,cpu,15748325,22482497,540861249
189.6059,gpu,0,0,0
189.8059,disk0,926883094794240,2087528784,12837765641716543
189.8059,disk0w,2189299863552,19750173,1284742593838
189.8059,disk4,2421557180416,4912700,39038103168527
189.8059,disk4w,2195456,171,27582691
189.8059,disk8,3442398701568,3460663,47077257425715
189.8059,disk8w,320163840,41745,1705073465
189.8059,disk6,4584297842688,7549088,83861369488318
189.8059,disk6w,380928,53,8067940
189.8059,ram,444350464,65175126016,282751
189.8059,cpu,15748325,22482497,540861249
189.8059,gpu,0,0,0
190.0059,disk0,926885385330688,2087533414,12837780884928910
190.0059,disk0w,2189299863552,19750173,1284742593838
190.0059,disk4,2422333978624,4914232,39042550002388
190.0059,disk4w,2195456,171,27582691
190.0059,disk8,3442833205248,3461108,47077822859395
190.0059,disk8w,320163840,41745,1705073465
190.0059,disk6,4585529640960,7551206,83872525304290
190.0059,disk6w,380928,53,8067940
190.0059,ram,527466496,63747817472,282751
190.0059,cpu,15748366,22482617,540862872
190.0059,gpu,29,6,0
190.2059,disk0,926887302041600,2087537543,12837792252953221
190.2059,disk0w,2189299904512,19750179,1284742692586
190.2059,disk4,2422862460928,4915275,39044934742406
190.2059,disk4w,2195456,171,27582691
190.2059,disk8,3443417393152,3461707,47078711595781
190.2059,disk8w,320163840,41745,1705073465
190.2059,disk6,4586906425344,7553924,83889648689787
190.2059,disk6w,380928,53,8067940
190.2059,ram,530415616,63747276800,282751
190.2059,cpu,15748368,22482619,540862908
190.2059,gpu,0,0,0
190.4059,disk0,926889506586624,2087542901,12837808808901050
190.4059,disk0w,2189299904512,19750179,1284742692586
190.4059,disk4,2423457003520,4916480,39049531356501
190.4059,disk4w,2195456,171,27582691
190.4059,disk8,3444032088064,3462337,47079804498109
190.4059,disk8w,320163840,41745,1705073465
190.4059,disk6,4587987589120,7555699,83897833134083
190.4059,disk6w,380928,53,8067940
190.4059,ram,530415616,63747276800,282751
190.4059,cpu,15748368,22482619,540862908
190.4059,gpu,0,0,0
190.6059,disk0,926891824611328,2087546553,12837821571503513
190.6059,disk0w,2189299904512,19750179,1284742692586
190.6059,disk4,2424151316480,4917903,39054888809268
190.6059,disk4w,2195456,171,27582691
190.6059,disk8,3444611688448,3462931,47080557601005
190.6059,disk8w,320163840,41745,1705073465
190.6059,disk6,4589198071808,7557268,83904810270843
190.6059,disk6w,380928,53,8067940
190.6059,ram,530415616,63747276800,282751
190.6059,cpu,15748368,22482619,540862908
190.6059,gpu,37,5,0
190.8059,disk0,926893837172736,2087549997,12837830601181027
190.8059,disk0w,2189299904512,19750179,1284742692586
190.8059,disk4,2424660948992,4918948,39057500734603
190.8059,disk4w,2195456,171,27582691
190.8059,disk8,3445164943360,3463498,47081304321479
190.8059,disk8w,320163840,41745,1705073465
190.8059,disk6,4590538708992,7559171,83918997035562
190.8059,disk6w,380928,53,8067940
190.8059,ram,530415616,63747276800,282751
190.8059,cpu,15748368,22482619,540862908
190.8059,gpu,0,0,0
191.0059,disk0,926896357212160,2087554953,12837848919080314
191.0059,disk0w,2189299904512,19750179,1284742692586
191.0059,disk4,2425380386816,4920422,39063501001107
191.0059,disk4w,2195456,171,27582691
191.0059,disk8,3445791598592,3464140,47082127000676
191.0059,disk8w,320163840,41745,1705073465
191.0059,disk6,4591710787584,7560945,83924820187082
191.0059,disk6w,380928,53,8067940
191.0059,ram,559382528,65250181120,282751
191.0059,cpu,15748417,22482735,540864483
191.0059,gpu,0,0,0
191.2059,disk0,926898437017600,2087558814,12837858754827117
191.2059,disk0w,2189299904512,19750179,1284742692586
191.2059,disk4,2426207205376,4922051,39069423589018
191.2059,disk4w,2195456,171,27582691
191.2059,disk8,3446387714048,3464751,47082879888258
191.2059,disk8w,320163840,41745,1705073465
191.2059,disk6,4592963901440,7563244,83937754919624
191.2059,disk6w,380928,53,8067940
191.2059,ram,557629440,65284128768,282751
191.2059,cpu,15748420,22482744,540864545
191.2059,gpu,0,0,0
191.4059,disk0,926900473098240,2087562852,12837870469142139
191.4059,disk0w,2189310050304,19750438,1284749273834
191.4059,disk4,2426798716928,4923206,39073346569858
191.4059,disk4w,2195456,171,27582691
191.4059,disk8,3447035471872,3465415,47083722120866
191.4059,disk8w,320163840,41745,1705073465
191.4059,disk6,4594314254336,7565890,83953790456731
191.4059,disk6w,380928,53,8067940
191.4059,ram,557629440,65284128768,282751
191.4059,cpu,15748420,22482744,540864545
191.4059,gpu,32,7,0
191.6059,disk0,926902822469632,2087569699,12837890428922671
191.6059,disk0w,2189310050304,19750438,1284749273834
191.6059,disk4,2427511617536,4924612,39078832775271
191.6059,disk4w,2195456,171,27582691
191.6059,disk8,3447632635904,3466027,47084472399372
191.6059,disk8w,320163840,41745,1705073465
191.6059,disk6,4595496519680,7568006,83962923143581
191.6059,disk6w,380928,53,8067940
191.6059,ram,557629440,65284128768,282751
191.6059,cpu,15748420,22482744,540864545
191.6059,gpu,29,4,0
191.8060,disk0,926904621694976,2087572863,12837896804328178
191.8060,disk0w,2189310050304,19750438,1284749273834
191.8060,disk4,2428196730880,4925968,39084385142857
191.8060,disk4w,2195456,171,27582691
191.8060,disk8,3448203454464,3466612,47085374443756
191.8060,disk8w,320163840,41745,1705073465
191.8060,disk6,4596698892288,7570577,83978638512330
191.8060,disk6w,380928,53,8067940
191.8060,ram,557629440,65284128768,282751
191.8060,cpu,15748420,22482744,540864545
191.8060,gpu,0,0,0
192.0060,disk0,926906948636672,2087582216,12837916586101630
192.0060,disk0w,2189310050304,19750438,1284749273834
192.0060,disk4,2428766640128,4927135,39087593959633
192.0060,disk4w,2195456,171,27582691
192.0060,disk8,3448908015616,3467334,47087239854941
192.0060,disk8w,320163840,41745,1705073465
192.0060,disk6,4597810546688,7572252,83987547501161
192.0060,disk6w,380928,53,8067940
192.0060,ram,575799296,65194573824,282751
192.0060,cpu,15748464,22482880,540866071
192.0060,gpu,35,6,0
192.2060,disk0,926909360775168,2087586197,12837933214311811
192.2060,disk0w,2189310050304,19750438,1284749273834
192.2060,disk4,2429423851520,4928483,39093379494798
192.2060,disk4w,2195456,171,27582691
192.2060,disk8,3449485518848,3467926,47088076950861
192.2060,disk8w,320163840,41745,1705073465
192.2060,disk6,4598790686720,7573403,83991550225922
192.2060,disk6w,380928,53,8067940
192.2060,ram,575799296,65194573824,282751
192.2060,cpu,15748464,22482883,540866107
192.2060,gpu,0,0,0
192.4060,disk0,926911482572800,2087590365,12837944831706015
192.4060,disk0w,2189310050304,19750438,1284749273834
192.4060,disk4,2430223448064,4930122,39103784172875
192.4060,disk4w,2195456,171,27582691
192.4060,disk8,3450047555584,3468502,47088792162178
192.4060,disk8w,320163840,41745,1705073465
192.4060,disk6,4599961503744,7575087,83999243518960
192.4060,disk6w,380928,53,8067940
192.4060,ram,575799296,65194573824,282751
192.4060,cpu,15748464,22482883,540866107
192.4060,gpu,0,0,0
192.6060,disk0,926913653665792,2087594627,12837958211747555
192.6060,disk0w,2189310054400,19750439,1284749299917
192.6060,disk4,2430838126592,4931378,39107519695669
192.6060,disk4w,2195456,171,27582691
192.6060,disk8,3450530555904,3468997,47089355743762
192.6060,disk8w,320163840,41745,1705073465
192.6060,disk6,4601253627904,7577086,84011656987292
192.6060,disk6w,380928,53,8067940
192.6060,ram,575799296,65194573824,282751
192.6060,cpu,15748464,22482883,540866107
192.6060,gpu,0,0,0
192.8060,disk0,926916004818944,2087599541,12837975824918141
192.8060,disk0w,2189310054400,19750439,1284749299917
192.8060,disk4,2431495239680,4932651,39111268507090
192.8060,disk4w,2195456,171,27582691
192.8060,disk8,3451033217024,3469512,47089967368666
192.8060,disk8w,320163840,41745,1705073465
192.8060,disk6,4602456262656,7579397,84023957001726
192.8060,disk6w,380928,53,8067940
192.8060,ram,575799296,65194573824,282751
192.8060,cpu,15748464,22482883,540866107
192.8060,gpu,44,6,0
193.0060,disk0,926918070906880,2087603887,12837989198266682
193.0060,disk0w,2189310054400,19750439,1284749299917
193.0060,disk4,2432173668352,4933992,39114810317754
193.0060,disk4w,2195456,171,27582691
193.0060,disk8,3451584374784,3470077,47090763569932
193.0060,disk8w,320163840,41745,1705073465
193.0060,disk6,4603777308672,7581655,84038140089641
193.0060,disk6w,380928,53,8067940
193.0060,ram,595017728,63771410432,282751
193.0060,cpu,15748530,22483031,540867636
193.0060,gpu,0,0,0
193.2060,disk0,926920204767232,2087609106,12838002393524745
193.2060,disk0w,2189310054400,19750439,1284749299917
193.2060,disk4,2432785618944,4935196,39118573712135
193.2060,disk4w,2195456,171,27582691
193.2060,disk8,3452177999872,3470685,47091474756065
193.2060,disk8w,320163840,41745,1705073465
193.2060,disk6,4605085636608,7584103,84053123925080
193.2060,disk6w,380928,53,8067940
193.2060,ram,595345408,63771410432,282751
193.2060,cpu,15748530,22483031,540867636
193.2060,gpu,0,0,0
193.4060,disk0,926922099834880,2087612744,12838014252038384
193.4060,disk0w,2189310054400,19750439,1284749299917
193.4060,disk4,2433510553600,4936657,39124869453147
193.4060,disk4w,2195456,171,27582691
193.4060,disk8,3452603033600,3471121,47092105700664
193.4060,disk8w,320163840,41745,1705073465
193.4060,disk6,4606131738624,7585923,84063476950729
193.4060,disk6w,380928,53,8067940
193.4060,ram,595345408,63771410432,282751
193.4060,cpu,15748530,22483031,540867636
193.4060,gpu,0,0,0
193.6060,disk0,926924381659136,2087619699,12838029498317510
193.6060,disk0w,2189310054400,19750439,1284749299917
193.6060,disk4,2434058442752,4937780,39128118102882
193.6060,disk4w,2195456,171,27582691
193.6060,disk8,3453163628544,3471695,47092770154549
193.6060,disk8w,320163840,41745,1705073465
193.6060,disk6,4607432026112,7587642,84073371750259
193.6060,disk6w,380928,53,8067940
193.6060,ram,595345408,63771410432,282751
193.6060,cpu,15748530,22483031,540867636
193.6060,gpu,0,0,0
193.8060,disk0,926926686191616,2087623470,12838043366846106
193.8060,disk0w,2189310054400,19750439,1284749299917
193.8060,disk4,2434750642176,4939200,39132491965290
193.8060,disk4w,2195456,171,27582691
193.8060,disk8,3453790676992,3472338,47093524134011
193.8060,disk8w,320163840,41745,1705073465
193.8060,disk6,4608617211904,7589310,84082567787313
193.8060,disk6w,380928,53,8067940
193.8060,ram,595345408,63771410432,282751
193.8060,cpu,15748530,22483031,540867636
193.8060,gpu,0,0,0
194.0060,disk0,926929010528256,2087628276,12838059476889378
194.0060,disk0w,2189310054400,19750439,1284749299917
194.0060,disk4,2435277060096,4940279,39134861433345
194.0060,disk4w,2195456,171,27582691
194.0060,disk8,3454289143808,3472849,47094111695963
194.0060,disk8w,320163840,41745,1705073465
194.0060,disk6,4609894787072,7591143,84093117955322
194.0060,disk6w,380928,53,8067940
194.0060,ram,601686016,65255292928,282751
194.0060,cpu,15748581,22483157,540869242
194.0060,gpu,0,0,0
194.2060,disk0,926931037073408,2087632290,12838072247293057
194.2060,disk0w,2189310054400,19750439,1284749299917
194.2060,disk4,2435829807104,4941363,39137064658920
194.2060,disk4w,2195456,171,27582691
194.2060,disk8,3454798489600,3473371,47094688926043
194.2060,disk8w,320163840,41745,1705073465
194.2060,disk6,4611207915520,7593420,84108953465670
194.2060,disk6w,380928,53,8067940
194.2060,ram,601686016,65255292928,282751
194.2060,cpu,15748581,22483157,540869242
194.2060,gpu,0,0,0
194.4060,disk0,926932822118400,2087635885,12838078923553091
194.4060,disk0w,2189310054400,19750439,1284749299917
194.4060,disk4,2436426414080,4942535,39139399302533
194.4060,disk4w,2195456,171,27582691
194.4060,disk8,3455255144448,3473839,47095182114013
194.4060,disk8w,320163840,41745,1705073465
194.4060,disk6,4612584204288,7596086,84131738365117
194.4060,disk6w,380928,53,8067940
194.4060,ram,601686016,65255292928,282751
194.4060,cpu,15748581,22483157,540869242
194.4060,gpu,0,0,0
194.6060,disk0,926934837174272,2087642781,12838091466306676
194.6060,disk0w,2189310054400,19750439,1284749299917
194.6060,disk4,2437204637696,4944070,39144288218785
194.6060,disk4w,2195456,171,27582691
194.6060,disk8,3455869872128,3474469,47096026236464
194.6060,disk8w,320163840,41745,1705073465
194.6060,disk6,4613873936384,7598361,84146005506104
194.6060,disk6w,380928,53,8067940
194.6060,ram,601686016,65255292928,282751
194.6060,cpu,15748581,22483157,540869242
194.6060,gpu,0,0,0
194.8060,disk0,926936932196352,2087647569,12838101986549223
194.8060,disk0w,2189310054400,19750439,1284749299917
194.8060,disk4,2437988120576,4945627,39150749495267
194.8060,disk4w,2195456,171,27582691
194.8060,disk8,3456449472512,3475063,47096830657933
194.8060,disk8w,320163840,41745,1705073465
194.8060,disk6,4615084648448,7600837,84159681868896
194.8060,disk6w,380928,53,8067940
194.8060,ram,601686016,65255292928,282751
194.8060,cpu,15748581,22483157,540869242
194.8060,gpu,0,0,0
195.0060,disk0,926938862530560,2087656084,12838116379074855
195.0060,disk0w,2189310054400,19750439,1284749299917
195.0060,disk4,2438549633024,4946777,39155812956452
195.0060,disk4w,2195456,171,27582691
195.0060,disk8,3457160751104,3475792,47098352305405
195.0060,disk8w,320163840,41745,1705073465
195.0060,disk6,4616276518912,7602674,84170499162216
195.0060,disk6w,380928,53,8067940
195.0060,ram,612548608,65154105344,282751
195.0060,cpu,15748626,22483286,540870848
195.0060,gpu,0,0,0
195.2060,disk0,926941143085056,2087659839,12838126725142598
195.2060,disk0w,2189310054400,19750439,1284749299917
195.2060,disk4,2439233976320,4948179,39159184067027
195.2060,disk4w,2195456,171,27582691
195.2060,disk8,3457731569664,3476377,47099043920376
195.2060,disk8w,320163840,41745,1705073465
195.2060,disk6,4617634703360,7604325,84180866442955
195.2060,disk6w,380928,53,8067940
195.2060,ram,614268928,65187659776,282751
195.2060,cpu,15748627,22483289,540870916
195.2060,gpu,32,6,0
195.4060,disk0,926943233044480,2087663590,12838135256356171
195.4060,disk0w,2189310054400,19750439,1284749299917
195.4060,disk4,2440006055936,4949762,39166141534874
195.4060,disk4w,2195456,171,27582691
195.4060,disk8,3458328733696,3476989,47099761626381
195.4060,disk8w,320163840,41745,1705073465
195.4060,disk6,4618962298880,7606296,84192617080267
195.4060,disk6w,380928,53,8067940
195.4060,ram,614268928,65187659776,282751
195.4060,cpu,15748627,22483289,540870916
195.4060,gpu,0,0,0
195.6060,disk0,926945528954880,2087668221,12838145418408027
195.6060,disk0w,2189311377408,19750590,1284752958369
195.6060,disk4,2440637757440,4951048,39169725960488
195.6060,disk4w,2195456,171,27582691
195.6060,disk8,3458950801408,3477626,47100441514201
195.6060,disk8w,320163840,41745,1705073465
195.6060,disk6,4620290410496,7608209,84206469488291
195.6060,disk6w,380928,53,8067940
195.6060,ram,614268928,65187659776,282751
195.6060,cpu,15748627,22483289,540870916
195.6060,gpu,0,0,0
195.8060,disk0,926947859496960,2087672970,12838159794605113
195.8060,disk0w,2189311377408,19750590,1284752958369
195.8060,disk4,2441453713408,4952631,39176012498294
195.8060,disk4w,2195456,171,27582691
195.8060,disk8,3459527256064,3478217,47101154606045
195.8060,disk8w,320163840,41745,1705073465
195.8060,disk6,4621636601856,7610914,84218990222066
195.8060,disk6w,380928,53,8067940
195.8060,ram,614268928,65187659776,282751
195.8060,cpu,15748627,22483289,540870916
195.8060,gpu,0,0,0
196.0060,disk0,926949810520064,2087677286,12838168740641807
196.0060,disk0w,2189311377408,19750590,1284752958369
196.0060,disk4,2442032773120,4953777,39179046580705
196.0060,disk4w,2195456,171,27582691
196.0060,disk8,3460104759296,3478809,47101816687727
196.0060,disk8w,320163840,41745,1705073465
196.0060,disk6,4623047641088,7613582,84239082641125
196.0060,disk6w,380928,53,8067940
196.0060,ram,614268928,65187659776,282751
196.0060,cpu,15748627,22483289,540870916
196.0060,gpu,40,5,0
196.2060,disk0,926951772225536,2087683358,12838178775237079
196.2060,disk0w,2189311377408,19750590,1284752958369
196.2060,disk4,2442612111360,4954919,39181438233039
196.2060,disk4w,2195456,171,27582691
196.2060,disk8,3460796426240,3479518,47102770830825
196.2060,disk8w,320163840,41745,1705073465
196.2060,disk6,4624446146560,7616103,84257712537625
196.2060,disk6w,380928,53,8067940
196.2060,ram,618577920,63736348672,282751
196.2060,cpu,15748668,22483409,540872465
196.2060,gpu,0,0,0
196.4060,disk0,926953573953536,2087686782,12838191294204677
196.4060,disk0w,2189311377408,19750590,1284752958369
196.4060,disk4,2443190892544,4956086,39185565163406
196.4060,disk4w,2195456,171,27582691
196.4060,disk8,3461269153792,3480002,47103619968165
196.4060,disk8w,320163840,41745,1705073465
196.4060,disk6,4625471342592,7617871,84268922623481
196.4060,disk6w,380928,53,8067940
196.4060,ram,618577920,63736348672,282751
196.4060,cpu,15748668,22483409,540872465
196.4060,gpu,0,0,0
196.6060,disk0,926955620122624,2087690816,12838199843127403
196.6060,disk0w,2189311377408,19750590,1284752958369
196.6060,disk4,2443998066688,4957742,39193692435766
196.6060,disk4w,2195456,171,27582691
196.6060,disk8,3461815068672,3480562,47104288305097
196.6060,disk8w,320163840,41745,1705073465
196.6060,disk6,4626729814016,7619616,84280067128936
196.6060,disk6w,380928,53,8067940
196.6060,ram,618577920,63736348672,282751
196.6060,cpu,15748668,22483409,540872465
196.6060,gpu,0,0,0
196.8060,disk0,926957872549888,2087694463,12838211035847318
196.8060,disk0w,2189311377408,19750590,1284752958369
196.8060,disk4,2444542031872,4958857,39196117828852
196.8060,disk4w,2195456,171,27582691
196.8060,disk8,3462438184960,3481200,47105135500039
196.8060,disk8w,320163840,41745,1705073465
196.8060,disk6,4628078987264,7621406,84291306831059
196.8060,disk6w,380928,53,8067940
196.8060,ram,618577920,63736348672,282751
196.8060,cpu,15748668,22483409,540872465
196.8060,gpu,0,0,0
197.0021,disk0,926959892582400,2087698362,12838220073129292
197.0021,disk0w,2189311377408,19750590,1284752958369
197.0021,disk4,2445220231168,4960247,39199943932430
197.0021,disk4w,2195456,171,27582691
197.0021,disk8,3463088433152,3481867,47105980467641
197.0021,disk8w,320163840,41745,1705073465
197.0021,disk6,4629443790848,7623327,84304268938921
197.0021,disk6w,380928,53,8067940
197.0021,ram,618577920,63736348672,282751
197.0021,cpu,15748668,22483409,540872465
197.0021,gpu,28,5,0
197.2060,disk0,926962144694272,2087703042,12838234321489721
197.2060,disk0w,2189311377408,19750590,1284752958369
197.2060,disk4,2446042331136,4961886,39205745492815
197.2060,disk4w,2195456,171,27582691
197.2060,disk8,3463703160832,3482497,47106827673365
197.2060,disk8w,320163840,41745,1705073465
197.2060,disk6,4630652594176,7625291,84312611160306
197.2060,disk6w,380928,53,8067940
197.2060,ram,626376704,65330200576,282751
197.2060,cpu,15748712,22483537,540874185
197.2060,gpu,35,6,0
197.4060,disk0,926964340817920,2087707542,12838249857330643
197.4060,disk0w,2189311377408,19750590,1284752958369
197.4060,disk4,2446707693568,4963189,39209265363219
197.4060,disk4w,2195456,171,27582691
197.4060,disk8,3464329816064,3483139,47107909383984
197.4060,disk8w,320163840,41745,1705073465
197.4060,disk6,4631745210368,7627469,84325121942751
197.4060,disk6w,380928,53,8067940
197.4060,ram,626376704,65330200576,282751
197.4060,cpu,15748712,22483537,540874185
197.4060,gpu,44,6,0
197.6059,disk0,926966577459200,2087713709,12838263477846442
197.6059,disk0w,2189311377408,19750590,1284752958369
197.6059,disk4,2447316998144,4964396,39212067203981
197.6059,disk4w,2195456,171,27582691
197.6059,disk8,3464888707072,3483712,47108643269195
197.6059,disk8w,320163840,41745,1705073465
197.6059,disk6,4633057781760,7629664,84339618703776
197.6059,disk6w,380928,53,8067940
197.6059,ram,626376704,65330200576,282751
197.6059,cpu,15748712,22483537,540874185
197.6059,gpu,41,6,0
197.8060,disk0,926968653864960,2087717499,12838273843092228
197.8060,disk0w,2189311377408,19750590,1284752958369
197.8060,disk4,2448050075648,4965856,39219161030385
197.8060,disk4w,2195456,171,27582691
197.8060,disk8,3465484412928,3484320,47109999336858
197.8060,disk8w,320163840,41745,1705073465
197.8060,disk6,4634044450816,7631735,84348521536999
197.8060,disk6w,380928,53,8067940
197.8060,ram,626376704,65330200576,282751
197.8060,cpu,15748712,22483537,540874185
197.8060,gpu,0,0,0
198.0060,disk0,926970324295680,2087722217,12838280406930377
198.0060,disk0w,2189311377408,19750590,1284752958369
198.0060,disk4,2448972740608,4967750,39230865616087
198.0060,disk4w,2195456,171,27582691
198.0060,disk8,3466161924096,3485017,47112432859288
198.0060,disk8w,320163840,41745,1705073465
198.0060,disk6,4635235256320,7633497,84358547588667
198.0060,disk6w,380928,53,8067940
198.0060,ram,626376704,65330200576,282751
198.0060,cpu,15748712,22483537,540874185
198.0060,gpu,0,0,0
198.2060,disk0,926972571639808,2087726060,12838291694654226
198.2060,disk0w,2189311377408,19750590,1284752958369
198.2060,disk4,2449684322304,4969208,39236467758348
198.2060,disk4w,2195456,171,27582691
198.2060,disk8,3466794215424,3485665,47113275181911
198.2060,disk8w,320163840,41745,1705073465
198.2060,disk6,4636471035904,7634958,84366689106759
198.2060,disk6w,380928,53,8067940
198.2060,ram,654049280,65210040320,282751
198.2060,cpu,15748759,22483678,540875703
198.2060,gpu,34,5,0
198.4060,disk0,926974821040128,2087730028,12838301909395911
198.4060,disk0w,2189311377408,19750590,1284752958369
198.4060,disk4,2450475653120,4970828,39243870932005
198.4060,disk4w,2195456,171,27582691
198.4060,disk8,3467260700672,3486143,47113828965832
198.4060,disk8w,320163840,41745,1705073465
198.4060,disk6,4637766805504,7636756,84375810045829
198.4060,disk6w,380928,53,8067940
198.4060,ram,654049280,65210040320,282751
198.4060,cpu,15748759,22483678,540875703
198.4060,gpu,0,0,0
198.6060,disk0,926976911691776,2087734265,12838314064615042
198.6060,disk0w,2189311377408,19750590,1284752958369
198.6060,disk4,2451154384896,4972217,39250246581526
198.6060,disk4w,2195456,171,27582691
198.6060,disk8,3467836762112,3486733,47114517384223
198.6060,disk8w,320163840,41745,1705073465
198.6060,disk6,4638965495808,7638601,84387165996557
198.6060,disk6w,380928,53,8067940
198.6060,ram,654049280,65210040320,282751
198.6060,cpu,15748759,22483678,540875703
198.6060,gpu,25,6,0
198.8060,disk0,926979324497920,2087739333,12838333244803910
198.8060,disk0w,2189311377408,19750590,1284752958369
198.8060,disk4,2451935246336,4973730,39254825430633
198.8060,disk4w,2195456,171,27582691
198.8060,disk8,3468366161920,3487276,47115157916462
198.8060,disk8w,320163840,41745,1705073465
198.8060,disk6,4640139872256,7640809,84395752723189
198.8060,disk6w,380928,53,8067940
198.8060,ram,654049280,65210040320,282751
198.8060,cpu,15748759,22483678,540875703
198.8060,gpu,33,7,0
199.0060,disk0,926981523529728,2087744268,12838347990353490
199.0060,disk0w,2189311377408,19750590,1284752958369
199.0060,disk4,2452754184192,4975351,39260555899385
199.0060,disk4w,2195456,171,27582691
199.0060,disk8,3469018114048,3487944,47115995195614
199.0060,disk8w,320163840,41745,1705073465
199.0060,disk6,4641387997184,7643127,84406099747059
199.0060,disk6w,380928,53,8067940
199.0060,ram,654049280,65210040320,282751
199.0060,cpu,15748759,22483678,540875703
199.0060,gpu,31,7,0
199.2060,disk0,926983575711744,2087749266,12838358530857137
199.2060,disk0w,2189311377408,19750590,1284752958369
199.2060,disk4,2453635217408,4977088,39267118200942
199.2060,disk4w,2195456,171,27582691
199.2060,disk8,3469671114752,3488613,47116897554058
199.2060,disk8w,320163840,41745,1705073465
199.2060,disk6,4642778015744,7645530,84418867539227
199.2060,disk6w,380928,53,8067940
199.2060,ram,664092672,63764791296,282751
199.2060,cpu,15748802,22483803,540877383
199.2060,gpu,33,6,0
199.4031,disk0,926985508261888,2087752933,12838370887144434
199.4031,disk0w,2189311377408,19750590,1284752958369
199.4031,disk4,2454422747136,4978676,39273589425498
199.4031,disk4w,2195456,171,27582691
199.4031,disk8,3470178265088,3489133,47118739293555
199.4031,disk8w,320163840,41745,1705073465
199.4031,disk6,4643747096576,7647264,84427015793341
199.4031,disk6w,380928,53,8067940
199.4031,ram,664092672,63764791296,282751
199.4031,cpu,15748802,22483803,540877383
199.4031,gpu,0,0,0
199.6060,disk0,926987675021312,2087759950,12838382494952788
199.6060,disk0w,2189311377408,19750590,1284752958369
199.6060,disk4,2455397308416,4980672,39282763136535
199.6060,disk4w,2195456,171,27582691
199.6060,disk8,3470777526272,3489747,47119537498140
199.6060,disk8w,320163840,41745,1705073465
199.6060,disk6,4644961101824,7649063,84436344033478
199.6060,disk6w,380928,53,8067940
199.6060,ram,664092672,63764791296,282751
199.6060,cpu,15748802,22483803,540877383
199.6060,gpu,36,6,0
199.8060,disk0,926989890404352,2087763482,12838391725208556
199.8060,disk0w,2189311377408,19750590,1284752958369
199.8060,disk4,2456035538944,4981980,39286020272137
199.8060,disk4w,2195456,171,27582691
199.8060,disk8,3471290411008,3490273,47120111240059
199.8060,disk8w,320163840,41745,1705073465
199.8060,disk6,4646329575424,7650864,84448651817295
199.8060,disk6w,380928,53,8067940
199.8060,ram,664092672,63764791296,282751
199.8060,cpu,15748802,22483803,540877383
199.8060,gpu,0,0,0
200.0060,disk0,926992091193344,2087768120,12838404222588533
200.0060,disk0w,2189311377408,19750590,1284752958369
200.0060,disk4,2456906471424,4983767,39292151834675
200.0060,disk4w,2195456,171,27582691
200.0060,disk8,3471834884096,3490831,47120718762975
200.0060,disk8w,320163840,41745,1705073465
200.0060,disk6,4647627819008,7652821,84459466427605
200.0060,disk6w,380928,53,8067940
200.0060,ram,664092672,63764791296,282751
200.0060,cpu,15748802,22483803,540877383
200.0060,gpu,44,4,0
200.2060,disk0,926994129625088,2087772328,12838414905786225
200.2060,disk0w,2189311377408,19750590,1284752958369
200.2060,disk4,2457579698176,4985094,39297526139323
200.2060,disk4w,2195456,171,27582691
200.2060,disk8,3472335448064,3491344,47121308905387
200.2060,disk8w,320163840,41745,1705073465
200.2060,disk6,4648952743936,7655004,84473531641587
200.2060,disk6w,380928,53,8067940
200.2060,ram,665092096,65277558784,282751
200.2060,cpu,15748846,22483929,540879031
200.2060,gpu,0,0,0
200.4060,disk0,926996378947584,2087776837,12838428158742956
200.4060,disk0w,2189311377408,19750590,1284752958369
200.4060,disk4,2458270857216,4986451,39301322014858
200.4060,disk4w,2195456,171,27582691
200.4060,disk8,3472941393920,3491965,47122207416340
200.4060,disk8w,320163840,41745,1705073465
200.4060,disk6,4650271016960,7657690,84488608025759
200.4060,disk6w,380928,53,8067940
200.4060,ram,665092096,65277558784,282751
200.4060,cpu,15748846,22483929,540879031
200.4060,gpu,0,0,0
200.6060,disk0,926998363561984,2087782451,12838441326180189
200.6060,disk0w,2189311377408,19750590,1284752958369
200.6060,disk4,2459187378176,4988261,39310326532181
200.6060,disk4w,2195456,171,27582691
200.6060,disk8,3473696630784,3492739,47123506167474
200.6060,disk8w,320163840,41745,1705073465
200.6060,disk6,4651527870464,7659744,84496713706949
200.6060,disk6w,380928,53,8067940
200.6060,ram,665092096,65277558784,282751
200.6060,cpu,15748846,22483929,540879031
200.6060,gpu,33,7,0
200.8060,disk0,927000429309952,2087786037,12838453051398644
200.8060,disk0w,2189311377408,19750590,1284752958369
200.8060,disk4,2459961268224,4989805,39318347970620
200.8060,disk4w,2195456,171,27582691
200.8060,disk8,3474251245568,3493308,47124937648162
200.8060,disk8w,320163840,41745,1705073465
200.8060,disk6,4652429301760,7661687,84504840065529
200.8060,disk6w,380928,53,8067940
200.8060,ram,665092096,65277558784,282751
200.8060,cpu,15748846,22483929,540879031
200.8060,gpu,0,0,0
201.0060,disk0,927002620116992,2087793629,12838465283567546
201.0060,disk0w,2189311377408,19750590,1284752958369
201.0060,disk4,2460632922112,4991182,39322632847611
201.0060,disk4w,2195456,171,27582691
201.0060,disk8,3474790737920,3493860,47125710526108
201.0060,disk8w,320163840,41745,1705073465
201.0060,disk6,4653744805888,7663594,84517447793879
201.0060,disk6w,380928,53,8067940
201.0060,ram,665092096,65277558784,282751
201.0060,cpu,15748846,22483929,540879031
201.0060,gpu,0,0,0
201.2060,disk0,927005018505216,2087797640,12838475211567942
201.2060,disk0w,2189311377408,19750590,1284752958369
201.2060,disk4,2461509392384,4992978,39327912893089
201.2060,disk4w,2195456,171,27582691
201.2060,disk8,3475460253696,3494546,47126585429704
201.2060,disk8w,320163840,41745,1705073465
201.2060,disk6,4655081445376,7665232,84526515089081
201.2060,disk6w,380928,53,8067940
201.2060,ram,663945216,65175306240,282751
201.2060,cpu,15748890,22484059,540880604
201.2060,gpu,0,0,0
201.4060,disk0,927007144796160,2087801883,12838485023609503
201.4060,disk0w,2189311377408,19750590,1284752958369
201.4060,disk4,2462378883072,4994762,39335196192525
201.4060,disk4w,2195456,171,27582691
201.4060,disk8,3476041295872,3495142,47127420686840
201.4060,disk8w,320163840,41745,1705073465
201.4060,disk6,4656355612672,7667134,84538184693378
201.4060,disk6w,380928,53,8067940
201.4060,ram,663945216,65175306240,282751
201.4060,cpu,15748890,22484059,540880604
201.4060,gpu,36,5,0
201.6014,disk0,927009378844672,2087806586,12838498466484200
201.6014,disk0w,2189311377408,19750590,1284752958369
201.6014,disk4,2463237273600,4996470,39340959071051
201.6014,disk4w,2195456,171,27582691
201.6014,disk8,3476647241728,3495763,47128295827540
201.6014,disk8w,320163840,41745,1705073465
201.6014,disk6,4657645180928,7669277,84548653928448
201.6014,disk6w,380928,53,8067940
201.6014,ram,663945216,65175306240,282751
201.6014,cpu,15748890,22484059,540880604
201.6014,gpu,0,0,0
201.8060,disk0,927011718402048,2087811255,12838512270979637
201.8060,disk0w,2189311377408,19750590,1284752958369
201.8060,disk4,2464051640320,4998062,39347385168604
201.8060,disk4w,2195456,171,27582691
201.8060,disk8,3477200496640,3496330,47128986585140
201.8060,disk8w,320163840,41745,1705073465
201.8060,disk6,4658873116672,7671703,84560182372804
201.8060,disk6w,380928,53,8067940
201.8060,ram,663945216,65175306240,282751
201.8060,cpu,15748890,22484059,540880604
201.8060,gpu,33,7,0
202.0060,disk0,927013938089984,2087817167,12838528030855384
202.0060,disk0w,2189311377408,19750590,1284752958369
202.0060,disk4,2464800405504,4999538,39352318988723
202.0060,disk4w,2195456,171,27582691
202.0060,disk8,3477874206720,3497020,47129916463863
202.0060,disk8w,320163840,41745,1705073465
202.0060,disk6,4660179351552,7673964,84571949794243
202.0060,disk6w,380928,53,8067940
202.0060,ram,663945216,65175306240,282751
202.0060,cpu,15748890,22484059,540880604
202.0060,gpu,0,0,0
202.2060,disk0,927015745064960,2087820396,12838535666308836
202.2060,disk0w,2189311377408,19750590,1284752958369
202.2060,disk4,2465596626944,5001123,39358779154270
202.2060,disk4w,2195456,171,27582691
202.2060,disk8,3478469273600,3497630,47130913444622
202.2060,disk8w,320163840,41745,1705073465
202.2060,disk6,4661235087360,7676195,84583521047621
202.2060,disk6w,380928,53,8067940
202.2060,ram,664551424,63713099776,282751
202.2060,cpu,15748936,22484190,540882277
202.2060,gpu,49,4,0
202.4060,disk0,927018201370624,2087826440,12838550511121902
202.4060,disk0w,2189311377408,19750590,1284752958369
202.4060,disk4,2466382804992,5002736,39365193354860
202.4060,disk4w,2195456,171,27582691
202.4060,disk8,3479123666944,3498301,47132143523026
202.4060,disk8w,320163840,41745,1705073465
202.4060,disk6,4662496901120,7677939,84592781450913
202.4060,disk6w,380928,53,8067940
202.4060,ram,664551424,63713099776,282751
202.4060,cpu,15748936,22484190,540882277
202.4060,gpu,0,0,0
202.6060,disk0,927020188995584,2087829642,12838557638562373
202.6060,disk0w,2189311377408,19750590,1284752958369
202.6060,disk4,2467169286144,5004348,39370750878885
202.6060,disk4w,2195456,171,27582691
202.6060,disk8,3479679019008,3498870,47132947005177
202.6060,disk8w,320163840,41745,1705073465
202.6060,disk6,4663873075200,7679628,84603453798824
202.6060,disk6w,380928,53,8067940
202.6060,ram,664551424,63713099776,282751
202.6060,cpu,15748936,22484190,540882277
202.6060,gpu,0,0,0
202.8060,disk0,927022394658816,2087833678,12838569614440955
202.8060,disk0w,2189311377408,19750590,1284752958369
202.8060,disk4,2467836082176,5005715,39374225030103
202.8060,disk4w,2195456,171,27582691
202.8060,disk8,3480353122304,3499561,47133833285527
202.8060,disk8w,320163840,41745,1705073465
202.8060,disk6,4665186572288,7681651,84615154080499
202.8060,disk6w,380928,53,8067940
202.8060,ram,664551424,63713099776,282751
202.8060,cpu,15748936,22484190,540882277
202.8060,gpu,42,8,0
203.0030,disk0,927024500051968,2087838035,12838582527700956
203.0030,disk0w,2189311393792,19750594,1284753031492
203.0030,disk4,2468608702464,5007274,39378796929246
203.0030,disk4w,2195456,171,27582691
203.0030,disk8,3480897595392,3500119,47134432893592
203.0030,disk8w,320163840,41745,1705073465
203.0030,disk6,4666478352384,7683474,84626283834951
203.0030,disk6w,380928,53,8067940
203.0030,ram,664551424,63713099776,282751
203.0030,cpu,15748936,22484190,540882277
203.0030,gpu,28,6,0
203.2060,disk0,927026765500416,2087842915,12838596234071730
203.2060,disk0w,2189311393792,19750594,1284753031492
203.2060,disk4,2469440911360,5008893,39384783906982
203.2060,disk4w,2195456,171,27582691
203.2060,disk8,3481435383808,3500670,47135059386409
203.2060,disk8w,320163840,41745,1705073465
203.2060,disk6,4667718367232,7685870,84639627733261
203.2060,disk6w,380928,53,8067940
203.2060,ram,451264512,65525596160,282751
203.2060,cpu,15748988,22484336,540883753
203.2060,gpu,0,0,0
203.4060,disk0,927028794789888,2087847140,12838605408117543
203.4060,disk0w,2189311393792,19750594,1284753031492
203.4060,disk4,2470222526464,5010436,39391693382962
203.4060,disk4w,2195456,171,27582691
203.4060,disk8,3481889941504,3501136,47135594070671
203.4060,disk8w,320163840,41745,1705073465
203.4060,disk6,4668968335360,7688126,84654087758471
203.4060,disk6w,380928,53,8067940
203.4060,ram,451264512,65525596160,282751
203.4060,cpu,15748988,22484336,540883753
203.4060,gpu,29,9,0
203.6060,disk0,927030693466112,2087851911,12838614574817333
203.6060,disk0w,2189311393792,19750594,1284753031492
203.6060,disk4,2470731397120,5011443,39393873323683
203.6060,disk4w,2195456,171,27582691
203.6060,disk8,3482566141952,3501829,47136468967934
203.6060,disk8w,320163840,41745,1705073465
203.6060,disk6,4670358702080,7690696,84674774428988
203.6060,disk6w,380928,53,8067940
203.6060,ram,451264512,65525596160,282751
203.6060,cpu,15748988,22484336,540883753
203.6060,gpu,0,0,0
203.8060,disk0,927032622444544,2087855624,12838627101225684
203.8060,disk0w,2189311455232,19750597,1284753107241
203.8060,disk4,2471228487680,5012443,39396963555054
203.8060,disk4w,2195456,171,27582691
203.8060,disk8,3483268589568,3502549,47138941300283
203.8060,disk8w,320163840,41745,1705073465
203.8060,disk6,4671432345600,7692540,84684352766438
203.8060,disk6w,380928,53,8067940
203.8060,ram,451264512,65525596160,282751
203.8060,cpu,15748988,22484336,540883753
203.8060,gpu,36,4,0
204.0060,disk0,927034842836992,2087864889,12838641793494355
204.0060,disk0w,2189311455232,19750597,1284753107241
204.0060,disk4,2472039061504,5014106,39404605356776
204.0060,disk4w,2195456,171,27582691
204.0060,disk8,3483865753600,3503161,47139686055203
204.0060,disk8w,320163840,41745,1705073465
204.0060,disk6,4672637241344,7694117,84692496440518
204.0060,disk6w,380928,53,8067940
204.0060,ram,451264512,65525596160,282751
204.0060,cpu,15748988,22484336,540883753
204.0060,gpu,0,0,0
204.2060,disk0,927036440227840,2087867468,12838649052468519
204.2060,disk0w,2189311455232,19750597,1284753107241
204.2060,disk4,2472646162432,5015351,39408409667310
204.2060,disk4w,2195456,171,27582691
204.2060,disk8,3484314675200,3503621,47140222552601
204.2060,disk8w,320163840,41745,1705073465
204.2060,disk6,4673989199872,7696004,84707613362044
204.2060,disk6w,380928,53,8067940
204.2060,ram,434520064,65477443584,282751
204.2060,cpu,15749027,22484469,540885467
204.2060,gpu,0,0,0
204.4014,disk0,927038346670080,2087871263,12838659834416463
204.4014,disk0w,2189311455232,19750597,1284753107241
204.4014,disk4,2473506895872,5017118,39421750688456
204.4014,disk4w,2195456,171,27582691
204.4014,disk8,3484738299904,3504055,47140713257753
204.4014,disk8w,320163840,41745,1705073465
204.4014,disk6,4675032041472,7697531,84713376066688
204.4014,disk6w,380928,53,8067940
204.4014,ram,434520064,65477443584,282751
204.4014,cpu,15749027,22484469,540885467
204.4014,gpu,0,0,0
204.6060,disk0,927040378269696,2087875634,12838670347543930
204.6060,disk0w,2189311455232,19750597,1284753107241
204.6060,disk4,2474280155136,5018659,39427945326708
204.6060,disk4w,2195456,171,27582691
204.6060,disk8,3485376227328,3504709,47141445054198
204.6060,disk8w,320163840,41745,1705073465
204.6060,disk6,4676302903296,7699444,84726652812831
204.6060,disk6w,380928,53,8067940
204.6060,ram,434520064,65477443584,282751
204.6060,cpu,15749027,22484469,540885467
204.6060,gpu,34,5,0
204.8060,disk0,927042238017536,2087879453,12838678001000035
204.8060,disk0w,2189311455232,19750597,1284753107241
204.8060,disk4,2475122948096,5020304,39433734723965
204.8060,disk4w,2195456,171,27582691
204.8060,disk8,3485973391360,3505321,47142236836912
204.8060,disk8w,320163840,41745,1705073465
204.8060,disk6,4677661775872,7702063,84744050719187
204.8060,disk6w,380928,53,8067940
204.8060,ram,434520064,65477443584,282751
204.8060,cpu,15749027,22484469,540885467
204.8060,gpu,32,5,0
205.0060,disk0,927044282003456,2087883683,12838689829157066
205.0060,disk0w,2189311455232,19750597,1284753107241
205.0060,disk4,2475635881984,5021317,39436248492002
205.0060,disk4w,2195456,171,27582691
205.0060,disk8,3486578288640,3505941,47143070112411
205.0060,disk8w,320163840,41745,1705073465
205.0060,disk6,4678932326400,7704208,84758981018191
205.0060,disk6w,380928,53,8067940
205.0060,ram,434520064,65477443584,282751
205.0060,cpu,15749027,22484469,540885467
205.0060,gpu,41,5,0
205.2060,disk0,927046239383552,2087890461,12838703547212693
205.2060,disk0w,2189311455232,19750597,1284753107241
205.2060,disk4,2476243245056,5022516,39439852378598
205.2060,disk4w,2195456,171,27582691
205.2060,disk8,3487281883136,3506662,47144124959725
205.2060,disk8w,320163840,41745,1705073465
205.2060,disk6,4680290183168,7706919,84777056100287
205.2060,disk6w,380928,53,8067940
205.2060,ram,459522048,64001261568,282751
205.2060,cpu,15749074,22484592,540887150
205.2060,gpu,0,0,0
205.4013,disk0,927048105861120,2087896679,12838719734826355
205.4013,disk0w,2189311455232,19750597,1284753107241
205.4013,disk4,2476824131584,5023704,39444907968702
205.4013,disk4w,2195456,171,27582691
205.4013,disk8,3487887681536,3507283,47148046253721
205.4013,disk8w,320163840,41745,1705073465
205.4013,disk6,4681153603584,7708388,84781824797769
205.4013,disk6w,380928,53,8067940
205.4013,ram,459522048,64001261568,282751
205.4013,cpu,15749074,22484592,540887150
205.4013,gpu,29,6,0
205.6060,disk0,927050373767168,2087900976,12838729399233741
205.6060,disk0w,2189311455232,19750597,1284753107241
205.6060,disk4,2477755709440,5025614,39451498264471
205.6060,disk4w,2195456,171,27582691
205.6060,disk8,3488440936448,3507850,47148728467448
205.6060,disk8w,320163840,41745,1705073465
205.6060,disk6,4682496321536,7710055,84791657610373
205.6060,disk6w,380928,53,8067940
205.6060,ram,459522048,64001261568,282751
205.6060,cpu,15749074,22484592,540887150
205.6060,gpu,0,0,0
205.8015,disk0,927052273836032,2087904418,12838735767851176
205.8015,disk0w,2189311471616,19750599,1284753136616
205.8015,disk4,2478493325312,5027125,39456934246023
205.8015,disk4w,2195456,171,27582691
205.8015,disk8,3488976627712,3508399,47149470436211
205.8015,disk8w,320163840,41745,1705073465
205.8015,disk6,4683846625280,7712026,84805475700638
205.8015,disk6w,380928,53,8067940
205.8015,ram,459522048,64001261568,282751
205.8015,cpu,15749074,22484592,540887150
205.8015,gpu,0,0,0
206.0060,disk0,927054350790656,2087908823,12838747680280732
206.0060,disk0w,2189311471616,19750599,1284753136616
206.0060,disk4,2479285712896,5028750,39462633586521
206.0060,disk4w,2195456,171,27582691
206.0060,disk8,3489587816448,3509025,47150455337048
206.0060,disk8w,320163840,41745,1705073465
206.0060,disk6,4685126363136,7713844,84815689779841
206.0060,disk6w,380928,53,8067940
206.0060,ram,459522048,64001261568,282751
206.0060,cpu,15749074,22484592,540887150
206.0060,gpu,0,0,0
206.2060,disk0,927056438083584,2087913026,12838757742745542
206.2060,disk0w,2189311471616,19750599,1284753136616
206.2060,disk4,2480145528832,5030422,39467773668218
206.2060,disk4w,2195456,171,27582691
206.2060,disk8,3490146707456,3509598,47151128034068
206.2060,disk8w,320163840,41745,1705073465
206.2060,disk6,4686496458752,7716476,84831727200113
206.2060,disk6w,380928,53,8067940
206.2060,ram,507101184,65288044544,282751
206.2060,cpu,15749121,22484722,540888753
206.2060,gpu,28,5,0
206.4060,disk0,927058949783552,2087918458,12838776766303793
206.4060,disk0w,2189311471616,19750599,1284753136616
206.4060,disk4,2480930502656,5031973,39471928873658
206.4060,disk4w,2195456,171,27582691
206.4060,disk8,3490653956096,3510118,47151744678487
206.4060,disk8w,320163840,41745,1705073465
206.4060,disk6,4687665522688,7718482,84840982734137
206.4060,disk6w,380928,53,8067940
206.4060,ram,507101184,65288044544,282751
206.4060,cpu,15749121,22484722,540888753
206.4060,gpu,0,0,0
206.6060,disk0,927060880764928,2087925261,12838792350782417
206.6060,disk0w,2189311471616,19750599,1284753136616
206.6060,disk4,2481516836864,5033128,39475383295018
206.6060,disk4w,2195456,171,27582691
206.6060,disk8,3491285198848,3510765,47152459928104
206.6060,disk8w,320163840,41745,1705073465
206.6060,disk6,4688977082368,7720788,84855914099037
206.6060,disk6w,380928,53,8067940
206.6060,ram,507101184,65288044544,282751
206.6060,cpu,15749121,22484722,540888753
206.6060,gpu,0,0,0
206.8032,disk0,927062608003072,2087928677,12838801346395875
206.8032,disk0w,2189311471616,19750599,1284753136616
206.8032,disk4,2482181011456,5034464,39482743557858
206.8032,disk4w,2195456,171,27582691
206.8032,disk8,3491918489600,3511414,47153534953763
206.8032,disk8w,320163840,41745,1705073465
206.8032,disk6,4690060658688,7722775,84868036325764
206.8032,disk6w,380928,53,8067940
206.8032,ram,507101184,65288044544,282751
206.8032,cpu,15749121,22484722,540888753
206.8032,gpu,0,0,0
207.0060,disk0,927064606957568,2087937863,12838814161809084
207.0060,disk0w,2189311471616,19750599,1284753136616
207.0060,disk4,2482803185664,5035739,39486598321148
207.0060,disk4w,2195456,171,27582691
207.0060,disk8,3492577126400,3512089,47154438649255
207.0060,disk8w,320163840,41745,1705073465
207.0060,disk6,4691441747968,7724606,84880946009030
207.0060,disk6w,380928,53,8067940
207.0060,ram,507101184,65288044544,282751
207.0060,cpu,15749121,22484722,540888753
207.0060,gpu,39,5,0
207.2020,disk0,927066412318720,2087940727,12838820359062236
207.2020,disk0w,2189311471616,19750599,1284753136616
207.2020,disk4,2483663763456,5037503,39494021649402
207.2020,disk4w,2195456,171,27582691
207.2020,disk8,3493068908544,3512593,47155059749702
207.2020,disk8w,320163840,41745,1705073465
207.2020,disk6,4692777371648,7726394,84892257225380
207.2020,disk6w,380928,53,8067940
207.2020,ram,529432576,65183055872,282751
207.2020,cpu,15749175,22484853,540890243
207.2020,gpu,30,4,0
207.4060,disk0,927068683464704,2087945099,12838834168111707
207.4060,disk0w,2189311492096,19750600,1284753158449
207.4060,disk4,2484558673920,5039335,39503337399452
207.4060,disk4w,2195456,171,27582691
207.4060,disk8,3493543127040,3513079,47155663575964
207.4060,disk8w,320163840,41745,1705073465
207.4060,disk6,4693934213120,7728166,84899208129791
207.4060,disk6w,380928,53,8067940
207.4060,ram,529432576,65183055872,282751
207.4060,cpu,15749175,22484853,540890243
207.4060,gpu,31,6,0
207.6060,disk0,927070539788288,2087948996,12838842309815378
207.6060,disk0w,2189311492096,19750600,1284753158449
207.6060,disk4,2485145597952,5040492,39506284343894
207.6060,disk4w,2195456,171,27582691
207.6060,disk8,3494201763840,3513754,47156714848535
207.6060,disk8w,320163840,41745,1705073465
207.6060,disk6,4695282178048,7730515,84916570437596
207.6060,disk6w,380928,53,8067940
207.6060,ram,529432576,65183055872,282751
207.6060,cpu,15749175,22484853,540890243
207.6060,gpu,43,4,0
207.8031,disk0,927072828272640,2087953802,12838857731951884
207.8031,disk0w,2189311492096,19750600,1284753158449
207.8031,disk4,2486079666176,5042323,39514049216578
207.8031,disk4w,2195456,171,27582691
207.8031,disk8,3494655928320,3514219,47157298891551
207.8031,disk8w,320163840,41745,1705073465
207.8031,disk6,4696509769728,7732775,84925250043627
207.8031,disk6w,380928,53,8067940
207.8031,ram,529432576,65183055872,282751
207.8031,cpu,15749175,22484853,540890243
207.8031,gpu,0,0,0
208.0060,disk0,927074938077184,2087958814,12838870451888284
208.0060,disk0w,2189311492096,19750600,1284753158449
208.0060,disk4,2486769629184,5043688,39517899787633
208.0060,disk4w,2195456,171,27582691
208.0060,disk8,3495211673600,3514789,47158021010824
208.0060,disk8w,320163840,41745,1705073465
208.0060,disk6,4697774176256,7734865,84940066798386
208.0060,disk6w,380928,53,8067940
208.0060,ram,529432576,65183055872,282751
208.0060,cpu,15749175,22484853,540890243
208.0060,gpu,31,6,0
208.2060,disk0,927076630216704,2087962024,12838875482562450
208.2060,disk0w,2189311492096,19750600,1284753158449
208.2060,disk4,2487506614272,5045154,39524718686145
208.2060,disk4w,2195456,171,27582691
208.2060,disk8,3495773710336,3515365,47158707751879
208.2060,disk8w,320163840,41745,1705073465
208.2060,disk6,4699004450816,7737407,84958060628379
208.2060,disk6w,380928,53,8067940
208.2060,ram,556793856,63696732160,282751
208.2060,cpu,15749238,22485011,540891835
208.2060,gpu,0,0,0
208.4060,disk0,927078476779520,2087966956,12838888308299265
208.4060,disk0w,2189311492096,19750600,1284753158449
208.4060,disk4,2488060123136,5046287,39527617164097
208.4060,disk4w,2195456,171,27582691
208.4060,disk8,3496230332416,3515833,47159323180723
208.4060,disk8w,320163840,41745,1705073465
208.4060,disk6,4700216096768,7739262,84972761270857
208.4060,disk6w,380928,53,8067940
208.4060,ram,556793856,63696732160,282751
208.4060,cpu,15749238,22485011,540891835
208.4060,gpu,0,0,0
208.6016,disk0,927080765509632,2087970846,12838901106175350
208.6016,disk0w,2189311492096,19750600,1284753158449
208.6016,disk4,2488805111808,5047812,39534126603665
208.6016,disk4w,2195456,171,27582691
208.6016,disk8,3496748460032,3516364,47159932078038
208.6016,disk8w,320163840,41745,1705073465
208.6016,disk6,4701400315904,7740654,84979497720687
208.6016,disk6w,380928,53,8067940
208.6016,ram,556793856,63696732160,282751
208.6016,cpu,15749238,22485011,540891835
208.6016,gpu,0,0,0
208.8060,disk0,927082587508736,2087974283,12838909423689683
208.8060,disk0w,2189311492096,19750600,1284753158449
208.8060,disk4,2489557833728,5049354,39541692712258
208.8060,disk4w,2195456,171,27582691
208.8060,disk8,3497161205760,3516787,47160451798280
208.8060,disk8w,320163840,41745,1705073465
208.8060,disk6,4702688802816,7742515,84991479829665
208.8060,disk6w,380928,53,8067940
208.8060,ram,556793856,63696732160,282751
208.8060,cpu,15749238,22485011,540891835
208.8060,gpu,34,10,0
209.0060,disk0,927084695441408,2087978552,12838918300114347
209.0060,disk0w,2189311492096,19750600,1284753158449
209.0060,disk4,2490329249792,5050932,39549314124116
209.0060,disk4w,2195456,171,27582691
209.0060,disk8,3497779079168,3517420,47161185628107
209.0060,disk8w,320163840,41745,1705073465
209.0060,disk6,4704003635200,7744530,85002541843801
209.0060,disk6w,380928,53,8067940
209.0060,ram,556793856,63696732160,282751
209.0060,cpu,15749238,22485011,540891835
209.0060,gpu,0,0,0
209.2060,disk0,927086534553600,2087982198,12838926237445392
209.2060,disk0w,2189311492096,19750600,1284753158449
209.2060,disk4,2490996570112,5052225,39553221381174
209.2060,disk4w,2195456,171,27582691
209.2060,disk8,3498302842880,3517957,47161922287851
209.2060,disk8w,320163840,41745,1705073465
209.2060,disk6,4705354692608,7746930,85019994778684
209.2060,disk6w,380928,53,8067940
209.2060,ram,568754176,65294172160,282751
209.2060,cpu,15749284,22485137,540893553
209.2060,gpu,25,5,0
209.4060,disk0,927088871665664,2087987620,12838944100758641
209.4060,disk0w,2189311492096,19750600,1284753158449
209.4060,disk4,2491770599424,5053754,39557653854994
209.4060,disk4w,2195456,171,27582691
209.4060,disk8,3498873661440,3518542,47162724851579
209.4060,disk8w,320163840,41745,1705073465
209.4060,disk6,4706529228800,7749145,85030849791024
209.4060,disk6w,380928,53,8067940
209.4060,ram,568754176,65294172160,282751
209.4060,cpu,15749284,22485137,540893553
209.4060,gpu,34,7,0
209.6060,disk0,927090554089472,2087992132,12838951969153997
209.6060,disk0w,2189311492096,19750600,1284753158449
209.6060,disk4,2492349659136,5054896,39561811984739
209.6060,disk4w,2195456,171,27582691
209.6060,disk8,3499380516864,3519061,47163338122534
209.6060,disk8w,320163840,41745,1705073465
209.6060,disk6,4707885266944,7751357,85048471766010
209.6060,disk6w,380928,53,8067940
209.6060,ram,568754176,65294172160,282751
209.6060,cpu,15749284,22485137,540893553
209.6060,gpu,0,0,0
209.8060,disk0,927092384428032,2087995456,12838960288754139
209.8060,disk0w,2189311492096,19750600,1284753158449
209.8060,disk4,2492963813376,5056115,39566743758835
209.8060,disk4w,2195456,171,27582691
209.8060,disk8,3499882080256,3519575,47164240656692
209.8060,disk8w,320163840,41745,1705073465
209.8060,disk6,4709013932032,7753563,85062924890320
209.8060,disk6w,380928,53,8067940
209.8060,ram,568754176,65294172160,282751
209.8060,cpu,15749284,22485137,540893553
209.8060,gpu,0,0,0
210.0060,disk0,927094636478464,2088001602,12838974798488355
210.0060,disk0w,2189311492096,19750600,1284753158449
210.0060,disk4,2493609539584,5057438,39570142155439
210.0060,disk4w,2195456,171,27582691
210.0060,disk8,3500440954880,3520148,47165179464499
210.0060,disk8w,320163840,41745,1705073465
210.0060,disk6,4710374115328,7755536,85075554539789
210.0060,disk6w,380928,53,8067940
210.0060,ram,568754176,65294172160,282751
210.0060,cpu,15749284,22485137,540893553
210.0060,gpu,35,5,0
210.2060,disk0,927096772509696,2088005351,12838985138029056
210.2060,disk0w,2189311492096,19750600,1284753158449
210.2060,disk4,2494568200192,5059401,39582475809203
210.2060,disk4w,2195456,171,27582691
210.2060,disk8,3500928542720,3520648,47165755552673
210.2060,disk8w,320163840,41745,1705073465
210.2060,disk6,4711539705856,7756937,85081110998206
210.2060,disk6w,380928,53,8067940
210.2060,ram,582074368,65085374464,282751
210.2060,cpu,15749323,22485247,540895079
210.2060,gpu,27,5,0
210.4060,disk0,927098947960832,2088009348,12838993952937108
210.4060,disk0w,2189311492096,19750600,1284753158449
210.4060,disk4,2495429212160,5061163,39588969854900
210.4060,disk4w,2195456,171,27582691
210.4060,disk8,3501619816448,3521356,47166664852005
210.4060,disk8w,320163840,41745,1705073465
210.4060,disk6,4712934348800,7759133,85092730022134
210.4060,disk6w,380928,53,8067940
210.4060,ram,582074368,65085374464,282751
210.4060,cpu,15749323,22485247,540895079
210.4060,gpu,0,0,0
210.6060,disk0,927101290151936,2088014037,12839006995334580
210.6060,disk0w,2189311492096,19750600,1284753158449
210.6060,disk4,2496132151296,5062574,39593288271109
210.6060,disk4w,2195456,171,27582691
210.6060,disk8,3502184343552,3521935,47167276180445
210.6060,disk8w,320163840,41745,1705073465
210.6060,disk6,4714186545152,7761054,85104637229775
210.6060,disk6w,380928,53,8067940
210.6060,ram,582074368,65085374464,282751
210.6060,cpu,15749323,22485247,540895079
210.6060,gpu,29,7,0
210.8060,disk0,927103457017856,2088018722,12839021081732133
210.8060,disk0w,2189311492096,19750600,1284753158449
210.8060,disk4,2497008465920,5064282,39599228610431
210.8060,disk4w,2195456,171,27582691
210.8060,disk8,3502647289856,3522409,47167793393569
210.8060,disk8w,320163840,41745,1705073465
210.8060,disk6,4715373533184,7763149,85117002923423
210.8060,disk6w,380928,53,8067940
210.8060,ram,582074368,65085374464,282751
210.8060,cpu,15749323,22485247,540895079
210.8060,gpu,0,0,0
211.0022,disk0,927105571225600,2088023337,12839031150192178
211.0022,disk0w,2189311492096,19750600,1284753158449
211.0022,disk4,2497711405056,5065671,39603237565184
211.0022,disk4w,2195456,171,27582691
211.0022,disk8,3503211816960,3522988,47168449750252
211.0022,disk8w,320163840,41745,1705073465
211.0022,disk6,4716666902528,7765503,85133522571082
211.0022,disk6w,380928,53,8067940
211.0022,ram,582074368,65085374464,282751
211.0022,cpu,15749323,22485247,540895079
211.0022,gpu,33,5,0
211.2060,disk0,927107667849216,2088028318,12839041773225344
211.2060,disk0w,2189311492096,19750600,1284753158449
211.2060,disk4,2498472753152,5067175,39609437814046
211.2060,disk4w,2195456,171,27582691
211.2060,disk8,3503756290048,3523546,47169089248361
211.2060,disk8w,320163840,41745,1705073465
211.2060,disk6,4717969790976,7768160,85149972118500
211.2060,disk6w,380928,53,8067940
211.2060,ram,598917120,63695634432,282751
211.2060,cpu,15749369,22485380,540896783
211.2060,gpu,0,0,0
211.4043,disk0,927109589209088,2088038442,12839058757877986
211.4043,disk0w,2189311492096,19750600,1284753158449
211.4043,disk4,2499131684864,5068516,39614605914060
211.4043,disk4w,2195456,171,27582691
211.4043,disk8,3504291948544,3524095,47169910453180
211.4043,disk8w,320163840,41745,1705073465
211.4043,disk6,4719104432128,7770001,85159850433684
211.4043,disk6w,380928,53,8067940
211.4043,ram,598917120,63695634432,282751
211.4043,cpu,15749369,22485380,540896783
211.4043,gpu,0,0,0
211.6060,disk0,927112032256000,2088043423,12839072908581094
211.6060,disk0w,2189311492096,19750600,1284753158449
211.6060,disk4,2499886217216,5070063,39620001831331
211.6060,disk4w,2195456,171,27582691
211.6060,disk8,3504748603392,3524563,47170408055439
211.6060,disk8w,320163840,41745,1705073465
211.6060,disk6,4720290551808,7771535,85167385389216
211.6060,disk6w,380928,53,8067940
211.6060,ram,598917120,63695634432,282751
211.6060,cpu,15749369,22485380,540896783
211.6060,gpu,25,6,0
211.8060,disk0,927114106994688,2088047070,12839081865567639
211.8060,disk0w,2189311492096,19750600,1284753158449
211.8060,disk4,2500794243072,5071922,39630204772251
211.8060,disk4w,2195456,171,27582691
211.8060,disk8,3505310640128,3525139,47171074528027
211.8060,disk8w,320163840,41745,1705073465
211.8060,disk6,4721529870336,7773277,85175744564382
211.8060,disk6w,380928,53,8067940
211.8060,ram,598917120,63695634432,282751
211.8060,cpu,15749369,22485380,540896783
211.8060,gpu,0,0,0
212.0060,disk0,927116217786368,2088051129,12839093541734192
212.0060,disk0w,2189311492096,19750600,1284753158449
212.0060,disk4,2501360187392,5073080,39633842342501
212.0060,disk4w,2195456,171,27582691
212.0060,disk8,3505888798720,3525731,47171847486365
212.0060,disk8w,320163840,41745,1705073465
212.0060,disk6,4722825930752,7775130,85187016442147
212.0060,disk6w,380928,53,8067940
212.0060,ram,598917120,63695634432,282751
212.0060,cpu,15749369,22485380,540896783
212.0060,gpu,0,0,0
212.2030,disk0,927118425653248,2088055838,12839108224417609
212.2030,disk0w,2189311492096,19750600,1284753158449
212.2030,disk4,2502062094336,5074442,39637802824348
212.2030,disk4w,2195456,171,27582691
212.2030,disk8,3506469840896,3526327,47172594553081
212.2030,disk8w,320163840,41745,1705073465
212.2030,disk6,4724006692864,7777248,85199233772094
212.2030,disk6w,380928,53,8067940
212.2030,ram,607830016,65294417920,282751
212.2030,cpu,15749414,22485508,540898391
212.2030,gpu,45,6,0
212.4021,disk0,927120817934336,2088061306,12839123047270287
212.4021,disk0w,2189311492096,19750600,1284753158449
212.4021,disk4,2502921910272,5076142,39646840891501
212.4021,disk4w,2195456,171,27582691
212.4021,disk8,3507084568576,3526957,47173391641789
212.4021,disk8w,320163840,41745,1705073465
212.4021,disk6,4725171251200,7779365,85207767462755
212.4021,disk6w,380928,53,8067940
212.4021,ram,607830016,65294417920,282751
212.4021,cpu,15749414,22485508,540898391
212.4021,gpu,0,0,0
212.6018,disk0,927122441068544,2088069093,12839131440077951
212.6018,disk0w,2189311492096,19750600,1284753158449
212.6018,disk4,2503448328192,5077182,39649568637868
212.6018,disk4w,2195456,171,27582691
212.6018,disk8,3507629041664,3527515,47174116832009
212.6018,disk8w,320163840,41745,1705073465
212.6018,disk6,4726525552640,7781739,85225796585998
212.6018,disk6w,380928,53,8067940
212.6018,ram,607830016,65294417920,282751
212.6018,cpu,15749414,22485508,540898391
212.6018,gpu,40,7,0
212.8061,disk0,927124535898112,2088073096,12839145261601349
212.8061,disk0w,2189311492096,19750600,1284753158449
212.8061,disk4,2504137390080,5078557,39654921274654
212.8061,disk4w,2195456,171,27582691
212.8061,disk8,3508217358336,3528118,47175612301042
212.8061,disk8w,320163840,41745,1705073465
212.8061,disk6,4727507806208,7783607,85235715722765
212.8061,disk6w,380928,53,8067940
212.8061,ram,607830016,65294417920,282751
212.8061,cpu,15749414,22485508,540898391
212.8061,gpu,0,0,0
213.0061,disk0,927126873993216,2088079557,12839162089986895
213.0061,disk0w,2189311492096,19750600,1284753158449
213.0061,disk4,2504863512576,5080046,39661753887159
213.0061,disk4w,2195456,171,27582691
213.0061,disk8,3508747413504,3528661,47176354597527
213.0061,disk8w,320163840,41745,1705073465
213.0061,disk6,4728753301504,7785311,85243342883755
213.0061,disk6w,380928,53,8067940
213.0061,ram,607830016,65294417920,282751
213.0061,cpu,15749414,22485508,540898391
213.0061,gpu,29,7,0
213.2061,disk0,927129081507840,2088083164,12839172370020654
213.2061,disk0w,2189311492096,19750600,1284753158449
213.2061,disk4,2505703159808,5081766,39669125016214
213.2061,disk4w,2195456,171,27582691
213.2061,disk8,3509464377344,3529396,47177328820125
213.2061,disk8w,320163840,41745,1705073465
213.2061,disk6,4730019719168,7786964,85251420515494
213.2061,disk6w,380928,53,8067940
213.2061,ram,613908480,65191526400,282751
213.2061,cpu,15749463,22485657,540899971
213.2061,gpu,38,6,0
213.4061,disk0,927131438510080,2088087831,12839185475661230
213.4061,disk0w,2189311492096,19750600,1284753158449
213.4061,disk4,2506577000448,5083557,39675227671981
213.4061,disk4w,2195456,171,27582691
213.4061,disk8,3510114232320,3530062,47178370593356
213.4061,disk8w,320163840,41745,1705073465
213.4061,disk6,4731345020928,7788943,85260989898279
213.4061,disk6w,380928,53,8067940
213.4061,ram,613908480,65191526400,282751
213.4061,cpu,15749463,22485657,540899971
213.4061,gpu,0,0,0
213.6061,disk0,927133398245376,2088091686,12839195044730913
213.6061,disk0w,2189311492096,19750600,1284753158449
213.6061,disk4,2507203459072,5084786,39678058897526
213.6061,disk4w,2195456,171,27582691
213.6061,disk8,3510667487232,3530629,47179048254341
213.6061,disk8w,320163840,41745,1705073465
213.6061,disk6,4732730583040,7791233,85277657192235
213.6061,disk6w,380928,53,8067940
213.6061,ram,613908480,65191526400,282751
213.6061,cpu,15749463,22485657,540899971
213.6061,gpu,0,0,0
213.8061,disk0,927135518785536,2088096201,12839210166853793
213.8061,disk0w,2189311492096,19750600,1284753158449
213.8061,disk4,2507948685312,5086250,39682537077254
213.8061,disk4w,2195456,171,27582691
213.8061,disk8,3511097796608,3531070,47179497196901
213.8061,disk8w,320163840,41745,1705073465
213.8061,disk6,4733872453632,7793316,85289770192650
213.8061,disk6w,380928,53,8067940
213.8061,ram,613908480,65191526400,282751
213.8061,cpu,15749463,22485657,540899971
213.8061,gpu,35,7,0
214.0061,disk0,927137516044288,2088101637,12839220961346853
214.0061,disk0w,2189311492096,19750600,1284753158449
214.0061,disk4,2508817807360,5087963,39692144461985
214.0061,disk4w,2195456,171,27582691
214.0061,disk8,3511671760896,3531658,47180229098577
214.0061,disk8w,320163840,41745,1705073465
214.0061,disk6,4735076857856,7795328,85301077266070
214.0061,disk6w,380928,53,8067940
214.0061,ram,613908480,65191526400,282751
214.0061,cpu,15749463,22485657,540899971
214.0061,gpu,32,6,0
214.2018,disk0,927139366076416,2088104949,12839228661266242
214.2018,disk0w,2189311492096,19750600,1284753158449
214.2018,disk4,2509557413888,5089433,39698317275652
214.2018,disk4w,2195456,171,27582691
214.2018,disk8,3512226326528,3532225,47181048996762
214.2018,disk8w,320163840,41745,1705073465
214.2018,disk6,4736166918144,7797647,85313322626586
214.2018,disk6w,380928,53,8067940
214.2018,ram,620593152,63667716096,282751
214.2018,cpu,15749511,22485782,540901545
214.2018,gpu,33,5,0
214.4061,disk0,927141333475328,2088112463,12839242979284685
214.4061,disk0w,2189311492096,19750600,1284753158449
214.4061,disk4,2510295447552,5090946,39706734571187
214.4061,disk4w,2195456,171,27582691
214.4061,disk8,3512772618240,3532786,47181836290022
214.4061,disk8w,320163840,41745,1705073465
214.4061,disk6,4737398994944,7799423,85324148389897
214.4061,disk6w,380928,53,8067940
214.4061,ram,620593152,63667716096,282751
214.4061,cpu,15749511,22485782,540901545
214.4061,gpu,0,0,0
214.6061,disk0,927143716921344,2088116453,12839257449790609
214.6061,disk0w,2189311492096,19750600,1284753158449
214.6061,disk4,2511236700160,5092872,39714776541867
214.6061,disk4w,2195456,171,27582691
214.6061,disk8,3513433745408,3533464,47182601197801
214.6061,disk8w,320163840,41745,1705073465
214.6061,disk6,4738461579264,7800776,85329161692188
214.6061,disk6w,380928,53,8067940
214.6061,ram,620593152,63667716096,282751
214.6061,cpu,15749511,22485782,540901545
214.6061,gpu,0,0,0
214.8061,disk0,927145675796480,2088120019,12839263705394171
214.8061,disk0w,2189311492096,19750600,1284753158449
214.8061,disk4,2512028956672,5094495,39722076064557
214.8061,disk4w,2195456,171,27582691
214.8061,disk8,3514004563968,3534049,47183318120606
214.8061,disk8w,320163840,41745,1705073465
214.8061,disk6,4739755390976,7802677,85342149457753
214.8061,disk6w,380928,53,8067940
214.8061,ram,620593152,63667716096,282751
214.8061,cpu,15749511,22485782,540901545
214.8061,gpu,0,0,0
215.0061,disk0,927148033044480,2088124500,12839280383802545
215.0061,disk0w,2189311492096,19750600,1284753158449
215.0061,disk4,2512648894464,5095740,39724873108082
215.0061,disk4w,2195456,171,27582691
215.0061,disk8,3514575382528,3534634,47184169713788
215.0061,disk8w,320163840,41745,1705073465
215.0061,disk6,4740984633344,7804515,85351714006003
215.0061,disk6w,380928,53,8067940
215.0061,ram,620593152,63667716096,282751
215.0061,cpu,15749511,22485782,540901545
215.0061,gpu,0,0,0
215.2061,disk0,927150397632512,2088129606,12839296554998146
215.2061,disk0w,2189311492096,19750600,1284753158449
215.2061,disk4,2513295505408,5097001,39727987482115
215.2061,disk4w,2195456,171,27582691
215.2061,disk8,3515128637440,3535201,47184768198476
215.2061,disk8w,320163840,41745,1705073465
215.2061,disk6,4742287046656,7806902,85364731241452
215.2061,disk6w,380928,53,8067940
215.2061,ram,648806400,65310785536,282751
215.2061,cpu,15749554,22485909,540903256
215.2061,gpu,0,0,0
215.4061,disk0,927152338268160,2088133785,12839308308996166
215.4061,disk0w,2189311492096,19750600,1284753158449
215.4061,disk4,2514111461376,5098611,39734617059354
215.4061,disk4w,2195456,171,27582691
215.4061,disk8,3515532601344,3535615,47185199080548
215.4061,disk8w,320163840,41745,1705073465
215.4061,disk6,4743510702080,7809052,85378850871629
215.4061,disk6w,380928,53,8067940
215.4061,ram,648806400,65310785536,282751
215.4061,cpu,15749554,22485909,540903256
215.4061,gpu,37,6,0
215.6061,disk0,927154478772224,2088138857,12839319997757682
215.6061,disk0w,2189311492096,19750600,1284753158449
215.6061,disk4,2514882099200,5100134,39740048142684
215.6061,disk4w,2195456,171,27582691
215.6061,disk8,3516138547200,3536236,47186106379922
215.6061,disk8w,320163840,41745,1705073465
215.6061,disk6,4744817637376,7811630,85393415559057
215.6061,disk6w,380928,53,8067940
215.6061,ram,648806400,65310785536,282751
215.6061,cpu,15749554,22485909,540903256
215.6061,gpu,38,6,0
215.8022,disk0,927156374085632,2088143301,12839332347189574
215.8022,disk0w,2189311492096,19750600,1284753158449
215.8022,disk4,2515703306240,5101804,39749428275590
215.8022,disk4w,2195456,171,27582691
215.8022,disk8,3516674189312,3536785,47187174365696
215.8022,disk8w,320163840,41745,1705073465
215.8022,disk6,4745726539776,7813032,85398483535923
215.8022,disk6w,380928,53,8067940
215.8022,ram,648806400,65310785536,282751
215.8022,cpu,15749554,22485909,540903256
215.8022,gpu,26,6,0
216.0061,disk0,927158918541312,2088148075,12839349398934273
216.0061,disk0w,2189311508480,19750604,1284753260489
216.0061,disk4,2516460697600,5103354,39756094399608
216.0061,disk4w,2195456,171,27582691
216.0061,disk8,3517245007872,3537370,47187926924787
216.0061,disk8w,320163840,41745,1705073465
216.0061,disk6,4746808571904,7814431,85403454624497
216.0061,disk6w,380928,53,8067940
216.0061,ram,648806400,65310785536,282751
216.0061,cpu,15749554,22485909,540903256
216.0061,gpu,32,5,0
216.2061,disk0,927160960806912,2088151900,12839358085663794
216.2061,disk0w,2189311508480,19750604,1284753260489
216.2061,disk4,2517348800512,5105175,39764819166747
216.2061,disk4w,2195456,171,27582691
216.2061,disk8,3517877299200,3538018,47188757300953
216.2061,disk8w,320163840,41745,1705073465
216.2061,disk6,4748051052544,7816182,85413278615627
216.2061,disk6w,380928,53,8067940
216.2061,ram,641957888,65203617792,282751
216.2061,cpu,15749597,22486035,540904841
216.2061,gpu,0,0,0
216.4060,disk0,927163409367040,2088156462,12839374782883394
216.4060,disk0w,2189311508480,19750604,1284753260489
216.4060,disk4,2517995042816,5106497,39767891870646
216.4060,disk4w,2195456,171,27582691
216.4060,disk8,3518465681408,3538621,47189510801831
216.4060,disk8w,320163840,41745,1705073465
216.4060,disk6,4749247154176,7817998,85422038416691
216.4060,disk6w,380928,53,8067940
216.4060,ram,641957888,65203617792,282751
216.4060,cpu,15749597,22486035,540904841
216.4060,gpu,0,0,0
216.6061,disk0,927165513940992,2088160629,12839385035656528
216.6061,disk0w,2189311508480,19750604,1284753260489
216.6061,disk4,2518591649792,5107653,39771550514688
216.6061,disk4w,2195456,171,27582691
216.6061,disk8,3519028766720,3539198,47190182425799
216.6061,disk8w,320163840,41745,1705073465
216.6061,disk6,4750633818112,7820577,85438417315078
216.6061,disk6w,380928,53,8067940
216.6061,ram,641957888,65203617792,282751
216.6061,cpu,15749597,22486035,540904841
216.6061,gpu,0,0,0
216.8061,disk0,927167752290304,2088165427,12839399933500222
216.8061,disk0w,2189311508480,19750604,1284753260489
216.8061,disk4,2519153162240,5108763,39773932134315
216.8061,disk4w,2195456,171,27582691
216.8061,disk8,3519651227648,3539836,47191118521417
216.8061,disk8w,320163840,41745,1705073465
216.8061,disk6,4751935019008,7823019,85453963081951
216.8061,disk6w,380928,53,8067940
216.8061,ram,641957888,65203617792,282751
216.8061,cpu,15749597,22486035,540904841
216.8061,gpu,0,0,0
217.0061,disk0,927169860386816,2088172176,12839416532970478
217.0061,disk0w,2189311508480,19750604,1284753260489
217.0061,disk4,2519811291136,5110064,39777481637622
217.0061,disk4w,2195456,171,27582691
217.0061,disk8,3520327428096,3540529,47192060821889
217.0061,disk8w,320163840,41745,1705073465
217.0061,disk6,4753143240704,7825059,85465908376074
217.0061,disk6w,380928,53,8067940
217.0061,ram,641957888,65203617792,282751
217.0061,cpu,15749597,22486035,540904841
217.0061,gpu,0,0,0
217.2061,disk0,927171523923968,2088175277,12839424895058649
217.2061,disk0w,2189311508480,19750604,1284753260489
217.2061,disk4,2520632899584,5111696,39786111352584
217.2061,disk4w,2195456,171,27582691
217.2061,disk8,3520826992640,3541041,47193557820774
217.2061,disk8w,320163840,41745,1705073465
217.2061,disk6,4754100348928,7827067,85476999778371
217.2061,disk6w,380928,53,8067940
217.2061,ram,645873664,63693144064,282751
217.2061,cpu,15749637,22486157,540906490
217.2061,gpu,0,0,0
217.4037,disk0,927173813686272,2088182183,12839440176447000
217.4037,disk0w,2189311508480,19750604,1284753260489
217.4037,disk4,2521348823040,5113165,39791389119939
217.4037,disk4w,2195456,171,27582691
217.4037,disk8,3521451403264,3541681,47194949114804
217.4037,disk8w,320163840,41745,1705073465
217.4037,disk6,4755223046144,7828769,85484676963427
217.4037,disk6w,380928,53,8067940
217.4037,ram,645873664,63693144064,282751
217.4037,cpu,15749638,22486159,540906526
217.4037,gpu,0,0,0
217.6048,disk0,927176094539776,2088185943,12839452456954442
217.6048,disk0w,2189311508480,19750604,1284753260489
217.6048,disk4,2522180073472,5114868,39797655973131
217.6048,disk4w,2195456,171,27582691
217.6048,disk8,3522162731008,3542410,47195961420860
217.6048,disk8w,320163840,41745,1705073465
217.6048,disk6,4756437116928,7830291,85491864647542
217.6048,disk6w,380928,53,8067940
217.6048,ram,645873664,63693144064,282751
217.6048,cpu,15749638,22486159,540906526
217.6048,gpu,27,5,0
217.8061,disk0,927178243452928,2088190027,12839462998694168
217.8061,disk0w,2189311508480,19750604,1284753260489
217.8061,disk4,2523156420608,5116870,39809333669747
217.8061,disk4w,2195456,171,27582691
217.8061,disk8,3522707204096,3542968,47196625893970
217.8061,disk8w,320163840,41745,1705073465
217.8061,disk6,4757470603264,7832018,85499213897376
217.8061,disk6w,380928,53,8067940
217.8061,ram,645873664,63693144064,282751
217.8061,cpu,15749638,22486159,540906526
217.8061,gpu,44,5,0
218.0061,disk0,927180564615168,2088194932,12839476784337971
218.0061,disk0w,2189311508480,19750604,1284753260489
218.0061,disk4,2523931277312,5118414,39814299680111
218.0061,disk4w,2195456,171,27582691
218.0061,disk8,3523278022656,3543553,47197271669020
218.0061,disk8w,320163840,41745,1705073465
218.0061,disk6,4758669993984,7833832,85507757516155
218.0061,disk6w,380928,53,8067940
218.0061,ram,645873664,63693144064,282751
218.0061,cpu,15749638,22486159,540906526
218.0061,gpu,40,8,0
218.2061,disk0,927182524911616,2088199113,12839489013006337
218.2061,disk0w,2189311508480,19750604,1284753260489
218.2061,disk4,2524753377280,5120019,39819422244860
218.2061,disk4w,2195456,171,27582691
218.2061,disk8,3523681986560,3543967,47197762366083
218.2061,disk8w,320163840,41745,1705073465
218.2061,disk6,4759944734720,7836186,85523226462763
218.2061,disk6w,380928,53,8067940
218.2061,ram,643743744,65328332800,282751
218.2061,cpu,15749686,22486308,540908038
218.2061,gpu,0,0,0
218.4057,disk0,927184339468288,2088203196,12839498073626439
218.4057,disk0w,2189311508480,19750604,1284753260489
218.4057,disk4,2525575477248,5121646,39825019864441
218.4057,disk4w,2195456,171,27582691
218.4057,disk8,3524226459648,3544525,47198451818437
218.4057,disk8w,320163840,41745,1705073465
218.4057,disk6,4761216985088,7838252,85536976557992
218.4057,disk6w,380928,53,8067940
218.4057,ram,643743744,65328332800,282751
218.4057,cpu,15749686,22486308,540908038
218.4057,gpu,0,0,0
218.6061,disk0,927186419855360,2088207998,12839508187280221
218.6061,disk0w,2189311516672,19750606,1284753308738
218.6061,disk4,2526435293184,5123344,39830824182004
218.6061,disk4w,2195456,171,27582691
218.6061,disk8,3524937787392,3545254,47199562205829
218.6061,disk8w,320163840,41745,1705073465
218.6061,disk6,4762580101120,7841043,85552288491304
218.6061,disk6w,380928,53,8067940
218.6061,ram,643743744,65328332800,282751
218.6061,cpu,15749686,22486308,540908038
218.6061,gpu,43,5,0
218.8061,disk0,927188258725888,2088216718,12839524624943309
218.8061,disk0w,2189311516672,19750606,1284753308738
218.8061,disk4,2527093848064,5124694,39836525658955
218.8061,disk4w,2195456,171,27582691
218.8061,disk8,3525438302208,3545767,47200690860366
218.8061,disk8w,320163840,41745,1705073465
218.8061,disk6,4763672307712,7842782,85560545409079
218.8061,disk6w,380928,53,8067940
218.8061,ram,643743744,65328332800,282751
218.8061,cpu,15749686,22486308,540908038
218.8061,gpu,0,0,0
219.0061,disk0,927190729547776,2088220889,12839539152044699
219.0061,disk0w,2189311533056,19750608,1284753345779
219.0061,disk4,2527953664000,5126455,39842602874580
219.0061,disk4w,2195456,171,27582691
219.0061,disk8,3526035466240,3546379,47201559942953
219.0061,disk8w,320163840,41745,1705073465
219.0061,disk6,4764849825792,7844179,85566451886162
219.0061,disk6w,380928,53,8067940
219.0061,ram,643743744,65328332800,282751
219.0061,cpu,15749686,22486308,540908038
219.0061,gpu,38,6,0
219.2061,disk0,927192911585280,2088225063,12839548619357539
219.2061,disk0w,2189311533056,19750608,1284753345779
219.2061,disk4,2528632895488,5127848,39847861478279
219.2061,disk4w,2195456,171,27582691
219.2061,disk8,3526685321216,3547045,47202391313313
219.2061,disk8w,320163840,41745,1705073465
219.2061,disk6,4766221346816,7846391,85579863137447
219.2061,disk6w,380928,53,8067940
219.2061,ram,611155968,65245003776,282751
219.2061,cpu,15749737,22486445,540909657
219.2061,gpu,36,5,0
219.4060,disk0,927194903056384,2088229098,12839562394923331
219.4060,disk0w,2189311533056,19750608,1284753345779
219.4060,disk4,2529058617344,5128721,39849494092743
219.4060,disk4w,2195456,171,27582691
219.4060,disk8,3527260334080,3547634,47203067409864
219.4060,disk8w,320163840,41745,1705073465
219.4060,disk6,4767471872000,7848230,85594309817809
219.4060,disk6w,380928,53,8067940
219.4060,ram,611155968,65245003776,282751
219.4060,cpu,15749737,22486446,540909660
219.4060,gpu,0,0,0
219.6061,disk0,927197135335424,2088233451,12839575964392039
219.6061,disk0w,2189311533056,19750608,1284753345779
219.6061,disk4,2529830696960,5130219,39853899330963
219.6061,disk4w,2195456,171,27582691
219.6061,disk8,3527835740160,3548224,47203728336421
219.6061,disk8w,320163840,41745,1705073465
219.6061,disk6,4768812804096,7850672,85606601734168
219.6061,disk6w,380928,53,8067940
219.6061,ram,611155968,65245003776,282751
219.6061,cpu,15749737,22486446,540909660
219.6061,gpu,29,5,0
219.8061,disk0,927199574863872,2088238750,12839592254087642
219.8061,disk0w,2189311533056,19750608,1284753345779
219.8061,disk4,2530567682048,5131670,39857561660023
219.8061,disk4w,2195456,171,27582691
219.8061,disk8,3528500668416,3548905,47204665283984
219.8061,disk8w,320163840,41745,1705073465
219.8061,disk6,4769999943680,7852859,85617915995074
219.8061,disk6w,380928,53,8067940
219.8061,ram,611155968,65245003776,282751
219.8061,cpu,15749737,22486446,540909660
219.8061,gpu,35,7,0
220.0061,disk0,927201612083200,2088243527,12839603291565981
220.0061,disk0w,2189311533056,19750608,1284753345779
220.0061,disk4,2531125942272,5132773,39860361330997
220.0061,disk4w,2195456,171,27582691
220.0061,disk8,3529153013760,3549574,47205568089131
220.0061,disk8w,320163840,41745,1705073465
220.0061,disk6,4771361503232,7855189,85634540030078
220.0061,disk6w,380928,53,8067940
220.0061,ram,611155968,65245003776,282751
220.0061,cpu,15749737,22486446,540909660
220.0061,gpu,29,5,0
220.2061,disk0,927203751280640,2088247566,12839620742067058
220.2061,disk0w,2189313716224,19751006,1284762187979
220.2061,disk4,2531804772352,5134131,39865733109118
220.2061,disk4w,2195456,171,27582691
220.2061,disk8,3529667553280,3550101,47206631635033
220.2061,disk8w,320163840,41745,1705073465
220.2061,disk6,4772262819840,7856909,85640479178752
220.2061,disk6w,380928,53,8067940
220.2061,ram,391528448,65437073408,282751
220.2061,cpu,15749782,22486576,540911268
220.2061,gpu,0,0,0
220.4035,disk0,927205943349248,2088256541,12839634027279379
220.4035,disk0w,2189313716224,19751006,1284762187979
220.4035,disk4,2532472616960,5135499,39871412361111
220.4035,disk4w,2195456,171,27582691
220.4035,disk8,3530356074496,3550807,47207659265383
220.4035,disk8w,320163840,41745,1705073465
220.4035,disk6,4773555058688,7858679,85650250060870
220.4035,disk6w,380928,53,8067940
220.4035,ram,391528448,65437073408,282751
220.4035,cpu,15749782,22486581,540911352
220.4035,gpu,31,5,0
220.6061,disk0,927208044466176,2088259991,12839641850860767
220.6061,disk0w,2189313716224,19751006,1284762187979
220.6061,disk4,2533173458944,5136935,39875679218817
220.6061,disk4w,2195456,171,27582691
220.6061,disk8,3531097942016,3551567,47209197977217
220.6061,disk8w,320163840,41745,1705073465
220.6061,disk6,4774937180160,7860420,85661098701215
220.6061,disk6w,380928,53,8067940
220.6061,ram,391528448,65437073408,282751
220.6061,cpu,15749782,22486581,540911352
220.6061,gpu,46,8,0
220.8061,disk0,927210366193664,2088264706,12839657993604327
220.8061,disk0w,2189313716224,19751006,1284762187979
220.8061,disk4,2533787613184,5138195,39880539895935
220.8061,disk4w,2195456,171,27582691
220.8061,disk8,3531620657152,3552103,47209814165082
220.8061,disk8w,320163840,41745,1705073465
220.8061,disk6,4776119269376,7862191,85669942189760
220.8061,disk6w,380928,53,8067940
220.8061,ram,391528448,65437073408,282751
220.8061,cpu,15749782,22486581,540911352
220.8061,gpu,0,0,0
221.0026,disk0,927212593991680,2088269386,12839672763808152
221.0026,disk0w,2189313716224,19751006,1284762187979
221.0026,disk4,2534471956480,5139557,39883849677114
221.0026,disk4w,2195456,171,27582691
221.0026,disk8,3532161591296,3552657,47210442490028
221.0026,disk8w,320163840,41745,1705073465
221.0026,disk6,4777460316160,7864328,85681990729753
221.0026,disk6w,380928,53,8067940
221.0026,ram,391528448,65437073408,282751
221.0026,cpu,15749782,22486581,540911352
221.0026,gpu,0,0,0
221.2061,disk0,927214722207744,2088273769,12839682408060269
221.2061,disk0w,2189313716224,19751006,1284762187979
221.2061,disk4,2535086110720,5140757,39887033501831
221.2061,disk4w,2195456,171,27582691
221.2061,disk8,3532762294272,3553273,47211193596326
221.2061,disk8w,320163840,41745,1705073465
221.2061,disk6,4778853955584,7866678,85699543885923
221.2061,disk6w,380928,53,8067940
221.2061,ram,387448832,65672855552,282751
221.2061,cpu,15749815,22486696,540912892
221.2061,gpu,0,0,0
221.4061,disk0,927216747016192,2088278283,12839695626841437
221.4061,disk0w,2189318561792,19751207,1284766083203
221.4061,disk4,2535673714688,5141919,39889803994241
221.4061,disk4w,2195456,171,27582691
221.4061,disk8,3533245294592,3553768,47211801026378
221.4061,disk8w,320163840,41745,1705073465
221.4061,disk6,4780063619072,7868642,85713574485743
221.4061,disk6w,380928,53,8067940
221.4061,ram,387448832,65672855552,282751
221.4061,cpu,15749817,22486706,540912976
221.4061,gpu,0,0,0
221.6013,disk0,927218922565632,2088283146,12839708256474035
221.6013,disk0w,2189318561792,19751207,1284766083203
221.6013,disk4,2536279324672,5143119,39894709723741
221.6013,disk4w,2195456,171,27582691
221.6013,disk8,3533903931392,3554443,47212670589290
221.6013,disk8w,320163840,41745,1705073465
221.6013,disk6,4781358151680,7871279,85728238969361
221.6013,disk6w,380928,53,8067940
221.6013,ram,387448832,65672855552,282751
221.6013,cpu,15749817,22486706,540912976
221.6013,gpu,0,0,0
221.8043,disk0,927220703719424,2088286722,12839721472128919
221.8043,disk0w,2189319245824,19751277,1284767907051
221.8043,disk4,2536911026176,5144408,39900766996731
221.8043,disk4w,2195456,171,27582691
221.8043,disk8,3534369351680,3554920,47213294884874
221.8043,disk8w,320163840,41745,1705073465
221.8043,disk6,4782189590528,7872669,85734393655020
221.8043,disk6w,380928,53,8067940
221.8043,ram,387448832,65672855552,282751
221.8043,cpu,15749817,22486706,540912976
221.8043,gpu,0,0,0
222.0033,disk0,927222977908736,2088291568,12839736689942759
222.0033,disk0w,2189319245824,19751277,1284767907051
222.0033,disk4,2537753835520,5146134,39907630906150
222.0033,disk4w,2195456,171,27582691
222.0033,disk8,3534940170240,3555505,47213954406383
222.0033,disk8w,320163840,41745,1705073465
222.0033,disk6,4783310026752,7874144,85740780459685
222.0033,disk6w,380928,53,8067940
222.0033,ram,387448832,65672855552,282751
222.0033,cpu,15749817,22486706,540912976
222.0033,gpu,32,7,0
222.2061,disk0,927225233502208,2088295557,12839745750906047
222.2061,disk0w,2189319245824,19751277,1284767907051
222.2061,disk4,2538670487552,5148013,39916236016032
222.2061,disk4w,2195456,171,27582691
222.2061,disk8,3535502206976,3556081,47214637437228
222.2061,disk8w,320163840,41745,1705073465
222.2061,disk6,4784591779840,7876022,85751022174834
222.2061,disk6w,380928,53,8067940
222.2061,ram,410157056,65573994496,282751
222.2061,cpu,15749862,22486827,540914466
222.2061,gpu,28,5,0
222.4061,disk0,927227599073280,2088300530,12839761133949426
222.4061,disk0w,2189319245824,19751277,1284767907051
222.4061,disk4,2539429066752,5149570,39921779387088
222.4061,disk4w,2195456,171,27582691
222.4061,disk8,3536090589184,3556684,47215576835449
222.4061,disk8w,320163840,41745,1705073465
222.4061,disk6,4785755797504,7877813,85759905396585
222.4061,disk6w,380928,53,8067940
222.4061,ram,410157056,65573994496,282751
222.4061,cpu,15749862,22486827,540914466
222.4061,gpu,36,6,0
222.6061,disk0,927229723680768,2088304635,12839772069590756
222.6061,disk0w,2189319245824,19751277,1284767907051
222.6061,disk4,2540183222272,5151039,39926649746094
222.6061,disk4w,2195456,171,27582691
222.6061,disk8,3536582371328,3557188,47216213089879
222.6061,disk8w,320163840,41745,1705073465
222.6061,disk6,4787074856960,7880110,85774534005643
222.6061,disk6w,380928,53,8067940
222.6061,ram,410157056,65573994496,282751
222.6061,cpu,15749862,22486827,540914466
222.6061,gpu,42,6,0
222.8061,disk0,927231984852992,2088309554,12839785899218952
222.8061,disk0w,2189319245824,19751277,1284767907051
222.8061,disk4,2540727564288,5152111,39929635427562
222.8061,disk4w,2195456,171,27582691
222.8061,disk8,3537199196160,3557820,47217078583242
222.8061,disk8w,320163840,41745,1705073465
222.8061,disk6,4788414597120,7882508,85788118313528
222.8061,disk6w,380928,53,8067940
222.8061,ram,410157056,65573994496,282751
222.8061,cpu,15749862,22486827,540914466
222.8061,gpu,45,5,0
223.0061,disk0,927233839587328,2088316728,12839797703687379
223.0061,disk0w,2189319245824,19751277,1284767907051
223.0061,disk4,2541464549376,5153565,39933418862619
223.0061,disk4w,2195456,171,27582691
223.0061,disk8,3537851148288,3558488,47218014325439
223.0061,disk8w,320163840,41745,1705073465
223.0061,disk6,4789814773760,7884765,85803818515751
223.0061,disk6w,380928,53,8067940
223.0061,ram,410157056,65573994496,282751
223.0061,cpu,15749862,22486827,540914466
223.0061,gpu,0,0,0
223.2061,disk0,927235985547264,2088320708,12839809626569363
223.2061,disk0w,2189319245824,19751277,1284767907051
223.2061,disk4,2542148892672,5154922,39938814097711
223.2061,disk4w,2195456,171,27582691
223.2061,disk8,3538417772544,3559069,47218731856406
223.2061,disk8w,320163840,41745,1705073465
223.2061,disk6,4790915139584,7886992,85813998505483
223.2061,disk6w,380928,53,8067940
223.2061,ram,460177408,64836714496,282751
223.2061,cpu,15749919,22486984,540916064
223.2061,gpu,62,5,0
223.4061,disk0,927237967745024,2088330845,12839825406574731
223.4061,disk0w,2189319245824,19751277,1284767907051
223.4061,disk4,2543016441856,5156699,39946396490296
223.4061,disk4w,2195456,171,27582691
223.4061,disk8,3539032451072,3559699,47220109452326
223.4061,disk8w,320163840,41745,1705073465
223.4061,disk6,4792152000512,7888721,85823696234797
223.4061,disk6w,380928,53,8067940
223.4061,ram,460341248,64870236160,282751
223.4061,cpu,15749919,22486984,540916070
223.4061,gpu,0,0,0
223.6061,disk0,927240108683264,2088334394,12839837455780425
223.6061,disk0w,2189319245824,19751277,1284767907051
223.6061,disk4,2543851894784,5158411,39953314927810
223.6061,disk4w,2195456,171,27582691
223.6061,disk8,3539559360512,3560239,47220786794528
223.6061,disk8w,320163840,41745,1705073465
223.6061,disk6,4793284200448,7890041,85830418619396
223.6061,disk6w,380928,53,8067940
223.6061,ram,460341248,64870236160,282751
223.6061,cpu,15749919,22486984,540916070
223.6061,gpu,0,0,0
223.8017,disk0,927242292854784,2088338585,12839848768439257
223.8017,disk0w,2189319245824,19751277,1284767907051
223.8017,disk4,2544526555136,5159797,39958452247632
223.8017,disk4w,2195456,171,27582691
223.8017,disk8,3540051142656,3560743,47221373623159
223.8017,disk8w,320163840,41745,1705073465
223.8017,disk6,4794564216832,7891899,85841683711166
223.8017,disk6w,380928,53,8067940
223.8017,ram,460341248,64870236160,282751
223.8017,cpu,15749919,22486984,540916070
223.8017,gpu,0,0,0
224.0061,disk0,927244668362752,2088343391,12839866719359239
224.0061,disk0w,2189319245824,19751277,1284767907051
224.0061,disk4,2545052973056,5160868,39960595087526
224.0061,disk4w,2195456,171,27582691
224.0061,disk8,3540657088512,3561364,47222137846248
224.0061,disk8w,320163840,41745,1705073465
224.0061,disk6,4795855652864,7893712,85850929549185
224.0061,disk6w,380928,53,8067940
224.0061,ram,460341248,64870236160,282751
224.0061,cpu,15749919,22486984,540916070
224.0061,gpu,31,5,0
224.2061,disk0,927246906093568,2088347903,12839881326470404
224.2061,disk0w,2189319245824,19751277,1284767907051
224.2061,disk4,2545798739968,5162313,39965313401218
224.2061,disk4w,2195456,171,27582691
224.2061,disk8,3541157652480,3561877,47222736052368
224.2061,disk8w,320163840,41745,1705073465
224.2061,disk6,4797084948480,7896058,85861563059550
224.2061,disk6w,380928,53,8067940
224.2061,ram,392495104,65646575616,282751
224.2061,cpu,15749965,22487114,540917671
224.2061,gpu,0,0,0
224.4061,disk0,927248890249216,2088352227,12839893634113586
224.4061,disk0w,2189319245824,19751277,1284767907051
224.4061,disk4,2546605914112,5163909,39972277234784
224.4061,disk4w,2195456,171,27582691
224.4061,disk8,3541842634752,3562579,47223718758136
224.4061,disk8w,320163840,41745,1705073465
224.4061,disk6,4798350452736,7898498,85873441879617
224.4061,disk6w,380928,53,8067940
224.4061,ram,392495104,65646575616,282751
224.4061,cpu,15749965,22487120,540917808
224.4061,gpu,28,6,0
224.6061,disk0,927250958901248,2088358409,12839905507671629
224.6061,disk0w,2189319245824,19751277,1284767907051
224.6061,disk4,2547202521088,5165087,39975279152402
224.6061,disk4w,2195456,171,27582691
224.6061,disk8,3542483707904,3563236,47224432942752
224.6061,disk8w,320163840,41745,1705073465
224.6061,disk6,4799706245120,7900850,85891010319823
224.6061,disk6w,380928,53,8067940
224.6061,ram,392495104,65646575616,282751
224.6061,cpu,15749965,22487120,540917808
224.6061,gpu,31,6,0
224.8061,disk0,927252706234368,2088361722,12839913654869306
224.8061,disk0w,2189319245824,19751277,1284767907051
224.8061,disk4,2548101724160,5166888,39984881733701
224.8061,disk4w,2195456,171,27582691
224.8061,disk8,3543019350016,3563785,47225720971109
224.8061,disk8w,320163840,41745,1705073465
224.8061,disk6,4800774711296,7902906,85902592959311
224.8061,disk6w,380928,53,8067940
224.8061,ram,392495104,65646575616,282751
224.8061,cpu,15749965,22487120,540917808
224.8061,gpu,0,0,0
225.0061,disk0,927254565945344,2088371418,12839925915618731
225.0061,disk0w,2189319245824,19751277,1284767907051
225.0061,disk4,2548935268352,5168595,39991566929623
225.0061,disk4w,2195456,171,27582691
225.0061,disk8,3543616514048,3564397,47226436310656
225.0061,disk8w,320163840,41745,1705073465
225.0061,disk6,4802132948992,7904984,85915499192042
225.0061,disk6w,380928,53,8067940
225.0061,ram,392495104,65646575616,282751
225.0061,cpu,15749965,22487120,540917808
225.0061,gpu,0,0,0
225.2061,disk0,927256411209728,2088374422,12839930528277563
225.2061,disk0w,2189319245824,19751277,1284767907051
225.2061,disk4,2549766150144,5170299,39998369291545
225.2061,disk4w,2195456,171,27582691
225.2061,disk8,3544169768960,3564964,47227072279222
225.2061,disk8w,320163840,41745,1705073465
225.2061,disk6,4803511220224,7906705,85928371616591
225.2061,disk6w,380928,53,8067940
225.2061,ram,388677632,65555824640,282751
225.2061,cpu,15750003,22487238,540919287
225.2061,gpu,0,0,0
225.4061,disk0,927258726432768,2088378801,12839945600106916
225.4061,disk0w,2189319245824,19751277,1284767907051
225.4061,disk4,2550562830336,5171933,40003062146097
225.4061,disk4w,2195456,171,27582691
225.4061,disk8,3544723023872,3565531,47227797532128
225.4061,disk8w,320163840,41745,1705073465
225.4061,disk6,4804686985216,7908504,85938984460896
225.4061,disk6w,380928,53,8067940
225.4061,ram,388677632,65555824640,282751
225.4061,cpu,15750003,22487240,540919325
225.4061,gpu,28,6,0
225.6061,disk0,927261032955904,2088383413,12839961001583617
225.6061,disk0w,2189319245824,19751277,1284767907051
225.6061,disk4,2551337007104,5173470,40007649497670
225.6061,disk4w,2195456,171,27582691
225.6061,disk8,3545262909440,3566084,47228470137860
225.6061,disk8w,320163840,41745,1705073465
225.6061,disk6,4805918259200,7910529,85949841345190
225.6061,disk6w,380928,53,8067940
225.6061,ram,388677632,65555824640,282751
225.6061,cpu,15750003,22487240,540919325
225.6061,gpu,0,0,0
225.8061,disk0,927263051087872,2088387624,12839970620458014
225.8061,disk0w,2189319245824,19751277,1284767907051
225.8061,disk4,2552029067264,5174823,40012103647673
225.8061,disk4w,2195456,171,27582691
225.8061,disk8,3545899788288,3566737,47229569840430
225.8061,disk8w,320163840,41745,1705073465
225.8061,disk6,4807263565824,7912996,85967044854764
225.8061,disk6w,380928,53,8067940
225.8061,ram,388677632,65555824640,282751
225.8061,cpu,15750003,22487240,540919325
225.8061,gpu,27,7,0
226.0061,disk0,927265047171072,2088392409,12839980233081462
226.0061,disk0w,2189319245824,19751277,1284767907051
226.0061,disk4,2552861521920,5176464,40019809811892
226.0061,disk4w,2195456,171,27582691
226.0061,disk8,3546514515968,3567367,47230397801634
226.0061,disk8w,320163840,41745,1705073465
226.0061,disk6,4808533899264,7915221,85979270172447
226.0061,disk6w,380928,53,8067940
226.0061,ram,388677632,65555824640,282751
226.0061,cpu,15750003,22487240,540919325
226.0061,gpu,45,5,0
226.2061,disk0,927267400007680,2088398236,12839995362581369
226.2061,disk0w,2189319245824,19751277,1284767907051
226.2061,disk4,2553636747264,5178003,40025183579998
226.2061,disk4w,2195456,171,27582691
226.2061,disk8,3547138025472,3568006,47231145830215
226.2061,disk8w,320163840,41745,1705073465
226.2061,disk6,4809781753856,7917793,85991124194471
226.2061,disk6w,380928,53,8067940
226.2061,ram,414056448,63992446976,282751
226.2061,cpu,15750048,22487373,540920881
226.2061,gpu,0,0,0
226.4061,disk0,927269216968704,2088405917,12840011568363837
226.4061,disk0w,2189319245824,19751277,1284767907051
226.4061,disk4,2554151254016,5179055,40027938814395
226.4061,disk4w,2195456,171,27582691
226.4061,disk8,3547793041408,3568677,47233067384492
226.4061,disk8w,320163840,41745,1705073465
226.4061,disk6,4810842044416,7919486,86001970358241
226.4061,disk6w,380928,53,8067940
226.4061,ram,414056448,63992446976,282751
226.4061,cpu,15750048,22487375,540920919
226.4061,gpu,0,0,0
226.6061,disk0,927271570317312,2088409956,12840022573407620
226.6061,disk0w,2189319249920,19751278,1284767940342
226.6061,disk4,2554950187008,5180692,40033781473046
226.6061,disk4w,2195456,171,27582691
226.6061,disk8,3548323489792,3569221,47233640396312
226.6061,disk8w,320163840,41745,1705073465
226.6061,disk6,4812201392128,7921134,86010901151901
226.6061,disk6w,380928,53,8067940
226.6061,ram,414056448,63992446976,282751
226.6061,cpu,15750048,22487375,540920919
226.6061,gpu,26,6,0
226.8061,disk0,927273876594688,2088414423,12840036441237304
226.8061,disk0w,2189319249920,19751278,1284767940342
226.8061,disk4,2555423438848,5181663,40036600776164
226.8061,disk4w,2195456,171,27582691
226.8061,disk8,3548894308352,3569806,47234373637077
226.8061,disk8w,320163840,41745,1705073465
226.8061,disk6,4813504395264,7923196,86024124585568
226.8061,disk6w,380928,53,8067940
226.8061,ram,414056448,63992446976,282751
226.8061,cpu,15750048,22487375,540920919
226.8061,gpu,0,0,0
227.0024,disk0,927275965440000,2088418979,12840047447760353
227.0024,disk0w,2189319249920,19751278,1284767940342
227.0024,disk4,2556312729600,5183486,40047184996567
227.0024,disk4w,2195456,171,27582691
227.0024,disk8,3549447563264,3570373,47235026704218
227.0024,disk8w,320163840,41745,1705073465
227.0024,disk6,4814652831744,7925039,86032490161670
227.0024,disk6w,380928,53,8067940
227.0024,ram,414056448,63992446976,282751
227.0024,cpu,15750048,22487375,540920919
227.0024,gpu,0,0,0
227.2015,disk0,927278146957312,2088422954,12840058780038028
227.2015,disk0w,2189319249920,19751278,1284767940342
227.2015,disk4,2557182375936,5185173,40052189247252
227.2015,disk4w,2195456,171,27582691
227.2015,disk8,3550044727296,3570985,47235758405149
227.2015,disk8w,320163840,41745,1705073465
227.2015,disk6,4815889856512,7927273,86044977975375
227.2015,disk6w,380928,53,8067940
227.2015,ram,461406208,65302134784,282751
227.2015,cpu,15750048,22487375,540920919
227.2015,gpu,0,0,0
227.4061,disk0,927280316641280,2088427765,12840073346576544
227.4061,disk0w,2189319249920,19751278,1284767940342
227.4061,disk4,2557891844096,5186573,40056814970486
227.4061,disk4w,2195456,171,27582691
227.4061,disk8,3550650673152,3571606,47236701034078
227.4061,disk8w,320163840,41745,1705073465
227.4061,disk6,4817215158272,7929785,86058113013339
227.4061,disk6w,380928,53,8067940
227.4061,ram,462045184,65302134784,282751
227.4061,cpu,15750090,22487503,540922567
227.4061,gpu,30,5,0
227.6061,disk0,927282357342208,2088434053,12840086856350854
227.6061,disk0w,2189319249920,19751278,1284767940342
227.6061,disk4,2558574753792,5187921,40060788672325
227.6061,disk4w,2195456,171,27582691
227.6061,disk8,3551327922176,3572300,47237537632635
227.6061,disk8w,320163840,41745,1705073465
227.6061,disk6,4818560006144,7932066,86072881665005
227.6061,disk6w,380928,53,8067940
227.6061,ram,462045184,65302134784,282751
227.6061,cpu,15750090,22487503,540922567
227.6061,gpu,39,4,0
227.8061,disk0,927284290519040,2088437860,12840098966868482
227.8061,disk0w,2189319254016,19751279,1284767975258
227.8061,disk4,2559382312960,5189543,40067113789037
227.8061,disk4w,2195456,171,27582691
227.8061,disk8,3551941568512,3572929,47238491097438
227.8061,disk8w,320163840,41745,1705073465
227.8061,disk6,4819594704896,7933862,86081294058733
227.8061,disk6w,380928,53,8067940
227.8061,ram,462045184,65302134784,282751
227.8061,cpu,15750090,22487503,540922567
227.8061,gpu,30,4,0
228.0061,disk0,927286437785600,2088446265,12840110327997972
228.0061,disk0w,2189319258112,19751280,1284767991924
228.0061,disk4,2560117340160,5191049,40072428082996
228.0061,disk4w,2195456,171,27582691
228.0061,disk8,3552679241728,3573685,47239582104981
228.0061,disk8w,320163840,41745,1705073465
228.0061,disk6,4820945319936,7935800,86093274431817
228.0061,disk6w,380928,53,8067940
228.0061,ram,462045184,65302134784,282751
228.0061,cpu,15750090,22487503,540922567
228.0061,gpu,0,0,0
228.2024,disk0,927288411598848,2088449642,12840117250548116
228.2024,disk0w,2189319258112,19751280,1284767991924
228.2024,disk4,2560924514304,5192703,40079320078646
228.2024,disk4w,2195456,171,27582691
228.2024,disk8,3553135896576,3574153,47240145008702
228.2024,disk8w,320163840,41745,1705073465
228.2024,disk6,4822230611968,7937361,86104738398158
228.2024,disk6w,380928,53,8067940
228.2024,ram,476856320,65203585024,282751
228.2024,cpu,15750090,22487503,540922567
228.2024,gpu,0,0,0
228.4061,disk0,927290622914560,2088454194,12840129962460748
228.4061,disk0w,2189319258112,19751280,1284767991924
228.4061,disk4,2561813428224,5194526,40087910057679
228.4061,disk4w,2195456,171,27582691
228.4061,disk8,3553750624256,3574783,47240831360654
228.4061,disk8w,320163840,41745,1705073465
228.4061,disk6,4823528818688,7939308,86113688904472
228.4061,disk6w,380928,53,8067940
228.4061,ram,477954048,65203355648,282751
228.4061,cpu,15750158,22487672,540924211
228.4061,gpu,0,0,0
228.6061,disk0,927292883447808,2088459125,12840146727748532
228.6061,disk0w,2189319258112,19751280,1284767991924
228.6061,disk4,2562474964992,5195850,40092209918069
228.6061,disk4w,2195456,171,27582691
228.6061,disk8,3554280679424,3575326,47241450631934
228.6061,disk8w,320163840,41745,1705073465
228.6061,disk6,4824775444480,7941283,86123499925126
228.6061,disk6w,380928,53,8067940
228.6061,ram,477954048,65203355648,282751
228.6061,cpu,15750158,22487672,540924211
228.6061,gpu,0,0,0
228.8061,disk0,927294999162880,2088463517,12840159378905268
228.8061,disk0w,2189319258112,19751280,1284767991924
228.8061,disk4,2563306371072,5197470,40099542665195
228.8061,disk4w,2195456,171,27582691
228.8061,disk8,3554865915904,3575926,47242226661483
228.8061,disk8w,320163840,41745,1705073465
228.8061,disk6,4825958320128,7943216,86133437613568
228.8061,disk6w,380928,53,8067940
228.8061,ram,477954048,65203355648,282751
228.8061,cpu,15750158,22487672,540924211
228.8061,gpu,0,0,0
229.0061,disk0,927296765804544,2088467681,12840166481159185
229.0061,disk0w,2189319258112,19751280,1284767991924
229.0061,disk4,2564135663616,5199109,40106577427224
229.0061,disk4w,2195456,171,27582691
229.0061,disk8,3555580389376,3576658,47243439795109
229.0061,disk8w,320163840,41745,1705073465
229.0061,disk6,4827254511616,7945606,86148194157912
229.0061,disk6w,380928,53,8067940
229.0061,ram,477954048,65203355648,282751
229.0061,cpu,15750158,22487672,540924211
229.0061,gpu,0,0,0
229.2061,disk0,927298795864064,2088473704,12840179992366671
229.2061,disk0w,2189319258112,19751280,1284767991924
229.2061,disk4,2564872648704,5200566,40111122433939
229.2061,disk4w,2195456,171,27582691
229.2061,disk8,3556151207936,3577243,47244160632696
229.2061,disk8w,320163840,41745,1705073465
229.2061,disk6,4828389447680,7947557,86162377849126
229.2061,disk6w,380928,53,8067940
229.2061,ram,500367360,63646171136,282751
229.2061,cpu,15750158,22487672,540924211
229.2061,gpu,0,0,0
229.4061,disk0,927300832534528,2088477862,12840193288901234
229.4061,disk0w,2189319258112,19751280,1284767991924
229.4061,disk4,2565399066624,5201626,40115467197875
229.4061,disk4w,2195456,171,27582691
229.4061,disk8,3556678068224,3577783,47245191327597
229.4061,disk8w,320163840,41745,1705073465
229.4061,disk6,4829391706112,7949265,86170130908600
229.4061,disk6w,380928,53,8067940
229.4061,ram,500367360,63646171136,282751
229.4061,cpu,15750192,22487783,540925707
229.4061,gpu,0,0,0
229.6043,disk0,927303066984448,2088483166,12840206602905174
229.6043,disk0w,2189319258112,19751280,1284767991924
229.6043,disk4,2566081984512,5203025,40118988908077
229.6043,disk4w,2195456,171,27582691
229.6043,disk8,3557351122944,3578473,47246081458405
229.6043,disk8w,320163840,41745,1705073465
229.6043,disk6,4830573533184,7950866,86179939499194
229.6043,disk6w,380928,53,8067940
229.6043,ram,500367360,63646171136,282751
229.6043,cpu,15750192,22487783,540925707
229.6043,gpu,0,0,0
229.8058,disk0,927305189711872,2088486946,12840217368079491
229.8058,disk0w,2189319258112,19751280,1284767991924
229.8058,disk4,2566890584064,5204684,40124434458806
229.8058,disk4w,2195456,171,27582691
229.8058,disk8,3557904377856,3579040,47246884486952
229.8058,disk8w,320163840,41745,1705073465
229.8058,disk6,4831886796800,7952597,86190499599719
229.8058,disk6w,380928,53,8067940
229.8058,ram,500367360,63646171136,282751
229.8058,cpu,15750192,22487783,540925707
229.8058,gpu,0,0,0
230.0061,disk0,927307354796032,2088491677,12840230109739624
230.0061,disk0w,2189319258112,19751280,1284767991924
230.0061,disk4,2567754749952,5206454,40133031210711
230.0061,disk4w,2195456,171,27582691
230.0061,disk8,3558290778112,3579436,47247310276686
230.0061,disk8w,320163840,41745,1705073465
230.0061,disk6,4833160931328,7954401,86199319223090
230.0061,disk6w,380928,53,8067940
230.0061,ram,500367360,63646171136,282751
230.0061,cpu,15750192,22487783,540925707
230.0061,gpu,0,0,0
230.2047,disk0,927309435957248,2088496469,12840241839844861
230.2047,disk0w,2189319274496,19751284,1284768079172
230.2047,disk4,2568435283968,5207808,40137036448267
230.2047,disk4w,2195456,171,27582691
230.2047,disk8,3558817687552,3579976,47247914023832
230.2047,disk8w,320163840,41745,1705073465
230.2047,disk6,4834512300032,7956534,86214303130169
230.2047,disk6w,380928,53,8067940
230.2047,ram,515129344,65348698112,282751
230.2047,cpu,15750192,22487783,540925707
230.2047,gpu,0,0,0
230.4061,disk0,927311923060736,2088501514,12840258768594815
230.4061,disk0w,2189319274496,19751284,1284768079172
230.4061,disk4,2569042769920,5208993,40140896317281
230.4061,disk4w,2195456,171,27582691
230.4061,disk8,3559291906048,3580462,47248520985074
230.4061,disk8w,320163840,41745,1705073465
230.4061,disk6,4835678955520,7958575,86223480119746
230.4061,disk6w,380928,53,8067940
230.4061,ram,515293184,65348698112,282751
230.4061,cpu,15750235,22487907,540927392
230.4061,gpu,31,7,0
230.6061,disk0,927314025197568,2088507730,12840274970749838
230.6061,disk0w,2189319274496,19751284,1284768079172
230.6061,disk4,2569698482176,5210294,40143619227138
230.6061,disk4w,2195456,171,27582691
230.6061,disk8,3559933634560,3581119,47249300292941
230.6061,disk8w,320163840,41745,1705073465
230.6061,disk6,4836922505216,7960722,86237718792440
230.6061,disk6w,380928,53,8067940
230.6061,ram,515293184,65348698112,282751
230.6061,cpu,15750235,22487907,540927392
230.6061,gpu,0,0,0
230.8061,disk0,927316234694656,2088512050,12840287106756198
230.8061,disk0w,2189319274496,19751284,1284768079172
230.8061,disk4,2570224580608,5211336,40146174585164
230.8061,disk4w,2195456,171,27582691
230.8061,disk8,3560530143232,3581731,47250002999737
230.8061,disk8w,320163840,41745,1705073465
230.8061,disk6,4838204168192,7963314,86252584370588
230.8061,disk6w,380928,53,8067940
230.8061,ram,515293184,65348698112,282751
230.8061,cpu,15750235,22487907,540927392
230.8061,gpu,0,0,0
231.0061,disk0,927318203420672,2088516741,12840296990870667
231.0061,disk0w,2189319274496,19751284,1284768079172
231.0061,disk4,2570750998528,5212415,40150812673933
231.0061,disk4w,2195456,171,27582691
231.0061,disk8,3561171150848,3582388,47251604253808
231.0061,disk8w,320163840,41745,1705073465
231.0061,disk6,4839449729024,7965283,86266108496260
231.0061,disk6w,380928,53,8067940
231.0061,ram,515293184,65348698112,282751
231.0061,cpu,15750235,22487907,540927392
231.0061,gpu,0,0,0
231.2061,disk0,927320634347520,2088521273,12840314083680322
231.2061,disk0w,2189319274496,19751284,1284768079172
231.2061,disk4,2571406415872,5213758,40154609617454
231.2061,disk4w,2195456,171,27582691
231.2061,disk8,3561820612608,3583053,47252494302515
231.2061,disk8w,320163840,41745,1705073465
231.2061,disk6,4840607209472,7966625,86272954852526
231.2061,disk6w,380928,53,8067940
231.2061,ram,532905984,65201766400,282751
231.2061,cpu,15750235,22487907,540927392
231.2061,gpu,0,0,0
231.4061,disk0,927322870550528,2088525475,12840323381200020
231.4061,disk0w,2189319274496,19751284,1284768079172
231.4061,disk4,2572332374016,5215656,40163055917361
231.4061,disk4w,2195456,171,27582691
231.4061,disk8,3562383042560,3583630,47253210756578
231.4061,disk8w,320163840,41745,1705073465
231.4061,disk6,4841906628608,7968460,86282664907285
231.4061,disk6w,380928,53,8067940
231.4061,ram,533200896,65201766400,282751
231.4061,cpu,15750283,22488044,540929061
231.4061,gpu,0,0,0
231.6061,disk0,927325075902464,2088530450,12840336865444515
231.6061,disk0w,2189319274496,19751284,1284768079172
231.6061,disk4,2572955826176,5216921,40166640036987
231.6061,disk4w,2195456,171,27582691
231.6061,disk8,3562945079296,3584206,47253876456415
231.6061,disk8w,320163840,41745,1705073465
231.6061,disk6,4843273316352,7970383,86294916682979
231.6061,disk6w,380928,53,8067940
231.6061,ram,533200896,65201766400,282751
231.6061,cpu,15750283,22488044,540929061
231.6061,gpu,0,0,0
231.8061,disk0,927327292067840,2088535235,12840349199714885
231.8061,disk0w,2189319274496,19751284,1284768079172
231.8061,disk4,2573663860736,5218293,40170501139084
231.8061,disk4w,2195456,171,27582691
231.8061,disk8,3563490600960,3584765,47254558394056
231.8061,disk8w,320163840,41745,1705073465
231.8061,disk6,4844642711552,7972746,86309835463645
231.8061,disk6w,380928,53,8067940
231.8061,ram,533200896,65201766400,282751
231.8061,cpu,15750283,22488044,540929061
231.8061,gpu,0,0,0
232.0061,disk0,927329589383168,2088540237,12840363953085741
232.0061,disk0w,2189319274496,19751284,1284768079172
232.0061,disk4,2574290466816,5219530,40174032619920
232.0061,disk4w,2195456,171,27582691
232.0061,disk8,3564025243648,3585313,47255416818964
232.0061,disk8w,320163840,41745,1705073465
232.0061,disk6,4845950842880,7975044,86323478904158
232.0061,disk6w,380928,53,8067940
232.0061,ram,533200896,65201766400,282751
232.0061,cpu,15750283,22488044,540929061
232.0061,gpu,0,0,0
232.2061,disk0,927331638300672,2088545667,12840376250138569
232.2061,disk0w,2189319274496,19751284,1284768079172
232.2061,disk4,2575025354752,5220982,40178771755550
232.2061,disk4w,2195456,171,27582691
232.2061,disk8,3564692269056,3585996,47256272769692
232.2061,disk8w,320163840,41745,1705073465
232.2061,disk6,4847284258816,7977494,86338320658853
232.2061,disk6w,380928,53,8067940
232.2061,ram,544948224,63644876800,282751
232.2061,cpu,15750283,22488044,540929061
232.2061,gpu,0,0,0
232.4025,disk0,927333539864576,2088549688,12840386867391847
232.4025,disk0w,2189319274496,19751284,1284768079172
232.4025,disk4,2575740614656,5222425,40186079775445
232.4025,disk4w,2195456,171,27582691
232.4025,disk8,3565228304384,3586546,47257362258717
232.4025,disk8w,320163840,41745,1705073465
232.4025,disk6,4848306161664,7979184,86346131117462
232.4025,disk6w,380928,53,8067940
232.4025,ram,546390016,63644876800,282751
232.4025,cpu,15750322,22488166,540930572
232.4025,gpu,0,0,0
232.6061,disk0,927335665016832,2088557258,12840399613393064
232.6061,disk0w,2189319274496,19751284,1284768079172
232.6061,disk4,2576381229056,5223736,40190570080197
232.6061,disk4w,2195456,171,27582691
232.6061,disk8,3565860595712,3587194,47258118894006
232.6061,disk8w,320163840,41745,1705073465
232.6061,disk6,4849653499904,7981058,86358555406548
232.6061,disk6w,380928,53,8067940
232.6061,ram,546390016,63644876800,282751
232.6061,cpu,15750322,22488166,540930572
232.6061,gpu,0,0,0
232.8061,disk0,927337704263680,2088560858,12840408188648537
232.8061,disk0w,2189319274496,19751284,1284768079172
232.8061,disk4,2577094375424,5225198,40196551763386
232.8061,disk4w,2195456,171,27582691
232.8061,disk8,3566423681024,3587771,47258834592099
232.8061,disk8w,320163840,41745,1705073465
232.8061,disk6,4850975934464,7982706,86368893523583
232.8061,disk6w,380928,53,8067940
232.8061,ram,546390016,63644876800,282751
232.8061,cpu,15750322,22488166,540930572
232.8061,gpu,0,0,0
233.0061,disk0,927339972071424,2088565297,12840423859924051
233.0061,disk0w,2189319274496,19751284,1284768079172
233.0061,disk4,2577982478336,5227020,40205348343310
233.0061,disk4w,2195456,171,27582691
233.0061,disk8,3566874699776,3588233,47259377842704
233.0061,disk8w,320163840,41745,1705073465
233.0061,disk6,4852037339136,7984237,86374035905021
233.0061,disk6w,380928,53,8067940
233.0061,ram,546390016,63644876800,282751
233.0061,cpu,15750322,22488166,540930572
233.0061,gpu,0,0,0
233.2061,disk0,927342224052224,2088570299,12840436368599311
233.2061,disk0w,2189319274496,19751284,1284768079172
233.2061,disk4,2578559580160,5228161,40208322758267
233.2061,disk4w,2195456,171,27582691
233.2061,disk8,3567309596672,3588679,47259837881351
233.2061,disk8w,320163840,41745,1705073465
233.2061,disk6,4853353515008,7986314,86389799101074
233.2061,disk6w,380928,53,8067940
233.2061,ram,550584320,65361313792,282751
233.2061,cpu,15750322,22488166,540930572
233.2061,gpu,0,0,0
233.4061,disk0,927344564916224,2088575355,12840453859871073
233.4061,disk0w,2189319274496,19751284,1284768079172
233.4061,disk4,2579279017984,5229567,40211738815420
233.4061,disk4w,2195456,171,27582691
233.4061,disk8,3567851579392,3589234,47260580937204
233.4061,disk8w,320163840,41745,1705073465
233.4061,disk6,4854565095424,7988442,86401005049817
233.4061,disk6w,380928,53,8067940
233.4061,ram,552566784,65361313792,282751
233.4061,cpu,15750376,22488321,540932249
233.4061,gpu,0,0,0
233.6045,disk0,927346319609856,2088579661,12840461042041711
233.6045,disk0w,2189319274496,19751284,1284768079172
233.6045,disk4,2579849312256,5230701,40214521100001
233.6045,disk4w,2195456,171,27582691
233.6045,disk8,3568486361088,3589885,47261485499322
233.6045,disk8w,320163840,41745,1705073465
233.6045,disk6,4855919970304,7990688,86420034086994
233.6045,disk6w,380928,53,8067940
233.6045,ram,552566784,65361313792,282751
233.6045,cpu,15750376,22488321,540932249
233.6045,gpu,0,0,0
233.8062,disk0,927348576051200,2088586999,12840476071548009
233.8062,disk0w,2189319274496,19751284,1284768079172
233.8062,disk4,2580611184640,5232205,40219604710348
233.8062,disk4w,2195456,171,27582691
233.8062,disk8,3569139361792,3590554,47262432598562
233.8062,disk8w,320163840,41745,1705073465
233.8062,disk6,4857147836416,7993081,86434120622451
233.8062,disk6w,380928,53,8067940
233.8062,ram,552566784,65361313792,282751
233.8062,cpu,15750376,22488321,540932249
233.8062,gpu,37,8,0
234.0061,disk0,927350335971328,2088591502,12840485771954118
234.0061,disk0w,2189319274496,19751284,1284768079172
234.0061,disk4,2581344991232,5233706,40224793631772
234.0061,disk4w,2195456,171,27582691
234.0061,disk8,3569731872768,3591161,47263608493106
234.0061,disk8w,320163840,41745,1705073465
234.0061,disk6,4858360825856,7995032,86447072298179
234.0061,disk6w,380928,53,8067940
234.0061,ram,552566784,65361313792,282751
234.0061,cpu,15750376,22488321,540932249
234.0061,gpu,0,0,0
234.2062,disk0,927352374018048,2088595216,12840496599090418
234.2062,disk0w,2189319274496,19751284,1284768079172
234.2062,disk4,2582121691136,5235299,40230986820989
234.2062,disk4w,2195456,171,27582691
234.2062,disk8,3570281981952,3591725,47264268571878
234.2062,disk8w,320163840,41745,1705073465
234.2062,disk6,4859624163328,7996546,86456238612701
234.2062,disk6w,380928,53,8067940
234.2062,ram,560857088,65236664320,282751
234.2062,cpu,15750376,22488321,540932249
234.2062,gpu,36,5,0
234.4062,disk0,927354542071808,2088599341,12840510370701530
234.4062,disk0w,2189319274496,19751284,1284768079172
234.4062,disk4,2582806558720,5236703,40235217135768
234.4062,disk4w,2195456,171,27582691
234.4062,disk8,3570743224320,3592198,47264788376018
234.4062,disk8w,320163840,41745,1705073465
234.4062,disk6,4860948727808,7998387,86466993310975
234.4062,disk6w,380928,53,8067940
234.4062,ram,561152000,65236664320,282751
234.4062,cpu,15750416,22488445,540933795
234.4062,gpu,0,0,0
234.6062,disk0,927356837142528,2088604404,12840524456868940
234.6062,disk0w,2189319274496,19751284,1284768079172
234.6062,disk4,2583665850368,5238466,40241661574850
234.6062,disk4w,2195456,171,27582691
234.6062,disk8,3571408152576,3592879,47265593941124
234.6062,disk8w,320163840,41745,1705073465
234.6062,disk6,4862179149824,8000325,86477264608969
234.6062,disk6w,380928,53,8067940
234.6062,ram,561152000,65236664320,282751
234.6062,cpu,15750416,22488445,540933795
234.6062,gpu,0,0,0
234.8061,disk0,927359064662016,2088609100,12840535944714829
234.8061,disk0w,2189319274496,19751284,1284768079172
234.8061,disk4,2584412518400,5239913,40245697140604
234.8061,disk4w,2195456,171,27582691
234.8061,disk8,3571937552384,3593422,47266172231147
234.8061,disk8w,320163840,41745,1705073465
234.8061,disk6,4863564056576,8002618,86490409672574
234.8061,disk6w,380928,53,8067940
234.8061,ram,561152000,65236664320,282751
234.8061,cpu,15750416,22488445,540933795
234.8061,gpu,39,7,0
235.0062,disk0,927361334009856,2088614210,12840549249198391
235.0062,disk0w,2189319274496,19751284,1284768079172
235.0062,disk4,2585229654016,5241520,40253016259111
235.0062,disk4w,2195456,171,27582691
235.0062,disk8,3572420552704,3593917,47266718851325
235.0062,disk8w,320163840,41745,1705073465
235.0062,disk6,4864775325696,8004832,86502229588660
235.0062,disk6w,380928,53,8067940
235.0062,ram,561152000,65236664320,282751
235.0062,cpu,15750416,22488445,540933795
235.0062,gpu,0,0,0
235.2062,disk0,927363176194048,2088621426,12840562718407338
235.2062,disk0w,2189319643136,19751304,1284768370167
235.2062,disk4,2585868564480,5242783,40257231817227
235.2062,disk4w,2195456,171,27582691
235.2062,disk8,3573017716736,3594529,47267692679275
235.2062,disk8w,320163840,41745,1705073465
235.2062,disk6,4866115143680,8007002,86517439698190
235.2062,disk6w,380928,53,8067940
235.2062,ram,561152000,65236664320,282751
235.2062,cpu,15750416,22488445,540933795
235.2062,gpu,0,0,0
235.4062,disk0,927365217689600,2088625284,12840572192673085
235.4062,disk0w,2189319643136,19751304,1284768370167
235.4062,disk4,2586640119808,5244317,40261525078595
235.4062,disk4w,2195456,171,27582691
235.4062,disk8,3573588486144,3595114,47268763374652
235.4062,disk8w,320163840,41745,1705073465
235.4062,disk6,4867323942912,8009391,86530065276182
235.4062,disk6w,380928,53,8067940
235.4062,ram,570474496,63651102720,282751
235.4062,cpu,15750464,22488584,540935457
235.4062,gpu,49,5,0
235.6062,disk0,927367127187456,2088630444,12840583144198863
235.6062,disk0w,2189319643136,19751304,1284768370167
235.6062,disk4,2587306915840,5245685,40265791816306
235.6062,disk4w,2195456,171,27582691
235.6062,disk8,3574255904768,3595798,47269648641587
235.6062,disk8w,320163840,41745,1705073465
235.6062,disk6,4868622702592,8011229,86543609964208
235.6062,disk6w,380928,53,8067940
235.6062,ram,570474496,63651102720,282751
235.6062,cpu,15750464,22488584,540935457
235.6062,gpu,0,0,0
235.8062,disk0,927369302921216,2088634216,12840592272309580
235.8062,disk0w,2189319643136,19751304,1284768370167
235.8062,disk4,2588190054400,5247496,40273370318428
235.8062,disk4w,2195456,171,27582691
235.8062,disk8,3574817941504,3596374,47270540244651
235.8062,disk8w,320163840,41745,1705073465
235.8062,disk6,4869913749504,8012762,86551196069734
235.8062,disk6w,380928,53,8067940
235.8062,ram,570474496,63651102720,282751
235.8062,cpu,15750464,22488584,540935457
235.8062,gpu,0,0,0
236.0020,disk0,927371612368896,2088638760,12840604896182308
236.0020,disk0w,2189319643136,19751304,1284768370167
236.0020,disk4,2589024327680,5249206,40278620737693
236.0020,disk4w,2195456,171,27582691
236.0020,disk8,3575283378176,3596851,47271059857029
236.0020,disk8w,320163840,41745,1705073465
236.0020,disk6,4871178659840,8014710,86561616721879
236.0020,disk6w,380928,53,8067940
236.0020,ram,570474496,63651102720,282751
236.0020,cpu,15750464,22488584,540935457
236.0020,gpu,28,6,0
236.2062,disk0,927373669531648,2088643246,12840614990859422
236.2062,disk0w,2189319643136,19751304,1284768370167
236.2062,disk4,2589798643712,5250765,40283199973573
236.2062,disk4w,2195456,171,27582691
236.2062,disk8,3575792723968,3597373,47271615081688
236.2062,disk8w,320163840,41745,1705073465
236.2062,disk6,4872543172608,8016739,86576157580394
236.2062,disk6w,380928,53,8067940
236.2062,ram,570474496,63651102720,282751
236.2062,cpu,15750464,22488584,540935457
236.2062,gpu,29,7,0
236.4062,disk0,927375849132032,2088647947,12840625671764417
236.4062,disk0w,2189319643136,19751304,1284768370167
236.4062,disk4,2590564579328,5252258,40289388944823
236.4062,disk4w,2195456,171,27582691
236.4062,disk8,3576477706240,3598075,47272516347909
236.4062,disk8w,320163840,41745,1705073465
236.4062,disk6,4873887348736,8019146,86589257683543
236.4062,disk6w,380928,53,8067940
236.4062,ram,603471872,65301987328,282751
236.4062,cpu,15750514,22488715,540937093
236.4062,gpu,0,0,0
236.6025,disk0,927377682309120,2088652242,12840637364870864
236.6025,disk0w,2189319643136,19751304,1284768370167
236.6025,disk4,2591134332928,5253381,40291810607334
236.6025,disk4w,2195456,171,27582691
236.6025,disk8,3577127561216,3598741,47273426687102
236.6025,disk8w,320163840,41745,1705073465
236.6025,disk6,4875189729280,8021510,86606220191800
236.6025,disk6w,380928,53,8067940
236.6025,ram,603471872,65301987328,282751
236.6025,cpu,15750514,22488715,540937093
236.6025,gpu,0,0,0
236.8062,disk0,927379643211776,2088659398,12840650877608452
236.8062,disk0w,2189319643136,19751304,1284768370167
236.8062,disk4,2591904839680,5254903,40298193045215
236.8062,disk4w,2195456,171,27582691
236.8062,disk8,3577707161600,3599335,47274201392151
236.8062,disk8w,320163840,41745,1705073465
236.8062,disk6,4876409075712,8023851,86620542080372
236.8062,disk6w,380928,53,8067940
236.8062,ram,603471872,65301987328,282751
236.8062,cpu,15750514,22488715,540937093
236.8062,gpu,38,8,0
237.0027,disk0,927381363511296,2088663041,12840659465911315
237.0027,disk0w,2189319643136,19751304,1284768370167
237.0027,disk4,2592606222336,5256324,40303006894086
237.0027,disk4w,2195456,171,27582691
237.0027,disk8,3578330605568,3599974,47275434090690
237.0027,disk8w,320163840,41745,1705073465
237.0027,disk6,4877592246272,8025728,86632318425171
237.0027,disk6w,380928,53,8067940
237.0027,ram,603471872,65301987328,282751
237.0027,cpu,15750514,22488715,540937093
237.0027,gpu,0,0,0
237.2062,disk0,927383216898048,2088671954,12840673693046281
237.2062,disk0w,2189319643136,19751304,1284768370167
237.2062,disk4,2593534507008,5258226,40311590809953
237.2062,disk4w,2195456,171,27582691
237.2062,disk8,3578899326976,3600557,47276155110040
237.2062,disk8w,320163840,41745,1705073465
237.2062,disk6,4878824945664,8027386,86641506852856
237.2062,disk6w,380928,53,8067940
237.2062,ram,603471872,65301987328,282751
237.2062,cpu,15750514,22488715,540937093
237.2062,gpu,23,5,0
237.4062,disk0,927385311969280,2088675665,12840682579597894
237.4062,disk0w,2189319643136,19751304,1284768370167
237.4062,disk4,2594381404160,5259962,40316421347249
237.4062,disk4w,2195456,171,27582691
237.4062,disk8,3579450091520,3601121,47276826264179
237.4062,disk8w,320163840,41745,1705073465
237.4062,disk6,4880142514176,8029249,86653961132737
237.4062,disk6w,380928,53,8067940
237.4062,ram,602505216,65201225728,282751
237.4062,cpu,15750565,22488853,540938714
237.4062,gpu,38,6,0
237.6062,disk0,927387813937152,2088681142,12840698864927198
237.6062,disk0w,2189319643136,19751304,1284768370167
237.6062,disk4,2595293591552,5261832,40325217401199
237.6062,disk4w,2195456,171,27582691
237.6062,disk8,3580086970368,3601774,47277650960676
237.6062,disk8w,320163840,41745,1705073465
237.6062,disk6,4881265260544,8030829,86660204097407
237.6062,disk6w,380928,53,8067940
237.6062,ram,602505216,65201225728,282751
237.6062,cpu,15750565,22488853,540938714
237.6062,gpu,0,0,0
237.8062,disk0,927389930205184,2088685850,12840712889936465
237.8062,disk0w,2189319643136,19751304,1284768370167
237.8062,disk4,2595896342528,5263015,40328204357839
237.8062,disk4w,2195456,171,27582691
237.8062,disk8,3580587534336,3602287,47278193015594
237.8062,disk8w,320163840,41745,1705073465
237.8062,disk6,4882568955904,8033012,86674385930002
237.8062,disk6w,380928,53,8067940
237.8062,ram,602505216,65201225728,282751
237.8062,cpu,15750565,22488853,540938714
237.8062,gpu,0,0,0
238.0062,disk0,927392142045184,2088690352,12840726765473012
238.0062,disk0w,2189319643136,19751304,1284768370167
238.0062,disk4,2596616845312,5264425,40332835106125
238.0062,disk4w,2195456,171,27582691
238.0062,disk8,3581167134720,3602881,47278941284105
238.0062,disk8w,320163840,41745,1705073465
238.0062,disk6,4883762104320,8035168,86686474703848
238.0062,disk6w,380928,53,8067940
238.0062,ram,602505216,65201225728,282751
238.0062,cpu,15750565,22488853,540938714
238.0062,gpu,43,9,0
238.2062,disk0,927394112483328,2088695046,12840741728388490
238.2062,disk0w,2189319643136,19751304,1284768370167
238.2062,disk4,2597140264960,5265456,40334782028813
238.2062,disk4w,2195456,171,27582691
238.2062,disk8,3581756565504,3603485,47279867911032
238.2062,disk8w,320163840,41745,1705073465
238.2062,disk6,4885035386880,8037315,86701168120355
238.2062,disk6w,380928,53,8067940
238.2062,ram,602505216,65201225728,282751
238.2062,cpu,15750565,22488853,540938714
238.2062,gpu,25,5,0
238.4062,disk0,927396245549056,2088702305,12840753960599081
238.4062,disk0w,2189319643136,19751304,1284768370167
238.4062,disk4,2597996615680,5267152,40342112543710
238.4062,disk4w,2195456,171,27582691
238.4062,disk8,3582484408320,3604231,47280895397541
238.4062,disk8w,320163840,41745,1705073465
238.4062,disk6,4886277036032,8039783,86715195838632
238.4062,disk6w,380928,53,8067940
238.4062,ram,599785472,63701909504,282751
238.4062,cpu,15750620,22489010,540940286
238.4062,gpu,28,7,0
238.6062,disk0,927397791936512,2088707585,12840761282800972
238.6062,disk0w,2189319643136,19751304,1284768370167
238.6062,disk4,2598775412736,5268742,40349721801692
238.6062,disk4w,2195456,171,27582691
238.6062,disk8,3582941046784,3604699,47281496255719
238.6062,disk8w,320163840,41745,1705073465
238.6062,disk6,4887460272128,8041673,86730281918116
238.6062,disk6w,380928,53,8067940
238.6062,ram,599785472,63701909504,282751
238.6062,cpu,15750620,22489010,540940286
238.6062,gpu,0,0,0
238.8032,disk0,927399938273280,2088711354,12840770257756213
238.8032,disk0w,2189319643136,19751304,1284768370167
238.8032,disk4,2599730444288,5270700,40361062894151
238.8032,disk4w,2195456,171,27582691
238.8032,disk8,3583424047104,3605194,47282051774423
238.8032,disk8w,320163840,41745,1705073465
238.8032,disk6,4888646621184,8043089,86737026316392
238.8032,disk6w,380928,53,8067940
238.8032,ram,599785472,63701909504,282751
238.8032,cpu,15750620,22489010,540940286
238.8032,gpu,0,0,0
239.0062,disk0,927402104827904,2088715541,12840782157283227
239.0062,disk0w,2189319643136,19751304,1284768370167
239.0062,disk4,2600530573312,5272339,40366058166016
239.0062,disk4w,2195456,171,27582691
239.0062,disk8,3584084781056,3605871,47282889752247
239.0062,disk8w,320163840,41745,1705073465
239.0062,disk6,4889936025600,8044990,86748634069465
239.0062,disk6w,380928,53,8067940
239.0062,ram,599785472,63701909504,282751
239.0062,cpu,15750620,22489010,540940286
239.0062,gpu,27,5,0
239.2062,disk0,927404361625600,2088720318,12840797248518949
239.2062,disk0w,2189319643136,19751304,1284768370167
239.2062,disk4,2601422862336,5274160,40374374259748
239.2062,disk4w,2195456,171,27582691
239.2062,disk8,3584662284288,3606463,47283695133261
239.2062,disk8w,320163840,41745,1705073465
239.2062,disk6,4891044665344,8046607,86755790558883
239.2062,disk6w,380928,53,8067940
239.2062,ram,599785472,63701909504,282751
239.2062,cpu,15750620,22489010,540940286
239.2062,gpu,0,0,0
239.4062,disk0,927406453452800,2088724826,12840807251975238
239.4062,disk0w,2189319643136,19751304,1284768370167
239.4062,disk4,2602137057280,5275544,40377694508532
239.4062,disk4w,2195456,171,27582691
239.4062,disk8,3585127720960,3606940,47284256462398
239.4062,disk8w,320163840,41745,1705073465
239.4062,disk6,4892412061696,8049063,86773717474664
239.4062,disk6w,380928,53,8067940
239.4062,ram,603013120,65353744384,282751
239.4062,cpu,15750664,22489136,540941934
239.4062,gpu,0,0,0
239.6062,disk0,927408384028672,2088729283,12840816903418072
239.6062,disk0w,2189319643136,19751304,1284768370167
239.6062,disk4,2602880186368,5277015,40383371871667
239.6062,disk4w,2195456,171,27582691
239.6062,disk8,3585689757696,3607516,47284991206208
239.6062,disk8w,320163840,41745,1705073465
239.6062,disk6,4893791467520,8051428,86790509334007
239.6062,disk6w,380928,53,8067940
239.6062,ram,603013120,65353744384,282751
239.6062,cpu,15750664,22489136,540941934
239.6062,gpu,23,6,0
239.8062,disk0,927409990254592,2088738231,12840829085825536
239.8062,disk0w,2189319643136,19751304,1284768370167
239.8062,disk4,2603508078592,5278258,40387641321259
239.8062,disk4w,2195456,171,27582691
239.8062,disk8,3586304485376,3608146,47285878389588
239.8062,disk8w,320163840,41745,1705073465
239.8062,disk6,4895037016064,8053542,86805459815182
239.8062,disk6w,380928,53,8067940
239.8062,ram,603013120,65353744384,282751
239.8062,cpu,15750664,22489136,540941934
239.8062,gpu,0,0,0
240.0062,disk0,927411961774080,2088742126,12840840513512462
240.0062,disk0w,2189319643136,19751304,1284768370167
240.0062,disk4,2604354156544,5279962,40396237975307
240.0062,disk4w,2195456,171,27582691
240.0062,disk8,3586734761984,3608587,47286744821821
240.0062,disk8w,320163840,41745,1705073465
240.0062,disk6,4896085100544,8055433,86813589137840
240.0062,disk6w,380928,53,8067940
240.0062,ram,603013120,65353744384,282751
240.0062,cpu,15750664,22489136,540941934
240.0062,gpu,0,0,0
240.2062,disk0,927414147694592,2088749171,12840854465765444
240.2062,disk0w,2189319643136,19751304,1284768370167
240.2062,disk4,2605119281152,5281532,40403279095925
240.2062,disk4w,2195456,171,27582691
240.2062,disk8,3587291162624,3609157,47287497168128
240.2062,disk8w,320163840,41745,1705073465
240.2062,disk6,4897358006272,8057221,86822668368294
240.2062,disk6w,380928,53,8067940
240.2062,ram,603013120,65353744384,282751
240.2062,cpu,15750664,22489136,540941934
240.2062,gpu,33,5,0
240.4034,disk0,927416661557248,2088753644,12840869754857164
240.4034,disk0w,2189319643136,19751304,1284768370167
240.4034,disk4,2605979383808,5283292,40410397080181
240.4034,disk4w,2195456,171,27582691
240.4034,disk8,3587929090048,3609811,47288215803998
240.4034,disk8w,320163840,41745,1705073465
240.4034,disk6,4898519353344,8058728,86827949355345
240.4034,disk6w,380928,53,8067940
240.4034,ram,601604096,65280147456,282751
240.4034,cpu,15750705,22489268,540943464
240.4034,gpu,43,6,0
240.6062,disk0,927418733649920,2088758039,12840880610803833
240.6062,disk0w,2189319643136,19751304,1284768370167
240.6062,disk4,2606899034112,5285178,40421701545101
240.6062,disk4w,2195456,171,27582691
240.6062,disk8,3588552599552,3610450,47288911846659
240.6062,disk8w,320163840,41745,1705073465
240.6062,disk6,4899755284480,8060551,86835935547536
240.6062,disk6w,380928,53,8067940
240.6062,ram,601604096,65280147456,282751
240.6062,cpu,15750705,22489268,540943464
240.6062,gpu,34,5,0
240.8062,disk0,927420545359872,2088762159,12840888216763468
240.8062,disk0w,2189319643136,19751304,1284768370167
240.8062,disk4,2607673735168,5286705,40426918042631
240.8062,disk4w,2195456,171,27582691
240.8062,disk8,3588886308864,3610792,47289250382506
240.8062,disk8w,320163840,41745,1705073465
240.8062,disk6,4901124814848,8062776,86853555394574
240.8062,disk6w,380928,53,8067940
240.8062,ram,601604096,65280147456,282751
240.8062,cpu,15750705,22489268,540943464
240.8062,gpu,0,0,0
241.0062,disk0,927422644822016,2088766804,12840901292195621
241.0062,disk0w,2189319643136,19751304,1284768370167
241.0062,disk4,2608349313024,5288030,40430752366066
241.0062,disk4w,2195456,171,27582691
241.0062,disk8,3589390018560,3611308,47289816182558
241.0062,disk8w,320163840,41745,1705073465
241.0062,disk6,4902438684672,8065077,86868552130370
241.0062,disk6w,380928,53,8067940
241.0062,ram,601604096,65280147456,282751
241.0062,cpu,15750705,22489268,540943464
241.0062,gpu,0,0,0
241.2062,disk0,927424517603328,2088772212,12840915680759135
241.2062,disk0w,2189322252288,19751657,1284776503382
241.2062,disk4,2609056299008,5289429,40435964927255
241.2062,disk4w,2195456,171,27582691
241.2062,disk8,3589887436800,3611818,47290407143884
241.2062,disk8w,320163840,41745,1705073465
241.2062,disk6,4903708887040,8067112,86881763048562
241.2062,disk6w,380928,53,8067940
241.2062,ram,601604096,65280147456,282751
241.2062,cpu,15750705,22489268,540943464
241.2062,gpu,0,0,0
241.4062,disk0,927426595483648,2088776223,12840930056335916
241.4062,disk0w,2189322338304,19751659,1284776534632
241.4062,disk4,2609811355648,5290929,40442045516632
241.4062,disk4w,2195456,171,27582691
241.4062,disk8,3590502098944,3612448,47291876542349
241.4062,disk8w,320163840,41745,1705073465
241.4062,disk6,4904694810624,8069085,86889586932215
241.4062,disk6w,380928,53,8067940
241.4062,ram,595034112,63718653952,282751
241.4062,cpu,15750762,22489405,540945104
241.4062,gpu,0,0,0
241.6062,disk0,927428775485440,2088783361,12840946887165397
241.6062,disk0w,2189322973184,19751679,1284776936833
241.6062,disk4,2610598508544,5292543,40445986233910
241.6062,disk4w,2195456,171,27582691
241.6062,disk8,3591064135680,3613024,47292497171226
241.6062,disk8w,320163840,41745,1705073465
241.6062,disk6,4905931622400,8070968,86901057414658
241.6062,disk6w,380928,53,8067940
241.6062,ram,595034112,63718653952,282751
241.6062,cpu,15750762,22489405,540945104
241.6062,gpu,0,0,0
241.8062,disk0,927430771662848,2088786875,12840954776331293
241.8062,disk0w,2189322973184,19751679,1284776936833
241.8062,disk4,2611567409152,5294527,40455397524429
241.8062,disk4w,2195456,171,27582691
241.8062,disk8,3591588554752,3613561,47293164521965
241.8062,disk8w,320163840,41745,1705073465
241.8062,disk6,4907164977152,8072430,86909147597497
241.8062,disk6w,380928,53,8067940
241.8062,ram,595034112,63718653952,282751
241.8062,cpu,15750762,22489405,540945104
241.8062,gpu,0,0,0
242.0062,disk0,927432897298432,2088791209,12840965591826192
242.0062,disk0w,2189322973184,19751679,1284776936833
242.0062,disk4,2612355708928,5296145,40462387318666
242.0062,disk4w,2195456,171,27582691
242.0062,disk8,3592198039552,3614186,47293896424049
242.0062,disk8w,320163840,41745,1705073465
242.0062,disk6,4908453414912,8074382,86920734187701
242.0062,disk6w,380928,53,8067940
242.0062,ram,595034112,63718653952,282751
242.0062,cpu,15750762,22489405,540945104
242.0062,gpu,0,0,0
242.2062,disk0,927435039948800,2088795729,12840978047289742
242.2062,disk0w,2189322973184,19751679,1284776936833
242.2062,disk4,2613074245632,5297600,40466285224237
242.2062,disk4w,2195456,171,27582691
242.2062,disk8,3592811718656,3614815,47294700307300
242.2062,disk8w,320163840,41745,1705073465
242.2062,disk6,4909739542528,8076297,86932852251364
242.2062,disk6w,380928,53,8067940
242.2062,ram,595034112,63718653952,282751
242.2062,cpu,15750762,22489405,540945104
242.2062,gpu,28,6,0
242.4062,disk0,927437267664896,2088800525,12840990853369486
242.4062,disk0w,2189322973184,19751679,1284776936833
242.4062,disk4,2613727541248,5298867,40469830018895
242.4062,disk4w,2195456,171,27582691
242.4062,disk8,3593382537216,3615400,47295339644678
242.4062,disk8w,320163840,41745,1705073465
242.4062,disk6,4911038875648,8078707,86948724212186
242.4062,disk6w,380928,53,8067940
242.4062,ram,188792832,65728413696,282790
242.4062,cpu,15750811,22489542,540946662
242.4062,gpu,0,0,0
242.6043,disk0,927439622475776,2088805775,12841010937690665
242.6043,disk0w,2189322973184,19751679,1284776936833
242.6043,disk4,2614451697664,5300299,40474081556411
242.6043,disk4w,2195456,171,27582691
242.6043,disk8,3593874319360,3615904,47296029487716
242.6043,disk8w,320163840,41745,1705073465
242.6043,disk6,4912162703360,8080709,86957218030555
242.6043,disk6w,380928,53,8067940
242.6043,ram,188792832,65728413696,282790
242.6043,cpu,15750811,22489542,540946662
242.6043,gpu,0,0,0
242.8062,disk0,927441712111616,2088811234,12841025822337146
242.8062,disk0w,2189322973184,19751679,1284776936833
242.8062,disk4,2615061133312,5301506,40477073120508
242.8062,disk4w,2195456,171,27582691
242.8062,disk8,3594453919744,3616498,47296809834597
242.8062,disk8w,320163840,41745,1705073465
242.8062,disk6,4913426913280,8082946,86970808576987
242.8062,disk6w,380928,53,8067940
242.8062,ram,188792832,65728413696,282790
242.8062,cpu,15750811,22489542,540946662
242.8062,gpu,0,0,0
243.0062,disk0,927443687809024,2088815338,12841036219622368
243.0062,disk0w,2189322973184,19751679,1284776936833
243.0062,disk4,2615843567616,5303085,40485453219893
243.0062,disk4w,2195456,171,27582691
243.0062,disk8,3594933331968,3616989,47297803002099
243.0062,disk8w,320163840,41745,1705073465
243.0062,disk6,4914424764416,8084621,86978609805641
243.0062,disk6w,380928,53,8067940
243.0062,ram,188792832,65728413696,282790
243.0062,cpu,15750811,22489542,540946662
243.0062,gpu,25,6,0
243.2062,disk0,927445728968704,2088821932,12841046761506724
243.2062,disk0w,2189322989568,19751683,1284777010333
243.2062,disk4,2616572311552,5304580,40490610249862
243.2062,disk4w,2195456,171,27582691
243.2062,disk8,3595586725888,3617659,47298704442570
243.2062,disk8w,320163840,41745,1705073465
243.2062,disk6,4915716986880,8086328,86990443634241
243.2062,disk6w,380928,53,8067940
243.2062,ram,188792832,65728413696,282790
243.2062,cpu,15750811,22489542,540946662
243.2062,gpu,34,6,0
243.4062,disk0,927447851335680,2088825562,12841057036270984
243.4062,disk0w,2189322989568,19751683,1284777010333
243.4062,disk4,2617171408896,5305809,40494219621621
243.4062,disk4w,2195456,171,27582691
243.4062,disk8,3596122417152,3618208,47299381506803
243.4062,disk8w,320163840,41745,1705073465
243.4062,disk6,4917082675200,8088168,87002437408427
243.4062,disk6w,380928,53,8067940
243.4062,ram,233635840,65569669120,282790
243.4062,cpu,15750873,22489703,540948328
243.4062,gpu,0,0,0
243.6062,disk0,927450133372928,2088830582,12841068703844403
243.6062,disk0w,2189322989568,19751683,1284777010333
243.6062,disk4,2617986832384,5307481,40501161982762
243.6062,disk4w,2195456,171,27582691
243.6062,disk8,3596702017536,3618802,47300080271177
243.6062,disk8w,320163840,41745,1705073465
243.6062,disk6,4918401554432,8090124,87013044218051
243.6062,disk6w,380928,53,8067940
243.6062,ram,233635840,65569669120,282790
243.6062,cpu,15750873,22489703,540948328
243.6062,gpu,40,4,0
243.8062,disk0,927452404801536,2088835583,12841080578845816
243.8062,disk0w,2189322989568,19751683,1284777010333
243.8062,disk4,2618683619328,5308853,40506256724741
243.8062,disk4w,2195456,171,27582691
243.8062,disk8,3597176236032,3619288,47300621408932
243.8062,disk8w,320163840,41745,1705073465
243.8062,disk6,4919773173760,8092364,87025939652344
243.8062,disk6w,380928,53,8067940
243.8062,ram,233635840,65569669120,282790
243.8062,cpu,15750873,22489703,540948328
243.8062,gpu,0,0,0
244.0024,disk0,927454480097280,2088840121,12841092861775547
244.0024,disk0w,2189322989568,19751683,1284777010333
244.0024,disk4,2619330770944,5310120,40512018548528
244.0024,disk4w,2195456,171,27582691
244.0024,disk8,3597697509376,3619822,47301288897544
244.0024,disk8w,320163840,41745,1705073465
244.0024,disk6,4920988260352,8094492,87038263397857
244.0024,disk6w,380928,53,8067940
244.0024,ram,233635840,65569669120,282790
244.0024,cpu,15750873,22489703,540948328
244.0024,gpu,0,0,0
244.2062,disk0,927456426340352,2088845673,12841106346710725
244.2062,disk0w,2189322989568,19751683,1284777010333
244.2062,disk4,2620050749440,5311543,40515007827682
244.2062,disk4w,2195456,171,27582691
244.2062,disk8,3598273964032,3620413,47302048739636
244.2062,disk8w,320163840,41745,1705073465
244.2062,disk6,4922365597696,8096779,87053737888004
244.2062,disk6w,380928,53,8067940
244.2062,ram,233635840,65569669120,282790
244.2062,cpu,15750873,22489703,540948328
244.2062,gpu,0,0,0
244.4062,disk0,927458667683840,2088850107,12841117368270435
244.4062,disk0w,2189322989568,19751683,1284777010333
244.4062,disk4,2620708239360,5312849,40519589912420
244.4062,disk4w,2195456,171,27582691
244.4062,disk8,3598941382656,3621097,47302977136912
244.4062,disk8w,320163840,41745,1705073465
244.4062,disk6,4923580471296,8099212,87068458924968
244.4062,disk6w,380928,53,8067940
244.4062,ram,239075328,64043712512,282790
244.4062,cpu,15750923,22489835,540949775
244.4062,gpu,0,0,0
244.6062,disk0,927460635328512,2088854872,12841130068610134
244.6062,disk0w,2189322989568,19751683,1284777010333
244.6062,disk4,2621460535296,5314390,40526527178259
244.6062,disk4w,2195456,171,27582691
244.6062,disk8,3599441930240,3621610,47303643160866
244.6062,disk8w,320163840,41745,1705073465
244.6062,disk6,4924665255936,8100905,87076877849103
244.6062,disk6w,380928,53,8067940
244.6062,ram,239075328,64043712512,282790
244.6062,cpu,15750923,22489835,540949775
244.6062,gpu,0,0,0
244.8062,disk0,927463047004160,2088859192,12841144278586103
244.8062,disk0w,2189322989568,19751683,1284777010333
244.8062,disk4,2622351636480,5316216,40533784206603
244.8062,disk4w,2195456,171,27582691
244.8062,disk8,3600039094272,3622222,47304402761752
244.8062,disk8w,320163840,41745,1705073465
244.8062,disk6,4925808465920,8102275,87082507561483
244.8062,disk6w,380928,53,8067940
244.8062,ram,239075328,64043712512,282790
244.8062,cpu,15750923,22489835,540949775
244.8062,gpu,28,5,0
245.0062,disk0,927465249701888,2088863661,12841156238795556
245.0062,disk0w,2189322989568,19751683,1284777010333
245.0062,disk4,2623161571328,5317877,40539842930648
245.0062,disk4w,2195456,171,27582691
245.0062,disk8,3600636258304,3622834,47305212756553
245.0062,disk8w,320163840,41745,1705073465
245.0062,disk6,4927192029184,8104325,87093042951405
245.0062,disk6w,380928,53,8067940
245.0062,ram,239075328,64043712512,282790
245.0062,cpu,15750923,22489835,540949775
245.0062,gpu,0,0,0
245.2062,disk0,927467499245568,2088868518,12841169617090860
245.2062,disk0w,2189322989568,19751683,1284777010333
245.2062,disk4,2623921485824,5319419,40544790978107
245.2062,disk4w,2195456,171,27582691
245.2062,disk8,3601250985984,3623464,47305979976385
245.2062,disk8w,320163840,41745,1705073465
245.2062,disk6,4928521017344,8106253,87103676904119
245.2062,disk6w,380928,53,8067940
245.2062,ram,239075328,64043712512,282790
245.2062,cpu,15750923,22489835,540949775
245.2062,gpu,0,0,0
245.4038,disk0,927469629722624,2088873260,12841183762218750
245.4038,disk0w,2189322989568,19751683,1284777010333
245.4038,disk4,2624673921024,5320878,40550293054406
245.4038,disk4w,2195456,171,27582691
245.4038,disk8,3601760331776,3623986,47306587869211
245.4038,disk8w,320163840,41745,1705073465
245.4038,disk6,4929814190080,8108672,87116907503232
245.4038,disk6w,380928,53,8067940
245.4038,ram,277643264,65749221376,282790
245.4038,cpu,15750990,22489993,540951465
245.4038,gpu,0,0,0
245.6062,disk0,927471538081792,2088877853,12841191445027968
245.6062,disk0w,2189322989568,19751683,1284777010333
245.6062,disk4,2625485289472,5322480,40557517016978
245.6062,disk4w,2195456,171,27582691
245.6062,disk8,3602254211072,3624492,47307196682705
245.6062,disk8w,320163840,41745,1705073465
245.6062,disk6,4931115833344,8110911,87132401001637
245.6062,disk6w,380928,53,8067940
245.6062,ram,277643264,65749221376,282790
245.6062,cpu,15750990,22489993,540951465
245.6062,gpu,35,9,0
245.8062,disk0,927473706569728,2088884411,12841204537336276
245.8062,disk0w,2189322989568,19751683,1284777010333
245.8062,disk4,2626261555200,5324016,40562276706419
245.8062,disk4w,2195456,171,27582691
245.8062,disk8,3602981005312,3625237,47308139412790
245.8062,disk8w,320163840,41745,1705073465
245.8062,disk6,4932421412864,8113353,87145165239686
245.8062,disk6w,380928,53,8067940
245.8062,ram,277643264,65749221376,282790
245.8062,cpu,15750990,22489993,540951465
245.8062,gpu,0,0,0
246.0062,disk0,927475609186304,2088888567,12841213571675818
246.0062,disk0w,2189322989568,19751683,1284777010333
246.0062,disk4,2627030226944,5325571,40569149001348
246.0062,disk4w,2195456,171,27582691
246.0062,disk8,3603546122240,3625816,47309376015723
246.0062,disk8w,320163840,41745,1705073465
246.0062,disk6,4933561825280,8115315,87155895349789
246.0062,disk6w,380928,53,8067940
246.0062,ram,277643264,65749221376,282790
246.0062,cpu,15750990,22489993,540951465
246.0062,gpu,0,0,0
246.2031,disk0,927477926449152,2088892488,12841225230009619
246.2031,disk0w,2189322989568,19751683,1284777010333
246.2031,disk4,2627823679488,5327197,40575186213190
246.2031,disk4w,2195456,171,27582691
246.2031,disk8,3604069885952,3626353,47310091355707
246.2031,disk8w,320163840,41745,1705073465
246.2031,disk6,4934791882752,8116913,87164180753046
246.2031,disk6w,380928,53,8067940
246.2031,ram,277643264,65749221376,282790
246.2031,cpu,15750990,22489993,540951465
246.2031,gpu,0,0,0
246.4062,disk0,927480293113856,2088896932,12841237608395754
246.4062,disk0w,2189322989568,19751683,1284777010333
246.4062,disk4,2628659517440,5328909,40583060883074
246.4062,disk4w,2195456,171,27582691
246.4062,disk8,3604667049984,3626965,47310855266840
246.4062,disk8w,320163840,41745,1705073465
246.4062,disk6,4936080271360,8118728,87172684212393
246.4062,disk6w,380928,53,8067940
246.4062,ram,292405248,65593114624,282790
246.4062,cpu,15751071,22490150,540952973
246.4062,gpu,0,0,0
246.6062,disk0,927482618462208,2088901888,12841251988723001
246.6062,disk0w,2189322989568,19751683,1284777010333
246.6062,disk4,2629572917248,5330780,40592059555190
246.6062,disk4w,2195456,171,27582691
246.6062,disk8,3605308123136,3627622,47311664613990
246.6062,disk8w,320163840,41745,1705073465
246.6062,disk6,4937322801152,8120614,87179619682470
246.6062,disk6w,380928,53,8067940
246.6062,ram,292405248,65593114624,282790
246.6062,cpu,15751071,22490150,540952973
246.6062,gpu,0,0,0
246.8062,disk0,927484912435200,2088906526,12841264518289127
246.8062,disk0w,2189322989568,19751683,1284777010333
246.8062,disk4,2630508935168,5332606,40599120258193
246.8062,disk4w,2195456,171,27582691
246.8062,disk8,3605817468928,3628144,47312292325243
246.8062,disk8w,320163840,41745,1705073465
246.8062,disk6,4938606536704,8122757,87189229337472
246.8062,disk6w,380928,53,8067940
246.8062,ram,292405248,65593114624,282790
246.8062,cpu,15751071,22490150,540952973
246.8062,gpu,27,6,0
247.0062,disk0,927487081816064,2088911524,12841278415267212
247.0062,disk0w,2189322989568,19751683,1284777010333
247.0062,disk4,2631414994944,5334391,40607008821509
247.0062,disk4w,2195456,171,27582691
247.0062,disk8,3606400215040,3628741,47312980532259
247.0062,disk8w,320163840,41745,1705073465
247.0062,disk6,4939818117120,8124931,87200064444211
247.0062,disk6w,380928,53,8067940
247.0062,ram,292405248,65593114624,282790
247.0062,cpu,15751071,22490150,540952973
247.0062,gpu,0,0,0
247.2062,disk0,927489166368768,2088917616,12841290555983955
247.2062,disk0w,2189322989568,19751683,1284777010333
247.2062,disk4,2632115288064,5335776,40610908708937
247.2062,disk4w,2195456,171,27582691
247.2062,disk8,3607117178880,3629476,47313896485002
247.2062,disk8w,320163840,41745,1705073465
247.2062,disk6,4941128009728,8127174,87214154050234
247.2062,disk6w,380928,53,8067940
247.2062,ram,292405248,65593114624,282790
247.2062,cpu,15751071,22490150,540952973
247.2062,gpu,0,0,0
247.4062,disk0,927490854928384,2088920874,12841299108432353
247.4062,disk0w,2189322989568,19751683,1284777010333
247.4062,disk4,2632752789504,5337047,40615517133455
247.4062,disk4w,2195456,171,27582691
247.4062,disk8,3607538657280,3629908,47314884990227
247.4062,disk8w,320163840,41745,1705073465
247.4062,disk6,4942226933760,8129183,87227815587627
247.4062,disk6w,380928,53,8067940
247.4062,ram,304594944,64080412672,282790
247.4062,cpu,15751128,22490301,540954536
247.4062,gpu,0,0,0
247.6062,disk0,927493138366464,2088930770,12841316471935073
247.6062,disk0w,2189322989568,19751683,1284777010333
247.6062,disk4,2633578944512,5338742,40623158034151
247.6062,disk4w,2195456,171,27582691
247.6062,disk8,3608135821312,3630520,47315681679303
247.6062,disk8w,320163840,41745,1705073465
247.6062,disk6,4943364032512,8130858,87236348885718
247.6062,disk6w,380928,53,8067940
247.6062,ram,304594944,64080412672,282790
247.6062,cpu,15751128,22490301,540954536
247.6062,gpu,0,0,0
247.8062,disk0,927495083687936,2088934156,12841324023462018
247.8062,disk0w,2189322989568,19751683,1284777010333
247.8062,disk4,2634492442624,5340613,40631503377085
247.8062,disk4w,2195456,171,27582691
247.8062,disk8,3608777943040,3631178,47316441520685
247.8062,disk8w,320163840,41745,1705073465
247.8062,disk6,4944687908864,8132602,87245699812740
247.8062,disk6w,380928,53,8067940
247.8062,ram,304594944,64080412672,282790
247.8062,cpu,15751128,22490301,540954536
247.8062,gpu,0,0,0
248.0062,disk0,927497143762944,2088938230,12841333783684848
248.0062,disk0w,2189322989568,19751683,1284777010333
248.0062,disk4,2635281659904,5342234,40638761731623
248.0062,disk4w,2195456,171,27582691
248.0062,disk8,3609453094912,3631870,47317500110362
248.0062,disk8w,320163840,41745,1705073465
248.0062,disk6,4945925310464,8134544,87255164638966
248.0062,disk6w,380928,53,8067940
248.0062,ram,304594944,64080412672,282790
248.0062,cpu,15751128,22490301,540954536
248.0062,gpu,0,0,0
248.2062,disk0,927499499315200,2088943394,12841348455065705
248.2062,disk0w,2189322989568,19751683,1284777010333
248.2062,disk4,2636097222656,5343866,40645099070613
248.2062,disk4w,2195456,171,27582691
248.2062,disk8,3609980004352,3632410,47318090729936
248.2062,disk8w,320163840,41745,1705073465
248.2062,disk6,4947095603200,8136355,87264468486604
248.2062,disk6w,380928,53,8067940
248.2062,ram,304594944,64080412672,282790
248.2062,cpu,15751128,22490301,540954536
248.2062,gpu,0,0,0
248.4062,disk0,927501942882304,2088948712,12841365801951926
248.4062,disk0w,2189322989568,19751683,1284777010333
248.4062,disk4,2636766640128,5345169,40648831340928
248.4062,disk4w,2195456,171,27582691
248.4062,disk8,3610564847616,3633009,47318873819945
248.4062,disk8w,320163840,41745,1705073465
248.4062,disk6,4948204996608,8138299,87275016974353
248.4062,disk6w,380928,53,8067940
248.4062,ram,308559872,65668595712,282790
248.4062,cpu,15751196,22490478,540956122
248.4062,gpu,33,9,0
248.6062,disk0,927503751041024,2088952957,12841373779989830
248.6062,disk0w,2189322989568,19751683,1284777010333
248.6062,disk4,2637623605248,5346859,40656630810284
248.6062,disk4w,2195456,171,27582691
248.6062,disk8,3611174332416,3633634,47319643041357
248.6062,disk8w,320163840,41745,1705073465
248.6062,disk6,4949516175360,8140733,87289416098802
248.6062,disk6w,380928,53,8067940
248.6062,ram,308559872,65668595712,282790
248.6062,cpu,15751196,22490478,540956122
248.6062,gpu,0,0,0
248.8062,disk0,927505611149312,2088962104,12841385715237902
248.8062,disk0w,2189322989568,19751683,1284777010333
248.8062,disk4,2638204991488,5348012,40659266906692
248.8062,disk4w,2195456,171,27582691
248.8062,disk8,3611815405568,3634291,47320389921749
248.8062,disk8w,320163840,41745,1705073465
248.8062,disk6,4950883076096,8143107,87306245038752
248.8062,disk6w,380928,53,8067940
248.8062,ram,308559872,65668595712,282790
248.8062,cpu,15751196,22490478,540956122
248.8062,gpu,0,0,0
249.0062,disk0,927507811864576,2088966442,12841400087101398
249.0062,disk0w,2189322989568,19751683,1284777010333
249.0062,disk4,2638849669120,5349302,40663335347643
249.0062,disk4w,2195456,171,27582691
249.0062,disk8,3612418811904,3634909,47321328244712
249.0062,disk8w,320163840,41745,1705073465
249.0062,disk6,4951995435008,8145118,87316102058656
249.0062,disk6w,380928,53,8067940
249.0062,ram,308559872,65668595712,282790
249.0062,cpu,15751196,22490478,540956122
249.0062,gpu,0,0,0
249.2062,disk0,927510095081472,2088970885,12841411272432452
249.2062,disk0w,2189323005952,19751685,1284777051249
249.2062,disk4,2639732144128,5351111,40670295368834
249.2062,disk4w,2195456,171,27582691
249.2062,disk8,3612993169408,3635498,47322013797436
249.2062,disk8w,320163840,41745,1705073465
249.2062,disk6,4953202755584,8146810,87325032274851
249.2062,disk6w,380928,53,8067940
249.2062,ram,308559872,65668595712,282790
249.2062,cpu,15751196,22490478,540956122
249.2062,gpu,0,0,0
249.4055,disk0,927512239521792,2088974753,12841423218975362
249.4055,disk0w,2189323005952,19751685,1284777051249
249.4055,disk4,2640378771456,5352435,40675338528572
249.4055,disk4w,2195456,171,27582691
249.4055,disk8,3613554157568,3636073,47322716494920
249.4055,disk8w,320163840,41745,1705073465
249.4055,disk6,4954386909184,8148436,87333884561978
249.4055,disk6w,380928,53,8067940
249.4055,ram,396820480,65333575680,282790
249.4055,cpu,15751263,22490620,540957634
249.4055,gpu,0,0,0
249.6062,disk0,927514459209728,2088979533,12841438561800602
249.6062,disk0w,2189323005952,19751685,1284777051249
249.6062,disk4,2641098209280,5353911,40681154668261
249.6062,disk4w,2195456,171,27582691
249.6062,disk8,3614072285184,3636604,47323343923044
249.6062,disk8w,320163840,41745,1705073465
249.6062,disk6,4955538163712,8150090,87342010679790
249.6062,disk6w,380928,53,8067940
249.6062,ram,396820480,65333575680,282790
249.6062,cpu,15751263,22490620,540957634
249.6062,gpu,0,0,0
249.8049,disk0,927516813115392,2088984729,12841457836432380
249.8049,disk0w,2189323005952,19751685,1284777051249
249.8049,disk4,2641836242944,5355372,40687332415489
249.8049,disk4w,2195456,171,27582691
249.8049,disk8,3614573897728,3637118,47323895334992
249.8049,disk8w,320163840,41745,1705073465
249.8049,disk6,4956593981440,8151877,87349490232570
249.8049,disk6w,380928,53,8067940
249.8049,ram,396820480,65333575680,282790
249.8049,cpu,15751263,22490620,540957634
249.8049,gpu,41,6,0
250.0013,disk0,927519194185728,2088989520,12841472958192520
250.0013,disk0w,2189323005952,19751685,1284777051249
250.0013,disk4,2642589726720,5356847,40691901730814
250.0013,disk4w,2195456,171,27582691
250.0013,disk8,3615126104064,3637684,47324654291511
250.0013,disk8w,320163840,41745,1705073465
250.0013,disk6,4957784868864,8153907,87360265923677
250.0013,disk6w,380928,53,8067940
250.0013,ram,396820480,65333575680,282790
250.0013,cpu,15751263,22490620,540957634
250.0013,gpu,0,0,0
250.2062,disk0,927521626292224,2088996462,12841493814773944
250.2062,disk0w,2189323005952,19751685,1284777051249
250.2062,disk4,2643369146368,5358388,40696397639038
250.2062,disk4w,2195456,171,27582691
250.2062,disk8,3615854995456,3638431,47325603163042
250.2062,disk8w,320163840,41745,1705073465
250.2062,disk6,4959063033856,8156038,87369553010591
250.2062,disk6w,380928,53,8067940
250.2062,ram,396820480,65333575680,282790
250.2062,cpu,15751263,22490620,540957634
250.2062,gpu,0,0,0
250.4062,disk0,927523449012224,2088999981,12841500624477207
250.4062,disk0w,2189323005952,19751685,1284777051249
250.4062,disk4,2644058175488,5359761,40700645067543
250.4062,disk4w,2195456,171,27582691
250.4062,disk8,3616441182208,3639032,47327105385129
250.4062,disk8w,320163840,41745,1705073465
250.4062,disk6,4960272926720,8158440,87386060502212
250.4062,disk6w,380928,53,8067940
250.4062,ram,351649792,65188708352,282790
250.4062,cpu,15751338,22490779,540959179
250.4062,gpu,0,0,0
250.6062,disk0,927525606645760,2089004278,12841511995148012
250.6062,disk0w,2189323005952,19751685,1284777051249
250.6062,disk4,2644692400128,5361060,40704322694527
250.6062,disk4w,2195456,171,27582691
250.6062,disk8,3617101916160,3639709,47328298873542
250.6062,disk8w,320163840,41745,1705073465
250.6062,disk6,4961599555584,8160418,87398332942687
250.6062,disk6w,380928,53,8067940
250.6062,ram,351649792,65188708352,282790
250.6062,cpu,15751338,22490779,540959179
250.6062,gpu,0,0,0
250.8062,disk0,927528008294400,2089008374,12841524815295191
250.8062,disk0w,2189323005952,19751685,1284777051249
250.8062,disk4,2645488949248,5362695,40710405805421
250.8062,disk4w,2195456,171,27582691
250.8062,disk8,3617665001472,3640286,47328958098140
250.8062,disk8w,320163840,41745,1705073465
250.8062,disk6,4962860615680,8161997,87405650317715
250.8062,disk6w,380928,53,8067940
250.8062,ram,351649792,65188708352,282790
250.8062,cpu,15751338,22490779,540959179
250.8062,gpu,0,0,0
251.0062,disk0,927529879269376,2089012090,12841532442187271
251.0062,disk0w,2189323026432,19751686,1284777070540
251.0062,disk4,2646237616128,5364230,40715341532251
251.0062,disk4w,2195456,171,27582691
251.0062,disk8,3618225989632,3640861,47329609406000
251.0062,disk8w,320163840,41745,1705073465
251.0062,disk6,4964205201408,8163991,87420930751679
251.0062,disk6w,380928,53,8067940
251.0062,ram,351649792,65188708352,282790
251.0062,cpu,15751338,22490779,540959179
251.0062,gpu,0,0,0
251.2049,disk0,927532399345664,2089017527,12841554567025513
251.2049,disk0w,2189323026432,19751686,1284777070540
251.2049,disk4,2646849140736,5365466,40718186857841
251.2049,disk4w,2195456,171,27582691
251.2049,disk8,3618752899072,3641401,47330239521144
251.2049,disk8w,320163840,41745,1705073465
251.2049,disk6,4965301323776,8165491,87428188275559
251.2049,disk6w,380928,53,8067940
251.2049,ram,351649792,65188708352,282790
251.2049,cpu,15751338,22490779,540959179
251.2049,gpu,27,7,0
251.4062,disk0,927534776664064,2089022454,12841575401472454
251.4062,disk0w,2189327458304,19752022,1284785990172
251.4062,disk4,2647577360384,5366880,40723287965195
251.4062,disk4w,2195456,171,27582691
251.4062,disk8,3619280857088,3641942,47330816251839
251.4062,disk8w,321040384,41828,1708221981
251.4062,disk6,4966316722176,8167280,87435110995431
251.4062,disk6w,380928,53,8067940
251.4062,ram,406011904,65423409152,282790
251.4062,cpu,15751381,22490912,540960751
251.4062,gpu,29,7,0
251.6062,disk0,927536946511872,2089027057,12841587722026675
251.6062,disk0w,2189327458304,19752022,1284785990172
251.6062,disk4,2648298600448,5368305,40728665071272
251.6062,disk4w,2195456,171,27582691
251.6062,disk8,3619894536192,3642571,47331526291172
251.6062,disk8w,321040384,41828,1708221981
251.6062,disk6,4967635126272,8169475,87447490298492
251.6062,disk6w,380928,53,8067940
251.6062,ram,406011904,65423409152,282790
251.6062,cpu,15751381,22490912,540960751
251.6062,gpu,0,0,0
251.8062,disk0,927538973999104,2089032158,12841601385217475
251.8062,disk0w,2189327458304,19752022,1284785990172
251.8062,disk4,2648845334528,5369388,40731166093673
251.8062,disk4w,2195456,171,27582691
251.8062,disk8,3620561954816,3643255,47332323326615
251.8062,disk8w,321040384,41828,1708221981
251.8062,disk6,4969034221568,8172026,87463918925803
251.8062,disk6w,380928,53,8067940
251.8062,ram,406011904,65423409152,282790
251.8062,cpu,15751381,22490912,540960751
251.8062,gpu,0,0,0
252.0040,disk0,927540657278976,2089035406,12841608932025865
252.0040,disk0w,2189327458304,19752022,1284785990172
252.0040,disk4,2649459488768,5370625,40735954270837
252.0040,disk4w,2195456,171,27582691
252.0040,disk8,3621053687808,3643759,47333323574242
252.0040,disk8w,321040384,41828,1708221981
252.0040,disk6,4970220210176,8174299,87480254678797
252.0040,disk6w,380928,53,8067940
252.0040,ram,406011904,65423409152,282790
252.0040,cpu,15751381,22490912,540960751
252.0040,gpu,0,0,0
252.2038,disk0,927542780911616,2089042855,12841623707219190
252.2038,disk0w,2189327458304,19752022,1284785990172
252.2038,disk4,2650196473856,5372135,40740823003228
252.2038,disk4w,2195456,171,27582691
252.2038,disk8,3621668415488,3644389,47334071905866
252.2038,disk8w,321040384,41828,1708221981
252.2038,disk6,4971481237504,8176099,87491348315811
252.2038,disk6w,380928,53,8067940
252.2038,ram,406011904,65423409152,282790
252.2038,cpu,15751381,22490912,540960751
252.2038,gpu,37,6,0
252.4062,disk0,927545097936896,2089046909,12841634968649796
252.4062,disk0w,2189327458304,19752022,1284785990172
252.4062,disk4,2650828175360,5373428,40744149924517
252.4062,disk4w,2195456,171,27582691
252.4062,disk8,3622246574080,3644981,47334772180590
252.4062,disk8w,321040384,41828,1708221981
252.4062,disk6,4972888016896,8177913,87502584617548
252.4062,disk6w,380928,53,8067940
252.4062,ram,460685312,65318027264,282790
252.4062,cpu,15751439,22491049,540962385
252.4062,gpu,0,0,0
252.6062,disk0,927547552522240,2089052145,12841652746785283
252.6062,disk0w,2189327458304,19752022,1284785990172
252.6062,disk4,2651565160448,5374940,40749898951690
252.6062,disk4w,2195456,171,27582691
252.6062,disk8,3622857107456,3645607,47335555105956
252.6062,disk8w,321040384,41828,1708221981
252.6062,disk6,4974131283968,8179626,87509285150513
252.6062,disk6w,380928,53,8067940
252.6062,ram,460685312,65318027264,282790
252.6062,cpu,15751439,22491049,540962385
252.6062,gpu,0,0,0
252.8062,disk0,927550003032064,2089057384,12841668779708617
252.8062,disk0w,2189327458304,19752022,1284785990172
252.8062,disk4,2652319692800,5376422,40755128816993
252.8062,disk4w,2195456,171,27582691
252.8062,disk8,3623427926016,3646192,47336314447717
252.8062,disk8w,321040384,41828,1708221981
252.8062,disk6,4975322318848,8181567,87518632624140
252.8062,disk6w,380928,53,8067940
252.8062,ram,460685312,65318027264,282790
252.8062,cpu,15751439,22491049,540962385
252.8062,gpu,0,0,0
253.0062,disk0,927552495656960,2089062679,12841687725460706
253.0062,disk0w,2189327458304,19752022,1284785990172
253.0062,disk4,2652931373056,5377621,40758689607958
253.0062,disk4w,2195456,171,27582691
253.0062,disk8,3624022992896,3646802,47337058216719
253.0062,disk8w,321040384,41828,1708221981
253.0062,disk6,4976361474048,8183410,87527379849492
253.0062,disk6w,380928,53,8067940
253.0062,ram,460685312,65318027264,282790
253.0062,cpu,15751439,22491049,540962385
253.0062,gpu,0,0,0
253.2062,disk0,927554400149504,2089067662,12841699104416020
253.2062,disk0w,2189327458304,19752022,1284785990172
253.2062,disk4,2653783980032,5379307,40765558678685
253.2062,disk4w,2195456,171,27582691
253.2062,disk8,3624612423680,3647406,47337720820556
253.2062,disk8w,321040384,41828,1708221981
253.2062,disk6,4977600563200,8185434,87539495568640
253.2062,disk6w,380928,53,8067940
253.2062,ram,460685312,65318027264,282790
253.2062,cpu,15751439,22491049,540962385
253.2062,gpu,40,7,0
253.4062,disk0,927556144263168,2089070695,12841705354853400
253.4062,disk0w,2189327458304,19752022,1284785990172
253.4062,disk4,2654442911744,5380615,40769329023204
253.4062,disk4w,2195456,171,27582691
253.4062,disk8,3625070241792,3647872,47338537283487
253.4062,disk8w,321040384,41828,1708221981
253.4062,disk6,4978804267008,8187803,87556736738769
253.4062,disk6w,380928,53,8067940
253.4062,ram,492683264,64882966528,282790
253.4062,cpu,15751497,22491209,540963980
253.4062,gpu,40,7,0
253.6062,disk0,927558195044352,2089080958,12841720430879473
253.6062,disk0w,2189327458304,19752022,1284785990172
253.6062,disk4,2655247226880,5382262,40775546415030
253.6062,disk4w,2195456,171,27582691
253.6062,disk8,3625620121600,3648439,47340310318169
253.6062,disk8w,321040384,41828,1708221981
253.6062,disk6,4979878074368,8189437,87564426310169
253.6062,disk6w,380928,53,8067940
253.6062,ram,492683264,64882966528,282790
253.6062,cpu,15751499,22491211,540964014
253.6062,gpu,0,0,0
253.8062,disk0,927560526327808,2089085052,12841732769495920
253.8062,disk0w,2189327458304,19752022,1284785990172
253.8062,disk4,2656013400064,5383832,40781202448012
253.8062,disk4w,2195456,171,27582691
253.8062,disk8,3626319128576,3649155,47341429156804
253.8062,disk8w,321040384,41828,1708221981
253.8062,disk6,4981057656832,8190893,87571850700300
253.8062,disk6w,380928,53,8067940
253.8062,ram,492683264,64882966528,282790
253.8062,cpu,15751499,22491211,540964014
253.8062,gpu,0,0,0
254.0062,disk0,927562708926464,2089089077,12841745111258147
254.0062,disk0w,2189327458304,19752022,1284785990172
254.0062,disk4,2656681244672,5385201,40784387493009
254.0062,disk4w,2195456,171,27582691
254.0062,disk8,3626823231488,3649672,47342065190707
254.0062,disk8w,321040384,41828,1708221981
254.0062,disk6,4982369146880,8192822,87584328443321
254.0062,disk6w,380928,53,8067940
254.0062,ram,492683264,64882966528,282790
254.0062,cpu,15751499,22491211,540964014
254.0062,gpu,0,0,0
254.2062,disk0,927565057363968,2089093881,12841757269877155
254.2062,disk0w,2189327458304,19752022,1284785990172
254.2062,disk4,2657359443968,5386562,40789728094054
254.2062,disk4w,2195456,171,27582691
254.2062,disk8,3627367704576,3650230,47342780345020
254.2062,disk8w,321040384,41828,1708221981
254.2062,disk6,4983591884800,8194588,87595074003241
254.2062,disk6w,380928,53,8067940
254.2062,ram,492683264,64882966528,282790
254.2062,cpu,15751499,22491211,540964014
254.2062,gpu,0,0,0
254.4062,disk0,927567396974592,2089098873,12841775420173222
254.4062,disk0w,2189327458304,19752022,1284785990172
254.4062,disk4,2658106243072,5388015,40794385663775
254.4062,disk4w,2195456,171,27582691
254.4062,disk8,3627872462848,3650747,47343315235963
254.4062,disk8w,321040384,41828,1708221981
254.4062,disk6,4984760834048,8196697,87604548945832
254.4062,disk6w,380928,53,8067940
254.4062,ram,510820352,65401159680,282790
254.4062,cpu,15751546,22491335,540965519
254.4062,gpu,0,0,0
254.6062,disk0,927569460908032,2089103370,12841789849619318
254.6062,disk0w,2189327458304,19752022,1284785990172
254.6062,disk4,2658805512192,5389396,40798378595027
254.6062,disk4w,2195456,171,27582691
254.6062,disk8,3628363196416,3651250,47343890898888
254.6062,disk8w,321040384,41828,1708221981
254.6062,disk6,4986008803328,8198846,87617709420874
254.6062,disk6w,380928,53,8067940
254.6062,ram,510820352,65401159680,282790
254.6062,cpu,15751546,22491335,540965519
254.6062,gpu,0,0,0
254.8059,disk0,927571769081856,2089108410,12841801158006644
254.8059,disk0w,2189327458304,19752022,1284785990172
254.8059,disk4,2659467229184,5390702,40803571184126
254.8059,disk4w,2195456,171,27582691
254.8059,disk8,3628996536320,3651899,47344641860304
254.8059,disk8w,321040384,41828,1708221981
254.8059,disk6,4987300608000,8201413,87631489897022
254.8059,disk6w,380928,53,8067940
254.8059,ram,510820352,65401159680,282790
254.8059,cpu,15751546,22491335,540965519
254.8059,gpu,39,10,0
255.0062,disk0,927573696757760,2089114175,12841813047736386
255.0062,disk0w,2189327458304,19752022,1284785990172
255.0062,disk4,2660205869056,5392212,40808721621176
255.0062,disk4w,2195456,171,27582691
255.0062,disk8,3629594683392,3652512,47345896566891
255.0062,disk8w,321040384,41828,1708221981
255.0062,disk6,4988474574848,8203341,87641841587228
255.0062,disk6w,380928,53,8067940
255.0062,ram,510820352,65401159680,282790
255.0062,cpu,15751546,22491335,540965519
255.0062,gpu,0,0,0
255.2062,disk0,927576133799936,2089118578,12841825739346163
255.2062,disk0w,2189327458304,19752022,1284785990172
255.2062,disk4,2660948629504,5393735,40813763070666
255.2062,disk4w,2195456,171,27582691
255.2062,disk8,3630291986432,3653227,47347014807236
255.2062,disk8w,321040384,41828,1708221981
255.2062,disk6,4989729949696,8204860,87649433499012
255.2062,disk6w,380928,53,8067940
255.2062,ram,510820352,65401159680,282790
255.2062,cpu,15751546,22491335,540965519
255.2062,gpu,0,0,0
255.4062,disk0,927578573320192,2089123173,12841841359623726
255.4062,disk0w,2189327458304,19752022,1284785990172
255.4062,disk4,2661739968512,5395358,40819901417541
255.4062,disk4w,2195456,171,27582691
255.4062,disk8,3630862804992,3653812,47347704722129
255.4062,disk8w,321040384,41828,1708221981
255.4062,disk6,4990987929600,8206678,87656836603525
255.4062,disk6w,380928,53,8067940
255.4062,ram,523567104,65374011392,282790
255.4062,cpu,15751594,22491469,540967181
255.4062,gpu,0,0,0
255.6063,disk0,927580686086144,2089127628,12841852542979627
255.6063,disk0w,2189327458304,19752022,1284785990172
255.6063,disk4,2662285260800,5396462,40822971857090
255.6063,disk4w,2195456,171,27582691
255.6063,disk8,3631372150784,3654334,47348326360241
255.6063,disk8w,321040384,41828,1708221981
255.6063,disk6,4992335812608,8208501,87670299668069
255.6063,disk6w,380928,53,8067940
255.6063,ram,523567104,65374011392,282790
255.6063,cpu,15751595,22491473,540967248
255.6063,gpu,0,0,0
255.8063,disk0,927583233765376,2089133138,12841874890643115
255.8063,disk0w,2189327458304,19752022,1284785990172
255.8063,disk4,2662895974400,5397647,40827310498796
255.8063,disk4w,2195456,171,27582691
255.8063,disk8,3631899060224,3654874,47348980442399
255.8063,disk8w,321040384,41828,1708221981
255.8063,disk6,4993474467840,8210430,87677520616325
255.8063,disk6w,380928,53,8067940
255.8063,ram,523567104,65374011392,282790
255.8063,cpu,15751595,22491473,540967248
255.8063,gpu,0,0,0
256.0063,disk0,927585322815488,2089137638,12841884911338995
256.0063,disk0w,2189327474688,19752026,1284786076212
256.0063,disk4,2663584151552,5399008,40831136029639
256.0063,disk4w,2195456,171,27582691
256.0063,disk8,3632496224256,3655486,47349767056344
256.0063,disk8w,321040384,41828,1708221981
256.0063,disk6,4994781435904,8212785,87693738233075
256.0063,disk6w,380928,53,8067940
256.0063,ram,523567104,65374011392,282790
256.0063,cpu,15751595,22491473,540967248
256.0063,gpu,30,5,0
256.2034,disk0,927587216052224,2089142315,12841893749865665
256.2034,disk0w,2189327474688,19752026,1284786076212
256.2034,disk4,2664199206912,5400222,40835113165874
256.2034,disk4w,2195456,171,27582691
256.2034,disk8,3633119733760,3656125,47350707451216
256.2034,disk8w,321040384,41828,1708221981
256.2034,disk6,4996117440512,8215214,87710598641388
256.2034,disk6w,380928,53,8067940
256.2034,ram,523567104,65374011392,282790
256.2034,cpu,15751595,22491473,540967248
256.2034,gpu,0,0,0
256.4063,disk0,927589100478464,2089145836,12841903248943636
256.4063,disk0w,2189327474688,19752026,1284786076212
256.4063,disk4,2664883550208,5401610,40839250638731
256.4063,disk4w,2195456,171,27582691
256.4063,disk8,3633612498944,3656630,47351724051713
256.4063,disk8w,321040384,41828,1708221981
256.4063,disk6,4997303789568,8217175,87723729283872
256.4063,disk6w,380928,53,8067940
256.4063,ram,386351104,65520189440,282790
256.4063,cpu,15751634,22491592,540968797
256.4063,gpu,0,0,0
256.6063,disk0,927591306567680,2089152741,12841915788115620
256.6063,disk0w,2189327474688,19752026,1284786076212
256.6063,disk4,2665585063936,5403046,40844250073176
256.6063,disk4w,2195456,171,27582691
256.6063,disk8,3634310457344,3657345,47353006121595
256.6063,disk8w,321040384,41828,1708221981
256.6063,disk6,4998583805952,8218856,87734532089113
256.6063,disk6w,380928,53,8067940
256.6063,ram,386351104,65520189440,282790
256.6063,cpu,15751634,22491592,540968803
256.6063,gpu,35,7,0
256.8063,disk0,927593568665600,2089156813,12841928882476212
256.8063,disk0w,2189327474688,19752026,1284786076212
256.8063,disk4,2666225121280,5404355,40848751982576
256.8063,disk4w,2195456,171,27582691
256.8063,disk8,3634893203456,3657942,47353787114060
256.8063,disk8w,321040384,41828,1708221981
256.8063,disk6,4999825188864,8220565,87743849022662
256.8063,disk6w,380928,53,8067940
256.8063,ram,386351104,65520189440,282790
256.8063,cpu,15751634,22491592,540968803
256.8063,gpu,31,7,0
257.0063,disk0,927596060954624,2089162105,12841948976971644
257.0063,disk0w,2189327474688,19752026,1284786076212
257.0063,disk4,2667074344960,5406095,40854883423069
257.0063,disk4w,2195456,171,27582691
257.0063,disk8,3635534669824,3658600,47354598531577
257.0063,disk8w,321040384,41828,1708221981
257.0063,disk6,5000938809344,8222211,87749375075551
257.0063,disk6w,380928,53,8067940
257.0063,ram,386351104,65520189440,282790
257.0063,cpu,15751634,22491592,540968803
257.0063,gpu,39,3,0
257.2063,disk0,927598277652480,2089166606,12841961071169469
257.2063,disk0w,2189327474688,19752026,1284786076212
257.2063,disk4,2667831506944,5407573,40859798023111
257.2063,disk4w,2195456,171,27582691
257.2063,disk8,3636052797440,3659131,47355163216850
257.2063,disk8w,321040384,41828,1708221981
257.2063,disk6,5002265872384,8224380,87762054725711
257.2063,disk6w,380928,53,8067940
257.2063,ram,386351104,65520189440,282790
257.2063,cpu,15751634,22491592,540968803
257.2063,gpu,0,0,0
257.4058,disk0,927600596344832,2089171530,12841979466666429
257.4058,disk0w,2189327474688,19752026,1284786076212
257.4058,disk4,2668340377600,5408574,40861959283737
257.4058,disk4w,2195456,171,27582691
257.4058,disk8,3636580755456,3659672,47355833388968
257.4058,disk8w,321040384,41828,1708221981
257.4058,disk6,5003370072064,8226514,87775374346660
257.4058,disk6w,380928,53,8067940
257.4058,ram,441991168,65423540224,282790
257.4058,cpu,15751674,22491714,540970413
257.4058,gpu,0,0,0
257.6063,disk0,927602365550592,2089176350,12841988657221667
257.6063,disk0w,2189327474688,19752026,1284786076212
257.6063,disk4,2669073315840,5410020,40866630221762
257.6063,disk4w,2195456,171,27582691
257.6063,disk8,3637235853312,3660343,47356825612326
257.6063,disk8w,321040384,41828,1708221981
257.6063,disk6,5004712368128,8228701,87790573740551
257.6063,disk6w,380928,53,8067940
257.6063,ram,441991168,65423540224,282790
257.6063,cpu,15751681,22491727,540970509
257.6063,gpu,0,0,0
257.8063,disk0,927604209168384,2089179619,12841999880658939
257.8063,disk0w,2189327474688,19752026,1284786076212
257.8063,disk4,2669766055936,5411408,40872740704511
257.8063,disk4w,2195456,171,27582691
257.8063,disk8,3637677385728,3660796,47357517531799
257.8063,disk8w,321040384,41828,1708221981
257.8063,disk6,5005771118592,8230675,87801369968430
257.8063,disk6w,380928,53,8067940
257.8063,ram,441991168,65423540224,282790
257.8063,cpu,15751681,22491727,540970509
257.8063,gpu,0,0,0
258.0063,disk0,927606233489408,2089186479,12842012549011653
258.0063,disk0w,2189327503360,19752030,1284786118211
258.0063,disk4,2670472378368,5412857,40877933731108
258.0063,disk4w,2195456,171,27582691
258.0063,disk8,3638336022528,3661471,47358323940900
258.0063,disk8w,321040384,41828,1708221981
258.0063,disk6,5007156041728,8232568,87812774422753
258.0063,disk6w,380928,53,8067940
258.0063,ram,441991168,65423540224,282790
258.0063,cpu,15751681,22491727,540970509
258.0063,gpu,33,14,0
258.2063,disk0,927608357249024,2089190213,12842023274832276
258.2063,disk0w,2189328310272,19752172,1284789775708
258.2063,disk4,2671308756992,5414572,40886553535743
258.2063,disk4w,2195456,171,27582691
258.2063,disk8,3638943016960,3662093,47359195501361
258.2063,disk8w,321040384,41828,1708221981
258.2063,disk6,5008483997696,8234253,87819681300190
258.2063,disk6w,380928,53,8067940
258.2063,ram,441991168,65423540224,282790
258.2063,cpu,15751681,22491727,540970509
258.2063,gpu,0,0,0
258.4063,disk0,927610589712384,2089194366,12842037446309185
258.4063,disk0w,2189333880832,19752256,1284792272721
258.4063,disk4,2671965247488,5415918,40890013378262
258.4063,disk4w,2195456,171,27582691
258.4063,disk8,3639533496320,3662698,47359948789413
258.4063,disk8w,321040384,41828,1708221981
258.4063,disk6,5009756854272,8236217,87830473601116
258.4063,disk6w,380928,53,8067940
258.4063,ram,468451328,65362903040,282790
258.4063,cpu,15751740,22491876,540971967
258.4063,gpu,36,6,0
258.6063,disk0,927613017419776,2089199521,12842057086466778
258.6063,disk0w,2189333884928,19752257,1284792282262
258.6063,disk4,2672602429440,5417189,40893188080526
258.6063,disk4w,2195456,171,27582691
258.6063,disk8,3640048478208,3663226,47360658337485
258.6063,disk8w,321040384,41828,1708221981
258.6063,disk6,5010989389824,8238093,87839470762472
258.6063,disk6w,380928,53,8067940
258.6063,ram,468762624,65362903040,282790
258.6063,cpu,15751740,22491880,540972038
258.6063,gpu,0,0,0
258.8063,disk0,927615360942080,2089204432,12842072724265055
258.8063,disk0w,2189333884928,19752257,1284792282262
258.8063,disk4,2673392072704,5418729,40898005654919
258.8063,disk4w,2195456,171,27582691
258.8063,disk8,3640544454656,3663734,47361232271436
258.8063,disk8w,321040384,41828,1708221981
258.8063,disk6,5012223924224,8240153,87849882658258
258.8063,disk6w,380928,53,8067940
258.8063,ram,468762624,65362903040,282790
258.8063,cpu,15751740,22491880,540972038
258.8063,gpu,0,0,0
259.0063,disk0,927616950050816,2089207843,12842079283680605
259.0063,disk0w,2189333884928,19752257,1284792282262
259.0063,disk4,2673955534848,5419846,40900310240165
259.0063,disk4w,2195456,171,27582691
259.0063,disk8,3641172551680,3664378,47361979523884
259.0063,disk8w,321040384,41828,1708221981
259.0063,disk6,5013623216128,8242567,87870113755987
259.0063,disk6w,380928,53,8067940
259.0063,ram,468762624,65362903040,282790
259.0063,cpu,15751740,22491880,540972038
259.0063,gpu,0,0,0
259.2063,disk0,927619106648064,2089215181,12842095486869126
259.2063,disk0w,2189333884928,19752257,1284792282262
259.2063,disk4,2674674595840,5421263,40904477591625
259.2063,disk4w,2195456,171,27582691
259.2063,disk8,3641779546112,3665000,47362819315475
259.2063,disk8w,321040384,41828,1708221981
259.2063,disk6,5014826031104,8245068,87885244159908
259.2063,disk6w,380928,53,8067940
259.2063,ram,468762624,65362903040,282790
259.2063,cpu,15751740,22491880,540972038
259.2063,gpu,33,6,0
259.4063,disk0,927620983672832,2089220099,12842110557904352
259.4063,disk0w,2189333884928,19752257,1284792282262
259.4063,disk4,2675234011136,5422404,40907803251217
259.4063,disk4w,2195456,171,27582691
259.4063,disk8,3642340452352,3665575,47364122863071
259.4063,disk8w,321040384,41828,1708221981
259.4063,disk6,5015782283264,8246633,87894206512471
259.4063,disk6w,380928,53,8067940
259.4063,ram,407584768,65393901568,282790
259.4063,cpu,15751801,22492019,540973541
259.4063,gpu,0,0,0
259.6063,disk0,927623265046528,2089224118,12842124210845753
259.6063,disk0w,2189333889024,19752258,1284792294470
259.6063,disk4,2675861911552,5423690,40911822930705
259.6063,disk4w,2195456,171,27582691
259.6063,disk8,3642981525504,3666232,47364946552596
259.6063,disk8w,321040384,41828,1708221981
259.6063,disk6,5017051371520,8248294,87903701013371
259.6063,disk6w,380928,53,8067940
259.6063,ram,408223744,65427488768,282790
259.6063,cpu,15751802,22492025,540973611
259.6063,gpu,43,6,0
259.8056,disk0,927625596375040,2089228692,12842137485818481
259.8056,disk0w,2189333889024,19752258,1284792294470
259.8056,disk4,2676859631616,5425736,40921539503541
259.8056,disk4w,2195456,171,27582691
259.8056,disk8,3643587471360,3666853,47365712770513
259.8056,disk8w,321040384,41828,1708221981
259.8056,disk6,5018203985920,8249858,87909899180228
259.8056,disk6w,380928,53,8067940
259.8056,ram,408223744,65427488768,282790
259.8056,cpu,15751802,22492025,540973611
259.8056,gpu,0,0,0
260.0051,disk0,927627952672768,2089233413,12842151356100810
260.0051,disk0w,2189333889024,19752258,1284792294470
260.0051,disk4,2677596616704,5427244,40926388295949
260.0051,disk4w,2195456,171,27582691
260.0051,disk8,3644143872000,3667423,47366336078167
260.0051,disk8w,321040384,41828,1708221981
260.0051,disk6,5019456641024,8251598,87919652830988
260.0051,disk6w,380928,53,8067940
260.0051,ram,408223744,65427488768,282790
260.0051,cpu,15751802,22492025,540973611
260.0051,gpu,0,0,0
260.2063,disk0,927630276333568,2089238374,12842167532860962
260.2063,disk0w,2189333889024,19752258,1284792294470
260.2063,disk4,2678294689792,5428598,40929992252469
260.2063,disk4w,2195456,171,27582691
260.2063,disk8,3644693981184,3667987,47366972793274
260.2063,disk8w,321040384,41828,1708221981
260.2063,disk6,5020690917376,8253603,87930451834146
260.2063,disk6w,380928,53,8067940
260.2063,ram,408223744,65427488768,282790
260.2063,cpu,15751802,22492025,540973611
260.2063,gpu,0,0,0
260.4063,disk0,927632247083008,2089242857,12842177299971492
260.4063,disk0w,2189333889024,19752258,1284792294470
260.4063,disk4,2679018993664,5430027,40934839059954
260.4063,disk4w,2195456,171,27582691
260.4063,disk8,3645273581568,3668581,47367836724287
260.4063,disk8w,321040384,41828,1708221981
260.4063,disk6,5022043973632,8255982,87947396268653
260.4063,disk6w,380928,53,8067940
260.4063,ram,449888256,65379909632,282790
260.4063,cpu,15751851,22492150,540975138
260.4063,gpu,0,0,0
260.6018,disk0,927634106802176,2089247783,12842186736890547
260.6018,disk0w,2189333893120,19752259,1284792306511
260.6018,disk4,2679865178112,5431697,40942010722151
260.6018,disk4w,2195456,171,27582691
260.6018,disk8,3645879527424,3669202,47368647824871
260.6018,disk8w,321040384,41828,1708221981
260.6018,disk6,5023373010944,8258553,87963442941747
260.6018,disk6w,380928,53,8067940
260.6018,ram,449855488,63757320192,282790
260.6018,cpu,15751856,22492158,540975204
260.6018,gpu,35,6,0
260.8063,disk0,927636128092160,2089252149,12842198970806019
260.8063,disk0w,2189334286336,19752294,1284792895499
260.8063,disk4,2680691087360,5433375,40947272523310
260.8063,disk4w,2195456,171,27582691
260.8063,disk8,3646485407744,3669823,47369871037620
260.8063,disk8w,321040384,41828,1708221981
260.8063,disk6,5024573450240,8260556,87975002602118
260.8063,disk6w,380928,53,8067940
260.8063,ram,449855488,63757320192,282790
260.8063,cpu,15751856,22492158,540975204
260.8063,gpu,0,0,0
261.0040,disk0,927638162255872,2089255752,12842207721028999
261.0040,disk0w,2189334286336,19752294,1284792895499
261.0040,disk4,2681395607552,5434820,40952053690326
261.0040,disk4w,2195456,171,27582691
261.0040,disk8,3647082571776,3670435,47370561614546
261.0040,disk8w,321040384,41828,1708221981
261.0040,disk6,5025907763200,8262283,87986559955907
261.0040,disk6w,380928,53,8067940
261.0040,ram,449855488,63757320192,282790
261.0040,cpu,15751856,22492158,540975204
261.0040,gpu,0,0,0
261.2063,disk0,927640584187904,2089260014,12842221679772118
261.2063,disk0w,2189334286336,19752294,1284792895499
261.2063,disk4,2682034124800,5436126,40955804667474
261.2063,disk4w,2195456,171,27582691
261.2063,disk8,3647728887808,3671097,47371464414623
261.2063,disk8w,321040384,41828,1708221981
261.2063,disk6,5027200247808,8264126,87995785223034
261.2063,disk6w,380928,53,8067940
261.2063,ram,449855488,63757320192,282790
261.2063,cpu,15751856,22492158,540975204
261.2063,gpu,46,7,0
261.4063,disk0,927642826977280,2089264381,12842231991116869
261.4063,disk0w,2189334433792,19752306,1284793106163
261.4063,disk4,2682802124800,5437702,40961461705581
261.4063,disk4w,2195456,171,27582691
261.4063,disk8,3648382281728,3671767,47372392521721
261.4063,disk8w,321040384,41828,1708221981
261.4063,disk6,5028512819200,8266237,88007505283593
261.4063,disk6w,380928,53,8067940
261.4063,ram,78512128,65861091328,282799
261.4063,cpu,15751908,22492284,540976728
261.4063,gpu,0,0,0
261.6063,disk0,927645151080448,2089268975,12842245692149750
261.6063,disk0w,2189334433792,19752306,1284793106163
261.6063,disk4,2683606579200,5439280,40968668698225
261.6063,disk4w,2195456,171,27582691
261.6063,disk8,3648959391744,3672358,47373113565942
261.6063,disk8w,321040384,41828,1708221981
261.6063,disk6,5029757356032,8268497,88017457773529
261.6063,disk6w,380928,53,8067940
261.6063,ram,78512128,65861091328,282799
261.6063,cpu,15751911,22492286,540976761
261.6063,gpu,0,0,0
261.8063,disk0,927647522447360,2089273854,12842264128763618
261.8063,disk0w,2189334433792,19752306,1284793106163
261.8063,disk4,2683978741760,5440013,40970029567944
261.8063,disk4w,2195456,171,27582691
261.8063,disk8,3649629300736,3673045,47374084607464
261.8063,disk8w,321040384,41828,1708221981
261.8063,disk6,5031007438848,8270858,88031051393101
261.8063,disk6w,380928,53,8067940
261.8063,ram,78512128,65861091328,282799
261.8063,cpu,15751911,22492286,540976761
261.8063,gpu,0,0,0
262.0063,disk0,927649661267968,2089282579,12842279660138581
262.0063,disk0w,2189334433792,19752306,1284793106163
262.0063,disk4,2684676962304,5441390,40973636323361
262.0063,disk4w,2195456,171,27582691
262.0063,disk8,3650334992384,3673768,47375123914804
262.0063,disk8w,321040384,41828,1708221981
262.0063,disk6,5032296466432,8273068,88043756078150
262.0063,disk6w,380928,53,8067940
262.0063,ram,78512128,65861091328,282799
262.0063,cpu,15751911,22492286,540976761
262.0063,gpu,0,0,0
262.2063,disk0,927651569733632,2089286069,12842294858642954
262.2063,disk0w,2189334433792,19752306,1284793106163
262.2063,disk4,2685281957888,5442599,40978318123082
262.2063,disk4w,2195456,171,27582691
262.2063,disk8,3650757502976,3674201,47375926398033
262.2063,disk8w,321040384,41828,1708221981
262.2063,disk6,5033182496768,8274575,88051885272270
262.2063,disk6w,380928,53,8067940
262.2063,ram,78512128,65861091328,282799
262.2063,cpu,15751911,22492286,540976761
262.2063,gpu,0,0,0
262.4053,disk0,927653865992192,2089290281,12842308177119380
262.4053,disk0w,2189334446080,19752309,1284793140537
262.4053,disk4,2685938415616,5443944,40981633329215
262.4053,disk4w,2195456,171,27582691
262.4053,disk8,3651385600000,3674845,47376756392492
262.4053,disk8w,321040384,41828,1708221981
262.4053,disk6,5034411542528,8276489,88063186151995
262.4053,disk6w,380928,53,8067940
262.4053,ram,110804992,65827930112,282799
262.4053,cpu,15751911,22492286,540976761
262.4053,gpu,31,8,0
262.6017,disk0,927656015405056,2089293864,12842316922739873
262.6017,disk0w,2189334478848,19752317,1284793259117
262.6017,disk4,2686633490432,5445371,40985555765356
262.6017,disk4w,2195456,171,27582691
262.6017,disk8,3651921291264,3675394,47377479047019
262.6017,disk8w,321040384,41828,1708221981
262.6017,disk6,5035771578368,8278172,88074264271508
262.6017,disk6w,380928,53,8067940
262.6017,ram,111247360,65518141440,282799
262.6017,cpu,15751969,22492426,540978311
262.6017,gpu,0,0,0
262.8015,disk0,927658171461632,2089298022,12842326228091150
262.8015,disk0w,2189334487040,19752319,1284793286408
262.8015,disk4,2687440664576,5447024,40991984330449
262.8015,disk4w,2195456,171,27582691
262.8015,disk8,3652448200704,3675934,47378024782267
262.8015,disk8w,321040384,41828,1708221981
262.8015,disk6,5037166364672,8280257,88086271030058
262.8015,disk6w,380928,53,8067940
262.8015,ram,111247360,65518141440,282799
262.8015,cpu,15751969,22492426,540978311
262.8015,gpu,0,0,0
263.0063,disk0,927660548833280,2089303076,12842342035160089
263.0063,disk0w,2189334487040,19752319,1284793286408
263.0063,disk4,2688416774144,5448975,41002550123011
263.0063,disk4w,2195456,171,27582691
263.0063,disk8,3652948764672,3676447,47378594582347
263.0063,disk8w,321040384,41828,1708221981
263.0063,disk6,5038258325504,8281970,88091952111525
263.0063,disk6w,380928,53,8067940
263.0063,ram,111247360,65518141440,282799
263.0063,cpu,15751969,22492426,540978311
263.0063,gpu,0,0,0
263.2063,disk0,927663099351040,2089308476,12842360023146166
263.2063,disk0w,2189334491136,19752320,1284793299699
263.2063,disk4,2689081341952,5450272,41007154090838
263.2063,disk4w,2195456,171,27582691
263.2063,disk8,3653435959296,3676946,47379200101427
263.2063,disk8w,321040384,41828,1708221981
263.2063,disk6,5039466711040,8284123,88101457045697
263.2063,disk6w,380928,53,8067940
263.2063,ram,111247360,65518141440,282799
263.2063,cpu,15751969,22492426,540978311
263.2063,gpu,42,6,0
263.4057,disk0,927665490366464,2089315014,12842379336847684
263.4057,disk0w,2189334503424,19752323,1284793352781
263.4057,disk4,2689904769024,5451897,41012371202605
263.4057,disk4w,2195456,171,27582691
263.4057,disk8,3654196832256,3677726,47380287280956
263.4057,disk8w,321040384,41828,1708221981
263.4057,disk6,5040687810560,8286290,88110159481308
263.4057,disk6w,380928,53,8067940
263.4057,ram,178454528,65596604416,282799
263.4057,cpu,15751969,22492426,540978311
263.4057,gpu,48,11,0
263.6063,disk0,927667628396544,2089318781,12842391049524492
263.6063,disk0w,2189334503424,19752323,1284793352781
263.6063,disk4,2690555312128,5453185,41017629134641
263.6063,disk4w,2195456,171,27582691
263.6063,disk8,3654757820416,3678301,47381151172517
263.6063,disk8w,321040384,41828,1708221981
263.6063,disk6,5041885513728,8288689,88120534625797
263.6063,disk6w,380928,53,8067940
263.6063,ram,180469760,63965364224,282799
263.6063,cpu,15752034,22492593,540979894
263.6063,gpu,0,0,0
263.8063,disk0,927669337260032,2089322835,12842399182461003
263.8063,disk0w,2189334503424,19752323,1284793352781
263.8063,disk4,2691192780800,5454492,41024072316036
263.8063,disk4w,2195456,171,27582691
263.8063,disk8,3655353853952,3678912,47382900787828
263.8063,disk8w,321040384,41828,1708221981
263.8063,disk6,5043150833664,8290578,88133416554887
263.8063,disk6w,380928,53,8067940
263.8063,ram,180469760,63965364224,282799
263.8063,cpu,15752034,22492593,540979894
263.8063,gpu,44,5,0
264.0063,disk0,927671307206656,2089326243,12842409973789732
264.0063,disk0w,2189334503424,19752323,1284793352781
264.0063,disk4,2691836262400,5455811,41028728381557
264.0063,disk4w,2195456,171,27582691
264.0063,disk8,3655934502912,3679507,47383650147552
264.0063,disk8w,321040384,41828,1708221981
264.0063,disk6,5044353599488,8292005,88142872988738
264.0063,disk6w,380928,53,8067940
264.0063,ram,180469760,63965364224,282799
264.0063,cpu,15752034,22492593,540979894
264.0063,gpu,35,7,0
264.2063,disk0,927673366675456,2089329969,12842420714404292
264.2063,disk0w,2189334503424,19752323,1284793352781
264.2063,disk4,2692694636544,5457569,41036551221635
264.2063,disk4w,2195456,171,27582691
264.2063,disk8,3656376739840,3679960,47384173846777
264.2063,disk8w,321040384,41828,1708221981
264.2063,disk6,5045567653888,8293725,88152099668966
264.2063,disk6w,380928,53,8067940
264.2063,ram,180469760,63965364224,282799
264.2063,cpu,15752034,22492593,540979894
264.2063,gpu,0,0,0
264.4063,disk0,927675769335808,2089334900,12842431833649013
264.4063,disk0w,2189334507520,19752324,1284793364531
264.4063,disk4,2693622560768,5459467,41043764859462
264.4063,disk4w,2195456,171,27582691
264.4063,disk8,3657060673536,3680661,47385256435115
264.4063,disk8w,321040384,41828,1708221981
264.4063,disk6,5046899542016,8295644,88161333556039
264.4063,disk6w,380928,53,8067940
264.4063,ram,208617472,65658273792,282799
264.4063,cpu,15752034,22492593,540979894
264.4063,gpu,0,0,0
264.6063,disk0,927677953748992,2089339482,12842444878364022
264.6063,disk0w,2189334507520,19752324,1284793364531
264.6063,disk4,2694361249792,5460898,41048207445616
264.6063,disk4w,2195456,171,27582691
264.6063,disk8,3657611831296,3681226,47385921436171
264.6063,disk8w,321040384,41828,1708221981
264.6063,disk6,5048248289280,8298030,88175458059944
264.6063,disk6w,380928,53,8067940
264.6063,ram,208617472,65658273792,282799
264.6063,cpu,15752087,22492715,540981498
264.6063,gpu,0,0,0
264.8063,disk0,927679950483456,2089343841,12842454272495660
264.8063,disk0w,2189334507520,19752324,1284793364531
264.8063,disk4,2695137245184,5462431,41053386116807
264.8063,disk4w,2195456,171,27582691
264.8063,disk8,3658244122624,3681874,47386832736835
264.8063,disk8w,321040384,41828,1708221981
264.8063,disk6,5049619908608,8300549,88192047160416
264.8063,disk6w,380928,53,8067940
264.8063,ram,208617472,65658273792,282799
264.8063,cpu,15752087,22492715,540981498
264.8063,gpu,0,0,0
265.0063,disk0,927681864052736,2089348851,12842464789732788
265.0063,disk0w,2189334507520,19752324,1284793364531
265.0063,disk4,2695942322176,5464023,41058513746093
265.0063,disk4w,2195456,171,27582691
265.0063,disk8,3658885195776,3682531,47387692218460
265.0063,disk8w,321040384,41828,1708221981
265.0063,disk6,5050961209344,8302775,88206432090325
265.0063,disk6w,380928,53,8067940
265.0063,ram,208617472,65658273792,282799
265.0063,cpu,15752087,22492715,540981498
265.0063,gpu,0,0,0
265.2022,disk0,927683717357568,2089352162,12842475197592968
265.2022,disk0w,2189334511616,19752325,1284793381864
265.2022,disk4,2696433645568,5465003,41061109363217
265.2022,disk4w,2195456,171,27582691
265.2022,disk8,3659482310656,3683143,47389014201134
265.2022,disk8w,321040384,41828,1708221981
265.2022,disk6,5052094572544,8304900,88219134543967
265.2022,disk6w,380928,53,8067940
265.2022,ram,208617472,65658273792,282799
265.2022,cpu,15752087,22492715,540981498
265.2022,gpu,0,0,0
265.4061,disk0,927685917474816,2089363349,12842492871176619
265.4061,disk0w,2189334523904,19752328,1284793438738
265.4061,disk4,2696943040512,5466048,41063538524499
265.4061,disk4w,2195456,171,27582691
265.4061,disk8,3660079474688,3683755,47389835147547
265.4061,disk8w,321040384,41828,1708221981
265.4061,disk6,5053420447744,8306919,88232191469285
265.4061,disk6w,380928,53,8067940
265.4061,ram,246104064,65623212032,282799
265.4061,cpu,15752087,22492715,540981498
265.4061,gpu,0,0,0
265.6033,disk0,927688024702976,2089366778,12842500350350010
265.6033,disk0w,2189334523904,19752328,1284793438738
265.6033,disk4,2697794222080,5467791,41070087350374
265.6033,disk4w,2195456,171,27582691
265.6033,disk8,3660659075072,3684349,47390543807563
265.6033,disk8w,321040384,41828,1708221981
265.6033,disk6,5054723123200,8308585,88241919092835
265.6033,disk6w,380928,53,8067940
265.6033,ram,243007488,65533526016,282799
265.6033,cpu,15752143,22492857,540983151
265.6033,gpu,0,0,0
265.8063,disk0,927690314387456,2089370984,12842511980202815
265.8063,disk0w,2189334523904,19752328,1284793438738
265.8063,disk4,2698586052608,5469416,41077225832518
265.8063,disk4w,2195456,171,27582691
265.8063,disk8,3661168420864,3684871,47391099243596
265.8063,disk8w,321040384,41828,1708221981
265.8063,disk6,5055999387648,8310397,88251159799648
265.8063,disk6w,380928,53,8067940
265.8063,ram,243007488,65533526016,282799
265.8063,cpu,15752143,22492857,540983151
265.8063,gpu,0,0,0
266.0043,disk0,927692546273280,2089375848,12842524619516128
266.0043,disk0w,2189334523904,19752328,1284793438738
266.0043,disk4,2699329468416,5470920,41082278079983
266.0043,disk4w,2195456,171,27582691
266.0043,disk8,3661643687936,3685358,47391637563606
266.0043,disk8w,321040384,41828,1708221981
266.0043,disk6,5057253828608,8312124,88261270991671
266.0043,disk6w,380928,53,8067940
266.0043,ram,243007488,65533526016,282799
266.0043,cpu,15752143,22492857,540983151
266.0043,gpu,26,7,0
266.2063,disk0,927694809042944,2089380683,12842539200244670
266.2063,disk0w,2189334528000,19752329,1284793460196
266.2063,disk4,2700118571008,5472455,41087791787779
266.2063,disk4w,2195456,171,27582691
266.2063,disk8,3662153033728,3685880,47392166304685
266.2063,disk8w,321040384,41828,1708221981
266.2063,disk6,5058488215552,8314352,88272186843294
266.2063,disk6w,380928,53,8067940
266.2063,ram,243007488,65533526016,282799
266.2063,cpu,15752143,22492857,540983151
266.2063,gpu,0,0,0
266.4063,disk0,927696576045056,2089384540,12842546667977016
266.4063,disk0w,2189334528000,19752329,1284793460196
266.4063,disk4,2700870244352,5473938,41092846651281
266.4063,disk4w,2195456,171,27582691
266.4063,disk8,3662777591808,3686520,47393040066969
266.4063,disk8w,321040384,41828,1708221981
266.4063,disk6,5059885344768,8316821,88290389218805
266.4063,disk6w,380928,53,8067940
266.4063,ram,269713408,64263520256,282799
266.4063,cpu,15752143,22492857,540983151
266.4063,gpu,0,0,0
266.6063,disk0,927698627297280,2089391113,12842556831772717
266.6063,disk0w,2189334528000,19752329,1284793460196
266.6063,disk4,2701732919296,5475641,41100921106548
266.6063,disk4w,2195456,171,27582691
266.6063,disk8,3663381440512,3687139,47393784178385
266.6063,disk8w,321040384,41828,1708221981
266.6063,disk6,5061156644864,8319148,88302890728804
266.6063,disk6w,380928,53,8067940
266.6063,ram,269713408,64263520256,282799
266.6063,cpu,15752199,22492992,540984811
266.6063,gpu,0,0,0
266.8063,disk0,927700498120704,2089394593,12842565129477820
266.8063,disk0w,2189334528000,19752329,1284793460196
266.8063,disk4,2702503426048,5477200,41106092727566
266.8063,disk4w,2195456,171,27582691
266.8063,disk8,3663893866496,3687664,47394899926544
266.8063,disk8w,321040384,41828,1708221981
266.8063,disk6,5062379939840,8321208,88315723536401
266.8063,disk6w,380928,53,8067940
266.8063,ram,269713408,64263520256,282799
266.8063,cpu,15752199,22492992,540984811
266.8063,gpu,35,7,0
267.0063,disk0,927702544384000,2089400171,12842575437580402
267.0063,disk0w,2189334528000,19752329,1284793460196
267.0063,disk4,2703356180480,5478948,41114942475381
267.0063,disk4w,2195456,171,27582691
267.0063,disk8,3664487884800,3688273,47395599954637
267.0063,disk8w,321040384,41828,1708221981
267.0063,disk6,5063605725184,8322863,88325634496118
267.0063,disk6w,380928,53,8067940
267.0063,ram,269713408,64263520256,282799
267.0063,cpu,15752199,22492992,540984811
267.0063,gpu,0,0,0
267.2031,disk0,927704653791232,2089403782,12842583780191162
267.2031,disk0w,2189334532096,19752330,1284793473946
267.2031,disk4,2704277272576,5480837,41126801248594
267.2031,disk4w,2195456,171,27582691
267.2031,disk8,3665128957952,3688930,47396574135812
267.2031,disk8w,321040384,41828,1708221981
267.2031,disk6,5064807426048,8324570,88332804882430
267.2031,disk6w,380928,53,8067940
267.2031,ram,269713408,64263520256,282799
267.2031,cpu,15752199,22492992,540984811
267.2031,gpu,0,0,0
267.4063,disk0,927706894532608,2089408219,12842593577411265
267.4063,disk0w,2189334532096,19752330,1284793473946
267.4063,disk4,2705159878656,5482647,41133416593077
267.4063,disk4w,2195456,171,27582691
267.4063,disk8,3665553631232,3689365,47397018209042
267.4063,disk8w,321040384,41828,1708221981
267.4063,disk6,5066164692992,8326594,88344310009818
267.4063,disk6w,380928,53,8067940
267.4063,ram,291848192,65647656960,282799
267.4063,cpu,15752199,22492992,540984811
267.4063,gpu,28,5,0
267.6050,disk0,927709178691584,2089412951,12842607871817020
267.6050,disk0w,2189334577152,19752339,1284793674402
267.6050,disk4,2705874073600,5484043,41137965459122
267.6050,disk4w,2195456,171,27582691
267.6050,disk8,3666068613120,3689893,47397677403494
267.6050,disk8w,321040384,41828,1708221981
267.6050,disk6,5067359168512,8328602,88355325185537
267.6050,disk6w,380928,53,8067940
267.6050,ram,289472512,65617494016,282799
267.6050,cpu,15752255,22493123,540986439
267.6050,gpu,43,6,0
267.8030,disk0,927711271804928,2089417518,12842618394681820
267.8030,disk0w,2189334577152,19752339,1284793674402
267.8030,disk4,2706756114432,5485778,41145016921045
267.8030,disk4w,2195456,171,27582691
267.8030,disk8,3666709686272,3690550,47398587511566
267.8030,disk8w,321040384,41828,1708221981
267.8030,disk6,5068594509824,8330888,88367450006959
267.8030,disk6w,380928,53,8067940
267.8030,ram,289472512,65617494016,282799
267.8030,cpu,15752255,22493123,540986439
267.8030,gpu,0,0,0
268.0046,disk0,927713551880192,2089423299,12842631187781839
268.0046,disk0w,2189334597632,19752340,1284793694443
268.0046,disk4,2707453327360,5487155,41149031168396
268.0046,disk4w,2195456,171,27582691
268.0046,disk8,3667491268608,3691351,47399785903874
268.0046,disk8w,321040384,41828,1708221981
268.0046,disk6,5069904660480,8333106,88380232946522
268.0046,disk6w,380928,53,8067940
268.0046,ram,289472512,65617494016,282799
268.0046,cpu,15752255,22493123,540986439
268.0046,gpu,0,0,0
268.2063,disk0,927715432124416,2089426458,12842641470064820
268.2063,disk0w,2189334601728,19752341,1284793707484
268.2063,disk4,2708190312448,5488615,41154166071074
268.2063,disk4w,2195456,171,27582691
268.2063,disk8,3668088350720,3691963,47401406183659
268.2063,disk8w,321040384,41828,1708221981
268.2063,disk6,5071068809216,8335395,88391284181643
268.2063,disk6w,380928,53,8067940
268.2063,ram,289472512,65617494016,282799
268.2063,cpu,15752255,22493123,540986439
268.2063,gpu,0,0,0
268.4063,disk0,927717430259712,2089436615,12842655276040321
268.4063,disk0w,2189334618112,19752345,1284793794566
268.4063,disk4,2708982953984,5490238,41159618685824
268.4063,disk4w,2195456,171,27582691
268.4063,disk8,3668746987520,3692638,47402345130728
268.4063,disk8w,321040384,41828,1708221981
268.4063,disk6,5072350169088,8337267,88403252484482
268.4063,disk6w,380928,53,8067940
268.4063,ram,299991040,65666580480,282799
268.4063,cpu,15752255,22493123,540986439
268.4063,gpu,0,0,0
268.6063,disk0,927719244009472,2089439589,12842660630078907
268.6063,disk0w,2189334618112,19752345,1284793794566
268.6063,disk4,2710015342592,5492353,41170985111074
268.6063,disk4w,2195456,171,27582691
268.6063,disk8,3669206788096,3693109,47402864918611
268.6063,disk8w,321040384,41828,1708221981
268.6063,disk6,5073701111808,8338888,88412826795434
268.6063,disk6w,380928,53,8067940
268.6063,ram,301400064,65553301504,282799
268.6063,cpu,15752339,22493291,540987947
268.6063,gpu,0,0,0
268.8063,disk0,927721399332864,2089443723,12842668310190755
268.8063,disk0w,2189334618112,19752345,1284793794566
268.8063,disk4,2710935042048,5494238,41177506218316
268.8063,disk4w,2195456,171,27582691
268.8063,disk8,3669721769984,3693637,47403532712100
268.8063,disk8w,321040384,41828,1708221981
268.8063,disk6,5075100452864,8340950,88425849090325
268.8063,disk6w,380928,53,8067940
268.8063,ram,301400064,65553301504,282799
268.8063,cpu,15752339,22493291,540987947
268.8063,gpu,0,0,0
269.0030,disk0,927723289722880,2089447771,12842675523040710
269.0030,disk0w,2189334618112,19752345,1284793794566
269.0030,disk4,2711638358016,5495669,41182820721983
269.0030,disk4w,2195456,171,27582691
269.0030,disk8,3670195988480,3694123,47404132864727
269.0030,disk8w,321040384,41828,1708221981
269.0030,disk6,5076450953216,8342886,88440292102027
269.0030,disk6w,380928,53,8067940
269.0030,ram,301400064,65553301504,282799
269.0030,cpu,15752339,22493291,540987947
269.0030,gpu,0,0,0
269.2063,disk0,927725605023744,2089452689,12842692956551879
269.2063,disk0w,2189334622208,19752346,1284793807649
269.2063,disk4,2712458655744,5497260,41190097021668
269.2063,disk4w,2195456,171,27582691
269.2063,disk8,3670696552448,3694636,47404770593518
269.2063,disk8w,321040384,41828,1708221981
269.2063,disk6,5077446723584,8344730,88449770866094
269.2063,disk6w,380928,53,8067940
269.2063,ram,301400064,65553301504,282799
269.2063,cpu,15752339,22493291,540987947
269.2063,gpu,0,0,0
269.4063,disk0,927727721902080,2089457491,12842702661112968
269.4063,disk0w,2189334622208,19752346,1284793807649
269.4063,disk4,2713165510656,5498658,41195717885737
269.4063,disk4w,2195456,171,27582691
269.4063,disk8,3671372752896,3695329,47405734750674
269.4063,disk8w,321040384,41828,1708221981
269.4063,disk6,5078822459392,8347189,88464247499747
269.4063,disk6w,380928,53,8067940
269.4063,ram,339820544,65666973696,282799
269.4063,cpu,15752339,22493291,540987947
269.4063,gpu,40,6,0
269.6043,disk0,927729727041536,2089462322,12842713826057278
269.6043,disk0w,2189334622208,19752346,1284793807649
269.6043,disk4,2713840547840,5499991,41199960921749
269.6043,disk4w,2195456,171,27582691
269.6043,disk8,3671943571456,3695914,47406543082479
269.6043,disk8w,321040384,41828,1708221981
269.6043,disk6,5080112093184,8349395,88478819893826
269.6043,disk6w,380928,53,8067940
269.6043,ram,335773696,64054231040,282799
269.6043,cpu,15752428,22493427,540989544
269.6043,gpu,38,8,0
269.8063,disk0,927731351093248,2089465363,12842721220840809
269.8063,disk0w,2189334622208,19752346,1284793807649
269.8063,disk4,2714581596160,5501475,41207657632049
269.8063,disk4w,2195456,171,27582691
269.8063,disk8,3672487962624,3696472,47407952518381
269.8063,disk8w,321040384,41828,1708221981
269.8063,disk6,5081243871232,8351479,88491897008683
269.8063,disk6w,380928,53,8067940
269.8063,ram,335773696,64054231040,282799
269.8063,cpu,15752428,22493427,540989544
269.8063,gpu,0,0,0
270.0063,disk0,927733510684672,2089469291,12842729025112611
270.0063,disk0w,2189334622208,19752346,1284793807649
270.0063,disk4,2715511748608,5503384,41216156706818
270.0063,disk4w,2195456,171,27582691
270.0063,disk8,3673067563008,3697066,47408645257552
270.0063,disk8w,321040384,41828,1708221981
270.0063,disk6,5082556622848,8353350,88503018400057
270.0063,disk6w,380928,53,8067940
270.0063,ram,335773696,64054231040,282799
270.0063,cpu,15752428,22493427,540989544
270.0063,gpu,0,0,0
270.2063,disk0,927735010488320,2089471579,12842733264597919
270.2063,disk0w,2189334626304,19752347,1284793823024
270.2063,disk4,2716292085760,5504984,41221667166143
270.2063,disk4w,2195456,171,27582691
270.2063,disk8,3673515436032,3697525,47409111498448
270.2063,disk8w,321040384,41828,1708221981
270.2063,disk6,5083963598848,8355127,88518690476551
270.2063,disk6w,380928,53,8067940
270.2063,ram,335773696,64054231040,282799
270.2063,cpu,15752428,22493427,540989544
270.2063,gpu,0,0,0
270.4063,disk0,927737428656128,2089476642,12842748335253624
270.4063,disk0w,2189334626304,19752347,1284793823024
270.4063,disk4,2717081704448,5506602,41226503648225
270.4063,disk4w,2195456,171,27582691
270.4063,disk8,3674086254592,3698110,47409889018548
270.4063,disk8w,321040384,41828,1708221981
270.4063,disk6,5085183551488,8356859,88527818963386
270.4063,disk6w,380928,53,8067940
270.4063,ram,335773696,64054231040,282799
270.4063,cpu,15752428,22493427,540989544
270.4063,gpu,0,0,0
270.6063,disk0,927739532443648,2089480940,12842760839831605
270.6063,disk0w,2189334626304,19752347,1284793823024
270.6063,disk4,2717832574976,5508097,41231190747115
270.6063,disk4w,2195456,171,27582691
270.6063,disk8,3674613164032,3698650,47410531913117
270.6063,disk8w,321040384,41828,1708221981
270.6063,disk6,5086440044544,8358904,88540698935825
270.6063,disk6w,380928,53,8067940
270.6063,ram,338067456,65642463232,282799
270.6063,cpu,15752526,22493565,540991119
270.6063,gpu,0,0,0
270.8063,disk0,927741733621760,2089485718,12842774533134248
270.8063,disk0w,2189334626304,19752347,1284793823024
270.8063,disk4,2718552012800,5509500,41234994720399
270.8063,disk4w,2195456,171,27582691
270.8063,disk8,3675254237184,3699307,47411389440319
270.8063,disk8w,321040384,41828,1708221981
270.8063,disk6,5087643797504,8361041,88553225212105
270.8063,disk6w,380928,53,8067940
270.8063,ram,338067456,65642463232,282799
270.8063,cpu,15752526,22493565,540991119
270.8063,gpu,31,8,0
271.0055,disk0,927743606476800,2089490092,12842781915088590
271.0055,disk0w,2189334630400,19752348,1284793847690
271.0055,disk4,2719217285120,5510817,41238422838800
271.0055,disk4w,2195456,171,27582691
271.0055,disk8,3675816273920,3699883,47412078995050
271.0055,disk8w,321040384,41828,1708221981
271.0055,disk6,5089048205312,8363482,88572146288672
271.0055,disk6w,380928,53,8067940
271.0055,ram,338067456,65642463232,282799
271.0055,cpu,15752526,22493565,540991119
271.0055,gpu,0,0,0
271.2063,disk0,927745759039488,2089494664,12842795197117703
271.2063,disk0w,2189334646784,19752349,1284793859565
271.2063,disk4,2720025982976,5512418,41244437420310
271.2063,disk4w,2195456,171,27582691
271.2063,disk8,3676448565248,3700531,47412882806056
271.2063,disk8w,321040384,41828,1708221981
271.2063,disk6,5090335709184,8366027,88585611314513
271.2063,disk6w,380928,53,8067940
271.2063,ram,338067456,65642463232,282799
271.2063,cpu,15752526,22493565,540991119
271.2063,gpu,0,0,0
271.4063,disk0,927747679125504,2089499555,12842806272448974
271.4063,disk0w,2189334646784,19752349,1284793859565
271.4063,disk4,2720684537856,5513768,41248664187559
271.4063,disk4w,2195456,171,27582691
271.4063,disk8,3677071976448,3701170,47414571620312
271.4063,disk8w,321040384,41828,1708221981
271.4063,disk6,5091508049920,8367903,88596577066347
271.4063,disk6w,380928,53,8067940
271.4063,ram,338067456,65642463232,282799
271.4063,cpu,15752526,22493565,540991119
271.4063,gpu,0,0,0
271.6016,disk0,927749952786432,2089503428,12842819877073558
271.6016,disk0w,2189334646784,19752349,1284793859565
271.6016,disk4,2721446942720,5515330,41255466938205
271.6016,disk4w,2195456,171,27582691
271.6016,disk8,3677607667712,3701719,47415204917206
271.6016,disk8w,321040384,41828,1708221981
271.6016,disk6,5092648376320,8369325,88602183723621
271.6016,disk6w,380928,53,8067940
271.6016,ram,333856768,65572339712,282799
271.6016,cpu,15752633,22493703,540992616
271.6016,gpu,0,0,0
271.8026,disk0,927751863836672,2089506966,12842828259536866
271.8026,disk0w,2189334646784,19752349,1284793859565
271.8026,disk4,2722223069184,5516919,41261711016458
271.8026,disk4w,2195456,171,27582691
271.8026,disk8,3678117013504,3702241,47415821982245
271.8026,disk8w,321040384,41828,1708221981
271.8026,disk6,5093970679808,8371145,88615013241049
271.8026,disk6w,380928,53,8067940
271.8026,ram,333856768,65572339712,282799
271.8026,cpu,15752633,22493703,540992616
271.8026,gpu,0,0,0
272.0029,disk0,927753949380608,2089511092,12842837628057044
272.0029,disk0w,2189334650880,19752350,1284793867940
272.0029,disk4,2723042162688,5518587,41267441828628
272.0029,disk4w,2195456,171,27582691
272.0029,disk8,3678582450176,3702718,47416416450746
272.0029,disk8w,321040384,41828,1708221981
272.0029,disk6,5095323506688,8372977,88626207390653
272.0029,disk6w,380928,53,8067940
272.0029,ram,333856768,65572339712,282799
272.0029,cpu,15752633,22493703,540992616
272.0029,gpu,0,0,0
272.2063,disk0,927756374368256,2089516156,12842855192236050
272.2063,disk0w,2189334650880,19752350,1284793867940
272.2063,disk4,2723828791296,5520111,41272763801751
272.2063,disk4w,2195456,171,27582691
272.2063,disk8,3679121287168,3703270,47417056677396
272.2063,disk8w,321040384,41828,1708221981
272.2063,disk6,5096512296960,8375109,88635641485814
272.2063,disk6w,380928,53,8067940
272.2063,ram,333856768,65572339712,282799
272.2063,cpu,15752633,22493703,540992616
272.2063,gpu,0,0,0
272.4031,disk0,927758263824384,2089520268,12842862787206962
272.4031,disk0w,2189334650880,19752350,1284793867940
272.4031,disk4,2724684789760,5521805,41280326879723
272.4031,disk4w,2195456,171,27582691
272.4031,disk8,3679724087296,3703888,47417881621891
272.4031,disk8w,321040384,41828,1708221981
272.4031,disk6,5097859225600,8377469,88650144473554
272.4031,disk6w,380928,53,8067940
272.4031,ram,333856768,65572339712,282799
272.4031,cpu,15752633,22493703,540992616
272.4031,gpu,0,0,0
272.6063,disk0,927760295694336,2089524962,12842873637805341
272.6063,disk0w,2189334650880,19752350,1284793867940
272.6063,disk4,2725374900224,5523168,41284010044473
272.6063,disk4w,2195456,171,27582691
272.6063,disk8,3680312469504,3704491,47418652661468
272.6063,disk8w,321040384,41828,1708221981
272.6063,disk6,5099194718208,8379709,88665873430676
272.6063,disk6w,380928,53,8067940
272.6063,ram,366264320,64045350912,282799
272.6063,cpu,15752692,22493825,540994217
272.6063,gpu,0,0,0
272.8025,disk0,927761883545600,2089527960,12842881251509101
272.8025,disk0w,2189335126016,19752360,1284794122352
272.8025,disk4,2726045759488,5524512,41292353610806
272.8025,disk4w,2195456,171,27582691
272.8025,disk8,3680769075200,3704959,47419573612313
272.8025,disk8w,321040384,41828,1708221981
272.8025,disk6,5100297611264,8381790,88678346286487
272.8025,disk6w,380928,53,8067940
272.8025,ram,366264320,64045350912,282799
272.8025,cpu,15752692,22493825,540994217
272.8025,gpu,0,0,0
273.0063,disk0,927763997925376,2089536915,12842896502024857
273.0063,disk0w,2189335130112,19752361,1284794137143
273.0063,disk4,2726890264576,5526243,41298951699656
273.0063,disk4w,2195456,171,27582691
273.0063,disk8,3681278420992,3705481,47420250476693
273.0063,disk8w,321040384,41828,1708221981
273.0063,disk6,5101551953920,8383648,88689647800691
273.0063,disk6w,380928,53,8067940
273.0063,ram,366264320,64045350912,282799
273.0063,cpu,15752692,22493825,540994217
273.0063,gpu,34,9,0
273.2047,disk0,927766143086592,2089540961,12842906812119153
273.2047,disk0w,2189335171072,19752364,1284794182976
273.2047,disk4,2727597651968,5527693,41304486108954
273.2047,disk4w,2195456,171,27582691
273.2047,disk8,3681831675904,3706048,47421071372447
273.2047,disk8w,321040384,41828,1708221981
273.2047,disk6,5102799677440,8385203,88699029384918
273.2047,disk6w,380928,53,8067940
273.2047,ram,366264320,64045350912,282799
273.2047,cpu,15752692,22493825,540994217
273.2047,gpu,29,8,0
273.4014,disk0,927768405426176,2089545442,12842919470785730
273.4014,disk0w,2189335171072,19752364,1284794182976
273.4014,disk4,2728409405440,5529356,41309320213706
273.4014,disk4w,2195456,171,27582691
273.4014,disk8,3682370512896,3706600,47421741405768
273.4014,disk8w,321040384,41828,1708221981
273.4014,disk6,5104059312128,8386991,88709390077704
273.4014,disk6w,380928,53,8067940
273.4014,ram,366264320,64045350912,282799
273.4014,cpu,15752692,22493825,540994217
273.4014,gpu,0,0,0
273.6063,disk0,927770922266624,2089551080,12842939035917693
273.6063,disk0w,2189335171072,19752364,1284794182976
273.6063,disk4,2729179527168,5530886,41314370484259
273.6063,disk4w,2195456,171,27582691
273.6063,disk8,3682964531200,3707209,47422525380692
273.6063,disk8w,321040384,41828,1708221981
273.6063,disk6,5105279084544,8388884,88716894450985
273.6063,disk6w,380928,53,8067940
273.6063,ram,365821952,65636859904,282799
273.6063,cpu,15752772,22493991,540995715
273.6063,gpu,41,7,0
273.8032,disk0,927773109723136,2089555751,12842951859595896
273.8032,disk0w,2189335171072,19752364,1284794182976
273.8032,disk4,2729878820864,5532255,41318753460219
273.8032,disk4w,2195456,171,27582691
273.8032,disk8,3683482658816,3707740,47423214242805
273.8032,disk8w,321040384,41828,1708221981
273.8032,disk6,5106551896064,8391075,88729457862347
273.8032,disk6w,380928,53,8067940
273.8032,ram,365821952,65636859904,282799
273.8032,cpu,15752772,22493991,540995715
273.8032,gpu,0,0,0
274.0044,disk0,927775267995648,2089562398,12842966348945702
274.0044,disk0w,2189335175168,19752365,1284794192351
274.0044,disk4,2730756159488,5533989,41324286407210
274.0044,disk4w,2195456,171,27582691
274.0044,disk8,3684027131904,3708298,47423882225947
274.0044,disk8w,321040384,41828,1708221981
274.0044,disk6,5107847219200,8393387,88742270240985
274.0044,disk6w,380928,53,8067940
274.0044,ram,365821952,65636859904,282799
274.0044,cpu,15752772,22493991,540995715
274.0044,gpu,0,0,0
274.2063,disk0,927777047609344,2089565584,12842971980616821
274.2063,disk0w,2189335175168,19752365,1284794192351
274.2063,disk4,2731351341056,5535166,41327855072813
274.2063,disk4w,2195456,171,27582691
274.2063,disk8,3684493617152,3708776,47424459937077
274.2063,disk8w,321040384,41828,1708221981
274.2063,disk6,5109249153024,8396336,88766337965316
274.2063,disk6w,380928,53,8067940
274.2063,ram,365821952,65636859904,282799
274.2063,cpu,15752772,22493991,540995715
274.2063,gpu,0,0,0
274.4063,disk0,927778828496896,2089570296,12842981775623081
274.4063,disk0w,2189335175168,19752365,1284794192351
274.4063,disk4,2732159940608,5536824,41335351424893
274.4063,disk4w,2195456,171,27582691
274.4063,disk8,3684957972480,3709252,47425103510129
274.4063,disk8w,321040384,41828,1708221981
274.4063,disk6,5110387398656,8397965,88775367274305
274.4063,disk6w,380928,53,8067940
274.4063,ram,365821952,65636859904,282799
274.4063,cpu,15752772,22493991,540995715
274.4063,gpu,0,0,0
274.6017,disk0,927780950208512,2089574005,12842992087618248
274.6017,disk0w,2189335175168,19752365,1284794192351
274.6017,disk4,2732860405760,5538257,41340064146298
274.6017,disk4w,2195456,171,27582691
274.6017,disk8,3685528791040,3709837,47425849849970
274.6017,disk8w,321040384,41828,1708221981
274.6017,disk6,5111697545216,8399469,88785584045309
274.6017,disk6w,380928,53,8067940
274.6017,ram,353189888,65511751680,282799
274.6017,cpu,15752825,22494119,540997242
274.6017,gpu,0,0,0
274.8063,disk0,927783498280960,2089578726,12843007707501752
274.8063,disk0w,2189335175168,19752365,1284794192351
274.8063,disk4,2733651458048,5539880,41346089922395
274.8063,disk4w,2195456,171,27582691
274.8063,disk8,3686152300544,3710476,47426598832672
274.8063,disk8w,321040384,41828,1708221981
274.8063,disk6,5112922417152,8401218,88793124894060
274.8063,disk6w,380928,53,8067940
274.8063,ram,353189888,65511751680,282799
274.8063,cpu,15752825,22494119,540997242
274.8063,gpu,0,0,0
275.0019,disk0,927785627250688,2089583209,12843017398664977
275.0019,disk0w,2189335179264,19752366,1284794214476
275.0019,disk4,2734420539392,5541440,41351472051086
275.0019,disk4w,2195456,171,27582691
275.0019,disk8,3686679209984,3711016,47427427303738
275.0019,disk8w,321040384,41828,1708221981
275.0019,disk6,5114249570304,8403226,88805164689621
275.0019,disk6w,380928,53,8067940
275.0019,ram,353189888,65511751680,282799
275.0019,cpu,15752825,22494119,540997242
275.0019,gpu,0,0,0
275.2063,disk0,927788262969344,2089588914,12843035181392896
275.2063,disk0w,2189335224320,19752367,1284794244892
275.2063,disk4,2735272998912,5543100,41357316418690
275.2063,disk4w,2195456,171,27582691
275.2063,disk8,3687208216576,3711558,47428049417699
275.2063,disk8w,321040384,41828,1708221981
275.2063,disk6,5115509307392,8405382,88814238618784
275.2063,disk6w,380928,53,8067940
275.2063,ram,353189888,65511751680,282799
275.2063,cpu,15752825,22494119,540997242
275.2063,gpu,0,0,0
275.4063,disk0,927790338183168,2089593443,12843045589827347
275.4063,disk0w,2189335224320,19752367,1284794244892
275.4063,disk4,2735950149632,5544439,41361038110036
275.4063,disk4w,2195456,171,27582691
275.4063,disk8,3687795550208,3712160,47428841855802
275.4063,disk8w,321040384,41828,1708221981
275.4063,disk6,5116795303936,8407576,88830748150214
275.4063,disk6w,380928,53,8067940
275.4063,ram,353189888,65511751680,282799
275.4063,cpu,15752825,22494119,540997242
275.4063,gpu,0,0,0
275.6020,disk0,927792171651072,2089598461,12843055210016764
275.6020,disk0w,2189335224320,19752367,1284794244892
275.6020,disk4,2736477337600,5545480,41363416332433
275.6020,disk4w,2195456,171,27582691
275.6020,disk8,3688374102016,3712753,47429502859237
275.6020,disk8w,321040384,41828,1708221981
275.6020,disk6,5118079170560,8410134,88850538071282
275.6020,disk6w,380928,53,8067940
275.6020,ram,354959360,64036306944,282799
275.6020,cpu,15752882,22494256,540998968
275.6020,gpu,0,0,0
275.8052,disk0,927794248085504,2089604981,12843068054959807
275.8052,disk0w,2189335228416,19752368,1284794257558
275.8052,disk4,2737174648832,5546895,41369063450803
275.8052,disk4w,2195456,171,27582691
275.8052,disk8,3688966629376,3713360,47430541830869
275.8052,disk8w,321040384,41828,1708221981
275.8052,disk6,5119226316800,8412071,88861454772378
275.8052,disk6w,380928,53,8067940
275.8052,ram,354959360,64036306944,282799
275.8052,cpu,15752882,22494256,540998968
275.8052,gpu,0,0,0
276.0063,disk0,927796566937600,2089611361,12843081683138408
276.0063,disk0w,2189335228416,19752368,1284794257558
276.0063,disk4,2737932990464,5548448,41374140645744
276.0063,disk4w,2195456,171,27582691
276.0063,disk8,3689700108288,3714112,47431615308947
276.0063,disk8w,321040384,41828,1708221981
276.0063,disk6,5120420300800,8413535,88868920474310
276.0063,disk6w,380928,53,8067940
276.0063,ram,354959360,64036306944,282799
276.0063,cpu,15752882,22494256,540998968
276.0063,gpu,0,0,0
276.2063,disk0,927798821179392,2089615745,12843093273001939
276.2063,disk0w,2189335228416,19752368,1284794257558
276.2063,disk4,2738773547008,5550171,41380418746824
276.2063,disk4w,2195456,171,27582691
276.2063,disk8,3690297272320,3714724,47432407915287
276.2063,disk8w,321040384,41828,1708221981
276.2063,disk6,5121664436224,8415206,88878331961179
276.2063,disk6w,380928,53,8067940
276.2063,ram,354959360,64036306944,282799
276.2063,cpu,15752882,22494256,540998968
276.2063,gpu,0,0,0
276.4063,disk0,927801052569600,2089620376,12843103676920720
276.4063,disk0w,2189335228416,19752368,1284794257558
276.4063,disk4,2739659962368,5551979,41388996393836
276.4063,disk4w,2195456,171,27582691
276.4063,disk8,3691017381888,3715462,47433434346566
276.4063,disk8w,321040384,41828,1708221981
276.4063,disk6,5122949646336,8417105,88887511567500
276.4063,disk6w,380928,53,8067940
276.4063,ram,354959360,64036306944,282799
276.4063,cpu,15752882,22494256,540998968
276.4063,gpu,0,0,0
276.6052,disk0,927803122925568,2089624925,12843115599287713
276.6052,disk0w,2189335228416,19752368,1284794257558
276.6052,disk4,2740328724480,5553275,41392525310733
276.6052,disk4w,2195456,171,27582691
276.6052,disk8,3691438909440,3715894,47433911758758
276.6052,disk8w,321040384,41828,1708221981
276.6052,disk6,5124189620224,8419339,88903836281089
276.6052,disk6w,380928,53,8067940
276.6052,ram,351633408,65653719040,282799
276.6052,cpu,15752932,22494384,541000464
276.6052,gpu,0,0,0
276.8026,disk0,927805227266048,2089629774,12843127558207075
276.8026,disk0w,2189335232512,19752369,1284794267891
276.8026,disk4,2741143762944,5554884,41398002424699
276.8026,disk4w,2195456,171,27582691
276.8026,disk8,3692053637120,3716524,47434733873678
276.8026,disk8w,321040384,41828,1708221981
276.8026,disk6,5125451139072,8421475,88916139677134
276.8026,disk6w,380928,53,8067940
276.8026,ram,351633408,65653719040,282799
276.8026,cpu,15752932,22494384,541000464
276.8026,gpu,26,8,0
277.0024,disk0,927807049756672,2089633866,12843135010908294
277.0024,disk0w,2189335232512,19752369,1284794267891
277.0024,disk4,2741860341760,5556298,41402439847655
277.0024,disk4w,2195456,171,27582691
277.0024,disk8,3692729837568,3717217,47435856776736
277.0024,disk8w,321040384,41828,1708221981
277.0024,disk6,5126833686528,8423964,88933394552535
277.0024,disk6w,380928,53,8067940
277.0024,ram,351633408,65653719040,282799
277.0024,cpu,15752932,22494384,541000464
277.0024,gpu,0,0,0
277.2024,disk0,927809004662784,2089637433,12843147038098978
277.2024,disk0w,2189335232512,19752369,1284794267891
277.2024,disk4,2742474987520,5557535,41406699633345
277.2024,disk4w,2195456,171,27582691
277.2024,disk8,3693168879616,3717667,47436619895829
277.2024,disk8w,321040384,41828,1708221981
277.2024,disk6,5127940917248,8426076,88946271356574
277.2024,disk6w,380928,53,8067940
277.2024,ram,351633408,65653719040,282799
277.2024,cpu,15752932,22494384,541000464
277.2024,gpu,0,0,0
277.4025,disk0,927811446259712,2089646897,12843165513008253
277.4025,disk0w,2189335232512,19752369,1284794267891
277.4025,disk4,2743169955840,5558961,41411219075668
277.4025,disk4w,2195456,171,27582691
277.4025,disk8,3693683468288,3718194,47437247120777
277.4025,disk8w,321040384,41828,1708221981
277.4025,disk6,5129227225088,8427871,88954920162894
277.4025,disk6w,380928,53,8067940
277.4025,ram,351633408,65653719040,282799
277.4025,cpu,15752932,22494384,541000464
277.4025,gpu,0,0,0
277.6064,disk0,927813581623296,2089650460,12843174879960133
277.6064,disk0w,2189335232512,19752369,1284794267891
277.6064,disk4,2743845246976,5560347,41414665550248
277.6064,disk4w,2195456,171,27582691
277.6064,disk8,3694266607616,3718792,47438180962132
277.6064,disk8w,321040384,41828,1708221981
277.6064,disk6,5130600540160,8429637,88967396346036
277.6064,disk6w,380928,53,8067940
277.6064,ram,351207424,65547862016,282799
277.6064,cpu,15752990,22494521,541002124
277.6064,gpu,0,0,0
277.8056,disk0,927815803367424,2089654861,12843185896800928
277.8056,disk0w,2189335236608,19752370,1284794285724
277.8056,disk4,2744750651392,5562201,41422358418242
277.8056,disk4w,2195456,171,27582691
277.8056,disk8,3694828644352,3719368,47438895630231
277.8056,disk8w,321040384,41828,1708221981
277.8056,disk6,5131817183232,8431445,88976522407066
277.8056,disk6w,380928,53,8067940
277.8056,ram,351207424,65547862016,282799
277.8056,cpu,15752990,22494521,541002124
277.8056,gpu,0,0,0
278.0019,disk0,927818031124480,2089659743,12843199673427057
278.0019,disk0w,2189335236608,19752370,1284794285724
278.0019,disk4,2745408141312,5563492,41426081246694
278.0019,disk4w,2195456,171,27582691
278.0019,disk8,3695337990144,3719890,47439508570852
278.0019,disk8w,321040384,41828,1708221981
278.0019,disk6,5133056387072,8433347,88987783134646
278.0019,disk6w,380928,53,8067940
278.0019,ram,351207424,65547862016,282799
278.0019,cpu,15752990,22494521,541002124
278.0019,gpu,0,0,0
278.2044,disk0,927820341600256,2089664629,12843212268475534
278.2044,disk0w,2189335236608,19752370,1284794285724
278.2044,disk4,2746039842816,5564732,41429913319216
278.2044,disk4w,2195456,171,27582691
278.2044,disk8,3695952717824,3720520,47440292079269
278.2044,disk8w,321040384,41828,1708221981
278.2044,disk6,5134297376768,8435521,89001115118393
278.2044,disk6w,380928,53,8067940
278.2044,ram,351207424,65547862016,282799
278.2044,cpu,15752990,22494521,541002124
278.2044,gpu,0,0,0
278.4064,disk0,927822225608704,2089670184,12843224843542826
278.4064,disk0w,2189335236608,19752370,1284794285724
278.4064,disk4,2746841921536,5566319,41435170557887
278.4064,disk4w,2195456,171,27582691
278.4064,disk8,3696611354624,3721195,47441198069414
278.4064,disk8w,321040384,41828,1708221981
278.4064,disk6,5135516919808,8437515,89013627316758
278.4064,disk6w,380928,53,8067940
278.4064,ram,351207424,65547862016,282799
278.4064,cpu,15752990,22494521,541002124
278.4064,gpu,47,5,0
278.6054,disk0,927823943196672,2089673152,12843231632259170
278.6054,disk0w,2189335236608,19752370,1284794285724
278.6054,disk4,2747461171200,5567545,41439117756435
278.6054,disk4w,2195456,171,27582691
278.6054,disk8,3697033144320,3721626,47441880134773
278.6054,disk8w,321040384,41828,1708221981
278.6054,disk6,5136692160512,8439817,89029271628455
278.6054,disk6w,380928,53,8067940
278.6054,ram,365723648,63940444160,282799
278.6054,cpu,15753053,22494681,541003787
278.6054,gpu,0,0,0
278.8020,disk0,927825930330112,2089680423,12843246751209157
278.8020,disk0w,2189335322624,19752373,1284794331265
278.8020,disk4,2748178274304,5569015,41445610148310
278.8020,disk4w,2195456,171,27582691
278.8020,disk8,3697638713344,3722248,47443778132649
278.8020,disk8w,321040384,41828,1708221981
278.8020,disk6,5137880573952,8441716,89039650085460
278.8020,disk6w,380928,53,8067940
278.8020,ram,365723648,63940444160,282799
278.8020,cpu,15753053,22494681,541003787
278.8020,gpu,0,0,0
279.0064,disk0,927828139319296,2089684402,12843255893887407
279.0064,disk0w,2189335322624,19752373,1284794331265
279.0064,disk4,2748964460544,5570625,41450349299841
279.0064,disk4w,2195456,171,27582691
279.0064,disk8,3698262222848,3722887,47444804951443
279.0064,disk8w,321040384,41828,1708221981
279.0064,disk6,5139309438976,8443365,89050352774517
279.0064,disk6w,380928,53,8067940
279.0064,ram,365723648,63940444160,282799
279.0064,cpu,15753053,22494681,541003787
279.0064,gpu,0,0,0
279.2030,disk0,927830023086080,2089687925,12843265638078113
279.2030,disk0w,2189337673728,19752779,1284806928181
279.2030,disk4,2749799159808,5572337,41456598053026
279.2030,disk4w,2195456,171,27582691
279.2030,disk8,3698791229440,3723429,47445410458396
279.2030,disk8w,321040384,41828,1708221981
279.2030,disk6,5140631758848,8445318,89062558928654
279.2030,disk6w,380928,53,8067940
279.2030,ram,365723648,63940444160,282799
279.2030,cpu,15753053,22494681,541003787
279.2030,gpu,0,0,0
279.4064,disk0,927832311320576,2089692988,12843278463516868
279.4064,disk0w,2189337690112,19752781,1284806966597
279.4064,disk4,2750532466688,5573825,41461806153023
279.4064,disk4w,2195456,171,27582691
279.4064,disk8,3699365193728,3724017,47446114999455
279.4064,disk8w,321040384,41828,1708221981
279.4064,disk6,5141972805632,8447319,89075238855581
279.4064,disk6w,380928,53,8067940
279.4064,ram,365723648,63940444160,282799
279.4064,cpu,15753053,22494681,541003787
279.4064,gpu,26,7,0
279.6064,disk0,927834482184192,2089697825,12843292695030740
279.6064,disk0w,2189337690112,19752781,1284806966597
279.6064,disk4,2751298631680,5575317,41465915420814
279.6064,disk4w,2195456,171,27582691
279.6064,disk8,3699884369920,3724549,47446852056067
279.6064,disk8w,321040384,41828,1708221981
279.6064,disk6,5143208224768,8449592,89089194201503
279.6064,disk6w,380928,53,8067940
279.6064,ram,362594304,65629339648,282799
279.6064,cpu,15753108,22494805,541005263
279.6064,gpu,31,7,0
279.8064,disk0,927836429602816,2089702041,12843301735952659
279.8064,disk0w,2189337694208,19752782,1284806976180
279.8064,disk4,2752210335744,5577120,41474413372176
279.8064,disk4w,2195456,171,27582691
279.8064,disk8,3700563060736,3725245,47447717697165
279.8064,disk8w,321040384,41828,1708221981
279.8064,disk6,5144419182592,8451605,89100155308370
279.8064,disk6w,380928,53,8067940
279.8064,ram,362594304,65629339648,282799
279.8064,cpu,15753108,22494805,541005263
279.8064,gpu,0,0,0
280.0036,disk0,927838585196544,2089707548,12843315377425596
280.0036,disk0w,2189337694208,19752782,1284806976180
280.0036,disk4,2752777992192,5578243,41477311884256
280.0036,disk4w,2195456,171,27582691
280.0036,disk8,3701133879296,3725830,47448424225505
280.0036,disk8w,321040384,41828,1708221981
280.0036,disk6,5145699911680,8454143,89115845800988
280.0036,disk6w,380928,53,8067940
280.0036,ram,362594304,65629339648,282799
280.0036,cpu,15753108,22494805,541005263
280.0036,gpu,33,8,0
280.2064,disk0,927840448659456,2089710917,12843325560835155
280.2064,disk0w,2189337694208,19752782,1284806976180
280.2064,disk4,2753440364544,5579577,41482616596798
280.2064,disk4w,2195456,171,27582691
280.2064,disk8,3701546543104,3726253,47449580377604
280.2064,disk8w,321040384,41828,1708221981
280.2064,disk6,5146865158144,8456074,89127799184854
280.2064,disk6w,380928,53,8067940
280.2064,ram,362594304,65629339648,282799
280.2064,cpu,15753108,22494805,541005263
280.2064,gpu,24,6,0
280.4046,disk0,927842632056832,2089720004,12843342975692813
280.4046,disk0w,2189337694208,19752782,1284806976180
280.4046,disk4,2754105169920,5580941,41486501290766
280.4046,disk4w,2195456,171,27582691
280.4046,disk8,3702059034624,3726778,47450292036109
280.4046,disk8w,321040384,41828,1708221981
280.4046,disk6,5148032714752,8457585,89136375341543
280.4046,disk6w,380928,53,8067940
280.4046,ram,362594304,65629339648,282799
280.4046,cpu,15753108,22494805,541005263
280.4046,gpu,34,5,0
280.6064,disk0,927844914384896,2089723835,12843353908733618
280.6064,disk0w,2189337698304,19752783,1284806985471
280.6064,disk4,2754874914816,5582517,41492990113892
280.6064,disk4w,2195456,171,27582691
280.6064,disk8,3702688180224,3727423,47451121600847
280.6064,disk8w,321040384,41828,1708221981
280.6064,disk6,5149317908480,8459345,89145404640369
280.6064,disk6w,380928,53,8067940
280.6064,ram,358465536,65519108096,282799
280.6064,cpu,15753167,22494950,541006945
280.6064,gpu,37,6,0
280.8064,disk0,927846890180608,2089727997,12843365072313720
280.8064,disk0w,2189337698304,19752783,1284806985471
280.8064,disk4,2755725965312,5584262,41500834879595
280.8064,disk4w,2195456,171,27582691
280.8064,disk8,3703215089664,3727963,47451819058708
280.8064,disk8w,321040384,41828,1708221981
280.8064,disk6,5150616143872,8461167,89155143196381
280.8064,disk6w,380928,53,8067940
280.8064,ram,358465536,65519108096,282799
280.8064,cpu,15753167,22494950,541006945
280.8064,gpu,0,0,0
281.0064,disk0,927849039142912,2089732499,12843376812902327
281.0064,disk0w,2189337698304,19752783,1284806985471
281.0064,disk4,2756413454336,5585614,41504877771494
281.0064,disk4w,2195456,171,27582691
281.0064,disk8,3703610271744,3728368,47452278105828
281.0064,disk8w,321040384,41828,1708221981
281.0064,disk6,5151918180352,8463288,89170654470006
281.0064,disk6w,380928,53,8067940
281.0064,ram,358465536,65519108096,282799
281.0064,cpu,15753167,22494950,541006945
281.0064,gpu,42,5,0
281.2064,disk0,927851418984448,2089737635,12843389886087403
281.2064,disk0w,2189337698304,19752783,1284806985471
281.2064,disk4,2757160269824,5587077,41510734492642
281.2064,disk4w,2195456,171,27582691
281.2064,disk8,3704243611648,3729017,47453201001945
281.2064,disk8w,321040384,41828,1708221981
281.2064,disk6,5153224566784,8465735,89182892374993
281.2064,disk6w,380928,53,8067940
281.2064,ram,358465536,65519108096,282799
281.2064,cpu,15753167,22494950,541006945
281.2064,gpu,0,0,0
281.4064,disk0,927853496811520,2089743759,12843405812717610
281.4064,disk0w,2189342539776,19753117,1284815409407
281.4064,disk4,2757854967808,5588452,41515092143571
281.4064,disk4w,2195456,171,27582691
281.4064,disk8,3704955987968,3729747,47454238879789
281.4064,disk8w,321908736,41915,1710976036
281.4064,disk6,5154462017536,8467837,89194917744812
281.4064,disk6w,380928,53,8067940
281.4064,ram,358465536,65519108096,282799
281.4064,cpu,15753167,22494950,541006945
281.4064,gpu,33,6,0
281.6048,disk0,927855342157824,2089747030,12843415512477453
281.6048,disk0w,2189342543872,19753118,1284815428615
281.6048,disk4,2758419478528,5589576,41518691268760
281.6048,disk4w,2195456,171,27582691
281.6048,disk8,3705384118272,3730186,47455220719687
281.6048,disk8w,321908736,41915,1710976036
281.6048,disk6,5155560384512,8470002,89210436892662
281.6048,disk6w,380928,53,8067940
281.6048,ram,364363776,63951699968,282799
281.6048,cpu,15753228,22495092,541008450
281.6048,gpu,0,0,0
281.8014,disk0,927857256189952,2089752322,12843424291879824
281.8014,disk0w,2189342543872,19753118,1284815428615
281.8014,disk4,2759200339968,5591178,41525107326273
281.8014,disk4w,2195456,171,27582691
281.8014,disk8,3705981282304,3730798,47456013652995
281.8014,disk8w,321908736,41915,1710976036
281.8014,disk6,5156895737856,8472013,89221992552202
281.8014,disk6w,380928,53,8067940
281.8014,ram,364363776,63951699968,282799
281.8014,cpu,15753228,22495092,541008450
281.8014,gpu,0,0,0
282.0064,disk0,927859698274304,2089756390,12843435576309903
282.0064,disk0w,2189342543872,19753118,1284815428615
282.0064,disk4,2759937325056,5592688,41530872867884
282.0064,disk4w,2195456,171,27582691
282.0064,disk8,3706590373888,3731422,47456866477586
282.0064,disk8w,321908736,41915,1710976036
282.0064,disk6,5158285838336,8473690,89230269736219
282.0064,disk6w,380928,53,8067940
282.0064,ram,364363776,63951699968,282799
282.0064,cpu,15753228,22495092,541008450
282.0064,gpu,0,0,0
282.2064,disk0,927861738688512,2089760321,12843444195981631
282.2064,disk0w,2189342543872,19753118,1284815428615
282.2064,disk4,2760777783296,5594410,41538869198673
282.2064,disk4w,2195456,171,27582691
282.2064,disk8,3707161192448,3732007,47457774797259
282.2064,disk8w,321908736,41915,1710976036
282.2064,disk6,5159631472640,8475627,89241457184242
282.2064,disk6w,380928,53,8067940
282.2064,ram,364363776,63951699968,282799
282.2064,cpu,15753228,22495092,541008450
282.2064,gpu,0,0,0
282.4064,disk0,927863940976640,2089765054,12843454520066196
282.4064,disk0w,2189342543872,19753118,1284815428615
282.4064,disk4,2761700833280,5596260,41545725929113
282.4064,disk4w,2195456,171,27582691
282.4064,disk8,3707758356480,3732619,47458519472003
282.4064,disk8w,321908736,41915,1710976036
282.4064,disk6,5160927021056,8477757,89254085577064
282.4064,disk6w,380928,53,8067940
282.4064,ram,364363776,63951699968,282799
282.4064,cpu,15753228,22495092,541008450
282.4064,gpu,32,7,0
282.6064,disk0,927866145222656,2089769705,12843465114795301
282.6064,disk0w,2189342547968,19753119,1284815439823
282.6064,disk4,2762341316608,5597508,41549277589713
282.6064,disk4w,2195456,171,27582691
282.6064,disk8,3708282120192,3733156,47459135234661
282.6064,disk8w,321908736,41915,1710976036
282.6064,disk6,5162279802880,8480218,89270235231322
282.6064,disk6w,380928,53,8067940
282.6064,ram,358924288,65676705792,282799
282.6064,cpu,15753286,22495228,541010111
282.6064,gpu,0,0,0
282.8064,disk0,927868344774656,2089776742,12843480489952374
282.8064,disk0w,2189342564352,19753123,1284815520447
282.8064,disk4,2763210422272,5599231,41556230490604
282.8064,disk4w,2195456,171,27582691
282.8064,disk8,3708954781696,3733845,47460004277502
282.8064,disk8w,321908736,41915,1710976036
282.8064,disk6,5163572369408,8482472,89282076297035
282.8064,disk6w,380928,53,8067940
282.8064,ram,358924288,65676705792,282799
282.8064,cpu,15753286,22495228,541010111
282.8064,gpu,36,7,0
283.0064,disk0,927870046666752,2089779706,12843486763627080
283.0064,disk0w,2189342564352,19753123,1284815520447
283.0064,disk4,2763885475840,5600568,41561181468463
283.0064,disk4w,2195456,171,27582691
283.0064,disk8,3709379848192,3734281,47460469045201
283.0064,disk8w,321908736,41915,1710976036
283.0064,disk6,5164779464704,8484877,89294892873483
283.0064,disk6w,380928,53,8067940
283.0064,ram,358924288,65676705792,282799
283.0064,cpu,15753286,22495228,541010111
283.0064,gpu,54,6,0
283.2064,disk0,927872261447680,2089784215,12843498266375958
283.2064,disk0w,2189342564352,19753123,1284815520447
283.2064,disk4,2764824926208,5602495,41569382161347
283.2064,disk4w,2195456,171,27582691
283.2064,disk8,3710029654016,3734947,47461492898395
283.2064,disk8w,321908736,41915,1710976036
283.2064,disk6,5166106077184,8486981,89305839719956
283.2064,disk6w,380928,53,8067940
283.2064,ram,358924288,65676705792,282799
283.2064,cpu,15753286,22495228,541010111
283.2064,gpu,0,0,0
283.4064,disk0,927874590978048,2089787970,12843507979233205
283.4064,disk0w,2189342564352,19753123,1284815520447
283.4064,disk4,2765569243136,5604020,41576546624876
283.4064,disk4w,2195456,171,27582691
283.4064,disk8,3710582908928,3735514,47462214382622
283.4064,disk8w,321908736,41915,1710976036
283.4064,disk6,5167359502336,8488441,89313242922527
283.4064,disk6w,380928,53,8067940
283.4064,ram,358924288,65676705792,282799
283.4064,cpu,15753286,22495228,541010111
283.4064,gpu,35,9,0
283.6064,disk0,927876878479360,2089792107,12843520704196543
283.6064,disk0w,2189342568448,19753124,1284815530655
283.6064,disk4,2766131525632,5605175,41579623721085
283.6064,disk4w,2195456,171,27582691
283.6064,disk8,3711153727488,3736099,47463025692671
283.6064,disk8w,321908736,41915,1710976036
283.6064,disk6,5168648906752,8490386,89324895705973
283.6064,disk6w,380928,53,8067940
283.6064,ram,363692032,65524482048,282799
283.6064,cpu,15753346,22495381,541011619
283.6064,gpu,0,0,0
283.8064,disk0,927879060013056,2089796556,12843530114282606
283.8064,disk0w,2189342568448,19753124,1284815530655
283.8064,disk4,2766912387072,5606753,41583769059766
283.8064,disk4w,2195456,171,27582691
283.8064,disk8,3711733327872,3736693,47463922732403
283.8064,disk8w,321908736,41915,1710976036
283.8064,disk6,5169998292992,8492508,89339246131810
283.8064,disk6w,380928,53,8067940
283.8064,ram,363692032,65524482048,282799
283.8064,cpu,15753346,22495381,541011619
283.8064,gpu,0,0,0
284.0028,disk0,927881488609280,2089801593,12843547645408805
284.0028,disk0w,2189342568448,19753124,1284815530655
284.0028,disk4,2767596730368,5608080,41586692465484
284.0028,disk4w,2195456,171,27582691
284.0028,disk8,3712269019136,3737242,47464514110673
284.0028,disk8w,321908736,41915,1710976036
284.0028,disk6,5171158509568,8494595,89350166413544
284.0028,disk6w,380928,53,8067940
284.0028,ram,363692032,65524482048,282799
284.0028,cpu,15753346,22495381,541011619
284.0028,gpu,0,0,0
284.2064,disk0,927883644481536,2089806296,12843560513498312
284.2064,disk0w,2189342568448,19753124,1284815530655
284.2064,disk4,2768450172928,5609769,41594107889006
284.2064,disk4w,2195456,171,27582691
284.2064,disk8,3712848619520,3737836,47465307972719
284.2064,disk8w,321908736,41915,1710976036
284.2064,disk6,5172359428096,8496799,89362882815112
284.2064,disk6w,380928,53,8067940
284.2064,ram,363692032,65524482048,282799
284.2064,cpu,15753346,22495381,541011619
284.2064,gpu,0,0,0
284.4064,disk0,927885423677440,2089812516,12843571546842239
284.4064,disk0w,2189342568448,19753124,1284815530655
284.4064,disk4,2769166030848,5611179,41597980103824
284.4064,disk4w,2195456,171,27582691
284.4064,disk8,3713384310784,3738385,47465912593583
284.4064,disk8w,321908736,41915,1710976036
284.4064,disk6,5173700245504,8499011,89378537979571
284.4064,disk6w,380928,53,8067940
284.4064,ram,363692032,65524482048,282799
284.4064,cpu,15753346,22495381,541011619
284.4064,gpu,0,0,0
284.6064,disk0,927887599185920,2089816719,12843587362346552
284.6064,disk0w,2189342572544,19753125,1284815540446
284.6064,disk4,2769798920192,5612447,41603209648033
284.6064,disk4w,2195456,171,27582691
284.6064,disk8,3713824434176,3738836,47466468458807
284.6064,disk8w,321908736,41915,1710976036
284.6064,disk6,5174763780096,8500881,89386120443106
284.6064,disk6w,380928,53,8067940
284.6064,ram,365445120,63953059840,282799
284.6064,cpu,15753405,22495523,541013285
284.6064,gpu,0,0,0
284.8064,disk0,927889916981248,2089823792,12843600996645237
284.8064,disk0w,2189342572544,19753125,1284815540446
284.8064,disk4,2770511304704,5613907,41607808151169
284.8064,disk4w,2195456,171,27582691
284.8064,disk8,3714464458752,3739492,47467327817348
284.8064,disk8w,321908736,41915,1710976036
284.8064,disk6,5176094930944,8502777,89396871207055
284.8064,disk6w,380928,53,8067940
284.8064,ram,365445120,63953059840,282799
284.8064,cpu,15753407,22495524,541013305
284.8064,gpu,0,0,0
285.0064,disk0,927891810037760,2089826866,12843607049056484
285.0064,disk0w,2189342572544,19753125,1284815540446
285.0064,disk4,2771318994944,5615561,41616551672409
285.0064,disk4w,2195456,171,27582691
285.0064,disk8,3715044059136,3740086,47468111136470
285.0064,disk8w,321908736,41915,1710976036
285.0064,disk6,5177382713344,8504450,89407936118760
285.0064,disk6w,380928,53,8067940
285.0064,ram,365445120,63953059840,282799
285.0064,cpu,15753407,22495524,541013305
285.0064,gpu,29,7,0
285.2064,disk0,927894228680704,2089831845,12843621540272317
285.2064,disk0w,2189342572544,19753125,1284815540446
285.2064,disk4,2772109826048,5617183,41622382036797
285.2064,disk4w,2195456,171,27582691
285.2064,disk8,3715656296448,3740713,47468928701468
285.2064,disk8w,321908736,41915,1710976036
285.2064,disk6,5178694596608,8506293,89416241360942
285.2064,disk6w,380928,53,8067940
285.2064,ram,365445120,63953059840,282799
285.2064,cpu,15753407,22495524,541013305
285.2064,gpu,0,0,0
285.4064,disk0,927896347279360,2089836331,12843632457546940
285.4064,disk0w,2189342576640,19753126,1284815552029
285.4064,disk4,2772978137088,5618900,41628333559435
285.4064,disk4w,2195456,171,27582691
285.4064,disk8,3716212041728,3741283,47469666446867
285.4064,disk8w,321908736,41915,1710976036
285.4064,disk6,5179976648704,8508447,89428648124834
285.4064,disk6w,380928,53,8067940
285.4064,ram,365445120,63953059840,282799
285.4064,cpu,15753407,22495524,541013305
285.4064,gpu,0,0,0
285.6064,disk0,927898771292160,2089841379,12843649510001924
285.6064,disk0w,2189342576640,19753126,1284815552029
285.6064,disk4,2773639297024,5620199,41632428330792
285.6064,disk4w,2195456,171,27582691
285.6064,disk8,3716782860288,3741868,47470402718468
285.6064,disk8w,321908736,41915,1710976036
285.6064,disk6,5181129902080,8510594,89439323326161
285.6064,disk6w,380928,53,8067940
285.6064,ram,361857024,65665728512,282799
285.6064,cpu,15753460,22495652,541014880
285.6064,gpu,0,0,0
285.8047,disk0,927900921479168,2089847503,12843664448105485
285.8047,disk0w,2189342576640,19753126,1284815552029
285.8047,disk4,2774299801600,5621506,41636154598323
285.8047,disk4w,2195456,171,27582691
285.8047,disk8,3717480818688,3742583,47471379672192
285.8047,disk8w,321908736,41915,1710976036
285.8047,disk6,5182334158848,8512589,89452102405962
285.8047,disk6w,380928,53,8067940
285.8047,ram,361857024,65665728512,282799
285.8047,cpu,15753460,22495652,541014880
285.8047,gpu,35,8,0
286.0064,disk0,927903178260480,2089851408,12843679237253489
286.0064,disk0w,2189342576640,19753126,1284815552029
286.0064,disk4,2774966597632,5622831,41641133611210
286.0064,disk4w,2195456,171,27582691
286.0064,disk8,3718091286528,3743209,47472463706702
286.0064,disk8w,321908736,41915,1710976036
286.0064,disk6,5183388403712,8514615,89460252525026
286.0064,disk6w,380928,53,8067940
286.0064,ram,361857024,65665728512,282799
286.0064,cpu,15753460,22495652,541014880
286.0064,gpu,0,0,0
286.2064,disk0,927905646911488,2089856780,12843695033457195
286.2064,disk0w,2189342576640,19753126,1284815552029
286.2064,disk4,2775686035456,5624306,41644894587801
286.2064,disk4w,2195456,171,27582691
286.2064,disk8,3718703523840,3743836,47473352027370
286.2064,disk8w,321908736,41915,1710976036
286.2064,disk6,5184590071808,8516282,89468047807074
286.2064,disk6w,380928,53,8067940
286.2064,ram,361857024,65665728512,282799
286.2064,cpu,15753460,22495652,541014880
286.2064,gpu,0,0,0
286.4064,disk0,927907681574912,2089860270,12843702679118113
286.4064,disk0w,2189342580736,19753127,1284815562154
286.4064,disk4,2776460736512,5625892,41654512456767
286.4064,disk4w,2195456,171,27582691
286.4064,disk8,3719259269120,3744406,47473968353392
286.4064,disk8w,321908736,41915,1710976036
286.4064,disk6,5185841383424,8517853,89476230467923
286.4064,disk6w,380928,53,8067940
286.4064,ram,361857024,65665728512,282799
286.4064,cpu,15753460,22495652,541014880
286.4064,gpu,0,0,0
286.6064,disk0,927909882015744,2089864604,12843713664046944
286.6064,disk0w,2189342584832,19753128,1284815594487
286.6064,disk4,2777346488320,5627707,41660705856913
286.6064,disk4w,2195456,171,27582691
286.6064,disk8,3719663233024,3744820,47474465664249
286.6064,disk8w,321908736,41915,1710976036
286.6064,disk6,5187154630656,8519626,89486095512324
286.6064,disk6w,380928,53,8067940
286.6064,ram,360906752,65636581376,282799
286.6064,cpu,15753509,22495775,541016436
286.6064,gpu,0,0,0
286.8063,disk0,927912093368320,2089869534,12843726766822821
286.8063,disk0w,2189342584832,19753128,1284815594487
286.8063,disk4,2778165966848,5629349,41666902227404
286.8063,disk4w,2195456,171,27582691
286.8063,disk8,3720190142464,3745360,47475055716730
286.8063,disk8w,321908736,41915,1710976036
286.8063,disk6,5188430260224,8521548,89496713061427
286.8063,disk6w,380928,53,8067940
286.8063,ram,360906752,65636581376,282799
286.8063,cpu,15753509,22495775,541016436
286.8063,gpu,45,9,0
287.0065,disk0,927914344312832,2089874240,12843740791932552
287.0065,disk0w,2189342638080,19753131,1284815660945
287.0065,disk4,2778897184768,5630781,41671752374349
287.0065,disk4w,2195456,171,27582691
287.0065,disk8,3720677337088,3745859,47475618409943
287.0065,disk8w,321908736,41915,1710976036
287.0065,disk6,5189735065600,8523804,89509036312505
287.0065,disk6w,380928,53,8067940
287.0065,ram,360906752,65636581376,282799
287.0065,cpu,15753509,22495775,541016436
287.0065,gpu,0,0,0
287.2064,disk0,927916477620224,2089879675,12843754949183918
287.2064,disk0w,2189342638080,19753131,1284815660945
287.2064,disk4,2779739453440,5632447,41677462549838
287.2064,disk4w,2195456,171,27582691
287.2064,disk8,3721347901440,3746546,47476572233623
287.2064,disk8w,321908736,41915,1710976036
287.2064,disk6,5190953379840,8525867,89520752020524
287.2064,disk6w,380928,53,8067940
287.2064,ram,360906752,65636581376,282799
287.2064,cpu,15753509,22495775,541016436
287.2064,gpu,0,0,0
287.4061,disk0,927918425530368,2089883140,12843762976079225
287.4061,disk0w,2189342642176,19753132,1284815674278
287.4061,disk4,2780429039616,5633814,41682256482294
287.4061,disk4w,2195456,171,27582691
287.4061,disk8,3721899059200,3747111,47477379311897
287.4061,disk8w,321908736,41915,1710976036
287.4061,disk6,5192172218368,8528393,89535504373463
287.4061,disk6w,380928,53,8067940
287.4061,ram,360906752,65636581376,282799
287.4061,cpu,15753509,22495775,541016436
287.4061,gpu,0,0,0
287.6064,disk0,927920531398656,2089886915,12843770879309432
287.6064,disk0w,2189342642176,19753132,1284815674278
287.6064,disk4,2781232543744,5635460,41689987455063
287.6064,disk4w,2195456,171,27582691
287.6064,disk8,3722488457216,3747715,47478300986441
287.6064,disk8w,321908736,41915,1710976036
287.6064,disk6,5193514313728,8530409,89549440989786
287.6064,disk6w,380928,53,8067940
287.6064,ram,363249664,65563000832,282799
287.6064,cpu,15753565,22495905,541018070
287.6064,gpu,0,0,0
287.8064,disk0,927922794848256,2089890708,12843782723982623
287.8064,disk0w,2189342642176,19753132,1284815674278
287.8064,disk4,2782073780224,5637183,41698635406326
287.8064,disk4w,2195456,171,27582691
287.8064,disk8,3723063863296,3748305,47479130508619
287.8064,disk8w,321908736,41915,1710976036
287.8064,disk6,5194596673536,8531638,89554289217418
287.8064,disk6w,380928,53,8067940
287.8064,ram,363249664,65563000832,282799
287.8064,cpu,15753565,22495905,541018070
287.8064,gpu,0,0,0
288.0064,disk0,927924671782912,2089894181,12843789144195512
288.0064,disk0w,2189342650368,19753134,1284815739903
288.0064,disk4,2782830934016,5638736,41706296276186
288.0064,disk4w,2195456,171,27582691
288.0064,disk8,3723632584704,3748888,47479815310434
288.0064,disk8w,321908736,41915,1710976036
288.0064,disk6,5195900512256,8533599,89567381833979
288.0064,disk6w,380928,53,8067940
288.0064,ram,363249664,65563000832,282799
288.0064,cpu,15753565,22495905,541018070
288.0064,gpu,0,0,0
288.2064,disk0,927926724644864,2089898426,12843798988196355
288.2064,disk0w,2189342650368,19753134,1284815739903
288.2064,disk4,2783756351488,5640630,41715256613762
288.2064,disk4w,2195456,171,27582691
288.2064,disk8,3724200912896,3749470,47480496224101
288.2064,disk8w,321908736,41915,1710976036
288.2064,disk6,5197174564864,8535354,89576482850810
288.2064,disk6w,380928,53,8067940
288.2064,ram,363249664,65563000832,282799
288.2064,cpu,15753565,22495905,541018070
288.2064,gpu,40,9,0
288.4064,disk0,927928991965184,2089903332,12843814666735168
288.4064,disk0w,2189343899648,19753386,1284820430233
288.4064,disk4,2784466499584,5642006,41719291926339
288.4064,disk4w,2195456,171,27582691
288.4064,disk8,3724651276288,3749932,47480952698792
288.4064,disk8w,321908736,41915,1710976036
288.4064,disk6,5198398089216,8537543,89589272004556
288.4064,disk6w,380928,53,8067940
288.4064,ram,363249664,65563000832,282799
288.4064,cpu,15753565,22495905,541018070
288.4064,gpu,0,0,0
288.6064,disk0,927931236147200,2089908377,12843828210316626
288.6064,disk0w,2189343899648,19753386,1284820430233
288.6064,disk4,2785288222720,5643632,41725303982377
288.6064,disk4w,2195456,171,27582691
288.6064,disk8,3725266003968,3750562,47481922853633
288.6064,disk8w,321908736,41915,1710976036
288.6064,disk6,5199621646336,8539695,89600060294386
288.6064,disk6w,380928,53,8067940
288.6064,ram,360677376,64114950144,282799
288.6064,cpu,15753631,22496058,541019593
288.6064,gpu,0,0,0
288.8064,disk0,927933095833600,2089915014,12843842521408476
288.8064,disk0w,2189349441536,19753461,1284822406956
288.8064,disk4,2785977513984,5644991,41730258381916
288.8064,disk4w,2195456,171,27582691
288.8064,disk8,3725924640768,3751237,47483123069229
288.8064,disk8w,321908736,41915,1710976036
288.8064,disk6,5200806246400,8541838,89612922894767
288.8064,disk6w,380928,53,8067940
288.8064,ram,360677376,64114950144,282799
288.8064,cpu,15753631,22496058,541019593
288.8064,gpu,44,8,0
289.0064,disk0,927935049031680,2089918854,12843854229842595
289.0064,disk0w,2189349441536,19753461,1284822406956
289.0064,disk4,2786581321728,5646204,41734718388374
289.0064,disk4w,2195456,171,27582691
289.0064,disk8,3726432856064,3751758,47484410957192
289.0064,disk8w,321908736,41915,1710976036
289.0064,disk6,5201892636672,8543817,89624041468808
289.0064,disk6w,380928,53,8067940
289.0064,ram,360677376,64114950144,282799
289.0064,cpu,15753631,22496058,541019593
289.0064,gpu,0,0,0
289.2064,disk0,927937241899008,2089930618,12843873212635819
289.2064,disk0w,2189349441536,19753461,1284822406956
289.2064,disk4,2787310344192,5647699,41741855971631
289.2064,disk4w,2195456,171,27582691
289.2064,disk8,3726934468608,3752272,47485108938274
289.2064,disk8w,321908736,41915,1710976036
289.2064,disk6,5202969278464,8545276,89630642510344
289.2064,disk6w,380928,53,8067940
289.2064,ram,360677376,64114950144,282799
289.2064,cpu,15753631,22496058,541019593
289.2064,gpu,30,8,0
289.4064,disk0,927939174326272,2089933630,12843881434333832
289.4064,disk0w,2189349445632,19753462,1284822419914
289.4064,disk4,2788107032576,5649331,41749961350643
289.4064,disk4w,2195456,171,27582691
289.4064,disk8,3727496505344,3752848,47485782901586
289.4064,disk8w,321908736,41915,1710976036
289.4064,disk6,5204261959680,8547060,89641514407236
289.4064,disk6w,380928,53,8067940
289.4064,ram,360677376,64114950144,282799
289.4064,cpu,15753631,22496058,541019593
289.4064,gpu,0,0,0
289.6064,disk0,927940985626624,2089937337,12843889459416844
289.6064,disk0w,2189349445632,19753462,1284822419914
289.6064,disk4,2788968273920,5651097,41756316941054
289.6064,disk4w,2195456,171,27582691
289.6064,disk8,3728029706240,3753394,47486325720990
289.6064,disk8w,321908736,41915,1710976036
289.6064,disk6,5205626181632,8548920,89653579734820
289.6064,disk6w,380928,53,8067940
289.6064,ram,365953024,65601486848,282799
289.6064,cpu,15753686,22496192,541021165
289.6064,gpu,28,7,0
289.8064,disk0,927943140503552,2089942052,12843900071829086
289.8064,disk0w,2189349445632,19753462,1284822419914
289.8064,disk4,2789506611200,5652174,41759628098982
289.8064,disk4w,2195456,171,27582691
289.8064,disk8,3728620578816,3754000,47487064532994
289.8064,disk8w,321908736,41915,1710976036
289.8064,disk6,5206953416704,8551027,89668590493831
289.8064,disk6w,380928,53,8067940
289.8064,ram,365953024,65601486848,282799
289.8064,cpu,15753686,22496192,541021165
289.8064,gpu,0,0,0
290.0064,disk0,927945284009984,2089946505,12843912930859645
290.0064,disk0w,2189349445632,19753462,1284822419914
290.0064,disk4,2790305003520,5653741,41764621863790
290.0064,disk4w,2195456,171,27582691
290.0064,disk8,3729028737024,3754418,47487559172723
290.0064,disk8w,321908736,41915,1710976036
290.0064,disk6,5208171075584,8553070,89681444886816
290.0064,disk6w,380928,53,8067940
290.0064,ram,365953024,65601486848,282799
290.0064,cpu,15753686,22496192,541021165
290.0064,gpu,0,0,0
290.2064,disk0,927947229634560,2089952238,12843926950709790
290.2064,disk0w,2189349449728,19753463,1284822439914
290.2064,disk4,2791123056640,5655359,41771576039075
290.2064,disk4w,2195456,171,27582691
290.2064,disk8,3729539131392,3754941,47488187676312
290.2064,disk8w,321908736,41915,1710976036
290.2064,disk6,5209397123072,8555151,89693533099449
290.2064,disk6w,380928,53,8067940
290.2064,ram,365953024,65601486848,282799
290.2064,cpu,15753686,22496192,541021165
290.2064,gpu,0,0,0
290.4064,disk0,927949176078336,2089958269,12843938846348102
290.4064,disk0w,2189349449728,19753463,1284822439914
290.4064,disk4,2791829534720,5656760,41776474703827
290.4064,disk4w,2195456,171,27582691
290.4064,disk8,3730148616192,3755566,47488970016654
290.4064,disk8w,321908736,41915,1710976036
290.4064,disk6,5210559506432,8557601,89708352665744
290.4064,disk6w,380928,53,8067940
290.4064,ram,365953024,65601486848,282799
290.4064,cpu,15753686,22496192,541021165
290.4064,gpu,0,0,0
290.6064,disk0,927951044890624,2089968738,12843954031038449
290.6064,disk0w,2189349449728,19753463,1284822439914
290.6064,disk4,2792497764352,5658130,41782249593036
290.6064,disk4w,2195456,171,27582691
290.6064,disk8,3730736883712,3756169,47491903184692
290.6064,disk8w,321908736,41915,1710976036
290.6064,disk6,5211591223296,8559081,89715756817828
290.6064,disk6w,380928,53,8067940
290.6064,ram,364576768,65510293504,282799
290.6064,cpu,15753747,22496336,541022811
290.6064,gpu,0,0,0
290.8060,disk0,927953337520128,2089972606,12843963890063454
290.8060,disk0w,2189349449728,19753463,1284822439914
290.8060,disk4,2793338599424,5659851,41788475822409
290.8060,disk4w,2195456,171,27582691
290.8060,disk8,3731255011328,3756700,47492577996011
290.8060,disk8w,321908736,41915,1710976036
290.8060,disk6,5212851152896,8560569,89724298470203
290.8060,disk6w,380928,53,8067940
290.8060,ram,364576768,65510293504,282799
290.8060,cpu,15753748,22496337,541022847
290.8060,gpu,0,0,0
291.0064,disk0,927955369562112,2089976356,12843972860484979
291.0064,disk0w,2189349449728,19753463,1284822439914
291.0064,disk4,2794236655616,5661692,41795744687966
291.0064,disk4w,2195456,171,27582691
291.0064,disk8,3731938551808,3757400,47493623227660
291.0064,disk8w,321908736,41915,1710976036
291.0064,disk6,5214202144768,8562660,89735964551522
291.0064,disk6w,380928,53,8067940
291.0064,ram,364576768,65510293504,282799
291.0064,cpu,15753748,22496337,541022847
291.0064,gpu,0,0,0
291.2064,disk0,927957286227968,2089980446,12843981292947161
291.2064,disk0w,2189349453824,19753464,1284822452955
291.2064,disk4,2794926635008,5663097,41801750106406
291.2064,disk4w,2195456,171,27582691
291.2064,disk8,3732519593984,3757996,47494343407832
291.2064,disk8w,321908736,41915,1710976036
291.2064,disk6,5215547025408,8564633,89749686449644
291.2064,disk6w,380928,53,8067940
291.2064,ram,364576768,65510293504,282799
291.2064,cpu,15753748,22496337,541022847
291.2064,gpu,0,0,0
291.4064,disk0,927959346405376,2089984689,12843994822703593
291.4064,disk0w,2189349453824,19753464,1284822452955
291.4064,disk4,2795532023808,5664270,41805286780018
291.4064,disk4w,2195456,171,27582691
291.4064,disk8,3732932339712,3758419,47494775140355
291.4064,disk8w,321908736,41915,1710976036
291.4064,disk6,5216783972352,8566833,89763793594487
291.4064,disk6w,380928,53,8067940
291.4064,ram,364576768,65510293504,282799
291.4064,cpu,15753748,22496337,541022847
291.4064,gpu,0,0,0
291.6058,disk0,927961659588608,2089990097,12844009801252627
291.6058,disk0w,2189349453824,19753464,1284822452955
291.6058,disk4,2796230653952,5665652,41811316324392
291.6058,disk4w,2195456,171,27582691
291.6058,disk8,3733415340032,3758914,47495330302938
291.6058,disk8w,321908736,41915,1710976036
291.6058,disk6,5218033145856,8569084,89775676344945
291.6058,disk6w,380928,53,8067940
291.6058,ram,363724800,64103448576,282799
291.6058,cpu,15753805,22496463,541024402
291.6058,gpu,0,0,0
291.8064,disk0,927963919355904,2089998709,12844028744545965
291.8064,disk0w,2189349453824,19753464,1284822452955
291.8064,disk4,2796866140160,5666906,41816773314052
291.8064,disk4w,2195456,171,27582691
291.8064,disk8,3734100322304,3759616,47496266446498
291.8064,disk8w,321908736,41915,1710976036
291.8064,disk6,5219159021568,8571011,89784389067056
291.8064,disk6w,380928,53,8067940
291.8064,ram,363724800,64103448576,282799
291.8064,cpu,15753808,22496469,541024453
291.8064,gpu,30,7,0
292.0064,disk0,927966051983360,2090002784,12844042636039174
292.0064,disk0w,2189349453824,19753464,1284822452955
292.0064,disk4,2797496260608,5668173,41821974991880
292.0064,disk4w,2195456,171,27582691
292.0064,disk8,3734653511680,3760183,47497259491725
292.0064,disk8w,321908736,41915,1710976036
292.0064,disk6,5220162181120,8572914,89794479215763
292.0064,disk6w,380928,53,8067940
292.0064,ram,363724800,64103448576,282799
292.0064,cpu,15753808,22496469,541024453
292.0064,gpu,30,7,0
292.2064,disk0,927968089866240,2090007578,12844050831468297
292.2064,disk0w,2189349457920,19753465,1284822473788
292.2064,disk4,2798183618560,5669581,41826884815201
292.2064,disk4w,2195456,171,27582691
292.2064,disk8,3735304415232,3760850,47498206557965
292.2064,disk8w,321908736,41915,1710976036
292.2064,disk6,5221541779456,8574842,89807549657690
292.2064,disk6w,380928,53,8067940
292.2064,ram,363724800,64103448576,282799
292.2064,cpu,15753808,22496469,541024453
292.2064,gpu,0,0,0
292.4064,disk0,927970027405312,2090010810,12844058043927067
292.4064,disk0w,2189349457920,19753465,1284822473788
292.4064,disk4,2798918645760,5671086,41833766966340
292.4064,disk4w,2195456,171,27582691
292.4064,disk8,3735803930624,3761362,47498874061891
292.4064,disk8w,321908736,41915,1710976036
292.4064,disk6,5222796154880,8576530,89819296239291
292.4064,disk6w,380928,53,8067940
292.4064,ram,363724800,64103448576,282799
292.4064,cpu,15753808,22496469,541024453
292.4064,gpu,0,0,0
292.6064,disk0,927971751182336,2090014045,12844065704158145
292.6064,disk0w,2189349457920,19753465,1284822473788
292.6064,disk4,2799719249920,5672726,41840551283317
292.6064,disk4w,2195456,171,27582691
292.6064,disk8,3736322058240,3761893,47499448167389
292.6064,disk8w,321908736,41915,1710976036
292.6064,disk6,5224163645440,8578575,89833481775773
292.6064,disk6w,380928,53,8067940
292.6064,ram,363429888,65665400832,282799
292.6064,cpu,15753859,22496589,541026005
292.6064,gpu,35,6,0
292.8064,disk0,927973982765056,2090018892,12844077025384910
292.8064,disk0w,2189349457920,19753465,1284822473788
292.8064,disk4,2800388569088,5674057,41845621753883
292.8064,disk4w,2195456,171,27582691
292.8064,disk8,3736920270848,3762506,47500191260683
292.8064,disk8w,321908736,41915,1710976036
292.8064,disk6,5225502152704,8580517,89845640166620
292.8064,disk6w,380928,53,8067940
292.8064,ram,363429888,65665400832,282799
292.8064,cpu,15753860,22496595,541026055
292.8064,gpu,0,0,0
293.0051,disk0,927975950057472,2090023206,12844086434485126
293.0051,disk0w,2189349466112,19753467,1284822509829
293.0051,disk4,2801072150528,5675389,41850634542687
293.0051,disk4w,2195456,171,27582691
293.0051,disk8,3737358313472,3762955,47500693336533
293.0051,disk8w,321908736,41915,1710976036
293.0051,disk6,5226841270272,8582904,89861549134731
293.0051,disk6w,380928,53,8067940
293.0051,ram,363429888,65665400832,282799
293.0051,cpu,15753860,22496595,541026055
293.0051,gpu,0,0,0
293.2051,disk0,927978029158400,2090027987,12844097847280589
293.2051,disk0w,2189349470208,19753468,1284822524620
293.2051,disk4,2801875367936,5676974,41856598518666
293.2051,disk4w,2195456,171,27582691
293.2051,disk8,3737894004736,3763504,47501330266257
293.2051,disk8w,321908736,41915,1710976036
293.2051,disk6,5228178286592,8585110,89874152236582
293.2051,disk6w,380928,53,8067940
293.2051,ram,363429888,65665400832,282799
293.2051,cpu,15753860,22496595,541026055
293.2051,gpu,33,10,0
293.4064,disk0,927980425191424,2090036208,12844115675309444
293.4064,disk0w,2189349470208,19753468,1284822524620
293.4064,disk4,2802516523008,5678240,41859825725944
293.4064,disk4w,2195456,171,27582691
293.4064,disk8,3738517514240,3764143,47502135752746
293.4064,disk8w,321908736,41915,1710976036
293.4064,disk6,5229412939776,8587577,89887202875096
293.4064,disk6w,380928,53,8067940
293.4064,ram,363429888,65665400832,282799
293.4064,cpu,15753860,22496595,541026055
293.4064,gpu,0,0,0
293.6064,disk0,927982287187968,2090040369,12844126857521797
293.6064,disk0w,2189349515264,19753469,1284822551578
293.6064,disk4,2803103676416,5679434,41863433660382
293.6064,disk4w,2195456,171,27582691
293.6064,disk8,3739113187328,3764753,47503363984406
293.6064,disk8w,321908736,41915,1710976036
293.6064,disk6,5230515558400,8589390,89897609897891
293.6064,disk6w,380928,53,8067940
293.6064,ram,375767040,65466761216,282799
293.6064,cpu,15753924,22496754,541027556
293.6064,gpu,39,6,0
293.8064,disk0,927984576512000,2090048739,12844143042074868
293.8064,disk0w,2189349515264,19753469,1284822551578
293.8064,disk4,2803735377920,5680729,41866903645208
293.8064,disk4w,2195456,171,27582691
293.8064,disk8,3739940120576,3765601,47504572642625
293.8064,disk8w,321908736,41915,1710976036
293.8064,disk6,5231735789568,8591070,89905827632756
293.8064,disk6w,380928,53,8067940
293.8064,ram,375767040,65466761216,282799
293.8064,cpu,15753927,22496763,541027620
293.8064,gpu,0,0,0
294.0028,disk0,927986698485760,2090052392,12844152549019859
294.0028,disk0w,2189349515264,19753469,1284822551578
294.0028,disk4,2804526053376,5682349,41871892212191
294.0028,disk4w,2195456,171,27582691
294.0028,disk8,3740405557248,3766078,47505154965639
294.0028,disk8w,321908736,41915,1710976036
294.0028,disk6,5233050163200,8592849,89916811413130
294.0028,disk6w,380928,53,8067940
294.0028,ram,375767040,65466761216,282799
294.0028,cpu,15753927,22496763,541027620
294.0028,gpu,32,7,0
294.2062,disk0,927988695859200,2090056525,12844160859812979
294.2062,disk0w,2189349519360,19753470,1284822564244
294.2062,disk4,2805139683328,5683607,41876761273811
294.2062,disk4w,2195456,171,27582691
294.2062,disk8,3741000230912,3766687,47505993139475
294.2062,disk8w,321908736,41915,1710976036
294.2062,disk6,5234429253632,8594855,89931100654094
294.2062,disk6w,380928,53,8067940
294.2062,ram,375767040,65466761216,282799
294.2062,cpu,15753927,22496763,541027620
294.2062,gpu,0,0,0
294.4064,disk0,927990836936704,2090061078,12844171864345800
294.4064,disk0w,2189349519360,19753470,1284822564244
294.4064,disk4,2805941237760,5685181,41882055402666
294.4064,disk4w,2195456,171,27582691
294.4064,disk8,3741564758016,3767266,47506715728490
294.4064,disk8w,321908736,41915,1710976036
294.4064,disk6,5235694884864,8596868,89943583245703
294.4064,disk6w,380928,53,8067940
294.4064,ram,375767040,65466761216,282799
294.4064,cpu,15753927,22496763,541027620
294.4064,gpu,0,0,0
294.6064,disk0,927993156308992,2090065960,12844185021984325
294.6064,disk0w,2189349519360,19753470,1284822564244
294.6064,disk4,2806797383680,5686862,41887771953893
294.6064,disk4w,2195456,171,27582691
294.6064,disk8,3742197049344,3767914,47507766239851
294.6064,disk8w,321908736,41915,1710976036
294.6064,disk6,5236968085504,8599211,89955790508921
294.6064,disk6w,380928,53,8067940
294.6064,ram,378945536,64461996032,282799
294.6064,cpu,15753977,22496886,541029153
294.6064,gpu,0,0,0
294.8064,disk0,927995238653952,2090070952,12844197098288708
294.8064,disk0w,2189349519360,19753470,1284822564244
294.8064,disk4,2807617386496,5688484,41895950381758
294.8064,disk4w,2195456,171,27582691
294.8064,disk8,3742741522432,3768472,47508446076703
294.8064,disk8w,321908736,41915,1710976036
294.8064,disk6,5238240729088,8601388,89967185162493
294.8064,disk6w,380928,53,8067940
294.8064,ram,378945536,64461996032,282799
294.8064,cpu,15753980,22496891,541029218
294.8064,gpu,0,0,0
295.0064,disk0,927997656973312,2090077742,12844213251585870
295.0064,disk0w,2189349523456,19753471,1284822573744
295.0064,disk4,2808253806592,5689739,41899519856130
295.0064,disk4w,2195456,171,27582691
295.0064,disk8,3743289141248,3769033,47509245487554
295.0064,disk8w,321908736,41915,1710976036
295.0064,disk6,5239418591232,8603720,89978196853328
295.0064,disk6w,380928,53,8067940
295.0064,ram,378945536,64461996032,282799
295.0064,cpu,15753980,22496891,541029218
295.0064,gpu,0,0,0
295.2064,disk0,927999337029632,2090081089,12844220087104404
295.2064,disk0w,2189349523456,19753471,1284822573744
295.2064,disk4,2808920602624,5691100,41903891757963
295.2064,disk4w,2195456,171,27582691
295.2064,disk8,3743848998912,3769607,47510490813574
295.2064,disk8w,321908736,41915,1710976036
295.2064,disk6,5240594044928,8605539,89991560269549
295.2064,disk6w,380928,53,8067940
295.2064,ram,378945536,64461996032,282799
295.2064,cpu,15753980,22496891,541029218
295.2064,gpu,0,0,0
295.4064,disk0,928001286553600,2090086072,12844231109576835
295.4064,disk0w,2189349523456,19753471,1284822573744
295.4064,disk4,2809775699968,5692854,41909665871047
295.4064,disk4w,2195456,171,27582691
295.4064,disk8,3744427550720,3770200,47511226918211
295.4064,disk8w,321908736,41915,1710976036
295.4064,disk6,5241848797184,8607098,90001968872416
295.4064,disk6w,380928,53,8067940
295.4064,ram,378945536,64461996032,282799
295.4064,cpu,15753980,22496891,541029218
295.4064,gpu,0,0,0
295.6018,disk0,928003544326144,2090090137,12844241573759806
295.6018,disk0w,2189349523456,19753471,1284822573744
295.6018,disk4,2810521073664,5694383,41915447017826
295.6018,disk4w,2195456,171,27582691
295.6018,disk8,3744998369280,3770785,47511917726061
295.6018,disk8w,321908736,41915,1710976036
295.6018,disk6,5243162318848,8608869,90011992463527
295.6018,disk6w,380928,53,8067940
295.6018,ram,376111104,65542176768,282799
295.6018,cpu,15754034,22497017,541030734
295.6018,gpu,0,0,0
295.8064,disk0,928005904785408,2090094973,12844252148817340
295.8064,disk0w,2189349523456,19753471,1284822573744
295.8064,disk4,2811307030528,5695996,41921871846557
295.8064,disk4w,2195456,171,27582691
295.8064,disk8,3745510860800,3771310,47512594592344
295.8064,disk8w,321908736,41915,1710976036
295.8064,disk6,5244565264384,8610995,90024306018994
295.8064,disk6w,380928,53,8067940
295.8064,ram,376111104,65542176768,282799
295.8064,cpu,15754040,22497027,541030854
295.8064,gpu,0,0,0
296.0064,disk0,928007958913024,2090099182,12844263514237280
296.0064,disk0w,2189349527552,19753472,1284822605035
296.0064,disk4,2812131751936,5697600,41928462536303
296.0064,disk4w,2195456,171,27582691
296.0064,disk8,3746008279040,3771820,47513220559957
296.0064,disk8w,321908736,41915,1710976036
296.0064,disk6,5245814089728,8613157,90036466349482
296.0064,disk6w,380928,53,8067940
296.0064,ram,376111104,65542176768,282799
296.0064,cpu,15754040,22497027,541030854
296.0064,gpu,0,0,0
296.2064,disk0,928010040164352,2090103506,12844273707715598
296.2064,disk0w,2189349527552,19753472,1284822605035
296.2064,disk4,2812994476032,5699294,41934630635650
296.2064,disk4w,2195456,171,27582691
296.2064,disk8,3746631788544,3772459,47514167846568
296.2064,disk8w,321908736,41915,1710976036
296.2064,disk6,5247066580992,8615425,90048189259220
296.2064,disk6w,380928,53,8067940
296.2064,ram,376111104,65542176768,282799
296.2064,cpu,15754040,22497027,541030854
296.2064,gpu,0,0,0
296.4044,disk0,928011900252160,2090109061,12844283328900530
296.4044,disk0w,2189349527552,19753472,1284822605035
296.4044,disk4,2813792204800,5700873,41941183625681
296.4044,disk4w,2195456,171,27582691
296.4044,disk8,3747247564800,3773090,47514904977439
296.4044,disk8w,321908736,41915,1710976036
296.4044,disk6,5248345384960,8617551,90062245600317
296.4044,disk6w,380928,53,8067940
296.4044,ram,376111104,65542176768,282799
296.4044,cpu,15754040,22497027,541030854
296.4044,gpu,0,0,0
296.6064,disk0,928013795008512,2090116757,12844293429694613
296.6064,disk0w,2189349543936,19753476,1284822695451
296.6064,disk4,2814359877632,5701995,41945186958552
296.6064,disk4w,2195456,171,27582691
296.6064,disk8,3747738298368,3773593,47515466203774
296.6064,disk8w,321908736,41915,1710976036
296.6064,disk6,5249585575936,8619988,90078423409872
296.6064,disk6w,380928,53,8067940
296.6064,ram,382779392,64015384576,282799
296.6064,cpu,15754090,22497147,541032335
296.6064,gpu,0,0,0
296.8064,disk0,928015343755264,2090123481,12844304611805078
296.8064,disk0w,2189349543936,19753476,1284822695451
296.8064,disk4,2815149881344,5703605,41952049339597
296.8064,disk4w,2195456,171,27582691
296.8064,disk8,3748365936640,3774237,47516922032772
296.8064,disk8w,321908736,41915,1710976036
296.8064,disk6,5250779871232,8621838,90087939446345
296.8064,disk6w,380928,53,8067940
296.8064,ram,382779392,64015384576,282799
296.8064,cpu,15754091,22497150,541032355
296.8064,gpu,0,0,0
297.0064,disk0,928017515655168,2090127267,12844314521418658
297.0064,disk0w,2189349548032,19753477,1284822712117
297.0064,disk4,2816072693760,5705495,41960114191906
297.0064,disk4w,2195456,171,27582691
297.0064,disk8,3748941342720,3774826,47517636630490
297.0064,disk8w,321908736,41915,1710976036
297.0064,disk6,5252047075328,8623418,90096597685028
297.0064,disk6w,380928,53,8067940
297.0064,ram,382779392,64015384576,282799
297.0064,cpu,15754091,22497150,541032355
297.0064,gpu,0,0,0
297.2064,disk0,928019546599424,2090131087,12844322440280570
297.2064,disk0w,2189349548032,19753477,1284822712117
297.2064,disk4,2817043560448,5707486,41972294208833
297.2064,disk4w,2195456,171,27582691
297.2064,disk8,3749478082560,3775376,47518371258191
297.2064,disk8w,321908736,41915,1710976036
297.2064,disk6,5253242386432,8625097,90105617513085
297.2064,disk6w,380928,53,8067940
297.2064,ram,382779392,64015384576,282799
297.2064,cpu,15754091,22497150,541032355
297.2064,gpu,0,0,0
297.4061,disk0,928021479706624,2090135082,12844331067531899
297.4061,disk0w,2189349584896,19753479,1284822747033
297.4061,disk4,2817913583616,5709272,41984780876786
297.4061,disk4w,2195456,171,27582691
297.4061,disk8,3749924907008,3775834,47518915581369
297.4061,disk8w,321908736,41915,1710976036
297.4061,disk6,5254377306112,8626756,90114167987485
297.4061,disk6w,380928,53,8067940
297.4061,ram,382779392,64015384576,282799
297.4061,cpu,15754091,22497150,541032355
297.4061,gpu,0,0,0
297.6064,disk0,928023587643392,2090139243,12844341532727624
297.6064,disk0w,2189349584896,19753479,1284822747033
297.6064,disk4,2818762668032,5710929,41991951172724
297.6064,disk4w,2195456,171,27582691
297.6064,disk8,3750489040896,3776412,47519613818544
297.6064,disk8w,321908736,41915,1710976036
297.6064,disk6,5255658682368,8628992,90127384243894
297.6064,disk6w,380928,53,8067940
297.6064,ram,373227520,65669775360,282799
297.6064,cpu,15754151,22497274,541033930
297.6064,gpu,0,0,0
297.8064,disk0,928025870168064,2090143759,12844354552447386
297.8064,disk0w,2189349584896,19753479,1284822747033
297.8064,disk4,2819495458816,5712370,41996963773417
297.8064,disk4w,2195456,171,27582691
297.8064,disk8,3751148726272,3777088,47520462993071
297.8064,disk8w,321908736,41915,1710976036
297.8064,disk6,5256885139456,8631234,90139821501685
297.8064,disk6w,380928,53,8067940
297.8064,ram,373227520,65669775360,282799
297.8064,cpu,15754153,22497281,541033977
297.8064,gpu,0,0,0
298.0054,disk0,928027459473408,2090147761,12844360581412152
298.0054,disk0w,2189349588992,19753480,1284822757033
298.0054,disk4,2820396529664,5714144,42008276067342
298.0054,disk4w,2195456,171,27582691
298.0054,disk8,3751672489984,3777625,47521066284063
298.0054,disk8w,321908736,41915,1710976036
298.0054,disk6,5258188912640,8633352,90153694623105
298.0054,disk6w,380928,53,8067940
298.0054,ram,373227520,65669775360,282799
298.0054,cpu,15754153,22497281,541033977
298.0054,gpu,0,0,0
298.2065,disk0,928029861687296,2090155203,12844379857408650
298.2065,disk0w,2189355782144,19753704,1284828278243
298.2065,disk4,2821183158272,5715701,42012615525418
298.2065,disk4w,2195456,171,27582691
298.2065,disk8,3752252090368,3778219,47521888058689
298.2065,disk8w,321908736,41915,1710976036
298.2065,disk6,5259372021760,8635708,90163553801732
298.2065,disk6w,380928,53,8067940
298.2065,ram,373227520,65669775360,282799
298.2065,cpu,15754153,22497281,541033977
298.2065,gpu,0,0,0
298.4065,disk0,928031537156096,2090159104,12844387459465223
298.4065,disk0w,2189355782144,19753704,1284828278243
298.4065,disk4,2821888047104,5717140,42016808179601
298.4065,disk4w,2195456,171,27582691
298.4065,disk8,3752850237440,3778832,47523306776276
298.4065,disk8w,321908736,41915,1710976036
298.4065,disk6,5260497176576,8637481,90175871228674
298.4065,disk6w,380928,53,8067940
298.4065,ram,373227520,65669775360,282799
298.4065,cpu,15754153,22497281,541033977
298.4065,gpu,0,0,0
298.6034,disk0,928033675808768,2090162790,12844396972122250
298.6034,disk0w,2189355782144,19753704,1284828278243
298.6034,disk4,2822721550336,5718849,42024418126297
298.6034,disk4w,2195456,171,27582691
298.6034,disk8,3753475844096,3779473,47524038469554
298.6034,disk8w,321908736,41915,1710976036
298.6034,disk6,5261748848640,8638997,90184266162734
298.6034,disk6w,380928,53,8067940
298.6034,ram,375816192,65517568000,282799
298.6034,cpu,15754214,22497435,541035479
298.6034,gpu,0,0,0
298.8065,disk0,928035894824960,2090166769,12844407859497592
298.8065,disk0w,2189355782144,19753704,1284828278243
298.8065,disk4,2823495727104,5720435,42029929445854
298.8065,disk4w,2195456,171,27582691
298.8065,disk8,3754113771520,3780127,47524846419880
298.8065,disk8w,321908736,41915,1710976036
298.8065,disk6,5263082391552,8640818,90195098757125
298.8065,disk6w,380928,53,8067940
298.8065,ram,375816192,65517568000,282799
298.8065,cpu,15754217,22497441,541035602
298.8065,gpu,35,6,0
299.0065,disk0,928037989519360,2090171068,12844417507317246
299.0065,disk0w,2189355782144,19753704,1284828278243
299.0065,disk4,2824386066432,5722259,42037896012327
299.0065,disk4w,2195456,171,27582691
299.0065,disk8,3754614335488,3780640,47525458683207
299.0065,disk8w,321908736,41915,1710976036
299.0065,disk6,5264323368960,8642646,90206439799279
299.0065,disk6w,380928,53,8067940
299.0065,ram,375816192,65517568000,282799
299.0065,cpu,15754217,22497441,541035602
299.0065,gpu,0,0,0
299.2061,disk0,928039955763200,2090175101,12844428763059405
299.2061,disk0w,2189355782144,19753704,1284828278243
299.2061,disk4,2825082189824,5723608,42042702956213
299.2061,disk4w,2195456,171,27582691
299.2061,disk8,3755062208512,3781099,47525953821510
299.2061,disk8w,321908736,41915,1710976036
299.2061,disk6,5265575614464,8644892,90221713928021
299.2061,disk6w,380928,53,8067940
299.2061,ram,375816192,65517568000,282799
299.2061,cpu,15754217,22497441,541035602
299.2061,gpu,26,7,0
299.4065,disk0,928042148782080,2090179924,12844440126909962
299.4065,disk0w,2189355782144,19753704,1284828278243
299.4065,disk4,2825910466560,5725243,42047627642736
299.4065,disk4w,2195456,171,27582691
299.4065,disk8,3755597899776,3781648,47526638473403
299.4065,disk8w,321908736,41915,1710976036
299.4065,disk6,5266950694912,8647325,90237444408726
299.4065,disk6w,380928,53,8067940
299.4065,ram,375816192,65517568000,282799
299.4065,cpu,15754217,22497441,541035602
299.4065,gpu,0,0,0
299.6065,disk0,928044139622400,2090185708,12844451073376433
299.6065,disk0w,2189355782144,19753704,1284828278243
299.6065,disk4,2826845157376,5727093,42057635049635
299.6065,disk4w,2195456,171,27582691
299.6065,disk8,3756159936512,3782224,47527282386499
299.6065,disk8w,321908736,41915,1710976036
299.6065,disk6,5268176832512,8649472,90247217890055
299.6065,disk6w,380928,53,8067940
299.6065,ram,373194752,63975030784,282799
299.6065,cpu,15754263,22497564,541037085
299.6065,gpu,52,7,0
299.8065,disk0,928045973827584,2090188927,12844458498767355
299.8065,disk0w,2189355798528,19753708,1284828367492
299.8065,disk4,2827533834240,5728462,42064605412753
299.8065,disk4w,2195456,171,27582691
299.8065,disk8,3756736358400,3782813,47528532265263
299.8065,disk8w,321908736,41915,1710976036
299.8065,disk6,5269331351552,8651718,90259893585920
299.8065,disk6w,380928,53,8067940
299.8065,ram,373194752,63975030784,282799
299.8065,cpu,15754263,22497564,541037091
299.8065,gpu,44,4,0
300.0065,disk0,928047893250048,2090193509,12844468456765580
300.0065,disk0w,2189355798528,19753708,1284828367492
300.0065,disk4,2828160055296,5729744,42067627363788
300.0065,disk4w,2195456,171,27582691
300.0065,disk8,3757371697152,3783466,47530735153629
300.0065,disk8w,321908736,41915,1710976036
300.0065,disk6,5270588889088,8653678,90274283097886
300.0065,disk6w,380928,53,8067940
300.0065,ram,373194752,63975030784,282799
300.0065,cpu,15754263,22497564,541037091
300.0065,gpu,0,0,0
300.2065,disk0,928050034229248,2090197087,12844476926649622
300.2065,disk0w,2189355798528,19753708,1284828367492
300.2065,disk4,2828981213184,5731428,42075283126222
300.2065,disk4w,2195456,171,27582691
300.2065,disk8,3757951297536,3784060,47531423706230
300.2065,disk8w,321908736,41915,1710976036
300.2065,disk6,5271835547648,8655170,90282924894309
300.2065,disk6w,380928,53,8067940
300.2065,ram,373194752,63975030784,282799
300.2065,cpu,15754263,22497564,541037091
300.2065,gpu,0,0,0
300.4065,disk0,928052069482496,2090201148,12844489798399411
300.4065,disk0w,2189355798528,19753708,1284828367492
300.4065,disk4,2829679048704,5732859,42082159229525
300.4065,disk4w,2195456,171,27582691
300.4065,disk8,3758458152960,3784579,47532019145397
300.4065,disk8w,321908736,41915,1710976036
300.4065,disk6,5273103357952,8657163,90293862626515
300.4065,disk6w,380928,53,8067940
300.4065,ram,373194752,63975030784,282799
300.4065,cpu,15754263,22497564,541037091
300.4065,gpu,0,0,0
300.6046,disk0,928054203437056,2090205526,12844500249450843
300.6046,disk0w,2189355798528,19753708,1284828367492
300.6046,disk4,2830442362880,5734401,42087743534977
300.6046,disk4w,2195456,171,27582691
300.6046,disk8,3759022680064,3785158,47532738299871
300.6046,disk8w,321908736,41915,1710976036
300.6046,disk6,5274413459456,8659002,90305485476006
300.6046,disk6w,380928,53,8067940
300.6046,ram,206815232,65842036736,282799
300.6046,cpu,15754263,22497564,541037091
300.6046,gpu,0,0,0
300.8065,disk0,928056579592192,2090210643,12844516186129870
300.8065,disk0w,2189355798528,19753708,1284828367492
300.8065,disk4,2831231989760,5735933,42091390531365
300.8065,disk4w,2195456,171,27582691
300.8065,disk8,3759540807680,3785689,47533310988952
300.8065,disk8w,321908736,41915,1710976036
300.8065,disk6,5275701979136,8661443,90319887805872
300.8065,disk6w,380928,53,8067940
300.8065,ram,208125952,65859616768,282799
300.8065,cpu,15754321,22497698,541038768
300.8065,gpu,0,0,0
301.0058,disk0,928058766032896,2090215507,12844527084219850
301.0058,disk0w,2189355798528,19753708,1284828367492
301.0058,disk4,2831962830848,5737379,42095925027456
301.0058,disk4w,2195456,171,27582691
301.0058,disk8,3760220153856,3786385,47534331511337
301.0058,disk8w,321908736,41915,1710976036
301.0058,disk6,5277067864064,8663807,90334558580203
301.0058,disk6w,380928,53,8067940
301.0058,ram,208125952,65859616768,282799
301.0058,cpu,15754321,22497698,541038768
301.0058,gpu,0,0,0
301.2065,disk0,928060693364736,2090224531,12844541187437651
301.2065,disk0w,2189355798528,19753708,1284828367492
301.2065,disk4,2832474847232,5738388,42098275685003
301.2065,disk4w,2195456,171,27582691
301.2065,disk8,3760726353920,3786904,47534970399119
301.2065,disk8w,321908736,41915,1710976036
301.2065,disk6,5278464104448,8666440,90352189187738
301.2065,disk6w,380928,53,8067940
301.2065,ram,208125952,65859616768,282799
301.2065,cpu,15754321,22497698,541038768
301.2065,gpu,0,0,0
301.4057,disk0,928062509514752,2090227956,12844551422637552
301.4057,disk0w,2189355798528,19753708,1284828367492
301.4057,disk4,2833091237888,5739625,42103303805804
301.4057,disk4w,2195456,171,27582691
301.4057,disk8,3761376094208,3787570,47537265533643
301.4057,disk8w,321908736,41915,1710976036
301.4057,disk6,5279522183168,8668300,90362439723511
301.4057,disk6w,380928,53,8067940
301.4057,ram,208125952,65859616768,282799
301.4057,cpu,15754321,22497698,541038768
301.4057,gpu,0,0,0
301.6065,disk0,928064899174400,2090234341,12844563189317108
301.6065,disk0w,2189355798528,19753708,1284828367492
301.6065,disk4,2833732884480,5740940,42107872222411
301.6065,disk4w,2195456,171,27582691
301.6065,disk8,3761973258240,3788182,47538002594638
301.6065,disk8w,321908736,41915,1710976036
301.6065,disk6,5280810539008,8670163,90373746681878
301.6065,disk6w,380928,53,8067940
301.6065,ram,200048640,65731461120,282799
301.6065,cpu,15754321,22497698,541038768
301.6065,gpu,0,0,0
301.8065,disk0,928067030933504,2090237968,12844572232482139
301.8065,disk0w,2189355798528,19753708,1284828367492
301.8065,disk4,2834504579072,5742521,42113845169631
301.8065,disk4w,2195456,171,27582691
301.8065,disk8,3762591131648,3788815,47538832120342
301.8065,disk8w,321908736,41915,1710976036
301.8065,disk6,5282190563328,8671952,90384169660264
301.8065,disk6w,380928,53,8067940
301.8065,ram,198197248,65731624960,282799
301.8065,cpu,15754364,22497823,541040364
301.8065,gpu,0,0,0
302.0065,disk0,928069243076608,2090242422,12844583510679515
302.0065,disk0w,2189355798528,19753708,1284828367492
302.0065,disk4,2835382228992,5744322,42123653803232
302.0065,disk4w,2195456,171,27582691
302.0065,disk8,3763171780608,3789410,47539551308521
302.0065,disk8w,321908736,41915,1710976036
302.0065,disk6,5283469617152,8673865,90392293898523
302.0065,disk6w,380928,53,8067940
302.0065,ram,198197248,65731624960,282799
302.0065,cpu,15754364,22497823,541040364
302.0065,gpu,29,6,0
302.2057,disk0,928071307706368,2090247127,12844598576753961
302.2057,disk0w,2189355798528,19753708,1284828367492
302.2057,disk4,2836084357120,5745705,42128689394388
302.2057,disk4w,2195456,171,27582691
302.2057,disk8,3763703277568,3789955,47540220708172
302.2057,disk8w,321908736,41915,1710976036
302.2057,disk6,5284601817088,8675563,90402492002950
302.2057,disk6w,380928,53,8067940
302.2057,ram,198197248,65731624960,282799
302.2057,cpu,15754364,22497823,541040364
302.2057,gpu,36,5,0
302.4065,disk0,928073670762496,2090251935,12844611800212556
302.4065,disk0w,2189355798528,19753708,1284828367492
302.4065,disk4,2836766226432,5747041,42133461440323
302.4065,disk4w,2195456,171,27582691
302.4065,disk8,3764203841536,3790468,47540872733666
302.4065,disk8w,321908736,41915,1710976036
302.4065,disk6,5285857617920,8677765,90415564038897
302.4065,disk6w,380928,53,8067940
302.4065,ram,198197248,65731624960,282799
302.4065,cpu,15754364,22497823,541040364
302.4065,gpu,0,0,0
302.6051,disk0,928075790557184,2090261469,12844628252255052
302.6051,disk0w,2189355798528,19753708,1284828367492
302.6051,disk4,2837698181120,5748884,42141450618725
302.6051,disk4w,2195456,171,27582691
302.6051,disk8,3764809787392,3791089,47541624897459
302.6051,disk8w,321908736,41915,1710976036
302.6051,disk6,5287006726144,8679746,90425863338559
302.6051,disk6w,380928,53,8067940
302.6051,ram,188301312,63729188864,282799
302.6051,cpu,15754364,22497823,541040364
302.6051,gpu,0,0,0
302.8023,disk0,928077527515136,2090264524,12844633405102581
302.8023,disk0w,2189355798528,19753708,1284828367492
302.8023,disk4,2838435166208,5750348,42147322481573
302.8023,disk4w,2195456,171,27582691
302.8023,disk8,3765336696832,3791629,47542325851111
302.8023,disk8w,321908736,41915,1710976036
302.8023,disk6,5288182130688,8682296,90442482432150
302.8023,disk6w,380928,53,8067940
302.8023,ram,186925056,63729188864,282799
302.8023,cpu,15754406,22497956,541042018
302.8023,gpu,0,0,0
303.0023,disk0,928079211921408,2090272814,12844645615590700
303.0023,disk0w,2189356322816,19753718,1284828664906
303.0023,disk4,2839335319552,5752194,42160282868927
303.0023,disk4w,2195456,171,27582691
303.0023,disk8,3765828462592,3792133,47542953609436
303.0023,disk8w,321908736,41915,1710976036
303.0023,disk6,5289308137472,8683958,90449309254178
303.0023,disk6w,380928,53,8067940
303.0023,ram,186925056,63729188864,282799
303.0023,cpu,15754406,22497956,541042018
303.0023,gpu,0,0,0
303.2023,disk0,928081121738752,2090275989,12844652327104498
303.2023,disk0w,2189362331648,19753888,1284833231766
303.2023,disk4,2839937562624,5753429,42163188602127
303.2023,disk4w,2195456,171,27582691
303.2023,disk8,3766381717504,3792700,47543688490957
303.2023,disk8w,321908736,41915,1710976036
303.2023,disk6,5290723878912,8685608,90462731336784
303.2023,disk6w,380928,53,8067940
303.2023,ram,186925056,63729188864,282799
303.2023,cpu,15754406,22497956,541042018
303.2023,gpu,0,0,0
303.4056,disk0,928083406237696,2090280289,12844662969175004
303.4056,disk0w,2189362331648,19753888,1284833231766
303.4056,disk4,2840786376704,5755168,42169970908601
303.4056,disk4w,2195456,171,27582691
303.4056,disk8,3766952536064,3793285,47544358102433
303.4056,disk8w,321908736,41915,1710976036
303.4056,disk6,5292024260608,8687321,90472566265161
303.4056,disk6w,380928,53,8067940
303.4056,ram,186925056,63729188864,282799
303.4056,cpu,15754406,22497956,541042018
303.4056,gpu,0,0,0
303.6065,disk0,928085266984960,2090284374,12844669880097277
303.6065,disk0w,2189362331648,19753888,1284833231766
303.6065,disk4,2841453312000,5756537,42175254147618
303.6065,disk4w,2195456,171,27582691
303.6065,disk8,3767308003328,3793649,47544747406279
303.6065,disk8w,321908736,41915,1710976036
303.6065,disk6,5293317175296,8689113,90486035240522
303.6065,disk6w,380928,53,8067940
303.6065,ram,284835840,65367900160,282799
303.6065,cpu,15754406,22497956,541042018
303.6065,gpu,0,0,0
303.8065,disk0,928087787499520,2090289808,12844686853517699
303.8065,disk0w,2189362331648,19753888,1284833231766
303.8065,disk4,2842294007808,5758170,42182583751956
303.8065,disk4w,2195456,171,27582691
303.8065,disk8,3767742900224,3794095,47545244195717
303.8065,disk8w,321908736,41915,1710976036
303.8065,disk6,5294392801280,8690916,90493908840233
303.8065,disk6w,380928,53,8067940
303.8065,ram,285540352,65368129536,282799
303.8065,cpu,15754476,22498120,541043607
303.8065,gpu,0,0,0
304.0065,disk0,928090081378304,2090295075,12844698851584226
304.0065,disk0w,2189362331648,19753888,1284833231766
304.0065,disk4,2843169945600,5759896,42188975291677
304.0065,disk4w,2195456,171,27582691
304.0065,disk8,3768243464192,3794608,47545780527598
304.0065,disk8w,321908736,41915,1710976036
304.0065,disk6,5295660595200,8693023,90505963426121
304.0065,disk6w,380928,53,8067940
304.0065,ram,285540352,65368129536,282799
304.0065,cpu,15754476,22498120,541043607
304.0065,gpu,26,5,0
304.2065,disk0,928092166815744,2090300936,12844710242383122
304.2065,disk0w,2189362331648,19753888,1284833231766
304.2065,disk4,2843890694144,5761319,42192503957807
304.2065,disk4w,2195456,171,27582691
304.2065,disk8,3768871168000,3795251,47546736547173
304.2065,disk8w,321908736,41915,1710976036
304.2065,disk6,5296965629952,8695279,90522020127997
304.2065,disk6w,380928,53,8067940
304.2065,ram,285540352,65368129536,282799
304.2065,cpu,15754476,22498120,541043607
304.2065,gpu,32,6,0
304.4017,disk0,928094143856640,2090304918,12844722000123648
304.4017,disk0w,2189362384896,19753893,1284833357264
304.4017,disk4,2844515317760,5762576,42196023901391
304.4017,disk4w,2195456,171,27582691
304.4017,disk8,3769428928512,3795823,47548119331489
304.4017,disk8w,321908736,41915,1710976036
304.4017,disk6,5298086787072,8697276,90533507010634
304.4017,disk6w,380928,53,8067940
304.4017,ram,285540352,65368129536,282799
304.4017,cpu,15754476,22498120,541043607
304.4017,gpu,0,0,0
304.6065,disk0,928096134479872,2090316426,12844737492109613
304.6065,disk0w,2189362384896,19753893,1284833357264
304.6065,disk4,2845177542656,5763932,42200324739313
304.6065,disk4w,2195456,171,27582691
304.6065,disk8,3769903147008,3796309,47548711591487
304.6065,disk8w,321908736,41915,1710976036
304.6065,disk6,5299415611392,8699160,90546265065007
304.6065,disk6w,380928,53,8067940
304.6065,ram,329318400,65266597888,282799
304.6065,cpu,15754476,22498120,541043607
304.6065,gpu,0,0,0
304.8065,disk0,928098160889856,2090319941,12844745400903484
304.8065,disk0w,2189362462720,19753899,1284833460095
304.8065,disk4,2846020859904,5765661,42206073360269
304.8065,disk4w,2195456,171,27582691
304.8065,disk8,3770456401920,3796876,47549356563548
304.8065,disk8w,321908736,41915,1710976036
304.8065,disk6,5300772878336,8700902,90558448136591
304.8065,disk6w,380928,53,8067940
304.8065,ram,330825728,65266483200,282799
304.8065,cpu,15754520,22498258,541045274
304.8065,gpu,0,0,0
305.0044,disk0,928100204859392,2090323914,12844753956678661
305.0044,disk0w,2189362462720,19753899,1284833460095
305.0044,disk4,2846995265536,5767660,42214793476095
305.0044,disk4w,2195456,171,27582691
305.0044,disk8,3771009656832,3797443,47550022248154
305.0044,disk8w,321908736,41915,1710976036
305.0044,disk6,5302059546624,8702881,90568500734430
305.0044,disk6w,380928,53,8067940
305.0044,ram,330825728,65266483200,282799
305.0044,cpu,15754520,22498258,541045274
305.0044,gpu,0,0,0
305.2065,disk0,928102439030784,2090328873,12844768014015585
305.2065,disk0w,2189362462720,19753899,1284833460095
305.2065,disk4,2847945816064,5769553,42224647063035
305.2065,disk4w,2195456,171,27582691
305.2065,disk8,3771545348096,3797992,47550704225178
305.2065,disk8w,321908736,41915,1710976036
305.2065,disk6,5303178049536,8704591,90575426574037
305.2065,disk6w,380928,53,8067940
305.2065,ram,330825728,65266483200,282799
305.2065,cpu,15754520,22498258,541045274
305.2065,gpu,32,4,0
305.4065,disk0,928104664190976,2090333655,12844782556920149
305.4065,disk0w,2189362462720,19753899,1284833460095
305.4065,disk4,2848685070336,5770998,42229984361396
305.4065,disk4w,2195456,171,27582691
305.4065,disk8,3772037130240,3798496,47551230706045
305.4065,disk8w,321908736,41915,1710976036
305.4065,disk6,5304457525248,8706841,90587994711770
305.4065,disk6w,380928,53,8067940
305.4065,ram,330825728,65266483200,282799
305.4065,cpu,15754520,22498258,541045274
305.4065,gpu,0,0,0
305.6065,disk0,928106684215296,2090338117,12844791857928010
305.6065,disk0w,2189362462720,19753899,1284833460095
305.6065,disk4,2849560164352,5772729,42236036437080
305.6065,disk4w,2195456,171,27582691
305.6065,disk8,3772682397696,3799157,47552018693484
305.6065,disk8w,321908736,41915,1710976036
305.6065,disk6,5305801340928,8709068,90600893385818
305.6065,disk6w,380928,53,8067940
305.6065,ram,330825728,65266483200,282799
305.6065,cpu,15754520,22498258,541045274
305.6065,gpu,29,5,0
305.8065,disk0,928108948566016,2090346229,12844807549319807
305.8065,disk0w,2189362462720,19753899,1284833460095
305.8065,disk4,2850181658624,5773955,42239546602294
305.8065,disk4w,2195456,171,27582691
305.8065,disk8,3773363185664,3799855,47552943786454
305.8065,disk8w,321908736,41915,1710976036
305.8065,disk6,5307099854848,8711712,90616315916055
305.8065,disk6w,380928,53,8067940
305.8065,ram,374456320,63741444096,282799
305.8065,cpu,15754565,22498389,541046858
305.8065,gpu,0,0,0
306.0032,disk0,928110818078720,2090354509,12844823670450673
306.0032,disk0w,2189362462720,19753899,1284833460095
306.0032,disk4,2850867443712,5775357,42247230168497
306.0032,disk4w,2195456,171,27582691
306.0032,disk8,3773828524032,3800332,47554647512452
306.0032,disk8w,321908736,41915,1710976036
306.0032,disk6,5307937748992,8713113,90621537424078
306.0032,disk6w,380928,53,8067940
306.0032,ram,374456320,63741444096,282799
306.0032,cpu,15754565,22498389,541046858
306.0032,gpu,0,0,0
306.2065,disk0,928113049509888,2090362233,12844838689681265
306.2065,disk0w,2189362462720,19753899,1284833460095
306.2065,disk4,2851575625728,5776809,42252538682178
306.2065,disk4w,2195456,171,27582691
306.2065,disk8,3774347700224,3800864,47555345081538
306.2065,disk8w,321908736,41915,1710976036
306.2065,disk6,5309150361600,8714627,90629728225061
306.2065,disk6w,380928,53,8067940
306.2065,ram,374456320,63741444096,282799
306.2065,cpu,15754565,22498389,541046858
306.2065,gpu,30,7,0
306.4032,disk0,928114847080448,2090365445,12844845536338847
306.4032,disk0w,2189362462720,19753899,1284833460095
306.4032,disk4,2852246722560,5778186,42256924632898
306.4032,disk4w,2195456,171,27582691
306.4032,disk8,3774864779264,3801394,47555959460863
306.4032,disk8w,321908736,41915,1710976036
306.4032,disk6,5310499166208,8716373,90642734248218
306.4032,disk6w,380928,53,8067940
306.4032,ram,374456320,63741444096,282799
306.4032,cpu,15754565,22498389,541046858
306.4032,gpu,0,0,0
306.6058,disk0,928117069176832,2090370047,12844857177653446
306.6058,disk0w,2189362462720,19753899,1284833460095
306.6058,disk4,2853019850752,5779770,42260872877399
306.6058,disk4w,2195456,171,27582691
306.6058,disk8,3775523416064,3802069,47556788814672
306.6058,disk8w,321908736,41915,1710976036
306.6058,disk6,5311880599552,8718402,90655812392106
306.6058,disk6w,380928,53,8067940
306.6058,ram,374456320,63741444096,282799
306.6058,cpu,15754565,22498389,541046858
306.6058,gpu,0,0,0
306.8065,disk0,928119174717440,2090374571,12844868705583526
306.8065,disk0w,2189362462720,19753899,1284833460095
306.8065,disk4,2853885573120,5781466,42265880813094
306.8065,disk4w,2195456,171,27582691
306.8065,disk8,3776041543680,3802600,47557355390702
306.8065,disk8w,321908736,41915,1710976036
306.8065,disk6,5313156077568,8720516,90669640664284
306.8065,disk6w,380928,53,8067940
306.8065,ram,208109568,65652523008,282799
306.8065,cpu,15754604,22498505,541048392
306.8065,gpu,0,0,0
307.0065,disk0,928121603878912,2090379794,12844887439695212
307.0065,disk0w,2189362462720,19753899,1284833460095
307.0065,disk4,2854719076352,5783101,42271040485470
307.0065,disk4w,2195456,171,27582691
307.0065,disk8,3776559671296,3803131,47558002499368
307.0065,disk8w,321908736,41915,1710976036
307.0065,disk6,5314252527616,8722491,90678660487878
307.0065,disk6w,380928,53,8067940
307.0065,ram,208109568,65652523008,282799
307.0065,cpu,15754604,22498505,541048392
307.0065,gpu,0,0,0
307.2065,disk0,928123756126208,2090385065,12844899289324847
307.2065,disk0w,2189362462720,19753899,1284833460095
307.2065,disk4,2855425701888,5784498,42277657675140
307.2065,disk4w,2195456,171,27582691
307.2065,disk8,3777191962624,3803779,47558778543976
307.2065,disk8w,321908736,41915,1710976036
307.2065,disk6,5315479410688,8724723,90692428525109
307.2065,disk6w,380928,53,8067940
307.2065,ram,208109568,65652523008,282799
307.2065,cpu,15754604,22498505,541048392
307.2065,gpu,0,0,0
307.4065,disk0,928125304344576,2090387792,12844905750406188
307.4065,disk0w,2189362462720,19753899,1284833460095
307.4065,disk4,2856203786240,5786056,42285891906031
307.4065,disk4w,2195456,171,27582691
307.4065,disk8,3777623238656,3804221,47560093884580
307.4065,disk8w,321908736,41915,1710976036
307.4065,disk6,5316576729088,8726726,90704888846066
307.4065,disk6w,380928,53,8067940
307.4065,ram,208109568,65652523008,282799
307.4065,cpu,15754604,22498505,541048392
307.4065,gpu,40,8,0
307.6065,disk0,928127487709184,2090399264,12844920445308672
307.6065,disk0w,2189362462720,19753899,1284833460095
307.6065,disk4,2857044097024,5787780,42293202652202
307.6065,disk4w,2195456,171,27582691
307.6065,disk8,3778140317696,3804751,47560681362612
307.6065,disk8w,321908736,41915,1710976036
307.6065,disk6,5317931145216,8728593,90714223342643
307.6065,disk6w,380928,53,8067940
307.6065,ram,208109568,65652523008,282799
307.6065,cpu,15754604,22498505,541048392
307.6065,gpu,0,0,0
307.8065,disk0,928129242243072,2090402135,12844928062897669
307.8065,disk0w,2189362462720,19753899,1284833460095
307.8065,disk4,2857693345792,5789111,42299185794263
307.8065,disk4w,2195456,171,27582691
307.8065,disk8,3778649663488,3805273,47561339145935
307.8065,disk8w,321908736,41915,1710976036
307.8065,disk6,5319239182336,8730182,90725364199163
307.8065,disk6w,380928,53,8067940
307.8065,ram,238354432,65602551808,282799
307.8065,cpu,15754644,22498638,541050126
307.8065,gpu,31,8,0
308.0034,disk0,928131065950208,2090405805,12844935051907571
308.0034,disk0w,2189362462720,19753899,1284833460095
308.0034,disk4,2858670897152,5791116,42311007294375
308.0034,disk4w,2195456,171,27582691
308.0034,disk8,3779199379456,3805836,47562007149377
308.0034,disk8w,321908736,41915,1710976036
308.0034,disk6,5320423385088,8732093,90735185159850
308.0034,disk6w,380928,53,8067940
308.0034,ram,238354432,65602551808,282799
308.0034,cpu,15754644,22498638,541050126
308.0034,gpu,0,0,0
308.2065,disk0,928133288730624,2090410429,12844946702740194
308.2065,disk0w,2189362462720,19753899,1284833460095
308.2065,disk4,2859465111552,5792709,42316870048510
308.2065,disk4w,2195456,171,27582691
308.2065,disk8,3779791300608,3806443,47562821406093
308.2065,disk8w,321908736,41915,1710976036
308.2065,disk6,5321728321536,8734049,90746507722585
308.2065,disk6w,380928,53,8067940
308.2065,ram,238354432,65602551808,282799
308.2065,cpu,15754644,22498638,541050126
308.2065,gpu,0,0,0
308.4065,disk0,928135626489856,2090415503,12844961763569516
308.4065,disk0w,2189362462720,19753899,1284833460095
308.4065,disk4,2860430735360,5794590,42323773556519
308.4065,disk4w,2195456,171,27582691
308.4065,disk8,3780377192448,3807043,47563488973056
308.4065,disk8w,321908736,41915,1710976036
308.4065,disk6,5322919471104,8736114,90754808410664
308.4065,disk6w,380928,53,8067940
308.4065,ram,238354432,65602551808,282799
308.4065,cpu,15754644,22498638,541050126
308.4065,gpu,0,0,0
308.6065,disk0,928137800175616,2090420293,12844974580874659
308.6065,disk0w,2189362462720,19753899,1284833460095
308.6065,disk4,2861187889152,5796087,42328558095618
308.6065,disk4w,2195456,171,27582691
308.6065,disk8,3780924155904,3807604,47564209651027
308.6065,disk8w,321908736,41915,1710976036
308.6065,disk6,5324192311296,8738325,90767980417178
308.6065,disk6w,380928,53,8067940
308.6065,ram,238354432,65602551808,282799
308.6065,cpu,15754644,22498638,541050126
308.6065,gpu,0,0,0
308.8065,disk0,928140030574592,2090428790,12844992564572072
308.8065,disk0w,2189362462720,19753899,1284833460095
308.8065,disk4,2861974894592,5797646,42333513220799
308.8065,disk4w,2195456,171,27582691
308.8065,disk8,3781486192640,3808180,47564898276034
308.8065,disk8w,321908736,41915,1710976036
308.8065,disk6,5325432219648,8740713,90779778887885
308.8065,disk6w,380928,53,8067940
308.8065,ram,269352960,63832817664,282799
308.8065,cpu,15754693,22498792,541051667
308.8065,gpu,0,0,0
309.0065,disk0,928141925519360,2090432653,12845003961165232
309.0065,disk0w,2189362462720,19753899,1284833460095
309.0065,disk4,2862764521472,5799247,42342843048172
309.0065,disk4w,2195456,171,27582691
309.0065,disk8,3781950121984,3808655,47565759355918
309.0065,disk8w,321908736,41915,1710976036
309.0065,disk6,5326412621824,8742337,90787070202307
309.0065,disk6w,380928,53,8067940
309.0065,ram,269352960,63832817664,282799
309.0065,cpu,15754693,22498792,541051667
309.0065,gpu,0,0,0
309.2065,disk0,928144047968256,2090438738,12845014157805224
309.2065,disk0w,2189362462720,19753899,1284833460095
309.2065,disk4,2863457646592,5800669,42347598071653
309.2065,disk4w,2195456,171,27582691
309.2065,disk8,3782532212736,3809252,47566633678343
309.2065,disk8w,321908736,41915,1710976036
309.2065,disk6,5327685478400,8743976,90797484910595
309.2065,disk6w,380928,53,8067940
309.2065,ram,269352960,63832817664,282799
309.2065,cpu,15754693,22498792,541051667
309.2065,gpu,30,6,0
309.4065,disk0,928146082926592,2090442280,12845024206854047
309.4065,disk0w,2189362479104,19753901,1284833496761
309.4065,disk4,2864054253568,5801891,42352954673907
309.4065,disk4w,2195456,171,27582691
309.4065,disk8,3783154673664,3809890,47567402691914
309.4065,disk8w,321908736,41915,1710976036
309.4065,disk6,5329021970432,8745715,90808478828055
309.4065,disk6w,380928,53,8067940
309.4065,ram,269352960,63832817664,282799
309.4065,cpu,15754693,22498792,541051667
309.4065,gpu,36,6,0
309.6065,disk0,928148191154176,2090446839,12845036472105151
309.6065,disk0w,2189362479104,19753901,1284833496761
309.6065,disk4,2864837875712,5803499,42360065311002
309.6065,disk4w,2195456,171,27582691
309.6065,disk8,3783567419392,3810313,47567838061311
309.6065,disk8w,321908736,41915,1710976036
309.6065,disk6,5330312472576,8747603,90819939216842
309.6065,disk6w,380928,53,8067940
309.6065,ram,269352960,63832817664,282799
309.6065,cpu,15754693,22498792,541051667
309.6065,gpu,0,0,0
309.8065,disk0,928150147469312,2090451154,12845047166916609
309.8065,disk0w,2189362479104,19753901,1284833496761
309.8065,disk4,2865699649536,5805199,42367133411551
309.8065,disk4w,2195456,171,27582691
309.8065,disk8,3784006510592,3810763,47568314810289
309.8065,disk8w,321908736,41915,1710976036
309.8065,disk6,5331547367424,8749525,90832443569242
309.8065,disk6w,380928,53,8067940
309.8065,ram,346046464,65406681088,282799
309.8065,cpu,15754746,22498923,541053337
309.8065,gpu,40,7,0
310.0065,disk0,928152217554944,2090455484,12845060149984023
310.0065,disk0w,2189362479104,19753901,1284833496761
310.0065,disk4,2866489530368,5806751,42372073044999
310.0065,disk4w,2195456,171,27582691
310.0065,disk8,3784542201856,3811312,47568957028767
310.0065,disk8w,321908736,41915,1710976036
310.0065,disk6,5332827973632,8751755,90846433005595
310.0065,disk6w,380928,53,8067940
310.0065,ram,346046464,65406681088,282799
310.0065,cpu,15754746,22498923,541053337
310.0065,gpu,0,0,0
310.2065,disk0,928154297991168,2090461610,12845073188558336
310.2065,disk0w,2189362479104,19753901,1284833496761
310.2065,disk4,2867132905472,5808023,42374708778622
310.2065,disk4w,2195456,171,27582691
310.2065,disk8,3785160075264,3811945,47569803027312
310.2065,disk8w,321908736,41915,1710976036
310.2065,disk6,5334184585216,8754061,90861460557407
310.2065,disk6w,380928,53,8067940
310.2065,ram,346046464,65406681088,282799
310.2065,cpu,15754746,22498923,541053337
310.2065,gpu,33,8,0
310.4065,disk0,928156308951040,2090465114,12845083185159744
310.4065,disk0w,2189362479104,19753901,1284833496761
310.4065,disk4,2867891738624,5809533,42380984034868
310.4065,disk4w,2195456,171,27582691
310.4065,disk8,3785754060800,3812554,47570875128017
310.4065,disk8w,321908736,41915,1710976036
310.4065,disk6,5335270696960,8756180,90872337618952
310.4065,disk6w,380928,53,8067940
310.4065,ram,346046464,65406681088,282799
310.4065,cpu,15754746,22498923,541053337
310.4065,gpu,0,0,0
310.6065,disk0,928158703046656,2090472444,12845098803145321
310.6065,disk0w,2189362479104,19753901,1284833496761
310.6065,disk4,2868636456960,5811060,42384913641684
310.6065,disk4w,2195456,171,27582691
310.6065,disk8,3786447824896,3813265,47571862730147
310.6065,disk8w,321908736,41915,1710976036
310.6065,disk6,5336573028352,8758126,90883700144511
310.6065,disk6w,380928,53,8067940
310.6065,ram,346046464,65406681088,282799
310.6065,cpu,15754746,22498923,541053337
310.6065,gpu,29,7,0
310.8065,disk0,928160955322368,2090476021,12845109943146048
310.8065,disk0w,2189362479104,19753901,1284833496761
310.8065,disk4,2869451888640,5812732,42391969022458
310.8065,disk4w,2195456,171,27582691
310.8065,disk8,3787080116224,3813913,47572695817682
310.8065,disk8w,321908736,41915,1710976036
310.8065,disk6,5337793669120,8759608,90889962160849
310.8065,disk6w,380928,53,8067940
310.8065,ram,392396800,65322008576,282799
310.8065,cpu,15754781,22499047,541054904
310.8065,gpu,0,0,0
311.0065,disk0,928162924670976,2090479763,12845119339786113
311.0065,disk0w,2189362479104,19753901,1284833496761
311.0065,disk4,2870260766720,5814391,42396766364946
311.0065,disk4w,2195456,171,27582691
311.0065,disk8,3787545552896,3814390,47573191209610
311.0065,disk8w,321908736,41915,1710976036
311.0065,disk6,5339135797248,8761508,90903276650719
311.0065,disk6w,380928,53,8067940
311.0065,ram,392396800,65322008576,282799
311.0065,cpu,15754781,22499047,541054904
311.0065,gpu,0,0,0
311.2065,disk0,928165067718656,2090484283,12845131659095613
311.2065,disk0w,2189362495488,19753905,1284833609260
311.2065,disk4,2871127930880,5816124,42401987282991
311.2065,disk4w,2195456,171,27582691
311.2065,disk8,3788038383616,3814895,47573751744157
311.2065,disk8w,321908736,41915,1710976036
311.2065,disk6,5340395841536,8763305,90915040081772
311.2065,disk6w,380928,53,8067940
311.2065,ram,392396800,65322008576,282799
311.2065,cpu,15754781,22499047,541054904
311.2065,gpu,23,5,0
311.4065,disk0,928167247536128,2090489265,12845147179181571
311.4065,disk0w,2189367255040,19754187,1284839301164
311.4065,disk4,2871792629760,5817420,42405883193097
311.4065,disk4w,2195456,171,27582691
311.4065,disk8,3788414953472,3815281,47574122493573
311.4065,disk8w,322691072,41984,1713405139
311.4065,disk6,5341676808192,8765508,90928264626960
311.4065,disk6w,380928,53,8067940
311.4065,ram,392396800,65322008576,282799
311.4065,cpu,15754781,22499047,541054904
311.4065,gpu,31,5,0
311.6065,disk0,928169245532160,2090493643,12845156841815361
311.6065,disk0w,2189367255040,19754187,1284839301164
311.6065,disk4,2872564709376,5818943,42410956733171
311.6065,disk4w,2195456,171,27582691
311.6065,disk8,3788976990208,3815857,47574865479589
311.6065,disk8w,322691072,41984,1713405139
311.6065,disk6,5343015741440,8767968,90944834937525
311.6065,disk6w,380928,53,8067940
311.6065,ram,392396800,65322008576,282799
311.6065,cpu,15754781,22499047,541054904
311.6065,gpu,29,6,0
311.8065,disk0,928171245649920,2090498515,12845166811088968
311.8065,disk0w,2189367255040,19754187,1284839301164
311.8065,disk4,2873278003200,5820351,42415468390919
311.8065,disk4w,2195456,171,27582691
311.8065,disk8,3789670754304,3816568,47575888980714
311.8065,disk8w,322691072,41984,1713405139
311.8065,disk6,5344357967872,8770566,90962190456430
311.8065,disk6w,380928,53,8067940
311.8065,ram,484851712,63807979520,282799
311.8065,cpu,15754823,22499181,541056469
311.8065,gpu,0,0,0
312.0037,disk0,928173316124672,2090507715,12845183194484442
312.0037,disk0w,2189367304192,19754190,1284839345038
312.0037,disk4,2873828128768,5821470,42419883717761
312.0037,disk4w,2195456,171,27582691
312.0037,disk8,3790162438144,3817072,47577612050754
312.0037,disk8w,322691072,41984,1713405139
312.0037,disk6,5345402578944,8772228,90970698671991
312.0037,disk6w,380928,53,8067940
312.0037,ram,484851712,63807979520,282799
312.0037,cpu,15754823,22499181,541056469
312.0037,gpu,0,0,0
312.2065,disk0,928175707262976,2090512284,12845196175806671
312.2065,disk0w,2189367304192,19754190,1284839345038
312.2065,disk4,2874477377536,5822798,42424144693673
312.2065,disk4w,2195456,171,27582691
312.2065,disk8,3790689347584,3817612,47578296211197
312.2065,disk8w,322691072,41984,1713405139
312.2065,disk6,5346778720256,8773929,90980029739801
312.2065,disk6w,380928,53,8067940
312.2065,ram,484851712,63807979520,282799
312.2065,cpu,15754823,22499181,541056469
312.2065,gpu,0,0,0
312.4065,disk0,928177733353472,2090516142,12845205920881347
312.4065,disk0w,2189367304192,19754190,1284839345038
312.4065,disk4,2875246843904,5824376,42430488949933
312.4065,disk4w,2195456,171,27582691
312.4065,disk8,3791295293440,3818233,47579175644748
312.4065,disk8w,322691072,41984,1713405139
312.4065,disk6,5348170934272,8775933,90992226478875
312.4065,disk6w,380928,53,8067940
312.4065,ram,484851712,63807979520,282799
312.4065,cpu,15754823,22499181,541056469
312.4065,gpu,0,0,0
312.6065,disk0,928179401342976,2090519634,12845212933470144
312.6065,disk0w,2189367320576,19754191,1284839374996
312.6065,disk4,2875855370240,5825624,42434066063895
312.6065,disk4w,2195456,171,27582691
312.6065,disk8,3791774754816,3818724,47579722540167
312.6065,disk8w,322691072,41984,1713405139
312.6065,disk6,5349529806848,8777842,91008534302995
312.6065,disk6w,380928,53,8067940
312.6065,ram,484851712,63807979520,282799
312.6065,cpu,15754823,22499181,541056469
312.6065,gpu,0,0,0
312.8065,disk0,928181369487360,2090523900,12845224540888523
312.8065,disk0w,2189367320576,19754191,1284839374996
312.8065,disk4,2876556736512,5826995,42437166888103
312.8065,disk4w,2195456,171,27582691
312.8065,disk8,3792313591808,3819276,47580390932691
312.8065,disk8w,322691072,41984,1713405139
312.8065,disk6,5350850619392,8779897,91022956983740
312.8065,disk6w,380928,53,8067940
312.8065,ram,501956608,65452851200,282799
312.8065,cpu,15754885,22499315,541058108
312.8065,gpu,0,0,0
313.0065,disk0,928183698620416,2090528806,12845243565300752
313.0065,disk0w,2189367324672,19754192,1284839400537
313.0065,disk4,2877292312576,5828441,42441139943402
313.0065,disk4w,2195456,171,27582691
313.0065,disk8,3792786761728,3819761,47580950536577
313.0065,disk8w,322691072,41984,1713405139
313.0065,disk6,5351927932928,8781891,91033793276434
313.0065,disk6w,380928,53,8067940
313.0065,ram,501956608,65452851200,282799
313.0065,cpu,15754885,22499315,541058108
313.0065,gpu,0,0,0
313.2048,disk0,928185688625152,2090535949,12845256579201026
313.2048,disk0w,2189367324672,19754192,1284839400537
313.2048,disk4,2877960517632,5829764,42445761869336
313.2048,disk4w,2195456,171,27582691
313.2048,disk8,3793429276672,3820420,47581710603314
313.2048,disk8w,322691072,41984,1713405139
313.2048,disk6,5353309906944,8784178,91048496948747
313.2048,disk6w,380928,53,8067940
313.2048,ram,501956608,65452851200,282799
313.2048,cpu,15754885,22499315,541058108
313.2048,gpu,46,5,0
313.4017,disk0,928187439693824,2090538946,12845262937748734
313.4017,disk0w,2189367324672,19754192,1284839400537
313.4017,disk4,2878663981056,5831156,42452060969412
313.4017,disk4w,2195456,171,27582691
313.4017,disk8,3793846216704,3820847,47582215379293
313.4017,disk8w,322691072,41984,1713405139
313.4017,disk6,5354415646720,8786415,91062204463364
313.4017,disk6w,380928,53,8067940
313.4017,ram,501956608,65452851200,282799
313.4017,cpu,15754885,22499315,541058108
313.4017,gpu,0,0,0
313.6065,disk0,928189791522816,2090548057,12845280499119299
313.6065,disk0w,2189367324672,19754192,1284839400537
313.6065,disk4,2879423879168,5832714,42457720841379
313.6065,disk4w,2195456,171,27582691
313.6065,disk8,3794614708224,3821635,47585194048053
313.6065,disk8w,322691072,41984,1713405139
313.6065,disk6,5355655964672,8788126,91071416955473
313.6065,disk6w,380928,53,8067940
313.6065,ram,501956608,65452851200,282799
313.6065,cpu,15754885,22499315,541058108
313.6065,gpu,0,0,0
313.8065,disk0,928191931682816,2090551516,12845289118057080
313.8065,disk0w,2189367324672,19754192,1284839400537
313.8065,disk4,2880382056448,5834678,42466952366990
313.8065,disk4w,2195456,171,27582691
313.8065,disk8,3795229435904,3822265,47586077576059
313.8065,disk8w,322691072,41984,1713405139
313.8065,disk6,5356914534400,8789680,91078903678110
313.8065,disk6w,380928,53,8067940
313.8065,ram,384679936,65600831488,282799
313.8065,cpu,15754936,22499471,541059700
313.8065,gpu,38,9,0
314.0065,disk0,928193743314944,2090554911,12845295201424910
314.0065,disk0w,2189367324672,19754192,1284839400537
314.0065,disk4,2881119950848,5836191,42470913146605
314.0065,disk4w,2195456,171,27582691
314.0065,disk8,3795703654400,3822751,47586672898228
314.0065,disk8w,322691072,41984,1713405139
314.0065,disk6,5358325770240,8791709,91095295126762
314.0065,disk6w,380928,53,8067940
314.0065,ram,384679936,65600831488,282799
314.0065,cpu,15754936,22499471,541059700
314.0065,gpu,25,6,0
314.2039,disk0,928195607027712,2090559042,12845304309306279
314.2039,disk0w,2189367324672,19754192,1284839400537
314.2039,disk4,2881943762944,5837849,42475902060611
314.2039,disk4w,2195456,171,27582691
314.2039,disk8,3796201728000,3823261,47587203330850
314.2039,disk8w,322691072,41984,1713405139
314.2039,disk6,5359691098112,8793755,91109499076245
314.2039,disk6w,380928,53,8067940
314.2039,ram,384679936,65600831488,282799
314.2039,cpu,15754936,22499471,541059700
314.2039,gpu,0,0,0
314.4065,disk0,928197873057792,2090563612,12845319105049967
314.4065,disk0w,2189367324672,19754192,1284839400537
314.4065,disk4,2882759718912,5839432,42480061787127
314.4065,disk4w,2195456,171,27582691
314.4065,disk8,3796775036928,3823849,47587902376325
314.4065,disk8w,322691072,41984,1713405139
314.4065,disk6,5360978126848,8796024,91121514973279
314.4065,disk6w,380928,53,8067940
314.4065,ram,384679936,65600831488,282799
314.4065,cpu,15754936,22499471,541059700
314.4065,gpu,31,5,0
314.6065,disk0,928199739162624,2090567658,12845328516519566
314.6065,disk0w,2189367324672,19754192,1284839400537
314.6065,disk4,2883505092608,5840908,42484778699348
314.6065,disk4w,2195456,171,27582691
314.6065,disk8,3797293164544,3824380,47588535331436
314.6065,disk8w,322691072,41984,1713405139
314.6065,disk6,5362350237696,8798493,91138819170058
314.6065,disk6w,380928,53,8067940
314.6065,ram,384679936,65600831488,282799
314.6065,cpu,15754936,22499471,541059700
314.6065,gpu,0,0,0
314.8065,disk0,928201769091072,2090575746,12845342405162274
314.8065,disk0w,2189367324672,19754192,1284839400537
314.8065,disk4,2884325095424,5842526,42491366509873
314.8065,disk4w,2195456,171,27582691
314.8065,disk8,3797925455872,3825028,47589303462633
314.8065,disk8w,322691072,41984,1713405139
314.8065,disk6,5363547928576,8800560,91150630764704
314.8065,disk6w,380928,53,8067940
314.8065,ram,373440512,64128729088,282799
314.8065,cpu,15754971,22499590,541061343
314.8065,gpu,31,6,0
315.0065,disk0,928203506700288,2090578897,12845351542150477
315.0065,disk0w,2189367324672,19754192,1284839400537
315.0065,disk4,2884988221440,5843853,42497602153176
315.0065,disk4w,2195456,171,27582691
315.0065,disk8,3798443517952,3825559,47590238834873
315.0065,disk8w,322691072,41984,1713405139
315.0065,disk6,5364603385856,8802481,91161941249458
315.0065,disk6w,380928,53,8067940
315.0065,ram,373440512,64128729088,282799
315.0065,cpu,15754971,22499590,541061343
315.0065,gpu,40,6,0
315.2065,disk0,928205755899904,2090583213,12845361286420827
315.2065,disk0w,2189367324672,19754192,1284839400537
315.2065,disk4,2885827631104,5845573,42505135441107
315.2065,disk4w,2195456,171,27582691
315.2065,disk8,3799075809280,3826207,47591180558949
315.2065,disk8w,322691072,41984,1713405139
315.2065,disk6,5365884024832,8804312,91171512832223
315.2065,disk6w,380928,53,8067940
315.2065,ram,373440512,64128729088,282799
315.2065,cpu,15754971,22499590,541061343
315.2065,gpu,0,0,0
315.4065,disk0,928207739740160,2090586308,12845367466285761
315.4065,disk0w,2189367324672,19754192,1284839400537
315.4065,disk4,2886651926528,5847261,42513399014197
315.4065,disk4w,2195456,171,27582691
315.4065,disk8,3799655409664,3826801,47591980879890
315.4065,disk8w,322691072,41984,1713405139
315.4065,disk6,5367240210432,8806074,91182374130963
315.4065,disk6w,380928,53,8067940
315.4065,ram,373440512,64128729088,282799
315.4065,cpu,15754971,22499590,541061343
315.4065,gpu,0,0,0
315.6065,disk0,928209522597888,2090589796,12845373999883932
315.6065,disk0w,2189367324672,19754192,1284839400537
315.6065,disk4,2887432534016,5848862,42518574428751
315.6065,disk4w,2195456,171,27582691
315.6065,disk8,3800116258816,3827273,47592554658895
315.6065,disk8w,322691072,41984,1713405139
315.6065,disk6,5368594266112,8808072,91198187106414
315.6065,disk6w,380928,53,8067940
315.6065,ram,373440512,64128729088,282799
315.6065,cpu,15754971,22499590,541061343
315.6065,gpu,0,0,0
315.8065,disk0,928211691823104,2090594574,12845386670796579
315.8065,disk0w,2189367324672,19754192,1284839400537
315.8065,disk4,2888252028928,5850512,42525047537620
315.8065,disk4w,2195456,171,27582691
315.8065,disk8,3800615774208,3827785,47593163460065
315.8065,disk8w,322691072,41984,1713405139
315.8065,disk6,5369833076736,8809896,91208672298037
315.8065,disk6w,380928,53,8067940
315.8065,ram,382517248,65443577856,282799
315.8065,cpu,15755025,22499712,541062951
315.8065,gpu,0,0,0
316.0065,disk0,928214070292480,2090599639,12845402781016367
316.0065,disk0w,2189367324672,19754192,1284839400537
316.0065,disk4,2889050437632,5852068,42529576264578
316.0065,disk4w,2195456,171,27582691
316.0065,disk8,3801183447040,3828367,47593771955993
316.0065,disk8w,322691072,41984,1713405139
316.0065,disk6,5371075835904,8812135,91219484700814
316.0065,disk6w,380928,53,8067940
316.0065,ram,382517248,65443577856,282799
316.0065,cpu,15755025,22499712,541062951
316.0065,gpu,30,6,0
316.2016,disk0,928215556136960,2090602930,12845407546808679
316.2016,disk0w,2189367574528,19754193,1284839454912
316.2016,disk4,2889911826432,5853772,42536279218571
316.2016,disk4w,2195456,171,27582691
316.2016,disk8,3801736701952,3828934,47594475059176
316.2016,disk8w,322691072,41984,1713405139
316.2016,disk6,5372366387200,8814457,91238028816486
316.2016,disk6w,380928,53,8067940
316.2016,ram,382517248,65443577856,282799
316.2016,cpu,15755025,22499712,541062951
316.2016,gpu,0,0,0
316.4065,disk0,928217700438016,2090610283,12845420494171642
316.4065,disk0w,2189367574528,19754193,1284839454912
316.4065,disk4,2890682333184,5855295,42540571083567
316.4065,disk4w,2195456,171,27582691
316.4065,disk8,3802465593344,3829681,47595496511798
316.4065,disk8w,322691072,41984,1713405139
316.4065,disk6,5373760751616,8817103,91254217252561
316.4065,disk6w,380928,53,8067940
316.4065,ram,382517248,65443577856,282799
316.4065,cpu,15755025,22499712,541062951
316.4065,gpu,0,0,0
316.6065,disk0,928219276877824,2090613150,12845429079024150
316.6065,disk0w,2189367574528,19754193,1284839454912
316.6065,disk4,2891252758528,5856437,42544400354787
316.6065,disk4w,2195456,171,27582691
316.6065,disk8,3802922199040,3830149,47596489206847
316.6065,disk8w,322691072,41984,1713405139
316.6065,disk6,5374885873664,8819112,91268357517472
316.6065,disk6w,380928,53,8067940
316.6065,ram,382517248,65443577856,282799
316.6065,cpu,15755025,22499712,541062951
316.6065,gpu,0,0,0
316.8065,disk0,928221486354432,2090617644,12845439776925911
316.8065,disk0w,2189367574528,19754193,1284839454912
316.8065,disk4,2892149774336,5858277,42551715301422
316.8065,disk4w,2195456,171,27582691
316.8065,disk8,3803601545216,3830845,47597373795870
316.8065,disk8w,322691072,41984,1713405139
316.8065,disk6,5376142624768,8820791,91277022561433
316.8065,disk6w,380928,53,8067940
316.8065,ram,436518912,65373569024,282799
316.8065,cpu,15755069,22499838,541064491
316.8065,gpu,0,0,0
317.0065,disk0,928223635607552,2090621165,12845448522978411
317.0065,disk0w,2189367574528,19754193,1284839454912
317.0065,disk4,2893068761088,5860160,42558843253450
317.0065,disk4w,2195456,171,27582691
317.0065,disk8,3804213127168,3831472,47598270300159
317.0065,disk8w,322691072,41984,1713405139
317.0065,disk6,5377474136064,8822523,91286844841859
317.0065,disk6w,380928,53,8067940
317.0065,ram,436518912,65373569024,282799
317.0065,cpu,15755069,22499838,541064491
317.0065,gpu,0,0,0
317.2065,disk0,928225716371456,2090625063,12845459526258447
317.2065,disk0w,2189367574528,19754193,1284839454912
317.2065,disk4,2893675042816,5861404,42563461065836
317.2065,disk4w,2195456,171,27582691
317.2065,disk8,3804845418496,3832120,47599120065531
317.2065,disk8w,322691072,41984,1713405139
317.2065,disk6,5378738292736,8824355,91297989110886
317.2065,disk6w,380928,53,8067940
317.2065,ram,436518912,65373569024,282799
317.2065,cpu,15755069,22499838,541064491
317.2065,gpu,0,0,0
317.4045,disk0,928228108648448,2090630155,12845475010601976
317.4045,disk0w,2189367574528,19754193,1284839454912
317.4045,disk4,2894305851392,5862665,42567231526789
317.4045,disk4w,2195456,171,27582691
317.4045,disk8,3805398673408,3832687,47599737765474
317.4045,disk8w,322691072,41984,1713405139
317.4045,disk6,5380077258752,8826417,91309011175262
317.4045,disk6w,380928,53,8067940
317.4045,ram,436518912,65373569024,282799
317.4045,cpu,15755069,22499838,541064491
317.4045,gpu,36,6,0
317.6065,disk0,928230463979520,2090635095,12845488064341661
317.6065,disk0w,2189367574528,19754193,1284839454912
317.6065,disk4,2895211354112,5864435,42573140225408
317.6065,disk4w,2195456,171,27582691
317.6065,disk8,3805997934592,3833301,47600544957561
317.6065,disk8w,322691072,41984,1713405139
317.6065,disk6,5381341186048,8828682,91320378550169
317.6065,disk6w,380928,53,8067940
317.6065,ram,436518912,65373569024,282799
317.6065,cpu,15755069,22499838,541064491
317.6065,gpu,0,0,0
317.8052,disk0,928232752594944,2090640218,12845501188040802
317.8052,disk0w,2189367574528,19754193,1284839454912
317.8052,disk4,2896006002688,5866007,42578774471538
317.8052,disk4w,2195456,171,27582691
317.8052,disk8,3806566656000,3833884,47601450776073
317.8052,disk8w,322691072,41984,1713405139
317.8052,disk6,5382631753728,8830833,91331406322227
317.8052,disk6w,380928,53,8067940
317.8052,ram,459079680,64221954048,282799
317.8052,cpu,15755131,22499993,541066136
317.8052,gpu,0,0,0
318.0065,disk0,928235096752128,2090645395,12845515790227229
318.0065,disk0w,2189367574528,19754193,1284839454912
318.0065,disk4,2896817223680,5867609,42584639706625
318.0065,disk4w,2195456,171,27582691
318.0065,disk8,3807216510976,3834550,47602212870512
318.0065,disk8w,322691072,41984,1713405139
318.0065,disk6,5383933138944,8833492,91344124890293
318.0065,disk6w,380928,53,8067940
318.0065,ram,459079680,64221954048,282799
318.0065,cpu,15755131,22499993,541066136
318.0065,gpu,0,0,0
318.2041,disk0,928236564795392,2090655565,12845527706926503
318.2041,disk0w,2189368922112,19754404,1284845281338
318.2041,disk4,2897514780672,5869030,42589423664399
318.2041,disk4w,2195456,171,27582691
318.2041,disk8,3807669561344,3835014,47603436559232
318.2041,disk8w,322691072,41984,1713405139
318.2041,disk6,5384998049792,8835271,91355048823952
318.2041,disk6w,380928,53,8067940
318.2041,ram,459079680,64221954048,282799
318.2041,cpu,15755131,22499993,541066136
318.2041,gpu,0,0,0
318.4036,disk0,928238701518848,2090664714,12845541904922392
318.4036,disk0w,2189368922112,19754404,1284845281338
318.4036,disk4,2898183813120,5870402,42593875953893
318.4036,disk4w,2195456,171,27582691
318.4036,disk8,3808208791552,3835567,47604144086377
318.4036,disk8w,322691072,41984,1713405139
318.4036,disk6,5386212825088,8836788,91362860453778
318.4036,disk6w,380928,53,8067940
318.4036,ram,459079680,64221954048,282799
318.4036,cpu,15755131,22499993,541066136
318.4036,gpu,0,0,0
318.6065,disk0,928240761102336,2090668631,12845550097536187
318.6065,disk0w,2189368922112,19754404,1284845281338
318.6065,disk4,2898891470848,5871853,42597415301114
318.6065,disk4w,2195456,171,27582691
318.6065,disk8,3808832301056,3836206,47604939788881
318.6065,disk8w,322691072,41984,1713405139
318.6065,disk6,5387585853440,8838758,91377587266082
318.6065,disk6w,380928,53,8067940
318.6065,ram,459079680,64221954048,282799
318.6065,cpu,15755131,22499993,541066136
318.6065,gpu,47,7,0
318.8065,disk0,928243086807040,2090673392,12845564618986742
318.8065,disk0w,2189369786368,19754537,1284848302927
318.8065,disk4,2899796588544,5873708,42603062893697
318.8065,disk4w,2195456,171,27582691
318.8065,disk8,3809464592384,3836854,47605631819836
318.8065,disk8w,322691072,41984,1713405139
318.8065,disk6,5388892608512,8840669,91386982956346
318.8065,disk6w,380928,53,8067940
318.8065,ram,481968128,65440759808,282799
318.8065,cpu,15755199,22500178,541067711
318.8065,gpu,43,6,0
319.0065,disk0,928245411303424,2090677907,12845578012088814
319.0065,disk0w,2189369786368,19754537,1284848302927
319.0065,disk4,2900543535104,5875155,42607788537347
319.0065,disk4w,2195456,171,27582691
319.0065,disk8,3810070538240,3837475,47606450837665
319.0065,disk8w,322691072,41984,1713405139
319.0065,disk6,5390173575168,8842902,91397871019024
319.0065,disk6w,380928,53,8067940
319.0065,ram,481968128,65440759808,282799
319.0065,cpu,15755201,22500179,541067749
319.0065,gpu,0,0,0
319.2066,disk0,928247277801472,2090681852,12845586659193232
319.2066,disk0w,2189369786368,19754537,1284848302927
319.2066,disk4,2901406119936,5876862,42616324182060
319.2066,disk4w,2195456,171,27582691
319.2066,disk8,3810641356800,3838060,47607085797139
319.2066,disk8w,322691072,41984,1713405139
319.2066,disk6,5391478102016,8845216,91411714136198
319.2066,disk6w,380928,53,8067940
319.2066,ram,481968128,65440759808,282799
319.2066,cpu,15755201,22500179,541067749
319.2066,gpu,0,0,0
319.4053,disk0,928249483890688,2090690317,12845604712280125
319.4053,disk0w,2189369786368,19754537,1284848302927
319.4053,disk4,2902131947520,5878294,42622078411619
319.4053,disk4w,2195456,171,27582691
319.4053,disk8,3811174950912,3838607,47607679799672
319.4053,disk8w,322691072,41984,1713405139
319.4053,disk6,5392604076032,8847101,91420893903320
319.4053,disk6w,380928,53,8067940
319.4053,ram,481968128,65440759808,282799
319.4053,cpu,15755201,22500179,541067749
319.4053,gpu,36,6,0
319.6066,disk0,928251223465984,2090693532,12845614342145229
319.6066,disk0w,2189369786368,19754537,1284848302927
319.6066,disk4,2902835935232,5879697,42627185220524
319.6066,disk4w,2195456,171,27582691
319.6066,disk8,3811669813248,3839114,47608971591959
319.6066,disk8w,322691072,41984,1713405139
319.6066,disk6,5393708668928,8849168,91434001199380
319.6066,disk6w,380928,53,8067940
319.6066,ram,481968128,65440759808,282799
319.6066,cpu,15755201,22500179,541067749
319.6066,gpu,0,0,0
319.8066,disk0,928253314412544,2090701300,12845627540267571
319.8066,disk0w,2189369786368,19754537,1284848302927
319.8066,disk4,2903535728640,5881130,42632540947846
319.8066,disk4w,2195456,171,27582691
319.8066,disk8,3812296468480,3839756,47609717232567
319.8066,disk8w,322691072,41984,1713405139
319.8066,disk6,5395010066432,8851081,91446600133408
319.8066,disk6w,380928,53,8067940
319.8066,ram,498876416,65389133824,282799
319.8066,cpu,15755243,22500308,541069314
319.8066,gpu,0,0,0
320.0066,disk0,928255480279040,2090704932,12845634750283329
320.0066,disk0w,2189369786368,19754537,1284848302927
320.0066,disk4,2904325355520,5882749,42637559156045
320.0066,disk4w,2195456,171,27582691
320.0066,disk8,3812820232192,3840293,47610318208294
320.0066,disk8w,322691072,41984,1713405139
320.0066,disk6,5396427020288,8852819,91458145778720
320.0066,disk6w,380928,53,8067940
320.0066,ram,498876416,65389133824,282799
320.0066,cpu,15755245,22500312,541069362
320.0066,gpu,0,0,0
320.2066,disk0,928257816866816,2090709322,12845648347293594
320.2066,disk0w,2189369786368,19754537,1284848302927
320.2066,disk4,2905196042240,5884532,42644646344613
320.2066,disk4w,2195456,171,27582691
320.2066,disk8,3813504165888,3840994,47611179204475
320.2066,disk8w,322691072,41984,1713405139
320.2066,disk6,5397691389952,8854857,91466787666036
320.2066,disk6w,380928,53,8067940
320.2066,ram,498876416,65389133824,282799
320.2066,cpu,15755245,22500312,541069362
320.2066,gpu,0,0,0
320.4038,disk0,928260247207936,2090714581,12845666508430344
320.4038,disk0w,2189369786368,19754537,1284848302927
320.4038,disk4,2905834420224,5885822,42649013920971
320.4038,disk4w,2195456,171,27582691
320.4038,disk8,3813908129792,3841408,47611665752596
320.4038,disk8w,322691072,41984,1713405139
320.4038,disk6,5398867662848,8856716,91475840314954
320.4038,disk6w,380928,53,8067940
320.4038,ram,498876416,65389133824,282799
320.4038,cpu,15755245,22500312,541069362
320.4038,gpu,27,6,0
320.6060,disk0,928262475276288,2090719223,12845679207580600
320.6060,disk0w,2189369786368,19754537,1284848302927
320.6060,disk4,2906686519296,5887480,42656588712589
320.6060,disk4w,2195456,171,27582691
320.6060,disk8,3814478948352,3841993,47612366744861
320.6060,disk8w,322691072,41984,1713405139
320.6060,disk6,5400036513792,8858754,91486437991815
320.6060,disk6w,380928,53,8067940
320.6060,ram,498876416,65389133824,282799
320.6060,cpu,15755245,22500312,541069362
320.6060,gpu,36,5,0
320.8066,disk0,928264850227200,2090724198,12845693575050510
320.8066,disk0w,2189370163200,19754569,1284848895166
320.8066,disk4,2907517532160,5889127,42662633326127
320.8066,disk4w,2195456,171,27582691
320.8066,disk8,3815128803328,3842659,47613331694688
320.8066,disk8w,322691072,41984,1713405139
320.8066,disk6,5401297115136,8860950,91496138982129
320.8066,disk6w,380928,53,8067940
320.8066,ram,514801664,65372438528,282799
320.8066,cpu,15755288,22500435,541070919
320.8066,gpu,30,8,0
321.0056,disk0,928266993000448,2090732113,12845709504566796
321.0056,disk0w,2189370163200,19754569,1284848895166
321.0056,disk4,2908256991232,5890588,42667456842258
321.0056,disk4w,2195456,171,27582691
321.0056,disk8,3815682058240,3843226,47614039111407
321.0056,disk8w,322691072,41984,1713405139
321.0056,disk6,5402515593216,8863409,91510853537913
321.0056,disk6w,380928,53,8067940
321.0056,ram,514801664,65372438528,282799
321.0056,cpu,15755289,22500439,541070954
321.0056,gpu,0,0,0
321.2028,disk0,928268690837504,2090740433,12845721774051660
321.2028,disk0w,2189370163200,19754569,1284848895166
321.2028,disk4,2908975380480,5892050,42673766362311
321.2028,disk4w,2195456,171,27582691
321.2028,disk8,3816305534976,3843865,47615191208194
321.2028,disk8w,322691072,41984,1713405139
321.2028,disk6,5403670222848,8865285,91521784841136
321.2028,disk6w,380928,53,8067940
321.2028,ram,514801664,65372438528,282799
321.2028,cpu,15755289,22500439,541070954
321.2028,gpu,0,0,0
321.4066,disk0,928270747492352,2090745127,12845730248765180
321.4066,disk0w,2189370163200,19754569,1284848895166
321.4066,disk4,2909817649152,5893777,42682776313403
321.4066,disk4w,2195456,171,27582691
321.4066,disk8,3816999299072,3844576,47616139789045
321.4066,disk8w,322691072,41984,1713405139
321.4066,disk6,5405019363328,8867053,91531330300170
321.4066,disk6w,380928,53,8067940
321.4066,ram,514801664,65372438528,282799
321.4066,cpu,15755289,22500439,541070954
321.4066,gpu,31,6,0
321.6066,disk0,928273301397504,2090749610,12845745116636452
321.6066,disk0w,2189370163200,19754569,1284848895166
321.6066,disk4,2910560417792,5895301,42686328549560
321.6066,disk4w,2195456,171,27582691
321.6066,disk8,3817605244928,3845197,47616866173130
321.6066,disk8w,322691072,41984,1713405139
321.6066,disk6,5406273067008,8868788,91540775253680
321.6066,disk6w,380928,53,8067940
321.6066,ram,514801664,65372438528,282799
321.6066,cpu,15755289,22500439,541070954
321.6066,gpu,0,0,0
321.8066,disk0,928275334778880,2090754073,12845759715415450
321.8066,disk0w,2189370163200,19754569,1284848895166
321.8066,disk4,2911274088448,5896765,42694001712019
321.8066,disk4w,2195456,171,27582691
321.8066,disk8,3818228754432,3845836,47617695919340
321.8066,disk8w,322691072,41984,1713405139
321.8066,disk6,5407408756736,8870538,91550253572858
321.8066,disk6w,380928,53,8067940
321.8066,ram,526761984,65389150208,282799
321.8066,cpu,15755337,22500571,541072503
321.8066,gpu,0,0,0
322.0066,disk0,928277472870400,2090758391,12845771446412011
322.0066,disk0w,2189370163200,19754569,1284848895166
322.0066,disk4,2911991576576,5898162,42697140742761
322.0066,disk4w,2195456,171,27582691
322.0066,disk8,3818755663872,3846376,47618276552493
322.0066,disk8w,322691072,41984,1713405139
322.0066,disk6,5408753899520,8872782,91564454442735
322.0066,disk6w,380928,53,8067940
322.0066,ram,526761984,65389150208,282799
322.0066,cpu,15755337,22500571,541072503
322.0066,gpu,0,0,0
322.2066,disk0,928279632199680,2090762963,12845782006455359
322.2066,disk0w,2189370163200,19754569,1284848895166
322.2066,disk4,2912897218560,5899944,42704290414246
322.2066,disk4w,2195456,171,27582691
322.2066,disk8,3819431864320,3847069,47619361351516
322.2066,disk8w,322691072,41984,1713405139
322.2066,disk6,5410047088640,8875166,91577014538982
322.2066,disk6w,380928,53,8067940
322.2066,ram,526761984,65389150208,282799
322.2066,cpu,15755337,22500571,541072503
322.2066,gpu,41,6,0
322.4029,disk0,928281419902976,2090769285,12845794080233935
322.4029,disk0w,2189370163200,19754569,1284848895166
322.4029,disk4,2913622947840,5901373,42708430934184
322.4029,disk4w,2195456,171,27582691
322.4029,disk8,3820081719296,3847735,47620217035378
322.4029,disk8w,322691072,41984,1713405139
322.4029,disk6,5411360610304,8877324,91592574687201
322.4029,disk6w,380928,53,8067940
322.4029,ram,526761984,65389150208,282799
322.4029,cpu,15755337,22500571,541072503
322.4029,gpu,0,0,0
322.6066,disk0,928283438231552,2090777201,12845806967011649
322.6066,disk0w,2189370163200,19754569,1284848895166
322.6066,disk4,2914344876032,5902808,42715768919844
322.6066,disk4w,2195456,171,27582691
322.6066,disk8,3820555937792,3848221,47620767000468
322.6066,disk8w,322691072,41984,1713405139
322.6066,disk6,5412348598272,8879331,91602395826872
322.6066,disk6w,380928,53,8067940
322.6066,ram,526761984,65389150208,282799
322.6066,cpu,15755337,22500571,541072503
322.6066,gpu,28,5,0
322.8047,disk0,928285440774144,2090785350,12845822194551743
322.8047,disk0w,2189370163200,19754569,1284848895166
322.8047,disk4,2914929956864,5904007,42719861142250
322.8047,disk4w,2195456,171,27582691
322.8047,disk8,3821021308928,3848698,47621851692312
322.8047,disk8w,322691072,41984,1713405139
322.8047,disk6,5413528311808,8881020,91612830465514
322.8047,disk6w,380928,53,8067940
322.8047,ram,530120704,65395605504,282799
322.8047,cpu,15755379,22500702,541074119
322.8047,gpu,32,7,0
323.0066,disk0,928287710814208,2090789341,12845833884045702
323.0066,disk0w,2189370163200,19754569,1284848895166
323.0066,disk4,2915576190976,5905332,42723142813230
323.0066,disk4w,2195456,171,27582691
323.0066,disk8,3821654648832,3849347,47622694608308
323.0066,disk8w,322691072,41984,1713405139
323.0066,disk6,5414840883200,8882638,91623782249183
323.0066,disk6w,380928,53,8067940
323.0066,ram,530432000,65395621888,282799
323.0066,cpu,15755379,22500705,541074159
323.0066,gpu,0,0,0
323.2066,disk0,928289658068992,2090792878,12845842201959092
323.2066,disk0w,2189370163200,19754569,1284848895166
323.2066,disk4,2916358764544,5906933,42729060032397
323.2066,disk4w,2195456,171,27582691
323.2066,disk8,3822207510528,3849913,47623328776200
323.2066,disk8w,322691072,41984,1713405139
323.2066,disk6,5416160860160,8884534,91637470732853
323.2066,disk6w,380928,53,8067940
323.2066,ram,530432000,65395621888,282799
323.2066,cpu,15755379,22500705,541074159
323.2066,gpu,0,0,0
323.4066,disk0,928291570442240,2090796921,12845850466527465
323.4066,disk0w,2189370163200,19754569,1284848895166
323.4066,disk4,2917047171072,5908345,42732911206789
323.4066,disk4w,2195456,171,27582691
323.4066,disk8,3822731274240,3850450,47623956405538
323.4066,disk8w,322691072,41984,1713405139
323.4066,disk6,5417463633920,8886585,91653917014674
323.4066,disk6w,380928,53,8067940
323.4066,ram,530432000,65395621888,282799
323.4066,cpu,15755379,22500705,541074159
323.4066,gpu,0,0,0
323.6066,disk0,928293781180416,2090801585,12845863157587498
323.6066,disk0w,2189370163200,19754569,1284848895166
323.6066,disk4,2917736757248,5909681,42737080202247
323.6066,disk4w,2195456,171,27582691
323.6066,disk8,3823218862080,3850950,47624520561193
323.6066,disk8w,322691072,41984,1713405139
323.6066,disk6,5418757740544,8888830,91666830809821
323.6066,disk6w,380928,53,8067940
323.6066,ram,530432000,65395621888,282799
323.6066,cpu,15755379,22500705,541074159
323.6066,gpu,34,5,0
323.8066,disk0,928296268562432,2090806907,12845877419059046
323.8066,disk0w,2189370163200,19754569,1284848895166
323.8066,disk4,2918421379072,5911024,42742229486674
323.8066,disk4w,2195456,171,27582691
323.8066,disk8,3823813928960,3851560,47625402469147
323.8066,disk8w,322691072,41984,1713405139
323.8066,disk6,5420039559168,8891226,91678130599276
323.8066,disk6w,380928,53,8067940
323.8066,ram,540557312,65458094080,282799
323.8066,cpu,15755424,22500848,541075710
323.8066,gpu,43,7,0
324.0066,disk0,928298271617024,2090812968,12845888717941154
324.0066,disk0w,2189370163200,19754569,1284848895166
324.0066,disk4,2919170390016,5912507,42746775823749
324.0066,disk4w,2195456,171,27582691
324.0066,disk8,3824402311168,3852163,47626192839725
324.0066,disk8w,322691072,41984,1713405139
324.0066,disk6,5421326571520,8893520,91694806456551
324.0066,disk6w,380928,53,8067940
324.0066,ram,542801920,65458094080,282799
324.0066,cpu,15755424,22500851,541075730
324.0066,gpu,0,0,0
324.2066,disk0,928300272947200,2090816743,12845899997148960
324.2066,disk0w,2189370163200,19754569,1284848895166
324.2066,disk4,2919796471808,5913764,42750518949277
324.2066,disk4w,2195456,171,27582691
324.2066,disk8,3824858916864,3852631,47626859976816
324.2066,disk8w,322691072,41984,1713405139
324.2066,disk6,5422465898496,8895474,91709123628161
324.2066,disk6w,380928,53,8067940
324.2066,ram,542801920,65458094080,282799
324.2066,cpu,15755424,22500851,541075730
324.2066,gpu,0,0,0
324.4066,disk0,928302307024896,2090826173,12845913227888182
324.4066,disk0w,2189370163200,19754569,1284848895166
324.4066,disk4,2920609265664,5915430,42755304851110
324.4066,disk4w,2195456,171,27582691
324.4066,disk8,3825403389952,3853189,47627614568460
324.4066,disk8w,322691072,41984,1713405139
324.4066,disk6,5423833274368,8897449,91721680223939
324.4066,disk6w,380928,53,8067940
324.4066,ram,542801920,65458094080,282799
324.4066,cpu,15755424,22500851,541075730
324.4066,gpu,33,7,0
324.6066,disk0,928304589103104,2090829895,12845923317136049
324.6066,disk0w,2189370163200,19754569,1284848895166
324.6066,disk4,2921311156224,5916868,42759600862258
324.6066,disk4w,2195456,171,27582691
324.6066,disk8,3825956644864,3853756,47628275550728
324.6066,disk8w,322691072,41984,1713405139
324.6066,disk6,5425196603392,8899264,91733355805143
324.6066,disk6w,380928,53,8067940
324.6066,ram,542801920,65458094080,282799
324.6066,cpu,15755424,22500851,541075730
324.6066,gpu,0,0,0
324.8066,disk0,928306752864256,2090834115,12845933775190748
324.8066,disk0w,2189370179584,19754573,1284848985874
324.8066,disk4,2922118330368,5918523,42766702598572
324.8066,disk4w,2195456,171,27582691
324.8066,disk8,3826518681600,3854332,47628987745165
324.8066,disk8w,322691072,41984,1713405139
324.8066,disk6,5426474620928,8901121,91742340744694
324.8066,disk6w,380928,53,8067940
324.8066,ram,555859968,65406681088,282799
324.8066,cpu,15755424,22500851,541075730
324.8066,gpu,0,0,0
325.0066,disk0,928309030436864,2090839001,12845948138781061
325.0066,disk0w,2189370179584,19754573,1284848985874
325.0066,disk4,2922644748288,5919567,42768976188561
325.0066,disk4w,2195456,171,27582691
325.0066,disk8,3827107063808,3854935,47629623378423
325.0066,disk8w,322691072,41984,1713405139
325.0066,disk6,5427767678976,8903200,91755762289081
325.0066,disk6w,380928,53,8067940
325.0066,ram,558972928,65406681088,282799
325.0066,cpu,15755471,22500988,541077505
325.0066,gpu,38,8,0
325.2066,disk0,928311022419968,2090843162,12845957341082809
325.2066,disk0w,2189370507264,19754591,1284849242034
325.2066,disk4,2923539658752,5921317,42774943080982
325.2066,disk4w,2195456,171,27582691
325.2066,disk8,3827563718656,3855403,47630212800930
325.2066,disk8w,322691072,41984,1713405139
325.2066,disk6,5429097580544,8905605,91770912531858
325.2066,disk6w,380928,53,8067940
325.2066,ram,558972928,65406681088,282799
325.2066,cpu,15755471,22500988,541077505
325.2066,gpu,36,6,0
325.4066,disk0,928312891183104,2090847506,12845966120523638
325.4066,disk0w,2189370507264,19754591,1284849242034
325.4066,disk4,2924294191104,5922813,42778582383643
325.4066,disk4w,2195456,171,27582691
325.4066,disk8,3828143319040,3855997,47631105672353
325.4066,disk8w,322691072,41984,1713405139
325.4066,disk6,5430445217792,8907838,91787763305640
325.4066,disk6w,380928,53,8067940
325.4066,ram,558972928,65406681088,282799
325.4066,cpu,15755471,22500988,541077505
325.4066,gpu,0,0,0
325.6066,disk0,928315335700480,2090853541,12845981603320073
325.6066,disk0w,2189370507264,19754591,1284849242034
325.6066,disk4,2924890798080,5923997,42782559444038
325.6066,disk4w,2195456,171,27582691
325.6066,disk8,3828793174016,3856663,47632503748004
325.6066,disk8w,322691072,41984,1713405139
325.6066,disk6,5431629371392,8910083,91797742374019
325.6066,disk6w,380928,53,8067940
325.6066,ram,558972928,65406681088,282799
325.6066,cpu,15755471,22500988,541077505
325.6066,gpu,38,6,0
325.8066,disk0,928317202223104,2090858985,12845991098185596
325.8066,disk0w,2189370507264,19754591,1284849242034
325.8066,disk4,2925662877696,5925579,42789921552519
325.8066,disk4w,2195456,171,27582691
325.8066,disk8,3829355145216,3857239,47633478766817
325.8066,disk8w,322691072,41984,1713405139
325.8066,disk6,5432913319936,8911980,91809964282843
325.8066,disk6w,380928,53,8067940
325.8066,ram,581238784,65383088128,282799
325.8066,cpu,15755471,22500988,541077505
325.8066,gpu,0,0,0
326.0055,disk0,928319616704512,2090863089,12846003792976552
326.0055,disk0w,2189370507264,19754591,1284849242034
326.0055,disk4,2926540240896,5927377,42796636067206
326.0055,disk4w,2195456,171,27582691
326.0055,disk8,3829855709184,3857752,47634125598398
326.0055,disk8w,322691072,41984,1713405139
326.0055,disk6,5434120722432,8913404,91816339877989
326.0055,disk6w,380928,53,8067940
326.0055,ram,581533696,65383088128,282799
326.0055,cpu,15755508,22501104,541078986
326.0055,gpu,25,5,0
326.2066,disk0,928322029187072,2090867877,12846016570032949
326.2066,disk0w,2189370507264,19754591,1284849242034
326.2066,disk4,2927469484032,5929281,42804108562196
326.2066,disk4w,2195456,171,27582691
326.2066,disk8,3830472534016,3858384,47634919845694
326.2066,disk8w,322691072,41984,1713405139
326.2066,disk6,5435392743424,8915267,91825199843997
326.2066,disk6w,380928,53,8067940
326.2066,ram,581533696,65383088128,282799
326.2066,cpu,15755508,22501104,541078986
326.2066,gpu,0,0,0
326.4066,disk0,928324323045376,2090872788,12846032672289387
326.4066,disk0w,2189370507264,19754591,1284849242034
326.4066,disk4,2928207230976,5930777,42809418328658
326.4066,disk4w,2195456,171,27582691
326.4066,disk8,3830953437184,3858877,47635478309692
326.4066,disk8w,322691072,41984,1713405139
326.4066,disk6,5436638238720,8917272,91835947948242
326.4066,disk6w,380928,53,8067940
326.4066,ram,581533696,65383088128,282799
326.4066,cpu,15755508,22501104,541078986
326.4066,gpu,0,0,0
326.6066,disk0,928326515441664,2090877424,12846046030468268
326.6066,disk0w,2189370507264,19754591,1284849242034
326.6066,disk4,2929047549952,5932406,42814948472840
326.6066,disk4w,2195456,171,27582691
326.6066,disk8,3831334201344,3859267,47635934325272
326.6066,disk8w,322691072,41984,1713405139
326.6066,disk6,5437865334784,8919489,91848359471920
326.6066,disk6w,380928,53,8067940
326.6066,ram,581533696,65383088128,282799
326.6066,cpu,15755508,22501104,541078986
326.6066,gpu,33,5,0
326.8066,disk0,928328552759296,2090881982,12846054867647478
326.8066,disk0w,2189370507264,19754591,1284849242034
326.8066,disk4,2929792268288,5933884,42818287344818
326.8066,disk4w,2195456,171,27582691
326.8066,disk8,3831937001472,3859885,47636763712443
326.8066,disk8w,322691072,41984,1713405139
326.8066,disk6,5439239952384,8921897,91866563687913
326.8066,disk6w,380928,53,8067940
326.8066,ram,581533696,65383088128,282799
326.8066,cpu,15755508,22501104,541078986
326.8066,gpu,0,0,0
327.0066,disk0,928330328150016,2090887582,12846065287737350
327.0066,disk0w,2189370507264,19754591,1284849242034
327.0066,disk4,2930374326272,5935034,42821643058157
327.0066,disk4w,2195456,171,27582691
327.0066,disk8,3832542947328,3860506,47637483773597
327.0066,disk8w,322691072,41984,1713405139
327.0066,disk6,5440570529792,8924326,91886119061410
327.0066,disk6w,380928,53,8067940
327.0066,ram,585089024,65433747456,282799
327.0066,cpu,15755551,22501242,541080730
327.0066,gpu,28,6,0
327.2066,disk0,928331963596800,2090890575,12846072477156582
327.2066,disk0w,2189370507264,19754591,1284849242034
327.2066,disk4,2931101628416,5936493,42828958540533
327.2066,disk4w,2195456,171,27582691
327.2066,disk8,3833043445760,3861019,47638613489133
327.2066,disk8w,322691072,41984,1713405139
327.2066,disk6,5441658918912,8926211,91897768200958
327.2066,disk6w,380928,53,8067940
327.2066,ram,585089024,65433747456,282799
327.2066,cpu,15755551,22501242,541080730
327.2066,gpu,0,0,0
327.4066,disk0,928334065188864,2090895818,12846084224332009
327.4066,disk0w,2189370507264,19754591,1284849242034
327.4066,disk4,2932040669184,5938420,42837485329532
327.4066,disk4w,2195456,171,27582691
327.4066,disk8,3833693300736,3861685,47639383770658
327.4066,disk8w,322691072,41984,1713405139
327.4066,disk6,5442875086848,8927828,91906173764181
327.4066,disk6w,380928,53,8067940
327.4066,ram,585089024,65433747456,282799
327.4066,cpu,15755551,22501242,541080730
327.4066,gpu,0,0,0
327.6066,disk0,928336193732608,2090899245,12846094889413929
327.6066,disk0w,2189370507264,19754591,1284849242034
327.6066,disk4,2932896192512,5940176,42844312947125
327.6066,disk4w,2195456,171,27582691
327.6066,disk8,3834098313216,3862100,47639873618603
327.6066,disk8w,322691072,41984,1713405139
327.6066,disk6,5444109916160,8929370,91914721492021
327.6066,disk6w,380928,53,8067940
327.6066,ram,585089024,65433747456,282799
327.6066,cpu,15755551,22501242,541080730
327.6066,gpu,0,0,0
327.8066,disk0,928338403999744,2090903803,12846107045689993
327.8066,disk0w,2189370507264,19754591,1284849242034
327.8066,disk4,2933796075520,5942020,42852871684973
327.8066,disk4w,2195456,171,27582691
327.8066,disk8,3834635053056,3862650,47640518501498
327.8066,disk8w,322691072,41984,1713405139
327.8066,disk6,5445386033152,8931328,91923341084196
327.8066,disk6w,380928,53,8067940
327.8066,ram,585089024,65433747456,282799
327.8066,cpu,15755551,22501242,541080730
327.8066,gpu,36,6,0
328.0035,disk0,928340539953152,2090908349,12846122489630183
328.0035,disk0w,2189370507264,19754591,1284849242034
328.0035,disk4,2934359177216,5943142,42855430104312
328.0035,disk4w,2195456,171,27582691
328.0035,disk8,3835072047104,3863098,47640998620768
328.0035,disk8w,322691072,41984,1713405139
328.0035,disk6,5446506551296,8933087,91935577537366
328.0035,disk6w,380928,53,8067940
328.0035,ram,585089024,65417904128,282799
328.0035,cpu,15755597,22501371,541082404
328.0035,gpu,0,0,0
328.2066,disk0,928342697492480,2090912944,12846132689475313
328.2066,disk0w,2189370507264,19754591,1284849242034
328.2066,disk4,2935278827520,5944937,42863150291089
328.2066,disk4w,2195456,171,27582691
328.2066,disk8,3835689920512,3863731,47641686904350
328.2066,disk8w,322691072,41984,1713405139
328.2066,disk6,5447837652992,8935391,91948537367670
328.2066,disk6w,380928,53,8067940
328.2066,ram,585089024,65417904128,282799
328.2066,cpu,15755597,22501371,541082404
328.2066,gpu,29,7,0
328.4066,disk0,928344522145792,2090916970,12846141027323422
328.4066,disk0w,2189370507264,19754591,1284849242034
328.4066,disk4,2936015812608,5946396,42867198499959
328.4066,disk4w,2195456,171,27582691
328.4066,disk8,3836330993664,3864388,47642541176381
328.4066,disk8w,322691072,41984,1713405139
328.4066,disk6,5449208027136,8937733,91965780242706
328.4066,disk6w,380928,53,8067940
328.4066,ram,585089024,65417904128,282799
328.4066,cpu,15755597,22501371,541082404
328.4066,gpu,0,0,0
328.6066,disk0,928346870689792,2090922879,12846156571928423
328.6066,disk0w,2189370507264,19754591,1284849242034
328.6066,disk4,2936787892224,5947924,42871142462707
328.6066,disk4w,2195456,171,27582691
328.6066,disk8,3836997363712,3865071,47643594075327
328.6066,disk8w,322691072,41984,1713405139
328.6066,disk6,5450441873408,8940242,91979428017242
328.6066,disk6w,380928,53,8067940
328.6066,ram,585089024,65417904128,282799
328.6066,cpu,15755597,22501371,541082404
328.6066,gpu,0,0,0
328.8050,disk0,928348195336192,2090929544,12846164868356715
328.8050,disk0w,2189370507264,19754591,1284849242034
328.8050,disk4,2937385785344,5949144,42874784375772
328.8050,disk4w,2195456,171,27582691
328.8050,disk8,3837557221376,3865645,47644795689088
328.8050,disk8w,322691072,41984,1713405139
328.8050,disk6,5451634382848,8941904,91993213034482
328.8050,disk6w,380928,53,8067940
328.8050,ram,585089024,65417904128,282799
328.8050,cpu,15755597,22501371,541082404
328.8050,gpu,0,0,0
329.0043,disk0,928350250504192,2090933151,12846175311458166
329.0043,disk0w,2189370507264,19754591,1284849242034
329.0043,disk4,2938367145984,5951154,42885947409177
329.0043,disk4w,2195456,171,27582691
329.0043,disk8,3838156482560,3866259,47645514432100
329.0043,disk8w,322691072,41984,1713405139
329.0043,disk6,5452792748032,8943379,91999389591692
329.0043,disk6w,380928,53,8067940
329.0043,ram,583909376,65283653632,282799
329.0043,cpu,15755645,22501517,541083924
329.0043,gpu,30,5,0
329.2066,disk0,928352567357440,2090937254,12846189171658922
329.2066,disk0w,2189370507264,19754591,1284849242034
329.2066,disk4,2938978015232,5952404,42889854373549
329.2066,disk4w,2195456,171,27582691
329.2066,disk8,3838716422144,3866833,47646250903441
329.2066,disk8w,322691072,41984,1713405139
329.2066,disk6,5454036494336,8945190,92010034614445
329.2066,disk6w,380928,53,8067940
329.2066,ram,583909376,65283653632,282799
329.2066,cpu,15755645,22501517,541083924
329.2066,gpu,0,0,0
329.4066,disk0,928354786807808,2090942127,12846200470596043
329.4066,disk0w,2189370507264,19754591,1284849242034
329.4066,disk4,2939887327232,5954267,42898898148848
329.4066,disk4w,2195456,171,27582691
329.4066,disk8,3839243331584,3867373,47646946929514
329.4066,disk8w,322691072,41984,1713405139
329.4066,disk6,5455197153280,8946975,92020363986058
329.4066,disk6w,380928,53,8067940
329.4066,ram,583909376,65283653632,282799
329.4066,cpu,15755645,22501517,541083924
329.4066,gpu,0,0,0
329.6066,disk0,928356728971264,2090946115,12846210006430621
329.6066,disk0w,2189370507264,19754591,1284849242034
329.6066,disk4,2940623681536,5955716,42903358565014
329.6066,disk4w,2195456,171,27582691
329.6066,disk8,3839673640960,3867814,47647502709244
329.6066,disk8w,322691072,41984,1713405139
329.6066,disk6,5456511281152,8949054,92035563235852
329.6066,disk6w,380928,53,8067940
329.6066,ram,583909376,65283653632,282799
329.6066,cpu,15755645,22501517,541083924
329.6066,gpu,28,6,0
329.8066,disk0,928359096344576,2090951069,12846223721139584
329.8066,disk0w,2189370552320,19754592,1284849285200
329.8066,disk4,2941315086336,5957069,42908082114852
329.8066,disk4w,2195456,171,27582691
329.8066,disk8,3840256387072,3868411,47648164445313
329.8066,disk8w,322691072,41984,1713405139
329.8066,disk6,5457756727296,8951313,92048879127236
329.8066,disk6w,380928,53,8067940
329.8066,ram,583909376,65283653632,282799
329.8066,cpu,15755645,22501517,541083924
329.8066,gpu,0,0,0
330.0055,disk0,928360847826944,2090954912,12846230985753719
330.0055,disk0w,2189370552320,19754592,1284849285200
330.0055,disk4,2941853956096,5958134,42910959847919
330.0055,disk4w,2195456,171,27582691
330.0055,disk8,3840848963584,3869018,47648846944401
330.0055,disk8w,322691072,41984,1713405139
330.0055,disk6,5459141437440,8953654,92068120249067
330.0055,disk6w,380928,53,8067940
330.0055,ram,595836928,63822610432,282799
330.0055,cpu,15755709,22501645,541085542
330.0055,gpu,0,0,0
330.2066,disk0,928363207614464,2090960631,12846247360459908
330.2066,disk0w,2189370552320,19754592,1284849285200
330.2066,disk4,2942543394816,5959501,42915538854127
330.2066,disk4w,2195456,171,27582691
330.2066,disk8,3841509042176,3869695,47649829067299
330.2066,disk8w,322691072,41984,1713405139
330.2066,disk6,5460313663488,8956060,92080858203641
330.2066,disk6w,380928,53,8067940
330.2066,ram,595836928,63822610432,282799
330.2066,cpu,15755709,22501645,541085542
330.2066,gpu,0,0,0
330.4060,disk0,928363207614464,2090960631,12846247360459908
330.4060,disk0w,2189371895808,19754816,1284855386958
330.4060,disk4,2942543394816,5959501,42915538854127
330.4060,disk4w,2195456,171,27582691
330.4060,disk8,3841509042176,3869695,47649829067299
330.4060,disk8w,322691072,41984,1713405139
330.4060,disk6,5460313663488,8956060,92080858203641
330.4060,disk6w,380928,53,8067940
330.4060,ram,595836928,63822610432,282799
330.4060,cpu,15755709,22501645,541085542
330.4060,gpu,0,0,0
330.7047,disk0,928363207614464,2090960631,12846247360459908
330.7047,disk0w,2189371895808,19754816,1284855386958
330.7047,disk4,2942543394816,5959501,42915538854127
330.7047,disk4w,2195456,171,27582691
330.7047,disk8,3841509042176,3869695,47649829067299
330.7047,disk8w,322691072,41984,1713405139
330.7047,disk6,5460313663488,8956060,92080858203641
330.7047,disk6w,380928,53,8067940
330.7047,ram,595836928,63822610432,282799
330.7047,cpu,15755709,22501645,541085542
330.7047,gpu,0,0,0
