ARM G1_ON START 13:27:09 overrides: K3_QWEN_ALLOW_CHAT=1 K3_CHAT_THINKING=0 tokens=200 chat=1 pressure_gb=60 prompt=[Explain how a central bank sets interest rates and what happens when it raises them.]
[config] resolved: surface=DirectRun device=Auto spine=Auto spine_read_threads=auto spine_fd_cache=auto spine_stream_nocache=auto expert_stream_nocache=auto spine_resident_bytes=16000000000 provider_resident_layers=93 expert_read_threads=64 expert_prefetch_threads=12 expert_backend=Auto expert_scale4=Auto expert_pin_bytes=0 expert_heat=true expert_overlays=[hot=/Volumes/Green/serve-b-green:18017files dir_b=/Volumes/White/k3-experts-b:36018files dir_c=/Volumes/Yellow/serve3-green:15287files] pilot_gate=Off pilot_gate_threshold=0.1 pilot_gate_warmup=16 quality=QualityPolicy { target_authority: FullK3, routed_experts: 16, activation_precision: Fp32, resident_weights: QuantizedInt8 } dspark=Off dspark_max_context=8192 dspark_min_auto_speedup=0.03 dspark_miss_tolerance=1 dspark_max_drafts=7 qwen=On reasoning_effort=default router_trace_mode=Off router_trace_path=none chat=true stats=true layer_profile=false max_new=200
[residency] residency set created
[residency] queue attached (1 queues)
[native] exact scale4-v2 expert storage unavailable (inspect scale4 manifest $K3_DIR/deltafin-root-local/k3-experts-scale4/scale4-manifest.json: No such file or directory (os error 2)); using raw-v1
[native] expert hot tier enabled: /Volumes/Green/serve-b-green (probed before $K3_DIR/deltafin-root-local/k3-experts)
[native] expert volume B enabled: /Volumes/White/k3-experts-b (probed after hot, before $K3_DIR/deltafin-root-local/k3-experts)
[native] expert volume C enabled: /Volumes/Yellow/serve3-green (probed before hot and $K3_DIR/deltafin-root-local/k3-experts)
[native] host=macos/aarch64 device=mps experts=metal/raw-v1 root=$K3_DIR/deltafin-root-local spine=loose-deferred representation=quantized-int8 (non-weight-exact) layers=93 globals=2 resident=93/93 (50.74 GiB) transient=0.00 GiB readers=spine:4t/expert:64t/prefetch:12t spine-fdcache=0/0fd cpu-expert:4t router-trace=false lazy-missing=0 LibTorch=2.13.0
[native] optional Qwen: state=qwen3-0.6b model+KV-reserve=4.91 GiB verify-reserve=0.00 GiB/9 positions admitted-context=4389 tokens startup-error=none
[native] context cache: initial=16 tokens/45.00 MiB, growth=2.81 MiB per capacity token, startup reserve=256 tokens/832.03 MiB, exact-expanded cap=4369 / model contract=1048576 tokens (live peak admission required beyond reserve)
[native] verify snapshots: 452.81 MiB per candidate boundary, width 1..=64 (fresh peak admission; otherwise ordinary exact decode)
[native] native target structure ready (all 16 routed experts; physical real-weight sequence parity not yet recorded for this backend/representation)
[native] expert arena: slots=1 prefetch_slots=128
[native] probe-order: dir_c_first
[native] mirror-cost: rated
[native] mirror: enabled=false mode=0 internal_cost_us=1502 enclosure_cost_us=948 bias=internal:1.00,K3C:1.00,K3B:1.00,K3A:1.00 outstanding=0/0/0/0
[native] retain: enabled=false cap_gb=8 layers=63..=92
[native] summer: enabled=false cap_gb=8 policy=lfru sample=16
[native] expert heat: weight=11835 passes recording=true; pin tier: candidates=0 charged=0.00 GiB
[spine-fp32] execution arena DISABLED (K3_SPINE_FP32_ARENA=0)
[residency] queue attached (2 queues)
[residency] 1 allocations, 1.09 GiB pinned
[residency] 2 allocations, 1.10 GiB pinned
[residency] 4 allocations, 2.28 GiB pinned
[residency] 8 allocations, 3.89 GiB pinned
[residency] 16 allocations, 8.27 GiB pinned
[residency] 32 allocations, 17.04 GiB pinned
[residency] 64 allocations, 33.58 GiB pinned
A
[stats] generated=1 elapsed=33.765s speed=0.0296 token/s (33.765 s/token) chunks=1 committed_rows=37 verify_tx=0 drafts=0/0 layer_passes=93 expert_rows=3404 expert_tiles=574
[opens] expert file opens=280 total=0.011s mean=0.040ms requested_bytes=638703844544 (638.7 GB)
[arrival] tiles=574 waves=637 uncovered_wait=24.457s dispatch=4.534s
[retain] enabled=false cap_gb=8 layers=63..=92 consults=0 wanted=0 hits=0 inserts=0 served=0.0MB
[summer] enabled=false cap_gb=8 sample=16 consults=0 wanted=0 hits=0 hit_rate=0.0% misses=0 inserts=0 evictions=0 recycled=0 allocs=0 pin_skips=0 gated=0 ramp=2..50 bar=0 suppressed=0 wide_skips=0 served=0.0MB copied=0.0MB ssd_avoided=0.0GB live=0/0.0GB model=0 protected=0 declined=0 topup_suppressed=0 aged=0 into=0/0/0 pending=0
[mirror-split] internal=0 K3C=0 K3B=0 K3A=0  shares=0%/0%/0%/0%
[phases] mono=356624.502162 chunks=1 sequence=33.762s read_wait=0.171s bind_upload=1.606s attention_resident=2.550s expert_read_prefetch=0.358s expert_demand_read=0.000s expert_plan=0.000s expert_hint=0.000s expert_submit=0.000s expert_kernel=28.995s source_fence=0.000s tail_head_sync=0.017s layer_other=0.033s expert_read_gross=0.358s plan_hint=0.000s plan_sched=0.000s attn_total=2.549s attn_encode=0.599s attn_wait=1.951s attn_drain=0.000s kernel_total=4.531s kernel_host=0.232s kernel_wait=3.963s kernel_drain=0.336s
[attn-split] single: calls=0 total=0.000s encode=0.000s wait=0.000s drain=0.000s waits=0 untimed=0 | wide: calls=93 total=2.549s encode=0.599s wait=1.951s drain=0.000s waits=92 untimed=92 | hint: calls=92 total=0.000s encode=0.000s wait=0.000s drain=0.000s waits=0 untimed=0
[kernel-split] single: calls=73 total=0.065s encode=0.012s wait=0.023s drain=0.030s waits=73 untimed=0 | wide: calls=564 total=4.466s encode=0.220s wait=3.940s drain=0.307s waits=564 untimed=0
[kernel-sub] materialize=0.078s moe=4.343s precommit=0.000s rest=0.110s
[metal-cache] calls=3467 zero_copy_wraps=185 copies=0 cache_entries=64 bindless=true
 central bank sets
[stats] generated=4 elapsed=36.775s speed=0.1088 token/s (9.194 s/token) chunks=2 committed_rows=40 verify_tx=1 drafts=2/2 layer_passes=186 expert_rows=3680 expert_tiles=666
[verify-width] w1=0 w2=1 w3=0 w4=0 w5=0 w6=0 w7=0 w8+=0              (w1 share 0.0% of 1 transactions)
[opens] expert file opens=6932 total=0.105s mean=0.015ms requested_bytes=706427550912 (706.4 GB)
[arrival] tiles=596 waves=679 uncovered_wait=24.700s dispatch=4.683s
[retain] enabled=false cap_gb=8 layers=63..=92 consults=0 wanted=0 hits=0 inserts=0 served=0.0MB
[summer] enabled=false cap_gb=8 sample=16 consults=0 wanted=0 hits=0 hit_rate=0.0% misses=0 inserts=0 evictions=0 recycled=0 allocs=0 pin_skips=0 gated=0 ramp=2..50 bar=0 suppressed=0 wide_skips=0 served=0.0MB copied=0.0MB ssd_avoided=0.0GB live=0/0.0GB model=0 protected=0 declined=0 topup_suppressed=0 aged=0 into=0/0/0 pending=0
[mirror-split] internal=0 K3C=0 K3B=0 K3A=0  shares=0%/0%/0%/0%
[phases] mono=356627.512034 chunks=2 sequence=36.721s read_wait=0.171s bind_upload=1.606s attention_resident=3.071s expert_read_prefetch=2.012s expert_demand_read=1.139s expert_plan=0.128s expert_hint=0.000s expert_submit=0.000s expert_kernel=29.760s source_fence=0.000s tail_head_sync=0.033s layer_other=0.036s expert_read_gross=1.884s plan_hint=0.070s plan_sched=0.059s attn_total=3.070s attn_encode=0.701s attn_wait=2.369s attn_drain=0.000s kernel_total=5.054s kernel_host=0.349s kernel_wait=4.308s kernel_drain=0.397s
[attn-split] single: calls=0 total=0.000s encode=0.000s wait=0.000s drain=0.000s waits=0 untimed=0 | wide: calls=186 total=3.070s encode=0.701s wait=2.369s drain=0.000s waits=184 untimed=184 | hint: calls=184 total=0.070s encode=0.000s wait=0.069s drain=0.000s waits=149 untimed=149
[kernel-split] single: calls=73 total=0.065s encode=0.012s wait=0.023s drain=0.030s waits=73 untimed=0 | wide: calls=676 total=4.989s encode=0.338s wait=4.284s drain=0.367s waits=676 untimed=0
[kernel-sub] materialize=0.133s moe=4.752s precommit=0.000s rest=0.168s
[metal-cache] calls=3803 zero_copy_wraps=264 copies=0 cache_entries=143 bindless=true
 interest rates primarily
[stats] generated=7 elapsed=42.783s speed=0.1636 token/s (6.112 s/token) chunks=3 committed_rows=43 verify_tx=2 drafts=4/10 layer_passes=279 expert_rows=4508 expert_tiles=758
[verify-width] w1=0 w2=1 w3=0 w4=0 w5=0 w6=0 w7=0 w8+=1              (w1 share 0.0% of 2 transactions)
[opens] expert file opens=12866 total=0.228s mean=0.018ms requested_bytes=833750498496 (833.8 GB)
[arrival] tiles=683 waves=852 uncovered_wait=27.760s dispatch=5.778s
[retain] enabled=false cap_gb=8 layers=63..=92 consults=0 wanted=0 hits=0 inserts=0 served=0.0MB
[summer] enabled=false cap_gb=8 sample=16 consults=0 wanted=0 hits=0 hit_rate=0.0% misses=0 inserts=0 evictions=0 recycled=0 allocs=0 pin_skips=0 gated=0 ramp=2..50 bar=0 suppressed=0 wide_skips=0 served=0.0MB copied=0.0MB ssd_avoided=0.0GB live=0/0.0GB model=0 protected=0 declined=0 topup_suppressed=0 aged=0 into=0/0/0 pending=0
[mirror-split] internal=0 K3C=0 K3B=0 K3A=0  shares=0%/0%/0%/0%
[phases] mono=356633.519737 chunks=3 sequence=42.626s read_wait=0.171s bind_upload=1.606s attention_resident=4.186s expert_read_prefetch=2.567s expert_demand_read=1.458s expert_plan=0.216s expert_hint=0.000s expert_submit=0.000s expert_kernel=33.967s source_fence=0.000s tail_head_sync=0.055s layer_other=0.042s expert_read_gross=2.351s plan_hint=0.151s plan_sched=0.065s attn_total=4.185s attn_encode=0.822s attn_wait=3.364s attn_drain=0.000s kernel_total=6.199s kernel_host=0.548s kernel_wait=5.164s kernel_drain=0.487s
[attn-split] single: calls=0 total=0.000s encode=0.000s wait=0.000s drain=0.000s waits=0 untimed=0 | wide: calls=279 total=4.185s encode=0.822s wait=3.364s drain=0.000s waits=276 untimed=276 | hint: calls=276 total=0.150s encode=0.001s wait=0.149s drain=0.000s waits=330 untimed=330
[kernel-split] single: calls=73 total=0.065s encode=0.012s wait=0.023s drain=0.030s waits=73 untimed=0 | wide: calls=854 total=6.134s encode=0.536s wait=5.141s drain=0.457s waits=854 untimed=0
[kernel-sub] materialize=0.255s moe=5.711s precommit=0.000s rest=0.232s
[metal-cache] calls=5405 zero_copy_wraps=462 copies=0 cache_entries=198 bindless=true
[residency] queue attached (3 queues)
[route-chain] chained=1
[route-chain] dedup_hits=1
 by
[stats] generated=8 elapsed=48.139s speed=0.1662 token/s (6.017 s/token) chunks=4 committed_rows=44 verify_tx=3 drafts=4/14 layer_passes=372 expert_rows=4600 expert_tiles=850
[verify-width] w1=0 w2=1 w3=0 w4=1 w5=0 w6=0 w7=0 w8+=1              (w1 share 0.0% of 3 transactions)
[opens] expert file opens=23065 total=0.375s mean=0.016ms requested_bytes=958108056768 (958.1 GB)
[arrival] tiles=749 waves=989 uncovered_wait=28.786s dispatch=6.311s
[retain] enabled=false cap_gb=8 layers=63..=92 consults=0 wanted=0 hits=0 inserts=0 served=0.0MB
[summer] enabled=false cap_gb=8 sample=16 consults=0 wanted=0 hits=0 hit_rate=0.0% misses=0 inserts=0 evictions=0 recycled=0 allocs=0 pin_skips=0 gated=0 ramp=2..50 bar=0 suppressed=0 wide_skips=0 served=0.0MB copied=0.0MB ssd_avoided=0.0GB live=0/0.0GB model=0 protected=0 declined=0 topup_suppressed=0 aged=0 into=0/0/0 pending=0
[mirror-split] internal=0 K3C=0 K3B=0 K3A=0  shares=0%/0%/0%/0%
[phases] mono=356638.876371 chunks=4 sequence=44.086s read_wait=0.171s bind_upload=1.606s attention_resident=4.458s expert_read_prefetch=3.450s expert_demand_read=2.016s expert_plan=0.274s expert_hint=0.000s expert_submit=0.000s expert_kernel=34.252s source_fence=0.000s tail_head_sync=0.072s layer_other=0.044s expert_read_gross=3.176s plan_hint=0.207s plan_sched=0.066s attn_total=5.162s attn_encode=0.982s attn_wait=4.136s attn_drain=0.045s kernel_total=7.199s kernel_host=0.694s kernel_wait=5.687s kernel_drain=0.818s
[attn-split] single: calls=93 total=0.271s encode=0.058s wait=0.169s drain=0.045s waits=161 untimed=78 | wide: calls=372 total=4.891s encode=0.924s wait=3.967s drain=0.000s waits=368 untimed=368 | hint: calls=460 total=0.290s encode=0.002s wait=0.288s drain=0.000s waits=600 untimed=600
[kernel-split] single: calls=172 total=0.340s encode=0.023s wait=0.028s drain=0.289s waits=180 untimed=64 | wide: calls=1010 total=6.859s encode=0.670s wait=5.660s drain=0.529s waits=1010 untimed=0
[kernel-sub] materialize=0.323s moe=6.317s precommit=0.263s rest=0.296s
[metal-cache] calls=6284 zero_copy_wraps=462 copies=0 cache_entries=198 bindless=true
 targeting
[stats] generated=9 elapsed=52.785s speed=0.1705 token/s (5.865 s/token) chunks=5 committed_rows=45 verify_tx=4 drafts=4/16 layer_passes=465 expert_rows=4692 expert_tiles=942
[verify-width] w1=0 w2=2 w3=0 w4=1 w5=0 w6=0 w7=0 w8+=1              (w1 share 0.0% of 4 transactions)
[opens] expert file opens=33501 total=0.516s mean=0.015ms requested_bytes=1063672560832 (1063.7 GB)
[arrival] tiles=785 waves=1064 uncovered_wait=29.053s dispatch=6.515s
[retain] enabled=false cap_gb=8 layers=63..=92 consults=0 wanted=0 hits=0 inserts=0 served=0.0MB
[summer] enabled=false cap_gb=8 sample=16 consults=0 wanted=0 hits=0 hit_rate=0.0% misses=0 inserts=0 evictions=0 recycled=0 allocs=0 pin_skips=0 gated=0 ramp=2..50 bar=0 suppressed=0 wide_skips=0 served=0.0MB copied=0.0MB ssd_avoided=0.0GB live=0/0.0GB model=0 protected=0 declined=0 topup_suppressed=0 aged=0 into=0/0/0 pending=0
[mirror-split] internal=0 K3C=0 K3B=0 K3A=0  shares=0%/0%/0%/0%
[phases] mono=356643.522277 chunks=5 sequence=45.575s read_wait=0.171s bind_upload=1.606s attention_resident=4.571s expert_read_prefetch=4.414s expert_demand_read=2.599s expert_plan=0.344s expert_hint=0.000s expert_submit=0.000s expert_kernel=34.645s source_fence=0.000s tail_head_sync=0.089s layer_other=0.046s expert_read_gross=4.070s plan_hint=0.276s plan_sched=0.068s attn_total=5.764s attn_encode=1.147s attn_wait=4.554s attn_drain=0.062s kernel_total=8.088s kernel_host=0.834s kernel_wait=6.002s kernel_drain=1.253s
[attn-split] single: calls=186 total=0.385s encode=0.112s wait=0.210s drain=0.062s waits=322 untimed=106 | wide: calls=465 total=5.379s encode=1.035s wait=4.344s drain=0.000s waits=460 untimed=460 | hint: calls=644 total=0.431s encode=0.003s wait=0.428s drain=0.000s waits=848 untimed=848
[kernel-split] single: calls=270 total=0.724s encode=0.034s wait=0.034s drain=0.657s waits=285 untimed=149 | wide: calls=1135 total=7.364s encode=0.800s wait=5.968s drain=0.596s waits=1135 untimed=0
[kernel-sub] materialize=0.383s moe=6.707s precommit=0.633s rest=0.365s
[metal-cache] calls=6757 zero_copy_wraps=462 copies=0 cache_entries=198 bindless=true
 a
[stats] generated=10 elapsed=54.268s speed=0.1843 token/s (5.427 s/token) chunks=6 committed_rows=46 verify_tx=4 drafts=4/16 layer_passes=558 expert_rows=4784 expert_tiles=1034
[verify-width] w1=0 w2=2 w3=0 w4=1 w5=0 w6=0 w7=0 w8+=1              (w1 share 0.0% of 4 transactions)
[opens] expert file opens=37346 total=0.565s mean=0.015ms requested_bytes=1097416015040 (1097.4 GB)
[arrival] tiles=786 waves=1072 uncovered_wait=29.064s dispatch=6.525s
[retain] enabled=false cap_gb=8 layers=63..=92 consults=0 wanted=0 hits=0 inserts=0 served=0.0MB
[summer] enabled=false cap_gb=8 sample=16 consults=0 wanted=0 hits=0 hit_rate=0.0% misses=0 inserts=0 evictions=0 recycled=0 allocs=0 pin_skips=0 gated=0 ramp=2..50 bar=0 suppressed=0 wide_skips=0 served=0.0MB copied=0.0MB ssd_avoided=0.0GB live=0/0.0GB model=0 protected=0 declined=0 topup_suppressed=0 aged=0 into=0/0/0 pending=0
[mirror-split] internal=0 K3C=0 K3B=0 K3A=0  shares=0%/0%/0%/0%
[phases] mono=356645.005358 chunks=6 sequence=47.057s read_wait=0.171s bind_upload=1.606s attention_resident=4.651s expert_read_prefetch=5.419s expert_demand_read=3.176s expert_plan=0.417s expert_hint=0.000s expert_submit=0.000s expert_kernel=35.023s source_fence=0.000s tail_head_sync=0.107s layer_other=0.048s expert_read_gross=5.002s plan_hint=0.348s plan_sched=0.069s attn_total=5.843s attn_encode=1.172s attn_wait=4.590s attn_drain=0.081s kernel_total=8.456s kernel_host=0.843s kernel_wait=6.007s kernel_drain=1.605s
[attn-split] single: calls=279 total=0.464s encode=0.137s wait=0.246s drain=0.081s waits=483 untimed=129 | wide: calls=465 total=5.379s encode=1.035s wait=4.344s drain=0.000s waits=460 untimed=460 | hint: calls=736 total=0.503s encode=0.003s wait=0.499s drain=0.000s waits=939 untimed=939
[kernel-split] single: calls=369 total=1.092s encode=0.043s wait=0.040s drain=1.009s waits=392 untimed=232 | wide: calls=1135 total=7.364s encode=0.800s wait=5.968s drain=0.596s waits=1135 untimed=0
[kernel-sub] materialize=0.383s moe=6.717s precommit=0.987s rest=0.369s
[metal-cache] calls=6856 zero_copy_wraps=462 copies=0 cache_entries=198 bindless=true
 **
[stats] generated=11 elapsed=55.767s speed=0.1972 token/s (5.070 s/token) chunks=7 committed_rows=47 verify_tx=4 drafts=4/16 layer_passes=651 expert_rows=4876 expert_tiles=1126
[verify-width] w1=0 w2=2 w3=0 w4=1 w5=0 w6=0 w7=0 w8+=1              (w1 share 0.0% of 4 transactions)
[opens] expert file opens=41273 total=0.619s mean=0.015ms requested_bytes=1131861343424 (1131.9 GB)
[arrival] tiles=787 waves=1079 uncovered_wait=29.079s dispatch=6.535s
[retain] enabled=false cap_gb=8 layers=63..=92 consults=0 wanted=0 hits=0 inserts=0 served=0.0MB
[summer] enabled=false cap_gb=8 sample=16 consults=0 wanted=0 hits=0 hit_rate=0.0% misses=0 inserts=0 evictions=0 recycled=0 allocs=0 pin_skips=0 gated=0 ramp=2..50 bar=0 suppressed=0 wide_skips=0 served=0.0MB copied=0.0MB ssd_avoided=0.0GB live=0/0.0GB model=0 protected=0 declined=0 topup_suppressed=0 aged=0 into=0/0/0 pending=0
[mirror-split] internal=0 K3C=0 K3B=0 K3A=0  shares=0%/0%/0%/0%
[phases] mono=356646.504150 chunks=7 sequence=48.555s read_wait=0.171s bind_upload=1.606s attention_resident=4.731s expert_read_prefetch=6.415s expert_demand_read=3.811s expert_plan=0.488s expert_hint=0.000s expert_submit=0.000s expert_kernel=35.425s source_fence=0.000s tail_head_sync=0.124s layer_other=0.049s expert_read_gross=5.927s plan_hint=0.418s plan_sched=0.070s attn_total=5.923s attn_encode=1.196s attn_wait=4.630s attn_drain=0.097s kernel_total=8.843s kernel_host=0.854s kernel_wait=6.013s kernel_drain=1.976s
[attn-split] single: calls=372 total=0.544s encode=0.161s wait=0.286s drain=0.097s waits=644 untimed=156 | wide: calls=465 total=5.379s encode=1.035s wait=4.344s drain=0.000s waits=460 untimed=460 | hint: calls=828 total=0.573s encode=0.003s wait=0.569s drain=0.000s waits=1030 untimed=1030
[kernel-split] single: calls=467 total=1.478s encode=0.054s wait=0.045s drain=1.379s waits=497 untimed=314 | wide: calls=1135 total=7.364s encode=0.800s wait=5.968s drain=0.596s waits=1135 untimed=0
[kernel-sub] materialize=0.383s moe=6.726s precommit=1.358s rest=0.374s
[metal-cache] calls=6954 zero_copy_wraps=462 copies=0 cache_entries=198 bindless=true
policy
[stats] generated=12 elapsed=57.248s speed=0.2096 token/s (4.771 s/token) chunks=8 committed_rows=48 verify_tx=4 drafts=4/16 layer_passes=744 expert_rows=4968 expert_tiles=1218
[verify-width] w1=0 w2=2 w3=0 w4=1 w5=0 w6=0 w7=0 w8+=1              (w1 share 0.0% of 4 transactions)
[opens] expert file opens=45200 total=0.672s mean=0.015ms requested_bytes=1166297922752 (1166.3 GB)
[arrival] tiles=788 waves=1086 uncovered_wait=29.087s dispatch=6.545s
[retain] enabled=false cap_gb=8 layers=63..=92 consults=0 wanted=0 hits=0 inserts=0 served=0.0MB
[summer] enabled=false cap_gb=8 sample=16 consults=0 wanted=0 hits=0 hit_rate=0.0% misses=0 inserts=0 evictions=0 recycled=0 allocs=0 pin_skips=0 gated=0 ramp=2..50 bar=0 suppressed=0 wide_skips=0 served=0.0MB copied=0.0MB ssd_avoided=0.0GB live=0/0.0GB model=0 protected=0 declined=0 topup_suppressed=0 aged=0 into=0/0/0 pending=0
[mirror-split] internal=0 K3C=0 K3B=0 K3A=0  shares=0%/0%/0%/0%
[phases] mono=356647.985007 chunks=8 sequence=50.034s read_wait=0.171s bind_upload=1.606s attention_resident=4.808s expert_read_prefetch=7.437s expert_demand_read=4.422s expert_plan=0.569s expert_hint=0.000s expert_submit=0.000s expert_kernel=35.787s source_fence=0.000s tail_head_sync=0.141s layer_other=0.051s expert_read_gross=6.868s plan_hint=0.498s plan_sched=0.071s attn_total=6.000s attn_encode=1.221s attn_wait=4.663s attn_drain=0.116s kernel_total=9.196s kernel_host=0.864s kernel_wait=6.019s kernel_drain=2.314s
[attn-split] single: calls=465 total=0.621s encode=0.186s wait=0.319s drain=0.116s waits=805 untimed=186 | wide: calls=465 total=5.379s encode=1.035s wait=4.344s drain=0.000s waits=460 untimed=460 | hint: calls=920 total=0.652s encode=0.004s wait=0.649s drain=0.000s waits=1121 untimed=1121
[kernel-split] single: calls=565 total=1.832s encode=0.064s wait=0.051s drain=1.717s waits=602 untimed=402 | wide: calls=1135 total=7.364s encode=0.800s wait=5.968s drain=0.596s waits=1135 untimed=0
[kernel-sub] materialize=0.383s moe=6.736s precommit=1.698s rest=0.379s
[metal-cache] calls=7052 zero_copy_wraps=462 copies=0 cache_entries=198 bindless=true
 rate
[stats] generated=13 elapsed=58.734s speed=0.2213 token/s (4.518 s/token) chunks=9 committed_rows=49 verify_tx=4 drafts=4/16 layer_passes=837 expert_rows=5060 expert_tiles=1310
[verify-width] w1=0 w2=2 w3=0 w4=1 w5=0 w6=0 w7=0 w8+=1              (w1 share 0.0% of 4 transactions)
[opens] expert file opens=49137 total=0.724s mean=0.015ms requested_bytes=1200857300160 (1200.9 GB)
[arrival] tiles=789 waves=1094 uncovered_wait=29.098s dispatch=6.554s
[retain] enabled=false cap_gb=8 layers=63..=92 consults=0 wanted=0 hits=0 inserts=0 served=0.0MB
[summer] enabled=false cap_gb=8 sample=16 consults=0 wanted=0 hits=0 hit_rate=0.0% misses=0 inserts=0 evictions=0 recycled=0 allocs=0 pin_skips=0 gated=0 ramp=2..50 bar=0 suppressed=0 wide_skips=0 served=0.0MB copied=0.0MB ssd_avoided=0.0GB live=0/0.0GB model=0 protected=0 declined=0 topup_suppressed=0 aged=0 into=0/0/0 pending=0
[mirror-split] internal=0 K3C=0 K3B=0 K3A=0  shares=0%/0%/0%/0%
[phases] mono=356649.471174 chunks=9 sequence=51.518s read_wait=0.171s bind_upload=1.606s attention_resident=4.913s expert_read_prefetch=8.466s expert_demand_read=5.063s expert_plan=0.650s expert_hint=0.000s expert_submit=0.000s expert_kernel=36.122s source_fence=0.000s tail_head_sync=0.154s layer_other=0.053s expert_read_gross=7.816s plan_hint=0.578s plan_sched=0.072s attn_total=6.105s attn_encode=1.273s attn_wait=4.686s attn_drain=0.145s kernel_total=9.520s kernel_host=0.873s kernel_wait=6.024s kernel_drain=2.622s
[attn-split] single: calls=558 total=0.725s encode=0.238s wait=0.342s drain=0.145s waits=966 untimed=210 | wide: calls=465 total=5.379s encode=1.035s wait=4.344s drain=0.000s waits=460 untimed=460 | hint: calls=1012 total=0.732s encode=0.004s wait=0.728s drain=0.000s waits=1212 untimed=1212
[kernel-split] single: calls=664 total=2.156s encode=0.073s wait=0.057s drain=2.026s waits=709 untimed=489 | wide: calls=1135 total=7.364s encode=0.800s wait=5.968s drain=0.596s waits=1135 untimed=0
[kernel-sub] materialize=0.383s moe=6.745s precommit=2.008s rest=0.384s
[metal-cache] calls=7151 zero_copy_wraps=462 copies=0 cache_entries=198 bindless=true
**
[stats] generated=14 elapsed=60.203s speed=0.2325 token/s (4.300 s/token) chunks=10 committed_rows=50 verify_tx=4 drafts=4/16 layer_passes=930 expert_rows=5152 expert_tiles=1402
[verify-width] w1=0 w2=2 w3=0 w4=1 w5=0 w6=0 w7=0 w8+=1              (w1 share 0.0% of 4 transactions)
[opens] expert file opens=53078 total=0.775s mean=0.015ms requested_bytes=1235425459392 (1235.4 GB)
[arrival] tiles=790 waves=1101 uncovered_wait=29.106s dispatch=6.570s
[retain] enabled=false cap_gb=8 layers=63..=92 consults=0 wanted=0 hits=0 inserts=0 served=0.0MB
[summer] enabled=false cap_gb=8 sample=16 consults=0 wanted=0 hits=0 hit_rate=0.0% misses=0 inserts=0 evictions=0 recycled=0 allocs=0 pin_skips=0 gated=0 ramp=2..50 bar=0 suppressed=0 wide_skips=0 served=0.0MB copied=0.0MB ssd_avoided=0.0GB live=0/0.0GB model=0 protected=0 declined=0 topup_suppressed=0 aged=0 into=0/0/0 pending=0
[mirror-split] internal=0 K3C=0 K3B=0 K3A=0  shares=0%/0%/0%/0%
[phases] mono=356650.940026 chunks=10 sequence=52.986s read_wait=0.171s bind_upload=1.606s attention_resident=4.999s expert_read_prefetch=9.434s expert_demand_read=5.619s expert_plan=0.724s expert_hint=0.000s expert_submit=0.000s expert_kernel=36.518s source_fence=0.000s tail_head_sync=0.171s layer_other=0.054s expert_read_gross=8.710s plan_hint=0.651s plan_sched=0.073s attn_total=6.191s attn_encode=1.303s attn_wait=4.721s attn_drain=0.166s kernel_total=9.907s kernel_host=0.886s kernel_wait=6.031s kernel_drain=2.990s
[attn-split] single: calls=651 total=0.811s encode=0.268s wait=0.377s drain=0.166s waits=1127 untimed=239 | wide: calls=465 total=5.379s encode=1.035s wait=4.344s drain=0.000s waits=460 untimed=460 | hint: calls=1104 total=0.805s encode=0.004s wait=0.801s drain=0.000s waits=1303 untimed=1303
[kernel-split] single: calls=762 total=2.543s encode=0.086s wait=0.063s drain=2.394s waits=814 untimed=569 | wide: calls=1135 total=7.364s encode=0.800s wait=5.968s drain=0.596s waits=1135 untimed=0
[kernel-sub] materialize=0.383s moe=6.761s precommit=2.375s rest=0.388s
[metal-cache] calls=7249 zero_copy_wraps=462 copies=0 cache_entries=198 bindless=true
—
[stats] generated=15 elapsed=61.709s speed=0.2431 token/s (4.114 s/token) chunks=11 committed_rows=51 verify_tx=4 drafts=4/16 layer_passes=1023 expert_rows=5244 expert_tiles=1494
[verify-width] w1=0 w2=2 w3=0 w4=1 w5=0 w6=0 w7=0 w8+=1              (w1 share 0.0% of 4 transactions)
[opens] expert file opens=57110 total=0.829s mean=0.015ms requested_bytes=1270739418304 (1270.7 GB)
[arrival] tiles=791 waves=1109 uncovered_wait=29.115s dispatch=6.579s
[retain] enabled=false cap_gb=8 layers=63..=92 consults=0 wanted=0 hits=0 inserts=0 served=0.0MB
[summer] enabled=false cap_gb=8 sample=16 consults=0 wanted=0 hits=0 hit_rate=0.0% misses=0 inserts=0 evictions=0 recycled=0 allocs=0 pin_skips=0 gated=0 ramp=2..50 bar=0 suppressed=0 wide_skips=0 served=0.0MB copied=0.0MB ssd_avoided=0.0GB live=0/0.0GB model=0 protected=0 declined=0 topup_suppressed=0 aged=0 into=0/0/0 pending=0
[mirror-split] internal=0 K3C=0 K3B=0 K3A=0  shares=0%/0%/0%/0%
[phases] mono=356652.445979 chunks=11 sequence=54.491s read_wait=0.171s bind_upload=1.606s attention_resident=5.073s expert_read_prefetch=10.482s expert_demand_read=6.247s expert_plan=0.797s expert_hint=0.000s expert_submit=0.000s expert_kernel=36.881s source_fence=0.000s tail_head_sync=0.188s layer_other=0.056s expert_read_gross=9.685s plan_hint=0.722s plan_sched=0.074s attn_total=6.264s attn_encode=1.329s attn_wait=4.753s attn_drain=0.182s kernel_total=10.262s kernel_host=0.897s kernel_wait=6.036s kernel_drain=3.329s
[attn-split] single: calls=744 total=0.885s encode=0.294s wait=0.409s drain=0.182s waits=1288 untimed=262 | wide: calls=465 total=5.379s encode=1.035s wait=4.344s drain=0.000s waits=460 untimed=460 | hint: calls=1196 total=0.876s encode=0.004s wait=0.872s drain=0.000s waits=1394 untimed=1394
[kernel-split] single: calls=861 total=2.898s encode=0.097s wait=0.068s drain=2.733s waits=921 untimed=654 | wide: calls=1135 total=7.364s encode=0.800s wait=5.968s drain=0.596s waits=1135 untimed=0
[kernel-sub] materialize=0.383s moe=6.770s precommit=2.716s rest=0.393s
[metal-cache] calls=7348 zero_copy_wraps=462 copies=0 cache_entries=198 bindless=true
the
[stats] generated=16 elapsed=63.204s speed=0.2531 token/s (3.950 s/token) chunks=12 committed_rows=52 verify_tx=4 drafts=4/16 layer_passes=1116 expert_rows=5336 expert_tiles=1586
[verify-width] w1=0 w2=2 w3=0 w4=1 w5=0 w6=0 w7=0 w8+=1              (w1 share 0.0% of 4 transactions)
[opens] expert file opens=61054 total=0.880s mean=0.014ms requested_bytes=1305360186560 (1305.4 GB)
[arrival] tiles=792 waves=1115 uncovered_wait=29.123s dispatch=6.587s
[retain] enabled=false cap_gb=8 layers=63..=92 consults=0 wanted=0 hits=0 inserts=0 served=0.0MB
[summer] enabled=false cap_gb=8 sample=16 consults=0 wanted=0 hits=0 hit_rate=0.0% misses=0 inserts=0 evictions=0 recycled=0 allocs=0 pin_skips=0 gated=0 ramp=2..50 bar=0 suppressed=0 wide_skips=0 served=0.0MB copied=0.0MB ssd_avoided=0.0GB live=0/0.0GB model=0 protected=0 declined=0 topup_suppressed=0 aged=0 into=0/0/0 pending=0
[mirror-split] internal=0 K3C=0 K3B=0 K3A=0  shares=0%/0%/0%/0%
[phases] mono=356653.940905 chunks=12 sequence=55.985s read_wait=0.171s bind_upload=1.606s attention_resident=5.141s expert_read_prefetch=11.559s expert_demand_read=6.874s expert_plan=0.875s expert_hint=0.000s expert_submit=0.000s expert_kernel=37.216s source_fence=0.000s tail_head_sync=0.201s layer_other=0.057s expert_read_gross=10.684s plan_hint=0.799s plan_sched=0.075s attn_total=6.332s attn_encode=1.351s attn_wait=4.789s attn_drain=0.193s kernel_total=10.588s kernel_host=0.906s kernel_wait=6.041s kernel_drain=3.642s
[attn-split] single: calls=837 total=0.953s encode=0.316s wait=0.445s drain=0.193s waits=1449 untimed=298 | wide: calls=465 total=5.379s encode=1.035s wait=4.344s drain=0.000s waits=460 untimed=460 | hint: calls=1288 total=0.953s encode=0.005s wait=0.949s drain=0.000s waits=1485 untimed=1485
[kernel-split] single: calls=958 total=3.224s encode=0.106s wait=0.073s drain=3.045s waits=1024 untimed=734 | wide: calls=1135 total=7.364s encode=0.800s wait=5.968s drain=0.596s waits=1135 untimed=0
[kernel-sub] materialize=0.383s moe=6.778s precommit=3.030s rest=0.397s
[metal-cache] calls=7445 zero_copy_wraps=462 copies=0 cache_entries=198 bindless=true
 interest
[stats] generated=17 elapsed=64.686s speed=0.2628 token/s (3.805 s/token) chunks=13 committed_rows=53 verify_tx=4 drafts=4/16 layer_passes=1209 expert_rows=5428 expert_tiles=1678
[verify-width] w1=0 w2=2 w3=0 w4=1 w5=0 w6=0 w7=0 w8+=1              (w1 share 0.0% of 4 transactions)
[opens] expert file opens=64933 total=0.930s mean=0.014ms requested_bytes=1339384396992 (1339.4 GB)
[arrival] tiles=793 waves=1123 uncovered_wait=29.131s dispatch=6.595s
[retain] enabled=false cap_gb=8 layers=63..=92 consults=0 wanted=0 hits=0 inserts=0 served=0.0MB
[summer] enabled=false cap_gb=8 sample=16 consults=0 wanted=0 hits=0 hit_rate=0.0% misses=0 inserts=0 evictions=0 recycled=0 allocs=0 pin_skips=0 gated=0 ramp=2..50 bar=0 suppressed=0 wide_skips=0 served=0.0MB copied=0.0MB ssd_avoided=0.0GB live=0/0.0GB model=0 protected=0 declined=0 topup_suppressed=0 aged=0 into=0/0/0 pending=0
[mirror-split] internal=0 K3C=0 K3B=0 K3A=0  shares=0%/0%/0%/0%
[phases] mono=356655.422748 chunks=13 sequence=57.466s read_wait=0.171s bind_upload=1.606s attention_resident=5.241s expert_read_prefetch=12.567s expert_demand_read=7.498s expert_plan=0.939s expert_hint=0.000s expert_submit=0.000s expert_kernel=37.570s source_fence=0.000s tail_head_sync=0.219s layer_other=0.059s expert_read_gross=11.628s plan_hint=0.862s plan_sched=0.076s attn_total=6.432s attn_encode=1.394s attn_wait=4.813s attn_drain=0.225s kernel_total=10.934s kernel_host=0.916s kernel_wait=6.045s kernel_drain=3.973s
[attn-split] single: calls=930 total=1.053s encode=0.359s wait=0.469s drain=0.225s waits=1610 untimed=323 | wide: calls=465 total=5.379s encode=1.035s wait=4.344s drain=0.000s waits=460 untimed=460 | hint: calls=1380 total=1.017s encode=0.005s wait=1.012s drain=0.000s waits=1576 untimed=1576
[kernel-split] single: calls=1057 total=3.569s encode=0.116s wait=0.078s drain=3.376s waits=1131 untimed=813 | wide: calls=1135 total=7.364s encode=0.800s wait=5.968s drain=0.596s waits=1135 untimed=0
[kernel-sub] materialize=0.383s moe=6.786s precommit=3.363s rest=0.402s
[metal-cache] calls=7544 zero_copy_wraps=462 copies=0 cache_entries=198 bindless=true
[route-chain] chained=690
[route-chain] dedup_hits=690
 rate
[stats] generated=18 elapsed=66.143s speed=0.2721 token/s (3.675 s/token) chunks=14 committed_rows=54 verify_tx=4 drafts=4/16 layer_passes=1302 expert_rows=5520 expert_tiles=1770
[verify-width] w1=0 w2=2 w3=0 w4=1 w5=0 w6=0 w7=0 w8+=1              (w1 share 0.0% of 4 transactions)
[opens] expert file opens=68818 total=0.984s mean=0.014ms requested_bytes=1373470031040 (1373.5 GB)
[arrival] tiles=794 waves=1131 uncovered_wait=29.144s dispatch=6.604s
[retain] enabled=false cap_gb=8 layers=63..=92 consults=0 wanted=0 hits=0 inserts=0 served=0.0MB
[summer] enabled=false cap_gb=8 sample=16 consults=0 wanted=0 hits=0 hit_rate=0.0% misses=0 inserts=0 evictions=0 recycled=0 allocs=0 pin_skips=0 gated=0 ramp=2..50 bar=0 suppressed=0 wide_skips=0 served=0.0MB copied=0.0MB ssd_avoided=0.0GB live=0/0.0GB model=0 protected=0 declined=0 topup_suppressed=0 aged=0 into=0/0/0 pending=0
[mirror-split] internal=0 K3C=0 K3B=0 K3A=0  shares=0%/0%/0%/0%
[phases] mono=356656.880384 chunks=14 sequence=58.922s read_wait=0.171s bind_upload=1.606s attention_resident=5.324s expert_read_prefetch=13.499s expert_demand_read=8.080s expert_plan=1.020s expert_hint=0.000s expert_submit=0.000s expert_kernel=37.992s source_fence=0.000s tail_head_sync=0.236s layer_other=0.061s expert_read_gross=12.479s plan_hint=0.942s plan_sched=0.077s attn_total=6.514s attn_encode=1.421s attn_wait=4.840s attn_drain=0.253s kernel_total=11.343s kernel_host=0.926s kernel_wait=6.050s kernel_drain=4.367s
[attn-split] single: calls=1023 total=1.135s encode=0.386s wait=0.496s drain=0.253s waits=1771 untimed=342 | wide: calls=465 total=5.379s encode=1.035s wait=4.344s drain=0.000s waits=460 untimed=460 | hint: calls=1472 total=1.096s encode=0.005s wait=1.091s drain=0.000s waits=1667 untimed=1667
[kernel-split] single: calls=1156 total=3.979s encode=0.126s wait=0.083s drain=3.771s waits=1238 untimed=894 | wide: calls=1135 total=7.364s encode=0.800s wait=5.968s drain=0.596s waits=1135 untimed=0
[kernel-sub] materialize=0.383s moe=6.794s precommit=3.759s rest=0.407s
[metal-cache] calls=7643 zero_copy_wraps=462 copies=0 cache_entries=198 bindless=true
 at
[stats] generated=19 elapsed=67.670s speed=0.2808 token/s (3.562 s/token) chunks=15 committed_rows=55 verify_tx=4 drafts=4/16 layer_passes=1395 expert_rows=5612 expert_tiles=1862
[verify-width] w1=0 w2=2 w3=0 w4=1 w5=0 w6=0 w7=0 w8+=1              (w1 share 0.0% of 4 transactions)
[opens] expert file opens=72853 total=1.035s mean=0.014ms requested_bytes=1408845380800 (1408.8 GB)
[arrival] tiles=795 waves=1139 uncovered_wait=29.160s dispatch=6.613s
[retain] enabled=false cap_gb=8 layers=63..=92 consults=0 wanted=0 hits=0 inserts=0 served=0.0MB
[summer] enabled=false cap_gb=8 sample=16 consults=0 wanted=0 hits=0 hit_rate=0.0% misses=0 inserts=0 evictions=0 recycled=0 allocs=0 pin_skips=0 gated=0 ramp=2..50 bar=0 suppressed=0 wide_skips=0 served=0.0MB copied=0.0MB ssd_avoided=0.0GB live=0/0.0GB model=0 protected=0 declined=0 topup_suppressed=0 aged=0 into=0/0/0 pending=0
[mirror-split] internal=0 K3C=0 K3B=0 K3A=0  shares=0%/0%/0%/0%
[phases] mono=356658.407697 chunks=15 sequence=60.448s read_wait=0.171s bind_upload=1.606s attention_resident=5.394s expert_read_prefetch=14.577s expert_demand_read=8.736s expert_plan=1.091s expert_hint=0.000s expert_submit=0.000s expert_kernel=38.355s source_fence=0.000s tail_head_sync=0.248s layer_other=0.062s expert_read_gross=13.486s plan_hint=1.012s plan_sched=0.078s attn_total=6.585s attn_encode=1.442s attn_wait=4.871s attn_drain=0.272s kernel_total=11.690s kernel_host=0.935s kernel_wait=6.056s kernel_drain=4.700s
[attn-split] single: calls=1116 total=1.206s encode=0.407s wait=0.527s drain=0.272s waits=1932 untimed=373 | wide: calls=465 total=5.379s encode=1.035s wait=4.344s drain=0.000s waits=460 untimed=460 | hint: calls=1564 total=1.166s encode=0.005s wait=1.161s drain=0.000s waits=1758 untimed=1758
[kernel-split] single: calls=1255 total=4.326s encode=0.135s wait=0.088s drain=4.103s waits=1345 untimed=983 | wide: calls=1135 total=7.364s encode=0.800s wait=5.968s drain=0.596s waits=1135 untimed=0
[kernel-sub] materialize=0.383s moe=6.803s precommit=4.093s rest=0.411s
[metal-cache] calls=7742 zero_copy_wraps=462 copies=0 cache_entries=198 bindless=true
 which
[stats] generated=20 elapsed=69.116s speed=0.2894 token/s (3.456 s/token) chunks=16 committed_rows=56 verify_tx=4 drafts=4/16 layer_passes=1488 expert_rows=5704 expert_tiles=1954
[verify-width] w1=0 w2=2 w3=0 w4=1 w5=0 w6=0 w7=0 w8+=1              (w1 share 0.0% of 4 transactions)
[opens] expert file opens=76706 total=1.086s mean=0.014ms requested_bytes=1442659007680 (1442.7 GB)
[arrival] tiles=796 waves=1146 uncovered_wait=29.170s dispatch=6.621s
[retain] enabled=false cap_gb=8 layers=63..=92 consults=0 wanted=0 hits=0 inserts=0 served=0.0MB
[summer] enabled=false cap_gb=8 sample=16 consults=0 wanted=0 hits=0 hit_rate=0.0% misses=0 inserts=0 evictions=0 recycled=0 allocs=0 pin_skips=0 gated=0 ramp=2..50 bar=0 suppressed=0 wide_skips=0 served=0.0MB copied=0.0MB ssd_avoided=0.0GB live=0/0.0GB model=0 protected=0 declined=0 topup_suppressed=0 aged=0 into=0/0/0 pending=0
[mirror-split] internal=0 K3C=0 K3B=0 K3A=0  shares=0%/0%/0%/0%
[phases] mono=356659.853397 chunks=16 sequence=61.892s read_wait=0.171s bind_upload=1.606s attention_resident=5.474s expert_read_prefetch=15.554s expert_demand_read=9.348s expert_plan=1.165s expert_hint=0.000s expert_submit=0.000s expert_kernel=38.724s source_fence=0.000s tail_head_sync=0.266s layer_other=0.064s expert_read_gross=14.389s plan_hint=1.085s plan_sched=0.079s attn_total=6.664s attn_encode=1.469s attn_wait=4.893s attn_drain=0.302s kernel_total=12.048s kernel_host=0.945s kernel_wait=6.060s kernel_drain=5.043s
[attn-split] single: calls=1209 total=1.285s encode=0.434s wait=0.549s drain=0.302s waits=2093 untimed=397 | wide: calls=465 total=5.379s encode=1.035s wait=4.344s drain=0.000s waits=460 untimed=460 | hint: calls=1656 total=1.239s encode=0.005s wait=1.234s drain=0.000s waits=1849 untimed=1849
[kernel-split] single: calls=1353 total=4.684s encode=0.145s wait=0.093s drain=4.447s waits=1450 untimed=1067 | wide: calls=1135 total=7.364s encode=0.800s wait=5.968s drain=0.596s waits=1135 untimed=0
[kernel-sub] materialize=0.383s moe=6.812s precommit=4.438s rest=0.415s
[metal-cache] calls=7840 zero_copy_wraps=462 copies=0 cache_entries=198 bindless=true
 commercial
[stats] generated=21 elapsed=70.677s speed=0.2971 token/s (3.366 s/token) chunks=17 committed_rows=57 verify_tx=4 drafts=4/16 layer_passes=1581 expert_rows=5796 expert_tiles=2046
[verify-width] w1=0 w2=2 w3=0 w4=1 w5=0 w6=0 w7=0 w8+=1              (w1 share 0.0% of 4 transactions)
[opens] expert file opens=80799 total=1.143s mean=0.014ms requested_bytes=1478569540800 (1478.6 GB)
[arrival] tiles=797 waves=1151 uncovered_wait=29.179s dispatch=6.629s
[retain] enabled=false cap_gb=8 layers=63..=92 consults=0 wanted=0 hits=0 inserts=0 served=0.0MB
[summer] enabled=false cap_gb=8 sample=16 consults=0 wanted=0 hits=0 hit_rate=0.0% misses=0 inserts=0 evictions=0 recycled=0 allocs=0 pin_skips=0 gated=0 ramp=2..50 bar=0 suppressed=0 wide_skips=0 served=0.0MB copied=0.0MB ssd_avoided=0.0GB live=0/0.0GB model=0 protected=0 declined=0 topup_suppressed=0 aged=0 into=0/0/0 pending=0
[mirror-split] internal=0 K3C=0 K3B=0 K3A=0  shares=0%/0%/0%/0%
[phases] mono=356661.414348 chunks=17 sequence=63.452s read_wait=0.171s bind_upload=1.606s attention_resident=5.563s expert_read_prefetch=16.634s expert_demand_read=10.044s expert_plan=1.238s expert_hint=0.000s expert_submit=0.000s expert_kernel=39.095s source_fence=0.000s tail_head_sync=0.283s layer_other=0.066s expert_read_gross=15.396s plan_hint=1.157s plan_sched=0.080s attn_total=6.754s attn_encode=1.506s attn_wait=4.924s attn_drain=0.324s kernel_total=12.410s kernel_host=0.955s kernel_wait=6.065s kernel_drain=5.391s
[attn-split] single: calls=1302 total=1.375s encode=0.471s wait=0.580s drain=0.324s waits=2254 untimed=420 | wide: calls=465 total=5.379s encode=1.035s wait=4.344s drain=0.000s waits=460 untimed=460 | hint: calls=1748 total=1.311s encode=0.006s wait=1.305s drain=0.000s waits=1940 untimed=1940
[kernel-split] single: calls=1449 total=5.046s encode=0.155s wait=0.097s drain=4.794s waits=1551 untimed=1143 | wide: calls=1135 total=7.364s encode=0.800s wait=5.968s drain=0.596s waits=1135 untimed=0
[kernel-sub] materialize=0.383s moe=6.819s precommit=4.788s rest=0.420s
[metal-cache] calls=7936 zero_copy_wraps=462 copies=0 cache_entries=198 bindless=true
 banks
[stats] generated=22 elapsed=72.134s speed=0.3050 token/s (3.279 s/token) chunks=18 committed_rows=58 verify_tx=4 drafts=4/16 layer_passes=1674 expert_rows=5888 expert_tiles=2138
[verify-width] w1=0 w2=2 w3=0 w4=1 w5=0 w6=0 w7=0 w8+=1              (w1 share 0.0% of 4 transactions)
[opens] expert file opens=84742 total=1.194s mean=0.014ms requested_bytes=1513146481856 (1513.1 GB)
[arrival] tiles=798 waves=1158 uncovered_wait=29.195s dispatch=6.638s
[retain] enabled=false cap_gb=8 layers=63..=92 consults=0 wanted=0 hits=0 inserts=0 served=0.0MB
[summer] enabled=false cap_gb=8 sample=16 consults=0 wanted=0 hits=0 hit_rate=0.0% misses=0 inserts=0 evictions=0 recycled=0 allocs=0 pin_skips=0 gated=0 ramp=2..50 bar=0 suppressed=0 wide_skips=0 served=0.0MB copied=0.0MB ssd_avoided=0.0GB live=0/0.0GB model=0 protected=0 declined=0 topup_suppressed=0 aged=0 into=0/0/0 pending=0
[mirror-split] internal=0 K3C=0 K3B=0 K3A=0  shares=0%/0%/0%/0%
[phases] mono=356662.870815 chunks=18 sequence=64.907s read_wait=0.171s bind_upload=1.606s attention_resident=5.637s expert_read_prefetch=17.646s expert_demand_read=10.678s expert_plan=1.309s expert_hint=0.000s expert_submit=0.000s expert_kernel=39.445s source_fence=0.000s tail_head_sync=0.301s layer_other=0.067s expert_read_gross=16.336s plan_hint=1.227s plan_sched=0.082s attn_total=6.827s attn_encode=1.529s attn_wait=4.960s attn_drain=0.338s kernel_total=12.744s kernel_host=0.964s kernel_wait=6.070s kernel_drain=5.711s
[attn-split] single: calls=1395 total=1.448s encode=0.494s wait=0.616s drain=0.338s waits=2415 untimed=449 | wide: calls=465 total=5.379s encode=1.035s wait=4.344s drain=0.000s waits=460 untimed=460 | hint: calls=1840 total=1.381s encode=0.006s wait=1.375s drain=0.000s waits=2031 untimed=2031
[kernel-split] single: calls=1547 total=5.380s encode=0.164s wait=0.102s drain=5.114s waits=1656 untimed=1225 | wide: calls=1135 total=7.364s encode=0.800s wait=5.968s drain=0.596s waits=1135 untimed=0
[kernel-sub] materialize=0.383s moe=6.828s precommit=5.110s rest=0.424s
[metal-cache] calls=8034 zero_copy_wraps=462 copies=0 cache_entries=198 bindless=true
 can
[stats] generated=23 elapsed=73.560s speed=0.3127 token/s (3.198 s/token) chunks=19 committed_rows=59 verify_tx=4 drafts=4/16 layer_passes=1767 expert_rows=5980 expert_tiles=2230
[verify-width] w1=0 w2=2 w3=0 w4=1 w5=0 w6=0 w7=0 w8+=1              (w1 share 0.0% of 4 transactions)
[opens] expert file opens=88593 total=1.244s mean=0.014ms requested_bytes=1546916265152 (1546.9 GB)
[arrival] tiles=799 waves=1165 uncovered_wait=29.205s dispatch=6.647s
[retain] enabled=false cap_gb=8 layers=63..=92 consults=0 wanted=0 hits=0 inserts=0 served=0.0MB
[summer] enabled=false cap_gb=8 sample=16 consults=0 wanted=0 hits=0 hit_rate=0.0% misses=0 inserts=0 evictions=0 recycled=0 allocs=0 pin_skips=0 gated=0 ramp=2..50 bar=0 suppressed=0 wide_skips=0 served=0.0MB copied=0.0MB ssd_avoided=0.0GB live=0/0.0GB model=0 protected=0 declined=0 topup_suppressed=0 aged=0 into=0/0/0 pending=0
[mirror-split] internal=0 K3C=0 K3B=0 K3A=0  shares=0%/0%/0%/0%
[phases] mono=356664.297480 chunks=19 sequence=66.332s read_wait=0.171s bind_upload=1.606s attention_resident=5.712s expert_read_prefetch=18.622s expert_demand_read=11.231s expert_plan=1.386s expert_hint=0.000s expert_submit=0.000s expert_kernel=39.802s source_fence=0.000s tail_head_sync=0.317s layer_other=0.068s expert_read_gross=17.236s plan_hint=1.303s plan_sched=0.083s attn_total=6.902s attn_encode=1.554s attn_wait=4.994s attn_drain=0.354s kernel_total=13.091s kernel_host=0.973s kernel_wait=6.076s kernel_drain=6.042s
[attn-split] single: calls=1488 total=1.523s encode=0.519s wait=0.649s drain=0.354s waits=2576 untimed=480 | wide: calls=465 total=5.379s encode=1.035s wait=4.344s drain=0.000s waits=460 untimed=460 | hint: calls=1932 total=1.457s encode=0.006s wait=1.451s drain=0.000s waits=2122 untimed=2122
[kernel-split] single: calls=1645 total=5.727s encode=0.173s wait=0.108s drain=5.446s waits=1761 untimed=1311 | wide: calls=1135 total=7.364s encode=0.800s wait=5.968s drain=0.596s waits=1135 untimed=0
[kernel-sub] materialize=0.383s moe=6.837s precommit=5.442s rest=0.428s
[metal-cache] calls=8132 zero_copy_wraps=462 copies=0 cache_entries=198 bindless=true
 borrow
[stats] generated=24 elapsed=75.040s speed=0.3198 token/s (3.127 s/token) chunks=20 committed_rows=60 verify_tx=4 drafts=4/16 layer_passes=1860 expert_rows=6072 expert_tiles=2322
[verify-width] w1=0 w2=2 w3=0 w4=1 w5=0 w6=0 w7=0 w8+=1              (w1 share 0.0% of 4 transactions)
[opens] expert file opens=92508 total=1.294s mean=0.014ms requested_bytes=1581256293568 (1581.3 GB)
[arrival] tiles=800 waves=1173 uncovered_wait=29.216s dispatch=6.657s
[retain] enabled=false cap_gb=8 layers=63..=92 consults=0 wanted=0 hits=0 inserts=0 served=0.0MB
[summer] enabled=false cap_gb=8 sample=16 consults=0 wanted=0 hits=0 hit_rate=0.0% misses=0 inserts=0 evictions=0 recycled=0 allocs=0 pin_skips=0 gated=0 ramp=2..50 bar=0 suppressed=0 wide_skips=0 served=0.0MB copied=0.0MB ssd_avoided=0.0GB live=0/0.0GB model=0 protected=0 declined=0 topup_suppressed=0 aged=0 into=0/0/0 pending=0
[mirror-split] internal=0 K3C=0 K3B=0 K3A=0  shares=0%/0%/0%/0%
[phases] mono=356665.777324 chunks=20 sequence=67.811s read_wait=0.171s bind_upload=1.606s attention_resident=5.783s expert_read_prefetch=19.656s expert_demand_read=11.844s expert_plan=1.464s expert_hint=0.000s expert_submit=0.000s expert_kernel=40.160s source_fence=0.000s tail_head_sync=0.331s layer_other=0.070s expert_read_gross=18.192s plan_hint=1.379s plan_sched=0.084s attn_total=6.973s attn_encode=1.579s attn_wait=5.024s attn_drain=0.369s kernel_total=13.438s kernel_host=0.982s kernel_wait=6.082s kernel_drain=6.374s
[attn-split] single: calls=1581 total=1.594s encode=0.544s wait=0.680s drain=0.369s waits=2737 untimed=515 | wide: calls=465 total=5.379s encode=1.035s wait=4.344s drain=0.000s waits=460 untimed=460 | hint: calls=2024 total=1.533s encode=0.006s wait=1.527s drain=0.000s waits=2213 untimed=2213
[kernel-split] single: calls=1744 total=6.074s encode=0.182s wait=0.114s drain=5.778s waits=1868 untimed=1397 | wide: calls=1135 total=7.364s encode=0.800s wait=5.968s drain=0.596s waits=1135 untimed=0
[kernel-sub] materialize=0.383s moe=6.847s precommit=5.776s rest=0.432s
[metal-cache] calls=8231 zero_copy_wraps=462 copies=0 cache_entries=198 bindless=true
 from
[stats] generated=25 elapsed=76.546s speed=0.3266 token/s (3.062 s/token) chunks=21 committed_rows=61 verify_tx=4 drafts=4/16 layer_passes=1953 expert_rows=6164 expert_tiles=2414
[verify-width] w1=0 w2=2 w3=0 w4=1 w5=0 w6=0 w7=0 w8+=1              (w1 share 0.0% of 4 transactions)
[opens] expert file opens=96339 total=1.348s mean=0.014ms requested_bytes=1614841806016 (1614.8 GB)
[arrival] tiles=801 waves=1181 uncovered_wait=29.225s dispatch=6.667s
[retain] enabled=false cap_gb=8 layers=63..=92 consults=0 wanted=0 hits=0 inserts=0 served=0.0MB
[summer] enabled=false cap_gb=8 sample=16 consults=0 wanted=0 hits=0 hit_rate=0.0% misses=0 inserts=0 evictions=0 recycled=0 allocs=0 pin_skips=0 gated=0 ramp=2..50 bar=0 suppressed=0 wide_skips=0 served=0.0MB copied=0.0MB ssd_avoided=0.0GB live=0/0.0GB model=0 protected=0 declined=0 topup_suppressed=0 aged=0 into=0/0/0 pending=0
[mirror-split] internal=0 K3C=0 K3B=0 K3A=0  shares=0%/0%/0%/0%
[phases] mono=356667.282983 chunks=21 sequence=69.316s read_wait=0.171s bind_upload=1.606s attention_resident=5.882s expert_read_prefetch=20.694s expert_demand_read=12.481s expert_plan=1.540s expert_hint=0.000s expert_submit=0.000s expert_kernel=40.508s source_fence=0.000s tail_head_sync=0.348s layer_other=0.072s expert_read_gross=19.154s plan_hint=1.455s plan_sched=0.085s attn_total=7.072s attn_encode=1.626s attn_wait=5.053s attn_drain=0.393s kernel_total=13.777s kernel_host=0.992s kernel_wait=6.088s kernel_drain=6.697s
[attn-split] single: calls=1674 total=1.692s encode=0.590s wait=0.709s drain=0.393s waits=2898 untimed=538 | wide: calls=465 total=5.379s encode=1.035s wait=4.344s drain=0.000s waits=460 untimed=460 | hint: calls=2116 total=1.608s encode=0.007s wait=1.602s drain=0.000s waits=2304 untimed=2304
[kernel-split] single: calls=1843 total=6.413s encode=0.192s wait=0.120s drain=6.101s waits=1975 untimed=1478 | wide: calls=1135 total=7.364s encode=0.800s wait=5.968s drain=0.596s waits=1135 untimed=0
[kernel-sub] materialize=0.383s moe=6.856s precommit=6.100s rest=0.437s
[metal-cache] calls=8330 zero_copy_wraps=462 copies=0 cache_entries=198 bindless=true
 or
[stats] generated=26 elapsed=78.064s speed=0.3331 token/s (3.002 s/token) chunks=22 committed_rows=62 verify_tx=4 drafts=4/16 layer_passes=2046 expert_rows=6256 expert_tiles=2506
[verify-width] w1=0 w2=2 w3=0 w4=1 w5=0 w6=0 w7=0 w8+=1              (w1 share 0.0% of 4 transactions)
[opens] expert file opens=100210 total=1.396s mean=0.014ms requested_bytes=1648795827392 (1648.8 GB)
[arrival] tiles=802 waves=1189 uncovered_wait=29.237s dispatch=6.678s
[retain] enabled=false cap_gb=8 layers=63..=92 consults=0 wanted=0 hits=0 inserts=0 served=0.0MB
[summer] enabled=false cap_gb=8 sample=16 consults=0 wanted=0 hits=0 hit_rate=0.0% misses=0 inserts=0 evictions=0 recycled=0 allocs=0 pin_skips=0 gated=0 ramp=2..50 bar=0 suppressed=0 wide_skips=0 served=0.0MB copied=0.0MB ssd_avoided=0.0GB live=0/0.0GB model=0 protected=0 declined=0 topup_suppressed=0 aged=0 into=0/0/0 pending=0
[mirror-split] internal=0 K3C=0 K3B=0 K3A=0  shares=0%/0%/0%/0%
[phases] mono=356668.800933 chunks=22 sequence=70.832s read_wait=0.171s bind_upload=1.606s attention_resident=5.953s expert_read_prefetch=21.772s expert_demand_read=13.141s expert_plan=1.616s expert_hint=0.000s expert_submit=0.000s expert_kernel=40.862s source_fence=0.000s tail_head_sync=0.361s layer_other=0.073s expert_read_gross=20.156s plan_hint=1.530s plan_sched=0.086s attn_total=7.142s attn_encode=1.647s attn_wait=5.086s attn_drain=0.410s kernel_total=14.118s kernel_host=1.002s kernel_wait=6.094s kernel_drain=7.021s
[attn-split] single: calls=1767 total=1.763s encode=0.611s wait=0.742s drain=0.410s waits=3059 untimed=565 | wide: calls=465 total=5.379s encode=1.035s wait=4.344s drain=0.000s waits=460 untimed=460 | hint: calls=2208 total=1.684s encode=0.007s wait=1.677s drain=0.000s waits=2395 untimed=2395
[kernel-split] single: calls=1942 total=6.754s encode=0.202s wait=0.126s drain=6.425s waits=2082 untimed=1560 | wide: calls=1135 total=7.364s encode=0.800s wait=5.968s drain=0.596s waits=1135 untimed=0
[kernel-sub] materialize=0.383s moe=6.868s precommit=6.426s rest=0.441s
[metal-cache] calls=8429 zero_copy_wraps=462 copies=0 cache_entries=198 bindless=true
 deposit
[stats] generated=27 elapsed=79.532s speed=0.3395 token/s (2.946 s/token) chunks=23 committed_rows=63 verify_tx=4 drafts=4/16 layer_passes=2139 expert_rows=6348 expert_tiles=2598
[verify-width] w1=0 w2=2 w3=0 w4=1 w5=0 w6=0 w7=0 w8+=1              (w1 share 0.0% of 4 transactions)
[opens] expert file opens=104061 total=1.446s mean=0.014ms requested_bytes=1682600672448 (1682.6 GB)
[arrival] tiles=803 waves=1197 uncovered_wait=29.251s dispatch=6.689s
[retain] enabled=false cap_gb=8 layers=63..=92 consults=0 wanted=0 hits=0 inserts=0 served=0.0MB
[summer] enabled=false cap_gb=8 sample=16 consults=0 wanted=0 hits=0 hit_rate=0.0% misses=0 inserts=0 evictions=0 recycled=0 allocs=0 pin_skips=0 gated=0 ramp=2..50 bar=0 suppressed=0 wide_skips=0 served=0.0MB copied=0.0MB ssd_avoided=0.0GB live=0/0.0GB model=0 protected=0 declined=0 topup_suppressed=0 aged=0 into=0/0/0 pending=0
[mirror-split] internal=0 K3C=0 K3B=0 K3A=0  shares=0%/0%/0%/0%
[phases] mono=356670.269422 chunks=23 sequence=72.299s read_wait=0.171s bind_upload=1.606s attention_resident=6.030s expert_read_prefetch=22.771s expert_demand_read=13.714s expert_plan=1.706s expert_hint=0.000s expert_submit=0.000s expert_kernel=41.239s source_fence=0.000s tail_head_sync=0.373s layer_other=0.074s expert_read_gross=21.065s plan_hint=1.618s plan_sched=0.087s attn_total=7.219s attn_encode=1.673s attn_wait=5.112s attn_drain=0.434s kernel_total=14.482s kernel_host=1.012s kernel_wait=6.099s kernel_drain=7.370s
[attn-split] single: calls=1860 total=1.840s encode=0.637s wait=0.768s drain=0.434s waits=3220 untimed=593 | wide: calls=465 total=5.379s encode=1.035s wait=4.344s drain=0.000s waits=460 untimed=460 | hint: calls=2300 total=1.772s encode=0.007s wait=1.765s drain=0.000s waits=2486 untimed=2486
[kernel-split] single: calls=2041 total=7.117s encode=0.212s wait=0.131s drain=6.774s waits=2189 untimed=1645 | wide: calls=1135 total=7.364s encode=0.800s wait=5.968s drain=0.596s waits=1135 untimed=0
[kernel-sub] materialize=0.383s moe=6.878s precommit=6.775s rest=0.445s
[metal-cache] calls=8528 zero_copy_wraps=462 copies=0 cache_entries=198 bindless=true
[route-chain] chained=1380
[route-chain] dedup_hits=1380
 money
[stats] generated=28 elapsed=81.019s speed=0.3456 token/s (2.894 s/token) chunks=24 committed_rows=64 verify_tx=4 drafts=4/16 layer_passes=2232 expert_rows=6440 expert_tiles=2690
[verify-width] w1=0 w2=2 w3=0 w4=1 w5=0 w6=0 w7=0 w8+=1              (w1 share 0.0% of 4 transactions)
[opens] expert file opens=107931 total=1.498s mean=0.014ms requested_bytes=1716537130176 (1716.5 GB)
[arrival] tiles=804 waves=1205 uncovered_wait=29.260s dispatch=6.698s
[retain] enabled=false cap_gb=8 layers=63..=92 consults=0 wanted=0 hits=0 inserts=0 served=0.0MB
[summer] enabled=false cap_gb=8 sample=16 consults=0 wanted=0 hits=0 hit_rate=0.0% misses=0 inserts=0 evictions=0 recycled=0 allocs=0 pin_skips=0 gated=0 ramp=2..50 bar=0 suppressed=0 wide_skips=0 served=0.0MB copied=0.0MB ssd_avoided=0.0GB live=0/0.0GB model=0 protected=0 declined=0 topup_suppressed=0 aged=0 into=0/0/0 pending=0
[mirror-split] internal=0 K3C=0 K3B=0 K3A=0  shares=0%/0%/0%/0%
[phases] mono=356671.756582 chunks=24 sequence=73.785s read_wait=0.171s bind_upload=1.606s attention_resident=6.108s expert_read_prefetch=23.757s expert_demand_read=14.313s expert_plan=1.782s expert_hint=0.000s expert_submit=0.000s expert_kernel=41.645s source_fence=0.000s tail_head_sync=0.386s layer_other=0.076s expert_read_gross=21.975s plan_hint=1.694s plan_sched=0.088s attn_total=7.297s attn_encode=1.700s attn_wait=5.142s attn_drain=0.455s kernel_total=14.878s kernel_host=1.022s kernel_wait=6.104s kernel_drain=7.751s
[attn-split] single: calls=1953 total=1.918s encode=0.665s wait=0.798s drain=0.455s waits=3381 untimed=618 | wide: calls=465 total=5.379s encode=1.035s wait=4.344s drain=0.000s waits=460 untimed=460 | hint: calls=2392 total=1.847s encode=0.007s wait=1.840s drain=0.000s waits=2577 untimed=2577
[kernel-split] single: calls=2140 total=7.514s encode=0.222s wait=0.136s drain=7.155s waits=2296 untimed=1730 | wide: calls=1135 total=7.364s encode=0.800s wait=5.968s drain=0.596s waits=1135 untimed=0
[kernel-sub] materialize=0.383s moe=6.887s precommit=7.157s rest=0.450s
[metal-cache] calls=8627 zero_copy_wraps=462 copies=0 cache_entries=198 bindless=true
 with
[stats] generated=29 elapsed=82.505s speed=0.3515 token/s (2.845 s/token) chunks=25 committed_rows=65 verify_tx=4 drafts=4/16 layer_passes=2325 expert_rows=6532 expert_tiles=2782
[verify-width] w1=0 w2=2 w3=0 w4=1 w5=0 w6=0 w7=0 w8+=1              (w1 share 0.0% of 4 transactions)
[opens] expert file opens=111890 total=1.548s mean=0.014ms requested_bytes=1751219387584 (1751.2 GB)
[arrival] tiles=805 waves=1212 uncovered_wait=29.275s dispatch=6.707s
[retain] enabled=false cap_gb=8 layers=63..=92 consults=0 wanted=0 hits=0 inserts=0 served=0.0MB
[summer] enabled=false cap_gb=8 sample=16 consults=0 wanted=0 hits=0 hit_rate=0.0% misses=0 inserts=0 evictions=0 recycled=0 allocs=0 pin_skips=0 gated=0 ramp=2..50 bar=0 suppressed=0 wide_skips=0 served=0.0MB copied=0.0MB ssd_avoided=0.0GB live=0/0.0GB model=0 protected=0 declined=0 topup_suppressed=0 aged=0 into=0/0/0 pending=0
[mirror-split] internal=0 K3C=0 K3B=0 K3A=0  shares=0%/0%/0%/0%
[phases] mono=356673.242194 chunks=25 sequence=75.268s read_wait=0.171s bind_upload=1.606s attention_resident=6.198s expert_read_prefetch=24.768s expert_demand_read=14.889s expert_plan=1.860s expert_hint=0.000s expert_submit=0.000s expert_kernel=42.012s source_fence=0.000s tail_head_sync=0.400s layer_other=0.078s expert_read_gross=22.908s plan_hint=1.770s plan_sched=0.089s attn_total=7.387s attn_encode=1.740s attn_wait=5.173s attn_drain=0.473s kernel_total=15.230s kernel_host=1.032s kernel_wait=6.109s kernel_drain=8.088s
[attn-split] single: calls=2046 total=2.008s encode=0.705s wait=0.829s drain=0.473s waits=3542 untimed=647 | wide: calls=465 total=5.379s encode=1.035s wait=4.344s drain=0.000s waits=460 untimed=460 | hint: calls=2484 total=1.923s encode=0.007s wait=1.916s drain=0.000s waits=2668 untimed=2668
[kernel-split] single: calls=2238 total=7.866s encode=0.232s wait=0.142s drain=7.492s waits=2401 untimed=1814 | wide: calls=1135 total=7.364s encode=0.800s wait=5.968s drain=0.596s waits=1135 untimed=0
[kernel-sub] materialize=0.383s moe=6.896s precommit=7.496s rest=0.455s
[metal-cache] calls=8725 zero_copy_wraps=462 copies=0 cache_entries=198 bindless=true
 the
[stats] generated=30 elapsed=83.980s speed=0.3572 token/s (2.799 s/token) chunks=26 committed_rows=66 verify_tx=4 drafts=4/16 layer_passes=2418 expert_rows=6624 expert_tiles=2874
[verify-width] w1=0 w2=2 w3=0 w4=1 w5=0 w6=0 w7=0 w8+=1              (w1 share 0.0% of 4 transactions)
[opens] expert file opens=115815 total=1.598s mean=0.014ms requested_bytes=1785647185088 (1785.6 GB)
[arrival] tiles=806 waves=1218 uncovered_wait=29.284s dispatch=6.714s
[retain] enabled=false cap_gb=8 layers=63..=92 consults=0 wanted=0 hits=0 inserts=0 served=0.0MB
[summer] enabled=false cap_gb=8 sample=16 consults=0 wanted=0 hits=0 hit_rate=0.0% misses=0 inserts=0 evictions=0 recycled=0 allocs=0 pin_skips=0 gated=0 ramp=2..50 bar=0 suppressed=0 wide_skips=0 served=0.0MB copied=0.0MB ssd_avoided=0.0GB live=0/0.0GB model=0 protected=0 declined=0 topup_suppressed=0 aged=0 into=0/0/0 pending=0
[mirror-split] internal=0 K3C=0 K3B=0 K3A=0  shares=0%/0%/0%/0%
[phases] mono=356674.716746 chunks=26 sequence=76.741s read_wait=0.171s bind_upload=1.606s attention_resident=6.268s expert_read_prefetch=25.823s expert_demand_read=15.511s expert_plan=1.937s expert_hint=0.000s expert_submit=0.000s expert_kernel=42.342s source_fence=0.000s tail_head_sync=0.417s layer_other=0.079s expert_read_gross=23.886s plan_hint=1.846s plan_sched=0.090s attn_total=7.456s attn_encode=1.764s attn_wait=5.203s attn_drain=0.490s kernel_total=15.550s kernel_host=1.041s kernel_wait=6.113s kernel_drain=8.395s
[attn-split] single: calls=2139 total=2.077s encode=0.729s wait=0.859s drain=0.490s waits=3703 untimed=682 | wide: calls=465 total=5.379s encode=1.035s wait=4.344s drain=0.000s waits=460 untimed=460 | hint: calls=2576 total=2.000s encode=0.008s wait=1.992s drain=0.000s waits=2759 untimed=2759
[kernel-split] single: calls=2335 total=8.186s encode=0.241s wait=0.146s drain=7.799s waits=2504 untimed=1894 | wide: calls=1135 total=7.364s encode=0.800s wait=5.968s drain=0.596s waits=1135 untimed=0
[kernel-sub] materialize=0.383s moe=6.903s precommit=7.805s rest=0.459s
[metal-cache] calls=8822 zero_copy_wraps=462 copies=0 cache_entries=198 bindless=true
 central
[stats] generated=31 elapsed=85.483s speed=0.3626 token/s (2.758 s/token) chunks=27 committed_rows=67 verify_tx=4 drafts=4/16 layer_passes=2511 expert_rows=6716 expert_tiles=2966
[verify-width] w1=0 w2=2 w3=0 w4=1 w5=0 w6=0 w7=0 w8+=1              (w1 share 0.0% of 4 transactions)
[opens] expert file opens=119887 total=1.657s mean=0.014ms requested_bytes=1821347183808 (1821.3 GB)
[arrival] tiles=807 waves=1224 uncovered_wait=29.294s dispatch=6.723s
[retain] enabled=false cap_gb=8 layers=63..=92 consults=0 wanted=0 hits=0 inserts=0 served=0.0MB
[summer] enabled=false cap_gb=8 sample=16 consults=0 wanted=0 hits=0 hit_rate=0.0% misses=0 inserts=0 evictions=0 recycled=0 allocs=0 pin_skips=0 gated=0 ramp=2..50 bar=0 suppressed=0 wide_skips=0 served=0.0MB copied=0.0MB ssd_avoided=0.0GB live=0/0.0GB model=0 protected=0 declined=0 topup_suppressed=0 aged=0 into=0/0/0 pending=0
[mirror-split] internal=0 K3C=0 K3B=0 K3A=0  shares=0%/0%/0%/0%
[phases] mono=356676.219884 chunks=27 sequence=78.243s read_wait=0.171s bind_upload=1.606s attention_resident=6.346s expert_read_prefetch=26.882s expert_demand_read=16.104s expert_plan=2.018s expert_hint=0.000s expert_submit=0.000s expert_kernel=42.688s source_fence=0.000s tail_head_sync=0.434s layer_other=0.080s expert_read_gross=24.864s plan_hint=1.926s plan_sched=0.091s attn_total=7.535s attn_encode=1.794s attn_wait=5.234s attn_drain=0.507s kernel_total=15.886s kernel_host=1.051s kernel_wait=6.119s kernel_drain=8.716s
[attn-split] single: calls=2232 total=2.156s encode=0.758s wait=0.890s drain=0.507s waits=3864 untimed=707 | wide: calls=465 total=5.379s encode=1.035s wait=4.344s drain=0.000s waits=460 untimed=460 | hint: calls=2668 total=2.079s encode=0.008s wait=2.072s drain=0.000s waits=2850 untimed=2850
[kernel-split] single: calls=2432 total=8.522s encode=0.251s wait=0.151s drain=8.120s waits=2607 untimed=1974 | wide: calls=1135 total=7.364s encode=0.800s wait=5.968s drain=0.596s waits=1135 untimed=0
[kernel-sub] materialize=0.383s moe=6.912s precommit=8.128s rest=0.463s
[metal-cache] calls=8919 zero_copy_wraps=462 copies=0 cache_entries=198 bindless=true
 bank
[stats] generated=32 elapsed=86.943s speed=0.3681 token/s (2.717 s/token) chunks=28 committed_rows=68 verify_tx=4 drafts=4/16 layer_passes=2604 expert_rows=6808 expert_tiles=3058
[verify-width] w1=0 w2=2 w3=0 w4=1 w5=0 w6=0 w7=0 w8+=1              (w1 share 0.0% of 4 transactions)
[opens] expert file opens=123835 total=1.710s mean=0.014ms requested_bytes=1855994281152 (1856.0 GB)
[arrival] tiles=808 waves=1230 uncovered_wait=29.306s dispatch=6.732s
[retain] enabled=false cap_gb=8 layers=63..=92 consults=0 wanted=0 hits=0 inserts=0 served=0.0MB
[summer] enabled=false cap_gb=8 sample=16 consults=0 wanted=0 hits=0 hit_rate=0.0% misses=0 inserts=0 evictions=0 recycled=0 allocs=0 pin_skips=0 gated=0 ramp=2..50 bar=0 suppressed=0 wide_skips=0 served=0.0MB copied=0.0MB ssd_avoided=0.0GB live=0/0.0GB model=0 protected=0 declined=0 topup_suppressed=0 aged=0 into=0/0/0 pending=0
[mirror-split] internal=0 K3C=0 K3B=0 K3A=0  shares=0%/0%/0%/0%
[phases] mono=356677.680708 chunks=28 sequence=79.703s read_wait=0.171s bind_upload=1.606s attention_resident=6.431s expert_read_prefetch=27.855s expert_demand_read=16.692s expert_plan=2.105s expert_hint=0.000s expert_submit=0.000s expert_kernel=43.075s source_fence=0.000s tail_head_sync=0.447s layer_other=0.082s expert_read_gross=25.750s plan_hint=2.012s plan_sched=0.092s attn_total=7.619s attn_encode=1.825s attn_wait=5.263s attn_drain=0.531s kernel_total=16.261s kernel_host=1.061s kernel_wait=6.125s kernel_drain=9.076s
[attn-split] single: calls=2325 total=2.240s encode=0.790s wait=0.919s drain=0.531s waits=4025 untimed=733 | wide: calls=465 total=5.379s encode=1.035s wait=4.344s drain=0.000s waits=460 untimed=460 | hint: calls=2760 total=2.166s encode=0.008s wait=2.158s drain=0.000s waits=2941 untimed=2941
[kernel-split] single: calls=2529 total=8.897s encode=0.261s wait=0.157s drain=8.479s waits=2710 untimed=2055 | wide: calls=1135 total=7.364s encode=0.800s wait=5.968s drain=0.596s waits=1135 untimed=0
[kernel-sub] materialize=0.383s moe=6.921s precommit=8.489s rest=0.468s
[metal-cache] calls=9016 zero_copy_wraps=462 copies=0 cache_entries=198 bindless=true
.
[stats] generated=33 elapsed=88.485s speed=0.3729 token/s (2.681 s/token) chunks=29 committed_rows=69 verify_tx=4 drafts=4/16 layer_passes=2697 expert_rows=6900 expert_tiles=3150
[verify-width] w1=0 w2=2 w3=0 w4=1 w5=0 w6=0 w7=0 w8+=1              (w1 share 0.0% of 4 transactions)
[opens] expert file opens=127974 total=1.765s mean=0.014ms requested_bytes=1892290870464 (1892.3 GB)
[arrival] tiles=809 waves=1236 uncovered_wait=29.316s dispatch=6.740s
[retain] enabled=false cap_gb=8 layers=63..=92 consults=0 wanted=0 hits=0 inserts=0 served=0.0MB
[summer] enabled=false cap_gb=8 sample=16 consults=0 wanted=0 hits=0 hit_rate=0.0% misses=0 inserts=0 evictions=0 recycled=0 allocs=0 pin_skips=0 gated=0 ramp=2..50 bar=0 suppressed=0 wide_skips=0 served=0.0MB copied=0.0MB ssd_avoided=0.0GB live=0/0.0GB model=0 protected=0 declined=0 topup_suppressed=0 aged=0 into=0/0/0 pending=0
[mirror-split] internal=0 K3C=0 K3B=0 K3A=0  shares=0%/0%/0%/0%
[phases] mono=356679.222150 chunks=29 sequence=81.243s read_wait=0.171s bind_upload=1.606s attention_resident=6.526s expert_read_prefetch=28.917s expert_demand_read=17.339s expert_plan=2.178s expert_hint=0.000s expert_submit=0.000s expert_kernel=43.440s source_fence=0.000s tail_head_sync=0.464s layer_other=0.084s expert_read_gross=26.739s plan_hint=2.084s plan_sched=0.093s attn_total=7.714s attn_encode=1.871s attn_wait=5.288s attn_drain=0.555s kernel_total=16.615s kernel_host=1.070s kernel_wait=6.129s kernel_drain=9.415s
[attn-split] single: calls=2418 total=2.335s encode=0.835s wait=0.944s drain=0.555s waits=4186 untimed=752 | wide: calls=465 total=5.379s encode=1.035s wait=4.344s drain=0.000s waits=460 untimed=460 | hint: calls=2852 total=2.237s encode=0.008s wait=2.229s drain=0.000s waits=3032 untimed=3032
[kernel-split] single: calls=2626 total=9.251s encode=0.270s wait=0.162s drain=8.819s waits=2813 untimed=2136 | wide: calls=1135 total=7.364s encode=0.800s wait=5.968s drain=0.596s waits=1135 untimed=0
[kernel-sub] materialize=0.383s moe=6.929s precommit=8.830s rest=0.473s
[metal-cache] calls=9113 zero_copy_wraps=462 copies=0 cache_entries=198 bindless=true
 In
[stats] generated=34 elapsed=90.019s speed=0.3777 token/s (2.648 s/token) chunks=30 committed_rows=70 verify_tx=4 drafts=4/16 layer_passes=2790 expert_rows=6992 expert_tiles=3242
[verify-width] w1=0 w2=2 w3=0 w4=1 w5=0 w6=0 w7=0 w8+=1              (w1 share 0.0% of 4 transactions)
[opens] expert file opens=132087 total=1.823s mean=0.014ms requested_bytes=1928376843456 (1928.4 GB)
[arrival] tiles=810 waves=1244 uncovered_wait=29.331s dispatch=6.749s
[retain] enabled=false cap_gb=8 layers=63..=92 consults=0 wanted=0 hits=0 inserts=0 served=0.0MB
[summer] enabled=false cap_gb=8 sample=16 consults=0 wanted=0 hits=0 hit_rate=0.0% misses=0 inserts=0 evictions=0 recycled=0 allocs=0 pin_skips=0 gated=0 ramp=2..50 bar=0 suppressed=0 wide_skips=0 served=0.0MB copied=0.0MB ssd_avoided=0.0GB live=0/0.0GB model=0 protected=0 declined=0 topup_suppressed=0 aged=0 into=0/0/0 pending=0
[mirror-split] internal=0 K3C=0 K3B=0 K3A=0  shares=0%/0%/0%/0%
[phases] mono=356680.756182 chunks=30 sequence=82.776s read_wait=0.171s bind_upload=1.606s attention_resident=6.601s expert_read_prefetch=29.962s expert_demand_read=17.976s expert_plan=2.264s expert_hint=0.000s expert_submit=0.000s expert_kernel=43.833s source_fence=0.000s tail_head_sync=0.481s layer_other=0.085s expert_read_gross=27.698s plan_hint=2.169s plan_sched=0.094s attn_total=7.789s attn_encode=1.896s attn_wait=5.319s attn_drain=0.575s kernel_total=16.994s kernel_host=1.079s kernel_wait=6.134s kernel_drain=9.780s
[attn-split] single: calls=2511 total=2.410s encode=0.861s wait=0.975s drain=0.575s waits=4347 untimed=782 | wide: calls=465 total=5.379s encode=1.035s wait=4.344s drain=0.000s waits=460 untimed=460 | hint: calls=2944 total=2.322s encode=0.009s wait=2.314s drain=0.000s waits=3123 untimed=3123
[kernel-split] single: calls=2725 total=9.629s encode=0.279s wait=0.167s drain=9.184s waits=2920 untimed=2221 | wide: calls=1135 total=7.364s encode=0.800s wait=5.968s drain=0.596s waits=1135 untimed=0
[kernel-sub] materialize=0.383s moe=6.937s precommit=9.196s rest=0.477s
[metal-cache] calls=9212 zero_copy_wraps=462 copies=0 cache_entries=198 bindless=true
 the
[stats] generated=35 elapsed=91.533s speed=0.3824 token/s (2.615 s/token) chunks=31 committed_rows=71 verify_tx=4 drafts=4/16 layer_passes=2883 expert_rows=7084 expert_tiles=3334
[verify-width] w1=0 w2=2 w3=0 w4=1 w5=0 w6=0 w7=0 w8+=1              (w1 share 0.0% of 4 transactions)
[opens] expert file opens=136019 total=1.878s mean=0.014ms requested_bytes=1962883579072 (1962.9 GB)
[arrival] tiles=811 waves=1251 uncovered_wait=29.343s dispatch=6.758s
[retain] enabled=false cap_gb=8 layers=63..=92 consults=0 wanted=0 hits=0 inserts=0 served=0.0MB
[summer] enabled=false cap_gb=8 sample=16 consults=0 wanted=0 hits=0 hit_rate=0.0% misses=0 inserts=0 evictions=0 recycled=0 allocs=0 pin_skips=0 gated=0 ramp=2..50 bar=0 suppressed=0 wide_skips=0 served=0.0MB copied=0.0MB ssd_avoided=0.0GB live=0/0.0GB model=0 protected=0 declined=0 topup_suppressed=0 aged=0 into=0/0/0 pending=0
[mirror-split] internal=0 K3C=0 K3B=0 K3A=0  shares=0%/0%/0%/0%
[phases] mono=356682.270124 chunks=31 sequence=84.288s read_wait=0.171s bind_upload=1.606s attention_resident=6.692s expert_read_prefetch=30.985s expert_demand_read=18.601s expert_plan=2.341s expert_hint=0.000s expert_submit=0.000s expert_kernel=44.214s source_fence=0.000s tail_head_sync=0.498s layer_other=0.087s expert_read_gross=28.644s plan_hint=2.244s plan_sched=0.096s attn_total=7.879s attn_encode=1.928s attn_wait=5.357s attn_drain=0.594s kernel_total=17.362s kernel_host=1.090s kernel_wait=6.140s kernel_drain=10.132s
[attn-split] single: calls=2604 total=2.500s encode=0.893s wait=1.013s drain=0.594s waits=4508 untimed=809 | wide: calls=465 total=5.379s encode=1.035s wait=4.344s drain=0.000s waits=460 untimed=460 | hint: calls=3036 total=2.398s encode=0.009s wait=2.389s drain=0.000s waits=3214 untimed=3214
[kernel-split] single: calls=2823 total=9.998s encode=0.290s wait=0.172s drain=9.535s waits=3025 untimed=2306 | wide: calls=1135 total=7.364s encode=0.800s wait=5.968s drain=0.596s waits=1135 untimed=0
[kernel-sub] materialize=0.383s moe=6.947s precommit=9.550s rest=0.482s
[metal-cache] calls=9310 zero_copy_wraps=462 copies=0 cache_entries=198 bindless=true
 U
[stats] generated=36 elapsed=93.079s speed=0.3868 token/s (2.586 s/token) chunks=32 committed_rows=72 verify_tx=4 drafts=4/16 layer_passes=2976 expert_rows=7176 expert_tiles=3426
[verify-width] w1=0 w2=2 w3=0 w4=1 w5=0 w6=0 w7=0 w8+=1              (w1 share 0.0% of 4 transactions)
[opens] expert file opens=140157 total=1.933s mean=0.014ms requested_bytes=1999188933824 (1999.2 GB)
[arrival] tiles=812 waves=1259 uncovered_wait=29.353s dispatch=6.769s
[retain] enabled=false cap_gb=8 layers=63..=92 consults=0 wanted=0 hits=0 inserts=0 served=0.0MB
[summer] enabled=false cap_gb=8 sample=16 consults=0 wanted=0 hits=0 hit_rate=0.0% misses=0 inserts=0 evictions=0 recycled=0 allocs=0 pin_skips=0 gated=0 ramp=2..50 bar=0 suppressed=0 wide_skips=0 served=0.0MB copied=0.0MB ssd_avoided=0.0GB live=0/0.0GB model=0 protected=0 declined=0 topup_suppressed=0 aged=0 into=0/0/0 pending=0
[mirror-split] internal=0 K3C=0 K3B=0 K3A=0  shares=0%/0%/0%/0%
[phases] mono=356683.816499 chunks=32 sequence=85.833s read_wait=0.171s bind_upload=1.606s attention_resident=6.768s expert_read_prefetch=32.074s expert_demand_read=19.245s expert_plan=2.418s expert_hint=0.000s expert_submit=0.000s expert_kernel=44.578s source_fence=0.000s tail_head_sync=0.512s layer_other=0.089s expert_read_gross=29.656s plan_hint=2.321s plan_sched=0.097s attn_total=7.955s attn_encode=1.953s attn_wait=5.384s attn_drain=0.619s kernel_total=17.717s kernel_host=1.100s kernel_wait=6.146s kernel_drain=10.471s
[attn-split] single: calls=2697 total=2.576s encode=0.918s wait=1.039s drain=0.619s waits=4669 untimed=835 | wide: calls=465 total=5.379s encode=1.035s wait=4.344s drain=0.000s waits=460 untimed=460 | hint: calls=3128 total=2.474s encode=0.009s wait=2.465s drain=0.000s waits=3305 untimed=3305
[kernel-split] single: calls=2922 total=10.353s encode=0.300s wait=0.178s drain=9.874s waits=3132 untimed=2387 | wide: calls=1135 total=7.364s encode=0.800s wait=5.968s drain=0.596s waits=1135 untimed=0
[kernel-sub] materialize=0.383s moe=6.957s precommit=9.891s rest=0.486s
[metal-cache] calls=9409 zero_copy_wraps=462 copies=0 cache_entries=198 bindless=true
.S
[stats] generated=37 elapsed=94.541s speed=0.3914 token/s (2.555 s/token) chunks=33 committed_rows=73 verify_tx=4 drafts=4/16 layer_passes=3069 expert_rows=7268 expert_tiles=3518
[verify-width] w1=0 w2=2 w3=0 w4=1 w5=0 w6=0 w7=0 w8+=1              (w1 share 0.0% of 4 transactions)
[opens] expert file opens=144040 total=1.984s mean=0.014ms requested_bytes=2033274535104 (2033.3 GB)
[arrival] tiles=813 waves=1265 uncovered_wait=29.362s dispatch=6.779s
[retain] enabled=false cap_gb=8 layers=63..=92 consults=0 wanted=0 hits=0 inserts=0 served=0.0MB
[summer] enabled=false cap_gb=8 sample=16 consults=0 wanted=0 hits=0 hit_rate=0.0% misses=0 inserts=0 evictions=0 recycled=0 allocs=0 pin_skips=0 gated=0 ramp=2..50 bar=0 suppressed=0 wide_skips=0 served=0.0MB copied=0.0MB ssd_avoided=0.0GB live=0/0.0GB model=0 protected=0 declined=0 topup_suppressed=0 aged=0 into=0/0/0 pending=0
[mirror-split] internal=0 K3C=0 K3B=0 K3A=0  shares=0%/0%/0%/0%
[phases] mono=356685.278092 chunks=33 sequence=87.293s read_wait=0.171s bind_upload=1.606s attention_resident=6.854s expert_read_prefetch=33.038s expert_demand_read=19.818s expert_plan=2.494s expert_hint=0.000s expert_submit=0.000s expert_kernel=44.970s source_fence=0.000s tail_head_sync=0.528s layer_other=0.090s expert_read_gross=30.544s plan_hint=2.395s plan_sched=0.098s attn_total=8.042s attn_encode=1.988s attn_wait=5.411s attn_drain=0.643s kernel_total=18.099s kernel_host=1.109s kernel_wait=6.152s kernel_drain=10.838s
[attn-split] single: calls=2790 total=2.662s encode=0.953s wait=1.067s drain=0.643s waits=4830 untimed=863 | wide: calls=465 total=5.379s encode=1.035s wait=4.344s drain=0.000s waits=460 untimed=460 | hint: calls=3220 total=2.549s encode=0.009s wait=2.539s drain=0.000s waits=3396 untimed=3396
[kernel-split] single: calls=3019 total=10.735s encode=0.309s wait=0.184s drain=10.242s waits=3235 untimed=2473 | wide: calls=1135 total=7.364s encode=0.800s wait=5.968s drain=0.596s waits=1135 untimed=0
[kernel-sub] materialize=0.383s moe=6.967s precommit=10.259s rest=0.490s
[metal-cache] calls=9506 zero_copy_wraps=462 copies=0 cache_entries=198 bindless=true
.,
[stats] generated=38 elapsed=96.040s speed=0.3957 token/s (2.527 s/token) chunks=34 committed_rows=74 verify_tx=4 drafts=4/16 layer_passes=3162 expert_rows=7360 expert_tiles=3610
[verify-width] w1=0 w2=2 w3=0 w4=1 w5=0 w6=0 w7=0 w8+=1              (w1 share 0.0% of 4 transactions)
[opens] expert file opens=147986 total=2.036s mean=0.014ms requested_bytes=2067886587072 (2067.9 GB)
[arrival] tiles=814 waves=1272 uncovered_wait=29.378s dispatch=6.788s
[retain] enabled=false cap_gb=8 layers=63..=92 consults=0 wanted=0 hits=0 inserts=0 served=0.0MB
[summer] enabled=false cap_gb=8 sample=16 consults=0 wanted=0 hits=0 hit_rate=0.0% misses=0 inserts=0 evictions=0 recycled=0 allocs=0 pin_skips=0 gated=0 ramp=2..50 bar=0 suppressed=0 wide_skips=0 served=0.0MB copied=0.0MB ssd_avoided=0.0GB live=0/0.0GB model=0 protected=0 declined=0 topup_suppressed=0 aged=0 into=0/0/0 pending=0
[mirror-split] internal=0 K3C=0 K3B=0 K3A=0  shares=0%/0%/0%/0%
[phases] mono=356686.777013 chunks=34 sequence=88.792s read_wait=0.171s bind_upload=1.606s attention_resident=6.930s expert_read_prefetch=34.037s expert_demand_read=20.396s expert_plan=2.570s expert_hint=0.000s expert_submit=0.000s expert_kernel=45.378s source_fence=0.000s tail_head_sync=0.542s layer_other=0.092s expert_read_gross=31.467s plan_hint=2.470s plan_sched=0.099s attn_total=8.117s attn_encode=2.011s attn_wait=5.437s attn_drain=0.668s kernel_total=18.490s kernel_host=1.119s kernel_wait=6.158s kernel_drain=11.214s
[attn-split] single: calls=2883 total=2.738s encode=0.976s wait=1.093s drain=0.668s waits=4991 untimed=884 | wide: calls=465 total=5.379s encode=1.035s wait=4.344s drain=0.000s waits=460 untimed=460 | hint: calls=3312 total=2.624s encode=0.009s wait=2.614s drain=0.000s waits=3487 untimed=3487
[kernel-split] single: calls=3117 total=11.126s encode=0.319s wait=0.190s drain=10.617s waits=3340 untimed=2559 | wide: calls=1135 total=7.364s encode=0.800s wait=5.968s drain=0.596s waits=1135 untimed=0
[kernel-sub] materialize=0.383s moe=6.975s precommit=10.636s rest=0.495s
[metal-cache] calls=9604 zero_copy_wraps=462 copies=0 cache_entries=198 bindless=true
[route-chain] chained=2070
[route-chain] dedup_hits=2070
 this
[stats] generated=39 elapsed=97.549s speed=0.3998 token/s (2.501 s/token) chunks=35 committed_rows=75 verify_tx=4 drafts=4/16 layer_passes=3255 expert_rows=7452 expert_tiles=3702
[verify-width] w1=0 w2=2 w3=0 w4=1 w5=0 w6=0 w7=0 w8+=1              (w1 share 0.0% of 4 transactions)
[opens] expert file opens=152088 total=2.088s mean=0.014ms requested_bytes=2103832280256 (2103.8 GB)
[arrival] tiles=815 waves=1279 uncovered_wait=29.389s dispatch=6.796s
[retain] enabled=false cap_gb=8 layers=63..=92 consults=0 wanted=0 hits=0 inserts=0 served=0.0MB
[summer] enabled=false cap_gb=8 sample=16 consults=0 wanted=0 hits=0 hit_rate=0.0% misses=0 inserts=0 evictions=0 recycled=0 allocs=0 pin_skips=0 gated=0 ramp=2..50 bar=0 suppressed=0 wide_skips=0 served=0.0MB copied=0.0MB ssd_avoided=0.0GB live=0/0.0GB model=0 protected=0 declined=0 topup_suppressed=0 aged=0 into=0/0/0 pending=0
[mirror-split] internal=0 K3C=0 K3B=0 K3A=0  shares=0%/0%/0%/0%
[phases] mono=356688.285761 chunks=35 sequence=90.299s read_wait=0.171s bind_upload=1.606s attention_resident=6.998s expert_read_prefetch=35.113s expert_demand_read=21.035s expert_plan=2.650s expert_hint=0.000s expert_submit=0.000s expert_kernel=45.725s source_fence=0.000s tail_head_sync=0.555s layer_other=0.094s expert_read_gross=32.463s plan_hint=2.549s plan_sched=0.100s attn_total=8.185s attn_encode=2.033s attn_wait=5.464s attn_drain=0.688s kernel_total=18.827s kernel_host=1.128s kernel_wait=6.162s kernel_drain=11.537s
[attn-split] single: calls=2976 total=2.806s encode=0.998s wait=1.120s drain=0.688s waits=5152 untimed=915 | wide: calls=465 total=5.379s encode=1.035s wait=4.344s drain=0.000s waits=460 untimed=460 | hint: calls=3404 total=2.702s encode=0.010s wait=2.693s drain=0.000s waits=3578 untimed=3578
[kernel-split] single: calls=3215 total=11.463s encode=0.328s wait=0.194s drain=10.941s waits=3445 untimed=2644 | wide: calls=1135 total=7.364s encode=0.800s wait=5.968s drain=0.596s waits=1135 untimed=0
[kernel-sub] materialize=0.383s moe=6.983s precommit=10.961s rest=0.499s
[metal-cache] calls=9702 zero_copy_wraps=462 copies=0 cache_entries=198 bindless=true
 is
[stats] generated=40 elapsed=99.065s speed=0.4038 token/s (2.477 s/token) chunks=36 committed_rows=76 verify_tx=4 drafts=4/16 layer_passes=3348 expert_rows=7544 expert_tiles=3794
[verify-width] w1=0 w2=2 w3=0 w4=1 w5=0 w6=0 w7=0 w8+=1              (w1 share 0.0% of 4 transactions)
[opens] expert file opens=156092 total=2.142s mean=0.014ms requested_bytes=2138926890176 (2138.9 GB)
[arrival] tiles=816 waves=1285 uncovered_wait=29.399s dispatch=6.809s
[retain] enabled=false cap_gb=8 layers=63..=92 consults=0 wanted=0 hits=0 inserts=0 served=0.0MB
[summer] enabled=false cap_gb=8 sample=16 consults=0 wanted=0 hits=0 hit_rate=0.0% misses=0 inserts=0 evictions=0 recycled=0 allocs=0 pin_skips=0 gated=0 ramp=2..50 bar=0 suppressed=0 wide_skips=0 served=0.0MB copied=0.0MB ssd_avoided=0.0GB live=0/0.0GB model=0 protected=0 declined=0 topup_suppressed=0 aged=0 into=0/0/0 pending=0
[mirror-split] internal=0 K3C=0 K3B=0 K3A=0  shares=0%/0%/0%/0%
[phases] mono=356689.802298 chunks=36 sequence=91.814s read_wait=0.171s bind_upload=1.606s attention_resident=7.078s expert_read_prefetch=36.161s expert_demand_read=21.617s expert_plan=2.731s expert_hint=0.000s expert_submit=0.000s expert_kernel=46.094s source_fence=0.000s tail_head_sync=0.572s layer_other=0.095s expert_read_gross=33.430s plan_hint=2.629s plan_sched=0.101s attn_total=8.265s attn_encode=2.061s attn_wait=5.497s attn_drain=0.707s kernel_total=19.185s kernel_host=1.138s kernel_wait=6.168s kernel_drain=11.879s
[attn-split] single: calls=3069 total=2.886s encode=1.025s wait=1.153s drain=0.707s waits=5313 untimed=942 | wide: calls=465 total=5.379s encode=1.035s wait=4.344s drain=0.000s waits=460 untimed=460 | hint: calls=3496 total=2.782s encode=0.010s wait=2.772s drain=0.000s waits=3669 untimed=3669
[kernel-split] single: calls=3312 total=11.821s encode=0.338s wait=0.201s drain=11.283s waits=3548 untimed=2730 | wide: calls=1135 total=7.364s encode=0.800s wait=5.968s drain=0.596s waits=1135 untimed=0
[kernel-sub] materialize=0.383s moe=6.996s precommit=11.302s rest=0.504s
[metal-cache] calls=9799 zero_copy_wraps=462 copies=0 cache_entries=198 bindless=true
 the
[stats] generated=41 elapsed=100.535s speed=0.4078 token/s (2.452 s/token) chunks=37 committed_rows=77 verify_tx=4 drafts=4/16 layer_passes=3441 expert_rows=7636 expert_tiles=3886
[verify-width] w1=0 w2=2 w3=0 w4=1 w5=0 w6=0 w7=0 w8+=1              (w1 share 0.0% of 4 transactions)
[opens] expert file opens=160083 total=2.194s mean=0.014ms requested_bytes=2173942496448 (2173.9 GB)
[arrival] tiles=817 waves=1292 uncovered_wait=29.412s dispatch=6.818s
[retain] enabled=false cap_gb=8 layers=63..=92 consults=0 wanted=0 hits=0 inserts=0 served=0.0MB
[summer] enabled=false cap_gb=8 sample=16 consults=0 wanted=0 hits=0 hit_rate=0.0% misses=0 inserts=0 evictions=0 recycled=0 allocs=0 pin_skips=0 gated=0 ramp=2..50 bar=0 suppressed=0 wide_skips=0 served=0.0MB copied=0.0MB ssd_avoided=0.0GB live=0/0.0GB model=0 protected=0 declined=0 topup_suppressed=0 aged=0 into=0/0/0 pending=0
[mirror-split] internal=0 K3C=0 K3B=0 K3A=0  shares=0%/0%/0%/0%
[phases] mono=356691.272406 chunks=37 sequence=93.283s read_wait=0.171s bind_upload=1.606s attention_resident=7.166s expert_read_prefetch=37.161s expert_demand_read=22.225s expert_plan=2.804s expert_hint=0.000s expert_submit=0.000s expert_kernel=46.457s source_fence=0.000s tail_head_sync=0.588s layer_other=0.097s expert_read_gross=34.356s plan_hint=2.701s plan_sched=0.102s attn_total=8.353s attn_encode=2.095s attn_wait=5.522s attn_drain=0.736s kernel_total=19.535s kernel_host=1.147s kernel_wait=6.174s kernel_drain=12.214s
[attn-split] single: calls=3162 total=2.974s encode=1.059s wait=1.178s drain=0.736s waits=5474 untimed=972 | wide: calls=465 total=5.379s encode=1.035s wait=4.344s drain=0.000s waits=460 untimed=460 | hint: calls=3588 total=2.855s encode=0.010s wait=2.844s drain=0.000s waits=3760 untimed=3760
[kernel-split] single: calls=3410 total=12.171s encode=0.347s wait=0.206s drain=11.618s waits=3653 untimed=2811 | wide: calls=1135 total=7.364s encode=0.800s wait=5.968s drain=0.596s waits=1135 untimed=0
[kernel-sub] materialize=0.383s moe=7.005s precommit=11.638s rest=0.508s
[metal-cache] calls=9897 zero_copy_wraps=462 copies=0 cache_entries=198 bindless=true
 **
[stats] generated=42 elapsed=102.052s speed=0.4116 token/s (2.430 s/token) chunks=38 committed_rows=78 verify_tx=4 drafts=4/16 layer_passes=3534 expert_rows=7728 expert_tiles=3978
[verify-width] w1=0 w2=2 w3=0 w4=1 w5=0 w6=0 w7=0 w8+=1              (w1 share 0.0% of 4 transactions)
[opens] expert file opens=164161 total=2.248s mean=0.014ms requested_bytes=2209695136960 (2209.7 GB)
[arrival] tiles=818 waves=1297 uncovered_wait=29.422s dispatch=6.826s
[retain] enabled=false cap_gb=8 layers=63..=92 consults=0 wanted=0 hits=0 inserts=0 served=0.0MB
[summer] enabled=false cap_gb=8 sample=16 consults=0 wanted=0 hits=0 hit_rate=0.0% misses=0 inserts=0 evictions=0 recycled=0 allocs=0 pin_skips=0 gated=0 ramp=2..50 bar=0 suppressed=0 wide_skips=0 served=0.0MB copied=0.0MB ssd_avoided=0.0GB live=0/0.0GB model=0 protected=0 declined=0 topup_suppressed=0 aged=0 into=0/0/0 pending=0
[mirror-split] internal=0 K3C=0 K3B=0 K3A=0  shares=0%/0%/0%/0%
[phases] mono=356692.789316 chunks=38 sequence=94.799s read_wait=0.171s bind_upload=1.606s attention_resident=7.249s expert_read_prefetch=38.197s expert_demand_read=22.834s expert_plan=2.879s expert_hint=0.000s expert_submit=0.000s expert_kernel=46.834s source_fence=0.000s tail_head_sync=0.606s layer_other=0.099s expert_read_gross=35.318s plan_hint=2.775s plan_sched=0.103s attn_total=8.436s attn_encode=2.116s attn_wait=5.563s attn_drain=0.756s kernel_total=19.902s kernel_host=1.156s kernel_wait=6.180s kernel_drain=12.567s
[attn-split] single: calls=3255 total=3.057s encode=1.081s wait=1.219s drain=0.756s waits=5635 untimed=1003 | wide: calls=465 total=5.379s encode=1.035s wait=4.344s drain=0.000s waits=460 untimed=460 | hint: calls=3680 total=2.928s encode=0.010s wait=2.918s drain=0.000s waits=3851 untimed=3851
[kernel-split] single: calls=3506 total=12.538s encode=0.356s wait=0.212s drain=11.971s waits=3754 untimed=2887 | wide: calls=1135 total=7.364s encode=0.800s wait=5.968s drain=0.596s waits=1135 untimed=0
[kernel-sub] materialize=0.383s moe=7.013s precommit=11.993s rest=0.513s
[metal-cache] calls=9993 zero_copy_wraps=462 copies=0 cache_entries=198 bindless=true
f
[stats] generated=43 elapsed=103.526s speed=0.4154 token/s (2.408 s/token) chunks=39 committed_rows=79 verify_tx=4 drafts=4/16 layer_passes=3627 expert_rows=7820 expert_tiles=4070
[verify-width] w1=0 w2=2 w3=0 w4=1 w5=0 w6=0 w7=0 w8+=1              (w1 share 0.0% of 4 transactions)
[opens] expert file opens=168193 total=2.300s mean=0.014ms requested_bytes=2245070453952 (2245.1 GB)
[arrival] tiles=819 waves=1305 uncovered_wait=29.434s dispatch=6.836s
[retain] enabled=false cap_gb=8 layers=63..=92 consults=0 wanted=0 hits=0 inserts=0 served=0.0MB
[summer] enabled=false cap_gb=8 sample=16 consults=0 wanted=0 hits=0 hit_rate=0.0% misses=0 inserts=0 evictions=0 recycled=0 allocs=0 pin_skips=0 gated=0 ramp=2..50 bar=0 suppressed=0 wide_skips=0 served=0.0MB copied=0.0MB ssd_avoided=0.0GB live=0/0.0GB model=0 protected=0 declined=0 topup_suppressed=0 aged=0 into=0/0/0 pending=0
[mirror-split] internal=0 K3C=0 K3B=0 K3A=0  shares=0%/0%/0%/0%
[phases] mono=356694.263580 chunks=39 sequence=96.272s read_wait=0.171s bind_upload=1.606s attention_resident=7.320s expert_read_prefetch=39.226s expert_demand_read=23.485s expert_plan=2.963s expert_hint=0.000s expert_submit=0.000s expert_kernel=47.189s source_fence=0.000s tail_head_sync=0.622s layer_other=0.101s expert_read_gross=36.263s plan_hint=2.858s plan_sched=0.104s attn_total=8.506s attn_encode=2.139s attn_wait=5.586s attn_drain=0.781s kernel_total=20.245s kernel_host=1.165s kernel_wait=6.185s kernel_drain=12.894s
[attn-split] single: calls=3348 total=3.127s encode=1.104s wait=1.242s drain=0.781s waits=5796 untimed=1030 | wide: calls=465 total=5.379s encode=1.035s wait=4.344s drain=0.000s waits=460 untimed=460 | hint: calls=3772 total=3.011s encode=0.010s wait=3.000s drain=0.000s waits=3942 untimed=3942
[kernel-split] single: calls=3605 total=12.881s encode=0.365s wait=0.218s drain=12.298s waits=3861 untimed=2976 | wide: calls=1135 total=7.364s encode=0.800s wait=5.968s drain=0.596s waits=1135 untimed=0
[kernel-sub] materialize=0.383s moe=7.024s precommit=12.321s rest=0.517s
[metal-cache] calls=10092 zero_copy_wraps=462 copies=0 cache_entries=198 bindless=true
ederal
[stats] generated=44 elapsed=105.037s speed=0.4189 token/s (2.387 s/token) chunks=40 committed_rows=80 verify_tx=4 drafts=4/16 layer_passes=3720 expert_rows=7912 expert_tiles=4162
[verify-width] w1=0 w2=2 w3=0 w4=1 w5=0 w6=0 w7=0 w8+=1              (w1 share 0.0% of 4 transactions)
[opens] expert file opens=172347 total=2.352s mean=0.014ms requested_bytes=2281463561408 (2281.5 GB)
[arrival] tiles=820 waves=1313 uncovered_wait=29.446s dispatch=6.847s
[retain] enabled=false cap_gb=8 layers=63..=92 consults=0 wanted=0 hits=0 inserts=0 served=0.0MB
[summer] enabled=false cap_gb=8 sample=16 consults=0 wanted=0 hits=0 hit_rate=0.0% misses=0 inserts=0 evictions=0 recycled=0 allocs=0 pin_skips=0 gated=0 ramp=2..50 bar=0 suppressed=0 wide_skips=0 served=0.0MB copied=0.0MB ssd_avoided=0.0GB live=0/0.0GB model=0 protected=0 declined=0 topup_suppressed=0 aged=0 into=0/0/0 pending=0
[mirror-split] internal=0 K3C=0 K3B=0 K3A=0  shares=0%/0%/0%/0%
[phases] mono=356695.773785 chunks=40 sequence=97.781s read_wait=0.171s bind_upload=1.606s attention_resident=7.396s expert_read_prefetch=40.287s expert_demand_read=24.097s expert_plan=3.034s expert_hint=0.000s expert_submit=0.000s expert_kernel=47.546s source_fence=0.000s tail_head_sync=0.635s layer_other=0.102s expert_read_gross=37.253s plan_hint=2.928s plan_sched=0.105s attn_total=8.582s attn_encode=2.166s attn_wait=5.613s attn_drain=0.803s kernel_total=20.591s kernel_host=1.174s kernel_wait=6.192s kernel_drain=13.225s
[attn-split] single: calls=3441 total=3.203s encode=1.131s wait=1.269s drain=0.803s waits=5957 untimed=1058 | wide: calls=465 total=5.379s encode=1.035s wait=4.344s drain=0.000s waits=460 untimed=460 | hint: calls=3864 total=3.081s encode=0.011s wait=3.070s drain=0.000s waits=4033 untimed=4033
[kernel-split] single: calls=3704 total=13.227s encode=0.374s wait=0.224s drain=12.628s waits=3968 untimed=3056 | wide: calls=1135 total=7.364s encode=0.800s wait=5.968s drain=0.596s waits=1135 untimed=0
[kernel-sub] materialize=0.383s moe=7.034s precommit=12.652s rest=0.521s
[metal-cache] calls=10191 zero_copy_wraps=462 copies=0 cache_entries=198 bindless=true
 funds
[stats] generated=45 elapsed=106.510s speed=0.4225 token/s (2.367 s/token) chunks=41 committed_rows=81 verify_tx=4 drafts=4/16 layer_passes=3813 expert_rows=8004 expert_tiles=4254
[verify-width] w1=0 w2=2 w3=0 w4=1 w5=0 w6=0 w7=0 w8+=1              (w1 share 0.0% of 4 transactions)
[opens] expert file opens=176325 total=2.407s mean=0.014ms requested_bytes=2316338789568 (2316.3 GB)
[arrival] tiles=821 waves=1320 uncovered_wait=29.459s dispatch=6.857s
[retain] enabled=false cap_gb=8 layers=63..=92 consults=0 wanted=0 hits=0 inserts=0 served=0.0MB
[summer] enabled=false cap_gb=8 sample=16 consults=0 wanted=0 hits=0 hit_rate=0.0% misses=0 inserts=0 evictions=0 recycled=0 allocs=0 pin_skips=0 gated=0 ramp=2..50 bar=0 suppressed=0 wide_skips=0 served=0.0MB copied=0.0MB ssd_avoided=0.0GB live=0/0.0GB model=0 protected=0 declined=0 topup_suppressed=0 aged=0 into=0/0/0 pending=0
[mirror-split] internal=0 K3C=0 K3B=0 K3A=0  shares=0%/0%/0%/0%
[phases] mono=356697.246857 chunks=41 sequence=99.253s read_wait=0.171s bind_upload=1.606s attention_resident=7.487s expert_read_prefetch=41.227s expert_demand_read=24.680s expert_plan=3.110s expert_hint=0.000s expert_submit=0.000s expert_kernel=47.969s source_fence=0.000s tail_head_sync=0.652s layer_other=0.104s expert_read_gross=38.117s plan_hint=3.002s plan_sched=0.106s attn_total=8.673s attn_encode=2.207s attn_wait=5.644s attn_drain=0.823s kernel_total=21.000s kernel_host=1.184s kernel_wait=6.197s kernel_drain=13.619s
[attn-split] single: calls=3534 total=3.294s encode=1.171s wait=1.300s drain=0.823s waits=6118 untimed=1084 | wide: calls=465 total=5.379s encode=1.035s wait=4.344s drain=0.000s waits=460 untimed=460 | hint: calls=3956 total=3.155s encode=0.011s wait=3.144s drain=0.000s waits=4124 untimed=4124
[kernel-split] single: calls=3802 total=13.636s encode=0.384s wait=0.229s drain=13.022s waits=4073 untimed=3134 | wide: calls=1135 total=7.364s encode=0.800s wait=5.968s drain=0.596s waits=1135 untimed=0
[kernel-sub] materialize=0.383s moe=7.044s precommit=13.047s rest=0.526s
[metal-cache] calls=10289 zero_copy_wraps=462 copies=0 cache_entries=198 bindless=true
 rate
[stats] generated=46 elapsed=107.978s speed=0.4260 token/s (2.347 s/token) chunks=42 committed_rows=82 verify_tx=4 drafts=4/16 layer_passes=3906 expert_rows=8096 expert_tiles=4346
[verify-width] w1=0 w2=2 w3=0 w4=1 w5=0 w6=0 w7=0 w8+=1              (w1 share 0.0% of 4 transactions)
[opens] expert file opens=180267 total=2.457s mean=0.014ms requested_bytes=2350889434304 (2350.9 GB)
[arrival] tiles=822 waves=1327 uncovered_wait=29.472s dispatch=6.867s
[retain] enabled=false cap_gb=8 layers=63..=92 consults=0 wanted=0 hits=0 inserts=0 served=0.0MB
[summer] enabled=false cap_gb=8 sample=16 consults=0 wanted=0 hits=0 hit_rate=0.0% misses=0 inserts=0 evictions=0 recycled=0 allocs=0 pin_skips=0 gated=0 ramp=2..50 bar=0 suppressed=0 wide_skips=0 served=0.0MB copied=0.0MB ssd_avoided=0.0GB live=0/0.0GB model=0 protected=0 declined=0 topup_suppressed=0 aged=0 into=0/0/0 pending=0
[mirror-split] internal=0 K3C=0 K3B=0 K3A=0  shares=0%/0%/0%/0%
[phases] mono=356698.715673 chunks=42 sequence=100.721s read_wait=0.171s bind_upload=1.606s attention_resident=7.567s expert_read_prefetch=42.218s expert_demand_read=25.261s expert_plan=3.177s expert_hint=0.000s expert_submit=0.000s expert_kernel=48.351s source_fence=0.000s tail_head_sync=0.665s layer_other=0.106s expert_read_gross=39.040s plan_hint=3.069s plan_sched=0.107s attn_total=8.753s attn_encode=2.233s attn_wait=5.676s attn_drain=0.844s kernel_total=21.368s kernel_host=1.193s kernel_wait=6.203s kernel_drain=13.971s
[attn-split] single: calls=3627 total=3.374s encode=1.197s wait=1.332s drain=0.844s waits=6279 untimed=1118 | wide: calls=465 total=5.379s encode=1.035s wait=4.344s drain=0.000s waits=460 untimed=460 | hint: calls=4048 total=3.222s encode=0.011s wait=3.211s drain=0.000s waits=4215 untimed=4215
[kernel-split] single: calls=3900 total=14.004s encode=0.393s wait=0.236s drain=13.375s waits=4178 untimed=3218 | wide: calls=1135 total=7.364s encode=0.800s wait=5.968s drain=0.596s waits=1135 untimed=0
[kernel-sub] materialize=0.383s moe=7.053s precommit=13.401s rest=0.530s
[metal-cache] calls=10387 zero_copy_wraps=462 copies=0 cache_entries=198 bindless=true
**
[stats] generated=47 elapsed=109.451s speed=0.4294 token/s (2.329 s/token) chunks=43 committed_rows=83 verify_tx=4 drafts=4/16 layer_passes=3999 expert_rows=8188 expert_tiles=4438
[verify-width] w1=0 w2=2 w3=0 w4=1 w5=0 w6=0 w7=0 w8+=1              (w1 share 0.0% of 4 transactions)
[opens] expert file opens=184235 total=2.509s mean=0.014ms requested_bytes=2385685707968 (2385.7 GB)
[arrival] tiles=823 waves=1334 uncovered_wait=29.482s dispatch=6.877s
[retain] enabled=false cap_gb=8 layers=63..=92 consults=0 wanted=0 hits=0 inserts=0 served=0.0MB
[summer] enabled=false cap_gb=8 sample=16 consults=0 wanted=0 hits=0 hit_rate=0.0% misses=0 inserts=0 evictions=0 recycled=0 allocs=0 pin_skips=0 gated=0 ramp=2..50 bar=0 suppressed=0 wide_skips=0 served=0.0MB copied=0.0MB ssd_avoided=0.0GB live=0/0.0GB model=0 protected=0 declined=0 topup_suppressed=0 aged=0 into=0/0/0 pending=0
[mirror-split] internal=0 K3C=0 K3B=0 K3A=0  shares=0%/0%/0%/0%
[phases] mono=356700.188218 chunks=43 sequence=102.192s read_wait=0.171s bind_upload=1.606s attention_resident=7.637s expert_read_prefetch=43.260s expert_demand_read=25.833s expert_plan=3.258s expert_hint=0.000s expert_submit=0.000s expert_kernel=48.692s source_fence=0.000s tail_head_sync=0.682s layer_other=0.107s expert_read_gross=40.001s plan_hint=3.149s plan_sched=0.109s attn_total=8.823s attn_encode=2.256s attn_wait=5.706s attn_drain=0.860s kernel_total=21.700s kernel_host=1.203s kernel_wait=6.208s kernel_drain=14.289s
[attn-split] single: calls=3720 total=3.443s encode=1.221s wait=1.362s drain=0.860s waits=6440 untimed=1146 | wide: calls=465 total=5.379s encode=1.035s wait=4.344s drain=0.000s waits=460 untimed=460 | hint: calls=4140 total=3.302s encode=0.011s wait=3.290s drain=0.000s waits=4306 untimed=4306
[kernel-split] single: calls=3998 total=14.336s encode=0.403s wait=0.240s drain=13.693s waits=4283 untimed=3302 | wide: calls=1135 total=7.364s encode=0.800s wait=5.968s drain=0.596s waits=1135 untimed=0
[kernel-sub] materialize=0.383s moe=7.064s precommit=13.718s rest=0.535s
[metal-cache] calls=10485 zero_copy_wraps=462 copies=0 cache_entries=198 bindless=true
;
[stats] generated=48 elapsed=111.008s speed=0.4324 token/s (2.313 s/token) chunks=44 committed_rows=84 verify_tx=4 drafts=4/16 layer_passes=4092 expert_rows=8280 expert_tiles=4530
[verify-width] w1=0 w2=2 w3=0 w4=1 w5=0 w6=0 w7=0 w8+=1              (w1 share 0.0% of 4 transactions)
[opens] expert file opens=188390 total=2.566s mean=0.014ms requested_bytes=2422122659008 (2422.1 GB)
[arrival] tiles=824 waves=1342 uncovered_wait=29.492s dispatch=6.887s
[retain] enabled=false cap_gb=8 layers=63..=92 consults=0 wanted=0 hits=0 inserts=0 served=0.0MB
[summer] enabled=false cap_gb=8 sample=16 consults=0 wanted=0 hits=0 hit_rate=0.0% misses=0 inserts=0 evictions=0 recycled=0 allocs=0 pin_skips=0 gated=0 ramp=2..50 bar=0 suppressed=0 wide_skips=0 served=0.0MB copied=0.0MB ssd_avoided=0.0GB live=0/0.0GB model=0 protected=0 declined=0 topup_suppressed=0 aged=0 into=0/0/0 pending=0
[mirror-split] internal=0 K3C=0 K3B=0 K3A=0  shares=0%/0%/0%/0%
[phases] mono=356701.745163 chunks=44 sequence=103.748s read_wait=0.171s bind_upload=1.606s attention_resident=7.713s expert_read_prefetch=44.338s expert_demand_read=26.482s expert_plan=3.324s expert_hint=0.000s expert_submit=0.000s expert_kernel=49.075s source_fence=0.000s tail_head_sync=0.699s layer_other=0.109s expert_read_gross=41.013s plan_hint=3.214s plan_sched=0.110s attn_total=8.899s attn_encode=2.283s attn_wait=5.727s attn_drain=0.888s kernel_total=22.072s kernel_host=1.213s kernel_wait=6.214s kernel_drain=14.645s
[attn-split] single: calls=3813 total=3.519s encode=1.248s wait=1.383s drain=0.888s waits=6601 untimed=1170 | wide: calls=465 total=5.379s encode=1.035s wait=4.344s drain=0.000s waits=460 untimed=460 | hint: calls=4232 total=3.367s encode=0.012s wait=3.355s drain=0.000s waits=4397 untimed=4397
[kernel-split] single: calls=4097 total=14.708s encode=0.413s wait=0.246s drain=14.048s waits=4390 untimed=3387 | wide: calls=1135 total=7.364s encode=0.800s wait=5.968s drain=0.596s waits=1135 untimed=0
[kernel-sub] materialize=0.383s moe=7.074s precommit=14.074s rest=0.540s
[metal-cache] calls=10584 zero_copy_wraps=462 copies=0 cache_entries=198 bindless=true
[route-chain] chained=2760
[route-chain] dedup_hits=2760
 in
[stats] generated=49 elapsed=112.499s speed=0.4356 token/s (2.296 s/token) chunks=45 committed_rows=85 verify_tx=4 drafts=4/16 layer_passes=4185 expert_rows=8372 expert_tiles=4622
[verify-width] w1=0 w2=2 w3=0 w4=1 w5=0 w6=0 w7=0 w8+=1              (w1 share 0.0% of 4 transactions)
[opens] expert file opens=192376 total=2.616s mean=0.014ms requested_bytes=2457111952576 (2457.1 GB)
[arrival] tiles=825 waves=1350 uncovered_wait=29.503s dispatch=6.897s
[retain] enabled=false cap_gb=8 layers=63..=92 consults=0 wanted=0 hits=0 inserts=0 served=0.0MB
[summer] enabled=false cap_gb=8 sample=16 consults=0 wanted=0 hits=0 hit_rate=0.0% misses=0 inserts=0 evictions=0 recycled=0 allocs=0 pin_skips=0 gated=0 ramp=2..50 bar=0 suppressed=0 wide_skips=0 served=0.0MB copied=0.0MB ssd_avoided=0.0GB live=0/0.0GB model=0 protected=0 declined=0 topup_suppressed=0 aged=0 into=0/0/0 pending=0
[mirror-split] internal=0 K3C=0 K3B=0 K3A=0  shares=0%/0%/0%/0%
[phases] mono=356703.235999 chunks=45 sequence=105.238s read_wait=0.171s bind_upload=1.606s attention_resident=7.803s expert_read_prefetch=45.381s expert_demand_read=27.067s expert_plan=3.390s expert_hint=0.000s expert_submit=0.000s expert_kernel=49.417s source_fence=0.000s tail_head_sync=0.712s layer_other=0.111s expert_read_gross=41.990s plan_hint=3.278s plan_sched=0.111s attn_total=8.989s attn_encode=2.322s attn_wait=5.746s attn_drain=0.921s kernel_total=22.402s kernel_host=1.223s kernel_wait=6.219s kernel_drain=14.960s
[attn-split] single: calls=3906 total=3.609s encode=1.287s wait=1.402s drain=0.921s waits=6762 untimed=1191 | wide: calls=465 total=5.379s encode=1.035s wait=4.344s drain=0.000s waits=460 untimed=460 | hint: calls=4324 total=3.431s encode=0.012s wait=3.419s drain=0.000s waits=4488 untimed=4488
[kernel-split] single: calls=4196 total=15.038s encode=0.423s wait=0.251s drain=14.364s waits=4497 untimed=3474 | wide: calls=1135 total=7.364s encode=0.800s wait=5.968s drain=0.596s waits=1135 untimed=0
[kernel-sub] materialize=0.383s moe=7.083s precommit=14.391s rest=0.544s
[metal-cache] calls=10683 zero_copy_wraps=462 copies=0 cache_entries=198 bindless=true
 other
[stats] generated=50 elapsed=113.956s speed=0.4388 token/s (2.279 s/token) chunks=46 committed_rows=86 verify_tx=4 drafts=4/16 layer_passes=4278 expert_rows=8464 expert_tiles=4714
[verify-width] w1=0 w2=2 w3=0 w4=1 w5=0 w6=0 w7=0 w8+=1              (w1 share 0.0% of 4 transactions)
[opens] expert file opens=196277 total=2.666s mean=0.014ms requested_bytes=2491346713792 (2491.3 GB)
[arrival] tiles=826 waves=1358 uncovered_wait=29.513s dispatch=6.905s
[retain] enabled=false cap_gb=8 layers=63..=92 consults=0 wanted=0 hits=0 inserts=0 served=0.0MB
[summer] enabled=false cap_gb=8 sample=16 consults=0 wanted=0 hits=0 hit_rate=0.0% misses=0 inserts=0 evictions=0 recycled=0 allocs=0 pin_skips=0 gated=0 ramp=2..50 bar=0 suppressed=0 wide_skips=0 served=0.0MB copied=0.0MB ssd_avoided=0.0GB live=0/0.0GB model=0 protected=0 declined=0 topup_suppressed=0 aged=0 into=0/0/0 pending=0
[mirror-split] internal=0 K3C=0 K3B=0 K3A=0  shares=0%/0%/0%/0%
[phases] mono=356704.692773 chunks=46 sequence=106.694s read_wait=0.171s bind_upload=1.606s attention_resident=7.885s expert_read_prefetch=46.369s expert_demand_read=27.659s expert_plan=3.457s expert_hint=0.000s expert_submit=0.000s expert_kernel=49.784s source_fence=0.000s tail_head_sync=0.729s layer_other=0.112s expert_read_gross=42.911s plan_hint=3.344s plan_sched=0.112s attn_total=9.070s attn_encode=2.348s attn_wait=5.779s attn_drain=0.943s kernel_total=22.759s kernel_host=1.232s kernel_wait=6.223s kernel_drain=15.304s
[attn-split] single: calls=3999 total=3.691s encode=1.313s wait=1.435s drain=0.943s waits=6923 untimed=1214 | wide: calls=465 total=5.379s encode=1.035s wait=4.344s drain=0.000s waits=460 untimed=460 | hint: calls=4416 total=3.497s encode=0.012s wait=3.485s drain=0.000s waits=4579 untimed=4579
[kernel-split] single: calls=4295 total=15.395s encode=0.432s wait=0.255s drain=14.708s waits=4604 untimed=3561 | wide: calls=1135 total=7.364s encode=0.800s wait=5.968s drain=0.596s waits=1135 untimed=0
[kernel-sub] materialize=0.383s moe=7.091s precommit=14.736s rest=0.548s
[metal-cache] calls=10782 zero_copy_wraps=462 copies=0 cache_entries=198 bindless=true
 countries
[stats] generated=51 elapsed=115.452s speed=0.4417 token/s (2.264 s/token) chunks=47 committed_rows=87 verify_tx=4 drafts=4/16 layer_passes=4371 expert_rows=8556 expert_tiles=4806
[verify-width] w1=0 w2=2 w3=0 w4=1 w5=0 w6=0 w7=0 w8+=1              (w1 share 0.0% of 4 transactions)
[opens] expert file opens=200168 total=2.718s mean=0.014ms requested_bytes=2525502504128 (2525.5 GB)
[arrival] tiles=827 waves=1366 uncovered_wait=29.524s dispatch=6.913s
[retain] enabled=false cap_gb=8 layers=63..=92 consults=0 wanted=0 hits=0 inserts=0 served=0.0MB
[summer] enabled=false cap_gb=8 sample=16 consults=0 wanted=0 hits=0 hit_rate=0.0% misses=0 inserts=0 evictions=0 recycled=0 allocs=0 pin_skips=0 gated=0 ramp=2..50 bar=0 suppressed=0 wide_skips=0 served=0.0MB copied=0.0MB ssd_avoided=0.0GB live=0/0.0GB model=0 protected=0 declined=0 topup_suppressed=0 aged=0 into=0/0/0 pending=0
[mirror-split] internal=0 K3C=0 K3B=0 K3A=0  shares=0%/0%/0%/0%
[phases] mono=356706.189430 chunks=47 sequence=108.189s read_wait=0.171s bind_upload=1.606s attention_resident=7.959s expert_read_prefetch=47.411s expert_demand_read=28.255s expert_plan=3.540s expert_hint=0.000s expert_submit=0.000s expert_kernel=50.144s source_fence=0.000s tail_head_sync=0.746s layer_other=0.114s expert_read_gross=43.870s plan_hint=3.426s plan_sched=0.113s attn_total=9.144s attn_encode=2.373s attn_wait=5.810s attn_drain=0.961s kernel_total=23.109s kernel_host=1.241s kernel_wait=6.227s kernel_drain=15.640s
[attn-split] single: calls=4092 total=3.765s encode=1.338s wait=1.466s drain=0.961s waits=7084 untimed=1242 | wide: calls=465 total=5.379s encode=1.035s wait=4.344s drain=0.000s waits=460 untimed=460 | hint: calls=4508 total=3.579s encode=0.012s wait=3.567s drain=0.000s waits=4670 untimed=4670
[kernel-split] single: calls=4394 total=15.744s encode=0.441s wait=0.260s drain=15.044s waits=4711 untimed=3644 | wide: calls=1135 total=7.364s encode=0.800s wait=5.968s drain=0.596s waits=1135 untimed=0
[kernel-sub] materialize=0.383s moe=7.100s precommit=15.073s rest=0.553s
[metal-cache] calls=10881 zero_copy_wraps=462 copies=0 cache_entries=198 bindless=true
,
[stats] generated=52 elapsed=116.939s speed=0.4447 token/s (2.249 s/token) chunks=48 committed_rows=88 verify_tx=4 drafts=4/16 layer_passes=4464 expert_rows=8648 expert_tiles=4898
[verify-width] w1=0 w2=2 w3=0 w4=1 w5=0 w6=0 w7=0 w8+=1              (w1 share 0.0% of 4 transactions)
[opens] expert file opens=204096 total=2.771s mean=0.014ms requested_bytes=2559956597952 (2560.0 GB)
[arrival] tiles=828 waves=1374 uncovered_wait=29.533s dispatch=6.922s
[retain] enabled=false cap_gb=8 layers=63..=92 consults=0 wanted=0 hits=0 inserts=0 served=0.0MB
[summer] enabled=false cap_gb=8 sample=16 consults=0 wanted=0 hits=0 hit_rate=0.0% misses=0 inserts=0 evictions=0 recycled=0 allocs=0 pin_skips=0 gated=0 ramp=2..50 bar=0 suppressed=0 wide_skips=0 served=0.0MB copied=0.0MB ssd_avoided=0.0GB live=0/0.0GB model=0 protected=0 declined=0 topup_suppressed=0 aged=0 into=0/0/0 pending=0
[mirror-split] internal=0 K3C=0 K3B=0 K3A=0  shares=0%/0%/0%/0%
[phases] mono=356707.676220 chunks=48 sequence=109.674s read_wait=0.171s bind_upload=1.606s attention_resident=8.037s expert_read_prefetch=48.407s expert_demand_read=28.869s expert_plan=3.623s expert_hint=0.000s expert_submit=0.000s expert_kernel=50.536s source_fence=0.000s tail_head_sync=0.763s layer_other=0.115s expert_read_gross=44.785s plan_hint=3.507s plan_sched=0.114s attn_total=9.222s attn_encode=2.401s attn_wait=5.836s attn_drain=0.986s kernel_total=23.491s kernel_host=1.251s kernel_wait=6.233s kernel_drain=16.007s
[attn-split] single: calls=4185 total=3.843s encode=1.365s wait=1.492s drain=0.986s waits=7245 untimed=1263 | wide: calls=465 total=5.379s encode=1.035s wait=4.344s drain=0.000s waits=460 untimed=460 | hint: calls=4600 total=3.660s encode=0.013s wait=3.648s drain=0.000s waits=4761 untimed=4761
[kernel-split] single: calls=4493 total=16.126s encode=0.451s wait=0.265s drain=15.411s waits=4818 untimed=3723 | wide: calls=1135 total=7.364s encode=0.800s wait=5.968s drain=0.596s waits=1135 untimed=0
[kernel-sub] materialize=0.383s moe=7.108s precommit=15.441s rest=0.558s
[metal-cache] calls=10980 zero_copy_wraps=462 copies=0 cache_entries=198 bindless=true
 it
[stats] generated=53 elapsed=118.509s speed=0.4472 token/s (2.236 s/token) chunks=49 committed_rows=89 verify_tx=4 drafts=4/16 layer_passes=4557 expert_rows=8740 expert_tiles=4990
[verify-width] w1=0 w2=2 w3=0 w4=1 w5=0 w6=0 w7=0 w8+=1              (w1 share 0.0% of 4 transactions)
[opens] expert file opens=208311 total=2.827s mean=0.014ms requested_bytes=2596902419648 (2596.9 GB)
[arrival] tiles=829 waves=1380 uncovered_wait=29.543s dispatch=6.932s
[retain] enabled=false cap_gb=8 layers=63..=92 consults=0 wanted=0 hits=0 inserts=0 served=0.0MB
[summer] enabled=false cap_gb=8 sample=16 consults=0 wanted=0 hits=0 hit_rate=0.0% misses=0 inserts=0 evictions=0 recycled=0 allocs=0 pin_skips=0 gated=0 ramp=2..50 bar=0 suppressed=0 wide_skips=0 served=0.0MB copied=0.0MB ssd_avoided=0.0GB live=0/0.0GB model=0 protected=0 declined=0 topup_suppressed=0 aged=0 into=0/0/0 pending=0
[mirror-split] internal=0 K3C=0 K3B=0 K3A=0  shares=0%/0%/0%/0%
[phases] mono=356709.245938 chunks=49 sequence=111.243s read_wait=0.171s bind_upload=1.606s attention_resident=8.131s expert_read_prefetch=49.501s expert_demand_read=29.544s expert_plan=3.696s expert_hint=0.000s expert_submit=0.000s expert_kernel=50.898s source_fence=0.000s tail_head_sync=0.781s layer_other=0.117s expert_read_gross=45.805s plan_hint=3.579s plan_sched=0.115s attn_total=9.315s attn_encode=2.439s attn_wait=5.862s attn_drain=1.013s kernel_total=23.843s kernel_host=1.261s kernel_wait=6.239s kernel_drain=16.343s
[attn-split] single: calls=4278 total=3.936s encode=1.404s wait=1.518s drain=1.013s waits=7406 untimed=1295 | wide: calls=465 total=5.379s encode=1.035s wait=4.344s drain=0.000s waits=460 untimed=460 | hint: calls=4692 total=3.732s encode=0.013s wait=3.719s drain=0.000s waits=4852 untimed=4852
[kernel-split] single: calls=4590 total=16.479s encode=0.461s wait=0.271s drain=15.747s waits=4921 untimed=3807 | wide: calls=1135 total=7.364s encode=0.800s wait=5.968s drain=0.596s waits=1135 untimed=0
[kernel-sub] materialize=0.383s moe=7.118s precommit=15.779s rest=0.562s
[metal-cache] calls=11077 zero_copy_wraps=462 copies=0 cache_entries=198 bindless=true
 may
[stats] generated=54 elapsed=120.076s speed=0.4497 token/s (2.224 s/token) chunks=50 committed_rows=90 verify_tx=4 drafts=4/16 layer_passes=4650 expert_rows=8832 expert_tiles=5082
[verify-width] w1=0 w2=2 w3=0 w4=1 w5=0 w6=0 w7=0 w8+=1              (w1 share 0.0% of 4 transactions)
[opens] expert file opens=212449 total=2.883s mean=0.014ms requested_bytes=2633181461696 (2633.2 GB)
[arrival] tiles=830 waves=1386 uncovered_wait=29.554s dispatch=6.940s
[retain] enabled=false cap_gb=8 layers=63..=92 consults=0 wanted=0 hits=0 inserts=0 served=0.0MB
[summer] enabled=false cap_gb=8 sample=16 consults=0 wanted=0 hits=0 hit_rate=0.0% misses=0 inserts=0 evictions=0 recycled=0 allocs=0 pin_skips=0 gated=0 ramp=2..50 bar=0 suppressed=0 wide_skips=0 served=0.0MB copied=0.0MB ssd_avoided=0.0GB live=0/0.0GB model=0 protected=0 declined=0 topup_suppressed=0 aged=0 into=0/0/0 pending=0
[mirror-split] internal=0 K3C=0 K3B=0 K3A=0  shares=0%/0%/0%/0%
[phases] mono=356710.813774 chunks=50 sequence=112.809s read_wait=0.171s bind_upload=1.606s attention_resident=8.208s expert_read_prefetch=50.605s expert_demand_read=30.204s expert_plan=3.770s expert_hint=0.000s expert_submit=0.000s expert_kernel=51.263s source_fence=0.000s tail_head_sync=0.798s layer_other=0.119s expert_read_gross=46.835s plan_hint=3.653s plan_sched=0.116s attn_total=9.393s attn_encode=2.466s attn_wait=5.898s attn_drain=1.029s kernel_total=24.196s kernel_host=1.269s kernel_wait=6.243s kernel_drain=16.684s
[attn-split] single: calls=4371 total=4.013s encode=1.431s wait=1.554s drain=1.029s waits=7567 untimed=1327 | wide: calls=465 total=5.379s encode=1.035s wait=4.344s drain=0.000s waits=460 untimed=460 | hint: calls=4784 total=3.805s encode=0.013s wait=3.792s drain=0.000s waits=4943 untimed=4943
[kernel-split] single: calls=4687 total=16.832s encode=0.469s wait=0.275s drain=16.088s waits=5024 untimed=3890 | wide: calls=1135 total=7.364s encode=0.800s wait=5.968s drain=0.596s waits=1135 untimed=0
[kernel-sub] materialize=0.383s moe=7.126s precommit=16.121s rest=0.566s
[metal-cache] calls=11174 zero_copy_wraps=462 copies=0 cache_entries=198 bindless=true
 be
[stats] generated=55 elapsed=121.600s speed=0.4523 token/s (2.211 s/token) chunks=51 committed_rows=91 verify_tx=4 drafts=4/16 layer_passes=4743 expert_rows=8924 expert_tiles=5174
[verify-width] w1=0 w2=2 w3=0 w4=1 w5=0 w6=0 w7=0 w8+=1              (w1 share 0.0% of 4 transactions)
[opens] expert file opens=216430 total=2.938s mean=0.014ms requested_bytes=2668126878912 (2668.1 GB)
[arrival] tiles=831 waves=1392 uncovered_wait=29.565s dispatch=6.949s
[retain] enabled=false cap_gb=8 layers=63..=92 consults=0 wanted=0 hits=0 inserts=0 served=0.0MB
[summer] enabled=false cap_gb=8 sample=16 consults=0 wanted=0 hits=0 hit_rate=0.0% misses=0 inserts=0 evictions=0 recycled=0 allocs=0 pin_skips=0 gated=0 ramp=2..50 bar=0 suppressed=0 wide_skips=0 served=0.0MB copied=0.0MB ssd_avoided=0.0GB live=0/0.0GB model=0 protected=0 declined=0 topup_suppressed=0 aged=0 into=0/0/0 pending=0
[mirror-split] internal=0 K3C=0 K3B=0 K3A=0  shares=0%/0%/0%/0%
[phases] mono=356712.337043 chunks=51 sequence=114.331s read_wait=0.171s bind_upload=1.606s attention_resident=8.287s expert_read_prefetch=51.636s expert_demand_read=30.839s expert_plan=3.843s expert_hint=0.000s expert_submit=0.000s expert_kernel=51.657s source_fence=0.000s tail_head_sync=0.815s layer_other=0.121s expert_read_gross=47.793s plan_hint=3.724s plan_sched=0.117s attn_total=9.471s attn_encode=2.489s attn_wait=5.943s attn_drain=1.039s kernel_total=24.579s kernel_host=1.278s kernel_wait=6.249s kernel_drain=17.052s
[attn-split] single: calls=4464 total=4.092s encode=1.454s wait=1.599s drain=1.039s waits=7728 untimed=1353 | wide: calls=465 total=5.379s encode=1.035s wait=4.344s drain=0.000s waits=460 untimed=460 | hint: calls=4876 total=3.877s encode=0.013s wait=3.863s drain=0.000s waits=5034 untimed=5034
[kernel-split] single: calls=4784 total=17.215s encode=0.478s wait=0.281s drain=16.456s waits=5127 untimed=3974 | wide: calls=1135 total=7.364s encode=0.800s wait=5.968s drain=0.596s waits=1135 untimed=0
[kernel-sub] materialize=0.383s moe=7.135s precommit=16.490s rest=0.571s
[metal-cache] calls=11271 zero_copy_wraps=462 copies=0 cache_entries=198 bindless=true
 called
[stats] generated=56 elapsed=123.136s speed=0.4548 token/s (2.199 s/token) chunks=52 committed_rows=92 verify_tx=4 drafts=4/16 layer_passes=4836 expert_rows=9016 expert_tiles=5266
[verify-width] w1=0 w2=2 w3=0 w4=1 w5=0 w6=0 w7=0 w8+=1              (w1 share 0.0% of 4 transactions)
[opens] expert file opens=220506 total=2.990s mean=0.014ms requested_bytes=2703853206720 (2703.9 GB)
[arrival] tiles=832 waves=1397 uncovered_wait=29.574s dispatch=6.958s
[retain] enabled=false cap_gb=8 layers=63..=92 consults=0 wanted=0 hits=0 inserts=0 served=0.0MB
[summer] enabled=false cap_gb=8 sample=16 consults=0 wanted=0 hits=0 hit_rate=0.0% misses=0 inserts=0 evictions=0 recycled=0 allocs=0 pin_skips=0 gated=0 ramp=2..50 bar=0 suppressed=0 wide_skips=0 served=0.0MB copied=0.0MB ssd_avoided=0.0GB live=0/0.0GB model=0 protected=0 declined=0 topup_suppressed=0 aged=0 into=0/0/0 pending=0
[mirror-split] internal=0 K3C=0 K3B=0 K3A=0  shares=0%/0%/0%/0%
[phases] mono=356713.873669 chunks=52 sequence=115.866s read_wait=0.171s bind_upload=1.606s attention_resident=8.365s expert_read_prefetch=52.729s expert_demand_read=31.508s expert_plan=3.917s expert_hint=0.000s expert_submit=0.000s expert_kernel=52.006s source_fence=0.000s tail_head_sync=0.827s layer_other=0.122s expert_read_gross=48.811s plan_hint=3.798s plan_sched=0.118s attn_total=9.549s attn_encode=2.513s attn_wait=5.976s attn_drain=1.060s kernel_total=24.919s kernel_host=1.287s kernel_wait=6.254s kernel_drain=17.377s
[attn-split] single: calls=4557 total=4.170s encode=1.477s wait=1.632s drain=1.060s waits=7889 untimed=1385 | wide: calls=465 total=5.379s encode=1.035s wait=4.344s drain=0.000s waits=460 untimed=460 | hint: calls=4968 total=3.950s encode=0.013s wait=3.937s drain=0.000s waits=5125 untimed=5125
[kernel-split] single: calls=4880 total=17.555s encode=0.487s wait=0.287s drain=16.781s waits=5228 untimed=4060 | wide: calls=1135 total=7.364s encode=0.800s wait=5.968s drain=0.596s waits=1135 untimed=0
[kernel-sub] materialize=0.383s moe=7.144s precommit=16.816s rest=0.575s
[metal-cache] calls=11367 zero_copy_wraps=462 copies=0 cache_entries=198 bindless=true
 the
[stats] generated=57 elapsed=124.635s speed=0.4573 token/s (2.187 s/token) chunks=53 committed_rows=93 verify_tx=4 drafts=4/16 layer_passes=4929 expert_rows=9108 expert_tiles=5358
[verify-width] w1=0 w2=2 w3=0 w4=1 w5=0 w6=0 w7=0 w8+=1              (w1 share 0.0% of 4 transactions)
[opens] expert file opens=224459 total=3.043s mean=0.014ms requested_bytes=2738526665920 (2738.5 GB)
[arrival] tiles=833 waves=1401 uncovered_wait=29.585s dispatch=6.966s
[retain] enabled=false cap_gb=8 layers=63..=92 consults=0 wanted=0 hits=0 inserts=0 served=0.0MB
[summer] enabled=false cap_gb=8 sample=16 consults=0 wanted=0 hits=0 hit_rate=0.0% misses=0 inserts=0 evictions=0 recycled=0 allocs=0 pin_skips=0 gated=0 ramp=2..50 bar=0 suppressed=0 wide_skips=0 served=0.0MB copied=0.0MB ssd_avoided=0.0GB live=0/0.0GB model=0 protected=0 declined=0 topup_suppressed=0 aged=0 into=0/0/0 pending=0
[mirror-split] internal=0 K3C=0 K3B=0 K3A=0  shares=0%/0%/0%/0%
[phases] mono=356715.372817 chunks=53 sequence=117.363s read_wait=0.171s bind_upload=1.606s attention_resident=8.449s expert_read_prefetch=53.779s expert_demand_read=32.168s expert_plan=3.986s expert_hint=0.000s expert_submit=0.000s expert_kernel=52.354s source_fence=0.000s tail_head_sync=0.840s layer_other=0.124s expert_read_gross=49.793s plan_hint=3.866s plan_sched=0.119s attn_total=9.633s attn_encode=2.549s attn_wait=5.993s attn_drain=1.091s kernel_total=25.256s kernel_host=1.297s kernel_wait=6.258s kernel_drain=17.701s
[attn-split] single: calls=4650 total=4.254s encode=1.514s wait=1.649s drain=1.091s waits=8050 untimed=1406 | wide: calls=465 total=5.379s encode=1.035s wait=4.344s drain=0.000s waits=460 untimed=460 | hint: calls=5060 total=4.018s encode=0.014s wait=4.004s drain=0.000s waits=5216 untimed=5216
[kernel-split] single: calls=4975 total=17.892s encode=0.497s wait=0.290s drain=17.105s waits=5327 untimed=4143 | wide: calls=1135 total=7.364s encode=0.800s wait=5.968s drain=0.596s waits=1135 untimed=0
[kernel-sub] materialize=0.383s moe=7.151s precommit=17.142s rest=0.580s
[metal-cache] calls=11462 zero_copy_wraps=462 copies=0 cache_entries=198 bindless=true
 repo
[stats] generated=58 elapsed=126.225s speed=0.4595 token/s (2.176 s/token) chunks=54 committed_rows=94 verify_tx=4 drafts=4/16 layer_passes=5022 expert_rows=9200 expert_tiles=5450
[verify-width] w1=0 w2=2 w3=0 w4=1 w5=0 w6=0 w7=0 w8+=1              (w1 share 0.0% of 4 transactions)
[opens] expert file opens=228568 total=3.101s mean=0.014ms requested_bytes=2774542482624 (2774.5 GB)
[arrival] tiles=834 waves=1409 uncovered_wait=29.597s dispatch=6.976s
[retain] enabled=false cap_gb=8 layers=63..=92 consults=0 wanted=0 hits=0 inserts=0 served=0.0MB
[summer] enabled=false cap_gb=8 sample=16 consults=0 wanted=0 hits=0 hit_rate=0.0% misses=0 inserts=0 evictions=0 recycled=0 allocs=0 pin_skips=0 gated=0 ramp=2..50 bar=0 suppressed=0 wide_skips=0 served=0.0MB copied=0.0MB ssd_avoided=0.0GB live=0/0.0GB model=0 protected=0 declined=0 topup_suppressed=0 aged=0 into=0/0/0 pending=0
[mirror-split] internal=0 K3C=0 K3B=0 K3A=0  shares=0%/0%/0%/0%
[phases] mono=356716.962625 chunks=54 sequence=118.952s read_wait=0.171s bind_upload=1.606s attention_resident=8.533s expert_read_prefetch=54.863s expert_demand_read=32.852s expert_plan=4.054s expert_hint=0.000s expert_submit=0.000s expert_kernel=52.755s source_fence=0.000s tail_head_sync=0.858s layer_other=0.126s expert_read_gross=50.809s plan_hint=3.932s plan_sched=0.120s attn_total=9.717s attn_encode=2.572s attn_wait=6.026s attn_drain=1.119s kernel_total=25.645s kernel_host=1.308s kernel_wait=6.263s kernel_drain=18.075s
[attn-split] single: calls=4743 total=4.338s encode=1.537s wait=1.682s drain=1.119s waits=8211 untimed=1434 | wide: calls=465 total=5.379s encode=1.035s wait=4.344s drain=0.000s waits=460 untimed=460 | hint: calls=5152 total=4.085s encode=0.014s wait=4.071s drain=0.000s waits=5307 untimed=5307
[kernel-split] single: calls=5074 total=18.281s encode=0.508s wait=0.295s drain=17.479s waits=5434 untimed=4228 | wide: calls=1135 total=7.364s encode=0.800s wait=5.968s drain=0.596s waits=1135 untimed=0
[kernel-sub] materialize=0.383s moe=7.162s precommit=17.516s rest=0.585s
[metal-cache] calls=11561 zero_copy_wraps=462 copies=0 cache_entries=198 bindless=true
 rate
[stats] generated=59 elapsed=127.703s speed=0.4620 token/s (2.164 s/token) chunks=55 committed_rows=95 verify_tx=4 drafts=4/16 layer_passes=5115 expert_rows=9292 expert_tiles=5542
[verify-width] w1=0 w2=2 w3=0 w4=1 w5=0 w6=0 w7=0 w8+=1              (w1 share 0.0% of 4 transactions)
[opens] expert file opens=232558 total=3.153s mean=0.014ms requested_bytes=2809523027136 (2809.5 GB)
[arrival] tiles=835 waves=1417 uncovered_wait=29.611s dispatch=6.985s
[retain] enabled=false cap_gb=8 layers=63..=92 consults=0 wanted=0 hits=0 inserts=0 served=0.0MB
[summer] enabled=false cap_gb=8 sample=16 consults=0 wanted=0 hits=0 hit_rate=0.0% misses=0 inserts=0 evictions=0 recycled=0 allocs=0 pin_skips=0 gated=0 ramp=2..50 bar=0 suppressed=0 wide_skips=0 served=0.0MB copied=0.0MB ssd_avoided=0.0GB live=0/0.0GB model=0 protected=0 declined=0 topup_suppressed=0 aged=0 into=0/0/0 pending=0
[mirror-split] internal=0 K3C=0 K3B=0 K3A=0  shares=0%/0%/0%/0%
[phases] mono=356718.439853 chunks=55 sequence=120.428s read_wait=0.171s bind_upload=1.606s attention_resident=8.607s expert_read_prefetch=55.908s expert_demand_read=33.446s expert_plan=4.142s expert_hint=0.000s expert_submit=0.000s expert_kernel=53.097s source_fence=0.000s tail_head_sync=0.872s layer_other=0.127s expert_read_gross=51.766s plan_hint=4.019s plan_sched=0.121s attn_total=9.791s attn_encode=2.599s attn_wait=6.055s attn_drain=1.136s kernel_total=25.973s kernel_host=1.316s kernel_wait=6.268s kernel_drain=18.388s
[attn-split] single: calls=4836 total=4.411s encode=1.564s wait=1.711s drain=1.136s waits=8372 untimed=1464 | wide: calls=465 total=5.379s encode=1.035s wait=4.344s drain=0.000s waits=460 untimed=460 | hint: calls=5244 total=4.171s encode=0.014s wait=4.157s drain=0.000s waits=5398 untimed=5398
[kernel-split] single: calls=5173 total=18.609s encode=0.516s wait=0.300s drain=17.792s waits=5541 untimed=4317 | wide: calls=1135 total=7.364s encode=0.800s wait=5.968s drain=0.596s waits=1135 untimed=0
[kernel-sub] materialize=0.383s moe=7.170s precommit=17.830s rest=0.589s
[metal-cache] calls=11660 zero_copy_wraps=462 copies=0 cache_entries=198 bindless=true
[route-chain] chained=3450
[route-chain] dedup_hits=3450
,
[stats] generated=60 elapsed=129.217s speed=0.4643 token/s (2.154 s/token) chunks=56 committed_rows=96 verify_tx=4 drafts=4/16 layer_passes=5208 expert_rows=9384 expert_tiles=5634
[verify-width] w1=0 w2=2 w3=0 w4=1 w5=0 w6=0 w7=0 w8+=1              (w1 share 0.0% of 4 transactions)
[opens] expert file opens=236514 total=3.205s mean=0.014ms requested_bytes=2844222799040 (2844.2 GB)
[arrival] tiles=836 waves=1425 uncovered_wait=29.624s dispatch=6.995s
[retain] enabled=false cap_gb=8 layers=63..=92 consults=0 wanted=0 hits=0 inserts=0 served=0.0MB
[summer] enabled=false cap_gb=8 sample=16 consults=0 wanted=0 hits=0 hit_rate=0.0% misses=0 inserts=0 evictions=0 recycled=0 allocs=0 pin_skips=0 gated=0 ramp=2..50 bar=0 suppressed=0 wide_skips=0 served=0.0MB copied=0.0MB ssd_avoided=0.0GB live=0/0.0GB model=0 protected=0 declined=0 topup_suppressed=0 aged=0 into=0/0/0 pending=0
[mirror-split] internal=0 K3C=0 K3B=0 K3A=0  shares=0%/0%/0%/0%
[phases] mono=356719.953891 chunks=56 sequence=121.940s read_wait=0.171s bind_upload=1.606s attention_resident=8.685s expert_read_prefetch=56.942s expert_demand_read=34.043s expert_plan=4.212s expert_hint=0.000s expert_submit=0.000s expert_kernel=53.479s source_fence=0.000s tail_head_sync=0.889s layer_other=0.129s expert_read_gross=52.730s plan_hint=4.089s plan_sched=0.123s attn_total=9.868s attn_encode=2.624s attn_wait=6.088s attn_drain=1.156s kernel_total=26.342s kernel_host=1.326s kernel_wait=6.272s kernel_drain=18.744s
[attn-split] single: calls=4929 total=4.489s encode=1.589s wait=1.744s drain=1.156s waits=8533 untimed=1501 | wide: calls=465 total=5.379s encode=1.035s wait=4.344s drain=0.000s waits=460 untimed=460 | hint: calls=5336 total=4.241s encode=0.014s wait=4.226s drain=0.000s waits=5489 untimed=5489
[kernel-split] single: calls=5272 total=18.978s encode=0.526s wait=0.304s drain=18.147s waits=5648 untimed=4406 | wide: calls=1135 total=7.364s encode=0.800s wait=5.968s drain=0.596s waits=1135 untimed=0
[kernel-sub] materialize=0.383s moe=7.180s precommit=18.185s rest=0.593s
[metal-cache] calls=11759 zero_copy_wraps=462 copies=0 cache_entries=198 bindless=true
 base
[stats] generated=61 elapsed=130.767s speed=0.4665 token/s (2.144 s/token) chunks=57 committed_rows=97 verify_tx=4 drafts=4/16 layer_passes=5301 expert_rows=9476 expert_tiles=5726
[verify-width] w1=0 w2=2 w3=0 w4=1 w5=0 w6=0 w7=0 w8+=1              (w1 share 0.0% of 4 transactions)
[opens] expert file opens=240528 total=3.255s mean=0.014ms requested_bytes=2879422659776 (2879.4 GB)
[arrival] tiles=837 waves=1432 uncovered_wait=29.635s dispatch=7.003s
[retain] enabled=false cap_gb=8 layers=63..=92 consults=0 wanted=0 hits=0 inserts=0 served=0.0MB
[summer] enabled=false cap_gb=8 sample=16 consults=0 wanted=0 hits=0 hit_rate=0.0% misses=0 inserts=0 evictions=0 recycled=0 allocs=0 pin_skips=0 gated=0 ramp=2..50 bar=0 suppressed=0 wide_skips=0 served=0.0MB copied=0.0MB ssd_avoided=0.0GB live=0/0.0GB model=0 protected=0 declined=0 topup_suppressed=0 aged=0 into=0/0/0 pending=0
[mirror-split] internal=0 K3C=0 K3B=0 K3A=0  shares=0%/0%/0%/0%
[phases] mono=356721.504607 chunks=57 sequence=123.489s read_wait=0.171s bind_upload=1.606s attention_resident=8.775s expert_read_prefetch=58.028s expert_demand_read=34.705s expert_plan=4.283s expert_hint=0.000s expert_submit=0.000s expert_kernel=53.837s source_fence=0.000s tail_head_sync=0.903s layer_other=0.130s expert_read_gross=53.745s plan_hint=4.158s plan_sched=0.124s attn_total=9.958s attn_encode=2.659s attn_wait=6.130s attn_drain=1.169s kernel_total=26.688s kernel_host=1.334s kernel_wait=6.277s kernel_drain=19.077s
[attn-split] single: calls=5022 total=4.579s encode=1.624s wait=1.786s drain=1.169s waits=8694 untimed=1533 | wide: calls=465 total=5.379s encode=1.035s wait=4.344s drain=0.000s waits=460 untimed=460 | hint: calls=5428 total=4.310s encode=0.015s wait=4.296s drain=0.000s waits=5580 untimed=5580
[kernel-split] single: calls=5370 total=19.324s encode=0.534s wait=0.310s drain=18.480s waits=5753 untimed=4489 | wide: calls=1135 total=7.364s encode=0.800s wait=5.968s drain=0.596s waits=1135 untimed=0
[kernel-sub] materialize=0.383s moe=7.188s precommit=18.519s rest=0.597s
[metal-cache] calls=11857 zero_copy_wraps=462 copies=0 cache_entries=198 bindless=true
 rate
[stats] generated=62 elapsed=132.338s speed=0.4685 token/s (2.134 s/token) chunks=58 committed_rows=98 verify_tx=4 drafts=4/16 layer_passes=5394 expert_rows=9568 expert_tiles=5818
[verify-width] w1=0 w2=2 w3=0 w4=1 w5=0 w6=0 w7=0 w8+=1              (w1 share 0.0% of 4 transactions)
[opens] expert file opens=244579 total=3.310s mean=0.014ms requested_bytes=2914955918528 (2915.0 GB)
[arrival] tiles=838 waves=1440 uncovered_wait=29.644s dispatch=7.015s
[retain] enabled=false cap_gb=8 layers=63..=92 consults=0 wanted=0 hits=0 inserts=0 served=0.0MB
[summer] enabled=false cap_gb=8 sample=16 consults=0 wanted=0 hits=0 hit_rate=0.0% misses=0 inserts=0 evictions=0 recycled=0 allocs=0 pin_skips=0 gated=0 ramp=2..50 bar=0 suppressed=0 wide_skips=0 served=0.0MB copied=0.0MB ssd_avoided=0.0GB live=0/0.0GB model=0 protected=0 declined=0 topup_suppressed=0 aged=0 into=0/0/0 pending=0
[mirror-split] internal=0 K3C=0 K3B=0 K3A=0  shares=0%/0%/0%/0%
[phases] mono=356723.075463 chunks=58 sequence=125.059s read_wait=0.171s bind_upload=1.606s attention_resident=8.860s expert_read_prefetch=59.094s expert_demand_read=35.381s expert_plan=4.357s expert_hint=0.000s expert_submit=0.000s expert_kernel=54.237s source_fence=0.000s tail_head_sync=0.919s layer_other=0.132s expert_read_gross=54.737s plan_hint=4.231s plan_sched=0.125s attn_total=10.043s attn_encode=2.681s attn_wait=6.169s attn_drain=1.193s kernel_total=27.079s kernel_host=1.344s kernel_wait=6.284s kernel_drain=19.450s
[attn-split] single: calls=5115 total=4.664s encode=1.645s wait=1.825s drain=1.193s waits=8855 untimed=1555 | wide: calls=465 total=5.379s encode=1.035s wait=4.344s drain=0.000s waits=460 untimed=460 | hint: calls=5520 total=4.383s encode=0.015s wait=4.368s drain=0.000s waits=5671 untimed=5671
[kernel-split] single: calls=5469 total=19.714s encode=0.544s wait=0.316s drain=18.854s waits=5860 untimed=4571 | wide: calls=1135 total=7.364s encode=0.800s wait=5.968s drain=0.596s waits=1135 untimed=0
[kernel-sub] materialize=0.383s moe=7.200s precommit=18.893s rest=0.602s
[metal-cache] calls=11956 zero_copy_wraps=462 copies=0 cache_entries=198 bindless=true
,
[stats] generated=63 elapsed=133.819s speed=0.4708 token/s (2.124 s/token) chunks=59 committed_rows=99 verify_tx=4 drafts=4/16 layer_passes=5487 expert_rows=9660 expert_tiles=5910
[verify-width] w1=0 w2=2 w3=0 w4=1 w5=0 w6=0 w7=0 w8+=1              (w1 share 0.0% of 4 transactions)
[opens] expert file opens=248552 total=3.362s mean=0.014ms requested_bytes=2949796052160 (2949.8 GB)
[arrival] tiles=839 waves=1447 uncovered_wait=29.656s dispatch=7.025s
[retain] enabled=false cap_gb=8 layers=63..=92 consults=0 wanted=0 hits=0 inserts=0 served=0.0MB
[summer] enabled=false cap_gb=8 sample=16 consults=0 wanted=0 hits=0 hit_rate=0.0% misses=0 inserts=0 evictions=0 recycled=0 allocs=0 pin_skips=0 gated=0 ramp=2..50 bar=0 suppressed=0 wide_skips=0 served=0.0MB copied=0.0MB ssd_avoided=0.0GB live=0/0.0GB model=0 protected=0 declined=0 topup_suppressed=0 aged=0 into=0/0/0 pending=0
[mirror-split] internal=0 K3C=0 K3B=0 K3A=0  shares=0%/0%/0%/0%
[phases] mono=356724.556619 chunks=59 sequence=126.539s read_wait=0.171s bind_upload=1.606s attention_resident=8.936s expert_read_prefetch=60.104s expert_demand_read=36.023s expert_plan=4.427s expert_hint=0.000s expert_submit=0.000s expert_kernel=54.613s source_fence=0.000s tail_head_sync=0.935s layer_other=0.134s expert_read_gross=55.677s plan_hint=4.300s plan_sched=0.125s attn_total=10.119s attn_encode=2.707s attn_wait=6.199s attn_drain=1.213s kernel_total=27.443s kernel_host=1.353s kernel_wait=6.290s kernel_drain=19.799s
[attn-split] single: calls=5208 total=4.740s encode=1.672s wait=1.855s drain=1.213s waits=9016 untimed=1579 | wide: calls=465 total=5.379s encode=1.035s wait=4.344s drain=0.000s waits=460 untimed=460 | hint: calls=5612 total=4.452s encode=0.015s wait=4.437s drain=0.000s waits=5762 untimed=5762
[kernel-split] single: calls=5567 total=20.079s encode=0.553s wait=0.323s drain=19.203s waits=5965 untimed=4648 | wide: calls=1135 total=7.364s encode=0.800s wait=5.968s drain=0.596s waits=1135 untimed=0
[kernel-sub] materialize=0.383s moe=7.210s precommit=19.243s rest=0.606s
[metal-cache] calls=12054 zero_copy_wraps=462 copies=0 cache_entries=198 bindless=true
 or
[stats] generated=64 elapsed=135.301s speed=0.4730 token/s (2.114 s/token) chunks=60 committed_rows=100 verify_tx=4 drafts=4/16 layer_passes=5580 expert_rows=9752 expert_tiles=6002
[verify-width] w1=0 w2=2 w3=0 w4=1 w5=0 w6=0 w7=0 w8+=1              (w1 share 0.0% of 4 transactions)
[opens] expert file opens=252582 total=3.414s mean=0.014ms requested_bytes=2985118760128 (2985.1 GB)
[arrival] tiles=840 waves=1454 uncovered_wait=29.665s dispatch=7.035s
[retain] enabled=false cap_gb=8 layers=63..=92 consults=0 wanted=0 hits=0 inserts=0 served=0.0MB
[summer] enabled=false cap_gb=8 sample=16 consults=0 wanted=0 hits=0 hit_rate=0.0% misses=0 inserts=0 evictions=0 recycled=0 allocs=0 pin_skips=0 gated=0 ramp=2..50 bar=0 suppressed=0 wide_skips=0 served=0.0MB copied=0.0MB ssd_avoided=0.0GB live=0/0.0GB model=0 protected=0 declined=0 topup_suppressed=0 aged=0 into=0/0/0 pending=0
[mirror-split] internal=0 K3C=0 K3B=0 K3A=0  shares=0%/0%/0%/0%
[phases] mono=356726.038524 chunks=60 sequence=128.020s read_wait=0.171s bind_upload=1.606s attention_resident=9.006s expert_read_prefetch=61.149s expert_demand_read=36.632s expert_plan=4.506s expert_hint=0.000s expert_submit=0.000s expert_kernel=54.963s source_fence=0.000s tail_head_sync=0.949s layer_other=0.136s expert_read_gross=56.643s plan_hint=4.378s plan_sched=0.126s attn_total=10.189s attn_encode=2.731s attn_wait=6.223s attn_drain=1.236s kernel_total=27.784s kernel_host=1.362s kernel_wait=6.297s kernel_drain=20.125s
[attn-split] single: calls=5301 total=4.810s encode=1.695s wait=1.879s drain=1.236s waits=9177 untimed=1607 | wide: calls=465 total=5.379s encode=1.035s wait=4.344s drain=0.000s waits=460 untimed=460 | hint: calls=5704 total=4.530s encode=0.015s wait=4.515s drain=0.000s waits=5853 untimed=5853
[kernel-split] single: calls=5665 total=20.420s encode=0.562s wait=0.329s drain=19.529s waits=6070 untimed=4725 | wide: calls=1135 total=7.364s encode=0.800s wait=5.968s drain=0.596s waits=1135 untimed=0
[kernel-sub] materialize=0.383s moe=7.220s precommit=19.570s rest=0.610s
[metal-cache] calls=12152 zero_copy_wraps=462 copies=0 cache_entries=198 bindless=true
 refinancing
[stats] generated=65 elapsed=136.850s speed=0.4750 token/s (2.105 s/token) chunks=61 committed_rows=101 verify_tx=4 drafts=4/16 layer_passes=5673 expert_rows=9844 expert_tiles=6094
[verify-width] w1=0 w2=2 w3=0 w4=1 w5=0 w6=0 w7=0 w8+=1              (w1 share 0.0% of 4 transactions)
[opens] expert file opens=256681 total=3.469s mean=0.014ms requested_bytes=3021081918656 (3021.1 GB)
[arrival] tiles=841 waves=1460 uncovered_wait=29.676s dispatch=7.047s
[retain] enabled=false cap_gb=8 layers=63..=92 consults=0 wanted=0 hits=0 inserts=0 served=0.0MB
[summer] enabled=false cap_gb=8 sample=16 consults=0 wanted=0 hits=0 hit_rate=0.0% misses=0 inserts=0 evictions=0 recycled=0 allocs=0 pin_skips=0 gated=0 ramp=2..50 bar=0 suppressed=0 wide_skips=0 served=0.0MB copied=0.0MB ssd_avoided=0.0GB live=0/0.0GB model=0 protected=0 declined=0 topup_suppressed=0 aged=0 into=0/0/0 pending=0
[mirror-split] internal=0 K3C=0 K3B=0 K3A=0  shares=0%/0%/0%/0%
[phases] mono=356727.587678 chunks=61 sequence=129.568s read_wait=0.171s bind_upload=1.606s attention_resident=9.102s expert_read_prefetch=62.150s expert_demand_read=37.230s expert_plan=4.589s expert_hint=0.000s expert_submit=0.000s expert_kernel=55.394s source_fence=0.000s tail_head_sync=0.967s layer_other=0.138s expert_read_gross=57.561s plan_hint=4.460s plan_sched=0.127s attn_total=10.285s attn_encode=2.774s attn_wait=6.253s attn_drain=1.258s kernel_total=28.204s kernel_host=1.372s kernel_wait=6.303s kernel_drain=20.528s
[attn-split] single: calls=5394 total=4.905s encode=1.738s wait=1.909s drain=1.258s waits=9338 untimed=1631 | wide: calls=465 total=5.379s encode=1.035s wait=4.344s drain=0.000s waits=460 untimed=460 | hint: calls=5796 total=4.612s encode=0.015s wait=4.597s drain=0.000s waits=5944 untimed=5944
[kernel-split] single: calls=5762 total=20.839s encode=0.572s wait=0.335s drain=19.932s waits=6173 untimed=4810 | wide: calls=1135 total=7.364s encode=0.800s wait=5.968s drain=0.596s waits=1135 untimed=0
[kernel-sub] materialize=0.383s moe=7.231s precommit=19.974s rest=0.615s
[metal-cache] calls=12249 zero_copy_wraps=462 copies=0 cache_entries=198 bindless=true
 rate
[stats] generated=66 elapsed=138.399s speed=0.4769 token/s (2.097 s/token) chunks=62 committed_rows=102 verify_tx=4 drafts=4/16 layer_passes=5766 expert_rows=9936 expert_tiles=6186
[verify-width] w1=0 w2=2 w3=0 w4=1 w5=0 w6=0 w7=0 w8+=1              (w1 share 0.0% of 4 transactions)
[opens] expert file opens=260725 total=3.524s mean=0.014ms requested_bytes=3056527457472 (3056.5 GB)
[arrival] tiles=842 waves=1466 uncovered_wait=29.688s dispatch=7.055s
[retain] enabled=false cap_gb=8 layers=63..=92 consults=0 wanted=0 hits=0 inserts=0 served=0.0MB
[summer] enabled=false cap_gb=8 sample=16 consults=0 wanted=0 hits=0 hit_rate=0.0% misses=0 inserts=0 evictions=0 recycled=0 allocs=0 pin_skips=0 gated=0 ramp=2..50 bar=0 suppressed=0 wide_skips=0 served=0.0MB copied=0.0MB ssd_avoided=0.0GB live=0/0.0GB model=0 protected=0 declined=0 topup_suppressed=0 aged=0 into=0/0/0 pending=0
[mirror-split] internal=0 K3C=0 K3B=0 K3A=0  shares=0%/0%/0%/0%
[phases] mono=356729.136442 chunks=62 sequence=131.099s read_wait=0.171s bind_upload=1.606s attention_resident=9.178s expert_read_prefetch=63.236s expert_demand_read=37.871s expert_plan=4.663s expert_hint=0.000s expert_submit=0.000s expert_kernel=55.748s source_fence=0.000s tail_head_sync=0.980s layer_other=0.139s expert_read_gross=58.573s plan_hint=4.533s plan_sched=0.129s attn_total=10.361s attn_encode=2.800s attn_wait=6.283s attn_drain=1.278s kernel_total=28.546s kernel_host=1.381s kernel_wait=6.307s kernel_drain=20.857s
[attn-split] single: calls=5487 total=4.981s encode=1.765s wait=1.939s drain=1.278s waits=9499 untimed=1660 | wide: calls=465 total=5.379s encode=1.035s wait=4.344s drain=0.000s waits=460 untimed=460 | hint: calls=5888 total=4.685s encode=0.016s wait=4.669s drain=0.000s waits=6035 untimed=6035
[kernel-split] single: calls=5859 total=21.181s encode=0.581s wait=0.339s drain=20.261s waits=6276 untimed=4896 | wide: calls=1135 total=7.364s encode=0.800s wait=5.968s drain=0.596s waits=1135 untimed=0
[kernel-sub] materialize=0.383s moe=7.239s precommit=20.304s rest=0.620s
[metal-cache] calls=12346 zero_copy_wraps=462 copies=0 cache_entries=198 bindless=true
.


[stats] generated=67 elapsed=139.887s speed=0.4790 token/s (2.088 s/token) chunks=63 committed_rows=103 verify_tx=4 drafts=4/16 layer_passes=5859 expert_rows=10028 expert_tiles=6278
[verify-width] w1=0 w2=2 w3=0 w4=1 w5=0 w6=0 w7=0 w8+=1              (w1 share 0.0% of 4 transactions)
[opens] expert file opens=264755 total=3.576s mean=0.014ms requested_bytes=3091823869120 (3091.8 GB)
[arrival] tiles=843 waves=1473 uncovered_wait=29.700s dispatch=7.064s
[retain] enabled=false cap_gb=8 layers=63..=92 consults=0 wanted=0 hits=0 inserts=0 served=0.0MB
[summer] enabled=false cap_gb=8 sample=16 consults=0 wanted=0 hits=0 hit_rate=0.0% misses=0 inserts=0 evictions=0 recycled=0 allocs=0 pin_skips=0 gated=0 ramp=2..50 bar=0 suppressed=0 wide_skips=0 served=0.0MB copied=0.0MB ssd_avoided=0.0GB live=0/0.0GB model=0 protected=0 declined=0 topup_suppressed=0 aged=0 into=0/0/0 pending=0
[mirror-split] internal=0 K3C=0 K3B=0 K3A=0  shares=0%/0%/0%/0%
[phases] mono=356730.624570 chunks=63 sequence=132.586s read_wait=0.171s bind_upload=1.606s attention_resident=9.253s expert_read_prefetch=64.296s expert_demand_read=38.489s expert_plan=4.730s expert_hint=0.000s expert_submit=0.000s expert_kernel=56.084s source_fence=0.000s tail_head_sync=0.996s layer_other=0.140s expert_read_gross=59.566s plan_hint=4.599s plan_sched=0.130s attn_total=10.435s attn_encode=2.825s attn_wait=6.311s attn_drain=1.299s kernel_total=28.869s kernel_host=1.389s kernel_wait=6.312s kernel_drain=21.167s
[attn-split] single: calls=5580 total=5.056s encode=1.790s wait=1.967s drain=1.299s waits=9660 untimed=1693 | wide: calls=465 total=5.379s encode=1.035s wait=4.344s drain=0.000s waits=460 untimed=460 | hint: calls=5980 total=4.751s encode=0.016s wait=4.735s drain=0.000s waits=6126 untimed=6126
[kernel-split] single: calls=5957 total=21.505s encode=0.589s wait=0.345s drain=20.571s waits=6381 untimed=4982 | wide: calls=1135 total=7.364s encode=0.800s wait=5.968s drain=0.596s waits=1135 untimed=0
[kernel-sub] materialize=0.383s moe=7.248s precommit=20.614s rest=0.624s
[metal-cache] calls=12444 zero_copy_wraps=462 copies=0 cache_entries=198 bindless=true
###
[stats] generated=68 elapsed=141.388s speed=0.4809 token/s (2.079 s/token) chunks=64 committed_rows=104 verify_tx=4 drafts=4/16 layer_passes=5952 expert_rows=10120 expert_tiles=6370
[verify-width] w1=0 w2=2 w3=0 w4=1 w5=0 w6=0 w7=0 w8+=1              (w1 share 0.0% of 4 transactions)
[opens] expert file opens=268711 total=3.630s mean=0.014ms requested_bytes=3126532406464 (3126.5 GB)
[arrival] tiles=844 waves=1480 uncovered_wait=29.711s dispatch=7.074s
[retain] enabled=false cap_gb=8 layers=63..=92 consults=0 wanted=0 hits=0 inserts=0 served=0.0MB
[summer] enabled=false cap_gb=8 sample=16 consults=0 wanted=0 hits=0 hit_rate=0.0% misses=0 inserts=0 evictions=0 recycled=0 allocs=0 pin_skips=0 gated=0 ramp=2..50 bar=0 suppressed=0 wide_skips=0 served=0.0MB copied=0.0MB ssd_avoided=0.0GB live=0/0.0GB model=0 protected=0 declined=0 topup_suppressed=0 aged=0 into=0/0/0 pending=0
[mirror-split] internal=0 K3C=0 K3B=0 K3A=0  shares=0%/0%/0%/0%
[phases] mono=356732.125455 chunks=64 sequence=134.086s read_wait=0.171s bind_upload=1.606s attention_resident=9.327s expert_read_prefetch=65.338s expert_demand_read=39.085s expert_plan=4.803s expert_hint=0.000s expert_submit=0.000s expert_kernel=56.449s source_fence=0.000s tail_head_sync=1.013s layer_other=0.142s expert_read_gross=60.535s plan_hint=4.671s plan_sched=0.131s attn_total=10.509s attn_encode=2.851s attn_wait=6.339s attn_drain=1.319s kernel_total=29.223s kernel_host=1.400s kernel_wait=6.318s kernel_drain=21.505s
[attn-split] single: calls=5673 total=5.130s encode=1.816s wait=1.995s drain=1.319s waits=9821 untimed=1716 | wide: calls=465 total=5.379s encode=1.035s wait=4.344s drain=0.000s waits=460 untimed=460 | hint: calls=6072 total=4.823s encode=0.016s wait=4.807s drain=0.000s waits=6217 untimed=6217
[kernel-split] single: calls=6055 total=21.859s encode=0.600s wait=0.350s drain=20.909s waits=6486 untimed=5068 | wide: calls=1135 total=7.364s encode=0.800s wait=5.968s drain=0.596s waits=1135 untimed=0
[kernel-sub] materialize=0.383s moe=7.258s precommit=20.953s rest=0.628s
[metal-cache] calls=12542 zero_copy_wraps=462 copies=0 cache_entries=198 bindless=true
 How
[stats] generated=69 elapsed=142.821s speed=0.4831 token/s (2.070 s/token) chunks=65 committed_rows=105 verify_tx=4 drafts=4/16 layer_passes=6045 expert_rows=10212 expert_tiles=6462
[verify-width] w1=0 w2=2 w3=0 w4=1 w5=0 w6=0 w7=0 w8+=1              (w1 share 0.0% of 4 transactions)
[opens] expert file opens=272602 total=3.684s mean=0.014ms requested_bytes=3160661884096 (3160.7 GB)
[arrival] tiles=845 waves=1488 uncovered_wait=29.718s dispatch=7.084s
[retain] enabled=false cap_gb=8 layers=63..=92 consults=0 wanted=0 hits=0 inserts=0 served=0.0MB
[summer] enabled=false cap_gb=8 sample=16 consults=0 wanted=0 hits=0 hit_rate=0.0% misses=0 inserts=0 evictions=0 recycled=0 allocs=0 pin_skips=0 gated=0 ramp=2..50 bar=0 suppressed=0 wide_skips=0 served=0.0MB copied=0.0MB ssd_avoided=0.0GB live=0/0.0GB model=0 protected=0 declined=0 topup_suppressed=0 aged=0 into=0/0/0 pending=0
[mirror-split] internal=0 K3C=0 K3B=0 K3A=0  shares=0%/0%/0%/0%
[phases] mono=356733.558670 chunks=65 sequence=135.518s read_wait=0.171s bind_upload=1.606s attention_resident=9.422s expert_read_prefetch=66.307s expert_demand_read=39.639s expert_plan=4.875s expert_hint=0.000s expert_submit=0.000s expert_kernel=56.803s source_fence=0.000s tail_head_sync=1.026s layer_other=0.144s expert_read_gross=61.431s plan_hint=4.742s plan_sched=0.132s attn_total=10.604s attn_encode=2.892s attn_wait=6.370s attn_drain=1.342s kernel_total=29.570s kernel_host=1.411s kernel_wait=6.322s kernel_drain=21.837s
[attn-split] single: calls=5766 total=5.224s encode=1.856s wait=2.026s drain=1.342s waits=9982 untimed=1744 | wide: calls=465 total=5.379s encode=1.035s wait=4.344s drain=0.000s waits=460 untimed=460 | hint: calls=6164 total=4.894s encode=0.016s wait=4.878s drain=0.000s waits=6308 untimed=6308
[kernel-split] single: calls=6154 total=22.206s encode=0.611s wait=0.354s drain=21.240s waits=6593 untimed=5154 | wide: calls=1135 total=7.364s encode=0.800s wait=5.968s drain=0.596s waits=1135 untimed=0
[kernel-sub] materialize=0.383s moe=7.268s precommit=21.286s rest=0.633s
[metal-cache] calls=12641 zero_copy_wraps=462 copies=0 cache_entries=198 bindless=true
[route-chain] chained=4140
[route-chain] dedup_hits=4140
 a
[stats] generated=70 elapsed=144.262s speed=0.4852 token/s (2.061 s/token) chunks=66 committed_rows=106 verify_tx=4 drafts=4/16 layer_passes=6138 expert_rows=10304 expert_tiles=6554
[verify-width] w1=0 w2=2 w3=0 w4=1 w5=0 w6=0 w7=0 w8+=1              (w1 share 0.0% of 4 transactions)
[opens] expert file opens=276523 total=3.736s mean=0.014ms requested_bytes=3195089665216 (3195.1 GB)
[arrival] tiles=846 waves=1493 uncovered_wait=29.727s dispatch=7.090s
[retain] enabled=false cap_gb=8 layers=63..=92 consults=0 wanted=0 hits=0 inserts=0 served=0.0MB
[summer] enabled=false cap_gb=8 sample=16 consults=0 wanted=0 hits=0 hit_rate=0.0% misses=0 inserts=0 evictions=0 recycled=0 allocs=0 pin_skips=0 gated=0 ramp=2..50 bar=0 suppressed=0 wide_skips=0 served=0.0MB copied=0.0MB ssd_avoided=0.0GB live=0/0.0GB model=0 protected=0 declined=0 topup_suppressed=0 aged=0 into=0/0/0 pending=0
[mirror-split] internal=0 K3C=0 K3B=0 K3A=0  shares=0%/0%/0%/0%
[phases] mono=356734.999485 chunks=66 sequence=136.958s read_wait=0.171s bind_upload=1.606s attention_resident=9.495s expert_read_prefetch=67.285s expert_demand_read=40.248s expert_plan=4.956s expert_hint=0.000s expert_submit=0.000s expert_kernel=57.173s source_fence=0.000s tail_head_sync=1.042s layer_other=0.145s expert_read_gross=62.329s plan_hint=4.822s plan_sched=0.133s attn_total=10.677s attn_encode=2.917s attn_wait=6.391s attn_drain=1.369s kernel_total=29.931s kernel_host=1.420s kernel_wait=6.325s kernel_drain=22.185s
[attn-split] single: calls=5859 total=5.298s encode=1.882s wait=2.047s drain=1.369s waits=10143 untimed=1766 | wide: calls=465 total=5.379s encode=1.035s wait=4.344s drain=0.000s waits=460 untimed=460 | hint: calls=6256 total=4.974s encode=0.016s wait=4.957s drain=0.000s waits=6399 untimed=6399
[kernel-split] single: calls=6250 total=22.566s encode=0.620s wait=0.358s drain=21.589s waits=6694 untimed=5239 | wide: calls=1135 total=7.364s encode=0.800s wait=5.968s drain=0.596s waits=1135 untimed=0
[kernel-sub] materialize=0.383s moe=7.274s precommit=21.636s rest=0.637s
[metal-cache] calls=12737 zero_copy_wraps=462 copies=0 cache_entries=198 bindless=true
 Central
[stats] generated=71 elapsed=145.769s speed=0.4871 token/s (2.053 s/token) chunks=67 committed_rows=107 verify_tx=4 drafts=4/16 layer_passes=6231 expert_rows=10396 expert_tiles=6646
[verify-width] w1=0 w2=2 w3=0 w4=1 w5=0 w6=0 w7=0 w8+=1              (w1 share 0.0% of 4 transactions)
[opens] expert file opens=280512 total=3.788s mean=0.014ms requested_bytes=3230061427904 (3230.1 GB)
[arrival] tiles=847 waves=1499 uncovered_wait=29.735s dispatch=7.099s
[retain] enabled=false cap_gb=8 layers=63..=92 consults=0 wanted=0 hits=0 inserts=0 served=0.0MB
[summer] enabled=false cap_gb=8 sample=16 consults=0 wanted=0 hits=0 hit_rate=0.0% misses=0 inserts=0 evictions=0 recycled=0 allocs=0 pin_skips=0 gated=0 ramp=2..50 bar=0 suppressed=0 wide_skips=0 served=0.0MB copied=0.0MB ssd_avoided=0.0GB live=0/0.0GB model=0 protected=0 declined=0 topup_suppressed=0 aged=0 into=0/0/0 pending=0
[mirror-split] internal=0 K3C=0 K3B=0 K3A=0  shares=0%/0%/0%/0%
[phases] mono=356736.506401 chunks=67 sequence=138.464s read_wait=0.171s bind_upload=1.606s attention_resident=9.569s expert_read_prefetch=68.336s expert_demand_read=40.887s expert_plan=5.037s expert_hint=0.000s expert_submit=0.000s expert_kernel=57.537s source_fence=0.000s tail_head_sync=1.056s layer_other=0.147s expert_read_gross=63.299s plan_hint=4.902s plan_sched=0.134s attn_total=10.751s attn_encode=2.938s attn_wait=6.420s attn_drain=1.393s kernel_total=30.286s kernel_host=1.429s kernel_wait=6.330s kernel_drain=22.527s
[attn-split] single: calls=5952 total=5.372s encode=1.903s wait=2.076s drain=1.393s waits=10304 untimed=1801 | wide: calls=465 total=5.379s encode=1.035s wait=4.344s drain=0.000s waits=460 untimed=460 | hint: calls=6348 total=5.053s encode=0.017s wait=5.037s drain=0.000s waits=6490 untimed=6490
[kernel-split] single: calls=6347 total=22.922s encode=0.629s wait=0.362s drain=21.931s waits=6797 untimed=5325 | wide: calls=1135 total=7.364s encode=0.800s wait=5.968s drain=0.596s waits=1135 untimed=0
[kernel-sub] materialize=0.383s moe=7.283s precommit=21.979s rest=0.641s
[metal-cache] calls=12834 zero_copy_wraps=462 copies=0 cache_entries=198 bindless=true
 Bank
[stats] generated=72 elapsed=147.229s speed=0.4890 token/s (2.045 s/token) chunks=68 committed_rows=108 verify_tx=4 drafts=4/16 layer_passes=6324 expert_rows=10488 expert_tiles=6738
[verify-width] w1=0 w2=2 w3=0 w4=1 w5=0 w6=0 w7=0 w8+=1              (w1 share 0.0% of 4 transactions)
[opens] expert file opens=284395 total=3.841s mean=0.014ms requested_bytes=3264120716480 (3264.1 GB)
[arrival] tiles=848 waves=1506 uncovered_wait=29.745s dispatch=7.109s
[retain] enabled=false cap_gb=8 layers=63..=92 consults=0 wanted=0 hits=0 inserts=0 served=0.0MB
[summer] enabled=false cap_gb=8 sample=16 consults=0 wanted=0 hits=0 hit_rate=0.0% misses=0 inserts=0 evictions=0 recycled=0 allocs=0 pin_skips=0 gated=0 ramp=2..50 bar=0 suppressed=0 wide_skips=0 served=0.0MB copied=0.0MB ssd_avoided=0.0GB live=0/0.0GB model=0 protected=0 declined=0 topup_suppressed=0 aged=0 into=0/0/0 pending=0
[mirror-split] internal=0 K3C=0 K3B=0 K3A=0  shares=0%/0%/0%/0%
[phases] mono=356737.966633 chunks=68 sequence=139.923s read_wait=0.171s bind_upload=1.606s attention_resident=9.666s expert_read_prefetch=69.276s expert_demand_read=41.436s expert_plan=5.113s expert_hint=0.000s expert_submit=0.000s expert_kernel=57.945s source_fence=0.000s tail_head_sync=1.070s layer_other=0.148s expert_read_gross=64.163s plan_hint=4.976s plan_sched=0.135s attn_total=10.847s attn_encode=2.970s attn_wait=6.449s attn_drain=1.428s kernel_total=30.684s kernel_host=1.440s kernel_wait=6.334s kernel_drain=22.909s
[attn-split] single: calls=6045 total=5.468s encode=1.935s wait=2.105s drain=1.428s waits=10465 untimed=1824 | wide: calls=465 total=5.379s encode=1.035s wait=4.344s drain=0.000s waits=460 untimed=460 | hint: calls=6440 total=5.128s encode=0.017s wait=5.111s drain=0.000s waits=6581 untimed=6581
[kernel-split] single: calls=6445 total=23.320s encode=0.640s wait=0.367s drain=22.313s waits=6902 untimed=5405 | wide: calls=1135 total=7.364s encode=0.800s wait=5.968s drain=0.596s waits=1135 untimed=0
[kernel-sub] materialize=0.383s moe=7.292s precommit=22.362s rest=0.646s
[metal-cache] calls=12932 zero_copy_wraps=462 copies=0 cache_entries=198 bindless=true
 Sets
[stats] generated=73 elapsed=148.789s speed=0.4906 token/s (2.038 s/token) chunks=69 committed_rows=109 verify_tx=4 drafts=4/16 layer_passes=6417 expert_rows=10580 expert_tiles=6830
[verify-width] w1=0 w2=2 w3=0 w4=1 w5=0 w6=0 w7=0 w8+=1              (w1 share 0.0% of 4 transactions)
[opens] expert file opens=288471 total=3.897s mean=0.014ms requested_bytes=3299899620544 (3299.9 GB)
[arrival] tiles=849 waves=1512 uncovered_wait=29.755s dispatch=7.119s
[retain] enabled=false cap_gb=8 layers=63..=92 consults=0 wanted=0 hits=0 inserts=0 served=0.0MB
[summer] enabled=false cap_gb=8 sample=16 consults=0 wanted=0 hits=0 hit_rate=0.0% misses=0 inserts=0 evictions=0 recycled=0 allocs=0 pin_skips=0 gated=0 ramp=2..50 bar=0 suppressed=0 wide_skips=0 served=0.0MB copied=0.0MB ssd_avoided=0.0GB live=0/0.0GB model=0 protected=0 declined=0 topup_suppressed=0 aged=0 into=0/0/0 pending=0
[mirror-split] internal=0 K3C=0 K3B=0 K3A=0  shares=0%/0%/0%/0%
[phases] mono=356739.526036 chunks=69 sequence=141.480s read_wait=0.171s bind_upload=1.606s attention_resident=9.757s expert_read_prefetch=70.380s expert_demand_read=42.082s expert_plan=5.195s expert_hint=0.000s expert_submit=0.000s expert_kernel=58.291s source_fence=0.000s tail_head_sync=1.084s layer_other=0.150s expert_read_gross=65.184s plan_hint=5.058s plan_sched=0.136s attn_total=10.939s attn_encode=3.014s attn_wait=6.467s attn_drain=1.458s kernel_total=31.021s kernel_host=1.450s kernel_wait=6.339s kernel_drain=23.231s
[attn-split] single: calls=6138 total=5.559s encode=1.978s wait=2.123s drain=1.458s waits=10626 untimed=1841 | wide: calls=465 total=5.379s encode=1.035s wait=4.344s drain=0.000s waits=460 untimed=460 | hint: calls=6532 total=5.209s encode=0.017s wait=5.192s drain=0.000s waits=6672 untimed=6672
[kernel-split] single: calls=6542 total=23.657s encode=0.650s wait=0.372s drain=22.635s waits=7005 untimed=5488 | wide: calls=1135 total=7.364s encode=0.800s wait=5.968s drain=0.596s waits=1135 untimed=0
[kernel-sub] materialize=0.383s moe=7.302s precommit=22.685s rest=0.651s
[metal-cache] calls=13029 zero_copy_wraps=462 copies=0 cache_entries=198 bindless=true
 Interest
[stats] generated=74 elapsed=150.265s speed=0.4925 token/s (2.031 s/token) chunks=70 committed_rows=110 verify_tx=4 drafts=4/16 layer_passes=6510 expert_rows=10672 expert_tiles=6922
[verify-width] w1=0 w2=2 w3=0 w4=1 w5=0 w6=0 w7=0 w8+=1              (w1 share 0.0% of 4 transactions)
[opens] expert file opens=292411 total=3.949s mean=0.014ms requested_bytes=3334432701632 (3334.4 GB)
[arrival] tiles=850 waves=1520 uncovered_wait=29.765s dispatch=7.126s
[retain] enabled=false cap_gb=8 layers=63..=92 consults=0 wanted=0 hits=0 inserts=0 served=0.0MB
[summer] enabled=false cap_gb=8 sample=16 consults=0 wanted=0 hits=0 hit_rate=0.0% misses=0 inserts=0 evictions=0 recycled=0 allocs=0 pin_skips=0 gated=0 ramp=2..50 bar=0 suppressed=0 wide_skips=0 served=0.0MB copied=0.0MB ssd_avoided=0.0GB live=0/0.0GB model=0 protected=0 declined=0 topup_suppressed=0 aged=0 into=0/0/0 pending=0
[mirror-split] internal=0 K3C=0 K3B=0 K3A=0  shares=0%/0%/0%/0%
[phases] mono=356741.002143 chunks=70 sequence=142.954s read_wait=0.171s bind_upload=1.606s attention_resident=9.834s expert_read_prefetch=71.413s expert_demand_read=42.672s expert_plan=5.265s expert_hint=0.000s expert_submit=0.000s expert_kernel=58.641s source_fence=0.000s tail_head_sync=1.096s layer_other=0.151s expert_read_gross=66.148s plan_hint=5.126s plan_sched=0.137s attn_total=11.016s attn_encode=3.036s attn_wait=6.507s attn_drain=1.473s kernel_total=31.360s kernel_host=1.458s kernel_wait=6.343s kernel_drain=23.559s
[attn-split] single: calls=6231 total=5.636s encode=2.001s wait=2.163s drain=1.473s waits=10787 untimed=1874 | wide: calls=465 total=5.379s encode=1.035s wait=4.344s drain=0.000s waits=460 untimed=460 | hint: calls=6624 total=5.278s encode=0.017s wait=5.260s drain=0.000s waits=6763 untimed=6763
[kernel-split] single: calls=6641 total=23.996s encode=0.658s wait=0.375s drain=22.963s waits=7112 untimed=5576 | wide: calls=1135 total=7.364s encode=0.800s wait=5.968s drain=0.596s waits=1135 untimed=0
[kernel-sub] materialize=0.383s moe=7.309s precommit=23.013s rest=0.655s
[metal-cache] calls=13128 zero_copy_wraps=462 copies=0 cache_entries=198 bindless=true
 Rates
[stats] generated=75 elapsed=151.759s speed=0.4942 token/s (2.023 s/token) chunks=71 committed_rows=111 verify_tx=4 drafts=4/16 layer_passes=6603 expert_rows=10764 expert_tiles=7014
[verify-width] w1=0 w2=2 w3=0 w4=1 w5=0 w6=0 w7=0 w8+=1              (w1 share 0.0% of 4 transactions)
[opens] expert file opens=296444 total=4.004s mean=0.014ms requested_bytes=3369834331328 (3369.8 GB)
[arrival] tiles=851 waves=1527 uncovered_wait=29.777s dispatch=7.135s
[retain] enabled=false cap_gb=8 layers=63..=92 consults=0 wanted=0 hits=0 inserts=0 served=0.0MB
[summer] enabled=false cap_gb=8 sample=16 consults=0 wanted=0 hits=0 hit_rate=0.0% misses=0 inserts=0 evictions=0 recycled=0 allocs=0 pin_skips=0 gated=0 ramp=2..50 bar=0 suppressed=0 wide_skips=0 served=0.0MB copied=0.0MB ssd_avoided=0.0GB live=0/0.0GB model=0 protected=0 declined=0 topup_suppressed=0 aged=0 into=0/0/0 pending=0
[mirror-split] internal=0 K3C=0 K3B=0 K3A=0  shares=0%/0%/0%/0%
[phases] mono=356742.495906 chunks=71 sequence=144.447s read_wait=0.171s bind_upload=1.606s attention_resident=9.917s expert_read_prefetch=72.414s expert_demand_read=43.305s expert_plan=5.338s expert_hint=0.000s expert_submit=0.000s expert_kernel=59.031s source_fence=0.000s tail_head_sync=1.114s layer_other=0.153s expert_read_gross=67.076s plan_hint=5.198s plan_sched=0.138s attn_total=11.098s attn_encode=3.065s attn_wait=6.527s attn_drain=1.506s kernel_total=31.738s kernel_host=1.468s kernel_wait=6.347s kernel_drain=23.923s
[attn-split] single: calls=6324 total=5.719s encode=2.030s wait=2.183s drain=1.506s waits=10948 untimed=1890 | wide: calls=465 total=5.379s encode=1.035s wait=4.344s drain=0.000s waits=460 untimed=460 | hint: calls=6716 total=5.350s encode=0.018s wait=5.332s drain=0.000s waits=6854 untimed=6854
[kernel-split] single: calls=6739 total=24.373s encode=0.668s wait=0.379s drain=23.326s waits=7217 untimed=5664 | wide: calls=1135 total=7.364s encode=0.800s wait=5.968s drain=0.596s waits=1135 untimed=0
[kernel-sub] materialize=0.383s moe=7.318s precommit=23.377s rest=0.660s
[metal-cache] calls=13226 zero_copy_wraps=462 copies=0 cache_entries=198 bindless=true



[stats] generated=76 elapsed=153.256s speed=0.4959 token/s (2.017 s/token) chunks=72 committed_rows=112 verify_tx=4 drafts=4/16 layer_passes=6696 expert_rows=10856 expert_tiles=7106
[verify-width] w1=0 w2=2 w3=0 w4=1 w5=0 w6=0 w7=0 w8+=1              (w1 share 0.0% of 4 transactions)
[opens] expert file opens=300424 total=4.054s mean=0.013ms requested_bytes=3404692061376 (3404.7 GB)
[arrival] tiles=852 waves=1535 uncovered_wait=29.786s dispatch=7.147s
[retain] enabled=false cap_gb=8 layers=63..=92 consults=0 wanted=0 hits=0 inserts=0 served=0.0MB
[summer] enabled=false cap_gb=8 sample=16 consults=0 wanted=0 hits=0 hit_rate=0.0% misses=0 inserts=0 evictions=0 recycled=0 allocs=0 pin_skips=0 gated=0 ramp=2..50 bar=0 suppressed=0 wide_skips=0 served=0.0MB copied=0.0MB ssd_avoided=0.0GB live=0/0.0GB model=0 protected=0 declined=0 topup_suppressed=0 aged=0 into=0/0/0 pending=0
[mirror-split] internal=0 K3C=0 K3B=0 K3A=0  shares=0%/0%/0%/0%
[phases] mono=356743.993367 chunks=72 sequence=145.942s read_wait=0.171s bind_upload=1.606s attention_resident=9.992s expert_read_prefetch=73.466s expert_demand_read=43.932s expert_plan=5.411s expert_hint=0.000s expert_submit=0.000s expert_kernel=59.385s source_fence=0.000s tail_head_sync=1.127s layer_other=0.154s expert_read_gross=68.054s plan_hint=5.270s plan_sched=0.139s attn_total=11.173s attn_encode=3.091s attn_wait=6.553s attn_drain=1.529s kernel_total=32.083s kernel_host=1.478s kernel_wait=6.353s kernel_drain=24.252s
[attn-split] single: calls=6417 total=5.794s encode=2.056s wait=2.209s drain=1.529s waits=11109 untimed=1913 | wide: calls=465 total=5.379s encode=1.035s wait=4.344s drain=0.000s waits=460 untimed=460 | hint: calls=6808 total=5.422s encode=0.018s wait=5.404s drain=0.000s waits=6945 untimed=6945
[kernel-split] single: calls=6838 total=24.719s encode=0.678s wait=0.386s drain=23.655s waits=7324 untimed=5741 | wide: calls=1135 total=7.364s encode=0.800s wait=5.968s drain=0.596s waits=1135 untimed=0
[kernel-sub] materialize=0.383s moe=7.330s precommit=23.706s rest=0.664s
[metal-cache] calls=13325 zero_copy_wraps=462 copies=0 cache_entries=198 bindless=true
1
[stats] generated=77 elapsed=154.742s speed=0.4976 token/s (2.010 s/token) chunks=73 committed_rows=113 verify_tx=4 drafts=4/16 layer_passes=6789 expert_rows=10948 expert_tiles=7198
[verify-width] w1=0 w2=2 w3=0 w4=1 w5=0 w6=0 w7=0 w8+=1              (w1 share 0.0% of 4 transactions)
[opens] expert file opens=304386 total=4.108s mean=0.013ms requested_bytes=3439409396928 (3439.4 GB)
[arrival] tiles=853 waves=1543 uncovered_wait=29.795s dispatch=7.157s
[retain] enabled=false cap_gb=8 layers=63..=92 consults=0 wanted=0 hits=0 inserts=0 served=0.0MB
[summer] enabled=false cap_gb=8 sample=16 consults=0 wanted=0 hits=0 hit_rate=0.0% misses=0 inserts=0 evictions=0 recycled=0 allocs=0 pin_skips=0 gated=0 ramp=2..50 bar=0 suppressed=0 wide_skips=0 served=0.0MB copied=0.0MB ssd_avoided=0.0GB live=0/0.0GB model=0 protected=0 declined=0 topup_suppressed=0 aged=0 into=0/0/0 pending=0
[mirror-split] internal=0 K3C=0 K3B=0 K3A=0  shares=0%/0%/0%/0%
[phases] mono=356745.479098 chunks=73 sequence=147.426s read_wait=0.171s bind_upload=1.606s attention_resident=10.082s expert_read_prefetch=74.458s expert_demand_read=44.550s expert_plan=5.495s expert_hint=0.000s expert_submit=0.000s expert_kernel=59.767s source_fence=0.000s tail_head_sync=1.144s layer_other=0.156s expert_read_gross=68.963s plan_hint=5.353s plan_sched=0.140s attn_total=11.262s attn_encode=3.132s attn_wait=6.576s attn_drain=1.554s kernel_total=32.456s kernel_host=1.488s kernel_wait=6.359s kernel_drain=24.609s
[attn-split] single: calls=6510 total=5.883s encode=2.097s wait=2.232s drain=1.554s waits=11270 untimed=1939 | wide: calls=465 total=5.379s encode=1.035s wait=4.344s drain=0.000s waits=460 untimed=460 | hint: calls=6900 total=5.504s encode=0.018s wait=5.486s drain=0.000s waits=7036 untimed=7036
[kernel-split] single: calls=6937 total=25.092s encode=0.688s wait=0.391s drain=24.013s waits=7431 untimed=5818 | wide: calls=1135 total=7.364s encode=0.800s wait=5.968s drain=0.596s waits=1135 untimed=0
[kernel-sub] materialize=0.383s moe=7.340s precommit=24.064s rest=0.668s
[metal-cache] calls=13424 zero_copy_wraps=462 copies=0 cache_entries=198 bindless=true
.
[stats] generated=78 elapsed=156.202s speed=0.4994 token/s (2.003 s/token) chunks=74 committed_rows=114 verify_tx=4 drafts=4/16 layer_passes=6882 expert_rows=11040 expert_tiles=7290
[verify-width] w1=0 w2=2 w3=0 w4=1 w5=0 w6=0 w7=0 w8+=1              (w1 share 0.0% of 4 transactions)
[opens] expert file opens=308285 total=4.159s mean=0.013ms requested_bytes=3473652907200 (3473.7 GB)
[arrival] tiles=854 waves=1550 uncovered_wait=29.805s dispatch=7.167s
[retain] enabled=false cap_gb=8 layers=63..=92 consults=0 wanted=0 hits=0 inserts=0 served=0.0MB
[summer] enabled=false cap_gb=8 sample=16 consults=0 wanted=0 hits=0 hit_rate=0.0% misses=0 inserts=0 evictions=0 recycled=0 allocs=0 pin_skips=0 gated=0 ramp=2..50 bar=0 suppressed=0 wide_skips=0 served=0.0MB copied=0.0MB ssd_avoided=0.0GB live=0/0.0GB model=0 protected=0 declined=0 topup_suppressed=0 aged=0 into=0/0/0 pending=0
[mirror-split] internal=0 K3C=0 K3B=0 K3A=0  shares=0%/0%/0%/0%
[phases] mono=356746.939574 chunks=74 sequence=148.885s read_wait=0.171s bind_upload=1.606s attention_resident=10.159s expert_read_prefetch=75.477s expert_demand_read=45.167s expert_plan=5.565s expert_hint=0.000s expert_submit=0.000s expert_kernel=60.112s source_fence=0.000s tail_head_sync=1.160s layer_other=0.158s expert_read_gross=69.912s plan_hint=5.422s plan_sched=0.141s attn_total=11.340s attn_encode=3.158s attn_wait=6.597s attn_drain=1.585s kernel_total=32.791s kernel_host=1.497s kernel_wait=6.365s kernel_drain=24.929s
[attn-split] single: calls=6603 total=5.961s encode=2.122s wait=2.253s drain=1.585s waits=11431 untimed=1964 | wide: calls=465 total=5.379s encode=1.035s wait=4.344s drain=0.000s waits=460 untimed=460 | hint: calls=6992 total=5.573s encode=0.018s wait=5.555s drain=0.000s waits=7127 untimed=7127
[kernel-split] single: calls=7035 total=25.427s encode=0.697s wait=0.397s drain=24.333s waits=7536 untimed=5900 | wide: calls=1135 total=7.364s encode=0.800s wait=5.968s drain=0.596s waits=1135 untimed=0
[kernel-sub] materialize=0.383s moe=7.350s precommit=24.385s rest=0.673s
[metal-cache] calls=13522 zero_copy_wraps=462 copies=0 cache_entries=198 bindless=true
 **
[stats] generated=79 elapsed=157.752s speed=0.5008 token/s (1.997 s/token) chunks=75 committed_rows=115 verify_tx=4 drafts=4/16 layer_passes=6975 expert_rows=11132 expert_tiles=7382
[verify-width] w1=0 w2=2 w3=0 w4=1 w5=0 w6=0 w7=0 w8+=1              (w1 share 0.0% of 4 transactions)
[opens] expert file opens=312312 total=4.212s mean=0.013ms requested_bytes=3508966833344 (3509.0 GB)
[arrival] tiles=855 waves=1555 uncovered_wait=29.814s dispatch=7.175s
[retain] enabled=false cap_gb=8 layers=63..=92 consults=0 wanted=0 hits=0 inserts=0 served=0.0MB
[summer] enabled=false cap_gb=8 sample=16 consults=0 wanted=0 hits=0 hit_rate=0.0% misses=0 inserts=0 evictions=0 recycled=0 allocs=0 pin_skips=0 gated=0 ramp=2..50 bar=0 suppressed=0 wide_skips=0 served=0.0MB copied=0.0MB ssd_avoided=0.0GB live=0/0.0GB model=0 protected=0 declined=0 topup_suppressed=0 aged=0 into=0/0/0 pending=0
[mirror-split] internal=0 K3C=0 K3B=0 K3A=0  shares=0%/0%/0%/0%
[phases] mono=356748.488926 chunks=75 sequence=150.433s read_wait=0.171s bind_upload=1.606s attention_resident=10.232s expert_read_prefetch=76.574s expert_demand_read=45.824s expert_plan=5.639s expert_hint=0.000s expert_submit=0.000s expert_kernel=60.476s source_fence=0.000s tail_head_sync=1.174s layer_other=0.159s expert_read_gross=70.934s plan_hint=5.495s plan_sched=0.142s attn_total=11.412s attn_encode=3.180s attn_wait=6.625s attn_drain=1.607s kernel_total=33.145s kernel_host=1.505s kernel_wait=6.370s kernel_drain=25.269s
[attn-split] single: calls=6696 total=6.033s encode=2.145s wait=2.280s drain=1.607s waits=11592 untimed=1988 | wide: calls=465 total=5.379s encode=1.035s wait=4.344s drain=0.000s waits=460 untimed=460 | hint: calls=7084 total=5.647s encode=0.018s wait=5.628s drain=0.000s waits=7218 untimed=7218
[kernel-split] single: calls=7131 total=25.781s encode=0.705s wait=0.403s drain=24.673s waits=7637 untimed=5982 | wide: calls=1135 total=7.364s encode=0.800s wait=5.968s drain=0.596s waits=1135 untimed=0
[kernel-sub] materialize=0.383s moe=7.358s precommit=24.727s rest=0.677s
[metal-cache] calls=13618 zero_copy_wraps=462 copies=0 cache_entries=198 bindless=true
Policy
[stats] generated=80 elapsed=159.255s speed=0.5023 token/s (1.991 s/token) chunks=76 committed_rows=116 verify_tx=4 drafts=4/16 layer_passes=7068 expert_rows=11224 expert_tiles=7474
[verify-width] w1=0 w2=2 w3=0 w4=1 w5=0 w6=0 w7=0 w8+=1              (w1 share 0.0% of 4 transactions)
[opens] expert file opens=316378 total=4.266s mean=0.013ms requested_bytes=3544640470208 (3544.6 GB)
[arrival] tiles=856 waves=1562 uncovered_wait=29.823s dispatch=7.185s
[retain] enabled=false cap_gb=8 layers=63..=92 consults=0 wanted=0 hits=0 inserts=0 served=0.0MB
[summer] enabled=false cap_gb=8 sample=16 consults=0 wanted=0 hits=0 hit_rate=0.0% misses=0 inserts=0 evictions=0 recycled=0 allocs=0 pin_skips=0 gated=0 ramp=2..50 bar=0 suppressed=0 wide_skips=0 served=0.0MB copied=0.0MB ssd_avoided=0.0GB live=0/0.0GB model=0 protected=0 declined=0 topup_suppressed=0 aged=0 into=0/0/0 pending=0
[mirror-split] internal=0 K3C=0 K3B=0 K3A=0  shares=0%/0%/0%/0%
[phases] mono=356749.992714 chunks=76 sequence=151.936s read_wait=0.171s bind_upload=1.606s attention_resident=10.302s expert_read_prefetch=77.628s expert_demand_read=46.447s expert_plan=5.713s expert_hint=0.000s expert_submit=0.000s expert_kernel=60.836s source_fence=0.000s tail_head_sync=1.190s layer_other=0.161s expert_read_gross=71.915s plan_hint=5.568s plan_sched=0.143s attn_total=11.482s attn_encode=3.203s attn_wait=6.655s attn_drain=1.624s kernel_total=33.495s kernel_host=1.515s kernel_wait=6.375s kernel_drain=25.605s
[attn-split] single: calls=6789 total=6.103s encode=2.168s wait=2.311s drain=1.624s waits=11753 untimed=2017 | wide: calls=465 total=5.379s encode=1.035s wait=4.344s drain=0.000s waits=460 untimed=460 | hint: calls=7176 total=5.719s encode=0.019s wait=5.701s drain=0.000s waits=7309 untimed=7309
[kernel-split] single: calls=7229 total=26.131s encode=0.715s wait=0.407s drain=25.008s waits=7742 untimed=6068 | wide: calls=1135 total=7.364s encode=0.800s wait=5.968s drain=0.596s waits=1135 untimed=0
[kernel-sub] materialize=0.383s moe=7.367s precommit=25.063s rest=0.682s
[metal-cache] calls=13716 zero_copy_wraps=462 copies=0 cache_entries=198 bindless=true
[route-chain] chained=4830
[route-chain] dedup_hits=4830
 Dec
[stats] generated=81 elapsed=160.803s speed=0.5037 token/s (1.985 s/token) chunks=77 committed_rows=117 verify_tx=4 drafts=4/16 layer_passes=7161 expert_rows=11316 expert_tiles=7566
[verify-width] w1=0 w2=2 w3=0 w4=1 w5=0 w6=0 w7=0 w8+=1              (w1 share 0.0% of 4 transactions)
[opens] expert file opens=320353 total=4.321s mean=0.013ms requested_bytes=3579524463808 (3579.5 GB)
[arrival] tiles=857 waves=1566 uncovered_wait=29.832s dispatch=7.193s
[retain] enabled=false cap_gb=8 layers=63..=92 consults=0 wanted=0 hits=0 inserts=0 served=0.0MB
[summer] enabled=false cap_gb=8 sample=16 consults=0 wanted=0 hits=0 hit_rate=0.0% misses=0 inserts=0 evictions=0 recycled=0 allocs=0 pin_skips=0 gated=0 ramp=2..50 bar=0 suppressed=0 wide_skips=0 served=0.0MB copied=0.0MB ssd_avoided=0.0GB live=0/0.0GB model=0 protected=0 declined=0 topup_suppressed=0 aged=0 into=0/0/0 pending=0
[mirror-split] internal=0 K3C=0 K3B=0 K3A=0  shares=0%/0%/0%/0%
[phases] mono=356751.540483 chunks=77 sequence=153.482s read_wait=0.171s bind_upload=1.606s attention_resident=10.401s expert_read_prefetch=78.679s expert_demand_read=47.043s expert_plan=5.787s expert_hint=0.000s expert_submit=0.000s expert_kernel=61.214s source_fence=0.000s tail_head_sync=1.207s layer_other=0.162s expert_read_gross=72.892s plan_hint=5.641s plan_sched=0.145s attn_total=11.581s attn_encode=3.253s attn_wait=6.683s attn_drain=1.645s kernel_total=33.864s kernel_host=1.524s kernel_wait=6.380s kernel_drain=25.960s
[attn-split] single: calls=6882 total=6.201s encode=2.218s wait=2.339s drain=1.645s waits=11914 untimed=2044 | wide: calls=465 total=5.379s encode=1.035s wait=4.344s drain=0.000s waits=460 untimed=460 | hint: calls=7268 total=5.792s encode=0.019s wait=5.773s drain=0.000s waits=7400 untimed=7400
[kernel-split] single: calls=7324 total=26.500s encode=0.724s wait=0.412s drain=25.364s waits=7841 untimed=6144 | wide: calls=1135 total=7.364s encode=0.800s wait=5.968s drain=0.596s waits=1135 untimed=0
[kernel-sub] materialize=0.383s moe=7.375s precommit=25.419s rest=0.686s
[metal-cache] calls=13811 zero_copy_wraps=462 copies=0 cache_entries=198 bindless=true
isions
[stats] generated=82 elapsed=162.289s speed=0.5053 token/s (1.979 s/token) chunks=78 committed_rows=118 verify_tx=4 drafts=4/16 layer_passes=7254 expert_rows=11408 expert_tiles=7658
[verify-width] w1=0 w2=2 w3=0 w4=1 w5=0 w6=0 w7=0 w8+=1              (w1 share 0.0% of 4 transactions)
[opens] expert file opens=324301 total=4.374s mean=0.013ms requested_bytes=3614145281216 (3614.1 GB)
[arrival] tiles=858 waves=1573 uncovered_wait=29.841s dispatch=7.202s
[retain] enabled=false cap_gb=8 layers=63..=92 consults=0 wanted=0 hits=0 inserts=0 served=0.0MB
[summer] enabled=false cap_gb=8 sample=16 consults=0 wanted=0 hits=0 hit_rate=0.0% misses=0 inserts=0 evictions=0 recycled=0 allocs=0 pin_skips=0 gated=0 ramp=2..50 bar=0 suppressed=0 wide_skips=0 served=0.0MB copied=0.0MB ssd_avoided=0.0GB live=0/0.0GB model=0 protected=0 declined=0 topup_suppressed=0 aged=0 into=0/0/0 pending=0
[mirror-split] internal=0 K3C=0 K3B=0 K3A=0  shares=0%/0%/0%/0%
[phases] mono=356753.026014 chunks=78 sequence=154.966s read_wait=0.171s bind_upload=1.606s attention_resident=10.478s expert_read_prefetch=79.719s expert_demand_read=47.652s expert_plan=5.860s expert_hint=0.000s expert_submit=0.000s expert_kernel=61.561s source_fence=0.000s tail_head_sync=1.224s layer_other=0.164s expert_read_gross=73.859s plan_hint=5.713s plan_sched=0.146s attn_total=11.658s attn_encode=3.280s attn_wait=6.710s attn_drain=1.669s kernel_total=34.202s kernel_host=1.534s kernel_wait=6.384s kernel_drain=26.284s
[attn-split] single: calls=6975 total=6.279s encode=2.244s wait=2.366s drain=1.669s waits=12075 untimed=2073 | wide: calls=465 total=5.379s encode=1.035s wait=4.344s drain=0.000s waits=460 untimed=460 | hint: calls=7360 total=5.864s encode=0.019s wait=5.845s drain=0.000s waits=7491 untimed=7491
[kernel-split] single: calls=7422 total=26.838s encode=0.734s wait=0.416s drain=25.688s waits=7946 untimed=6228 | wide: calls=1135 total=7.364s encode=0.800s wait=5.968s drain=0.596s waits=1135 untimed=0
[kernel-sub] materialize=0.383s moe=7.384s precommit=25.744s rest=0.690s
[metal-cache] calls=13909 zero_copy_wraps=462 copies=0 cache_entries=198 bindless=true
:**
[stats] generated=83 elapsed=163.769s speed=0.5068 token/s (1.973 s/token) chunks=79 committed_rows=119 verify_tx=4 drafts=4/16 layer_passes=7347 expert_rows=11500 expert_tiles=7750
[verify-width] w1=0 w2=2 w3=0 w4=1 w5=0 w6=0 w7=0 w8+=1              (w1 share 0.0% of 4 transactions)
[opens] expert file opens=328285 total=4.425s mean=0.013ms requested_bytes=3649055685824 (3649.1 GB)
[arrival] tiles=859 waves=1577 uncovered_wait=29.850s dispatch=7.210s
[retain] enabled=false cap_gb=8 layers=63..=92 consults=0 wanted=0 hits=0 inserts=0 served=0.0MB
[summer] enabled=false cap_gb=8 sample=16 consults=0 wanted=0 hits=0 hit_rate=0.0% misses=0 inserts=0 evictions=0 recycled=0 allocs=0 pin_skips=0 gated=0 ramp=2..50 bar=0 suppressed=0 wide_skips=0 served=0.0MB copied=0.0MB ssd_avoided=0.0GB live=0/0.0GB model=0 protected=0 declined=0 topup_suppressed=0 aged=0 into=0/0/0 pending=0
[mirror-split] internal=0 K3C=0 K3B=0 K3A=0  shares=0%/0%/0%/0%
[phases] mono=356754.505947 chunks=79 sequence=156.445s read_wait=0.171s bind_upload=1.606s attention_resident=10.548s expert_read_prefetch=80.765s expert_demand_read=48.304s expert_plan=5.935s expert_hint=0.000s expert_submit=0.000s expert_kernel=61.904s source_fence=0.000s tail_head_sync=1.242s layer_other=0.165s expert_read_gross=74.830s plan_hint=5.787s plan_sched=0.147s attn_total=11.728s attn_encode=3.304s attn_wait=6.733s attn_drain=1.691s kernel_total=34.536s kernel_host=1.543s kernel_wait=6.389s kernel_drain=26.605s
[attn-split] single: calls=7068 total=6.349s encode=2.269s wait=2.389s drain=1.691s waits=12236 untimed=2090 | wide: calls=465 total=5.379s encode=1.035s wait=4.344s drain=0.000s waits=460 untimed=460 | hint: calls=7452 total=5.938s encode=0.019s wait=5.919s drain=0.000s waits=7582 untimed=7582
[kernel-split] single: calls=7517 total=27.172s encode=0.743s wait=0.421s drain=26.009s waits=8045 untimed=6306 | wide: calls=1135 total=7.364s encode=0.800s wait=5.968s drain=0.596s waits=1135 untimed=0
[kernel-sub] materialize=0.383s moe=7.392s precommit=26.066s rest=0.695s
[metal-cache] calls=14004 zero_copy_wraps=462 copies=0 cache_entries=198 bindless=true
  

[stats] generated=84 elapsed=165.255s speed=0.5083 token/s (1.967 s/token) chunks=80 committed_rows=120 verify_tx=4 drafts=4/16 layer_passes=7440 expert_rows=11592 expert_tiles=7842
[verify-width] w1=0 w2=2 w3=0 w4=1 w5=0 w6=0 w7=0 w8+=1              (w1 share 0.0% of 4 transactions)
[opens] expert file opens=332245 total=4.478s mean=0.013ms requested_bytes=3683808099520 (3683.8 GB)
[arrival] tiles=860 waves=1584 uncovered_wait=29.858s dispatch=7.218s
[retain] enabled=false cap_gb=8 layers=63..=92 consults=0 wanted=0 hits=0 inserts=0 served=0.0MB
[summer] enabled=false cap_gb=8 sample=16 consults=0 wanted=0 hits=0 hit_rate=0.0% misses=0 inserts=0 evictions=0 recycled=0 allocs=0 pin_skips=0 gated=0 ramp=2..50 bar=0 suppressed=0 wide_skips=0 served=0.0MB copied=0.0MB ssd_avoided=0.0GB live=0/0.0GB model=0 protected=0 declined=0 topup_suppressed=0 aged=0 into=0/0/0 pending=0
[mirror-split] internal=0 K3C=0 K3B=0 K3A=0  shares=0%/0%/0%/0%
[phases] mono=356755.992015 chunks=80 sequence=157.929s read_wait=0.171s bind_upload=1.606s attention_resident=10.637s expert_read_prefetch=81.786s expert_demand_read=48.911s expert_plan=6.007s expert_hint=0.000s expert_submit=0.000s expert_kernel=62.265s source_fence=0.000s tail_head_sync=1.255s layer_other=0.167s expert_read_gross=75.778s plan_hint=5.858s plan_sched=0.148s attn_total=11.816s attn_encode=3.329s attn_wait=6.774s attn_drain=1.713s kernel_total=34.889s kernel_host=1.552s kernel_wait=6.392s kernel_drain=26.945s
[attn-split] single: calls=7161 total=6.437s encode=2.293s wait=2.430s drain=1.713s waits=12397 untimed=2115 | wide: calls=465 total=5.379s encode=1.035s wait=4.344s drain=0.000s waits=460 untimed=460 | hint: calls=7544 total=6.009s encode=0.020s wait=5.990s drain=0.000s waits=7673 untimed=7673
[kernel-split] single: calls=7615 total=27.525s encode=0.752s wait=0.425s drain=26.348s waits=8150 untimed=6386 | wide: calls=1135 total=7.364s encode=0.800s wait=5.968s drain=0.596s waits=1135 untimed=0
[kernel-sub] materialize=0.383s moe=7.400s precommit=26.407s rest=0.699s
[metal-cache] calls=14102 zero_copy_wraps=462 copies=0 cache_entries=198 bindless=true
  
[stats] generated=85 elapsed=166.729s speed=0.5098 token/s (1.962 s/token) chunks=81 committed_rows=121 verify_tx=4 drafts=4/16 layer_passes=7533 expert_rows=11684 expert_tiles=7934
[verify-width] w1=0 w2=2 w3=0 w4=1 w5=0 w6=0 w7=0 w8+=1              (w1 share 0.0% of 4 transactions)
[opens] expert file opens=336174 total=4.531s mean=0.013ms requested_bytes=3718279724224 (3718.3 GB)
[arrival] tiles=861 waves=1591 uncovered_wait=29.866s dispatch=7.229s
[retain] enabled=false cap_gb=8 layers=63..=92 consults=0 wanted=0 hits=0 inserts=0 served=0.0MB
[summer] enabled=false cap_gb=8 sample=16 consults=0 wanted=0 hits=0 hit_rate=0.0% misses=0 inserts=0 evictions=0 recycled=0 allocs=0 pin_skips=0 gated=0 ramp=2..50 bar=0 suppressed=0 wide_skips=0 served=0.0MB copied=0.0MB ssd_avoided=0.0GB live=0/0.0GB model=0 protected=0 declined=0 topup_suppressed=0 aged=0 into=0/0/0 pending=0
[mirror-split] internal=0 K3C=0 K3B=0 K3A=0  shares=0%/0%/0%/0%
[phases] mono=356757.466609 chunks=81 sequence=159.402s read_wait=0.171s bind_upload=1.606s attention_resident=10.720s expert_read_prefetch=82.769s expert_demand_read=49.533s expert_plan=6.080s expert_hint=0.000s expert_submit=0.000s expert_kernel=62.654s source_fence=0.000s tail_head_sync=1.271s layer_other=0.169s expert_read_gross=76.689s plan_hint=5.929s plan_sched=0.149s attn_total=11.899s attn_encode=3.361s attn_wait=6.801s attn_drain=1.736s kernel_total=35.270s kernel_host=1.562s kernel_wait=6.397s kernel_drain=27.310s
[attn-split] single: calls=7254 total=6.520s encode=2.326s wait=2.457s drain=1.736s waits=12558 untimed=2135 | wide: calls=465 total=5.379s encode=1.035s wait=4.344s drain=0.000s waits=460 untimed=460 | hint: calls=7636 total=6.080s encode=0.020s wait=6.061s drain=0.000s waits=7764 untimed=7764
[kernel-split] single: calls=7713 total=27.906s encode=0.762s wait=0.430s drain=26.714s waits=8255 untimed=6467 | wide: calls=1135 total=7.364s encode=0.800s wait=5.968s drain=0.596s waits=1135 untimed=0
[kernel-sub] materialize=0.383s moe=7.411s precommit=26.772s rest=0.703s
[metal-cache] calls=14200 zero_copy_wraps=462 copies=0 cache_entries=198 bindless=true
 The
[stats] generated=86 elapsed=168.242s speed=0.5112 token/s (1.956 s/token) chunks=82 committed_rows=122 verify_tx=4 drafts=4/16 layer_passes=7626 expert_rows=11776 expert_tiles=8026
[verify-width] w1=0 w2=2 w3=0 w4=1 w5=0 w6=0 w7=0 w8+=1              (w1 share 0.0% of 4 transactions)
[opens] expert file opens=340159 total=4.583s mean=0.013ms requested_bytes=3753242705088 (3753.2 GB)
[arrival] tiles=862 waves=1598 uncovered_wait=29.874s dispatch=7.239s
[retain] enabled=false cap_gb=8 layers=63..=92 consults=0 wanted=0 hits=0 inserts=0 served=0.0MB
[summer] enabled=false cap_gb=8 sample=16 consults=0 wanted=0 hits=0 hit_rate=0.0% misses=0 inserts=0 evictions=0 recycled=0 allocs=0 pin_skips=0 gated=0 ramp=2..50 bar=0 suppressed=0 wide_skips=0 served=0.0MB copied=0.0MB ssd_avoided=0.0GB live=0/0.0GB model=0 protected=0 declined=0 topup_suppressed=0 aged=0 into=0/0/0 pending=0
[mirror-split] internal=0 K3C=0 K3B=0 K3A=0  shares=0%/0%/0%/0%
[phases] mono=356758.978817 chunks=82 sequence=160.913s read_wait=0.171s bind_upload=1.606s attention_resident=10.786s expert_read_prefetch=83.872s expert_demand_read=50.204s expert_plan=6.163s expert_hint=0.000s expert_submit=0.000s expert_kernel=62.979s source_fence=0.000s tail_head_sync=1.285s layer_other=0.170s expert_read_gross=77.709s plan_hint=6.012s plan_sched=0.150s attn_total=11.965s attn_encode=3.383s attn_wait=6.831s attn_drain=1.750s kernel_total=35.586s kernel_host=1.572s kernel_wait=6.403s kernel_drain=27.611s
[attn-split] single: calls=7347 total=6.586s encode=2.348s wait=2.487s drain=1.750s waits=12719 untimed=2169 | wide: calls=465 total=5.379s encode=1.035s wait=4.344s drain=0.000s waits=460 untimed=460 | hint: calls=7728 total=6.163s encode=0.020s wait=6.143s drain=0.000s waits=7855 untimed=7855
[kernel-split] single: calls=7811 total=28.222s encode=0.772s wait=0.436s drain=27.015s waits=8360 untimed=6553 | wide: calls=1135 total=7.364s encode=0.800s wait=5.968s drain=0.596s waits=1135 untimed=0
[kernel-sub] materialize=0.383s moe=7.420s precommit=27.075s rest=0.708s
[metal-cache] calls=14298 zero_copy_wraps=462 copies=0 cache_entries=198 bindless=true
 central
[stats] generated=87 elapsed=169.665s speed=0.5128 token/s (1.950 s/token) chunks=83 committed_rows=123 verify_tx=4 drafts=4/16 layer_passes=7719 expert_rows=11868 expert_tiles=8118
[verify-width] w1=0 w2=2 w3=0 w4=1 w5=0 w6=0 w7=0 w8+=1              (w1 share 0.0% of 4 transactions)
[opens] expert file opens=344105 total=4.635s mean=0.013ms requested_bytes=3787837193408 (3787.8 GB)
[arrival] tiles=863 waves=1603 uncovered_wait=29.884s dispatch=7.250s
[retain] enabled=false cap_gb=8 layers=63..=92 consults=0 wanted=0 hits=0 inserts=0 served=0.0MB
[summer] enabled=false cap_gb=8 sample=16 consults=0 wanted=0 hits=0 hit_rate=0.0% misses=0 inserts=0 evictions=0 recycled=0 allocs=0 pin_skips=0 gated=0 ramp=2..50 bar=0 suppressed=0 wide_skips=0 served=0.0MB copied=0.0MB ssd_avoided=0.0GB live=0/0.0GB model=0 protected=0 declined=0 topup_suppressed=0 aged=0 into=0/0/0 pending=0
[mirror-split] internal=0 K3C=0 K3B=0 K3A=0  shares=0%/0%/0%/0%
[phases] mono=356760.402108 chunks=83 sequence=162.335s read_wait=0.171s bind_upload=1.606s attention_resident=10.869s expert_read_prefetch=84.835s expert_demand_read=50.764s expert_plan=6.231s expert_hint=0.000s expert_submit=0.000s expert_kernel=63.340s source_fence=0.000s tail_head_sync=1.298s layer_other=0.172s expert_read_gross=78.604s plan_hint=6.078s plan_sched=0.151s attn_total=12.048s attn_encode=3.406s attn_wait=6.874s attn_drain=1.769s kernel_total=35.938s kernel_host=1.582s kernel_wait=6.408s kernel_drain=27.947s
[attn-split] single: calls=7440 total=6.669s encode=2.370s wait=2.530s drain=1.769s waits=12880 untimed=2196 | wide: calls=465 total=5.379s encode=1.035s wait=4.344s drain=0.000s waits=460 untimed=460 | hint: calls=7820 total=6.229s encode=0.020s wait=6.209s drain=0.000s waits=7946 untimed=7946
[kernel-split] single: calls=7907 total=28.573s encode=0.782s wait=0.441s drain=27.351s waits=8461 untimed=6629 | wide: calls=1135 total=7.364s encode=0.800s wait=5.968s drain=0.596s waits=1135 untimed=0
[kernel-sub] materialize=0.383s moe=7.431s precommit=27.411s rest=0.712s
[metal-cache] calls=14394 zero_copy_wraps=462 copies=0 cache_entries=198 bindless=true
 bank
[stats] generated=88 elapsed=171.056s speed=0.5145 token/s (1.944 s/token) chunks=84 committed_rows=124 verify_tx=4 drafts=4/16 layer_passes=7812 expert_rows=11960 expert_tiles=8210
[verify-width] w1=0 w2=2 w3=0 w4=1 w5=0 w6=0 w7=0 w8+=1              (w1 share 0.0% of 4 transactions)
[opens] expert file opens=347887 total=4.685s mean=0.013ms requested_bytes=3820984057024 (3821.0 GB)
[arrival] tiles=864 waves=1611 uncovered_wait=29.895s dispatch=7.262s
[retain] enabled=false cap_gb=8 layers=63..=92 consults=0 wanted=0 hits=0 inserts=0 served=0.0MB
[summer] enabled=false cap_gb=8 sample=16 consults=0 wanted=0 hits=0 hit_rate=0.0% misses=0 inserts=0 evictions=0 recycled=0 allocs=0 pin_skips=0 gated=0 ramp=2..50 bar=0 suppressed=0 wide_skips=0 served=0.0MB copied=0.0MB ssd_avoided=0.0GB live=0/0.0GB model=0 protected=0 declined=0 topup_suppressed=0 aged=0 into=0/0/0 pending=0
[mirror-split] internal=0 K3C=0 K3B=0 K3A=0  shares=0%/0%/0%/0%
[phases] mono=356761.793137 chunks=84 sequence=163.725s read_wait=0.171s bind_upload=1.606s attention_resident=10.942s expert_read_prefetch=85.800s expert_demand_read=51.375s expert_plan=6.293s expert_hint=0.000s expert_submit=0.000s expert_kernel=63.675s source_fence=0.000s tail_head_sync=1.313s layer_other=0.173s expert_read_gross=79.507s plan_hint=6.139s plan_sched=0.152s attn_total=12.121s attn_encode=3.435s attn_wait=6.893s attn_drain=1.793s kernel_total=36.261s kernel_host=1.594s kernel_wait=6.413s kernel_drain=28.254s
[attn-split] single: calls=7533 total=6.742s encode=2.400s wait=2.549s drain=1.793s waits=13041 untimed=2227 | wide: calls=465 total=5.379s encode=1.035s wait=4.344s drain=0.000s waits=460 untimed=460 | hint: calls=7912 total=6.290s encode=0.020s wait=6.270s drain=0.000s waits=8037 untimed=8037
[kernel-split] single: calls=8006 total=28.897s encode=0.794s wait=0.446s drain=27.658s waits=8568 untimed=6713 | wide: calls=1135 total=7.364s encode=0.800s wait=5.968s drain=0.596s waits=1135 untimed=0
[kernel-sub] materialize=0.383s moe=7.443s precommit=27.718s rest=0.717s
[metal-cache] calls=14493 zero_copy_wraps=462 copies=0 cache_entries=198 bindless=true
’s
[stats] generated=89 elapsed=172.564s speed=0.5158 token/s (1.939 s/token) chunks=85 committed_rows=125 verify_tx=4 drafts=4/16 layer_passes=7905 expert_rows=12052 expert_tiles=8302
[verify-width] w1=0 w2=2 w3=0 w4=1 w5=0 w6=0 w7=0 w8+=1              (w1 share 0.0% of 4 transactions)
[opens] expert file opens=351972 total=4.741s mean=0.013ms requested_bytes=3856850713792 (3856.9 GB)
[arrival] tiles=865 waves=1618 uncovered_wait=29.903s dispatch=7.275s
[retain] enabled=false cap_gb=8 layers=63..=92 consults=0 wanted=0 hits=0 inserts=0 served=0.0MB
[summer] enabled=false cap_gb=8 sample=16 consults=0 wanted=0 hits=0 hit_rate=0.0% misses=0 inserts=0 evictions=0 recycled=0 allocs=0 pin_skips=0 gated=0 ramp=2..50 bar=0 suppressed=0 wide_skips=0 served=0.0MB copied=0.0MB ssd_avoided=0.0GB live=0/0.0GB model=0 protected=0 declined=0 topup_suppressed=0 aged=0 into=0/0/0 pending=0
[mirror-split] internal=0 K3C=0 K3B=0 K3A=0  shares=0%/0%/0%/0%
[phases] mono=356763.300947 chunks=85 sequence=165.231s read_wait=0.171s bind_upload=1.606s attention_resident=11.035s expert_read_prefetch=86.776s expert_demand_read=51.988s expert_plan=6.363s expert_hint=0.000s expert_submit=0.000s expert_kernel=64.096s source_fence=0.000s tail_head_sync=1.328s layer_other=0.175s expert_read_gross=80.412s plan_hint=6.209s plan_sched=0.153s attn_total=12.214s attn_encode=3.470s attn_wait=6.923s attn_drain=1.820s kernel_total=36.674s kernel_host=1.604s kernel_wait=6.420s kernel_drain=28.649s
[attn-split] single: calls=7626 total=6.835s encode=2.435s wait=2.579s drain=1.820s waits=13202 untimed=2257 | wide: calls=465 total=5.379s encode=1.035s wait=4.344s drain=0.000s waits=460 untimed=460 | hint: calls=8004 total=6.360s encode=0.021s wait=6.339s drain=0.000s waits=8128 untimed=8128
[kernel-split] single: calls=8104 total=29.310s encode=0.804s wait=0.453s drain=28.053s waits=8673 untimed=6795 | wide: calls=1135 total=7.364s encode=0.800s wait=5.968s drain=0.596s waits=1135 untimed=0
[kernel-sub] materialize=0.383s moe=7.456s precommit=28.113s rest=0.721s
[metal-cache] calls=14591 zero_copy_wraps=462 copies=0 cache_entries=198 bindless=true
 monetary
[stats] generated=90 elapsed=174.000s speed=0.5172 token/s (1.933 s/token) chunks=86 committed_rows=126 verify_tx=4 drafts=4/16 layer_passes=7998 expert_rows=12144 expert_tiles=8394
[verify-width] w1=0 w2=2 w3=0 w4=1 w5=0 w6=0 w7=0 w8+=1              (w1 share 0.0% of 4 transactions)
[opens] expert file opens=355846 total=4.790s mean=0.013ms requested_bytes=3890866126016 (3890.9 GB)
[arrival] tiles=866 waves=1626 uncovered_wait=29.916s dispatch=7.284s
[retain] enabled=false cap_gb=8 layers=63..=92 consults=0 wanted=0 hits=0 inserts=0 served=0.0MB
[summer] enabled=false cap_gb=8 sample=16 consults=0 wanted=0 hits=0 hit_rate=0.0% misses=0 inserts=0 evictions=0 recycled=0 allocs=0 pin_skips=0 gated=0 ramp=2..50 bar=0 suppressed=0 wide_skips=0 served=0.0MB copied=0.0MB ssd_avoided=0.0GB live=0/0.0GB model=0 protected=0 declined=0 topup_suppressed=0 aged=0 into=0/0/0 pending=0
[mirror-split] internal=0 K3C=0 K3B=0 K3A=0  shares=0%/0%/0%/0%
[phases] mono=356764.737806 chunks=86 sequence=166.666s read_wait=0.171s bind_upload=1.606s attention_resident=11.114s expert_read_prefetch=87.783s expert_demand_read=52.613s expert_plan=6.426s expert_hint=0.000s expert_submit=0.000s expert_kernel=64.431s source_fence=0.000s tail_head_sync=1.341s layer_other=0.177s expert_read_gross=81.357s plan_hint=6.270s plan_sched=0.154s attn_total=12.292s attn_encode=3.494s attn_wait=6.956s attn_drain=1.843s kernel_total=36.996s kernel_host=1.613s kernel_wait=6.426s kernel_drain=28.957s
[attn-split] single: calls=7719 total=6.913s encode=2.459s wait=2.612s drain=1.843s waits=13363 untimed=2282 | wide: calls=465 total=5.379s encode=1.035s wait=4.344s drain=0.000s waits=460 untimed=460 | hint: calls=8096 total=6.421s encode=0.021s wait=6.400s drain=0.000s waits=8219 untimed=8219
[kernel-split] single: calls=8203 total=29.632s encode=0.813s wait=0.459s drain=28.360s waits=8780 untimed=6882 | wide: calls=1135 total=7.364s encode=0.800s wait=5.968s drain=0.596s waits=1135 untimed=0
[kernel-sub] materialize=0.383s moe=7.465s precommit=28.422s rest=0.726s
[metal-cache] calls=14690 zero_copy_wraps=462 copies=0 cache_entries=198 bindless=true
[route-chain] chained=5520
[route-chain] dedup_hits=5520
 policy
[stats] generated=91 elapsed=175.489s speed=0.5186 token/s (1.928 s/token) chunks=87 committed_rows=127 verify_tx=4 drafts=4/16 layer_passes=8091 expert_rows=12236 expert_tiles=8486
[verify-width] w1=0 w2=2 w3=0 w4=1 w5=0 w6=0 w7=0 w8+=1              (w1 share 0.0% of 4 transactions)
[opens] expert file opens=359718 total=4.841s mean=0.013ms requested_bytes=3924820131008 (3924.8 GB)
[arrival] tiles=867 waves=1631 uncovered_wait=29.926s dispatch=7.291s
[retain] enabled=false cap_gb=8 layers=63..=92 consults=0 wanted=0 hits=0 inserts=0 served=0.0MB
[summer] enabled=false cap_gb=8 sample=16 consults=0 wanted=0 hits=0 hit_rate=0.0% misses=0 inserts=0 evictions=0 recycled=0 allocs=0 pin_skips=0 gated=0 ramp=2..50 bar=0 suppressed=0 wide_skips=0 served=0.0MB copied=0.0MB ssd_avoided=0.0GB live=0/0.0GB model=0 protected=0 declined=0 topup_suppressed=0 aged=0 into=0/0/0 pending=0
[mirror-split] internal=0 K3C=0 K3B=0 K3A=0  shares=0%/0%/0%/0%
[phases] mono=356766.225984 chunks=87 sequence=168.153s read_wait=0.171s bind_upload=1.606s attention_resident=11.193s expert_read_prefetch=88.832s expert_demand_read=53.237s expert_plan=6.494s expert_hint=0.000s expert_submit=0.000s expert_kernel=64.771s source_fence=0.000s tail_head_sync=1.358s layer_other=0.178s expert_read_gross=82.337s plan_hint=6.337s plan_sched=0.155s attn_total=12.371s attn_encode=3.517s attn_wait=6.991s attn_drain=1.863s kernel_total=37.325s kernel_host=1.622s kernel_wait=6.430s kernel_drain=29.273s
[attn-split] single: calls=7812 total=6.992s encode=2.482s wait=2.647s drain=1.863s waits=13524 untimed=2310 | wide: calls=465 total=5.379s encode=1.035s wait=4.344s drain=0.000s waits=460 untimed=460 | hint: calls=8188 total=6.488s encode=0.021s wait=6.467s drain=0.000s waits=8310 untimed=8310
[kernel-split] single: calls=8299 total=29.961s encode=0.822s wait=0.462s drain=28.677s waits=8881 untimed=6966 | wide: calls=1135 total=7.364s encode=0.800s wait=5.968s drain=0.596s waits=1135 untimed=0
[kernel-sub] materialize=0.383s moe=7.472s precommit=28.739s rest=0.730s
[metal-cache] calls=14786 zero_copy_wraps=462 copies=0 cache_entries=198 bindless=true
 committee
[stats] generated=92 elapsed=177.004s speed=0.5198 token/s (1.924 s/token) chunks=88 committed_rows=128 verify_tx=4 drafts=4/16 layer_passes=8184 expert_rows=12328 expert_tiles=8578
[verify-width] w1=0 w2=2 w3=0 w4=1 w5=0 w6=0 w7=0 w8+=1              (w1 share 0.0% of 4 transactions)
[opens] expert file opens=363663 total=4.894s mean=0.013ms requested_bytes=3959440932032 (3959.4 GB)
[arrival] tiles=868 waves=1637 uncovered_wait=29.937s dispatch=7.299s
[retain] enabled=false cap_gb=8 layers=63..=92 consults=0 wanted=0 hits=0 inserts=0 served=0.0MB
[summer] enabled=false cap_gb=8 sample=16 consults=0 wanted=0 hits=0 hit_rate=0.0% misses=0 inserts=0 evictions=0 recycled=0 allocs=0 pin_skips=0 gated=0 ramp=2..50 bar=0 suppressed=0 wide_skips=0 served=0.0MB copied=0.0MB ssd_avoided=0.0GB live=0/0.0GB model=0 protected=0 declined=0 topup_suppressed=0 aged=0 into=0/0/0 pending=0
[mirror-split] internal=0 K3C=0 K3B=0 K3A=0  shares=0%/0%/0%/0%
[phases] mono=356767.741033 chunks=88 sequence=169.666s read_wait=0.171s bind_upload=1.606s attention_resident=11.278s expert_read_prefetch=89.859s expert_demand_read=53.818s expert_plan=6.580s expert_hint=0.000s expert_submit=0.000s expert_kernel=65.154s source_fence=0.000s tail_head_sync=1.375s layer_other=0.180s expert_read_gross=83.279s plan_hint=6.422s plan_sched=0.156s attn_total=12.456s attn_encode=3.547s attn_wait=7.024s attn_drain=1.885s kernel_total=37.697s kernel_host=1.631s kernel_wait=6.435s kernel_drain=29.631s
[attn-split] single: calls=7905 total=7.077s encode=2.512s wait=2.680s drain=1.885s waits=13685 untimed=2338 | wide: calls=465 total=5.379s encode=1.035s wait=4.344s drain=0.000s waits=460 untimed=460 | hint: calls=8280 total=6.573s encode=0.021s wait=6.552s drain=0.000s waits=8401 untimed=8401
[kernel-split] single: calls=8396 total=30.333s encode=0.831s wait=0.467s drain=29.035s waits=8984 untimed=7047 | wide: calls=1135 total=7.364s encode=0.800s wait=5.968s drain=0.596s waits=1135 untimed=0
[kernel-sub] materialize=0.383s moe=7.480s precommit=29.099s rest=0.735s
[metal-cache] calls=14883 zero_copy_wraps=462 copies=0 cache_entries=198 bindless=true
 meets
[stats] generated=93 elapsed=178.463s speed=0.5211 token/s (1.919 s/token) chunks=89 committed_rows=129 verify_tx=4 drafts=4/16 layer_passes=8277 expert_rows=12420 expert_tiles=8670
[verify-width] w1=0 w2=2 w3=0 w4=1 w5=0 w6=0 w7=0 w8+=1              (w1 share 0.0% of 4 transactions)
[opens] expert file opens=367556 total=4.947s mean=0.013ms requested_bytes=3993614269632 (3993.6 GB)
[arrival] tiles=869 waves=1643 uncovered_wait=29.947s dispatch=7.308s
[retain] enabled=false cap_gb=8 layers=63..=92 consults=0 wanted=0 hits=0 inserts=0 served=0.0MB
[summer] enabled=false cap_gb=8 sample=16 consults=0 wanted=0 hits=0 hit_rate=0.0% misses=0 inserts=0 evictions=0 recycled=0 allocs=0 pin_skips=0 gated=0 ramp=2..50 bar=0 suppressed=0 wide_skips=0 served=0.0MB copied=0.0MB ssd_avoided=0.0GB live=0/0.0GB model=0 protected=0 declined=0 topup_suppressed=0 aged=0 into=0/0/0 pending=0
[mirror-split] internal=0 K3C=0 K3B=0 K3A=0  shares=0%/0%/0%/0%
[phases] mono=356769.200502 chunks=89 sequence=171.125s read_wait=0.171s bind_upload=1.606s attention_resident=11.377s expert_read_prefetch=90.825s expert_demand_read=54.461s expert_plan=6.653s expert_hint=0.000s expert_submit=0.000s expert_kernel=65.528s source_fence=0.000s tail_head_sync=1.392s layer_other=0.182s expert_read_gross=84.172s plan_hint=6.493s plan_sched=0.158s attn_total=12.555s attn_encode=3.585s attn_wait=7.056s attn_drain=1.914s kernel_total=38.061s kernel_host=1.639s kernel_wait=6.441s kernel_drain=29.981s
[attn-split] single: calls=7998 total=7.176s encode=2.550s wait=2.712s drain=1.914s waits=13846 untimed=2361 | wide: calls=465 total=5.379s encode=1.035s wait=4.344s drain=0.000s waits=460 untimed=460 | hint: calls=8372 total=6.644s encode=0.021s wait=6.623s drain=0.000s waits=8492 untimed=8492
[kernel-split] single: calls=8493 total=30.697s encode=0.839s wait=0.473s drain=29.385s waits=9087 untimed=7127 | wide: calls=1135 total=7.364s encode=0.800s wait=5.968s drain=0.596s waits=1135 untimed=0
[kernel-sub] materialize=0.383s moe=7.489s precommit=29.450s rest=0.739s
[metal-cache] calls=14980 zero_copy_wraps=462 copies=0 cache_entries=198 bindless=true
 regularly
[stats] generated=94 elapsed=179.914s speed=0.5225 token/s (1.914 s/token) chunks=90 committed_rows=130 verify_tx=4 drafts=4/16 layer_passes=8370 expert_rows=12512 expert_tiles=8762
[verify-width] w1=0 w2=2 w3=0 w4=1 w5=0 w6=0 w7=0 w8+=1              (w1 share 0.0% of 4 transactions)
[opens] expert file opens=371463 total=4.999s mean=0.013ms requested_bytes=4027892907200 (4027.9 GB)
[arrival] tiles=870 waves=1650 uncovered_wait=29.956s dispatch=7.322s
[retain] enabled=false cap_gb=8 layers=63..=92 consults=0 wanted=0 hits=0 inserts=0 served=0.0MB
[summer] enabled=false cap_gb=8 sample=16 consults=0 wanted=0 hits=0 hit_rate=0.0% misses=0 inserts=0 evictions=0 recycled=0 allocs=0 pin_skips=0 gated=0 ramp=2..50 bar=0 suppressed=0 wide_skips=0 served=0.0MB copied=0.0MB ssd_avoided=0.0GB live=0/0.0GB model=0 protected=0 declined=0 topup_suppressed=0 aged=0 into=0/0/0 pending=0
[mirror-split] internal=0 K3C=0 K3B=0 K3A=0  shares=0%/0%/0%/0%
[phases] mono=356770.650995 chunks=90 sequence=172.574s read_wait=0.171s bind_upload=1.606s attention_resident=11.454s expert_read_prefetch=91.818s expert_demand_read=55.063s expert_plan=6.733s expert_hint=0.000s expert_submit=0.000s expert_kernel=65.888s source_fence=0.000s tail_head_sync=1.409s layer_other=0.183s expert_read_gross=85.084s plan_hint=6.573s plan_sched=0.159s attn_total=12.632s attn_encode=3.613s attn_wait=7.084s attn_drain=1.935s kernel_total=38.411s kernel_host=1.650s kernel_wait=6.448s kernel_drain=30.314s
[attn-split] single: calls=8091 total=7.253s encode=2.577s wait=2.740s drain=1.935s waits=14007 untimed=2385 | wide: calls=465 total=5.379s encode=1.035s wait=4.344s drain=0.000s waits=460 untimed=460 | hint: calls=8464 total=6.723s encode=0.022s wait=6.702s drain=0.000s waits=8583 untimed=8583
[kernel-split] single: calls=8591 total=31.047s encode=0.850s wait=0.480s drain=29.718s waits=9192 untimed=7208 | wide: calls=1135 total=7.364s encode=0.800s wait=5.968s drain=0.596s waits=1135 untimed=0
[kernel-sub] materialize=0.383s moe=7.502s precommit=29.783s rest=0.743s
[metal-cache] calls=15078 zero_copy_wraps=462 copies=0 cache_entries=198 bindless=true
 to
[stats] generated=95 elapsed=181.374s speed=0.5238 token/s (1.909 s/token) chunks=91 committed_rows=131 verify_tx=4 drafts=4/16 layer_passes=8463 expert_rows=12604 expert_tiles=8854
[verify-width] w1=0 w2=2 w3=0 w4=1 w5=0 w6=0 w7=0 w8+=1              (w1 share 0.0% of 4 transactions)
[opens] expert file opens=375313 total=5.049s mean=0.013ms requested_bytes=4061645110464 (4061.6 GB)
[arrival] tiles=871 waves=1658 uncovered_wait=29.968s dispatch=7.331s
[retain] enabled=false cap_gb=8 layers=63..=92 consults=0 wanted=0 hits=0 inserts=0 served=0.0MB
[summer] enabled=false cap_gb=8 sample=16 consults=0 wanted=0 hits=0 hit_rate=0.0% misses=0 inserts=0 evictions=0 recycled=0 allocs=0 pin_skips=0 gated=0 ramp=2..50 bar=0 suppressed=0 wide_skips=0 served=0.0MB copied=0.0MB ssd_avoided=0.0GB live=0/0.0GB model=0 protected=0 declined=0 topup_suppressed=0 aged=0 into=0/0/0 pending=0
[mirror-split] internal=0 K3C=0 K3B=0 K3A=0  shares=0%/0%/0%/0%
[phases] mono=356772.110990 chunks=91 sequence=174.032s read_wait=0.171s bind_upload=1.606s attention_resident=11.542s expert_read_prefetch=92.829s expert_demand_read=55.678s expert_plan=6.807s expert_hint=0.000s expert_submit=0.000s expert_kernel=66.233s source_fence=0.000s tail_head_sync=1.422s layer_other=0.185s expert_read_gross=86.022s plan_hint=6.646s plan_sched=0.160s attn_total=12.719s attn_encode=3.638s attn_wait=7.112s attn_drain=1.969s kernel_total=38.744s kernel_host=1.658s kernel_wait=6.454s kernel_drain=30.632s
[attn-split] single: calls=8184 total=7.340s encode=2.603s wait=2.768s drain=1.969s waits=14168 untimed=2409 | wide: calls=465 total=5.379s encode=1.035s wait=4.344s drain=0.000s waits=460 untimed=460 | hint: calls=8556 total=6.797s encode=0.022s wait=6.775s drain=0.000s waits=8674 untimed=8674
[kernel-split] single: calls=8690 total=31.380s encode=0.858s wait=0.486s drain=30.036s waits=9299 untimed=7287 | wide: calls=1135 total=7.364s encode=0.800s wait=5.968s drain=0.596s waits=1135 untimed=0
[kernel-sub] materialize=0.383s moe=7.511s precommit=30.102s rest=0.747s
[metal-cache] calls=15177 zero_copy_wraps=462 copies=0 cache_entries=198 bindless=true
 assess
[stats] generated=96 elapsed=182.823s speed=0.5251 token/s (1.904 s/token) chunks=92 committed_rows=132 verify_tx=4 drafts=4/16 layer_passes=8556 expert_rows=12696 expert_tiles=8946
[verify-width] w1=0 w2=2 w3=0 w4=1 w5=0 w6=0 w7=0 w8+=1              (w1 share 0.0% of 4 transactions)
[opens] expert file opens=379168 total=5.101s mean=0.013ms requested_bytes=4095441190080 (4095.4 GB)
[arrival] tiles=872 waves=1663 uncovered_wait=29.982s dispatch=7.340s
[retain] enabled=false cap_gb=8 layers=63..=92 consults=0 wanted=0 hits=0 inserts=0 served=0.0MB
[summer] enabled=false cap_gb=8 sample=16 consults=0 wanted=0 hits=0 hit_rate=0.0% misses=0 inserts=0 evictions=0 recycled=0 allocs=0 pin_skips=0 gated=0 ramp=2..50 bar=0 suppressed=0 wide_skips=0 served=0.0MB copied=0.0MB ssd_avoided=0.0GB live=0/0.0GB model=0 protected=0 declined=0 topup_suppressed=0 aged=0 into=0/0/0 pending=0
[mirror-split] internal=0 K3C=0 K3B=0 K3A=0  shares=0%/0%/0%/0%
[phases] mono=356773.560398 chunks=92 sequence=175.480s read_wait=0.171s bind_upload=1.606s attention_resident=11.627s expert_read_prefetch=93.788s expert_demand_read=56.254s expert_plan=6.878s expert_hint=0.000s expert_submit=0.000s expert_kernel=66.618s source_fence=0.000s tail_head_sync=1.439s layer_other=0.186s expert_read_gross=86.910s plan_hint=6.715s plan_sched=0.161s attn_total=12.804s attn_encode=3.667s attn_wait=7.159s attn_drain=1.979s kernel_total=39.116s kernel_host=1.668s kernel_wait=6.460s kernel_drain=30.989s
[attn-split] single: calls=8277 total=7.425s encode=2.631s wait=2.815s drain=1.979s waits=14329 untimed=2440 | wide: calls=465 total=5.379s encode=1.035s wait=4.344s drain=0.000s waits=460 untimed=460 | hint: calls=8648 total=6.865s encode=0.022s wait=6.843s drain=0.000s waits=8765 untimed=8765
[kernel-split] single: calls=8786 total=31.752s encode=0.868s wait=0.492s drain=30.393s waits=9400 untimed=7366 | wide: calls=1135 total=7.364s encode=0.800s wait=5.968s drain=0.596s waits=1135 untimed=0
[kernel-sub] materialize=0.383s moe=7.520s precommit=30.461s rest=0.752s
[metal-cache] calls=15273 zero_copy_wraps=462 copies=0 cache_entries=198 bindless=true
 economic
[stats] generated=97 elapsed=184.276s speed=0.5264 token/s (1.900 s/token) chunks=93 committed_rows=133 verify_tx=4 drafts=4/16 layer_passes=8649 expert_rows=12788 expert_tiles=9038
[verify-width] w1=0 w2=2 w3=0 w4=1 w5=0 w6=0 w7=0 w8+=1              (w1 share 0.0% of 4 transactions)
[opens] expert file opens=383012 total=5.154s mean=0.013ms requested_bytes=4129167080640 (4129.2 GB)
[arrival] tiles=873 waves=1668 uncovered_wait=29.991s dispatch=7.348s
[retain] enabled=false cap_gb=8 layers=63..=92 consults=0 wanted=0 hits=0 inserts=0 served=0.0MB
[summer] enabled=false cap_gb=8 sample=16 consults=0 wanted=0 hits=0 hit_rate=0.0% misses=0 inserts=0 evictions=0 recycled=0 allocs=0 pin_skips=0 gated=0 ramp=2..50 bar=0 suppressed=0 wide_skips=0 served=0.0MB copied=0.0MB ssd_avoided=0.0GB live=0/0.0GB model=0 protected=0 declined=0 topup_suppressed=0 aged=0 into=0/0/0 pending=0
[mirror-split] internal=0 K3C=0 K3B=0 K3A=0  shares=0%/0%/0%/0%
[phases] mono=356775.013518 chunks=93 sequence=176.932s read_wait=0.171s bind_upload=1.606s attention_resident=11.718s expert_read_prefetch=94.763s expert_demand_read=56.859s expert_plan=6.949s expert_hint=0.000s expert_submit=0.000s expert_kernel=66.985s source_fence=0.000s tail_head_sync=1.456s layer_other=0.188s expert_read_gross=87.814s plan_hint=6.785s plan_sched=0.162s attn_total=12.895s attn_encode=3.701s attn_wait=7.187s attn_drain=2.007s kernel_total=39.474s kernel_host=1.677s kernel_wait=6.464s kernel_drain=31.333s
[attn-split] single: calls=8370 total=7.516s encode=2.665s wait=2.843s drain=2.007s waits=14490 untimed=2459 | wide: calls=465 total=5.379s encode=1.035s wait=4.344s drain=0.000s waits=460 untimed=460 | hint: calls=8740 total=6.936s encode=0.022s wait=6.913s drain=0.000s waits=8856 untimed=8856
[kernel-split] single: calls=8882 total=32.110s encode=0.877s wait=0.496s drain=30.736s waits=9501 untimed=7447 | wide: calls=1135 total=7.364s encode=0.800s wait=5.968s drain=0.596s waits=1135 untimed=0
[kernel-sub] materialize=0.383s moe=7.528s precommit=30.806s rest=0.756s
[metal-cache] calls=15369 zero_copy_wraps=462 copies=0 cache_entries=198 bindless=true
 conditions
[stats] generated=98 elapsed=185.737s speed=0.5276 token/s (1.895 s/token) chunks=94 committed_rows=134 verify_tx=4 drafts=4/16 layer_passes=8742 expert_rows=12880 expert_tiles=9130
[verify-width] w1=0 w2=2 w3=0 w4=1 w5=0 w6=0 w7=0 w8+=1              (w1 share 0.0% of 4 transactions)
[opens] expert file opens=386906 total=5.204s mean=0.013ms requested_bytes=4163322870976 (4163.3 GB)
[arrival] tiles=874 waves=1675 uncovered_wait=30.001s dispatch=7.357s
[retain] enabled=false cap_gb=8 layers=63..=92 consults=0 wanted=0 hits=0 inserts=0 served=0.0MB
[summer] enabled=false cap_gb=8 sample=16 consults=0 wanted=0 hits=0 hit_rate=0.0% misses=0 inserts=0 evictions=0 recycled=0 allocs=0 pin_skips=0 gated=0 ramp=2..50 bar=0 suppressed=0 wide_skips=0 served=0.0MB copied=0.0MB ssd_avoided=0.0GB live=0/0.0GB model=0 protected=0 declined=0 topup_suppressed=0 aged=0 into=0/0/0 pending=0
[mirror-split] internal=0 K3C=0 K3B=0 K3A=0  shares=0%/0%/0%/0%
[phases] mono=356776.473981 chunks=94 sequence=178.391s read_wait=0.171s bind_upload=1.606s attention_resident=11.792s expert_read_prefetch=95.748s expert_demand_read=57.447s expert_plan=7.032s expert_hint=0.000s expert_submit=0.000s expert_kernel=67.371s source_fence=0.000s tail_head_sync=1.469s layer_other=0.190s expert_read_gross=88.715s plan_hint=6.867s plan_sched=0.163s attn_total=12.969s attn_encode=3.722s attn_wait=7.214s attn_drain=2.033s kernel_total=39.849s kernel_host=1.686s kernel_wait=6.469s kernel_drain=31.693s
[attn-split] single: calls=8463 total=7.590s encode=2.687s wait=2.870s drain=2.033s waits=14651 untimed=2483 | wide: calls=465 total=5.379s encode=1.035s wait=4.344s drain=0.000s waits=460 untimed=460 | hint: calls=8832 total=7.018s encode=0.023s wait=6.995s drain=0.000s waits=8947 untimed=8947
[kernel-split] single: calls=8980 total=32.485s encode=0.886s wait=0.501s drain=31.097s waits=9606 untimed=7530 | wide: calls=1135 total=7.364s encode=0.800s wait=5.968s drain=0.596s waits=1135 untimed=0
[kernel-sub] materialize=0.383s moe=7.537s precommit=31.168s rest=0.761s
[metal-cache] calls=15467 zero_copy_wraps=462 copies=0 cache_entries=198 bindless=true
 such
[stats] generated=99 elapsed=187.195s speed=0.5289 token/s (1.891 s/token) chunks=95 committed_rows=135 verify_tx=4 drafts=4/16 layer_passes=8835 expert_rows=12972 expert_tiles=9222
[verify-width] w1=0 w2=2 w3=0 w4=1 w5=0 w6=0 w7=0 w8+=1              (w1 share 0.0% of 4 transactions)
[opens] expert file opens=390776 total=5.256s mean=0.013ms requested_bytes=4197294406848 (4197.3 GB)
[arrival] tiles=875 waves=1681 uncovered_wait=30.011s dispatch=7.365s
[retain] enabled=false cap_gb=8 layers=63..=92 consults=0 wanted=0 hits=0 inserts=0 served=0.0MB
[summer] enabled=false cap_gb=8 sample=16 consults=0 wanted=0 hits=0 hit_rate=0.0% misses=0 inserts=0 evictions=0 recycled=0 allocs=0 pin_skips=0 gated=0 ramp=2..50 bar=0 suppressed=0 wide_skips=0 served=0.0MB copied=0.0MB ssd_avoided=0.0GB live=0/0.0GB model=0 protected=0 declined=0 topup_suppressed=0 aged=0 into=0/0/0 pending=0
[mirror-split] internal=0 K3C=0 K3B=0 K3A=0  shares=0%/0%/0%/0%
[phases] mono=356777.932057 chunks=95 sequence=179.848s read_wait=0.171s bind_upload=1.606s attention_resident=11.872s expert_read_prefetch=96.701s expert_demand_read=58.028s expert_plan=7.102s expert_hint=0.000s expert_submit=0.000s expert_kernel=67.775s source_fence=0.000s tail_head_sync=1.486s layer_other=0.191s expert_read_gross=89.599s plan_hint=6.935s plan_sched=0.164s attn_total=13.049s attn_encode=3.753s attn_wait=7.244s attn_drain=2.052s kernel_total=40.243s kernel_host=1.696s kernel_wait=6.473s kernel_drain=32.073s
[attn-split] single: calls=8556 total=7.670s encode=2.718s wait=2.900s drain=2.052s waits=14812 untimed=2505 | wide: calls=465 total=5.379s encode=1.035s wait=4.344s drain=0.000s waits=460 untimed=460 | hint: calls=8924 total=7.086s encode=0.023s wait=7.063s drain=0.000s waits=9038 untimed=9038
[kernel-split] single: calls=9077 total=32.879s encode=0.896s wait=0.506s drain=31.477s waits=9709 untimed=7607 | wide: calls=1135 total=7.364s encode=0.800s wait=5.968s drain=0.596s waits=1135 untimed=0
[kernel-sub] materialize=0.383s moe=7.545s precommit=31.549s rest=0.766s
[metal-cache] calls=15564 zero_copy_wraps=462 copies=0 cache_entries=198 bindless=true
 as
[stats] generated=100 elapsed=188.695s speed=0.5300 token/s (1.887 s/token) chunks=96 committed_rows=136 verify_tx=4 drafts=4/16 layer_passes=8928 expert_rows=13064 expert_tiles=9314
[verify-width] w1=0 w2=2 w3=0 w4=1 w5=0 w6=0 w7=0 w8+=1              (w1 share 0.0% of 4 transactions)
[opens] expert file opens=394734 total=5.309s mean=0.013ms requested_bytes=4231967882432 (4232.0 GB)
[arrival] tiles=876 waves=1689 uncovered_wait=30.023s dispatch=7.375s
[retain] enabled=false cap_gb=8 layers=63..=92 consults=0 wanted=0 hits=0 inserts=0 served=0.0MB
[summer] enabled=false cap_gb=8 sample=16 consults=0 wanted=0 hits=0 hit_rate=0.0% misses=0 inserts=0 evictions=0 recycled=0 allocs=0 pin_skips=0 gated=0 ramp=2..50 bar=0 suppressed=0 wide_skips=0 served=0.0MB copied=0.0MB ssd_avoided=0.0GB live=0/0.0GB model=0 protected=0 declined=0 topup_suppressed=0 aged=0 into=0/0/0 pending=0
[mirror-split] internal=0 K3C=0 K3B=0 K3A=0  shares=0%/0%/0%/0%
[phases] mono=356779.432570 chunks=96 sequence=181.347s read_wait=0.171s bind_upload=1.606s attention_resident=11.954s expert_read_prefetch=97.772s expert_demand_read=58.630s expert_plan=7.174s expert_hint=0.000s expert_submit=0.001s expert_kernel=68.105s source_fence=0.000s tail_head_sync=1.501s layer_other=0.193s expert_read_gross=90.597s plan_hint=7.007s plan_sched=0.165s attn_total=13.131s attn_encode=3.775s attn_wait=7.276s attn_drain=2.080s kernel_total=40.561s kernel_host=1.706s kernel_wait=6.479s kernel_drain=32.376s
[attn-split] single: calls=8649 total=7.752s encode=2.739s wait=2.932s drain=2.080s waits=14973 untimed=2533 | wide: calls=465 total=5.379s encode=1.035s wait=4.344s drain=0.000s waits=460 untimed=460 | hint: calls=9016 total=7.158s encode=0.023s wait=7.135s drain=0.000s waits=9129 untimed=9129
[kernel-split] single: calls=9176 total=33.197s encode=0.906s wait=0.511s drain=31.779s waits=9816 untimed=7690 | wide: calls=1135 total=7.364s encode=0.800s wait=5.968s drain=0.596s waits=1135 untimed=0
[kernel-sub] materialize=0.383s moe=7.555s precommit=31.853s rest=0.770s
[metal-cache] calls=15663 zero_copy_wraps=462 copies=0 cache_entries=198 bindless=true
 inflation
[stats] generated=101 elapsed=190.231s speed=0.5309 token/s (1.883 s/token) chunks=97 committed_rows=137 verify_tx=4 drafts=4/16 layer_passes=9021 expert_rows=13156 expert_tiles=9406
[verify-width] w1=0 w2=2 w3=0 w4=1 w5=0 w6=0 w7=0 w8+=1              (w1 share 0.0% of 4 transactions)
[opens] expert file opens=398831 total=5.367s mean=0.013ms requested_bytes=4267887213760 (4267.9 GB)
[arrival] tiles=877 waves=1693 uncovered_wait=30.032s dispatch=7.383s
[retain] enabled=false cap_gb=8 layers=63..=92 consults=0 wanted=0 hits=0 inserts=0 served=0.0MB
[summer] enabled=false cap_gb=8 sample=16 consults=0 wanted=0 hits=0 hit_rate=0.0% misses=0 inserts=0 evictions=0 recycled=0 allocs=0 pin_skips=0 gated=0 ramp=2..50 bar=0 suppressed=0 wide_skips=0 served=0.0MB copied=0.0MB ssd_avoided=0.0GB live=0/0.0GB model=0 protected=0 declined=0 topup_suppressed=0 aged=0 into=0/0/0 pending=0
[mirror-split] internal=0 K3C=0 K3B=0 K3A=0  shares=0%/0%/0%/0%
[phases] mono=356780.967750 chunks=97 sequence=182.880s read_wait=0.171s bind_upload=1.606s attention_resident=12.058s expert_read_prefetch=98.819s expert_demand_read=59.236s expert_plan=7.243s expert_hint=0.000s expert_submit=0.001s expert_kernel=68.472s source_fence=0.000s tail_head_sync=1.514s layer_other=0.194s expert_read_gross=91.576s plan_hint=7.075s plan_sched=0.166s attn_total=13.235s attn_encode=3.818s attn_wait=7.323s attn_drain=2.094s kernel_total=40.919s kernel_host=1.715s kernel_wait=6.484s kernel_drain=32.721s
[attn-split] single: calls=8742 total=7.855s encode=2.782s wait=2.978s drain=2.094s waits=15134 untimed=2562 | wide: calls=465 total=5.379s encode=1.035s wait=4.344s drain=0.000s waits=460 untimed=460 | hint: calls=9108 total=7.225s encode=0.023s wait=7.202s drain=0.000s waits=9220 untimed=9220
[kernel-split] single: calls=9271 total=33.555s encode=0.915s wait=0.516s drain=32.124s waits=9915 untimed=7775 | wide: calls=1135 total=7.364s encode=0.800s wait=5.968s drain=0.596s waits=1135 untimed=0
[kernel-sub] materialize=0.383s moe=7.563s precommit=32.199s rest=0.774s
[metal-cache] calls=15758 zero_copy_wraps=462 copies=0 cache_entries=198 bindless=true
[route-chain] chained=6210
[route-chain] dedup_hits=6210
,
[stats] generated=102 elapsed=191.751s speed=0.5319 token/s (1.880 s/token) chunks=98 committed_rows=138 verify_tx=4 drafts=4/16 layer_passes=9114 expert_rows=13248 expert_tiles=9498
[verify-width] w1=0 w2=2 w3=0 w4=1 w5=0 w6=0 w7=0 w8+=1              (w1 share 0.0% of 4 transactions)
[opens] expert file opens=402788 total=5.420s mean=0.013ms requested_bytes=4302569438400 (4302.6 GB)
[arrival] tiles=878 waves=1701 uncovered_wait=30.043s dispatch=7.395s
[retain] enabled=false cap_gb=8 layers=63..=92 consults=0 wanted=0 hits=0 inserts=0 served=0.0MB
[summer] enabled=false cap_gb=8 sample=16 consults=0 wanted=0 hits=0 hit_rate=0.0% misses=0 inserts=0 evictions=0 recycled=0 allocs=0 pin_skips=0 gated=0 ramp=2..50 bar=0 suppressed=0 wide_skips=0 served=0.0MB copied=0.0MB ssd_avoided=0.0GB live=0/0.0GB model=0 protected=0 declined=0 topup_suppressed=0 aged=0 into=0/0/0 pending=0
[mirror-split] internal=0 K3C=0 K3B=0 K3A=0  shares=0%/0%/0%/0%
[phases] mono=356782.488297 chunks=98 sequence=184.400s read_wait=0.171s bind_upload=1.606s attention_resident=12.136s expert_read_prefetch=99.836s expert_demand_read=59.853s expert_plan=7.311s expert_hint=0.000s expert_submit=0.001s expert_kernel=68.878s source_fence=0.000s tail_head_sync=1.530s layer_other=0.196s expert_read_gross=92.525s plan_hint=7.142s plan_sched=0.167s attn_total=13.313s attn_encode=3.843s attn_wait=7.359s attn_drain=2.111s kernel_total=41.313s kernel_host=1.725s kernel_wait=6.490s kernel_drain=33.099s
[attn-split] single: calls=8835 total=7.933s encode=2.807s wait=3.015s drain=2.111s waits=15295 untimed=2584 | wide: calls=465 total=5.379s encode=1.035s wait=4.344s drain=0.000s waits=460 untimed=460 | hint: calls=9200 total=7.292s encode=0.023s wait=7.269s drain=0.000s waits=9311 untimed=9311
[kernel-split] single: calls=9370 total=33.949s encode=0.925s wait=0.522s drain=32.503s waits=10022 untimed=7858 | wide: calls=1135 total=7.364s encode=0.800s wait=5.968s drain=0.596s waits=1135 untimed=0
[kernel-sub] materialize=0.383s moe=7.575s precommit=32.576s rest=0.779s
[metal-cache] calls=15857 zero_copy_wraps=462 copies=0 cache_entries=198 bindless=true
 employment
[stats] generated=103 elapsed=193.210s speed=0.5331 token/s (1.876 s/token) chunks=99 committed_rows=139 verify_tx=4 drafts=4/16 layer_passes=9207 expert_rows=13340 expert_tiles=9590
[verify-width] w1=0 w2=2 w3=0 w4=1 w5=0 w6=0 w7=0 w8+=1              (w1 share 0.0% of 4 transactions)
[opens] expert file opens=406750 total=5.472s mean=0.013ms requested_bytes=4337304304832 (4337.3 GB)
[arrival] tiles=879 waves=1707 uncovered_wait=30.052s dispatch=7.403s
[retain] enabled=false cap_gb=8 layers=63..=92 consults=0 wanted=0 hits=0 inserts=0 served=0.0MB
[summer] enabled=false cap_gb=8 sample=16 consults=0 wanted=0 hits=0 hit_rate=0.0% misses=0 inserts=0 evictions=0 recycled=0 allocs=0 pin_skips=0 gated=0 ramp=2..50 bar=0 suppressed=0 wide_skips=0 served=0.0MB copied=0.0MB ssd_avoided=0.0GB live=0/0.0GB model=0 protected=0 declined=0 topup_suppressed=0 aged=0 into=0/0/0 pending=0
[mirror-split] internal=0 K3C=0 K3B=0 K3A=0  shares=0%/0%/0%/0%
[phases] mono=356783.947315 chunks=99 sequence=185.857s read_wait=0.171s bind_upload=1.606s attention_resident=12.210s expert_read_prefetch=100.804s expert_demand_read=60.449s expert_plan=7.396s expert_hint=0.000s expert_submit=0.001s expert_kernel=69.279s source_fence=0.000s tail_head_sync=1.544s layer_other=0.197s expert_read_gross=93.408s plan_hint=7.226s plan_sched=0.168s attn_total=13.386s attn_encode=3.865s attn_wait=7.393s attn_drain=2.128s kernel_total=41.705s kernel_host=1.733s kernel_wait=6.495s kernel_drain=33.477s
[attn-split] single: calls=8928 total=8.007s encode=2.829s wait=3.049s drain=2.128s waits=15456 untimed=2616 | wide: calls=465 total=5.379s encode=1.035s wait=4.344s drain=0.000s waits=460 untimed=460 | hint: calls=9292 total=7.377s encode=0.024s wait=7.353s drain=0.000s waits=9402 untimed=9402
[kernel-split] single: calls=9467 total=34.341s encode=0.933s wait=0.527s drain=32.881s waits=10125 untimed=7938 | wide: calls=1135 total=7.364s encode=0.800s wait=5.968s drain=0.596s waits=1135 untimed=0
[kernel-sub] materialize=0.383s moe=7.583s precommit=32.956s rest=0.783s
[metal-cache] calls=15954 zero_copy_wraps=462 copies=0 cache_entries=198 bindless=true
,
[stats] generated=104 elapsed=194.696s speed=0.5342 token/s (1.872 s/token) chunks=100 committed_rows=140 verify_tx=4 drafts=4/16 layer_passes=9300 expert_rows=13432 expert_tiles=9682
[verify-width] w1=0 w2=2 w3=0 w4=1 w5=0 w6=0 w7=0 w8+=1              (w1 share 0.0% of 4 transactions)
[opens] expert file opens=410667 total=5.523s mean=0.013ms requested_bytes=4371670678720 (4371.7 GB)
[arrival] tiles=880 waves=1713 uncovered_wait=30.061s dispatch=7.414s
[retain] enabled=false cap_gb=8 layers=63..=92 consults=0 wanted=0 hits=0 inserts=0 served=0.0MB
[summer] enabled=false cap_gb=8 sample=16 consults=0 wanted=0 hits=0 hit_rate=0.0% misses=0 inserts=0 evictions=0 recycled=0 allocs=0 pin_skips=0 gated=0 ramp=2..50 bar=0 suppressed=0 wide_skips=0 served=0.0MB copied=0.0MB ssd_avoided=0.0GB live=0/0.0GB model=0 protected=0 declined=0 topup_suppressed=0 aged=0 into=0/0/0 pending=0
[mirror-split] internal=0 K3C=0 K3B=0 K3A=0  shares=0%/0%/0%/0%
[phases] mono=356785.433487 chunks=100 sequence=187.342s read_wait=0.171s bind_upload=1.606s attention_resident=12.289s expert_read_prefetch=101.839s expert_demand_read=61.072s expert_plan=7.466s expert_hint=0.000s expert_submit=0.001s expert_kernel=69.634s source_fence=0.000s tail_head_sync=1.558s layer_other=0.199s expert_read_gross=94.373s plan_hint=7.295s plan_sched=0.169s attn_total=13.465s attn_encode=3.890s attn_wait=7.426s attn_drain=2.150s kernel_total=42.051s kernel_host=1.743s kernel_wait=6.500s kernel_drain=33.807s
[attn-split] single: calls=9021 total=8.086s encode=2.855s wait=3.082s drain=2.150s waits=15617 untimed=2649 | wide: calls=465 total=5.379s encode=1.035s wait=4.344s drain=0.000s waits=460 untimed=460 | hint: calls=9384 total=7.445s encode=0.024s wait=7.421s drain=0.000s waits=9493 untimed=9493
[kernel-split] single: calls=9564 total=34.687s encode=0.944s wait=0.532s drain=33.211s waits=10228 untimed=8023 | wide: calls=1135 total=7.364s encode=0.800s wait=5.968s drain=0.596s waits=1135 untimed=0
[kernel-sub] materialize=0.383s moe=7.593s precommit=33.287s rest=0.787s
[metal-cache] calls=16051 zero_copy_wraps=462 copies=0 cache_entries=198 bindless=true
 growth
[stats] generated=105 elapsed=196.119s speed=0.5354 token/s (1.868 s/token) chunks=101 committed_rows=141 verify_tx=4 drafts=4/16 layer_passes=9393 expert_rows=13524 expert_tiles=9774
[verify-width] w1=0 w2=2 w3=0 w4=1 w5=0 w6=0 w7=0 w8+=1              (w1 share 0.0% of 4 transactions)
[opens] expert file opens=414532 total=5.573s mean=0.013ms requested_bytes=4405554511040 (4405.6 GB)
[arrival] tiles=881 waves=1718 uncovered_wait=30.070s dispatch=7.423s
[retain] enabled=false cap_gb=8 layers=63..=92 consults=0 wanted=0 hits=0 inserts=0 served=0.0MB
[summer] enabled=false cap_gb=8 sample=16 consults=0 wanted=0 hits=0 hit_rate=0.0% misses=0 inserts=0 evictions=0 recycled=0 allocs=0 pin_skips=0 gated=0 ramp=2..50 bar=0 suppressed=0 wide_skips=0 served=0.0MB copied=0.0MB ssd_avoided=0.0GB live=0/0.0GB model=0 protected=0 declined=0 topup_suppressed=0 aged=0 into=0/0/0 pending=0
[mirror-split] internal=0 K3C=0 K3B=0 K3A=0  shares=0%/0%/0%/0%
[phases] mono=356786.856104 chunks=101 sequence=188.764s read_wait=0.171s bind_upload=1.606s attention_resident=12.376s expert_read_prefetch=102.797s expert_demand_read=61.659s expert_plan=7.546s expert_hint=0.000s expert_submit=0.001s expert_kernel=69.994s source_fence=0.000s tail_head_sync=1.573s layer_other=0.200s expert_read_gross=95.250s plan_hint=7.374s plan_sched=0.170s attn_total=13.552s attn_encode=3.927s attn_wait=7.455s attn_drain=2.170s kernel_total=42.402s kernel_host=1.752s kernel_wait=6.505s kernel_drain=34.144s
[attn-split] single: calls=9114 total=8.173s encode=2.892s wait=3.111s drain=2.170s waits=15778 untimed=2680 | wide: calls=465 total=5.379s encode=1.035s wait=4.344s drain=0.000s waits=460 untimed=460 | hint: calls=9476 total=7.524s encode=0.024s wait=7.500s drain=0.000s waits=9584 untimed=9584
[kernel-split] single: calls=9660 total=35.038s encode=0.952s wait=0.537s drain=33.548s waits=10329 untimed=8103 | wide: calls=1135 total=7.364s encode=0.800s wait=5.968s drain=0.596s waits=1135 untimed=0
[kernel-sub] materialize=0.383s moe=7.602s precommit=33.625s rest=0.792s
[metal-cache] calls=16147 zero_copy_wraps=462 copies=0 cache_entries=198 bindless=true
,
[stats] generated=106 elapsed=197.595s speed=0.5365 token/s (1.864 s/token) chunks=102 committed_rows=142 verify_tx=4 drafts=4/16 layer_passes=9486 expert_rows=13616 expert_tiles=9866
[verify-width] w1=0 w2=2 w3=0 w4=1 w5=0 w6=0 w7=0 w8+=1              (w1 share 0.0% of 4 transactions)
[opens] expert file opens=418475 total=5.626s mean=0.013ms requested_bytes=4440166546624 (4440.2 GB)
[arrival] tiles=882 waves=1725 uncovered_wait=30.082s dispatch=7.433s
[retain] enabled=false cap_gb=8 layers=63..=92 consults=0 wanted=0 hits=0 inserts=0 served=0.0MB
[summer] enabled=false cap_gb=8 sample=16 consults=0 wanted=0 hits=0 hit_rate=0.0% misses=0 inserts=0 evictions=0 recycled=0 allocs=0 pin_skips=0 gated=0 ramp=2..50 bar=0 suppressed=0 wide_skips=0 served=0.0MB copied=0.0MB ssd_avoided=0.0GB live=0/0.0GB model=0 protected=0 declined=0 topup_suppressed=0 aged=0 into=0/0/0 pending=0
[mirror-split] internal=0 K3C=0 K3B=0 K3A=0  shares=0%/0%/0%/0%
[phases] mono=356788.331788 chunks=102 sequence=190.238s read_wait=0.171s bind_upload=1.606s attention_resident=12.456s expert_read_prefetch=103.758s expert_demand_read=62.252s expert_plan=7.615s expert_hint=0.000s expert_submit=0.001s expert_kernel=70.409s source_fence=0.000s tail_head_sync=1.590s layer_other=0.202s expert_read_gross=96.143s plan_hint=7.441s plan_sched=0.171s attn_total=13.631s attn_encode=3.954s attn_wait=7.480s attn_drain=2.197s kernel_total=42.805s kernel_host=1.763s kernel_wait=6.511s kernel_drain=34.531s
[attn-split] single: calls=9207 total=8.252s encode=2.918s wait=3.136s drain=2.197s waits=15939 untimed=2704 | wide: calls=465 total=5.379s encode=1.035s wait=4.344s drain=0.000s waits=460 untimed=460 | hint: calls=9568 total=7.591s encode=0.024s wait=7.567s drain=0.000s waits=9675 untimed=9675
[kernel-split] single: calls=9758 total=35.441s encode=0.963s wait=0.544s drain=33.934s waits=10434 untimed=8181 | wide: calls=1135 total=7.364s encode=0.800s wait=5.968s drain=0.596s waits=1135 untimed=0
[kernel-sub] materialize=0.383s moe=7.612s precommit=34.013s rest=0.796s
[metal-cache] calls=16245 zero_copy_wraps=462 copies=0 cache_entries=198 bindless=true
 and
[stats] generated=107 elapsed=199.052s speed=0.5375 token/s (1.860 s/token) chunks=103 committed_rows=143 verify_tx=4 drafts=4/16 layer_passes=9579 expert_rows=13708 expert_tiles=9958
[verify-width] w1=0 w2=2 w3=0 w4=1 w5=0 w6=0 w7=0 w8+=1              (w1 share 0.0% of 4 transactions)
[opens] expert file opens=422356 total=5.673s mean=0.013ms requested_bytes=4474208304320 (4474.2 GB)
[arrival] tiles=883 waves=1733 uncovered_wait=30.091s dispatch=7.444s
[retain] enabled=false cap_gb=8 layers=63..=92 consults=0 wanted=0 hits=0 inserts=0 served=0.0MB
[summer] enabled=false cap_gb=8 sample=16 consults=0 wanted=0 hits=0 hit_rate=0.0% misses=0 inserts=0 evictions=0 recycled=0 allocs=0 pin_skips=0 gated=0 ramp=2..50 bar=0 suppressed=0 wide_skips=0 served=0.0MB copied=0.0MB ssd_avoided=0.0GB live=0/0.0GB model=0 protected=0 declined=0 topup_suppressed=0 aged=0 into=0/0/0 pending=0
[mirror-split] internal=0 K3C=0 K3B=0 K3A=0  shares=0%/0%/0%/0%
[phases] mono=356789.788883 chunks=103 sequence=191.694s read_wait=0.171s bind_upload=1.606s attention_resident=12.531s expert_read_prefetch=104.784s expert_demand_read=62.831s expert_plan=7.691s expert_hint=0.000s expert_submit=0.001s expert_kernel=70.750s source_fence=0.000s tail_head_sync=1.603s layer_other=0.203s expert_read_gross=97.093s plan_hint=7.516s plan_sched=0.172s attn_total=13.706s attn_encode=3.980s attn_wait=7.507s attn_drain=2.219s kernel_total=43.137s kernel_host=1.772s kernel_wait=6.517s kernel_drain=34.848s
[attn-split] single: calls=9300 total=8.327s encode=2.945s wait=3.163s drain=2.219s waits=16100 untimed=2741 | wide: calls=465 total=5.379s encode=1.035s wait=4.344s drain=0.000s waits=460 untimed=460 | hint: calls=9660 total=7.666s encode=0.024s wait=7.642s drain=0.000s waits=9766 untimed=9766
[kernel-split] single: calls=9857 total=35.773s encode=0.972s wait=0.549s drain=34.252s waits=10541 untimed=8271 | wide: calls=1135 total=7.364s encode=0.800s wait=5.968s drain=0.596s waits=1135 untimed=0
[kernel-sub] materialize=0.383s moe=7.623s precommit=34.331s rest=0.800s
[metal-cache] calls=16344 zero_copy_wraps=462 copies=0 cache_entries=198 bindless=true
 financial
[stats] generated=108 elapsed=200.555s speed=0.5385 token/s (1.857 s/token) chunks=104 committed_rows=144 verify_tx=4 drafts=4/16 layer_passes=9672 expert_rows=13800 expert_tiles=10050
[verify-width] w1=0 w2=2 w3=0 w4=1 w5=0 w6=0 w7=0 w8+=1              (w1 share 0.0% of 4 transactions)
[opens] expert file opens=426463 total=5.727s mean=0.013ms requested_bytes=4510189059264 (4510.2 GB)
[arrival] tiles=884 waves=1741 uncovered_wait=30.100s dispatch=7.457s
[retain] enabled=false cap_gb=8 layers=63..=92 consults=0 wanted=0 hits=0 inserts=0 served=0.0MB
[summer] enabled=false cap_gb=8 sample=16 consults=0 wanted=0 hits=0 hit_rate=0.0% misses=0 inserts=0 evictions=0 recycled=0 allocs=0 pin_skips=0 gated=0 ramp=2..50 bar=0 suppressed=0 wide_skips=0 served=0.0MB copied=0.0MB ssd_avoided=0.0GB live=0/0.0GB model=0 protected=0 declined=0 topup_suppressed=0 aged=0 into=0/0/0 pending=0
[mirror-split] internal=0 K3C=0 K3B=0 K3A=0  shares=0%/0%/0%/0%
[phases] mono=356791.291873 chunks=104 sequence=193.196s read_wait=0.171s bind_upload=1.606s attention_resident=12.600s expert_read_prefetch=105.838s expert_demand_read=63.443s expert_plan=7.770s expert_hint=0.000s expert_submit=0.001s expert_kernel=71.109s source_fence=0.000s tail_head_sync=1.620s layer_other=0.204s expert_read_gross=98.067s plan_hint=7.595s plan_sched=0.173s attn_total=13.775s attn_encode=4.004s attn_wait=7.530s attn_drain=2.242s kernel_total=43.487s kernel_host=1.782s kernel_wait=6.524s kernel_drain=35.182s
[attn-split] single: calls=9393 total=8.396s encode=2.968s wait=3.186s drain=2.242s waits=16261 untimed=2773 | wide: calls=465 total=5.379s encode=1.035s wait=4.344s drain=0.000s waits=460 untimed=460 | hint: calls=9752 total=7.745s encode=0.025s wait=7.720s drain=0.000s waits=9857 untimed=9857
[kernel-split] single: calls=9956 total=36.123s encode=0.982s wait=0.556s drain=34.585s waits=10648 untimed=8356 | wide: calls=1135 total=7.364s encode=0.800s wait=5.968s drain=0.596s waits=1135 untimed=0
[kernel-sub] materialize=0.383s moe=7.636s precommit=34.663s rest=0.805s
[metal-cache] calls=16443 zero_copy_wraps=462 copies=0 cache_entries=198 bindless=true
 stability
[stats] generated=109 elapsed=202.065s speed=0.5394 token/s (1.854 s/token) chunks=105 committed_rows=145 verify_tx=4 drafts=4/16 layer_passes=9765 expert_rows=13892 expert_tiles=10142
[verify-width] w1=0 w2=2 w3=0 w4=1 w5=0 w6=0 w7=0 w8+=1              (w1 share 0.0% of 4 transactions)
[opens] expert file opens=430412 total=5.780s mean=0.013ms requested_bytes=4544801160384 (4544.8 GB)
[arrival] tiles=885 waves=1748 uncovered_wait=30.110s dispatch=7.463s
[retain] enabled=false cap_gb=8 layers=63..=92 consults=0 wanted=0 hits=0 inserts=0 served=0.0MB
[summer] enabled=false cap_gb=8 sample=16 consults=0 wanted=0 hits=0 hit_rate=0.0% misses=0 inserts=0 evictions=0 recycled=0 allocs=0 pin_skips=0 gated=0 ramp=2..50 bar=0 suppressed=0 wide_skips=0 served=0.0MB copied=0.0MB ssd_avoided=0.0GB live=0/0.0GB model=0 protected=0 declined=0 topup_suppressed=0 aged=0 into=0/0/0 pending=0
[mirror-split] internal=0 K3C=0 K3B=0 K3A=0  shares=0%/0%/0%/0%
[phases] mono=356792.802528 chunks=105 sequence=194.705s read_wait=0.171s bind_upload=1.606s attention_resident=12.691s expert_read_prefetch=106.866s expert_demand_read=64.024s expert_plan=7.846s expert_hint=0.001s expert_submit=0.001s expert_kernel=71.481s source_fence=0.000s tail_head_sync=1.638s layer_other=0.206s expert_read_gross=99.020s plan_hint=7.670s plan_sched=0.175s attn_total=13.866s attn_encode=4.046s attn_wait=7.556s attn_drain=2.264s kernel_total=43.848s kernel_host=1.791s kernel_wait=6.527s kernel_drain=35.530s
[attn-split] single: calls=9486 total=8.487s encode=3.010s wait=3.212s drain=2.264s waits=16422 untimed=2794 | wide: calls=465 total=5.379s encode=1.035s wait=4.344s drain=0.000s waits=460 untimed=460 | hint: calls=9844 total=7.820s encode=0.025s wait=7.795s drain=0.000s waits=9948 untimed=9948
[kernel-split] single: calls=10054 total=36.484s encode=0.991s wait=0.560s drain=34.933s waits=10753 untimed=8438 | wide: calls=1135 total=7.364s encode=0.800s wait=5.968s drain=0.596s waits=1135 untimed=0
[kernel-sub] materialize=0.383s moe=7.642s precommit=35.013s rest=0.810s
[metal-cache] calls=16541 zero_copy_wraps=462 copies=0 cache_entries=198 bindless=true
.
[stats] generated=110 elapsed=203.603s speed=0.5403 token/s (1.851 s/token) chunks=106 committed_rows=146 verify_tx=4 drafts=4/16 layer_passes=9858 expert_rows=13984 expert_tiles=10234
[verify-width] w1=0 w2=2 w3=0 w4=1 w5=0 w6=0 w7=0 w8+=1              (w1 share 0.0% of 4 transactions)
[opens] expert file opens=434380 total=5.833s mean=0.013ms requested_bytes=4579571121344 (4579.6 GB)
[arrival] tiles=886 waves=1756 uncovered_wait=30.121s dispatch=7.474s
[retain] enabled=false cap_gb=8 layers=63..=92 consults=0 wanted=0 hits=0 inserts=0 served=0.0MB
[summer] enabled=false cap_gb=8 sample=16 consults=0 wanted=0 hits=0 hit_rate=0.0% misses=0 inserts=0 evictions=0 recycled=0 allocs=0 pin_skips=0 gated=0 ramp=2..50 bar=0 suppressed=0 wide_skips=0 served=0.0MB copied=0.0MB ssd_avoided=0.0GB live=0/0.0GB model=0 protected=0 declined=0 topup_suppressed=0 aged=0 into=0/0/0 pending=0
[mirror-split] internal=0 K3C=0 K3B=0 K3A=0  shares=0%/0%/0%/0%
[phases] mono=356794.340010 chunks=106 sequence=196.241s read_wait=0.171s bind_upload=1.606s attention_resident=12.764s expert_read_prefetch=107.939s expert_demand_read=64.642s expert_plan=7.930s expert_hint=0.001s expert_submit=0.001s expert_kernel=71.852s source_fence=0.000s tail_head_sync=1.655s layer_other=0.207s expert_read_gross=100.009s plan_hint=7.752s plan_sched=0.176s attn_total=13.939s attn_encode=4.070s attn_wait=7.587s attn_drain=2.282s kernel_total=44.208s kernel_host=1.801s kernel_wait=6.533s kernel_drain=35.873s
[attn-split] single: calls=9579 total=8.560s encode=3.035s wait=3.243s drain=2.282s waits=16583 untimed=2821 | wide: calls=465 total=5.379s encode=1.035s wait=4.344s drain=0.000s waits=460 untimed=460 | hint: calls=9936 total=7.902s encode=0.025s wait=7.877s drain=0.000s waits=10039 untimed=10039
[kernel-split] single: calls=10153 total=36.844s encode=1.001s wait=0.566s drain=35.277s waits=10860 untimed=8522 | wide: calls=1135 total=7.364s encode=0.800s wait=5.968s drain=0.596s waits=1135 untimed=0
[kernel-sub] materialize=0.383s moe=7.652s precommit=35.358s rest=0.814s
[metal-cache] calls=16640 zero_copy_wraps=462 copies=0 cache_entries=198 bindless=true
 Based
[stats] generated=111 elapsed=205.085s speed=0.5412 token/s (1.848 s/token) chunks=107 committed_rows=147 verify_tx=4 drafts=4/16 layer_passes=9951 expert_rows=14076 expert_tiles=10326
[verify-width] w1=0 w2=2 w3=0 w4=1 w5=0 w6=0 w7=0 w8+=1              (w1 share 0.0% of 4 transactions)
[opens] expert file opens=438400 total=5.887s mean=0.013ms requested_bytes=4614849936576 (4614.8 GB)
[arrival] tiles=887 waves=1762 uncovered_wait=30.129s dispatch=7.481s
[retain] enabled=false cap_gb=8 layers=63..=92 consults=0 wanted=0 hits=0 inserts=0 served=0.0MB
[summer] enabled=false cap_gb=8 sample=16 consults=0 wanted=0 hits=0 hit_rate=0.0% misses=0 inserts=0 evictions=0 recycled=0 allocs=0 pin_skips=0 gated=0 ramp=2..50 bar=0 suppressed=0 wide_skips=0 served=0.0MB copied=0.0MB ssd_avoided=0.0GB live=0/0.0GB model=0 protected=0 declined=0 topup_suppressed=0 aged=0 into=0/0/0 pending=0
[mirror-split] internal=0 K3C=0 K3B=0 K3A=0  shares=0%/0%/0%/0%
[phases] mono=356795.822396 chunks=107 sequence=197.722s read_wait=0.171s bind_upload=1.606s attention_resident=12.836s expert_read_prefetch=108.981s expert_demand_read=65.232s expert_plan=8.011s expert_hint=0.001s expert_submit=0.001s expert_kernel=72.204s source_fence=0.000s tail_head_sync=1.668s layer_other=0.209s expert_read_gross=100.970s plan_hint=7.832s plan_sched=0.177s attn_total=14.011s attn_encode=4.095s attn_wait=7.615s attn_drain=2.301s kernel_total=44.552s kernel_host=1.810s kernel_wait=6.538s kernel_drain=36.205s
[attn-split] single: calls=9672 total=8.631s encode=3.059s wait=3.271s drain=2.301s waits=16744 untimed=2848 | wide: calls=465 total=5.379s encode=1.035s wait=4.344s drain=0.000s waits=460 untimed=460 | hint: calls=10028 total=7.982s encode=0.025s wait=7.956s drain=0.000s waits=10130 untimed=10130
[kernel-split] single: calls=10250 total=37.188s encode=1.010s wait=0.570s drain=35.608s waits=10963 untimed=8600 | wide: calls=1135 total=7.364s encode=0.800s wait=5.968s drain=0.596s waits=1135 untimed=0
[kernel-sub] materialize=0.383s moe=7.659s precommit=35.691s rest=0.818s
[metal-cache] calls=16737 zero_copy_wraps=462 copies=0 cache_entries=198 bindless=true
[route-chain] chained=6900
[route-chain] dedup_hits=6900
 on
[stats] generated=112 elapsed=206.556s speed=0.5422 token/s (1.844 s/token) chunks=108 committed_rows=148 verify_tx=4 drafts=4/16 layer_passes=10044 expert_rows=14168 expert_tiles=10418
[verify-width] w1=0 w2=2 w3=0 w4=1 w5=0 w6=0 w7=0 w8+=1              (w1 share 0.0% of 4 transactions)
[opens] expert file opens=442345 total=5.943s mean=0.013ms requested_bytes=4649453190336 (4649.5 GB)
[arrival] tiles=888 waves=1767 uncovered_wait=30.143s dispatch=7.491s
[retain] enabled=false cap_gb=8 layers=63..=92 consults=0 wanted=0 hits=0 inserts=0 served=0.0MB
[summer] enabled=false cap_gb=8 sample=16 consults=0 wanted=0 hits=0 hit_rate=0.0% misses=0 inserts=0 evictions=0 recycled=0 allocs=0 pin_skips=0 gated=0 ramp=2..50 bar=0 suppressed=0 wide_skips=0 served=0.0MB copied=0.0MB ssd_avoided=0.0GB live=0/0.0GB model=0 protected=0 declined=0 topup_suppressed=0 aged=0 into=0/0/0 pending=0
[mirror-split] internal=0 K3C=0 K3B=0 K3A=0  shares=0%/0%/0%/0%
[phases] mono=356797.292807 chunks=108 sequence=199.191s read_wait=0.171s bind_upload=1.606s attention_resident=12.907s expert_read_prefetch=109.979s expert_demand_read=65.872s expert_plan=8.091s expert_hint=0.001s expert_submit=0.001s expert_kernel=72.589s source_fence=0.000s tail_head_sync=1.682s layer_other=0.210s expert_read_gross=101.888s plan_hint=7.911s plan_sched=0.178s attn_total=14.081s attn_encode=4.116s attn_wait=7.638s attn_drain=2.327s kernel_total=44.923s kernel_host=1.820s kernel_wait=6.542s kernel_drain=36.561s
[attn-split] single: calls=9765 total=8.702s encode=3.081s wait=3.294s drain=2.327s waits=16905 untimed=2869 | wide: calls=465 total=5.379s encode=1.035s wait=4.344s drain=0.000s waits=460 untimed=460 | hint: calls=10120 total=8.061s encode=0.026s wait=8.035s drain=0.000s waits=10221 untimed=10221
[kernel-split] single: calls=10346 total=37.559s encode=1.020s wait=0.575s drain=35.965s waits=11064 untimed=8680 | wide: calls=1135 total=7.364s encode=0.800s wait=5.968s drain=0.596s waits=1135 untimed=0
[kernel-sub] materialize=0.383s moe=7.669s precommit=36.048s rest=0.823s
[metal-cache] calls=16833 zero_copy_wraps=462 copies=0 cache_entries=198 bindless=true
 this
[stats] generated=113 elapsed=208.136s speed=0.5429 token/s (1.842 s/token) chunks=109 committed_rows=149 verify_tx=4 drafts=4/16 layer_passes=10137 expert_rows=14260 expert_tiles=10510
[verify-width] w1=0 w2=2 w3=0 w4=1 w5=0 w6=0 w7=0 w8+=1              (w1 share 0.0% of 4 transactions)
[opens] expert file opens=446560 total=6.004s mean=0.013ms requested_bytes=4686486715584 (4686.5 GB)
[arrival] tiles=889 waves=1775 uncovered_wait=30.159s dispatch=7.500s
[retain] enabled=false cap_gb=8 layers=63..=92 consults=0 wanted=0 hits=0 inserts=0 served=0.0MB
[summer] enabled=false cap_gb=8 sample=16 consults=0 wanted=0 hits=0 hit_rate=0.0% misses=0 inserts=0 evictions=0 recycled=0 allocs=0 pin_skips=0 gated=0 ramp=2..50 bar=0 suppressed=0 wide_skips=0 served=0.0MB copied=0.0MB ssd_avoided=0.0GB live=0/0.0GB model=0 protected=0 declined=0 topup_suppressed=0 aged=0 into=0/0/0 pending=0
[mirror-split] internal=0 K3C=0 K3B=0 K3A=0  shares=0%/0%/0%/0%
[phases] mono=356798.873916 chunks=109 sequence=200.770s read_wait=0.171s bind_upload=1.606s attention_resident=13.005s expert_read_prefetch=111.030s expert_demand_read=66.516s expert_plan=8.172s expert_hint=0.001s expert_submit=0.001s expert_kernel=73.002s source_fence=0.000s tail_head_sync=1.698s layer_other=0.212s expert_read_gross=102.858s plan_hint=7.990s plan_sched=0.179s attn_total=14.179s attn_encode=4.161s attn_wait=7.664s attn_drain=2.353s kernel_total=45.319s kernel_host=1.830s kernel_wait=6.547s kernel_drain=36.941s
[attn-split] single: calls=9858 total=8.800s encode=3.126s wait=3.320s drain=2.353s waits=17066 untimed=2890 | wide: calls=465 total=5.379s encode=1.035s wait=4.344s drain=0.000s waits=460 untimed=460 | hint: calls=10212 total=8.140s encode=0.026s wait=8.115s drain=0.000s waits=10312 untimed=10312
[kernel-split] single: calls=10445 total=37.955s encode=1.030s wait=0.580s drain=36.345s waits=11171 untimed=8767 | wide: calls=1135 total=7.364s encode=0.800s wait=5.968s drain=0.596s waits=1135 untimed=0
[kernel-sub] materialize=0.383s moe=7.679s precommit=36.429s rest=0.828s
[metal-cache] calls=16932 zero_copy_wraps=462 copies=0 cache_entries=198 bindless=true
 assessment
[stats] generated=114 elapsed=209.601s speed=0.5439 token/s (1.839 s/token) chunks=110 committed_rows=150 verify_tx=4 drafts=4/16 layer_passes=10230 expert_rows=14352 expert_tiles=10602
[verify-width] w1=0 w2=2 w3=0 w4=1 w5=0 w6=0 w7=0 w8+=1              (w1 share 0.0% of 4 transactions)
[opens] expert file opens=450481 total=6.056s mean=0.013ms requested_bytes=4720888184000 (4720.9 GB)
[arrival] tiles=890 waves=1782 uncovered_wait=30.170s dispatch=7.510s
[retain] enabled=false cap_gb=8 layers=63..=92 consults=0 wanted=0 hits=0 inserts=0 served=0.0MB
[summer] enabled=false cap_gb=8 sample=16 consults=0 wanted=0 hits=0 hit_rate=0.0% misses=0 inserts=0 evictions=0 recycled=0 allocs=0 pin_skips=0 gated=0 ramp=2..50 bar=0 suppressed=0 wide_skips=0 served=0.0MB copied=0.0MB ssd_avoided=0.0GB live=0/0.0GB model=0 protected=0 declined=0 topup_suppressed=0 aged=0 into=0/0/0 pending=0
[mirror-split] internal=0 K3C=0 K3B=0 K3A=0  shares=0%/0%/0%/0%
[phases] mono=356800.338322 chunks=110 sequence=202.233s read_wait=0.171s bind_upload=1.606s attention_resident=13.074s expert_read_prefetch=112.069s expert_demand_read=67.119s expert_plan=8.258s expert_hint=0.001s expert_submit=0.001s expert_kernel=73.341s source_fence=0.000s tail_head_sync=1.712s layer_other=0.213s expert_read_gross=103.811s plan_hint=8.076s plan_sched=0.180s attn_total=14.248s attn_encode=4.186s attn_wait=7.691s attn_drain=2.371s kernel_total=45.647s kernel_host=1.840s kernel_wait=6.553s kernel_drain=37.255s
[attn-split] single: calls=9951 total=8.869s encode=3.151s wait=3.347s drain=2.371s waits=17227 untimed=2917 | wide: calls=465 total=5.379s encode=1.035s wait=4.344s drain=0.000s waits=460 untimed=460 | hint: calls=10304 total=8.226s encode=0.026s wait=8.200s drain=0.000s waits=10403 untimed=10403
[kernel-split] single: calls=10543 total=38.283s encode=1.040s wait=0.585s drain=36.658s waits=11276 untimed=8857 | wide: calls=1135 total=7.364s encode=0.800s wait=5.968s drain=0.596s waits=1135 untimed=0
[kernel-sub] materialize=0.383s moe=7.688s precommit=36.744s rest=0.832s
[metal-cache] calls=17030 zero_copy_wraps=462 copies=0 cache_entries=198 bindless=true
,
[stats] generated=115 elapsed=211.038s speed=0.5449 token/s (1.835 s/token) chunks=111 committed_rows=151 verify_tx=4 drafts=4/16 layer_passes=10323 expert_rows=14444 expert_tiles=10694
[verify-width] w1=0 w2=2 w3=0 w4=1 w5=0 w6=0 w7=0 w8+=1              (w1 share 0.0% of 4 transactions)
[opens] expert file opens=454422 total=6.108s mean=0.013ms requested_bytes=4755491421376 (4755.5 GB)
[arrival] tiles=891 waves=1788 uncovered_wait=30.179s dispatch=7.518s
[retain] enabled=false cap_gb=8 layers=63..=92 consults=0 wanted=0 hits=0 inserts=0 served=0.0MB
[summer] enabled=false cap_gb=8 sample=16 consults=0 wanted=0 hits=0 hit_rate=0.0% misses=0 inserts=0 evictions=0 recycled=0 allocs=0 pin_skips=0 gated=0 ramp=2..50 bar=0 suppressed=0 wide_skips=0 served=0.0MB copied=0.0MB ssd_avoided=0.0GB live=0/0.0GB model=0 protected=0 declined=0 topup_suppressed=0 aged=0 into=0/0/0 pending=0
[mirror-split] internal=0 K3C=0 K3B=0 K3A=0  shares=0%/0%/0%/0%
[phases] mono=356801.775395 chunks=111 sequence=203.669s read_wait=0.171s bind_upload=1.606s attention_resident=13.159s expert_read_prefetch=113.049s expert_demand_read=67.714s expert_plan=8.332s expert_hint=0.001s expert_submit=0.001s expert_kernel=73.693s source_fence=0.000s tail_head_sync=1.729s layer_other=0.215s expert_read_gross=104.716s plan_hint=8.149s plan_sched=0.181s attn_total=14.333s attn_encode=4.209s attn_wait=7.729s attn_drain=2.395s kernel_total=45.991s kernel_host=1.848s kernel_wait=6.558s kernel_drain=37.584s
[attn-split] single: calls=10044 total=8.954s encode=3.174s wait=3.385s drain=2.395s waits=17388 untimed=2938 | wide: calls=465 total=5.379s encode=1.035s wait=4.344s drain=0.000s waits=460 untimed=460 | hint: calls=10396 total=8.299s encode=0.026s wait=8.272s drain=0.000s waits=10494 untimed=10494
[kernel-split] single: calls=10640 total=38.627s encode=1.048s wait=0.590s drain=36.988s waits=11379 untimed=8939 | wide: calls=1135 total=7.364s encode=0.800s wait=5.968s drain=0.596s waits=1135 untimed=0
[kernel-sub] materialize=0.383s moe=7.696s precommit=37.075s rest=0.837s
[metal-cache] calls=17127 zero_copy_wraps=462 copies=0 cache_entries=198 bindless=true
 it
[stats] generated=116 elapsed=212.552s speed=0.5457 token/s (1.832 s/token) chunks=112 committed_rows=152 verify_tx=4 drafts=4/16 layer_passes=10416 expert_rows=14536 expert_tiles=10786
[verify-width] w1=0 w2=2 w3=0 w4=1 w5=0 w6=0 w7=0 w8+=1              (w1 share 0.0% of 4 transactions)
[opens] expert file opens=458481 total=6.172s mean=0.013ms requested_bytes=4791077338304 (4791.1 GB)
[arrival] tiles=892 waves=1796 uncovered_wait=30.187s dispatch=7.526s
[retain] enabled=false cap_gb=8 layers=63..=92 consults=0 wanted=0 hits=0 inserts=0 served=0.0MB
[summer] enabled=false cap_gb=8 sample=16 consults=0 wanted=0 hits=0 hit_rate=0.0% misses=0 inserts=0 evictions=0 recycled=0 allocs=0 pin_skips=0 gated=0 ramp=2..50 bar=0 suppressed=0 wide_skips=0 served=0.0MB copied=0.0MB ssd_avoided=0.0GB live=0/0.0GB model=0 protected=0 declined=0 topup_suppressed=0 aged=0 into=0/0/0 pending=0
[mirror-split] internal=0 K3C=0 K3B=0 K3A=0  shares=0%/0%/0%/0%
[phases] mono=356803.289682 chunks=112 sequence=205.182s read_wait=0.171s bind_upload=1.606s attention_resident=13.236s expert_read_prefetch=114.091s expert_demand_read=68.349s expert_plan=8.405s expert_hint=0.001s expert_submit=0.001s expert_kernel=74.071s source_fence=0.000s tail_head_sync=1.743s layer_other=0.216s expert_read_gross=105.686s plan_hint=8.221s plan_sched=0.182s attn_total=14.410s attn_encode=4.237s attn_wait=7.753s attn_drain=2.419s kernel_total=46.360s kernel_host=1.858s kernel_wait=6.563s kernel_drain=37.939s
[attn-split] single: calls=10137 total=9.030s encode=3.202s wait=3.409s drain=2.419s waits=17549 untimed=2967 | wide: calls=465 total=5.379s encode=1.035s wait=4.344s drain=0.000s waits=460 untimed=460 | hint: calls=10488 total=8.371s encode=0.026s wait=8.344s drain=0.000s waits=10585 untimed=10585
[kernel-split] single: calls=10739 total=38.996s encode=1.058s wait=0.595s drain=37.343s waits=11486 untimed=9025 | wide: calls=1135 total=7.364s encode=0.800s wait=5.968s drain=0.596s waits=1135 untimed=0
[kernel-sub] materialize=0.383s moe=7.704s precommit=37.431s rest=0.842s
[metal-cache] calls=17226 zero_copy_wraps=462 copies=0 cache_entries=198 bindless=true
 decides
[stats] generated=117 elapsed=214.109s speed=0.5465 token/s (1.830 s/token) chunks=113 committed_rows=153 verify_tx=4 drafts=4/16 layer_passes=10509 expert_rows=14628 expert_tiles=10878
[verify-width] w1=0 w2=2 w3=0 w4=1 w5=0 w6=0 w7=0 w8+=1              (w1 share 0.0% of 4 transactions)
[opens] expert file opens=462428 total=6.224s mean=0.013ms requested_bytes=4825724468416 (4825.7 GB)
[arrival] tiles=893 waves=1804 uncovered_wait=30.198s dispatch=7.536s
[retain] enabled=false cap_gb=8 layers=63..=92 consults=0 wanted=0 hits=0 inserts=0 served=0.0MB
[summer] enabled=false cap_gb=8 sample=16 consults=0 wanted=0 hits=0 hit_rate=0.0% misses=0 inserts=0 evictions=0 recycled=0 allocs=0 pin_skips=0 gated=0 ramp=2..50 bar=0 suppressed=0 wide_skips=0 served=0.0MB copied=0.0MB ssd_avoided=0.0GB live=0/0.0GB model=0 protected=0 declined=0 topup_suppressed=0 aged=0 into=0/0/0 pending=0
[mirror-split] internal=0 K3C=0 K3B=0 K3A=0  shares=0%/0%/0%/0%
[phases] mono=356804.846290 chunks=113 sequence=206.737s read_wait=0.171s bind_upload=1.606s attention_resident=13.329s expert_read_prefetch=115.197s expert_demand_read=68.998s expert_plan=8.479s expert_hint=0.001s expert_submit=0.001s expert_kernel=74.413s source_fence=0.000s tail_head_sync=1.756s layer_other=0.217s expert_read_gross=106.718s plan_hint=8.293s plan_sched=0.183s attn_total=14.502s attn_encode=4.271s attn_wait=7.792s attn_drain=2.440s kernel_total=46.690s kernel_host=1.867s kernel_wait=6.570s kernel_drain=38.254s
[attn-split] single: calls=10230 total=9.123s encode=3.235s wait=3.448s drain=2.440s waits=17710 untimed=2996 | wide: calls=465 total=5.379s encode=1.035s wait=4.344s drain=0.000s waits=460 untimed=460 | hint: calls=10580 total=8.443s encode=0.027s wait=8.416s drain=0.000s waits=10676 untimed=10676
[kernel-split] single: calls=10838 total=39.326s encode=1.067s wait=0.602s drain=37.658s waits=11593 untimed=9109 | wide: calls=1135 total=7.364s encode=0.800s wait=5.968s drain=0.596s waits=1135 untimed=0
[kernel-sub] materialize=0.383s moe=7.714s precommit=37.747s rest=0.846s
[metal-cache] calls=17325 zero_copy_wraps=462 copies=0 cache_entries=198 bindless=true
 whether
[stats] generated=118 elapsed=215.603s speed=0.5473 token/s (1.827 s/token) chunks=114 committed_rows=154 verify_tx=4 drafts=4/16 layer_passes=10602 expert_rows=14720 expert_tiles=10970
[verify-width] w1=0 w2=2 w3=0 w4=1 w5=0 w6=0 w7=0 w8+=1              (w1 share 0.0% of 4 transactions)
[opens] expert file opens=466310 total=6.277s mean=0.013ms requested_bytes=4859818867904 (4859.8 GB)
[arrival] tiles=894 waves=1812 uncovered_wait=30.214s dispatch=7.553s
[retain] enabled=false cap_gb=8 layers=63..=92 consults=0 wanted=0 hits=0 inserts=0 served=0.0MB
[summer] enabled=false cap_gb=8 sample=16 consults=0 wanted=0 hits=0 hit_rate=0.0% misses=0 inserts=0 evictions=0 recycled=0 allocs=0 pin_skips=0 gated=0 ramp=2..50 bar=0 suppressed=0 wide_skips=0 served=0.0MB copied=0.0MB ssd_avoided=0.0GB live=0/0.0GB model=0 protected=0 declined=0 topup_suppressed=0 aged=0 into=0/0/0 pending=0
[mirror-split] internal=0 K3C=0 K3B=0 K3A=0  shares=0%/0%/0%/0%
[phases] mono=356806.340717 chunks=114 sequence=208.229s read_wait=0.171s bind_upload=1.606s attention_resident=13.407s expert_read_prefetch=116.214s expert_demand_read=69.594s expert_plan=8.556s expert_hint=0.001s expert_submit=0.001s expert_kernel=74.792s source_fence=0.000s tail_head_sync=1.774s layer_other=0.219s expert_read_gross=107.657s plan_hint=8.370s plan_sched=0.184s attn_total=14.580s attn_encode=4.296s attn_wait=7.831s attn_drain=2.453s kernel_total=47.053s kernel_host=1.878s kernel_wait=6.577s kernel_drain=38.598s
[attn-split] single: calls=10323 total=9.201s encode=3.261s wait=3.487s drain=2.453s waits=17871 untimed=3029 | wide: calls=465 total=5.379s encode=1.035s wait=4.344s drain=0.000s waits=460 untimed=460 | hint: calls=10672 total=8.520s encode=0.027s wait=8.493s drain=0.000s waits=10767 untimed=10767
[kernel-split] single: calls=10937 total=39.689s encode=1.078s wait=0.609s drain=38.001s waits=11700 untimed=9196 | wide: calls=1135 total=7.364s encode=0.800s wait=5.968s drain=0.596s waits=1135 untimed=0
[kernel-sub] materialize=0.383s moe=7.731s precommit=38.088s rest=0.850s
[metal-cache] calls=17424 zero_copy_wraps=462 copies=0 cache_entries=198 bindless=true
 to
[stats] generated=119 elapsed=217.119s speed=0.5481 token/s (1.825 s/token) chunks=115 committed_rows=155 verify_tx=4 drafts=4/16 layer_passes=10695 expert_rows=14812 expert_tiles=11062
[verify-width] w1=0 w2=2 w3=0 w4=1 w5=0 w6=0 w7=0 w8+=1              (w1 share 0.0% of 4 transactions)
[opens] expert file opens=470236 total=6.332s mean=0.013ms requested_bytes=4894246649024 (4894.2 GB)
[arrival] tiles=895 waves=1819 uncovered_wait=30.225s dispatch=7.562s
[retain] enabled=false cap_gb=8 layers=63..=92 consults=0 wanted=0 hits=0 inserts=0 served=0.0MB
[summer] enabled=false cap_gb=8 sample=16 consults=0 wanted=0 hits=0 hit_rate=0.0% misses=0 inserts=0 evictions=0 recycled=0 allocs=0 pin_skips=0 gated=0 ramp=2..50 bar=0 suppressed=0 wide_skips=0 served=0.0MB copied=0.0MB ssd_avoided=0.0GB live=0/0.0GB model=0 protected=0 declined=0 topup_suppressed=0 aged=0 into=0/0/0 pending=0
[mirror-split] internal=0 K3C=0 K3B=0 K3A=0  shares=0%/0%/0%/0%
[phases] mono=356807.855902 chunks=115 sequence=209.743s read_wait=0.171s bind_upload=1.606s attention_resident=13.490s expert_read_prefetch=117.262s expert_demand_read=70.239s expert_plan=8.627s expert_hint=0.001s expert_submit=0.001s expert_kernel=75.155s source_fence=0.001s tail_head_sync=1.790s layer_other=0.221s expert_read_gross=108.635s plan_hint=8.440s plan_sched=0.185s attn_total=14.664s attn_encode=4.320s attn_wait=7.864s attn_drain=2.479s kernel_total=47.405s kernel_host=1.888s kernel_wait=6.582s kernel_drain=38.936s
[attn-split] single: calls=10416 total=9.284s encode=3.285s wait=3.520s drain=2.479s waits=18032 untimed=3057 | wide: calls=465 total=5.379s encode=1.035s wait=4.344s drain=0.000s waits=460 untimed=460 | hint: calls=10764 total=8.590s encode=0.027s wait=8.563s drain=0.000s waits=10858 untimed=10858
[kernel-split] single: calls=11035 total=40.041s encode=1.088s wait=0.614s drain=38.339s waits=11805 untimed=9275 | wide: calls=1135 total=7.364s encode=0.800s wait=5.968s drain=0.596s waits=1135 untimed=0
[kernel-sub] materialize=0.383s moe=7.740s precommit=38.428s rest=0.855s
[metal-cache] calls=17522 zero_copy_wraps=462 copies=0 cache_entries=198 bindless=true
 raise
[stats] generated=120 elapsed=218.699s speed=0.5487 token/s (1.822 s/token) chunks=116 committed_rows=156 verify_tx=4 drafts=4/16 layer_passes=10788 expert_rows=14904 expert_tiles=11154
[verify-width] w1=0 w2=2 w3=0 w4=1 w5=0 w6=0 w7=0 w8+=1              (w1 share 0.0% of 4 transactions)
[opens] expert file opens=474264 total=6.386s mean=0.013ms requested_bytes=4929560591552 (4929.6 GB)
[arrival] tiles=896 waves=1826 uncovered_wait=30.234s dispatch=7.572s
[retain] enabled=false cap_gb=8 layers=63..=92 consults=0 wanted=0 hits=0 inserts=0 served=0.0MB
[summer] enabled=false cap_gb=8 sample=16 consults=0 wanted=0 hits=0 hit_rate=0.0% misses=0 inserts=0 evictions=0 recycled=0 allocs=0 pin_skips=0 gated=0 ramp=2..50 bar=0 suppressed=0 wide_skips=0 served=0.0MB copied=0.0MB ssd_avoided=0.0GB live=0/0.0GB model=0 protected=0 declined=0 topup_suppressed=0 aged=0 into=0/0/0 pending=0
[mirror-split] internal=0 K3C=0 K3B=0 K3A=0  shares=0%/0%/0%/0%
[phases] mono=356809.436718 chunks=116 sequence=211.323s read_wait=0.171s bind_upload=1.606s attention_resident=13.565s expert_read_prefetch=118.374s expert_demand_read=70.933s expert_plan=8.699s expert_hint=0.001s expert_submit=0.001s expert_kernel=75.529s source_fence=0.001s tail_head_sync=1.807s layer_other=0.222s expert_read_gross=109.674s plan_hint=8.511s plan_sched=0.186s attn_total=14.738s attn_encode=4.342s attn_wait=7.903s attn_drain=2.494s kernel_total=47.770s kernel_host=1.897s kernel_wait=6.588s kernel_drain=39.285s
[attn-split] single: calls=10509 total=9.359s encode=3.306s wait=3.559s drain=2.494s waits=18193 untimed=3081 | wide: calls=465 total=5.379s encode=1.035s wait=4.344s drain=0.000s waits=460 untimed=460 | hint: calls=10856 total=8.661s encode=0.027s wait=8.633s drain=0.000s waits=10949 untimed=10949
[kernel-split] single: calls=11133 total=40.406s encode=1.097s wait=0.620s drain=38.689s waits=11910 untimed=9356 | wide: calls=1135 total=7.364s encode=0.800s wait=5.968s drain=0.596s waits=1135 untimed=0
[kernel-sub] materialize=0.383s moe=7.749s precommit=38.779s rest=0.859s
[metal-cache] calls=17620 zero_copy_wraps=462 copies=0 cache_entries=198 bindless=true
,
[stats] generated=121 elapsed=220.169s speed=0.5496 token/s (1.820 s/token) chunks=117 committed_rows=157 verify_tx=4 drafts=4/16 layer_passes=10881 expert_rows=14996 expert_tiles=11246
[verify-width] w1=0 w2=2 w3=0 w4=1 w5=0 w6=0 w7=0 w8+=1              (w1 share 0.0% of 4 transactions)
[opens] expert file opens=478230 total=6.439s mean=0.013ms requested_bytes=4964330568896 (4964.3 GB)
[arrival] tiles=897 waves=1831 uncovered_wait=30.243s dispatch=7.578s
[retain] enabled=false cap_gb=8 layers=63..=92 consults=0 wanted=0 hits=0 inserts=0 served=0.0MB
[summer] enabled=false cap_gb=8 sample=16 consults=0 wanted=0 hits=0 hit_rate=0.0% misses=0 inserts=0 evictions=0 recycled=0 allocs=0 pin_skips=0 gated=0 ramp=2..50 bar=0 suppressed=0 wide_skips=0 served=0.0MB copied=0.0MB ssd_avoided=0.0GB live=0/0.0GB model=0 protected=0 declined=0 topup_suppressed=0 aged=0 into=0/0/0 pending=0
[mirror-split] internal=0 K3C=0 K3B=0 K3A=0  shares=0%/0%/0%/0%
[phases] mono=356810.906500 chunks=117 sequence=212.791s read_wait=0.171s bind_upload=1.606s attention_resident=13.652s expert_read_prefetch=119.381s expert_demand_read=71.521s expert_plan=8.781s expert_hint=0.001s expert_submit=0.001s expert_kernel=75.888s source_fence=0.001s tail_head_sync=1.822s layer_other=0.224s expert_read_gross=110.600s plan_hint=8.591s plan_sched=0.187s attn_total=14.824s attn_encode=4.378s attn_wait=7.933s attn_drain=2.514s kernel_total=48.119s kernel_host=1.905s kernel_wait=6.592s kernel_drain=39.622s
[attn-split] single: calls=10602 total=9.445s encode=3.343s wait=3.589s drain=2.514s waits=18354 untimed=3113 | wide: calls=465 total=5.379s encode=1.035s wait=4.344s drain=0.000s waits=460 untimed=460 | hint: calls=10948 total=8.741s encode=0.028s wait=8.713s drain=0.000s waits=11040 untimed=11040
[kernel-split] single: calls=11229 total=40.755s encode=1.105s wait=0.624s drain=39.026s waits=12011 untimed=9442 | wide: calls=1135 total=7.364s encode=0.800s wait=5.968s drain=0.596s waits=1135 untimed=0
[kernel-sub] materialize=0.383s moe=7.756s precommit=39.117s rest=0.864s
[metal-cache] calls=17716 zero_copy_wraps=462 copies=0 cache_entries=198 bindless=true
[route-chain] chained=7590
[route-chain] dedup_hits=7590
 lower
[stats] generated=122 elapsed=221.636s speed=0.5505 token/s (1.817 s/token) chunks=118 committed_rows=158 verify_tx=4 drafts=4/16 layer_passes=10974 expert_rows=15088 expert_tiles=11338
[verify-width] w1=0 w2=2 w3=0 w4=1 w5=0 w6=0 w7=0 w8+=1              (w1 share 0.0% of 4 transactions)
[opens] expert file opens=482124 total=6.489s mean=0.013ms requested_bytes=4998433766592 (4998.4 GB)
[arrival] tiles=898 waves=1839 uncovered_wait=30.253s dispatch=7.585s
[retain] enabled=false cap_gb=8 layers=63..=92 consults=0 wanted=0 hits=0 inserts=0 served=0.0MB
[summer] enabled=false cap_gb=8 sample=16 consults=0 wanted=0 hits=0 hit_rate=0.0% misses=0 inserts=0 evictions=0 recycled=0 allocs=0 pin_skips=0 gated=0 ramp=2..50 bar=0 suppressed=0 wide_skips=0 served=0.0MB copied=0.0MB ssd_avoided=0.0GB live=0/0.0GB model=0 protected=0 declined=0 topup_suppressed=0 aged=0 into=0/0/0 pending=0
[mirror-split] internal=0 K3C=0 K3B=0 K3A=0  shares=0%/0%/0%/0%
[phases] mono=356812.372844 chunks=118 sequence=214.256s read_wait=0.171s bind_upload=1.606s attention_resident=13.715s expert_read_prefetch=120.428s expert_demand_read=72.128s expert_plan=8.856s expert_hint=0.001s expert_submit=0.001s expert_kernel=76.227s source_fence=0.001s tail_head_sync=1.836s layer_other=0.225s expert_read_gross=111.572s plan_hint=8.665s plan_sched=0.188s attn_total=14.888s attn_encode=4.398s attn_wait=7.958s attn_drain=2.532s kernel_total=48.448s kernel_host=1.914s kernel_wait=6.595s kernel_drain=39.939s
[attn-split] single: calls=10695 total=9.509s encode=3.363s wait=3.614s drain=2.532s waits=18515 untimed=3145 | wide: calls=465 total=5.379s encode=1.035s wait=4.344s drain=0.000s waits=460 untimed=460 | hint: calls=11040 total=8.815s encode=0.028s wait=8.787s drain=0.000s waits=11131 untimed=11131
[kernel-split] single: calls=11328 total=41.084s encode=1.114s wait=0.628s drain=39.343s waits=12118 untimed=9527 | wide: calls=1135 total=7.364s encode=0.800s wait=5.968s drain=0.596s waits=1135 untimed=0
[kernel-sub] materialize=0.383s moe=7.762s precommit=39.435s rest=0.868s
[metal-cache] calls=17815 zero_copy_wraps=462 copies=0 cache_entries=198 bindless=true
,
[stats] generated=123 elapsed=223.090s speed=0.5513 token/s (1.814 s/token) chunks=119 committed_rows=159 verify_tx=4 drafts=4/16 layer_passes=11067 expert_rows=15180 expert_tiles=11430
[verify-width] w1=0 w2=2 w3=0 w4=1 w5=0 w6=0 w7=0 w8+=1              (w1 share 0.0% of 4 transactions)
[opens] expert file opens=486033 total=6.542s mean=0.013ms requested_bytes=5032721185984 (5032.7 GB)
[arrival] tiles=899 waves=1844 uncovered_wait=30.263s dispatch=7.595s
[retain] enabled=false cap_gb=8 layers=63..=92 consults=0 wanted=0 hits=0 inserts=0 served=0.0MB
[summer] enabled=false cap_gb=8 sample=16 consults=0 wanted=0 hits=0 hit_rate=0.0% misses=0 inserts=0 evictions=0 recycled=0 allocs=0 pin_skips=0 gated=0 ramp=2..50 bar=0 suppressed=0 wide_skips=0 served=0.0MB copied=0.0MB ssd_avoided=0.0GB live=0/0.0GB model=0 protected=0 declined=0 topup_suppressed=0 aged=0 into=0/0/0 pending=0
[mirror-split] internal=0 K3C=0 K3B=0 K3A=0  shares=0%/0%/0%/0%
[phases] mono=356813.827386 chunks=119 sequence=215.709s read_wait=0.171s bind_upload=1.606s attention_resident=13.798s expert_read_prefetch=121.391s expert_demand_read=72.708s expert_plan=8.925s expert_hint=0.001s expert_submit=0.001s expert_kernel=76.615s source_fence=0.001s tail_head_sync=1.853s layer_other=0.226s expert_read_gross=112.465s plan_hint=8.733s plan_sched=0.189s attn_total=14.971s attn_encode=4.420s attn_wait=8.007s attn_drain=2.544s kernel_total=48.827s kernel_host=1.923s kernel_wait=6.601s kernel_drain=40.303s
[attn-split] single: calls=10788 total=9.592s encode=3.385s wait=3.663s drain=2.544s waits=18676 untimed=3174 | wide: calls=465 total=5.379s encode=1.035s wait=4.344s drain=0.000s waits=460 untimed=460 | hint: calls=11132 total=8.883s encode=0.028s wait=8.855s drain=0.000s waits=11222 untimed=11222
[kernel-split] single: calls=11424 total=41.463s encode=1.123s wait=0.633s drain=39.706s waits=12219 untimed=9609 | wide: calls=1135 total=7.364s encode=0.800s wait=5.968s drain=0.596s waits=1135 untimed=0
[kernel-sub] materialize=0.383s moe=7.772s precommit=39.799s rest=0.872s
[metal-cache] calls=17911 zero_copy_wraps=462 copies=0 cache_entries=198 bindless=true
 or
[stats] generated=124 elapsed=224.568s speed=0.5522 token/s (1.811 s/token) chunks=120 committed_rows=160 verify_tx=4 drafts=4/16 layer_passes=11160 expert_rows=15272 expert_tiles=11522
[verify-width] w1=0 w2=2 w3=0 w4=1 w5=0 w6=0 w7=0 w8+=1              (w1 share 0.0% of 4 transactions)
[opens] expert file opens=489962 total=6.592s mean=0.013ms requested_bytes=5067157748928 (5067.2 GB)
[arrival] tiles=900 waves=1850 uncovered_wait=30.274s dispatch=7.604s
[retain] enabled=false cap_gb=8 layers=63..=92 consults=0 wanted=0 hits=0 inserts=0 served=0.0MB
[summer] enabled=false cap_gb=8 sample=16 consults=0 wanted=0 hits=0 hit_rate=0.0% misses=0 inserts=0 evictions=0 recycled=0 allocs=0 pin_skips=0 gated=0 ramp=2..50 bar=0 suppressed=0 wide_skips=0 served=0.0MB copied=0.0MB ssd_avoided=0.0GB live=0/0.0GB model=0 protected=0 declined=0 topup_suppressed=0 aged=0 into=0/0/0 pending=0
[mirror-split] internal=0 K3C=0 K3B=0 K3A=0  shares=0%/0%/0%/0%
[phases] mono=356815.305520 chunks=120 sequence=217.186s read_wait=0.171s bind_upload=1.606s attention_resident=13.877s expert_read_prefetch=122.418s expert_demand_read=73.331s expert_plan=9.002s expert_hint=0.001s expert_submit=0.001s expert_kernel=76.971s source_fence=0.001s tail_head_sync=1.866s layer_other=0.228s expert_read_gross=113.416s plan_hint=8.809s plan_sched=0.190s attn_total=15.049s attn_encode=4.445s attn_wait=8.043s attn_drain=2.561s kernel_total=49.171s kernel_host=1.932s kernel_wait=6.606s kernel_drain=40.633s
[attn-split] single: calls=10881 total=9.670s encode=3.410s wait=3.699s drain=2.561s waits=18837 untimed=3208 | wide: calls=465 total=5.379s encode=1.035s wait=4.344s drain=0.000s waits=460 untimed=460 | hint: calls=11224 total=8.958s encode=0.028s wait=8.930s drain=0.000s waits=11313 untimed=11313
[kernel-split] single: calls=11521 total=41.807s encode=1.132s wait=0.638s drain=40.037s waits=12322 untimed=9691 | wide: calls=1135 total=7.364s encode=0.800s wait=5.968s drain=0.596s waits=1135 untimed=0
[kernel-sub] materialize=0.383s moe=7.780s precommit=40.131s rest=0.877s
[metal-cache] calls=18008 zero_copy_wraps=462 copies=0 cache_entries=198 bindless=true
 maintain
[stats] generated=125 elapsed=226.123s speed=0.5528 token/s (1.809 s/token) chunks=121 committed_rows=161 verify_tx=4 drafts=4/16 layer_passes=11253 expert_rows=15364 expert_tiles=11614
[verify-width] w1=0 w2=2 w3=0 w4=1 w5=0 w6=0 w7=0 w8+=1              (w1 share 0.0% of 4 transactions)
[opens] expert file opens=494027 total=6.646s mean=0.013ms requested_bytes=5102805056704 (5102.8 GB)
[arrival] tiles=901 waves=1857 uncovered_wait=30.283s dispatch=7.612s
[retain] enabled=false cap_gb=8 layers=63..=92 consults=0 wanted=0 hits=0 inserts=0 served=0.0MB
[summer] enabled=false cap_gb=8 sample=16 consults=0 wanted=0 hits=0 hit_rate=0.0% misses=0 inserts=0 evictions=0 recycled=0 allocs=0 pin_skips=0 gated=0 ramp=2..50 bar=0 suppressed=0 wide_skips=0 served=0.0MB copied=0.0MB ssd_avoided=0.0GB live=0/0.0GB model=0 protected=0 declined=0 topup_suppressed=0 aged=0 into=0/0/0 pending=0
[mirror-split] internal=0 K3C=0 K3B=0 K3A=0  shares=0%/0%/0%/0%
[phases] mono=356816.860094 chunks=121 sequence=218.739s read_wait=0.171s bind_upload=1.606s attention_resident=13.967s expert_read_prefetch=123.497s expert_demand_read=73.972s expert_plan=9.068s expert_hint=0.001s expert_submit=0.001s expert_kernel=77.338s source_fence=0.001s tail_head_sync=1.882s layer_other=0.229s expert_read_gross=114.429s plan_hint=8.874s plan_sched=0.191s attn_total=15.139s attn_encode=4.485s attn_wait=8.070s attn_drain=2.584s kernel_total=49.529s kernel_host=1.941s kernel_wait=6.610s kernel_drain=40.977s
[attn-split] single: calls=10974 total=9.760s encode=3.450s wait=3.726s drain=2.584s waits=18998 untimed=3230 | wide: calls=465 total=5.379s encode=1.035s wait=4.344s drain=0.000s waits=460 untimed=460 | hint: calls=11316 total=9.024s encode=0.028s wait=8.995s drain=0.000s waits=11404 untimed=11404
[kernel-split] single: calls=11619 total=42.165s encode=1.141s wait=0.642s drain=40.381s waits=12427 untimed=9773 | wide: calls=1135 total=7.364s encode=0.800s wait=5.968s drain=0.596s waits=1135 untimed=0
[kernel-sub] materialize=0.383s moe=7.788s precommit=40.476s rest=0.881s
[metal-cache] calls=18106 zero_copy_wraps=462 copies=0 cache_entries=198 bindless=true
 the
[stats] generated=126 elapsed=227.576s speed=0.5537 token/s (1.806 s/token) chunks=122 committed_rows=162 verify_tx=4 drafts=4/16 layer_passes=11346 expert_rows=15456 expert_tiles=11706
[verify-width] w1=0 w2=2 w3=0 w4=1 w5=0 w6=0 w7=0 w8+=1              (w1 share 0.0% of 4 transactions)
[opens] expert file opens=497905 total=6.699s mean=0.013ms requested_bytes=5136846781632 (5136.8 GB)
[arrival] tiles=902 waves=1863 uncovered_wait=30.296s dispatch=7.620s
[retain] enabled=false cap_gb=8 layers=63..=92 consults=0 wanted=0 hits=0 inserts=0 served=0.0MB
[summer] enabled=false cap_gb=8 sample=16 consults=0 wanted=0 hits=0 hit_rate=0.0% misses=0 inserts=0 evictions=0 recycled=0 allocs=0 pin_skips=0 gated=0 ramp=2..50 bar=0 suppressed=0 wide_skips=0 served=0.0MB copied=0.0MB ssd_avoided=0.0GB live=0/0.0GB model=0 protected=0 declined=0 topup_suppressed=0 aged=0 into=0/0/0 pending=0
[mirror-split] internal=0 K3C=0 K3B=0 K3A=0  shares=0%/0%/0%/0%
[phases] mono=356818.312730 chunks=122 sequence=220.190s read_wait=0.171s bind_upload=1.606s attention_resident=14.060s expert_read_prefetch=124.443s expert_demand_read=74.551s expert_plan=9.138s expert_hint=0.001s expert_submit=0.001s expert_kernel=77.733s source_fence=0.001s tail_head_sync=1.898s layer_other=0.231s expert_read_gross=115.305s plan_hint=8.943s plan_sched=0.193s attn_total=15.232s attn_encode=4.508s attn_wait=8.109s attn_drain=2.614s kernel_total=49.910s kernel_host=1.951s kernel_wait=6.615s kernel_drain=41.344s
[attn-split] single: calls=11067 total=9.852s encode=3.473s wait=3.765s drain=2.614s waits=19159 untimed=3255 | wide: calls=465 total=5.379s encode=1.035s wait=4.344s drain=0.000s waits=460 untimed=460 | hint: calls=11408 total=9.092s encode=0.029s wait=9.064s drain=0.000s waits=11495 untimed=11495
[kernel-split] single: calls=11716 total=42.546s encode=1.151s wait=0.647s drain=40.748s waits=12530 untimed=9846 | wide: calls=1135 total=7.364s encode=0.800s wait=5.968s drain=0.596s waits=1135 untimed=0
[kernel-sub] materialize=0.383s moe=7.796s precommit=40.845s rest=0.886s
[metal-cache] calls=18203 zero_copy_wraps=462 copies=0 cache_entries=198 bindless=true
 policy
[stats] generated=127 elapsed=229.092s speed=0.5544 token/s (1.804 s/token) chunks=123 committed_rows=163 verify_tx=4 drafts=4/16 layer_passes=11439 expert_rows=15548 expert_tiles=11798
[verify-width] w1=0 w2=2 w3=0 w4=1 w5=0 w6=0 w7=0 w8+=1              (w1 share 0.0% of 4 transactions)
[opens] expert file opens=501987 total=6.753s mean=0.013ms requested_bytes=5172643249344 (5172.6 GB)
[arrival] tiles=903 waves=1871 uncovered_wait=30.309s dispatch=7.629s
[retain] enabled=false cap_gb=8 layers=63..=92 consults=0 wanted=0 hits=0 inserts=0 served=0.0MB
[summer] enabled=false cap_gb=8 sample=16 consults=0 wanted=0 hits=0 hit_rate=0.0% misses=0 inserts=0 evictions=0 recycled=0 allocs=0 pin_skips=0 gated=0 ramp=2..50 bar=0 suppressed=0 wide_skips=0 served=0.0MB copied=0.0MB ssd_avoided=0.0GB live=0/0.0GB model=0 protected=0 declined=0 topup_suppressed=0 aged=0 into=0/0/0 pending=0
[mirror-split] internal=0 K3C=0 K3B=0 K3A=0  shares=0%/0%/0%/0%
[phases] mono=356819.829362 chunks=123 sequence=221.705s read_wait=0.171s bind_upload=1.606s attention_resident=14.130s expert_read_prefetch=125.524s expert_demand_read=75.189s expert_plan=9.217s expert_hint=0.001s expert_submit=0.001s expert_kernel=78.083s source_fence=0.001s tail_head_sync=1.911s layer_other=0.232s expert_read_gross=116.307s plan_hint=9.021s plan_sched=0.194s attn_total=15.301s attn_encode=4.529s attn_wait=8.134s attn_drain=2.638s kernel_total=50.248s kernel_host=1.960s kernel_wait=6.621s kernel_drain=41.667s
[attn-split] single: calls=11160 total=9.922s encode=3.494s wait=3.790s drain=2.638s waits=19320 untimed=3281 | wide: calls=465 total=5.379s encode=1.035s wait=4.344s drain=0.000s waits=460 untimed=460 | hint: calls=11500 total=9.170s encode=0.029s wait=9.141s drain=0.000s waits=11586 untimed=11586
[kernel-split] single: calls=11815 total=42.883s encode=1.160s wait=0.653s drain=41.070s waits=12637 untimed=9934 | wide: calls=1135 total=7.364s encode=0.800s wait=5.968s drain=0.596s waits=1135 untimed=0
[kernel-sub] materialize=0.383s moe=7.806s precommit=41.168s rest=0.890s
[metal-cache] calls=18302 zero_copy_wraps=462 copies=0 cache_entries=198 bindless=true
 rate
[stats] generated=128 elapsed=230.612s speed=0.5550 token/s (1.802 s/token) chunks=124 committed_rows=164 verify_tx=4 drafts=4/16 layer_passes=11532 expert_rows=15640 expert_tiles=11890
[verify-width] w1=0 w2=2 w3=0 w4=1 w5=0 w6=0 w7=0 w8+=1              (w1 share 0.0% of 4 transactions)
[opens] expert file opens=506026 total=6.812s mean=0.013ms requested_bytes=5208036162752 (5208.0 GB)
[arrival] tiles=904 waves=1875 uncovered_wait=30.318s dispatch=7.639s
[retain] enabled=false cap_gb=8 layers=63..=92 consults=0 wanted=0 hits=0 inserts=0 served=0.0MB
[summer] enabled=false cap_gb=8 sample=16 consults=0 wanted=0 hits=0 hit_rate=0.0% misses=0 inserts=0 evictions=0 recycled=0 allocs=0 pin_skips=0 gated=0 ramp=2..50 bar=0 suppressed=0 wide_skips=0 served=0.0MB copied=0.0MB ssd_avoided=0.0GB live=0/0.0GB model=0 protected=0 declined=0 topup_suppressed=0 aged=0 into=0/0/0 pending=0
[mirror-split] internal=0 K3C=0 K3B=0 K3A=0  shares=0%/0%/0%/0%
[phases] mono=356821.349626 chunks=124 sequence=223.224s read_wait=0.171s bind_upload=1.606s attention_resident=14.217s expert_read_prefetch=126.570s expert_demand_read=75.804s expert_plan=9.288s expert_hint=0.001s expert_submit=0.001s expert_kernel=78.449s source_fence=0.001s tail_head_sync=1.928s layer_other=0.234s expert_read_gross=117.281s plan_hint=9.091s plan_sched=0.195s attn_total=15.388s attn_encode=4.558s attn_wait=8.164s attn_drain=2.666s kernel_total=50.604s kernel_host=1.971s kernel_wait=6.625s kernel_drain=42.009s
[attn-split] single: calls=11253 total=10.009s encode=3.523s wait=3.820s drain=2.666s waits=19481 untimed=3305 | wide: calls=465 total=5.379s encode=1.035s wait=4.344s drain=0.000s waits=460 untimed=460 | hint: calls=11592 total=9.240s encode=0.029s wait=9.211s drain=0.000s waits=11677 untimed=11677
[kernel-split] single: calls=11910 total=43.240s encode=1.171s wait=0.657s drain=41.413s waits=12736 untimed=10015 | wide: calls=1135 total=7.364s encode=0.800s wait=5.968s drain=0.596s waits=1135 untimed=0
[kernel-sub] materialize=0.383s moe=7.815s precommit=41.511s rest=0.895s
[metal-cache] calls=18397 zero_copy_wraps=462 copies=0 cache_entries=198 bindless=true
.


[stats] generated=129 elapsed=232.154s speed=0.5557 token/s (1.800 s/token) chunks=125 committed_rows=165 verify_tx=4 drafts=4/16 layer_passes=11625 expert_rows=15732 expert_tiles=11982
[verify-width] w1=0 w2=2 w3=0 w4=1 w5=0 w6=0 w7=0 w8+=1              (w1 share 0.0% of 4 transactions)
[opens] expert file opens=510194 total=6.869s mean=0.013ms requested_bytes=5244569615552 (5244.6 GB)
[arrival] tiles=905 waves=1881 uncovered_wait=30.332s dispatch=7.646s
[retain] enabled=false cap_gb=8 layers=63..=92 consults=0 wanted=0 hits=0 inserts=0 served=0.0MB
[summer] enabled=false cap_gb=8 sample=16 consults=0 wanted=0 hits=0 hit_rate=0.0% misses=0 inserts=0 evictions=0 recycled=0 allocs=0 pin_skips=0 gated=0 ramp=2..50 bar=0 suppressed=0 wide_skips=0 served=0.0MB copied=0.0MB ssd_avoided=0.0GB live=0/0.0GB model=0 protected=0 declined=0 topup_suppressed=0 aged=0 into=0/0/0 pending=0
[mirror-split] internal=0 K3C=0 K3B=0 K3A=0  shares=0%/0%/0%/0%
[phases] mono=356822.890859 chunks=125 sequence=224.764s read_wait=0.171s bind_upload=1.606s attention_resident=14.310s expert_read_prefetch=127.618s expert_demand_read=76.423s expert_plan=9.366s expert_hint=0.001s expert_submit=0.001s expert_kernel=78.829s source_fence=0.001s tail_head_sync=1.945s layer_other=0.236s expert_read_gross=118.252s plan_hint=9.168s plan_sched=0.196s attn_total=15.481s attn_encode=4.601s attn_wait=8.200s attn_drain=2.680s kernel_total=50.970s kernel_host=1.979s kernel_wait=6.629s kernel_drain=42.362s
[attn-split] single: calls=11346 total=10.102s encode=3.566s wait=3.856s drain=2.680s waits=19642 untimed=3340 | wide: calls=465 total=5.379s encode=1.035s wait=4.344s drain=0.000s waits=460 untimed=460 | hint: calls=11684 total=9.317s encode=0.029s wait=9.288s drain=0.000s waits=11768 untimed=11768
[kernel-split] single: calls=12007 total=43.606s encode=1.179s wait=0.661s drain=41.766s waits=12839 untimed=10104 | wide: calls=1135 total=7.364s encode=0.800s wait=5.968s drain=0.596s waits=1135 untimed=0
[kernel-sub] materialize=0.383s moe=7.822s precommit=41.866s rest=0.899s
[metal-cache] calls=18494 zero_copy_wraps=462 copies=0 cache_entries=198 bindless=true
2
[stats] generated=130 elapsed=233.739s speed=0.5562 token/s (1.798 s/token) chunks=126 committed_rows=166 verify_tx=4 drafts=4/16 layer_passes=11718 expert_rows=15824 expert_tiles=12074
[verify-width] w1=0 w2=2 w3=0 w4=1 w5=0 w6=0 w7=0 w8+=1              (w1 share 0.0% of 4 transactions)
[opens] expert file opens=514384 total=6.927s mean=0.013ms requested_bytes=5281287371968 (5281.3 GB)
[arrival] tiles=906 waves=1887 uncovered_wait=30.341s dispatch=7.654s
[retain] enabled=false cap_gb=8 layers=63..=92 consults=0 wanted=0 hits=0 inserts=0 served=0.0MB
[summer] enabled=false cap_gb=8 sample=16 consults=0 wanted=0 hits=0 hit_rate=0.0% misses=0 inserts=0 evictions=0 recycled=0 allocs=0 pin_skips=0 gated=0 ramp=2..50 bar=0 suppressed=0 wide_skips=0 served=0.0MB copied=0.0MB ssd_avoided=0.0GB live=0/0.0GB model=0 protected=0 declined=0 topup_suppressed=0 aged=0 into=0/0/0 pending=0
[mirror-split] internal=0 K3C=0 K3B=0 K3A=0  shares=0%/0%/0%/0%
[phases] mono=356824.476459 chunks=126 sequence=226.333s read_wait=0.171s bind_upload=1.606s attention_resident=14.394s expert_read_prefetch=128.707s expert_demand_read=77.084s expert_plan=9.436s expert_hint=0.001s expert_submit=0.001s expert_kernel=79.205s source_fence=0.001s tail_head_sync=1.963s layer_other=0.237s expert_read_gross=119.271s plan_hint=9.236s plan_sched=0.197s attn_total=15.565s attn_encode=4.626s attn_wait=8.242s attn_drain=2.698s kernel_total=51.338s kernel_host=1.989s kernel_wait=6.634s kernel_drain=42.715s
[attn-split] single: calls=11439 total=10.186s encode=3.591s wait=3.898s drain=2.698s waits=19803 untimed=3372 | wide: calls=465 total=5.379s encode=1.035s wait=4.344s drain=0.000s waits=460 untimed=460 | hint: calls=11776 total=9.386s encode=0.029s wait=9.356s drain=0.000s waits=11859 untimed=11859
[kernel-split] single: calls=12104 total=43.974s encode=1.189s wait=0.666s drain=42.119s waits=12942 untimed=10191 | wide: calls=1135 total=7.364s encode=0.800s wait=5.968s drain=0.596s waits=1135 untimed=0
[kernel-sub] materialize=0.383s moe=7.830s precommit=42.221s rest=0.904s
[metal-cache] calls=18591 zero_copy_wraps=462 copies=0 cache_entries=198 bindless=true
.
[stats] generated=131 elapsed=235.204s speed=0.5570 token/s (1.795 s/token) chunks=127 committed_rows=167 verify_tx=4 drafts=4/16 layer_passes=11811 expert_rows=15916 expert_tiles=12166
[verify-width] w1=0 w2=2 w3=0 w4=1 w5=0 w6=0 w7=0 w8+=1              (w1 share 0.0% of 4 transactions)
[opens] expert file opens=518301 total=6.978s mean=0.013ms requested_bytes=5315644980416 (5315.6 GB)
[arrival] tiles=907 waves=1892 uncovered_wait=30.351s dispatch=7.663s
[retain] enabled=false cap_gb=8 layers=63..=92 consults=0 wanted=0 hits=0 inserts=0 served=0.0MB
[summer] enabled=false cap_gb=8 sample=16 consults=0 wanted=0 hits=0 hit_rate=0.0% misses=0 inserts=0 evictions=0 recycled=0 allocs=0 pin_skips=0 gated=0 ramp=2..50 bar=0 suppressed=0 wide_skips=0 served=0.0MB copied=0.0MB ssd_avoided=0.0GB live=0/0.0GB model=0 protected=0 declined=0 topup_suppressed=0 aged=0 into=0/0/0 pending=0
[mirror-split] internal=0 K3C=0 K3B=0 K3A=0  shares=0%/0%/0%/0%
[phases] mono=356825.941360 chunks=127 sequence=227.796s read_wait=0.171s bind_upload=1.606s attention_resident=14.479s expert_read_prefetch=129.754s expert_demand_read=77.718s expert_plan=9.507s expert_hint=0.001s expert_submit=0.001s expert_kernel=79.522s source_fence=0.001s tail_head_sync=1.977s layer_other=0.238s expert_read_gross=120.247s plan_hint=9.306s plan_sched=0.198s attn_total=15.650s attn_encode=4.648s attn_wait=8.278s attn_drain=2.723s kernel_total=51.645s kernel_host=1.999s kernel_wait=6.638s kernel_drain=43.008s
[attn-split] single: calls=11532 total=10.271s encode=3.613s wait=3.934s drain=2.723s waits=19964 untimed=3397 | wide: calls=465 total=5.379s encode=1.035s wait=4.344s drain=0.000s waits=460 untimed=460 | hint: calls=11868 total=9.455s encode=0.030s wait=9.426s drain=0.000s waits=11950 untimed=11950
[kernel-split] single: calls=12200 total=44.280s encode=1.199s wait=0.670s drain=42.411s waits=13043 untimed=10274 | wide: calls=1135 total=7.364s encode=0.800s wait=5.968s drain=0.596s waits=1135 untimed=0
[kernel-sub] materialize=0.383s moe=7.838s precommit=42.515s rest=0.908s
[metal-cache] calls=18687 zero_copy_wraps=462 copies=0 cache_entries=198 bindless=true
 **
[stats] generated=132 elapsed=236.700s speed=0.5577 token/s (1.793 s/token) chunks=128 committed_rows=168 verify_tx=4 drafts=4/16 layer_passes=11904 expert_rows=16008 expert_tiles=12258
[verify-width] w1=0 w2=2 w3=0 w4=1 w5=0 w6=0 w7=0 w8+=1              (w1 share 0.0% of 4 transactions)
[opens] expert file opens=522377 total=7.032s mean=0.013ms requested_bytes=5351380057280 (5351.4 GB)
[arrival] tiles=908 waves=1899 uncovered_wait=30.361s dispatch=7.672s
[retain] enabled=false cap_gb=8 layers=63..=92 consults=0 wanted=0 hits=0 inserts=0 served=0.0MB
[summer] enabled=false cap_gb=8 sample=16 consults=0 wanted=0 hits=0 hit_rate=0.0% misses=0 inserts=0 evictions=0 recycled=0 allocs=0 pin_skips=0 gated=0 ramp=2..50 bar=0 suppressed=0 wide_skips=0 served=0.0MB copied=0.0MB ssd_avoided=0.0GB live=0/0.0GB model=0 protected=0 declined=0 topup_suppressed=0 aged=0 into=0/0/0 pending=0
[mirror-split] internal=0 K3C=0 K3B=0 K3A=0  shares=0%/0%/0%/0%
[phases] mono=356827.437539 chunks=128 sequence=229.291s read_wait=0.171s bind_upload=1.606s attention_resident=14.567s expert_read_prefetch=130.802s expert_demand_read=78.341s expert_plan=9.576s expert_hint=0.001s expert_submit=0.001s expert_kernel=79.867s source_fence=0.001s tail_head_sync=1.989s layer_other=0.240s expert_read_gross=121.226s plan_hint=9.374s plan_sched=0.199s attn_total=15.738s attn_encode=4.674s attn_wait=8.319s attn_drain=2.745s kernel_total=51.979s kernel_host=2.008s kernel_wait=6.644s kernel_drain=43.327s
[attn-split] single: calls=11625 total=10.359s encode=3.639s wait=3.975s drain=2.745s waits=20125 untimed=3427 | wide: calls=465 total=5.379s encode=1.035s wait=4.344s drain=0.000s waits=460 untimed=460 | hint: calls=11960 total=9.523s encode=0.030s wait=9.494s drain=0.000s waits=12041 untimed=12041
[kernel-split] single: calls=12298 total=44.615s encode=1.208s wait=0.676s drain=42.731s waits=13148 untimed=10358 | wide: calls=1135 total=7.364s encode=0.800s wait=5.968s drain=0.596s waits=1135 untimed=0
[kernel-sub] materialize=0.383s moe=7.848s precommit=42.835s rest=0.912s
[metal-cache] calls=18785 zero_copy_wraps=462 copies=0 cache_entries=198 bindless=true
[route-chain] chained=8280
[route-chain] dedup_hits=8280
Open
[stats] generated=133 elapsed=238.264s speed=0.5582 token/s (1.791 s/token) chunks=129 committed_rows=169 verify_tx=4 drafts=4/16 layer_passes=11997 expert_rows=16100 expert_tiles=12350
[verify-width] w1=0 w2=2 w3=0 w4=1 w5=0 w6=0 w7=0 w8+=1              (w1 share 0.0% of 4 transactions)
[opens] expert file opens=526558 total=7.091s mean=0.013ms requested_bytes=5388036340928 (5388.0 GB)
[arrival] tiles=909 waves=1907 uncovered_wait=30.370s dispatch=7.680s
[retain] enabled=false cap_gb=8 layers=63..=92 consults=0 wanted=0 hits=0 inserts=0 served=0.0MB
[summer] enabled=false cap_gb=8 sample=16 consults=0 wanted=0 hits=0 hit_rate=0.0% misses=0 inserts=0 evictions=0 recycled=0 allocs=0 pin_skips=0 gated=0 ramp=2..50 bar=0 suppressed=0 wide_skips=0 served=0.0MB copied=0.0MB ssd_avoided=0.0GB live=0/0.0GB model=0 protected=0 declined=0 topup_suppressed=0 aged=0 into=0/0/0 pending=0
[mirror-split] internal=0 K3C=0 K3B=0 K3A=0  shares=0%/0%/0%/0%
[phases] mono=356829.001344 chunks=129 sequence=230.853s read_wait=0.171s bind_upload=1.606s attention_resident=14.659s expert_read_prefetch=131.868s expert_demand_read=78.960s expert_plan=9.654s expert_hint=0.001s expert_submit=0.001s expert_kernel=80.256s source_fence=0.001s tail_head_sync=2.002s layer_other=0.241s expert_read_gross=122.214s plan_hint=9.451s plan_sched=0.200s attn_total=15.829s attn_encode=4.715s attn_wait=8.347s attn_drain=2.768s kernel_total=52.359s kernel_host=2.018s kernel_wait=6.648s kernel_drain=43.693s
[attn-split] single: calls=11718 total=10.450s encode=3.679s wait=4.003s drain=2.768s waits=20286 untimed=3443 | wide: calls=465 total=5.379s encode=1.035s wait=4.344s drain=0.000s waits=460 untimed=460 | hint: calls=12052 total=9.600s encode=0.030s wait=9.570s drain=0.000s waits=12132 untimed=12132
[kernel-split] single: calls=12397 total=44.995s encode=1.218s wait=0.680s drain=43.097s waits=13255 untimed=10440 | wide: calls=1135 total=7.364s encode=0.800s wait=5.968s drain=0.596s waits=1135 untimed=0
[kernel-sub] materialize=0.383s moe=7.856s precommit=43.202s rest=0.918s
[metal-cache] calls=18884 zero_copy_wraps=462 copies=0 cache_entries=198 bindless=true
 Market
[stats] generated=134 elapsed=239.771s speed=0.5589 token/s (1.789 s/token) chunks=130 committed_rows=170 verify_tx=4 drafts=4/16 layer_passes=12090 expert_rows=16192 expert_tiles=12442
[verify-width] w1=0 w2=2 w3=0 w4=1 w5=0 w6=0 w7=0 w8+=1              (w1 share 0.0% of 4 transactions)
[opens] expert file opens=530587 total=7.145s mean=0.013ms requested_bytes=5423402859712 (5423.4 GB)
[arrival] tiles=910 waves=1914 uncovered_wait=30.380s dispatch=7.691s
[retain] enabled=false cap_gb=8 layers=63..=92 consults=0 wanted=0 hits=0 inserts=0 served=0.0MB
[summer] enabled=false cap_gb=8 sample=16 consults=0 wanted=0 hits=0 hit_rate=0.0% misses=0 inserts=0 evictions=0 recycled=0 allocs=0 pin_skips=0 gated=0 ramp=2..50 bar=0 suppressed=0 wide_skips=0 served=0.0MB copied=0.0MB ssd_avoided=0.0GB live=0/0.0GB model=0 protected=0 declined=0 topup_suppressed=0 aged=0 into=0/0/0 pending=0
[mirror-split] internal=0 K3C=0 K3B=0 K3A=0  shares=0%/0%/0%/0%
[phases] mono=356830.508034 chunks=130 sequence=232.358s read_wait=0.171s bind_upload=1.606s attention_resident=14.731s expert_read_prefetch=132.917s expert_demand_read=79.570s expert_plan=9.727s expert_hint=0.001s expert_submit=0.001s expert_kernel=80.621s source_fence=0.001s tail_head_sync=2.020s layer_other=0.243s expert_read_gross=123.190s plan_hint=9.523s plan_sched=0.201s attn_total=15.901s attn_encode=4.737s attn_wait=8.380s attn_drain=2.784s kernel_total=52.713s kernel_host=2.027s kernel_wait=6.653s kernel_drain=44.033s
[attn-split] single: calls=11811 total=10.522s encode=3.702s wait=4.036s drain=2.784s waits=20447 untimed=3472 | wide: calls=465 total=5.379s encode=1.035s wait=4.344s drain=0.000s waits=460 untimed=460 | hint: calls=12144 total=9.672s encode=0.030s wait=9.642s drain=0.000s waits=12223 untimed=12223
[kernel-split] single: calls=12495 total=45.349s encode=1.227s wait=0.685s drain=43.437s waits=13360 untimed=10524 | wide: calls=1135 total=7.364s encode=0.800s wait=5.968s drain=0.596s waits=1135 untimed=0
[kernel-sub] materialize=0.383s moe=7.867s precommit=43.541s rest=0.922s
[metal-cache] calls=18982 zero_copy_wraps=462 copies=0 cache_entries=198 bindless=true
 Operations
[stats] generated=135 elapsed=241.276s speed=0.5595 token/s (1.787 s/token) chunks=131 committed_rows=171 verify_tx=4 drafts=4/16 layer_passes=12183 expert_rows=16284 expert_tiles=12534
[verify-width] w1=0 w2=2 w3=0 w4=1 w5=0 w6=0 w7=0 w8+=1              (w1 share 0.0% of 4 transactions)
[opens] expert file opens=534628 total=7.198s mean=0.013ms requested_bytes=5458795805888 (5458.8 GB)
[arrival] tiles=911 waves=1920 uncovered_wait=30.389s dispatch=7.700s
[retain] enabled=false cap_gb=8 layers=63..=92 consults=0 wanted=0 hits=0 inserts=0 served=0.0MB
[summer] enabled=false cap_gb=8 sample=16 consults=0 wanted=0 hits=0 hit_rate=0.0% misses=0 inserts=0 evictions=0 recycled=0 allocs=0 pin_skips=0 gated=0 ramp=2..50 bar=0 suppressed=0 wide_skips=0 served=0.0MB copied=0.0MB ssd_avoided=0.0GB live=0/0.0GB model=0 protected=0 declined=0 topup_suppressed=0 aged=0 into=0/0/0 pending=0
[mirror-split] internal=0 K3C=0 K3B=0 K3A=0  shares=0%/0%/0%/0%
[phases] mono=356832.013383 chunks=131 sequence=233.862s read_wait=0.171s bind_upload=1.606s attention_resident=14.817s expert_read_prefetch=133.981s expert_demand_read=80.195s expert_plan=9.801s expert_hint=0.001s expert_submit=0.001s expert_kernel=80.955s source_fence=0.001s tail_head_sync=2.037s layer_other=0.244s expert_read_gross=124.180s plan_hint=9.596s plan_sched=0.202s attn_total=15.988s attn_encode=4.759s attn_wait=8.423s attn_drain=2.806s kernel_total=53.039s kernel_host=2.036s kernel_wait=6.659s kernel_drain=44.343s
[attn-split] single: calls=11904 total=10.609s encode=3.723s wait=4.079s drain=2.806s waits=20608 untimed=3500 | wide: calls=465 total=5.379s encode=1.035s wait=4.344s drain=0.000s waits=460 untimed=460 | hint: calls=12236 total=9.745s encode=0.031s wait=9.715s drain=0.000s waits=12314 untimed=12314
[kernel-split] single: calls=12592 total=45.674s encode=1.236s wait=0.691s drain=43.747s waits=13463 untimed=10605 | wide: calls=1135 total=7.364s encode=0.800s wait=5.968s drain=0.596s waits=1135 untimed=0
[kernel-sub] materialize=0.383s moe=7.876s precommit=43.853s rest=0.926s
[metal-cache] calls=19079 zero_copy_wraps=462 copies=0 cache_entries=198 bindless=true
:**
[stats] generated=136 elapsed=242.816s speed=0.5601 token/s (1.785 s/token) chunks=132 committed_rows=172 verify_tx=4 drafts=4/16 layer_passes=12276 expert_rows=16376 expert_tiles=12626
[verify-width] w1=0 w2=2 w3=0 w4=1 w5=0 w6=0 w7=0 w8+=1              (w1 share 0.0% of 4 transactions)
[opens] expert file opens=538663 total=7.253s mean=0.013ms requested_bytes=5494188686528 (5494.2 GB)
[arrival] tiles=912 waves=1928 uncovered_wait=30.397s dispatch=7.711s
[retain] enabled=false cap_gb=8 layers=63..=92 consults=0 wanted=0 hits=0 inserts=0 served=0.0MB
[summer] enabled=false cap_gb=8 sample=16 consults=0 wanted=0 hits=0 hit_rate=0.0% misses=0 inserts=0 evictions=0 recycled=0 allocs=0 pin_skips=0 gated=0 ramp=2..50 bar=0 suppressed=0 wide_skips=0 served=0.0MB copied=0.0MB ssd_avoided=0.0GB live=0/0.0GB model=0 protected=0 declined=0 topup_suppressed=0 aged=0 into=0/0/0 pending=0
[mirror-split] internal=0 K3C=0 K3B=0 K3A=0  shares=0%/0%/0%/0%
[phases] mono=356833.553131 chunks=132 sequence=235.400s read_wait=0.171s bind_upload=1.606s attention_resident=14.896s expert_read_prefetch=135.045s expert_demand_read=80.810s expert_plan=9.879s expert_hint=0.001s expert_submit=0.001s expert_kernel=81.332s source_fence=0.001s tail_head_sync=2.054s layer_other=0.246s expert_read_gross=125.165s plan_hint=9.673s plan_sched=0.203s attn_total=16.067s attn_encode=4.784s attn_wait=8.458s attn_drain=2.825s kernel_total=53.407s kernel_host=2.047s kernel_wait=6.665s kernel_drain=44.695s
[attn-split] single: calls=11997 total=10.687s encode=3.748s wait=4.114s drain=2.825s waits=20769 untimed=3521 | wide: calls=465 total=5.379s encode=1.035s wait=4.344s drain=0.000s waits=460 untimed=460 | hint: calls=12328 total=9.822s encode=0.031s wait=9.791s drain=0.000s waits=12405 untimed=12405
[kernel-split] single: calls=12691 total=46.043s encode=1.247s wait=0.697s drain=44.099s waits=13570 untimed=10686 | wide: calls=1135 total=7.364s encode=0.800s wait=5.968s drain=0.596s waits=1135 untimed=0
[kernel-sub] materialize=0.383s moe=7.886s precommit=44.206s rest=0.931s
[metal-cache] calls=19178 zero_copy_wraps=462 copies=0 cache_entries=198 bindless=true
  

[stats] generated=137 elapsed=244.400s speed=0.5606 token/s (1.784 s/token) chunks=133 committed_rows=173 verify_tx=4 drafts=4/16 layer_passes=12369 expert_rows=16468 expert_tiles=12718
[verify-width] w1=0 w2=2 w3=0 w4=1 w5=0 w6=0 w7=0 w8+=1              (w1 share 0.0% of 4 transactions)
[opens] expert file opens=542838 total=7.307s mean=0.013ms requested_bytes=5530809908416 (5530.8 GB)
[arrival] tiles=913 waves=1934 uncovered_wait=30.405s dispatch=7.719s
[retain] enabled=false cap_gb=8 layers=63..=92 consults=0 wanted=0 hits=0 inserts=0 served=0.0MB
[summer] enabled=false cap_gb=8 sample=16 consults=0 wanted=0 hits=0 hit_rate=0.0% misses=0 inserts=0 evictions=0 recycled=0 allocs=0 pin_skips=0 gated=0 ramp=2..50 bar=0 suppressed=0 wide_skips=0 served=0.0MB copied=0.0MB ssd_avoided=0.0GB live=0/0.0GB model=0 protected=0 declined=0 topup_suppressed=0 aged=0 into=0/0/0 pending=0
[mirror-split] internal=0 K3C=0 K3B=0 K3A=0  shares=0%/0%/0%/0%
[phases] mono=356835.137060 chunks=133 sequence=236.982s read_wait=0.171s bind_upload=1.606s attention_resident=14.979s expert_read_prefetch=136.160s expert_demand_read=81.442s expert_plan=9.960s expert_hint=0.001s expert_submit=0.001s expert_kernel=81.698s source_fence=0.001s tail_head_sync=2.072s layer_other=0.247s expert_read_gross=126.199s plan_hint=9.753s plan_sched=0.204s attn_total=16.149s attn_encode=4.818s attn_wait=8.488s attn_drain=2.842s kernel_total=53.765s kernel_host=2.056s kernel_wait=6.670s kernel_drain=45.039s
[attn-split] single: calls=12090 total=10.769s encode=3.783s wait=4.144s drain=2.842s waits=20930 untimed=3543 | wide: calls=465 total=5.379s encode=1.035s wait=4.344s drain=0.000s waits=460 untimed=460 | hint: calls=12420 total=9.902s encode=0.031s wait=9.871s drain=0.000s waits=12496 untimed=12496
[kernel-split] single: calls=12788 total=46.401s encode=1.256s wait=0.702s drain=44.443s waits=13673 untimed=10766 | wide: calls=1135 total=7.364s encode=0.800s wait=5.968s drain=0.596s waits=1135 untimed=0
[kernel-sub] materialize=0.383s moe=7.894s precommit=44.552s rest=0.935s
[metal-cache] calls=19275 zero_copy_wraps=462 copies=0 cache_entries=198 bindless=true
  
[stats] generated=138 elapsed=245.896s speed=0.5612 token/s (1.782 s/token) chunks=134 committed_rows=174 verify_tx=4 drafts=4/16 layer_passes=12462 expert_rows=16560 expert_tiles=12810
[verify-width] w1=0 w2=2 w3=0 w4=1 w5=0 w6=0 w7=0 w8+=1              (w1 share 0.0% of 4 transactions)
[opens] expert file opens=546825 total=7.360s mean=0.013ms requested_bytes=5565764107456 (5565.8 GB)
[arrival] tiles=914 waves=1940 uncovered_wait=30.418s dispatch=7.727s
[retain] enabled=false cap_gb=8 layers=63..=92 consults=0 wanted=0 hits=0 inserts=0 served=0.0MB
[summer] enabled=false cap_gb=8 sample=16 consults=0 wanted=0 hits=0 hit_rate=0.0% misses=0 inserts=0 evictions=0 recycled=0 allocs=0 pin_skips=0 gated=0 ramp=2..50 bar=0 suppressed=0 wide_skips=0 served=0.0MB copied=0.0MB ssd_avoided=0.0GB live=0/0.0GB model=0 protected=0 declined=0 topup_suppressed=0 aged=0 into=0/0/0 pending=0
[mirror-split] internal=0 K3C=0 K3B=0 K3A=0  shares=0%/0%/0%/0%
[phases] mono=356836.633625 chunks=134 sequence=238.478s read_wait=0.171s bind_upload=1.606s attention_resident=15.050s expert_read_prefetch=137.214s expert_demand_read=82.090s expert_plan=10.031s expert_hint=0.001s expert_submit=0.001s expert_kernel=82.052s source_fence=0.001s tail_head_sync=2.085s layer_other=0.249s expert_read_gross=127.183s plan_hint=9.823s plan_sched=0.205s attn_total=16.220s attn_encode=4.839s attn_wait=8.515s attn_drain=2.866s kernel_total=54.106s kernel_host=2.064s kernel_wait=6.674s kernel_drain=45.368s
[attn-split] single: calls=12183 total=10.841s encode=3.804s wait=4.171s drain=2.866s waits=21091 untimed=3570 | wide: calls=465 total=5.379s encode=1.035s wait=4.344s drain=0.000s waits=460 untimed=460 | hint: calls=12512 total=9.972s encode=0.031s wait=9.941s drain=0.000s waits=12587 untimed=12587
[kernel-split] single: calls=12885 total=46.742s encode=1.264s wait=0.707s drain=44.771s waits=13776 untimed=10851 | wide: calls=1135 total=7.364s encode=0.800s wait=5.968s drain=0.596s waits=1135 untimed=0
[kernel-sub] materialize=0.383s moe=7.902s precommit=44.881s rest=0.939s
[metal-cache] calls=19372 zero_copy_wraps=462 copies=0 cache_entries=198 bindless=true
 To
[stats] generated=139 elapsed=247.455s speed=0.5617 token/s (1.780 s/token) chunks=135 committed_rows=175 verify_tx=4 drafts=4/16 layer_passes=12555 expert_rows=16652 expert_tiles=12902
[verify-width] w1=0 w2=2 w3=0 w4=1 w5=0 w6=0 w7=0 w8+=1              (w1 share 0.0% of 4 transactions)
[opens] expert file opens=550946 total=7.413s mean=0.013ms requested_bytes=5601920302272 (5601.9 GB)
[arrival] tiles=915 waves=1944 uncovered_wait=30.427s dispatch=7.735s
[retain] enabled=false cap_gb=8 layers=63..=92 consults=0 wanted=0 hits=0 inserts=0 served=0.0MB
[summer] enabled=false cap_gb=8 sample=16 consults=0 wanted=0 hits=0 hit_rate=0.0% misses=0 inserts=0 evictions=0 recycled=0 allocs=0 pin_skips=0 gated=0 ramp=2..50 bar=0 suppressed=0 wide_skips=0 served=0.0MB copied=0.0MB ssd_avoided=0.0GB live=0/0.0GB model=0 protected=0 declined=0 topup_suppressed=0 aged=0 into=0/0/0 pending=0
[mirror-split] internal=0 K3C=0 K3B=0 K3A=0  shares=0%/0%/0%/0%
[phases] mono=356838.192386 chunks=135 sequence=240.035s read_wait=0.171s bind_upload=1.606s attention_resident=15.126s expert_read_prefetch=138.312s expert_demand_read=82.709s expert_plan=10.111s expert_hint=0.001s expert_submit=0.001s expert_kernel=82.417s source_fence=0.001s tail_head_sync=2.102s layer_other=0.250s expert_read_gross=128.201s plan_hint=9.902s plan_sched=0.206s attn_total=16.296s attn_encode=4.863s attn_wait=8.547s attn_drain=2.885s kernel_total=54.461s kernel_host=2.073s kernel_wait=6.679s kernel_drain=45.709s
[attn-split] single: calls=12276 total=10.917s encode=3.828s wait=4.203s drain=2.885s waits=21252 untimed=3597 | wide: calls=465 total=5.379s encode=1.035s wait=4.344s drain=0.000s waits=460 untimed=460 | hint: calls=12604 total=10.051s encode=0.031s wait=10.020s drain=0.000s waits=12678 untimed=12678
[kernel-split] single: calls=12980 total=47.097s encode=1.273s wait=0.712s drain=45.112s waits=13875 untimed=10928 | wide: calls=1135 total=7.364s encode=0.800s wait=5.968s drain=0.596s waits=1135 untimed=0
[kernel-sub] materialize=0.383s moe=7.910s precommit=45.224s rest=0.944s
[metal-cache] calls=19467 zero_copy_wraps=462 copies=0 cache_entries=198 bindless=true
 influence
[stats] generated=140 elapsed=248.927s speed=0.5624 token/s (1.778 s/token) chunks=136 committed_rows=176 verify_tx=4 drafts=4/16 layer_passes=12648 expert_rows=16744 expert_tiles=12994
[verify-width] w1=0 w2=2 w3=0 w4=1 w5=0 w6=0 w7=0 w8+=1              (w1 share 0.0% of 4 transactions)
[opens] expert file opens=554863 total=7.466s mean=0.013ms requested_bytes=5636242816192 (5636.2 GB)
[arrival] tiles=916 waves=1951 uncovered_wait=30.438s dispatch=7.744s
[retain] enabled=false cap_gb=8 layers=63..=92 consults=0 wanted=0 hits=0 inserts=0 served=0.0MB
[summer] enabled=false cap_gb=8 sample=16 consults=0 wanted=0 hits=0 hit_rate=0.0% misses=0 inserts=0 evictions=0 recycled=0 allocs=0 pin_skips=0 gated=0 ramp=2..50 bar=0 suppressed=0 wide_skips=0 served=0.0MB copied=0.0MB ssd_avoided=0.0GB live=0/0.0GB model=0 protected=0 declined=0 topup_suppressed=0 aged=0 into=0/0/0 pending=0
[mirror-split] internal=0 K3C=0 K3B=0 K3A=0  shares=0%/0%/0%/0%
[phases] mono=356839.663910 chunks=136 sequence=241.505s read_wait=0.171s bind_upload=1.606s attention_resident=15.199s expert_read_prefetch=139.342s expert_demand_read=83.313s expert_plan=10.186s expert_hint=0.001s expert_submit=0.001s expert_kernel=82.770s source_fence=0.001s tail_head_sync=2.115s layer_other=0.251s expert_read_gross=129.155s plan_hint=9.976s plan_sched=0.207s attn_total=16.369s attn_encode=4.888s attn_wait=8.577s attn_drain=2.903s kernel_total=54.803s kernel_host=2.082s kernel_wait=6.685s kernel_drain=46.037s
[attn-split] single: calls=12369 total=10.989s encode=3.853s wait=4.233s drain=2.903s waits=21413 untimed=3622 | wide: calls=465 total=5.379s encode=1.035s wait=4.344s drain=0.000s waits=460 untimed=460 | hint: calls=12696 total=10.125s encode=0.032s wait=10.093s drain=0.000s waits=12769 untimed=12769
[kernel-split] single: calls=13078 total=47.439s encode=1.282s wait=0.717s drain=45.440s waits=13980 untimed=11012 | wide: calls=1135 total=7.364s encode=0.800s wait=5.968s drain=0.596s waits=1135 untimed=0
[kernel-sub] materialize=0.383s moe=7.918s precommit=45.553s rest=0.948s
[metal-cache] calls=19565 zero_copy_wraps=462 copies=0 cache_entries=198 bindless=true
 the
[stats] generated=141 elapsed=250.407s speed=0.5631 token/s (1.776 s/token) chunks=137 committed_rows=177 verify_tx=4 drafts=4/16 layer_passes=12741 expert_rows=16836 expert_tiles=13086
[verify-width] w1=0 w2=2 w3=0 w4=1 w5=0 w6=0 w7=0 w8+=1              (w1 share 0.0% of 4 transactions)
[opens] expert file opens=558713 total=7.518s mean=0.013ms requested_bytes=5670030081216 (5670.0 GB)
[arrival] tiles=917 waves=1956 uncovered_wait=30.447s dispatch=7.753s
[retain] enabled=false cap_gb=8 layers=63..=92 consults=0 wanted=0 hits=0 inserts=0 served=0.0MB
[summer] enabled=false cap_gb=8 sample=16 consults=0 wanted=0 hits=0 hit_rate=0.0% misses=0 inserts=0 evictions=0 recycled=0 allocs=0 pin_skips=0 gated=0 ramp=2..50 bar=0 suppressed=0 wide_skips=0 served=0.0MB copied=0.0MB ssd_avoided=0.0GB live=0/0.0GB model=0 protected=0 declined=0 topup_suppressed=0 aged=0 into=0/0/0 pending=0
[mirror-split] internal=0 K3C=0 K3B=0 K3A=0  shares=0%/0%/0%/0%
[phases] mono=356841.143934 chunks=137 sequence=242.983s read_wait=0.171s bind_upload=1.606s attention_resident=15.297s expert_read_prefetch=140.335s expert_demand_read=83.918s expert_plan=10.275s expert_hint=0.001s expert_submit=0.001s expert_kernel=83.143s source_fence=0.001s tail_head_sync=2.127s layer_other=0.253s expert_read_gross=130.060s plan_hint=10.064s plan_sched=0.208s attn_total=16.467s attn_encode=4.934s attn_wait=8.602s attn_drain=2.931s kernel_total=55.167s kernel_host=2.091s kernel_wait=6.690s kernel_drain=46.386s
[attn-split] single: calls=12462 total=11.088s encode=3.899s wait=4.258s drain=2.931s waits=21574 untimed=3652 | wide: calls=465 total=5.379s encode=1.035s wait=4.344s drain=0.000s waits=460 untimed=460 | hint: calls=12788 total=10.213s encode=0.032s wait=10.181s drain=0.000s waits=12860 untimed=12860
[kernel-split] single: calls=13174 total=47.803s encode=1.291s wait=0.722s drain=45.790s waits=14081 untimed=11094 | wide: calls=1135 total=7.364s encode=0.800s wait=5.968s drain=0.596s waits=1135 untimed=0
[kernel-sub] materialize=0.383s moe=7.928s precommit=45.904s rest=0.952s
[metal-cache] calls=19661 zero_copy_wraps=462 copies=0 cache_entries=198 bindless=true
 policy
[stats] generated=142 elapsed=251.918s speed=0.5637 token/s (1.774 s/token) chunks=138 committed_rows=178 verify_tx=4 drafts=4/16 layer_passes=12834 expert_rows=16928 expert_tiles=13178
[verify-width] w1=0 w2=2 w3=0 w4=1 w5=0 w6=0 w7=0 w8+=1              (w1 share 0.0% of 4 transactions)
[opens] expert file opens=562750 total=7.570s mean=0.013ms requested_bytes=5705414229184 (5705.4 GB)
[arrival] tiles=918 waves=1960 uncovered_wait=30.457s dispatch=7.759s
[retain] enabled=false cap_gb=8 layers=63..=92 consults=0 wanted=0 hits=0 inserts=0 served=0.0MB
[summer] enabled=false cap_gb=8 sample=16 consults=0 wanted=0 hits=0 hit_rate=0.0% misses=0 inserts=0 evictions=0 recycled=0 allocs=0 pin_skips=0 gated=0 ramp=2..50 bar=0 suppressed=0 wide_skips=0 served=0.0MB copied=0.0MB ssd_avoided=0.0GB live=0/0.0GB model=0 protected=0 declined=0 topup_suppressed=0 aged=0 into=0/0/0 pending=0
[mirror-split] internal=0 K3C=0 K3B=0 K3A=0  shares=0%/0%/0%/0%
[phases] mono=356842.655319 chunks=138 sequence=244.493s read_wait=0.171s bind_upload=1.606s attention_resident=15.365s expert_read_prefetch=141.408s expert_demand_read=84.513s expert_plan=10.358s expert_hint=0.001s expert_submit=0.001s expert_kernel=83.493s source_fence=0.001s tail_head_sync=2.144s layer_other=0.254s expert_read_gross=131.050s plan_hint=10.146s plan_sched=0.209s attn_total=16.534s attn_encode=4.954s attn_wait=8.630s attn_drain=2.950s kernel_total=55.507s kernel_host=2.099s kernel_wait=6.694s kernel_drain=46.715s
[attn-split] single: calls=12555 total=11.155s encode=3.919s wait=4.286s drain=2.950s waits=21735 untimed=3679 | wide: calls=465 total=5.379s encode=1.035s wait=4.344s drain=0.000s waits=460 untimed=460 | hint: calls=12880 total=10.295s encode=0.032s wait=10.263s drain=0.000s waits=12951 untimed=12951
[kernel-split] single: calls=13269 total=48.143s encode=1.299s wait=0.726s drain=46.118s waits=14180 untimed=11175 | wide: calls=1135 total=7.364s encode=0.800s wait=5.968s drain=0.596s waits=1135 untimed=0
[kernel-sub] materialize=0.383s moe=7.934s precommit=46.234s rest=0.957s
[metal-cache] calls=19756 zero_copy_wraps=462 copies=0 cache_entries=198 bindless=true
[route-chain] chained=8970
[route-chain] dedup_hits=8970
 rate
[stats] generated=143 elapsed=253.475s speed=0.5642 token/s (1.773 s/token) chunks=139 committed_rows=179 verify_tx=4 drafts=4/16 layer_passes=12927 expert_rows=17020 expert_tiles=13270
[verify-width] w1=0 w2=2 w3=0 w4=1 w5=0 w6=0 w7=0 w8+=1              (w1 share 0.0% of 4 transactions)
[opens] expert file opens=566811 total=7.625s mean=0.013ms requested_bytes=5741052738752 (5741.1 GB)
[arrival] tiles=919 waves=1967 uncovered_wait=30.464s dispatch=7.768s
[retain] enabled=false cap_gb=8 layers=63..=92 consults=0 wanted=0 hits=0 inserts=0 served=0.0MB
[summer] enabled=false cap_gb=8 sample=16 consults=0 wanted=0 hits=0 hit_rate=0.0% misses=0 inserts=0 evictions=0 recycled=0 allocs=0 pin_skips=0 gated=0 ramp=2..50 bar=0 suppressed=0 wide_skips=0 served=0.0MB copied=0.0MB ssd_avoided=0.0GB live=0/0.0GB model=0 protected=0 declined=0 topup_suppressed=0 aged=0 into=0/0/0 pending=0
[mirror-split] internal=0 K3C=0 K3B=0 K3A=0  shares=0%/0%/0%/0%
[phases] mono=356844.212070 chunks=139 sequence=246.048s read_wait=0.171s bind_upload=1.606s attention_resident=15.443s expert_read_prefetch=142.484s expert_demand_read=85.147s expert_plan=10.443s expert_hint=0.001s expert_submit=0.001s expert_kernel=83.879s source_fence=0.001s tail_head_sync=2.158s layer_other=0.255s expert_read_gross=132.041s plan_hint=10.230s plan_sched=0.210s attn_total=16.612s attn_encode=4.979s attn_wait=8.666s attn_drain=2.968s kernel_total=55.886s kernel_host=2.109s kernel_wait=6.699s kernel_drain=47.078s
[attn-split] single: calls=12648 total=11.233s encode=3.944s wait=4.322s drain=2.968s waits=21896 untimed=3706 | wide: calls=465 total=5.379s encode=1.035s wait=4.344s drain=0.000s waits=460 untimed=460 | hint: calls=12972 total=10.378s encode=0.032s wait=10.346s drain=0.000s waits=13042 untimed=13042
[kernel-split] single: calls=13367 total=48.522s encode=1.309s wait=0.731s drain=46.482s waits=14285 untimed=11263 | wide: calls=1135 total=7.364s encode=0.800s wait=5.968s drain=0.596s waits=1135 untimed=0
[kernel-sub] materialize=0.383s moe=7.942s precommit=46.599s rest=0.962s
[metal-cache] calls=19854 zero_copy_wraps=462 copies=0 cache_entries=198 bindless=true
,
[stats] generated=144 elapsed=254.956s speed=0.5648 token/s (1.771 s/token) chunks=140 committed_rows=180 verify_tx=4 drafts=4/16 layer_passes=13020 expert_rows=17112 expert_tiles=13362
[verify-width] w1=0 w2=2 w3=0 w4=1 w5=0 w6=0 w7=0 w8+=1              (w1 share 0.0% of 4 transactions)
[opens] expert file opens=570838 total=7.677s mean=0.013ms requested_bytes=5776375430336 (5776.4 GB)
[arrival] tiles=920 waves=1973 uncovered_wait=30.474s dispatch=7.780s
[retain] enabled=false cap_gb=8 layers=63..=92 consults=0 wanted=0 hits=0 inserts=0 served=0.0MB
[summer] enabled=false cap_gb=8 sample=16 consults=0 wanted=0 hits=0 hit_rate=0.0% misses=0 inserts=0 evictions=0 recycled=0 allocs=0 pin_skips=0 gated=0 ramp=2..50 bar=0 suppressed=0 wide_skips=0 served=0.0MB copied=0.0MB ssd_avoided=0.0GB live=0/0.0GB model=0 protected=0 declined=0 topup_suppressed=0 aged=0 into=0/0/0 pending=0
[mirror-split] internal=0 K3C=0 K3B=0 K3A=0  shares=0%/0%/0%/0%
[phases] mono=356845.693176 chunks=140 sequence=247.528s read_wait=0.171s bind_upload=1.606s attention_resident=15.531s expert_read_prefetch=143.491s expert_demand_read=85.766s expert_plan=10.513s expert_hint=0.001s expert_submit=0.001s expert_kernel=84.245s source_fence=0.001s tail_head_sync=2.175s layer_other=0.257s expert_read_gross=132.978s plan_hint=10.299s plan_sched=0.211s attn_total=16.700s attn_encode=5.005s attn_wait=8.711s attn_drain=2.984s kernel_total=56.242s kernel_host=2.119s kernel_wait=6.705s kernel_drain=47.418s
[attn-split] single: calls=12741 total=11.321s encode=3.970s wait=4.367s drain=2.984s waits=22057 untimed=3740 | wide: calls=465 total=5.379s encode=1.035s wait=4.344s drain=0.000s waits=460 untimed=460 | hint: calls=13064 total=10.448s encode=0.033s wait=10.415s drain=0.000s waits=13133 untimed=13133
[kernel-split] single: calls=13464 total=48.877s encode=1.319s wait=0.737s drain=46.821s waits=14388 untimed=11347 | wide: calls=1135 total=7.364s encode=0.800s wait=5.968s drain=0.596s waits=1135 untimed=0
[kernel-sub] materialize=0.383s moe=7.954s precommit=46.938s rest=0.966s
[metal-cache] calls=19951 zero_copy_wraps=462 copies=0 cache_entries=198 bindless=true
 the
[stats] generated=145 elapsed=256.403s speed=0.5655 token/s (1.768 s/token) chunks=141 committed_rows=181 verify_tx=4 drafts=4/16 layer_passes=13113 expert_rows=17204 expert_tiles=13454
[verify-width] w1=0 w2=2 w3=0 w4=1 w5=0 w6=0 w7=0 w8+=1              (w1 share 0.0% of 4 transactions)
[opens] expert file opens=574862 total=7.730s mean=0.013ms requested_bytes=5811671792832 (5811.7 GB)
[arrival] tiles=921 waves=1980 uncovered_wait=30.482s dispatch=7.789s
[retain] enabled=false cap_gb=8 layers=63..=92 consults=0 wanted=0 hits=0 inserts=0 served=0.0MB
[summer] enabled=false cap_gb=8 sample=16 consults=0 wanted=0 hits=0 hit_rate=0.0% misses=0 inserts=0 evictions=0 recycled=0 allocs=0 pin_skips=0 gated=0 ramp=2..50 bar=0 suppressed=0 wide_skips=0 served=0.0MB copied=0.0MB ssd_avoided=0.0GB live=0/0.0GB model=0 protected=0 declined=0 topup_suppressed=0 aged=0 into=0/0/0 pending=0
[mirror-split] internal=0 K3C=0 K3B=0 K3A=0  shares=0%/0%/0%/0%
[phases] mono=356847.139900 chunks=141 sequence=248.973s read_wait=0.171s bind_upload=1.606s attention_resident=15.611s expert_read_prefetch=144.480s expert_demand_read=86.374s expert_plan=10.590s expert_hint=0.001s expert_submit=0.001s expert_kernel=84.604s source_fence=0.001s tail_head_sync=2.191s layer_other=0.258s expert_read_gross=133.889s plan_hint=10.374s plan_sched=0.212s attn_total=16.780s attn_encode=5.037s attn_wait=8.740s attn_drain=3.003s kernel_total=56.592s kernel_host=2.129s kernel_wait=6.709s kernel_drain=47.754s
[attn-split] single: calls=12834 total=11.400s encode=4.001s wait=4.396s drain=3.003s waits=22218 untimed=3768 | wide: calls=465 total=5.379s encode=1.035s wait=4.344s drain=0.000s waits=460 untimed=460 | hint: calls=13156 total=10.523s encode=0.033s wait=10.490s drain=0.000s waits=13224 untimed=13224
[kernel-split] single: calls=13562 total=49.228s encode=1.329s wait=0.742s drain=47.158s waits=14493 untimed=11430 | wide: calls=1135 total=7.364s encode=0.800s wait=5.968s drain=0.596s waits=1135 untimed=0
[kernel-sub] materialize=0.383s moe=7.963s precommit=47.276s rest=0.970s
[metal-cache] calls=20049 zero_copy_wraps=462 copies=0 cache_entries=198 bindless=true
 central
[stats] generated=146 elapsed=257.980s speed=0.5659 token/s (1.767 s/token) chunks=142 committed_rows=182 verify_tx=4 drafts=4/16 layer_passes=13206 expert_rows=17296 expert_tiles=13546
[verify-width] w1=0 w2=2 w3=0 w4=1 w5=0 w6=0 w7=0 w8+=1              (w1 share 0.0% of 4 transactions)
[opens] expert file opens=579070 total=7.788s mean=0.013ms requested_bytes=5848582503616 (5848.6 GB)
[arrival] tiles=922 waves=1988 uncovered_wait=30.494s dispatch=7.800s
[retain] enabled=false cap_gb=8 layers=63..=92 consults=0 wanted=0 hits=0 inserts=0 served=0.0MB
[summer] enabled=false cap_gb=8 sample=16 consults=0 wanted=0 hits=0 hit_rate=0.0% misses=0 inserts=0 evictions=0 recycled=0 allocs=0 pin_skips=0 gated=0 ramp=2..50 bar=0 suppressed=0 wide_skips=0 served=0.0MB copied=0.0MB ssd_avoided=0.0GB live=0/0.0GB model=0 protected=0 declined=0 topup_suppressed=0 aged=0 into=0/0/0 pending=0
[mirror-split] internal=0 K3C=0 K3B=0 K3A=0  shares=0%/0%/0%/0%
[phases] mono=356848.716893 chunks=142 sequence=250.549s read_wait=0.171s bind_upload=1.606s attention_resident=15.691s expert_read_prefetch=145.558s expert_demand_read=87.017s expert_plan=10.662s expert_hint=0.001s expert_submit=0.001s expert_kernel=85.003s source_fence=0.001s tail_head_sync=2.208s layer_other=0.260s expert_read_gross=134.896s plan_hint=10.445s plan_sched=0.214s attn_total=16.860s attn_encode=5.061s attn_wait=8.779s attn_drain=3.019s kernel_total=56.979s kernel_host=2.139s kernel_wait=6.716s kernel_drain=48.123s
[attn-split] single: calls=12927 total=11.480s encode=4.026s wait=4.435s drain=3.019s waits=22379 untimed=3799 | wide: calls=465 total=5.379s encode=1.035s wait=4.344s drain=0.000s waits=460 untimed=460 | hint: calls=13248 total=10.594s encode=0.033s wait=10.561s drain=0.000s waits=13315 untimed=13315
[kernel-split] single: calls=13661 total=49.614s encode=1.339s wait=0.749s drain=47.527s waits=14600 untimed=11518 | wide: calls=1135 total=7.364s encode=0.800s wait=5.968s drain=0.596s waits=1135 untimed=0
[kernel-sub] materialize=0.383s moe=7.974s precommit=47.646s rest=0.975s
[metal-cache] calls=20148 zero_copy_wraps=462 copies=0 cache_entries=198 bindless=true
 bank
[stats] generated=147 elapsed=259.426s speed=0.5666 token/s (1.765 s/token) chunks=143 committed_rows=183 verify_tx=4 drafts=4/16 layer_passes=13299 expert_rows=17388 expert_tiles=13638
[verify-width] w1=0 w2=2 w3=0 w4=1 w5=0 w6=0 w7=0 w8+=1              (w1 share 0.0% of 4 transactions)
[opens] expert file opens=583015 total=7.840s mean=0.013ms requested_bytes=5883185740992 (5883.2 GB)
[arrival] tiles=923 waves=1995 uncovered_wait=30.502s dispatch=7.809s
[retain] enabled=false cap_gb=8 layers=63..=92 consults=0 wanted=0 hits=0 inserts=0 served=0.0MB
[summer] enabled=false cap_gb=8 sample=16 consults=0 wanted=0 hits=0 hit_rate=0.0% misses=0 inserts=0 evictions=0 recycled=0 allocs=0 pin_skips=0 gated=0 ramp=2..50 bar=0 suppressed=0 wide_skips=0 served=0.0MB copied=0.0MB ssd_avoided=0.0GB live=0/0.0GB model=0 protected=0 declined=0 topup_suppressed=0 aged=0 into=0/0/0 pending=0
[mirror-split] internal=0 K3C=0 K3B=0 K3A=0  shares=0%/0%/0%/0%
[phases] mono=356850.163431 chunks=143 sequence=251.994s read_wait=0.171s bind_upload=1.606s attention_resident=15.768s expert_read_prefetch=146.546s expert_demand_read=87.587s expert_plan=10.746s expert_hint=0.001s expert_submit=0.001s expert_kernel=85.364s source_fence=0.001s tail_head_sync=2.226s layer_other=0.261s expert_read_gross=135.800s plan_hint=10.528s plan_sched=0.215s attn_total=16.937s attn_encode=5.084s attn_wait=8.811s attn_drain=3.043s kernel_total=57.331s kernel_host=2.148s kernel_wait=6.721s kernel_drain=48.462s
[attn-split] single: calls=13020 total=11.558s encode=4.048s wait=4.467s drain=3.043s waits=22540 untimed=3823 | wide: calls=465 total=5.379s encode=1.035s wait=4.344s drain=0.000s waits=460 untimed=460 | hint: calls=13340 total=10.677s encode=0.033s wait=10.644s drain=0.000s waits=13406 untimed=13406
[kernel-split] single: calls=13759 total=49.967s encode=1.348s wait=0.754s drain=47.865s waits=14705 untimed=11600 | wide: calls=1135 total=7.364s encode=0.800s wait=5.968s drain=0.596s waits=1135 untimed=0
[kernel-sub] materialize=0.383s moe=7.983s precommit=47.986s rest=0.979s
[metal-cache] calls=20246 zero_copy_wraps=462 copies=0 cache_entries=198 bindless=true
 buys
[stats] generated=148 elapsed=260.948s speed=0.5672 token/s (1.763 s/token) chunks=144 committed_rows=184 verify_tx=4 drafts=4/16 layer_passes=13392 expert_rows=17480 expert_tiles=13730
[verify-width] w1=0 w2=2 w3=0 w4=1 w5=0 w6=0 w7=0 w8+=1              (w1 share 0.0% of 4 transactions)
[opens] expert file opens=587129 total=7.892s mean=0.013ms requested_bytes=5919298059456 (5919.3 GB)
[arrival] tiles=924 waves=2003 uncovered_wait=30.512s dispatch=7.818s
[retain] enabled=false cap_gb=8 layers=63..=92 consults=0 wanted=0 hits=0 inserts=0 served=0.0MB
[summer] enabled=false cap_gb=8 sample=16 consults=0 wanted=0 hits=0 hit_rate=0.0% misses=0 inserts=0 evictions=0 recycled=0 allocs=0 pin_skips=0 gated=0 ramp=2..50 bar=0 suppressed=0 wide_skips=0 served=0.0MB copied=0.0MB ssd_avoided=0.0GB live=0/0.0GB model=0 protected=0 declined=0 topup_suppressed=0 aged=0 into=0/0/0 pending=0
[mirror-split] internal=0 K3C=0 K3B=0 K3A=0  shares=0%/0%/0%/0%
[phases] mono=356851.685749 chunks=144 sequence=253.515s read_wait=0.171s bind_upload=1.606s attention_resident=15.845s expert_read_prefetch=147.626s expert_demand_read=88.189s expert_plan=10.831s expert_hint=0.001s expert_submit=0.001s expert_kernel=85.712s source_fence=0.001s tail_head_sync=2.240s layer_other=0.263s expert_read_gross=136.795s plan_hint=10.612s plan_sched=0.216s attn_total=17.013s attn_encode=5.110s attn_wait=8.847s attn_drain=3.057s kernel_total=57.670s kernel_host=2.157s kernel_wait=6.726s kernel_drain=48.787s
[attn-split] single: calls=13113 total=11.634s encode=4.075s wait=4.503s drain=3.057s waits=22701 untimed=3861 | wide: calls=465 total=5.379s encode=1.035s wait=4.344s drain=0.000s waits=460 untimed=460 | hint: calls=13432 total=10.761s encode=0.033s wait=10.727s drain=0.000s waits=13497 untimed=13497
[kernel-split] single: calls=13858 total=50.306s encode=1.357s wait=0.759s drain=48.190s waits=14812 untimed=11689 | wide: calls=1135 total=7.364s encode=0.800s wait=5.968s drain=0.596s waits=1135 untimed=0
[kernel-sub] materialize=0.383s moe=7.991s precommit=48.312s rest=0.983s
[metal-cache] calls=20345 zero_copy_wraps=462 copies=0 cache_entries=198 bindless=true
 or
[stats] generated=149 elapsed=262.417s speed=0.5678 token/s (1.761 s/token) chunks=145 committed_rows=185 verify_tx=4 drafts=4/16 layer_passes=13485 expert_rows=17572 expert_tiles=13822
[verify-width] w1=0 w2=2 w3=0 w4=1 w5=0 w6=0 w7=0 w8+=1              (w1 share 0.0% of 4 transactions)
[opens] expert file opens=591078 total=7.944s mean=0.013ms requested_bytes=5953936424128 (5953.9 GB)
[arrival] tiles=925 waves=2010 uncovered_wait=30.521s dispatch=7.828s
[retain] enabled=false cap_gb=8 layers=63..=92 consults=0 wanted=0 hits=0 inserts=0 served=0.0MB
[summer] enabled=false cap_gb=8 sample=16 consults=0 wanted=0 hits=0 hit_rate=0.0% misses=0 inserts=0 evictions=0 recycled=0 allocs=0 pin_skips=0 gated=0 ramp=2..50 bar=0 suppressed=0 wide_skips=0 served=0.0MB copied=0.0MB ssd_avoided=0.0GB live=0/0.0GB model=0 protected=0 declined=0 topup_suppressed=0 aged=0 into=0/0/0 pending=0
[mirror-split] internal=0 K3C=0 K3B=0 K3A=0  shares=0%/0%/0%/0%
[phases] mono=356853.154760 chunks=145 sequence=254.982s read_wait=0.171s bind_upload=1.606s attention_resident=15.946s expert_read_prefetch=148.624s expert_demand_read=88.799s expert_plan=10.902s expert_hint=0.001s expert_submit=0.001s expert_kernel=86.062s source_fence=0.001s tail_head_sync=2.258s layer_other=0.264s expert_read_gross=137.721s plan_hint=10.682s plan_sched=0.217s attn_total=17.114s attn_encode=5.149s attn_wait=8.879s attn_drain=3.086s kernel_total=58.010s kernel_host=2.167s kernel_wait=6.731s kernel_drain=49.112s
[attn-split] single: calls=13206 total=11.735s encode=4.113s wait=4.535s drain=3.086s waits=22862 untimed=3895 | wide: calls=465 total=5.379s encode=1.035s wait=4.344s drain=0.000s waits=460 untimed=460 | hint: calls=13524 total=10.831s encode=0.034s wait=10.797s drain=0.000s waits=13588 untimed=13588
[kernel-split] single: calls=13956 total=50.646s encode=1.367s wait=0.763s drain=48.516s waits=14917 untimed=11775 | wide: calls=1135 total=7.364s encode=0.800s wait=5.968s drain=0.596s waits=1135 untimed=0
[kernel-sub] materialize=0.383s moe=8.001s precommit=48.638s rest=0.988s
[metal-cache] calls=20443 zero_copy_wraps=462 copies=0 cache_entries=198 bindless=true
 sells
[stats] generated=150 elapsed=263.889s speed=0.5684 token/s (1.759 s/token) chunks=146 committed_rows=186 verify_tx=4 drafts=4/16 layer_passes=13578 expert_rows=17664 expert_tiles=13914
[verify-width] w1=0 w2=2 w3=0 w4=1 w5=0 w6=0 w7=0 w8+=1              (w1 share 0.0% of 4 transactions)
[opens] expert file opens=594976 total=7.998s mean=0.013ms requested_bytes=5988171168960 (5988.2 GB)
[arrival] tiles=926 waves=2018 uncovered_wait=30.532s dispatch=7.839s
[retain] enabled=false cap_gb=8 layers=63..=92 consults=0 wanted=0 hits=0 inserts=0 served=0.0MB
[summer] enabled=false cap_gb=8 sample=16 consults=0 wanted=0 hits=0 hit_rate=0.0% misses=0 inserts=0 evictions=0 recycled=0 allocs=0 pin_skips=0 gated=0 ramp=2..50 bar=0 suppressed=0 wide_skips=0 served=0.0MB copied=0.0MB ssd_avoided=0.0GB live=0/0.0GB model=0 protected=0 declined=0 topup_suppressed=0 aged=0 into=0/0/0 pending=0
[mirror-split] internal=0 K3C=0 K3B=0 K3A=0  shares=0%/0%/0%/0%
[phases] mono=356854.626172 chunks=146 sequence=256.452s read_wait=0.171s bind_upload=1.606s attention_resident=16.027s expert_read_prefetch=149.592s expert_demand_read=89.397s expert_plan=10.988s expert_hint=0.001s expert_submit=0.001s expert_kernel=86.463s source_fence=0.001s tail_head_sync=2.275s layer_other=0.266s expert_read_gross=138.603s plan_hint=10.767s plan_sched=0.218s attn_total=17.195s attn_encode=5.177s attn_wait=8.906s attn_drain=3.113s kernel_total=58.400s kernel_host=2.178s kernel_wait=6.738s kernel_drain=49.485s
[attn-split] single: calls=13299 total=11.816s encode=4.142s wait=4.562s drain=3.113s waits=23023 untimed=3920 | wide: calls=465 total=5.379s encode=1.035s wait=4.344s drain=0.000s waits=460 untimed=460 | hint: calls=13616 total=10.916s encode=0.034s wait=10.882s drain=0.000s waits=13679 untimed=13679
[kernel-split] single: calls=14055 total=51.036s encode=1.378s wait=0.770s drain=48.889s waits=15024 untimed=11858 | wide: calls=1135 total=7.364s encode=0.800s wait=5.968s drain=0.596s waits=1135 untimed=0
[kernel-sub] materialize=0.383s moe=8.012s precommit=49.012s rest=0.992s
[metal-cache] calls=20542 zero_copy_wraps=462 copies=0 cache_entries=198 bindless=true
 government
[stats] generated=151 elapsed=265.332s speed=0.5691 token/s (1.757 s/token) chunks=147 committed_rows=187 verify_tx=4 drafts=4/16 layer_passes=13671 expert_rows=17756 expert_tiles=14006
[verify-width] w1=0 w2=2 w3=0 w4=1 w5=0 w6=0 w7=0 w8+=1              (w1 share 0.0% of 4 transactions)
[opens] expert file opens=598905 total=8.048s mean=0.013ms requested_bytes=6022634060992 (6022.6 GB)
[arrival] tiles=927 waves=2025 uncovered_wait=30.544s dispatch=7.846s
[retain] enabled=false cap_gb=8 layers=63..=92 consults=0 wanted=0 hits=0 inserts=0 served=0.0MB
[summer] enabled=false cap_gb=8 sample=16 consults=0 wanted=0 hits=0 hit_rate=0.0% misses=0 inserts=0 evictions=0 recycled=0 allocs=0 pin_skips=0 gated=0 ramp=2..50 bar=0 suppressed=0 wide_skips=0 served=0.0MB copied=0.0MB ssd_avoided=0.0GB live=0/0.0GB model=0 protected=0 declined=0 topup_suppressed=0 aged=0 into=0/0/0 pending=0
[mirror-split] internal=0 K3C=0 K3B=0 K3A=0  shares=0%/0%/0%/0%
[phases] mono=356856.069539 chunks=147 sequence=257.895s read_wait=0.171s bind_upload=1.606s attention_resident=16.098s expert_read_prefetch=150.599s expert_demand_read=89.988s expert_plan=11.061s expert_hint=0.001s expert_submit=0.001s expert_kernel=86.814s source_fence=0.001s tail_head_sync=2.288s layer_other=0.267s expert_read_gross=139.538s plan_hint=10.839s plan_sched=0.219s attn_total=17.266s attn_encode=5.197s attn_wait=8.935s attn_drain=3.133s kernel_total=58.739s kernel_host=2.186s kernel_wait=6.742s kernel_drain=49.811s
[attn-split] single: calls=13392 total=11.887s encode=4.162s wait=4.591s drain=3.133s waits=23184 untimed=3944 | wide: calls=465 total=5.379s encode=1.035s wait=4.344s drain=0.000s waits=460 untimed=460 | hint: calls=13708 total=10.987s encode=0.034s wait=10.953s drain=0.000s waits=13770 untimed=13770
[kernel-split] single: calls=14153 total=51.375s encode=1.386s wait=0.775s drain=49.214s waits=15129 untimed=11929 | wide: calls=1135 total=7.364s encode=0.800s wait=5.968s drain=0.596s waits=1135 untimed=0
[kernel-sub] materialize=0.383s moe=8.020s precommit=49.339s rest=0.996s
[metal-cache] calls=20640 zero_copy_wraps=462 copies=0 cache_entries=198 bindless=true
 securities
[stats] generated=152 elapsed=266.798s speed=0.5697 token/s (1.755 s/token) chunks=148 committed_rows=188 verify_tx=4 drafts=4/16 layer_passes=13764 expert_rows=17848 expert_tiles=14098
[verify-width] w1=0 w2=2 w3=0 w4=1 w5=0 w6=0 w7=0 w8+=1              (w1 share 0.0% of 4 transactions)
[opens] expert file opens=602841 total=8.103s mean=0.013ms requested_bytes=6057158360256 (6057.2 GB)
[arrival] tiles=928 waves=2030 uncovered_wait=30.555s dispatch=7.854s
[retain] enabled=false cap_gb=8 layers=63..=92 consults=0 wanted=0 hits=0 inserts=0 served=0.0MB
[summer] enabled=false cap_gb=8 sample=16 consults=0 wanted=0 hits=0 hit_rate=0.0% misses=0 inserts=0 evictions=0 recycled=0 allocs=0 pin_skips=0 gated=0 ramp=2..50 bar=0 suppressed=0 wide_skips=0 served=0.0MB copied=0.0MB ssd_avoided=0.0GB live=0/0.0GB model=0 protected=0 declined=0 topup_suppressed=0 aged=0 into=0/0/0 pending=0
[mirror-split] internal=0 K3C=0 K3B=0 K3A=0  shares=0%/0%/0%/0%
[phases] mono=356857.535244 chunks=148 sequence=259.359s read_wait=0.171s bind_upload=1.606s attention_resident=16.174s expert_read_prefetch=151.563s expert_demand_read=90.548s expert_plan=11.144s expert_hint=0.001s expert_submit=0.001s expert_kernel=87.218s source_fence=0.001s tail_head_sync=2.306s layer_other=0.268s expert_read_gross=140.418s plan_hint=10.922s plan_sched=0.220s attn_total=17.342s attn_encode=5.220s attn_wait=8.956s attn_drain=3.166s kernel_total=59.132s kernel_host=2.195s kernel_wait=6.746s kernel_drain=50.190s
[attn-split] single: calls=13485 total=11.963s encode=4.184s wait=4.612s drain=3.166s waits=23345 untimed=3964 | wide: calls=465 total=5.379s encode=1.035s wait=4.344s drain=0.000s waits=460 untimed=460 | hint: calls=13800 total=11.070s encode=0.034s wait=11.035s drain=0.000s waits=13861 untimed=13861
[kernel-split] single: calls=14249 total=51.768s encode=1.395s wait=0.779s drain=49.594s waits=15230 untimed=11996 | wide: calls=1135 total=7.364s encode=0.800s wait=5.968s drain=0.596s waits=1135 untimed=0
[kernel-sub] materialize=0.383s moe=8.027s precommit=49.720s rest=1.001s
[metal-cache] calls=20736 zero_copy_wraps=462 copies=0 cache_entries=198 bindless=true
 in
[stats] generated=153 elapsed=268.302s speed=0.5703 token/s (1.754 s/token) chunks=149 committed_rows=189 verify_tx=4 drafts=4/16 layer_passes=13857 expert_rows=17940 expert_tiles=14190
[verify-width] w1=0 w2=2 w3=0 w4=1 w5=0 w6=0 w7=0 w8+=1              (w1 share 0.0% of 4 transactions)
[opens] expert file opens=606814 total=8.159s mean=0.013ms requested_bytes=6091989728448 (6092.0 GB)
[arrival] tiles=929 waves=2035 uncovered_wait=30.564s dispatch=7.862s
[retain] enabled=false cap_gb=8 layers=63..=92 consults=0 wanted=0 hits=0 inserts=0 served=0.0MB
[summer] enabled=false cap_gb=8 sample=16 consults=0 wanted=0 hits=0 hit_rate=0.0% misses=0 inserts=0 evictions=0 recycled=0 allocs=0 pin_skips=0 gated=0 ramp=2..50 bar=0 suppressed=0 wide_skips=0 served=0.0MB copied=0.0MB ssd_avoided=0.0GB live=0/0.0GB model=0 protected=0 declined=0 topup_suppressed=0 aged=0 into=0/0/0 pending=0
[mirror-split] internal=0 K3C=0 K3B=0 K3A=0  shares=0%/0%/0%/0%
[phases] mono=356859.039314 chunks=149 sequence=260.862s read_wait=0.171s bind_upload=1.606s attention_resident=16.261s expert_read_prefetch=152.586s expert_demand_read=91.182s expert_plan=11.216s expert_hint=0.001s expert_submit=0.001s expert_kernel=87.596s source_fence=0.001s tail_head_sync=2.319s layer_other=0.270s expert_read_gross=141.369s plan_hint=10.992s plan_sched=0.221s attn_total=17.429s attn_encode=5.256s attn_wait=8.978s attn_drain=3.195s kernel_total=59.500s kernel_host=2.205s kernel_wait=6.751s kernel_drain=50.544s
[attn-split] single: calls=13578 total=12.049s encode=4.221s wait=4.634s drain=3.195s waits=23506 untimed=3986 | wide: calls=465 total=5.379s encode=1.035s wait=4.344s drain=0.000s waits=460 untimed=460 | hint: calls=13892 total=11.140s encode=0.035s wait=11.106s drain=0.000s waits=13952 untimed=13952
[kernel-split] single: calls=14345 total=52.136s encode=1.405s wait=0.784s drain=49.947s waits=15331 untimed=12073 | wide: calls=1135 total=7.364s encode=0.800s wait=5.968s drain=0.596s waits=1135 untimed=0
[kernel-sub] materialize=0.383s moe=8.035s precommit=50.076s rest=1.006s
[metal-cache] calls=20832 zero_copy_wraps=462 copies=0 cache_entries=198 bindless=true
[route-chain] chained=9660
[route-chain] dedup_hits=9660
 the
[stats] generated=154 elapsed=269.724s speed=0.5710 token/s (1.751 s/token) chunks=150 committed_rows=190 verify_tx=4 drafts=4/16 layer_passes=13950 expert_rows=18032 expert_tiles=14282
[verify-width] w1=0 w2=2 w3=0 w4=1 w5=0 w6=0 w7=0 w8+=1              (w1 share 0.0% of 4 transactions)
[opens] expert file opens=610640 total=8.209s mean=0.013ms requested_bytes=6125575240896 (6125.6 GB)
[arrival] tiles=930 waves=2040 uncovered_wait=30.573s dispatch=7.869s
[retain] enabled=false cap_gb=8 layers=63..=92 consults=0 wanted=0 hits=0 inserts=0 served=0.0MB
[summer] enabled=false cap_gb=8 sample=16 consults=0 wanted=0 hits=0 hit_rate=0.0% misses=0 inserts=0 evictions=0 recycled=0 allocs=0 pin_skips=0 gated=0 ramp=2..50 bar=0 suppressed=0 wide_skips=0 served=0.0MB copied=0.0MB ssd_avoided=0.0GB live=0/0.0GB model=0 protected=0 declined=0 topup_suppressed=0 aged=0 into=0/0/0 pending=0
[mirror-split] internal=0 K3C=0 K3B=0 K3A=0  shares=0%/0%/0%/0%
[phases] mono=356860.461262 chunks=150 sequence=262.282s read_wait=0.171s bind_upload=1.606s attention_resident=16.334s expert_read_prefetch=153.592s expert_demand_read=91.789s expert_plan=11.289s expert_hint=0.001s expert_submit=0.001s expert_kernel=87.924s source_fence=0.001s tail_head_sync=2.333s layer_other=0.271s expert_read_gross=142.302s plan_hint=11.064s plan_sched=0.222s attn_total=17.501s attn_encode=5.277s attn_wait=9.014s attn_drain=3.209s kernel_total=59.819s kernel_host=2.214s kernel_wait=6.755s kernel_drain=50.850s
[attn-split] single: calls=13671 total=12.122s encode=4.242s wait=4.670s drain=3.209s waits=23667 untimed=4023 | wide: calls=465 total=5.379s encode=1.035s wait=4.344s drain=0.000s waits=460 untimed=460 | hint: calls=13984 total=11.212s encode=0.035s wait=11.177s drain=0.000s waits=14043 untimed=14043
[kernel-split] single: calls=14441 total=52.455s encode=1.414s wait=0.787s drain=50.253s waits=15432 untimed=12159 | wide: calls=1135 total=7.364s encode=0.800s wait=5.968s drain=0.596s waits=1135 untimed=0
[kernel-sub] materialize=0.383s moe=8.042s precommit=50.383s rest=1.010s
[metal-cache] calls=20928 zero_copy_wraps=462 copies=0 cache_entries=198 bindless=true
 open
[stats] generated=155 elapsed=271.233s speed=0.5715 token/s (1.750 s/token) chunks=151 committed_rows=191 verify_tx=4 drafts=4/16 layer_passes=14043 expert_rows=18124 expert_tiles=14374
[verify-width] w1=0 w2=2 w3=0 w4=1 w5=0 w6=0 w7=0 w8+=1              (w1 share 0.0% of 4 transactions)
[opens] expert file opens=614698 total=8.264s mean=0.013ms requested_bytes=6161152392384 (6161.2 GB)
[arrival] tiles=931 waves=2046 uncovered_wait=30.584s dispatch=7.876s
[retain] enabled=false cap_gb=8 layers=63..=92 consults=0 wanted=0 hits=0 inserts=0 served=0.0MB
[summer] enabled=false cap_gb=8 sample=16 consults=0 wanted=0 hits=0 hit_rate=0.0% misses=0 inserts=0 evictions=0 recycled=0 allocs=0 pin_skips=0 gated=0 ramp=2..50 bar=0 suppressed=0 wide_skips=0 served=0.0MB copied=0.0MB ssd_avoided=0.0GB live=0/0.0GB model=0 protected=0 declined=0 topup_suppressed=0 aged=0 into=0/0/0 pending=0
[mirror-split] internal=0 K3C=0 K3B=0 K3A=0  shares=0%/0%/0%/0%
[phases] mono=356861.970326 chunks=151 sequence=263.790s read_wait=0.171s bind_upload=1.606s attention_resident=16.402s expert_read_prefetch=154.668s expert_demand_read=92.383s expert_plan=11.370s expert_hint=0.001s expert_submit=0.001s expert_kernel=88.268s source_fence=0.001s tail_head_sync=2.350s layer_other=0.272s expert_read_gross=143.298s plan_hint=11.144s plan_sched=0.223s attn_total=17.569s attn_encode=5.298s attn_wait=9.040s attn_drain=3.231s kernel_total=60.152s kernel_host=2.222s kernel_wait=6.759s kernel_drain=51.171s
[attn-split] single: calls=13764 total=12.189s encode=4.263s wait=4.696s drain=3.231s waits=23828 untimed=4049 | wide: calls=465 total=5.379s encode=1.035s wait=4.344s drain=0.000s waits=460 untimed=460 | hint: calls=14076 total=11.292s encode=0.035s wait=11.257s drain=0.000s waits=14134 untimed=14134
[kernel-split] single: calls=14538 total=52.788s encode=1.422s wait=0.791s drain=50.575s waits=15535 untimed=12243 | wide: calls=1135 total=7.364s encode=0.800s wait=5.968s drain=0.596s waits=1135 untimed=0
[kernel-sub] materialize=0.383s moe=8.049s precommit=50.706s rest=1.014s
[metal-cache] calls=21025 zero_copy_wraps=462 copies=0 cache_entries=198 bindless=true
 market
[stats] generated=156 elapsed=272.676s speed=0.5721 token/s (1.748 s/token) chunks=152 committed_rows=192 verify_tx=4 drafts=4/16 layer_passes=14136 expert_rows=18216 expert_tiles=14466
[verify-width] w1=0 w2=2 w3=0 w4=1 w5=0 w6=0 w7=0 w8+=1              (w1 share 0.0% of 4 transactions)
[opens] expert file opens=618661 total=8.317s mean=0.013ms requested_bytes=6195904806080 (6195.9 GB)
[arrival] tiles=932 waves=2050 uncovered_wait=30.592s dispatch=7.884s
[retain] enabled=false cap_gb=8 layers=63..=92 consults=0 wanted=0 hits=0 inserts=0 served=0.0MB
[summer] enabled=false cap_gb=8 sample=16 consults=0 wanted=0 hits=0 hit_rate=0.0% misses=0 inserts=0 evictions=0 recycled=0 allocs=0 pin_skips=0 gated=0 ramp=2..50 bar=0 suppressed=0 wide_skips=0 served=0.0MB copied=0.0MB ssd_avoided=0.0GB live=0/0.0GB model=0 protected=0 declined=0 topup_suppressed=0 aged=0 into=0/0/0 pending=0
[mirror-split] internal=0 K3C=0 K3B=0 K3A=0  shares=0%/0%/0%/0%
[phases] mono=356863.412843 chunks=152 sequence=265.231s read_wait=0.171s bind_upload=1.606s attention_resident=16.477s expert_read_prefetch=155.624s expert_demand_read=92.958s expert_plan=11.448s expert_hint=0.001s expert_submit=0.001s expert_kernel=88.660s source_fence=0.001s tail_head_sync=2.366s layer_other=0.273s expert_read_gross=144.176s plan_hint=11.220s plan_sched=0.224s attn_total=17.644s attn_encode=5.319s attn_wait=9.066s attn_drain=3.259s kernel_total=60.536s kernel_host=2.231s kernel_wait=6.763s kernel_drain=51.541s
[attn-split] single: calls=13857 total=12.265s encode=4.284s wait=4.722s drain=3.259s waits=23989 untimed=4073 | wide: calls=465 total=5.379s encode=1.035s wait=4.344s drain=0.000s waits=460 untimed=460 | hint: calls=14168 total=11.369s encode=0.035s wait=11.333s drain=0.000s waits=14225 untimed=14225
[kernel-split] single: calls=14633 total=53.172s encode=1.431s wait=0.796s drain=50.945s waits=15634 untimed=12320 | wide: calls=1135 total=7.364s encode=0.800s wait=5.968s drain=0.596s waits=1135 untimed=0
[kernel-sub] materialize=0.383s moe=8.056s precommit=51.077s rest=1.019s
[metal-cache] calls=21120 zero_copy_wraps=462 copies=0 cache_entries=198 bindless=true
.
[stats] generated=157 elapsed=274.229s speed=0.5725 token/s (1.747 s/token) chunks=153 committed_rows=193 verify_tx=4 drafts=4/16 layer_passes=14229 expert_rows=18308 expert_tiles=14558
[verify-width] w1=0 w2=2 w3=0 w4=1 w5=0 w6=0 w7=0 w8+=1              (w1 share 0.0% of 4 transactions)
[opens] expert file opens=622762 total=8.373s mean=0.013ms requested_bytes=6231894293696 (6231.9 GB)
[arrival] tiles=933 waves=2058 uncovered_wait=30.604s dispatch=7.895s
[retain] enabled=false cap_gb=8 layers=63..=92 consults=0 wanted=0 hits=0 inserts=0 served=0.0MB
[summer] enabled=false cap_gb=8 sample=16 consults=0 wanted=0 hits=0 hit_rate=0.0% misses=0 inserts=0 evictions=0 recycled=0 allocs=0 pin_skips=0 gated=0 ramp=2..50 bar=0 suppressed=0 wide_skips=0 served=0.0MB copied=0.0MB ssd_avoided=0.0GB live=0/0.0GB model=0 protected=0 declined=0 topup_suppressed=0 aged=0 into=0/0/0 pending=0
[mirror-split] internal=0 K3C=0 K3B=0 K3A=0  shares=0%/0%/0%/0%
[phases] mono=356864.966244 chunks=153 sequence=266.783s read_wait=0.171s bind_upload=1.606s attention_resident=16.569s expert_read_prefetch=156.682s expert_demand_read=93.589s expert_plan=11.520s expert_hint=0.001s expert_submit=0.001s expert_kernel=89.044s source_fence=0.001s tail_head_sync=2.383s layer_other=0.275s expert_read_gross=145.162s plan_hint=11.292s plan_sched=0.225s attn_total=17.735s attn_encode=5.358s attn_wait=9.100s attn_drain=3.277s kernel_total=60.907s kernel_host=2.240s kernel_wait=6.771s kernel_drain=51.896s
[attn-split] single: calls=13950 total=12.356s encode=4.323s wait=4.756s drain=3.277s waits=24150 untimed=4095 | wide: calls=465 total=5.379s encode=1.035s wait=4.344s drain=0.000s waits=460 untimed=460 | hint: calls=14260 total=11.440s encode=0.035s wait=11.405s drain=0.000s waits=14316 untimed=14316
[kernel-split] single: calls=14732 total=53.543s encode=1.440s wait=0.803s drain=51.300s waits=15741 untimed=12403 | wide: calls=1135 total=7.364s encode=0.800s wait=5.968s drain=0.596s waits=1135 untimed=0
[kernel-sub] materialize=0.383s moe=8.067s precommit=51.433s rest=1.023s
[metal-cache] calls=21219 zero_copy_wraps=462 copies=0 cache_entries=198 bindless=true
  

[stats] generated=158 elapsed=275.813s speed=0.5729 token/s (1.746 s/token) chunks=154 committed_rows=194 verify_tx=4 drafts=4/16 layer_passes=14322 expert_rows=18400 expert_tiles=14650
[verify-width] w1=0 w2=2 w3=0 w4=1 w5=0 w6=0 w7=0 w8+=1              (w1 share 0.0% of 4 transactions)
[opens] expert file opens=626920 total=8.429s mean=0.013ms requested_bytes=6268340042944 (6268.3 GB)
[arrival] tiles=934 waves=2065 uncovered_wait=30.615s dispatch=7.904s
[retain] enabled=false cap_gb=8 layers=63..=92 consults=0 wanted=0 hits=0 inserts=0 served=0.0MB
[summer] enabled=false cap_gb=8 sample=16 consults=0 wanted=0 hits=0 hit_rate=0.0% misses=0 inserts=0 evictions=0 recycled=0 allocs=0 pin_skips=0 gated=0 ramp=2..50 bar=0 suppressed=0 wide_skips=0 served=0.0MB copied=0.0MB ssd_avoided=0.0GB live=0/0.0GB model=0 protected=0 declined=0 topup_suppressed=0 aged=0 into=0/0/0 pending=0
[mirror-split] internal=0 K3C=0 K3B=0 K3A=0  shares=0%/0%/0%/0%
[phases] mono=356866.550471 chunks=154 sequence=268.366s read_wait=0.171s bind_upload=1.606s attention_resident=16.649s expert_read_prefetch=157.809s expert_demand_read=94.294s expert_plan=11.591s expert_hint=0.001s expert_submit=0.001s expert_kernel=89.404s source_fence=0.001s tail_head_sync=2.398s layer_other=0.277s expert_read_gross=146.217s plan_hint=11.362s plan_sched=0.226s attn_total=17.815s attn_encode=5.384s attn_wait=9.134s attn_drain=3.297s kernel_total=61.256s kernel_host=2.249s kernel_wait=6.777s kernel_drain=52.230s
[attn-split] single: calls=14043 total=12.436s encode=4.349s wait=4.790s drain=3.297s waits=24311 untimed=4118 | wide: calls=465 total=5.379s encode=1.035s wait=4.344s drain=0.000s waits=460 untimed=460 | hint: calls=14352 total=11.510s encode=0.036s wait=11.475s drain=0.000s waits=14407 untimed=14407
[kernel-split] single: calls=14830 total=53.892s encode=1.449s wait=0.809s drain=51.634s waits=15846 untimed=12490 | wide: calls=1135 total=7.364s encode=0.800s wait=5.968s drain=0.596s waits=1135 untimed=0
[kernel-sub] materialize=0.383s moe=8.076s precommit=51.769s rest=1.028s
[metal-cache] calls=21317 zero_copy_wraps=462 copies=0 cache_entries=198 bindless=true
  
[stats] generated=159 elapsed=277.304s speed=0.5734 token/s (1.744 s/token) chunks=155 committed_rows=195 verify_tx=4 drafts=4/16 layer_passes=14415 expert_rows=18492 expert_tiles=14742
[verify-width] w1=0 w2=2 w3=0 w4=1 w5=0 w6=0 w7=0 w8+=1              (w1 share 0.0% of 4 transactions)
[opens] expert file opens=630952 total=8.486s mean=0.013ms requested_bytes=6303689096384 (6303.7 GB)
[arrival] tiles=935 waves=2071 uncovered_wait=30.624s dispatch=7.913s
[retain] enabled=false cap_gb=8 layers=63..=92 consults=0 wanted=0 hits=0 inserts=0 served=0.0MB
[summer] enabled=false cap_gb=8 sample=16 consults=0 wanted=0 hits=0 hit_rate=0.0% misses=0 inserts=0 evictions=0 recycled=0 allocs=0 pin_skips=0 gated=0 ramp=2..50 bar=0 suppressed=0 wide_skips=0 served=0.0MB copied=0.0MB ssd_avoided=0.0GB live=0/0.0GB model=0 protected=0 declined=0 topup_suppressed=0 aged=0 into=0/0/0 pending=0
[mirror-split] internal=0 K3C=0 K3B=0 K3A=0  shares=0%/0%/0%/0%
[phases] mono=356868.041364 chunks=155 sequence=269.856s read_wait=0.171s bind_upload=1.606s attention_resident=16.723s expert_read_prefetch=158.845s expert_demand_read=94.941s expert_plan=11.665s expert_hint=0.001s expert_submit=0.001s expert_kernel=89.767s source_fence=0.001s tail_head_sync=2.411s layer_other=0.278s expert_read_gross=147.180s plan_hint=11.434s plan_sched=0.227s attn_total=17.890s attn_encode=5.405s attn_wait=9.163s attn_drain=3.322s kernel_total=61.611s kernel_host=2.258s kernel_wait=6.782s kernel_drain=52.571s
[attn-split] single: calls=14136 total=12.511s encode=4.370s wait=4.819s drain=3.322s waits=24472 untimed=4147 | wide: calls=465 total=5.379s encode=1.035s wait=4.344s drain=0.000s waits=460 untimed=460 | hint: calls=14444 total=11.583s encode=0.036s wait=11.547s drain=0.000s waits=14498 untimed=14498
[kernel-split] single: calls=14927 total=54.247s encode=1.458s wait=0.814s drain=51.974s waits=15949 untimed=12576 | wide: calls=1135 total=7.364s encode=0.800s wait=5.968s drain=0.596s waits=1135 untimed=0
[kernel-sub] materialize=0.383s moe=8.085s precommit=52.110s rest=1.032s
[metal-cache] calls=21414 zero_copy_wraps=462 copies=0 cache_entries=198 bindless=true
 -
[stats] generated=160 elapsed=278.902s speed=0.5737 token/s (1.743 s/token) chunks=156 committed_rows=196 verify_tx=4 drafts=4/16 layer_passes=14508 expert_rows=18584 expert_tiles=14834
[verify-width] w1=0 w2=2 w3=0 w4=1 w5=0 w6=0 w7=0 w8+=1              (w1 share 0.0% of 4 transactions)
[opens] expert file opens=635085 total=8.543s mean=0.013ms requested_bytes=6339933027520 (6339.9 GB)
[arrival] tiles=936 waves=2079 uncovered_wait=30.635s dispatch=7.922s
[retain] enabled=false cap_gb=8 layers=63..=92 consults=0 wanted=0 hits=0 inserts=0 served=0.0MB
[summer] enabled=false cap_gb=8 sample=16 consults=0 wanted=0 hits=0 hit_rate=0.0% misses=0 inserts=0 evictions=0 recycled=0 allocs=0 pin_skips=0 gated=0 ramp=2..50 bar=0 suppressed=0 wide_skips=0 served=0.0MB copied=0.0MB ssd_avoided=0.0GB live=0/0.0GB model=0 protected=0 declined=0 topup_suppressed=0 aged=0 into=0/0/0 pending=0
[mirror-split] internal=0 K3C=0 K3B=0 K3A=0  shares=0%/0%/0%/0%
[phases] mono=356869.639279 chunks=156 sequence=271.452s read_wait=0.171s bind_upload=1.606s attention_resident=16.802s expert_read_prefetch=159.946s expert_demand_read=95.640s expert_plan=11.738s expert_hint=0.001s expert_submit=0.001s expert_kernel=90.165s source_fence=0.001s tail_head_sync=2.429s layer_other=0.280s expert_read_gross=148.208s plan_hint=11.506s plan_sched=0.228s attn_total=17.968s attn_encode=5.433s attn_wait=9.191s attn_drain=3.344s kernel_total=61.998s kernel_host=2.268s kernel_wait=6.787s kernel_drain=52.943s
[attn-split] single: calls=14229 total=12.589s encode=4.397s wait=4.847s drain=3.344s waits=24633 untimed=4169 | wide: calls=465 total=5.379s encode=1.035s wait=4.344s drain=0.000s waits=460 untimed=460 | hint: calls=14536 total=11.654s encode=0.036s wait=11.618s drain=0.000s waits=14589 untimed=14589
[kernel-split] single: calls=15026 total=54.634s encode=1.468s wait=0.819s drain=52.347s waits=16056 untimed=12657 | wide: calls=1135 total=7.364s encode=0.800s wait=5.968s drain=0.596s waits=1135 untimed=0
[kernel-sub] materialize=0.383s moe=8.094s precommit=52.483s rest=1.037s
[metal-cache] calls=21513 zero_copy_wraps=462 copies=0 cache_entries=198 bindless=true
 **
[stats] generated=161 elapsed=280.398s speed=0.5742 token/s (1.742 s/token) chunks=157 committed_rows=197 verify_tx=4 drafts=4/16 layer_passes=14601 expert_rows=18676 expert_tiles=14926
[verify-width] w1=0 w2=2 w3=0 w4=1 w5=0 w6=0 w7=0 w8+=1              (w1 share 0.0% of 4 transactions)
[opens] expert file opens=639009 total=8.594s mean=0.013ms requested_bytes=6374325746880 (6374.3 GB)
[arrival] tiles=937 waves=2086 uncovered_wait=30.643s dispatch=7.930s
[retain] enabled=false cap_gb=8 layers=63..=92 consults=0 wanted=0 hits=0 inserts=0 served=0.0MB
[summer] enabled=false cap_gb=8 sample=16 consults=0 wanted=0 hits=0 hit_rate=0.0% misses=0 inserts=0 evictions=0 recycled=0 allocs=0 pin_skips=0 gated=0 ramp=2..50 bar=0 suppressed=0 wide_skips=0 served=0.0MB copied=0.0MB ssd_avoided=0.0GB live=0/0.0GB model=0 protected=0 declined=0 topup_suppressed=0 aged=0 into=0/0/0 pending=0
[mirror-split] internal=0 K3C=0 K3B=0 K3A=0  shares=0%/0%/0%/0%
[phases] mono=356871.135237 chunks=157 sequence=272.947s read_wait=0.171s bind_upload=1.606s attention_resident=16.888s expert_read_prefetch=160.999s expert_demand_read=96.233s expert_plan=11.812s expert_hint=0.001s expert_submit=0.001s expert_kernel=90.502s source_fence=0.001s tail_head_sync=2.446s layer_other=0.281s expert_read_gross=149.187s plan_hint=11.579s plan_sched=0.229s attn_total=18.054s attn_encode=5.465s attn_wait=9.220s attn_drain=3.369s kernel_total=62.326s kernel_host=2.277s kernel_wait=6.791s kernel_drain=53.258s
[attn-split] single: calls=14322 total=12.675s encode=4.430s wait=4.876s drain=3.369s waits=24794 untimed=4194 | wide: calls=465 total=5.379s encode=1.035s wait=4.344s drain=0.000s waits=460 untimed=460 | hint: calls=14628 total=11.727s encode=0.036s wait=11.691s drain=0.000s waits=14680 untimed=14680
[kernel-split] single: calls=15124 total=54.962s encode=1.477s wait=0.824s drain=52.662s waits=16161 untimed=12739 | wide: calls=1135 total=7.364s encode=0.800s wait=5.968s drain=0.596s waits=1135 untimed=0
[kernel-sub] materialize=0.383s moe=8.102s precommit=52.800s rest=1.041s
[metal-cache] calls=21611 zero_copy_wraps=462 copies=0 cache_entries=198 bindless=true
Buying
[stats] generated=162 elapsed=281.921s speed=0.5746 token/s (1.740 s/token) chunks=158 committed_rows=198 verify_tx=4 drafts=4/16 layer_passes=14694 expert_rows=18768 expert_tiles=15018
[verify-width] w1=0 w2=2 w3=0 w4=1 w5=0 w6=0 w7=0 w8+=1              (w1 share 0.0% of 4 transactions)
[opens] expert file opens=643023 total=8.645s mean=0.013ms requested_bytes=6409534405824 (6409.5 GB)
[arrival] tiles=938 waves=2094 uncovered_wait=30.652s dispatch=7.939s
[retain] enabled=false cap_gb=8 layers=63..=92 consults=0 wanted=0 hits=0 inserts=0 served=0.0MB
[summer] enabled=false cap_gb=8 sample=16 consults=0 wanted=0 hits=0 hit_rate=0.0% misses=0 inserts=0 evictions=0 recycled=0 allocs=0 pin_skips=0 gated=0 ramp=2..50 bar=0 suppressed=0 wide_skips=0 served=0.0MB copied=0.0MB ssd_avoided=0.0GB live=0/0.0GB model=0 protected=0 declined=0 topup_suppressed=0 aged=0 into=0/0/0 pending=0
[mirror-split] internal=0 K3C=0 K3B=0 K3A=0  shares=0%/0%/0%/0%
[phases] mono=356872.658466 chunks=158 sequence=274.469s read_wait=0.171s bind_upload=1.606s attention_resident=16.961s expert_read_prefetch=162.078s expert_demand_read=96.843s expert_plan=11.888s expert_hint=0.001s expert_submit=0.001s expert_kernel=90.856s source_fence=0.001s tail_head_sync=2.460s layer_other=0.282s expert_read_gross=150.189s plan_hint=11.655s plan_sched=0.230s attn_total=18.127s attn_encode=5.487s attn_wait=9.250s attn_drain=3.390s kernel_total=62.671s kernel_host=2.285s kernel_wait=6.797s kernel_drain=53.589s
[attn-split] single: calls=14415 total=12.747s encode=4.451s wait=4.906s drain=3.390s waits=24955 untimed=4216 | wide: calls=465 total=5.379s encode=1.035s wait=4.344s drain=0.000s waits=460 untimed=460 | hint: calls=14720 total=11.803s encode=0.037s wait=11.766s drain=0.000s waits=14771 untimed=14771
[kernel-split] single: calls=15223 total=55.307s encode=1.485s wait=0.829s drain=52.993s waits=16268 untimed=12824 | wide: calls=1135 total=7.364s encode=0.800s wait=5.968s drain=0.596s waits=1135 untimed=0
[kernel-sub] materialize=0.383s moe=8.110s precommit=53.132s rest=1.045s
[metal-cache] calls=21710 zero_copy_wraps=462 copies=0 cache_entries=198 bindless=true
 securities
[stats] generated=163 elapsed=283.443s speed=0.5751 token/s (1.739 s/token) chunks=159 committed_rows=199 verify_tx=4 drafts=4/16 layer_passes=14787 expert_rows=18860 expert_tiles=15110
[verify-width] w1=0 w2=2 w3=0 w4=1 w5=0 w6=0 w7=0 w8+=1              (w1 share 0.0% of 4 transactions)
[opens] expert file opens=646973 total=8.700s mean=0.013ms requested_bytes=6444155223232 (6444.2 GB)
[arrival] tiles=939 waves=2098 uncovered_wait=30.661s dispatch=7.946s
[retain] enabled=false cap_gb=8 layers=63..=92 consults=0 wanted=0 hits=0 inserts=0 served=0.0MB
[summer] enabled=false cap_gb=8 sample=16 consults=0 wanted=0 hits=0 hit_rate=0.0% misses=0 inserts=0 evictions=0 recycled=0 allocs=0 pin_skips=0 gated=0 ramp=2..50 bar=0 suppressed=0 wide_skips=0 served=0.0MB copied=0.0MB ssd_avoided=0.0GB live=0/0.0GB model=0 protected=0 declined=0 topup_suppressed=0 aged=0 into=0/0/0 pending=0
[mirror-split] internal=0 K3C=0 K3B=0 K3A=0  shares=0%/0%/0%/0%
[phases] mono=356874.180314 chunks=159 sequence=275.989s read_wait=0.171s bind_upload=1.606s attention_resident=17.041s expert_read_prefetch=163.109s expert_demand_read=97.442s expert_plan=11.969s expert_hint=0.001s expert_submit=0.001s expert_kernel=91.250s source_fence=0.001s tail_head_sync=2.474s layer_other=0.284s expert_read_gross=151.139s plan_hint=11.735s plan_sched=0.231s attn_total=18.207s attn_encode=5.514s attn_wait=9.277s attn_drain=3.415s kernel_total=63.056s kernel_host=2.295s kernel_wait=6.801s kernel_drain=53.960s
[attn-split] single: calls=14508 total=12.827s encode=4.479s wait=4.933s drain=3.415s waits=25116 untimed=4235 | wide: calls=465 total=5.379s encode=1.035s wait=4.344s drain=0.000s waits=460 untimed=460 | hint: calls=14812 total=11.882s encode=0.037s wait=11.846s drain=0.000s waits=14862 untimed=14862
[kernel-split] single: calls=15318 total=55.692s encode=1.495s wait=0.833s drain=53.363s waits=16367 untimed=12905 | wide: calls=1135 total=7.364s encode=0.800s wait=5.968s drain=0.596s waits=1135 untimed=0
[kernel-sub] materialize=0.383s moe=8.118s precommit=53.504s rest=1.050s
[metal-cache] calls=21805 zero_copy_wraps=462 copies=0 cache_entries=198 bindless=true
[route-chain] chained=10350
[route-chain] dedup_hits=10350
**
[stats] generated=164 elapsed=284.905s speed=0.5756 token/s (1.737 s/token) chunks=160 committed_rows=200 verify_tx=4 drafts=4/16 layer_passes=14880 expert_rows=18952 expert_tiles=15202
[verify-width] w1=0 w2=2 w3=0 w4=1 w5=0 w6=0 w7=0 w8+=1              (w1 share 0.0% of 4 transactions)
[opens] expert file opens=650893 total=8.750s mean=0.013ms requested_bytes=6478530362560 (6478.5 GB)
[arrival] tiles=940 waves=2104 uncovered_wait=30.669s dispatch=7.957s
[retain] enabled=false cap_gb=8 layers=63..=92 consults=0 wanted=0 hits=0 inserts=0 served=0.0MB
[summer] enabled=false cap_gb=8 sample=16 consults=0 wanted=0 hits=0 hit_rate=0.0% misses=0 inserts=0 evictions=0 recycled=0 allocs=0 pin_skips=0 gated=0 ramp=2..50 bar=0 suppressed=0 wide_skips=0 served=0.0MB copied=0.0MB ssd_avoided=0.0GB live=0/0.0GB model=0 protected=0 declined=0 topup_suppressed=0 aged=0 into=0/0/0 pending=0
[mirror-split] internal=0 K3C=0 K3B=0 K3A=0  shares=0%/0%/0%/0%
[phases] mono=356875.642030 chunks=160 sequence=277.449s read_wait=0.171s bind_upload=1.606s attention_resident=17.113s expert_read_prefetch=164.142s expert_demand_read=98.061s expert_plan=12.053s expert_hint=0.001s expert_submit=0.001s expert_kernel=91.589s source_fence=0.001s tail_head_sync=2.488s layer_other=0.285s expert_read_gross=152.089s plan_hint=11.817s plan_sched=0.232s attn_total=18.279s attn_encode=5.537s attn_wait=9.308s attn_drain=3.433s kernel_total=63.387s kernel_host=2.305s kernel_wait=6.806s kernel_drain=54.275s
[attn-split] single: calls=14601 total=12.900s encode=4.502s wait=4.964s drain=3.433s waits=25277 untimed=4270 | wide: calls=465 total=5.379s encode=1.035s wait=4.344s drain=0.000s waits=460 untimed=460 | hint: calls=14904 total=11.965s encode=0.037s wait=11.928s drain=0.000s waits=14953 untimed=14953
[kernel-split] single: calls=15415 total=56.023s encode=1.505s wait=0.839s drain=53.679s waits=16470 untimed=12985 | wide: calls=1135 total=7.364s encode=0.800s wait=5.968s drain=0.596s waits=1135 untimed=0
[kernel-sub] materialize=0.383s moe=8.128s precommit=53.820s rest=1.055s
[metal-cache] calls=21902 zero_copy_wraps=462 copies=0 cache_entries=198 bindless=true
 inject
[stats] generated=165 elapsed=286.353s speed=0.5762 token/s (1.735 s/token) chunks=161 committed_rows=201 verify_tx=4 drafts=4/16 layer_passes=14973 expert_rows=19044 expert_tiles=15294
[verify-width] w1=0 w2=2 w3=0 w4=1 w5=0 w6=0 w7=0 w8+=1              (w1 share 0.0% of 4 transactions)
[opens] expert file opens=654832 total=8.803s mean=0.013ms requested_bytes=6513037147328 (6513.0 GB)
[arrival] tiles=941 waves=2112 uncovered_wait=30.679s dispatch=7.967s
[retain] enabled=false cap_gb=8 layers=63..=92 consults=0 wanted=0 hits=0 inserts=0 served=0.0MB
[summer] enabled=false cap_gb=8 sample=16 consults=0 wanted=0 hits=0 hit_rate=0.0% misses=0 inserts=0 evictions=0 recycled=0 allocs=0 pin_skips=0 gated=0 ramp=2..50 bar=0 suppressed=0 wide_skips=0 served=0.0MB copied=0.0MB ssd_avoided=0.0GB live=0/0.0GB model=0 protected=0 declined=0 topup_suppressed=0 aged=0 into=0/0/0 pending=0
[mirror-split] internal=0 K3C=0 K3B=0 K3A=0  shares=0%/0%/0%/0%
[phases] mono=356877.090051 chunks=161 sequence=278.896s read_wait=0.171s bind_upload=1.606s attention_resident=17.206s expert_read_prefetch=165.134s expert_demand_read=98.635s expert_plan=12.125s expert_hint=0.001s expert_submit=0.001s expert_kernel=91.933s source_fence=0.001s tail_head_sync=2.506s layer_other=0.287s expert_read_gross=153.008s plan_hint=11.888s plan_sched=0.233s attn_total=18.371s attn_encode=5.573s attn_wait=9.348s attn_drain=3.450s kernel_total=63.721s kernel_host=2.315s kernel_wait=6.811s kernel_drain=54.594s
[attn-split] single: calls=14694 total=12.992s encode=4.538s wait=5.004s drain=3.450s waits=25438 untimed=4296 | wide: calls=465 total=5.379s encode=1.035s wait=4.344s drain=0.000s waits=460 untimed=460 | hint: calls=14996 total=12.036s encode=0.037s wait=11.999s drain=0.000s waits=15044 untimed=15044
[kernel-split] single: calls=15514 total=56.357s encode=1.515s wait=0.844s drain=53.998s waits=16577 untimed=13060 | wide: calls=1135 total=7.364s encode=0.800s wait=5.968s drain=0.596s waits=1135 untimed=0
[kernel-sub] materialize=0.383s moe=8.139s precommit=54.139s rest=1.059s
[metal-cache] calls=22001 zero_copy_wraps=462 copies=0 cache_entries=198 bindless=true
s
[stats] generated=166 elapsed=287.814s speed=0.5768 token/s (1.734 s/token) chunks=162 committed_rows=202 verify_tx=4 drafts=4/16 layer_passes=15066 expert_rows=19136 expert_tiles=15386
[verify-width] w1=0 w2=2 w3=0 w4=1 w5=0 w6=0 w7=0 w8+=1              (w1 share 0.0% of 4 transactions)
[opens] expert file opens=658719 total=8.854s mean=0.013ms requested_bytes=6547131530432 (6547.1 GB)
[arrival] tiles=942 waves=2119 uncovered_wait=30.688s dispatch=7.978s
[retain] enabled=false cap_gb=8 layers=63..=92 consults=0 wanted=0 hits=0 inserts=0 served=0.0MB
[summer] enabled=false cap_gb=8 sample=16 consults=0 wanted=0 hits=0 hit_rate=0.0% misses=0 inserts=0 evictions=0 recycled=0 allocs=0 pin_skips=0 gated=0 ramp=2..50 bar=0 suppressed=0 wide_skips=0 served=0.0MB copied=0.0MB ssd_avoided=0.0GB live=0/0.0GB model=0 protected=0 declined=0 topup_suppressed=0 aged=0 into=0/0/0 pending=0
[mirror-split] internal=0 K3C=0 K3B=0 K3A=0  shares=0%/0%/0%/0%
[phases] mono=356878.551674 chunks=162 sequence=280.356s read_wait=0.171s bind_upload=1.606s attention_resident=17.279s expert_read_prefetch=166.152s expert_demand_read=99.276s expert_plan=12.197s expert_hint=0.001s expert_submit=0.001s expert_kernel=92.283s source_fence=0.001s tail_head_sync=2.523s layer_other=0.288s expert_read_gross=153.955s plan_hint=11.959s plan_sched=0.234s attn_total=18.444s attn_encode=5.595s attn_wait=9.373s attn_drain=3.476s kernel_total=64.062s kernel_host=2.325s kernel_wait=6.817s kernel_drain=54.920s
[attn-split] single: calls=14787 total=13.065s encode=4.560s wait=5.029s drain=3.476s waits=25599 untimed=4327 | wide: calls=465 total=5.379s encode=1.035s wait=4.344s drain=0.000s waits=460 untimed=460 | hint: calls=15088 total=12.107s encode=0.038s wait=12.069s drain=0.000s waits=15135 untimed=15135
[kernel-split] single: calls=15612 total=56.698s encode=1.525s wait=0.849s drain=54.324s waits=16682 untimed=13138 | wide: calls=1135 total=7.364s encode=0.800s wait=5.968s drain=0.596s waits=1135 untimed=0
[kernel-sub] materialize=0.383s moe=8.149s precommit=54.466s rest=1.063s
[metal-cache] calls=22099 zero_copy_wraps=462 copies=0 cache_entries=198 bindless=true
 money
[stats] generated=167 elapsed=289.331s speed=0.5772 token/s (1.733 s/token) chunks=163 committed_rows=203 verify_tx=4 drafts=4/16 layer_passes=15159 expert_rows=19228 expert_tiles=15478
[verify-width] w1=0 w2=2 w3=0 w4=1 w5=0 w6=0 w7=0 w8+=1              (w1 share 0.0% of 4 transactions)
[opens] expert file opens=662763 total=8.906s mean=0.013ms requested_bytes=6582638460096 (6582.6 GB)
[arrival] tiles=943 waves=2126 uncovered_wait=30.699s dispatch=7.986s
[retain] enabled=false cap_gb=8 layers=63..=92 consults=0 wanted=0 hits=0 inserts=0 served=0.0MB
[summer] enabled=false cap_gb=8 sample=16 consults=0 wanted=0 hits=0 hit_rate=0.0% misses=0 inserts=0 evictions=0 recycled=0 allocs=0 pin_skips=0 gated=0 ramp=2..50 bar=0 suppressed=0 wide_skips=0 served=0.0MB copied=0.0MB ssd_avoided=0.0GB live=0/0.0GB model=0 protected=0 declined=0 topup_suppressed=0 aged=0 into=0/0/0 pending=0
[mirror-split] internal=0 K3C=0 K3B=0 K3A=0  shares=0%/0%/0%/0%
[phases] mono=356880.068335 chunks=163 sequence=281.872s read_wait=0.171s bind_upload=1.606s attention_resident=17.353s expert_read_prefetch=167.184s expert_demand_read=99.907s expert_plan=12.282s expert_hint=0.001s expert_submit=0.001s expert_kernel=92.677s source_fence=0.001s tail_head_sync=2.536s layer_other=0.289s expert_read_gross=154.901s plan_hint=12.043s plan_sched=0.235s attn_total=18.518s attn_encode=5.616s attn_wait=9.402s attn_drain=3.500s kernel_total=64.444s kernel_host=2.334s kernel_wait=6.822s kernel_drain=55.288s
[attn-split] single: calls=14880 total=13.139s encode=4.581s wait=5.058s drain=3.500s waits=25760 untimed=4352 | wide: calls=465 total=5.379s encode=1.035s wait=4.344s drain=0.000s waits=460 untimed=460 | hint: calls=15180 total=12.191s encode=0.038s wait=12.153s drain=0.000s waits=15226 untimed=15226
[kernel-split] single: calls=15710 total=57.080s encode=1.534s wait=0.854s drain=54.692s waits=16787 untimed=13221 | wide: calls=1135 total=7.364s encode=0.800s wait=5.968s drain=0.596s waits=1135 untimed=0
[kernel-sub] materialize=0.383s moe=8.158s precommit=54.835s rest=1.068s
[metal-cache] calls=22197 zero_copy_wraps=462 copies=0 cache_entries=198 bindless=true
 into
[stats] generated=168 elapsed=290.837s speed=0.5776 token/s (1.731 s/token) chunks=164 committed_rows=204 verify_tx=4 drafts=4/16 layer_passes=15252 expert_rows=19320 expert_tiles=15570
[verify-width] w1=0 w2=2 w3=0 w4=1 w5=0 w6=0 w7=0 w8+=1              (w1 share 0.0% of 4 transactions)
[opens] expert file opens=666688 total=8.958s mean=0.013ms requested_bytes=6617066257600 (6617.1 GB)
[arrival] tiles=944 waves=2132 uncovered_wait=30.708s dispatch=7.993s
[retain] enabled=false cap_gb=8 layers=63..=92 consults=0 wanted=0 hits=0 inserts=0 served=0.0MB
[summer] enabled=false cap_gb=8 sample=16 consults=0 wanted=0 hits=0 hit_rate=0.0% misses=0 inserts=0 evictions=0 recycled=0 allocs=0 pin_skips=0 gated=0 ramp=2..50 bar=0 suppressed=0 wide_skips=0 served=0.0MB copied=0.0MB ssd_avoided=0.0GB live=0/0.0GB model=0 protected=0 declined=0 topup_suppressed=0 aged=0 into=0/0/0 pending=0
[mirror-split] internal=0 K3C=0 K3B=0 K3A=0  shares=0%/0%/0%/0%
[phases] mono=356881.574332 chunks=164 sequence=283.376s read_wait=0.171s bind_upload=1.606s attention_resident=17.435s expert_read_prefetch=168.222s expert_demand_read=100.508s expert_plan=12.354s expert_hint=0.001s expert_submit=0.001s expert_kernel=93.047s source_fence=0.001s tail_head_sync=2.550s layer_other=0.291s expert_read_gross=155.867s plan_hint=12.114s plan_sched=0.237s attn_total=18.599s attn_encode=5.639s attn_wait=9.446s attn_drain=3.514s kernel_total=64.805s kernel_host=2.342s kernel_wait=6.826s kernel_drain=55.637s
[attn-split] single: calls=14973 total=13.220s encode=4.604s wait=5.102s drain=3.514s waits=25921 untimed=4387 | wide: calls=465 total=5.379s encode=1.035s wait=4.344s drain=0.000s waits=460 untimed=460 | hint: calls=15272 total=12.262s encode=0.038s wait=12.224s drain=0.000s waits=15317 untimed=15317
[kernel-split] single: calls=15807 total=57.441s encode=1.542s wait=0.858s drain=55.040s waits=16890 untimed=13308 | wide: calls=1135 total=7.364s encode=0.800s wait=5.968s drain=0.596s waits=1135 untimed=0
[kernel-sub] materialize=0.383s moe=8.164s precommit=55.185s rest=1.073s
[metal-cache] calls=22294 zero_copy_wraps=462 copies=0 cache_entries=198 bindless=true
 the
[stats] generated=169 elapsed=292.274s speed=0.5782 token/s (1.729 s/token) chunks=165 committed_rows=205 verify_tx=4 drafts=4/16 layer_passes=15345 expert_rows=19412 expert_tiles=15662
[verify-width] w1=0 w2=2 w3=0 w4=1 w5=0 w6=0 w7=0 w8+=1              (w1 share 0.0% of 4 transactions)
[opens] expert file opens=670561 total=9.008s mean=0.013ms requested_bytes=6651072888000 (6651.1 GB)
[arrival] tiles=945 waves=2140 uncovered_wait=30.718s dispatch=8.001s
[retain] enabled=false cap_gb=8 layers=63..=92 consults=0 wanted=0 hits=0 inserts=0 served=0.0MB
[summer] enabled=false cap_gb=8 sample=16 consults=0 wanted=0 hits=0 hit_rate=0.0% misses=0 inserts=0 evictions=0 recycled=0 allocs=0 pin_skips=0 gated=0 ramp=2..50 bar=0 suppressed=0 wide_skips=0 served=0.0MB copied=0.0MB ssd_avoided=0.0GB live=0/0.0GB model=0 protected=0 declined=0 topup_suppressed=0 aged=0 into=0/0/0 pending=0
[mirror-split] internal=0 K3C=0 K3B=0 K3A=0  shares=0%/0%/0%/0%
[phases] mono=356883.010869 chunks=165 sequence=284.812s read_wait=0.171s bind_upload=1.606s attention_resident=17.518s expert_read_prefetch=169.221s expert_demand_read=101.120s expert_plan=12.435s expert_hint=0.001s expert_submit=0.001s expert_kernel=93.384s source_fence=0.001s tail_head_sync=2.564s layer_other=0.292s expert_read_gross=156.785s plan_hint=12.194s plan_sched=0.238s attn_total=18.683s attn_encode=5.677s attn_wait=9.470s attn_drain=3.536s kernel_total=65.132s kernel_host=2.351s kernel_wait=6.830s kernel_drain=55.950s
[attn-split] single: calls=15066 total=13.304s encode=4.642s wait=5.126s drain=3.536s waits=26082 untimed=4418 | wide: calls=465 total=5.379s encode=1.035s wait=4.344s drain=0.000s waits=460 untimed=460 | hint: calls=15364 total=12.342s encode=0.038s wait=12.304s drain=0.000s waits=15408 untimed=15408
[kernel-split] single: calls=15906 total=57.767s encode=1.551s wait=0.862s drain=55.354s waits=16997 untimed=13391 | wide: calls=1135 total=7.364s encode=0.800s wait=5.968s drain=0.596s waits=1135 untimed=0
[kernel-sub] materialize=0.383s moe=8.172s precommit=55.500s rest=1.077s
[metal-cache] calls=22393 zero_copy_wraps=462 copies=0 cache_entries=198 bindless=true
 banking
[stats] generated=170 elapsed=293.811s speed=0.5786 token/s (1.728 s/token) chunks=166 committed_rows=206 verify_tx=4 drafts=4/16 layer_passes=15438 expert_rows=19504 expert_tiles=15754
[verify-width] w1=0 w2=2 w3=0 w4=1 w5=0 w6=0 w7=0 w8+=1              (w1 share 0.0% of 4 transactions)
[opens] expert file opens=674719 total=9.062s mean=0.013ms requested_bytes=6687501089984 (6687.5 GB)
[arrival] tiles=946 waves=2147 uncovered_wait=30.729s dispatch=8.009s
[retain] enabled=false cap_gb=8 layers=63..=92 consults=0 wanted=0 hits=0 inserts=0 served=0.0MB
[summer] enabled=false cap_gb=8 sample=16 consults=0 wanted=0 hits=0 hit_rate=0.0% misses=0 inserts=0 evictions=0 recycled=0 allocs=0 pin_skips=0 gated=0 ramp=2..50 bar=0 suppressed=0 wide_skips=0 served=0.0MB copied=0.0MB ssd_avoided=0.0GB live=0/0.0GB model=0 protected=0 declined=0 topup_suppressed=0 aged=0 into=0/0/0 pending=0
[mirror-split] internal=0 K3C=0 K3B=0 K3A=0  shares=0%/0%/0%/0%
[phases] mono=356884.548433 chunks=166 sequence=286.348s read_wait=0.171s bind_upload=1.606s attention_resident=17.597s expert_read_prefetch=170.308s expert_demand_read=101.782s expert_plan=12.501s expert_hint=0.001s expert_submit=0.001s expert_kernel=93.740s source_fence=0.001s tail_head_sync=2.577s layer_other=0.294s expert_read_gross=157.806s plan_hint=12.258s plan_sched=0.239s attn_total=18.761s attn_encode=5.700s attn_wait=9.503s attn_drain=3.558s kernel_total=65.477s kernel_host=2.360s kernel_wait=6.834s kernel_drain=56.282s
[attn-split] single: calls=15159 total=13.382s encode=4.665s wait=5.159s drain=3.558s waits=26243 untimed=4443 | wide: calls=465 total=5.379s encode=1.035s wait=4.344s drain=0.000s waits=460 untimed=460 | hint: calls=15456 total=12.406s encode=0.038s wait=12.368s drain=0.000s waits=15499 untimed=15499
[kernel-split] single: calls=16004 total=58.113s encode=1.560s wait=0.867s drain=55.686s waits=17102 untimed=13475 | wide: calls=1135 total=7.364s encode=0.800s wait=5.968s drain=0.596s waits=1135 untimed=0
[kernel-sub] materialize=0.383s moe=8.180s precommit=55.832s rest=1.082s
[metal-cache] calls=22491 zero_copy_wraps=462 copies=0 cache_entries=198 bindless=true
 system
[stats] generated=171 elapsed=295.281s speed=0.5791 token/s (1.727 s/token) chunks=167 committed_rows=207 verify_tx=4 drafts=4/16 layer_passes=15531 expert_rows=19596 expert_tiles=15846
[verify-width] w1=0 w2=2 w3=0 w4=1 w5=0 w6=0 w7=0 w8+=1              (w1 share 0.0% of 4 transactions)
[opens] expert file opens=678694 total=9.115s mean=0.013ms requested_bytes=6722323709120 (6722.3 GB)
[arrival] tiles=947 waves=2154 uncovered_wait=30.741s dispatch=8.018s
[retain] enabled=false cap_gb=8 layers=63..=92 consults=0 wanted=0 hits=0 inserts=0 served=0.0MB
[summer] enabled=false cap_gb=8 sample=16 consults=0 wanted=0 hits=0 hit_rate=0.0% misses=0 inserts=0 evictions=0 recycled=0 allocs=0 pin_skips=0 gated=0 ramp=2..50 bar=0 suppressed=0 wide_skips=0 served=0.0MB copied=0.0MB ssd_avoided=0.0GB live=0/0.0GB model=0 protected=0 declined=0 topup_suppressed=0 aged=0 into=0/0/0 pending=0
[mirror-split] internal=0 K3C=0 K3B=0 K3A=0  shares=0%/0%/0%/0%
[phases] mono=356886.018659 chunks=167 sequence=287.817s read_wait=0.171s bind_upload=1.606s attention_resident=17.683s expert_read_prefetch=171.334s expert_demand_read=102.373s expert_plan=12.573s expert_hint=0.001s expert_submit=0.001s expert_kernel=94.080s source_fence=0.001s tail_head_sync=2.593s layer_other=0.295s expert_read_gross=158.760s plan_hint=12.330s plan_sched=0.240s attn_total=18.847s attn_encode=5.727s attn_wait=9.529s attn_drain=3.591s kernel_total=65.803s kernel_host=2.369s kernel_wait=6.840s kernel_drain=56.594s
[attn-split] single: calls=15252 total=13.468s encode=4.691s wait=5.185s drain=3.591s waits=26404 untimed=4471 | wide: calls=465 total=5.379s encode=1.035s wait=4.344s drain=0.000s waits=460 untimed=460 | hint: calls=15548 total=12.478s encode=0.039s wait=12.439s drain=0.000s waits=15590 untimed=15590
[kernel-split] single: calls=16102 total=58.439s encode=1.569s wait=0.872s drain=55.998s waits=17207 untimed=13560 | wide: calls=1135 total=7.364s encode=0.800s wait=5.968s drain=0.596s waits=1135 untimed=0
[kernel-sub] materialize=0.383s moe=8.189s precommit=56.146s rest=1.086s
[metal-cache] calls=22589 zero_copy_wraps=462 copies=0 cache_entries=198 bindless=true
,
[stats] generated=172 elapsed=296.739s speed=0.5796 token/s (1.725 s/token) chunks=168 committed_rows=208 verify_tx=4 drafts=4/16 layer_passes=15624 expert_rows=19688 expert_tiles=15938
[verify-width] w1=0 w2=2 w3=0 w4=1 w5=0 w6=0 w7=0 w8+=1              (w1 share 0.0% of 4 transactions)
[opens] expert file opens=682585 total=9.165s mean=0.013ms requested_bytes=6756444437696 (6756.4 GB)
[arrival] tiles=948 waves=2162 uncovered_wait=30.751s dispatch=8.028s
[retain] enabled=false cap_gb=8 layers=63..=92 consults=0 wanted=0 hits=0 inserts=0 served=0.0MB
[summer] enabled=false cap_gb=8 sample=16 consults=0 wanted=0 hits=0 hit_rate=0.0% misses=0 inserts=0 evictions=0 recycled=0 allocs=0 pin_skips=0 gated=0 ramp=2..50 bar=0 suppressed=0 wide_skips=0 served=0.0MB copied=0.0MB ssd_avoided=0.0GB live=0/0.0GB model=0 protected=0 declined=0 topup_suppressed=0 aged=0 into=0/0/0 pending=0
[mirror-split] internal=0 K3C=0 K3B=0 K3A=0  shares=0%/0%/0%/0%
[phases] mono=356887.475954 chunks=168 sequence=289.273s read_wait=0.171s bind_upload=1.606s attention_resident=17.769s expert_read_prefetch=172.311s expert_demand_read=102.959s expert_plan=12.647s expert_hint=0.001s expert_submit=0.001s expert_kernel=94.454s source_fence=0.001s tail_head_sync=2.610s layer_other=0.296s expert_read_gross=159.662s plan_hint=12.403s plan_sched=0.241s attn_total=18.933s attn_encode=5.749s attn_wait=9.579s attn_drain=3.605s kernel_total=66.169s kernel_host=2.378s kernel_wait=6.846s kernel_drain=56.944s
[attn-split] single: calls=15345 total=13.554s encode=4.714s wait=5.235s drain=3.605s waits=26565 untimed=4498 | wide: calls=465 total=5.379s encode=1.035s wait=4.344s drain=0.000s waits=460 untimed=460 | hint: calls=15640 total=12.551s encode=0.039s wait=12.512s drain=0.000s waits=15681 untimed=15681
[kernel-split] single: calls=16201 total=58.804s encode=1.578s wait=0.879s drain=56.348s waits=17314 untimed=13642 | wide: calls=1135 total=7.364s encode=0.800s wait=5.968s drain=0.596s waits=1135 untimed=0
[kernel-sub] materialize=0.383s moe=8.198s precommit=56.497s rest=1.090s
[metal-cache] calls=22688 zero_copy_wraps=462 copies=0 cache_entries=198 bindless=true
 lowering
[stats] generated=173 elapsed=298.246s speed=0.5801 token/s (1.724 s/token) chunks=169 committed_rows=209 verify_tx=4 drafts=4/16 layer_passes=15717 expert_rows=19780 expert_tiles=16030
[verify-width] w1=0 w2=2 w3=0 w4=1 w5=0 w6=0 w7=0 w8+=1              (w1 share 0.0% of 4 transactions)
[opens] expert file opens=686564 total=9.226s mean=0.013ms requested_bytes=6791319698624 (6791.3 GB)
[arrival] tiles=949 waves=2168 uncovered_wait=30.760s dispatch=8.035s
[retain] enabled=false cap_gb=8 layers=63..=92 consults=0 wanted=0 hits=0 inserts=0 served=0.0MB
[summer] enabled=false cap_gb=8 sample=16 consults=0 wanted=0 hits=0 hit_rate=0.0% misses=0 inserts=0 evictions=0 recycled=0 allocs=0 pin_skips=0 gated=0 ramp=2..50 bar=0 suppressed=0 wide_skips=0 served=0.0MB copied=0.0MB ssd_avoided=0.0GB live=0/0.0GB model=0 protected=0 declined=0 topup_suppressed=0 aged=0 into=0/0/0 pending=0
[mirror-split] internal=0 K3C=0 K3B=0 K3A=0  shares=0%/0%/0%/0%
[phases] mono=356888.983296 chunks=169 sequence=290.779s read_wait=0.171s bind_upload=1.606s attention_resident=17.863s expert_read_prefetch=173.334s expert_demand_read=103.566s expert_plan=12.725s expert_hint=0.001s expert_submit=0.001s expert_kernel=94.825s source_fence=0.001s tail_head_sync=2.626s layer_other=0.298s expert_read_gross=160.608s plan_hint=12.479s plan_sched=0.242s attn_total=19.027s attn_encode=5.793s attn_wait=9.611s attn_drain=3.623s kernel_total=66.529s kernel_host=2.388s kernel_wait=6.850s kernel_drain=57.291s
[attn-split] single: calls=15438 total=13.648s encode=4.758s wait=5.267s drain=3.623s waits=26726 untimed=4530 | wide: calls=465 total=5.379s encode=1.035s wait=4.344s drain=0.000s waits=460 untimed=460 | hint: calls=15732 total=12.627s encode=0.039s wait=12.588s drain=0.000s waits=15772 untimed=15772
[kernel-split] single: calls=16298 total=59.165s encode=1.588s wait=0.883s drain=56.695s waits=17417 untimed=13727 | wide: calls=1135 total=7.364s encode=0.800s wait=5.968s drain=0.596s waits=1135 untimed=0
[kernel-sub] materialize=0.383s moe=8.206s precommit=56.845s rest=1.095s
[metal-cache] calls=22785 zero_copy_wraps=462 copies=0 cache_entries=198 bindless=true
 interest
[stats] generated=174 elapsed=299.769s speed=0.5804 token/s (1.723 s/token) chunks=170 committed_rows=210 verify_tx=4 drafts=4/16 layer_passes=15810 expert_rows=19872 expert_tiles=16122
[verify-width] w1=0 w2=2 w3=0 w4=1 w5=0 w6=0 w7=0 w8+=1              (w1 share 0.0% of 4 transactions)
[opens] expert file opens=690449 total=9.280s mean=0.013ms requested_bytes=6825414065344 (6825.4 GB)
[arrival] tiles=950 waves=2175 uncovered_wait=30.773s dispatch=8.044s
[retain] enabled=false cap_gb=8 layers=63..=92 consults=0 wanted=0 hits=0 inserts=0 served=0.0MB
[summer] enabled=false cap_gb=8 sample=16 consults=0 wanted=0 hits=0 hit_rate=0.0% misses=0 inserts=0 evictions=0 recycled=0 allocs=0 pin_skips=0 gated=0 ramp=2..50 bar=0 suppressed=0 wide_skips=0 served=0.0MB copied=0.0MB ssd_avoided=0.0GB live=0/0.0GB model=0 protected=0 declined=0 topup_suppressed=0 aged=0 into=0/0/0 pending=0
[mirror-split] internal=0 K3C=0 K3B=0 K3A=0  shares=0%/0%/0%/0%
[phases] mono=356890.506765 chunks=170 sequence=292.301s read_wait=0.171s bind_upload=1.606s attention_resident=17.945s expert_read_prefetch=174.371s expert_demand_read=104.177s expert_plan=12.794s expert_hint=0.001s expert_submit=0.001s expert_kernel=95.209s source_fence=0.001s tail_head_sync=2.644s layer_other=0.300s expert_read_gross=161.576s plan_hint=12.548s plan_sched=0.243s attn_total=19.108s attn_encode=5.815s attn_wait=9.654s attn_drain=3.639s kernel_total=66.901s kernel_host=2.398s kernel_wait=6.856s kernel_drain=57.648s
[attn-split] single: calls=15531 total=13.729s encode=4.780s wait=5.310s drain=3.639s waits=26887 untimed=4564 | wide: calls=465 total=5.379s encode=1.035s wait=4.344s drain=0.000s waits=460 untimed=460 | hint: calls=15824 total=12.695s encode=0.039s wait=12.656s drain=0.000s waits=15863 untimed=15863
[kernel-split] single: calls=16396 total=59.537s encode=1.598s wait=0.888s drain=57.052s waits=17522 untimed=13819 | wide: calls=1135 total=7.364s encode=0.800s wait=5.968s drain=0.596s waits=1135 untimed=0
[kernel-sub] materialize=0.383s moe=8.214s precommit=57.204s rest=1.100s
[metal-cache] calls=22883 zero_copy_wraps=462 copies=0 cache_entries=198 bindless=true
[route-chain] chained=11040
[route-chain] dedup_hits=11040
 rates
[stats] generated=175 elapsed=301.276s speed=0.5809 token/s (1.722 s/token) chunks=171 committed_rows=211 verify_tx=4 drafts=4/16 layer_passes=15903 expert_rows=19964 expert_tiles=16214
[verify-width] w1=0 w2=2 w3=0 w4=1 w5=0 w6=0 w7=0 w8+=1              (w1 share 0.0% of 4 transactions)
[opens] expert file opens=694442 total=9.334s mean=0.013ms requested_bytes=6860429704384 (6860.4 GB)
[arrival] tiles=951 waves=2183 uncovered_wait=30.785s dispatch=8.054s
[retain] enabled=false cap_gb=8 layers=63..=92 consults=0 wanted=0 hits=0 inserts=0 served=0.0MB
[summer] enabled=false cap_gb=8 sample=16 consults=0 wanted=0 hits=0 hit_rate=0.0% misses=0 inserts=0 evictions=0 recycled=0 allocs=0 pin_skips=0 gated=0 ramp=2..50 bar=0 suppressed=0 wide_skips=0 served=0.0MB copied=0.0MB ssd_avoided=0.0GB live=0/0.0GB model=0 protected=0 declined=0 topup_suppressed=0 aged=0 into=0/0/0 pending=0
[mirror-split] internal=0 K3C=0 K3B=0 K3A=0  shares=0%/0%/0%/0%
[phases] mono=356892.013001 chunks=171 sequence=293.806s read_wait=0.171s bind_upload=1.606s attention_resident=18.022s expert_read_prefetch=175.433s expert_demand_read=104.798s expert_plan=12.868s expert_hint=0.001s expert_submit=0.001s expert_kernel=95.559s source_fence=0.001s tail_head_sync=2.658s layer_other=0.301s expert_read_gross=162.564s plan_hint=12.621s plan_sched=0.244s attn_total=19.185s attn_encode=5.836s attn_wait=9.693s attn_drain=3.657s kernel_total=67.238s kernel_host=2.406s kernel_wait=6.862s kernel_drain=57.970s
[attn-split] single: calls=15624 total=13.806s encode=4.801s wait=5.349s drain=3.657s waits=27048 untimed=4604 | wide: calls=465 total=5.379s encode=1.035s wait=4.344s drain=0.000s waits=460 untimed=460 | hint: calls=15916 total=12.768s encode=0.040s wait=12.729s drain=0.000s waits=15954 untimed=15954
[kernel-split] single: calls=16495 total=59.874s encode=1.606s wait=0.894s drain=57.374s waits=17629 untimed=13909 | wide: calls=1135 total=7.364s encode=0.800s wait=5.968s drain=0.596s waits=1135 untimed=0
[kernel-sub] materialize=0.383s moe=8.224s precommit=57.527s rest=1.104s
[metal-cache] calls=22982 zero_copy_wraps=462 copies=0 cache_entries=198 bindless=true
.
[stats] generated=176 elapsed=302.816s speed=0.5812 token/s (1.721 s/token) chunks=172 committed_rows=212 verify_tx=4 drafts=4/16 layer_passes=15996 expert_rows=20056 expert_tiles=16306
[verify-width] w1=0 w2=2 w3=0 w4=1 w5=0 w6=0 w7=0 w8+=1              (w1 share 0.0% of 4 transactions)
[opens] expert file opens=698468 total=9.387s mean=0.013ms requested_bytes=6895743630528 (6895.7 GB)
[arrival] tiles=952 waves=2191 uncovered_wait=30.795s dispatch=8.064s
[retain] enabled=false cap_gb=8 layers=63..=92 consults=0 wanted=0 hits=0 inserts=0 served=0.0MB
[summer] enabled=false cap_gb=8 sample=16 consults=0 wanted=0 hits=0 hit_rate=0.0% misses=0 inserts=0 evictions=0 recycled=0 allocs=0 pin_skips=0 gated=0 ramp=2..50 bar=0 suppressed=0 wide_skips=0 served=0.0MB copied=0.0MB ssd_avoided=0.0GB live=0/0.0GB model=0 protected=0 declined=0 topup_suppressed=0 aged=0 into=0/0/0 pending=0
[mirror-split] internal=0 K3C=0 K3B=0 K3A=0  shares=0%/0%/0%/0%
[phases] mono=356893.553373 chunks=172 sequence=295.344s read_wait=0.171s bind_upload=1.606s attention_resident=18.101s expert_read_prefetch=176.490s expert_demand_read=105.416s expert_plan=12.954s expert_hint=0.001s expert_submit=0.001s expert_kernel=95.943s source_fence=0.001s tail_head_sync=2.676s layer_other=0.302s expert_read_gross=163.536s plan_hint=12.705s plan_sched=0.245s attn_total=19.264s attn_encode=5.862s attn_wait=9.723s attn_drain=3.679s kernel_total=67.612s kernel_host=2.415s kernel_wait=6.867s kernel_drain=58.330s
[attn-split] single: calls=15717 total=13.885s encode=4.827s wait=5.379s drain=3.679s waits=27209 untimed=4628 | wide: calls=465 total=5.379s encode=1.035s wait=4.344s drain=0.000s waits=460 untimed=460 | hint: calls=16008 total=12.853s encode=0.040s wait=12.813s drain=0.000s waits=16045 untimed=16045
[kernel-split] single: calls=16594 total=60.248s encode=1.615s wait=0.899s drain=57.733s waits=17736 untimed=13986 | wide: calls=1135 total=7.364s encode=0.800s wait=5.968s drain=0.596s waits=1135 untimed=0
[kernel-sub] materialize=0.383s moe=8.234s precommit=57.886s rest=1.109s
[metal-cache] calls=23081 zero_copy_wraps=462 copies=0 cache_entries=198 bindless=true
  

[stats] generated=177 elapsed=304.416s speed=0.5814 token/s (1.720 s/token) chunks=173 committed_rows=213 verify_tx=4 drafts=4/16 layer_passes=16089 expert_rows=20148 expert_tiles=16398
[verify-width] w1=0 w2=2 w3=0 w4=1 w5=0 w6=0 w7=0 w8+=1              (w1 share 0.0% of 4 transactions)
[opens] expert file opens=702782 total=9.447s mean=0.013ms requested_bytes=6933540535488 (6933.5 GB)
[arrival] tiles=953 waves=2195 uncovered_wait=30.806s dispatch=8.071s
[retain] enabled=false cap_gb=8 layers=63..=92 consults=0 wanted=0 hits=0 inserts=0 served=0.0MB
[summer] enabled=false cap_gb=8 sample=16 consults=0 wanted=0 hits=0 hit_rate=0.0% misses=0 inserts=0 evictions=0 recycled=0 allocs=0 pin_skips=0 gated=0 ramp=2..50 bar=0 suppressed=0 wide_skips=0 served=0.0MB copied=0.0MB ssd_avoided=0.0GB live=0/0.0GB model=0 protected=0 declined=0 topup_suppressed=0 aged=0 into=0/0/0 pending=0
[mirror-split] internal=0 K3C=0 K3B=0 K3A=0  shares=0%/0%/0%/0%
[phases] mono=356895.152873 chunks=173 sequence=296.943s read_wait=0.171s bind_upload=1.606s attention_resident=18.194s expert_read_prefetch=177.593s expert_demand_read=106.058s expert_plan=13.036s expert_hint=0.001s expert_submit=0.001s expert_kernel=96.329s source_fence=0.001s tail_head_sync=2.688s layer_other=0.304s expert_read_gross=164.557s plan_hint=12.787s plan_sched=0.246s attn_total=19.357s attn_encode=5.902s attn_wait=9.749s attn_drain=3.707s kernel_total=67.988s kernel_host=2.424s kernel_wait=6.871s kernel_drain=58.692s
[attn-split] single: calls=15810 total=13.978s encode=4.867s wait=5.405s drain=3.707s waits=27370 untimed=4647 | wide: calls=465 total=5.379s encode=1.035s wait=4.344s drain=0.000s waits=460 untimed=460 | hint: calls=16100 total=12.934s encode=0.040s wait=12.894s drain=0.000s waits=16136 untimed=16136
[kernel-split] single: calls=16689 total=60.624s encode=1.625s wait=0.903s drain=58.096s waits=17835 untimed=14065 | wide: calls=1135 total=7.364s encode=0.800s wait=5.968s drain=0.596s waits=1135 untimed=0
[kernel-sub] materialize=0.383s moe=8.241s precommit=58.250s rest=1.114s
[metal-cache] calls=23176 zero_copy_wraps=462 copies=0 cache_entries=198 bindless=true
  
[stats] generated=178 elapsed=306.015s speed=0.5817 token/s (1.719 s/token) chunks=174 committed_rows=214 verify_tx=4 drafts=4/16 layer_passes=16182 expert_rows=20240 expert_tiles=16490
[verify-width] w1=0 w2=2 w3=0 w4=1 w5=0 w6=0 w7=0 w8+=1              (w1 share 0.0% of 4 transactions)
[opens] expert file opens=706972 total=9.504s mean=0.013ms requested_bytes=6970284588224 (6970.3 GB)
[arrival] tiles=954 waves=2200 uncovered_wait=30.815s dispatch=8.078s
[retain] enabled=false cap_gb=8 layers=63..=92 consults=0 wanted=0 hits=0 inserts=0 served=0.0MB
[summer] enabled=false cap_gb=8 sample=16 consults=0 wanted=0 hits=0 hit_rate=0.0% misses=0 inserts=0 evictions=0 recycled=0 allocs=0 pin_skips=0 gated=0 ramp=2..50 bar=0 suppressed=0 wide_skips=0 served=0.0MB copied=0.0MB ssd_avoided=0.0GB live=0/0.0GB model=0 protected=0 declined=0 topup_suppressed=0 aged=0 into=0/0/0 pending=0
[mirror-split] internal=0 K3C=0 K3B=0 K3A=0  shares=0%/0%/0%/0%
[phases] mono=356896.752374 chunks=174 sequence=298.541s read_wait=0.171s bind_upload=1.606s attention_resident=18.265s expert_read_prefetch=178.743s expert_demand_read=106.737s expert_plan=13.122s expert_hint=0.001s expert_submit=0.001s expert_kernel=96.688s source_fence=0.001s tail_head_sync=2.705s layer_other=0.306s expert_read_gross=165.619s plan_hint=12.872s plan_sched=0.247s attn_total=19.428s attn_encode=5.922s attn_wait=9.774s attn_drain=3.732s kernel_total=68.337s kernel_host=2.433s kernel_wait=6.876s kernel_drain=59.028s
[attn-split] single: calls=15903 total=14.049s encode=4.887s wait=5.430s drain=3.732s waits=27531 untimed=4672 | wide: calls=465 total=5.379s encode=1.035s wait=4.344s drain=0.000s waits=460 untimed=460 | hint: calls=16192 total=13.019s encode=0.040s wait=12.979s drain=0.000s waits=16227 untimed=16227
[kernel-split] single: calls=16785 total=60.973s encode=1.633s wait=0.908s drain=58.432s waits=17936 untimed=14144 | wide: calls=1135 total=7.364s encode=0.800s wait=5.968s drain=0.596s waits=1135 untimed=0
[kernel-sub] materialize=0.383s moe=8.248s precommit=58.587s rest=1.118s
[metal-cache] calls=23272 zero_copy_wraps=462 copies=0 cache_entries=198 bindless=true
 -
[stats] generated=179 elapsed=307.623s speed=0.5819 token/s (1.719 s/token) chunks=175 committed_rows=215 verify_tx=4 drafts=4/16 layer_passes=16275 expert_rows=20332 expert_tiles=16582
[verify-width] w1=0 w2=2 w3=0 w4=1 w5=0 w6=0 w7=0 w8+=1              (w1 share 0.0% of 4 transactions)
[opens] expert file opens=711259 total=9.561s mean=0.013ms requested_bytes=7007835831488 (7007.8 GB)
[arrival] tiles=955 waves=2206 uncovered_wait=30.823s dispatch=8.092s
[retain] enabled=false cap_gb=8 layers=63..=92 consults=0 wanted=0 hits=0 inserts=0 served=0.0MB
[summer] enabled=false cap_gb=8 sample=16 consults=0 wanted=0 hits=0 hit_rate=0.0% misses=0 inserts=0 evictions=0 recycled=0 allocs=0 pin_skips=0 gated=0 ramp=2..50 bar=0 suppressed=0 wide_skips=0 served=0.0MB copied=0.0MB ssd_avoided=0.0GB live=0/0.0GB model=0 protected=0 declined=0 topup_suppressed=0 aged=0 into=0/0/0 pending=0
[mirror-split] internal=0 K3C=0 K3B=0 K3A=0  shares=0%/0%/0%/0%
[phases] mono=356898.360067 chunks=175 sequence=300.147s read_wait=0.171s bind_upload=1.606s attention_resident=18.343s expert_read_prefetch=179.908s expert_demand_read=107.391s expert_plan=13.196s expert_hint=0.001s expert_submit=0.001s expert_kernel=97.036s source_fence=0.001s tail_head_sync=2.719s layer_other=0.308s expert_read_gross=166.711s plan_hint=12.945s plan_sched=0.248s attn_total=19.506s attn_encode=5.945s attn_wait=9.811s attn_drain=3.750s kernel_total=68.677s kernel_host=2.443s kernel_wait=6.883s kernel_drain=59.350s
[attn-split] single: calls=15996 total=14.127s encode=4.910s wait=5.467s drain=3.750s waits=27692 untimed=4698 | wide: calls=465 total=5.379s encode=1.035s wait=4.344s drain=0.000s waits=460 untimed=460 | hint: calls=16284 total=13.092s encode=0.040s wait=13.052s drain=0.000s waits=16318 untimed=16318
[kernel-split] single: calls=16882 total=61.313s encode=1.643s wait=0.916s drain=58.754s waits=18039 untimed=14228 | wide: calls=1135 total=7.364s encode=0.800s wait=5.968s drain=0.596s waits=1135 untimed=0
[kernel-sub] materialize=0.383s moe=8.262s precommit=58.909s rest=1.122s
[metal-cache] calls=23369 zero_copy_wraps=462 copies=0 cache_entries=198 bindless=true
 **
[stats] generated=180 elapsed=309.190s speed=0.5822 token/s (1.718 s/token) chunks=176 committed_rows=216 verify_tx=4 drafts=4/16 layer_passes=16368 expert_rows=20424 expert_tiles=16674
[verify-width] w1=0 w2=2 w3=0 w4=1 w5=0 w6=0 w7=0 w8+=1              (w1 share 0.0% of 4 transactions)
[opens] expert file opens=715404 total=9.619s mean=0.013ms requested_bytes=7044176280768 (7044.2 GB)
[arrival] tiles=956 waves=2212 uncovered_wait=30.834s dispatch=8.103s
[retain] enabled=false cap_gb=8 layers=63..=92 consults=0 wanted=0 hits=0 inserts=0 served=0.0MB
[summer] enabled=false cap_gb=8 sample=16 consults=0 wanted=0 hits=0 hit_rate=0.0% misses=0 inserts=0 evictions=0 recycled=0 allocs=0 pin_skips=0 gated=0 ramp=2..50 bar=0 suppressed=0 wide_skips=0 served=0.0MB copied=0.0MB ssd_avoided=0.0GB live=0/0.0GB model=0 protected=0 declined=0 topup_suppressed=0 aged=0 into=0/0/0 pending=0
[mirror-split] internal=0 K3C=0 K3B=0 K3A=0  shares=0%/0%/0%/0%
[phases] mono=356899.927289 chunks=176 sequence=301.713s read_wait=0.171s bind_upload=1.606s attention_resident=18.428s expert_read_prefetch=180.975s expert_demand_read=107.968s expert_plan=13.275s expert_hint=0.001s expert_submit=0.001s expert_kernel=97.431s source_fence=0.001s tail_head_sync=2.737s layer_other=0.309s expert_read_gross=167.699s plan_hint=13.023s plan_sched=0.249s attn_total=19.591s attn_encode=5.974s attn_wait=9.848s attn_drain=3.769s kernel_total=69.061s kernel_host=2.453s kernel_wait=6.889s kernel_drain=59.718s
[attn-split] single: calls=16089 total=14.211s encode=4.939s wait=5.504s drain=3.769s waits=27853 untimed=4722 | wide: calls=465 total=5.379s encode=1.035s wait=4.344s drain=0.000s waits=460 untimed=460 | hint: calls=16376 total=13.170s encode=0.041s wait=13.129s drain=0.000s waits=16409 untimed=16409
[kernel-split] single: calls=16979 total=61.696s encode=1.653s wait=0.922s drain=59.122s waits=18142 untimed=14311 | wide: calls=1135 total=7.364s encode=0.800s wait=5.968s drain=0.596s waits=1135 untimed=0
[kernel-sub] materialize=0.383s moe=8.273s precommit=59.277s rest=1.127s
[metal-cache] calls=23466 zero_copy_wraps=462 copies=0 cache_entries=198 bindless=true
Selling
[stats] generated=181 elapsed=310.764s speed=0.5824 token/s (1.717 s/token) chunks=177 committed_rows=217 verify_tx=4 drafts=4/16 layer_passes=16461 expert_rows=20516 expert_tiles=16766
[verify-width] w1=0 w2=2 w3=0 w4=1 w5=0 w6=0 w7=0 w8+=1              (w1 share 0.0% of 4 transactions)
[opens] expert file opens=719486 total=9.675s mean=0.013ms requested_bytes=7080007859392 (7080.0 GB)
[arrival] tiles=957 waves=2220 uncovered_wait=30.849s dispatch=8.112s
[retain] enabled=false cap_gb=8 layers=63..=92 consults=0 wanted=0 hits=0 inserts=0 served=0.0MB
[summer] enabled=false cap_gb=8 sample=16 consults=0 wanted=0 hits=0 hit_rate=0.0% misses=0 inserts=0 evictions=0 recycled=0 allocs=0 pin_skips=0 gated=0 ramp=2..50 bar=0 suppressed=0 wide_skips=0 served=0.0MB copied=0.0MB ssd_avoided=0.0GB live=0/0.0GB model=0 protected=0 declined=0 topup_suppressed=0 aged=0 into=0/0/0 pending=0
[mirror-split] internal=0 K3C=0 K3B=0 K3A=0  shares=0%/0%/0%/0%
[phases] mono=356901.501331 chunks=177 sequence=303.285s read_wait=0.171s bind_upload=1.606s attention_resident=18.508s expert_read_prefetch=182.079s expert_demand_read=108.620s expert_plan=13.351s expert_hint=0.001s expert_submit=0.001s expert_kernel=97.800s source_fence=0.001s tail_head_sync=2.754s layer_other=0.311s expert_read_gross=168.727s plan_hint=13.098s plan_sched=0.250s attn_total=19.671s attn_encode=6.005s attn_wait=9.881s attn_drain=3.785s kernel_total=69.414s kernel_host=2.462s kernel_wait=6.895s kernel_drain=60.058s
[attn-split] single: calls=16182 total=14.292s encode=4.970s wait=5.537s drain=3.785s waits=28014 untimed=4750 | wide: calls=465 total=5.379s encode=1.035s wait=4.344s drain=0.000s waits=460 untimed=460 | hint: calls=16468 total=13.245s encode=0.041s wait=13.204s drain=0.000s waits=16500 untimed=16500
[kernel-split] single: calls=17078 total=62.050s encode=1.662s wait=0.927s drain=59.461s waits=18249 untimed=14395 | wide: calls=1135 total=7.364s encode=0.800s wait=5.968s drain=0.596s waits=1135 untimed=0
[kernel-sub] materialize=0.383s moe=8.281s precommit=59.618s rest=1.132s
[metal-cache] calls=23565 zero_copy_wraps=462 copies=0 cache_entries=198 bindless=true
 securities
[stats] generated=182 elapsed=312.252s speed=0.5829 token/s (1.716 s/token) chunks=178 committed_rows=218 verify_tx=4 drafts=4/16 layer_passes=16554 expert_rows=20608 expert_tiles=16858
[verify-width] w1=0 w2=2 w3=0 w4=1 w5=0 w6=0 w7=0 w8+=1              (w1 share 0.0% of 4 transactions)
[opens] expert file opens=723455 total=9.729s mean=0.013ms requested_bytes=7114883087552 (7114.9 GB)
[arrival] tiles=958 waves=2227 uncovered_wait=30.861s dispatch=8.123s
[retain] enabled=false cap_gb=8 layers=63..=92 consults=0 wanted=0 hits=0 inserts=0 served=0.0MB
[summer] enabled=false cap_gb=8 sample=16 consults=0 wanted=0 hits=0 hit_rate=0.0% misses=0 inserts=0 evictions=0 recycled=0 allocs=0 pin_skips=0 gated=0 ramp=2..50 bar=0 suppressed=0 wide_skips=0 served=0.0MB copied=0.0MB ssd_avoided=0.0GB live=0/0.0GB model=0 protected=0 declined=0 topup_suppressed=0 aged=0 into=0/0/0 pending=0
[mirror-split] internal=0 K3C=0 K3B=0 K3A=0  shares=0%/0%/0%/0%
[phases] mono=356902.989823 chunks=178 sequence=304.772s read_wait=0.171s bind_upload=1.606s attention_resident=18.582s expert_read_prefetch=183.110s expert_demand_read=109.213s expert_plan=13.422s expert_hint=0.001s expert_submit=0.001s expert_kernel=98.164s source_fence=0.001s tail_head_sync=2.772s layer_other=0.312s expert_read_gross=169.687s plan_hint=13.167s plan_sched=0.251s attn_total=19.744s attn_encode=6.029s attn_wait=9.903s attn_drain=3.812s kernel_total=69.766s kernel_host=2.472s kernel_wait=6.900s kernel_drain=60.393s
[attn-split] single: calls=16275 total=14.365s encode=4.994s wait=5.559s drain=3.812s waits=28175 untimed=4770 | wide: calls=465 total=5.379s encode=1.035s wait=4.344s drain=0.000s waits=460 untimed=460 | hint: calls=16560 total=13.314s encode=0.041s wait=13.273s drain=0.000s waits=16591 untimed=16591
[kernel-split] single: calls=17176 total=62.402s encode=1.672s wait=0.932s drain=59.797s waits=18354 untimed=14478 | wide: calls=1135 total=7.364s encode=0.800s wait=5.968s drain=0.596s waits=1135 untimed=0
[kernel-sub] materialize=0.383s moe=8.293s precommit=59.954s rest=1.136s
[metal-cache] calls=23663 zero_copy_wraps=462 copies=0 cache_entries=198 bindless=true
**
[stats] generated=183 elapsed=313.762s speed=0.5832 token/s (1.715 s/token) chunks=179 committed_rows=219 verify_tx=4 drafts=4/16 layer_passes=16647 expert_rows=20700 expert_tiles=16950
[verify-width] w1=0 w2=2 w3=0 w4=1 w5=0 w6=0 w7=0 w8+=1              (w1 share 0.0% of 4 transactions)
[opens] expert file opens=727428 total=9.782s mean=0.013ms requested_bytes=7149670628544 (7149.7 GB)
[arrival] tiles=959 waves=2234 uncovered_wait=30.875s dispatch=8.134s
[retain] enabled=false cap_gb=8 layers=63..=92 consults=0 wanted=0 hits=0 inserts=0 served=0.0MB
[summer] enabled=false cap_gb=8 sample=16 consults=0 wanted=0 hits=0 hit_rate=0.0% misses=0 inserts=0 evictions=0 recycled=0 allocs=0 pin_skips=0 gated=0 ramp=2..50 bar=0 suppressed=0 wide_skips=0 served=0.0MB copied=0.0MB ssd_avoided=0.0GB live=0/0.0GB model=0 protected=0 declined=0 topup_suppressed=0 aged=0 into=0/0/0 pending=0
[mirror-split] internal=0 K3C=0 K3B=0 K3A=0  shares=0%/0%/0%/0%
[phases] mono=356904.498877 chunks=179 sequence=306.280s read_wait=0.171s bind_upload=1.606s attention_resident=18.666s expert_read_prefetch=184.153s expert_demand_read=109.815s expert_plan=13.494s expert_hint=0.001s expert_submit=0.001s expert_kernel=98.528s source_fence=0.001s tail_head_sync=2.786s layer_other=0.313s expert_read_gross=170.658s plan_hint=13.238s plan_sched=0.252s attn_total=19.828s attn_encode=6.052s attn_wait=9.941s attn_drain=3.835s kernel_total=70.117s kernel_host=2.482s kernel_wait=6.906s kernel_drain=60.728s
[attn-split] single: calls=16368 total=14.449s encode=5.017s wait=5.597s drain=3.835s waits=28336 untimed=4789 | wide: calls=465 total=5.379s encode=1.035s wait=4.344s drain=0.000s waits=460 untimed=460 | hint: calls=16652 total=13.385s encode=0.041s wait=13.344s drain=0.000s waits=16682 untimed=16682
[kernel-split] single: calls=17274 total=62.752s encode=1.682s wait=0.939s drain=60.132s waits=18459 untimed=14567 | wide: calls=1135 total=7.364s encode=0.800s wait=5.968s drain=0.596s waits=1135 untimed=0
[kernel-sub] materialize=0.383s moe=8.303s precommit=60.289s rest=1.141s
[metal-cache] calls=23761 zero_copy_wraps=462 copies=0 cache_entries=198 bindless=true
 withdraw
[stats] generated=184 elapsed=315.302s speed=0.5836 token/s (1.714 s/token) chunks=180 committed_rows=220 verify_tx=4 drafts=4/16 layer_passes=16740 expert_rows=20792 expert_tiles=17042
[verify-width] w1=0 w2=2 w3=0 w4=1 w5=0 w6=0 w7=0 w8+=1              (w1 share 0.0% of 4 transactions)
[opens] expert file opens=731539 total=9.837s mean=0.013ms requested_bytes=7185730305216 (7185.7 GB)
[arrival] tiles=960 waves=2238 uncovered_wait=30.884s dispatch=8.142s
[retain] enabled=false cap_gb=8 layers=63..=92 consults=0 wanted=0 hits=0 inserts=0 served=0.0MB
[summer] enabled=false cap_gb=8 sample=16 consults=0 wanted=0 hits=0 hit_rate=0.0% misses=0 inserts=0 evictions=0 recycled=0 allocs=0 pin_skips=0 gated=0 ramp=2..50 bar=0 suppressed=0 wide_skips=0 served=0.0MB copied=0.0MB ssd_avoided=0.0GB live=0/0.0GB model=0 protected=0 declined=0 topup_suppressed=0 aged=0 into=0/0/0 pending=0
[mirror-split] internal=0 K3C=0 K3B=0 K3A=0  shares=0%/0%/0%/0%
[phases] mono=356906.039298 chunks=180 sequence=307.819s read_wait=0.171s bind_upload=1.606s attention_resident=18.740s expert_read_prefetch=185.259s expert_demand_read=110.454s expert_plan=13.570s expert_hint=0.001s expert_submit=0.001s expert_kernel=98.871s source_fence=0.001s tail_head_sync=2.801s layer_other=0.315s expert_read_gross=171.689s plan_hint=13.313s plan_sched=0.253s attn_total=19.902s attn_encode=6.076s attn_wait=9.971s attn_drain=3.855s kernel_total=70.450s kernel_host=2.491s kernel_wait=6.910s kernel_drain=61.049s
[attn-split] single: calls=16461 total=14.522s encode=5.041s wait=5.627s drain=3.855s waits=28497 untimed=4816 | wide: calls=465 total=5.379s encode=1.035s wait=4.344s drain=0.000s waits=460 untimed=460 | hint: calls=16744 total=13.460s encode=0.041s wait=13.419s drain=0.000s waits=16773 untimed=16773
[kernel-split] single: calls=17369 total=63.086s encode=1.691s wait=0.943s drain=60.452s waits=18558 untimed=14651 | wide: calls=1135 total=7.364s encode=0.800s wait=5.968s drain=0.596s waits=1135 untimed=0
[kernel-sub] materialize=0.383s moe=8.311s precommit=60.611s rest=1.145s
[metal-cache] calls=23856 zero_copy_wraps=462 copies=0 cache_entries=198 bindless=true
[route-chain] chained=11730
[route-chain] dedup_hits=11730
s
[stats] generated=185 elapsed=316.796s speed=0.5840 token/s (1.712 s/token) chunks=181 committed_rows=221 verify_tx=4 drafts=4/16 layer_passes=16833 expert_rows=20884 expert_tiles=17134
[verify-width] w1=0 w2=2 w3=0 w4=1 w5=0 w6=0 w7=0 w8+=1              (w1 share 0.0% of 4 transactions)
[opens] expert file opens=735433 total=9.891s mean=0.013ms requested_bytes=7219886144704 (7219.9 GB)
[arrival] tiles=961 waves=2245 uncovered_wait=30.893s dispatch=8.151s
[retain] enabled=false cap_gb=8 layers=63..=92 consults=0 wanted=0 hits=0 inserts=0 served=0.0MB
[summer] enabled=false cap_gb=8 sample=16 consults=0 wanted=0 hits=0 hit_rate=0.0% misses=0 inserts=0 evictions=0 recycled=0 allocs=0 pin_skips=0 gated=0 ramp=2..50 bar=0 suppressed=0 wide_skips=0 served=0.0MB copied=0.0MB ssd_avoided=0.0GB live=0/0.0GB model=0 protected=0 declined=0 topup_suppressed=0 aged=0 into=0/0/0 pending=0
[mirror-split] internal=0 K3C=0 K3B=0 K3A=0  shares=0%/0%/0%/0%
[phases] mono=356907.533668 chunks=181 sequence=309.311s read_wait=0.171s bind_upload=1.606s attention_resident=18.831s expert_read_prefetch=186.299s expert_demand_read=111.075s expert_plan=13.647s expert_hint=0.001s expert_submit=0.001s expert_kernel=99.217s source_fence=0.001s tail_head_sync=2.814s layer_other=0.316s expert_read_gross=172.652s plan_hint=13.389s plan_sched=0.254s attn_total=19.993s attn_encode=6.117s attn_wait=10.001s attn_drain=3.876s kernel_total=70.786s kernel_host=2.501s kernel_wait=6.916s kernel_drain=61.369s
[attn-split] single: calls=16554 total=14.614s encode=5.081s wait=5.657s drain=3.876s waits=28658 untimed=4840 | wide: calls=465 total=5.379s encode=1.035s wait=4.344s drain=0.000s waits=460 untimed=460 | hint: calls=16836 total=13.536s encode=0.042s wait=13.494s drain=0.000s waits=16864 untimed=16864
[kernel-split] single: calls=17467 total=63.422s encode=1.701s wait=0.948s drain=60.773s waits=18663 untimed=14733 | wide: calls=1135 total=7.364s encode=0.800s wait=5.968s drain=0.596s waits=1135 untimed=0
[kernel-sub] materialize=0.383s moe=8.320s precommit=60.933s rest=1.150s
[metal-cache] calls=23954 zero_copy_wraps=462 copies=0 cache_entries=198 bindless=true
 money
[stats] generated=186 elapsed=318.382s speed=0.5842 token/s (1.712 s/token) chunks=182 committed_rows=222 verify_tx=4 drafts=4/16 layer_passes=16926 expert_rows=20976 expert_tiles=17226
[verify-width] w1=0 w2=2 w3=0 w4=1 w5=0 w6=0 w7=0 w8+=1              (w1 share 0.0% of 4 transactions)
[opens] expert file opens=739575 total=9.948s mean=0.013ms requested_bytes=7256209063104 (7256.2 GB)
[arrival] tiles=962 waves=2252 uncovered_wait=30.902s dispatch=8.162s
[retain] enabled=false cap_gb=8 layers=63..=92 consults=0 wanted=0 hits=0 inserts=0 served=0.0MB
[summer] enabled=false cap_gb=8 sample=16 consults=0 wanted=0 hits=0 hit_rate=0.0% misses=0 inserts=0 evictions=0 recycled=0 allocs=0 pin_skips=0 gated=0 ramp=2..50 bar=0 suppressed=0 wide_skips=0 served=0.0MB copied=0.0MB ssd_avoided=0.0GB live=0/0.0GB model=0 protected=0 declined=0 topup_suppressed=0 aged=0 into=0/0/0 pending=0
[mirror-split] internal=0 K3C=0 K3B=0 K3A=0  shares=0%/0%/0%/0%
[phases] mono=356909.118961 chunks=182 sequence=310.896s read_wait=0.171s bind_upload=1.606s attention_resident=18.910s expert_read_prefetch=187.383s expert_demand_read=111.703s expert_plan=13.716s expert_hint=0.001s expert_submit=0.001s expert_kernel=99.618s source_fence=0.001s tail_head_sync=2.832s layer_other=0.318s expert_read_gross=173.666s plan_hint=13.457s plan_sched=0.255s attn_total=20.072s attn_encode=6.139s attn_wait=10.030s attn_drain=3.903s kernel_total=71.178s kernel_host=2.512s kernel_wait=6.921s kernel_drain=61.745s
[attn-split] single: calls=16647 total=14.693s encode=5.104s wait=5.686s drain=3.903s waits=28819 untimed=4862 | wide: calls=465 total=5.379s encode=1.035s wait=4.344s drain=0.000s waits=460 untimed=460 | hint: calls=16928 total=13.604s encode=0.042s wait=13.562s drain=0.000s waits=16955 untimed=16955
[kernel-split] single: calls=17565 total=63.814s encode=1.712s wait=0.953s drain=61.149s waits=18768 untimed=14805 | wide: calls=1135 total=7.364s encode=0.800s wait=5.968s drain=0.596s waits=1135 untimed=0
[kernel-sub] materialize=0.383s moe=8.331s precommit=61.309s rest=1.155s
[metal-cache] calls=24052 zero_copy_wraps=462 copies=0 cache_entries=198 bindless=true
,
[stats] generated=187 elapsed=319.860s speed=0.5846 token/s (1.710 s/token) chunks=183 committed_rows=223 verify_tx=4 drafts=4/16 layer_passes=17019 expert_rows=21068 expert_tiles=17318
[verify-width] w1=0 w2=2 w3=0 w4=1 w5=0 w6=0 w7=0 w8+=1              (w1 share 0.0% of 4 transactions)
[opens] expert file opens=743500 total=10.002s mean=0.013ms requested_bytes=7290610547904 (7290.6 GB)
[arrival] tiles=963 waves=2259 uncovered_wait=30.912s dispatch=8.171s
[retain] enabled=false cap_gb=8 layers=63..=92 consults=0 wanted=0 hits=0 inserts=0 served=0.0MB
[summer] enabled=false cap_gb=8 sample=16 consults=0 wanted=0 hits=0 hit_rate=0.0% misses=0 inserts=0 evictions=0 recycled=0 allocs=0 pin_skips=0 gated=0 ramp=2..50 bar=0 suppressed=0 wide_skips=0 served=0.0MB copied=0.0MB ssd_avoided=0.0GB live=0/0.0GB model=0 protected=0 declined=0 topup_suppressed=0 aged=0 into=0/0/0 pending=0
[mirror-split] internal=0 K3C=0 K3B=0 K3A=0  shares=0%/0%/0%/0%
[phases] mono=356910.597470 chunks=183 sequence=312.373s read_wait=0.171s bind_upload=1.606s attention_resident=18.989s expert_read_prefetch=188.417s expert_demand_read=112.310s expert_plan=13.791s expert_hint=0.001s expert_submit=0.001s expert_kernel=99.965s source_fence=0.001s tail_head_sync=2.849s layer_other=0.319s expert_read_gross=174.626s plan_hint=13.532s plan_sched=0.256s attn_total=20.150s attn_encode=6.165s attn_wait=10.056s attn_drain=3.929s kernel_total=71.515s kernel_host=2.521s kernel_wait=6.927s kernel_drain=62.067s
[attn-split] single: calls=16740 total=14.771s encode=5.130s wait=5.712s drain=3.929s waits=28980 untimed=4887 | wide: calls=465 total=5.379s encode=1.035s wait=4.344s drain=0.000s waits=460 untimed=460 | hint: calls=17020 total=13.678s encode=0.042s wait=13.636s drain=0.000s waits=17046 untimed=17046
[kernel-split] single: calls=17663 total=64.151s encode=1.721s wait=0.959s drain=61.471s waits=18873 untimed=14886 | wide: calls=1135 total=7.364s encode=0.800s wait=5.968s drain=0.596s waits=1135 untimed=0
[kernel-sub] materialize=0.383s moe=8.340s precommit=61.633s rest=1.159s
[metal-cache] calls=24150 zero_copy_wraps=462 copies=0 cache_entries=198 bindless=true
 raising
[stats] generated=188 elapsed=321.337s speed=0.5851 token/s (1.709 s/token) chunks=184 committed_rows=224 verify_tx=4 drafts=4/16 layer_passes=17112 expert_rows=21160 expert_tiles=17410
[verify-width] w1=0 w2=2 w3=0 w4=1 w5=0 w6=0 w7=0 w8+=1              (w1 share 0.0% of 4 transactions)
[opens] expert file opens=747480 total=10.051s mean=0.013ms requested_bytes=7325485792448 (7325.5 GB)
[arrival] tiles=964 waves=2267 uncovered_wait=30.923s dispatch=8.181s
[retain] enabled=false cap_gb=8 layers=63..=92 consults=0 wanted=0 hits=0 inserts=0 served=0.0MB
[summer] enabled=false cap_gb=8 sample=16 consults=0 wanted=0 hits=0 hit_rate=0.0% misses=0 inserts=0 evictions=0 recycled=0 allocs=0 pin_skips=0 gated=0 ramp=2..50 bar=0 suppressed=0 wide_skips=0 served=0.0MB copied=0.0MB ssd_avoided=0.0GB live=0/0.0GB model=0 protected=0 declined=0 topup_suppressed=0 aged=0 into=0/0/0 pending=0
[mirror-split] internal=0 K3C=0 K3B=0 K3A=0  shares=0%/0%/0%/0%
[phases] mono=356912.074599 chunks=184 sequence=313.849s read_wait=0.171s bind_upload=1.606s attention_resident=19.069s expert_read_prefetch=189.455s expert_demand_read=112.906s expert_plan=13.860s expert_hint=0.001s expert_submit=0.001s expert_kernel=100.309s source_fence=0.001s tail_head_sync=2.862s layer_other=0.321s expert_read_gross=175.594s plan_hint=13.599s plan_sched=0.257s attn_total=20.230s attn_encode=6.190s attn_wait=10.094s attn_drain=3.946s kernel_total=71.848s kernel_host=2.530s kernel_wait=6.932s kernel_drain=62.386s
[attn-split] single: calls=16833 total=14.851s encode=5.155s wait=5.750s drain=3.946s waits=29141 untimed=4919 | wide: calls=465 total=5.379s encode=1.035s wait=4.344s drain=0.000s waits=460 untimed=460 | hint: calls=17112 total=13.746s encode=0.042s wait=13.704s drain=0.000s waits=17137 untimed=17137
[kernel-split] single: calls=17762 total=64.484s encode=1.730s wait=0.965s drain=61.790s waits=18980 untimed=14968 | wide: calls=1135 total=7.364s encode=0.800s wait=5.968s drain=0.596s waits=1135 untimed=0
[kernel-sub] materialize=0.383s moe=8.350s precommit=61.952s rest=1.163s
[metal-cache] calls=24249 zero_copy_wraps=462 copies=0 cache_entries=198 bindless=true
 interest
[stats] generated=189 elapsed=322.874s speed=0.5854 token/s (1.708 s/token) chunks=185 committed_rows=225 verify_tx=4 drafts=4/16 layer_passes=17205 expert_rows=21252 expert_tiles=17502
[verify-width] w1=0 w2=2 w3=0 w4=1 w5=0 w6=0 w7=0 w8+=1              (w1 share 0.0% of 4 transactions)
[opens] expert file opens=751459 total=10.101s mean=0.013ms requested_bytes=7360361086144 (7360.4 GB)
[arrival] tiles=965 waves=2275 uncovered_wait=30.934s dispatch=8.191s
[retain] enabled=false cap_gb=8 layers=63..=92 consults=0 wanted=0 hits=0 inserts=0 served=0.0MB
[summer] enabled=false cap_gb=8 sample=16 consults=0 wanted=0 hits=0 hit_rate=0.0% misses=0 inserts=0 evictions=0 recycled=0 allocs=0 pin_skips=0 gated=0 ramp=2..50 bar=0 suppressed=0 wide_skips=0 served=0.0MB copied=0.0MB ssd_avoided=0.0GB live=0/0.0GB model=0 protected=0 declined=0 topup_suppressed=0 aged=0 into=0/0/0 pending=0
[mirror-split] internal=0 K3C=0 K3B=0 K3A=0  shares=0%/0%/0%/0%
[phases] mono=356913.611653 chunks=185 sequence=315.385s read_wait=0.171s bind_upload=1.606s attention_resident=19.158s expert_read_prefetch=190.535s expert_demand_read=113.545s expert_plan=13.933s expert_hint=0.001s expert_submit=0.001s expert_kernel=100.659s source_fence=0.001s tail_head_sync=2.876s layer_other=0.322s expert_read_gross=176.601s plan_hint=13.672s plan_sched=0.258s attn_total=20.319s attn_encode=6.224s attn_wait=10.130s attn_drain=3.965s kernel_total=72.188s kernel_host=2.539s kernel_wait=6.938s kernel_drain=62.710s
[attn-split] single: calls=16926 total=14.940s encode=5.189s wait=5.786s drain=3.965s waits=29302 untimed=4943 | wide: calls=465 total=5.379s encode=1.035s wait=4.344s drain=0.000s waits=460 untimed=460 | hint: calls=17204 total=13.818s encode=0.043s wait=13.776s drain=0.000s waits=17228 untimed=17228
[kernel-split] single: calls=17861 total=64.824s encode=1.739s wait=0.970s drain=62.114s waits=19087 untimed=15053 | wide: calls=1135 total=7.364s encode=0.800s wait=5.968s drain=0.596s waits=1135 untimed=0
[kernel-sub] materialize=0.383s moe=8.359s precommit=62.277s rest=1.168s
[metal-cache] calls=24348 zero_copy_wraps=462 copies=0 cache_entries=198 bindless=true
 rates
[stats] generated=190 elapsed=324.465s speed=0.5856 token/s (1.708 s/token) chunks=186 committed_rows=226 verify_tx=4 drafts=4/16 layer_passes=17298 expert_rows=21344 expert_tiles=17594
[verify-width] w1=0 w2=2 w3=0 w4=1 w5=0 w6=0 w7=0 w8+=1              (w1 share 0.0% of 4 transactions)
[opens] expert file opens=755638 total=10.157s mean=0.013ms requested_bytes=7396991122624 (7397.0 GB)
[arrival] tiles=966 waves=2281 uncovered_wait=30.948s dispatch=8.202s
[retain] enabled=false cap_gb=8 layers=63..=92 consults=0 wanted=0 hits=0 inserts=0 served=0.0MB
[summer] enabled=false cap_gb=8 sample=16 consults=0 wanted=0 hits=0 hit_rate=0.0% misses=0 inserts=0 evictions=0 recycled=0 allocs=0 pin_skips=0 gated=0 ramp=2..50 bar=0 suppressed=0 wide_skips=0 served=0.0MB copied=0.0MB ssd_avoided=0.0GB live=0/0.0GB model=0 protected=0 declined=0 topup_suppressed=0 aged=0 into=0/0/0 pending=0
[mirror-split] internal=0 K3C=0 K3B=0 K3A=0  shares=0%/0%/0%/0%
[phases] mono=356915.201947 chunks=186 sequence=316.974s read_wait=0.171s bind_upload=1.606s attention_resident=19.236s expert_read_prefetch=191.655s expert_demand_read=114.194s expert_plan=14.004s expert_hint=0.001s expert_submit=0.001s expert_kernel=101.035s source_fence=0.001s tail_head_sync=2.890s layer_other=0.324s expert_read_gross=177.650s plan_hint=13.741s plan_sched=0.259s attn_total=20.397s attn_encode=6.251s attn_wait=10.161s attn_drain=3.985s kernel_total=72.549s kernel_host=2.549s kernel_wait=6.945s kernel_drain=63.055s
[attn-split] single: calls=17019 total=15.018s encode=5.216s wait=5.817s drain=3.985s waits=29463 untimed=4969 | wide: calls=465 total=5.379s encode=1.035s wait=4.344s drain=0.000s waits=460 untimed=460 | hint: calls=17296 total=13.888s encode=0.043s wait=13.845s drain=0.000s waits=17319 untimed=17319
[kernel-split] single: calls=17958 total=65.185s encode=1.749s wait=0.977s drain=62.458s waits=19190 untimed=15137 | wide: calls=1135 total=7.364s encode=0.800s wait=5.968s drain=0.596s waits=1135 untimed=0
[kernel-sub] materialize=0.383s moe=8.370s precommit=62.623s rest=1.172s
[metal-cache] calls=24445 zero_copy_wraps=462 copies=0 cache_entries=198 bindless=true
.


[stats] generated=191 elapsed=326.040s speed=0.5858 token/s (1.707 s/token) chunks=187 committed_rows=227 verify_tx=4 drafts=4/16 layer_passes=17391 expert_rows=21436 expert_tiles=17686
[verify-width] w1=0 w2=2 w3=0 w4=1 w5=0 w6=0 w7=0 w8+=1              (w1 share 0.0% of 4 transactions)
[opens] expert file opens=759813 total=10.211s mean=0.013ms requested_bytes=7433603546304 (7433.6 GB)
[arrival] tiles=967 waves=2287 uncovered_wait=30.956s dispatch=8.213s
[retain] enabled=false cap_gb=8 layers=63..=92 consults=0 wanted=0 hits=0 inserts=0 served=0.0MB
[summer] enabled=false cap_gb=8 sample=16 consults=0 wanted=0 hits=0 hit_rate=0.0% misses=0 inserts=0 evictions=0 recycled=0 allocs=0 pin_skips=0 gated=0 ramp=2..50 bar=0 suppressed=0 wide_skips=0 served=0.0MB copied=0.0MB ssd_avoided=0.0GB live=0/0.0GB model=0 protected=0 declined=0 topup_suppressed=0 aged=0 into=0/0/0 pending=0
[mirror-split] internal=0 K3C=0 K3B=0 K3A=0  shares=0%/0%/0%/0%
[phases] mono=356916.777731 chunks=187 sequence=318.548s read_wait=0.171s bind_upload=1.606s attention_resident=19.314s expert_read_prefetch=192.780s expert_demand_read=114.868s expert_plan=14.074s expert_hint=0.001s expert_submit=0.001s expert_kernel=101.388s source_fence=0.001s tail_head_sync=2.906s layer_other=0.325s expert_read_gross=178.705s plan_hint=13.810s plan_sched=0.260s attn_total=20.474s attn_encode=6.277s attn_wait=10.187s attn_drain=4.010s kernel_total=72.893s kernel_host=2.559s kernel_wait=6.951s kernel_drain=63.384s
[attn-split] single: calls=17112 total=15.095s encode=5.241s wait=5.843s drain=4.010s waits=29624 untimed=4997 | wide: calls=465 total=5.379s encode=1.035s wait=4.344s drain=0.000s waits=460 untimed=460 | hint: calls=17388 total=13.957s encode=0.043s wait=13.914s drain=0.000s waits=17410 untimed=17410
[kernel-split] single: calls=18055 total=65.529s encode=1.759s wait=0.983s drain=62.788s waits=19293 untimed=15226 | wide: calls=1135 total=7.364s encode=0.800s wait=5.968s drain=0.596s waits=1135 untimed=0
[kernel-sub] materialize=0.383s moe=8.381s precommit=62.952s rest=1.177s
[metal-cache] calls=24542 zero_copy_wraps=462 copies=0 cache_entries=198 bindless=true
3
[stats] generated=192 elapsed=327.599s speed=0.5861 token/s (1.706 s/token) chunks=188 committed_rows=228 verify_tx=4 drafts=4/16 layer_passes=17484 expert_rows=21528 expert_tiles=17778
[verify-width] w1=0 w2=2 w3=0 w4=1 w5=0 w6=0 w7=0 w8+=1              (w1 share 0.0% of 4 transactions)
[opens] expert file opens=764036 total=10.267s mean=0.013ms requested_bytes=7470645869760 (7470.6 GB)
[arrival] tiles=968 waves=2293 uncovered_wait=30.971s dispatch=8.222s
[retain] enabled=false cap_gb=8 layers=63..=92 consults=0 wanted=0 hits=0 inserts=0 served=0.0MB
[summer] enabled=false cap_gb=8 sample=16 consults=0 wanted=0 hits=0 hit_rate=0.0% misses=0 inserts=0 evictions=0 recycled=0 allocs=0 pin_skips=0 gated=0 ramp=2..50 bar=0 suppressed=0 wide_skips=0 served=0.0MB copied=0.0MB ssd_avoided=0.0GB live=0/0.0GB model=0 protected=0 declined=0 topup_suppressed=0 aged=0 into=0/0/0 pending=0
[mirror-split] internal=0 K3C=0 K3B=0 K3A=0  shares=0%/0%/0%/0%
[phases] mono=356918.336284 chunks=188 sequence=320.106s read_wait=0.171s bind_upload=1.606s attention_resident=19.391s expert_read_prefetch=193.849s expert_demand_read=115.481s expert_plan=14.148s expert_hint=0.001s expert_submit=0.001s expert_kernel=101.781s source_fence=0.001s tail_head_sync=2.923s layer_other=0.327s expert_read_gross=179.700s plan_hint=13.883s plan_sched=0.261s attn_total=20.552s attn_encode=6.301s attn_wait=10.218s attn_drain=4.033s kernel_total=73.271s kernel_host=2.568s kernel_wait=6.957s kernel_drain=63.747s
[attn-split] single: calls=17205 total=15.172s encode=5.266s wait=5.874s drain=4.033s waits=29785 untimed=5021 | wide: calls=465 total=5.379s encode=1.035s wait=4.344s drain=0.000s waits=460 untimed=460 | hint: calls=17480 total=14.030s encode=0.043s wait=13.986s drain=0.000s waits=17501 untimed=17501
[kernel-split] single: calls=18152 total=65.907s encode=1.768s wait=0.989s drain=63.150s waits=19396 untimed=15311 | wide: calls=1135 total=7.364s encode=0.800s wait=5.968s drain=0.596s waits=1135 untimed=0
[kernel-sub] materialize=0.383s moe=8.390s precommit=63.316s rest=1.181s
[metal-cache] calls=24639 zero_copy_wraps=462 copies=0 cache_entries=198 bindless=true
.
[stats] generated=193 elapsed=329.096s speed=0.5865 token/s (1.705 s/token) chunks=189 committed_rows=229 verify_tx=4 drafts=4/16 layer_passes=17577 expert_rows=21620 expert_tiles=17870
[verify-width] w1=0 w2=2 w3=0 w4=1 w5=0 w6=0 w7=0 w8+=1              (w1 share 0.0% of 4 transactions)
[opens] expert file opens=768017 total=10.325s mean=0.013ms requested_bytes=7505582505152 (7505.6 GB)
[arrival] tiles=969 waves=2298 uncovered_wait=30.980s dispatch=8.230s
[retain] enabled=false cap_gb=8 layers=63..=92 consults=0 wanted=0 hits=0 inserts=0 served=0.0MB
[summer] enabled=false cap_gb=8 sample=16 consults=0 wanted=0 hits=0 hit_rate=0.0% misses=0 inserts=0 evictions=0 recycled=0 allocs=0 pin_skips=0 gated=0 ramp=2..50 bar=0 suppressed=0 wide_skips=0 served=0.0MB copied=0.0MB ssd_avoided=0.0GB live=0/0.0GB model=0 protected=0 declined=0 topup_suppressed=0 aged=0 into=0/0/0 pending=0
[mirror-split] internal=0 K3C=0 K3B=0 K3A=0  shares=0%/0%/0%/0%
[phases] mono=356919.833117 chunks=189 sequence=321.601s read_wait=0.171s bind_upload=1.606s attention_resident=19.485s expert_read_prefetch=194.880s expert_demand_read=116.056s expert_plan=14.218s expert_hint=0.001s expert_submit=0.001s expert_kernel=102.135s source_fence=0.001s tail_head_sync=2.937s layer_other=0.329s expert_read_gross=180.661s plan_hint=13.952s plan_sched=0.262s attn_total=20.646s attn_encode=6.333s attn_wait=10.260s attn_drain=4.052s kernel_total=73.616s kernel_host=2.578s kernel_wait=6.961s kernel_drain=64.078s
[attn-split] single: calls=17298 total=15.267s encode=5.298s wait=5.916s drain=4.052s waits=29946 untimed=5049 | wide: calls=465 total=5.379s encode=1.035s wait=4.344s drain=0.000s waits=460 untimed=460 | hint: calls=17572 total=14.098s encode=0.043s wait=14.055s drain=0.000s waits=17592 untimed=17592
[kernel-split] single: calls=18248 total=66.252s encode=1.778s wait=0.994s drain=63.481s waits=19497 untimed=15390 | wide: calls=1135 total=7.364s encode=0.800s wait=5.968s drain=0.596s waits=1135 untimed=0
[kernel-sub] materialize=0.383s moe=8.398s precommit=63.649s rest=1.186s
[metal-cache] calls=24735 zero_copy_wraps=462 copies=0 cache_entries=198 bindless=true
 **
[stats] generated=194 elapsed=330.626s speed=0.5868 token/s (1.704 s/token) chunks=190 committed_rows=230 verify_tx=4 drafts=4/16 layer_passes=17670 expert_rows=21712 expert_tiles=17962
[verify-width] w1=0 w2=2 w3=0 w4=1 w5=0 w6=0 w7=0 w8+=1              (w1 share 0.0% of 4 transactions)
[opens] expert file opens=772094 total=10.380s mean=0.013ms requested_bytes=7541361409216 (7541.4 GB)
[arrival] tiles=970 waves=2304 uncovered_wait=30.991s dispatch=8.239s
[retain] enabled=false cap_gb=8 layers=63..=92 consults=0 wanted=0 hits=0 inserts=0 served=0.0MB
[summer] enabled=false cap_gb=8 sample=16 consults=0 wanted=0 hits=0 hit_rate=0.0% misses=0 inserts=0 evictions=0 recycled=0 allocs=0 pin_skips=0 gated=0 ramp=2..50 bar=0 suppressed=0 wide_skips=0 served=0.0MB copied=0.0MB ssd_avoided=0.0GB live=0/0.0GB model=0 protected=0 declined=0 topup_suppressed=0 aged=0 into=0/0/0 pending=0
[mirror-split] internal=0 K3C=0 K3B=0 K3A=0  shares=0%/0%/0%/0%
[phases] mono=356921.363411 chunks=190 sequence=323.120s read_wait=0.171s bind_upload=1.606s attention_resident=19.565s expert_read_prefetch=195.908s expert_demand_read=116.659s expert_plan=14.302s expert_hint=0.001s expert_submit=0.001s expert_kernel=102.526s source_fence=0.001s tail_head_sync=2.955s layer_other=0.330s expert_read_gross=181.606s plan_hint=14.035s plan_sched=0.263s attn_total=20.726s attn_encode=6.356s attn_wait=10.295s attn_drain=4.074s kernel_total=73.996s kernel_host=2.587s kernel_wait=6.965s kernel_drain=64.444s
[attn-split] single: calls=17391 total=15.346s encode=5.321s wait=5.951s drain=4.074s waits=30107 untimed=5076 | wide: calls=465 total=5.379s encode=1.035s wait=4.344s drain=0.000s waits=460 untimed=460 | hint: calls=17664 total=14.181s encode=0.044s wait=14.137s drain=0.000s waits=17683 untimed=17683
[kernel-split] single: calls=18345 total=66.632s encode=1.787s wait=0.998s drain=63.847s waits=19600 untimed=15476 | wide: calls=1135 total=7.364s encode=0.800s wait=5.968s drain=0.596s waits=1135 untimed=0
[kernel-sub] materialize=0.383s moe=8.407s precommit=64.015s rest=1.191s
[metal-cache] calls=24832 zero_copy_wraps=462 copies=0 cache_entries=198 bindless=true
Interest
[stats] generated=195 elapsed=332.165s speed=0.5871 token/s (1.703 s/token) chunks=191 committed_rows=231 verify_tx=4 drafts=4/16 layer_passes=17763 expert_rows=21804 expert_tiles=18054
[verify-width] w1=0 w2=2 w3=0 w4=1 w5=0 w6=0 w7=0 w8+=1              (w1 share 0.0% of 4 transactions)
[opens] expert file opens=776237 total=10.433s mean=0.013ms requested_bytes=7577684311232 (7577.7 GB)
[arrival] tiles=971 waves=2309 uncovered_wait=31.001s dispatch=8.246s
[retain] enabled=false cap_gb=8 layers=63..=92 consults=0 wanted=0 hits=0 inserts=0 served=0.0MB
[summer] enabled=false cap_gb=8 sample=16 consults=0 wanted=0 hits=0 hit_rate=0.0% misses=0 inserts=0 evictions=0 recycled=0 allocs=0 pin_skips=0 gated=0 ramp=2..50 bar=0 suppressed=0 wide_skips=0 served=0.0MB copied=0.0MB ssd_avoided=0.0GB live=0/0.0GB model=0 protected=0 declined=0 topup_suppressed=0 aged=0 into=0/0/0 pending=0
[mirror-split] internal=0 K3C=0 K3B=0 K3A=0  shares=0%/0%/0%/0%
[phases] mono=356922.902332 chunks=191 sequence=324.657s read_wait=0.171s bind_upload=1.606s attention_resident=19.636s expert_read_prefetch=197.002s expert_demand_read=117.289s expert_plan=14.380s expert_hint=0.001s expert_submit=0.001s expert_kernel=102.883s source_fence=0.001s tail_head_sync=2.969s layer_other=0.332s expert_read_gross=182.622s plan_hint=14.112s plan_sched=0.264s attn_total=20.796s attn_encode=6.377s attn_wait=10.319s attn_drain=4.100s kernel_total=74.343s kernel_host=2.596s kernel_wait=6.969s kernel_drain=64.778s
[attn-split] single: calls=17484 total=15.417s encode=5.342s wait=5.975s drain=4.100s waits=30268 untimed=5096 | wide: calls=465 total=5.379s encode=1.035s wait=4.344s drain=0.000s waits=460 untimed=460 | hint: calls=17756 total=14.258s encode=0.044s wait=14.214s drain=0.000s waits=17774 untimed=17774
[kernel-split] single: calls=18441 total=66.979s encode=1.796s wait=1.002s drain=64.181s waits=19701 untimed=15559 | wide: calls=1135 total=7.364s encode=0.800s wait=5.968s drain=0.596s waits=1135 untimed=0
[kernel-sub] materialize=0.383s moe=8.413s precommit=64.351s rest=1.195s
[metal-cache] calls=24928 zero_copy_wraps=462 copies=0 cache_entries=198 bindless=true
[route-chain] chained=12420
[route-chain] dedup_hits=12420
 on
[stats] generated=196 elapsed=333.746s speed=0.5873 token/s (1.703 s/token) chunks=192 committed_rows=232 verify_tx=4 drafts=4/16 layer_passes=17856 expert_rows=21896 expert_tiles=18146
[verify-width] w1=0 w2=2 w3=0 w4=1 w5=0 w6=0 w7=0 w8+=1              (w1 share 0.0% of 4 transactions)
[opens] expert file opens=780294 total=10.494s mean=0.013ms requested_bytes=7613226368192 (7613.2 GB)
[arrival] tiles=972 waves=2316 uncovered_wait=31.012s dispatch=8.258s
[retain] enabled=false cap_gb=8 layers=63..=92 consults=0 wanted=0 hits=0 inserts=0 served=0.0MB
[summer] enabled=false cap_gb=8 sample=16 consults=0 wanted=0 hits=0 hit_rate=0.0% misses=0 inserts=0 evictions=0 recycled=0 allocs=0 pin_skips=0 gated=0 ramp=2..50 bar=0 suppressed=0 wide_skips=0 served=0.0MB copied=0.0MB ssd_avoided=0.0GB live=0/0.0GB model=0 protected=0 declined=0 topup_suppressed=0 aged=0 into=0/0/0 pending=0
[mirror-split] internal=0 K3C=0 K3B=0 K3A=0  shares=0%/0%/0%/0%
[phases] mono=356924.483249 chunks=192 sequence=326.237s read_wait=0.171s bind_upload=1.606s attention_resident=19.709s expert_read_prefetch=198.083s expert_demand_read=117.939s expert_plan=14.454s expert_hint=0.001s expert_submit=0.001s expert_kernel=103.291s source_fence=0.001s tail_head_sync=2.985s layer_other=0.333s expert_read_gross=183.628s plan_hint=14.185s plan_sched=0.265s attn_total=20.869s attn_encode=6.400s attn_wait=10.349s attn_drain=4.120s kernel_total=74.739s kernel_host=2.606s kernel_wait=6.976s kernel_drain=65.157s
[attn-split] single: calls=17577 total=15.490s encode=5.365s wait=6.005s drain=4.120s waits=30429 untimed=5118 | wide: calls=465 total=5.379s encode=1.035s wait=4.344s drain=0.000s waits=460 untimed=460 | hint: calls=17848 total=14.331s encode=0.044s wait=14.287s drain=0.000s waits=17865 untimed=17865
[kernel-split] single: calls=18539 total=67.375s encode=1.806s wait=1.008s drain=64.561s waits=19806 untimed=15644 | wide: calls=1135 total=7.364s encode=0.800s wait=5.968s drain=0.596s waits=1135 untimed=0
[kernel-sub] materialize=0.383s moe=8.425s precommit=64.731s rest=1.200s
[metal-cache] calls=25026 zero_copy_wraps=462 copies=0 cache_entries=198 bindless=true
 Res
[stats] generated=197 elapsed=335.223s speed=0.5877 token/s (1.702 s/token) chunks=193 committed_rows=233 verify_tx=4 drafts=4/16 layer_passes=17949 expert_rows=21988 expert_tiles=18238
[verify-width] w1=0 w2=2 w3=0 w4=1 w5=0 w6=0 w7=0 w8+=1              (w1 share 0.0% of 4 transactions)
[opens] expert file opens=784200 total=10.546s mean=0.013ms requested_bytes=7647496240320 (7647.5 GB)
[arrival] tiles=973 waves=2324 uncovered_wait=31.019s dispatch=8.268s
[retain] enabled=false cap_gb=8 layers=63..=92 consults=0 wanted=0 hits=0 inserts=0 served=0.0MB
[summer] enabled=false cap_gb=8 sample=16 consults=0 wanted=0 hits=0 hit_rate=0.0% misses=0 inserts=0 evictions=0 recycled=0 allocs=0 pin_skips=0 gated=0 ramp=2..50 bar=0 suppressed=0 wide_skips=0 served=0.0MB copied=0.0MB ssd_avoided=0.0GB live=0/0.0GB model=0 protected=0 declined=0 topup_suppressed=0 aged=0 into=0/0/0 pending=0
[mirror-split] internal=0 K3C=0 K3B=0 K3A=0  shares=0%/0%/0%/0%
[phases] mono=356925.960703 chunks=193 sequence=327.714s read_wait=0.171s bind_upload=1.606s attention_resident=19.793s expert_read_prefetch=199.080s expert_demand_read=118.489s expert_plan=14.525s expert_hint=0.001s expert_submit=0.001s expert_kernel=103.672s source_fence=0.001s tail_head_sync=2.998s layer_other=0.335s expert_read_gross=184.555s plan_hint=14.255s plan_sched=0.266s attn_total=20.952s attn_encode=6.429s attn_wait=10.388s attn_drain=4.135s kernel_total=75.113s kernel_host=2.615s kernel_wait=6.982s kernel_drain=65.516s
[attn-split] single: calls=17670 total=15.573s encode=5.393s wait=6.044s drain=4.135s waits=30590 untimed=5152 | wide: calls=465 total=5.379s encode=1.035s wait=4.344s drain=0.000s waits=460 untimed=460 | hint: calls=17940 total=14.401s encode=0.044s wait=14.357s drain=0.000s waits=17956 untimed=17956
[kernel-split] single: calls=18638 total=67.749s encode=1.815s wait=1.014s drain=64.920s waits=19913 untimed=15727 | wide: calls=1135 total=7.364s encode=0.800s wait=5.968s drain=0.596s waits=1135 untimed=0
[kernel-sub] materialize=0.383s moe=8.435s precommit=65.091s rest=1.204s
[metal-cache] calls=25125 zero_copy_wraps=462 copies=0 cache_entries=198 bindless=true
erves
[stats] generated=198 elapsed=336.731s speed=0.5880 token/s (1.701 s/token) chunks=194 committed_rows=234 verify_tx=4 drafts=4/16 layer_passes=18042 expert_rows=22080 expert_tiles=18330
[verify-width] w1=0 w2=2 w3=0 w4=1 w5=0 w6=0 w7=0 w8+=1              (w1 share 0.0% of 4 transactions)
[opens] expert file opens=788156 total=10.597s mean=0.013ms requested_bytes=7682178481344 (7682.2 GB)
[arrival] tiles=974 waves=2328 uncovered_wait=31.031s dispatch=8.277s
[retain] enabled=false cap_gb=8 layers=63..=92 consults=0 wanted=0 hits=0 inserts=0 served=0.0MB
[summer] enabled=false cap_gb=8 sample=16 consults=0 wanted=0 hits=0 hit_rate=0.0% misses=0 inserts=0 evictions=0 recycled=0 allocs=0 pin_skips=0 gated=0 ramp=2..50 bar=0 suppressed=0 wide_skips=0 served=0.0MB copied=0.0MB ssd_avoided=0.0GB live=0/0.0GB model=0 protected=0 declined=0 topup_suppressed=0 aged=0 into=0/0/0 pending=0
[mirror-split] internal=0 K3C=0 K3B=0 K3A=0  shares=0%/0%/0%/0%
[phases] mono=356927.468352 chunks=194 sequence=329.220s read_wait=0.171s bind_upload=1.606s attention_resident=19.862s expert_read_prefetch=200.153s expert_demand_read=119.150s expert_plan=14.595s expert_hint=0.001s expert_submit=0.001s expert_kernel=104.020s source_fence=0.001s tail_head_sync=3.012s layer_other=0.336s expert_read_gross=185.558s plan_hint=14.324s plan_sched=0.267s attn_total=21.022s attn_encode=6.449s attn_wait=10.424s attn_drain=4.148s kernel_total=75.449s kernel_host=2.625s kernel_wait=6.987s kernel_drain=65.838s
[attn-split] single: calls=17763 total=15.643s encode=5.414s wait=6.080s drain=4.148s waits=30751 untimed=5189 | wide: calls=465 total=5.379s encode=1.035s wait=4.344s drain=0.000s waits=460 untimed=460 | hint: calls=18032 total=14.470s encode=0.045s wait=14.425s drain=0.000s waits=18047 untimed=18047
[kernel-split] single: calls=18733 total=68.085s encode=1.825s wait=1.019s drain=65.242s waits=20012 untimed=15810 | wide: calls=1135 total=7.364s encode=0.800s wait=5.968s drain=0.596s waits=1135 untimed=0
[kernel-sub] materialize=0.383s moe=8.444s precommit=65.413s rest=1.208s
[metal-cache] calls=25220 zero_copy_wraps=462 copies=0 cache_entries=198 bindless=true
:**
[stats] generated=199 elapsed=338.247s speed=0.5883 token/s (1.700 s/token) chunks=195 committed_rows=235 verify_tx=4 drafts=4/16 layer_passes=18135 expert_rows=22172 expert_tiles=18422
[verify-width] w1=0 w2=2 w3=0 w4=1 w5=0 w6=0 w7=0 w8+=1              (w1 share 0.0% of 4 transactions)
[opens] expert file opens=792177 total=10.651s mean=0.013ms requested_bytes=7717483609280 (7717.5 GB)
[arrival] tiles=975 waves=2335 uncovered_wait=31.043s dispatch=8.284s
[retain] enabled=false cap_gb=8 layers=63..=92 consults=0 wanted=0 hits=0 inserts=0 served=0.0MB
[summer] enabled=false cap_gb=8 sample=16 consults=0 wanted=0 hits=0 hit_rate=0.0% misses=0 inserts=0 evictions=0 recycled=0 allocs=0 pin_skips=0 gated=0 ramp=2..50 bar=0 suppressed=0 wide_skips=0 served=0.0MB copied=0.0MB ssd_avoided=0.0GB live=0/0.0GB model=0 protected=0 declined=0 topup_suppressed=0 aged=0 into=0/0/0 pending=0
[mirror-split] internal=0 K3C=0 K3B=0 K3A=0  shares=0%/0%/0%/0%
[phases] mono=356928.984522 chunks=195 sequence=330.734s read_wait=0.171s bind_upload=1.606s attention_resident=19.932s expert_read_prefetch=201.234s expert_demand_read=119.793s expert_plan=14.678s expert_hint=0.001s expert_submit=0.001s expert_kernel=104.366s source_fence=0.001s tail_head_sync=3.028s layer_other=0.337s expert_read_gross=186.555s plan_hint=14.406s plan_sched=0.268s attn_total=21.091s attn_encode=6.471s attn_wait=10.455s attn_drain=4.166s kernel_total=75.783s kernel_host=2.633s kernel_wait=6.991s kernel_drain=66.159s
[attn-split] single: calls=17856 total=15.712s encode=5.435s wait=6.111s drain=4.166s waits=30912 untimed=5217 | wide: calls=465 total=5.379s encode=1.035s wait=4.344s drain=0.000s waits=460 untimed=460 | hint: calls=18124 total=14.552s encode=0.045s wait=14.507s drain=0.000s waits=18138 untimed=18138
[kernel-split] single: calls=18831 total=68.419s encode=1.833s wait=1.023s drain=65.562s waits=20117 untimed=15889 | wide: calls=1135 total=7.364s encode=0.800s wait=5.968s drain=0.596s waits=1135 untimed=0
[kernel-sub] materialize=0.383s moe=8.452s precommit=65.735s rest=1.213s
[metal-cache] calls=25318 zero_copy_wraps=462 copies=0 cache_entries=198 bindless=true
  

[stats] generated=200 elapsed=339.790s speed=0.5886 token/s (1.699 s/token) chunks=196 committed_rows=236 verify_tx=4 drafts=4/16 layer_passes=18228 expert_rows=22264 expert_tiles=18514
[verify-width] w1=0 w2=2 w3=0 w4=1 w5=0 w6=0 w7=0 w8+=1              (w1 share 0.0% of 4 transactions)
[opens] expert file opens=796276 total=10.707s mean=0.013ms requested_bytes=7753420471488 (7753.4 GB)
[arrival] tiles=976 waves=2340 uncovered_wait=31.052s dispatch=8.293s
[retain] enabled=false cap_gb=8 layers=63..=92 consults=0 wanted=0 hits=0 inserts=0 served=0.0MB
[summer] enabled=false cap_gb=8 sample=16 consults=0 wanted=0 hits=0 hit_rate=0.0% misses=0 inserts=0 evictions=0 recycled=0 allocs=0 pin_skips=0 gated=0 ramp=2..50 bar=0 suppressed=0 wide_skips=0 served=0.0MB copied=0.0MB ssd_avoided=0.0GB live=0/0.0GB model=0 protected=0 declined=0 topup_suppressed=0 aged=0 into=0/0/0 pending=0
[mirror-split] internal=0 K3C=0 K3B=0 K3A=0  shares=0%/0%/0%/0%
[phases] mono=356930.527049 chunks=196 sequence=332.275s read_wait=0.171s bind_upload=1.606s attention_resident=20.022s expert_read_prefetch=202.303s expert_demand_read=120.459s expert_plan=14.752s expert_hint=0.001s expert_submit=0.001s expert_kernel=104.732s source_fence=0.001s tail_head_sync=3.042s layer_other=0.339s expert_read_gross=187.550s plan_hint=14.479s plan_sched=0.269s attn_total=21.181s attn_encode=6.495s attn_wait=10.500s attn_drain=4.186s kernel_total=76.140s kernel_host=2.642s kernel_wait=6.997s kernel_drain=66.501s
[attn-split] single: calls=17949 total=15.802s encode=5.460s wait=6.156s drain=4.186s waits=31073 untimed=5247 | wide: calls=465 total=5.379s encode=1.035s wait=4.344s drain=0.000s waits=460 untimed=460 | hint: calls=18216 total=14.625s encode=0.045s wait=14.580s drain=0.000s waits=18229 untimed=18229
[kernel-split] single: calls=18927 total=68.776s encode=1.842s wait=1.029s drain=65.905s waits=20218 untimed=15970 | wide: calls=1135 total=7.364s encode=0.800s wait=5.968s drain=0.596s waits=1135 untimed=0
[kernel-sub] materialize=0.383s moe=8.460s precommit=66.079s rest=1.217s
[metal-cache] calls=25414 zero_copy_wraps=462 copies=0 cache_entries=198 bindless=true

[native] Qwen proposals=4 tokens=4/16 fallbacks=0 verify-memory-rejections=0 wide-loads=0 wide-invocations=0 wide-skips=2 wide-failures=0 raw-overrides=1 raw-override-failures=1
WALL_SECONDS=346
