t_s,dev,v1,v2,v3
0.2100,disk0,875703713058816,1965032969,12416656080305848
0.2100,disk0w,1977539694592,18762155,1160087586025
0.2100,disk5,24795809740800,49937848,451829657704366
0.2100,disk5w,225980416,35966,1254168700
0.2100,disk4,29218579510272,29258295,339768917398991
0.2100,disk4w,1447515719680,1489459,590195507948
0.2100,disk8,40756685309952,66147067,696828575927573
0.2100,disk8w,4128768,601,984243925
0.2100,ram,76857245696,4380803072,276770
0.2100,cpu,14865048,21334339,513399653
0.2100,gpu,0,0,0
0.4100,disk0,875703713058816,1965032969,12416656080305848
0.4100,disk0w,1977539694592,18762155,1160087586025
0.4100,disk5,24795809740800,49937848,451829657704366
0.4100,disk5w,225980416,35966,1254168700
0.4100,disk4,29218579510272,29258295,339768917398991
0.4100,disk4w,1447515719680,1489459,590195507948
0.4100,disk8,40756685309952,66147067,696828575927573
0.4100,disk8w,4128768,601,984243925
0.4100,ram,76857245696,4380803072,276770
0.4100,cpu,14865050,21334340,513399705
0.4100,gpu,0,0,0
0.6096,disk0,875703713058816,1965032969,12416656080305848
0.6096,disk0w,1977539694592,18762155,1160087586025
0.6096,disk5,24795809740800,49937848,451829657704366
0.6096,disk5w,225980416,35966,1254168700
0.6096,disk4,29218579510272,29258295,339768917398991
0.6096,disk4w,1447515719680,1489459,590195507948
0.6096,disk8,40756685309952,66147067,696828575927573
0.6096,disk8w,4128768,601,984243925
0.6096,ram,76857245696,4380803072,276770
0.6096,cpu,14865050,21334340,513399705
0.6096,gpu,0,0,0
0.8077,disk0,875703713058816,1965032969,12416656080305848
0.8077,disk0w,1977539694592,18762155,1160087586025
0.8077,disk5,24795809740800,49937848,451829657704366
0.8077,disk5w,225980416,35966,1254168700
0.8077,disk4,29218579510272,29258295,339768917398991
0.8077,disk4w,1447515719680,1489459,590195507948
0.8077,disk8,40756685309952,66147067,696828575927573
0.8077,disk8w,4128768,601,984243925
0.8077,ram,76857245696,4380803072,276770
0.8077,cpu,14865050,21334340,513399705
0.8077,gpu,0,0,0
1.0027,disk0,875703713058816,1965032969,12416656080305848
1.0027,disk0w,1977539694592,18762155,1160087586025
1.0027,disk5,24795809740800,49937848,451829657704366
1.0027,disk5w,225980416,35966,1254168700
1.0027,disk4,29218579510272,29258295,339768917398991
1.0027,disk4w,1447515719680,1489459,590195507948
1.0027,disk8,40756685309952,66147067,696828575927573
1.0027,disk8w,4128768,601,984243925
1.0027,ram,76857245696,4380803072,276770
1.0027,cpu,14865050,21334340,513399705
1.0027,gpu,0,0,0
1.2052,disk0,875703718879232,1965033080,12416656098215893
1.2052,disk0w,1977539694592,18762155,1160087586025
1.2052,disk5,24795809740800,49937848,451829657704366
1.2052,disk5w,225980416,35966,1254168700
1.2052,disk4,29218579510272,29258295,339768917398991
1.2052,disk4w,1447515719680,1489459,590195507948
1.2052,disk8,40756685309952,66147067,696828575927573
1.2052,disk8w,4128768,601,984243925
1.2052,ram,76798279680,4381474816,276770
1.2052,cpu,14865091,21334377,513401362
1.2052,gpu,0,0,0
1.4100,disk0,875703718936576,1965033084,12416656098793642
1.4100,disk0w,1977539698688,18762156,1160087602858
1.4100,disk5,24795809740800,49937848,451829657704366
1.4100,disk5w,225980416,35966,1254168700
1.4100,disk4,29218579510272,29258295,339768917398991
1.4100,disk4w,1447515719680,1489459,590195507948
1.4100,disk8,40756779337728,66147317,696829729141399
1.4100,disk8w,4128768,601,984243925
1.4100,ram,76795576320,4381474816,276770
1.4100,cpu,14865094,21334385,513401552
1.4100,gpu,0,0,0
1.6083,disk0,875703718936576,1965033084,12416656098793642
1.6083,disk0w,1977539698688,18762156,1160087602858
1.6083,disk5,24795809740800,49937848,451829657704366
1.6083,disk5w,225980416,35966,1254168700
1.6083,disk4,29218579510272,29258295,339768917398991
1.6083,disk4w,1447515719680,1489459,590195507948
1.6083,disk8,40757860091904,66148395,696838394645067
1.6083,disk8w,4128768,601,984243925
1.6083,ram,76795576320,4381474816,276770
1.6083,cpu,14865094,21334385,513401552
1.6083,gpu,0,0,0
1.8100,disk0,875704062513152,1965034336,12416656992901654
1.8100,disk0w,1977539706880,18762158,1160087649357
1.8100,disk5,24795809740800,49937848,451829657704366
1.8100,disk5w,225980416,35966,1254168700
1.8100,disk4,29218579510272,29258295,339768917398991
1.8100,disk4w,1447515719680,1489459,590195507948
1.8100,disk8,40757860091904,66148395,696838394645067
1.8100,disk8w,4128768,601,984243925
1.8100,ram,76795576320,4381474816,276770
1.8100,cpu,14865094,21334385,513401552
1.8100,gpu,0,0,0
2.0071,disk0,875704632938496,1965035679,12416657995100223
2.0071,disk0w,1977539706880,18762158,1160087649357
2.0071,disk5,24795809740800,49937848,451829657704366
2.0071,disk5w,225980416,35966,1254168700
2.0071,disk4,29218579510272,29258295,339768917398991
2.0071,disk4w,1447515719680,1489459,590195507948
2.0071,disk8,40757860091904,66148395,696838394645067
2.0071,disk8w,4128768,601,984243925
2.0071,ram,76795576320,4381474816,276770
2.0071,cpu,14865094,21334385,513401552
2.0071,gpu,0,0,0
2.2033,disk0,875704918056960,1965036235,12416658433324331
2.2033,disk0w,1977539706880,18762158,1160087649357
2.2033,disk5,24795809740800,49937848,451829657704366
2.2033,disk5w,225980416,35966,1254168700
2.2033,disk4,29218579510272,29258295,339768917398991
2.2033,disk4w,1447515719680,1489459,590195507948
2.2033,disk8,40757860091904,66148395,696838394645067
2.2033,disk8w,4128768,601,984243925
2.2033,ram,76795576320,4381474816,276770
2.2033,cpu,14865094,21334385,513401552
2.2033,gpu,0,0,0
2.4020,disk0,875704918380544,1965036242,12416658434648371
2.4020,disk0w,1977539706880,18762158,1160087649357
2.4020,disk5,24795809740800,49937848,451829657704366
2.4020,disk5w,225980416,35966,1254168700
2.4020,disk4,29218579510272,29258295,339768917398991
2.4020,disk4w,1447515719680,1489459,590195507948
2.4020,disk8,40758594635776,66150069,696850648140126
2.4020,disk8w,4128768,601,984243925
2.4020,ram,71621984256,6771736576,276770
2.4020,cpu,14865178,21334446,513403130
2.4020,gpu,0,0,0
2.6100,disk0,875704918503424,1965036248,12416658437998161
2.6100,disk0w,1977539706880,18762158,1160087649357
2.6100,disk5,24795809740800,49937848,451829657704366
2.6100,disk5w,225980416,35966,1254168700
2.6100,disk4,29218579510272,29258295,339768917398991
2.6100,disk4w,1447515719680,1489459,590195507948
2.6100,disk8,40759839713280,66154351,696877395220659
2.6100,disk8w,4128768,601,984243925
2.6100,ram,71621984256,6771736576,276770
2.6100,cpu,14865178,21334446,513403130
2.6100,gpu,0,0,0
2.8100,disk0,875705602850816,1965037482,12416670265885491
2.8100,disk0w,1977539706880,18762158,1160087649357
2.8100,disk5,24796160686080,49938569,451839884899848
2.8100,disk5w,225980416,35966,1254168700
2.8100,disk4,29219018191872,29258721,339775520735514
2.8100,disk4w,1447515719680,1489459,590195507948
2.8100,disk8,40760774658048,66156579,696898412113546
2.8100,disk8w,4128768,601,984243925
2.8100,ram,71621984256,6771736576,276770
2.8100,cpu,14865178,21334446,513403130
2.8100,gpu,0,0,0
3.0100,disk0,875707287388160,1965040480,12416698641391028
3.0100,disk0w,1977539706880,18762158,1160087649357
3.0100,disk5,24796687104000,49939648,451852092554103
3.0100,disk5w,225980416,35966,1254168700
3.0100,disk4,29219860460544,29259538,339788606385364
3.0100,disk4w,1447515719680,1489459,590195507948
3.0100,disk8,40761669568512,66157557,696913446227771
3.0100,disk8w,4128768,601,984243925
3.0100,ram,71621984256,6771736576,276770
3.0100,cpu,14865178,21334446,513403130
3.0100,gpu,0,0,0
3.2100,disk0,875708194930688,1965041834,12416711865356675
3.2100,disk0w,1977539706880,18762158,1160087649357
3.2100,disk5,24797110941696,49940513,451862963374656
3.2100,disk5w,225980416,35966,1254168700
3.2100,disk4,29220492162048,29260150,339798562183159
3.2100,disk4w,1447515719680,1489459,590195507948
3.2100,disk8,40762638874624,66159732,696931169052129
3.2100,disk8w,4128768,601,984243925
3.2100,ram,71621984256,6771736576,276770
3.2100,cpu,14865178,21334446,513403130
3.2100,gpu,0,0,0
3.4100,disk0,875709691363328,1965044272,12416735166396872
3.4100,disk0w,1977539706880,18762158,1160087649357
3.4100,disk5,24797739939840,49941807,451880897565551
3.4100,disk5w,225980416,35966,1254168700
3.4100,disk4,29221334430720,29260967,339811680044131
3.4100,disk4w,1447515719680,1489459,590195507948
3.4100,disk8,40763496675328,66160816,696945172646099
3.4100,disk8w,4128768,601,984243925
3.4100,ram,60926214144,9860268032,276770
3.4100,cpu,14865205,21334568,513404774
3.4100,gpu,0,0,0
3.6100,disk0,875710533689344,1965046062,12416749395002480
3.6100,disk0w,1977539706880,18762158,1160087649357
3.6100,disk5,24798161074176,49942671,451894254661064
3.6100,disk5w,225980416,35966,1254168700
3.6100,disk4,29221825754112,29261444,339820489555218
3.6100,disk4w,1447515719680,1489459,590195507948
3.6100,disk8,40764358383616,66162409,696961495653556
3.6100,disk8w,4128768,601,984243925
3.6100,ram,60926214144,9860268032,276770
3.6100,cpu,14865205,21334568,513404774
3.6100,gpu,0,0,0
3.8100,disk0,875711906050048,1965049013,12416771955382005
3.8100,disk0w,1977539706880,18762158,1160087649357
3.8100,disk5,24798598174720,49943567,451902937963635
3.8100,disk5w,225980416,35966,1254168700
3.8100,disk4,29222583219200,29262178,339832079133521
3.8100,disk4w,1447515719680,1489459,590195507948
3.8100,disk8,40765429340160,66164233,696982969657023
3.8100,disk8w,4128768,601,984243925
3.8100,ram,60926214144,9860268032,276770
3.8100,cpu,14865205,21334568,513404774
3.8100,gpu,0,0,0
4.0100,disk0,875712970006528,1965051816,12416789791946478
4.0100,disk0w,1977539706880,18762158,1160087649357
4.0100,disk5,24799069091840,49944534,451916106518141
4.0100,disk5w,225980416,35966,1254168700
4.0100,disk4,29223221834752,29262797,339842640446609
4.0100,disk4w,1447515719680,1489459,590195507948
4.0100,disk8,40766543640576,66166086,697012090348639
4.0100,disk8w,4128768,601,984243925
4.0100,ram,60926214144,9860268032,276770
4.0100,cpu,14865205,21334568,513404774
4.0100,gpu,0,0,0
4.2058,disk0,875713878155264,1965053977,12416805229494733
4.2058,disk0w,1977539706880,18762158,1160087649357
4.2058,disk5,24799449364480,49945314,451926754548837
4.2058,disk5w,225980416,35966,1254168700
4.2058,disk4,29223816983552,29263375,339852504582126
4.2058,disk4w,1447515719680,1489459,590195507948
4.2058,disk8,40767865436160,66168414,697049828104638
4.2058,disk8w,4128768,601,984243925
4.2058,ram,60926214144,9860268032,276770
4.2058,cpu,14865205,21334568,513404774
4.2058,gpu,6,2,0
4.4100,disk0,875714902958080,1965056099,12416820662616489
4.4100,disk0w,1977539706880,18762158,1160087649357
4.4100,disk5,24800054925312,49946554,451942798738092
4.4100,disk5w,225980416,35966,1254168700
4.4100,disk4,29224716891136,29264247,339867270397703
4.4100,disk4w,1447515719680,1489459,590195507948
4.4100,disk8,40768997644288,66170279,697082908553103
4.4100,disk8w,4128768,601,984243925
4.4100,ram,54472900608,12132696064,276770
4.4100,cpu,14865230,21334687,513406416
4.4100,gpu,0,0,0
4.6100,disk0,875715691896832,1965057450,12416831723758941
4.6100,disk0w,1977539706880,18762158,1160087649357
4.6100,disk5,24800442505216,49947352,451952067102949
4.6100,disk5w,225980416,35966,1254168700
4.6100,disk4,29225548149760,29265054,339884313576849
4.6100,disk4w,1447515719680,1489459,590195507948
4.6100,disk8,40770159527936,66172731,697112707648415
4.6100,disk8w,4128768,601,984243925
4.6100,ram,54472900608,12132696064,276770
4.6100,cpu,14865230,21334687,513406416
4.6100,gpu,0,0,0
4.8100,disk0,875717052006400,1965060037,12416853459432144
4.8100,disk0w,1977539706880,18762158,1160087649357
4.8100,disk5,24801056372736,49948612,451968052635164
4.8100,disk5w,225980416,35966,1254168700
4.8100,disk4,29226616157184,29266092,339904999508879
4.8100,disk4w,1447515719680,1489459,590195507948
4.8100,disk8,40771153905664,66174529,697139105374010
4.8100,disk8w,4128768,601,984243925
4.8100,ram,54472900608,12132696064,276770
4.8100,cpu,14865230,21334687,513406416
4.8100,gpu,0,0,0
5.0031,disk0,875718009737216,1965061492,12416867686521587
5.0031,disk0w,1977539706880,18762158,1160087649357
5.0031,disk5,24801524660224,49949569,451980958116150
5.0031,disk5w,225980416,35966,1254168700
5.0031,disk4,29227221988352,29266679,339914497344280
5.0031,disk4w,1447515719680,1489459,590195507948
5.0031,disk8,40772463495168,66176826,697173323794916
5.0031,disk8w,4128768,601,984243925
5.0031,ram,54472900608,12132696064,276770
5.0031,cpu,14865230,21334687,513406416
5.0031,gpu,0,0,0
5.2009,disk0,875719196413952,1965063464,12416887884209892
5.2009,disk0w,1977539706880,18762158,1160087649357
5.2009,disk5,24802009167872,49950568,451993681940482
5.2009,disk5w,225980416,35966,1254168700
5.2009,disk4,29227977782272,29267412,339926737116947
5.2009,disk4w,1447515719680,1489459,590195507948
5.2009,disk8,40773617690624,66178786,697204194312758
5.2009,disk8w,4128768,601,984243925
5.2009,ram,54472900608,12132696064,276770
5.2009,cpu,14865230,21334687,513406416
5.2009,gpu,0,0,0
5.4099,disk0,875720591904768,1965092211,12416924141251733
5.4099,disk0w,1977539706880,18762158,1160087649357
5.4099,disk5,24802705815552,49951999,452014036789470
5.4099,disk5w,225980416,35966,1254168700
5.4099,disk4,29228943995904,29268349,339943296721270
5.4099,disk4w,1447515719680,1489459,590195507948
5.4099,disk8,40775037224960,66181151,697242766081233
5.4099,disk8w,4128768,601,984243925
5.4099,ram,51158024192,13805535232,276770
5.4099,cpu,14865258,21334841,513407950
5.4099,gpu,0,0,0
5.6100,disk0,875721880666112,1965105305,12416951308964056
5.6100,disk0w,1977539706880,18762158,1160087649357
5.6100,disk5,24803134617600,49952875,452024595132548
5.6100,disk5w,225980416,35966,1254168700
5.6100,disk4,29229581710336,29268968,339953864959609
5.6100,disk4w,1447515719680,1489459,590195507948
5.6100,disk8,40776203618304,66183313,697271356979272
5.6100,disk8w,4128768,601,984243925
5.6100,ram,51158024192,13805535232,276770
5.6100,cpu,14865258,21334841,513407950
5.6100,gpu,0,0,0
5.8100,disk0,875722834608128,1965106892,12416966231600868
5.8100,disk0w,1977539710976,18762159,1160087669440
5.8100,disk5,24803565631488,49953764,452036595647333
5.8100,disk5w,225980416,35966,1254168700
5.8100,disk4,29230195799040,29269565,339964535118951
5.8100,disk4w,1447515719680,1489459,590195507948
5.8100,disk8,40777400313856,66186264,697304523981161
5.8100,disk8w,4128768,601,984243925
5.8100,ram,51158024192,13805535232,276770
5.8100,cpu,14865258,21334841,513407950
5.8100,gpu,100,3,0
6.0081,disk0,875724133109760,1965109516,12416986929804696
6.0081,disk0w,1977539710976,18762159,1160087669440
6.0081,disk5,24804320163840,49955314,452059232923742
6.0081,disk5w,225980416,35966,1254168700
6.0081,disk4,29231178445824,29270518,339981634664223
6.0081,disk4w,1447515719680,1489459,590195507948
6.0081,disk8,40778541570048,66187981,697332120331609
6.0081,disk8w,4128768,601,984243925
6.0081,ram,51158024192,13805535232,276770
6.0081,cpu,14865258,21334841,513407950
6.0081,gpu,0,0,0
6.2100,disk0,875725361156096,1965111619,12417005504797022
6.2100,disk0w,1977539710976,18762159,1160087669440
6.2100,disk5,24804992538624,49956689,452078341700195
6.2100,disk5w,225980416,35966,1254168700
6.2100,disk4,29232114529280,29271426,339998125038458
6.2100,disk4w,1447515719680,1489459,590195507948
6.2100,disk8,40779808397312,66190824,697366224499009
6.2100,disk8w,4128768,601,984243925
6.2100,ram,51158024192,13805535232,276770
6.2100,cpu,14865258,21334841,513407950
6.2100,gpu,0,0,0
6.4065,disk0,875726817849344,1965114395,12417030959706147
6.4065,disk0w,1977539710976,18762159,1160087669440
6.4065,disk5,24805548472320,49957830,452094659567317
6.4065,disk5w,225980416,35966,1254168700
6.4065,disk4,29232705057792,29271999,340006224845896
6.4065,disk4w,1447515719680,1489459,590195507948
6.4065,disk8,40781035517952,66193093,697397415575335
6.4065,disk8w,4128768,601,984243925
6.4065,ram,47092826112,16142450688,276770
6.4065,cpu,14865286,21335004,513409685
6.4065,gpu,0,0,0
6.6100,disk0,875728186535936,1965117013,12417054810236866
6.6100,disk0w,1977539731456,18762160,1160087697648
6.6100,disk5,24806127532032,49959017,452112360359549
6.6100,disk5w,225980416,35966,1254168700
6.6100,disk4,29233389401088,29272663,340017290649385
6.6100,disk4w,1447515719680,1489459,590195507948
6.6100,disk8,40782105614336,66195721,697426806176763
6.6100,disk8w,4128768,601,984243925
6.6100,ram,47092826112,16142450688,276770
6.6100,cpu,14865286,21335004,513409685
6.6100,gpu,84,5,0
6.8100,disk0,875729695600640,1965120000,12417080072881289
6.8100,disk0w,1977539731456,18762160,1160087697648
6.8100,disk5,24806864517120,49960529,452134232038531
6.8100,disk5w,225980416,35966,1254168700
6.8100,disk4,29234382894080,29273629,340034393390301
6.8100,disk4w,1447515719680,1489459,590195507948
6.8100,disk8,40783421995008,66198226,697464714331760
6.8100,disk8w,4128768,601,984243925
6.8100,ram,47092826112,16142450688,276770
6.8100,cpu,14865286,21335004,513409685
6.8100,gpu,0,0,0
7.0103,disk0,875730674429952,1965121915,12417095434655388
7.0103,disk0w,1977539731456,18762160,1160087697648
7.0103,disk5,24807308965888,49961436,452145345528019
7.0103,disk5w,225980416,35966,1254168700
7.0103,disk4,29235081278464,29274309,340045833706447
7.0103,disk4w,1447515719680,1489459,590195507948
7.0103,disk8,40784642451456,66200648,697494215896285
7.0103,disk8w,4128768,601,984243925
7.0103,ram,47092826112,16142450688,276770
7.0103,cpu,14865286,21335004,513409685
7.0103,gpu,24,2,0
7.2100,disk0,875732345286656,1965125099,12417122859100645
7.2100,disk0w,1977539768320,18762162,1160087739564
7.2100,disk5,24807882258432,49962613,452159768421376
7.2100,disk5w,225980416,35966,1254168700
7.2100,disk4,29235964015616,29275166,340060071475607
7.2100,disk4w,1447515719680,1489459,590195507948
7.2100,disk8,40785728825344,66202502,697517726304122
7.2100,disk8w,4128768,601,984243925
7.2100,ram,47092826112,16142450688,276770
7.2100,cpu,14865286,21335004,513409685
7.2100,gpu,0,0,0
7.4055,disk0,875733380575232,1965126770,12417138565703701
7.4055,disk0w,1977539776512,18762164,1160087778105
7.4055,disk5,24808338487296,49963550,452172433358527
7.4055,disk5w,225980416,35966,1254168700
7.4055,disk4,29237021684736,29276194,340084256119960
7.4055,disk4w,1447515719680,1489459,590195507948
7.4055,disk8,40786812700672,66204536,697544612486178
7.4055,disk8w,4128768,601,984243925
7.4055,ram,42522951680,18513379328,276770
7.4055,cpu,14865315,21335140,513411236
7.4055,gpu,100,0,0
7.6082,disk0,875734889918464,1965129234,12417162111437464
7.6082,disk0w,1977539776512,18762164,1160087778105
7.6082,disk5,24809083860992,49965078,452194551060031
7.6082,disk5w,225980416,35966,1254168700
7.6082,disk4,29237819700224,29276969,340095373144783
7.6082,disk4w,1447515719680,1489459,590195507948
7.6082,disk8,40788167133184,66207303,697581539446096
7.6082,disk8w,4128768,601,984243925
7.6082,ram,42522951680,18513379328,276770
7.6082,cpu,14865315,21335140,513411236
7.6082,gpu,0,0,0
7.8011,disk0,875736082853888,1965130971,12417179236188250
7.8011,disk0w,1977539780608,18762165,1160087786480
7.8011,disk5,24809616898048,49966164,452208825587552
7.8011,disk5w,225980416,35966,1254168700
7.8011,disk4,29238671127552,29277801,340110990742214
7.8011,disk4w,1447515719680,1489459,590195507948
7.8011,disk8,40789436475392,66209798,697614612260638
7.8011,disk8w,4128768,601,984243925
7.8011,ram,42522951680,18513379328,276770
7.8011,cpu,14865315,21335140,513411236
7.8011,gpu,0,0,0
8.0044,disk0,875737346256896,1965132589,12417196233241602
8.0044,disk0w,1977539780608,18762165,1160087786480
8.0044,disk5,24810637178880,49968267,452244027610877
8.0044,disk5w,225980416,35966,1254168700
8.0044,disk4,29239636227072,29278740,340127496669778
8.0044,disk4w,1447515719680,1489459,590195507948
8.0044,disk8,40790575499264,66211802,697642503479259
8.0044,disk8w,4128768,601,984243925
8.0044,ram,42522951680,18513379328,276770
8.0044,cpu,14865315,21335140,513411236
8.0044,gpu,8,0,0
8.2100,disk0,875738947497984,1965134455,12417219378076276
8.2100,disk0w,1977539780608,18762165,1160087786480
8.2100,disk5,24811421194240,49969870,452267930000512
8.2100,disk5w,225980416,35966,1254168700
8.2100,disk4,29240513590272,29279593,340140805212624
8.2100,disk4w,1447515719680,1489459,590195507948
8.2100,disk8,40791922456576,66214374,697674521734985
8.2100,disk8w,4128768,601,984243925
8.2100,ram,42522951680,18513379328,276770
8.2100,cpu,14865315,21335140,513411236
8.2100,gpu,0,0,0
8.4100,disk0,875740294197248,1965136231,12417239242770596
8.4100,disk0w,1977539780608,18762165,1160087786480
8.4100,disk5,24812005865472,49971072,452285118398894
8.4100,disk5w,225980416,35966,1254168700
8.4100,disk4,29241127744512,29280194,340147708734967
8.4100,disk4w,1447515719680,1489459,590195507948
8.4100,disk8,40793234831360,66217220,697710772166663
8.4100,disk8w,4128768,601,984243925
8.4100,ram,38058426368,20877033472,276770
8.4100,cpu,14865339,21335294,513412984
8.4100,gpu,0,0,0
8.6100,disk0,875741566251008,1965137869,12417256247955672
8.6100,disk0w,1977539780608,18762165,1160087786480
8.6100,disk5,24812581042176,49972248,452301426274377
8.6100,disk5w,225980416,35966,1254168700
8.6100,disk4,29241897235456,29280939,340158669301474
8.6100,disk4w,1447515719680,1489459,590195507948
8.6100,disk8,40794379671552,66219880,697742494129582
8.6100,disk8w,4128768,601,984243925
8.6100,ram,38058426368,20877033472,276770
8.6100,cpu,14865339,21335294,513412984
8.6100,gpu,0,0,0
8.8100,disk0,875743189495808,1965140552,12417284633795452
8.8100,disk0w,1977539780608,18762165,1160087786480
8.8100,disk5,24813339457536,49973812,452327768523094
8.8100,disk5w,225980416,35966,1254168700
8.8100,disk4,29242549072896,29281573,340167972273882
8.8100,disk4w,1447515719680,1489459,590195507948
8.8100,disk8,40795286861824,66221664,697760474149687
8.8100,disk8w,4128768,601,984243925
8.8100,ram,38058426368,20877033472,276770
8.8100,cpu,14865339,21335294,513412984
8.8100,gpu,0,0,0
9.0100,disk0,875744636694528,1965143083,12417307766155111
9.0100,disk0w,1977539788800,18762167,1160090251937
9.0100,disk5,24813915658240,49974994,452342044081020
9.0100,disk5w,225980416,35966,1254168700
9.0100,disk4,29243360998400,29282361,340180300600253
9.0100,disk4w,1447515719680,1489459,590195507948
9.0100,disk8,40796702619648,66224465,697804940889662
9.0100,disk8w,4128768,601,984243925
9.0100,ram,38058426368,20877033472,276770
9.0100,cpu,14865339,21335294,513412984
9.0100,gpu,0,0,0
9.2100,disk0,875745856581632,1965145185,12417326101329951
9.2100,disk0w,1977539788800,18762167,1160090251937
9.2100,disk5,24814551341056,49976294,452361072723643
9.2100,disk5w,225980416,35966,1254168700
9.2100,disk4,29244001858560,29282987,340189081015544
9.2100,disk4w,1447515719680,1489459,590195507948
9.2100,disk8,40797786609664,66226709,697829672245000
9.2100,disk8w,4128768,601,984243925
9.2100,ram,38058426368,20877033472,276770
9.2100,cpu,14865339,21335294,513412984
9.2100,gpu,0,0,0
9.4100,disk0,875747418386432,1965148308,12417351559832215
9.4100,disk0w,1977539788800,18762167,1160090251937
9.4100,disk5,24815217014784,49977663,452380832473600
9.4100,disk5w,225980416,35966,1254168700
9.4100,disk4,29244882859008,29283848,340202868491160
9.4100,disk4w,1447515719680,1489459,590195507948
9.4100,disk8,40798721738752,66227889,697848483671181
9.4100,disk8w,4128768,601,984243925
9.4100,ram,34950152192,22135291904,276770
9.4100,cpu,14865356,21335421,513414553
9.4100,gpu,26,0,0
9.6100,disk0,875748383506432,1965150284,12417366552021882
9.6100,disk0w,1977545670656,18762359,1160095248670
9.6100,disk5,24815725885440,49978705,452395322820226
9.6100,disk5w,225980416,35966,1254168700
9.6100,disk4,29245549655040,29284496,340213750917529
9.6100,disk4w,1447515719680,1489459,590195507948
9.6100,disk8,40800137807872,66230698,697892805684079
9.6100,disk8w,4128768,601,984243925
9.6100,ram,34950152192,22135291904,276770
9.6100,cpu,14865356,21335421,513414553
9.6100,gpu,0,0,0
9.8059,disk0,875749417730048,1965152166,12417381205578891
9.8059,disk0w,1977545670656,18762359,1160095248670
9.8059,disk5,24816452941824,49980196,452417961642990
9.8059,disk5w,225980416,35966,1254168700
9.8059,disk4,29246144443392,29285073,340222093507512
9.8059,disk4w,1447515719680,1489459,590195507948
9.8059,disk8,40801340909568,66232952,697921592770144
9.8059,disk8w,4128768,601,984243925
9.8059,ram,34950152192,22135291904,276770
9.8059,cpu,14865356,21335421,513414553
9.8059,gpu,0,0,0
10.0100,disk0,875750699757568,1965154433,12417402245984343
10.0100,disk0w,1977545670656,18762359,1160095248670
10.0100,disk5,24817129666560,49981585,452439137574602
10.0100,disk5w,225980416,35966,1254168700
10.0100,disk4,29246982026240,29285887,340236622270125
10.0100,disk4w,1447515719680,1489459,590195507948
10.0100,disk8,40802607679488,66235051,697959289612321
10.0100,disk8w,4128768,601,984243925
10.0100,ram,34950152192,22135291904,276770
10.0100,cpu,14865356,21335421,513414553
10.0100,gpu,0,0,0
10.2084,disk0,875751856484352,1965156328,12417420766776731
10.2084,disk0w,1977545670656,18762359,1160095248670
10.2084,disk5,24817629902848,49982614,452452690350922
10.2084,disk5w,225980416,35966,1254168700
10.2084,disk4,29247679165440,29286564,340248001535742
10.2084,disk4w,1447515719680,1489459,590195507948
10.2084,disk8,40803907913728,66238057,697997981697476
10.2084,disk8w,4128768,601,984243925
10.2084,ram,34950152192,22135291904,276770
10.2084,cpu,14865356,21335421,513414553
10.2084,gpu,0,0,0
10.4100,disk0,875753045577728,1965158116,12417437683287140
10.4100,disk0w,1977545670656,18762359,1160095248670
10.4100,disk5,24818295166976,49983977,452471553803013
10.4100,disk5w,225980416,35966,1254168700
10.4100,disk4,29248427406336,29287290,340258448290365
10.4100,disk4w,1447515719680,1489459,590195507948
10.4100,disk8,40805058324480,66240391,698022724211979
10.4100,disk8w,4128768,601,984243925
10.4100,ram,31355289600,23861035008,276770
10.4100,cpu,14865385,21335586,513416216
10.4100,gpu,0,0,0
10.6100,disk0,875754577408000,1965160587,12417461688822466
10.6100,disk0w,1977545670656,18762359,1160095248670
10.6100,disk5,24819018954752,49985462,452492961441257
10.6100,disk5w,225980416,35966,1254168700
10.6100,disk4,29249146844160,29287988,340267550714269
10.6100,disk4w,1447515719680,1489459,590195507948
10.6100,disk8,40806243440640,66242032,698052298343709
10.6100,disk8w,4128768,601,984243925
10.6100,ram,31355289600,23861035008,276770
10.6100,cpu,14865385,21335586,513416216
10.6100,gpu,0,0,0
10.8030,disk0,875755382075392,1965161743,12417474244084993
10.8030,disk0w,1977545670656,18762359,1160095248670
10.8030,disk5,24819452721152,49986356,452506367559581
10.8030,disk5w,225980416,35966,1254168700
10.8030,disk4,29249895363584,29288715,340285057077027
10.8030,disk4w,1447515719680,1489459,590195507948
10.8030,disk8,40807402043392,66245073,698084913788647
10.8030,disk8w,4128768,601,984243925
10.8030,ram,31355289600,23861035008,276770
10.8030,cpu,14865385,21335586,513416216
10.8030,gpu,16,0,0
11.0100,disk0,875756528005120,1965163380,12417490233650850
11.0100,disk0w,1977545670656,18762359,1160095248670
11.0100,disk5,24819910653952,49987293,452515770634014
11.0100,disk5w,225980416,35966,1254168700
11.0100,disk4,29250772612096,29289566,340299849988667
11.0100,disk4w,1447515719680,1489459,590195507948
11.0100,disk8,40808570320896,66247436,698112473198606
11.0100,disk8w,4128768,601,984243925
11.0100,ram,31355289600,23861035008,276770
11.0100,cpu,14865385,21335586,513416216
11.0100,gpu,0,0,0
11.2100,disk0,875757771304960,1965165175,12417511037719430
11.2100,disk0w,1977545670656,18762359,1160095248670
11.2100,disk5,24820340815872,49988176,452526456124970
11.2100,disk5w,225980416,35966,1254168700
11.2100,disk4,29251884217344,29290646,340325043989639
11.2100,disk4w,1447515719680,1489459,590195507948
11.2100,disk8,40809813760000,66249953,698152545574306
11.2100,disk8w,4128768,601,984243925
11.2100,ram,31355289600,23861035008,276770
11.2100,cpu,14865385,21335586,513416216
11.2100,gpu,10,1,0
11.4044,disk0,875759099080704,1965167177,12417532641899095
11.4044,disk0w,1977545670656,18762359,1160095248670
11.4044,disk5,24820730525696,49988975,452535549460825
11.4044,disk5w,225980416,35966,1254168700
11.4044,disk4,29252785419264,29291523,340343443603185
11.4044,disk4w,1447515719680,1489459,590195507948
11.4044,disk8,40811035686912,66253163,698184947160498
11.4044,disk8w,4128768,601,984243925
11.4044,ram,26512179200,26845577216,276770
11.4044,cpu,14865407,21335710,513417716
11.4044,gpu,18,0,0
11.6100,disk0,875760564121600,1965169864,12417556602330733
11.6100,disk0w,1977545670656,18762359,1160095248670
11.6100,disk5,24821147990016,49989831,452545501154115
11.6100,disk5w,225980416,35966,1254168700
11.6100,disk4,29253707101184,29292418,340359837154514
11.6100,disk4w,1447515719680,1489459,590195507948
11.6100,disk8,40811949586432,66255165,698202462902275
11.6100,disk8w,4128768,601,984243925
11.6100,ram,26512179200,26845577216,276770
11.6100,cpu,14865407,21335710,513417716
11.6100,gpu,0,0,0
11.8100,disk0,875761984032768,1965172866,12417580052566074
11.8100,disk0w,1977545670656,18762359,1160095248670
11.8100,disk5,24821639313408,49990839,452557347618280
11.8100,disk5w,225980416,35966,1254168700
11.8100,disk4,29254463665152,29293153,340370754234347
11.8100,disk4w,1447515719680,1489459,590195507948
11.8100,disk8,40813202302976,66257002,698236227495128
11.8100,disk8w,4128768,601,984243925
11.8100,ram,26512179200,26845577216,276770
11.8100,cpu,14865407,21335710,513417716
11.8100,gpu,0,0,0
12.0022,disk0,875763452706816,1965176319,12417605934410035
12.0022,disk0w,1977545670656,18762359,1160095248670
12.0022,disk5,24822116767744,49991819,452569982802911
12.0022,disk5w,225980416,35966,1254168700
12.0022,disk4,29254978827264,29293654,340376810291004
12.0022,disk4w,1447515719680,1489459,590195507948
12.0022,disk8,40814505535488,66260270,698275698539158
12.0022,disk8w,4128768,601,984243925
12.0022,ram,26512179200,26845577216,276770
12.0022,cpu,14865407,21335710,513417716
12.0022,gpu,0,0,0
12.2100,disk0,875765035876352,1965179960,12417633504165998
12.2100,disk0w,1977545670656,18762359,1160095248670
12.2100,disk5,24822692149248,49993000,452584287254021
12.2100,disk5w,225980416,35966,1254168700
12.2100,disk4,29255814804480,29294466,340389762850411
12.2100,disk4w,1447515719680,1489459,590195507948
12.2100,disk8,40815701936128,66262350,698304761936507
12.2100,disk8w,4128768,601,984243925
12.2100,ram,26512179200,26845577216,276770
12.2100,cpu,14865407,21335710,513417716
12.2100,gpu,0,0,0
12.4100,disk0,875766246637568,1965182940,12417654504124633
12.4100,disk0w,1977545670656,18762359,1160095248670
12.4100,disk5,24823095736320,49993828,452593874929205
12.4100,disk5w,225980416,35966,1254168700
12.4100,disk4,29256586884096,29295217,340403638585318
12.4100,disk4w,1447515719680,1489459,590195507948
12.4100,disk8,40816847939584,66264116,698331376927245
12.4100,disk8w,4128768,601,984243925
12.4100,ram,22719578112,28537716736,276770
12.4100,cpu,14865422,21335851,513419414
12.4100,gpu,0,0,0
12.6100,disk0,875767343955968,1965185543,12417671158949151
12.6100,disk0w,1977545670656,18762359,1160095248670
12.6100,disk5,24823670396928,49995005,452609194729536
12.6100,disk5w,225980416,35966,1254168700
12.6100,disk4,29257630839808,29296231,340425229980773
12.6100,disk4w,1447515719680,1489459,590195507948
12.6100,disk8,40818241849344,66266264,698369454539190
12.6100,disk8w,4128768,601,984243925
12.6100,ram,22719578112,28537716736,276770
12.6100,cpu,14865422,21335851,513419414
12.6100,gpu,0,0,0
12.8100,disk0,875768193056768,1965187470,12417683935484597
12.8100,disk0w,1977545670656,18762359,1160095248670
12.8100,disk5,24824059320320,49995801,452618393853601
12.8100,disk5w,225980416,35966,1254168700
12.8100,disk4,29258284282880,29296865,340435119605678
12.8100,disk4w,1447515719680,1489459,590195507948
12.8100,disk8,40819544930304,66268294,698400013276995
12.8100,disk8w,4128768,601,984243925
12.8100,ram,22719578112,28537716736,276770
12.8100,cpu,14865422,21335851,513419414
12.8100,gpu,0,0,0
13.0100,disk0,875769370050560,1965189983,12417703755287799
13.0100,disk0w,1977545670656,18762359,1160095248670
13.0100,disk5,24824674990080,49997069,452636869464380
13.0100,disk5w,225980416,35966,1254168700
13.0100,disk4,29259043501056,29297604,340446863963938
13.0100,disk4w,1447515719680,1489459,590195507948
13.0100,disk8,40820693579776,66270048,698428026911455
13.0100,disk8w,4128768,601,984243925
13.0100,ram,22719578112,28537716736,276770
13.0100,cpu,14865422,21335851,513419414
13.0100,gpu,0,0,0
13.2100,disk0,875770829193216,1965192809,12417727645228270
13.2100,disk0w,1977545670656,18762359,1160095248670
13.2100,disk5,24825218955264,49998187,452649904990017
13.2100,disk5w,225980416,35966,1254168700
13.2100,disk4,29259970917376,29298505,340462567625265
13.2100,disk4w,1447515719680,1489459,590195507948
13.2100,disk8,40821882066944,66271929,698456353488330
13.2100,disk8w,4128768,601,984243925
13.2100,ram,22719578112,28537716736,276770
13.2100,cpu,14865422,21335851,513419414
13.2100,gpu,0,0,0
13.4100,disk0,875772124971008,1965195145,12417748567939242
13.4100,disk0w,1977545670656,18762359,1160095248670
13.4100,disk5,24825780467712,49999339,452664502127586
13.4100,disk5w,225980416,35966,1254168700
13.4100,disk4,29260737262592,29299251,340474217891398
13.4100,disk4w,1447515719680,1489459,590195507948
13.4100,disk8,40822815717376,66273153,698476924228993
13.4100,disk8w,4128768,601,984243925
13.4100,ram,18799886336,30891311104,276770
13.4100,cpu,14865439,21335981,513421057
13.4100,gpu,0,0,0
13.6100,disk0,875772826861568,1965196598,12417758817582594
13.6100,disk0w,1977545670656,18762359,1160095248670
13.6100,disk5,24826113865728,50000023,452672312160864
13.6100,disk5w,225980416,35966,1254168700
13.6100,disk4,29261605401600,29300097,340493254572737
13.6100,disk4w,1447515719680,1489459,590195507948
13.6100,disk8,40823627307008,66274340,698496921675059
13.6100,disk8w,4128768,601,984243925
13.6100,ram,18799886336,30891311104,276770
13.6100,cpu,14865439,21335981,513421057
13.6100,gpu,71,0,0
13.8100,disk0,875774368382976,1965198896,12417783394129798
13.8100,disk0w,1977545670656,18762359,1160095248670
13.8100,disk5,24826591442944,50000997,452682525860376
13.8100,disk5w,225980416,35966,1254168700
13.8100,disk4,29262511911936,29300975,340508270854679
13.8100,disk4w,1447515719680,1489459,590195507948
13.8100,disk8,40824515303424,66275321,698515185028364
13.8100,disk8w,4128768,601,984243925
13.8100,ram,18799886336,30891311104,276770
13.8100,cpu,14865439,21335981,513421057
13.8100,gpu,0,0,0
14.0109,disk0,875775684231168,1965201274,12417806631886891
14.0109,disk0w,1977545670656,18762359,1160095248670
14.0109,disk5,24827017697280,50001876,452694170974831
14.0109,disk5w,225980416,35966,1254168700
14.0109,disk4,29263316923392,29301758,340522666152925
14.0109,disk4w,1447515719680,1489459,590195507948
14.0109,disk8,40825133762560,66276190,698529480289365
14.0109,disk8w,4128768,601,984243925
14.0109,ram,18799886336,30891311104,276770
14.0109,cpu,14865439,21335981,513421057
14.0109,gpu,20,0,0
14.2070,disk0,875776993443840,1965203477,12417826950502707
14.2070,disk0w,1977545670656,18762359,1160095248670
14.2070,disk5,24827465005056,50002795,452703884598952
14.2070,disk5w,225980416,35966,1254168700
14.2070,disk4,29264191419392,29302607,340538035743888
14.2070,disk4w,1447515719680,1489459,590195507948
14.2070,disk8,40825834448896,66277139,698541332449998
14.2070,disk8w,4128768,601,984243925
14.2070,ram,18799886336,30891311104,276770
14.2070,cpu,14865439,21335981,513421057
14.2070,gpu,0,0,0
14.4100,disk0,875778974916608,1965207548,12417862463678855
14.4100,disk0w,1977545670656,18762359,1160095248670
14.4100,disk5,24827886139392,50003659,452712388244744
14.4100,disk5w,225980416,35966,1254168700
14.4100,disk4,29265080038400,29303478,340552039590181
14.4100,disk4w,1447515719680,1489459,590195507948
14.4100,disk8,40826511329280,66278116,698555030351557
14.4100,disk8w,4128768,601,984243925
14.4100,ram,16449536000,33242071040,276770
14.4100,cpu,14865455,21336105,513422702
14.4100,gpu,0,0,0
14.6100,disk0,875780702728192,1965211329,12417892494688606
14.6100,disk0w,1977545670656,18762359,1160095248670
14.6100,disk5,24828227729408,50004358,452717625704597
14.6100,disk5w,225980416,35966,1254168700
14.6100,disk4,29265772770304,29304149,340562050532451
14.6100,disk4w,1447515719680,1489459,590195507948
14.6100,disk8,40827142072320,66278933,698564603395418
14.6100,disk8w,4128768,601,984243925
14.6100,ram,16449536000,33242071040,276770
14.6100,cpu,14865455,21336105,513422702
14.6100,gpu,0,0,0
14.8070,disk0,875782530498560,1965215774,12417926415799161
14.8070,disk0w,1977545678848,18762361,1160095295878
14.8070,disk5,24828745955328,50005427,452733169740296
14.8070,disk5w,225980416,35966,1254168700
14.8070,disk4,29266360710144,29304721,340569992933662
14.8070,disk4w,1447515719680,1489459,590195507948
14.8070,disk8,40827730896896,66279684,698574901449835
14.8070,disk8w,4128768,601,984243925
14.8070,ram,16449536000,33242071040,276770
14.8070,cpu,14865455,21336105,513422702
14.8070,gpu,24,0,0
15.0074,disk0,875783581552640,1965218566,12417944383108067
15.0074,disk0w,1977545678848,18762361,1160095295878
15.0074,disk5,24829120215040,50006195,452742474645794
15.0074,disk5w,225980416,35966,1254168700
15.0074,disk4,29267105035264,29305442,340583416654704
15.0074,disk4w,1447515719680,1489459,590195507948
15.0074,disk8,40828374497280,66280606,698587688530393
15.0074,disk8w,4128768,601,984243925
15.0074,ram,16449536000,33242071040,276770
15.0074,cpu,14865455,21336105,513422702
15.0074,gpu,0,0,0
15.2100,disk0,875784701169664,1965221070,12417961376289314
15.2100,disk0w,1977545678848,18762361,1160095295878
15.2100,disk5,24829845354496,50007679,452764584427592
15.2100,disk5w,225980416,35966,1254168700
15.2100,disk4,29267825587200,29306140,340593534539903
15.2100,disk4w,1447515719680,1489459,590195507948
15.2100,disk8,40829459961856,66282066,698614615717569
15.2100,disk8w,4128768,601,984243925
15.2100,ram,16449536000,33242071040,276770
15.2100,cpu,14865455,21336105,513422702
15.2100,gpu,0,0,0
15.4100,disk0,875786092605440,1965223916,12417985973231225
15.4100,disk0w,1977545678848,18762361,1160095295878
15.4100,disk5,24830448039936,50008921,452782689376546
15.4100,disk5w,225980416,35966,1254168700
15.4100,disk4,29268466381824,29306763,340602496203186
15.4100,disk4w,1447515719680,1489459,590195507948
15.4100,disk8,40830409226240,66283342,698637708374693
15.4100,disk8w,4128768,601,984243925
15.4100,ram,14090387456,35621617664,276770
15.4100,cpu,14865479,21336277,513424368
15.4100,gpu,40,0,0
15.6100,disk0,875787075252224,1965225863,12418001920825607
15.6100,disk0w,1977545678848,18762361,1160095295878
15.6100,disk5,24830746343424,50009535,452788419170754
15.6100,disk5w,225980416,35966,1254168700
15.6100,disk4,29269361292288,29307631,340621007825274
15.6100,disk4w,1447515719680,1489459,590195507948
15.6100,disk8,40831154661376,66284310,698653566912156
15.6100,disk8w,4128768,601,984243925
15.6100,ram,14090387456,35621617664,276770
15.6100,cpu,14865479,21336277,513424368
15.6100,gpu,0,0,0
15.8045,disk0,875788198277120,1965227697,12418020016478678
15.8045,disk0w,1977545678848,18762361,1160095295878
15.8045,disk5,24831167477760,50010401,452799181186297
15.8045,disk5w,225980416,35966,1254168700
15.8045,disk4,29270256202752,29308500,340639116214026
15.8045,disk4w,1447515719680,1489459,590195507948
15.8045,disk8,40831869847552,66285237,698668477153020
15.8045,disk8w,4128768,601,984243925
15.8045,ram,14090387456,35621617664,276770
15.8045,cpu,14865479,21336277,513424368
15.8045,gpu,0,0,0
16.0100,disk0,875789603565568,1965229894,12418041829050817
16.0100,disk0w,1977545678848,18762361,1160095295878
16.0100,disk5,24831658801152,50011355,452810169030932
16.0100,disk5w,225980416,35966,1254168700
16.0100,disk4,29271317984256,29309531,340659970749557
16.0100,disk4w,1447515719680,1489459,590195507948
16.0100,disk8,40832676186112,66286317,698683994811622
16.0100,disk8w,4128768,601,984243925
16.0100,ram,14090387456,35621617664,276770
16.0100,cpu,14865479,21336277,513424368
16.0100,gpu,0,0,0
16.2100,disk0,875791271854080,1965232810,12418069393568172
16.2100,disk0w,1977545678848,18762361,1160095295878
16.2100,disk5,24832368867328,50012729,452829104225417
16.2100,disk5w,225980416,35966,1254168700
16.2100,disk4,29272301007872,29310486,340676262310038
16.2100,disk4w,1447515719680,1489459,590195507948
16.2100,disk8,40833304209408,66287111,698692549827309
16.2100,disk8w,4128768,601,984243925
16.2100,ram,14090387456,35621617664,276770
16.2100,cpu,14865479,21336277,513424368
16.2100,gpu,0,0,0
16.4070,disk0,875792645079040,1965235700,12418093238621032
16.4070,disk0w,1977545678848,18762361,1160095295878
16.4070,disk5,24832960444416,50013879,452845869304069
16.4070,disk5w,225980416,35966,1254168700
16.4070,disk4,29273049363456,29311214,340688379368665
16.4070,disk4w,1447515719680,1489459,590195507948
16.4070,disk8,40833900496896,66287821,698701239065156
16.4070,disk8w,4128768,601,984243925
16.4070,ram,11100258304,38591053824,276770
16.4070,cpu,14865497,21336403,513425942
16.4070,gpu,20,0,0
16.6100,disk0,875794099068928,1965238698,12418117528565328
16.6100,disk0w,1977545678848,18762361,1160095295878
16.6100,disk5,24833571452928,50015065,452862141979631
16.6100,disk5w,225980416,35966,1254168700
16.6100,disk4,29273783202816,29311929,340698310132176
16.6100,disk4w,1447515719680,1489459,590195507948
16.6100,disk8,40834745350144,66289642,698724122571088
16.6100,disk8w,4128768,601,984243925
16.6100,ram,11100258304,38591053824,276770
16.6100,cpu,14865497,21336403,513425942
16.6100,gpu,0,0,0
16.8100,disk0,875795409281024,1965241748,12418139399872524
16.8100,disk0w,1977545678848,18762361,1160095295878
16.8100,disk5,24834132965376,50016154,452876654386768
16.8100,disk5w,225980416,35966,1254168700
16.8100,disk4,29274441888768,29312568,340707036248960
16.8100,disk4w,1447515719680,1489459,590195507948
16.8100,disk8,40835476314112,66291299,698742270598990
16.8100,disk8w,4128768,601,984243925
16.8100,ram,11100258304,38591053824,276770
16.8100,cpu,14865497,21336403,513425942
16.8100,gpu,0,0,0
17.0066,disk0,875796901724160,1965245353,12418165695368415
17.0066,disk0w,1977545678848,18762361,1160095295878
17.0066,disk5,24834483910656,50016834,452883838080204
17.0066,disk5w,225980416,35966,1254168700
17.0066,disk4,29275204531200,29313310,340720676788672
17.0066,disk4w,1447515719680,1489459,590195507948
17.0066,disk8,40836178311168,66292923,698761731025536
17.0066,disk8w,4128768,601,984243925
17.0066,ram,11100258304,38591053824,276770
17.0066,cpu,14865497,21336403,513425942
17.0066,gpu,0,0,0
17.2100,disk0,875797639102464,1965247167,12418176908706190
17.2100,disk0w,1977545678848,18762361,1160095295878
17.2100,disk5,24834869950464,50017583,452892934191676
17.2100,disk5w,225980416,35966,1254168700
17.2100,disk4,29275818685440,29313905,340729684309010
17.2100,disk4w,1447515719680,1489459,590195507948
17.2100,disk8,40837138241536,66295011,698791729411101
17.2100,disk8w,4128768,601,984243925
17.2100,ram,11100258304,38591053824,276770
17.2100,cpu,14865497,21336403,513425942
17.2100,gpu,0,0,0
17.4100,disk0,875798406725632,1965248893,12418188114954277
17.4100,disk0w,1977545678848,18762361,1160095295878
17.4100,disk5,24835411851264,50018633,452908016263281
17.4100,disk5w,225980416,35966,1254168700
17.4100,disk4,29276362994688,29314432,340736730520547
17.4100,disk4w,1447515719680,1489459,590195507948
17.4100,disk8,40837991680000,66296778,698816920811863
17.4100,disk8w,4128768,601,984243925
17.4100,ram,8106885120,41572974592,276770
17.4100,cpu,14865520,21336555,513427695
17.4100,gpu,0,0,0
17.6100,disk0,875799600816128,1965251388,12418208088972647
17.6100,disk0w,1977545678848,18762361,1160095295878
17.6100,disk5,24835859855360,50019500,452919828784779
17.6100,disk5w,225980416,35966,1254168700
17.6100,disk4,29277073765376,29315123,340748869628068
17.6100,disk4w,1447515719680,1489459,590195507948
17.6100,disk8,40838871312384,66298590,698842905483990
17.6100,disk8w,4128768,601,984243925
17.6100,ram,8106885120,41572974592,276770
17.6100,cpu,14865520,21336555,513427695
17.6100,gpu,0,0,0
17.8100,disk0,875800815583232,1965253579,12418229640930922
17.8100,disk0w,1977545678848,18762361,1160095295878
17.8100,disk5,24836379015168,50020511,452933641763071
17.8100,disk5w,225980416,35966,1254168700
17.8100,disk4,29277903172608,29315928,340763699482084
17.8100,disk4w,1447515719680,1489459,590195507948
17.8100,disk8,40839849854976,66300640,698872993634597
17.8100,disk8w,4128768,601,984243925
17.8100,ram,8106885120,41572974592,276770
17.8100,cpu,14865520,21336555,513427695
17.8100,gpu,0,0,0
18.0100,disk0,875801883697152,1965255604,12418246794482665
18.0100,disk0w,1977545678848,18762361,1160095295878
18.0100,disk5,24836724783104,50021181,452940079683221
18.0100,disk5w,225980416,35966,1254168700
18.0100,disk4,29278542181376,29316549,340773176003247
18.0100,disk4w,1447515719680,1489459,590195507948
18.0100,disk8,40840733915136,66302562,698899404885069
18.0100,disk8w,4128768,601,984243925
18.0100,ram,8106885120,41572974592,276770
18.0100,cpu,14865520,21336555,513427695
18.0100,gpu,0,0,0
18.2082,disk0,875803108794368,1965257562,12418267565169385
18.2082,disk0w,1977545678848,18762361,1160095295878
18.2082,disk5,24837326567424,50022350,452957968239204
18.2082,disk5w,225980416,35966,1254168700
18.2082,disk4,29279257949184,29317246,340785406984933
18.2082,disk4w,1447515719680,1489459,590195507948
18.2082,disk8,40841351915520,66303818,698915118855332
18.2082,disk8w,4128768,601,984243925
18.2082,ram,8106885120,41572974592,276770
18.2082,cpu,14865520,21336555,513427695
18.2082,gpu,0,0,0
18.4012,disk0,875804584361984,1965260683,12418293464077305
18.4012,disk0w,1977545678848,18762361,1160095295878
18.4012,disk5,24837682755584,50023041,452966002788439
18.4012,disk5w,225980416,35966,1254168700
18.4012,disk4,29279668876288,29317644,340789760893968
18.4012,disk4w,1447515719680,1489459,590195507948
18.4012,disk8,40841885829120,66305113,698928480847448
18.4012,disk8w,4128768,601,984243925
18.4012,ram,4679057408,45001146368,276770
18.4012,cpu,14865536,21336697,513429331
18.4012,gpu,0,0,0
18.6039,disk0,875806202593280,1965264247,12418321652237193
18.6039,disk0w,1977545678848,18762361,1160095295878
18.6039,disk5,24838168836096,50023983,452977298195371
18.6039,disk5w,225980416,35966,1254168700
18.6039,disk4,29280310785024,29318268,340798641824921
18.6039,disk4w,1447515719680,1489459,590195507948
18.6039,disk8,40842677774336,66306876,698949856067406
18.6039,disk8w,4128768,601,984243925
18.6039,ram,4679057408,45001146368,276770
18.6039,cpu,14865536,21336697,513429331
18.6039,gpu,0,0,0
18.8100,disk0,875808045056000,1965268580,12418354066306113
18.8100,disk0w,1977545678848,18762361,1160095295878
18.8100,disk5,24838800537600,50025208,452992952088592
18.8100,disk5w,225980416,35966,1254168700
18.8100,disk4,29281082864640,29319016,340809726172470
18.8100,disk4w,1447515719680,1489459,590195507948
18.8100,disk8,40843537590272,66308326,698969362036417
18.8100,disk8w,4128768,601,984243925
18.8100,ram,4679057408,45001146368,276770
18.8100,cpu,14865536,21336697,513429331
18.8100,gpu,0,0,0
19.0100,disk0,875809203175424,1965271553,12418374027275585
19.0100,disk0w,1977545678848,18762361,1160095295878
19.0100,disk5,24839221671936,50026035,453002860164652
19.0100,disk5w,225980416,35966,1254168700
19.0100,disk4,29281732113408,29319646,340822127139548
19.0100,disk4w,1447515719680,1489459,590195507948
19.0100,disk8,40844147230720,66309235,698982652507498
19.0100,disk8w,4128768,601,984243925
19.0100,ram,4679057408,45001146368,276770
19.0100,cpu,14865536,21336697,513429331
19.0100,gpu,8,0,0
19.2100,disk0,875810346123264,1965274414,12418393065601667
19.2100,disk0w,1977545678848,18762361,1160095295878
19.2100,disk5,24839810168832,50027202,453019552851232
19.2100,disk5w,225980416,35966,1254168700
19.2100,disk4,29282443441152,29320337,340833399152936
19.2100,disk4w,1447515719680,1489459,590195507948
19.2100,disk8,40845027264512,66310581,699005319343799
19.2100,disk8w,4128768,601,984243925
19.2100,ram,4679057408,45001146368,276770
19.2100,cpu,14865536,21336697,513429331
19.2100,gpu,22,1,0
19.4100,disk0,875811361488896,1965277027,12418408641704385
19.4100,disk0w,1977545678848,18762361,1160095295878
19.4100,disk5,24840555264000,50028689,453041614421660
19.4100,disk5w,225980416,35966,1254168700
19.4100,disk4,29283521934336,29321385,340854759704930
19.4100,disk4w,1447515719680,1489459,590195507948
19.4100,disk8,40846073317376,66312141,699030668327156
19.4100,disk8w,4128768,601,984243925
19.4100,ram,3393830912,46293843968,276770
19.4100,cpu,14865551,21336818,513430974
19.4100,gpu,0,0,0
19.6024,disk0,875812542251008,1965279034,12418426634125347
19.6024,disk0w,1977545678848,18762361,1160095295878
19.6024,disk5,24841330817024,50030223,453063966125319
19.6024,disk5w,225980416,35966,1254168700
19.6024,disk4,29284460704768,29322297,340870646146751
19.6024,disk4w,1447515719680,1489459,590195507948
19.6024,disk8,40846984112128,66313992,699055561411995
19.6024,disk8w,4128768,601,984243925
19.6024,ram,2325315584,47368044544,276770
19.6024,cpu,14865551,21336818,513430974
19.6024,gpu,0,0,0
19.8100,disk0,875813853200384,1965281828,12418447953065628
19.8100,disk0w,1977545678848,18762361,1160095295878
19.8100,disk5,24841923950592,50031394,453081152018782
19.8100,disk5w,225980416,35966,1254168700
19.8100,disk4,29285259113472,29323076,340882516584372
19.8100,disk4w,1447515719680,1489459,590195507948
19.8100,disk8,40848059959296,66316291,699087801732954
19.8100,disk8w,4128768,601,984243925
19.8100,ram,2325315584,47368044544,276770
19.8100,cpu,14865551,21336818,513430974
19.8100,gpu,0,0,0
20.0079,disk0,875814769082368,1965283556,12418462089691423
20.0079,disk0w,1977545678848,18762361,1160095295878
20.0079,disk5,24842302404608,50032140,453088878415865
20.0079,disk5w,225980416,35966,1254168700
20.0079,disk4,29286007632896,29323801,340895713179755
20.0079,disk4w,1447515719680,1489459,590195507948
20.0079,disk8,40848875612160,66317926,699110141535112
20.0079,disk8w,4128768,601,984243925
20.0079,ram,2325315584,47368044544,276770
20.0079,cpu,14865551,21336818,513430974
20.0079,gpu,3,0,0
20.2003,disk0,875816011526144,1965285776,12418484145771871
20.2003,disk0w,1977545678848,18762361,1160095295878
20.2003,disk5,24842766219264,50033057,453100786635688
20.2003,disk5w,225980416,35966,1254168700
20.2003,disk4,29286662894592,29324438,340905949182265
20.2003,disk4w,1447515719680,1489459,590195507948
20.2003,disk8,40849520580608,66319012,699125159306368
20.2003,disk8w,4128768,601,984243925
20.2003,ram,2325315584,47368044544,276770
20.2003,cpu,14865551,21336818,513430974
20.2003,gpu,0,0,0
20.4065,disk0,875817428938752,1965288432,12418507212688187
20.4065,disk0w,1977545678848,18762361,1160095295878
20.4065,disk5,24843598804992,50034700,453125403658520
20.4065,disk5w,225980416,35966,1254168700
20.4065,disk4,29287865545728,29325606,340930246310675
20.4065,disk4w,1447515719680,1489459,590195507948
20.4065,disk8,40850338240512,66320701,699147444816330
20.4065,disk8w,4128768,601,984243925
20.4065,ram,1038139392,48664084480,276770
20.4065,cpu,14865576,21336984,513432569
20.4065,gpu,21,0,0
20.6100,disk0,875818803585024,1965290902,12418528850339402
20.6100,disk0w,1977546321920,18762387,1160095743578
20.6100,disk5,24844253575168,50035988,453143101194746
20.6100,disk5w,225980416,35966,1254168700
20.6100,disk4,29288657056768,29326373,340941761846245
20.6100,disk4w,1447515719680,1489459,590195507948
20.6100,disk8,40851266041856,66322708,699173128774529
20.6100,disk8w,4128768,601,984243925
20.6100,ram,1039073280,48663805952,276770
20.6100,cpu,14865576,21336984,513432569
20.6100,gpu,0,0,0
20.8100,disk0,875820599554048,1965294532,12418560462608292
20.8100,disk0w,1977546321920,18762387,1160095743578
20.8100,disk5,24844783941632,50037030,453154951208108
20.8100,disk5w,225980416,35966,1254168700
20.8100,disk4,29289412359168,29327107,340952164130719
20.8100,disk4w,1447515719680,1489459,590195507948
20.8100,disk8,40852339947520,66324977,699199920489205
20.8100,disk8w,4128768,601,984243925
20.8100,ram,1039073280,48663805952,276770
20.8100,cpu,14865576,21336984,513432569
20.8100,gpu,0,0,0
21.0100,disk0,875822259916800,1965297944,12418588539982418
21.0100,disk0w,1977546321920,18762387,1160095743578
21.0100,disk5,24845292017664,50038032,453168046641744
21.0100,disk5w,225980416,35966,1254168700
21.0100,disk4,29290184438784,29327858,340962952460395
21.0100,disk4w,1447515719680,1489459,590195507948
21.0100,disk8,40853549701120,66327846,699231562209669
21.0100,disk8w,4128768,601,984243925
21.0100,ram,1039073280,48663805952,276770
21.0100,cpu,14865576,21336984,513432569
21.0100,gpu,0,0,0
21.2100,disk0,875824136294400,1965302043,12418623475608016
21.2100,disk0w,1977546321920,18762387,1160095743578
21.2100,disk5,24845959821312,50039354,453187989803964
21.2100,disk5w,225980416,35966,1254168700
21.2100,disk4,29290663670784,29328324,340969138533457
21.2100,disk4w,1447515719680,1489459,590195507948
21.2100,disk8,40854750705664,66330326,699266614874716
21.2100,disk8w,4128768,601,984243925
21.2100,ram,1039073280,48663805952,276770
21.2100,cpu,14865576,21336984,513432569
21.2100,gpu,10,2,0
21.4100,disk0,875825241935872,1965304815,12418642331530788
21.4100,disk0w,1977546321920,18762387,1160095743578
21.4100,disk5,24846328313856,50040077,453195976970696
21.4100,disk5w,225980416,35966,1254168700
21.4100,disk4,29291418203136,29329058,340983542458540
21.4100,disk4w,1447515719680,1489459,590195507948
21.4100,disk8,40855822395392,66332531,699289319567686
21.4100,disk8w,4128768,601,984243925
21.4100,ram,336084992,51014811648,276814
21.4100,cpu,14865593,21337138,513434203
21.4100,gpu,0,0,0
21.6040,disk0,875826838736896,1965308976,12418669882460827
21.6040,disk0w,1977546321920,18762387,1160095743578
21.6040,disk5,24846937536512,50041276,453211273621928
21.6040,disk5w,225980416,35966,1254168700
21.6040,disk4,29292197229568,29329814,340994122533614
21.6040,disk4w,1447515719680,1489459,590195507948
21.6040,disk8,40856774207488,66334442,699309083797971
21.6040,disk8w,4128768,601,984243925
21.6040,ram,336084992,51014811648,276814
21.6040,cpu,14865593,21337141,513434247
21.6040,gpu,0,0,0
21.8100,disk0,875827838930944,1965311710,12418687163114750
21.8100,disk0w,1977546321920,18762387,1160095743578
21.8100,disk5,24847451338752,50042294,453225394966589
21.8100,disk5w,225980416,35966,1254168700
21.8100,disk4,29293130806272,29330720,341013009606719
21.8100,disk4w,1447515719680,1489459,590195507948
21.8100,disk8,40858120062976,66336880,699348605689727
21.8100,disk8w,4128768,601,984243925
21.8100,ram,336084992,51014811648,276814
21.8100,cpu,14865593,21337141,513434247
21.8100,gpu,0,0,0
22.0118,disk0,875828791885824,1965314171,12418702491189139
22.0118,disk0w,1977546330112,18762389,1160095778203
22.0118,disk5,24847896836096,50043172,453237044046767
22.0118,disk5w,225980416,35966,1254168700
22.0118,disk4,29294058681344,29331623,341032430222332
22.0118,disk4w,1447515719680,1489459,590195507948
22.0118,disk8,40859430242304,66339311,699382273995085
22.0118,disk8w,4128768,601,984243925
22.0118,ram,336084992,51014811648,276814
22.0118,cpu,14865593,21337141,513434247
22.0118,gpu,16,0,0
22.2100,disk0,875829681422336,1965316486,12418717201537624
22.2100,disk0w,1977546330112,18762389,1160095778203
22.2100,disk5,24848311154688,50043986,453246596148187
22.2100,disk5w,225980416,35966,1254168700
22.2100,disk4,29294874588160,29332412,341048349609124
22.2100,disk4w,1447515719680,1489459,590195507948
22.2100,disk8,40860631771136,66341391,699409380279575
22.2100,disk8w,4128768,601,984243925
22.2100,ram,336084992,51014811648,276814
22.2100,cpu,14865593,21337141,513434247
22.2100,gpu,0,0,0
22.4100,disk0,875830278029312,1965317872,12418726515989344
22.4100,disk0w,1977546330112,18762389,1160095778203
22.4100,disk5,24848609458176,50044576,453254687395699
22.4100,disk5w,225980416,35966,1254168700
22.4100,disk4,29295331243008,29332857,341055503171180
22.4100,disk4w,1447515719680,1489459,590195507948
22.4100,disk8,40861818439680,66343260,699445235155984
22.4100,disk8w,4128768,601,984243925
22.4100,ram,312262656,52740685824,276814
22.4100,cpu,14865610,21337271,513435840
22.4100,gpu,0,0,0
22.6100,disk0,875831734452224,1965320595,12418750526164397
22.6100,disk0w,1977546330112,18762389,1160095778203
22.6100,disk5,24849092122624,50045520,453264458840793
22.6100,disk5w,225980416,35966,1254168700
22.6100,disk4,29296155964416,29333658,341068725136383
22.6100,disk4w,1447515719680,1489459,590195507948
22.6100,disk8,40863096600576,66345484,699477346494020
22.6100,disk8w,4128768,601,984243925
22.6100,ram,312262656,52740685824,276814
22.6100,cpu,14865611,21337279,513435950
22.6100,gpu,0,0,0
22.8016,disk0,875832804835328,1965322811,12418768773681723
22.8016,disk0w,1977547591680,18762393,1160095933826
22.8016,disk5,24849592104960,50046506,453277642539336
22.8016,disk5w,225980416,35966,1254168700
22.8016,disk4,29296928044032,29334406,341082165864378
22.8016,disk4w,1447515719680,1489459,590195507948
22.8016,disk8,40864409368576,66347925,699513752916552
22.8016,disk8w,4128768,601,984243925
22.8016,ram,312262656,52740685824,276814
22.8016,cpu,14865611,21337279,513435950
22.8016,gpu,0,0,0
23.0100,disk0,875834033143808,1965325565,12418789956016803
23.0100,disk0w,1977547710464,18762407,1160096191736
23.0100,disk5,24849995692032,50047301,453286962181667
23.0100,disk5w,225980416,35966,1254168700
23.0100,disk4,29297507103744,29334969,341089643581239
23.0100,disk4w,1447519660032,1489770,590205215334
23.0100,disk8,40865825642496,66350466,699553495026444
23.0100,disk8w,4128768,601,984243925
23.0100,ram,312262656,52740685824,276814
23.0100,cpu,14865611,21337279,513435950
23.0100,gpu,0,0,0
23.2100,disk0,875835173781504,1965328711,12418810855445577
23.2100,disk0w,1977551093760,18762628,1160101467329
23.2100,disk5,24850276448256,50047851,453293129895403
23.2100,disk5w,225980416,35966,1254168700
23.2100,disk4,29297858049024,29335314,341092697325074
23.2100,disk4w,1447519660032,1489770,590205215334
23.2100,disk8,40867168319488,66353119,699587699486716
23.2100,disk8w,4128768,601,984243925
23.2100,ram,312262656,52740685824,276814
23.2100,cpu,14865611,21337279,513435950
23.2100,gpu,16,2,0
23.4100,disk0,875836493484032,1965332121,12418833053110537
23.4100,disk0w,1977551093760,18762628,1160101467329
23.4100,disk5,24850635814912,50048555,453300692539084
23.4100,disk5w,225980416,35966,1254168700
23.4100,disk4,29298373211136,29335817,341097798081030
23.4100,disk4w,1447519660032,1489770,590205215334
23.4100,disk8,40868300888064,66355387,699613688065053
23.4100,disk8w,4128768,601,984243925
23.4100,ram,307347456,55723606016,276891
23.4100,cpu,14865645,21337431,513437430
23.4100,gpu,0,0,0
23.6100,disk0,875837823438848,1965336641,12418857835214389
23.6100,disk0w,1977551093760,18762628,1160101467329
23.6100,disk5,24851329284096,50049922,453322298701173
23.6100,disk5w,225980416,35966,1254168700
23.6100,disk4,29299209188352,29336629,341112134478215
23.6100,disk4w,1447519660032,1489770,590205215334
23.6100,disk8,40869177952256,66356934,699632745112829
23.6100,disk8w,4128768,601,984243925
23.6100,ram,307347456,55723606016,276891
23.6100,cpu,14865645,21337431,513437430
23.6100,gpu,0,0,0
23.8044,disk0,875839490625536,1965353991,12418892160676893
23.8044,disk0w,1977551093760,18762628,1160101467329
23.8044,disk5,24852013627392,50051271,453341167222675
23.8044,disk5w,225980416,35966,1254168700
23.8044,disk4,29300051457024,29337446,341125873527065
23.8044,disk4w,1447519660032,1489770,590205215334
23.8044,disk8,40870408677376,66359139,699661277419673
23.8044,disk8w,4128768,601,984243925
23.8044,ram,307347456,55723606016,276891
23.8044,cpu,14865645,21337431,513437430
23.8044,gpu,25,0,0
24.0069,disk0,875840824217600,1965357289,12418915566231524
24.0069,disk0w,1977551093760,18762628,1160101467329
24.0069,disk5,24852504950784,50052235,453354229029695
24.0069,disk5w,225980416,35966,1254168700
24.0069,disk4,29300823536640,29338194,341139900256602
24.0069,disk4w,1447519660032,1489770,590205215334
24.0069,disk8,40871657310208,66361625,699691612484055
24.0069,disk8w,4128768,601,984243925
24.0069,ram,307347456,55723606016,276891
24.0069,cpu,14865645,21337431,513437430
24.0069,gpu,0,0,0
24.2100,disk0,875841666486272,1965359035,12418928451312199
24.2100,disk0w,1977551093760,18762628,1160101467329
24.2100,disk5,24852890990592,50052996,453362538819365
24.2100,disk5w,225980416,35966,1254168700
24.2100,disk4,29301665805312,29339012,341156095365826
24.2100,disk4w,1447519660032,1489770,590205215334
24.2100,disk8,40872870250496,66363835,699722725258036
24.2100,disk8w,4128768,601,984243925
24.2100,ram,307347456,55723606016,276891
24.2100,cpu,14865645,21337431,513437430
24.2100,gpu,0,0,0
24.4013,disk0,875842628718592,1965361317,12418943996898697
24.4013,disk0w,1977551093760,18762628,1160101467329
24.4013,disk5,24853177513984,50053563,453368641563094
24.4013,disk5w,225980416,35966,1254168700
24.4013,disk4,29302305895424,29339636,341167747595283
24.4013,disk4w,1447519660032,1489770,590205215334
24.4013,disk8,40873909823488,66365918,699745414831880
24.4013,disk8w,4128768,601,984243925
24.4013,ram,308772864,58081165312,276891
24.4013,cpu,14865661,21337580,513439032
24.4013,gpu,0,0,0
24.6100,disk0,875843824816128,1965364094,12418962788057602
24.6100,disk0w,1977551093760,18762628,1160101467329
24.6100,disk5,24853820995584,50054833,453385512802332
24.6100,disk5w,225980416,35966,1254168700
24.6100,disk4,29303367889920,29340666,341187360581816
24.6100,disk4w,1447519660032,1489770,590205215334
24.6100,disk8,40875205941248,66368627,699785269001916
24.6100,disk8w,4128768,601,984243925
24.6100,ram,308772864,58081165312,276891
24.6100,cpu,14865661,21337584,513439093
24.6100,gpu,0,0,0
24.8046,disk0,875844684926976,1965365645,12418975606320507
24.8046,disk0w,1977551093760,18762628,1160101467329
24.8046,disk5,24854264920064,50055708,453396259994250
24.8046,disk5w,225980416,35966,1254168700
24.8046,disk4,29304168002560,29341443,341201978896175
24.8046,disk4w,1447519660032,1489770,590205215334
24.8046,disk8,40876429006848,66371063,699818126498287
24.8046,disk8w,4128768,601,984243925
24.8046,ram,308772864,58081165312,276891
24.8046,cpu,14865661,21337584,513439093
24.8046,gpu,0,0,0
25.0011,disk0,875845983883264,1965367947,12418996375672657
25.0011,disk0w,1977551110144,18762629,1160101481329
25.0011,disk5,24854733453312,50056636,453406116622910
25.0011,disk5w,225980416,35966,1254168700
25.0011,disk4,29305217201152,29342459,341221722595369
25.0011,disk4w,1447519660032,1489770,590205215334
25.0011,disk8,40877625112576,66373363,699848415660758
25.0011,disk8w,4128768,601,984243925
25.0011,ram,308772864,58081165312,276891
25.0011,cpu,14865661,21337584,513439093
25.0011,gpu,0,0,0
25.2100,disk0,875847072362496,1965369642,12419013353650336
25.2100,disk0w,1977551110144,18762629,1160101481329
25.2100,disk5,24855119493120,50057398,453415353464321
25.2100,disk5w,225980416,35966,1254168700
25.2100,disk4,29305789412352,29343015,341230329911515
25.2100,disk4w,1447519660032,1489770,590205215334
25.2100,disk8,40879086671872,66376506,699887886757444
25.2100,disk8w,4128768,601,984243925
25.2100,ram,308772864,58081165312,276891
25.2100,cpu,14865661,21337584,513439093
25.2100,gpu,0,0,0
25.4057,disk0,875847945842688,1965370929,12419027592115515
25.4057,disk0w,1977551110144,18762629,1160101481329
25.4057,disk5,24855475681280,50058101,453425019291207
25.4057,disk5w,225980416,35966,1254168700
25.4057,disk4,29306269479936,29343482,341237890438741
25.4057,disk4w,1447519660032,1489770,590205215334
25.4057,disk8,40880246700032,66379181,699917983769523
25.4057,disk8w,4128768,601,984243925
25.4057,ram,308559872,60432646144,276891
25.4057,cpu,14865692,21337747,513440630
25.4057,gpu,100,0,0
25.6029,disk0,875849225678848,1965373183,12419048105425262
25.6029,disk0w,1977551110144,18762629,1160101481329
25.6029,disk5,24856097454080,50059327,453440687591719
25.6029,disk5w,225980416,35966,1254168700
25.6029,disk4,29307244573696,29344427,341256094335657
25.6029,disk4w,1447519660032,1489770,590205215334
25.6029,disk8,40881407141888,66381822,699948020972179
25.6029,disk8w,4128768,601,984243925
25.6029,ram,308559872,60432646144,276891
25.6029,cpu,14865693,21337750,513440681
25.6029,gpu,0,0,0
25.8017,disk0,875850525618176,1965375465,12419069636510422
25.8017,disk0w,1977551126528,18762632,1160101525745
25.8017,disk5,24856547112960,50060213,453452409226746
25.8017,disk5w,225980416,35966,1254168700
25.8017,disk4,29307991208960,29345153,341268477795413
25.8017,disk4w,1447519660032,1489770,590205215334
25.8017,disk8,40882759387136,66385086,699988805953015
25.8017,disk8w,4128768,601,984243925
25.8017,ram,308559872,60432646144,276891
25.8017,cpu,14865693,21337750,513440681
25.8017,gpu,0,0,0
26.0100,disk0,875851996794880,1965378410,12419094482798145
26.0100,disk0w,1977551126528,18762632,1160101525745
26.0100,disk5,24857026164736,50061155,453462265972396
26.0100,disk5w,225980416,35966,1254168700
26.0100,disk4,29309068932096,29346198,341290448928948
26.0100,disk4w,1447519660032,1489770,590205215334
26.0100,disk8,40883968256000,66387874,700017737143160
26.0100,disk8w,4128768,601,984243925
26.0100,ram,308559872,60432646144,276891
26.0100,cpu,14865693,21337750,513440681
26.0100,gpu,0,0,0
26.2100,disk0,875853512511488,1965381758,12419121634525352
26.2100,disk0w,1977551147008,18762634,1160101564495
26.2100,disk5,24857611204608,50062312,453480029133250
26.2100,disk5w,225980416,35966,1254168700
26.2100,disk4,29309719999488,29346830,341300658547987
26.2100,disk4w,1447519660032,1489770,590205215334
26.2100,disk8,40885233829888,66390597,700048257529699
26.2100,disk8w,4128768,601,984243925
26.2100,ram,308559872,60432646144,276891
26.2100,cpu,14865693,21337750,513440681
26.2100,gpu,0,0,0
26.4100,disk0,875854793838592,1965384904,12419143145208852
26.4100,disk0w,1977551147008,18762634,1160101564495
26.4100,disk5,24858072086528,50063229,453489949463223
26.4100,disk5w,225980416,35966,1254168700
26.4100,disk4,29310180766720,29347275,341304470395476
26.4100,disk4w,1447519660032,1489770,590205215334
26.4100,disk8,40886428170240,66393149,700078986668314
26.4100,disk8w,4128768,601,984243925
26.4100,ram,310919168,63678185472,276894
26.4100,cpu,14865710,21337897,513442232
26.4100,gpu,0,0,0
26.6100,disk0,875856109658112,1965388148,12419166164318588
26.6100,disk0w,1977551147008,18762634,1160101564495
26.6100,disk5,24858558756864,50064204,453502493677022
26.6100,disk5w,225980416,35966,1254168700
26.6100,disk4,29311141327872,29348211,341323603126071
26.6100,disk4w,1447519660032,1489770,590205215334
26.6100,disk8,40887334135808,66395216,700104198961859
26.6100,disk8w,4128768,601,984243925
26.6100,ram,310919168,63678185472,276894
26.6100,cpu,14865710,21337897,513442232
26.6100,gpu,0,0,0
26.8100,disk0,875857722478592,1965391352,12419193612658152
26.8100,disk0w,1977551147008,18762634,1160101564495
26.8100,disk5,24859120269312,50065335,453517127186646
26.8100,disk5w,225980416,35966,1254168700
26.8100,disk4,29312205976576,29349243,341343921282175
26.8100,disk4w,1447519660032,1489770,590205215334
26.8100,disk8,40888000931840,66396586,700119300472852
26.8100,disk8w,4128768,601,984243925
26.8100,ram,310919168,63678185472,276894
26.8100,cpu,14865710,21337897,513442232
26.8100,gpu,0,0,0
27.0100,disk0,875858750656512,1965393301,12419207463899918
27.0100,disk0w,1977551163392,18762635,1160101590453
27.0100,disk5,24859561613312,50066228,453526044014684
27.0100,disk5w,225980416,35966,1254168700
27.0100,disk4,29312799568896,29349827,341353524123814
27.0100,disk4w,1447519660032,1489770,590205215334
27.0100,disk8,40888596998144,66397564,700129120874065
27.0100,disk8w,4128768,601,984243925
27.0100,ram,310919168,63678185472,276894
27.0100,cpu,14865710,21337897,513442232
27.0100,gpu,0,0,0
27.2100,disk0,875860588249088,1965397084,12419227273351155
27.2100,disk0w,1977551163392,18762635,1160101590453
27.2100,disk5,24860151166976,50067437,453533507146618
27.2100,disk5w,225980416,35966,1254168700
27.2100,disk4,29313481126912,29350504,341356661266910
27.2100,disk4w,1447519660032,1489770,590205215334
27.2100,disk8,40889757657088,66399362,700149460618079
27.2100,disk8w,4128768,601,984243925
27.2100,ram,310919168,63678185472,276894
27.2100,cpu,14865710,21337897,513442232
27.2100,gpu,64,0,0
27.4100,disk0,875862679801856,1965406821,12419252661778528
27.4100,disk0w,1977551171584,18762637,1160101748328
27.4100,disk5,24861113128960,50069411,453546073489419
27.4100,disk5w,225980416,35966,1254168700
27.4100,disk4,29314343384064,29351360,341363651740587
27.4100,disk4w,1447519660032,1489770,590205215334
27.4100,disk8,40891025631232,66401222,700165467572283
27.4100,disk8w,4128768,601,984243925
27.4100,ram,274677760,66551595008,276895
27.4100,cpu,14865733,21338029,513443885
27.4100,gpu,0,0,0
27.6100,disk0,875864615256064,1965410111,12419265151787410
27.6100,disk0w,1977551998976,18762801,1160110780646
27.6100,disk5,24861927831552,50071081,453560432696501
27.6100,disk5w,225980416,35966,1254168700
27.6100,disk4,29314932536320,29351952,341367530399595
27.6100,disk4w,1447519660032,1489770,590205215334
27.6100,disk8,40892211849216,66402553,700178146830584
27.6100,disk8w,4128768,601,984243925
27.6100,ram,275480576,66585133056,276895
27.6100,cpu,14865733,21338035,513443996
27.6100,gpu,0,0,0
27.8045,disk0,875867058683904,1965413902,12419285574494989
27.8045,disk0w,1977551998976,18762801,1160110780646
27.8045,disk5,24862674884608,50072610,453569006824027
27.8045,disk5w,225980416,35966,1254168700
27.8045,disk4,29315485594624,29352507,341369420205037
27.8045,disk4w,1447519660032,1489770,590205215334
27.8045,disk8,40893282985984,66403838,700188614846190
27.8045,disk8w,4128768,601,984243925
27.8045,ram,275480576,66585133056,276895
27.8045,cpu,14865733,21338035,513443996
27.8045,gpu,0,0,0
28.0100,disk0,875869155414016,1965417081,12419302827365452
28.0100,disk0w,1977551998976,18762801,1160110780646
28.0100,disk5,24863261423616,50073812,453574896312021
28.0100,disk5w,225980416,35966,1254168700
28.0100,disk4,29316070306816,29353098,341370766498213
28.0100,disk4w,1447519660032,1489770,590205215334
28.0100,disk8,40894624327680,66405745,700207051464382
28.0100,disk8w,4128768,601,984243925
28.0100,ram,275480576,66585133056,276895
28.0100,cpu,14865733,21338035,513443996
28.0100,gpu,61,0,0
28.2021,disk0,875871178559488,1965421203,12419313455523791
28.2021,disk0w,1977551998976,18762801,1160110780646
28.2021,disk5,24863880296448,50075076,453578020671942
28.2021,disk5w,225980416,35966,1254168700
28.2021,disk4,29316556846080,29353597,341371315428844
28.2021,disk4w,1447519660032,1489770,590205215334
28.2021,disk8,40895868905472,66407586,700219375698811
28.2021,disk8w,4128768,601,984243925
28.2021,ram,275480576,66585133056,276895
28.2021,cpu,14865733,21338035,513443996
28.2021,gpu,0,0,0
28.4100,disk0,875873230675968,1965425267,12419328652779810
28.4100,disk0w,1977551998976,18762801,1160110780646
28.4100,disk5,24864439048192,50076223,453580955005555
28.4100,disk5w,225980416,35966,1254168700
28.4100,disk4,29317192184832,29354242,341372964171042
28.4100,disk4w,1447519660032,1489770,590205215334
28.4100,disk8,40897233741824,66409718,700237778532253
28.4100,disk8w,4128768,601,984243925
28.4100,ram,693305344,63471861760,276895
28.4100,cpu,14865750,21338131,513445551
28.4100,gpu,50,0,0
28.6100,disk0,875875447369728,1965429833,12419342350541241
28.6100,disk0w,1977551998976,18762801,1160110780646
28.6100,disk5,24865086339072,50077525,453584048804044
28.6100,disk5w,225980416,35966,1254168700
28.6100,disk4,29317847593984,29354909,341374562702121
28.6100,disk4w,1447519660032,1489770,590205215334
28.6100,disk8,40898535434240,66411729,700254324778547
28.6100,disk8w,4128768,601,984243925
28.6100,ram,692666368,63471976448,276895
28.6100,cpu,14865751,21338133,513445594
28.6100,gpu,0,0,0
28.8090,disk0,875877359022080,1965433803,12419352097349319
28.8090,disk0w,1977551998976,18762801,1160110780646
28.8090,disk5,24865769781248,50078849,453587644849566
28.8090,disk5w,225980416,35966,1254168700
28.8090,disk4,29318277903360,29355350,341375056847313
28.8090,disk4w,1447519660032,1489770,590205215334
28.8090,disk8,40899883083776,66414624,700275377654714
28.8090,disk8w,4128768,601,984243925
28.8090,ram,692666368,63471976448,276895
28.8090,cpu,14865751,21338133,513445594
28.8090,gpu,0,0,0
29.0100,disk0,875879569379328,1965438483,12419367809982397
29.0100,disk0w,1977551998976,18762801,1160110780646
29.0100,disk5,24866468919296,50080209,453591462736276
29.0100,disk5w,225980416,35966,1254168700
29.0100,disk4,29318945141760,29356023,341379393940254
29.0100,disk4w,1447519660032,1489770,590205215334
29.0100,disk8,40901036533760,66417072,700293523490944
29.0100,disk8w,4128768,601,984243925
29.0100,ram,692666368,63471976448,276895
29.0100,cpu,14865751,21338133,513445594
29.0100,gpu,0,0,0
29.2088,disk0,875881310212096,1965441610,12419376710683685
29.2088,disk0w,1977551998976,18762801,1160110780646
29.2088,disk5,24867219388416,50081695,453596608617478
29.2088,disk5w,225980416,35966,1254168700
29.2088,disk4,29319480751104,29356567,341380596143151
29.2088,disk4w,1447519660032,1489770,590205215334
29.2088,disk8,40902261123072,66419326,700313113219620
29.2088,disk8w,4128768,601,984243925
29.2088,ram,692666368,63471976448,276895
29.2088,cpu,14865751,21338133,513445594
29.2088,gpu,0,0,0
29.4040,disk0,875883324481536,1965446030,12419390803521922
29.4040,disk0w,1977551998976,18762801,1160110780646
29.4040,disk5,24867730315264,50082708,453599505283088
29.4040,disk5w,225980416,35966,1254168700
29.4040,disk4,29319983412224,29357082,341381152147274
29.4040,disk4w,1447519660032,1489770,590205215334
29.4040,disk8,40903466330112,66421642,700329377999587
29.4040,disk8w,4128768,601,984243925
29.4040,ram,424329216,63126978560,276895
29.4040,cpu,14865767,21338231,513447206
29.4040,gpu,0,0,0
29.6089,disk0,875885254406144,1965454429,12419407307335932
29.6089,disk0w,1977551998976,18762801,1160110780646
29.6089,disk5,24868394006528,50084019,453603595426314
29.6089,disk5w,225980416,35966,1254168700
29.6089,disk4,29320446751744,29357557,341381743471657
29.6089,disk4w,1447519660032,1489770,590205215334
29.6089,disk8,40904794023936,66423979,700346996879774
29.6089,disk8w,4128768,601,984243925
29.6089,ram,418529280,63135367168,276895
29.6089,cpu,14865768,21338233,513447262
29.6089,gpu,96,0,0
29.8100,disk0,875887021211648,1965460770,12419419666309592
29.8100,disk0w,1977552015360,18762802,1160110818271
29.8100,disk5,24868937971712,50085095,453606215527544
29.8100,disk5w,225980416,35966,1254168700
29.8100,disk4,29320899867648,29358021,341382278374087
29.8100,disk4w,1447519660032,1489770,590205215334
29.8100,disk8,40906009126912,66426369,700365049867072
29.8100,disk8w,4128768,601,984243925
29.8100,ram,418529280,63135367168,276895
29.8100,cpu,14865768,21338233,513447262
29.8100,gpu,0,0,0
30.0100,disk0,875889131290624,1965465040,12419433846922472
30.0100,disk0w,1977552162816,18762803,1160110853271
30.0100,disk5,24869464389632,50086137,453608525918910
30.0100,disk5w,225980416,35966,1254168700
30.0100,disk4,29321298588672,29358430,341382695667497
30.0100,disk4w,1447519660032,1489770,590205215334
30.0100,disk8,40907203176448,66429136,700384736011719
30.0100,disk8w,4128768,601,984243925
30.0100,ram,418529280,63135367168,276895
30.0100,cpu,14865768,21338233,513447262
30.0100,gpu,17,0,0
30.2100,disk0,875889570795520,1965465687,12419436189800164
30.2100,disk0w,1977552162816,18762803,1160110853271
30.2100,disk5,24869676177408,50086565,453610756902298
30.2100,disk5w,225980416,35966,1254168700
30.2100,disk4,29321431839744,29358561,341383263170948
30.2100,disk4w,1447519660032,1489770,590205215334
30.2100,disk8,40907407058944,66429403,700386110955665
30.2100,disk8w,4128768,601,984243925
30.2100,ram,418529280,63135367168,276895
30.2100,cpu,14865768,21338233,513447262
30.2100,gpu,0,0,0
30.4100,disk0,875891298578432,1965468987,12419464122669722
30.4100,disk0w,1977552162816,18762803,1160110853271
30.4100,disk5,24870609033216,50088480,453645593938465
30.4100,disk5w,225980416,35966,1254168700
30.4100,disk4,29322322670592,29359428,341399062781409
30.4100,disk4w,1447519660032,1489770,590205215334
30.4100,disk8,40908506261504,66430781,700411457025996
30.4100,disk8w,4128768,601,984243925
30.4100,ram,153976832,67066822656,276905
30.4100,cpu,14865797,21338355,513448847
30.4100,gpu,0,0,0
30.6100,disk0,875892553150464,1965471763,12419479912309781
30.6100,disk0w,1977552162816,18762803,1160110853271
30.6100,disk5,24871394588672,50090095,453671329714563
30.6100,disk5w,225980416,35966,1254168700
30.6100,disk4,29323044779008,29360139,341410329047895
30.6100,disk4w,1447519660032,1489770,590205215334
30.6100,disk8,40909778888704,66432713,700455812623027
30.6100,disk8w,4128768,601,984243925
30.6100,ram,154632192,67079421952,276905
30.6100,cpu,14865799,21338358,513448893
30.6100,gpu,0,0,0
30.8014,disk0,875894241345536,1965477154,12419506579369104
30.8014,disk0w,1977552162816,18762803,1160110853271
30.8014,disk5,24872282699776,50091914,453697628341497
30.8014,disk5w,225980416,35966,1254168700
30.8014,disk4,29323972637696,29361049,341426476995632
30.8014,disk4w,1447519660032,1489770,590205215334
30.8014,disk8,40911059576832,66434740,700490255272212
30.8014,disk8w,4128768,601,984243925
30.8014,ram,154632192,67079421952,276905
30.8014,cpu,14865799,21338358,513448893
30.8014,gpu,0,0,0
31.0100,disk0,875896155824128,1965484815,12419539436869816
31.0100,disk0w,1977552162816,18762803,1160110853271
31.0100,disk5,24873247340544,50093895,453728136174409
31.0100,disk5w,225980416,35966,1254168700
31.0100,disk4,29325063795712,29362119,341445477139449
31.0100,disk4w,1447519660032,1489770,590205215334
31.0100,disk8,40912403310592,66436800,700520167002911
31.0100,disk8w,4128768,601,984243925
31.0100,ram,154632192,67079421952,276905
31.0100,cpu,14865799,21338358,513448893
31.0100,gpu,0,0,0
31.2100,disk0,875897694248960,1965487848,12419561038827098
31.2100,disk0w,1977552179200,18762804,1160112165187
31.2100,disk5,24874110547968,50095666,453760638494458
31.2100,disk5w,225980416,35966,1254168700
31.2100,disk4,29326010823680,29363052,341464969349605
31.2100,disk4w,1447519660032,1489770,590205215334
31.2100,disk8,40913212975104,66437703,700538403061110
31.2100,disk8w,4128768,601,984243925
31.2100,ram,154632192,67079421952,276905
31.2100,cpu,14865799,21338358,513448893
31.2100,gpu,0,0,0
31.4100,disk0,875899184226304,1965490425,12419579808210826
31.4100,disk0w,1977552179200,18762804,1160112165187
31.4100,disk5,24874759305216,50096992,453777294885154
31.4100,disk5w,225980416,35966,1254168700
31.4100,disk4,29326953968640,29363978,341481758047586
31.4100,disk4w,1447519660032,1489770,590205215334
31.4100,disk8,40914287323136,66438886,700560638810835
31.4100,disk8w,4128768,601,984243925
31.4100,ram,133890048,64725762048,276906
31.4100,cpu,14865817,21338493,513450469
31.4100,gpu,0,0,0
31.6100,disk0,875900924846080,1965492870,12419601997435359
31.6100,disk0w,1977552179200,18762804,1160112165187
31.6100,disk5,24875553290240,50098627,453802582146893
31.6100,disk5w,225980416,35966,1254168700
31.6100,disk4,29327722050560,29364736,341490354867999
31.6100,disk4w,1447519660032,1489770,590205215334
31.6100,disk8,40915336046592,66440092,700576329073826
31.6100,disk8w,4128768,601,984243925
31.6100,ram,134922240,64725762048,276906
31.6100,cpu,14865817,21338494,513450519
31.6100,gpu,0,0,0
31.8100,disk0,875903080964096,1965496621,12419635231070440
31.8100,disk0w,1977552179200,18762804,1160112165187
31.8100,disk5,24876342917120,50100246,453826376300401
31.8100,disk5w,225980416,35966,1254168700
31.8100,disk4,29328660329472,29365657,341505618212776
31.8100,disk4w,1447519660032,1489770,590205215334
31.8100,disk8,40916371548160,66441245,700595585076269
31.8100,disk8w,4128768,601,984243925
31.8100,ram,134922240,64725762048,276906
31.8100,cpu,14865817,21338494,513450519
31.8100,gpu,0,0,0
32.0033,disk0,875904467275776,1965499160,12419651739463493
32.0033,disk0w,1977552179200,18762804,1160112165187
32.0033,disk5,24876886882304,50101362,453835766753279
32.0033,disk5w,225980416,35966,1254168700
32.0033,disk4,29329336759296,29366325,341518269900335
32.0033,disk4w,1447519660032,1489770,590205215334
32.0033,disk8,40917432723456,66442561,700625056915211
32.0033,disk8w,4128768,601,984243925
32.0033,ram,134922240,64725762048,276906
32.0033,cpu,14865817,21338494,513450519
32.0033,gpu,100,0,0
32.2076,disk0,875906497679360,1965502454,12419683083293223
32.2076,disk0w,1977552211968,18762808,1160112234686
32.2076,disk5,24877616814080,50102860,453854984156375
32.2076,disk5w,225980416,35966,1254168700
32.2076,disk4,29330149405696,29367129,341526784629746
32.2076,disk4w,1447519660032,1489770,590205215334
32.2076,disk8,40918816352256,66444542,700659371311531
32.2076,disk8w,4128768,601,984243925
32.2076,ram,134922240,64725762048,276906
32.2076,cpu,14865817,21338494,513450519
32.2076,gpu,96,2,0
32.4100,disk0,875908632883200,1965506596,12419712868945624
32.4100,disk0w,1977552248832,18762810,1160112274685
32.4100,disk5,24878413494272,50104494,453876143761841
32.4100,disk5w,225980416,35966,1254168700
32.4100,disk4,29331241120768,29368202,341543210151313
32.4100,disk4w,1447519660032,1489770,590205215334
32.4100,disk8,40919893878784,66446117,700678903495538
32.4100,disk8w,4128768,601,984243925
32.4100,ram,73695232,64088801280,276911
32.4100,cpu,14865833,21338620,513452113
32.4100,gpu,0,0,0
32.6053,disk0,875909980336128,1965509808,12419728228663366
32.6053,disk0w,1977552248832,18762810,1160112274685
32.6053,disk5,24879065643008,50105830,453894702160893
32.6053,disk5w,225980416,35966,1254168700
32.6053,disk4,29331913602048,29368864,341552607527510
32.6053,disk4w,1447519660032,1489770,590205215334
32.6053,disk8,40921032419328,66447485,700708985241543
32.6053,disk8w,4128768,601,984243925
32.6053,ram,67371008,64155844608,276911
32.6053,cpu,14865835,21338635,513452216
32.6053,gpu,0,0,0
32.8069,disk0,875911969132544,1965513312,12419755918897115
32.8069,disk0w,1977552248832,18762810,1160112274685
32.8069,disk5,24879742654464,50107221,453910664438163
32.8069,disk5w,225980416,35966,1254168700
32.8069,disk4,29332939781120,29369870,341567474702893
32.8069,disk4w,1447519660032,1489770,590205215334
32.8069,disk8,40922418145280,66449437,700741546827806
32.8069,disk8w,4128768,601,984243925
32.8069,ram,67371008,64155844608,276911
32.8069,cpu,14865835,21338635,513452216
32.8069,gpu,0,0,0
33.0100,disk0,875914092597248,1965517630,12419790770311441
33.0100,disk0w,1977552248832,18762810,1160112274685
33.0100,disk5,24880476878848,50108726,453926170746367
33.0100,disk5w,225980416,35966,1254168700
33.0100,disk4,29333979051008,29370892,341585239696361
33.0100,disk4w,1447519660032,1489770,590205215334
33.0100,disk8,40923369105408,66450889,700760181633743
33.0100,disk8w,4128768,601,984243925
33.0100,ram,67371008,64155844608,276911
33.0100,cpu,14865835,21338635,513452216
33.0100,gpu,28,0,0
33.2100,disk0,875915962519552,1965522086,12419815283701255
33.2100,disk0w,1977552248832,18762810,1160112274685
33.2100,disk5,24881089386496,50109979,453935547996992
33.2100,disk5w,225980416,35966,1254168700
33.2100,disk4,29334700471296,29371602,341592079661879
33.2100,disk4w,1447519660032,1489770,590205215334
33.2100,disk8,40924223088640,66452096,700776883955098
33.2100,disk8w,4128768,601,984243925
33.2100,ram,67371008,64155844608,276911
33.2100,cpu,14865835,21338635,513452216
33.2100,gpu,83,0,0
33.4100,disk0,875917573120000,1965525158,12419834256842226
33.4100,disk0w,1977552248832,18762810,1160112274685
33.4100,disk5,24881690916864,50111181,453942938480847
33.4100,disk5w,225980416,35966,1254168700
33.4100,disk4,29335671567360,29372560,341603756854276
33.4100,disk4w,1447519660032,1489770,590205215334
33.4100,disk8,40925477267456,66453954,700800400855438
33.4100,disk8w,4128768,601,984243925
33.4100,ram,69844992,65250754560,276911
33.4100,cpu,14865851,21338748,513453752
33.4100,gpu,80,0,0
33.6100,disk0,875919496118272,1965529570,12419859702358948
33.6100,disk0w,1977552248832,18762810,1160112274685
33.6100,disk5,24882326534144,50112413,453951492620314
33.6100,disk5w,225980416,35966,1254168700
33.6100,disk4,29336322356224,29373207,341609830026282
33.6100,disk4w,1447519660032,1489770,590205215334
33.6100,disk8,40926407272448,66455656,700820590344709
33.6100,disk8w,4128768,601,984243925
33.6100,ram,69779456,65317945344,276911
33.6100,cpu,14865851,21338758,513453863
33.6100,gpu,71,0,0
33.8092,disk0,875920929210368,1965532716,12419877998869594
33.8092,disk0w,1977552248832,18762810,1160112274685
33.8092,disk5,24883007240192,50113732,453962947471667
33.8092,disk5w,225980416,35966,1254168700
33.8092,disk4,29337056392192,29373930,341615729956714
33.8092,disk4w,1447519660032,1489770,590205215334
33.8092,disk8,40927511660544,66457887,700846609198395
33.8092,disk8w,4128768,601,984243925
33.8092,ram,69779456,65317945344,276911
33.8092,cpu,14865851,21338758,513453863
33.8092,gpu,32,0,0
34.0100,disk0,875922715918336,1965536251,12419906214984132
34.0100,disk0w,1977552248832,18762810,1160112274685
34.0100,disk5,24883607484416,50114896,453972678268480
34.0100,disk5w,225980416,35966,1254168700
34.0100,disk4,29337612465152,29374480,341619489699906
34.0100,disk4w,1447519660032,1489770,590205215334
34.0100,disk8,40928829487104,66460694,700882181223732
34.0100,disk8w,4128768,601,984243925
34.0100,ram,69779456,65317945344,276911
34.0100,cpu,14865851,21338758,513453863
34.0100,gpu,0,0,0
34.2100,disk0,875924437876736,1965540454,12419929001942043
34.2100,disk0w,1977552248832,18762810,1160112274685
34.2100,disk5,24884239185920,50116133,453982242401746
34.2100,disk5w,225980416,35966,1254168700
34.2100,disk4,29338533934080,29375387,341634960448278
34.2100,disk4w,1447519660032,1489770,590205215334
34.2100,disk8,40929872545792,66462488,700911536883165
34.2100,disk8w,4128768,601,984243925
34.2100,ram,69779456,65317945344,276911
34.2100,cpu,14865851,21338758,513453863
34.2100,gpu,0,0,0
34.4100,disk0,875925989163008,1965543794,12419950446934000
34.4100,disk0w,1977552248832,18762810,1160112274685
34.4100,disk5,24885047326720,50117722,454004364904793
34.4100,disk5w,225980416,35966,1254168700
34.4100,disk4,29339262366720,29376106,341642268184825
34.4100,disk4w,1447519660032,1489770,590205215334
34.4100,disk8,40931100760064,66464777,700944184758684
34.4100,disk8w,4128768,601,984243925
34.4100,ram,69779456,65317945344,276911
34.4100,cpu,14865851,21338758,513453863
34.4100,gpu,0,0,0
34.6100,disk0,875927795470336,1965547143,12419979541059180
34.6100,disk0w,1977552310272,18762813,1160112974809
34.6100,disk5,24885642967040,50118909,454016779133769
34.6100,disk5w,225980416,35966,1254168700
34.6100,disk4,29340113581056,29376944,341654499967932
34.6100,disk4w,1447519660032,1489770,590205215334
34.6100,disk8,40932074559488,66466758,700966078718931
34.6100,disk8w,4128768,601,984243925
34.6100,ram,68173824,65317502976,276911
34.6100,cpu,14865873,21338888,513455564
34.6100,gpu,64,0,0
34.8092,disk0,875929633492992,1965551246,12420008315778938
34.8092,disk0w,1977552310272,18762813,1160112974809
34.8092,disk5,24886186932224,50119981,454029918394565
34.8092,disk5w,225980416,35966,1254168700
34.8092,disk4,29340841915392,29377657,341664813764114
34.8092,disk4w,1447519660032,1489770,590205215334
34.8092,disk8,40933010806784,66468465,700989223113240
34.8092,disk8w,4128768,601,984243925
34.8092,ram,68173824,65317502976,276911
34.8092,cpu,14865873,21338888,513455564
34.8092,gpu,0,0,0
35.0100,disk0,875931146907648,1965554599,12420027185842572
35.0100,disk0w,1977552310272,18762813,1160112974809
35.0100,disk5,24886888822784,50121363,454044674693085
35.0100,disk5w,225980416,35966,1254168700
35.0100,disk4,29341689623552,29378491,341676588153841
35.0100,disk4w,1447519660032,1489770,590205215334
35.0100,disk8,40934120347648,66470181,701017233599248
35.0100,disk8w,4128768,601,984243925
35.0100,ram,68173824,65317502976,276911
35.0100,cpu,14865873,21338888,513455564
35.0100,gpu,0,0,0
35.2100,disk0,875933189472256,1965559466,12420059028408484
35.2100,disk0w,1977552310272,18762813,1160112974809
35.2100,disk5,24887393875968,50122355,454050587812177
35.2100,disk5w,225980416,35966,1254168700
35.2100,disk4,29342350996480,29379145,341681306389463
35.2100,disk4w,1447519660032,1489770,590205215334
35.2100,disk8,40935434528768,66472426,701046060311942
35.2100,disk8w,4128768,601,984243925
35.2100,ram,68173824,65317502976,276911
35.2100,cpu,14865873,21338888,513455564
35.2100,gpu,0,0,0
35.4015,disk0,875934658613248,1965566607,12420083970505561
35.4015,disk0w,1977552310272,18762813,1160112974809
35.4015,disk5,24887950047232,50123451,454062196726305
35.4015,disk5w,225980416,35966,1254168700
35.4015,disk4,29342899713024,29379687,341688108849865
35.4015,disk4w,1447519660032,1489770,590205215334
35.4015,disk8,40936140220416,66473587,701061831720588
35.4015,disk8w,4128768,601,984243925
35.4015,ram,68173824,65317502976,276911
35.4015,cpu,14865873,21338888,513455564
35.4015,gpu,0,0,0
35.6054,disk0,875936209330176,1965569976,12420102706151351
35.6054,disk0w,1977552310272,18762813,1160112974809
35.6054,disk5,24888643549184,50124821,454079296293962
35.6054,disk5w,225980416,35966,1254168700
35.6054,disk4,29343843283968,29380617,341705805975344
35.6054,disk4w,1447519660032,1489770,590205215334
35.6054,disk8,40937240651776,66475596,701092062525296
35.6054,disk8w,4128768,601,984243925
35.6054,ram,69926912,64314523648,276911
35.6054,cpu,14865897,21339025,513457046
35.6054,gpu,22,0,0
35.8057,disk0,875937718329344,1965572471,12420126240564325
35.8057,disk0w,1977552310272,18762813,1160112974809
35.8057,disk5,24889187514368,50125889,454086077309475
35.8057,disk5w,225980416,35966,1254168700
35.8057,disk4,29344352334848,29381121,341708958175691
35.8057,disk4w,1447519660032,1489770,590205215334
35.8057,disk8,40938286688256,66477741,701114750734769
35.8057,disk8w,4128768,601,984243925
35.8057,ram,69926912,64314523648,276911
35.8057,cpu,14865897,21339025,513457046
35.8057,gpu,100,0,0
36.0100,disk0,875939683540992,1965576040,12420151023836594
36.0100,disk0w,1977552310272,18762813,1160112974809
36.0100,disk5,24889879230464,50127251,454096063980150
36.0100,disk5w,225980416,35966,1254168700
36.0100,disk4,29345133343744,29381888,341717646595469
36.0100,disk4w,1447519660032,1489770,590205215334
36.0100,disk8,40939424835584,66480373,701143935161017
36.0100,disk8w,4128768,601,984243925
36.0100,ram,69926912,64314523648,276911
36.0100,cpu,14865897,21339025,513457046
36.0100,gpu,0,0,0
36.2101,disk0,875941394325504,1965579511,12420176041205936
36.2101,disk0w,1977552310272,18762813,1160112974809
36.2101,disk5,24890450917376,50128390,454108514554303
36.2101,disk5w,225980416,35966,1254168700
36.2101,disk4,29345958212608,29382698,341731083456992
36.2101,disk4w,1447519660032,1489770,590205215334
36.2101,disk8,40940443805696,66482538,701174365745690
36.2101,disk8w,4128768,601,984243925
36.2101,ram,69926912,64314523648,276911
36.2101,cpu,14865897,21339025,513457046
36.2101,gpu,0,0,0
36.4061,disk0,875942894489600,1965583776,12420182775621663
36.4061,disk0w,1977552310272,18762813,1160112974809
36.4061,disk5,24891041904640,50129600,454113321080391
36.4061,disk5w,225980416,35966,1254168700
36.4061,disk4,29346406036480,29383157,341731849817967
36.4061,disk4w,1447519660032,1489770,590205215334
36.4061,disk8,40941523986432,66484215,701186414019411
36.4061,disk8w,4128768,601,984243925
36.4061,ram,69926912,64314523648,276911
36.4061,cpu,14865897,21339025,513457046
36.4061,gpu,0,0,0
36.6012,disk0,875945079283712,1965587577,12420193345209145
36.6012,disk0w,1977552326656,18762815,1160113007725
36.6012,disk5,24891731867648,50131014,454119591516716
36.6012,disk5w,225980416,35966,1254168700
36.6012,disk4,29347000710144,29383766,341732708154432
36.6012,disk4w,1447519660032,1489770,590205215334
36.6012,disk8,40942675027968,66485623,701194267787227
36.6012,disk8w,4128768,601,984243925
36.6012,ram,74711040,65966669824,276911
36.6012,cpu,14865920,21339154,513458746
36.6012,gpu,0,0,0
36.8100,disk0,875947780915200,1965592227,12420209649316104
36.8100,disk0w,1977552326656,18762815,1160113007725
36.8100,disk5,24892398663680,50132379,454122792457542
36.8100,disk5w,225980416,35966,1254168700
36.8100,disk4,29347591582720,29384372,341733438893055
36.8100,disk4w,1447519660032,1489770,590205215334
36.8100,disk8,40943902042112,66487315,701202547203803
36.8100,disk8w,4128768,601,984243925
36.8100,ram,74711040,65966669824,276911
36.8100,cpu,14865920,21339154,513458746
36.8100,gpu,0,0,0
37.0100,disk0,875950123732992,1965596943,12420224872850022
37.0100,disk0w,1977552326656,18762815,1160113007725
37.0100,disk5,24892907534336,50133419,454125398936153
37.0100,disk5w,225980416,35966,1254168700
37.0100,disk4,29348197528576,29384993,341734488594357
37.0100,disk4w,1447519660032,1489770,590205215334
37.0100,disk8,40945214679040,66489447,701213842512821
37.0100,disk8w,4128768,601,984243925
37.0100,ram,74711040,65966669824,276911
37.0100,cpu,14865920,21339154,513458746
37.0100,gpu,0,0,0
37.2042,disk0,875952340742144,1965601381,12420240798115239
37.2042,disk0w,1977552326656,18762815,1160113007725
37.2042,disk5,24893607999488,50134776,454130464079547
37.2042,disk5w,225980416,35966,1254168700
37.2042,disk4,29348733219840,29385542,341735150065632
37.2042,disk4w,1447519660032,1489770,590205215334
37.2042,disk8,40946282588160,66491840,701225436260439
37.2042,disk8w,4128768,601,984243925
37.2042,ram,74711040,65966669824,276911
37.2042,cpu,14865920,21339154,513458746
37.2042,gpu,0,0,0
37.4011,disk0,875954658902016,1965606124,12420259303360861
37.4011,disk0w,1977552326656,18762815,1160113007725
37.4011,disk5,24894100748288,50135750,454132696126385
37.4011,disk5w,225980416,35966,1254168700
37.4011,disk4,29349154747392,29385974,341735692509690
37.4011,disk4w,1447519660032,1489770,590205215334
37.4011,disk8,40947382216704,66493984,701236718747931
37.4011,disk8w,4128768,601,984243925
37.4011,ram,74711040,65966669824,276911
37.4011,cpu,14865920,21339154,513458746
37.4011,gpu,0,0,0
37.6096,disk0,875956799438848,1965614717,12420275537941405
37.6096,disk0w,1977552326656,18762815,1160113007725
37.6096,disk5,24894679808000,50136896,454135525447540
37.6096,disk5w,225980416,35966,1254168700
37.6096,disk4,29349725565952,29386559,341736485850403
37.6096,disk4w,1447519660032,1489770,590205215334
37.6096,disk8,40948789405696,66496421,701254175457557
37.6096,disk8w,4128768,601,984243925
37.6096,ram,73646080,62446141440,276911
37.6096,cpu,14865939,21339261,513460401
37.6096,gpu,0,0,0
37.8100,disk0,875958273327104,1965617317,12420288418803286
37.8100,disk0w,1977552326656,18762815,1160113007725
37.8100,disk5,24895262668800,50138061,454143527704820
37.8100,disk5w,225980416,35966,1254168700
37.8100,disk4,29350067942400,29386903,341738494989366
37.8100,disk4w,1447519660032,1489770,590205215334
37.8100,disk8,40949626693632,66497964,701265976350724
37.8100,disk8w,4128768,601,984243925
37.8100,ram,73646080,62446141440,276911
37.8100,cpu,14865939,21339261,513460401
37.8100,gpu,0,0,0
38.0100,disk0,875959764656128,1965620161,12420299246943613
38.0100,disk0w,1977552326656,18762815,1160113007725
38.0100,disk5,24896029947904,50139633,454155699617781
38.0100,disk5w,225980416,35966,1254168700
38.0100,disk4,29350910587904,29387742,341744438818800
38.0100,disk4w,1447519660032,1489770,590205215334
38.0100,disk8,40950991398912,66499907,701292658837782
38.0100,disk8w,4128768,601,984243925
38.0100,ram,73646080,62446141440,276911
38.0100,cpu,14865939,21339261,513460401
38.0100,gpu,0,0,0
38.2089,disk0,875961229492224,1965630098,12420310203849520
38.2089,disk0w,1977552326656,18762815,1160113007725
38.2089,disk5,24896664221696,50140935,454162006408193
38.2089,disk5w,225980416,35966,1254168700
38.2089,disk4,29351552480256,29388386,341747354336590
38.2089,disk4w,1447519660032,1489770,590205215334
38.2089,disk8,40952373700608,66502112,701317567199419
38.2089,disk8w,4128768,601,984243925
38.2089,ram,73646080,62446141440,276911
38.2089,cpu,14865939,21339261,513460401
38.2089,gpu,0,0,0
38.4100,disk0,875963140104192,1965633672,12420327856756532
38.4100,disk0w,1977552326656,18762815,1160113007725
38.4100,disk5,24897455945728,50142558,454173299683780
38.4100,disk5w,225980416,35966,1254168700
38.4100,disk4,29352204170240,29389038,341751499123193
38.4100,disk4w,1447519660032,1489770,590205215334
38.4100,disk8,40953484240896,66503385,701330472825458
38.4100,disk8w,4128768,601,984243925
38.4100,ram,73646080,62446141440,276911
38.4100,cpu,14865939,21339261,513460401
38.4100,gpu,18,0,0
38.6014,disk0,875965391708160,1965637376,12420343896905177
38.6014,disk0w,1977552326656,18762815,1160113007725
38.6014,disk5,24898206808064,50144099,454183071447758
38.6014,disk5w,225980416,35966,1254168700
38.6014,disk4,29352938435584,29389775,341754675133941
38.6014,disk4w,1447519660032,1489770,590205215334
38.6014,disk8,40954699376640,66504854,701342384720153
38.6014,disk8w,4128768,601,984243925
38.6014,ram,72908800,66265825280,276911
38.6014,cpu,14865962,21339390,513462110
38.6014,gpu,0,0,0
38.8036,disk0,875967173795840,1965640341,12420357953540320
38.8036,disk0w,1977552326656,18762815,1160113007725
38.8036,disk5,24898972456960,50145670,454198314707268
38.8036,disk5w,225980416,35966,1254168700
38.8036,disk4,29353684513792,29390517,341760308474121
38.8036,disk4w,1447519660032,1489770,590205215334
38.8036,disk8,40955931781120,66506502,701357574544771
38.8036,disk8w,4128768,601,984243925
38.8036,ram,72908800,66265825280,276911
38.8036,cpu,14865962,21339390,513462110
38.8036,gpu,21,0,0
39.0038,disk0,875969077723136,1965644296,12420371619577864
39.0038,disk0w,1977552326656,18762815,1160113007725
39.0038,disk5,24899522852864,50146798,454201379105149
39.0038,disk5w,225980416,35966,1254168700
39.0038,disk4,29354255299584,29391100,341761012216508
39.0038,disk4w,1447519660032,1489770,590205215334
39.0038,disk8,40957275236352,66508403,701374201562223
39.0038,disk8w,4128768,601,984243925
39.0038,ram,72908800,66265825280,276911
39.0038,cpu,14865962,21339390,513462110
39.0038,gpu,0,0,0
39.2100,disk0,875971418468352,1965648419,12420394525055678
39.2100,disk0w,1977552326656,18762815,1160113007725
39.2100,disk5,24900231428096,50148252,454206348714461
39.2100,disk5w,225980416,35966,1254168700
39.2100,disk4,29355150668800,29391995,341767132607046
39.2100,disk4w,1447519660032,1489770,590205215334
39.2100,disk8,40958402209792,66510031,701387040016922
39.2100,disk8w,4128768,601,984243925
39.2100,ram,72908800,66265825280,276911
39.2100,cpu,14865962,21339390,513462110
39.2100,gpu,0,0,0
39.4100,disk0,875973400113152,1965652681,12420408531943971
39.4100,disk0w,1977552326656,18762815,1160113007725
39.4100,disk5,24900803803136,50149420,454209373437324
39.4100,disk5w,225980416,35966,1254168700
39.4100,disk4,29355660014592,29392517,341767749852816
39.4100,disk4w,1447519660032,1489770,590205215334
39.4100,disk8,40959610562560,66512044,701402147783175
39.4100,disk8w,4128768,601,984243925
39.4100,ram,72908800,66265825280,276911
39.4100,cpu,14865962,21339390,513462110
39.4100,gpu,31,0,0
39.6058,disk0,875975477145600,1965657393,12420424492800862
39.6058,disk0w,1977552326656,18762815,1160113007725
39.6058,disk5,24901558335488,50150882,454214237516163
39.6058,disk5w,225980416,35966,1254168700
39.6058,disk4,29356134167552,29392999,341768798489306
39.6058,disk4w,1447519660032,1489770,590205215334
39.6058,disk8,40960813803520,66514276,701419312741594
39.6058,disk8w,4128768,601,984243925
39.6058,ram,70582272,63670779904,276911
39.6058,cpu,14865982,21339496,513463693
39.6058,gpu,0,0,0
39.8100,disk0,875977170300928,1965661044,12420432845563230
39.8100,disk0w,1977552326656,18762815,1160113007725
39.8100,disk5,24902172489728,50152075,454219992369867
39.8100,disk5w,225980416,35966,1254168700
39.8100,disk4,29356687324160,29393560,341770259343656
39.8100,disk4w,1447519660032,1489770,590205215334
39.8100,disk8,40962180483072,66517011,701442944046350
39.8100,disk8w,4128768,601,984243925
39.8100,ram,70582272,63670779904,276911
39.8100,cpu,14865982,21339496,513463693
39.8100,gpu,0,0,0
40.0100,disk0,875978643103744,1965664135,12420437987742049
40.0100,disk0w,1977552412672,18762819,1160113070265
40.0100,disk5,24902997211136,50153701,454228487951193
40.0100,disk5w,225980416,35966,1254168700
40.0100,disk4,29357154857984,29394039,341770765255608
40.0100,disk4w,1447519660032,1489770,590205215334
40.0100,disk8,40963433269248,66519114,701460651907768
40.0100,disk8w,4128768,601,984243925
40.0100,ram,70582272,63670779904,276911
40.0100,cpu,14865982,21339496,513463693
40.0100,gpu,30,0,0
40.2100,disk0,875980690333696,1965668772,12420451749662463
40.2100,disk0w,1977552412672,18762819,1160113070265
40.2100,disk5,24903739193344,50155170,454232516560992
40.2100,disk5w,225980416,35966,1254168700
40.2100,disk4,29357723579392,29394622,341771583128702
40.2100,disk4w,1447519660032,1489770,590205215334
40.2100,disk8,40964726622208,66521601,701478022675969
40.2100,disk8w,4128768,601,984243925
40.2100,ram,70582272,63670779904,276911
40.2100,cpu,14865982,21339496,513463693
40.2100,gpu,0,0,0
40.4101,disk0,875982555410432,1965674788,12420465170419119
40.4101,disk0w,1977552412672,18762819,1160113070265
40.4101,disk5,24904383444992,50156445,454235822707955
40.4101,disk5w,225980416,35966,1254168700
40.4101,disk4,29358162670592,29395072,341772020428926
40.4101,disk4w,1447519660032,1489770,590205215334
40.4101,disk8,40966032484352,66523743,701494664959962
40.4101,disk8w,4128768,601,984243925
40.4101,ram,70582272,63670779904,276911
40.4101,cpu,14865982,21339496,513463693
40.4101,gpu,0,0,0
40.6101,disk0,875984281821184,1965680383,12420477828907574
40.6101,disk0w,1977552420864,18762821,1160113104056
40.6101,disk5,24904857221120,50157380,454237766464793
40.6101,disk5w,225980416,35966,1254168700
40.6101,disk4,29358647768064,29395569,341772619090257
40.6101,disk4w,1447519660032,1489770,590205215334
40.6101,disk8,40967291992064,66526059,701515068275556
40.6101,disk8w,4128768,601,984243925
40.6101,ram,74416128,63748554752,276917
40.6101,cpu,14866007,21339619,513465471
40.6101,gpu,36,0,0
40.8100,disk0,875986241609728,1965684211,12420487792179500
40.8100,disk0w,1977552420864,18762821,1160113104056
40.8100,disk5,24905436280832,50158528,454240486789944
40.8100,disk5w,225980416,35966,1254168700
40.8100,disk4,29359146234880,29396080,341773362385667
40.8100,disk4w,1447519660032,1489770,590205215334
40.8100,disk8,40968488007680,66528848,701535728308724
40.8100,disk8w,4128768,601,984243925
40.8100,ram,74416128,63748554752,276917
40.8100,cpu,14866007,21339619,513465471
40.8100,gpu,0,0,0
41.0101,disk0,875986300026880,1965684429,12420487912398674
41.0101,disk0w,1977552457728,18762824,1160113171221
41.0101,disk5,24905436280832,50158528,454240486789944
41.0101,disk5w,225980416,35966,1254168700
41.0101,disk4,29359146234880,29396080,341773362385667
41.0101,disk4w,1447519660032,1489770,590205215334
41.0101,disk8,40968488007680,66528848,701535728308724
41.0101,disk8w,4128768,601,984243925
41.0101,ram,74416128,63748554752,276917
41.0101,cpu,14866007,21339619,513465471
41.0101,gpu,0,0,0
41.2101,disk0,875986870468608,1965686302,12420489217084837
41.2101,disk0w,1977552457728,18762824,1160113171221
41.2101,disk5,24905436280832,50158528,454240486789944
41.2101,disk5w,225980416,35966,1254168700
41.2101,disk4,29359146234880,29396080,341773362385667
41.2101,disk4w,1447519660032,1489770,590205215334
41.2101,disk8,40968488007680,66528848,701535728308724
41.2101,disk8w,4128768,601,984243925
41.2101,ram,74416128,63748554752,276917
41.2101,cpu,14866007,21339619,513465471
41.2101,gpu,0,0,0
41.4101,disk0,875987440893952,1965687406,12420490071023544
41.4101,disk0w,1977552474112,18762825,1160113195554
41.4101,disk5,24905436280832,50158528,454240486789944
41.4101,disk5w,225980416,35966,1254168700
41.4101,disk4,29359146234880,29396080,341773362385667
41.4101,disk4w,1447519660032,1489770,590205215334
41.4101,disk8,40968488007680,66528848,701535728308724
41.4101,disk8w,4128768,601,984243925
41.4101,ram,74416128,63748554752,276917
41.4101,cpu,14866007,21339619,513465471
41.4101,gpu,0,0,0
41.6101,disk0,875988028100608,1965688552,12420490913953662
41.6101,disk0w,1977552474112,18762825,1160113195554
41.6101,disk5,24905436280832,50158528,454240486789944
41.6101,disk5w,225980416,35966,1254168700
41.6101,disk4,29359146234880,29396080,341773362385667
41.6101,disk4w,1447519660032,1489770,590205215334
41.6101,disk8,40968488007680,66528848,701535728308724
41.6101,disk8w,4128768,601,984243925
41.6101,ram,87785472,65116176384,276921
41.6101,cpu,14866087,21339683,513467126
41.6101,gpu,0,0,0
41.8101,disk0,875988598648832,1965689670,12420491786388685
41.8101,disk0w,1977552519168,18762829,1160113260219
41.8101,disk5,24905436280832,50158528,454240486789944
41.8101,disk5w,225980416,35966,1254168700
41.8101,disk4,29359146234880,29396080,341773362385667
41.8101,disk4w,1447519660032,1489770,590205215334
41.8101,disk8,40968488007680,66528848,701535728308724
41.8101,disk8w,4128768,601,984243925
41.8101,ram,87785472,65116176384,276921
41.8101,cpu,14866087,21339683,513467126
41.8101,gpu,0,0,0
42.0100,disk0,875989185949696,1965690815,12420492662398018
42.0100,disk0w,1977552519168,18762829,1160113260219
42.0100,disk5,24905436280832,50158528,454240486789944
42.0100,disk5w,225980416,35966,1254168700
42.0100,disk4,29359146234880,29396080,341773362385667
42.0100,disk4w,1447519660032,1489770,590205215334
42.0100,disk8,40968488007680,66528848,701535728308724
42.0100,disk8w,4128768,601,984243925
42.0100,ram,87785472,65116176384,276921
42.0100,cpu,14866087,21339683,513467126
42.0100,gpu,0,0,0
42.2101,disk0,875989690093568,1965691797,12420493379855993
42.2101,disk0w,1977552519168,18762829,1160113260219
42.2101,disk5,24905436280832,50158528,454240486789944
42.2101,disk5w,225980416,35966,1254168700
42.2101,disk4,29359146234880,29396080,341773362385667
42.2101,disk4w,1447519660032,1489770,590205215334
42.2101,disk8,40968488007680,66528848,701535728308724
42.2101,disk8w,4128768,601,984243925
42.2101,ram,87785472,65116176384,276921
42.2101,cpu,14866087,21339683,513467126
42.2101,gpu,0,0,0
42.4101,disk0,875989690093568,1965691797,12420493379855993
42.4101,disk0w,1977552596992,18762835,1160113420758
42.4101,disk5,24905436280832,50158528,454240486789944
42.4101,disk5w,225980416,35966,1254168700
42.4101,disk4,29359146234880,29396080,341773362385667
42.4101,disk4w,1447519660032,1489770,590205215334
42.4101,disk8,40968488007680,66528848,701535728308724
42.4101,disk8w,4128768,601,984243925
42.4101,ram,87785472,65116176384,276921
42.4101,cpu,14866087,21339683,513467126
42.4101,gpu,0,0,0
42.6101,disk0,875990225833984,1965692729,12420498884475771
42.6101,disk0w,1977552596992,18762835,1160113420758
42.6101,disk5,24905490274304,50158633,454246773604783
42.6101,disk5w,225980416,35966,1254168700
42.6101,disk4,29359234003968,29396167,341773590087597
42.6101,disk4w,1447519660032,1489770,590205215334
42.6101,disk8,40968742467584,66529145,701540135071507
42.6101,disk8w,4128768,601,984243925
42.6101,ram,71565312,64396967936,276928
42.6101,cpu,14866198,21339743,513468610
42.6101,gpu,0,0,0
42.8100,disk0,875992181575680,1965697920,12420511260330420
42.8100,disk0w,1977552596992,18762835,1160113420758
42.8100,disk5,24906215946240,50160125,454263798779706
42.8100,disk5w,225980416,35966,1254168700
42.8100,disk4,29359837623296,29396778,341775061219637
42.8100,disk4w,1447519660032,1489770,590205215334
42.8100,disk8,40969973446656,66531052,701556234143039
42.8100,disk8w,4128768,601,984243925
42.8100,ram,71565312,64396967936,276928
42.8100,cpu,14866198,21339743,513468610
42.8100,gpu,0,0,0
43.0100,disk0,875994366889984,1965701933,12420528749776551
43.0100,disk0w,1977552596992,18762835,1160113420758
43.0100,disk5,24907086256128,50161907,454271031656068
43.0100,disk5w,225980416,35966,1254168700
43.0100,disk4,29360480695296,29397425,341778402170383
43.0100,disk4w,1447519660032,1489770,590205215334
43.0100,disk8,40971276449792,66532772,701568722393015
43.0100,disk8w,4128768,601,984243925
43.0100,ram,71565312,64396967936,276928
43.0100,cpu,14866198,21339743,513468610
43.0100,gpu,0,0,0
43.2100,disk0,875996607098880,1965705559,12420541998857340
43.2100,disk0w,1977552596992,18762835,1160113420758
43.2100,disk5,24907883894784,50163542,454277379098370
43.2100,disk5w,225980416,35966,1254168700
43.2100,disk4,29361072829440,29398023,341780000734514
43.2100,disk4w,1447519660032,1489770,590205215334
43.2100,disk8,40972542720000,66534234,701579077986157
43.2100,disk8w,4128768,601,984243925
43.2100,ram,71565312,64396967936,276928
43.2100,cpu,14866198,21339743,513468610
43.2100,gpu,0,0,0
43.4101,disk0,875998696960000,1965709286,12420555657758312
43.4101,disk0w,1977552596992,18762835,1160113420758
43.4101,disk5,24908673759232,50165163,454285459280846
43.4101,disk5w,225980416,35966,1254168700
43.4101,disk4,29361850364928,29398811,341783002206461
43.4101,disk4w,1447519660032,1489770,590205215334
43.4101,disk8,40973743437824,66535954,701593115705210
43.4101,disk8w,4128768,601,984243925
43.4101,ram,71565312,64396967936,276928
43.4101,cpu,14866198,21339743,513468610
43.4101,gpu,0,0,0
43.6069,disk0,876000606236672,1965712889,12420562774980436
43.6069,disk0w,1977552596992,18762835,1160113420758
43.6069,disk5,24909445838848,50166746,454290889946973
43.6069,disk5w,225980416,35966,1254168700
43.6069,disk4,29362482656256,29399459,341783829686494
43.6069,disk4w,1447519660032,1489770,590205215334
43.6069,disk8,40975058401280,66537899,701606925094840
43.6069,disk8w,4128768,601,984243925
43.6069,ram,67846144,67462365184,276928
43.6069,cpu,14866223,21339847,513470335
43.6069,gpu,0,0,0
43.8101,disk0,876002720591872,1965717405,12420576060842243
43.8101,disk0w,1977552596992,18762835,1160113420758
43.8101,disk5,24910016133120,50167915,454294011499698
43.8101,disk5w,225980416,35966,1254168700
43.8101,disk4,29362992002048,29399981,341784444941358
43.8101,disk4w,1447519660032,1489770,590205215334
43.8101,disk8,40976413095936,66540030,701622000390375
43.8101,disk8w,4128768,601,984243925
43.8101,ram,67846144,67462365184,276928
43.8101,cpu,14866223,21339847,513470335
43.8101,gpu,26,0,0
44.0101,disk0,876004508418048,1965721171,12420584828060556
44.0101,disk0w,1977552596992,18762835,1160113420758
44.0101,disk5,24910656616448,50169156,454297525629577
44.0101,disk5w,225980416,35966,1254168700
44.0101,disk4,29363501347840,29400503,341785043790145
44.0101,disk4w,1447519660032,1489770,590205215334
44.0101,disk8,40977754769408,66542502,701642207049165
44.0101,disk8w,4128768,601,984243925
44.0101,ram,67846144,67462365184,276928
44.0101,cpu,14866223,21339847,513470335
44.0101,gpu,0,0,0
44.2101,disk0,876006464356352,1965725616,12420595882071748
44.2101,disk0w,1977552596992,18762835,1160113420758
44.2101,disk5,24911323412480,50170451,454301545101979
44.2101,disk5w,225980416,35966,1254168700
44.2101,disk4,29364115960832,29401126,341787218157779
44.2101,disk4w,1447519660032,1489770,590205215334
44.2101,disk8,40979100882944,66545104,701662329066735
44.2101,disk8w,4128768,601,984243925
44.2101,ram,67846144,67462365184,276928
44.2101,cpu,14866223,21339847,513470335
44.2101,gpu,0,0,0
44.4037,disk0,876008107393024,1965728885,12420603703937623
44.4037,disk0w,1977552596992,18762835,1160113420758
44.4037,disk5,24912096540672,50171979,454305611693193
44.4037,disk5w,225980416,35966,1254168700
44.4037,disk4,29364616524800,29401639,341787787881731
44.4037,disk4w,1447519660032,1489770,590205215334
44.4037,disk8,40980373788672,66547568,701683492401535
44.4037,disk8w,4128768,601,984243925
44.4037,ram,67846144,67462365184,276928
44.4037,cpu,14866223,21339847,513470335
44.4037,gpu,0,0,0
44.6101,disk0,876010289184768,1965734162,12420619153406164
44.6101,disk0w,1977552596992,18762835,1160113420758
44.6101,disk5,24912764385280,50173300,454308959120968
44.6101,disk5w,225980416,35966,1254168700
44.6101,disk4,29365181707264,29402218,341788434200628
44.6101,disk4w,1447519660032,1489770,590205215334
44.6101,disk8,40981656770560,66549749,701697406614202
44.6101,disk8w,4128768,601,984243925
44.6101,ram,86556672,63802884096,276928
44.6101,cpu,14866239,21339949,513472070
44.6101,gpu,96,0,0
44.8101,disk0,876012375756800,1965742362,12420634362441173
44.8101,disk0w,1977552596992,18762835,1160113420758
44.8101,disk5,24913337300992,50174428,454312691541658
44.8101,disk5w,225980416,35966,1254168700
44.8101,disk4,29365632726016,29402680,341788987242518
44.8101,disk4w,1447519660032,1489770,590205215334
44.8101,disk8,40983010678784,66552193,701714900539625
44.8101,disk8w,4128768,601,984243925
44.8101,ram,86556672,63802884096,276928
44.8101,cpu,14866239,21339949,513472070
44.8101,gpu,43,0,0
45.0101,disk0,876013903667200,1965745367,12420642521756934
45.0101,disk0w,1977552596992,18762835,1160113420758
45.0101,disk5,24913709840384,50175168,454314640657703
45.0101,disk5w,225980416,35966,1254168700
45.0101,disk4,29365968925696,29403025,341789377549736
45.0101,disk4w,1447519660032,1489770,590205215334
45.0101,disk8,40983900100608,66554284,701728824901926
45.0101,disk8w,4128768,601,984243925
45.0101,ram,86556672,63802884096,276928
45.0101,cpu,14866239,21339949,513472070
45.0101,gpu,100,0,0
45.2101,disk0,876014166847488,1965745786,12420645669895640
45.2101,disk0w,1977552596992,18762835,1160113420758
45.2101,disk5,24913709840384,50175168,454314640657703
45.2101,disk5w,225980416,35966,1254168700
45.2101,disk4,29366100587520,29403160,341790253326023
45.2101,disk4w,1447519660032,1489770,590205215334
45.2101,disk8,40983996602368,66554389,701729411519937
45.2101,disk8w,4128768,601,984243925
45.2101,ram,86556672,63802884096,276928
45.2101,cpu,14866239,21339949,513472070
45.2101,gpu,0,0,0
45.4101,disk0,876015728599040,1965755141,12420658687363923
45.4101,disk0w,1977552596992,18762835,1160113420758
45.4101,disk5,24914458892288,50176704,454328423583401
45.4101,disk5w,225980416,35966,1254168700
45.4101,disk4,29366611244032,29403682,341790920066891
45.4101,disk4w,1447519660032,1489770,590205215334
45.4101,disk8,40984909191168,66555815,701736504528429
45.4101,disk8w,4128768,601,984243925
45.4101,ram,86556672,63802884096,276928
45.4101,cpu,14866239,21339949,513472070
45.4101,gpu,0,0,0
45.6088,disk0,876018133626880,1965759097,12420670985910330
45.6088,disk0w,1977552596992,18762835,1160113420758
45.6088,disk5,24915183810560,50178189,454333600871338
45.6088,disk5w,225980416,35966,1254168700
45.6088,disk4,29367259788288,29404348,341791841519253
45.6088,disk4w,1447519660032,1489770,590205215334
45.6088,disk8,40986179655680,66557268,701743491368653
45.6088,disk8w,4128768,601,984243925
45.6088,ram,77398016,69326503936,276928
45.6088,cpu,14866267,21340061,513473789
45.6088,gpu,0,0,0
45.8062,disk0,876019968577536,1965762623,12420678162870889
45.8062,disk0w,1977552596992,18762835,1160113420758
45.8062,disk5,24915865679872,50179585,454337552457374
45.8062,disk5w,225980416,35966,1254168700
45.8062,disk4,29367848170496,29404951,341792553160627
45.8062,disk4w,1447519660032,1489770,590205215334
45.8062,disk8,40987530647552,66559312,701759155339020
45.8062,disk8w,4128768,601,984243925
45.8062,ram,77398016,69326503936,276928
45.8062,cpu,14866267,21340061,513473789
45.8062,gpu,0,0,0
46.0039,disk0,876022264258560,1965767125,12420694368036778
46.0039,disk0w,1977552596992,18762835,1160113420758
46.0039,disk5,24916394571776,50180669,454340309130126
46.0039,disk5w,225980416,35966,1254168700
46.0039,disk4,29368410207232,29405527,341793248360810
46.0039,disk4w,1447519660032,1489770,590205215334
46.0039,disk8,40988700366848,66561143,701770432784481
46.0039,disk8w,4128768,601,984243925
46.0039,ram,77398016,69326503936,276928
46.0039,cpu,14866267,21340061,513473789
46.0039,gpu,0,0,0
46.2101,disk0,876024220463104,1965771358,12420705951996303
46.2101,disk0w,1977552596992,18762835,1160113420758
46.2101,disk5,24916995373056,50181833,454344007071199
46.2101,disk5w,225980416,35966,1254168700
46.2101,disk4,29368972243968,29406103,341793933666282
46.2101,disk4w,1447519660032,1489770,590205215334
46.2101,disk8,40989970470912,66563747,701789170216688
46.2101,disk8w,4128768,601,984243925
46.2101,ram,77398016,69326503936,276928
46.2101,cpu,14866267,21340061,513473789
46.2101,gpu,0,0,0
46.4019,disk0,876026132889600,1965775484,12420713339014403
46.4019,disk0w,1977552596992,18762835,1160113420758
46.4019,disk5,24917757097984,50183335,454348443702295
46.4019,disk5w,225980416,35966,1254168700
46.4019,disk4,29369560626176,29406706,341794631123084
46.4019,disk4w,1447519660032,1489770,590205215334
46.4019,disk8,40991315351552,66566147,701806521065434
46.4019,disk8w,4128768,601,984243925
46.4019,ram,77398016,69326503936,276928
46.4019,cpu,14866267,21340061,513473789
46.4019,gpu,0,0,0
46.6007,disk0,876028190154752,1965780149,12420723137765017
46.6007,disk0w,1977552596992,18762835,1160113420758
46.6007,disk5,24918462298112,50184727,454351863179007
46.6007,disk5w,225980416,35966,1254168700
46.6007,disk4,29370096317440,29407255,341795360637937
46.6007,disk4w,1447519660032,1489770,590205215334
46.6007,disk8,40992695728128,66568667,701822258008804
46.6007,disk8w,4128768,601,984243925
46.6007,ram,78200832,63321587712,276928
46.6007,cpu,14866292,21340181,513475429
46.6007,gpu,0,0,0
46.8008,disk0,876029089280000,1965781929,12420728943208604
46.8008,disk0w,1977552596992,18762835,1160113420758
46.8008,disk5,24918754686976,50185310,454353332603142
46.8008,disk5w,225980416,35966,1254168700
46.8008,disk4,29370263172096,29407426,341795539750089
46.8008,disk4w,1447519660032,1489770,590205215334
46.8008,disk8,40993180678144,66569792,701827354564060
46.8008,disk8w,4128768,601,984243925
46.8008,ram,78200832,63321587712,276928
46.8008,cpu,14866292,21340181,513475429
46.8008,gpu,0,0,0
47.0101,disk0,876030134427648,1965783922,12420737740680523
47.0101,disk0w,1977552883712,18762844,1160113576505
47.0101,disk5,24919148066816,50186115,454356986826706
47.0101,disk5w,225980416,35966,1254168700
47.0101,disk4,29370684519424,29407847,341798255412158
47.0101,disk4w,1447519660032,1489770,590205215334
47.0101,disk8,40993873721344,66570746,701837164801364
47.0101,disk8w,4128768,601,984243925
47.0101,ram,78200832,63321587712,276928
47.0101,cpu,14866292,21340181,513475429
47.0101,gpu,0,0,0
47.2016,disk0,876031843414016,1965790869,12420753041138140
47.2016,disk0w,1977552883712,18762844,1160113576505
47.2016,disk5,24919737333760,50187322,454361370506898
47.2016,disk5w,225980416,35966,1254168700
47.2016,disk4,29371220096000,29408389,341799310394817
47.2016,disk4w,1447519660032,1489770,590205215334
47.2016,disk8,40995179313152,66572919,701863504756864
47.2016,disk8w,4128768,601,984243925
47.2016,ram,78200832,63321587712,276928
47.2016,cpu,14866292,21340181,513475429
47.2016,gpu,0,0,0
47.4101,disk0,876034078736384,1965794963,12420770846478413
47.4101,disk0w,1977552883712,18762844,1160113576505
47.4101,disk5,24920334989312,50188548,454365010984370
47.4101,disk5w,225980416,35966,1254168700
47.4101,disk4,29371946284032,29409120,341803443182452
47.4101,disk4w,1447519660032,1489770,590205215334
47.4101,disk8,40996497635328,66574436,701876877931687
47.4101,disk8w,4128768,601,984243925
47.4101,ram,78200832,63321587712,276928
47.4101,cpu,14866292,21340181,513475429
47.4101,gpu,0,0,0
47.6101,disk0,876036302319616,1965798581,12420790855667591
47.6101,disk0w,1977552883712,18762844,1160113576505
47.6101,disk5,24921097254912,50190109,454370849029417
47.6101,disk5w,225980416,35966,1254168700
47.6101,disk4,29372589667328,29409769,341805196849061
47.6101,disk4w,1447519660032,1489770,590205215334
47.6101,disk8,40997721831424,66575873,701887680208552
47.6101,disk8w,4128768,601,984243925
47.6101,ram,69238784,69816811520,276947
47.6101,cpu,14866327,21340282,513477081
47.6101,gpu,0,0,0
47.8025,disk0,876038225371136,1965801652,12420804418389918
47.8025,disk0w,1977552883712,18762844,1160113576505
47.8025,disk5,24921756334080,50191460,454375062836212
47.8025,disk5w,225980416,35966,1254168700
47.8025,disk4,29373072602112,29410260,341806183473187
47.8025,disk4w,1447519660032,1489770,590205215334
47.8025,disk8,40998872840192,66577629,701904705977722
47.8025,disk8w,4128768,601,984243925
47.8025,ram,69238784,69816811520,276947
47.8025,cpu,14866327,21340282,513477081
47.8025,gpu,16,3,0
48.0101,disk0,876040027025408,1965805192,12420814139872872
48.0101,disk0w,1977552883712,18762844,1160113576505
48.0101,disk5,24922404534272,50192787,454378830768440
48.0101,disk5w,225980416,35966,1254168700
48.0101,disk4,29373678449664,29410875,341807648919360
48.0101,disk4w,1447519660032,1489770,590205215334
48.0101,disk8,41000270542848,66579606,701922409827116
48.0101,disk8w,4128768,601,984243925
48.0101,ram,69238784,69816811520,276947
48.0101,cpu,14866327,21340282,513477081
48.0101,gpu,16,2,0
48.2001,disk0,876042205229056,1965809880,12420833761706880
48.2001,disk0w,1977552883712,18762844,1160113576505
48.2001,disk5,24922796341248,50193590,454381586919440
48.2001,disk5w,225980416,35966,1254168700
48.2001,disk4,29374161368064,29411365,341808738643402
48.2001,disk4w,1447519660032,1489770,590205215334
48.2001,disk8,41001363355648,66581181,701932832391107
48.2001,disk8w,4128768,601,984243925
48.2001,ram,69238784,69816811520,276947
48.2001,cpu,14866327,21340282,513477081
48.2001,gpu,0,0,0
48.4101,disk0,876044328255488,1965814098,12420843802256685
48.4101,disk0w,1977552883712,18762844,1160113576505
48.4101,disk5,24923580200960,50195145,454388074120635
48.4101,disk5w,225980416,35966,1254168700
48.4101,disk4,29374768313344,29411984,341809925900406
48.4101,disk4w,1447519660032,1489770,590205215334
48.4101,disk8,41002789615616,66583501,701952039723545
48.4101,disk8w,4128768,601,984243925
48.4101,ram,69238784,69816811520,276947
48.4101,cpu,14866327,21340282,513477081
48.4101,gpu,0,0,0
48.6101,disk0,876046136721408,1965817988,12420855128592235
48.6101,disk0w,1977552883712,18762844,1160113576505
48.6101,disk5,24924010117120,50195978,454390123001133
48.6101,disk5w,225980416,35966,1254168700
48.6101,disk4,29375171228672,29412397,341810364583265
48.6101,disk4w,1447519660032,1489770,590205215334
48.6101,disk8,41004122847232,66586292,701974222834223
48.6101,disk8w,4128768,601,984243925
48.6101,ram,76447744,64062930944,276947
48.6101,cpu,14866345,21340379,513478748
48.6101,gpu,0,0,0
48.8101,disk0,876047979847680,1965821970,12420866249557058
48.8101,disk0w,1977552883712,18762844,1160113576505
48.8101,disk5,24924617078784,50197164,454393086346897
48.8101,disk5w,225980416,35966,1254168700
48.8101,disk4,29375733216256,29412970,341811526507780
48.8101,disk4w,1447519660032,1489770,590205215334
48.8101,disk8,41005438191616,66588663,701995781605664
48.8101,disk8w,4128768,601,984243925
48.8101,ram,76447744,64062930944,276947
48.8101,cpu,14866345,21340379,513478748
48.8101,gpu,0,0,0
49.0030,disk0,876050154594304,1965826299,12420883171277651
49.0030,disk0w,1977552883712,18762844,1160113576505
49.0030,disk5,24925199808512,50198316,454396012060473
49.0030,disk5w,225980416,35966,1254168700
49.0030,disk4,29376255538176,29413505,341812177118516
49.0030,disk4w,1447519660032,1489770,590205215334
49.0030,disk8,41006515439616,66590842,702008414423140
49.0030,disk8w,4128768,601,984243925
49.0030,ram,76447744,64062930944,276947
49.0030,cpu,14866345,21340379,513478748
49.0030,gpu,0,0,0
49.2101,disk0,876052329017344,1965831366,12420896022359947
49.2101,disk0w,1977552883712,18762844,1160113576505
49.2101,disk5,24926031722496,50199958,454401755345181
49.2101,disk5w,225980416,35966,1254168700
49.2101,disk4,29376773665792,29414036,341812822104090
49.2101,disk4w,1447519660032,1489770,590205215334
49.2101,disk8,41007792588800,66592937,702023111677994
49.2101,disk8w,4128768,601,984243925
49.2101,ram,76447744,64062930944,276947
49.2101,cpu,14866345,21340379,513478748
49.2101,gpu,67,1,0
49.4101,disk0,876054269947904,1965839622,12420910746864107
49.4101,disk0w,1977552883712,18762844,1160113576505
49.4101,disk5,24926688835584,50201257,454404963430705
49.4101,disk5w,225980416,35966,1254168700
49.4101,disk4,29377322726400,29414599,341813556983068
49.4101,disk4w,1447519660032,1489770,590205215334
49.4101,disk8,41009143580672,66595552,702042372240230
49.4101,disk8w,4128768,601,984243925
49.4101,ram,76447744,64062930944,276947
49.4101,cpu,14866345,21340379,513478748
49.4101,gpu,0,0,0
49.6101,disk0,876056189063168,1965843514,12420923376572893
49.6101,disk0w,1977552883712,18762844,1160113576505
49.6101,disk5,24927379191808,50202628,454410572913703
49.6101,disk5w,225980416,35966,1254168700
49.6101,disk4,29377717908480,29415004,341814019039728
49.6101,disk4w,1447519660032,1489770,590205215334
49.6101,disk8,41010031626240,66597540,702052214021930
49.6101,disk8w,4128768,601,984243925
49.6101,ram,75186176,64165593088,276947
49.6101,cpu,14866368,21340485,513480407
49.6101,gpu,60,0,0
49.8092,disk0,876056196403200,1965843521,12420923380958056
49.8092,disk0w,1977552883712,18762844,1160113576505
49.8092,disk5,24927379191808,50202628,454410572913703
49.8092,disk5w,225980416,35966,1254168700
49.8092,disk4,29377721054208,29415007,341814021319019
49.8092,disk4w,1447519660032,1489770,590205215334
49.8092,disk8,41010036901888,66597546,702052217366510
49.8092,disk8w,4128768,601,984243925
49.8092,ram,75186176,64165593088,276947
49.8092,cpu,14866368,21340485,513480407
49.8092,gpu,88,0,0
50.0101,disk0,876057817325568,1965846503,12420931302485974
50.0101,disk0w,1977552883712,18762844,1160113576505
50.0101,disk5,24927836715008,50203566,454419382487526
50.0101,disk5w,225980416,35966,1254168700
50.0101,disk4,29378209592320,29415508,341815992976235
50.0101,disk4w,1447519660032,1489770,590205215334
50.0101,disk8,41011000788992,66598966,702061992188582
50.0101,disk8w,4128768,601,984243925
50.0101,ram,75186176,64165593088,276947
50.0101,cpu,14866368,21340485,513480407
50.0101,gpu,14,0,0
50.2101,disk0,876059746250752,1965849740,12420937420901826
50.2101,disk0w,1977552883712,18762844,1160113576505
50.2101,disk5,24928540981248,50205011,454423770908083
50.2101,disk5w,225980416,35966,1254168700
50.2101,disk4,29378859447296,29416174,341816768825894
50.2101,disk4w,1447519660032,1489770,590205215334
50.2101,disk8,41012393314304,66600616,702074445822074
50.2101,disk8w,4128768,601,984243925
50.2101,ram,75186176,64165593088,276947
50.2101,cpu,14866368,21340485,513480407
50.2101,gpu,0,0,0
50.4101,disk0,876061982339072,1965853668,12420948814975436
50.4101,disk0w,1977552883712,18762844,1160113576505
50.4101,disk5,24929160247296,50206282,454426903132241
50.4101,disk5w,225980416,35966,1254168700
50.4101,disk4,29379403920384,29416732,341817495859382
50.4101,disk4w,1447519660032,1489770,590205215334
50.4101,disk8,41013722073088,66602524,702087322762022
50.4101,disk8w,4128768,601,984243925
50.4101,ram,75186176,64165593088,276947
50.4101,cpu,14866368,21340485,513480407
50.4101,gpu,0,0,0
50.6101,disk0,876064361725952,1965858417,12420963166151827
50.6101,disk0w,1977552883712,18762844,1160113576505
50.6101,disk5,24929691244544,50207369,454429407765346
50.6101,disk5w,225980416,35966,1254168700
50.6101,disk4,29379930829824,29417272,341818125655114
50.6101,disk4w,1447519660032,1489770,590205215334
50.6101,disk8,41015030761472,66604488,702100666042297
50.6101,disk8w,4128768,601,984243925
50.6101,ram,73285632,69180342272,276947
50.6101,cpu,14866394,21340573,513482080
50.6101,gpu,0,0,0
50.8042,disk0,876066681290752,1965863324,12420979041109651
50.8042,disk0w,1977552883712,18762844,1160113576505
50.8042,disk5,24930318366720,50208596,454432339814642
50.8042,disk5w,225980416,35966,1254168700
50.8042,disk4,29380492866560,29417848,341818847926259
50.8042,disk4w,1447519660032,1489770,590205215334
50.8042,disk8,41016274388992,66607011,702112891593072
50.8042,disk8w,4128768,601,984243925
50.8042,ram,73285632,69180342272,276947
50.8042,cpu,14866394,21340573,513482080
50.8042,gpu,0,0,0
51.0101,disk0,876068698996736,1965867573,12420989372091149
51.0101,disk0w,1977552883712,18762844,1160113576505
51.0101,disk5,24931046586368,50210030,454436706776215
51.0101,disk5w,225980416,35966,1254168700
51.0101,disk4,29380990940160,29418358,341819456206124
51.0101,disk4w,1447519660032,1489770,590205215334
51.0101,disk8,41017621301248,66609675,702131288152486
51.0101,disk8w,4128768,601,984243925
51.0101,ram,73285632,69180342272,276947
51.0101,cpu,14866394,21340573,513482080
51.0101,gpu,0,0,0
51.2101,disk0,876070920679424,1965876581,12421009817424887
51.2101,disk0w,1977552883712,18762844,1160113576505
51.2101,disk5,24931537909760,50211002,454438583655331
51.2101,disk5w,225980416,35966,1254168700
51.2101,disk4,29381450085376,29418829,341820002679308
51.2101,disk4w,1447519660032,1489770,590205215334
51.2101,disk8,41018753058816,66611537,702142426840169
51.2101,disk8w,4128768,601,984243925
51.2101,ram,73285632,69180342272,276947
51.2101,cpu,14866394,21340573,513482080
51.2101,gpu,0,0,0
51.4101,disk0,876072059052032,1965878922,12421015932377947
51.4101,disk0w,1977552883712,18762844,1160113576505
51.4101,disk5,24931923949568,50211766,454440010413243
51.4101,disk5w,225980416,35966,1254168700
51.4101,disk4,29381739885568,29419126,341820400265173
51.4101,disk4w,1447519660032,1489770,590205215334
51.4101,disk8,41019584088064,66613351,702154144658198
51.4101,disk8w,4128768,601,984243925
51.4101,ram,73285632,69180342272,276947
51.4101,cpu,14866394,21340573,513482080
51.4101,gpu,0,0,0
51.6013,disk0,876072769167360,1965880294,12421021839365999
51.6013,disk0w,1977552883712,18762844,1160113576505
51.6013,disk5,24932152064000,50212234,454441493267873
51.6013,disk5w,225980416,35966,1254168700
51.6013,disk4,29381880345600,29419270,341820846637291
51.6013,disk4w,1447519660032,1489770,590205215334
51.6013,disk8,41019935000576,66613806,702156455909636
51.6013,disk8w,4128768,601,984243925
51.6013,ram,131235840,69018566656,276947
51.6013,cpu,14866427,21340697,513483712
51.6013,gpu,0,0,0
51.8101,disk0,876075053752320,1965884292,12421032511227895
51.8101,disk0w,1977552883712,18762844,1160113576505
51.8101,disk5,24932982552576,50213935,454447217253503
51.8101,disk5w,225980416,35966,1254168700
51.8101,disk4,29382626800640,29420035,341821787045075
51.8101,disk4w,1447519660032,1489770,590205215334
51.8101,disk8,41021334816768,66615690,702167294949864
51.8101,disk8w,4128768,601,984243925
51.8101,ram,131235840,69018566656,276947
51.8101,cpu,14866427,21340697,513483712
51.8101,gpu,18,0,0
52.0101,disk0,876077231628288,1965887576,12421040855196274
52.0101,disk0w,1977552883712,18762844,1160113576505
52.0101,disk5,24933819054080,50215650,454454377460760
52.0101,disk5w,225980416,35966,1254168700
52.0101,disk4,29383064843264,29420484,341822275457463
52.0101,disk4w,1447519660032,1489770,590205215334
52.0101,disk8,41022524704768,66617323,702178021949280
52.0101,disk8w,4128768,601,984243925
52.0101,ram,131235840,69018566656,276947
52.0101,cpu,14866427,21340697,513483712
52.0101,gpu,22,0,0
52.2101,disk0,876079616450560,1965892167,12421057261571184
52.2101,disk0w,1977552883712,18762844,1160113576505
52.2101,disk5,24934411089920,50216863,454457366307813
52.2101,disk5w,225980416,35966,1254168700
52.2101,disk4,29383635268608,29421068,341822967552720
52.2101,disk4w,1447519660032,1489770,590205215334
52.2101,disk8,41023657281536,66619106,702189000649993
52.2101,disk8w,4128768,601,984243925
52.2101,ram,131235840,69018566656,276947
52.2101,cpu,14866427,21340697,513483712
52.2101,gpu,0,0,0
52.4025,disk0,876081939619840,1965897275,12421072629376804
52.4025,disk0w,1977552883712,18762844,1160113576505
52.4025,disk5,24935144421376,50218322,454461397195509
52.4025,disk5w,225980416,35966,1254168700
52.4025,disk4,29384225092608,29421673,341823729972811
52.4025,disk4w,1447519660032,1489770,590205215334
52.4025,disk8,41024938362880,66621352,702200734609199
52.4025,disk8w,4128768,601,984243925
52.4025,ram,131235840,69018566656,276947
52.4025,cpu,14866427,21340697,513483712
52.4025,gpu,0,0,0
52.6101,disk0,876084220993536,1965901783,12421087188325565
52.6101,disk0w,1977552883712,18762844,1160113576505
52.6101,disk5,24935768930304,50219545,454464493131781
52.6101,disk5w,225980416,35966,1254168700
52.6101,disk4,29384699311104,29422159,341824331384609
52.6101,disk4w,1447519660032,1489770,590205215334
52.6101,disk8,41026232993792,66623875,702217293840184
52.6101,disk8w,4128768,601,984243925
52.6101,ram,160497664,69123014656,276947
52.6101,cpu,14866442,21340796,513485377
52.6101,gpu,0,0,0
52.8047,disk0,876086543015936,1965907066,12421104290561983
52.8047,disk0w,1977552883712,18762844,1160113576505
52.8047,disk5,24936372205568,50220739,454467491073886
52.8047,disk5w,225980416,35966,1254168700
52.8047,disk4,29385191093248,29422663,341825152149482
52.8047,disk4w,1447519660032,1489770,590205215334
52.8047,disk8,41027403122688,66625935,702228345978007
52.8047,disk8w,4128768,601,984243925
52.8047,ram,160497664,69123014656,276947
52.8047,cpu,14866442,21340796,513485377
52.8047,gpu,27,0,0
53.0101,disk0,876088736227328,1965915618,12421119689505108
53.0101,disk0w,1977555542016,18762897,1160115326819
53.0101,disk5,24937065330688,50222107,454471923863441
53.0101,disk5w,225980416,35966,1254168700
53.0101,disk4,29385665311744,29423149,341825728905019
53.0101,disk4w,1447521736704,1489953,590221765111
53.0101,disk8,41028750526464,66628536,702243966842325
53.0101,disk8w,4128768,601,984243925
53.0101,ram,160497664,69123014656,276947
53.0101,cpu,14866442,21340796,513485377
53.0101,gpu,0,0,0
53.2101,disk0,876088736231424,1965915619,12421119689672983
53.2101,disk0w,1977557487616,18763345,1160123113545
53.2101,disk5,24937065330688,50222107,454471923863441
53.2101,disk5w,225980416,35966,1254168700
53.2101,disk4,29385665311744,29423149,341825728905019
53.2101,disk4w,1447521736704,1489953,590221765111
53.2101,disk8,41028750526464,66628536,702243966842325
53.2101,disk8w,4128768,601,984243925
53.2101,ram,160497664,69123014656,276947
53.2101,cpu,14866442,21340796,513485377
53.2101,gpu,100,2,0
53.4101,disk0,876090696847360,1965923826,12421130868685597
53.4101,disk0w,1977557487616,18763345,1160123113545
53.4101,disk5,24937732126720,50223475,454476812965412
53.4101,disk5w,225980416,35966,1254168700
53.4101,disk4,29386200953856,29423698,341826704597502
53.4101,disk4w,1447521736704,1489953,590221765111
53.4101,disk8,41030023546880,66630457,702257950301337
53.4101,disk8w,4128768,601,984243925
53.4101,ram,160497664,69123014656,276947
53.4101,cpu,14866442,21340796,513485377
53.4101,gpu,0,0,0
53.6099,disk0,876092824195072,1965927234,12421140287355887
53.6099,disk0w,1977557487616,18763345,1160123113545
53.6099,disk5,24938500388864,50225050,454483168608090
53.6099,disk5w,225980416,35966,1254168700
53.6099,disk4,29386754208768,29424265,341827435142974
53.6099,disk4w,1447521736704,1489953,590221765111
53.6099,disk8,41031285852160,66631899,702266741072455
53.6099,disk8w,4128768,601,984243925
53.6099,ram,176947200,69085511680,276947
53.6099,cpu,14866465,21340910,513487024
53.6099,gpu,0,0,0
53.8101,disk0,876095311663104,1965931635,12421152592750388
53.8101,disk0w,1977557487616,18763345,1160123113545
53.8101,disk5,24939179784192,50226441,454487979676641
53.8101,disk5w,225980416,35966,1254168700
53.8101,disk4,29387295142912,29424819,341828146625867
53.8101,disk4w,1447521736704,1489953,590221765111
53.8101,disk8,41032683505664,66633919,702276907011995
53.8101,disk8w,4128768,601,984243925
53.8101,ram,176947200,69085511680,276947
53.8101,cpu,14866465,21340910,513487024
53.8101,gpu,0,0,0
54.0101,disk0,876097934561280,1965937087,12421170504705891
54.0101,disk0w,1977557487616,18763345,1160123113545
54.0101,disk5,24939769722880,50227635,454491097603376
54.0101,disk5w,225980416,35966,1254168700
54.0101,disk4,29387808027648,29425345,341828789459687
54.0101,disk4w,1447521736704,1489953,590221765111
54.0101,disk8,41034010216448,66636083,702286999554622
54.0101,disk8w,4128768,601,984243925
54.0101,ram,176947200,69085511680,276947
54.0101,cpu,14866465,21340910,513487024
54.0101,gpu,0,0,0
54.2056,disk0,876100105965568,1965941750,12421185192413308
54.2056,disk0w,1977557487616,18763345,1160123113545
54.2056,disk5,24940311590912,50228686,454493587087729
54.2056,disk5w,225980416,35966,1254168700
54.2056,disk4,29388337034240,29425887,341829390828338
54.2056,disk4w,1447521736704,1489953,590221765111
54.2056,disk8,41035247306752,66638784,702303867943404
54.2056,disk8w,4128768,601,984243925
54.2056,ram,176947200,69085511680,276947
54.2056,cpu,14866465,21340910,513487024
54.2056,gpu,24,1,0
54.4097,disk0,876102244438016,1965945887,12421194196986367
54.4097,disk0w,1977557487616,18763345,1160123113545
54.4097,disk5,24941048576000,50230145,454498082839498
54.4097,disk5w,225980416,35966,1254168700
54.4097,disk4,29388932101120,29426497,341830162514637
54.4097,disk4w,1447521736704,1489953,590221765111
54.4097,disk8,41036618778624,66641318,702320202776792
54.4097,disk8w,4128768,601,984243925
54.4097,ram,176947200,69085511680,276947
54.4097,cpu,14866465,21340910,513487024
54.4097,gpu,0,0,0
54.6101,disk0,876104561373184,1965951920,12421214060121615
54.6101,disk0w,1977557495808,18763347,1160123187586
54.6101,disk5,24941521451008,50231079,454500589029398
54.6101,disk5w,225980416,35966,1254168700
54.6101,disk4,29389450228736,29427028,341830786936340
54.6101,disk4w,1447521736704,1489953,590221765111
54.6101,disk8,41037788186624,66643574,702333439103451
54.6101,disk8w,4128768,601,984243925
54.6101,ram,205193216,63376162816,276947
54.6101,cpu,14866486,21341015,513488608
54.6101,gpu,35,0,0
54.8101,disk0,876104904691712,1965952640,12421215120335295
54.8101,disk0w,1977557495808,18763347,1160123187586
54.8101,disk5,24941610088448,50231258,454500980385628
54.8101,disk5w,225980416,35966,1254168700
54.8101,disk4,29389555610624,29427136,341830929205939
54.8101,disk4w,1447521736704,1489953,590221765111
54.8101,disk8,41038048561152,66644118,702337836129936
54.8101,disk8w,4128768,601,984243925
54.8101,ram,205193216,63376162816,276947
54.8101,cpu,14866486,21341015,513488608
54.8101,gpu,100,0,0
55.0083,disk0,876106104721408,1965955040,12421224646745907
55.0083,disk0w,1977557495808,18763347,1160123187586
55.0083,disk5,24942241789952,50232553,454517497678694
55.0083,disk5w,225980416,35966,1254168700
55.0083,disk4,29390116008960,29427687,341838805256337
55.0083,disk4w,1447521736704,1489953,590221765111
55.0083,disk8,41038817396736,66645049,702347903701451
55.0083,disk8w,4128768,601,984243925
55.0083,ram,205193216,63376162816,276947
55.0083,cpu,14866486,21341015,513488608
55.0083,gpu,0,0,0
55.2101,disk0,876108033536000,1965959850,12421237898695586
55.2101,disk0w,1977557512192,18763348,1160123204669
55.2101,disk5,24943101605888,50234316,454526469390399
55.2101,disk5w,225980416,35966,1254168700
55.2101,disk4,29390933554176,29428500,341843958873613
55.2101,disk4w,1447521736704,1489953,590221765111
55.2101,disk8,41040236218368,66647379,702376553088593
55.2101,disk8w,4128768,601,984243925
55.2101,ram,205193216,63376162816,276947
55.2101,cpu,14866486,21341015,513488608
55.2101,gpu,0,0,0
55.4101,disk0,876110054768640,1965963351,12421250892194942
55.4101,disk0w,1977557512192,18763348,1160123204669
55.4101,disk5,24943830595584,50235812,454536766885066
55.4101,disk5w,225980416,35966,1254168700
55.4101,disk4,29391750984704,29429318,341851175491763
55.4101,disk4w,1447521736704,1489953,590221765111
55.4101,disk8,41041436968960,66648790,702387633872613
55.4101,disk8w,4128768,601,984243925
55.4101,ram,205193216,63376162816,276947
55.4101,cpu,14866486,21341015,513488608
55.4101,gpu,0,0,0
55.6101,disk0,876112440926208,1965967027,12421267067480594
55.6101,disk0w,1977557512192,18763348,1160123204669
55.6101,disk5,24944743192576,50237681,454546591395779
55.6101,disk5w,225980416,35966,1254168700
55.6101,disk4,29392402805760,29429978,341853268627460
55.6101,disk4w,1447521736704,1489953,590221765111
55.6101,disk8,41042689312768,66650226,702394850378201
55.6101,disk8w,4128768,601,984243925
55.6101,ram,219217920,69886967808,276947
55.6101,cpu,14866514,21341125,513490330
55.6101,gpu,0,0,0
55.8099,disk0,876114400505856,1965970027,12421280300379580
55.8099,disk0w,1977557512192,18763348,1160123204669
55.8099,disk5,24945496815616,50239225,454553977728558
55.8099,disk5w,225980416,35966,1254168700
55.8099,disk4,29392996578304,29430572,341855784997812
55.8099,disk4w,1447521736704,1489953,590221765111
55.8099,disk8,41044005160960,66652327,702422435483035
55.8099,disk8w,4128768,601,984243925
55.8099,ram,219217920,69886967808,276947
55.8099,cpu,14866514,21341125,513490330
55.8099,gpu,0,0,0
56.0101,disk0,876116080734208,1965973436,12421290015035535
56.0101,disk0w,1977557512192,18763348,1160123204669
56.0101,disk5,24946146064384,50240557,454558377190361
56.0101,disk5w,225980416,35966,1254168700
56.0101,disk4,29393453200384,29431038,341856422463325
56.0101,disk4w,1447521736704,1489953,590221765111
56.0101,disk8,41045366982656,66654247,702440134967285
56.0101,disk8w,4128768,601,984243925
56.0101,ram,219217920,69886967808,276947
56.0101,cpu,14866514,21341125,513490330
56.0101,gpu,0,0,0
56.2077,disk0,876118245617664,1965977485,12421306673875839
56.2077,disk0w,1977557512192,18763348,1160123204669
56.2077,disk5,24946903078912,50242109,454567394780052
56.2077,disk5w,225980416,35966,1254168700
56.2077,disk4,29394251969536,29431834,341860473779730
56.2077,disk4w,1447521736704,1489953,590221765111
56.2077,disk8,41046663235584,66656134,702458722259489
56.2077,disk8w,4128768,601,984243925
56.2077,ram,219217920,69886967808,276947
56.2077,cpu,14866514,21341125,513490330
56.2077,gpu,96,8,0
56.4078,disk0,876120469467136,1965982054,12421322237167318
56.4078,disk0w,1977557512192,18763348,1160123204669
56.4078,disk5,24947576174592,50243470,454572037908352
56.4078,disk5w,225980416,35966,1254168700
56.4078,disk4,29394928055296,29432520,341862469475586
56.4078,disk4w,1447521736704,1489953,590221765111
56.4078,disk8,41047873685504,66658048,702468647876941
56.4078,disk8w,4128768,601,984243925
56.4078,ram,219217920,69886967808,276947
56.4078,cpu,14866514,21341125,513490330
56.4078,gpu,21,0,0
56.6004,disk0,876122426929152,1965986186,12421335693296761
56.6004,disk0w,1977557512192,18763348,1160123204669
56.6004,disk5,24948172797952,50244626,454574444512135
56.6004,disk5w,225980416,35966,1254168700
56.6004,disk4,29395358364672,29432961,341862972333355
56.6004,disk4w,1447521736704,1489953,590221765111
56.6004,disk8,41049100322816,66660786,702488059780754
56.6004,disk8w,4128768,601,984243925
56.6004,ram,230703104,64119914496,276947
56.6004,cpu,14866543,21341263,513491951
56.6004,gpu,31,0,0
56.8101,disk0,876124529930240,1965990807,12421351443486956
56.8101,disk0w,1977557512192,18763348,1160123204669
56.8101,disk5,24948786952192,50245828,454577463154624
56.8101,disk5w,225980416,35966,1254168700
56.8101,disk4,29395894006784,29433507,341863753643589
56.8101,disk4w,1447521736704,1489953,590221765111
56.8101,disk8,41050476595200,66663390,702511854820787
56.8101,disk8w,4128768,601,984243925
56.8101,ram,230703104,64119914496,276947
56.8101,cpu,14866543,21341263,513491951
56.8101,gpu,0,0,0
57.0101,disk0,876126524485632,1965994629,12421362327852797
57.0101,disk0w,1977557512192,18763348,1160123204669
57.0101,disk5,24949769598976,50247772,454587178336761
57.0101,disk5w,225980416,35966,1254168700
57.0101,disk4,29396482388992,29434110,341864458129298
57.0101,disk4w,1447521736704,1489953,590221765111
57.0101,disk8,41051622377472,66665833,702524172024177
57.0101,disk8w,4128768,601,984243925
57.0101,ram,230703104,64119914496,276947
57.0101,cpu,14866543,21341263,513491951
57.0101,gpu,24,0,0
57.2101,disk0,876128442757120,1965998831,12421373964481191
57.2101,disk0w,1977558167552,18763365,1160123655580
57.2101,disk5,24950260922368,50248743,454590545465140
57.2101,disk5w,225980416,35966,1254168700
57.2101,disk4,29396974171136,29434614,341864999751707
57.2101,disk4w,1447521736704,1489953,590221765111
57.2101,disk8,41052926052352,66667894,702539944934104
57.2101,disk8w,4128768,601,984243925
57.2101,ram,230703104,64119914496,276947
57.2101,cpu,14866543,21341263,513491951
57.2101,gpu,13,1,0
57.4101,disk0,876130460852224,1966006360,12421391964385171
57.4101,disk0w,1977558167552,18763365,1160123655580
57.4101,disk5,24950804887552,50249817,454593155293529
57.4101,disk5w,225980416,35966,1254168700
57.4101,disk4,29397544989696,29435199,341865846686636
57.4101,disk4w,1447521736704,1489953,590221765111
57.4101,disk8,41054174976000,66670074,702554598556097
57.4101,disk8w,4128768,601,984243925
57.4101,ram,230703104,64119914496,276947
57.4101,cpu,14866543,21341263,513491951
57.4101,gpu,0,0,0
57.6101,disk0,876132601507840,1966010267,12421404545958852
57.6101,disk0w,1977558167552,18763365,1160123655580
57.6101,disk5,24951477975040,50251152,454596626988911
57.6101,disk5w,225980416,35966,1254168700
57.6101,disk4,29398080680960,29435748,341866485153168
57.6101,disk4w,1447521736704,1489953,590221765111
57.6101,disk8,41055361030144,66672697,702573273562752
57.6101,disk8w,4128768,601,984243925
57.6101,ram,85786624,64282230784,276951
57.6101,cpu,14866571,21341368,513493597
57.6101,gpu,29,0,0
57.8101,disk0,876133825077248,1966012502,12421417527457481
57.8101,disk0w,1977558167552,18763365,1160123655580
57.8101,disk5,24952015312896,50252243,454606260423383
57.8101,disk5w,225980416,35966,1254168700
57.8101,disk4,29398510728192,29436173,341870151007733
57.8101,disk4w,1447521736704,1489953,590221765111
57.8101,disk8,41056027727872,66673813,702585235595511
57.8101,disk8w,4128768,601,984243925
57.8101,ram,85786624,64282230784,276951
57.8101,cpu,14866571,21341368,513493597
57.8101,gpu,0,0,0
58.0101,disk0,876135663255552,1966015947,12421433967688724
58.0101,disk0w,1977558167552,18763365,1160123655580
58.0101,disk5,24952717539328,50253687,454619147658864
58.0101,disk5w,225980416,35966,1254168700
58.0101,disk4,29399274320896,29436930,341875419956950
58.0101,disk4w,1447521736704,1489953,590221765111
58.0101,disk8,41057436637184,66675924,702614416030424
58.0101,disk8w,4128768,601,984243925
58.0101,ram,85786624,64282230784,276951
58.0101,cpu,14866571,21341368,513493597
58.0101,gpu,13,0,0
58.2101,disk0,876137575776256,1966020204,12421453173013724
58.2101,disk0w,1977558167552,18763365,1160123655580
58.2101,disk5,24953428350976,50255144,454628033750118
58.2101,disk5w,225980416,35966,1254168700
58.2101,disk4,29399912461312,29437564,341880804543851
58.2101,disk4w,1447521736704,1489953,590221765111
58.2101,disk8,41058732185600,66677660,702632314076840
58.2101,disk8w,4128768,601,984243925
58.2101,ram,85786624,64282230784,276951
58.2101,cpu,14866571,21341368,513493597
58.2101,gpu,0,0,0
58.4101,disk0,876139360174080,1966022866,12421458802598379
58.4101,disk0w,1977558167552,18763365,1160123655580
58.4101,disk5,24954349434880,50257032,454638100889082
58.4101,disk5w,225980416,35966,1254168700
58.4101,disk4,29400468304896,29438134,341882195676161
58.4101,disk4w,1447521736704,1489953,590221765111
58.4101,disk8,41060023031808,66679136,702644976573315
58.4101,disk8w,4128768,601,984243925
58.4101,ram,85786624,64282230784,276951
58.4101,cpu,14866571,21341368,513493597
58.4101,gpu,0,0,0
58.6101,disk0,876141137412096,1966026087,12421469821195397
58.6101,disk0w,1977558167552,18763365,1160123655580
58.6101,disk5,24955221882880,50258818,454655677496768
58.6101,disk5w,225980416,35966,1254168700
58.6101,disk4,29401190511616,29438857,341885929170624
58.6101,disk4w,1447521736704,1489953,590221765111
58.6101,disk8,41061182445568,66680569,702661481680767
58.6101,disk8w,4128768,601,984243925
58.6101,ram,97173504,67158982656,276951
58.6101,cpu,14866590,21341475,513495279
58.6101,gpu,0,0,0
58.8062,disk0,876142762786816,1966028813,12421480861890645
58.8062,disk0w,1977558167552,18763365,1160123655580
58.8062,disk5,24956086614016,50260595,454676129375473
58.8062,disk5w,225980416,35966,1254168700
58.8062,disk4,29402004485120,29439670,341891543357774
58.8062,disk4w,1447521736704,1489953,590221765111
58.8062,disk8,41062524180480,66682582,702680769975822
58.8062,disk8w,4128768,601,984243925
58.8062,ram,97173504,67158982656,276951
58.8062,cpu,14866590,21341482,513495321
58.8062,gpu,0,0,0
59.0101,disk0,876144646389760,1966032905,12421492801448068
59.0101,disk0w,1977558167552,18763365,1160123655580
59.0101,disk5,24956858693632,50262178,454682531351155
59.0101,disk5w,225980416,35966,1254168700
59.0101,disk4,29402576237568,29440249,341893530253992
59.0101,disk4w,1447521736704,1489953,590221765111
59.0101,disk8,41063734958080,66684376,702694494008491
59.0101,disk8w,4128768,601,984243925
59.0101,ram,97173504,67158982656,276951
59.0101,cpu,14866590,21341482,513495321
59.0101,gpu,0,0,0
59.2037,disk0,876146758942720,1966037021,12421511334708418
59.2037,disk0w,1977558167552,18763365,1160123655580
59.2037,disk5,24957693638656,50263891,454691843819228
59.2037,disk5w,225980416,35966,1254168700
59.2037,disk4,29403365241856,29441039,341897529050124
59.2037,disk4w,1447521736704,1489953,590221765111
59.2037,disk8,41064956286976,66686213,702712257849138
59.2037,disk8w,4128768,601,984243925
59.2037,ram,97173504,67158982656,276951
59.2037,cpu,14866590,21341482,513495321
59.2037,gpu,35,2,0
59.4101,disk0,876148761182208,1966041186,12421523159913108
59.4101,disk0w,1977558167552,18763365,1160123655580
59.4101,disk5,24958403950592,50265321,454696981494006
59.4101,disk5w,225980416,35966,1254168700
59.4101,disk4,29403928015872,29441610,341898678913563
59.4101,disk4w,1447521736704,1489953,590221765111
59.4101,disk8,41066339047424,66688419,702730103123698
59.4101,disk8w,4128768,601,984243925
59.4101,ram,97173504,67158982656,276951
59.4101,cpu,14866590,21341482,513495321
59.4101,gpu,0,0,0
59.6101,disk0,876150941958144,1966046179,12421538833749287
59.6101,disk0w,1977558167552,18763365,1160123655580
59.6101,disk5,24959017023488,50266510,454702586182225
59.6101,disk5w,225980416,35966,1254168700
59.6101,disk4,29404471571456,29442162,341900591009676
59.6101,disk4w,1447521736704,1489953,590221765111
59.6101,disk8,41067673966592,66690841,702751257920604
59.6101,disk8w,4128768,601,984243925
59.6101,ram,152829952,64271663104,276951
59.6101,cpu,14866608,21341587,513496934
59.6101,gpu,0,0,0
59.8101,disk0,876152922456064,1966050441,12421551582820819
59.8101,disk0w,1977558167552,18763365,1160123655580
59.8101,disk5,24959587973120,50267618,454705135997610
59.8101,disk5w,225980416,35966,1254168700
59.8101,disk4,29405007164416,29442705,341902220124703
59.8101,disk4w,1447521736704,1489953,590221765111
59.8101,disk8,41069017524224,66693482,702775822712519
59.8101,disk8w,4128768,601,984243925
59.8101,ram,153812992,64093487104,276951
59.8101,cpu,14866608,21341592,513497047
59.8101,gpu,0,0,0
60.0101,disk0,876154938228736,1966054348,12421562884708184
60.0101,disk0w,1977558167552,18763365,1160123655580
60.0101,disk5,24960221902848,50268873,454709033009622
60.0101,disk5w,225980416,35966,1254168700
60.0101,disk4,29405569201152,29443281,341902875790301
60.0101,disk4w,1447521736704,1489953,590221765111
60.0101,disk8,41070232807424,66695660,702792638320754
60.0101,disk8w,4128768,601,984243925
60.0101,ram,153812992,64093487104,276951
60.0101,cpu,14866608,21341592,513497047
60.0101,gpu,31,0,0
60.2101,disk0,876157089873920,1966058911,12421578247412709
60.2101,disk0w,1977558167552,18763365,1160123655580
60.2101,disk5,24960824391680,50270066,454712717716394
60.2101,disk5w,225980416,35966,1254168700
60.2101,disk4,29406157583360,29443884,341903716723934
60.2101,disk4w,1447521736704,1489953,590221765111
60.2101,disk8,41071448221696,66697817,702805836283040
60.2101,disk8w,4128768,601,984243925
60.2101,ram,153812992,64093487104,276951
60.2101,cpu,14866608,21341592,513497047
60.2101,gpu,0,0,0
60.4019,disk0,876159200825344,1966067991,12421601054344846
60.4019,disk0w,1977558167552,18763365,1160123655580
60.4019,disk5,24961264121856,50270936,454714677431649
60.4019,disk5w,225980416,35966,1254168700
60.4019,disk4,29406675710976,29444415,341904461620042
60.4019,disk4w,1447521736704,1489953,590221765111
60.4019,disk8,41072565319680,66699668,702818588049871
60.4019,disk8w,4128768,601,984243925
60.4019,ram,153812992,64093487104,276951
60.4019,cpu,14866608,21341592,513497047
60.4019,gpu,0,0,0
60.6101,disk0,876161123225600,1966071652,12421610921442131
60.6101,disk0w,1977558167552,18763365,1160123655580
60.6101,disk5,24961877227520,50272152,454717949255653
60.6101,disk5w,225980416,35966,1254168700
60.6101,disk4,29407167493120,29444919,341905058418112
60.6101,disk4w,1447521736704,1489953,590221765111
60.6101,disk8,41073951504384,66702298,702839373356944
60.6101,disk8w,4128768,601,984243925
60.6101,ram,211288064,64258605056,276951
60.6101,cpu,14866624,21341686,513498578
60.6101,gpu,96,0,0
60.8101,disk0,876163350667264,1966076003,12421626631546966
60.8101,disk0w,1977558167552,18763365,1160123655580
60.8101,disk5,24962491381760,50273372,454721721677603
60.8101,disk5w,225980416,35966,1254168700
60.8101,disk4,29407808353280,29445563,341908151567051
60.8101,disk4w,1447521736704,1489953,590221765111
60.8101,disk8,41075145684992,66704966,702860549949959
60.8101,disk8w,4128768,601,984243925
60.8101,ram,211288064,64258605056,276951
60.8101,cpu,14866624,21341686,513498578
60.8101,gpu,38,0,0
61.0085,disk0,876165171597312,1966080137,12421637521285289
61.0085,disk0w,1977558167552,18763365,1160123655580
61.0085,disk5,24963105536000,50274630,454726960017746
61.0085,disk5w,225980416,35966,1254168700
61.0085,disk4,29408256144384,29446022,341909372711661
61.0085,disk4w,1447521736704,1489953,590221765111
61.0085,disk8,41076226750464,66706550,702868380753175
61.0085,disk8w,4128768,601,984243925
61.0085,ram,211288064,64258605056,276951
61.0085,cpu,14866624,21341686,513498578
61.0085,gpu,0,0,0
61.2101,disk0,876167253315584,1966083433,12421646229292177
61.2101,disk0w,1977558167552,18763365,1160123655580
61.2101,disk5,24963778623488,50276008,454731153780399
61.2101,disk5w,225980416,35966,1254168700
61.2101,disk4,29408963277824,29446747,341910348221759
61.2101,disk4w,1447521736704,1489953,590221765111
61.2101,disk8,41077528082432,66708014,702877004407345
61.2101,disk8w,4128768,601,984243925
61.2101,ram,211288064,64258605056,276951
61.2101,cpu,14866624,21341686,513498578
61.2101,gpu,30,2,0
61.4101,disk0,876169298497536,1966087353,12421654883298018
61.4101,disk0w,1977558167552,18763365,1160123655580
61.4101,disk5,24964455249920,50277396,454735806649641
61.4101,disk5w,225980416,35966,1254168700
61.4101,disk4,29409643672576,29447444,341911389259901
61.4101,disk4w,1447521736704,1489953,590221765111
61.4101,disk8,41078878861312,66710085,702889963590492
61.4101,disk8w,4128768,601,984243925
61.4101,ram,211288064,64258605056,276951
61.4101,cpu,14866624,21341686,513498578
61.4101,gpu,0,0,0
61.6101,disk0,876171605610496,1966091851,12421668260858287
61.6101,disk0w,1977558167552,18763365,1160123655580
61.6101,disk5,24965193660416,50278910,454741444729973
61.6101,disk5w,225980416,35966,1254168700
61.6101,disk4,29410308600832,29448125,341912287579175
61.6101,disk4w,1447521736704,1489953,590221765111
61.6101,disk8,41080177195008,66712219,702901240625333
61.6101,disk8w,4128768,601,984243925
61.6101,ram,230260736,65487273984,276951
61.6101,cpu,14866649,21341808,513500219
61.6101,gpu,0,0,0
61.8101,disk0,876173605822464,1966096172,12421681116474197
61.8101,disk0w,1977558167552,18763365,1160123655580
61.8101,disk5,24965772720128,50280032,454743968479860
61.8101,disk5w,225980416,35966,1254168700
61.8101,disk4,29410767746048,29448596,341912823767018
61.8101,disk4w,1447521736704,1489953,590221765111
61.8101,disk8,41081417725952,66714722,702919062982004
61.8101,disk8w,4128768,601,984243925
61.8101,ram,231522304,65545748480,276951
61.8101,cpu,14866649,21341808,513500219
61.8101,gpu,0,0,0
62.0101,disk0,876176013275136,1966101291,12421696918700638
62.0101,disk0w,1977558167552,18763365,1160123655580
62.0101,disk5,24966449723392,50281368,454748545703581
62.0101,disk5w,225980416,35966,1254168700
62.0101,disk4,29411321000960,29449163,341913558459909
62.0101,disk4w,1447521736704,1489953,590221765111
62.0101,disk8,41082658469888,66717071,702929532351429
62.0101,disk8w,4128768,601,984243925
62.0101,ram,231522304,65545748480,276951
62.0101,cpu,14866649,21341808,513500219
62.0101,gpu,0,0,0
62.2101,disk0,876178413285376,1966110724,12421714416259932
62.2101,disk0w,1977558167552,18763365,1160123655580
62.2101,disk5,24966841620480,50282142,454750193068120
62.2101,disk5w,225980416,35966,1254168700
62.2101,disk4,29411865474048,29449721,341914169574437
62.2101,disk4w,1447521736704,1489953,590221765111
62.2101,disk8,41083996338176,66719433,702945619855510
62.2101,disk8w,4128768,601,984243925
62.2101,ram,231522304,65545748480,276951
62.2101,cpu,14866649,21341808,513500219
62.2101,gpu,0,0,0
62.4055,disk0,876179965493248,1966113655,12421728205156180
62.4055,disk0w,1977558167552,18763365,1160123655580
62.4055,disk5,24967286585344,50283031,454755412307961
62.4055,disk5w,225980416,35966,1254168700
62.4055,disk4,29412219745280,29450076,341916532570703
62.4055,disk4w,1447521736704,1489953,590221765111
62.4055,disk8,41084816209920,66721021,702956062281905
62.4055,disk8w,4128768,601,984243925
62.4055,ram,231522304,65545748480,276951
62.4055,cpu,14866649,21341808,513500219
62.4055,gpu,0,0,0
62.6075,disk0,876182194163712,1966117847,12421748565044869
62.6075,disk0w,1977558167552,18763365,1160123655580
62.6075,disk5,24968075606016,50284654,454772280507360
62.6075,disk5w,225980416,35966,1254168700
62.6075,disk4,29413151126528,29450998,341924231481282
62.6075,disk4w,1447521736704,1489953,590221765111
62.6075,disk8,41086031673344,66722855,702977208984079
62.6075,disk8w,4128768,601,984243925
62.6075,ram,243105792,66820243456,276951
62.6075,cpu,14866669,21341919,513501890
62.6075,gpu,0,0,0
62.8014,disk0,876184335458304,1966127008,12421776700457206
62.8014,disk0w,1977558167552,18763365,1160123655580
62.8014,disk5,24968545187840,50285618,454777474519239
62.8014,disk5w,225980416,35966,1254168700
62.8014,disk4,29413735101440,29451584,341926525638789
62.8014,disk4w,1447521736704,1489953,590221765111
62.8014,disk8,41087336298496,66724763,702998826702930
62.8014,disk8w,4128768,601,984243925
62.8014,ram,243105792,66820243456,276951
62.8014,cpu,14866671,21341925,513501935
62.8014,gpu,0,0,0
63.0095,disk0,876186291478528,1966130191,12421788273829021
63.0095,disk0w,1977558167552,18763365,1160123655580
63.0095,disk5,24969346635776,50287259,454789210535527
63.0095,disk5w,225980416,35966,1254168700
63.0095,disk4,29414516356096,29452365,341930453878516
63.0095,disk4w,1447521736704,1489953,590221765111
63.0095,disk8,41088748468224,66726378,703020158106784
63.0095,disk8w,4128768,601,984243925
63.0095,ram,243105792,66820243456,276951
63.0095,cpu,14866671,21341925,513501935
63.0095,gpu,0,0,0
63.2032,disk0,876188259274752,1966133552,12421800519950741
63.2032,disk0w,1977558167552,18763365,1160123655580
63.2032,disk5,24970111612928,50288827,454801482464712
63.2032,disk5w,225980416,35966,1254168700
63.2032,disk4,29415234843648,29453090,341932676236494
63.2032,disk4w,1447521736704,1489953,590221765111
63.2032,disk8,41089945106432,66727782,703035460427445
63.2032,disk8w,4128768,601,984243925
63.2032,ram,243105792,66820243456,276951
63.2032,cpu,14866671,21341925,513501935
63.2032,gpu,97,0,0
63.4036,disk0,876190195302400,1966136734,12421814318870747
63.4036,disk0w,1977558167552,18763365,1160123655580
63.4036,disk5,24971066513408,50290785,454819487070486
63.4036,disk5w,225980416,35966,1254168700
63.4036,disk4,29415931900928,29453790,341936048052498
63.4036,disk4w,1447521736704,1489953,590221765111
63.4036,disk8,41091155654656,66729686,703046502749473
63.4036,disk8w,4128768,601,984243925
63.4036,ram,243105792,66820243456,276951
63.4036,cpu,14866671,21341925,513501935
63.4036,gpu,0,0,0
63.6039,disk0,876192086544384,1966140968,12421823095784483
63.6039,disk0w,1977558196224,18763372,1160123749203
63.6039,disk5,24971745081344,50292177,454826244218141
63.6039,disk5w,225980416,35966,1254168700
63.6039,disk4,29416368894976,29454238,341936590181388
63.6039,disk4w,1447521736704,1489953,590221765111
63.6039,disk8,41092321327104,66731265,703057815145241
63.6039,disk8w,4128768,601,984243925
63.6039,ram,263127040,64229163008,276951
63.6039,cpu,14866693,21342035,513503525
63.6039,gpu,0,0,0
63.8101,disk0,876194547761152,1966145631,12421850157823406
63.8101,disk0w,1977558196224,18763372,1160123749203
63.8101,disk5,24972277274624,50293267,454829820888812
63.8101,disk5w,225980416,35966,1254168700
63.8101,disk4,29417033626624,29454907,341938598514330
63.8101,disk4w,1447521736704,1489953,590221765111
63.8101,disk8,41093478168576,66733034,703074344517639
63.8101,disk8w,4128768,601,984243925
63.8101,ram,264814592,64336396288,276951
63.8101,cpu,14866694,21342039,513503583
63.8101,gpu,0,0,0
64.0023,disk0,876196373409792,1966149372,12421858021835056
64.0023,disk0w,1977558196224,18763372,1160123749203
64.0023,disk5,24972891797504,50294517,454832709087562
64.0023,disk5w,225980416,35966,1254168700
64.0023,disk4,29417598153728,29455486,341939413865716
64.0023,disk4w,1447521736704,1489953,590221765111
64.0023,disk8,41094801307648,66735160,703090745992439
64.0023,disk8w,4128768,601,984243925
64.0023,ram,264814592,64336396288,276951
64.0023,cpu,14866694,21342039,513503583
64.0023,gpu,0,0,0
64.2101,disk0,876198549659648,1966154108,12421874577546613
64.2101,disk0w,1977558196224,18763372,1160123749203
64.2101,disk5,24973572487168,50295836,454837146928745
64.2101,disk5w,225980416,35966,1254168700
64.2101,disk4,29418168873984,29456065,341941068596569
64.2101,disk4w,1447521736704,1489953,590221765111
64.2101,disk8,41096124106752,66737783,703110135063145
64.2101,disk8w,4128768,601,984243925
64.2101,ram,264814592,64336396288,276951
64.2101,cpu,14866694,21342039,513503583
64.2101,gpu,0,0,0
64.4101,disk0,876200770531328,1966158944,12421895426273433
64.4101,disk0w,1977558196224,18763372,1160123749203
64.4101,disk5,24974229223424,50297115,454841344331990
64.4101,disk5w,225980416,35966,1254168700
64.4101,disk4,29418713232384,29456616,341942361297639
64.4101,disk4w,1447521736704,1489953,590221765111
64.4101,disk8,41097354987520,66740044,703127480413622
64.4101,disk8w,4128768,601,984243925
64.4101,ram,264814592,64336396288,276951
64.4101,cpu,14866694,21342039,513503583
64.4101,gpu,0,0,0
64.6101,disk0,876202689986560,1966162752,12421905229164178
64.6101,disk0w,1977558204416,18763373,1160123764036
64.6101,disk5,24975105390592,50298849,454849908165621
64.6101,disk5w,225980416,35966,1254168700
64.6101,disk4,29419222545408,29457136,341942992182298
64.6101,disk4w,1447521736704,1489953,590221765111
64.6101,disk8,41098654664704,66742658,703147554014814
64.6101,disk8w,4128768,601,984243925
64.6101,ram,267829248,64100139008,276951
64.6101,cpu,14866723,21342148,513505181
64.6101,gpu,34,0,0
64.8101,disk0,876204531613696,1966166661,12421915682217540
64.8101,disk0w,1977558204416,18763373,1160123764036
64.8101,disk5,24975754246144,50300128,454853780185325
64.8101,disk5w,225980416,35966,1254168700
64.8101,disk4,29419776848896,29457704,341943620454909
64.8101,disk4w,1447521736704,1489953,590221765111
64.8101,disk8,41099981490176,66744859,703163177386617
64.8101,disk8w,4128768,601,984243925
64.8101,ram,268517376,64150487040,276951
64.8101,cpu,14866726,21342155,513505291
64.8101,gpu,21,0,0
65.0035,disk0,876206778667008,1966176956,12421938257815383
65.0035,disk0w,1977558204416,18763373,1160123764036
65.0035,disk5,24976248436736,50301100,454855757988711
65.0035,disk5w,225980416,35966,1254168700
65.0035,disk4,29420329055232,29458270,341944389537300
65.0035,disk4w,1447521736704,1489953,590221765111
65.0035,disk8,41101199460352,66746913,703175865025062
65.0035,disk8w,4128768,601,984243925
65.0035,ram,268517376,64150487040,276951
65.0035,cpu,14866726,21342155,513505291
65.0035,gpu,0,0,0
65.2101,disk0,876208921276416,1966180718,12421949406888746
65.2101,disk0w,1977558204416,18763373,1160123764036
65.2101,disk5,24976813094912,50302217,454858557444806
65.2101,disk5w,225980416,35966,1254168700
65.2101,disk4,29420841366528,29458791,341945255868052
65.2101,disk4w,1447521736704,1489953,590221765111
65.2101,disk8,41102559447040,66749512,703196691096435
65.2101,disk8w,4128768,601,984243925
65.2101,ram,268517376,64150487040,276951
65.2101,cpu,14866726,21342155,513505291
65.2101,gpu,0,0,0
65.4025,disk0,876210767003648,1966184202,12421963542955243
65.4025,disk0w,1977558257664,18763376,1160123827368
65.4025,disk5,24977488279552,50303560,454865867917781
65.4025,disk5w,225980416,35966,1254168700
65.4025,disk4,29421445002240,29459396,341948092809675
65.4025,disk4w,1447521736704,1489953,590221765111
65.4025,disk8,41103464269824,66751418,703209517071917
65.4025,disk8w,4128768,601,984243925
65.4025,ram,268517376,64150487040,276951
65.4025,cpu,14866726,21342155,513505291
65.4025,gpu,0,0,0
65.6101,disk0,876213176954880,1966189412,12421980300658542
65.6101,disk0w,1977558257664,18763376,1160123827368
65.6101,disk5,24978301466624,50305230,454871983000569
65.6101,disk5w,225980416,35966,1254168700
65.6101,disk4,29422098068480,29460067,341949304405624
65.6101,disk4w,1447521736704,1489953,590221765111
65.6101,disk8,41104736552960,66753384,703220059235269
65.6101,disk8w,4128768,601,984243925
65.6101,ram,275496960,65344225280,276951
65.6101,cpu,14866743,21342257,513506831
65.6101,gpu,0,0,0
65.8049,disk0,876215061229568,1966192553,12421985312108955
65.8049,disk0w,1977558257664,18763376,1160123827368
65.8049,disk5,24978917718016,50306492,454876130944793
65.8049,disk5w,225980416,35966,1254168700
65.8049,disk4,29422778856448,29460765,341950248904099
65.8049,disk4w,1447521736704,1489953,590221765111
65.8049,disk8,41106098800640,66755008,703233140355178
65.8049,disk8w,4128768,601,984243925
65.8049,ram,276250624,65357168640,276951
65.8049,cpu,14866746,21342263,513506943
65.8049,gpu,0,0,0
66.0023,disk0,876217199505408,1966196745,12421995564219523
66.0023,disk0w,1977558257664,18763376,1160123827368
66.0023,disk5,24979743488000,50308184,454883211980160
66.0023,disk5w,225980416,35966,1254168700
66.0023,disk4,29423336305664,29461336,341950917861752
66.0023,disk4w,1447521736704,1489953,590221765111
66.0023,disk8,41107346065408,66756840,703242582956366
66.0023,disk8w,4128768,601,984243925
66.0023,ram,276250624,65357168640,276951
66.0023,cpu,14866746,21342263,513506943
66.0023,gpu,0,0,0
66.2101,disk0,876219550158848,1966201672,12422014053424558
66.2101,disk0w,1977558257664,18763376,1160123827368
66.2101,disk5,24980301854720,50309312,454885610469437
66.2101,disk5w,225980416,35966,1254168700
66.2101,disk4,29423815111680,29461827,341951471369551
66.2101,disk4w,1447521736704,1489953,590221765111
66.2101,disk8,41108525074432,66758709,703253806816399
66.2101,disk8w,4128768,601,984243925
66.2101,ram,276250624,65357168640,276951
66.2101,cpu,14866746,21342263,513506943
66.2101,gpu,0,0,0
66.4069,disk0,876221768761344,1966206501,12422028764757574
66.4069,disk0w,1977558257664,18763376,1160123827368
66.4069,disk5,24980820555776,50310320,454888269492855
66.4069,disk5w,225980416,35966,1254168700
66.4069,disk4,29424262984704,29462286,341952030243860
66.4069,disk4w,1447521736704,1489953,590221765111
66.4069,disk8,41109734688768,66761108,703268739853836
66.4069,disk8w,4128768,601,984243925
66.4069,ram,276250624,65357168640,276951
66.4069,cpu,14866746,21342263,513506943
66.4069,gpu,0,0,0
66.6101,disk0,876224032600064,1966211295,12422039669591792
66.6101,disk0w,1977558552576,18763391,1160124140363
66.6101,disk5,24981470836736,50311603,454891880614418
66.6101,disk5w,225980416,35966,1254168700
66.6101,disk4,29424872731648,29462910,341952763649107
66.6101,disk4w,1447521736704,1489953,590221765111
66.6101,disk8,41111040329728,66763519,703283357093300
66.6101,disk8w,4128768,601,984243925
66.6101,ram,295583744,63372394496,276951
66.6101,cpu,14866775,21342387,513508453
66.6101,gpu,0,0,0
66.8017,disk0,876226358870016,1966219761,12422062250205892
66.8017,disk0w,1977558552576,18763391,1160124140363
66.8017,disk5,24982006667264,50312661,454894521851896
66.8017,disk5w,225980416,35966,1254168700
66.8017,disk4,29425351930880,29463402,341953407530859
66.8017,disk4w,1447521736704,1489953,590221765111
66.8017,disk8,41112164370432,66765626,703293562413652
66.8017,disk8w,4128768,601,984243925
66.8017,ram,294191104,63414337536,276951
66.8017,cpu,14866777,21342398,513508561
66.8017,gpu,0,0,0
67.0053,disk0,876228551626752,1966224004,12422076611413760
67.0053,disk0w,1977558552576,18763391,1160124140363
67.0053,disk5,24982637467648,50313932,454899309631125
67.0053,disk5w,225980416,35966,1254168700
67.0053,disk4,29425870009344,29463933,341954293728356
67.0053,disk4w,1447521736704,1489953,590221765111
67.0053,disk8,41113265801216,66767536,703302211164225
67.0053,disk8w,4128768,601,984243925
67.0053,ram,294191104,63414337536,276951
67.0053,cpu,14866777,21342398,513508561
67.0053,gpu,0,0,0
67.2007,disk0,876230544535552,1966233410,12422088502814006
67.2007,disk0w,1977558552576,18763391,1160124140363
67.2007,disk5,24983197169664,50315078,454901887031656
67.2007,disk5w,225980416,35966,1254168700
67.2007,disk4,29426388136960,29464464,341954970468263
67.2007,disk4w,1447521736704,1489953,590221765111
67.2007,disk8,41114627983360,66769205,703314010343176
67.2007,disk8w,4128768,601,984243925
67.2007,ram,294191104,63414337536,276951
67.2007,cpu,14866777,21342398,513508561
67.2007,gpu,0,0,0
67.4078,disk0,876232800436224,1966237104,12422095917570161
67.4078,disk0w,1977558552576,18763391,1160124140363
67.4078,disk5,24983944648704,50316611,454905753731178
67.4078,disk5w,225980416,35966,1254168700
67.4078,disk4,29426858816512,29464946,341955505715773
67.4078,disk4w,1447521736704,1489953,590221765111
67.4078,disk8,41116014020608,66771084,703328410275539
67.4078,disk8w,4128768,601,984243925
67.4078,ram,294191104,63414337536,276951
67.4078,cpu,14866777,21342398,513508561
67.4078,gpu,34,0,0
67.6068,disk0,876235269816320,1966242295,12422112992365326
67.6068,disk0w,1977558560768,18763393,1160124180904
67.6068,disk5,24984531286016,50317813,454909769852823
67.6068,disk5w,225980416,35966,1254168700
67.6068,disk4,29427438416896,29465540,341956172788955
67.6068,disk4w,1447521736704,1489953,590221765111
67.6068,disk8,41117287122944,66772995,703337687840349
67.6068,disk8w,4128768,601,984243925
67.6068,ram,301989888,64941064192,276951
67.6068,cpu,14866797,21342496,513510097
67.6068,gpu,0,0,0
67.8101,disk0,876237636206592,1966247117,12422129260798682
67.8101,disk0w,1977558560768,18763393,1160124180904
67.8101,disk5,24985074726912,50318876,454912207802015
67.8101,disk5w,225980416,35966,1254168700
67.8101,disk4,29428021556224,29466138,341956889611881
67.8101,disk4w,1447521736704,1489953,590221765111
67.8101,disk8,41118572316672,66775662,703353603058136
67.8101,disk8w,4128768,601,984243925
67.8101,ram,303054848,64987561984,276951
67.8101,cpu,14866799,21342501,513510215
67.8101,gpu,0,0,0
68.0025,disk0,876240023797760,1966252121,12422146726742620
68.0025,disk0w,1977558560768,18763393,1160124180904
68.0025,disk5,24985688881152,50320086,454915020183415
68.0025,disk5w,225980416,35966,1254168700
68.0025,disk4,29428434301952,29466561,341957329843484
68.0025,disk4w,1447521736704,1489953,590221765111
68.0025,disk8,41119776983040,66778123,703367319531868
68.0025,disk8w,4128768,601,984243925
68.0025,ram,303054848,64987561984,276951
68.0025,cpu,14866799,21342501,513510215
68.0025,gpu,0,0,0
68.2007,disk0,876242642046976,1966259179,12422168047789798
68.2007,disk0w,1977558560768,18763393,1160124180904
68.2007,disk5,24986232846336,50321160,454917847813258
68.2007,disk5w,225980416,35966,1254168700
68.2007,disk4,29429022684160,29467164,341958128441021
68.2007,disk4w,1447521736704,1489953,590221765111
68.2007,disk8,41120996214784,66780127,703375498679500
68.2007,disk8w,4128768,601,984243925
68.2007,ram,303054848,64987561984,276951
68.2007,cpu,14866799,21342501,513510215
68.2007,gpu,0,0,0
68.4101,disk0,876244857987072,1966263544,12422187160523032
68.4101,disk0w,1977558560768,18763393,1160124180904
68.4101,disk5,24986778671104,50322252,454921054977964
68.4101,disk5w,225980416,35966,1254168700
68.4101,disk4,29429514417152,29467668,341959295360602
68.4101,disk4w,1447521736704,1489953,590221765111
68.4101,disk8,41121899710464,66781888,703383413105240
68.4101,disk8w,4128768,601,984243925
68.4101,ram,303054848,64987561984,276951
68.4101,cpu,14866799,21342501,513510215
68.4101,gpu,37,0,0
68.6101,disk0,876246835765248,1966268202,12422195999594243
68.6101,disk0w,1977558560768,18763393,1160124180904
68.6101,disk5,24987633399808,50324005,454928204799281
68.6101,disk5w,225980416,35966,1254168700
68.6101,disk4,29430122460160,29468291,341960066415106
68.6101,disk4w,1447521736704,1489953,590221765111
68.6101,disk8,41123236169728,66783715,703395388213362
68.6101,disk8w,4128768,601,984243925
68.6101,ram,335183872,64859095040,276951
68.6101,cpu,14866816,21342603,513511761
68.6101,gpu,0,0,0
68.8101,disk0,876249098051584,1966271733,12422206441518517
68.8101,disk0w,1977558560768,18763393,1160124180904
68.8101,disk5,24988469762048,50325719,454934801526696
68.8101,disk5w,225980416,35966,1254168700
68.8101,disk4,29430585799680,29468766,341960585456238
68.8101,disk4w,1447521736704,1489953,590221765111
68.8101,disk8,41124482828288,66785163,703403973998385
68.8101,disk8w,4128768,601,984243925
68.8101,ram,335478784,64859095040,276951
68.8101,cpu,14866816,21342606,513511810
68.8101,gpu,0,0,0
69.0013,disk0,876251171643392,1966275383,12422213726481353
69.0013,disk0w,1977558560768,18763393,1160124180904
69.0013,disk5,24989163255808,50327140,454939317150648
69.0013,disk5w,225980416,35966,1254168700
69.0013,disk4,29431057527808,29469249,341961164635941
69.0013,disk4w,1447521736704,1489953,590221765111
69.0013,disk8,41125820778496,66787083,703417085182175
69.0013,disk8w,4128768,601,984243925
69.0013,ram,335478784,64859095040,276951
69.0013,cpu,14866816,21342606,513511810
69.0013,gpu,0,0,0
69.2101,disk0,876253586186240,1966280412,12422229463152335
69.2101,disk0w,1977558560768,18763393,1160124180904
69.2101,disk5,24989751097344,50328312,454942064212090
69.2101,disk5w,225980416,35966,1254168700
69.2101,disk4,29431611831296,29469817,341961789958999
69.2101,disk4w,1447521736704,1489953,590221765111
69.2101,disk8,41127153895424,66789283,703430586906910
69.2101,disk8w,4128768,601,984243925
69.2101,ram,335478784,64859095040,276951
69.2101,cpu,14866816,21342606,513511810
69.2101,gpu,0,0,0
69.4099,disk0,876255788294144,1966285229,12422242644965661
69.4099,disk0w,1977558560768,18763393,1160124180904
69.4099,disk5,24990571067392,50329914,454948030565660
69.4099,disk5w,225980416,35966,1254168700
69.4099,disk4,29432096273408,29470314,341962391670920
69.4099,disk4w,1447521736704,1489953,590221765111
69.4099,disk8,41128465909760,66792039,703445543539264
69.4099,disk8w,4128768,601,984243925
69.4099,ram,335478784,64859095040,276951
69.4099,cpu,14866816,21342606,513511810
69.4099,gpu,0,0,0
69.6101,disk0,876258187501568,1966290249,12422263047921130
69.6101,disk0w,1977558560768,18763393,1160124180904
69.6101,disk5,24991093471232,50330944,454950321789195
69.6101,disk5w,225980416,35966,1254168700
69.6101,disk4,29432614401024,29470845,341963069196747
69.6101,disk4w,1447521736704,1489953,590221765111
69.6101,disk8,41129586952192,66794111,703455945382655
69.6101,disk8w,4128768,601,984243925
69.6101,ram,333922304,63289622528,276951
69.6101,cpu,14866834,21342704,513513428
69.6101,gpu,0,0,0
69.8027,disk0,876260231897088,1966297970,12422279026012379
69.8027,disk0w,1977558560768,18763393,1160124180904
69.8027,disk5,24991620274176,50331985,454953471837893
69.8027,disk5w,225980416,35966,1254168700
69.8027,disk4,29433202783232,29471448,341964051653962
69.8027,disk4w,1447521736704,1489953,590221765111
69.8027,disk8,41130811082752,66796667,703471116328166
69.8027,disk8w,4128768,601,984243925
69.8027,ram,334069760,63289622528,276951
69.8027,cpu,14866834,21342709,513513471
69.8027,gpu,0,0,0
70.0086,disk0,876261948588032,1966301263,12422286241109837
70.0086,disk0w,1977558560768,18763393,1160124180904
70.0086,disk5,24992448149504,50333684,454961480271650
70.0086,disk5w,225980416,35966,1254168700
70.0086,disk4,29433703298048,29471961,341964911854869
70.0086,disk4w,1447521736704,1489953,590221765111
70.0086,disk8,41132022351872,66798398,703482965098642
70.0086,disk8w,4128768,601,984243925
70.0086,ram,334069760,63289622528,276951
70.0086,cpu,14866834,21342709,513513471
70.0086,gpu,0,0,0
70.2101,disk0,876264589819904,1966305952,12422303725688033
70.2101,disk0w,1977558560768,18763393,1160124180904
70.2101,disk5,24993155282944,50335133,454965884255008
70.2101,disk5w,225980416,35966,1254168700
70.2101,disk4,29434195080192,29472465,341965520627831
70.2101,disk4w,1447521736704,1489953,590221765111
70.2101,disk8,41133129320448,66799651,703488534516814
70.2101,disk8w,4128768,601,984243925
70.2101,ram,334069760,63289622528,276951
70.2101,cpu,14866834,21342709,513513471
70.2101,gpu,30,2,0
70.4023,disk0,876266420879360,1966309097,12422309868554538
70.4023,disk0w,1977558560768,18763393,1160124180904
70.4023,disk5,24993943484416,50336748,454972922444664
70.4023,disk5w,225980416,35966,1254168700
70.4023,disk4,29434713207808,29472996,341966230243067
70.4023,disk4w,1447521736704,1489953,590221765111
70.4023,disk8,41134443464704,66801507,703500465980657
70.4023,disk8w,4128768,601,984243925
70.4023,ram,334069760,63289622528,276951
70.4023,cpu,14866834,21342709,513513471
70.4023,gpu,0,0,0
70.6101,disk0,876268969000960,1966314387,12422326556269354
70.6101,disk0w,1977558560768,18763393,1160124180904
70.6101,disk5,24994599942144,50338088,454976550660464
70.6101,disk5w,225980416,35966,1254168700
70.6101,disk4,29435398190080,29473698,341967591544459
70.6101,disk4w,1447521736704,1489953,590221765111
70.6101,disk8,41135724529664,66803518,703510512668367
70.6101,disk8w,4128768,601,984243925
70.6101,ram,334069760,63289622528,276951
70.6101,cpu,14866834,21342709,513513471
70.6101,gpu,0,0,0
70.8101,disk0,876271043215360,1966318853,12422337182292064
70.8101,disk0w,1977558560768,18763393,1160124180904
70.8101,disk5,24995298162688,50339441,454982077978182
70.8101,disk5w,225980416,35966,1254168700
70.8101,disk4,29435925099520,29474238,341968287246818
70.8101,disk4w,1447521736704,1489953,590221765111
70.8101,disk8,41137090713600,66806130,703526369238016
70.8101,disk8w,4128768,601,984243925
70.8101,ram,317931520,64850100224,276951
70.8101,cpu,14866856,21342813,513515130
70.8101,gpu,0,0,0
71.0101,disk0,876272996134912,1966323134,12422348027775144
71.0101,disk0w,1977558560768,18763393,1160124180904
71.0101,disk5,24996038293504,50340906,454988275104509
71.0101,disk5w,225980416,35966,1254168700
71.0101,disk4,29436521870336,29474849,341969055642662
71.0101,disk4w,1447521736704,1489953,590221765111
71.0101,disk8,41138312763392,66808315,703537820857144
71.0101,disk8w,4128768,601,984243925
71.0101,ram,317931520,64850100224,276951
71.0101,cpu,14866856,21342813,513515130
71.0101,gpu,0,0,0
71.2028,disk0,876274900058112,1966331769,12422362205712577
71.2028,disk0w,1977558560768,18763393,1160124180904
71.2028,disk5,24996541478912,50341904,454990858730136
71.2028,disk5w,225980416,35966,1254168700
71.2028,disk4,29436941300736,29475279,341969593128348
71.2028,disk4w,1447521736704,1489953,590221765111
71.2028,disk8,41139589273600,66810476,703554374008832
71.2028,disk8w,4128768,601,984243925
71.2028,ram,317931520,64850100224,276951
71.2028,cpu,14866856,21342813,513515130
71.2028,gpu,30,2,0
71.4004,disk0,876276656300032,1966335287,12422373490683045
71.4004,disk0w,1977558560768,18763393,1160124180904
71.4004,disk5,24996981651456,50342783,454993331323049
71.4004,disk5w,225980416,35966,1254168700
71.4004,disk4,29437347689472,29475696,341970459944663
71.4004,disk4w,1447521736704,1489953,590221765111
71.4004,disk8,41140615305216,66812579,703567102776709
71.4004,disk8w,4128768,601,984243925
71.4004,ram,317931520,64850100224,276951
71.4004,cpu,14866856,21342813,513515130
71.4004,gpu,0,0,0
71.6041,disk0,876278996738048,1966339702,12422386220261803
71.6041,disk0w,1977558560768,18763393,1160124180904
71.6041,disk5,24997764085760,50344386,454999515937445
71.6041,disk5w,225980416,35966,1254168700
71.6041,disk4,29437988762624,29476353,341971262595817
71.6041,disk4w,1447521736704,1489953,590221765111
71.6041,disk8,41141846349824,66814228,703575716450942
71.6041,disk8w,4128768,601,984243925
71.6041,ram,317931520,64850100224,276951
71.6041,cpu,14866856,21342813,513515130
71.6041,gpu,0,0,0
71.8101,disk0,876281247768576,1966343135,12422395304641613
71.8101,disk0w,1977558560768,18763393,1160124180904
71.8101,disk5,24998551091200,50346000,455004251619566
71.8101,disk5w,225980416,35966,1254168700
71.8101,disk4,29438583436288,29476962,341971904555447
71.8101,disk4w,1447521736704,1489953,590221765111
71.8101,disk8,41143173486592,66816045,703587748927344
71.8101,disk8w,4128768,601,984243925
71.8101,ram,317620224,64860602368,276951
71.8101,cpu,14866885,21342950,513516884
71.8101,gpu,0,0,0
72.0027,disk0,876283553177600,1966347689,12422409052211858
72.0027,disk0w,1977558560768,18763393,1160124180904
72.0027,disk5,24999286110208,50347505,455008506265647
72.0027,disk5w,225980416,35966,1254168700
72.0027,disk4,29439174308864,29477568,341972822932992
72.0027,disk4w,1447521736704,1489953,590221765111
72.0027,disk8,41144453109760,66817783,703596150661223
72.0027,disk8w,4128768,601,984243925
72.0027,ram,317620224,64860602368,276951
72.0027,cpu,14866885,21342950,513516884
72.0027,gpu,0,0,0
72.2101,disk0,876285711003648,1966352303,12422424225105395
72.2101,disk0w,1977558560768,18763393,1160124180904
72.2101,disk5,24999875901440,50348680,455011118517461
72.2101,disk5w,225980416,35966,1254168700
72.2101,disk4,29439683654656,29478090,341973661116570
72.2101,disk4w,1447521736704,1489953,590221765111
72.2101,disk8,41145702422528,66819906,703609844415922
72.2101,disk8w,4128768,601,984243925
72.2101,ram,317620224,64860602368,276951
72.2101,cpu,14866885,21342950,513516884
72.2101,gpu,31,3,0
72.4101,disk0,876287607418880,1966356311,12422433729207612
72.4101,disk0w,1977558560768,18763393,1160124180904
72.4101,disk5,25000518481920,50349934,455014391114662
72.4101,disk5w,225980416,35966,1254168700
72.4101,disk4,29440201782272,29478621,341974255233931
72.4101,disk4w,1447521736704,1489953,590221765111
72.4101,disk8,41147072387072,66822634,703632000820263
72.4101,disk8w,4128768,601,984243925
72.4101,ram,317620224,64860602368,276951
72.4101,cpu,14866885,21342950,513516884
72.4101,gpu,0,0,0
72.6101,disk0,876290035286016,1966362149,12422451284066220
72.6101,disk0w,1977558560768,18763393,1160124180904
72.6101,disk5,25000829745152,50350550,455015671425695
72.6101,disk5w,225980416,35966,1254168700
72.6101,disk4,29440772600832,29479206,341975012647689
72.6101,disk4w,1447521736704,1489953,590221765111
72.6101,disk8,41148285261824,66824702,703643626289648
72.6101,disk8w,4128768,601,984243925
72.6101,ram,317620224,64860602368,276951
72.6101,cpu,14866885,21342950,513516884
72.6101,gpu,0,0,0
72.8081,disk0,876292024340480,1966369023,12422466049650068
72.8081,disk0w,1977558560768,18763393,1160124180904
72.8081,disk5,25001455155200,50351789,455018942346321
72.8081,disk5w,225980416,35966,1254168700
72.8081,disk4,29441229255680,29479674,341975554469208
72.8081,disk4w,1447521736704,1489953,590221765111
72.8081,disk8,41149522106368,66827299,703659816355870
72.8081,disk8w,4128768,601,984243925
72.8081,ram,320765952,63250857984,276951
72.8081,cpu,14866902,21343051,513518550
72.8081,gpu,30,0,0
73.0101,disk0,876293992542208,1966372614,12422477371989320
73.0101,disk0w,1977558560768,18763393,1160124180904
73.0101,disk5,25002113185792,50353138,455022694401160
73.0101,disk5w,225980416,35966,1254168700
73.0101,disk4,29441760326656,29480218,341976441399700
73.0101,disk4w,1447521736704,1489953,590221765111
73.0101,disk8,41150618949632,66828950,703670273199701
73.0101,disk8w,4128768,601,984243925
73.0101,ram,320765952,63250857984,276951
73.0101,cpu,14866902,21343051,513518550
73.0101,gpu,29,0,0
73.2046,disk0,876296209018880,1966376442,12422487780998829
73.2046,disk0w,1977558560768,18763393,1160124180904
73.2046,disk5,25002889459712,50354731,455027171398747
73.2046,disk5w,225980416,35966,1254168700
73.2046,disk4,29442226811904,29480696,341977035913696
73.2046,disk4w,1447521736704,1489953,590221765111
73.2046,disk8,41151899359232,66830442,703679828325658
73.2046,disk8w,4128768,601,984243925
73.2046,ram,320765952,63250857984,276951
73.2046,cpu,14866902,21343051,513518550
73.2046,gpu,28,2,0
73.4026,disk0,876298539790336,1966380686,12422498907102965
73.4026,disk0w,1977558560768,18763393,1160124180904
73.4026,disk5,25003552061440,50356089,455031497410669
73.4026,disk5w,225980416,35966,1254168700
73.4026,disk4,29442985587712,29481474,341978263018852
73.4026,disk4w,1447521736704,1489953,590221765111
73.4026,disk8,41153188763648,66832460,703690595203828
73.4026,disk8w,4128768,601,984243925
73.4026,ram,320765952,63250857984,276951
73.4026,cpu,14866902,21343051,513518550
73.4026,gpu,0,0,0
73.6101,disk0,876301007499264,1966385844,12422515825528188
73.6101,disk0w,1977558560768,18763393,1160124180904
73.6101,disk5,25004253952000,50357513,455035400795417
73.6101,disk5w,225980416,35966,1254168700
73.6101,disk4,29443592582144,29482096,341978981534712
73.6101,disk4w,1447521736704,1489953,590221765111
73.6101,disk8,41154471450624,66834414,703700785894556
73.6101,disk8w,4128768,601,984243925
73.6101,ram,320765952,63250857984,276951
73.6101,cpu,14866902,21343051,513518550
73.6101,gpu,0,0,0
73.8038,disk0,876303300489216,1966390690,12422531591711735
73.8038,disk0w,1977558560768,18763393,1160124180904
73.8038,disk5,25004939360256,50358844,455040262193266
73.8038,disk5w,225980416,35966,1254168700
73.8038,disk4,29444127224832,29482644,341979655129531
73.8038,disk4w,1447521736704,1489953,590221765111
73.8038,disk8,41155609597952,66836874,703713115294957
73.8038,disk8w,4128768,601,984243925
73.8038,ram,318832640,64861798400,276951
73.8038,cpu,14866917,21343152,513520216
73.8038,gpu,36,0,0
74.0101,disk0,876305794347008,1966395636,12422547891268558
74.0101,disk0w,1977558560768,18763393,1160124180904
74.0101,disk5,25005518551040,50359985,455043001715389
74.0101,disk5w,225980416,35966,1254168700
74.0101,disk4,29444662916096,29483193,341980327936094
74.0101,disk4w,1447521736704,1489953,590221765111
74.0101,disk8,41156916713472,66839426,703727371824766
74.0101,disk8w,4128768,601,984243925
74.0101,ram,318832640,64861798400,276951
74.0101,cpu,14866917,21343152,513520216
74.0101,gpu,0,0,0
74.2072,disk0,876308005482496,1966400865,12422564671417105
74.2072,disk0w,1977558560768,18763393,1160124180904
74.2072,disk5,25006157838336,50361249,455046624147004
74.2072,disk5w,225980416,35966,1254168700
74.2072,disk4,29445181043712,29483724,341980998999877
74.2072,disk4w,1447521736704,1489953,590221765111
74.2072,disk8,41158001055744,66841612,703738288714203
74.2072,disk8w,4128768,601,984243925
74.2072,ram,318832640,64861798400,276951
74.2072,cpu,14866917,21343152,513520216
74.2072,gpu,0,0,0
74.4101,disk0,876309640585216,1966404212,12422572492929663
74.4101,disk0w,1977558560768,18763393,1160124180904
74.4101,disk5,25006697076736,50362349,455049578526051
74.4101,disk5w,225980416,35966,1254168700
74.4101,disk4,29445631980544,29484186,341982487304383
74.4101,disk4w,1447521736704,1489953,590221765111
74.4101,disk8,41159218337792,66843777,703756249876693
74.4101,disk8w,4128768,601,984243925
74.4101,ram,318832640,64861798400,276951
74.4101,cpu,14866917,21343152,513520216
74.4101,gpu,0,0,0
74.6047,disk0,876311420928000,1966407240,12422579386121861
74.6047,disk0w,1977558560768,18763393,1160124180904
74.6047,disk5,25007307192320,50363600,455053666801341
74.6047,disk5w,225980416,35966,1254168700
74.6047,disk4,29446173307904,29484741,341983344219447
74.6047,disk4w,1447521736704,1489953,590221765111
74.6047,disk8,41160566953984,66845443,703768213634857
74.6047,disk8w,4128768,601,984243925
74.6047,ram,318832640,64861798400,276951
74.6047,cpu,14866917,21343152,513520216
74.6047,gpu,32,0,0
74.8101,disk0,876313828048896,1966411155,12422590532873683
74.8101,disk0w,1977558560768,18763393,1160124180904
74.8101,disk5,25007956441088,50364931,455058938097360
74.8101,disk5w,225980416,35966,1254168700
74.8101,disk4,29446770471936,29485353,341984163766087
74.8101,disk4w,1447521736704,1489953,590221765111
74.8101,disk8,41161886701568,66847299,703777095202170
74.8101,disk8w,4128768,601,984243925
74.8101,ram,331612160,64825524224,276951
74.8101,cpu,14866936,21343249,513521820
74.8101,gpu,0,0,0
75.0101,disk0,876316186869760,1966415853,12422606747740891
75.0101,disk0w,1977558560768,18763393,1160124180904
75.0101,disk5,25008430602240,50365904,455061297235190
75.0101,disk5w,225980416,35966,1254168700
75.0101,disk4,29447165654016,29485758,341984570789494
75.0101,disk4w,1447521736704,1489953,590221765111
75.0101,disk8,41163132753920,66848977,703787362029009
75.0101,disk8w,4128768,601,984243925
75.0101,ram,331612160,64825524224,276951
75.0101,cpu,14866936,21343249,513521820
75.0101,gpu,0,0,0
75.2101,disk0,876318086692864,1966419753,12422616914007401
75.2101,disk0w,1977558560768,18763393,1160124180904
75.2101,disk5,25008965416960,50366957,455063604050580
75.2101,disk5w,225980416,35966,1254168700
75.2101,disk4,29447701345280,29486307,341985299536303
75.2101,disk4w,1447521736704,1489953,590221765111
75.2101,disk8,41164484024320,66851692,703809128728881
75.2101,disk8w,4128768,601,984243925
75.2101,ram,331612160,64825524224,276951
75.2101,cpu,14866936,21343249,513521820
75.2101,gpu,0,0,0
75.4101,disk0,876319966724096,1966423491,12422628023325483
75.4101,disk0w,1977558560768,18763393,1160124180904
75.4101,disk5,25009696651264,50368399,455069934213299
75.4101,disk5w,225980416,35966,1254168700
75.4101,disk4,29448219472896,29486838,341985913945130
75.4101,disk4w,1447521736704,1489953,590221765111
75.4101,disk8,41165777246208,66854348,703825389514970
75.4101,disk8w,4128768,601,984243925
75.4101,ram,331612160,64825524224,276951
75.4101,cpu,14866936,21343249,513521820
75.4101,gpu,31,0,0
75.6057,disk0,876322308538368,1966429504,12422644803556546
75.6057,disk0w,1977558560768,18763393,1160124180904
75.6057,disk5,25010193725440,50369384,455072161591100
75.6057,disk5w,225980416,35966,1254168700
75.6057,disk4,29448715449344,29487346,341986506946209
75.6057,disk4w,1447521736704,1489953,590221765111
75.6057,disk8,41166946981888,66856199,703834438095689
75.6057,disk8w,4128768,601,984243925
75.6057,ram,331612160,64825524224,276951
75.6057,cpu,14866936,21343249,513521820
75.6057,gpu,42,0,0
75.8101,disk0,876324292198400,1966433288,12422657548338834
75.8101,disk0w,1977558560768,18763393,1160124180904
75.8101,disk5,25010795051008,50370587,455075399646503
75.8101,disk5w,225980416,35966,1254168700
75.8101,disk4,29449238098944,29487882,341987588954893
75.8101,disk4w,1447521736704,1489953,590221765111
75.8101,disk8,41168109508608,66858527,703848332964622
75.8101,disk8w,4128768,601,984243925
75.8101,ram,334348288,63299289088,276951
75.8101,cpu,14866951,21343354,513523623
75.8101,gpu,0,0,0
76.0055,disk0,876326566187008,1966437693,12422670686826908
76.0055,disk0w,1977558560768,18763393,1160124180904
76.0055,disk5,25011708557312,50372460,455081414929133
76.0055,disk5w,225980416,35966,1254168700
76.0055,disk4,29449844044800,29488503,341988369210610
76.0055,disk4w,1447521736704,1489953,590221765111
76.0055,disk8,41169304410112,66860200,703856471399476
76.0055,disk8w,4128768,601,984243925
76.0055,ram,334348288,63299289088,276951
76.0055,cpu,14866951,21343354,513523623
76.0055,gpu,26,0,0
76.2053,disk0,876328520155136,1966440544,12422677033832440
76.2053,disk0w,1977558560768,18763393,1160124180904
76.2053,disk5,25012270069760,50373611,455085322718396
76.2053,disk5w,225980416,35966,1254168700
76.2053,disk4,29450432427008,29489106,341989077990365
76.2053,disk4w,1447521736704,1489953,590221765111
76.2053,disk8,41170679535616,66861835,703869069954727
76.2053,disk8w,4128768,601,984243925
76.2053,ram,334348288,63299289088,276951
76.2053,cpu,14866951,21343354,513523623
76.2053,gpu,0,0,0
76.4101,disk0,876331140972544,1966445524,12422695292704773
76.4101,disk0w,1977558560768,18763393,1160124180904
76.4101,disk5,25012890376192,50374880,455089364252929
76.4101,disk5w,225980416,35966,1254168700
76.4101,disk4,29451038372864,29489727,341989978500284
76.4101,disk4w,1447521736704,1489953,590221765111
76.4101,disk8,41171865835520,66863605,703876721229925
76.4101,disk8w,4128768,601,984243925
76.4101,ram,334348288,63299289088,276951
76.4101,cpu,14866951,21343354,513523623
76.4101,gpu,38,0,0
76.6054,disk0,876333110431744,1966449701,12422704521505826
76.6054,disk0w,1977558560768,18763393,1160124180904
76.6054,disk5,25013432252416,50375958,455092341996987
76.6054,disk5w,225980416,35966,1254168700
76.6054,disk4,29451635536896,29490339,341990763983589
76.6054,disk4w,1447521736704,1489953,590221765111
76.6054,disk8,41173198346240,66866024,703893817914403
76.6054,disk8w,4128768,601,984243925
76.6054,ram,334348288,63299289088,276951
76.6054,cpu,14866951,21343354,513523623
76.6054,gpu,0,0,0
76.8031,disk0,876334981926912,1966453503,12422713206087516
76.8031,disk0w,1977558560768,18763393,1160124180904
76.8031,disk5,25014010918912,50377090,455094983435945
76.8031,disk5w,225980416,35966,1254168700
76.8031,disk4,29452118537216,29490834,341991296799715
76.8031,disk4w,1447521736704,1489953,590221765111
76.8031,disk8,41174565410816,66868941,703916905709219
76.8031,disk8w,4128768,601,984243925
76.8031,ram,331530240,64682344448,276951
76.8031,cpu,14866980,21343477,513525186
76.8031,gpu,0,0,0
77.0077,disk0,876337539567616,1966458591,12422731139717173
77.0077,disk0w,1977558560768,18763393,1160124180904
77.0077,disk5,25014691067904,50378430,455098577346314
77.0077,disk5w,225980416,35966,1254168700
77.0077,disk4,29452648592384,29491377,341991880944814
77.0077,disk4w,1447521736704,1489953,590221765111
77.0077,disk8,41175704770560,66871027,703926070078221
77.0077,disk8w,4128768,601,984243925
77.0077,ram,331530240,64682344448,276951
77.0077,cpu,14866980,21343477,513525186
77.0077,gpu,33,0,0
77.2101,disk0,876339923865600,1966463348,12422746974846330
77.2101,disk0w,1977558568960,18763395,1160124211612
77.2101,disk5,25015247337472,50379535,455101100267161
77.2101,disk5w,225980416,35966,1254168700
77.2101,disk4,29453198701568,29491941,341992633444920
77.2101,disk4w,1447521736704,1489953,590221765111
77.2101,disk8,41176846030848,66873438,703938099977172
77.2101,disk8w,4128768,601,984243925
77.2101,ram,331530240,64682344448,276951
77.2101,cpu,14866980,21343477,513525186
77.2101,gpu,0,0,0
77.4052,disk0,876342172889088,1966468141,12422760800702510
77.4052,disk0w,1977558568960,18763395,1160124211612
77.4052,disk5,25015809759232,50380686,455104565213111
77.4052,disk5w,225980416,35966,1254168700
77.4052,disk4,29453734360064,29492490,341993354955731
77.4052,disk4w,1447521736704,1489953,590221765111
77.4052,disk8,41178082498560,66875280,703949658405731
77.4052,disk8w,4128768,601,984243925
77.4052,ram,331530240,64682344448,276951
77.4052,cpu,14866980,21343477,513525186
77.4052,gpu,0,0,0
77.6101,disk0,876344626130944,1966472061,12422771964527108
77.6101,disk0w,1977558568960,18763395,1160124211612
77.6101,disk5,25016387909632,50381872,455107619933998
77.6101,disk5w,225980416,35966,1254168700
77.6101,disk4,29454252487680,29493021,341993983192890
77.6101,disk4w,1447521736704,1489953,590221765111
77.6101,disk8,41179421464576,66876834,703959508439966
77.6101,disk8w,4128768,601,984243925
77.6101,ram,331530240,64682344448,276951
77.6101,cpu,14866980,21343477,513525186
77.6101,gpu,40,0,0
77.8074,disk0,876346845655040,1966475867,12422783563631167
77.8074,disk0w,1977558568960,18763395,1160124211612
77.8074,disk5,25016907659264,50382935,455110992800940
77.8074,disk5w,225980416,35966,1254168700
77.8074,disk4,29454726706176,29493507,341994709577028
77.8074,disk4w,1447521736704,1489953,590221765111
77.8074,disk8,41180656244736,66878660,703971542656018
77.8074,disk8w,4128768,601,984243925
77.8074,ram,330350592,64893599744,276951
77.8074,cpu,14866995,21343579,513526851
77.8074,gpu,32,0,0
78.0007,disk0,876349181210624,1966480462,12422800153987575
78.0007,disk0w,1977558568960,18763395,1160124211612
78.0007,disk5,25017300367360,50383730,455112523673217
78.0007,disk5w,225980416,35966,1254168700
78.0007,disk4,29455306306560,29494101,341995459302328
78.0007,disk4w,1447521736704,1489953,590221765111
78.0007,disk8,41181905934336,66880718,703982188620562
78.0007,disk8w,4128768,601,984243925
78.0007,ram,330350592,64893599744,276951
78.0007,cpu,14866995,21343579,513526851
78.0007,gpu,0,0,0
78.2101,disk0,876351562317824,1966485486,12422816577744874
78.2101,disk0w,1977558568960,18763395,1160124211612
78.2101,disk5,25017747830784,50384599,455114297970563
78.2101,disk5w,225980416,35966,1254168700
78.2101,disk4,29455806870528,29494614,341996155419863
78.2101,disk4w,1447521736704,1489953,590221765111
78.2101,disk8,41183202072576,66883740,704002845573725
78.2101,disk8w,4128768,601,984243925
78.2101,ram,330350592,64893599744,276951
78.2101,cpu,14866995,21343579,513526851
78.2101,gpu,0,0,0
78.4101,disk0,876353983758336,1966490708,12422831977505973
78.4101,disk0w,1977558568960,18763395,1160124211612
78.4101,disk5,25018204059648,50385499,455116083373767
78.4101,disk5w,225980416,35966,1254168700
78.4101,disk4,29456316216320,29495136,341996878955599
78.4101,disk4w,1447521736704,1489953,590221765111
78.4101,disk8,41184486201344,66886212,704017622089578
78.4101,disk8w,4128768,601,984243925
78.4101,ram,330350592,64893599744,276951
78.4101,cpu,14866995,21343579,513526851
78.4101,gpu,0,0,0
78.6016,disk0,876356306075648,1966495304,12422845571202774
78.6016,disk0w,1977558568960,18763395,1160124211612
78.6016,disk5,25018757330944,50386592,455118909421323
78.6016,disk5w,225980416,35966,1254168700
78.6016,disk4,29456934089728,29495769,341997658588066
78.6016,disk4w,1447521736704,1489953,590221765111
78.6016,disk8,41185727420416,66888562,704031585518081
78.6016,disk8w,4128768,601,984243925
78.6016,ram,330350592,64893599744,276951
78.6016,cpu,14866995,21343579,513526851
78.6016,gpu,0,0,0
78.8051,disk0,876358332944384,1966499267,12422859487537285
78.8051,disk0w,1977558568960,18763395,1160124211612
78.8051,disk5,25019286607872,50387668,455121514392911
78.8051,disk5w,225980416,35966,1254168700
78.8051,disk4,29457484133376,29496333,341999172791541
78.8051,disk4w,1447521736704,1489953,590221765111
78.8051,disk8,41186788841472,66890364,704041481900154
78.8051,disk8w,4128768,601,984243925
78.8051,ram,330809344,64442646528,276951
78.8051,cpu,14867011,21343678,513528451
78.8051,gpu,0,0,0
79.0101,disk0,876360154222592,1966504646,12422870160201091
79.0101,disk0w,1977558568960,18763395,1160124211612
79.0101,disk5,25019844737024,50388812,455124154427026
79.0101,disk5w,225980416,35966,1254168700
79.0101,disk4,29458019824640,29496882,341999810843194
79.0101,disk4w,1447521736704,1489953,590221765111
79.0101,disk8,41188223506432,66892163,704055141397397
79.0101,disk8w,4128768,601,984243925
79.0101,ram,330809344,64442646528,276951
79.0101,cpu,14867011,21343678,513528451
79.0101,gpu,0,0,0
79.2101,disk0,876362524987392,1966508114,12422880664194984
79.2101,disk0w,1977558568960,18763395,1160124211612
79.2101,disk5,25020355704832,50389860,455126534676100
79.2101,disk5w,225980416,35966,1254168700
79.2101,disk4,29458485261312,29497359,342000330372205
79.2101,disk4w,1447521736704,1489953,590221765111
79.2101,disk8,41189538682880,66893912,704066853891531
79.2101,disk8w,4128768,601,984243925
79.2101,ram,330809344,64442646528,276951
79.2101,cpu,14867011,21343678,513528451
79.2101,gpu,0,0,0
79.4101,disk0,876365098815488,1966513446,12422900407237227
79.4101,disk0w,1977558568960,18763395,1160124211612
79.4101,disk5,25020884744192,50390942,455129073626743
79.4101,disk5w,225980416,35966,1254168700
79.4101,disk4,29459099988992,29497989,342001086747658
79.4101,disk4w,1447521736704,1489953,590221765111
79.4101,disk8,41190766680064,66895737,704076166206632
79.4101,disk8w,4128768,601,984243925
79.4101,ram,330809344,64442646528,276951
79.4101,cpu,14867011,21343678,513528451
79.4101,gpu,28,0,0
79.6101,disk0,876367313162240,1966517981,12422912138061430
79.6101,disk0w,1977558568960,18763395,1160124211612
79.6101,disk5,25021573150720,50392300,455133153614245
79.6101,disk5w,225980416,35966,1254168700
79.6101,disk4,29459697153024,29498601,342001914460452
79.6101,disk4w,1447521736704,1489953,590221765111
79.6101,disk8,41192104417280,66898326,704092600334055
79.6101,disk8w,4128768,601,984243925
79.6101,ram,330809344,64442646528,276951
79.6101,cpu,14867011,21343678,513528451
79.6101,gpu,0,0,0
79.8101,disk0,876369606758400,1966522446,12422925477602336
79.8101,disk0w,1977558568960,18763395,1160124211612
79.8101,disk5,25022202378240,50393534,455136252559911
79.8101,disk5w,225980416,35966,1254168700
79.8101,disk4,29460241626112,29499159,342002663154602
79.8101,disk4w,1447521736704,1489953,590221765111
79.8101,disk8,41193417807872,66901061,704108845285700
79.8101,disk8w,4128768,601,984243925
79.8101,ram,327630848,64643612672,276951
79.8101,cpu,14867030,21343780,513530184
79.8101,gpu,48,0,0
80.0098,disk0,876371735580672,1966529938,12422939907023273
80.0098,disk0w,1977558568960,18763395,1160124211612
80.0098,disk5,25022809593856,50394733,455138871923232
80.0098,disk5w,225980416,35966,1254168700
80.0098,disk4,29460750971904,29499681,342003312929638
80.0098,disk4w,1447521736704,1489953,590221765111
80.0098,disk8,41194688747520,66903175,704120924786328
80.0098,disk8w,4128768,601,984243925
80.0098,ram,327630848,64643612672,276951
80.0098,cpu,14867030,21343780,513530184
80.0098,gpu,0,0,0
80.2017,disk0,876373725761536,1966533822,12422955187407336
80.2017,disk0w,1977558568960,18763395,1160124211612
80.2017,disk5,25023398066176,50395901,455141754075850
80.2017,disk5w,225980416,35966,1254168700
80.2017,disk4,29461226157056,29500168,342004864916767
80.2017,disk4w,1447521736704,1489953,590221765111
80.2017,disk8,41195627091968,66905081,704129513564692
80.2017,disk8w,4128768,601,984243925
80.2017,ram,327630848,64643612672,276951
80.2017,cpu,14867030,21343780,513530184
80.2017,gpu,0,0,0
80.4044,disk0,876376022315008,1966541012,12422968611637642
80.4044,disk0w,1977558568960,18763395,1160124211612
80.4044,disk5,25024257882112,50397665,455148779491753
80.4044,disk5w,225980416,35966,1254168700
80.4044,disk4,29461839836160,29500797,342005736798480
80.4044,disk4w,1447521736704,1489953,590221765111
80.4044,disk8,41196938762240,66907098,704140133412879
80.4044,disk8w,4128768,601,984243925
80.4044,ram,327630848,64643612672,276951
80.4044,cpu,14867030,21343780,513530184
80.4044,gpu,0,0,0
80.6101,disk0,876378436775936,1966544642,12422978818471700
80.6101,disk0w,1977558568960,18763395,1160124211612
80.6101,disk5,25025047508992,50399284,455154734677720
80.6101,disk5w,225980416,35966,1254168700
80.6101,disk4,29462349181952,29501319,342006362440769
80.6101,disk4w,1447521736704,1489953,590221765111
80.6101,disk8,41198301353984,66908822,704149431618749
80.6101,disk8w,4128768,601,984243925
80.6101,ram,327630848,64643612672,276951
80.6101,cpu,14867030,21343780,513530184
80.6101,gpu,0,0,0
80.8101,disk0,876380852617216,1966549294,12422994358936943
80.8101,disk0w,1977558568960,18763395,1160124211612
80.8101,disk5,25025496020992,50400201,455157067792568
80.8101,disk5w,225980416,35966,1254168700
80.8101,disk4,29462884873216,29501868,342007280230514
80.8101,disk4w,1447521736704,1489953,590221765111
80.8101,disk8,41199608535040,66910816,704161516718766
80.8101,disk8w,4128768,601,984243925
80.8101,ram,324665344,64816529408,276951
80.8101,cpu,14867046,21343885,513531918
80.8101,gpu,42,0,0
81.0101,disk0,876383191040000,1966554331,12423011577255700
81.0101,disk0w,1977558577152,18763397,1160124257944
81.0101,disk5,25026083846144,50401375,455159999962217
81.0101,disk5w,225980416,35966,1254168700
81.0101,disk4,29463420564480,29502417,342007954831994
81.0101,disk4w,1447521736704,1489953,590221765111
81.0101,disk8,41200845527040,66913051,704174728702418
81.0101,disk8w,4128768,601,984243925
81.0101,ram,324665344,64816529408,276951
81.0101,cpu,14867046,21343885,513531918
81.0101,gpu,27,0,0
81.2006,disk0,876385526181888,1966559092,12423028604894709
81.2006,disk0w,1977558577152,18763397,1160124257944
81.2006,disk5,25026819782656,50402813,455164202293107
81.2006,disk5w,225980416,35966,1254168700
81.2006,disk4,29463877219328,29502885,342008462919723
81.2006,disk4w,1447521736704,1489953,590221765111
81.2006,disk8,41201969256448,66915483,704185811892488
81.2006,disk8w,4128768,601,984243925
81.2006,ram,324665344,64816529408,276951
81.2006,cpu,14867046,21343885,513531918
81.2006,gpu,0,0,0
81.4101,disk0,876388111704064,1966564297,12423045457777495
81.4101,disk0w,1977558577152,18763397,1160124257944
81.4101,disk5,25027469031424,50404097,455166741952264
81.4101,disk5w,225980416,35966,1254168700
81.4101,disk4,29464442401792,29503464,342009159846073
81.4101,disk4w,1447521736704,1489953,590221765111
81.4101,disk8,41203361372160,66918038,704198830039513
81.4101,disk8w,4128768,601,984243925
81.4101,ram,324665344,64816529408,276951
81.4101,cpu,14867046,21343885,513531918
81.4101,gpu,41,0,0
81.6026,disk0,876390469103616,1966572216,12423065336754275
81.6026,disk0w,1977558577152,18763397,1160124257944
81.6026,disk5,25028079663104,50405306,455170586421943
81.6026,disk5w,225980416,35966,1254168700
81.6026,disk4,29464895910912,29503929,342009790084123
81.6026,disk4w,1447521736704,1489953,590221765111
81.6026,disk8,41204322162688,66919854,704205926474819
81.6026,disk8w,4128768,601,984243925
81.6026,ram,324665344,64816529408,276951
81.6026,cpu,14867046,21343885,513531918
81.6026,gpu,0,0,0
81.8011,disk0,876392441155584,1966580882,12423083190212795
81.8011,disk0w,1977558577152,18763397,1160124257944
81.8011,disk5,25028679792640,50406531,455175151826242
81.8011,disk5w,225980416,35966,1254168700
81.8011,disk4,29465415021568,29504461,342011019298115
81.8011,disk4w,1447521736704,1489953,590221765111
81.8011,disk8,41205340690432,66921562,704212851810630
81.8011,disk8w,4128768,601,984243925
81.8011,ram,330825728,64781910016,276951
81.8011,cpu,14867072,21344016,513533473
81.8011,gpu,0,0,0
82.0101,disk0,876394824302592,1966585349,12423092895264595
82.0101,disk0w,1977558577152,18763397,1160124257944
82.0101,disk5,25029486966784,50408184,455180599389434
82.0101,disk5w,225980416,35966,1254168700
82.0101,disk4,29466148107264,29505212,342012075781441
82.0101,disk4w,1447521736704,1489953,590221765111
82.0101,disk8,41206754957312,66923398,704223173510506
82.0101,disk8w,4128768,601,984243925
82.0101,ram,330825728,64781910016,276951
82.0101,cpu,14867072,21344016,513533473
82.0101,gpu,0,0,0
82.2101,disk0,876396975996928,1966589150,12423103016520954
82.2101,disk0w,1977558577152,18763397,1160124257944
82.2101,disk5,25030109517824,50409461,455184737544122
82.2101,disk5w,225980416,35966,1254168700
82.2101,disk4,29466608301056,29505684,342012633195335
82.2101,disk4w,1447521736704,1489953,590221765111
82.2101,disk8,41208086190080,66925242,704234703606720
82.2101,disk8w,4128768,601,984243925
82.2101,ram,330825728,64781910016,276951
82.2101,cpu,14867072,21344016,513533473
82.2101,gpu,37,2,0
82.4101,disk0,876399125282816,1966593553,12423111834095214
82.4101,disk0w,1977558577152,18763397,1160124257944
82.4101,disk5,25030706509824,50410682,455188456330389
82.4101,disk5w,225980416,35966,1254168700
82.4101,disk4,29467182265344,29506272,342013387484510
82.4101,disk4w,1447521736704,1489953,590221765111
82.4101,disk8,41209459185664,66927246,704248389865790
82.4101,disk8w,4128768,601,984243925
82.4101,ram,330825728,64781910016,276951
82.4101,cpu,14867072,21344016,513533473
82.4101,gpu,0,0,0
82.6101,disk0,876401678860288,1966598931,12423132316354273
82.6101,disk0w,1977558577152,18763397,1160124257944
82.6101,disk5,25031180285952,50411600,455190677572486
82.6101,disk5w,225980416,35966,1254168700
82.6101,disk4,29467723592704,29506827,342014040498456
82.6101,disk4w,1447521736704,1489953,590221765111
82.6101,disk8,41210736334848,66930058,704260564793674
82.6101,disk8w,4128768,601,984243925
82.6101,ram,330825728,64781910016,276951
82.6101,cpu,14867072,21344016,513533473
82.6101,gpu,0,0,0
82.8101,disk0,876404176879616,1966604003,12423146238500375
82.8101,disk0w,1977558577152,18763397,1160124257944
82.8101,disk5,25031794440192,50412814,455193446641014
82.8101,disk5w,225980416,35966,1254168700
82.8101,disk4,29468484072448,29507606,342015064098863
82.8101,disk4w,1447521736704,1489953,590221765111
82.8101,disk8,41212090800128,66932646,704275300982538
82.8101,disk8w,4128768,601,984243925
82.8101,ram,329547776,64769376256,276951
82.8101,cpu,14867091,21344119,513535135
82.8101,gpu,34,0,0
83.0059,disk0,876406401400832,1966608947,12423160917245836
83.0059,disk0w,1977561554944,18763447,1160125480424
83.0059,disk5,25032419473408,50414047,455197136079985
83.0059,disk5w,225980416,35966,1254168700
83.0059,disk4,29468935484416,29508069,342015606692906
83.0059,disk4w,1447521736704,1489953,590221765111
83.0059,disk8,41213294532608,66934942,704287006028951
83.0059,disk8w,4128768,601,984243925
83.0059,ram,329547776,64769376256,276951
83.0059,cpu,14867091,21344119,513535135
83.0059,gpu,0,0,0
83.2101,disk0,876408304857088,1966612553,12423174004912363
83.2101,disk0w,1977563865088,18763852,1160132405124
83.2101,disk5,25033092937728,50415420,455202818540804
83.2101,disk5w,225980416,35966,1254168700
83.2101,disk4,29469435917312,29508582,342017783129076
83.2101,disk4w,1447521736704,1489953,590221765111
83.2101,disk8,41214239348736,66936498,704293230205844
83.2101,disk8w,4128768,601,984243925
83.2101,ram,329547776,64769376256,276951
83.2101,cpu,14867091,21344119,513535135
83.2101,gpu,0,0,0
83.4101,disk0,876410633449472,1966616544,12423185237121380
83.4101,disk0w,1977563865088,18763852,1160132405124
83.4101,disk5,25033812375552,50416895,455206192760484
83.4101,disk5w,225980416,35966,1254168700
83.4101,disk4,29470076990464,29509239,342018873771406
83.4101,disk4w,1447521736704,1489953,590221765111
83.4101,disk8,41215545169920,66938099,704303037644037
83.4101,disk8w,4128768,601,984243925
83.4101,ram,329547776,64769376256,276951
83.4101,cpu,14867091,21344119,513535135
83.4101,gpu,0,0,0
83.6101,disk0,876412762288128,1966620312,12423197202374598
83.6101,disk0w,1977563865088,18763852,1160132405124
83.6101,disk5,25034387101696,50418073,455209128934301
83.6101,disk5w,225980416,35966,1254168700
83.6101,disk4,29470656590848,29509833,342019658122581
83.6101,disk4w,1447521736704,1489953,590221765111
83.6101,disk8,41216836016128,66939910,704315225979600
83.6101,disk8w,4128768,601,984243925
83.6101,ram,329547776,64769376256,276951
83.6101,cpu,14867091,21344119,513535135
83.6101,gpu,28,0,0
83.8101,disk0,876415142440960,1966625109,12423209967978754
83.8101,disk0w,1977563865088,18763852,1160132405124
83.8101,disk5,25035014371328,50419359,455213918046208
83.8101,disk5w,225980416,35966,1254168700
83.8101,disk4,29471178912768,29510368,342020338726815
83.8101,disk4w,1447521736704,1489953,590221765111
83.8101,disk8,41218124552192,66941947,704327216339848
83.8101,disk8w,4128768,601,984243925
83.8101,ram,327581696,64893796352,276951
83.8101,cpu,14867138,21344241,513536746
83.8101,gpu,0,0,0
84.0030,disk0,876417028685824,1966628753,12423219127625880
84.0030,disk0w,1977563865088,18763852,1160132405124
84.0030,disk5,25035523241984,50420351,455216567157213
84.0030,disk5w,225980416,35966,1254168700
84.0030,disk4,29471675282432,29510877,342020925817487
84.0030,disk4w,1447521736704,1489953,590221765111
84.0030,disk8,41219432503296,66944726,704348656077153
84.0030,disk8w,4128768,601,984243925
84.0030,ram,327581696,64893796352,276951
84.0030,cpu,14867138,21344241,513536746
84.0030,gpu,0,0,0
84.2004,disk0,876419050291200,1966632854,12423228225355072
84.2004,disk0w,1977563865088,18763852,1160132405124
84.2004,disk5,25036207585280,50421691,455221254202555
84.2004,disk5w,225980416,35966,1254168700
84.2004,disk4,29472263664640,29511480,342021699199957
84.2004,disk4w,1447521736704,1489953,590221765111
84.2004,disk8,41220732147712,66947345,704366165005209
84.2004,disk8w,4128768,601,984243925
84.2004,ram,327581696,64893796352,276951
84.2004,cpu,14867138,21344241,513536746
84.2004,gpu,30,2,0
84.4003,disk0,876421160550400,1966637041,12423238504991150
84.4003,disk0w,1977563865088,18763852,1160132405124
84.4003,disk5,25036738721792,50422739,455223579656489
84.4003,disk5w,225980416,35966,1254168700
84.4003,disk4,29472781792256,29512011,342022374699783
84.4003,disk4w,1447521736704,1489953,590221765111
84.4003,disk8,41222103111680,66949639,704383586863183
84.4003,disk8w,4128768,601,984243925
84.4003,ram,327581696,64893796352,276951
84.4003,cpu,14867138,21344241,513536746
84.4003,gpu,0,0,0
84.6101,disk0,876423318654976,1966641488,12423256181444845
84.6101,disk0w,1977563865088,18763852,1160132405124
84.6101,disk5,25037328267264,50423925,455227623159964
84.6101,disk5w,225980416,35966,1254168700
84.6101,disk4,29473364456448,29512608,342023997306837
84.6101,disk4w,1447521736704,1489953,590221765111
84.6101,disk8,41223169185792,66951726,704392941401809
84.6101,disk8w,4128768,601,984243925
84.6101,ram,327581696,64893796352,276951
84.6101,cpu,14867138,21344241,513536746
84.6101,gpu,0,0,0
84.8101,disk0,876425288306688,1966644727,12423264107374207
84.8101,disk0w,1977563865088,18763852,1160132405124
84.8101,disk5,25037860714496,50425017,455229932346590
84.8101,disk5w,225980416,35966,1254168700
84.8101,disk4,29473902244864,29513159,342024660557567
84.8101,disk4w,1447521736704,1489953,590221765111
84.8101,disk8,41224538626048,66953636,704407768091928
84.8101,disk8w,4128768,601,984243925
84.8101,ram,328482816,64825049088,276951
84.8101,cpu,14867157,21344341,513538413
84.8101,gpu,30,0,0
85.0061,disk0,876427577839616,1966648127,12423275318109163
85.0061,disk0w,1977563865088,18763852,1160132405124
85.0061,disk5,25038566807552,50426465,455234588820114
85.0061,disk5w,225980416,35966,1254168700
85.0061,disk4,29474466378752,29513737,342025444454617
85.0061,disk4w,1447521736704,1489953,590221765111
85.0061,disk8,41225689815040,66955199,704417099750866
85.0061,disk8w,4128768,601,984243925
85.0061,ram,328482816,64825049088,276951
85.0061,cpu,14867157,21344341,513538413
85.0061,gpu,0,0,0
85.2101,disk0,876430120931328,1966653460,12423294430181102
85.2101,disk0w,1977563881472,18763853,1160132434999
85.2101,disk5,25039141525504,50427642,455239538357468
85.2101,disk5w,225980416,35966,1254168700
85.2101,disk4,29474942039040,29514225,342026287196745
85.2101,disk4w,1447521736704,1489953,590221765111
85.2101,disk8,41226889762816,66957082,704425506791670
85.2101,disk8w,4128768,601,984243925
85.2101,ram,328482816,64825049088,276951
85.2101,cpu,14867157,21344341,513538413
85.2101,gpu,27,2,0
85.4056,disk0,876432356855808,1966657893,12423307570173386
85.4056,disk0w,1977563881472,18763853,1160132434999
85.4056,disk5,25039673194496,50428691,455242829173058
85.4056,disk5w,225980416,35966,1254168700
85.4056,disk4,29475512857600,29514810,342027098520705
85.4056,disk4w,1447521736704,1489953,590221765111
85.4056,disk8,41228164978688,66959457,704438141302131
85.4056,disk8w,4128768,601,984243925
85.4056,ram,328482816,64825049088,276951
85.4056,cpu,14867157,21344341,513538413
85.4056,gpu,0,0,0
85.6101,disk0,876434695016448,1966662393,12423323777991016
85.6101,disk0w,1977563881472,18763853,1160132434999
85.6101,disk5,25040287348736,50429899,455245808358859
85.6101,disk5w,225980416,35966,1254168700
85.6101,disk4,29475934385152,29515242,342027614393523
85.6101,disk4w,1447521736704,1489953,590221765111
85.6101,disk8,41229385984000,66961960,704453587559146
85.6101,disk8w,4128768,601,984243925
85.6101,ram,328482816,64825049088,276951
85.6101,cpu,14867157,21344341,513538413
85.6101,gpu,0,0,0
85.8101,disk0,876437360467968,1966668387,12423346219568071
85.8101,disk0w,1977563881472,18763853,1160132434999
85.8101,disk5,25040919050240,50431153,455249703249612
85.8101,disk5w,225980416,35966,1254168700
85.8101,disk4,29476426167296,29515746,342028227013678
85.8101,disk4w,1447521736704,1489953,590221765111
85.8101,disk8,41230466213888,66963878,704460802791928
85.8101,disk8w,4128768,601,984243925
85.8101,ram,324812800,63186239488,276951
85.8101,cpu,14867180,21344451,513540132
85.8101,gpu,0,0,0
86.0101,disk0,876439477673984,1966672323,12423361851149351
86.0101,disk0w,1977563881472,18763853,1160132434999
86.0101,disk5,25041551292416,50432418,455254621202737
86.0101,disk5w,225980416,35966,1254168700
86.0101,disk4,29476917883904,29516250,342029417217711
86.0101,disk4w,1447521736704,1489953,590221765111
86.0101,disk8,41231440848896,66965922,704468864251534
86.0101,disk8w,4128768,601,984243925
86.0101,ram,324812800,63186239488,276951
86.0101,cpu,14867180,21344451,513540132
86.0101,gpu,0,0,0
86.2101,disk0,876441798701056,1966680283,12423381072802688
86.2101,disk0w,1977563881472,18763853,1160132434999
86.2101,disk5,25042112280576,50433569,455257897293270
86.2101,disk5w,225980416,35966,1254168700
86.2101,disk4,29477476381696,29516822,342030245128304
86.2101,disk4w,1447521736704,1489953,590221765111
86.2101,disk8,41232604260352,66967632,704476633766623
86.2101,disk8w,4128768,601,984243925
86.2101,ram,324812800,63186239488,276951
86.2101,cpu,14867180,21344451,513540132
86.2101,gpu,0,0,0
86.4101,disk0,876443891146752,1966683497,12423387828317382
86.4101,disk0w,1977563881472,18763853,1160132434999
86.4101,disk5,25042752763904,50434880,455261348070750
86.4101,disk5w,225980416,35966,1254168700
86.4101,disk4,29478077084672,29517438,342030994220013
86.4101,disk4w,1447521736704,1489953,590221765111
86.4101,disk8,41234010843136,66969372,704489836331522
86.4101,disk8w,4128768,601,984243925
86.4101,ram,324812800,63186239488,276951
86.4101,cpu,14867180,21344451,513540132
86.4101,gpu,0,0,0
86.6101,disk0,876446059225088,1966687197,12423398958060308
86.6101,disk0w,1977563881472,18763853,1160132434999
86.6101,disk5,25043366934528,50436136,455264524126744
86.6101,disk5w,225980416,35966,1254168700
86.6101,disk4,29478595212288,29517969,342031691814419
86.6101,disk4w,1447521736704,1489953,590221765111
86.6101,disk8,41235300345856,66971354,704502489222111
86.6101,disk8w,4128768,601,984243925
86.6101,ram,324812800,63186239488,276951
86.6101,cpu,14867180,21344451,513540132
86.6101,gpu,0,0,0
86.8101,disk0,876448110845952,1966691630,12423408163328067
86.8101,disk0w,1977563881472,18763853,1160132434999
86.8101,disk5,25044024948736,50437443,455268529505052
86.8101,disk5w,225980416,35966,1254168700
86.8101,disk4,29479174812672,29518563,342032322696558
86.8101,disk4w,1447521736704,1489953,590221765111
86.8101,disk8,41236703209472,66973787,704519714237464
86.8101,disk8w,4128768,601,984243925
86.8101,ram,326238208,64847020032,276951
86.8101,cpu,14867210,21344580,513541760
86.8101,gpu,0,0,0
87.0101,disk0,876449824743424,1966695043,12423414906598359
87.0101,disk0w,1977563881472,18763853,1160132434999
87.0101,disk5,25044565391360,50438495,455271946331653
87.0101,disk5w,225980416,35966,1254168700
87.0101,disk4,29479605122048,29519004,342032787646711
87.0101,disk4w,1447521736704,1489953,590221765111
87.0101,disk8,41238063048704,66976609,704545370644704
87.0101,disk8w,4128768,601,984243925
87.0101,ram,326238208,64847020032,276951
87.0101,cpu,14867210,21344580,513541760
87.0101,gpu,21,0,0
87.2101,disk0,876452316241920,1966700804,12423432078435223
87.2101,disk0w,1977563881472,18763853,1160132434999
87.2101,disk5,25045200615424,50439745,455276505476431
87.2101,disk5w,225980416,35966,1254168700
87.2101,disk4,29480175940608,29519589,342033533838896
87.2101,disk4w,1447521736704,1489953,590221765111
87.2101,disk8,41239266142208,66978706,704553991652953
87.2101,disk8w,4128768,601,984243925
87.2101,ram,326238208,64847020032,276951
87.2101,cpu,14867210,21344580,513541760
87.2101,gpu,0,0,0
87.4101,disk0,876454594043904,1966705038,12423448498139287
87.4101,disk0w,1977563881472,18763853,1160132434999
87.4101,disk5,25045797222400,50440929,455279519222499
87.4101,disk5w,225980416,35966,1254168700
87.4101,disk4,29480676504576,29520102,342034223155630
87.4101,disk4w,1447521736704,1489953,590221765111
87.4101,disk8,41240317683712,66980961,704563238037596
87.4101,disk8w,4128768,601,984243925
87.4101,ram,326238208,64847020032,276951
87.4101,cpu,14867210,21344580,513541760
87.4101,gpu,46,0,0
87.6101,disk0,876456762781696,1966708890,12423461321264153
87.6101,disk0w,1977563881472,18763853,1160132434999
87.6101,disk5,25046441900032,50442249,455283631078007
87.6101,disk5w,225980416,35966,1254168700
87.6101,disk4,29481308713984,29520750,342035914750329
87.6101,disk4w,1447521736704,1489953,590221765111
87.6101,disk8,41241484257280,66982686,704574736942660
87.6101,disk8w,4128768,601,984243925
87.6101,ram,326238208,64847020032,276951
87.6101,cpu,14867210,21344580,513541760
87.6101,gpu,31,0,0
87.8101,disk0,876459156959232,1966712427,12423471332071130
87.8101,disk0w,1977563881472,18763853,1160132434999
87.8101,disk5,25047154145280,50443710,455288847697730
87.8101,disk5w,225980416,35966,1254168700
87.8101,disk4,29481944151040,29521401,342036664474484
87.8101,disk4w,1447521736704,1489953,590221765111
87.8101,disk8,41242803496960,66984229,704583379138778
87.8101,disk8w,4128768,601,984243925
87.8101,ram,327073792,64790921216,276951
87.8101,cpu,14867229,21344685,513543493
87.8101,gpu,0,0,0
88.0101,disk0,876461455421440,1966716630,12423481651539240
88.0101,disk0w,1977563881472,18763853,1160132434999
88.0101,disk5,25047753750528,50444939,455292537292438
88.0101,disk5w,225980416,35966,1254168700
88.0101,disk4,29482463327232,29521933,342037214630881
88.0101,disk4w,1447521736704,1489953,590221765111
88.0101,disk8,41244078761984,66986154,704596818357847
88.0101,disk8w,4128768,601,984243925
88.0101,ram,327073792,64790921216,276951
88.0101,cpu,14867229,21344685,513543493
88.0101,gpu,0,0,0
88.2101,disk0,876463709106176,1966721179,12423495171338578
88.2101,disk0w,1977563881472,18763853,1160132434999
88.2101,disk5,25048209979392,50445850,455294716836016
88.2101,disk5w,225980416,35966,1254168700
88.2101,disk4,29483038733312,29522523,342037980440318
88.2101,disk4w,1447521736704,1489953,590221765111
88.2101,disk8,41245378570240,66988287,704610621415985
88.2101,disk8w,4128768,601,984243925
88.2101,ram,327073792,64790921216,276951
88.2101,cpu,14867229,21344685,513543493
88.2101,gpu,0,0,0
88.4101,disk0,876465875873792,1966725540,12423507383001762
88.4101,disk0w,1977563881472,18763853,1160132434999
88.4101,disk5,25048824133632,50447048,455297858389189
88.4101,disk5w,225980416,35966,1254168700
88.4101,disk4,29483565642752,29523063,342038563788304
88.4101,disk4w,1447521736704,1489953,590221765111
88.4101,disk8,41246735165440,66991165,704628781411367
88.4101,disk8w,4128768,601,984243925
88.4101,ram,327073792,64790921216,276951
88.4101,cpu,14867229,21344685,513543493
88.4101,gpu,0,0,0
88.6041,disk0,876468052045824,1966729570,12423523655085686
88.6041,disk0w,1977563881472,18763853,1160132434999
88.6041,disk5,25049455458304,50448295,455303257564336
88.6041,disk5w,225980416,35966,1254168700
88.6041,disk4,29483969606656,29523477,342039013271546
88.6041,disk4w,1447521736704,1489953,590221765111
88.6041,disk8,41247792637952,66993200,704637781097544
88.6041,disk8w,4128768,601,984243925
88.6041,ram,327073792,64790921216,276951
88.6041,cpu,14867229,21344685,513543493
88.6041,gpu,0,0,0
88.8101,disk0,876470423138304,1966735806,12423539827944743
88.8101,disk0w,1977563881472,18763853,1160132434999
88.8101,disk5,25050052442112,50449477,455306882520144
88.8101,disk5w,225980416,35966,1254168700
88.8101,disk4,29484514079744,29524035,342039780997234
88.8101,disk4w,1447521736704,1489953,590221765111
88.8101,disk8,41248984033280,66995595,704651860596066
88.8101,disk8w,4128768,601,984243925
88.8101,ram,328876032,63300485120,276951
88.8101,cpu,14867245,21344788,513545157
88.8101,gpu,0,0,0
89.0081,disk0,876472411062272,1966739899,12423555805479670
89.0081,disk0w,1977563881472,18763853,1160132434999
89.0081,disk5,25050371454976,50450122,455308227503509
89.0081,disk5w,225980416,35966,1254168700
89.0081,disk4,29485093598208,29524629,342041185529101
89.0081,disk4w,1447521736704,1489953,590221765111
89.0081,disk8,41249940088832,66997188,704659967728015
89.0081,disk8w,4128768,601,984243925
89.0081,ram,329039872,63342428160,276951
89.0081,cpu,14867245,21344788,513545157
89.0081,gpu,0,0,0
89.2101,disk0,876474737496064,1966748353,12423568650145395
89.2101,disk0w,1977563881472,18763853,1160132434999
89.2101,disk5,25051043870720,50451501,455311728577713
89.2101,disk5w,225980416,35966,1254168700
89.2101,disk4,29485708325888,29525259,342041920197975
89.2101,disk4w,1447521736704,1489953,590221765111
89.2101,disk8,41251299715072,66998890,704671061948156
89.2101,disk8w,4128768,601,984243925
89.2101,ram,329039872,63342428160,276951
89.2101,cpu,14867245,21344788,513545157
89.2101,gpu,27,1,0
89.4101,disk0,876477105082368,1966752107,12423581937511266
89.4101,disk0w,1977563881472,18763853,1160132434999
89.4101,disk5,25051658024960,50452759,455315450053922
89.4101,disk5w,225980416,35966,1254168700
89.4101,disk4,29486323053568,29525889,342042945648103
89.4101,disk4w,1447521736704,1489953,590221765111
89.4101,disk8,41252491208704,67000581,704679076546644
89.4101,disk8w,4128768,601,984243925
89.4101,ram,329039872,63342428160,276951
89.4101,cpu,14867245,21344788,513545157
89.4101,gpu,0,0,0
89.6068,disk0,876479294771200,1966756387,12423596137893324
89.6068,disk0w,1977563881472,18763853,1160132434999
89.6068,disk5,25052166895616,50453801,455318492639401
89.6068,disk5w,225980416,35966,1254168700
89.6068,disk4,29486876308480,29526456,342043584011786
89.6068,disk4w,1447521736704,1489953,590221765111
89.6068,disk8,41253770979328,67002739,704692897311124
89.6068,disk8w,4128768,601,984243925
89.6068,ram,329039872,63342428160,276951
89.6068,cpu,14867245,21344788,513545157
89.6068,gpu,0,0,0
89.8101,disk0,876481309470720,1966760403,12423607301339278
89.8101,disk0w,1977563881472,18763853,1160132434999
89.8101,disk5,25052692936704,50454820,455320769519278
89.8101,disk5w,225980416,35966,1254168700
89.8101,disk4,29487394436096,29526987,342044246719113
89.8101,disk4w,1447521736704,1489953,590221765111
89.8101,disk8,41255138781184,67005630,704713582390531
89.8101,disk8w,4128768,601,984243925
89.8101,ram,328925184,64775340032,276951
89.8101,cpu,14867263,21344884,513546757
89.8101,gpu,0,0,0
90.0046,disk0,876483791380480,1966765446,12423625384433929
90.0046,disk0w,1977563881472,18763853,1160132434999
90.0046,disk5,25053237278720,50455889,455323109712044
90.0046,disk5w,225980416,35966,1254168700
90.0046,disk4,29487921345536,29527527,342045082769567
90.0046,disk4w,1447521736704,1489953,590221765111
90.0046,disk8,41256342398976,67007987,704724622342151
90.0046,disk8w,4128768,601,984243925
90.0046,ram,328925184,64775340032,276951
90.0046,cpu,14867263,21344884,513546757
90.0046,gpu,0,0,0
90.2101,disk0,876486361194496,1966774073,12423648906074991
90.2101,disk0w,1977563881472,18763853,1160132434999
90.2101,disk5,25053860214784,50457117,455326861417844
90.2101,disk5w,225980416,35966,1254168700
90.2101,disk4,29488550097920,29528171,342045878849556
90.2101,disk4w,1447521736704,1489953,590221765111
90.2101,disk8,41257472321536,67009868,704731611617531
90.2101,disk8w,4128768,601,984243925
90.2101,ram,328925184,64775340032,276951
90.2101,cpu,14867263,21344884,513546757
90.2101,gpu,33,1,0
90.4002,disk0,876488416813056,1966778209,12423665978020616
90.4002,disk0w,1977563881472,18763853,1160132434999
90.4002,disk5,25054439274496,50458286,455329913239611
90.4002,disk5w,225980416,35966,1254168700
90.4002,disk4,29489054168064,29528688,342046826115306
90.4002,disk4w,1447521736704,1489953,590221765111
90.4002,disk8,41258502105088,67011834,704739670467661
90.4002,disk8w,4128768,601,984243925
90.4002,ram,328925184,64775340032,276951
90.4002,cpu,14867263,21344884,513546757
90.4002,gpu,26,0,0
90.6044,disk0,876490679787520,1966782199,12423675044351374
90.6044,disk0w,1977563881472,18763853,1160132434999
90.6044,disk5,25055227328512,50459900,455334394458054
90.6044,disk5w,225980416,35966,1254168700
90.6044,disk4,29489765495808,29529417,342047788261989
90.6044,disk4w,1447521736704,1489953,590221765111
90.6044,disk8,41259907655680,67013800,704752416583777
90.6044,disk8w,4128768,601,984243925
90.6044,ram,328925184,64775340032,276951
90.6044,cpu,14867263,21344884,513546757
90.6044,gpu,0,0,0
90.8074,disk0,876492789153792,1966785399,12423683981453757
90.8074,disk0w,1977563881472,18763853,1160132434999
90.8074,disk5,25056049715200,50461585,455339827417357
90.8074,disk5w,225980416,35966,1254168700
90.8074,disk4,29490230932480,29529894,342048318713206
90.8074,disk4w,1447521736704,1489953,590221765111
90.8074,disk8,41261202778112,67015531,704763756706733
90.8074,disk8w,4128768,601,984243925
90.8074,ram,325435392,64908836864,276951
90.8074,cpu,14867281,21344991,513548485
90.8074,gpu,0,0,0
91.0015,disk0,876494922670080,1966790035,12423696950891931
91.0015,disk0w,1977563881472,18763853,1160132434999
91.0015,disk5,25056675125248,50462867,455343786754268
91.0015,disk5w,225980416,35966,1254168700
91.0015,disk4,29490643678208,29530317,342048786359489
91.0015,disk4w,1447521736704,1489953,590221765111
91.0015,disk8,41262484613120,67017438,704776352326256
91.0015,disk8w,4128768,601,984243925
91.0015,ram,325435392,64908836864,276951
91.0015,cpu,14867281,21344991,513548485
91.0015,gpu,0,0,0
91.2039,disk0,876497282605056,1966794833,12423709950640614
91.2039,disk0w,1977563881472,18763853,1160132434999
91.2039,disk5,25057185429504,50463865,455346468252642
91.2039,disk5w,225980416,35966,1254168700
91.2039,disk4,29491232060416,29530920,342049561270988
91.2039,disk4w,1447521736704,1489953,590221765111
91.2039,disk8,41263900944384,67020324,704793742663586
91.2039,disk8w,4128768,601,984243925
91.2039,ram,325435392,64908836864,276951
91.2039,cpu,14867281,21344991,513548485
91.2039,gpu,0,0,0
91.4044,disk0,876499460210688,1966799229,12423725339412466
91.4044,disk0w,1977563881472,18763853,1160132434999
91.4044,disk5,25057571469312,50464625,455348340138298
91.4044,disk5w,225980416,35966,1254168700
91.4044,disk4,29491688715264,29531388,342050055778594
91.4044,disk4w,1447521736704,1489953,590221765111
91.4044,disk8,41265079973888,67022601,704809291228545
91.4044,disk8w,4128768,601,984243925
91.4044,ram,325435392,64908836864,276951
91.4044,cpu,14867281,21344991,513548485
91.4044,gpu,0,0,0
91.6101,disk0,876501655834624,1966804347,12423741920497718
91.6101,disk0w,1977563881472,18763853,1160132434999
91.6101,disk5,25058144909312,50465753,455350938954428
91.6101,disk5w,225980416,35966,1254168700
91.6101,disk4,29492162933760,29531874,342050675633962
91.6101,disk4w,1447521736704,1489953,590221765111
91.6101,disk8,41266354239488,67024619,704822476685628
91.6101,disk8w,4128768,601,984243925
91.6101,ram,325435392,64908836864,276951
91.6101,cpu,14867281,21344991,513548485
91.6101,gpu,49,0,0
91.8006,disk0,876503511420928,1966807836,12423751314985848
91.8006,disk0w,1977563881472,18763853,1160132434999
91.8006,disk5,25058764683264,50466982,455355276888862
91.8006,disk5w,225980416,35966,1254168700
91.8006,disk4,29492540552192,29532261,342051135382123
91.8006,disk4w,1447521736704,1489953,590221765111
91.8006,disk8,41267422017536,67026963,704837453758385
91.8006,disk8w,4128768,601,984243925
91.8006,ram,328335360,64413614080,276951
91.8006,cpu,14867309,21345116,513550118
91.8006,gpu,0,0,0
92.0101,disk0,876505638031360,1966813671,12423762748841007
92.0101,disk0w,1977563881472,18763853,1160132434999
92.0101,disk5,25059602085888,50468698,455361570411190
92.0101,disk5w,225980416,35966,1254168700
92.0101,disk4,29493207888896,29532945,342052792227638
92.0101,disk4w,1447521736704,1489953,590221765111
92.0101,disk8,41268729051136,67028843,704848482984919
92.0101,disk8w,4128768,601,984243925
92.0101,ram,328335360,64413614080,276951
92.0101,cpu,14867309,21345116,513550118
92.0101,gpu,0,0,0
92.2101,disk0,876507833880576,1966817163,12423769729934995
92.2101,disk0w,1977563881472,18763853,1160132434999
92.2101,disk5,25060501862400,50470544,455369404779946
92.2101,disk5w,225980416,35966,1254168700
92.2101,disk4,29493652222976,29533400,342053311862161
92.2101,disk4w,1447521736704,1489953,590221765111
92.2101,disk8,41270108026880,67030404,704858436324977
92.2101,disk8w,4128768,601,984243925
92.2101,ram,328335360,64413614080,276951
92.2101,cpu,14867309,21345116,513550118
92.2101,gpu,0,0,0
92.4037,disk0,876509659324416,1966820642,12423776338196223
92.4037,disk0w,1977563881472,18763853,1160132434999
92.4037,disk5,25061342705664,50472266,455376781382954
92.4037,disk5w,225980416,35966,1254168700
92.4037,disk4,29494165107712,29533926,342053969076876
92.4037,disk4w,1447521736704,1489953,590221765111
92.4037,disk8,41271439685632,67032528,704872652598933
92.4037,disk8w,4128768,601,984243925
92.4037,ram,328335360,64413614080,276951
92.4037,cpu,14867309,21345116,513550118
92.4037,gpu,0,0,0
92.6101,disk0,876511953580032,1966825372,12423790288515226
92.6101,disk0w,1977564213248,18763884,1160132853781
92.6101,disk5,25061993379840,50473575,455380095417090
92.6101,disk5w,225980416,35966,1254168700
92.6101,disk4,29494639326208,29534412,342054573956050
92.6101,disk4w,1447521736704,1489953,590221765111
92.6101,disk8,41272777373696,67034683,704886141755469
92.6101,disk8w,4128768,601,984243925
92.6101,ram,328335360,64413614080,276951
92.6101,cpu,14867309,21345116,513550118
92.6101,gpu,0,0,0
92.8034,disk0,876514183331840,1966830051,12423804501784345
92.8034,disk0w,1977564213248,18763884,1160132853781
92.8034,disk5,25062717798400,50474987,455384236467854
92.8034,disk5w,225980416,35966,1254168700
92.8034,disk4,29495043290112,29534826,342055044514538
92.8034,disk4w,1447521736704,1489953,590221765111
92.8034,disk8,41274072348672,67037291,704901831402970
92.8034,disk8w,4128768,601,984243925
92.8034,ram,325206016,64684785664,276951
92.8034,cpu,14867324,21345211,513551801
92.8034,gpu,0,0,0
93.0014,disk0,876516503896064,1966834843,12423819098565101
93.0014,disk0w,1977564213248,18763884,1160132853781
93.0014,disk5,25063505213440,50476538,455388512503632
93.0014,disk5w,225980416,35966,1254168700
93.0014,disk4,29495605326848,29535402,342055806168231
93.0014,disk4w,1447521736704,1489953,590221765111
93.0014,disk8,41275209234432,67039339,704913219267238
93.0014,disk8w,4128768,601,984243925
93.0014,ram,325206016,64684785664,276951
93.0014,cpu,14867324,21345217,513551859
93.0014,gpu,0,0,0
93.2005,disk0,876518554271744,1966839461,12423832437568419
93.2005,disk0w,1977564213248,18763884,1160132853781
93.2005,disk5,25064345270272,50478198,455395405854674
93.2005,disk5w,225980416,35966,1254168700
93.2005,disk4,29496102351872,29535911,342056396285636
93.2005,disk4w,1447521736704,1489953,590221765111
93.2005,disk8,41276417685504,67041893,704925498644889
93.2005,disk8w,4128768,601,984243925
93.2005,ram,325206016,64684785664,276951
93.2005,cpu,14867324,21345217,513551859
93.2005,gpu,0,0,0
93.4101,disk0,876520491356160,1966846090,12423844759479182
93.4101,disk0w,1977564213248,18763884,1160132853781
93.4101,disk5,25065072932864,50479689,455401867351881
93.4101,disk5w,225980416,35966,1254168700
93.4101,disk4,29496650298368,29536473,342057393794377
93.4101,disk4w,1447521736704,1489953,590221765111
93.4101,disk8,41277511972864,67043743,704934900858011
93.4101,disk8w,4128768,601,984243925
93.4101,ram,325206016,64684785664,276951
93.4101,cpu,14867324,21345217,513551859
93.4101,gpu,0,0,0
93.6028,disk0,876522873425920,1966849859,12423855678392487
93.6028,disk0w,1977564213248,18763884,1160132853781
93.6028,disk5,25065809541120,50481199,455407339738749
93.6028,disk5w,225980416,35966,1254168700
93.6028,disk4,29497159644160,29536995,342058039106743
93.6028,disk4w,1447521736704,1489953,590221765111
93.6028,disk8,41278755485696,67045159,704941367569423
93.6028,disk8w,4128768,601,984243925
93.6028,ram,325206016,64684785664,276951
93.6028,cpu,14867324,21345217,513551859
93.6028,gpu,28,0,0
93.8092,disk0,876525413081088,1966854038,12423866791035222
93.8092,disk0w,1977564213248,18763884,1160132853781
93.8092,disk5,25066607941632,50482837,455412399323748
93.8092,disk5w,225980416,35966,1254168700
93.8092,disk4,29497730462720,29537580,342058831436588
93.8092,disk4w,1447521736704,1489953,590221765111
93.8092,disk8,41280132691968,67047354,704952487204992
93.8092,disk8w,4128768,601,984243925
93.8092,ram,326385664,64801144832,276951
93.8092,cpu,14867344,21345316,513553472
93.8092,gpu,0,0,0
94.0101,disk0,876527707070464,1966858425,12423879016049506
94.0101,disk0w,1977564213248,18763884,1160132853781
94.0101,disk5,25067196151808,50484029,455415462067106
94.0101,disk5w,225980416,35966,1254168700
94.0101,disk4,29498296693760,29538160,342059527280695
94.0101,disk4w,1447521736704,1489953,590221765111
94.0101,disk8,41281447917568,67049366,704965590880613
94.0101,disk8w,4128768,601,984243925
94.0101,ram,326385664,64801144832,276951
94.0101,cpu,14867344,21345318,513553521
94.0101,gpu,38,0,0
94.2101,disk0,876529975549952,1966863095,12423894538588891
94.2101,disk0w,1977564221440,18763886,1160132896780
94.2101,disk5,25067780454400,50485165,455418519951602
94.2101,disk5w,225980416,35966,1254168700
94.2101,disk4,29498798306304,29538674,342060060113113
94.2101,disk4w,1447521736704,1489953,590221765111
94.2101,disk8,41282735667200,67052292,704983306992285
94.2101,disk8w,4128768,601,984243925
94.2101,ram,326385664,64801144832,276951
94.2101,cpu,14867344,21345318,513553521
94.2101,gpu,0,0,0
94.4036,disk0,876532278288384,1966867743,12423908924306110
94.4036,disk0w,1977564221440,18763886,1160132896780
94.4036,disk5,25068582385664,50486746,455423604862369
94.4036,disk5w,225980416,35966,1254168700
94.4036,disk4,29499372663808,29539263,342060765706252
94.4036,disk4w,1447521736704,1489953,590221765111
94.4036,disk8,41283905583104,67054482,704994375744023
94.4036,disk8w,4128768,601,984243925
94.4036,ram,326385664,64801144832,276951
94.4036,cpu,14867344,21345318,513553521
94.4036,gpu,0,0,0
94.6062,disk0,876534350888960,1966872003,12423918105507395
94.6062,disk0w,1977564241920,18763891,1160132992195
94.6062,disk5,25069408155648,50488379,455431567721698
94.6062,disk5w,225980416,35966,1254168700
94.6062,disk4,29499917136896,29539821,342061563288018
94.6062,disk4w,1447521736704,1489953,590221765111
94.6062,disk8,41285098600448,67056937,705006725252440
94.6062,disk8w,4128768,601,984243925
94.6062,ram,326385664,64801144832,276951
94.6062,cpu,14867344,21345318,513553521
94.6062,gpu,0,0,0
94.8101,disk0,876536362876928,1966875986,12423932302057273
94.8101,disk0w,1977564241920,18763891,1160132992195
94.8101,disk5,25070107285504,50489804,455437137767962
94.8101,disk5w,225980416,35966,1254168700
94.8101,disk4,29500400055296,29540316,342062689488937
94.8101,disk4w,1447521736704,1489953,590221765111
94.8101,disk8,41286168786944,67058738,705015493388762
94.8101,disk8w,4128768,601,984243925
94.8101,ram,331137024,64834043904,276951
94.8101,cpu,14867395,21345430,513555092
94.8101,gpu,0,0,0
95.0097,disk0,876538453266432,1966879605,12423941531642876
95.0097,disk0w,1977564241920,18763891,1160132992195
95.0097,disk5,25070828435456,50491280,455443777551228
95.0097,disk5w,225980416,35966,1254168700
95.0097,disk4,29501000365056,29540931,342063512665950
95.0097,disk4w,1447521736704,1489953,590221765111
95.0097,disk8,41287463024640,67060343,705025097418622
95.0097,disk8w,4128768,601,984243925
95.0097,ram,329351168,64867598336,276951
95.0097,cpu,14867395,21345430,513555092
95.0097,gpu,0,0,0
95.2101,disk0,876540593721344,1966883137,12423949946132939
95.2101,disk0w,1977564241920,18763891,1160132992195
95.2101,disk5,25071494330368,50492644,455448741146228
95.2101,disk5w,225980416,35966,1254168700
95.2101,disk4,29501563450368,29541508,342064197069251
95.2101,disk4w,1447521736704,1489953,590221765111
95.2101,disk8,41288811214848,67062262,705037446481848
95.2101,disk8w,4128768,601,984243925
95.2101,ram,329351168,64867598336,276951
95.2101,cpu,14867395,21345430,513555092
95.2101,gpu,0,0,0
95.4101,disk0,876542598025216,1966886991,12423959418493939
95.4101,disk0w,1977564241920,18763891,1160132992195
95.4101,disk5,25072273233920,50494241,455453791668032
95.4101,disk5w,225980416,35966,1254168700
95.4101,disk4,29502138856448,29542098,342064841228798
95.4101,disk4w,1447521736704,1489953,590221765111
95.4101,disk8,41290145085440,67064334,705051310981463
95.4101,disk8w,4128768,601,984243925
95.4101,ram,329351168,64867598336,276951
95.4101,cpu,14867395,21345430,513555092
95.4101,gpu,0,0,0
95.6101,disk0,876544677240832,1966890756,12423967996765296
95.6101,disk0w,1977564241920,18763891,1160132992195
95.6101,disk5,25072830937088,50495328,455456499557918
95.6101,disk5w,225980416,35966,1254168700
95.6101,disk4,29502651347968,29542623,342065404792245
95.6101,disk4w,1447521736704,1489953,590221765111
95.6101,disk8,41291513149440,67067167,705070657308067
95.6101,disk8w,4128768,601,984243925
95.6101,ram,329351168,64867598336,276951
95.6101,cpu,14867395,21345430,513555092
95.6101,gpu,0,0,0
95.8053,disk0,876546967453696,1966895691,12423981408050875
95.8053,disk0w,1977570594816,18764200,1160140385968
95.8053,disk5,25073469306880,50496584,455459690258569
95.8053,disk5w,225980416,35966,1254168700
95.8053,disk4,29503272760320,29543260,342066151530370
95.8053,disk4w,1447521736704,1489953,590221765111
95.8053,disk8,41292833994752,67069854,705085990605944
95.8053,disk8w,4128768,601,984243925
95.8053,ram,327696384,64700203008,276951
95.8053,cpu,14867418,21345530,513556726
95.8053,gpu,0,0,0
96.0097,disk0,876549076963328,1966904340,12423993858623194
96.0097,disk0w,1977570594816,18764200,1160140385968
96.0097,disk5,25074113460224,50497860,455463126041980
96.0097,disk5w,225980416,35966,1254168700
96.0097,disk4,29503719584768,29543718,342066643318673
96.0097,disk4w,1447521736704,1489953,590221765111
96.0097,disk8,41294120466432,67072117,705100526872604
96.0097,disk8w,4128768,601,984243925
96.0097,ram,327843840,64733773824,276951
96.0097,cpu,14867418,21345530,513556726
96.0097,gpu,0,0,0
96.2101,disk0,876550795845632,1966907849,12424005548442289
96.2101,disk0w,1977570594816,18764200,1160140385968
96.2101,disk5,25074820446208,50499281,455469382994500
96.2101,disk5w,225980416,35966,1254168700
96.2101,disk4,29504158626816,29544168,342067664536983
96.2101,disk4w,1447521736704,1489953,590221765111
96.2101,disk8,41295072229376,67073990,705109618574727
96.2101,disk8w,4128768,601,984243925
96.2101,ram,327843840,64733773824,276951
96.2101,cpu,14867418,21345530,513556726
96.2101,gpu,37,1,0
96.4101,disk0,876553146671104,1966914074,12424020982988032
96.4101,disk0w,1977570594816,18764200,1160140385968
96.4101,disk5,25075447576576,50500565,455472207836034
96.4101,disk5w,225980416,35966,1254168700
96.4101,disk4,29504732591104,29544756,342068585759784
96.4101,disk4w,1447521736704,1489953,590221765111
96.4101,disk8,41296343087104,67075728,705120055090688
96.4101,disk8w,4128768,601,984243925
96.4101,ram,327843840,64733773824,276951
96.4101,cpu,14867418,21345530,513556726
96.4101,gpu,24,0,0
96.6044,disk0,876555492970496,1966917470,12424034042172853
96.6044,disk0w,1977570594816,18764200,1160140385968
96.6044,disk5,25076083849216,50501869,455477194702264
96.6044,disk5w,225980416,35966,1254168700
96.6044,disk4,29505174434816,29545208,342069106438346
96.6044,disk4w,1447521736704,1489953,590221765111
96.6044,disk8,41297360664576,67077070,705126462047625
96.6044,disk8w,4128768,601,984243925
96.6044,ram,327843840,64733773824,276951
96.6044,cpu,14867418,21345530,513556726
96.6044,gpu,0,0,0
96.8101,disk0,876557785501696,1966921633,12424044850013356
96.8101,disk0w,1977570594816,18764200,1160140385968
96.8101,disk5,25076943665152,50503633,455484403496029
96.8101,disk5w,225980416,35966,1254168700
96.8101,disk4,29505824683008,29545875,342070002789166
96.8101,disk4w,1447521736704,1489953,590221765111
96.8101,disk8,41298645547008,67079146,705136384553368
96.8101,disk8w,4128768,601,984243925
96.8101,ram,327647232,64920518656,276951
96.8101,cpu,14867445,21345663,513558372
96.8101,gpu,42,0,0
97.0101,disk0,876559937474560,1966926098,12424057748372425
97.0101,disk0w,1977570594816,18764200,1160140385968
97.0101,disk5,25077650421760,50505033,455488201760348
97.0101,disk5w,225980416,35966,1254168700
97.0101,disk4,29506449634304,29546516,342070955900292
97.0101,disk4w,1447521736704,1489953,590221765111
97.0101,disk8,41299912112128,67081394,705149048521277
97.0101,disk8w,4128768,601,984243925
97.0101,ram,327647232,64920518656,276951
97.0101,cpu,14867447,21345671,513558487
97.0101,gpu,40,0,0
97.2025,disk0,876562183098368,1966930581,12424074088721673
97.2025,disk0w,1977570594816,18764200,1160140385968
97.2025,disk5,25078259709952,50506228,455491560997461
97.2025,disk5w,225980416,35966,1254168700
97.2025,disk4,29506867622912,29546944,342071456381031
97.2025,disk4w,1447521736704,1489953,590221765111
97.2025,disk8,41300946040832,67083508,705161072003774
97.2025,disk8w,4128768,601,984243925
97.2025,ram,327647232,64920518656,276951
97.2025,cpu,14867447,21345671,513558487
97.2025,gpu,0,0,0
97.4073,disk0,876564544180224,1966935665,12424085661247228
97.4073,disk0w,1977570594816,18764200,1160140385968
97.4073,disk5,25078933460992,50507551,455495411016933
97.4073,disk5w,225980416,35966,1254168700
97.4073,disk4,29507469374464,29547561,342072222835493
97.4073,disk4w,1447521736704,1489953,590221765111
97.4073,disk8,41302331734016,67085890,705175676923954
97.4073,disk8w,4128768,601,984243925
97.4073,ram,327647232,64920518656,276951
97.4073,cpu,14867447,21345671,513558487
97.4073,gpu,0,0,0
97.6101,disk0,876566911799296,1966940514,12424100023925722
97.6101,disk0w,1977570594816,18764200,1160140385968
97.6101,disk5,25079593302016,50508859,455499364554711
97.6101,disk5w,225980416,35966,1254168700
97.6101,disk4,29508048974848,29548155,342073046526380
97.6101,disk4w,1447521736704,1489953,590221765111
97.6101,disk8,41303588583424,67088649,705191474606982
97.6101,disk8w,4128768,601,984243925
97.6101,ram,327647232,64920518656,276951
97.6101,cpu,14867447,21345671,513558487
97.6101,gpu,30,0,0
97.8040,disk0,876568656453632,1966943733,12424109804119726
97.8040,disk0w,1977570594816,18764200,1160140385968
97.8040,disk5,25080225003520,50510153,455505659929652
97.8040,disk5w,225980416,35966,1254168700
97.8040,disk4,29508496782336,29548614,342074037955559
97.8040,disk4w,1447521736704,1489953,590221765111
97.8040,disk8,41304540493824,67090196,705200883051504
97.8040,disk8w,4128768,601,984243925
97.8040,ram,328400896,64846561280,276951
97.8040,cpu,14867463,21345766,513560013
97.8040,gpu,0,0,0
98.0087,disk0,876571034017792,1966947898,12424120706047885
98.0087,disk0w,1977570594816,18764200,1160140385968
98.0087,disk5,25081200965632,50512151,455513852557412
98.0087,disk5w,225980416,35966,1254168700
98.0087,disk4,29509112558592,29549245,342074821706839
98.0087,disk4w,1447521736704,1489953,590221765111
98.0087,disk8,41305823410176,67091686,705208210276541
98.0087,disk8w,4128768,601,984243925
98.0087,ram,329007104,64846561280,276951
98.0087,cpu,14867463,21345766,513560013
98.0087,gpu,23,0,0
98.2101,disk0,876572999143424,1966951456,12424127088021370
98.2101,disk0w,1977570594816,18764200,1160140385968
98.2101,disk5,25081814841344,50513410,455520020746189
98.2101,disk5w,225980416,35966,1254168700
98.2101,disk4,29509568164864,29549712,342075287071439
98.2101,disk4w,1447521736704,1489953,590221765111
98.2101,disk8,41307151054848,67093577,705222817702097
98.2101,disk8w,4128768,601,984243925
98.2101,ram,329007104,64846561280,276951
98.2101,cpu,14867463,21345766,513560013
98.2101,gpu,0,0,0
98.4101,disk0,876574810333184,1966955016,12424133075071146
98.4101,disk0w,1977570594816,18764200,1160140385968
98.4101,disk5,25082523695104,50514865,455523911497242
98.4101,disk5w,225980416,35966,1254168700
98.4101,disk4,29510112637952,29550270,342075996673491
98.4101,disk4w,1447521736704,1489953,590221765111
98.4101,disk8,41308523624448,67095723,705240559463166
98.4101,disk8w,4128768,601,984243925
98.4101,ram,329007104,64846561280,276951
98.4101,cpu,14867463,21345766,513560013
98.4101,gpu,0,0,0
98.6101,disk0,876576766877696,1966959032,12424143794092470
98.6101,disk0w,1977570594816,18764200,1160140385968
98.6101,disk5,25083102754816,50515990,455526272697952
98.6101,disk5w,225980416,35966,1254168700
98.6101,disk4,29510586856448,29550756,342076493756421
98.6101,disk4w,1447521736704,1489953,590221765111
98.6101,disk8,41309836867584,67098406,705260978878709
98.6101,disk8w,4128768,601,984243925
98.6101,ram,329007104,64846561280,276951
98.6101,cpu,14867463,21345766,513560013
98.6101,gpu,0,0,0
98.8101,disk0,876578902810624,1966963479,12424157806558723
98.8101,disk0w,1977570594816,18764200,1160140385968
98.8101,disk5,25083913320448,50517584,455533252897849
98.8101,disk5w,225980416,35966,1254168700
98.8101,disk4,29511104984064,29551287,342077099026669
98.8101,disk4w,1447521736704,1489953,590221765111
98.8101,disk8,41310975719424,67100695,705273010023186
98.8101,disk8w,4128768,601,984243925
98.8101,ram,329957376,63052431360,276951
98.8101,cpu,14867477,21345858,513561712
98.8101,gpu,34,0,0
99.0014,disk0,876580788764672,1966972244,12424173402346003
99.0014,disk0w,1977571131392,18764318,1160142787686
99.0014,disk5,25084650059776,50519042,455537620968356
99.0014,disk5w,225980416,35966,1254168700
99.0014,disk4,29511506457600,29551698,342077756295154
99.0014,disk4w,1447521736704,1489953,590221765111
99.0014,disk8,41312117372928,67102610,705284274622052
99.0014,disk8w,4128768,601,984243925
99.0014,ram,329957376,63052431360,276951
99.0014,cpu,14867478,21345864,513561756
99.0014,gpu,0,0,0
99.2038,disk0,876582404702208,1966974962,12424180131960697
99.2038,disk0w,1977571131392,18764318,1160142787686
99.2038,disk5,25085287397376,50520313,455542790312632
99.2038,disk5w,225980416,35966,1254168700
99.2038,disk4,29512010462208,29552215,342079259011609
99.2038,disk4w,1447521736704,1489953,590221765111
99.2038,disk8,41313274034176,67104974,705301437923671
99.2038,disk8w,4128768,601,984243925
99.2038,ram,329957376,63052431360,276951
99.2038,cpu,14867478,21345864,513561756
99.2038,gpu,0,0,0
99.4101,disk0,876584799010816,1966981156,12424193072296877
99.4101,disk0w,1977571131392,18764318,1160142787686
99.4101,disk5,25086172338176,50522126,455549232131482
99.4101,disk5w,225980416,35966,1254168700
99.4101,disk4,29512610771968,29552830,342080010192029
99.4101,disk4w,1447521736704,1489953,590221765111
99.4101,disk8,41314628040704,67106933,705311127686475
99.4101,disk8w,4128768,601,984243925
99.4101,ram,329957376,63052431360,276951
99.4101,cpu,14867478,21345864,513561756
99.4101,gpu,0,0,0
99.6101,disk0,876586755899392,1966984078,12424199405008496
99.6101,disk0w,1977571131392,18764318,1160142787686
99.6101,disk5,25087000205312,50523824,455555348976648
99.6101,disk5w,225980416,35966,1254168700
99.6101,disk4,29513120117760,29553352,342080686093397
99.6101,disk4w,1447521736704,1489953,590221765111
99.6101,disk8,41315993368576,67108659,705322998244741
99.6101,disk8w,4128768,601,984243925
99.6101,ram,329957376,63052431360,276951
99.6101,cpu,14867478,21345864,513561756
99.6101,gpu,0,0,0
99.8101,disk0,876588863127552,1966988151,12424207577623824
99.8101,disk0w,1977571131392,18764318,1160142787686
99.8101,disk5,25087864895488,50525596,455562368002648
99.8101,disk5w,225980416,35966,1254168700
99.8101,disk4,29513721869312,29553969,342081383466736
99.8101,disk4w,1447521736704,1489953,590221765111
99.8101,disk8,41317369509888,67110682,705335442729223
99.8101,disk8w,4128768,601,984243925
99.8101,ram,327188480,64922943488,276951
99.8101,cpu,14867499,21345961,513563375
99.8101,gpu,0,0,0
100.0089,disk0,876590852866048,1966992236,12424218196974276
100.0089,disk0w,1977571131392,18764318,1160142787686
100.0089,disk5,25088603830272,50527075,455567453994474
100.0089,disk5w,225980416,35966,1254168700
100.0089,disk4,29514231215104,29554491,342081934118814
100.0089,disk4w,1447521736704,1489953,590221765111
100.0089,disk8,41318676576256,67113019,705351098380179
100.0089,disk8w,4128768,601,984243925
100.0089,ram,327598080,64922943488,276951
100.0089,cpu,14867500,21345968,513563487
100.0089,gpu,36,0,0
100.2101,disk0,876592994205696,1966996439,12424228356396936
100.2101,disk0w,1977571131392,18764318,1160142787686
100.2101,disk5,25089216034816,50528271,455570851119227
100.2101,disk5w,225980416,35966,1254168700
100.2101,disk4,29514777785344,29555051,342082548901220
100.2101,disk4w,1447521736704,1489953,590221765111
100.2101,disk8,41320068265984,67115775,705369438310844
100.2101,disk8w,4128768,601,984243925
100.2101,ram,327598080,64922943488,276951
100.2101,cpu,14867500,21345968,513563487
100.2101,gpu,30,2,0
100.4101,disk0,876595067830272,1967001333,12424244001430808
100.4101,disk0w,1977571131392,18764318,1160142787686
100.4101,disk5,25089934948352,50529690,455574421624237
100.4101,disk5w,225980416,35966,1254168700
100.4101,disk4,29515293815808,29555580,342083129551340
100.4101,disk4w,1447521736704,1489953,590221765111
100.4101,disk8,41321327458304,67117892,705381249279127
100.4101,disk8w,4128768,601,984243925
100.4101,ram,327598080,64922943488,276951
100.4101,cpu,14867500,21345968,513563487
100.4101,gpu,40,0,0
100.6080,disk0,876597109751808,1967009938,12424258629202669
100.6080,disk0w,1977571131392,18764318,1160142787686
100.6080,disk5,25090512566272,50530830,455577016641778
100.6080,disk5w,225980416,35966,1254168700
100.6080,disk4,29515829507072,29556129,342084023830571
100.6080,disk4w,1447521736704,1489953,590221765111
100.6080,disk8,41322595764224,67120524,705398817035095
100.6080,disk8w,4128768,601,984243925
100.6080,ram,327598080,64922943488,276951
100.6080,cpu,14867500,21345968,513563487
100.6080,gpu,0,0,0
100.8029,disk0,876598754295808,1967015012,12424266969846168
100.8029,disk0w,1977571131392,18764318,1160142787686
100.8029,disk5,25091083761664,50531995,455581107780095
100.8029,disk5w,225980416,35966,1254168700
100.8029,disk4,29516303676416,29556615,342085067087870
100.8029,disk4w,1447521736704,1489953,590221765111
100.8029,disk8,41323730307072,67122254,705410705497383
100.8029,disk8w,4128768,601,984243925
100.8029,ram,316456960,64782843904,276951
100.8029,cpu,14867516,21346069,513565019
100.8029,gpu,0,0,0
101.0101,disk0,876601307185152,1967019416,12424280008539349
101.0101,disk0w,1977571131392,18764318,1160142787686
101.0101,disk5,25091937286144,50533746,455586413056738
101.0101,disk5w,225980416,35966,1254168700
101.0101,disk4,29516875543552,29557201,342085777149251
101.0101,disk4w,1447521736704,1489953,590221765111
101.0101,disk8,41325071321088,67123863,705418934160471
101.0101,disk8w,4128768,601,984243925
101.0101,ram,314032128,64818479104,276951
101.0101,cpu,14867517,21346074,513565142
101.0101,gpu,35,0,0
101.2101,disk0,876603478573056,1967023032,12424287432966135
101.2101,disk0w,1977571131392,18764318,1160142787686
101.2101,disk5,25092743264256,50535399,455593965000791
101.2101,disk5w,225980416,35966,1254168700
101.2101,disk4,29517418968064,29557758,342086447851941
101.2101,disk4w,1447521736704,1489953,590221765111
101.2101,disk8,41326404290560,67125829,705429334719192
101.2101,disk8w,4128768,601,984243925
101.2101,ram,314032128,64818479104,276951
101.2101,cpu,14867517,21346074,513565142
101.2101,gpu,33,2,0
101.4101,disk0,876605546823680,1967027048,12424297920201053
101.4101,disk0w,1977571131392,18764318,1160142787686
101.4101,disk5,25093249939456,50536423,455596611678487
101.4101,disk5w,225980416,35966,1254168700
101.4101,disk4,29517919532032,29558271,342086972454435
101.4101,disk4w,1447521736704,1489953,590221765111
101.4101,disk8,41327741175808,67127792,705444891871670
101.4101,disk8w,4128768,601,984243925
101.4101,ram,314032128,64818479104,276951
101.4101,cpu,14867517,21346074,513565142
101.4101,gpu,0,0,0
101.6101,disk0,876607934529536,1967031792,12424314343298465
101.6101,disk0w,1977571131392,18764318,1160142787686
101.6101,disk5,25093653919744,50537206,455598422891826
101.6101,disk5w,225980416,35966,1254168700
101.6101,disk4,29518420096000,29558784,342087576690341
101.6101,disk4w,1447521736704,1489953,590221765111
101.6101,disk8,41328967108608,67130597,705460895256096
101.6101,disk8w,4128768,601,984243925
101.6101,ram,314032128,64818479104,276951
101.6101,cpu,14867517,21346074,513565142
101.6101,gpu,46,0,0
101.8101,disk0,876610379554816,1967036913,12424335928336742
101.8101,disk0w,1977571131392,18764318,1160142787686
101.8101,disk5,25094131218432,50538149,455600400784671
101.8101,disk5w,225980416,35966,1254168700
101.8101,disk4,29518939272192,29559316,342088193590089
101.8101,disk4w,1447521736704,1489953,590221765111
101.8101,disk8,41329983539200,67132496,705471435185917
101.8101,disk8w,4128768,601,984243925
101.8101,ram,311263232,63061065728,276951
101.8101,cpu,14867548,21346191,513566664
101.8101,gpu,0,0,0
102.0101,disk0,876612637376512,1967041993,12424348495098662
102.0101,disk0w,1977571131392,18764318,1160142787686
102.0101,disk5,25094872397824,50539606,455604217401069
102.0101,disk5w,225980416,35966,1254168700
102.0101,disk4,29519617569792,29560011,342089036966484
102.0101,disk4w,1447521736704,1489953,590221765111
102.0101,disk8,41331333040128,67134849,705485465118783
102.0101,disk8w,4128768,601,984243925
102.0101,ram,308051968,63128240128,276951
102.0101,cpu,14867550,21346203,513566766
102.0101,gpu,34,0,0
102.2065,disk0,876614539055104,1967045712,12424362342745773
102.2065,disk0w,1977571131392,18764318,1160142787686
102.2065,disk5,25095540250624,50540946,455610117259449
102.2065,disk5w,225980416,35966,1254168700
102.2065,disk4,29520009540608,29560413,342089853564640
102.2065,disk4w,1447521736704,1489953,590221765111
102.2065,disk8,41332352681984,67136883,705493735890530
102.2065,disk8w,4128768,601,984243925
102.2065,ram,308051968,63128240128,276951
102.2065,cpu,14867550,21346203,513566766
102.2065,gpu,0,0,0
102.4101,disk0,876616743084032,1967051104,12424370189962419
102.4101,disk0w,1977571131392,18764318,1160142787686
102.4101,disk5,25096334833664,50542574,455616651888038
102.4101,disk5w,225980416,35966,1254168700
102.4101,disk4,29520694522880,29561115,342090978666414
102.4101,disk4w,1447521736704,1489953,590221765111
102.4101,disk8,41333734344704,67138829,705506385158079
102.4101,disk8w,4128768,601,984243925
102.4101,ram,308051968,63128240128,276951
102.4101,cpu,14867550,21346203,513566766
102.4101,gpu,0,0,0
102.6101,disk0,876619154366464,1967054940,12424383241109285
102.6101,disk0w,1977571131392,18764318,1160142787686
102.6101,disk5,25097190209536,50544322,455622268959550
102.6101,disk5w,225980416,35966,1254168700
102.6101,disk4,29521318032384,29561754,342091821571751
102.6101,disk4w,1447521736704,1489953,590221765111
102.6101,disk8,41334947366912,67140426,705513794759342
102.6101,disk8w,4128768,601,984243925
102.6101,ram,308051968,63128240128,276951
102.6101,cpu,14867550,21346203,513566766
102.6101,gpu,0,0,0
102.8101,disk0,876621202251776,1967059222,12424392586426639
102.8101,disk0w,1977571131392,18764318,1160142787686
102.8101,disk5,25098070587392,50546128,455630441931499
102.8101,disk5w,225980416,35966,1254168700
102.8101,disk4,29521809814528,29562258,342092442990544
102.8101,disk4w,1447521736704,1489953,590221765111
102.8101,disk8,41336212391936,67142398,705525125000970
102.8101,disk8w,4128768,601,984243925
102.8101,ram,313982976,64880459776,276951
102.8101,cpu,14867566,21346300,513568316
102.8101,gpu,36,0,0
103.0101,disk0,876623150096384,1967063094,12424400663657339
103.0101,disk0w,1977571131392,18764318,1160142787686
103.0101,disk5,25098763712512,50547488,455635281524742
103.0101,disk5w,225980416,35966,1254168700
103.0101,disk4,29522266469376,29562726,342092976708475
103.0101,disk4w,1447521736704,1489953,590221765111
103.0101,disk8,41337582438400,67144993,705544327351958
103.0101,disk8w,4128768,601,984243925
103.0101,ram,314753024,64880459776,276951
103.0101,cpu,14867566,21346304,513568359
103.0101,gpu,0,0,0
103.2101,disk0,876625255342080,1967067459,12424410007060498
103.2101,disk0w,1977571131392,18764318,1160142787686
103.2101,disk5,25099483150336,50548905,455639264061383
103.2101,disk5w,225980416,35966,1254168700
103.2101,disk4,29522793378816,29563266,342093595823591
103.2101,disk4w,1447521736704,1489953,590221765111
103.2101,disk8,41338967296000,67147819,705563643228473
103.2101,disk8w,4128768,601,984243925
103.2101,ram,314753024,64880459776,276951
103.2101,cpu,14867566,21346304,513568359
103.2101,gpu,0,0,0
103.4101,disk0,876627417186304,1967073131,12424425532197224
103.4101,disk0w,1977571131392,18764318,1160142787686
103.4101,disk5,25100193822720,50550307,455643394936729
103.4101,disk5w,225980416,35966,1254168700
103.4101,disk4,29523285160960,29563770,342094196079547
103.4101,disk4w,1447521736704,1489953,590221765111
103.4101,disk8,41340132919296,67149746,705573882562550
103.4101,disk8w,4128768,601,984243925
103.4101,ram,314753024,64880459776,276951
103.4101,cpu,14867566,21346304,513568359
103.4101,gpu,42,0,0
103.6042,disk0,876628797980672,1967075691,12424430865714988
103.6042,disk0w,1977571131392,18764318,1160142787686
103.6042,disk5,25100880549888,50551667,455648945844751
103.6042,disk5w,225980416,35966,1254168700
103.6042,disk4,29523714028544,29564209,342094688236314
103.6042,disk4w,1447521736704,1489953,590221765111
103.6042,disk8,41341274359808,67152123,705589185823176
103.6042,disk8w,4128768,601,984243925
103.6042,ram,314753024,64880459776,276951
103.6042,cpu,14867566,21346304,513568359
103.6042,gpu,0,0,0
103.8101,disk0,876630654439424,1967081344,12424441798222760
103.8101,disk0w,1977571131392,18764318,1160142787686
103.8101,disk5,25101906638848,50553772,455662386714663
103.8101,disk5w,225980416,35966,1254168700
103.8101,disk4,29524400419840,29564913,342096044832958
103.8101,disk4w,1447521736704,1489953,590221765111
103.8101,disk8,41342552623104,67154063,705598482071168
103.8101,disk8w,4128768,601,984243925
103.8101,ram,317390848,64750845952,276951
103.8101,cpu,14867584,21346405,513569976
103.8101,gpu,0,0,0
104.0027,disk0,876632891215872,1967085113,12424450638594985
104.0027,disk0w,1977571131392,18764318,1160142787686
104.0027,disk5,25102756116480,50555514,455668003387105
104.0027,disk5w,225980416,35966,1254168700
104.0027,disk4,29524944892928,29565471,342096728395907
104.0027,disk4w,1447521736704,1489953,590221765111
104.0027,disk8,41343850022912,67155784,705608684024438
104.0027,disk8w,4128768,601,984243925
104.0027,ram,317538304,64750845952,276951
104.0027,cpu,14867585,21346411,513570092
104.0027,gpu,0,0,0
104.2059,disk0,876635121930240,1967089529,12424461857356814
104.2059,disk0w,1977571131392,18764318,1160142787686
104.2059,disk5,25103730653184,50557512,455677913169675
104.2059,disk5w,225980416,35966,1254168700
104.2059,disk4,29525559620608,29566101,342097595608544
104.2059,disk4w,1447521736704,1489953,590221765111
104.2059,disk8,41345132578816,67157793,705617108571298
104.2059,disk8w,4128768,601,984243925
104.2059,ram,317538304,64750845952,276951
104.2059,cpu,14867585,21346411,513570092
104.2059,gpu,0,0,0
104.4075,disk0,876637263630336,1967094024,12424471905060065
104.4075,disk0w,1977571131392,18764318,1160142787686
104.4075,disk5,25104519231488,50559086,455683722650226
104.4075,disk5w,225980416,35966,1254168700
104.4075,disk4,29526051402752,29566605,342098268321373
104.4075,disk4w,1447521736704,1489953,590221765111
104.4075,disk8,41346496579584,67160159,705631994424614
104.4075,disk8w,4128768,601,984243925
104.4075,ram,317538304,64750845952,276951
104.4075,cpu,14867585,21346411,513570092
104.4075,gpu,49,0,0
104.6101,disk0,876639137435648,1967098010,12424480457800601
104.6101,disk0w,1977571131392,18764318,1160142787686
104.6101,disk5,25105209358336,50560435,455687425042645
104.6101,disk5w,225980416,35966,1254168700
104.6101,disk4,29526446584832,29567010,342098717709609
104.6101,disk4w,1447521736704,1489953,590221765111
104.6101,disk8,41347855124480,67162848,705653766708069
104.6101,disk8w,4128768,601,984243925
104.6101,ram,317538304,64750845952,276951
104.6101,cpu,14867585,21346411,513570092
104.6101,gpu,0,0,0
104.8010,disk0,876641431994368,1967102854,12424496952374737
104.8010,disk0w,1977571131392,18764318,1160142787686
104.8010,disk5,25105843681280,50561688,455691095598837
104.8010,disk5w,225980416,35966,1254168700
104.8010,disk4,29527008621568,29567586,342099399525753
104.8010,disk4w,1447521736704,1489953,590221765111
104.8010,disk8,41348962486272,67164740,705662254726351
104.8010,disk8w,4128768,601,984243925
104.8010,ram,317538304,64750845952,276951
104.8010,cpu,14867585,21346411,513570092
104.8010,gpu,0,0,0
105.0101,disk0,876643378909184,1967107604,12424505433335249
105.0101,disk0w,1977571131392,18764318,1160142787686
105.0101,disk5,25106658580480,50563297,455700907956641
105.0101,disk5w,225980416,35966,1254168700
105.0101,disk4,29527505646592,29568095,342099954228042
105.0101,disk4w,1447521736704,1489953,590221765111
105.0101,disk8,41350285101056,67167440,705679054069618
105.0101,disk8w,4128768,601,984243925
105.0101,ram,327270400,63221530624,276951
105.0101,cpu,14867600,21346510,513571690
105.0101,gpu,0,0,0
105.2087,disk0,876645015056384,1967110857,12424512985315747
105.2087,disk0w,1977571131392,18764318,1160142787686
105.2087,disk5,25107404339200,50564823,455708814145157
105.2087,disk5w,225980416,35966,1254168700
105.2087,disk4,29528053593088,29568657,342101147965144
105.2087,disk4w,1447521736704,1489953,590221765111
105.2087,disk8,41351360350208,67169210,705690751289162
105.2087,disk8w,4128768,601,984243925
105.2087,ram,327270400,63221530624,276951
105.2087,cpu,14867600,21346510,513571690
105.2087,gpu,0,0,0
105.4101,disk0,876647267479552,1967114785,12424522951361526
105.4101,disk0w,1977571131392,18764318,1160142787686
105.4101,disk5,25108062885888,50566173,455713040837932
105.4101,disk5w,225980416,35966,1254168700
105.4101,disk4,29528717865984,29569338,342102134765536
105.4101,disk4w,1447521736704,1489953,590221765111
105.4101,disk8,41352737884160,67170807,705700413977589
105.4101,disk8w,4128768,601,984243925
105.4101,ram,327270400,63221530624,276951
105.4101,cpu,14867600,21346510,513571690
105.4101,gpu,0,0,0
105.6065,disk0,876649586913280,1967118819,12424533249299030
105.6065,disk0w,1977571131392,18764318,1160142787686
105.6065,disk5,25108864808960,50567816,455719415311750
105.6065,disk5w,225980416,35966,1254168700
105.6065,disk4,29529221575680,29569854,342102864643565
105.6065,disk4w,1447521736704,1489953,590221765111
105.6065,disk8,41354033629184,67172731,705710662928443
105.6065,disk8w,4128768,601,984243925
105.6065,ram,327270400,63221530624,276951
105.6065,cpu,14867600,21346510,513571690
105.6065,gpu,0,0,0
105.8101,disk0,876651947847680,1967123479,12424544468972125
105.8101,disk0w,1977571131392,18764318,1160142787686
105.8101,disk5,25109527033856,50569167,455724903357185
105.8101,disk5w,225980416,35966,1254168700
105.8101,disk4,29529766048768,29570412,342103482932250
105.8101,disk4w,1447521736704,1489953,590221765111
105.8101,disk8,41355441686528,67174810,705722242965087
105.8101,disk8w,4128768,601,984243925
105.8101,ram,327270400,63221530624,276951
105.8101,cpu,14867600,21346510,513571690
105.8101,gpu,0,0,0
106.0101,disk0,876654314270720,1967128474,12424558215259792
106.0101,disk0w,1977571131392,18764318,1160142787686
106.0101,disk5,25110138271744,50570352,455728805016636
106.0101,disk5w,225980416,35966,1254168700
106.0101,disk4,29530275001344,29570933,342104115451910
106.0101,disk4w,1447521736704,1489953,590221765111
106.0101,disk8,41356748654592,67177596,705738122952362
106.0101,disk8w,4128768,601,984243925
106.0101,ram,328990720,64718667776,276951
106.0101,cpu,14867618,21346610,513573426
106.0101,gpu,0,0,0
106.2101,disk0,876656542511104,1967133152,12424570834608971
106.2101,disk0w,1977571131392,18764318,1160142787686
106.2101,disk5,25110915217408,50571893,455733527977736
106.2101,disk5w,225980416,35966,1254168700
106.2101,disk4,29530846213120,29571519,342104855151670
106.2101,disk4w,1447521736704,1489953,590221765111
106.2101,disk8,41358033913856,67180048,705753016253792
106.2101,disk8w,4128768,601,984243925
106.2101,ram,328990720,64718667776,276951
106.2101,cpu,14867618,21346610,513573426
106.2101,gpu,0,0,0
106.4101,disk0,876658580537344,1967138196,12424580231584966
106.4101,disk0w,1977571131392,18764318,1160142787686
106.4101,disk5,25111498471424,50573043,455736739418311
106.4101,disk5w,225980416,35966,1254168700
106.4101,disk4,29531346777088,29572032,342105463104001
106.4101,disk4w,1447521736704,1489953,590221765111
106.4101,disk8,41359363983360,67182208,705767982979660
106.4101,disk8w,4128768,601,984243925
106.4101,ram,328990720,64718667776,276951
106.4101,cpu,14867618,21346610,513573426
106.4101,gpu,0,0,0
106.6086,disk0,876660288372736,1967141259,12424590280761942
106.6086,disk0w,1977571139584,18764320,1160142827186
106.6086,disk5,25112246999040,50574538,455743553377695
106.6086,disk5w,225980416,35966,1254168700
106.6086,disk4,29531785802752,29572482,342106321655974
106.6086,disk4w,1447521736704,1489953,590221765111
106.6086,disk8,41360347256832,67184221,705777649491274
106.6086,disk8w,4128768,601,984243925
106.6086,ram,328990720,64718667776,276951
106.6086,cpu,14867618,21346610,513573426
106.6086,gpu,0,0,0
106.8017,disk0,876662428954624,1967145332,12424599245861251
106.8017,disk0w,1977571139584,18764320,1160142827186
106.8017,disk5,25113143719936,50576377,455752448050096
106.8017,disk5w,225980416,35966,1254168700
106.8017,disk4,29532400530432,29573112,342107093775011
106.8017,disk4w,1447521736704,1489953,590221765111
106.8017,disk8,41361586837504,67186081,705787490961459
106.8017,disk8w,4128768,601,984243925
106.8017,ram,328990720,64718667776,276951
106.8017,cpu,14867618,21346610,513573426
106.8017,gpu,0,0,0
107.0028,disk0,876664411500544,1967148463,12424605332623093
107.0028,disk0w,1977571139584,18764320,1160142827186
107.0028,disk5,25114021083136,50578175,455759555850996
107.0028,disk5w,225980416,35966,1254168700
107.0028,disk4,29532980130816,29573706,342107826403184
107.0028,disk4w,1447521736704,1489953,590221765111
107.0028,disk8,41362940614656,67187800,705797800296780
107.0028,disk8w,4128768,601,984243925
107.0028,ram,325435392,64754843648,276951
107.0028,cpu,14867644,21346741,513575121
107.0028,gpu,0,0,0
107.2101,disk0,876666905509888,1967153518,12424621020660778
107.2101,disk0w,1977571139584,18764320,1160142827186
107.2101,disk5,25114807187456,50579785,455764866557961
107.2101,disk5w,225980416,35966,1254168700
107.2101,disk4,29533700240384,29574444,342108656121652
107.2101,disk4w,1447521736704,1489953,590221765111
107.2101,disk8,41364246222848,67189784,705807586290531
107.2101,disk8w,4128768,601,984243925
107.2101,ram,325435392,64754843648,276951
107.2101,cpu,14867644,21346741,513575121
107.2101,gpu,49,5,0
107.4101,disk0,876668942401536,1967157666,12424630407413240
107.4101,disk0w,1977571139584,18764320,1160142827186
107.4101,disk5,25115525052416,50581217,455769856210013
107.4101,disk5w,225980416,35966,1254168700
107.4101,disk4,29534279840768,29575038,342109355712959
107.4101,disk4w,1447521736704,1489953,590221765111
107.4101,disk8,41365574277120,67192355,705824427498337
107.4101,disk8w,4128768,601,984243925
107.4101,ram,325435392,64754843648,276951
107.4101,cpu,14867644,21346741,513575121
107.4101,gpu,0,0,0
107.6016,disk0,876670954749952,1967161536,12424638963999023
107.6016,disk0w,1977571139584,18764320,1160142827186
107.6016,disk5,25116251961344,50582641,455773446284959
107.6016,disk5w,225980416,35966,1254168700
107.6016,disk4,29534692586496,29575461,342109896842029
107.6016,disk4w,1447521736704,1489953,590221765111
107.6016,disk8,41366878099456,67194846,705841261125096
107.6016,disk8w,4128768,601,984243925
107.6016,ram,325435392,64754843648,276951
107.6016,cpu,14867644,21346741,513575121
107.6016,gpu,0,0,0
107.8101,disk0,876673231835136,1967167124,12424657793875692
107.8101,disk0w,1977571139584,18764320,1160142827186
107.8101,disk5,25116951476224,50584025,455777498590125
107.8101,disk5w,225980416,35966,1254168700
107.8101,disk4,29535181878272,29575962,342110479565729
107.8101,disk4w,1447521736704,1489953,590221765111
107.8101,disk8,41368089630720,67196738,705851573294254
107.8101,disk8w,4128768,601,984243925
107.8101,ram,325435392,64754843648,276951
107.8101,cpu,14867644,21346741,513575121
107.8101,gpu,0,0,0
108.0101,disk0,876674768289792,1967170440,12424663351977641
108.0101,disk0w,1977571139584,18764320,1160142827186
108.0101,disk5,25117600438272,50585306,455782916335358
108.0101,disk5w,225980416,35966,1254168700
108.0101,disk4,29535693714432,29576487,342111096787061
108.0101,disk4w,1447521736704,1489953,590221765111
108.0101,disk8,41369427531776,67199474,705874657002120
108.0101,disk8w,4128768,601,984243925
108.0101,ram,90718208,63411879936,276951
108.0101,cpu,14867683,21346848,513576689
108.0101,gpu,0,0,0
108.2101,disk0,876676335767552,1967173442,12424670055007058
108.2101,disk0w,1977571139584,18764320,1160142827186
108.2101,disk5,25118361933824,50586858,455794599144890
108.2101,disk5w,225980416,35966,1254168700
108.2101,disk4,29536051229696,29576853,342111722647024
108.2101,disk4w,1447521736704,1489953,590221765111
108.2101,disk8,41370429020160,67201161,705884525986236
108.2101,disk8w,4128768,601,984243925
108.2101,ram,90718208,63411879936,276951
108.2101,cpu,14867683,21346848,513576689
108.2101,gpu,0,0,0
108.4091,disk0,876678241964032,1967176640,12424676386841261
108.4091,disk0w,1977571139584,18764320,1160142827186
108.4091,disk5,25119145949184,50588465,455804771077583
108.4091,disk5w,225980416,35966,1254168700
108.4091,disk4,29536624538624,29577441,342112420810237
108.4091,disk4w,1447521736704,1489953,590221765111
108.4091,disk8,41371709708288,67202851,705894198327125
108.4091,disk8w,4128768,601,984243925
108.4091,ram,90718208,63411879936,276951
108.4091,cpu,14867683,21346848,513576689
108.4091,gpu,32,3,0
108.6101,disk0,876680264015872,1967180102,12424683307711582
108.6101,disk0w,1977571794944,18764341,1160143195307
108.6101,disk5,25120015955968,50590249,455814145347456
108.6101,disk5w,225980416,35966,1254168700
108.6101,disk4,29537169011712,29577999,342113037093578
108.6101,disk4w,1447521736704,1489953,590221765111
108.6101,disk8,41373034944512,67204587,705903931053636
108.6101,disk8w,4128768,601,984243925
108.6101,ram,90718208,63411879936,276951
108.6101,cpu,14867683,21346848,513576689
108.6101,gpu,0,0,0
108.8101,disk0,876682284802048,1967184168,12424692861078408
108.8101,disk0w,1977571794944,18764341,1160143195307
108.8101,disk5,25120855750656,50591970,455820519266544
108.8101,disk5w,225980416,35966,1254168700
108.8101,disk4,29537871557632,29578719,342113951820293
108.8101,disk4w,1447521736704,1489953,590221765111
108.8101,disk8,41374377711616,67206620,705916751957711
108.8101,disk8w,4128768,601,984243925
108.8101,ram,90718208,63411879936,276951
108.8101,cpu,14867683,21346848,513576689
108.8101,gpu,0,0,0
109.0096,disk0,876684273352704,1967188151,12424701649910613
109.0096,disk0w,1977572675584,18764529,1160147353121
109.0096,disk5,25121592735744,50593404,455824319029676
109.0096,disk5w,225980416,35966,1254168700
109.0096,disk4,29538345776128,29579205,342114495593956
109.0096,disk4w,1447521736704,1489953,590221765111
109.0096,disk8,41375740090368,67209423,705937604269110
109.0096,disk8w,4128768,601,984243925
109.0096,ram,72433664,65172832256,276993
109.0096,cpu,14867712,21346947,513578344
109.0096,gpu,21,0,0
109.2101,disk0,876686688894976,1967193259,12424718762943258
109.2101,disk0w,1977572675584,18764529,1160147353121
109.2101,disk5,25122347268096,50594895,455829086258252
109.2101,disk5w,225980416,35966,1254168700
109.2101,disk4,29538926425088,29579800,342115154030198
109.2101,disk4w,1447521736704,1489953,590221765111
109.2101,disk8,41376853137408,67211487,705947939347772
109.2101,disk8w,4128768,601,984243925
109.2101,ram,72433664,65172832256,276993
109.2101,cpu,14867712,21346947,513578344
109.2101,gpu,0,0,0
109.4033,disk0,876689028141056,1967198554,12424731637929831
109.4033,disk0w,1977572675584,18764529,1160147353121
109.4033,disk5,25123149584384,50596482,455835676757490
109.4033,disk5w,225980416,35966,1254168700
109.4033,disk4,29539425940480,29580312,342115740635184
109.4033,disk4w,1447521736704,1489953,590221765111
109.4033,disk8,41378122782720,67213650,705957470887940
109.4033,disk8w,4128768,601,984243925
109.4033,ram,72433664,65172832256,276993
109.4033,cpu,14867712,21346947,513578344
109.4033,gpu,0,0,0
109.6063,disk0,876690771795968,1967202151,12424740816800743
109.6063,disk0w,1977572675584,18764529,1160147353121
109.6063,disk5,25123947755520,50598085,455841627848263
109.6063,disk5w,225980416,35966,1254168700
109.6063,disk4,29539996693504,29580897,342116744431240
109.6063,disk4w,1447521736704,1489953,590221765111
109.6063,disk8,41379290421248,67215917,705970991773030
109.6063,disk8w,4128768,601,984243925
109.6063,ram,72433664,65172832256,276993
109.6063,cpu,14867712,21346947,513578344
109.6063,gpu,0,0,0
109.8015,disk0,876692882595840,1967208938,12424753118571379
109.8015,disk0w,1977572675584,18764529,1160147353121
109.8015,disk5,25124698617856,50599625,455845798461985
109.8015,disk5w,225980416,35966,1254168700
109.8015,disk4,29540549948416,29581464,342117415778963
109.8015,disk4w,1447521736704,1489953,590221765111
109.8015,disk8,41380624062464,67217755,705982740634414
109.8015,disk8w,4128768,601,984243925
109.8015,ram,72433664,65172832256,276993
109.8015,cpu,14867712,21346947,513578344
109.8015,gpu,0,0,0
110.0101,disk0,876695196459008,1967212439,12424762413067246
110.0101,disk0w,1977573216256,18764613,1160149068176
110.0101,disk5,25125390686208,50601041,455848929966429
110.0101,disk5w,225980416,35966,1254168700
110.0101,disk4,29541076857856,29582004,342118055181576
110.0101,disk4w,1447521736704,1489953,590221765111
110.0101,disk8,41381939599360,67219416,705994457437021
110.0101,disk8w,4128768,601,984243925
110.0101,ram,76464128,64970506240,276993
110.0101,cpu,14867732,21347067,513580131
110.0101,gpu,0,0,0
110.2101,disk0,876697545433088,1967216931,12424775733410580
110.2101,disk0w,1977573216256,18764613,1160149068176
110.2101,disk5,25126113515520,50602525,455853402906007
110.2101,disk5w,225980416,35966,1254168700
110.2101,disk4,29541736543232,29582680,342118869638891
110.2101,disk4w,1447521736704,1489953,590221765111
110.2101,disk8,41383220238336,67221416,706004147117920
110.2101,disk8w,4128768,601,984243925
110.2101,ram,76464128,64970506240,276993
110.2101,cpu,14867732,21347067,513580131
110.2101,gpu,0,0,0
110.4101,disk0,876699783393280,1967221812,12424787677976405
110.4101,disk0w,1977573216256,18764613,1160149068176
110.4101,disk5,25126681458688,50603668,455857002901753
110.4101,disk5w,225980416,35966,1254168700
110.4101,disk4,29542394131456,29583354,342119745969413
110.4101,disk4w,1447521736704,1489953,590221765111
110.4101,disk8,41384586618880,67223813,706019110814151
110.4101,disk8w,4128768,601,984243925
110.4101,ram,76464128,64970506240,276993
110.4101,cpu,14867732,21347067,513580131
110.4101,gpu,32,0,0
110.6101,disk0,876701950341120,1967225984,12424799481085440
110.6101,disk0w,1977573216256,18764613,1160149068176
110.6101,disk5,25127348254720,50604968,455862100071367
110.6101,disk5w,225980416,35966,1254168700
110.6101,disk4,29542894695424,29583867,342120354112702
110.6101,disk4w,1447521736704,1489953,590221765111
110.6101,disk8,41385861031936,67226369,706035336712023
110.6101,disk8w,4128768,601,984243925
110.6101,ram,76464128,64970506240,276993
110.6101,cpu,14867732,21347067,513580131
110.6101,gpu,0,0,0
110.8101,disk0,876704382341120,1967231259,12424817318239708
110.8101,disk0w,1977573216256,18764613,1160149068176
110.8101,disk5,25127892219904,50606045,455864502896132
110.8101,disk5w,225980416,35966,1254168700
110.8101,disk4,29543342568448,29584326,342120849638127
110.8101,disk4w,1447521736704,1489953,590221765111
110.8101,disk8,41387169835008,67228819,706047960334400
110.8101,disk8w,4128768,601,984243925
110.8101,ram,76464128,64970506240,276993
110.8101,cpu,14867732,21347067,513580131
110.8101,gpu,28,0,0
111.0011,disk0,876706407145472,1967237128,12424827443261212
111.0011,disk0w,1977573216256,18764613,1160149068176
111.0011,disk5,25128699394048,50607635,455872337237599
111.0011,disk5w,225980416,35966,1254168700
111.0011,disk4,29543860696064,29584857,342121514053370
111.0011,disk4w,1447521736704,1489953,590221765111
111.0011,disk8,41388307961856,67231090,706061275222018
111.0011,disk8w,4128768,601,984243925
111.0011,ram,126926848,63105400832,276993
111.0011,cpu,14867749,21347168,513581727
111.0011,gpu,0,0,0
111.2026,disk0,876708398358528,1967241127,12424840719632471
111.2026,disk0w,1977573216256,18764613,1160149068176
111.2026,disk5,25129348642816,50608955,455877422004863
111.2026,disk5w,225980416,35966,1254168700
111.2026,disk4,29544370009088,29585379,342122145958905
111.2026,disk4w,1447521736704,1489953,590221765111
111.2026,disk8,41389377181696,67232972,706072135332891
111.2026,disk8w,4128768,601,984243925
111.2026,ram,126926848,63105400832,276993
111.2026,cpu,14867749,21347168,513581727
111.2026,gpu,29,1,0
111.4083,disk0,876710460989440,1967247449,12424851876560542
111.4083,disk0w,1977573216256,18764613,1160149068176
111.4083,disk5,25130181466112,50610663,455885217628725
111.4083,disk5w,225980416,35966,1254168700
111.4083,disk4,29545002300416,29586027,342123107994475
111.4083,disk4w,1447521736704,1489953,590221765111
111.4083,disk8,41390716639232,67234662,706080378491625
111.4083,disk8w,4128768,601,984243925
111.4083,ram,126926848,63105400832,276993
111.4083,cpu,14867749,21347168,513581727
111.4083,gpu,27,0,0
111.6071,disk0,876712677453824,1967251123,12424862317749911
111.6071,disk0w,1977573216256,18764613,1160149068176
111.6071,disk5,25130875254784,50612083,455889635193642
111.6071,disk5w,225980416,35966,1254168700
111.6071,disk4,29545494082560,29586531,342123651006808
111.6071,disk4w,1447521736704,1489953,590221765111
111.6071,disk8,41392074283008,67236516,706092111895304
111.6071,disk8w,4128768,601,984243925
111.6071,ram,126926848,63105400832,276993
111.6071,cpu,14867749,21347168,513581727
111.6071,gpu,32,0,0
111.8101,disk0,876714828824576,1967255806,12424872314451100
111.8101,disk0w,1977573216256,18764613,1160149068176
111.8101,disk5,25131688335360,50613748,455894493040922
111.8101,disk5w,225980416,35966,1254168700
111.8101,disk4,29546153767936,29587207,342124530839994
111.8101,disk4w,1447521736704,1489953,590221765111
111.8101,disk8,41393467971584,67238530,706105338459176
111.8101,disk8w,4128768,601,984243925
111.8101,ram,126926848,63105400832,276993
111.8101,cpu,14867749,21347168,513581727
111.8101,gpu,0,0,0
112.0101,disk0,876716872884224,1967259765,12424882729699879
112.0101,disk0w,1977573216256,18764613,1160149068176
112.0101,disk5,25132401358848,50615140,455899665871479
112.0101,disk5w,225980416,35966,1254168700
112.0101,disk4,29546705974272,29587773,342125187949391
112.0101,disk4w,1447521736704,1489953,590221765111
112.0101,disk8,41394773104640,67241073,706121851658006
112.0101,disk8w,4128768,601,984243925
112.0101,ram,220102656,64628719616,276993
112.0101,cpu,14867771,21347278,513583310
112.0101,gpu,31,0,0
112.2101,disk0,876719035490304,1967264360,12424894134872819
112.2101,disk0w,1977573216256,18764613,1160149068176
112.2101,disk5,25133205518336,50616720,455905447174742
112.2101,disk5w,225980416,35966,1254168700
112.2101,disk4,29547320701952,29588403,342125887437592
112.2101,disk4w,1447521736704,1489953,590221765111
112.2101,disk8,41396067588096,67243586,706136839715677
112.2101,disk8w,4128768,601,984243925
112.2101,ram,220102656,64628719616,276993
112.2101,cpu,14867771,21347278,513583310
112.2101,gpu,0,0,0
112.4053,disk0,876721092452352,1967269186,12424904162800071
112.4053,disk0w,1977573216256,18764613,1160149068176
112.4053,disk5,25134007449600,50618310,455912025374427
112.4053,disk5w,225980416,35966,1254168700
112.4053,disk4,29547838829568,29588934,342126497993917
112.4053,disk4w,1447521736704,1489953,590221765111
112.4053,disk8,41397341198336,67245652,706148420972029
112.4053,disk8w,4128768,601,984243925
112.4053,ram,220102656,64628719616,276993
112.4053,cpu,14867771,21347278,513583310
112.4053,gpu,45,0,0
112.6040,disk0,876722771599360,1967272299,12424913510187297
112.6040,disk0w,1977574125568,18764694,1160150367859
112.6040,disk5,25134681585664,50619658,455917714930097
112.6040,disk5w,225980416,35966,1254168700
112.6040,disk4,29548356875264,29589465,342127933749870
112.6040,disk4w,1447521736704,1489953,590221765111
112.6040,disk8,41398419609600,67247922,706161325798768
112.6040,disk8w,4128768,601,984243925
112.6040,ram,220102656,64628719616,276993
112.6040,cpu,14867771,21347278,513583310
112.6040,gpu,0,0,0
112.8101,disk0,876725107847168,1967276690,12424926835950863
112.8101,disk0w,1977574125568,18764694,1160150367859
112.8101,disk5,25135332276224,50620993,455920972475693
112.8101,disk5w,225980416,35966,1254168700
112.8101,disk4,29548926252032,29590048,342128580201967
112.8101,disk4w,1447521736704,1489953,590221765111
112.8101,disk8,41399762016256,67249757,706173092000901
112.8101,disk8w,4128768,601,984243925
112.8101,ram,220102656,64628719616,276993
112.8101,cpu,14867771,21347278,513583310
112.8101,gpu,0,0,0
113.0101,disk0,876727178321920,1967279943,12424936046912307
113.0101,disk0w,1977574219776,18764701,1160150500900
113.0101,disk5,25136148617216,50622664,455928338155711
113.0101,disk5w,225980416,35966,1254168700
113.0101,disk4,29549489730560,29590626,342129352747654
113.0101,disk4w,1447521736704,1489953,590221765111
113.0101,disk8,41401000876032,67251298,706181613415033
113.0101,disk8w,4128768,601,984243925
113.0101,ram,270942208,64612237312,276993
113.0101,cpu,14867800,21347407,513585075
113.0101,gpu,22,0,0
113.2027,disk0,876729484754944,1967284275,12424947699737878
113.2027,disk0w,1977577283584,18764848,1160154182057
113.2027,disk5,25136925685760,50624257,455932799211349
113.2027,disk5w,225980416,35966,1254168700
113.2027,disk4,29550218621952,29591373,342130453744856
113.2027,disk4w,1447521736704,1489953,590221765111
113.2027,disk8,41402251614208,67253419,706192969281972
113.2027,disk8w,4128768,601,984243925
113.2027,ram,270942208,64612237312,276993
113.2027,cpu,14867800,21347407,513585075
113.2027,gpu,0,0,0
113.4096,disk0,876731502166016,1967288376,12424957986981499
113.4096,disk0w,1977577283584,18764848,1160154182057
113.4096,disk5,25137709938688,50625819,455938735561049
113.4096,disk5w,225980416,35966,1254168700
113.4096,disk4,29550843180032,29592013,342131183624977
113.4096,disk4w,1447521736704,1489953,590221765111
113.4096,disk8,41403614992384,67255972,706209019852794
113.4096,disk8w,4128768,601,984243925
113.4096,ram,270942208,64612237312,276993
113.4096,cpu,14867800,21347407,513585075
113.4096,gpu,0,0,0
113.6101,disk0,876733407002624,1967292278,12424966159930738
113.6101,disk0w,1977577283584,18764848,1160154182057
113.6101,disk5,25138313377792,50627001,455941580758830
113.6101,disk5w,225980416,35966,1254168700
113.6101,disk4,29551260120064,29592440,342131618647240
113.6101,disk4w,1447521736704,1489953,590221765111
113.6101,disk8,41405014775808,67258887,706232786327658
113.6101,disk8w,4128768,601,984243925
113.6101,ram,270942208,64612237312,276993
113.6101,cpu,14867800,21347407,513585075
113.6101,gpu,0,0,0
113.8101,disk0,876735413780480,1967296989,12424977305674552
113.8101,disk0w,1977577283584,18764848,1160154182057
113.8101,disk5,25139287390208,50628931,455952209695163
113.8101,disk5w,225980416,35966,1254168700
113.8101,disk4,29551869604864,29593065,342132376961038
113.8101,disk4w,1447521736704,1489953,590221765111
113.8101,disk8,41406167357440,67260813,706241672989644
113.8101,disk8w,4128768,601,984243925
113.8101,ram,270942208,64612237312,276993
113.8101,cpu,14867800,21347407,513585075
113.8101,gpu,0,0,0
114.0101,disk0,876737400705024,1967301385,12424986800401141
114.0101,disk0w,1977577283584,18764848,1160154182057
114.0101,disk5,25140166572032,50630677,455959754905537
114.0101,disk5w,225980416,35966,1254168700
114.0101,disk4,29552405296128,29593614,342133050343146
114.0101,disk4w,1447521736704,1489953,590221765111
114.0101,disk8,41407430531072,67263473,706256364087051
114.0101,disk8w,4128768,601,984243925
114.0101,ram,315670528,62835228672,276993
114.0101,cpu,14867817,21347520,513586728
114.0101,gpu,0,0,0
114.2101,disk0,876739334217728,1967308643,12425000682950425
114.2101,disk0w,1977577283584,18764848,1160154182057
114.2101,disk5,25140860876800,50632100,455964963868995
114.2101,disk5w,225980416,35966,1254168700
114.2101,disk4,29553063834624,29594289,342134913101463
114.2101,disk4w,1447521736704,1489953,590221765111
114.2101,disk8,41408432052224,67264967,706264943667665
114.2101,disk8w,4128768,601,984243925
114.2101,ram,315670528,62835228672,276993
114.2101,cpu,14867817,21347520,513586728
114.2101,gpu,0,0,0
114.4101,disk0,876741708029952,1967312642,12425012772047607
114.4101,disk0w,1977577283584,18764848,1160154182057
114.4101,disk5,25141447522304,50633303,455968627788681
114.4101,disk5w,225980416,35966,1254168700
114.4101,disk4,29553643435008,29594883,342135647169389
114.4101,disk4w,1447521736704,1489953,590221765111
114.4101,disk8,41409716541440,67266494,706273754192815
114.4101,disk8w,4128768,601,984243925
114.4101,ram,315670528,62835228672,276993
114.4101,cpu,14867817,21347520,513586728
114.4101,gpu,0,0,0
114.6042,disk0,876743949279232,1967316632,12425024977320731
114.6042,disk0w,1977577283584,18764848,1160154182057
114.6042,disk5,25141947627520,50634328,455970840081346
114.6042,disk5w,225980416,35966,1254168700
114.6042,disk4,29554170344448,29595423,342136256347297
114.6042,disk4w,1447521736704,1489953,590221765111
114.6042,disk8,41411047659520,67268468,706287064653487
114.6042,disk8w,4128768,601,984243925
114.6042,ram,315670528,62835228672,276993
114.6042,cpu,14867817,21347520,513586728
114.6042,gpu,41,0,0
114.8057,disk0,876746035191808,1967320748,12425033240267425
114.8057,disk0w,1977577283584,18764848,1160154182057
114.8057,disk5,25142852745216,50636175,455977971527805
114.8057,disk5w,225980416,35966,1254168700
114.8057,disk4,29554741163008,29596008,342136918050677
114.8057,disk4w,1447521736704,1489953,590221765111
114.8057,disk8,41412377860096,67270618,706300427219104
114.8057,disk8w,4128768,601,984243925
114.8057,ram,315670528,62835228672,276993
114.8057,cpu,14867817,21347520,513586728
114.8057,gpu,0,0,0
115.0056,disk0,876748468559872,1967325833,12425051403990883
115.0056,disk0w,1977577283584,18764848,1160154182057
115.0056,disk5,25143368955904,50637175,455980177560508
115.0056,disk5w,225980416,35966,1254168700
115.0056,disk4,29555391017984,29596674,342137857590831
115.0056,disk4w,1447521736704,1489953,590221765111
115.0056,disk8,41413606840320,67273261,706314679996559
115.0056,disk8w,4128768,601,984243925
115.0056,ram,353075200,64524288000,276993
115.0056,cpu,14867835,21347623,513588391
115.0056,gpu,0,0,0
115.2066,disk0,876750281203712,1967329702,12425059781660207
115.2066,disk0w,1977577283584,18764848,1160154182057
115.2066,disk5,25144149817344,50638718,455985208203244
115.2066,disk5w,225980416,35966,1254168700
115.2066,disk4,29555909145600,29597205,342138495473115
115.2066,disk4w,1447521736704,1489953,590221765111
115.2066,disk8,41415008950272,67275861,706333751349813
115.2066,disk8w,4128768,601,984243925
115.2066,ram,353075200,64524288000,276993
115.2066,cpu,14867835,21347623,513588391
115.2066,gpu,34,3,0
115.4101,disk0,876752461647872,1967339123,12425077744789893
115.4101,disk0w,1977577299968,18764849,1160154236932
115.4101,disk5,25144728877056,50639863,455987767603786
115.4101,disk5w,225980416,35966,1254168700
115.4101,disk4,29556404073472,29597712,342139031945986
115.4101,disk4w,1447521736704,1489953,590221765111
115.4101,disk8,41416202442752,67277903,706347222527811
115.4101,disk8w,4128768,601,984243925
115.4101,ram,353075200,64524288000,276993
115.4101,cpu,14867835,21347623,513588391
115.4101,gpu,31,0,0
115.6038,disk0,876754051420160,1967342095,12425085464164798
115.6038,disk0w,1977577299968,18764849,1160154236932
115.6038,disk5,25145536051200,50641472,455997259097128
115.6038,disk5w,225980416,35966,1254168700
115.6038,disk4,29556883862528,29598204,342140160266863
115.6038,disk4w,1447521736704,1489953,590221765111
115.6038,disk8,41417123305472,67279907,706356997618628
115.6038,disk8w,4128768,601,984243925
115.6038,ram,353075200,64524288000,276993
115.6038,cpu,14867835,21347623,513588391
115.6038,gpu,0,0,0
115.8101,disk0,876756224659456,1967351203,12425097453706907
115.8101,disk0w,1977577299968,18764849,1160154236932
115.8101,disk5,25146400585728,50643242,456002001254032
115.8101,disk5w,225980416,35966,1254168700
115.8101,disk4,29557511566336,29598847,342141043472681
115.8101,disk4w,1447521736704,1489953,590221765111
115.8101,disk8,41418567555072,67282083,706371028155858
115.8101,disk8w,4128768,601,984243925
115.8101,ram,353075200,64524288000,276993
115.8101,cpu,14867835,21347623,513588391
115.8101,gpu,0,0,0
116.0101,disk0,876758400159744,1967354495,12425106337872074
116.0101,disk0w,1977577299968,18764849,1160154236932
116.0101,disk5,25147087263744,50644649,456006081784229
116.0101,disk5w,225980416,35966,1254168700
116.0101,disk4,29558148445184,29599500,342141812105011
116.0101,disk4w,1447521736704,1489953,590221765111
116.0101,disk8,41419820439552,67283563,706381033222443
116.0101,disk8w,4128768,601,984243925
116.0101,ram,405061632,64571834368,276993
116.0101,cpu,14867856,21347735,513589970
116.0101,gpu,0,0,0
116.2101,disk0,876760755785728,1967358829,12425117693653326
116.2101,disk0w,1977577299968,18764849,1160154236932
116.2101,disk5,25147659270144,50645822,456009102344200
116.2101,disk5w,225980416,35966,1254168700
116.2101,disk4,29558802494464,29600170,342142691415076
116.2101,disk4w,1447521736704,1489953,590221765111
116.2101,disk8,41421201790976,67285704,706394257152412
116.2101,disk8w,4128768,601,984243925
116.2101,ram,405061632,64571834368,276993
116.2101,cpu,14867856,21347735,513589970
116.2101,gpu,0,0,0
116.4101,disk0,876762765578240,1967362889,12425127459613176
116.4101,disk0w,1977577299968,18764849,1160154236932
116.4101,disk5,25148400449536,50647304,456013218611310
116.4101,disk5w,225980416,35966,1254168700
116.4101,disk4,29559330452480,29600711,342143321504394
116.4101,disk4w,1447521736704,1489953,590221765111
116.4101,disk8,41422528321536,67287862,706410434862284
116.4101,disk8w,4128768,601,984243925
116.4101,ram,405061632,64571834368,276993
116.4101,cpu,14867856,21347735,513589970
116.4101,gpu,0,0,0
116.6101,disk0,876764932575232,1967367385,12425138602971846
116.6101,disk0w,1977577299968,18764849,1160154236932
116.6101,disk5,25149040408576,50648554,456016507104346
116.6101,disk5w,225980416,35966,1254168700
116.6101,disk4,29559896028160,29601291,342144053640487
116.6101,disk4w,1447521736704,1489953,590221765111
116.6101,disk8,41423877150720,67290741,706430143426967
116.6101,disk8w,4128768,601,984243925
116.6101,ram,405061632,64571834368,276993
116.6101,cpu,14867856,21347735,513589970
116.6101,gpu,0,0,0
116.8101,disk0,876766929604608,1967371815,12425147392554843
116.8101,disk0w,1977577299968,18764849,1160154236932
116.8101,disk5,25149998454784,50650450,456023905619636
116.8101,disk5w,225980416,35966,1254168700
116.8101,disk4,29560422937600,29601831,342144661551898
116.8101,disk4w,1447521736704,1489953,590221765111
116.8101,disk8,41425248114688,67293027,706442826604414
116.8101,disk8w,4128768,601,984243925
116.8101,ram,405061632,64571834368,276993
116.8101,cpu,14867856,21347735,513589970
116.8101,gpu,0,0,0
117.0061,disk0,876769021935616,1967376303,12425160327437587
117.0061,disk0w,1977577299968,18764849,1160154236932
117.0061,disk5,25150873188352,50652183,456031641290716
117.0061,disk5w,225980416,35966,1254168700
117.0061,disk4,29560897156096,29602317,342145171259229
117.0061,disk4w,1447521736704,1489953,590221765111
117.0061,disk8,41426418964480,67295461,706454865840545
117.0061,disk8w,4128768,601,984243925
117.0061,ram,429277184,62892359680,276993
117.0061,cpu,14867881,21347857,513591680
117.0061,gpu,0,0,0
117.2101,disk0,876770925469696,1967380283,12425171191094257
117.2101,disk0w,1977577299968,18764849,1160154236932
117.2101,disk5,25151572326400,50653617,456040688996917
117.2101,disk5w,225980416,35966,1254168700
117.2101,disk4,29561454556160,29602888,342146349838949
117.2101,disk4w,1447521736704,1489953,590221765111
117.2101,disk8,41427534059520,67297247,706462887899221
117.2101,disk8w,4128768,601,984243925
117.2101,ram,429277184,62892359680,276993
117.2101,cpu,14867881,21347857,513591680
117.2101,gpu,0,0,0
117.4101,disk0,876773233664000,1967384197,12425182040069960
117.4101,disk0w,1977577299968,18764849,1160154236932
117.4101,disk5,25152501569536,50655516,456049388493921
117.4101,disk5w,225980416,35966,1254168700
117.4101,disk4,29562042938368,29603491,342147085237214
117.4101,disk4w,1447521736704,1489953,590221765111
117.4101,disk8,41428796119040,67298700,706469176778480
117.4101,disk8w,4128768,601,984243925
117.4101,ram,429277184,62892359680,276993
117.4101,cpu,14867881,21347857,513591680
117.4101,gpu,0,0,0
117.6101,disk0,876775260479488,1967387813,12425187389244191
117.6101,disk0w,1977577299968,18764849,1160154236932
117.6101,disk5,25153221769216,50656993,456055402019294
117.6101,disk5w,225980416,35966,1254168700
117.6101,disk4,29562609562624,29604072,342148025065948
117.6101,disk4w,1447521736704,1489953,590221765111
117.6101,disk8,41430171260928,67300704,706483012911206
117.6101,disk8w,4128768,601,984243925
117.6101,ram,429277184,62892359680,276993
117.6101,cpu,14867881,21347857,513591680
117.6101,gpu,0,0,0
117.8096,disk0,876777343000576,1967391837,12425196274460807
117.8096,disk0w,1977577299968,18764849,1160154236932
117.8096,disk5,25153906112512,50658383,456059284016121
117.8096,disk5w,225980416,35966,1254168700
117.8096,disk4,29563303326720,29604783,342149395590917
117.8096,disk4w,1447521736704,1489953,590221765111
117.8096,disk8,41431527692288,67302828,706496194080357
117.8096,disk8w,4128768,601,984243925
117.8096,ram,429277184,62892359680,276993
117.8096,cpu,14867881,21347857,513591680
117.8096,gpu,0,0,0
118.0101,disk0,876779463188480,1967396210,12425206376332047
118.0101,disk0w,1977577299968,18764849,1160154236932
118.0101,disk5,25154713286656,50659951,456064065521151
118.0101,disk5w,225980416,35966,1254168700
118.0101,disk4,29563814769664,29605307,342149954333032
118.0101,disk4w,1447521736704,1489953,590221765111
118.0101,disk8,41432855648256,67305895,706515951163955
118.0101,disk8w,4128768,601,984243925
118.0101,ram,440696832,64475529216,276993
118.0101,cpu,14867908,21347971,513593318
118.0101,gpu,0,0,0
118.2101,disk0,876781663641600,1967400833,12425218868109600
118.2101,disk0w,1977577299968,18764849,1160154236932
118.2101,disk5,25155450271744,50661403,456068918543384
118.2101,disk5w,225980416,35966,1254168700
118.2101,disk4,29564417176576,29605924,342150724549444
118.2101,disk4w,1447521736704,1489953,590221765111
118.2101,disk8,41434097850368,67308103,706528938768410
118.2101,disk8w,4128768,601,984243925
118.2101,ram,440696832,64475529216,276993
118.2101,cpu,14867908,21347971,513593318
118.2101,gpu,0,0,0
118.4101,disk0,876783811297280,1967405704,12425228923651071
118.4101,disk0w,1977577299968,18764849,1160154236932
118.4101,disk5,25156117067776,50662725,456073479261228
118.4101,disk5w,225980416,35966,1254168700
118.4101,disk4,29564984849408,29606506,342151468588536
118.4101,disk4w,1447521736704,1489953,590221765111
118.4101,disk8,41435445336064,67310648,706545953231633
118.4101,disk8w,4128768,601,984243925
118.4101,ram,440696832,64475529216,276993
118.4101,cpu,14867908,21347971,513593318
118.4101,gpu,0,0,0
118.6078,disk0,876785653526528,1967409439,12425238454176833
118.6078,disk0w,1977577299968,18764849,1160154236932
118.6078,disk5,25156937086976,50664388,456082932628022
118.6078,disk5w,225980416,35966,1254168700
118.6078,disk4,29565476549632,29607010,342152853123244
118.6078,disk4w,1447521736704,1489953,590221765111
118.6078,disk8,41436435453952,67312319,706553735332781
118.6078,disk8w,4128768,601,984243925
118.6078,ram,440696832,64475529216,276993
118.6078,cpu,14867908,21347971,513593318
118.6078,gpu,0,0,0
118.8099,disk0,876787720695808,1967415404,12425249396253600
118.8099,disk0w,1977577299968,18764849,1160154236932
118.8099,disk5,25157775292416,50666106,456090203975354
118.8099,disk5w,225980416,35966,1254168700
118.8099,disk4,29566078301184,29607627,342153621677539
118.8099,disk4w,1447521736704,1489953,590221765111
118.8099,disk8,41437754710016,67314032,706561979261928
118.8099,disk8w,4128768,601,984243925
118.8099,ram,440696832,64475529216,276993
118.8099,cpu,14867908,21347971,513593318
118.8099,gpu,0,0,0
119.0061,disk0,876790109028352,1967419644,12425261705896948
119.0061,disk0w,1977577308160,18764851,1160154272056
119.0061,disk5,25158608410624,50667812,456095596508224
119.0061,disk5w,225980416,35966,1254168700
119.0061,disk4,29566719374336,29608284,342154406524614
119.0061,disk4w,1447521736704,1489953,590221765111
119.0061,disk8,41438973614080,67315704,706569915305909
119.0061,disk8w,4128768,601,984243925
119.0061,ram,459407360,64605356032,276993
119.0061,cpu,14867924,21348076,513594979
119.0061,gpu,0,0,0
119.2101,disk0,876792247304192,1967423837,12425272075839906
119.2101,disk0w,1977577308160,18764851,1160154272056
119.2101,disk5,25159424735232,50669487,456100613885063
119.2101,disk5w,225980416,35966,1254168700
119.2101,disk4,29567316538368,29608896,342155197468236
119.2101,disk4w,1447521736704,1489953,590221765111
119.2101,disk8,41440330471424,67317837,706583183819564
119.2101,disk8w,4128768,601,984243925
119.2101,ram,459407360,64605356032,276993
119.2101,cpu,14867924,21348076,513594979
119.2101,gpu,39,2,0
119.4059,disk0,876794301497344,1967427848,12425281583904423
119.4059,disk0w,1977577308160,18764851,1160154272056
119.4059,disk5,25160071116800,50670740,456103980117734
119.4059,disk5w,225980416,35966,1254168700
119.4059,disk4,29567822345216,29609414,342155774956439
119.4059,disk4w,1447521736704,1489953,590221765111
119.4059,disk8,41441669801984,67320451,706601306050031
119.4059,disk8w,4128768,601,984243925
119.4059,ram,459407360,64605356032,276993
119.4059,cpu,14867924,21348076,513594979
119.4059,gpu,0,0,0
119.6093,disk0,876796549877760,1967432791,12425295017842985
119.6093,disk0w,1977577308160,18764851,1160154272056
119.6093,disk5,25160631973888,50671841,456106951996828
119.6093,disk5w,225980416,35966,1254168700
119.6093,disk4,29568405484544,29610012,342156485522118
119.6093,disk4w,1447521736704,1489953,590221765111
119.6093,disk8,41443007948800,67323110,706617951791980
119.6093,disk8w,4128768,601,984243925
119.6093,ram,459407360,64605356032,276993
119.6093,cpu,14867924,21348076,513594979
119.6093,gpu,0,0,0
119.8080,disk0,876798932144128,1967439002,12425310088746421
119.8080,disk0w,1977577308160,18764851,1160154272056
119.8080,disk5,25161477765120,50673506,456112966731756
119.8080,disk5w,225980416,35966,1254168700
119.8080,disk4,29568949957632,29610570,342157129902417
119.8080,disk4w,1447521736704,1489953,590221765111
119.8080,disk8,41444197672960,67325212,706627585752451
119.8080,disk8w,4128768,601,984243925
119.8080,ram,459407360,64605356032,276993
119.8080,cpu,14867924,21348076,513594979
119.8080,gpu,0,0,0
120.0032,disk0,876800504766464,1967442238,12425318047283768
120.0032,disk0w,1977577308160,18764851,1160154272056
120.0032,disk5,25162206361600,50674970,456121309538955
120.0032,disk5w,225980416,35966,1254168700
120.0032,disk4,29569380217856,29611011,342157977434693
120.0032,disk4w,1447521736704,1489953,590221765111
120.0032,disk8,41445181581312,67326946,706636711140333
120.0032,disk8w,4128768,601,984243925
120.0032,ram,520896512,64391725056,276993
120.0032,cpu,14867941,21348182,513596708
120.0032,gpu,0,0,0
120.2101,disk0,876802634244096,1967446782,12425326905741603
120.2101,disk0w,1977577308160,18764851,1160154272056
120.2101,disk5,25163126159360,50676855,456128057701257
120.2101,disk5w,225980416,35966,1254168700
120.2101,disk4,29569880781824,29611524,342158605388772
120.2101,disk4w,1447521736704,1489953,590221765111
120.2101,disk8,41446574958592,67328898,706649243671975
120.2101,disk8w,4128768,601,984243925
120.2101,ram,520896512,64391725056,276993
120.2101,cpu,14867941,21348182,513596708
120.2101,gpu,28,3,0
120.4061,disk0,876804908806144,1967450282,12425337347836727
120.4061,disk0w,1977577308160,18764851,1160154272056
120.4061,disk5,25164040189952,50678729,456137003244013
120.4061,disk5w,225980416,35966,1254168700
120.4061,disk4,29570556982272,29612217,342159473544669
120.4061,disk4w,1447521736704,1489953,590221765111
120.4061,disk8,41447707142144,67330581,706655369931073
120.4061,disk8w,4128768,601,984243925
120.4061,ram,520896512,64391725056,276993
120.4061,cpu,14867941,21348182,513596708
120.4061,gpu,0,0,0
120.6101,disk0,876807178383360,1967454978,12425348036597501
120.6101,disk0w,1977577308160,18764851,1160154272056
120.6101,disk5,25164969670656,50680636,456145173744884
120.6101,disk5w,225980416,35966,1254168700
120.6101,disk4,29571215619072,29612892,342160346715897
120.6101,disk4w,1447521736704,1489953,590221765111
120.6101,disk8,41449039341568,67332655,706666273840800
120.6101,disk8w,4128768,601,984243925
120.6101,ram,520896512,64391725056,276993
120.6101,cpu,14867941,21348182,513596708
120.6101,gpu,0,0,0
120.8101,disk0,876809137975296,1967458966,12425355938052154
120.8101,disk0w,1977577308160,18764851,1160154272056
120.8101,disk5,25165682817024,50682020,456149753307686
120.8101,disk5w,225980416,35966,1254168700
120.8101,disk4,29571689837568,29613378,342160960138440
120.8101,disk4w,1447521736704,1489953,590221765111
120.8101,disk8,41450443794432,67335481,706686285292314
120.8101,disk8w,4128768,601,984243925
120.8101,ram,520896512,64391725056,276993
120.8101,cpu,14867941,21348182,513596708
120.8101,gpu,24,0,0
121.0019,disk0,876811438829568,1967463884,12425368494255696
121.0019,disk0w,1977577308160,18764851,1160154272056
121.0019,disk5,25166268168192,50683174,456152735042050
121.0019,disk5w,225980416,35966,1254168700
121.0019,disk4,29572251874304,29613954,342161767819386
121.0019,disk4w,1447521736704,1489953,590221765111
121.0019,disk8,41451721517056,67338013,706702528272580
121.0019,disk8w,4128768,601,984243925
121.0019,ram,521912320,64541786112,276993
121.0019,cpu,14867959,21348276,513598240
121.0019,gpu,0,0,0
121.2101,disk0,876813890007040,1967469923,12425385696793501
121.2101,disk0w,1977577308160,18764851,1160154272056
121.2101,disk5,25166943352832,50684503,456156520636975
121.2101,disk5w,225980416,35966,1254168700
121.2101,disk4,29572752438272,29614467,342162400828214
121.2101,disk4w,1447521736704,1489953,590221765111
121.2101,disk8,41452983609344,67340184,706713509625185
121.2101,disk8w,4128768,601,984243925
121.2101,ram,521912320,64541786112,276993
121.2101,cpu,14867959,21348276,513598240
121.2101,gpu,0,0,0
121.4101,disk0,876815810723840,1967473787,12425398682001107
121.4101,disk0w,1977577308160,18764851,1160154272056
121.4101,disk5,25167742138368,50686108,456164012059386
121.4101,disk5w,225980416,35966,1254168700
121.4101,disk4,29573270516736,29614998,342163509258502
121.4101,disk4w,1447521736704,1489953,590221765111
121.4101,disk8,41453963700224,67341982,706720773365232
121.4101,disk8w,4128768,601,984243925
121.4101,ram,521912320,64541786112,276993
121.4101,cpu,14867959,21348276,513598240
121.4101,gpu,0,0,0
121.6101,disk0,876817864589312,1967478276,12425406188480902
121.6101,disk0w,1977577308160,18764851,1160154272056
121.6101,disk5,25168365598720,50687386,456167134601844
121.6101,disk5w,225980416,35966,1254168700
121.6101,disk4,29573771080704,29615511,342164174346627
121.6101,disk4w,1447521736704,1489953,590221765111
121.6101,disk8,41455378999296,67343996,706736792354331
121.6101,disk8w,4128768,601,984243925
121.6101,ram,521912320,64541786112,276993
121.6101,cpu,14867959,21348276,513598240
121.6101,gpu,0,0,0
121.8101,disk0,876820329201664,1967481946,12425419739148979
121.8101,disk0w,1977577308160,18764851,1160154272056
121.8101,disk5,25169075730432,50688842,456171374029678
121.8101,disk5w,225980416,35966,1254168700
121.8101,disk4,29574289208320,29616042,342164833638531
121.8101,disk4w,1447521736704,1489953,590221765111
121.8101,disk8,41456512067584,67345550,706744849782760
121.8101,disk8w,4128768,601,984243925
121.8101,ram,521912320,64541786112,276993
121.8101,cpu,14867959,21348276,513598240
121.8101,gpu,0,0,0
122.0101,disk0,876822686531584,1967486792,12425434628965587
122.0101,disk0w,1977577308160,18764851,1160154272056
122.0101,disk5,25169777620992,50690282,456175821546283
122.0101,disk5w,225980416,35966,1254168700
122.0101,disk4,29574807335936,29616573,342165431597516
122.0101,disk4w,1447521736704,1489953,590221765111
122.0101,disk8,41457768441856,67347533,706755449442521
122.0101,disk8w,4128768,601,984243925
122.0101,ram,516751360,64634257408,276993
122.0101,cpu,14867979,21348393,513600030
122.0101,gpu,0,0,0
122.2101,disk0,876825035272192,1967491675,12425445671684467
122.2101,disk0w,1977577308160,18764851,1160154272056
122.2101,disk5,25170409322496,50691531,456179108087283
122.2101,disk5w,225980416,35966,1254168700
122.2101,disk4,29575474754560,29617257,342166230020493
122.2101,disk4w,1447521736704,1489953,590221765111
122.2101,disk8,41459162277888,67350247,706772228356572
122.2101,disk8w,4128768,601,984243925
122.2101,ram,516751360,64634257408,276993
122.2101,cpu,14867979,21348393,513600030
122.2101,gpu,38,1,0
122.4101,disk0,876827393896448,1967496391,12425459552830204
122.4101,disk0w,1977577308160,18764851,1160154272056
122.4101,disk5,25171182688256,50693052,456184301639508
122.4101,disk5w,225980416,35966,1254168700
122.4101,disk4,29575911355392,29617704,342166727040976
122.4101,disk4w,1447521736704,1489953,590221765111
122.4101,disk8,41460306962432,67352674,706786201884640
122.4101,disk8w,4128768,601,984243925
122.4101,ram,516751360,64634257408,276993
122.4101,cpu,14867979,21348393,513600030
122.4101,gpu,0,0,0
122.6101,disk0,876829926313984,1967503117,12425481485676354
122.6101,disk0w,1977577308160,18764851,1160154272056
122.6101,disk5,25171906230272,50694477,456188189926518
122.6101,disk5w,225980416,35966,1254168700
122.6101,disk4,29576396846080,29618202,342167403383434
122.6101,disk4w,1447521736704,1489953,590221765111
122.6101,disk8,41461438638080,67354538,706794136277548
122.6101,disk8w,4128768,601,984243925
122.6101,ram,516751360,64634257408,276993
122.6101,cpu,14867979,21348393,513600030
122.6101,gpu,0,0,0
122.8062,disk0,876831920230400,1967506680,12425495087965336
122.8062,disk0w,1977577308160,18764851,1160154272056
122.8062,disk5,25172523776000,50695707,456191814641706
122.8062,disk5w,225980416,35966,1254168700
122.8062,disk4,29576941237248,29618760,342168709601802
122.8062,disk4w,1447521736704,1489953,590221765111
122.8062,disk8,41462411913216,67356464,706803090790176
122.8062,disk8w,4128768,601,984243925
122.8062,ram,516751360,64634257408,276993
122.8062,cpu,14867979,21348393,513600030
122.8062,gpu,0,0,0
123.0101,disk0,876834232578048,1967512448,12425506681644602
123.0101,disk0w,1977577308160,18764851,1160154272056
123.0101,disk5,25173339731968,50697380,456198052540427
123.0101,disk5w,225980416,35966,1254168700
123.0101,disk4,29577564746752,29619399,342169508066921
123.0101,disk4w,1447521736704,1489953,590221765111
123.0101,disk8,41463692929024,67358348,706813765950264
123.0101,disk8w,4128768,601,984243925
123.0101,ram,514506752,64498958336,276993
123.0101,cpu,14868005,21348522,513601654
123.0101,gpu,0,0,0
123.2101,disk0,876836453105664,1967515784,12425514592274813
123.2101,disk0w,1977578373120,18765064,1160158121282
123.2101,disk5,25174003767296,50698739,456201949003420
123.2101,disk5w,225980416,35966,1254168700
123.2101,disk4,29578051941376,29619898,342170098629877
123.2101,disk4w,1447521736704,1489953,590221765111
123.2101,disk8,41465039267840,67359966,706825120865290
123.2101,disk8w,4128768,601,984243925
123.2101,ram,514506752,64498958336,276993
123.2101,cpu,14868005,21348522,513601654
123.2101,gpu,0,0,0
123.4048,disk0,876838780141568,1967520192,12425529109938513
123.4048,disk0w,1977578373120,18765064,1160158121282
123.4048,disk5,25174603134976,50699968,456205111832130
123.4048,disk5w,225980416,35966,1254168700
123.4048,disk4,29578636129280,29620497,342170881001843
123.4048,disk4w,1447521736704,1489953,590221765111
123.4048,disk8,41466260727808,67361788,706834609394106
123.4048,disk8w,4128768,601,984243925
123.4048,ram,514506752,64498958336,276993
123.4048,cpu,14868005,21348522,513601654
123.4048,gpu,0,0,0
123.6101,disk0,876841048702976,1967524983,12425539225335790
123.6101,disk0w,1977578373120,18765064,1160158121282
123.6101,disk5,25175264835584,50701298,456209425506236
123.6101,disk5w,225980416,35966,1254168700
123.6101,disk4,29579136693248,29621010,342171454213850
123.6101,disk4w,1447521736704,1489953,590221765111
123.6101,disk8,41467645421568,67364188,706851673311987
123.6101,disk8w,4128768,601,984243925
123.6101,ram,514506752,64498958336,276993
123.6101,cpu,14868005,21348522,513601654
123.6101,gpu,0,0,0
123.8032,disk0,876843260837888,1967529557,12425554660036653
123.8032,disk0w,1977578373120,18765064,1160158121282
123.8032,disk5,25176006916096,50702750,456214280519944
123.8032,disk5w,225980416,35966,1254168700
123.8032,disk4,29579558220800,29621442,342171909293790
123.8032,disk4w,1447521736704,1489953,590221765111
123.8032,disk8,41468808046592,67366536,706864062610090
123.8032,disk8w,4128768,601,984243925
123.8032,ram,514506752,64498958336,276993
123.8032,cpu,14868005,21348522,513601654
123.8032,gpu,30,0,0
124.0094,disk0,876845574225920,1967534731,12425574058094272
124.0094,disk0w,1977578373120,18765064,1160158121282
124.0094,disk5,25176544212992,50703810,456217166715796
124.0094,disk5w,225980416,35966,1254168700
124.0094,disk4,29580071760896,29621968,342172516802324
124.0094,disk4w,1447521736704,1489953,590221765111
124.0094,disk8,41469988714496,67368625,706875834604486
124.0094,disk8w,4128768,601,984243925
124.0094,ram,518062080,62942609408,276993
124.0094,cpu,14868025,21348618,513603255
124.0094,gpu,0,0,0
124.2101,disk0,876847822635008,1967540122,12425586130574359
124.2101,disk0w,1977578373120,18765064,1160158121282
124.2101,disk5,25177463339008,50705629,456224773903395
124.2101,disk5w,225980416,35966,1254168700
124.2101,disk4,29580603257856,29622513,342173232867141
124.2101,disk4w,1447521736704,1489953,590221765111
124.2101,disk8,41471166593024,67370965,706886719567585
124.2101,disk8w,4128768,601,984243925
124.2101,ram,518062080,62942609408,276993
124.2101,cpu,14868025,21348618,513603255
124.2101,gpu,0,0,0
124.4003,disk0,876849596850176,1967546393,12425597961232989
124.4003,disk0w,1977578373120,18765064,1160158121282
124.4003,disk5,25178059945984,50706852,456229710071720
124.4003,disk5w,225980416,35966,1254168700
124.4003,disk4,29580998423552,29622918,342173718666346
124.4003,disk4w,1447521736704,1489953,590221765111
124.4003,disk8,41472264288256,67372604,706896789584614
124.4003,disk8w,4128768,601,984243925
124.4003,ram,518062080,62942609408,276993
124.4003,cpu,14868025,21348618,513603255
124.4003,gpu,0,0,0
124.6101,disk0,876852235350016,1967550749,12425612560311477
124.6101,disk0w,1977578430464,18765068,1160158188364
124.6101,disk5,25178800617472,50708367,456234288134117
124.6101,disk5w,225980416,35966,1254168700
124.6101,disk4,29581622981632,29623558,342174630066346
124.6101,disk4w,1447521736704,1489953,590221765111
124.6101,disk8,41473555691520,67374044,706903545342717
124.6101,disk8w,4128768,601,984243925
124.6101,ram,518062080,62942609408,276993
124.6101,cpu,14868025,21348618,513603255
124.6101,gpu,0,0,0
124.8013,disk0,876854577885184,1967554785,12425625403818747
124.8013,disk0w,1977578430464,18765068,1160158188364
124.8013,disk5,25179437430784,50709674,456238836936391
124.8013,disk5w,225980416,35966,1254168700
124.8013,disk4,29582140060672,29624088,342175242135629
124.8013,disk4w,1447521736704,1489953,590221765111
124.8013,disk8,41474763159552,67375868,706912962210399
124.8013,disk8w,4128768,601,984243925
124.8013,ram,518062080,62942609408,276993
124.8013,cpu,14868025,21348618,513603255
124.8013,gpu,0,0,0
125.0101,disk0,876857049559040,1967559946,12425638812114563
125.0101,disk0w,1977578430464,18765068,1160158188364
125.0101,disk5,25180095444992,50711010,456242312122453
125.0101,disk5w,225980416,35966,1254168700
125.0101,disk4,29582746006528,29624709,342176047068131
125.0101,disk4w,1447521736704,1489953,590221765111
125.0101,disk8,41476182603776,67378093,706926395282341
125.0101,disk8w,4128768,601,984243925
125.0101,ram,516390912,64525549568,276993
125.0101,cpu,14868043,21348719,513604917
125.0101,gpu,23,0,0
125.2101,disk0,876859464364032,1967565146,12425655066984611
125.2101,disk0w,1977578430464,18765068,1160158188364
125.2101,disk5,25180646619136,50712082,456245932044305
125.2101,disk5w,225980416,35966,1254168700
125.2101,disk4,29583211443200,29625186,342176614114348
125.2101,disk4w,1447521736704,1489953,590221765111
125.2101,disk8,41477491062784,67380805,706941521942406
125.2101,disk8w,4128768,601,984243925
125.2101,ram,516390912,64525549568,276993
125.2101,cpu,14868043,21348719,513604917
125.2101,gpu,0,0,0
125.4074,disk0,876861548609536,1967569392,12425664500755136
125.4074,disk0w,1977578430464,18765068,1160158188364
125.4074,disk5,25181273208832,50713324,456250184659892
125.4074,disk5w,225980416,35966,1254168700
125.4074,disk4,29583746085888,29625734,342177308122111
125.4074,disk4w,1447521736704,1489953,590221765111
125.4074,disk8,41478830569472,67383455,706958429253879
125.4074,disk8w,4128768,601,984243925
125.4074,ram,516390912,64525549568,276993
125.4074,cpu,14868043,21348719,513604917
125.4074,gpu,33,0,0
125.6101,disk0,876863692857344,1967576022,12425679314289236
125.6101,disk0w,1977578430464,18765068,1160158188364
125.6101,disk5,25182043207680,50714839,456255774733653
125.6101,disk5w,225980416,35966,1254168700
125.6101,disk4,29584317953024,29626320,342178058342865
125.6101,disk4w,1447521736704,1489953,590221765111
125.6101,disk8,41480052422656,67385678,706970726147786
125.6101,disk8w,4128768,601,984243925
125.6101,ram,516390912,64525549568,276993
125.6101,cpu,14868043,21348719,513604917
125.6101,gpu,0,0,0
125.8024,disk0,876865658957824,1967580080,12425694006747828
125.8024,disk0w,1977578430464,18765068,1160158188364
125.8024,disk5,25182534531072,50715833,456258962253816
125.8024,disk5w,225980416,35966,1254168700
125.8024,disk4,29584752407552,29626765,342178829224423
125.8024,disk4w,1447521736704,1489953,590221765111
125.8024,disk8,41481051043840,67387311,706979482919789
125.8024,disk8w,4128768,601,984243925
125.8024,ram,516390912,64525549568,276993
125.8024,cpu,14868043,21348719,513604917
125.8024,gpu,0,0,0
126.0101,disk0,876867638308864,1967583380,12425699500011932
126.0101,disk0w,1977578430464,18765068,1160158188364
126.0101,disk5,25183125518336,50717045,456261780273974
126.0101,disk5w,225980416,35966,1254168700
126.0101,disk4,29585301468160,29627328,342179473165305
126.0101,disk4w,1447521736704,1489953,590221765111
126.0101,disk8,41482525194240,67389214,706995777411741
126.0101,disk8w,4128768,601,984243925
126.0101,ram,520568832,64577978368,276993
126.0101,cpu,14868060,21348827,513606667
126.0101,gpu,0,0,0
126.2101,disk0,876870057652224,1967587347,12425711346875112
126.2101,disk0w,1977578430464,18765068,1160158188364
126.2101,disk5,25183835650048,50718502,456265998642780
126.2101,disk5w,225980416,35966,1254168700
126.2101,disk4,29585881068544,29627922,342180199073403
126.2101,disk4w,1447521736704,1489953,590221765111
126.2101,disk8,41483816679424,67390899,707005503139909
126.2101,disk8w,4128768,601,984243925
126.2101,ram,520568832,64577978368,276993
126.2101,cpu,14868061,21348831,513606713
126.2101,gpu,0,0,0
126.4101,disk0,876872544518144,1967592715,12425727689800918
126.4101,disk0w,1977578430464,18765068,1160158188364
126.4101,disk5,25184404215808,50719669,456269119631983
126.4101,disk5w,225980416,35966,1254168700
126.4101,disk4,29586557268992,29628615,342181297049678
126.4101,disk4w,1447521736704,1489953,590221765111
126.4101,disk8,41485157660672,67392929,707015814664210
126.4101,disk8w,4128768,601,984243925
126.4101,ram,520568832,64577978368,276993
126.4101,cpu,14868061,21348831,513606713
126.4101,gpu,0,0,0
126.6101,disk0,876874568466432,1967596921,12425738116001329
126.6101,disk0w,1977578430464,18765068,1160158188364
126.6101,disk5,25185076934656,50720983,456274644995450
126.6101,disk5w,225980416,35966,1254168700
126.6101,disk4,29587040269312,29629110,342181875786640
126.6101,disk4w,1447521736704,1489953,590221765111
126.6101,disk8,41486485321728,67395438,707031811804624
126.6101,disk8w,4128768,601,984243925
126.6101,ram,520568832,64577978368,276993
126.6101,cpu,14868061,21348831,513606713
126.6101,gpu,0,0,0
126.8040,disk0,876876800294912,1967601714,12425751543389686
126.8040,disk0w,1977578430464,18765068,1160158188364
126.8040,disk5,25185710585856,50722231,456278064592812
126.8040,disk5w,225980416,35966,1254168700
126.8040,disk4,29587611087872,29629695,342182509990150
126.8040,disk4w,1447521736704,1489953,590221765111
126.8040,disk8,41487720167424,67397877,707047193954366
126.8040,disk8w,4128768,601,984243925
126.8040,ram,520568832,64577978368,276993
126.8040,cpu,14868061,21348831,513606713
126.8040,gpu,34,0,0
127.0083,disk0,876878685192192,1967607559,12425763103228541
127.0083,disk0w,1977578430464,18765068,1160158188364
127.0083,disk5,25186385770496,50723563,456281807437383
127.0083,disk5w,225980416,35966,1254168700
127.0083,disk4,29588076524544,29630172,342183109593961
127.0083,disk4w,1447521736704,1489953,590221765111
127.0083,disk8,41488987518976,67399852,707060614005044
127.0083,disk8w,4128768,601,984243925
127.0083,ram,517062656,62883119104,276993
127.0083,cpu,14868076,21348932,513608330
127.0083,gpu,27,0,0
127.2101,disk0,876880547364864,1967611254,12425775000325891
127.2101,disk0w,1977578430464,18765068,1160158188364
127.2101,disk5,25187082041344,50724950,456286684440763
127.2101,disk5w,225980416,35966,1254168700
127.2101,disk4,29588577039360,29630685,342184137768940
127.2101,disk4w,1447521736704,1489953,590221765111
127.2101,disk8,41490043697152,67401887,707072621260047
127.2101,disk8w,4128768,601,984243925
127.2101,ram,517062656,62883119104,276993
127.2101,cpu,14868077,21348935,513608377
127.2101,gpu,0,0,0
127.4101,disk0,876882659540992,1967616553,12425787737305618
127.4101,disk0w,1977578430464,18765068,1160158188364
127.4101,disk5,25187737303040,50726295,456290410041657
127.4101,disk5w,225980416,35966,1254168700
127.4101,disk4,29589151003648,29631273,342184851698743
127.4101,disk4w,1447521736704,1489953,590221765111
127.4101,disk8,41491320961024,67403839,707085327254394
127.4101,disk8w,4128768,601,984243925
127.4101,ram,517062656,62883119104,276993
127.4101,cpu,14868077,21348935,513608377
127.4101,gpu,0,0,0
127.6101,disk0,876884843577344,1967620241,12425797311615740
127.6101,disk0w,1977578430464,18765068,1160158188364
127.6101,disk5,25188450441216,50727757,456295619924655
127.6101,disk5w,225980416,35966,1254168700
127.6101,disk4,29589657203712,29631792,342185404541443
127.6101,disk4w,1447521736704,1489953,590221765111
127.6101,disk8,41492647065600,67405528,707096244470240
127.6101,disk8w,4128768,601,984243925
127.6101,ram,517062656,62883119104,276993
127.6101,cpu,14868077,21348935,513608377
127.6101,gpu,0,0,0
127.8016,disk0,876887177068544,1967624902,12425811905835578
127.8016,disk0w,1977578430464,18765068,1160158188364
127.8016,disk5,25189053347840,50728993,456298953542784
127.8016,disk5w,225980416,35966,1254168700
127.8016,disk4,29590254367744,29632404,342186187193488
127.8016,disk4w,1447521736704,1489953,590221765111
127.8016,disk8,41493912139776,67407570,707106548306308
127.8016,disk8w,4128768,601,984243925
127.8016,ram,517062656,62883119104,276993
127.8016,cpu,14868077,21348935,513608377
127.8016,gpu,34,0,0
128.0101,disk0,876889696763904,1967630311,12425824537799368
128.0101,disk0w,1977578430464,18765068,1160158188364
128.0101,disk5,25189948782592,50730780,456307977329488
128.0101,disk5w,225980416,35966,1254168700
128.0101,disk4,29590825186304,29632989,342186888883040
128.0101,disk4w,1447521736704,1489953,590221765111
128.0101,disk8,41495258286080,67409831,707116736071042
128.0101,disk8w,4128768,601,984243925
128.0101,ram,512770048,64554827776,276993
128.0101,cpu,14868105,21349057,513609870
128.0101,gpu,0,0,0
128.2034,disk0,876891773960192,1967634731,12425836309807822
128.2034,disk0w,1977578430464,18765068,1160158188364
128.2034,disk5,25190755432448,50732360,456315218988426
128.2034,disk5w,225980416,35966,1254168700
128.2034,disk4,29591313429504,29633489,342187630820832
128.2034,disk4w,1447521736704,1489953,590221765111
128.2034,disk8,41496404576256,67412077,707128898479464
128.2034,disk8w,4128768,601,984243925
128.2034,ram,512770048,64554827776,276993
128.2034,cpu,14868105,21349057,513609870
128.2034,gpu,0,0,0
128.4101,disk0,876894208999424,1967642602,12425857171785614
128.4101,disk0w,1977578430464,18765068,1160158188364
128.4101,disk5,25191527512064,50733885,456321397045028
128.4101,disk5w,225980416,35966,1254168700
128.4101,disk4,29591831557120,29634020,342188372739779
128.4101,disk4w,1447521736704,1489953,590221765111
128.4101,disk8,41497560041472,67414051,707137232252986
128.4101,disk8w,4128768,601,984243925
128.4101,ram,512770048,64554827776,276993
128.4101,cpu,14868105,21349057,513609870
128.4101,gpu,52,0,0
128.6101,disk0,876896116490240,1967647299,12425866099397913
128.6101,disk0w,1977578430464,18765068,1160158188364
128.6101,disk5,25192176760832,50735175,456325356011018
128.6101,disk5w,225980416,35966,1254168700
128.6101,disk4,29592274187264,29634474,342188963423206
128.6101,disk4w,1447521736704,1489953,590221765111
128.6101,disk8,41498806863872,67416500,707152529225965
128.6101,disk8w,4128768,601,984243925
128.6101,ram,512770048,64554827776,276993
128.6101,cpu,14868105,21349057,513609870
128.6101,gpu,0,0,0
128.8025,disk0,876897713033216,1967654341,12425875107641831
128.8025,disk0w,1977578430464,18765068,1160158188364
128.8025,disk5,25193007249408,50736876,456332784322686
128.8025,disk5w,225980416,35966,1254168700
128.8025,disk4,29592765920256,29634978,342189960845871
128.8025,disk4w,1447521736704,1489953,590221765111
128.8025,disk8,41499911211008,67418239,707164716979546
128.8025,disk8w,4128768,601,984243925
128.8025,ram,512770048,64554827776,276993
128.8025,cpu,14868105,21349057,513609870
128.8025,gpu,0,0,0
129.0101,disk0,876900115730432,1967658440,12425885042145321
129.0101,disk0w,1977578430464,18765068,1160158188364
129.0101,disk5,25193807894528,50738517,456337372365058
129.0101,disk5w,225980416,35966,1254168700
129.0101,disk4,29593354302464,29635581,342190742867165
129.0101,disk4w,1447521736704,1489953,590221765111
129.0101,disk8,41501355001856,67419897,707174977973775
129.0101,disk8w,4128768,601,984243925
129.0101,ram,514801664,64580042752,276993
129.0101,cpu,14868122,21349166,513611597
129.0101,gpu,0,0,0
129.2101,disk0,876902415814656,1967662732,12425895888692543
129.2101,disk0w,1977578430464,18765068,1160158188364
129.2101,disk5,25194387716096,50739706,456340419561872
129.2101,disk5w,225980416,35966,1254168700
129.2101,disk4,29594071921664,29636316,342191735081499
129.2101,disk4w,1447521736704,1489953,590221765111
129.2101,disk8,41502739449856,67422072,707188790807222
129.2101,disk8w,4128768,601,984243925
129.2101,ram,514949120,64613613568,276993
129.2101,cpu,14868122,21349166,513611597
129.2101,gpu,27,2,0
129.4101,disk0,876904906772480,1967668163,12425909694032651
129.4101,disk0w,1977578430464,18765068,1160158188364
129.4101,disk5,25195177342976,50741291,456346270243419
129.4101,disk5w,225980416,35966,1254168700
129.4101,disk4,29594574976000,29636832,342192267839713
129.4101,disk4w,1447521736704,1489953,590221765111
129.4101,disk8,41504076138496,67424228,707200141489052
129.4101,disk8w,4128768,601,984243925
129.4101,ram,514949120,64613613568,276993
129.4101,cpu,14868122,21349166,513611597
129.4101,gpu,38,0,0
129.6101,disk0,876906749972480,1967672130,12425918636459153
129.6101,disk0w,1977578430464,18765068,1160158188364
129.6101,disk5,25195783239680,50742476,456349785779315
129.6101,disk5w,225980416,35966,1254168700
129.6101,disk4,29595067806720,29637337,342192895833209
129.6101,disk4w,1447521736704,1489953,590221765111
129.6101,disk8,41505448331264,67427034,707222041959450
129.6101,disk8w,4128768,601,984243925
129.6101,ram,514949120,64613613568,276993
129.6101,cpu,14868122,21349166,513611597
129.6101,gpu,0,0,0
129.8067,disk0,876909029789696,1967677026,12425933326963266
129.8067,disk0w,1977578430464,18765068,1160158188364
129.8067,disk5,25196449527808,50743790,456354497921593
129.8067,disk5w,225980416,35966,1254168700
129.8067,disk4,29595562734592,29637844,342193454371372
129.8067,disk4w,1447521736704,1489953,590221765111
129.8067,disk8,41506681341952,67429245,707232832471049
129.8067,disk8w,4128768,601,984243925
129.8067,ram,514949120,64613613568,276993
129.8067,cpu,14868122,21349166,513611597
129.8067,gpu,0,0,0
130.0101,disk0,876911153745920,1967683367,12425946086611948
130.0101,disk0w,1977578430464,18765068,1160158188364
130.0101,disk5,25197245970432,50745360,456359317787280
130.0101,disk5w,225980416,35966,1254168700
130.0101,disk4,29596120577024,29638416,342194218658978
130.0101,disk4w,1447521736704,1489953,590221765111
130.0101,disk8,41508056471552,67431917,707248917647660
130.0101,disk8w,4128768,601,984243925
130.0101,ram,516276224,62857953280,276993
130.0101,cpu,14868138,21349270,513613282
130.0101,gpu,0,0,0
130.2101,disk0,876912977436672,1967690285,12425958483819102
130.2101,disk0w,1977578438656,18765070,1160158222613
130.2101,disk5,25197926643712,50746752,456365109621953
130.2101,disk5w,225980416,35966,1254168700
130.2101,disk4,29596629890048,29638938,342195013142181
130.2101,disk4w,1447521736704,1489953,590221765111
130.2101,disk8,41509153871872,67433764,707259684684315
130.2101,disk8w,4128768,601,984243925
130.2101,ram,516276224,62857953280,276993
130.2101,cpu,14868139,21349272,513613328
130.2101,gpu,0,0,0
130.4086,disk0,876915339255808,1967694228,12425971359920261
130.4086,disk0w,1977578438656,18765070,1160158222613
130.4086,disk5,25198584674304,50748100,456368436707629
130.4086,disk5w,225980416,35966,1254168700
130.4086,disk4,29597253399552,29639577,342195794356387
130.4086,disk4w,1447521736704,1489953,590221765111
130.4086,disk8,41510395779072,67435309,707268280770471
130.4086,disk8w,4128768,601,984243925
130.4086,ram,516276224,62857953280,276993
130.4086,cpu,14868139,21349272,513613328
130.4086,gpu,0,0,0
130.6090,disk0,876917829423104,1967698958,12425984928385291
130.6090,disk0w,1977578459136,18765071,1160158252613
130.6090,disk5,25199371155456,50749714,456372617641390
130.6090,disk5w,225980416,35966,1254168700
130.6090,disk4,29597880054784,29640219,342196691313589
130.6090,disk4w,1447521736704,1489953,590221765111
130.6090,disk8,41511724537856,67437329,707278913074931
130.6090,disk8w,4128768,601,984243925
130.6090,ram,516276224,62857953280,276993
130.6090,cpu,14868139,21349272,513613328
130.6090,gpu,0,0,0
130.8038,disk0,876920162570240,1967703829,12425999024050239
130.8038,disk0w,1977578459136,18765071,1160158252613
130.8038,disk5,25199932667904,50750855,456375852110848
130.8038,disk5w,225980416,35966,1254168700
130.8038,disk4,29598351127552,29640702,342197279353996
130.8038,disk4w,1447521736704,1489953,590221765111
130.8038,disk8,41513048037376,67439362,707290760638849
130.8038,disk8w,4128768,601,984243925
130.8038,ram,516276224,62857953280,276993
130.8038,cpu,14868139,21349272,513613328
130.8038,gpu,35,0,0
131.0031,disk0,876922153963520,1967708081,12426007578415248
131.0031,disk0w,1977578459136,18765071,1160158252613
131.0031,disk5,25200581916672,50752114,456379027800156
131.0031,disk5w,225980416,35966,1254168700
131.0031,disk4,29598851691520,29641215,342197857287819
131.0031,disk4w,1447521736704,1489953,590221765111
131.0031,disk8,41514456147968,67442407,707312968437981
131.0031,disk8w,4128768,601,984243925
131.0031,ram,501743616,64486670336,276993
131.0031,cpu,14868167,21349379,513614906
131.0031,gpu,0,0,0
131.2102,disk0,876924531400704,1967712851,12426021308669386
131.2102,disk0w,1977579315200,18765250,1160162546139
131.2102,disk5,25201318918144,50753573,456383500366417
131.2102,disk5w,225980416,35966,1254168700
131.2102,disk4,29599483982848,29641863,342198695367853
131.2102,disk4w,1447521736704,1489953,590221765111
131.2102,disk8,41515821017088,67444987,707327052653934
131.2102,disk8w,4128768,601,984243925
131.2102,ram,502267904,64503447552,276993
131.2102,cpu,14868167,21349379,513614906
131.2102,gpu,0,0,0
131.4087,disk0,876926385348608,1967718631,12426032050008443
131.4087,disk0w,1977580265472,18765318,1160163630157
131.4087,disk5,25202049234944,50755012,456387639418980
131.4087,disk5w,225980416,35966,1254168700
131.4087,disk4,29600002110464,29642394,342199376861307
131.4087,disk4w,1447521736704,1489953,590221765111
131.4087,disk8,41517165733888,67447660,707346754329067
131.4087,disk8w,4128768,601,984243925
131.4087,ram,502267904,64503447552,276993
131.4087,cpu,14868167,21349379,513614906
131.4087,gpu,0,0,0
131.6101,disk0,876928567042048,1967723193,12426047671742682
131.6101,disk0w,1977580269568,18765319,1160163660657
131.6101,disk5,25202635503616,50756201,456391256786004
131.6101,disk5w,225980416,35966,1254168700
131.6101,disk4,29600441136128,29642844,342200421516987
131.6101,disk4w,1447521736704,1489953,590221765111
131.6101,disk8,41518281828352,67449607,707356071868970
131.6101,disk8w,4128768,601,984243925
131.6101,ram,502267904,64503447552,276993
131.6101,cpu,14868167,21349379,513614906
131.6101,gpu,0,0,0
131.8011,disk0,876930317144064,1967732864,12426057496963455
131.8011,disk0w,1977580269568,18765319,1160163660657
131.8011,disk5,25203232348160,50757424,456394262952200
131.8011,disk5w,225980416,35966,1254168700
131.8011,disk4,29600809972736,29643222,342200800553855
131.8011,disk4w,1447521736704,1489953,590221765111
131.8011,disk8,41519601215488,67451306,707369499723198
131.8011,disk8w,4128768,601,984243925
131.8011,ram,502267904,64503447552,276993
131.8011,cpu,14868167,21349379,513614906
131.8011,gpu,0,0,0
132.0101,disk0,876932623503360,1967736663,12426068016619971
132.0101,disk0w,1977580269568,18765319,1160163660657
132.0101,disk5,25204100167680,50759203,456402028859148
132.0101,disk5w,225980416,35966,1254168700
132.0101,disk4,29601409233920,29643836,342201533087113
132.0101,disk4w,1447521736704,1489953,590221765111
132.0101,disk8,41520944031744,67453037,707378466449131
132.0101,disk8w,4128768,601,984243925
132.0101,ram,290062336,64768720896,276993
132.0101,cpu,14868196,21349492,513616543
132.0101,gpu,0,0,0
132.2101,disk0,876934996267008,1967741631,12426080148523553
132.2101,disk0w,1977580269568,18765319,1160163660657
132.2101,disk5,25204804679680,50760647,456406004575564
132.2101,disk5w,225980416,35966,1254168700
132.2101,disk4,29602030646272,29644473,342202380403113
132.2101,disk4w,1447521736704,1489953,590221765111
132.2101,disk8,41522334132224,67455236,707391711810949
132.2101,disk8w,4128768,601,984243925
132.2101,ram,290521088,64768720896,276993
132.2101,cpu,14868196,21349492,513616543
132.2101,gpu,29,1,0
132.4101,disk0,876936961212416,1967745638,12426088072043195
132.4101,disk0w,1977580277760,18765321,1160163708240
132.4101,disk5,25205679421440,50762368,456414996354321
132.4101,disk5w,225980416,35966,1254168700
132.4101,disk4,29602444440576,29644897,342202861907355
132.4101,disk4w,1447521736704,1489953,590221765111
132.4101,disk8,41523639527424,67457484,707404610555743
132.4101,disk8w,4128768,601,984243925
132.4101,ram,290521088,64768720896,276993
132.4101,cpu,14868196,21349492,513616543
132.4101,gpu,0,0,0
132.6101,disk0,876938819424256,1967749577,12426095072618704
132.6101,disk0w,1977580277760,18765321,1160163708240
132.6101,disk5,25206330005504,50763645,456418909477106
132.6101,disk5w,225980416,35966,1254168700
132.6101,disk4,29603031774208,29645499,342203702806543
132.6101,disk4w,1447521736704,1489953,590221765111
132.6101,disk8,41525023975424,67460194,707424257333800
132.6101,disk8w,4128768,601,984243925
132.6101,ram,290521088,64768720896,276993
132.6101,cpu,14868196,21349492,513616543
132.6101,gpu,0,0,0
132.8051,disk0,876940935131136,1967756168,12426110538507291
132.8051,disk0w,1977580277760,18765321,1160163708240
132.8051,disk5,25207020763136,50765010,456423618257745
132.8051,disk5w,225980416,35966,1254168700
132.8051,disk4,29603383047168,29645859,342204157058961
132.8051,disk4w,1447521736704,1489953,590221765111
132.8051,disk8,41526166857728,67462109,707436422027612
132.8051,disk8w,4128768,601,984243925
132.8051,ram,290521088,64768720896,276993
132.8051,cpu,14868196,21349492,513616543
132.8051,gpu,37,0,0
133.0101,disk0,876942963216384,1967760741,12426121050481515
133.0101,disk0w,1977580277760,18765321,1160163708240
133.0101,disk5,25207574525952,50766106,456427727357917
133.0101,disk5w,225980416,35966,1254168700
133.0101,disk4,29603837211648,29646324,342204629998267
133.0101,disk4w,1447521736704,1489953,590221765111
133.0101,disk8,41527464601600,67464788,707457093408342
133.0101,disk8w,4128768,601,984243925
133.0101,ram,343588864,62851874816,276993
133.0101,cpu,14868225,21349624,513618186
133.0101,gpu,0,0,0
133.2101,disk0,876944544374784,1967769081,12426131773617759
133.2101,disk0w,1977580277760,18765321,1160163708240
133.2101,disk5,25208223774720,50767436,456432177687140
133.2101,disk5w,225980416,35966,1254168700
133.2101,disk4,29604313871360,29646813,342205733096354
133.2101,disk4w,1447521736704,1489953,590221765111
133.2101,disk8,41528567326720,67466459,707469058844318
133.2101,disk8w,4128768,601,984243925
133.2101,ram,343588864,62851874816,276993
133.2101,cpu,14868225,21349624,513618186
133.2101,gpu,0,0,0
133.4101,disk0,876946945187840,1967773146,12426142477731628
133.4101,disk0w,1977580277760,18765321,1160163708240
133.4101,disk5,25208917129216,50768857,456436504295861
133.4101,disk5w,225980416,35966,1254168700
133.4101,disk4,29604788089856,29647299,342206279388909
133.4101,disk4w,1447521736704,1489953,590221765111
133.4101,disk8,41529921267712,67468074,707479149310580
133.4101,disk8w,4128768,601,984243925
133.4101,ram,343588864,62851874816,276993
133.4101,cpu,14868225,21349624,513618186
133.4101,gpu,0,0,0
133.6101,disk0,876949258629120,1967777317,12426154432717836
133.6101,disk0w,1977580277760,18765321,1160163708240
133.6101,disk5,25209673766912,50770409,456441368348119
133.6101,disk5w,225980416,35966,1254168700
133.6101,disk4,29605321290752,29647845,342206866867059
133.6101,disk4w,1447521736704,1489953,590221765111
133.6101,disk8,41531195320320,67469719,707489201199398
133.6101,disk8w,4128768,601,984243925
133.6101,ram,343588864,62851874816,276993
133.6101,cpu,14868225,21349624,513618186
133.6101,gpu,0,0,0
133.8101,disk0,876951586893824,1967782019,12426170518998021
133.8101,disk0w,1977580277760,18765321,1160163708240
133.8101,disk5,25210477312000,50772054,456447622458232
133.8101,disk5w,225980416,35966,1254168700
133.8101,disk4,29605815563264,29648352,342207422031480
133.8101,disk4w,1447521736704,1489953,590221765111
133.8101,disk8,41532419188736,67471579,707497129000951
133.8101,disk8w,4128768,601,984243925
133.8101,ram,343588864,62851874816,276993
133.8101,cpu,14868225,21349624,513618186
133.8101,gpu,0,0,0
134.0102,disk0,876953884504064,1967786698,12426184589821097
134.0102,disk0w,1977580277760,18765321,1160163708240
134.0102,disk5,25211206301696,50773473,456451547052090
134.0102,disk5w,225980416,35966,1254168700
134.0102,disk4,29606386381824,29648937,342208147215615
134.0102,disk4w,1447521736704,1489953,590221765111
134.0102,disk8,41533710821376,67474185,707512047600525
134.0102,disk8w,4128768,601,984243925
134.0102,ram,372604928,64402276352,276993
134.0102,cpu,14868241,21349727,513619853
134.0102,gpu,0,0,0
134.2101,disk0,876956204904448,1967791453,12426199684100843
134.2101,disk0w,1977580277760,18765321,1160163708240
134.2101,disk5,25211742009344,50774531,456453992953848
134.2101,disk5w,225980416,35966,1254168700
134.2101,disk4,29606965982208,29649531,342208938144343
134.2101,disk4w,1447521736704,1489953,590221765111
134.2101,disk8,41534991345664,67476730,707527027658507
134.2101,disk8w,4128768,601,984243925
134.2101,ram,372752384,64402276352,276993
134.2101,cpu,14868241,21349730,513619898
134.2101,gpu,0,0,0
134.4024,disk0,876958498820096,1967799638,12426220304610330
134.4024,disk0w,1977580277760,18765321,1160163708240
134.4024,disk5,25212391258112,50775814,456456957746904
134.4024,disk5w,225980416,35966,1254168700
134.4024,disk4,29607457764352,29650035,342209508006585
134.4024,disk4w,1447521736704,1489953,590221765111
134.4024,disk8,41536107456512,67478600,707536020507875
134.4024,disk8w,4128768,601,984243925
134.4024,ram,372752384,64402276352,276993
134.4024,cpu,14868241,21349730,513619898
134.4024,gpu,0,0,0
134.6102,disk0,876960097521664,1967802729,12426228098596274
134.6102,disk0w,1977580277760,18765321,1160163708240
134.6102,disk5,25212908910592,50776843,456461478248068
134.6102,disk5w,225980416,35966,1254168700
134.6102,disk4,29607940699136,29650530,342210638275090
134.6102,disk4w,1447521736704,1489953,590221765111
134.6102,disk8,41537272084480,67480841,707553062461704
134.6102,disk8w,4128768,601,984243925
134.6102,ram,372752384,64402276352,276993
134.6102,cpu,14868241,21349730,513619898
134.6102,gpu,0,0,0
134.8102,disk0,876962155237376,1967810151,12426239463400985
134.8102,disk0w,1977580277760,18765321,1160163708240
134.8102,disk5,25213766637568,50778600,456469293769635
134.8102,disk5w,225980416,35966,1254168700
134.8102,disk4,29608502735872,29651106,342211382363894
134.8102,disk4w,1447521736704,1489953,590221765111
134.8102,disk8,41538517678080,67482689,707564418804989
134.8102,disk8w,4128768,601,984243925
134.8102,ram,372752384,64402276352,276993
134.8102,cpu,14868241,21349730,513619898
134.8102,gpu,0,0,0
135.0101,disk0,876964568010752,1967814150,12426248673347365
135.0101,disk0w,1977580277760,18765321,1160163708240
135.0101,disk5,25214673188864,50780460,456477083344030
135.0101,disk5w,225980416,35966,1254168700
135.0101,disk4,29609092166656,29651710,342212131728525
135.0101,disk4w,1447521736704,1489953,590221765111
135.0101,disk8,41539795433472,67484266,707572076482243
135.0101,disk8w,4128768,601,984243925
135.0101,ram,413843456,64565248000,276993
135.0101,cpu,14868259,21349833,513621511
135.0101,gpu,0,0,0
135.2069,disk0,876966579425280,1967818055,12426258260028078
135.2069,disk0w,1977580277760,18765321,1160163708240
135.2069,disk5,25215225165824,50781591,456480231692957
135.2069,disk5w,225980416,35966,1254168700
135.2069,disk4,29609697063936,29652330,342213003413030
135.2069,disk4w,1447521736704,1489953,590221765111
135.2069,disk8,41541144606720,67486349,707586105407388
135.2069,disk8w,4128768,601,984243925
135.2069,ram,414629888,64565248000,276993
135.2069,cpu,14868259,21349835,513621559
135.2069,gpu,0,0,0
135.4034,disk0,876968865615872,1967822866,12426273840652166
135.4034,disk0w,1977580277760,18765321,1160163708240
135.4034,disk5,25216023574528,50783194,456485901760347
135.4034,disk5w,225980416,35966,1254168700
135.4034,disk4,29610142446592,29652786,342213554020454
135.4034,disk4w,1447521736704,1489953,590221765111
135.4034,disk8,41542360020992,67488168,707594635339044
135.4034,disk8w,4128768,601,984243925
135.4034,ram,414629888,64565248000,276993
135.4034,cpu,14868259,21349835,513621559
135.4034,gpu,0,0,0
135.6102,disk0,876970691842048,1967826876,12426282324034373
135.6102,disk0w,1977580277760,18765321,1160163708240
135.6102,disk5,25216603699200,50784328,456488702098835
135.6102,disk5w,225980416,35966,1254168700
135.6102,disk4,29610634228736,29653290,342214076226582
135.6102,disk4w,1447521736704,1489953,590221765111
135.6102,disk8,41543823669248,67491097,707618134981411
135.6102,disk8w,4128768,601,984243925
135.6102,ram,414629888,64565248000,276993
135.6102,cpu,14868259,21349835,513621559
135.6102,gpu,25,0,0
135.8096,disk0,876972946214912,1967831644,12426295737930861
135.8096,disk0w,1977580277760,18765321,1160163708240
135.8096,disk5,25217359280128,50785819,456493751576516
135.8096,disk5w,225980416,35966,1254168700
135.8096,disk4,29611167822848,29653837,342214767744984
135.8096,disk4w,1447521736704,1489953,590221765111
135.8096,disk8,41545141729280,67493405,707630583143527
135.8096,disk8w,4128768,601,984243925
135.8096,ram,414629888,64565248000,276993
135.8096,cpu,14868259,21349835,513621559
135.8096,gpu,35,0,0
136.0016,disk0,876974869319680,1967836608,12426307522570077
136.0016,disk0w,1977580277760,18765321,1160163708240
136.0016,disk5,25218059073536,50787203,456498398053636
136.0016,disk5w,225980416,35966,1254168700
136.0016,disk4,29611637847040,29654319,342215285520992
136.0016,disk4w,1447521736704,1489953,590221765111
136.0016,disk8,41546378442752,67495876,707647101422210
136.0016,disk8w,4128768,601,984243925
136.0016,ram,430522368,62825938944,276993
136.0016,cpu,14868274,21349927,513623169
136.0016,gpu,0,0,0
136.2102,disk0,876976878628864,1967844114,12426321161018752
136.2102,disk0w,1977580277760,18765321,1160163708240
136.2102,disk5,25218792003584,50788698,456504910557007
136.2102,disk5w,225980416,35966,1254168700
136.2102,disk4,29612174472192,29654869,342217535808767
136.2102,disk4w,1447521736704,1489953,590221765111
136.2102,disk8,41547455035392,67497725,707655877027900
136.2102,disk8w,4128768,601,984243925
136.2102,ram,431226880,62876696576,276993
136.2102,cpu,14868274,21349927,513623169
136.2102,gpu,0,0,0
136.4102,disk0,876979083718656,1967847899,12426329140892489
136.4102,disk0w,1977580277760,18765321,1160163708240
136.4102,disk5,25219732879360,50790626,456514317371236
136.4102,disk5w,225980416,35966,1254168700
136.4102,disk4,29612832060416,29655543,342218369280458
136.4102,disk4w,1447521736704,1489953,590221765111
136.4102,disk8,41548763297792,67499320,707663696373778
136.4102,disk8w,4128768,601,984243925
136.4102,ram,431226880,62876696576,276993
136.4102,cpu,14868274,21349927,513623169
136.4102,gpu,0,0,0
136.6036,disk0,876981016842240,1967851818,12426337927180505
136.6036,disk0w,1977580277760,18765321,1160163708240
136.6036,disk5,25220579735552,50792363,456525153631629
136.6036,disk5w,225980416,35966,1254168700
136.6036,disk4,29613394097152,29656119,342219030928173
136.6036,disk4w,1447521736704,1489953,590221765111
136.6036,disk8,41549943961600,67501062,707673212384862
136.6036,disk8w,4128768,601,984243925
136.6036,ram,431226880,62876696576,276993
136.6036,cpu,14868274,21349927,513623169
136.6036,gpu,0,0,0
136.8102,disk0,876983341555712,1967856663,12426355939543797
136.8102,disk0w,1977580277760,18765321,1160163708240
136.8102,disk5,25221258967040,50793748,456530145008871
136.8102,disk5w,225980416,35966,1254168700
136.8102,disk4,29613921006592,29656659,342219784249206
136.8102,disk4w,1447521736704,1489953,590221765111
136.8102,disk8,41551118809088,67503003,707682950118093
136.8102,disk8w,4128768,601,984243925
136.8102,ram,431226880,62876696576,276993
136.8102,cpu,14868274,21349927,513623169
136.8102,gpu,0,0,0
137.0102,disk0,876985603284992,1967861210,12426372120847639
137.0102,disk0w,1977580277760,18765321,1160163708240
137.0102,disk5,25221954566144,50795096,456534013472458
137.0102,disk5w,225980416,35966,1254168700
137.0102,disk4,29614368879616,29657118,342220270031462
137.0102,disk4w,1447521736704,1489953,590221765111
137.0102,disk8,41552328046592,67505396,707696194494271
137.0102,disk8w,4128768,601,984243925
137.0102,ram,439533568,64425017344,276993
137.0102,cpu,14868293,21350030,513624848
137.0102,gpu,0,0,0
137.2102,disk0,876987950899200,1967866567,12426388436708934
137.2102,disk0w,1977580277760,18765321,1160163708240
137.2102,disk5,25222717487104,50796598,456538626498287
137.2102,disk5w,225980416,35966,1254168700
137.2102,disk4,29615045080064,29657811,342221349701440
137.2102,disk4w,1447521736704,1489953,590221765111
137.2102,disk8,41553572345856,67507683,707707957413883
137.2102,disk8w,4128768,601,984243925
137.2102,ram,441663488,64433586176,276993
137.2102,cpu,14868293,21350030,513624848
137.2102,gpu,0,0,0
137.4102,disk0,876990169223168,1967872901,12426403776995574
137.4102,disk0w,1977580277760,18765321,1160163708240
137.4102,disk5,25223321303040,50797791,456541286450067
137.4102,disk5w,225980416,35966,1254168700
137.4102,disk4,29615616947200,29658397,342222221296197
137.4102,disk4w,1447521736704,1489953,590221765111
137.4102,disk8,41554923976704,67510075,707722486296685
137.4102,disk8w,4128768,601,984243925
137.4102,ram,441663488,64433586176,276993
137.4102,cpu,14868293,21350030,513624848
137.4102,gpu,0,0,0
137.6077,disk0,876991967854592,1967876188,12426414963074449
137.6077,disk0w,1977581490176,18765513,1160168542716
137.6077,disk5,25223802796032,50798760,456544455948756
137.6077,disk5w,225980416,35966,1254168700
137.6077,disk4,29616034886656,29658825,342223151792974
137.6077,disk4w,1447521736704,1489953,590221765111
137.6077,disk8,41555885062144,67512052,707733988961488
137.6077,disk8w,4128768,601,984243925
137.6077,ram,441663488,64433586176,276993
137.6077,cpu,14868293,21350030,513624848
137.6077,gpu,29,0,0
137.8102,disk0,876994073591808,1967880348,12426426404186447
137.8102,disk0w,1977581490176,18765513,1160168542716
137.8102,disk5,25224305899520,50799792,456547146686870
137.8102,disk5w,225980416,35966,1254168700
137.8102,disk4,29616574116864,29659378,342223901416691
137.8102,disk4w,1447521736704,1489953,590221765111
137.8102,disk8,41557232400384,67514016,707747665501045
137.8102,disk8w,4128768,601,984243925
137.8102,ram,441663488,64433586176,276993
137.8102,cpu,14868293,21350030,513624848
137.8102,gpu,0,0,0
138.0016,disk0,876996311662592,1967883991,12426438517814102
138.0016,disk0w,1977581490176,18765513,1160168542716
138.0016,disk5,25225130620928,50801481,456555527580387
138.0016,disk5w,225980416,35966,1254168700
138.0016,disk4,29617003377664,29659818,342224365260718
138.0016,disk4w,1447521736704,1489953,590221765111
138.0016,disk8,41558343530496,67515324,707753333340779
138.0016,disk8w,4128768,601,984243925
138.0016,ram,452820992,64567427072,276993
138.0016,cpu,14868323,21350154,513626465
138.0016,gpu,0,0,0
138.2102,disk0,876998648070144,1967888238,12426449651510567
138.2102,disk0w,1977581490176,18765513,1160168542716
138.2102,disk5,25225814964224,50802883,456559347437131
138.2102,disk5w,225980416,35966,1254168700
138.2102,disk4,29617705923584,29660538,342225506249892
138.2102,disk4w,1447521736704,1489953,590221765111
138.2102,disk8,41559654430720,67517366,707765739912425
138.2102,disk8w,4128768,601,984243925
138.2102,ram,452411392,64567590912,276993
138.2102,cpu,14868323,21350157,513626525
138.2102,gpu,29,0,0
138.4102,disk0,877000792027136,1967892846,12426459906539077
138.4102,disk0w,1977581490176,18765513,1160168542716
138.4102,disk5,25226574739456,50804407,456564732596195
138.4102,disk5w,225980416,35966,1254168700
138.4102,disk4,29618206487552,29661051,342226051532511
138.4102,disk4w,1447521736704,1489953,590221765111
138.4102,disk8,41560979683328,67519513,707779203353876
138.4102,disk8w,4128768,601,984243925
138.4102,ram,452411392,64567590912,276993
138.4102,cpu,14868323,21350157,513626525
138.4102,gpu,0,0,0
138.6021,disk0,877002792239104,1967897111,12426471921605259
138.6021,disk0w,1977581490176,18765513,1160168542716
138.6021,disk5,25227185223680,50805596,456568477526339
138.6021,disk5w,225980416,35966,1254168700
138.6021,disk4,29618707051520,29661564,342226679913600
138.6021,disk4w,1447521736704,1489953,590221765111
138.6021,disk8,41562254391296,67522241,707797196779621
138.6021,disk8w,4128768,601,984243925
138.6021,ram,452411392,64567590912,276993
138.6021,cpu,14868323,21350157,513626525
138.6021,gpu,0,0,0
138.8046,disk0,877005066649600,1967902012,12426483949416161
138.8046,disk0w,1977581490176,18765513,1160168542716
138.8046,disk5,25227867994112,50806948,456572414151308
138.8046,disk5w,225980416,35966,1254168700
138.8046,disk4,29619198833664,29662068,342227334641931
138.8046,disk4w,1447521736704,1489953,590221765111
138.8046,disk8,41563574384640,67524507,707811268542227
138.8046,disk8w,4128768,601,984243925
138.8046,ram,452411392,64567590912,276993
138.8046,cpu,14868323,21350157,513626525
138.8046,gpu,0,0,0
139.0076,disk0,877006749958144,1967909267,12426494874829437
139.0076,disk0w,1977581490176,18765513,1160168542716
139.0076,disk5,25228421265408,50808042,456575386228474
139.0076,disk5w,225980416,35966,1254168700
139.0076,disk4,29619655488512,29662536,342227940195320
139.0076,disk4w,1447521736704,1489953,590221765111
139.0076,disk8,41564974774272,67527271,707835305715458
139.0076,disk8w,4128768,601,984243925
139.0076,ram,468762624,62836670464,276993
139.0076,cpu,14868337,21350255,513628142
139.0076,gpu,0,0,0
139.2070,disk0,877008733454336,1967913253,12426508401773275
139.2070,disk0w,1977581490176,18765513,1160168542716
139.2070,disk5,25228862568448,50808934,456577298160597
139.2070,disk5w,225980416,35966,1254168700
139.2070,disk4,29620033090560,29662923,342228473912857
139.2070,disk4w,1447521736704,1489953,590221765111
139.2070,disk8,41566063147008,67529080,707846426146491
139.2070,disk8w,4128768,601,984243925
139.2070,ram,469090304,62845075456,276993
139.2070,cpu,14868338,21350265,513628325
139.2070,gpu,0,0,0
139.4102,disk0,877011012521984,1967918062,12426523513904159
139.4102,disk0w,1977581490176,18765513,1160168542716
139.4102,disk5,25229514151936,50810271,456580555230786
139.4102,disk5w,225980416,35966,1254168700
139.4102,disk4,29620603909120,29663508,342229226563747
139.4102,disk4w,1447521736704,1489953,590221765111
139.4102,disk8,41567369541632,67530859,707856621184153
139.4102,disk8w,4128768,601,984243925
139.4102,ram,469090304,62845075456,276993
139.4102,cpu,14868338,21350265,513628325
139.4102,gpu,0,0,0
139.6102,disk0,877013440483328,1967922230,12426535385796215
139.6102,disk0w,1977581490176,18765513,1160168542716
139.6102,disk5,25230338873344,50811961,456586840127527
139.6102,disk5w,225980416,35966,1254168700
139.6102,disk4,29621118497792,29664035,342229873225361
139.6102,disk4w,1447521736704,1489953,590221765111
139.6102,disk8,41568585365504,67532436,707864552430840
139.6102,disk8w,4128768,601,984243925
139.6102,ram,469090304,62845075456,276993
139.6102,cpu,14868338,21350265,513628325
139.6102,gpu,0,0,0
139.8102,disk0,877015996846080,1967927640,12426554680888301
139.8102,disk0w,1977581490176,18765513,1160168542716
139.8102,disk5,25230963283968,50813241,456590288229547
139.8102,disk5w,225980416,35966,1254168700
139.8102,disk4,29621719200768,29664651,342230695886361
139.8102,disk4w,1447521736704,1489953,590221765111
139.8102,disk8,41569793751040,67534247,707872993238892
139.8102,disk8w,4128768,601,984243925
139.8102,ram,469090304,62845075456,276993
139.8102,cpu,14868338,21350265,513628325
139.8102,gpu,0,0,0
140.0102,disk0,877018270339072,1967932155,12426566125772013
140.0102,disk0w,1977581490176,18765513,1160168542716
140.0102,disk5,25231763486720,50814819,456596544874745
140.0102,disk5w,225980416,35966,1254168700
140.0102,disk4,29622226056192,29665170,342231352364432
140.0102,disk4w,1447521736704,1489953,590221765111
140.0102,disk8,41571113236480,67536574,707885044268241
140.0102,disk8w,4128768,601,984243925
140.0102,ram,478494720,64453410816,276993
140.0102,cpu,14868353,21350354,513629814
140.0102,gpu,0,0,0
140.2102,disk0,877020382826496,1967936612,12426576180918340
140.2102,disk0w,1977581490176,18765513,1160168542716
140.2102,disk5,25232395188224,50816060,456600277019622
140.2102,disk5w,225980416,35966,1254168700
140.2102,disk4,29622736450560,29665693,342231993857744
140.2102,disk4w,1447521736704,1489953,590221765111
140.2102,disk8,41572502222848,67539287,707904881178468
140.2102,disk8w,4128768,601,984243925
140.2102,ram,478937088,64453410816,276993
140.2102,cpu,14868353,21350356,513629862
140.2102,gpu,0,0,0
140.4102,disk0,877022257475584,1967941412,12426588723639208
140.4102,disk0w,1977581490176,18765513,1160168542716
140.4102,disk5,25232931960832,50817123,456602505309273
140.4102,disk5w,225980416,35966,1254168700
140.4102,disk4,29623256019968,29666226,342232747546450
140.4102,disk4w,1447521736704,1489953,590221765111
140.4102,disk8,41573772048384,67541400,707922166660982
140.4102,disk8w,4128768,601,984243925
140.4102,ram,478937088,64453410816,276993
140.4102,cpu,14868353,21350356,513629862
140.4102,gpu,40,0,0
140.6084,disk0,877024312872960,1967948838,12426603965235978
140.6084,disk0w,1977581490176,18765513,1160168542716
140.6084,disk5,25233693685760,50818632,456607889820701
140.6084,disk5w,225980416,35966,1254168700
140.6084,disk4,29623835620352,29666820,342233594659586
140.6084,disk4w,1447521736704,1489953,590221765111
140.6084,disk8,41574982563840,67544036,707934786350906
140.6084,disk8w,4128768,601,984243925
140.6084,ram,478937088,64453410816,276993
140.6084,cpu,14868353,21350356,513629862
140.6084,gpu,0,0,0
140.8102,disk0,877026184339456,1967954548,12426617455142867
140.8102,disk0w,1977581490176,18765513,1160168542716
140.8102,disk5,25234229934080,50819731,456611254119531
140.8102,disk5w,225980416,35966,1254168700
140.8102,disk4,29624251479040,29667246,342234157189815
140.8102,disk4w,1447521736704,1489953,590221765111
140.8102,disk8,41576139503616,67545819,707946736056730
140.8102,disk8w,4128768,601,984243925
140.8102,ram,478937088,64453410816,276993
140.8102,cpu,14868353,21350356,513629862
140.8102,gpu,20,0,0
141.0102,disk0,877028523810816,1967958653,12426628845842064
141.0102,disk0w,1977581490176,18765513,1160168542716
141.0102,disk5,25235091322880,50821497,456616902911642
141.0102,disk5w,225980416,35966,1254168700
141.0102,disk4,29624836715520,29667846,342234963515066
141.0102,disk4w,1447521736704,1489953,590221765111
141.0102,disk8,41577401186304,67547300,707955133391318
141.0102,disk8w,4128768,601,984243925
141.0102,ram,478937088,64453410816,276993
141.0102,cpu,14868353,21350356,513629862
141.0102,gpu,0,0,0
141.2090,disk0,877030716956672,1967962688,12426636474044116
141.2090,disk0w,1977581490176,18765513,1160168542716
141.2090,disk5,25235927054336,50823210,456622452780727
141.2090,disk5w,225980416,35966,1254168700
141.2090,disk4,29625451443200,29668476,342235870693763
141.2090,disk4w,1447521736704,1489953,590221765111
141.2090,disk8,41578778507264,67549320,707968173709426
141.2090,disk8w,4128768,601,984243925
141.2090,ram,479887360,64620118016,276993
141.2090,cpu,14868371,21350461,513631591
141.2090,gpu,0,0,0
141.4102,disk0,877032824479744,1967967039,12426646057424372
141.4102,disk0w,1977581490176,18765513,1160168542716
141.4102,disk5,25236597520384,50824576,456627044522778
141.4102,disk5w,225980416,35966,1254168700
141.4102,disk4,29626004698112,29669043,342236567055491
141.4102,disk4w,1447521736704,1489953,590221765111
141.4102,disk8,41580163545088,67551442,707982479024600
141.4102,disk8w,4128768,601,984243925
141.4102,ram,479887360,64620118016,276993
141.4102,cpu,14868371,21350461,513631591
141.4102,gpu,33,0,0
141.6102,disk0,877034730561536,1967971275,12426654753429179
141.6102,disk0w,1977581490176,18765513,1160168542716
141.6102,disk5,25237330704384,50825997,456632242697426
141.6102,disk5w,225980416,35966,1254168700
141.6102,disk4,29626505262080,29669556,342237156954146
141.6102,disk4w,1447521736704,1489953,590221765111
141.6102,disk8,41581540526080,67554288,708003391081789
141.6102,disk8w,4128768,601,984243925
141.6102,ram,479887360,64620118016,276993
141.6102,cpu,14868371,21350461,513631591
141.6102,gpu,0,0,0
141.8102,disk0,877036473610240,1967974880,12426660690846939
141.8102,disk0w,1977581490176,18765513,1160168542716
141.8102,disk5,25237935552512,50827188,456635955487522
141.8102,disk5w,225980416,35966,1254168700
141.8102,disk4,29627023389696,29670087,342237822617041
141.8102,disk4w,1447521736704,1489953,590221765111
141.8102,disk8,41582946256896,67556840,708023961167388
141.8102,disk8w,4128768,601,984243925
141.8102,ram,479887360,64620118016,276993
141.8102,cpu,14868371,21350461,513631591
141.8102,gpu,0,0,0
142.0102,disk0,877038167736320,1967986623,12426673811659327
142.0102,disk0w,1977581490176,18765513,1160168542716
142.0102,disk5,25238639155200,50828577,456640114144090
142.0102,disk5w,225980416,35966,1254168700
142.0102,disk4,29627411887104,29670485,342238269235207
142.0102,disk4w,1447521736704,1489953,590221765111
142.0102,disk8,41584250177536,67558987,708041046440305
142.0102,disk8w,4128768,601,984243925
142.0102,ram,479887360,64620118016,276993
142.0102,cpu,14868371,21350461,513631591
142.0102,gpu,0,0,0
142.2014,disk0,877039893905408,1967989708,12426684606885634
142.2014,disk0w,1977581490176,18765513,1160168542716
142.2014,disk5,25239274256384,50829839,456645145041379
142.2014,disk5w,225980416,35966,1254168700
142.2014,disk4,29627796124672,29670879,342239277988493
142.2014,disk4w,1447521736704,1489953,590221765111
142.2014,disk8,41585324836864,67561114,708052261466213
142.2014,disk8w,4128768,601,984243925
142.2014,ram,517537792,62842847232,276993
142.2014,cpu,14868392,21350568,513633249
142.2014,gpu,0,0,0
142.4102,disk0,877042054197248,1967995128,12426697512854021
142.4102,disk0w,1977581490176,18765513,1160168542716
142.4102,disk5,25240001951744,50831332,456649293997093
142.4102,disk5w,225980416,35966,1254168700
142.4102,disk4,29628331815936,29671428,342239909551721
142.4102,disk4w,1447521736704,1489953,590221765111
142.4102,disk8,41586561681408,67562968,708064505965816
142.4102,disk8w,4128768,601,984243925
142.4102,ram,517537792,62842847232,276993
142.4102,cpu,14868392,21350568,513633249
142.4102,gpu,0,0,0
142.6102,disk0,877044445671424,1967998999,12426713271083969
142.6102,disk0w,1977581490176,18765513,1160168542716
142.6102,disk5,25240701892608,50832767,456652973309197
142.6102,disk5w,225980416,35966,1254168700
142.6102,disk4,29628754392064,29671861,342240408111621
142.6102,disk4w,1447521736704,1489953,590221765111
142.6102,disk8,41587722782720,67564354,708071215824612
142.6102,disk8w,4128768,601,984243925
142.6102,ram,517537792,62842847232,276993
142.6102,cpu,14868392,21350568,513633249
142.6102,gpu,39,0,0
142.8075,disk0,877046839734272,1968003460,12426727129613411
142.8075,disk0w,1977581490176,18765513,1160168542716
142.8075,disk5,25241432061952,50834264,456657741107078
142.8075,disk5w,225980416,35966,1254168700
142.8075,disk4,29629378950144,29672501,342241209556245
142.8075,disk4w,1447521736704,1489953,590221765111
142.8075,disk8,41588946290688,67566276,708080336996800
142.8075,disk8w,4128768,601,984243925
142.8075,ram,517537792,62842847232,276993
142.8075,cpu,14868392,21350568,513633249
142.8075,gpu,0,0,0
143.0102,disk0,877049224556544,1968008223,12426741173382805
143.0102,disk0w,1977581551616,18765516,1160168586256
143.0102,disk5,25242104625152,50835618,456661607540869
143.0102,disk5w,225980416,35966,1254168700
143.0102,disk4,29629965235200,29673102,342242092637460
143.0102,disk4w,1447521736704,1489953,590221765111
143.0102,disk8,41590290778112,67568469,708092090811809
143.0102,disk8w,4128768,601,984243925
143.0102,ram,517537792,62842847232,276993
143.0102,cpu,14868392,21350568,513633249
143.0102,gpu,24,0,0
143.2102,disk0,877050965929984,1968011972,12426746861371897
143.2102,disk0w,1977586200576,18765752,1160173502847
143.2102,disk5,25242888484864,50837137,456668008695536
143.2102,disk5w,225980416,35966,1254168700
143.2102,disk4,29630448235520,29673597,342242597511044
143.2102,disk4w,1447521736704,1489953,590221765111
143.2102,disk8,41591604697088,67571231,708111807274358
143.2102,disk8w,4128768,601,984243925
143.2102,ram,515293184,64451018752,276993
143.2102,cpu,14868418,21350703,513634801
143.2102,gpu,0,0,0
143.4065,disk0,877053220696064,1968016717,12426762443630451
143.4065,disk0w,1977586200576,18765752,1160173502847
143.4065,disk5,25243449997312,50838249,456670355409005
143.4065,disk5w,225980416,35966,1254168700
143.4065,disk4,29630940017664,29674101,342243144904788
143.4065,disk4w,1447521736704,1489953,590221765111
143.4065,disk8,41592804317184,67573443,708125662973836
143.4065,disk8w,4128768,601,984243925
143.4065,ram,515293184,64451018752,276993
143.4065,cpu,14868418,21350703,513634801
143.4065,gpu,24,0,0
143.6033,disk0,877055441338368,1968024674,12426776691976672
143.6033,disk0w,1977586200576,18765752,1160173502847
143.6033,disk5,25243943942144,50839227,456672610223432
143.6033,disk5w,225980416,35966,1254168700
143.6033,disk4,29631361545216,29674533,342243631522905
143.6033,disk4w,1447521736704,1489953,590221765111
143.6033,disk8,41594168223744,67575922,708142460763992
143.6033,disk8w,4128768,601,984243925
143.6033,ram,515293184,64451018752,276993
143.6033,cpu,14868418,21350703,513634801
143.6033,gpu,0,0,0
143.8090,disk0,877057503002624,1968028756,12426791422737738
143.8090,disk0w,1977586200576,18765752,1160173502847
143.8090,disk5,25244543031296,50840430,456676160943943
143.8090,disk5w,225980416,35966,1254168700
143.8090,disk4,29631853261824,29675037,342244643701731
143.8090,disk4w,1447521736704,1489953,590221765111
143.8090,disk8,41595220391936,67578072,708154018013225
143.8090,disk8w,4128768,601,984243925
143.8090,ram,515293184,64451018752,276993
143.8090,cpu,14868418,21350703,513634801
143.8090,gpu,0,0,0
144.0041,disk0,877059878244352,1968033155,12426804676191054
144.0041,disk0w,1977586200576,18765752,1160173502847
144.0041,disk5,25245291124736,50841964,456681716538217
144.0041,disk5w,225980416,35966,1254168700
144.0041,disk4,29632503116800,29675703,342245640298683
144.0041,disk4w,1447521736704,1489953,590221765111
144.0041,disk8,41596452960256,67579760,708161954850533
144.0041,disk8w,4128768,601,984243925
144.0041,ram,515293184,64451018752,276993
144.0041,cpu,14868418,21350703,513634801
144.0041,gpu,0,0,0
144.2102,disk0,877062111744000,1968036723,12426817765499552
144.2102,disk0w,1977586200576,18765752,1160173502847
144.2102,disk5,25245944190976,50843304,456686376591745
144.2102,disk5w,225980416,35966,1254168700
144.2102,disk4,29633016656896,29676229,342246347169259
144.2102,disk4w,1447521736704,1489953,590221765111
144.2102,disk8,41597719656448,67581383,708171187160242
144.2102,disk8w,4128768,601,984243925
144.2102,ram,519700480,64535117824,276993
144.2102,cpu,14868449,21350819,513636578
144.2102,gpu,0,0,0
144.4054,disk0,877064328208384,1968040907,12426827519239549
144.4054,disk0w,1977586200576,18765752,1160173502847
144.4054,disk5,25246643599360,50844738,456691544036765
144.4054,disk5w,225980416,35966,1254168700
144.4054,disk4,29633662317568,29676891,342247212572469
144.4054,disk4w,1447521736704,1489953,590221765111
144.4054,disk8,41598976604160,67583319,708182903173130
144.4054,disk8w,4128768,601,984243925
144.4054,ram,519700480,64535117824,276993
144.4054,cpu,14868449,21350819,513636578
144.4054,gpu,0,0,0
144.6102,disk0,877066589200384,1968045723,12426839034703845
144.6102,disk0w,1977586200576,18765752,1160173502847
144.6102,disk5,25247484442624,50846413,456696202423870
144.6102,disk5w,225980416,35966,1254168700
144.6102,disk4,29634329736192,29677575,342248187220244
144.6102,disk4w,1447521736704,1489953,590221765111
144.6102,disk8,41600331773952,67585571,708195770466421
144.6102,disk8w,4128768,601,984243925
144.6102,ram,519700480,64535117824,276993
144.6102,cpu,14868449,21350819,513636578
144.6102,gpu,0,0,0
144.8066,disk0,877068299821056,1968049416,12426846153112938
144.8066,disk0w,1977586200576,18765752,1160173502847
144.8066,disk5,25248073709568,50847564,456699053985680
144.8066,disk5w,225980416,35966,1254168700
144.8066,disk4,29634830300160,29678088,342248799178160
144.8066,disk4w,1447521736704,1489953,590221765111
144.8066,disk8,41601723824128,67588221,708217417552067
144.8066,disk8w,4128768,601,984243925
144.8066,ram,519700480,64535117824,276993
144.8066,cpu,14868449,21350819,513636578
144.8066,gpu,23,0,0
145.0062,disk0,877070493036544,1968054088,12426858682290459
145.0062,disk0w,1977586208768,18765754,1160173546180
145.0062,disk5,25248971487232,50849340,456707200858250
145.0062,disk5w,225980416,35966,1254168700
145.0062,disk4,29635304518656,29678574,342249354010493
145.0062,disk4w,1447521736704,1489953,590221765111
145.0062,disk8,41602892576768,67590181,708227949582044
145.0062,disk8w,4128768,601,984243925
145.0062,ram,519700480,64535117824,276993
145.0062,cpu,14868449,21350819,513636578
145.0062,gpu,0,0,0
145.2102,disk0,877072635002880,1968063708,12426871542377557
145.2102,disk0w,1977586208768,18765754,1160173546180
145.2102,disk5,25249788246016,50850955,456711908518872
145.2102,disk5w,225980416,35966,1254168700
145.2102,disk4,29635843355648,29679126,342249930082972
145.2102,disk4w,1447521736704,1489953,590221765111
145.2102,disk8,41604202133504,67592846,708245392819652
145.2102,disk8w,4128768,601,984243925
145.2102,ram,518979584,62747082752,276993
145.2102,cpu,14868466,21350921,513638170
145.2102,gpu,0,0,0
145.4102,disk0,877074537299968,1968067302,12426880619284312
145.4102,disk0w,1977586208768,18765754,1160173546180
145.4102,disk5,25250416277504,50852241,456716766117116
145.4102,disk5w,225980416,35966,1254168700
145.4102,disk4,29636489950208,29679789,342252648947127
145.4102,disk4w,1447521736704,1489953,590221765111
145.4102,disk8,41605258672128,67594611,708254451795767
145.4102,disk8w,4128768,601,984243925
145.4102,ram,518979584,62747082752,276993
145.4102,cpu,14868466,21350921,513638170
145.4102,gpu,0,0,0
145.6002,disk0,877076678950912,1968070674,12426889757825854
145.6002,disk0w,1977586225152,18765755,1160173570180
145.6002,disk5,25251240998912,50853933,456724872960053
145.6002,disk5w,225980416,35966,1254168700
145.6002,disk4,29636993659904,29680305,342253255070253
145.6002,disk4w,1447521736704,1489953,590221765111
145.6002,disk8,41606441154560,67595973,708261015707568
145.6002,disk8w,4128768,601,984243925
145.6002,ram,518979584,62747082752,276993
145.6002,cpu,14868466,21350921,513638170
145.6002,gpu,0,0,0
145.8102,disk0,877078994731008,1968075156,12426901072767682
145.8102,disk0w,1977586225152,18765755,1160173570180
145.8102,disk5,25252017797120,50855524,456730616924652
145.8102,disk5w,225980416,35966,1254168700
145.8102,disk4,29637719405568,29681049,342254319174518
145.8102,disk4w,1447521736704,1489953,590221765111
145.8102,disk8,41607817541632,67598055,708273549149392
145.8102,disk8w,4128768,601,984243925
145.8102,ram,518979584,62747082752,276993
145.8102,cpu,14868466,21350921,513638170
145.8102,gpu,0,0,0
146.0102,disk0,877081360318464,1968079569,12426915883304259
146.0102,disk0w,1977586225152,18765755,1160173570180
146.0102,disk5,25252683544576,50856887,456734704845073
146.0102,disk5w,225980416,35966,1254168700
146.0102,disk4,29638246315008,29681589,342254943564756
146.0102,disk4w,1447521736704,1489953,590221765111
146.0102,disk8,41609093789696,67600043,708282387960317
146.0102,disk8w,4128768,601,984243925
146.0102,ram,518979584,62747082752,276993
146.0102,cpu,14868466,21350921,513638170
146.0102,gpu,0,0,0
146.2050,disk0,877083319668736,1968083770,12426925710468473
146.2050,disk0w,1977586225152,18765755,1160173570180
146.2050,disk5,25253574801408,50858615,456741386072502
146.2050,disk5w,225980416,35966,1254168700
146.2050,disk4,29638790788096,29682147,342255643925357
146.2050,disk4w,1447521736704,1489953,590221765111
146.2050,disk8,41610326980608,67602553,708297738653590
146.2050,disk8w,4128768,601,984243925
146.2050,ram,515375104,64536477696,276993
146.2050,cpu,14868488,21351036,513639962
146.2050,gpu,0,0,0
146.4102,disk0,877085470158848,1968088298,12426936203708717
146.4102,disk0w,1977586225152,18765755,1160173570180
146.4102,disk5,25254469711872,50860382,456747106072461
146.4102,disk5w,225980416,35966,1254168700
146.4102,disk4,29639282570240,29682651,342256148738432
146.4102,disk4w,1447521736704,1489953,590221765111
146.4102,disk8,41611688196096,67604918,708312362355477
146.4102,disk8w,4128768,601,984243925
146.4102,ram,515375104,64536477696,276993
146.4102,cpu,14868488,21351036,513639962
146.4102,gpu,0,0,0
146.6102,disk0,877087661133824,1968096638,12426953539871539
146.6102,disk0w,1977586225152,18765755,1160173570180
146.6102,disk5,25255186962432,50861791,456753397861447
146.6102,disk5w,225980416,35966,1254168700
146.6102,disk4,29639686534144,29683065,342256615054338
146.6102,disk4w,1447521736704,1489953,590221765111
146.6102,disk8,41612900579328,67607097,708324346097540
146.6102,disk8w,4128768,601,984243925
146.6102,ram,515375104,64536477696,276993
146.6102,cpu,14868488,21351036,513639962
146.6102,gpu,0,0,0
146.8102,disk0,877089578065920,1968100405,12426963321718698
146.8102,disk0w,1977586225152,18765755,1160173570180
146.8102,disk5,25255834482688,50863095,456758265254182
146.8102,disk5w,225980416,35966,1254168700
146.8102,disk4,29640222192640,29683614,342257771150957
146.8102,disk4w,1447521736704,1489953,590221765111
146.8102,disk8,41614040152064,67609240,708336453816953
146.8102,disk8w,4128768,601,984243925
146.8102,ram,515375104,64536477696,276993
146.8102,cpu,14868488,21351036,513639962
146.8102,gpu,0,0,0
147.0102,disk0,877091874070528,1968106444,12426974990957392
147.0102,disk0w,1977586225152,18765755,1160173570180
147.0102,disk5,25256622929920,50864714,456762954653380
147.0102,disk5w,225980416,35966,1254168700
147.0102,disk4,29640842163200,29684249,342258649977068
147.0102,disk4w,1447521736704,1489953,590221765111
147.0102,disk8,41615386392576,67611032,708346554228865
147.0102,disk8w,4128768,601,984243925
147.0102,ram,515375104,64536477696,276993
147.0102,cpu,14868488,21351036,513639962
147.0102,gpu,0,0,0
147.2102,disk0,877093915947008,1968109961,12426981380669921
147.2102,disk0w,1977586225152,18765755,1160173570180
147.2102,disk5,25257224632320,50865948,456766300537530
147.2102,disk5w,225980416,35966,1254168700
147.2102,disk4,29641574593536,29685000,342259822613636
147.2102,disk4w,1447521736704,1489953,590221765111
147.2102,disk8,41616800905216,67612976,708361215850424
147.2102,disk8w,4128768,601,984243925
147.2102,ram,517947392,64527138816,276993
147.2102,cpu,14868506,21351135,513641486
147.2102,gpu,0,0,0
147.4102,disk0,877096361865216,1968114925,12426994406295184
147.4102,disk0w,1977586225152,18765755,1160173570180
147.4102,disk5,25257949042688,50867433,456772496694619
147.4102,disk5w,225980416,35966,1254168700
147.4102,disk4,29642171757568,29685612,342260731558935
147.4102,disk4w,1447521736704,1489953,590221765111
147.4102,disk8,41618052937728,67614890,708370170332058
147.4102,disk8w,4128768,601,984243925
147.4102,ram,517947392,64527138816,276993
147.4102,cpu,14868506,21351135,513641486
147.4102,gpu,0,0,0
147.6102,disk0,877098442612736,1968119326,12427007303566867
147.6102,disk0w,1977586225152,18765755,1160173570180
147.6102,disk5,25258581538816,50868695,456775368190187
147.6102,disk5w,225980416,35966,1254168700
147.6102,disk4,29642707448832,29686161,342261402937754
147.6102,disk4w,1447521736704,1489953,590221765111
147.6102,disk8,41619367065600,67617180,708385147334591
147.6102,disk8w,4128768,601,984243925
147.6102,ram,517947392,64527138816,276993
147.6102,cpu,14868506,21351135,513641486
147.6102,gpu,0,0,0
147.8102,disk0,877100433989632,1968123548,12427020691011082
147.8102,disk0w,1977586225152,18765755,1160173570180
147.8102,disk5,25259116738560,50869743,456779109730338
147.8102,disk5w,225980416,35966,1254168700
147.8102,disk4,29643234358272,29686701,342262015273116
147.8102,disk4w,1447521736704,1489953,590221765111
147.8102,disk8,41620580681728,67619527,708400954334439
147.8102,disk8w,4128768,601,984243925
147.8102,ram,517947392,64527138816,276993
147.8102,cpu,14868506,21351135,513641486
147.8102,gpu,35,0,0
148.0065,disk0,877102442995712,1968127932,12427031648831739
148.0065,disk0w,1977586225152,18765755,1160173570180
148.0065,disk5,25259839174656,50871174,456782920631446
148.0065,disk5w,225980416,35966,1254168700
148.0065,disk4,29643717358592,29687196,342262610762337
148.0065,disk4w,1447521736704,1489953,590221765111
148.0065,disk8,41621872969728,67621804,708416705113150
148.0065,disk8w,4128768,601,984243925
148.0065,ram,517947392,64527138816,276993
148.0065,cpu,14868506,21351135,513641486
148.0065,gpu,0,0,0
148.2102,disk0,877104801738752,1968138320,12427050983746196
148.2102,disk0w,1977586225152,18765755,1160173570180
148.2102,disk5,25260628801536,50872733,456788120528576
148.2102,disk5w,225980416,35966,1254168700
148.2102,disk4,29644306789376,29687800,342263384376339
148.2102,disk4w,1447521736704,1489953,590221765111
148.2102,disk8,41623031089152,67624111,708426116568788
148.2102,disk8w,4128768,601,984243925
148.2102,ram,517849088,62765170688,276993
148.2102,cpu,14868531,21351272,513643250
148.2102,gpu,0,0,0
148.4102,disk0,877106582839296,1968143692,12427062907303270
148.4102,disk0w,1977586225152,18765755,1160173570180
148.4102,disk5,25261317339136,50874142,456794177135770
148.4102,disk5w,225980416,35966,1254168700
148.4102,disk4,29644885292032,29688393,342264395966059
148.4102,disk4w,1447521736704,1489953,590221765111
148.4102,disk8,41624078845952,67625729,708435152143733
148.4102,disk8w,4128768,601,984243925
148.4102,ram,517849088,62765170688,276993
148.4102,cpu,14868531,21351272,513643250
148.4102,gpu,0,0,0
148.6008,disk0,877108564045824,1968146953,12427071320369584
148.6008,disk0w,1977586225152,18765755,1160173570180
148.6008,disk5,25262004836352,50875553,456798776576763
148.6008,disk5w,225980416,35966,1254168700
148.6008,disk4,29645315601408,29688834,342265035474705
148.6008,disk4w,1447521736704,1489953,590221765111
148.6008,disk8,41625380669440,67627335,708445723863970
148.6008,disk8w,4128768,601,984243925
148.6008,ram,517849088,62765170688,276993
148.6008,cpu,14868531,21351272,513643250
148.6008,gpu,0,0,0
148.8045,disk0,877111075139584,1968151759,12427086585255835
148.8045,disk0w,1977586225152,18765755,1160173570180
148.8045,disk5,25262874851328,50877338,456805135508957
148.8045,disk5w,225980416,35966,1254168700
148.8045,disk4,29646035710976,29689572,342266010047790
148.8045,disk4w,1447521736704,1489953,590221765111
148.8045,disk8,41626623068160,67629147,708452938768274
148.8045,disk8w,4128768,601,984243925
148.8045,ram,517849088,62765170688,276993
148.8045,cpu,14868531,21351272,513643250
148.8045,gpu,0,0,0
149.0022,disk0,877113386565632,1968156230,12427100480550350
149.0022,disk0w,1977586225152,18765755,1160173570180
149.0022,disk5,25263392503808,50878399,456807784192490
149.0022,disk5w,225980416,35966,1254168700
149.0022,disk4,29646597747712,29690148,342266729147173
149.0022,disk4w,1447521736704,1489953,590221765111
149.0022,disk8,41627899267072,67631068,708463857964267
149.0022,disk8w,4128768,601,984243925
149.0022,ram,517849088,62765170688,276993
149.0022,cpu,14868531,21351272,513643250
149.0022,gpu,0,0,0
149.2015,disk0,877115342127104,1968160236,12427112705245851
149.2015,disk0w,1977586225152,18765755,1160173570180
149.2015,disk5,25263997876224,50879579,456811355461016
149.2015,disk5w,225980416,35966,1254168700
149.2015,disk4,29647019275264,29690580,342267249622986
149.2015,disk4w,1447521736704,1489953,590221765111
149.2015,disk8,41629230499840,67633662,708480632413538
149.2015,disk8w,4128768,601,984243925
149.2015,ram,518389760,64521043968,276993
149.2015,cpu,14868550,21351366,513644849
149.2015,gpu,0,0,0
149.4102,disk0,877117735948288,1968165488,12427125492771010
149.4102,disk0w,1977586225152,18765755,1160173570180
149.4102,disk5,25264615176192,50880795,456814459849528
149.4102,disk5w,225980416,35966,1254168700
149.4102,disk4,29647572530176,29691147,342267854578040
149.4102,disk4w,1447521736704,1489953,590221765111
149.4102,disk8,41630673651712,67636599,708500772021339
149.4102,disk8w,4128768,601,984243925
149.4102,ram,518389760,64521043968,276993
149.4102,cpu,14868550,21351366,513644849
149.4102,gpu,0,0,0
149.6102,disk0,877119725068288,1968175503,12427139696844394
149.6102,disk0w,1977586225152,18765755,1160173570180
149.6102,disk5,25265572935680,50882688,456821264041307
149.6102,disk5w,225980416,35966,1254168700
149.6102,disk4,29648107828224,29691695,342268586450009
149.6102,disk4w,1447521736704,1489953,590221765111
149.6102,disk8,41632036423680,67638875,708514007629085
149.6102,disk8w,4128768,601,984243925
149.6102,ram,518389760,64521043968,276993
149.6102,cpu,14868550,21351366,513644849
149.6102,gpu,0,0,0
149.8102,disk0,877121768660992,1968179301,12427157091110536
149.8102,disk0w,1977586225152,18765755,1160173570180
149.8102,disk5,25266015811584,50883575,456824423448143
149.8102,disk5w,225980416,35966,1254168700
149.8102,disk4,29648520934400,29692119,342269139494868
149.8102,disk4w,1447521736704,1489953,590221765111
149.8102,disk8,41632985761792,67640734,708522018827207
149.8102,disk8w,4128768,601,984243925
149.8102,ram,518389760,64521043968,276993
149.8102,cpu,14868550,21351366,513644849
149.8102,gpu,0,0,0
150.0102,disk0,877123760685056,1968184093,12427166031923099
150.0102,disk0w,1977586225152,18765755,1160173570180
150.0102,disk5,25266665060352,50884907,456828992748715
150.0102,disk5w,225980416,35966,1254168700
150.0102,disk4,29648933680128,29692542,342269649058890
150.0102,disk4w,1447521736704,1489953,590221765111
150.0102,disk8,41634344552448,67642795,708537263772747
150.0102,disk8w,4128768,601,984243925
150.0102,ram,518389760,64521043968,276993
150.0102,cpu,14868550,21351366,513644849
150.0102,gpu,0,0,0
150.2102,disk0,877125830672384,1968187681,12427176606977439
150.2102,disk0w,1977586225152,18765755,1160173570180
150.2102,disk5,25267410827264,50886435,456833422651475
150.2102,disk5w,225980416,35966,1254168700
150.2102,disk4,29649443025920,29693064,342270322399931
150.2102,disk4w,1447521736704,1489953,590221765111
150.2102,disk8,41635601074176,67644214,708546619123027
150.2102,disk8w,4128768,601,984243925
150.2102,ram,518078464,64568705024,276993
150.2102,cpu,14868568,21351474,513646582
150.2102,gpu,25,1,0
150.4102,disk0,877128000528384,1968191933,12427186650906737
150.4102,disk0w,1977586225152,18765755,1160173570180
150.4102,disk5,25268007434240,50887658,456836812127182
150.4102,disk5w,225980416,35966,1254168700
150.4102,disk4,29650066535424,29693703,342271119875551
150.4102,disk4w,1447521736704,1489953,590221765111
150.4102,disk8,41636958570496,67646231,708561111173110
150.4102,disk8w,4128768,601,984243925
150.4102,ram,518078464,64568705024,276993
150.4102,cpu,14868568,21351474,513646582
150.4102,gpu,0,0,0
150.6102,disk0,877130154590208,1968196344,12427200248975482
150.6102,disk0w,1977586225152,18765755,1160173570180
150.6102,disk5,25268616476672,50888888,456839812237522
150.6102,disk5w,225980416,35966,1254168700
150.6102,disk4,29650584663040,29694234,342271672481424
150.6102,disk4w,1447521736704,1489953,590221765111
150.6102,disk8,41638289082368,67648196,708574062129669
150.6102,disk8w,4128768,601,984243925
150.6102,ram,518078464,64568705024,276993
150.6102,cpu,14868568,21351474,513646582
150.6102,gpu,0,0,0
150.8085,disk0,877132246401024,1968200804,12427211471366006
150.8085,disk0w,1977586225152,18765755,1160173570180
150.8085,disk5,25269398910976,50890409,456846045903261
150.8085,disk5w,225980416,35966,1254168700
150.8085,disk4,29651199390720,29694864,342272455327460
150.8085,disk4w,1447521736704,1489953,590221765111
150.8085,disk8,41639651575808,67650886,708589104226568
150.8085,disk8w,4128768,601,984243925
150.8085,ram,518078464,64568705024,276993
150.8085,cpu,14868568,21351474,513646582
150.8085,gpu,0,0,0
151.0102,disk0,877134428143616,1968205225,12427223691858252
151.0102,disk0w,1977586225152,18765755,1160173570180
151.0102,disk5,25270361913344,50892313,456853168034694
151.0102,disk5w,225980416,35966,1254168700
151.0102,disk4,29651801797632,29695481,342273349729207
151.0102,disk4w,1447521736704,1489953,590221765111
151.0102,disk8,41640954611712,67653114,708600586111598
151.0102,disk8w,4128768,601,984243925
151.0102,ram,518078464,64568705024,276993
151.0102,cpu,14868568,21351474,513646582
151.0102,gpu,0,0,0
151.2070,disk0,877136434839552,1968211921,12427238560609772
151.2070,disk0w,1977586225152,18765755,1160173570180
151.2070,disk5,25271130847232,50893837,456858355375271
151.2070,disk5w,225980416,35966,1254168700
151.2070,disk4,29652364882944,29696058,342274030816520
151.2070,disk4w,1447521736704,1489953,590221765111
151.2070,disk8,41642262022144,67655682,708614897792740
151.2070,disk8w,4128768,601,984243925
151.2070,ram,522240000,63070896128,276993
151.2070,cpu,14868583,21351564,513648112
151.2070,gpu,0,0,0
151.4102,disk0,877138323083264,1968215718,12427254836321090
151.4102,disk0w,1977586225152,18765755,1160173570180
151.4102,disk5,25271680964608,50894956,456861577678534
151.4102,disk5w,225980416,35966,1254168700
151.4102,disk4,29652832728064,29696538,342275125744992
151.4102,disk4w,1447521736704,1489953,590221765111
151.4102,disk8,41643172399104,67657195,708623621975977
151.4102,disk8w,4128768,601,984243925
151.4102,ram,522240000,63070896128,276993
151.4102,cpu,14868583,21351564,513648112
151.4102,gpu,0,0,0
151.6102,disk0,877140507533312,1968224054,12427272843174533
151.6102,disk0w,1977586225152,18765755,1160173570180
151.6102,disk5,25272271419392,50896167,456865620853669
151.6102,disk5w,225980416,35966,1254168700
151.6102,disk4,29653342073856,29697060,342275755994696
151.6102,disk4w,1447521736704,1489953,590221765111
151.6102,disk8,41644373035008,67658765,708631773944632
151.6102,disk8w,4128768,601,984243925
151.6102,ram,522240000,63070896128,276993
151.6102,cpu,14868583,21351564,513648112
151.6102,gpu,0,0,0
151.8102,disk0,877142807240704,1968227939,12427285855397477
151.8102,disk0w,1977586225152,18765755,1160173570180
151.8102,disk5,25273025951744,50897714,456869775447370
151.8102,disk5w,225980416,35966,1254168700
151.8102,disk4,29653939237888,29697672,342276523277064
151.8102,disk4w,1447521736704,1489953,590221765111
151.8102,disk8,41645574817792,67660421,708641268015996
151.8102,disk8w,4128768,601,984243925
151.8102,ram,522240000,63070896128,276993
151.8102,cpu,14868583,21351564,513648112
151.8102,gpu,0,0,0
152.0048,disk0,877144666087424,1968231735,12427294858055570
152.0048,disk0w,1977586225152,18765755,1160173570180
152.0048,disk5,25273618511872,50898928,456872864105385
152.0048,disk5w,225980416,35966,1254168700
152.0048,disk4,29654449632256,29698195,342277252920426
152.0048,disk4w,1447521736704,1489953,590221765111
152.0048,disk8,41646925056000,67662503,708656728950159
152.0048,disk8w,4128768,601,984243925
152.0048,ram,522240000,63070896128,276993
152.0048,cpu,14868583,21351564,513648112
152.0048,gpu,36,0,0
152.2102,disk0,877146830135296,1968236028,12427306141018889
152.2102,disk0w,1977586225152,18765755,1160173570180
152.2102,disk5,25274460780544,50900602,456878106578365
152.2102,disk5w,225980416,35966,1254168700
152.2102,disk4,29655010620416,29698770,342277862913814
152.2102,disk4w,1447521736704,1489953,590221765111
152.2102,disk8,41648289810432,67664720,708669563925298
152.2102,disk8w,4128768,601,984243925
152.2102,ram,518635520,64468697088,276993
152.2102,cpu,14868599,21351670,513649916
152.2102,gpu,0,0,0
152.4102,disk0,877148854476800,1968240185,12427317642932325
152.4102,disk0w,1977586225152,18765755,1160173570180
152.4102,disk5,25275042592768,50901741,456881149168437
152.4102,disk5w,225980416,35966,1254168700
152.4102,disk4,29655634129920,29699409,342278711156488
152.4102,disk4w,1447521736704,1489953,590221765111
152.4102,disk8,41649579116544,67667285,708686517706440
152.4102,disk8w,4128768,601,984243925
152.4102,ram,518635520,64468697088,276993
152.4102,cpu,14868599,21351670,513649916
152.4102,gpu,0,0,0
152.6037,disk0,877151171538944,1968245395,12427336586278197
152.6037,disk0w,1977586225152,18765755,1160173570180
152.6037,disk5,25275752970240,50903148,456886873908768
152.6037,disk5w,225980416,35966,1254168700
152.6037,disk4,29656117130240,29699904,342279241300733
152.6037,disk4w,1447521736704,1489953,590221765111
152.6037,disk8,41650666850304,67669080,708694115482473
152.6037,disk8w,4128768,601,984243925
152.6037,ram,518635520,64468697088,276993
152.6037,cpu,14868599,21351670,513649916
152.6037,gpu,0,0,0
152.8016,disk0,877153335840768,1968257800,12427358393868178
152.8016,disk0w,1977586233344,18765757,1160173603054
152.8016,disk5,25276135110656,50903900,456888460056296
152.8016,disk5w,225980416,35966,1254168700
152.8016,disk4,29656626476032,29700426,342279991545100
152.8016,disk4w,1447521736704,1489953,590221765111
152.8016,disk8,41651736958976,67671188,708707041286859
152.8016,disk8w,4128768,601,984243925
152.8016,ram,518635520,64468697088,276993
152.8016,cpu,14868599,21351670,513649916
152.8016,gpu,0,0,0
153.0021,disk0,877155377475584,1968261775,12427373524389091
153.0021,disk0w,1977586233344,18765757,1160173603054
153.0021,disk5,25276754753536,50905155,456892016851718
153.0021,disk5w,225980416,35966,1254168700
153.0021,disk4,29657156449280,29700969,342281239119215
153.0021,disk4w,1447521736704,1489953,590221765111
153.0021,disk8,41652719278080,67672760,708714015106245
153.0021,disk8w,4128768,601,984243925
153.0021,ram,518635520,64468697088,276993
153.0021,cpu,14868599,21351670,513649916
153.0021,gpu,0,0,0
153.2102,disk0,877157741850624,1968269068,12427389504217335
153.2102,disk0w,1977586233344,18765757,1160173603054
153.2102,disk5,25277561927680,50906811,456898887082695
153.2102,disk5w,225980416,35966,1254168700
153.2102,disk4,29657662649344,29701488,342281887072884
153.2102,disk4w,1447521736704,1489953,590221765111
153.2102,disk8,41653971752960,67674352,708722594380092
153.2102,disk8w,4128768,601,984243925
153.2102,ram,514523136,64551157760,276993
153.2102,cpu,14868626,21351805,513651538
153.2102,gpu,44,6,0
153.4102,disk0,877160202465280,1968273759,12427404492948273
153.4102,disk0w,1977586233344,18765757,1160173603054
153.4102,disk5,25278263056384,50908246,456903096380172
153.4102,disk5w,225980416,35966,1254168700
153.4102,disk4,29658330067968,29702172,342282897048785
153.4102,disk4w,1447521736704,1489953,590221765111
153.4102,disk8,41655232256000,67676143,708731432243367
153.4102,disk8w,4128768,601,984243925
153.4102,ram,514523136,64551157760,276993
153.4102,cpu,14868626,21351805,513651538
153.4102,gpu,0,0,0
153.6102,disk0,877162598494208,1968278694,12427419792093684
153.6102,disk0w,1977586233344,18765757,1160173603054
153.6102,disk5,25278954985472,50909664,456908555182201
153.6102,disk5w,225980416,35966,1254168700
153.6102,disk4,29658988704768,29702847,342283945441156
153.6102,disk4w,1447521736704,1489953,590221765111
153.6102,disk8,41656433940480,67678028,708739719549889
153.6102,disk8w,4128768,601,984243925
153.6102,ram,514523136,64551157760,276993
153.6102,cpu,14868626,21351805,513651538
153.6102,gpu,0,0,0
153.8102,disk0,877164404518912,1968282489,12427429392626153
153.8102,disk0w,1977586233344,18765757,1160173603054
153.8102,disk5,25279729022976,50911175,456914898232715
153.8102,disk5w,225980416,35966,1254168700
153.8102,disk4,29659489268736,29703360,342284550204534
153.8102,disk4w,1447521736704,1489953,590221765111
153.8102,disk8,41657729996800,67680477,708756033139352
153.8102,disk8w,4128768,601,984243925
153.8102,ram,514523136,64551157760,276993
153.8102,cpu,14868626,21351805,513651538
153.8102,gpu,0,0,0
154.0102,disk0,877166575546368,1968287013,12427439553994386
154.0102,disk0w,1977586233344,18765757,1160173603054
154.0102,disk5,25280306132992,50912313,456918465835211
154.0102,disk5w,225980416,35966,1254168700
154.0102,disk4,29660042523648,29703927,342285235358721
154.0102,disk4w,1447521736704,1489953,590221765111
154.0102,disk8,41659144710144,67683200,708775345233146
154.0102,disk8w,4128768,601,984243925
154.0102,ram,514523136,64551157760,276993
154.0102,cpu,14868626,21351805,513651538
154.0102,gpu,0,0,0
154.2088,disk0,877168794886144,1968293281,12427456201579830
154.2088,disk0w,1977586233344,18765757,1160173603054
154.2088,disk5,25280989935616,50913664,456922164547644
154.2088,disk5w,225980416,35966,1254168700
154.2088,disk4,29660458415104,29704353,342285715006325
154.2088,disk4w,1447521736704,1489953,590221765111
154.2088,disk8,41660388141056,67685246,708787686711116
154.2088,disk8w,4128768,601,984243925
154.2088,ram,517046272,62871961600,276993
154.2088,cpu,14868646,21351910,513653269
154.2088,gpu,0,0,0
154.4086,disk0,877170817249280,1968304227,12427473640040138
154.4086,disk0w,1977586233344,18765757,1160173603054
154.4086,disk5,25281711863808,50915087,456927507373528
154.4086,disk5w,225980416,35966,1254168700
154.4086,disk4,29660894360576,29704800,342286196985431
154.4086,disk4w,1447521736704,1489953,590221765111
154.4086,disk8,41661514409984,67687582,708800087742591
154.4086,disk8w,4128768,601,984243925
154.4086,ram,517046272,62871961600,276993
154.4086,cpu,14868646,21351910,513653269
154.4086,gpu,0,0,0
154.6102,disk0,877172807790592,1968311469,12427489623881279
154.6102,disk0w,1977586233344,18765757,1160173603054
154.6102,disk5,25282259515392,50916207,456932344770282
154.6102,disk5w,225980416,35966,1254168700
154.6102,disk4,29661431034880,29705350,342287182722452
154.6102,disk4w,1447521736704,1489953,590221765111
154.6102,disk8,41662604126208,67689385,708808161852301
154.6102,disk8w,4128768,601,984243925
154.6102,ram,517046272,62871961600,276993
154.6102,cpu,14868646,21351910,513653269
154.6102,gpu,25,0,0
154.8102,disk0,877174941167616,1968315117,12427496838548397
154.8102,disk0w,1977586233344,18765757,1160173603054
154.8102,disk5,25282967263232,50917658,456936985145309
154.8102,disk5w,225980416,35966,1254168700
154.8102,disk4,29662009586688,29705943,342287990228043
154.8102,disk4w,1447521736704,1489953,590221765111
154.8102,disk8,41663936178176,67690989,708819271223926
154.8102,disk8w,4128768,601,984243925
154.8102,ram,517046272,62871961600,276993
154.8102,cpu,14868646,21351910,513653269
154.8102,gpu,0,0,0
155.0102,disk0,877177291046912,1968319636,12427511296382464
155.0102,disk0w,1977586233344,18765757,1160173603054
155.0102,disk5,25283750492160,50919264,456943004288145
155.0102,disk5w,225980416,35966,1254168700
155.0102,disk4,29662554059776,29706501,342288716646835
155.0102,disk4w,1447521736704,1489953,590221765111
155.0102,disk8,41665164191744,67692701,708827441692287
155.0102,disk8w,4128768,601,984243925
155.0102,ram,517046272,62871961600,276993
155.0102,cpu,14868646,21351910,513653269
155.0102,gpu,0,0,0
155.2102,disk0,877179492515840,1968324128,12427522355159134
155.2102,disk0w,1977586233344,18765757,1160173603054
155.2102,disk5,25284431706112,50920656,456947286542437
155.2102,disk5w,225980416,35966,1254168700
155.2102,disk4,29663001932800,29706960,342289229009186
155.2102,disk4w,1447521736704,1489953,590221765111
155.2102,disk8,41666526324736,67694772,708840349875426
155.2102,disk8w,4128768,601,984243925
155.2102,ram,513916928,64489684992,276993
155.2102,cpu,14868661,21352011,513654864
155.2102,gpu,0,0,0
155.4102,disk0,877181686829056,1968328792,12427538325366280
155.4102,disk0w,1977586233344,18765757,1160173603054
155.4102,disk5,25285162547200,50922072,456950691927925
155.4102,disk5w,225980416,35966,1254168700
155.4102,disk4,29663528842240,29707500,342289822600926
155.4102,disk4w,1447521736704,1489953,590221765111
155.4102,disk8,41667736254464,67697078,708853344985727
155.4102,disk8w,4128768,601,984243925
155.4102,ram,513916928,64489684992,276993
155.4102,cpu,14868661,21352011,513654864
155.4102,gpu,0,0,0
155.6099,disk0,877183988457472,1968333583,12427551552784966
155.6099,disk0w,1977586233344,18765757,1160173603054
155.6099,disk5,25285940770816,50923605,456956135846839
155.6099,disk5w,225980416,35966,1254168700
155.6099,disk4,29664090878976,29708076,342290487259068
155.6099,disk4w,1447521736704,1489953,590221765111
155.6099,disk8,41669014222848,67699704,708867209051974
155.6099,disk8w,4128768,601,984243925
155.6099,ram,513916928,64489684992,276993
155.6099,cpu,14868661,21352011,513654864
155.6099,gpu,46,0,0
155.8102,disk0,877185951051776,1968338795,12427563012679852
155.8102,disk0w,1977586233344,18765757,1160173603054
155.8102,disk5,25286558595072,50924824,456960593603441
155.8102,disk5w,225980416,35966,1254168700
155.8102,disk4,29664464958464,29708459,342290923908619
155.8102,disk4w,1447521736704,1489953,590221765111
155.8102,disk8,41670308476928,67701780,708881970562434
155.8102,disk8w,4128768,601,984243925
155.8102,ram,513916928,64489684992,276993
155.8102,cpu,14868661,21352011,513654864
155.8102,gpu,0,0,0
156.0026,disk0,877187690070016,1968341955,12427573015956596
156.0026,disk0w,1977586233344,18765757,1160173603054
156.0026,disk5,25287160313856,50926025,456965842453410
156.0026,disk5w,225980416,35966,1254168700
156.0026,disk4,29664993915904,29709001,342291841081646
156.0026,disk4w,1447521736704,1489953,590221765111
156.0026,disk8,41671404582912,67703870,708894781203495
156.0026,disk8w,4128768,601,984243925
156.0026,ram,513916928,64489684992,276993
156.0026,cpu,14868661,21352011,513654864
156.0026,gpu,0,0,0
156.2102,disk0,877189918662656,1968347576,12427587257004798
156.2102,disk0w,1977586233344,18765757,1160173603054
156.2102,disk5,25287976269824,50927696,456971751061970
156.2102,disk5w,225980416,35966,1254168700
156.2102,disk4,29665601303552,29709624,342292671900594
156.2102,disk4w,1447521736704,1489953,590221765111
156.2102,disk8,41672688531456,67705703,708903707276930
156.2102,disk8w,4128768,601,984243925
156.2102,ram,515997696,64459980800,276993
156.2102,cpu,14868677,21352108,513656534
156.2102,gpu,0,0,0
156.4102,disk0,877191903305728,1968350668,12427592933423675
156.4102,disk0w,1977586233344,18765757,1160173603054
156.4102,disk5,25288569722880,50928913,456974825404496
156.4102,disk5w,225980416,35966,1254168700
156.4102,disk4,29666101867520,29710137,342293251665513
156.4102,disk4w,1447521736704,1489953,590221765111
156.4102,disk8,41674074994688,67707391,708918043875336
156.4102,disk8w,4128768,601,984243925
156.4102,ram,515997696,64459980800,276993
156.4102,cpu,14868677,21352108,513656534
156.4102,gpu,0,0,0
156.6102,disk0,877194324615168,1968355107,12427605530377174
156.6102,disk0w,1977586233344,18765757,1160173603054
156.6102,disk5,25289281583104,50930373,456978953085931
156.6102,disk5w,225980416,35966,1254168700
156.6102,disk4,29666681467904,29710731,342294213887936
156.6102,disk4w,1447521736704,1489953,590221765111
156.6102,disk8,41675385354240,67709372,708927606081116
156.6102,disk8w,4128768,601,984243925
156.6102,ram,515997696,64459980800,276993
156.6102,cpu,14868677,21352108,513656534
156.6102,gpu,0,0,0
156.8087,disk0,877196565196800,1968359950,12427619860985105
156.8087,disk0w,1977586233344,18765757,1160173603054
156.8087,disk5,25289976133632,50931761,456983585817771
156.8087,disk5w,225980416,35966,1254168700
156.8087,disk4,29667225940992,29711289,342294839910710
156.8087,disk4w,1447521736704,1489953,590221765111
156.8087,disk8,41676736985088,67711539,708939852677525
156.8087,disk8w,4128768,601,984243925
156.8087,ram,515997696,64459980800,276993
156.8087,cpu,14868677,21352108,513656534
156.8087,gpu,0,0,0
157.0102,disk0,877198489546752,1968364065,12427628573952240
157.0102,disk0w,1977586233344,18765757,1160173603054
157.0102,disk5,25290555717632,50932892,456986614012301
157.0102,disk5w,225980416,35966,1254168700
157.0102,disk4,29667736335360,29711812,342295447916910
157.0102,disk4w,1447521736704,1489953,590221765111
157.0102,disk8,41678132426752,67714364,708960761201580
157.0102,disk8w,4128768,601,984243925
157.0102,ram,515997696,64459980800,276993
157.0102,cpu,14868677,21352108,513656534
157.0102,gpu,24,0,0
157.2003,disk0,877200691675136,1968369120,12427645838865056
157.2003,disk0w,1977586233344,18765757,1160173603054
157.2003,disk5,25291082135552,50933934,456989018324653
157.2003,disk5w,225980416,35966,1254168700
157.2003,disk4,29668209505280,29712297,342296145135243
157.2003,disk4w,1447521736704,1489953,590221765111
157.2003,disk8,41679295920128,67716417,708973079934267
157.2003,disk8w,4128768,601,984243925
157.2003,ram,516194304,62830346240,276993
157.2003,cpu,14868695,21352215,513658269
157.2003,gpu,0,0,0
157.4102,disk0,877202902437888,1968379251,12427665280714952
157.4102,disk0w,1977586233344,18765757,1160173603054
157.4102,disk5,25291862996992,50935476,456994908250623
157.4102,disk5w,225980416,35966,1254168700
157.4102,disk4,29668762760192,29712864,342296867599983
157.4102,disk4w,1447521736704,1489953,590221765111
157.4102,disk8,41680530683904,67718800,708985116806450
157.4102,disk8w,4128768,601,984243925
157.4102,ram,516194304,62830346240,276993
157.4102,cpu,14868695,21352215,513658269
157.4102,gpu,0,0,0
157.6090,disk0,877204444155904,1968382433,12427672761963633
157.6090,disk0w,1977586233344,18765757,1160173603054
157.6090,disk5,25292564887552,50936911,457001466287806
157.6090,disk5w,225980416,35966,1254168700
157.6090,disk4,29669228131328,29713341,342298203869621
157.6090,disk4w,1447521736704,1489953,590221765111
157.6090,disk8,41681645762560,67720598,708995757605473
157.6090,disk8w,4128768,601,984243925
157.6090,ram,516194304,62830346240,276993
157.6090,cpu,14868695,21352215,513658269
157.6090,gpu,0,0,0
157.8102,disk0,877206794428416,1968388002,12427686147982570
157.8102,disk0w,1977586233344,18765757,1160173603054
157.8102,disk5,25293397628928,50938618,457007926333679
157.8102,disk5w,225980416,35966,1254168700
157.8102,disk4,29669743768576,29713869,342298846786661
157.8102,disk4w,1447521736704,1489953,590221765111
157.8102,disk8,41682841253888,67722105,709002951584647
157.8102,disk8w,4128768,601,984243925
157.8102,ram,516194304,62830346240,276993
157.8102,cpu,14868695,21352215,513658269
157.8102,gpu,0,0,0
158.0073,disk0,877209093677056,1968392140,12427697998089189
158.0073,disk0w,1977586233344,18765757,1160173603054
158.0073,disk5,25294113912832,50940086,457012322809818
158.0073,disk5w,225980416,35966,1254168700
158.0073,disk4,29670264386560,29714403,342299481817602
158.0073,disk4w,1447521736704,1489953,590221765111
158.0073,disk8,41684159150080,67723868,709012898243840
158.0073,disk8w,4128768,601,984243925
158.0073,ram,516194304,62830346240,276993
158.0073,cpu,14868695,21352215,513658269
158.0073,gpu,36,0,0
158.2102,disk0,877211592925184,1968397507,12427713227843577
158.2102,disk0w,1977586233344,18765757,1160173603054
158.2102,disk5,25294767077376,50941427,457015601047322
158.2102,disk5w,225980416,35966,1254168700
158.2102,disk4,29670794441728,29714946,342300095467034
158.2102,disk4w,1447521736704,1489953,590221765111
158.2102,disk8,41685523445760,67725938,709024156046109
158.2102,disk8w,4128768,601,984243925
158.2102,ram,520994816,64483164160,276993
158.2102,cpu,14868721,21352339,513659825
158.2102,gpu,0,0,0
158.4102,disk0,877213652082688,1968401812,12427724727769625
158.4102,disk0w,1977586233344,18765757,1160173603054
158.4102,disk5,25295188211712,50942249,457017417335260
158.4102,disk5w,225980416,35966,1254168700
158.4102,disk4,29671296054272,29715460,342300674006451
158.4102,disk4w,1447521736704,1489953,590221765111
158.4102,disk8,41686878550016,67728483,709043230296770
158.4102,disk8w,4128768,601,984243925
158.4102,ram,520994816,64483164160,276993
158.4102,cpu,14868721,21352339,513659825
158.4102,gpu,0,0,0
158.6102,disk0,877215939403776,1968406530,12427737762119443
158.6102,disk0w,1977586241536,18765759,1160173647970
158.6102,disk5,25295921690624,50943692,457020745255758
158.6102,disk5w,225980416,35966,1254168700
158.6102,disk4,29671752709120,29715928,342301174066549
158.6102,disk4w,1447521736704,1489953,590221765111
158.6102,disk8,41688210913280,67731205,709060718813291
158.6102,disk8w,4128768,601,984243925
158.6102,ram,520994816,64483164160,276993
158.6102,cpu,14868721,21352339,513659825
158.6102,gpu,40,0,0
158.8102,disk0,877218077810688,1968413032,12427753625995731
158.8102,disk0w,1977586241536,18765759,1160173647970
158.8102,disk5,25296586913792,50945005,457024416328700
158.8102,disk5w,225980416,35966,1254168700
158.8102,disk4,29672188654592,29716375,342301725683067
158.8102,disk4w,1447521736704,1489953,590221765111
158.8102,disk8,41689467779072,67733313,709073137141978
158.8102,disk8w,4128768,601,984243925
158.8102,ram,520994816,64483164160,276993
158.8102,cpu,14868721,21352339,513659825
158.8102,gpu,43,0,0
159.0071,disk0,877219840303104,1968416430,12427765256178595
159.0071,disk0w,1977586241536,18765759,1160173647970
159.0071,disk5,25297191761920,50946202,457028651342377
159.0071,disk5w,225980416,35966,1254168700
159.0071,disk4,29672624206848,29716821,342302289721659
159.0071,disk4w,1447521736704,1489953,590221765111
159.0071,disk8,41690534004736,67735422,709084327206793
159.0071,disk8w,4128768,601,984243925
159.0071,ram,520994816,64483164160,276993
159.0071,cpu,14868721,21352339,513659825
159.0071,gpu,0,0,0
159.2102,disk0,877221944999936,1968420757,12427775783181359
159.2102,disk0w,1977586241536,18765759,1160173647970
159.2102,disk5,25298070173696,50948002,457038042812952
159.2102,disk5w,225980416,35966,1254168700
159.2102,disk4,29673174250496,29717385,342303475751092
159.2102,disk4w,1447521736704,1489953,590221765111
159.2102,disk8,41691715061760,67737195,709095920467410
159.2102,disk8w,4128768,601,984243925
159.2102,ram,515604480,64440270848,276993
159.2102,cpu,14868740,21352444,513661487
159.2102,gpu,0,0,0
159.4058,disk0,877223932628992,1968424021,12427786169892079
159.4058,disk0w,1977586241536,18765759,1160173647970
159.4058,disk5,25298715752448,50949326,457042391573343
159.4058,disk5w,225980416,35966,1254168700
159.4058,disk4,29673636541440,29717859,342303985489482
159.4058,disk4w,1447521736704,1489953,590221765111
159.4058,disk8,41692954249216,67738589,709105115669940
159.4058,disk8w,4128768,601,984243925
159.4058,ram,515604480,64440270848,276993
159.4058,cpu,14868740,21352444,513661487
159.4058,gpu,0,0,0
159.6102,disk0,877226173157376,1968428457,12427798685525658
159.6102,disk0w,1977586241536,18765759,1160173647970
159.6102,disk5,25299411884032,50950753,457045654867993
159.6102,disk5w,225980416,35966,1254168700
159.6102,disk4,29674163450880,29718399,342304779931018
159.6102,disk4w,1447521736704,1489953,590221765111
159.6102,disk8,41694342662144,67740633,709118646763495
159.6102,disk8w,4128768,601,984243925
159.6102,ram,515604480,64440270848,276993
159.6102,cpu,14868740,21352444,513661487
159.6102,gpu,0,0,0
159.8006,disk0,877228333502464,1968432983,12427814130413816
159.8006,disk0w,1977586241536,18765759,1160173647970
159.8006,disk5,25300119009280,50952193,457050704515833
159.8006,disk5w,225980416,35966,1254168700
159.8006,disk4,29674699142144,29718948,342305440159429
159.8006,disk4w,1447521736704,1489953,590221765111
159.8006,disk8,41695526569984,67742503,709126857324494
159.8006,disk8w,4128768,601,984243925
159.8006,ram,515604480,64440270848,276993
159.8006,cpu,14868740,21352444,513661487
159.8006,gpu,0,0,0
160.0102,disk0,877230434471936,1968437578,12427824719851229
160.0102,disk0w,1977586241536,18765759,1160173647970
160.0102,disk5,25300899575808,50953708,457054426356911
160.0102,disk5w,225980416,35966,1254168700
160.0102,disk4,29675199706112,29719461,342305995571627
160.0102,disk4w,1447521736704,1489953,590221765111
160.0102,disk8,41696936237056,67745266,709147014556358
160.0102,disk8w,4128768,601,984243925
160.0102,ram,515604480,64440270848,276993
160.0102,cpu,14868740,21352444,513661487
160.0102,gpu,0,0,0
160.2102,disk0,877232050475008,1968440839,12427829307192458
160.2102,disk0w,1977586241536,18765759,1160173647970
160.2102,disk5,25301592979456,50955078,457059338726787
160.2102,disk5w,225980416,35966,1254168700
160.2102,disk4,29675677070336,29719950,342306770000090
160.2102,disk4w,1447521736704,1489953,590221765111
160.2102,disk8,41698311641088,67747949,709169417412300
160.2102,disk8w,4128768,601,984243925
160.2102,ram,518995968,64569016320,276993
160.2102,cpu,14868755,21352539,513663160
160.2102,gpu,0,0,0
160.4011,disk0,877234063155200,1968446930,12427842786051185
160.4011,disk0w,1977586241536,18765759,1160173647970
160.4011,disk5,25302178854912,50956232,457062029823673
160.4011,disk5w,225980416,35966,1254168700
160.4011,disk4,29676079985664,29720363,342307235763618
160.4011,disk4w,1447521736704,1489953,590221765111
160.4011,disk8,41699571914752,67749933,709183877775234
160.4011,disk8w,4128768,601,984243925
160.4011,ram,518995968,64569016320,276993
160.4011,cpu,14868755,21352539,513663160
160.4011,gpu,0,0,0
160.6102,disk0,877236052783104,1968450609,12427855036540973
160.6102,disk0w,1977586241536,18765759,1160173647970
160.6102,disk5,25302944118784,50957765,457069068278027
160.6102,disk5w,225980416,35966,1254168700
160.6102,disk4,29676560839680,29720856,342307953075329
160.6102,disk4w,1447521736704,1489953,590221765111
160.6102,disk8,41700651374592,67751988,709194115821937
160.6102,disk8w,4128768,601,984243925
160.6102,ram,518995968,64569016320,276993
160.6102,cpu,14868755,21352539,513663160
160.6102,gpu,0,0,0
160.8102,disk0,877238369583104,1968456474,12427867980265499
160.8102,disk0w,1977586241536,18765759,1160173647970
160.8102,disk5,25303742527488,50959402,457075129469701
160.8102,disk5w,225980416,35966,1254168700
160.8102,disk4,29677105312768,29721414,342308735382110
160.8102,disk4w,1447521736704,1489953,590221765111
160.8102,disk8,41701923690496,67753804,709204374324886
160.8102,disk8w,4128768,601,984243925
160.8102,ram,518995968,64569016320,276993
160.8102,cpu,14868755,21352539,513663160
160.8102,gpu,0,0,0
161.0064,disk0,877240686399488,1968460390,12427882187132348
161.0064,disk0w,1977586241536,18765759,1160173647970
161.0064,disk5,25304356681728,50960661,457078958199118
161.0064,disk5w,225980416,35966,1254168700
161.0064,disk4,29677597094912,29721918,342309291628688
161.0064,disk4w,1447521736704,1489953,590221765111
161.0064,disk8,41703137302528,67755305,709212554349953
161.0064,disk8w,4128768,601,984243925
161.0064,ram,518995968,64569016320,276993
161.0064,cpu,14868755,21352539,513663160
161.0064,gpu,0,0,0
161.2102,disk0,877243267977216,1968465507,12427900829273995
161.2102,disk0w,1977586241536,18765759,1160173647970
161.2102,disk5,25305060685824,50962105,457083323421816
161.2102,disk5w,225980416,35966,1254168700
161.2102,disk4,29678115222528,29722449,342309902604248
161.2102,disk4w,1447521736704,1489953,590221765111
161.2102,disk8,41704404211712,67757224,709220548404187
161.2102,disk8w,4128768,601,984243925
161.2102,ram,500924416,64527794176,276993
161.2102,cpu,14868773,21352647,513664912
161.2102,gpu,0,0,0
161.4066,disk0,877245361065984,1968469894,12427910331256808
161.4066,disk0w,1977586241536,18765759,1160173647970
161.4066,disk5,25305876641792,50963735,457093286014012
161.4066,disk5w,225980416,35966,1254168700
161.4066,disk4,29678615786496,29722962,342310522305937
161.4066,disk4w,1447521736704,1489953,590221765111
161.4066,disk8,41705548765184,67759178,709231630583447
161.4066,disk8w,4128768,601,984243925
161.4066,ram,500924416,64527794176,276993
161.4066,cpu,14868774,21352648,513664956
161.4066,gpu,0,0,0
161.6013,disk0,877247275618304,1968474011,12427916950904227
161.6013,disk0w,1977586241536,18765759,1160173647970
161.6013,disk5,25306585200640,50965123,457098604038431
161.6013,disk5w,225980416,35966,1254168700
161.6013,disk4,29679195386880,29723556,342311210236432
161.6013,disk4w,1447521736704,1489953,590221765111
161.6013,disk8,41706906703872,67761733,709250403231058
161.6013,disk8w,4128768,601,984243925
161.6013,ram,500924416,64527794176,276993
161.6013,cpu,14868774,21352648,513664956
161.6013,gpu,0,0,0
161.8102,disk0,877249060999168,1968478301,12427924833311103
161.8102,disk0w,1977586241536,18765759,1160173647970
161.8102,disk5,25307216525312,50966371,457101865573926
161.8102,disk5w,225980416,35966,1254168700
161.8102,disk4,29679678387200,29724051,342312035834480
161.8102,disk4w,1447521736704,1489953,590221765111
161.8102,disk8,41708382230528,67764358,709271503743284
161.8102,disk8w,4128768,601,984243925
161.8102,ram,500924416,64527794176,276993
161.8102,cpu,14868774,21352648,513664956
161.8102,gpu,27,0,0
162.0102,disk0,877251325448192,1968484517,12427938530088670
162.0102,disk0w,1977586241536,18765759,1160173647970
162.0102,disk5,25307971434496,50967857,457106367073174
162.0102,disk5w,225980416,35966,1254168700
162.0102,disk4,29680073569280,29724456,342312454244122
162.0102,disk4w,1447521736704,1489953,590221765111
162.0102,disk8,41709631625216,67766701,709284289105489
162.0102,disk8w,4128768,601,984243925
162.0102,ram,500924416,64527794176,276993
162.0102,cpu,14868774,21352648,513664956
162.0102,gpu,47,0,0
162.2102,disk0,877252936044544,1968490027,12427947995096072
162.2102,disk0w,1977586241536,18765759,1160173647970
162.2102,disk5,25308653828096,50969254,457111751360252
162.2102,disk5w,225980416,35966,1254168700
162.2102,disk4,29680631985152,29725028,342313860591768
162.2102,disk4w,1447521736704,1489953,590221765111
162.2102,disk8,41710746408960,67768489,709296303196846
162.2102,disk8w,4128768,601,984243925
162.2102,ram,502530048,64510787584,276993
162.2102,cpu,14868792,21352747,513666487
162.2102,gpu,30,3,0
162.4102,disk0,877255379341312,1968494342,12427960468835574
162.4102,disk0w,1977586241536,18765759,1160173647970
162.4102,disk5,25309402593280,50970789,457116300106023
162.4102,disk5w,225980416,35966,1254168700
162.4102,disk4,29681215124480,29725626,342314625813441
162.4102,disk4w,1447521736704,1489953,590221765111
162.4102,disk8,41711998736384,67769925,709304386483825
162.4102,disk8w,4128768,601,984243925
162.4102,ram,502530048,64510787584,276993
162.4102,cpu,14868792,21352747,513666487
162.4102,gpu,0,0,0
162.6102,disk0,877257509015552,1968498224,12427970726988578
162.6102,disk0w,1977586241536,18765759,1160173647970
162.6102,disk5,25310146009088,50972314,457121003367023
162.6102,disk5w,225980416,35966,1254168700
162.6102,disk4,29681689342976,29726112,342315161230247
162.6102,disk4w,1447521736704,1489953,590221765111
162.6102,disk8,41713349695488,67771956,709318048390936
162.6102,disk8w,4128768,601,984243925
162.6102,ram,502530048,64510787584,276993
162.6102,cpu,14868792,21352747,513666487
162.6102,gpu,0,0,0
162.8102,disk0,877259608129536,1968502608,12427982563471555
162.8102,disk0w,1977586241536,18765759,1160173647970
162.8102,disk5,25310934972416,50973924,457127163427574
162.8102,disk5w,225980416,35966,1254168700
162.8102,disk4,29682360955904,29726800,342316117273886
162.8102,disk4w,1447521736704,1489953,590221765111
162.8102,disk8,41714649929728,67773997,709328543979730
162.8102,disk8w,4128768,601,984243925
162.8102,ram,502530048,64510787584,276993
162.8102,cpu,14868792,21352747,513666487
162.8102,gpu,0,0,0
163.0102,disk0,877261540950016,1968506677,12427993475823494
163.0102,disk0w,1977586241536,18765759,1160173647970
163.0102,disk5,25311558416384,50975132,457130739461799
163.0102,disk5w,225980416,35966,1254168700
163.0102,disk4,29682901234688,29727354,342316744340082
163.0102,disk4w,1447521736704,1489953,590221765111
163.0102,disk8,41715969562624,67776558,709346861270016
163.0102,disk8w,4128768,601,984243925
163.0102,ram,502530048,64510787584,276993
163.0102,cpu,14868792,21352747,513666487
163.0102,gpu,0,0,0
163.2019,disk0,877263507456000,1968510903,12428003678367013
163.2019,disk0w,1977586241536,18765759,1160173647970
163.2019,disk5,25312356300800,50976706,457135507634507
163.2019,disk5w,225980416,35966,1254168700
163.2019,disk4,29683401798656,29727867,342317357747205
163.2019,disk4w,1447521736704,1489953,590221765111
163.2019,disk8,41717255313408,67779104,709362501749077
163.2019,disk8w,4128768,601,984243925
163.2019,ram,506068992,62824087552,276993
163.2019,cpu,14868819,21352882,513668184
163.2019,gpu,36,1,0
163.4102,disk0,877265666990080,1968522210,12428023923504837
163.4102,disk0w,1977586241536,18765759,1160173647970
163.4102,disk5,25313007499264,50977994,457140207624160
163.4102,disk5w,225980416,35966,1254168700
163.4102,disk4,29683788198912,29728263,342317825709821
163.4102,disk4w,1447521736704,1489953,590221765111
163.4102,disk8,41718588729344,67781284,709376517841091
163.4102,disk8w,4128768,601,984243925
163.4102,ram,506068992,62824087552,276993
163.4102,cpu,14868819,21352884,513668245
163.4102,gpu,0,0,0
163.6102,disk0,877267369381888,1968526385,12428032789368267
163.6102,disk0w,1977586241536,18765759,1160173647970
163.6102,disk5,25313709389824,50979381,457144737591357
163.6102,disk5w,225980416,35966,1254168700
163.6102,disk4,29684200944640,29728686,342318309111459
163.6102,disk4w,1447521736704,1489953,590221765111
163.6102,disk8,41719834404864,67783747,709392801694637
163.6102,disk8w,4128768,601,984243925
163.6102,ram,506068992,62824087552,276993
163.6102,cpu,14868819,21352884,513668245
163.6102,gpu,0,0,0
163.8102,disk0,877269072334848,1968530375,12428042610957147
163.8102,disk0w,1977586241536,18765759,1160173647970
163.8102,disk5,25314417047552,50980830,457149524806529
163.8102,disk5w,225980416,35966,1254168700
163.8102,disk4,29684660696064,29729157,342319211155641
163.8102,disk4w,1447521736704,1489953,590221765111
163.8102,disk8,41720981153792,67785581,709406012237563
163.8102,disk8w,4128768,601,984243925
163.8102,ram,506068992,62824087552,276993
163.8102,cpu,14868819,21352884,513668245
163.8102,gpu,0,0,0
164.0102,disk0,877271347499008,1968534383,12428055425945682
164.0102,disk0w,1977586241536,18765759,1160173647970
164.0102,disk5,25315086473216,50982203,457152858874820
164.0102,disk5w,225980416,35966,1254168700
164.0102,disk4,29685309502464,29729822,342320062203125
164.0102,disk4w,1447521736704,1489953,590221765111
164.0102,disk8,41722168895488,67786975,709414112940638
164.0102,disk8w,4128768,601,984243925
164.0102,ram,506068992,62824087552,276993
164.0102,cpu,14868819,21352884,513668245
164.0102,gpu,0,0,0
164.2060,disk0,877273230594048,1968538045,12428062725787079
164.2060,disk0w,1977586241536,18765759,1160173647970
164.2060,disk5,25315885250560,50983841,457158228076561
164.2060,disk5w,225980416,35966,1254168700
164.2060,disk4,29685751739392,29730275,342320550092264
164.2060,disk4w,1447521736704,1489953,590221765111
164.2060,disk8,41723501570048,67788972,709428840241081
164.2060,disk8w,4128768,601,984243925
164.2060,ram,502530048,64624967680,276993
164.2060,cpu,14868836,21352980,513669849
164.2060,gpu,30,3,0
164.4102,disk0,877275370983424,1968542202,12428073456913190
164.4102,disk0w,1977586241536,18765759,1160173647970
164.4102,disk5,25316843812864,50985798,457164922998893
164.4102,disk5w,225980416,35966,1254168700
164.4102,disk4,29686343660544,29730882,342321339359271
164.4102,disk4w,1447521736704,1489953,590221765111
164.4102,disk8,41724832131072,67790839,709439468820755
164.4102,disk8w,4128768,601,984243925
164.4102,ram,502530048,64624967680,276993
164.4102,cpu,14868836,21352980,513669849
164.4102,gpu,0,0,0
164.6081,disk0,877277187854336,1968546158,12428081888523419
164.6081,disk0w,1977586241536,18765759,1160173647970
164.6081,disk5,25317554862080,50987176,457169228670898
164.6081,disk5w,225980416,35966,1254168700
164.6081,disk4,29686791533568,29731341,342321850324616
164.6081,disk4w,1447521736704,1489953,590221765111
164.6081,disk8,41726218430464,67793559,709459491961073
164.6081,disk8w,4128768,601,984243925
164.6081,ram,502530048,64624967680,276993
164.6081,cpu,14868836,21352980,513669849
164.6081,gpu,0,0,0
164.8102,disk0,877279317413888,1968551011,12428092395739271
164.8102,disk0w,1977586241536,18765759,1160173647970
164.8102,disk5,25318368196608,50988784,457175113759948
164.8102,disk5w,225980416,35966,1254168700
164.8102,disk4,29687409406976,29731974,342322766785061
164.8102,disk4w,1447521736704,1489953,590221765111
164.8102,disk8,41727548762112,67795899,709473894264991
164.8102,disk8w,4128768,601,984243925
164.8102,ram,502530048,64624967680,276993
164.8102,cpu,14868836,21352980,513669849
164.8102,gpu,0,0,0
165.0054,disk0,877281266364416,1968557414,12428104222115983
165.0054,disk0w,1977586241536,18765759,1160173647970
165.0054,disk5,25319008663552,50990048,457178426371942
165.0054,disk5w,225980416,35966,1254168700
165.0054,disk4,29687871697920,29732448,342323523843574
165.0054,disk4w,1447521736704,1489953,590221765111
165.0054,disk8,41728897591296,67798171,709489159402231
165.0054,disk8w,4128768,601,984243925
165.0054,ram,502530048,64624967680,276993
165.0054,cpu,14868836,21352980,513669849
165.0054,gpu,0,0,0
165.2102,disk0,877282920837120,1968560401,12428115061997344
165.2102,disk0w,1977586241536,18765759,1160173647970
165.2102,disk5,25319764768768,50991559,457184147710387
165.2102,disk5w,225980416,35966,1254168700
165.2102,disk4,29688284378112,29732871,342324409935931
165.2102,disk4w,1447521736704,1489953,590221765111
165.2102,disk8,41729943189504,67800163,709500556003723
165.2102,disk8w,4128768,601,984243925
165.2102,ram,514850816,64365821952,276993
165.2102,cpu,14868852,21353083,513671531
165.2102,gpu,0,0,0
165.4102,disk0,877284905709568,1968569996,12428128035523122
165.4102,disk0w,1977586241536,18765759,1160173647970
165.4102,disk5,25320605464576,50993283,457190399219885
165.4102,disk5w,225980416,35966,1254168700
165.4102,disk4,29688890323968,29733492,342325373347270
165.4102,disk4w,1447521736704,1489953,590221765111
165.4102,disk8,41731285415936,67802136,709512119649909
165.4102,disk8w,4128768,601,984243925
165.4102,ram,514850816,64365821952,276993
165.4102,cpu,14868852,21353085,513671578
165.4102,gpu,0,0,0
165.6090,disk0,877286826930176,1968573176,12428136904868142
165.6090,disk0w,1977586241536,18765759,1160173647970
165.6090,disk5,25321549068288,50995219,457204901168779
165.6090,disk5w,225980416,35966,1254168700
165.6090,disk4,29689311851520,29733924,342325815540886
165.6090,disk4w,1447521736704,1489953,590221765111
165.6090,disk8,41732186896384,67803318,709517499868559
165.6090,disk8w,4128768,601,984243925
165.6090,ram,514850816,64365821952,276993
165.6090,cpu,14868852,21353085,513671578
165.6090,gpu,0,0,0
165.8086,disk0,877288379629568,1968576206,12428142093735678
165.8086,disk0w,1977586241536,18765759,1160173647970
165.8086,disk5,25322159691776,50996472,457208870194230
165.8086,disk5w,225980416,35966,1254168700
165.8086,disk4,29689777288192,29734401,342326461583645
165.8086,disk4w,1447521736704,1489953,590221765111
165.8086,disk8,41733582682112,67805414,709533518880426
165.8086,disk8w,4128768,601,984243925
165.8086,ram,514850816,64365821952,276993
165.8086,cpu,14868852,21353085,513671578
165.8086,gpu,0,0,0
166.0102,disk0,877290308751360,1968580438,12428153255062213
166.0102,disk0w,1977586241536,18765759,1160173647970
166.0102,disk5,25322966235136,50998107,457214292086631
166.0102,disk5w,225980416,35966,1254168700
166.0102,disk4,29690220573696,29734855,342326961181336
166.0102,disk4w,1447521736704,1489953,590221765111
166.0102,disk8,41734880917504,67807258,709546598287144
166.0102,disk8w,4128768,601,984243925
166.0102,ram,514850816,64365821952,276993
166.0102,cpu,14868852,21353085,513671578
166.0102,gpu,0,0,0
166.2024,disk0,877292050010112,1968584416,12428161651418163
166.2024,disk0w,1977586241536,18765759,1160173647970
166.2024,disk5,25323641141248,50999415,457219551883275
166.2024,disk5w,225980416,35966,1254168700
166.2024,disk4,29690664252416,29735310,342327547639732
166.2024,disk4w,1447521736704,1489953,590221765111
166.2024,disk8,41736197847040,67809849,709564223146855
166.2024,disk8w,4128768,601,984243925
166.2024,ram,514506752,64162873344,276993
166.2024,cpu,14868867,21353174,513673184
166.2024,gpu,0,0,0
166.4041,disk0,877294055493632,1968589132,12428169475575471
166.4041,disk0w,1977586241536,18765759,1160173647970
166.4041,disk5,25324246530048,51000610,457222396933202
166.4041,disk5w,225980416,35966,1254168700
166.4041,disk4,29691129689088,29735787,342328064067810
166.4041,disk4w,1447521736704,1489953,590221765111
166.4041,disk8,41737606739968,67812293,709585386283174
166.4041,disk8w,4128768,601,984243925
166.4041,ram,514801664,63188254720,276993
166.4041,cpu,14868867,21353174,513673184
166.4041,gpu,0,0,0
166.6102,disk0,877296112586752,1968594356,12428180329049064
166.6102,disk0w,1977586241536,18765759,1160173647970
166.6102,disk5,25324933748736,51001964,457226040202946
166.6102,disk5w,225980416,35966,1254168700
166.6102,disk4,29691559998464,29736228,342328544743241
166.6102,disk4w,1447521736704,1489953,590221765111
166.6102,disk8,41739065391104,67814904,709603112117863
166.6102,disk8w,4128768,601,984243925
166.6102,ram,514801664,63188254720,276993
166.6102,cpu,14868867,21353174,513673184
166.6102,gpu,30,0,0
166.8090,disk0,877297854197760,1968597424,12428188125670156
166.8090,disk0w,1977586241536,18765759,1160173647970
166.8090,disk5,25325542561792,51003192,457230561633620
166.8090,disk5w,225980416,35966,1254168700
166.8090,disk4,29691981460480,29736660,342329485937728
166.8090,disk4w,1447521736704,1489953,590221765111
166.8090,disk8,41740174915584,67816843,709616622797657
166.8090,disk8w,4128768,601,984243925
166.8090,ram,514801664,63188254720,276993
166.8090,cpu,14868867,21353174,513673184
166.8090,gpu,0,0,0
167.0102,disk0,877299873972224,1968605278,12428199022142265
167.0102,disk0w,1977586241536,18765759,1160173647970
167.0102,disk5,25326386395136,51004921,457238541854991
167.0102,disk5w,225980416,35966,1254168700
167.0102,disk4,29692569842688,29737263,342330205275720
167.0102,disk4w,1447521736704,1489953,590221765111
167.0102,disk8,41741548779520,67818775,709627282349898
167.0102,disk8w,4128768,601,984243925
167.0102,ram,514801664,63188254720,276993
167.0102,cpu,14868867,21353174,513673184
167.0102,gpu,0,0,0
167.2102,disk0,877302205349888,1968609318,12428209338647121
167.2102,disk0w,1977586241536,18765759,1160173647970
167.2102,disk5,25327326083072,51006849,457251973592977
167.2102,disk5w,225980416,35966,1254168700
167.2102,disk4,29693087970304,29737794,342330784452283
167.2102,disk4w,1447521736704,1489953,590221765111
167.2102,disk8,41742609135616,67820286,709632260538511
167.2102,disk8w,4128768,601,984243925
167.2102,ram,283951104,64828276736,276993
167.2102,cpu,14868900,21353289,513674846
167.2102,gpu,0,0,0
167.4102,disk0,877304409088000,1968613794,12428220817763913
167.4102,disk0w,1977586241536,18765759,1160173647970
167.4102,disk5,25328133257216,51008505,457259429796971
167.4102,disk5w,225980416,35966,1254168700
167.4102,disk4,29693588534272,29738307,342331324215620
167.4102,disk4w,1447521736704,1489953,590221765111
167.4102,disk8,41743897524224,67822258,709641792979395
167.4102,disk8w,4128768,601,984243925
167.4102,ram,286015488,64828080128,276993
167.4102,cpu,14868900,21353293,513674889
167.4102,gpu,26,0,0
167.6013,disk0,877306365906944,1968617985,12428232164365986
167.6013,disk0w,1977586241536,18765759,1160173647970
167.6013,disk5,25329045714944,51010316,457264912089769
167.6013,disk5w,225980416,35966,1254168700
167.6013,disk4,29694027625472,29738757,342331794345262
167.6013,disk4w,1447521736704,1489953,590221765111
167.6013,disk8,41745155110912,67824094,709652772514028
167.6013,disk8w,4128768,601,984243925
167.6013,ram,286015488,64828080128,276993
167.6013,cpu,14868900,21353293,513674889
167.6013,gpu,0,0,0
167.8102,disk0,877308355067904,1968622415,12428240103723282
167.8102,disk0w,1977586241536,18765759,1160173647970
167.8102,disk5,25329717229568,51011629,457269563353246
167.8102,disk5w,225980416,35966,1254168700
167.8102,disk4,29694510625792,29739252,342332268936388
167.8102,disk4w,1447521736704,1489953,590221765111
167.8102,disk8,41746624739328,67826887,709673537639764
167.8102,disk8w,4128768,601,984243925
167.8102,ram,286015488,64828080128,276993
167.8102,cpu,14868900,21353293,513674889
167.8102,gpu,0,0,0
168.0102,disk0,877310242242560,1968626727,12428249918018064
168.0102,disk0w,1977586241536,18765759,1160173647970
168.0102,disk5,25330256476160,51012698,457272458015921
168.0102,disk5w,225980416,35966,1254168700
168.0102,disk4,29694993626112,29739747,342332827786681
168.0102,disk4w,1447521736704,1489953,590221765111
168.0102,disk8,41748005091328,67829305,709690879010070
168.0102,disk8w,4128768,601,984243925
168.0102,ram,286015488,64828080128,276993
168.0102,cpu,14868900,21353293,513674889
168.0102,gpu,0,0,0
168.2102,disk0,877312218222592,1968632751,12428261142732280
168.2102,disk0w,1977586241536,18765759,1160173647970
168.2102,disk5,25330905724928,51013977,457275810115318
168.2102,disk5w,225980416,35966,1254168700
168.2102,disk4,29695450280960,29740215,342333315985738
168.2102,disk4w,1447521736704,1489953,590221765111
168.2102,disk8,41749327525888,67831756,709709394180655
168.2102,disk8w,4128768,601,984243925
168.2102,ram,285556736,63074041856,276993
168.2102,cpu,14868934,21353418,513676462
168.2102,gpu,34,5,0
168.4098,disk0,877313688915968,1968635620,12428268035304557
168.4098,disk0w,1977586241536,18765759,1160173647970
168.4098,disk5,25331590068224,51015364,457281823279766
168.4098,disk5w,225980416,35966,1254168700
168.4098,disk4,29695959528448,29740737,342335247506064
168.4098,disk4w,1447521736704,1489953,590221765111
168.4098,disk8,41750426466304,67833681,709721848125947
168.4098,disk8w,4128768,601,984243925
168.4098,ram,285556736,63074041856,276993
168.4098,cpu,14868935,21353421,513676507
168.4098,gpu,0,0,0
168.6102,disk0,877315680399360,1968646429,12428283513244482
168.6102,disk0w,1977586241536,18765759,1160173647970
168.6102,disk5,25332464285696,51017154,457287919154220
168.6102,disk5w,225980416,35966,1254168700
168.6102,disk4,29696442528768,29741232,342335895779397
168.6102,disk4w,1447521736704,1489953,590221765111
168.6102,disk8,41751624431616,67835334,709730858537784
168.6102,disk8w,4128768,601,984243925
168.6102,ram,285556736,63074041856,276993
168.6102,cpu,14868935,21353421,513676507
168.6102,gpu,29,0,0
168.8102,disk0,877318020476928,1968650424,12428298565849039
168.8102,disk0w,1977586241536,18765759,1160173647970
168.8102,disk5,25333276178432,51018821,457296607500617
168.8102,disk5w,225980416,35966,1254168700
168.8102,disk4,29697004565504,29741808,342336563603948
168.8102,disk4w,1447521736704,1489953,590221765111
168.8102,disk8,41752597215232,67836862,709736145537795
168.8102,disk8w,4128768,601,984243925
168.8102,ram,285556736,63074041856,276993
168.8102,cpu,14868935,21353421,513676507
168.8102,gpu,0,0,0
169.0102,disk0,877319996420096,1968654536,12428307292943325
169.0102,disk0w,1977586241536,18765759,1160173647970
169.0102,disk5,25334191503360,51020700,457305470496661
169.0102,disk5w,225980416,35966,1254168700
169.0102,disk4,29697558868992,29742376,342337192327301
169.0102,disk4w,1447521736704,1489953,590221765111
169.0102,disk8,41753929381888,67838909,709747974286416
169.0102,disk8w,4128768,601,984243925
169.0102,ram,285556736,63074041856,276993
169.0102,cpu,14868935,21353421,513676507
169.0102,gpu,45,0,0
169.2102,disk0,877321768398848,1968658469,12428314459615632
169.2102,disk0w,1977586241536,18765759,1160173647970
169.2102,disk5,25335105304576,51022506,457313106947349
169.2102,disk5w,225980416,35966,1254168700
169.2102,disk4,29698137420800,29742969,342337889069187
169.2102,disk4w,1447521736704,1489953,590221765111
169.2102,disk8,41755312666624,67841143,709762239592443
169.2102,disk8w,4128768,601,984243925
169.2102,ram,287768576,64805847040,276993
169.2102,cpu,14868958,21353522,513678120
169.2102,gpu,0,0,0
169.4102,disk0,877323587088384,1968662541,12428322489425077
169.4102,disk0w,1977586241536,18765759,1160173647970
169.4102,disk5,25335780866048,51023836,457316885041020
169.4102,disk5w,225980416,35966,1254168700
169.4102,disk4,29698587390976,29743430,342338402273045
169.4102,disk4w,1447521736704,1489953,590221765111
169.4102,disk8,41756684027904,67843659,709781643741767
169.4102,disk8w,4128768,601,984243925
169.4102,ram,288243712,64805863424,276993
169.4102,cpu,14868959,21353526,513678234
169.4102,gpu,32,0,0
169.6102,disk0,877325468250112,1968668286,12428335109890954
169.6102,disk0w,1977586241536,18765759,1160173647970
169.6102,disk5,25336395544576,51025050,457320837432326
169.6102,disk5w,225980416,35966,1254168700
169.6102,disk4,29698990306304,29743843,342338847893040
169.6102,disk4w,1447521736704,1489953,590221765111
169.6102,disk8,41758030678016,67845901,709798364006321
169.6102,disk8w,4128768,601,984243925
169.6102,ram,288243712,64805863424,276993
169.6102,cpu,14868959,21353526,513678234
169.6102,gpu,0,0,0
169.8102,disk0,877327312744448,1968671647,12428342673404039
169.8102,disk0w,1977586241536,18765759,1160173647970
169.8102,disk5,25337143785472,51026535,457325329146518
169.8102,disk5w,225980416,35966,1254168700
169.8102,disk4,29699498603520,29744364,342339539773813
169.8102,disk4w,1447521736704,1489953,590221765111
169.8102,disk8,41759414540288,67848757,709818433384819
169.8102,disk8w,4128768,601,984243925
169.8102,ram,288243712,64805863424,276993
169.8102,cpu,14868959,21353526,513678234
169.8102,gpu,0,0,0
170.0102,disk0,877329207652352,1968680632,12428359497761969
170.0102,disk0w,1977586241536,18765759,1160173647970
170.0102,disk5,25337738967040,51027752,457328923242110
170.0102,disk5w,225980416,35966,1254168700
170.0102,disk4,29700060525568,29744940,342341507908611
170.0102,disk4w,1447521736704,1489953,590221765111
170.0102,disk8,41760477042688,67850290,709826773462685
170.0102,disk8w,4128768,601,984243925
170.0102,ram,288243712,64805863424,276993
170.0102,cpu,14868959,21353526,513678234
170.0102,gpu,41,0,0
170.2012,disk0,877331374485504,1968684603,12428370404198282
170.2012,disk0w,1977586241536,18765759,1160173647970
170.2012,disk5,25338371856384,51029050,457332961625830
170.2012,disk5w,225980416,35966,1254168700
170.2012,disk4,29700557550592,29745449,342342085300405
170.2012,disk4w,1447521736704,1489953,590221765111
170.2012,disk8,41761688655872,67851669,709835960680417
170.2012,disk8w,4128768,601,984243925
170.2012,ram,335200256,64809566208,276993
170.2012,cpu,14868973,21353625,513679769
170.2012,gpu,0,0,0
170.4102,disk0,877333071065088,1968687757,12428375224733537
170.4102,disk0w,1977586241536,18765759,1160173647970
170.4102,disk5,25339130820608,51030607,457339777929697
170.4102,disk5w,225980416,35966,1254168700
170.4102,disk4,29701111854080,29746017,342342717588148
170.4102,disk4w,1447521736704,1489953,590221765111
170.4102,disk8,41763125860352,67853830,709853323482888
170.4102,disk8w,4128768,601,984243925
170.4102,ram,335970304,64729497600,276993
170.4102,cpu,14868973,21353628,513679832
170.4102,gpu,0,0,0
170.6102,disk0,877334892392448,1968691528,12428384009860807
170.6102,disk0w,1977586241536,18765759,1160173647970
170.6102,disk5,25339997321216,51032380,457347238500723
170.6102,disk5w,225980416,35966,1254168700
170.6102,disk4,29701658817536,29746578,342343387238549
170.6102,disk4w,1447521736704,1489953,590221765111
170.6102,disk8,41764425553920,67855704,709864752348872
170.6102,disk8w,4128768,601,984243925
170.6102,ram,335970304,64729497600,276993
170.6102,cpu,14868973,21353628,513679832
170.6102,gpu,0,0,0
170.8102,disk0,877337029160960,1968696262,12428396368736538
170.8102,disk0w,1977586249728,18765761,1160173700011
170.8102,disk5,25340735354880,51033810,457352938814596
170.8102,disk5w,225980416,35966,1254168700
170.8102,disk4,29702163575808,29747095,342344025908100
170.8102,disk4w,1447521736704,1489953,590221765111
170.8102,disk8,41765672458240,67858009,709879219479814
170.8102,disk8w,4128768,601,984243925
170.8102,ram,335970304,64729497600,276993
170.8102,cpu,14868973,21353628,513679832
170.8102,gpu,0,0,0
171.0062,disk0,877338980151296,1968700949,12428406877873373
171.0062,disk0w,1977586249728,18765761,1160173700011
171.0062,disk5,25341390223360,51035105,457356412814515
171.0062,disk5w,225980416,35966,1254168700
171.0062,disk4,29702624818176,29747568,342344596550012
171.0062,disk4w,1447521736704,1489953,590221765111
171.0062,disk8,41767049549824,67860548,709897610700643
171.0062,disk8w,4128768,601,984243925
171.0062,ram,335970304,64729497600,276993
171.0062,cpu,14868973,21353628,513679832
171.0062,gpu,26,0,0
171.2102,disk0,877340625530880,1968709132,12428418568186844
171.2102,disk0w,1977586249728,18765761,1160173700011
171.2102,disk5,25341969283072,51036250,457359254333941
171.2102,disk5w,225980416,35966,1254168700
171.2102,disk4,29703037563904,29747991,342345069441488
171.2102,disk4w,1447521736704,1489953,590221765111
171.2102,disk8,41768455690240,67862964,709918731695254
171.2102,disk8w,4128768,601,984243925
171.2102,ram,372064256,63056969728,276993
171.2102,cpu,14868991,21353724,513681429
171.2102,gpu,0,0,0
171.4028,disk0,877342026444800,1968711538,12428425231317703
171.4028,disk0w,1977586249728,18765761,1160173700011
171.4028,disk5,25342618531840,51037545,457363928981635
171.4028,disk5w,225980416,35966,1254168700
171.4028,disk4,29703459025920,29748423,342346098824166
171.4028,disk4w,1447521736704,1489953,590221765111
171.4028,disk8,41769581631488,67865093,709934693162468
171.4028,disk8w,4128768,601,984243925
171.4028,ram,373997568,62657396736,276993
171.4028,cpu,14868991,21353724,513681429
171.4028,gpu,0,0,0
171.6102,disk0,877344235044864,1968716647,12428437626841464
171.6102,disk0w,1977586249728,18765761,1160173700011
171.6102,disk5,25343495895040,51039343,457370782230576
171.6102,disk5w,225980416,35966,1254168700
171.6102,disk4,29704091317248,29749071,342346914295404
171.6102,disk4w,1447521736704,1489953,590221765111
171.6102,disk8,41770881177600,67866965,709945620144599
171.6102,disk8w,4128768,601,984243925
171.6102,ram,373997568,62657396736,276993
171.6102,cpu,14868991,21353724,513681429
171.6102,gpu,0,0,0
171.8102,disk0,877346533769216,1968720266,12428450589242004
171.8102,disk0w,1977586249728,18765761,1160173700011
171.8102,disk5,25344082827264,51040546,457373854540444
171.8102,disk5w,225980416,35966,1254168700
171.8102,disk4,29704530408448,29749521,342347435376553
171.8102,disk4w,1447521736704,1489953,590221765111
171.8102,disk8,41772037675008,67868424,709954541717242
171.8102,disk8w,4128768,601,984243925
171.8102,ram,373997568,62657396736,276993
171.8102,cpu,14868991,21353724,513681429
171.8102,gpu,25,0,0
172.0034,disk0,877348894883840,1968724503,12428465010390597
172.0034,disk0w,1977586249728,18765761,1160173700011
172.0034,disk5,25344724203520,51041862,457380481900372
172.0034,disk5w,225980416,35966,1254168700
172.0034,disk4,29705110008832,29750115,342348136130843
172.0034,disk4w,1447521736704,1489953,590221765111
172.0034,disk8,41773177968640,67870071,709961774144684
172.0034,disk8w,4128768,601,984243925
172.0034,ram,373997568,62657396736,276993
172.0034,cpu,14868991,21353724,513681429
172.0034,gpu,0,0,0
172.2098,disk0,877350981353472,1968728848,12428478742876680
172.2098,disk0w,1977586249728,18765761,1160173700011
172.2098,disk5,25345303263232,51043031,457384534897823
172.2098,disk5w,225980416,35966,1254168700
172.2098,disk4,29705651991552,29750670,342348797855374
172.2098,disk4w,1447521736704,1489953,590221765111
172.2098,disk8,41774444992512,67872061,709975578755875
172.2098,disk8w,4128768,601,984243925
172.2098,ram,400605184,64491536384,276993
172.2098,cpu,14869013,21353826,513683110
172.2098,gpu,0,0,0
172.4102,disk0,877353301540864,1968733689,12428493830506264
172.4102,disk0w,1977586249728,18765761,1160173700011
172.4102,disk5,25345987606528,51044367,457388525450963
172.4102,disk5w,225980416,35966,1254168700
172.4102,disk4,29706234082304,29751267,342349530600886
172.4102,disk4w,1447521736704,1489953,590221765111
172.4102,disk8,41775717652480,67874640,709989116670346
172.4102,disk8w,4128768,601,984243925
172.4102,ram,400785408,64424427520,276993
172.4102,cpu,14869016,21353833,513683222
172.4102,gpu,0,0,0
172.6067,disk0,877355342446592,1968738067,12428504559248352
172.6067,disk0w,1977586249728,18765761,1160173700011
172.6067,disk5,25346496477184,51045374,457390925421717
172.6067,disk5w,225980416,35966,1254168700
172.6067,disk4,29706787337216,29751834,342350250023242
172.6067,disk4w,1447521736704,1489953,590221765111
172.6067,disk8,41777073215488,67877104,710005947761480
172.6067,disk8w,4128768,601,984243925
172.6067,ram,400785408,64424427520,276993
172.6067,cpu,14869016,21353833,513683222
172.6067,gpu,0,0,0
172.8102,disk0,877357455581184,1968745443,12428518778046532
172.8102,disk0w,1977586249728,18765761,1160173700011
172.8102,disk5,25347198687232,51046758,457395505523769
172.8102,disk5w,225980416,35966,1254168700
172.8102,disk4,29707263652864,29752322,342350815247658
172.8102,disk4w,1447521736704,1489953,590221765111
172.8102,disk8,41778376677376,67879484,710020909838534
172.8102,disk8w,4128768,601,984243925
172.8102,ram,400785408,64424427520,276993
172.8102,cpu,14869016,21353833,513683222
172.8102,gpu,0,0,0
173.0061,disk0,877359056637952,1968748524,12428527667449219
173.0061,disk0w,1977590341632,18766104,1160214659556
173.0061,disk5,25347944798208,51048258,457401904137296
173.0061,disk5w,225980416,35966,1254168700
173.0061,disk4,29707823494144,29752896,342352493857457
173.0061,disk4w,1447521736704,1489953,590221765111
173.0061,disk8,41779413719040,67881156,710030172096824
173.0061,disk8w,4128768,601,984243925
173.0061,ram,400785408,64424427520,276993
173.0061,cpu,14869016,21353833,513683222
173.0061,gpu,29,0,0
173.2102,disk0,877360896172032,1968754963,12428539698632171
173.2102,disk0w,1977590341632,18766104,1160214659556
173.2102,disk5,25348689885184,51049785,457408773260400
173.2102,disk5w,225980416,35966,1254168700
173.2102,disk4,29708359185408,29753445,342353197678410
173.2102,disk4w,1447521736704,1489953,590221765111
173.2102,disk8,41780741904384,67882875,710040423547709
173.2102,disk8w,4128768,601,984243925
173.2102,ram,425623552,64669335552,276993
173.2102,cpu,14869040,21353973,513684721
173.2102,gpu,0,0,0
173.4077,disk0,877363034976256,1968758523,12428550553149536
173.4077,disk0w,1977590341632,18766104,1160214659556
173.4077,disk5,25349567248384,51051583,457417520033211
173.4077,disk5w,225980416,35966,1254168700
173.4077,disk4,29708815840256,29753913,342353801693708
173.4077,disk4w,1447521736704,1489953,590221765111
173.4077,disk8,41781830227968,67884256,710046960720757
173.4077,disk8w,4128768,601,984243925
173.4077,ram,426459136,64629243904,276993
173.4077,cpu,14869040,21353978,513684838
173.4077,gpu,39,0,0
173.6102,disk0,877365149511680,1968762926,12428560521024324
173.6102,disk0w,1977590341632,18766104,1160214659556
173.6102,disk5,25350309476352,51053104,457422505286412
173.6102,disk5w,225980416,35966,1254168700
173.6102,disk4,29709389804544,29754501,342354613464541
173.6102,disk4w,1447521736704,1489953,590221765111
173.6102,disk8,41783212005376,67886470,710060700525773
173.6102,disk8w,4128768,601,984243925
173.6102,ram,426459136,64629243904,276993
173.6102,cpu,14869040,21353978,513684838
173.6102,gpu,0,0,0
173.8085,disk0,877367193350144,1968767587,12428573686156596
173.8085,disk0w,1977590341632,18766104,1160214659556
173.8085,disk5,25351222982656,51054916,457430629691017
173.8085,disk5w,225980416,35966,1254168700
173.8085,disk4,29709869659136,29754993,342355189248834
173.8085,disk4w,1447521736704,1489953,590221765111
173.8085,disk8,41784379840512,67888302,710070505658343
173.8085,disk8w,4128768,601,984243925
173.8085,ram,426459136,64629243904,276993
173.8085,cpu,14869040,21353978,513684838
173.8085,gpu,36,0,0
174.0087,disk0,877369245839360,1968772238,12428584388835276
174.0087,disk0w,1977590341632,18766104,1160214659556
174.0087,disk5,25351795750912,51056040,457432964266407
174.0087,disk5w,225980416,35966,1254168700
174.0087,disk4,29710422914048,29755560,342355941924687
174.0087,disk4w,1447521736704,1489953,590221765111
174.0087,disk8,41785768613888,67890877,710088600700807
174.0087,disk8w,4128768,601,984243925
174.0087,ram,426459136,64629243904,276993
174.0087,cpu,14869040,21353978,513684838
174.0087,gpu,41,0,0
174.2038,disk0,877370974023680,1968776495,12428593761509883
174.2038,disk0w,1977590341632,18766104,1160214659556
174.2038,disk5,25352263383040,51056965,457434835564771
174.2038,disk5w,225980416,35966,1254168700
174.2038,disk4,29710879568896,29756028,342356615146896
174.2038,disk4w,1447521736704,1489953,590221765111
174.2038,disk8,41787116382208,67893167,710107506392641
174.2038,disk8w,4128768,601,984243925
174.2038,ram,444645376,63162679296,276993
174.2038,cpu,14869055,21354065,513686389
174.2038,gpu,0,0,0
174.4102,disk0,877372929552384,1968781482,12428604396578394
174.4102,disk0w,1977590341632,18766104,1160214659556
174.4102,disk5,25353094248448,51058606,457441355633045
174.4102,disk5w,225980416,35966,1254168700
174.4102,disk4,29711292314624,29756451,342357045112348
174.4102,disk4w,1447521736704,1489953,590221765111
174.4102,disk8,41788510578688,67895809,710123079167879
174.4102,disk8w,4128768,601,984243925
174.4102,ram,437993472,63162892288,276993
174.4102,cpu,14869056,21354073,513686438
174.4102,gpu,0,0,0
174.6100,disk0,877374501814272,1968787632,12428612471906634
174.6100,disk0w,1977590341632,18766104,1160214659556
174.6100,disk5,25353841063936,51060137,457447615470365
174.6100,disk5w,225980416,35966,1254168700
174.6100,disk4,29711840883712,29757013,342358992185210
174.6100,disk4w,1447521736704,1489953,590221765111
174.6100,disk8,41789687031808,67897659,710135523253622
174.6100,disk8w,4128768,601,984243925
174.6100,ram,437993472,63162892288,276993
174.6100,cpu,14869056,21354073,513686438
174.6100,gpu,0,0,0
174.8074,disk0,877376512950272,1968791005,12428620367733949
174.8074,disk0w,1977590341632,18766104,1160214659556
174.8074,disk5,25354496972800,51061479,457451880900408
174.8074,disk5w,225980416,35966,1254168700
174.8074,disk4,29712504108032,29757693,342360122608388
174.8074,disk4w,1447521736704,1489953,590221765111
174.8074,disk8,41791017805824,67899238,710145778902401
174.8074,disk8w,4128768,601,984243925
174.8074,ram,437993472,63162892288,276993
174.8074,cpu,14869056,21354073,513686438
174.8074,gpu,30,0,0
175.0102,disk0,877378718576640,1968795190,12428630381662227
175.0102,disk0w,1977590341632,18766104,1160214659556
175.0102,disk5,25355357845504,51063246,457459959649574
175.0102,disk5w,225980416,35966,1254168700
175.0102,disk4,29712970593280,29758171,342360755056199
175.0102,disk4w,1447521736704,1489953,590221765111
175.0102,disk8,41792288909312,67900987,710155121899054
175.0102,disk8w,4128768,601,984243925
175.0102,ram,437993472,63162892288,276993
175.0102,cpu,14869056,21354073,513686438
175.0102,gpu,0,0,0
175.2102,disk0,877380869472256,1968799662,12428643899723752
175.2102,disk0w,1977590341632,18766104,1160214659556
175.2102,disk5,25356129941504,51064829,457465243864997
175.2102,disk5w,225980416,35966,1254168700
175.2102,disk4,29713549145088,29758764,342361411383881
175.2102,disk4w,1447521736704,1489953,590221765111
175.2102,disk8,41793583867904,67902949,710166179053979
175.2102,disk8w,4128768,601,984243925
175.2102,ram,448413696,64494223360,276993
175.2102,cpu,14869071,21354163,513688068
175.2102,gpu,0,0,0
175.4102,disk0,877382953975808,1968804198,12428657466540074
175.4102,disk0w,1977590341632,18766104,1160214659556
175.4102,disk5,25356943931392,51066424,457471172183954
175.4102,disk5w,225980416,35966,1254168700
175.4102,disk4,29714023363584,29759250,342361940440180
175.4102,disk4w,1447521736704,1489953,590221765111
175.4102,disk8,41794850744320,67905049,710177701595724
175.4102,disk8w,4128768,601,984243925
175.4102,ram,446496768,64402374656,276993
175.4102,cpu,14869071,21354172,513688180
175.4102,gpu,0,0,0
175.6102,disk0,877385118269440,1968808965,12428668888872221
175.6102,disk0w,1977590358016,18766105,1160214683264
175.6102,disk5,25357621458944,51067756,457474781339141
175.6102,disk5w,225980416,35966,1254168700
175.6102,disk4,29714532709376,29759772,342362663809431
175.6102,disk4w,1447521736704,1489953,590221765111
175.6102,disk8,41796236486656,67907622,710194381578483
175.6102,disk8w,4128768,601,984243925
175.6102,ram,446496768,64402374656,276993
175.6102,cpu,14869071,21354172,513688180
175.6102,gpu,0,0,0
175.8102,disk0,877386933522432,1968814568,12428678472895900
175.8102,disk0w,1977590358016,18766105,1160214683264
175.8102,disk5,25358182971392,51068863,457476947058912
175.8102,disk5w,225980416,35966,1254168700
175.8102,disk4,29714910327808,29760159,342363087014710
175.8102,disk4w,1447521736704,1489953,590221765111
175.8102,disk8,41797648672768,67910050,710214901912553
175.8102,disk8w,4128768,601,984243925
175.8102,ram,446496768,64402374656,276993
175.8102,cpu,14869071,21354172,513688180
175.8102,gpu,0,0,0
176.0101,disk0,877388922736640,1968818212,12428686275709208
176.0101,disk0w,1977590358016,18766105,1160214683264
176.0101,disk5,25358949562368,51070378,457481945030573
176.0101,disk5w,225980416,35966,1254168700
176.0101,disk4,29715402109952,29760663,342363624890327
176.0101,disk4w,1447521736704,1489953,590221765111
176.0101,disk8,41798997538816,67912659,710232768537667
176.0101,disk8w,4128768,601,984243925
176.0101,ram,446496768,64402374656,276993
176.0101,cpu,14869071,21354172,513688180
176.0101,gpu,0,0,0
176.2003,disk0,877390401495040,1968820983,12428692639964842
176.2003,disk0w,1977590358016,18766105,1160214683264
176.2003,disk5,25359543031808,51071594,457487233096215
176.2003,disk5w,225980416,35966,1254168700
176.2003,disk4,29715885028352,29761158,342365109157449
176.2003,disk4w,1447521736704,1489953,590221765111
176.2003,disk8,41800107964416,67914380,710244983607408
176.2003,disk8w,4128768,601,984243925
176.2003,ram,446496768,64402374656,276993
176.2003,cpu,14869071,21354172,513688180
176.2003,gpu,0,0,0
176.4102,disk0,877392124751872,1968824061,12428697986450768
176.4102,disk0w,1977590358016,18766105,1160214683264
176.4102,disk5,25360376379392,51073304,457493736234538
176.4102,disk5w,225980416,35966,1254168700
176.4102,disk4,29716411937792,29761698,342365758580130
176.4102,disk4w,1447521736704,1489953,590221765111
176.4102,disk8,41801587996672,67916187,710258626282389
176.4102,disk8w,4128768,601,984243925
176.4102,ram,460980224,64483885056,276993
176.4102,cpu,14869092,21354270,513689776
176.4102,gpu,0,0,0
176.6102,disk0,877394019594240,1968827897,12428706164085197
176.6102,disk0w,1977590358016,18766105,1160214683264
176.6102,disk5,25361377638400,51075357,457502536591333
176.6102,disk5w,225980416,35966,1254168700
176.6102,disk4,29716957459456,29762257,342366552134192
176.6102,disk4w,1447521736704,1489953,590221765111
176.6102,disk8,41802918557696,67918127,710270610246664
176.6102,disk8w,4128768,601,984243925
176.6102,ram,460980224,64483885056,276993
176.6102,cpu,14869092,21354270,513689776
176.6102,gpu,50,0,0
176.8102,disk0,877395949498368,1968832066,12428716856340979
176.8102,disk0w,1977590358016,18766105,1160214683264
176.8102,disk5,25362257123328,51077159,457512082040203
176.8102,disk5w,225980416,35966,1254168700
176.8102,disk4,29717568648192,29762883,342367342115076
176.8102,disk4w,1447521736704,1489953,590221765111
176.8102,disk8,41804125943808,67919963,710279305560470
176.8102,disk8w,4128768,601,984243925
176.8102,ram,460980224,64483885056,276993
176.8102,cpu,14869092,21354270,513689776
176.8102,gpu,0,0,0
177.0064,disk0,877397727784960,1968835846,12428727554571233
177.0064,disk0w,1977590358016,18766105,1160214683264
177.0064,disk5,25363175208960,51078945,457519549412397
177.0064,disk5w,225980416,35966,1254168700
177.0064,disk4,29718115611648,29763444,342367909391766
177.0064,disk4w,1447521736704,1489953,590221765111
177.0064,disk8,41805346457600,67922013,710291799579391
177.0064,disk8w,4128768,601,984243925
177.0064,ram,460980224,64483885056,276993
177.0064,cpu,14869092,21354270,513689776
177.0064,gpu,0,0,0
177.2057,disk0,877399810404352,1968840400,12428737703522054
177.2057,disk0w,1977590358016,18766105,1160214683264
177.2057,disk5,25363957643264,51080488,457524207879315
177.2057,disk5w,225980416,35966,1254168700
177.2057,disk4,29718636884992,29763978,342368501593500
177.2057,disk4w,1447521736704,1489953,590221765111
177.2057,disk8,41806718044160,67924751,710310216135203
177.2057,disk8w,4128768,601,984243925
177.2057,ram,460980224,64483885056,276993
177.2057,cpu,14869092,21354270,513689776
177.2057,gpu,0,0,0
177.4102,disk0,877401638780928,1968846404,12428748745400587
177.4102,disk0w,1977590358016,18766105,1160214683264
177.4102,disk5,25364544419840,51081645,457527288714909
177.4102,disk5w,225980416,35966,1254168700
177.4102,disk4,29719055266816,29764407,342368968778359
177.4102,disk4w,1447521736704,1489953,590221765111
177.4102,disk8,41808160065536,67927193,710330064047056
177.4102,disk8w,4128768,601,984243925
177.4102,ram,468467712,64726663168,276993
177.4102,cpu,14869113,21354374,513691576
177.4102,gpu,0,0,0
177.6049,disk0,877403520270336,1968849884,12428759059902559
177.6049,disk0w,1977590358016,18766105,1160214683264
177.6049,disk5,25365087860736,51082716,457530492718970
177.6049,disk5w,225980416,35966,1254168700
177.6049,disk4,29719380194304,29764740,342369338930624
177.6049,disk4w,1447521736704,1489953,590221765111
177.6049,disk8,41809222649856,67929313,710343304701641
177.6049,disk8w,4128768,601,984243925
177.6049,ram,468467712,64726663168,276993
177.6049,cpu,14869113,21354374,513691576
177.6049,gpu,0,0,0
177.8102,disk0,877405172600832,1968856859,12428768653450273
177.8102,disk0w,1977590358016,18766105,1160214683264
177.8102,disk5,25365860988928,51084301,457537773397719
177.8102,disk5w,225980416,35966,1254168700
177.8102,disk4,29719872975872,29765245,342370240609536
177.8102,disk4w,1447521736704,1489953,590221765111
177.8102,disk8,41810525865984,67931251,710357969398637
177.8102,disk8w,4128768,601,984243925
177.8102,ram,468467712,64726663168,276993
177.8102,cpu,14869113,21354374,513691576
177.8102,gpu,0,0,0
178.0102,disk0,877407388860416,1968860791,12428780651021422
178.0102,disk0w,1977590358016,18766105,1160214683264
178.0102,disk5,25366560937984,51085736,457543093501778
178.0102,disk5w,225980416,35966,1254168700
178.0102,disk4,29720477873152,29765865,342371064053241
178.0102,disk4w,1447521736704,1489953,590221765111
178.0102,disk8,41811775522816,67932775,710366225267446
178.0102,disk8w,4128768,601,984243925
178.0102,ram,468467712,64726663168,276993
178.0102,cpu,14869113,21354374,513691576
178.0102,gpu,0,0,0
178.2070,disk0,877409173831680,1968864293,12428787690055990
178.2070,disk0w,1977590358016,18766105,1160214683264
178.2070,disk5,25367465523200,51087590,457549744525199
178.2070,disk5w,225980416,35966,1254168700
178.2070,disk4,29720970703872,29766370,342371826962524
178.2070,disk4w,1447521736704,1489953,590221765111
178.2070,disk8,41813123909632,67934839,710379859726469
178.2070,disk8w,4128768,601,984243925
178.2070,ram,468467712,64726663168,276993
178.2070,cpu,14869113,21354374,513691576
178.2070,gpu,48,3,0
178.4102,disk0,877411297230848,1968868974,12428799833377622
178.4102,disk0w,1977590358016,18766105,1160214683264
178.4102,disk5,25368398673920,51089492,457561655501736
178.4102,disk5w,225980416,35966,1254168700
178.4102,disk4,29721552401408,29766966,342372464590662
178.4102,disk4w,1447521736704,1489953,590221765111
178.4102,disk8,41814332327936,67936680,710387555234987
178.4102,disk8w,4128768,601,984243925
178.4102,ram,470237184,64622444544,276993
178.4102,cpu,14869140,21354502,513693202
178.4102,gpu,0,0,0
178.6002,disk0,877413366071296,1968873331,12428812157142376
178.6002,disk0w,1977590358016,18766105,1160214683264
178.6002,disk5,25369062324224,51090778,457566593081191
178.6002,disk5w,225980416,35966,1254168700
178.6002,disk4,29722041037824,29767467,342373138216413
178.6002,disk4w,1447521736704,1489953,590221765111
178.6002,disk8,41815516858368,67938924,710400758750082
178.6002,disk8w,4128768,601,984243925
178.6002,ram,470237184,64622444544,276993
178.6002,cpu,14869140,21354502,513693202
178.6002,gpu,0,0,0
178.8031,disk0,877415556153344,1968878211,12428821906450052
178.8031,disk0w,1977590358016,18766105,1160214683264
178.8031,disk5,25369852475392,51092342,457571486746527
178.8031,disk5w,225980416,35966,1254168700
178.8031,disk4,29722690892800,29768133,342373965707073
178.8031,disk4w,1447521736704,1489953,590221765111
178.8031,disk8,41816946493440,67941481,710416843881540
178.8031,disk8w,4128768,601,984243925
178.8031,ram,470237184,64622444544,276993
178.8031,cpu,14869140,21354502,513693202
178.8031,gpu,0,0,0
179.0102,disk0,877417147006976,1968885276,12428833411299002
179.0102,disk0w,1977590358016,18766105,1160214683264
179.0102,disk5,25370606483456,51093828,457575640035955
179.0102,disk5w,225980416,35966,1254168700
179.0102,disk4,29723156329472,29768610,342374506855743
179.0102,disk4w,1447521736704,1489953,590221765111
179.0102,disk8,41818377078784,67944104,710438165763246
179.0102,disk8w,4128768,601,984243925
179.0102,ram,470237184,64622444544,276993
179.0102,cpu,14869140,21354502,513693202
179.0102,gpu,0,0,0
179.2041,disk0,877418899832832,1968888729,12428847915517241
179.2041,disk0w,1977590358016,18766105,1160214683264
179.2041,disk5,25371220637696,51095062,457579572574384
179.2041,disk5w,225980416,35966,1254168700
179.2041,disk4,29723568976896,29769033,342375974889147
179.2041,disk4w,1447521736704,1489953,590221765111
179.2041,disk8,41819222034432,67945713,710446713887865
179.2041,disk8w,4128768,601,984243925
179.2041,ram,470237184,64622444544,276993
179.2041,cpu,14869140,21354502,513693202
179.2041,gpu,0,0,0
179.4087,disk0,877420737413120,1968892387,12428855850319739
179.4087,disk0w,1977590358016,18766105,1160214683264
179.4087,disk5,25371960498176,51096580,457584160817633
179.4087,disk5w,225980416,35966,1254168700
179.4087,disk4,29724131013632,29769609,342376645805205
179.4087,disk4w,1447521736704,1489953,590221765111
179.4087,disk8,41820627503104,67947749,710462609163721
179.4087,disk8w,4128768,601,984243925
179.4087,ram,509247488,64508952576,276993
179.4087,cpu,14869160,21354603,513694793
179.4087,gpu,23,0,0
179.6102,disk0,877422988558336,1968896001,12428865982024820
179.6102,disk0w,1977590358016,18766105,1160214683264
179.6102,disk5,25372828334080,51098359,457591707805675
179.6102,disk5w,225980416,35966,1254168700
179.6102,disk4,29724586619904,29770076,342377263659379
179.6102,disk4w,1447521736704,1489953,590221765111
179.6102,disk8,41821974579200,67949362,710470775173731
179.6102,disk8w,4128768,601,984243925
179.6102,ram,509247488,64508952576,276993
179.6102,cpu,14869160,21354603,513694793
179.6102,gpu,0,0,0
179.8009,disk0,877424904880128,1968899654,12428873473977827
179.8009,disk0w,1977590358016,18766105,1160214683264
179.8009,disk5,25373530068992,51099799,457596690714121
179.8009,disk5w,225980416,35966,1254168700
179.8009,disk4,29725176050688,29770680,342378025829940
179.8009,disk4w,1447521736704,1489953,590221765111
179.8009,disk8,41823261345792,67951308,710484820110457
179.8009,disk8w,4128768,601,984243925
179.8009,ram,509247488,64508952576,276993
179.8009,cpu,14869160,21354603,513694793
179.8009,gpu,0,0,0
180.0102,disk0,877427137003520,1968904468,12428885088105125
180.0102,disk0w,1977590358016,18766105,1160214683264
180.0102,disk5,25374645516288,51102033,457610536788423
180.0102,disk5w,225980416,35966,1254168700
180.0102,disk4,29725691687936,29771208,342378613563184
180.0102,disk4w,1447521736704,1489953,590221765111
180.0102,disk8,41824408061952,67953149,710492204273529
180.0102,disk8w,4128768,601,984243925
180.0102,ram,509247488,64508952576,276993
180.0102,cpu,14869160,21354603,513694793
180.0102,gpu,0,0,0
180.2044,disk0,877428837711872,1968907872,12428892734807481
180.2044,disk0w,1977590358016,18766105,1160214683264
180.2044,disk5,25375219480576,51103153,457613536777348
180.2044,disk5w,225980416,35966,1254168700
180.2044,disk4,29726177178624,29771706,342379153598977
180.2044,disk4w,1447521736704,1489953,590221765111
180.2044,disk8,41825765689344,67955764,710511716700751
180.2044,disk8w,4128768,601,984243925
180.2044,ram,509247488,64508952576,276993
180.2044,cpu,14869160,21354603,513694793
180.2044,gpu,0,0,0
180.4102,disk0,877431013326848,1968912709,12428903073082880
180.4102,disk0w,1977590358016,18766105,1160214683264
180.4102,disk5,25376096843776,51104886,457619945697345
180.4102,disk5w,225980416,35966,1254168700
180.4102,disk4,29726721651712,29772264,342379835441460
180.4102,disk4w,1447521736704,1489953,590221765111
180.4102,disk8,41827138881536,67958344,710526788736994
180.4102,disk8w,4128768,601,984243925
180.4102,ram,511836160,64638763008,276993
180.4102,cpu,14869176,21354701,513696465
180.4102,gpu,0,0,0
180.6085,disk0,877433051873280,1968921899,12428918543869674
180.6085,disk0w,1977590358016,18766105,1160214683264
180.6085,disk5,25376822564864,51106320,457624185585371
180.6085,disk5w,225980416,35966,1254168700
180.6085,disk4,29727239779328,29772795,342380526045525
180.6085,disk4w,1447521736704,1489953,590221765111
180.6085,disk8,41828337600512,67960807,710541311682617
180.6085,disk8w,4128768,601,984243925
180.6085,ram,511836160,64638763008,276993
180.6085,cpu,14869176,21354701,513696465
180.6085,gpu,0,0,0
180.8102,disk0,877434966282240,1968927119,12428930089300837
180.8102,disk0w,1977590358016,18766105,1160214683264
180.8102,disk5,25377473918976,51107646,457630270415301
180.8102,disk5w,225980416,35966,1254168700
180.8102,disk4,29727792952320,29773362,342382469274011
180.8102,disk4w,1447521736704,1489953,590221765111
180.8102,disk8,41829457692672,67962533,710551296256168
180.8102,disk8w,4128768,601,984243925
180.8102,ram,511836160,64638763008,276993
180.8102,cpu,14869176,21354701,513696465
180.8102,gpu,0,0,0
181.0102,disk0,877437147844608,1968930869,12428939304750253
181.0102,disk0w,1977590358016,18766105,1160214683264
181.0102,disk5,25378318153728,51109380,457636034572903
181.0102,disk5w,225980416,35966,1254168700
181.0102,disk4,29728274904064,29773856,342382991696519
181.0102,disk4w,1447521736704,1489953,590221765111
181.0102,disk8,41830853658624,67964235,710561753703371
181.0102,disk8w,4128768,601,984243925
181.0102,ram,511836160,64638763008,276993
181.0102,cpu,14869176,21354701,513696465
181.0102,gpu,24,0,0
181.2102,disk0,877439279370240,1968934830,12428947894866167
181.2102,disk0w,1977590358016,18766105,1160214683264
181.2102,disk5,25379160799232,51111108,457644181351911
181.2102,disk5w,225980416,35966,1254168700
181.2102,disk4,29728890680320,29774487,342383855611887
181.2102,disk4w,1447521736704,1489953,590221765111
181.2102,disk8,41832200030208,67966116,710571968042799
181.2102,disk8w,4128768,601,984243925
181.2102,ram,511836160,64638763008,276993
181.2102,cpu,14869176,21354701,513696465
181.2102,gpu,40,2,0
181.4102,disk0,877441467076608,1968939197,12428955927063530
181.4102,disk0w,1977590358016,18766105,1160214683264
181.4102,disk5,25380019853312,51112869,457651490531665
181.4102,disk5w,225980416,35966,1254168700
181.4102,disk4,29729426371584,29775036,342384520562086
181.4102,disk4w,1447521736704,1489953,590221765111
181.4102,disk8,41833510619136,67968044,710584313773688
181.4102,disk8w,4128768,601,984243925
181.4102,ram,511115264,64714964992,276993
181.4102,cpu,14869194,21354805,513698125
181.4102,gpu,0,0,0
181.6034,disk0,877443394686976,1968943164,12428966540900465
181.6034,disk0w,1977590358016,18766105,1160214683264
181.6034,disk5,25380854118400,51114488,457657245259424
181.6034,disk5w,225980416,35966,1254168700
181.6034,disk4,29729900590080,29775522,342385045162684
181.6034,disk4w,1447521736704,1489953,590221765111
181.6034,disk8,41834766977024,67970482,710599591241074
181.6034,disk8w,4128768,601,984243925
181.6034,ram,511115264,64714964992,276993
181.6034,cpu,14869194,21354805,513698125
181.6034,gpu,0,0,0
181.8049,disk0,877445838835712,1968948520,12428984451569675
181.8049,disk0w,1977590358016,18766105,1160214683264
181.8049,disk5,25381649004544,51116056,457663011236445
181.8049,disk5w,225980416,35966,1254168700
181.8049,disk4,29730392372224,29776026,342385641515051
181.8049,disk4w,1447521736704,1489953,590221765111
181.8049,disk8,41835897456640,67972549,710609020629631
181.8049,disk8w,4128768,601,984243925
181.8049,ram,511115264,64714964992,276993
181.8049,cpu,14869194,21354805,513698125
181.8049,gpu,0,0,0
182.0102,disk0,877447839322112,1968957999,12428999849443337
182.0102,disk0w,1977590358016,18766105,1160214683264
182.0102,disk5,25382297974784,51117333,457666496180794
182.0102,disk5w,225980416,35966,1254168700
182.0102,disk4,29730954408960,29776602,342386411696034
182.0102,disk4w,1447521736704,1489953,590221765111
182.0102,disk8,41837204932608,67974737,710624341879771
182.0102,disk8w,4128768,601,984243925
182.0102,ram,511115264,64714964992,276993
182.0102,cpu,14869194,21354805,513698125
182.0102,gpu,0,0,0
182.2102,disk0,877449724420096,1968961775,12429012592725564
182.2102,disk0w,1977590358016,18766105,1160214683264
182.2102,disk5,25382993459200,51118725,457672605090652
182.2102,disk5w,225980416,35966,1254168700
182.2102,disk4,29731472471040,29777133,342387682785899
182.2102,disk4w,1447521736704,1489953,590221765111
182.2102,disk8,41838253623296,67976662,710634612746669
182.2102,disk8w,4128768,601,984243925
182.2102,ram,511115264,64714964992,276993
182.2102,cpu,14869194,21354805,513698125
182.2102,gpu,0,0,0
182.4102,disk0,877451927330816,1968966795,12429024177892759
182.4102,disk0w,1977590358016,18766105,1160214683264
182.4102,disk5,25383828387840,51120439,457678651872241
182.4102,disk5w,225980416,35966,1254168700
182.4102,disk4,29732028871680,29777703,342388383267714
182.4102,disk4w,1447521736704,1489953,590221765111
182.4102,disk8,41839597848576,67978497,710644507163807
182.4102,disk8w,4128768,601,984243925
182.4102,ram,510443520,64517357568,276993
182.4102,cpu,14869217,21354924,513699840
182.4102,gpu,33,0,0
182.6102,disk0,877453655449600,1968969693,12429029402439912
182.6102,disk0w,1977590358016,18766105,1160214683264
182.6102,disk5,25384407447552,51121625,457682116739651
182.6102,disk5w,225980416,35966,1254168700
182.6102,disk4,29732605326336,29778294,342389105426020
182.6102,disk4w,1447521736704,1489953,590221765111
182.6102,disk8,41840998221824,67980303,710660061759046
182.6102,disk8w,4128768,601,984243925
182.6102,ram,510443520,64517357568,276993
182.6102,cpu,14869217,21354924,513699840
182.6102,gpu,0,0,0
182.8069,disk0,877455661391872,1968973603,12429036762309529
182.8069,disk0w,1977590358016,18766105,1160214683264
182.8069,disk5,25385225500672,51123302,457690357128096
182.8069,disk5w,225980416,35966,1254168700
182.8069,disk4,29733180339200,29778883,342389773084537
182.8069,disk4w,1447521736704,1489953,590221765111
182.8069,disk8,41842229446656,67982173,710672198752802
182.8069,disk8w,4128768,601,984243925
182.8069,ram,510443520,64517357568,276993
182.8069,cpu,14869217,21354924,513699840
182.8069,gpu,0,0,0
183.0102,disk0,877457686577152,1968978049,12429047785446421
183.0102,disk0w,1977590358016,18766105,1160214683264
183.0102,disk5,25386180245504,51125213,457699732126567
183.0102,disk5w,225980416,35966,1254168700
183.0102,disk4,29733632799744,29779347,342390276816140
183.0102,disk4w,1447521736704,1489953,590221765111
183.0102,disk8,41843507152896,67984070,710681727321392
183.0102,disk8w,4128768,601,984243925
183.0102,ram,510443520,64517357568,276993
183.0102,cpu,14869217,21354924,513699840
183.0102,gpu,32,0,0
183.2014,disk0,877459576971264,1968982084,12429056751800693
183.2014,disk0w,1977590358016,18766105,1160214683264
183.2014,disk5,25386828969984,51126476,457703236197377
183.2014,disk5w,225980416,35966,1254168700
183.2014,disk4,29734177272832,29779905,342390932158712
183.2014,disk4w,1447521736704,1489953,590221765111
183.2014,disk8,41844838877184,67986743,710700299666777
183.2014,disk8w,4128768,601,984243925
183.2014,ram,510443520,64517357568,276993
183.2014,cpu,14869217,21354924,513699840
183.2014,gpu,0,0,0
183.4089,disk0,877461665726464,1968987329,12429068993636900
183.4089,disk0w,1977590358016,18766105,1160214683264
183.4089,disk5,25387662080000,51128124,457709219498998
183.4089,disk5w,225980416,35966,1254168700
183.4089,disk4,29734598800384,29780337,342391389423946
183.4089,disk4w,1447521736704,1489953,590221765111
183.4089,disk8,41846180530176,67989317,710716035974302
183.4089,disk8w,4128768,601,984243925
183.4089,ram,514211840,64741441536,276993
183.4089,cpu,14869237,21355037,513701417
183.4089,gpu,0,0,0
183.6019,disk0,877463491747840,1968995809,12429081781093263
183.6019,disk0w,1977590366208,18766107,1160214720347
183.6019,disk5,25388521478144,51129811,457716899465730
183.6019,disk5w,225980416,35966,1254168700
183.6019,disk4,29735178400768,29780931,342392171732529
183.6019,disk4w,1447521736704,1489953,590221765111
183.6019,disk8,41847339337728,67991644,710729712905297
183.6019,disk8w,4128768,601,984243925
183.6019,ram,514211840,64741441536,276993
183.6019,cpu,14869237,21355037,513701417
183.6019,gpu,0,0,0
183.8034,disk0,877465515749376,1968999770,12429095979697442
183.8034,disk0w,1977590366208,18766107,1160214720347
183.8034,disk5,25389127661568,51131048,457720252532823
183.8034,disk5w,225980416,35966,1254168700
183.8034,disk4,29735662416896,29781427,342392941266905
183.8034,disk4w,1447521736704,1489953,590221765111
183.8034,disk8,41848319674368,67993282,710738725396382
183.8034,disk8w,4128768,601,984243925
183.8034,ram,514211840,64741441536,276993
183.8034,cpu,14869237,21355037,513701417
183.8034,gpu,0,0,0
184.0102,disk0,877467903635456,1969003911,12429109116558874
184.0102,disk0w,1977590366208,18766107,1160214720347
184.0102,disk5,25389979236352,51132789,457725413741146
184.0102,disk5w,225980416,35966,1254168700
184.0102,disk4,29736202302464,29781980,342393577597522
184.0102,disk4w,1447521736704,1489953,590221765111
184.0102,disk8,41849617598464,67994887,710747296402691
184.0102,disk8w,4128768,601,984243925
184.0102,ram,514211840,64741441536,276993
184.0102,cpu,14869237,21355037,513701417
184.0102,gpu,0,0,0
184.2102,disk0,877469744295936,1969007473,12429115227204554
184.2102,disk0w,1977590366208,18766107,1160214720347
184.2102,disk5,25390941427712,51134761,457733976896693
184.2102,disk5w,225980416,35966,1254168700
184.2102,disk4,29736818078720,29782611,342394333299102
184.2102,disk4w,1447521736704,1489953,590221765111
184.2102,disk8,41850959054848,67996733,710758155955042
184.2102,disk8w,4128768,601,984243925
184.2102,ram,514211840,64741441536,276993
184.2102,cpu,14869237,21355037,513701417
184.2102,gpu,0,0,0
184.4102,disk0,877471653261312,1969011658,12429124627950978
184.4102,disk0w,1977590366208,18766107,1160214720347
184.4102,disk5,25391970318336,51136872,457744070485789
184.4102,disk5w,225980416,35966,1254168700
184.4102,disk4,29737329914880,29783136,342394949101379
184.4102,disk4w,1447521736704,1489953,590221765111
184.4102,disk8,41852134574080,67998506,710768553877579
184.4102,disk8w,4128768,601,984243925
184.4102,ram,510656512,64655917056,276993
184.4102,cpu,14869260,21355146,513703139
184.4102,gpu,0,0,0
184.6003,disk0,877473412853760,1969015475,12429133385981784
184.6003,disk0w,1977590366208,18766107,1160214720347
184.6003,disk5,25392698537984,51138283,457750427972824
184.6003,disk5w,225980416,35966,1254168700
184.6003,disk4,29737796400128,29783614,342395466090552
184.6003,disk4w,1447521736704,1489953,590221765111
184.6003,disk8,41853419669504,68000961,710783022709499
184.6003,disk8w,4128768,601,984243925
184.6003,ram,510656512,64655917056,276993
184.6003,cpu,14869260,21355146,513703139
184.6003,gpu,0,0,0
184.8102,disk0,877475519197184,1969020154,12429145460747250
184.8102,disk0w,1977590366208,18766107,1160214720347
184.8102,disk5,25393398085632,51139664,457754127399825
184.8102,disk5w,225980416,35966,1254168700
184.8102,disk4,29738304697344,29784135,342396081327586
184.8102,disk4w,1447521736704,1489953,590221765111
184.8102,disk8,41854881449984,68003840,710803017238660
184.8102,disk8w,4128768,601,984243925
184.8102,ram,510656512,64655917056,276993
184.8102,cpu,14869260,21355146,513703139
184.8102,gpu,0,0,0
185.0102,disk0,877477163245568,1969028543,12429158131375933
185.0102,disk0w,1977590366208,18766107,1160214720347
185.0102,disk5,25394071418880,51140993,457757869083037
185.0102,disk5w,225980416,35966,1254168700
185.0102,disk4,29738796479488,29784639,342396620185586
185.0102,disk4w,1447521736704,1489953,590221765111
185.0102,disk8,41856170592256,68006103,710820114131699
185.0102,disk8w,4128768,601,984243925
185.0102,ram,510656512,64655917056,276993
185.0102,cpu,14869260,21355146,513703139
185.0102,gpu,0,0,0
185.2102,disk0,877478922420224,1969031908,12429167489352195
185.2102,disk0w,1977590366208,18766107,1160214720347
185.2102,disk5,25394869835776,51142597,457764686100555
185.2102,disk5w,225980416,35966,1254168700
185.2102,disk4,29739314574336,29785170,342397453502657
185.2102,disk4w,1447521736704,1489953,590221765111
185.2102,disk8,41857344325632,68008392,710833605487104
185.2102,disk8w,4128768,601,984243925
185.2102,ram,510656512,64655917056,276993
185.2102,cpu,14869260,21355146,513703139
185.2102,gpu,0,0,0
185.4102,disk0,877481002926080,1969042927,12429184938403274
185.4102,disk0w,1977590366208,18766107,1160214720347
185.4102,disk5,25395690354688,51144280,457770623403281
185.4102,disk5w,225980416,35966,1254168700
185.4102,disk4,29739718538240,29785584,342397913894729
185.4102,disk4w,1447521736704,1489953,590221765111
185.4102,disk8,41858642135040,68010268,710843935506650
185.4102,disk8w,4128768,601,984243925
185.4102,ram,509657088,64497647616,276993
185.4102,cpu,14869278,21355262,513704861
185.4102,gpu,0,0,0
185.6069,disk0,877483131109376,1969046501,12429197241203105
185.6069,disk0w,1977590366208,18766107,1160214720347
185.6069,disk5,25396546361344,51146035,457779149831991
185.6069,disk5w,225980416,35966,1254168700
185.6069,disk4,29740254229504,29786133,342398646461249
185.6069,disk4w,1447521736704,1489953,590221765111
185.6069,disk8,41859680847872,68011636,710848963146242
185.6069,disk8w,4128768,601,984243925
185.6069,ram,509657088,64497647616,276993
185.6069,cpu,14869278,21355262,513704861
185.6069,gpu,0,0,0
185.8102,disk0,877485255131136,1969050749,12429207122937816
185.8102,disk0w,1977590366208,18766107,1160214720347
185.8102,disk5,25397356156928,51147696,457784822519235
185.8102,disk5w,225980416,35966,1254168700
185.8102,disk4,29740798702592,29786691,342399250421891
185.8102,disk4w,1447521736704,1489953,590221765111
185.8102,disk8,41861062445056,68013638,710862141461456
185.8102,disk8w,4128768,601,984243925
185.8102,ram,509657088,64497647616,276993
185.8102,cpu,14869278,21355262,513704861
185.8102,gpu,0,0,0
186.0102,disk0,877486999764992,1969054570,12429214173596546
186.0102,disk0w,1977590366208,18766107,1160214720347
186.0102,disk5,25398230661120,51149444,457791807636109
186.0102,disk5w,225980416,35966,1254168700
186.0102,disk4,29741229011968,29787132,342399696927327
186.0102,disk4w,1447521736704,1489953,590221765111
186.0102,disk8,41862407194624,68015851,710877234824298
186.0102,disk8w,4128768,601,984243925
186.0102,ram,509657088,64497647616,276993
186.0102,cpu,14869278,21355262,513704861
186.0102,gpu,0,0,0
186.2057,disk0,877489034985472,1969059102,12429223918948570
186.2057,disk0w,1977590366208,18766107,1160214720347
186.2057,disk5,25399034394624,51151014,457798537673840
186.2057,disk5w,225980416,35966,1254168700
186.2057,disk4,29741767848960,29787684,342400481685720
186.2057,disk4w,1447521736704,1489953,590221765111
186.2057,disk8,41863684245504,68018451,710892455770760
186.2057,disk8w,4128768,601,984243925
186.2057,ram,509657088,64497647616,276993
186.2057,cpu,14869278,21355262,513704861
186.2057,gpu,0,0,0
186.4102,disk0,877490708467712,1969063166,12429232254703302
186.4102,disk0w,1977590366208,18766107,1160214720347
186.4102,disk5,25399649368064,51152231,457802024068304
186.4102,disk5w,225980416,35966,1254168700
186.4102,disk4,29742151103488,29788077,342400899518346
186.4102,disk4w,1447521736704,1489953,590221765111
186.4102,disk8,41865116682240,68021026,710913994122871
186.4102,disk8w,4128768,601,984243925
186.4102,ram,513064960,63302320128,276993
186.4102,cpu,14869295,21355354,513706464
186.4102,gpu,0,0,0
186.6102,disk0,877492700155904,1969070839,12429244591523832
186.6102,disk0w,1977590366208,18766107,1160214720347
186.6102,disk5,25400457066496,51153826,457807228983570
186.6102,disk5w,225980416,35966,1254168700
186.6102,disk4,29742637249536,29788575,342401456555463
186.6102,disk4w,1447521736704,1489953,590221765111
186.6102,disk8,41866459383808,68023727,710932580242360
186.6102,disk8w,4128768,601,984243925
186.6102,ram,513064960,63302320128,276993
186.6102,cpu,14869295,21355354,513706464
186.6102,gpu,0,0,0
186.8014,disk0,877494300868608,1969074692,12429255373771301
186.8014,disk0w,1977590366208,18766107,1160214720347
186.8014,disk5,25401035331584,51155009,457814781487591
186.8014,disk5w,225980416,35966,1254168700
186.8014,disk4,29743055582208,29789004,342402359443106
186.8014,disk4w,1447521736704,1489953,590221765111
186.8014,disk8,41867386750976,68025261,710940181374934
186.8014,disk8w,4128768,601,984243925
186.8014,ram,513064960,63302320128,276993
186.8014,cpu,14869295,21355354,513706464
186.8014,gpu,0,0,0
187.0102,disk0,877496725168128,1969079103,12429269314399153
187.0102,disk0w,1977590366208,18766107,1160214720347
187.0102,disk5,25401875404800,51156732,457821615509051
187.0102,disk5w,225980416,35966,1254168700
187.0102,disk4,29743568073728,29789529,342402953598929
187.0102,disk4w,1447521736704,1489953,590221765111
187.0102,disk8,41868641503232,68026910,710947993294203
187.0102,disk8w,4128768,601,984243925
187.0102,ram,513064960,63302320128,276993
187.0102,cpu,14869295,21355354,513706464
187.0102,gpu,0,0,0
187.2102,disk0,877498622615552,1969082856,12429276398660547
187.2102,disk0w,1977590366208,18766107,1160214720347
187.2102,disk5,25402797938688,51158623,457831974237114
187.2102,disk5w,225980416,35966,1254168700
187.2102,disk4,29744021582848,29789994,342403461568774
187.2102,disk4w,1447521736704,1489953,590221765111
187.2102,disk8,41869864355840,68028686,710959434819460
187.2102,disk8w,4128768,601,984243925
187.2102,ram,513064960,63302320128,276993
187.2102,cpu,14869295,21355354,513706464
187.2102,gpu,0,0,0
187.4049,disk0,877500623659008,1969087058,12429285860371884
187.4049,disk0w,1977590366208,18766107,1160214720347
187.4049,disk5,25403657213952,51160386,457839402383033
187.4049,disk5w,225980416,35966,1254168700
187.4049,disk4,29744542856192,29790528,342404107616301
187.4049,disk4w,1447521736704,1489953,590221765111
187.4049,disk8,41871065122816,68030415,710970988922434
187.4049,disk8w,4128768,601,984243925
187.4049,ram,510394368,64391774208,276993
187.4049,cpu,14869329,21355457,513708111
187.4049,gpu,0,0,0
187.6102,disk0,877502345125888,1969090644,12429293742625789
187.6102,disk0w,1977590366208,18766107,1160214720347
187.6102,disk5,25404497278976,51162023,457845829919159
187.6102,disk5w,225980416,35966,1254168700
187.6102,disk4,29745022710784,29791020,342404612617518
187.6102,disk4w,1447521736704,1489953,590221765111
187.6102,disk8,41872463419392,68032926,710988180706062
187.6102,disk8w,4128768,601,984243925
187.6102,ram,510394368,64391774208,276993
187.6102,cpu,14869329,21355457,513708111
187.6102,gpu,0,0,0
187.8037,disk0,877504444887040,1969095369,12429307048738049
187.8037,disk0w,1977590366208,18766107,1160214720347
187.8037,disk5,25405271177216,51163549,457852463271778
187.8037,disk5w,225980416,35966,1254168700
187.8037,disk4,29745575965696,29791587,342405290656207
187.8037,disk4w,1447521736704,1489953,590221765111
187.8037,disk8,41873673689088,68035316,711000229180174
187.8037,disk8w,4128768,601,984243925
187.8037,ram,510394368,64391774208,276993
187.8037,cpu,14869329,21355457,513708111
187.8037,gpu,0,0,0
188.0090,disk0,877506476552192,1969103652,12429319721036885
188.0090,disk0w,1977590366208,18766107,1160214720347
188.0090,disk5,25406117640192,51165225,457858612304719
188.0090,disk5w,225980416,35966,1254168700
188.0090,disk4,29746129220608,29792154,342405988014480
188.0090,disk4w,1447521736704,1489953,590221765111
188.0090,disk8,41875059644416,68037673,711015256916059
188.0090,disk8w,4128768,601,984243925
188.0090,ram,510394368,64391774208,276993
188.0090,cpu,14869329,21355457,513708111
188.0090,gpu,0,0,0
188.2034,disk0,877508140572672,1969106981,12429329720660294
188.2034,disk0w,1977590366208,18766107,1160214720347
188.2034,disk5,25406885525504,51166752,457867481077944
188.2034,disk5w,225980416,35966,1254168700
188.2034,disk4,29746585793536,29792622,342407251578281
188.2034,disk4w,1447521736704,1489953,590221765111
188.2034,disk8,41875995138048,68039719,711026461215776
188.2034,disk8w,4128768,601,984243925
188.2034,ram,510394368,64391774208,276993
188.2034,cpu,14869329,21355457,513708111
188.2034,gpu,0,0,0
188.4004,disk0,877510290972672,1969111123,12429339155724143
188.4004,disk0w,1977590366208,18766107,1160214720347
188.4004,disk5,25407797983232,51168623,457874905275501
188.4004,disk5w,225980416,35966,1254168700
188.4004,disk4,29747100382208,29793149,342407995665939
188.4004,disk4w,1447521736704,1489953,590221765111
188.4004,disk8,41877281085440,68041554,711036827023795
188.4004,disk8w,4128768,601,984243925
188.4004,ram,512573440,64493289472,276993
188.4004,cpu,14869354,21355586,513709741
188.4004,gpu,0,0,0
188.6102,disk0,877512354553856,1969114400,12429347813432616
188.6102,disk0w,1977590366208,18766107,1160214720347
188.6102,disk5,25408557758464,51170181,457881278494991
188.6102,disk5w,225980416,35966,1254168700
188.6102,disk4,29747674739712,29793738,342408765736484
188.6102,disk4w,1447521736704,1489953,590221765111
188.6102,disk8,41878683588608,68043288,711048106394911
188.6102,disk8w,4128768,601,984243925
188.6102,ram,512573440,64493289472,276993
188.6102,cpu,14869354,21355586,513709741
188.6102,gpu,0,0,0
188.8032,disk0,877514343768064,1969118288,12429356078480205
188.8032,disk0w,1977590366208,18766107,1160214720347
188.8032,disk5,25409219311616,51171539,457885226576789
188.8032,disk5w,225980416,35966,1254168700
188.8032,disk4,29748263121920,29794341,342409497991324
188.8032,disk4w,1447521736704,1489953,590221765111
188.8032,disk8,41880040593408,68045401,711062528926988
188.8032,disk8w,4128768,601,984243925
188.8032,ram,512573440,64493289472,276993
188.8032,cpu,14869354,21355586,513709741
188.8032,gpu,0,0,0
189.0102,disk0,877516554559488,1969123191,12429369242918057
189.0102,disk0w,1977590366208,18766107,1160214720347
189.0102,disk5,25410220029952,51173542,457893069787249
189.0102,disk5w,225980416,35966,1254168700
189.0102,disk4,29748880995328,29794974,342410257479023
189.0102,disk4w,1447521736704,1489953,590221765111
189.0102,disk8,41881351854080,68047647,711073990006134
189.0102,disk8w,4128768,601,984243925
189.0102,ram,512573440,64493289472,276993
189.0102,cpu,14869354,21355586,513709741
189.0102,gpu,0,0,0
189.2006,disk0,877518291296256,1969127067,12429375906023134
189.2006,disk0w,1977590366208,18766107,1160214720347
189.2006,disk5,25410921396224,51174911,457898226330325
189.2006,disk5w,225980416,35966,1254168700
189.2006,disk4,29749387195392,29795493,342410815741804
189.2006,disk4w,1447521736704,1489953,590221765111
189.2006,disk8,41882695391232,68050224,711093107559465
189.2006,disk8w,4128768,601,984243925
189.2006,ram,512573440,64493289472,276993
189.2006,cpu,14869354,21355586,513709741
189.2006,gpu,0,0,0
189.4102,disk0,877520300187648,1969131705,12429385276379158
189.4102,disk0w,1977590366208,18766107,1160214720347
189.4102,disk5,25411711023104,51176471,457902939147968
189.4102,disk5w,225980416,35966,1254168700
189.4102,disk4,29749905323008,29796024,342411652614365
189.4102,disk4w,1447521736704,1489953,590221765111
189.4102,disk8,41884040255488,68052756,711111592341446
189.4102,disk8w,4128768,601,984243925
189.4102,ram,511148032,64711458816,276993
189.4102,cpu,14869373,21355687,513711406
189.4102,gpu,0,0,0
189.6102,disk0,877522045886464,1969139232,12429395535564579
189.6102,disk0w,1977590366208,18766107,1160214720347
189.6102,disk5,25412569413632,51178164,457913633696685
189.6102,disk5w,225980416,35966,1254168700
189.6102,disk4,29750379541504,29796510,342412239475699
189.6102,disk4w,1447521736704,1489953,590221765111
189.6102,disk8,41885207631872,68054980,711123779152028
189.6102,disk8w,4128768,601,984243925
189.6102,ram,511148032,64711458816,276993
189.6102,cpu,14869373,21355687,513711406
189.6102,gpu,0,0,0
189.8050,disk0,877523957862400,1969142777,12429405990602694
189.8050,disk0w,1977590366208,18766107,1160214720347
189.8050,disk5,25413344491520,51179746,457920805895203
189.8050,disk5w,225980416,35966,1254168700
189.8050,disk4,29750818599936,29796960,342412951762209
189.8050,disk4w,1447521736704,1489953,590221765111
189.8050,disk8,41886259664896,68056585,711132785774790
189.8050,disk8w,4128768,601,984243925
189.8050,ram,511148032,64711458816,276993
189.8050,cpu,14869373,21355687,513711406
189.8050,gpu,0,0,0
190.0102,disk0,877526220599296,1969146704,12429415817084616
190.0102,disk0w,1977590366208,18766107,1160214720347
190.0102,disk5,25414238885888,51181581,457928516499729
190.0102,disk5w,225980416,35966,1254168700
190.0102,disk4,29751286133760,29797439,342413476757676
190.0102,disk4w,1447521736704,1489953,590221765111
190.0102,disk8,41887591585792,68058173,711140858969053
190.0102,disk8w,4128768,601,984243925
190.0102,ram,511148032,64711458816,276993
190.0102,cpu,14869373,21355687,513711406
190.0102,gpu,0,0,0
190.2022,disk0,877528230604800,1969150576,12429423131426889
190.2022,disk0w,1977590366208,18766107,1160214720347
190.2022,disk5,25415001143296,51183145,457933735090609
190.2022,disk5w,225980416,35966,1254168700
190.2022,disk4,29751898764288,29798067,342414269868216
190.2022,disk4w,1447521736704,1489953,590221765111
190.2022,disk8,41888926341120,68060160,711153921768852
190.2022,disk8w,4128768,601,984243925
190.2022,ram,511148032,64711458816,276993
190.2022,cpu,14869373,21355687,513711406
190.2022,gpu,37,2,0
190.4102,disk0,877530328215552,1969155025,12429434852853149
190.4102,disk0w,1977590366208,18766107,1160214720347
190.4102,disk5,25415825340416,51184827,457939542617525
190.4102,disk5w,225980416,35966,1254168700
190.4102,disk4,29752495928320,29798679,342414949723006
190.4102,disk4w,1447521736704,1489953,590221765111
190.4102,disk8,41890291505152,68062279,711167010998929
190.4102,disk8w,4128768,601,984243925
190.4102,ram,513114112,64671924224,276993
190.4102,cpu,14869390,21355798,513713203
190.4102,gpu,0,0,0
190.6102,disk0,877532529045504,1969159917,12429446236374758
190.6102,disk0w,1977590366208,18766107,1160214720347
190.6102,disk5,25416816244736,51186751,457949479128696
190.6102,disk5w,225980416,35966,1254168700
190.6102,disk4,29753040401408,29799237,342415640748900
190.6102,disk4w,1447521736704,1489953,590221765111
190.6102,disk8,41891555907584,68064761,711178824314603
190.6102,disk8w,4128768,601,984243925
190.6102,ram,513114112,64671924224,276993
190.6102,cpu,14869390,21355798,513713203
190.6102,gpu,35,0,0
190.8060,disk0,877534554058752,1969164274,12429455083356561
190.8060,disk0w,1977590366208,18766107,1160214720347
190.8060,disk5,25417767467008,51188631,457957858073563
190.8060,disk5w,225980416,35966,1254168700
190.8060,disk4,29753591165952,29799801,342416322265011
190.8060,disk4w,1447521736704,1489953,590221765111
190.8060,disk8,41892821260288,68066990,711191603941919
190.8060,disk8w,4128768,601,984243925
190.8060,ram,513114112,64671924224,276993
190.8060,cpu,14869390,21355798,513713203
190.8060,gpu,0,0,0
191.0102,disk0,877536605032448,1969173738,12429468800301246
191.0102,disk0w,1977590366208,18766107,1160214720347
191.0102,disk5,25418603026432,51190272,457964884986618
191.0102,disk5w,225980416,35966,1254168700
191.0102,disk4,29754041529344,29800263,342416911004771
191.0102,disk4w,1447521736704,1489953,590221765111
191.0102,disk8,41894109616128,68069417,711206802658209
191.0102,disk8w,4128768,601,984243925
191.0102,ram,513114112,64671924224,276993
191.0102,cpu,14869390,21355798,513713203
191.0102,gpu,0,0,0
191.2102,disk0,877538345132032,1969177066,12429478859416826
191.2102,disk0w,1977590366208,18766107,1160214720347
191.2102,disk5,25419407988736,51191895,457974846557907
191.2102,disk5w,225980416,35966,1254168700
191.2102,disk4,29754550776832,29800785,342418659613345
191.2102,disk4w,1447521736704,1489953,590221765111
191.2102,disk8,41894951720960,68070890,711212647914631
191.2102,disk8w,4128768,601,984243925
191.2102,ram,513114112,64671924224,276993
191.2102,cpu,14869390,21355798,513713203
191.2102,gpu,0,0,0
191.4102,disk0,877540339838976,1969183332,12429487878968974
191.4102,disk0w,1977590386688,18766108,1160214745513
191.4102,disk5,25420130572288,51193375,457980437841585
191.4102,disk5w,225980416,35966,1254168700
191.4102,disk4,29754945958912,29801190,342419162134455
191.4102,disk4w,1447521736704,1489953,590221765111
191.4102,disk8,41896322521088,68072737,711226529518693
191.4102,disk8w,4128768,601,984243925
191.4102,ram,498057216,64655900672,276993
191.4102,cpu,14869408,21355901,513714789
191.4102,gpu,0,0,0
191.6048,disk0,877542327857152,1969186690,12429494527867026
191.6048,disk0w,1977590386688,18766108,1160214745513
191.6048,disk5,25420895983616,51194944,457987046959647
191.6048,disk5w,225980416,35966,1254168700
191.6048,disk4,29755635135488,29801896,342420243543041
191.6048,disk4w,1447521736704,1489953,590221765111
191.6048,disk8,41897591937024,68074488,711237664234514
191.6048,disk8w,4128768,601,984243925
191.6048,ram,498057216,64655900672,276993
191.6048,cpu,14869408,21355901,513714789
191.6048,gpu,0,0,0
191.8040,disk0,877543995961344,1969190195,12429502029942358
191.8040,disk0w,1977590386688,18766108,1160214745513
191.8040,disk5,25421605885952,51196401,457992306042206
191.8040,disk5w,225980416,35966,1254168700
191.8040,disk4,29756245668864,29802522,342420939263211
191.8040,disk4w,1447521736704,1489953,590221765111
191.8040,disk8,41898929838080,68076471,711253245480434
191.8040,disk8w,4128768,601,984243925
191.8040,ram,498057216,64655900672,276993
191.8040,cpu,14869408,21355901,513714789
191.8040,gpu,0,0,0
192.0102,disk0,877545950818304,1969194531,12429512411088012
192.0102,disk0w,1977590386688,18766108,1160214745513
192.0102,disk5,25422513993728,51198195,458000605479776
192.0102,disk5w,225980416,35966,1254168700
192.0102,disk4,29756667196416,29802954,342421415192777
192.0102,disk4w,1447521736704,1489953,590221765111
192.0102,disk8,41900179974144,68078409,711264583569451
192.0102,disk8w,4128768,601,984243925
192.0102,ram,498057216,64655900672,276993
192.0102,cpu,14869408,21355901,513714789
192.0102,gpu,25,0,0
192.2102,disk0,877548043595776,1969199193,12429525526144840
192.2102,disk0w,1977590386688,18766108,1160214745513
192.2102,disk5,25423409952768,51199948,458006201391691
192.2102,disk5w,225980416,35966,1254168700
192.2102,disk4,29757088723968,29803386,342422055054016
192.2102,disk4w,1447521736704,1489953,590221765111
192.2102,disk8,41901497092096,68080799,711276907779036
192.2102,disk8w,4128768,601,984243925
192.2102,ram,498057216,64655900672,276993
192.2102,cpu,14869408,21355901,513714789
192.2102,gpu,0,0,0
192.4028,disk0,877549758099456,1969203217,12429533330521808
192.4028,disk0w,1977590386688,18766108,1160214745513
192.4028,disk5,25424187144192,51201481,458013890755564
192.4028,disk5w,225980416,35966,1254168700
192.4028,disk4,29757545378816,29803854,342422611954450
192.4028,disk4w,1447521736704,1489953,590221765111
192.4028,disk8,41902793656320,68083240,711292053374554
192.4028,disk8w,4128768,601,984243925
192.4028,ram,503119872,63043239936,276993
192.4028,cpu,14869431,21356008,513716521
192.4028,gpu,27,0,0
192.6102,disk0,877552044175360,1969211741,12429548567885377
192.6102,disk0w,1977590386688,18766108,1160214745513
192.6102,disk5,25425067874304,51203211,458021439644953
192.6102,disk5w,225980416,35966,1254168700
192.6102,disk4,29758072288256,29804394,342423265997642
192.6102,disk4w,1447521736704,1489953,590221765111
192.6102,disk8,41904024209408,68085631,711303333969858
192.6102,disk8w,4128768,601,984243925
192.6102,ram,503119872,63043239936,276993
192.6102,cpu,14869431,21356008,513716521
192.6102,gpu,0,0,0
192.8102,disk0,877553673830400,1969214769,12429557941882733
192.8102,disk0w,1977590386688,18766108,1160214745513
192.8102,disk5,25425626019840,51204350,458024815373452
192.8102,disk5w,225980416,35966,1254168700
192.8102,disk4,29758458606592,29804790,342424911695679
192.8102,disk4w,1447521736704,1489953,590221765111
192.8102,disk8,41905094789120,68087262,711315676414251
192.8102,disk8w,4128768,601,984243925
192.8102,ram,503119872,63043239936,276993
192.8102,cpu,14869431,21356008,513716521
192.8102,gpu,0,0,0
193.0102,disk0,877555581337600,1969220875,12429566409504571
193.0102,disk0w,1977590386688,18766108,1160214745513
193.0102,disk5,25426568476672,51206283,458035029610059
193.0102,disk5w,225980416,35966,1254168700
193.0102,disk4,29758897697792,29805240,342425460183601
193.0102,disk4w,1447521736704,1489953,590221765111
193.0102,disk8,41906435639296,68088964,711325604592604
193.0102,disk8w,4128768,601,984243925
193.0102,ram,503119872,63043239936,276993
193.0102,cpu,14869431,21356008,513716521
193.0102,gpu,0,0,0
193.2102,disk0,877557539463168,1969224525,12429573929526211
193.2102,disk0w,1977590386688,18766108,1160214745513
193.2102,disk5,25427423713280,51208037,458042163856963
193.2102,disk5w,225980416,35966,1254168700
193.2102,disk4,29759529989120,29805888,342426228334301
193.2102,disk4w,1447521736704,1489953,590221765111
193.2102,disk8,41907774523392,68090985,711337690218619
193.2102,disk8w,4128768,601,984243925
193.2102,ram,503119872,63043239936,276993
193.2102,cpu,14869431,21356008,513716521
193.2102,gpu,0,0,0
193.4102,disk0,877559523979264,1969228581,12429583667513503
193.4102,disk0w,1977590386688,18766108,1160214745513
193.4102,disk5,25428203247616,51209636,458048538476473
193.4102,disk5w,225980416,35966,1254168700
193.4102,disk4,29760127153152,29806500,342426858200714
193.4102,disk4w,1447521736704,1489953,590221765111
193.4102,disk8,41909089323008,68092929,711350057955698
193.4102,disk8w,4128768,601,984243925
193.4102,ram,499302400,64419627008,276993
193.4102,cpu,14869451,21356121,513718096
193.4102,gpu,0,0,0
193.6102,disk0,877561658028032,1969233167,12429594770657972
193.6102,disk0w,1977590386688,18766108,1160214745513
193.6102,disk5,25429147924480,51211475,458056031436261
193.6102,disk5w,225980416,35966,1254168700
193.6102,disk4,29760680408064,29807067,342427561737865
193.6102,disk4w,1447521736704,1489953,590221765111
193.6102,disk8,41910329706496,68095339,711362908568386
193.6102,disk8w,4128768,601,984243925
193.6102,ram,499302400,64419627008,276993
193.6102,cpu,14869451,21356121,513718096
193.6102,gpu,39,0,0
193.8024,disk0,877563837984768,1969237988,12429607034589717
193.8024,disk0w,1977590386688,18766108,1160214745513
193.8024,disk5,25429866043392,51212890,458062034280769
193.8024,disk5w,225980416,35966,1254168700
193.8024,disk4,29761126839296,29807524,342428093369958
193.8024,disk4w,1447521736704,1489953,590221765111
193.8024,disk8,41911441299456,68097406,711373542839811
193.8024,disk8w,4128768,601,984243925
193.8024,ram,499302400,64419627008,276993
193.8024,cpu,14869451,21356121,513718096
193.8024,gpu,0,0,0
194.0102,disk0,877565543198720,1969243344,12429615833281050
194.0102,disk0w,1977590386688,18766108,1160214745513
194.0102,disk5,25430510467072,51214162,458067039614431
194.0102,disk5w,225980416,35966,1254168700
194.0102,disk4,29761567372288,29807976,342428627663978
194.0102,disk4w,1447521736704,1489953,590221765111
194.0102,disk8,41912816916480,68099657,711392390955354
194.0102,disk8w,4128768,601,984243925
194.0102,ram,499302400,64419627008,276993
194.0102,cpu,14869451,21356121,513718096
194.0102,gpu,22,0,0
194.2017,disk0,877567388971008,1969246784,12429623476168072
194.2017,disk0w,1977590386688,18766108,1160214745513
194.2017,disk5,25431110088704,51215344,458071025915208
194.2017,disk5w,225980416,35966,1254168700
194.2017,disk4,29761962554368,29808381,342429053079586
194.2017,disk4w,1447521736704,1489953,590221765111
194.2017,disk8,41914089576448,68102310,711411832556625
194.2017,disk8w,4128768,601,984243925
194.2017,ram,499302400,64419627008,276993
194.2017,cpu,14869451,21356121,513718096
194.2017,gpu,0,0,0
194.4037,disk0,877568917331968,1969249590,12429632151572773
194.4037,disk0w,1977590386688,18766108,1160214745513
194.4037,disk5,25431695677440,51216541,458075174880058
194.4037,disk5w,225980416,35966,1254168700
194.4037,disk4,29762419143680,29808849,342429954702629
194.4037,disk4w,1447521736704,1489953,590221765111
194.4037,disk8,41915152603136,68104011,711424058278186
194.4037,disk8w,4128768,601,984243925
194.4037,ram,499400704,64663207936,276993
194.4037,cpu,14869475,21356233,513719828
194.4037,gpu,0,0,0
194.6102,disk0,877570955091968,1969253101,12429642433542085
194.6102,disk0w,1977590386688,18766108,1160214745513
194.6102,disk5,25432404015104,51217994,458079550319482
194.6102,disk5w,225980416,35966,1254168700
194.6102,disk4,29762940417024,29809383,342430592227116
194.6102,disk4w,1447521736704,1489953,590221765111
194.6102,disk8,41916520486912,68105876,711437041334155
194.6102,disk8w,4128768,601,984243925
194.6102,ram,499400704,64663207936,276993
194.6102,cpu,14869475,21356233,513719828
194.6102,gpu,0,0,0
194.8012,disk0,877572821065728,1969256446,12429649353040009
194.8012,disk0w,1977590386688,18766108,1160214745513
194.8012,disk5,25433223116800,51219673,458085901173044
194.8012,disk5w,225980416,35966,1254168700
194.8012,disk4,29763560780800,29810019,342431435209615
194.8012,disk4w,1447521736704,1489953,590221765111
194.8012,disk8,41917824309248,68107919,711448845818440
194.8012,disk8w,4128768,601,984243925
194.8012,ram,499400704,64663207936,276993
194.8012,cpu,14869475,21356233,513719828
194.8012,gpu,0,0,0
195.0102,disk0,877574904274944,1969260980,12429658069121633
195.0102,disk0w,1977590386688,18766108,1160214745513
195.0102,disk5,25434190690304,51221658,458095853587453
195.0102,disk5w,225980416,35966,1254168700
195.0102,disk4,29764140381184,29810613,342432143359884
195.0102,disk4w,1447521736704,1489953,590221765111
195.0102,disk8,41919089612800,68109756,711459897353625
195.0102,disk8w,4128768,601,984243925
195.0102,ram,499400704,64663207936,276993
195.0102,cpu,14869475,21356233,513719828
195.0102,gpu,0,0,0
195.2102,disk0,877576649973760,1969264594,12429667424485235
195.2102,disk0w,1977590386688,18766108,1160214745513
195.2102,disk5,25435101575168,51223441,458103686789940
195.2102,disk5w,225980416,35966,1254168700
195.2102,disk4,29764605817856,29811090,342432648218511
195.2102,disk4w,1447521736704,1489953,590221765111
195.2102,disk8,41920397547520,68111980,711474724742811
195.2102,disk8w,4128768,601,984243925
195.2102,ram,499400704,64663207936,276993
195.2102,cpu,14869475,21356233,513719828
195.2102,gpu,0,0,0
195.4047,disk0,877578578223104,1969268892,12429677002794451
195.4047,disk0w,1977590386688,18766108,1160214745513
195.4047,disk5,25435801516032,51224819,458108773878762
195.4047,disk5w,225980416,35966,1254168700
195.4047,disk4,29765115163648,29811612,342433308525745
195.4047,disk4w,1447521736704,1489953,590221765111
195.4047,disk8,41921673238528,68114455,711490358630853
195.4047,disk8w,4128768,601,984243925
195.4047,ram,513015808,64528498688,276993
195.4047,cpu,14869488,21356321,513721496
195.4047,gpu,0,0,0
195.6102,disk0,877580444352512,1969275067,12429688604377000
195.6102,disk0w,1977590386688,18766108,1160214745513
195.6102,disk5,25436496590848,51226198,458113190365341
195.6102,disk5w,225980416,35966,1254168700
195.6102,disk4,29765571818496,29812080,342433824943589
195.6102,disk4w,1447521736704,1489953,590221765111
195.6102,disk8,41923032651776,68116678,711506255687364
195.6102,disk8w,4128768,601,984243925
195.6102,ram,513015808,64528498688,276993
195.6102,cpu,14869488,21356321,513721496
195.6102,gpu,40,0,0
195.8102,disk0,877582382989312,1969278693,12429696168321744
195.8102,disk0w,1977590386688,18766108,1160214745513
195.8102,disk5,25437128292352,51227449,458117089069631
195.8102,disk5w,225980416,35966,1254168700
195.8102,disk4,29766116291584,29812638,342434529593405
195.8102,disk4w,1447521736704,1489953,590221765111
195.8102,disk8,41924313683968,68119285,711524184308924
195.8102,disk8w,4128768,601,984243925
195.8102,ram,513015808,64528498688,276993
195.8102,cpu,14869488,21356321,513721496
195.8102,gpu,28,0,0
196.0102,disk0,877584008990720,1969282332,12429703258705912
196.0102,disk0w,1977590386688,18766108,1160214745513
196.0102,disk5,25437792466944,51228810,458122320025842
196.0102,disk5w,225980416,35966,1254168700
196.0102,disk4,29766696875008,29813233,342435641646237
196.0102,disk4w,1447521736704,1489953,590221765111
196.0102,disk8,41925552642048,68121190,711538345867576
196.0102,disk8w,4128768,601,984243925
196.0102,ram,513015808,64528498688,276993
196.0102,cpu,14869488,21356321,513721496
196.0102,gpu,0,0,0
196.2058,disk0,877586126180352,1969286037,12429713539650188
196.2058,disk0w,1977590386688,18766108,1160214745513
196.2058,disk5,25438627829760,51230523,458130755079148
196.2058,disk5w,225980416,35966,1254168700
196.2058,disk4,29767284208640,29813835,342436378952917
196.2058,disk4w,1447521736704,1489953,590221765111
196.2058,disk8,41926746658816,68122614,711545262498678
196.2058,disk8w,4128768,601,984243925
196.2058,ram,513015808,64528498688,276993
196.2058,cpu,14869488,21356321,513721496
196.2058,gpu,0,0,0
196.4102,disk0,877588343705600,1969290089,12429723833845773
196.4102,disk0w,1977590386688,18766108,1160214745513
196.4102,disk5,25439530317824,51232372,458140166426004
196.4102,disk5w,225980416,35966,1254168700
196.4102,disk4,29767829730304,29814394,342437006954900
196.4102,disk4w,1447521736704,1489953,590221765111
196.4102,disk8,41928071239680,68124529,711554670087951
196.4102,disk8w,4128768,601,984243925
196.4102,ram,511967232,64660422656,276993
196.4102,cpu,14869504,21356421,513723163
196.4102,gpu,0,0,0
196.6102,disk0,877590567768064,1969294602,12429738598671274
196.6102,disk0w,1977590386688,18766108,1160214745513
196.6102,disk5,25440479836160,51234313,458148381523697
196.6102,disk5w,225980416,35966,1254168700
196.6102,disk4,29768390718464,29814969,342437696690956
196.6102,disk4w,1447521736704,1489953,590221765111
196.6102,disk8,41929180649472,68126190,711562435585308
196.6102,disk8w,4128768,601,984243925
196.6102,ram,511967232,64660422656,276993
196.6102,cpu,14869504,21356421,513723163
196.6102,gpu,0,0,0
196.8102,disk0,877592569974784,1969298793,12429750253466256
196.8102,disk0w,1977590386688,18766108,1160214745513
196.8102,disk5,25441357199360,51236013,458155264138513
196.8102,disk5w,225980416,35966,1254168700
196.8102,disk4,29768873718784,29815464,342438229299831
196.8102,disk4w,1447521736704,1489953,590221765111
196.8102,disk8,41930371553280,68128387,711574966734288
196.8102,disk8w,4128768,601,984243925
196.8102,ram,511967232,64660422656,276993
196.8102,cpu,14869504,21356421,513723163
196.8102,gpu,0,0,0
197.0102,disk0,877594755862528,1969303829,12429766337518065
197.0102,disk0w,1977590386688,18766108,1160214745513
197.0102,disk5,25442129278976,51237536,458160202423420
197.0102,disk5w,225980416,35966,1254168700
197.0102,disk4,29769453319168,29816058,342438898109633
197.0102,disk4w,1447521736704,1489953,590221765111
197.0102,disk8,41931569223680,68130586,711587603604417
197.0102,disk8w,4128768,601,984243925
197.0102,ram,511967232,64660422656,276993
197.0102,cpu,14869504,21356421,513723163
197.0102,gpu,0,0,0
197.2016,disk0,877596533260288,1969310277,12429777993502871
197.2016,disk0w,1977590386688,18766108,1160214745513
197.2016,disk5,25442731128832,51238723,458163315967342
197.2016,disk5w,225980416,35966,1254168700
197.2016,disk4,29769822155776,29816436,342439284503762
197.2016,disk4w,1447521736704,1489953,590221765111
197.2016,disk8,41932875208704,68132787,711605348538810
197.2016,disk8w,4128768,601,984243925
197.2016,ram,511967232,64660422656,276993
197.2016,cpu,14869504,21356421,513723163
197.2016,gpu,0,0,0
197.4066,disk0,877598480662528,1969313984,12429786117787609
197.4066,disk0w,1977590386688,18766108,1160214745513
197.4066,disk5,25443383916544,51240015,458167503351540
197.4066,disk5w,225980416,35966,1254168700
197.4066,disk4,29770261246976,29816886,342439783768068
197.4066,disk4w,1447521736704,1489953,590221765111
197.4066,disk8,41934270027776,68135717,711625996255754
197.4066,disk8w,4128768,601,984243925
197.4066,ram,511787008,63043338240,276993
197.4066,cpu,14869523,21356524,513724842
197.4066,gpu,0,0,0
197.6102,disk0,877600024702976,1969318867,12429799824172846
197.6102,disk0w,1977590386688,18766108,1160214745513
197.6102,disk5,25444120901632,51241527,458175608751700
197.6102,disk5w,225980416,35966,1254168700
197.6102,disk4,29770758173696,29817395,342441454336859
197.6102,disk4w,1447521736704,1489953,590221765111
197.6102,disk8,41935337740288,68137475,711635674208137
197.6102,disk8w,4128768,601,984243925
197.6102,ram,511787008,63043338240,276993
197.6102,cpu,14869523,21356524,513724842
197.6102,gpu,23,0,0
197.8057,disk0,877601910747136,1969322059,12429807437145734
197.8057,disk0w,1977590394880,18766110,1160214795804
197.8057,disk5,25444805244928,51242930,458179850203525
197.8057,disk5w,225980416,35966,1254168700
197.8057,disk4,29771334628352,29817986,342442233572910
197.8057,disk4w,1447521736704,1489953,590221765111
197.8057,disk8,41936713897984,68139102,711647698320421
197.8057,disk8w,4128768,601,984243925
197.8057,ram,511787008,63043338240,276993
197.8057,cpu,14869523,21356524,513724842
197.8057,gpu,0,0,0
198.0102,disk0,877604005130240,1969326174,12429817606845725
198.0102,disk0w,1977590394880,18766110,1160214795804
198.0102,disk5,25445686802432,51244737,458191656488941
198.0102,disk5w,225980416,35966,1254168700
198.0102,disk4,29771869271040,29818534,342442902306934
198.0102,disk4w,1447521736704,1489953,590221765111
198.0102,disk8,41937898133504,68140928,711656366107953
198.0102,disk8w,4128768,601,984243925
198.0102,ram,511787008,63043338240,276993
198.0102,cpu,14869523,21356524,513724842
198.0102,gpu,26,0,0
198.2098,disk0,877606121521152,1969330357,12429829134017271
198.2098,disk0w,1977590394880,18766110,1160214795804
198.2098,disk5,25446575273984,51246557,458198779249856
198.2098,disk5w,225980416,35966,1254168700
198.2098,disk4,29772570768384,29819253,342443888864030
198.2098,disk4w,1447521736704,1489953,590221765111
198.2098,disk8,41939217111040,68142973,711666062675565
198.2098,disk8w,4128768,601,984243925
198.2098,ram,511787008,63043338240,276993
198.2098,cpu,14869523,21356524,513724842
198.2098,gpu,0,0,0
198.4102,disk0,877607858536448,1969333965,12429835480581617
198.4102,disk0w,1977590394880,18766110,1160214795804
198.4102,disk5,25447425308672,51248215,458206204427579
198.4102,disk5w,225980416,35966,1254168700
198.4102,disk4,29773027423232,29819721,342444436056116
198.4102,disk4w,1447521736704,1489953,590221765111
198.4102,disk8,41940498864128,68145391,711681661403311
198.4102,disk8w,4128768,601,984243925
198.4102,ram,510935040,64671334400,276993
198.4102,cpu,14869550,21356641,513726495
198.4102,gpu,0,0,0
198.6102,disk0,877609874784256,1969338182,12429844946036496
198.6102,disk0w,1977590394880,18766110,1160214795804
198.6102,disk5,25448086583296,51249513,458210013665389
198.6102,disk5w,225980416,35966,1254168700
198.6102,disk4,29773599290368,29820307,342445106557926
198.6102,disk4w,1447521736704,1489953,590221765111
198.6102,disk8,41941815154688,68147879,711699349536807
198.6102,disk8w,4128768,601,984243925
198.6102,ram,510935040,64671334400,276993
198.6102,cpu,14869550,21356641,513726495
198.6102,gpu,0,0,0
198.8025,disk0,877611569266688,1969341926,12429857854024914
198.8025,disk0w,1977590394880,18766110,1160214795804
198.8025,disk5,25448507717632,51250346,458212248642231
198.8025,disk5w,225980416,35966,1254168700
198.8025,disk4,29773981103104,29820698,342445556590511
198.8025,disk4w,1447521736704,1489953,590221765111
198.8025,disk8,41942930511872,68149755,711712575609793
198.8025,disk8w,4128768,601,984243925
198.8025,ram,510935040,64671334400,276993
198.8025,cpu,14869550,21356641,513726495
198.8025,gpu,0,0,0
199.0102,disk0,877613568507904,1969350061,12429872041319644
199.0102,disk0w,1977590394880,18766110,1160214795804
199.0102,disk5,25449041475584,51251400,458215309674485
199.0102,disk5w,225980416,35966,1254168700
199.0102,disk4,29774581806080,29821314,342446464187817
199.0102,disk4w,1447521736704,1489953,590221765111
199.0102,disk8,41944288794624,68152377,711731724072714
199.0102,disk8w,4128768,601,984243925
199.0102,ram,510935040,64671334400,276993
199.0102,cpu,14869550,21356641,513726495
199.0102,gpu,0,0,0
199.2102,disk0,877615503704064,1969354067,12429885396041774
199.2102,disk0w,1977590394880,18766110,1160214795804
199.2102,disk5,25449876404224,51253093,458223907529927
199.2102,disk5w,225980416,35966,1254168700
199.2102,disk4,29775029646336,29821773,342447015413875
199.2102,disk4w,1447521736704,1489953,590221765111
199.2102,disk8,41945340418048,68154177,711739949021537
199.2102,disk8w,4128768,601,984243925
199.2102,ram,510935040,64671334400,276993
199.2102,cpu,14869550,21356641,513726495
199.2102,gpu,0,0,0
199.4102,disk0,877617721196544,1969357997,12429895219703468
199.4102,disk0w,1977590394880,18766110,1160214795804
199.4102,disk5,25450695882752,51254773,458230525698222
199.4102,disk5w,225980416,35966,1254168700
199.4102,disk4,29775512646656,29822268,342447579821042
199.4102,disk4w,1447521736704,1489953,590221765111
199.4102,disk8,41946647173120,68155835,711749822582305
199.4102,disk8w,4128768,601,984243925
199.4102,ram,515457024,64627458048,276993
199.4102,cpu,14869574,21356755,513728120
199.4102,gpu,0,0,0
199.6064,disk0,877619660931072,1969361665,12429902221095341
199.6064,disk0w,1977590394880,18766110,1160214795804
199.6064,disk5,25451665463296,51256759,458242263166768
199.6064,disk5w,225980416,35966,1254168700
199.6064,disk4,29776039556096,29822808,342448240951601
199.6064,disk4w,1447521736704,1489953,590221765111
199.6064,disk8,41947870943232,68157509,711758393133697
199.6064,disk8w,4128768,601,984243925
199.6064,ram,515915776,64560300032,276993
199.6064,cpu,14869574,21356755,513728120
199.6064,gpu,54,0,0
199.8073,disk0,877621652307968,1969365781,12429911355581926
199.8073,disk0w,1977590394880,18766110,1160214795804
199.8073,disk5,25452521994240,51258517,458249119182089
199.8073,disk5w,225980416,35966,1254168700
199.8073,disk4,29776434738176,29823213,342448719948549
199.8073,disk4w,1447521736704,1489953,590221765111
199.8073,disk8,41949127596032,68159366,711771279914028
199.8073,disk8w,4128768,601,984243925
199.8073,ram,515915776,64560300032,276993
199.8073,cpu,14869574,21356755,513728120
199.8073,gpu,36,0,0
200.0034,disk0,877623756505088,1969370158,12429920437590791
200.0034,disk0w,1977590394880,18766110,1160214795804
200.0034,disk5,25453516027904,51260468,458260271605168
200.0034,disk5w,225980416,35966,1254168700
200.0034,disk4,29776987993088,29823780,342449595473354
200.0034,disk4w,1447521736704,1489953,590221765111
200.0034,disk8,41950359345152,68161531,711781655300476
200.0034,disk8w,4128768,601,984243925
200.0034,ram,515915776,64560300032,276993
200.0034,cpu,14869574,21356755,513728120
200.0034,gpu,0,0,0
200.2102,disk0,877625593970688,1969374070,12429927278067118
200.2102,disk0w,1977590394880,18766110,1160214795804
200.2102,disk5,25454280767488,51261971,458264552220590
200.2102,disk5w,225980416,35966,1254168700
200.2102,disk4,29777626575872,29824434,342450474290885
200.2102,disk4w,1447521736704,1489953,590221765111
200.2102,disk8,41951758637056,68164324,711802055723123
200.2102,disk8w,4128768,601,984243925
200.2102,ram,515915776,64560300032,276993
200.2102,cpu,14869574,21356755,513728120
200.2102,gpu,0,0,0
200.4102,disk0,877627763355648,1969382287,12429943653943329
200.4102,disk0w,1977590394880,18766110,1160214795804
200.4102,disk5,25454964062208,51263321,458268323931838
200.4102,disk5w,225980416,35966,1254168700
200.4102,disk4,29778050593792,29824869,342451036870992
200.4102,disk4w,1447521736704,1489953,590221765111
200.4102,disk8,41953082710016,68166442,711815859567971
200.4102,disk8w,4128768,601,984243925
200.4102,ram,515031040,63153602560,276993
200.4102,cpu,14869589,21356857,513729783
200.4102,gpu,0,0,0
200.6058,disk0,877629640765440,1969385826,12429953143497611
200.6058,disk0w,1977590394880,18766110,1160214795804
200.6058,disk5,25455580329984,51264542,458272167849049
200.6058,disk5w,225980416,35966,1254168700
200.6058,disk4,29778493879296,29825323,342451561103300
200.6058,disk4w,1447521736704,1489953,590221765111
200.6058,disk8,41954239567872,68168809,711830814614051
200.6058,disk8w,4128768,601,984243925
200.6058,ram,515555328,63153602560,276993
200.6058,cpu,14869589,21356857,513729783
200.6058,gpu,0,0,0
200.8009,disk0,877631763361792,1969393080,12429964908808995
200.8009,disk0w,1977590394880,18766110,1160214795804
200.8009,disk5,25456140793856,51265690,458275180000374
200.8009,disk5w,225980416,35966,1254168700
200.8009,disk4,29779069236224,29825913,342452558128559
200.8009,disk4w,1447521736704,1489953,590221765111
200.8009,disk8,41955563100160,68170818,711845296565833
200.8009,disk8w,4128768,601,984243925
200.8009,ram,515555328,63153602560,276993
200.8009,cpu,14869589,21356857,513729783
200.8009,gpu,35,0,0
201.0102,disk0,877633968893952,1969397102,12429974977254951
201.0102,disk0w,1977590394880,18766110,1160214795804
201.0102,disk5,25456934090752,51267317,458282896242380
201.0102,disk5w,225980416,35966,1254168700
201.0102,disk4,29779598242816,29826455,342453213820585
201.0102,disk4w,1447521736704,1489953,590221765111
201.0102,disk8,41956915075072,68172411,711854720946222
201.0102,disk8w,4128768,601,984243925
201.0102,ram,515555328,63153602560,276993
201.0102,cpu,14869589,21356857,513729783
201.0102,gpu,0,0,0
201.2102,disk0,877635756437504,1969400563,12429981337525718
201.2102,disk0w,1977590394880,18766110,1160214795804
201.2102,disk5,25457644476416,51268775,458288373565972
201.2102,disk5w,225980416,35966,1254168700
201.2102,disk4,29780039431168,29826907,342453698455682
201.2102,disk4w,1447521736704,1489953,590221765111
201.2102,disk8,41958328850432,68174645,711872106726730
201.2102,disk8w,4128768,601,984243925
201.2102,ram,515555328,63153602560,276993
201.2102,cpu,14869589,21356857,513729783
201.2102,gpu,0,0,0
201.4006,disk0,877637668745216,1969404784,12429992771142562
201.4006,disk0w,1977590394880,18766110,1160214795804
201.4006,disk5,25458537052160,51270596,458296174598270
201.4006,disk5w,225980416,35966,1254168700
201.4006,disk4,29780685091840,29827569,342454568254921
201.4006,disk4w,1447521736704,1489953,590221765111
201.4006,disk8,41959451203584,68176350,711881348115110
201.4006,disk8w,4128768,601,984243925
201.4006,ram,517914624,64500400128,276993
201.4006,cpu,14869608,21356960,513731452
201.4006,gpu,0,0,0
201.6102,disk0,877640123084800,1969410116,12430006823501205
201.6102,disk0w,1977590394880,18766110,1160214795804
201.6102,disk5,25459332462592,51272141,458301618170215
201.6102,disk5w,225980416,35966,1254168700
201.6102,disk4,29781247128576,29828145,342455247248191
201.6102,disk4w,1447521736704,1489953,590221765111
201.6102,disk8,41960805603328,68178925,711894890293507
201.6102,disk8w,4128768,601,984243925
201.6102,ram,516505600,64533790720,276993
201.6102,cpu,14869608,21356963,513731511
201.6102,gpu,0,0,0
201.8102,disk0,877641727299584,1969413619,12430012839033266
201.8102,disk0w,1977590394880,18766110,1160214795804
201.8102,disk5,25460124039168,51273705,458309598799807
201.8102,disk5w,225980416,35966,1254168700
201.8102,disk4,29781817947136,29828730,342456035572294
201.8102,disk4w,1447521736704,1489953,590221765111
201.8102,disk8,41962009057280,68181177,711910096659633
201.8102,disk8w,4128768,601,984243925
201.8102,ram,516505600,64533790720,276993
201.8102,cpu,14869608,21356963,513731511
201.8102,gpu,0,0,0
202.0102,disk0,877643483869184,1969421325,12430024838489877
202.0102,disk0w,1977590394880,18766110,1160214795804
202.0102,disk5,25460825929728,51275092,458313322689814
202.0102,disk5w,225980416,35966,1254168700
202.0102,disk4,29782293214208,29829217,342456663413883
202.0102,disk4w,1447521736704,1489953,590221765111
202.0102,disk8,41963345827840,68183583,711929726702958
202.0102,disk8w,4128768,601,984243925
202.0102,ram,516505600,64533790720,276993
202.0102,cpu,14869608,21356963,513731511
202.0102,gpu,0,0,0
202.2006,disk0,877645185814528,1969424349,12430034439703390
202.2006,disk0w,1977590394880,18766110,1160214795804
202.2006,disk5,25461492725760,51276427,458318768415406
202.2006,disk5w,225980416,35966,1254168700
202.2006,disk4,29782678516736,29829612,342457436017255
202.2006,disk4w,1447521736704,1489953,590221765111
202.2006,disk8,41964421797888,68185704,711943733752504
202.2006,disk8w,4128768,601,984243925
202.2006,ram,516505600,64533790720,276993
202.2006,cpu,14869608,21356963,513731511
202.2006,gpu,0,0,0
202.4092,disk0,877647532347392,1969432559,12430050282880080
202.4092,disk0w,1977590394880,18766110,1160214795804
202.4092,disk5,25462161618944,51277798,458322619890491
202.4092,disk5w,225980416,35966,1254168700
202.4092,disk4,29783196644352,29830143,342458062018919
202.4092,disk4w,1447521736704,1489953,590221765111
202.4092,disk8,41965783504896,68187618,711955646107365
202.4092,disk8w,4128768,601,984243925
202.4092,ram,508837888,64601063424,276993
202.4092,cpu,14869627,21357085,513733080
202.4092,gpu,0,0,0
202.6102,disk0,877649589669888,1969435962,12430057347727248
202.6102,disk0w,1977590394880,18766110,1160214795804
202.6102,disk5,25463062304768,51279645,458329726677527
202.6102,disk5w,225980416,35966,1254168700
202.6102,disk4,29783724602368,29830684,342458643405405
202.6102,disk4w,1447521736704,1489953,590221765111
202.6102,disk8,41967047612416,68189200,711965857137703
202.6102,disk8w,4128768,601,984243925
202.6102,ram,508837888,64601063424,276993
202.6102,cpu,14869627,21357085,513733080
202.6102,gpu,0,0,0
202.8102,disk0,877651439751168,1969439668,12430063840392232
202.8102,disk0w,1977590394880,18766110,1160214795804
202.8102,disk5,25463858608128,51281276,458337905752243
202.8102,disk5w,225980416,35966,1254168700
202.8102,disk4,29784285590528,29831259,342459347599041
202.8102,disk4w,1447521736704,1489953,590221765111
202.8102,disk8,41968380303360,68191296,711980716330262
202.8102,disk8w,4128768,601,984243925
202.8102,ram,508837888,64601063424,276993
202.8102,cpu,14869627,21357085,513733080
202.8102,gpu,0,0,0
203.0062,disk0,877653593571328,1969444429,12430075364928160
203.0062,disk0w,1977593290752,18766155,1160216591291
203.0062,disk5,25464812828672,51283190,458348032043279
203.0062,disk5w,225980416,35966,1254168700
203.0062,disk4,29784777372672,29831763,342460031492219
203.0062,disk4w,1447521736704,1489953,590221765111
203.0062,disk8,41969498560512,68193031,711988714126765
203.0062,disk8w,4128768,601,984243925
203.0062,ram,508837888,64601063424,276993
203.0062,cpu,14869627,21357085,513733080
203.0062,gpu,0,0,0
203.2043,disk0,877655625187328,1969448980,12430089201384129
203.2043,disk0w,1977594646528,18766449,1160226966319
203.2043,disk5,25465531070464,51284594,458353327881964
203.2043,disk5w,225980416,35966,1254168700
203.2043,disk4,29785277936640,29832276,342460709781716
203.2043,disk4w,1447521736704,1489953,590221765111
203.2043,disk8,41970780428288,68195504,712002082993465
203.2043,disk8w,4128768,601,984243925
203.2043,ram,508837888,64601063424,276993
203.2043,cpu,14869627,21357085,513733080
203.2043,gpu,35,2,0
203.4048,disk0,877657274363904,1969452576,12430094546931820
203.4048,disk0w,1977594646528,18766449,1160226966319
203.4048,disk5,25466364950528,51286239,458358596138667
203.4048,disk5w,225980416,35966,1254168700
203.4048,disk4,29785910227968,29832924,342461497723704
203.4048,disk4w,1447521736704,1489953,590221765111
203.4048,disk8,41972155488256,68198067,712020238653143
203.4048,disk8w,4128768,601,984243925
203.4048,ram,508706816,63208538112,276993
203.4048,cpu,14869657,21357213,513734706
203.4048,gpu,0,0,0
203.6072,disk0,877658783264768,1969458967,12430102858543026
203.6072,disk0w,1977594646528,18766449,1160226966319
203.6072,disk5,25467002566656,51287501,458362022069377
203.6072,disk5w,225980416,35966,1254168700
203.6072,disk4,29786384446464,29833410,342462102185920
203.6072,disk4w,1447521736704,1489953,590221765111
203.6072,disk8,41973552539648,68200620,712041651957284
203.6072,disk8w,4128768,601,984243925
203.6072,ram,508706816,63208538112,276993
203.6072,cpu,14869657,21357213,513734706
203.6072,gpu,30,0,0
203.8102,disk0,877660606967808,1969462510,12430114966306892
203.8102,disk0w,1977594646528,18766449,1160226966319
203.8102,disk5,25467625502720,51288749,458366242763088
203.8102,disk5w,225980416,35966,1254168700
203.8102,disk4,29786841019392,29833878,342464014744344
203.8102,disk4w,1447521736704,1489953,590221765111
203.8102,disk8,41974507563008,68202514,712052596990606
203.8102,disk8w,4128768,601,984243925
203.8102,ram,508706816,63208538112,276993
203.8102,cpu,14869657,21357213,513734706
203.8102,gpu,0,0,0
204.0040,disk0,877662573113344,1969470142,12430127557314135
204.0040,disk0w,1977594646528,18766449,1160226966319
204.0040,disk5,25468344940544,51290223,458371340439909
204.0040,disk5w,225980416,35966,1254168700
204.0040,disk4,29787411837952,29834463,342464714193845
204.0040,disk4w,1447521736704,1489953,590221765111
204.0040,disk8,41975817758720,68204431,712065362639391
204.0040,disk8w,4128768,601,984243925
204.0040,ram,508706816,63208538112,276993
204.0040,cpu,14869657,21357213,513734706
204.0040,gpu,0,0,0
204.2102,disk0,877664652062720,1969473592,12430134366731465
204.2102,disk0w,1977594646528,18766449,1160226966319
204.2102,disk5,25469248632832,51292076,458379587855164
204.2102,disk5w,225980416,35966,1254168700
204.2102,disk4,29787957359616,29835022,342465395647489
204.2102,disk4w,1447521736704,1489953,590221765111
204.2102,disk8,41977186232320,68206157,712076368655602
204.2102,disk8w,4128768,601,984243925
204.2102,ram,508706816,63208538112,276993
204.2102,cpu,14869657,21357213,513734706
204.2102,gpu,0,0,0
204.4102,disk0,877666634985472,1969477487,12430141596971507
204.4102,disk0w,1977594646528,18766449,1160226966319
204.4102,disk5,25469983143936,51293579,458384352924667
204.4102,disk5w,225980416,35966,1254168700
204.4102,disk4,29788547838976,29835627,342466194000624
204.4102,disk4w,1447521736704,1489953,590221765111
204.4102,disk8,41978577790976,68208419,712091951553623
204.4102,disk8w,4128768,601,984243925
204.4102,ram,511787008,64412123136,276993
204.4102,cpu,14869681,21357330,513736368
204.4102,gpu,0,0,0
204.6102,disk0,877668801216512,1969482215,12430153871685326
204.6102,disk0w,1977594646528,18766449,1160226966319
204.6102,disk5,25470974425088,51295569,458393884811901
204.6102,disk5w,225980416,35966,1254168700
204.6102,disk4,29789045257216,29836137,342466945863341
204.6102,disk4w,1447521736704,1489953,590221765111
204.6102,disk8,41979770775552,68210148,712099539810729
204.6102,disk8w,4128768,601,984243925
204.6102,ram,511787008,64412123136,276993
204.6102,cpu,14869682,21357334,513736416
204.6102,gpu,0,0,0
204.8031,disk0,877670741917696,1969486336,12430165684919293
204.8031,disk0w,1977594646528,18766449,1160226966319
204.8031,disk5,25471608748032,51296802,458397437082735
204.8031,disk5w,225980416,35966,1254168700
204.8031,disk4,29789609391104,29836715,342467612062776
204.8031,disk4w,1447521736704,1489953,590221765111
204.8031,disk8,41981021661184,68212734,712117691509294
204.8031,disk8w,4128768,601,984243925
204.8031,ram,511787008,64412123136,276993
204.8031,cpu,14869682,21357334,513736416
204.8031,gpu,0,0,0
205.0102,disk0,877672942125056,1969491340,12430177904787427
205.0102,disk0w,1977594646528,18766449,1160226966319
205.0102,disk5,25472538753024,51298640,458406709381614
205.0102,disk5w,225980416,35966,1254168700
205.0102,disk4,29790142985216,29837262,342468302334258
205.0102,disk4w,1447521736704,1489953,590221765111
205.0102,disk8,41982419068928,68215347,712129170293881
205.0102,disk8w,4128768,601,984243925
205.0102,ram,511787008,64412123136,276993
205.0102,cpu,14869682,21357334,513736416
205.0102,gpu,0,0,0
205.2102,disk0,877674529914880,1969495950,12430186582418487
205.2102,disk0w,1977594646528,18766449,1160226966319
205.2102,disk5,25473266055168,51300078,458412514673258
205.2102,disk5w,225980416,35966,1254168700
205.2102,disk4,29790722585600,29837856,342469080992564
205.2102,disk4w,1447521736704,1489953,590221765111
205.2102,disk8,41983798736896,68217867,712147934973057
205.2102,disk8w,4128768,601,984243925
205.2102,ram,511787008,64412123136,276993
205.2102,cpu,14869682,21357334,513736416
205.2102,gpu,0,0,0
205.4009,disk0,877676231946240,1969499294,12430199383475327
205.4009,disk0w,1977594646528,18766449,1160226966319
205.4009,disk5,25473942534144,51301434,458420672681419
205.4009,disk5w,225980416,35966,1254168700
205.4009,disk4,29791065060352,29838207,342469633182105
205.4009,disk4w,1447521736704,1489953,590221765111
205.4009,disk8,41984779630592,68219803,712157696557776
205.4009,disk8w,4128768,601,984243925
205.4009,ram,509165568,64672268288,276993
205.4009,cpu,14869702,21357455,513737994
205.4009,gpu,0,0,0
205.6102,disk0,877678370598912,1969512785,12430214676935763
205.6102,disk0w,1977594646528,18766449,1160226966319
205.6102,disk5,25474888800256,51303372,458428588607549
205.6102,disk5w,225980416,35966,1254168700
205.6102,disk4,29791574406144,29838729,342470221199136
205.6102,disk4w,1447521736704,1489953,590221765111
205.6102,disk8,41986164209664,68221874,712169637755923
205.6102,disk8w,4128768,601,984243925
205.6102,ram,509706240,64672268288,276993
205.6102,cpu,14869702,21357464,513738121
205.6102,gpu,0,0,0
205.8071,disk0,877680530518016,1969516219,12430222988841898
205.8071,disk0w,1977594662912,18766450,1160226991527
205.8071,disk5,25475623688192,51304878,458435178384310
205.8071,disk5w,225980416,35966,1254168700
205.8071,disk4,29792127661056,29839296,342470929126150
205.8071,disk4w,1447521736704,1489953,590221765111
205.8071,disk8,41987537156096,68223537,712178995225343
205.8071,disk8w,4128768,601,984243925
205.8071,ram,509706240,64672268288,276993
205.8071,cpu,14869702,21357464,513738121
205.8071,gpu,0,0,0
206.0102,disk0,877682899496960,1969520997,12430238549060805
206.0102,disk0w,1977594662912,18766450,1160226991527
206.0102,disk5,25476564948992,51306807,458444233275962
206.0102,disk5w,225980416,35966,1254168700
206.0102,disk4,29792691794944,29839874,342471708005050
206.0102,disk4w,1447521736704,1489953,590221765111
206.0102,disk8,41988586600448,68225117,712185001681904
206.0102,disk8w,4128768,601,984243925
206.0102,ram,509706240,64672268288,276993
206.0102,cpu,14869702,21357464,513738121
206.0102,gpu,37,0,0
206.2102,disk0,877685153689600,1969525932,12430253090306260
206.2102,disk0w,1977594662912,18766450,1160226991527
206.2102,disk5,25477469534208,51308608,458453144843392
206.2102,disk5w,225980416,35966,1254168700
206.2102,disk4,29793269298176,29840466,342472462558688
206.2102,disk4w,1447521736704,1489953,590221765111
206.2102,disk8,41989791709184,68227087,712193275680080
206.2102,disk8w,4128768,601,984243925
206.2102,ram,509706240,64672268288,276993
206.2102,cpu,14869702,21357464,513738121
206.2102,gpu,0,0,0
206.4102,disk0,877687376392192,1969530655,12430268132310716
206.4102,disk0w,1977594662912,18766450,1160226991527
206.4102,disk5,25478050166784,51309743,458455763193809
206.4102,disk5w,225980416,35966,1254168700
206.4102,disk4,29793743516672,29840952,342473086321151
206.4102,disk4w,1447521736704,1489953,590221765111
206.4102,disk8,41991058405376,68229638,712209662480543
206.4102,disk8w,4128768,601,984243925
206.4102,ram,509591552,64607109120,276993
206.4102,cpu,14869722,21357571,513739654
206.4102,gpu,0,0,0
206.6102,disk0,877689316503552,1969535089,12430277890698166
206.6102,disk0w,1977594662912,18766450,1160226991527
206.6102,disk5,25478700464128,51311030,458459682463710
206.6102,disk5w,225980416,35966,1254168700
206.6102,disk4,29794252862464,29841474,342473632880858
206.6102,disk4w,1447521736704,1489953,590221765111
206.6102,disk8,41992427698176,68231955,712226640704512
206.6102,disk8w,4128768,601,984243925
206.6102,ram,510033920,64607109120,276993
206.6102,cpu,14869722,21357576,513739698
206.6102,gpu,0,0,0
206.8102,disk0,877691221028864,1969539974,12430288272525370
206.8102,disk0w,1977594662912,18766450,1160226991527
206.8102,disk5,25479399733248,51312414,458463490169651
206.8102,disk5w,225980416,35966,1254168700
206.8102,disk4,29794758669312,29841992,342474234340855
206.8102,disk4w,1447521736704,1489953,590221765111
206.8102,disk8,41993799432192,68234728,712247714661029
206.8102,disk8w,4128768,601,984243925
206.8102,ram,510033920,64607109120,276993
206.8102,cpu,14869722,21357576,513739698
206.8102,gpu,0,0,0
207.0090,disk0,877693005627392,1969547900,12430300939320686
207.0090,disk0w,1977594662912,18766450,1160226991527
207.0090,disk5,25480053176320,51313752,458469240632942
207.0090,disk5w,225980416,35966,1254168700
207.0090,disk4,29795271521280,29842518,342475192039726
207.0090,disk4w,1447521736704,1489953,590221765111
207.0090,disk8,41994989172736,68236608,712259774033684
207.0090,disk8w,4128768,601,984243925
207.0090,ram,510033920,64607109120,276993
207.0090,cpu,14869722,21357576,513739698
207.0090,gpu,0,0,0
207.2040,disk0,877695040585728,1969551493,12430310527997507
207.2040,disk0w,1977594662912,18766450,1160226991527
207.2040,disk5,25480847529984,51315379,458474747890278
207.2040,disk5w,225980416,35966,1254168700
207.2040,disk4,29795745739776,29843004,342475714811687
207.2040,disk4w,1447521736704,1489953,590221765111
207.2040,disk8,41996279543808,68238113,712268999898517
207.2040,disk8w,4128768,601,984243925
207.2040,ram,510033920,64607109120,276993
207.2040,cpu,14869722,21357576,513739698
207.2040,gpu,0,0,0
207.4102,disk0,877697277329408,1969555702,12430320839050167
207.4102,disk0w,1977594662912,18766450,1160226991527
207.4102,disk5,25481814202368,51317363,458484152446574
207.4102,disk5w,225980416,35966,1254168700
207.4102,disk4,29796274746368,29843546,342476366142756
207.4102,disk4w,1447521736704,1489953,590221765111
207.4102,disk8,41997507655680,68239795,712278461602533
207.4102,disk8w,4128768,601,984243925
207.4102,ram,510246912,64626147328,276993
207.4102,cpu,14869744,21357696,513741292
207.4102,gpu,0,0,0
207.6102,disk0,877699654991872,1969560670,12430336457017700
207.6102,disk0w,1977594662912,18766450,1160226991527
207.6102,disk5,25482593335296,51318954,458488781831293
207.6102,disk5w,225980416,35966,1254168700
207.6102,disk4,29796878595072,29844165,342477153223425
207.6102,disk4w,1447521736704,1489953,590221765111
207.6102,disk8,41998781724672,68241798,712288811781663
207.6102,disk8w,4128768,601,984243925
207.6102,ram,510541824,64626147328,276993
207.6102,cpu,14869745,21357698,513741339
207.6102,gpu,0,0,0
207.8102,disk0,877701611339776,1969564746,12430346520689754
207.8102,disk0w,1977595359232,18766568,1160229896903
207.8102,disk5,25483231328256,51320190,458492463649488
207.8102,disk5w,225980416,35966,1254168700
207.8102,disk4,29797291340800,29844588,342477629931830
207.8102,disk4w,1447521736704,1489953,590221765111
207.8102,disk8,42000149202944,68244504,712307804270554
207.8102,disk8w,4128768,601,984243925
207.8102,ram,510541824,64626147328,276993
207.8102,cpu,14869745,21357698,513741339
207.8102,gpu,0,0,0
208.0087,disk0,877703554220032,1969568893,12430355721536964
208.0087,disk0w,1977595359232,18766568,1160229896903
208.0087,disk5,25483944474624,51321596,458500871787950
208.0087,disk5w,225980416,35966,1254168700
208.0087,disk4,29797756777472,29845065,342478172323162
208.0087,disk4w,1447521736704,1489953,590221765111
208.0087,disk8,42001396975616,68246866,712322451326960
208.0087,disk8w,4128768,601,984243925
208.0087,ram,510541824,64626147328,276993
208.0087,cpu,14869745,21357698,513741339
208.0087,gpu,0,0,0
208.2086,disk0,877705589280768,1969575326,12430371324384281
208.2086,disk0w,1977595359232,18766568,1160229896903
208.2086,disk5,25484678723584,51323045,458504929949665
208.2086,disk5w,225980416,35966,1254168700
208.2086,disk4,29798239777792,29845560,342478690201621
208.2086,disk4w,1447521736704,1489953,590221765111
208.2086,disk8,42002694014976,68249029,712336011947105
208.2086,disk8w,4128768,601,984243925
208.2086,ram,510541824,64626147328,276993
208.2086,cpu,14869745,21357698,513741339
208.2086,gpu,0,0,0
208.4038,disk0,877707278503936,1969578636,12430379084871762
208.4038,disk0w,1977595359232,18766568,1160229896903
208.4038,disk5,25485146470400,51323972,458507412616482
208.4038,disk5w,225980416,35966,1254168700
208.4038,disk4,29798643741696,29845974,342479116810197
208.4038,disk4w,1447521736704,1489953,590221765111
208.4038,disk8,42003981436928,68251676,712357787153330
208.4038,disk8w,4128768,601,984243925
208.4038,ram,510541824,64626147328,276993
208.4038,cpu,14869745,21357698,513741339
208.4038,gpu,0,0,0
208.6009,disk0,877709122183168,1969584805,12430389848185018
208.6009,disk0w,1977595359232,18766568,1160229896903
208.6009,disk5,25485842307072,51325398,458513056804471
208.6009,disk5w,225980416,35966,1254168700
208.6009,disk4,29799170601984,29846514,342480097426187
208.6009,disk4w,1447521736704,1489953,590221765111
208.6009,disk8,42005132658688,68253393,712369277010342
208.6009,disk8w,4128768,601,984243925
208.6009,ram,507691008,64712704000,276993
208.6009,cpu,14869769,21357827,513743110
208.6009,gpu,0,0,0
208.8102,disk0,877711528198144,1969589074,12430401213261023
208.8102,disk0w,1977595359232,18766568,1160229896903
208.8102,disk5,25486743271424,51327245,458519209119080
208.8102,disk5w,225980416,35966,1254168700
208.8102,disk4,29799792014336,29847151,342480837001722
208.8102,disk4w,1447521736704,1489953,590221765111
208.8102,disk8,42006406678528,68254909,712378321416211
208.8102,disk8w,4128768,601,984243925
208.8102,ram,507691008,64712704000,276993
208.8102,cpu,14869769,21357827,513743110
208.8102,gpu,0,0,0
209.0102,disk0,877713621139456,1969593149,12430411067354728
209.0102,disk0w,1977595359232,18766568,1160229896903
209.0102,disk5,25487410067456,51328611,458525245695913
209.0102,disk5w,225980416,35966,1254168700
209.0102,disk4,29800276718592,29847647,342481412943433
209.0102,disk4w,1447521736704,1489953,590221765111
209.0102,disk8,42007755491328,68256909,712390231612719
209.0102,disk8w,4128768,601,984243925
209.0102,ram,507691008,64712704000,276993
209.0102,cpu,14869769,21357827,513743110
209.0102,gpu,41,0,0
209.2020,disk0,877715907543040,1969598103,12430425275467290
209.2020,disk0w,1977595359232,18766568,1160229896903
209.2020,disk5,25488333928448,51330489,458532494290639
209.2020,disk5w,225980416,35966,1254168700
209.2020,disk4,29800768893952,29848152,342482207474481
209.2020,disk4w,1447521736704,1489953,590221765111
209.2020,disk8,42008903534592,68258652,712397926655753
209.2020,disk8w,4128768,601,984243925
209.2020,ram,507691008,64712704000,276993
209.2020,cpu,14869769,21357827,513743110
209.2020,gpu,40,3,0
209.4102,disk0,877718003384320,1969602716,12430434618926140
209.4102,disk0w,1977595359232,18766568,1160229896903
209.4102,disk5,25489235130368,51332240,458539447621166
209.4102,disk5w,225980416,35966,1254168700
209.4102,disk4,29801287021568,29848683,342482854950439
209.4102,disk4w,1447521736704,1489953,590221765111
209.4102,disk8,42010285066240,68261423,712416203659625
209.4102,disk8w,4128768,601,984243925
209.4102,ram,507691008,64712704000,276993
209.4102,cpu,14869769,21357827,513743110
209.4102,gpu,40,0,0
209.6102,disk0,877719987748864,1969606739,12430443704588055
209.6102,disk0w,1977595359232,18766568,1160229896903
209.6102,disk5,25489855444992,51333465,458542864583939
209.6102,disk5w,225980416,35966,1254168700
209.6102,disk4,29801875403776,29849286,342483546208958
209.6102,disk4w,1447521736704,1489953,590221765111
209.6102,disk8,42011653113856,68263865,712432404048336
209.6102,disk8w,4128768,601,984243925
209.6102,ram,509018112,64622837760,276993
209.6102,cpu,14869794,21357948,513744671
209.6102,gpu,39,0,0
209.8043,disk0,877721722482688,1969611750,12430453621109660
209.8043,disk0w,1977595359232,18766568,1160229896903
209.8043,disk5,25490576455680,51334893,458548316512794
209.8043,disk5w,225980416,35966,1254168700
209.8043,disk4,29802358404096,29849781,342484048490788
209.8043,disk4w,1447521736704,1489953,590221765111
209.8043,disk8,42012941961216,68266297,712450642423789
209.8043,disk8w,4128768,601,984243925
209.8043,ram,509018112,64622837760,276993
209.8043,cpu,14869794,21357948,513744671
209.8043,gpu,0,0,0
210.0102,disk0,877723713376256,1969615770,12430465913500673
210.0102,disk0w,1977595359232,18766568,1160229896903
210.0102,disk5,25491153131520,51336064,458553761331367
210.0102,disk5w,225980416,35966,1254168700
210.0102,disk4,29802867667968,29850303,342485194998868
210.0102,disk4w,1447521736704,1489953,590221765111
210.0102,disk8,42014072604672,68268336,712463573848858
210.0102,disk8w,4128768,601,984243925
210.0102,ram,509018112,64622837760,276993
210.0102,cpu,14869794,21357948,513744671
210.0102,gpu,29,0,0
210.2096,disk0,877726039736320,1969623086,12430481804377970
210.2096,disk0w,1977595359232,18766568,1160229896903
210.2096,disk5,25492025014272,51337851,458560314120607
210.2096,disk5w,225980416,35966,1254168700
210.2096,disk4,29803368231936,29850816,342485758087281
210.2096,disk4w,1447521736704,1489953,590221765111
210.2096,disk8,42015293786112,68269830,712469830027986
210.2096,disk8w,4128768,601,984243925
210.2096,ram,509018112,64622837760,276993
210.2096,cpu,14869794,21357948,513744671
210.2096,gpu,26,1,0
210.4003,disk0,877727999279104,1969626859,12430490274102145
210.4003,disk0w,1977595359232,18766568,1160229896903
210.4003,disk5,25492877113344,51339598,458568759331953
210.4003,disk5w,225980416,35966,1254168700
210.4003,disk4,29803886359552,29851347,342486329758347
210.4003,disk4w,1447521736704,1489953,590221765111
210.4003,disk8,42016536315904,68271669,712479845641574
210.4003,disk8w,4128768,601,984243925
210.4003,ram,509018112,64622837760,276993
210.4003,cpu,14869794,21357948,513744671
210.4003,gpu,0,0,0
210.6094,disk0,877730157629440,1969631483,12430506476519451
210.6094,disk0w,1977595359232,18766568,1160229896903
210.6094,disk5,25493516531712,51340910,458573515725169
210.6094,disk5w,225980416,35966,1254168700
210.6094,disk4,29804439614464,29851914,342487034215450
210.6094,disk4w,1447521736704,1489953,590221765111
210.6094,disk8,42017724614656,68273388,712489697280798
210.6094,disk8w,4128768,601,984243925
210.6094,ram,511066112,64648347648,276993
210.6094,cpu,14869810,21358047,513746339
210.6094,gpu,0,0,0
210.8102,disk0,877732377141248,1969635909,12430519794665026
210.8102,disk0w,1977595359232,18766568,1160229896903
210.8102,disk5,25494192109568,51342228,458578566935560
210.8102,disk5w,225980416,35966,1254168700
210.8102,disk4,29804940178432,29852427,342487661553998
210.8102,disk4w,1447521736704,1489953,590221765111
210.8102,disk8,42018913650688,68275693,712503799540482
210.8102,disk8w,4128768,601,984243925
210.8102,ram,511066112,64648347648,276993
210.8102,cpu,14869810,21358047,513746339
210.8102,gpu,0,0,0
211.0102,disk0,877734418014208,1969640104,12430532135810792
211.0102,disk0w,1977595359232,18766568,1160229896903
211.0102,disk5,25494972577792,51343756,458583855613689
211.0102,disk5w,225980416,35966,1254168700
211.0102,disk4,29805493433344,29852994,342488346457934
211.0102,disk4w,1447521736704,1489953,590221765111
211.0102,disk8,42020139419648,68278044,712519335768151
211.0102,disk8w,4128768,601,984243925
211.0102,ram,511066112,64648347648,276993
211.0102,cpu,14869810,21358047,513746339
211.0102,gpu,0,0,0
211.2102,disk0,877736605462528,1969645979,12430545717313612
211.2102,disk0w,1977595359232,18766568,1160229896903
211.2102,disk5,25495666079744,51345126,458588662107599
211.2102,disk5w,225980416,35966,1254168700
211.2102,disk4,29806037906432,29853552,342489005981826
211.2102,disk4w,1447521736704,1489953,590221765111
211.2102,disk8,42021458626560,68280273,712533442106261
211.2102,disk8w,4128768,601,984243925
211.2102,ram,511066112,64648347648,276993
211.2102,cpu,14869810,21358047,513746339
211.2102,gpu,0,0,0
211.4040,disk0,877738220662784,1969648908,12430552804072495
211.4040,disk0w,1977595359232,18766568,1160229896903
211.4040,disk5,25496088262656,51345965,458590441876415
211.4040,disk5w,225980416,35966,1254168700
211.4040,disk4,29806437282816,29853961,342489435252150
211.4040,disk4w,1447521736704,1489953,590221765111
211.4040,disk8,42022601918464,68282571,712551775216587
211.4040,disk8w,4128768,601,984243925
211.4040,ram,511066112,64648347648,276993
211.4040,cpu,14869810,21358047,513746339
211.4040,gpu,86,0,0
211.6077,disk0,877740404322304,1969654677,12430568347751986
211.6077,disk0w,1977595359232,18766568,1160229896903
211.6077,disk5,25496769222656,51347362,458594951975745
211.6077,disk5w,225980416,35966,1254168700
211.6077,disk4,29807074128896,29854614,342490483227400
211.6077,disk4w,1447521736704,1489953,590221765111
211.6077,disk8,42023889668096,68284383,712561839963069
211.6077,disk8w,4128768,601,984243925
211.6077,ram,511213568,64692699136,276993
211.6077,cpu,14869828,21358151,513748003
211.6077,gpu,0,0,0
211.8102,disk0,877742763896832,1969658737,12430580830505355
211.8102,disk0w,1977595359232,18766568,1160229896903
211.8102,disk5,25497574782976,51349013,458601799894976
211.8102,disk5w,225980416,35966,1254168700
211.8102,disk4,29807574692864,29855127,342491033068728
211.8102,disk4w,1447521736704,1489953,590221765111
211.8102,disk8,42025117288448,68285842,712569063367639
211.8102,disk8w,4128768,601,984243925
211.8102,ram,511213568,64692699136,276993
211.8102,cpu,14869828,21358151,513748003
211.8102,gpu,0,0,0
212.0097,disk0,877745000837120,1969662796,12430593477228736
212.0097,disk0w,1977595367424,18766570,1160229963986
212.0097,disk5,25498368358400,51350638,458609359739732
212.0097,disk5w,225980416,35966,1254168700
212.0097,disk4,29808233329664,29855802,342491971654496
212.0097,disk4w,1447521736704,1489953,590221765111
212.0097,disk8,42026290825216,68287597,712577162555718
212.0097,disk8w,4128768,601,984243925
212.0097,ram,511213568,64692699136,276993
212.0097,cpu,14869828,21358151,513748003
212.0097,gpu,23,0,0
212.2102,disk0,877747358199808,1969667670,12430604836790565
212.2102,disk0w,1977595367424,18766570,1160229963986
212.2102,disk5,25499189557248,51352289,458615633912945
212.2102,disk5w,225980416,35966,1254168700
212.2102,disk4,29808821711872,29856405,342492757017794
212.2102,disk4w,1447521736704,1489953,590221765111
212.2102,disk8,42027658627072,68289684,712588158458712
212.2102,disk8w,4128768,601,984243925
212.2102,ram,511213568,64692699136,276993
212.2102,cpu,14869828,21358151,513748003
212.2102,gpu,31,2,0
212.4102,disk0,877749460463616,1969672221,12430617461775377
212.4102,disk0w,1977595367424,18766570,1160229963986
212.4102,disk5,25499845474304,51353566,458618855197524
212.4102,disk5w,225980416,35966,1254168700
212.4102,disk4,29809374966784,29856972,342493520110694
212.4102,disk4w,1447521736704,1489953,590221765111
212.4102,disk8,42028979144704,68292469,712606945201165
212.4102,disk8w,4128768,601,984243925
212.4102,ram,511213568,64692699136,276993
212.4102,cpu,14869828,21358151,513748003
212.4102,gpu,0,0,0
212.6102,disk0,877751563796480,1969676848,12430629792563053
212.6102,disk0w,1977595367424,18766570,1160229963986
212.6102,disk5,25500553000960,51354966,458623259896040
212.6102,disk5w,225980416,35966,1254168700
212.6102,disk4,29809910658048,29857521,342494218520471
212.6102,disk4w,1447521736704,1489953,590221765111
212.6102,disk8,42030273038336,68294658,712619887682211
212.6102,disk8w,4128768,601,984243925
212.6102,ram,510525440,64658374656,276993
212.6102,cpu,14869846,21358253,513749668
212.6102,gpu,0,0,0
212.8102,disk0,877753011974144,1969684515,12430639248425261
212.8102,disk0w,1977595367424,18766570,1160229963986
212.8102,disk5,25501079418880,51356006,458626405322103
212.8102,disk5w,225980416,35966,1254168700
212.8102,disk4,29810376094720,29857998,342494732764231
212.8102,disk4w,1447521736704,1489953,590221765111
212.8102,disk8,42031693219840,68297267,712642958809624
212.8102,disk8w,4128768,601,984243925
212.8102,ram,510525440,64658374656,276993
212.8102,cpu,14869846,21358253,513749668
212.8102,gpu,0,0,0
213.0102,disk0,877755042025472,1969688652,12430653161767832
213.0102,disk0w,1977595367424,18766570,1160229963986
213.0102,disk5,25501658478592,51357176,458629888199755
213.0102,disk5w,225980416,35966,1254168700
213.0102,disk4,29810843628544,29858477,342495495354776
213.0102,disk4w,1447521736704,1489953,590221765111
213.0102,disk8,42032900098048,68299491,712656467328080
213.0102,disk8w,4128768,601,984243925
213.0102,ram,510525440,64658374656,276993
213.0102,cpu,14869846,21358253,513749668
213.0102,gpu,0,0,0
213.2102,disk0,877757210931200,1969699121,12430668284537152
213.2102,disk0w,1977595367424,18766570,1160229963986
213.2102,disk5,25502299338752,51358491,458634123251816
213.2102,disk5w,225980416,35966,1254168700
213.2102,disk4,29811403568128,29859051,342496234304722
213.2102,disk4w,1447521736704,1489953,590221765111
213.2102,disk8,42034242160640,68301244,712667594602958
213.2102,disk8w,4128768,601,984243925
213.2102,ram,510525440,64658374656,276993
213.2102,cpu,14869846,21358253,513749668
213.2102,gpu,0,0,0
213.4018,disk0,877759056687104,1969702262,12430675008259017
213.4018,disk0w,1977595367424,18766570,1160229963986
213.4018,disk5,25503090399232,51360111,458642940795686
213.4018,disk5w,225980416,35966,1254168700
213.4018,disk4,29811876738048,29859536,342496827397098
213.4018,disk4w,1447521736704,1489953,590221765111
213.4018,disk8,42035438716928,68302711,712676352643683
213.4018,disk8w,4128768,601,984243925
213.4018,ram,510525440,64658374656,276993
213.4018,cpu,14869846,21358253,513749668
213.4018,gpu,0,0,0
213.6102,disk0,877761308188672,1969706742,12430687632023023
213.6102,disk0w,1977595367424,18766570,1160229963986
213.6102,disk5,25503915931648,51361802,458648637249571
213.6102,disk5w,225980416,35966,1254168700
213.6102,disk4,29812422259712,29860095,342497498227530
213.6102,disk4w,1447521736704,1489953,590221765111
213.6102,disk8,42036756596736,68304607,712687250032729
213.6102,disk8w,4128768,601,984243925
213.6102,ram,506937344,64613613568,276993
213.6102,cpu,14869866,21358365,513751388
213.6102,gpu,0,0,0
213.8102,disk0,877763537641472,1969711580,12430702479648682
213.8102,disk0w,1977595367424,18766570,1160229963986
213.8102,disk5,25504729249792,51363423,458655774768946
213.8102,disk5w,225980416,35966,1254168700
213.8102,disk4,29812878914560,29860563,342498039824621
213.8102,disk4w,1447521736704,1489953,590221765111
213.8102,disk8,42037876168704,68306451,712696618128398
213.8102,disk8w,4128768,601,984243925
213.8102,ram,506937344,64613613568,276993
213.8102,cpu,14869866,21358365,513751388
213.8102,gpu,32,0,0
214.0011,disk0,877765617786880,1969715930,12430714702679241
214.0011,disk0w,1977595367424,18766570,1160229963986
214.0011,disk5,25505333196800,51364600,458660562035598
214.0011,disk5w,225980416,35966,1254168700
214.0011,disk4,29813326787584,29861022,342498553630634
214.0011,disk4w,1447521736704,1489953,590221765111
214.0011,disk8,42039081867264,68308674,712709951745982
214.0011,disk8w,4128768,601,984243925
214.0011,ram,506937344,64613613568,276993
214.0011,cpu,14869866,21358365,513751388
214.0011,gpu,0,0,0
214.2102,disk0,877767564140544,1969719986,12430726261083569
214.2102,disk0w,1977595367424,18766570,1160229963986
214.2102,disk5,25506097936384,51366111,458664570884673
214.2102,disk5w,225980416,35966,1254168700
214.2102,disk4,29813932733440,29861643,342499222010219
214.2102,disk4w,1447521736704,1489953,590221765111
214.2102,disk8,42040439756800,68311019,712726236097688
214.2102,disk8w,4128768,601,984243925
214.2102,ram,506937344,64613613568,276993
214.2102,cpu,14869866,21358365,513751388
214.2102,gpu,0,0,0
214.4033,disk0,877769261395968,1969727549,12430735546294509
214.4033,disk0w,1977595367424,18766570,1160229963986
214.4033,disk5,25506817374208,51367534,458669660257072
214.4033,disk5w,225980416,35966,1254168700
214.4033,disk4,29814433297408,29862156,342499829991260
214.4033,disk4w,1447521736704,1489953,590221765111
214.4033,disk8,42041781229568,68313657,712745458321467
214.4033,disk8w,4128768,601,984243925
214.4033,ram,506937344,64613613568,276993
214.4033,cpu,14869866,21358365,513751388
214.4033,gpu,0,0,0
214.6084,disk0,877771276111872,1969733022,12430752303302095
214.6084,disk0w,1977595367424,18766570,1160229963986
214.6084,disk5,25507261437952,51368440,458671827298971
214.6084,disk5w,225980416,35966,1254168700
214.6084,disk4,29814995268608,29862732,342501121416280
214.6084,disk4w,1447521736704,1489953,590221765111
214.6084,disk8,42042947721216,68315579,712757430289209
214.6084,disk8w,4128768,601,984243925
214.6084,ram,513966080,64366837760,276993
214.6084,cpu,14869893,21358475,513752895
214.6084,gpu,0,0,0
214.8041,disk0,877773301415936,1969737311,12430765400724294
214.8041,disk0w,1977595367424,18766570,1160229963986
214.8041,disk5,25507887757312,51369721,458675140521920
214.8041,disk5w,225980416,35966,1254168700
214.8041,disk4,29815522178048,29863272,342501764024671
214.8041,disk4w,1447521736704,1489953,590221765111
214.8041,disk8,42044164888576,68317207,712768381690258
214.8041,disk8w,4128768,601,984243925
214.8041,ram,513966080,64366837760,276993
214.8041,cpu,14869893,21358475,513752895
214.8041,gpu,0,0,0
215.0101,disk0,877775107407872,1969740326,12430771567680482
215.0101,disk0w,1977595367424,18766570,1160229963986
215.0101,disk5,25508718639104,51371425,458681192158032
215.0101,disk5w,225980416,35966,1254168700
215.0101,disk4,29816003736576,29863765,342502347405295
215.0101,disk4w,1447521736704,1489953,590221765111
215.0101,disk8,42045562591232,68319151,712783106315794
215.0101,disk8w,4128768,601,984243925
215.0101,ram,513966080,64366837760,276993
215.0101,cpu,14869893,21358475,513752895
215.0101,gpu,0,0,0
215.2102,disk0,877777085579264,1969744522,12430780798351015
215.2102,disk0w,1977595367424,18766570,1160229963986
215.2102,disk5,25509414369280,51372852,458685565648021
215.2102,disk5w,225980416,35966,1254168700
215.2102,disk4,29816593560576,29864370,342503136296734
215.2102,disk4w,1447521736704,1489953,590221765111
215.2102,disk8,42046923249664,68321039,712796630844486
215.2102,disk8w,4128768,601,984243925
215.2102,ram,513966080,64366837760,276993
215.2102,cpu,14869893,21358475,513752895
215.2102,gpu,0,0,0
215.4102,disk0,877778872041472,1969748286,12430788814565108
215.4102,disk0w,1977595367424,18766570,1160229963986
215.4102,disk5,25510256637952,51374514,458692132952808
215.4102,disk5w,225980416,35966,1254168700
215.4102,disk4,29817102906368,29864892,342503884643513
215.4102,disk4w,1447521736704,1489953,590221765111
215.4102,disk8,42048214407168,68323451,712813895740920
215.4102,disk8w,4128768,601,984243925
215.4102,ram,513966080,64366837760,276993
215.4102,cpu,14869893,21358475,513752895
215.4102,gpu,0,0,0
215.6101,disk0,877780586889216,1969751897,12430795548966941
215.6101,disk0w,1977595367424,18766570,1160229963986
215.6101,disk5,25510869891072,51375714,458695038085708
215.6101,disk5w,225980416,35966,1254168700
215.6101,disk4,29817638597632,29865441,342504562508782
215.6101,disk4w,1447521736704,1489953,590221765111
215.6101,disk8,42049611077632,68326094,712836410237729
215.6101,disk8w,4128768,601,984243925
215.6101,ram,511836160,64609288192,276993
215.6101,cpu,14869912,21358575,513754702
215.6101,gpu,29,0,0
215.8045,disk0,877782569431040,1969756728,12430806282070445
215.8045,disk0w,1977595367424,18766570,1160229963986
215.8045,disk5,25511590230016,51377136,458699751648444
215.8045,disk5w,225980416,35966,1254168700
215.8045,disk4,29818104034304,29865918,342505137213622
215.8045,disk4w,1447521736704,1489953,590221765111
215.8045,disk8,42050915112960,68328320,712850450501255
215.8045,disk8w,4128768,601,984243925
215.8045,ram,511836160,64609288192,276993
215.8045,cpu,14869912,21358575,513754702
215.8045,gpu,0,0,0
216.0102,disk0,877784837439488,1969767022,12430821803805691
216.0102,disk0w,1977595367424,18766570,1160229963986
216.0102,disk5,25512397404160,51378735,458705339685247
216.0102,disk5w,225980416,35966,1254168700
216.0102,disk4,29818587034624,29866413,342505697827915
216.0102,disk4w,1447521736704,1489953,590221765111
216.0102,disk8,42052281014272,68331087,712866218882091
216.0102,disk8w,4128768,601,984243925
216.0102,ram,511836160,64609288192,276993
216.0102,cpu,14869912,21358575,513754702
216.0102,gpu,0,0,0
216.2102,disk0,877786749976576,1969772544,12430832920925761
216.2102,disk0w,1977595367424,18766570,1160229963986
216.2102,disk5,25513110411264,51380198,458710314523629
216.2102,disk5w,225980416,35966,1254168700
216.2102,disk4,29819087516672,29866926,342507085383328
216.2102,disk4w,1447521736704,1489953,590221765111
216.2102,disk8,42053381625856,68332689,712875290823806
216.2102,disk8w,4128768,601,984243925
216.2102,ram,511836160,64609288192,276993
216.2102,cpu,14869912,21358575,513754702
216.2102,gpu,0,0,0
216.4092,disk0,877789003202560,1969776405,12430845328223672
216.4092,disk0w,1977595367424,18766570,1160229963986
216.4092,disk5,25513917716480,51381854,458715392398167
216.4092,disk5w,225980416,35966,1254168700
216.4092,disk4,29819610887168,29867462,342507644165808
216.4092,disk4w,1447521736704,1489953,590221765111
216.4092,disk8,42054560569344,68334111,712884029099798
216.4092,disk8w,4128768,601,984243925
216.4092,ram,511836160,64609288192,276993
216.4092,cpu,14869912,21358575,513754702
216.4092,gpu,26,0,0
216.6102,disk0,877791251468288,1969780718,12430859494296959
216.6102,disk0w,1977595367424,18766570,1160229963986
216.6102,disk5,25514756372480,51383572,458724265181013
216.6102,disk5w,225980416,35966,1254168700
216.6102,disk4,29820118135808,29867982,342508195379974
216.6102,disk4w,1447521736704,1489953,590221765111
216.6102,disk8,42055732500480,68335689,712890846981162
216.6102,disk8w,4128768,601,984243925
216.6102,ram,512851968,64665698304,276993
216.6102,cpu,14869930,21358686,513756430
216.6102,gpu,0,0,0
216.8102,disk0,877793478676480,1969785095,12430871494934084
216.8102,disk0w,1977595367424,18766570,1160229963986
216.8102,disk5,25515380840448,51384852,458728440012951
216.8102,disk5w,225980416,35966,1254168700
216.8102,disk4,29820738106368,29868617,342508966168233
216.8102,disk4w,1447521736704,1489953,590221765111
216.8102,disk8,42057076578304,68337871,712904178797105
216.8102,disk8w,4128768,601,984243925
216.8102,ram,512851968,64665698304,276993
216.8102,cpu,14869930,21358686,513756430
216.8102,gpu,42,0,0
217.0102,disk0,877795410845696,1969788835,12430880365167447
217.0102,disk0w,1977595367424,18766570,1160229963986
217.0102,disk5,25516145850368,51386347,458733482501797
217.0102,disk5w,225980416,35966,1254168700
217.0102,disk4,29821186372608,29869077,342509460759414
217.0102,disk4w,1447521736704,1489953,590221765111
217.0102,disk8,42058380810240,68340268,712921097487066
217.0102,disk8w,4128768,601,984243925
217.0102,ram,512851968,64665698304,276993
217.0102,cpu,14869930,21358686,513756430
217.0102,gpu,0,0,0
217.2102,disk0,877797423095808,1969792954,12430891738009731
217.2102,disk0w,1977595367424,18766570,1160229963986
217.2102,disk5,25516893042688,51387815,458739644645407
217.2102,disk5w,225980416,35966,1254168700
217.2102,disk4,29821607900160,29869509,342509940203266
217.2102,disk4w,1447521736704,1489953,590221765111
217.2102,disk8,42059562752000,68342634,712935461203290
217.2102,disk8w,4128768,601,984243925
217.2102,ram,512851968,64665698304,276993
217.2102,cpu,14869930,21358686,513756430
217.2102,gpu,32,1,0
217.4012,disk0,877799778885632,1969798536,12430911690417123
217.4012,disk0w,1977595367424,18766570,1160229963986
217.4012,disk5,25517459798016,51388931,458742675038033
217.4012,disk5w,225980416,35966,1254168700
217.4012,disk4,29822117245952,29870031,342510560228843
217.4012,disk4w,1447521736704,1489953,590221765111
217.4012,disk8,42060720871424,68344648,712944663251620
217.4012,disk8w,4128768,601,984243925
217.4012,ram,512851968,64665698304,276993
217.4012,cpu,14869930,21358686,513756430
217.4012,gpu,0,0,0
217.6102,disk0,877802073415680,1969804215,12430924233585710
217.6102,disk0w,1977595367424,18766570,1160229963986
217.6102,disk5,25518337161216,51390672,458746776630421
217.6102,disk5w,225980416,35966,1254168700
217.6102,disk4,29822645203968,29870572,342511211101574
217.6102,disk4w,1447521736704,1489953,590221765111
217.6102,disk8,42062156666880,68347506,712962865044166
217.6102,disk8w,4128768,601,984243925
217.6102,ram,509853696,63047090176,276993
217.6102,cpu,14869949,21358788,513758090
217.6102,gpu,0,0,0
217.8102,disk0,877804173664256,1969809679,12430940769526721
217.8102,disk0w,1977595367424,18766570,1160229963986
217.8102,disk5,25518947112960,51391923,458750245671968
217.8102,disk5w,225980416,35966,1254168700
217.8102,disk4,29823267599360,29871210,342512446553151
217.8102,disk4w,1447521736704,1489953,590221765111
217.8102,disk8,42063247923200,68349222,712970755699598
217.8102,disk8w,4128768,601,984243925
217.8102,ram,509853696,63047090176,276993
217.8102,cpu,14869949,21358788,513758090
217.8102,gpu,0,0,0
218.0102,disk0,877806474452992,1969813614,12430951453342070
218.0102,disk0w,1977595367424,18766570,1160229963986
218.0102,disk5,25519818045440,51393709,458758584288350
218.0102,disk5w,225980416,35966,1254168700
218.0102,disk4,29823901987840,29871860,342513272573277
218.0102,disk4w,1447521736704,1489953,590221765111
218.0102,disk8,42064477034496,68350639,712977223994244
218.0102,disk8w,4128768,601,984243925
218.0102,ram,509853696,63047090176,276993
218.0102,cpu,14869949,21358788,513758090
218.0102,gpu,0,0,0
218.2102,disk0,877808672792576,1969817776,12430965305007869
218.2102,disk0w,1977595367424,18766570,1160229963986
218.2102,disk5,25520750958592,51395620,458766505646081
218.2102,disk5w,225980416,35966,1254168700
218.2102,disk4,29824584872960,29872560,342514220905258
218.2102,disk4w,1447521736704,1489953,590221765111
218.2102,disk8,42065620506624,68352379,712984094731934
218.2102,disk8w,4128768,601,984243925
218.2102,ram,509853696,63047090176,276993
218.2102,cpu,14869949,21358788,513758090
218.2102,gpu,0,0,0
218.4102,disk0,877810627633152,1969821514,12430974589789855
218.4102,disk0w,1977595367424,18766570,1160229963986
218.4102,disk5,25521540069376,51397220,458771455375292
218.4102,disk5w,225980416,35966,1254168700
218.4102,disk4,29825067873280,29873055,342514906670972
218.4102,disk4w,1447521736704,1489953,590221765111
218.4102,disk8,42066937665536,68354371,712998537873070
218.4102,disk8w,4128768,601,984243925
218.4102,ram,509853696,63047090176,276993
218.4102,cpu,14869949,21358788,513758090
218.4102,gpu,0,0,0
218.6102,disk0,877812576526336,1969825883,12430985724549044
218.6102,disk0w,1977595367424,18766570,1160229963986
218.6102,disk5,25522337937408,51398770,458778011389216
218.6102,disk5w,225980416,35966,1254168700
218.6102,disk4,29825647473664,29873649,342515618667683
218.6102,disk4w,1447521736704,1489953,590221765111
218.6102,disk8,42068265523200,68357028,713015065284946
218.6102,disk8w,4128768,601,984243925
218.6102,ram,507166720,64724942848,276993
218.6102,cpu,14869966,21358892,513759755
218.6102,gpu,0,0,0
218.8009,disk0,877814374862848,1969829558,12430992990892763
218.8009,disk0w,1977595367424,18766570,1160229963986
218.8009,disk5,25523162658816,51400399,458784620637374
218.8009,disk5w,225980416,35966,1254168700
218.8009,disk4,29826174383104,29874189,342516287847255
218.8009,disk4w,1447521736704,1489953,590221765111
218.8009,disk8,42069468764160,68359126,713028140152535
218.8009,disk8w,4128768,601,984243925
218.8009,ram,507166720,64724942848,276993
218.8009,cpu,14869966,21358892,513759755
218.8009,gpu,35,0,0
219.0102,disk0,877816367714304,1969837076,12431006346165413
219.0102,disk0w,1977595367424,18766570,1160229963986
219.0102,disk5,25523811907584,51401681,458787776821692
219.0102,disk5w,225980416,35966,1254168700
219.0102,disk4,29826607838208,29874633,342516745896605
219.0102,disk4w,1447521736704,1489953,590221765111
219.0102,disk8,42070872954880,68361726,713047144952635
219.0102,disk8w,4128768,601,984243925
219.0102,ram,507166720,64724942848,276993
219.0102,cpu,14869966,21358892,513759755
219.0102,gpu,38,0,0
219.2029,disk0,877818221916160,1969840689,12431016854410703
219.2029,disk0w,1977595367424,18766570,1160229963986
219.2029,disk5,25524280064000,51402625,458790277082885
219.2029,disk5w,225980416,35966,1254168700
219.2029,disk4,29827090772992,29875128,342518126074553
219.2029,disk4w,1447521736704,1489953,590221765111
219.2029,disk8,42071920302080,68363667,713059453441949
219.2029,disk8w,4128768,601,984243925
219.2029,ram,507166720,64724942848,276993
219.2029,cpu,14869966,21358892,513759755
219.2029,gpu,0,0,0
219.4102,disk0,877820197990400,1969846015,12431026184999463
219.4102,disk0w,1977595367424,18766570,1160229963986
219.4102,disk5,25525157664768,51404426,458796057258824
219.4102,disk5w,225980416,35966,1254168700
219.4102,disk4,29827632100352,29875683,342518963331292
219.4102,disk4w,1447521736704,1489953,590221765111
219.4102,disk8,42073289775104,68365522,713071602964196
219.4102,disk8w,4128768,601,984243925
219.4102,ram,507166720,64724942848,276993
219.4102,cpu,14869966,21358892,513759755
219.4102,gpu,0,0,0
219.6102,disk0,877822362288128,1969849424,12431034915403256
219.6102,disk0w,1977595367424,18766570,1160229963986
219.6102,disk5,25525954148352,51406059,458801678841728
219.6102,disk5w,225980416,35966,1254168700
219.6102,disk4,29828241191936,29876307,342519662587197
219.6102,disk4w,1447521736704,1489953,590221765111
219.6102,disk8,42074552604672,68367336,713083300769482
219.6102,disk8w,4128768,601,984243925
219.6102,ram,509050880,64688439296,276993
219.6102,cpu,14869991,21359015,513761316
219.6102,gpu,0,0,0
219.8102,disk0,877824136462336,1969853404,12431044313055709
219.8102,disk0w,1977595367424,18766570,1160229963986
219.8102,disk5,25526694377472,51407574,458808466807567
219.8102,disk5w,225980416,35966,1254168700
219.8102,disk4,29828923028480,29877006,342520464912211
219.8102,disk4w,1447521736704,1489953,590221765111
219.8102,disk8,42075834685440,68369349,713097006105832
219.8102,disk8w,4128768,601,984243925
219.8102,ram,509050880,64688439296,276993
219.8102,cpu,14869991,21359015,513761316
219.8102,gpu,0,0,0
220.0102,disk0,877825954582528,1969857016,12431051711539140
220.0102,disk0w,1977595367424,18766570,1160229963986
220.0102,disk5,25527623350272,51409412,458817312213305
220.0102,disk5w,225980416,35966,1254168700
220.0102,disk4,29829370901504,29877465,342520997169981
220.0102,disk4w,1447521736704,1489953,590221765111
220.0102,disk8,42077104936960,68371639,713111506153516
220.0102,disk8w,4128768,601,984243925
220.0102,ram,509050880,64688439296,276993
220.0102,cpu,14869991,21359015,513761316
220.0102,gpu,0,0,0
220.2102,disk0,877827908685824,1969861131,12431062976088944
220.2102,disk0w,1977595367424,18766570,1160229963986
220.2102,disk5,25528414533632,51410965,458821930609708
220.2102,disk5w,225980416,35966,1254168700
220.2102,disk4,29829906592768,29878014,342521689704170
220.2102,disk4w,1447521736704,1489953,590221765111
220.2102,disk8,42078411593728,68373973,713127492899060
220.2102,disk8w,4128768,601,984243925
220.2102,ram,509050880,64688439296,276993
220.2102,cpu,14869991,21359015,513761316
220.2102,gpu,0,0,0
220.4102,disk0,877829851906048,1969868822,12431074651004651
220.4102,disk0w,1977595367424,18766570,1160229963986
220.4102,disk5,25529138034688,51412391,458825516277832
220.4102,disk5w,225980416,35966,1254168700
220.4102,disk4,29830336902144,29878455,342522216580941
220.4102,disk4w,1447521736704,1489953,590221765111
220.4102,disk8,42079823747072,68376349,713144513386051
220.4102,disk8w,4128768,601,984243925
220.4102,ram,509050880,64688439296,276993
220.4102,cpu,14869991,21359015,513761316
220.4102,gpu,0,0,0
220.6103,disk0,877831665475584,1969873780,12431083178010862
220.6103,disk0w,1977595367424,18766570,1160229963986
220.6103,disk5,25529856948224,51413818,458829685204150
220.6103,disk5w,225980416,35966,1254168700
220.6103,disk4,29830881375232,29879013,342522964306546
220.6103,disk4w,1447521736704,1489953,590221765111
220.6103,disk8,42081016928256,68378778,713160638276168
220.6103,disk8w,4128768,601,984243925
220.6103,ram,505249792,63087296512,276993
220.6103,cpu,14870012,21359116,513762981
220.6103,gpu,0,0,0
220.8102,disk0,877833595678720,1969877334,12431091965727767
220.8102,disk0w,1977595367424,18766570,1160229963986
220.8102,disk5,25530608482304,51415359,458835113898178
220.8102,disk5w,225980416,35966,1254168700
220.8102,disk4,29831390721024,29879535,342523790969457
220.8102,disk4w,1447521736704,1489953,590221765111
220.8102,disk8,42082284673024,68380649,713173835863448
220.8102,disk8w,4128768,601,984243925
220.8102,ram,505249792,63087296512,276993
220.8102,cpu,14870012,21359116,513762981
220.8102,gpu,23,0,0
221.0102,disk0,877835885150208,1969881312,12431102615638918
221.0102,disk0w,1977596264448,18766769,1160237113960
221.0102,disk5,25531191965696,51416553,458838305919731
221.0102,disk5w,225980416,35966,1254168700
221.0102,disk4,29831970321408,29880129,342524548416849
221.0102,disk4w,1447521736704,1489953,590221765111
221.0102,disk8,42083649181696,68382280,713184961511373
221.0102,disk8w,4128768,601,984243925
221.0102,ram,505249792,63087296512,276993
221.0102,cpu,14870012,21359116,513762981
221.0102,gpu,0,0,0
221.2102,disk0,877837865951232,1969885139,12431111012778015
221.2102,disk0w,1977596264448,18766769,1160237113960
221.2102,disk5,25532067903488,51418347,458847666707548
221.2102,disk5w,225980416,35966,1254168700
221.2102,disk4,29832541139968,29880714,342525314147027
221.2102,disk4w,1447521736704,1489953,590221765111
221.2102,disk8,42084918745088,68384344,713195811085638
221.2102,disk8w,4128768,601,984243925
221.2102,ram,505249792,63087296512,276993
221.2102,cpu,14870012,21359116,513762981
221.2102,gpu,0,0,0
221.4008,disk0,877839797764096,1969889010,12431123165501264
221.4008,disk0w,1977596264448,18766769,1160237113960
221.4008,disk5,25532532914176,51419301,458850340486139
221.4008,disk5w,225980416,35966,1254168700
221.4008,disk4,29832997794816,29881182,342525795824116
221.4008,disk4w,1447521736704,1489953,590221765111
221.4008,disk8,42086144464896,68386109,713209224072611
221.4008,disk8w,4128768,601,984243925
221.4008,ram,505249792,63087296512,276993
221.4008,cpu,14870012,21359116,513762981
221.4008,gpu,0,0,0
221.6020,disk0,877841843912704,1969893284,12431136029285287
221.6020,disk0w,1977596264448,18766769,1160237113960
221.6020,disk5,25533024237568,51420257,458852518487399
221.6020,disk5w,225980416,35966,1254168700
221.6020,disk4,29833515922432,29881713,342526381883772
221.6020,disk4w,1447521736704,1489953,590221765111
221.6020,disk8,42087494572032,68388813,713228171396925
221.6020,disk8w,4128768,601,984243925
221.6020,ram,496320512,64647135232,276993
221.6020,cpu,14870029,21359215,513764648
221.6020,gpu,0,0,0
221.8102,disk0,877844308230144,1969898524,12431153505916902
221.8102,disk0w,1977596264448,18766769,1160237113960
221.8102,disk5,25533701339136,51421589,458856438821581
221.8102,disk5w,225980416,35966,1254168700
221.8102,disk4,29834034050048,29882244,342527038597471
221.8102,disk4w,1447521736704,1489953,590221765111
221.8102,disk8,42088798312448,68391289,713242236967296
221.8102,disk8w,4128768,601,984243925
221.8102,ram,496320512,64647135232,276993
221.8102,cpu,14870029,21359215,513764648
221.8102,gpu,0,0,0
222.0017,disk0,877846052651008,1969905753,12431166951921984
222.0017,disk0w,1977596264448,18766769,1160237113960
222.0017,disk5,25534401705984,51422968,458860477589254
222.0017,disk5w,225980416,35966,1254168700
222.0017,disk4,29834505778176,29882727,342527593911893
222.0017,disk4w,1447521736704,1489953,590221765111
222.0017,disk8,42090011351040,68393340,713255759492491
222.0017,disk8w,4128768,601,984243925
222.0017,ram,496320512,64647135232,276993
222.0017,cpu,14870029,21359215,513764648
222.0017,gpu,0,0,0
222.2006,disk0,877848027480064,1969909448,12431182571310631
222.2006,disk0w,1977596264448,18766769,1160237113960
222.2006,disk5,25534857934848,51423880,458862484045946
222.2006,disk5w,225980416,35966,1254168700
222.2006,disk4,29835000001536,29883234,342528571388945
222.2006,disk4w,1447521736704,1489953,590221765111
222.2006,disk8,42091053176832,68395413,713267315464027
222.2006,disk8w,4128768,601,984243925
222.2006,ram,496320512,64647135232,276993
222.2006,cpu,14870029,21359215,513764648
222.2006,gpu,0,0,0
222.4102,disk0,877850430185472,1969913965,12431194789228678
222.4102,disk0w,1977596264448,18766769,1160237113960
222.4102,disk5,25535673505792,51425551,458867433739303
222.4102,disk5w,225980416,35966,1254168700
222.4102,disk4,29835530056704,29883777,342529285593063
222.4102,disk4w,1447521736704,1489953,590221765111
222.4102,disk8,42092381935616,68397262,713277776426295
222.4102,disk8w,4128768,601,984243925
222.4102,ram,496320512,64647135232,276993
222.4102,cpu,14870029,21359215,513764648
222.4102,gpu,0,0,0
222.6102,disk0,877852534693888,1969917481,12431202561366191
222.6102,disk0w,1977596264448,18766769,1160237113960
222.6102,disk5,25536397760512,51427036,458871901500556
222.6102,disk5w,225980416,35966,1254168700
222.6102,disk4,29835986711552,29884245,342529775782153
222.6102,disk4w,1447521736704,1489953,590221765111
222.6102,disk8,42093763893248,68398955,713290293449854
222.6102,disk8w,4128768,601,984243925
222.6102,ram,497696768,64654950400,276993
222.6102,cpu,14870045,21359316,513766316
222.6102,gpu,0,0,0
222.8102,disk0,877854579531776,1969921335,12431211478417554
222.8102,disk0w,1977596264448,18766769,1160237113960
222.8102,disk5,25537097938944,51428471,458876225952746
222.8102,disk5w,225980416,35966,1254168700
222.8102,disk4,29836633420800,29884908,342530632307099
222.8102,disk4w,1447521736704,1489953,590221765111
222.8102,disk8,42095144572928,68401149,713305171769860
222.8102,disk8w,4128768,601,984243925
222.8102,ram,497696768,64654950400,276993
222.8102,cpu,14870045,21359316,513766316
222.8102,gpu,0,0,0
223.0102,disk0,877856470622208,1969925186,12431219897987918
223.0102,disk0w,1977596264448,18766769,1160237113960
223.0102,disk5,25538094888960,51430484,458886742018722
223.0102,disk5w,225980416,35966,1254168700
223.0102,disk4,29837142766592,29885430,342531241519884
223.0102,disk4w,1447521736704,1489953,590221765111
223.0102,disk8,42096464500736,68403146,713316019514069
223.0102,disk8w,4128768,601,984243925
223.0102,ram,497696768,64654950400,276993
223.0102,cpu,14870045,21359316,513766316
223.0102,gpu,0,0,0
223.2102,disk0,877857905352704,1969928407,12431227113030062
223.2102,disk0w,1977596264448,18766769,1160237113960
223.2102,disk5,25538759211008,51431772,458890603378746
223.2102,disk5w,225980416,35966,1254168700
223.2102,disk4,29837660894208,29885961,342531832083790
223.2102,disk4w,1447521736704,1489953,590221765111
223.2102,disk8,42097847179264,68406100,713341350699072
223.2102,disk8w,4128768,601,984243925
223.2102,ram,497696768,64654950400,276993
223.2102,cpu,14870045,21359316,513766316
223.2102,gpu,0,0,0
223.4025,disk0,877860119437312,1969933271,12431240787579141
223.4025,disk0w,1977596264448,18766769,1160237113960
223.4025,disk5,25539402692608,51433049,458893495120271
223.4025,disk5w,225980416,35966,1254168700
223.4025,disk4,29838284010496,29886599,342532716619291
223.4025,disk4w,1447521736704,1489953,590221765111
223.4025,disk8,42099133405184,68408461,713354416973528
223.4025,disk8w,4128768,601,984243925
223.4025,ram,497696768,64654950400,276993
223.4025,cpu,14870045,21359316,513766316
223.4025,gpu,0,0,0
223.6102,disk0,877862468280320,1969944794,12431262317742180
223.6102,disk0w,1977596264448,18766769,1160237113960
223.6102,disk5,25540016846848,51434265,458896354356614
223.6102,disk5w,225980416,35966,1254168700
223.6102,disk4,29838723494912,29887050,342533255151803
223.6102,disk4w,1447521736704,1489953,590221765111
223.6102,disk8,42100353308672,68410451,713366135396870
223.6102,disk8w,4128768,601,984243925
223.6102,ram,496975872,63141740544,276993
223.6102,cpu,14870065,21359431,513768107
223.6102,gpu,0,0,0
223.8102,disk0,877864344621056,1969948293,12431275376043037
223.8102,disk0w,1977596264448,18766769,1160237113960
223.8102,disk5,25540676827136,51435579,458900929949243
223.8102,disk5w,225980416,35966,1254168700
223.8102,disk4,29839197647872,29887536,342534319620265
223.8102,disk4w,1447521736704,1489953,590221765111
223.8102,disk8,42101411960832,68412669,713379464608414
223.8102,disk8w,4128768,601,984243925
223.8102,ram,496975872,63141740544,276993
223.8102,cpu,14870065,21359431,513768107
223.8102,gpu,0,0,0
224.0102,disk0,877866494275584,1969953756,12431286267355775
224.0102,disk0w,1977596264448,18766769,1160237113960
224.0102,disk5,25541521340416,51437312,458906964560768
224.0102,disk5w,225980416,35966,1254168700
224.0102,disk4,29839706993664,29888058,342534990085183
224.0102,disk4w,1447521736704,1489953,590221765111
224.0102,disk8,42102715471872,68414517,713390119914442
224.0102,disk8w,4128768,601,984243925
224.0102,ram,496975872,63141740544,276993
224.0102,cpu,14870065,21359431,513768107
224.0102,gpu,0,0,0
224.2102,disk0,877868526628864,1969957452,12431297397391699
224.2102,disk0w,1977596264448,18766769,1160237113960
224.2102,disk5,25542259243008,51438825,458911382059724
224.2102,disk5w,225980416,35966,1254168700
224.2102,disk4,29840163648512,29888526,342535476279355
224.2102,disk4w,1447521736704,1489953,590221765111
224.2102,disk8,42103995602944,68416143,713401017790397
224.2102,disk8w,4128768,601,984243925
224.2102,ram,496975872,63141740544,276993
224.2102,cpu,14870065,21359431,513768107
224.2102,gpu,0,0,0
224.4033,disk0,877870318678016,1969960956,12431303901751792
224.4033,disk0w,1977596264448,18766769,1160237113960
224.4033,disk5,25542894614528,51440128,458915769357914
224.4033,disk5w,225980416,35966,1254168700
224.4033,disk4,29840709170176,29889085,342536126752791
224.4033,disk4w,1447521736704,1489953,590221765111
224.4033,disk8,42105326032896,68418191,713416159054280
224.4033,disk8w,4128768,601,984243925
224.4033,ram,496975872,63141740544,276993
224.4033,cpu,14870065,21359431,513768107
224.4033,gpu,0,0,0
224.6041,disk0,877872407048192,1969965116,12431313801743736
224.6041,disk0w,1977596264448,18766769,1160237113960
224.6041,disk5,25543701788672,51441758,458923379126166
224.6041,disk5w,225980416,35966,1254168700
224.6041,disk4,29841243812864,29889633,342536773699479
224.6041,disk4w,1447521736704,1489953,590221765111
224.6041,disk8,42106591352832,68420047,713427367685118
224.6041,disk8w,4128768,601,984243925
224.6041,ram,495501312,64505856000,276993
224.6041,cpu,14870092,21359552,513769673
224.6041,gpu,0,0,0
224.8102,disk0,877874515095552,1969969679,12431326846102424
224.8102,disk0w,1977596264448,18766769,1160237113960
224.8102,disk5,25544418736128,51443157,458928977928610
224.8102,disk5w,225980416,35966,1254168700
224.8102,disk4,29841832195072,29890236,342537515620369
224.8102,disk4w,1447521736704,1489953,590221765111
224.8102,disk8,42107926435840,68422649,713443224016598
224.8102,disk8w,4128768,601,984243925
224.8102,ram,495501312,64505856000,276993
224.8102,cpu,14870092,21359552,513769673
224.8102,gpu,0,0,0
225.0102,disk0,877876531736576,1969973809,12431339125384290
225.0102,disk0w,1977596264448,18766769,1160237113960
225.0102,disk5,25545111861248,51444527,458932675702562
225.0102,disk5w,225980416,35966,1254168700
225.0102,disk4,29842315195392,29890731,342538178949583
225.0102,disk4w,1447521736704,1489953,590221765111
225.0102,disk8,42109166917632,68424728,713456571939986
225.0102,disk8w,4128768,601,984243925
225.0102,ram,495501312,64505856000,276993
225.0102,cpu,14870092,21359552,513769673
225.0102,gpu,0,0,0
225.2027,disk0,877878572756992,1969980680,12431351757103893
225.2027,disk0w,1977596264448,18766769,1160237113960
225.2027,disk5,25545825007616,51445937,458935979066683
225.2027,disk5w,225980416,35966,1254168700
225.2027,disk4,29842771850240,29891199,342538683324134
225.2027,disk4w,1447521736704,1489953,590221765111
225.2027,disk8,42110516189184,68427309,713474324034785
225.2027,disk8w,4128768,601,984243925
225.2027,ram,495501312,64505856000,276993
225.2027,cpu,14870092,21359552,513769673
225.2027,gpu,0,0,0
225.4012,disk0,877880388644864,1969984431,12431368214223605
225.4012,disk0w,1977596264448,18766769,1160237113960
225.4012,disk5,25546316331008,51446936,458938927688580
225.4012,disk5w,225980416,35966,1254168700
225.4012,disk4,29843228423168,29891667,342539902254846
225.4012,disk4w,1447521736704,1489953,590221765111
225.4012,disk8,42111354001408,68428659,713481580879197
225.4012,disk8w,4128768,601,984243925
225.4012,ram,495501312,64505856000,276993
225.4012,cpu,14870092,21359552,513769673
225.4012,gpu,23,0,0
225.6102,disk0,877882568470528,1969994954,12431386172942448
225.6102,disk0w,1977596264448,18766769,1160237113960
225.6102,disk5,25547045599232,51448428,458944212677719
225.6102,disk5w,225980416,35966,1254168700
225.6102,disk4,29843781678080,29892234,342540576901917
225.6102,disk4w,1447521736704,1489953,590221765111
225.6102,disk8,42112634935296,68430431,713490604732649
225.6102,disk8w,4128768,601,984243925
225.6102,ram,509394944,64646414336,276993
225.6102,cpu,14870108,21359659,513771404
225.6102,gpu,0,0,0
225.8017,disk0,877884827987968,1969998495,12431399615426230
225.8017,disk0w,1977596264448,18766769,1160237113960
225.8017,disk5,25547703867392,51449777,458948153971045
225.8017,disk5w,225980416,35966,1254168700
225.8017,disk4,29844317369344,29892783,342541183214529
225.8017,disk4w,1447521736704,1489953,590221765111
225.8017,disk8,42113747539968,68431907,713498507884980
225.8017,disk8w,4128768,601,984243925
225.8017,ram,509394944,64646414336,276993
225.8017,cpu,14870108,21359659,513771404
225.8017,gpu,0,0,0
226.0102,disk0,877887146819584,1970003273,12431411727922003
226.0102,disk0w,1977596264448,18766769,1160237113960
226.0102,disk5,25548342908928,51451087,458951623432611
226.0102,disk5w,225980416,35966,1254168700
226.0102,disk4,29844978103296,29893460,342542282419844
226.0102,disk4w,1447521736704,1489953,590221765111
226.0102,disk8,42115179632640,68434013,713510963796969
226.0102,disk8w,4128768,601,984243925
226.0102,ram,509394944,64646414336,276993
226.0102,cpu,14870108,21359659,513771404
226.0102,gpu,24,0,0
226.2103,disk0,877889314668544,1970007567,12431424051953074
226.2103,disk0w,1977596264448,18766769,1160237113960
226.2103,disk5,25549148256256,51452686,458957812144279
226.2103,disk5w,225980416,35966,1254168700
226.2103,disk4,29845494133760,29893989,342542876331171
226.2103,disk4w,1447521736704,1489953,590221765111
226.2103,disk8,42116435093504,68436194,713523684979520
226.2103,disk8w,4128768,601,984243925
226.2103,ram,509394944,64646414336,276993
226.2103,cpu,14870108,21359659,513771404
226.2103,gpu,0,0,0
226.4102,disk0,877891411509248,1970011809,12431436951898041
226.4102,disk0w,1977596264448,18766769,1160237113960
226.4102,disk5,25549781923840,51453933,458962723263575
226.4102,disk5w,225980416,35966,1254168700
226.4102,disk4,29846086710272,29894596,342543684786215
226.4102,disk4w,1447521736704,1489953,590221765111
226.4102,disk8,42117617018880,68438541,713537888521405
226.4102,disk8w,4128768,601,984243925
226.4102,ram,509394944,64646414336,276993
226.4102,cpu,14870108,21359659,513771404
226.4102,gpu,40,0,0
226.6059,disk0,877893688635392,1970018902,12431454316458318
226.6059,disk0w,1977596264448,18766769,1160237113960
226.6059,disk5,25550568552448,51455484,458967695193356
226.6059,disk5w,225980416,35966,1254168700
226.6059,disk4,29846574298112,29895096,342544291757923
226.6059,disk4w,1447521736704,1489953,590221765111
226.6059,disk8,42118920726528,68440635,713547622525904
226.6059,disk8w,4128768,601,984243925
226.6059,ram,510607360,63096176640,276993
226.6059,cpu,14870124,21359750,513772939
226.6059,gpu,48,0,0
226.8090,disk0,877895854735360,1970023466,12431467012362907
226.8090,disk0w,1977596264448,18766769,1160237113960
226.8090,disk5,25551010232320,51456360,458969738194854
226.8090,disk5w,225980416,35966,1254168700
226.8090,disk4,29847048516608,29895582,342544859884840
226.8090,disk4w,1447521736704,1489953,590221765111
226.8090,disk8,42120122673152,68443116,713562512673988
226.8090,disk8w,4128768,601,984243925
226.8090,ram,510607360,63096176640,276993
226.8090,cpu,14870124,21359750,513772939
226.8090,gpu,36,0,0
227.0096,disk0,877897890025472,1970032519,12431485227633012
227.0096,disk0w,1977596272640,18766771,1160237156959
227.0096,disk5,25551675070464,51457722,458974119031237
227.0096,disk5w,225980416,35966,1254168700
227.0096,disk4,29847584125952,29896131,342546036331922
227.0096,disk4w,1447521736704,1489953,590221765111
227.0096,disk8,42121245485056,68444676,713571179126687
227.0096,disk8w,4128768,601,984243925
227.0096,ram,510607360,63096176640,276993
227.0096,cpu,14870124,21359750,513772939
227.0096,gpu,0,0,0
227.2103,disk0,877900218044416,1970036519,12431496380591441
227.2103,disk0w,1977596272640,18766771,1160237156959
227.2103,disk5,25552475437056,51459364,458981051297160
227.2103,disk5w,225980416,35966,1254168700
227.2103,disk4,29848058344448,29896617,342546620423889
227.2103,disk4w,1447521736704,1489953,590221765111
227.2103,disk8,42122560251904,68446207,713579448999582
227.2103,disk8w,4128768,601,984243925
227.2103,ram,510607360,63096176640,276993
227.2103,cpu,14870124,21359750,513772939
227.2103,gpu,0,0,0
227.4044,disk0,877902039437312,1970039948,12431503913177872
227.4044,disk0w,1977596272640,18766771,1160237156959
227.4044,disk5,25553124702208,51460694,458984829496892
227.4044,disk5w,225980416,35966,1254168700
227.4044,disk4,29848673072128,29897247,342547504630860
227.4044,disk4w,1447521736704,1489953,590221765111
227.4044,disk8,42123905132544,68448220,713593809153762
227.4044,disk8w,4128768,601,984243925
227.4044,ram,510607360,63096176640,276993
227.4044,cpu,14870124,21359750,513772939
227.4044,gpu,31,4,0
227.6028,disk0,877904314011648,1970044842,12431517570472644
227.6028,disk0w,1977596272640,18766771,1160237156959
227.6028,disk5,25553749211136,51461971,458989189076379
227.6028,disk5w,225980416,35966,1254168700
227.6028,disk4,29849199981568,29897787,342548123348725
227.6028,disk4w,1447521736704,1489953,590221765111
227.6028,disk8,42125224699904,68450218,713605546586287
227.6028,disk8w,4128768,601,984243925
227.6028,ram,277741568,64775634944,276993
227.6028,cpu,14870158,21359869,513774707
227.6028,gpu,0,0,0
227.8102,disk0,877906349772800,1970049122,12431529964841740
227.8102,disk0w,1977596272640,18766771,1160237156959
227.8102,disk5,25554477414400,51463382,458993377238282
227.8102,disk5w,225980416,35966,1254168700
227.8102,disk4,29849735672832,29898336,342548762502842
227.8102,disk4w,1447521736704,1489953,590221765111
227.8102,disk8,42126599727104,68452952,713623526666809
227.8102,disk8w,4128768,601,984243925
227.8102,ram,277741568,64775634944,276993
227.8102,cpu,14870158,21359869,513774707
227.8102,gpu,0,0,0
228.0103,disk0,877908619808768,1970054234,12431545521386380
228.0103,disk0w,1977596272640,18766771,1160237156959
228.0103,disk5,25555205634048,51464825,458997993240032
228.0103,disk5w,225980416,35966,1254168700
228.0103,disk4,29850321564672,29898936,342549501649323
228.0103,disk4w,1447521736704,1489953,590221765111
228.0103,disk8,42127845255168,68455149,713636137095886
228.0103,disk8w,4128768,601,984243925
228.0103,ram,277741568,64775634944,276993
228.0103,cpu,14870158,21359869,513774707
228.0103,gpu,0,0,0
228.2103,disk0,877910799814656,1970061493,12431559406134073
228.2103,disk0w,1977596272640,18766771,1160237156959
228.2103,disk5,25555832223744,51466064,459001071371654
228.2103,disk5w,225980416,35966,1254168700
228.2103,disk4,29850807055360,29899434,342550136647941
228.2103,disk4w,1447521736704,1489953,590221765111
228.2103,disk8,42129237862400,68457541,713653242547281
228.2103,disk8w,4128768,601,984243925
228.2103,ram,277741568,64775634944,276993
228.2103,cpu,14870158,21359869,513774707
228.2103,gpu,0,0,0
228.4025,disk0,877912598712320,1970064734,12431572736028105
228.4025,disk0w,1977596272640,18766771,1160237156959
228.4025,disk5,25556202289152,51466802,459002822316898
228.4025,disk5w,225980416,35966,1254168700
228.4025,disk4,29851167044608,29899803,342550986679439
228.4025,disk4w,1447521736704,1489953,590221765111
228.4025,disk8,42130298562560,68459722,713667814840438
228.4025,disk8w,4128768,601,984243925
228.4025,ram,277741568,64775634944,276993
228.4025,cpu,14870158,21359869,513774707
228.4025,gpu,0,0,0
228.6103,disk0,877914680987648,1970073314,12431586255776565
228.6103,disk0w,1977596280832,18766773,1160237212667
228.6103,disk5,25557088434176,51468616,459008904826559
228.6103,disk5w,225980416,35966,1254168700
228.6103,disk4,29851722396672,29900372,342551670559003
228.6103,disk4w,1447521736704,1489953,590221765111
228.6103,disk8,42131748415488,68461920,713680971406251
228.6103,disk8w,4128768,601,984243925
228.6103,ram,273874944,64845545472,276993
228.6103,cpu,14870180,21359977,513776292
228.6103,gpu,0,0,0
228.8103,disk0,877916568133632,1970076422,12431592438527062
228.8103,disk0w,1977596280832,18766773,1160237212667
228.8103,disk5,25557986203648,51470457,459018108409912
228.8103,disk5w,225980416,35966,1254168700
228.8103,disk4,29852238427136,29900901,342552246311530
228.8103,disk4w,1447521736704,1489953,590221765111
228.8103,disk8,42133006739456,68463459,713690179612590
228.8103,disk8w,4128768,601,984243925
228.8103,ram,273874944,64845545472,276993
228.8103,cpu,14870180,21359977,513776292
228.8103,gpu,0,0,0
229.0058,disk0,877918942461952,1970080801,12431603913144224
229.0058,disk0w,1977596280832,18766773,1160237212667
229.0058,disk5,25558827563008,51472183,459024269390546
229.0058,disk5w,225980416,35966,1254168700
229.0058,disk4,29852861936640,29901540,342553118418102
229.0058,disk4w,1447521736704,1489953,590221765111
229.0058,disk8,42134315804672,68465345,713698942730373
229.0058,disk8w,4128768,601,984243925
229.0058,ram,273874944,64845545472,276993
229.0058,cpu,14870180,21359977,513776292
229.0058,gpu,0,0,0
229.2071,disk0,877921469775872,1970086596,12431627281437311
229.2071,disk0w,1977596280832,18766773,1160237212667
229.2071,disk5,25559672453120,51473881,459028774004616
229.2071,disk5w,225980416,35966,1254168700
229.2071,disk4,29853336155136,29902026,342553636533268
229.2071,disk4w,1447521736704,1489953,590221765111
229.2071,disk8,42135457212416,68467071,713704934640368
229.2071,disk8w,4128768,601,984243925
229.2071,ram,273874944,64845545472,276993
229.2071,cpu,14870180,21359977,513776292
229.2071,gpu,0,0,0
229.4008,disk0,877923571957760,1970091175,12431641216290181
229.4008,disk0w,1977596280832,18766773,1160237212667
229.4008,disk5,25560368871424,51475235,459033743515998
229.4008,disk5w,225980416,35966,1254168700
229.4008,disk4,29853863064576,29902566,342554279692638
229.4008,disk4w,1447521736704,1489953,590221765111
229.4008,disk8,42136703887360,68469427,713717420319208
229.4008,disk8w,4128768,601,984243925
229.4008,ram,273874944,64845545472,276993
229.4008,cpu,14870180,21359977,513776292
229.4008,gpu,0,0,0
229.6050,disk0,877925666217984,1970095641,12431652047238402
229.6050,disk0w,1977596280832,18766773,1160237212667
229.6050,disk5,25561130465280,51476742,459038178384900
229.6050,disk5w,225980416,35966,1254168700
229.6050,disk4,29854521701376,29903241,342555119069192
229.6050,disk4w,1447521736704,1489953,590221765111
229.6050,disk8,42138042394624,68471904,713733168668417
229.6050,disk8w,4128768,601,984243925
229.6050,ram,281444352,63511887872,276993
229.6050,cpu,14870215,21360114,513777971
229.6050,gpu,0,0,0
229.8103,disk0,877927651516416,1970105321,12431666411999048
229.8103,disk0w,1977596280832,18766773,1160237212667
229.8103,disk5,25561849378816,51478164,459042978642761
229.8103,disk5w,225980416,35966,1254168700
229.8103,disk4,29855019774976,29903751,342555746958771
229.8103,disk4w,1447521736704,1489953,590221765111
229.8103,disk8,42139332405248,68474379,713747757279127
229.8103,disk8w,4128768,601,984243925
229.8103,ram,281444352,63511887872,276993
229.8103,cpu,14870215,21360114,513777971
229.8103,gpu,0,0,0
230.0103,disk0,877929448026112,1970108626,12431674565421124
230.0103,disk0w,1977596280832,18766773,1160237212667
230.0103,disk5,25562503723008,51479484,459048102973387
230.0103,disk5w,225980416,35966,1254168700
230.0103,disk4,29855522780160,29904267,342556749603594
230.0103,disk4w,1447521736704,1489953,590221765111
230.0103,disk8,42140461623296,68476370,713759651692024
230.0103,disk8w,4128768,601,984243925
230.0103,ram,281444352,63511887872,276993
230.0103,cpu,14870215,21360114,513777971
230.0103,gpu,0,0,0
230.2103,disk0,877931454394368,1970117804,12431686894770387
230.2103,disk0w,1977596280832,18766773,1160237212667
230.2103,disk5,25563319900160,51481155,459054482053311
230.2103,disk5w,225980416,35966,1254168700
230.2103,disk4,29856207762432,29904969,342557804385191
230.2103,disk4w,1447521736704,1489953,590221765111
230.2103,disk8,42141804849152,68478238,713771439681331
230.2103,disk8w,4128768,601,984243925
230.2103,ram,281444352,63511887872,276993
230.2103,cpu,14870215,21360114,513777971
230.2103,gpu,0,0,0
230.4103,disk0,877933417508864,1970121064,12431694124475095
230.4103,disk0w,1977596280832,18766773,1160237212667
230.4103,disk5,25564142442496,51482841,459060274650491
230.4103,disk5w,225980416,35966,1254168700
230.4103,disk4,29856796144640,29905572,342558554218118
230.4103,disk4w,1447521736704,1489953,590221765111
230.4103,disk8,42143187101696,68480155,713785024064732
230.4103,disk8w,4128768,601,984243925
230.4103,ram,281444352,63511887872,276993
230.4103,cpu,14870215,21360114,513777971
230.4103,gpu,0,0,0
230.6076,disk0,877935805476864,1970125720,12431707970807679
230.6076,disk0w,1977596280832,18766773,1160237212667
230.6076,disk5,25564826114048,51484242,459064376775322
230.6076,disk5w,225980416,35966,1254168700
230.6076,disk4,29857410872320,29906202,342559379151775
230.6076,disk4w,1447521736704,1489953,590221765111
230.6076,disk8,42144457156608,68482095,713795282458648
230.6076,disk8w,4128768,601,984243925
230.6076,ram,344506368,64494452736,276993
230.6076,cpu,14870230,21360211,513779503
230.6076,gpu,0,0,0
230.8103,disk0,877937902088192,1970130467,12431718914378976
230.8103,disk0w,1977596280832,18766773,1160237212667
230.8103,disk5,25565770135552,51486127,459071615446610
230.8103,disk5w,225980416,35966,1254168700
230.8103,disk4,29857968321536,29906773,342560117718795
230.8103,disk4w,1447521736704,1489953,590221765111
230.8103,disk8,42145787127808,68484150,713806872121138
230.8103,disk8w,4128768,601,984243925
230.8103,ram,344506368,64494452736,276993
230.8103,cpu,14870230,21360211,513779503
230.8103,gpu,0,0,0
231.0103,disk0,877939622604800,1970134285,12431725679724171
231.0103,disk0w,1977596280832,18766773,1160237212667
231.0103,disk5,25566380767232,51487313,459074516236376
231.0103,disk5w,225980416,35966,1254168700
231.0103,disk4,29858385654784,29907201,342560580068813
231.0103,disk4w,1447521736704,1489953,590221765111
231.0103,disk8,42147195234304,68486789,713828969722827
231.0103,disk8w,4128768,601,984243925
231.0103,ram,344506368,64494452736,276993
231.0103,cpu,14870230,21360211,513779503
231.0103,gpu,0,0,0
231.2103,disk0,877941342023680,1970138208,12431733384267471
231.2103,disk0w,1977596280832,18766773,1160237212667
231.2103,disk5,25567105841152,51488748,459078817317370
231.2103,disk5w,225980416,35966,1254168700
231.2103,disk4,29858982818816,29907813,342561303449777
231.2103,disk4w,1447521736704,1489953,590221765111
231.2103,disk8,42148560349184,68489158,713847698262120
231.2103,disk8w,4128768,601,984243925
231.2103,ram,344506368,64494452736,276993
231.2103,cpu,14870230,21360211,513779503
231.2103,gpu,31,2,0
231.4103,disk0,877943244554240,1970143957,12431744573204018
231.4103,disk0w,1977596280832,18766773,1160237212667
231.4103,disk5,25567739353088,51489997,459082096287237
231.4103,disk5w,225980416,35966,1254168700
231.4103,disk4,29859452449792,29908294,342561836598251
231.4103,disk4w,1447521736704,1489953,590221765111
231.4103,disk8,42149937752064,68491703,713867276054269
231.4103,disk8w,4128768,601,984243925
231.4103,ram,344506368,64494452736,276993
231.4103,cpu,14870230,21360211,513779503
231.4103,gpu,0,0,0
231.6003,disk0,877945173590016,1970147566,12431758891794289
231.6003,disk0w,1977596280832,18766773,1160237212667
231.6003,disk5,25568338212864,51491193,459085949803289
231.6003,disk5w,225980416,35966,1254168700
231.6003,disk4,29860045353984,29908902,342563424673384
231.6003,disk4w,1447521736704,1489953,590221765111
231.6003,disk8,42150950889472,68493723,713875485696311
231.6003,disk8w,4128768,601,984243925
231.6003,ram,365035520,64466075648,276993
231.6003,cpu,14870247,21360322,513781299
231.6003,gpu,35,0,0
231.8027,disk0,877947051741184,1970155181,12431767878046911
231.8027,disk0w,1977596280832,18766773,1160237212667
231.8027,disk5,25569092745216,51492738,459091568275206
231.8027,disk5w,225980416,35966,1254168700
231.8027,disk4,29860675154944,29909547,342564186929129
231.8027,disk4w,1447521736704,1489953,590221765111
231.8027,disk8,42152370825216,68495817,713891033676323
231.8027,disk8w,4128768,601,984243925
231.8027,ram,365035520,64466075648,276993
231.8027,cpu,14870247,21360322,513781299
231.8027,gpu,0,0,0
232.0030,disk0,877948683440128,1970158156,12431772847774426
232.0030,disk0w,1977596280832,18766773,1160237212667
232.0030,disk5,25569826969600,51494242,459096525742660
232.0030,disk5w,225980416,35966,1254168700
232.0030,disk4,29861090391040,29909973,342564621659112
232.0030,disk4w,1447521736704,1489953,590221765111
232.0030,disk8,42153719556096,68497448,713906311224776
232.0030,disk8w,4128768,601,984243925
232.0030,ram,365035520,64466075648,276993
232.0030,cpu,14870247,21360322,513781299
232.0030,gpu,0,0,0
232.2090,disk0,877950954082304,1970162446,12431782164457073
232.2090,disk0w,1977596280832,18766773,1160237212667
232.2090,disk5,25570550593536,51495725,459100905144024
232.2090,disk5w,225980416,35966,1254168700
232.2090,disk4,29861590955008,29910486,342565244925741
232.2090,disk4w,1447521736704,1489953,590221765111
232.2090,disk8,42155125024768,68499422,713918466157491
232.2090,disk8w,4128768,601,984243925
232.2090,ram,365035520,64466075648,276993
232.2090,cpu,14870247,21360322,513781299
232.2090,gpu,0,0,0
232.4103,disk0,877952964468736,1970166964,12431794402069067
232.4103,disk0w,1977596280832,18766773,1160237212667
232.4103,disk5,25571344054272,51497342,459108964549068
232.4103,disk5w,225980416,35966,1254168700
232.4103,disk4,29862030046208,29910936,342565704701591
232.4103,disk4w,1447521736704,1489953,590221765111
232.4103,disk8,42156357511168,68501291,713929211440948
232.4103,disk8w,4128768,601,984243925
232.4103,ram,365035520,64466075648,276993
232.4103,cpu,14870247,21360322,513781299
232.4103,gpu,31,0,0
232.6103,disk0,877955226628096,1970171814,12431807835093370
232.6103,disk0w,1977596280832,18766773,1160237212667
232.6103,disk5,25572031920128,51498675,459114915169509
232.6103,disk5w,225980416,35966,1254168700
232.6103,disk4,29862469137408,29911386,342566257179358
232.6103,disk4w,1447521736704,1489953,590221765111
232.6103,disk8,42157704292352,68503946,713944062187372
232.6103,disk8w,4128768,601,984243925
232.6103,ram,390348800,64540672000,276993
232.6103,cpu,14870262,21360412,513782977
232.6103,gpu,0,0,0
232.8012,disk0,877957122695168,1970175940,12431817848376861
232.8012,disk0w,1977596280832,18766773,1160237212667
232.8012,disk5,25572887164928,51500363,459122274872404
232.8012,disk5w,225980416,35966,1254168700
232.8012,disk4,29862987265024,29911917,342566899691013
232.8012,disk4w,1447521736704,1489953,590221765111
232.8012,disk8,42158921492480,68506154,713956336982346
232.8012,disk8w,4128768,601,984243925
232.8012,ram,390348800,64540672000,276993
232.8012,cpu,14870262,21360412,513782977
232.8012,gpu,0,0,0
233.0103,disk0,877959052660736,1970185549,12431832202319602
233.0103,disk0w,1977598341120,18766790,1160237844745
233.0103,disk5,25573769099264,51502112,459129578519427
233.0103,disk5w,225980416,35966,1254168700
233.0103,disk4,29863601992704,29912547,342567611879508
233.0103,disk4w,1447521736704,1489953,590221765111
233.0103,disk8,42160227674112,68508360,713969957976405
233.0103,disk8w,4128768,601,984243925
233.0103,ram,390348800,64540672000,276993
233.0103,cpu,14870262,21360412,513782977
233.0103,gpu,0,0,0
233.2103,disk0,877960550723584,1970188388,12431838415368246
233.2103,disk0w,1977600389120,18767021,1160242561961
233.2103,disk5,25574365706240,51503298,459133109953288
233.2103,disk5w,225980416,35966,1254168700
233.2103,disk4,29864041034752,29912997,342568459927360
233.2103,disk4w,1447521736704,1489953,590221765111
233.2103,disk8,42161461176320,68510857,713989500658078
233.2103,disk8w,4128768,601,984243925
233.2103,ram,390348800,64540672000,276993
233.2103,cpu,14870262,21360412,513782977
233.2103,gpu,0,0,0
233.4103,disk0,877962665148416,1970192427,12431847138841800
233.4103,disk0w,1977600389120,18767021,1160242561961
233.4103,disk5,25575161100288,51504928,459138870813250
233.4103,disk5w,225980416,35966,1254168700
233.4103,disk4,29864567944192,29913537,342569054669596
233.4103,disk4w,1447521736704,1489953,590221765111
233.4103,disk8,42162817705984,68512984,714003565494200
233.4103,disk8w,4128768,601,984243925
233.4103,ram,390348800,64540672000,276993
233.4103,cpu,14870262,21360412,513782977
233.4103,gpu,0,0,0
233.6103,disk0,877964360007680,1970195241,12431851824334448
233.6103,disk0w,1977600397312,18767023,1160242602252
233.6103,disk5,25576016742400,51506684,459147537423960
233.6103,disk5w,225980416,35966,1254168700
233.6103,disk4,29865165108224,29914149,342569737409966
233.6103,disk4w,1447521736704,1489953,590221765111
233.6103,disk8,42164196206592,68514664,714014693986970
233.6103,disk8w,4128768,601,984243925
233.6103,ram,417972224,64648069120,276993
233.6103,cpu,14870281,21360532,513784623
233.6103,gpu,0,0,0
233.8103,disk0,877966316371968,1970198998,12431858848515135
233.8103,disk0w,1977600397312,18767023,1160242602252
233.8103,disk5,25576816183296,51508323,459153864060779
233.8103,disk5w,225980416,35966,1254168700
233.8103,disk4,29865569072128,29914563,342570139644280
233.8103,disk4w,1447521736704,1489953,590221765111
233.8103,disk8,42165568694272,68516813,714030269399622
233.8103,disk8w,4128768,601,984243925
233.8103,ram,417972224,64648069120,276993
233.8103,cpu,14870281,21360532,513784623
233.8103,gpu,39,0,0
234.0017,disk0,877968088395776,1970202901,12431865572127637
234.0017,disk0w,1977600397312,18767023,1160242602252
234.0017,disk5,25577796208640,51510313,459168649842686
234.0017,disk5w,225980416,35966,1254168700
234.0017,disk4,29866078417920,29915085,342570772288435
234.0017,disk4w,1447521736704,1489953,590221765111
234.0017,disk8,42166698780672,68518490,714036921314943
234.0017,disk8w,4128768,601,984243925
234.0017,ram,417972224,64648069120,276993
234.0017,cpu,14870281,21360532,513784623
234.0017,gpu,0,0,0
234.2103,disk0,877970071007232,1970207326,12431874508884641
234.2103,disk0w,1977600397312,18767023,1160242602252
234.2103,disk5,25578520381440,51511718,459173632339207
234.2103,disk5w,225980416,35966,1254168700
234.2103,disk4,29866556830720,29915575,342571332114863
234.2103,disk4w,1447521736704,1489953,590221765111
234.2103,disk8,42168150878208,68521308,714057332445354
234.2103,disk8w,4128768,601,984243925
234.2103,ram,417972224,64648069120,276993
234.2103,cpu,14870281,21360532,513784623
234.2103,gpu,31,2,0
234.4076,disk0,877971649933312,1970210687,12431879795573684
234.4076,disk0w,1977600397312,18767023,1160242602252
234.4076,disk5,25579297556480,51513256,459177221874127
234.4076,disk5w,225980416,35966,1254168700
234.4076,disk4,29867202491392,29916237,342572121454631
234.4076,disk4w,1447521736704,1489953,590221765111
234.4076,disk8,42169547630592,68523774,714077364889190
234.4076,disk8w,4128768,601,984243925
234.4076,ram,417972224,64648069120,276993
234.4076,cpu,14870281,21360532,513784623
234.4076,gpu,0,0,0
234.6102,disk0,877973616259072,1970221452,12431895381724200
234.6102,disk0w,1977600397312,18767023,1160242602252
234.6102,disk5,25579932944384,51514512,459180228458705
234.6102,disk5w,225980416,35966,1254168700
234.6102,disk4,29867624018944,29916669,342572583334987
234.6102,disk4w,1447521736704,1489953,590221765111
234.6102,disk8,42170801481728,68525913,714092918670662
234.6102,disk8w,4128768,601,984243925
234.6102,ram,434962432,63080382464,276993
234.6102,cpu,14870308,21360662,513786248
234.6102,gpu,27,0,0
234.8103,disk0,877975343251456,1970224399,12431902787217993
234.8103,disk0w,1977600397312,18767023,1160242602252
234.8103,disk5,25580621334528,51515889,459185497898196
234.8103,disk5w,225980416,35966,1254168700
234.8103,disk4,29868089422848,29917146,342573463786370
234.8103,disk4w,1447521736704,1489953,590221765111
234.8103,disk8,42172000856064,68528252,714109794428948
234.8103,disk8w,4128768,601,984243925
234.8103,ram,434962432,63080382464,276993
234.8103,cpu,14870308,21360662,513786248
234.8103,gpu,0,0,0
235.0031,disk0,877977216466944,1970228071,12431911507312744
235.0031,disk0w,1977600397312,18767023,1160242602252
235.0031,disk5,25581324806144,51517330,459190928796961
235.0031,disk5w,225980416,35966,1254168700
235.0031,disk4,29868537295872,29917605,342574031432798
235.0031,disk4w,1447521736704,1489953,590221765111
235.0031,disk8,42173342803968,68530314,714123616378842
235.0031,disk8w,4128768,601,984243925
235.0031,ram,434962432,63080382464,276993
235.0031,cpu,14870308,21360662,513786248
235.0031,gpu,0,0,0
235.2103,disk0,877979010572288,1970231069,12431917269064797
235.2103,disk0w,1977600442368,18767026,1160242655209
235.2103,disk5,25582202308608,51519131,459198601727463
235.2103,disk5w,225980416,35966,1254168700
235.2103,disk4,29869065253888,29918146,342574695713111
235.2103,disk4w,1447521736704,1489953,590221765111
235.2103,disk8,42174667384832,68531951,714134866875621
235.2103,disk8w,4128768,601,984243925
235.2103,ram,434962432,63080382464,276993
235.2103,cpu,14870308,21360662,513786248
235.2103,gpu,0,0,0
235.4103,disk0,877981209333760,1970235283,12431928862254397
235.4103,disk0w,1977600565248,18767028,1160242694250
235.4103,disk5,25582882981888,51520527,459204060851709
235.4103,disk5w,225980416,35966,1254168700
235.4103,disk4,29869529641984,29918622,342575232765578
235.4103,disk4w,1447521736704,1489953,590221765111
235.4103,disk8,42175948204032,68533882,714146989638863
235.4103,disk8w,4128768,601,984243925
235.4103,ram,434962432,63080382464,276993
235.4103,cpu,14870308,21360662,513786248
235.4103,gpu,0,0,0
235.6103,disk0,877983388459008,1970240004,12431940368293258
235.6103,disk0w,1977600565248,18767028,1160242694250
235.6103,disk5,25583840888832,51522457,459215471908938
235.6103,disk5w,225980416,35966,1254168700
235.6103,disk4,29870074115072,29919180,342575817529472
235.6103,disk4w,1447521736704,1489953,590221765111
235.6103,disk8,42177116809216,68535633,714154732253215
235.6103,disk8w,4128768,601,984243925
235.6103,ram,444645376,64535330816,276993
235.6103,cpu,14870323,21360758,513787918
235.6103,gpu,0,0,0
235.8007,disk0,877985222959104,1970244145,12431949374691354
235.8007,disk0w,1977600581632,18767029,1160242732625
235.8007,disk5,25584694396928,51524112,459226351998649
235.8007,disk5w,225980416,35966,1254168700
235.8007,disk4,29870495642624,29919612,342576343799909
235.8007,disk4w,1447521736704,1489953,590221765111
235.8007,disk8,42178243864576,68537811,714166128553026
235.8007,disk8w,4128768,601,984243925
235.8007,ram,443252736,64569065472,276993
235.8007,cpu,14870323,21360758,513787918
235.8007,gpu,0,0,0
236.0050,disk0,877986923716608,1970247929,12431956606258787
236.0050,disk0w,1977600581632,18767029,1160242732625
236.0050,disk5,25585356244992,51525417,459230069771692
236.0050,disk5w,225980416,35966,1254168700
236.0050,disk4,29871136715776,29920269,342577117520831
236.0050,disk4w,1447521736704,1489953,590221765111
236.0050,disk8,42179657820160,68540551,714186682792011
236.0050,disk8w,4128768,601,984243925
236.0050,ram,443252736,64569065472,276993
236.0050,cpu,14870323,21360758,513787918
236.0050,gpu,0,0,0
236.2030,disk0,877988695777280,1970257220,12431967653859213
236.2030,disk0w,1977600581632,18767029,1160242732625
236.2030,disk5,25585989371904,51526669,459235222103731
236.2030,disk5w,225980416,35966,1254168700
236.2030,disk4,29871637279744,29920782,342577759632535
236.2030,disk4w,1447521736704,1489953,590221765111
236.2030,disk8,42180890355712,68542732,714203684449068
236.2030,disk8w,4128768,601,984243925
236.2030,ram,443252736,64569065472,276993
236.2030,cpu,14870323,21360758,513787918
236.2030,gpu,34,2,0
236.4103,disk0,877990318747648,1970260316,12431978262571020
236.4103,disk0w,1977601806336,18767207,1160247160689
236.4103,disk5,25586543544320,51527777,459239423028153
236.4103,disk5w,225980416,35966,1254168700
236.4103,disk4,29872076305408,29921232,342578848720388
236.4103,disk4w,1447521736704,1489953,590221765111
236.4103,disk8,42181974386688,68545017,714217406541539
236.4103,disk8w,4128768,601,984243925
236.4103,ram,443252736,64569065472,276993
236.4103,cpu,14870323,21360758,513787918
236.4103,gpu,0,0,0
236.6103,disk0,877992017264640,1970266317,12431985902991177
236.6103,disk0w,1977601806336,18767207,1160247160689
236.6103,disk5,25587262982144,51529250,459243969239998
236.6103,disk5w,225980416,35966,1254168700
236.6103,disk4,29872629560320,29921799,342579519312783
236.6103,disk4w,1447521736704,1489953,590221765111
236.6103,disk8,42183310862336,68547133,714234539320373
236.6103,disk8w,4128768,601,984243925
236.6103,ram,460275712,64460980224,276993
236.6103,cpu,14870347,21360871,513789595
236.6103,gpu,0,0,0
236.8103,disk0,877994071031808,1970269934,12431993681532756
236.8103,disk0w,1977601806336,18767207,1160247160689
236.8103,disk5,25588034029568,51530831,459249861149256
236.8103,disk5w,225980416,35966,1254168700
236.8103,disk4,29873069700096,29922250,342580099166258
236.8103,disk4w,1447521736704,1489953,590221765111
236.8103,disk8,42184682645504,68548760,714245765165928
236.8103,disk8w,4128768,601,984243925
236.8103,ram,460275712,64460980224,276993
236.8103,cpu,14870347,21360873,513789639
236.8103,gpu,28,0,0
237.0103,disk0,877996051431424,1970273853,12432001993558058
237.0103,disk0w,1977601806336,18767207,1160247160689
237.0103,disk5,25588913489920,51532635,459257022493158
237.0103,disk5w,225980416,35966,1254168700
237.0103,disk4,29873645761536,29922840,342580851714642
237.0103,disk4w,1447521736704,1489953,590221765111
237.0103,disk8,42186001934336,68550799,714257812091014
237.0103,disk8w,4128768,601,984243925
237.0103,ram,460275712,64460980224,276993
237.0103,cpu,14870347,21360873,513789639
237.0103,gpu,32,0,0
237.2036,disk0,877998231617536,1970278383,12432017142027456
237.2036,disk0w,1977601822720,18767209,1160247212855
237.2036,disk5,25589832615936,51534514,459267542152664
237.2036,disk5w,225980416,35966,1254168700
237.2036,disk4,29874210288640,29923419,342581570792866
237.2036,disk4w,1447521736704,1489953,590221765111
237.2036,disk8,42187048757248,68552379,714262014702375
237.2036,disk8w,4128768,601,984243925
237.2036,ram,460275712,64460980224,276993
237.2036,cpu,14870347,21360873,513789639
237.2036,gpu,0,0,0
237.4031,disk0,878000205611008,1970282570,12432030469103325
237.4031,disk0w,1977601822720,18767209,1160247212855
237.4031,disk5,25590467987456,51535745,459270940668050
237.4031,disk5w,225980416,35966,1254168700
237.4031,disk4,29874631816192,29923851,342582058407065
237.4031,disk4w,1447521736704,1489953,590221765111
237.4031,disk8,42188310243328,68554922,714279577794011
237.4031,disk8w,4128768,601,984243925
237.4031,ram,460275712,64460980224,276993
237.4031,cpu,14870347,21360873,513789639
237.4031,gpu,0,0,0
237.6103,disk0,878002567938048,1970287681,12432045530576402
237.6103,disk0w,1977601822720,18767209,1160247212855
237.6103,disk5,25591311296512,51537410,459275689942987
237.6103,disk5w,225980416,35966,1254168700
237.6103,disk4,29875156235264,29924388,342582684561263
237.6103,disk4w,1447521736704,1489953,590221765111
237.6103,disk8,42189605988352,68557340,714292218601809
237.6103,disk8w,4128768,601,984243925
237.6103,ram,473137152,63089508352,276993
237.6103,cpu,14870366,21360971,513791232
237.6103,gpu,0,0,0
237.8103,disk0,878004493721600,1970296104,12432059494966284
237.8103,disk0w,1977601822720,18767209,1160247212855
237.8103,disk5,25592167450624,51539103,459283078215957
237.8103,disk5w,225980416,35966,1254168700
237.8103,disk4,29875615380480,29924859,342583340056942
237.8103,disk4w,1447521736704,1489953,590221765111
237.8103,disk8,42190865770496,68559343,714305020814653
237.8103,disk8w,4128768,601,984243925
237.8103,ram,473137152,63089508352,276993
237.8103,cpu,14870366,21360971,513791232
237.8103,gpu,0,0,0
238.0085,disk0,878006100811776,1970299121,12432070226962997
238.0085,disk0w,1977601822720,18767209,1160247212855
238.0085,disk5,25592562272256,51539884,459285393159894
238.0085,disk5w,225980416,35966,1254168700
238.0085,disk4,29876019344384,29925273,342583997919639
238.0085,disk4w,1447521736704,1489953,590221765111
238.0085,disk8,42191895504896,68561482,714319135093283
238.0085,disk8w,4128768,601,984243925
238.0085,ram,473137152,63089508352,276993
238.0085,cpu,14870366,21360971,513791232
238.0085,gpu,53,0,0
238.2103,disk0,878008144916480,1970309751,12432089320528737
238.2103,disk0w,1977601822720,18767209,1160247212855
238.2103,disk5,25593404540928,51541608,459292399763961
238.2103,disk5w,225980416,35966,1254168700
238.2103,disk4,29876543714304,29925810,342584916715930
238.2103,disk4w,1447521736704,1489953,590221765111
238.2103,disk8,42193018333184,68563254,714328154270634
238.2103,disk8w,4128768,601,984243925
238.2103,ram,473137152,63089508352,276993
238.2103,cpu,14870366,21360971,513791232
238.2103,gpu,0,0,0
238.4103,disk0,878010014838784,1970313216,12432098722743445
238.4103,disk0w,1977601822720,18767209,1160247212855
238.4103,disk5,25594232137728,51543305,459301978213313
238.4103,disk5w,225980416,35966,1254168700
238.4103,disk4,29876994077696,29926272,342585463238434
238.4103,disk4w,1447521736704,1489953,590221765111
238.4103,disk8,42194193803264,68564650,714336005929967
238.4103,disk8w,4128768,601,984243925
238.4103,ram,473137152,63089508352,276993
238.4103,cpu,14870366,21360971,513791232
238.4103,gpu,33,0,0
238.6103,disk0,878011912007680,1970317058,12432107350680875
238.6103,disk0w,1977601822720,18767209,1160247212855
238.6103,disk5,25595170908160,51545229,459310707814428
238.6103,disk5w,225980416,35966,1254168700
238.6103,disk4,29877468296192,29926758,342585993331976
238.6103,disk4w,1447521736704,1489953,590221765111
238.6103,disk8,42195520727040,68566562,714347889407591
238.6103,disk8w,4128768,601,984243925
238.6103,ram,473022464,64504365056,276993
238.6103,cpu,14870383,21361075,513792897
238.6103,gpu,0,0,0
238.8103,disk0,878014196678656,1970321692,12432116851511125
238.8103,disk0w,1977601822720,18767209,1160247212855
238.8103,disk5,25596075919360,51547079,459317105885211
238.8103,disk5w,225980416,35966,1254168700
238.8103,disk4,29878101636096,29927407,342586788483716
238.8103,disk4w,1447521736704,1489953,590221765111
238.8103,disk8,42196828497920,68568728,714360623977696
238.8103,disk8w,4128768,601,984243925
238.8103,ram,473169920,64504365056,276993
238.8103,cpu,14870383,21361075,513792897
238.8103,gpu,0,0,0
239.0103,disk0,878016350728192,1970326279,12432130229643061
239.0103,disk0w,1977601830912,18767211,1160247259396
239.0103,disk5,25596896446464,51548669,459324438243581
239.0103,disk5w,225980416,35966,1254168700
239.0103,disk4,29878601151488,29927919,342587427114545
239.0103,disk4w,1447521736704,1489953,590221765111
239.0103,disk8,42198079793152,68571083,714371355122180
239.0103,disk8w,4128768,601,984243925
239.0103,ram,473169920,64504365056,276993
239.0103,cpu,14870383,21361075,513792897
239.0103,gpu,37,0,0
239.2103,disk0,878018356162560,1970330831,12432141260900156
239.2103,disk0w,1977601830912,18767211,1160247259396
239.2103,disk5,25597689219072,51550238,459329323296594
239.2103,disk5w,225980416,35966,1254168700
239.2103,disk4,29879190582272,29928523,342588203893005
239.2103,disk4w,1447521736704,1489953,590221765111
239.2103,disk8,42199421937664,68573438,714385852515136
239.2103,disk8w,4128768,601,984243925
239.2103,ram,473169920,64504365056,276993
239.2103,cpu,14870383,21361075,513792897
239.2103,gpu,0,0,0
239.4103,disk0,878020312428544,1970338745,12432156343567042
239.4103,disk0w,1977601830912,18767211,1160247259396
239.4103,disk5,25598434068480,51551708,459335569022045
239.4103,disk5w,225980416,35966,1254168700
239.4103,disk4,29879751570432,29929098,342588929120765
239.4103,disk4w,1447521736704,1489953,590221765111
239.4103,disk8,42200663484416,68575601,714399738969225
239.4103,disk8w,4128768,601,984243925
239.4103,ram,473169920,64504365056,276993
239.4103,cpu,14870383,21361075,513792897
239.4103,gpu,30,0,0
239.6103,disk0,878022138949632,1970342234,12432167278384759
239.6103,disk0w,1977601830912,18767211,1160247259396
239.6103,disk5,25599040071680,51552926,459338967849129
239.6103,disk5w,225980416,35966,1254168700
239.6103,disk4,29880234488832,29929593,342590151406517
239.6103,disk4w,1447521736704,1489953,590221765111
239.6103,disk8,42201764571136,68577628,714412472043291
239.6103,disk8w,4128768,601,984243925
239.6103,ram,514949120,64646037504,276993
239.6103,cpu,14870413,21361212,513794532
239.6103,gpu,0,0,0
239.8103,disk0,878024117186560,1970349664,12432178689322533
239.8103,disk0w,1977601830912,18767211,1160247259396
239.8103,disk5,25599816632320,51554513,459343473563224
239.8103,disk5w,225980416,35966,1254168700
239.8103,disk4,29880761398272,29930133,342590765481712
239.8103,disk4w,1447521736704,1489953,590221765111
239.8103,disk8,42203159980032,68579633,714426589044331
239.8103,disk8w,4128768,601,984243925
239.8103,ram,515096576,64646037504,276993
239.8103,cpu,14870413,21361215,513794581
239.8103,gpu,0,0,0
240.0006,disk0,878025812717568,1970352604,12432184994506319
240.0006,disk0w,1977601830912,18767211,1160247259396
240.0006,disk5,25600699770880,51556323,459352065475682
240.0006,disk5w,225980416,35966,1254168700
240.0006,disk4,29881253180416,29930637,342591281249080
240.0006,disk4w,1447521736704,1489953,590221765111
240.0006,disk8,42204472289280,68581323,714436803446462
240.0006,disk8w,4128768,601,984243925
240.0006,ram,515096576,64646037504,276993
240.0006,cpu,14870413,21361215,513794581
240.0006,gpu,0,0,0
240.2069,disk0,878027990429696,1970356774,12432194382955895
240.2069,disk0w,1977601830912,18767211,1160247259396
240.2069,disk5,25601704396800,51558384,459360293665226
240.2069,disk5w,225980416,35966,1254168700
240.2069,disk4,29881815217152,29931213,342592009487770
240.2069,disk4w,1447521736704,1489953,590221765111
240.2069,disk8,42205833357312,68583380,714447904611693
240.2069,disk8w,4128768,601,984243925
240.2069,ram,515096576,64646037504,276993
240.2069,cpu,14870413,21361215,513794581
240.2069,gpu,0,0,0
240.4026,disk0,878029830467584,1970360778,12432200746996104
240.4026,disk0w,1977601830912,18767211,1160247259396
240.4026,disk5,25602691778560,51560337,459370814712720
240.4026,disk5w,225980416,35966,1254168700
240.4026,disk4,29882309096448,29931719,342592606620610
240.4026,disk4w,1447521736704,1489953,590221765111
240.4026,disk8,42207119435776,68585592,714460695547926
240.4026,disk8w,4128768,601,984243925
240.4026,ram,515096576,64646037504,276993
240.4026,cpu,14870413,21361215,513794581
240.4026,gpu,0,0,0
240.6103,disk0,878032254054400,1970366288,12432216062151049
240.6103,disk0w,1977601830912,18767211,1160247259396
240.6103,disk5,25603239790592,51561411,459373584863405
240.6103,disk5w,225980416,35966,1254168700
240.6103,disk4,29882842690560,29932266,342593356662553
240.6103,disk4w,1447521736704,1489953,590221765111
240.6103,disk8,42208433121280,68587921,714475035225634
240.6103,disk8w,4128768,601,984243925
240.6103,ram,517799936,64555270144,276993
240.6103,cpu,14870428,21361311,513796203
240.6103,gpu,0,0,0
240.8025,disk0,878034374766592,1970371447,12432231321433410
240.8025,disk0w,1977601830912,18767211,1160247259396
240.8025,disk5,25603871492096,51562662,459376988952991
240.8025,disk5w,225980416,35966,1254168700
240.8025,disk4,29883325690880,29932761,342593930937969
240.8025,disk4w,1447521736704,1489953,590221765111
240.8025,disk8,42209748940800,68590183,714487681950747
240.8025,disk8w,4128768,601,984243925
240.8025,ram,517799936,64555270144,276993
240.8025,cpu,14870428,21361314,513796244
240.8025,gpu,35,0,0
241.0103,disk0,878036465999872,1970385725,12432247851366774
241.0103,disk0w,1977601830912,18767211,1160247259396
241.0103,disk5,25604633364480,51564164,459381576784330
241.0103,disk5w,225980416,35966,1254168700
241.0103,disk4,29883905291264,29933355,342594617604980
241.0103,disk4w,1447521736704,1489953,590221765111
241.0103,disk8,42211018786816,68592726,714502034520448
241.0103,disk8w,4128768,601,984243925
241.0103,ram,517799936,64555270144,276993
241.0103,cpu,14870428,21361314,513796244
241.0103,gpu,36,0,0
241.2073,disk0,878038008901632,1970388560,12432255483806093
241.2073,disk0w,1977601830912,18767211,1160247259396
241.2073,disk5,25605268703232,51565454,459385562217218
241.2073,disk5w,225980416,35966,1254168700
241.2073,disk4,29884421911552,29933884,342595680811668
241.2073,disk4w,1447521736704,1489953,590221765111
241.2073,disk8,42212116334592,68594497,714514902363562
241.2073,disk8w,4128768,601,984243925
241.2073,ram,517799936,64555270144,276993
241.2073,cpu,14870428,21361314,513796244
241.2073,gpu,0,0,0
241.4103,disk0,878039893917696,1970392984,12432262717898068
241.4103,disk0w,1977601830912,18767211,1160247259396
241.4103,disk5,25606022989824,51566999,459391583493071
241.4103,disk5w,225980416,35966,1254168700
241.4103,disk4,29884933747712,29934409,342596301684855
241.4103,disk4w,1447521736704,1489953,590221765111
241.4103,disk8,42213492557824,68596373,714529032144841
241.4103,disk8w,4128768,601,984243925
241.4103,ram,517799936,64555270144,276993
241.4103,cpu,14870428,21361314,513796244
241.4103,gpu,0,0,0
241.6103,disk0,878041735139328,1970396195,12432268752071845
241.6103,disk0w,1977601830912,18767211,1160247259396
241.6103,disk5,25606908610560,51568817,459400222132159
241.6103,disk5w,225980416,35966,1254168700
241.6103,disk4,29885417796608,29934905,342596955528810
241.6103,disk4w,1447521736704,1489953,590221765111
241.6103,disk8,42214858082304,68598228,714540410090812
241.6103,disk8w,4128768,601,984243925
241.6103,ram,512032768,64599736320,276993
241.6103,cpu,14870449,21361419,513797855
241.6103,gpu,0,0,0
241.8058,disk0,878043814187008,1970400333,12432279761295773
241.8058,disk0w,1977601830912,18767211,1160247259396
241.8058,disk5,25607705962496,51570452,459407028430893
241.8058,disk5w,225980416,35966,1254168700
241.8058,disk4,29885960172544,29935461,342597728864333
241.8058,disk4w,1447521736704,1489953,590221765111
241.8058,disk8,42216022181888,68600117,714550106368343
241.8058,disk8w,4128768,601,984243925
241.8058,ram,512802816,64599736320,276993
241.8058,cpu,14870449,21361421,513797904
241.8058,gpu,0,0,0
242.0036,disk0,878046042394624,1970405299,12432292953260616
242.0036,disk0w,1977601830912,18767211,1160247259396
242.0036,disk5,25608688224256,51572402,459415286482560
242.0036,disk5w,225980416,35966,1254168700
242.0036,disk4,29886566118400,29936082,342598549783546
242.0036,disk4w,1447521736704,1489953,590221765111
242.0036,disk8,42217179973632,68602095,714559674770895
242.0036,disk8w,4128768,601,984243925
242.0036,ram,512802816,64599736320,276993
242.0036,cpu,14870449,21361421,513797904
242.0036,gpu,24,0,0
242.2070,disk0,878048042409984,1970409690,12432302532935940
242.2070,disk0w,1977601830912,18767211,1160247259396
242.2070,disk5,25609337473024,51573671,459418621359892
242.2070,disk5w,225980416,35966,1254168700
242.2070,disk4,29887172064256,29936703,342599293969301
242.2070,disk4w,1447521736704,1489953,590221765111
242.2070,disk8,42218547808256,68604624,714578982780970
242.2070,disk8w,4128768,601,984243925
242.2070,ram,512802816,64599736320,276993
242.2070,cpu,14870449,21361421,513797904
242.2070,gpu,37,1,0
242.4084,disk0,878050187968512,1970414588,12432313833448558
242.4084,disk0w,1977601830912,18767211,1160247259396
242.4084,disk5,25610161014784,51575298,459424698247559
242.4084,disk5w,225980416,35966,1254168700
242.4084,disk4,29887703168000,29937247,342600088307460
242.4084,disk4w,1447521736704,1489953,590221765111
242.4084,disk8,42219833985024,68606844,714591513263728
242.4084,disk8w,4128768,601,984243925
242.4084,ram,512802816,64599736320,276993
242.4084,cpu,14870449,21361421,513797904
242.4084,gpu,0,0,0
242.6010,disk0,878052189982720,1970425608,12432335188550613
242.6010,disk0w,1977601830912,18767211,1160247259396
242.6010,disk5,25610714023936,51576385,459426839489354
242.6010,disk5w,225980416,35966,1254168700
242.6010,disk4,29888094155776,29937648,342600532951201
242.6010,disk4w,1447521736704,1489953,590221765111
242.6010,disk8,42220979783680,68609042,714607247111787
242.6010,disk8w,4128768,601,984243925
242.6010,ram,515375104,63006359552,276993
242.6010,cpu,14870463,21361526,513799497
242.6010,gpu,0,0,0
242.8103,disk0,878053640556544,1970428285,12432343990536596
242.8103,disk0w,1977601830912,18767211,1160247259396
242.8103,disk5,25611358554112,51577676,459433296538425
242.8103,disk5w,225980416,35966,1254168700
242.8103,disk4,29888524399616,29938089,342601563884477
242.8103,disk4w,1447521736704,1489953,590221765111
242.8103,disk8,42222096615424,68611443,714623859566240
242.8103,disk8w,4128768,601,984243925
242.8103,ram,513638400,63027707904,276993
242.8103,cpu,14870464,21361530,513799561
242.8103,gpu,0,0,0
243.0097,disk0,878055604490240,1970437610,12432356974754962
243.0097,disk0w,1977601830912,18767211,1160247259396
243.0097,disk5,25612250318848,51579503,459440856515362
243.0097,disk5w,225980416,35966,1254168700
243.0097,disk4,29889024963584,29938602,342602158099055
243.0097,disk4w,1447521736704,1489953,590221765111
243.0097,disk8,42223389607936,68613315,714634021180827
243.0097,disk8w,4128768,601,984243925
243.0097,ram,513638400,63027707904,276993
243.0097,cpu,14870464,21361530,513799561
243.0097,gpu,25,0,0
243.2037,disk0,878057446723584,1970440696,12432362612038475
243.2037,disk0w,1977601830912,18767211,1160247259396
243.2037,disk5,25613113133056,51581271,459448297739740
243.2037,disk5w,225980416,35966,1254168700
243.2037,disk4,29889560654848,29939151,342602853575749
243.2037,disk4w,1447521736704,1489953,590221765111
243.2037,disk8,42224747153408,68615084,714645598425773
243.2037,disk8w,4128768,601,984243925
243.2037,ram,513638400,63027707904,276993
243.2037,cpu,14870464,21361530,513799561
243.2037,gpu,24,1,0
243.4103,disk0,878059210002432,1970444081,12432368529392657
243.4103,disk0w,1977601830912,18767211,1160247259396
243.4103,disk5,25614139803648,51583375,459461379916938
243.4103,disk5w,225980416,35966,1254168700
243.4103,disk4,29890087564288,29939691,342603405965038
243.4103,disk4w,1447521736704,1489953,590221765111
243.4103,disk8,42226013571072,68616918,714655158411171
243.4103,disk8w,4128768,601,984243925
243.4103,ram,513638400,63027707904,276993
243.4103,cpu,14870464,21361530,513799561
243.4103,gpu,0,0,0
243.6103,disk0,878061192761344,1970448385,12432376371570925
243.6103,disk0w,1977601830912,18767211,1160247259396
243.6103,disk5,25615075444736,51585255,459470956756768
243.6103,disk5w,225980416,35966,1254168700
243.6103,disk4,29890640819200,29940258,342604051327339
243.6103,disk4w,1447521736704,1489953,590221765111
243.6103,disk8,42227339462656,68618982,714667679730563
243.6103,disk8w,4128768,601,984243925
243.6103,ram,513277952,64529055744,276993
243.6103,cpu,14870484,21361621,513801182
243.6103,gpu,0,0,0
243.8103,disk0,878063398309888,1970453163,12432390485696296
243.8103,disk0w,1977601830912,18767211,1160247259396
243.8103,disk5,25615754299392,51586573,459474358522440
243.8103,disk5w,225980416,35966,1254168700
243.8103,disk4,29891197219840,29940828,342604713454434
243.8103,disk4w,1447521736704,1489953,590221765111
243.8103,disk8,42228676777984,68621710,714683824287229
243.8103,disk8w,4128768,601,984243925
243.8103,ram,513277952,64529055744,276993
243.8103,cpu,14870484,21361628,513801223
243.8103,gpu,0,0,0
244.0103,disk0,878065561346048,1970457541,12432402543321504
244.0103,disk0w,1977601830912,18767211,1160247259396
244.0103,disk5,25616373942272,51587801,459477759045368
244.0103,disk5w,225980416,35966,1254168700
244.0103,disk4,29891703419904,29941347,342605309321094
244.0103,disk4w,1447521736704,1489953,590221765111
244.0103,disk8,42230030194688,68624269,714699755394869
244.0103,disk8w,4128768,601,984243925
244.0103,ram,513277952,64529055744,276993
244.0103,cpu,14870484,21361628,513801223
244.0103,gpu,0,0,0
244.2103,disk0,878067263246336,1970467414,12432416465757461
244.2103,disk0w,1977601830912,18767211,1160247259396
244.2103,disk5,25616988096512,51589014,459480755475427
244.2103,disk5w,225980416,35966,1254168700
244.2103,disk4,29892247892992,29941905,342606115466340
244.2103,disk4w,1447521736704,1489953,590221765111
244.2103,disk8,42231302674432,68626521,714716755207986
244.2103,disk8w,4128768,601,984243925
244.2103,ram,513277952,64529055744,276993
244.2103,cpu,14870484,21361628,513801223
244.2103,gpu,0,0,0
244.4095,disk0,878068737003520,1970470002,12432423838158181
244.4095,disk0w,1977601830912,18767211,1160247259396
244.4095,disk5,25617728227328,51590493,459487187482717
244.4095,disk5w,225980416,35966,1254168700
244.4095,disk4,29892660589568,29942328,342606837003699
244.4095,disk4w,1447521736704,1489953,590221765111
244.4095,disk8,42232378857472,68628650,714731766144928
244.4095,disk8w,4128768,601,984243925
244.4095,ram,513277952,64529055744,276993
244.4095,cpu,14870484,21361628,513801223
244.4095,gpu,0,0,0
244.6103,disk0,878070959321088,1970476564,12432438906656489
244.6103,disk0w,1977601830912,18767211,1160247259396
244.6103,disk5,25618602444800,51592285,459493526944985
244.6103,disk5w,225980416,35966,1254168700
244.6103,disk4,29893231408128,29942913,342607601022345
244.6103,disk4w,1447521736704,1489953,590221765111
244.6103,disk8,42233584818176,68630362,714739770073859
244.6103,disk8w,4128768,601,984243925
244.6103,ram,510263296,64502054912,276993
244.6103,cpu,14870514,21361759,513802801
244.6103,gpu,0,0,0
244.8103,disk0,878072998211584,1970479867,12432446209663392
244.8103,disk0w,1977601830912,18767211,1160247259396
244.8103,disk5,25619287836672,51593690,459500350630670
244.8103,disk5w,225980416,35966,1254168700
244.8103,disk4,29893714408448,29943408,342608107848974
244.8103,disk4w,1447521736704,1489953,590221765111
244.8103,disk8,42234847238144,68631863,714750082116115
244.8103,disk8w,4128768,601,984243925
244.8103,ram,508772352,64502071296,276993
244.8103,cpu,14870514,21361759,513802801
244.8103,gpu,39,0,0
245.0083,disk0,878074746171392,1970483153,12432451396269022
245.0083,disk0w,1977601830912,18767211,1160247259396
245.0083,disk5,25619961448448,51595071,459504178782476
245.0083,disk5w,225980416,35966,1254168700
245.0083,disk4,29894267663360,29943975,342608886181437
245.0083,disk4w,1447521736704,1489953,590221765111
245.0083,disk8,42236251527168,68633971,714766899544723
245.0083,disk8w,4128768,601,984243925
245.0083,ram,508772352,64502071296,276993
245.0083,cpu,14870514,21361759,513802801
245.0083,gpu,24,0,0
245.2032,disk0,878076803362816,1970487496,12432461056485408
245.2032,disk0w,1977601830912,18767211,1160247259396
245.2032,disk5,25620893943808,51596964,459513866980523
245.2032,disk5w,225980416,35966,1254168700
245.2032,disk4,29894724318208,29944443,342609421970945
245.2032,disk4w,1447521736704,1489953,590221765111
245.2032,disk8,42237476526080,68635855,714777351580607
245.2032,disk8w,4128768,601,984243925
245.2032,ram,508772352,64502071296,276993
245.2032,cpu,14870514,21361759,513802801
245.2032,gpu,0,0,0
245.4016,disk0,878078624034816,1970491479,12432470370218254
245.4016,disk0w,1977601830912,18767211,1160247259396
245.4016,disk5,25621664450560,51598457,459520310971824
245.4016,disk5w,225980416,35966,1254168700
245.4016,disk4,29895122646016,29944851,342609935353062
245.4016,disk4w,1447521736704,1489953,590221765111
245.4016,disk8,42238809806848,68638645,714794230013316
245.4016,disk8w,4128768,601,984243925
245.4016,ram,508772352,64502071296,276993
245.4016,cpu,14870514,21361759,513802801
245.4016,gpu,28,0,0
245.6103,disk0,878080475082752,1970495760,12432477162547737
245.6103,disk0w,1977601830912,18767211,1160247259396
245.6103,disk5,25622471624704,51600050,459528289880423
245.6103,disk5w,225980416,35966,1254168700
245.6103,disk4,29895743009792,29945487,342610729308517
245.6103,disk4w,1447521736704,1489953,590221765111
245.6103,disk8,42240184653824,68641146,714811514226897
245.6103,disk8w,4128768,601,984243925
245.6103,ram,512688128,63055052800,276993
245.6103,cpu,14870528,21361855,513804471
245.6103,gpu,28,0,0
245.8103,disk0,878082122846208,1970506046,12432490720193015
245.8103,disk0w,1977601830912,18767211,1160247259396
245.8103,disk5,25623085778944,51601261,459532183883382
245.8103,disk5w,225980416,35966,1254168700
245.8103,disk4,29896252355584,29946009,342611364587563
245.8103,disk4w,1447521736704,1489953,590221765111
245.8103,disk8,42241448957952,68643288,714829005267433
245.8103,disk8w,4128768,601,984243925
245.8103,ram,512688128,63055052800,276993
245.8103,cpu,14870528,21361855,513804520
245.8103,gpu,0,0,0
246.0103,disk0,878083759050752,1970508864,12432499555358621
246.0103,disk0w,1977601830912,18767211,1160247259396
246.0103,disk5,25623868344320,51602827,459539776463443
246.0103,disk5w,225980416,35966,1254168700
246.0103,disk4,29896691397632,29946459,342612205999921
246.0103,disk4w,1447521736704,1489953,590221765111
246.0103,disk8,42242511411200,68645424,714842601257545
246.0103,disk8w,4128768,601,984243925
246.0103,ram,512688128,63055052800,276993
246.0103,cpu,14870528,21361855,513804520
246.0103,gpu,46,0,0
246.2099,disk0,878085799567360,1970518066,12432510297975084
246.2099,disk0w,1977601830912,18767211,1160247259396
246.2099,disk5,25624808556544,51604755,459547530784893
246.2099,disk5w,225980416,35966,1254168700
246.2099,disk4,29897086579712,29946864,342612673810536
246.2099,disk4w,1447521736704,1489953,590221765111
246.2099,disk8,42243837843456,68647321,714855185490756
246.2099,disk8w,4128768,601,984243925
246.2099,ram,512688128,63055052800,276993
246.2099,cpu,14870528,21361855,513804520
246.2099,gpu,0,0,0
246.4103,disk0,878087818371072,1970521531,12432516280477994
246.4103,disk0w,1977601830912,18767211,1160247259396
246.4103,disk5,25625647679488,51606477,459555418292076
246.4103,disk5w,225980416,35966,1254168700
246.4103,disk4,29897516889088,29947305,342613254952975
246.4103,disk4w,1447521736704,1489953,590221765111
246.4103,disk8,42245167798272,68649033,714866396619548
246.4103,disk8w,4128768,601,984243925
246.4103,ram,512688128,63055052800,276993
246.4103,cpu,14870528,21361855,513804520
246.4103,gpu,0,0,0
246.6017,disk0,878089492471808,1970524719,12432521764876680
246.6017,disk0w,1977601830912,18767211,1160247259396
246.6017,disk5,25626545211392,51608317,459563573142996
246.6017,disk5w,225980416,35966,1254168700
246.6017,disk4,29898058871808,29947860,342613926377173
246.6017,disk4w,1447521736704,1489953,590221765111
246.6017,disk8,42246455121920,68650956,714879140143724
246.6017,disk8w,4128768,601,984243925
246.6017,ram,510214144,64360464384,276993
246.6017,cpu,14870545,21361956,513806121
246.6017,gpu,0,0,0
246.8103,disk0,878091650883584,1970529307,12432534138569143
246.8103,disk0w,1977601830912,18767211,1160247259396
246.8103,disk5,25627299743744,51609834,459567659212817
246.8103,disk5w,225980416,35966,1254168700
246.8103,disk4,29898569266176,29948383,342614493783040
246.8103,disk4w,1447521736704,1489953,590221765111
246.8103,disk8,42247869290496,68653132,714893491936710
246.8103,disk8w,4128768,601,984243925
246.8103,ram,510656512,64394035200,276993
246.8103,cpu,14870545,21361956,513806121
246.8103,gpu,0,0,0
247.0103,disk0,878093473914880,1970533426,12432542835922336
247.0103,disk0w,1977601830912,18767211,1160247259396
247.0103,disk5,25628007401472,51611207,459571674301818
247.0103,disk5w,225980416,35966,1254168700
247.0103,disk4,29899028411392,29948854,342615019250588
247.0103,disk4w,1447521736704,1489953,590221765111
247.0103,disk8,42249259751424,68655888,714914648098282
247.0103,disk8w,4128768,601,984243925
247.0103,ram,510656512,64394035200,276993
247.0103,cpu,14870545,21361956,513806121
247.0103,gpu,0,0,0
247.2103,disk0,878095370444800,1970537732,12432550765540179
247.2103,disk0w,1977601830912,18767211,1160247259396
247.2103,disk5,25628788639744,51612753,459576361540434
247.2103,disk5w,225980416,35966,1254168700
247.2103,disk4,29899571835904,29949411,342615693496978
247.2103,disk4w,1447521736704,1489953,590221765111
247.2103,disk8,42250634123264,68658236,714931580736618
247.2103,disk8w,4128768,601,984243925
247.2103,ram,510656512,64394035200,276993
247.2103,cpu,14870545,21361956,513806121
247.2103,gpu,0,0,0
247.4016,disk0,878096852951040,1970542560,12432557832826405
247.4016,disk0w,1977601830912,18767211,1160247259396
247.4016,disk5,25629362219008,51613887,459580797212674
247.4016,disk5w,225980416,35966,1254168700
247.4016,disk4,29900063618048,29949915,342616351037476
247.4016,disk4w,1447521736704,1489953,590221765111
247.4016,disk8,42251865266176,68660441,714950659796569
247.4016,disk8w,4128768,601,984243925
247.4016,ram,510656512,64394035200,276993
247.4016,cpu,14870545,21361956,513806121
247.4016,gpu,0,0,0
247.6103,disk0,878098177617920,1970545182,12432564559036852
247.6103,disk0w,1977601830912,18767211,1160247259396
247.6103,disk5,25629981853696,51615135,459586023009722
247.6103,disk5w,225980416,35966,1254168700
247.6103,disk4,29900546503680,29950410,342618581225107
247.6103,disk4w,1447521736704,1489953,590221765111
247.6103,disk8,42252971399168,68662520,714965792920592
247.6103,disk8w,4128768,601,984243925
247.6103,ram,509378560,64506920960,276993
247.6103,cpu,14870562,21362054,513807807
247.6103,gpu,0,0,0
247.8054,disk0,878099940941824,1970549398,12432571957382451
247.8054,disk0w,1977601830912,18767211,1160247259396
247.8054,disk5,25630639499264,51616483,459590201466739
247.8054,disk5w,225980416,35966,1254168700
247.8054,disk4,29901020722176,29950896,342619203871494
247.8054,disk4w,1447521736704,1489953,590221765111
247.8054,disk8,42254297061376,68664540,714981058538801
247.8054,disk8w,4128768,601,984243925
247.8054,ram,509378560,64506920960,276993
247.8054,cpu,14870562,21362061,513807921
247.8054,gpu,0,0,0
248.0103,disk0,878101923901440,1970552771,12432580164794702
248.0103,disk0w,1977601830912,18767211,1160247259396
248.0103,disk5,25631499700224,51618245,459598622347855
248.0103,disk5w,225980416,35966,1254168700
248.0103,disk4,29901459813376,29951346,342619682692423
248.0103,disk4w,1447521736704,1489953,590221765111
248.0103,disk8,42255548684288,68666262,714992330846909
248.0103,disk8w,4128768,601,984243925
248.0103,ram,509378560,64506920960,276993
248.0103,cpu,14870562,21362061,513807921
248.0103,gpu,28,0,0
248.2103,disk0,878103832752128,1970556701,12432588819365119
248.2103,disk0w,1977601830912,18767211,1160247259396
248.2103,disk5,25632378112000,51620046,459606878460523
248.2103,disk5w,225980416,35966,1254168700
248.2103,disk4,29901947008000,29951845,342620241087641
248.2103,disk4w,1447521736704,1489953,590221765111
248.2103,disk8,42256919484416,68668433,715005442493770
248.2103,disk8w,4128768,601,984243925
248.2103,ram,509378560,64506920960,276993
248.2103,cpu,14870562,21362061,513807921
248.2103,gpu,25,1,0
248.4016,disk0,878106000830464,1970561624,12432603554736579
248.4016,disk0w,1977601830912,18767211,1160247259396
248.4016,disk5,25633131743232,51621544,459611222210004
248.4016,disk5w,225980416,35966,1254168700
248.4016,disk4,29902417032192,29952327,342620797505812
248.4016,disk4w,1447521736704,1489953,590221765111
248.4016,disk8,42258180675584,68670418,715016228735694
248.4016,disk8w,4128768,601,984243925
248.4016,ram,509378560,64506920960,276993
248.4016,cpu,14870562,21362061,513807921
248.4016,gpu,0,0,0
248.6103,disk0,878108081979392,1970566223,12432614327989970
248.6103,disk0w,1977601830912,18767211,1160247259396
248.6103,disk5,25633851033600,51622955,459616065858190
248.6103,disk5w,225980416,35966,1254168700
248.6103,disk4,29902987850752,29952912,342621582397444
248.6103,disk4w,1447521736704,1489953,590221765111
248.6103,disk8,42259547117568,68672839,715032123493527
248.6103,disk8w,4128768,601,984243925
248.6103,ram,504578048,63345672192,276993
248.6103,cpu,14870579,21362154,513809477
248.6103,gpu,0,0,0
248.8049,disk0,878109713661952,1970570349,12432623811564244
248.8049,disk0w,1977601830912,18767211,1160247259396
248.8049,disk5,25634430093312,51624096,459619391840332
248.8049,disk5w,225980416,35966,1254168700
248.8049,disk4,29903371760640,29953305,342621959348933
248.8049,disk4w,1447521736704,1489953,590221765111
248.8049,disk8,42260876613632,68675205,715051221021830
248.8049,disk8w,4128768,601,984243925
248.8049,ram,505905152,63379259392,276993
248.8049,cpu,14870579,21362154,513809477
248.8049,gpu,0,0,0
249.0103,disk0,878111687581696,1970580359,12432634243904764
249.0103,disk0w,1977601830912,18767211,1160247259396
249.0103,disk5,25635254814720,51625728,459625003610712
249.0103,disk5w,225980416,35966,1254168700
249.0103,disk4,29903937336320,29953885,342622652764911
249.0103,disk4w,1447521736704,1489953,590221765111
249.0103,disk8,42262269974528,68677878,715068817503191
249.0103,disk8w,4128768,601,984243925
249.0103,ram,505905152,63379259392,276993
249.0103,cpu,14870579,21362154,513809477
249.0103,gpu,0,0,0
249.2103,disk0,878113358704640,1970584608,12432644976145038
249.2103,disk0w,1977601830912,18767211,1160247259396
249.2103,disk5,25635892045824,51627031,459630799489919
249.2103,disk5w,225980416,35966,1254168700
249.2103,disk4,29904305075200,29954262,342623252015287
249.2103,disk4w,1447521736704,1489953,590221765111
249.2103,disk8,42263373223936,68679653,715080693452802
249.2103,disk8w,4128768,601,984243925
249.2103,ram,505905152,63379259392,276993
249.2103,cpu,14870579,21362154,513809477
249.2103,gpu,0,0,0
249.4026,disk0,878115190992896,1970587914,12432653924981728
249.4026,disk0w,1977601830912,18767211,1160247259396
249.4026,disk5,25636669188096,51628626,459636972833477
249.4026,disk5w,225980416,35966,1254168700
249.4026,disk4,29904854791168,29954825,342623978686294
249.4026,disk4w,1447521736704,1489953,590221765111
249.4026,disk8,42264612132864,68681217,715089635607796
249.4026,disk8w,4128768,601,984243925
249.4026,ram,505905152,63379259392,276993
249.4026,cpu,14870579,21362154,513809477
249.4026,gpu,0,0,0
249.6103,disk0,878117165486080,1970591783,12432662105478323
249.6103,disk0w,1977601830912,18767211,1160247259396
249.6103,disk5,25637509875712,51630349,459643171712077
249.6103,disk5w,225980416,35966,1254168700
249.6103,disk4,29905469518848,29955455,342624750671496
249.6103,disk4w,1447521736704,1489953,590221765111
249.6103,disk8,42266027890688,68683294,715103703602998
249.6103,disk8w,4128768,601,984243925
249.6103,ram,507281408,64510345216,276993
249.6103,cpu,14870603,21362275,513811118
249.6103,gpu,0,0,0
249.8103,disk0,878119181545472,1970596181,12432671664655348
249.8103,disk0w,1977601830912,18767211,1160247259396
249.8103,disk5,25638429681664,51632236,459652063044187
249.8103,disk5w,225980416,35966,1254168700
249.8103,disk4,29906035094528,29956035,342625456585425
249.8103,disk4w,1447521736704,1489953,590221765111
249.8103,disk8,42267312805888,68685117,715113803486680
249.8103,disk8w,4128768,601,984243925
249.8103,ram,507133952,64510836736,276993
249.8103,cpu,14870604,21362279,513811160
249.8103,gpu,39,0,0
250.0029,disk0,878120952655872,1970599885,12432677713071769
250.0029,disk0w,1977601830912,18767211,1160247259396
250.0029,disk5,25639202949120,51633737,459656617330925
250.0029,disk5w,225980416,35966,1254168700
250.0029,disk4,29906632258560,29956647,342626291904800
250.0029,disk4w,1447521736704,1489953,590221765111
250.0029,disk8,42268673857536,68687557,715132189272002
250.0029,disk8w,4128768,601,984243925
250.0029,ram,507133952,64510836736,276993
250.0029,cpu,14870604,21362279,513811160
250.0029,gpu,0,0,0
250.2103,disk0,878122877911040,1970603930,12432689684824825
250.2103,disk0w,1977601830912,18767211,1160247259396
250.2103,disk5,25639957481472,51635225,459660727350797
250.2103,disk5w,225980416,35966,1254168700
250.2103,disk4,29907199538176,29957228,342626885994943
250.2103,disk4w,1447521736704,1489953,590221765111
250.2103,disk8,42270063499264,68690108,715149469091690
250.2103,disk8w,4128768,601,984243925
250.2103,ram,507133952,64510836736,276993
250.2103,cpu,14870604,21362279,513811160
250.2103,gpu,0,0,0
250.4103,disk0,878124523995136,1970614865,12432704148313260
250.4103,disk0w,1977601830912,18767211,1160247259396
250.4103,disk5,25640543881216,51636384,459663468834821
250.4103,disk5w,225980416,35966,1254168700
250.4103,disk4,29907694859264,29957736,342627582926613
250.4103,disk4w,1447521736704,1489953,590221765111
250.4103,disk8,42271280519168,68692088,715164901645506
250.4103,disk8w,4128768,601,984243925
250.4103,ram,507133952,64510836736,276993
250.4103,cpu,14870604,21362279,513811160
250.4103,gpu,0,0,0
250.6068,disk0,878126112784384,1970617855,12432710855479876
250.6068,disk0w,1977601830912,18767211,1160247259396
250.6068,disk5,25641082603520,51637453,459666038225974
250.6068,disk5w,225980416,35966,1254168700
250.6068,disk4,29908095284224,29958146,342628016220268
250.6068,disk4w,1447521736704,1489953,590221765111
250.6068,disk8,42272421435392,68694435,715182173134318
250.6068,disk8w,4128768,601,984243925
250.6068,ram,507133952,64510836736,276993
250.6068,cpu,14870604,21362279,513811160
250.6068,gpu,87,0,0
250.8065,disk0,878127946792960,1970624843,12432724834541449
250.8065,disk0w,1977601830912,18767211,1160247259396
250.8065,disk5,25641782396928,51638886,459669827492703
250.8065,disk5w,225980416,35966,1254168700
250.8065,disk4,29908669543424,29958735,342630001912938
250.8065,disk4w,1447521736704,1489953,590221765111
250.8065,disk8,42273683249152,68696342,715195964149608
250.8065,disk8w,4128768,601,984243925
250.8065,ram,505970688,64543506432,276993
250.8065,cpu,14870621,21362383,513812893
250.8065,gpu,25,0,0
251.0103,disk0,878129943248896,1970628248,12432731555185506
251.0103,disk0w,1977601830912,18767211,1160247259396
251.0103,disk5,25642756139008,51640882,459679321034212
251.0103,disk5w,225980416,35966,1254168700
251.0103,disk4,29909246653440,29959326,342630749421621
251.0103,disk4w,1447521736704,1489953,590221765111
251.0103,disk8,42275026704384,68697932,715205377508643
251.0103,disk8w,4128768,601,984243925
251.0103,ram,505970688,64543506432,276993
251.0103,cpu,14870621,21362383,513812893
251.0103,gpu,0,0,0
251.2051,disk0,878131873169408,1970632161,12432742522323895
251.2051,disk0w,1977601830912,18767211,1160247259396
251.2051,disk5,25643589765120,51642592,459687113252877
251.2051,disk5w,225980416,35966,1254168700
251.2051,disk4,29909865968640,29959961,342631502863454
251.2051,disk4w,1447521736704,1489953,590221765111
251.2051,disk8,42276273514496,68699864,715214960220003
251.2051,disk8w,4128768,601,984243925
251.2051,ram,505970688,64543506432,276993
251.2051,cpu,14870621,21362383,513812893
251.2051,gpu,0,0,0
251.4103,disk0,878134118875136,1970636818,12432751791511712
251.4103,disk0w,1977601830912,18767211,1160247259396
251.4103,disk5,25644667488256,51644762,459698034095629
251.4103,disk5w,225980416,35966,1254168700
251.4103,disk4,29910522508288,29960634,342632442877641
251.4103,disk4w,1447521736704,1489953,590221765111
251.4103,disk8,42277521369088,68701860,715224133642716
251.4103,disk8w,4128768,601,984243925
251.4103,ram,505970688,64543506432,276993
251.4103,cpu,14870621,21362383,513812893
251.4103,gpu,0,0,0
251.6103,disk0,878136354177024,1970641668,12432762331534005
251.6103,disk0w,1977601830912,18767211,1160247259396
251.6103,disk5,25645582960640,51646541,459704744987932
251.6103,disk5w,225980416,35966,1254168700
251.6103,disk4,29911036048384,29961160,342633056226588
251.6103,disk4w,1447521736704,1489953,590221765111
251.6103,disk8,42278875441152,68704500,715238349361605
251.6103,disk8w,4128768,601,984243925
251.6103,ram,505970688,64543506432,276993
251.6103,cpu,14870621,21362383,513812893
251.6103,gpu,25,0,0
251.8103,disk0,878138391461888,1970645855,12432771838771290
251.8103,disk0w,1977601830912,18767211,1160247259396
251.8103,disk5,25646267549696,51647892,459709772058973
251.8103,disk5w,225980416,35966,1254168700
251.8103,disk4,29911509218304,29961645,342633572798012
251.8103,disk4w,1447521736704,1489953,590221765111
251.8103,disk8,42280274782208,68707056,715255970935171
251.8103,disk8w,4128768,601,984243925
251.8103,ram,492699648,64597131264,276993
251.8103,cpu,14870640,21362485,513814488
251.8103,gpu,32,0,0
252.0059,disk0,878140293251072,1970651330,12432783449080657
252.0059,disk0w,1977601830912,18767211,1160247259396
252.0059,disk5,25647064139776,51649469,459715251072161
252.0059,disk5w,225980416,35966,1254168700
252.0059,disk4,29912085672960,29962236,342634458832902
252.0059,disk4w,1447521736704,1489953,590221765111
252.0059,disk8,42281583011840,68709393,715268676501465
252.0059,disk8w,4128768,601,984243925
252.0059,ram,492699648,64597131264,276993
252.0059,cpu,14870640,21362485,513814488
252.0059,gpu,0,0,0
252.2103,disk0,878142235729920,1970655019,12432795914044400
252.2103,disk0w,1977601830912,18767211,1160247259396
252.2103,disk5,25647687075840,51650719,459718696205611
252.2103,disk5w,225980416,35966,1254168700
252.2103,disk4,29912679216128,29962844,342635851810953
252.2103,disk4w,1447521736704,1489953,590221765111
252.2103,disk8,42282643269632,68711430,715280821193905
252.2103,disk8w,4128768,601,984243925
252.2103,ram,492699648,64597131264,276993
252.2103,cpu,14870640,21362485,513814488
252.2103,gpu,0,0,0
252.4012,disk0,878143958130688,1970664870,12432808200780835
252.4012,disk0w,1977601830912,18767211,1160247259396
252.4012,disk5,25648259434496,51651892,459721676523624
252.4012,disk5w,225980416,35966,1254168700
252.4012,disk4,29913279919104,29963460,342636753276756
252.4012,disk4w,1447521736704,1489953,590221765111
252.4012,disk8,42283934787584,68713362,715295142231104
252.4012,disk8w,4128768,601,984243925
252.4012,ram,492699648,64597131264,276993
252.4012,cpu,14870640,21362485,513814488
252.4012,gpu,0,0,0
252.6103,disk0,878146224971776,1970668891,12432818092731290
252.6103,disk0w,1977601830912,18767211,1160247259396
252.6103,disk5,25649158719488,51653732,459730329561351
252.6103,disk5w,225980416,35966,1254168700
252.6103,disk4,29913859519488,29964054,342637468362438
252.6103,disk4w,1447521736704,1489953,590221765111
252.6103,disk8,42285244950528,68714985,715304110020995
252.6103,disk8w,4128768,601,984243925
252.6103,ram,492699648,64597131264,276993
252.6103,cpu,14870640,21362485,513814488
252.6103,gpu,21,0,0
252.8103,disk0,878148284571648,1970672918,12432826986293143
252.8103,disk0w,1977601830912,18767211,1160247259396
252.8103,disk5,25649840695296,51655131,459734204621053
252.8103,disk5w,225980416,35966,1254168700
252.8103,disk4,29914533229568,29964744,342638364663665
252.8103,disk4w,1447521736704,1489953,590221765111
252.8103,disk8,42286641686528,68717251,715320270631466
252.8103,disk8w,4128768,601,984243925
252.8103,ram,494190592,64543473664,276993
252.8103,cpu,14870659,21362595,513816284
252.8103,gpu,25,0,0
253.0103,disk0,878150280372224,1970677314,12432836260178974
253.0103,disk0w,1977601830912,18767211,1160247259396
253.0103,disk5,25650708383744,51656860,459741495175569
253.0103,disk5w,225980416,35966,1254168700
253.0103,disk4,29915220702208,29965449,342639349366271
253.0103,disk4w,1447521736704,1489953,590221765111
253.0103,disk8,42287979882496,68719419,715332336504914
253.0103,disk8w,4128768,601,984243925
253.0103,ram,494190592,64543473664,276993
253.0103,cpu,14870659,21362595,513816284
253.0103,gpu,0,0,0
253.2067,disk0,878152146313216,1970681250,12432843759283758
253.2067,disk0w,1977601830912,18767211,1160247259396
253.2067,disk5,25651338512384,51658090,459745661020976
253.2067,disk5w,225980416,35966,1254168700
253.2067,disk4,29915667133440,29965906,342639877425702
253.2067,disk4w,1447521736704,1489953,590221765111
253.2067,disk8,42289352501248,68721921,715350450110900
253.2067,disk8w,4128768,601,984243925
253.2067,ram,494190592,64543473664,276993
253.2067,cpu,14870659,21362595,513816284
253.2067,gpu,0,0,0
253.4103,disk0,878154093813760,1970685707,12432855116282684
253.4103,disk0w,1977601830912,18767211,1160247259396
253.4103,disk5,25651924764672,51659248,459748167643182
253.4103,disk5w,225980416,35966,1254168700
253.4103,disk4,29916128375808,29966379,342640352198498
253.4103,disk4w,1447521736704,1489953,590221765111
253.4103,disk8,42290771650560,68724423,715369687936041
253.4103,disk8w,4128768,601,984243925
253.4103,ram,494190592,64543473664,276993
253.4103,cpu,14870659,21362595,513816284
253.4103,gpu,34,0,0
253.6103,disk0,878155931459584,1970690369,12432863404882701
253.6103,disk0w,1977601839104,18767213,1160247295354
253.6103,disk5,25652648921088,51660679,459753000450712
253.6103,disk5w,225980416,35966,1254168700
253.6103,disk4,29916688315392,29966953,342641021040604
253.6103,disk4w,1447521736704,1489953,590221765111
253.6103,disk8,42292132587520,68727194,715390440707125
253.6103,disk8w,4128768,601,984243925
253.6103,ram,494190592,64543473664,276993
253.6103,cpu,14870659,21362595,513816284
253.6103,gpu,0,0,0
253.8070,disk0,878157616947200,1970695160,12432872275194581
253.8070,disk0w,1977601839104,18767213,1160247295354
253.8070,disk5,25653304461312,51662015,459758476817657
253.8070,disk5w,225980416,35966,1254168700
253.8070,disk4,29917099963392,29967375,342641785420083
253.8070,disk4w,1447521736704,1489953,590221765111
253.8070,disk8,42293225498624,68728930,715403259335974
253.8070,disk8w,4128768,601,984243925
253.8070,ram,490995712,64396214272,276993
253.8070,cpu,14870674,21362691,513817885
253.8070,gpu,0,0,0
254.0027,disk0,878159673167872,1970700242,12432882981934922
254.0027,disk0w,1977601839104,18767213,1160247295354
254.0027,disk5,25653960771584,51663362,459761978650049
254.0027,disk5w,225980416,35966,1254168700
254.0027,disk4,29917574181888,29967861,342642324675793
254.0027,disk4w,1447521736704,1489953,590221765111
254.0027,disk8,42294529370112,68730638,715415896240813
254.0027,disk8w,4128768,601,984243925
254.0027,ram,490995712,64396214272,276993
254.0027,cpu,14870674,21362691,513817885
254.0027,gpu,0,0,0
254.2023,disk0,878161962811392,1970704430,12432893981425905
254.2023,disk0w,1977601839104,18767213,1160247295354
254.2023,disk5,25654940936192,51665371,459770451990057
254.2023,disk5w,225980416,35966,1254168700
254.2023,disk4,29918188909568,29968491,342643099054695
254.2023,disk4w,1447521736704,1489953,590221765111
254.2023,disk8,42295686260736,68732379,715423190903823
254.2023,disk8w,4128768,601,984243925
254.2023,ram,490995712,64396214272,276993
254.2023,cpu,14870674,21362691,513817885
254.2023,gpu,0,0,0
254.4103,disk0,878164097724416,1970708755,12432906461808931
254.4103,disk0w,1977601839104,18767213,1160247295354
254.4103,disk5,25655814924288,51667164,459777060833747
254.4103,disk5w,225980416,35966,1254168700
254.4103,disk4,29918742164480,29969058,342643880957540
254.4103,disk4w,1447521736704,1489953,590221765111
254.4103,disk8,42296911734784,68734201,715433029841223
254.4103,disk8w,4128768,601,984243925
254.4103,ram,490995712,64396214272,276993
254.4103,cpu,14870674,21362691,513817885
254.4103,gpu,0,0,0
254.6103,disk0,878165995819008,1970712785,12432915140080078
254.6103,disk0w,1977601839104,18767213,1160247295354
254.6103,disk5,25656618665984,51668745,459783139262513
254.6103,disk5w,225980416,35966,1254168700
254.6103,disk4,29919270122496,29969599,342644551794157
254.6103,disk4w,1447521736704,1489953,590221765111
254.6103,disk8,42298257565696,68736657,715449385024869
254.6103,disk8w,4128768,601,984243925
254.6103,ram,490995712,64396214272,276993
254.6103,cpu,14870674,21362691,513817885
254.6103,gpu,29,0,0
254.8084,disk0,878168042229760,1970717126,12432927261797594
254.8084,disk0w,1977601839104,18767213,1160247295354
254.8084,disk5,25657355651072,51670192,459787796211834
254.8084,disk5w,225980416,35966,1254168700
254.8084,disk4,29919839892480,29970183,342645208666675
254.8084,disk4w,1447521736704,1489953,590221765111
254.8084,disk8,42299577837568,68739204,715464062549706
254.8084,disk8w,4128768,601,984243925
254.8084,ram,494305280,64528711680,276993
254.8084,cpu,14870700,21362813,513819446
254.8084,gpu,0,0,0
255.0024,disk0,878169890508800,1970721578,12432937260011517
255.0024,disk0w,1977601839104,18767213,1160247295354
255.0024,disk5,25658026510336,51671518,459791622364069
255.0024,disk5w,225980416,35966,1254168700
255.0024,disk4,29920235074560,29970588,342645635995782
255.0024,disk4w,1447521736704,1489953,590221765111
255.0024,disk8,42300823070720,68741450,715479467580923
255.0024,disk8w,4128768,601,984243925
255.0024,ram,494305280,64528711680,276993
255.0024,cpu,14870700,21362813,513819446
255.0024,gpu,0,0,0
255.2103,disk0,878171934904320,1970726672,12432947798296462
255.2103,disk0w,1977601839104,18767213,1160247295354
255.2103,disk5,25658715572224,51672881,459795217645615
255.2103,disk5w,225980416,35966,1254168700
255.2103,disk4,29920790426624,29971157,342646347712387
255.2103,disk4w,1447521736704,1489953,590221765111
255.2103,disk8,42302226049024,68744277,715499249736872
255.2103,disk8w,4128768,601,984243925
255.2103,ram,494305280,64528711680,276993
255.2103,cpu,14870700,21362813,513819446
255.2103,gpu,0,0,0
255.4103,disk0,878173902360576,1970732451,12432959458970498
255.4103,disk0w,1977601839104,18767213,1160247295354
255.4103,disk5,25659429103616,51674342,459800772120580
255.4103,disk5w,225980416,35966,1254168700
255.4103,disk4,29921297626112,29971677,342647431055836
255.4103,disk4w,1447521736704,1489953,590221765111
255.4103,disk8,42303318861824,68746025,715510011806126
255.4103,disk8w,4128768,601,984243925
255.4103,ram,494305280,64528711680,276993
255.4103,cpu,14870700,21362813,513819446
255.4103,gpu,0,0,0
255.6032,disk0,878176132059136,1970736374,12432970838910003
255.6032,disk0w,1977601839104,18767213,1160247295354
255.6032,disk5,25660279900160,51676085,459807254158463
255.6032,disk5w,225980416,35966,1254168700
255.6032,disk4,29921754280960,29972145,342647942605757
255.6032,disk4w,1447521736704,1489953,590221765111
255.6032,disk8,42304499542016,68747439,715517339543210
255.6032,disk8w,4128768,601,984243925
255.6032,ram,494305280,64528711680,276993
255.6032,cpu,14870700,21362813,513819446
255.6032,gpu,0,0,0
255.8103,disk0,878178566672384,1970740837,12432985547800806
255.8103,disk0w,1977601839104,18767213,1160247295354
255.8103,disk5,25661095331840,51677755,459813047079146
255.8103,disk5w,225980416,35966,1254168700
255.8103,disk4,29922360226816,29972766,342648852860015
255.8103,disk4w,1447521736704,1489953,590221765111
255.8103,disk8,42305728997376,68749304,715525855300551
255.8103,disk8w,4128768,601,984243925
255.8103,ram,503824384,64649084928,276993
255.8103,cpu,14870719,21362922,513821246
255.8103,gpu,0,0,0
256.0063,disk0,878180642115584,1970744713,12432996866696218
256.0063,disk0w,1977601839104,18767213,1160247295354
256.0063,disk5,25661759129600,51679113,459818001635197
256.0063,disk5w,225980416,35966,1254168700
256.0063,disk4,29922957390848,29973378,342649660704631
256.0063,disk4w,1447521736704,1489953,590221765111
256.0063,disk8,42307020498944,68751380,715537792736196
256.0063,disk8w,4128768,601,984243925
256.0063,ram,503824384,64649084928,276993
256.0063,cpu,14870719,21362922,513821246
256.0063,gpu,0,0,0
256.2098,disk0,878182910922752,1970749286,12433011838110389
256.2098,disk0w,1977601839104,18767213,1160247295354
256.2098,disk5,25662242588672,51680050,459820495091415
256.2098,disk5w,225980416,35966,1254168700
256.2098,disk4,29923475518464,29973909,342650380541884
256.2098,disk4w,1447521736704,1489953,590221765111
256.2098,disk8,42308257261568,68754001,715553756641947
256.2098,disk8w,4128768,601,984243925
256.2098,ram,503824384,64649084928,276993
256.2098,cpu,14870719,21362922,513821246
256.2098,gpu,0,0,0
256.4103,disk0,878185339326464,1970754482,12433031257751682
256.4103,disk0w,1977601839104,18767213,1160247295354
256.4103,disk5,25662896031744,51681342,459823817346186
256.4103,disk5w,225980416,35966,1254168700
256.4103,disk4,29924028773376,29974476,342651023429871
256.4103,disk4w,1447521736704,1489953,590221765111
256.4103,disk8,42309453408256,68756339,715563660778610
256.4103,disk8w,4128768,601,984243925
256.4103,ram,503824384,64649084928,276993
256.4103,cpu,14870719,21362922,513821246
256.4103,gpu,0,0,0
256.6103,disk0,878187587944448,1970760972,12433045561055816
256.6103,disk0w,1977601839104,18767213,1160247295354
256.6103,disk5,25663751653376,51683034,459830808521378
256.6103,disk5w,225980416,35966,1254168700
256.6103,disk4,29924519113728,29974978,342651665076163
256.6103,disk4w,1447521736704,1489953,590221765111
256.6103,disk8,42310729197568,68758623,715575884337334
256.6103,disk8w,4128768,601,984243925
256.6103,ram,503824384,64649084928,276993
256.6103,cpu,14870719,21362922,513821246
256.6103,gpu,0,0,0
256.8103,disk0,878189416857600,1970764334,12433057324387187
256.8103,disk0w,1977601839104,18767213,1160247295354
256.8103,disk5,25664259762176,51684044,459833731738001
256.8103,disk5w,225980416,35966,1254168700
256.8103,disk4,29924977144832,29975448,342652638624052
256.8103,disk4w,1447521736704,1489953,590221765111
256.8103,disk8,42311897802752,68760875,715590806287067
256.8103,disk8w,4128768,601,984243925
256.8103,ram,501923840,63049351168,276993
256.8103,cpu,14870734,21363026,513822912
256.8103,gpu,0,0,0
257.0103,disk0,878191402139648,1970771872,12433067886192718
257.0103,disk0w,1977601839104,18767213,1160247295354
257.0103,disk5,25665058031616,51685680,459840628401122
257.0103,disk5w,225980416,35966,1254168700
257.0103,disk4,29925539181568,29976024,342653299949734
257.0103,disk4w,1447521736704,1489953,590221765111
257.0103,disk8,42313233819648,68762767,715601883535315
257.0103,disk8w,4128768,601,984243925
257.0103,ram,501923840,63049351168,276993
257.0103,cpu,14870734,21363026,513822912
257.0103,gpu,0,0,0
257.2103,disk0,878193574133760,1970775350,12433077232942855
257.2103,disk0w,1977601839104,18767213,1160247295354
257.2103,disk5,25665894008832,51687395,459847539740800
257.2103,disk5w,225980416,35966,1254168700
257.2103,disk4,29926039745536,29976537,342653858100483
257.2103,disk4w,1447521736704,1489953,590221765111
257.2103,disk8,42314466945024,68764342,715611461138416
257.2103,disk8w,4128768,601,984243925
257.2103,ram,501923840,63049351168,276993
257.2103,cpu,14870734,21363026,513822912
257.2103,gpu,0,0,0
257.4064,disk0,878195641335808,1970779308,12433085627421078
257.4064,disk0w,1977601839104,18767213,1160247295354
257.4064,disk5,25666646968320,51688939,459852123858751
257.4064,disk5w,225980416,35966,1254168700
257.4064,disk4,29926584218624,29977095,342654605483512
257.4064,disk4w,1447521736704,1489953,590221765111
257.4064,disk8,42315794917376,68766346,715623993841653
257.4064,disk8w,4128768,601,984243925
257.4064,ram,501923840,63049351168,276993
257.4064,cpu,14870734,21363026,513822912
257.4064,gpu,0,0,0
257.6099,disk0,878197989457920,1970784400,12433099924493524
257.6099,disk0w,1977601839104,18767213,1160247295354
257.6099,disk5,25667543975936,51690730,459858959494805
257.6099,disk5w,225980416,35966,1254168700
257.6099,disk4,29927111128064,29977635,342655241083325
257.6099,disk4w,1447521736704,1489953,590221765111
257.6099,disk8,42317030451200,68768426,715634979184549
257.6099,disk8w,4128768,601,984243925
257.6099,ram,501923840,63049351168,276993
257.6099,cpu,14870734,21363026,513822912
257.6099,gpu,0,0,0
257.8103,disk0,878199732453376,1970788120,12433107488816757
257.8103,disk0w,1977601839104,18767213,1160247295354
257.8103,disk5,25668194797568,51692001,459862480126097
257.8103,disk5w,225980416,35966,1254168700
257.8103,disk4,29927646819328,29978184,342656069473933
257.8103,disk4w,1447521736704,1489953,590221765111
257.8103,disk8,42318438868992,68771288,715656891642335
257.8103,disk8w,4128768,601,984243925
257.8103,ram,503562240,64739311616,276993
257.8103,cpu,14870749,21363122,513824513
257.8103,gpu,26,0,0
258.0019,disk0,878201786527744,1970792473,12433119976036855
258.0019,disk0w,1977601839104,18767213,1160247295354
258.0019,disk5,25668866705408,51693327,459865921261427
258.0019,disk5w,225980416,35966,1254168700
258.0019,disk4,29928112256000,29978661,342656590232093
258.0019,disk4w,1447521736704,1489953,590221765111
258.0019,disk8,42319640012800,68773502,715671539267634
258.0019,disk8w,4128768,601,984243925
258.0019,ram,503562240,64739311616,276993
258.0019,cpu,14870749,21363122,513824513
258.0019,gpu,0,0,0
258.2103,disk0,878203905183744,1970798554,12433132879489100
258.2103,disk0w,1977601900544,18767224,1160247485518
258.2103,disk5,25669463312384,51694503,459868642922768
258.2103,disk5w,225980416,35966,1254168700
258.2103,disk4,29928656729088,29979219,342657229579571
258.2103,disk4w,1447521736704,1489953,590221765111
258.2103,disk8,42321059162112,68776162,715690217773853
258.2103,disk8w,4128768,601,984243925
258.2103,ram,503562240,64739311616,276993
258.2103,cpu,14870749,21363122,513824513
258.2103,gpu,0,0,0
258.4095,disk0,878205371244544,1970801706,12433141602803262
258.4095,disk0w,1977601900544,18767224,1160247485518
258.4095,disk5,25670086240256,51695773,459874892301710
258.4095,disk5w,225980416,35966,1254168700
258.4095,disk4,29929078207488,29979651,342657950779931
258.4095,disk4w,1447521736704,1489953,590221765111
258.4095,disk8,42322206550016,68778214,715705962784506
258.4095,disk8w,4128768,601,984243925
258.4095,ram,503562240,64739311616,276993
258.4095,cpu,14870749,21363122,513824513
258.4095,gpu,0,0,0
258.6071,disk0,878207550435328,1970809753,12433158431951264
258.6071,disk0w,1977601900544,18767224,1160247485518
258.6071,disk5,25670814451712,51697267,459880941880134
258.6071,disk5w,225980416,35966,1254168700
258.6071,disk4,29929517298688,29980101,342658469067699
258.6071,disk4w,1447521736704,1489953,590221765111
258.6071,disk8,42323326658560,68779676,715711648544694
258.6071,disk8w,4128768,601,984243925
258.6071,ram,503562240,64739311616,276993
258.6071,cpu,14870749,21363122,513824513
258.6071,gpu,0,0,0
258.8043,disk0,878209701560320,1970813341,12433168122043334
258.8043,disk0w,1977601904640,18767225,1160247506768
258.8043,disk5,25671673604096,51699028,459887189379541
258.8043,disk5w,225980416,35966,1254168700
258.8043,disk4,29930088117248,29980686,342659118418299
258.8043,disk4w,1447521736704,1489953,590221765111
258.8043,disk8,42324540254208,68781493,715722686944348
258.8043,disk8w,4128768,601,984243925
258.8043,ram,272236544,64785137664,276993
258.8043,cpu,14870880,21363268,513826089
258.8043,gpu,0,0,0
259.0086,disk0,878211926704128,1970817927,12433179321071231
259.0086,disk0w,1977601904640,18767225,1160247506768
259.0086,disk5,25672543774720,51700813,459893953604642
259.0086,disk5w,225980416,35966,1254168700
259.0086,disk4,29930670863360,29981283,342659850266388
259.0086,disk4w,1447521736704,1489953,590221765111
259.0086,disk8,42325843929088,68783422,715733128569012
259.0086,disk8w,4128768,601,984243925
259.0086,ram,272236544,64785137664,276993
259.0086,cpu,14870880,21363268,513826089
259.0086,gpu,0,0,0
259.2071,disk0,878213861232640,1970822000,12433186810243820
259.2071,disk0w,1977601908736,18767226,1160247523893
259.2071,disk5,25673253521408,51702203,459897842082212
259.2071,disk5w,225980416,35966,1254168700
259.2071,disk4,29931203408896,29981829,342660518040793
259.2071,disk4w,1447521736704,1489953,590221765111
259.2071,disk8,42327223592960,68785738,715750989980932
259.2071,disk8w,4128768,601,984243925
259.2071,ram,272236544,64785137664,276993
259.2071,cpu,14870880,21363268,513826089
259.2071,gpu,0,0,0
259.4103,disk0,878215923724288,1970826507,12433199809354692
259.4103,disk0w,1977601912832,18767227,1160247555184
259.4103,disk5,25674047481856,51703768,459902607241362
259.4103,disk5w,225980416,35966,1254168700
259.4103,disk4,29931801621504,29982442,342661266345709
259.4103,disk4w,1447521736704,1489953,590221765111
259.4103,disk8,42328553072640,68788251,715766702691100
259.4103,disk8w,4128768,601,984243925
259.4103,ram,272236544,64785137664,276993
259.4103,cpu,14870880,21363268,513826089
259.4103,gpu,30,0,0
259.6050,disk0,878217716756480,1970831122,12433208388607769
259.6050,disk0w,1977601912832,18767227,1160247555184
259.6050,disk5,25674758670336,51705171,459908750742623
259.6050,disk5w,225980416,35966,1254168700
259.6050,disk4,29932380173312,29983035,342662067075713
259.6050,disk4w,1447521736704,1489953,590221765111
259.6050,disk8,42329821145088,68790399,715781319039828
259.6050,disk8w,4128768,601,984243925
259.6050,ram,272236544,64785137664,276993
259.6050,cpu,14870880,21363268,513826089
259.6050,gpu,0,0,0
259.8103,disk0,878219625562112,1970840004,12433219973909625
259.8103,disk0w,1977601916928,18767228,1160247575809
259.8103,disk5,25675482023936,51706600,459915421774431
259.8103,disk5w,225980416,35966,1254168700
259.8103,disk4,29932956234752,29983625,342662890455808
259.8103,disk4w,1447521736704,1489953,590221765111
259.8103,disk8,42331101427712,68792941,715797017444827
259.8103,disk8w,4128768,601,984243925
259.8103,ram,380518400,63212077056,276993
259.8103,cpu,14871025,21363432,513827490
259.8103,gpu,0,0,0
260.0014,disk0,878221209554944,1970843216,12433229359144481
260.0014,disk0w,1977601916928,18767228,1160247575809
260.0014,disk5,25676122507264,51707911,459924197316169
260.0014,disk5w,225980416,35966,1254168700
260.0014,disk4,29933311030272,29983989,342663306910947
260.0014,disk4w,1447521736704,1489953,590221765111
260.0014,disk8,42332014639104,68794434,715804930171898
260.0014,disk8w,4128768,601,984243925
260.0014,ram,380518400,63212077056,276993
260.0014,cpu,14871025,21363432,513827490
260.0014,gpu,0,0,0
260.2006,disk0,878223160991744,1970847256,12433238932175151
260.2006,disk0w,1977601916928,18767228,1160247575809
260.2006,disk5,25676789303296,51709278,459928364329356
260.2006,disk5w,225980416,35966,1254168700
260.2006,disk4,29933881848832,29984574,342664065287377
260.2006,disk4w,1447521736704,1489953,590221765111
260.2006,disk8,42333369268224,68796194,715817401302277
260.2006,disk8w,4128768,601,984243925
260.2006,ram,380518400,63212077056,276993
260.2006,cpu,14871025,21363432,513827490
260.2006,gpu,0,0,0
260.4103,disk0,878225147191296,1970850786,12433246549389544
260.4103,disk0w,1977601916928,18767228,1160247575809
260.4103,disk5,25677721929728,51711189,459938453695373
260.4103,disk5w,225980416,35966,1254168700
260.4103,disk4,29934408758272,29985114,342664632719577
260.4103,disk4w,1447521736704,1489953,590221765111
260.4103,disk8,42334723635200,68798126,715828813965755
260.4103,disk8w,4128768,601,984243925
260.4103,ram,380518400,63212077056,276993
260.4103,cpu,14871025,21363432,513827490
260.4103,gpu,0,0,0
260.6103,disk0,878227380695040,1970855350,12433258554950087
260.6103,disk0w,1977601916928,18767228,1160247575809
260.6103,disk5,25678486808576,51712757,459944786339700
260.6103,disk5w,225980416,35966,1254168700
260.6103,disk4,29934909322240,29985627,342665179345401
260.6103,disk4w,1447521736704,1489953,590221765111
260.6103,disk8,42335918716928,68799984,715839435307574
260.6103,disk8w,4128768,601,984243925
260.6103,ram,380518400,63212077056,276993
260.6103,cpu,14871025,21363432,513827490
260.6103,gpu,31,0,0
260.8103,disk0,878229293084672,1970859587,12433266523744965
260.8103,disk0w,1977601941504,18767230,1160247642975
260.8103,disk5,25679308523520,51714370,459952258652459
260.8103,disk5w,225980416,35966,1254168700
260.8103,disk4,29935418668032,29986149,342665732832598
260.8103,disk4w,1447521736704,1489953,590221765111
260.8103,disk8,42337273001984,68802161,715853403168980
260.8103,disk8w,4128768,601,984243925
260.8103,ram,383729664,64673382400,276993
260.8103,cpu,14871156,21363561,513829013
260.8103,gpu,0,0,0
261.0103,disk0,878231301926912,1970864021,12433274004020635
261.0103,disk0w,1977601941504,18767230,1160247642975
261.0103,disk5,25680114518016,51715951,459956789215772
261.0103,disk5w,225980416,35966,1254168700
261.0103,disk4,29936010195968,29986755,342666565759740
261.0103,disk4w,1447521736704,1489953,590221765111
261.0103,disk8,42338654763008,68804651,715871100056864
261.0103,disk8w,4128768,601,984243925
261.0103,ram,383729664,64673382400,276993
261.0103,cpu,14871156,21363561,513829013
261.0103,gpu,0,0,0
261.2103,disk0,878233161707520,1970868682,12433282261489163
261.2103,disk0w,1977601941504,18767230,1160247642975
261.2103,disk5,25680830957568,51717368,459961103085466
261.2103,disk5w,225980416,35966,1254168700
261.2103,disk4,29936487560192,29987244,342667227509911
261.2103,disk4w,1447521736704,1489953,590221765111
261.2103,disk8,42340043995136,68807111,715889239683674
261.2103,disk8w,4128768,601,984243925
261.2103,ram,383729664,64673382400,276993
261.2103,cpu,14871156,21363561,513829013
261.2103,gpu,25,1,0
261.4103,disk0,878235379625984,1970875623,12433294844639376
261.4103,disk0w,1977601941504,18767230,1160247642975
261.4103,disk5,25681725196288,51719136,459968928462519
261.4103,disk5w,225980416,35966,1254168700
261.4103,disk4,29937102287872,29987874,342668069521783
261.4103,disk4w,1447521736704,1489953,590221765111
261.4103,disk8,42341348804608,68809597,715901253632485
261.4103,disk8w,4128768,601,984243925
261.4103,ram,383729664,64673382400,276993
261.4103,cpu,14871156,21363561,513829013
261.4103,gpu,0,0,0
261.6076,disk0,878236933832704,1970882416,12433305535116046
261.6076,disk0w,1977601941504,18767230,1160247642975
261.6076,disk5,25682524932096,51720770,459978634263954
261.6076,disk5w,225980416,35966,1254168700
261.6076,disk4,29937587696640,29988372,342669483603361
261.6076,disk4w,1447521736704,1489953,590221765111
261.6076,disk8,42342460819456,68811353,715911086713703
261.6076,disk8w,4128768,601,984243925
261.6076,ram,383729664,64673382400,276993
261.6076,cpu,14871156,21363561,513829013
261.6076,gpu,0,0,0
261.8103,disk0,878239137398784,1970886229,12433315742217442
261.8103,disk0w,1977601941504,18767230,1160247642975
261.8103,disk5,25683369535488,51722502,459984344083678
261.8103,disk5w,225980416,35966,1254168700
261.8103,disk4,29938202424320,29989002,342670283862617
261.8103,disk4w,1447521736704,1489953,590221765111
261.8103,disk8,42343845595136,68812967,715920778389896
261.8103,disk8w,4128768,601,984243925
261.8103,ram,381714432,64768966656,276993
261.8103,cpu,14871176,21363669,513830737
261.8103,gpu,0,0,0
262.0035,disk0,878241008664576,1970889929,12433323828595223
262.0035,disk0w,1977601941504,18767230,1160247642975
262.0035,disk5,25684281092096,51724370,459994801644925
262.0035,disk5w,225980416,35966,1254168700
262.0035,disk4,29938887406592,29989704,342671147109632
262.0035,disk4w,1447521736704,1489953,590221765111
262.0035,disk8,42345108654080,68814821,715929777532535
262.0035,disk8w,4128768,601,984243925
262.0035,ram,381714432,64768966656,276993
262.0035,cpu,14871176,21363669,513830737
262.0035,gpu,32,0,0
262.2103,disk0,878243083255808,1970894114,12433332652344924
262.2103,disk0w,1977601941504,18767230,1160247642975
262.2103,disk5,25685208041472,51726272,460002804353626
262.2103,disk5w,225980416,35966,1254168700
262.2103,disk4,29939502134272,29990334,342671813001671
262.2103,disk4w,1447521736704,1489953,590221765111
262.2103,disk8,42346510125056,68816931,715943699340926
262.2103,disk8w,4128768,601,984243925
262.2103,ram,381714432,64768966656,276993
262.2103,cpu,14871176,21363669,513830737
262.2103,gpu,0,0,0
262.4077,disk0,878245285199872,1970898685,12433344868519181
262.4077,disk0w,1977601941504,18767230,1160247642975
262.4077,disk5,25685922662400,51727664,460008436632609
262.4077,disk5w,225980416,35966,1254168700
262.4077,disk4,29940020261888,29990865,342672519636667
262.4077,disk4w,1447521736704,1489953,590221765111
262.4077,disk8,42347763746816,68819405,715958379859876
262.4077,disk8w,4128768,601,984243925
262.4077,ram,381714432,64768966656,276993
262.4077,cpu,14871176,21363669,513830737
262.4077,gpu,26,0,0
262.6103,disk0,878247545389056,1970903465,12433360262120109
262.6103,disk0w,1977601941504,18767230,1160247642975
262.6103,disk5,25686845474816,51729484,460015824082325
262.6103,disk5w,225980416,35966,1254168700
262.6103,disk4,29940459353088,29991315,342673076329438
262.6103,disk4w,1447521736704,1489953,590221765111
262.6103,disk8,42348960434176,68821685,715969198079337
262.6103,disk8w,4128768,601,984243925
262.6103,ram,381714432,64768966656,276993
262.6103,cpu,14871176,21363669,513830737
262.6103,gpu,0,0,0
262.8062,disk0,878249559658496,1970909297,12433371651932072
262.8062,disk0w,1977601941504,18767230,1160247642975
262.8062,disk5,25687750215680,51731272,460022083133837
262.8062,disk5w,225980416,35966,1254168700
262.8062,disk4,29941065298944,29991936,342673901719355
262.8062,disk4w,1447521736704,1489953,590221765111
262.8062,disk8,42350278690816,68823817,715981245317554
262.8062,disk8w,4128768,601,984243925
262.8062,ram,378535936,63347245056,276993
262.8062,cpu,14871192,21363770,513832403
262.8062,gpu,0,0,0
263.0059,disk0,878251645423616,1970913370,12433381703423725
263.0059,disk0w,1977601941504,18767230,1160247642975
263.0059,disk5,25688493344768,51732748,460027460976895
263.0059,disk5w,225980416,35966,1254168700
263.0059,disk4,29941539517440,29992422,342674444799994
263.0059,disk4w,1447522342912,1490005,590223803968
263.0059,disk8,42351406942208,68826101,715994539599925
263.0059,disk8w,4128768,601,984243925
263.0059,ram,378535936,63347245056,276993
263.0059,cpu,14871192,21363770,513832403
263.0059,gpu,0,0,0
263.2103,disk0,878253665255424,1970917347,12433392380041664
263.2103,disk0w,1977607376896,18767706,1160257712444
263.2103,disk5,25689370707968,51734547,460034431450050
263.2103,disk5w,225980416,35966,1254168700
263.2103,disk4,29942070588416,29992966,342675267646447
263.2103,disk4w,1447522342912,1490005,590223803968
263.2103,disk8,42352611952640,68827935,716005326361867
263.2103,disk8w,4128768,601,984243925
263.2103,ram,378535936,63347245056,276993
263.2103,cpu,14871192,21363770,513832403
263.2103,gpu,0,0,0
263.4103,disk0,878255433990144,1970920289,12433399656773727
263.4103,disk0w,1977607376896,18767706,1160257712444
263.4103,disk5,25690107168768,51736057,460041487625132
263.4103,disk5w,225980416,35966,1254168700
263.4103,disk4,29942623843328,29993533,342675904892338
263.4103,disk4w,1447522342912,1490005,590223803968
263.4103,disk8,42353976035328,68829521,716015524810344
263.4103,disk8w,4128768,601,984243925
263.4103,ram,378535936,63347245056,276993
263.4103,cpu,14871192,21363770,513832403
263.4103,gpu,0,0,0
263.6015,disk0,878257463812096,1970924374,12433408500341777
263.6015,disk0w,1977607376896,18767706,1160257712444
263.6015,disk5,25690886555648,51737655,460046698473142
263.6015,disk5w,225980416,35966,1254168700
263.6015,disk4,29943190467584,29994114,342676665129392
263.6015,disk4w,1447522342912,1490005,590223803968
263.6015,disk8,42355290343424,68831387,716027106353087
263.6015,disk8w,4128768,601,984243925
263.6015,ram,378535936,63347245056,276993
263.6015,cpu,14871192,21363770,513832403
263.6015,gpu,0,0,0
263.8103,disk0,878259548004352,1970928721,12433417626644765
263.8103,disk0w,1977607376896,18767706,1160257712444
263.8103,disk5,25691787659264,51739489,460053939035241
263.8103,disk5w,225980416,35966,1254168700
263.8103,disk4,29943717377024,29994654,342677251650245
263.8103,disk4w,1447522342912,1490005,590223803968
263.8103,disk8,42356700776448,68833577,716041068257276
263.8103,disk8w,4128768,601,984243925
263.8103,ram,377176064,64664207360,276993
263.8103,cpu,14871233,21363902,513834015
263.8103,gpu,0,0,0
264.0095,disk0,878261565153280,1970933224,12433426069889309
264.0095,disk0w,1977607376896,18767706,1160257712444
264.0095,disk5,25692691204096,51741241,460061241171169
264.0095,disk5w,225980416,35966,1254168700
264.0095,disk4,29944217940992,29995167,342677839210328
264.0095,disk4w,1447522342912,1490005,590223803968
264.0095,disk8,42358024570880,68836081,716056541201111
264.0095,disk8w,4128768,601,984243925
264.0095,ram,377176064,64664207360,276993
264.0095,cpu,14871233,21363902,513834015
264.0095,gpu,0,0,0
264.2102,disk0,878263340380160,1970937121,12433432460487787
264.2102,disk0w,1977607376896,18767706,1160257712444
264.2102,disk5,25693380265984,51742600,460065238651012
264.2102,disk5w,225980416,35966,1254168700
264.2102,disk4,29944727286784,29995689,342678485970445
264.2102,disk4w,1447522342912,1490005,590223803968
264.2102,disk8,42359379576832,68838487,716075080126473
264.2102,disk8w,4128768,601,984243925
264.2102,ram,377176064,64664207360,276993
264.2102,cpu,14871233,21363902,513834015
264.2102,gpu,0,0,0
264.4103,disk0,878265225125888,1970944471,12433444230897741
264.4103,disk0w,1977607376896,18767706,1160257712444
264.4103,disk5,25694064609280,51743950,460069653415330
264.4103,disk5w,225980416,35966,1254168700
264.4103,disk4,29945236632576,29996211,342679133129901
264.4103,disk4w,1447522342912,1490005,590223803968
264.4103,disk8,42360768546816,68840817,716091437339622
264.4103,disk8w,4128768,601,984243925
264.4103,ram,377176064,64664207360,276993
264.4103,cpu,14871233,21363902,513834015
264.4103,gpu,0,0,0
264.6020,disk0,878266700734464,1970947074,12433450893678348
264.6020,disk0w,1977607376896,18767706,1160257712444
264.6020,disk5,25694642079744,51745099,460073529596634
264.6020,disk5w,225980416,35966,1254168700
264.6020,disk4,29945610318848,29996593,342679684302645
264.6020,disk4w,1447522342912,1490005,590223803968
264.6020,disk8,42361825986560,68842988,716104692596749
264.6020,disk8w,4128768,601,984243925
264.6020,ram,377176064,64664207360,276993
264.6020,cpu,14871233,21363902,513834015
264.6020,gpu,0,0,0
264.8103,disk0,878268839452672,1970951194,12433463803620266
264.8103,disk0w,1977607376896,18767706,1160257712444
264.8103,disk5,25695433295872,51746720,460079604614557
264.8103,disk5w,225980416,35966,1254168700
264.8103,disk4,29946123547648,29997120,342680615689846
264.8103,disk4w,1447522342912,1490005,590223803968
264.8103,disk8,42363125319680,68844897,716117720821261
264.8103,disk8w,4128768,601,984243925
264.8103,ram,383565824,64932003840,276993
264.8103,cpu,14871260,21364037,513835777
264.8103,gpu,0,0,0
265.0103,disk0,878270759788544,1970954461,12433472257726759
265.0103,disk0w,1977607376896,18767706,1160257712444
265.0103,disk5,25696047450112,51747980,460083679812254
265.0103,disk5w,225980416,35966,1254168700
265.0103,disk4,29946571420672,29997579,342681105170238
265.0103,disk4w,1447522342912,1490005,590223803968
265.0103,disk8,42364491745280,68846542,716130065657926
265.0103,disk8w,4128768,601,984243925
265.0103,ram,383565824,64932003840,276993
265.0103,cpu,14871260,21364037,513835777
265.0103,gpu,0,0,0
265.2099,disk0,878272453632000,1970957764,12433478391846104
265.2099,disk0w,1977607376896,18767706,1160257712444
265.2099,disk5,25696889718784,51749708,460091026094879
265.2099,disk5w,225980416,35966,1254168700
265.2099,disk4,29947222324224,29998246,342681988222225
265.2099,disk4w,1447522342912,1490005,590223803968
265.2099,disk8,42365868918784,68848724,716144826448896
265.2099,disk8w,4128768,601,984243925
265.2099,ram,383565824,64932003840,276993
265.2099,cpu,14871260,21364037,513835777
265.2099,gpu,0,0,0
265.4027,disk0,878274368413696,1970962021,12433487354313925
265.4027,disk0w,1977607376896,18767706,1160257712444
265.4027,disk5,25697722304512,51751405,460098165374117
265.4027,disk5w,225980416,35966,1254168700
265.4027,disk4,29947634021376,29998668,342682429999789
265.4027,disk4w,1447522342912,1490005,590223803968
265.4027,disk8,42367135680512,68850603,716156261673563
265.4027,disk8w,4128768,601,984243925
265.4027,ram,383565824,64932003840,276993
265.4027,cpu,14871260,21364037,513835777
265.4027,gpu,0,0,0
265.6103,disk0,878276293881856,1970966273,12433497270160888
265.6103,disk0w,1977607376896,18767706,1160257712444
265.6103,disk5,25698567587840,51753043,460106027744822
265.6103,disk5w,225980416,35966,1254168700
265.6103,disk4,29948074161152,29999119,342682986013884
265.6103,disk4w,1447522342912,1490005,590223803968
265.6103,disk8,42368486639616,68853142,716172074392822
265.6103,disk8w,4128768,601,984243925
265.6103,ram,383565824,64932003840,276993
265.6103,cpu,14871260,21364037,513835777
265.6103,gpu,0,0,0
265.8006,disk0,878278521937920,1970971081,12433510433912782
265.8006,disk0w,1977607376896,18767706,1160257712444
265.8006,disk5,25699170863104,51754235,460109242463438
265.8006,disk5w,225980416,35966,1254168700
265.8006,disk4,29948696622080,29999757,342683809397128
265.8006,disk4w,1447522342912,1490005,590223803968
265.8006,disk8,42369715816448,68855487,716186595993828
265.8006,disk8w,4128768,601,984243925
265.8006,ram,377405440,63127617536,276993
265.8006,cpu,14871276,21364127,513837311
265.8006,gpu,0,0,0
266.0103,disk0,878280331354112,1970977729,12433524244443797
266.0103,disk0w,1977607393280,18767707,1160257743527
266.0103,disk5,25699837659136,51755553,460113185065872
266.0103,disk5w,225980416,35966,1254168700
266.0103,disk4,29949200331776,30000273,342684401646253
266.0103,disk4w,1447522342912,1490005,590223803968
266.0103,disk8,42371107080192,68857634,716201725242986
266.0103,disk8w,4128768,601,984243925
266.0103,ram,377405440,63127617536,276993
266.0103,cpu,14871276,21364127,513837311
266.0103,gpu,0,0,0
266.2103,disk0,878282107629568,1970980881,12433530622440999
266.2103,disk0w,1977607393280,18767707,1160257743527
266.2103,disk5,25700399171584,51756665,460115731247328
266.2103,disk5w,225980416,35966,1254168700
266.2103,disk4,29949627495424,30000711,342684876060031
266.2103,disk4w,1447522342912,1490005,590223803968
266.2103,disk8,42372478240768,68860371,716224973280294
266.2103,disk8w,4128768,601,984243925
266.2103,ram,377405440,63127617536,276993
266.2103,cpu,14871276,21364127,513837311
266.2103,gpu,0,0,0
266.4103,disk0,878283657818112,1970984809,12433537043281571
266.4103,disk0w,1977607393280,18767707,1160257743527
266.4103,disk5,25701008754688,51757911,460120987089441
266.4103,disk5w,225980416,35966,1254168700
266.4103,disk4,29950154306560,30001251,342686619092799
266.4103,disk4w,1447522342912,1490005,590223803968
266.4103,disk8,42373629790208,68862223,716239064112410
266.4103,disk8w,4128768,601,984243925
266.4103,ram,377405440,63127617536,276993
266.4103,cpu,14871276,21364127,513837311
266.4103,gpu,0,0,0
266.6057,disk0,878285182636032,1970987386,12433541613989412
266.6057,disk0w,1977607405568,18767709,1160257773693
266.6057,disk5,25701960878080,51759864,460132954266268
266.6057,disk5w,225980416,35966,1254168700
266.6057,disk4,29950540706816,30001647,342687104887452
266.6057,disk4w,1447522342912,1490005,590223803968
266.6057,disk8,42374864013312,68863904,716249582294521
266.6057,disk8w,4128768,601,984243925
266.6057,ram,377405440,63127617536,276993
266.6057,cpu,14871276,21364127,513837311
266.6057,gpu,0,0,0
266.8097,disk0,878287059357696,1970991072,12433548811477070
266.8097,disk0w,1977607405568,18767709,1160257773693
266.8097,disk5,25702869288960,51761725,460141966412016
266.8097,disk5w,225980416,35966,1254168700
266.8097,disk4,29951147701248,30002269,342687948934161
266.8097,disk4w,1447522342912,1490005,590223803968
266.8097,disk8,42376235943936,68865735,716261220662360
266.8097,disk8w,4128768,601,984243925
266.8097,ram,377782272,64579452928,276993
266.8097,cpu,14871297,21364230,513838971
266.8097,gpu,0,0,0
267.0103,disk0,878289113944064,1970995687,12433558492491918
267.0103,disk0w,1977607405568,18767709,1160257773693
267.0103,disk5,25703636649984,51763298,460146319195065
267.0103,disk5w,225980416,35966,1254168700
267.0103,disk4,29951631750144,30002765,342688537541623
267.0103,disk4w,1447522342912,1490005,590223803968
267.0103,disk8,42377645836288,68867897,716276885926663
267.0103,disk8w,4128768,601,984243925
267.0103,ram,377782272,64579452928,276993
267.0103,cpu,14871297,21364230,513838971
267.0103,gpu,0,0,0
267.2050,disk0,878291261886464,1971000214,12433568185855531
267.2050,disk0w,1977608622080,18767828,1160260634029
267.2050,disk5,25704373635072,51764747,460153793049070
267.2050,disk5w,225980416,35966,1254168700
267.2050,disk4,29952182907904,30003330,342689198240272
267.2050,disk4w,1447522342912,1490005,590223803968
267.2050,disk8,42378852468736,68869897,716289231302172
267.2050,disk8w,4128768,601,984243925
267.2050,ram,377782272,64579452928,276993
267.2050,cpu,14871297,21364230,513838971
267.2050,gpu,24,2,0
267.4036,disk0,878293340966912,1971004612,12433577907550913
267.4036,disk0w,1977608630272,18767830,1160260684778
267.4036,disk5,25705158019072,51766289,460158188523027
267.4036,disk5w,225980416,35966,1254168700
267.4036,disk4,29952771290112,30003933,342689836544373
267.4036,disk4w,1447522342912,1490005,590223803968
267.4036,disk8,42380187437056,68872470,716305561175643
267.4036,disk8w,4128768,601,984243925
267.4036,ram,377782272,64579452928,276993
267.4036,cpu,14871297,21364230,513838971
267.4036,gpu,0,0,0
267.6091,disk0,878295684337664,1971011878,12433597220741494
267.6091,disk0w,1977608630272,18767830,1160260684778
267.6091,disk5,25705777416192,51767515,460161744604325
267.6091,disk5w,225980416,35966,1254168700
267.6091,disk4,29953301345280,30004476,342690654150313
267.6091,disk4w,1447522342912,1490005,590223803968
267.6091,disk8,42381379405824,68874461,716314484973743
267.6091,disk8w,4128768,601,984243925
267.6091,ram,377782272,64579452928,276993
267.6091,cpu,14871297,21364230,513838971
267.6091,gpu,0,0,0
267.8018,disk0,878297806278656,1971015661,12433608658983318
267.8018,disk0w,1977608630272,18767830,1160260684778
267.8018,disk5,25706437019648,51768819,460165118185979
267.8018,disk5w,225980416,35966,1254168700
267.8018,disk4,29953749218304,30004935,342691305071033
267.8018,disk4w,1447522342912,1490005,590223803968
267.8018,disk8,42382606632960,68876814,716328589027047
267.8018,disk8w,4128768,601,984243925
267.8018,ram,379486208,63327174656,276993
267.8018,cpu,14871318,21364344,513840766
267.8018,gpu,0,0,0
268.0042,disk0,878299549765632,1971021014,12433619984777551
268.0042,disk0w,1977608630272,18767830,1160260684778
268.0042,disk5,25707084695552,51770143,460170421803677
268.0042,disk5w,225980416,35966,1254168700
268.0042,disk4,29954177397760,30005374,342691896342973
268.0042,disk4w,1447522342912,1490005,590223803968
268.0042,disk8,42383719958528,68878644,716340467048301
268.0042,disk8w,4128768,601,984243925
268.0042,ram,379486208,63327174656,276993
268.0042,cpu,14871318,21364344,513840766
268.0042,gpu,0,0,0
268.2103,disk0,878301633400832,1971024688,12433627674826819
268.2103,disk0w,1977608630272,18767830,1160260684778
268.2103,disk5,25707918870528,51771851,460178051120020
268.2103,disk5w,225980416,35966,1254168700
268.2103,disk4,29954659349504,30005868,342692414958939
268.2103,disk4w,1447522342912,1490005,590223803968
268.2103,disk8,42385136240640,68880422,716351970668412
268.2103,disk8w,4128768,601,984243925
268.2103,ram,379486208,63327174656,276993
268.2103,cpu,14871318,21364344,513840766
268.2103,gpu,0,0,0
268.4103,disk0,878303368024064,1971028196,12433633982531674
268.4103,disk0w,1977608630272,18767830,1160260684778
268.4103,disk5,25708748023808,51773551,460183948534914
268.4103,disk5w,225980416,35966,1254168700
268.4103,disk4,29955212604416,30006435,342693092933297
268.4103,disk4w,1447522342912,1490005,590223803968
268.4103,disk8,42386511284224,68882422,716366580871745
268.4103,disk8w,4128768,601,984243925
268.4103,ram,379486208,63327174656,276993
268.4103,cpu,14871318,21364344,513840766
268.4103,gpu,0,0,0
268.6096,disk0,878305376882688,1971032628,12433644792648252
268.6096,disk0w,1977608630272,18767830,1160260684778
268.6096,disk5,25709427263488,51774945,460188374409673
268.6096,disk5w,225980416,35966,1254168700
268.6096,disk4,29955721950208,30006957,342693762546285
268.6096,disk4w,1447522342912,1490005,590223803968
268.6096,disk8,42387894110208,68884364,716379476335059
268.6096,disk8w,4128768,601,984243925
268.6096,ram,379486208,63327174656,276993
268.6096,cpu,14871318,21364344,513840766
268.6096,gpu,0,0,0
268.8058,disk0,878306973421568,1971036025,12433649296023271
268.8058,disk0w,1977608630272,18767830,1160260684778
268.8058,disk5,25710302152704,51776642,460193777161886
268.8058,disk5w,225980416,35966,1254168700
268.8058,disk4,29956161041408,30007407,342694263053053
268.8058,disk4w,1447522342912,1490005,590223803968
268.8058,disk8,42389277100032,68886844,716399753357392
268.8058,disk8w,4128768,601,984243925
268.8058,ram,376406016,64565886976,276993
268.8058,cpu,14871345,21364437,513842360
268.8058,gpu,30,0,0
269.0103,disk0,878308949250048,1971040448,12433658623359254
269.0103,disk0w,1977608630272,18767830,1160260684778
269.0103,disk5,25711158822912,51778324,460200581858487
269.0103,disk5w,225980416,35966,1254168700
269.0103,disk4,29956732908544,30007993,342695077164983
269.0103,disk4w,1447522342912,1490005,590223803968
269.0103,disk8,42390576629760,68889303,716417550661036
269.0103,disk8w,4128768,601,984243925
269.0103,ram,376406016,64565886976,276993
269.0103,cpu,14871345,21364437,513842360
269.0103,gpu,26,0,0
269.2103,disk0,878310775222272,1971049109,12433671781081938
269.2103,disk0w,1977608634368,18767831,1160260709944
269.2103,disk5,25711822473216,51779635,460204214205500
269.2103,disk5w,225980416,35966,1254168700
269.2103,disk4,29957258769408,30008532,342695687716134
269.2103,disk4w,1447522342912,1490005,590223803968
269.2103,disk8,42391972366336,68891548,716434392249339
269.2103,disk8w,4128768,601,984243925
269.2103,ram,376406016,64565886976,276993
269.2103,cpu,14871345,21364437,513842360
269.2103,gpu,0,0,0
269.4103,disk0,878312236818432,1971051658,12433676401079645
269.4103,disk0w,1977608634368,18767831,1160260709944
269.4103,disk5,25712454174720,51780887,460208684484922
269.4103,disk5w,225980416,35966,1254168700
269.4103,disk4,29957662733312,30008946,342696137868241
269.4103,disk4w,1447522342912,1490005,590223803968
269.4103,disk8,42393233180672,68894130,716454948778238
269.4103,disk8w,4128768,601,984243925
269.4103,ram,376406016,64565886976,276993
269.4103,cpu,14871345,21364437,513842360
269.4103,gpu,0,0,0
269.6044,disk0,878313825710080,1971054533,12433683507979719
269.6044,disk0w,1977608634368,18767831,1160260709944
269.6044,disk5,25713193781248,51782402,460215219237134
269.6044,disk5w,225980416,35966,1254168700
269.6044,disk4,29958154449920,30009450,342697291038029
269.6044,disk4w,1447522342912,1490005,590223803968
269.6044,disk8,42394404489216,68895872,716467734642277
269.6044,disk8w,4128768,601,984243925
269.6044,ram,376406016,64565886976,276993
269.6044,cpu,14871345,21364437,513842360
269.6044,gpu,0,0,0
269.8052,disk0,878315600392192,1971057695,12433688369557074
269.8052,disk0w,1977608634368,18767831,1160260709944
269.8052,disk5,25714034477056,51784125,460221413240221
269.8052,disk5w,225980416,35966,1254168700
269.8052,disk4,29958731559936,30010041,342698039912622
269.8052,disk4w,1447522342912,1490005,590223803968
269.8052,disk8,42395828717568,68897673,716480940106014
269.8052,disk8w,4128768,601,984243925
269.8052,ram,379617280,64815153152,276993
269.8052,cpu,14871369,21364558,513843926
269.8052,gpu,25,0,0
270.0103,disk0,878317377351680,1971061323,12433696821845901
270.0103,disk0w,1977608634368,18767831,1160260709944
270.0103,disk5,25714979424256,51786062,460229683105443
270.0103,disk5w,225980416,35966,1254168700
270.0103,disk4,29959400027136,30010726,342698785792885
270.0103,disk4w,1447522342912,1490005,590223803968
270.0103,disk8,42397137799168,68899464,716491883190427
270.0103,disk8w,4128768,601,984243925
270.0103,ram,379617280,64815153152,276993
270.0103,cpu,14871369,21364558,513843926
270.0103,gpu,0,0,0
270.2049,disk0,878319011196928,1971064697,12433701670899602
270.2049,disk0w,1977608634368,18767831,1160260709944
270.2049,disk5,25715759081472,51787661,460238678233262
270.2049,disk5w,225980416,35966,1254168700
270.2049,disk4,29959902032896,30011241,342699478121326
270.2049,disk4w,1447522342912,1490005,590223803968
270.2049,disk8,42398375741440,68901359,716505977412812
270.2049,disk8w,4128768,601,984243925
270.2049,ram,379617280,64815153152,276993
270.2049,cpu,14871369,21364558,513843926
270.2049,gpu,0,0,0
270.4071,disk0,878321132957696,1971069352,12433713189397573
270.4071,disk0w,1977608634368,18767831,1160260709944
270.4071,disk5,25716570081280,51789246,460244016555384
270.4071,disk5w,225980416,35966,1254168700
270.4071,disk4,29960464069632,30011817,342700192363015
270.4071,disk4w,1447522342912,1490005,590223803968
270.4071,disk8,42399716263936,68903757,716520915906923
270.4071,disk8w,4128768,601,984243925
270.4071,ram,379617280,64815153152,276993
270.4071,cpu,14871369,21364558,513843926
270.4071,gpu,0,0,0
270.6073,disk0,878323285372928,1971074120,12433724827514587
270.6073,disk0w,1977608634368,18767831,1160260709944
270.6073,disk5,25717227046912,51790535,460248116953815
270.6073,disk5w,225980416,35966,1254168700
270.6073,disk4,29961072112640,30012440,342701063364680
270.6073,disk4w,1447522342912,1490005,590223803968
270.6073,disk8,42400984254464,68906139,716536489364185
270.6073,disk8w,4128768,601,984243925
270.6073,ram,379617280,64815153152,276993
270.6073,cpu,14871369,21364558,513843926
270.6073,gpu,0,0,0
270.8103,disk0,878325216489472,1971081383,12433738634829722
270.8103,disk0w,1977608634368,18767831,1160260709944
270.8103,disk5,25717957076992,51791978,460253469865735
270.8103,disk5w,225980416,35966,1254168700
270.8103,disk4,29961649615872,30013032,342701863099695
270.8103,disk4w,1447522342912,1490005,590223803968
270.8103,disk8,42402328741888,68908365,716550799193524
270.8103,disk8w,4128768,601,984243925
270.8103,ram,381091840,63382798336,276993
270.8103,cpu,14871386,21364656,513845666
270.8103,gpu,33,0,0
271.0103,disk0,878327386730496,1971085420,12433751460410260
271.0103,disk0w,1977608634368,18767831,1160260709944
271.0103,disk5,25718648375296,51793347,460258394419082
271.0103,disk5w,225980416,35966,1254168700
271.0103,disk4,29962053579776,30013446,342702351085483
271.0103,disk4w,1447522342912,1490005,590223803968
271.0103,disk8,42403505293312,68910625,716561749006407
271.0103,disk8w,4128768,601,984243925
271.0103,ram,381091840,63382798336,276993
271.0103,cpu,14871386,21364656,513845666
271.0103,gpu,30,0,0
271.2103,disk0,878329376780288,1971092020,12433766570500240
271.2103,disk0w,1977608634368,18767831,1160260709944
271.2103,disk5,25719262529536,51794605,460262636889828
271.2103,disk5w,225980416,35966,1254168700
271.2103,disk4,29962571625472,30013977,342703463924681
271.2103,disk4w,1447522342912,1490005,590223803968
271.2103,disk8,42404653451264,68912329,716571800973505
271.2103,disk8w,4128768,601,984243925
271.2103,ram,381091840,63382798336,276993
271.2103,cpu,14871386,21364656,513845666
271.2103,gpu,0,0,0
271.4028,disk0,878331431940096,1971095671,12433775670992714
271.4028,disk0w,1977608634368,18767831,1160260709944
271.4028,disk5,25720091453440,51796302,460271172969298
271.4028,disk5w,225980416,35966,1254168700
271.4028,disk4,29963072189440,30014490,342704180239648
271.4028,disk4w,1447522342912,1490005,590223803968
271.4028,disk8,42405830920192,68913742,716579935055883
271.4028,disk8w,4128768,601,984243925
271.4028,ram,381091840,63382798336,276993
271.4028,cpu,14871386,21364656,513845666
271.4028,gpu,0,0,0
271.6008,disk0,878333350293504,1971099196,12433782201501089
271.6008,disk0w,1977608634368,18767831,1160260709944
271.6008,disk5,25721052350464,51798273,460281576100529
271.6008,disk5w,225980416,35966,1254168700
271.6008,disk4,29963686917120,30015120,342704930170615
271.6008,disk4w,1447522342912,1490005,590223803968
271.6008,disk8,42407146817536,68915684,716590647986531
271.6008,disk8w,4128768,601,984243925
271.6008,ram,381091840,63382798336,276993
271.6008,cpu,14871386,21364656,513845666
271.6008,gpu,0,0,0
271.8103,disk0,878335233077248,1971103073,12433790713302890
271.8103,disk0w,1977608634368,18767831,1160260709944
271.8103,disk5,25721769969664,51799742,460285910070095
271.8103,disk5w,225980416,35966,1254168700
271.8103,disk4,29964198360064,30015644,342705513286317
271.8103,disk4w,1447522342912,1490005,590223803968
271.8103,disk8,42408587216896,68917879,716607448657494
271.8103,disk8w,4128768,601,984243925
271.8103,ram,378257408,64624099328,276993
271.8103,cpu,14871403,21364759,513847398
271.8103,gpu,0,0,0
272.0103,disk0,878337357787136,1971107438,12433803627112938
272.0103,disk0w,1977608634368,18767831,1160260709944
272.0103,disk5,25722394724352,51800953,460288964141325
272.0103,disk5w,225980416,35966,1254168700
272.0103,disk4,29964741784576,30016201,342706178969958
272.0103,disk4w,1447522342912,1490005,590223803968
272.0103,disk8,42409881569280,68920451,716624536450135
272.0103,disk8w,4128768,601,984243925
272.0103,ram,378257408,64624099328,276993
272.0103,cpu,14871403,21364759,513847398
272.0103,gpu,48,0,0
272.2103,disk0,878339533549568,1971112317,12433815207195437
272.2103,disk0w,1977608634368,18767831,1160260709944
272.2103,disk5,25723201898496,51802546,460294121563597
272.2103,disk5w,225980416,35966,1254168700
272.2103,disk4,29965258863616,30016731,342706771880451
272.2103,disk4w,1447522342912,1490005,590223803968
272.2103,disk8,42411256350720,68922751,716638142246099
272.2103,disk8w,4128768,601,984243925
272.2103,ram,378257408,64624099328,276993
272.2103,cpu,14871403,21364759,513847398
272.2103,gpu,33,1,0
272.4103,disk0,878341547667456,1971118931,12433827809264981
272.4103,disk0w,1977608634368,18767831,1160260709944
272.4103,disk5,25723868694528,51803864,460299024691133
272.4103,disk5w,225980416,35966,1254168700
272.4103,disk4,29965891154944,30017379,342707642892651
272.4103,disk4w,1447522342912,1490005,590223803968
272.4103,disk8,42412584421376,68925082,716651823913686
272.4103,disk8w,4128768,601,984243925
272.4103,ram,378257408,64624099328,276993
272.4103,cpu,14871403,21364759,513847398
272.4103,gpu,31,0,0
272.6076,disk0,878343493103616,1971122641,12433841590810946
272.6076,disk0w,1977608634368,18767831,1160260709944
272.6076,disk5,25724500396032,51805135,460303793755484
272.6076,disk5w,225980416,35966,1254168700
272.6076,disk4,29966355067904,30017854,342708906954377
272.6076,disk4w,1447522342912,1490005,590223803968
272.6076,disk8,42413580945408,68926907,716660994425127
272.6076,disk8w,4128768,601,984243925
272.6076,ram,378257408,64624099328,276993
272.6076,cpu,14871403,21364759,513847398
272.6076,gpu,0,0,0
272.8103,disk0,878345580756992,1971130853,12433855973329682
272.8103,disk0w,1977608634368,18767831,1160260709944
272.8103,disk5,25725276219392,51806724,460308263189585
272.8103,disk5w,225980416,35966,1254168700
272.8103,disk4,29966883419136,30018396,342709580628032
272.8103,disk4w,1447522342912,1490005,590223803968
272.8103,disk8,42414808598528,68928682,716672551829063
272.8103,disk8w,4128768,601,984243925
272.8103,ram,378880000,64874414080,276993
272.8103,cpu,14871418,21364863,513848993
272.8103,gpu,37,0,0
273.0103,disk0,878347572383744,1971134242,12433862291617643
273.0103,disk0w,1977608634368,18767831,1160260709944
273.0103,disk5,25725965600768,51808137,460312779444655
273.0103,disk5w,225980416,35966,1254168700
273.0103,disk4,29967392764928,30018918,342710245846060
273.0103,disk4w,1447522342912,1490005,590223803968
273.0103,disk8,42416220588032,68930348,716685550957500
273.0103,disk8w,4128768,601,984243925
273.0103,ram,378880000,64874414080,276993
273.0103,cpu,14871418,21364863,513848993
273.0103,gpu,0,0,0
273.2056,disk0,878349879250944,1971138633,12433875660183624
273.2056,disk0w,1977608634368,18767831,1160260709944
273.2056,disk5,25726675494912,51809592,460317828878240
273.2056,disk5w,225980416,35966,1254168700
273.2056,disk4,29967981147136,30019521,342710966382518
273.2056,disk4w,1447522342912,1490005,590223803968
273.2056,disk8,42417476749312,68932398,716695347823354
273.2056,disk8w,4128768,601,984243925
273.2056,ram,378880000,64874414080,276993
273.2056,cpu,14871418,21364863,513848993
273.2056,gpu,34,0,0
273.4103,disk0,878352267677696,1971143611,12433888326829683
273.4103,disk0w,1977608634368,18767831,1160260709944
273.4103,disk5,25727605901312,51811447,460326122222473
273.4103,disk5w,225980416,35966,1254168700
273.4103,disk4,29968692474880,30020250,342711881733654
273.4103,disk4w,1447522342912,1490005,590223803968
273.4103,disk8,42418777458688,68934569,716704865763122
273.4103,disk8w,4128768,601,984243925
273.4103,ram,378880000,64874414080,276993
273.4103,cpu,14871418,21364863,513848993
273.4103,gpu,28,0,0
273.6027,disk0,878354195505152,1971148075,12433899461346577
273.6027,disk0w,1977608634368,18767831,1160260709944
273.6027,disk5,25728334120960,51812868,460330576385087
273.6027,disk5w,225980416,35966,1254168700
273.6027,disk4,29969219384320,30020790,342712457584135
273.6027,disk4w,1447522342912,1490005,590223803968
273.6027,disk8,42420083689472,68936965,716720654406746
273.6027,disk8w,4128768,601,984243925
273.6027,ram,378880000,64874414080,276993
273.6027,cpu,14871418,21364863,513848993
273.6027,gpu,0,0,0
273.8103,disk0,878356441460736,1971152915,12433913804887116
273.8103,disk0w,1977608634368,18767831,1160260709944
273.8103,disk5,25729087604736,51814355,460334926134383
273.8103,disk5w,225980416,35966,1254168700
273.8103,disk4,29969772639232,30021357,342713112833743
273.8103,disk4w,1447522342912,1490005,590223803968
273.8103,disk8,42421401978880,68939235,716732934753148
273.8103,disk8w,4128768,601,984243925
273.8103,ram,379863040,63227691008,276993
273.8103,cpu,14871438,21364961,513850660
273.8103,gpu,0,0,0
274.0103,disk0,878358564327424,1971163794,12433931989757182
274.0103,disk0w,1977608634368,18767831,1160260709944
274.0103,disk5,25729732659200,51815630,460337593683701
274.0103,disk5w,225980416,35966,1254168700
274.0103,disk4,29970279494656,30021876,342713699325326
274.0103,disk4w,1447522342912,1490005,590223803968
274.0103,disk8,42422673082368,68941763,716748313440658
274.0103,disk8w,4128768,601,984243925
274.0103,ram,379863040,63227691008,276993
274.0103,cpu,14871438,21364961,513850660
274.0103,gpu,33,0,0
274.2103,disk0,878360441655296,1971167565,12433941768618196
274.2103,disk0w,1977608634368,18767831,1160260709944
274.2103,disk5,25730410334208,51817002,460343017082125
274.2103,disk5w,225980416,35966,1254168700
274.2103,disk4,29970861536256,30022473,342714831484421
274.2103,disk4w,1447522342912,1490005,590223803968
274.2103,disk8,42423728064512,68943734,716759882624904
274.2103,disk8w,4128768,601,984243925
274.2103,ram,379863040,63227691008,276993
274.2103,cpu,14871438,21364961,513850660
274.2103,gpu,0,0,0
274.4031,disk0,878362521763840,1971172763,12433953085377308
274.4031,disk0w,1977608634368,18767831,1160260709944
274.4031,disk5,25731084863488,51818386,460346600436379
274.4031,disk5w,225980416,35966,1254168700
274.4031,disk4,29971382809600,30023007,342715504604832
274.4031,disk4w,1447522342912,1490005,590223803968
274.4031,disk8,42425032247296,68945389,716770706436936
274.4031,disk8w,4128768,601,984243925
274.4031,ram,379863040,63227691008,276993
274.4031,cpu,14871438,21364961,513850660
274.4031,gpu,31,0,0
274.6018,disk0,878364927832064,1971177242,12433966012076537
274.6018,disk0w,1977608634368,18767831,1160260709944
274.6018,disk5,25731894659072,51820047,460352468492393
274.6018,disk5w,225980416,35966,1254168700
274.6018,disk4,29971994391552,30023634,342716198486450
274.6018,disk4w,1447522342912,1490005,590223803968
274.6018,disk8,42426339969024,68947118,716778679554165
274.6018,disk8w,4128768,601,984243925
274.6018,ram,379863040,63227691008,276993
274.6018,cpu,14871438,21364961,513850660
274.6018,gpu,0,0,0
274.8103,disk0,878366950850560,1971181497,12433975063540418
274.8103,disk0w,1977608777728,18767858,1160261217060
274.8103,disk5,25732519544832,51821330,460355993250721
274.8103,disk5w,225980416,35966,1254168700
274.8103,disk4,29972573991936,30024228,342716913735561
274.8103,disk4w,1447522342912,1490005,590223803968
274.8103,disk8,42427798427648,68949320,716794482884243
274.8103,disk8w,4128768,601,984243925
274.8103,ram,326860800,64610746368,276993
274.8103,cpu,14871502,21365122,513852287
274.8103,gpu,43,0,0
275.0103,disk0,878368907100160,1971185428,12433982711016847
275.0103,disk0w,1977608777728,18767858,1160261217060
275.0103,disk5,25733432002560,51823120,460363590501555
275.0103,disk5w,225980416,35966,1254168700
275.0103,disk4,29973188719616,30024858,342717802569153
275.0103,disk4w,1447522342912,1490005,590223803968
275.0103,disk8,42429085931520,68951673,716807670807299
275.0103,disk8w,4128768,601,984243925
275.0103,ram,326860800,64610746368,276993
275.0103,cpu,14871502,21365122,513852287
275.0103,gpu,35,0,0
275.2103,disk0,878371088351232,1971190164,12433997188101495
275.2103,disk0w,1977608777728,18767858,1160261217060
275.2103,disk5,25734224791552,51824681,460370186270666
275.2103,disk5w,225980416,35966,1254168700
275.2103,disk4,29973733192704,30025416,342718552033069
275.2103,disk4w,1447522342912,1490005,590223803968
275.2103,disk8,42430334670848,68954154,716820331791043
275.2103,disk8w,4128768,601,984243925
275.2103,ram,326860800,64610746368,276993
275.2103,cpu,14871502,21365122,513852287
275.2103,gpu,0,0,0
275.4103,disk0,878373135388672,1971197341,12434010064022401
275.4103,disk0w,1977608777728,18767858,1160261217060
275.4103,disk5,25734996600832,51826202,460375544210915
275.4103,disk5w,225980416,35966,1254168700
275.4103,disk4,29974330356736,30026028,342719258148733
275.4103,disk4w,1447522342912,1490005,590223803968
275.4103,disk8,42431684466688,68956423,716833923020946
275.4103,disk8w,4128768,601,984243925
275.4103,ram,326860800,64610746368,276993
275.4103,cpu,14871502,21365122,513852287
275.4103,gpu,0,0,0
275.6065,disk0,878374922620928,1971200790,12434020131842761
275.6065,disk0w,1977608777728,18767858,1160261217060
275.6065,disk5,25735719454720,51827644,460382467977681
275.6065,disk5w,225980416,35966,1254168700
275.6065,disk4,29974881072128,30026592,342720502785466
275.6065,disk4w,1447522342912,1490005,590223803968
275.6065,disk8,42432778655744,68958511,716845617562995
275.6065,disk8w,4128768,601,984243925
275.6065,ram,326860800,64610746368,276993
275.6065,cpu,14871502,21365122,513852287
275.6065,gpu,0,0,0
275.8103,disk0,878376978767872,1971206860,12434032464240806
275.8103,disk0w,1977608777728,18767858,1160261217060
275.8103,disk5,25736608729088,51829467,460389434862718
275.8103,disk5w,225980416,35966,1254168700
275.8103,disk4,29975489508352,30027216,342721285883049
275.8103,disk4w,1447522342912,1490005,590223803968
275.8103,disk8,42434090883072,68960342,716856917850804
275.8103,disk8w,4128768,601,984243925
275.8103,ram,324501504,64873644032,276993
275.8103,cpu,14871520,21365224,513853881
275.8103,gpu,0,0,0
276.0103,disk0,878379022835712,1971210201,12434040072182624
276.0103,disk0w,1977608777728,18767858,1160261217060
276.0103,disk5,25737455585280,51831205,460396740240334
276.0103,disk5w,225980416,35966,1254168700
276.0103,disk4,29976007635968,30027747,342721842489410
276.0103,disk4w,1447522342912,1490005,590223803968
276.0103,disk8,42435424442368,68962042,716867960828193
276.0103,disk8w,4128768,601,984243925
276.0103,ram,328990720,64873644032,276993
276.0103,cpu,14871520,21365224,513853881
276.0103,gpu,29,0,0
276.2083,disk0,878381018341376,1971214188,12434047522505239
276.2083,disk0w,1977608777728,18767858,1160261217060
276.2083,disk5,25738196092928,51832725,460401836261072
276.2083,disk5w,225980416,35966,1254168700
276.2083,disk4,29976543327232,30028296,342722456711232
276.2083,disk4w,1447522342912,1490005,590223803968
276.2083,disk8,42436768831488,68964064,716882347666547
276.2083,disk8w,4128768,601,984243925
276.2083,ram,328990720,64873644032,276993
276.2083,cpu,14871520,21365224,513853881
276.2083,gpu,0,0,0
276.4027,disk0,878382848860160,1971218040,12434056400736693
276.4027,disk0w,1977608777728,18767858,1160261217060
276.4027,disk5,25738909911040,51834165,460406959761585
276.4027,disk5w,225980416,35966,1254168700
276.4027,disk4,29977017545728,30028782,342723075497287
276.4027,disk4w,1447522342912,1490005,590223803968
276.4027,disk8,42438074644480,68966075,716894777765288
276.4027,disk8w,4128768,601,984243925
276.4027,ram,328990720,64873644032,276993
276.4027,cpu,14871520,21365224,513853881
276.4027,gpu,0,0,0
276.6103,disk0,878384885215232,1971222472,12434067201537958
276.6103,disk0w,1977608790016,18767860,1160261250851
276.6103,disk5,25739693901824,51835694,460412845237650
276.6103,disk5w,225980416,35966,1254168700
276.6103,disk4,29977606976512,30029386,342723788996881
276.6103,disk4w,1447522342912,1490005,590223803968
276.6103,disk8,42439464990720,68968892,716913708881831
276.6103,disk8w,4128768,601,984243925
276.6103,ram,328990720,64873644032,276993
276.6103,cpu,14871520,21365224,513853881
276.6103,gpu,27,0,0
276.8103,disk0,878387027636224,1971227099,12434080152271587
276.8103,disk0w,1977608790016,18767860,1160261250851
276.8103,disk5,25740494784512,51837273,460418224972044
276.8103,disk5w,225980416,35966,1254168700
276.8103,disk4,29978159182848,30029952,342724415110146
276.8103,disk4w,1447522342912,1490005,590223803968
276.8103,disk8,42440682059776,68971037,716924301311984
276.8103,disk8w,4128768,601,984243925
276.8103,ram,326959104,63252758528,276993
276.8103,cpu,14871538,21365326,513855614
276.8103,gpu,29,0,0
277.0052,disk0,878389170139136,1971235982,12434093781973410
277.0052,disk0w,1977608790016,18767860,1160261250851
277.0052,disk5,25741197068288,51838661,460422278793090
277.0052,disk5w,225980416,35966,1254168700
277.0052,disk4,29978668528640,30030474,342725036627433
277.0052,disk4w,1447522342912,1490005,590223803968
277.0052,disk8,42442050799616,68973554,716939970537924
277.0052,disk8w,4128768,601,984243925
277.0052,ram,326795264,63286329344,276993
277.0052,cpu,14871538,21365326,513855614
277.0052,gpu,0,0,0
277.2103,disk0,878391182589952,1971241981,12434108651203966
277.2103,disk0w,1977608790016,18767860,1160261250851
277.2103,disk5,25741889800192,51840072,460426321134780
277.2103,disk5w,225980416,35966,1254168700
277.2103,disk4,29979283158016,30031104,342727090395518
277.2103,disk4w,1447522342912,1490005,590223803968
277.2103,disk8,42443100915712,68975262,716948488922168
277.2103,disk8w,4128768,601,984243925
277.2103,ram,326795264,63286329344,276993
277.2103,cpu,14871538,21365326,513855614
277.2103,gpu,24,1,0
277.4103,disk0,878392958902272,1971244998,12434115703363376
277.4103,disk0w,1977608790016,18767860,1160261250851
277.4103,disk5,25742653114368,51841638,460431538359964
277.4103,disk5w,225980416,35966,1254168700
277.4103,disk4,29979660776448,30031491,342727551107260
277.4103,disk4w,1447522342912,1490005,590223803968
277.4103,disk8,42444457887744,68976921,716961360397548
277.4103,disk8w,4128768,601,984243925
277.4103,ram,326795264,63286329344,276993
277.4103,cpu,14871538,21365326,513855614
277.4103,gpu,0,0,0
277.6046,disk0,878395163246592,1971249051,12434126780166893
277.6046,disk0w,1977608790016,18767860,1160261250851
277.6046,disk5,25743390230528,51843148,460437923917666
277.6046,disk5w,225980416,35966,1254168700
277.6046,disk4,29980249158656,30032094,342728351100351
277.6046,disk4w,1447522342912,1490005,590223803968
277.6046,disk8,42445760251904,68978753,716969928973530
277.6046,disk8w,4128768,601,984243925
277.6046,ram,326795264,63286329344,276993
277.6046,cpu,14871538,21365326,513855614
277.6046,gpu,0,0,0
277.8080,disk0,878397040295936,1971252973,12434132918318176
277.8080,disk0w,1977608790016,18767860,1160261250851
277.8080,disk5,25744130992128,51844667,460443588579404
277.8080,disk5w,225980416,35966,1254168700
277.8080,disk4,29980705813504,30032562,342728848879781
277.8080,disk4w,1447522342912,1490005,590223803968
277.8080,disk8,42447142078464,68980731,716986580184908
277.8080,disk8w,4128768,601,984243925
277.8080,ram,327827456,64639172608,276993
277.8080,cpu,14871558,21365431,513857293
277.8080,gpu,0,0,0
278.0103,disk0,878399128403968,1971257395,12434143020670596
278.0103,disk0w,1977608790016,18767860,1160261250851
278.0103,disk5,25744960571392,51846296,460449200746991
278.0103,disk5w,225980416,35966,1254168700
278.0103,disk4,29981259068416,30033129,342729561537461
278.0103,disk4w,1447522342912,1490005,590223803968
278.0103,disk8,42448526919680,68983421,717003048745603
278.0103,disk8w,4128768,601,984243925
278.0103,ram,327827456,64639172608,276993
278.0103,cpu,14871558,21365434,513857343
278.0103,gpu,0,0,0
278.2014,disk0,878401110999040,1971261567,12434153520150428
278.2014,disk0w,1977608790016,18767860,1160261250851
278.2014,disk5,25745644914688,51847641,460453139967492
278.2014,disk5w,225980416,35966,1254168700
278.2014,disk4,29981744165888,30033626,342730223980345
278.2014,disk4w,1447522342912,1490005,590223803968
278.2014,disk8,42449798776832,68985812,717019456434267
278.2014,disk8w,4128768,601,984243925
278.2014,ram,327827456,64639172608,276993
278.2014,cpu,14871558,21365434,513857343
278.2014,gpu,0,0,0
278.4005,disk0,878403127246848,1971266817,12434166221283906
278.4005,disk0w,1977608790016,18767860,1160261250851
278.4005,disk5,25746433116160,51849199,460458142406974
278.4005,disk5w,225980416,35966,1254168700
278.4005,disk4,29982189941760,30034083,342730756206866
278.4005,disk4w,1447522342912,1490005,590223803968
278.4005,disk8,42451132221440,68988202,717034088083826
278.4005,disk8w,4128768,601,984243925
278.4005,ram,327827456,64639172608,276993
278.4005,cpu,14871558,21365434,513857343
278.4005,gpu,0,0,0
278.6103,disk0,878405177937920,1971279464,12434180040456494
278.6103,disk0w,1977608790016,18767860,1160261250851
278.6103,disk5,25747246958592,51850808,460464302873198
278.6103,disk5w,225980416,35966,1254168700
278.6103,disk4,29982716851200,30034623,342731356090557
278.6103,disk4w,1447522342912,1490005,590223803968
278.6103,disk8,42452465469440,68990819,717050361925848
278.6103,disk8w,4128768,601,984243925
278.6103,ram,327827456,64639172608,276993
278.6103,cpu,14871558,21365434,513857343
278.6103,gpu,28,0,0
278.8043,disk0,878406835101696,1971282598,12434188007877822
278.8043,disk0w,1977608790016,18767860,1160261250851
278.8043,disk5,25748133644288,51852606,460473491785717
278.8043,disk5w,225980416,35966,1254168700
278.8043,disk4,29983138362368,30035055,342731906584373
278.8043,disk4w,1447522342912,1490005,590223803968
278.8043,disk8,42453476657152,68992468,717059540463387
278.8043,disk8w,4128768,601,984243925
278.8043,ram,330022912,64903839744,276993
278.8043,cpu,14871579,21365542,513858922
278.8043,gpu,0,0,0
279.0103,disk0,878408633806848,1971287535,12434196128677609
279.0103,disk0w,1977608790016,18767860,1160261250851
279.0103,disk5,25748996458496,51854376,460484459238046
279.0103,disk5w,225980416,35966,1254168700
279.0103,disk4,29983559889920,30035487,342732372849813
279.0103,disk4w,1447522342912,1490005,590223803968
279.0103,disk8,42454743107584,68994148,717070847954331
279.0103,disk8w,4128768,601,984243925
279.0103,ram,330170368,64903839744,276993
279.0103,cpu,14871579,21365542,513858922
279.0103,gpu,0,0,0
279.2075,disk0,878410345410560,1971290458,12434202681756924
279.2075,disk0w,1977608790016,18767860,1160261250851
279.2075,disk5,25749786101760,51855995,460490960371130
279.2075,disk5w,225980416,35966,1254168700
279.2075,disk4,29984192181248,30036135,342733320710194
279.2075,disk4w,1447522342912,1490005,590223803968
279.2075,disk8,42456015849472,68995953,717083682635555
279.2075,disk8w,4128768,601,984243925
279.2075,ram,330170368,64903839744,276993
279.2075,cpu,14871579,21365542,513858922
279.2075,gpu,31,0,0
279.4103,disk0,878412106919936,1971293907,12434208173007499
279.4103,disk0w,1977608790016,18767860,1160261250851
279.4103,disk5,25750759966720,51857989,460502988472927
279.4103,disk5w,225980416,35966,1254168700
279.4103,disk4,29984736654336,30036693,342734115214673
279.4103,disk4w,1447522342912,1490005,590223803968
279.4103,disk8,42457251874816,68997827,717093836510842
279.4103,disk8w,4128768,601,984243925
279.4103,ram,330170368,64903839744,276993
279.4103,cpu,14871579,21365542,513858922
279.4103,gpu,0,0,0
279.6103,disk0,878414098784256,1971298223,12434218233775510
279.6103,disk0w,1977608790016,18767860,1160261250851
279.6103,disk5,25751707518976,51859867,460511334823777
279.6103,disk5w,225980416,35966,1254168700
279.6103,disk4,29985316254720,30037287,342734906247235
279.6103,disk4w,1447522342912,1490005,590223803968
279.6103,disk8,42458480429056,69000028,717106488098927
279.6103,disk8w,4128768,601,984243925
279.6103,ram,330170368,64903839744,276993
279.6103,cpu,14871579,21365542,513858922
279.6103,gpu,0,0,0
279.8048,disk0,878416010043392,1971302197,12434226796945639
279.8048,disk0w,1977608790016,18767860,1160261250851
279.8048,disk5,25752379033600,51861183,460515187044544
279.8048,disk5w,225980416,35966,1254168700
279.8048,disk4,29985872655360,30037857,342735506157834
279.8048,disk4w,1447522342912,1490005,590223803968
279.8048,disk8,42459805616128,69002481,717125131640139
279.8048,disk8w,4128768,601,984243925
279.8048,ram,330350592,63104024576,276993
279.8048,cpu,14871606,21365665,513860571
279.8048,gpu,0,0,0
280.0038,disk0,878418201497600,1971308458,12434241062592052
280.0038,disk0w,1977608790016,18767860,1160261250851
280.0038,disk5,25753136187392,51862671,460520555157281
280.0038,disk5w,225980416,35966,1254168700
280.0038,disk4,29986585031680,30038587,342736608266932
280.0038,disk4w,1447522342912,1490005,590223803968
280.0038,disk8,42461052897280,69004549,717136192449958
280.0038,disk8w,4128768,601,984243925
280.0038,ram,330973184,63104057344,276993
280.0038,cpu,14871606,21365665,513860571
280.0038,gpu,0,0,0
280.2055,disk0,878420099653632,1971315470,12434253911678003
280.2055,disk0w,1977608790016,18767860,1160261250851
280.2055,disk5,25753856149504,51864096,460524898657152
280.2055,disk5w,225980416,35966,1254168700
280.2055,disk4,29987119674368,30039135,342737276250996
280.2055,disk4w,1447522342912,1490005,590223803968
280.2055,disk8,42462359504896,69007134,717154292489928
280.2055,disk8w,4128768,601,984243925
280.2055,ram,330973184,63104057344,276993
280.2055,cpu,14871606,21365665,513860571
280.2055,gpu,0,0,0
280.4103,disk0,878421966299136,1971322674,12434267296857438
280.4103,disk0w,1977608790016,18767860,1160261250851
280.4103,disk5,25754444892160,51865302,460531516245370
280.4103,disk5w,225980416,35966,1254168700
280.4103,disk4,29987494097920,30039519,342737949666695
280.4103,disk4w,1447522342912,1490005,590223803968
280.4103,disk8,42463446304768,69008843,717163854764365
280.4103,disk8w,4128768,601,984243925
280.4103,ram,330973184,63104057344,276993
280.4103,cpu,14871606,21365665,513860571
280.4103,gpu,32,0,0
280.6005,disk0,878423893417984,1971326074,12434276902844496
280.6005,disk0w,1977608790016,18767860,1160261250851
280.6005,disk5,25755164329984,51866776,460536386731302
280.6005,disk5w,225980416,35966,1254168700
280.6005,disk4,29987968316416,30040005,342738553236573
280.6005,disk4w,1447522342912,1490005,590223803968
280.6005,disk8,42464725534720,69010559,717174518356798
280.6005,disk8w,4128768,601,984243925
280.6005,ram,330973184,63104057344,276993
280.6005,cpu,14871606,21365665,513860571
280.6005,gpu,0,0,0
280.8092,disk0,878426095362048,1971330156,12434285970437506
280.8092,disk0w,1977608790016,18767860,1160261250851
280.8092,disk5,25756021278720,51868532,460542103883142
280.8092,disk5w,225980416,35966,1254168700
280.8092,disk4,29988524717056,30040575,342739248744801
280.8092,disk4w,1447522342912,1490005,590223803968
280.8092,disk8,42466142029824,69012460,717186921933153
280.8092,disk8w,4128768,601,984243925
280.8092,ram,329498624,64692862976,276993
280.8092,cpu,14871628,21365773,513862210
280.8092,gpu,0,0,0
281.0060,disk0,878428121784320,1971334015,12434293580821294
281.0060,disk0w,1977608798208,18767862,1160261307225
281.0060,disk5,25756923774976,51870384,460549187134910
281.0060,disk5w,225980416,35966,1254168700
281.0060,disk4,29989109953536,30041175,342739897568352
281.0060,disk4w,1447522342912,1490005,590223803968
281.0060,disk8,42467476785152,69014559,717199724562407
281.0060,disk8w,4128768,601,984243925
281.0060,ram,325763072,64726433792,276993
281.0060,cpu,14871628,21365773,513862210
281.0060,gpu,29,0,0
281.2103,disk0,878430124531712,1971338490,12434303842305073
281.2103,disk0w,1977608798208,18767862,1160261307225
281.2103,disk5,25757639018496,51871772,460553529753661
281.2103,disk5w,225980416,35966,1254168700
281.2103,disk4,29989619299328,30041697,342740587226261
281.2103,disk4w,1447522342912,1490005,590223803968
281.2103,disk8,42468838770688,69017189,717219823615103
281.2103,disk8w,4128768,601,984243925
281.2103,ram,325763072,64726433792,276993
281.2103,cpu,14871628,21365773,513862210
281.2103,gpu,0,0,0
281.4103,disk0,878432117727232,1971342797,12434313917316078
281.4103,disk0w,1977608798208,18767862,1160261307225
281.4103,disk5,25758319462400,51873110,460557902750469
281.4103,disk5w,225980416,35966,1254168700
281.4103,disk4,29990250148864,30042343,342741566183008
281.4103,disk4w,1447522342912,1490005,590223803968
281.4103,disk8,42470148376576,69019728,717235838142483
281.4103,disk8w,4128768,601,984243925
281.4103,ram,325763072,64726433792,276993
281.4103,cpu,14871628,21365773,513862210
281.4103,gpu,0,0,0
281.6102,disk0,878433976279040,1971351993,12434326416669969
281.6102,disk0w,1977608798208,18767862,1160261307225
281.6102,disk5,25759072274432,51874595,460562643876058
281.6102,disk5w,225980416,35966,1254168700
281.6102,disk4,29990787281920,30042894,342742209415949
281.6102,disk4w,1447522342912,1490005,590223803968
281.6102,disk8,42471471810560,69021802,717250227447661
281.6102,disk8w,4128768,601,984243925
281.6102,ram,325763072,64726433792,276993
281.6102,cpu,14871628,21365773,513862210
281.6102,gpu,0,0,0
281.8103,disk0,878435657277440,1971354975,12434330624827945
281.8103,disk0w,1977608798208,18767862,1160261307225
281.8103,disk5,25759831902208,51876105,460569151251597
281.8103,disk5w,225980416,35966,1254168700
281.8103,disk4,29991200027648,30043317,342742668517019
281.8103,disk4w,1447522342912,1490005,590223803968
281.8103,disk8,42472840267776,69024519,717271597348257
281.8103,disk8w,4128768,601,984243925
281.8103,ram,315719680,63380029440,276993
281.8103,cpu,14871646,21365880,513863893
281.8103,gpu,0,0,0
282.0012,disk0,878437252816896,1971360098,12434338883295230
282.0012,disk0w,1977608798208,18767862,1160261307225
282.0012,disk5,25760340772864,51877147,460571391547258
282.0012,disk5w,225980416,35966,1254168700
282.0012,disk4,29991682946048,30043812,342743831983266
282.0012,disk4w,1447522342912,1490005,590223803968
282.0012,disk8,42473981216768,69026241,717285838886723
282.0012,disk8w,4128768,601,984243925
282.0012,ram,315719680,63380029440,276993
282.0012,cpu,14871646,21365880,513863893
282.0012,gpu,0,0,0
282.2103,disk0,878439525916672,1971364085,12434348847634072
282.2103,disk0w,1977608798208,18767862,1160261307225
282.2103,disk5,25761192871936,51878893,460577165970414
282.2103,disk5w,225980416,35966,1254168700
282.2103,disk4,29992394273792,30044541,342744821296410
282.2103,disk4w,1447522342912,1490005,590223803968
282.2103,disk8,42475376936960,69027866,717295822959799
282.2103,disk8w,4128768,601,984243925
282.2103,ram,315719680,63380029440,276993
282.2103,cpu,14871646,21365880,513863893
282.2103,gpu,0,0,0
282.4015,disk0,878441342951424,1971367672,12434356244944450
282.4015,disk0w,1977608798208,18767862,1160261307225
282.4015,disk5,25762145806336,51880846,460586931836485
282.4015,disk5w,225980416,35966,1254168700
282.4015,disk4,29993053959168,30045217,342745836938544
282.4015,disk4w,1447522342912,1490005,590223803968
282.4015,disk8,42476598315008,69029721,717305684785900
282.4015,disk8w,4128768,601,984243925
282.4015,ram,315719680,63380029440,276993
282.4015,cpu,14871646,21365880,513863893
282.4015,gpu,0,0,0
282.6103,disk0,878443496431616,1971372180,12434368129529679
282.6103,disk0w,1977608798208,18767862,1160261307225
282.6103,disk5,25762874918912,51882334,460591526571658
282.6103,disk5w,225980416,35966,1254168700
282.6103,disk4,29993544692736,30045720,342746390012377
282.6103,disk4w,1447522342912,1490005,590223803968
282.6103,disk8,42477976897536,69031823,717320016528849
282.6103,disk8w,4128768,601,984243925
282.6103,ram,315719680,63380029440,276993
282.6103,cpu,14871646,21365880,513863893
282.6103,gpu,34,0,0
282.8103,disk0,878445498949632,1971376612,12434379372524642
282.8103,disk0w,1977608798208,18767862,1160261307225
282.8103,disk5,25763713517568,51883960,460596520571953
282.8103,disk5w,225980416,35966,1254168700
282.8103,disk4,29994054038528,30046242,342747242223403
282.8103,disk4w,1447522342912,1490005,590223803968
282.8103,disk8,42479228864512,69034122,717335065738619
282.8103,disk8w,4128768,601,984243925
282.8103,ram,318947328,64530677760,276993
282.8103,cpu,14871666,21365979,513865559
282.8103,gpu,0,0,0
283.0071,disk0,878447407833088,1971380892,12434387033531837
283.0071,disk0w,1977608798208,18767862,1160261307225
283.0071,disk5,25764421568512,51885360,460601075428513
283.0071,disk5w,225980416,35966,1254168700
283.0071,disk4,29994782929920,30046989,342748298003027
283.0071,disk4w,1447522342912,1490005,590223803968
283.0071,disk8,42480614836224,69036557,717350945338683
283.0071,disk8w,4128768,601,984243925
283.0071,ram,317145088,64581042176,276993
283.0071,cpu,14871666,21365985,513865671
283.0071,gpu,0,0,0
283.2103,disk0,878449484095488,1971390911,12434402825729557
283.2103,disk0w,1977608798208,18767862,1160261307225
283.2103,disk5,25765139294208,51886779,460604778141617
283.2103,disk5w,225980416,35966,1254168700
283.2103,disk4,29995362530304,30047583,342749093303078
283.2103,disk4w,1447522342912,1490005,590223803968
283.2103,disk8,42481893984256,69038850,717367408230089
283.2103,disk8w,4128768,601,984243925
283.2103,ram,317145088,64581042176,276993
283.2103,cpu,14871666,21365985,513865671
283.2103,gpu,0,0,0
283.4019,disk0,878451232088064,1971394232,12434415504463023
283.4019,disk0w,1977608798208,18767862,1160261307225
283.4019,disk5,25765776476160,51888064,460609394052233
283.4019,disk5w,225980416,35966,1254168700
283.4019,disk4,29995704972288,30047934,342749751008374
283.4019,disk4w,1447522342912,1490005,590223803968
283.4019,disk8,42482849974272,69040645,717377198597650
283.4019,disk8w,4128768,601,984243925
283.4019,ram,317145088,64581042176,276993
283.4019,cpu,14871666,21365985,513865671
283.4019,gpu,0,0,0
283.6103,disk0,878453351309312,1971398975,12434425767803730
283.6103,disk0w,1977608798208,18767862,1160261307225
283.6103,disk5,25766631475200,51889815,460616703718273
283.6103,disk5w,225980416,35966,1254168700
283.6103,disk4,29996349191168,30048594,342750694897992
283.6103,disk4w,1447522342912,1490005,590223803968
283.6103,disk8,42484278380544,69042631,717389097226146
283.6103,disk8w,4128768,601,984243925
283.6103,ram,317145088,64581042176,276993
283.6103,cpu,14871666,21365985,513865671
283.6103,gpu,0,0,0
283.8103,disk0,878455325777920,1971402323,12434433977043956
283.8103,disk0w,1977608798208,18767862,1160261307225
283.8103,disk5,25767526385664,51891650,460626813535264
283.8103,disk5w,225980416,35966,1254168700
283.8103,disk4,29996832191488,30049089,342751316634996
283.8103,disk4w,1447522342912,1490005,590223803968
283.8103,disk8,42485490010112,69044248,717397101312359
283.8103,disk8w,4128768,601,984243925
283.8103,ram,316522496,64780517376,276993
283.8103,cpu,14871681,21366088,513867217
283.8103,gpu,42,0,0
284.0031,disk0,878457018114048,1971405832,12434440033930839
284.0031,disk0w,1977608798208,18767862,1160261307225
284.0031,disk5,25768381868032,51893402,460634331476377
284.0031,disk5w,225980416,35966,1254168700
284.0031,disk4,29997426209792,30049698,342752145675488
284.0031,disk4w,1447522342912,1490005,590223803968
284.0031,disk8,42486804760576,69046307,717410585560668
284.0031,disk8w,4128768,601,984243925
284.0031,ram,317571072,64847626240,276993
284.0031,cpu,14871681,21366089,513867260
284.0031,gpu,34,0,0
284.2103,disk0,878459418992640,1971411251,12434452514936622
284.2103,disk0w,1977608798208,18767862,1160261307225
284.2103,disk5,25769297758208,51895215,460640677493441
284.2103,disk5w,225980416,35966,1254168700
284.2103,disk4,29997882864640,30050166,342752604263753
284.2103,disk4w,1447522342912,1490005,590223803968
284.2103,disk8,42488212965376,69048645,717424195574890
284.2103,disk8w,4128768,601,984243925
284.2103,ram,317571072,64847626240,276993
284.2103,cpu,14871681,21366089,513867260
284.2103,gpu,0,0,0
284.4103,disk0,878461414219776,1971415869,12434463994553419
284.4103,disk0w,1977608798208,18767862,1160261307225
284.4103,disk5,25769989572608,51896571,460645074089363
284.4103,disk5w,225980416,35966,1254168700
284.4103,disk4,29998383428608,30050679,342753229045197
284.4103,disk4w,1447522342912,1490005,590223803968
284.4103,disk8,42489532450816,69050957,717441008639049
284.4103,disk8w,4128768,601,984243925
284.4103,ram,317571072,64847626240,276993
284.4103,cpu,14871681,21366089,513867260
284.4103,gpu,0,0,0
284.6058,disk0,878463002382336,1971419960,12434472142240474
284.6058,disk0w,1977608798208,18767862,1160261307225
284.6058,disk5,25770705586176,51897985,460649569093232
284.6058,disk5w,225980416,35966,1254168700
284.6058,disk4,29998875210752,30051183,342753762861409
284.6058,disk4w,1447522342912,1490005,590223803968
284.6058,disk8,42490900695040,69053338,717459597799443
284.6058,disk8w,4128768,601,984243925
284.6058,ram,317571072,64847626240,276993
284.6058,cpu,14871681,21366089,513867260
284.6058,gpu,0,0,0
284.8103,disk0,878464939528192,1971428490,12434484914872772
284.8103,disk0w,1977608798208,18767862,1160261307225
284.8103,disk5,25771375437824,51899312,460653296894673
284.8103,disk5w,225980416,35966,1254168700
284.8103,disk4,29999481156608,30051804,342754825482384
284.8103,disk4w,1447522342912,1490005,590223803968
284.8103,disk8,42492262729728,69056029,717477595197844
284.8103,disk8w,4128768,601,984243925
284.8103,ram,309952512,63307399168,276993
284.8103,cpu,14871706,21366214,513868846
284.8103,gpu,0,0,0
285.0015,disk0,878466501038080,1971433647,12434493526049859
285.0015,disk0w,1977608798208,18767862,1160261307225
285.0015,disk5,25771895654400,51900372,460657955611073
285.0015,disk5w,225980416,35966,1254168700
285.0015,disk4,29999920149504,30052254,342756306204148
285.0015,disk4w,1447522342912,1490005,590223803968
285.0015,disk8,42493325101056,69057781,717490392980216
285.0015,disk8w,4128768,601,984243925
285.0015,ram,312606720,64922763264,276993
285.0015,cpu,14871709,21366224,513868955
285.0015,gpu,32,0,0
285.2103,disk0,878468992425984,1971437884,12434505735321635
285.2103,disk0w,1977608798208,18767862,1160261307225
285.2103,disk5,25772737923072,51902099,460663731281822
285.2103,disk5w,225980416,35966,1254168700
285.2103,disk4,30000517313536,30052866,342757040903822
285.2103,disk4w,1447522342912,1490005,590223803968
285.2103,disk8,42494624204800,69059420,717499096427498
285.2103,disk8w,4128768,601,984243925
285.2103,ram,312606720,64922763264,276993
285.2103,cpu,14871709,21366224,513868955
285.2103,gpu,0,0,0
285.4103,disk0,878470888271872,1971441549,12434511832161862
285.4103,disk0w,1977608822784,18767865,1160261356933
285.4103,disk5,25773655107584,51903980,460672475080556
285.4103,disk5w,225980416,35966,1254168700
285.4103,disk4,30001117623296,30053481,342757724772324
285.4103,disk4w,1447522342912,1490005,590223803968
285.4103,disk8,42496035244032,69061420,717511800683591
285.4103,disk8w,4128768,601,984243925
285.4103,ram,312606720,64922763264,276993
285.4103,cpu,14871709,21366224,513868955
285.4103,gpu,0,0,0
285.6052,disk0,878472592257024,1971445231,12434522089908910
285.6052,disk0w,1977608822784,18767865,1160261356933
285.6052,disk5,25774493698048,51905699,460678696362926
285.6052,disk5w,225980416,35966,1254168700
285.6052,disk4,30001623430144,30053999,342758390955265
285.6052,disk4w,1447522342912,1490005,590223803968
285.6052,disk8,42497255049216,69063395,717525901453993
285.6052,disk8w,4128768,601,984243925
285.6052,ram,312606720,64922763264,276993
285.6052,cpu,14871709,21366224,513868955
285.6052,gpu,0,0,0
285.8070,disk0,878474668142592,1971449734,12434534347207001
285.8070,disk0w,1977608822784,18767865,1160261356933
285.8070,disk5,25775372126208,51907411,460685714578250
285.8070,disk5w,225980416,35966,1254168700
285.8070,disk4,30002133169152,30054522,342758932146261
285.8070,disk4w,1447522342912,1490005,590223803968
285.8070,disk8,42498447001600,69065456,717537084600839
285.8070,disk8w,4128768,601,984243925
285.8070,ram,312606720,64922763264,276993
285.8070,cpu,14871709,21366224,513868955
285.8070,gpu,0,0,0
286.0103,disk0,878476570652672,1971453918,12434544968685740
286.0103,disk0w,1977608822784,18767865,1160261356933
286.0103,disk5,25776045606912,51908739,460690638510924
286.0103,disk5w,225980416,35966,1254168700
286.0103,disk4,30002713818112,30055117,342759587151265
286.0103,disk4w,1447522342912,1490005,590223803968
286.0103,disk8,42499779217408,69067924,717554712730260
286.0103,disk8w,4128768,601,984243925
286.0103,ram,319848448,64483229696,276993
286.0103,cpu,14871723,21366322,513870553
286.0103,gpu,0,0,0
286.2021,disk0,878478283722752,1971458393,12434553542080474
286.2021,disk0w,1977608822784,18767865,1160261356933
286.2021,disk5,25776655976448,51909939,460694381543037
286.2021,disk5w,225980416,35966,1254168700
286.2021,disk4,30003204551680,30055620,342760173726601
286.2021,disk4w,1447522342912,1490005,590223803968
286.2021,disk8,42501126019072,69070162,717572163999117
286.2021,disk8w,4128768,601,984243925
286.2021,ram,319848448,64483229696,276993
286.2021,cpu,14871723,21366322,513870553
286.2021,gpu,0,0,0
286.4103,disk0,878480570445824,1971464276,12434566855898412
286.4103,disk0w,1977608822784,18767865,1160261356933
286.4103,disk5,25777278879744,51911169,460697660987597
286.4103,disk5w,225980416,35966,1254168700
286.4103,disk4,30003836843008,30056268,342760942542042
286.4103,disk4w,1447522342912,1490005,590223803968
286.4103,disk8,42502461462528,69072631,717587077849406
286.4103,disk8w,4128768,601,984243925
286.4103,ram,319848448,64483229696,276993
286.4103,cpu,14871723,21366322,513870553
286.4103,gpu,0,0,0
286.6027,disk0,878482061115392,1971467132,12434573004384704
286.6027,disk0w,1977608822784,18767865,1160261356933
286.6027,disk5,25777832667136,51912295,460702009363378
286.6027,disk5w,225980416,35966,1254168700
286.6027,disk4,30004214379520,30056655,342761919060249
286.6027,disk4w,1447522342912,1490005,590223803968
286.6027,disk8,42503543527424,69074346,717600418554298
286.6027,disk8w,4128768,601,984243925
286.6027,ram,319848448,64483229696,276993
286.6027,cpu,14871723,21366322,513870553
286.6027,gpu,0,0,0
286.8103,disk0,878484265172992,1971474413,12434585190303290
286.8103,disk0w,1977608822784,18767865,1160261356933
286.8103,disk5,25778747901952,51914171,460709908476975
286.8103,disk5w,225980416,35966,1254168700
286.8103,disk4,30004741288960,30057195,342762532454645
286.8103,disk4w,1447522342912,1490005,590223803968
286.8103,disk8,42504802244608,69076038,717610384678044
286.8103,disk8w,4128768,601,984243925
286.8103,ram,319848448,64483229696,276993
286.8103,cpu,14871723,21366322,513870553
286.8103,gpu,0,0,0
287.0081,disk0,878486700285952,1971478446,12434599002611215
287.0081,disk0w,1977608822784,18767865,1160261356933
287.0081,disk5,25779487508480,51915687,460715324216225
287.0081,disk5w,225980416,35966,1254168700
287.0081,disk4,30005329671168,30057798,342763238562732
287.0081,disk4w,1447522342912,1490005,590223803968
287.0081,disk8,42505957922816,69077653,717617609107470
287.0081,disk8w,4128768,601,984243925
287.0081,ram,320585728,64708460544,276993
287.0081,cpu,14871740,21366425,513872289
287.0081,gpu,0,0,0
287.2071,disk0,878488927129600,1971482998,12434612905594073
287.2071,disk0w,1977608822784,18767865,1160261356933
287.2071,disk5,25779993757696,51916723,460718082042923
287.2071,disk5w,225980416,35966,1254168700
287.2071,disk4,30005918053376,30058401,342764008531908
287.2071,disk4w,1447522342912,1490005,590223803968
287.2071,disk8,42507243100160,69079581,717629747042415
287.2071,disk8w,4128768,601,984243925
287.2071,ram,320585728,64708460544,276993
287.2071,cpu,14871740,21366425,513872289
287.2071,gpu,0,0,0
287.4007,disk0,878491082899456,1971487574,12434622876421026
287.4007,disk0w,1977608822784,18767865,1160261356933
287.4007,disk5,25780765837312,51918248,460722088809677
287.4007,disk5w,225980416,35966,1254168700
287.4007,disk4,30006515217408,30059013,342764829394913
287.4007,disk4w,1447522342912,1490005,590223803968
287.4007,disk8,42508599760896,69082082,717645197797407
287.4007,disk8w,4128768,601,984243925
287.4007,ram,320585728,64708460544,276993
287.4007,cpu,14871740,21366425,513872289
287.4007,gpu,0,0,0
287.6103,disk0,878493384900608,1971492215,12434635640750751
287.6103,disk0w,1977608822784,18767865,1160261356933
287.6103,disk5,25781441415168,51919577,460725841735270
287.6103,disk5w,225980416,35966,1254168700
287.6103,disk4,30006971872256,30059481,342765390531087
287.6103,disk4w,1447522342912,1490005,590223803968
287.6103,disk8,42509961336832,69084791,717662944021901
287.6103,disk8w,4128768,601,984243925
287.6103,ram,320585728,64708460544,276993
287.6103,cpu,14871740,21366425,513872289
287.6103,gpu,0,0,0
287.8103,disk0,878495594086400,1971498114,12434652608805594
287.8103,disk0w,1977608822784,18767865,1160261356933
287.8103,disk5,25782108211200,51920893,460729270242699
287.8103,disk5w,225980416,35966,1254168700
287.8103,disk4,30007454872576,30059976,342766008948706
287.8103,disk4w,1447522342912,1490005,590223803968
287.8103,disk8,42511202572288,69086846,717674401944716
287.8103,disk8w,4128768,601,984243925
287.8103,ram,320585728,64708460544,276993
287.8103,cpu,14871740,21366425,513872289
287.8103,gpu,0,0,0
288.0103,disk0,878497757577216,1971502271,12434663097806166
288.0103,disk0w,1977608822784,18767865,1160261356933
288.0103,disk5,25782880290816,51922421,460734570342190
288.0103,disk5w,225980416,35966,1254168700
288.0103,disk4,30008043254784,30060579,342766734783337
288.0103,disk4w,1447522342912,1490005,590223803968
288.0103,disk8,42512533346304,69089526,717690301871694
288.0103,disk8w,4128768,601,984243925
288.0103,ram,99483648,63620120576,276993
288.0103,cpu,14871778,21366531,513873854
288.0103,gpu,0,0,0
288.2103,disk0,878499411910656,1971509964,12434675499473753
288.2103,disk0w,1977608822784,18767865,1160261356933
288.2103,disk5,25783360595968,51923407,460737624984203
288.2103,disk5w,225980416,35966,1254168700
288.2103,disk4,30008461210624,30061007,342767346429783
288.2103,disk4w,1447522342912,1490005,590223803968
288.2103,disk8,42513595406336,69091088,717702137954949
288.2103,disk8w,4128768,601,984243925
288.2103,ram,99483648,63620120576,276993
288.2103,cpu,14871778,21366531,513873854
288.2103,gpu,21,2,0
288.4090,disk0,878501472460800,1971513524,12434684347455782
288.4090,disk0w,1977608822784,18767865,1160261356933
288.4090,disk5,25784257619968,51925246,460749942124429
288.4090,disk5w,225980416,35966,1254168700
288.4090,disk4,30008947749888,30061506,342767998389782
288.4090,disk4w,1447522342912,1490005,590223803968
288.4090,disk8,42514761406464,69092507,717708510367302
288.4090,disk8w,4128768,601,984243925
288.4090,ram,99483648,63620120576,276993
288.4090,cpu,14871778,21366531,513873854
288.4090,gpu,32,0,0
288.6103,disk0,878503442178048,1971517364,12434692644048868
288.6103,disk0w,1977608822784,18767865,1160261356933
288.6103,disk5,25785073698816,51926918,460755831908466
288.6103,disk5w,225980416,35966,1254168700
288.6103,disk4,30009659077632,30062235,342768947552654
288.6103,disk4w,1447522342912,1490005,590223803968
288.6103,disk8,42516180408320,69094708,717722480427618
288.6103,disk8w,4128768,601,984243925
288.6103,ram,99483648,63620120576,276993
288.6103,cpu,14871778,21366531,513873854
288.6103,gpu,0,0,0
288.8047,disk0,878505354584064,1971521259,12434702067492892
288.8047,disk0w,1977608822784,18767865,1160261356933
288.8047,disk5,25785926600704,51928666,460761844539029
288.8047,disk5w,225980416,35966,1254168700
288.8047,disk4,30010115732480,30062703,342769453533313
288.8047,disk4w,1447522342912,1490005,590223803968
288.8047,disk8,42517449238528,69096666,717736829248264
288.8047,disk8w,4128768,601,984243925
288.8047,ram,99483648,63620120576,276993
288.8047,cpu,14871778,21366531,513873854
288.8047,gpu,0,0,0
289.0103,disk0,878507538194432,1971526202,12434713691820335
289.0103,disk0w,1977608822784,18767865,1160261356933
289.0103,disk5,25786863519744,51930491,460769760893378
289.0103,disk5w,225980416,35966,1254168700
289.0103,disk4,30010704114688,30063306,342770216277162
289.0103,disk4w,1447522342912,1490005,590223803968
289.0103,disk8,42518788040704,69099369,717751026975294
289.0103,disk8w,4128768,601,984243925
289.0103,ram,92684288,64894255104,276993
289.0103,cpu,14871799,21366631,513875517
289.0103,gpu,0,0,0
289.2103,disk0,878509524852736,1971530561,12434724750242185
289.2103,disk0w,1977608822784,18767865,1160261356933
289.2103,disk5,25787705264128,51932155,460777066981770
289.2103,disk5w,225980416,35966,1254168700
289.2103,disk4,30011257369600,30063873,342770919530221
289.2103,disk4w,1447522342912,1490005,590223803968
289.2103,disk8,42520051345408,69101747,717763564649046
289.2103,disk8w,4128768,601,984243925
289.2103,ram,92684288,64894255104,276993
289.2103,cpu,14871799,21366631,513875517
289.2103,gpu,0,0,0
289.4103,disk0,878511572889600,1971540196,12434739034441822
289.4103,disk0w,1977608822784,18767865,1160261356933
289.4103,disk5,25788372584448,51933469,460781077089508
289.4103,disk5w,225980416,35966,1254168700
289.4103,disk4,30011867509760,30064498,342771607484755
289.4103,disk4w,1447522342912,1490005,590223803968
289.4103,disk8,42521405515776,69104033,717779710654326
289.4103,disk8w,4128768,601,984243925
289.4103,ram,92684288,64894255104,276993
289.4103,cpu,14871799,21366631,513875517
289.4103,gpu,0,0,0
289.6103,disk0,878513311330304,1971543126,12434744743885847
289.6103,disk0w,1977608904704,18767869,1160261424431
289.6103,disk5,25789309609984,51935326,460789707777503
289.6103,disk5w,225980416,35966,1254168700
289.6103,disk4,30012328752128,30064971,342772151370569
289.6103,disk4w,1447522342912,1490005,590223803968
289.6103,disk8,42522709211136,69106462,717795290949589
289.6103,disk8w,4128768,601,984243925
289.6103,ram,92684288,64894255104,276993
289.6103,cpu,14871799,21366631,513875517
289.6103,gpu,0,0,0
289.8103,disk0,878514761990144,1971545895,12434751946606567
289.8103,disk0w,1977608904704,18767869,1160261424431
289.8103,disk5,25790086457344,51936919,460797876384088
289.8103,disk5w,225980416,35966,1254168700
289.8103,disk4,30012697588736,30065349,342772608673978
289.8103,disk4w,1447522342912,1490005,590223803968
289.8103,disk8,42523832219648,69108291,717807841206552
289.8103,disk8w,4128768,601,984243925
289.8103,ram,92684288,64894255104,276993
289.8103,cpu,14871799,21366631,513875517
289.8103,gpu,0,0,0
290.0048,disk0,878516679163904,1971549274,12434758675318017
290.0048,disk0w,1977608904704,18767869,1160261424431
290.0048,disk5,25790890625024,51938568,460803343357236
290.0048,disk5w,225980416,35966,1254168700
290.0048,disk4,30013303534592,30065970,342773436813065
290.0048,disk4w,1447522342912,1490005,590223803968
290.0048,disk8,42525161289728,69109892,717818128684044
290.0048,disk8w,4128768,601,984243925
290.0048,ram,94601216,64991363072,276993
290.0048,cpu,14871826,21366768,513877283
290.0048,gpu,33,0,0
290.2015,disk0,878518586179584,1971552871,12434765177601492
290.2015,disk0w,1977608904704,18767869,1160261424431
290.2015,disk5,25791809390592,51940450,460810965967656
290.2015,disk5w,225980416,35966,1254168700
290.2015,disk4,30013891916800,30066573,342774130930784
290.2015,disk4w,1447522342912,1490005,590223803968
290.2015,disk8,42526482266112,69111741,717830067757344
290.2015,disk8w,4128768,601,984243925
290.2015,ram,94601216,64991363072,276993
290.2015,cpu,14871826,21366768,513877283
290.2015,gpu,0,0,0
290.4086,disk0,878520804032512,1971557558,12434777079537325
290.4086,disk0w,1977608904704,18767869,1160261424431
290.4086,disk5,25792708872192,51942297,460818180932799
290.4086,disk5w,225980416,35966,1254168700
290.4086,disk4,30014471517184,30067167,342774855067081
290.4086,disk4w,1447522342912,1490005,590223803968
290.4086,disk8,42527809091584,69113714,717841035397012
290.4086,disk8w,4128768,601,984243925
290.4086,ram,94601216,64991363072,276993
290.4086,cpu,14871826,21366768,513877283
290.4086,gpu,29,0,0
290.6103,disk0,878522811940864,1971561826,12434787143408996
290.6103,disk0w,1977608904704,18767869,1160261424431
290.6103,disk5,25793601685504,51944033,460828041176919
290.6103,disk5w,225980416,35966,1254168700
290.6103,disk4,30014857917440,30067563,342775300454198
290.6103,disk4w,1447522342912,1490005,590223803968
290.6103,disk8,42529027684352,69115993,717854392430343
290.6103,disk8w,4128768,601,984243925
290.6103,ram,94601216,64991363072,276993
290.6103,cpu,14871826,21366768,513877283
290.6103,gpu,0,0,0
290.8103,disk0,878524997681152,1971566731,12434797418922961
290.8103,disk0w,1977608904704,18767869,1160261424431
290.8103,disk5,25794476050432,51945751,460836078405331
290.8103,disk5w,225980416,35966,1254168700
290.8103,disk4,30015484572672,30068205,342776316284024
290.8103,disk4w,1447522342912,1490005,590223803968
290.8103,disk8,42530397386752,69118591,717868378052029
290.8103,disk8w,4128768,601,984243925
290.8103,ram,94601216,64991363072,276993
290.8103,cpu,14871826,21366768,513877283
290.8103,gpu,28,0,0
291.0017,disk0,878526908571648,1971572928,12434808326100238
291.0017,disk0w,1977608904704,18767869,1160261424431
291.0017,disk5,25795216033792,51947212,460840898830565
291.0017,disk5w,225980416,35966,1254168700
291.0017,disk4,30016034681856,30068769,342777074092367
291.0017,disk4w,1447522342912,1490005,590223803968
291.0017,disk8,42531654023168,69120693,717881817874548
291.0017,disk8w,4128768,601,984243925
291.0017,ram,161202176,63237275648,276993
291.0017,cpu,14871843,21366865,513878876
291.0017,gpu,51,0,0
291.2103,disk0,878528768299008,1971576210,12434813543268607
291.2103,disk0w,1977608982528,18767883,1160261701760
291.2103,disk5,25796075849728,51948911,460849111580998
291.2103,disk5w,225980416,35966,1254168700
291.2103,disk4,30016579154944,30069327,342777747991769
291.2103,disk4w,1447522342912,1490005,590223803968
291.2103,disk8,42532998985728,69123319,717897721793292
291.2103,disk8w,4128768,601,984243925
291.2103,ram,161202176,63237275648,276993
291.2103,cpu,14871843,21366865,513878876
291.2103,gpu,0,0,0
291.4103,disk0,878530400251904,1971580018,12434821458672862
291.4103,disk0w,1977608990720,18767884,1160261722885
291.4103,disk5,25796865476608,51950528,460854667763957
291.4103,disk5w,225980416,35966,1254168700
291.4103,disk4,30017149891584,30069912,342779491939321
291.4103,disk4w,1447522342912,1490005,590223803968
291.4103,disk8,42534220445696,69125111,717910923726583
291.4103,disk8w,4128768,601,984243925
291.4103,ram,161202176,63237275648,276993
291.4103,cpu,14871843,21366865,513878876
291.4103,gpu,0,0,0
291.6103,disk0,878532218105856,1971583238,12434831121728476
291.6103,disk0w,1977608990720,18767884,1160261722885
291.6103,disk5,25797635082240,51952104,460859320729146
291.6103,disk5w,225980416,35966,1254168700
291.6103,disk4,30017637086208,30070411,342780041690733
291.6103,disk4w,1447522342912,1490005,590223803968
291.6103,disk8,42535542962176,69126711,717921937178606
291.6103,disk8w,4128768,601,984243925
291.6103,ram,161202176,63237275648,276993
291.6103,cpu,14871843,21366865,513878876
291.6103,gpu,28,0,0
291.8103,disk0,878534094405632,1971586841,12434839012137329
291.8103,disk0w,1977608990720,18767884,1160261722885
291.8103,disk5,25798444730368,51953763,460864728376889
291.8103,disk5w,225980416,35966,1254168700
291.8103,disk4,30018309092352,30071100,342781029887719
291.8103,disk4w,1447522342912,1490005,590223803968
291.8103,disk8,42536903620608,69128716,717936465618807
291.8103,disk8w,4128768,601,984243925
291.8103,ram,161202176,63237275648,276993
291.8103,cpu,14871843,21366865,513878876
291.8103,gpu,0,0,0
292.0103,disk0,878536038133760,1971590914,12434850222755188
292.0103,disk0w,1977608990720,18767884,1160261722885
292.0103,disk5,25799230580736,51955374,460871424952862
292.0103,disk5w,225980416,35966,1254168700
292.0103,disk4,30018783310848,30071586,342781657164195
292.0103,disk4w,1447522342912,1490005,590223803968
292.0103,disk8,42538191403008,69130750,717948517518839
292.0103,disk8w,4128768,601,984243925
292.0103,ram,187400192,64527138816,276993
292.0103,cpu,14871867,21366970,513880606
292.0103,gpu,23,0,0
292.2103,disk0,878538306736128,1971595879,12434863832698978
292.2103,disk0w,1977608998912,18767886,1160261769301
292.2103,disk5,25800020461568,51956920,460877376847592
292.2103,disk5w,225980416,35966,1254168700
292.2103,disk4,30019292656640,30072108,342782269528307
292.2103,disk4w,1447522342912,1490005,590223803968
292.2103,disk8,42539467470848,69133017,717960392849742
292.2103,disk8w,4128768,601,984243925
292.2103,ram,187400192,64527138816,276993
292.2103,cpu,14871867,21366970,513880606
292.2103,gpu,0,0,0
292.4096,disk0,878540289691648,1971600212,12434871170408035
292.4096,disk0w,1977608998912,18767886,1160261769301
292.4096,disk5,25800718682112,51958285,460882262260267
292.4096,disk5w,225980416,35966,1254168700
292.4096,disk4,30019851154432,30072680,342783034790236
292.4096,disk4w,1447522342912,1490005,590223803968
292.4096,disk8,42540785104896,69135443,717978952085170
292.4096,disk8w,4128768,601,984243925
292.4096,ram,187400192,64527138816,276993
292.4096,cpu,14871867,21366970,513880606
292.4096,gpu,0,0,0
292.6103,disk0,878542379036672,1971605167,12434883576452659
292.6103,disk0w,1977608998912,18767886,1160261769301
292.6103,disk5,25801457780736,51959744,460887476575285
292.6103,disk5w,225980416,35966,1254168700
292.6103,disk4,30020416730112,30073260,342783729067869
292.6103,disk4w,1447522342912,1490005,590223803968
292.6103,disk8,42542082439168,69137673,717992594338584
292.6103,disk8w,4128768,601,984243925
292.6103,ram,187400192,64527138816,276993
292.6103,cpu,14871867,21366970,513880606
292.6103,gpu,0,0,0
292.8005,disk0,878544318025728,1971611078,12434895903442282
292.8005,disk0w,1977608998912,18767886,1160261769301
292.8005,disk5,25802059483136,51960932,460889987546098
292.8005,disk5w,225980416,35966,1254168700
292.8005,disk4,30020785566720,30073638,342784157361585
292.8005,disk4w,1447522342912,1490005,590223803968
292.8005,disk8,42543387330560,69140297,718009893198041
292.8005,disk8w,4128768,601,984243925
292.8005,ram,187400192,64527138816,276993
292.8005,cpu,14871867,21366970,513880606
292.8005,gpu,0,0,0
293.0068,disk0,878546111668224,1971614685,12434905326401297
293.0068,disk0w,1977609641984,18767901,1160262080004
293.0068,disk5,25802806536192,51962449,460897927798994
293.0068,disk5w,225980416,35966,1254168700
293.0068,disk4,30021171917824,30074034,342784842998660
293.0068,disk4w,1447523473408,1490207,590231132280
293.0068,disk8,42544510142464,69142130,718021715207771
293.0068,disk8w,4128768,601,984243925
293.0068,ram,207028224,64897269760,276993
293.0068,cpu,14871887,21367084,513882253
293.0068,gpu,0,0,0
293.2005,disk0,878547787161600,1971620678,12434912764228846
293.2005,disk0w,1977614102528,18768314,1160269923157
293.2005,disk5,25803647518720,51964173,460903997060898
293.2005,disk5w,225980416,35966,1254168700
293.2005,disk4,30021760300032,30074637,342785605695379
293.2005,disk4w,1447523473408,1490207,590231132280
293.2005,disk8,42545852237824,69143897,718035200316130
293.2005,disk8w,4128768,601,984243925
293.2005,ram,207028224,64897269760,276993
293.2005,cpu,14871887,21367084,513882253
293.2005,gpu,27,1,0
293.4103,disk0,878549864423424,1971624400,12434921768733720
293.4103,disk0w,1977614102528,18768314,1160269923157
293.4103,disk5,25804585912320,51966096,460911766121173
293.4103,disk5w,225980416,35966,1254168700
293.4103,disk4,30022359561216,30075251,342786372118836
293.4103,disk4w,1447523473408,1490207,590231132280
293.4103,disk8,42547192514560,69145779,718045588391334
293.4103,disk8w,4128768,601,984243925
293.4103,ram,207028224,64897269760,276993
293.4103,cpu,14871887,21367084,513882253
293.4103,gpu,0,0,0
293.6103,disk0,878551889895424,1971628604,12434931893553169
293.6103,disk0w,1977614102528,18768314,1160269923157
293.6103,disk5,25805472434176,51967915,460919281608311
293.6103,disk5w,225980416,35966,1254168700
293.6103,disk4,30022805337088,30075708,342786840432730
293.6103,disk4w,1447523473408,1490207,590231132280
293.6103,disk8,42548554123264,69147729,718057340339728
293.6103,disk8w,4128768,601,984243925
293.6103,ram,207028224,64897269760,276993
293.6103,cpu,14871887,21367084,513882253
293.6103,gpu,0,0,0
293.8029,disk0,878553963044864,1971633016,12434945096209157
293.8029,disk0w,1977614102528,18768314,1160269923157
293.8029,disk5,25806191872000,51969328,460924567756540
293.8029,disk5w,225980416,35966,1254168700
293.8029,disk4,30023206810624,30076119,342787266006640
293.8029,disk4w,1447523473408,1490207,590231132280
293.8029,disk8,42549755529216,69149725,718068888311410
293.8029,disk8w,4128768,601,984243925
293.8029,ram,207028224,64897269760,276993
293.8029,cpu,14871887,21367084,513882253
293.8029,gpu,0,0,0
294.0101,disk0,878556237570048,1971638108,12434955880634743
294.0101,disk0w,1977614102528,18768314,1160269923157
294.0101,disk5,25806867056640,51970652,460927859386503
294.0101,disk5w,225980416,35966,1254168700
294.0101,disk4,30023780119552,30076707,342787941800143
294.0101,disk4w,1447523473408,1490207,590231132280
294.0101,disk8,42551160866816,69152429,718089102504785
294.0101,disk8w,4128768,601,984243925
294.0101,ram,235421696,64502153216,276993
294.0101,cpu,14871903,21367193,513883841
294.0101,gpu,0,0,0
294.2103,disk0,878557980844032,1971642269,12434963948704471
294.2103,disk0w,1977614102528,18768314,1160269923157
294.2103,disk5,25807697938432,51972292,460934018930495
294.2103,disk5w,225980416,35966,1254168700
294.2103,disk4,30024210428928,30077148,342788514448498
294.2103,disk4w,1447523473408,1490207,590231132280
294.2103,disk8,42552501716992,69154767,718104939860016
294.2103,disk8w,4128768,601,984243925
294.2103,ram,235421696,64502153216,276993
294.2103,cpu,14871903,21367193,513883841
294.2103,gpu,0,0,0
294.4027,disk0,878560042409984,1971647718,12434978070737201
294.4027,disk0w,1977614102528,18768314,1160269923157
294.4027,disk5,25808315090944,51973511,460937411482906
294.4027,disk5w,225980416,35966,1254168700
294.4027,disk4,30024684647424,30077634,342789136107507
294.4027,disk4w,1447523473408,1490207,590231132280
294.4027,disk8,42553710123008,69157141,718118281069650
294.4027,disk8w,4128768,601,984243925
294.4027,ram,235421696,64502153216,276993
294.4027,cpu,14871903,21367193,513883841
294.4027,gpu,0,0,0
294.6003,disk0,878561805697024,1971651245,12434988601192150
294.6003,disk0w,1977614102528,18768314,1160269923157
294.6003,disk5,25809016981504,51974924,460943002628790
294.6003,disk5w,225980416,35966,1254168700
294.6003,disk4,30025272931328,30078237,342790893196005
294.6003,disk4w,1447523473408,1490207,590231132280
294.6003,disk8,42554649516032,69158760,718125806993105
294.6003,disk8w,4128768,601,984243925
294.6003,ram,235421696,64502153216,276993
294.6003,cpu,14871903,21367193,513883841
294.6003,gpu,0,0,0
294.8103,disk0,878563997822976,1971655365,12434998463424669
294.8103,disk0w,1977614102528,18768314,1160269923157
294.8103,disk5,25809987323904,51976912,460950736255875
294.8103,disk5w,225980416,35966,1254168700
294.8103,disk4,30025826186240,30078804,342791635512657
294.8103,disk4w,1447523473408,1490207,590231132280
294.8103,disk8,42555965528064,69160612,718136431715448
294.8103,disk8w,4128768,601,984243925
294.8103,ram,235421696,64502153216,276993
294.8103,cpu,14871903,21367193,513883841
294.8103,gpu,0,0,0
295.0103,disk0,878565703249920,1971658398,12435003819824829
295.0103,disk0w,1977614102528,18768314,1160269923157
295.0103,disk5,25810878564352,51978741,460957419736217
295.0103,disk5w,225980416,35966,1254168700
295.0103,disk4,30026326750208,30079317,342792357176985
295.0103,disk4w,1447523473408,1490207,590231132280
295.0103,disk8,42557333575680,69162498,718149644276850
295.0103,disk8w,4128768,601,984243925
295.0103,ram,248889344,64693043200,276993
295.0103,cpu,14871930,21367319,513885540
295.0103,gpu,0,0,0
295.2103,disk0,878567917907968,1971663100,12435014862035939
295.2103,disk0w,1977614102528,18768314,1160269923157
295.2103,disk5,25811854379008,51980741,460964661132915
295.2103,disk5w,225980416,35966,1254168700
295.2103,disk4,30026818532352,30079821,342792937289188
295.2103,disk4w,1447523473408,1490207,590231132280
295.2103,disk8,42558694709248,69164439,718159671070120
295.2103,disk8w,4128768,601,984243925
295.2103,ram,248889344,64693043200,276993
295.2103,cpu,14871930,21367319,513885540
295.2103,gpu,37,0,0
295.4058,disk0,878569940021248,1971667600,12435026594337554
295.4058,disk0w,1977614102528,18768314,1160269923157
295.4058,disk5,25812737804288,51982494,460975317568455
295.4058,disk5w,225980416,35966,1254168700
295.4058,disk4,30027354223616,30080370,342793573568843
295.4058,disk4w,1447523473408,1490207,590231132280
295.4058,disk8,42559865595904,69166282,718167351342860
295.4058,disk8w,4128768,601,984243925
295.4058,ram,248889344,64693043200,276993
295.4058,cpu,14871930,21367319,513885540
295.4058,gpu,0,0,0
295.6103,disk0,878571823951872,1971671728,12435034478340392
295.6103,disk0w,1977614110720,18768316,1160269963323
295.6103,disk5,25813442299904,51983874,460979975584707
295.6103,disk5w,225980416,35966,1254168700
295.6103,disk4,30027854787584,30080883,342794181260756
295.6103,disk4w,1447523473408,1490207,590231132280
295.6103,disk8,42561309812736,69168958,718187054645394
295.6103,disk8w,4128768,601,984243925
295.6103,ram,248889344,64693043200,276993
295.6103,cpu,14871930,21367319,513885540
295.6103,gpu,0,0,0
295.8103,disk0,878573560999936,1971675464,12435040737301670
295.8103,disk0w,1977614110720,18768316,1160269963323
295.8103,disk5,25814061828096,51985097,460985053266633
295.8103,disk5w,225980416,35966,1254168700
295.8103,disk4,30028346569728,30081387,342794819895178
295.8103,disk4w,1447523473408,1490207,590231132280
295.8103,disk8,42562701359104,69171474,718205053775844
295.8103,disk8w,4128768,601,984243925
295.8103,ram,248889344,64693043200,276993
295.8103,cpu,14871930,21367319,513885540
295.8103,gpu,0,0,0
296.0005,disk0,878575525916672,1971681392,12435052235986232
296.0005,disk0w,1977614127104,18768317,1160269989406
296.0005,disk5,25814737537024,51986428,460988818648765
296.0005,disk5w,225980416,35966,1254168700
296.0005,disk4,30028768097280,30081819,342795330443578
296.0005,disk4w,1447523473408,1490207,590231132280
296.0005,disk8,42563998283776,69173943,718222326401257
296.0005,disk8w,4128768,601,984243925
296.0005,ram,257998848,63397199872,276993
296.0005,cpu,14871954,21367434,513887115
296.0005,gpu,0,0,0
296.2103,disk0,878577552474112,1971685137,12435065018235658
296.2103,disk0w,1977614127104,18768317,1160269989406
296.2103,disk5,25815581902848,51988137,460996293540077
296.2103,disk5w,225980416,35966,1254168700
296.2103,disk4,30029268612096,30082332,342796170661162
296.2103,disk4w,1447523473408,1490207,590231132280
296.2103,disk8,42565135890432,69175844,718230956138162
296.2103,disk8w,4128768,601,984243925
296.2103,ram,257998848,63397199872,276993
296.2103,cpu,14871954,21367434,513887115
296.2103,gpu,0,0,0
296.4054,disk0,878579385974784,1971688563,12435074759624847
296.4054,disk0w,1977614127104,18768317,1160269989406
296.4054,disk5,25816316659712,51989646,461002621747237
296.4054,disk5w,225980416,35966,1254168700
296.4054,disk4,30029749122048,30082824,342796790988582
296.4054,disk4w,1447523473408,1490207,590231132280
296.4054,disk8,42566328727552,69177499,718241645000246
296.4054,disk8w,4128768,601,984243925
296.4054,ram,257998848,63397199872,276993
296.4054,cpu,14871954,21367434,513887115
296.4054,gpu,0,0,0
296.6090,disk0,878581114126336,1971691503,12435079885543470
296.6090,disk0w,1977614139392,18768319,1160270021405
296.6090,disk5,25817158928384,51991374,461010194122633
296.6090,disk5w,225980416,35966,1254168700
296.6090,disk4,30030287303680,30083376,342797605346849
296.6090,disk4w,1447523473408,1490207,590231132280
296.6090,disk8,42567686633472,69179323,718254206258269
296.6090,disk8w,4128768,601,984243925
296.6090,ram,257998848,63397199872,276993
296.6090,cpu,14871954,21367434,513887115
296.6090,gpu,0,0,0
296.8103,disk0,878583199940608,1971695939,12435092424159146
296.8103,disk0w,1977614139392,18768319,1160270021405
296.8103,disk5,25818175481856,51993459,461021985787237
296.8103,disk5w,225980416,35966,1254168700
296.8103,disk4,30030761522176,30083862,342798133852186
296.8103,disk4w,1447523473408,1490207,590231132280
296.8103,disk8,42568815622144,69180995,718260943004092
296.8103,disk8w,4128768,601,984243925
296.8103,ram,257998848,63397199872,276993
296.8103,cpu,14871954,21367434,513887115
296.8103,gpu,0,0,0
297.0103,disk0,878585433505792,1971700874,12435104935652896
297.0103,disk0w,1977614139392,18768319,1160270021405
297.0103,disk5,25819080361984,51995275,461030158420746
297.0103,disk5w,225980416,35966,1254168700
297.0103,disk4,30031229056000,30084341,342798648210983
297.0103,disk4w,1447523473408,1490207,590231132280
297.0103,disk8,42570004641792,69182732,718270261411477
297.0103,disk8w,4128768,601,984243925
297.0103,ram,279281664,64602030080,276993
297.0103,cpu,14871976,21367536,513888918
297.0103,gpu,0,0,0
297.2103,disk0,878587170865152,1971704671,12435112354159801
297.2103,disk0w,1977614139392,18768319,1160270021405
297.2103,disk5,25819747158016,51996569,461033928688391
297.2103,disk5w,225980416,35966,1254168700
297.2103,disk4,30031701177344,30084825,342799195345987
297.2103,disk4w,1447523473408,1490207,590231132280
297.2103,disk8,42571403032576,69185469,718291737089145
297.2103,disk8w,4128768,601,984243925
297.2103,ram,279281664,64602030080,276993
297.2103,cpu,14871976,21367536,513888918
297.2103,gpu,0,0,0
297.4040,disk0,878589239885824,1971709197,12435122366495507
297.4040,disk0w,1977614139392,18768319,1160270021405
297.4040,disk5,25820457830400,51997974,461037398269136
297.4040,disk5w,225980416,35966,1254168700
297.4040,disk4,30032192959488,30085329,342799744488898
297.4040,disk4w,1447523473408,1490207,590231132280
297.4040,disk8,42572737181696,69187936,718309186712522
297.4040,disk8w,4128768,601,984243925
297.4040,ram,279281664,64602030080,276993
297.4040,cpu,14871976,21367536,513888918
297.4040,gpu,0,0,0
297.6103,disk0,878591404642304,1971718732,12435140474005103
297.6103,disk0w,1977614139392,18768319,1160270021405
297.6103,disk5,25821094774784,51999231,461041050183929
297.6103,disk5w,225980416,35966,1254168700
297.6103,disk4,30032596923392,30085743,342800183009050
297.6103,disk4w,1447523473408,1490207,590231132280
297.6103,disk8,42574048737280,69190249,718326132590582
297.6103,disk8w,4128768,601,984243925
297.6103,ram,279281664,64602030080,276993
297.6103,cpu,14871976,21367536,513888918
297.6103,gpu,29,0,0
297.8103,disk0,878593046368256,1971721653,12435152196069264
297.8103,disk0w,1977614139392,18768319,1160270021405
297.8103,disk5,25821679200256,52000396,461045467462675
297.8103,disk5w,225980416,35966,1254168700
297.8103,disk4,30033000838144,30086157,342800947290955
297.8103,disk4w,1447523473408,1490207,590231132280
297.8103,disk8,42575077472256,69192288,718339023637084
297.8103,disk8w,4128768,601,984243925
297.8103,ram,279281664,64602030080,276993
297.8103,cpu,14871976,21367536,513888918
297.8103,gpu,0,0,0
298.0103,disk0,878594843533312,1971729190,12435160767758230
298.0103,disk0w,1977614139392,18768319,1160270021405
298.0103,disk5,25822505240576,52002088,461051568564463
298.0103,disk5w,225980416,35966,1254168700
298.0103,disk4,30033534039040,30086703,342801695274741
298.0103,disk4w,1447523473408,1490207,590231132280
298.0103,disk8,42576463935488,69194357,718354134071537
298.0103,disk8w,4128768,601,984243925
298.0103,ram,284557312,64827031552,276993
298.0103,cpu,14871995,21367641,513890507
298.0103,gpu,0,0,0
298.2103,disk0,878596854603776,1971732682,12435168789751579
298.2103,disk0w,1977614139392,18768319,1160270021405
298.2103,disk5,25823303124992,52003726,461056686847382
298.2103,disk5w,225980416,35966,1254168700
298.2103,disk4,30033984402432,30087165,342802259845296
298.2103,disk4w,1447523473408,1490207,590231132280
298.2103,disk8,42577805621248,69195972,718365603642999
298.2103,disk8w,4128768,601,984243925
298.2103,ram,284557312,64827031552,276993
298.2103,cpu,14871995,21367641,513890507
298.2103,gpu,0,0,0
298.4076,disk0,878598818275328,1971736387,12435176562575999
298.4076,disk0w,1977614139392,18768319,1160270021405
298.4076,disk5,25824055035904,52005267,461063347520619
298.4076,disk5w,225980416,35966,1254168700
298.4076,disk4,30034566099968,30087761,342802916500848
298.4076,disk4w,1447523473408,1490207,590231132280
298.4076,disk8,42579102464000,69197914,718379354637937
298.4076,disk8w,4128768,601,984243925
298.4076,ram,284557312,64827031552,276993
298.4076,cpu,14871995,21367641,513890507
298.4076,gpu,0,0,0
298.6103,disk0,878601036296192,1971740989,12435186874243377
298.6103,disk0w,1977614139392,18768319,1160270021405
298.6103,disk5,25825077512192,52007362,461072906368043
298.6103,disk5w,225980416,35966,1254168700
298.6103,disk4,30035117257728,30088326,342803647431658
298.6103,disk4w,1447523473408,1490207,590231132280
298.6103,disk8,42580367374336,69199842,718389055240218
298.6103,disk8w,4128768,601,984243925
298.6103,ram,284557312,64827031552,276993
298.6103,cpu,14871995,21367641,513890507
298.6103,gpu,0,0,0
298.8103,disk0,878603110838272,1971745358,12435198596865726
298.8103,disk0w,1977614139392,18768319,1160270021405
298.8103,disk5,25825836091392,52008832,461078047725217
298.8103,disk5w,225980416,35966,1254168700
298.8103,disk4,30035604452352,30088825,342804272370417
298.8103,disk4w,1447523473408,1490207,590231132280
298.8103,disk8,42581683025920,69202169,718402848977872
298.8103,disk8w,4128768,601,984243925
298.8103,ram,284557312,64827031552,276993
298.8103,cpu,14871995,21367641,513890507
298.8103,gpu,37,0,0
299.0103,disk0,878605023948800,1971749389,12435210118504287
299.0103,disk0w,1977614139392,18768319,1160270021405
299.0103,disk5,25826336196608,52009817,461080191339879
299.0103,disk5w,225980416,35966,1254168700
299.0103,disk4,30036118385664,30089352,342804855693576
299.0103,disk4w,1447523473408,1490207,590231132280
299.0103,disk8,42582962173952,69204514,718419802967155
299.0103,disk8w,4128768,601,984243925
299.0103,ram,290340864,63052644352,276993
299.0103,cpu,14872014,21367740,513892101
299.0103,gpu,37,0,0
299.2025,disk0,878607304511488,1971759275,12435231872372312
299.2025,disk0w,1977614139392,18768319,1160270021405
299.2025,disk5,25827092318208,52011310,461084613202630
299.2025,disk5w,225980416,35966,1254168700
299.2025,disk4,30036592604160,30089838,342805519688128
299.2025,disk4w,1447523473408,1490207,590231132280
299.2025,disk8,42584099371008,69206402,718430683269096
299.2025,disk8w,4128768,601,984243925
299.2025,ram,290340864,63052644352,276993
299.2025,cpu,14872014,21367740,513892101
299.2025,gpu,0,0,0
299.4103,disk0,878609256960000,1971762932,12435242373100314
299.4103,disk0w,1977614139392,18768319,1160270021405
299.4103,disk5,25827854043136,52012823,461089609898820
299.4103,disk5w,225980416,35966,1254168700
299.4103,disk4,30037119513600,30090378,342806171526411
299.4103,disk4w,1447523473408,1490207,590231132280
299.4103,disk8,42585359742976,69208862,718444502538866
299.4103,disk8w,4128768,601,984243925
299.4103,ram,290340864,63052644352,276993
299.4103,cpu,14872014,21367740,513892101
299.4103,gpu,23,0,0
299.6103,disk0,878611215917056,1971770295,12435257062110239
299.6103,disk0w,1977614139392,18768319,1160270021405
299.6103,disk5,25828575578112,52014299,461095998491947
299.6103,disk5w,225980416,35966,1254168700
299.6103,disk4,30037655139328,30090927,342807423625364
299.6103,disk4w,1447523473408,1490207,590231132280
299.6103,disk8,42586444068864,69210567,718455395836933
299.6103,disk8w,4128768,601,984243925
299.6103,ram,290340864,63052644352,276993
299.6103,cpu,14872014,21367740,513892101
299.6103,gpu,24,0,0
299.8055,disk0,878613309906944,1971774038,12435266326355972
299.8055,disk0w,1977614139392,18768319,1160270021405
299.8055,disk5,25829455562752,52016103,461104149895209
299.8055,disk5w,225980416,35966,1254168700
299.8055,disk4,30038190830592,30091476,342808039176732
299.8055,disk4w,1447523473408,1490207,590231132280
299.8055,disk8,42587666823168,69211991,718463431439735
299.8055,disk8w,4128768,601,984243925
299.8055,ram,290340864,63052644352,276993
299.8055,cpu,14872014,21367740,513892101
299.8055,gpu,0,0,0
300.0103,disk0,878615327608832,1971778020,12435273556067181
300.0103,disk0w,1977614139392,18768319,1160270021405
300.0103,disk5,25830430722048,52018099,461113114173711
300.0103,disk5w,225980416,35966,1254168700
300.0103,disk4,30038849467392,30092151,342809018518043
300.0103,disk4w,1447523473408,1490207,590231132280
300.0103,disk8,42589064706048,69214177,718475735559634
300.0103,disk8w,4128768,601,984243925
300.0103,ram,324386816,64726712320,276993
300.0103,cpu,14872039,21367872,513893939
300.0103,gpu,39,0,0
300.2083,disk0,878617191567360,1971781929,12435281617080686
300.2083,disk0w,1977614139392,18768319,1160270021405
300.2083,disk5,25831191693312,52019647,461119703797176
300.2083,disk5w,225980416,35966,1254168700
300.2083,disk4,30039306122240,30092619,342809581399097
300.2083,disk4w,1447523473408,1490207,590231132280
300.2083,disk8,42590352750592,69216124,718488857089869
300.2083,disk8w,4128768,601,984243925
300.2083,ram,324386816,64726712320,276993
300.2083,cpu,14872039,21367872,513893939
300.2083,gpu,0,0,0
300.4086,disk0,878619118424064,1971786149,12435291949491600
300.4086,disk0w,1977614139392,18768319,1160270021405
300.4086,disk5,25831872366592,52020966,461123733397565
300.4086,disk5w,225980416,35966,1254168700
300.4086,disk4,30039771558912,30093096,342810105019642
300.4086,disk4w,1447523473408,1490207,590231132280
300.4086,disk8,42591673169920,69218603,718507261103915
300.4086,disk8w,4128768,601,984243925
300.4086,ram,324386816,64726712320,276993
300.4086,cpu,14872039,21367872,513893939
300.4086,gpu,31,0,0
300.6103,disk0,878621047246848,1971790331,12435299786021528
300.6103,disk0w,1977614139392,18768319,1160270021405
300.6103,disk5,25832609351680,52022422,461128081598113
300.6103,disk5w,225980416,35966,1254168700
300.6103,disk4,30040499008512,30093841,342811237276519
300.6103,disk4w,1447523473408,1490207,590231132280
300.6103,disk8,42593087436800,69221129,718524339661988
300.6103,disk8w,4128768,601,984243925
300.6103,ram,324386816,64726712320,276993
300.6103,cpu,14872039,21367872,513893939
300.6103,gpu,0,0,0
300.8103,disk0,878622531063808,1971796032,12435305853028561
300.8103,disk0w,1977614139392,18768319,1160270021405
300.8103,disk5,25833179645952,52023549,461130841436011
300.8103,disk5w,225980416,35966,1254168700
300.8103,disk4,30040842941440,30094194,342811594812656
300.8103,disk4w,1447523473408,1490207,590231132280
300.8103,disk8,42594505209856,69223444,718546674701339
300.8103,disk8w,4128768,601,984243925
300.8103,ram,324386816,64726712320,276993
300.8103,cpu,14872039,21367872,513893939
300.8103,gpu,0,0,0
301.0093,disk0,878624226152448,1971799099,12435315089380852
301.0093,disk0w,1977614139392,18768319,1160270021405
301.0093,disk5,25833899083776,52024985,461136566289565
301.0093,disk5w,225980416,35966,1254168700
301.0093,disk4,30041281950720,30094644,342812737644169
301.0093,disk4w,1447523473408,1490207,590231132280
301.0093,disk8,42595531831296,69225460,718558692663548
301.0093,disk8w,4128768,601,984243925
301.0093,ram,324632576,64472907776,276993
301.0093,cpu,14872060,21367979,513895527
301.0093,gpu,0,0,0
301.2103,disk0,878626351407104,1971804020,12435326511576700
301.2103,disk0w,1977614139392,18768319,1160270021405
301.2103,disk5,25834771359744,52026768,461141729915881
301.2103,disk5w,225980416,35966,1254168700
301.2103,disk4,30041879114752,30095256,342813484995587
301.2103,disk4w,1447523473408,1490207,590231132280
301.2103,disk8,42596868913152,69227571,718572505592844
301.2103,disk8w,4128768,601,984243925
301.2103,ram,324632576,64472907776,276993
301.2103,cpu,14872060,21367979,513895527
301.2103,gpu,0,0,0
301.4004,disk0,878627907362816,1971806529,12435330809560474
301.4004,disk0w,1977614139392,18768319,1160270021405
301.4004,disk5,25835536861184,52028336,461148544237648
301.4004,disk5w,225980416,35966,1254168700
301.4004,disk4,30042328036352,30095716,342813975323270
301.4004,disk4w,1447523473408,1490207,590231132280
301.4004,disk8,42598145275904,69229145,718585209628820
301.4004,disk8w,4128768,601,984243925
301.4004,ram,324632576,64472907776,276993
301.4004,cpu,14872060,21367979,513895527
301.4004,gpu,0,0,0
301.6064,disk0,878629916352512,1971810623,12435337835129506
301.6064,disk0w,1977614139392,18768319,1160270021405
301.6064,disk5,25836458526720,52030224,461155198202108
301.6064,disk5w,225980416,35966,1254168700
301.6064,disk4,30042845115392,30096246,342814550466587
301.6064,disk4w,1447523473408,1490207,590231132280
301.6064,disk8,42599598225408,69231276,718599783771313
301.6064,disk8w,4128768,601,984243925
301.6064,ram,324632576,64472907776,276993
301.6064,cpu,14872060,21367979,513895527
301.6064,gpu,0,0,0
301.8047,disk0,878632163844096,1971815583,12435352243372184
301.8047,disk0w,1977614139392,18768319,1160270021405
301.8047,disk5,25837276956672,52031860,461160628754980
301.8047,disk5w,225980416,35966,1254168700
301.8047,disk4,30043451061248,30096867,342815329556385
301.8047,disk4w,1447523473408,1490207,590231132280
301.8047,disk8,42600907208704,69233409,718610393827799
301.8047,disk8w,4128768,601,984243925
301.8047,ram,324632576,64472907776,276993
301.8047,cpu,14872060,21367979,513895527
301.8047,gpu,0,0,0
302.0103,disk0,878634018234368,1971819754,12435362309627465
302.0103,disk0w,1977614139392,18768319,1160270021405
302.0103,disk5,25837927778304,52033129,461164270423396
302.0103,disk5w,225980416,35966,1254168700
302.0103,disk4,30043954770944,30097383,342815945265388
302.0103,disk4w,1447523473408,1490207,590231132280
302.0103,disk8,42602348083200,69236177,718630801224288
302.0103,disk8w,4128768,601,984243925
302.0103,ram,327024640,64481083392,276993
302.0103,cpu,14872077,21368077,513897195
302.0103,gpu,0,0,0
302.2052,disk0,878635837710336,1971823498,12435369108252202
302.2052,disk0w,1977614139392,18768319,1160270021405
302.2052,disk5,25838505265152,52034267,461167579698347
302.2052,disk5w,225980416,35966,1254168700
302.2052,disk4,30044557571072,30098001,342816707782716
302.2052,disk4w,1447523473408,1490207,590231132280
302.2052,disk8,42603713001472,69238549,718648995134535
302.2052,disk8w,4128768,601,984243925
302.2052,ram,327024640,64481083392,276993
302.2052,cpu,14872077,21368077,513897195
302.2052,gpu,0,0,0
302.4051,disk0,878637320282112,1971833127,12435377918242965
302.4051,disk0w,1977614139392,18768319,1160270021405
302.4051,disk5,25839147190272,52035539,461171501858228
302.4051,disk5w,225980416,35966,1254168700
302.4051,disk4,30044935189504,30098388,342817093762874
302.4051,disk4w,1447523473408,1490207,590231132280
302.4051,disk8,42605131184128,69240863,718669644260220
302.4051,disk8w,4128768,601,984243925
302.4051,ram,327024640,64481083392,276993
302.4051,cpu,14872077,21368077,513897195
302.4051,gpu,0,0,0
302.6041,disk0,878639048527872,1971836217,12435385863488121
302.6041,disk0w,1977614139392,18768319,1160270021405
302.6041,disk5,25839812929536,52036876,461177403442817
302.6041,disk5w,225980416,35966,1254168700
302.6041,disk4,30045435687936,30098901,342818217159988
302.6041,disk4w,1447523473408,1490207,590231132280
302.6041,disk8,42606194571264,69242873,718682880985171
302.6041,disk8w,4128768,601,984243925
302.6041,ram,327024640,64481083392,276993
302.6041,cpu,14872077,21368077,513897195
302.6041,gpu,0,0,0
302.8103,disk0,878640966144000,1971841326,12435394324466729
302.8103,disk0w,1977614139392,18768319,1160270021405
302.8103,disk5,25840610936832,52038512,461184163971668
302.8103,disk5w,225980416,35966,1254168700
302.8103,disk4,30045980161024,30099459,342818913617845
302.8103,disk4w,1447523473408,1490207,590231132280
302.8103,disk8,42607569532928,69244824,718697392976994
302.8103,disk8w,4128768,601,984243925
302.8103,ram,327024640,64481083392,276993
302.8103,cpu,14872077,21368077,513897195
302.8103,gpu,0,0,0
303.0085,disk0,878642617126912,1971844075,12435399747814284
303.0085,disk0w,1977614139392,18768319,1160270021405
303.0085,disk5,25841422690304,52040175,461192651341786
303.0085,disk5w,225980416,35966,1254168700
303.0085,disk4,30046537610240,30100030,342819647726698
303.0085,disk4w,1447523473408,1490207,590231132280
303.0085,disk8,42608841209856,69246486,718708628125222
303.0085,disk8w,4128768,601,984243925
303.0085,ram,325926912,64919355392,276993
303.0085,cpu,14872093,21368176,513898867
303.0085,gpu,0,0,0
303.2103,disk0,878644566315008,1971847869,12435407854490222
303.2103,disk0w,1977614139392,18768319,1160270021405
303.2103,disk5,25842365679616,52042109,461201649493340
303.2103,disk5w,225980416,35966,1254168700
303.2103,disk4,30047045907456,30100551,342820258121068
303.2103,disk4w,1447523473408,1490207,590231132280
303.2103,disk8,42610201376768,69248533,718720411569158
303.2103,disk8w,4128768,601,984243925
303.2103,ram,325926912,64919355392,276993
303.2103,cpu,14872093,21368176,513898867
303.2103,gpu,23,1,0
303.4103,disk0,878646812069888,1971852648,12435417792098151
303.4103,disk0w,1977614139392,18768319,1160270021405
303.4103,disk5,25843313231872,52043998,461209266479337
303.4103,disk5w,225980416,35966,1254168700
303.4103,disk4,30047569671168,30101088,342820864194189
303.4103,disk4w,1447523473408,1490207,590231132280
303.4103,disk8,42611495057408,69250470,718731455637371
303.4103,disk8w,4128768,601,984243925
303.4103,ram,325926912,64919355392,276993
303.4103,cpu,14872093,21368176,513898867
303.4103,gpu,32,0,0
303.6103,disk0,878648727621632,1971856830,12435425058357959
303.6103,disk0w,1977614139392,18768319,1160270021405
303.6103,disk5,25843944933376,52045226,461212652390262
303.6103,disk5w,225980416,35966,1254168700
303.6103,disk4,30048061453312,30101592,342821410000982
303.6103,disk4w,1447523473408,1490207,590231132280
303.6103,disk8,42612907358208,69253296,718753009076979
303.6103,disk8w,4128768,601,984243925
303.6103,ram,325926912,64919355392,276993
303.6103,cpu,14872093,21368176,513898867
303.6103,gpu,0,0,0
303.8067,disk0,878650552537088,1971860637,12435431475071362
303.8067,disk0w,1977614139392,18768319,1160270021405
303.8067,disk5,25844664371200,52046648,461217793477334
303.8067,disk5w,225980416,35966,1254168700
303.8067,disk4,30048553235456,30102096,342821988090861
303.8067,disk4w,1447523473408,1490207,590231132280
303.8067,disk8,42614245406720,69255802,718772216769272
303.8067,disk8w,4128768,601,984243925
303.8067,ram,325926912,64919355392,276993
303.8067,cpu,14872093,21368176,513898867
303.8067,gpu,0,0,0
304.0052,disk0,878652694007808,1971871607,12435447709629432
304.0052,disk0w,1977614139392,18768319,1160270021405
304.0052,disk5,25845410138112,52048123,461221338213426
304.0052,disk5w,225980416,35966,1254168700
304.0052,disk4,30049023915008,30102578,342822608339370
304.0052,disk4w,1447523473408,1490207,590231132280
304.0052,disk8,42615635949568,69258205,718787451045476
304.0052,disk8w,4128768,601,984243925
304.0052,ram,325959680,63354847232,276993
304.0052,cpu,14872114,21368284,513900588
304.0052,gpu,0,0,0
304.2103,disk0,878654437593088,1971874842,12435459776514647
304.2103,disk0w,1977614139392,18768319,1160270021405
304.2103,disk5,25846094481408,52049490,461226981472327
304.2103,disk5w,225980416,35966,1254168700
304.2103,disk4,30049410266112,30102974,342823287117365
304.2103,disk4w,1447523473408,1490207,590231132280
304.2103,disk8,42616731039744,69260373,718800602459277
304.2103,disk8w,4128768,601,984243925
304.2103,ram,325959680,63354847232,276993
304.2103,cpu,14872114,21368284,513900588
304.2103,gpu,0,0,0
304.4103,disk0,878656675667968,1971880666,12435473443578279
304.4103,disk0w,1977614139392,18768319,1160270021405
304.4103,disk5,25846841821184,52051018,461233098253951
304.4103,disk5w,225980416,35966,1254168700
304.4103,disk4,30049961423872,30103539,342823910148679
304.4103,disk4w,1447523473408,1490207,590231132280
304.4103,disk8,42618015545344,69262206,718811354064706
304.4103,disk8w,4128768,601,984243925
304.4103,ram,325959680,63354847232,276993
304.4103,cpu,14872114,21368284,513900588
304.4103,gpu,0,0,0
304.6017,disk0,878658148327424,1971883045,12435478410820143
304.6017,disk0w,1977614139392,18768319,1160270021405
304.6017,disk5,25847903283200,52053195,461250266791863
304.6017,disk5w,225980416,35966,1254168700
304.6017,disk4,30050493969408,30104085,342824544278840
304.6017,disk4w,1447523473408,1490207,590231132280
304.6017,disk8,42619009218560,69263509,718816265793515
304.6017,disk8w,4128768,601,984243925
304.6017,ram,325959680,63354847232,276993
304.6017,cpu,14872114,21368284,513900588
304.6017,gpu,0,0,0
304.8039,disk0,878660002865152,1971886673,12435485243326583
304.8039,disk0w,1977614139392,18768319,1160270021405
304.8039,disk5,25848982587392,52055407,461267913335726
304.8039,disk5w,225980416,35966,1254168700
304.8039,disk4,30050976969728,30104580,342825187901263
304.8039,disk4w,1447523473408,1490207,590231132280
304.8039,disk8,42620204693504,69265356,718822631442123
304.8039,disk8w,4128768,601,984243925
304.8039,ram,325959680,63354847232,276993
304.8039,cpu,14872114,21368284,513900588
304.8039,gpu,0,0,0
305.0103,disk0,878662196191232,1971891547,12435500386937076
305.0103,disk0w,1977614139392,18768319,1160270021405
305.0103,disk5,25849832048640,52057125,461275136860226
305.0103,disk5w,225980416,35966,1254168700
305.0103,disk4,30051512660992,30105129,342825789370570
305.0103,disk4w,1447523473408,1490207,590231132280
305.0103,disk8,42621417338880,69267202,718832123831212
305.0103,disk8w,4128768,601,984243925
305.0103,ram,326991872,64495943680,276993
305.0103,cpu,14872130,21368378,513902188
305.0103,gpu,0,0,0
305.2103,disk0,878664384753664,1971896296,12435513081097903
305.2103,disk0w,1977614139392,18768319,1160270021405
305.2103,disk5,25850539710464,52058497,461279680655687
305.2103,disk5w,225980416,35966,1254168700
305.2103,disk4,30051958043648,30105585,342826254682672
305.2103,disk4w,1447523473408,1490207,590231132280
305.2103,disk8,42622746511360,69269937,718848105947552
305.2103,disk8w,4128768,601,984243925
305.2103,ram,326991872,64495943680,276993
305.2103,cpu,14872130,21368378,513902188
305.2103,gpu,0,0,0
305.4103,disk0,878666611965952,1971901137,12435524624465568
305.4103,disk0w,1977614139392,18768319,1160270021405
305.4103,disk5,25851400050688,52060197,461286192152776
305.4103,disk5w,225980416,35966,1254168700
305.4103,disk4,30052543280128,30106185,342827057188799
305.4103,disk4w,1447523473408,1490207,590231132280
305.4103,disk8,42624099420160,69272424,718861372273505
305.4103,disk8w,4128768,601,984243925
305.4103,ram,326991872,64495943680,276993
305.4103,cpu,14872130,21368378,513902188
305.4103,gpu,32,0,0
305.6103,disk0,878668322156544,1971907573,12435532625368951
305.6103,disk0w,1977614139392,18768319,1160270021405
305.6103,disk5,25852007913472,52061402,461288923765002
305.6103,disk5w,225980416,35966,1254168700
305.6103,disk4,30053005571072,30106659,342827550307101
305.6103,disk4w,1447523473408,1490207,590231132280
305.6103,disk8,42625507198976,69274800,718881938633141
305.6103,disk8w,4128768,601,984243925
305.6103,ram,326991872,64495943680,276993
305.6103,cpu,14872130,21368378,513902188
305.6103,gpu,0,0,0
305.8092,disk0,878670033154048,1971910686,12435540726249350
305.8092,disk0w,1977614139392,18768319,1160270021405
305.8092,disk5,25852723017728,52062827,461294219239970
305.8092,disk5w,225980416,35966,1254168700
305.8092,disk4,30053541164032,30107208,342829269589873
305.8092,disk4w,1447523473408,1490207,590231132280
305.8092,disk8,42626668693504,69276978,718895873385811
305.8092,disk8w,4128768,601,984243925
305.8092,ram,326991872,64495943680,276993
305.8092,cpu,14872130,21368378,513902188
305.8092,gpu,0,0,0
306.0017,disk0,878672213274624,1971915017,12435552622386862
306.0017,disk0w,1977614139392,18768319,1160270021405
306.0017,disk5,25853517502464,52064457,461298934901172
306.0017,disk5w,225980416,35966,1254168700
306.0017,disk4,30054068073472,30107748,342829984226734
306.0017,disk4w,1447523473408,1490207,590231132280
306.0017,disk8,42627936045056,69278895,718906140295252
306.0017,disk8w,4128768,601,984243925
306.0017,ram,329826304,64743243776,276993
306.0017,cpu,14872159,21368504,513903817
306.0017,gpu,0,0,0
306.2103,disk0,878674449920000,1971918724,12435560902634127
306.2103,disk0w,1977614139392,18768319,1160270021405
306.2103,disk5,25854420670464,52066307,461305881301432
306.2103,disk5w,225980416,35966,1254168700
306.2103,disk4,30054744273920,30108441,342830839494262
306.2103,disk4w,1447523473408,1490207,590231132280
306.2103,disk8,42629322147840,69280631,718917196271969
306.2103,disk8w,4128768,601,984243925
306.2103,ram,329826304,64743243776,276993
306.2103,cpu,14872159,21368504,513903817
306.2103,gpu,0,0,0
306.4103,disk0,878675980922880,1971921619,12435565147979819
306.4103,disk0w,1977614139392,18768319,1160270021405
306.4103,disk5,25855473506304,52068467,461322118312018
306.4103,disk5w,225980416,35966,1254168700
306.4103,disk4,30055183365120,30108891,342831336715864
306.4103,disk4w,1447523473408,1490207,590231132280
306.4103,disk8,42630546458624,69282387,718925475873619
306.4103,disk8w,4128768,601,984243925
306.4103,ram,329826304,64743243776,276993
306.4103,cpu,14872159,21368504,513903817
306.4103,gpu,0,0,0
306.6088,disk0,878678251155456,1971926604,12435578133965706
306.6088,disk0w,1977614139392,18768319,1160270021405
306.6088,disk5,25856210491392,52069941,461327036684629
306.6088,disk5w,225980416,35966,1254168700
306.6088,disk4,30055736620032,30109458,342832020818885
306.6088,disk4w,1447523473408,1490207,590231132280
306.6088,disk8,42631860930560,69284361,718937417398713
306.6088,disk8w,4128768,601,984243925
306.6088,ram,329826304,64743243776,276993
306.6088,cpu,14872159,21368504,513903817
306.6088,gpu,0,0,0
306.8103,disk0,878680045989888,1971930757,12435587835687908
306.8103,disk0w,1977614139392,18768319,1160270021405
306.8103,disk5,25856864843776,52071213,461331105605635
306.8103,disk5w,225980416,35966,1254168700
306.8103,disk4,30056245965824,30109980,342832654777835
306.8103,disk4w,1447523473408,1490207,590231132280
306.8103,disk8,42633236613120,69286978,718957172113185
306.8103,disk8w,4128768,601,984243925
306.8103,ram,329826304,64743243776,276993
306.8103,cpu,14872159,21368504,513903817
306.8103,gpu,0,0,0
307.0051,disk0,878681639120896,1971934044,12435593631775233
307.0051,disk0w,1977614139392,18768319,1160270021405
307.0051,disk5,25857461590016,52072391,461334679310489
307.0051,disk5w,225980416,35966,1254168700
307.0051,disk4,30056781657088,30110529,342833302799064
307.0051,disk4w,1447523473408,1490207,590231132280
307.0051,disk8,42634583574528,69289371,718976927941478
307.0051,disk8w,4128768,601,984243925
307.0051,ram,326729728,63226494976,276993
307.0051,cpu,14872177,21368604,513905556
307.0051,gpu,0,0,0
307.2103,disk0,878683246538752,1971939842,12435600209657559
307.2103,disk0w,1977614139392,18768319,1160270021405
307.2103,disk5,25858193332224,52073845,461338774266697
307.2103,disk5w,225980416,35966,1254168700
307.2103,disk4,30057273439232,30111033,342833850141982
307.2103,disk4w,1447523473408,1490207,590231132280
307.2103,disk8,42636037588992,69292062,719000877816091
307.2103,disk8w,4128768,601,984243925
307.2103,ram,326729728,63226494976,276993
307.2103,cpu,14872177,21368604,513905556
307.2103,gpu,0,0,0
307.4064,disk0,878684927062016,1971943217,12435610247149994
307.4064,disk0w,1977614139392,18768319,1160270021405
307.4064,disk5,25858772252672,52075012,461344072007926
307.4064,disk5w,225980416,35966,1254168700
307.4064,disk4,30057817830400,30111591,342835377046924
307.4064,disk4w,1447523473408,1490207,590231132280
307.4064,disk8,42637054593024,69293945,719012018401101
307.4064,disk8w,4128768,601,984243925
307.4064,ram,326729728,63226494976,276993
307.4064,cpu,14872177,21368604,513905556
307.4064,gpu,0,0,0
307.6031,disk0,878686596575232,1971946810,12435615833018156
307.6031,disk0w,1977614139392,18768319,1160270021405
307.6031,disk5,25859640989696,52076790,461349764531459
307.6031,disk5w,225980416,35966,1254168700
307.6031,disk4,30058292048896,30112077,342835913941973
307.6031,disk4w,1447523473408,1490207,590231132280
307.6031,disk8,42638405847040,69295884,719027572179919
307.6031,disk8w,4128768,601,984243925
307.6031,ram,326729728,63226494976,276993
307.6031,cpu,14872177,21368604,513905556
307.6031,gpu,0,0,0
307.8103,disk0,878688814600192,1971950901,12435626034408617
307.8103,disk0w,1977614139392,18768319,1160270021405
307.8103,disk5,25860597831680,52078753,461359165774327
307.8103,disk5w,225980416,35966,1254168700
307.8103,disk4,30058862867456,30112662,342836641576242
307.8103,disk4w,1447523473408,1490207,590231132280
307.8103,disk8,42639733475328,69297631,719036917011212
307.8103,disk8w,4128768,601,984243925
307.8103,ram,326729728,63226494976,276993
307.8103,cpu,14872177,21368604,513905556
307.8103,gpu,0,0,0
308.0055,disk0,878690974330880,1971955554,12435635894096876
308.0055,disk0w,1977614139392,18768319,1160270021405
308.0055,disk5,25861509765120,52080623,461370924901649
308.0055,disk5w,225980416,35966,1254168700
308.0055,disk4,30059424904192,30113238,342837350444431
308.0055,disk4w,1447523473408,1490207,590231132280
308.0055,disk8,42640870656000,69299370,719045038097846
308.0055,disk8w,4128768,601,984243925
308.0055,ram,332759040,64895057920,276993
308.0055,cpu,14872192,21368695,513907162
308.0055,gpu,0,0,0
308.2103,disk0,878693154959360,1971960247,12435647898389982
308.2103,disk0w,1977614139392,18768319,1160270021405
308.2103,disk5,25862211672064,52081991,461375674642850
308.2103,disk5w,225980416,35966,1254168700
308.2103,disk4,30059855213568,30113679,342837853923243
308.2103,disk4w,1447523473408,1490207,590231132280
308.2103,disk8,42642279024640,69301722,719059447930764
308.2103,disk8w,4128768,601,984243925
308.2103,ram,332759040,64895057920,276993
308.2103,cpu,14872192,21368695,513907162
308.2103,gpu,0,0,0
308.4029,disk0,878694924152832,1971964208,12435655368009675
308.4029,disk0w,1977614139392,18768319,1160270021405
308.4029,disk5,25862831593472,52083206,461379513902739
308.4029,disk5w,225980416,35966,1254168700
308.4029,disk4,30060487504896,30114327,342838643305063
308.4029,disk4w,1447523473408,1490207,590231132280
308.4029,disk8,42643643189248,69304326,719079257911395
308.4029,disk8w,4128768,601,984243925
308.4029,ram,332759040,64895057920,276993
308.4029,cpu,14872192,21368695,513907162
308.4029,gpu,0,0,0
308.6103,disk0,878696807231488,1971971917,12435667005020324
308.6103,disk0w,1977614139392,18768319,1160270021405
308.6103,disk5,25863606671360,52084740,461383826179309
308.6103,disk5w,225980416,35966,1254168700
308.6103,disk4,30060975748096,30114827,342839173220064
308.6103,disk4w,1447523473408,1490207,590231132280
308.6103,disk8,42645091223552,69306897,719097880818398
308.6103,disk8w,4128768,601,984243925
308.6103,ram,332759040,64895057920,276993
308.6103,cpu,14872192,21368695,513907162
308.6103,gpu,0,0,0
308.8103,disk0,878698491834368,1971974935,12435673952132053
308.8103,disk0w,1977614147584,18768321,1160270070155
308.8103,disk5,25864268609536,52086058,461387617664384
308.8103,disk5w,225980416,35966,1254168700
308.8103,disk4,30061511767040,30115377,342840612339655
308.8103,disk4w,1447523473408,1490207,590231132280
308.8103,disk8,42646324611072,69309299,719116759497350
308.8103,disk8w,4128768,601,984243925
308.8103,ram,332759040,64895057920,276993
308.8103,cpu,14872192,21368695,513907162
308.8103,gpu,0,0,0
309.0038,disk0,878700553744384,1971987200,12435689435557448
309.0038,disk0w,1977614147584,18768321,1160270070155
309.0038,disk5,25865019095040,52087596,461392430053906
309.0038,disk5w,225980416,35966,1254168700
309.0038,disk4,30062147204096,30116028,342841739326220
309.0038,disk4w,1447523473408,1490207,590231132280
309.0038,disk8,42647615522816,69311202,719127006063341
309.0038,disk8w,4128768,601,984243925
309.0038,ram,332087296,64912605184,276993
309.0038,cpu,14872210,21368806,513908816
309.0038,gpu,0,0,0
309.2103,disk0,878702447276032,1971990309,12435695387333544
309.2103,disk0w,1977614147584,18768321,1160270070155
309.2103,disk5,25866028193792,52089665,461403433947856
309.2103,disk5w,225980416,35966,1254168700
309.2103,disk4,30062472131584,30116361,342842114190072
309.2103,disk4w,1447523473408,1490207,590231132280
309.2103,disk8,42648886298624,69312720,719136333448683
309.2103,disk8w,4128768,601,984243925
309.2103,ram,332087296,64912605184,276993
309.2103,cpu,14872210,21368806,513908816
309.2103,gpu,0,0,0
309.4103,disk0,878704304943104,1971993876,12435701763956631
309.4103,disk0w,1977614147584,18768321,1160270070155
309.4103,disk5,25866855536640,52091362,461410519461649
309.4103,disk5w,225980416,35966,1254168700
309.4103,disk4,30063098786816,30117003,342842980319736
309.4103,disk4w,1447523473408,1490207,590231132280
309.4103,disk8,42650214270976,69314674,719149808986491
309.4103,disk8w,4128768,601,984243925
309.4103,ram,332087296,64912605184,276993
309.4103,cpu,14872210,21368806,513908816
309.4103,gpu,0,0,0
309.6039,disk0,878706484162560,1971998600,12435715550333981
309.6039,disk0w,1977614147584,18768321,1160270070155
309.6039,disk5,25867601303552,52092873,461415162175808
309.6039,disk5w,225980416,35966,1254168700
309.6039,disk4,30063771841536,30117693,342844078415467
309.6039,disk4w,1447523473408,1490207,590231132280
309.6039,disk8,42651473905664,69316637,719159897516958
309.6039,disk8w,4128768,601,984243925
309.6039,ram,332087296,64912605184,276993
309.6039,cpu,14872210,21368806,513908816
309.6039,gpu,0,0,0
309.8103,disk0,878708543995904,1972003188,12435726364802423
309.8103,disk0w,1977614147584,18768321,1160270070155
309.8103,disk5,25868332128256,52094293,461418963477460
309.8103,disk5w,225980416,35966,1254168700
309.8103,disk4,30064316314624,30118251,342844842844455
309.8103,disk4w,1447523473408,1490207,590231132280
309.8103,disk8,42652855715840,69319251,719179361115261
309.8103,disk8w,4128768,601,984243925
309.8103,ram,332087296,64912605184,276993
309.8103,cpu,14872210,21368806,513908816
309.8103,gpu,0,0,0
310.0103,disk0,878710476042240,1972007441,12435734860835260
310.0103,disk0w,1977614147584,18768321,1160270070155
310.0103,disk5,25869070686208,52095748,461423573184094
310.0103,disk5w,225980416,35966,1254168700
310.0103,disk4,30064863933440,30118812,342845527771475
310.0103,disk4w,1447523473408,1490207,590231132280
310.0103,disk8,42654247716864,69321599,719195949466712
310.0103,disk8w,4128768,601,984243925
310.0103,ram,330678272,63252873216,276993
310.0103,cpu,14872234,21368926,513910529
310.0103,gpu,0,0,0
310.2015,disk0,878712079515648,1972017000,12435743368729334
310.2015,disk0w,1977614147584,18768321,1160270070155
310.2015,disk5,25869713119232,52097020,461427156368249
310.2015,disk5w,225980416,35966,1254168700
310.2015,disk4,30065247187968,30119205,342846020284941
310.2015,disk4w,1447523473408,1490207,590231132280
310.2015,disk8,42655572920320,69324023,719215369242990
310.2015,disk8w,4128768,601,984243925
310.2015,ram,330678272,63252873216,276993
310.2015,cpu,14872234,21368926,513910529
310.2015,gpu,0,0,0
310.4071,disk0,878713711218688,1972020193,12435751468292021
310.4071,disk0w,1977614147584,18768321,1160270070155
310.4071,disk5,25870343157760,52098289,461432321165335
310.4071,disk5w,225980416,35966,1254168700
310.4071,disk4,30065817908224,30119790,342848226572627
310.4071,disk4w,1447523473408,1490207,590231132280
310.4071,disk8,42656683837440,69326065,719227305042444
310.4071,disk8w,4128768,601,984243925
310.4071,ram,330678272,63252873216,276993
310.4071,cpu,14872234,21368926,513910529
310.4071,gpu,0,0,0
310.6022,disk0,878715800195072,1972026210,12435761357382602
310.6022,disk0w,1977614147584,18768321,1160270070155
310.6022,disk5,25871265675264,52100182,461439823578816
310.6022,disk5w,225980416,35966,1254168700
310.6022,disk4,30066379944960,30120366,342848941663690
310.6022,disk4w,1447523473408,1490207,590231132280
310.6022,disk8,42657897699328,69327846,719237264840636
310.6022,disk8w,4128768,601,984243925
310.6022,ram,330678272,63252873216,276993
310.6022,cpu,14872234,21368926,513910529
310.6022,gpu,0,0,0
310.8042,disk0,878717535899648,1972029019,12435766806473843
310.8042,disk0w,1977614147584,18768321,1160270070155
310.8042,disk5,25872287848448,52102277,461455147886169
310.8042,disk5w,225980416,35966,1254168700
310.8042,disk4,30066792690688,30120789,342849460539378
310.8042,disk4w,1447523473408,1490207,590231132280
310.8042,disk8,42659107280896,69329408,719244172256362
310.8042,disk8w,4128768,601,984243925
310.8042,ram,330678272,63252873216,276993
310.8042,cpu,14872234,21368926,513910529
310.8042,gpu,31,0,0
311.0103,disk0,878719698128896,1972033191,12435780864622867
311.0103,disk0w,1977614147584,18768321,1160270070155
311.0103,disk5,25873161164800,52104071,461460239268502
311.0103,disk5w,225980416,35966,1254168700
311.0103,disk4,30067386315776,30121397,342850258229086
311.0103,disk4w,1447523473408,1490207,590231132280
311.0103,disk8,42660325726208,69331229,719254114493591
311.0103,disk8w,4128768,601,984243925
311.0103,ram,329318400,64562184192,276993
311.0103,cpu,14872259,21369043,513912195
311.0103,gpu,25,0,0
311.2032,disk0,878721890705408,1972037709,12435792250107911
311.2032,disk0w,1977614147584,18768321,1160270070155
311.2032,disk5,25874058188800,52105886,461469987606592
311.2032,disk5w,225980416,35966,1254168700
311.2032,disk4,30067991213056,30122017,342851245138089
311.2032,disk4w,1447523473408,1490207,590231132280
311.2032,disk8,42661430433792,69332907,719260933860327
311.2032,disk8w,4128768,601,984243925
311.2032,ram,329318400,64562184192,276993
311.2032,cpu,14872259,21369043,513912195
311.2032,gpu,0,0,0
311.4103,disk0,878723844612096,1972041948,12435802575299679
311.4103,disk0w,1977614147584,18768321,1160270070155
311.4103,disk5,25874724067328,52107178,461474383726170
311.4103,disk5w,225980416,35966,1254168700
311.4103,disk4,30068496364544,30122535,342851814569217
311.4103,disk4w,1447523473408,1490207,590231132280
311.4103,disk8,42662844209152,69335792,719281305683419
311.4103,disk8w,4128768,601,984243925
311.4103,ram,329318400,64562184192,276993
311.4103,cpu,14872259,21369043,513912195
311.4103,gpu,0,0,0
311.6103,disk0,878725790785536,1972046136,12435812840959782
311.6103,disk0w,1977614147584,18768321,1160270070155
311.6103,disk5,25875317233664,52108353,461478187462561
311.6103,disk5w,225980416,35966,1254168700
311.6103,disk4,30069014492160,30123066,342852468609469
311.6103,disk4w,1447523473408,1490207,590231132280
311.6103,disk8,42664212191232,69338424,719299815449212
311.6103,disk8w,4128768,601,984243925
311.6103,ram,329318400,64562184192,276993
311.6103,cpu,14872259,21369043,513912195
311.6103,gpu,0,0,0
311.8062,disk0,878727440048128,1972053798,12435822650697027
311.8062,disk0w,1977614147584,18768321,1160270070155
311.8062,disk5,25876176025600,52110051,461483292532405
311.8062,disk5w,225980416,35966,1254168700
311.8062,disk4,30069471147008,30123534,342853144069561
311.8062,disk4w,1447523473408,1490207,590231132280
311.8062,disk8,42665592526848,69340674,719316701361888
311.8062,disk8w,4128768,601,984243925
311.8062,ram,329318400,64562184192,276993
311.8062,cpu,14872259,21369043,513912195
311.8062,gpu,0,0,0
312.0103,disk0,878729147133952,1972056892,12435832448627114
312.0103,disk0w,1977614147584,18768321,1160270070155
312.0103,disk5,25876749588480,52111191,461487236801308
312.0103,disk5w,225980416,35966,1254168700
312.0103,disk4,30069998040064,30124074,342853896559888
312.0103,disk4w,1447523473408,1490207,590231132280
312.0103,disk8,42666760034304,69342931,719331282584060
312.0103,disk8w,4128768,601,984243925
312.0103,ram,319340544,64718798848,276993
312.0103,cpu,14872278,21369139,513913768
312.0103,gpu,0,0,0
312.2093,disk0,878731158286336,1972068758,12435848389290471
312.2093,disk0w,1977614147584,18768321,1160270070155
312.2093,disk5,25877451479040,52112630,461492253489733
312.2093,disk5w,225980416,35966,1254168700
312.2093,disk4,30070629938176,30124721,342854673401050
312.2093,disk4w,1447523473408,1490207,590231132280
312.2093,disk8,42668056844288,69344856,719343142304187
312.2093,disk8w,4128768,601,984243925
312.2093,ram,319340544,64718798848,276993
312.2093,cpu,14872278,21369139,513913768
312.2093,gpu,0,0,0
312.4103,disk0,878733344010240,1972072720,12435860730240050
312.4103,disk0w,1977614147584,18768321,1160270070155
312.4103,disk5,25878161094656,52114085,461497711182164
312.4103,disk5w,225980416,35966,1254168700
312.4103,disk4,30071166022656,30125271,342855415904030
312.4103,disk4w,1447523473408,1490207,590231132280
312.4103,disk8,42669349754880,69346488,719352412746909
312.4103,disk8w,4128768,601,984243925
312.4103,ram,319340544,64718798848,276993
312.4103,cpu,14872278,21369139,513913768
312.4103,gpu,29,0,0
312.6057,disk0,878735168663552,1972076350,12435869798851768
312.6057,disk0w,1977614147584,18768321,1160270070155
312.6057,disk5,25878864041984,52115526,461503070065436
312.6057,disk5w,225980416,35966,1254168700
312.6057,disk4,30071671829504,30125789,342855927147449
312.6057,disk4w,1447523473408,1490207,590231132280
312.6057,disk8,42670668191744,69348342,719365001848123
312.6057,disk8w,4128768,601,984243925
312.6057,ram,319340544,64718798848,276993
312.6057,cpu,14872278,21369139,513913768
312.6057,gpu,0,0,0
312.8082,disk0,878737238585344,1972080609,12435880465316039
312.8082,disk0w,1977614147584,18768321,1160270070155
312.8082,disk5,25879429748736,52116674,461507900309727
312.8082,disk5w,225980416,35966,1254168700
312.8082,disk4,30072164660224,30126294,342856524317198
312.8082,disk4w,1447523473408,1490207,590231132280
312.8082,disk8,42671965493248,69350267,719378291827923
312.8082,disk8w,4128768,601,984243925
312.8082,ram,319340544,64718798848,276993
312.8082,cpu,14872278,21369139,513913768
312.8082,gpu,0,0,0
313.0103,disk0,878738940817408,1972084430,12435886908356858
313.0103,disk0w,1977614147584,18768321,1160270070155
313.0103,disk5,25880146319360,52118062,461513694986138
313.0103,disk5w,225980416,35966,1254168700
313.0103,disk4,30072588678144,30126729,342856998965758
313.0103,disk4w,1447523473408,1490207,590231132280
313.0103,disk8,42673377269760,69353146,719400793840771
313.0103,disk8w,4128768,601,984243925
313.0103,ram,319832064,64799195136,276993
313.0103,cpu,14872295,21369241,513915434
313.0103,gpu,25,0,0
313.2012,disk0,878740442230784,1972087525,12435892387813684
313.2012,disk0w,1977614147584,18768321,1160270070155
313.2012,disk5,25880783509504,52119316,461518186797627
313.2012,disk5w,225980416,35966,1254168700
313.2012,disk4,30073124369408,30127278,342857686728320
313.2012,disk4w,1447523473408,1490207,590231132280
313.2012,disk8,42674710829056,69355545,719418954013086
313.2012,disk8w,4128768,601,984243925
313.2012,ram,319832064,64799195136,276993
313.2012,cpu,14872295,21369241,513915434
313.2012,gpu,0,0,0
313.4103,disk0,878742381867008,1972093524,12435902561441483
313.4103,disk0w,1977614147584,18768321,1160270070155
313.4103,disk5,25881578231808,52120888,461521752641653
313.4103,disk5w,225980416,35966,1254168700
313.4103,disk4,30073664254976,30127831,342858429343089
313.4103,disk4w,1447523473408,1490207,590231132280
313.4103,disk8,42676190615552,69358182,719438320687392
313.4103,disk8w,4128768,601,984243925
313.4103,ram,319832064,64799195136,276993
313.4103,cpu,14872295,21369241,513915434
313.4103,gpu,0,0,0
313.6103,disk0,878744026378240,1972096792,12435909587649401
313.6103,disk0w,1977614147584,18768321,1160270070155
313.6103,disk5,25882309302272,52122363,461526974799982
313.6103,disk5w,225980416,35966,1254168700
313.6103,disk4,30074274673664,30128457,342860877959014
313.6103,disk4w,1447523473408,1490207,590231132280
313.6103,disk8,42677288179712,69360213,719451666232657
313.6103,disk8w,4128768,601,984243925
313.6103,ram,319832064,64799195136,276993
313.6103,cpu,14872295,21369241,513915434
313.6103,gpu,23,0,0
313.8103,disk0,878745818247168,1972099947,12435915280140068
313.8103,disk0w,1977614147584,18768321,1160270070155
313.8103,disk5,25883127109632,52124040,461531744070926
313.8103,disk5w,225980416,35966,1254168700
313.8103,disk4,30074844443648,30129041,342861651036491
313.8103,disk4w,1447523473408,1490207,590231132280
313.8103,disk8,42678684112896,69362073,719465550001381
313.8103,disk8w,4128768,601,984243925
313.8103,ram,319832064,64799195136,276993
313.8103,cpu,14872295,21369241,513915434
313.8103,gpu,0,0,0
314.0067,disk0,878747374120960,1972102710,12435919025362647
314.0067,disk0w,1977614147584,18768321,1160270070155
314.0067,disk5,25883853084672,52125530,461540138599559
314.0067,disk5w,225980416,35966,1254168700
314.0067,disk4,30075284583424,30129492,342862156851389
314.0067,disk4w,1447523473408,1490207,590231132280
314.0067,disk8,42679999846400,69363809,719478087912792
314.0067,disk8w,4128768,601,984243925
314.0067,ram,318685184,64872595456,276993
314.0067,cpu,14872311,21369342,513917169
314.0067,gpu,24,0,0
314.2103,disk0,878749406195712,1972106573,12435927189180493
314.2103,disk0w,1977614147584,18768321,1160270070155
314.2103,disk5,25884724295680,52127314,461547878154813
314.2103,disk5w,225980416,35966,1254168700
314.2103,disk4,30075760899072,30129980,342862702481263
314.2103,disk4w,1447523473408,1490207,590231132280
314.2103,disk8,42681249323008,69365630,719489095840623
314.2103,disk8w,4128768,601,984243925
314.2103,ram,318685184,64872595456,276993
314.2103,cpu,14872311,21369342,513917169
314.2103,gpu,22,1,0
314.4103,disk0,878751704641536,1972111682,12435942546650137
314.4103,disk0w,1977614147584,18768321,1160270070155
314.4103,disk5,25885488125952,52128832,461553604736637
314.4103,disk5w,225980416,35966,1254168700
314.4103,disk4,30076250584064,30130482,342863291212436
314.4103,disk4w,1447523473408,1490207,590231132280
314.4103,disk8,42682539317248,69367932,719501449681602
314.4103,disk8w,4128768,601,984243925
314.4103,ram,318685184,64872595456,276993
314.4103,cpu,14872311,21369342,513917169
314.4103,gpu,0,0,0
314.6103,disk0,878753213444096,1972114928,12435947855268750
314.6103,disk0w,1977614147584,18768321,1160270070155
314.6103,disk5,25886107621376,52130045,461556713791081
314.6103,disk5w,225980416,35966,1254168700
314.6103,disk4,30076759929856,30131004,342863920772855
314.6103,disk4w,1447523473408,1490207,590231132280
314.6103,disk8,42683960268800,69370734,719525901607376
314.6103,disk8w,4128768,601,984243925
314.6103,ram,318685184,64872595456,276993
314.6103,cpu,14872311,21369342,513917169
314.6103,gpu,0,0,0
314.8103,disk0,878755038146560,1972119215,12435956995079309
314.8103,disk0w,1977614147584,18768321,1160270070155
314.8103,disk5,25886839265280,52131492,461561475756715
314.8103,disk5w,225980416,35966,1254168700
314.8103,disk4,30077269275648,30131526,342864622618928
314.8103,disk4w,1447523473408,1490207,590231132280
314.8103,disk8,42685308262400,69373176,719542851171309
314.8103,disk8w,4128768,601,984243925
314.8103,ram,318685184,64872595456,276993
314.8103,cpu,14872311,21369342,513917169
314.8103,gpu,0,0,0
315.0068,disk0,878757006307328,1972128483,12435972146436754
315.0068,disk0w,1977614147584,18768321,1160270070155
315.0068,disk5,25887522183168,52132840,461565025918149
315.0068,disk5w,225980416,35966,1254168700
315.0068,disk4,30077813748736,30132084,342865224315818
315.0068,disk4w,1447523473408,1490207,590231132280
315.0068,disk8,42686625961984,69375690,719558687781406
315.0068,disk8w,4128768,601,984243925
315.0068,ram,317472768,63490867200,276993
315.0068,cpu,14872331,21369450,513918846
315.0068,gpu,0,0,0
315.2100,disk0,878758674100224,1972131972,12435981857459760
315.2100,disk0w,1977614147584,18768321,1160270070155
315.2100,disk5,25888313235456,52134452,461572174156885
315.2100,disk5w,225980416,35966,1254168700
315.2100,disk4,30078296699904,30132579,342866119376736
315.2100,disk4w,1447523473408,1490207,590231132280
315.2100,disk8,42687641606144,69377157,719567366616111
315.2100,disk8w,4128768,601,984243925
315.2100,ram,316358656,63396249600,276993
315.2100,cpu,14872331,21369450,513918846
315.2100,gpu,0,0,0
315.4103,disk0,878761012129792,1972135927,12435993536628171
315.4103,disk0w,1977614147584,18768321,1160270070155
315.4103,disk5,25889028200448,52135917,461578911027299
315.4103,disk5w,225980416,35966,1254168700
315.4103,disk4,30078959531008,30133258,342867008438887
315.4103,disk4w,1447523473408,1490207,590231132280
315.4103,disk8,42688912693248,69378776,719574433265288
315.4103,disk8w,4128768,601,984243925
315.4103,ram,316358656,63396249600,276993
315.4103,cpu,14872331,21369450,513918846
315.4103,gpu,0,0,0
315.6052,disk0,878762688770048,1972138937,12435998654180045
315.6052,disk0w,1977614147584,18768321,1160270070155
315.6052,disk5,25889945131008,52137798,461589508729159
315.6052,disk5w,225980416,35966,1254168700
315.6052,disk4,30079570064384,30133884,342867846695060
315.6052,disk4w,1447523473408,1490207,590231132280
315.6052,disk8,42690177669120,69380648,719585147807119
315.6052,disk8w,4128768,601,984243925
315.6052,ram,316358656,63396249600,276993
315.6052,cpu,14872331,21369450,513918846
315.6052,gpu,0,0,0
315.8052,disk0,878764752220160,1972143348,12436008715176413
315.8052,disk0w,1977614147584,18768321,1160270070155
315.8052,disk5,25890743539712,52139434,461596901896745
315.8052,disk5w,225980416,35966,1254168700
315.8052,disk4,30080124367872,30134452,342868496399408
315.8052,disk4w,1447523473408,1490207,590231132280
315.8052,disk8,42691512915968,69382537,719596111943393
315.8052,disk8w,4128768,601,984243925
315.8052,ram,316358656,63396249600,276993
315.8052,cpu,14872331,21369450,513918846
315.8052,gpu,0,0,0
316.0076,disk0,878767071821824,1972148465,12436020945076255
316.0076,disk0w,1977614147584,18768321,1160270070155
316.0076,disk5,25891480524800,52140890,461602073778913
316.0076,disk5w,225980416,35966,1254168700
316.0076,disk4,30080676574208,30135018,342869183952141
316.0076,disk4w,1447523473408,1490207,590231132280
316.0076,disk8,42692841527296,69385016,719610247782233
316.0076,disk8w,4128768,601,984243925
316.0076,ram,328581120,64763691008,276993
316.0076,cpu,14872354,21369570,513920468
316.0076,gpu,42,0,0
316.2103,disk0,878769352343552,1972153163,12436032367416468
316.2103,disk0w,1977614147584,18768321,1160270070155
316.2103,disk5,25892274731008,52142449,461606719658128
316.2103,disk5w,225980416,35966,1254168700
316.2103,disk4,30081288811520,30135645,342869992106927
316.2103,disk4w,1447523473408,1490207,590231132280
316.2103,disk8,42694231037952,69387771,719626812051183
316.2103,disk8w,4128768,601,984243925
316.2103,ram,330678272,64484720640,276993
316.2103,cpu,14872354,21369570,513920468
316.2103,gpu,0,0,0
316.4103,disk0,878771466797056,1972164429,12436051024683834
316.4103,disk0w,1977614147584,18768321,1160270070155
316.4103,disk5,25893158393856,52144199,461612559730350
316.4103,disk5w,225980416,35966,1254168700
316.4103,disk4,30081844556800,30136215,342870733373614
316.4103,disk4w,1447523473408,1490207,590231132280
316.4103,disk8,42695426250752,69389797,719637271840954
316.4103,disk8w,4128768,601,984243925
316.4103,ram,330678272,64484720640,276993
316.4103,cpu,14872354,21369570,513920468
316.4103,gpu,35,0,0
316.6103,disk0,878773490532352,1972168110,12436061876515455
316.6103,disk0w,1977614147584,18768321,1160270070155
316.6103,disk5,25893779216384,52145432,461616754244928
316.6103,disk5w,225980416,35966,1254168700
316.6103,disk4,30082309567488,30136691,342871747965579
316.6103,disk4w,1447523473408,1490207,590231132280
316.6103,disk8,42696476645376,69391867,719648796965378
316.6103,disk8w,4128768,601,984243925
316.6103,ram,330678272,64484720640,276993
316.6103,cpu,14872354,21369570,513920468
316.6103,gpu,0,0,0
316.8103,disk0,878775353376768,1972171439,12436068383969303
316.8103,disk0w,1977614147584,18768321,1160270070155
316.8103,disk5,25894498654208,52146905,461621230571262
316.8103,disk5w,225980416,35966,1254168700
316.8103,disk4,30082812572672,30137207,342872902953865
316.8103,disk4w,1447523473408,1490207,590231132280
316.8103,disk8,42697822001152,69393876,719664808427443
316.8103,disk8w,4128768,601,984243925
316.8103,ram,330678272,64484720640,276993
316.8103,cpu,14872354,21369570,513920468
316.8103,gpu,0,0,0
317.0008,disk0,878777333645312,1972174871,12436077617318038
317.0008,disk0w,1977614147584,18768321,1160270070155
317.0008,disk5,25895200544768,52148344,461628507022500
317.0008,disk5w,225980416,35966,1254168700
317.0008,disk4,30083232003072,30137637,342873394084258
317.0008,disk4w,1447523473408,1490207,590231132280
317.0008,disk8,42699004106752,69395281,719672929993476
317.0008,disk8w,4128768,601,984243925
317.0008,ram,330350592,64954777600,276993
317.0008,cpu,14872372,21369675,513922134
317.0008,gpu,0,0,0
317.2031,disk0,878779154972672,1972178361,12436083240056265
317.2031,disk0w,1977614147584,18768321,1160270070155
317.2031,disk5,25896066611200,52150119,461634162630459
317.2031,disk5w,225980416,35966,1254168700
317.2031,disk4,30083767694336,30138186,342874173603027
317.2031,disk4w,1447523473408,1490207,590231132280
317.2031,disk8,42700431841280,69397399,719689233011056
317.2031,disk8w,4128768,601,984243925
317.2031,ram,330350592,64954777600,276993
317.2031,cpu,14872372,21369677,513922198
317.2031,gpu,0,0,0
317.4097,disk0,878781390749696,1972183021,12436094624357372
317.4097,disk0w,1977614147584,18768321,1160270070155
317.4097,disk5,25896797345792,52151612,461639106813684
317.4097,disk5w,225980416,35966,1254168700
317.4097,disk4,30084285821952,30138717,342874720112519
317.4097,disk4w,1447523473408,1490207,590231132280
317.4097,disk8,42701808654336,69399491,719702901310616
317.4097,disk8w,4128768,601,984243925
317.4097,ram,330350592,64954777600,276993
317.4097,cpu,14872372,21369677,513922198
317.4097,gpu,0,0,0
317.6091,disk0,878783522471936,1972187297,12436106066435085
317.6091,disk0w,1977614147584,18768321,1160270070155
317.6091,disk5,25897586972672,52153142,461643802593898
317.6091,disk5w,225980416,35966,1254168700
317.6091,disk4,30084830295040,30139275,342875353883961
317.6091,disk4w,1447523473408,1490207,590231132280
317.6091,disk8,42703099652096,69402133,719719138478742
317.6091,disk8w,4128768,601,984243925
317.6091,ram,330350592,64954777600,276993
317.6091,cpu,14872372,21369677,513922198
317.6091,gpu,28,0,0
317.8084,disk0,878785516036096,1972191730,12436116047731562
317.8084,disk0w,1977614147584,18768321,1160270070155
317.8084,disk5,25898358822912,52154669,461649801277507
317.8084,disk5w,225980416,35966,1254168700
317.8084,disk4,30085330859008,30139788,342876012772210
317.8084,disk4w,1447523473408,1490207,590231132280
317.8084,disk8,42704367085568,69404518,719733209725104
317.8084,disk8w,4128768,601,984243925
317.8084,ram,330350592,64954777600,276993
317.8084,cpu,14872372,21369677,513922198
317.8084,gpu,0,0,0
318.0097,disk0,878787656622080,1972199523,12436129873298573
318.0097,disk0w,1977614147584,18768321,1160270070155
318.0097,disk5,25899207088128,52156350,461654657484330
318.0097,disk5w,225980416,35966,1254168700
318.0097,disk4,30085971932160,30140445,342876991278984
318.0097,disk4w,1447523473408,1490207,590231132280
318.0097,disk8,42705710491648,69406753,719746121901566
318.0097,disk8w,4128768,601,984243925
318.0097,ram,327385088,63381897216,276993
318.0097,cpu,14872387,21369781,513923810
318.0097,gpu,0,0,0
318.2103,disk0,878789402460160,1972202817,12436141674382892
318.2103,disk0w,1977614147584,18768321,1160270070155
318.2103,disk5,25899916843008,52157774,461661096849489
318.2103,disk5w,225980416,35966,1254168700
318.2103,disk4,30086279296000,30140760,342877337777499
318.2103,disk4w,1447523473408,1490207,590231132280
318.2103,disk8,42706749220864,69408834,719756719802333
318.2103,disk8w,4128768,601,984243925
318.2103,ram,329547776,63330500608,276993
318.2103,cpu,14872388,21369785,513923855
318.2103,gpu,0,0,0
318.4103,disk0,878791456124928,1972206793,12436150250983255
318.4103,disk0w,1977614147584,18768321,1160270070155
318.4103,disk5,25900682639360,52159345,461666135311480
318.4103,disk5w,225980416,35966,1254168700
318.4103,disk4,30086766490624,30141259,342877870326788
318.4103,disk4w,1447523473408,1490207,590231132280
318.4103,disk8,42708154492928,69410793,719770370616372
318.4103,disk8w,4128768,601,984243925
318.4103,ram,329547776,63330500608,276993
318.4103,cpu,14872388,21369785,513923855
318.4103,gpu,0,0,0
318.6054,disk0,878793242472448,1972209758,12436157529542822
318.6054,disk0w,1977614147584,18768321,1160270070155
318.6054,disk5,25901333321728,52160678,461670064847415
318.6054,disk5w,225980416,35966,1254168700
318.6054,disk4,30087289205760,30141795,342878453864535
318.6054,disk4w,1447523473408,1490207,590231132280
318.6054,disk8,42709452843008,69412473,719783963723806
318.6054,disk8w,4128768,601,984243925
318.6054,ram,329547776,63330500608,276993
318.6054,cpu,14872388,21369785,513923855
318.6054,gpu,20,0,0
318.8063,disk0,878795391709184,1972213909,12436169296599756
318.8063,disk0w,1977614147584,18768321,1160270070155
318.8063,disk5,25902240815104,52162538,461676857030080
318.8063,disk5w,225980416,35966,1254168700
318.8063,disk4,30087868806144,30142389,342879198360958
318.8063,disk4w,1447523473408,1490207,590231132280
318.8063,disk8,42710741231616,69414414,719794611709194
318.8063,disk8w,4128768,601,984243925
318.8063,ram,329547776,63330500608,276993
318.8063,cpu,14872388,21369785,513923855
318.8063,gpu,0,0,0
319.0103,disk0,878797400600576,1972218197,12436177707551269
319.0103,disk0w,1977614147584,18768321,1160270070155
319.0103,disk5,25902895028224,52163847,461680608091034
319.0103,disk5w,225980416,35966,1254168700
319.0103,disk4,30088334242816,30142866,342879727251840
319.0103,disk4w,1447523473408,1490207,590231132280
319.0103,disk8,42712142276608,69416725,719813473975587
319.0103,disk8w,4128768,601,984243925
319.0103,ram,379977728,64783171584,276993
319.0103,cpu,14872405,21369873,513925488
319.0103,gpu,24,0,0
319.2104,disk0,878799146283008,1972221975,12436184641726495
319.2104,disk0w,1977614147584,18768321,1160270070155
319.2104,disk5,25903445661696,52164924,461684448175551
319.2104,disk5w,225980416,35966,1254168700
319.2104,disk4,30088834806784,30143379,342880334054589
319.2104,disk4w,1447523473408,1490207,590231132280
319.2104,disk8,42713557231616,69419548,719837567554175
319.2104,disk8w,4128768,601,984243925
319.2104,ram,381239296,64514899968,276993
319.2104,cpu,14872407,21369883,513925595
319.2104,gpu,0,0,0
319.4031,disk0,878800963592192,1972225850,12436191640485664
319.4031,disk0w,1977614147584,18768321,1160270070155
319.4031,disk5,25904067172352,52166155,461687382623398
319.4031,disk5w,225980416,35966,1254168700
319.4031,disk4,30089317807104,30143874,342880931333765
319.4031,disk4w,1447523473408,1490207,590231132280
319.4031,disk8,42714891839488,69421931,719856049167726
319.4031,disk8w,4128768,601,984243925
319.4031,ram,381239296,64514899968,276993
319.4031,cpu,14872407,21369883,513925595
319.4031,gpu,0,0,0
319.6103,disk0,878802995261440,1972233362,12436204614901953
319.6103,disk0w,1977614147584,18768321,1160270070155
319.6103,disk5,25904932083712,52167866,461693562495167
319.6103,disk5w,225980416,35966,1254168700
319.6103,disk4,30089994007552,30144567,342881908205909
319.6103,disk4w,1447523473408,1490207,590231132280
319.6103,disk8,42716285298688,69424560,719871479486867
319.6103,disk8w,4128768,601,984243925
319.6103,ram,381239296,64514899968,276993
319.6103,cpu,14872407,21369883,513925595
319.6103,gpu,0,0,0
319.8103,disk0,878804804784128,1972237103,12436215853858722
319.8103,disk0w,1977614147584,18768321,1160270070155
319.8103,disk5,25905649948672,52169332,461700665063595
319.8103,disk5w,225980416,35966,1254168700
319.8103,disk4,30090459411456,30145044,342882613429250
319.8103,disk4w,1447523473408,1490207,590231132280
319.8103,disk8,42717363218432,69426398,719880939471409
319.8103,disk8w,4128768,601,984243925
319.8103,ram,381239296,64514899968,276993
319.8103,cpu,14872407,21369883,513925595
319.8103,gpu,0,0,0
320.0103,disk0,878807221846016,1972241545,12436231704759957
320.0103,disk0w,1977614147584,18768321,1160270070155
320.0103,disk5,25906299197440,52170663,461703769780944
320.0103,disk5w,225980416,35966,1254168700
320.0103,disk4,30090924848128,30145521,342883185522091
320.0103,disk4w,1447523473408,1490207,590231132280
320.0103,disk8,42718564984832,69427933,719889858206759
320.0103,disk8w,4128768,601,984243925
320.0103,ram,377749504,64927678464,276993
320.0103,cpu,14872422,21369974,513927130
320.0103,gpu,0,0,0
320.2103,disk0,878809510391808,1972245708,12436242043815733
320.2103,disk0w,1977614147584,18768321,1160270070155
320.2103,disk5,25907071277056,52172245,461710857931594
320.2103,disk5w,225980416,35966,1254168700
320.2103,disk4,30091539575808,30146151,342883944702516
320.2103,disk4w,1447523473408,1490207,590231132280
320.2103,disk8,42719919286272,69429816,719899776198096
320.2103,disk8w,4128768,601,984243925
320.2103,ram,379666432,64927694848,276993
320.2103,cpu,14872422,21369974,513927130
320.2103,gpu,47,0,0
320.4104,disk0,878811420274688,1972249932,12436251231424801
320.4104,disk0w,1977614147584,18768321,1160270070155
320.4104,disk5,25907961092096,52174069,461718076571029
320.4104,disk5w,225980416,35966,1254168700
320.4104,disk4,30092114588672,30146740,342884624400857
320.4104,disk4w,1447523473408,1490207,590231132280
320.4104,disk8,42721207068672,69431838,719912742977977
320.4104,disk8w,4128768,601,984243925
320.4104,ram,379666432,64927694848,276993
320.4104,cpu,14872422,21369974,513927130
320.4104,gpu,0,0,0
320.6104,disk0,878813553881088,1972254344,12436262890808008
320.6104,disk0w,1977614147584,18768321,1160270070155
320.6104,disk5,25908703172608,52175524,461722674717463
320.6104,disk5w,225980416,35966,1254168700
320.6104,disk4,30092650279936,30147289,342885261951628
320.6104,disk4w,1447523473408,1490207,590231132280
320.6104,disk8,42722520164352,69434466,719928729859831
320.6104,disk8w,4128768,601,984243925
320.6104,ram,379666432,64927694848,276993
320.6104,cpu,14872422,21369974,513927130
320.6104,gpu,0,0,0
320.8072,disk0,878815625736192,1972258645,12436273077837327
320.8072,disk0w,1977614147584,18768321,1160270070155
320.8072,disk5,25909484034048,52177065,461729017083085
320.8072,disk5w,225980416,35966,1254168700
320.8072,disk4,30093331067904,30147987,342886156222396
320.8072,disk4w,1447523473408,1490207,590231132280
320.8072,disk8,42723802916864,69436990,719944517630370
320.8072,disk8w,4128768,601,984243925
320.8072,ram,379666432,64927694848,276993
320.8072,cpu,14872422,21369974,513927130
320.8072,gpu,0,0,0
321.0103,disk0,878817780056064,1972267900,12436290359430657
321.0103,disk0w,1977614147584,18768321,1160270070155
321.0103,disk5,25910030620672,52178144,461731263233600
321.0103,disk5w,225980416,35966,1254168700
321.0103,disk4,30093878686720,30148548,342886823733002
321.0103,disk4w,1447523473408,1490207,590231132280
321.0103,disk8,42725103560704,69439079,719957873112784
321.0103,disk8w,4128768,601,984243925
321.0103,ram,383795200,63358664704,276993
321.0103,cpu,14872449,21370110,513928774
321.0103,gpu,0,0,0
321.2104,disk0,878819698376704,1972271396,12436299137993516
321.2104,disk0w,1977614147584,18768321,1160270070155
321.2104,disk5,25910747068416,52179570,461739140905717
321.2104,disk5w,225980416,35966,1254168700
321.2104,disk4,30094305784832,30148986,342887829830275
321.2104,disk4w,1447523473408,1490207,590231132280
321.2104,disk8,42726231812096,69441278,719969220780808
321.2104,disk8w,4128768,601,984243925
321.2104,ram,384122880,63358664704,276993
321.2104,cpu,14872449,21370113,513928819
321.2104,gpu,0,0,0
321.4104,disk0,878821893632000,1972277453,12436314073830905
321.4104,disk0w,1977620692992,18768661,1160277510086
321.4104,disk5,25911300184064,52180705,461742569433702
321.4104,disk5w,225980416,35966,1254168700
321.4104,disk4,30094780003328,30149472,342888375966025
321.4104,disk4w,1447523473408,1490207,590231132280
321.4104,disk8,42727477127168,69443135,719980134047348
321.4104,disk8w,4128768,601,984243925
321.4104,ram,384122880,63358664704,276993
321.4104,cpu,14872449,21370113,513928819
321.4104,gpu,0,0,0
321.6104,disk0,878824262053888,1972281409,12436326159080301
321.6104,disk0w,1977620692992,18768661,1160277510086
321.6104,disk5,25912256509952,52182664,461750693085352
321.6104,disk5w,225980416,35966,1254168700
321.6104,disk4,30095295640576,30150000,342889009960358
321.6104,disk4w,1447523473408,1490207,590231132280
321.6104,disk8,42728783620096,69444767,719987226713087
321.6104,disk8w,4128768,601,984243925
321.6104,ram,384122880,63358664704,276993
321.6104,cpu,14872449,21370113,513928819
321.6104,gpu,0,0,0
321.8055,disk0,878826114117632,1972285120,12436333210280490
321.8055,disk0w,1977620692992,18768661,1160277510086
321.8055,disk5,25913069983744,52184333,461760856011216
321.8055,disk5w,225980416,35966,1254168700
321.8055,disk4,30095789913088,30150507,342889593787263
321.8055,disk4w,1447523473408,1490207,590231132280
321.8055,disk8,42729936840704,69446446,719996587801932
321.8055,disk8w,4128768,601,984243925
321.8055,ram,384122880,63358664704,276993
321.8055,cpu,14872449,21370113,513928819
321.8055,gpu,0,0,0
322.0103,disk0,878828475330560,1972290049,12436346448021581
322.0103,disk0w,1977620692992,18768661,1160277510086
322.0103,disk5,25914042292224,52186298,461768784100162
322.0103,disk5w,225980416,35966,1254168700
322.0103,disk4,30096351949824,30151083,342890243248196
322.0103,disk4w,1447523473408,1490207,590231132280
322.0103,disk8,42731153057792,69448493,720006118140923
322.0103,disk8w,4128768,601,984243925
322.0103,ram,382271488,64711147520,276993
322.0103,cpu,14872471,21370216,513930429
322.0103,gpu,32,0,0
322.2049,disk0,878830271197184,1972294106,12436357045989951
322.2049,disk0w,1977620692992,18768661,1160277510086
322.2049,disk5,25914555209728,52187296,461771731218120
322.2049,disk5w,225980416,35966,1254168700
322.2049,disk4,30096826168320,30151569,342890762350410
322.2049,disk4w,1447523473408,1490207,590231132280
322.2049,disk8,42732491008000,69451141,720026969000027
322.2049,disk8w,4128768,601,984243925
322.2049,ram,382484480,64778289152,276993
322.2049,cpu,14872473,21370218,513930473
322.2049,gpu,0,0,0
322.4104,disk0,878831871995904,1972297605,12436362730484088
322.4104,disk0w,1977620701184,18768663,1160277556211
322.4104,disk5,25915151816704,52188478,461774871449155
322.4104,disk5w,225980416,35966,1254168700
322.4104,disk4,30097309168640,30152064,342891329069286
322.4104,disk4w,1447523473408,1490207,590231132280
322.4104,disk8,42733948233728,69453876,720050137659831
322.4104,disk8w,4128768,601,984243925
322.4104,ram,382484480,64778289152,276993
322.4104,cpu,14872473,21370218,513930473
322.4104,gpu,30,0,0
322.6104,disk0,878833743691776,1972306238,12436375672971343
322.6104,disk0w,1977620701184,18768663,1160277556211
322.6104,disk5,25915560646656,52189284,461776206114916
322.6104,disk5w,225980416,35966,1254168700
322.6104,disk4,30097818514432,30152586,342891891266322
322.6104,disk4w,1447523473408,1490207,590231132280
322.6104,disk8,42735353554944,69456275,720071651443764
322.6104,disk8w,4128768,601,984243925
322.6104,ram,382484480,64778289152,276993
322.6104,cpu,14872473,21370218,513930473
322.6104,gpu,0,0,0
322.8104,disk0,878835484590080,1972309684,12436385652687419
322.8104,disk0w,1977620701184,18768663,1160277556211
322.8104,disk5,25916183296000,52190539,461783333934014
322.8104,disk5w,225980416,35966,1254168700
322.8104,disk4,30098204881920,30152982,342892514759615
322.8104,disk4w,1447523473408,1490207,590231132280
322.8104,disk8,42736417761280,69458400,720085197191326
322.8104,disk8w,4128768,601,984243925
322.8104,ram,382484480,64778289152,276993
322.8104,cpu,14872473,21370218,513930473
322.8104,gpu,0,0,0
323.0012,disk0,878837456015360,1972313625,12436396170953218
323.0012,disk0w,1977620701184,18768663,1160277556211
323.0012,disk5,25917081647104,52192380,461789134286199
323.0012,disk5w,225980416,35966,1254168700
323.0012,disk4,30098731791360,30153522,342893152559774
323.0012,disk4w,1447524591616,1490384,590236909259
323.0012,disk8,42737623492608,69460063,720095053066400
323.0012,disk8w,4128768,601,984243925
323.0012,ram,382484480,64778289152,276993
323.0012,cpu,14872473,21370218,513930473
323.0012,gpu,0,0,0
323.2104,disk0,878839750774784,1972317802,12436405704595433
323.2104,disk0w,1977624379392,18768845,1160282998645
323.2104,disk5,25917959395328,52194181,461797076151045
323.2104,disk5w,225980416,35966,1254168700
323.2104,disk4,30099268531200,30154072,342893796125130
323.2104,disk4w,1447524591616,1490384,590236909259
323.2104,disk8,42739006351360,69461883,720104928541348
323.2104,disk8w,4128768,601,984243925
323.2104,ram,376242176,64639827968,276993
323.2104,cpu,14872495,21370337,513932190
323.2104,gpu,34,2,0
323.4104,disk0,878841640374272,1972321579,12436415462835486
323.4104,disk0w,1977624379392,18768845,1160282998645
323.4104,disk5,25918766569472,52195835,461804228615964
323.4104,disk5w,225980416,35966,1254168700
323.4104,disk4,30099729380352,30154544,342894344374585
323.4104,disk4w,1447524591616,1490384,590236909259
323.4104,disk8,42740208150528,69463618,720116676229613
323.4104,disk8w,4128768,601,984243925
323.4104,ram,376242176,64639827968,276993
323.4104,cpu,14872495,21370337,513932190
323.4104,gpu,0,0,0
323.6103,disk0,878843718033408,1972326099,12436425464573545
323.6103,disk0w,1977624379392,18768845,1160282998645
323.6103,disk5,25919468460032,52197241,461808998691394
323.6103,disk5w,225980416,35966,1254168700
323.6103,disk4,30100242265088,30155070,342894978189117
323.6103,disk4w,1447524591616,1490384,590236909259
323.6103,disk8,42741497325568,69465692,720130666129669
323.6103,disk8w,4128768,601,984243925
323.6103,ram,376242176,64639827968,276993
323.6103,cpu,14872495,21370337,513932190
323.6103,gpu,0,0,0
323.8028,disk0,878845429096448,1972329838,12436435390106504
323.8028,disk0w,1977624379392,18768845,1160282998645
323.8028,disk5,25920088905728,52198455,461813948811408
323.8028,disk5w,225980416,35966,1254168700
323.8028,disk4,30100707701760,30155547,342895485058966
323.8028,disk4w,1447524591616,1490384,590236909259
323.8028,disk8,42742787221504,69468272,720150673242354
323.8028,disk8w,4128768,601,984243925
323.8028,ram,376242176,64639827968,276993
323.8028,cpu,14872495,21370337,513932190
323.8028,gpu,0,0,0
324.0104,disk0,878847443738624,1972334124,12436444618510034
324.0104,disk0w,1977624379392,18768845,1160282998645
324.0104,disk5,25920749410304,52199760,461818413015681
324.0104,disk5w,225980416,35966,1254168700
324.0104,disk4,30101348774912,30156204,342896263504499
324.0104,disk4w,1447524591616,1490384,590236909259
324.0104,disk8,42744167114752,69470707,720167155412361
324.0104,disk8w,4128768,601,984243925
324.0104,ram,376242176,64639827968,276993
324.0104,cpu,14872495,21370337,513932190
324.0104,gpu,0,0,0
324.2104,disk0,878849320972288,1972342359,12436459182715395
324.2104,disk0w,1977624379392,18768845,1160282998645
324.2104,disk5,25921238259712,52200725,461820369147846
324.2104,disk5w,225980416,35966,1254168700
324.2104,disk4,30101852484608,30156720,342896910458494
324.2104,disk4w,1447524591616,1490384,590236909259
324.2104,disk8,42745524250624,69473262,720187306892311
324.2104,disk8w,4128768,601,984243925
324.2104,ram,386285568,63349112832,276993
324.2104,cpu,14872519,21370443,513933838
324.2104,gpu,0,0,0
324.4104,disk0,878851358732288,1972346435,12436471565616376
324.4104,disk0w,1977624379392,18768845,1160282998645
324.4104,disk5,25921879644160,52202027,461827163674249
324.4104,disk5w,225980416,35966,1254168700
324.4104,disk4,30102428824576,30157311,342899034304992
324.4104,disk4w,1447524591616,1490384,590236909259
324.4104,disk8,42746501179392,69475026,720193870486948
324.4104,disk8w,4128768,601,984243925
324.4104,ram,386285568,63349112832,276993
324.4104,cpu,14872519,21370443,513933838
324.4104,gpu,0,0,0
324.6104,disk0,878853255032832,1972355056,12436484265030861
324.6104,disk0w,1977624379392,18768845,1160282998645
324.6104,disk5,25922593175552,52203489,461832890659525
324.6104,disk5w,225980416,35966,1254168700
324.6104,disk4,30102955734016,30157851,342899694928471
324.6104,disk4w,1447524591616,1490384,590236909259
324.6104,disk8,42747782522880,69476751,720204638130269
324.6104,disk8w,4128768,601,984243925
324.6104,ram,386285568,63349112832,276993
324.6104,cpu,14872519,21370443,513933838
324.6104,gpu,0,0,0
324.8104,disk0,878855431663616,1972358980,12436492976860501
324.8104,disk0w,1977624379392,18768845,1160282998645
324.8104,disk5,25923448027136,52205242,461839513720811
324.8104,disk5w,225980416,35966,1254168700
324.8104,disk4,30103500207104,30158409,342900412559828
324.8104,disk4w,1447524591616,1490384,590236909259
324.8104,disk8,42749108561920,69478581,720215822328334
324.8104,disk8w,4128768,601,984243925
324.8104,ram,386285568,63349112832,276993
324.8104,cpu,14872519,21370443,513933838
324.8104,gpu,0,0,0
325.0104,disk0,878857623711744,1972363684,12436504631343676
325.0104,disk0w,1977624379392,18768845,1160282998645
325.0104,disk5,25924140627968,52206661,461844462601358
325.0104,disk5w,225980416,35966,1254168700
325.0104,disk4,30104153207808,30159078,342901323798075
325.0104,disk4w,1447524591616,1490384,590236909259
325.0104,disk8,42750394968064,69480476,720228066398997
325.0104,disk8w,4128768,601,984243925
325.0104,ram,386285568,63349112832,276993
325.0104,cpu,14872519,21370443,513933838
325.0104,gpu,0,0,0
325.2015,disk0,878859527380992,1972367528,12436515237628224
325.2015,disk0w,1977624379392,18768845,1160282998645
325.2015,disk5,25924925675520,52208212,461849624274501
325.2015,disk5w,225980416,35966,1254168700
325.2015,disk4,30104659407872,30159597,342901901002360
325.2015,disk4w,1447524591616,1490384,590236909259
325.2015,disk8,42751667922944,69482738,720242437266319
325.2015,disk8w,4128768,601,984243925
325.2015,ram,381911040,64633913344,276993
325.2015,cpu,14872542,21370556,513935559
325.2015,gpu,0,0,0
325.4104,disk0,878861772038144,1972372308,12436527802197511
325.4104,disk0w,1977624379392,18768845,1160282998645
325.4104,disk5,25925452093440,52209241,461853052535403
325.4104,disk5w,225980416,35966,1254168700
325.4104,disk4,30105337705472,30160292,342902817185719
325.4104,disk4w,1447524591616,1490384,590236909259
325.4104,disk8,42753097885696,69485468,720259646953495
325.4104,disk8w,4128768,601,984243925
325.4104,ram,381911040,64633913344,276993
325.4104,cpu,14872542,21370556,513935559
325.4104,gpu,0,0,0
325.6013,disk0,878863544676352,1972377572,12436537687071764
325.6013,disk0w,1977624379392,18768845,1160282998645
325.6013,disk5,25925978511360,52210280,461855183477255
325.6013,disk5w,225980416,35966,1254168700
325.6013,disk4,30105783481344,30160749,342903329110028
325.6013,disk4w,1447524591616,1490384,590236909259
325.6013,disk8,42754447058944,69487660,720277597244236
325.6013,disk8w,4128768,601,984243925
325.6013,ram,381911040,64633913344,276993
325.6013,cpu,14872542,21370556,513935559
325.6013,gpu,0,0,0
325.8026,disk0,878865738350592,1972384298,12436555138845681
325.8026,disk0w,1977624379392,18768845,1160282998645
325.8026,disk5,25926557571072,52211430,461858882252028
325.8026,disk5w,225980416,35966,1254168700
325.8026,disk4,30106275263488,30161253,342903884893029
325.8026,disk4w,1447524591616,1490384,590236909259
325.8026,disk8,42755680086016,69490110,720291871207132
325.8026,disk8w,4128768,601,984243925
325.8026,ram,381911040,64633913344,276993
325.8026,cpu,14872542,21370556,513935559
325.8026,gpu,0,0,0
326.0073,disk0,878867359563776,1972388727,12436563538093932
326.0073,disk0w,1977624395776,18768846,1160283026395
326.0073,disk5,25927133108224,52212609,461863055880889
326.0073,disk5w,225980416,35966,1254168700
326.0073,disk4,30106794341376,30161785,342905463826397
326.0073,disk4w,1447524591616,1490384,590236909259
326.0073,disk8,42756819036160,69491836,720305074925598
326.0073,disk8w,4128768,601,984243925
326.0073,ram,381911040,64633913344,276993
326.0073,cpu,14872542,21370556,513935559
326.0073,gpu,0,0,0
326.2099,disk0,878869694791680,1972392914,12436576194104686
326.2099,disk0w,1977624395776,18768846,1160283026395
326.2099,disk5,25927891163136,52214164,461868243576221
326.2099,disk5w,225980416,35966,1254168700
326.2099,disk4,30107425584128,30162432,342906244219139
326.2099,disk4w,1447524591616,1490384,590236909259
326.2099,disk8,42758112045056,69493301,720313173328803
326.2099,disk8w,4128768,601,984243925
326.2099,ram,378486784,65005355008,276993
326.2099,cpu,14872572,21370679,513937116
326.2099,gpu,0,0,0
326.4104,disk0,878871545741312,1972396668,12436582368960777
326.4104,disk0w,1977624395776,18768846,1160283026395
326.4104,disk5,25928787900416,52216003,461876624809217
326.4104,disk5w,225980416,35966,1254168700
326.4104,disk4,30107952493568,30162972,342906914302084
326.4104,disk4w,1447524591616,1490384,590236909259
326.4104,disk8,42759397353472,69495102,720324325664784
326.4104,disk8w,4128768,601,984243925
326.4104,ram,378486784,65005355008,276993
326.4104,cpu,14872572,21370679,513937116
326.4104,gpu,0,0,0
326.6053,disk0,878873538281472,1972400813,12436590629281489
326.6053,disk0w,1977624395776,18768846,1160283026395
326.6053,disk5,25929515358208,52217488,461880925217331
326.6053,disk5w,225980416,35966,1254168700
326.6053,disk4,30108549657600,30163584,342907724192296
326.6053,disk4w,1447524591616,1490384,590236909259
326.6053,disk8,42760751589376,69497108,720338731462234
326.6053,disk8w,4128768,601,984243925
326.6053,ram,378486784,65005355008,276993
326.6053,cpu,14872572,21370679,513937116
326.6053,gpu,0,0,0
326.8104,disk0,878875840708608,1972405859,12436606105896019
326.8104,disk0w,1977624395776,18768846,1160283026395
326.8104,disk5,25930088781824,52218599,461883876567160
326.8104,disk5w,225980416,35966,1254168700
326.8104,disk4,30109164385280,30164214,342908434516080
326.8104,disk4w,1447524591616,1490384,590236909259
326.8104,disk8,42762151421952,69499882,720355320164038
326.8104,disk8w,4128768,601,984243925
326.8104,ram,378486784,65005355008,276993
326.8104,cpu,14872572,21370679,513937116
326.8104,gpu,0,0,0
327.0047,disk0,878877660151808,1972409684,12436618499251403
327.0047,disk0w,1977624395776,18768846,1160283026395
327.0047,disk5,25930742618112,52219893,461887601876298
327.0047,disk5w,225980416,35966,1254168700
327.0047,disk4,30109647385600,30164709,342908980355949
327.0047,disk4w,1447524591616,1490384,590236909259
327.0047,disk8,42763345405952,69502073,720370372179414
327.0047,disk8w,4128768,601,984243925
327.0047,ram,378486784,65005355008,276993
327.0047,cpu,14872572,21370679,513937116
327.0047,gpu,0,0,0
327.2040,disk0,878879831392256,1972417235,12436633603485621
327.2040,disk0w,1977624395776,18768846,1160283026395
327.2040,disk5,25931426961408,52221246,461890641383209
327.2040,disk5w,225980416,35966,1254168700
327.2040,disk4,30110191858688,30165267,342909648900260
327.2040,disk4w,1447524591616,1490384,590236909259
327.2040,disk8,42764705163264,69504384,720384837988822
327.2040,disk8w,4128768,601,984243925
327.2040,ram,382992384,63569772544,276993
327.2040,cpu,14872590,21370786,513938845
327.2040,gpu,0,0,0
327.4104,disk0,878881958678528,1972421408,12436652715260990
327.4104,disk0w,1977624395776,18768846,1160283026395
327.4104,disk5,25931965831168,52222332,461893420959712
327.4104,disk5w,225980416,35966,1254168700
327.4104,disk4,30110560613376,30165645,342910729404555
327.4104,disk4w,1447524591616,1490384,590236909259
327.4104,disk8,42765502294016,69505959,720391444725253
327.4104,disk8w,4128768,601,984243925
327.4104,ram,382992384,63569772544,276993
327.4104,cpu,14872590,21370786,513938845
327.4104,gpu,0,0,0
327.6104,disk0,878883985231872,1972426863,12436661455899939
327.6104,disk0w,1977624395776,18768846,1160283026395
327.6104,disk5,25932751788032,52223944,461900033971267
327.6104,disk5w,225980416,35966,1254168700
327.6104,disk4,30111111771136,30166210,342911454880350
327.6104,disk4w,1447524591616,1490384,590236909259
327.6104,disk8,42766884169728,69507828,720404568016866
327.6104,disk8w,4128768,601,984243925
327.6104,ram,382992384,63569772544,276993
327.6104,cpu,14872590,21370786,513938845
327.6104,gpu,0,0,0
327.8104,disk0,878886178492416,1972430360,12436670307258442
327.8104,disk0w,1977624395776,18768846,1160283026395
327.8104,disk5,25933471225856,52225418,461905638294639
327.8104,disk5w,225980416,35966,1254168700
327.8104,disk4,30111719814144,30166833,342912339434389
327.8104,disk4w,1447524591616,1490384,590236909259
327.8104,disk8,42768243943424,69509516,720414349649762
327.8104,disk8w,4128768,601,984243925
327.8104,ram,382992384,63569772544,276993
327.8104,cpu,14872590,21370786,513938845
327.8104,gpu,30,0,0
328.0066,disk0,878887945195520,1972433921,12436678461290581
328.0066,disk0w,1977624395776,18768846,1160283026395
328.0066,disk5,25934155569152,52226820,461909991352046
328.0066,disk5w,225980416,35966,1254168700
328.0066,disk4,30112246723584,30167373,342913025376242
328.0066,disk4w,1447524591616,1490384,590236909259
328.0066,disk8,42769579141120,69511620,720430250923479
328.0066,disk8w,4128768,601,984243925
328.0066,ram,382992384,63569772544,276993
328.0066,cpu,14872590,21370786,513938845
328.0066,gpu,0,0,0
328.2033,disk0,878889968078848,1972438154,12436688982829685
328.2033,disk0w,1977624395776,18768846,1160283026395
328.2033,disk5,25934769723392,52228055,461913342503256
328.2033,disk5w,225980416,35966,1254168700
328.2033,disk4,30112808760320,30167949,342913668757465
328.2033,disk4w,1447524591616,1490384,590236909259
328.2033,disk8,42770935179264,69513610,720444522224643
328.2033,disk8w,4128768,601,984243925
328.2033,ram,380338176,64801800192,276993
328.2033,cpu,14872605,21370878,513940451
328.2033,gpu,27,2,0
328.4073,disk0,878891859873792,1972442207,12436698346220891
328.4073,disk0w,1977624395776,18768846,1160283026395
328.4073,disk5,25935371589632,52229226,461916349584094
328.4073,disk5w,225980416,35966,1254168700
328.4073,disk4,30113318106112,30168471,342914325065418
328.4073,disk4w,1447524591616,1490384,590236909259
328.4073,disk8,42772319578112,69516317,720464838555479
328.4073,disk8w,4128768,601,984243925
328.4073,ram,380338176,64801800192,276993
328.4073,cpu,14872605,21370878,513940451
328.4073,gpu,0,0,0
328.6092,disk0,878893924667392,1972446689,12436707572351115
328.6092,disk0w,1977624395776,18768846,1160283026395
328.6092,disk5,25936217380864,52230897,461922943278401
328.6092,disk5w,225980416,35966,1254168700
328.6092,disk4,30113818670080,30168984,342914914812787
328.6092,disk4w,1447524591616,1490384,590236909259
328.6092,disk8,42773652334592,69518666,720479322150246
328.6092,disk8w,4128768,601,984243925
328.6092,ram,380338176,64801800192,276993
328.6092,cpu,14872605,21370878,513940451
328.6092,gpu,0,0,0
328.8065,disk0,878895915970560,1972454431,12436721148051495
328.8065,disk0w,1977624395776,18768846,1160283026395
328.8065,disk5,25936766859264,52231985,461925401852048
328.8065,disk5w,225980416,35966,1254168700
328.8065,disk4,30114347676672,30169526,342915671859278
328.8065,disk4w,1447524591616,1490384,590236909259
328.8065,disk8,42774992824320,69521341,720498770029839
328.8065,disk8w,4128768,601,984243925
328.8065,ram,380338176,64801800192,276993
328.8065,cpu,14872605,21370878,513940451
328.8065,gpu,0,0,0
329.0040,disk0,878897609191424,1972457755,12436731060561956
329.0040,disk0w,1977624395776,18768846,1160283026395
329.0040,disk5,25937514223616,52233503,461931337045668
329.0040,disk5w,225980416,35966,1254168700
329.0040,disk4,30114758210560,30169947,342917339105014
329.0040,disk4w,1447524591616,1490384,590236909259
329.0040,disk8,42776012646400,69523002,720507972917295
329.0040,disk8w,4128768,601,984243925
329.0040,ram,380338176,64801800192,276993
329.0040,cpu,14872605,21370878,513940451
329.0040,gpu,0,0,0
329.2104,disk0,878899986575360,1972464456,12436741593034865
329.2104,disk0w,1977624395776,18768846,1160283026395
329.2104,disk5,25938264791040,52235042,461936793021368
329.2104,disk5w,225980416,35966,1254168700
329.2104,disk4,30115364156416,30170568,342918121242976
329.2104,disk4w,1447524591616,1490384,590236909259
329.2104,disk8,42777419622400,69524735,720518824123523
329.2104,disk8w,4128768,601,984243925
329.2104,ram,380108800,64981663744,276993
329.2104,cpu,14872621,21370985,513942182
329.2104,gpu,0,0,0
329.4012,disk0,878901870882816,1972468152,12436749846676149
329.4012,disk0w,1977624395776,18768846,1160283026395
329.4012,disk5,25939033724928,52236619,461945119786972
329.4012,disk5w,225980416,35966,1254168700
329.4012,disk4,30115970102272,30171189,342918844803119
329.4012,disk4w,1447524591616,1490384,590236909259
329.4012,disk8,42778661693440,69526618,720528726775058
329.4012,disk8w,4128768,601,984243925
329.4012,ram,380108800,64981663744,276993
329.4012,cpu,14872621,21370985,513942182
329.4012,gpu,28,0,0
329.6104,disk0,878903811436544,1972472122,12436757406582880
329.6104,disk0w,1977624395776,18768846,1160283026395
329.6104,disk5,25939963979776,52238528,461957031185077
329.6104,disk5w,225980416,35966,1254168700
329.6104,disk4,30116512084992,30171744,342919493784432
329.6104,disk4w,1447524591616,1490384,590236909259
329.6104,disk8,42779960911872,69528681,720540178939902
329.6104,disk8w,4128768,601,984243925
329.6104,ram,380108800,64981663744,276993
329.6104,cpu,14872621,21370985,513942182
329.6104,gpu,0,0,0
329.8104,disk0,878905680019456,1972476120,12436765737379276
329.8104,disk0w,1977624395776,18768846,1160283026395
329.8104,disk5,25940642211840,52239858,461961942305504
329.8104,disk5w,225980416,35966,1254168700
329.8104,disk4,30117111739392,30172359,342920309132687
329.8104,disk4w,1447524591616,1490384,590236909259
329.8104,disk8,42781299238912,69531158,720558825551326
329.8104,disk8w,4128768,601,984243925
329.8104,ram,380108800,64981663744,276993
329.8104,cpu,14872621,21370985,513942182
329.8104,gpu,0,0,0
330.0085,disk0,878907804930048,1972480824,12436779594810914
330.0085,disk0w,1977624395776,18768846,1160283026395
330.0085,disk5,25941455251456,52241464,461967749927214
330.0085,disk5w,225980416,35966,1254168700
330.0085,disk4,30117726467072,30172989,342921086215359
330.0085,disk4w,1447524591616,1490384,590236909259
330.0085,disk8,42782574995456,69533598,720571039284611
330.0085,disk8w,4128768,601,984243925
330.0085,ram,380108800,64981663744,276993
330.0085,cpu,14872621,21370985,513942182
330.0085,gpu,0,0,0
330.2104,disk0,878909706653696,1972487339,12436791247284832
330.2104,disk0w,1977624395776,18768846,1160283026395
330.2104,disk5,25942209783808,52242952,461972243174724
330.2104,disk5w,225980416,35966,1254168700
330.2104,disk4,30118130430976,30173403,342921565634052
330.2104,disk4w,1447524591616,1490384,590236909259
330.2104,disk8,42783932262400,69535936,720587062654965
330.2104,disk8w,4128768,601,984243925
330.2104,ram,380469248,64790331392,276993
330.2104,cpu,14872639,21371085,513943848
330.2104,gpu,0,0,0
330.4104,disk0,878911585075200,1972490909,12436802401545891
330.4104,disk0w,1977624395776,18768846,1160283026395
330.4104,disk5,25942946768896,52244420,461976875472143
330.4104,disk5w,225980416,35966,1254168700
330.4104,disk4,30118643414016,30173926,342922509148875
330.4104,disk4w,1447524591616,1490384,590236909259
330.4104,disk8,42785031890944,69537977,720597533410009
330.4104,disk8w,4128768,601,984243925
330.4104,ram,380469248,64790331392,276993
330.4104,cpu,14872639,21371085,513943848
330.4104,gpu,0,0,0
330.6051,disk0,878913833156608,1972498516,12436818748422609
330.6051,disk0w,1977624395776,18768846,1160283026395
330.6051,disk5,25943646849024,52245851,461981799494125
330.6051,disk5w,225980416,35966,1254168700
330.6051,disk4,30119122695168,30174420,342923503569541
330.6051,disk4w,1447524591616,1490384,590236909259
330.6051,disk8,42786260494336,69539692,720606275750998
330.6051,disk8w,4128768,601,984243925
330.6051,ram,380469248,64790331392,276993
330.6051,cpu,14872639,21371085,513943848
330.6051,gpu,0,0,0
330.8103,disk0,878915873701888,1972502057,12436825340600571
330.8103,disk0w,1977624395776,18768846,1160283026395
330.8103,disk5,25944379738112,52247355,461985705959911
330.8103,disk5w,225980416,35966,1254168700
330.8103,disk4,30119684731904,30174996,342924227865059
330.8103,disk4w,1447524591616,1490384,590236909259
330.8103,disk8,42787690227712,69541336,720619271074989
330.8103,disk8w,4128768,601,984243925
330.8103,ram,380469248,64790331392,276993
330.8103,cpu,14872639,21371085,513943848
330.8103,gpu,0,0,0
331.0011,disk0,878917698322432,1972505781,12436831653376866
331.0011,disk0w,1977624395776,18768846,1160283026395
331.0011,disk5,25945210365952,52249057,461992254381765
331.0011,disk5w,225980416,35966,1254168700
331.0011,disk4,30120237986816,30175563,342924907087708
331.0011,disk4w,1447524591616,1490384,590236909259
331.0011,disk8,42788991576064,69543326,720632845936618
331.0011,disk8w,4128768,601,984243925
331.0011,ram,380469248,64790331392,276993
331.0011,cpu,14872639,21371085,513943848
331.0011,gpu,0,0,0
331.2036,disk0,878919884259328,1972510417,12436843569073056
331.2036,disk0w,1977624395776,18768846,1160283026395
331.2036,disk5,25946087729152,52250833,462000848410282
331.2036,disk5w,225980416,35966,1254168700
331.2036,disk4,30120879059968,30176220,342925655958073
331.2036,disk4w,1447524591616,1490384,590236909259
331.2036,disk8,42790262564864,69545243,720642180996069
331.2036,disk8w,4128768,601,984243925
331.2036,ram,383041536,64609550336,276993
331.2036,cpu,14872666,21371215,513945406
331.2036,gpu,0,0,0
331.4104,disk0,878922154704896,1972515643,12436858581321309
331.4104,disk0w,1977624395776,18768846,1160283026395
331.4104,disk5,25946963142656,52252537,462006061389736
331.4104,disk5w,225980416,35966,1254168700
331.4104,disk4,30121467442176,30176823,342926315085796
331.4104,disk4w,1447524591616,1490384,590236909259
331.4104,disk8,42791599384576,69547701,720654345780880
331.4104,disk8w,4128768,601,984243925
331.4104,ram,383041536,64609550336,276993
331.4104,cpu,14872666,21371215,513945406
331.4104,gpu,0,0,0
331.6104,disk0,878924413386752,1972520646,12436872497997382
331.6104,disk0w,1977624395776,18768846,1160283026395
331.6104,disk5,25947651008512,52253893,462010247619726
331.6104,disk5w,225980416,35966,1254168700
331.6104,disk4,30122073388032,30177444,342927109144838
331.6104,disk4w,1447524591616,1490384,590236909259
331.6104,disk8,42792820811776,69549962,720667766658518
331.6104,disk8w,4128768,601,984243925
331.6104,ram,383041536,64609550336,276993
331.6104,cpu,14872666,21371215,513945406
331.6104,gpu,31,0,0
331.8084,disk0,878926374256640,1972527969,12436889628906146
331.8084,disk0w,1977624395776,18768846,1160283026395
331.8084,disk5,25948193400832,52254965,462015014081029
331.8084,disk5w,225980416,35966,1254168700
331.8084,disk4,30122477351936,30177858,342927563235617
331.8084,disk4w,1447524591616,1490384,590236909259
331.8084,disk8,42794005293056,69552138,720681468721371
331.8084,disk8w,4128768,601,984243925
331.8084,ram,383041536,64609550336,276993
331.8084,cpu,14872666,21371215,513945406
331.8084,gpu,0,0,0
332.0077,disk0,878928203694080,1972531424,12436900217786026
332.0077,disk0w,1977624395776,18768846,1160283026395
332.0077,disk5,25948905646080,52256396,462019745475925
332.0077,disk5w,225980416,35966,1254168700
332.0077,disk4,30122960319488,30178353,342928490242205
332.0077,disk4w,1447524591616,1490384,590236909259
332.0077,disk8,42795052804096,69554037,720692690265785
332.0077,disk8w,4128768,601,984243925
332.0077,ram,383041536,64609550336,276993
332.0077,cpu,14872666,21371215,513945406
332.0077,gpu,37,0,0
332.2104,disk0,878930629345280,1972541378,12436919123214446
332.2104,disk0w,1977624395776,18768846,1160283026395
332.2104,disk5,25949638158336,52257898,462025410800868
332.2104,disk5w,225980416,35966,1254168700
332.2104,disk4,30123478447104,30178884,342929295911068
332.2104,disk4w,1447524591616,1490384,590236909259
332.2104,disk8,42796266858496,69555757,720699772984996
332.2104,disk8w,4128768,601,984243925
332.2104,ram,383205376,64987971584,276993
332.2104,cpu,14872683,21371328,513947131
332.2104,gpu,0,0,0
332.4104,disk0,878932373929984,1972544243,12436924463778910
332.4104,disk0w,1977624395776,18768846,1160283026395
332.4104,disk5,25950711441408,52260097,462040172931031
332.4104,disk5w,225980416,35966,1254168700
332.4104,disk4,30123947029504,30179364,342929829247320
332.4104,disk4w,1447524591616,1490384,590236909259
332.4104,disk8,42797566617600,69557374,720707263024455
332.4104,disk8w,4128768,601,984243925
332.4104,ram,383205376,64987971584,276993
332.4104,cpu,14872683,21371328,513947131
332.4104,gpu,25,0,0
332.6104,disk0,878934742867968,1972548975,12436938123774627
332.6104,disk0w,1977624395776,18768846,1160283026395
332.6104,disk5,25951448426496,52261608,462045076886542
332.6104,disk5w,225980416,35966,1254168700
332.6104,disk4,30124593738752,30180027,342930591019561
332.6104,disk4w,1447524591616,1490384,590236909259
332.6104,disk8,42798817454080,69559330,720717548671968
332.6104,disk8w,4128768,601,984243925
332.6104,ram,383205376,64987971584,276993
332.6104,cpu,14872683,21371328,513947131
332.6104,gpu,0,0,0
332.8014,disk0,878936769724416,1972553305,12436948200555686
332.8014,disk0w,1977624395776,18768846,1160283026395
332.8014,disk5,25952308242432,52263321,462053398371447
332.8014,disk5w,225980416,35966,1254168700
332.8014,disk4,30125120648192,30180567,342931259465094
332.8014,disk4w,1447524591616,1490384,590236909259
332.8014,disk8,42799993038848,69561299,720728590519422
332.8014,disk8w,4128768,601,984243925
332.8014,ram,383205376,64987971584,276993
332.8014,cpu,14872683,21371328,513947131
332.8014,gpu,0,0,0
333.0031,disk0,878938689552384,1972557713,12436958292273623
333.0031,disk0w,1977624395776,18768846,1160283026395
333.0031,disk5,25952932374528,52264538,462056581200826
333.0031,disk5w,225980416,35966,1254168700
333.0031,disk4,30125515830272,30180972,342931656683047
333.0031,disk4w,1447524591616,1490384,590236909259
333.0031,disk8,42801386776576,69563925,720750506947902
333.0031,disk8w,4128768,601,984243925
333.0031,ram,383205376,64987971584,276993
333.0031,cpu,14872683,21371328,513947131
333.0031,gpu,0,0,0
333.2104,disk0,878940591800320,1972561790,12436965223456373
333.2104,disk0w,1977624395776,18768846,1160283026395
333.2104,disk5,25953641834496,52265942,462060421355169
333.2104,disk5w,225980416,35966,1254168700
333.2104,disk4,30126077867008,30181548,342932355783947
333.2104,disk4w,1447524591616,1490384,590236909259
333.2104,disk8,42802805598208,69566529,720770462124184
333.2104,disk8w,4128768,601,984243925
333.2104,ram,381894656,64749076480,276993
333.2104,cpu,14872699,21371424,513948800
333.2104,gpu,0,0,0
333.4104,disk0,878942460952576,1972569665,12436978665456441
333.4104,disk0w,1977624395776,18768846,1160283026395
333.4104,disk5,25954299471872,52267248,462063445443191
333.4104,disk5w,225980416,35966,1254168700
333.4104,disk4,30126523249664,30182004,342932870805674
333.4104,disk4w,1447524591616,1490384,590236909259
333.4104,disk8,42804155955200,69568932,720789135662340
333.4104,disk8w,4128768,601,984243925
333.4104,ram,381894656,64749076480,276993
333.4104,cpu,14872699,21371424,513948800
333.4104,gpu,21,0,0
333.6104,disk0,878943851872256,1972571964,12436984317350983
333.6104,disk0w,1977624395776,18768846,1160283026395
333.6104,disk5,25954962458624,52268574,462068724106793
333.6104,disk5w,225980416,35966,1254168700
333.6104,disk4,30126876963840,30182367,342933485969336
333.6104,disk4w,1447524591616,1490384,590236909259
333.6104,disk8,42805259810816,69570991,720805130697121
333.6104,disk8w,4128768,601,984243925
333.6104,ram,381894656,64749076480,276993
333.6104,cpu,14872699,21371424,513948800
333.6104,gpu,0,0,0
333.8104,disk0,878945792954368,1972579669,12436996601547377
333.8104,disk0w,1977624395776,18768846,1160283026395
333.8104,disk5,25955808929792,52270306,462076314877700
333.8104,disk5w,225980416,35966,1254168700
333.8104,disk4,30127447782400,30182952,342934217567261
333.8104,disk4w,1447524591616,1490384,590236909259
333.8104,disk8,42806476617728,69572743,720815038169203
333.8104,disk8w,4128768,601,984243925
333.8104,ram,381894656,64749076480,276993
333.8104,cpu,14872699,21371424,513948800
333.8104,gpu,0,0,0
334.0104,disk0,878947654193152,1972583001,12437003723019571
334.0104,disk0w,1977624395776,18768846,1160283026395
334.0104,disk5,25956675028992,52272082,462085568583645
334.0104,disk5w,225980416,35966,1254168700
334.0104,disk4,30127913219072,30183429,342934766404399
334.0104,disk4w,1447524591616,1490384,590236909259
334.0104,disk8,42807769675776,69574297,720824538628333
334.0104,disk8w,4128768,601,984243925
334.0104,ram,381894656,64749076480,276993
334.0104,cpu,14872699,21371424,513948800
334.0104,gpu,25,0,0
334.2104,disk0,878949656875008,1972586843,12437009181518894
334.2104,disk0w,1977624395776,18768846,1160283026395
334.2104,disk5,25957673134080,52274129,462094801030946
334.2104,disk5w,225980416,35966,1254168700
334.2104,disk4,30128422564864,30183951,342935380928769
334.2104,disk4w,1447524591616,1490384,590236909259
334.2104,disk8,42809090258944,69576232,720836892897656
334.2104,disk8w,4128768,601,984243925
334.2104,ram,382746624,64809271296,276993
334.2104,cpu,14872716,21371522,513950467
334.2104,gpu,31,3,0
334.4104,disk0,878952023756800,1972591703,12437022143828829
334.4104,disk0w,1977624395776,18768846,1160283026395
334.4104,disk5,25958634039296,52276075,462104412221958
334.4104,disk5w,225980416,35966,1254168700
334.4104,disk4,30129019728896,30184563,342936194912062
334.4104,disk4w,1447524591616,1490384,590236909259
334.4104,disk8,42810300266496,69578074,720844461763610
334.4104,disk8w,4128768,601,984243925
334.4104,ram,382746624,64809271296,276993
334.4104,cpu,14872716,21371522,513950467
334.4104,gpu,0,0,0
334.6104,disk0,878953951858688,1972596001,12437031282748500
334.6104,disk0w,1977624395776,18768846,1160283026395
334.6104,disk5,25959292725248,52277353,462109219960144
334.6104,disk5w,225980416,35966,1254168700
334.6104,disk4,30129485165568,30185040,342936824374453
334.6104,disk4w,1447524591616,1490384,590236909259
334.6104,disk8,42811687684096,69580760,720863717669051
334.6104,disk8w,4128768,601,984243925
334.6104,ram,382746624,64809271296,276993
334.6104,cpu,14872716,21371522,513950467
334.6104,gpu,0,0,0
334.8104,disk0,878955742740480,1972600161,12437038339957756
334.8104,disk0w,1977624395776,18768846,1160283026395
334.8104,disk5,25960125556736,52279003,462114562466592
334.8104,disk5w,225980416,35966,1254168700
334.8104,disk4,30130099893248,30185670,342937782675096
334.8104,disk4w,1447524591616,1490384,590236909259
334.8104,disk8,42813095430144,69583388,720882006471743
334.8104,disk8w,4128768,601,984243925
334.8104,ram,382746624,64809271296,276993
334.8104,cpu,14872716,21371522,513950467
334.8104,gpu,0,0,0
335.0104,disk0,878957665992704,1972608487,12437050735949457
335.0104,disk0w,1977624395776,18768846,1160283026395
335.0104,disk5,25960834394112,52280403,462118435799144
335.0104,disk5w,225980416,35966,1254168700
335.0104,disk4,30130618020864,30186201,342938446729085
335.0104,disk4w,1447524591616,1490384,590236909259
335.0104,disk8,42814472554496,69585688,720899009109360
335.0104,disk8w,4128768,601,984243925
335.0104,ram,382746624,64809271296,276993
335.0104,cpu,14872716,21371522,513950467
335.0104,gpu,0,0,0
335.2077,disk0,878959150497792,1972611187,12437058007476452
335.2077,disk0w,1977624395776,18768846,1160283026395
335.2077,disk5,25961514690560,52281752,462126476490407
335.2077,disk5w,225980416,35966,1254168700
335.2077,disk4,30131007550464,30186600,342939019635779
335.2077,disk4w,1447524591616,1490384,590236909259
335.2077,disk8,42815482877952,69587653,720910681843571
335.2077,disk8w,4128768,601,984243925
335.2077,ram,434978816,63501025280,276993
335.2077,cpu,14872737,21371632,513952192
335.2077,gpu,90,5,0
335.4104,disk0,878961006358528,1972622984,12437072435384251
335.4104,disk0w,1977624395776,18768846,1160283026395
335.4104,disk5,25962366240768,52283499,462133676528074
335.4104,disk5w,225980416,35966,1254168700
335.4104,disk4,30131532346368,30187138,342939707992104
335.4104,disk4w,1447524591616,1490384,590236909259
335.4104,disk8,42816803854336,69589568,720922864156101
335.4104,disk8w,4128768,601,984243925
335.4104,ram,434978816,63501025280,276993
335.4104,cpu,14872737,21371632,513952192
335.4104,gpu,0,0,0
335.6104,disk0,878962815414272,1972626210,12437080855974986
335.6104,disk0w,1977624395776,18768846,1160283026395
335.6104,disk5,25963284088832,52285379,462142997991898
335.6104,disk5w,225980416,35966,1254168700
335.6104,disk4,30132102116352,30187722,342940596037360
335.6104,disk4w,1447524591616,1490384,590236909259
335.6104,disk8,42818021955584,69591080,720931488217319
335.6104,disk8w,4128768,601,984243925
335.6104,ram,434978816,63501025280,276993
335.6104,cpu,14872737,21371632,513952192
335.6104,gpu,0,0,0
335.8022,disk0,878964705030144,1972629803,12437086901674939
335.8022,disk0w,1977624395776,18768846,1160283026395
335.8022,disk5,25964222867456,52287305,462154746382931
335.8022,disk5w,225980416,35966,1254168700
335.8022,disk4,30132546450432,30188177,342941102601658
335.8022,disk4w,1447524591616,1490384,590236909259
335.8022,disk8,42819125188608,69592574,720938240905527
335.8022,disk8w,4128768,601,984243925
335.8022,ram,434978816,63501025280,276993
335.8022,cpu,14872737,21371632,513952192
335.8022,gpu,0,0,0
336.0104,disk0,878966929018880,1972634231,12437097770461555
336.0104,disk0w,1977624395776,18768846,1160283026395
336.0104,disk5,25965065136128,52289032,462162231163972
336.0104,disk5w,225980416,35966,1254168700
336.0104,disk4,30133035086848,30188678,342941720938411
336.0104,disk4w,1447524591616,1490384,590236909259
336.0104,disk8,42820383889408,69594476,720949821228465
336.0104,disk8w,4128768,601,984243925
336.0104,ram,434978816,63501025280,276993
336.0104,cpu,14872737,21371632,513952192
336.0104,gpu,0,0,0
336.2057,disk0,878968630718464,1972637808,12437104702886974
336.2057,disk0w,1977624395776,18768846,1160283026395
336.2057,disk5,25965879650304,52290610,462167289318770
336.2057,disk5w,225980416,35966,1254168700
336.2057,disk4,30133463299072,30189117,342942201906722
336.2057,disk4w,1447524591616,1490384,590236909259
336.2057,disk8,42821710190592,69596842,720968781205480
336.2057,disk8w,4128768,601,984243925
336.2057,ram,431357952,64719339520,276993
336.2057,cpu,14872765,21371762,513953750
336.2057,gpu,0,0,0
336.4104,disk0,878970561441792,1972642249,12437114003451296
336.4104,disk0w,1977624395776,18768846,1160283026395
336.4104,disk5,25966512400384,52291855,462171206577771
336.4104,disk5w,225980416,35966,1254168700
336.4104,disk4,30133919953920,30189585,342942772308060
336.4104,disk4w,1447524591616,1490384,590236909259
336.4104,disk8,42823026595840,69599246,720985971307509
336.4104,disk8w,4128768,601,984243925
336.4104,ram,431357952,64719339520,276993
336.4104,cpu,14872765,21371762,513953750
336.4104,gpu,0,0,0
336.6038,disk0,878972463349760,1972648613,12437125228106652
336.6038,disk0w,1977624395776,18768846,1160283026395
336.6038,disk5,25967205902336,52293232,462176036159677
336.6038,disk5w,225980416,35966,1254168700
336.6038,disk4,30134478451712,30190157,342943724358615
336.6038,disk4w,1447524591616,1490384,590236909259
336.6038,disk8,42824301631488,69601314,721000516093071
336.6038,disk8w,4128768,601,984243925
336.6038,ram,431357952,64719339520,276993
336.6038,cpu,14872765,21371762,513953750
336.6038,gpu,0,0,0
336.8104,disk0,878974697283584,1972655527,12437139495233412
336.8104,disk0w,1977624395776,18768846,1160283026395
336.8104,disk5,25967837603840,52294482,462179114541613
336.8104,disk5w,225980416,35966,1254168700
336.8104,disk4,30135052809216,30190746,342944434131627
336.8104,disk4w,1447524591616,1490384,590236909259
336.8104,disk8,42825624229888,69604086,721018266840334
336.8104,disk8w,4128768,601,984243925
336.8104,ram,431357952,64719339520,276993
336.8104,cpu,14872765,21371762,513953750
336.8104,gpu,37,0,0
337.0099,disk0,878976114663424,1972658210,12437146075934874
337.0099,disk0w,1977625681920,18769062,1160288605899
337.0099,disk5,25968493398016,52295821,462188601481792
337.0099,disk5w,225980416,35966,1254168700
337.0099,disk4,30135412831232,30191115,342944978893623
337.0099,disk4w,1447524591616,1490384,590236909259
337.0099,disk8,42826453161984,69605307,721025776696430
337.0099,disk8w,4128768,601,984243925
337.0099,ram,431357952,64719339520,276993
337.0099,cpu,14872765,21371762,513953750
337.0099,gpu,0,0,0
337.2104,disk0,878978640080896,1972663552,12437157627352582
337.2104,disk0w,1977625681920,18769062,1160288605899
337.2104,disk5,25969453533184,52297789,462196758516251
337.2104,disk5w,225980416,35966,1254168700
337.2104,disk4,30135984698368,30191701,342945671266038
337.2104,disk4w,1447524591616,1490384,590236909259
337.2104,disk8,42827751495680,69606943,721033155149596
337.2104,disk8w,4128768,601,984243925
337.2104,ram,431947776,64890388480,276993
337.2104,cpu,14872784,21371868,513955408
337.2104,gpu,0,0,0
337.4104,disk0,878980807946240,1972667623,12437165206543170
337.4104,disk0w,1977625681920,18769062,1160288605899
337.4104,disk5,25970460928000,52299857,462209048930224
337.4104,disk5w,225980416,35966,1254168700
337.4104,disk4,30136699171840,30192433,342946632519452
337.4104,disk4w,1447524591616,1490384,590236909259
337.4104,disk8,42828951132160,69608673,721040566140994
337.4104,disk8w,4128768,601,984243925
337.4104,ram,431947776,64890388480,276993
337.4104,cpu,14872784,21371868,513955408
337.4104,gpu,0,0,0
337.6104,disk0,878982946336768,1972672108,12437175471913350
337.6104,disk0w,1977625681920,18769062,1160288605899
337.6104,disk5,25971362129920,52301703,462215997021188
337.6104,disk5w,225980416,35966,1254168700
337.6104,disk4,30137254523904,30193002,342947405722962
337.6104,disk4w,1447524591616,1490384,590236909259
337.6104,disk8,42830291736576,69610672,721051474984867
337.6104,disk8w,4128768,601,984243925
337.6104,ram,431947776,64890388480,276993
337.6104,cpu,14872784,21371868,513955408
337.6104,gpu,36,0,0
337.8025,disk0,878984960339968,1972676688,12437185426636998
337.8025,disk0w,1977625681920,18769062,1160288605899
337.8025,disk5,25972215654400,52303357,462223425818129
337.8025,disk5w,225980416,35966,1254168700
337.8025,disk4,30137775141888,30193536,342948048843238
337.8025,disk4w,1447524591616,1490384,590236909259
337.8025,disk8,42831549863936,69612903,721063730968684
337.8025,disk8w,4128768,601,984243925
337.8025,ram,431947776,64890388480,276993
337.8025,cpu,14872784,21371868,513955408
337.8025,gpu,0,0,0
338.0104,disk0,878987393839104,1972682111,12437198696246084
338.0104,disk0w,1977625681920,18769062,1160288605899
338.0104,disk5,25972961421312,52304833,462227806046383
338.0104,disk5w,225980416,35966,1254168700
338.0104,disk4,30138504033280,30194283,342949059430450
338.0104,disk4w,1447524591616,1490384,590236909259
338.0104,disk8,42832837711872,69615279,721077375685988
338.0104,disk8w,4128768,601,984243925
338.0104,ram,431947776,64890388480,276993
338.0104,cpu,14872784,21371868,513955408
338.0104,gpu,35,0,0
338.2104,disk0,878989401026560,1972688394,12437211275927948
338.2104,disk0w,1977625681920,18769062,1160288605899
338.2104,disk5,25973487839232,52305871,462230424518543
338.2104,disk5w,225980416,35966,1254168700
338.2104,disk4,30138960688128,30194751,342949573362465
338.2104,disk4w,1447524591616,1490384,590236909259
338.2104,disk8,42834173745152,69617451,721094095312586
338.2104,disk8w,4128768,601,984243925
338.2104,ram,428277760,63324602368,276993
338.2104,cpu,14872800,21371980,513957130
338.2104,gpu,31,1,0
338.4029,disk0,878991095984128,1972691537,12437218293911639
338.4029,disk0w,1977625681920,18769062,1160288605899
338.4029,disk5,25974162073600,52307207,462236876768046
338.4029,disk5w,225980416,35966,1254168700
338.4029,disk4,30139338290176,30195138,342950099303217
338.4029,disk4w,1447524591616,1490384,590236909259
338.4029,disk8,42835214620672,69619558,721105892772395
338.4029,disk8w,4128768,601,984243925
338.4029,ram,428277760,63324602368,276993
338.4029,cpu,14872800,21371980,513957130
338.4029,gpu,0,0,0
338.6104,disk0,878993370148864,1972697078,12437229140907115
338.6104,disk0w,1977625681920,18769062,1160288605899
338.6104,disk5,25974979356672,52308882,462243512591080
338.6104,disk5w,225980416,35966,1254168700
338.6104,disk4,30139900326912,30195714,342950796432055
338.6104,disk4w,1447524591616,1490384,590236909259
338.6104,disk8,42836576114688,69621580,721118839152348
338.6104,disk8w,4128768,601,984243925
338.6104,ram,428277760,63324602368,276993
338.6104,cpu,14872800,21371980,513957130
338.6104,gpu,0,0,0
338.8104,disk0,878995420475392,1972700496,12437235491342866
338.8104,disk0w,1977625681920,18769062,1160288605899
338.8104,disk5,25975853197312,52310673,462250156421819
338.8104,disk5w,225980416,35966,1254168700
338.8104,disk4,30140440212480,30196267,342951502656158
338.8104,disk4w,1447524591616,1490384,590236909259
338.8104,disk8,42837911640064,69623244,721130200337153
338.8104,disk8w,4128768,601,984243925
338.8104,ram,428277760,63324602368,276993
338.8104,cpu,14872800,21371980,513957130
338.8104,gpu,0,0,0
339.0104,disk0,878997727227904,1972704880,12437246760671772
339.0104,disk0w,1977625681920,18769062,1160288605899
339.0104,disk5,25976762509312,52312539,462258461315812
339.0104,disk5w,225980416,35966,1254168700
339.0104,disk4,30141033182208,30196875,342952274336662
339.0104,disk4w,1447524591616,1490384,590236909259
339.0104,disk8,42839196375040,69625145,721139341360003
339.0104,disk8w,4128768,601,984243925
339.0104,ram,428277760,63324602368,276993
339.0104,cpu,14872800,21371980,513957130
339.0104,gpu,0,0,0
339.2104,disk0,878999714955264,1972709260,12437257764023859
339.2104,disk0w,1977625681920,18769062,1160288605899
339.2104,disk5,25977729050624,52314493,462267544561278
339.2104,disk5w,225980416,35966,1254168700
339.2104,disk4,30141528110080,30197382,342952823483537
339.2104,disk4w,1447524591616,1490384,590236909259
339.2104,disk8,42840453355520,69626992,721149057069186
339.2104,disk8w,4128768,601,984243925
339.2104,ram,431915008,64854327296,276993
339.2104,cpu,14872820,21372085,513958862
339.2104,gpu,0,0,0
339.4014,disk0,879001775603712,1972713867,12437268516582707
339.4014,disk0w,1977625681920,18769062,1160288605899
339.4014,disk5,25978523920384,52316033,462276173263122
339.4014,disk5w,225980416,35966,1254168700
339.4014,disk4,30142034310144,30197901,342953453308991
339.4014,disk4w,1447524591616,1490384,590236909259
339.4014,disk8,42841631971328,69629291,721161110436490
339.4014,disk8w,4128768,601,984243925
339.4014,ram,431915008,64854327296,276993
339.4014,cpu,14872820,21372085,513958862
339.4014,gpu,0,0,0
339.6097,disk0,879003672461312,1972718223,12437278074425880
339.6097,disk0w,1977625681920,18769062,1160288605899
339.6097,disk5,25979471472640,52317908,462285626842900
339.6097,disk5w,225980416,35966,1254168700
339.6097,disk4,30142605128704,30198486,342954131659626
339.6097,disk4w,1447524591616,1490384,590236909259
339.6097,disk8,42842909468672,69631538,721174113128307
339.6097,disk8w,4128768,601,984243925
339.6097,ram,431915008,64854327296,276993
339.6097,cpu,14872820,21372085,513958862
339.6097,gpu,29,0,0
339.8079,disk0,879005160488960,1972736065,12437293676306123
339.8079,disk0w,1977625681920,18769062,1160288605899
339.8079,disk5,25979954030592,52318860,462288856441789
339.8079,disk5w,225980416,35966,1254168700
339.8079,disk4,30142947619840,30198837,342954468870222
339.8079,disk4w,1447524591616,1490384,590236909259
339.8079,disk8,42844163909632,69633680,721192633955700
339.8079,disk8w,4128768,601,984243925
339.8079,ram,431915008,64854327296,276993
339.8079,cpu,14872820,21372085,513958862
339.8079,gpu,19,0,0
340.0104,disk0,879006907465728,1972739186,12437299014908251
340.0104,disk0w,1977625681920,18769062,1160288605899
340.0104,disk5,25980670470144,52320276,462294000451150
340.0104,disk5w,225980416,35966,1254168700
340.0104,disk4,30143456965632,30199359,342955136506178
340.0104,disk4w,1447524591616,1490384,590236909259
340.0104,disk8,42845500045312,69636310,721211926825759
340.0104,disk8w,4128768,601,984243925
340.0104,ram,431915008,64854327296,276993
340.0104,cpu,14872820,21372085,513958862
340.0104,gpu,0,0,0
340.2041,disk0,879008669552640,1972743193,12437308797772950
340.2041,disk0w,1977625681920,18769062,1160288605899
340.2041,disk5,25981419907072,52321810,462301047193891
340.2041,disk5w,225980416,35966,1254168700
340.2041,disk4,30143799424000,30199710,342955704338933
340.2041,disk4w,1447524591616,1490384,590236909259
340.2041,disk8,42846479808512,69637772,721219853868265
340.2041,disk8w,4128768,601,984243925
340.2041,ram,432963584,64906444800,276993
340.2041,cpu,14872836,21372187,513960383
340.2041,gpu,20,0,0
340.4104,disk0,879010871443456,1972747216,12437319224692004
340.4104,disk0w,1977625681920,18769062,1160288605899
340.4104,disk5,25982289119232,52323595,462306943835226
340.4104,disk5w,225980416,35966,1254168700
340.4104,disk4,30144326333440,30200250,342956425677210
340.4104,disk4w,1447524591616,1490384,590236909259
340.4104,disk8,42847797393408,69639315,721230148125867
340.4104,disk8w,4128768,601,984243925
340.4104,ram,432963584,64906444800,276993
340.4104,cpu,14872836,21372187,513960383
340.4104,gpu,0,0,0
340.6104,disk0,879012843487232,1972750937,12437327024633346
340.6104,disk0w,1977625681920,18769062,1160288605899
340.6104,disk5,25983061485568,52325179,462313371383860
340.6104,disk5w,225980416,35966,1254168700
340.6104,disk4,30144862024704,30200799,342957064540081
340.6104,disk4w,1447524591616,1490384,590236909259
340.6104,disk8,42849071790080,69641183,721242763786611
340.6104,disk8w,4128768,601,984243925
340.6104,ram,432963584,64906444800,276993
340.6104,cpu,14872836,21372187,513960383
340.6104,gpu,0,0,0
340.8104,disk0,879015040860160,1972755415,12437339271728329
340.8104,disk0w,1977625681920,18769062,1160288605899
340.8104,disk5,25983853832192,52326805,462320774624234
340.8104,disk5w,225980416,35966,1254168700
340.8104,disk4,30145503097856,30201456,342958069577789
340.8104,disk4w,1447524591616,1490384,590236909259
340.8104,disk8,42850275424256,69643016,721252889736122
340.8104,disk8w,4128768,601,984243925
340.8104,ram,432963584,64906444800,276993
340.8104,cpu,14872836,21372187,513960383
340.8104,gpu,0,0,0
341.0104,disk0,879017050456064,1972759930,12437349269833725
341.0104,disk0w,1977625681920,18769062,1160288605899
341.0104,disk5,25984799713280,52328649,462330567867613
341.0104,disk5w,225980416,35966,1254168700
341.0104,disk4,30146038789120,30202005,342958653323607
341.0104,disk4w,1447524591616,1490384,590236909259
341.0104,disk8,42851470571520,69645069,721263877293816
341.0104,disk8w,4128768,601,984243925
341.0104,ram,432963584,64906444800,276993
341.0104,cpu,14872836,21372187,513960383
341.0104,gpu,0,0,0
341.2104,disk0,879019296260096,1972765082,12437362254403960
341.2104,disk0w,1977625681920,18769062,1160288605899
341.2104,disk5,25985490216960,52330009,462334973094698
341.2104,disk5w,225980416,35966,1254168700
341.2104,disk4,30146714989568,30202698,342959501074075
341.2104,disk4w,1447524591616,1490384,590236909259
341.2104,disk8,42852695619584,69647358,721278203138164
341.2104,disk8w,4128768,601,984243925
341.2104,ram,430669824,64785154048,276993
341.2104,cpu,14872870,21372326,513962136
341.2104,gpu,0,0,0
341.4057,disk0,879021103452160,1972771815,12437374187517335
341.4057,disk0w,1977625681920,18769062,1160288605899
341.4057,disk5,25986108041216,52331235,462339134515204
341.4057,disk5w,225980416,35966,1254168700
341.4057,disk4,30147382408192,30203382,342960594308755
341.4057,disk4w,1447524591616,1490384,590236909259
341.4057,disk8,42853989267456,69649515,721292438028314
341.4057,disk8w,4128768,601,984243925
341.4057,ram,430669824,64785154048,276993
341.4057,cpu,14872870,21372326,513962136
341.4057,gpu,0,0,0
341.6104,disk0,879022933409792,1972776585,12437385313926165
341.6104,disk0w,1977625681920,18769062,1160288605899
341.6104,disk5,25986788714496,52332584,462343011337207
341.6104,disk5w,225980416,35966,1254168700
341.6104,disk4,30147935663104,30203949,342961278086771
341.6104,disk4w,1447524591616,1490384,590236909259
341.6104,disk8,42855330674688,69652237,721310812926748
341.6104,disk8w,4128768,601,984243925
341.6104,ram,430669824,64785154048,276993
341.6104,cpu,14872870,21372326,513962136
341.6104,gpu,0,0,0
341.8104,disk0,879024582721536,1972782661,12437394575590728
341.8104,disk0w,1977625681920,18769062,1160288605899
341.8104,disk5,25987625887744,52334299,462351981382892
341.8104,disk5w,225980416,35966,1254168700
341.8104,disk4,30148529222656,30204557,342962780600154
341.8104,disk4w,1447524591616,1490384,590236909259
341.8104,disk8,42856420505600,69653942,721319667841395
341.8104,disk8w,4128768,601,984243925
341.8104,ram,430669824,64785154048,276993
341.8104,cpu,14872870,21372326,513962136
341.8104,gpu,0,0,0
342.0062,disk0,879026723164160,1972786533,12437403326078386
342.0062,disk0w,1977625681920,18769062,1160288605899
342.0062,disk5,25988542023680,52336178,462359254767932
342.0062,disk5w,225980416,35966,1254168700
342.0062,disk4,30149068452864,30205110,342963457054428
342.0062,disk4w,1447524591616,1490384,590236909259
342.0062,disk8,42857625434112,69655353,721329140101210
342.0062,disk8w,4128768,601,984243925
342.0062,ram,430669824,64785154048,276993
342.0062,cpu,14872870,21372326,513962136
342.0062,gpu,0,0,0
342.2104,disk0,879028715507712,1972790271,12437410659594484
342.2104,disk0w,1977625681920,18769062,1160288605899
342.2104,disk5,25989569980416,52338286,462372311858136
342.2104,disk5w,225980416,35966,1254168700
342.2104,disk4,30149621707776,30205677,342964100989656
342.2104,disk4w,1447524591616,1490384,590236909259
342.2104,disk8,42858917345280,69657335,721338277025449
342.2104,disk8w,4128768,601,984243925
342.2104,ram,418496512,64920895488,276993
342.2104,cpu,14872888,21372430,513963798
342.2104,gpu,0,0,0
342.4008,disk0,879030647787520,1972794253,12437420008932551
342.4008,disk0w,1977625681920,18769062,1160288605899
342.4008,disk5,25990377154560,52339938,462380717715244
342.4008,disk5w,225980416,35966,1254168700
342.4008,disk4,30150192526336,30206262,342964852897910
342.4008,disk4w,1447524591616,1490384,590236909259
342.4008,disk8,42860124141568,69659083,721347219026338
342.4008,disk8w,4128768,601,984243925
342.4008,ram,418496512,64920895488,276993
342.4008,cpu,14872888,21372430,513963798
342.4008,gpu,0,0,0
342.6104,disk0,879032655532032,1972798690,12437430266303851
342.6104,disk0w,1977625681920,18769062,1160288605899
342.6104,disk5,25991254517760,52341638,462388402743174
342.6104,disk5w,225980416,35966,1254168700
342.6104,disk4,30150614053888,30206694,342965293845940
342.6104,disk4w,1447524591616,1490384,590236909259
342.6104,disk8,42861471217664,69661585,721363672344310
342.6104,disk8w,4128768,601,984243925
342.6104,ram,418496512,64920895488,276993
342.6104,cpu,14872888,21372430,513963798
342.6104,gpu,28,0,0
342.8104,disk0,879035127042048,1972804605,12437446994027769
342.8104,disk0w,1977625681920,18769062,1160288605899
342.8104,disk5,25992003659776,52343117,462391948247145
342.8104,disk5w,225980416,35966,1254168700
342.8104,disk4,30151282521088,30207379,342966135903468
342.8104,disk4w,1447524591616,1490384,590236909259
342.8104,disk8,42862755018752,69663928,721376801410817
342.8104,disk8w,4128768,601,984243925
342.8104,ram,418496512,64920895488,276993
342.8104,cpu,14872888,21372430,513963798
342.8104,gpu,0,0,0
343.0104,disk0,879036803846144,1972810523,12437457207549931
343.0104,disk0w,1977625681920,18769062,1160288605899
343.0104,disk5,25992535468032,52344171,462394990498842
343.0104,disk5w,225980416,35966,1254168700
343.0104,disk4,30151779546112,30207888,342966680755334
343.0104,disk4w,1447524591616,1490384,590236909259
343.0104,disk8,42864121362432,69666178,721395659171304
343.0104,disk8w,4128768,601,984243925
343.0104,ram,418496512,64920895488,276993
343.0104,cpu,14872888,21372430,513963798
343.0104,gpu,34,0,0
343.2104,disk0,879038074605568,1972813255,12437464806326795
343.2104,disk0w,1977626734592,18769215,1160293498308
343.2104,disk5,25993061885952,52345212,462399763178836
343.2104,disk5w,225980416,35966,1254168700
343.2104,disk4,30152071836672,30208188,342967060873107
343.2104,disk4w,1447524591616,1490384,590236909259
343.2104,disk8,42864848418816,69667753,721404516263355
343.2104,disk8w,4128768,601,984243925
343.2104,ram,3524165632,64143032320,276993
343.2104,cpu,14872904,21372529,513965393
343.2104,gpu,0,0,0
343.4104,disk0,879038074605568,1972813255,12437464806326795
343.4104,disk0w,1977626734592,18769215,1160293498308
343.4104,disk5,25993061885952,52345212,462399763178836
343.4104,disk5w,225980416,35966,1254168700
343.4104,disk4,30152071836672,30208188,342967060873107
343.4104,disk4w,1447524591616,1490384,590236909259
343.4104,disk8,42864848418816,69667753,721404516263355
343.4104,disk8w,4128768,601,984243925
343.4104,ram,3524165632,64143032320,276993
343.4104,cpu,14872904,21372529,513965393
343.4104,gpu,0,0,0
343.6004,disk0,879038074605568,1972813255,12437464806326795
343.6004,disk0w,1977626734592,18769215,1160293498308
343.6004,disk5,25993061885952,52345212,462399763178836
343.6004,disk5w,225980416,35966,1254168700
343.6004,disk4,30152071836672,30208188,342967060873107
343.6004,disk4w,1447524591616,1490384,590236909259
343.6004,disk8,42864848418816,69667753,721404516263355
343.6004,disk8w,4128768,601,984243925
343.6004,ram,3524165632,64143032320,276993
343.6004,cpu,14872904,21372529,513965393
343.6004,gpu,0,0,0
