t_s,dev,v1,v2,v3
0.2050,disk0,931656794472448,2099087670,12866506088995740
0.2050,disk0w,2189575737344,19768975,1285292515093
0.2050,disk4,4231286999040,8551067,55529899337289
0.2050,disk4w,2195456,171,27582691
0.2050,disk8,4801832577024,4844773,51640296445630
0.2050,disk8w,331104256,43188,1830418159
0.2050,disk6,7619013113856,12507735,117667121180005
0.2050,disk6w,380928,53,8067940
0.2050,ram,65033568256,5611716608,283033
0.2050,cpu,15774914,22550308,541654493
0.2050,gpu,25,25,0
0.4050,disk0,931656794472448,2099087670,12866506088995740
0.4050,disk0w,2189575737344,19768975,1285292515093
0.4050,disk4,4231286999040,8551067,55529899337289
0.4050,disk4w,2195456,171,27582691
0.4050,disk8,4801832577024,4844773,51640296445630
0.4050,disk8w,331104256,43188,1830418159
0.4050,disk6,7619013113856,12507735,117667121180005
0.4050,disk6w,380928,53,8067940
0.4050,ram,65033568256,5611716608,283033
0.4050,cpu,15774914,22550308,541654493
0.4050,gpu,25,25,0
0.6050,disk0,931656794472448,2099087670,12866506088995740
0.6050,disk0w,2189575737344,19768975,1285292515093
0.6050,disk4,4231286999040,8551067,55529899337289
0.6050,disk4w,2195456,171,27582691
0.6050,disk8,4801832577024,4844773,51640296445630
0.6050,disk8w,331104256,43188,1830418159
0.6050,disk6,7619013113856,12507735,117667121180005
0.6050,disk6w,380928,53,8067940
0.6050,ram,65033568256,5611716608,283033
0.6050,cpu,15774914,22550308,541654493
0.6050,gpu,0,0,0
0.8050,disk0,931656794472448,2099087670,12866506088995740
0.8050,disk0w,2189575737344,19768975,1285292515093
0.8050,disk4,4231286999040,8551067,55529899337289
0.8050,disk4w,2195456,171,27582691
0.8050,disk8,4801832577024,4844773,51640296445630
0.8050,disk8w,331104256,43188,1830418159
0.8050,disk6,7619013113856,12507735,117667121180005
0.8050,disk6w,380928,53,8067940
0.8050,ram,65033568256,5611716608,283033
0.8050,cpu,15774914,22550308,541654493
0.8050,gpu,27,27,0
1.0028,disk0,931656794472448,2099087670,12866506088995740
1.0028,disk0w,2189575737344,19768975,1285292515093
1.0028,disk4,4231286999040,8551067,55529899337289
1.0028,disk4w,2195456,171,27582691
1.0028,disk8,4801832577024,4844773,51640296445630
1.0028,disk8w,331104256,43188,1830418159
1.0028,disk6,7619013113856,12507735,117667121180005
1.0028,disk6w,380928,53,8067940
1.0028,ram,65037729792,5604933632,283033
1.0028,cpu,15774955,22550358,541656230
1.0028,gpu,0,0,0
1.2029,disk0,931656801128448,2099087962,12866506122334146
1.2029,disk0w,2189575737344,19768975,1285292515093
1.2029,disk4,4231286999040,8551067,55529899337289
1.2029,disk4w,2195456,171,27582691
1.2029,disk8,4801832577024,4844773,51640296445630
1.2029,disk8w,331104256,43188,1830418159
1.2029,disk6,7619013113856,12507735,117667121180005
1.2029,disk6w,380928,53,8067940
1.2029,ram,65037729792,5604933632,283033
1.2029,cpu,15774955,22550358,541656230
1.2029,gpu,0,0,0
1.4050,disk0,931656802988032,2099088293,12866506146314530
1.4050,disk0w,2189575749632,19768978,1285292579551
1.4050,disk4,4231286999040,8551067,55529899337289
1.4050,disk4w,2195456,171,27582691
1.4050,disk8,4801832577024,4844773,51640296445630
1.4050,disk8w,331104256,43188,1830418159
1.4050,disk6,7619013163008,12507738,117667122108421
1.4050,disk6w,380928,53,8067940
1.4050,ram,65037729792,5604933632,283033
1.4050,cpu,15774955,22550358,541656230
1.4050,gpu,0,0,0
1.6050,disk0,931656803348480,2099088304,12866506147692986
1.6050,disk0w,2189575749632,19768978,1285292579551
1.6050,disk4,4231286999040,8551067,55529899337289
1.6050,disk4w,2195456,171,27582691
1.6050,disk8,4801832577024,4844773,51640296445630
1.6050,disk8w,331104256,43188,1830418159
1.6050,disk6,7620124653568,12509001,117676473723363
1.6050,disk6w,380928,53,8067940
1.6050,ram,65037729792,5604933632,283033
1.6050,cpu,15774955,22550358,541656230
1.6050,gpu,0,0,0
1.8050,disk0,931656803348480,2099088304,12866506147692986
1.8050,disk0w,2189575749632,19768978,1285292579551
1.8050,disk4,4231286999040,8551067,55529899337289
1.8050,disk4w,2195456,171,27582691
1.8050,disk8,4801832577024,4844773,51640296445630
1.8050,disk8w,331104256,43188,1830418159
1.8050,disk6,7620888229888,12510671,117688155975924
1.8050,disk6w,380928,53,8067940
1.8050,ram,65037729792,5604933632,283033
1.8050,cpu,15774955,22550358,541656230
1.8050,gpu,0,0,0
2.0033,disk0,931656803688448,2099088312,12866506148969692
2.0033,disk0w,2189575749632,19768978,1285292579551
2.0033,disk4,4231286999040,8551067,55529899337289
2.0033,disk4w,2195456,171,27582691
2.0033,disk8,4801832577024,4844773,51640296445630
2.0033,disk8w,331104256,43188,1830418159
2.0033,disk6,7621994600448,12514376,117713257725823
2.0033,disk6w,380928,53,8067940
2.0033,ram,58421182464,8613380096,283033
2.0033,cpu,15775016,22550451,541657908
2.0033,gpu,45,11,0
2.2050,disk0,931657295011840,2099089130,12866512965252176
2.2050,disk0w,2189575749632,19768978,1285292579551
2.2050,disk4,4231708133376,8551933,55543259973594
2.2050,disk4w,2195456,171,27582691
2.2050,disk8,4802236164096,4845165,51645973562624
2.2050,disk8w,331104256,43188,1830418159
2.2050,disk6,7623235155968,12517429,117742527973413
2.2050,disk6w,380928,53,8067940
2.2050,ram,58421182464,8613380096,283033
2.2050,cpu,15775016,22550451,541657908
2.2050,gpu,0,0,0
2.4050,disk0,931658330324992,2099090889,12866529329639112
2.4050,disk0w,2189575749632,19768978,1285292579551
2.4050,disk4,4232094173184,8552725,55552076728230
2.4050,disk4w,2195456,171,27582691
2.4050,disk8,4803218810880,4846122,51667606470090
2.4050,disk8w,331104256,43188,1830418159
2.4050,disk6,7624032598016,12518268,117758073336425
2.4050,disk6w,380928,53,8067940
2.4050,ram,58421182464,8613380096,283033
2.4050,cpu,15775016,22550451,541657908
2.4050,gpu,0,0,0
2.6050,disk0,931659558633472,2099092919,12866547738199931
2.6050,disk0w,2189575749632,19768978,1285292579551
2.6050,disk4,4232848705536,8554272,55574551801140
2.6050,disk4w,2195456,171,27582691
2.6050,disk8,4803990890496,4846871,51678588849792
2.6050,disk8w,331104256,43188,1830418159
2.6050,disk6,7625102768128,12520022,117780118988592
2.6050,disk6w,380928,53,8067940
2.6050,ram,58421182464,8613380096,283033
2.6050,cpu,15775016,22550451,541657908
2.6050,gpu,50,17,0
2.8050,disk0,931660453543936,2099094229,12866559695206048
2.8050,disk0w,2189575749632,19768978,1285292579551
2.8050,disk4,4233515501568,8555641,55596099793307
2.8050,disk4w,2195456,171,27582691
2.8050,disk8,4804649363456,4847509,51688837643156
2.8050,disk8w,331104256,43188,1830418159
2.8050,disk6,7626192496640,12521900,117805770394956
2.8050,disk6w,380928,53,8067940
2.8050,ram,58421182464,8613380096,283033
2.8050,cpu,15775016,22550451,541657908
2.8050,gpu,0,0,0
3.0050,disk0,931661629210624,2099095983,12866575971796390
3.0050,disk0w,2189575749632,19768978,1285292579551
3.0050,disk4,4234385418240,8557422,55624622687338
3.0050,disk4w,2195456,171,27582691
3.0050,disk8,4805377124352,4848218,51700024406633
3.0050,disk8w,331104256,43188,1830418159
3.0050,disk6,7627169966080,12523051,117827667714065
3.0050,disk6w,380928,53,8067940
3.0050,ram,52678148096,9980690432,283033
3.0050,cpu,15775060,22550596,541659597
3.0050,gpu,0,0,0
3.2050,disk0,931662630674432,2099098165,12866592119644683
3.2050,disk0w,2189575749632,19768978,1285292579551
3.2050,disk4,4235016235008,8558715,55644856159502
3.2050,disk4w,2195456,171,27582691
3.2050,disk8,4805982398464,4848805,51709596200598
3.2050,disk8w,331104256,43188,1830418159
3.2050,disk6,7628309907456,12525163,117849624927370
3.2050,disk6w,380928,53,8067940
3.2050,ram,52678148096,9980690432,283033
3.2050,cpu,15775060,22550596,541659597
3.2050,gpu,0,0,0
3.4050,disk0,931664208666624,2099101875,12866619287229509
3.4050,disk0w,2189575749632,19768978,1285292579551
3.4050,disk4,4235669547008,8560053,55663623925651
3.4050,disk4w,2195456,171,27582691
3.4050,disk8,4806929950720,4849727,51726302053125
3.4050,disk8w,331104256,43188,1830418159
3.4050,disk6,7629383895040,12526989,117872398019230
3.4050,disk6w,380928,53,8067940
3.4050,ram,52678148096,9980690432,283033
3.4050,cpu,15775060,22550596,541659597
3.4050,gpu,0,0,0
3.6050,disk0,931665426636800,2099105215,12866639777593267
3.6050,disk0w,2189575749632,19768978,1285292579551
3.6050,disk4,4236287969280,8561328,55681273395417
3.6050,disk4w,2195456,171,27582691
3.6050,disk8,4807910238208,4850681,51746113924430
3.6050,disk8w,331104256,43188,1830418159
3.6050,disk6,7630689871872,12529129,117909871533190
3.6050,disk6w,380928,53,8067940
3.6050,ram,52678148096,9980690432,283033
3.6050,cpu,15775060,22550596,541659597
3.6050,gpu,0,0,0
3.8012,disk0,931666137112576,2099106871,12866651191141919
3.8012,disk0w,2189575749632,19768978,1285292579551
3.8012,disk4,4236610103296,8561986,55689854083649
3.8012,disk4w,2195456,171,27582691
3.8012,disk8,4808333453312,4851093,51751752080127
3.8012,disk8w,331104256,43188,1830418159
3.8012,disk6,7632026101760,12531694,117948874970753
3.8012,disk6w,380928,53,8067940
3.8012,ram,52678148096,9980690432,283033
3.8012,cpu,15775060,22550596,541659597
3.8012,gpu,20,14,0
4.0050,disk0,931667384733696,2099109749,12866671514444889
4.0050,disk0w,2189575749632,19768978,1285292579551
4.0050,disk4,4237067700224,8562919,55699199837348
4.0050,disk4w,2195456,171,27582691
4.0050,disk8,4809310332928,4852041,51768849812392
4.0050,disk8w,331104256,43188,1830418159
4.0050,disk6,7633275406336,12533580,117984978011519
4.0050,disk6w,380928,53,8067940
4.0050,ram,48456941568,12324306944,283033
4.0050,cpu,15775103,22550754,541661195
4.0050,gpu,0,0,0
4.2012,disk0,931668262096896,2099111774,12866685579732416
4.2012,disk0w,2189575749632,19768978,1285292579551
4.2012,disk4,4237718923264,8564254,55720259904782
4.2012,disk4w,2195456,171,27582691
4.2012,disk8,4810078054400,4852784,51781981893444
4.2012,disk8w,331104256,43188,1830418159
4.2012,disk6,7634449070080,12535733,118014045764018
4.2012,disk6w,380928,53,8067940
4.2012,ram,48456941568,12324306944,283033
4.2012,cpu,15775103,22550755,541661214
4.2012,gpu,0,0,0
4.4050,disk0,931669437886464,2099114018,12866703629526777
4.4050,disk0w,2189575749632,19768978,1285292579551
4.4050,disk4,4238414440448,8565678,55739921343144
4.4050,disk4w,2195456,171,27582691
4.4050,disk8,4811333920768,4854006,51808263382460
4.4050,disk8w,331104256,43188,1830418159
4.4050,disk6,7635581679616,12537633,118044900897578
4.4050,disk6w,380928,53,8067940
4.4050,ram,48456941568,12324306944,283033
4.4050,cpu,15775103,22550755,541661214
4.4050,gpu,0,0,0
4.6050,disk0,931670087135232,2099115417,12866712703777896
4.6050,disk0w,2189575749632,19768978,1285292579551
4.6050,disk4,4239393835008,8567699,55776701377078
4.6050,disk4w,2195456,171,27582691
4.6050,disk8,4812203010048,4854851,51825124609079
4.6050,disk8w,331104256,43188,1830418159
4.6050,disk6,7636189952000,12538542,118055942069735
4.6050,disk6w,380928,53,8067940
4.6050,ram,48456941568,12324306944,283033
4.6050,cpu,15775103,22550755,541661214
4.6050,gpu,29,19,0
4.8050,disk0,931671262801920,2099117286,12866732346952683
4.8050,disk0w,2189575749632,19768978,1285292579551
4.8050,disk4,4239955347456,8568849,55793326590063
4.8050,disk4w,2195456,171,27582691
4.8050,disk8,4812782069760,4855414,51832464736141
4.8050,disk8w,331104256,43188,1830418159
4.8050,disk6,7637592807424,12541169,118094325831459
4.8050,disk6w,380928,53,8067940
4.8050,ram,48456941568,12324306944,283033
4.8050,cpu,15775103,22550755,541661214
4.8050,gpu,0,0,0
5.0050,disk0,931672631488512,2099119544,12866753933867307
5.0050,disk0w,2189575749632,19768978,1285292579551
5.0050,disk4,4240797616128,8570575,55819895112190
5.0050,disk4w,2195456,171,27582691
5.0050,disk8,4813747169280,4856352,51848019802873
5.0050,disk8w,331104256,43188,1830418159
5.0050,disk6,7638710310912,12542827,118124091051896
5.0050,disk6w,380928,53,8067940
5.0050,ram,45709393920,14009401344,283033
5.0050,cpu,15775140,22550909,541662786
5.0050,gpu,28,16,0
5.2050,disk0,931673561509888,2099135244,12866775226970348
5.2050,disk0w,2189575749632,19768978,1285292579551
5.2050,disk4,4241271392256,8571546,55834365800653
5.2050,disk4w,2195456,171,27582691
5.2050,disk8,4814256039936,4856846,51854404543544
5.2050,disk8w,331104256,43188,1830418159
5.2050,disk6,7640036579328,12545267,118160925882537
5.2050,disk6w,380928,53,8067940
5.2050,ram,45709836288,14009401344,283033
5.2050,cpu,15775140,22550909,541662790
5.2050,gpu,0,0,0
5.4019,disk0,931675087511552,2099169493,12866816026567271
5.4019,disk0w,2189575749632,19768978,1285292579551
5.4019,disk4,4241946052608,8572928,55852576554266
5.4019,disk4w,2195456,171,27582691
5.4019,disk8,4815261476864,4857822,51872119173394
5.4019,disk8w,331104256,43188,1830418159
5.4019,disk6,7641149552640,12546996,118188696198176
5.4019,disk6w,380928,53,8067940
5.4019,ram,45709836288,14009401344,283033
5.4019,cpu,15775140,22550909,541662790
5.4019,gpu,0,0,0
5.6050,disk0,931676318982144,2099193458,12866846253103118
5.6050,disk0w,2189576024064,19768995,1285300095711
5.6050,disk4,4242609670144,8574288,55871923152310
5.6050,disk4w,2195456,171,27582691
5.6050,disk8,4815933024256,4858472,51881137552171
5.6050,disk8w,331104256,43188,1830418159
5.6050,disk6,7642264041472,12549143,118211515911668
5.6050,disk6w,380928,53,8067940
5.6050,ram,45709836288,14009401344,283033
5.6050,cpu,15775140,22550909,541662790
5.6050,gpu,0,0,0
5.8050,disk0,931677742620672,2099195732,12866869541813981
5.8050,disk0w,2189576024064,19768995,1285300095711
5.8050,disk4,4243170232320,8575440,55887162174963
5.8050,disk4w,2195456,171,27582691
5.8050,disk8,4816899172352,4859409,51899834815441
5.8050,disk8w,331104256,43188,1830418159
5.8050,disk6,7643365595136,12551647,118244264642854
5.8050,disk6w,380928,53,8067940
5.8050,ram,45709836288,14009401344,283033
5.8050,cpu,15775140,22550909,541662790
5.8050,gpu,21,16,0
6.0035,disk0,931678474739712,2099197117,12866881007673587
6.0035,disk0w,2189576024064,19768995,1285300095711
6.0035,disk4,4243644467200,8576414,55901559101255
6.0035,disk4w,2195456,171,27582691
6.0035,disk8,4817788282880,4860272,51919283393076
6.0035,disk8w,331104256,43188,1830418159
6.0035,disk6,7644592916480,12554283,118278748707442
6.0035,disk6w,380928,53,8067940
6.0035,ram,42765828096,15255846912,283033
6.0035,cpu,15775179,22551110,541664317
6.0035,gpu,0,0,0
6.2002,disk0,931679810150400,2099199545,12866901960713355
6.2002,disk0w,2189576024064,19768995,1285300095711
6.2002,disk4,4244412352512,8577991,55925571109514
6.2002,disk4w,2195456,171,27582691
6.2002,disk8,4818888517632,4861340,51940464891331
6.2002,disk8w,331104256,43188,1830418159
6.2002,disk6,7645706504192,12555649,118305586751773
6.2002,disk6w,380928,53,8067940
6.2002,ram,42765828096,15255846912,283033
6.2002,cpu,15775181,22551112,541664354
6.2002,gpu,19,12,0
6.4050,disk0,931681220055040,2099202305,12866925272892310
6.4050,disk0w,2189576024064,19768995,1285300095711
6.4050,disk4,4245166884864,8579540,55948348916340
6.4050,disk4w,2195456,171,27582691
6.4050,disk8,4819485124608,4861918,51947123945213
6.4050,disk8w,331104256,43188,1830418159
6.4050,disk6,7647075846144,12558675,118342995071293
6.4050,disk6w,380928,53,8067940
6.4050,ram,42765828096,15255846912,283033
6.4050,cpu,15775181,22551112,541664354
6.4050,gpu,0,0,0
6.6050,disk0,931682810781696,2099205493,12866952321359836
6.6050,disk0w,2189576024064,19768995,1285300095711
6.6050,disk4,4245728397312,8580694,55962038393576
6.6050,disk4w,2195456,171,27582691
6.6050,disk8,4820046637056,4862466,51954853553110
6.6050,disk8w,331104256,43188,1830418159
6.6050,disk6,7648088991744,12560352,118365580811403
6.6050,disk6w,380928,53,8067940
6.6050,ram,42765828096,15255846912,283033
6.6050,cpu,15775181,22551112,541664354
6.6050,gpu,100,21,0
6.8050,disk0,931684495319040,2099208553,12866980527084047
6.8050,disk0w,2189576048640,19769001,1285304731209
6.8050,disk4,4246360098816,8581992,55978916729242
6.8050,disk4w,2195456,171,27582691
6.8050,disk8,4821133027328,4863520,51975497937047
6.8050,disk8w,331104256,43188,1830418159
6.8050,disk6,7649208797184,12562706,118394384434782
6.8050,disk6w,380928,53,8067940
6.8050,ram,42765828096,15255846912,283033
6.8050,cpu,15775181,22551112,541664354
6.8050,gpu,0,0,0
7.0050,disk0,931685635891200,2099210735,12866997606168987
7.0050,disk0w,2189576048640,19769001,1285304731209
7.0050,disk4,4247012845568,8583326,55997789658883
7.0050,disk4w,2195456,171,27582691
7.0050,disk8,4822018009088,4864379,51993068962133
7.0050,disk8w,331104256,43188,1830418159
7.0050,disk6,7650021435392,12563605,118408396137348
7.0050,disk6w,380928,53,8067940
7.0050,ram,39888846848,16990158848,283033
7.0050,cpu,15775229,22551274,541665893
7.0050,gpu,0,0,0
7.2050,disk0,931686671179776,2099212837,12867013160151001
7.2050,disk0w,2189576048640,19769001,1285304731209
7.2050,disk4,4247798974464,8584944,56021725623956
7.2050,disk4w,2195456,171,27582691
7.2050,disk8,4823301646336,4865625,52020521462936
7.2050,disk8w,331104256,43188,1830418159
7.2050,disk6,7651143690240,12564851,118433638071256
7.2050,disk6w,380928,53,8067940
7.2050,ram,39889338368,16990158848,283033
7.2050,cpu,15775230,22551283,541666008
7.2050,gpu,0,0,0
7.4026,disk0,931687752278016,2099214980,12867030082357996
7.4026,disk0w,2189576048640,19769001,1285304731209
7.4026,disk4,4248295540736,8585962,56035045094129
7.4026,disk4w,2195456,171,27582691
7.4026,disk8,4823929825280,4866234,52029767543564
7.4026,disk8w,331104256,43188,1830418159
7.4026,disk6,7652009302016,12565820,118452308379685
7.4026,disk6w,380928,53,8067940
7.4026,ram,39889338368,16990158848,283033
7.4026,cpu,15775230,22551283,541666008
7.4026,gpu,0,0,0
7.6050,disk0,931688934776832,2099217631,12867048498059434
7.6050,disk0w,2189576048640,19769001,1285304731209
7.6050,disk4,4249027282944,8587462,56057365209768
7.6050,disk4w,2195456,171,27582691
7.6050,disk8,4824872134656,4867147,52045552506132
7.6050,disk8w,331104256,43188,1830418159
7.6050,disk6,7653248866304,12567198,118482029447852
7.6050,disk6w,380928,53,8067940
7.6050,ram,39889338368,16990158848,283033
7.6050,cpu,15775230,22551283,541666008
7.6050,gpu,0,0,0
7.8050,disk0,931690330300416,2099220069,12867070321863535
7.8050,disk0w,2189576048640,19769001,1285304731209
7.8050,disk4,4249539086336,8588507,56069439539003
7.8050,disk4w,2195456,171,27582691
7.8050,disk8,4825477965824,4867734,52051953170142
7.8050,disk8w,331104256,43188,1830418159
7.8050,disk6,7654236223488,12568347,118502161848484
7.8050,disk6w,380928,53,8067940
7.8050,ram,39889338368,16990158848,283033
7.8050,cpu,15775230,22551283,541666008
7.8050,gpu,0,0,0
8.0050,disk0,931691812528128,2099222856,12867094323547071
8.0050,disk0w,2189576048640,19769001,1285304731209
8.0050,disk4,4250220496896,8589908,56089313930258
8.0050,disk4w,2195456,171,27582691
8.0050,disk8,4826275915776,4868514,52064840246465
8.0050,disk8w,331104256,43188,1830418159
8.0050,disk6,7655297382400,12569512,118526293667581
8.0050,disk6w,380928,53,8067940
8.0050,ram,38162825216,18696011776,283033
8.0050,cpu,15775270,22551416,541667496
8.0050,gpu,22,12,0
8.2050,disk0,931693030612992,2099224737,12867111757797192
8.2050,disk0w,2189576048640,19769001,1285304731209
8.2050,disk4,4250928236544,8591354,56110180527447
8.2050,disk4w,2195456,171,27582691
8.2050,disk8,4827018700800,4869238,52074661667428
8.2050,disk8w,331104256,43188,1830418159
8.2050,disk6,7656295864320,12570632,118545757991242
8.2050,disk6w,380928,53,8067940
8.2050,ram,38154502144,18704449536,283033
8.2050,cpu,15775270,22551427,541667544
8.2050,gpu,0,0,0
8.4050,disk0,931694269145088,2099226640,12867131923194834
8.4050,disk0w,2189576048640,19769001,1285304731209
8.4050,disk4,4251483899904,8592499,56126290219064
8.4050,disk4w,2195456,171,27582691
8.4050,disk8,4827697244160,4869898,52084665946070
8.4050,disk8w,331104256,43188,1830418159
8.4050,disk6,7657271457792,12571714,118566489511294
8.4050,disk6w,380928,53,8067940
8.4050,ram,38154502144,18704449536,283033
8.4050,cpu,15775270,22551427,541667544
8.4050,gpu,0,0,0
8.6050,disk0,931695780831232,2099228818,12867154788791186
8.6050,disk0w,2189576089600,19769005,1285304797374
8.6050,disk4,4252239431680,8594049,56148937279120
8.6050,disk4w,2195456,171,27582691
8.6050,disk8,4828497913856,4870675,52096396357386
8.6050,disk8w,331104256,43188,1830418159
8.6050,disk6,7658270390272,12572756,118585515479789
8.6050,disk6w,380928,53,8067940
8.6050,ram,38154502144,18704449536,283033
8.6050,cpu,15775270,22551427,541667544
8.6050,gpu,0,0,0
8.8050,disk0,931696813498368,2099230274,12867169358628945
8.8050,disk0w,2189576089600,19769005,1285304797374
8.8050,disk4,4252940322816,8595491,56172235213250
8.8050,disk4w,2195456,171,27582691
8.8050,disk8,4829221758976,4871378,52109525360115
8.8050,disk8w,331104256,43188,1830418159
8.8050,disk6,7659157465088,12573856,118605736863018
8.8050,disk6w,380928,53,8067940
8.8050,ram,38154502144,18704449536,283033
8.8050,cpu,15775270,22551427,541667544
8.8050,gpu,0,0,0
9.0062,disk0,931698205265920,2099231953,12867187996620255
9.0062,disk0w,2189576089600,19769005,1285304797374
9.0062,disk4,4253688031232,8597024,56193811222644
9.0062,disk4w,2195456,171,27582691
9.0062,disk8,4830201538560,4872330,52125939087476
9.0062,disk8w,331104256,43188,1830418159
9.0062,disk6,7660251686912,12575062,118627856940161
9.0062,disk6w,380928,53,8067940
9.0062,ram,36889935872,19967148032,283033
9.0062,cpu,15775307,22551572,541669087
9.0062,gpu,20,12,0
9.2050,disk0,931699708809216,2099233810,12867210028371277
9.2050,disk0w,2189576167424,19769011,1285304907789
9.2050,disk4,4254272915456,8598223,56210518500543
9.2050,disk4w,2195456,171,27582691
9.2050,disk8,4830925940736,4873035,52136501792114
9.2050,disk8w,331104256,43188,1830418159
9.2050,disk6,7661118507008,12576129,118643103276697
9.2050,disk6w,380928,53,8067940
9.2050,ram,36890378240,19949010944,283033
9.2050,cpu,15775309,22551575,541669120
9.2050,gpu,21,13,0
9.4051,disk0,931701270683648,2099235901,12867233501647720
9.4051,disk0w,2189576232960,19769014,1285304960579
9.4051,disk4,4254940710912,8599595,56228712263254
9.4051,disk4w,2195456,171,27582691
9.4051,disk8,4831873492992,4873956,52152308233426
9.4051,disk8w,331104256,43188,1830418159
9.4051,disk6,7662085703680,12577246,118661156167481
9.4051,disk6w,380928,53,8067940
9.4051,ram,36890378240,19949010944,283033
9.4051,cpu,15775309,22551575,541669120
9.4051,gpu,28,16,0
9.6050,disk0,931703011221504,2099238502,12867261954405842
9.6050,disk0w,2189576232960,19769014,1285304960579
9.6050,disk4,4255519770624,8600784,56242823993988
9.6050,disk4w,2195456,171,27582691
9.6050,disk8,4832928212992,4874980,52171695549408
9.6050,disk8w,331104256,43188,1830418159
9.6050,disk6,7662956718080,12578362,118677186836015
9.6050,disk6w,380928,53,8067940
9.6050,ram,36890378240,19949010944,283033
9.6050,cpu,15775309,22551575,541669120
9.6050,gpu,0,0,0
9.8051,disk0,931704745041920,2099241460,12867290470501017
9.8051,disk0w,2189576232960,19769014,1285304960579
9.8051,disk4,4256228034560,8602233,56262952822334
9.8051,disk4w,2195456,171,27582691
9.8051,disk8,4833816832000,4875842,52186169309417
9.8051,disk8w,331104256,43188,1830418159
9.8051,disk6,7663654356992,12579273,118687525154046
9.8051,disk6w,380928,53,8067940
9.8051,ram,36890378240,19949010944,283033
9.8051,cpu,15775309,22551575,541669120
9.8051,gpu,27,13,0
10.0051,disk0,931706359390208,2099244227,12867316336952057
10.0051,disk0w,2189576232960,19769014,1285304960579
10.0051,disk4,4257063929856,8603956,56289201067698
10.0051,disk4w,2195456,171,27582691
10.0051,disk8,4834923685888,4876917,52207482766585
10.0051,disk8w,331104256,43188,1830418159
10.0051,disk6,7664514172928,12580242,118702882082217
10.0051,disk6w,380928,53,8067940
10.0051,ram,36890378240,19949010944,283033
10.0051,cpu,15775309,22551575,541669120
10.0051,gpu,0,0,0
10.2051,disk0,931707184111616,2099245753,12867328222153922
10.2051,disk0w,2189576232960,19769014,1285304960579
10.2051,disk4,4257625442304,8605108,56306179420943
10.2051,disk4w,2195456,171,27582691
10.2051,disk8,4835751438336,4877723,52223534848409
10.2051,disk8w,331104256,43188,1830418159
10.2051,disk6,7665171871744,12581037,118715425723836
10.2051,disk6w,380928,53,8067940
10.2051,ram,35170631680,21686517760,283033
10.2051,cpu,15775360,22551751,541670666
10.2051,gpu,0,0,0
10.4051,disk0,931708956385280,2099249289,12867356482856605
10.4051,disk0w,2189576282112,19769015,1285305011787
10.4051,disk4,4258356226048,8606605,56325300706264
10.4051,disk4w,2195456,171,27582691
10.4051,disk8,4836843612160,4878780,52242413885728
10.4051,disk8w,331104256,43188,1830418159
10.4051,disk6,7666163185664,12582219,118734354936561
10.4051,disk6w,380928,53,8067940
10.4051,ram,35170631680,21686517760,283033
10.4051,cpu,15775360,22551751,541670666
10.4051,gpu,0,0,0
10.6001,disk0,931709833748480,2099250912,12867369033219334
10.6001,disk0w,2189576282112,19769015,1285305011787
10.6001,disk4,4259077629952,8608085,56348986426187
10.6001,disk4w,2195456,171,27582691
10.6001,disk8,4837633566720,4879547,52255281555377
10.6001,disk8w,331104256,43188,1830418159
10.6001,disk6,7667074799616,12583267,118754463814806
10.6001,disk6w,380928,53,8067940
10.6001,ram,35170631680,21686517760,283033
10.6001,cpu,15775360,22551751,541670666
10.6001,gpu,0,0,0
10.8045,disk0,931710539067392,2099252362,12867378594648980
10.8045,disk0w,2189576282112,19769015,1285305011787
10.8045,disk4,4259668264960,8609298,56366782292344
10.8045,disk4w,2195456,171,27582691
10.8045,disk8,4838286632960,4880181,52265732426491
10.8045,disk8w,331104256,43188,1830418159
10.8045,disk6,7668033009664,12584390,118777167198347
10.8045,disk6w,380928,53,8067940
10.8045,ram,35170631680,21686517760,283033
10.8045,cpu,15775360,22551751,541670666
10.8045,gpu,100,2,0
11.0011,disk0,931712292810752,2099255158,12867405383304380
11.0011,disk0w,2189576282112,19769015,1285305011787
11.0011,disk4,4260580378624,8611167,56394390791259
11.0011,disk4w,2195456,171,27582691
11.0011,disk8,4839330588672,4881194,52282712921073
11.0011,disk8w,331104256,43188,1830418159
11.0011,disk6,7669010987008,12585486,118795003186635
11.0011,disk6w,380928,53,8067940
11.0011,ram,35170631680,21686517760,283033
11.0011,cpu,15775360,22551751,541670666
11.0011,gpu,20,13,0
11.2051,disk0,931713601515520,2099257441,12867425720062681
11.2051,disk0w,2189576282112,19769015,1285305011787
11.2051,disk4,4261334255616,8612717,56417171921266
11.2051,disk4w,2195456,171,27582691
11.2051,disk8,4840103847936,4881943,52294063062974
11.2051,disk8w,331104256,43188,1830418159
11.2051,disk6,7670007568384,12586857,118816906935139
11.2051,disk6w,380928,53,8067940
11.2051,ram,33448116224,24039849984,283033
11.2051,cpu,15775402,22551916,541672436
11.2051,gpu,0,0,0
11.4051,disk0,931714518872064,2099259032,12867439445001316
11.4051,disk0w,2189576282112,19769015,1285305011787
11.4051,disk4,4262152636416,8614399,56445242977419
11.4051,disk4w,2195456,171,27582691
11.4051,disk8,4840927881216,4882746,52307708223636
11.4051,disk8w,331104256,43188,1830418159
11.4051,disk6,7671212922880,12588495,118851787724012
11.4051,disk6w,380928,53,8067940
11.4051,ram,33448116224,24039849984,283033
11.4051,cpu,15775402,22551916,541672436
11.4051,gpu,26,14,0
11.6051,disk0,931715509153792,2099260552,12867452517465212
11.6051,disk0w,2189576282112,19769015,1285305011787
11.6051,disk4,4262722611200,8615563,56459857317223
11.6051,disk4w,2195456,171,27582691
11.6051,disk8,4841417107456,4883222,52312534685515
11.6051,disk8w,331104256,43188,1830418159
11.6051,disk6,7672181950464,12589743,118872057592216
11.6051,disk6w,380928,53,8067940
11.6051,ram,33448116224,24039849984,283033
11.6051,cpu,15775402,22551916,541672436
11.6051,gpu,20,11,0
11.8051,disk0,931716378882048,2099262055,12867465266750835
11.8051,disk0w,2189576282112,19769015,1285305011787
11.8051,disk4,4263486228480,8617135,56485715923822
11.8051,disk4w,2195456,171,27582691
11.8051,disk8,4841998264320,4883788,52320391583488
11.8051,disk8w,331104256,43188,1830418159
11.8051,disk6,7673502500864,12591457,118911198956351
11.8051,disk6w,380928,53,8067940
11.8051,ram,33448116224,24039849984,283033
11.8051,cpu,15775402,22551916,541672436
11.8051,gpu,0,0,0
12.0051,disk0,931717186056192,2099263232,12867476515422694
12.0051,disk0w,2189576282112,19769015,1285305011787
12.0051,disk4,4263942457344,8618071,56498077717875
12.0051,disk4w,2195456,171,27582691
12.0051,disk8,4842612418560,4884384,52332340295542
12.0051,disk8w,331104256,43188,1830418159
12.0051,disk6,7674375366656,12592714,118934525908228
12.0051,disk6w,380928,53,8067940
12.0051,ram,33448116224,24039849984,283033
12.0051,cpu,15775402,22551916,541672436
12.0051,gpu,33,12,0
12.2051,disk0,931718414364672,2099265113,12867494272620250
12.2051,disk0w,2189576282112,19769015,1285305011787
12.2051,disk4,4264626800640,8619475,56517354346580
12.2051,disk4w,2195456,171,27582691
12.2051,disk8,4843752990720,4885493,52354641620347
12.2051,disk8w,331104256,43188,1830418159
12.2051,disk6,7675358013440,12594110,118957432822890
12.2051,disk6w,380928,53,8067940
12.2051,ram,31106547712,25761054720,283033
12.2051,cpu,15775435,22552038,541673942
12.2051,gpu,0,0,0
12.4037,disk0,931719612051456,2099266760,12867512764267731
12.4037,disk0w,2189576282112,19769015,1285305011787
12.4037,disk4,4265143535616,8620533,56531844015864
12.4037,disk4w,2195456,171,27582691
12.4037,disk8,4844605728768,4886323,52370964450106
12.4037,disk8w,331104256,43188,1830418159
12.4037,disk6,7675980236800,12595168,118971838702743
12.4037,disk6w,380928,53,8067940
12.4037,ram,31106547712,25761054720,283033
12.4037,cpu,15775435,22552038,541673942
12.4037,gpu,0,0,0
12.6051,disk0,931720635101184,2099268170,12867526195436096
12.6051,disk0w,2189576282112,19769015,1285305011787
12.6051,disk4,4265898362880,8622080,56555213739351
12.6051,disk4w,2195456,171,27582691
12.6051,disk8,4845377333248,4887072,52382287848100
12.6051,disk8w,331104256,43188,1830418159
12.6051,disk6,7676976113664,12596477,118994594420519
12.6051,disk6w,380928,53,8067940
12.6051,ram,31106547712,25761054720,283033
12.6051,cpu,15775435,22552038,541673942
12.6051,gpu,0,0,0
12.8020,disk0,931722515116032,2099271110,12867557441636616
12.8020,disk0w,2189576282112,19769015,1285305011787
12.8020,disk4,4266615220224,8623552,56575557343783
12.8020,disk4w,2195456,171,27582691
12.8020,disk8,4846620321792,4888279,52407996062712
12.8020,disk8w,331104256,43188,1830418159
12.8020,disk6,7677679691776,12597424,119006538746579
12.8020,disk6w,380928,53,8067940
12.8020,ram,31106547712,25761054720,283033
12.8020,cpu,15775435,22552038,541673942
12.8020,gpu,0,0,0
13.0051,disk0,931723780497408,2099273610,12867579312864320
13.0051,disk0w,2189576282112,19769015,1285305011787
13.0051,disk4,4267013228544,8624370,56585001268841
13.0051,disk4w,2195456,171,27582691
13.0051,disk8,4847455463424,4889091,52423257433949
13.0051,disk8w,331104256,43188,1830418159
13.0051,disk6,7678540404736,12598578,119026807328364
13.0051,disk6w,380928,53,8067940
13.0051,ram,31106547712,25761054720,283033
13.0051,cpu,15775435,22552038,541673942
13.0051,gpu,0,0,0
13.2051,disk0,931725328003072,2099276989,12867605383625681
13.2051,disk0w,2189576282112,19769015,1285305011787
13.2051,disk4,4267364173824,8625091,56591069381516
13.2051,disk4w,2195456,171,27582691
13.2051,disk8,4848367921152,4889976,52438273910912
13.2051,disk8w,331104256,43188,1830418159
13.2051,disk6,7679424411648,12599901,119047866245388
13.2051,disk6w,380928,53,8067940
13.2051,ram,29186179072,27682897920,283033
13.2051,cpu,15775475,22552195,541675622
13.2051,gpu,0,0,0
13.4045,disk0,931727250092032,2099281544,12867639409927134
13.4045,disk0w,2189576298496,19769017,1285305046995
13.4045,disk4,4268127094784,8626658,56613642504239
13.4045,disk4w,2195456,171,27582691
13.4045,disk8,4849184532480,4890769,52451129525435
13.4045,disk8w,331104256,43188,1830418159
13.4045,disk6,7680135804928,12600995,119061452980520
13.4045,disk6w,380928,53,8067940
13.4045,ram,29186179072,27682897920,283033
13.4045,cpu,15775475,22552195,541675622
13.4045,gpu,28,17,0
13.6051,disk0,931728564350976,2099284746,12867661412796067
13.6051,disk0w,2189576298496,19769017,1285305046995
13.6051,disk4,4268711168000,8627857,56629956785864
13.6051,disk4w,2195456,171,27582691
13.6051,disk8,4849810630656,4891375,52459526698723
13.6051,disk8w,331104256,43188,1830418159
13.6051,disk6,7681075877888,12602469,119085294959358
13.6051,disk6w,380928,53,8067940
13.6051,ram,29186179072,27682897920,283033
13.6051,cpu,15775475,22552195,541675622
13.6051,gpu,0,0,0
13.8051,disk0,931729942937600,2099288466,12867686377152907
13.8051,disk0w,2189581242368,19769302,1285311735648
13.8051,disk4,4269276825600,8629018,56645910563978
13.8051,disk4w,2195456,171,27582691
13.8051,disk8,4850561329152,4892105,52470948584275
13.8051,disk8w,332242944,43349,2167372691
13.8051,disk6,7682386515968,12604077,119120153732086
13.8051,disk6w,380928,53,8067940
13.8051,ram,29186179072,27682897920,283033
13.8051,cpu,15775475,22552195,541675622
13.8051,gpu,0,0,0
14.0051,disk0,931730785206272,2099290583,12867699703441569
14.0051,disk0w,2189581242368,19769302,1285311735648
14.0051,disk4,4269855885312,8630205,56663492755000
14.0051,disk4w,2195456,171,27582691
14.0051,disk8,4851368503296,4892889,52486945147102
14.0051,disk8w,332242944,43349,2167372691
14.0051,disk6,7683135928320,12605075,119136476542883
14.0051,disk6w,380928,53,8067940
14.0051,ram,29186179072,27682897920,283033
14.0051,cpu,15775475,22552195,541675622
14.0051,gpu,0,0,0
14.2051,disk0,931731996082176,2099293658,12867718722839865
14.2051,disk0w,2189581242368,19769302,1285311735648
14.2051,disk4,4270750795776,8632041,56692424470011
14.2051,disk4w,2195456,171,27582691
14.2051,disk8,4852228319232,4893723,52500001110792
14.2051,disk8w,332242944,43349,2167372691
14.2051,disk6,7684385650688,12606543,119166641812016
14.2051,disk6w,380928,53,8067940
14.2051,ram,27478327296,29421830144,283033
14.2051,cpu,15775538,22552395,541677227
14.2051,gpu,0,0,0
14.4042,disk0,931732784939008,2099295214,12867730126271606
14.4042,disk0w,2189581242368,19769302,1285311735648
14.4042,disk4,4271408433152,8633390,56713459476388
14.4042,disk4w,2195456,171,27582691
14.4042,disk8,4852689790976,4894170,52505223182260
14.4042,disk8w,332242944,43349,2167372691
14.4042,disk6,7685240891392,12607832,119189283590096
14.4042,disk6w,380928,53,8067940
14.4042,ram,27478327296,29421830144,283033
14.4042,cpu,15775538,22552395,541677227
14.4042,gpu,18,11,0
14.6051,disk0,931734529146880,2099298875,12867759211015844
14.6051,disk0w,2189581242368,19769302,1285311735648
14.6051,disk4,4272179234816,8634971,56735524623270
14.6051,disk4w,2195456,171,27582691
14.6051,disk8,4853491722240,4894947,52515467651297
14.6051,disk8w,332242944,43349,2167372691
14.6051,disk6,7686477326336,12609716,119222071344526
14.6051,disk6w,380928,53,8067940
14.6051,ram,27478327296,29421830144,283033
14.6051,cpu,15775538,22552395,541677227
14.6051,gpu,0,0,0
14.8051,disk0,931735805755392,2099301129,12867779341653886
14.8051,disk0w,2189581242368,19769302,1285311735648
14.8051,disk4,4272877963264,8636403,56756642983413
14.8051,disk4w,2195456,171,27582691
14.8051,disk8,4854291326976,4895723,52528808363572
14.8051,disk8w,332242944,43349,2167372691
14.8051,disk6,7687433914368,12611170,119245180780164
14.8051,disk6w,380928,53,8067940
14.8051,ram,27478327296,29421830144,283033
14.8051,cpu,15775538,22552395,541677227
14.8051,gpu,23,17,0
15.0051,disk0,931736725807104,2099302795,12867792997209020
15.0051,disk0w,2189581242368,19769302,1285311735648
15.0051,disk4,4273542981632,8637763,56777350173444
15.0051,disk4w,2195456,171,27582691
15.0051,disk8,4855178913792,4896584,52545723033559
15.0051,disk8w,332242944,43349,2167372691
15.0051,disk6,7688121591808,12612095,119257839241787
15.0051,disk6w,380928,53,8067940
15.0051,ram,27478327296,29421830144,283033
15.0051,cpu,15775538,22552395,541677227
15.0051,gpu,0,0,0
15.2051,disk0,931737882525696,2099305235,12867811557153838
15.2051,disk0w,2189581242368,19769302,1285311735648
15.2051,disk4,4274539980800,8639808,56811263180994
15.2051,disk4w,2195456,171,27582691
15.2051,disk8,4856018806784,4897399,52557448341112
15.2051,disk8w,332242944,43349,2167372691
15.2051,disk6,7689242929152,12613651,119285828405890
15.2051,disk6w,380928,53,8067940
15.2051,ram,25762136064,31136628736,283033
15.2051,cpu,15775590,22552564,541678874
15.2051,gpu,0,0,0
15.4051,disk0,931739085176832,2099307507,12867831780165354
15.4051,disk0w,2189581242368,19769302,1285311735648
15.4051,disk4,4275084969984,8640931,56827150575578
15.4051,disk4w,2195456,171,27582691
15.4051,disk8,4856702871552,4898066,52567795868851
15.4051,disk8w,332242944,43349,2167372691
15.4051,disk6,7690237478912,12615128,119313319081922
15.4051,disk6w,380928,53,8067940
15.4051,ram,25762136064,31136628736,283033
15.4051,cpu,15775590,22552564,541678874
15.4051,gpu,0,0,0
15.6051,disk0,931740318728192,2099309717,12867851053025412
15.6051,disk0w,2189581242368,19769302,1285311735648
15.6051,disk4,4275616163840,8642018,56839466150920
15.6051,disk4w,2195456,171,27582691
15.6051,disk8,4857525004288,4898862,52579978418365
15.6051,disk8w,332242944,43349,2167372691
15.6051,disk6,7691211307008,12616540,119336646491176
15.6051,disk6w,380928,53,8067940
15.6051,ram,25762136064,31136628736,283033
15.6051,cpu,15775590,22552564,541678874
15.6051,gpu,0,0,0
15.8051,disk0,931741980475392,2099312923,12867879369704536
15.8051,disk0w,2189581242368,19769302,1285311735648
15.8051,disk4,4276225542144,8643274,56855773431798
15.8051,disk4w,2195456,171,27582691
15.8051,disk8,4858440050688,4899750,52596678081145
15.8051,disk8w,332242944,43349,2167372691
15.8051,disk6,7692228769792,12617964,119361723731525
15.8051,disk6w,380928,53,8067940
15.8051,ram,25762136064,31136628736,283033
15.8051,cpu,15775590,22552564,541678874
15.8051,gpu,0,0,0
16.0051,disk0,931743523291136,2099315971,12867904916830998
16.0051,disk0w,2189581242368,19769302,1285311735648
16.0051,disk4,4276727875584,8644302,56868571537606
16.0051,disk4w,2195456,171,27582691
16.0051,disk8,4859248044032,4900532,52611448869555
16.0051,disk8w,332242944,43349,2167372691
16.0051,disk6,7692697524224,12618612,119367131762013
16.0051,disk6w,380928,53,8067940
16.0051,ram,25762136064,31136628736,283033
16.0051,cpu,15775590,22552564,541678874
16.0051,gpu,59,35,0
16.2051,disk0,931744714129408,2099318377,12867924850309259
16.2051,disk0w,2189581242368,19769302,1285311735648
16.2051,disk4,4277134919680,8645134,56877862370106
16.2051,disk4w,2195456,171,27582691
16.2051,disk8,4860187224064,4901444,52631210182126
16.2051,disk8w,332242944,43349,2167372691
16.2051,disk6,7693143521280,12619297,119374208531453
16.2051,disk6w,380928,53,8067940
16.2051,ram,23404658688,33498578944,283033
16.2051,cpu,15775641,22552722,541680451
16.2051,gpu,0,0,0
16.4051,disk0,931746475925504,2099321736,12867955056099614
16.4051,disk0w,2189581242368,19769302,1285311735648
16.4051,disk4,4277807212544,8646517,56896293901027
16.4051,disk4w,2195456,171,27582691
16.4051,disk8,4861288310784,4902514,52651202223013
16.4051,disk8w,332242944,43349,2167372691
16.4051,disk6,7694142945280,12620555,119394600362367
16.4051,disk6w,380928,53,8067940
16.4051,ram,23404658688,33498578944,283033
16.4051,cpu,15775641,22552722,541680451
16.4051,gpu,20,13,0
16.6051,disk0,931747959373824,2099325255,12867980011618239
16.6051,disk0w,2189581242368,19769302,1285311735648
16.6051,disk4,4278270265344,8647469,56907416180509
16.6051,disk4w,2195456,171,27582691
16.6051,disk8,4861830096896,4903040,52658025028704
16.6051,disk8w,332242944,43349,2167372691
16.6051,disk6,7695046891520,12621811,119415134614479
16.6051,disk6w,380928,53,8067940
16.6051,ram,23404658688,33498578944,283033
16.6051,cpu,15775641,22552722,541680451
16.6051,gpu,19,13,0
16.8024,disk0,931749227495424,2099328550,12868002642198905
16.8024,disk0w,2189581242368,19769302,1285311735648
16.8024,disk4,4278831450112,8648623,56923480475666
16.8024,disk4w,2195456,171,27582691
16.8024,disk8,4862521501696,4903716,52670004184443
16.8024,disk8w,332242944,43349,2167372691
16.8024,disk6,7695761426432,12622811,119431916400991
16.8024,disk6w,380928,53,8067940
16.8024,ram,23404658688,33498578944,283033
16.8024,cpu,15775641,22552722,541680451
16.8024,gpu,26,12,0
17.0032,disk0,931750388482048,2099331629,12868021741248118
17.0032,disk0w,2189581242368,19769302,1285311735648
17.0032,disk4,4279371130880,8649723,56936722255900
17.0032,disk4w,2195456,171,27582691
17.0032,disk8,4863203256320,4904378,52679692594381
17.0032,disk8w,332242944,43349,2167372691
17.0032,disk6,7696811698176,12624266,119457080933084
17.0032,disk6w,380928,53,8067940
17.0032,ram,23404658688,33498578944,283033
17.0032,cpu,15775641,22552722,541680451
17.0032,gpu,0,0,0
17.2051,disk0,931751403356160,2099334102,12868038611534459
17.2051,disk0w,2189581242368,19769302,1285311735648
17.2051,disk4,4280103487488,8651234,56961407007767
17.2051,disk4w,2195456,171,27582691
17.2051,disk8,4864002533376,4905156,52694282743493
17.2051,disk8w,332242944,43349,2167372691
17.2051,disk6,7697689921536,12625344,119475867295382
17.2051,disk6w,380928,53,8067940
17.2051,ram,21052162048,35821076480,283033
17.2051,cpu,15775679,22552866,541682021
17.2051,gpu,96,42,0
17.4051,disk0,931752627396608,2099336431,12868057557554329
17.4051,disk0w,2189581242368,19769302,1285311735648
17.4051,disk4,4281023318016,8653119,56992311585388
17.4051,disk4w,2195456,171,27582691
17.4051,disk8,4864677505024,4905811,52702094836934
17.4051,disk8w,332242944,43349,2167372691
17.4051,disk6,7698715281408,12626598,119499412657840
17.4051,disk6w,380928,53,8067940
17.4051,ram,21052162048,35821076480,283033
17.4051,cpu,15775679,22552866,541682021
17.4051,gpu,0,0,0
17.6051,disk0,931753649405952,2099338656,12868074590935135
17.6051,disk0w,2189581242368,19769302,1285311735648
17.6051,disk4,4281593571328,8654286,57009222231880
17.6051,disk4w,2195456,171,27582691
17.6051,disk8,4865318365184,4906434,52711524916118
17.6051,disk8w,332242944,43349,2167372691
17.6051,disk6,7699703117824,12627803,119522465641945
17.6051,disk6w,380928,53,8067940
17.6051,ram,21052162048,35821076480,283033
17.6051,cpu,15775679,22552866,541682021
17.6051,gpu,0,0,0
17.8046,disk0,931754755833856,2099340992,12868091737319918
17.8046,disk0w,2189581242368,19769302,1285311735648
17.8046,disk4,4282091612160,8655311,57021592027445
17.8046,disk4w,2195456,171,27582691
17.8046,disk8,4866153015296,4907246,52726011634052
17.8046,disk8w,332242944,43349,2167372691
17.8046,disk6,7700566648832,12628992,119542341872539
17.8046,disk6w,380928,53,8067940
17.8046,ram,21052162048,35821076480,283033
17.8046,cpu,15775679,22552866,541682021
17.8046,gpu,0,0,0
18.0051,disk0,931755936378880,2099343072,12868110472931974
18.0051,disk0w,2189581242368,19769302,1285311735648
18.0051,disk4,4282779338752,8656709,57042355727721
18.0051,disk4w,2195456,171,27582691
18.0051,disk8,4867178588160,4908244,52746014785424
18.0051,disk8w,332242944,43349,2167372691
18.0051,disk6,7701357676544,12630039,119556741429335
18.0051,disk6w,380928,53,8067940
18.0051,ram,21052162048,35821076480,283033
18.0051,cpu,15775679,22552866,541682021
18.0051,gpu,0,0,0
18.2051,disk0,931757264142336,2099345529,12868133835774344
18.2051,disk0w,2189581242368,19769302,1285311735648
18.2051,disk4,4283156711424,8657442,57050537083885
18.2051,disk4w,2195456,171,27582691
18.2051,disk8,4868038404096,4909079,52762868974457
18.2051,disk8w,332242944,43349,2167372691
18.2051,disk6,7702288828416,12631526,119584940141630
18.2051,disk6w,380928,53,8067940
18.2051,ram,18684329984,38533070848,283033
18.2051,cpu,15775719,22553023,541683641
18.2051,gpu,42,23,0
18.4051,disk0,931758931140608,2099348489,12868161664943750
18.4051,disk0w,2189581246464,19769303,1285311753939
18.4051,disk4,4283841054720,8658769,57068255032569
18.4051,disk4w,2195456,171,27582691
18.4051,disk8,4869026293760,4910037,52779520987270
18.4051,disk8w,332242944,43349,2167372691
18.4051,disk6,7703247316992,12632773,119605004802173
18.4051,disk6w,380928,53,8067940
18.4051,ram,18684755968,38818447360,283033
18.4051,cpu,15775719,22553024,541683643
18.4051,gpu,0,0,0
18.6051,disk0,931760280580096,2099351194,12868184315452123
18.6051,disk0w,2189581246464,19769303,1285311753939
18.6051,disk4,4284490303488,8660029,57084569008977
18.6051,disk4w,2195456,171,27582691
18.6051,disk8,4869958674432,4910942,52794579171810
18.6051,disk8w,332242944,43349,2167372691
18.6051,disk6,7704225449984,12633986,119624180828954
18.6051,disk6w,380928,53,8067940
18.6051,ram,18684755968,38818447360,283033
18.6051,cpu,15775719,22553024,541683643
18.6051,gpu,0,0,0
18.8037,disk0,931761843433472,2099354923,12868211045910205
18.8037,disk0w,2189581246464,19769303,1285311753939
18.8037,disk4,4285125986304,8661260,57100785642573
18.8037,disk4w,2195456,171,27582691
18.8037,disk8,4870841280512,4911798,52808170346804
18.8037,disk8w,332242944,43349,2167372691
18.8037,disk6,7705076054016,12635123,119639773004195
18.8037,disk6w,380928,53,8067940
18.8037,ram,18684755968,38818447360,283033
18.8037,cpu,15775719,22553024,541683643
18.8037,gpu,0,0,0
19.0051,disk0,931763253211136,2099358000,12868234028755858
19.0051,disk0w,2189581275136,19769310,1285311894645
19.0051,disk4,4285673572352,8662322,57113545021342
19.0051,disk4w,2195456,171,27582691
19.0051,disk8,4871602661376,4912536,52819624399143
19.0051,disk8w,332242944,43349,2167372691
19.0051,disk6,7706076665856,12637322,119668311487203
19.0051,disk6w,380928,53,8067940
19.0051,ram,18684755968,38818447360,283033
19.0051,cpu,15775719,22553024,541683643
19.0051,gpu,37,11,0
19.2051,disk0,931764809490432,2099361801,12868262232475254
19.2051,disk0w,2189581275136,19769310,1285311894645
19.2051,disk4,4286315218944,8663569,57131461368022
19.2051,disk4w,2195456,171,27582691
19.2051,disk8,4872741070848,4913644,52844450532855
19.2051,disk8w,332242944,43349,2167372691
19.2051,disk6,7706843932672,12638916,119688164685755
19.2051,disk6w,380928,53,8067940
19.2051,ram,16334307328,40539062272,283033
19.2051,cpu,15775767,22553206,541685194
19.2051,gpu,25,11,0
19.4051,disk0,931766036062208,2099364638,12868281454016631
19.4051,disk0w,2189581275136,19769310,1285311894645
19.4051,disk4,4286811817984,8664531,57141860762916
19.4051,disk4w,2195456,171,27582691
19.4051,disk8,4873798658048,4914670,52865144078854
19.4051,disk8w,332242944,43349,2167372691
19.4051,disk6,7707688437760,12640826,119710462642416
19.4051,disk6w,380928,53,8067940
19.4051,ram,16334307328,40539062272,283033
19.4051,cpu,15775771,22553222,541685268
19.4051,gpu,0,0,0
19.6051,disk0,931766792331264,2099366523,12868292774813323
19.6051,disk0w,2189581275136,19769310,1285311894645
19.6051,disk4,4287332960256,8665543,57155410100779
19.6051,disk4w,2195456,171,27582691
19.6051,disk8,4874759006208,4915602,52885184799592
19.6051,disk8w,332242944,43349,2167372691
19.6051,disk6,7708595726336,12642617,119736796129490
19.6051,disk6w,380928,53,8067940
19.6051,ram,16334307328,40539062272,283033
19.6051,cpu,15775771,22553222,541685268
19.6051,gpu,0,0,0
19.8051,disk0,931767529316352,2099368502,12868303823914882
19.8051,disk0w,2189581275136,19769310,1285311894645
19.8051,disk4,4288017303552,8666872,57176716200410
19.8051,disk4w,2195456,171,27582691
19.8051,disk8,4875302971392,4916131,52891787050949
19.8051,disk8w,332242944,43349,2167372691
19.8051,disk6,7709633374208,12644497,119768271327748
19.8051,disk6w,380928,53,8067940
19.8051,ram,16334307328,40539062272,283033
19.8051,cpu,15775771,22553222,541685268
19.8051,gpu,44,6,0
20.0051,disk0,931768757624832,2099371228,12868323080214471
20.0051,disk0w,2189581275136,19769310,1285311894645
20.0051,disk4,4288754288640,8668300,57197033338303
20.0051,disk4w,2195456,171,27582691
20.0051,disk8,4876448393216,4917241,52914152067264
20.0051,disk8w,332242944,43349,2167372691
20.0051,disk6,7710528284672,12646443,119792982906752
20.0051,disk6w,380928,53,8067940
20.0051,ram,16334307328,40539062272,283033
20.0051,cpu,15775771,22553222,541685268
20.0051,gpu,0,0,0
20.2051,disk0,931770003480576,2099373262,12868344070109585
20.2051,disk0w,2189581275136,19769310,1285311894645
20.2051,disk4,4289333348352,8669423,57213101538584
20.2051,disk4w,2195456,171,27582691
20.2051,disk8,4877215623168,4917988,52927850952105
20.2051,disk8w,332242944,43349,2167372691
20.2051,disk6,7711291336704,12647927,119812710366083
20.2051,disk6w,380928,53,8067940
20.2051,ram,13977272320,42901897216,283033
20.2051,cpu,15775809,22553375,541686768
20.2051,gpu,94,15,0
20.4051,disk0,931771440619520,2099376009,12868367653607567
20.4051,disk0w,2189581275136,19769310,1285311894645
20.4051,disk4,4289843300352,8670412,57224140703260
20.4051,disk4w,2195456,171,27582691
20.4051,disk8,4878008395776,4918757,52939050024850
20.4051,disk8w,332242944,43349,2167372691
20.4051,disk6,7712427878400,12650074,119846353558270
20.4051,disk6w,380928,53,8067940
20.4051,ram,13976764416,42902372352,283033
20.4051,cpu,15775810,22553383,541686833
20.4051,gpu,0,0,0
20.6047,disk0,931772399689728,2099377754,12868382802425602
20.6047,disk0w,2189581275136,19769310,1285311894645
20.6047,disk4,4290261010432,8671226,57234409813451
20.6047,disk4w,2195456,171,27582691
20.6047,disk8,4878680713216,4919408,52951507297004
20.6047,disk8w,332242944,43349,2167372691
20.6047,disk6,7713401440256,12651976,119876647696585
20.6047,disk6w,380928,53,8067940
20.6047,ram,13976764416,42902372352,283033
20.6047,cpu,15775810,22553383,541686833
20.6047,gpu,0,0,0
20.8051,disk0,931773520355328,2099379800,12868401623204998
20.8051,disk0w,2189581275136,19769310,1285311894645
20.8051,disk4,4290746320896,8672166,57245590187318
20.8051,disk4w,2195456,171,27582691
20.8051,disk8,4879566956544,4920270,52967525756254
20.8051,disk8w,332242944,43349,2167372691
20.8051,disk6,7714239166464,12653574,119899273240799
20.8051,disk6w,380928,53,8067940
20.8051,ram,13976764416,42902372352,283033
20.8051,cpu,15775810,22553383,541686833
20.8051,gpu,0,0,0
21.0051,disk0,931775420129280,2099383678,12868435398414867
21.0051,disk0w,2189581275136,19769310,1285311894645
21.0051,disk4,4291406333952,8673445,57262538749060
21.0051,disk4w,2195456,171,27582691
21.0051,disk8,4880183764992,4920867,52974475214779
21.0051,disk8w,332242944,43349,2167372691
21.0051,disk6,7714982008832,12655130,119917368091670
21.0051,disk6w,380928,53,8067940
21.0051,ram,13976764416,42902372352,283033
21.0051,cpu,15775810,22553383,541686833
21.0051,gpu,0,0,0
21.2008,disk0,931776844259328,2099387035,12868460276763349
21.2008,disk0w,2189581275136,19769310,1285311894645
21.2008,disk4,4292165797888,8674919,57286250832615
21.2008,disk4w,2195456,171,27582691
21.2008,disk8,4880803653632,4921469,52982652537374
21.2008,disk8w,332242944,43349,2167372691
21.2008,disk6,7715967342592,12657170,119947953636163
21.2008,disk6w,380928,53,8067940
21.2008,ram,13976764416,42902372352,283033
21.2008,cpu,15775810,22553383,541686833
21.2008,gpu,25,16,0
21.4044,disk0,931778113101824,2099389967,12868481455692541
21.4044,disk0w,2189581275136,19769310,1285311894645
21.4044,disk4,4292772612096,8676098,57301764389757
21.4044,disk4w,2195456,171,27582691
21.4044,disk8,4881682622464,4922321,52997214856342
21.4044,disk8w,332242944,43349,2167372691
21.4044,disk6,7716862474240,12658839,119970559801426
21.4044,disk6w,380928,53,8067940
21.4044,ram,11616632832,45257228288,283033
21.4044,cpu,15775847,22553533,541688410
21.4044,gpu,0,0,0
21.6044,disk0,931779625861120,2099393758,12868507184549504
21.6044,disk0w,2189581275136,19769310,1285311894645
21.6044,disk4,4293404428288,8677330,57317683352387
21.6044,disk4w,2195456,171,27582691
21.6044,disk8,4882394507264,4923011,53006746663820
21.6044,disk8w,332242944,43349,2167372691
21.6044,disk6,7717779806208,12660460,119992326466357
21.6044,disk6w,380928,53,8067940
21.6044,ram,11616632832,45257228288,283033
21.6044,cpu,15775847,22553533,541688410
21.6044,gpu,0,0,0
21.8051,disk0,931781105852416,2099397716,12868532643145102
21.8051,disk0w,2189581275136,19769310,1285311894645
21.8051,disk4,4294130321408,8678759,57337540205699
21.8051,disk4w,2195456,171,27582691
21.8051,disk8,4883505932288,4924092,53028305092266
21.8051,disk8w,332242944,43349,2167372691
21.8051,disk6,7718750181376,12662007,120016197316967
21.8051,disk6w,380928,53,8067940
21.8051,ram,11616632832,45257228288,283033
21.8051,cpu,15775847,22553533,541688410
21.8051,gpu,23,13,0
22.0051,disk0,931782181298176,2099400424,12868550347038665
22.0051,disk0w,2189581275136,19769310,1285311894645
22.0051,disk4,4294720358400,8679931,57354366108269
22.0051,disk4w,2195456,171,27582691
22.0051,disk8,4884346234880,4924907,53043577968629
22.0051,disk8w,332242944,43349,2167372691
22.0051,disk6,7719612663808,12663337,120038336701888
22.0051,disk6w,380928,53,8067940
22.0051,ram,11616632832,45257228288,283033
22.0051,cpu,15775847,22553533,541688410
22.0051,gpu,0,0,0
22.2051,disk0,931783602626560,2099403980,12868574096968286
22.2051,disk0w,2189581275136,19769310,1285311894645
22.2051,disk4,4295316965376,8681122,57369012515640
22.2051,disk4w,2195456,171,27582691
22.2051,disk8,4885340006400,4925871,53060804258929
22.2051,disk8w,332242944,43349,2167372691
22.2051,disk6,7720791115776,12665024,120067382391798
22.2051,disk6w,380928,53,8067940
22.2051,ram,11616632832,45257228288,283033
22.2051,cpu,15775847,22553533,541688410
22.2051,gpu,0,0,0
22.4051,disk0,931784869371904,2099406484,12868594711292491
22.4051,disk0w,2189581275136,19769310,1285311894645
22.4051,disk4,4295805421568,8682089,57378824724238
22.4051,disk4w,2195456,171,27582691
22.4051,disk8,4886302795776,4926804,53078180577830
22.4051,disk8w,332242944,43349,2167372691
22.4051,disk6,7721676023808,12666767,120091565518184
22.4051,disk6w,380928,53,8067940
22.4051,ram,9264414720,47612248064,283033
22.4051,cpu,15775886,22553690,541689983
22.4051,gpu,100,57,0
22.6051,disk0,931786111606784,2099409098,12868614088194912
22.6051,disk0w,2189581275136,19769310,1285311894645
22.6051,disk4,4296461780992,8683383,57396200504708
22.6051,disk4w,2195456,171,27582691
22.6051,disk8,4887151847424,4927628,53091004362680
22.6051,disk8w,332242944,43349,2167372691
22.6051,disk6,7722554492928,12668533,120114473721098
22.6051,disk6w,380928,53,8067940
22.6051,ram,9264414720,47612248064,283033
22.6051,cpu,15775886,22553690,541689983
22.6051,gpu,0,0,0
22.8051,disk0,931787483652096,2099411618,12868636919030430
22.8051,disk0w,2189581275136,19769310,1285311894645
22.8051,disk4,4297238284288,8684904,57418331188861
22.8051,disk4w,2195456,171,27582691
22.8051,disk8,4888200734720,4928646,53110287847392
22.8051,disk8w,332242944,43349,2167372691
22.8051,disk6,7723657058304,12670936,120147592504919
22.8051,disk6w,380928,53,8067940
22.8051,ram,9264414720,47612248064,283033
22.8051,cpu,15775886,22553690,541689983
22.8051,gpu,0,0,0
23.0051,disk0,931788672901120,2099413559,12868655018879517
23.0051,disk0w,2189581275136,19769310,1285311894645
23.0051,disk4,4297856108544,8686125,57436984719871
23.0051,disk4w,2195456,171,27582691
23.0051,disk8,4888829421568,4929257,53120214825109
23.0051,disk8w,332242944,43349,2167372691
23.0051,disk6,7724424640512,12672267,120165404636772
23.0051,disk6w,380928,53,8067940
23.0051,ram,9264414720,47612248064,283033
23.0051,cpu,15775886,22553690,541689983
23.0051,gpu,0,0,0
23.2051,disk0,931790042472448,2099416142,12868678783914506
23.2051,disk0w,2189581275136,19769310,1285311894645
23.2051,disk4,4298598303744,8687601,57459863498334
23.2051,disk4w,2195456,171,27582691
23.2051,disk8,4889761916928,4930163,53136636910236
23.2051,disk8w,332242944,43349,2167372691
23.2051,disk6,7725376071680,12673649,120189607390638
23.2051,disk6w,380928,53,8067940
23.2051,ram,9264414720,47612248064,283033
23.2051,cpu,15775886,22553690,541689983
23.2051,gpu,45,18,0
23.4051,disk0,931791527469056,2099418517,12868703336607320
23.4051,disk0w,2189581275136,19769310,1285311894645
23.4051,disk4,4299300194304,8688986,57478984333897
23.4051,disk4w,2195456,171,27582691
23.4051,disk8,4890860611584,4931228,53157313095718
23.4051,disk8w,332242944,43349,2167372691
23.4051,disk6,7726358722560,12676112,120218594811123
23.4051,disk6w,380928,53,8067940
23.4051,ram,7984005120,48893968384,283033
23.4051,cpu,15775928,22553862,541691747
23.4051,gpu,0,0,0
23.6051,disk0,931792806584320,2099420779,12868723212645552
23.6051,disk0w,2189581275136,19769310,1285311894645
23.6051,disk4,4299964778496,8690294,57496494838087
23.6051,disk4w,2195456,171,27582691
23.6051,disk8,4891708123136,4932050,53170353805852
23.6051,disk8w,332242944,43349,2167372691
23.6051,disk6,7727241828352,12678106,120242875825160
23.6051,disk6w,380928,53,8067940
23.6051,ram,7984005120,48893968384,283033
23.6051,cpu,15775928,22553862,541691747
23.6051,gpu,26,14,0
23.8051,disk0,931794832875520,2099424986,12868759748807731
23.8051,disk0w,2189581275136,19769310,1285311894645
23.8051,disk4,4300756617216,8691862,57519489018704
23.8051,disk4w,2195456,171,27582691
23.8051,disk8,4892481742848,4932802,53180540330648
23.8051,disk8w,332242944,43349,2167372691
23.8051,disk6,7728038746112,12679809,120263759039791
23.8051,disk6w,380928,53,8067940
23.8051,ram,7984005120,48893968384,283033
23.8051,cpu,15775928,22553862,541691747
23.8051,gpu,0,0,0
24.0051,disk0,931796457086976,2099428641,12868787611813204
24.0051,disk0w,2189581275136,19769310,1285311894645
24.0051,disk4,4301481953280,8693282,57539655106576
24.0051,disk4w,2195456,171,27582691
24.0051,disk8,4893230786560,4933529,53191272787532
24.0051,disk8w,332242944,43349,2167372691
24.0051,disk6,7728855611392,12681638,120285423162686
24.0051,disk6w,380928,53,8067940
24.0051,ram,7984005120,48893968384,283033
24.0051,cpu,15775928,22553862,541691747
24.0051,gpu,0,0,0
24.2051,disk0,931797552705536,2099431092,12868805879775546
24.2051,disk0w,2189581275136,19769310,1285311894645
24.2051,disk4,4302020020224,8694348,57555565150006
24.2051,disk4w,2195456,171,27582691
24.2051,disk8,4894148732928,4934422,53211430546495
24.2051,disk8w,332242944,43349,2167372691
24.2051,disk6,7729345763328,12682765,120296931994558
24.2051,disk6w,380928,53,8067940
24.2051,ram,7984005120,48893968384,283033
24.2051,cpu,15775928,22553862,541691747
24.2051,gpu,0,0,0
24.4051,disk0,931799455682560,2099435341,12868838544858482
24.4051,disk0w,2189581275136,19769310,1285311894645
24.4051,disk4,4302756792320,8695803,57574507332860
24.4051,disk4w,2195456,171,27582691
24.4051,disk8,4895209465856,4935453,53228906623063
24.4051,disk8w,332242944,43349,2167372691
24.4051,disk6,7730202220544,12684537,120317311840596
24.4051,disk6w,380928,53,8067940
24.4051,ram,6260637696,50606096384,283033
24.4051,cpu,15775969,22554030,541693247
24.4051,gpu,0,0,0
24.6051,disk0,931800821714944,2099438907,12868862977895273
24.6051,disk0w,2189581275136,19769310,1285311894645
24.6051,disk4,4303449475072,8697161,57595734868947
24.6051,disk4w,2195456,171,27582691
24.6051,disk8,4896000141312,4936222,53241680852575
24.6051,disk8w,332242944,43349,2167372691
24.6051,disk6,7730890819584,12685842,120334624335628
24.6051,disk6w,380928,53,8067940
24.6051,ram,6260637696,50606096384,283033
24.6051,cpu,15775969,22554030,541693247
24.6051,gpu,0,0,0
24.8051,disk0,931802290475008,2099442656,12868888017428773
24.8051,disk0w,2189581275136,19769310,1285311894645
24.8051,disk4,4304090597376,8698423,57612833924533
24.8051,disk4w,2195456,171,27582691
24.8051,disk8,4896973842432,4937167,53257643632182
24.8051,disk8w,332242944,43349,2167372691
24.8051,disk6,7731894052864,12687651,120360902645541
24.8051,disk6w,380928,53,8067940
24.8051,ram,6260637696,50606096384,283033
24.8051,cpu,15775969,22554030,541693247
24.8051,gpu,80,8,0
25.0041,disk0,931803167838208,2099445048,12868902374815361
25.0041,disk0w,2189581275136,19769310,1285311894645
25.0041,disk4,4304704751616,8699637,57631542448004
25.0041,disk4w,2195456,171,27582691
25.0041,disk8,4897728374784,4937899,53271382491311
25.0041,disk8w,332242944,43349,2167372691
25.0041,disk6,7732771416064,12689087,120385546272111
25.0041,disk6w,380928,53,8067940
25.0041,ram,6260637696,50606096384,283033
25.0041,cpu,15775969,22554030,541693247
25.0041,gpu,0,0,0
25.2051,disk0,931804518977536,2099448687,12868924871338564
25.2051,disk0w,2189581275136,19769310,1285311894645
25.2051,disk4,4305441736704,8701094,57653040927470
25.2051,disk4w,2195456,171,27582691
25.2051,disk8,4898675927040,4938819,53287487087745
25.2051,disk8w,332242944,43349,2167372691
25.2051,disk6,7733637261312,12690523,120406297907144
25.2051,disk6w,380928,53,8067940
25.2051,ram,6260637696,50606096384,283033
25.2051,cpu,15775969,22554030,541693247
25.2051,gpu,33,18,0
25.4051,disk0,931805860573184,2099451911,12868946991841110
25.4051,disk0w,2189581275136,19769310,1285311894645
25.4051,disk4,4306104895488,8702395,57670951954299
25.4051,disk4w,2195456,171,27582691
25.4051,disk8,4899760220160,4939870,53309112958305
25.4051,disk8w,332242944,43349,2167372691
25.4051,disk6,7734516434944,12692019,120426032524984
25.4051,disk6w,380928,53,8067940
25.4051,ram,4541808640,52347240448,283033
25.4051,cpu,15776016,22554210,541694896
25.4051,gpu,21,11,0
25.6051,disk0,931807080886272,2099454807,12868967786669717
25.6051,disk0w,2189581275136,19769310,1285311894645
25.6051,disk4,4306670045184,8703511,57686803238149
25.6051,disk4w,2195456,171,27582691
25.6051,disk8,4900500842496,4940592,53321258739694
25.6051,disk8w,332242944,43349,2167372691
25.6051,disk6,7735474923520,12693428,120450194081974
25.6051,disk6w,380928,53,8067940
25.6051,ram,4541808640,52347240448,283033
25.6051,cpu,15776016,22554210,541694896
25.6051,gpu,0,0,0
25.8051,disk0,931808426733568,2099457845,12868990262926199
25.8051,disk0w,2189581275136,19769310,1285311894645
25.8051,disk4,4307210291200,8704577,57699247771328
25.8051,disk4w,2195456,171,27582691
25.8051,disk8,4901218461696,4941288,53331160038049
25.8051,disk8w,332242944,43349,2167372691
25.8051,disk6,7736421079040,12694812,120472775623973
25.8051,disk6w,380928,53,8067940
25.8051,ram,4541808640,52347240448,283033
25.8051,cpu,15776016,22554210,541694896
25.8051,gpu,0,0,0
26.0051,disk0,931810134110208,2099461158,12869019567037180
26.0051,disk0w,2189581275136,19769310,1285311894645
26.0051,disk4,4307810617344,8705754,57713488542212
26.0051,disk4w,2195456,171,27582691
26.0051,disk8,4902346729472,4942383,53351287150967
26.0051,disk8w,332242944,43349,2167372691
26.0051,disk6,7737599449088,12696593,120503327671463
26.0051,disk6w,380928,53,8067940
26.0051,ram,4541808640,52347240448,283033
26.0051,cpu,15776016,22554210,541694896
26.0051,gpu,0,0,0
26.2053,disk0,931810937368576,2099462754,12869031846228509
26.2053,disk0w,2189581275136,19769310,1285311894645
26.2053,disk4,4308294354944,8706704,57726103765725
26.2053,disk4w,2195456,171,27582691
26.2053,disk8,4902932850688,4942952,53359193452436
26.2053,disk8w,332242944,43349,2167372691
26.2053,disk6,7738586527744,12698141,120530740181840
26.2053,disk6w,380928,53,8067940
26.2053,ram,4541808640,52347240448,283033
26.2053,cpu,15776016,22554210,541694896
26.2053,gpu,63,55,0
26.4051,disk0,931812327518208,2099465482,12869055189675316
26.4051,disk0w,2189581275136,19769310,1285311894645
26.4051,disk4,4308845905920,8707788,57738761382736
26.4051,disk4w,2195456,171,27582691
26.4051,disk8,4903887464448,4943878,53376635603253
26.4051,disk8w,332242944,43349,2167372691
26.4051,disk6,7739531982848,12699621,120554889303760
26.4051,disk6w,380928,53,8067940
26.4051,ram,2198863872,54685188096,283033
26.4051,cpu,15776052,22554363,541696520
26.4051,gpu,0,0,0
26.6051,disk0,931813712527360,2099468932,12869078858194610
26.6051,disk0w,2189581275136,19769310,1285311894645
26.6051,disk4,4309470300160,8709012,57754172657081
26.6051,disk4w,2195456,171,27582691
26.6051,disk8,4904958257152,4944917,53397025120039
26.6051,disk8w,332242944,43349,2167372691
26.6051,disk6,7740448299008,12701118,120577262809187
26.6051,disk6w,380928,53,8067940
26.6051,ram,2198863872,54685188096,283033
26.6051,cpu,15776052,22554363,541696520
26.6051,gpu,22,13,0
26.8051,disk0,931815262928896,2099473460,12869106333489328
26.8051,disk0w,2189581275136,19769310,1285311894645
26.8051,disk4,4310004025344,8710058,57765951961492
26.8051,disk4w,2195456,171,27582691
26.8051,disk8,4905869043712,4945802,53411737988705
26.8051,disk8w,332242944,43349,2167372691
26.8051,disk6,7741214914560,12702371,120593371961304
26.8051,disk6w,380928,53,8067940
26.8051,ram,2198863872,54685188096,283033
26.8051,cpu,15776052,22554363,541696520
26.8051,gpu,0,0,0
27.0051,disk0,931816995278848,2099478653,12869137393517471
27.0051,disk0w,2189581328384,19769314,1285311983768
27.0051,disk4,4310547990528,8711125,57778078316776
27.0051,disk4w,2195456,171,27582691
27.0051,disk8,4906747668480,4946655,53425822564582
27.0051,disk8w,332242944,43349,2167372691
27.0051,disk6,7742013941760,12703873,120611601131278
27.0051,disk6w,380928,53,8067940
27.0051,ram,2198863872,54685188096,283033
27.0051,cpu,15776052,22554363,541696520
27.0051,gpu,37,7,0
27.2009,disk0,931818677321728,2099483370,12869168010418087
27.2009,disk0w,2189581328384,19769314,1285311983768
27.2009,disk4,4311450765312,8712903,57806144986532
27.2009,disk4w,2195456,171,27582691
27.2009,disk8,4907580778496,4947465,53437396970024
27.2009,disk8w,332242944,43349,2167372691
27.2009,disk6,7742725269504,12705218,120627915221781
27.2009,disk6w,380928,53,8067940
27.2009,ram,2198863872,54685188096,283033
27.2009,cpu,15776052,22554363,541696520
27.2009,gpu,23,14,0
27.4051,disk0,931819993317376,2099489411,12869191674701596
27.4051,disk0w,2189581475840,19769320,1285312095891
27.4051,disk4,4312219240448,8714415,57828520574699
27.4051,disk4w,2195456,171,27582691
27.4051,disk8,4908389656576,4948249,53449122938528
27.4051,disk8w,332242944,43349,2167372691
27.4051,disk6,7743512987648,12706663,120647467389309
27.4051,disk6w,380928,53,8067940
27.4051,ram,273940480,57024315392,283046
27.4051,cpu,15776092,22554544,541698124
27.4051,gpu,0,0,0
27.6051,disk0,931821786693632,2099509555,12869228270525500
27.6051,disk0w,2189581803520,19769338,1285312324343
27.6051,disk4,4312881776640,8715723,57846682348789
27.6051,disk4w,2195456,171,27582691
27.6051,disk8,4909432399872,4949263,53467296585141
27.6051,disk8w,332242944,43349,2167372691
27.6051,disk6,7744255477760,12707983,120664815997001
27.6051,disk6w,380928,53,8067940
27.6051,ram,273940480,57024315392,283046
27.6051,cpu,15776092,22554544,541698124
27.6051,gpu,27,14,0
27.8051,disk0,931822999687168,2099525820,12869254895204510
27.8051,disk0w,2189581803520,19769338,1285312324343
27.8051,disk4,4313388730368,8716709,57860680993381
27.8051,disk4w,2195456,171,27582691
27.8051,disk8,4910029006848,4949843,53475919287991
27.8051,disk8w,332242944,43349,2167372691
27.8051,disk6,7745664665600,12710628,120703639103397
27.8051,disk6w,380928,53,8067940
27.8051,ram,273940480,57024315392,283046
27.8051,cpu,15776092,22554544,541698124
27.8051,gpu,0,0,0
28.0051,disk0,931824205795328,2099540910,12869280251263178
28.0051,disk0w,2189581803520,19769338,1285312324343
28.0051,disk4,4314026584064,8717959,57877137653761
28.0051,disk4w,2195456,171,27582691
28.0051,disk8,4910805559296,4950597,53486919403664
28.0051,disk8w,332242944,43349,2167372691
28.0051,disk6,7746927142912,12713125,120734615199277
28.0051,disk6w,380928,53,8067940
28.0051,ram,273940480,57024315392,283046
28.0051,cpu,15776092,22554544,541698124
28.0051,gpu,0,0,0
28.2054,disk0,931825245999104,2099543177,12869296763182598
28.2054,disk0w,2189581803520,19769338,1285312324343
28.2054,disk4,4314803865600,8719496,57902355083836
28.2054,disk4w,2195456,171,27582691
28.2054,disk8,4911742625792,4951506,53504479406980
28.2054,disk8w,332242944,43349,2167372691
28.2054,disk6,7748254816256,12715768,120775629000579
28.2054,disk6w,380928,53,8067940
28.2054,ram,273940480,57024315392,283046
28.2054,cpu,15776092,22554544,541698124
28.2054,gpu,0,0,0
28.4051,disk0,931826216226816,2099545152,12869311324758097
28.4051,disk0w,2189581803520,19769338,1285312324343
28.4051,disk4,4315377436672,8720631,57917457142585
28.4051,disk4w,2195456,171,27582691
28.4051,disk8,4912464717824,4952206,53515979409535
28.4051,disk8w,332242944,43349,2167372691
28.4051,disk6,7749578033152,12718340,120809308538223
28.4051,disk6w,380928,53,8067940
28.4051,ram,262225920,58248232960,283046
28.4051,cpu,15776129,22554732,541699705
28.4051,gpu,0,0,0
28.6050,disk0,931827137187840,2099547258,12869325250862249
28.6050,disk0w,2189581803520,19769338,1285312324343
28.6050,disk4,4315906721792,8721671,57930736237530
28.6050,disk4w,2195456,171,27582691
28.6050,disk8,4913668630528,4953375,53542263129484
28.6050,disk8w,332242944,43349,2167372691
28.6050,disk6,7750727075840,12720513,120844161423275
28.6050,disk6w,380928,53,8067940
28.6050,ram,262520832,58248232960,283046
28.6050,cpu,15776129,22554732,541699708
28.6050,gpu,0,0,0
28.8005,disk0,931828139151360,2099549173,12869341873068942
28.8005,disk0w,2189581803520,19769338,1285312324343
28.8005,disk4,4316441151488,8722720,57945812529851
28.8005,disk4w,2195456,171,27582691
28.8005,disk8,4914396243968,4954081,53554642877286
28.8005,disk8w,332242944,43349,2167372691
28.8005,disk6,7751965149184,12722867,120873930765883
28.8005,disk6w,380928,53,8067940
28.8005,ram,262520832,58248232960,283046
28.8005,cpu,15776129,22554732,541699708
28.8005,gpu,0,0,0
29.0051,disk0,931829705740288,2099552232,12869367861426996
29.0051,disk0w,2189581803520,19769338,1285312324343
29.0051,disk4,4317058025472,8723940,57961013162078
29.0051,disk4w,2195456,171,27582691
29.0051,disk8,4915440412672,4955095,53573403081872
29.0051,disk8w,332242944,43349,2167372691
29.0051,disk6,7753073846272,12724755,120902766135475
29.0051,disk6w,380928,53,8067940
29.0051,ram,262520832,58248232960,283046
29.0051,cpu,15776129,22554732,541699708
29.0051,gpu,0,0,0
29.2051,disk0,931830771912704,2099554162,12869385177116179
29.2051,disk0w,2189581803520,19769338,1285312324343
29.2051,disk4,4317619537920,8725045,57976998540188
29.2051,disk4w,2195456,171,27582691
29.2051,disk8,4916153001984,4955789,53584989911387
29.2051,disk8w,332242944,43349,2167372691
29.2051,disk6,7754375055360,12727233,120936229905655
29.2051,disk6w,380928,53,8067940
29.2051,ram,262520832,58248232960,283046
29.2051,cpu,15776129,22554732,541699708
29.2051,gpu,0,0,0
29.4051,disk0,931832403841024,2099556991,12869412854864819
29.4051,disk0w,2189581803520,19769338,1285312324343
29.4051,disk4,4318251239424,8726287,57993048512324
29.4051,disk4w,2195456,171,27582691
29.4051,disk8,4917081958400,4956690,53599729601836
29.4051,disk8w,332242944,43349,2167372691
29.4051,disk6,7755370465280,12729123,120956348251483
29.4051,disk6w,380928,53,8067940
29.4051,ram,251248640,60662972416,283046
29.4051,cpu,15776168,22554885,541701227
29.4051,gpu,0,0,0
29.6052,disk0,931833860263936,2099559654,12869436851566853
29.6052,disk0w,2189581803520,19769338,1285312324343
29.6052,disk4,4319128602624,8728014,58020637646891
29.6052,disk4w,2195456,171,27582691
29.6052,disk8,4918083201024,4957662,53617001193976
29.6052,disk8w,332242944,43349,2167372691
29.6052,disk6,7756466022400,12731429,120987619472008
29.6052,disk6w,380928,53,8067940
29.6052,ram,251248640,60662972416,283046
29.6052,cpu,15776168,22554885,541701227
29.6052,gpu,0,0,0
29.8051,disk0,931835098566656,2099561694,12869455737413766
29.8051,disk0w,2189581803520,19769338,1285312324343
29.8051,disk4,4319567284224,8728880,58029362825838
29.8051,disk4w,2195456,171,27582691
29.8051,disk8,4918860032000,4958417,53629476039088
29.8051,disk8w,332242944,43349,2167372691
29.8051,disk6,7757702600704,12734139,121018661040818
29.8051,disk6w,380928,53,8067940
29.8051,ram,251248640,60662972416,283046
29.8051,cpu,15776168,22554885,541701227
29.8051,gpu,0,0,0
30.0051,disk0,931836749893632,2099564550,12869483500922633
30.0051,disk0w,2189581803520,19769338,1285312324343
30.0051,disk4,4320086910976,8729898,58041893669828
30.0051,disk4w,2195456,171,27582691
30.0051,disk8,4919733970944,4959265,53645394952431
30.0051,disk8w,332242944,43349,2167372691
30.0051,disk6,7758764283904,12736404,121044508130648
30.0051,disk6w,380928,53,8067940
30.0051,ram,251248640,60662972416,283046
30.0051,cpu,15776168,22554885,541701227
30.0051,gpu,0,0,0
30.2052,disk0,931838298112000,2099567177,12869510303166882
30.2052,disk0w,2189587681280,19769476,1285315812461
30.2052,disk4,4320582436864,8730874,58053903796496
30.2052,disk4w,2195456,171,27582691
30.2052,disk8,4920491927552,4960001,53657283748102
30.2052,disk8w,332242944,43349,2167372691
30.2052,disk6,7759968679936,12739076,121081567815336
30.2052,disk6w,380928,53,8067940
30.2052,ram,251248640,60662972416,283046
30.2052,cpu,15776168,22554885,541701227
30.2052,gpu,27,16,0
30.4051,disk0,931839405248512,2099569219,12869528570312219
30.4051,disk0w,2189587681280,19769476,1285315812461
30.4051,disk4,4321208436736,8732098,58072608492959
30.4051,disk4w,2195456,171,27582691
30.4051,disk8,4921407612928,4960892,53675944506315
30.4051,disk8w,332242944,43349,2167372691
30.4051,disk6,7761280833536,12741974,121115949154283
30.4051,disk6w,380928,53,8067940
30.4051,ram,266698752,62425202688,283046
30.4051,cpu,15776218,22555073,541702808
30.4051,gpu,0,0,0
30.6051,disk0,931840363106304,2099570845,12869541702332149
30.6051,disk0w,2189587681280,19769476,1285315812461
30.6051,disk4,4321995376640,8733651,58096284006977
30.6051,disk4w,2195456,171,27582691
30.6051,disk8,4922177792000,4961640,53688585928073
30.6051,disk8w,332242944,43349,2167372691
30.6051,disk6,7762203432960,12744018,121136761074537
30.6051,disk6w,380928,53,8067940
30.6051,ram,267206656,62425202688,283046
30.6051,cpu,15776218,22555073,541702808
30.6051,gpu,0,0,0
30.8051,disk0,931842135232512,2099574456,12869572757837491
30.8051,disk0w,2189587681280,19769476,1285315812461
30.8051,disk4,4322498054144,8734639,58106764242873
30.8051,disk4w,2195456,171,27582691
30.8051,disk8,4923327522816,4962755,53711288562400
30.8051,disk8w,332242944,43349,2167372691
30.8051,disk6,7763265370112,12746296,121164786625424
30.8051,disk6w,380928,53,8067940
30.8051,ram,267206656,62425202688,283046
30.8051,cpu,15776218,22555073,541702808
30.8051,gpu,0,0,0
31.0052,disk0,931843049639936,2099576276,12869587311524050
31.0052,disk0w,2189587681280,19769476,1285315812461
31.0052,disk4,4322936358912,8735512,58119409456537
31.0052,disk4w,2195456,171,27582691
31.0052,disk8,4924162729984,4963565,53729475307464
31.0052,disk8w,332242944,43349,2167372691
31.0052,disk6,7764265269248,12748374,121186397416425
31.0052,disk6w,380928,53,8067940
31.0052,ram,267206656,62425202688,283046
31.0052,cpu,15776218,22555073,541702808
31.0052,gpu,0,0,0
31.2052,disk0,931844493971456,2099579234,12869611461662341
31.2052,disk0w,2189587681280,19769476,1285315812461
31.2052,disk4,4323603154944,8736838,58139442535423
31.2052,disk4w,2195456,171,27582691
31.2052,disk8,4925224937472,4964604,53750977212409
31.2052,disk8w,332242944,43349,2167372691
31.2052,disk6,7765070264320,12749978,121204162967423
31.2052,disk6w,380928,53,8067940
31.2052,ram,267206656,62425202688,283046
31.2052,cpu,15776218,22555073,541702808
31.2052,gpu,0,0,0
31.4052,disk0,931846038130688,2099582821,12869637289577906
31.4052,disk0w,2189587681280,19769476,1285315812461
31.4052,disk4,4324436371456,8738499,58165233894823
31.4052,disk4w,2195456,171,27582691
31.4052,disk8,4926154942464,4965506,53766044685572
31.4052,disk8w,332242944,43349,2167372691
31.4052,disk6,7766181492736,12752238,121235014354966
31.4052,disk6w,380928,53,8067940
31.4052,ram,268894208,63678644224,283046
31.4052,cpu,15776256,22555228,541704427
31.4052,gpu,0,0,0
31.6052,disk0,931847055872000,2099584830,12869653416707714
31.6052,disk0w,2189587681280,19769476,1285315812461
31.6052,disk4,4325042030592,8739717,58183428991626
31.6052,disk4w,2195456,171,27582691
31.6052,disk8,4926967769088,4966293,53781547662763
31.6052,disk8w,332242944,43349,2167372691
31.6052,disk6,7767006640128,12753780,121259031025193
31.6052,disk6w,380928,53,8067940
31.6052,ram,262307840,64102711296,283046
31.6052,cpu,15776260,22555239,541704528
31.6052,gpu,0,0,0
31.8041,disk0,931847968333824,2099586580,12869667510657784
31.8041,disk0w,2189587681280,19769476,1285315812461
31.8041,disk4,4325568448512,8740769,58197916208695
31.8041,disk4w,2195456,171,27582691
31.8041,disk8,4927734196224,4967038,53795305331309
31.8041,disk8w,332242944,43349,2167372691
31.8041,disk6,7767888230400,12755224,121283388701677
31.8041,disk6w,380928,53,8067940
31.8041,ram,262307840,64102711296,283046
31.8041,cpu,15776260,22555239,541704528
31.8041,gpu,0,0,0
32.0052,disk0,931849877217280,2099591608,12869676328478950
32.0052,disk0w,2189587681280,19769476,1285315812461
32.0052,disk4,4326234875904,8742133,58202551817902
32.0052,disk4w,2195456,171,27582691
32.0052,disk8,4928381495296,4967701,53796549776718
32.0052,disk8w,332242944,43349,2167372691
32.0052,disk6,7769117374464,12757065,121294681785866
32.0052,disk6w,380928,53,8067940
32.0052,ram,262307840,64102711296,283046
32.0052,cpu,15776260,22555239,541704528
32.0052,gpu,33,13,0
32.2052,disk0,931852223012864,2099595765,12869687209850988
32.2052,disk0w,2189587681280,19769476,1285315812461
32.2052,disk4,4326978635776,8743657,58207606212787
32.2052,disk4w,2195456,171,27582691
32.2052,disk8,4928989931520,4968325,53797437327342
32.2052,disk8w,332242944,43349,2167372691
32.2052,disk6,7770372765696,12758505,121302928409384
32.2052,disk6w,380928,53,8067940
32.2052,ram,262307840,64102711296,283046
32.2052,cpu,15776260,22555239,541704528
32.2052,gpu,0,0,0
32.4052,disk0,931854249717760,2099599677,12869697577720615
32.4052,disk0w,2189587681280,19769476,1285315812461
32.4052,disk4,4327659735040,8745051,58214228509420
32.4052,disk4w,2195456,171,27582691
32.4052,disk8,4929556162560,4968905,53798168789064
32.4052,disk8w,332242944,43349,2167372691
32.4052,disk6,7771706357760,12760548,121314849694181
32.4052,disk6w,380928,53,8067940
32.4052,ram,262307840,64102711296,283046
32.4052,cpu,15776260,22555239,541704528
32.4052,gpu,0,0,0
32.6052,disk0,931856482127872,2099603919,12869707689961085
32.6052,disk0w,2189587681280,19769476,1285315812461
32.6052,disk4,4328340932608,8746443,58218818732700
32.6052,disk4w,2195456,171,27582691
32.6052,disk8,4930149132288,4969513,53798855541988
32.6052,disk8w,332242944,43349,2167372691
32.6052,disk6,7773093951488,12762636,121326477455565
32.6052,disk6w,380928,53,8067940
32.6052,ram,215023616,66729525248,283046
32.6052,cpu,15776305,22555369,541706223
32.6052,gpu,36,14,0
32.8002,disk0,931858717790208,2099608761,12869719629633203
32.8002,disk0w,2189587718144,19769479,1285315868918
32.8002,disk4,4329060370432,8747839,58223335649926
32.8002,disk4w,2195456,171,27582691
32.8002,disk8,4930728732672,4970107,53799662763207
32.8002,disk8w,332242944,43349,2167372691
32.8002,disk6,7774392793088,12764912,121338826925688
32.8002,disk6w,380928,53,8067940
32.8002,ram,215023616,66729525248,283046
32.8002,cpu,15776305,22555369,541706223
32.8002,gpu,37,15,0
33.0052,disk0,931860831772672,2099613492,12869729614866360
33.0052,disk0w,2189587718144,19769479,1285315868918
33.0052,disk4,4329991424000,8749681,58233216860695
33.0052,disk4w,2195456,171,27582691
33.0052,disk8,4931211732992,4970602,53800257443329
33.0052,disk8w,332242944,43349,2167372691
33.0052,disk6,7775621904384,12767170,121348921133364
33.0052,disk6w,380928,53,8067940
33.0052,ram,215023616,66729525248,283046
33.0052,cpu,15776305,22555369,541706223
33.0052,gpu,0,0,0
33.2052,disk0,931862873554944,2099619522,12869740902810122
33.2052,disk0w,2189587718144,19769479,1285315868918
33.2052,disk4,4330939049984,8751550,58240637458812
33.2052,disk4w,2195456,171,27582691
33.2052,disk8,4931861587968,4971268,53801237295231
33.2052,disk8w,332242944,43349,2167372691
33.2052,disk6,7776816396288,12769469,121360157836679
33.2052,disk6w,380928,53,8067940
33.2052,ram,215023616,66729525248,283046
33.2052,cpu,15776305,22555369,541706223
33.2052,gpu,0,0,0
33.4052,disk0,931864904290304,2099623381,12869753076807033
33.4052,disk0w,2189587718144,19769479,1285315868918
33.4052,disk4,4331674912768,8753037,58245250162817
33.4052,disk4w,2195456,171,27582691
33.4052,disk8,4932318193664,4971736,53801887165323
33.4052,disk8w,332242944,43349,2167372691
33.4052,disk6,7777969715200,12771328,121371779714839
33.4052,disk6w,380928,53,8067940
33.4052,ram,215023616,66729525248,283046
33.4052,cpu,15776305,22555369,541706223
33.4052,gpu,31,14,0
33.6052,disk0,931867163381760,2099628320,12869761674824255
33.6052,disk0w,2189587718144,19769479,1285315868918
33.6052,disk4,4332455774208,8754636,58250641534545
33.6052,disk4w,2195456,171,27582691
33.6052,disk8,4932953630720,4972387,53802710218326
33.6052,disk8w,332242944,43349,2167372691
33.6052,disk6,7779313907712,12773000,121382584107172
33.6052,disk6w,380928,53,8067940
33.6052,ram,199688192,65654685696,283049
33.6052,cpu,15776342,22555497,541707821
33.6052,gpu,0,0,0
33.8052,disk0,931869637136384,2099632877,12869776497292872
33.8052,disk0w,2189587742720,19769485,1285315985499
33.8052,disk4,4333291882496,8756350,58256113835481
33.8052,disk4w,2195456,171,27582691
33.8052,disk8,4933626685440,4973077,53803680385379
33.8052,disk8w,332242944,43349,2167372691
33.8052,disk6,7780472846336,12774743,121390868556924
33.8052,disk6w,380928,53,8067940
33.8052,ram,199688192,65654685696,283049
33.8052,cpu,15776342,22555497,541707821
33.8052,gpu,63,31,0
34.0052,disk0,931871804002304,2099637261,12869788587637718
34.0052,disk0w,2189587742720,19769485,1285315985499
34.0052,disk4,4334000457728,8757796,58261186790568
34.0052,disk4w,2195456,171,27582691
34.0052,disk8,4934136031232,4973599,53804381155866
34.0052,disk8w,332242944,43349,2167372691
34.0052,disk6,7781765003264,12776708,121401645930443
34.0052,disk6w,380928,53,8067940
34.0052,ram,199688192,65654685696,283049
34.0052,cpu,15776342,22555497,541707821
34.0052,gpu,40,16,0
34.2052,disk0,931873782079488,2099641357,12869796805761792
34.2052,disk0w,2189587742720,19769485,1285315985499
34.2052,disk4,4334522812416,8758808,58263697902658
34.2052,disk4w,2195456,171,27582691
34.2052,disk8,4934598977536,4974073,53805057579631
34.2052,disk8w,332242944,43349,2167372691
34.2052,disk6,7783182727168,12779345,121422814426016
34.2052,disk6w,380928,53,8067940
34.2052,ram,199688192,65654685696,283049
34.2052,cpu,15776342,22555497,541707821
34.2052,gpu,0,0,0
34.4052,disk0,931875804401664,2099645998,12869807838287965
34.4052,disk0w,2189587742720,19769485,1285315985499
34.4052,disk4,4335549335552,8760835,58275298554184
34.4052,disk4w,2195456,171,27582691
34.4052,disk8,4935075686400,4974562,53805573304429
34.4052,disk8w,332242944,43349,2167372691
34.4052,disk6,7784356362240,12781573,121432298399597
34.4052,disk6w,380928,53,8067940
34.4052,ram,199688192,65654685696,283049
34.4052,cpu,15776342,22555497,541707821
34.4052,gpu,0,0,0
34.6014,disk0,931877847244800,2099653433,12869818255341550
34.6014,disk0w,2189587742720,19769485,1285315985499
34.6014,disk4,4336269297664,8762258,58280865575578
34.6014,disk4w,2195456,171,27582691
34.6014,disk8,4935629989888,4975130,53806297539069
34.6014,disk8w,332242944,43349,2167372691
34.6014,disk6,7785631004672,12783772,121445999882853
34.6014,disk6w,380928,53,8067940
34.6014,ram,300318720,64240058368,283049
34.6014,cpu,15776385,22555648,541709495
34.6014,gpu,29,16,0
34.8052,disk0,931879685656576,2099656675,12869825680843129
34.8052,disk0w,2189587742720,19769485,1285315985499
34.8052,disk4,4337172850688,8764070,58289128685117
34.8052,disk4w,2195456,171,27582691
34.8052,disk8,4936126965760,4975639,53807094260615
34.8052,disk8w,332242944,43349,2167372691
34.8052,disk6,7786841556992,12785866,121457570864763
34.8052,disk6w,380928,53,8067940
34.8052,ram,300318720,64240058368,283049
34.8052,cpu,15776385,22555648,541709495
34.8052,gpu,0,0,0
35.0052,disk0,931881726869504,2099666507,12869837592243364
35.0052,disk0w,2189587742720,19769485,1285315985499
35.0052,disk4,4338018781184,8765806,58296130471055
35.0052,disk4w,2195456,171,27582691
35.0052,disk8,4936782456832,4976311,53808043346054
35.0052,disk8w,332242944,43349,2167372691
35.0052,disk6,7788091262976,12787557,121467226007574
35.0052,disk6w,380928,53,8067940
35.0052,ram,300318720,64240058368,283049
35.0052,cpu,15776385,22555648,541709495
35.0052,gpu,43,12,0
35.2018,disk0,931883659284480,2099669703,12869843820223259
35.2018,disk0w,2189587742720,19769485,1285315985499
35.2018,disk4,4338849794048,8767507,58303546640573
35.2018,disk4w,2195456,171,27582691
35.2018,disk8,4937260869632,4976801,53808602861312
35.2018,disk8w,332242944,43349,2167372691
35.2018,disk6,7789388662784,12789208,121478523886731
35.2018,disk6w,380928,53,8067940
35.2018,ram,300318720,64240058368,283049
35.2018,cpu,15776385,22555648,541709495
35.2018,gpu,33,21,0
35.4052,disk0,931885860339712,2099674350,12869854325508613
35.4052,disk0w,2189587742720,19769485,1285315985499
35.4052,disk4,4339660638208,8769169,58309000646112
35.4052,disk4w,2195456,171,27582691
35.4052,disk8,4937950439424,4977508,53809680427205
35.4052,disk8w,332242944,43349,2167372691
35.4052,disk6,7790742820864,12791287,121490657850925
35.4052,disk6w,380928,53,8067940
35.4052,ram,300318720,64240058368,283049
35.4052,cpu,15776385,22555648,541709495
35.4052,gpu,0,0,0
35.6014,disk0,931887761260544,2099678375,12869860862724019
35.6014,disk0w,2189587742720,19769485,1285315985499
35.6014,disk4,4340422232064,8770667,58313210063859
35.6014,disk4w,2195456,171,27582691
35.6014,disk8,4938570803200,4978144,53810526437829
35.6014,disk8w,332242944,43349,2167372691
35.6014,disk6,7792111114240,12793580,121506925114938
35.6014,disk6w,380928,53,8067940
35.6014,ram,351551488,65665695744,283049
35.6014,cpu,15776421,22555769,541711048
35.6014,gpu,0,0,0
35.8006,disk0,931890068979712,2099683655,12869875050203578
35.8006,disk0w,2189587742720,19769485,1285315985499
35.8006,disk4,4341141669888,8772080,58317615567636
35.8006,disk4w,2195456,171,27582691
35.8006,disk8,4939062585344,4978648,53811112470904
35.8006,disk8w,332242944,43349,2167372691
35.8006,disk6,7793397291008,12795995,121520962942609
35.8006,disk6w,380928,53,8067940
35.8006,ram,351551488,65665695744,283049
35.8006,cpu,15776421,22555769,541711048
35.8006,gpu,36,13,0
36.0018,disk0,931892472176640,2099691121,12869892543440927
36.0018,disk0w,2189587742720,19769485,1285315985499
36.0018,disk4,4341931296768,8773640,58324537004640
36.0018,disk4w,2195456,171,27582691
36.0018,disk8,4939659749376,4979260,53811830915032
36.0018,disk8w,332242944,43349,2167372691
36.0018,disk6,7794589652992,12798155,121529979262219
36.0018,disk6w,380928,53,8067940
36.0018,ram,351551488,65665695744,283049
36.0018,cpu,15776421,22555769,541711048
36.0018,gpu,0,0,0
36.2052,disk0,931894143905792,2099694171,12869901403252895
36.2052,disk0w,2189587742720,19769485,1285315985499
36.2052,disk4,4342673524736,8775112,58331472514360
36.2052,disk4w,2195456,171,27582691
36.2052,disk8,4940112455680,4979723,53812455679173
36.2052,disk8w,332242944,43349,2167372691
36.2052,disk6,7795714611200,12800354,121542833535487
36.2052,disk6w,380928,53,8067940
36.2052,ram,351551488,65665695744,283049
36.2052,cpu,15776421,22555769,541711048
36.2052,gpu,57,16,0
36.4052,disk0,931896233496576,2099701541,12869914899479226
36.4052,disk0w,2189587886080,19769496,1285316159870
36.4052,disk4,4343697557504,8777212,58342718118109
36.4052,disk4w,2195456,171,27582691
36.4052,disk8,4940836464640,4980466,53813665825892
36.4052,disk8w,332242944,43349,2167372691
36.4052,disk6,7796870862848,12801914,121549636971051
36.4052,disk6w,380928,53,8067940
36.4052,ram,351551488,65665695744,283049
36.4052,cpu,15776421,22555769,541711048
36.4052,gpu,0,0,0
36.6052,disk0,931898142420992,2099704590,12869920498981028
36.6052,disk0w,2189587886080,19769496,1285316159870
36.6052,disk4,4344650360832,8779166,58353509334172
36.6052,disk4w,2195456,171,27582691
36.6052,disk8,4941301901312,4980943,53814258448405
36.6052,disk8w,332242944,43349,2167372691
36.6052,disk6,7798150486016,12803436,121558267652921
36.6052,disk6w,380928,53,8067940
36.6052,ram,394117120,65654407168,283049
36.6052,cpu,15776454,22555896,541712651
36.6052,gpu,31,12,0
36.8025,disk0,931900246781952,2099708466,12869931071303272
36.8025,disk0w,2189587886080,19769496,1285316159870
36.8025,disk4,4345256511488,8780409,58357706861193
36.8025,disk4w,2195456,171,27582691
36.8025,disk8,4941907847168,4981564,53815039859205
36.8025,disk8w,332242944,43349,2167372691
36.8025,disk6,7799443101696,12805481,121571250235884
36.8025,disk6w,380928,53,8067940
36.8025,ram,394117120,65654407168,283049
36.8025,cpu,15776454,22555896,541712651
36.8025,gpu,32,18,0
37.0012,disk0,931902533414912,2099713307,12869943102471566
37.0012,disk0w,2189587886080,19769496,1285316159870
37.0012,disk4,4346094716928,8782081,58363488824150
37.0012,disk4w,2195456,171,27582691
37.0012,disk8,4942390847488,4982059,53815582385954
37.0012,disk8w,332242944,43349,2167372691
37.0012,disk6,7800762832896,12807628,121584934306809
37.0012,disk6w,380928,53,8067940
37.0012,ram,394117120,65654407168,283049
37.0012,cpu,15776454,22555896,541712651
37.0012,gpu,34,14,0
37.2052,disk0,931904394149888,2099717237,12869949838465132
37.2052,disk0w,2189587886080,19769496,1285316159870
37.2052,disk4,4346684655616,8783234,58365971268318
37.2052,disk4w,2195456,171,27582691
37.2052,disk8,4942952884224,4982635,53816253152805
37.2052,disk8w,332242944,43349,2167372691
37.2052,disk6,7802209753088,12810397,121608291508991
37.2052,disk6w,380928,53,8067940
37.2052,ram,394117120,65654407168,283049
37.2052,cpu,15776454,22555896,541712651
37.2052,gpu,0,0,0
37.4052,disk0,931906499887104,2099722153,12869962511414994
37.4052,disk0w,2189587886080,19769496,1285316159870
37.4052,disk4,4347392690176,8784637,58371116094710
37.4052,disk4w,2195456,171,27582691
37.4052,disk8,4943643109376,4983342,53817094615231
37.4052,disk8w,332242944,43349,2167372691
37.4052,disk6,7803475548160,12812684,121622192734297
37.4052,disk6w,380928,53,8067940
37.4052,ram,394117120,65654407168,283049
37.4052,cpu,15776454,22555896,541712651
37.4052,gpu,37,14,0
37.6052,disk0,931908754350080,2099728679,12869975587405767
37.6052,disk0w,2189587886080,19769496,1285316159870
37.6052,disk4,4348204451840,8786241,58376559886715
37.6052,disk4w,2195456,171,27582691
37.6052,disk8,4944182339584,4983895,53817743696546
37.6052,disk8w,332242944,43349,2167372691
37.6052,disk6,7804813907968,12815317,121637215784053
37.6052,disk6w,380928,53,8067940
37.6052,ram,429260800,64148062208,283049
37.6052,cpu,15776491,22556021,541714359
37.6052,gpu,33,11,0
37.8052,disk0,931910578667520,2099733984,12869986736290779
37.8052,disk0w,2189587886080,19769496,1285316159870
37.8052,disk4,4349077768192,8788022,58387223618664
37.8052,disk4w,2195456,171,27582691
37.8052,disk8,4944740755456,4984467,53819061036426
37.8052,disk8w,332242944,43349,2167372691
37.8052,disk6,7805870004224,12816884,121643521982517
37.8052,disk6w,380928,53,8067940
37.8052,ram,429260800,64148062208,283049
37.8052,cpu,15776491,22556021,541714359
37.8052,gpu,0,0,0
38.0052,disk0,931912631853056,2099737724,12869994068223626
38.0052,disk0w,2189587886080,19769496,1285316159870
38.0052,disk4,4349888989184,8789687,58395042691565
38.0052,disk4w,2195456,171,27582691
38.0052,disk8,4945227294720,4984966,53819715851268
38.0052,disk8w,332242944,43349,2167372691
38.0052,disk6,7807210035200,12818511,121653615675427
38.0052,disk6w,380928,53,8067940
38.0052,ram,429260800,64148062208,283049
38.0052,cpu,15776491,22556021,541714359
38.0052,gpu,40,15,0
38.2052,disk0,931914589569024,2099741326,12870001656179951
38.2052,disk0w,2189587886080,19769496,1285316159870
38.2052,disk4,4350950606848,8791863,58405990673968
38.2052,disk4w,2195456,171,27582691
38.2052,disk8,4945780549632,4985533,53820479691405
38.2052,disk8w,332242944,43349,2167372691
38.2052,disk6,7808430086144,12820375,121662574538016
38.2052,disk6w,380928,53,8067940
38.2052,ram,429260800,64148062208,283049
38.2052,cpu,15776491,22556021,541714359
38.2052,gpu,0,0,0
38.4052,disk0,931916846845952,2099745683,12870010779969884
38.4052,disk0w,2189587886080,19769496,1285316159870
38.4052,disk4,4351713904640,8793426,58412208690443
38.4052,disk4w,2195456,171,27582691
38.4052,disk8,4946423719936,4986192,53821391624304
38.4052,disk8w,332242944,43349,2167372691
38.4052,disk6,7809801754624,12822368,121674001256396
38.4052,disk6w,380928,53,8067940
38.4052,ram,429260800,64148062208,283049
38.4052,cpu,15776491,22556021,541714359
38.4052,gpu,0,0,0
38.6052,disk0,931918498131968,2099749401,12870016695202314
38.6052,disk0w,2189587886080,19769496,1285316159870
38.6052,disk4,4352540198912,8795027,58417735152966
38.6052,disk4w,2195456,171,27582691
38.6052,disk8,4946957314048,4986739,53821968024382
38.6052,disk8w,332242944,43349,2167372691
38.6052,disk6,7811208194048,12824863,121693048659864
38.6052,disk6w,380928,53,8067940
38.6052,ram,440139776,65654390784,283049
38.6052,cpu,15776526,22556140,541716021
38.6052,gpu,43,14,0
38.8052,disk0,931920749236224,2099754625,12870029270039795
38.8052,disk0w,2189587886080,19769496,1285316159870
38.8052,disk4,4353510688768,8796940,58425542768132
38.8052,disk4w,2195456,171,27582691
38.8052,disk8,4947633514496,4987432,53822944097867
38.8052,disk8w,332242944,43349,2167372691
38.8052,disk6,7812406224896,12827097,121704863070861
38.8052,disk6w,380928,53,8067940
38.8052,ram,440139776,65654390784,283049
38.8052,cpu,15776526,22556140,541716021
38.8052,gpu,42,26,0
39.0052,disk0,931922664984576,2099765512,12870045396757505
39.0052,disk0w,2189587886080,19769496,1285316159870
39.0052,disk4,4354319681536,8798533,58431986526686
39.0052,disk4w,2195456,171,27582691
39.0052,disk8,4948186769408,4987999,53823558741691
39.0052,disk8w,332242944,43349,2167372691
39.0052,disk6,7813568374784,12829160,121715937603794
39.0052,disk6w,380928,53,8067940
39.0052,ram,440139776,65654390784,283049
39.0052,cpu,15776526,22556140,541716021
39.0052,gpu,0,0,0
39.2052,disk0,931924395548672,2099768289,12870052276337893
39.2052,disk0w,2189587918848,19769504,1285316336533
39.2052,disk4,4355089418240,8800072,58437957832705
39.2052,disk4w,2195456,171,27582691
39.2052,disk8,4948731193344,4988557,53824701889466
39.2052,disk8w,332242944,43349,2167372691
39.2052,disk6,7814726346752,12831252,121730493507914
39.2052,disk6w,380928,53,8067940
39.2052,ram,440139776,65654390784,283049
39.2052,cpu,15776526,22556140,541716021
39.2052,gpu,0,0,0
39.4030,disk0,931926352117760,2099776849,12870066943126068
39.4030,disk0w,2189587918848,19769504,1285316336533
39.4030,disk4,4355846293504,8801625,58443042424305
39.4030,disk4w,2195456,171,27582691
39.4030,disk8,4949416175616,4989259,53825685472442
39.4030,disk8w,332242944,43349,2167372691
39.4030,disk6,7816018913280,12833036,121740636646843
39.4030,disk6w,380928,53,8067940
39.4030,ram,440139776,65654390784,283049
39.4030,cpu,15776526,22556140,541716021
39.4030,gpu,0,0,0
39.6027,disk0,931928714072064,2099780764,12870078475341554
39.6027,disk0w,2189587980288,19769508,1285316433032
39.6027,disk4,4356702824448,8803381,58448885041556
39.6027,disk4w,2195456,171,27582691
39.6027,disk8,4949934303232,4989790,53826525376389
39.6027,disk8w,332242944,43349,2167372691
39.6027,disk6,7817227364352,12834503,121748452895762
39.6027,disk6w,380928,53,8067940
39.6027,ram,252002304,65958068224,283049
39.6027,cpu,15776580,22556309,541717625
39.6027,gpu,0,0,0
39.8052,disk0,931930540544000,2099784183,12870085222084506
39.8052,disk0w,2189587980288,19769508,1285316433032
39.8052,disk4,4357429995520,8804871,58453259120243
39.8052,disk4w,2195456,171,27582691
39.8052,disk8,4950496339968,4990366,53827395986483
39.8052,disk8w,332242944,43349,2167372691
39.8052,disk6,7818629244928,12836704,121766008275861
39.8052,disk6w,380928,53,8067940
39.8052,ram,252002304,65958068224,283049
39.8052,cpu,15776581,22556312,541717660
39.8052,gpu,0,0,0
40.0052,disk0,931932607696896,2099788329,12870096043238126
40.0052,disk0w,2189587980288,19769508,1285316433032
40.0052,disk4,4358102697984,8806222,58457066574625
40.0052,disk4w,2195456,171,27582691
40.0052,disk8,4951154976768,4991041,53828313857051
40.0052,disk8w,332242944,43349,2167372691
40.0052,disk6,7819978221568,12838926,121779756544270
40.0052,disk6w,380928,53,8067940
40.0052,ram,252002304,65958068224,283049
40.0052,cpu,15776581,22556312,541717660
40.0052,gpu,63,35,0
40.2052,disk0,931934612140032,2099792879,12870106901205680
40.2052,disk0w,2189588029440,19769509,1285316470657
40.2052,disk4,4358732826624,8807445,58462003088362
40.2052,disk4w,2195456,171,27582691
40.2052,disk8,4951750699008,4991651,53829043284056
40.2052,disk8w,332242944,43349,2167372691
40.2052,disk6,7821295187968,12841284,121793710612380
40.2052,disk6w,380928,53,8067940
40.2052,ram,252002304,65958068224,283049
40.2052,cpu,15776581,22556312,541717660
40.2052,gpu,0,0,0
40.4024,disk0,931936598077440,2099797174,12870115901633168
40.4024,disk0w,2189588029440,19769509,1285316470657
40.4024,disk4,4359557548032,8809072,58469935690192
40.4024,disk4w,2195456,171,27582691
40.4024,disk8,4952366868480,4992283,53829853637959
40.4024,disk8w,332242944,43349,2167372691
40.4024,disk6,7822609577984,12843646,121806197617407
40.4024,disk6w,380928,53,8067940
40.4024,ram,252002304,65958068224,283049
40.4024,cpu,15776581,22556312,541717660
40.4024,gpu,40,14,0
40.6052,disk0,931938634489856,2099803200,12870126923060316
40.6052,disk0w,2189588029440,19769509,1285316470657
40.6052,disk4,4360266778624,8810474,58474256815714
40.6052,disk4w,2195456,171,27582691
40.6052,disk8,4952981596160,4992913,53830815079336
40.6052,disk8w,332242944,43349,2167372691
40.6052,disk6,7823921788928,12846081,121821977046932
40.6052,disk6w,380928,53,8067940
40.6052,ram,284852224,64423051264,283049
40.6052,cpu,15776614,22556431,541719219
40.6052,gpu,0,0,0
40.8026,disk0,931940185878528,2099806211,12870136657411483
40.8026,disk0w,2189588029440,19769509,1285316470657
40.8026,disk4,4361011234816,8811974,58481687781097
40.8026,disk4w,2195456,171,27582691
40.8026,disk8,4953394292736,4993336,53831524834940
40.8026,disk8w,332242944,43349,2167372691
40.8026,disk6,7825081399296,12847963,121832869613735
40.8026,disk6w,380928,53,8067940
40.8026,ram,285016064,64423051264,283049
40.8026,cpu,15776614,22556431,541719219
40.8026,gpu,0,0,0
41.0052,disk0,931942419869696,2099811341,12870146832316073
41.0052,disk0w,2189589000192,19769700,1285320339763
41.0052,disk4,4361772713984,8813536,58487074779875
41.0052,disk4w,2195456,171,27582691
41.0052,disk8,4954004432896,4993961,53832358051817
41.0052,disk8w,332242944,43349,2167372691
41.0052,disk6,7826435422208,12849767,121844394540703
41.0052,disk6w,380928,53,8067940
41.0052,ram,285016064,64423051264,283049
41.0052,cpu,15776614,22556431,541719219
41.0052,gpu,42,16,0
41.2052,disk0,931944681570304,2099815069,12870157257157698
41.2052,disk0w,2189589000192,19769700,1285320339763
41.2052,disk4,4362679404544,8815394,58495669323098
41.2052,disk4w,2195456,171,27582691
41.2052,disk8,4954474457088,4994443,53832941328940
41.2052,disk8w,332242944,43349,2167372691
41.2052,disk6,7827594524672,12851473,121852198122550
41.2052,disk6w,380928,53,8067940
41.2052,ram,285016064,64423051264,283049
41.2052,cpu,15776614,22556431,541719219
41.2052,gpu,38,20,0
41.4052,disk0,931946986029056,2099819830,12870170647965813
41.4052,disk0w,2189589000192,19769700,1285320339763
41.4052,disk4,4363371472896,8816812,58500669270603
41.4052,disk4w,2195456,171,27582691
41.4052,disk8,4955058251776,4995041,53833642670856
41.4052,disk8w,332242944,43349,2167372691
41.4052,disk6,7828878587904,12853417,121862510678350
41.4052,disk6w,380928,53,8067940
41.4052,ram,285016064,64423051264,283049
41.4052,cpu,15776614,22556431,541719219
41.4052,gpu,0,0,0
41.6052,disk0,931949229559808,2099824485,12870182212564125
41.6052,disk0w,2189589000192,19769700,1285320339763
41.6052,disk4,4364143691776,8818328,58506012619392
41.6052,disk4w,2195456,171,27582691
41.6052,disk8,4955589748736,4995586,53834306281219
41.6052,disk8w,332242944,43349,2167372691
41.6052,disk6,7830218766336,12855691,121875628117370
41.6052,disk6w,380928,53,8067940
41.6052,ram,355123200,65672577024,283049
41.6052,cpu,15776645,22556552,541720884
41.6052,gpu,0,0,0
41.8034,disk0,931951495024640,2099829525,12870193424139405
41.8034,disk0w,2189589270528,19769749,1285321289748
41.8034,disk4,4365028788224,8820065,58512323908567
41.8034,disk4w,2195456,171,27582691
41.8034,disk8,4956186912768,4996198,53835086681812
41.8034,disk8w,332242944,43349,2167372691
41.8034,disk6,7831534319616,12858149,121888200237996
41.8034,disk6w,380928,53,8067940
41.8034,ram,356515840,65672577024,283049
41.8034,cpu,15776645,22556552,541720887
41.8034,gpu,41,17,0
42.0048,disk0,931953257152512,2099844062,12870211113450938
42.0048,disk0w,2189589270528,19769749,1285321289748
42.0048,disk4,4365804406784,8821593,58518086600808
42.0048,disk4w,2195456,171,27582691
42.0048,disk8,4956634785792,4996657,53835659817488
42.0048,disk8w,332242944,43349,2167372691
42.0048,disk6,7832708855808,12860260,121900698552722
42.0048,disk6w,380928,53,8067940
42.0048,ram,356515840,65672577024,283049
42.0048,cpu,15776645,22556552,541720887
42.0048,gpu,32,19,0
42.2052,disk0,931955248480256,2099847667,12870221833470361
42.2052,disk0w,2189589270528,19769749,1285321289748
42.2052,disk4,4366629128192,8823229,58525284319302
42.2052,disk4w,2195456,171,27582691
42.2052,disk8,4957214386176,4997251,53836372904251
42.2052,disk8w,332242944,43349,2167372691
42.2052,disk6,7833805305856,12862459,121910600280776
42.2052,disk6w,380928,53,8067940
42.2052,ram,356515840,65672577024,283049
42.2052,cpu,15776645,22556552,541720887
42.2052,gpu,30,12,0
42.4037,disk0,931957160845312,2099857449,12870235615483947
42.4037,disk0w,2189589270528,19769749,1285321289748
42.4037,disk4,4367460141056,8824931,58532192793367
42.4037,disk4w,2195456,171,27582691
42.4037,disk8,4957828655104,4997880,53837602584622
42.4037,disk8w,332242944,43349,2167372691
42.4037,disk6,7834981906432,12864218,121921385465782
42.4037,disk6w,380928,53,8067940
42.4037,ram,356515840,65672577024,283049
42.4037,cpu,15776645,22556552,541720887
42.4037,gpu,44,22,0
42.6007,disk0,931959360352256,2099861309,12870246599872054
42.6007,disk0w,2189589270528,19769749,1285321289748
42.6007,disk4,4368305948672,8826664,58540203288746
42.6007,disk4w,2195456,171,27582691
42.6007,disk8,4958383351808,4998449,53838345073558
42.6007,disk8w,332242944,43349,2167372691
42.6007,disk6,7836227467264,12865723,121928544788193
42.6007,disk6w,380928,53,8067940
42.6007,ram,356515840,65672577024,283049
42.6007,cpu,15776645,22556552,541720887
42.6007,gpu,0,0,0
42.8052,disk0,931961292795904,2099865047,12870253738486652
42.8052,disk0w,2189589270528,19769749,1285321289748
42.8052,disk4,4369118734336,8828329,58546401428944
42.8052,disk4w,2195456,171,27582691
42.8052,disk8,4958926776320,4999006,53838995379376
42.8052,disk8w,332242944,43349,2167372691
42.8052,disk6,7837648910336,12867830,121943745854653
42.8052,disk6w,380928,53,8067940
42.8052,ram,391397376,65587347456,283049
42.8052,cpu,15776682,22556690,541722528
42.8052,gpu,0,0,0
43.0019,disk0,931963251200000,2099868975,12870262685779986
43.0019,disk0w,2189589270528,19769749,1285321289748
43.0019,disk4,4369770088448,8829651,58550980710384
43.0019,disk4w,2195456,171,27582691
43.0019,disk8,4959462467584,4999555,53839667479351
43.0019,disk8w,332242944,43349,2167372691
43.0019,disk6,7838974162944,12869846,121957825198027
43.0019,disk6w,380928,53,8067940
43.0019,ram,391397376,65587347456,283049
43.0019,cpu,15776682,22556690,541722528
43.0019,gpu,0,0,0
43.2052,disk0,931965424037888,2099873855,12870274230911212
43.2052,disk0w,2189589270528,19769749,1285321289748
43.2052,disk4,4370418960384,8830911,58554510861476
43.2052,disk4w,2195456,171,27582691
43.2052,disk8,4960010086400,5000116,53840347522412
43.2052,disk8w,332242944,43349,2167372691
43.2052,disk6,7840370477056,12872362,121975557765866
43.2052,disk6w,380928,53,8067940
43.2052,ram,391397376,65587347456,283049
43.2052,cpu,15776682,22556690,541722528
43.2052,gpu,0,0,0
43.4014,disk0,931967443877888,2099878404,12870284649979432
43.4014,disk0w,2189589270528,19769749,1285321289748
43.4014,disk4,4371252840448,8832568,58561191120744
43.4014,disk4w,2195456,171,27582691
43.4014,disk8,4960516286464,5000635,53840976474904
43.4014,disk8w,332242944,43349,2167372691
43.4014,disk6,7841641359360,12874558,121988052032157
43.4014,disk6w,380928,53,8067940
43.4014,ram,391397376,65587347456,283049
43.4014,cpu,15776682,22556690,541722528
43.4014,gpu,0,0,0
43.6040,disk0,931969477890048,2099884638,12870295934314531
43.6040,disk0w,2189589286912,19769751,1285321320622
43.6040,disk4,4371954731008,8833956,58567682348036
43.6040,disk4w,2195456,171,27582691
43.6040,disk8,4961025632256,5001157,53841696153480
43.6040,disk8w,332242944,43349,2167372691
43.6040,disk6,7842791041024,12876557,121999406760359
43.6040,disk6w,380928,53,8067940
43.6040,ram,391397376,65587347456,283049
43.6040,cpu,15776682,22556690,541722528
43.6040,gpu,35,13,0
43.8052,disk0,931971094048768,2099887814,12870303161322102
43.8052,disk0w,2189593153536,19769938,1285324868852
43.8052,disk4,4372746455040,8835559,58579228485536
43.8052,disk4w,2195456,171,27582691
43.8052,disk8,4961413015552,5001554,53842795366717
43.8052,disk8w,333402112,43536,2173516086
43.8052,disk6,7843863341056,12878320,122008303719728
43.8052,disk6w,380928,53,8067940
43.8052,ram,482000896,65272184832,283049
43.8052,cpu,15776732,22556838,541724251
43.8052,gpu,0,0,0
44.0052,disk0,931973081464832,2099892623,12870312985696498
44.0052,disk0w,2189593153536,19769938,1285324868852
44.0052,disk4,4373498890240,8837102,58584577669197
44.0052,disk4w,2195456,171,27582691
44.0052,disk8,4962012276736,5002168,53843585972725
44.0052,disk8w,333402112,43536,2173516086
44.0052,disk6,7845211088896,12880163,122020061823769
44.0052,disk6w,380928,53,8067940
44.0052,ram,482000896,65272184832,283049
44.0052,cpu,15776732,22556838,541724251
44.0052,gpu,0,0,0
44.2052,disk0,931975261458432,2099896167,12870322660009604
44.2052,disk0w,2189593153536,19769938,1285324868852
44.2052,disk4,4374165686272,8838469,58588780515342
44.2052,disk4w,2195456,171,27582691
44.2052,disk8,4962571167744,5002741,53844311979362
44.2052,disk8w,333402112,43536,2173516086
44.2052,disk6,7846516058112,12881908,122031571290113
44.2052,disk6w,380928,53,8067940
44.2052,ram,482000896,65272184832,283049
44.2052,cpu,15776732,22556838,541724251
44.2052,gpu,0,0,0
44.4052,disk0,931977428856832,2099900557,12870335809742053
44.4052,disk0w,2189593153536,19769938,1285324868852
44.4052,disk4,4374806169600,8839782,58593572961498
44.4052,disk4w,2195456,171,27582691
44.4052,disk8,4963074877440,5003257,53844861950196
44.4052,disk8w,333402112,43536,2173516086
44.4052,disk6,7847711827968,12883692,122043415562104
44.4052,disk6w,380928,53,8067940
44.4052,ram,482000896,65272184832,283049
44.4052,cpu,15776732,22556838,541724251
44.4052,gpu,50,29,0
44.6011,disk0,931979508064256,2099904996,12870345844534336
44.6011,disk0w,2189593153536,19769938,1285324868852
44.6011,disk4,4375453992960,8841062,58597223192425
44.6011,disk4w,2195456,171,27582691
44.6011,disk8,4963642550272,5003839,53845773709753
44.6011,disk8w,333402112,43536,2173516086
44.6011,disk6,7849048713216,12885799,122055959831117
44.6011,disk6w,380928,53,8067940
44.6011,ram,482000896,65272184832,283049
44.6011,cpu,15776732,22556838,541724251
44.6011,gpu,34,11,0
44.8021,disk0,931981401829376,2099909045,12870352659894024
44.8021,disk0w,2189593153536,19769938,1285324868852
44.8021,disk4,4376098654208,8842322,58600866360079
44.8021,disk4w,2195456,171,27582691
44.8021,disk8,4964283623424,5004496,53846627037624
44.8021,disk8w,333402112,43536,2173516086
44.8021,disk6,7850452396032,12888257,122074647411262
44.8021,disk6w,380928,53,8067940
44.8021,ram,492240896,65629011968,283049
44.8021,cpu,15776796,22556974,541725758
44.8021,gpu,0,0,0
45.0005,disk0,931983507259392,2099914553,12870365407974542
45.0005,disk0w,2189593153536,19769938,1285324868852
45.0005,disk4,4376815470592,8843738,58605324668852
45.0005,disk4w,2195456,171,27582691
45.0005,disk8,4964836878336,5005063,53847235978286
45.0005,disk8w,333402112,43536,2173516086
45.0005,disk6,7851764852736,12890690,122090106551630
45.0005,disk6w,380928,53,8067940
45.0005,ram,492240896,65629011968,283049
45.0005,cpu,15776796,22556974,541725758
45.0005,gpu,0,0,0
45.2052,disk0,931985867022336,2099920997,12870379275378040
45.2052,disk0w,2189593153536,19769938,1285324868852
45.2052,disk4,4377666373632,8845425,58611775554958
45.2052,disk4w,2195456,171,27582691
45.2052,disk8,4965530642432,5005774,53848141480671
45.2052,disk8w,333402112,43536,2173516086
45.2052,disk6,7853051176960,12893168,122101463587842
45.2052,disk6w,380928,53,8067940
45.2052,ram,492240896,65629011968,283049
45.2052,cpu,15776796,22556974,541725758
45.2052,gpu,37,13,0
45.4052,disk0,931987808641024,2099927907,12870390915002379
45.4052,disk0w,2189593153536,19769938,1285324868852
45.4052,disk4,4378561284096,8847259,58621087968435
45.4052,disk4w,2195456,171,27582691
45.4052,disk8,4966183561216,5006443,53849747645944
45.4052,disk8w,333402112,43536,2173516086
45.4052,disk6,7854199973888,12894909,122108527568006
45.4052,disk6w,380928,53,8067940
45.4052,ram,492240896,65629011968,283049
45.4052,cpu,15776796,22556974,541725758
45.4052,gpu,40,13,0
45.6052,disk0,931990169624576,2099931980,12870401641259797
45.6052,disk0w,2189593153536,19769938,1285324868852
45.6052,disk4,4379401078784,8848980,58629764578804
45.6052,disk4w,2195456,171,27582691
45.6052,disk8,4966795143168,5007070,53850438306610
45.6052,disk8w,333402112,43536,2173516086
45.6052,disk6,7855449843712,12896380,122115081485603
45.6052,disk6w,380928,53,8067940
45.6052,ram,492240896,65629011968,283049
45.6052,cpu,15776796,22556974,541725758
45.6052,gpu,0,0,0
45.8052,disk0,931992375746560,2099935983,12870412254717180
45.8052,disk0w,2189593153536,19769938,1285324868852
45.8052,disk4,4380131772416,8850479,58633983050465
45.8052,disk4w,2195456,171,27582691
45.8052,disk8,4967471343616,5007763,53851338926923
45.8052,disk8w,333402112,43536,2173516086
45.8052,disk6,7856794347520,12898549,122128081945378
45.8052,disk6w,380928,53,8067940
45.8052,ram,513638400,65674510336,283049
45.8052,cpu,15776837,22557122,541727489
45.8052,gpu,28,13,0
46.0052,disk0,931994368286720,2099939985,12870421238383085
46.0052,disk0w,2189593153536,19769938,1285324868852
46.0052,disk4,4380681881600,8851586,58636827809038
46.0052,disk4w,2195456,171,27582691
46.0052,disk8,4968013326336,5008318,53851983355071
46.0052,disk8w,333402112,43536,2173516086
46.0052,disk6,7858186397696,12900770,122145844616318
46.0052,disk6w,380928,53,8067940
46.0052,ram,513638400,65674510336,283049
46.0052,cpu,15776837,22557122,541727489
46.0052,gpu,34,19,0
46.2052,disk0,931996240474112,2099944093,12870428862689275
46.2052,disk0w,2189593153536,19769938,1285324868852
46.2052,disk4,4381525346304,8853225,58643262994319
46.2052,disk4w,2195456,171,27582691
46.2052,disk8,4968639326208,5008960,53852858082974
46.2052,disk8w,333402112,43536,2173516086
46.2052,disk6,7859550119936,12903200,122162763121884
46.2052,disk6w,380928,53,8067940
46.2052,ram,513638400,65674510336,283049
46.2052,cpu,15776837,22557122,541727489
46.2052,gpu,30,14,0
46.4052,disk0,931998350241792,2099948466,12870440689874249
46.4052,disk0w,2189593153536,19769938,1285324868852
46.4052,disk4,4382279878656,8854719,58648858368071
46.4052,disk4w,2195456,171,27582691
46.4052,disk8,4969254053888,5009590,53853854181885
46.4052,disk8w,333402112,43536,2173516086
46.4052,disk6,7860874127360,12905621,122176312846272
46.4052,disk6w,380928,53,8067940
46.4052,ram,513638400,65674510336,283049
46.4052,cpu,15776837,22557122,541727489
46.4052,gpu,0,0,0
46.6035,disk0,932000271388672,2099955328,12870451619886651
46.6035,disk0w,2189593153536,19769938,1285324868852
46.6035,disk4,4382956881920,8856057,58653232941746
46.6035,disk4w,2195456,171,27582691
46.6035,disk8,4969755666432,5010104,53854471387083
46.6035,disk8w,333402112,43536,2173516086
46.6035,disk6,7862208735232,12908050,122193074049596
46.6035,disk6w,380928,53,8067940
46.6035,ram,513638400,65674510336,283049
46.6035,cpu,15776837,22557122,541727489
46.6035,gpu,29,14,0
46.8052,disk0,932001990340608,2099958591,12870460012656537
46.8052,disk0w,2189593153536,19769938,1285324868852
46.8052,disk4,4383732500480,8857618,58660564010566
46.8052,disk4w,2195456,171,27582691
46.8052,disk8,4970252593152,5010613,53856302219125
46.8052,disk8w,333402112,43536,2173516086
46.8052,disk6,7863219271680,12909656,122202192875098
46.8052,disk6w,380928,53,8067940
46.8052,ram,516014080,65620180992,283049
46.8052,cpu,15776875,22557248,541729146
46.8052,gpu,0,0,0
47.0052,disk0,932004148973568,2099965532,12870472642856006
47.0052,disk0w,2189593153536,19769938,1285324868852
47.0052,disk4,4384518588416,8859229,58664791696699
47.0052,disk4w,2195456,171,27582691
47.0052,disk8,4970922502144,5011300,53857292548196
47.0052,disk8w,333402112,43536,2173516086
47.0052,disk6,7864535857152,12911404,122212363667879
47.0052,disk6w,380928,53,8067940
47.0052,ram,516014080,65620180992,283049
47.0052,cpu,15776875,22557248,541729146
47.0052,gpu,48,19,0
47.2052,disk0,932006289514496,2099969111,12870483027360020
47.2052,disk0w,2189593153536,19769938,1285324868852
47.2052,disk4,4385239468032,8860706,58669953049049
47.2052,disk4w,2195456,171,27582691
47.2052,disk8,4971423066112,5011813,53857962775863
47.2052,disk8w,333402112,43536,2173516086
47.2052,disk6,7865762674688,12913138,122223809686230
47.2052,disk6w,380928,53,8067940
47.2052,ram,516014080,65620180992,283049
47.2052,cpu,15776875,22557248,541729146
47.2052,gpu,0,0,0
47.4051,disk0,932008495439872,2099973611,12870497270121653
47.4051,disk0w,2189593153536,19769938,1285324868852
47.4051,disk4,4386147485696,8862566,58679018771464
47.4051,disk4w,2195456,171,27582691
47.4051,disk8,4971976321024,5012380,53858674257000
47.4051,disk8w,333402112,43536,2173516086
47.4051,disk6,7866885519360,12914792,122231398672519
47.4051,disk6w,380928,53,8067940
47.4051,ram,516014080,65620180992,283049
47.4051,cpu,15776875,22557248,541729146
47.4051,gpu,0,0,0
47.6052,disk0,932010352222208,2099977572,12870504547227035
47.6052,disk0w,2189593153536,19769938,1285324868852
47.6052,disk4,4386933049344,8864112,58683376705989
47.6052,disk4w,2195456,171,27582691
47.6052,disk8,4972595243008,5013014,53859439858710
47.6052,disk8w,333402112,43536,2173516086
47.6052,disk6,7868263766016,12917152,122248929451989
47.6052,disk6w,380928,53,8067940
47.6052,ram,516014080,65620180992,283049
47.6052,cpu,15776875,22557248,541729146
47.6052,gpu,27,11,0
47.8052,disk0,932012180971520,2099981787,12870512848142761
47.8052,disk0w,2189593178112,19769944,1285325019517
47.8052,disk4,4387659548672,8865539,58688513151450
47.8052,disk4w,2195456,171,27582691
47.8052,disk8,4973091612672,5013523,53860021358543
47.8052,disk8w,333402112,43536,2173516086
47.8052,disk6,7869628086272,12919680,122266312212618
47.8052,disk6w,380928,53,8067940
47.8052,ram,525336576,65672265728,283049
47.8052,cpu,15776908,22557347,541730724
47.8052,gpu,0,0,0
48.0003,disk0,932014064492544,2099989575,12870523617051391
48.0003,disk0w,2189593178112,19769944,1285325019517
48.0003,disk4,4388550789120,8867300,58696349738236
48.0003,disk4w,2195456,171,27582691
48.0003,disk8,4973609740288,5014054,53860583027777
48.0003,disk8w,333402112,43536,2173516086
48.0003,disk6,7870918719488,12921959,122279433365473
48.0003,disk6w,380928,53,8067940
48.0003,ram,525336576,65672265728,283049
48.0003,cpu,15776908,22557347,541730724
48.0003,gpu,0,0,0
48.2052,disk0,932016105701376,2099996644,12870534294277459
48.2052,disk0w,2189593178112,19769944,1285325019517
48.2052,disk4,4389308991488,8868803,58702662894250
48.2052,disk4w,2195456,171,27582691
48.2052,disk8,4974233249792,5014693,53861405038518
48.2052,disk8w,333402112,43536,2173516086
48.2052,disk6,7872241170432,12924397,122293233980651
48.2052,disk6w,380928,53,8067940
48.2052,ram,525336576,65672265728,283049
48.2052,cpu,15776908,22557347,541730724
48.2052,gpu,0,0,0
48.4052,disk0,932017940525056,2100000940,12870545377754341
48.4052,disk0w,2189593178112,19769944,1285325019517
48.4052,disk4,4389971740672,8870159,58706798488170
48.4052,disk4w,2195456,171,27582691
48.4052,disk8,4974805035008,5015279,53862868048695
48.4052,disk8w,333402112,43536,2173516086
48.4052,disk6,7873369225216,12925979,122303175074327
48.4052,disk6w,380928,53,8067940
48.4052,ram,525336576,65672265728,283049
48.4052,cpu,15776908,22557347,541730724
48.4052,gpu,0,0,0
48.6052,disk0,932020270247936,2100004946,12870555734971468
48.6052,disk0w,2189593178112,19769944,1285325019517
48.6052,disk4,4390803892224,8871866,58712112873631
48.6052,disk4w,2195456,171,27582691
48.6052,disk8,4975372314624,5015860,53863555711255
48.6052,disk8w,333402112,43536,2173516086
48.6052,disk6,7874692741120,12927499,122312580801153
48.6052,disk6w,380928,53,8067940
48.6052,ram,525336576,65672265728,283049
48.6052,cpu,15776908,22557347,541730724
48.6052,gpu,0,0,0
48.8052,disk0,932022281646080,2100008713,12870564925406956
48.8052,disk0w,2189593178112,19769944,1285325019517
48.8052,disk4,4391536306176,8873366,58718359873754
48.8052,disk4w,2195456,171,27582691
48.8052,disk8,4975908005888,5016409,53864308856279
48.8052,disk8w,333402112,43536,2173516086
48.8052,disk6,7876042782720,12929443,122325071763207
48.8052,disk6w,380928,53,8067940
48.8052,ram,538820608,65624883200,283049
48.8052,cpu,15776944,22557478,541732430
48.8052,gpu,31,13,0
49.0016,disk0,932024351977472,2100012681,12870573218238863
49.0016,disk0w,2189593178112,19769944,1285325019517
49.0016,disk4,4392256931840,8874837,58723941785144
49.0016,disk4w,2195456,171,27582691
49.0016,disk8,4976534005760,5017051,53865135156986
49.0016,disk8w,333402112,43536,2173516086
49.0016,disk6,7877357713408,12931458,122337003326578
49.0016,disk6w,380928,53,8067940
49.0016,ram,538820608,65624883200,283049
49.0016,cpu,15776944,22557478,541732430
49.0016,gpu,0,0,0
49.2052,disk0,932026422018048,2100017044,12870582963374931
49.2052,disk0w,2189593178112,19769944,1285325019517
49.2052,disk4,4392976369664,8876231,58727862841001
49.2052,disk4w,2195456,171,27582691
49.2052,disk8,4977122387968,5017654,53865787390246
49.2052,disk8w,333402112,43536,2173516086
49.2052,disk6,7878724679680,12934011,122355010386056
49.2052,disk6w,380928,53,8067940
49.2052,ram,538820608,65624883200,283049
49.2052,cpu,15776944,22557478,541732430
49.2052,gpu,0,0,0
49.4027,disk0,932028417646592,2100021683,12870591225007139
49.4027,disk0w,2189593178112,19769944,1285325019517
49.4027,disk4,4393814034432,8877882,58733318618726
49.4027,disk4w,2195456,171,27582691
49.4027,disk8,4977579042816,5018122,53866364316039
49.4027,disk8w,333402112,43536,2173516086
49.4027,disk6,7880104032256,12936484,122371966584553
49.4027,disk6w,380928,53,8067940
49.4027,ram,538820608,65624883200,283049
49.4027,cpu,15776944,22557478,541732430
49.4027,gpu,0,0,0
49.6052,disk0,932030533017600,2100029266,12870605320067226
49.6052,disk0w,2189593178112,19769944,1285325019517
49.6052,disk4,4394520528896,8879279,58738786954127
49.6052,disk4w,2195456,171,27582691
49.6052,disk8,4978237679616,5018797,53867227249903
49.6052,disk8w,333402112,43536,2173516086
49.6052,disk6,7881364703232,12938647,122383652851170
49.6052,disk6w,380928,53,8067940
49.6052,ram,538820608,65624883200,283049
49.6052,cpu,15776944,22557478,541732430
49.6052,gpu,37,19,0
49.8048,disk0,932032106799104,2100032060,12870610084868708
49.8048,disk0w,2189593178112,19769944,1285325019517
49.8048,disk4,4395397892096,8881020,58748461651681
49.8048,disk4w,2195456,171,27582691
49.8048,disk8,4978685552640,5019256,53867761525621
49.8048,disk8w,333402112,43536,2173516086
49.8048,disk6,7882560194560,12941016,122398351482237
49.8048,disk6w,380928,53,8067940
49.8048,ram,540475392,64631799808,283049
49.8048,cpu,15776986,22557627,541734003
49.8048,gpu,0,0,0
50.0052,disk0,932033980796928,2100036697,12870620160405692
50.0052,disk0w,2189593178112,19769944,1285325019517
50.0052,disk4,4396240160768,8882746,58755541469906
50.0052,disk4w,2195456,171,27582691
50.0052,disk8,4979221178368,5019805,53868889017270
50.0052,disk8w,333402112,43536,2173516086
50.0052,disk6,7883777427456,12942797,122408144103013
50.0052,disk6w,380928,53,8067940
50.0052,ram,540475392,64631799808,283049
50.0052,cpu,15776986,22557627,541734003
50.0052,gpu,48,16,0
50.2052,disk0,932036414218240,2100040784,12870632083385885
50.2052,disk0w,2189593178112,19769944,1285325019517
50.2052,disk4,4396828526592,8883953,58758820882996
50.2052,disk4w,2195456,171,27582691
50.2052,disk8,4979756869632,5020354,53870156453040
50.2052,disk8w,333402112,43536,2173516086
50.2052,disk6,7885064439808,12944362,122417775373540
50.2052,disk6w,380928,53,8067940
50.2052,ram,540475392,64631799808,283049
50.2052,cpu,15776986,22557627,541734003
50.2052,gpu,0,0,0
50.4052,disk0,932038624915456,2100044944,12870644141304300
50.4052,disk0w,2189593178112,19769944,1285325019517
50.4052,disk4,4397460989952,8885250,58762920041808
50.4052,disk4w,2195456,171,27582691
50.4052,disk8,4980312221696,5020923,53870882082474
50.4052,disk8w,333402112,43536,2173516086
50.4052,disk6,7886392969216,12946304,122429911158895
50.4052,disk6w,380928,53,8067940
50.4052,ram,540475392,64631799808,283049
50.4052,cpu,15776986,22557627,541734003
50.4052,gpu,0,0,0
50.6052,disk0,932040656773120,2100049038,12870653243992520
50.6052,disk0w,2189593178112,19769944,1285325019517
50.6052,disk4,4398077528064,8886510,58767493493764
50.6052,disk4w,2195456,171,27582691
50.6052,disk8,4980907288576,5021533,53871588332390
50.6052,disk8w,333402112,43536,2173516086
50.6052,disk6,7887761065984,12948386,122445047770455
50.6052,disk6w,380928,53,8067940
50.6052,ram,540475392,64631799808,283049
50.6052,cpu,15776986,22557627,541734003
50.6052,gpu,44,19,0
50.8052,disk0,932042827001856,2100053569,12870665420437230
50.8052,disk0w,2189593178112,19769944,1285325019517
50.8052,disk4,4398680803328,8887679,58770058803159
50.8052,disk4w,2195456,171,27582691
50.8052,disk8,4981486888960,5022127,53872267431232
50.8052,disk8w,333402112,43536,2173516086
50.8052,disk6,7889087727616,12950996,122461747274491
50.8052,disk6w,380928,53,8067940
50.8052,ram,572882944,65631780864,283049
50.8052,cpu,15777022,22557744,541735695
50.8052,gpu,0,0,0
51.0038,disk0,932044922781696,2100057931,12870675445759710
51.0038,disk0w,2189593178112,19769944,1285325019517
51.0038,disk4,4399402862592,8889101,58774877047766
51.0038,disk4w,2195456,171,27582691
51.0038,disk8,4982101616640,5022757,53873114982854
51.0038,disk8w,333402112,43536,2173516086
51.0038,disk6,7890428561408,12953480,122478384626048
51.0038,disk6w,380928,53,8067940
51.0038,ram,573194240,65665351680,283049
51.0038,cpu,15777022,22557744,541735695
51.0038,gpu,39,25,0
51.2038,disk0,932047090573312,2100065095,12870688192827372
51.2038,disk0w,2189593178112,19769944,1285325019517
51.2038,disk4,4400237938688,8890743,58781669196177
51.2038,disk4w,2195456,171,27582691
51.2038,disk8,4982597593088,5023265,53873659816314
51.2038,disk8w,333402112,43536,2173516086
51.2038,disk6,7891718359040,12955629,122490073500873
51.2038,disk6w,380928,53,8067940
51.2038,ram,573194240,65665351680,283049
51.2038,cpu,15777022,22557744,541735695
51.2038,gpu,47,24,0
51.4039,disk0,932048763056128,2100068045,12870696269701191
51.4039,disk0w,2189593178112,19769944,1285325019517
51.4039,disk4,4400872630272,8892005,58786035391129
51.4039,disk4w,2195456,171,27582691
51.4039,disk8,4983100172288,5023780,53874901938987
51.4039,disk8w,333402112,43536,2173516086
51.4039,disk6,7892899858432,12957858,122506209825123
51.4039,disk6w,380928,53,8067940
51.4039,ram,573194240,65665351680,283049
51.4039,cpu,15777022,22557744,541735695
51.4039,gpu,0,0,0
51.6052,disk0,932050876723200,2100073131,12870706935162649
51.6052,disk0w,2189593178112,19769944,1285325019517
51.6052,disk4,4401609623552,8893517,58790158173869
51.6052,disk4w,2195456,171,27582691
51.6052,disk8,4983879657472,5024579,53876270382308
51.6052,disk8w,333402112,43536,2173516086
51.6052,disk6,7894226765824,12959867,122519128374278
51.6052,disk6w,380928,53,8067940
51.6052,ram,573194240,65665351680,283049
51.6052,cpu,15777022,22557744,541735695
51.6052,gpu,0,0,0
51.8052,disk0,932053047144448,2100076566,12870715074568589
51.8052,disk0w,2189593178112,19769944,1285325019517
51.8052,disk4,4402302748672,8894936,58793925700817
51.8052,disk4w,2195456,171,27582691
51.8052,disk8,4984340899840,5025052,53876856180972
51.8052,disk8w,333402112,43536,2173516086
51.8052,disk6,7895609264128,12961547,122531521259474
51.8052,disk6w,380928,53,8067940
51.8052,ram,574816256,65697955840,283049
51.8052,cpu,15777064,22557872,541737311
51.8052,gpu,32,17,0
52.0011,disk0,932054941118464,2100080245,12870723039372818
52.0011,disk0w,2189593178112,19769944,1285325019517
52.0011,disk4,4403070109696,8896507,58798616759577
52.0011,disk4w,2195456,171,27582691
52.0011,disk8,4984929282048,5025655,53877591441730
52.0011,disk8w,333402112,43536,2173516086
52.0011,disk6,7896933779456,12963572,122545539215255
52.0011,disk6w,380928,53,8067940
52.0011,ram,575258624,65697955840,283049
52.0011,cpu,15777067,22557872,541737362
52.0011,gpu,0,0,0
52.2053,disk0,932057066860544,2100084670,12870732131965288
52.2053,disk0w,2189593178112,19769944,1285325019517
52.2053,disk4,4403864455168,8898106,58805123043909
52.2053,disk4w,2195456,171,27582691
52.2053,disk8,4985464973312,5026204,53878220012291
52.2053,disk8w,333402112,43536,2173516086
52.2053,disk6,7898314672128,12965677,122559290965885
52.2053,disk6w,380928,53,8067940
52.2053,ram,575258624,65697955840,283049
52.2053,cpu,15777067,22557872,541737362
52.2053,gpu,0,0,0
52.4053,disk0,932059133022208,2100089316,12870743331272444
52.4053,disk0w,2189593178112,19769944,1285325019517
52.4053,disk4,4404444563456,8899238,58807538673166
52.4053,disk4w,2195456,171,27582691
52.4053,disk8,4985983100928,5026735,53878871406162
52.4053,disk8w,333402112,43536,2173516086
52.4053,disk6,7899657480192,12968030,122576532017572
52.4053,disk6w,380928,53,8067940
52.4053,ram,575258624,65697955840,283049
52.4053,cpu,15777067,22557872,541737362
52.4053,gpu,44,19,0
52.6042,disk0,932061214388224,2100094341,12870753152057217
52.6042,disk0w,2189593178112,19769944,1285325019517
52.6042,disk4,4405405476864,8901138,58815342694319
52.6042,disk4w,2195456,171,27582691
52.6042,disk8,4986439755776,5027203,53879379520328
52.6042,disk8w,333402112,43536,2173516086
52.6042,disk6,7900981815296,12970247,122588523833431
52.6042,disk6w,380928,53,8067940
52.6042,ram,575258624,65697955840,283049
52.6042,cpu,15777067,22557872,541737362
52.6042,gpu,0,0,0
52.8053,disk0,932063268188160,2100099721,12870763044944858
52.8053,disk0w,2189593178112,19769944,1285325019517
52.8053,disk4,4406189336576,8902682,58820884228798
52.8053,disk4w,2195456,171,27582691
52.8053,disk8,4986940319744,5027716,53880027226086
52.8053,disk8w,333402112,43536,2173516086
52.8053,disk6,7902363084800,12972938,122606409022452
52.8053,disk6w,380928,53,8067940
52.8053,ram,568508416,64099713024,283049
52.8053,cpu,15777112,22557994,541738919
52.8053,gpu,42,18,0
53.0053,disk0,932064872534016,2100102703,12870769924536976
53.0053,disk0w,2189593178112,19769944,1285325019517
53.0053,disk4,4406839248896,8904010,58827748131160
53.0053,disk4w,2195456,171,27582691
53.0053,disk8,4987447109632,5028235,53881111970536
53.0053,disk8w,333402112,43536,2173516086
53.0053,disk6,7903548401664,12974769,122617819287831
53.0053,disk6w,380928,53,8067940
53.0053,ram,566640640,65308229632,283049
53.0053,cpu,15777114,22557998,541739058
53.0053,gpu,34,15,0
53.2053,disk0,932066974343168,2100107443,12870779636221198
53.2053,disk0w,2189593571328,19769979,1285325579838
53.2053,disk4,4407724853248,8905826,58833959647812
53.2053,disk4w,2195456,171,27582691
53.2053,disk8,4988011636736,5028814,53881796447759
53.2053,disk8w,333402112,43536,2173516086
53.2053,disk6,7904904603648,12976513,122628125454528
53.2053,disk6w,380928,53,8067940
53.2053,ram,566640640,65308229632,283049
53.2053,cpu,15777114,22557998,541739058
53.2053,gpu,60,35,0
53.4052,disk0,932068995604480,2100111202,12870787616857540
53.4052,disk0w,2189593571328,19769979,1285325579838
53.4052,disk4,4408484628480,8907383,58838625993823
53.4052,disk4w,2195456,171,27582691
53.4052,disk8,4988612995072,5029430,53882585865519
53.4052,disk8w,333402112,43536,2173516086
53.4052,disk6,7906287413248,12978470,122642325759719
53.4052,disk6w,380928,53,8067940
53.4052,ram,566640640,65308229632,283049
53.4052,cpu,15777114,22557998,541739058
53.4052,gpu,0,0,0
53.6019,disk0,932071182102528,2100115642,12870798327847310
53.6019,disk0w,2189593571328,19769979,1285325579838
53.6019,disk4,4409111087104,8908667,58841653092770
53.6019,disk4w,2195456,171,27582691
53.6019,disk8,4989171886080,5030003,53883275247798
53.6019,disk8w,333402112,43536,2173516086
53.6019,disk6,7907599837184,12980451,122656078877089
53.6019,disk6w,380928,53,8067940
53.6019,ram,566640640,65308229632,283049
53.6019,cpu,15777114,22557998,541739058
53.6019,gpu,42,17,0
53.8053,disk0,932072979492864,2100119660,12870804354447705
53.8053,disk0w,2189593571328,19769979,1285325579838
53.8053,disk4,4409725241344,8909861,58845343373094
53.8053,disk4w,2195456,171,27582691
53.8053,disk8,4989741656064,5030587,53884085142148
53.8053,disk8w,333402112,43536,2173516086
53.8053,disk6,7909039810560,12983102,122677365576241
53.8053,disk6w,380928,53,8067940
53.8053,ram,566640640,65308229632,283049
53.8053,cpu,15777114,22557998,541739058
53.8053,gpu,45,20,0
54.0053,disk0,932074751422464,2100123316,12870810407521354
54.0053,disk0w,2189593571328,19769979,1285325579838
54.0053,disk4,4410461325312,8911311,58849490931663
54.0053,disk4w,2195456,171,27582691
54.0053,disk8,4990286129152,5031145,53884742631214
54.0053,disk8w,333402112,43536,2173516086
54.0053,disk6,7910453143552,12985582,122696598820245
54.0053,disk6w,380928,53,8067940
54.0053,ram,567558144,65709752320,283049
54.0053,cpu,15777162,22558116,541740606
54.0053,gpu,39,21,0
54.2053,disk0,932076870766592,2100130233,12870826108837719
54.2053,disk0w,2189593571328,19769979,1285325579838
54.2053,disk4,4411181516800,8912732,58854387472838
54.2053,disk4w,2195456,171,27582691
54.2053,disk8,4990904002560,5031778,53885454973051
54.2053,disk8w,333402112,43536,2173516086
54.2053,disk6,7911718332416,12987900,122711511056864
54.2053,disk6w,380928,53,8067940
54.2053,ram,567558144,65709752320,283049
54.2053,cpu,15777162,22558116,541740606
54.2053,gpu,45,19,0
54.4053,disk0,932078978609152,2100133860,12870837669827584
54.4053,disk0w,2189593571328,19769979,1285325579838
54.4053,disk4,4411918649344,8914195,58859445384141
54.4053,disk4w,2195456,171,27582691
54.4053,disk8,4991427766272,5032315,53886130530243
54.4053,disk8w,333402112,43536,2173516086
54.4053,disk6,7912814864384,12990065,122720798009455
54.4053,disk6w,380928,53,8067940
54.4053,ram,567558144,65709752320,283049
54.4053,cpu,15777162,22558116,541740606
54.4053,gpu,38,11,0
54.6053,disk0,932081067667456,2100139415,12870849418563771
54.6053,disk0w,2189593571328,19769979,1285325579838
54.6053,disk4,4412916754432,8916240,58868673516836
54.6053,disk4w,2195456,171,27582691
54.6053,disk8,4992045574144,5032948,53887505748659
54.6053,disk8w,333402112,43536,2173516086
54.6053,disk6,7914056574976,12991815,122729873598123
54.6053,disk6w,380928,53,8067940
54.6053,ram,567558144,65709752320,283049
54.6053,cpu,15777162,22558116,541740606
54.6053,gpu,47,31,0
54.8053,disk0,932083137785856,2100143054,12870856968140315
54.8053,disk0w,2189593571328,19769979,1285325579838
54.8053,disk4,4413635438592,8917714,58872047078810
54.8053,disk4w,2195456,171,27582691
54.8053,disk8,4992701065216,5033620,53888502386713
54.8053,disk8w,333402112,43536,2173516086
54.8053,disk6,7915449591808,12993506,122742121942655
54.8053,disk6w,380928,53,8067940
54.8053,ram,567558144,65709752320,283049
54.8053,cpu,15777162,22558116,541740606
54.8053,gpu,0,0,0
55.0053,disk0,932084992180224,2100146534,12870862992753780
55.0053,disk0w,2189593571328,19769979,1285325579838
55.0053,disk4,4414559520768,8919609,58877767401960
55.0053,disk4w,2195456,171,27582691
55.0053,disk8,4993333356544,5034268,53889364996290
55.0053,disk8w,333402112,43536,2173516086
55.0053,disk6,7916844771328,12995637,122757781015137
55.0053,disk6w,380928,53,8067940
55.0053,ram,567476224,65704509440,283049
55.0053,cpu,15777204,22558272,541742328
55.0053,gpu,41,19,0
55.2053,disk0,932087251058688,2100151068,12870876338468731
55.2053,disk0w,2189593571328,19769979,1285325579838
55.2053,disk4,4415231559680,8920959,58881218707678
55.2053,disk4w,2195456,171,27582691
55.2053,disk8,4993907320832,5034856,53890151052060
55.2053,disk8w,333402112,43536,2173516086
55.2053,disk6,7918095640576,12997602,122770691034570
55.2053,disk6w,380928,53,8067940
55.2053,ram,567476224,65704509440,283049
55.2053,cpu,15777204,22558272,541742328
55.2053,gpu,0,0,0
55.4053,disk0,932089104826368,2100155316,12870884587796309
55.4053,disk0w,2189593571328,19769979,1285325579838
55.4053,disk4,4416121227264,8922692,58887427825175
55.4053,disk4w,2195456,171,27582691
55.4053,disk8,4994448648192,5035411,53890807796454
55.4053,disk8w,333402112,43536,2173516086
55.4053,disk6,7919474472960,13000059,122786895390373
55.4053,disk6w,380928,53,8067940
55.4053,ram,567476224,65704509440,283049
55.4053,cpu,15777204,22558272,541742328
55.4053,gpu,35,14,0
55.6053,disk0,932091286323200,2100159986,12870898625722023
55.6053,disk0w,2189593571328,19769979,1285325579838
55.6053,disk4,4416934168576,8924298,58893809682733
55.6053,disk4w,2195456,171,27582691
55.6053,disk8,4995001903104,5035978,53891437267239
55.6053,disk8w,333402112,43536,2173516086
55.6053,disk6,7920684480512,13002090,122797429791502
55.6053,disk6w,380928,53,8067940
55.6053,ram,567476224,65704509440,283049
55.6053,cpu,15777204,22558272,541742328
55.6053,gpu,0,0,0
55.8053,disk0,932093251346432,2100168114,12870912302886847
55.8053,disk0w,2189593571328,19769979,1285325579838
55.8053,disk4,4417630291968,8925672,58897852823359
55.8053,disk4w,2195456,171,27582691
55.8053,disk8,4995572721664,5036563,53892214047003
55.8053,disk8w,333402112,43536,2173516086
55.8053,disk6,7921938577408,13004301,122811824447448
55.8053,disk6w,380928,53,8067940
55.8053,ram,567476224,65704509440,283049
55.8053,cpu,15777204,22558272,541742328
55.8053,gpu,0,0,0
56.0010,disk0,932094901587968,2100171152,12870918935292799
56.0010,disk0w,2189593571328,19769979,1285325579838
56.0010,disk4,4418465892352,8927361,58907406898286
56.0010,disk4w,2195456,171,27582691
56.0010,disk8,4996164151296,5037169,53894489958290
56.0010,disk8w,333402112,43536,2173516086
56.0010,disk6,7922965133312,13006044,122820712459137
56.0010,disk6w,380928,53,8067940
56.0010,ram,568721408,65396342784,283049
56.0010,cpu,15777237,22558392,541743939
56.0010,gpu,0,0,0
56.2053,disk0,932096962125824,2100181997,12870936027238504
56.2053,disk0w,2189593571328,19769979,1285325579838
56.2053,disk4,4419326240768,8929127,58915170289865
56.2053,disk4w,2195456,171,27582691
56.2053,disk8,4996687915008,5037706,53895231192485
56.2053,disk8w,333402112,43536,2173516086
56.2053,disk6,7924196358144,13007663,122827580579008
56.2053,disk6w,380928,53,8067940
56.2053,ram,568721408,65396342784,283049
56.2053,cpu,15777237,22558392,541743939
56.2053,gpu,41,19,0
56.4053,disk0,932099377082368,2100186118,12870949339449515
56.4053,disk0w,2189593571328,19769979,1285325579838
56.4053,disk4,4420039387136,8930588,58918758901962
56.4053,disk4w,2195456,171,27582691
56.4053,disk8,4997159643136,5038189,53895845832873
56.4053,disk8w,333402112,43536,2173516086
56.4053,disk6,7925481666560,13009382,122837303664833
56.4053,disk6w,380928,53,8067940
56.4053,ram,568721408,65396342784,283049
56.4053,cpu,15777237,22558392,541743939
56.4053,gpu,0,0,0
56.6052,disk0,932101506301952,2100190343,12870961454884398
56.6052,disk0w,2189593571328,19769979,1285325579838
56.6052,disk4,4420788815872,8932124,58924327077652
56.6052,disk4w,2195456,171,27582691
56.6052,disk8,4997873461248,5038921,53896743844288
56.6052,disk8w,333402112,43536,2173516086
56.6052,disk6,7926820648960,13011345,122847668113186
56.6052,disk6w,380928,53,8067940
56.6052,ram,568721408,65396342784,283049
56.6052,cpu,15777237,22558392,541743939
56.6052,gpu,34,16,0
56.8044,disk0,932103366004736,2100194287,12870968687601921
56.8044,disk0w,2189593571328,19769979,1285325579838
56.8044,disk4,4421613537280,8933739,58929476718162
56.8044,disk4w,2195456,171,27582691
56.8044,disk8,4998514534400,5039578,53897587554992
56.8044,disk8w,333402112,43536,2173516086
56.8044,disk6,7928216680448,13013788,122865319942495
56.8044,disk6w,380928,53,8067940
56.8044,ram,568721408,65396342784,283049
56.8044,cpu,15777237,22558392,541743939
56.8044,gpu,29,12,0
57.0053,disk0,932105438912512,2100198947,12870978444821919
57.0053,disk0w,2189593571328,19769979,1285325579838
57.0053,disk4,4422330779648,8935153,58934704039322
57.0053,disk4w,2195456,171,27582691
57.0053,disk8,4999015098368,5040091,53898132221855
57.0053,disk8w,333402112,43536,2173516086
57.0053,disk6,7929560172544,13016157,122881561196545
57.0053,disk6w,380928,53,8067940
57.0053,ram,568508416,65695137792,283049
57.0053,cpu,15777270,22558507,541745501
57.0053,gpu,31,9,0
57.2013,disk0,932107260809216,2100210006,12870995670595264
57.2013,disk0w,2189593571328,19769979,1285325579838
57.2013,disk4,4423034865664,8936544,58937916704942
57.2013,disk4w,2195456,171,27582691
57.2013,disk8,4999550789632,5040640,53898780724301
57.2013,disk8w,333402112,43536,2173516086
57.2013,disk6,7930836813824,13018331,122896615677228
57.2013,disk6w,380928,53,8067940
57.2013,ram,568508416,65695137792,283049
57.2013,cpu,15777270,22558507,541745501
57.2013,gpu,62,45,0
57.4044,disk0,932109139902464,2100214493,12871004347290219
57.4044,disk0w,2189593571328,19769979,1285325579838
57.4044,disk4,4423842039808,8938148,58946365941366
57.4044,disk4w,2195456,171,27582691
57.4044,disk8,5000068917248,5041171,53899353862705
57.4044,disk8w,333402112,43536,2173516086
57.4044,disk6,7932144338944,13020749,122909896236451
57.4044,disk6w,380928,53,8067940
57.4044,ram,568508416,65695137792,283049
57.4044,cpu,15777270,22558507,541745501
57.4044,gpu,0,0,0
57.6053,disk0,932110861848576,2100218738,12871014020606641
57.6053,disk0w,2189593571328,19769979,1285325579838
57.6053,disk4,4424617265152,8939734,58953302482497
57.6053,disk4w,2195456,171,27582691
57.6053,disk8,5000528685056,5041642,53900019003741
57.6053,disk8w,333402112,43536,2173516086
57.6053,disk6,7933221914624,13022259,122919561696696
57.6053,disk6w,380928,53,8067940
57.6053,ram,568508416,65695137792,283049
57.6053,cpu,15777270,22558507,541745501
57.6053,gpu,0,0,0
57.8053,disk0,932113387294720,2100223139,12871026444083331
57.8053,disk0w,2189593571328,19769979,1285325579838
57.8053,disk4,4425375467520,8941288,58959323707990
57.8053,disk4w,2195456,171,27582691
57.8053,disk8,5001113921536,5042242,53900714157088
57.8053,disk8w,333402112,43536,2173516086
57.8053,disk6,7934549575680,13023887,122927253876289
57.8053,disk6w,380928,53,8067940
57.8053,ram,568508416,65695137792,283049
57.8053,cpu,15777270,22558507,541745501
57.8053,gpu,33,11,0
58.0052,disk0,932115788963840,2100227597,12871041605151071
58.0052,disk0w,2189593571328,19769979,1285325579838
58.0052,disk4,4426098444288,8942770,58963285061164
58.0052,disk4w,2195456,171,27582691
58.0052,disk8,5001726552064,5042870,53901395599679
58.0052,disk8w,333402112,43536,2173516086
58.0052,disk6,7935722080256,13025754,122936692543884
58.0052,disk6w,380928,53,8067940
58.0052,ram,568999936,65701838848,283049
58.0052,cpu,15777303,22558637,541747206
58.0052,gpu,0,0,0
58.2053,disk0,932118024806400,2100232140,12871053485869663
58.2053,disk0w,2189593571328,19769979,1285325579838
58.2053,disk4,4426988783616,8944575,58970912084691
58.2053,disk4w,2195456,171,27582691
58.2053,disk8,5002397116416,5043557,53902305621249
58.2053,disk8w,333402112,43536,2173516086
58.2053,disk6,7937036503040,13027709,122946208179358
58.2053,disk6w,380928,53,8067940
58.2053,ram,568999936,65701838848,283049
58.2053,cpu,15777303,22558637,541747206
58.2053,gpu,0,0,0
58.4053,disk0,932120126599168,2100236474,12871062770979512
58.4053,disk0w,2189593571328,19769979,1285325579838
58.4053,disk4,4427774199808,8946097,58974595749279
58.4053,disk4w,2195456,171,27582691
58.4053,disk8,5002905413632,5044078,53902904092781
58.4053,disk8w,333402112,43536,2173516086
58.4053,disk6,7938404964352,13030187,122963105744625
58.4053,disk6w,380928,53,8067940
58.4053,ram,568999936,65701838848,283049
58.4053,cpu,15777303,22558637,541747206
58.4053,gpu,48,13,0
58.6053,disk0,932122279522304,2100241096,12871074772575467
58.6053,disk0w,2189593571328,19769979,1285325579838
58.6053,disk4,4428400805888,8947334,58978261548987
58.6053,disk4w,2195456,171,27582691
58.6053,disk8,5003467450368,5044654,53903592010634
58.6053,disk8w,333402112,43536,2173516086
58.6053,disk6,7939718649856,13032582,122978933671626
58.6053,disk6w,380928,53,8067940
58.6053,ram,568999936,65701838848,283049
58.6053,cpu,15777303,22558637,541747206
58.6053,gpu,36,13,0
58.8053,disk0,932124425478144,2100250502,12871088772364899
58.8053,disk0w,2189593571328,19769979,1285325579838
58.8053,disk4,4429272549376,8949056,58984765174732
58.8053,disk4w,2195456,171,27582691
58.8053,disk8,5004134868992,5045338,53904422077527
58.8053,disk8w,333402112,43536,2173516086
58.8053,disk6,7941075802112,13034887,122991416968970
58.8053,disk6w,380928,53,8067940
58.8053,ram,568999936,65701838848,283049
58.8053,cpu,15777303,22558637,541747206
58.8053,gpu,0,0,0
59.0052,disk0,932126341185536,2100253847,12871099501037852
59.0052,disk0w,2189593632768,19769983,1285325681337
59.0052,disk4,4430073956352,8950664,58993096429382
59.0052,disk4w,2195456,171,27582691
59.0052,disk8,5004679276544,5045896,53905772161139
59.0052,disk8w,333402112,43536,2173516086
59.0052,disk6,7942069557248,13036703,122999601744720
59.0052,disk6w,380928,53,8067940
59.0052,ram,568049664,64160317440,283049
59.0052,cpu,15777338,22558767,541748802
59.0052,gpu,0,0,0
59.2053,disk0,932128389496832,2100262198,12871113829848132
59.2053,disk0w,2189593632768,19769983,1285325681337
59.2053,disk4,4430913603584,8952385,58998672004913
59.2053,disk4w,2195456,171,27582691
59.2053,disk8,5005281683456,5046513,53906554627862
59.2053,disk8w,333402112,43536,2173516086
59.2053,disk6,7943277549568,13038377,123009152305266
59.2053,disk6w,380928,53,8067940
59.2053,ram,568049664,64160317440,283049
59.2053,cpu,15777338,22558767,541748802
59.2053,gpu,0,0,0
59.4053,disk0,932130525872128,2100265680,12871123352430799
59.4053,disk0w,2189593632768,19769983,1285325681337
59.4053,disk4,4431650588672,8953895,59003416489213
59.4053,disk4w,2195456,171,27582691
59.4053,disk8,5005741877248,5046985,53907059384575
59.4053,disk8w,333402112,43536,2173516086
59.4053,disk6,7944664111104,13040032,123019576420953
59.4053,disk6w,380928,53,8067940
59.4053,ram,568049664,64160317440,283049
59.4053,cpu,15777338,22558767,541748802
59.4053,gpu,0,0,0
59.6053,disk0,932132210159616,2100269156,12871130910403484
59.6053,disk0w,2189593681920,19769984,1285325719295
59.6053,disk4,4432269461504,8955162,59007671807570
59.6053,disk4w,2195456,171,27582691
59.6053,disk8,5006216095744,5047471,53907667411628
59.6053,disk8w,333402112,43536,2173516086
59.6053,disk6,7946016708608,13042101,123036602166975
59.6053,disk6w,380928,53,8067940
59.6053,ram,568049664,64160317440,283049
59.6053,cpu,15777338,22558767,541748802
59.6053,gpu,0,0,0
59.8053,disk0,932134527545344,2100274013,12871141244203887
59.8053,disk0w,2189593681920,19769984,1285325719295
59.8053,disk4,4433006446592,8956647,59013525739578
59.8053,disk4w,2195456,171,27582691
59.8053,disk8,5006747199488,5048015,53908392258322
59.8053,disk8w,333402112,43536,2173516086
59.8053,disk6,7947389147136,13044189,123048394134163
59.8053,disk6w,380928,53,8067940
59.8053,ram,568049664,64160317440,283049
59.8053,cpu,15777338,22558767,541748802
59.8053,gpu,36,12,0
60.0053,disk0,932136464859136,2100278287,12871153049082003
60.0053,disk0w,2189593681920,19769984,1285325719295
60.0053,disk4,4433690789888,8957980,59017672822292
60.0053,disk4w,2195456,171,27582691
60.0053,disk8,5007234787328,5048515,53908908379492
60.0053,disk8w,333402112,43536,2173516086
60.0053,disk6,7948691101696,13046508,123065136309726
60.0053,disk6w,380928,53,8067940
60.0053,ram,568426496,65639038976,283049
60.0053,cpu,15777384,22558916,541750533
60.0053,gpu,0,0,0
60.2052,disk0,932138552725504,2100283095,12871161710490016
60.2052,disk0w,2189595201536,19770279,1285332084907
60.2052,disk4,4434649745408,8959882,59027103432978
60.2052,disk4w,2195456,171,27582691
60.2052,disk8,5007752914944,5049046,53909530092229
60.2052,disk8w,333402112,43536,2173516086
60.2052,disk6,7949985929216,13048841,123077933110215
60.2052,disk6w,380928,53,8067940
60.2052,ram,568426496,65639038976,283049
60.2052,cpu,15777384,22558916,541750533
60.2052,gpu,43,19,0
60.4053,disk0,932140622991360,2100289329,12871172383623544
60.4053,disk0w,2189595201536,19770279,1285332084907
60.4053,disk4,4435442894848,8961446,59032850969349
60.4053,disk4w,2195456,171,27582691
60.4053,disk8,5008355321856,5049663,53910461766893
60.4053,disk8w,333402112,43536,2173516086
60.4053,disk6,7951313475584,13051415,123093772099370
60.4053,disk6w,380928,53,8067940
60.4053,ram,568426496,65639038976,283049
60.4053,cpu,15777384,22558916,541750533
60.4053,gpu,0,0,0
60.6046,disk0,932142247415808,2100292579,12871180099723418
60.6046,disk0w,2189595201536,19770279,1285332084907
60.6046,disk4,4436184852480,8962960,59040538627970
60.6046,disk4w,2195456,171,27582691
60.6046,disk8,5008965756928,5050289,53912283902766
60.6046,disk8w,333402112,43536,2173516086
60.6046,disk6,7952427669504,13053258,123102846695105
60.6046,disk6w,380928,53,8067940
60.6046,ram,568426496,65639038976,283049
60.6046,cpu,15777384,22558916,541750533
60.6046,gpu,50,28,0
60.8052,disk0,932144601501696,2100298367,12871195414908811
60.8052,disk0w,2189595201536,19770279,1285332084907
60.8052,disk4,4437072709632,8964780,59047033868368
60.8052,disk4w,2195456,171,27582691
60.8052,disk8,5009526745088,5050864,53912975320990
60.8052,disk8w,333402112,43536,2173516086
60.8052,disk6,7953569798144,13054673,123108263864714
60.8052,disk6w,380928,53,8067940
60.8052,ram,568426496,65639038976,283049
60.8052,cpu,15777384,22558916,541750533
60.8052,gpu,58,26,0
61.0053,disk0,932146869014528,2100302633,12871208548925543
61.0053,disk0w,2189595201536,19770279,1285332084907
61.0053,disk4,4437857765376,8966390,59053322527370
61.0053,disk4w,2195456,171,27582691
61.0053,disk8,5010168866816,5051522,53913746166571
61.0053,disk8w,333402112,43536,2173516086
61.0053,disk6,7954865920000,13056447,123116829393499
61.0053,disk6w,380928,53,8067940
61.0053,ram,573210624,65602371584,283049
61.0053,cpu,15777419,22559037,541752086
61.0053,gpu,0,0,0
61.2035,disk0,932149099646976,2100306966,12871218203401142
61.2035,disk0w,2189595201536,19770279,1285332084907
61.2035,disk4,4438638708736,8967990,59058399569577
61.2035,disk4w,2195456,171,27582691
61.2035,disk8,5010694727680,5052061,53914446314560
61.2035,disk8w,333402112,43536,2173516086
61.2035,disk6,7956194678784,13058297,123128318581221
61.2035,disk6w,380928,53,8067940
61.2035,ram,571703296,65602371584,283049
61.2035,cpu,15777419,22559037,541752086
61.2035,gpu,0,0,0
61.4053,disk0,932151044804608,2100311266,12871227230250506
61.4053,disk0w,2189595201536,19770279,1285332084907
61.4053,disk4,4439424043008,8969513,59062020271976
61.4053,disk4w,2195456,171,27582691
61.4053,disk8,5011177728000,5052556,53915005291272
61.4053,disk8w,333402112,43536,2173516086
61.4053,disk6,7957568034816,13060695,123146409370181
61.4053,disk6w,380928,53,8067940
61.4053,ram,571703296,65602371584,283049
61.4053,cpu,15777419,22559037,541752086
61.4053,gpu,37,11,0
61.6034,disk0,932153239228416,2100316198,12871238053074922
61.6034,disk0w,2189595201536,19770279,1285332084907
61.6034,disk4,4440262068224,8971165,59068909922518
61.6034,disk4w,2195456,171,27582691
61.6034,disk8,5011774892032,5053168,53915733334195
61.6034,disk8w,333402112,43536,2173516086
61.6034,disk6,7958845986816,13063059,123160545906087
61.6034,disk6w,380928,53,8067940
61.6034,ram,571703296,65602371584,283049
61.6034,cpu,15777419,22559037,541752086
61.6034,gpu,0,0,0
61.8053,disk0,932155066257408,2100324144,12871249694671436
61.8053,disk0w,2189595201536,19770279,1285332084907
61.8053,disk4,4441141200896,8972904,59075273770970
61.8053,disk4w,2195456,171,27582691
61.8053,disk8,5012328146944,5053735,53916326881875
61.8053,disk8w,333402112,43536,2173516086
61.8053,disk6,7960162129920,13065309,123175196248281
61.8053,disk6w,380928,53,8067940
61.8053,ram,571703296,65602371584,283049
61.8053,cpu,15777419,22559037,541752086
61.8053,gpu,39,17,0
62.0004,disk0,932156934602752,2100327978,12871259986012645
62.0004,disk0w,2189595201536,19770279,1285332084907
62.0004,disk4,4441849481216,8974320,59081235659711
62.0004,disk4w,2195456,171,27582691
62.0004,disk8,5012870047744,5054290,53917874254267
62.0004,disk8w,333402112,43536,2173516086
62.0004,disk6,7961219733504,13067325,123185597721275
62.0004,disk6w,380928,53,8067940
62.0004,ram,539951104,65616003072,283049
62.0004,cpu,15777458,22559170,541753773
62.0004,gpu,0,0,0
62.2046,disk0,932159399456768,2100334886,12871275202565596
62.2046,disk0w,2189595201536,19770279,1285332084907
62.2046,disk4,4442801137664,8976270,59088442120961
62.2046,disk4w,2195456,171,27582691
62.2046,disk8,5013640751104,5055080,53919037369542
62.2046,disk8w,333402112,43536,2173516086
62.2046,disk6,7962476484608,13069016,123191857896924
62.2046,disk6w,380928,53,8067940
62.2046,ram,536674304,65616003072,283049
62.2046,cpu,15777460,22559176,541753831
62.2046,gpu,0,0,0
62.4053,disk0,932161605910528,2100338444,12871285105729549
62.4053,disk0w,2189595201536,19770279,1285332084907
62.4053,disk4,4443609073664,8977926,59096961162292
62.4053,disk4w,2195456,171,27582691
62.4053,disk8,5014137120768,5055589,53919761006785
62.4053,disk8w,333402112,43536,2173516086
62.4053,disk6,7963649841152,13070535,123199520654998
62.4053,disk6w,380928,53,8067940
62.4053,ram,536674304,65616003072,283049
62.4053,cpu,15777460,22559176,541753831
62.4053,gpu,0,0,0
62.6026,disk0,932163665084416,2100342427,12871294654922600
62.6026,disk0w,2189595201536,19770279,1285332084907
62.6026,disk4,4444444674048,8979639,59104341133057
62.6026,disk4w,2195456,171,27582691
62.6026,disk8,5014716721152,5056183,53920500366290
62.6026,disk8w,333402112,43536,2173516086
62.6026,disk6,7964991936512,13072508,123210496531122
62.6026,disk6w,380928,53,8067940
62.6026,ram,536674304,65616003072,283049
62.6026,cpu,15777460,22559176,541753831
62.6026,gpu,0,0,0
62.8053,disk0,932165511962624,2100346223,12871300820462787
62.8053,disk0w,2189595201536,19770279,1285332084907
62.8053,disk4,4445168830464,8981069,59110468105175
62.8053,disk4w,2195456,171,27582691
62.8053,disk8,5015269976064,5056750,53921118211398
62.8053,disk8w,333402112,43536,2173516086
62.8053,disk6,7966375827456,13074820,123227650144574
62.8053,disk6w,380928,53,8067940
62.8053,ram,536674304,65616003072,283049
62.8053,cpu,15777460,22559176,541753831
62.8053,gpu,0,0,0
63.0053,disk0,932167461629952,2100350899,12871309244299672
63.0053,disk0w,2189595201536,19770279,1285332084907
63.0053,disk4,4446138877952,8982969,59119994711766
63.0053,disk4w,2195456,171,27582691
63.0053,disk8,5015823230976,5057317,53921758785877
63.0053,disk8w,333402112,43536,2173516086
63.0053,disk6,7967673784320,13077138,123240493053670
63.0053,disk6w,380928,53,8067940
63.0053,ram,551141376,65613447168,283049
63.0053,cpu,15777492,22559292,541755391
63.0053,gpu,0,0,0
63.2012,disk0,932169314500608,2100357850,12871320548309804
63.2012,disk0w,2189595201536,19770279,1285332084907
63.2012,disk4,4447101618176,8984874,59132138791774
63.2012,disk4w,2195456,171,27582691
63.2012,disk8,5016315013120,5057821,53922264552047
63.2012,disk8w,333402112,43536,2173516086
63.2012,disk6,7968834344960,13079159,123250204320545
63.2012,disk6w,380928,53,8067940
63.2012,ram,552108032,65613447168,283049
63.2012,cpu,15777492,22559292,541755391
63.2012,gpu,0,0,0
63.4053,disk0,932171267260416,2100362740,12871327982262198
63.4053,disk0w,2189595201536,19770279,1285332084907
63.4053,disk4,4448033605632,8986716,59141501086487
63.4053,disk4w,2195456,171,27582691
63.4053,disk8,5016879147008,5058399,53922921119180
63.4053,disk8w,333402112,43536,2173516086
63.4053,disk6,7970146785280,13081588,123262827141194
63.4053,disk6w,380928,53,8067940
63.4053,ram,552108032,65613447168,283049
63.4053,cpu,15777492,22559292,541755391
63.4053,gpu,29,14,0
63.6053,disk0,932173027872768,2100368190,12871337514712434
63.6053,disk0w,2189595201536,19770279,1285332084907
63.6053,disk4,4448890038272,8988468,59149185535708
63.6053,disk4w,2195456,171,27582691
63.6053,disk8,5017351219200,5058883,53923610792256
63.6053,disk8w,333402112,43536,2173516086
63.6053,disk6,7971262998528,13083216,123273387456423
63.6053,disk6w,380928,53,8067940
63.6053,ram,552108032,65613447168,283049
63.6053,cpu,15777492,22559292,541755391
63.6053,gpu,0,0,0
63.8052,disk0,932175302873088,2100372273,12871349120990113
63.8052,disk0w,2189595201536,19770279,1285332084907
63.8052,disk4,4449739884544,8990210,59155685919882
63.8052,disk4w,2195456,171,27582691
63.8052,disk8,5017910765568,5059456,53924300666606
63.8052,disk8w,333402112,43536,2173516086
63.8052,disk6,7972533512192,13084710,123281508178875
63.8052,disk6w,380928,53,8067940
63.8052,ram,552108032,65613447168,283049
63.8052,cpu,15777492,22559292,541755391
63.8052,gpu,32,13,0
64.0042,disk0,932177452163072,2100376226,12871357995810604
64.0042,disk0w,2189595201536,19770279,1285332084907
64.0042,disk4,4450644764672,8992067,59163355457362
64.0042,disk4w,2195456,171,27582691
64.0042,disk8,5018408183808,5059966,53924892887643
64.0042,disk8w,333402112,43536,2173516086
64.0042,disk6,7973880244224,13086723,123293509403059
64.0042,disk6w,380928,53,8067940
64.0042,ram,544751616,65661452288,283049
64.0042,cpu,15777525,22559416,541757029
64.0042,gpu,43,17,0
64.2053,disk0,932179603513344,2100380329,12871367242757673
64.2053,disk0w,2189595201536,19770279,1285332084907
64.2053,disk4,4451507439616,8993827,59170126918788
64.2053,disk4w,2195456,171,27582691
64.2053,disk8,5018993420288,5060566,53925627826362
64.2053,disk8w,333402112,43536,2173516086
64.2053,disk6,7975192291328,13088727,123304478937560
64.2053,disk6w,380928,53,8067940
64.2053,ram,547602432,65661534208,283049
64.2053,cpu,15777527,22559425,541757149
64.2053,gpu,0,0,0
64.4052,disk0,932181433946112,2100384238,12871373196541007
64.4052,disk0w,2189595201536,19770279,1285332084907
64.4052,disk4,4452321298432,8995404,59175879757287
64.4052,disk4w,2195456,171,27582691
64.4052,disk8,5019546675200,5061133,53926322706928
64.4052,disk8w,333402112,43536,2173516086
64.4052,disk6,7976608131072,13091288,123322909057411
64.4052,disk6w,380928,53,8067940
64.4052,ram,547602432,65661534208,283049
64.4052,cpu,15777527,22559425,541757149
64.4052,gpu,0,0,0
64.6011,disk0,932183281197056,2100388360,12871379329103832
64.6011,disk0w,2189595201536,19770279,1285332084907
64.6011,disk4,4453374134272,8997482,59188839464574
64.6011,disk4w,2195456,171,27582691
64.6011,disk8,5020020893696,5061619,53926832326521
64.6011,disk8w,333402112,43536,2173516086
64.6011,disk6,7977855084544,13093739,123334491533306
64.6011,disk6w,380928,53,8067940
64.6011,ram,547602432,65661534208,283049
64.6011,cpu,15777527,22559425,541757149
64.6011,gpu,0,0,0
64.8053,disk0,932185098219520,2100396957,12871389046247689
64.8053,disk0w,2189595684864,19770385,1285334317164
64.8053,disk4,4454258165760,8999221,59197456474959
64.8053,disk4w,2195456,171,27582691
64.8053,disk8,5020609275904,5062222,53927642314023
64.8053,disk8w,333402112,43536,2173516086
64.8053,disk6,7979154827264,13095757,123347174910615
64.8053,disk6w,380928,53,8067940
64.8053,ram,547602432,65661534208,283049
64.8053,cpu,15777527,22559425,541757149
64.8053,gpu,0,0,0
65.0053,disk0,932187189964800,2100400586,12871396570463665
65.0053,disk0w,2189595684864,19770385,1285334317164
65.0053,disk4,4455041124352,9000775,59203175470537
65.0053,disk4w,2195456,171,27582691
65.0053,disk8,5021197658112,5062825,53928366621284
65.0053,disk8w,333402112,43536,2173516086
65.0053,disk6,7980500101120,13098284,123363430671830
65.0053,disk6w,380928,53,8067940
65.0053,ram,539590656,64086966272,283049
65.0053,cpu,15777610,22559565,541758570
65.0053,gpu,58,18,0
65.2053,disk0,932188948590592,2100405746,12871405362038737
65.2053,disk0w,2189595734016,19770386,1285334346580
65.2053,disk4,4455849871360,9002431,59210416788110
65.2053,disk4w,2195456,171,27582691
65.2053,disk8,5021663062016,5063302,53929194680583
65.2053,disk8w,333402112,43536,2173516086
65.2053,disk6,7981647833088,13099922,123373395707071
65.2053,disk6w,380928,53,8067940
65.2053,ram,538296320,65587625984,283049
65.2053,cpu,15777614,22559572,541758619
65.2053,gpu,38,15,0
65.4053,disk0,932191199735808,2100409505,12871414893379364
65.4053,disk0w,2189595734016,19770386,1285334346580
65.4053,disk4,4456844822528,9004470,59220567654495
65.4053,disk4w,2195456,171,27582691
65.4053,disk8,5022277789696,5063932,53930040485804
65.4053,disk8w,333402112,43536,2173516086
65.4053,disk6,7982866212864,13101333,123379419704186
65.4053,disk6w,380928,53,8067940
65.4053,ram,538296320,65587625984,283049
65.4053,cpu,15777614,22559572,541758619
65.4053,gpu,0,0,0
65.6053,disk0,932193059696640,2100413128,12871422835777155
65.6053,disk0w,2189595734016,19770386,1285334346580
65.6053,disk4,4457498126336,9005809,59225145899522
65.6053,disk4w,2195456,171,27582691
65.6053,disk8,5022667335680,5064331,53930465329472
65.6053,disk8w,333402112,43536,2173516086
65.6053,disk6,7984228263936,13103347,123395814539382
65.6053,disk6w,380928,53,8067940
65.6053,ram,538296320,65587625984,283049
65.6053,cpu,15777614,22559572,541758619
65.6053,gpu,0,0,0
65.8053,disk0,932195021324288,2100417030,12871429656760295
65.8053,disk0w,2189595734016,19770386,1285334346580
65.8053,disk4,4458225960960,9007291,59229563846511
65.8053,disk4w,2195456,171,27582691
65.8053,disk8,5023265548288,5064944,53931484302772
65.8053,disk8w,333402112,43536,2173516086
65.8053,disk6,7985607206912,13105358,123410467284900
65.8053,disk6w,380928,53,8067940
65.8053,ram,538296320,65587625984,283049
65.8053,cpu,15777614,22559572,541758619
65.8053,gpu,40,14,0
66.0053,disk0,932196697374720,2100420589,12871435546928615
66.0053,disk0w,2189595734016,19770386,1285334346580
66.0053,disk4,4459015587840,9008821,59234955668375
66.0053,disk4w,2195456,171,27582691
66.0053,disk8,5023867299840,5065561,53932379653105
66.0053,disk8w,333402112,43536,2173516086
66.0053,disk6,7986994522112,13107933,123429301306878
66.0053,disk6w,380928,53,8067940
66.0053,ram,538296320,65587625984,283049
66.0053,cpu,15777614,22559572,541758619
66.0053,gpu,0,0,0
66.2053,disk0,932198646513664,2100425051,12871443089506145
66.2053,disk0w,2189595734016,19770386,1285334346580
66.2053,disk4,4460074969088,9010920,59247978557608
66.2053,disk4w,2195456,171,27582691
66.2053,disk8,5024315172864,5066020,53932935534531
66.2053,disk8w,333402112,43536,2173516086
66.2053,disk6,7988269049856,13110218,123439733893998
66.2053,disk6w,380928,53,8067940
66.2053,ram,542425088,65613316096,283049
66.2053,cpu,15777645,22559685,541760241
66.2053,gpu,40,12,0
66.4053,disk0,932200871251968,2100432000,12871460457961564
66.4053,disk0w,2189595734016,19770386,1285334346580
66.4053,disk4,4460884379648,9012516,59253905750076
66.4053,disk4w,2195456,171,27582691
66.4053,disk8,5024903555072,5066623,53933632144203
66.4053,disk8w,333402112,43536,2173516086
66.4053,disk6,7989487925248,13112372,123450603787392
66.4053,disk6w,380928,53,8067940
66.4053,ram,542425088,65613316096,283049
66.4053,cpu,15777645,22559685,541760241
66.4053,gpu,32,17,0
66.6053,disk0,932202630303744,2100435010,12871467723145109
66.6053,disk0w,2189595734016,19770386,1285334346580
66.6053,disk4,4461608781824,9013974,59261022676207
66.6053,disk4w,2195456,171,27582691
66.6053,disk8,5025395255296,5067127,53935017104068
66.6053,disk8w,333402112,43536,2173516086
66.6053,disk6,7990667376640,13114393,123463125476724
66.6053,disk6w,380928,53,8067940
66.6053,ram,542425088,65613316096,283049
66.6053,cpu,15777645,22559685,541760241
66.6053,gpu,0,0,0
66.8053,disk0,932204790538240,2100442835,12871479384053616
66.8053,disk0w,2189595734016,19770386,1285334346580
66.8053,disk4,4462478706688,9015757,59267241259271
66.8053,disk4w,2195456,171,27582691
66.8053,disk8,5025983637504,5067730,53935811170320
66.8053,disk8w,333402112,43536,2173516086
66.8053,disk6,7992010127360,13116217,123473264951545
66.8053,disk6w,380928,53,8067940
66.8053,ram,542425088,65613316096,283049
66.8053,cpu,15777645,22559685,541760241
66.8053,gpu,28,13,0
67.0053,disk0,932206834540544,2100446223,12871486354032262
67.0053,disk0w,2189595734016,19770386,1285334346580
67.0053,disk4,4463130445824,9017094,59271427139903
67.0053,disk4w,2195456,171,27582691
67.0053,disk8,5026466637824,5068225,53936447731360
67.0053,disk8w,333402112,43536,2173516086
67.0053,disk6,7993408518144,13118015,123486722881871
67.0053,disk6w,380928,53,8067940
67.0053,ram,542425088,65613316096,283049
67.0053,cpu,15777645,22559685,541760241
67.0053,gpu,27,15,0
67.2053,disk0,932208911900672,2100450452,12871498953843741
67.2053,disk0w,2189595734016,19770386,1285334346580
67.2053,disk4,4463950735360,9018775,59277669826181
67.2053,disk4w,2195456,171,27582691
67.2053,disk8,5027046238208,5068819,53937180318829
67.2053,disk8w,333402112,43536,2173516086
67.2053,disk6,7994665760768,13120006,123498328560888
67.2053,disk6w,380928,53,8067940
67.2053,ram,539361280,65654849536,283049
67.2053,cpu,15777681,22559820,541762044
67.2053,gpu,0,0,0
67.4003,disk0,932211041050624,2100455176,12871510064014545
67.4003,disk0w,2189595734016,19770386,1285334346580
67.4003,disk4,4464623159296,9020104,59281361876107
67.4003,disk4w,2195456,171,27582691
67.4003,disk8,5027634620416,5069422,53938008806334
67.4003,disk8w,333402112,43536,2173516086
67.4003,disk6,7996011673600,13122141,123511870998052
67.4003,disk6w,380928,53,8067940
67.4003,ram,539361280,65654849536,283049
67.4003,cpu,15777681,22559820,541762044
67.4003,gpu,33,13,0
67.6053,disk0,932212899471360,2100459162,12871516715164058
67.6053,disk0w,2189595734016,19770386,1285334346580
67.6053,disk4,4465371924480,9021572,59287859857462
67.6053,disk4w,2195456,171,27582691
67.6053,disk8,5028100057088,5069899,53938501327716
67.6053,disk8w,333402112,43536,2173516086
67.6053,disk6,7997410621440,13124635,123530227268763
67.6053,disk6w,380928,53,8067940
67.6053,ram,539361280,65654849536,283049
67.6053,cpu,15777681,22559820,541762044
67.6053,gpu,38,16,0
67.8042,disk0,932214656458752,2100463978,12871524251334836
67.8042,disk0w,2189595734016,19770386,1285334346580
67.8042,disk4,4466326464512,9023462,59298343193283
67.8042,disk4w,2195456,171,27582691
67.8042,disk8,5028600621056,5070412,53939011233168
67.8042,disk8w,333402112,43536,2173516086
67.8042,disk6,7998718998528,13126954,123544747778669
67.8042,disk6w,380928,53,8067940
67.8042,ram,539361280,65654849536,283049
67.8042,cpu,15777681,22559820,541762044
67.8042,gpu,0,0,0
68.0022,disk0,932216836235264,2100469444,12871536072249693
68.0022,disk0w,2189595734016,19770386,1285334346580
68.0022,disk4,4467218999296,9025225,59305574583606
68.0022,disk4w,2195456,171,27582691
68.0022,disk8,5029118748672,5070943,53939651592325
68.0022,disk8w,333402112,43536,2173516086
68.0022,disk6,7999954171904,13129403,123557069020213
68.0022,disk6w,380928,53,8067940
68.0022,ram,539361280,65654849536,283049
68.0022,cpu,15777681,22559820,541762044
68.0022,gpu,42,18,0
68.2006,disk0,932218353942528,2100472464,12871541917540944
68.2006,disk0w,2189595734016,19770386,1285334346580
68.2006,disk4,4467906447360,9026633,59311155431525
68.2006,disk4w,2195456,171,27582691
68.2006,disk8,5029715830784,5071555,53941436984593
68.2006,disk8w,333402112,43536,2173516086
68.2006,disk6,8001126873088,13131247,123569626953812
68.2006,disk6w,380928,53,8067940
68.2006,ram,529956864,65578074112,283049
68.2006,cpu,15777717,22559932,541763557
68.2006,gpu,47,24,0
68.4053,disk0,932220628287488,2100476557,12871551620517210
68.4053,disk0w,2189595734016,19770386,1285334346580
68.4053,disk4,4468728023040,9028318,59318165631025
68.4053,disk4w,2195456,171,27582691
68.4053,disk8,5030163703808,5072014,53942026318358
68.4053,disk8w,333402112,43536,2173516086
68.4053,disk6,8002417244160,13132813,123578910948599
68.4053,disk6w,380928,53,8067940
68.4053,ram,529956864,65578074112,283049
68.4053,cpu,15777717,22559932,541763557
68.4053,gpu,0,0,0
68.6053,disk0,932222919102464,2100480857,12871561291541797
68.6053,disk0w,2189595734016,19770386,1285334346580
68.6053,disk4,4469596620800,9030098,59325370690389
68.6053,disk4w,2195456,171,27582691
68.6053,disk8,5030813558784,5072680,53942953123635
68.6053,disk8w,333402112,43536,2173516086
68.6053,disk6,8003774543872,13134652,123588735128436
68.6053,disk6w,380928,53,8067940
68.6053,ram,529956864,65578074112,283049
68.6053,cpu,15777717,22559932,541763557
68.6053,gpu,0,0,0
68.8053,disk0,932225309761536,2100485306,12871571879636313
68.8053,disk0w,2189595734016,19770386,1285334346580
68.8053,disk4,4470354823168,9031645,59329562141795
68.8053,disk4w,2195456,171,27582691
68.8053,disk8,5031366813696,5073247,53943691855744
68.8053,disk8w,333402112,43536,2173516086
68.8053,disk6,8005140084736,13136698,123600421488542
68.8053,disk6w,380928,53,8067940
68.8053,ram,529956864,65578074112,283049
68.8053,cpu,15777717,22559932,541763557
68.8053,gpu,42,16,0
69.0053,disk0,932227183779840,2100489529,12871581152355102
69.0053,disk0w,2189596127232,19770389,1285334443329
69.0053,disk4,4470905473024,9032712,59332181494263
69.0053,disk4w,2195456,171,27582691
69.0053,disk8,5031858595840,5073751,53944244673950
69.0053,disk8w,333402112,43536,2173516086
69.0053,disk6,8006507247616,13139253,123621223371436
69.0053,disk6w,380928,53,8067940
69.0053,ram,529956864,65578074112,283049
69.0053,cpu,15777717,22559932,541763557
69.0053,gpu,0,0,0
69.2053,disk0,932229073313792,2100493783,12871588168452448
69.2053,disk0w,2189596258304,19770400,1285334729076
69.2053,disk4,4471667197952,9034212,59336278063693
69.2053,disk4w,2195456,171,27582691
69.2053,disk8,5032385505280,5074291,53944901559568
69.2053,disk8w,333402112,43536,2173516086
69.2053,disk6,8007920695296,13141882,123642124472653
69.2053,disk6w,380928,53,8067940
69.2053,ram,332677120,65839054848,283049
69.2053,cpu,15777757,22560057,541765259
69.2053,gpu,32,13,0
69.4009,disk0,932231008530432,2100499710,12871598627919389
69.4009,disk0w,2189596258304,19770400,1285334729076
69.4009,disk4,4472400365568,9035661,59340831167460
69.4009,disk4w,2195456,171,27582691
69.4009,disk8,5033045190656,5074967,53945850169974
69.4009,disk8w,333402112,43536,2173516086
69.4009,disk6,8009229727744,13144207,123656790840508
69.4009,disk6w,380928,53,8067940
69.4009,ram,332677120,65839054848,283049
69.4009,cpu,15777757,22560057,541765259
69.4009,gpu,69,26,0
69.6023,disk0,932232876486656,2100503131,12871608296777144
69.6023,disk0w,2189596258304,19770400,1285334729076
69.6023,disk4,4473220515840,9037296,59347805543408
69.6023,disk4w,2195456,171,27582691
69.6023,disk8,5033597315072,5075533,53947085028451
69.6023,disk8w,333402112,43536,2173516086
69.6023,disk6,8010351523840,13146249,123667660713250
69.6023,disk6w,380928,53,8067940
69.6023,ram,332677120,65839054848,283049
69.6023,cpu,15777757,22560057,541765259
69.6023,gpu,0,0,0
69.8027,disk0,932234809036800,2100509274,12871620994294686
69.8027,disk0w,2189596258304,19770400,1285334729076
69.8027,disk4,4474200819712,9039304,59360019032370
69.8027,disk4w,2195456,171,27582691
69.8027,disk8,5034150569984,5076100,53947734985015
69.8027,disk8w,333402112,43536,2173516086
69.8027,disk6,8011434637312,13147712,123672898655147
69.8027,disk6w,380928,53,8067940
69.8027,ram,332677120,65839054848,283049
69.8027,cpu,15777757,22560057,541765259
69.8027,gpu,0,0,0
70.0053,disk0,932236970315776,2100512901,12871630242318945
70.0053,disk0w,2189596258304,19770400,1285334729076
70.0053,disk4,4475053819904,9041054,59366533427086
70.0053,disk4w,2195456,171,27582691
70.0053,disk8,5034806716416,5076772,53948624454625
70.0053,disk8w,333402112,43536,2173516086
70.0053,disk6,8012771489792,13149397,123681922841919
70.0053,disk6w,380928,53,8067940
70.0053,ram,332677120,65839054848,283049
70.0053,cpu,15777757,22560057,541765259
70.0053,gpu,0,0,0
70.2053,disk0,932239035060224,2100516802,12871638867421231
70.2053,disk0w,2189596258304,19770400,1285334729076
70.2053,disk4,4475881162752,9042749,59374278729275
70.2053,disk4w,2195456,171,27582691
70.2053,disk8,5035450279936,5077432,53949483689702
70.2053,disk8w,333402112,43536,2173516086
70.2053,disk6,8014093531136,13151482,123693905987064
70.2053,disk6w,380928,53,8067940
70.2053,ram,392953856,65669169152,283049
70.2053,cpu,15777807,22560217,541766919
70.2053,gpu,0,0,0
70.4012,disk0,932240859975680,2100520603,12871646183981561
70.4012,disk0w,2189596307456,19770401,1285334762367
70.4012,disk4,4476501608448,9043997,59378566772884
70.4012,disk4w,2195456,171,27582691
70.4012,disk8,5036056225792,5078053,53950325867126
70.4012,disk8w,333402112,43536,2173516086
70.4012,disk6,8015461791744,13153592,123708992323622
70.4012,disk6w,380928,53,8067940
70.4012,ram,392953856,65669169152,283049
70.4012,cpu,15777807,22560217,541766919
70.4012,gpu,0,0,0
70.6053,disk0,932242725146624,2100524896,12871652866896032
70.6053,disk0w,2189596307456,19770401,1285334762367
70.6053,disk4,4477461325824,9045867,59384974403806
70.6053,disk4w,2195456,171,27582691
70.6053,disk8,5036623505408,5078634,53951005377022
70.6053,disk8w,333402112,43536,2173516086
70.6053,disk6,8016896604160,13156083,123727454905549
70.6053,disk6w,380928,53,8067940
70.6053,ram,392953856,65669169152,283049
70.6053,cpu,15777807,22560217,541766919
70.6053,gpu,53,19,0
70.8053,disk0,932244289130496,2100528610,12871658290587231
70.8053,disk0w,2189596307456,19770401,1285334762367
70.8053,disk4,4478340417536,9047604,59392594534596
70.8053,disk4w,2195456,171,27582691
70.8053,disk8,5037145171968,5079169,53951807959051
70.8053,disk8w,333402112,43536,2173516086
70.8053,disk6,8018193037312,13158396,123742729719170
70.8053,disk6w,380928,53,8067940
70.8053,ram,392953856,65669169152,283049
70.8053,cpu,15777807,22560217,541766919
70.8053,gpu,0,0,0
71.0048,disk0,932246158397440,2100538558,12871671775090336
71.0048,disk0w,2189596307456,19770401,1285334762367
71.0048,disk4,4478975657984,9048857,59396535706454
71.0048,disk4w,2195456,171,27582691
71.0048,disk8,5037698426880,5079736,53952571735526
71.0048,disk8w,333402112,43536,2173516086
71.0048,disk6,8019586238464,13161012,123759847967550
71.0048,disk6w,380928,53,8067940
71.0048,ram,392953856,65669169152,283049
71.0048,cpu,15777807,22560217,541766919
71.0048,gpu,0,0,0
71.2053,disk0,932247939280896,2100541792,12871680369189089
71.2053,disk0w,2189596389376,19770403,1285334790075
71.2053,disk4,4479824734208,9050576,59406061445228
71.2053,disk4w,2195456,171,27582691
71.2053,disk8,5038283220992,5080335,53953795230826
71.2053,disk8w,333402112,43536,2173516086
71.2053,disk6,8020686981120,13162876,123769136161233
71.2053,disk6w,380928,53,8067940
71.2053,ram,415498240,65645379584,283049
71.2053,cpu,15777839,22560327,541768484
71.2053,gpu,0,0,0
71.4023,disk0,932249918832640,2100549659,12871692618286962
71.4023,disk0w,2189596389376,19770403,1285334790075
71.4023,disk4,4480687810560,9052348,59414939410864
71.4023,disk4w,2195456,171,27582691
71.4023,disk8,5039026530304,5081097,53954891648277
71.4023,disk8w,333402112,43536,2173516086
71.4023,disk6,8021911488512,13164449,123775998700999
71.4023,disk6w,380928,53,8067940
71.4023,ram,415498240,65645379584,283049
71.4023,cpu,15777839,22560327,541768484
71.4023,gpu,0,0,0
71.6053,disk0,932252182937600,2100553735,12871701926497017
71.6053,disk0w,2189596397568,19770405,1285334837032
71.6053,disk4,4481518733312,9054050,59422560799357
71.6053,disk4w,2195456,171,27582691
71.6053,disk8,5039533778944,5081617,53955509835814
71.6053,disk8w,333402112,43536,2173516086
71.6053,disk6,8023238531072,13166336,123786211261624
71.6053,disk6w,380928,53,8067940
71.6053,ram,415498240,65645379584,283049
71.6053,cpu,15777839,22560327,541768484
71.6053,gpu,60,28,0
71.8053,disk0,932254088708096,2100557506,12871709420697595
71.8053,disk0w,2189596397568,19770405,1285334837032
71.8053,disk4,4482222426112,9055491,59430565664620
71.8053,disk4w,2195456,171,27582691
71.8053,disk8,5040169216000,5082268,53956294439727
71.8053,disk8w,333402112,43536,2173516086
71.8053,disk6,8024610691072,13168387,123799336531340
71.8053,disk6w,380928,53,8067940
71.8053,ram,415498240,65645379584,283049
71.8053,cpu,15777839,22560327,541768484
71.8053,gpu,0,0,0
72.0053,disk0,932255825543168,2100561234,12871715844321629
72.0053,disk0w,2189596397568,19770405,1285334837032
72.0053,disk4,4483013625856,9057039,59435243194200
72.0053,disk4w,2195456,171,27582691
72.0053,disk8,5040764282880,5082878,53956997210866
72.0053,disk8w,333402112,43536,2173516086
72.0053,disk6,8026015668224,13170789,123817825770043
72.0053,disk6w,380928,53,8067940
72.0053,ram,415498240,65645379584,283049
72.0053,cpu,15777839,22560327,541768484
72.0053,gpu,0,0,0
72.2053,disk0,932257676529664,2100565391,12871723951672165
72.2053,disk0w,2189596397568,19770405,1285334837032
72.2053,disk4,4483861661696,9058706,59440751940523
72.2053,disk4w,2195456,171,27582691
72.2053,disk8,5041386350592,5083515,53957739864400
72.2053,disk8w,333402112,43536,2173516086
72.2053,disk6,8027386632192,13173208,123833602077030
72.2053,disk6w,380928,53,8067940
72.2053,ram,453394432,65662910464,283049
72.2053,cpu,15777878,22560453,541770193
72.2053,gpu,0,0,0
72.4053,disk0,932259357216768,2100571432,12871731693750748
72.4053,disk0w,2189596397568,19770405,1285334837032
72.4053,disk4,4484729587712,9060417,59448986685339
72.4053,disk4w,2195456,171,27582691
72.4053,disk8,5041967392768,5084111,53958403466155
72.4053,disk8w,333402112,43536,2173516086
72.4053,disk6,8028716439552,13175453,123849498152232
72.4053,disk6w,380928,53,8067940
72.4053,ram,453394432,65662910464,283049
72.4053,cpu,15777878,22560453,541770193
72.4053,gpu,0,0,0
72.6016,disk0,932261194190848,2100574568,12871740595134305
72.6016,disk0w,2189596397568,19770405,1285334837032
72.6016,disk4,4485415503872,9061775,59453148966845
72.6016,disk4w,2195456,171,27582691
72.6016,disk8,5042449344512,5084605,53958942150908
72.6016,disk8w,333402112,43536,2173516086
72.6016,disk6,8029869139968,13177694,123862316315507
72.6016,disk6w,380928,53,8067940
72.6016,ram,453394432,65662910464,283049
72.6016,cpu,15777878,22560453,541770193
72.6016,gpu,0,0,0
72.8018,disk0,932262967177216,2100580719,12871749291740916
72.8018,disk0w,2189596397568,19770405,1285334837032
72.8018,disk4,4486340126720,9063669,59463215665620
72.8018,disk4w,2195456,171,27582691
72.8018,disk8,5042958624768,5085127,53959956288694
72.8018,disk8w,333402112,43536,2173516086
72.8018,disk6,8031123449856,13179424,123873020840756
72.8018,disk6w,380928,53,8067940
72.8018,ram,453394432,65662910464,283049
72.8018,cpu,15777878,22560453,541770193
72.8018,gpu,40,20,0
73.0053,disk0,932265169252352,2100584509,12871757611226998
73.0053,disk0w,2189596397568,19770405,1285334837032
73.0053,disk4,4487073720320,9065173,59467306653786
73.0053,disk4w,2195456,171,27582691
73.0053,disk8,5043503097856,5085685,53960669965385
73.0053,disk8w,333402112,43536,2173516086
73.0053,disk6,8032541534208,13181125,123885294409390
73.0053,disk6w,380928,53,8067940
73.0053,ram,453394432,65662910464,283049
73.0053,cpu,15777878,22560453,541770193
73.0053,gpu,35,17,0
73.2054,disk0,932267301072896,2100588607,12871770543035480
73.2054,disk0w,2189596397568,19770405,1285334837032
73.2054,disk4,4487807854592,9066678,59471497683782
73.2054,disk4w,2195456,171,27582691
73.2054,disk8,5044012443648,5086207,53961271018831
73.2054,disk8w,333402112,43536,2173516086
73.2054,disk6,8033781262336,13182999,123896513374160
73.2054,disk6w,380928,53,8067940
73.2054,ram,470941696,65704148992,283049
73.2054,cpu,15777930,22560579,541771845
73.2054,gpu,26,16,0
73.4035,disk0,932269615726592,2100593129,12871783141273375
73.4035,disk0w,2189596397568,19770405,1285334837032
73.4035,disk4,4488626276352,9068336,59476696020155
73.4035,disk4w,2195456,171,27582691
73.4035,disk8,5044565698560,5086774,53961912349687
73.4035,disk8w,333402112,43536,2173516086
73.4035,disk6,8035055544320,13184866,123906576568147
73.4035,disk6w,380928,53,8067940
73.4035,ram,470941696,65704148992,283049
73.4035,cpu,15777931,22560581,541771879
73.4035,gpu,35,12,0
73.6054,disk0,932271470739456,2100596969,12871791624160206
73.6054,disk0w,2189596413952,19770407,1285334862489
73.6054,disk4,4489364310016,9069766,59480504257728
73.6054,disk4w,2195456,171,27582691
73.6054,disk8,5045048698880,5087269,53962465098100
73.6054,disk8w,334225408,43653,2180537632
73.6054,disk6,8036483557376,13187632,123927162630229
73.6054,disk6w,380928,53,8067940
73.6054,ram,470941696,65704148992,283049
73.6054,cpu,15777931,22560581,541771879
73.6054,gpu,30,11,0
73.8049,disk0,932273373831168,2100601129,12871801007350737
73.8049,disk0w,2189601169408,19770673,1285340373191
73.8049,disk4,4490074310656,9071169,59484881026125
73.8049,disk4w,2195456,171,27582691
73.8049,disk8,5045596317696,5087830,53963155762710
73.8049,disk8w,334225408,43653,2180537632
73.8049,disk6,8037802682368,13190079,123944775763666
73.8049,disk6w,380928,53,8067940
73.8049,ram,470941696,65704148992,283049
73.8049,cpu,15777931,22560581,541771879
73.8049,gpu,0,0,0
74.0054,disk0,932275654733824,2100613258,12871820463299609
74.0054,disk0w,2189602144256,19770747,1285341647748
74.0054,disk4,4490944612352,9072889,59492905380198
74.0054,disk4w,2195456,171,27582691
74.0054,disk8,5046243026944,5088493,53963930704321
74.0054,disk8w,334225408,43653,2180537632
74.0054,disk6,8039035287552,13192114,123953456962619
74.0054,disk6w,380928,53,8067940
74.0054,ram,470941696,65704148992,283049
74.0054,cpu,15777931,22560581,541771879
74.0054,gpu,28,11,0
74.2041,disk0,932277301432320,2100616072,12871825981871301
74.2041,disk0w,2189602144256,19770747,1285341647748
74.2041,disk4,4491757176832,9074498,59500272395242
74.2041,disk4w,2195456,171,27582691
74.2041,disk8,5046865029120,5089130,53965006128913
74.2041,disk8w,334225408,43653,2180537632
74.2041,disk6,8040239925248,13194341,123965308256168
74.2041,disk6w,380928,53,8067940
74.2041,ram,486621184,65504690176,283049
74.2041,cpu,15777986,22560727,541773419
74.2041,gpu,0,0,0
74.4054,disk0,932279130066944,2100622442,12871834043259162
74.4054,disk0w,2189602144256,19770747,1285341647748
74.4054,disk4,4492653758464,9076337,59508805168703
74.4054,disk4w,2195456,171,27582691
74.4054,disk8,5047382108160,5089660,53965842407743
74.4054,disk8w,334225408,43653,2180537632
74.4054,disk6,8041558853632,13196167,123978203880065
74.4054,disk6w,380928,53,8067940
74.4054,ram,485097472,65669120000,283049
74.4054,cpu,15777987,22560729,541773439
74.4054,gpu,0,0,0
74.6054,disk0,932281292226560,2100626141,12871845614156467
74.6054,disk0w,2189602144256,19770747,1285341647748
74.6054,disk4,4493407774720,9077882,59516857435668
74.6054,disk4w,2195456,171,27582691
74.6054,disk8,5047949780992,5090242,53966526980513
74.6054,disk8w,334225408,43653,2180537632
74.6054,disk6,8042825533440,13197685,123985137108100
74.6054,disk6w,380928,53,8067940
74.6054,ram,485097472,65669120000,283049
74.6054,cpu,15777987,22560729,541773439
74.6054,gpu,36,11,0
74.8054,disk0,932283143290880,2100629535,12871853564851537
74.8054,disk0w,2189602144256,19770747,1285341647748
74.8054,disk4,4494134036480,9079369,59521976243169
74.8054,disk4w,2195456,171,27582691
74.8054,disk8,5048297908224,5090599,53966896870567
74.8054,disk8w,334225408,43653,2180537632
74.8054,disk6,8044170921984,13199656,123999272336547
74.8054,disk6w,380928,53,8067940
74.8054,ram,485097472,65669120000,283049
74.8054,cpu,15777987,22560729,541773439
74.8054,gpu,43,19,0
75.0054,disk0,932284915290112,2100633113,12871859735907710
75.0054,disk0w,2189602144256,19770747,1285341647748
75.0054,disk4,4494706804736,9080545,59524539383906
75.0054,disk4w,2195456,171,27582691
75.0054,disk8,5048853260288,5091168,53967654346369
75.0054,disk8w,334225408,43653,2180537632
75.0054,disk6,8045585729536,13201512,124015421069302
75.0054,disk6w,380928,53,8067940
75.0054,ram,485097472,65669120000,283049
75.0054,cpu,15777987,22560729,541773439
75.0054,gpu,0,0,0
75.2054,disk0,932286811164672,2100637281,12871866945505777
75.2054,disk0w,2189602144256,19770747,1285341647748
75.2054,disk4,4495401502720,9081895,59527891743746
75.2054,disk4w,2195456,171,27582691
75.2054,disk8,5049439545344,5091769,53968359718836
75.2054,disk8w,334225408,43653,2180537632
75.2054,disk6,8046985545728,13204010,124035931159389
75.2054,disk6w,380928,53,8067940
75.2054,ram,486866944,65699676160,283049
75.2054,cpu,15778039,22560873,541775001
75.2054,gpu,36,16,0
75.4054,disk0,932288972468224,2100642172,12871879653034141
75.4054,disk0w,2189602144256,19770747,1285341647748
75.4054,disk4,4496061614080,9083198,59532255119143
75.4054,disk4w,2195456,171,27582691
75.4054,disk8,5050027927552,5092372,53969161048246
75.4054,disk8w,334225408,43653,2180537632
75.4054,disk6,8048225896448,13206195,124048869332172
75.4054,disk6w,380928,53,8067940
75.4054,ram,487276544,64165920768,283049
75.4054,cpu,15778043,22560881,541775100
75.4054,gpu,0,0,0
75.6054,disk0,932290792927232,2100652052,12871891947501289
75.6054,disk0w,2189602144256,19770747,1285341647748
75.6054,disk4,4496734046208,9084520,59537905869102
75.6054,disk4w,2195456,171,27582691
75.6054,disk8,5050502146048,5092858,53969812924031
75.6054,disk8w,334225408,43653,2180537632
75.6054,disk6,8049492363264,13208245,124063148421865
75.6054,disk6w,380928,53,8067940
75.6054,ram,487276544,64165920768,283049
75.6054,cpu,15778043,22560881,541775100
75.6054,gpu,50,18,0
75.8017,disk0,932292396838912,2100654813,12871898730523035
75.8017,disk0w,2189602144256,19770747,1285341647748
75.8017,disk4,4497340991488,9085724,59541951072178
75.8017,disk4w,2195456,171,27582691
75.8017,disk8,5050876225536,5093241,53970239699906
75.8017,disk8w,334225408,43653,2180537632
75.8017,disk6,8050638014464,13210359,124077470176294
75.8017,disk6w,380928,53,8067940
75.8017,ram,487276544,64165920768,283049
75.8017,cpu,15778043,22560881,541775100
75.8017,gpu,40,12,0
76.0005,disk0,932294620905472,2100660175,12871909020779095
76.0005,disk0w,2189602144256,19770747,1285341647748
76.0005,disk4,4498190993408,9087468,59548328956523
76.0005,disk4w,2195456,171,27582691
76.0005,disk8,5051547101184,5093929,53971861160884
76.0005,disk8w,334225408,43653,2180537632
76.0005,disk6,8051942918144,13212264,124089388876383
76.0005,disk6w,380928,53,8067940
76.0005,ram,487276544,64165920768,283049
76.0005,cpu,15778043,22560881,541775100
76.0005,gpu,0,0,0
76.2044,disk0,932296951226368,2100664193,12871918830476902
76.2044,disk0w,2189602144256,19770747,1285341647748
76.2044,disk4,4499114313728,9089358,59554742527456
76.2044,disk4w,2195456,171,27582691
76.2044,disk8,5052126701568,5094523,53972604484026
76.2044,disk8w,334225408,43653,2180537632
76.2044,disk6,8053322336256,13213964,124098547526438
76.2044,disk6w,380928,53,8067940
76.2044,ram,487276544,64165920768,283049
76.2044,cpu,15778043,22560881,541775100
76.2044,gpu,0,0,0
76.4054,disk0,932299232550912,2100668784,12871929615449942
76.4054,disk0w,2189602144256,19770747,1285341647748
76.4054,disk4,4499755845632,9090674,59558236373317
76.4054,disk4w,2195456,171,27582691
76.4054,disk8,5052721375232,5095132,53973430667734
76.4054,disk8w,334225408,43653,2180537632
76.4054,disk6,8054652913664,13215931,124111822868133
76.4054,disk6w,380928,53,8067940
76.4054,ram,504823808,65593196544,283049
76.4054,cpu,15778086,22561015,541776633
76.4054,gpu,32,10,0
76.6054,disk0,932301530750976,2100673681,12871942047260465
76.6054,disk0w,2189602144256,19770747,1285341647748
76.6054,disk4,4500477380608,9092121,59562947407132
76.6054,disk4w,2195456,171,27582691
76.6054,disk8,5053294684160,5095720,53974241684075
76.6054,disk8w,334225408,43653,2180537632
76.6054,disk6,8055997433856,13217974,124123638486100
76.6054,disk6w,380928,53,8067940
76.6054,ram,504823808,65593196544,283049
76.6054,cpu,15778086,22561015,541776633
76.6054,gpu,0,0,0
76.8054,disk0,932303127027712,2100677339,12871948407379172
76.8054,disk0w,2189602144256,19770747,1285341647748
76.8054,disk4,4501157529600,9093446,59566569805941
76.8054,disk4w,2195456,171,27582691
76.8054,disk8,5053874284544,5096314,53974982446123
76.8054,disk8w,334225408,43653,2180537632
76.8054,disk6,8057388664832,13220496,124144661453192
76.8054,disk6w,380928,53,8067940
76.8054,ram,504823808,65593196544,283049
76.8054,cpu,15778086,22561015,541776633
76.8054,gpu,0,0,0
77.0054,disk0,932305030635520,2100681604,12871955797501204
77.0054,disk0w,2189602144256,19770747,1285341647748
77.0054,disk4,4501997701120,9095103,59573644880697
77.0054,disk4w,2195456,171,27582691
77.0054,disk8,5054480230400,5096935,53975710473496
77.0054,disk8w,334225408,43653,2180537632
77.0054,disk6,8058764773376,13222985,124160866865746
77.0054,disk6w,380928,53,8067940
77.0054,ram,504823808,65593196544,283049
77.0054,cpu,15778086,22561015,541776633
77.0054,gpu,0,0,0
77.2011,disk0,932306830336000,2100687014,12871965359135815
77.2011,disk0w,2189602144256,19770747,1285341647748
77.2011,disk4,4502758524928,9096607,59578805620567
77.2011,disk4w,2195456,171,27582691
77.2011,disk8,5055051048960,5097520,53976398396707
77.2011,disk8w,334225408,43653,2180537632
77.2011,disk6,8060052801536,13225363,124175895638055
77.2011,disk6w,380928,53,8067940
77.2011,ram,504823808,65593196544,283049
77.2011,cpu,15778086,22561015,541776633
77.2011,gpu,0,0,0
77.4054,disk0,932308671254528,2100690547,12871976281058854
77.4054,disk0w,2189602144256,19770747,1285341647748
77.4054,disk4,4503471392768,9098045,59584906165327
77.4054,disk4w,2195456,171,27582691
77.4054,disk8,5055548041216,5098029,53977083620111
77.4054,disk8w,334225408,43653,2180537632
77.4054,disk6,8061139503104,13227208,124186328423901
77.4054,disk6w,380928,53,8067940
77.4054,ram,513884160,64058310656,283049
77.4054,cpu,15778131,22561152,541778428
77.4054,gpu,0,0,0
77.6054,disk0,932310569226240,2100698046,12871987880587443
77.6054,disk0w,2189602144256,19770747,1285341647748
77.6054,disk4,4504123017216,9099382,59588500451412
77.6054,disk4w,2195456,171,27582691
77.6054,disk8,5056201435136,5098699,53977919789356
77.6054,disk8w,334225408,43653,2180537632
77.6054,disk6,8062473996288,13228925,124199107254168
77.6054,disk6w,380928,53,8067940
77.6054,ram,513884160,64058310656,283049
77.6054,cpu,15778131,22561152,541778428
77.6054,gpu,31,14,0
77.8047,disk0,932312565456896,2100701326,12871995908586490
77.8047,disk0w,2189602144256,19770747,1285341647748
77.8047,disk4,4504983881728,9101147,59595213482372
77.8047,disk4w,2195456,171,27582691
77.8047,disk8,5056810526720,5099323,53978700527303
77.8047,disk8w,334225408,43653,2180537632
77.8047,disk6,8063825676288,13230766,124211165827811
77.8047,disk6w,380928,53,8067940
77.8047,ram,513884160,64058310656,283049
77.8047,cpu,15778131,22561152,541778428
77.8047,gpu,0,0,0
78.0054,disk0,932314819608576,2100705967,12872008304079621
78.0054,disk0w,2189602144256,19770747,1285341647748
78.0054,disk4,4505891481600,9103007,59603467086855
78.0054,disk4w,2195456,171,27582691
78.0054,disk8,5057448454144,5099977,53979502314884
78.0054,disk8w,334225408,43653,2180537632
78.0054,disk6,8065165314048,13232724,124220612933933
78.0054,disk6w,380928,53,8067940
78.0054,ram,513884160,64058310656,283049
78.0054,cpu,15778131,22561152,541778428
78.0054,gpu,0,0,0
78.2054,disk0,932316623298560,2100709581,12872014872567107
78.2054,disk0w,2189602144256,19770747,1285341647748
78.2054,disk4,4506709149696,9104615,59608563805063
78.2054,disk4w,2195456,171,27582691
78.2054,disk8,5058045618176,5100589,53980275053941
78.2054,disk8w,334225408,43653,2180537632
78.2054,disk6,8066572781568,13235121,124237747372011
78.2054,disk6w,380928,53,8067940
78.2054,ram,513884160,64058310656,283049
78.2054,cpu,15778131,22561152,541778428
78.2054,gpu,0,0,0
78.4054,disk0,932318660206592,2100714084,12872022719082816
78.4054,disk0w,2189602144256,19770747,1285341647748
78.4054,disk4,4507598104576,9106364,59614437268932
78.4054,disk4w,2195456,171,27582691
78.4054,disk8,5058619582464,5101177,53981014003538
78.4054,disk8w,334225408,43653,2180537632
78.4054,disk6,8067962914816,13237499,124253611594916
78.4054,disk6w,380928,53,8067940
78.4054,ram,520257536,65650524160,283049
78.4054,cpu,15778165,22561263,541779991
78.4054,gpu,31,11,0
78.6039,disk0,932320391036928,2100721307,12872032494820094
78.6039,disk0w,2189602144256,19770747,1285341647748
78.6039,disk4,4508528969728,9108196,59622056506188
78.6039,disk4w,2195456,171,27582691
78.6039,disk8,5059292637184,5101867,53981937008780
78.6039,disk8w,334225408,43653,2180537632
78.6039,disk6,8069256366080,13239650,124267402052523
78.6039,disk6w,380928,53,8067940
78.6039,ram,520257536,65650524160,283049
78.6039,cpu,15778165,22561263,541779991
78.6039,gpu,0,0,0
78.8054,disk0,932322364817408,2100724695,12872039692763439
78.8054,disk0w,2189602144256,19770747,1285341647748
78.8054,disk4,4509113124864,9109351,59624641136556
78.8054,disk4w,2195456,171,27582691
78.8054,disk8,5059828328448,5102416,53982721114731
78.8054,disk8w,334225408,43653,2180537632
78.8054,disk6,8070492424192,13241992,124283262551234
78.8054,disk6w,380928,53,8067940
78.8054,ram,520257536,65650524160,283049
78.8054,cpu,15778165,22561263,541779991
78.8054,gpu,30,12,0
79.0054,disk0,932323982008320,2100731067,12872047645878610
79.0054,disk0w,2189602152448,19770749,1285341696581
79.0054,disk4,4510069983232,9111312,59637486809434
79.0054,disk4w,2195456,171,27582691
79.0054,disk8,5060473546752,5103077,53983906228840
79.0054,disk8w,334225408,43653,2180537632
79.0054,disk6,8071674157056,13243565,124292231286282
79.0054,disk6w,380928,53,8067940
79.0054,ram,520257536,65650524160,283049
79.0054,cpu,15778165,22561263,541779991
79.0054,gpu,36,13,0
79.2054,disk0,932326372859904,2100735129,12872060617846801
79.2054,disk0w,2189602152448,19770749,1285341696581
79.2054,disk4,4510878304256,9112971,59644137172663
79.2054,disk4w,2195456,171,27582691
79.2054,disk8,5061092861952,5103712,53984662344412
79.2054,disk8w,334225408,43653,2180537632
79.2054,disk6,8072877955072,13245008,124298738289589
79.2054,disk6w,380928,53,8067940
79.2054,ram,520257536,65650524160,283049
79.2054,cpu,15778165,22561263,541779991
79.2054,gpu,0,0,0
79.4054,disk0,932328426577920,2100738977,12872071318680304
79.4054,disk0w,2189602152448,19770749,1285341696581
79.4054,disk4,4511753472000,9114763,59651523459148
79.4054,disk4w,2195456,171,27582691
79.4054,disk8,5061654898688,5104288,53985356604796
79.4054,disk8w,334225408,43653,2180537632
79.4054,disk6,8074130216960,13246897,124309910748211
79.4054,disk6w,380928,53,8067940
79.4054,ram,542588928,65663959040,283049
79.4054,cpu,15778201,22561389,541781644
79.4054,gpu,0,0,0
79.6054,disk0,932330432028672,2100743102,12872080133056862
79.6054,disk0w,2189602152448,19770749,1285341696581
79.6054,disk4,4512595888128,9116469,59656861222964
79.6054,disk4w,2195456,171,27582691
79.6054,disk8,5062223226880,5104870,53986070846227
79.6054,disk8w,334225408,43653,2180537632
79.6054,disk6,8075535931392,13249092,124323809622936
79.6054,disk6w,380928,53,8067940
79.6054,ram,542588928,65663959040,283049
79.6054,cpu,15778201,22561389,541781644
79.6054,gpu,0,0,0
79.8054,disk0,932332058345472,2100746657,12872085425570203
79.8054,disk0w,2189602152448,19770749,1285341696581
79.8054,disk4,4513403586560,9118034,59661622036812
79.8054,disk4w,2195456,171,27582691
79.8054,disk8,5062743844864,5105404,53986770023180
79.8054,disk8w,334225408,43653,2180537632
79.8054,disk6,8076947957760,13251617,124343468969562
79.8054,disk6w,380928,53,8067940
79.8054,ram,542588928,65663959040,283049
79.8054,cpu,15778201,22561389,541781644
79.8054,gpu,0,0,0
80.0055,disk0,932333900681216,2100750902,12872092750956175
80.0055,disk0w,2189602152448,19770749,1285341696581
80.0055,disk4,4514412414976,9120033,59675998990128
80.0055,disk4w,2195456,171,27582691
80.0055,disk8,5063235627008,5105908,53987385006843
80.0055,disk8w,334225408,43653,2180537632
80.0055,disk6,8078116284416,13253639,124352155268306
80.0055,disk6w,380928,53,8067940
80.0055,ram,542588928,65663959040,283049
80.0055,cpu,15778201,22561389,541781644
80.0055,gpu,40,16,0
80.2054,disk0,932335851245568,2100761843,12872105659191072
80.2054,disk0w,2189602152448,19770749,1285341696581
80.2054,disk4,4514956380160,9121104,59678436875409
80.2054,disk4w,2195456,171,27582691
80.2054,disk8,5063803955200,5106490,53988086116988
80.2054,disk8w,334225408,43653,2180537632
80.2054,disk6,8079497832448,13255994,124369852848736
80.2054,disk6w,380928,53,8067940
80.2054,ram,542588928,65663959040,283049
80.2054,cpu,15778201,22561389,541781644
80.2054,gpu,30,11,0
80.4039,disk0,932337545322496,2100764850,12872114059739893
80.4039,disk0w,2189602152448,19770749,1285341696581
80.4039,disk4,4515769042944,9122724,59687782561566
80.4039,disk4w,2195456,171,27582691
80.4039,disk8,5064271833088,5106970,53988967052961
80.4039,disk8w,334225408,43653,2180537632
80.4039,disk6,8080615335936,13258123,124381606074678
80.4039,disk6w,380928,53,8067940
80.4039,ram,542392320,65359396864,283049
80.4039,cpu,15778248,22561541,541783263
80.4039,gpu,0,0,0
80.6054,disk0,932339372756992,2100772465,12872122851198660
80.6054,disk0w,2189602152448,19770749,1285341696581
80.6054,disk4,4516602669056,9124434,59695477847027
80.6054,disk4w,2195456,171,27582691
80.6054,disk8,5064727046144,5107436,53989538403345
80.6054,disk8w,334225408,43653,2180537632
80.6054,disk6,8081954023424,13260023,124395065383806
80.6054,disk6w,380928,53,8067940
80.6054,ram,542392320,65359396864,283049
80.6054,cpu,15778248,22561541,541783263
80.6054,gpu,0,0,0
80.8050,disk0,932341246398464,2100775643,12872130808900504
80.8050,disk0w,2189602152448,19770749,1285341696581
80.8050,disk4,4517237524480,9125736,59699867145235
80.8050,disk4w,2195456,171,27582691
80.8050,disk8,5065158797312,5107879,53990011471439
80.8050,disk8w,334225408,43653,2180537632
80.8050,disk6,8083248474112,13261605,124407232438682
80.8050,disk6w,380928,53,8067940
80.8050,ram,542392320,65359396864,283049
80.8050,cpu,15778248,22561541,541783263
80.8050,gpu,48,18,0
81.0054,disk0,932343498780672,2100779916,12872142052220376
81.0054,disk0w,2189602152448,19770749,1285341696581
81.0054,disk4,4518041929728,9127383,59705937459987
81.0054,disk4w,2195456,171,27582691
81.0054,disk8,5065694488576,5108428,53990611980965
81.0054,disk8w,334225408,43653,2180537632
81.0054,disk6,8084446341120,13263402,124418321096289
81.0054,disk6w,380928,53,8067940
81.0054,ram,542392320,65359396864,283049
81.0054,cpu,15778248,22561541,541783263
81.0054,gpu,0,0,0
81.2032,disk0,932345566179328,2100783754,12872151608359231
81.2032,disk0w,2189602152448,19770749,1285341696581
81.2032,disk4,4518816253952,9128952,59711088048875
81.2032,disk4w,2195456,171,27582691
81.2032,disk8,5066229786624,5108976,53991274736370
81.2032,disk8w,334225408,43653,2180537632
81.2032,disk6,8085793597440,13265401,124431217487795
81.2032,disk6w,380928,53,8067940
81.2032,ram,542392320,65359396864,283049
81.2032,cpu,15778248,22561541,541783263
81.2032,gpu,0,0,0
81.4054,disk0,932347750998016,2100788375,12872161890157675
81.4054,disk0w,2189602152448,19770749,1285341696581
81.4054,disk4,4519736969216,9130739,59717552116709
81.4054,disk4w,2195456,171,27582691
81.4054,disk8,5066763380736,5109523,53991932743796
81.4054,disk8w,334225408,43653,2180537632
81.4054,disk6,8087174981632,13267940,124445290629212
81.4054,disk6w,380928,53,8067940
81.4054,ram,542162944,65599324160,283049
81.4054,cpu,15778282,22561662,541784978
81.4054,gpu,35,15,0
81.6054,disk0,932349850402816,2100792817,12872175683967767
81.6054,disk0w,2189602152448,19770749,1285341696581
81.6054,disk4,4520490600448,9132225,59723393648419
81.6054,disk4w,2195456,171,27582691
81.6054,disk8,5067290290176,5110063,53992673397791
81.6054,disk8w,334225408,43653,2180537632
81.6054,disk6,8088263108608,13269949,124456212635874
81.6054,disk6w,380928,53,8067940
81.6054,ram,542162944,65599324160,283049
81.6054,cpu,15778282,22561662,541784978
81.6054,gpu,0,0,0
81.8043,disk0,932351738290176,2100803205,12872190265867191
81.8043,disk0w,2189602152448,19770749,1285341696581
81.8043,disk4,4521332869120,9133883,59729879942620
81.8043,disk4w,2195456,171,27582691
81.8043,disk8,5067863599104,5110651,53993413993098
81.8043,disk8w,334225408,43653,2180537632
81.8043,disk6,8089608873984,13272216,124468503482582
81.8043,disk6w,380928,53,8067940
81.8043,ram,542162944,65599324160,283049
81.8043,cpu,15778282,22561662,541784978
81.8043,gpu,0,0,0
82.0054,disk0,932353645486080,2100806513,12872200987479405
82.0054,disk0w,2189602152448,19770749,1285341696581
82.0054,disk4,4521922660352,9135060,59733489496770
82.0054,disk4w,2195456,171,27582691
82.0054,disk8,5068441954304,5111242,53994578383362
82.0054,disk8w,334225408,43653,2180537632
82.0054,disk6,8090694494208,13274201,124480617238036
82.0054,disk6w,380928,53,8067940
82.0054,ram,542162944,65599324160,283049
82.0054,cpu,15778282,22561662,541784978
82.0054,gpu,0,0,0
82.2054,disk0,932355656724480,2100814287,12872210764401946
82.2054,disk0w,2189602152448,19770749,1285341696581
82.2054,disk4,4522832218112,9136923,59743374540039
82.2054,disk4w,2195456,171,27582691
82.2054,disk8,5069136881664,5111956,53995907460713
82.2054,disk8w,334225408,43653,2180537632
82.2054,disk6,8091948771328,13276065,124490517634622
82.2054,disk6w,380928,53,8067940
82.2054,ram,542162944,65599324160,283049
82.2054,cpu,15778282,22561662,541784978
82.2054,gpu,0,0,0
82.4054,disk0,932357718700032,2100817601,12872219242308244
82.4054,disk0w,2189602152448,19770749,1285341696581
82.4054,disk4,4523657603072,9138613,59751205490015
82.4054,disk4w,2195456,171,27582691
82.4054,disk8,5069611100160,5112442,53996511060019
82.4054,disk8w,334225408,43653,2180537632
82.4054,disk6,8093256263680,13277719,124499745232911
82.4054,disk6w,380928,53,8067940
82.4054,ram,542523392,65683980288,283049
82.4054,cpu,15778318,22561786,541786632
82.4054,gpu,39,15,0
82.6045,disk0,932359949398016,2100821880,12872230327103196
82.6045,disk0w,2189602152448,19770749,1285341696581
82.6045,disk4,4524505507840,9140351,59756838266775
82.6045,disk4w,2195456,171,27582691
82.6045,disk8,5070173136896,5113018,53997378368906
82.6045,disk8w,334225408,43653,2180537632
82.6045,disk6,8094549518336,13279729,124510843030477
82.6045,disk6w,380928,53,8067940
82.6045,ram,543080448,65683980288,283049
82.6045,cpu,15778318,22561786,541786636
82.6045,gpu,0,0,0
82.8054,disk0,932362291998720,2100826804,12872242587079631
82.8054,disk0w,2189602152448,19770749,1285341696581
82.8054,disk4,4525128714240,9141596,59759954248655
82.8054,disk4w,2195456,171,27582691
82.8054,disk8,5070717609984,5113576,53997973649680
82.8054,disk8w,334225408,43653,2180537632
82.8054,disk6,8095966685184,13281901,124524949441457
82.8054,disk6w,380928,53,8067940
82.8054,ram,543080448,65683980288,283049
82.8054,cpu,15778318,22561786,541786636
82.8054,gpu,0,0,0
83.0054,disk0,932364053229568,2100830619,12872249358004352
83.0054,disk0w,2189602152448,19770749,1285341696581
83.0054,disk4,4525774292992,9142857,59762888249023
83.0054,disk4w,2195456,171,27582691
83.0054,disk8,5071313725440,5114187,53998630073431
83.0054,disk8w,334225408,43653,2180537632
83.0054,disk6,8097383196672,13284355,124544978085270
83.0054,disk6w,380928,53,8067940
83.0054,ram,543080448,65683980288,283049
83.0054,cpu,15778318,22561786,541786636
83.0054,gpu,45,18,0
83.2004,disk0,932366095785984,2100836212,12872262727020286
83.2004,disk0w,2189602152448,19770749,1285341696581
83.2004,disk4,4526634108928,9144557,59768567729674
83.2004,disk4w,2195456,171,27582691
83.2004,disk8,5071896471552,5114784,53999277759509
83.2004,disk8w,334225408,43653,2180537632
83.2004,disk6,8098634196992,13286456,124557601502290
83.2004,disk6w,380928,53,8067940
83.2004,ram,543080448,65683980288,283049
83.2004,cpu,15778318,22561786,541786636
83.2004,gpu,55,19,0
83.4054,disk0,932368306327552,2100840644,12872271873912365
83.4054,disk0w,2189602152448,19770749,1285341696581
83.4054,disk4,4527432124416,9146131,59773310985302
83.4054,disk4w,2195456,171,27582691
83.4054,disk8,5072510150656,5115413,54000039347002
83.4054,disk8w,334225408,43653,2180537632
83.4054,disk6,8100013762560,13289129,124574796594324
83.4054,disk6w,380928,53,8067940
83.4054,ram,546193408,64130514944,283049
83.4054,cpu,15778353,22561904,541788192
83.4054,gpu,0,0,0
83.6054,disk0,932369930317824,2100845666,12872280637424033
83.6054,disk0w,2189602152448,19770749,1285341696581
83.6054,disk4,4528143190016,9147590,59779437263573
83.6054,disk4w,2195456,171,27582691
83.6054,disk8,5073027164160,5115943,54001246612235
83.6054,disk8w,334225408,43653,2180537632
83.6054,disk6,8101182269440,13290904,124586564688609
83.6054,disk6w,380928,53,8067940
83.6054,ram,546783232,64238780416,283049
83.6054,cpu,15778353,22561904,541788192
83.6054,gpu,41,15,0
83.8054,disk0,932372205826048,2100849819,12872292431611314
83.8054,disk0w,2189602152448,19770749,1285341696581
83.8054,disk4,4528827533312,9148992,59783286373823
83.8054,disk4w,2195456,171,27582691
83.8054,disk8,5073483819008,5116411,54001806791996
83.8054,disk8w,334225408,43653,2180537632
83.8054,disk6,8102538930176,13292600,124597438772754
83.8054,disk6w,380928,53,8067940
83.8054,ram,546783232,64238780416,283049
83.8054,cpu,15778353,22561904,541788192
83.8054,gpu,0,0,0
84.0054,disk0,932374219177984,2100853790,12872303551619949
84.0054,disk0w,2189602152448,19770749,1285341696581
84.0054,disk4,4529731749888,9150847,59790795498810
84.0054,disk4w,2195456,171,27582691
84.0054,disk8,5074054637568,5116996,54002496930967
84.0054,disk8w,334225408,43653,2180537632
84.0054,disk6,8103762683904,13294314,124606640278459
84.0054,disk6w,380928,53,8067940
84.0054,ram,546783232,64238780416,283049
84.0054,cpu,15778353,22561904,541788192
84.0054,gpu,0,0,0
84.2054,disk0,932376487821312,2100858159,12872315451950499
84.2054,disk0w,2189602152448,19770749,1285341696581
84.2054,disk4,4530452473856,9152324,59796990412688
84.2054,disk4w,2195456,171,27582691
84.2054,disk8,5074590328832,5117545,54003149661034
84.2054,disk8w,334225408,43653,2180537632
84.2054,disk6,8105083709440,13296395,124618801540717
84.2054,disk6w,380928,53,8067940
84.2054,ram,546783232,64238780416,283049
84.2054,cpu,15778353,22561904,541788192
84.2054,gpu,45,18,0
84.4054,disk0,932378398310400,2100862461,12872323835996868
84.4054,disk0w,2189602152448,19770749,1285341696581
84.4054,disk4,4531152553984,9153683,59800662293810
84.4054,disk4w,2195456,171,27582691
84.4054,disk8,5075126020096,5118094,54003757644351
84.4054,disk8w,334225408,43653,2180537632
84.4054,disk6,8106474891264,13298709,124637415237857
84.4054,disk6w,380928,53,8067940
84.4054,ram,544669696,65612890112,283049
84.4054,cpu,15778395,22562031,541789873
84.4054,gpu,35,21,0
84.6054,disk0,932380145975296,2100866059,12872330205722846
84.6054,disk0w,2189602152448,19770749,1285341696581
84.6054,disk4,4531833374720,9155024,59806674798312
84.6054,disk4w,2195456,171,27582691
84.6054,disk8,5075725281280,5118708,54004517532764
84.6054,disk8w,334225408,43653,2180537632
84.6054,disk6,8107777304576,13301070,124655232605809
84.6054,disk6w,380928,53,8067940
84.6054,ram,544669696,65612890112,283049
84.6054,cpu,15778395,22562033,541789948
84.6054,gpu,0,0,0
84.8054,disk0,932381684441088,2100871579,12872338216169478
84.8054,disk0w,2189602152448,19770749,1285341696581
84.8054,disk4,4532556335104,9156451,59811812321536
84.8054,disk4w,2195456,171,27582691
84.8054,disk8,5076250093568,5119246,54005071596719
84.8054,disk8w,334225408,43653,2180537632
84.8054,disk6,8109107292160,13303263,124672056552657
84.8054,disk6w,380928,53,8067940
84.8054,ram,544669696,65612890112,283049
84.8054,cpu,15778395,22562033,541789948
84.8054,gpu,34,22,0
85.0054,disk0,932383965310976,2100875718,12872348837075592
85.0054,disk0w,2189602152448,19770749,1285341696581
85.0054,disk4,4533319649280,9157965,59818103291378
85.0054,disk4w,2195456,171,27582691
85.0054,disk8,5076803348480,5119813,54005693208700
85.0054,disk8w,334225408,43653,2180537632
85.0054,disk6,8110343792640,13305594,124683402599001
85.0054,disk6w,380928,53,8067940
85.0054,ram,544669696,65612890112,283049
85.0054,cpu,15778395,22562033,541789948
85.0054,gpu,34,12,0
85.2054,disk0,932385658044416,2100883363,12872357229374247
85.2054,disk0w,2189602152448,19770749,1285341696581
85.2054,disk4,4534128920576,9159621,59826877179749
85.2054,disk4w,2195456,171,27582691
85.2054,disk8,5077338990592,5120362,54006785272059
85.2054,disk8w,334225408,43653,2180537632
85.2054,disk6,8111569463296,13307294,124694471637569
85.2054,disk6w,380928,53,8067940
85.2054,ram,544669696,65612890112,283049
85.2054,cpu,15778395,22562033,541789948
85.2054,gpu,0,0,0
85.4054,disk0,932388031840256,2100887511,12872368894148239
85.4054,disk0w,2189602152448,19770749,1285341696581
85.4054,disk4,4534865635328,9161132,59831672777996
85.4054,disk4w,2195456,171,27582691
85.4054,disk8,5078050318336,5121091,54007877805349
85.4054,disk8w,334225408,43653,2180537632
85.4054,disk6,8112843778048,13308824,124702286117912
85.4054,disk6w,380928,53,8067940
85.4054,ram,542572544,65663467520,283049
85.4054,cpu,15778446,22562180,541791449
85.4054,gpu,48,15,0
85.6054,disk0,932390049906688,2100891257,12872376532290577
85.6054,disk0w,2189602152448,19770749,1285341696581
85.6054,disk4,4535723640832,9162892,59837540320073
85.6054,disk4w,2195456,171,27582691
85.6054,disk8,5078706464768,5121763,54008718992014
85.6054,disk8w,334225408,43653,2180537632
85.6054,disk6,8114214414336,13310923,124715984163629
85.6054,disk6w,380928,53,8067940
85.6054,ram,543145984,65663467520,283049
85.6054,cpu,15778449,22562187,541791552
85.6054,gpu,32,16,0
85.8054,disk0,932392246444032,2100895755,12872386800013882
85.8054,disk0w,2189602152448,19770749,1285341696581
85.8054,disk4,4536578885632,9164623,59842400232650
85.8054,disk4w,2195456,171,27582691
85.8054,disk8,5079367591936,5122441,54009566193653
85.8054,disk8w,334225408,43653,2180537632
85.8054,disk6,8115544549376,13313007,124729806169781
85.8054,disk6w,380928,53,8067940
85.8054,ram,543145984,65663467520,283049
85.8054,cpu,15778449,22562187,541791552
85.8054,gpu,0,0,0
86.0050,disk0,932394155008000,2100900125,12872394611278536
86.0050,disk0w,2189602152448,19770749,1285341696581
86.0050,disk4,4537346770944,9166112,59845925297980
86.0050,disk4w,2195456,171,27582691
86.0050,disk8,5079903283200,5122990,54010293535476
86.0050,disk8w,334225408,43653,2180537632
86.0050,disk6,8116945922048,13315549,124750065140588
86.0050,disk6w,380928,53,8067940
86.0050,ram,543145984,65663467520,283049
86.0050,cpu,15778449,22562187,541791552
86.0050,gpu,0,0,0
86.2054,disk0,932396156485632,2100904867,12872404377625942
86.2054,disk0w,2189602152448,19770749,1285341696581
86.2054,disk4,4538378946560,9168155,59857510588521
86.2054,disk4w,2195456,171,27582691
86.2054,disk8,5080493762560,5123595,54011098036638
86.2054,disk8w,334225408,43653,2180537632
86.2054,disk6,8118190254080,13317743,124759438199996
86.2054,disk6w,380928,53,8067940
86.2054,ram,543145984,65663467520,283049
86.2054,cpu,15778449,22562187,541791552
86.2054,gpu,0,0,0
86.4054,disk0,932398176595968,2100911584,12872415298667306
86.4054,disk0w,2189602177024,19770755,1285341787329
86.4054,disk4,4539198015488,9169767,59864751811071
86.4054,disk4w,2195456,171,27582691
86.4054,disk8,5081106393088,5124223,54011876818091
86.4054,disk8w,334225408,43653,2180537632
86.4054,disk6,8119410571264,13319990,124771032873635
86.4054,disk6w,380928,53,8067940
86.4054,ram,543145984,65663467520,283049
86.4054,cpu,15778449,22562187,541791552
86.4054,gpu,0,0,0
86.6052,disk0,932399977091072,2100914793,12872424393056680
86.6052,disk0w,2189602177024,19770755,1285341787329
86.6052,disk4,4540006778880,9171394,59870796580663
86.6052,disk4w,2195456,171,27582691
86.6052,disk8,5081604417536,5124733,54012660408581
86.6052,disk8w,334225408,43653,2180537632
86.6052,disk6,8120473942016,13321703,124781884600420
86.6052,disk6w,380928,53,8067940
86.6052,ram,540737536,64133840896,283049
86.6052,cpu,15778480,22562308,541793161
86.6052,gpu,0,0,0
86.8054,disk0,932401923608576,2100920683,12872434612526472
86.8054,disk0w,2189602177024,19770755,1285341787329
86.8054,disk4,4540777048064,9172972,59876923373498
86.8054,disk4w,2195456,171,27582691
86.8054,disk8,5082119399424,5125261,54013279438792
86.8054,disk8w,334225408,43653,2180537632
86.8054,disk6,8121772603392,13323421,124793791591768
86.8054,disk6w,380928,53,8067940
86.8054,ram,540737536,64133840896,283049
86.8054,cpu,15778480,22562308,541793161
86.8054,gpu,0,0,0
87.0054,disk0,932404173246464,2100924626,12872445700959660
87.0054,disk0w,2189602185216,19770757,1285341826536
87.0054,disk4,4541562578944,9174582,59885778914594
87.0054,disk4w,2195456,171,27582691
87.0054,disk8,5082715514880,5125872,54014027093330
87.0054,disk8w,334225408,43653,2180537632
87.0054,disk6,8123085928448,13325178,124801521562771
87.0054,disk6w,380928,53,8067940
87.0054,ram,540737536,64133840896,283049
87.0054,cpu,15778480,22562308,541793161
87.0054,gpu,0,0,0
87.2054,disk0,932406396526592,2100929224,12872459805099954
87.2054,disk0w,2189602185216,19770757,1285341826536
87.2054,disk4,4542505338880,9176513,59893717935320
87.2054,disk4w,2195456,171,27582691
87.2054,disk8,5083303897088,5126475,54014771871746
87.2054,disk8w,334225408,43653,2180537632
87.2054,disk6,8124236085248,13326846,124808500867589
87.2054,disk6w,380928,53,8067940
87.2054,ram,540737536,64133840896,283049
87.2054,cpu,15778480,22562308,541793161
87.2054,gpu,35,14,0
87.4054,disk0,932408028176384,2100932745,12872465016593762
87.4054,disk0w,2189602185216,19770757,1285341826536
87.4054,disk4,4543228971008,9177928,59897332205194
87.4054,disk4w,2195456,171,27582691
87.4054,disk8,5083816388608,5127000,54015370263201
87.4054,disk8w,334225408,43653,2180537632
87.4054,disk6,8125650716672,13329230,124828808207749
87.4054,disk6w,380928,53,8067940
87.4054,ram,540737536,64133840896,283049
87.4054,cpu,15778480,22562308,541793161
87.4054,gpu,36,19,0
87.6054,disk0,932410063421440,2100937346,12872474062970765
87.6054,disk0w,2189602185216,19770757,1285341826536
87.6054,disk4,4543967143936,9179384,59904361386553
87.6054,disk4w,2195456,171,27582691
87.6054,disk8,5084315904000,5127512,54015990246449
87.6054,disk8w,334225408,43653,2180537632
87.6054,disk6,8126949181440,13331635,124842397638947
87.6054,disk6w,380928,53,8067940
87.6054,ram,545964032,65708212224,283049
87.6054,cpu,15778531,22562450,541794893
87.6054,gpu,0,0,0
87.8054,disk0,932411682766848,2100943269,12872481270341107
87.8054,disk0w,2189602185216,19770757,1285341826536
87.8054,disk4,4544930220032,9181280,59912379630443
87.8054,disk4w,2195456,171,27582691
87.8054,disk8,5084803491840,5128012,54016569110254
87.8054,disk8w,334225408,43653,2180537632
87.8054,disk6,8128316426240,13333896,124857764261235
87.8054,disk6w,380928,53,8067940
87.8054,ram,545964032,65708212224,283049
87.8054,cpu,15778531,22562450,541794893
87.8054,gpu,68,26,0
88.0054,disk0,932413851910144,2100947000,12872489731419925
88.0054,disk0w,2189602185216,19770757,1285341826536
88.0054,disk4,4545709148160,9182823,59919116122813
88.0054,disk4w,2195456,171,27582691
88.0054,disk8,5085374310400,5128597,54017258699638
88.0054,disk8w,334225408,43653,2180537632
88.0054,disk6,8129642825728,13336409,124872434102987
88.0054,disk6w,380928,53,8067940
88.0054,ram,545964032,65708212224,283049
88.0054,cpu,15778531,22562450,541794893
88.0054,gpu,0,0,0
88.2026,disk0,932415528751104,2100954443,12872501334012420
88.2026,disk0w,2189602185216,19770757,1285341826536
88.2026,disk4,4546490755072,9184422,59927497445627
88.2026,disk4w,2195456,171,27582691
88.2026,disk8,5085711149056,5128942,54017646008350
88.2026,disk8w,334225408,43653,2180537632
88.2026,disk6,8130741946368,13338010,124882674214012
88.2026,disk6w,380928,53,8067940
88.2026,ram,545964032,65708212224,283049
88.2026,cpu,15778531,22562450,541794893
88.2026,gpu,0,0,0
88.4047,disk0,932417663569920,2100958223,12872509651358783
88.4047,disk0w,2189602185216,19770757,1285341826536
88.4047,disk4,4547205384192,9185886,59932726443349
88.4047,disk4w,2195456,171,27582691
88.4047,disk8,5086264403968,5129509,54018369562039
88.4047,disk8w,334225408,43653,2180537632
88.4047,disk6,8132127098880,13339757,124894633891564
88.4047,disk6w,380928,53,8067940
88.4047,ram,545964032,65708212224,283049
88.4047,cpu,15778531,22562450,541794893
88.4047,gpu,40,13,0
88.6054,disk0,932419853570048,2100962412,12872521441769224
88.6054,disk0w,2189602185216,19770757,1285341826536
88.6054,disk4,4548063102976,9187645,59938548933547
88.6054,disk4w,2195456,171,27582691
88.6054,disk8,5086823294976,5130082,54019071732859
88.6054,disk8w,334225408,43653,2180537632
88.6054,disk6,8133344118784,13341501,124905640937805
88.6054,disk6w,380928,53,8067940
88.6054,ram,546357248,65673347072,283049
88.6054,cpu,15778565,22562570,541796556
88.6054,gpu,33,16,0
88.8054,disk0,932421973602304,2100966722,12872532829217207
88.8054,disk0w,2189602234368,19770769,1285342017739
88.8054,disk4,4548857825280,9189274,59944850849311
88.8054,disk4w,2195456,171,27582691
88.8054,disk8,5087350204416,5130622,54019715817341
88.8054,disk8w,334225408,43653,2180537632
88.8054,disk6,8134637963264,13343440,124916973951529
88.8054,disk6w,380928,53,8067940
88.8054,ram,546357248,65673347072,283049
88.8054,cpu,15778565,22562570,541796556
88.8054,gpu,0,0,0
89.0054,disk0,932423793213440,2100970660,12872539312583500
89.0054,disk0w,2189602250752,19770773,1285342072904
89.0054,disk4,4549616551936,9190750,59949459008517
89.0054,disk4w,2195456,171,27582691
89.0054,disk8,5087833204736,5131117,54020209863505
89.0054,disk8w,334225408,43653,2180537632
89.0054,disk6,8136048379904,13345772,124936553149454
89.0054,disk6w,380928,53,8067940
89.0054,ram,546357248,65673347072,283049
89.0054,cpu,15778565,22562570,541796556
89.0054,gpu,0,0,0
89.2054,disk0,932425633415168,2100974646,12872545429211993
89.2054,disk0w,2189602283520,19770781,1285342172444
89.2054,disk4,4550442862592,9192372,59956198013981
89.2054,disk4w,2195456,171,27582691
89.2054,disk8,5088445835264,5131745,54020978759422
89.2054,disk8w,334225408,43653,2180537632
89.2054,disk6,8137417459712,13348331,124953890579764
89.2054,disk6w,380928,53,8067940
89.2054,ram,546357248,65673347072,283049
89.2054,cpu,15778565,22562570,541796556
89.2054,gpu,0,0,0
89.4054,disk0,932427772887040,2100980419,12872558242637406
89.4054,disk0w,2189602283520,19770781,1285342172444
89.4054,disk4,4551340771328,9194143,59962838353709
89.4054,disk4w,2195456,171,27582691
89.4054,disk8,5089001187328,5132314,54021646974484
89.4054,disk8w,334225408,43653,2180537632
89.4054,disk6,8138726508544,13350530,124966411370694
89.4054,disk6w,380928,53,8067940
89.4054,ram,546357248,65673347072,283049
89.4054,cpu,15778565,22562570,541796556
89.4054,gpu,0,0,0
89.6054,disk0,932429776019456,2100987686,12872570592119177
89.6054,disk0w,2189602283520,19770781,1285342172444
89.6054,disk4,4552042137600,9195527,59969040076037
89.6054,disk4w,2195456,171,27582691
89.6054,disk8,5089546708992,5132873,54022404418925
89.6054,disk8w,334225408,43653,2180537632
89.6054,disk6,8140064360448,13352947,124980707911004
89.6054,disk6w,380928,53,8067940
89.6054,ram,538804224,64093454336,283049
89.6054,cpu,15778602,22562687,541798056
89.6054,gpu,0,0,0
89.8054,disk0,932431461756928,2100990800,12872578415219005
89.8054,disk0w,2189602283520,19770781,1285342172444
89.8054,disk4,4552753334272,9196966,59975289194092
89.8054,disk4w,2195456,171,27582691
89.8054,disk8,5090106566656,5133447,54023764431266
89.8054,disk8w,334225408,43653,2180537632
89.8054,disk6,8141181782016,13354701,124990579613369
89.8054,disk6w,380928,53,8067940
89.8054,ram,538804224,64093454336,283049
89.8054,cpu,15778602,22562687,541798056
89.8054,gpu,47,35,0
90.0054,disk0,932433268838400,2100995107,12872585503759883
90.0054,disk0w,2189602283520,19770781,1285342172444
90.0054,disk4,4553628452864,9198758,59983437385036
90.0054,disk4w,2195456,171,27582691
90.0054,disk8,5090643306496,5133997,54024471314531
90.0054,disk8w,334225408,43653,2180537632
90.0054,disk6,8142494468096,13356382,125001728313433
90.0054,disk6w,380928,53,8067940
90.0054,ram,538804224,64093454336,283049
90.0054,cpu,15778602,22562687,541798056
90.0054,gpu,0,0,0
90.2054,disk0,932435486085120,2100998887,12872596521145441
90.2054,disk0w,2189602283520,19770781,1285342172444
90.2054,disk4,4554279282688,9200091,59988231925817
90.2054,disk4w,2195456,171,27582691
90.2054,disk8,5091240470528,5134609,54025300158619
90.2054,disk8w,334225408,43653,2180537632
90.2054,disk6,8143817902080,13358200,125012035663829
90.2054,disk6w,380928,53,8067940
90.2054,ram,538804224,64093454336,283049
90.2054,cpu,15778602,22562687,541798056
90.2054,gpu,44,16,0
90.4019,disk0,932437682704384,2101003360,12872607976618608
90.4019,disk0w,2189602283520,19770781,1285342172444
90.4019,disk4,4555145684992,9201866,59994092409894
90.4019,disk4w,2195456,171,27582691
90.4019,disk8,5091793725440,5135176,54025916786851
90.4019,disk8w,334225408,43653,2180537632
90.4019,disk6,8145133979648,13360043,125022921617202
90.4019,disk6w,380928,53,8067940
90.4019,ram,538804224,64093454336,283049
90.4019,cpu,15778602,22562687,541798056
90.4019,gpu,0,0,0
90.6054,disk0,932439781183488,2101007842,12872620017423339
90.6054,disk0w,2189602283520,19770781,1285342172444
90.6054,disk4,4555903076352,9203360,59998043909054
90.6054,disk4w,2195456,171,27582691
90.6054,disk8,5092434798592,5135833,54026661126711
90.6054,disk8w,334225408,43653,2180537632
90.6054,disk6,8146476582912,13362240,125036798821552
90.6054,disk6w,380928,53,8067940
90.6054,ram,542605312,65617264640,283049
90.6054,cpu,15778649,22562829,541799685
90.6054,gpu,0,0,0
90.8054,disk0,932441578835968,2101011843,12872627081739669
90.8054,disk0w,2189602283520,19770781,1285342172444
90.8054,disk4,4556686018560,9204907,60007281959869
90.8054,disk4w,2195456,171,27582691
90.8054,disk8,5093031962624,5136445,54027403418176
90.8054,disk8w,334225408,43653,2180537632
90.8054,disk6,8147714017280,13364376,125051135906851
90.8054,disk6w,380928,53,8067940
90.8054,ram,542605312,65617264640,283049
90.8054,cpu,15778649,22562829,541799685
90.8054,gpu,65,28,0
91.0054,disk0,932443670515712,2101018099,12872639513223626
91.0054,disk0w,2189602283520,19770781,1285342172444
91.0054,disk4,4557315246080,9206151,60011429379646
91.0054,disk4w,2195456,171,27582691
91.0054,disk8,5093550090240,5136976,54028019466891
91.0054,disk8w,334225408,43653,2180537632
91.0054,disk6,8149066946560,13366621,125066731298535
91.0054,disk6w,380928,53,8067940
91.0054,ram,542605312,65617264640,283049
91.0054,cpu,15778649,22562829,541799685
91.0054,gpu,34,14,0
91.2054,disk0,932445743288320,2101021640,12872649716302631
91.2054,disk0w,2189602283520,19770781,1285342172444
91.2054,disk4,4557921011712,9207349,60014123088999
91.2054,disk4w,2195456,171,27582691
91.2054,disk8,5094094563328,5137534,54028840712981
91.2054,disk8w,334225408,43653,2180537632
91.2054,disk6,8150221510656,13368792,125079410831535
91.2054,disk6w,380928,53,8067940
91.2054,ram,542605312,65617264640,283049
91.2054,cpu,15778649,22562829,541799685
91.2054,gpu,0,0,0
91.4054,disk0,932447476727808,2101026050,12872656555386612
91.4054,disk0w,2189602283520,19770781,1285342172444
91.4054,disk4,4558601308160,9208743,60018221403620
91.4054,disk4w,2195456,171,27582691
91.4054,disk8,5094674114560,5138128,54029964273492
91.4054,disk8w,334225408,43653,2180537632
91.4054,disk6,8151547353088,13370741,125094926509278
91.4054,disk6w,380928,53,8067940
91.4054,ram,542605312,65617264640,283049
91.4054,cpu,15778649,22562829,541799685
91.4054,gpu,41,19,0
91.6054,disk0,932449690910720,2101030121,12872664926445928
91.6054,disk0w,2189602283520,19770781,1285342172444
91.6054,disk4,4559419738112,9210421,60024330860771
91.6054,disk4w,2195456,171,27582691
91.6054,disk8,5095262496768,5138731,54030809638337
91.6054,disk8w,334225408,43653,2180537632
91.6054,disk6,8152894986240,13372382,125105158984987
91.6054,disk6w,380928,53,8067940
91.6054,ram,543981568,65623506944,283049
91.6054,cpu,15778698,22562972,541801366
91.6054,gpu,35,13,0
91.8054,disk0,932451852828672,2101034286,12872673507063577
91.8054,disk0w,2189602283520,19770781,1285342172444
91.8054,disk4,4560272345088,9212170,60030876515293
91.8054,disk4w,2195456,171,27582691
91.8054,disk8,5095859660800,5139343,54031635750801
91.8054,disk8w,334225408,43653,2180537632
91.8054,disk6,8154231445504,13374426,125117268568261
91.8054,disk6w,380928,53,8067940
91.8054,ram,543981568,65623506944,283049
91.8054,cpu,15778698,22562972,541801366
91.8054,gpu,0,0,0
92.0054,disk0,932453752721408,2101038097,12872679491427344
92.0054,disk0w,2189602283520,19770781,1285342172444
92.0054,disk4,4560971892736,9213588,60034740116765
92.0054,disk4w,2195456,171,27582691
92.0054,disk8,5096307533824,5139802,54032120558812
92.0054,disk8w,334225408,43653,2180537632
92.0054,disk6,8155648645120,13376499,125134467031454
92.0054,disk6w,380928,53,8067940
92.0054,ram,543981568,65623506944,283049
92.0054,cpu,15778698,22562972,541801366
92.0054,gpu,0,0,0
92.2054,disk0,932455489638400,2101041940,12872686648457188
92.2054,disk0w,2189602283520,19770781,1285342172444
92.2054,disk4,4561642604544,9214888,60038037329110
92.2054,disk4w,2195456,171,27582691
92.2054,disk8,5096799315968,5140306,54032669996111
92.2054,disk8w,334225408,43653,2180537632
92.2054,disk6,8157060798464,13378963,125154584571742
92.2054,disk6w,380928,53,8067940
92.2054,ram,543981568,65623506944,283049
92.2054,cpu,15778698,22562972,541801366
92.2054,gpu,0,0,0
92.4005,disk0,932457621426176,2101046825,12872696384698226
92.4005,disk0w,2189602283520,19770781,1285342172444
92.4005,disk4,4562489337856,9216559,60043393663104
92.4005,disk4w,2195456,171,27582691
92.4005,disk8,5097387698176,5140909,54033341523862
92.4005,disk8w,334225408,43653,2180537632
92.4005,disk6,8158407907328,13381292,125168785550284
92.4005,disk6w,380928,53,8067940
92.4005,ram,543981568,65623506944,283049
92.4005,cpu,15778698,22562972,541801366
92.4005,gpu,0,0,0
92.6054,disk0,932459805626368,2101053719,12872709863425133
92.6054,disk0w,2189602283520,19770781,1285342172444
92.6054,disk4,4563294144512,9218152,60051002964572
92.6054,disk4w,2195456,171,27582691
92.6054,disk8,5098042796032,5141580,54034280383797
92.6054,disk8w,334225408,43653,2180537632
92.6054,disk6,8159689676800,13383473,125180622968689
92.6054,disk6w,380928,53,8067940
92.6054,ram,544014336,64074416128,283049
92.6054,cpu,15778743,22563111,541802996
92.6054,gpu,37,12,0
92.8054,disk0,932461698023424,2101057165,12872718698538687
92.8054,disk0w,2189602283520,19770781,1285342172444
92.8054,disk4,4564041476096,9219653,60058208523554
92.8054,disk4w,2195456,171,27582691
92.8054,disk8,5098581927936,5142133,54036285668765
92.8054,disk8w,334225408,43653,2180537632
92.8054,disk6,8160757782528,13385456,125190274646319
92.8054,disk6w,380928,53,8067940
92.8054,ram,544456704,64074416128,283049
92.8054,cpu,15778743,22563111,541802996
92.8054,gpu,0,0,0
93.0054,disk0,932463622651904,2101061888,12872727388821278
93.0054,disk0w,2189602283520,19770781,1285342172444
93.0054,disk4,4565023320064,9221667,60070003382753
93.0054,disk4w,2195456,171,27582691
93.0054,disk8,5099195213824,5142761,54037140814897
93.0054,disk8w,334225408,43653,2180537632
93.0054,disk6,8161935300608,13387024,125197238627517
93.0054,disk6w,380928,53,8067940
93.0054,ram,544456704,64074416128,283049
93.0054,cpu,15778743,22563111,541802996
93.0054,gpu,48,15,0
93.2054,disk0,932465431056384,2101064850,12872732952848077
93.2054,disk0w,2189602283520,19770781,1285342172444
93.2054,disk4,4565773420544,9223206,60075242675429
93.2054,disk4w,2195456,171,27582691
93.2054,disk8,5099771668480,5143352,54037870323915
93.2054,disk8w,334225408,43653,2180537632
93.2054,disk6,8163300186112,13388795,125211323503251
93.2054,disk6w,380928,53,8067940
93.2054,ram,544456704,64074416128,283049
93.2054,cpu,15778743,22563111,541802996
93.2054,gpu,56,20,0
93.4054,disk0,932467472715776,2101068811,12872742264834180
93.4054,disk0w,2189602283520,19770781,1285342172444
93.4054,disk4,4566405138432,9224502,60078942820204
93.4054,disk4w,2195456,171,27582691
93.4054,disk8,5100434892800,5144032,54038776378057
93.4054,disk8w,334225408,43653,2180537632
93.4054,disk6,8164671363072,13390842,125225256603519
93.4054,disk6w,380928,53,8067940
93.4054,ram,544456704,64074416128,283049
93.4054,cpu,15778743,22563111,541802996
93.4054,gpu,35,15,0
93.6054,disk0,932469218332672,2101072472,12872752346856519
93.6054,disk0w,2189602283520,19770781,1285342172444
93.6054,disk4,4566945056768,9225581,60081620961717
93.6054,disk4w,2195456,171,27582691
93.6054,disk8,5101034153984,5144646,54039577180562
93.6054,disk8w,334225408,43653,2180537632
93.6054,disk6,8166012442624,13392968,125242030848371
93.6054,disk6w,380928,53,8067940
93.6054,ram,538738688,65610924032,283049
93.6054,cpu,15778778,22563225,541804667
93.6054,gpu,0,0,0
93.8022,disk0,932470832488448,2101076225,12872758692548748
93.8022,disk0w,2189602283520,19770781,1285342172444
93.8022,disk4,4567703635968,9227056,60086456689196
93.8022,disk4w,2195456,171,27582691
93.8022,disk8,5101532620800,5145157,54040163193128
93.8022,disk8w,334225408,43653,2180537632
93.8022,disk6,8167388305408,13395421,125261301440729
93.8022,disk6w,380928,53,8067940
93.8022,ram,538984448,65610924032,283049
93.8022,cpu,15778778,22563225,541804667
93.8022,gpu,50,27,0
94.0054,disk0,932472790204416,2101080921,12872768863298033
94.0054,disk0w,2189602283520,19770781,1285342172444
94.0054,disk4,4568475715584,9228581,60090763632509
94.0054,disk4w,2195456,171,27582691
94.0054,disk8,5102065821696,5145703,54040821958572
94.0054,disk8w,334225408,43653,2180537632
94.0054,disk6,8168790435840,13397726,125278036023535
94.0054,disk6w,380928,53,8067940
94.0054,ram,538984448,65610924032,283049
94.0054,cpu,15778778,22563225,541804667
94.0054,gpu,0,0,0
94.2055,disk0,932474482786304,2101086150,12872775719388166
94.2055,disk0w,2189602283520,19770781,1285342172444
94.2055,disk4,4569289648128,9230189,60097111965881
94.2055,disk4w,2195456,171,27582691
94.2055,disk8,5102621566976,5146273,54041449796218
94.2055,disk8w,334225408,43653,2180537632
94.2055,disk6,8170190686208,13400296,125296698004405
94.2055,disk6w,380928,53,8067940
94.2055,ram,538984448,65610924032,283049
94.2055,cpu,15778778,22563225,541804667
94.2055,gpu,0,0,0
94.4055,disk0,932476090277888,2101089067,12872783711260240
94.4055,disk0w,2189602283520,19770781,1285342172444
94.4055,disk4,4570090063872,9231807,60102739897176
94.4055,disk4w,2195456,171,27582691
94.4055,disk8,5103113332736,5146777,54042190731220
94.4055,disk8w,334225408,43653,2180537632
94.4055,disk6,8171311040512,13402052,125307425643385
94.4055,disk6w,380928,53,8067940
94.4055,ram,538984448,65610924032,283049
94.4055,cpu,15778778,22563225,541804667
94.4055,gpu,26,8,0
94.6055,disk0,932478052081664,2101094978,12872793843666192
94.6055,disk0w,2189602283520,19770781,1285342172444
94.6055,disk4,4570857949184,9233379,60108543107486
94.6055,disk4w,2195456,171,27582691
94.6055,disk8,5103719278592,5147398,54042980687592
94.6055,disk8w,334225408,43653,2180537632
94.6055,disk6,8172636260352,13403816,125318593936048
94.6055,disk6w,380928,53,8067940
94.6055,ram,538902528,65546846208,283049
94.6055,cpu,15778812,22563344,541806274
94.6055,gpu,40,18,0
94.8055,disk0,932480034709504,2101098339,12872803641880703
94.8055,disk0w,2189602283520,19770781,1285342172444
94.8055,disk4,4571692017664,9235089,60116296972951
94.8055,disk4w,2195456,171,27582691
94.8055,disk8,5104211060736,5147902,54043575207020
94.8055,disk8w,334225408,43653,2180537632
94.8055,disk6,8173863159808,13405431,125328750552728
94.8055,disk6w,380928,53,8067940
94.8055,ram,539230208,65546846208,283049
94.8055,cpu,15778812,22563344,541806274
94.8055,gpu,0,0,0
95.0055,disk0,932481950666752,2101102242,12872813636447003
95.0055,disk0w,2189602283520,19770781,1285342172444
95.0055,disk4,4572667815936,9237090,60125519487219
95.0055,disk4w,2195456,171,27582691
95.0055,disk8,5104781879296,5148487,54044358586623
95.0055,disk8w,334225408,43653,2180537632
95.0055,disk6,8175134001152,13407330,125339320037878
95.0055,disk6w,380928,53,8067940
95.0055,ram,539230208,65546846208,283049
95.0055,cpu,15778812,22563344,541806274
95.0055,gpu,0,0,0
95.2055,disk0,932483727888384,2101106110,12872819840874535
95.2055,disk0w,2189602283520,19770781,1285342172444
95.2055,disk4,4573281208320,9238307,60128574172596
95.2055,disk4w,2195456,171,27582691
95.2055,disk8,5105387825152,5149108,54045151090871
95.2055,disk8w,334225408,43653,2180537632
95.2055,disk6,8176528361472,13409600,125358233303852
95.2055,disk6w,380928,53,8067940
95.2055,ram,539230208,65546846208,283049
95.2055,cpu,15778812,22563344,541806274
95.2055,gpu,0,0,0
95.4022,disk0,932485680287744,2101110832,12872829365362767
95.4022,disk0w,2189602283520,19770781,1285342172444
95.4022,disk4,4574073309184,9239853,60134972059601
95.4022,disk4w,2195456,171,27582691
95.4022,disk8,5105923516416,5149657,54045820639268
95.4022,disk8w,334225408,43653,2180537632
95.4022,disk6,8177882925056,13412035,125373752885083
95.4022,disk6w,380928,53,8067940
95.4022,ram,539230208,65546846208,283049
95.4022,cpu,15778812,22563344,541806274
95.4022,gpu,46,17,0
95.6011,disk0,932487462711296,2101115661,12872841245922260
95.6011,disk0w,2189602283520,19770781,1285342172444
95.6011,disk4,4574977812480,9241640,60141530228951
95.6011,disk4w,2195456,171,27582691
95.6011,disk8,5106345043968,5150089,54046282545824
95.6011,disk8w,334225408,43653,2180537632
95.6011,disk6,8179149490176,13414233,125388244555644
95.6011,disk6w,380928,53,8067940
95.6011,ram,541818880,64127385600,283049
95.6011,cpu,15778875,22563520,541807831
95.6011,gpu,0,0,0
95.8026,disk0,932489501741056,2101124868,12872854762118179
95.8026,disk0w,2189602283520,19770781,1285342172444
95.8026,disk4,4575517427712,9242706,60145163686679
95.8026,disk4w,2195456,171,27582691
95.8026,disk8,5106880735232,5150638,54046919259981
95.8026,disk8w,334225408,43653,2180537632
95.8026,disk6,8180349454336,13416465,125402830329812
95.8026,disk6w,380928,53,8067940
95.8026,ram,548323328,64126926848,283049
95.8026,cpu,15778875,22563521,541807844
95.8026,gpu,0,0,0
96.0055,disk0,932491139756032,2101129343,12872862025379329
96.0055,disk0w,2189602283520,19770781,1285342172444
96.0055,disk4,4576319358976,9244337,60151701505335
96.0055,disk4w,2195456,171,27582691
96.0055,disk8,5107512977408,5151286,54048046361261
96.0055,disk8w,334225408,43653,2180537632
96.0055,disk6,8181586806784,13418293,125414369201503
96.0055,disk6w,380928,53,8067940
96.0055,ram,548323328,64126926848,283049
96.0055,cpu,15778875,22563521,541807844
96.0055,gpu,29,16,0
96.2055,disk0,932493259403264,2101132869,12872872908246004
96.2055,disk0w,2189602283520,19770781,1285342172444
96.2055,disk4,4577179174912,9246097,60157620550671
96.2055,disk4w,2195456,171,27582691
96.2055,disk8,5108083795968,5151871,54048724266725
96.2055,disk8w,334225408,43653,2180537632
96.2055,disk6,8182845769728,13419884,125423407844220
96.2055,disk6w,380928,53,8067940
96.2055,ram,548323328,64126926848,283049
96.2055,cpu,15778875,22563521,541807844
96.2055,gpu,47,24,0
96.4055,disk0,932495191502848,2101136237,12872880818335261
96.4055,disk0w,2189602283520,19770781,1285342172444
96.4055,disk4,4577845970944,9247463,60162700503642
96.4055,disk4w,2195456,171,27582691
96.4055,disk8,5108610705408,5152411,54049396865264
96.4055,disk8w,334225408,43653,2180537632
96.4055,disk6,8184197695488,13421822,125436684839834
96.4055,disk6w,380928,53,8067940
96.4055,ram,548323328,64126926848,283049
96.4055,cpu,15778875,22563521,541807844
96.4055,gpu,47,21,0
96.6005,disk0,932497347162112,2101140634,12872894370610812
96.6005,disk0w,2189602283520,19770781,1285342172444
96.6005,disk4,4578547861504,9248901,60166784619852
96.6005,disk4w,2195456,171,27582691
96.6005,disk8,5109181523968,5152996,54050093061650
96.6005,disk8w,334225408,43653,2180537632
96.6005,disk6,8185470552064,13423701,125447056789628
96.6005,disk6w,380928,53,8067940
96.6005,ram,548323328,64126926848,283049
96.6005,cpu,15778875,22563521,541807844
96.6005,gpu,0,0,0
96.8055,disk0,932499290370048,2101144828,12872904217375091
96.8055,disk0w,2189602283520,19770781,1285342172444
96.8055,disk4,4579230255104,9250246,60170113596175
96.8055,disk4w,2195456,171,27582691
96.8055,disk8,5109812373504,5153642,54050822424727
96.8055,disk8w,334225408,43653,2180537632
96.8055,disk6,8186874464256,13426054,125463935996103
96.8055,disk6w,380928,53,8067940
96.8055,ram,537116672,65635450880,283049
96.8055,cpu,15778929,22563664,541809455
96.8055,gpu,35,14,0
97.0053,disk0,932501079928832,2101148704,12872910316588071
97.0053,disk0w,2189602283520,19770781,1285342172444
97.0053,disk4,4580109568000,9251971,60177449790187
97.0053,disk4w,2195456,171,27582691
97.0053,disk8,5110358288384,5154202,54051491118459
97.0053,disk8w,334225408,43653,2180537632
97.0053,disk6,8188258699264,13428468,125480636834466
97.0053,disk6w,380928,53,8067940
97.0053,ram,537116672,65635450880,283049
97.0053,cpu,15778929,22563664,541809455
97.0053,gpu,30,12,0
97.2055,disk0,932503109775360,2101154058,12872920368450569
97.2055,disk0w,2189602283520,19770781,1285342172444
97.2055,disk4,4581074667520,9253877,60189697107534
97.2055,disk4w,2195456,171,27582691
97.2055,disk8,5110880610304,5154737,54052095397152
97.2055,disk8w,334225408,43653,2180537632
97.2055,disk6,8189384411136,13430417,125489990921773
97.2055,disk6w,380928,53,8067940
97.2055,ram,537116672,65635450880,283049
97.2055,cpu,15778929,22563664,541809455
97.2055,gpu,0,0,0
97.4055,disk0,932504834797568,2101158864,12872928439490025
97.4055,disk0w,2189602283520,19770781,1285342172444
97.4055,disk4,4581684627456,9255083,60192440745965
97.4055,disk4w,2195456,171,27582691
97.4055,disk8,5111353780224,5155222,54052683276404
97.4055,disk8w,334225408,43653,2180537632
97.4055,disk6,8190777051136,13433046,125512610471275
97.4055,disk6w,380928,53,8067940
97.4055,ram,537116672,65635450880,283049
97.4055,cpu,15778929,22563664,541809455
97.4055,gpu,0,0,0
97.6055,disk0,932506379907072,2101161795,12872934629900037
97.6055,disk0w,2189602283520,19770781,1285342172444
97.6055,disk4,4582563186688,9256855,60202531026939
97.6055,disk4w,2195456,171,27582691
97.6055,disk8,5111877478400,5155759,54053780604276
97.6055,disk8w,334225408,43653,2180537632
97.6055,disk6,8191858382848,13434823,125521715421269
97.6055,disk6w,380928,53,8067940
97.6055,ram,537116672,65635450880,283049
97.6055,cpu,15778929,22563664,541809455
97.6055,gpu,0,0,0
97.8055,disk0,932508553760768,2101166785,12872944268743315
97.8055,disk0w,2189602283520,19770781,1285342172444
97.8055,disk4,4583373359104,9258516,60207962061881
97.8055,disk4w,2195456,171,27582691
97.8055,disk8,5112504133632,5156401,54054649708401
97.8055,disk8w,334225408,43653,2180537632
97.8055,disk6,8193200314368,13436632,125533255488562
97.8055,disk6w,380928,53,8067940
97.8055,ram,513916928,65656799232,283049
97.8055,cpu,15778973,22563789,541811104
97.8055,gpu,0,0,0
98.0055,disk0,932510925066240,2101170794,12872956482446913
98.0055,disk0w,2189602283520,19770781,1285342172444
98.0055,disk4,4584172152832,9260152,60212478268964
98.0055,disk4w,2195456,171,27582691
98.0055,disk8,5113010333696,5156920,54055253989687
98.0055,disk8w,334225408,43653,2180537632
98.0055,disk6,8194379896832,13438295,125542823441803
98.0055,disk6w,380928,53,8067940
98.0055,ram,513916928,65656799232,283049
98.0055,cpu,15778973,22563789,541811104
98.0055,gpu,34,17,0
98.2055,disk0,932513267716096,2101175366,12872968870195340
98.2055,disk0w,2189602283520,19770781,1285342172444
98.2055,disk4,4584866834432,9261575,60219305369034
98.2055,disk4w,2195456,171,27582691
98.2055,disk8,5113554806784,5157478,54055931187667
98.2055,disk8w,334225408,43653,2180537632
98.2055,disk6,8195601291264,13440163,125553271923760
98.2055,disk6w,380928,53,8067940
98.2055,ram,513916928,65656799232,283049
98.2055,cpu,15778973,22563789,541811104
98.2055,gpu,38,16,0
98.4010,disk0,932515243851776,2101179673,12872978154190389
98.4010,disk0w,2189602283520,19770781,1285342172444
98.4010,disk4,4585653602304,9263133,60226001718994
98.4010,disk4w,2195456,171,27582691
98.4010,disk8,5114072934400,5158009,54056545264699
98.4010,disk8w,334225408,43653,2180537632
98.4010,disk6,8196972763136,13442512,125567701261140
98.4010,disk6w,380928,53,8067940
98.4010,ram,513916928,65656799232,283049
98.4010,cpu,15778973,22563789,541811104
98.4010,gpu,0,0,0
98.6055,disk0,932517216874496,2101183650,12872987212937929
98.6055,disk0w,2189602283520,19770781,1285342172444
98.6055,disk4,4586296559616,9264393,60229310867350
98.6055,disk4w,2195456,171,27582691
98.6055,disk8,5114617407488,5158567,54057215893805
98.6055,disk8w,334225408,43653,2180537632
98.6055,disk6,8198344824832,13445171,125588550488391
98.6055,disk6w,380928,53,8067940
98.6055,ram,513916928,65656799232,283049
98.6055,cpu,15778973,22563789,541811104
98.6055,gpu,36,16,0
98.8018,disk0,932519370739712,2101188690,12872999084072630
98.8018,disk0w,2189602283520,19770781,1285342172444
98.8018,disk4,4587086694400,9265956,60235047048831
98.8018,disk4w,2195456,171,27582691
98.8018,disk8,5115081402368,5159042,54057751850730
98.8018,disk8w,334225408,43653,2180537632
98.8018,disk6,8199653193728,13447556,125601325026440
98.8018,disk6w,380928,53,8067940
98.8018,ram,298958848,64500318208,283049
98.8018,cpu,15779037,22563945,541812803
98.8018,gpu,66,24,0
99.0055,disk0,932521394761728,2101199910,12873014067537245
99.0055,disk0w,2189602283520,19770781,1285342172444
99.0055,disk4,4587918100480,9267591,60242905474047
99.0055,disk4w,2195456,171,27582691
99.0055,disk8,5115512104960,5159484,54058340852417
99.0055,disk8w,334225408,43653,2180537632
99.0055,disk6,8200710981632,13449539,125611821277307
99.0055,disk6w,380928,53,8067940
99.0055,ram,298958848,64500318208,283049
99.0055,cpu,15779037,22563945,541812803
99.0055,gpu,0,0,0
99.2020,disk0,932522989457408,2101202859,12873022193661566
99.2020,disk0w,2189609046016,19771138,1285350721457
99.2020,disk4,4588540274688,9268851,60247585108676
99.2020,disk4w,2195456,171,27582691
99.2020,disk8,5115996088320,5159980,54059262040883
99.2020,disk8w,334225408,43653,2180537632
99.2020,disk6,8201912027136,13451409,125625007698776
99.2020,disk6w,380928,53,8067940
99.2020,ram,298958848,64500318208,283049
99.2020,cpu,15779037,22563945,541812803
99.2020,gpu,0,0,0
99.4055,disk0,932525281873920,2101209395,12873038210877317
99.4055,disk0w,2189609046016,19771138,1285350721457
99.4055,disk4,4589425879040,9270664,60254406126578
99.4055,disk4w,2195456,171,27582691
99.4055,disk8,5116610816000,5160610,54060037397130
99.4055,disk8w,334225408,43653,2180537632
99.4055,disk6,8203102554112,13452894,125631481864698
99.4055,disk6w,380928,53,8067940
99.4055,ram,298958848,64500318208,283049
99.4055,cpu,15779037,22563945,541812803
99.4055,gpu,0,0,0
99.6055,disk0,932527452360704,2101213227,12873046821542491
99.6055,disk0w,2189609111552,19771148,1285350918120
99.6055,disk4,4590179321856,9272207,60259617912352
99.6055,disk4w,2195456,171,27582691
99.6055,disk8,5117216761856,5161231,54060787262671
99.6055,disk8w,334225408,43653,2180537632
99.6055,disk6,8204394170368,13454674,125643175440434
99.6055,disk6w,380928,53,8067940
99.6055,ram,298958848,64500318208,283049
99.6055,cpu,15779037,22563945,541812803
99.6055,gpu,0,0,0
99.8042,disk0,932529475956736,2101217282,12873057490378089
99.8042,disk0w,2189609111552,19771148,1285350918120
99.8042,disk4,4591132018688,9274158,60267767274192
99.8042,disk4w,2195456,171,27582691
99.8042,disk8,5117764380672,5161792,54061547536644
99.8042,disk8w,334225408,43653,2180537632
99.8042,disk6,8205652051968,13456555,125653340217879
99.8042,disk6w,380928,53,8067940
99.8042,ram,299073536,65917353984,283049
99.8042,cpu,15779087,22564081,541814374
99.8042,gpu,41,14,0
100.0055,disk0,932531336478720,2101221317,12873066492076124
100.0055,disk0w,2189609189376,19771154,1285351005493
100.0055,disk4,4592004663296,9275876,60276731114366
100.0055,disk4w,2195456,171,27582691
100.0055,disk8,5118340835328,5162383,54062224299913
100.0055,disk8w,334225408,43653,2180537632
100.0055,disk6,8206880049152,13458651,125664163241553
100.0055,disk6w,380928,53,8067940
100.0055,ram,299073536,65917353984,283049
100.0055,cpu,15779087,22564081,541814374
100.0055,gpu,43,23,0
100.2025,disk0,932533188558848,2101225471,12873076352280765
100.2025,disk0w,2189609201664,19771157,1285351056367
100.2025,disk4,4592769255424,9277383,60283996319371
100.2025,disk4w,2195456,171,27582691
100.2025,disk8,5118858962944,5162914,54062875472907
100.2025,disk8w,334225408,43653,2180537632
100.2025,disk6,8208123648000,13460836,125678000516269
100.2025,disk6w,380928,53,8067940
100.2025,ram,299073536,65917353984,283049
100.2025,cpu,15779087,22564081,541814374
100.2025,gpu,0,0,0
100.4055,disk0,932535383740416,2101232062,12873088395723191
100.4055,disk0w,2189609250816,19771158,1285351089867
100.4055,disk4,4593710843904,9279241,60290651515465
100.4055,disk4w,2195456,171,27582691
100.4055,disk8,5119394654208,5163463,54063456153976
100.4055,disk8w,334225408,43653,2180537632
100.4055,disk6,8209503868928,13463233,125691286161804
100.4055,disk6w,380928,53,8067940
100.4055,ram,299073536,65917353984,283049
100.4055,cpu,15779087,22564081,541814374
100.4055,gpu,38,16,0
100.6025,disk0,932537345675264,2101235709,12873097716109204
100.6025,disk0w,2189609250816,19771158,1285351089867
100.6025,disk4,4594349180928,9280505,60294295911652
100.6025,disk4w,2195456,171,27582691
100.6025,disk8,5119860090880,5163940,54064032840201
100.6025,disk8w,334225408,43653,2180537632
100.6025,disk6,8210687154176,13465450,125704895150368
100.6025,disk6w,380928,53,8067940
100.6025,ram,299073536,65917353984,283049
100.6025,cpu,15779087,22564081,541814374
100.6025,gpu,49,19,0
100.8055,disk0,932539005505536,2101238978,12873106011242757
100.8055,disk0w,2189609250816,19771158,1285351089867
100.8055,disk4,4595156355072,9282159,60301595207692
100.8055,disk4w,2195456,171,27582691
100.8055,disk8,5120443787264,5164538,54065795690577
100.8055,disk8w,334225408,43653,2180537632
100.8055,disk6,8211926112256,13467245,125716939765613
100.8055,disk6w,380928,53,8067940
100.8055,ram,374063104,65687781376,283049
100.8055,cpu,15779137,22564238,541816039
100.8055,gpu,0,0,0
101.0055,disk0,932541060231168,2101242538,12873115480074529
101.0055,disk0w,2189609250816,19771158,1285351089867
101.0055,disk4,4596036864000,9283962,60308321993217
101.0055,disk4w,2195456,171,27582691
101.0055,disk8,5120966502400,5165074,54066462622398
101.0055,disk8w,334225408,43653,2180537632
101.0055,disk6,8213149571072,13468727,125725531418423
101.0055,disk6w,380928,53,8067940
101.0055,ram,374063104,65687781376,283049
101.0055,cpu,15779137,22564238,541816039
101.0055,gpu,37,19,0
101.2055,disk0,932543109263360,2101246348,12873125370277104
101.2055,disk0w,2189609857024,19771208,1285351943310
101.2055,disk4,4596935444480,9285805,60315015214026
101.2055,disk4w,2195456,171,27582691
101.2055,disk8,5121553836032,5165676,54067407529737
101.2055,disk8w,334225408,43653,2180537632
101.2055,disk6,8214432749568,13470592,125735839104565
101.2055,disk6w,380928,53,8067940
101.2055,ram,374063104,65687781376,283049
101.2055,cpu,15779137,22564238,541816039
101.2055,gpu,35,15,0
101.4018,disk0,932545328754688,2101250651,12873136194516324
101.4018,disk0w,2189609857024,19771208,1285351943310
101.4018,disk4,4597718255616,9287406,60321984994070
101.4018,disk4w,2195456,171,27582691
101.4018,disk8,5122116921344,5166253,54068077042667
101.4018,disk8w,334225408,43653,2180537632
101.4018,disk6,8215704606720,13472620,125745421753560
101.4018,disk6w,380928,53,8067940
101.4018,ram,374063104,65687781376,283049
101.4018,cpu,15779137,22564238,541816039
101.4018,gpu,0,0,0
101.6055,disk0,932547153485824,2101254679,12873144041707273
101.6055,disk0w,2189609881600,19771214,1285352057600
101.6055,disk4,4598382577664,9288693,60325982114824
101.6055,disk4w,2195456,171,27582691
101.6055,disk8,5122600970240,5166749,54068572892789
101.6055,disk8w,334225408,43653,2180537632
101.6055,disk6,8217097480192,13474941,125764818580866
101.6055,disk6w,380928,53,8067940
101.6055,ram,374063104,65687781376,283049
101.6055,cpu,15779137,22564238,541816039
101.6055,gpu,29,13,0
101.8020,disk0,932549011087360,2101258527,12873151738118476
101.8020,disk0w,2189609889792,19771216,1285352082391
101.8020,disk4,4599078176768,9290062,60329883719359
101.8020,disk4w,2195456,171,27582691
101.8020,disk8,5123144394752,5167306,54069239881308
101.8020,disk8w,334225408,43653,2180537632
101.8020,disk6,8218455664640,13477397,125781702708364
101.8020,disk6w,380928,53,8067940
101.8020,ram,383942656,65540669440,283049
101.8020,cpu,15779219,22564377,541817632
101.8020,gpu,45,18,0
102.0055,disk0,932551198867456,2101269548,12873171992876643
102.0055,disk0w,2189609889792,19771216,1285352082391
102.0055,disk4,4599916398592,9291714,60336944012407
102.0055,disk4w,2195456,171,27582691
102.0055,disk8,5123732776960,5167909,54069992953193
102.0055,disk8w,334225408,43653,2180537632
102.0055,disk6,8219563272192,13479300,125789011572638
102.0055,disk6w,380928,53,8067940
102.0055,ram,383942656,65540669440,283049
102.0055,cpu,15779219,22564377,541817632
102.0055,gpu,43,24,0
102.2006,disk0,932552890925056,2101272614,12873178218889058
102.2006,disk0w,2189609889792,19771216,1285352082391
102.2006,disk4,4600675518464,9293221,60341576578771
102.2006,disk4w,2195456,171,27582691
102.2006,disk8,5124150765568,5168337,54070586913588
102.2006,disk8w,334225408,43653,2180537632
102.2006,disk6,8220717688832,13481570,125803596548379
102.2006,disk6w,380928,53,8067940
102.2006,ram,383942656,65540669440,283049
102.2006,cpu,15779219,22564377,541817632
102.2006,gpu,40,14,0
102.4030,disk0,932554665500672,2101280599,12873188835961628
102.4030,disk0w,2189609889792,19771216,1285352082391
102.4030,disk4,4601514928128,9294940,60349001534212
102.4030,disk4w,2195456,171,27582691
102.4030,disk8,5124768966656,5168971,54071819463870
102.4030,disk8w,334225408,43653,2180537632
102.4030,disk6,8222093862912,13483449,125816985922086
102.4030,disk6w,380928,53,8067940
102.4030,ram,383942656,65540669440,283049
102.4030,cpu,15779219,22564377,541817632
102.4030,gpu,0,0,0
102.6040,disk0,932557114187776,2101284773,12873202320970224
102.6040,disk0w,2189609889792,19771216,1285352082391
102.6040,disk4,4602157746176,9296259,60351903009526
102.6040,disk4w,2195456,171,27582691
102.6040,disk8,5125436385280,5169655,54072665941312
102.6040,disk8w,334225408,43653,2180537632
102.6040,disk6,8223413151744,13485123,125826535904304
102.6040,disk6w,380928,53,8067940
102.6040,ram,383942656,65540669440,283049
102.6040,cpu,15779219,22564377,541817632
102.6040,gpu,0,0,0
102.8055,disk0,932558989131776,2101288334,12873210433590286
102.8055,disk0w,2189615693824,19771404,1285356252536
102.8055,disk4,4603008796672,9298004,60357725725736
102.8055,disk4w,2195456,171,27582691
102.8055,disk8,5125998422016,5170231,54073407689713
102.8055,disk8w,334225408,43653,2180537632
102.8055,disk6,8224779085824,13487114,125840349998892
102.8055,disk6w,380928,53,8067940
102.8055,ram,427802624,65481195520,283049
102.8055,cpu,15779259,22564500,541819273
102.8055,gpu,0,0,0
103.0055,disk0,932560996761600,2101292577,12873222137779371
103.0055,disk0w,2189615693824,19771404,1285356252536
103.0055,disk4,4603777878016,9299564,60361894833847
103.0055,disk4w,2195456,171,27582691
103.0055,disk8,5126569240576,5170816,54074046083640
103.0055,disk8w,334225408,43653,2180537632
103.0055,disk6,8226087397376,13489076,125853370884077
103.0055,disk6w,380928,53,8067940
103.0055,ram,424050688,65481195520,283049
103.0055,cpu,15779259,22564501,541819279
103.0055,gpu,0,0,0
103.2055,disk0,932562733416448,2101296495,12873227938044254
103.2055,disk0w,2189615693824,19771404,1285356252536
103.2055,disk4,4604789852160,9301528,60372479685812
103.2055,disk4w,2195456,171,27582691
103.2055,disk8,5127131277312,5171392,54074664070147
103.2055,disk8w,334225408,43653,2180537632
103.2055,disk6,8227425789952,13491414,125867617987888
103.2055,disk6w,380928,53,8067940
103.2055,ram,424050688,65481195520,283049
103.2055,cpu,15779259,22564501,541819279
103.2055,gpu,0,0,0
103.4055,disk0,932564626067456,2101300877,12873237215006268
103.4055,disk0w,2189615693824,19771404,1285356252536
103.4055,disk4,4605731260416,9303390,60379302168248
103.4055,disk4w,2195456,171,27582691
103.4055,disk8,5127636035584,5171909,54075251571404
103.4055,disk8w,334225408,43653,2180537632
103.4055,disk6,8228737509376,13493512,125881357261021
103.4055,disk6w,380928,53,8067940
103.4055,ram,424050688,65481195520,283049
103.4055,cpu,15779259,22564501,541819279
103.4055,gpu,39,19,0
103.6055,disk0,932566642704384,2101313380,12873253665982218
103.6055,disk0w,2189616275456,19771414,1285356462447
103.6055,disk4,4606599464960,9305102,60389395408701
103.6055,disk4w,2195456,171,27582691
103.6055,disk8,5128147478528,5172433,54075822198736
103.6055,disk8w,334225408,43653,2180537632
103.6055,disk6,8229901936640,13495562,125890559605550
103.6055,disk6w,380928,53,8067940
103.6055,ram,424050688,65481195520,283049
103.6055,cpu,15779259,22564501,541819279
103.6055,gpu,44,16,0
103.8055,disk0,932568541007872,2101316789,12873263780804445
103.8055,disk0w,2189620789248,19771575,1285360408398
103.8055,disk4,4607414609920,9306745,60396634761441
103.8055,disk4w,2195456,171,27582691
103.8055,disk8,5128782211072,5173084,54076880137098
103.8055,disk8w,334225408,43653,2180537632
103.8055,disk6,8231064070144,13497658,125901354309325
103.8055,disk6w,380928,53,8067940
103.8055,ram,507887616,65413332992,283049
103.8055,cpu,15779303,22564644,541820867
103.8055,gpu,0,0,0
104.0055,disk0,932570704850944,2101325094,12873279849320855
104.0055,disk0w,2189621829632,19771667,1285362724449
104.0055,disk4,4608129099776,9308210,60401647485502
104.0055,disk4w,2195456,171,27582691
104.0055,disk8,5129273993216,5173588,54077457462341
104.0055,disk8w,334225408,43653,2180537632
104.0055,disk6,8232337487872,13499298,125909755625480
104.0055,disk6w,380928,53,8067940
104.0055,ram,508149760,65333018624,283049
104.0055,cpu,15779303,22564650,541820900
104.0055,gpu,37,19,0
104.2044,disk0,932573009461248,2101328978,12873292724684980
104.2044,disk0w,2189621829632,19771667,1285362724449
104.2044,disk4,4608878381056,9309745,60407140649356
104.2044,disk4w,2195456,171,27582691
104.2044,disk8,5129834194944,5174161,54078258553288
104.2044,disk8w,334225408,43653,2180537632
104.2044,disk6,8233519167488,13500979,125918180419210
104.2044,disk6w,380928,53,8067940
104.2044,ram,508149760,65333018624,283049
104.2044,cpu,15779303,22564650,541820900
104.2044,gpu,32,14,0
104.4039,disk0,932575169609728,2101333478,12873304473527142
104.4039,disk0w,2189621829632,19771667,1285362724449
104.4039,disk4,4609685555200,9311399,60414229238080
104.4039,disk4w,2195456,171,27582691
104.4039,disk8,5130376964096,5174718,54078905836062
104.4039,disk8w,334225408,43653,2180537632
104.4039,disk6,8234792564736,13502746,125927413401626
104.4039,disk6w,380928,53,8067940
104.4039,ram,508149760,65333018624,283049
104.4039,cpu,15779303,22564650,541820900
104.4039,gpu,0,0,0
104.6036,disk0,932576932380672,2101337365,12873311210249214
104.6036,disk0w,2189621829632,19771667,1285362724449
104.6036,disk4,4610471135232,9312935,60420211281727
104.6036,disk4w,2195456,171,27582691
104.6036,disk8,5130916194304,5175271,54079525725555
104.6036,disk8w,334225408,43653,2180537632
104.6036,disk6,8236195805184,13505205,125945476326366
104.6036,disk6w,380928,53,8067940
104.6036,ram,508149760,65333018624,283049
104.6036,cpu,15779303,22564650,541820900
104.6036,gpu,34,11,0
104.8055,disk0,932579110551552,2101342250,12873321714667091
104.8055,disk0w,2189621829632,19771667,1285362724449
104.8055,disk4,4611338921984,9314644,60426105454184
104.8055,disk4w,2195456,171,27582691
104.8055,disk8,5131498940416,5175868,54080262967072
104.8055,disk8w,334225408,43653,2180537632
104.8055,disk6,8237546932224,13507536,125960260206929
104.8055,disk6w,380928,53,8067940
104.8055,ram,543080448,65424359424,283049
104.8055,cpu,15779358,22564767,541822474
104.8055,gpu,0,0,0
105.0055,disk0,932581080334336,2101350700,12873333954317794
105.0055,disk0w,2189621829632,19771667,1285362724449
105.0055,disk4,4612194830336,9316333,60434369835797
105.0055,disk4w,2195456,171,27582691
105.0055,disk8,5132141062144,5176526,54081069344588
105.0055,disk8w,334225408,43653,2180537632
105.0055,disk6,8238845167616,13509699,125970972777795
105.0055,disk6w,380928,53,8067940
105.0055,ram,541573120,63860736000,283049
105.0055,cpu,15779358,22564769,541822496
105.0055,gpu,52,20,0
105.2055,disk0,932583024533504,2101354308,12873343996812742
105.2055,disk0w,2189621829632,19771667,1285362724449
105.2055,disk4,4613002004480,9317935,60440652589055
105.2055,disk4w,2195456,171,27582691
105.2055,disk8,5132628649984,5177026,54081777824218
105.2055,disk8w,334225408,43653,2180537632
105.2055,disk6,8240073295872,13512086,125983162146433
105.2055,disk6w,380928,53,8067940
105.2055,ram,541573120,63860736000,283049
105.2055,cpu,15779358,22564769,541822496
105.2055,gpu,46,26,0
105.4055,disk0,932584779075584,2101362115,12873356504231094
105.4055,disk0w,2189621846016,19771668,1285362746949
105.4055,disk4,4613746485248,9319459,60446562939967
105.4055,disk4w,2195456,171,27582691
105.4055,disk8,5133155100672,5177565,54082787269366
105.4055,disk8w,334225408,43653,2180537632
105.4055,disk6,8241176348672,13513702,125993094183264
105.4055,disk6w,380928,53,8067940
105.4055,ram,541573120,63860736000,283049
105.4055,cpu,15779358,22564769,541822496
105.4055,gpu,40,16,0
105.6055,disk0,932586893238272,2101366018,12873367424811544
105.6055,disk0w,2189621846016,19771668,1285362746949
105.6055,disk4,4614397175808,9320794,60449715034861
105.6055,disk4w,2195456,171,27582691
105.6055,disk8,5133717530624,5178142,54083483422967
105.6055,disk8w,334225408,43653,2180537632
105.6055,disk6,8242474354688,13515330,126004852547132
105.6055,disk6w,380928,53,8067940
105.6055,ram,541573120,63860736000,283049
105.6055,cpu,15779358,22564769,541822496
105.6055,gpu,0,0,0
105.8055,disk0,932589029404672,2101369830,12873377482381781
105.8055,disk0w,2189621846016,19771668,1285362746949
105.8055,disk4,4615175538688,9322389,60455909051285
105.8055,disk4w,2195456,171,27582691
105.8055,disk8,5134288349184,5178727,54084204118145
105.8055,disk8w,334225408,43653,2180537632
105.8055,disk6,8243747309568,13517186,126015133688093
105.8055,disk6w,380928,53,8067940
105.8055,ram,572473344,65379713024,283049
105.8055,cpu,15779403,22564920,541824060
105.8055,gpu,39,30,0
106.0021,disk0,932591266496512,2101374440,12873390582909825
106.0021,disk0w,2189621846016,19771668,1285362746949
106.0021,disk4,4616018577408,9324117,60462019523750
106.0021,disk4w,2195456,171,27582691
106.0021,disk8,5134832822272,5179285,54084865370461
106.0021,disk8w,334225408,43653,2180537632
106.0021,disk6,8244986939392,13518998,126024269373094
106.0021,disk6w,380928,53,8067940
106.0021,ram,573620224,65299382272,283049
106.0021,cpu,15779404,22564923,541824112
106.0021,gpu,40,12,0
106.2055,disk0,932593121759232,2101378573,12873399289028653
106.2055,disk0w,2189621846016,19771668,1285362746949
106.2055,disk4,4616818558976,9325667,60466663386396
106.2055,disk4w,2195456,171,27582691
106.2055,disk8,5135368513536,5179834,54085451210944
106.2055,disk8w,334225408,43653,2180537632
106.2055,disk6,8246413658112,13521534,126042014954597
106.2055,disk6w,380928,53,8067940
106.2055,ram,573620224,65299382272,283049
106.2055,cpu,15779404,22564923,541824112
106.2055,gpu,0,0,0
106.4055,disk0,932594911686656,2101382437,12873406664592747
106.4055,disk0w,2189621846016,19771668,1285362746949
106.4055,disk4,4617603745792,9327217,60473814781262
106.4055,disk4w,2195456,171,27582691
106.4055,disk8,5135829362688,5180306,54085984434655
106.4055,disk8w,334225408,43653,2180537632
106.4055,disk6,8247646742528,13523625,126056841089902
106.4055,disk6w,380928,53,8067940
106.4055,ram,573620224,65299382272,283049
106.4055,cpu,15779404,22564923,541824112
106.4055,gpu,33,13,0
106.6024,disk0,932596756787200,2101388681,12873419228601142
106.6024,disk0w,2189621846016,19771668,1285362746949
106.6024,disk4,4618381314048,9328754,60480214846086
106.6024,disk4w,2195456,171,27582691
106.6024,disk8,5136303581184,5180792,54086546297521
106.6024,disk8w,334225408,43653,2180537632
106.6024,disk6,8248913651712,13525752,126070741437945
106.6024,disk6w,380928,53,8067940
106.6024,ram,573620224,65299382272,283049
106.6024,cpu,15779404,22564923,541824112
106.6024,gpu,48,20,0
106.8055,disk0,932598946709504,2101392735,12873429629318440
106.8055,disk0w,2189621846016,19771668,1285362746949
106.8055,disk4,4619159406592,9330294,60487015202566
106.8055,disk4w,2195456,171,27582691
106.8055,disk8,5136782387200,5181283,54087077683734
106.8055,disk8w,334225408,43653,2180537632
106.8055,disk6,8250244442112,13528357,126084691217860
106.8055,disk6w,380928,53,8067940
106.8055,ram,573620224,65299382272,283049
106.8055,cpu,15779404,22564923,541824112
106.8055,gpu,29,15,0
107.0055,disk0,932600706576384,2101400046,12873444839932424
107.0055,disk0w,2189621846016,19771668,1285362746949
107.0055,disk4,4619850196992,9331708,60491840397255
107.0055,disk4w,2195456,171,27582691
107.0055,disk8,5137241090048,5181753,54087761972036
107.0055,disk8w,334225408,43653,2180537632
107.0055,disk6,8251384801280,13530134,126094911076756
107.0055,disk6w,380928,53,8067940
107.0055,ram,607092736,64995131392,283049
107.0055,cpu,15779441,22565040,541825724
107.0055,gpu,43,20,0
107.2055,disk0,932602967830528,2101403974,12873455978987561
107.2055,disk0w,2189621846016,19771668,1285362746949
107.2055,disk4,4620722833408,9333494,60499751102603
107.2055,disk4w,2195456,171,27582691
107.2055,disk8,5137901824000,5182430,54088689585760
107.2055,disk8w,334225408,43653,2180537632
107.2055,disk6,8252665473024,13531676,126101295453269
107.2055,disk6w,380928,53,8067940
107.2055,ram,607092736,64995131392,283049
107.2055,cpu,15779441,22565040,541825724
107.2055,gpu,0,0,0
107.4055,disk0,932604868243456,2101407549,12873463647482337
107.4055,disk0w,2189621846016,19771668,1285362746949
107.4055,disk4,4621553707008,9335194,60506943750160
107.4055,disk4w,2195456,171,27582691
107.4055,disk8,5138336720896,5182876,54089138684396
107.4055,disk8w,334225408,43653,2180537632
107.4055,disk6,8253972539392,13533489,126114131449583
107.4055,disk6w,380928,53,8067940
107.4055,ram,607092736,64995131392,283049
107.4055,cpu,15779441,22565040,541825724
107.4055,gpu,0,0,0
107.6055,disk0,932606870777856,2101411635,12873474275185445
107.6055,disk0w,2189621846016,19771668,1285362746949
107.6055,disk4,4622381058048,9336883,60513376316053
107.6055,disk4w,2195456,171,27582691
107.6055,disk8,5138822866944,5183374,54089646695521
107.6055,disk8w,334225408,43653,2180537632
107.6055,disk6,8255240628224,13535362,126126070146566
107.6055,disk6w,380928,53,8067940
107.6055,ram,607092736,64995131392,283049
107.6055,cpu,15779441,22565040,541825724
107.6055,gpu,42,18,0
107.8055,disk0,932608675573760,2101415625,12873484488837868
107.8055,disk0w,2189621846016,19771668,1285362746949
107.8055,disk4,4622968899584,9338022,60517164936165
107.8055,disk4w,2195456,171,27582691
107.8055,disk8,5139237709824,5183799,54090089527245
107.8055,disk8w,334225408,43653,2180537632
107.8055,disk6,8256537995264,13537647,126143267431128
107.8055,disk6w,380928,53,8067940
107.8055,ram,607092736,64995131392,283049
107.8055,cpu,15779441,22565040,541825724
107.8055,gpu,0,0,0
108.0047,disk0,932610714411008,2101420407,12873494464650119
108.0047,disk0w,2189622984704,19771774,1285365176041
108.0047,disk4,4623783413760,9339633,60524133697249
108.0047,disk4w,2195456,171,27582691
108.0047,disk8,5139750594560,5184325,54090689947574
108.0047,disk8w,334225408,43653,2180537632
108.0047,disk6,8257895802880,13540021,126158343050455
108.0047,disk6w,380928,53,8067940
108.0047,ram,622886912,65299365888,283049
108.0047,cpu,15779482,22565164,541827488
108.0047,gpu,35,19,0
108.2055,disk0,932612970668032,2101428206,12873510207407402
108.2055,disk0w,2189622984704,19771774,1285365176041
108.2055,disk4,4624495511552,9341045,60528809752345
108.2055,disk4w,2195456,171,27582691
108.2055,disk8,5140312631296,5184901,54091337550430
108.2055,disk8w,334225408,43653,2180537632
108.2055,disk6,8259257247744,13542296,126170890926855
108.2055,disk6w,380928,53,8067940
108.2055,ram,622886912,65299365888,283049
108.2055,cpu,15779482,22565164,541827488
108.2055,gpu,34,11,0
108.4055,disk0,932614573113344,2101431103,12873517772925120
108.4055,disk0w,2189622984704,19771774,1285365176041
108.4055,disk4,4625095649280,9342251,60532787769313
108.4055,disk4w,2195456,171,27582691
108.4055,disk8,5140821862400,5185423,54093287292630
108.4055,disk8w,334225408,43653,2180537632
108.4055,disk6,8260458407936,13544437,126185661146401
108.4055,disk6w,380928,53,8067940
108.4055,ram,622886912,65299365888,283049
108.4055,cpu,15779482,22565164,541827488
108.4055,gpu,0,0,0
108.6055,disk0,932616724267008,2101435436,12873528350840289
108.6055,disk0w,2189622984704,19771774,1285365176041
108.6055,disk4,4625837500416,9343770,60537788374779
108.6055,disk4w,2195456,171,27582691
108.6055,disk8,5141401462784,5186017,54094010007849
108.6055,disk8w,334225408,43653,2180537632
108.6055,disk6,8261834467328,13546342,126197376944645
108.6055,disk6w,380928,53,8067940
108.6055,ram,622886912,65299365888,283049
108.6055,cpu,15779482,22565164,541827488
108.6055,gpu,0,0,0
108.8051,disk0,932618623696896,2101438694,12873534572208048
108.8051,disk0w,2189622984704,19771774,1285365176041
108.8051,disk4,4626573150208,9345278,60542163657342
108.8051,disk4w,2195456,171,27582691
108.8051,disk8,5141814208512,5186440,54094526496590
108.8051,disk8w,334225408,43653,2180537632
108.8051,disk6,8263234250752,13548191,126212571925835
108.8051,disk6w,380928,53,8067940
108.8051,ram,622886912,65299365888,283049
108.8051,cpu,15779482,22565164,541827488
108.8051,gpu,0,0,0
109.0055,disk0,932621180928000,2101443728,12873551568313557
109.0055,disk0w,2189622984704,19771774,1285365176041
109.0055,disk4,4627425904640,9347028,60548136058768
109.0055,disk4w,2195456,171,27582691
109.0055,disk8,5142402590720,5187043,54095180108259
109.0055,disk8w,334225408,43653,2180537632
109.0055,disk6,8264399628288,13549895,126219353358806
109.0055,disk6w,380928,53,8067940
109.0055,ram,483196928,65553743872,283049
109.0055,cpu,15779520,22565289,541829135
109.0055,gpu,44,22,0
109.2055,disk0,932623244017664,2101448012,12873563039229691
109.2055,disk0w,2189622984704,19771774,1285365176041
109.2055,disk4,4628053035008,9348284,60551745788230
109.2055,disk4w,2195456,171,27582691
109.2055,disk8,5142917179392,5187570,54095795030553
109.2055,disk8w,334225408,43653,2180537632
109.2055,disk6,8265714280448,13551975,126234583669824
109.2055,disk6w,380928,53,8067940
109.2055,ram,483196928,65553743872,283049
109.2055,cpu,15779520,22565289,541829135
109.2055,gpu,0,0,0
109.4055,disk0,932625018896384,2101452103,12873573063790957
109.4055,disk0w,2189622984704,19771774,1285365176041
109.4055,disk4,4628688930816,9349522,60554699792786
109.4055,disk4w,2195456,171,27582691
109.4055,disk8,5143421282304,5188087,54096404914931
109.4055,disk8w,334225408,43653,2180537632
109.4055,disk6,8267021838336,13554272,126252740919991
109.4055,disk6w,380928,53,8067940
109.4055,ram,483196928,65553743872,283049
109.4055,cpu,15779520,22565289,541829135
109.4055,gpu,0,0,0
109.6055,disk0,932627233816576,2101456957,12873587656990265
109.6055,disk0w,2189622984704,19771774,1285365176041
109.6055,disk4,4629487716352,9351101,60560033864646
109.6055,disk4w,2195456,171,27582691
109.6055,disk8,5143921846272,5188600,54097002731752
109.6055,disk8w,334225408,43653,2180537632
109.6055,disk6,8268248492032,13556347,126264764589887
109.6055,disk6w,380928,53,8067940
109.6055,ram,483196928,65553743872,283049
109.6055,cpu,15779520,22565289,541829135
109.6055,gpu,47,19,0
109.8055,disk0,932629280325632,2101462330,12873596845135830
109.8055,disk0w,2189622984704,19771774,1285365176041
109.8055,disk4,4630241347584,9352588,60564406113693
109.8055,disk4w,2195456,171,27582691
109.8055,disk8,5144414676992,5189105,54097553849461
109.8055,disk8w,334225408,43653,2180537632
109.8055,disk6,8269621733376,13558877,126282616436462
109.8055,disk6w,380928,53,8067940
109.8055,ram,483196928,65553743872,283049
109.8055,cpu,15779520,22565289,541829135
109.8055,gpu,0,0,0
110.0055,disk0,932630975598592,2101465578,12873605959828441
110.0055,disk0w,2189622984704,19771774,1285365176041
110.0055,disk4,4631006472192,9354136,60571108077530
110.0055,disk4w,2195456,171,27582691
110.0055,disk8,5144826341376,5189527,54098196615365
110.0055,disk8w,334225408,43653,2180537632
110.0055,disk6,8270806444032,13560824,126294863435357
110.0055,disk6w,380928,53,8067940
110.0055,ram,476053504,65122172928,283049
110.0055,cpu,15779558,22565421,541830832
110.0055,gpu,42,17,0
110.2055,disk0,932632647618560,2101470585,12873615054342001
110.2055,disk0w,2189622984704,19771774,1285365176041
110.2055,disk4,4631956645888,9356080,60580290459803
110.2055,disk4w,2195456,171,27582691
110.2055,disk8,5145405941760,5190121,54098961636045
110.2055,disk8w,334225408,43653,2180537632
110.2055,disk6,8272030230528,13562374,126303990046891
110.2055,disk6w,380928,53,8067940
110.2055,ram,476053504,65122172928,283049
110.2055,cpu,15779558,22565421,541830832
110.2055,gpu,0,0,0
110.4055,disk0,932635036405760,2101474738,12873627141410643
110.4055,disk0w,2189622984704,19771774,1285365176041
110.4055,disk4,4632814520320,9357841,60588298953669
110.4055,disk4w,2195456,171,27582691
110.4055,disk8,5146101803008,5190834,54099986758132
110.4055,disk8w,334225408,43653,2180537632
110.4055,disk6,8273169426432,13564102,126311019738469
110.4055,disk6w,380928,53,8067940
110.4055,ram,476053504,65122172928,283049
110.4055,cpu,15779558,22565421,541830832
110.4055,gpu,0,0,0
110.6055,disk0,932636971393024,2101478740,12873634166504917
110.6055,disk0w,2189622984704,19771774,1285365176041
110.6055,disk4,4633588418560,9359430,60594599082779
110.6055,disk4w,2195456,171,27582691
110.6055,disk8,5146811033600,5191561,54100979979463
110.6055,disk8w,334225408,43653,2180537632
110.6055,disk6,8274545174528,13566006,126324427316283
110.6055,disk6w,380928,53,8067940
110.6055,ram,476053504,65122172928,283049
110.6055,cpu,15779558,22565421,541830832
110.6055,gpu,29,13,0
110.8055,disk0,932638599704576,2101482006,12873640130900875
110.8055,disk0w,2189622984704,19771774,1285365176041
110.8055,disk4,4634329368576,9360884,60599264659965
110.8055,disk4w,2195456,171,27582691
110.8055,disk8,5147346724864,5192110,54101581015780
110.8055,disk8w,334225408,43653,2180537632
110.8055,disk6,8275933341696,13568190,126341589562421
110.8055,disk6w,380928,53,8067940
110.8055,ram,476053504,65122172928,283049
110.8055,cpu,15779558,22565421,541830832
110.8055,gpu,0,0,0
111.0055,disk0,932640593145856,2101486473,12873648994158467
111.0055,disk0w,2189622984704,19771774,1285365176041
111.0055,disk4,4635294074880,9362778,60607188206910
111.0055,disk4w,2195456,171,27582691
111.0055,disk8,5147973380096,5192752,54102505713941
111.0055,disk8w,334225408,43653,2180537632
111.0055,disk6,8277311318016,13570622,126354926539644
111.0055,disk6w,380928,53,8067940
111.0055,ram,544309248,65419345920,283049
111.0055,cpu,15779604,22565556,541832422
111.0055,gpu,0,0,0
111.2055,disk0,932642511273984,2101502021,12873664457996228
111.2055,disk0w,2189622984704,19771774,1285365176041
111.2055,disk4,4636182022144,9364531,60614653390423
111.2055,disk4w,2195456,171,27582691
111.2055,disk8,5148523489280,5193316,54103256940829
111.2055,disk8w,334225408,43653,2180537632
111.2055,disk6,8278574086144,13572735,126366176140339
111.2055,disk6w,380928,53,8067940
111.2055,ram,544309248,65419345920,283049
111.2055,cpu,15779604,22565556,541832422
111.2055,gpu,0,0,0
111.4039,disk0,932644468068352,2101505404,12873675467547474
111.4039,disk0w,2189622984704,19771774,1285365176041
111.4039,disk4,4636772485120,9365698,60619710627075
111.4039,disk4w,2195456,171,27582691
111.4039,disk8,5149196150784,5194005,54104250547399
111.4039,disk8w,334225408,43653,2180537632
111.4039,disk6,8279571609600,13574554,126373366404291
111.4039,disk6w,380928,53,8067940
111.4039,ram,544309248,65419345920,283049
111.4039,cpu,15779604,22565556,541832422
111.4039,gpu,55,22,0
111.6055,disk0,932646234423296,2101511080,12873687415073334
111.6055,disk0w,2189622984704,19771774,1285365176041
111.6055,disk4,4637787604992,9367777,60633982057756
111.6055,disk4w,2195456,171,27582691
111.6055,disk8,5149840336896,5194665,54105313605558
111.6055,disk8w,334225408,43653,2180537632
111.6055,disk6,8280650905600,13576158,126379886956772
111.6055,disk6w,380928,53,8067940
111.6055,ram,544309248,65419345920,283049
111.6055,cpu,15779604,22565556,541832422
111.6055,gpu,0,0,0
111.8055,disk0,932648351031296,2101514641,12873699894760821
111.8055,disk0w,2189622984704,19771774,1285365176041
111.8055,disk4,4638691297280,9369630,60645473793855
111.8055,disk4w,2195456,171,27582691
111.8055,disk8,5150437894144,5195278,54106128032519
111.8055,disk8w,334225408,43653,2180537632
111.8055,disk6,8281676773376,13577336,126383231680839
111.8055,disk6w,380928,53,8067940
111.8055,ram,544309248,65419345920,283049
111.8055,cpu,15779604,22565556,541832422
111.8055,gpu,33,17,0
112.0055,disk0,932650495127552,2101518516,12873711031120314
112.0055,disk0w,2189622984704,19771774,1285365176041
112.0055,disk4,4639559116800,9371408,60651957442225
112.0055,disk4w,2195456,171,27582691
112.0055,disk8,5150903330816,5195755,54106680399061
112.0055,disk8w,334225408,43653,2180537632
112.0055,disk6,8282940618752,13579230,126394728585506
112.0055,disk6w,380928,53,8067940
112.0055,ram,576880640,65384071168,283049
112.0055,cpu,15779638,22565687,541834100
112.0055,gpu,0,0,0
112.2055,disk0,932652683870208,2101523123,12873721863197053
112.2055,disk0w,2189622984704,19771774,1285365176041
112.2055,disk4,4640244221952,9372800,60655750074966
112.2055,disk4w,2195456,171,27582691
112.2055,disk8,5151502592000,5196369,54107381354568
112.2055,disk8w,334225408,43653,2180537632
112.2055,disk6,8284278880256,13581249,126408280318793
112.2055,disk6w,380928,53,8067940
112.2055,ram,576880640,65384071168,283049
112.2055,cpu,15779638,22565687,541834100
112.2055,gpu,0,0,0
112.4055,disk0,932654029422592,2101526048,12873725667769440
112.4055,disk0w,2189622984704,19771774,1285365176041
112.4055,disk4,4640927139840,9374123,60659223963689
112.4055,disk4w,2195456,171,27582691
112.4055,disk8,5151922022400,5196799,54107933774340
112.4055,disk8w,334225408,43653,2180537632
112.4055,disk6,8285698197504,13583800,126431935277702
112.4055,disk6w,380928,53,8067940
112.4055,ram,576880640,65384071168,283049
112.4055,cpu,15779638,22565687,541834100
112.4055,gpu,0,0,0
112.6023,disk0,932655906639872,2101530356,12873733346022288
112.6023,disk0w,2189622984704,19771774,1285365176041
112.6023,disk4,4641665550336,9375585,60663997436333
112.6023,disk4w,2195456,171,27582691
112.6023,disk8,5152466495488,5197357,54108609055479
112.6023,disk8w,334225408,43653,2180537632
112.6023,disk6,8287022942208,13585981,126448144358028
112.6023,disk6w,380928,53,8067940
112.6023,ram,576880640,65384071168,283049
112.6023,cpu,15779638,22565687,541834100
112.6023,gpu,0,0,0
112.8055,disk0,932657955942400,2101537593,12873747151226555
112.8055,disk0w,2189622984704,19771774,1285365176041
112.8055,disk4,4642384988160,9377007,60667977927154
112.8055,disk4w,2195456,171,27582691
112.8055,disk8,5153019750400,5197924,54109275254906
112.8055,disk8w,334225408,43653,2180537632
112.8055,disk6,8288342726656,13588182,126464140098884
112.8055,disk6w,380928,53,8067940
112.8055,ram,576880640,65384071168,283049
112.8055,cpu,15779638,22565687,541834100
112.8055,gpu,0,0,0
113.0055,disk0,932659799076864,2101540837,12873754949286017
113.0055,disk0w,2189622984704,19771774,1285365176041
113.0055,disk4,4643203696640,9378632,60675485371097
113.0055,disk4w,2195456,171,27582691
113.0055,disk8,5153450043392,5198365,54109877852516
113.0055,disk8w,334225408,43653,2180537632
113.0055,disk6,8289449224192,13590325,126475365358957
113.0055,disk6w,380928,53,8067940
113.0055,ram,631078912,65220411392,283049
113.0055,cpu,15779675,22565798,541835685
113.0055,gpu,59,21,0
113.2055,disk0,932662030188544,2101548297,12873768824697686
113.2055,disk0w,2189622984704,19771774,1285365176041
113.2055,disk4,4644103956480,9380478,60684043955445
113.2055,disk4w,2195456,171,27582691
113.2055,disk8,5154004346880,5198933,54110534237742
113.2055,disk8w,334225408,43653,2180537632
113.2055,disk6,8290732107776,13592177,126485769262722
113.2055,disk6w,380928,53,8067940
113.2055,ram,631078912,65220411392,283049
113.2055,cpu,15779675,22565798,541835685
113.2055,gpu,41,14,0
113.4055,disk0,932664158609408,2101551919,12873778063941424
113.4055,disk0w,2189622984704,19771774,1285365176041
113.4055,disk4,4644929341440,9382172,60692619949498
113.4055,disk4w,2195456,171,27582691
113.4055,disk8,5154565335040,5199508,54111206550343
113.4055,disk8w,334225408,43653,2180537632
113.4055,disk6,8291923748864,13593626,126493458269170
113.4055,disk6w,380928,53,8067940
113.4055,ram,631078912,65220411392,283049
113.4055,cpu,15779675,22565798,541835685
113.4055,gpu,0,0,0
113.6013,disk0,932666160259072,2101555682,12873787409698551
113.6013,disk0w,2189622984704,19771774,1285365176041
113.6013,disk4,4645699233792,9383750,60697730006251
113.6013,disk4w,2195456,171,27582691
113.6013,disk8,5155152275456,5200109,54112026173180
113.6013,disk8w,334225408,43653,2180537632
113.6013,disk6,8293199177728,13595497,126506002558425
113.6013,disk6w,380928,53,8067940
113.6013,ram,631078912,65220411392,283049
113.6013,cpu,15779675,22565798,541835685
113.6013,gpu,33,15,0
113.8055,disk0,932668305727488,2101559988,12873799273281315
113.8055,disk0w,2189622984704,19771774,1285365176041
113.8055,disk4,4646450333696,9385278,60703065561355
113.8055,disk4w,2195456,171,27582691
113.8055,disk8,5155654281216,5200624,54112593026751
113.8055,disk8w,334225408,43653,2180537632
113.8055,disk6,8294507931648,13597467,126518151672126
113.8055,disk6w,380928,53,8067940
113.8055,ram,631078912,65220411392,283049
113.8055,cpu,15779675,22565798,541835685
113.8055,gpu,0,0,0
114.0055,disk0,932670440960000,2101564661,12873809399166470
114.0055,disk0w,2189623009280,19771780,1285365282247
114.0055,disk4,4647226083328,9386781,60707856321096
114.0055,disk4w,2195456,171,27582691
114.0055,disk8,5156233881600,5201218,54113396170803
114.0055,disk8w,334225408,43653,2180537632
114.0055,disk6,8295774693376,13599706,126532579438057
114.0055,disk6w,380928,53,8067940
114.0055,ram,646742016,65385660416,283049
114.0055,cpu,15779713,22565919,541837339
114.0055,gpu,0,0,0
114.2055,disk0,932672284372992,2101568554,12873817951629203
114.2055,disk0w,2189623009280,19771780,1285365282247
114.2055,disk4,4647938705408,9388186,60712456899925
114.2055,disk4w,2195456,171,27582691
114.2055,disk8,5156716881920,5201713,54114058112756
114.2055,disk8w,334225408,43653,2180537632
114.2055,disk6,8297116067840,13602184,126549030285695
114.2055,disk6w,380928,53,8067940
114.2055,ram,647446528,65419231232,283049
114.2055,cpu,15779713,22565919,541837339
114.2055,gpu,0,0,0
114.4055,disk0,932674354118656,2101577088,12873834531317701
114.4055,disk0w,2189623009280,19771780,1285365282247
114.4055,disk4,4648834664448,9389955,60720289658396
114.4055,disk4w,2195456,171,27582691
114.4055,disk8,5157375518720,5202388,54114985587983
114.4055,disk8w,334225408,43653,2180537632
114.4055,disk6,8298325043200,13604217,126559365318689
114.4055,disk6w,380928,53,8067940
114.4055,ram,647446528,65419231232,283049
114.4055,cpu,15779713,22565919,541837339
114.4055,gpu,37,17,0
114.6056,disk0,932676318969856,2101580356,12873841191819700
114.6056,disk0w,2189623009280,19771780,1285365282247
114.6056,disk4,4649553053696,9391375,60724712195388
114.6056,disk4w,2195456,171,27582691
114.6056,disk8,5157902428160,5202928,54115613577094
114.6056,disk8w,334225408,43653,2180537632
114.6056,disk6,8299661862912,13606647,126576872074133
114.6056,disk6w,380928,53,8067940
114.6056,ram,647446528,65419231232,283049
114.6056,cpu,15779713,22565919,541837339
114.6056,gpu,0,0,0
114.8055,disk0,932678186598400,2101591261,12873855518600425
114.8055,disk0w,2189623009280,19771780,1285365282247
114.8055,disk4,4650250373120,9392800,60730332306792
114.8055,disk4w,2195456,171,27582691
114.8055,disk8,5158538864640,5203580,54116816717543
114.8055,disk8w,334225408,43653,2180537632
114.8055,disk6,8300876736512,13608445,126587251813086
114.8055,disk6w,380928,53,8067940
114.8055,ram,647446528,65419231232,283049
114.8055,cpu,15779713,22565919,541837339
114.8055,gpu,37,16,0
115.0055,disk0,932680191504384,2101594842,12873865389067237
115.0055,disk0w,2189623009280,19771780,1285365282247
115.0055,disk4,4651011590144,9394358,60736506895487
115.0055,disk4w,2195456,171,27582691
115.0055,disk8,5159131834368,5204188,54117632909552
115.0055,disk8w,334225408,43653,2180537632
115.0055,disk6,8302202349568,13610043,126596575223740
115.0055,disk6w,380928,53,8067940
115.0055,ram,657522688,65392394240,283049
115.0055,cpu,15779762,22566060,541838915
115.0055,gpu,0,0,0
115.2055,disk0,932682270306304,2101598718,12873873222160448
115.2055,disk0w,2189623009280,19771780,1285365282247
115.2055,disk4,4651715340288,9395800,60741806332844
115.2055,disk4w,2195456,171,27582691
115.2055,disk8,5159562143744,5204629,54118150564195
115.2055,disk8w,334225408,43653,2180537632
115.2055,disk6,8303524915200,13611946,126610348899109
115.2055,disk6w,380928,53,8067940
115.2055,ram,655458304,65392476160,283049
115.2055,cpu,15779762,22566060,541838915
115.2055,gpu,0,0,0
115.4048,disk0,932684104790016,2101602522,12873882942268173
115.4048,disk0w,2189623009280,19771780,1285365282247
115.4048,disk4,4652456765440,9397322,60746702775838
115.4048,disk4w,2195456,171,27582691
115.4048,disk8,5160116447232,5205197,54118759985041
115.4048,disk8w,334225408,43653,2180537632
115.4048,disk6,8304856803328,13613996,126624169879009
115.4048,disk6w,380928,53,8067940
115.4048,ram,655458304,65392476160,283049
115.4048,cpu,15779762,22566060,541838915
115.4048,gpu,44,18,0
115.6055,disk0,932686045179904,2101606603,12873893107533478
115.6055,disk0w,2189623009280,19771780,1285365282247
115.6055,disk4,4653174097920,9398719,60750723723551
115.6055,disk4w,2195456,171,27582691
115.6055,disk8,5160651089920,5205745,54119398370423
115.6055,disk8w,334225408,43653,2180537632
115.6055,disk6,8306215512064,13616255,126639841617327
115.6055,disk6w,380928,53,8067940
115.6055,ram,655458304,65392476160,283049
115.6055,cpu,15779762,22566060,541838915
115.6055,gpu,50,23,0
115.8055,disk0,932687844540416,2101610640,12873901009597581
115.8055,disk0w,2189623009280,19771780,1285365282247
115.8055,disk4,4654010075136,9400372,60758395955760
115.8055,disk4w,2195456,171,27582691
115.8055,disk8,5161169217536,5206276,54119958921871
115.8055,disk8w,334225408,43653,2180537632
115.8055,disk6,8307594094592,13618666,126656584617503
115.8055,disk6w,380928,53,8067940
115.8055,ram,655458304,65392476160,283049
115.8055,cpu,15779762,22566060,541838915
115.8055,gpu,38,12,0
116.0056,disk0,932690008342528,2101616415,12873912833205424
116.0056,disk0w,2189623009280,19771780,1285365282247
116.0056,disk4,4654729512960,9401792,60762864350372
116.0056,disk4w,2195456,171,27582691
116.0056,disk8,5161669781504,5206789,54120621315902
116.0056,disk8w,334225408,43653,2180537632
116.0056,disk6,8308912187392,13620868,126670557442426
116.0056,disk6w,380928,53,8067940
116.0056,ram,668549120,63895388160,283049
116.0056,cpu,15779806,22566192,541840553
116.0056,gpu,46,15,0
116.2022,disk0,932691909230592,2101619869,12873924067700864
116.2022,disk0w,2189623009280,19771780,1285365282247
116.2022,disk4,4655445428224,9403217,60770113250915
116.2022,disk4w,2195456,171,27582691
116.2022,disk8,5162126387200,5207257,54121502704048
116.2022,disk8w,334225408,43653,2180537632
116.2022,disk6,8309972428800,13622765,126679455048403
116.2022,disk6w,380928,53,8067940
116.2022,ram,669270016,63895502848,283049
116.2022,cpu,15779809,22566200,541840656
116.2022,gpu,0,0,0
116.4056,disk0,932694027624448,2101625255,12873934817672568
116.4056,disk0w,2189623009280,19771780,1285365282247
116.4056,disk4,4656341633024,9405054,60776119502175
116.4056,disk4w,2195456,171,27582691
116.4056,disk8,5162717915136,5207863,54122182063765
116.4056,disk8w,334225408,43653,2180537632
116.4056,disk6,8311328909312,13624821,126693051153518
116.4056,disk6w,380928,53,8067940
116.4056,ram,669270016,63895502848,283049
116.4056,cpu,15779809,22566200,541840656
116.4056,gpu,33,14,0
116.6056,disk0,932695874494464,2101628454,12873941537195758
116.6056,disk0w,2189623009280,19771780,1285365282247
116.6056,disk4,4657069320192,9406547,60780359497780
116.6056,disk4w,2195456,171,27582691
116.6056,disk8,5163118733312,5208274,54122681228260
116.6056,disk8w,334225408,43653,2180537632
116.6056,disk6,8312719583232,13626570,126706655283269
116.6056,disk6w,380928,53,8067940
116.6056,ram,669270016,63895502848,283049
116.6056,cpu,15779809,22566200,541840656
116.6056,gpu,42,22,0
116.8056,disk0,932697924431872,2101632365,12873950349433881
116.8056,disk0w,2189623009280,19771780,1285365282247
116.8056,disk4,4657756424192,9407955,60784082361056
116.8056,disk4w,2195456,171,27582691
116.8056,disk8,5163710261248,5208880,54123463121019
116.8056,disk8w,334225408,43653,2180537632
116.8056,disk6,8314056124416,13628617,126721566281578
116.8056,disk6w,380928,53,8067940
116.8056,ram,669270016,63895502848,283049
116.8056,cpu,15779809,22566200,541840656
116.8056,gpu,0,0,0
117.0056,disk0,932700015046656,2101636616,12873959967501711
117.0056,disk0w,2189623009280,19771780,1285365282247
117.0056,disk4,4658548672512,9409554,60789466112866
117.0056,disk4w,2195456,171,27582691
117.0056,disk8,5164261419008,5209445,54124090848331
117.0056,disk8w,334225408,43653,2180537632
117.0056,disk6,8315426760704,13630645,126734829048225
117.0056,disk6w,380928,53,8067940
117.0056,ram,680312832,65326792704,283049
117.0056,cpu,15779843,22566308,541842181
117.0056,gpu,0,0,0
117.2056,disk0,932701839699968,2101640380,12873968665703658
117.2056,disk0w,2189623009280,19771780,1285365282247
117.2056,disk4,4659206703104,9410830,60793493095559
117.2056,disk4w,2195456,171,27582691
117.2056,disk8,5164797110272,5209994,54124710891323
117.2056,disk8w,334225408,43653,2180537632
117.2056,disk6,8316766873600,13633156,126753600183019
117.2056,disk6w,380928,53,8067940
117.2056,ram,679395328,65360363520,283049
117.2056,cpu,15779844,22566310,541842220
117.2056,gpu,37,16,0
117.4056,disk0,932703817015296,2101644741,12873976890633794
117.4056,disk0w,2189623070720,19771783,1285365343413
117.4056,disk4,4660159498240,9412713,60802224083701
117.4056,disk4w,2195456,171,27582691
117.4056,disk8,5165349316608,5210560,54125410580928
117.4056,disk8w,334225408,43653,2180537632
117.4056,disk6,8318046332928,13635453,126767745764841
117.4056,disk6w,380928,53,8067940
117.4056,ram,679395328,65360363520,283049
117.4056,cpu,15779844,22566310,541842220
117.4056,gpu,37,14,0
117.6056,disk0,932705890185216,2101650318,12873988760296087
117.6056,disk0w,2189623398400,19771801,1285365615783
117.6056,disk4,4661038958592,9414449,60811267624031
117.6056,disk4w,2195456,171,27582691
117.6056,disk8,5165849880576,5211073,54126001325513
117.6056,disk8w,334225408,43653,2180537632
117.6056,disk6,8319315781632,13637729,126778414854291
117.6056,disk6w,380928,53,8067940
117.6056,ram,679395328,65360363520,283049
117.6056,cpu,15779844,22566310,541842220
117.6056,gpu,0,0,0
117.8056,disk0,932707899281408,2101654150,12874000957678509
117.8056,disk0w,2189623398400,19771801,1285365615783
117.8056,disk4,4661849802752,9416081,60818099613086
117.8056,disk4w,2195456,171,27582691
117.8056,disk8,5166367926272,5211604,54127370586993
117.8056,disk8w,334225408,43653,2180537632
117.8056,disk6,8320302852096,13639469,126786012361448
117.8056,disk6w,380928,53,8067940
117.8056,ram,679395328,65360363520,283049
117.8056,cpu,15779844,22566310,541842220
117.8056,gpu,0,0,0
118.0056,disk0,932709772431360,2101662634,12874012991937034
118.0056,disk0w,2189623398400,19771801,1285365615783
118.0056,disk4,4662871459840,9418178,60830342966841
118.0056,disk4w,2195456,171,27582691
118.0056,disk8,5166947526656,5212198,54128160375666
118.0056,disk8w,334225408,43653,2180537632
118.0056,disk6,8321391536128,13640982,126790916584735
118.0056,disk6w,380928,53,8067940
118.0056,ram,509394944,65569816576,283049
118.0056,cpu,15779921,22566452,541843740
118.0056,gpu,0,0,0
118.2056,disk0,932711726194688,2101665826,12874019169331216
118.2056,disk0w,2189623447552,19771802,1285365631574
118.2056,disk4,4663750649856,9419981,60839947297163
118.2056,disk4w,2195456,171,27582691
118.2056,disk8,5167489509376,5212753,54128826970054
118.2056,disk8w,334225408,43653,2180537632
118.2056,disk6,8322653661184,13642611,126800645863070
118.2056,disk6w,380928,53,8067940
118.2056,ram,519602176,65603108864,283049
118.2056,cpu,15779921,22566453,541843759
118.2056,gpu,0,0,0
118.4056,disk0,932714031591424,2101670203,12874030608106711
118.4056,disk0w,2189623447552,19771802,1285365631574
118.4056,disk4,4664421148672,9421355,60845901188533
118.4056,disk4w,2195456,171,27582691
118.4056,disk8,5168222988288,5213505,54129910829678
118.4056,disk8w,334225408,43653,2180537632
118.4056,disk6,8323948685312,13644635,126811756045873
118.4056,disk6w,380928,53,8067940
118.4056,ram,519602176,65603108864,283049
118.4056,cpu,15779921,22566453,541843759
118.4056,gpu,44,21,0
118.6056,disk0,932715928875008,2101674302,12874038309896232
118.6056,disk0w,2189624938496,19772123,1285373798677
118.6056,disk4,4665211013120,9422926,60850520355062
118.6056,disk4w,2195456,171,27582691
118.6056,disk8,5168791709696,5214088,54130582319896
118.6056,disk8w,334225408,43653,2180537632
118.6056,disk6,8325351368704,13646917,126828390447773
118.6056,disk6w,380928,53,8067940
118.6056,ram,519602176,65603108864,283049
118.6056,cpu,15779921,22566453,541843759
118.6056,gpu,37,22,0
118.8056,disk0,932717546242048,2101677973,12874043788040482
118.8056,disk0w,2189624987648,19772124,1285373814427
118.8056,disk4,4666035734528,9424545,60857598087070
118.8056,disk4w,2195456,171,27582691
118.8056,disk8,5169239582720,5214547,54131109808460
118.8056,disk8w,334225408,43653,2180537632
118.8056,disk6,8326697445376,13649297,126847301455196
118.8056,disk6w,380928,53,8067940
118.8056,ram,519602176,65603108864,283049
118.8056,cpu,15779921,22566453,541843759
118.8056,gpu,0,0,0
119.0056,disk0,932719174717440,2101681977,12874051325876260
119.0056,disk0w,2189624987648,19772124,1285373814427
119.0056,disk4,4666870941696,9426192,60865698063431
119.0056,disk4w,2195456,171,27582691
119.0056,disk8,5169661110272,5214979,54131558477567
119.0056,disk8w,334225408,43653,2180537632
119.0056,disk6,8327857846272,13651363,126860492744692
119.0056,disk6w,380928,53,8067940
119.0056,ram,519602176,65603108864,283049
119.0056,cpu,15779921,22566453,541843759
119.0056,gpu,34,18,0
119.2056,disk0,932721148522496,2101693211,12874063645902253
119.2056,disk0w,2189624987648,19772124,1285373814427
119.2056,disk4,4667740735488,9427903,60871657190529
119.2056,disk4w,2195456,171,27582691
119.2056,disk8,5170272299008,5215605,54132301014484
119.2056,disk8w,334225408,43653,2180537632
119.2056,disk6,8329241065472,13654104,126876310252190
119.2056,disk6w,380928,53,8067940
119.2056,ram,354074624,64162037760,283049
119.2056,cpu,15779971,22566590,541845332
119.2056,gpu,48,15,0
119.4056,disk0,932722595962880,2101700976,12874073205075127
119.4056,disk0w,2189625004032,19772126,1285373842343
119.4056,disk4,4668609570816,9429672,60880116862893
119.4056,disk4w,2195456,171,27582691
119.4056,disk8,5170818787328,5216165,54133827465007
119.4056,disk8w,334225408,43653,2180537632
119.4056,disk6,8330354358272,13655882,126886744227839
119.4056,disk6w,380928,53,8067940
119.4056,ram,354074624,64162037760,283049
119.4056,cpu,15779971,22566590,541845332
119.4056,gpu,58,23,0
119.6056,disk0,932725021745152,2101705131,12874085842708222
119.6056,disk0w,2189625016320,19772129,1285373875634
119.6056,disk4,4669473056768,9431443,60887012113806
119.6056,disk4w,2195456,171,27582691
119.6056,disk8,5171429320704,5216791,54134749154417
119.6056,disk8w,334225408,43653,2180537632
119.6056,disk6,8331530864640,13657409,126893484690904
119.6056,disk6w,380928,53,8067940
119.6056,ram,354074624,64162037760,283049
119.6056,cpu,15779971,22566590,541845332
119.6056,gpu,0,0,0
119.8056,disk0,932727377039360,2101709764,12874099220662877
119.8056,disk0w,2189625049088,19772131,1285373901216
119.8056,disk4,4670320805888,9433180,60893100281102
119.8056,disk4w,2195456,171,27582691
119.8056,disk8,5172093593600,5217472,54135850151785
119.8056,disk8w,334225408,43653,2180537632
119.8056,disk6,8332802082816,13659310,126902069858725
119.8056,disk6w,380928,53,8067940
119.8056,ram,354074624,64162037760,283049
119.8056,cpu,15779971,22566590,541845332
119.8056,gpu,40,25,0
120.0055,disk0,932729392467968,2101713903,12874110916333354
120.0055,disk0w,2189625053184,19772132,1285373928132
120.0055,disk4,4671077959680,9434729,60897527636331
120.0055,disk4w,2195456,171,27582691
120.0055,disk8,5172699539456,5218093,54136562181325
120.0055,disk8w,334225408,43653,2180537632
120.0055,disk6,8334161872896,13661288,126914690359058
120.0055,disk6w,380928,53,8067940
120.0055,ram,354074624,64162037760,283049
120.0055,cpu,15779971,22566590,541845332
120.0055,gpu,0,0,0
120.2056,disk0,932730938613760,2101717147,12874115774101603
120.2056,disk0w,2189625102336,19772133,1285373946215
120.2056,disk4,4671829346304,9436185,60901152138730
120.2056,disk4w,2195456,171,27582691
120.2056,disk8,5173235230720,5218642,54137189443853
120.2056,disk8w,334225408,43653,2180537632
120.2056,disk6,8335579416576,13663829,126936214706187
120.2056,disk6w,380928,53,8067940
120.2056,ram,279511040,65884094464,283049
120.2056,cpu,15780037,22566777,541846993
120.2056,gpu,52,24,0
120.4056,disk0,932732661469184,2101721176,12874121791279464
120.4056,disk0w,2189625139200,19772142,1285374105670
120.4056,disk4,4672936921088,9438369,60915805593716
120.4056,disk4w,2195456,171,27582691
120.4056,disk8,5173788485632,5219209,54137895834573
120.4056,disk8w,334225408,43653,2180537632
120.4056,disk6,8336739076096,13665976,126946084726259
120.4056,disk6w,380928,53,8067940
120.4056,ram,279511040,65884094464,283049
120.4056,cpu,15780037,22566777,541846993
120.4056,gpu,0,0,0
120.6056,disk0,932734592622592,2101732535,12874136418405076
120.6056,disk0w,2189625163776,19772145,1285374173627
120.6056,disk4,4673724450816,9439921,60920881172190
120.6056,disk4w,2195456,171,27582691
120.6056,disk8,5174280267776,5219713,54138476509856
120.6056,disk8w,334225408,43653,2180537632
120.6056,disk6,8337956308992,13667971,126958748858765
120.6056,disk6w,380928,53,8067940
120.6056,ram,279511040,65884094464,283049
120.6056,cpu,15780037,22566777,541846993
120.6056,gpu,0,0,0
120.8012,disk0,932736280272896,2101735309,12874142703110006
120.8012,disk0w,2189625163776,19772145,1285374173627
120.8012,disk4,4674462722048,9441380,60926620948116
120.8012,disk4w,2195456,171,27582691
120.8012,disk8,5174705989632,5220149,54139011137577
120.8012,disk8w,334225408,43653,2180537632
120.8012,disk6,8339107452928,13670162,126971703935825
120.8012,disk6w,380928,53,8067940
120.8012,ram,279511040,65884094464,283049
120.8012,cpu,15780037,22566777,541846993
120.8012,gpu,27,6,0
121.0015,disk0,932738424061952,2101743802,12874158957942157
121.0015,disk0w,2189625217024,19772147,1285374219584
121.0015,disk4,4675323348992,9443142,60932660340377
121.0015,disk4w,2195456,171,27582691
121.0015,disk8,5175325288448,5220784,54139967343741
121.0015,disk8w,334225408,43653,2180537632
121.0015,disk6,8340364318720,13671833,126981483481803
121.0015,disk6w,380928,53,8067940
121.0015,ram,279511040,65884094464,283049
121.0015,cpu,15780037,22566777,541846993
121.0015,gpu,0,0,0
121.2056,disk0,932740681465856,2101747757,12874171848587214
121.2056,disk0w,2189625294848,19772149,1285374272875
121.2056,disk4,4676222453760,9444986,60940779698362
121.2056,disk4w,2195456,171,27582691
121.2056,disk8,5175904888832,5221378,54140752751917
121.2056,disk8w,334225408,43653,2180537632
121.2056,disk6,8341549602816,13673253,126987897437119
121.2056,disk6w,380928,53,8067940
121.2056,ram,391413760,65859944448,283049
121.2056,cpu,15780112,22566945,541848509
121.2056,gpu,33,5,0
121.4056,disk0,932742581141504,2101751345,12874179970394375
121.4056,disk0w,2189625294848,19772149,1285374272875
121.4056,disk4,4676925253632,9446426,60945369991546
121.4056,disk4w,2195456,171,27582691
121.4056,disk8,5176466925568,5221954,54141397356051
121.4056,disk8w,334225408,43653,2180537632
121.4056,disk6,8342908278784,13675168,127002446158360
121.4056,disk6w,380928,53,8067940
121.4056,ram,391413760,65859944448,283049
121.4056,cpu,15780112,22566945,541848509
121.4056,gpu,0,0,0
121.6056,disk0,932744953020416,2101756275,12874195184714449
121.6056,disk0w,2189625294848,19772149,1285374272875
121.6056,disk4,4677679777792,9447953,60950306561613
121.6056,disk4w,2195456,171,27582691
121.6056,disk8,5177125562368,5222629,54142230779084
121.6056,disk8w,334225408,43653,2180537632
121.6056,disk6,8344183609344,13677168,127012547497086
121.6056,disk6w,380928,53,8067940
121.6056,ram,391413760,65859944448,283049
121.6056,cpu,15780112,22566945,541848509
121.6056,gpu,0,0,0
121.8056,disk0,932746906124288,2101760667,12874204735876762
121.8056,disk0w,2189625294848,19772149,1285374272875
121.8056,disk4,4678617139200,9449771,60956953590780
121.8056,disk4w,2195456,171,27582691
121.8056,disk8,5177651030016,5223167,54142778022518
121.8056,disk8w,334225408,43653,2180537632
121.8056,disk6,8345567844352,13679724,127028737783139
121.8056,disk6w,380928,53,8067940
121.8056,ram,391413760,65859944448,283049
121.8056,cpu,15780112,22566945,541848509
121.8056,gpu,0,0,0
122.0056,disk0,932748985139200,2101765549,12874216457437075
122.0056,disk0w,2189625294848,19772149,1285374272875
122.0056,disk4,4679577520128,9451668,60964713537866
122.0056,disk4w,2195456,171,27582691
122.0056,disk8,5178179381248,5223709,54143389405503
122.0056,disk8w,334225408,43653,2180537632
122.0056,disk6,8346888230912,13682116,127040716864340
122.0056,disk6w,380928,53,8067940
122.0056,ram,391413760,65859944448,283049
122.0056,cpu,15780112,22566945,541848509
122.0056,gpu,32,5,0
122.2056,disk0,932750915121152,2101771577,12874225794590196
122.2056,disk0w,2189625294848,19772149,1285374272875
122.2056,disk4,4680397146112,9453287,60970989956533
122.2056,disk4w,2195456,171,27582691
122.2056,disk8,5178688727040,5224231,54143957576164
122.2056,disk8w,334225408,43653,2180537632
122.2056,disk6,8348264523776,13684423,127055335338238
122.2056,disk6w,380928,53,8067940
122.2056,ram,399671296,63870238720,283049
122.2056,cpu,15780159,22567083,541850191
122.2056,gpu,0,0,0
122.4056,disk0,932752716537856,2101774708,12874236472956441
122.4056,disk0w,2189625294848,19772149,1285374272875
122.4056,disk4,4681217673216,9454926,60978760194316
122.4056,disk4w,2195456,171,27582691
122.4056,disk8,5179189258240,5224744,54144784910704
122.4056,disk8w,334225408,43653,2180537632
122.4056,disk6,8349328140288,13686406,127065629373314
122.4056,disk6w,380928,53,8067940
122.4056,ram,399671296,63870238720,283049
122.4056,cpu,15780159,22567083,541850191
122.4056,gpu,0,0,0
122.6056,disk0,932754652160000,2101780344,12874245725483437
122.6056,disk0w,2189625294848,19772149,1285374272875
122.6056,disk4,4682206849024,9456953,60990204177914
122.6056,disk4w,2195456,171,27582691
122.6056,disk8,5179768858624,5225338,54145525388290
122.6056,disk8w,334225408,43653,2180537632
122.6056,disk6,8350592559104,13688201,127073981469096
122.6056,disk6w,380928,53,8067940
122.6056,ram,399671296,63870238720,283049
122.6056,cpu,15780159,22567083,541850191
122.6056,gpu,0,0,0
122.8056,disk0,932756678303744,2101783877,12874253660862603
122.8056,disk0w,2189625294848,19772149,1285374272875
122.8056,disk4,4682963093504,9458504,60996882071934
122.8056,disk4w,2195456,171,27582691
122.8056,disk8,5180260640768,5225842,54146099183658
122.8056,disk8w,334225408,43653,2180537632
122.8056,disk6,8351905163264,13689864,127085022037257
122.8056,disk6w,380928,53,8067940
122.8056,ram,399671296,63870238720,283049
122.8056,cpu,15780159,22567083,541850191
122.8056,gpu,0,0,0
123.0056,disk0,932758885949440,2101788026,12874265035714066
123.0056,disk0w,2189625294848,19772149,1285374272875
123.0056,disk4,4683779049472,9460177,61003148633330
123.0056,disk4w,2195456,171,27582691
123.0056,disk8,5180778768384,5226373,54146680333869
123.0056,disk8w,334225408,43653,2180537632
123.0056,disk6,8353147398144,13691681,127096430731288
123.0056,disk6w,380928,53,8067940
123.0056,ram,399671296,63870238720,283049
123.0056,cpu,15780159,22567083,541850191
123.0056,gpu,0,0,0
123.2056,disk0,932760796364800,2101791940,12874272929017424
123.2056,disk0w,2189633826816,19772158,1285375198329
123.2056,disk4,4684449007616,9461539,61007685128444
123.2056,disk4w,2195456,171,27582691
123.2056,disk8,5181323241472,5226931,54147306207433
123.2056,disk8w,334225408,43653,2180537632
123.2056,disk6,8354534598656,13693771,127111837892342
123.2056,disk6w,380928,53,8067940
123.2056,ram,542900224,65177534464,283049
123.2056,cpu,15780224,22567209,541851765
123.2056,gpu,0,0,0
123.4044,disk0,932762582728704,2101795810,12874281775872395
123.4044,disk0w,2189641969664,19772168,1285376101993
123.4044,disk4,4685121423360,9462842,61011257848502
123.4044,disk4w,2195456,171,27582691
123.4044,disk8,5181858932736,5227480,54147915385832
123.4044,disk8w,334225408,43653,2180537632
123.4044,disk6,8355901401088,13696483,127131130097109
123.4044,disk6w,380928,53,8067940
123.4044,ram,542900224,65177534464,283049
123.4044,cpu,15780224,22567209,541851765
123.4044,gpu,0,0,0
123.6056,disk0,932764873453568,2101800756,12874296972217888
123.6056,disk0w,2189642416128,19772171,1285376187742
123.6056,disk4,4685805766656,9464191,61015053717331
123.6056,disk4w,2195456,171,27582691
123.6056,disk8,5182456096768,5228092,54148701877306
123.6056,disk8w,334225408,43653,2180537632
123.6056,disk6,8357207713792,13698879,127144319230900
123.6056,disk6w,380928,53,8067940
123.6056,ram,542900224,65177534464,283049
123.6056,cpu,15780224,22567209,541851765
123.6056,gpu,0,0,0
123.8056,disk0,932766747377664,2101813067,12874311999723239
123.8056,disk0w,2189642416128,19772171,1285376187742
123.8056,disk4,4686591346688,9465737,61020711339721
123.8056,disk4w,2195456,171,27582691
123.8056,disk8,5182921533440,5228569,54149299379689
123.8056,disk8w,334225408,43653,2180537632
123.8056,disk6,8358402074624,13700863,127157069895690
123.8056,disk6w,380928,53,8067940
123.8056,ram,542900224,65177534464,283049
123.8056,cpu,15780224,22567209,541851765
123.8056,gpu,0,0,0
124.0056,disk0,932768154386432,2101815618,12874316699824951
124.0056,disk0w,2189642416128,19772171,1285376187742
124.0056,disk4,4687326251008,9467189,61029393793952
124.0056,disk4w,2195456,171,27582691
124.0056,disk8,5183338440704,5228996,54149902754089
124.0056,disk8w,334225408,43653,2180537632
124.0056,disk6,8359457220608,13702826,127169274658326
124.0056,disk6w,380928,53,8067940
124.0056,ram,542900224,65177534464,283049
124.0056,cpu,15780224,22567209,541851765
124.0056,gpu,36,5,0
124.2056,disk0,932770334404608,2101822735,12874334106094817
124.2056,disk0w,2189642416128,19772171,1285376187742
124.2056,disk4,4688119007232,9468814,61034313529091
124.2056,disk4w,2195456,171,27582691
124.2056,disk8,5183975303168,5229649,54150833013989
124.2056,disk8w,334225408,43653,2180537632
124.2056,disk6,8360654071808,13704529,127179407371060
124.2056,disk6w,380928,53,8067940
124.2056,ram,583106560,65224065024,283049
124.2056,cpu,15780300,22567356,541853359
124.2056,gpu,0,0,0
124.4056,disk0,932772584685568,2101826528,12874345324027166
124.4056,disk0w,2189642416128,19772171,1285376187742
124.4056,disk4,4689072195584,9470768,61042306337596
124.4056,disk4w,2195456,171,27582691
124.4056,disk8,5184433006592,5230118,54151371328663
124.4056,disk8w,334225408,43653,2180537632
124.4056,disk6,8361947834368,13706118,127186605611302
124.4056,disk6w,380928,53,8067940
124.4056,ram,583106560,65224065024,283049
124.4056,cpu,15780300,22567356,541853359
124.4056,gpu,0,0,0
124.6056,disk0,932774332469248,2101830017,12874352846230426
124.6056,disk0w,2189642416128,19772171,1285376187742
124.6056,disk4,4689797777408,9472256,61046044341105
124.6056,disk4w,2195456,171,27582691
124.6056,disk8,5185020340224,5230720,54152223155181
124.6056,disk8w,334225408,43653,2180537632
124.6056,disk6,8363326072832,13708184,127201718417291
124.6056,disk6w,380928,53,8067940
124.6056,ram,583106560,65224065024,283049
124.6056,cpu,15780300,22567356,541853359
124.6056,gpu,34,8,0
124.8056,disk0,932776631013376,2101834904,12874366748581139
124.8056,disk0w,2189642416128,19772171,1285376187742
124.8056,disk4,4690553358336,9473789,61051263387802
124.8056,disk4w,2195456,171,27582691
124.8056,disk8,5185564813312,5231278,54152851704576
124.8056,disk8w,334225408,43653,2180537632
124.8056,disk6,8364587972608,13710236,127213228816866
124.8056,disk6w,380928,53,8067940
124.8056,ram,583106560,65224065024,283049
124.8056,cpu,15780300,22567356,541853359
124.8056,gpu,0,0,0
125.0010,disk0,932778444644352,2101838848,12874375885034975
125.0010,disk0w,2189642416128,19772171,1285376187742
125.0010,disk4,4691238225920,9475116,61055747131445
125.0010,disk4w,2195456,171,27582691
125.0010,disk8,5186031298560,5231756,54153404347120
125.0010,disk8w,334225408,43653,2180537632
125.0010,disk6,8365923268608,13712731,127231817709787
125.0010,disk6w,380928,53,8067940
125.0010,ram,583106560,65224065024,283049
125.0010,cpu,15780300,22567356,541853359
125.0010,gpu,44,6,0
125.2026,disk0,932780365434880,2101843140,12874385874074152
125.2026,disk0w,2189642416128,19772171,1285376187742
125.2026,disk4,4692216301568,9477048,61063824864928
125.2026,disk4w,2195456,171,27582691
125.2026,disk8,5186583504896,5232322,54154098278096
125.2026,disk8w,334225408,43653,2180537632
125.2026,disk6,8367226468352,13715225,127245098900715
125.2026,disk6w,380928,53,8067940
125.2026,ram,671514624,63772819456,283049
125.2026,cpu,15780348,22567508,541855023
125.2026,gpu,0,0,0
125.4056,disk0,932782335414272,2101854468,12874401726859374
125.4056,disk0w,2189642416128,19772171,1285376187742
125.4056,disk4,4693068777472,9478731,61069503408250
125.4056,disk4w,2195456,171,27582691
125.4056,disk8,5187110414336,5232862,54154762440800
125.4056,disk8w,334225408,43653,2180537632
125.4056,disk6,8368521574400,13717496,127258885453443
125.4056,disk6w,380928,53,8067940
125.4056,ram,671514624,63772819456,283049
125.4056,cpu,15780348,22567508,541855023
125.4056,gpu,0,0,0
125.6056,disk0,932784071389184,2101857530,12874409720609020
125.6056,disk0w,2189642416128,19772171,1285376187742
125.6056,disk4,4693723809792,9480044,61073946722351
125.6056,disk4w,2195456,171,27582691
125.6056,disk8,5187514345472,5233276,54155400972824
125.6056,disk8w,334225408,43653,2180537632
125.6056,disk6,8369710659584,13719675,127275292774888
125.6056,disk6w,380928,53,8067940
125.6056,ram,671514624,63772819456,283049
125.6056,cpu,15780348,22567508,541855023
125.6056,gpu,0,0,0
125.8056,disk0,932786136600576,2101865667,12874422458069842
125.8056,disk0w,2189642416128,19772171,1285376187742
125.8056,disk4,4694605744128,9481853,61083076392283
125.8056,disk4w,2195456,171,27582691
125.8056,disk8,5188107970560,5233884,54156237058166
125.8056,disk8w,334225408,43653,2180537632
125.8056,disk6,8371018086400,13721485,127284017413815
125.8056,disk6w,380928,53,8067940
125.8056,ram,671514624,63772819456,283049
125.8056,cpu,15780348,22567508,541855023
125.8056,gpu,0,0,0
126.0056,disk0,932788213514240,2101869006,12874428529330769
126.0056,disk0w,2189642416128,19772171,1285376187742
126.0056,disk4,4695420643328,9483523,61089489661587
126.0056,disk4w,2195456,171,27582691
126.0056,disk8,5188655982592,5234446,54156910193015
126.0056,disk8w,334225408,43653,2180537632
126.0056,disk6,8372376745984,13723281,127295986085006
126.0056,disk6w,380928,53,8067940
126.0056,ram,671514624,63772819456,283049
126.0056,cpu,15780348,22567508,541855023
126.0056,gpu,36,6,0
126.2056,disk0,932790476697600,2101873375,12874439585764857
126.2056,disk0w,2189642416128,19772171,1285376187742
126.2056,disk4,4696272734208,9485271,61096515345210
126.2056,disk4w,2195456,171,27582691
126.2056,disk8,5189332183040,5235139,54157826051526
126.2056,disk8w,334225408,43653,2180537632
126.2056,disk6,8373711403008,13725393,127307403122450
126.2056,disk6w,380928,53,8067940
126.2056,ram,707411968,65227866112,283049
126.2056,cpu,15780404,22567653,541856585
126.2056,gpu,24,5,0
126.4023,disk0,932792788029440,2101878580,12874452155084966
126.4023,disk0w,2189642444800,19772178,1285376348699
126.4023,disk4,4697062361088,9486848,61101564560786
126.4023,disk4w,2195456,171,27582691
126.4023,disk8,5189903001600,5235724,54158496995960
126.4023,disk8w,334225408,43653,2180537632
126.4023,disk6,8375041406976,13727612,127320703770368
126.4023,disk6w,380928,53,8067940
126.4023,ram,707411968,65227866112,283049
126.4023,cpu,15780404,22567653,541856585
126.4023,gpu,48,5,0
126.6056,disk0,932794627280896,2101882297,12874460964699303
126.6056,disk0w,2189642444800,19772178,1285376348699
126.6056,disk4,4697792153600,9488274,61104996411309
126.6056,disk4w,2195456,171,27582691
126.6056,disk8,5190359656448,5236192,54158999804629
126.6056,disk8w,334225408,43653,2180537632
126.6056,disk6,8376422184960,13730384,127342139891441
126.6056,disk6w,380928,53,8067940
126.6056,ram,707411968,65227866112,283049
126.6056,cpu,15780404,22567653,541856585
126.6056,gpu,0,0,0
126.8056,disk0,932796670988288,2101886674,12874473045805059
126.8056,disk0w,2189642444800,19772178,1285376348699
126.8056,disk4,4698414024704,9489502,61108441520354
126.8056,disk4w,2195456,171,27582691
126.8056,disk8,5190939256832,5236786,54159883732767
126.8056,disk8w,334225408,43653,2180537632
126.8056,disk6,8377767311360,13732706,127357550406666
126.8056,disk6w,380928,53,8067940
126.8056,ram,707411968,65227866112,283049
126.8056,cpu,15780404,22567653,541856585
126.8056,gpu,25,6,0
127.0056,disk0,932798512635904,2101895317,12874486925569478
127.0056,disk0w,2189642444800,19772178,1285376348699
127.0056,disk4,4699097843712,9490851,61112216322227
127.0056,disk4w,2195456,171,27582691
127.0056,disk8,5191431038976,5237290,54160630106679
127.0056,disk8w,334225408,43653,2180537632
127.0056,disk6,8379005204480,13735027,127372843954059
127.0056,disk6w,380928,53,8067940
127.0056,ram,707411968,65227866112,283049
127.0056,cpu,15780404,22567653,541856585
127.0056,gpu,34,4,0
127.2056,disk0,932799992938496,2101897987,12874496138307159
127.2056,disk0w,2189642469376,19772180,1285376392198
127.2056,disk4,4699858528256,9492399,61119711929823
127.2056,disk4w,2195456,171,27582691
127.2056,disk8,5191931570176,5237803,54161386878340
127.2056,disk8w,334225408,43653,2180537632
127.2056,disk6,8380113975296,13736740,127382404033477
127.2056,disk6w,380928,53,8067940
127.2056,ram,724025344,65262960640,283049
127.2056,cpu,15780455,22567794,541858218
127.2056,gpu,0,0,0
127.4017,disk0,932802110328832,2101903160,12874504956957702
127.4017,disk0w,2189642469376,19772180,1285376392198
127.4017,disk4,4700697135104,9494120,61127626946653
127.4017,disk4w,2195456,171,27582691
127.4017,disk8,5192435279872,5238319,54161989164327
127.4017,disk8w,334225408,43653,2180537632
127.4017,disk6,8381487642624,13738550,127392669476510
127.4017,disk6w,380928,53,8067940
127.4017,ram,724025344,65262960640,283049
127.4017,cpu,15780455,22567798,541858252
127.4017,gpu,0,0,0
127.6056,disk0,932804396818432,2101907011,12874515069032366
127.6056,disk0w,2189642469376,19772180,1285376392198
127.6056,disk4,4701531015168,9495830,61134637194609
127.6056,disk4w,2195456,171,27582691
127.6056,disk8,5193009244160,5238907,54162644994005
127.6056,disk8w,334225408,43653,2180537632
127.6056,disk6,8382836062208,13740447,127403297115394
127.6056,disk6w,380928,53,8067940
127.6056,ram,724025344,65262960640,283049
127.6056,cpu,15780455,22567798,541858252
127.6056,gpu,0,0,0
127.8026,disk0,932806416936960,2101911286,12874523758329030
127.8026,disk0w,2189642469376,19772180,1285376392198
127.8026,disk4,4702346045440,9497503,61143021325856
127.8026,disk4w,2195456,171,27582691
127.8026,disk8,5193490147328,5239400,54163280968666
127.8026,disk8w,334225408,43653,2180537632
127.8026,disk6,8384176142336,13742278,127414031190906
127.8026,disk6w,380928,53,8067940
127.8026,ram,724025344,65262960640,283049
127.8026,cpu,15780455,22567798,541858252
127.8026,gpu,0,0,0
128.0027,disk0,932808391491584,2101915374,12874532312515631
128.0027,disk0w,2189642469376,19772180,1285376392198
128.0027,disk4,4702980524032,9498745,61145691119652
128.0027,disk4w,2195456,171,27582691
128.0027,disk8,5193972099072,5239894,54163808671293
128.0027,disk8w,334225408,43653,2180537632
128.0027,disk6,8385575532544,13744945,127434633157806
128.0027,disk6w,380928,53,8067940
128.0027,ram,724025344,65262960640,283049
128.0027,cpu,15780455,22567798,541858252
128.0027,gpu,0,0,0
128.2043,disk0,932810420011008,2101919443,12874543096350918
128.2043,disk0w,2189642469376,19772180,1285376392198
128.2043,disk4,4703723366400,9500205,61150455745315
128.2043,disk4w,2195456,171,27582691
128.2043,disk8,5194487080960,5240422,54164414578818
128.2043,disk8w,334225408,43653,2180537632
128.2043,disk6,8386917677056,13747512,127451324366172
128.2043,disk6w,380928,53,8067940
128.2043,ram,727252992,63847415808,283049
128.2043,cpu,15780497,22567914,541859836
128.2043,gpu,36,5,0
128.4056,disk0,932812698832896,2101932001,12874564604569780
128.4056,disk0w,2189642469376,19772180,1285376392198
128.4056,disk4,4704370804736,9501486,61154650016175
128.4056,disk4w,2195456,171,27582691
128.4056,disk8,5195154499584,5241106,54165369634883
128.4056,disk8w,334225408,43653,2180537632
128.4056,disk6,8388143249408,13749571,127462786044931
128.4056,disk6w,380928,53,8067940
128.4056,ram,727252992,63847415808,283049
128.4056,cpu,15780499,22567921,541859907
128.4056,gpu,0,0,0
128.6056,disk0,932814196129792,2101934698,12874570188175790
128.6056,disk0w,2189644161024,19772474,1285384116180
128.6056,disk4,4705107789824,9502951,61159552665006
128.6056,disk4w,2195456,171,27582691
128.6056,disk8,5195549681664,5241511,54165844558747
128.6056,disk8w,334225408,43653,2180537632
128.6056,disk6,8389198297088,13751637,127476226279726
128.6056,disk6w,380928,53,8067940
128.6056,ram,727252992,63847415808,283049
128.6056,cpu,15780499,22567921,541859907
128.6056,gpu,28,7,0
128.8056,disk0,932816156839936,2101942754,12874584133440656
128.8056,disk0w,2189644161024,19772474,1285384116180
128.8056,disk4,4706037794816,9504858,61169740245969
128.8056,disk4w,2195456,171,27582691
128.8056,disk8,5196199503872,5242177,54167000793189
128.8056,disk8w,334225408,43653,2180537632
128.8056,disk6,8390436124672,13753429,127485240172252
128.8056,disk6w,380928,53,8067940
128.8056,ram,727252992,63847415808,283049
128.8056,cpu,15780499,22567921,541859907
128.8056,gpu,0,0,0
129.0056,disk0,932818617462784,2101947042,12874598468075312
129.0056,disk0w,2189644161024,19772474,1285384116180
129.0056,disk4,4706880587776,9506587,61176609939556
129.0056,disk4w,2195456,171,27582691
129.0056,disk8,5196780152832,5242772,54167728259281
129.0056,disk8w,334225408,43653,2180537632
129.0056,disk6,8391530264576,13754762,127490775168776
129.0056,disk6w,380928,53,8067940
129.0056,ram,727252992,63847415808,283049
129.0056,cpu,15780499,22567921,541859907
129.0056,gpu,0,0,0
129.2015,disk0,932820933455872,2101951329,12874609677428468
129.2015,disk0w,2189644390400,19772515,1285385247957
129.2015,disk4,4707757443072,9508386,61182729843295
129.2015,disk4w,2195456,171,27582691
129.2015,disk8,5197323577344,5243329,54168490499691
129.2015,disk8w,334225408,43653,2180537632
129.2015,disk6,8392762062848,13756685,127501370898747
129.2015,disk6w,380928,53,8067940
129.2015,ram,741703680,65237385216,283049
129.2015,cpu,15780536,22568046,541861441
129.2015,gpu,27,5,0
129.4056,disk0,932823080296448,2101955899,12874623901548111
129.4056,disk0w,2189644898304,19772597,1285386793345
129.4056,disk4,4708397008896,9509682,61185932011198
129.4056,disk4w,2195456,171,27582691
129.4056,disk8,5197859268608,5243878,54169086699380
129.4056,disk8w,334225408,43653,2180537632
129.4056,disk6,8394081712128,13758822,127515157765255
129.4056,disk6w,380928,53,8067940
129.4056,ram,740851712,65243856896,283049
129.4056,cpu,15780537,22568047,541861460
129.4056,gpu,0,0,0
129.6023,disk0,932824928624640,2101959699,12874631373089098
129.6023,disk0w,2189644951552,19772602,1285386881385
129.6023,disk4,4709124573184,9511093,61190597622558
129.6023,disk4w,2195456,171,27582691
129.6023,disk8,5198280796160,5244310,54169541341151
129.6023,disk8w,334225408,43653,2180537632
129.6023,disk6,8395452655616,13761682,127536127685001
129.6023,disk6w,380928,53,8067940
129.6023,ram,740851712,65243856896,283049
129.6023,cpu,15780537,22568047,541861460
129.6023,gpu,0,0,0
129.8008,disk0,932827182030848,2101964601,12874646996892476
129.8008,disk0w,2189644951552,19772602,1285386881385
129.8008,disk4,4709805377536,9512436,61194620413361
129.8008,disk4w,2195456,171,27582691
129.8008,disk8,5198904305664,5244949,54170223380848
129.8008,disk8w,334225408,43653,2180537632
129.8008,disk6,8396680800256,13763952,127548250157748
129.8008,disk6w,380928,53,8067940
129.8008,ram,740851712,65243856896,283049
129.8008,cpu,15780537,22568047,541861460
129.8008,gpu,34,8,0
130.0056,disk0,932829326487552,2101970500,12874658866309998
130.0056,disk0w,2189644951552,19772602,1285386881385
130.0056,disk4,4710419531776,9513650,61197515088019
130.0056,disk4w,2195456,171,27582691
130.0056,disk8,5199457560576,5245516,54170865343452
130.0056,disk8w,334225408,43653,2180537632
130.0056,disk6,8398127785984,13766327,127565546181176
130.0056,disk6w,380928,53,8067940
130.0056,ram,740851712,65243856896,283049
130.0056,cpu,15780537,22568047,541861460
130.0056,gpu,0,0,0
130.2056,disk0,932831083339776,2101973677,12874668007814984
130.2056,disk0w,2189645029376,19772608,1285387006631
130.2056,disk4,4711038797824,9514887,61201330136403
130.2056,disk4w,2195456,171,27582691
130.2056,disk8,5199978784768,5246050,54171883222519
130.2056,disk8w,334225408,43653,2180537632
130.2056,disk6,8399336237056,13768553,127582038809903
130.2056,disk6w,380928,53,8067940
130.2056,ram,753074176,65228439552,283049
130.2056,cpu,15780587,22568191,541863033
130.2056,gpu,0,0,0
130.4056,disk0,932833207459840,2101981896,12874681950819332
130.4056,disk0w,2189645029376,19772608,1285387006631
130.4056,disk4,4711951255552,9516758,61209029398497
130.4056,disk4w,2195456,171,27582691
130.4056,disk8,5200587876352,5246674,54172589636220
130.4056,disk8w,334225408,43653,2180537632
130.4056,disk6,8400648906752,13770398,127592047563569
130.4056,disk6w,380928,53,8067940
130.4056,ram,749961216,65241366528,283049
130.4056,cpu,15780593,22568205,541863158
130.4056,gpu,29,9,0
130.6056,disk0,932835267121152,2101985410,12874689949823581
130.6056,disk0w,2189645029376,19772608,1285387006631
130.6056,disk4,4712810309632,9518520,61215894777658
130.6056,disk4w,2195456,171,27582691
130.6056,disk8,5201020676096,5247118,54173071601110
130.6056,disk8w,334225408,43653,2180537632
130.6056,disk6,8401946224640,13772056,127602135842562
130.6056,disk6w,380928,53,8067940
130.6056,ram,749961216,65241366528,283049
130.6056,cpu,15780593,22568205,541863158
130.6056,gpu,27,6,0
130.8056,disk0,932837433556992,2101989776,12874700715523965
130.8056,disk0w,2189645029376,19772608,1285387006631
130.8056,disk4,4713418418176,9519767,61220279436906
130.8056,disk4w,2195456,171,27582691
130.8056,disk8,5201547585536,5247658,54173775136010
130.8056,disk8w,334225408,43653,2180537632
130.8056,disk6,8403239946240,13774008,127613548366359
130.8056,disk6w,380928,53,8067940
130.8056,ram,749961216,65241366528,283049
130.8056,cpu,15780593,22568205,541863158
130.8056,gpu,0,0,0
131.0026,disk0,932839417171968,2101993966,12874709403092438
131.0026,disk0w,2189645029376,19772608,1285387006631
131.0026,disk4,4713984788480,9520907,61223429070357
131.0026,disk4w,2195456,171,27582691
131.0026,disk8,5202065713152,5248189,54174392828589
131.0026,disk8w,334225408,43653,2180537632
131.0026,disk6,8404614940672,13776131,127628905582077
131.0026,disk6w,380928,53,8067940
131.0026,ram,749961216,65241366528,283049
131.0026,cpu,15780593,22568205,541863158
131.0026,gpu,42,10,0
131.2056,disk0,932841557676032,2101998146,12874719536177695
131.2056,disk0w,2189645029376,19772608,1285387006631
131.2056,disk4,4714752165888,9522406,61228687950808
131.2056,disk4w,2195456,171,27582691
131.2056,disk8,5202618968064,5248756,54175230804937
131.2056,disk8w,334225408,43653,2180537632
131.2056,disk6,8405988218880,13778895,127645770429307
131.2056,disk6w,380928,53,8067940
131.2056,ram,446447616,65785036800,283049
131.2056,cpu,15780650,22568343,541864598
131.2056,gpu,0,0,0
131.4056,disk0,932843955556352,2102003169,12874736301053870
131.4056,disk0w,2189645545472,19772618,1285387152045
131.4056,disk4,4715533535232,9523955,61235114684926
131.4056,disk4w,2195456,171,27582691
131.4056,disk8,5203181004800,5249332,54175891579707
131.4056,disk8w,334225408,43653,2180537632
131.4056,disk6,8407169095680,13780991,127654980846404
131.4056,disk6w,380928,53,8067940
131.4056,ram,445939712,65791508480,283049
131.4056,cpu,15780650,22568346,541864618
131.4056,gpu,0,0,0
131.6056,disk0,932845783740416,2102007447,12874743822504040
131.6056,disk0w,2189645602816,19772622,1285387198752
131.6056,disk4,4716320540672,9525507,61240676330355
131.6056,disk4w,2195456,171,27582691
131.6056,disk8,5203685763072,5249849,54176475274703
131.6056,disk8w,334225408,43653,2180537632
131.6056,disk6,8408532281344,13783490,127673392360923
131.6056,disk6w,380928,53,8067940
131.6056,ram,445939712,65791508480,283049
131.6056,cpu,15780650,22568346,541864618
131.6056,gpu,0,0,0
131.8040,disk0,932847240552448,2102010364,12874750456275125
131.8040,disk0w,2189646106624,19772635,1285387443790
131.8040,disk4,4717171591168,9527243,61251079163839
131.8040,disk4w,2195456,171,27582691
131.8040,disk8,5204182099968,5250358,54177281636828
131.8040,disk8w,334225408,43653,2180537632
131.8040,disk6,8409606514688,13785203,127682845197358
131.8040,disk6w,380928,53,8067940
131.8040,ram,445939712,65791508480,283049
131.8040,cpu,15780650,22568346,541864618
131.8040,gpu,0,0,0
132.0056,disk0,932849194864640,2102013632,12874757133449224
132.0056,disk0w,2189646106624,19772635,1285387443790
132.0056,disk4,4717995788288,9528933,61258118744394
132.0056,disk4w,2195456,171,27582691
132.0056,disk8,5204621191168,5250808,54177816202927
132.0056,disk8w,334225408,43653,2180537632
132.0056,disk6,8410953099264,13786843,127693920145677
132.0056,disk6w,380928,53,8067940
132.0056,ram,445939712,65791508480,283049
132.0056,cpu,15780650,22568346,541864618
132.0056,gpu,0,0,0
132.2030,disk0,932851343327232,2102017335,12874768327794650
132.2030,disk0w,2189646540800,19772648,1285387736242
132.2030,disk4,4718663108608,9530301,61262379336915
132.2030,disk4w,2195456,171,27582691
132.2030,disk8,5205104191488,5251303,54178470244378
132.2030,disk8w,334225408,43653,2180537632
132.2030,disk6,8412236113920,13788660,127704646487985
132.2030,disk6w,380928,53,8067940
132.2030,ram,445939712,65791508480,283049
132.2030,cpu,15780650,22568346,541864618
132.2030,gpu,0,0,0
132.4056,disk0,932853569363968,2102022003,12874780951773389
132.4056,disk0w,2189646565376,19772651,1285387811449
132.4056,disk4,4719559067648,9532135,61269616203270
132.4056,disk4w,2195456,171,27582691
132.4056,disk8,5205648664576,5251861,54179057065030
132.4056,disk8w,334225408,43653,2180537632
132.4056,disk6,8413537445888,13790628,127714612278028
132.4056,disk6w,380928,53,8067940
132.4056,ram,98271232,66292187136,283113
132.4056,cpu,15780743,22568508,541866113
132.4056,gpu,0,0,0
132.6056,disk0,932855886413824,2102026975,12874794470166306
132.6056,disk0w,2189647364096,19772657,1285387964698
132.6056,disk4,4720242362368,9533475,61273360893822
132.6056,disk4w,2195456,171,27582691
132.6056,disk8,5206210701312,5252437,54179852203767
132.6056,disk8w,334225408,43653,2180537632
132.6056,disk6,8414922516480,13793218,127729154572441
132.6056,disk6w,380928,53,8067940
132.6056,ram,98271232,66292187136,283113
132.6056,cpu,15780743,22568508,541866113
132.6056,gpu,0,0,0
132.8056,disk0,932857757122560,2102030665,12874802446180520
132.8056,disk0w,2189647364096,19772657,1285387964698
132.8056,disk4,4720904644608,9534775,61276946978835
132.8056,disk4w,2195456,171,27582691
132.8056,disk8,5206597101568,5252833,54180257382255
132.8056,disk8w,334225408,43653,2180537632
132.8056,disk6,8416283670528,13795794,127749976506509
132.8056,disk6w,380928,53,8067940
132.8056,ram,98271232,66292187136,283113
132.8056,cpu,15780743,22568508,541866113
132.8056,gpu,47,20,0
133.0056,disk0,932859878014976,2102035779,12874813801990803
133.0056,disk0w,2189647364096,19772657,1285387964698
133.0056,disk4,4721479452672,9535907,61279795379573
133.0056,disk4w,2195456,171,27582691
133.0056,disk8,5207097665536,5253346,54180929526919
133.0056,disk8w,334225408,43653,2180537632
133.0056,disk6,8417686697984,13798196,127766644198760
133.0056,disk6w,380928,53,8067940
133.0056,ram,98271232,66292187136,283113
133.0056,cpu,15780743,22568508,541866113
133.0056,gpu,0,0,0
133.2041,disk0,932861632512000,2102039551,12874820189852577
133.2041,disk0w,2189647364096,19772657,1285387964698
133.2041,disk4,4722209245184,9537347,61283822475450
133.2041,disk4w,2195456,171,27582691
133.2041,disk8,5207549732864,5253809,54181484638802
133.2041,disk8w,334225408,43653,2180537632
133.2041,disk6,8419092559872,13801064,127790475630979
133.2041,disk6w,380928,53,8067940
133.2041,ram,98271232,66292187136,283113
133.2041,cpu,15780743,22568508,541866113
133.2041,gpu,0,0,0
133.4011,disk0,932863280361472,2102042802,12874827723268852
133.4011,disk0w,2189647364096,19772657,1285387964698
133.4011,disk4,4723015739392,9538989,61290913618045
133.4011,disk4w,2195456,171,27582691
133.4011,disk8,5208125073408,5254399,54182733504809
133.4011,disk8w,334225408,43653,2180537632
133.4011,disk6,8420250253312,13802860,127802106521988
133.4011,disk6w,380928,53,8067940
133.4011,ram,96452608,64760774656,283113
133.4011,cpu,15780810,22568683,541867785
133.4011,gpu,0,0,0
133.6056,disk0,932865528745984,2102051196,12874842493358777
133.6056,disk0w,2189647421440,19772668,1285388445610
133.6056,disk4,4723979708416,9540964,61297330441178
133.6056,disk4w,2195456,171,27582691
133.6056,disk8,5208599291904,5254885,54183410994762
133.6056,disk8w,334700544,43690,2181788328
133.6056,disk6,8421534480384,13804512,127810425072461
133.6056,disk6w,380928,53,8067940
133.6056,ram,96452608,64760774656,283113
133.6056,cpu,15780810,22568683,541867785
133.6056,gpu,0,0,0
133.8056,disk0,932867454480384,2102054502,12874849340857566
133.8056,disk0w,2189652643840,19773022,1285396820581
133.8056,disk4,4724782786560,9542608,61302833926410
133.8056,disk4w,2195456,171,27582691
133.8056,disk8,5209100904448,5255399,54183954121417
133.8056,disk8w,334700544,43690,2181788328
133.8056,disk6,8422923876352,13806490,127824573130615
133.8056,disk6w,380928,53,8067940
133.8056,ram,96452608,64760774656,283113
133.8056,cpu,15780810,22568683,541867785
133.8056,gpu,0,0,0
134.0020,disk0,932869714735104,2102059244,12874864580066372
134.0020,disk0w,2189652697088,19773024,1285396870622
134.0020,disk4,4725633058816,9544351,61309099138002
134.0020,disk4w,2195456,171,27582691
134.0020,disk8,5209679456256,5255992,54184629396593
134.0020,disk8w,334700544,43690,2181788328
134.0020,disk6,8424067561472,13808240,127833208303022
134.0020,disk6w,380928,53,8067940
134.0020,ram,96452608,64760774656,283113
134.0020,cpu,15780810,22568683,541867785
134.0020,gpu,35,5,0
134.2056,disk0,932871830859776,2102063885,12874874851264543
134.2056,disk0w,2189652697088,19773024,1285396870622
134.2056,disk4,4726474803200,9546016,61315597450613
134.2056,disk4w,2195456,171,27582691
134.2056,disk8,5210259056640,5256586,54185490628060
134.2056,disk8w,334700544,43690,2181788328
134.2056,disk6,8425494444032,13810580,127847609136741
134.2056,disk6w,380928,53,8067940
134.2056,ram,96452608,64760774656,283113
134.2056,cpu,15780810,22568683,541867785
134.2056,gpu,0,0,0
134.4056,disk0,932873811759104,2102068142,12874883203927390
134.4056,disk0w,2189652697088,19773024,1285396870622
134.4056,disk4,4727516489728,9548058,61325557740434
134.4056,disk4w,2195456,171,27582691
134.4056,disk8,5210768402432,5257108,54186047940091
134.4056,disk8w,334700544,43690,2181788328
134.4056,disk6,8426800809984,13812866,127859781524478
134.4056,disk6w,380928,53,8067940
134.4056,ram,260243456,66264416256,283113
134.4056,cpu,15780886,22568845,541869255
134.4056,gpu,0,0,0
134.6056,disk0,932876203421696,2102075381,12874898947784251
134.6056,disk0w,2189652697088,19773024,1285396870622
134.6056,disk4,4728334305280,9549672,61331457637241
134.6056,disk4w,2195456,171,27582691
134.6056,disk8,5211549984768,5257909,54187187696273
134.6056,disk8w,334700544,43690,2181788328
134.6056,disk6,8428129142784,13815211,127870803724609
134.6056,disk6w,380928,53,8067940
134.6056,ram,260243456,66264416256,283113
134.6056,cpu,15780886,22568845,541869255
134.6056,gpu,27,6,0
134.8056,disk0,932878132789248,2102079708,12874906447902538
134.8056,disk0w,2189652697088,19773024,1285396870622
134.8056,disk4,4729286862848,9551555,61339885425989
134.8056,disk4w,2195456,171,27582691
134.8056,disk8,5212076894208,5258449,54187846212173
134.8056,disk8w,334700544,43690,2181788328
134.8056,disk6,8429460789248,13817816,127885288051590
134.8056,disk6w,380928,53,8067940
134.8056,ram,260243456,66264416256,283113
134.8056,cpu,15780886,22568845,541869255
134.8056,gpu,0,0,0
135.0056,disk0,932878309511168,2102080061,12874906918477420
135.0056,disk0w,2189653458944,19773108,1285399003637
135.0056,disk4,4729358190592,9551700,61340116910235
135.0056,disk4w,2195456,171,27582691
135.0056,disk8,5212120803328,5258494,54187892779492
135.0056,disk8w,334700544,43690,2181788328
135.0056,disk6,8429699209216,13818241,127889429583770
135.0056,disk6w,380928,53,8067940
135.0056,ram,260243456,66264416256,283113
135.0056,cpu,15780886,22568845,541869255
135.0056,gpu,0,0,0
135.3328,disk0,932878309543936,2102080066,12874906920899418
135.3328,disk0w,2189653458944,19773108,1285399003637
135.3328,disk4,4729358190592,9551700,61340116910235
135.3328,disk4w,2195456,171,27582691
135.3328,disk8,5212120803328,5258494,54187892779492
135.3328,disk8w,334700544,43690,2181788328
135.3328,disk6,8429699209216,13818241,127889429583770
135.3328,disk6w,380928,53,8067940
135.3328,ram,1576157184,64129941504,283113
135.3328,cpu,15780923,22568961,541871039
135.3328,gpu,0,0,0
