ARM G6_OFF START 23:39:20 overrides: K3_QWEN_ALLOW_CHAT=1 K3_CHAT_THINKING=0 K3_UAG_DRAFT=off tokens=200 chat=1 pressure_gb=60 prompt=[Summarise the plot of a heist story you invent, in three paragraphs.]
[config] resolved: surface=DirectRun device=Auto spine=Auto spine_read_threads=auto spine_fd_cache=auto spine_stream_nocache=auto expert_stream_nocache=auto spine_resident_bytes=16000000000 provider_resident_layers=93 expert_read_threads=64 expert_prefetch_threads=12 expert_backend=Auto expert_scale4=Auto expert_pin_bytes=0 expert_heat=true expert_overlays=[hot=/Volumes/Green/serve-b-green:18017files dir_b=/Volumes/White/k3-experts-b:36018files dir_c=/Volumes/Yellow/serve3-green:15287files] pilot_gate=Off pilot_gate_threshold=0.1 pilot_gate_warmup=16 quality=QualityPolicy { target_authority: FullK3, routed_experts: 16, activation_precision: Fp32, resident_weights: QuantizedInt8 } dspark=Off dspark_max_context=8192 dspark_min_auto_speedup=0.03 dspark_miss_tolerance=1 dspark_max_drafts=7 qwen=Off reasoning_effort=default router_trace_mode=Off router_trace_path=none chat=true stats=true layer_profile=false max_new=200
[residency] residency set created
[residency] queue attached (1 queues)
[native] exact scale4-v2 expert storage unavailable (inspect scale4 manifest $K3_DIR/deltafin-root-local/k3-experts-scale4/scale4-manifest.json: No such file or directory (os error 2)); using raw-v1
[native] expert hot tier enabled: /Volumes/Green/serve-b-green (probed before $K3_DIR/deltafin-root-local/k3-experts)
[native] split-read: chunks=2 demand_chunks=2 prefetch_hot_side_chunks=1 demand_home=hot-first-both-chunks tier_balance=1 split_eta=0 trace=0
[native] expert volume B enabled: /Volumes/White/k3-experts-b (probed after hot, before $K3_DIR/deltafin-root-local/k3-experts)
[native] expert volume C enabled: /Volumes/Yellow/serve3-green (probed before hot and $K3_DIR/deltafin-root-local/k3-experts)
[native] host=macos/aarch64 device=mps experts=metal/raw-v1 root=$K3_DIR/deltafin-root-local spine=loose-deferred representation=quantized-int8 (non-weight-exact) layers=93 globals=2 resident=93/93 (50.74 GiB) transient=0.00 GiB readers=spine:4t/expert:64t/prefetch:12t spine-fdcache=0/0fd cpu-expert:4t router-trace=false lazy-missing=0 LibTorch=2.13.0
[native] optional Qwen: state=off model+KV-reserve=0.00 GiB verify-reserve=0.00 GiB/0 positions admitted-context=0 tokens startup-error=none
[native] context cache: initial=16 tokens/45.00 MiB, growth=2.81 MiB per capacity token, startup reserve=256 tokens/832.03 MiB, exact-expanded cap=4369 / model contract=1048576 tokens (live peak admission required beyond reserve)
[native] verify snapshots: 452.81 MiB per candidate boundary, width 1..=64 (fresh peak admission; otherwise ordinary exact decode)
[native] native target structure ready (all 16 routed experts; physical real-weight sequence parity not yet recorded for this backend/representation)
[native] expert arena: slots=1 prefetch_slots=128
[native] probe-order: dir_c_first
[native] mirror-cost: rated
[native] mirror: enabled=false mode=0 internal_cost_us=1502 enclosure_cost_us=948 bias=internal:1.00,K3C:1.00,K3B:1.00,K3A:1.00 outstanding=0/0/0/0
[native] retain: enabled=false cap_gb=8 layers=63..=92
[native] summer: enabled=false cap_gb=8 policy=lfru sample=16
[native] expert heat: weight=11838 passes recording=true; pin tier: candidates=0 charged=0.00 GiB
[spine-fp32] execution arena DISABLED (K3_SPINE_FP32_ARENA=0)
[residency] queue attached (2 queues)
[residency] 1 allocations, 1.09 GiB pinned
[residency] 2 allocations, 1.10 GiB pinned
[residency] 4 allocations, 2.28 GiB pinned
[residency] 8 allocations, 3.89 GiB pinned
[residency] 16 allocations, 8.27 GiB pinned
[residency] 32 allocations, 17.04 GiB pinned
[residency] 64 allocations, 33.58 GiB pinned
In
[stats] generated=1 elapsed=31.433s speed=0.0318 token/s (31.433 s/token) chunks=1 committed_rows=38 verify_tx=0 drafts=0/0 layer_passes=93 expert_rows=3496 expert_tiles=563
[opens] expert file opens=367 total=0.016s mean=0.042ms requested_bytes=624016784576 (624.0 GB)
[arrival] tiles=563 waves=646 uncovered_wait=23.833s dispatch=3.218s
[retain] enabled=false cap_gb=8 layers=63..=92 consults=0 wanted=0 hits=0 inserts=0 served=0.0MB
[summer] enabled=false cap_gb=8 sample=16 consults=0 wanted=0 hits=0 hit_rate=0.0% misses=0 inserts=0 evictions=0 recycled=0 allocs=0 pin_skips=0 gated=0 ramp=2..50 bar=0 suppressed=0 wide_skips=0 served=0.0MB copied=0.0MB ssd_avoided=0.0GB live=0/0.0GB model=0 protected=0 declined=0 topup_suppressed=0 aged=0 into=0/0/0 pending=0
[mirror-split] internal=0 K3C=0 K3B=0 K3A=0  shares=0%/0%/0%/0%
[phases] mono=393354.014371 chunks=1 sequence=31.429s read_wait=0.171s bind_upload=1.646s attention_resident=2.117s expert_read_prefetch=0.360s expert_demand_read=0.000s expert_plan=0.000s expert_hint=0.000s expert_submit=0.000s expert_kernel=27.055s source_fence=0.000s tail_head_sync=0.015s layer_other=0.032s expert_read_gross=0.359s plan_hint=0.000s plan_sched=0.000s attn_total=2.116s attn_encode=0.622s attn_wait=1.494s attn_drain=0.000s kernel_total=3.214s kernel_host=0.204s kernel_wait=2.753s kernel_drain=0.257s
[attn-split] single: calls=0 total=0.000s encode=0.000s wait=0.000s drain=0.000s waits=0 untimed=0 | wide: calls=93 total=2.116s encode=0.622s wait=1.494s drain=0.000s waits=92 untimed=92 | hint: calls=92 total=0.000s encode=0.000s wait=0.000s drain=0.000s waits=0 untimed=0
[kernel-split] single: calls=96 total=0.059s encode=0.008s wait=0.024s drain=0.028s waits=96 untimed=0 | wide: calls=550 total=3.155s encode=0.196s wait=2.729s drain=0.230s waits=550 untimed=0
[kernel-sub] materialize=0.072s moe=3.059s precommit=0.000s rest=0.083s
[metal-cache] calls=3579 zero_copy_wraps=185 copies=0 cache_entries=64 bindless=true
[residency] queue attached (3 queues)
[route-chain] chained=1
[route-chain] dedup_hits=1
 the
[stats] generated=2 elapsed=32.923s speed=0.0607 token/s (16.461 s/token) chunks=2 committed_rows=39 verify_tx=0 drafts=0/0 layer_passes=186 expert_rows=3588 expert_tiles=655
[opens] expert file opens=4152 total=0.074s mean=0.018ms requested_bytes=657242569920 (657.2 GB)
[arrival] tiles=564 waves=654 uncovered_wait=23.843s dispatch=3.226s
[retain] enabled=false cap_gb=8 layers=63..=92 consults=0 wanted=0 hits=0 inserts=0 served=0.0MB
[summer] enabled=false cap_gb=8 sample=16 consults=0 wanted=0 hits=0 hit_rate=0.0% misses=0 inserts=0 evictions=0 recycled=0 allocs=0 pin_skips=0 gated=0 ramp=2..50 bar=0 suppressed=0 wide_skips=0 served=0.0MB copied=0.0MB ssd_avoided=0.0GB live=0/0.0GB model=0 protected=0 declined=0 topup_suppressed=0 aged=0 into=0/0/0 pending=0
[mirror-split] internal=0 K3C=0 K3B=0 K3A=0  shares=0%/0%/0%/0%
[phases] mono=393355.504229 chunks=2 sequence=32.918s read_wait=0.171s bind_upload=1.646s attention_resident=2.212s expert_read_prefetch=1.364s expert_demand_read=0.621s expert_plan=0.079s expert_hint=0.000s expert_submit=0.000s expert_kernel=27.420s source_fence=0.000s tail_head_sync=0.030s layer_other=0.042s expert_read_gross=1.285s plan_hint=0.052s plan_sched=0.026s attn_total=2.211s attn_encode=0.680s attn_wait=1.511s attn_drain=0.021s kernel_total=3.568s kernel_host=0.217s kernel_wait=2.757s kernel_drain=0.594s
[attn-split] single: calls=93 total=0.095s encode=0.058s wait=0.016s drain=0.021s waits=161 untimed=17 | wide: calls=93 total=2.116s encode=0.622s wait=1.494s drain=0.000s waits=92 untimed=92 | hint: calls=184 total=0.052s encode=0.000s wait=0.052s drain=0.000s waits=91 untimed=91
[kernel-split] single: calls=195 total=0.413s encode=0.021s wait=0.028s drain=0.364s waits=203 untimed=80 | wide: calls=550 total=3.155s encode=0.196s wait=2.729s drain=0.230s waits=550 untimed=0
[kernel-sub] materialize=0.072s moe=3.067s precommit=0.339s rest=0.091s
[metal-cache] calls=3678 zero_copy_wraps=231 copies=0 cache_entries=110 bindless=true
 glitter
[stats] generated=3 elapsed=34.375s speed=0.0873 token/s (11.458 s/token) chunks=3 committed_rows=40 verify_tx=0 drafts=0/0 layer_passes=279 expert_rows=3680 expert_tiles=747
[opens] expert file opens=7999 total=0.127s mean=0.016ms requested_bytes=690959695040 (691.0 GB)
[arrival] tiles=565 waves=662 uncovered_wait=23.854s dispatch=3.233s
[retain] enabled=false cap_gb=8 layers=63..=92 consults=0 wanted=0 hits=0 inserts=0 served=0.0MB
[summer] enabled=false cap_gb=8 sample=16 consults=0 wanted=0 hits=0 hit_rate=0.0% misses=0 inserts=0 evictions=0 recycled=0 allocs=0 pin_skips=0 gated=0 ramp=2..50 bar=0 suppressed=0 wide_skips=0 served=0.0MB copied=0.0MB ssd_avoided=0.0GB live=0/0.0GB model=0 protected=0 declined=0 topup_suppressed=0 aged=0 into=0/0/0 pending=0
[mirror-split] internal=0 K3C=0 K3B=0 K3A=0  shares=0%/0%/0%/0%
[phases] mono=393356.956713 chunks=3 sequence=34.370s read_wait=0.171s bind_upload=1.646s attention_resident=2.276s expert_read_prefetch=2.400s expert_demand_read=1.247s expert_plan=0.123s expert_hint=0.000s expert_submit=0.000s expert_kernel=27.757s source_fence=0.000s tail_head_sync=0.043s layer_other=0.044s expert_read_gross=2.277s plan_hint=0.096s plan_sched=0.027s attn_total=2.275s attn_encode=0.705s attn_wait=1.531s attn_drain=0.039s kernel_total=3.894s kernel_host=0.228s kernel_wait=2.761s kernel_drain=0.906s
[attn-split] single: calls=186 total=0.159s encode=0.083s wait=0.037s drain=0.039s waits=322 untimed=37 | wide: calls=93 total=2.116s encode=0.622s wait=1.494s drain=0.000s waits=92 untimed=92 | hint: calls=276 total=0.095s encode=0.001s wait=0.095s drain=0.000s waits=182 untimed=182
[kernel-split] single: calls=294 total=0.739s encode=0.032s wait=0.031s drain=0.676s waits=310 untimed=169 | wide: calls=550 total=3.155s encode=0.196s wait=2.729s drain=0.230s waits=550 untimed=0
[kernel-sub] materialize=0.072s moe=3.073s precommit=0.653s rest=0.097s
[metal-cache] calls=3777 zero_copy_wraps=232 copies=0 cache_entries=111 bindless=true
ing
[stats] generated=4 elapsed=35.831s speed=0.1116 token/s (8.958 s/token) chunks=4 committed_rows=41 verify_tx=0 drafts=0/0 layer_passes=372 expert_rows=3772 expert_tiles=839
[opens] expert file opens=11761 total=0.198s mean=0.017ms requested_bytes=723957382336 (724.0 GB)
[arrival] tiles=566 waves=670 uncovered_wait=23.862s dispatch=3.240s
[retain] enabled=false cap_gb=8 layers=63..=92 consults=0 wanted=0 hits=0 inserts=0 served=0.0MB
[summer] enabled=false cap_gb=8 sample=16 consults=0 wanted=0 hits=0 hit_rate=0.0% misses=0 inserts=0 evictions=0 recycled=0 allocs=0 pin_skips=0 gated=0 ramp=2..50 bar=0 suppressed=0 wide_skips=0 served=0.0MB copied=0.0MB ssd_avoided=0.0GB live=0/0.0GB model=0 protected=0 declined=0 topup_suppressed=0 aged=0 into=0/0/0 pending=0
[mirror-split] internal=0 K3C=0 K3B=0 K3A=0  shares=0%/0%/0%/0%
[phases] mono=393358.412251 chunks=4 sequence=35.825s read_wait=0.171s bind_upload=1.646s attention_resident=2.339s expert_read_prefetch=3.433s expert_demand_read=1.931s expert_plan=0.179s expert_hint=0.000s expert_submit=0.000s expert_kernel=28.097s source_fence=0.000s tail_head_sync=0.059s layer_other=0.045s expert_read_gross=3.254s plan_hint=0.150s plan_sched=0.029s attn_total=2.338s attn_encode=0.735s attn_wait=1.547s attn_drain=0.055s kernel_total=4.225s kernel_host=0.239s kernel_wait=2.765s kernel_drain=1.221s
[attn-split] single: calls=279 total=0.222s encode=0.113s wait=0.053s drain=0.055s waits=483 untimed=56 | wide: calls=93 total=2.116s encode=0.622s wait=1.494s drain=0.000s waits=92 untimed=92 | hint: calls=368 total=0.150s encode=0.001s wait=0.149s drain=0.000s waits=273 untimed=273
[kernel-split] single: calls=393 total=1.070s encode=0.044s wait=0.035s drain=0.991s waits=417 untimed=256 | wide: calls=550 total=3.155s encode=0.196s wait=2.729s drain=0.230s waits=550 untimed=0
[kernel-sub] materialize=0.072s moe=3.080s precommit=0.970s rest=0.103s
[metal-cache] calls=3876 zero_copy_wraps=232 copies=0 cache_entries=111 bindless=true
 heart
[stats] generated=5 elapsed=37.352s speed=0.1339 token/s (7.470 s/token) chunks=5 committed_rows=42 verify_tx=0 drafts=0/0 layer_passes=465 expert_rows=3864 expert_tiles=931
[opens] expert file opens=15676 total=0.268s mean=0.017ms requested_bytes=758332505280 (758.3 GB)
[arrival] tiles=567 waves=677 uncovered_wait=23.874s dispatch=3.247s
[retain] enabled=false cap_gb=8 layers=63..=92 consults=0 wanted=0 hits=0 inserts=0 served=0.0MB
[summer] enabled=false cap_gb=8 sample=16 consults=0 wanted=0 hits=0 hit_rate=0.0% misses=0 inserts=0 evictions=0 recycled=0 allocs=0 pin_skips=0 gated=0 ramp=2..50 bar=0 suppressed=0 wide_skips=0 served=0.0MB copied=0.0MB ssd_avoided=0.0GB live=0/0.0GB model=0 protected=0 declined=0 topup_suppressed=0 aged=0 into=0/0/0 pending=0
[mirror-split] internal=0 K3C=0 K3B=0 K3A=0  shares=0%/0%/0%/0%
[phases] mono=393359.933926 chunks=5 sequence=37.346s read_wait=0.171s bind_upload=1.646s attention_resident=2.413s expert_read_prefetch=4.481s expert_demand_read=2.563s expert_plan=0.237s expert_hint=0.000s expert_submit=0.000s expert_kernel=28.477s source_fence=0.000s tail_head_sync=0.075s layer_other=0.048s expert_read_gross=4.244s plan_hint=0.207s plan_sched=0.030s attn_total=2.412s attn_encode=0.771s attn_wait=1.573s attn_drain=0.068s kernel_total=4.594s kernel_host=0.252s kernel_wait=2.768s kernel_drain=1.573s
[attn-split] single: calls=372 total=0.296s encode=0.149s wait=0.079s drain=0.068s waits=644 untimed=74 | wide: calls=93 total=2.116s encode=0.622s wait=1.494s drain=0.000s waits=92 untimed=92 | hint: calls=460 total=0.207s encode=0.001s wait=0.205s drain=0.000s waits=364 untimed=364
[kernel-split] single: calls=491 total=1.438s encode=0.057s wait=0.039s drain=1.343s waits=522 untimed=331 | wide: calls=550 total=3.155s encode=0.196s wait=2.729s drain=0.230s waits=550 untimed=0
[kernel-sub] materialize=0.072s moe=3.087s precommit=1.324s rest=0.111s
[metal-cache] calls=3974 zero_copy_wraps=232 copies=0 cache_entries=111 bindless=true
 of
[stats] generated=6 elapsed=38.805s speed=0.1546 token/s (6.467 s/token) chunks=6 committed_rows=43 verify_tx=0 drafts=0/0 layer_passes=558 expert_rows=3956 expert_tiles=1023
[opens] expert file opens=19464 total=0.321s mean=0.016ms requested_bytes=791567056064 (791.6 GB)
[arrival] tiles=568 waves=684 uncovered_wait=23.885s dispatch=3.254s
[retain] enabled=false cap_gb=8 layers=63..=92 consults=0 wanted=0 hits=0 inserts=0 served=0.0MB
[summer] enabled=false cap_gb=8 sample=16 consults=0 wanted=0 hits=0 hit_rate=0.0% misses=0 inserts=0 evictions=0 recycled=0 allocs=0 pin_skips=0 gated=0 ramp=2..50 bar=0 suppressed=0 wide_skips=0 served=0.0MB copied=0.0MB ssd_avoided=0.0GB live=0/0.0GB model=0 protected=0 declined=0 topup_suppressed=0 aged=0 into=0/0/0 pending=0
[mirror-split] internal=0 K3C=0 K3B=0 K3A=0  shares=0%/0%/0%/0%
[phases] mono=393361.386447 chunks=6 sequence=38.797s read_wait=0.171s bind_upload=1.646s attention_resident=2.503s expert_read_prefetch=5.481s expert_demand_read=3.202s expert_plan=0.287s expert_hint=0.000s expert_submit=0.000s expert_kernel=28.823s source_fence=0.000s tail_head_sync=0.090s layer_other=0.049s expert_read_gross=5.194s plan_hint=0.256s plan_sched=0.031s attn_total=2.501s attn_encode=0.820s attn_wait=1.597s attn_drain=0.085s kernel_total=4.928s kernel_host=0.262s kernel_wait=2.772s kernel_drain=1.894s
[attn-split] single: calls=465 total=0.385s encode=0.198s wait=0.102s drain=0.085s waits=805 untimed=96 | wide: calls=93 total=2.116s encode=0.622s wait=1.494s drain=0.000s waits=92 untimed=92 | hint: calls=552 total=0.255s encode=0.002s wait=0.254s drain=0.000s waits=455 untimed=455
[kernel-split] single: calls=589 total=1.773s encode=0.066s wait=0.042s drain=1.664s waits=627 untimed=416 | wide: calls=550 total=3.155s encode=0.196s wait=2.729s drain=0.230s waits=550 untimed=0
[kernel-sub] materialize=0.072s moe=3.093s precommit=1.647s rest=0.116s
[metal-cache] calls=4072 zero_copy_wraps=233 copies=0 cache_entries=112 bindless=true
 Monaco
[stats] generated=7 elapsed=40.259s speed=0.1739 token/s (5.751 s/token) chunks=7 committed_rows=44 verify_tx=0 drafts=0/0 layer_passes=651 expert_rows=4048 expert_tiles=1115
[opens] expert file opens=23286 total=0.371s mean=0.016ms requested_bytes=825091161280 (825.1 GB)
[arrival] tiles=569 waves=692 uncovered_wait=23.895s dispatch=3.261s
[retain] enabled=false cap_gb=8 layers=63..=92 consults=0 wanted=0 hits=0 inserts=0 served=0.0MB
[summer] enabled=false cap_gb=8 sample=16 consults=0 wanted=0 hits=0 hit_rate=0.0% misses=0 inserts=0 evictions=0 recycled=0 allocs=0 pin_skips=0 gated=0 ramp=2..50 bar=0 suppressed=0 wide_skips=0 served=0.0MB copied=0.0MB ssd_avoided=0.0GB live=0/0.0GB model=0 protected=0 declined=0 topup_suppressed=0 aged=0 into=0/0/0 pending=0
[mirror-split] internal=0 K3C=0 K3B=0 K3A=0  shares=0%/0%/0%/0%
[phases] mono=393362.841167 chunks=7 sequence=40.251s read_wait=0.171s bind_upload=1.646s attention_resident=2.565s expert_read_prefetch=6.516s expert_demand_read=3.816s expert_plan=0.345s expert_hint=0.000s expert_submit=0.000s expert_kernel=29.165s source_fence=0.000s tail_head_sync=0.104s layer_other=0.051s expert_read_gross=6.171s plan_hint=0.312s plan_sched=0.032s attn_total=2.563s attn_encode=0.846s attn_wait=1.614s attn_drain=0.104s kernel_total=5.260s kernel_host=0.271s kernel_wait=2.776s kernel_drain=2.213s
[attn-split] single: calls=558 total=0.447s encode=0.224s wait=0.119s drain=0.104s waits=966 untimed=116 | wide: calls=93 total=2.116s encode=0.622s wait=1.494s drain=0.000s waits=92 untimed=92 | hint: calls=644 total=0.312s encode=0.002s wait=0.310s drain=0.000s waits=546 untimed=546
[kernel-split] single: calls=688 total=2.105s encode=0.075s wait=0.046s drain=1.983s waits=734 untimed=505 | wide: calls=550 total=3.155s encode=0.196s wait=2.729s drain=0.230s waits=550 untimed=0
[kernel-sub] materialize=0.072s moe=3.100s precommit=1.967s rest=0.121s
[metal-cache] calls=4171 zero_copy_wraps=233 copies=0 cache_entries=112 bindless=true
,
[stats] generated=8 elapsed=41.712s speed=0.1918 token/s (5.214 s/token) chunks=8 committed_rows=45 verify_tx=0 drafts=0/0 layer_passes=744 expert_rows=4140 expert_tiles=1207
[opens] expert file opens=27033 total=0.432s mean=0.016ms requested_bytes=857983532224 (858.0 GB)
[arrival] tiles=570 waves=697 uncovered_wait=23.907s dispatch=3.266s
[retain] enabled=false cap_gb=8 layers=63..=92 consults=0 wanted=0 hits=0 inserts=0 served=0.0MB
[summer] enabled=false cap_gb=8 sample=16 consults=0 wanted=0 hits=0 hit_rate=0.0% misses=0 inserts=0 evictions=0 recycled=0 allocs=0 pin_skips=0 gated=0 ramp=2..50 bar=0 suppressed=0 wide_skips=0 served=0.0MB copied=0.0MB ssd_avoided=0.0GB live=0/0.0GB model=0 protected=0 declined=0 topup_suppressed=0 aged=0 into=0/0/0 pending=0
[mirror-split] internal=0 K3C=0 K3B=0 K3A=0  shares=0%/0%/0%/0%
[phases] mono=393364.293880 chunks=8 sequence=41.703s read_wait=0.171s bind_upload=1.646s attention_resident=2.624s expert_read_prefetch=7.554s expert_demand_read=4.461s expert_plan=0.396s expert_hint=0.000s expert_submit=0.000s expert_kernel=29.504s source_fence=0.000s tail_head_sync=0.117s layer_other=0.052s expert_read_gross=7.158s plan_hint=0.362s plan_sched=0.033s attn_total=2.622s attn_encode=0.868s attn_wait=1.636s attn_drain=0.118s kernel_total=5.587s kernel_host=0.280s kernel_wait=2.779s kernel_drain=2.527s
[attn-split] single: calls=651 total=0.506s encode=0.246s wait=0.142s drain=0.118s waits=1127 untimed=146 | wide: calls=93 total=2.116s encode=0.622s wait=1.494s drain=0.000s waits=92 untimed=92 | hint: calls=736 total=0.362s encode=0.002s wait=0.360s drain=0.000s waits=637 untimed=637
[kernel-split] single: calls=784 total=2.432s encode=0.084s wait=0.050s drain=2.298s waits=835 untimed=588 | wide: calls=550 total=3.155s encode=0.196s wait=2.729s drain=0.230s waits=550 untimed=0
[kernel-sub] materialize=0.072s moe=3.106s precommit=2.283s rest=0.126s
[metal-cache] calls=4267 zero_copy_wraps=233 copies=0 cache_entries=112 bindless=true
 master
[stats] generated=9 elapsed=43.116s speed=0.2087 token/s (4.791 s/token) chunks=9 committed_rows=46 verify_tx=0 drafts=0/0 layer_passes=837 expert_rows=4232 expert_tiles=1299
[opens] expert file opens=30734 total=0.483s mean=0.016ms requested_bytes=890437287104 (890.4 GB)
[arrival] tiles=571 waves=705 uncovered_wait=23.923s dispatch=3.273s
[retain] enabled=false cap_gb=8 layers=63..=92 consults=0 wanted=0 hits=0 inserts=0 served=0.0MB
[summer] enabled=false cap_gb=8 sample=16 consults=0 wanted=0 hits=0 hit_rate=0.0% misses=0 inserts=0 evictions=0 recycled=0 allocs=0 pin_skips=0 gated=0 ramp=2..50 bar=0 suppressed=0 wide_skips=0 served=0.0MB copied=0.0MB ssd_avoided=0.0GB live=0/0.0GB model=0 protected=0 declined=0 topup_suppressed=0 aged=0 into=0/0/0 pending=0
[mirror-split] internal=0 K3C=0 K3B=0 K3A=0  shares=0%/0%/0%/0%
[phases] mono=393365.697671 chunks=9 sequence=43.106s read_wait=0.171s bind_upload=1.646s attention_resident=2.687s expert_read_prefetch=8.512s expert_demand_read=5.084s expert_plan=0.445s expert_hint=0.000s expert_submit=0.000s expert_kernel=29.872s source_fence=0.000s tail_head_sync=0.131s layer_other=0.054s expert_read_gross=8.066s plan_hint=0.411s plan_sched=0.035s attn_total=2.684s attn_encode=0.893s attn_wait=1.657s attn_drain=0.134s kernel_total=5.939s kernel_host=0.290s kernel_wait=2.783s kernel_drain=2.866s
[attn-split] single: calls=744 total=0.568s encode=0.271s wait=0.163s drain=0.134s waits=1288 untimed=175 | wide: calls=93 total=2.116s encode=0.622s wait=1.494s drain=0.000s waits=92 untimed=92 | hint: calls=828 total=0.410s encode=0.002s wait=0.408s drain=0.000s waits=728 untimed=728
[kernel-split] single: calls=883 total=2.784s encode=0.094s wait=0.053s drain=2.636s waits=942 untimed=670 | wide: calls=550 total=3.155s encode=0.196s wait=2.729s drain=0.230s waits=550 untimed=0
[kernel-sub] materialize=0.072s moe=3.112s precommit=2.623s rest=0.131s
[metal-cache] calls=4366 zero_copy_wraps=233 copies=0 cache_entries=112 bindless=true
 thief
[stats] generated=10 elapsed=44.605s speed=0.2242 token/s (4.460 s/token) chunks=10 committed_rows=47 verify_tx=0 drafts=0/0 layer_passes=930 expert_rows=4324 expert_tiles=1391
[opens] expert file opens=34592 total=0.544s mean=0.016ms requested_bytes=924312304832 (924.3 GB)
[arrival] tiles=572 waves=713 uncovered_wait=23.937s dispatch=3.282s
[retain] enabled=false cap_gb=8 layers=63..=92 consults=0 wanted=0 hits=0 inserts=0 served=0.0MB
[summer] enabled=false cap_gb=8 sample=16 consults=0 wanted=0 hits=0 hit_rate=0.0% misses=0 inserts=0 evictions=0 recycled=0 allocs=0 pin_skips=0 gated=0 ramp=2..50 bar=0 suppressed=0 wide_skips=0 served=0.0MB copied=0.0MB ssd_avoided=0.0GB live=0/0.0GB model=0 protected=0 declined=0 topup_suppressed=0 aged=0 into=0/0/0 pending=0
[mirror-split] internal=0 K3C=0 K3B=0 K3A=0  shares=0%/0%/0%/0%
[phases] mono=393367.186628 chunks=10 sequence=44.594s read_wait=0.171s bind_upload=1.646s attention_resident=2.778s expert_read_prefetch=9.529s expert_demand_read=5.638s expert_plan=0.508s expert_hint=0.000s expert_submit=0.000s expert_kernel=30.233s source_fence=0.000s tail_head_sync=0.146s layer_other=0.055s expert_read_gross=9.022s plan_hint=0.472s plan_sched=0.036s attn_total=2.776s attn_encode=0.945s attn_wait=1.680s attn_drain=0.151s kernel_total=6.285s kernel_host=0.300s kernel_wait=2.788s kernel_drain=3.197s
[attn-split] single: calls=837 total=0.660s encode=0.323s wait=0.185s drain=0.151s waits=1449 untimed=196 | wide: calls=93 total=2.116s encode=0.622s wait=1.494s drain=0.000s waits=92 untimed=92 | hint: calls=920 total=0.471s encode=0.002s wait=0.469s drain=0.000s waits=819 untimed=819
[kernel-split] single: calls=982 total=3.130s encode=0.104s wait=0.058s drain=2.968s waits=1049 untimed=751 | wide: calls=550 total=3.155s encode=0.196s wait=2.729s drain=0.230s waits=550 untimed=0
[kernel-sub] materialize=0.072s moe=3.121s precommit=2.956s rest=0.137s
[metal-cache] calls=4465 zero_copy_wraps=233 copies=0 cache_entries=112 bindless=true
 Elena
[stats] generated=11 elapsed=46.054s speed=0.2389 token/s (4.187 s/token) chunks=11 committed_rows=48 verify_tx=0 drafts=0/0 layer_passes=1023 expert_rows=4416 expert_tiles=1483
[opens] expert file opens=38369 total=0.594s mean=0.015ms requested_bytes=957476666560 (957.5 GB)
[arrival] tiles=573 waves=721 uncovered_wait=23.946s dispatch=3.289s
[retain] enabled=false cap_gb=8 layers=63..=92 consults=0 wanted=0 hits=0 inserts=0 served=0.0MB
[summer] enabled=false cap_gb=8 sample=16 consults=0 wanted=0 hits=0 hit_rate=0.0% misses=0 inserts=0 evictions=0 recycled=0 allocs=0 pin_skips=0 gated=0 ramp=2..50 bar=0 suppressed=0 wide_skips=0 served=0.0MB copied=0.0MB ssd_avoided=0.0GB live=0/0.0GB model=0 protected=0 declined=0 topup_suppressed=0 aged=0 into=0/0/0 pending=0
[mirror-split] internal=0 K3C=0 K3B=0 K3A=0  shares=0%/0%/0%/0%
[phases] mono=393368.635172 chunks=11 sequence=46.042s read_wait=0.171s bind_upload=1.646s attention_resident=2.842s expert_read_prefetch=10.549s expert_demand_read=6.254s expert_plan=0.563s expert_hint=0.000s expert_submit=0.000s expert_kernel=30.582s source_fence=0.000s tail_head_sync=0.159s layer_other=0.057s expert_read_gross=9.986s plan_hint=0.526s plan_sched=0.037s attn_total=2.839s attn_encode=0.971s attn_wait=1.699s attn_drain=0.169s kernel_total=6.625s kernel_host=0.309s kernel_wait=2.791s kernel_drain=3.524s
[attn-split] single: calls=930 total=0.723s encode=0.350s wait=0.205s drain=0.169s waits=1610 untimed=220 | wide: calls=93 total=2.116s encode=0.622s wait=1.494s drain=0.000s waits=92 untimed=92 | hint: calls=1012 total=0.525s encode=0.003s wait=0.522s drain=0.000s waits=910 untimed=910
[kernel-split] single: calls=1081 total=3.470s encode=0.114s wait=0.062s drain=3.294s waits=1156 untimed=833 | wide: calls=550 total=3.155s encode=0.196s wait=2.729s drain=0.230s waits=550 untimed=0
[kernel-sub] materialize=0.072s moe=3.128s precommit=3.284s rest=0.141s
[metal-cache] calls=4564 zero_copy_wraps=233 copies=0 cache_entries=112 bindless=true
[route-chain] chained=690
[route-chain] dedup_hits=690
 V
[stats] generated=12 elapsed=47.523s speed=0.2525 token/s (3.960 s/token) chunks=12 committed_rows=49 verify_tx=0 drafts=0/0 layer_passes=1116 expert_rows=4508 expert_tiles=1575
[opens] expert file opens=42108 total=0.645s mean=0.015ms requested_bytes=990298864832 (990.3 GB)
[arrival] tiles=574 waves=729 uncovered_wait=23.956s dispatch=3.296s
[retain] enabled=false cap_gb=8 layers=63..=92 consults=0 wanted=0 hits=0 inserts=0 served=0.0MB
[summer] enabled=false cap_gb=8 sample=16 consults=0 wanted=0 hits=0 hit_rate=0.0% misses=0 inserts=0 evictions=0 recycled=0 allocs=0 pin_skips=0 gated=0 ramp=2..50 bar=0 suppressed=0 wide_skips=0 served=0.0MB copied=0.0MB ssd_avoided=0.0GB live=0/0.0GB model=0 protected=0 declined=0 topup_suppressed=0 aged=0 into=0/0/0 pending=0
[mirror-split] internal=0 K3C=0 K3B=0 K3A=0  shares=0%/0%/0%/0%
[phases] mono=393370.104289 chunks=12 sequence=47.510s read_wait=0.171s bind_upload=1.646s attention_resident=2.914s expert_read_prefetch=11.585s expert_demand_read=6.891s expert_plan=0.624s expert_hint=0.000s expert_submit=0.000s expert_kernel=30.924s source_fence=0.000s tail_head_sync=0.176s layer_other=0.058s expert_read_gross=10.961s plan_hint=0.586s plan_sched=0.038s attn_total=2.911s attn_encode=1.001s attn_wait=1.721s attn_drain=0.190s kernel_total=6.957s kernel_host=0.319s kernel_wait=2.795s kernel_drain=3.843s
[attn-split] single: calls=1023 total=0.795s encode=0.379s wait=0.227s drain=0.190s waits=1771 untimed=245 | wide: calls=93 total=2.116s encode=0.622s wait=1.494s drain=0.000s waits=92 untimed=92 | hint: calls=1104 total=0.585s encode=0.003s wait=0.582s drain=0.000s waits=1001 untimed=1001
[kernel-split] single: calls=1180 total=3.802s encode=0.123s wait=0.066s drain=3.613s waits=1263 untimed=925 | wide: calls=550 total=3.155s encode=0.196s wait=2.729s drain=0.230s waits=550 untimed=0
[kernel-sub] materialize=0.072s moe=3.135s precommit=3.604s rest=0.147s
[metal-cache] calls=4663 zero_copy_wraps=233 copies=0 cache_entries=112 bindless=true
oss
[stats] generated=13 elapsed=49.001s speed=0.2653 token/s (3.769 s/token) chunks=13 committed_rows=50 verify_tx=0 drafts=0/0 layer_passes=1209 expert_rows=4600 expert_tiles=1667
[opens] expert file opens=45861 total=0.695s mean=0.015ms requested_bytes=1023217564864 (1023.2 GB)
[arrival] tiles=575 waves=737 uncovered_wait=23.971s dispatch=3.303s
[retain] enabled=false cap_gb=8 layers=63..=92 consults=0 wanted=0 hits=0 inserts=0 served=0.0MB
[summer] enabled=false cap_gb=8 sample=16 consults=0 wanted=0 hits=0 hit_rate=0.0% misses=0 inserts=0 evictions=0 recycled=0 allocs=0 pin_skips=0 gated=0 ramp=2..50 bar=0 suppressed=0 wide_skips=0 served=0.0MB copied=0.0MB ssd_avoided=0.0GB live=0/0.0GB model=0 protected=0 declined=0 topup_suppressed=0 aged=0 into=0/0/0 pending=0
[mirror-split] internal=0 K3C=0 K3B=0 K3A=0  shares=0%/0%/0%/0%
[phases] mono=393371.582435 chunks=13 sequence=48.987s read_wait=0.171s bind_upload=1.646s attention_resident=2.978s expert_read_prefetch=12.644s expert_demand_read=7.553s expert_plan=0.686s expert_hint=0.000s expert_submit=0.000s expert_kernel=31.263s source_fence=0.000s tail_head_sync=0.190s layer_other=0.060s expert_read_gross=11.959s plan_hint=0.646s plan_sched=0.039s attn_total=2.975s attn_encode=1.026s attn_wait=1.742s attn_drain=0.208s kernel_total=7.280s kernel_host=0.329s kernel_wait=2.799s kernel_drain=4.152s
[attn-split] single: calls=1116 total=0.859s encode=0.404s wait=0.247s drain=0.208s waits=1932 untimed=274 | wide: calls=93 total=2.116s encode=0.622s wait=1.494s drain=0.000s waits=92 untimed=92 | hint: calls=1196 total=0.645s encode=0.003s wait=0.642s drain=0.000s waits=1092 untimed=1092
[kernel-split] single: calls=1279 total=4.125s encode=0.133s wait=0.070s drain=3.922s waits=1370 untimed=1014 | wide: calls=550 total=3.155s encode=0.196s wait=2.729s drain=0.230s waits=550 untimed=0
[kernel-sub] materialize=0.072s moe=3.142s precommit=3.914s rest=0.152s
[metal-cache] calls=4762 zero_copy_wraps=233 copies=0 cache_entries=112 bindless=true
 as
[stats] generated=14 elapsed=50.460s speed=0.2774 token/s (3.604 s/token) chunks=14 committed_rows=51 verify_tx=0 drafts=0/0 layer_passes=1302 expert_rows=4692 expert_tiles=1759
[opens] expert file opens=49622 total=0.754s mean=0.015ms requested_bytes=1056171375808 (1056.2 GB)
[arrival] tiles=576 waves=745 uncovered_wait=23.988s dispatch=3.311s
[retain] enabled=false cap_gb=8 layers=63..=92 consults=0 wanted=0 hits=0 inserts=0 served=0.0MB
[summer] enabled=false cap_gb=8 sample=16 consults=0 wanted=0 hits=0 hit_rate=0.0% misses=0 inserts=0 evictions=0 recycled=0 allocs=0 pin_skips=0 gated=0 ramp=2..50 bar=0 suppressed=0 wide_skips=0 served=0.0MB copied=0.0MB ssd_avoided=0.0GB live=0/0.0GB model=0 protected=0 declined=0 topup_suppressed=0 aged=0 into=0/0/0 pending=0
[mirror-split] internal=0 K3C=0 K3B=0 K3A=0  shares=0%/0%/0%/0%
[phases] mono=393373.041843 chunks=14 sequence=50.445s read_wait=0.171s bind_upload=1.646s attention_resident=3.066s expert_read_prefetch=13.666s expert_demand_read=8.192s expert_plan=0.739s expert_hint=0.000s expert_submit=0.000s expert_kernel=31.596s source_fence=0.000s tail_head_sync=0.204s layer_other=0.061s expert_read_gross=12.926s plan_hint=0.699s plan_sched=0.040s attn_total=3.063s attn_encode=1.073s attn_wait=1.764s attn_drain=0.226s kernel_total=7.597s kernel_host=0.338s kernel_wait=2.803s kernel_drain=4.455s
[attn-split] single: calls=1209 total=0.947s encode=0.451s wait=0.270s drain=0.226s waits=2093 untimed=297 | wide: calls=93 total=2.116s encode=0.622s wait=1.494s drain=0.000s waits=92 untimed=92 | hint: calls=1288 total=0.698s encode=0.003s wait=0.694s drain=0.000s waits=1183 untimed=1183
[kernel-split] single: calls=1378 total=4.442s encode=0.142s wait=0.074s drain=4.226s waits=1477 untimed=1100 | wide: calls=550 total=3.155s encode=0.196s wait=2.729s drain=0.230s waits=550 untimed=0
[kernel-sub] materialize=0.072s moe=3.149s precommit=4.219s rest=0.157s
[metal-cache] calls=4861 zero_copy_wraps=233 copies=0 cache_entries=112 bindless=true
sembles
[stats] generated=15 elapsed=51.940s speed=0.2888 token/s (3.463 s/token) chunks=15 committed_rows=52 verify_tx=0 drafts=0/0 layer_passes=1395 expert_rows=4784 expert_tiles=1851
[opens] expert file opens=53521 total=0.807s mean=0.015ms requested_bytes=1090397355200 (1090.4 GB)
[arrival] tiles=577 waves=753 uncovered_wait=23.998s dispatch=3.317s
[retain] enabled=false cap_gb=8 layers=63..=92 consults=0 wanted=0 hits=0 inserts=0 served=0.0MB
[summer] enabled=false cap_gb=8 sample=16 consults=0 wanted=0 hits=0 hit_rate=0.0% misses=0 inserts=0 evictions=0 recycled=0 allocs=0 pin_skips=0 gated=0 ramp=2..50 bar=0 suppressed=0 wide_skips=0 served=0.0MB copied=0.0MB ssd_avoided=0.0GB live=0/0.0GB model=0 protected=0 declined=0 topup_suppressed=0 aged=0 into=0/0/0 pending=0
[mirror-split] internal=0 K3C=0 K3B=0 K3A=0  shares=0%/0%/0%/0%
[phases] mono=393374.521943 chunks=15 sequence=51.924s read_wait=0.171s bind_upload=1.646s attention_resident=3.127s expert_read_prefetch=14.711s expert_demand_read=8.862s expert_plan=0.796s expert_hint=0.000s expert_submit=0.000s expert_kernel=31.952s source_fence=0.000s tail_head_sync=0.218s layer_other=0.063s expert_read_gross=13.915s plan_hint=0.755s plan_sched=0.041s attn_total=3.124s attn_encode=1.096s attn_wait=1.786s attn_drain=0.242s kernel_total=7.942s kernel_host=0.348s kernel_wait=2.807s kernel_drain=4.788s
[attn-split] single: calls=1302 total=1.008s encode=0.474s wait=0.292s drain=0.242s waits=2254 untimed=316 | wide: calls=93 total=2.116s encode=0.622s wait=1.494s drain=0.000s waits=92 untimed=92 | hint: calls=1380 total=0.754s encode=0.004s wait=0.750s drain=0.000s waits=1274 untimed=1274
[kernel-split] single: calls=1477 total=4.787s encode=0.152s wait=0.077s drain=4.558s waits=1584 untimed=1190 | wide: calls=550 total=3.155s encode=0.196s wait=2.729s drain=0.230s waits=550 untimed=0
[kernel-sub] materialize=0.072s moe=3.156s precommit=4.552s rest=0.162s
[metal-cache] calls=4960 zero_copy_wraps=233 copies=0 cache_entries=112 bindless=true
 a
[stats] generated=16 elapsed=53.410s speed=0.2996 token/s (3.338 s/token) chunks=16 committed_rows=53 verify_tx=0 drafts=0/0 layer_passes=1488 expert_rows=4876 expert_tiles=1943
[opens] expert file opens=57300 total=0.870s mean=0.015ms requested_bytes=1123544186048 (1123.5 GB)
[arrival] tiles=578 waves=761 uncovered_wait=24.009s dispatch=3.325s
[retain] enabled=false cap_gb=8 layers=63..=92 consults=0 wanted=0 hits=0 inserts=0 served=0.0MB
[summer] enabled=false cap_gb=8 sample=16 consults=0 wanted=0 hits=0 hit_rate=0.0% misses=0 inserts=0 evictions=0 recycled=0 allocs=0 pin_skips=0 gated=0 ramp=2..50 bar=0 suppressed=0 wide_skips=0 served=0.0MB copied=0.0MB ssd_avoided=0.0GB live=0/0.0GB model=0 protected=0 declined=0 topup_suppressed=0 aged=0 into=0/0/0 pending=0
[mirror-split] internal=0 K3C=0 K3B=0 K3A=0  shares=0%/0%/0%/0%
[phases] mono=393375.991457 chunks=16 sequence=53.393s read_wait=0.171s bind_upload=1.646s attention_resident=3.191s expert_read_prefetch=15.730s expert_demand_read=9.476s expert_plan=0.863s expert_hint=0.000s expert_submit=0.000s expert_kernel=32.321s source_fence=0.000s tail_head_sync=0.233s layer_other=0.064s expert_read_gross=14.866s plan_hint=0.820s plan_sched=0.043s attn_total=3.188s attn_encode=1.121s attn_wait=1.810s attn_drain=0.256s kernel_total=8.300s kernel_host=0.358s kernel_wait=2.811s kernel_drain=5.131s
[attn-split] single: calls=1395 total=1.071s encode=0.499s wait=0.316s drain=0.256s waits=2415 untimed=347 | wide: calls=93 total=2.116s encode=0.622s wait=1.494s drain=0.000s waits=92 untimed=92 | hint: calls=1472 total=0.819s encode=0.004s wait=0.816s drain=0.000s waits=1365 untimed=1365
[kernel-split] single: calls=1576 total=5.145s encode=0.162s wait=0.081s drain=4.901s waits=1691 untimed=1281 | wide: calls=550 total=3.155s encode=0.196s wait=2.729s drain=0.230s waits=550 untimed=0
[kernel-sub] materialize=0.072s moe=3.163s precommit=4.898s rest=0.167s
[metal-cache] calls=5059 zero_copy_wraps=233 copies=0 cache_entries=112 bindless=true
 crew
[stats] generated=17 elapsed=54.931s speed=0.3095 token/s (3.231 s/token) chunks=17 committed_rows=54 verify_tx=0 drafts=0/0 layer_passes=1581 expert_rows=4968 expert_tiles=2035
[opens] expert file opens=61280 total=0.922s mean=0.015ms requested_bytes=1158436977856 (1158.4 GB)
[arrival] tiles=579 waves=769 uncovered_wait=24.027s dispatch=3.332s
[retain] enabled=false cap_gb=8 layers=63..=92 consults=0 wanted=0 hits=0 inserts=0 served=0.0MB
[summer] enabled=false cap_gb=8 sample=16 consults=0 wanted=0 hits=0 hit_rate=0.0% misses=0 inserts=0 evictions=0 recycled=0 allocs=0 pin_skips=0 gated=0 ramp=2..50 bar=0 suppressed=0 wide_skips=0 served=0.0MB copied=0.0MB ssd_avoided=0.0GB live=0/0.0GB model=0 protected=0 declined=0 topup_suppressed=0 aged=0 into=0/0/0 pending=0
[mirror-split] internal=0 K3C=0 K3B=0 K3A=0  shares=0%/0%/0%/0%
[phases] mono=393377.512685 chunks=17 sequence=54.913s read_wait=0.171s bind_upload=1.646s attention_resident=3.257s expert_read_prefetch=16.817s expert_demand_read=10.109s expert_plan=0.923s expert_hint=0.000s expert_submit=0.000s expert_kernel=32.672s source_fence=0.000s tail_head_sync=0.248s layer_other=0.066s expert_read_gross=15.894s plan_hint=0.879s plan_sched=0.044s attn_total=3.253s attn_encode=1.150s attn_wait=1.832s attn_drain=0.272s kernel_total=8.632s kernel_host=0.368s kernel_wait=2.814s kernel_drain=5.451s
[attn-split] single: calls=1488 total=1.137s encode=0.528s wait=0.338s drain=0.272s waits=2576 untimed=374 | wide: calls=93 total=2.116s encode=0.622s wait=1.494s drain=0.000s waits=92 untimed=92 | hint: calls=1564 total=0.878s encode=0.004s wait=0.874s drain=0.000s waits=1456 untimed=1456
[kernel-split] single: calls=1675 total=5.477s encode=0.172s wait=0.085s drain=5.221s waits=1798 untimed=1370 | wide: calls=550 total=3.155s encode=0.196s wait=2.729s drain=0.230s waits=550 untimed=0
[kernel-sub] materialize=0.072s moe=3.170s precommit=5.218s rest=0.172s
[metal-cache] calls=5158 zero_copy_wraps=233 copies=0 cache_entries=112 bindless=true
 of
[stats] generated=18 elapsed=56.395s speed=0.3192 token/s (3.133 s/token) chunks=18 committed_rows=55 verify_tx=0 drafts=0/0 layer_passes=1674 expert_rows=5060 expert_tiles=2127
[opens] expert file opens=65102 total=0.977s mean=0.015ms requested_bytes=1191943568576 (1191.9 GB)
[arrival] tiles=580 waves=777 uncovered_wait=24.039s dispatch=3.338s
[retain] enabled=false cap_gb=8 layers=63..=92 consults=0 wanted=0 hits=0 inserts=0 served=0.0MB
[summer] enabled=false cap_gb=8 sample=16 consults=0 wanted=0 hits=0 hit_rate=0.0% misses=0 inserts=0 evictions=0 recycled=0 allocs=0 pin_skips=0 gated=0 ramp=2..50 bar=0 suppressed=0 wide_skips=0 served=0.0MB copied=0.0MB ssd_avoided=0.0GB live=0/0.0GB model=0 protected=0 declined=0 topup_suppressed=0 aged=0 into=0/0/0 pending=0
[mirror-split] internal=0 K3C=0 K3B=0 K3A=0  shares=0%/0%/0%/0%
[phases] mono=393378.976794 chunks=18 sequence=56.377s read_wait=0.171s bind_upload=1.646s attention_resident=3.337s expert_read_prefetch=17.840s expert_demand_read=10.709s expert_plan=0.983s expert_hint=0.000s expert_submit=0.000s expert_kernel=33.019s source_fence=0.000s tail_head_sync=0.261s layer_other=0.067s expert_read_gross=16.857s plan_hint=0.938s plan_sched=0.045s attn_total=3.333s attn_encode=1.193s attn_wait=1.855s attn_drain=0.285s kernel_total=8.967s kernel_host=0.377s kernel_wait=2.818s kernel_drain=5.772s
[attn-split] single: calls=1581 total=1.216s encode=0.571s wait=0.361s drain=0.285s waits=2737 untimed=405 | wide: calls=93 total=2.116s encode=0.622s wait=1.494s drain=0.000s waits=92 untimed=92 | hint: calls=1656 total=0.937s encode=0.004s wait=0.932s drain=0.000s waits=1547 untimed=1547
[kernel-split] single: calls=1774 total=5.812s encode=0.181s wait=0.088s drain=5.542s waits=1905 untimed=1457 | wide: calls=550 total=3.155s encode=0.196s wait=2.729s drain=0.230s waits=550 untimed=0
[kernel-sub] materialize=0.072s moe=3.176s precommit=5.542s rest=0.177s
[metal-cache] calls=5257 zero_copy_wraps=233 copies=0 cache_entries=112 bindless=true
 specialists
[stats] generated=19 elapsed=57.866s speed=0.3283 token/s (3.046 s/token) chunks=19 committed_rows=56 verify_tx=0 drafts=0/0 layer_passes=1767 expert_rows=5152 expert_tiles=2219
[opens] expert file opens=68934 total=1.028s mean=0.015ms requested_bytes=1225590471872 (1225.6 GB)
[arrival] tiles=581 waves=784 uncovered_wait=24.053s dispatch=3.345s
[retain] enabled=false cap_gb=8 layers=63..=92 consults=0 wanted=0 hits=0 inserts=0 served=0.0MB
[summer] enabled=false cap_gb=8 sample=16 consults=0 wanted=0 hits=0 hit_rate=0.0% misses=0 inserts=0 evictions=0 recycled=0 allocs=0 pin_skips=0 gated=0 ramp=2..50 bar=0 suppressed=0 wide_skips=0 served=0.0MB copied=0.0MB ssd_avoided=0.0GB live=0/0.0GB model=0 protected=0 declined=0 topup_suppressed=0 aged=0 into=0/0/0 pending=0
[mirror-split] internal=0 K3C=0 K3B=0 K3A=0  shares=0%/0%/0%/0%
[phases] mono=393380.447564 chunks=19 sequence=57.847s read_wait=0.171s bind_upload=1.646s attention_resident=3.403s expert_read_prefetch=18.852s expert_demand_read=11.346s expert_plan=1.043s expert_hint=0.000s expert_submit=0.000s expert_kernel=33.392s source_fence=0.000s tail_head_sync=0.278s layer_other=0.069s expert_read_gross=17.809s plan_hint=0.997s plan_sched=0.046s attn_total=3.399s attn_encode=1.218s attn_wait=1.877s attn_drain=0.304s kernel_total=9.326s kernel_host=0.387s kernel_wait=2.821s kernel_drain=6.118s
[attn-split] single: calls=1674 total=1.282s encode=0.596s wait=0.382s drain=0.304s waits=2898 untimed=432 | wide: calls=93 total=2.116s encode=0.622s wait=1.494s drain=0.000s waits=92 untimed=92 | hint: calls=1748 total=0.996s encode=0.005s wait=0.991s drain=0.000s waits=1638 untimed=1638
[kernel-split] single: calls=1872 total=6.171s encode=0.191s wait=0.092s drain=5.888s waits=2010 untimed=1548 | wide: calls=550 total=3.155s encode=0.196s wait=2.729s drain=0.230s waits=550 untimed=0
[kernel-sub] materialize=0.072s moe=3.182s precommit=5.889s rest=0.182s
[metal-cache] calls=5355 zero_copy_wraps=233 copies=0 cache_entries=112 bindless=true
 to
[stats] generated=20 elapsed=59.323s speed=0.3371 token/s (2.966 s/token) chunks=20 committed_rows=57 verify_tx=0 drafts=0/0 layer_passes=1860 expert_rows=5244 expert_tiles=2311
[opens] expert file opens=72752 total=1.082s mean=0.015ms requested_bytes=1259061918912 (1259.1 GB)
[arrival] tiles=582 waves=792 uncovered_wait=24.064s dispatch=3.350s
[retain] enabled=false cap_gb=8 layers=63..=92 consults=0 wanted=0 hits=0 inserts=0 served=0.0MB
[summer] enabled=false cap_gb=8 sample=16 consults=0 wanted=0 hits=0 hit_rate=0.0% misses=0 inserts=0 evictions=0 recycled=0 allocs=0 pin_skips=0 gated=0 ramp=2..50 bar=0 suppressed=0 wide_skips=0 served=0.0MB copied=0.0MB ssd_avoided=0.0GB live=0/0.0GB model=0 protected=0 declined=0 topup_suppressed=0 aged=0 into=0/0/0 pending=0
[mirror-split] internal=0 K3C=0 K3B=0 K3A=0  shares=0%/0%/0%/0%
[phases] mono=393381.904948 chunks=20 sequence=59.303s read_wait=0.171s bind_upload=1.646s attention_resident=3.467s expert_read_prefetch=19.886s expert_demand_read=11.989s expert_plan=1.097s expert_hint=0.000s expert_submit=0.000s expert_kernel=33.732s source_fence=0.000s tail_head_sync=0.294s layer_other=0.070s expert_read_gross=18.789s plan_hint=1.050s plan_sched=0.047s attn_total=3.463s attn_encode=1.243s attn_wait=1.901s attn_drain=0.318s kernel_total=9.655s kernel_host=0.397s kernel_wait=2.824s kernel_drain=6.434s
[attn-split] single: calls=1767 total=1.347s encode=0.621s wait=0.407s drain=0.318s waits=3059 untimed=458 | wide: calls=93 total=2.116s encode=0.622s wait=1.494s drain=0.000s waits=92 untimed=92 | hint: calls=1840 total=1.049s encode=0.005s wait=1.044s drain=0.000s waits=1729 untimed=1729
[kernel-split] single: calls=1971 total=6.500s encode=0.201s wait=0.095s drain=6.204s waits=2117 untimed=1636 | wide: calls=550 total=3.155s encode=0.196s wait=2.729s drain=0.230s waits=550 untimed=0
[kernel-sub] materialize=0.072s moe=3.188s precommit=6.207s rest=0.188s
[metal-cache] calls=5454 zero_copy_wraps=233 copies=0 cache_entries=112 bindless=true
 steal
[stats] generated=21 elapsed=60.791s speed=0.3454 token/s (2.895 s/token) chunks=21 committed_rows=58 verify_tx=0 drafts=0/0 layer_passes=1953 expert_rows=5336 expert_tiles=2403
[opens] expert file opens=76549 total=1.132s mean=0.015ms requested_bytes=1292366691520 (1292.4 GB)
[arrival] tiles=583 waves=800 uncovered_wait=24.075s dispatch=3.359s
[retain] enabled=false cap_gb=8 layers=63..=92 consults=0 wanted=0 hits=0 inserts=0 served=0.0MB
[summer] enabled=false cap_gb=8 sample=16 consults=0 wanted=0 hits=0 hit_rate=0.0% misses=0 inserts=0 evictions=0 recycled=0 allocs=0 pin_skips=0 gated=0 ramp=2..50 bar=0 suppressed=0 wide_skips=0 served=0.0MB copied=0.0MB ssd_avoided=0.0GB live=0/0.0GB model=0 protected=0 declined=0 topup_suppressed=0 aged=0 into=0/0/0 pending=0
[mirror-split] internal=0 K3C=0 K3B=0 K3A=0  shares=0%/0%/0%/0%
[phases] mono=393383.372435 chunks=21 sequence=60.770s read_wait=0.171s bind_upload=1.646s attention_resident=3.544s expert_read_prefetch=20.913s expert_demand_read=12.604s expert_plan=1.160s expert_hint=0.000s expert_submit=0.000s expert_kernel=34.080s source_fence=0.000s tail_head_sync=0.308s layer_other=0.072s expert_read_gross=19.753s plan_hint=1.111s plan_sched=0.048s attn_total=3.539s attn_encode=1.276s attn_wait=1.920s attn_drain=0.343s kernel_total=9.992s kernel_host=0.407s kernel_wait=2.829s kernel_drain=6.755s
[attn-split] single: calls=1860 total=1.423s encode=0.655s wait=0.425s drain=0.343s waits=3220 untimed=477 | wide: calls=93 total=2.116s encode=0.622s wait=1.494s drain=0.000s waits=92 untimed=92 | hint: calls=1932 total=1.110s encode=0.005s wait=1.105s drain=0.000s waits=1820 untimed=1820
[kernel-split] single: calls=2070 total=6.837s encode=0.211s wait=0.100s drain=6.525s waits=2224 untimed=1723 | wide: calls=550 total=3.155s encode=0.196s wait=2.729s drain=0.230s waits=550 untimed=0
[kernel-sub] materialize=0.072s moe=3.197s precommit=6.530s rest=0.193s
[metal-cache] calls=5553 zero_copy_wraps=233 copies=0 cache_entries=112 bindless=true
[route-chain] chained=1380
[route-chain] dedup_hits=1380
 the
[stats] generated=22 elapsed=62.269s speed=0.3533 token/s (2.830 s/token) chunks=22 committed_rows=59 verify_tx=0 drafts=0/0 layer_passes=2046 expert_rows=5428 expert_tiles=2495
[opens] expert file opens=80388 total=1.184s mean=0.015ms requested_bytes=1326022409408 (1326.0 GB)
[arrival] tiles=584 waves=807 uncovered_wait=24.086s dispatch=3.365s
[retain] enabled=false cap_gb=8 layers=63..=92 consults=0 wanted=0 hits=0 inserts=0 served=0.0MB
[summer] enabled=false cap_gb=8 sample=16 consults=0 wanted=0 hits=0 hit_rate=0.0% misses=0 inserts=0 evictions=0 recycled=0 allocs=0 pin_skips=0 gated=0 ramp=2..50 bar=0 suppressed=0 wide_skips=0 served=0.0MB copied=0.0MB ssd_avoided=0.0GB live=0/0.0GB model=0 protected=0 declined=0 topup_suppressed=0 aged=0 into=0/0/0 pending=0
[mirror-split] internal=0 K3C=0 K3B=0 K3A=0  shares=0%/0%/0%/0%
[phases] mono=393384.850516 chunks=22 sequence=62.248s read_wait=0.171s bind_upload=1.646s attention_resident=3.615s expert_read_prefetch=21.969s expert_demand_read=13.292s expert_plan=1.217s expert_hint=0.000s expert_submit=0.000s expert_kernel=34.417s source_fence=0.000s tail_head_sync=0.321s layer_other=0.073s expert_read_gross=20.752s plan_hint=1.167s plan_sched=0.049s attn_total=3.610s attn_encode=1.311s attn_wait=1.943s attn_drain=0.355s kernel_total=10.317s kernel_host=0.416s kernel_wait=2.833s kernel_drain=7.069s
[attn-split] single: calls=1953 total=1.493s encode=0.689s wait=0.449s drain=0.355s waits=3381 untimed=511 | wide: calls=93 total=2.116s encode=0.622s wait=1.494s drain=0.000s waits=92 untimed=92 | hint: calls=2024 total=1.166s encode=0.005s wait=1.161s drain=0.000s waits=1911 untimed=1911
[kernel-split] single: calls=2168 total=7.162s encode=0.220s wait=0.103s drain=6.839s waits=2329 untimed=1807 | wide: calls=550 total=3.155s encode=0.196s wait=2.729s drain=0.230s waits=550 untimed=0
[kernel-sub] materialize=0.072s moe=3.203s precommit=6.845s rest=0.197s
[metal-cache] calls=5651 zero_copy_wraps=233 copies=0 cache_entries=112 bindless=true
 "
[stats] generated=23 elapsed=63.720s speed=0.3610 token/s (2.770 s/token) chunks=23 committed_rows=60 verify_tx=0 drafts=0/0 layer_passes=2139 expert_rows=5520 expert_tiles=2587
[opens] expert file opens=84222 total=1.240s mean=0.015ms requested_bytes=1359660547264 (1359.7 GB)
[arrival] tiles=585 waves=812 uncovered_wait=24.097s dispatch=3.373s
[retain] enabled=false cap_gb=8 layers=63..=92 consults=0 wanted=0 hits=0 inserts=0 served=0.0MB
[summer] enabled=false cap_gb=8 sample=16 consults=0 wanted=0 hits=0 hit_rate=0.0% misses=0 inserts=0 evictions=0 recycled=0 allocs=0 pin_skips=0 gated=0 ramp=2..50 bar=0 suppressed=0 wide_skips=0 served=0.0MB copied=0.0MB ssd_avoided=0.0GB live=0/0.0GB model=0 protected=0 declined=0 topup_suppressed=0 aged=0 into=0/0/0 pending=0
[mirror-split] internal=0 K3C=0 K3B=0 K3A=0  shares=0%/0%/0%/0%
[phases] mono=393386.301270 chunks=23 sequence=63.697s read_wait=0.171s bind_upload=1.646s attention_resident=3.676s expert_read_prefetch=22.977s expert_demand_read=13.937s expert_plan=1.276s expert_hint=0.000s expert_submit=0.000s expert_kernel=34.781s source_fence=0.000s tail_head_sync=0.334s layer_other=0.075s expert_read_gross=21.701s plan_hint=1.226s plan_sched=0.050s attn_total=3.671s attn_encode=1.336s attn_wait=1.961s attn_drain=0.374s kernel_total=10.669s kernel_host=0.426s kernel_wait=2.837s kernel_drain=7.407s
[attn-split] single: calls=2046 total=1.555s encode=0.714s wait=0.467s drain=0.374s waits=3542 untimed=533 | wide: calls=93 total=2.116s encode=0.622s wait=1.494s drain=0.000s waits=92 untimed=92 | hint: calls=2116 total=1.224s encode=0.005s wait=1.219s drain=0.000s waits=2002 untimed=2002
[kernel-split] single: calls=2264 total=7.514s encode=0.230s wait=0.107s drain=7.177s waits=2430 untimed=1889 | wide: calls=550 total=3.155s encode=0.196s wait=2.729s drain=0.230s waits=550 untimed=0
[kernel-sub] materialize=0.072s moe=3.210s precommit=7.185s rest=0.202s
[metal-cache] calls=5747 zero_copy_wraps=233 copies=0 cache_entries=112 bindless=true
C
[stats] generated=24 elapsed=65.131s speed=0.3685 token/s (2.714 s/token) chunks=24 committed_rows=61 verify_tx=0 drafts=0/0 layer_passes=2232 expert_rows=5612 expert_tiles=2679
[opens] expert file opens=87966 total=1.293s mean=0.015ms requested_bytes=1392509074624 (1392.5 GB)
[arrival] tiles=586 waves=819 uncovered_wait=24.109s dispatch=3.381s
[retain] enabled=false cap_gb=8 layers=63..=92 consults=0 wanted=0 hits=0 inserts=0 served=0.0MB
[summer] enabled=false cap_gb=8 sample=16 consults=0 wanted=0 hits=0 hit_rate=0.0% misses=0 inserts=0 evictions=0 recycled=0 allocs=0 pin_skips=0 gated=0 ramp=2..50 bar=0 suppressed=0 wide_skips=0 served=0.0MB copied=0.0MB ssd_avoided=0.0GB live=0/0.0GB model=0 protected=0 declined=0 topup_suppressed=0 aged=0 into=0/0/0 pending=0
[mirror-split] internal=0 K3C=0 K3B=0 K3A=0  shares=0%/0%/0%/0%
[phases] mono=393387.713088 chunks=24 sequence=65.108s read_wait=0.171s bind_upload=1.646s attention_resident=3.743s expert_read_prefetch=23.968s expert_demand_read=14.543s expert_plan=1.330s expert_hint=0.000s expert_submit=0.000s expert_kernel=35.120s source_fence=0.000s tail_head_sync=0.348s layer_other=0.076s expert_read_gross=22.638s plan_hint=1.278s plan_sched=0.051s attn_total=3.738s attn_encode=1.365s attn_wait=1.982s attn_drain=0.391s kernel_total=10.996s kernel_host=0.435s kernel_wait=2.841s kernel_drain=7.720s
[attn-split] single: calls=2139 total=1.622s encode=0.743s wait=0.488s drain=0.391s waits=3703 untimed=566 | wide: calls=93 total=2.116s encode=0.622s wait=1.494s drain=0.000s waits=92 untimed=92 | hint: calls=2208 total=1.277s encode=0.006s wait=1.271s drain=0.000s waits=2093 untimed=2093
[kernel-split] single: calls=2362 total=7.841s encode=0.240s wait=0.112s drain=7.490s waits=2535 untimed=1958 | wide: calls=550 total=3.155s encode=0.196s wait=2.729s drain=0.230s waits=550 untimed=0
[kernel-sub] materialize=0.072s moe=3.218s precommit=7.499s rest=0.207s
[metal-cache] calls=5845 zero_copy_wraps=233 copies=0 cache_entries=112 bindless=true
rim
[stats] generated=25 elapsed=66.546s speed=0.3757 token/s (2.662 s/token) chunks=25 committed_rows=62 verify_tx=0 drafts=0/0 layer_passes=2325 expert_rows=5704 expert_tiles=2771
[opens] expert file opens=91701 total=1.349s mean=0.015ms requested_bytes=1425261100224 (1425.3 GB)
[arrival] tiles=587 waves=826 uncovered_wait=24.120s dispatch=3.389s
[retain] enabled=false cap_gb=8 layers=63..=92 consults=0 wanted=0 hits=0 inserts=0 served=0.0MB
[summer] enabled=false cap_gb=8 sample=16 consults=0 wanted=0 hits=0 hit_rate=0.0% misses=0 inserts=0 evictions=0 recycled=0 allocs=0 pin_skips=0 gated=0 ramp=2..50 bar=0 suppressed=0 wide_skips=0 served=0.0MB copied=0.0MB ssd_avoided=0.0GB live=0/0.0GB model=0 protected=0 declined=0 topup_suppressed=0 aged=0 into=0/0/0 pending=0
[mirror-split] internal=0 K3C=0 K3B=0 K3A=0  shares=0%/0%/0%/0%
[phases] mono=393389.127616 chunks=25 sequence=66.522s read_wait=0.171s bind_upload=1.646s attention_resident=3.812s expert_read_prefetch=24.965s expert_demand_read=15.151s expert_plan=1.389s expert_hint=0.000s expert_submit=0.000s expert_kernel=35.453s source_fence=0.000s tail_head_sync=0.360s layer_other=0.078s expert_read_gross=23.576s plan_hint=1.336s plan_sched=0.052s attn_total=3.807s attn_encode=1.394s attn_wait=2.009s attn_drain=0.404s kernel_total=11.318s kernel_host=0.445s kernel_wait=2.844s kernel_drain=8.029s
[attn-split] single: calls=2232 total=1.691s encode=0.772s wait=0.515s drain=0.404s waits=3864 untimed=598 | wide: calls=93 total=2.116s encode=0.622s wait=1.494s drain=0.000s waits=92 untimed=92 | hint: calls=2300 total=1.335s encode=0.006s wait=1.329s drain=0.000s waits=2184 untimed=2184
[kernel-split] single: calls=2460 total=8.163s encode=0.249s wait=0.115s drain=7.799s waits=2640 untimed=2041 | wide: calls=550 total=3.155s encode=0.196s wait=2.729s drain=0.230s waits=550 untimed=0
[kernel-sub] materialize=0.072s moe=3.226s precommit=7.808s rest=0.212s
[metal-cache] calls=5943 zero_copy_wraps=233 copies=0 cache_entries=112 bindless=true
son
[stats] generated=26 elapsed=68.016s speed=0.3823 token/s (2.616 s/token) chunks=26 committed_rows=63 verify_tx=0 drafts=0/0 layer_passes=2418 expert_rows=5796 expert_tiles=2863
[opens] expert file opens=95449 total=1.417s mean=0.015ms requested_bytes=1458179800256 (1458.2 GB)
[arrival] tiles=588 waves=833 uncovered_wait=24.135s dispatch=3.397s
[retain] enabled=false cap_gb=8 layers=63..=92 consults=0 wanted=0 hits=0 inserts=0 served=0.0MB
[summer] enabled=false cap_gb=8 sample=16 consults=0 wanted=0 hits=0 hit_rate=0.0% misses=0 inserts=0 evictions=0 recycled=0 allocs=0 pin_skips=0 gated=0 ramp=2..50 bar=0 suppressed=0 wide_skips=0 served=0.0MB copied=0.0MB ssd_avoided=0.0GB live=0/0.0GB model=0 protected=0 declined=0 topup_suppressed=0 aged=0 into=0/0/0 pending=0
[mirror-split] internal=0 K3C=0 K3B=0 K3A=0  shares=0%/0%/0%/0%
[phases] mono=393390.597909 chunks=26 sequence=67.991s read_wait=0.171s bind_upload=1.646s attention_resident=3.912s expert_read_prefetch=25.937s expert_demand_read=15.770s expert_plan=1.443s expert_hint=0.000s expert_submit=0.000s expert_kernel=35.832s source_fence=0.000s tail_head_sync=0.377s layer_other=0.080s expert_read_gross=24.494s plan_hint=1.389s plan_sched=0.054s attn_total=3.906s attn_encode=1.451s attn_wait=2.031s attn_drain=0.424s kernel_total=11.682s kernel_host=0.456s kernel_wait=2.850s kernel_drain=8.376s
[attn-split] single: calls=2325 total=1.790s encode=0.829s wait=0.537s drain=0.424s waits=4025 untimed=615 | wide: calls=93 total=2.116s encode=0.622s wait=1.494s drain=0.000s waits=92 untimed=92 | hint: calls=2392 total=1.387s encode=0.006s wait=1.381s drain=0.000s waits=2275 untimed=2275
[kernel-split] single: calls=2558 total=8.526s encode=0.260s wait=0.120s drain=8.146s waits=2745 untimed=2125 | wide: calls=550 total=3.155s encode=0.196s wait=2.729s drain=0.230s waits=550 untimed=0
[kernel-sub] materialize=0.072s moe=3.233s precommit=8.158s rest=0.218s
[metal-cache] calls=6041 zero_copy_wraps=233 copies=0 cache_entries=112 bindless=true
 Meridian
[stats] generated=27 elapsed=69.460s speed=0.3887 token/s (2.573 s/token) chunks=27 committed_rows=64 verify_tx=0 drafts=0/0 layer_passes=2511 expert_rows=5888 expert_tiles=2955
[opens] expert file opens=99348 total=1.470s mean=0.015ms requested_bytes=1492370701504 (1492.4 GB)
[arrival] tiles=589 waves=839 uncovered_wait=24.147s dispatch=3.403s
[retain] enabled=false cap_gb=8 layers=63..=92 consults=0 wanted=0 hits=0 inserts=0 served=0.0MB
[summer] enabled=false cap_gb=8 sample=16 consults=0 wanted=0 hits=0 hit_rate=0.0% misses=0 inserts=0 evictions=0 recycled=0 allocs=0 pin_skips=0 gated=0 ramp=2..50 bar=0 suppressed=0 wide_skips=0 served=0.0MB copied=0.0MB ssd_avoided=0.0GB live=0/0.0GB model=0 protected=0 declined=0 topup_suppressed=0 aged=0 into=0/0/0 pending=0
[mirror-split] internal=0 K3C=0 K3B=0 K3A=0  shares=0%/0%/0%/0%
[phases] mono=393392.041682 chunks=27 sequence=69.434s read_wait=0.171s bind_upload=1.646s attention_resident=3.974s expert_read_prefetch=26.950s expert_demand_read=16.349s expert_plan=1.506s expert_hint=0.000s expert_submit=0.000s expert_kernel=36.184s source_fence=0.000s tail_head_sync=0.391s layer_other=0.081s expert_read_gross=25.444s plan_hint=1.451s plan_sched=0.055s attn_total=3.968s attn_encode=1.480s attn_wait=2.054s attn_drain=0.434s kernel_total=12.021s kernel_host=0.465s kernel_wait=2.853s kernel_drain=8.702s
[attn-split] single: calls=2418 total=1.852s encode=0.858s wait=0.560s drain=0.434s waits=4186 untimed=639 | wide: calls=93 total=2.116s encode=0.622s wait=1.494s drain=0.000s waits=92 untimed=92 | hint: calls=2484 total=1.449s encode=0.006s wait=1.443s drain=0.000s waits=2366 untimed=2366
[kernel-split] single: calls=2655 total=8.866s encode=0.270s wait=0.124s drain=8.473s waits=2848 untimed=2202 | wide: calls=550 total=3.155s encode=0.196s wait=2.729s drain=0.230s waits=550 untimed=0
[kernel-sub] materialize=0.072s moe=3.240s precommit=8.486s rest=0.223s
[metal-cache] calls=6138 zero_copy_wraps=233 copies=0 cache_entries=112 bindless=true
,"
[stats] generated=28 elapsed=70.943s speed=0.3947 token/s (2.534 s/token) chunks=28 committed_rows=65 verify_tx=0 drafts=0/0 layer_passes=2604 expert_rows=5980 expert_tiles=3047
[opens] expert file opens=103136 total=1.533s mean=0.015ms requested_bytes=1525596503232 (1525.6 GB)
[arrival] tiles=590 waves=847 uncovered_wait=24.158s dispatch=3.410s
[retain] enabled=false cap_gb=8 layers=63..=92 consults=0 wanted=0 hits=0 inserts=0 served=0.0MB
[summer] enabled=false cap_gb=8 sample=16 consults=0 wanted=0 hits=0 hit_rate=0.0% misses=0 inserts=0 evictions=0 recycled=0 allocs=0 pin_skips=0 gated=0 ramp=2..50 bar=0 suppressed=0 wide_skips=0 served=0.0MB copied=0.0MB ssd_avoided=0.0GB live=0/0.0GB model=0 protected=0 declined=0 topup_suppressed=0 aged=0 into=0/0/0 pending=0
[mirror-split] internal=0 K3C=0 K3B=0 K3A=0  shares=0%/0%/0%/0%
[phases] mono=393393.524482 chunks=28 sequence=70.916s read_wait=0.171s bind_upload=1.646s attention_resident=4.035s expert_read_prefetch=28.017s expert_demand_read=16.986s expert_plan=1.569s expert_hint=0.000s expert_submit=0.000s expert_kernel=36.522s source_fence=0.000s tail_head_sync=0.405s layer_other=0.082s expert_read_gross=26.448s plan_hint=1.513s plan_sched=0.056s attn_total=4.029s attn_encode=1.506s attn_wait=2.073s attn_drain=0.450s kernel_total=12.349s kernel_host=0.474s kernel_wait=2.857s kernel_drain=9.018s
[attn-split] single: calls=2511 total=1.913s encode=0.884s wait=0.579s drain=0.450s waits=4347 untimed=663 | wide: calls=93 total=2.116s encode=0.622s wait=1.494s drain=0.000s waits=92 untimed=92 | hint: calls=2576 total=1.511s encode=0.007s wait=1.504s drain=0.000s waits=2457 untimed=2457
[kernel-split] single: calls=2754 total=9.194s encode=0.279s wait=0.127s drain=8.788s waits=2955 untimed=2290 | wide: calls=550 total=3.155s encode=0.196s wait=2.729s drain=0.230s waits=550 untimed=0
[kernel-sub] materialize=0.072s moe=3.246s precommit=8.803s rest=0.228s
[metal-cache] calls=6237 zero_copy_wraps=233 copies=0 cache_entries=112 bindless=true
 a
[stats] generated=29 elapsed=72.405s speed=0.4005 token/s (2.497 s/token) chunks=29 committed_rows=66 verify_tx=0 drafts=0/0 layer_passes=2697 expert_rows=6072 expert_tiles=3139
[opens] expert file opens=106901 total=1.585s mean=0.015ms requested_bytes=1558611721408 (1558.6 GB)
[arrival] tiles=591 waves=855 uncovered_wait=24.173s dispatch=3.416s
[retain] enabled=false cap_gb=8 layers=63..=92 consults=0 wanted=0 hits=0 inserts=0 served=0.0MB
[summer] enabled=false cap_gb=8 sample=16 consults=0 wanted=0 hits=0 hit_rate=0.0% misses=0 inserts=0 evictions=0 recycled=0 allocs=0 pin_skips=0 gated=0 ramp=2..50 bar=0 suppressed=0 wide_skips=0 served=0.0MB copied=0.0MB ssd_avoided=0.0GB live=0/0.0GB model=0 protected=0 declined=0 topup_suppressed=0 aged=0 into=0/0/0 pending=0
[mirror-split] internal=0 K3C=0 K3B=0 K3A=0  shares=0%/0%/0%/0%
[phases] mono=393394.986893 chunks=29 sequence=72.378s read_wait=0.171s bind_upload=1.646s attention_resident=4.103s expert_read_prefetch=29.049s expert_demand_read=17.642s expert_plan=1.627s expert_hint=0.000s expert_submit=0.000s expert_kernel=36.868s source_fence=0.000s tail_head_sync=0.420s layer_other=0.084s expert_read_gross=27.422s plan_hint=1.569s plan_sched=0.057s attn_total=4.097s attn_encode=1.537s attn_wait=2.092s attn_drain=0.468s kernel_total=12.679s kernel_host=0.484s kernel_wait=2.860s kernel_drain=9.335s
[attn-split] single: calls=2604 total=1.981s encode=0.915s wait=0.598s drain=0.468s waits=4508 untimed=691 | wide: calls=93 total=2.116s encode=0.622s wait=1.494s drain=0.000s waits=92 untimed=92 | hint: calls=2668 total=1.568s encode=0.007s wait=1.561s drain=0.000s waits=2548 untimed=2548
[kernel-split] single: calls=2853 total=9.524s encode=0.288s wait=0.130s drain=9.105s waits=3062 untimed=2380 | wide: calls=550 total=3.155s encode=0.196s wait=2.729s drain=0.230s waits=550 untimed=0
[kernel-sub] materialize=0.072s moe=3.252s precommit=9.122s rest=0.233s
[metal-cache] calls=6336 zero_copy_wraps=233 copies=0 cache_entries=112 bindless=true
 flawless
[stats] generated=30 elapsed=73.874s speed=0.4061 token/s (2.462 s/token) chunks=30 committed_rows=67 verify_tx=0 drafts=0/0 layer_passes=2790 expert_rows=6164 expert_tiles=3231
[opens] expert file opens=110775 total=1.643s mean=0.015ms requested_bytes=1592609586368 (1592.6 GB)
[arrival] tiles=592 waves=862 uncovered_wait=24.186s dispatch=3.423s
[retain] enabled=false cap_gb=8 layers=63..=92 consults=0 wanted=0 hits=0 inserts=0 served=0.0MB
[summer] enabled=false cap_gb=8 sample=16 consults=0 wanted=0 hits=0 hit_rate=0.0% misses=0 inserts=0 evictions=0 recycled=0 allocs=0 pin_skips=0 gated=0 ramp=2..50 bar=0 suppressed=0 wide_skips=0 served=0.0MB copied=0.0MB ssd_avoided=0.0GB live=0/0.0GB model=0 protected=0 declined=0 topup_suppressed=0 aged=0 into=0/0/0 pending=0
[mirror-split] internal=0 K3C=0 K3B=0 K3A=0  shares=0%/0%/0%/0%
[phases] mono=393396.456144 chunks=30 sequence=73.846s read_wait=0.171s bind_upload=1.646s attention_resident=4.179s expert_read_prefetch=30.060s expert_demand_read=18.288s expert_plan=1.679s expert_hint=0.000s expert_submit=0.000s expert_kernel=37.233s source_fence=0.000s tail_head_sync=0.434s layer_other=0.086s expert_read_gross=28.380s plan_hint=1.621s plan_sched=0.058s attn_total=4.173s attn_encode=1.576s attn_wait=2.109s attn_drain=0.488s kernel_total=13.031s kernel_host=0.494s kernel_wait=2.864s kernel_drain=9.673s
[attn-split] single: calls=2697 total=2.057s encode=0.954s wait=0.615s drain=0.488s waits=4669 untimed=711 | wide: calls=93 total=2.116s encode=0.622s wait=1.494s drain=0.000s waits=92 untimed=92 | hint: calls=2760 total=1.619s encode=0.007s wait=1.612s drain=0.000s waits=2639 untimed=2639
[kernel-split] single: calls=2951 total=9.876s encode=0.298s wait=0.134s drain=9.443s waits=3167 untimed=2468 | wide: calls=550 total=3.155s encode=0.196s wait=2.729s drain=0.230s waits=550 untimed=0
[kernel-sub] materialize=0.072s moe=3.260s precommit=9.461s rest=0.238s
[metal-cache] calls=6434 zero_copy_wraps=233 copies=0 cache_entries=112 bindless=true
 
[stats] generated=31 elapsed=75.377s speed=0.4113 token/s (2.432 s/token) chunks=31 committed_rows=68 verify_tx=0 drafts=0/0 layer_passes=2883 expert_rows=6256 expert_tiles=3323
[opens] expert file opens=114568 total=1.703s mean=0.015ms requested_bytes=1625914326208 (1625.9 GB)
[arrival] tiles=593 waves=870 uncovered_wait=24.199s dispatch=3.430s
[retain] enabled=false cap_gb=8 layers=63..=92 consults=0 wanted=0 hits=0 inserts=0 served=0.0MB
[summer] enabled=false cap_gb=8 sample=16 consults=0 wanted=0 hits=0 hit_rate=0.0% misses=0 inserts=0 evictions=0 recycled=0 allocs=0 pin_skips=0 gated=0 ramp=2..50 bar=0 suppressed=0 wide_skips=0 served=0.0MB copied=0.0MB ssd_avoided=0.0GB live=0/0.0GB model=0 protected=0 declined=0 topup_suppressed=0 aged=0 into=0/0/0 pending=0
[mirror-split] internal=0 K3C=0 K3B=0 K3A=0  shares=0%/0%/0%/0%
[phases] mono=393397.958586 chunks=31 sequence=75.348s read_wait=0.171s bind_upload=1.646s attention_resident=4.249s expert_read_prefetch=31.139s expert_demand_read=18.976s expert_plan=1.732s expert_hint=0.000s expert_submit=0.000s expert_kernel=37.571s source_fence=0.000s tail_head_sync=0.448s layer_other=0.087s expert_read_gross=29.407s plan_hint=1.672s plan_sched=0.059s attn_total=4.242s attn_encode=1.605s attn_wait=2.135s attn_drain=0.502s kernel_total=13.355s kernel_host=0.503s kernel_wait=2.867s kernel_drain=9.986s
[attn-split] single: calls=2790 total=2.126s encode=0.983s wait=0.641s drain=0.502s waits=4830 untimed=741 | wide: calls=93 total=2.116s encode=0.622s wait=1.494s drain=0.000s waits=92 untimed=92 | hint: calls=2852 total=1.670s encode=0.007s wait=1.663s drain=0.000s waits=2730 untimed=2730
[kernel-split] single: calls=3050 total=10.200s encode=0.307s wait=0.137s drain=9.756s waits=3274 untimed=2556 | wide: calls=550 total=3.155s encode=0.196s wait=2.729s drain=0.230s waits=550 untimed=0
[kernel-sub] materialize=0.072s moe=3.266s precommit=9.775s rest=0.242s
[metal-cache] calls=6533 zero_copy_wraps=233 copies=0 cache_entries=112 bindless=true
40
[stats] generated=32 elapsed=76.826s speed=0.4165 token/s (2.401 s/token) chunks=32 committed_rows=69 verify_tx=0 drafts=0/0 layer_passes=2976 expert_rows=6348 expert_tiles=3415
[opens] expert file opens=118385 total=1.756s mean=0.015ms requested_bytes=1659368242368 (1659.4 GB)
[arrival] tiles=594 waves=878 uncovered_wait=24.212s dispatch=3.437s
[retain] enabled=false cap_gb=8 layers=63..=92 consults=0 wanted=0 hits=0 inserts=0 served=0.0MB
[summer] enabled=false cap_gb=8 sample=16 consults=0 wanted=0 hits=0 hit_rate=0.0% misses=0 inserts=0 evictions=0 recycled=0 allocs=0 pin_skips=0 gated=0 ramp=2..50 bar=0 suppressed=0 wide_skips=0 served=0.0MB copied=0.0MB ssd_avoided=0.0GB live=0/0.0GB model=0 protected=0 declined=0 topup_suppressed=0 aged=0 into=0/0/0 pending=0
[mirror-split] internal=0 K3C=0 K3B=0 K3A=0  shares=0%/0%/0%/0%
[phases] mono=393399.407339 chunks=32 sequence=76.796s read_wait=0.171s bind_upload=1.646s attention_resident=4.314s expert_read_prefetch=32.165s expert_demand_read=19.601s expert_plan=1.797s expert_hint=0.000s expert_submit=0.000s expert_kernel=37.912s source_fence=0.000s tail_head_sync=0.462s layer_other=0.088s expert_read_gross=30.368s plan_hint=1.736s plan_sched=0.060s attn_total=4.307s attn_encode=1.634s attn_wait=2.154s attn_drain=0.519s kernel_total=13.684s kernel_host=0.512s kernel_wait=2.871s kernel_drain=10.301s
[attn-split] single: calls=2883 total=2.191s encode=1.012s wait=0.660s drain=0.519s waits=4991 untimed=767 | wide: calls=93 total=2.116s encode=0.622s wait=1.494s drain=0.000s waits=92 untimed=92 | hint: calls=2944 total=1.735s encode=0.007s wait=1.727s drain=0.000s waits=2821 untimed=2821
[kernel-split] single: calls=3149 total=10.529s encode=0.316s wait=0.141s drain=10.071s waits=3381 untimed=2644 | wide: calls=550 total=3.155s encode=0.196s wait=2.729s drain=0.230s waits=550 untimed=0
[kernel-sub] materialize=0.072s moe=3.273s precommit=10.092s rest=0.247s
[metal-cache] calls=6632 zero_copy_wraps=233 copies=0 cache_entries=112 bindless=true
[route-chain] chained=2070
[route-chain] dedup_hits=2070
-car
[stats] generated=33 elapsed=78.355s speed=0.4212 token/s (2.374 s/token) chunks=33 committed_rows=70 verify_tx=0 drafts=0/0 layer_passes=3069 expert_rows=6440 expert_tiles=3507
[opens] expert file opens=122271 total=1.809s mean=0.015ms requested_bytes=1693418781888 (1693.4 GB)
[arrival] tiles=595 waves=886 uncovered_wait=24.226s dispatch=3.443s
[retain] enabled=false cap_gb=8 layers=63..=92 consults=0 wanted=0 hits=0 inserts=0 served=0.0MB
[summer] enabled=false cap_gb=8 sample=16 consults=0 wanted=0 hits=0 hit_rate=0.0% misses=0 inserts=0 evictions=0 recycled=0 allocs=0 pin_skips=0 gated=0 ramp=2..50 bar=0 suppressed=0 wide_skips=0 served=0.0MB copied=0.0MB ssd_avoided=0.0GB live=0/0.0GB model=0 protected=0 declined=0 topup_suppressed=0 aged=0 into=0/0/0 pending=0
[mirror-split] internal=0 K3C=0 K3B=0 K3A=0  shares=0%/0%/0%/0%
[phases] mono=393400.936612 chunks=33 sequence=78.324s read_wait=0.171s bind_upload=1.646s attention_resident=4.386s expert_read_prefetch=33.236s expert_demand_read=20.250s expert_plan=1.848s expert_hint=0.000s expert_submit=0.000s expert_kernel=38.279s source_fence=0.000s tail_head_sync=0.478s layer_other=0.090s expert_read_gross=31.387s plan_hint=1.787s plan_sched=0.061s attn_total=4.379s attn_encode=1.666s attn_wait=2.178s attn_drain=0.535s kernel_total=14.037s kernel_host=0.522s kernel_wait=2.874s kernel_drain=10.641s
[attn-split] single: calls=2976 total=2.263s encode=1.044s wait=0.684s drain=0.535s waits=5152 untimed=793 | wide: calls=93 total=2.116s encode=0.622s wait=1.494s drain=0.000s waits=92 untimed=92 | hint: calls=3036 total=1.785s encode=0.008s wait=1.777s drain=0.000s waits=2912 untimed=2912
[kernel-split] single: calls=3248 total=10.882s encode=0.326s wait=0.145s drain=10.411s waits=3488 untimed=2728 | wide: calls=550 total=3.155s encode=0.196s wait=2.729s drain=0.230s waits=550 untimed=0
[kernel-sub] materialize=0.072s moe=3.279s precommit=10.433s rest=0.252s
[metal-cache] calls=6731 zero_copy_wraps=233 copies=0 cache_entries=112 bindless=true
at
[stats] generated=34 elapsed=79.838s speed=0.4259 token/s (2.348 s/token) chunks=34 committed_rows=71 verify_tx=0 drafts=0/0 layer_passes=3162 expert_rows=6532 expert_tiles=3599
[opens] expert file opens=126089 total=1.859s mean=0.015ms requested_bytes=1726916541632 (1726.9 GB)
[arrival] tiles=596 waves=894 uncovered_wait=24.237s dispatch=3.450s
[retain] enabled=false cap_gb=8 layers=63..=92 consults=0 wanted=0 hits=0 inserts=0 served=0.0MB
[summer] enabled=false cap_gb=8 sample=16 consults=0 wanted=0 hits=0 hit_rate=0.0% misses=0 inserts=0 evictions=0 recycled=0 allocs=0 pin_skips=0 gated=0 ramp=2..50 bar=0 suppressed=0 wide_skips=0 served=0.0MB copied=0.0MB ssd_avoided=0.0GB live=0/0.0GB model=0 protected=0 declined=0 topup_suppressed=0 aged=0 into=0/0/0 pending=0
[mirror-split] internal=0 K3C=0 K3B=0 K3A=0  shares=0%/0%/0%/0%
[phases] mono=393402.419314 chunks=34 sequence=79.806s read_wait=0.171s bind_upload=1.646s attention_resident=4.465s expert_read_prefetch=34.291s expert_demand_read=20.853s expert_plan=1.912s expert_hint=0.000s expert_submit=0.000s expert_kernel=38.609s source_fence=0.000s tail_head_sync=0.494s layer_other=0.091s expert_read_gross=32.379s plan_hint=1.849s plan_sched=0.062s attn_total=4.458s attn_encode=1.705s attn_wait=2.198s attn_drain=0.554s kernel_total=14.356s kernel_host=0.531s kernel_wait=2.877s kernel_drain=10.948s
[attn-split] single: calls=3069 total=2.341s encode=1.083s wait=0.704s drain=0.554s waits=5313 untimed=826 | wide: calls=93 total=2.116s encode=0.622s wait=1.494s drain=0.000s waits=92 untimed=92 | hint: calls=3128 total=1.847s encode=0.008s wait=1.839s drain=0.000s waits=3003 untimed=3003
[kernel-split] single: calls=3347 total=11.201s encode=0.335s wait=0.148s drain=10.718s waits=3595 untimed=2820 | wide: calls=550 total=3.155s encode=0.196s wait=2.729s drain=0.230s waits=550 untimed=0
[kernel-sub] materialize=0.072s moe=3.286s precommit=10.741s rest=0.257s
[metal-cache] calls=6830 zero_copy_wraps=233 copies=0 cache_entries=112 bindless=true
 ruby
[stats] generated=35 elapsed=81.368s speed=0.4301 token/s (2.325 s/token) chunks=35 committed_rows=72 verify_tx=0 drafts=0/0 layer_passes=3255 expert_rows=6624 expert_tiles=3691
[opens] expert file opens=130063 total=1.911s mean=0.015ms requested_bytes=1761739177152 (1761.7 GB)
[arrival] tiles=597 waves=900 uncovered_wait=24.247s dispatch=3.456s
[retain] enabled=false cap_gb=8 layers=63..=92 consults=0 wanted=0 hits=0 inserts=0 served=0.0MB
[summer] enabled=false cap_gb=8 sample=16 consults=0 wanted=0 hits=0 hit_rate=0.0% misses=0 inserts=0 evictions=0 recycled=0 allocs=0 pin_skips=0 gated=0 ramp=2..50 bar=0 suppressed=0 wide_skips=0 served=0.0MB copied=0.0MB ssd_avoided=0.0GB live=0/0.0GB model=0 protected=0 declined=0 topup_suppressed=0 aged=0 into=0/0/0 pending=0
[mirror-split] internal=0 K3C=0 K3B=0 K3A=0  shares=0%/0%/0%/0%
[phases] mono=393403.949921 chunks=35 sequence=81.336s read_wait=0.171s bind_upload=1.646s attention_resident=4.523s expert_read_prefetch=35.396s expert_demand_read=21.477s expert_plan=1.979s expert_hint=0.000s expert_submit=0.000s expert_kernel=38.961s source_fence=0.000s tail_head_sync=0.508s layer_other=0.093s expert_read_gross=33.417s plan_hint=1.915s plan_sched=0.063s attn_total=4.515s attn_encode=1.726s attn_wait=2.221s attn_drain=0.568s kernel_total=14.697s kernel_host=0.540s kernel_wait=2.881s kernel_drain=11.276s
[attn-split] single: calls=3162 total=2.399s encode=1.104s wait=0.726s drain=0.568s waits=5474 untimed=855 | wide: calls=93 total=2.116s encode=0.622s wait=1.494s drain=0.000s waits=92 untimed=92 | hint: calls=3220 total=1.913s encode=0.008s wait=1.905s drain=0.000s waits=3094 untimed=3094
[kernel-split] single: calls=3444 total=11.542s encode=0.344s wait=0.151s drain=11.047s waits=3698 untimed=2908 | wide: calls=550 total=3.155s encode=0.196s wait=2.729s drain=0.230s waits=550 untimed=0
[kernel-sub] materialize=0.072s moe=3.292s precommit=11.072s rest=0.261s
[metal-cache] calls=6927 zero_copy_wraps=233 copies=0 cache_entries=112 bindless=true
 scheduled
[stats] generated=36 elapsed=82.875s speed=0.4344 token/s (2.302 s/token) chunks=36 committed_rows=73 verify_tx=0 drafts=0/0 layer_passes=3348 expert_rows=6716 expert_tiles=3783
[opens] expert file opens=133933 total=1.966s mean=0.015ms requested_bytes=1795658120384 (1795.7 GB)
[arrival] tiles=598 waves=907 uncovered_wait=24.258s dispatch=3.462s
[retain] enabled=false cap_gb=8 layers=63..=92 consults=0 wanted=0 hits=0 inserts=0 served=0.0MB
[summer] enabled=false cap_gb=8 sample=16 consults=0 wanted=0 hits=0 hit_rate=0.0% misses=0 inserts=0 evictions=0 recycled=0 allocs=0 pin_skips=0 gated=0 ramp=2..50 bar=0 suppressed=0 wide_skips=0 served=0.0MB copied=0.0MB ssd_avoided=0.0GB live=0/0.0GB model=0 protected=0 declined=0 topup_suppressed=0 aged=0 into=0/0/0 pending=0
[mirror-split] internal=0 K3C=0 K3B=0 K3A=0  shares=0%/0%/0%/0%
[phases] mono=393405.456184 chunks=36 sequence=82.840s read_wait=0.171s bind_upload=1.646s attention_resident=4.583s expert_read_prefetch=36.490s expert_demand_read=22.144s expert_plan=2.044s expert_hint=0.000s expert_submit=0.000s expert_kernel=39.294s source_fence=0.000s tail_head_sync=0.524s layer_other=0.094s expert_read_gross=34.446s plan_hint=1.979s plan_sched=0.064s attn_total=4.575s attn_encode=1.747s attn_wait=2.245s attn_drain=0.583s kernel_total=15.019s kernel_host=0.549s kernel_wait=2.884s kernel_drain=11.586s
[attn-split] single: calls=3255 total=2.459s encode=1.125s wait=0.751s drain=0.583s waits=5635 untimed=881 | wide: calls=93 total=2.116s encode=0.622s wait=1.494s drain=0.000s waits=92 untimed=92 | hint: calls=3312 total=1.977s encode=0.008s wait=1.968s drain=0.000s waits=3185 untimed=3185
[kernel-split] single: calls=3542 total=11.864s encode=0.353s wait=0.155s drain=11.357s waits=3803 untimed=2992 | wide: calls=550 total=3.155s encode=0.196s wait=2.729s drain=0.230s waits=550 untimed=0
[kernel-sub] materialize=0.072s moe=3.297s precommit=11.383s rest=0.266s
[metal-cache] calls=7025 zero_copy_wraps=233 copies=0 cache_entries=112 bindless=true
 to
[stats] generated=37 elapsed=84.375s speed=0.4385 token/s (2.280 s/token) chunks=37 committed_rows=74 verify_tx=0 drafts=0/0 layer_passes=3441 expert_rows=6808 expert_tiles=3875
[opens] expert file opens=137747 total=2.029s mean=0.015ms requested_bytes=1829120801984 (1829.1 GB)
[arrival] tiles=599 waves=912 uncovered_wait=24.268s dispatch=3.468s
[retain] enabled=false cap_gb=8 layers=63..=92 consults=0 wanted=0 hits=0 inserts=0 served=0.0MB
[summer] enabled=false cap_gb=8 sample=16 consults=0 wanted=0 hits=0 hit_rate=0.0% misses=0 inserts=0 evictions=0 recycled=0 allocs=0 pin_skips=0 gated=0 ramp=2..50 bar=0 suppressed=0 wide_skips=0 served=0.0MB copied=0.0MB ssd_avoided=0.0GB live=0/0.0GB model=0 protected=0 declined=0 topup_suppressed=0 aged=0 into=0/0/0 pending=0
[mirror-split] internal=0 K3C=0 K3B=0 K3A=0  shares=0%/0%/0%/0%
[phases] mono=393406.956764 chunks=37 sequence=84.340s read_wait=0.171s bind_upload=1.646s attention_resident=4.647s expert_read_prefetch=37.564s expert_demand_read=22.789s expert_plan=2.108s expert_hint=0.000s expert_submit=0.000s expert_kernel=39.640s source_fence=0.000s tail_head_sync=0.537s layer_other=0.096s expert_read_gross=35.456s plan_hint=2.042s plan_sched=0.065s attn_total=4.640s attn_encode=1.772s attn_wait=2.268s attn_drain=0.600s kernel_total=15.355s kernel_host=0.557s kernel_wait=2.887s kernel_drain=11.910s
[attn-split] single: calls=3348 total=2.523s encode=1.150s wait=0.774s drain=0.600s waits=5796 untimed=905 | wide: calls=93 total=2.116s encode=0.622s wait=1.494s drain=0.000s waits=92 untimed=92 | hint: calls=3404 total=2.040s encode=0.009s wait=2.031s drain=0.000s waits=3276 untimed=3276
[kernel-split] single: calls=3638 total=12.200s encode=0.362s wait=0.158s drain=11.681s waits=3904 untimed=3080 | wide: calls=550 total=3.155s encode=0.196s wait=2.729s drain=0.230s waits=550 untimed=0
[kernel-sub] materialize=0.072s moe=3.304s precommit=11.709s rest=0.271s
[metal-cache] calls=7121 zero_copy_wraps=233 copies=0 cache_entries=112 bindless=true
 be
[stats] generated=38 elapsed=85.980s speed=0.4420 token/s (2.263 s/token) chunks=38 committed_rows=75 verify_tx=0 drafts=0/0 layer_passes=3534 expert_rows=6900 expert_tiles=3967
[opens] expert file opens=141767 total=2.082s mean=0.015ms requested_bytes=1864364555456 (1864.4 GB)
[arrival] tiles=600 waves=920 uncovered_wait=24.279s dispatch=3.476s
[retain] enabled=false cap_gb=8 layers=63..=92 consults=0 wanted=0 hits=0 inserts=0 served=0.0MB
[summer] enabled=false cap_gb=8 sample=16 consults=0 wanted=0 hits=0 hit_rate=0.0% misses=0 inserts=0 evictions=0 recycled=0 allocs=0 pin_skips=0 gated=0 ramp=2..50 bar=0 suppressed=0 wide_skips=0 served=0.0MB copied=0.0MB ssd_avoided=0.0GB live=0/0.0GB model=0 protected=0 declined=0 topup_suppressed=0 aged=0 into=0/0/0 pending=0
[mirror-split] internal=0 K3C=0 K3B=0 K3A=0  shares=0%/0%/0%/0%
[phases] mono=393408.561170 chunks=38 sequence=85.943s read_wait=0.171s bind_upload=1.646s attention_resident=4.726s expert_read_prefetch=38.722s expert_demand_read=23.441s expert_plan=2.162s expert_hint=0.000s expert_submit=0.000s expert_kernel=39.991s source_fence=0.000s tail_head_sync=0.551s layer_other=0.097s expert_read_gross=36.560s plan_hint=2.095s plan_sched=0.066s attn_total=4.718s attn_encode=1.809s attn_wait=2.292s attn_drain=0.617s kernel_total=15.694s kernel_host=0.568s kernel_wait=2.891s kernel_drain=12.235s
[attn-split] single: calls=3441 total=2.602s encode=1.187s wait=0.798s drain=0.617s waits=5957 untimed=932 | wide: calls=93 total=2.116s encode=0.622s wait=1.494s drain=0.000s waits=92 untimed=92 | hint: calls=3496 total=2.093s encode=0.009s wait=2.084s drain=0.000s waits=3367 untimed=3367
[kernel-split] single: calls=3737 total=12.539s encode=0.372s wait=0.162s drain=12.006s waits=4011 untimed=3166 | wide: calls=550 total=3.155s encode=0.196s wait=2.729s drain=0.230s waits=550 untimed=0
[kernel-sub] materialize=0.072s moe=3.311s precommit=12.035s rest=0.276s
[metal-cache] calls=7220 zero_copy_wraps=233 copies=0 cache_entries=112 bindless=true
 displayed
[stats] generated=39 elapsed=87.533s speed=0.4455 token/s (2.244 s/token) chunks=39 committed_rows=76 verify_tx=0 drafts=0/0 layer_passes=3627 expert_rows=6992 expert_tiles=4059
[opens] expert file opens=145796 total=2.139s mean=0.015ms requested_bytes=1899643468992 (1899.6 GB)
[arrival] tiles=601 waves=928 uncovered_wait=24.295s dispatch=3.485s
[retain] enabled=false cap_gb=8 layers=63..=92 consults=0 wanted=0 hits=0 inserts=0 served=0.0MB
[summer] enabled=false cap_gb=8 sample=16 consults=0 wanted=0 hits=0 hit_rate=0.0% misses=0 inserts=0 evictions=0 recycled=0 allocs=0 pin_skips=0 gated=0 ramp=2..50 bar=0 suppressed=0 wide_skips=0 served=0.0MB copied=0.0MB ssd_avoided=0.0GB live=0/0.0GB model=0 protected=0 declined=0 topup_suppressed=0 aged=0 into=0/0/0 pending=0
[mirror-split] internal=0 K3C=0 K3B=0 K3A=0  shares=0%/0%/0%/0%
[phases] mono=393410.114916 chunks=39 sequence=87.496s read_wait=0.171s bind_upload=1.646s attention_resident=4.794s expert_read_prefetch=39.857s expert_demand_read=24.140s expert_plan=2.230s expert_hint=0.000s expert_submit=0.000s expert_kernel=40.327s source_fence=0.000s tail_head_sync=0.563s layer_other=0.099s expert_read_gross=37.627s plan_hint=2.162s plan_sched=0.067s attn_total=4.786s attn_encode=1.835s attn_wait=2.319s attn_drain=0.632s kernel_total=16.014s kernel_host=0.577s kernel_wait=2.896s kernel_drain=12.540s
[attn-split] single: calls=3534 total=2.670s encode=1.213s wait=0.825s drain=0.632s waits=6118 untimed=958 | wide: calls=93 total=2.116s encode=0.622s wait=1.494s drain=0.000s waits=92 untimed=92 | hint: calls=3588 total=2.160s encode=0.009s wait=2.151s drain=0.000s waits=3458 untimed=3458
[kernel-split] single: calls=3836 total=12.859s encode=0.381s wait=0.167s drain=12.311s waits=4118 untimed=3258 | wide: calls=550 total=3.155s encode=0.196s wait=2.729s drain=0.230s waits=550 untimed=0
[kernel-sub] materialize=0.072s moe=3.320s precommit=12.341s rest=0.281s
[metal-cache] calls=7319 zero_copy_wraps=233 copies=0 cache_entries=112 bindless=true
 for
[stats] generated=40 elapsed=89.048s speed=0.4492 token/s (2.226 s/token) chunks=40 committed_rows=77 verify_tx=0 drafts=0/0 layer_passes=3720 expert_rows=7084 expert_tiles=4151
[opens] expert file opens=149622 total=2.192s mean=0.015ms requested_bytes=1933193886912 (1933.2 GB)
[arrival] tiles=602 waves=936 uncovered_wait=24.308s dispatch=3.495s
[retain] enabled=false cap_gb=8 layers=63..=92 consults=0 wanted=0 hits=0 inserts=0 served=0.0MB
[summer] enabled=false cap_gb=8 sample=16 consults=0 wanted=0 hits=0 hit_rate=0.0% misses=0 inserts=0 evictions=0 recycled=0 allocs=0 pin_skips=0 gated=0 ramp=2..50 bar=0 suppressed=0 wide_skips=0 served=0.0MB copied=0.0MB ssd_avoided=0.0GB live=0/0.0GB model=0 protected=0 declined=0 topup_suppressed=0 aged=0 into=0/0/0 pending=0
[mirror-split] internal=0 K3C=0 K3B=0 K3A=0  shares=0%/0%/0%/0%
[phases] mono=393411.629783 chunks=40 sequence=89.010s read_wait=0.171s bind_upload=1.646s attention_resident=4.865s expert_read_prefetch=40.935s expert_demand_read=24.797s expert_plan=2.298s expert_hint=0.000s expert_submit=0.000s expert_kernel=40.678s source_fence=0.000s tail_head_sync=0.577s layer_other=0.101s expert_read_gross=38.636s plan_hint=2.229s plan_sched=0.068s attn_total=4.856s attn_encode=1.862s attn_wait=2.347s attn_drain=0.647s kernel_total=16.352s kernel_host=0.587s kernel_wait=2.902s kernel_drain=12.862s
[attn-split] single: calls=3627 total=2.740s encode=1.240s wait=0.853s drain=0.647s waits=6279 untimed=983 | wide: calls=93 total=2.116s encode=0.622s wait=1.494s drain=0.000s waits=92 untimed=92 | hint: calls=3680 total=2.227s encode=0.009s wait=2.218s drain=0.000s waits=3549 untimed=3549
[kernel-split] single: calls=3935 total=13.197s encode=0.391s wait=0.173s drain=12.633s waits=4225 untimed=3343 | wide: calls=550 total=3.155s encode=0.196s wait=2.729s drain=0.230s waits=550 untimed=0
[kernel-sub] materialize=0.072s moe=3.330s precommit=12.664s rest=0.286s
[metal-cache] calls=7418 zero_copy_wraps=233 copies=0 cache_entries=112 bindless=true
 exactly
[stats] generated=41 elapsed=90.546s speed=0.4528 token/s (2.208 s/token) chunks=41 committed_rows=78 verify_tx=0 drafts=0/0 layer_passes=3813 expert_rows=7176 expert_tiles=4243
[opens] expert file opens=153434 total=2.243s mean=0.015ms requested_bytes=1966621490368 (1966.6 GB)
[arrival] tiles=603 waves=942 uncovered_wait=24.318s dispatch=3.502s
[retain] enabled=false cap_gb=8 layers=63..=92 consults=0 wanted=0 hits=0 inserts=0 served=0.0MB
[summer] enabled=false cap_gb=8 sample=16 consults=0 wanted=0 hits=0 hit_rate=0.0% misses=0 inserts=0 evictions=0 recycled=0 allocs=0 pin_skips=0 gated=0 ramp=2..50 bar=0 suppressed=0 wide_skips=0 served=0.0MB copied=0.0MB ssd_avoided=0.0GB live=0/0.0GB model=0 protected=0 declined=0 topup_suppressed=0 aged=0 into=0/0/0 pending=0
[mirror-split] internal=0 K3C=0 K3B=0 K3A=0  shares=0%/0%/0%/0%
[phases] mono=393413.127767 chunks=41 sequence=90.508s read_wait=0.171s bind_upload=1.646s attention_resident=4.940s expert_read_prefetch=42.014s expert_demand_read=25.482s expert_plan=2.352s expert_hint=0.000s expert_submit=0.000s expert_kernel=41.005s source_fence=0.000s tail_head_sync=0.590s layer_other=0.102s expert_read_gross=39.662s plan_hint=2.282s plan_sched=0.070s attn_total=4.932s attn_encode=1.887s attn_wait=2.386s attn_drain=0.659s kernel_total=16.669s kernel_host=0.596s kernel_wait=2.907s kernel_drain=13.166s
[attn-split] single: calls=3720 total=2.816s encode=1.265s wait=0.891s drain=0.659s waits=6440 untimed=1016 | wide: calls=93 total=2.116s encode=0.622s wait=1.494s drain=0.000s waits=92 untimed=92 | hint: calls=3772 total=2.280s encode=0.009s wait=2.270s drain=0.000s waits=3640 untimed=3640
[kernel-split] single: calls=4032 total=13.514s encode=0.400s wait=0.178s drain=12.936s waits=4328 untimed=3424 | wide: calls=550 total=3.155s encode=0.196s wait=2.729s drain=0.230s waits=550 untimed=0
[kernel-sub] materialize=0.072s moe=3.337s precommit=12.969s rest=0.290s
[metal-cache] calls=7515 zero_copy_wraps=233 copies=0 cache_entries=112 bindless=true
 one
[stats] generated=42 elapsed=92.077s speed=0.4561 token/s (2.192 s/token) chunks=42 committed_rows=79 verify_tx=0 drafts=0/0 layer_passes=3906 expert_rows=7268 expert_tiles=4335
[opens] expert file opens=157275 total=2.315s mean=0.015ms requested_bytes=2000338599104 (2000.3 GB)
[arrival] tiles=604 waves=949 uncovered_wait=24.329s dispatch=3.511s
[retain] enabled=false cap_gb=8 layers=63..=92 consults=0 wanted=0 hits=0 inserts=0 served=0.0MB
[summer] enabled=false cap_gb=8 sample=16 consults=0 wanted=0 hits=0 hit_rate=0.0% misses=0 inserts=0 evictions=0 recycled=0 allocs=0 pin_skips=0 gated=0 ramp=2..50 bar=0 suppressed=0 wide_skips=0 served=0.0MB copied=0.0MB ssd_avoided=0.0GB live=0/0.0GB model=0 protected=0 declined=0 topup_suppressed=0 aged=0 into=0/0/0 pending=0
[mirror-split] internal=0 K3C=0 K3B=0 K3A=0  shares=0%/0%/0%/0%
[phases] mono=393414.658189 chunks=42 sequence=92.037s read_wait=0.171s bind_upload=1.646s attention_resident=5.016s expert_read_prefetch=43.117s expert_demand_read=26.138s expert_plan=2.412s expert_hint=0.000s expert_submit=0.000s expert_kernel=41.341s source_fence=0.000s tail_head_sync=0.604s layer_other=0.104s expert_read_gross=40.704s plan_hint=2.341s plan_sched=0.070s attn_total=5.008s attn_encode=1.921s attn_wait=2.415s attn_drain=0.671s kernel_total=16.993s kernel_host=0.605s kernel_wait=2.913s kernel_drain=13.475s
[attn-split] single: calls=3813 total=2.891s encode=1.299s wait=0.921s drain=0.671s waits=6601 untimed=1047 | wide: calls=93 total=2.116s encode=0.622s wait=1.494s drain=0.000s waits=92 untimed=92 | hint: calls=3864 total=2.338s encode=0.010s wait=2.329s drain=0.000s waits=3731 untimed=3731
[kernel-split] single: calls=4130 total=13.838s encode=0.409s wait=0.183s drain=13.245s waits=4433 untimed=3510 | wide: calls=550 total=3.155s encode=0.196s wait=2.729s drain=0.230s waits=550 untimed=0
[kernel-sub] materialize=0.072s moe=3.346s precommit=13.280s rest=0.295s
[metal-cache] calls=7613 zero_copy_wraps=233 copies=0 cache_entries=112 bindless=true
[route-chain] chained=2760
[route-chain] dedup_hits=2760
 night
[stats] generated=43 elapsed=93.549s speed=0.4597 token/s (2.176 s/token) chunks=43 committed_rows=80 verify_tx=0 drafts=0/0 layer_passes=3999 expert_rows=7360 expert_tiles=4427
[opens] expert file opens=161132 total=2.368s mean=0.015ms requested_bytes=2034161040576 (2034.2 GB)
[arrival] tiles=605 waves=957 uncovered_wait=24.340s dispatch=3.521s
[retain] enabled=false cap_gb=8 layers=63..=92 consults=0 wanted=0 hits=0 inserts=0 served=0.0MB
[summer] enabled=false cap_gb=8 sample=16 consults=0 wanted=0 hits=0 hit_rate=0.0% misses=0 inserts=0 evictions=0 recycled=0 allocs=0 pin_skips=0 gated=0 ramp=2..50 bar=0 suppressed=0 wide_skips=0 served=0.0MB copied=0.0MB ssd_avoided=0.0GB live=0/0.0GB model=0 protected=0 declined=0 topup_suppressed=0 aged=0 into=0/0/0 pending=0
[mirror-split] internal=0 K3C=0 K3B=0 K3A=0  shares=0%/0%/0%/0%
[phases] mono=393416.130438 chunks=43 sequence=93.508s read_wait=0.171s bind_upload=1.646s attention_resident=5.084s expert_read_prefetch=44.136s expert_demand_read=26.712s expert_plan=2.476s expert_hint=0.000s expert_submit=0.000s expert_kernel=41.710s source_fence=0.000s tail_head_sync=0.616s layer_other=0.105s expert_read_gross=41.660s plan_hint=2.403s plan_sched=0.072s attn_total=5.076s attn_encode=1.948s attn_wait=2.439s attn_drain=0.689s kernel_total=17.352s kernel_host=0.616s kernel_wait=2.918s kernel_drain=13.818s
[attn-split] single: calls=3906 total=2.959s encode=1.326s wait=0.944s drain=0.689s waits=6762 untimed=1077 | wide: calls=93 total=2.116s encode=0.622s wait=1.494s drain=0.000s waits=92 untimed=92 | hint: calls=3956 total=2.401s encode=0.010s wait=2.391s drain=0.000s waits=3822 untimed=3822
[kernel-split] single: calls=4229 total=14.196s encode=0.420s wait=0.188s drain=13.588s waits=4540 untimed=3594 | wide: calls=550 total=3.155s encode=0.196s wait=2.729s drain=0.230s waits=550 untimed=0
[kernel-sub] materialize=0.072s moe=3.355s precommit=13.624s rest=0.300s
[metal-cache] calls=7712 zero_copy_wraps=233 copies=0 cache_entries=112 bindless=true
 at
[stats] generated=44 elapsed=95.021s speed=0.4631 token/s (2.160 s/token) chunks=44 committed_rows=81 verify_tx=0 drafts=0/0 layer_passes=4092 expert_rows=7452 expert_tiles=4519
[opens] expert file opens=164925 total=2.429s mean=0.015ms requested_bytes=2067448233152 (2067.4 GB)
[arrival] tiles=606 waves=964 uncovered_wait=24.350s dispatch=3.527s
[retain] enabled=false cap_gb=8 layers=63..=92 consults=0 wanted=0 hits=0 inserts=0 served=0.0MB
[summer] enabled=false cap_gb=8 sample=16 consults=0 wanted=0 hits=0 hit_rate=0.0% misses=0 inserts=0 evictions=0 recycled=0 allocs=0 pin_skips=0 gated=0 ramp=2..50 bar=0 suppressed=0 wide_skips=0 served=0.0MB copied=0.0MB ssd_avoided=0.0GB live=0/0.0GB model=0 protected=0 declined=0 topup_suppressed=0 aged=0 into=0/0/0 pending=0
[mirror-split] internal=0 K3C=0 K3B=0 K3A=0  shares=0%/0%/0%/0%
[phases] mono=393417.602621 chunks=44 sequence=94.979s read_wait=0.171s bind_upload=1.646s attention_resident=5.146s expert_read_prefetch=45.174s expert_demand_read=27.348s expert_plan=2.539s expert_hint=0.000s expert_submit=0.000s expert_kernel=42.066s source_fence=0.000s tail_head_sync=0.630s layer_other=0.107s expert_read_gross=42.634s plan_hint=2.465s plan_sched=0.073s attn_total=5.137s attn_encode=1.975s attn_wait=2.454s attn_drain=0.708s kernel_total=17.696s kernel_host=0.626s kernel_wait=2.921s kernel_drain=14.150s
[attn-split] single: calls=3999 total=3.021s encode=1.353s wait=0.960s drain=0.708s waits=6923 untimed=1098 | wide: calls=93 total=2.116s encode=0.622s wait=1.494s drain=0.000s waits=92 untimed=92 | hint: calls=4048 total=2.463s encode=0.010s wait=2.453s drain=0.000s waits=3913 untimed=3913
[kernel-split] single: calls=4327 total=14.541s encode=0.430s wait=0.191s drain=13.920s waits=4645 untimed=3675 | wide: calls=550 total=3.155s encode=0.196s wait=2.729s drain=0.230s waits=550 untimed=0
[kernel-sub] materialize=0.072s moe=3.361s precommit=13.958s rest=0.305s
[metal-cache] calls=7810 zero_copy_wraps=233 copies=0 cache_entries=112 bindless=true
 the
[stats] generated=45 elapsed=96.516s speed=0.4662 token/s (2.145 s/token) chunks=45 committed_rows=82 verify_tx=0 drafts=0/0 layer_passes=4185 expert_rows=7544 expert_tiles=4611
[opens] expert file opens=168724 total=2.479s mean=0.015ms requested_bytes=2100796865728 (2100.8 GB)
[arrival] tiles=607 waves=972 uncovered_wait=24.365s dispatch=3.534s
[retain] enabled=false cap_gb=8 layers=63..=92 consults=0 wanted=0 hits=0 inserts=0 served=0.0MB
[summer] enabled=false cap_gb=8 sample=16 consults=0 wanted=0 hits=0 hit_rate=0.0% misses=0 inserts=0 evictions=0 recycled=0 allocs=0 pin_skips=0 gated=0 ramp=2..50 bar=0 suppressed=0 wide_skips=0 served=0.0MB copied=0.0MB ssd_avoided=0.0GB live=0/0.0GB model=0 protected=0 declined=0 topup_suppressed=0 aged=0 into=0/0/0 pending=0
[mirror-split] internal=0 K3C=0 K3B=0 K3A=0  shares=0%/0%/0%/0%
[phases] mono=393419.097464 chunks=45 sequence=96.472s read_wait=0.171s bind_upload=1.646s attention_resident=5.209s expert_read_prefetch=46.250s expert_demand_read=27.937s expert_plan=2.607s expert_hint=0.000s expert_submit=0.000s expert_kernel=42.403s source_fence=0.000s tail_head_sync=0.646s layer_other=0.108s expert_read_gross=43.643s plan_hint=2.532s plan_sched=0.074s attn_total=5.200s attn_encode=2.001s attn_wait=2.479s attn_drain=0.719s kernel_total=18.019s kernel_host=0.635s kernel_wait=2.925s kernel_drain=14.459s
[attn-split] single: calls=4092 total=3.084s encode=1.380s wait=0.985s drain=0.719s waits=7084 untimed=1137 | wide: calls=93 total=2.116s encode=0.622s wait=1.494s drain=0.000s waits=92 untimed=92 | hint: calls=4140 total=2.530s encode=0.010s wait=2.520s drain=0.000s waits=4004 untimed=4004
[kernel-split] single: calls=4426 total=14.864s encode=0.439s wait=0.196s drain=14.230s waits=4752 untimed=3763 | wide: calls=550 total=3.155s encode=0.196s wait=2.729s drain=0.230s waits=550 untimed=0
[kernel-sub] materialize=0.072s moe=3.368s precommit=14.269s rest=0.310s
[metal-cache] calls=7909 zero_copy_wraps=233 copies=0 cache_entries=112 bindless=true
 Casino
[stats] generated=46 elapsed=98.092s speed=0.4689 token/s (2.132 s/token) chunks=46 committed_rows=83 verify_tx=0 drafts=0/0 layer_passes=4278 expert_rows=7636 expert_tiles=4703
[opens] expert file opens=172729 total=2.536s mean=0.015ms requested_bytes=2135917771968 (2135.9 GB)
[arrival] tiles=608 waves=978 uncovered_wait=24.380s dispatch=3.542s
[retain] enabled=false cap_gb=8 layers=63..=92 consults=0 wanted=0 hits=0 inserts=0 served=0.0MB
[summer] enabled=false cap_gb=8 sample=16 consults=0 wanted=0 hits=0 hit_rate=0.0% misses=0 inserts=0 evictions=0 recycled=0 allocs=0 pin_skips=0 gated=0 ramp=2..50 bar=0 suppressed=0 wide_skips=0 served=0.0MB copied=0.0MB ssd_avoided=0.0GB live=0/0.0GB model=0 protected=0 declined=0 topup_suppressed=0 aged=0 into=0/0/0 pending=0
[mirror-split] internal=0 K3C=0 K3B=0 K3A=0  shares=0%/0%/0%/0%
[phases] mono=393420.674157 chunks=46 sequence=98.048s read_wait=0.171s bind_upload=1.646s attention_resident=5.286s expert_read_prefetch=47.376s expert_demand_read=28.618s expert_plan=2.661s expert_hint=0.000s expert_submit=0.000s expert_kernel=42.758s source_fence=0.000s tail_head_sync=0.662s layer_other=0.109s expert_read_gross=44.715s plan_hint=2.585s plan_sched=0.075s attn_total=5.277s attn_encode=2.042s attn_wait=2.501s attn_drain=0.734s kernel_total=18.359s kernel_host=0.644s kernel_wait=2.930s kernel_drain=14.785s
[attn-split] single: calls=4185 total=3.161s encode=1.420s wait=1.007s drain=0.734s waits=7245 untimed=1160 | wide: calls=93 total=2.116s encode=0.622s wait=1.494s drain=0.000s waits=92 untimed=92 | hint: calls=4232 total=2.582s encode=0.010s wait=2.572s drain=0.000s waits=4095 untimed=4095
[kernel-split] single: calls=4523 total=15.204s encode=0.448s wait=0.200s drain=14.555s waits=4855 untimed=3852 | wide: calls=550 total=3.155s encode=0.196s wait=2.729s drain=0.230s waits=550 untimed=0
[kernel-sub] materialize=0.072s moe=3.376s precommit=14.596s rest=0.315s
[metal-cache] calls=8006 zero_copy_wraps=233 copies=0 cache_entries=112 bindless=true
 de
[stats] generated=47 elapsed=99.487s speed=0.4724 token/s (2.117 s/token) chunks=47 committed_rows=84 verify_tx=0 drafts=0/0 layer_passes=4371 expert_rows=7728 expert_tiles=4795
[opens] expert file opens=176498 total=2.599s mean=0.015ms requested_bytes=2168994380992 (2169.0 GB)
[arrival] tiles=609 waves=984 uncovered_wait=24.389s dispatch=3.549s
[retain] enabled=false cap_gb=8 layers=63..=92 consults=0 wanted=0 hits=0 inserts=0 served=0.0MB
[summer] enabled=false cap_gb=8 sample=16 consults=0 wanted=0 hits=0 hit_rate=0.0% misses=0 inserts=0 evictions=0 recycled=0 allocs=0 pin_skips=0 gated=0 ramp=2..50 bar=0 suppressed=0 wide_skips=0 served=0.0MB copied=0.0MB ssd_avoided=0.0GB live=0/0.0GB model=0 protected=0 declined=0 topup_suppressed=0 aged=0 into=0/0/0 pending=0
[mirror-split] internal=0 K3C=0 K3B=0 K3A=0  shares=0%/0%/0%/0%
[phases] mono=393422.068893 chunks=47 sequence=99.442s read_wait=0.171s bind_upload=1.646s attention_resident=5.347s expert_read_prefetch=48.344s expert_demand_read=29.211s expert_plan=2.725s expert_hint=0.000s expert_submit=0.000s expert_kernel=43.105s source_fence=0.000s tail_head_sync=0.679s layer_other=0.111s expert_read_gross=45.618s plan_hint=2.648s plan_sched=0.076s attn_total=5.337s attn_encode=2.064s attn_wait=2.520s attn_drain=0.753s kernel_total=18.696s kernel_host=0.654s kernel_wait=2.934s kernel_drain=15.108s
[attn-split] single: calls=4278 total=3.221s encode=1.442s wait=1.026s drain=0.753s waits=7406 untimed=1180 | wide: calls=93 total=2.116s encode=0.622s wait=1.494s drain=0.000s waits=92 untimed=92 | hint: calls=4324 total=2.646s encode=0.011s wait=2.635s drain=0.000s waits=4186 untimed=4186
[kernel-split] single: calls=4620 total=15.541s encode=0.458s wait=0.205s drain=14.878s waits=4958 untimed=3932 | wide: calls=550 total=3.155s encode=0.196s wait=2.729s drain=0.230s waits=550 untimed=0
[kernel-sub] materialize=0.072s moe=3.383s precommit=14.921s rest=0.320s
[metal-cache] calls=8103 zero_copy_wraps=233 copies=0 cache_entries=112 bindless=true
 Monte
[stats] generated=48 elapsed=100.921s speed=0.4756 token/s (2.103 s/token) chunks=48 committed_rows=85 verify_tx=0 drafts=0/0 layer_passes=4464 expert_rows=7820 expert_tiles=4887
[opens] expert file opens=180199 total=2.652s mean=0.015ms requested_bytes=2201404275904 (2201.4 GB)
[arrival] tiles=610 waves=991 uncovered_wait=24.401s dispatch=3.555s
[retain] enabled=false cap_gb=8 layers=63..=92 consults=0 wanted=0 hits=0 inserts=0 served=0.0MB
[summer] enabled=false cap_gb=8 sample=16 consults=0 wanted=0 hits=0 hit_rate=0.0% misses=0 inserts=0 evictions=0 recycled=0 allocs=0 pin_skips=0 gated=0 ramp=2..50 bar=0 suppressed=0 wide_skips=0 served=0.0MB copied=0.0MB ssd_avoided=0.0GB live=0/0.0GB model=0 protected=0 declined=0 topup_suppressed=0 aged=0 into=0/0/0 pending=0
[mirror-split] internal=0 K3C=0 K3B=0 K3A=0  shares=0%/0%/0%/0%
[phases] mono=393423.502402 chunks=48 sequence=100.875s read_wait=0.171s bind_upload=1.646s attention_resident=5.405s expert_read_prefetch=49.377s expert_demand_read=29.853s expert_plan=2.777s expert_hint=0.000s expert_submit=0.000s expert_kernel=43.431s source_fence=0.000s tail_head_sync=0.693s layer_other=0.112s expert_read_gross=46.599s plan_hint=2.700s plan_sched=0.077s attn_total=5.395s attn_encode=2.087s attn_wait=2.537s attn_drain=0.771s kernel_total=19.010s kernel_host=0.663s kernel_wait=2.937s kernel_drain=15.410s
[attn-split] single: calls=4371 total=3.279s encode=1.465s wait=1.043s drain=0.771s waits=7567 untimed=1209 | wide: calls=93 total=2.116s encode=0.622s wait=1.494s drain=0.000s waits=92 untimed=92 | hint: calls=4416 total=2.697s encode=0.011s wait=2.686s drain=0.000s waits=4277 untimed=4277
[kernel-split] single: calls=4718 total=15.855s encode=0.467s wait=0.208s drain=15.180s waits=5063 untimed=4014 | wide: calls=550 total=3.155s encode=0.196s wait=2.729s drain=0.230s waits=550 untimed=0
[kernel-sub] materialize=0.072s moe=3.389s precommit=15.225s rest=0.325s
[metal-cache] calls=8201 zero_copy_wraps=233 copies=0 cache_entries=112 bindless=true
-C
[stats] generated=49 elapsed=102.349s speed=0.4788 token/s (2.089 s/token) chunks=49 committed_rows=86 verify_tx=0 drafts=0/0 layer_passes=4557 expert_rows=7912 expert_tiles=4979
[opens] expert file opens=184019 total=2.703s mean=0.015ms requested_bytes=2234893302976 (2234.9 GB)
[arrival] tiles=611 waves=998 uncovered_wait=24.412s dispatch=3.561s
[retain] enabled=false cap_gb=8 layers=63..=92 consults=0 wanted=0 hits=0 inserts=0 served=0.0MB
[summer] enabled=false cap_gb=8 sample=16 consults=0 wanted=0 hits=0 hit_rate=0.0% misses=0 inserts=0 evictions=0 recycled=0 allocs=0 pin_skips=0 gated=0 ramp=2..50 bar=0 suppressed=0 wide_skips=0 served=0.0MB copied=0.0MB ssd_avoided=0.0GB live=0/0.0GB model=0 protected=0 declined=0 topup_suppressed=0 aged=0 into=0/0/0 pending=0
[mirror-split] internal=0 K3C=0 K3B=0 K3A=0  shares=0%/0%/0%/0%
[phases] mono=393424.930536 chunks=49 sequence=102.302s read_wait=0.171s bind_upload=1.646s attention_resident=5.468s expert_read_prefetch=50.392s expert_demand_read=30.497s expert_plan=2.823s expert_hint=0.000s expert_submit=0.000s expert_kernel=43.766s source_fence=0.000s tail_head_sync=0.706s layer_other=0.114s expert_read_gross=47.569s plan_hint=2.744s plan_sched=0.078s attn_total=5.458s attn_encode=2.113s attn_wait=2.556s attn_drain=0.789s kernel_total=19.334s kernel_host=0.672s kernel_wait=2.941s kernel_drain=15.721s
[attn-split] single: calls=4464 total=3.341s encode=1.491s wait=1.061s drain=0.789s waits=7728 untimed=1230 | wide: calls=93 total=2.116s encode=0.622s wait=1.494s drain=0.000s waits=92 untimed=92 | hint: calls=4508 total=2.741s encode=0.011s wait=2.730s drain=0.000s waits=4368 untimed=4368
[kernel-split] single: calls=4816 total=16.179s encode=0.476s wait=0.211s drain=15.491s waits=5168 untimed=4082 | wide: calls=550 total=3.155s encode=0.196s wait=2.729s drain=0.230s waits=550 untimed=0
[kernel-sub] materialize=0.072s moe=3.395s precommit=15.537s rest=0.329s
[metal-cache] calls=8299 zero_copy_wraps=233 copies=0 cache_entries=112 bindless=true
arlo
[stats] generated=50 elapsed=103.840s speed=0.4815 token/s (2.077 s/token) chunks=50 committed_rows=87 verify_tx=0 drafts=0/0 layer_passes=4650 expert_rows=8004 expert_tiles=5071
[opens] expert file opens=187822 total=2.771s mean=0.015ms requested_bytes=2268233186496 (2268.2 GB)
[arrival] tiles=612 waves=1005 uncovered_wait=24.423s dispatch=3.567s
[retain] enabled=false cap_gb=8 layers=63..=92 consults=0 wanted=0 hits=0 inserts=0 served=0.0MB
[summer] enabled=false cap_gb=8 sample=16 consults=0 wanted=0 hits=0 hit_rate=0.0% misses=0 inserts=0 evictions=0 recycled=0 allocs=0 pin_skips=0 gated=0 ramp=2..50 bar=0 suppressed=0 wide_skips=0 served=0.0MB copied=0.0MB ssd_avoided=0.0GB live=0/0.0GB model=0 protected=0 declined=0 topup_suppressed=0 aged=0 into=0/0/0 pending=0
[mirror-split] internal=0 K3C=0 K3B=0 K3A=0  shares=0%/0%/0%/0%
[phases] mono=393426.421939 chunks=50 sequence=103.792s read_wait=0.171s bind_upload=1.646s attention_resident=5.559s expert_read_prefetch=51.420s expert_demand_read=31.112s expert_plan=2.873s expert_hint=0.000s expert_submit=0.000s expert_kernel=44.120s source_fence=0.000s tail_head_sync=0.720s layer_other=0.115s expert_read_gross=48.547s plan_hint=2.793s plan_sched=0.079s attn_total=5.549s attn_encode=2.166s attn_wait=2.575s attn_drain=0.809s kernel_total=19.676s kernel_host=0.682s kernel_wait=2.944s kernel_drain=16.050s
[attn-split] single: calls=4557 total=3.433s encode=1.544s wait=1.080s drain=0.809s waits=7889 untimed=1251 | wide: calls=93 total=2.116s encode=0.622s wait=1.494s drain=0.000s waits=92 untimed=92 | hint: calls=4600 total=2.790s encode=0.011s wait=2.779s drain=0.000s waits=4459 untimed=4459
[kernel-split] single: calls=4914 total=16.521s encode=0.487s wait=0.214s drain=15.820s waits=5273 untimed=4163 | wide: calls=550 total=3.155s encode=0.196s wait=2.729s drain=0.230s waits=550 untimed=0
[kernel-sub] materialize=0.072s moe=3.401s precommit=15.868s rest=0.335s
[metal-cache] calls=8397 zero_copy_wraps=233 copies=0 cache_entries=112 bindless=true
's
[stats] generated=51 elapsed=105.296s speed=0.4843 token/s (2.065 s/token) chunks=51 committed_rows=88 verify_tx=0 drafts=0/0 layer_passes=4743 expert_rows=8096 expert_tiles=5163
[opens] expert file opens=191649 total=2.821s mean=0.015ms requested_bytes=2301774871744 (2301.8 GB)
[arrival] tiles=613 waves=1013 uncovered_wait=24.434s dispatch=3.575s
[retain] enabled=false cap_gb=8 layers=63..=92 consults=0 wanted=0 hits=0 inserts=0 served=0.0MB
[summer] enabled=false cap_gb=8 sample=16 consults=0 wanted=0 hits=0 hit_rate=0.0% misses=0 inserts=0 evictions=0 recycled=0 allocs=0 pin_skips=0 gated=0 ramp=2..50 bar=0 suppressed=0 wide_skips=0 served=0.0MB copied=0.0MB ssd_avoided=0.0GB live=0/0.0GB model=0 protected=0 declined=0 topup_suppressed=0 aged=0 into=0/0/0 pending=0
[mirror-split] internal=0 K3C=0 K3B=0 K3A=0  shares=0%/0%/0%/0%
[phases] mono=393427.877545 chunks=51 sequence=105.246s read_wait=0.171s bind_upload=1.646s attention_resident=5.620s expert_read_prefetch=52.461s expert_demand_read=31.787s expert_plan=2.928s expert_hint=0.000s expert_submit=0.000s expert_kernel=44.457s source_fence=0.000s tail_head_sync=0.734s layer_other=0.117s expert_read_gross=49.533s plan_hint=2.846s plan_sched=0.080s attn_total=5.609s attn_encode=2.192s attn_wait=2.595s attn_drain=0.822s kernel_total=20.001s kernel_host=0.692s kernel_wait=2.948s kernel_drain=16.362s
[attn-split] single: calls=4650 total=3.493s encode=1.570s wait=1.101s drain=0.822s waits=8050 untimed=1278 | wide: calls=93 total=2.116s encode=0.622s wait=1.494s drain=0.000s waits=92 untimed=92 | hint: calls=4692 total=2.844s encode=0.012s wait=2.832s drain=0.000s waits=4550 untimed=4550
[kernel-split] single: calls=5013 total=16.846s encode=0.496s wait=0.218s drain=16.132s waits=5380 untimed=4250 | wide: calls=550 total=3.155s encode=0.196s wait=2.729s drain=0.230s waits=550 untimed=0
[kernel-sub] materialize=0.072s moe=3.408s precommit=16.181s rest=0.340s
[metal-cache] calls=8496 zero_copy_wraps=233 copies=0 cache_entries=112 bindless=true
 inv
[stats] generated=52 elapsed=106.776s speed=0.4870 token/s (2.053 s/token) chunks=52 committed_rows=89 verify_tx=0 drafts=0/0 layer_passes=4836 expert_rows=8188 expert_tiles=5255
[opens] expert file opens=195470 total=2.878s mean=0.015ms requested_bytes=2335263898816 (2335.3 GB)
[arrival] tiles=614 waves=1018 uncovered_wait=24.443s dispatch=3.581s
[retain] enabled=false cap_gb=8 layers=63..=92 consults=0 wanted=0 hits=0 inserts=0 served=0.0MB
[summer] enabled=false cap_gb=8 sample=16 consults=0 wanted=0 hits=0 hit_rate=0.0% misses=0 inserts=0 evictions=0 recycled=0 allocs=0 pin_skips=0 gated=0 ramp=2..50 bar=0 suppressed=0 wide_skips=0 served=0.0MB copied=0.0MB ssd_avoided=0.0GB live=0/0.0GB model=0 protected=0 declined=0 topup_suppressed=0 aged=0 into=0/0/0 pending=0
[mirror-split] internal=0 K3C=0 K3B=0 K3A=0  shares=0%/0%/0%/0%
[phases] mono=393429.357632 chunks=52 sequence=106.725s read_wait=0.171s bind_upload=1.646s attention_resident=5.680s expert_read_prefetch=53.519s expert_demand_read=32.406s expert_plan=2.985s expert_hint=0.000s expert_submit=0.000s expert_kernel=44.799s source_fence=0.000s tail_head_sync=0.751s layer_other=0.118s expert_read_gross=50.534s plan_hint=2.902s plan_sched=0.081s attn_total=5.670s attn_encode=2.214s attn_wait=2.616s attn_drain=0.840s kernel_total=20.335s kernel_host=0.701s kernel_wait=2.951s kernel_drain=16.683s
[attn-split] single: calls=4743 total=3.553s encode=1.592s wait=1.122s drain=0.840s waits=8211 untimed=1298 | wide: calls=93 total=2.116s encode=0.622s wait=1.494s drain=0.000s waits=92 untimed=92 | hint: calls=4784 total=2.900s encode=0.012s wait=2.888s drain=0.000s waits=4641 untimed=4641
[kernel-split] single: calls=5109 total=17.180s encode=0.505s wait=0.222s drain=16.453s waits=5481 untimed=4335 | wide: calls=550 total=3.155s encode=0.196s wait=2.729s drain=0.230s waits=550 untimed=0
[kernel-sub] materialize=0.072s moe=3.414s precommit=16.504s rest=0.345s
[metal-cache] calls=8592 zero_copy_wraps=233 copies=0 cache_entries=112 bindless=true
itational
[stats] generated=53 elapsed=108.268s speed=0.4895 token/s (2.043 s/token) chunks=53 committed_rows=90 verify_tx=0 drafts=0/0 layer_passes=4929 expert_rows=8280 expert_tiles=5347
[opens] expert file opens=199397 total=2.931s mean=0.015ms requested_bytes=2369700461760 (2369.7 GB)
[arrival] tiles=615 waves=1025 uncovered_wait=24.457s dispatch=3.587s
[retain] enabled=false cap_gb=8 layers=63..=92 consults=0 wanted=0 hits=0 inserts=0 served=0.0MB
[summer] enabled=false cap_gb=8 sample=16 consults=0 wanted=0 hits=0 hit_rate=0.0% misses=0 inserts=0 evictions=0 recycled=0 allocs=0 pin_skips=0 gated=0 ramp=2..50 bar=0 suppressed=0 wide_skips=0 served=0.0MB copied=0.0MB ssd_avoided=0.0GB live=0/0.0GB model=0 protected=0 declined=0 topup_suppressed=0 aged=0 into=0/0/0 pending=0
[mirror-split] internal=0 K3C=0 K3B=0 K3A=0  shares=0%/0%/0%/0%
[phases] mono=393430.850213 chunks=53 sequence=108.217s read_wait=0.171s bind_upload=1.646s attention_resident=5.744s expert_read_prefetch=54.570s expert_demand_read=33.028s expert_plan=3.045s expert_hint=0.000s expert_submit=0.000s expert_kernel=45.158s source_fence=0.000s tail_head_sync=0.767s layer_other=0.120s expert_read_gross=51.525s plan_hint=2.962s plan_sched=0.082s attn_total=5.733s attn_encode=2.240s attn_wait=2.639s attn_drain=0.854s kernel_total=20.680s kernel_host=0.710s kernel_wait=2.954s kernel_drain=17.015s
[attn-split] single: calls=4836 total=3.617s encode=1.618s wait=1.144s drain=0.854s waits=8372 untimed=1319 | wide: calls=93 total=2.116s encode=0.622s wait=1.494s drain=0.000s waits=92 untimed=92 | hint: calls=4876 total=2.959s encode=0.012s wait=2.947s drain=0.000s waits=4732 untimed=4732
[kernel-split] single: calls=5207 total=17.524s encode=0.514s wait=0.225s drain=16.785s waits=5586 untimed=4422 | wide: calls=550 total=3.155s encode=0.196s wait=2.729s drain=0.230s waits=550 untimed=0
[kernel-sub] materialize=0.072s moe=3.420s precommit=16.837s rest=0.350s
[metal-cache] calls=8690 zero_copy_wraps=233 copies=0 cache_entries=112 bindless=true
[route-chain] chained=3450
[route-chain] dedup_hits=3450
 gala
[stats] generated=54 elapsed=109.767s speed=0.4919 token/s (2.033 s/token) chunks=54 committed_rows=91 verify_tx=0 drafts=0/0 layer_passes=5022 expert_rows=8372 expert_tiles=5439
[opens] expert file opens=203257 total=2.990s mean=0.015ms requested_bytes=2403601808576 (2403.6 GB)
[arrival] tiles=616 waves=1033 uncovered_wait=24.471s dispatch=3.595s
[retain] enabled=false cap_gb=8 layers=63..=92 consults=0 wanted=0 hits=0 inserts=0 served=0.0MB
[summer] enabled=false cap_gb=8 sample=16 consults=0 wanted=0 hits=0 hit_rate=0.0% misses=0 inserts=0 evictions=0 recycled=0 allocs=0 pin_skips=0 gated=0 ramp=2..50 bar=0 suppressed=0 wide_skips=0 served=0.0MB copied=0.0MB ssd_avoided=0.0GB live=0/0.0GB model=0 protected=0 declined=0 topup_suppressed=0 aged=0 into=0/0/0 pending=0
[mirror-split] internal=0 K3C=0 K3B=0 K3A=0  shares=0%/0%/0%/0%
[phases] mono=393432.349105 chunks=54 sequence=109.715s read_wait=0.171s bind_upload=1.646s attention_resident=5.818s expert_read_prefetch=55.623s expert_demand_read=33.696s expert_plan=3.097s expert_hint=0.000s expert_submit=0.000s expert_kernel=45.514s source_fence=0.000s tail_head_sync=0.780s layer_other=0.122s expert_read_gross=52.526s plan_hint=3.012s plan_sched=0.083s attn_total=5.807s attn_encode=2.275s attn_wait=2.662s attn_drain=0.870s kernel_total=21.022s kernel_host=0.720s kernel_wait=2.959s kernel_drain=17.344s
[attn-split] single: calls=4929 total=3.691s encode=1.653s wait=1.168s drain=0.870s waits=8533 untimed=1345 | wide: calls=93 total=2.116s encode=0.622s wait=1.494s drain=0.000s waits=92 untimed=92 | hint: calls=4968 total=3.009s encode=0.012s wait=2.997s drain=0.000s waits=4823 untimed=4823
[kernel-split] single: calls=5306 total=17.867s encode=0.524s wait=0.229s drain=17.114s waits=5693 untimed=4502 | wide: calls=550 total=3.155s encode=0.196s wait=2.729s drain=0.230s waits=550 untimed=0
[kernel-sub] materialize=0.072s moe=3.428s precommit=17.167s rest=0.355s
[metal-cache] calls=8789 zero_copy_wraps=233 copies=0 cache_entries=112 bindless=true
.
[stats] generated=55 elapsed=111.266s speed=0.4943 token/s (2.023 s/token) chunks=55 committed_rows=92 verify_tx=0 drafts=0/0 layer_passes=5115 expert_rows=8464 expert_tiles=5531
[opens] expert file opens=207122 total=3.047s mean=0.015ms requested_bytes=2437529500864 (2437.5 GB)
[arrival] tiles=617 waves=1041 uncovered_wait=24.481s dispatch=3.602s
[retain] enabled=false cap_gb=8 layers=63..=92 consults=0 wanted=0 hits=0 inserts=0 served=0.0MB
[summer] enabled=false cap_gb=8 sample=16 consults=0 wanted=0 hits=0 hit_rate=0.0% misses=0 inserts=0 evictions=0 recycled=0 allocs=0 pin_skips=0 gated=0 ramp=2..50 bar=0 suppressed=0 wide_skips=0 served=0.0MB copied=0.0MB ssd_avoided=0.0GB live=0/0.0GB model=0 protected=0 declined=0 topup_suppressed=0 aged=0 into=0/0/0 pending=0
[mirror-split] internal=0 K3C=0 K3B=0 K3A=0  shares=0%/0%/0%/0%
[phases] mono=393433.847560 chunks=55 sequence=111.211s read_wait=0.171s bind_upload=1.646s attention_resident=5.884s expert_read_prefetch=56.697s expert_demand_read=34.349s expert_plan=3.155s expert_hint=0.000s expert_submit=0.000s expert_kernel=45.856s source_fence=0.000s tail_head_sync=0.793s layer_other=0.123s expert_read_gross=53.541s plan_hint=3.070s plan_sched=0.084s attn_total=5.872s attn_encode=2.302s attn_wait=2.685s attn_drain=0.885s kernel_total=21.354s kernel_host=0.729s kernel_wait=2.962s kernel_drain=17.662s
[attn-split] single: calls=5022 total=3.756s encode=1.680s wait=1.191s drain=0.885s waits=8694 untimed=1374 | wide: calls=93 total=2.116s encode=0.622s wait=1.494s drain=0.000s waits=92 untimed=92 | hint: calls=5060 total=3.067s encode=0.013s wait=3.054s drain=0.000s waits=4914 untimed=4914
[kernel-split] single: calls=5405 total=18.199s encode=0.533s wait=0.233s drain=17.432s waits=5800 untimed=4588 | wide: calls=550 total=3.155s encode=0.196s wait=2.729s drain=0.230s waits=550 untimed=0
[kernel-sub] materialize=0.072s moe=3.435s precommit=17.488s rest=0.360s
[metal-cache] calls=8888 zero_copy_wraps=233 copies=0 cache_entries=112 bindless=true
 Her
[stats] generated=56 elapsed=112.785s speed=0.4965 token/s (2.014 s/token) chunks=56 committed_rows=93 verify_tx=0 drafts=0/0 layer_passes=5208 expert_rows=8556 expert_tiles=5623
[opens] expert file opens=211032 total=3.105s mean=0.015ms requested_bytes=2471808138432 (2471.8 GB)
[arrival] tiles=618 waves=1049 uncovered_wait=24.497s dispatch=3.608s
[retain] enabled=false cap_gb=8 layers=63..=92 consults=0 wanted=0 hits=0 inserts=0 served=0.0MB
[summer] enabled=false cap_gb=8 sample=16 consults=0 wanted=0 hits=0 hit_rate=0.0% misses=0 inserts=0 evictions=0 recycled=0 allocs=0 pin_skips=0 gated=0 ramp=2..50 bar=0 suppressed=0 wide_skips=0 served=0.0MB copied=0.0MB ssd_avoided=0.0GB live=0/0.0GB model=0 protected=0 declined=0 topup_suppressed=0 aged=0 into=0/0/0 pending=0
[mirror-split] internal=0 K3C=0 K3B=0 K3A=0  shares=0%/0%/0%/0%
[phases] mono=393435.366990 chunks=56 sequence=112.729s read_wait=0.171s bind_upload=1.646s attention_resident=5.949s expert_read_prefetch=57.782s expert_demand_read=34.989s expert_plan=3.210s expert_hint=0.000s expert_submit=0.000s expert_kernel=46.207s source_fence=0.000s tail_head_sync=0.809s layer_other=0.125s expert_read_gross=54.571s plan_hint=3.123s plan_sched=0.085s attn_total=5.938s attn_encode=2.329s attn_wait=2.709s attn_drain=0.900s kernel_total=21.687s kernel_host=0.739s kernel_wait=2.966s kernel_drain=17.983s
[attn-split] single: calls=5115 total=3.822s encode=1.707s wait=1.214s drain=0.900s waits=8855 untimed=1406 | wide: calls=93 total=2.116s encode=0.622s wait=1.494s drain=0.000s waits=92 untimed=92 | hint: calls=5152 total=3.121s encode=0.013s wait=3.108s drain=0.000s waits=5005 untimed=5005
[kernel-split] single: calls=5504 total=18.532s encode=0.543s wait=0.237s drain=17.753s waits=5907 untimed=4680 | wide: calls=550 total=3.155s encode=0.196s wait=2.729s drain=0.230s waits=550 untimed=0
[kernel-sub] materialize=0.072s moe=3.441s precommit=17.809s rest=0.364s
[metal-cache] calls=8987 zero_copy_wraps=233 copies=0 cache_entries=112 bindless=true
 team
[stats] generated=57 elapsed=114.306s speed=0.4987 token/s (2.005 s/token) chunks=57 committed_rows=94 verify_tx=0 drafts=0/0 layer_passes=5301 expert_rows=8648 expert_tiles=5715
[opens] expert file opens=214937 total=3.162s mean=0.015ms requested_bytes=2506051681472 (2506.1 GB)
[arrival] tiles=619 waves=1057 uncovered_wait=24.509s dispatch=3.615s
[retain] enabled=false cap_gb=8 layers=63..=92 consults=0 wanted=0 hits=0 inserts=0 served=0.0MB
[summer] enabled=false cap_gb=8 sample=16 consults=0 wanted=0 hits=0 hit_rate=0.0% misses=0 inserts=0 evictions=0 recycled=0 allocs=0 pin_skips=0 gated=0 ramp=2..50 bar=0 suppressed=0 wide_skips=0 served=0.0MB copied=0.0MB ssd_avoided=0.0GB live=0/0.0GB model=0 protected=0 declined=0 topup_suppressed=0 aged=0 into=0/0/0 pending=0
[mirror-split] internal=0 K3C=0 K3B=0 K3A=0  shares=0%/0%/0%/0%
[phases] mono=393436.887466 chunks=57 sequence=114.248s read_wait=0.171s bind_upload=1.646s attention_resident=6.018s expert_read_prefetch=58.845s expert_demand_read=35.621s expert_plan=3.263s expert_hint=0.000s expert_submit=0.000s expert_kernel=46.575s source_fence=0.000s tail_head_sync=0.826s layer_other=0.127s expert_read_gross=55.582s plan_hint=3.175s plan_sched=0.086s attn_total=6.006s attn_encode=2.358s attn_wait=2.735s attn_drain=0.913s kernel_total=22.044s kernel_host=0.749s kernel_wait=2.969s kernel_drain=18.326s
[attn-split] single: calls=5208 total=3.890s encode=1.736s wait=1.241s drain=0.913s waits=9016 untimed=1425 | wide: calls=93 total=2.116s encode=0.622s wait=1.494s drain=0.000s waits=92 untimed=92 | hint: calls=5244 total=3.172s encode=0.013s wait=3.159s drain=0.000s waits=5096 untimed=5096
[kernel-split] single: calls=5603 total=18.889s encode=0.553s wait=0.240s drain=18.096s waits=6014 untimed=4764 | wide: calls=550 total=3.155s encode=0.196s wait=2.729s drain=0.230s waits=550 untimed=0
[kernel-sub] materialize=0.072s moe=3.448s precommit=18.154s rest=0.370s
[metal-cache] calls=9086 zero_copy_wraps=233 copies=0 cache_entries=112 bindless=true
 includes
[stats] generated=58 elapsed=115.780s speed=0.5009 token/s (1.996 s/token) chunks=58 committed_rows=95 verify_tx=0 drafts=0/0 layer_passes=5394 expert_rows=8740 expert_tiles=5807
[opens] expert file opens=218773 total=3.221s mean=0.015ms requested_bytes=2539707399360 (2539.7 GB)
[arrival] tiles=620 waves=1064 uncovered_wait=24.522s dispatch=3.622s
[retain] enabled=false cap_gb=8 layers=63..=92 consults=0 wanted=0 hits=0 inserts=0 served=0.0MB
[summer] enabled=false cap_gb=8 sample=16 consults=0 wanted=0 hits=0 hit_rate=0.0% misses=0 inserts=0 evictions=0 recycled=0 allocs=0 pin_skips=0 gated=0 ramp=2..50 bar=0 suppressed=0 wide_skips=0 served=0.0MB copied=0.0MB ssd_avoided=0.0GB live=0/0.0GB model=0 protected=0 declined=0 topup_suppressed=0 aged=0 into=0/0/0 pending=0
[mirror-split] internal=0 K3C=0 K3B=0 K3A=0  shares=0%/0%/0%/0%
[phases] mono=393438.361884 chunks=58 sequence=115.722s read_wait=0.171s bind_upload=1.646s attention_resident=6.096s expert_read_prefetch=59.879s expert_demand_read=36.235s expert_plan=3.320s expert_hint=0.000s expert_submit=0.000s expert_kernel=46.921s source_fence=0.000s tail_head_sync=0.839s layer_other=0.128s expert_read_gross=56.559s plan_hint=3.231s plan_sched=0.088s attn_total=6.085s attn_encode=2.399s attn_wait=2.756s attn_drain=0.929s kernel_total=22.376s kernel_host=0.759s kernel_wait=2.973s kernel_drain=18.645s
[attn-split] single: calls=5301 total=3.969s encode=1.777s wait=1.262s drain=0.929s waits=9177 untimed=1457 | wide: calls=93 total=2.116s encode=0.622s wait=1.494s drain=0.000s waits=92 untimed=92 | hint: calls=5336 total=3.228s encode=0.013s wait=3.214s drain=0.000s waits=5187 untimed=5187
[kernel-split] single: calls=5701 total=19.221s encode=0.563s wait=0.243s drain=18.415s waits=6119 untimed=4849 | wide: calls=550 total=3.155s encode=0.196s wait=2.729s drain=0.230s waits=550 untimed=0
[kernel-sub] materialize=0.072s moe=3.454s precommit=18.475s rest=0.375s
[metal-cache] calls=9184 zero_copy_wraps=233 copies=0 cache_entries=112 bindless=true
 a
[stats] generated=59 elapsed=117.252s speed=0.5032 token/s (1.987 s/token) chunks=59 committed_rows=96 verify_tx=0 drafts=0/0 layer_passes=5487 expert_rows=8832 expert_tiles=5899
[opens] expert file opens=222609 total=3.275s mean=0.015ms requested_bytes=2573363100864 (2573.4 GB)
[arrival] tiles=621 waves=1070 uncovered_wait=24.531s dispatch=3.630s
[retain] enabled=false cap_gb=8 layers=63..=92 consults=0 wanted=0 hits=0 inserts=0 served=0.0MB
[summer] enabled=false cap_gb=8 sample=16 consults=0 wanted=0 hits=0 hit_rate=0.0% misses=0 inserts=0 evictions=0 recycled=0 allocs=0 pin_skips=0 gated=0 ramp=2..50 bar=0 suppressed=0 wide_skips=0 served=0.0MB copied=0.0MB ssd_avoided=0.0GB live=0/0.0GB model=0 protected=0 declined=0 topup_suppressed=0 aged=0 into=0/0/0 pending=0
[mirror-split] internal=0 K3C=0 K3B=0 K3A=0  shares=0%/0%/0%/0%
[phases] mono=393439.834071 chunks=59 sequence=117.193s read_wait=0.171s bind_upload=1.646s attention_resident=6.164s expert_read_prefetch=60.919s expert_demand_read=36.868s expert_plan=3.379s expert_hint=0.000s expert_submit=0.000s expert_kernel=47.267s source_fence=0.000s tail_head_sync=0.856s layer_other=0.129s expert_read_gross=57.540s plan_hint=3.289s plan_sched=0.089s attn_total=6.152s attn_encode=2.423s attn_wait=2.783s attn_drain=0.946s kernel_total=22.713s kernel_host=0.769s kernel_wait=2.976s kernel_drain=18.968s
[attn-split] single: calls=5394 total=4.036s encode=1.801s wait=1.289s drain=0.946s waits=9338 untimed=1483 | wide: calls=93 total=2.116s encode=0.622s wait=1.494s drain=0.000s waits=92 untimed=92 | hint: calls=5428 total=3.285s encode=0.013s wait=3.272s drain=0.000s waits=5278 untimed=5278
[kernel-split] single: calls=5798 total=19.558s encode=0.573s wait=0.247s drain=18.738s waits=6222 untimed=4931 | wide: calls=550 total=3.155s encode=0.196s wait=2.729s drain=0.230s waits=550 untimed=0
[kernel-sub] materialize=0.072s moe=3.463s precommit=18.799s rest=0.380s
[metal-cache] calls=9281 zero_copy_wraps=233 copies=0 cache_entries=112 bindless=true
 dis
[stats] generated=60 elapsed=118.788s speed=0.5051 token/s (1.980 s/token) chunks=60 committed_rows=97 verify_tx=0 drafts=0/0 layer_passes=5580 expert_rows=8924 expert_tiles=5991
[opens] expert file opens=226483 total=3.329s mean=0.015ms requested_bytes=2607360965824 (2607.4 GB)
[arrival] tiles=622 waves=1076 uncovered_wait=24.543s dispatch=3.638s
[retain] enabled=false cap_gb=8 layers=63..=92 consults=0 wanted=0 hits=0 inserts=0 served=0.0MB
[summer] enabled=false cap_gb=8 sample=16 consults=0 wanted=0 hits=0 hit_rate=0.0% misses=0 inserts=0 evictions=0 recycled=0 allocs=0 pin_skips=0 gated=0 ramp=2..50 bar=0 suppressed=0 wide_skips=0 served=0.0MB copied=0.0MB ssd_avoided=0.0GB live=0/0.0GB model=0 protected=0 declined=0 topup_suppressed=0 aged=0 into=0/0/0 pending=0
[mirror-split] internal=0 K3C=0 K3B=0 K3A=0  shares=0%/0%/0%/0%
[phases] mono=393441.369805 chunks=60 sequence=118.728s read_wait=0.171s bind_upload=1.646s attention_resident=6.233s expert_read_prefetch=61.989s expert_demand_read=37.514s expert_plan=3.433s expert_hint=0.000s expert_submit=0.000s expert_kernel=47.645s source_fence=0.000s tail_head_sync=0.872s layer_other=0.131s expert_read_gross=58.555s plan_hint=3.342s plan_sched=0.090s attn_total=6.221s attn_encode=2.451s attn_wait=2.807s attn_drain=0.963s kernel_total=23.079s kernel_host=0.780s kernel_wait=2.980s kernel_drain=19.319s
[attn-split] single: calls=5487 total=4.105s encode=1.829s wait=1.312s drain=0.963s waits=9499 untimed=1503 | wide: calls=93 total=2.116s encode=0.622s wait=1.494s drain=0.000s waits=92 untimed=92 | hint: calls=5520 total=3.339s encode=0.014s wait=3.325s drain=0.000s waits=5369 untimed=5369
[kernel-split] single: calls=5895 total=19.924s encode=0.584s wait=0.251s drain=19.090s waits=6325 untimed=5014 | wide: calls=550 total=3.155s encode=0.196s wait=2.729s drain=0.230s waits=550 untimed=0
[kernel-sub] materialize=0.072s moe=3.471s precommit=19.151s rest=0.385s
[metal-cache] calls=9378 zero_copy_wraps=233 copies=0 cache_entries=112 bindless=true
gr
[stats] generated=61 elapsed=120.260s speed=0.5072 token/s (1.971 s/token) chunks=61 committed_rows=98 verify_tx=0 drafts=0/0 layer_passes=5673 expert_rows=9016 expert_tiles=6083
[opens] expert file opens=230378 total=3.402s mean=0.015ms requested_bytes=2641560632512 (2641.6 GB)
[arrival] tiles=623 waves=1082 uncovered_wait=24.551s dispatch=3.647s
[retain] enabled=false cap_gb=8 layers=63..=92 consults=0 wanted=0 hits=0 inserts=0 served=0.0MB
[summer] enabled=false cap_gb=8 sample=16 consults=0 wanted=0 hits=0 hit_rate=0.0% misses=0 inserts=0 evictions=0 recycled=0 allocs=0 pin_skips=0 gated=0 ramp=2..50 bar=0 suppressed=0 wide_skips=0 served=0.0MB copied=0.0MB ssd_avoided=0.0GB live=0/0.0GB model=0 protected=0 declined=0 topup_suppressed=0 aged=0 into=0/0/0 pending=0
[mirror-split] internal=0 K3C=0 K3B=0 K3A=0  shares=0%/0%/0%/0%
[phases] mono=393442.841860 chunks=61 sequence=120.199s read_wait=0.171s bind_upload=1.646s attention_resident=6.296s expert_read_prefetch=63.038s expert_demand_read=38.157s expert_plan=3.495s expert_hint=0.000s expert_submit=0.000s expert_kernel=47.988s source_fence=0.000s tail_head_sync=0.885s layer_other=0.133s expert_read_gross=59.543s plan_hint=3.403s plan_sched=0.091s attn_total=6.284s attn_encode=2.475s attn_wait=2.828s attn_drain=0.981s kernel_total=23.414s kernel_host=0.790s kernel_wait=2.985s kernel_drain=19.639s
[attn-split] single: calls=5580 total=4.168s encode=1.853s wait=1.333s drain=0.981s waits=9660 untimed=1529 | wide: calls=93 total=2.116s encode=0.622s wait=1.494s drain=0.000s waits=92 untimed=92 | hint: calls=5612 total=3.400s encode=0.014s wait=3.386s drain=0.000s waits=5460 untimed=5460
[kernel-split] single: calls=5992 total=20.259s encode=0.594s wait=0.256s drain=19.409s waits=6428 untimed=5094 | wide: calls=550 total=3.155s encode=0.196s wait=2.729s drain=0.230s waits=550 untimed=0
[kernel-sub] materialize=0.072s moe=3.479s precommit=19.472s rest=0.390s
[metal-cache] calls=9475 zero_copy_wraps=233 copies=0 cache_entries=112 bindless=true
aced
[stats] generated=62 elapsed=121.750s speed=0.5092 token/s (1.964 s/token) chunks=62 committed_rows=99 verify_tx=0 drafts=0/0 layer_passes=5766 expert_rows=9108 expert_tiles=6175
[opens] expert file opens=234208 total=3.474s mean=0.015ms requested_bytes=2675137379520 (2675.1 GB)
[arrival] tiles=624 waves=1089 uncovered_wait=24.560s dispatch=3.654s
[retain] enabled=false cap_gb=8 layers=63..=92 consults=0 wanted=0 hits=0 inserts=0 served=0.0MB
[summer] enabled=false cap_gb=8 sample=16 consults=0 wanted=0 hits=0 hit_rate=0.0% misses=0 inserts=0 evictions=0 recycled=0 allocs=0 pin_skips=0 gated=0 ramp=2..50 bar=0 suppressed=0 wide_skips=0 served=0.0MB copied=0.0MB ssd_avoided=0.0GB live=0/0.0GB model=0 protected=0 declined=0 topup_suppressed=0 aged=0 into=0/0/0 pending=0
[mirror-split] internal=0 K3C=0 K3B=0 K3A=0  shares=0%/0%/0%/0%
[phases] mono=393444.332110 chunks=62 sequence=121.687s read_wait=0.171s bind_upload=1.646s attention_resident=6.375s expert_read_prefetch=64.099s expert_demand_read=38.805s expert_plan=3.553s expert_hint=0.000s expert_submit=0.000s expert_kernel=48.322s source_fence=0.000s tail_head_sync=0.899s layer_other=0.134s expert_read_gross=60.545s plan_hint=3.460s plan_sched=0.092s attn_total=6.362s attn_encode=2.514s attn_wait=2.849s attn_drain=0.999s kernel_total=23.739s kernel_host=0.799s kernel_wait=2.989s kernel_drain=19.951s
[attn-split] single: calls=5673 total=4.246s encode=1.892s wait=1.355s drain=0.999s waits=9821 untimed=1553 | wide: calls=93 total=2.116s encode=0.622s wait=1.494s drain=0.000s waits=92 untimed=92 | hint: calls=5704 total=3.457s encode=0.014s wait=3.443s drain=0.000s waits=5551 untimed=5551
[kernel-split] single: calls=6090 total=20.584s encode=0.604s wait=0.259s drain=19.721s waits=6533 untimed=5171 | wide: calls=550 total=3.155s encode=0.196s wait=2.729s drain=0.230s waits=550 untimed=0
[kernel-sub] materialize=0.072s moe=3.486s precommit=19.785s rest=0.395s
[metal-cache] calls=9573 zero_copy_wraps=233 copies=0 cache_entries=112 bindless=true
 crypt
[stats] generated=63 elapsed=123.209s speed=0.5113 token/s (1.956 s/token) chunks=63 committed_rows=100 verify_tx=0 drafts=0/0 layer_passes=5859 expert_rows=9200 expert_tiles=6267
[opens] expert file opens=238134 total=3.531s mean=0.015ms requested_bytes=2709582707904 (2709.6 GB)
[arrival] tiles=625 waves=1096 uncovered_wait=24.575s dispatch=3.661s
[retain] enabled=false cap_gb=8 layers=63..=92 consults=0 wanted=0 hits=0 inserts=0 served=0.0MB
[summer] enabled=false cap_gb=8 sample=16 consults=0 wanted=0 hits=0 hit_rate=0.0% misses=0 inserts=0 evictions=0 recycled=0 allocs=0 pin_skips=0 gated=0 ramp=2..50 bar=0 suppressed=0 wide_skips=0 served=0.0MB copied=0.0MB ssd_avoided=0.0GB live=0/0.0GB model=0 protected=0 declined=0 topup_suppressed=0 aged=0 into=0/0/0 pending=0
[mirror-split] internal=0 K3C=0 K3B=0 K3A=0  shares=0%/0%/0%/0%
[phases] mono=393445.790752 chunks=63 sequence=123.145s read_wait=0.171s bind_upload=1.646s attention_resident=6.439s expert_read_prefetch=65.135s expert_demand_read=39.398s expert_plan=3.611s expert_hint=0.000s expert_submit=0.000s expert_kernel=48.661s source_fence=0.000s tail_head_sync=0.915s layer_other=0.136s expert_read_gross=61.524s plan_hint=3.517s plan_sched=0.093s attn_total=6.427s attn_encode=2.541s attn_wait=2.873s attn_drain=1.013s kernel_total=24.062s kernel_host=0.809s kernel_wait=2.992s kernel_drain=20.261s
[attn-split] single: calls=5766 total=4.311s encode=1.919s wait=1.379s drain=1.013s waits=9982 untimed=1587 | wide: calls=93 total=2.116s encode=0.622s wait=1.494s drain=0.000s waits=92 untimed=92 | hint: calls=5796 total=3.513s encode=0.014s wait=3.499s drain=0.000s waits=5642 untimed=5642
[kernel-split] single: calls=6188 total=20.907s encode=0.613s wait=0.263s drain=20.031s waits=6638 untimed=5256 | wide: calls=550 total=3.155s encode=0.196s wait=2.729s drain=0.230s waits=550 untimed=0
[kernel-sub] materialize=0.072s moe=3.493s precommit=20.097s rest=0.400s
[metal-cache] calls=9671 zero_copy_wraps=233 copies=0 cache_entries=112 bindless=true
[route-chain] chained=4140
[route-chain] dedup_hits=4140
ographer
[stats] generated=64 elapsed=124.711s speed=0.5132 token/s (1.949 s/token) chunks=64 committed_rows=101 verify_tx=0 drafts=0/0 layer_passes=5952 expert_rows=9292 expert_tiles=6359
[opens] expert file opens=242037 total=3.593s mean=0.015ms requested_bytes=2743791156416 (2743.8 GB)
[arrival] tiles=626 waves=1104 uncovered_wait=24.586s dispatch=3.668s
[retain] enabled=false cap_gb=8 layers=63..=92 consults=0 wanted=0 hits=0 inserts=0 served=0.0MB
[summer] enabled=false cap_gb=8 sample=16 consults=0 wanted=0 hits=0 hit_rate=0.0% misses=0 inserts=0 evictions=0 recycled=0 allocs=0 pin_skips=0 gated=0 ramp=2..50 bar=0 suppressed=0 wide_skips=0 served=0.0MB copied=0.0MB ssd_avoided=0.0GB live=0/0.0GB model=0 protected=0 declined=0 topup_suppressed=0 aged=0 into=0/0/0 pending=0
[mirror-split] internal=0 K3C=0 K3B=0 K3A=0  shares=0%/0%/0%/0%
[phases] mono=393447.292673 chunks=64 sequence=124.633s read_wait=0.171s bind_upload=1.646s attention_resident=6.502s expert_read_prefetch=66.188s expert_demand_read=40.058s expert_plan=3.671s expert_hint=0.000s expert_submit=0.000s expert_kernel=49.017s source_fence=0.000s tail_head_sync=0.929s layer_other=0.137s expert_read_gross=62.517s plan_hint=3.576s plan_sched=0.094s attn_total=6.489s attn_encode=2.565s attn_wait=2.900s attn_drain=1.025s kernel_total=24.407s kernel_host=0.819s kernel_wait=2.996s kernel_drain=20.591s
[attn-split] single: calls=5859 total=4.373s encode=1.943s wait=1.405s drain=1.025s waits=10143 untimed=1613 | wide: calls=93 total=2.116s encode=0.622s wait=1.494s drain=0.000s waits=92 untimed=92 | hint: calls=5888 total=3.572s encode=0.015s wait=3.558s drain=0.000s waits=5733 untimed=5733
[kernel-split] single: calls=6287 total=21.252s encode=0.623s wait=0.267s drain=20.361s waits=6745 untimed=5344 | wide: calls=550 total=3.155s encode=0.196s wait=2.729s drain=0.230s waits=550 untimed=0
[kernel-sub] materialize=0.072s moe=3.500s precommit=20.429s rest=0.406s
[metal-cache] calls=9770 zero_copy_wraps=233 copies=0 cache_entries=112 bindless=true
 who
[stats] generated=65 elapsed=126.179s speed=0.5151 token/s (1.941 s/token) chunks=65 committed_rows=102 verify_tx=0 drafts=0/0 layer_passes=6045 expert_rows=9384 expert_tiles=6451
[opens] expert file opens=245813 total=3.651s mean=0.015ms requested_bytes=2776929221824 (2776.9 GB)
[arrival] tiles=627 waves=1112 uncovered_wait=24.598s dispatch=3.677s
[retain] enabled=false cap_gb=8 layers=63..=92 consults=0 wanted=0 hits=0 inserts=0 served=0.0MB
[summer] enabled=false cap_gb=8 sample=16 consults=0 wanted=0 hits=0 hit_rate=0.0% misses=0 inserts=0 evictions=0 recycled=0 allocs=0 pin_skips=0 gated=0 ramp=2..50 bar=0 suppressed=0 wide_skips=0 served=0.0MB copied=0.0MB ssd_avoided=0.0GB live=0/0.0GB model=0 protected=0 declined=0 topup_suppressed=0 aged=0 into=0/0/0 pending=0
[mirror-split] internal=0 K3C=0 K3B=0 K3A=0  shares=0%/0%/0%/0%
[phases] mono=393448.761246 chunks=65 sequence=126.100s read_wait=0.171s bind_upload=1.646s attention_resident=6.563s expert_read_prefetch=67.227s expert_demand_read=40.747s expert_plan=3.725s expert_hint=0.000s expert_submit=0.000s expert_kernel=49.367s source_fence=0.000s tail_head_sync=0.945s layer_other=0.139s expert_read_gross=63.502s plan_hint=3.628s plan_sched=0.095s attn_total=6.550s attn_encode=2.587s attn_wait=2.919s attn_drain=1.043s kernel_total=24.745s kernel_host=0.829s kernel_wait=3.000s kernel_drain=20.915s
[attn-split] single: calls=5952 total=4.434s encode=1.965s wait=1.425s drain=1.043s waits=10304 untimed=1634 | wide: calls=93 total=2.116s encode=0.622s wait=1.494s drain=0.000s waits=92 untimed=92 | hint: calls=5980 total=3.625s encode=0.015s wait=3.610s drain=0.000s waits=5824 untimed=5824
[kernel-split] single: calls=6386 total=21.590s encode=0.633s wait=0.271s drain=20.686s waits=6852 untimed=5430 | wide: calls=550 total=3.155s encode=0.196s wait=2.729s drain=0.230s waits=550 untimed=0
[kernel-sub] materialize=0.072s moe=3.508s precommit=20.754s rest=0.411s
[metal-cache] calls=9869 zero_copy_wraps=233 copies=0 cache_entries=112 bindless=true
 can
[stats] generated=66 elapsed=127.705s speed=0.5168 token/s (1.935 s/token) chunks=66 committed_rows=103 verify_tx=0 drafts=0/0 layer_passes=6138 expert_rows=9476 expert_tiles=6543
[opens] expert file opens=249687 total=3.709s mean=0.015ms requested_bytes=2810865728704 (2810.9 GB)
[arrival] tiles=628 waves=1119 uncovered_wait=24.611s dispatch=3.684s
[retain] enabled=false cap_gb=8 layers=63..=92 consults=0 wanted=0 hits=0 inserts=0 served=0.0MB
[summer] enabled=false cap_gb=8 sample=16 consults=0 wanted=0 hits=0 hit_rate=0.0% misses=0 inserts=0 evictions=0 recycled=0 allocs=0 pin_skips=0 gated=0 ramp=2..50 bar=0 suppressed=0 wide_skips=0 served=0.0MB copied=0.0MB ssd_avoided=0.0GB live=0/0.0GB model=0 protected=0 declined=0 topup_suppressed=0 aged=0 into=0/0/0 pending=0
[mirror-split] internal=0 K3C=0 K3B=0 K3A=0  shares=0%/0%/0%/0%
[phases] mono=393450.286367 chunks=66 sequence=127.625s read_wait=0.171s bind_upload=1.646s attention_resident=6.643s expert_read_prefetch=68.312s expert_demand_read=41.414s expert_plan=3.781s expert_hint=0.000s expert_submit=0.000s expert_kernel=49.711s source_fence=0.000s tail_head_sync=0.959s layer_other=0.140s expert_read_gross=64.530s plan_hint=3.684s plan_sched=0.096s attn_total=6.630s attn_encode=2.631s attn_wait=2.941s attn_drain=1.058s kernel_total=25.075s kernel_host=0.839s kernel_wait=3.004s kernel_drain=21.233s
[attn-split] single: calls=6045 total=4.514s encode=2.009s wait=1.447s drain=1.058s waits=10465 untimed=1658 | wide: calls=93 total=2.116s encode=0.622s wait=1.494s drain=0.000s waits=92 untimed=92 | hint: calls=6072 total=3.680s encode=0.015s wait=3.665s drain=0.000s waits=5915 untimed=5915
[kernel-split] single: calls=6484 total=21.920s encode=0.643s wait=0.275s drain=21.003s waits=6957 untimed=5516 | wide: calls=550 total=3.155s encode=0.196s wait=2.729s drain=0.230s waits=550 untimed=0
[kernel-sub] materialize=0.072s moe=3.515s precommit=21.072s rest=0.416s
[metal-cache] calls=9967 zero_copy_wraps=233 copies=0 cache_entries=112 bindless=true
 crack
[stats] generated=67 elapsed=129.182s speed=0.5186 token/s (1.928 s/token) chunks=67 committed_rows=104 verify_tx=0 drafts=0/0 layer_passes=6231 expert_rows=9568 expert_tiles=6635
[opens] expert file opens=253483 total=3.769s mean=0.015ms requested_bytes=2844135390400 (2844.1 GB)
[arrival] tiles=629 waves=1127 uncovered_wait=24.624s dispatch=3.692s
[retain] enabled=false cap_gb=8 layers=63..=92 consults=0 wanted=0 hits=0 inserts=0 served=0.0MB
[summer] enabled=false cap_gb=8 sample=16 consults=0 wanted=0 hits=0 hit_rate=0.0% misses=0 inserts=0 evictions=0 recycled=0 allocs=0 pin_skips=0 gated=0 ramp=2..50 bar=0 suppressed=0 wide_skips=0 served=0.0MB copied=0.0MB ssd_avoided=0.0GB live=0/0.0GB model=0 protected=0 declined=0 topup_suppressed=0 aged=0 into=0/0/0 pending=0
[mirror-split] internal=0 K3C=0 K3B=0 K3A=0  shares=0%/0%/0%/0%
[phases] mono=393451.763575 chunks=67 sequence=129.101s read_wait=0.171s bind_upload=1.646s attention_resident=6.712s expert_read_prefetch=69.318s expert_demand_read=42.045s expert_plan=3.847s expert_hint=0.000s expert_submit=0.000s expert_kernel=50.097s source_fence=0.000s tail_head_sync=0.973s layer_other=0.142s expert_read_gross=65.470s plan_hint=3.749s plan_sched=0.097s attn_total=6.698s attn_encode=2.657s attn_wait=2.966s attn_drain=1.074s kernel_total=25.448s kernel_host=0.850s kernel_wait=3.008s kernel_drain=21.590s
[attn-split] single: calls=6138 total=4.582s encode=2.035s wait=1.472s drain=1.074s waits=10626 untimed=1676 | wide: calls=93 total=2.116s encode=0.622s wait=1.494s drain=0.000s waits=92 untimed=92 | hint: calls=6164 total=3.745s encode=0.015s wait=3.730s drain=0.000s waits=6006 untimed=6006
[kernel-split] single: calls=6583 total=22.293s encode=0.654s wait=0.279s drain=21.360s waits=7064 untimed=5603 | wide: calls=550 total=3.155s encode=0.196s wait=2.729s drain=0.230s waits=550 untimed=0
[kernel-sub] materialize=0.072s moe=3.523s precommit=21.431s rest=0.422s
[metal-cache] calls=10066 zero_copy_wraps=233 copies=0 cache_entries=112 bindless=true
 the
[stats] generated=68 elapsed=130.727s speed=0.5202 token/s (1.922 s/token) chunks=68 committed_rows=105 verify_tx=0 drafts=0/0 layer_passes=6324 expert_rows=9660 expert_tiles=6727
[opens] expert file opens=257330 total=3.824s mean=0.015ms requested_bytes=2877852515520 (2877.9 GB)
[arrival] tiles=630 waves=1134 uncovered_wait=24.634s dispatch=3.698s
[retain] enabled=false cap_gb=8 layers=63..=92 consults=0 wanted=0 hits=0 inserts=0 served=0.0MB
[summer] enabled=false cap_gb=8 sample=16 consults=0 wanted=0 hits=0 hit_rate=0.0% misses=0 inserts=0 evictions=0 recycled=0 allocs=0 pin_skips=0 gated=0 ramp=2..50 bar=0 suppressed=0 wide_skips=0 served=0.0MB copied=0.0MB ssd_avoided=0.0GB live=0/0.0GB model=0 protected=0 declined=0 topup_suppressed=0 aged=0 into=0/0/0 pending=0
[mirror-split] internal=0 K3C=0 K3B=0 K3A=0  shares=0%/0%/0%/0%
[phases] mono=393453.308205 chunks=68 sequence=130.644s read_wait=0.171s bind_upload=1.646s attention_resident=6.773s expert_read_prefetch=70.416s expert_demand_read=42.719s expert_plan=3.911s expert_hint=0.000s expert_submit=0.000s expert_kernel=50.462s source_fence=0.000s tail_head_sync=0.990s layer_other=0.144s expert_read_gross=66.504s plan_hint=3.812s plan_sched=0.098s attn_total=6.759s attn_encode=2.681s attn_wait=2.992s attn_drain=1.087s kernel_total=25.802s kernel_host=0.860s kernel_wait=3.011s kernel_drain=21.931s
[attn-split] single: calls=6231 total=4.643s encode=2.059s wait=1.498s drain=1.087s waits=10787 untimed=1701 | wide: calls=93 total=2.116s encode=0.622s wait=1.494s drain=0.000s waits=92 untimed=92 | hint: calls=6256 total=3.808s encode=0.016s wait=3.792s drain=0.000s waits=6097 untimed=6097
[kernel-split] single: calls=6681 total=22.647s encode=0.664s wait=0.282s drain=21.701s waits=7169 untimed=5692 | wide: calls=550 total=3.155s encode=0.196s wait=2.729s drain=0.230s waits=550 untimed=0
[kernel-sub] materialize=0.072s moe=3.529s precommit=21.773s rest=0.428s
[metal-cache] calls=10164 zero_copy_wraps=233 copies=0 cache_entries=112 bindless=true
 casino
[stats] generated=69 elapsed=132.214s speed=0.5219 token/s (1.916 s/token) chunks=69 committed_rows=106 verify_tx=0 drafts=0/0 layer_passes=6417 expert_rows=9752 expert_tiles=6819
[opens] expert file opens=261180 total=3.889s mean=0.015ms requested_bytes=2911613516992 (2911.6 GB)
[arrival] tiles=631 waves=1142 uncovered_wait=24.648s dispatch=3.705s
[retain] enabled=false cap_gb=8 layers=63..=92 consults=0 wanted=0 hits=0 inserts=0 served=0.0MB
[summer] enabled=false cap_gb=8 sample=16 consults=0 wanted=0 hits=0 hit_rate=0.0% misses=0 inserts=0 evictions=0 recycled=0 allocs=0 pin_skips=0 gated=0 ramp=2..50 bar=0 suppressed=0 wide_skips=0 served=0.0MB copied=0.0MB ssd_avoided=0.0GB live=0/0.0GB model=0 protected=0 declined=0 topup_suppressed=0 aged=0 into=0/0/0 pending=0
[mirror-split] internal=0 K3C=0 K3B=0 K3A=0  shares=0%/0%/0%/0%
[phases] mono=393454.795451 chunks=69 sequence=132.131s read_wait=0.171s bind_upload=1.646s attention_resident=6.833s expert_read_prefetch=71.484s expert_demand_read=43.432s expert_plan=3.959s expert_hint=0.000s expert_submit=0.000s expert_kernel=50.803s source_fence=0.000s tail_head_sync=1.005s layer_other=0.145s expert_read_gross=67.524s plan_hint=3.858s plan_sched=0.099s attn_total=6.819s attn_encode=2.708s attn_wait=3.011s attn_drain=1.100s kernel_total=26.130s kernel_host=0.870s kernel_wait=3.015s kernel_drain=22.244s
[attn-split] single: calls=6324 total=4.703s encode=2.086s wait=1.517s drain=1.100s waits=10948 untimed=1720 | wide: calls=93 total=2.116s encode=0.622s wait=1.494s drain=0.000s waits=92 untimed=92 | hint: calls=6348 total=3.855s encode=0.016s wait=3.839s drain=0.000s waits=6188 untimed=6188
[kernel-split] single: calls=6780 total=22.975s encode=0.674s wait=0.286s drain=22.015s waits=7276 untimed=5774 | wide: calls=550 total=3.155s encode=0.196s wait=2.729s drain=0.230s waits=550 untimed=0
[kernel-sub] materialize=0.072s moe=3.536s precommit=22.089s rest=0.433s
[metal-cache] calls=10263 zero_copy_wraps=233 copies=0 cache_entries=112 bindless=true
's
[stats] generated=70 elapsed=133.693s speed=0.5236 token/s (1.910 s/token) chunks=70 committed_rows=107 verify_tx=0 drafts=0/0 layer_passes=6510 expert_rows=9844 expert_tiles=6911
[opens] expert file opens=265007 total=3.946s mean=0.015ms requested_bytes=2945190231232 (2945.2 GB)
[arrival] tiles=632 waves=1150 uncovered_wait=24.660s dispatch=3.713s
[retain] enabled=false cap_gb=8 layers=63..=92 consults=0 wanted=0 hits=0 inserts=0 served=0.0MB
[summer] enabled=false cap_gb=8 sample=16 consults=0 wanted=0 hits=0 hit_rate=0.0% misses=0 inserts=0 evictions=0 recycled=0 allocs=0 pin_skips=0 gated=0 ramp=2..50 bar=0 suppressed=0 wide_skips=0 served=0.0MB copied=0.0MB ssd_avoided=0.0GB live=0/0.0GB model=0 protected=0 declined=0 topup_suppressed=0 aged=0 into=0/0/0 pending=0
[mirror-split] internal=0 K3C=0 K3B=0 K3A=0  shares=0%/0%/0%/0%
[phases] mono=393456.275060 chunks=70 sequence=133.609s read_wait=0.171s bind_upload=1.646s attention_resident=6.927s expert_read_prefetch=72.482s expert_demand_read=44.041s expert_plan=4.010s expert_hint=0.000s expert_submit=0.000s expert_kernel=51.172s source_fence=0.000s tail_head_sync=1.021s layer_other=0.147s expert_read_gross=68.472s plan_hint=3.908s plan_sched=0.101s attn_total=6.913s attn_encode=2.759s attn_wait=3.037s attn_drain=1.117s kernel_total=26.486s kernel_host=0.881s kernel_wait=3.019s kernel_drain=22.586s
[attn-split] single: calls=6417 total=4.796s encode=2.137s wait=1.542s drain=1.117s waits=11109 untimed=1738 | wide: calls=93 total=2.116s encode=0.622s wait=1.494s drain=0.000s waits=92 untimed=92 | hint: calls=6440 total=3.904s encode=0.016s wait=3.888s drain=0.000s waits=6279 untimed=6279
[kernel-split] single: calls=6879 total=23.331s encode=0.685s wait=0.290s drain=22.356s waits=7383 untimed=5856 | wide: calls=550 total=3.155s encode=0.196s wait=2.729s drain=0.230s waits=550 untimed=0
[kernel-sub] materialize=0.072s moe=3.544s precommit=22.432s rest=0.439s
[metal-cache] calls=10362 zero_copy_wraps=233 copies=0 cache_entries=112 bindless=true
 quantum
[stats] generated=71 elapsed=135.209s speed=0.5251 token/s (1.904 s/token) chunks=71 committed_rows=108 verify_tx=0 drafts=0/0 layer_passes=6603 expert_rows=9936 expert_tiles=7003
[opens] expert file opens=268938 total=3.998s mean=0.015ms requested_bytes=2979661921472 (2979.7 GB)
[arrival] tiles=633 waves=1158 uncovered_wait=24.674s dispatch=3.722s
[retain] enabled=false cap_gb=8 layers=63..=92 consults=0 wanted=0 hits=0 inserts=0 served=0.0MB
[summer] enabled=false cap_gb=8 sample=16 consults=0 wanted=0 hits=0 hit_rate=0.0% misses=0 inserts=0 evictions=0 recycled=0 allocs=0 pin_skips=0 gated=0 ramp=2..50 bar=0 suppressed=0 wide_skips=0 served=0.0MB copied=0.0MB ssd_avoided=0.0GB live=0/0.0GB model=0 protected=0 declined=0 topup_suppressed=0 aged=0 into=0/0/0 pending=0
[mirror-split] internal=0 K3C=0 K3B=0 K3A=0  shares=0%/0%/0%/0%
[phases] mono=393457.790850 chunks=71 sequence=135.124s read_wait=0.171s bind_upload=1.646s attention_resident=7.001s expert_read_prefetch=73.546s expert_demand_read=44.698s expert_plan=4.059s expert_hint=0.000s expert_submit=0.000s expert_kernel=51.533s source_fence=0.000s tail_head_sync=1.035s layer_other=0.149s expert_read_gross=69.487s plan_hint=3.956s plan_sched=0.102s attn_total=6.986s attn_encode=2.782s attn_wait=3.073s attn_drain=1.131s kernel_total=26.834s kernel_host=0.892s kernel_wait=3.025s kernel_drain=22.917s
[attn-split] single: calls=6510 total=4.870s encode=2.160s wait=1.579s drain=1.131s waits=11270 untimed=1768 | wide: calls=93 total=2.116s encode=0.622s wait=1.494s drain=0.000s waits=92 untimed=92 | hint: calls=6532 total=3.952s encode=0.016s wait=3.936s drain=0.000s waits=6370 untimed=6370
[kernel-split] single: calls=6978 total=23.679s encode=0.696s wait=0.296s drain=22.687s waits=7490 untimed=5946 | wide: calls=550 total=3.155s encode=0.196s wait=2.729s drain=0.230s waits=550 untimed=0
[kernel-sub] materialize=0.072s moe=3.553s precommit=22.765s rest=0.444s
[metal-cache] calls=10461 zero_copy_wraps=233 copies=0 cache_entries=112 bindless=true
-
[stats] generated=72 elapsed=136.661s speed=0.5269 token/s (1.898 s/token) chunks=72 committed_rows=109 verify_tx=0 drafts=0/0 layer_passes=6696 expert_rows=10028 expert_tiles=7095
[opens] expert file opens=272720 total=4.049s mean=0.015ms requested_bytes=3012791254208 (3012.8 GB)
[arrival] tiles=634 waves=1166 uncovered_wait=24.686s dispatch=3.729s
[retain] enabled=false cap_gb=8 layers=63..=92 consults=0 wanted=0 hits=0 inserts=0 served=0.0MB
[summer] enabled=false cap_gb=8 sample=16 consults=0 wanted=0 hits=0 hit_rate=0.0% misses=0 inserts=0 evictions=0 recycled=0 allocs=0 pin_skips=0 gated=0 ramp=2..50 bar=0 suppressed=0 wide_skips=0 served=0.0MB copied=0.0MB ssd_avoided=0.0GB live=0/0.0GB model=0 protected=0 declined=0 topup_suppressed=0 aged=0 into=0/0/0 pending=0
[mirror-split] internal=0 K3C=0 K3B=0 K3A=0  shares=0%/0%/0%/0%
[phases] mono=393459.242523 chunks=72 sequence=136.575s read_wait=0.171s bind_upload=1.646s attention_resident=7.061s expert_read_prefetch=74.570s expert_demand_read=45.351s expert_plan=4.109s expert_hint=0.000s expert_submit=0.000s expert_kernel=51.882s source_fence=0.000s tail_head_sync=1.051s layer_other=0.151s expert_read_gross=70.460s plan_hint=4.005s plan_sched=0.103s attn_total=7.047s attn_encode=2.804s attn_wait=3.094s attn_drain=1.149s kernel_total=27.170s kernel_host=0.901s kernel_wait=3.028s kernel_drain=23.241s
[attn-split] single: calls=6603 total=4.930s encode=2.182s wait=1.600s drain=1.149s waits=11431 untimed=1789 | wide: calls=93 total=2.116s encode=0.622s wait=1.494s drain=0.000s waits=92 untimed=92 | hint: calls=6624 total=4.001s encode=0.017s wait=3.985s drain=0.000s waits=6461 untimed=6461
[kernel-split] single: calls=7077 total=24.015s encode=0.705s wait=0.299s drain=23.011s waits=7597 untimed=6034 | wide: calls=550 total=3.155s encode=0.196s wait=2.729s drain=0.230s waits=550 untimed=0
[kernel-sub] materialize=0.072s moe=3.559s precommit=23.090s rest=0.449s
[metal-cache] calls=10560 zero_copy_wraps=233 copies=0 cache_entries=112 bindless=true
encrypted
[stats] generated=73 elapsed=138.132s speed=0.5285 token/s (1.892 s/token) chunks=73 committed_rows=110 verify_tx=0 drafts=0/0 layer_passes=6789 expert_rows=10120 expert_tiles=7187
[opens] expert file opens=276578 total=4.104s mean=0.015ms requested_bytes=3046657522880 (3046.7 GB)
[arrival] tiles=635 waves=1173 uncovered_wait=24.701s dispatch=3.736s
[retain] enabled=false cap_gb=8 layers=63..=92 consults=0 wanted=0 hits=0 inserts=0 served=0.0MB
[summer] enabled=false cap_gb=8 sample=16 consults=0 wanted=0 hits=0 hit_rate=0.0% misses=0 inserts=0 evictions=0 recycled=0 allocs=0 pin_skips=0 gated=0 ramp=2..50 bar=0 suppressed=0 wide_skips=0 served=0.0MB copied=0.0MB ssd_avoided=0.0GB live=0/0.0GB model=0 protected=0 declined=0 topup_suppressed=0 aged=0 into=0/0/0 pending=0
[mirror-split] internal=0 K3C=0 K3B=0 K3A=0  shares=0%/0%/0%/0%
[phases] mono=393460.713364 chunks=73 sequence=138.045s read_wait=0.171s bind_upload=1.646s attention_resident=7.130s expert_read_prefetch=75.589s expert_demand_read=45.959s expert_plan=4.164s expert_hint=0.000s expert_submit=0.000s expert_kernel=52.246s source_fence=0.000s tail_head_sync=1.067s layer_other=0.152s expert_read_gross=71.425s plan_hint=4.058s plan_sched=0.104s attn_total=7.116s attn_encode=2.835s attn_wait=3.113s attn_drain=1.168s kernel_total=27.518s kernel_host=0.911s kernel_wait=3.032s kernel_drain=23.575s
[attn-split] single: calls=6696 total=4.999s encode=2.213s wait=1.619s drain=1.168s waits=11592 untimed=1806 | wide: calls=93 total=2.116s encode=0.622s wait=1.494s drain=0.000s waits=92 untimed=92 | hint: calls=6716 total=4.055s encode=0.017s wait=4.038s drain=0.000s waits=6552 untimed=6552
[kernel-split] single: calls=7175 total=24.363s encode=0.715s wait=0.303s drain=23.345s waits=7702 untimed=6109 | wide: calls=550 total=3.155s encode=0.196s wait=2.729s drain=0.230s waits=550 untimed=0
[kernel-sub] materialize=0.072s moe=3.566s precommit=23.426s rest=0.454s
[metal-cache] calls=10658 zero_copy_wraps=233 copies=0 cache_entries=112 bindless=true
 vault
[stats] generated=74 elapsed=139.598s speed=0.5301 token/s (1.886 s/token) chunks=74 committed_rows=111 verify_tx=0 drafts=0/0 layer_passes=6882 expert_rows=10212 expert_tiles=7279
[opens] expert file opens=280365 total=4.161s mean=0.015ms requested_bytes=3079909620928 (3079.9 GB)
[arrival] tiles=636 waves=1180 uncovered_wait=24.713s dispatch=3.742s
[retain] enabled=false cap_gb=8 layers=63..=92 consults=0 wanted=0 hits=0 inserts=0 served=0.0MB
[summer] enabled=false cap_gb=8 sample=16 consults=0 wanted=0 hits=0 hit_rate=0.0% misses=0 inserts=0 evictions=0 recycled=0 allocs=0 pin_skips=0 gated=0 ramp=2..50 bar=0 suppressed=0 wide_skips=0 served=0.0MB copied=0.0MB ssd_avoided=0.0GB live=0/0.0GB model=0 protected=0 declined=0 topup_suppressed=0 aged=0 into=0/0/0 pending=0
[mirror-split] internal=0 K3C=0 K3B=0 K3A=0  shares=0%/0%/0%/0%
[phases] mono=393462.179639 chunks=74 sequence=139.510s read_wait=0.171s bind_upload=1.646s attention_resident=7.214s expert_read_prefetch=76.579s expert_demand_read=46.534s expert_plan=4.222s expert_hint=0.000s expert_submit=0.000s expert_kernel=52.621s source_fence=0.000s tail_head_sync=1.082s layer_other=0.154s expert_read_gross=72.356s plan_hint=4.115s plan_sched=0.105s attn_total=7.199s attn_encode=2.878s attn_wait=3.140s attn_drain=1.182s kernel_total=27.881s kernel_host=0.922s kernel_wait=3.036s kernel_drain=23.923s
[attn-split] single: calls=6789 total=5.083s encode=2.256s wait=1.645s drain=1.182s waits=11753 untimed=1827 | wide: calls=93 total=2.116s encode=0.622s wait=1.494s drain=0.000s waits=92 untimed=92 | hint: calls=6808 total=4.112s encode=0.017s wait=4.094s drain=0.000s waits=6643 untimed=6643
[kernel-split] single: calls=7273 total=24.726s encode=0.727s wait=0.306s drain=23.694s waits=7807 untimed=6189 | wide: calls=550 total=3.155s encode=0.196s wait=2.729s drain=0.230s waits=550 untimed=0
[kernel-sub] materialize=0.072s moe=3.572s precommit=23.776s rest=0.461s
[metal-cache] calls=10756 zero_copy_wraps=233 copies=0 cache_entries=112 bindless=true
[route-chain] chained=4830
[route-chain] dedup_hits=4830
,
[stats] generated=75 elapsed=141.061s speed=0.5317 token/s (1.881 s/token) chunks=75 committed_rows=112 verify_tx=0 drafts=0/0 layer_passes=6975 expert_rows=10304 expert_tiles=7371
[opens] expert file opens=284198 total=4.211s mean=0.015ms requested_bytes=3113530244288 (3113.5 GB)
[arrival] tiles=637 waves=1186 uncovered_wait=24.722s dispatch=3.749s
[retain] enabled=false cap_gb=8 layers=63..=92 consults=0 wanted=0 hits=0 inserts=0 served=0.0MB
[summer] enabled=false cap_gb=8 sample=16 consults=0 wanted=0 hits=0 hit_rate=0.0% misses=0 inserts=0 evictions=0 recycled=0 allocs=0 pin_skips=0 gated=0 ramp=2..50 bar=0 suppressed=0 wide_skips=0 served=0.0MB copied=0.0MB ssd_avoided=0.0GB live=0/0.0GB model=0 protected=0 declined=0 topup_suppressed=0 aged=0 into=0/0/0 pending=0
[mirror-split] internal=0 K3C=0 K3B=0 K3A=0  shares=0%/0%/0%/0%
[phases] mono=393463.642591 chunks=75 sequence=140.972s read_wait=0.171s bind_upload=1.646s attention_resident=7.278s expert_read_prefetch=77.618s expert_demand_read=47.179s expert_plan=4.274s expert_hint=0.000s expert_submit=0.000s expert_kernel=52.963s source_fence=0.000s tail_head_sync=1.098s layer_other=0.156s expert_read_gross=73.343s plan_hint=4.167s plan_sched=0.106s attn_total=7.263s attn_encode=2.902s attn_wait=3.156s attn_drain=1.205s kernel_total=28.214s kernel_host=0.933s kernel_wait=3.039s kernel_drain=24.242s
[attn-split] single: calls=6882 total=5.146s encode=2.280s wait=1.661s drain=1.205s waits=11914 untimed=1844 | wide: calls=93 total=2.116s encode=0.622s wait=1.494s drain=0.000s waits=92 untimed=92 | hint: calls=6900 total=4.163s encode=0.017s wait=4.145s drain=0.000s waits=6734 untimed=6734
[kernel-split] single: calls=7370 total=25.059s encode=0.737s wait=0.310s drain=24.012s waits=7910 untimed=6266 | wide: calls=550 total=3.155s encode=0.196s wait=2.729s drain=0.230s waits=550 untimed=0
[kernel-sub] materialize=0.072s moe=3.579s precommit=24.097s rest=0.466s
[metal-cache] calls=10853 zero_copy_wraps=233 copies=0 cache_entries=112 bindless=true
 a
[stats] generated=76 elapsed=142.565s speed=0.5331 token/s (1.876 s/token) chunks=76 committed_rows=113 verify_tx=0 drafts=0/0 layer_passes=7068 expert_rows=10396 expert_tiles=7463
[opens] expert file opens=288187 total=4.275s mean=0.015ms requested_bytes=3148493241536 (3148.5 GB)
[arrival] tiles=638 waves=1194 uncovered_wait=24.739s dispatch=3.755s
[retain] enabled=false cap_gb=8 layers=63..=92 consults=0 wanted=0 hits=0 inserts=0 served=0.0MB
[summer] enabled=false cap_gb=8 sample=16 consults=0 wanted=0 hits=0 hit_rate=0.0% misses=0 inserts=0 evictions=0 recycled=0 allocs=0 pin_skips=0 gated=0 ramp=2..50 bar=0 suppressed=0 wide_skips=0 served=0.0MB copied=0.0MB ssd_avoided=0.0GB live=0/0.0GB model=0 protected=0 declined=0 topup_suppressed=0 aged=0 into=0/0/0 pending=0
[mirror-split] internal=0 K3C=0 K3B=0 K3A=0  shares=0%/0%/0%/0%
[phases] mono=393465.146706 chunks=76 sequence=142.475s read_wait=0.171s bind_upload=1.646s attention_resident=7.339s expert_read_prefetch=78.692s expert_demand_read=47.841s expert_plan=4.332s expert_hint=0.000s expert_submit=0.000s expert_kernel=53.316s source_fence=0.000s tail_head_sync=1.110s layer_other=0.157s expert_read_gross=74.359s plan_hint=4.224s plan_sched=0.107s attn_total=7.324s attn_encode=2.925s attn_wait=3.172s attn_drain=1.227s kernel_total=28.549s kernel_host=0.942s kernel_wait=3.042s kernel_drain=24.565s
[attn-split] single: calls=6975 total=5.208s encode=2.304s wait=1.677s drain=1.227s waits=12075 untimed=1859 | wide: calls=93 total=2.116s encode=0.622s wait=1.494s drain=0.000s waits=92 untimed=92 | hint: calls=6992 total=4.220s encode=0.018s wait=4.202s drain=0.000s waits=6825 untimed=6825
[kernel-split] single: calls=7469 total=25.394s encode=0.746s wait=0.313s drain=24.335s waits=8017 untimed=6348 | wide: calls=550 total=3.155s encode=0.196s wait=2.729s drain=0.230s waits=550 untimed=0
[kernel-sub] materialize=0.072s moe=3.585s precommit=24.421s rest=0.471s
[metal-cache] calls=10952 zero_copy_wraps=233 copies=0 cache_entries=112 bindless=true
 former
[stats] generated=77 elapsed=144.035s speed=0.5346 token/s (1.871 s/token) chunks=77 committed_rows=114 verify_tx=0 drafts=0/0 layer_passes=7161 expert_rows=10488 expert_tiles=7555
[opens] expert file opens=291980 total=4.328s mean=0.015ms requested_bytes=3181754154176 (3181.8 GB)
[arrival] tiles=639 waves=1202 uncovered_wait=24.751s dispatch=3.762s
[retain] enabled=false cap_gb=8 layers=63..=92 consults=0 wanted=0 hits=0 inserts=0 served=0.0MB
[summer] enabled=false cap_gb=8 sample=16 consults=0 wanted=0 hits=0 hit_rate=0.0% misses=0 inserts=0 evictions=0 recycled=0 allocs=0 pin_skips=0 gated=0 ramp=2..50 bar=0 suppressed=0 wide_skips=0 served=0.0MB copied=0.0MB ssd_avoided=0.0GB live=0/0.0GB model=0 protected=0 declined=0 topup_suppressed=0 aged=0 into=0/0/0 pending=0
[mirror-split] internal=0 K3C=0 K3B=0 K3A=0  shares=0%/0%/0%/0%
[phases] mono=393466.616290 chunks=77 sequence=143.944s read_wait=0.171s bind_upload=1.646s attention_resident=7.409s expert_read_prefetch=79.705s expert_demand_read=48.467s expert_plan=4.392s expert_hint=0.000s expert_submit=0.001s expert_kernel=53.686s source_fence=0.000s tail_head_sync=1.124s layer_other=0.159s expert_read_gross=75.313s plan_hint=4.281s plan_sched=0.108s attn_total=7.393s attn_encode=2.956s attn_wait=3.196s attn_drain=1.241s kernel_total=28.907s kernel_host=0.953s kernel_wait=3.046s kernel_drain=24.909s
[attn-split] single: calls=7068 total=5.277s encode=2.334s wait=1.702s drain=1.241s waits=12236 untimed=1881 | wide: calls=93 total=2.116s encode=0.622s wait=1.494s drain=0.000s waits=92 untimed=92 | hint: calls=7084 total=4.277s encode=0.018s wait=4.259s drain=0.000s waits=6916 untimed=6916
[kernel-split] single: calls=7568 total=25.752s encode=0.757s wait=0.316s drain=24.679s waits=8124 untimed=6428 | wide: calls=550 total=3.155s encode=0.196s wait=2.729s drain=0.230s waits=550 untimed=0
[kernel-sub] materialize=0.072s moe=3.592s precommit=24.767s rest=0.477s
[metal-cache] calls=11051 zero_copy_wraps=233 copies=0 cache_entries=112 bindless=true
 F
[stats] generated=78 elapsed=145.566s speed=0.5358 token/s (1.866 s/token) chunks=78 committed_rows=115 verify_tx=0 drafts=0/0 layer_passes=7254 expert_rows=10580 expert_tiles=7647
[opens] expert file opens=295846 total=4.394s mean=0.015ms requested_bytes=3215681830080 (3215.7 GB)
[arrival] tiles=640 waves=1209 uncovered_wait=24.760s dispatch=3.769s
[retain] enabled=false cap_gb=8 layers=63..=92 consults=0 wanted=0 hits=0 inserts=0 served=0.0MB
[summer] enabled=false cap_gb=8 sample=16 consults=0 wanted=0 hits=0 hit_rate=0.0% misses=0 inserts=0 evictions=0 recycled=0 allocs=0 pin_skips=0 gated=0 ramp=2..50 bar=0 suppressed=0 wide_skips=0 served=0.0MB copied=0.0MB ssd_avoided=0.0GB live=0/0.0GB model=0 protected=0 declined=0 topup_suppressed=0 aged=0 into=0/0/0 pending=0
[mirror-split] internal=0 K3C=0 K3B=0 K3A=0  shares=0%/0%/0%/0%
[phases] mono=393468.147681 chunks=78 sequence=145.474s read_wait=0.171s bind_upload=1.646s attention_resident=7.489s expert_read_prefetch=80.790s expert_demand_read=49.130s expert_plan=4.451s expert_hint=0.000s expert_submit=0.001s expert_kernel=54.032s source_fence=0.000s tail_head_sync=1.141s layer_other=0.161s expert_read_gross=76.339s plan_hint=4.339s plan_sched=0.110s attn_total=7.473s attn_encode=2.994s attn_wait=3.224s attn_drain=1.255s kernel_total=29.244s kernel_host=0.963s kernel_wait=3.049s kernel_drain=25.232s
[attn-split] single: calls=7161 total=5.357s encode=2.372s wait=1.729s drain=1.255s waits=12397 untimed=1905 | wide: calls=93 total=2.116s encode=0.622s wait=1.494s drain=0.000s waits=92 untimed=92 | hint: calls=7176 total=4.335s encode=0.018s wait=4.317s drain=0.000s waits=7007 untimed=7007
[kernel-split] single: calls=7666 total=26.089s encode=0.767s wait=0.320s drain=25.002s waits=8229 untimed=6507 | wide: calls=550 total=3.155s encode=0.196s wait=2.729s drain=0.230s waits=550 untimed=0
[kernel-sub] materialize=0.072s moe=3.598s precommit=25.092s rest=0.482s
[metal-cache] calls=11149 zero_copy_wraps=233 copies=0 cache_entries=112 bindless=true
1
[stats] generated=79 elapsed=147.069s speed=0.5372 token/s (1.862 s/token) chunks=79 committed_rows=116 verify_tx=0 drafts=0/0 layer_passes=7347 expert_rows=10672 expert_tiles=7739
[opens] expert file opens=299722 total=4.452s mean=0.015ms requested_bytes=3249706024128 (3249.7 GB)
[arrival] tiles=641 waves=1217 uncovered_wait=24.770s dispatch=3.776s
[retain] enabled=false cap_gb=8 layers=63..=92 consults=0 wanted=0 hits=0 inserts=0 served=0.0MB
[summer] enabled=false cap_gb=8 sample=16 consults=0 wanted=0 hits=0 hit_rate=0.0% misses=0 inserts=0 evictions=0 recycled=0 allocs=0 pin_skips=0 gated=0 ramp=2..50 bar=0 suppressed=0 wide_skips=0 served=0.0MB copied=0.0MB ssd_avoided=0.0GB live=0/0.0GB model=0 protected=0 declined=0 topup_suppressed=0 aged=0 into=0/0/0 pending=0
[mirror-split] internal=0 K3C=0 K3B=0 K3A=0  shares=0%/0%/0%/0%
[phases] mono=393469.650912 chunks=79 sequence=146.976s read_wait=0.171s bind_upload=1.646s attention_resident=7.558s expert_read_prefetch=81.869s expert_demand_read=49.784s expert_plan=4.506s expert_hint=0.000s expert_submit=0.001s expert_kernel=54.369s source_fence=0.000s tail_head_sync=1.157s layer_other=0.162s expert_read_gross=77.363s plan_hint=4.393s plan_sched=0.111s attn_total=7.542s attn_encode=3.022s attn_wait=3.249s attn_drain=1.270s kernel_total=29.570s kernel_host=0.973s kernel_wait=3.053s kernel_drain=25.544s
[attn-split] single: calls=7254 total=5.426s encode=2.401s wait=1.755s drain=1.270s waits=12558 untimed=1929 | wide: calls=93 total=2.116s encode=0.622s wait=1.494s drain=0.000s waits=92 untimed=92 | hint: calls=7268 total=4.389s encode=0.018s wait=4.371s drain=0.000s waits=7098 untimed=7098
[kernel-split] single: calls=7765 total=26.415s encode=0.777s wait=0.323s drain=25.314s waits=8336 untimed=6590 | wide: calls=550 total=3.155s encode=0.196s wait=2.729s drain=0.230s waits=550 untimed=0
[kernel-sub] materialize=0.072s moe=3.605s precommit=25.406s rest=0.487s
[metal-cache] calls=11248 zero_copy_wraps=233 copies=0 cache_entries=112 bindless=true
 driver
[stats] generated=80 elapsed=148.534s speed=0.5386 token/s (1.857 s/token) chunks=80 committed_rows=117 verify_tx=0 drafts=0/0 layer_passes=7440 expert_rows=10764 expert_tiles=7831
[opens] expert file opens=303519 total=4.505s mean=0.015ms requested_bytes=3283037109440 (3283.0 GB)
[arrival] tiles=642 waves=1225 uncovered_wait=24.785s dispatch=3.783s
[retain] enabled=false cap_gb=8 layers=63..=92 consults=0 wanted=0 hits=0 inserts=0 served=0.0MB
[summer] enabled=false cap_gb=8 sample=16 consults=0 wanted=0 hits=0 hit_rate=0.0% misses=0 inserts=0 evictions=0 recycled=0 allocs=0 pin_skips=0 gated=0 ramp=2..50 bar=0 suppressed=0 wide_skips=0 served=0.0MB copied=0.0MB ssd_avoided=0.0GB live=0/0.0GB model=0 protected=0 declined=0 topup_suppressed=0 aged=0 into=0/0/0 pending=0
[mirror-split] internal=0 K3C=0 K3B=0 K3A=0  shares=0%/0%/0%/0%
[phases] mono=393471.115249 chunks=80 sequence=148.439s read_wait=0.171s bind_upload=1.646s attention_resident=7.623s expert_read_prefetch=82.898s expert_demand_read=50.440s expert_plan=4.565s expert_hint=0.000s expert_submit=0.001s expert_kernel=54.724s source_fence=0.000s tail_head_sync=1.170s layer_other=0.164s expert_read_gross=78.333s plan_hint=4.451s plan_sched=0.112s attn_total=7.606s attn_encode=3.048s attn_wait=3.274s attn_drain=1.284s kernel_total=29.910s kernel_host=0.983s kernel_wait=3.056s kernel_drain=25.871s
[attn-split] single: calls=7347 total=5.490s encode=2.426s wait=1.780s drain=1.284s waits=12719 untimed=1956 | wide: calls=93 total=2.116s encode=0.622s wait=1.494s drain=0.000s waits=92 untimed=92 | hint: calls=7360 total=4.447s encode=0.019s wait=4.428s drain=0.000s waits=7189 untimed=7189
[kernel-split] single: calls=7864 total=26.755s encode=0.788s wait=0.327s drain=25.641s waits=8443 untimed=6681 | wide: calls=550 total=3.155s encode=0.196s wait=2.729s drain=0.230s waits=550 untimed=0
[kernel-sub] materialize=0.072s moe=3.612s precommit=25.733s rest=0.493s
[metal-cache] calls=11347 zero_copy_wraps=233 copies=0 cache_entries=112 bindless=true
 who
[stats] generated=81 elapsed=149.979s speed=0.5401 token/s (1.852 s/token) chunks=81 committed_rows=118 verify_tx=0 drafts=0/0 layer_passes=7533 expert_rows=10856 expert_tiles=7923
[opens] expert file opens=307312 total=4.563s mean=0.015ms requested_bytes=3316324318400 (3316.3 GB)
[arrival] tiles=643 waves=1231 uncovered_wait=24.795s dispatch=3.789s
[retain] enabled=false cap_gb=8 layers=63..=92 consults=0 wanted=0 hits=0 inserts=0 served=0.0MB
[summer] enabled=false cap_gb=8 sample=16 consults=0 wanted=0 hits=0 hit_rate=0.0% misses=0 inserts=0 evictions=0 recycled=0 allocs=0 pin_skips=0 gated=0 ramp=2..50 bar=0 suppressed=0 wide_skips=0 served=0.0MB copied=0.0MB ssd_avoided=0.0GB live=0/0.0GB model=0 protected=0 declined=0 topup_suppressed=0 aged=0 into=0/0/0 pending=0
[mirror-split] internal=0 K3C=0 K3B=0 K3A=0  shares=0%/0%/0%/0%
[phases] mono=393472.560598 chunks=81 sequence=149.884s read_wait=0.171s bind_upload=1.646s attention_resident=7.698s expert_read_prefetch=83.888s expert_demand_read=51.095s expert_plan=4.624s expert_hint=0.000s expert_submit=0.001s expert_kernel=55.083s source_fence=0.000s tail_head_sync=1.187s layer_other=0.165s expert_read_gross=79.264s plan_hint=4.509s plan_sched=0.113s attn_total=7.682s attn_encode=3.082s attn_wait=3.299s attn_drain=1.301s kernel_total=30.259s kernel_host=0.994s kernel_wait=3.059s kernel_drain=26.206s
[attn-split] single: calls=7440 total=5.566s encode=2.460s wait=1.805s drain=1.301s waits=12880 untimed=1978 | wide: calls=93 total=2.116s encode=0.622s wait=1.494s drain=0.000s waits=92 untimed=92 | hint: calls=7452 total=4.505s encode=0.019s wait=4.486s drain=0.000s waits=7280 untimed=7280
[kernel-split] single: calls=7961 total=27.104s encode=0.798s wait=0.330s drain=25.976s waits=8546 untimed=6766 | wide: calls=550 total=3.155s encode=0.196s wait=2.729s drain=0.230s waits=550 untimed=0
[kernel-sub] materialize=0.072s moe=3.619s precommit=26.070s rest=0.498s
[metal-cache] calls=11444 zero_copy_wraps=233 copies=0 cache_entries=112 bindless=true
 handles
[stats] generated=82 elapsed=151.521s speed=0.5412 token/s (1.848 s/token) chunks=82 committed_rows=119 verify_tx=0 drafts=0/0 layer_passes=7626 expert_rows=10948 expert_tiles=8015
[opens] expert file opens=311162 total=4.615s mean=0.015ms requested_bytes=3350067788992 (3350.1 GB)
[arrival] tiles=644 waves=1239 uncovered_wait=24.806s dispatch=3.796s
[retain] enabled=false cap_gb=8 layers=63..=92 consults=0 wanted=0 hits=0 inserts=0 served=0.0MB
[summer] enabled=false cap_gb=8 sample=16 consults=0 wanted=0 hits=0 hit_rate=0.0% misses=0 inserts=0 evictions=0 recycled=0 allocs=0 pin_skips=0 gated=0 ramp=2..50 bar=0 suppressed=0 wide_skips=0 served=0.0MB copied=0.0MB ssd_avoided=0.0GB live=0/0.0GB model=0 protected=0 declined=0 topup_suppressed=0 aged=0 into=0/0/0 pending=0
[mirror-split] internal=0 K3C=0 K3B=0 K3A=0  shares=0%/0%/0%/0%
[phases] mono=393474.103116 chunks=82 sequence=151.425s read_wait=0.171s bind_upload=1.646s attention_resident=7.791s expert_read_prefetch=84.992s expert_demand_read=51.750s expert_plan=4.686s expert_hint=0.000s expert_submit=0.001s expert_kernel=55.412s source_fence=0.000s tail_head_sync=1.202s layer_other=0.167s expert_read_gross=80.305s plan_hint=4.570s plan_sched=0.114s attn_total=7.775s attn_encode=3.133s attn_wait=3.318s attn_drain=1.323s kernel_total=30.577s kernel_host=1.004s kernel_wait=3.063s kernel_drain=26.510s
[attn-split] single: calls=7533 total=5.659s encode=2.511s wait=1.824s drain=1.323s waits=13041 untimed=2003 | wide: calls=93 total=2.116s encode=0.622s wait=1.494s drain=0.000s waits=92 untimed=92 | hint: calls=7544 total=4.566s encode=0.019s wait=4.547s drain=0.000s waits=7371 untimed=7371
[kernel-split] single: calls=8060 total=27.422s encode=0.808s wait=0.333s drain=26.280s waits=8653 untimed=6855 | wide: calls=550 total=3.155s encode=0.196s wait=2.729s drain=0.230s waits=550 untimed=0
[kernel-sub] materialize=0.072s moe=3.625s precommit=26.376s rest=0.504s
[metal-cache] calls=11543 zero_copy_wraps=233 copies=0 cache_entries=112 bindless=true
 the
[stats] generated=83 elapsed=152.996s speed=0.5425 token/s (1.843 s/token) chunks=83 committed_rows=120 verify_tx=0 drafts=0/0 layer_passes=7719 expert_rows=11040 expert_tiles=8107
[opens] expert file opens=314996 total=4.667s mean=0.015ms requested_bytes=3383670865088 (3383.7 GB)
[arrival] tiles=645 waves=1246 uncovered_wait=24.816s dispatch=3.804s
[retain] enabled=false cap_gb=8 layers=63..=92 consults=0 wanted=0 hits=0 inserts=0 served=0.0MB
[summer] enabled=false cap_gb=8 sample=16 consults=0 wanted=0 hits=0 hit_rate=0.0% misses=0 inserts=0 evictions=0 recycled=0 allocs=0 pin_skips=0 gated=0 ramp=2..50 bar=0 suppressed=0 wide_skips=0 served=0.0MB copied=0.0MB ssd_avoided=0.0GB live=0/0.0GB model=0 protected=0 declined=0 topup_suppressed=0 aged=0 into=0/0/0 pending=0
[mirror-split] internal=0 K3C=0 K3B=0 K3A=0  shares=0%/0%/0%/0%
[phases] mono=393475.577288 chunks=83 sequence=152.898s read_wait=0.171s bind_upload=1.646s attention_resident=7.856s expert_read_prefetch=86.048s expert_demand_read=52.440s expert_plan=4.750s expert_hint=0.000s expert_submit=0.001s expert_kernel=55.748s source_fence=0.000s tail_head_sync=1.215s layer_other=0.168s expert_read_gross=81.298s plan_hint=4.633s plan_sched=0.115s attn_total=7.839s attn_encode=3.158s attn_wait=3.339s attn_drain=1.342s kernel_total=30.903s kernel_host=1.014s kernel_wait=3.067s kernel_drain=26.821s
[attn-split] single: calls=7626 total=5.723s encode=2.536s wait=1.845s drain=1.342s waits=13202 untimed=2023 | wide: calls=93 total=2.116s encode=0.622s wait=1.494s drain=0.000s waits=92 untimed=92 | hint: calls=7636 total=4.628s encode=0.019s wait=4.609s drain=0.000s waits=7462 untimed=7462
[kernel-split] single: calls=8158 total=27.748s encode=0.818s wait=0.338s drain=26.591s waits=8758 untimed=6943 | wide: calls=550 total=3.155s encode=0.196s wait=2.729s drain=0.230s waits=550 untimed=0
[kernel-sub] materialize=0.072s moe=3.633s precommit=26.689s rest=0.509s
[metal-cache] calls=11641 zero_copy_wraps=233 copies=0 cache_entries=112 bindless=true
 getaway
[stats] generated=84 elapsed=154.496s speed=0.5437 token/s (1.839 s/token) chunks=84 committed_rows=121 verify_tx=0 drafts=0/0 layer_passes=7812 expert_rows=11132 expert_tiles=8199
[opens] expert file opens=318905 total=4.723s mean=0.015ms requested_bytes=3417975782592 (3418.0 GB)
[arrival] tiles=646 waves=1253 uncovered_wait=24.825s dispatch=3.815s
[retain] enabled=false cap_gb=8 layers=63..=92 consults=0 wanted=0 hits=0 inserts=0 served=0.0MB
[summer] enabled=false cap_gb=8 sample=16 consults=0 wanted=0 hits=0 hit_rate=0.0% misses=0 inserts=0 evictions=0 recycled=0 allocs=0 pin_skips=0 gated=0 ramp=2..50 bar=0 suppressed=0 wide_skips=0 served=0.0MB copied=0.0MB ssd_avoided=0.0GB live=0/0.0GB model=0 protected=0 declined=0 topup_suppressed=0 aged=0 into=0/0/0 pending=0
[mirror-split] internal=0 K3C=0 K3B=0 K3A=0  shares=0%/0%/0%/0%
[phases] mono=393477.077650 chunks=84 sequence=154.397s read_wait=0.171s bind_upload=1.646s attention_resident=7.930s expert_read_prefetch=87.077s expert_demand_read=53.084s expert_plan=4.811s expert_hint=0.000s expert_submit=0.001s expert_kernel=56.128s source_fence=0.000s tail_head_sync=1.229s layer_other=0.170s expert_read_gross=82.266s plan_hint=4.693s plan_sched=0.116s attn_total=7.913s attn_encode=3.186s attn_wait=3.365s attn_drain=1.362s kernel_total=31.274s kernel_host=1.025s kernel_wait=3.073s kernel_drain=27.175s
[attn-split] single: calls=7719 total=5.797s encode=2.564s wait=1.871s drain=1.362s waits=13363 untimed=2046 | wide: calls=93 total=2.116s encode=0.622s wait=1.494s drain=0.000s waits=92 untimed=92 | hint: calls=7728 total=4.688s encode=0.020s wait=4.668s drain=0.000s waits=7553 untimed=7553
[kernel-split] single: calls=8256 total=28.119s encode=0.829s wait=0.344s drain=26.945s waits=8863 untimed=7034 | wide: calls=550 total=3.155s encode=0.196s wait=2.729s drain=0.230s waits=550 untimed=0
[kernel-sub] materialize=0.072s moe=3.644s precommit=27.042s rest=0.515s
[metal-cache] calls=11739 zero_copy_wraps=233 copies=0 cache_entries=112 bindless=true
[route-chain] chained=5520
[route-chain] dedup_hits=5520
 vehicles
[stats] generated=85 elapsed=156.022s speed=0.5448 token/s (1.836 s/token) chunks=85 committed_rows=122 verify_tx=0 drafts=0/0 layer_passes=7905 expert_rows=11224 expert_tiles=8291
[opens] expert file opens=322789 total=4.785s mean=0.015ms requested_bytes=3451982462144 (3452.0 GB)
[arrival] tiles=647 waves=1261 uncovered_wait=24.835s dispatch=3.823s
[retain] enabled=false cap_gb=8 layers=63..=92 consults=0 wanted=0 hits=0 inserts=0 served=0.0MB
[summer] enabled=false cap_gb=8 sample=16 consults=0 wanted=0 hits=0 hit_rate=0.0% misses=0 inserts=0 evictions=0 recycled=0 allocs=0 pin_skips=0 gated=0 ramp=2..50 bar=0 suppressed=0 wide_skips=0 served=0.0MB copied=0.0MB ssd_avoided=0.0GB live=0/0.0GB model=0 protected=0 declined=0 topup_suppressed=0 aged=0 into=0/0/0 pending=0
[mirror-split] internal=0 K3C=0 K3B=0 K3A=0  shares=0%/0%/0%/0%
[phases] mono=393478.603393 chunks=85 sequence=155.921s read_wait=0.171s bind_upload=1.646s attention_resident=7.996s expert_read_prefetch=88.157s expert_demand_read=53.745s expert_plan=4.870s expert_hint=0.000s expert_submit=0.001s expert_kernel=56.490s source_fence=0.000s tail_head_sync=1.243s layer_other=0.172s expert_read_gross=83.287s plan_hint=4.750s plan_sched=0.117s attn_total=7.979s attn_encode=3.212s attn_wait=3.389s attn_drain=1.378s kernel_total=31.625s kernel_host=1.036s kernel_wait=3.077s kernel_drain=27.512s
[attn-split] single: calls=7812 total=5.863s encode=2.590s wait=1.895s drain=1.378s waits=13524 untimed=2066 | wide: calls=93 total=2.116s encode=0.622s wait=1.494s drain=0.000s waits=92 untimed=92 | hint: calls=7820 total=4.746s encode=0.020s wait=4.726s drain=0.000s waits=7644 untimed=7644
[kernel-split] single: calls=8355 total=28.470s encode=0.840s wait=0.347s drain=27.282s waits=8970 untimed=7117 | wide: calls=550 total=3.155s encode=0.196s wait=2.729s drain=0.230s waits=550 untimed=0
[kernel-sub] materialize=0.072s moe=3.652s precommit=27.380s rest=0.520s
[metal-cache] calls=11838 zero_copy_wraps=233 copies=0 cache_entries=112 bindless=true
,
[stats] generated=86 elapsed=157.524s speed=0.5459 token/s (1.832 s/token) chunks=86 committed_rows=123 verify_tx=0 drafts=0/0 layer_passes=7998 expert_rows=11316 expert_tiles=8383
[opens] expert file opens=326716 total=4.839s mean=0.015ms requested_bytes=3486401477824 (3486.4 GB)
[arrival] tiles=648 waves=1269 uncovered_wait=24.851s dispatch=3.831s
[retain] enabled=false cap_gb=8 layers=63..=92 consults=0 wanted=0 hits=0 inserts=0 served=0.0MB
[summer] enabled=false cap_gb=8 sample=16 consults=0 wanted=0 hits=0 hit_rate=0.0% misses=0 inserts=0 evictions=0 recycled=0 allocs=0 pin_skips=0 gated=0 ramp=2..50 bar=0 suppressed=0 wide_skips=0 served=0.0MB copied=0.0MB ssd_avoided=0.0GB live=0/0.0GB model=0 protected=0 declined=0 topup_suppressed=0 aged=0 into=0/0/0 pending=0
[mirror-split] internal=0 K3C=0 K3B=0 K3A=0  shares=0%/0%/0%/0%
[phases] mono=393480.106033 chunks=86 sequence=157.422s read_wait=0.171s bind_upload=1.646s attention_resident=8.078s expert_read_prefetch=89.184s expert_demand_read=54.377s expert_plan=4.928s expert_hint=0.000s expert_submit=0.001s expert_kernel=56.867s source_fence=0.000s tail_head_sync=1.257s layer_other=0.174s expert_read_gross=84.256s plan_hint=4.807s plan_sched=0.119s attn_total=8.060s attn_encode=3.251s attn_wait=3.419s attn_drain=1.391s kernel_total=31.985s kernel_host=1.046s kernel_wait=3.081s kernel_drain=27.859s
[attn-split] single: calls=7905 total=5.944s encode=2.629s wait=1.924s drain=1.391s waits=13685 untimed=2095 | wide: calls=93 total=2.116s encode=0.622s wait=1.494s drain=0.000s waits=92 untimed=92 | hint: calls=7912 total=4.803s encode=0.020s wait=4.783s drain=0.000s waits=7735 untimed=7735
[kernel-split] single: calls=8454 total=28.830s encode=0.850s wait=0.351s drain=27.629s waits=9077 untimed=7205 | wide: calls=550 total=3.155s encode=0.196s wait=2.729s drain=0.230s waits=550 untimed=0
[kernel-sub] materialize=0.072s moe=3.660s precommit=27.728s rest=0.526s
[metal-cache] calls=11937 zero_copy_wraps=233 copies=0 cache_entries=112 bindless=true
 and
[stats] generated=87 elapsed=158.996s speed=0.5472 token/s (1.828 s/token) chunks=87 committed_rows=124 verify_tx=0 drafts=0/0 layer_passes=8091 expert_rows=11408 expert_tiles=8475
[opens] expert file opens=330637 total=4.893s mean=0.015ms requested_bytes=3520767868096 (3520.8 GB)
[arrival] tiles=649 waves=1276 uncovered_wait=24.860s dispatch=3.838s
[retain] enabled=false cap_gb=8 layers=63..=92 consults=0 wanted=0 hits=0 inserts=0 served=0.0MB
[summer] enabled=false cap_gb=8 sample=16 consults=0 wanted=0 hits=0 hit_rate=0.0% misses=0 inserts=0 evictions=0 recycled=0 allocs=0 pin_skips=0 gated=0 ramp=2..50 bar=0 suppressed=0 wide_skips=0 served=0.0MB copied=0.0MB ssd_avoided=0.0GB live=0/0.0GB model=0 protected=0 declined=0 topup_suppressed=0 aged=0 into=0/0/0 pending=0
[mirror-split] internal=0 K3C=0 K3B=0 K3A=0  shares=0%/0%/0%/0%
[phases] mono=393481.577905 chunks=87 sequence=158.893s read_wait=0.171s bind_upload=1.646s attention_resident=8.145s expert_read_prefetch=90.212s expert_demand_read=54.968s expert_plan=4.994s expert_hint=0.000s expert_submit=0.001s expert_kernel=57.227s source_fence=0.000s tail_head_sync=1.272s layer_other=0.175s expert_read_gross=85.218s plan_hint=4.872s plan_sched=0.120s attn_total=8.128s attn_encode=3.279s attn_wait=3.441s attn_drain=1.408s kernel_total=32.336s kernel_host=1.056s kernel_wait=3.084s kernel_drain=28.196s
[attn-split] single: calls=7998 total=6.011s encode=2.657s wait=1.946s drain=1.408s waits=13846 untimed=2115 | wide: calls=93 total=2.116s encode=0.622s wait=1.494s drain=0.000s waits=92 untimed=92 | hint: calls=8004 total=4.867s encode=0.020s wait=4.847s drain=0.000s waits=7826 untimed=7826
[kernel-split] single: calls=8552 total=29.181s encode=0.860s wait=0.355s drain=27.966s waits=9182 untimed=7287 | wide: calls=550 total=3.155s encode=0.196s wait=2.729s drain=0.230s waits=550 untimed=0
[kernel-sub] materialize=0.072s moe=3.666s precommit=28.066s rest=0.532s
[metal-cache] calls=12035 zero_copy_wraps=233 copies=0 cache_entries=112 bindless=true
 a
[stats] generated=88 elapsed=160.460s speed=0.5484 token/s (1.823 s/token) chunks=88 committed_rows=125 verify_tx=0 drafts=0/0 layer_passes=8184 expert_rows=11500 expert_tiles=8567
[opens] expert file opens=334548 total=4.952s mean=0.015ms requested_bytes=3555028974784 (3555.0 GB)
[arrival] tiles=650 waves=1284 uncovered_wait=24.868s dispatch=3.844s
[retain] enabled=false cap_gb=8 layers=63..=92 consults=0 wanted=0 hits=0 inserts=0 served=0.0MB
[summer] enabled=false cap_gb=8 sample=16 consults=0 wanted=0 hits=0 hit_rate=0.0% misses=0 inserts=0 evictions=0 recycled=0 allocs=0 pin_skips=0 gated=0 ramp=2..50 bar=0 suppressed=0 wide_skips=0 served=0.0MB copied=0.0MB ssd_avoided=0.0GB live=0/0.0GB model=0 protected=0 declined=0 topup_suppressed=0 aged=0 into=0/0/0 pending=0
[mirror-split] internal=0 K3C=0 K3B=0 K3A=0  shares=0%/0%/0%/0%
[phases] mono=393483.041874 chunks=88 sequence=160.356s read_wait=0.171s bind_upload=1.646s attention_resident=8.215s expert_read_prefetch=91.241s expert_demand_read=55.582s expert_plan=5.043s expert_hint=0.000s expert_submit=0.001s expert_kernel=57.576s source_fence=0.000s tail_head_sync=1.285s layer_other=0.176s expert_read_gross=86.197s plan_hint=4.920s plan_sched=0.121s attn_total=8.197s attn_encode=3.306s attn_wait=3.471s attn_drain=1.420s kernel_total=32.677s kernel_host=1.066s kernel_wait=3.088s kernel_drain=28.523s
[attn-split] single: calls=8091 total=6.081s encode=2.684s wait=1.976s drain=1.420s waits=14007 untimed=2137 | wide: calls=93 total=2.116s encode=0.622s wait=1.494s drain=0.000s waits=92 untimed=92 | hint: calls=8096 total=4.916s encode=0.021s wait=4.895s drain=0.000s waits=7917 untimed=7917
[kernel-split] single: calls=8651 total=29.522s encode=0.871s wait=0.359s drain=28.293s waits=9289 untimed=7369 | wide: calls=550 total=3.155s encode=0.196s wait=2.729s drain=0.230s waits=550 untimed=0
[kernel-sub] materialize=0.072s moe=3.673s precommit=28.395s rest=0.537s
[metal-cache] calls=12134 zero_copy_wraps=233 copies=0 cache_entries=112 bindless=true
 cont
[stats] generated=89 elapsed=161.970s speed=0.5495 token/s (1.820 s/token) chunks=89 committed_rows=126 verify_tx=0 drafts=0/0 layer_passes=8277 expert_rows=11592 expert_tiles=8659
[opens] expert file opens=338532 total=5.009s mean=0.015ms requested_bytes=3589921799360 (3589.9 GB)
[arrival] tiles=651 waves=1292 uncovered_wait=24.878s dispatch=3.851s
[retain] enabled=false cap_gb=8 layers=63..=92 consults=0 wanted=0 hits=0 inserts=0 served=0.0MB
[summer] enabled=false cap_gb=8 sample=16 consults=0 wanted=0 hits=0 hit_rate=0.0% misses=0 inserts=0 evictions=0 recycled=0 allocs=0 pin_skips=0 gated=0 ramp=2..50 bar=0 suppressed=0 wide_skips=0 served=0.0MB copied=0.0MB ssd_avoided=0.0GB live=0/0.0GB model=0 protected=0 declined=0 topup_suppressed=0 aged=0 into=0/0/0 pending=0
[mirror-split] internal=0 K3C=0 K3B=0 K3A=0  shares=0%/0%/0%/0%
[phases] mono=393484.551598 chunks=89 sequence=161.865s read_wait=0.171s bind_upload=1.646s attention_resident=8.292s expert_read_prefetch=92.291s expert_demand_read=56.183s expert_plan=5.096s expert_hint=0.000s expert_submit=0.001s expert_kernel=57.943s source_fence=0.000s tail_head_sync=1.299s layer_other=0.178s expert_read_gross=87.194s plan_hint=4.972s plan_sched=0.122s attn_total=8.274s attn_encode=3.336s attn_wait=3.506s attn_drain=1.432s kernel_total=33.034s kernel_host=1.077s kernel_wait=3.091s kernel_drain=28.866s
[attn-split] single: calls=8184 total=6.157s encode=2.714s wait=2.012s drain=1.432s waits=14168 untimed=2162 | wide: calls=93 total=2.116s encode=0.622s wait=1.494s drain=0.000s waits=92 untimed=92 | hint: calls=8188 total=4.967s encode=0.021s wait=4.946s drain=0.000s waits=8008 untimed=8008
[kernel-split] single: calls=8750 total=29.879s encode=0.881s wait=0.362s drain=28.636s waits=9396 untimed=7454 | wide: calls=550 total=3.155s encode=0.196s wait=2.729s drain=0.230s waits=550 untimed=0
[kernel-sub] materialize=0.072s moe=3.679s precommit=28.740s rest=0.543s
[metal-cache] calls=12233 zero_copy_wraps=233 copies=0 cache_entries=112 bindless=true
ortion
[stats] generated=90 elapsed=163.474s speed=0.5505 token/s (1.816 s/token) chunks=90 committed_rows=127 verify_tx=0 drafts=0/0 layer_passes=8370 expert_rows=11684 expert_tiles=8751
[opens] expert file opens=342460 total=5.064s mean=0.015ms requested_bytes=3624384691392 (3624.4 GB)
[arrival] tiles=652 waves=1300 uncovered_wait=24.891s dispatch=3.859s
[retain] enabled=false cap_gb=8 layers=63..=92 consults=0 wanted=0 hits=0 inserts=0 served=0.0MB
[summer] enabled=false cap_gb=8 sample=16 consults=0 wanted=0 hits=0 hit_rate=0.0% misses=0 inserts=0 evictions=0 recycled=0 allocs=0 pin_skips=0 gated=0 ramp=2..50 bar=0 suppressed=0 wide_skips=0 served=0.0MB copied=0.0MB ssd_avoided=0.0GB live=0/0.0GB model=0 protected=0 declined=0 topup_suppressed=0 aged=0 into=0/0/0 pending=0
[mirror-split] internal=0 K3C=0 K3B=0 K3A=0  shares=0%/0%/0%/0%
[phases] mono=393486.055552 chunks=90 sequence=163.368s read_wait=0.171s bind_upload=1.646s attention_resident=8.376s expert_read_prefetch=93.339s expert_demand_read=56.816s expert_plan=5.148s expert_hint=0.000s expert_submit=0.001s expert_kernel=58.295s source_fence=0.000s tail_head_sync=1.316s layer_other=0.180s expert_read_gross=88.191s plan_hint=5.023s plan_sched=0.123s attn_total=8.357s attn_encode=3.374s attn_wait=3.537s attn_drain=1.447s kernel_total=33.372s kernel_host=1.087s kernel_wait=3.096s kernel_drain=29.189s
[attn-split] single: calls=8277 total=6.241s encode=2.752s wait=2.042s drain=1.447s waits=14329 untimed=2196 | wide: calls=93 total=2.116s encode=0.622s wait=1.494s drain=0.000s waits=92 untimed=92 | hint: calls=8280 total=5.018s encode=0.021s wait=4.997s drain=0.000s waits=8099 untimed=8099
[kernel-split] single: calls=8849 total=30.217s encode=0.891s wait=0.366s drain=28.959s waits=9503 untimed=7539 | wide: calls=550 total=3.155s encode=0.196s wait=2.729s drain=0.230s waits=550 untimed=0
[kernel-sub] materialize=0.072s moe=3.687s precommit=29.065s rest=0.548s
[metal-cache] calls=12332 zero_copy_wraps=233 copies=0 cache_entries=112 bindless=true
ist
[stats] generated=91 elapsed=164.917s speed=0.5518 token/s (1.812 s/token) chunks=91 committed_rows=128 verify_tx=0 drafts=0/0 layer_passes=8463 expert_rows=11776 expert_tiles=8843
[opens] expert file opens=346306 total=5.120s mean=0.015ms requested_bytes=3658084285632 (3658.1 GB)
[arrival] tiles=653 waves=1308 uncovered_wait=24.902s dispatch=3.865s
[retain] enabled=false cap_gb=8 layers=63..=92 consults=0 wanted=0 hits=0 inserts=0 served=0.0MB
[summer] enabled=false cap_gb=8 sample=16 consults=0 wanted=0 hits=0 hit_rate=0.0% misses=0 inserts=0 evictions=0 recycled=0 allocs=0 pin_skips=0 gated=0 ramp=2..50 bar=0 suppressed=0 wide_skips=0 served=0.0MB copied=0.0MB ssd_avoided=0.0GB live=0/0.0GB model=0 protected=0 declined=0 topup_suppressed=0 aged=0 into=0/0/0 pending=0
[mirror-split] internal=0 K3C=0 K3B=0 K3A=0  shares=0%/0%/0%/0%
[phases] mono=393487.498910 chunks=91 sequence=164.810s read_wait=0.171s bind_upload=1.646s attention_resident=8.440s expert_read_prefetch=94.338s expert_demand_read=57.412s expert_plan=5.196s expert_hint=0.000s expert_submit=0.001s expert_kernel=58.658s source_fence=0.000s tail_head_sync=1.331s layer_other=0.181s expert_read_gross=89.141s plan_hint=5.069s plan_sched=0.124s attn_total=8.421s attn_encode=3.403s attn_wait=3.562s attn_drain=1.457s kernel_total=33.724s kernel_host=1.098s kernel_wait=3.099s kernel_drain=29.527s
[attn-split] single: calls=8370 total=6.305s encode=2.781s wait=2.067s drain=1.457s waits=14490 untimed=2224 | wide: calls=93 total=2.116s encode=0.622s wait=1.494s drain=0.000s waits=92 untimed=92 | hint: calls=8372 total=5.064s encode=0.021s wait=5.043s drain=0.000s waits=8190 untimed=8190
[kernel-split] single: calls=8948 total=30.569s encode=0.902s wait=0.369s drain=29.297s waits=9610 untimed=7622 | wide: calls=550 total=3.155s encode=0.196s wait=2.729s drain=0.230s waits=550 untimed=0
[kernel-sub] materialize=0.072s moe=3.693s precommit=29.405s rest=0.554s
[metal-cache] calls=12431 zero_copy_wraps=233 copies=0 cache_entries=112 bindless=true
 who
[stats] generated=92 elapsed=166.407s speed=0.5529 token/s (1.809 s/token) chunks=92 committed_rows=129 verify_tx=0 drafts=0/0 layer_passes=8556 expert_rows=11868 expert_tiles=8935
[opens] expert file opens=350151 total=5.172s mean=0.015ms requested_bytes=3691810176192 (3691.8 GB)
[arrival] tiles=654 waves=1315 uncovered_wait=24.914s dispatch=3.871s
[retain] enabled=false cap_gb=8 layers=63..=92 consults=0 wanted=0 hits=0 inserts=0 served=0.0MB
[summer] enabled=false cap_gb=8 sample=16 consults=0 wanted=0 hits=0 hit_rate=0.0% misses=0 inserts=0 evictions=0 recycled=0 allocs=0 pin_skips=0 gated=0 ramp=2..50 bar=0 suppressed=0 wide_skips=0 served=0.0MB copied=0.0MB ssd_avoided=0.0GB live=0/0.0GB model=0 protected=0 declined=0 topup_suppressed=0 aged=0 into=0/0/0 pending=0
[mirror-split] internal=0 K3C=0 K3B=0 K3A=0  shares=0%/0%/0%/0%
[phases] mono=393488.988468 chunks=92 sequence=166.299s read_wait=0.171s bind_upload=1.646s attention_resident=8.503s expert_read_prefetch=95.398s expert_demand_read=58.073s expert_plan=5.243s expert_hint=0.000s expert_submit=0.001s expert_kernel=59.007s source_fence=0.000s tail_head_sync=1.345s layer_other=0.183s expert_read_gross=90.155s plan_hint=5.115s plan_sched=0.125s attn_total=8.485s attn_encode=3.431s attn_wait=3.586s attn_drain=1.467s kernel_total=34.061s kernel_host=1.108s kernel_wait=3.102s kernel_drain=29.852s
[attn-split] single: calls=8463 total=6.368s encode=2.809s wait=2.092s drain=1.467s waits=14651 untimed=2250 | wide: calls=93 total=2.116s encode=0.622s wait=1.494s drain=0.000s waits=92 untimed=92 | hint: calls=8464 total=5.110s encode=0.022s wait=5.089s drain=0.000s waits=8281 untimed=8281
[kernel-split] single: calls=9046 total=30.906s encode=0.912s wait=0.373s drain=29.622s waits=9715 untimed=7706 | wide: calls=550 total=3.155s encode=0.196s wait=2.729s drain=0.230s waits=550 untimed=0
[kernel-sub] materialize=0.072s moe=3.699s precommit=29.731s rest=0.559s
[metal-cache] calls=12529 zero_copy_wraps=233 copies=0 cache_entries=112 bindless=true
 can
[stats] generated=93 elapsed=167.929s speed=0.5538 token/s (1.806 s/token) chunks=93 committed_rows=130 verify_tx=0 drafts=0/0 layer_passes=8649 expert_rows=11960 expert_tiles=9027
[opens] expert file opens=354015 total=5.224s mean=0.015ms requested_bytes=3725711539392 (3725.7 GB)
[arrival] tiles=655 waves=1323 uncovered_wait=24.924s dispatch=3.877s
[retain] enabled=false cap_gb=8 layers=63..=92 consults=0 wanted=0 hits=0 inserts=0 served=0.0MB
[summer] enabled=false cap_gb=8 sample=16 consults=0 wanted=0 hits=0 hit_rate=0.0% misses=0 inserts=0 evictions=0 recycled=0 allocs=0 pin_skips=0 gated=0 ramp=2..50 bar=0 suppressed=0 wide_skips=0 served=0.0MB copied=0.0MB ssd_avoided=0.0GB live=0/0.0GB model=0 protected=0 declined=0 topup_suppressed=0 aged=0 into=0/0/0 pending=0
[mirror-split] internal=0 K3C=0 K3B=0 K3A=0  shares=0%/0%/0%/0%
[phases] mono=393490.510491 chunks=93 sequence=167.820s read_wait=0.171s bind_upload=1.646s attention_resident=8.569s expert_read_prefetch=96.483s expert_demand_read=58.742s expert_plan=5.301s expert_hint=0.000s expert_submit=0.001s expert_kernel=59.360s source_fence=0.000s tail_head_sync=1.361s layer_other=0.184s expert_read_gross=91.182s plan_hint=5.172s plan_sched=0.126s attn_total=8.550s attn_encode=3.458s attn_wait=3.609s attn_drain=1.483s kernel_total=34.403s kernel_host=1.117s kernel_wait=3.105s kernel_drain=30.181s
[attn-split] single: calls=8556 total=6.434s encode=2.836s wait=2.115s drain=1.483s waits=14812 untimed=2274 | wide: calls=93 total=2.116s encode=0.622s wait=1.494s drain=0.000s waits=92 untimed=92 | hint: calls=8556 total=5.167s encode=0.022s wait=5.145s drain=0.000s waits=8372 untimed=8372
[kernel-split] single: calls=9145 total=31.248s encode=0.922s wait=0.376s drain=29.951s waits=9822 untimed=7795 | wide: calls=550 total=3.155s encode=0.196s wait=2.729s drain=0.230s waits=550 untimed=0
[kernel-sub] materialize=0.072s moe=3.705s precommit=30.062s rest=0.565s
[metal-cache] calls=12628 zero_copy_wraps=233 copies=0 cache_entries=112 bindless=true
 navigate
[stats] generated=94 elapsed=169.457s speed=0.5547 token/s (1.803 s/token) chunks=94 committed_rows=131 verify_tx=0 drafts=0/0 layer_passes=8742 expert_rows=12052 expert_tiles=9119
[opens] expert file opens=357952 total=5.284s mean=0.015ms requested_bytes=3760191995072 (3760.2 GB)
[arrival] tiles=656 waves=1328 uncovered_wait=24.933s dispatch=3.884s
[retain] enabled=false cap_gb=8 layers=63..=92 consults=0 wanted=0 hits=0 inserts=0 served=0.0MB
[summer] enabled=false cap_gb=8 sample=16 consults=0 wanted=0 hits=0 hit_rate=0.0% misses=0 inserts=0 evictions=0 recycled=0 allocs=0 pin_skips=0 gated=0 ramp=2..50 bar=0 suppressed=0 wide_skips=0 served=0.0MB copied=0.0MB ssd_avoided=0.0GB live=0/0.0GB model=0 protected=0 declined=0 topup_suppressed=0 aged=0 into=0/0/0 pending=0
[mirror-split] internal=0 K3C=0 K3B=0 K3A=0  shares=0%/0%/0%/0%
[phases] mono=393492.039115 chunks=94 sequence=169.348s read_wait=0.171s bind_upload=1.646s attention_resident=8.649s expert_read_prefetch=97.530s expert_demand_read=59.400s expert_plan=5.356s expert_hint=0.000s expert_submit=0.001s expert_kernel=59.745s source_fence=0.000s tail_head_sync=1.375s layer_other=0.185s expert_read_gross=92.174s plan_hint=5.226s plan_sched=0.127s attn_total=8.630s attn_encode=3.498s attn_wait=3.633s attn_drain=1.499s kernel_total=34.779s kernel_host=1.128s kernel_wait=3.109s kernel_drain=30.543s
[attn-split] single: calls=8649 total=6.514s encode=2.876s wait=2.139s drain=1.499s waits=14973 untimed=2294 | wide: calls=93 total=2.116s encode=0.622s wait=1.494s drain=0.000s waits=92 untimed=92 | hint: calls=8648 total=5.221s encode=0.022s wait=5.199s drain=0.000s waits=8463 untimed=8463
[kernel-split] single: calls=9241 total=31.624s encode=0.932s wait=0.380s drain=30.313s waits=9923 untimed=7877 | wide: calls=550 total=3.155s encode=0.196s wait=2.729s drain=0.230s waits=550 untimed=0
[kernel-sub] materialize=0.072s moe=3.711s precommit=30.426s rest=0.571s
[metal-cache] calls=12724 zero_copy_wraps=233 copies=0 cache_entries=112 bindless=true
 the
[stats] generated=95 elapsed=170.959s speed=0.5557 token/s (1.800 s/token) chunks=95 committed_rows=132 verify_tx=0 drafts=0/0 layer_passes=8835 expert_rows=12144 expert_tiles=9211
[opens] expert file opens=361834 total=5.338s mean=0.015ms requested_bytes=3794207423680 (3794.2 GB)
[arrival] tiles=657 waves=1335 uncovered_wait=24.943s dispatch=3.891s
[retain] enabled=false cap_gb=8 layers=63..=92 consults=0 wanted=0 hits=0 inserts=0 served=0.0MB
[summer] enabled=false cap_gb=8 sample=16 consults=0 wanted=0 hits=0 hit_rate=0.0% misses=0 inserts=0 evictions=0 recycled=0 allocs=0 pin_skips=0 gated=0 ramp=2..50 bar=0 suppressed=0 wide_skips=0 served=0.0MB copied=0.0MB ssd_avoided=0.0GB live=0/0.0GB model=0 protected=0 declined=0 topup_suppressed=0 aged=0 into=0/0/0 pending=0
[mirror-split] internal=0 K3C=0 K3B=0 K3A=0  shares=0%/0%/0%/0%
[phases] mono=393493.540952 chunks=95 sequence=170.848s read_wait=0.171s bind_upload=1.646s attention_resident=8.714s expert_read_prefetch=98.591s expert_demand_read=60.063s expert_plan=5.414s expert_hint=0.000s expert_submit=0.001s expert_kernel=60.101s source_fence=0.000s tail_head_sync=1.391s layer_other=0.187s expert_read_gross=93.176s plan_hint=5.284s plan_sched=0.128s attn_total=8.695s attn_encode=3.523s attn_wait=3.656s attn_drain=1.516s kernel_total=35.126s kernel_host=1.138s kernel_wait=3.113s kernel_drain=30.874s
[attn-split] single: calls=8742 total=6.579s encode=2.901s wait=2.162s drain=1.516s waits=15134 untimed=2320 | wide: calls=93 total=2.116s encode=0.622s wait=1.494s drain=0.000s waits=92 untimed=92 | hint: calls=8740 total=5.279s encode=0.023s wait=5.256s drain=0.000s waits=8554 untimed=8554
[kernel-split] single: calls=9339 total=31.971s encode=0.942s wait=0.384s drain=30.644s waits=10028 untimed=7964 | wide: calls=550 total=3.155s encode=0.196s wait=2.729s drain=0.230s waits=550 untimed=0
[kernel-sub] materialize=0.072s moe=3.718s precommit=30.759s rest=0.576s
[metal-cache] calls=12822 zero_copy_wraps=233 copies=0 cache_entries=112 bindless=true
[route-chain] chained=6210
[route-chain] dedup_hits=6210
 laser
[stats] generated=96 elapsed=172.452s speed=0.5567 token/s (1.796 s/token) chunks=96 committed_rows=133 verify_tx=0 drafts=0/0 layer_passes=8928 expert_rows=12236 expert_tiles=9303
[opens] expert file opens=365812 total=5.393s mean=0.015ms requested_bytes=3829065137344 (3829.1 GB)
[arrival] tiles=658 waves=1343 uncovered_wait=24.954s dispatch=3.898s
[retain] enabled=false cap_gb=8 layers=63..=92 consults=0 wanted=0 hits=0 inserts=0 served=0.0MB
[summer] enabled=false cap_gb=8 sample=16 consults=0 wanted=0 hits=0 hit_rate=0.0% misses=0 inserts=0 evictions=0 recycled=0 allocs=0 pin_skips=0 gated=0 ramp=2..50 bar=0 suppressed=0 wide_skips=0 served=0.0MB copied=0.0MB ssd_avoided=0.0GB live=0/0.0GB model=0 protected=0 declined=0 topup_suppressed=0 aged=0 into=0/0/0 pending=0
[mirror-split] internal=0 K3C=0 K3B=0 K3A=0  shares=0%/0%/0%/0%
[phases] mono=393495.033567 chunks=96 sequence=172.340s read_wait=0.171s bind_upload=1.646s attention_resident=8.778s expert_read_prefetch=99.652s expert_demand_read=60.733s expert_plan=5.473s expert_hint=0.000s expert_submit=0.001s expert_kernel=60.453s source_fence=0.000s tail_head_sync=1.405s layer_other=0.188s expert_read_gross=94.178s plan_hint=5.341s plan_sched=0.129s attn_total=8.759s attn_encode=3.548s attn_wait=3.685s attn_drain=1.526s kernel_total=35.466s kernel_host=1.148s kernel_wait=3.117s kernel_drain=31.201s
[attn-split] single: calls=8835 total=6.643s encode=2.926s wait=2.191s drain=1.526s waits=15295 untimed=2350 | wide: calls=93 total=2.116s encode=0.622s wait=1.494s drain=0.000s waits=92 untimed=92 | hint: calls=8832 total=5.336s encode=0.023s wait=5.313s drain=0.000s waits=8645 untimed=8645
[kernel-split] single: calls=9438 total=32.311s encode=0.952s wait=0.388s drain=30.971s waits=10135 untimed=8053 | wide: calls=550 total=3.155s encode=0.196s wait=2.729s drain=0.230s waits=550 untimed=0
[kernel-sub] materialize=0.072s moe=3.725s precommit=31.088s rest=0.582s
[metal-cache] calls=12921 zero_copy_wraps=233 copies=0 cache_entries=112 bindless=true
 grid
[stats] generated=97 elapsed=173.965s speed=0.5576 token/s (1.793 s/token) chunks=97 committed_rows=134 verify_tx=0 drafts=0/0 layer_passes=9021 expert_rows=12328 expert_tiles=9395
[opens] expert file opens=369645 total=5.463s mean=0.015ms requested_bytes=3862712040640 (3862.7 GB)
[arrival] tiles=659 waves=1350 uncovered_wait=24.962s dispatch=3.904s
[retain] enabled=false cap_gb=8 layers=63..=92 consults=0 wanted=0 hits=0 inserts=0 served=0.0MB
[summer] enabled=false cap_gb=8 sample=16 consults=0 wanted=0 hits=0 hit_rate=0.0% misses=0 inserts=0 evictions=0 recycled=0 allocs=0 pin_skips=0 gated=0 ramp=2..50 bar=0 suppressed=0 wide_skips=0 served=0.0MB copied=0.0MB ssd_avoided=0.0GB live=0/0.0GB model=0 protected=0 declined=0 topup_suppressed=0 aged=0 into=0/0/0 pending=0
[mirror-split] internal=0 K3C=0 K3B=0 K3A=0  shares=0%/0%/0%/0%
[phases] mono=393496.547162 chunks=97 sequence=173.852s read_wait=0.171s bind_upload=1.646s attention_resident=8.840s expert_read_prefetch=100.739s expert_demand_read=61.351s expert_plan=5.533s expert_hint=0.000s expert_submit=0.001s expert_kernel=60.798s source_fence=0.000s tail_head_sync=1.421s layer_other=0.190s expert_read_gross=95.206s plan_hint=5.400s plan_sched=0.130s attn_total=8.821s attn_encode=3.571s attn_wait=3.709s attn_drain=1.541s kernel_total=35.802s kernel_host=1.158s kernel_wait=3.120s kernel_drain=31.524s
[attn-split] single: calls=8928 total=6.704s encode=2.950s wait=2.214s drain=1.541s waits=15456 untimed=2374 | wide: calls=93 total=2.116s encode=0.622s wait=1.494s drain=0.000s waits=92 untimed=92 | hint: calls=8924 total=5.395s encode=0.023s wait=5.372s drain=0.000s waits=8736 untimed=8736
[kernel-split] single: calls=9536 total=32.647s encode=0.962s wait=0.391s drain=31.294s waits=10240 untimed=8136 | wide: calls=550 total=3.155s encode=0.196s wait=2.729s drain=0.230s waits=550 untimed=0
[kernel-sub] materialize=0.072s moe=3.731s precommit=31.412s rest=0.587s
[metal-cache] calls=13019 zero_copy_wraps=233 copies=0 cache_entries=112 bindless=true
 protecting
[stats] generated=98 elapsed=175.497s speed=0.5584 token/s (1.791 s/token) chunks=98 committed_rows=135 verify_tx=0 drafts=0/0 layer_passes=9114 expert_rows=12420 expert_tiles=9487
[opens] expert file opens=373481 total=5.526s mean=0.015ms requested_bytes=3896332680384 (3896.3 GB)
[arrival] tiles=660 waves=1358 uncovered_wait=24.979s dispatch=3.914s
[retain] enabled=false cap_gb=8 layers=63..=92 consults=0 wanted=0 hits=0 inserts=0 served=0.0MB
[summer] enabled=false cap_gb=8 sample=16 consults=0 wanted=0 hits=0 hit_rate=0.0% misses=0 inserts=0 evictions=0 recycled=0 allocs=0 pin_skips=0 gated=0 ramp=2..50 bar=0 suppressed=0 wide_skips=0 served=0.0MB copied=0.0MB ssd_avoided=0.0GB live=0/0.0GB model=0 protected=0 declined=0 topup_suppressed=0 aged=0 into=0/0/0 pending=0
[mirror-split] internal=0 K3C=0 K3B=0 K3A=0  shares=0%/0%/0%/0%
[phases] mono=393498.078786 chunks=98 sequence=175.383s read_wait=0.171s bind_upload=1.646s attention_resident=8.922s expert_read_prefetch=101.782s expert_demand_read=61.972s expert_plan=5.586s expert_hint=0.000s expert_submit=0.001s expert_kernel=61.190s source_fence=0.000s tail_head_sync=1.433s layer_other=0.192s expert_read_gross=96.195s plan_hint=5.452s plan_sched=0.132s attn_total=8.902s attn_encode=3.611s attn_wait=3.734s attn_drain=1.557s kernel_total=36.177s kernel_host=1.169s kernel_wait=3.126s kernel_drain=31.883s
[attn-split] single: calls=9021 total=6.786s encode=2.989s wait=2.240s drain=1.557s waits=15617 untimed=2394 | wide: calls=93 total=2.116s encode=0.622s wait=1.494s drain=0.000s waits=92 untimed=92 | hint: calls=9016 total=5.447s encode=0.023s wait=5.424s drain=0.000s waits=8827 untimed=8827
[kernel-split] single: calls=9635 total=33.022s encode=0.973s wait=0.397s drain=31.653s waits=10347 untimed=8220 | wide: calls=550 total=3.155s encode=0.196s wait=2.729s drain=0.230s waits=550 untimed=0
[kernel-sub] materialize=0.072s moe=3.741s precommit=31.771s rest=0.593s
[metal-cache] calls=13118 zero_copy_wraps=233 copies=0 cache_entries=112 bindless=true
 the
[stats] generated=99 elapsed=177.009s speed=0.5593 token/s (1.788 s/token) chunks=99 committed_rows=136 verify_tx=0 drafts=0/0 layer_passes=9207 expert_rows=12512 expert_tiles=9579
[opens] expert file opens=377282 total=5.586s mean=0.015ms requested_bytes=3929663782080 (3929.7 GB)
[arrival] tiles=661 waves=1366 uncovered_wait=24.988s dispatch=3.923s
[retain] enabled=false cap_gb=8 layers=63..=92 consults=0 wanted=0 hits=0 inserts=0 served=0.0MB
[summer] enabled=false cap_gb=8 sample=16 consults=0 wanted=0 hits=0 hit_rate=0.0% misses=0 inserts=0 evictions=0 recycled=0 allocs=0 pin_skips=0 gated=0 ramp=2..50 bar=0 suppressed=0 wide_skips=0 served=0.0MB copied=0.0MB ssd_avoided=0.0GB live=0/0.0GB model=0 protected=0 declined=0 topup_suppressed=0 aged=0 into=0/0/0 pending=0
[mirror-split] internal=0 K3C=0 K3B=0 K3A=0  shares=0%/0%/0%/0%
[phases] mono=393499.590334 chunks=99 sequence=176.894s read_wait=0.171s bind_upload=1.646s attention_resident=8.986s expert_read_prefetch=102.862s expert_demand_read=62.653s expert_plan=5.640s expert_hint=0.000s expert_submit=0.001s expert_kernel=61.543s source_fence=0.000s tail_head_sync=1.447s layer_other=0.193s expert_read_gross=97.221s plan_hint=5.505s plan_sched=0.133s attn_total=8.965s attn_encode=3.634s attn_wait=3.760s attn_drain=1.572s kernel_total=36.521s kernel_host=1.179s kernel_wait=3.130s kernel_drain=32.213s
[attn-split] single: calls=9114 total=6.849s encode=3.012s wait=2.265s drain=1.572s waits=15778 untimed=2419 | wide: calls=93 total=2.116s encode=0.622s wait=1.494s drain=0.000s waits=92 untimed=92 | hint: calls=9108 total=5.500s encode=0.023s wait=5.476s drain=0.000s waits=8918 untimed=8918
[kernel-split] single: calls=9734 total=33.366s encode=0.983s wait=0.400s drain=31.983s waits=10454 untimed=8305 | wide: calls=550 total=3.155s encode=0.196s wait=2.729s drain=0.230s waits=550 untimed=0
[kernel-sub] materialize=0.072s moe=3.749s precommit=32.102s rest=0.598s
[metal-cache] calls=13217 zero_copy_wraps=233 copies=0 cache_entries=112 bindless=true
 jewel
[stats] generated=100 elapsed=178.529s speed=0.5601 token/s (1.785 s/token) chunks=100 committed_rows=137 verify_tx=0 drafts=0/0 layer_passes=9300 expert_rows=12604 expert_tiles=9671
[opens] expert file opens=381299 total=5.640s mean=0.015ms requested_bytes=3964907519168 (3964.9 GB)
[arrival] tiles=662 waves=1372 uncovered_wait=24.996s dispatch=3.929s
[retain] enabled=false cap_gb=8 layers=63..=92 consults=0 wanted=0 hits=0 inserts=0 served=0.0MB
[summer] enabled=false cap_gb=8 sample=16 consults=0 wanted=0 hits=0 hit_rate=0.0% misses=0 inserts=0 evictions=0 recycled=0 allocs=0 pin_skips=0 gated=0 ramp=2..50 bar=0 suppressed=0 wide_skips=0 served=0.0MB copied=0.0MB ssd_avoided=0.0GB live=0/0.0GB model=0 protected=0 declined=0 topup_suppressed=0 aged=0 into=0/0/0 pending=0
[mirror-split] internal=0 K3C=0 K3B=0 K3A=0  shares=0%/0%/0%/0%
[phases] mono=393501.110675 chunks=100 sequence=178.413s read_wait=0.171s bind_upload=1.646s attention_resident=9.048s expert_read_prefetch=103.949s expert_demand_read=63.297s expert_plan=5.706s expert_hint=0.000s expert_submit=0.001s expert_kernel=61.896s source_fence=0.000s tail_head_sync=1.460s layer_other=0.195s expert_read_gross=98.243s plan_hint=5.569s plan_sched=0.134s attn_total=9.028s attn_encode=3.659s attn_wait=3.779s attn_drain=1.590s kernel_total=36.866s kernel_host=1.189s kernel_wait=3.134s kernel_drain=32.543s
[attn-split] single: calls=9207 total=6.911s encode=3.037s wait=2.285s drain=1.590s waits=15939 untimed=2438 | wide: calls=93 total=2.116s encode=0.622s wait=1.494s drain=0.000s waits=92 untimed=92 | hint: calls=9200 total=5.564s encode=0.024s wait=5.540s drain=0.000s waits=9009 untimed=9009
[kernel-split] single: calls=9831 total=33.711s encode=0.993s wait=0.404s drain=32.313s waits=10557 untimed=8385 | wide: calls=550 total=3.155s encode=0.196s wait=2.729s drain=0.230s waits=550 untimed=0
[kernel-sub] materialize=0.072s moe=3.755s precommit=32.434s rest=0.604s
[metal-cache] calls=13314 zero_copy_wraps=233 copies=0 cache_entries=112 bindless=true
.
[stats] generated=101 elapsed=180.000s speed=0.5611 token/s (1.782 s/token) chunks=101 committed_rows=138 verify_tx=0 drafts=0/0 layer_passes=9393 expert_rows=12696 expert_tiles=9763
[opens] expert file opens=385164 total=5.710s mean=0.015ms requested_bytes=3998791335104 (3998.8 GB)
[arrival] tiles=663 waves=1379 uncovered_wait=25.006s dispatch=3.939s
[retain] enabled=false cap_gb=8 layers=63..=92 consults=0 wanted=0 hits=0 inserts=0 served=0.0MB
[summer] enabled=false cap_gb=8 sample=16 consults=0 wanted=0 hits=0 hit_rate=0.0% misses=0 inserts=0 evictions=0 recycled=0 allocs=0 pin_skips=0 gated=0 ramp=2..50 bar=0 suppressed=0 wide_skips=0 served=0.0MB copied=0.0MB ssd_avoided=0.0GB live=0/0.0GB model=0 protected=0 declined=0 topup_suppressed=0 aged=0 into=0/0/0 pending=0
[mirror-split] internal=0 K3C=0 K3B=0 K3A=0  shares=0%/0%/0%/0%
[phases] mono=393502.581956 chunks=101 sequence=179.882s read_wait=0.171s bind_upload=1.646s attention_resident=9.114s expert_read_prefetch=104.965s expert_demand_read=63.934s expert_plan=5.772s expert_hint=0.000s expert_submit=0.001s expert_kernel=62.268s source_fence=0.000s tail_head_sync=1.475s layer_other=0.196s expert_read_gross=99.193s plan_hint=5.634s plan_sched=0.135s attn_total=9.093s attn_encode=3.684s attn_wait=3.800s attn_drain=1.609s kernel_total=37.228s kernel_host=1.200s kernel_wait=3.138s kernel_drain=32.890s
[attn-split] single: calls=9300 total=6.977s encode=3.062s wait=2.306s drain=1.609s waits=16100 untimed=2453 | wide: calls=93 total=2.116s encode=0.622s wait=1.494s drain=0.000s waits=92 untimed=92 | hint: calls=9292 total=5.629s encode=0.024s wait=5.605s drain=0.000s waits=9100 untimed=9100
[kernel-split] single: calls=9929 total=34.073s encode=1.004s wait=0.409s drain=32.660s waits=10662 untimed=8456 | wide: calls=550 total=3.155s encode=0.196s wait=2.729s drain=0.230s waits=550 untimed=0
[kernel-sub] materialize=0.072s moe=3.765s precommit=32.781s rest=0.610s
[metal-cache] calls=13412 zero_copy_wraps=233 copies=0 cache_entries=112 bindless=true
 Their
[stats] generated=102 elapsed=181.510s speed=0.5620 token/s (1.780 s/token) chunks=102 committed_rows=139 verify_tx=0 drafts=0/0 layer_passes=9486 expert_rows=12788 expert_tiles=9855
[opens] expert file opens=389112 total=5.770s mean=0.015ms requested_bytes=4033455979712 (4033.5 GB)
[arrival] tiles=664 waves=1387 uncovered_wait=25.019s dispatch=3.947s
[retain] enabled=false cap_gb=8 layers=63..=92 consults=0 wanted=0 hits=0 inserts=0 served=0.0MB
[summer] enabled=false cap_gb=8 sample=16 consults=0 wanted=0 hits=0 hit_rate=0.0% misses=0 inserts=0 evictions=0 recycled=0 allocs=0 pin_skips=0 gated=0 ramp=2..50 bar=0 suppressed=0 wide_skips=0 served=0.0MB copied=0.0MB ssd_avoided=0.0GB live=0/0.0GB model=0 protected=0 declined=0 topup_suppressed=0 aged=0 into=0/0/0 pending=0
[mirror-split] internal=0 K3C=0 K3B=0 K3A=0  shares=0%/0%/0%/0%
[phases] mono=393504.092056 chunks=102 sequence=181.392s read_wait=0.171s bind_upload=1.646s attention_resident=9.190s expert_read_prefetch=106.036s expert_demand_read=64.595s expert_plan=5.837s expert_hint=0.000s expert_submit=0.001s expert_kernel=62.615s source_fence=0.000s tail_head_sync=1.488s layer_other=0.198s expert_read_gross=100.199s plan_hint=5.698s plan_sched=0.136s attn_total=9.169s attn_encode=3.717s attn_wait=3.823s attn_drain=1.629s kernel_total=37.561s kernel_host=1.210s kernel_wait=3.142s kernel_drain=33.208s
[attn-split] single: calls=9393 total=7.053s encode=3.095s wait=2.328s drain=1.629s waits=16261 untimed=2473 | wide: calls=93 total=2.116s encode=0.622s wait=1.494s drain=0.000s waits=92 untimed=92 | hint: calls=9384 total=5.693s encode=0.024s wait=5.669s drain=0.000s waits=9191 untimed=9191
[kernel-split] single: calls=10028 total=34.406s encode=1.014s wait=0.413s drain=32.978s waits=10769 untimed=8541 | wide: calls=550 total=3.155s encode=0.196s wait=2.729s drain=0.230s waits=550 untimed=0
[kernel-sub] materialize=0.072s moe=3.773s precommit=33.101s rest=0.615s
[metal-cache] calls=13511 zero_copy_wraps=233 copies=0 cache_entries=112 bindless=true
 plan
[stats] generated=103 elapsed=183.041s speed=0.5627 token/s (1.777 s/token) chunks=103 committed_rows=140 verify_tx=0 drafts=0/0 layer_passes=9579 expert_rows=12880 expert_tiles=9947
[opens] expert file opens=393002 total=5.840s mean=0.015ms requested_bytes=4067603020992 (4067.6 GB)
[arrival] tiles=665 waves=1395 uncovered_wait=25.036s dispatch=3.954s
[retain] enabled=false cap_gb=8 layers=63..=92 consults=0 wanted=0 hits=0 inserts=0 served=0.0MB
[summer] enabled=false cap_gb=8 sample=16 consults=0 wanted=0 hits=0 hit_rate=0.0% misses=0 inserts=0 evictions=0 recycled=0 allocs=0 pin_skips=0 gated=0 ramp=2..50 bar=0 suppressed=0 wide_skips=0 served=0.0MB copied=0.0MB ssd_avoided=0.0GB live=0/0.0GB model=0 protected=0 declined=0 topup_suppressed=0 aged=0 into=0/0/0 pending=0
[mirror-split] internal=0 K3C=0 K3B=0 K3A=0  shares=0%/0%/0%/0%
[phases] mono=393505.622963 chunks=103 sequence=182.921s read_wait=0.171s bind_upload=1.646s attention_resident=9.252s expert_read_prefetch=107.137s expert_demand_read=65.177s expert_plan=5.894s expert_hint=0.000s expert_submit=0.001s expert_kernel=62.967s source_fence=0.000s tail_head_sync=1.502s layer_other=0.199s expert_read_gross=101.242s plan_hint=5.754s plan_sched=0.137s attn_total=9.232s attn_encode=3.741s attn_wait=3.846s attn_drain=1.645s kernel_total=37.896s kernel_host=1.220s kernel_wait=3.146s kernel_drain=33.530s
[attn-split] single: calls=9486 total=7.115s encode=3.119s wait=2.352s drain=1.645s waits=16422 untimed=2498 | wide: calls=93 total=2.116s encode=0.622s wait=1.494s drain=0.000s waits=92 untimed=92 | hint: calls=9476 total=5.749s encode=0.024s wait=5.724s drain=0.000s waits=9282 untimed=9282
[kernel-split] single: calls=10127 total=34.741s encode=1.024s wait=0.416s drain=33.300s waits=10876 untimed=8629 | wide: calls=550 total=3.155s encode=0.196s wait=2.729s drain=0.230s waits=550 untimed=0
[kernel-sub] materialize=0.072s moe=3.780s precommit=33.424s rest=0.620s
[metal-cache] calls=13610 zero_copy_wraps=233 copies=0 cache_entries=112 bindless=true
 hinges
[stats] generated=104 elapsed=184.519s speed=0.5636 token/s (1.774 s/token) chunks=104 committed_rows=141 verify_tx=0 drafts=0/0 layer_passes=9672 expert_rows=12972 expert_tiles=10039
[opens] expert file opens=396854 total=5.896s mean=0.015ms requested_bytes=4101416615104 (4101.4 GB)
[arrival] tiles=666 waves=1402 uncovered_wait=25.047s dispatch=3.960s
[retain] enabled=false cap_gb=8 layers=63..=92 consults=0 wanted=0 hits=0 inserts=0 served=0.0MB
[summer] enabled=false cap_gb=8 sample=16 consults=0 wanted=0 hits=0 hit_rate=0.0% misses=0 inserts=0 evictions=0 recycled=0 allocs=0 pin_skips=0 gated=0 ramp=2..50 bar=0 suppressed=0 wide_skips=0 served=0.0MB copied=0.0MB ssd_avoided=0.0GB live=0/0.0GB model=0 protected=0 declined=0 topup_suppressed=0 aged=0 into=0/0/0 pending=0
[mirror-split] internal=0 K3C=0 K3B=0 K3A=0  shares=0%/0%/0%/0%
[phases] mono=393507.101160 chunks=104 sequence=184.399s read_wait=0.171s bind_upload=1.646s attention_resident=9.319s expert_read_prefetch=108.168s expert_demand_read=65.784s expert_plan=5.961s expert_hint=0.000s expert_submit=0.001s expert_kernel=63.330s source_fence=0.001s tail_head_sync=1.516s layer_other=0.200s expert_read_gross=102.206s plan_hint=5.820s plan_sched=0.138s attn_total=9.298s attn_encode=3.763s attn_wait=3.872s attn_drain=1.663s kernel_total=38.248s kernel_host=1.230s kernel_wait=3.149s kernel_drain=33.869s
[attn-split] single: calls=9579 total=7.182s encode=3.141s wait=2.378s drain=1.663s waits=16583 untimed=2522 | wide: calls=93 total=2.116s encode=0.622s wait=1.494s drain=0.000s waits=92 untimed=92 | hint: calls=9568 total=5.815s encode=0.025s wait=5.790s drain=0.000s waits=9373 untimed=9373
[kernel-split] single: calls=10225 total=35.093s encode=1.034s wait=0.420s drain=33.639s waits=10981 untimed=8715 | wide: calls=550 total=3.155s encode=0.196s wait=2.729s drain=0.230s waits=550 untimed=0
[kernel-sub] materialize=0.072s moe=3.786s precommit=33.765s rest=0.626s
[metal-cache] calls=13708 zero_copy_wraps=233 copies=0 cache_entries=112 bindless=true
 on
[stats] generated=105 elapsed=186.011s speed=0.5645 token/s (1.772 s/token) chunks=105 committed_rows=142 verify_tx=0 drafts=0/0 layer_passes=9765 expert_rows=13064 expert_tiles=10131
[opens] expert file opens=400636 total=5.950s mean=0.015ms requested_bytes=4134633618624 (4134.6 GB)
[arrival] tiles=667 waves=1410 uncovered_wait=25.063s dispatch=3.968s
[retain] enabled=false cap_gb=8 layers=63..=92 consults=0 wanted=0 hits=0 inserts=0 served=0.0MB
[summer] enabled=false cap_gb=8 sample=16 consults=0 wanted=0 hits=0 hit_rate=0.0% misses=0 inserts=0 evictions=0 recycled=0 allocs=0 pin_skips=0 gated=0 ramp=2..50 bar=0 suppressed=0 wide_skips=0 served=0.0MB copied=0.0MB ssd_avoided=0.0GB live=0/0.0GB model=0 protected=0 declined=0 topup_suppressed=0 aged=0 into=0/0/0 pending=0
[mirror-split] internal=0 K3C=0 K3B=0 K3A=0  shares=0%/0%/0%/0%
[phases] mono=393508.592951 chunks=105 sequence=185.888s read_wait=0.171s bind_upload=1.646s attention_resident=9.386s expert_read_prefetch=109.217s expert_demand_read=66.408s expert_plan=6.020s expert_hint=0.001s expert_submit=0.001s expert_kernel=63.686s source_fence=0.001s tail_head_sync=1.533s layer_other=0.202s expert_read_gross=103.196s plan_hint=5.878s plan_sched=0.139s attn_total=9.364s attn_encode=3.790s attn_wait=3.897s attn_drain=1.677s kernel_total=38.587s kernel_host=1.240s kernel_wait=3.154s kernel_drain=34.193s
[attn-split] single: calls=9672 total=7.248s encode=3.168s wait=2.403s drain=1.677s waits=16744 untimed=2547 | wide: calls=93 total=2.116s encode=0.622s wait=1.494s drain=0.000s waits=92 untimed=92 | hint: calls=9660 total=5.872s encode=0.025s wait=5.847s drain=0.000s waits=9464 untimed=9464
[kernel-split] single: calls=10324 total=35.432s encode=1.044s wait=0.425s drain=33.963s waits=11088 untimed=8801 | wide: calls=550 total=3.155s encode=0.196s wait=2.729s drain=0.230s waits=550 untimed=0
[kernel-sub] materialize=0.072s moe=3.794s precommit=34.090s rest=0.631s
[metal-cache] calls=13807 zero_copy_wraps=233 copies=0 cache_entries=112 bindless=true
[route-chain] chained=6900
[route-chain] dedup_hits=6900
 infiltr
[stats] generated=106 elapsed=187.583s speed=0.5651 token/s (1.770 s/token) chunks=106 committed_rows=143 verify_tx=0 drafts=0/0 layer_passes=9858 expert_rows=13156 expert_tiles=10223
[opens] expert file opens=404633 total=6.007s mean=0.015ms requested_bytes=4169728212160 (4169.7 GB)
[arrival] tiles=668 waves=1418 uncovered_wait=25.079s dispatch=3.976s
[retain] enabled=false cap_gb=8 layers=63..=92 consults=0 wanted=0 hits=0 inserts=0 served=0.0MB
[summer] enabled=false cap_gb=8 sample=16 consults=0 wanted=0 hits=0 hit_rate=0.0% misses=0 inserts=0 evictions=0 recycled=0 allocs=0 pin_skips=0 gated=0 ramp=2..50 bar=0 suppressed=0 wide_skips=0 served=0.0MB copied=0.0MB ssd_avoided=0.0GB live=0/0.0GB model=0 protected=0 declined=0 topup_suppressed=0 aged=0 into=0/0/0 pending=0
[mirror-split] internal=0 K3C=0 K3B=0 K3A=0  shares=0%/0%/0%/0%
[phases] mono=393510.164989 chunks=106 sequence=187.459s read_wait=0.171s bind_upload=1.646s attention_resident=9.467s expert_read_prefetch=110.342s expert_demand_read=67.068s expert_plan=6.084s expert_hint=0.001s expert_submit=0.001s expert_kernel=64.031s source_fence=0.001s tail_head_sync=1.549s layer_other=0.203s expert_read_gross=104.258s plan_hint=5.941s plan_sched=0.141s attn_total=9.446s attn_encode=3.828s attn_wait=3.915s attn_drain=1.703s kernel_total=38.917s kernel_host=1.250s kernel_wait=3.158s kernel_drain=34.508s
[attn-split] single: calls=9765 total=7.330s encode=3.206s wait=2.421s drain=1.703s waits=16905 untimed=2563 | wide: calls=93 total=2.116s encode=0.622s wait=1.494s drain=0.000s waits=92 untimed=92 | hint: calls=9752 total=5.935s encode=0.025s wait=5.910s drain=0.000s waits=9555 untimed=9555
[kernel-split] single: calls=10423 total=35.761s encode=1.054s wait=0.429s drain=34.278s waits=11195 untimed=8891 | wide: calls=550 total=3.155s encode=0.196s wait=2.729s drain=0.230s waits=550 untimed=0
[kernel-sub] materialize=0.072s moe=3.801s precommit=34.407s rest=0.636s
[metal-cache] calls=13906 zero_copy_wraps=233 copies=0 cache_entries=112 bindless=true
ating
[stats] generated=107 elapsed=189.052s speed=0.5660 token/s (1.767 s/token) chunks=107 committed_rows=144 verify_tx=0 drafts=0/0 layer_passes=9951 expert_rows=13248 expert_tiles=10315
[opens] expert file opens=408489 total=6.074s mean=0.015ms requested_bytes=4203541855424 (4203.5 GB)
[arrival] tiles=669 waves=1424 uncovered_wait=25.089s dispatch=3.984s
[retain] enabled=false cap_gb=8 layers=63..=92 consults=0 wanted=0 hits=0 inserts=0 served=0.0MB
[summer] enabled=false cap_gb=8 sample=16 consults=0 wanted=0 hits=0 hit_rate=0.0% misses=0 inserts=0 evictions=0 recycled=0 allocs=0 pin_skips=0 gated=0 ramp=2..50 bar=0 suppressed=0 wide_skips=0 served=0.0MB copied=0.0MB ssd_avoided=0.0GB live=0/0.0GB model=0 protected=0 declined=0 topup_suppressed=0 aged=0 into=0/0/0 pending=0
[mirror-split] internal=0 K3C=0 K3B=0 K3A=0  shares=0%/0%/0%/0%
[phases] mono=393511.633542 chunks=107 sequence=188.926s read_wait=0.171s bind_upload=1.646s attention_resident=9.544s expert_read_prefetch=111.365s expert_demand_read=67.687s expert_plan=6.148s expert_hint=0.001s expert_submit=0.001s expert_kernel=64.386s source_fence=0.001s tail_head_sync=1.562s layer_other=0.205s expert_read_gross=105.216s plan_hint=6.004s plan_sched=0.142s attn_total=9.522s attn_encode=3.862s attn_wait=3.939s attn_drain=1.721s kernel_total=39.261s kernel_host=1.260s kernel_wait=3.164s kernel_drain=34.837s
[attn-split] single: calls=9858 total=7.405s encode=3.240s wait=2.444s drain=1.721s waits=17066 untimed=2586 | wide: calls=93 total=2.116s encode=0.622s wait=1.494s drain=0.000s waits=92 untimed=92 | hint: calls=9844 total=5.998s encode=0.026s wait=5.972s drain=0.000s waits=9646 untimed=9646
[kernel-split] single: calls=10520 total=36.106s encode=1.064s wait=0.434s drain=34.607s waits=11298 untimed=8978 | wide: calls=550 total=3.155s encode=0.196s wait=2.729s drain=0.230s waits=550 untimed=0
[kernel-sub] materialize=0.072s moe=3.810s precommit=34.738s rest=0.642s
[metal-cache] calls=14003 zero_copy_wraps=233 copies=0 cache_entries=112 bindless=true
 the
[stats] generated=108 elapsed=190.645s speed=0.5665 token/s (1.765 s/token) chunks=108 committed_rows=145 verify_tx=0 drafts=0/0 layer_passes=10044 expert_rows=13340 expert_tiles=10407
[opens] expert file opens=412478 total=6.131s mean=0.015ms requested_bytes=4238504836288 (4238.5 GB)
[arrival] tiles=670 waves=1432 uncovered_wait=25.106s dispatch=3.992s
[retain] enabled=false cap_gb=8 layers=63..=92 consults=0 wanted=0 hits=0 inserts=0 served=0.0MB
[summer] enabled=false cap_gb=8 sample=16 consults=0 wanted=0 hits=0 hit_rate=0.0% misses=0 inserts=0 evictions=0 recycled=0 allocs=0 pin_skips=0 gated=0 ramp=2..50 bar=0 suppressed=0 wide_skips=0 served=0.0MB copied=0.0MB ssd_avoided=0.0GB live=0/0.0GB model=0 protected=0 declined=0 topup_suppressed=0 aged=0 into=0/0/0 pending=0
[mirror-split] internal=0 K3C=0 K3B=0 K3A=0  shares=0%/0%/0%/0%
[phases] mono=393513.226902 chunks=108 sequence=190.518s read_wait=0.171s bind_upload=1.646s attention_resident=9.617s expert_read_prefetch=112.471s expert_demand_read=68.372s expert_plan=6.212s expert_hint=0.001s expert_submit=0.001s expert_kernel=64.780s source_fence=0.001s tail_head_sync=1.579s layer_other=0.207s expert_read_gross=106.259s plan_hint=6.066s plan_sched=0.143s attn_total=9.594s attn_encode=3.893s attn_wait=3.953s attn_drain=1.748s kernel_total=39.638s kernel_host=1.271s kernel_wait=3.168s kernel_drain=35.199s
[attn-split] single: calls=9951 total=7.478s encode=3.271s wait=2.459s drain=1.748s waits=17227 untimed=2597 | wide: calls=93 total=2.116s encode=0.622s wait=1.494s drain=0.000s waits=92 untimed=92 | hint: calls=9936 total=6.061s encode=0.026s wait=6.035s drain=0.000s waits=9737 untimed=9737
[kernel-split] single: calls=10619 total=36.483s encode=1.075s wait=0.439s drain=34.969s waits=11405 untimed=9055 | wide: calls=550 total=3.155s encode=0.196s wait=2.729s drain=0.230s waits=550 untimed=0
[kernel-sub] materialize=0.072s moe=3.817s precommit=35.101s rest=0.648s
[metal-cache] calls=14102 zero_copy_wraps=233 copies=0 cache_entries=112 bindless=true
 event
[stats] generated=109 elapsed=192.149s speed=0.5673 token/s (1.763 s/token) chunks=109 committed_rows=146 verify_tx=0 drafts=0/0 layer_passes=10137 expert_rows=13432 expert_tiles=10499
[opens] expert file opens=416512 total=6.189s mean=0.015ms requested_bytes=4273836358848 (4273.8 GB)
[arrival] tiles=671 waves=1440 uncovered_wait=25.117s dispatch=3.999s
[retain] enabled=false cap_gb=8 layers=63..=92 consults=0 wanted=0 hits=0 inserts=0 served=0.0MB
[summer] enabled=false cap_gb=8 sample=16 consults=0 wanted=0 hits=0 hit_rate=0.0% misses=0 inserts=0 evictions=0 recycled=0 allocs=0 pin_skips=0 gated=0 ramp=2..50 bar=0 suppressed=0 wide_skips=0 served=0.0MB copied=0.0MB ssd_avoided=0.0GB live=0/0.0GB model=0 protected=0 declined=0 topup_suppressed=0 aged=0 into=0/0/0 pending=0
[mirror-split] internal=0 K3C=0 K3B=0 K3A=0  shares=0%/0%/0%/0%
[phases] mono=393514.730988 chunks=109 sequence=192.022s read_wait=0.171s bind_upload=1.646s attention_resident=9.687s expert_read_prefetch=113.522s expert_demand_read=68.982s expert_plan=6.267s expert_hint=0.001s expert_submit=0.001s expert_kernel=65.147s source_fence=0.001s tail_head_sync=1.592s layer_other=0.208s expert_read_gross=107.254s plan_hint=6.120s plan_sched=0.144s attn_total=9.665s attn_encode=3.924s attn_wait=3.980s attn_drain=1.761s kernel_total=39.993s kernel_host=1.283s kernel_wait=3.172s kernel_drain=35.539s
[attn-split] single: calls=10044 total=7.549s encode=3.302s wait=2.485s drain=1.761s waits=17388 untimed=2624 | wide: calls=93 total=2.116s encode=0.622s wait=1.494s drain=0.000s waits=92 untimed=92 | hint: calls=10028 total=6.114s encode=0.026s wait=6.088s drain=0.000s waits=9828 untimed=9828
[kernel-split] single: calls=10718 total=36.838s encode=1.087s wait=0.443s drain=35.309s waits=11512 untimed=9140 | wide: calls=550 total=3.155s encode=0.196s wait=2.729s drain=0.230s waits=550 untimed=0
[kernel-sub] materialize=0.072s moe=3.824s precommit=35.443s rest=0.654s
[metal-cache] calls=14201 zero_copy_wraps=233 copies=0 cache_entries=112 bindless=true
 as
[stats] generated=110 elapsed=193.659s speed=0.5680 token/s (1.761 s/token) chunks=110 committed_rows=147 verify_tx=0 drafts=0/0 layer_passes=10230 expert_rows=13524 expert_tiles=10591
[opens] expert file opens=420353 total=6.251s mean=0.015ms requested_bytes=4307527171264 (4307.5 GB)
[arrival] tiles=672 waves=1444 uncovered_wait=25.127s dispatch=4.004s
[retain] enabled=false cap_gb=8 layers=63..=92 consults=0 wanted=0 hits=0 inserts=0 served=0.0MB
[summer] enabled=false cap_gb=8 sample=16 consults=0 wanted=0 hits=0 hit_rate=0.0% misses=0 inserts=0 evictions=0 recycled=0 allocs=0 pin_skips=0 gated=0 ramp=2..50 bar=0 suppressed=0 wide_skips=0 served=0.0MB copied=0.0MB ssd_avoided=0.0GB live=0/0.0GB model=0 protected=0 declined=0 topup_suppressed=0 aged=0 into=0/0/0 pending=0
[mirror-split] internal=0 K3C=0 K3B=0 K3A=0  shares=0%/0%/0%/0%
[phases] mono=393516.241057 chunks=110 sequence=193.531s read_wait=0.171s bind_upload=1.646s attention_resident=9.763s expert_read_prefetch=114.591s expert_demand_read=69.652s expert_plan=6.320s expert_hint=0.001s expert_submit=0.001s expert_kernel=65.495s source_fence=0.001s tail_head_sync=1.606s layer_other=0.210s expert_read_gross=108.271s plan_hint=6.172s plan_sched=0.145s attn_total=9.741s attn_encode=3.965s attn_wait=4.003s attn_drain=1.773s kernel_total=40.330s kernel_host=1.294s kernel_wait=3.175s kernel_drain=35.861s
[attn-split] single: calls=10137 total=7.624s encode=3.343s wait=2.508s drain=1.773s waits=17549 untimed=2642 | wide: calls=93 total=2.116s encode=0.622s wait=1.494s drain=0.000s waits=92 untimed=92 | hint: calls=10120 total=6.166s encode=0.026s wait=6.139s drain=0.000s waits=9919 untimed=9919
[kernel-split] single: calls=10813 total=37.175s encode=1.099s wait=0.445s drain=35.631s waits=11611 untimed=9220 | wide: calls=550 total=3.155s encode=0.196s wait=2.729s drain=0.230s waits=550 untimed=0
[kernel-sub] materialize=0.072s moe=3.829s precommit=35.768s rest=0.661s
[metal-cache] calls=14296 zero_copy_wraps=233 copies=0 cache_entries=112 bindless=true
 catering
[stats] generated=111 elapsed=195.125s speed=0.5689 token/s (1.758 s/token) chunks=111 committed_rows=148 verify_tx=0 drafts=0/0 layer_passes=10323 expert_rows=13616 expert_tiles=10683
[opens] expert file opens=424132 total=6.313s mean=0.015ms requested_bytes=4340691549376 (4340.7 GB)
[arrival] tiles=673 waves=1450 uncovered_wait=25.136s dispatch=4.011s
[retain] enabled=false cap_gb=8 layers=63..=92 consults=0 wanted=0 hits=0 inserts=0 served=0.0MB
[summer] enabled=false cap_gb=8 sample=16 consults=0 wanted=0 hits=0 hit_rate=0.0% misses=0 inserts=0 evictions=0 recycled=0 allocs=0 pin_skips=0 gated=0 ramp=2..50 bar=0 suppressed=0 wide_skips=0 served=0.0MB copied=0.0MB ssd_avoided=0.0GB live=0/0.0GB model=0 protected=0 declined=0 topup_suppressed=0 aged=0 into=0/0/0 pending=0
[mirror-split] internal=0 K3C=0 K3B=0 K3A=0  shares=0%/0%/0%/0%
[phases] mono=393517.706874 chunks=111 sequence=194.996s read_wait=0.171s bind_upload=1.646s attention_resident=9.833s expert_read_prefetch=115.579s expert_demand_read=70.236s expert_plan=6.383s expert_hint=0.001s expert_submit=0.001s expert_kernel=65.885s source_fence=0.001s tail_head_sync=1.622s layer_other=0.212s expert_read_gross=109.195s plan_hint=6.234s plan_sched=0.147s attn_total=9.810s attn_encode=3.994s attn_wait=4.024s attn_drain=1.792s kernel_total=40.711s kernel_host=1.307s kernel_wait=3.180s kernel_drain=36.224s
[attn-split] single: calls=10230 total=7.694s encode=3.372s wait=2.530s drain=1.792s waits=17710 untimed=2659 | wide: calls=93 total=2.116s encode=0.622s wait=1.494s drain=0.000s waits=92 untimed=92 | hint: calls=10212 total=6.228s encode=0.027s wait=6.201s drain=0.000s waits=10010 untimed=10010
[kernel-split] single: calls=10910 total=37.555s encode=1.111s wait=0.450s drain=35.994s waits=11714 untimed=9295 | wide: calls=550 total=3.155s encode=0.196s wait=2.729s drain=0.230s waits=550 untimed=0
[kernel-sub] materialize=0.072s moe=3.836s precommit=36.133s rest=0.669s
[metal-cache] calls=14393 zero_copy_wraps=233 copies=0 cache_entries=112 bindless=true
 staff
[stats] generated=112 elapsed=196.577s speed=0.5698 token/s (1.755 s/token) chunks=112 committed_rows=149 verify_tx=0 drafts=0/0 layer_passes=10416 expert_rows=13708 expert_tiles=10775
[opens] expert file opens=427907 total=6.374s mean=0.015ms requested_bytes=4373794503872 (4373.8 GB)
[arrival] tiles=674 waves=1458 uncovered_wait=25.145s dispatch=4.019s
[retain] enabled=false cap_gb=8 layers=63..=92 consults=0 wanted=0 hits=0 inserts=0 served=0.0MB
[summer] enabled=false cap_gb=8 sample=16 consults=0 wanted=0 hits=0 hit_rate=0.0% misses=0 inserts=0 evictions=0 recycled=0 allocs=0 pin_skips=0 gated=0 ramp=2..50 bar=0 suppressed=0 wide_skips=0 served=0.0MB copied=0.0MB ssd_avoided=0.0GB live=0/0.0GB model=0 protected=0 declined=0 topup_suppressed=0 aged=0 into=0/0/0 pending=0
[mirror-split] internal=0 K3C=0 K3B=0 K3A=0  shares=0%/0%/0%/0%
[phases] mono=393519.158765 chunks=112 sequence=196.447s read_wait=0.171s bind_upload=1.646s attention_resident=9.905s expert_read_prefetch=116.581s expert_demand_read=70.835s expert_plan=6.433s expert_hint=0.001s expert_submit=0.001s expert_kernel=66.242s source_fence=0.001s tail_head_sync=1.639s layer_other=0.214s expert_read_gross=110.147s plan_hint=6.282s plan_sched=0.148s attn_total=9.882s attn_encode=4.030s attn_wait=4.036s attn_drain=1.816s kernel_total=41.059s kernel_host=1.320s kernel_wait=3.183s kernel_drain=36.556s
[attn-split] single: calls=10323 total=7.766s encode=3.408s wait=2.541s drain=1.816s waits=17871 untimed=2674 | wide: calls=93 total=2.116s encode=0.622s wait=1.494s drain=0.000s waits=92 untimed=92 | hint: calls=10304 total=6.276s encode=0.027s wait=6.249s drain=0.000s waits=10101 untimed=10101
[kernel-split] single: calls=11009 total=37.904s encode=1.124s wait=0.454s drain=36.326s waits=11821 untimed=9383 | wide: calls=550 total=3.155s encode=0.196s wait=2.729s drain=0.230s waits=550 untimed=0
[kernel-sub] materialize=0.072s moe=3.844s precommit=36.467s rest=0.676s
[metal-cache] calls=14492 zero_copy_wraps=233 copies=0 cache_entries=112 bindless=true
,
[stats] generated=113 elapsed=198.105s speed=0.5704 token/s (1.753 s/token) chunks=113 committed_rows=150 verify_tx=0 drafts=0/0 layer_passes=10509 expert_rows=13800 expert_tiles=10867
[opens] expert file opens=431719 total=6.435s mean=0.015ms requested_bytes=4407222074560 (4407.2 GB)
[arrival] tiles=675 waves=1466 uncovered_wait=25.158s dispatch=4.026s
[retain] enabled=false cap_gb=8 layers=63..=92 consults=0 wanted=0 hits=0 inserts=0 served=0.0MB
[summer] enabled=false cap_gb=8 sample=16 consults=0 wanted=0 hits=0 hit_rate=0.0% misses=0 inserts=0 evictions=0 recycled=0 allocs=0 pin_skips=0 gated=0 ramp=2..50 bar=0 suppressed=0 wide_skips=0 served=0.0MB copied=0.0MB ssd_avoided=0.0GB live=0/0.0GB model=0 protected=0 declined=0 topup_suppressed=0 aged=0 into=0/0/0 pending=0
[mirror-split] internal=0 K3C=0 K3B=0 K3A=0  shares=0%/0%/0%/0%
[phases] mono=393520.687239 chunks=113 sequence=197.974s read_wait=0.171s bind_upload=1.646s attention_resident=9.975s expert_read_prefetch=117.676s expert_demand_read=71.490s expert_plan=6.484s expert_hint=0.001s expert_submit=0.001s expert_kernel=66.589s source_fence=0.001s tail_head_sync=1.653s layer_other=0.215s expert_read_gross=111.191s plan_hint=6.332s plan_sched=0.149s attn_total=9.951s attn_encode=4.065s attn_wait=4.061s attn_drain=1.826s kernel_total=41.393s kernel_host=1.333s kernel_wait=3.187s kernel_drain=36.872s
[attn-split] single: calls=10416 total=7.835s encode=3.443s wait=2.566s drain=1.826s waits=18032 untimed=2699 | wide: calls=93 total=2.116s encode=0.622s wait=1.494s drain=0.000s waits=92 untimed=92 | hint: calls=10396 total=6.326s encode=0.027s wait=6.298s drain=0.000s waits=10192 untimed=10192
[kernel-split] single: calls=11108 total=38.238s encode=1.137s wait=0.458s drain=36.642s waits=11928 untimed=9460 | wide: calls=550 total=3.155s encode=0.196s wait=2.729s drain=0.230s waits=550 untimed=0
[kernel-sub] materialize=0.072s moe=3.850s precommit=36.787s rest=0.684s
[metal-cache] calls=14591 zero_copy_wraps=233 copies=0 cache_entries=112 bindless=true
 replacing
[stats] generated=114 elapsed=199.636s speed=0.5710 token/s (1.751 s/token) chunks=114 committed_rows=151 verify_tx=0 drafts=0/0 layer_passes=10602 expert_rows=13892 expert_tiles=10959
[opens] expert file opens=435668 total=6.490s mean=0.015ms requested_bytes=4441860422848 (4441.9 GB)
[arrival] tiles=676 waves=1474 uncovered_wait=25.168s dispatch=4.032s
[retain] enabled=false cap_gb=8 layers=63..=92 consults=0 wanted=0 hits=0 inserts=0 served=0.0MB
[summer] enabled=false cap_gb=8 sample=16 consults=0 wanted=0 hits=0 hit_rate=0.0% misses=0 inserts=0 evictions=0 recycled=0 allocs=0 pin_skips=0 gated=0 ramp=2..50 bar=0 suppressed=0 wide_skips=0 served=0.0MB copied=0.0MB ssd_avoided=0.0GB live=0/0.0GB model=0 protected=0 declined=0 topup_suppressed=0 aged=0 into=0/0/0 pending=0
[mirror-split] internal=0 K3C=0 K3B=0 K3A=0  shares=0%/0%/0%/0%
[phases] mono=393522.218049 chunks=114 sequence=199.504s read_wait=0.171s bind_upload=1.646s attention_resident=10.059s expert_read_prefetch=118.746s expert_demand_read=72.154s expert_plan=6.534s expert_hint=0.001s expert_submit=0.001s expert_kernel=66.947s source_fence=0.001s tail_head_sync=1.670s layer_other=0.217s expert_read_gross=112.211s plan_hint=6.381s plan_sched=0.150s attn_total=10.035s attn_encode=4.105s attn_wait=4.086s attn_drain=1.844s kernel_total=41.740s kernel_host=1.344s kernel_wait=3.190s kernel_drain=37.206s
[attn-split] single: calls=10509 total=7.919s encode=3.483s wait=2.592s drain=1.844s waits=18193 untimed=2726 | wide: calls=93 total=2.116s encode=0.622s wait=1.494s drain=0.000s waits=92 untimed=92 | hint: calls=10488 total=6.375s encode=0.028s wait=6.347s drain=0.000s waits=10283 untimed=10283
[kernel-split] single: calls=11207 total=38.585s encode=1.148s wait=0.461s drain=36.976s waits=12035 untimed=9539 | wide: calls=550 total=3.155s encode=0.196s wait=2.729s drain=0.230s waits=550 untimed=0
[kernel-sub] materialize=0.072s moe=3.857s precommit=37.122s rest=0.689s
[metal-cache] calls=14690 zero_copy_wraps=233 copies=0 cache_entries=112 bindless=true
 the
[stats] generated=115 elapsed=201.152s speed=0.5717 token/s (1.749 s/token) chunks=115 committed_rows=152 verify_tx=0 drafts=0/0 layer_passes=10695 expert_rows=13984 expert_tiles=11051
[opens] expert file opens=439544 total=6.546s mean=0.015ms requested_bytes=4475858304192 (4475.9 GB)
[arrival] tiles=677 waves=1480 uncovered_wait=25.179s dispatch=4.038s
[retain] enabled=false cap_gb=8 layers=63..=92 consults=0 wanted=0 hits=0 inserts=0 served=0.0MB
[summer] enabled=false cap_gb=8 sample=16 consults=0 wanted=0 hits=0 hit_rate=0.0% misses=0 inserts=0 evictions=0 recycled=0 allocs=0 pin_skips=0 gated=0 ramp=2..50 bar=0 suppressed=0 wide_skips=0 served=0.0MB copied=0.0MB ssd_avoided=0.0GB live=0/0.0GB model=0 protected=0 declined=0 topup_suppressed=0 aged=0 into=0/0/0 pending=0
[mirror-split] internal=0 K3C=0 K3B=0 K3A=0  shares=0%/0%/0%/0%
[phases] mono=393523.733626 chunks=115 sequence=201.019s read_wait=0.171s bind_upload=1.646s attention_resident=10.121s expert_read_prefetch=119.837s expert_demand_read=72.799s expert_plan=6.583s expert_hint=0.001s expert_submit=0.001s expert_kernel=67.292s source_fence=0.001s tail_head_sync=1.685s layer_other=0.218s expert_read_gross=113.254s plan_hint=6.428s plan_sched=0.151s attn_total=10.097s attn_encode=4.130s attn_wait=4.110s attn_drain=1.857s kernel_total=42.075s kernel_host=1.354s kernel_wait=3.194s kernel_drain=37.527s
[attn-split] single: calls=10602 total=7.980s encode=3.509s wait=2.615s drain=1.857s waits=18354 untimed=2752 | wide: calls=93 total=2.116s encode=0.622s wait=1.494s drain=0.000s waits=92 untimed=92 | hint: calls=10580 total=6.422s encode=0.028s wait=6.394s drain=0.000s waits=10374 untimed=10374
[kernel-split] single: calls=11304 total=38.920s encode=1.158s wait=0.465s drain=37.297s waits=12138 untimed=9621 | wide: calls=550 total=3.155s encode=0.196s wait=2.729s drain=0.230s waits=550 untimed=0
[kernel-sub] materialize=0.072s moe=3.863s precommit=37.445s rest=0.695s
[metal-cache] calls=14787 zero_copy_wraps=233 copies=0 cache_entries=112 bindless=true
[route-chain] chained=7590
[route-chain] dedup_hits=7590
 ruby
[stats] generated=116 elapsed=202.715s speed=0.5722 token/s (1.748 s/token) chunks=116 committed_rows=153 verify_tx=0 drafts=0/0 layer_passes=10788 expert_rows=14076 expert_tiles=11143
[opens] expert file opens=443508 total=6.604s mean=0.015ms requested_bytes=4510628265152 (4510.6 GB)
[arrival] tiles=678 waves=1487 uncovered_wait=25.189s dispatch=4.045s
[retain] enabled=false cap_gb=8 layers=63..=92 consults=0 wanted=0 hits=0 inserts=0 served=0.0MB
[summer] enabled=false cap_gb=8 sample=16 consults=0 wanted=0 hits=0 hit_rate=0.0% misses=0 inserts=0 evictions=0 recycled=0 allocs=0 pin_skips=0 gated=0 ramp=2..50 bar=0 suppressed=0 wide_skips=0 served=0.0MB copied=0.0MB ssd_avoided=0.0GB live=0/0.0GB model=0 protected=0 declined=0 topup_suppressed=0 aged=0 into=0/0/0 pending=0
[mirror-split] internal=0 K3C=0 K3B=0 K3A=0  shares=0%/0%/0%/0%
[phases] mono=393525.297094 chunks=116 sequence=202.582s read_wait=0.171s bind_upload=1.646s attention_resident=10.184s expert_read_prefetch=120.955s expert_demand_read=73.497s expert_plan=6.640s expert_hint=0.001s expert_submit=0.001s expert_kernel=67.657s source_fence=0.001s tail_head_sync=1.700s layer_other=0.219s expert_read_gross=114.314s plan_hint=6.484s plan_sched=0.153s attn_total=10.160s attn_encode=4.156s attn_wait=4.136s attn_drain=1.868s kernel_total=42.429s kernel_host=1.366s kernel_wait=3.197s kernel_drain=37.866s
[attn-split] single: calls=10695 total=8.044s encode=3.534s wait=2.642s drain=1.868s waits=18515 untimed=2774 | wide: calls=93 total=2.116s encode=0.622s wait=1.494s drain=0.000s waits=92 untimed=92 | hint: calls=10672 total=6.478s encode=0.028s wait=6.450s drain=0.000s waits=10465 untimed=10465
[kernel-split] single: calls=11402 total=39.274s encode=1.170s wait=0.468s drain=37.636s waits=12243 untimed=9705 | wide: calls=550 total=3.155s encode=0.196s wait=2.729s drain=0.230s waits=550 untimed=0
[kernel-sub] materialize=0.072s moe=3.868s precommit=37.786s rest=0.702s
[metal-cache] calls=14885 zero_copy_wraps=233 copies=0 cache_entries=112 bindless=true
 with
[stats] generated=117 elapsed=204.258s speed=0.5728 token/s (1.746 s/token) chunks=117 committed_rows=154 verify_tx=0 drafts=0/0 layer_passes=10881 expert_rows=14168 expert_tiles=11235
[opens] expert file opens=447442 total=6.677s mean=0.015ms requested_bytes=4545126235328 (4545.1 GB)
[arrival] tiles=679 waves=1495 uncovered_wait=25.201s dispatch=4.052s
[retain] enabled=false cap_gb=8 layers=63..=92 consults=0 wanted=0 hits=0 inserts=0 served=0.0MB
[summer] enabled=false cap_gb=8 sample=16 consults=0 wanted=0 hits=0 hit_rate=0.0% misses=0 inserts=0 evictions=0 recycled=0 allocs=0 pin_skips=0 gated=0 ramp=2..50 bar=0 suppressed=0 wide_skips=0 served=0.0MB copied=0.0MB ssd_avoided=0.0GB live=0/0.0GB model=0 protected=0 declined=0 topup_suppressed=0 aged=0 into=0/0/0 pending=0
[mirror-split] internal=0 K3C=0 K3B=0 K3A=0  shares=0%/0%/0%/0%
[phases] mono=393526.840088 chunks=117 sequence=204.124s read_wait=0.171s bind_upload=1.646s attention_resident=10.255s expert_read_prefetch=122.057s expert_demand_read=74.160s expert_plan=6.704s expert_hint=0.001s expert_submit=0.001s expert_kernel=68.010s source_fence=0.001s tail_head_sync=1.714s layer_other=0.221s expert_read_gross=115.353s plan_hint=6.547s plan_sched=0.154s attn_total=10.230s attn_encode=4.188s attn_wait=4.161s attn_drain=1.881s kernel_total=42.769s kernel_host=1.378s kernel_wait=3.201s kernel_drain=38.190s
[attn-split] single: calls=10788 total=8.114s encode=3.566s wait=2.667s drain=1.881s waits=18676 untimed=2800 | wide: calls=93 total=2.116s encode=0.622s wait=1.494s drain=0.000s waits=92 untimed=92 | hint: calls=10764 total=6.541s encode=0.029s wait=6.512s drain=0.000s waits=10556 untimed=10556
[kernel-split] single: calls=11501 total=39.614s encode=1.183s wait=0.471s drain=37.960s waits=12350 untimed=9790 | wide: calls=550 total=3.155s encode=0.196s wait=2.729s drain=0.230s waits=550 untimed=0
[kernel-sub] materialize=0.072s moe=3.876s precommit=38.112s rest=0.709s
[metal-cache] calls=14984 zero_copy_wraps=233 copies=0 cache_entries=112 bindless=true
 a
[stats] generated=118 elapsed=205.830s speed=0.5733 token/s (1.744 s/token) chunks=118 committed_rows=155 verify_tx=0 drafts=0/0 layer_passes=10974 expert_rows=14260 expert_tiles=11327
[opens] expert file opens=451341 total=6.736s mean=0.015ms requested_bytes=4579378543808 (4579.4 GB)
[arrival] tiles=680 waves=1503 uncovered_wait=25.215s dispatch=4.060s
[retain] enabled=false cap_gb=8 layers=63..=92 consults=0 wanted=0 hits=0 inserts=0 served=0.0MB
[summer] enabled=false cap_gb=8 sample=16 consults=0 wanted=0 hits=0 hit_rate=0.0% misses=0 inserts=0 evictions=0 recycled=0 allocs=0 pin_skips=0 gated=0 ramp=2..50 bar=0 suppressed=0 wide_skips=0 served=0.0MB copied=0.0MB ssd_avoided=0.0GB live=0/0.0GB model=0 protected=0 declined=0 topup_suppressed=0 aged=0 into=0/0/0 pending=0
[mirror-split] internal=0 K3C=0 K3B=0 K3A=0  shares=0%/0%/0%/0%
[phases] mono=393528.411988 chunks=118 sequence=205.694s read_wait=0.171s bind_upload=1.646s attention_resident=10.336s expert_read_prefetch=123.159s expert_demand_read=74.866s expert_plan=6.768s expert_hint=0.001s expert_submit=0.001s expert_kernel=68.379s source_fence=0.001s tail_head_sync=1.730s layer_other=0.223s expert_read_gross=116.391s plan_hint=6.610s plan_sched=0.155s attn_total=10.311s attn_encode=4.230s attn_wait=4.182s attn_drain=1.899s kernel_total=43.124s kernel_host=1.391s kernel_wait=3.205s kernel_drain=38.528s
[attn-split] single: calls=10881 total=8.195s encode=3.608s wait=2.688s drain=1.899s waits=18837 untimed=2818 | wide: calls=93 total=2.116s encode=0.622s wait=1.494s drain=0.000s waits=92 untimed=92 | hint: calls=10856 total=6.603s encode=0.029s wait=6.574s drain=0.000s waits=10647 untimed=10647
[kernel-split] single: calls=11600 total=39.969s encode=1.195s wait=0.476s drain=38.298s waits=12457 untimed=9878 | wide: calls=550 total=3.155s encode=0.196s wait=2.729s drain=0.230s waits=550 untimed=0
[kernel-sub] materialize=0.072s moe=3.884s precommit=38.451s rest=0.717s
[metal-cache] calls=15083 zero_copy_wraps=233 copies=0 cache_entries=112 bindless=true
 perfect
[stats] generated=119 elapsed=207.460s speed=0.5736 token/s (1.743 s/token) chunks=119 committed_rows=156 verify_tx=0 drafts=0/0 layer_passes=11067 expert_rows=14352 expert_tiles=11419
[opens] expert file opens=455300 total=6.815s mean=0.015ms requested_bytes=4614069583040 (4614.1 GB)
[arrival] tiles=681 waves=1511 uncovered_wait=25.228s dispatch=4.070s
[retain] enabled=false cap_gb=8 layers=63..=92 consults=0 wanted=0 hits=0 inserts=0 served=0.0MB
[summer] enabled=false cap_gb=8 sample=16 consults=0 wanted=0 hits=0 hit_rate=0.0% misses=0 inserts=0 evictions=0 recycled=0 allocs=0 pin_skips=0 gated=0 ramp=2..50 bar=0 suppressed=0 wide_skips=0 served=0.0MB copied=0.0MB ssd_avoided=0.0GB live=0/0.0GB model=0 protected=0 declined=0 topup_suppressed=0 aged=0 into=0/0/0 pending=0
[mirror-split] internal=0 K3C=0 K3B=0 K3A=0  shares=0%/0%/0%/0%
[phases] mono=393530.041569 chunks=119 sequence=207.323s read_wait=0.171s bind_upload=1.646s attention_resident=10.402s expert_read_prefetch=124.345s expert_demand_read=75.595s expert_plan=6.828s expert_hint=0.001s expert_submit=0.001s expert_kernel=68.737s source_fence=0.001s tail_head_sync=1.747s layer_other=0.224s expert_read_gross=117.517s plan_hint=6.669s plan_sched=0.156s attn_total=10.377s attn_encode=4.253s attn_wait=4.212s attn_drain=1.912s kernel_total=43.469s kernel_host=1.402s kernel_wait=3.211s kernel_drain=38.855s
[attn-split] single: calls=10974 total=8.261s encode=3.631s wait=2.718s drain=1.912s waits=18998 untimed=2846 | wide: calls=93 total=2.116s encode=0.622s wait=1.494s drain=0.000s waits=92 untimed=92 | hint: calls=10948 total=6.662s encode=0.029s wait=6.633s drain=0.000s waits=10738 untimed=10738
[kernel-split] single: calls=11699 total=40.314s encode=1.206s wait=0.482s drain=38.625s waits=12564 untimed=9965 | wide: calls=550 total=3.155s encode=0.196s wait=2.729s drain=0.230s waits=550 untimed=0
[kernel-sub] materialize=0.072s moe=3.894s precommit=38.780s rest=0.723s
[metal-cache] calls=15182 zero_copy_wraps=233 copies=0 cache_entries=112 bindless=true
 replica
[stats] generated=120 elapsed=208.981s speed=0.5742 token/s (1.742 s/token) chunks=120 committed_rows=157 verify_tx=0 drafts=0/0 layer_passes=11160 expert_rows=14444 expert_tiles=11511
[opens] expert file opens=459181 total=6.871s mean=0.015ms requested_bytes=4648120089792 (4648.1 GB)
[arrival] tiles=682 waves=1519 uncovered_wait=25.241s dispatch=4.077s
[retain] enabled=false cap_gb=8 layers=63..=92 consults=0 wanted=0 hits=0 inserts=0 served=0.0MB
[summer] enabled=false cap_gb=8 sample=16 consults=0 wanted=0 hits=0 hit_rate=0.0% misses=0 inserts=0 evictions=0 recycled=0 allocs=0 pin_skips=0 gated=0 ramp=2..50 bar=0 suppressed=0 wide_skips=0 served=0.0MB copied=0.0MB ssd_avoided=0.0GB live=0/0.0GB model=0 protected=0 declined=0 topup_suppressed=0 aged=0 into=0/0/0 pending=0
[mirror-split] internal=0 K3C=0 K3B=0 K3A=0  shares=0%/0%/0%/0%
[phases] mono=393531.562609 chunks=120 sequence=208.843s read_wait=0.171s bind_upload=1.646s attention_resident=10.465s expert_read_prefetch=125.430s expert_demand_read=76.285s expert_plan=6.888s expert_hint=0.001s expert_submit=0.001s expert_kernel=69.091s source_fence=0.001s tail_head_sync=1.764s layer_other=0.226s expert_read_gross=118.541s plan_hint=6.728s plan_sched=0.157s attn_total=10.440s attn_encode=4.278s attn_wait=4.234s attn_drain=1.928s kernel_total=43.809s kernel_host=1.412s kernel_wait=3.215s kernel_drain=39.182s
[attn-split] single: calls=11067 total=8.324s encode=3.656s wait=2.740s drain=1.928s waits=19159 untimed=2866 | wide: calls=93 total=2.116s encode=0.622s wait=1.494s drain=0.000s waits=92 untimed=92 | hint: calls=11040 total=6.722s encode=0.029s wait=6.692s drain=0.000s waits=10829 untimed=10829
[kernel-split] single: calls=11798 total=40.654s encode=1.216s wait=0.485s drain=38.952s waits=12671 untimed=10044 | wide: calls=550 total=3.155s encode=0.196s wait=2.729s drain=0.230s waits=550 untimed=0
[kernel-sub] materialize=0.072s moe=3.900s precommit=39.108s rest=0.728s
[metal-cache] calls=15281 zero_copy_wraps=233 copies=0 cache_entries=112 bindless=true
 during
[stats] generated=121 elapsed=210.480s speed=0.5749 token/s (1.740 s/token) chunks=121 committed_rows=158 verify_tx=0 drafts=0/0 layer_passes=11253 expert_rows=14536 expert_tiles=11603
[opens] expert file opens=463086 total=6.931s mean=0.015ms requested_bytes=4682337336512 (4682.3 GB)
[arrival] tiles=683 waves=1527 uncovered_wait=25.250s dispatch=4.084s
[retain] enabled=false cap_gb=8 layers=63..=92 consults=0 wanted=0 hits=0 inserts=0 served=0.0MB
[summer] enabled=false cap_gb=8 sample=16 consults=0 wanted=0 hits=0 hit_rate=0.0% misses=0 inserts=0 evictions=0 recycled=0 allocs=0 pin_skips=0 gated=0 ramp=2..50 bar=0 suppressed=0 wide_skips=0 served=0.0MB copied=0.0MB ssd_avoided=0.0GB live=0/0.0GB model=0 protected=0 declined=0 topup_suppressed=0 aged=0 into=0/0/0 pending=0
[mirror-split] internal=0 K3C=0 K3B=0 K3A=0  shares=0%/0%/0%/0%
[phases] mono=393533.061254 chunks=121 sequence=210.340s read_wait=0.171s bind_upload=1.646s attention_resident=10.533s expert_read_prefetch=126.454s expert_demand_read=76.940s expert_plan=6.950s expert_hint=0.001s expert_submit=0.001s expert_kernel=69.482s source_fence=0.001s tail_head_sync=1.777s layer_other=0.228s expert_read_gross=119.503s plan_hint=6.789s plan_sched=0.158s attn_total=10.507s attn_encode=4.306s attn_wait=4.257s attn_drain=1.944s kernel_total=44.190s kernel_host=1.424s kernel_wait=3.219s kernel_drain=39.548s
[attn-split] single: calls=11160 total=8.391s encode=3.684s wait=2.763s drain=1.944s waits=19320 untimed=2881 | wide: calls=93 total=2.116s encode=0.622s wait=1.494s drain=0.000s waits=92 untimed=92 | hint: calls=11132 total=6.782s encode=0.030s wait=6.752s drain=0.000s waits=10920 untimed=10920
[kernel-split] single: calls=11897 total=41.035s encode=1.228s wait=0.489s drain=39.318s waits=12778 untimed=10124 | wide: calls=550 total=3.155s encode=0.196s wait=2.729s drain=0.230s waits=550 untimed=0
[kernel-sub] materialize=0.072s moe=3.908s precommit=39.476s rest=0.734s
[metal-cache] calls=15380 zero_copy_wraps=233 copies=0 cache_entries=112 bindless=true
 a
[stats] generated=122 elapsed=212.052s speed=0.5753 token/s (1.738 s/token) chunks=122 committed_rows=159 verify_tx=0 drafts=0/0 layer_passes=11346 expert_rows=14628 expert_tiles=11695
[opens] expert file opens=466975 total=6.999s mean=0.015ms requested_bytes=4716458048704 (4716.5 GB)
[arrival] tiles=684 waves=1535 uncovered_wait=25.260s dispatch=4.095s
[retain] enabled=false cap_gb=8 layers=63..=92 consults=0 wanted=0 hits=0 inserts=0 served=0.0MB
[summer] enabled=false cap_gb=8 sample=16 consults=0 wanted=0 hits=0 hit_rate=0.0% misses=0 inserts=0 evictions=0 recycled=0 allocs=0 pin_skips=0 gated=0 ramp=2..50 bar=0 suppressed=0 wide_skips=0 served=0.0MB copied=0.0MB ssd_avoided=0.0GB live=0/0.0GB model=0 protected=0 declined=0 topup_suppressed=0 aged=0 into=0/0/0 pending=0
[mirror-split] internal=0 K3C=0 K3B=0 K3A=0  shares=0%/0%/0%/0%
[phases] mono=393534.634157 chunks=122 sequence=211.912s read_wait=0.171s bind_upload=1.646s attention_resident=10.609s expert_read_prefetch=127.574s expert_demand_read=77.692s expert_plan=7.004s expert_hint=0.001s expert_submit=0.001s expert_kernel=69.842s source_fence=0.001s tail_head_sync=1.790s layer_other=0.230s expert_read_gross=120.569s plan_hint=6.842s plan_sched=0.159s attn_total=10.584s attn_encode=4.342s attn_wait=4.272s attn_drain=1.969s kernel_total=44.541s kernel_host=1.436s kernel_wait=3.223s kernel_drain=39.881s
[attn-split] single: calls=11253 total=8.467s encode=3.720s wait=2.778s drain=1.969s waits=19481 untimed=2889 | wide: calls=93 total=2.116s encode=0.622s wait=1.494s drain=0.000s waits=92 untimed=92 | hint: calls=11224 total=6.835s encode=0.030s wait=6.805s drain=0.000s waits=11011 untimed=11011
[kernel-split] single: calls=11996 total=41.386s encode=1.240s wait=0.494s drain=39.652s waits=12885 untimed=10204 | wide: calls=550 total=3.155s encode=0.196s wait=2.729s drain=0.230s waits=550 untimed=0
[kernel-sub] materialize=0.072s moe=3.918s precommit=39.811s rest=0.740s
[metal-cache] calls=15479 zero_copy_wraps=233 copies=0 cache_entries=112 bindless=true
 precisely
[stats] generated=123 elapsed=213.610s speed=0.5758 token/s (1.737 s/token) chunks=123 committed_rows=160 verify_tx=0 drafts=0/0 layer_passes=11439 expert_rows=14720 expert_tiles=11787
[opens] expert file opens=470894 total=7.060s mean=0.015ms requested_bytes=4750815689920 (4750.8 GB)
[arrival] tiles=685 waves=1541 uncovered_wait=25.272s dispatch=4.101s
[retain] enabled=false cap_gb=8 layers=63..=92 consults=0 wanted=0 hits=0 inserts=0 served=0.0MB
[summer] enabled=false cap_gb=8 sample=16 consults=0 wanted=0 hits=0 hit_rate=0.0% misses=0 inserts=0 evictions=0 recycled=0 allocs=0 pin_skips=0 gated=0 ramp=2..50 bar=0 suppressed=0 wide_skips=0 served=0.0MB copied=0.0MB ssd_avoided=0.0GB live=0/0.0GB model=0 protected=0 declined=0 topup_suppressed=0 aged=0 into=0/0/0 pending=0
[mirror-split] internal=0 K3C=0 K3B=0 K3A=0  shares=0%/0%/0%/0%
[phases] mono=393536.192183 chunks=123 sequence=213.469s read_wait=0.171s bind_upload=1.646s attention_resident=10.673s expert_read_prefetch=128.686s expert_demand_read=78.366s expert_plan=7.069s expert_hint=0.001s expert_submit=0.001s expert_kernel=70.206s source_fence=0.001s tail_head_sync=1.805s layer_other=0.231s expert_read_gross=121.617s plan_hint=6.905s plan_sched=0.160s attn_total=10.647s attn_encode=4.366s attn_wait=4.294s attn_drain=1.987s kernel_total=44.893s kernel_host=1.447s kernel_wait=3.227s kernel_drain=40.219s
[attn-split] single: calls=11346 total=8.531s encode=3.744s wait=2.800s drain=1.987s waits=19642 untimed=2915 | wide: calls=93 total=2.116s encode=0.622s wait=1.494s drain=0.000s waits=92 untimed=92 | hint: calls=11316 total=6.898s encode=0.030s wait=6.868s drain=0.000s waits=11102 untimed=11102
[kernel-split] single: calls=12093 total=41.738s encode=1.251s wait=0.498s drain=39.990s waits=12988 untimed=10279 | wide: calls=550 total=3.155s encode=0.196s wait=2.729s drain=0.230s waits=550 untimed=0
[kernel-sub] materialize=0.072s moe=3.924s precommit=40.151s rest=0.746s
[metal-cache] calls=15576 zero_copy_wraps=233 copies=0 cache_entries=112 bindless=true
 timed
[stats] generated=124 elapsed=215.070s speed=0.5766 token/s (1.734 s/token) chunks=124 committed_rows=161 verify_tx=0 drafts=0/0 layer_passes=11532 expert_rows=14812 expert_tiles=11879
[opens] expert file opens=474723 total=7.120s mean=0.015ms requested_bytes=4784401218752 (4784.4 GB)
[arrival] tiles=686 waves=1549 uncovered_wait=25.284s dispatch=4.109s
[retain] enabled=false cap_gb=8 layers=63..=92 consults=0 wanted=0 hits=0 inserts=0 served=0.0MB
[summer] enabled=false cap_gb=8 sample=16 consults=0 wanted=0 hits=0 hit_rate=0.0% misses=0 inserts=0 evictions=0 recycled=0 allocs=0 pin_skips=0 gated=0 ramp=2..50 bar=0 suppressed=0 wide_skips=0 served=0.0MB copied=0.0MB ssd_avoided=0.0GB live=0/0.0GB model=0 protected=0 declined=0 topup_suppressed=0 aged=0 into=0/0/0 pending=0
[mirror-split] internal=0 K3C=0 K3B=0 K3A=0  shares=0%/0%/0%/0%
[phases] mono=393537.651961 chunks=124 sequence=214.927s read_wait=0.171s bind_upload=1.646s attention_resident=10.737s expert_read_prefetch=129.705s expert_demand_read=78.974s expert_plan=7.129s expert_hint=0.001s expert_submit=0.001s expert_kernel=70.565s source_fence=0.001s tail_head_sync=1.820s layer_other=0.232s expert_read_gross=122.575s plan_hint=6.965s plan_sched=0.161s attn_total=10.711s attn_encode=4.391s attn_wait=4.315s attn_drain=2.005s kernel_total=45.239s kernel_host=1.457s kernel_wait=3.231s kernel_drain=40.551s
[attn-split] single: calls=11439 total=8.595s encode=3.769s wait=2.821s drain=2.005s waits=19803 untimed=2933 | wide: calls=93 total=2.116s encode=0.622s wait=1.494s drain=0.000s waits=92 untimed=92 | hint: calls=11408 total=6.958s encode=0.031s wait=6.927s drain=0.000s waits=11193 untimed=11193
[kernel-split] single: calls=12192 total=42.084s encode=1.261s wait=0.502s drain=40.321s waits=13095 untimed=10364 | wide: calls=550 total=3.155s encode=0.196s wait=2.729s drain=0.230s waits=550 untimed=0
[kernel-sub] materialize=0.072s moe=3.932s precommit=40.484s rest=0.752s
[metal-cache] calls=15675 zero_copy_wraps=233 copies=0 cache_entries=112 bindless=true
 blackout
[stats] generated=125 elapsed=216.542s speed=0.5773 token/s (1.732 s/token) chunks=125 committed_rows=162 verify_tx=0 drafts=0/0 layer_passes=11625 expert_rows=14904 expert_tiles=11971
[opens] expert file opens=478497 total=7.171s mean=0.015ms requested_bytes=4817486658752 (4817.5 GB)
[arrival] tiles=687 waves=1556 uncovered_wait=25.293s dispatch=4.116s
[retain] enabled=false cap_gb=8 layers=63..=92 consults=0 wanted=0 hits=0 inserts=0 served=0.0MB
[summer] enabled=false cap_gb=8 sample=16 consults=0 wanted=0 hits=0 hit_rate=0.0% misses=0 inserts=0 evictions=0 recycled=0 allocs=0 pin_skips=0 gated=0 ramp=2..50 bar=0 suppressed=0 wide_skips=0 served=0.0MB copied=0.0MB ssd_avoided=0.0GB live=0/0.0GB model=0 protected=0 declined=0 topup_suppressed=0 aged=0 into=0/0/0 pending=0
[mirror-split] internal=0 K3C=0 K3B=0 K3A=0  shares=0%/0%/0%/0%
[phases] mono=393539.124017 chunks=125 sequence=216.398s read_wait=0.171s bind_upload=1.646s attention_resident=10.800s expert_read_prefetch=130.754s expert_demand_read=79.558s expert_plan=7.199s expert_hint=0.001s expert_submit=0.001s expert_kernel=70.909s source_fence=0.001s tail_head_sync=1.833s layer_other=0.234s expert_read_gross=123.554s plan_hint=7.034s plan_sched=0.163s attn_total=10.774s attn_encode=4.417s attn_wait=4.332s attn_drain=2.025s kernel_total=45.574s kernel_host=1.467s kernel_wait=3.235s kernel_drain=40.872s
[attn-split] single: calls=11532 total=8.658s encode=3.795s wait=2.838s drain=2.025s waits=19964 untimed=2957 | wide: calls=93 total=2.116s encode=0.622s wait=1.494s drain=0.000s waits=92 untimed=92 | hint: calls=11500 total=7.027s encode=0.031s wait=6.996s drain=0.000s waits=11284 untimed=11284
[kernel-split] single: calls=12290 total=42.418s encode=1.271s wait=0.505s drain=40.642s waits=13200 untimed=10445 | wide: calls=550 total=3.155s encode=0.196s wait=2.729s drain=0.230s waits=550 untimed=0
[kernel-sub] materialize=0.072s moe=3.938s precommit=40.806s rest=0.757s
[metal-cache] calls=15773 zero_copy_wraps=233 copies=0 cache_entries=112 bindless=true
,
[stats] generated=126 elapsed=218.059s speed=0.5778 token/s (1.731 s/token) chunks=126 committed_rows=163 verify_tx=0 drafts=0/0 layer_passes=11718 expert_rows=14996 expert_tiles=12063
[opens] expert file opens=482331 total=7.224s mean=0.015ms requested_bytes=4851124829376 (4851.1 GB)
[arrival] tiles=688 waves=1564 uncovered_wait=25.305s dispatch=4.123s
[retain] enabled=false cap_gb=8 layers=63..=92 consults=0 wanted=0 hits=0 inserts=0 served=0.0MB
[summer] enabled=false cap_gb=8 sample=16 consults=0 wanted=0 hits=0 hit_rate=0.0% misses=0 inserts=0 evictions=0 recycled=0 allocs=0 pin_skips=0 gated=0 ramp=2..50 bar=0 suppressed=0 wide_skips=0 served=0.0MB copied=0.0MB ssd_avoided=0.0GB live=0/0.0GB model=0 protected=0 declined=0 topup_suppressed=0 aged=0 into=0/0/0 pending=0
[mirror-split] internal=0 K3C=0 K3B=0 K3A=0  shares=0%/0%/0%/0%
[phases] mono=393540.640945 chunks=126 sequence=217.914s read_wait=0.171s bind_upload=1.646s attention_resident=10.883s expert_read_prefetch=131.815s expert_demand_read=80.200s expert_plan=7.256s expert_hint=0.001s expert_submit=0.001s expert_kernel=71.263s source_fence=0.001s tail_head_sync=1.850s layer_other=0.235s expert_read_gross=124.559s plan_hint=7.090s plan_sched=0.164s attn_total=10.856s attn_encode=4.451s attn_wait=4.354s attn_drain=2.051s kernel_total=45.915s kernel_host=1.477s kernel_wait=3.238s kernel_drain=41.200s
[attn-split] single: calls=11625 total=8.740s encode=3.829s wait=2.860s drain=2.051s waits=20125 untimed=2978 | wide: calls=93 total=2.116s encode=0.622s wait=1.494s drain=0.000s waits=92 untimed=92 | hint: calls=11592 total=7.082s encode=0.031s wait=7.051s drain=0.000s waits=11375 untimed=11375
[kernel-split] single: calls=12389 total=42.760s encode=1.281s wait=0.509s drain=40.970s waits=13307 untimed=10525 | wide: calls=550 total=3.155s encode=0.196s wait=2.729s drain=0.230s waits=550 untimed=0
[kernel-sub] materialize=0.072s moe=3.945s precommit=41.136s rest=0.762s
[metal-cache] calls=15872 zero_copy_wraps=233 copies=0 cache_entries=112 bindless=true
[route-chain] chained=8280
[route-chain] dedup_hits=8280
 and
[stats] generated=127 elapsed=219.588s speed=0.5784 token/s (1.729 s/token) chunks=127 committed_rows=164 verify_tx=0 drafts=0/0 layer_passes=11811 expert_rows=15088 expert_tiles=12155
[opens] expert file opens=486328 total=7.279s mean=0.015ms requested_bytes=4886149217472 (4886.1 GB)
[arrival] tiles=689 waves=1572 uncovered_wait=25.316s dispatch=4.129s
[retain] enabled=false cap_gb=8 layers=63..=92 consults=0 wanted=0 hits=0 inserts=0 served=0.0MB
[summer] enabled=false cap_gb=8 sample=16 consults=0 wanted=0 hits=0 hit_rate=0.0% misses=0 inserts=0 evictions=0 recycled=0 allocs=0 pin_skips=0 gated=0 ramp=2..50 bar=0 suppressed=0 wide_skips=0 served=0.0MB copied=0.0MB ssd_avoided=0.0GB live=0/0.0GB model=0 protected=0 declined=0 topup_suppressed=0 aged=0 into=0/0/0 pending=0
[mirror-split] internal=0 K3C=0 K3B=0 K3A=0  shares=0%/0%/0%/0%
[phases] mono=393542.170132 chunks=127 sequence=219.442s read_wait=0.171s bind_upload=1.646s attention_resident=10.944s expert_read_prefetch=132.912s expert_demand_read=80.869s expert_plan=7.322s expert_hint=0.001s expert_submit=0.001s expert_kernel=71.616s source_fence=0.001s tail_head_sync=1.864s layer_other=0.237s expert_read_gross=125.590s plan_hint=7.154s plan_sched=0.165s attn_total=10.917s attn_encode=4.474s attn_wait=4.373s attn_drain=2.070s kernel_total=46.258s kernel_host=1.487s kernel_wait=3.242s kernel_drain=41.530s
[attn-split] single: calls=11718 total=8.801s encode=3.852s wait=2.879s drain=2.070s waits=20286 untimed=2997 | wide: calls=93 total=2.116s encode=0.622s wait=1.494s drain=0.000s waits=92 untimed=92 | hint: calls=11684 total=7.147s encode=0.031s wait=7.116s drain=0.000s waits=11466 untimed=11466
[kernel-split] single: calls=12488 total=43.103s encode=1.291s wait=0.512s drain=41.300s waits=13414 untimed=10611 | wide: calls=550 total=3.155s encode=0.196s wait=2.729s drain=0.230s waits=550 untimed=0
[kernel-sub] materialize=0.072s moe=3.951s precommit=41.467s rest=0.767s
[metal-cache] calls=15971 zero_copy_wraps=233 copies=0 cache_entries=112 bindless=true
 escaping
[stats] generated=128 elapsed=221.101s speed=0.5789 token/s (1.727 s/token) chunks=128 committed_rows=165 verify_tx=0 drafts=0/0 layer_passes=11904 expert_rows=15180 expert_tiles=12247
[opens] expert file opens=490303 total=7.333s mean=0.015ms requested_bytes=4920980602048 (4921.0 GB)
[arrival] tiles=690 waves=1580 uncovered_wait=25.326s dispatch=4.137s
[retain] enabled=false cap_gb=8 layers=63..=92 consults=0 wanted=0 hits=0 inserts=0 served=0.0MB
[summer] enabled=false cap_gb=8 sample=16 consults=0 wanted=0 hits=0 hit_rate=0.0% misses=0 inserts=0 evictions=0 recycled=0 allocs=0 pin_skips=0 gated=0 ramp=2..50 bar=0 suppressed=0 wide_skips=0 served=0.0MB copied=0.0MB ssd_avoided=0.0GB live=0/0.0GB model=0 protected=0 declined=0 topup_suppressed=0 aged=0 into=0/0/0 pending=0
[mirror-split] internal=0 K3C=0 K3B=0 K3A=0  shares=0%/0%/0%/0%
[phases] mono=393543.682720 chunks=128 sequence=220.939s read_wait=0.171s bind_upload=1.646s attention_resident=11.005s expert_read_prefetch=133.953s expert_demand_read=81.470s expert_plan=7.372s expert_hint=0.001s expert_submit=0.001s expert_kernel=71.992s source_fence=0.001s tail_head_sync=1.882s layer_other=0.238s expert_read_gross=126.580s plan_hint=7.203s plan_sched=0.166s attn_total=10.979s attn_encode=4.497s attn_wait=4.398s attn_drain=2.083s kernel_total=46.623s kernel_host=1.498s kernel_wait=3.246s kernel_drain=41.879s
[attn-split] single: calls=11811 total=8.862s encode=3.876s wait=2.904s drain=2.083s waits=20447 untimed=3017 | wide: calls=93 total=2.116s encode=0.622s wait=1.494s drain=0.000s waits=92 untimed=92 | hint: calls=11776 total=7.196s encode=0.032s wait=7.165s drain=0.000s waits=11557 untimed=11557
[kernel-split] single: calls=12587 total=43.468s encode=1.302s wait=0.517s drain=41.650s waits=13521 untimed=10700 | wide: calls=550 total=3.155s encode=0.196s wait=2.729s drain=0.230s waits=550 untimed=0
[kernel-sub] materialize=0.072s moe=3.959s precommit=41.819s rest=0.773s
[metal-cache] calls=16070 zero_copy_wraps=233 copies=0 cache_entries=112 bindless=true
 via
[stats] generated=129 elapsed=222.584s speed=0.5796 token/s (1.725 s/token) chunks=129 committed_rows=166 verify_tx=0 drafts=0/0 layer_passes=11997 expert_rows=15272 expert_tiles=12339
[opens] expert file opens=494144 total=7.389s mean=0.015ms requested_bytes=4954645118144 (4954.6 GB)
[arrival] tiles=691 waves=1587 uncovered_wait=25.339s dispatch=4.144s
[retain] enabled=false cap_gb=8 layers=63..=92 consults=0 wanted=0 hits=0 inserts=0 served=0.0MB
[summer] enabled=false cap_gb=8 sample=16 consults=0 wanted=0 hits=0 hit_rate=0.0% misses=0 inserts=0 evictions=0 recycled=0 allocs=0 pin_skips=0 gated=0 ramp=2..50 bar=0 suppressed=0 wide_skips=0 served=0.0MB copied=0.0MB ssd_avoided=0.0GB live=0/0.0GB model=0 protected=0 declined=0 topup_suppressed=0 aged=0 into=0/0/0 pending=0
[mirror-split] internal=0 K3C=0 K3B=0 K3A=0  shares=0%/0%/0%/0%
[phases] mono=393545.165414 chunks=129 sequence=222.421s read_wait=0.171s bind_upload=1.646s attention_resident=11.073s expert_read_prefetch=135.007s expert_demand_read=82.099s expert_plan=7.426s expert_hint=0.001s expert_submit=0.001s expert_kernel=72.337s source_fence=0.001s tail_head_sync=1.896s layer_other=0.239s expert_read_gross=127.580s plan_hint=7.256s plan_sched=0.167s attn_total=11.046s attn_encode=4.529s attn_wait=4.423s attn_drain=2.094s kernel_total=46.955s kernel_host=1.508s kernel_wait=3.250s kernel_drain=42.198s
[attn-split] single: calls=11904 total=8.930s encode=3.907s wait=2.929s drain=2.094s waits=20608 untimed=3040 | wide: calls=93 total=2.116s encode=0.622s wait=1.494s drain=0.000s waits=92 untimed=92 | hint: calls=11868 total=7.249s encode=0.032s wait=7.217s drain=0.000s waits=11648 untimed=11648
[kernel-split] single: calls=12685 total=43.800s encode=1.312s wait=0.520s drain=41.968s waits=13626 untimed=10784 | wide: calls=550 total=3.155s encode=0.196s wait=2.729s drain=0.230s waits=550 untimed=0
[kernel-sub] materialize=0.072s moe=3.966s precommit=42.139s rest=0.778s
[metal-cache] calls=16168 zero_copy_wraps=233 copies=0 cache_entries=112 bindless=true
 the
[stats] generated=130 elapsed=224.028s speed=0.5803 token/s (1.723 s/token) chunks=130 committed_rows=167 verify_tx=0 drafts=0/0 layer_passes=12090 expert_rows=15364 expert_tiles=12431
[opens] expert file opens=497953 total=7.443s mean=0.015ms requested_bytes=4988002548928 (4988.0 GB)
[arrival] tiles=692 waves=1595 uncovered_wait=25.349s dispatch=4.151s
[retain] enabled=false cap_gb=8 layers=63..=92 consults=0 wanted=0 hits=0 inserts=0 served=0.0MB
[summer] enabled=false cap_gb=8 sample=16 consults=0 wanted=0 hits=0 hit_rate=0.0% misses=0 inserts=0 evictions=0 recycled=0 allocs=0 pin_skips=0 gated=0 ramp=2..50 bar=0 suppressed=0 wide_skips=0 served=0.0MB copied=0.0MB ssd_avoided=0.0GB live=0/0.0GB model=0 protected=0 declined=0 topup_suppressed=0 aged=0 into=0/0/0 pending=0
[mirror-split] internal=0 K3C=0 K3B=0 K3A=0  shares=0%/0%/0%/0%
[phases] mono=393546.609870 chunks=130 sequence=223.865s read_wait=0.171s bind_upload=1.646s attention_resident=11.143s expert_read_prefetch=136.018s expert_demand_read=82.726s expert_plan=7.480s expert_hint=0.001s expert_submit=0.001s expert_kernel=72.685s source_fence=0.001s tail_head_sync=1.909s layer_other=0.241s expert_read_gross=128.538s plan_hint=7.308s plan_sched=0.168s attn_total=11.115s attn_encode=4.562s attn_wait=4.442s attn_drain=2.111s kernel_total=47.292s kernel_host=1.518s kernel_wait=3.253s kernel_drain=42.521s
[attn-split] single: calls=11997 total=8.999s encode=3.940s wait=2.948s drain=2.111s waits=20769 untimed=3063 | wide: calls=93 total=2.116s encode=0.622s wait=1.494s drain=0.000s waits=92 untimed=92 | hint: calls=11960 total=7.301s encode=0.032s wait=7.269s drain=0.000s waits=11739 untimed=11739
[kernel-split] single: calls=12784 total=44.137s encode=1.322s wait=0.524s drain=42.291s waits=13733 untimed=10860 | wide: calls=550 total=3.155s encode=0.196s wait=2.729s drain=0.230s waits=550 untimed=0
[kernel-sub] materialize=0.072s moe=3.972s precommit=42.464s rest=0.784s
[metal-cache] calls=16267 zero_copy_wraps=233 copies=0 cache_entries=112 bindless=true
 marina
[stats] generated=131 elapsed=225.484s speed=0.5810 token/s (1.721 s/token) chunks=131 committed_rows=168 verify_tx=0 drafts=0/0 layer_passes=12183 expert_rows=15456 expert_tiles=12523
[opens] expert file opens=501790 total=7.496s mean=0.015ms requested_bytes=5021614423232 (5021.6 GB)
[arrival] tiles=693 waves=1601 uncovered_wait=25.357s dispatch=4.157s
[retain] enabled=false cap_gb=8 layers=63..=92 consults=0 wanted=0 hits=0 inserts=0 served=0.0MB
[summer] enabled=false cap_gb=8 sample=16 consults=0 wanted=0 hits=0 hit_rate=0.0% misses=0 inserts=0 evictions=0 recycled=0 allocs=0 pin_skips=0 gated=0 ramp=2..50 bar=0 suppressed=0 wide_skips=0 served=0.0MB copied=0.0MB ssd_avoided=0.0GB live=0/0.0GB model=0 protected=0 declined=0 topup_suppressed=0 aged=0 into=0/0/0 pending=0
[mirror-split] internal=0 K3C=0 K3B=0 K3A=0  shares=0%/0%/0%/0%
[phases] mono=393548.066083 chunks=131 sequence=225.320s read_wait=0.171s bind_upload=1.646s attention_resident=11.207s expert_read_prefetch=137.009s expert_demand_read=83.343s expert_plan=7.531s expert_hint=0.001s expert_submit=0.001s expert_kernel=73.067s source_fence=0.001s tail_head_sync=1.925s layer_other=0.242s expert_read_gross=129.477s plan_hint=7.359s plan_sched=0.169s attn_total=11.180s attn_encode=4.590s attn_wait=4.464s attn_drain=2.126s kernel_total=47.666s kernel_host=1.528s kernel_wait=3.257s kernel_drain=42.881s
[attn-split] single: calls=12090 total=9.064s encode=3.968s wait=2.969s drain=2.126s waits=20930 untimed=3080 | wide: calls=93 total=2.116s encode=0.622s wait=1.494s drain=0.000s waits=92 untimed=92 | hint: calls=12052 total=7.351s encode=0.032s wait=7.319s drain=0.000s waits=11830 untimed=11830
[kernel-split] single: calls=12881 total=44.511s encode=1.332s wait=0.527s drain=42.651s waits=13836 untimed=10944 | wide: calls=550 total=3.155s encode=0.196s wait=2.729s drain=0.230s waits=550 untimed=0
[kernel-sub] materialize=0.072s moe=3.978s precommit=42.826s rest=0.790s
[metal-cache] calls=16364 zero_copy_wraps=233 copies=0 cache_entries=112 bindless=true
 before
[stats] generated=132 elapsed=226.913s speed=0.5817 token/s (1.719 s/token) chunks=132 committed_rows=169 verify_tx=0 drafts=0/0 layer_passes=12276 expert_rows=15548 expert_tiles=12615
[opens] expert file opens=505614 total=7.559s mean=0.015ms requested_bytes=5055164824768 (5055.2 GB)
[arrival] tiles=694 waves=1607 uncovered_wait=25.366s dispatch=4.162s
[retain] enabled=false cap_gb=8 layers=63..=92 consults=0 wanted=0 hits=0 inserts=0 served=0.0MB
[summer] enabled=false cap_gb=8 sample=16 consults=0 wanted=0 hits=0 hit_rate=0.0% misses=0 inserts=0 evictions=0 recycled=0 allocs=0 pin_skips=0 gated=0 ramp=2..50 bar=0 suppressed=0 wide_skips=0 served=0.0MB copied=0.0MB ssd_avoided=0.0GB live=0/0.0GB model=0 protected=0 declined=0 topup_suppressed=0 aged=0 into=0/0/0 pending=0
[mirror-split] internal=0 K3C=0 K3B=0 K3A=0  shares=0%/0%/0%/0%
[phases] mono=393549.494655 chunks=132 sequence=226.748s read_wait=0.171s bind_upload=1.646s attention_resident=11.269s expert_read_prefetch=138.018s expert_demand_read=84.000s expert_plan=7.582s expert_hint=0.001s expert_submit=0.001s expert_kernel=73.409s source_fence=0.001s tail_head_sync=1.939s layer_other=0.244s expert_read_gross=130.436s plan_hint=7.409s plan_sched=0.170s attn_total=11.242s attn_encode=4.613s attn_wait=4.488s attn_drain=2.141s kernel_total=47.999s kernel_host=1.537s kernel_wait=3.259s kernel_drain=43.202s
[attn-split] single: calls=12183 total=9.125s encode=3.991s wait=2.993s drain=2.141s waits=21091 untimed=3104 | wide: calls=93 total=2.116s encode=0.622s wait=1.494s drain=0.000s waits=92 untimed=92 | hint: calls=12144 total=7.401s encode=0.032s wait=7.369s drain=0.000s waits=11921 untimed=11921
[kernel-split] single: calls=12978 total=44.843s encode=1.341s wait=0.530s drain=42.972s waits=13939 untimed=11025 | wide: calls=550 total=3.155s encode=0.196s wait=2.729s drain=0.230s waits=550 untimed=0
[kernel-sub] materialize=0.072s moe=3.983s precommit=43.148s rest=0.795s
[metal-cache] calls=16461 zero_copy_wraps=233 copies=0 cache_entries=112 bindless=true
 security
[stats] generated=133 elapsed=228.368s speed=0.5824 token/s (1.717 s/token) chunks=133 committed_rows=170 verify_tx=0 drafts=0/0 layer_passes=12369 expert_rows=15640 expert_tiles=12707
[opens] expert file opens=509467 total=7.614s mean=0.015ms requested_bytes=5088987249856 (5089.0 GB)
[arrival] tiles=695 waves=1615 uncovered_wait=25.381s dispatch=4.169s
[retain] enabled=false cap_gb=8 layers=63..=92 consults=0 wanted=0 hits=0 inserts=0 served=0.0MB
[summer] enabled=false cap_gb=8 sample=16 consults=0 wanted=0 hits=0 hit_rate=0.0% misses=0 inserts=0 evictions=0 recycled=0 allocs=0 pin_skips=0 gated=0 ramp=2..50 bar=0 suppressed=0 wide_skips=0 served=0.0MB copied=0.0MB ssd_avoided=0.0GB live=0/0.0GB model=0 protected=0 declined=0 topup_suppressed=0 aged=0 into=0/0/0 pending=0
[mirror-split] internal=0 K3C=0 K3B=0 K3A=0  shares=0%/0%/0%/0%
[phases] mono=393550.949409 chunks=133 sequence=228.201s read_wait=0.171s bind_upload=1.646s attention_resident=11.330s expert_read_prefetch=139.037s expert_demand_read=84.648s expert_plan=7.627s expert_hint=0.001s expert_submit=0.001s expert_kernel=73.765s source_fence=0.001s tail_head_sync=1.955s layer_other=0.245s expert_read_gross=131.409s plan_hint=7.453s plan_sched=0.171s attn_total=11.302s attn_encode=4.637s attn_wait=4.508s attn_drain=2.156s kernel_total=48.340s kernel_host=1.547s kernel_wait=3.263s kernel_drain=43.530s
[attn-split] single: calls=12276 total=9.186s encode=4.016s wait=3.014s drain=2.156s waits=21252 untimed=3127 | wide: calls=93 total=2.116s encode=0.622s wait=1.494s drain=0.000s waits=92 untimed=92 | hint: calls=12236 total=7.445s encode=0.033s wait=7.412s drain=0.000s waits=12012 untimed=12012
[kernel-split] single: calls=13077 total=45.185s encode=1.351s wait=0.534s drain=43.300s waits=14046 untimed=11109 | wide: calls=550 total=3.155s encode=0.196s wait=2.729s drain=0.230s waits=550 untimed=0
[kernel-sub] materialize=0.072s moe=3.990s precommit=43.478s rest=0.800s
[metal-cache] calls=16560 zero_copy_wraps=233 copies=0 cache_entries=112 bindless=true
 realizes
[stats] generated=134 elapsed=229.873s speed=0.5829 token/s (1.715 s/token) chunks=134 committed_rows=171 verify_tx=0 drafts=0/0 layer_passes=12462 expert_rows=15732 expert_tiles=12799
[opens] expert file opens=513272 total=7.671s mean=0.015ms requested_bytes=5122370960576 (5122.4 GB)
[arrival] tiles=696 waves=1622 uncovered_wait=25.390s dispatch=4.175s
[retain] enabled=false cap_gb=8 layers=63..=92 consults=0 wanted=0 hits=0 inserts=0 served=0.0MB
[summer] enabled=false cap_gb=8 sample=16 consults=0 wanted=0 hits=0 hit_rate=0.0% misses=0 inserts=0 evictions=0 recycled=0 allocs=0 pin_skips=0 gated=0 ramp=2..50 bar=0 suppressed=0 wide_skips=0 served=0.0MB copied=0.0MB ssd_avoided=0.0GB live=0/0.0GB model=0 protected=0 declined=0 topup_suppressed=0 aged=0 into=0/0/0 pending=0
[mirror-split] internal=0 K3C=0 K3B=0 K3A=0  shares=0%/0%/0%/0%
[phases] mono=393552.454407 chunks=134 sequence=229.706s read_wait=0.171s bind_upload=1.646s attention_resident=11.403s expert_read_prefetch=140.123s expert_demand_read=85.288s expert_plan=7.678s expert_hint=0.001s expert_submit=0.001s expert_kernel=74.095s source_fence=0.001s tail_head_sync=1.969s layer_other=0.247s expert_read_gross=132.444s plan_hint=7.503s plan_sched=0.172s attn_total=11.375s attn_encode=4.676s attn_wait=4.532s attn_drain=2.167s kernel_total=48.660s kernel_host=1.557s kernel_wait=3.266s kernel_drain=43.837s
[attn-split] single: calls=12369 total=9.259s encode=4.054s wait=3.038s drain=2.167s waits=21413 untimed=3156 | wide: calls=93 total=2.116s encode=0.622s wait=1.494s drain=0.000s waits=92 untimed=92 | hint: calls=12328 total=7.495s encode=0.033s wait=7.462s drain=0.000s waits=12103 untimed=12103
[kernel-split] single: calls=13175 total=45.505s encode=1.361s wait=0.537s drain=43.607s waits=14151 untimed=11190 | wide: calls=550 total=3.155s encode=0.196s wait=2.729s drain=0.230s waits=550 untimed=0
[kernel-sub] materialize=0.072s moe=3.996s precommit=43.786s rest=0.805s
[metal-cache] calls=16658 zero_copy_wraps=233 copies=0 cache_entries=112 bindless=true
 the
[stats] generated=135 elapsed=231.365s speed=0.5835 token/s (1.714 s/token) chunks=135 committed_rows=172 verify_tx=0 drafts=0/0 layer_passes=12555 expert_rows=15824 expert_tiles=12891
[opens] expert file opens=517110 total=7.730s mean=0.015ms requested_bytes=5156026678464 (5156.0 GB)
[arrival] tiles=697 waves=1630 uncovered_wait=25.402s dispatch=4.183s
[retain] enabled=false cap_gb=8 layers=63..=92 consults=0 wanted=0 hits=0 inserts=0 served=0.0MB
[summer] enabled=false cap_gb=8 sample=16 consults=0 wanted=0 hits=0 hit_rate=0.0% misses=0 inserts=0 evictions=0 recycled=0 allocs=0 pin_skips=0 gated=0 ramp=2..50 bar=0 suppressed=0 wide_skips=0 served=0.0MB copied=0.0MB ssd_avoided=0.0GB live=0/0.0GB model=0 protected=0 declined=0 topup_suppressed=0 aged=0 into=0/0/0 pending=0
[mirror-split] internal=0 K3C=0 K3B=0 K3A=0  shares=0%/0%/0%/0%
[phases] mono=393553.947118 chunks=135 sequence=231.197s read_wait=0.171s bind_upload=1.646s attention_resident=11.473s expert_read_prefetch=141.147s expert_demand_read=85.956s expert_plan=7.731s expert_hint=0.001s expert_submit=0.001s expert_kernel=74.475s source_fence=0.001s tail_head_sync=1.984s layer_other=0.248s expert_read_gross=133.415s plan_hint=7.554s plan_sched=0.173s attn_total=11.445s attn_encode=4.699s attn_wait=4.560s attn_drain=2.186s kernel_total=49.028s kernel_host=1.568s kernel_wait=3.270s kernel_drain=44.190s
[attn-split] single: calls=12462 total=9.329s encode=4.077s wait=3.066s drain=2.186s waits=21574 untimed=3171 | wide: calls=93 total=2.116s encode=0.622s wait=1.494s drain=0.000s waits=92 untimed=92 | hint: calls=12420 total=7.547s encode=0.033s wait=7.514s drain=0.000s waits=12194 untimed=12194
[kernel-split] single: calls=13274 total=45.873s encode=1.372s wait=0.541s drain=43.960s waits=14258 untimed=11274 | wide: calls=550 total=3.155s encode=0.196s wait=2.729s drain=0.230s waits=550 untimed=0
[kernel-sub] materialize=0.072s moe=4.004s precommit=44.142s rest=0.811s
[metal-cache] calls=16757 zero_copy_wraps=233 copies=0 cache_entries=112 bindless=true
 theft
[stats] generated=136 elapsed=232.892s speed=0.5840 token/s (1.712 s/token) chunks=136 committed_rows=173 verify_tx=0 drafts=0/0 layer_passes=12648 expert_rows=15916 expert_tiles=12983
[opens] expert file opens=521060 total=7.784s mean=0.015ms requested_bytes=5190621215936 (5190.6 GB)
[arrival] tiles=698 waves=1636 uncovered_wait=25.413s dispatch=4.189s
[retain] enabled=false cap_gb=8 layers=63..=92 consults=0 wanted=0 hits=0 inserts=0 served=0.0MB
[summer] enabled=false cap_gb=8 sample=16 consults=0 wanted=0 hits=0 hit_rate=0.0% misses=0 inserts=0 evictions=0 recycled=0 allocs=0 pin_skips=0 gated=0 ramp=2..50 bar=0 suppressed=0 wide_skips=0 served=0.0MB copied=0.0MB ssd_avoided=0.0GB live=0/0.0GB model=0 protected=0 declined=0 topup_suppressed=0 aged=0 into=0/0/0 pending=0
[mirror-split] internal=0 K3C=0 K3B=0 K3A=0  shares=0%/0%/0%/0%
[phases] mono=393555.473345 chunks=136 sequence=232.722s read_wait=0.171s bind_upload=1.646s attention_resident=11.537s expert_read_prefetch=142.238s expert_demand_read=86.576s expert_plan=7.796s expert_hint=0.001s expert_submit=0.001s expert_kernel=74.830s source_fence=0.001s tail_head_sync=1.998s layer_other=0.250s expert_read_gross=134.441s plan_hint=7.619s plan_sched=0.174s attn_total=11.508s attn_encode=4.721s attn_wait=4.586s attn_drain=2.200s kernel_total=49.372s kernel_host=1.578s kernel_wait=3.273s kernel_drain=44.521s
[attn-split] single: calls=12555 total=9.392s encode=4.100s wait=3.092s drain=2.200s waits=21735 untimed=3195 | wide: calls=93 total=2.116s encode=0.622s wait=1.494s drain=0.000s waits=92 untimed=92 | hint: calls=12512 total=7.611s encode=0.033s wait=7.578s drain=0.000s waits=12285 untimed=12285
[kernel-split] single: calls=13371 total=46.217s encode=1.382s wait=0.544s drain=44.291s waits=14361 untimed=11351 | wide: calls=550 total=3.155s encode=0.196s wait=2.729s drain=0.230s waits=550 untimed=0
[kernel-sub] materialize=0.072s moe=4.010s precommit=44.474s rest=0.816s
[metal-cache] calls=16854 zero_copy_wraps=233 copies=0 cache_entries=112 bindless=true
[route-chain] chained=8970
[route-chain] dedup_hits=8970
.
[stats] generated=137 elapsed=234.319s speed=0.5847 token/s (1.710 s/token) chunks=137 committed_rows=174 verify_tx=0 drafts=0/0 layer_passes=12741 expert_rows=16008 expert_tiles=13075
[opens] expert file opens=524953 total=7.844s mean=0.015ms requested_bytes=5224759459008 (5224.8 GB)
[arrival] tiles=699 waves=1644 uncovered_wait=25.430s dispatch=4.197s
[retain] enabled=false cap_gb=8 layers=63..=92 consults=0 wanted=0 hits=0 inserts=0 served=0.0MB
[summer] enabled=false cap_gb=8 sample=16 consults=0 wanted=0 hits=0 hit_rate=0.0% misses=0 inserts=0 evictions=0 recycled=0 allocs=0 pin_skips=0 gated=0 ramp=2..50 bar=0 suppressed=0 wide_skips=0 served=0.0MB copied=0.0MB ssd_avoided=0.0GB live=0/0.0GB model=0 protected=0 declined=0 topup_suppressed=0 aged=0 into=0/0/0 pending=0
[mirror-split] internal=0 K3C=0 K3B=0 K3A=0  shares=0%/0%/0%/0%
[phases] mono=393556.900649 chunks=137 sequence=234.148s read_wait=0.171s bind_upload=1.646s attention_resident=11.608s expert_read_prefetch=143.223s expert_demand_read=87.196s expert_plan=7.846s expert_hint=0.001s expert_submit=0.001s expert_kernel=75.186s source_fence=0.001s tail_head_sync=2.011s layer_other=0.251s expert_read_gross=135.377s plan_hint=7.667s plan_sched=0.175s attn_total=11.579s attn_encode=4.746s attn_wait=4.618s attn_drain=2.215s kernel_total=49.710s kernel_host=1.588s kernel_wait=3.278s kernel_drain=44.845s
[attn-split] single: calls=12648 total=9.463s encode=4.124s wait=3.124s drain=2.215s waits=21896 untimed=3216 | wide: calls=93 total=2.116s encode=0.622s wait=1.494s drain=0.000s waits=92 untimed=92 | hint: calls=12604 total=7.659s encode=0.034s wait=7.626s drain=0.000s waits=12376 untimed=12376
[kernel-split] single: calls=13470 total=46.555s encode=1.392s wait=0.548s drain=44.615s waits=14468 untimed=11441 | wide: calls=550 total=3.155s encode=0.196s wait=2.729s drain=0.230s waits=550 untimed=0
[kernel-sub] materialize=0.072s moe=4.017s precommit=44.799s rest=0.821s
[metal-cache] calls=16953 zero_copy_wraps=233 copies=0 cache_entries=112 bindless=true
 Elena
[stats] generated=138 elapsed=235.862s speed=0.5851 token/s (1.709 s/token) chunks=138 committed_rows=175 verify_tx=0 drafts=0/0 layer_passes=12834 expert_rows=16100 expert_tiles=13167
[opens] expert file opens=529005 total=7.908s mean=0.015ms requested_bytes=5260319030464 (5260.3 GB)
[arrival] tiles=700 waves=1651 uncovered_wait=25.445s dispatch=4.204s
[retain] enabled=false cap_gb=8 layers=63..=92 consults=0 wanted=0 hits=0 inserts=0 served=0.0MB
[summer] enabled=false cap_gb=8 sample=16 consults=0 wanted=0 hits=0 hit_rate=0.0% misses=0 inserts=0 evictions=0 recycled=0 allocs=0 pin_skips=0 gated=0 ramp=2..50 bar=0 suppressed=0 wide_skips=0 served=0.0MB copied=0.0MB ssd_avoided=0.0GB live=0/0.0GB model=0 protected=0 declined=0 topup_suppressed=0 aged=0 into=0/0/0 pending=0
[mirror-split] internal=0 K3C=0 K3B=0 K3A=0  shares=0%/0%/0%/0%
[phases] mono=393558.443693 chunks=138 sequence=235.690s read_wait=0.171s bind_upload=1.646s attention_resident=11.687s expert_read_prefetch=144.296s expert_demand_read=87.852s expert_plan=7.901s expert_hint=0.001s expert_submit=0.001s expert_kernel=75.561s source_fence=0.001s tail_head_sync=2.024s layer_other=0.253s expert_read_gross=136.394s plan_hint=7.721s plan_sched=0.176s attn_total=11.658s attn_encode=4.789s attn_wait=4.647s attn_drain=2.222s kernel_total=50.070s kernel_host=1.599s kernel_wait=3.281s kernel_drain=45.190s
[attn-split] single: calls=12741 total=9.542s encode=4.167s wait=3.153s drain=2.222s waits=22057 untimed=3240 | wide: calls=93 total=2.116s encode=0.622s wait=1.494s drain=0.000s waits=92 untimed=92 | hint: calls=12696 total=7.713s encode=0.034s wait=7.680s drain=0.000s waits=12467 untimed=12467
[kernel-split] single: calls=13568 total=46.915s encode=1.403s wait=0.552s drain=44.960s waits=14573 untimed=11529 | wide: calls=550 total=3.155s encode=0.196s wait=2.729s drain=0.230s waits=550 untimed=0
[kernel-sub] materialize=0.072s moe=4.024s precommit=45.147s rest=0.827s
[metal-cache] calls=17051 zero_copy_wraps=233 copies=0 cache_entries=112 bindless=true
 has
[stats] generated=139 elapsed=237.335s speed=0.5857 token/s (1.707 s/token) chunks=139 committed_rows=176 verify_tx=0 drafts=0/0 layer_passes=12927 expert_rows=16192 expert_tiles=13259
[opens] expert file opens=532815 total=7.961s mean=0.015ms requested_bytes=5293720304832 (5293.7 GB)
[arrival] tiles=701 waves=1657 uncovered_wait=25.454s dispatch=4.209s
[retain] enabled=false cap_gb=8 layers=63..=92 consults=0 wanted=0 hits=0 inserts=0 served=0.0MB
[summer] enabled=false cap_gb=8 sample=16 consults=0 wanted=0 hits=0 hit_rate=0.0% misses=0 inserts=0 evictions=0 recycled=0 allocs=0 pin_skips=0 gated=0 ramp=2..50 bar=0 suppressed=0 wide_skips=0 served=0.0MB copied=0.0MB ssd_avoided=0.0GB live=0/0.0GB model=0 protected=0 declined=0 topup_suppressed=0 aged=0 into=0/0/0 pending=0
[mirror-split] internal=0 K3C=0 K3B=0 K3A=0  shares=0%/0%/0%/0%
[phases] mono=393559.917069 chunks=139 sequence=237.163s read_wait=0.171s bind_upload=1.646s attention_resident=11.750s expert_read_prefetch=145.340s expert_demand_read=88.469s expert_plan=7.961s expert_hint=0.001s expert_submit=0.001s expert_kernel=75.909s source_fence=0.001s tail_head_sync=2.040s layer_other=0.254s expert_read_gross=137.378s plan_hint=7.780s plan_sched=0.177s attn_total=11.721s attn_encode=4.812s attn_wait=4.671s attn_drain=2.237s kernel_total=50.408s kernel_host=1.608s kernel_wait=3.284s kernel_drain=45.516s
[attn-split] single: calls=12834 total=9.604s encode=4.190s wait=3.177s drain=2.237s waits=22218 untimed=3260 | wide: calls=93 total=2.116s encode=0.622s wait=1.494s drain=0.000s waits=92 untimed=92 | hint: calls=12788 total=7.773s encode=0.034s wait=7.739s drain=0.000s waits=12558 untimed=12558
[kernel-split] single: calls=13665 total=47.253s encode=1.412s wait=0.555s drain=45.286s waits=14676 untimed=11615 | wide: calls=550 total=3.155s encode=0.196s wait=2.729s drain=0.230s waits=550 untimed=0
[kernel-sub] materialize=0.072s moe=4.029s precommit=45.475s rest=0.832s
[metal-cache] calls=17148 zero_copy_wraps=233 copies=0 cache_entries=112 bindless=true
 personal
[stats] generated=140 elapsed=238.865s speed=0.5861 token/s (1.706 s/token) chunks=140 committed_rows=177 verify_tx=0 drafts=0/0 layer_passes=13020 expert_rows=16284 expert_tiles=13351
[opens] expert file opens=536728 total=8.014s mean=0.015ms requested_bytes=5328051584192 (5328.1 GB)
[arrival] tiles=702 waves=1664 uncovered_wait=25.464s dispatch=4.215s
[retain] enabled=false cap_gb=8 layers=63..=92 consults=0 wanted=0 hits=0 inserts=0 served=0.0MB
[summer] enabled=false cap_gb=8 sample=16 consults=0 wanted=0 hits=0 hit_rate=0.0% misses=0 inserts=0 evictions=0 recycled=0 allocs=0 pin_skips=0 gated=0 ramp=2..50 bar=0 suppressed=0 wide_skips=0 served=0.0MB copied=0.0MB ssd_avoided=0.0GB live=0/0.0GB model=0 protected=0 declined=0 topup_suppressed=0 aged=0 into=0/0/0 pending=0
[mirror-split] internal=0 K3C=0 K3B=0 K3A=0  shares=0%/0%/0%/0%
[phases] mono=393561.447204 chunks=140 sequence=238.692s read_wait=0.171s bind_upload=1.646s attention_resident=11.810s expert_read_prefetch=146.451s expert_demand_read=89.136s expert_plan=8.019s expert_hint=0.001s expert_submit=0.001s expert_kernel=76.252s source_fence=0.001s tail_head_sync=2.054s layer_other=0.255s expert_read_gross=138.432s plan_hint=7.837s plan_sched=0.179s attn_total=11.780s attn_encode=4.834s attn_wait=4.693s attn_drain=2.253s kernel_total=50.742s kernel_host=1.618s kernel_wait=3.287s kernel_drain=45.836s
[attn-split] single: calls=12927 total=9.664s encode=4.212s wait=3.199s drain=2.253s waits=22379 untimed=3281 | wide: calls=93 total=2.116s encode=0.622s wait=1.494s drain=0.000s waits=92 untimed=92 | hint: calls=12880 total=7.829s encode=0.034s wait=7.794s drain=0.000s waits=12649 untimed=12649
[kernel-split] single: calls=13763 total=47.587s encode=1.422s wait=0.558s drain=45.606s waits=14781 untimed=11700 | wide: calls=550 total=3.155s encode=0.196s wait=2.729s drain=0.230s waits=550 untimed=0
[kernel-sub] materialize=0.072s moe=4.035s precommit=45.797s rest=0.838s
[metal-cache] calls=17246 zero_copy_wraps=233 copies=0 cache_entries=112 bindless=true
 stakes
[stats] generated=141 elapsed=240.366s speed=0.5866 token/s (1.705 s/token) chunks=141 committed_rows=178 verify_tx=0 drafts=0/0 layer_passes=13113 expert_rows=16376 expert_tiles=13443
[opens] expert file opens=540579 total=8.071s mean=0.015ms requested_bytes=5361821351104 (5361.8 GB)
[arrival] tiles=703 waves=1671 uncovered_wait=25.477s dispatch=4.221s
[retain] enabled=false cap_gb=8 layers=63..=92 consults=0 wanted=0 hits=0 inserts=0 served=0.0MB
[summer] enabled=false cap_gb=8 sample=16 consults=0 wanted=0 hits=0 hit_rate=0.0% misses=0 inserts=0 evictions=0 recycled=0 allocs=0 pin_skips=0 gated=0 ramp=2..50 bar=0 suppressed=0 wide_skips=0 served=0.0MB copied=0.0MB ssd_avoided=0.0GB live=0/0.0GB model=0 protected=0 declined=0 topup_suppressed=0 aged=0 into=0/0/0 pending=0
[mirror-split] internal=0 K3C=0 K3B=0 K3A=0  shares=0%/0%/0%/0%
[phases] mono=393562.947691 chunks=141 sequence=240.191s read_wait=0.171s bind_upload=1.646s attention_resident=11.883s expert_read_prefetch=147.491s expert_demand_read=89.807s expert_plan=8.069s expert_hint=0.001s expert_submit=0.001s expert_kernel=76.621s source_fence=0.001s tail_head_sync=2.069s layer_other=0.257s expert_read_gross=139.421s plan_hint=7.886s plan_sched=0.180s attn_total=11.853s attn_encode=4.866s attn_wait=4.711s attn_drain=2.276s kernel_total=51.098s kernel_host=1.628s kernel_wait=3.290s kernel_drain=46.179s
[attn-split] single: calls=13020 total=9.737s encode=4.244s wait=3.217s drain=2.276s waits=22540 untimed=3300 | wide: calls=93 total=2.116s encode=0.622s wait=1.494s drain=0.000s waits=92 untimed=92 | hint: calls=12972 total=7.878s encode=0.035s wait=7.844s drain=0.000s waits=12740 untimed=12740
[kernel-split] single: calls=13861 total=47.943s encode=1.433s wait=0.561s drain=45.949s waits=14886 untimed=11782 | wide: calls=550 total=3.155s encode=0.196s wait=2.729s drain=0.230s waits=550 untimed=0
[kernel-sub] materialize=0.072s moe=4.041s precommit=46.141s rest=0.843s
[metal-cache] calls=17344 zero_copy_wraps=233 copies=0 cache_entries=112 bindless=true
 beyond
[stats] generated=142 elapsed=241.878s speed=0.5871 token/s (1.703 s/token) chunks=142 committed_rows=179 verify_tx=0 drafts=0/0 layer_passes=13206 expert_rows=16468 expert_tiles=13535
[opens] expert file opens=544438 total=8.133s mean=0.015ms requested_bytes=5395687619776 (5395.7 GB)
[arrival] tiles=704 waves=1679 uncovered_wait=25.492s dispatch=4.230s
[retain] enabled=false cap_gb=8 layers=63..=92 consults=0 wanted=0 hits=0 inserts=0 served=0.0MB
[summer] enabled=false cap_gb=8 sample=16 consults=0 wanted=0 hits=0 hit_rate=0.0% misses=0 inserts=0 evictions=0 recycled=0 allocs=0 pin_skips=0 gated=0 ramp=2..50 bar=0 suppressed=0 wide_skips=0 served=0.0MB copied=0.0MB ssd_avoided=0.0GB live=0/0.0GB model=0 protected=0 declined=0 topup_suppressed=0 aged=0 into=0/0/0 pending=0
[mirror-split] internal=0 K3C=0 K3B=0 K3A=0  shares=0%/0%/0%/0%
[phases] mono=393564.459914 chunks=142 sequence=241.703s read_wait=0.171s bind_upload=1.646s attention_resident=11.963s expert_read_prefetch=148.553s expert_demand_read=90.476s expert_plan=8.131s expert_hint=0.001s expert_submit=0.001s expert_kernel=76.975s source_fence=0.001s tail_head_sync=2.083s layer_other=0.258s expert_read_gross=140.422s plan_hint=7.947s plan_sched=0.181s attn_total=11.933s attn_encode=4.908s attn_wait=4.735s attn_drain=2.290s kernel_total=51.436s kernel_host=1.640s kernel_wait=3.295s kernel_drain=46.502s
[attn-split] single: calls=13113 total=9.817s encode=4.286s wait=3.241s drain=2.290s waits=22701 untimed=3321 | wide: calls=93 total=2.116s encode=0.622s wait=1.494s drain=0.000s waits=92 untimed=92 | hint: calls=13064 total=7.939s encode=0.035s wait=7.904s drain=0.000s waits=12831 untimed=12831
[kernel-split] single: calls=13960 total=48.281s encode=1.444s wait=0.566s drain=46.272s waits=14993 untimed=11870 | wide: calls=550 total=3.155s encode=0.196s wait=2.729s drain=0.230s waits=550 untimed=0
[kernel-sub] materialize=0.072s moe=4.049s precommit=46.465s rest=0.850s
[metal-cache] calls=17443 zero_copy_wraps=233 copies=0 cache_entries=112 bindless=true
 the
[stats] generated=143 elapsed=243.343s speed=0.5876 token/s (1.702 s/token) chunks=143 committed_rows=180 verify_tx=0 drafts=0/0 layer_passes=13299 expert_rows=16560 expert_tiles=13627
[opens] expert file opens=548286 total=8.187s mean=0.015ms requested_bytes=5429439855808 (5429.4 GB)
[arrival] tiles=705 waves=1685 uncovered_wait=25.503s dispatch=4.236s
[retain] enabled=false cap_gb=8 layers=63..=92 consults=0 wanted=0 hits=0 inserts=0 served=0.0MB
[summer] enabled=false cap_gb=8 sample=16 consults=0 wanted=0 hits=0 hit_rate=0.0% misses=0 inserts=0 evictions=0 recycled=0 allocs=0 pin_skips=0 gated=0 ramp=2..50 bar=0 suppressed=0 wide_skips=0 served=0.0MB copied=0.0MB ssd_avoided=0.0GB live=0/0.0GB model=0 protected=0 declined=0 topup_suppressed=0 aged=0 into=0/0/0 pending=0
[mirror-split] internal=0 K3C=0 K3B=0 K3A=0  shares=0%/0%/0%/0%
[phases] mono=393565.924709 chunks=143 sequence=243.166s read_wait=0.171s bind_upload=1.646s attention_resident=12.039s expert_read_prefetch=149.579s expert_demand_read=91.107s expert_plan=8.185s expert_hint=0.001s expert_submit=0.001s expert_kernel=77.320s source_fence=0.001s tail_head_sync=2.099s layer_other=0.259s expert_read_gross=141.393s plan_hint=7.999s plan_sched=0.182s attn_total=12.009s attn_encode=4.936s attn_wait=4.765s attn_drain=2.307s kernel_total=51.770s kernel_host=1.649s kernel_wait=3.298s kernel_drain=46.823s
[attn-split] single: calls=13206 total=9.893s encode=4.314s wait=3.271s drain=2.307s waits=22862 untimed=3341 | wide: calls=93 total=2.116s encode=0.622s wait=1.494s drain=0.000s waits=92 untimed=92 | hint: calls=13156 total=7.991s encode=0.035s wait=7.956s drain=0.000s waits=12922 untimed=12922
[kernel-split] single: calls=14057 total=48.615s encode=1.453s wait=0.569s drain=46.593s waits=15096 untimed=11951 | wide: calls=550 total=3.155s encode=0.196s wait=2.729s drain=0.230s waits=550 untimed=0
[kernel-sub] materialize=0.072s moe=4.055s precommit=46.788s rest=0.855s
[metal-cache] calls=17540 zero_copy_wraps=233 copies=0 cache_entries=112 bindless=true
 €
[stats] generated=144 elapsed=244.833s speed=0.5882 token/s (1.700 s/token) chunks=144 committed_rows=181 verify_tx=0 drafts=0/0 layer_passes=13392 expert_rows=16652 expert_tiles=13719
[opens] expert file opens=552209 total=8.240s mean=0.015ms requested_bytes=5463823809728 (5463.8 GB)
[arrival] tiles=706 waves=1692 uncovered_wait=25.512s dispatch=4.243s
[retain] enabled=false cap_gb=8 layers=63..=92 consults=0 wanted=0 hits=0 inserts=0 served=0.0MB
[summer] enabled=false cap_gb=8 sample=16 consults=0 wanted=0 hits=0 hit_rate=0.0% misses=0 inserts=0 evictions=0 recycled=0 allocs=0 pin_skips=0 gated=0 ramp=2..50 bar=0 suppressed=0 wide_skips=0 served=0.0MB copied=0.0MB ssd_avoided=0.0GB live=0/0.0GB model=0 protected=0 declined=0 topup_suppressed=0 aged=0 into=0/0/0 pending=0
[mirror-split] internal=0 K3C=0 K3B=0 K3A=0  shares=0%/0%/0%/0%
[phases] mono=393567.415041 chunks=144 sequence=244.656s read_wait=0.171s bind_upload=1.646s attention_resident=12.105s expert_read_prefetch=150.641s expert_demand_read=91.769s expert_plan=8.242s expert_hint=0.001s expert_submit=0.001s expert_kernel=77.665s source_fence=0.001s tail_head_sync=2.113s layer_other=0.261s expert_read_gross=142.398s plan_hint=8.055s plan_sched=0.183s attn_total=12.075s attn_encode=4.962s attn_wait=4.792s attn_drain=2.320s kernel_total=52.105s kernel_host=1.658s kernel_wait=3.302s kernel_drain=47.144s
[attn-split] single: calls=13299 total=9.959s encode=4.340s wait=3.298s drain=2.320s waits=23023 untimed=3366 | wide: calls=93 total=2.116s encode=0.622s wait=1.494s drain=0.000s waits=92 untimed=92 | hint: calls=13248 total=8.047s encode=0.035s wait=8.012s drain=0.000s waits=13013 untimed=13013
[kernel-split] single: calls=14155 total=48.950s encode=1.462s wait=0.573s drain=46.915s waits=15201 untimed=12038 | wide: calls=550 total=3.155s encode=0.196s wait=2.729s drain=0.230s waits=550 untimed=0
[kernel-sub] materialize=0.072s moe=4.062s precommit=47.111s rest=0.860s
[metal-cache] calls=17638 zero_copy_wraps=233 copies=0 cache_entries=112 bindless=true
50
[stats] generated=145 elapsed=246.304s speed=0.5887 token/s (1.699 s/token) chunks=145 committed_rows=182 verify_tx=0 drafts=0/0 layer_passes=13485 expert_rows=16744 expert_tiles=13811
[opens] expert file opens=556040 total=8.295s mean=0.015ms requested_bytes=5497391791296 (5497.4 GB)
[arrival] tiles=707 waves=1700 uncovered_wait=25.521s dispatch=4.249s
[retain] enabled=false cap_gb=8 layers=63..=92 consults=0 wanted=0 hits=0 inserts=0 served=0.0MB
[summer] enabled=false cap_gb=8 sample=16 consults=0 wanted=0 hits=0 hit_rate=0.0% misses=0 inserts=0 evictions=0 recycled=0 allocs=0 pin_skips=0 gated=0 ramp=2..50 bar=0 suppressed=0 wide_skips=0 served=0.0MB copied=0.0MB ssd_avoided=0.0GB live=0/0.0GB model=0 protected=0 declined=0 topup_suppressed=0 aged=0 into=0/0/0 pending=0
[mirror-split] internal=0 K3C=0 K3B=0 K3A=0  shares=0%/0%/0%/0%
[phases] mono=393568.886120 chunks=145 sequence=246.126s read_wait=0.171s bind_upload=1.646s attention_resident=12.172s expert_read_prefetch=151.665s expert_demand_read=92.423s expert_plan=8.296s expert_hint=0.001s expert_submit=0.001s expert_kernel=78.029s source_fence=0.001s tail_head_sync=2.127s layer_other=0.262s expert_read_gross=143.368s plan_hint=8.109s plan_sched=0.184s attn_total=12.142s attn_encode=4.988s attn_wait=4.812s attn_drain=2.342s kernel_total=52.460s kernel_host=1.669s kernel_wait=3.306s kernel_drain=47.486s
[attn-split] single: calls=13392 total=10.026s encode=4.366s wait=3.317s drain=2.342s waits=23184 untimed=3385 | wide: calls=93 total=2.116s encode=0.622s wait=1.494s drain=0.000s waits=92 untimed=92 | hint: calls=13340 total=8.101s encode=0.036s wait=8.065s drain=0.000s waits=13104 untimed=13104
[kernel-split] single: calls=14254 total=49.305s encode=1.473s wait=0.576s drain=47.256s waits=15308 untimed=12125 | wide: calls=550 total=3.155s encode=0.196s wait=2.729s drain=0.230s waits=550 untimed=0
[kernel-sub] materialize=0.072s moe=4.068s precommit=47.454s rest=0.865s
[metal-cache] calls=17737 zero_copy_wraps=233 copies=0 cache_entries=112 bindless=true
 million
[stats] generated=146 elapsed=247.744s speed=0.5893 token/s (1.697 s/token) chunks=146 committed_rows=183 verify_tx=0 drafts=0/0 layer_passes=13578 expert_rows=16836 expert_tiles=13903
[opens] expert file opens=559823 total=8.352s mean=0.015ms requested_bytes=5530573733056 (5530.6 GB)
[arrival] tiles=708 waves=1707 uncovered_wait=25.530s dispatch=4.256s
[retain] enabled=false cap_gb=8 layers=63..=92 consults=0 wanted=0 hits=0 inserts=0 served=0.0MB
[summer] enabled=false cap_gb=8 sample=16 consults=0 wanted=0 hits=0 hit_rate=0.0% misses=0 inserts=0 evictions=0 recycled=0 allocs=0 pin_skips=0 gated=0 ramp=2..50 bar=0 suppressed=0 wide_skips=0 served=0.0MB copied=0.0MB ssd_avoided=0.0GB live=0/0.0GB model=0 protected=0 declined=0 topup_suppressed=0 aged=0 into=0/0/0 pending=0
[mirror-split] internal=0 K3C=0 K3B=0 K3A=0  shares=0%/0%/0%/0%
[phases] mono=393570.325993 chunks=146 sequence=247.564s read_wait=0.171s bind_upload=1.646s attention_resident=12.260s expert_read_prefetch=152.660s expert_demand_read=93.055s expert_plan=8.353s expert_hint=0.001s expert_submit=0.001s expert_kernel=78.366s source_fence=0.001s tail_head_sync=2.144s layer_other=0.263s expert_read_gross=144.306s plan_hint=8.165s plan_sched=0.185s attn_total=12.230s attn_encode=5.037s attn_wait=4.833s attn_drain=2.360s kernel_total=52.788s kernel_host=1.678s kernel_wait=3.309s kernel_drain=47.801s
[attn-split] single: calls=13485 total=10.114s encode=4.415s wait=3.339s drain=2.360s waits=23345 untimed=3412 | wide: calls=93 total=2.116s encode=0.622s wait=1.494s drain=0.000s waits=92 untimed=92 | hint: calls=13432 total=8.156s encode=0.036s wait=8.120s drain=0.000s waits=13195 untimed=13195
[kernel-split] single: calls=14352 total=49.633s encode=1.482s wait=0.580s drain=47.571s waits=15413 untimed=12204 | wide: calls=550 total=3.155s encode=0.196s wait=2.729s drain=0.230s waits=550 untimed=0
[kernel-sub] materialize=0.072s moe=4.075s precommit=47.771s rest=0.870s
[metal-cache] calls=17835 zero_copy_wraps=233 copies=0 cache_entries=112 bindless=true
 payday
[stats] generated=147 elapsed=249.212s speed=0.5899 token/s (1.695 s/token) chunks=147 committed_rows=184 verify_tx=0 drafts=0/0 layer_passes=13671 expert_rows=16928 expert_tiles=13995
[opens] expert file opens=563670 total=8.402s mean=0.015ms requested_bytes=5564325936320 (5564.3 GB)
[arrival] tiles=709 waves=1714 uncovered_wait=25.541s dispatch=4.262s
[retain] enabled=false cap_gb=8 layers=63..=92 consults=0 wanted=0 hits=0 inserts=0 served=0.0MB
[summer] enabled=false cap_gb=8 sample=16 consults=0 wanted=0 hits=0 hit_rate=0.0% misses=0 inserts=0 evictions=0 recycled=0 allocs=0 pin_skips=0 gated=0 ramp=2..50 bar=0 suppressed=0 wide_skips=0 served=0.0MB copied=0.0MB ssd_avoided=0.0GB live=0/0.0GB model=0 protected=0 declined=0 topup_suppressed=0 aged=0 into=0/0/0 pending=0
[mirror-split] internal=0 K3C=0 K3B=0 K3A=0  shares=0%/0%/0%/0%
[phases] mono=393571.793765 chunks=147 sequence=249.031s read_wait=0.171s bind_upload=1.646s attention_resident=12.322s expert_read_prefetch=153.704s expert_demand_read=93.705s expert_plan=8.411s expert_hint=0.001s expert_submit=0.001s expert_kernel=78.713s source_fence=0.001s tail_head_sync=2.157s layer_other=0.265s expert_read_gross=145.292s plan_hint=8.221s plan_sched=0.186s attn_total=12.292s attn_encode=5.061s attn_wait=4.851s attn_drain=2.380s kernel_total=53.123s kernel_host=1.688s kernel_wait=3.312s kernel_drain=48.123s
[attn-split] single: calls=13578 total=10.175s encode=4.440s wait=3.356s drain=2.380s waits=23506 untimed=3433 | wide: calls=93 total=2.116s encode=0.622s wait=1.494s drain=0.000s waits=92 untimed=92 | hint: calls=13524 total=8.213s encode=0.036s wait=8.177s drain=0.000s waits=13286 untimed=13286
[kernel-split] single: calls=14450 total=49.968s encode=1.492s wait=0.583s drain=47.893s waits=15518 untimed=12290 | wide: calls=550 total=3.155s encode=0.196s wait=2.729s drain=0.230s waits=550 untimed=0
[kernel-sub] materialize=0.072s moe=4.081s precommit=48.094s rest=0.876s
[metal-cache] calls=17933 zero_copy_wraps=233 copies=0 cache_entries=112 bindless=true
[route-chain] chained=9660
[route-chain] dedup_hits=9660
—the
[stats] generated=148 elapsed=250.708s speed=0.5903 token/s (1.694 s/token) chunks=148 committed_rows=185 verify_tx=0 drafts=0/0 layer_passes=13764 expert_rows=17020 expert_tiles=14087
[opens] expert file opens=567600 total=8.457s mean=0.015ms requested_bytes=5598797593792 (5598.8 GB)
[arrival] tiles=710 waves=1721 uncovered_wait=25.552s dispatch=4.268s
[retain] enabled=false cap_gb=8 layers=63..=92 consults=0 wanted=0 hits=0 inserts=0 served=0.0MB
[summer] enabled=false cap_gb=8 sample=16 consults=0 wanted=0 hits=0 hit_rate=0.0% misses=0 inserts=0 evictions=0 recycled=0 allocs=0 pin_skips=0 gated=0 ramp=2..50 bar=0 suppressed=0 wide_skips=0 served=0.0MB copied=0.0MB ssd_avoided=0.0GB live=0/0.0GB model=0 protected=0 declined=0 topup_suppressed=0 aged=0 into=0/0/0 pending=0
[mirror-split] internal=0 K3C=0 K3B=0 K3A=0  shares=0%/0%/0%/0%
[phases] mono=393573.290184 chunks=148 sequence=250.526s read_wait=0.171s bind_upload=1.646s attention_resident=12.386s expert_read_prefetch=154.758s expert_demand_read=94.331s expert_plan=8.468s expert_hint=0.001s expert_submit=0.001s expert_kernel=79.075s source_fence=0.001s tail_head_sync=2.170s layer_other=0.266s expert_read_gross=146.289s plan_hint=8.277s plan_sched=0.187s attn_total=12.355s attn_encode=5.084s attn_wait=4.870s attn_drain=2.401s kernel_total=53.474s kernel_host=1.698s kernel_wait=3.315s kernel_drain=48.461s
[attn-split] single: calls=13671 total=10.239s encode=4.462s wait=3.376s drain=2.401s waits=23667 untimed=3452 | wide: calls=93 total=2.116s encode=0.622s wait=1.494s drain=0.000s waits=92 untimed=92 | hint: calls=13616 total=8.269s encode=0.036s wait=8.233s drain=0.000s waits=13377 untimed=13377
[kernel-split] single: calls=14548 total=50.319s encode=1.502s wait=0.586s drain=48.231s waits=15623 untimed=12368 | wide: calls=550 total=3.155s encode=0.196s wait=2.729s drain=0.230s waits=550 untimed=0
[kernel-sub] materialize=0.072s moe=4.087s precommit=48.434s rest=0.881s
[metal-cache] calls=18031 zero_copy_wraps=233 copies=0 cache_entries=112 bindless=true
 ruby
[stats] generated=149 elapsed=252.158s speed=0.5909 token/s (1.692 s/token) chunks=149 committed_rows=186 verify_tx=0 drafts=0/0 layer_passes=13857 expert_rows=17112 expert_tiles=14179
[opens] expert file opens=571490 total=8.511s mean=0.015ms requested_bytes=5632927087808 (5632.9 GB)
[arrival] tiles=711 waves=1729 uncovered_wait=25.564s dispatch=4.275s
[retain] enabled=false cap_gb=8 layers=63..=92 consults=0 wanted=0 hits=0 inserts=0 served=0.0MB
[summer] enabled=false cap_gb=8 sample=16 consults=0 wanted=0 hits=0 hit_rate=0.0% misses=0 inserts=0 evictions=0 recycled=0 allocs=0 pin_skips=0 gated=0 ramp=2..50 bar=0 suppressed=0 wide_skips=0 served=0.0MB copied=0.0MB ssd_avoided=0.0GB live=0/0.0GB model=0 protected=0 declined=0 topup_suppressed=0 aged=0 into=0/0/0 pending=0
[mirror-split] internal=0 K3C=0 K3B=0 K3A=0  shares=0%/0%/0%/0%
[phases] mono=393574.739596 chunks=149 sequence=251.975s read_wait=0.171s bind_upload=1.646s attention_resident=12.445s expert_read_prefetch=155.798s expert_demand_read=94.960s expert_plan=8.521s expert_hint=0.001s expert_submit=0.001s expert_kernel=79.409s source_fence=0.001s tail_head_sync=2.184s layer_other=0.267s expert_read_gross=147.277s plan_hint=8.329s plan_sched=0.188s attn_total=12.414s attn_encode=5.110s attn_wait=4.891s attn_drain=2.413s kernel_total=53.796s kernel_host=1.707s kernel_wait=3.319s kernel_drain=48.771s
[attn-split] single: calls=13764 total=10.298s encode=4.488s wait=3.397s drain=2.413s waits=23828 untimed=3479 | wide: calls=93 total=2.116s encode=0.622s wait=1.494s drain=0.000s waits=92 untimed=92 | hint: calls=13708 total=8.321s encode=0.037s wait=8.284s drain=0.000s waits=13468 untimed=13468
[kernel-split] single: calls=14647 total=50.641s encode=1.511s wait=0.589s drain=48.541s waits=15730 untimed=12446 | wide: calls=550 total=3.155s encode=0.196s wait=2.729s drain=0.230s waits=550 untimed=0
[kernel-sub] materialize=0.072s moe=4.094s precommit=48.744s rest=0.886s
[metal-cache] calls=18130 zero_copy_wraps=233 copies=0 cache_entries=112 bindless=true
 was
[stats] generated=150 elapsed=253.664s speed=0.5913 token/s (1.691 s/token) chunks=150 committed_rows=187 verify_tx=0 drafts=0/0 layer_passes=13950 expert_rows=17204 expert_tiles=14271
[opens] expert file opens=575341 total=8.565s mean=0.015ms requested_bytes=5666714401984 (5666.7 GB)
[arrival] tiles=712 waves=1737 uncovered_wait=25.577s dispatch=4.281s
[retain] enabled=false cap_gb=8 layers=63..=92 consults=0 wanted=0 hits=0 inserts=0 served=0.0MB
[summer] enabled=false cap_gb=8 sample=16 consults=0 wanted=0 hits=0 hit_rate=0.0% misses=0 inserts=0 evictions=0 recycled=0 allocs=0 pin_skips=0 gated=0 ramp=2..50 bar=0 suppressed=0 wide_skips=0 served=0.0MB copied=0.0MB ssd_avoided=0.0GB live=0/0.0GB model=0 protected=0 declined=0 topup_suppressed=0 aged=0 into=0/0/0 pending=0
[mirror-split] internal=0 K3C=0 K3B=0 K3A=0  shares=0%/0%/0%/0%
[phases] mono=393576.245674 chunks=150 sequence=253.480s read_wait=0.171s bind_upload=1.646s attention_resident=12.525s expert_read_prefetch=156.857s expert_demand_read=95.587s expert_plan=8.577s expert_hint=0.001s expert_submit=0.001s expert_kernel=79.761s source_fence=0.001s tail_head_sync=2.197s layer_other=0.269s expert_read_gross=148.279s plan_hint=8.384s plan_sched=0.189s attn_total=12.494s attn_encode=5.151s attn_wait=4.915s attn_drain=2.429s kernel_total=54.135s kernel_host=1.717s kernel_wait=3.322s kernel_drain=49.096s
[attn-split] single: calls=13857 total=10.378s encode=4.529s wait=3.420s drain=2.429s waits=23989 untimed=3500 | wide: calls=93 total=2.116s encode=0.622s wait=1.494s drain=0.000s waits=92 untimed=92 | hint: calls=13800 total=8.375s encode=0.037s wait=8.339s drain=0.000s waits=13559 untimed=13559
[kernel-split] single: calls=14746 total=50.980s encode=1.521s wait=0.593s drain=48.866s waits=15837 untimed=12532 | wide: calls=550 total=3.155s encode=0.196s wait=2.729s drain=0.230s waits=550 untimed=0
[kernel-sub] materialize=0.072s moe=4.100s precommit=49.072s rest=0.891s
[metal-cache] calls=18229 zero_copy_wraps=233 copies=0 cache_entries=112 bindless=true
 stolen
[stats] generated=151 elapsed=255.192s speed=0.5917 token/s (1.690 s/token) chunks=151 committed_rows=188 verify_tx=0 drafts=0/0 layer_passes=14043 expert_rows=17296 expert_tiles=14363
[opens] expert file opens=579164 total=8.624s mean=0.015ms requested_bytes=5700273585344 (5700.3 GB)
[arrival] tiles=713 waves=1743 uncovered_wait=25.590s dispatch=4.287s
[retain] enabled=false cap_gb=8 layers=63..=92 consults=0 wanted=0 hits=0 inserts=0 served=0.0MB
[summer] enabled=false cap_gb=8 sample=16 consults=0 wanted=0 hits=0 hit_rate=0.0% misses=0 inserts=0 evictions=0 recycled=0 allocs=0 pin_skips=0 gated=0 ramp=2..50 bar=0 suppressed=0 wide_skips=0 served=0.0MB copied=0.0MB ssd_avoided=0.0GB live=0/0.0GB model=0 protected=0 declined=0 topup_suppressed=0 aged=0 into=0/0/0 pending=0
[mirror-split] internal=0 K3C=0 K3B=0 K3A=0  shares=0%/0%/0%/0%
[phases] mono=393577.774066 chunks=151 sequence=255.007s read_wait=0.171s bind_upload=1.646s attention_resident=12.588s expert_read_prefetch=157.954s expert_demand_read=96.288s expert_plan=8.626s expert_hint=0.001s expert_submit=0.001s expert_kernel=80.110s source_fence=0.001s tail_head_sync=2.213s layer_other=0.270s expert_read_gross=149.328s plan_hint=8.432s plan_sched=0.190s attn_total=12.557s attn_encode=5.173s attn_wait=4.938s attn_drain=2.447s kernel_total=54.471s kernel_host=1.726s kernel_wait=3.325s kernel_drain=49.420s
[attn-split] single: calls=13950 total=10.440s encode=4.551s wait=3.443s drain=2.447s waits=24150 untimed=3520 | wide: calls=93 total=2.116s encode=0.622s wait=1.494s drain=0.000s waits=92 untimed=92 | hint: calls=13892 total=8.423s encode=0.037s wait=8.386s drain=0.000s waits=13650 untimed=13650
[kernel-split] single: calls=14843 total=51.316s encode=1.530s wait=0.596s drain=49.190s waits=15940 untimed=12613 | wide: calls=550 total=3.155s encode=0.196s wait=2.729s drain=0.230s waits=550 untimed=0
[kernel-sub] materialize=0.072s moe=4.105s precommit=49.397s rest=0.896s
[metal-cache] calls=18326 zero_copy_wraps=233 copies=0 cache_entries=112 bindless=true
 from
[stats] generated=152 elapsed=256.655s speed=0.5922 token/s (1.689 s/token) chunks=152 committed_rows=189 verify_tx=0 drafts=0/0 layer_passes=14136 expert_rows=17388 expert_tiles=14455
[opens] expert file opens=583029 total=8.678s mean=0.015ms requested_bytes=5734157401280 (5734.2 GB)
[arrival] tiles=714 waves=1751 uncovered_wait=25.600s dispatch=4.293s
[retain] enabled=false cap_gb=8 layers=63..=92 consults=0 wanted=0 hits=0 inserts=0 served=0.0MB
[summer] enabled=false cap_gb=8 sample=16 consults=0 wanted=0 hits=0 hit_rate=0.0% misses=0 inserts=0 evictions=0 recycled=0 allocs=0 pin_skips=0 gated=0 ramp=2..50 bar=0 suppressed=0 wide_skips=0 served=0.0MB copied=0.0MB ssd_avoided=0.0GB live=0/0.0GB model=0 protected=0 declined=0 topup_suppressed=0 aged=0 into=0/0/0 pending=0
[mirror-split] internal=0 K3C=0 K3B=0 K3A=0  shares=0%/0%/0%/0%
[phases] mono=393579.237215 chunks=152 sequence=256.469s read_wait=0.171s bind_upload=1.646s attention_resident=12.650s expert_read_prefetch=158.988s expert_demand_read=96.880s expert_plan=8.682s expert_hint=0.001s expert_submit=0.001s expert_kernel=80.461s source_fence=0.001s tail_head_sync=2.227s layer_other=0.272s expert_read_gross=150.306s plan_hint=8.487s plan_sched=0.191s attn_total=12.618s attn_encode=5.196s attn_wait=4.965s attn_drain=2.457s kernel_total=54.812s kernel_host=1.736s kernel_wait=3.328s kernel_drain=49.747s
[attn-split] single: calls=14043 total=10.502s encode=4.574s wait=3.471s drain=2.457s waits=24311 untimed=3545 | wide: calls=93 total=2.116s encode=0.622s wait=1.494s drain=0.000s waits=92 untimed=92 | hint: calls=13984 total=8.478s encode=0.037s wait=8.441s drain=0.000s waits=13741 untimed=13741
[kernel-split] single: calls=14942 total=51.657s encode=1.541s wait=0.599s drain=49.517s waits=16047 untimed=12701 | wide: calls=550 total=3.155s encode=0.196s wait=2.729s drain=0.230s waits=550 untimed=0
[kernel-sub] materialize=0.072s moe=4.112s precommit=49.726s rest=0.902s
[metal-cache] calls=18425 zero_copy_wraps=233 copies=0 cache_entries=112 bindless=true
 her
[stats] generated=153 elapsed=258.165s speed=0.5926 token/s (1.687 s/token) chunks=153 committed_rows=190 verify_tx=0 drafts=0/0 layer_passes=14229 expert_rows=17480 expert_tiles=14547
[opens] expert file opens=586826 total=8.729s mean=0.015ms requested_bytes=5767488486592 (5767.5 GB)
[arrival] tiles=715 waves=1759 uncovered_wait=25.613s dispatch=4.301s
[retain] enabled=false cap_gb=8 layers=63..=92 consults=0 wanted=0 hits=0 inserts=0 served=0.0MB
[summer] enabled=false cap_gb=8 sample=16 consults=0 wanted=0 hits=0 hit_rate=0.0% misses=0 inserts=0 evictions=0 recycled=0 allocs=0 pin_skips=0 gated=0 ramp=2..50 bar=0 suppressed=0 wide_skips=0 served=0.0MB copied=0.0MB ssd_avoided=0.0GB live=0/0.0GB model=0 protected=0 declined=0 topup_suppressed=0 aged=0 into=0/0/0 pending=0
[mirror-split] internal=0 K3C=0 K3B=0 K3A=0  shares=0%/0%/0%/0%
[phases] mono=393580.747216 chunks=153 sequence=257.978s read_wait=0.171s bind_upload=1.646s attention_resident=12.711s expert_read_prefetch=160.081s expert_demand_read=97.589s expert_plan=8.734s expert_hint=0.001s expert_submit=0.001s expert_kernel=80.797s source_fence=0.001s tail_head_sync=2.244s layer_other=0.273s expert_read_gross=151.347s plan_hint=8.537s plan_sched=0.192s attn_total=12.679s attn_encode=5.220s attn_wait=4.985s attn_drain=2.474s kernel_total=55.134s kernel_host=1.746s kernel_wait=3.333s kernel_drain=50.056s
[attn-split] single: calls=14136 total=10.563s encode=4.598s wait=3.490s drain=2.474s waits=24472 untimed=3563 | wide: calls=93 total=2.116s encode=0.622s wait=1.494s drain=0.000s waits=92 untimed=92 | hint: calls=14076 total=8.529s encode=0.038s wait=8.491s drain=0.000s waits=13832 untimed=13832
[kernel-split] single: calls=15041 total=51.979s encode=1.550s wait=0.603s drain=49.826s waits=16154 untimed=12783 | wide: calls=550 total=3.155s encode=0.196s wait=2.729s drain=0.230s waits=550 untimed=0
[kernel-sub] materialize=0.072s moe=4.119s precommit=50.036s rest=0.907s
[metal-cache] calls=18524 zero_copy_wraps=233 copies=0 cache_entries=112 bindless=true
 family
[stats] generated=154 elapsed=259.643s speed=0.5931 token/s (1.686 s/token) chunks=154 committed_rows=191 verify_tx=0 drafts=0/0 layer_passes=14322 expert_rows=17572 expert_tiles=14639
[opens] expert file opens=590609 total=8.789s mean=0.015ms requested_bytes=5800644132032 (5800.6 GB)
[arrival] tiles=716 waves=1767 uncovered_wait=25.623s dispatch=4.307s
[retain] enabled=false cap_gb=8 layers=63..=92 consults=0 wanted=0 hits=0 inserts=0 served=0.0MB
[summer] enabled=false cap_gb=8 sample=16 consults=0 wanted=0 hits=0 hit_rate=0.0% misses=0 inserts=0 evictions=0 recycled=0 allocs=0 pin_skips=0 gated=0 ramp=2..50 bar=0 suppressed=0 wide_skips=0 served=0.0MB copied=0.0MB ssd_avoided=0.0GB live=0/0.0GB model=0 protected=0 declined=0 topup_suppressed=0 aged=0 into=0/0/0 pending=0
[mirror-split] internal=0 K3C=0 K3B=0 K3A=0  shares=0%/0%/0%/0%
[phases] mono=393582.224801 chunks=154 sequence=259.454s read_wait=0.171s bind_upload=1.646s attention_resident=12.794s expert_read_prefetch=161.134s expert_demand_read=98.200s expert_plan=8.778s expert_hint=0.001s expert_submit=0.001s expert_kernel=81.124s source_fence=0.001s tail_head_sync=2.256s layer_other=0.274s expert_read_gross=152.355s plan_hint=8.581s plan_sched=0.193s attn_total=12.762s attn_encode=5.264s attn_wait=5.009s attn_drain=2.489s kernel_total=55.451s kernel_host=1.755s kernel_wait=3.336s kernel_drain=50.360s
[attn-split] single: calls=14229 total=10.646s encode=4.642s wait=3.514s drain=2.489s waits=24633 untimed=3595 | wide: calls=93 total=2.116s encode=0.622s wait=1.494s drain=0.000s waits=92 untimed=92 | hint: calls=14168 total=8.572s encode=0.038s wait=8.534s drain=0.000s waits=13923 untimed=13923
[kernel-split] single: calls=15140 total=52.296s encode=1.559s wait=0.606s drain=50.130s waits=16261 untimed=12869 | wide: calls=550 total=3.155s encode=0.196s wait=2.729s drain=0.230s waits=550 untimed=0
[kernel-sub] materialize=0.072s moe=4.125s precommit=50.342s rest=0.912s
[metal-cache] calls=18623 zero_copy_wraps=233 copies=0 cache_entries=112 bindless=true
 decades
[stats] generated=155 elapsed=261.150s speed=0.5935 token/s (1.685 s/token) chunks=155 committed_rows=192 verify_tx=0 drafts=0/0 layer_passes=14415 expert_rows=17664 expert_tiles=14731
[opens] expert file opens=594457 total=8.843s mean=0.015ms requested_bytes=5834370038976 (5834.4 GB)
[arrival] tiles=717 waves=1772 uncovered_wait=25.632s dispatch=4.313s
[retain] enabled=false cap_gb=8 layers=63..=92 consults=0 wanted=0 hits=0 inserts=0 served=0.0MB
[summer] enabled=false cap_gb=8 sample=16 consults=0 wanted=0 hits=0 hit_rate=0.0% misses=0 inserts=0 evictions=0 recycled=0 allocs=0 pin_skips=0 gated=0 ramp=2..50 bar=0 suppressed=0 wide_skips=0 served=0.0MB copied=0.0MB ssd_avoided=0.0GB live=0/0.0GB model=0 protected=0 declined=0 topup_suppressed=0 aged=0 into=0/0/0 pending=0
[mirror-split] internal=0 K3C=0 K3B=0 K3A=0  shares=0%/0%/0%/0%
[phases] mono=393583.731778 chunks=155 sequence=260.960s read_wait=0.171s bind_upload=1.646s attention_resident=12.858s expert_read_prefetch=162.185s expert_demand_read=98.843s expert_plan=8.831s expert_hint=0.001s expert_submit=0.001s expert_kernel=81.498s source_fence=0.001s tail_head_sync=2.271s layer_other=0.275s expert_read_gross=153.354s plan_hint=8.632s plan_sched=0.195s attn_total=12.825s attn_encode=5.288s attn_wait=5.034s attn_drain=2.503s kernel_total=55.816s kernel_host=1.766s kernel_wait=3.338s kernel_drain=50.712s
[attn-split] single: calls=14322 total=10.709s encode=4.667s wait=3.540s drain=2.503s waits=24794 untimed=3616 | wide: calls=93 total=2.116s encode=0.622s wait=1.494s drain=0.000s waits=92 untimed=92 | hint: calls=14260 total=8.624s encode=0.038s wait=8.586s drain=0.000s waits=14014 untimed=14014
[kernel-split] single: calls=15236 total=52.661s encode=1.570s wait=0.609s drain=50.482s waits=16362 untimed=12952 | wide: calls=550 total=3.155s encode=0.196s wait=2.729s drain=0.230s waits=550 untimed=0
[kernel-sub] materialize=0.072s moe=4.131s precommit=50.695s rest=0.917s
[metal-cache] calls=18719 zero_copy_wraps=233 copies=0 cache_entries=112 bindless=true
 ago
[stats] generated=156 elapsed=262.699s speed=0.5938 token/s (1.684 s/token) chunks=156 committed_rows=193 verify_tx=0 drafts=0/0 layer_passes=14508 expert_rows=17756 expert_tiles=14823
[opens] expert file opens=598308 total=8.895s mean=0.015ms requested_bytes=5868166118592 (5868.2 GB)
[arrival] tiles=718 waves=1780 uncovered_wait=25.642s dispatch=4.319s
[retain] enabled=false cap_gb=8 layers=63..=92 consults=0 wanted=0 hits=0 inserts=0 served=0.0MB
[summer] enabled=false cap_gb=8 sample=16 consults=0 wanted=0 hits=0 hit_rate=0.0% misses=0 inserts=0 evictions=0 recycled=0 allocs=0 pin_skips=0 gated=0 ramp=2..50 bar=0 suppressed=0 wide_skips=0 served=0.0MB copied=0.0MB ssd_avoided=0.0GB live=0/0.0GB model=0 protected=0 declined=0 topup_suppressed=0 aged=0 into=0/0/0 pending=0
[mirror-split] internal=0 K3C=0 K3B=0 K3A=0  shares=0%/0%/0%/0%
[phases] mono=393585.280593 chunks=156 sequence=262.507s read_wait=0.171s bind_upload=1.646s attention_resident=12.918s expert_read_prefetch=163.314s expert_demand_read=99.518s expert_plan=8.887s expert_hint=0.001s expert_submit=0.001s expert_kernel=81.841s source_fence=0.001s tail_head_sync=2.286s layer_other=0.277s expert_read_gross=154.426s plan_hint=8.688s plan_sched=0.196s attn_total=12.886s attn_encode=5.310s attn_wait=5.060s attn_drain=2.515s kernel_total=56.148s kernel_host=1.775s kernel_wait=3.341s kernel_drain=51.032s
[attn-split] single: calls=14415 total=10.769s encode=4.688s wait=3.566s drain=2.515s waits=24955 untimed=3645 | wide: calls=93 total=2.116s encode=0.622s wait=1.494s drain=0.000s waits=92 untimed=92 | hint: calls=14352 total=8.679s encode=0.038s wait=8.641s drain=0.000s waits=14105 untimed=14105
[kernel-split] single: calls=15335 total=52.993s encode=1.579s wait=0.612s drain=50.802s waits=16469 untimed=13032 | wide: calls=550 total=3.155s encode=0.196s wait=2.729s drain=0.230s waits=550 untimed=0
[kernel-sub] materialize=0.072s moe=4.137s precommit=51.017s rest=0.922s
[metal-cache] calls=18818 zero_copy_wraps=233 copies=0 cache_entries=112 bindless=true
 by
[stats] generated=157 elapsed=264.204s speed=0.5942 token/s (1.683 s/token) chunks=157 committed_rows=194 verify_tx=0 drafts=0/0 layer_passes=14601 expert_rows=17848 expert_tiles=14915
[opens] expert file opens=602228 total=8.960s mean=0.015ms requested_bytes=5902567587008 (5902.6 GB)
[arrival] tiles=719 waves=1788 uncovered_wait=25.653s dispatch=4.326s
[retain] enabled=false cap_gb=8 layers=63..=92 consults=0 wanted=0 hits=0 inserts=0 served=0.0MB
[summer] enabled=false cap_gb=8 sample=16 consults=0 wanted=0 hits=0 hit_rate=0.0% misses=0 inserts=0 evictions=0 recycled=0 allocs=0 pin_skips=0 gated=0 ramp=2..50 bar=0 suppressed=0 wide_skips=0 served=0.0MB copied=0.0MB ssd_avoided=0.0GB live=0/0.0GB model=0 protected=0 declined=0 topup_suppressed=0 aged=0 into=0/0/0 pending=0
[mirror-split] internal=0 K3C=0 K3B=0 K3A=0  shares=0%/0%/0%/0%
[phases] mono=393586.786009 chunks=157 sequence=264.011s read_wait=0.171s bind_upload=1.646s attention_resident=12.988s expert_read_prefetch=164.377s expert_demand_read=100.120s expert_plan=8.944s expert_hint=0.001s expert_submit=0.001s expert_kernel=82.194s source_fence=0.001s tail_head_sync=2.302s layer_other=0.278s expert_read_gross=155.432s plan_hint=8.743s plan_sched=0.197s attn_total=12.955s attn_encode=5.341s attn_wait=5.083s attn_drain=2.531s kernel_total=56.490s kernel_host=1.787s kernel_wait=3.345s kernel_drain=51.359s
[attn-split] single: calls=14508 total=10.839s encode=4.719s wait=3.589s drain=2.531s waits=25116 untimed=3673 | wide: calls=93 total=2.116s encode=0.622s wait=1.494s drain=0.000s waits=92 untimed=92 | hint: calls=14444 total=8.735s encode=0.038s wait=8.696s drain=0.000s waits=14196 untimed=14196
[kernel-split] single: calls=15434 total=53.335s encode=1.591s wait=0.615s drain=51.129s waits=16576 untimed=13121 | wide: calls=550 total=3.155s encode=0.196s wait=2.729s drain=0.230s waits=550 untimed=0
[kernel-sub] materialize=0.072s moe=4.144s precommit=51.346s rest=0.928s
[metal-cache] calls=18917 zero_copy_wraps=233 copies=0 cache_entries=112 bindless=true
[route-chain] chained=10350
[route-chain] dedup_hits=10350
 the
[stats] generated=158 elapsed=265.674s speed=0.5947 token/s (1.681 s/token) chunks=158 committed_rows=195 verify_tx=0 drafts=0/0 layer_passes=14694 expert_rows=17940 expert_tiles=15007
[opens] expert file opens=606016 total=9.015s mean=0.015ms requested_bytes=5935775841472 (5935.8 GB)
[arrival] tiles=720 waves=1795 uncovered_wait=25.663s dispatch=4.333s
[retain] enabled=false cap_gb=8 layers=63..=92 consults=0 wanted=0 hits=0 inserts=0 served=0.0MB
[summer] enabled=false cap_gb=8 sample=16 consults=0 wanted=0 hits=0 hit_rate=0.0% misses=0 inserts=0 evictions=0 recycled=0 allocs=0 pin_skips=0 gated=0 ramp=2..50 bar=0 suppressed=0 wide_skips=0 served=0.0MB copied=0.0MB ssd_avoided=0.0GB live=0/0.0GB model=0 protected=0 declined=0 topup_suppressed=0 aged=0 into=0/0/0 pending=0
[mirror-split] internal=0 K3C=0 K3B=0 K3A=0  shares=0%/0%/0%/0%
[phases] mono=393588.255495 chunks=158 sequence=265.480s read_wait=0.171s bind_upload=1.646s attention_resident=13.068s expert_read_prefetch=165.394s expert_demand_read=100.726s expert_plan=9.002s expert_hint=0.001s expert_submit=0.001s expert_kernel=82.549s source_fence=0.001s tail_head_sync=2.316s layer_other=0.280s expert_read_gross=156.391s plan_hint=8.800s plan_sched=0.198s attn_total=13.036s attn_encode=5.384s attn_wait=5.106s attn_drain=2.546s kernel_total=56.835s kernel_host=1.797s kernel_wait=3.348s kernel_drain=51.690s
[attn-split] single: calls=14601 total=10.919s encode=4.762s wait=3.611s drain=2.546s waits=25277 untimed=3691 | wide: calls=93 total=2.116s encode=0.622s wait=1.494s drain=0.000s waits=92 untimed=92 | hint: calls=14536 total=8.791s encode=0.039s wait=8.753s drain=0.000s waits=14287 untimed=14287
[kernel-split] single: calls=15532 total=53.680s encode=1.601s wait=0.619s drain=51.460s waits=16681 untimed=13197 | wide: calls=550 total=3.155s encode=0.196s wait=2.729s drain=0.230s waits=550 untimed=0
[kernel-sub] materialize=0.072s moe=4.151s precommit=51.678s rest=0.934s
[metal-cache] calls=19015 zero_copy_wraps=233 copies=0 cache_entries=112 bindless=true
 casino
[stats] generated=159 elapsed=267.129s speed=0.5952 token/s (1.680 s/token) chunks=159 committed_rows=196 verify_tx=0 drafts=0/0 layer_passes=14787 expert_rows=18032 expert_tiles=15099
[opens] expert file opens=609942 total=9.068s mean=0.015ms requested_bytes=5970194873536 (5970.2 GB)
[arrival] tiles=721 waves=1802 uncovered_wait=25.675s dispatch=4.339s
[retain] enabled=false cap_gb=8 layers=63..=92 consults=0 wanted=0 hits=0 inserts=0 served=0.0MB
[summer] enabled=false cap_gb=8 sample=16 consults=0 wanted=0 hits=0 hit_rate=0.0% misses=0 inserts=0 evictions=0 recycled=0 allocs=0 pin_skips=0 gated=0 ramp=2..50 bar=0 suppressed=0 wide_skips=0 served=0.0MB copied=0.0MB ssd_avoided=0.0GB live=0/0.0GB model=0 protected=0 declined=0 topup_suppressed=0 aged=0 into=0/0/0 pending=0
[mirror-split] internal=0 K3C=0 K3B=0 K3A=0  shares=0%/0%/0%/0%
[phases] mono=393589.710727 chunks=159 sequence=266.934s read_wait=0.171s bind_upload=1.646s attention_resident=13.129s expert_read_prefetch=166.436s expert_demand_read=101.381s expert_plan=9.054s expert_hint=0.001s expert_submit=0.001s expert_kernel=82.886s source_fence=0.001s tail_head_sync=2.329s layer_other=0.281s expert_read_gross=157.381s plan_hint=8.852s plan_sched=0.199s attn_total=13.095s attn_encode=5.408s attn_wait=5.129s attn_drain=2.558s kernel_total=57.159s kernel_host=1.807s kernel_wait=3.351s kernel_drain=52.001s
[attn-split] single: calls=14694 total=10.979s encode=4.786s wait=3.635s drain=2.558s waits=25438 untimed=3717 | wide: calls=93 total=2.116s encode=0.622s wait=1.494s drain=0.000s waits=92 untimed=92 | hint: calls=14628 total=8.843s encode=0.039s wait=8.804s drain=0.000s waits=14378 untimed=14378
[kernel-split] single: calls=15630 total=54.004s encode=1.611s wait=0.622s drain=51.771s waits=16786 untimed=13271 | wide: calls=550 total=3.155s encode=0.196s wait=2.729s drain=0.230s waits=550 untimed=0
[kernel-sub] materialize=0.072s moe=4.157s precommit=51.991s rest=0.939s
[metal-cache] calls=19113 zero_copy_wraps=233 copies=0 cache_entries=112 bindless=true
's
[stats] generated=160 elapsed=268.615s speed=0.5956 token/s (1.679 s/token) chunks=160 committed_rows=197 verify_tx=0 drafts=0/0 layer_passes=14880 expert_rows=18124 expert_tiles=15191
[opens] expert file opens=613760 total=9.121s mean=0.015ms requested_bytes=6003701382336 (6003.7 GB)
[arrival] tiles=722 waves=1810 uncovered_wait=25.690s dispatch=4.347s
[retain] enabled=false cap_gb=8 layers=63..=92 consults=0 wanted=0 hits=0 inserts=0 served=0.0MB
[summer] enabled=false cap_gb=8 sample=16 consults=0 wanted=0 hits=0 hit_rate=0.0% misses=0 inserts=0 evictions=0 recycled=0 allocs=0 pin_skips=0 gated=0 ramp=2..50 bar=0 suppressed=0 wide_skips=0 served=0.0MB copied=0.0MB ssd_avoided=0.0GB live=0/0.0GB model=0 protected=0 declined=0 topup_suppressed=0 aged=0 into=0/0/0 pending=0
[mirror-split] internal=0 K3C=0 K3B=0 K3A=0  shares=0%/0%/0%/0%
[phases] mono=393591.196585 chunks=160 sequence=268.419s read_wait=0.171s bind_upload=1.646s attention_resident=13.194s expert_read_prefetch=167.487s expert_demand_read=102.017s expert_plan=9.114s expert_hint=0.001s expert_submit=0.001s expert_kernel=83.240s source_fence=0.001s tail_head_sync=2.343s layer_other=0.282s expert_read_gross=158.373s plan_hint=8.910s plan_sched=0.200s attn_total=13.160s attn_encode=5.433s attn_wait=5.151s attn_drain=2.576s kernel_total=57.498s kernel_host=1.817s kernel_wait=3.355s kernel_drain=52.326s
[attn-split] single: calls=14787 total=11.044s encode=4.811s wait=3.657s drain=2.576s waits=25599 untimed=3739 | wide: calls=93 total=2.116s encode=0.622s wait=1.494s drain=0.000s waits=92 untimed=92 | hint: calls=14720 total=8.901s encode=0.039s wait=8.862s drain=0.000s waits=14469 untimed=14469
[kernel-split] single: calls=15729 total=54.343s encode=1.621s wait=0.626s drain=52.096s waits=16893 untimed=13359 | wide: calls=550 total=3.155s encode=0.196s wait=2.729s drain=0.230s waits=550 untimed=0
[kernel-sub] materialize=0.072s moe=4.165s precommit=52.317s rest=0.944s
[metal-cache] calls=19212 zero_copy_wraps=233 copies=0 cache_entries=112 bindless=true
 corrupt
[stats] generated=161 elapsed=270.114s speed=0.5960 token/s (1.678 s/token) chunks=161 committed_rows=198 verify_tx=0 drafts=0/0 layer_passes=14973 expert_rows=18216 expert_tiles=15283
[opens] expert file opens=617654 total=9.176s mean=0.015ms requested_bytes=6037839690944 (6037.8 GB)
[arrival] tiles=723 waves=1817 uncovered_wait=25.703s dispatch=4.353s
[retain] enabled=false cap_gb=8 layers=63..=92 consults=0 wanted=0 hits=0 inserts=0 served=0.0MB
[summer] enabled=false cap_gb=8 sample=16 consults=0 wanted=0 hits=0 hit_rate=0.0% misses=0 inserts=0 evictions=0 recycled=0 allocs=0 pin_skips=0 gated=0 ramp=2..50 bar=0 suppressed=0 wide_skips=0 served=0.0MB copied=0.0MB ssd_avoided=0.0GB live=0/0.0GB model=0 protected=0 declined=0 topup_suppressed=0 aged=0 into=0/0/0 pending=0
[mirror-split] internal=0 K3C=0 K3B=0 K3A=0  shares=0%/0%/0%/0%
[phases] mono=393592.695543 chunks=161 sequence=269.917s read_wait=0.171s bind_upload=1.646s attention_resident=13.263s expert_read_prefetch=168.548s expert_demand_read=102.639s expert_plan=9.171s expert_hint=0.001s expert_submit=0.001s expert_kernel=83.589s source_fence=0.001s tail_head_sync=2.360s layer_other=0.284s expert_read_gross=159.377s plan_hint=8.966s plan_sched=0.201s attn_total=13.230s attn_encode=5.464s attn_wait=5.176s attn_drain=2.589s kernel_total=57.833s kernel_host=1.826s kernel_wait=3.359s kernel_drain=52.649s
[attn-split] single: calls=14880 total=11.114s encode=4.842s wait=3.682s drain=2.589s waits=25760 untimed=3764 | wide: calls=93 total=2.116s encode=0.622s wait=1.494s drain=0.000s waits=92 untimed=92 | hint: calls=14812 total=8.957s encode=0.039s wait=8.917s drain=0.000s waits=14560 untimed=14560
[kernel-split] single: calls=15827 total=54.678s encode=1.630s wait=0.629s drain=52.419s waits=16998 untimed=13445 | wide: calls=550 total=3.155s encode=0.196s wait=2.729s drain=0.230s waits=550 untimed=0
[kernel-sub] materialize=0.072s moe=4.171s precommit=52.642s rest=0.949s
[metal-cache] calls=19310 zero_copy_wraps=233 copies=0 cache_entries=112 bindless=true
 owner
[stats] generated=162 elapsed=271.551s speed=0.5966 token/s (1.676 s/token) chunks=162 committed_rows=199 verify_tx=0 drafts=0/0 layer_passes=15066 expert_rows=18308 expert_tiles=15375
[opens] expert file opens=621463 total=9.239s mean=0.015ms requested_bytes=6071284808896 (6071.3 GB)
[arrival] tiles=724 waves=1825 uncovered_wait=25.716s dispatch=4.360s
[retain] enabled=false cap_gb=8 layers=63..=92 consults=0 wanted=0 hits=0 inserts=0 served=0.0MB
[summer] enabled=false cap_gb=8 sample=16 consults=0 wanted=0 hits=0 hit_rate=0.0% misses=0 inserts=0 evictions=0 recycled=0 allocs=0 pin_skips=0 gated=0 ramp=2..50 bar=0 suppressed=0 wide_skips=0 served=0.0MB copied=0.0MB ssd_avoided=0.0GB live=0/0.0GB model=0 protected=0 declined=0 topup_suppressed=0 aged=0 into=0/0/0 pending=0
[mirror-split] internal=0 K3C=0 K3B=0 K3A=0  shares=0%/0%/0%/0%
[phases] mono=393594.132867 chunks=162 sequence=271.353s read_wait=0.171s bind_upload=1.646s attention_resident=13.347s expert_read_prefetch=169.539s expert_demand_read=103.219s expert_plan=9.235s expert_hint=0.001s expert_submit=0.001s expert_kernel=83.935s source_fence=0.001s tail_head_sync=2.373s layer_other=0.285s expert_read_gross=160.303s plan_hint=9.029s plan_sched=0.202s attn_total=13.314s attn_encode=5.510s attn_wait=5.205s attn_drain=2.599s kernel_total=58.167s kernel_host=1.836s kernel_wait=3.362s kernel_drain=52.969s
[attn-split] single: calls=14973 total=11.198s encode=4.888s wait=3.711s drain=2.599s waits=25921 untimed=3789 | wide: calls=93 total=2.116s encode=0.622s wait=1.494s drain=0.000s waits=92 untimed=92 | hint: calls=14904 total=9.020s encode=0.040s wait=8.980s drain=0.000s waits=14651 untimed=14651
[kernel-split] single: calls=15926 total=55.012s encode=1.641s wait=0.632s drain=52.739s waits=17105 untimed=13535 | wide: calls=550 total=3.155s encode=0.196s wait=2.729s drain=0.230s waits=550 untimed=0
[kernel-sub] materialize=0.072s moe=4.177s precommit=52.964s rest=0.955s
[metal-cache] calls=19409 zero_copy_wraps=233 copies=0 cache_entries=112 bindless=true
,
[stats] generated=163 elapsed=272.993s speed=0.5971 token/s (1.675 s/token) chunks=163 committed_rows=200 verify_tx=0 drafts=0/0 layer_passes=15159 expert_rows=18400 expert_tiles=15467
[opens] expert file opens=625320 total=9.291s mean=0.015ms requested_bytes=6105089670336 (6105.1 GB)
[arrival] tiles=725 waves=1833 uncovered_wait=25.725s dispatch=4.367s
[retain] enabled=false cap_gb=8 layers=63..=92 consults=0 wanted=0 hits=0 inserts=0 served=0.0MB
[summer] enabled=false cap_gb=8 sample=16 consults=0 wanted=0 hits=0 hit_rate=0.0% misses=0 inserts=0 evictions=0 recycled=0 allocs=0 pin_skips=0 gated=0 ramp=2..50 bar=0 suppressed=0 wide_skips=0 served=0.0MB copied=0.0MB ssd_avoided=0.0GB live=0/0.0GB model=0 protected=0 declined=0 topup_suppressed=0 aged=0 into=0/0/0 pending=0
[mirror-split] internal=0 K3C=0 K3B=0 K3A=0  shares=0%/0%/0%/0%
[phases] mono=393595.574866 chunks=163 sequence=272.794s read_wait=0.171s bind_upload=1.646s attention_resident=13.413s expert_read_prefetch=170.543s expert_demand_read=103.839s expert_plan=9.291s expert_hint=0.001s expert_submit=0.001s expert_kernel=84.290s source_fence=0.001s tail_head_sync=2.388s layer_other=0.286s expert_read_gross=161.251s plan_hint=9.084s plan_sched=0.203s attn_total=13.379s attn_encode=5.533s attn_wait=5.229s attn_drain=2.617s kernel_total=58.512s kernel_host=1.847s kernel_wait=3.366s kernel_drain=53.300s
[attn-split] single: calls=15066 total=11.263s encode=4.911s wait=3.735s drain=2.617s waits=26082 untimed=3808 | wide: calls=93 total=2.116s encode=0.622s wait=1.494s drain=0.000s waits=92 untimed=92 | hint: calls=14996 total=9.075s encode=0.040s wait=9.035s drain=0.000s waits=14742 untimed=14742
[kernel-split] single: calls=16025 total=55.357s encode=1.651s wait=0.636s drain=53.070s waits=17212 untimed=13617 | wide: calls=550 total=3.155s encode=0.196s wait=2.729s drain=0.230s waits=550 untimed=0
[kernel-sub] materialize=0.072s moe=4.184s precommit=53.296s rest=0.960s
[metal-cache] calls=19508 zero_copy_wraps=233 copies=0 cache_entries=112 bindless=true
 and
[stats] generated=164 elapsed=274.513s speed=0.5974 token/s (1.674 s/token) chunks=164 committed_rows=201 verify_tx=0 drafts=0/0 layer_passes=15252 expert_rows=18492 expert_tiles=15559
[opens] expert file opens=629291 total=9.343s mean=0.015ms requested_bytes=6139894709440 (6139.9 GB)
[arrival] tiles=726 waves=1841 uncovered_wait=25.737s dispatch=4.374s
[retain] enabled=false cap_gb=8 layers=63..=92 consults=0 wanted=0 hits=0 inserts=0 served=0.0MB
[summer] enabled=false cap_gb=8 sample=16 consults=0 wanted=0 hits=0 hit_rate=0.0% misses=0 inserts=0 evictions=0 recycled=0 allocs=0 pin_skips=0 gated=0 ramp=2..50 bar=0 suppressed=0 wide_skips=0 served=0.0MB copied=0.0MB ssd_avoided=0.0GB live=0/0.0GB model=0 protected=0 declined=0 topup_suppressed=0 aged=0 into=0/0/0 pending=0
[mirror-split] internal=0 K3C=0 K3B=0 K3A=0  shares=0%/0%/0%/0%
[phases] mono=393597.094289 chunks=164 sequence=274.313s read_wait=0.171s bind_upload=1.646s attention_resident=13.483s expert_read_prefetch=171.646s expert_demand_read=104.468s expert_plan=9.346s expert_hint=0.001s expert_submit=0.001s expert_kernel=84.620s source_fence=0.001s tail_head_sync=2.402s layer_other=0.288s expert_read_gross=162.299s plan_hint=9.138s plan_sched=0.204s attn_total=13.449s attn_encode=5.556s attn_wait=5.258s attn_drain=2.636s kernel_total=58.830s kernel_host=1.856s kernel_wait=3.369s kernel_drain=53.605s
[attn-split] single: calls=15159 total=11.333s encode=4.934s wait=3.763s drain=2.636s waits=26243 untimed=3828 | wide: calls=93 total=2.116s encode=0.622s wait=1.494s drain=0.000s waits=92 untimed=92 | hint: calls=15088 total=9.129s encode=0.040s wait=9.089s drain=0.000s waits=14833 untimed=14833
[kernel-split] single: calls=16124 total=55.675s encode=1.660s wait=0.640s drain=53.375s waits=17319 untimed=13701 | wide: calls=550 total=3.155s encode=0.196s wait=2.729s drain=0.230s waits=550 untimed=0
[kernel-sub] materialize=0.072s moe=4.190s precommit=53.603s rest=0.965s
[metal-cache] calls=19607 zero_copy_wraps=233 copies=0 cache_entries=112 bindless=true
 she
[stats] generated=165 elapsed=276.027s speed=0.5978 token/s (1.673 s/token) chunks=165 committed_rows=202 verify_tx=0 drafts=0/0 layer_passes=15345 expert_rows=18584 expert_tiles=15651
[opens] expert file opens=633236 total=9.404s mean=0.015ms requested_bytes=6174506712256 (6174.5 GB)
[arrival] tiles=727 waves=1848 uncovered_wait=25.748s dispatch=4.382s
[retain] enabled=false cap_gb=8 layers=63..=92 consults=0 wanted=0 hits=0 inserts=0 served=0.0MB
[summer] enabled=false cap_gb=8 sample=16 consults=0 wanted=0 hits=0 hit_rate=0.0% misses=0 inserts=0 evictions=0 recycled=0 allocs=0 pin_skips=0 gated=0 ramp=2..50 bar=0 suppressed=0 wide_skips=0 served=0.0MB copied=0.0MB ssd_avoided=0.0GB live=0/0.0GB model=0 protected=0 declined=0 topup_suppressed=0 aged=0 into=0/0/0 pending=0
[mirror-split] internal=0 K3C=0 K3B=0 K3A=0  shares=0%/0%/0%/0%
[phases] mono=393598.609167 chunks=165 sequence=275.826s read_wait=0.171s bind_upload=1.646s attention_resident=13.549s expert_read_prefetch=172.693s expert_demand_read=105.074s expert_plan=9.405s expert_hint=0.001s expert_submit=0.001s expert_kernel=85.004s source_fence=0.001s tail_head_sync=2.418s layer_other=0.289s expert_read_gross=163.287s plan_hint=9.196s plan_sched=0.206s attn_total=13.515s attn_encode=5.579s attn_wait=5.281s attn_drain=2.655s kernel_total=59.203s kernel_host=1.867s kernel_wait=3.373s kernel_drain=53.963s
[attn-split] single: calls=15252 total=11.399s encode=4.958s wait=3.787s drain=2.655s waits=26404 untimed=3849 | wide: calls=93 total=2.116s encode=0.622s wait=1.494s drain=0.000s waits=92 untimed=92 | hint: calls=15180 total=9.186s encode=0.040s wait=9.146s drain=0.000s waits=14924 untimed=14924
[kernel-split] single: calls=16222 total=56.048s encode=1.671s wait=0.644s drain=53.733s waits=17424 untimed=13785 | wide: calls=550 total=3.155s encode=0.196s wait=2.729s drain=0.230s waits=550 untimed=0
[kernel-sub] materialize=0.072s moe=4.198s precommit=53.962s rest=0.970s
[metal-cache] calls=19705 zero_copy_wraps=233 copies=0 cache_entries=112 bindless=true
 intends
[stats] generated=166 elapsed=277.599s speed=0.5980 token/s (1.672 s/token) chunks=166 committed_rows=203 verify_tx=0 drafts=0/0 layer_passes=15438 expert_rows=18676 expert_tiles=15743
[opens] expert file opens=637171 total=9.458s mean=0.015ms requested_bytes=6208969620672 (6209.0 GB)
[arrival] tiles=728 waves=1856 uncovered_wait=25.766s dispatch=4.390s
[retain] enabled=false cap_gb=8 layers=63..=92 consults=0 wanted=0 hits=0 inserts=0 served=0.0MB
[summer] enabled=false cap_gb=8 sample=16 consults=0 wanted=0 hits=0 hit_rate=0.0% misses=0 inserts=0 evictions=0 recycled=0 allocs=0 pin_skips=0 gated=0 ramp=2..50 bar=0 suppressed=0 wide_skips=0 served=0.0MB copied=0.0MB ssd_avoided=0.0GB live=0/0.0GB model=0 protected=0 declined=0 topup_suppressed=0 aged=0 into=0/0/0 pending=0
[mirror-split] internal=0 K3C=0 K3B=0 K3A=0  shares=0%/0%/0%/0%
[phases] mono=393600.180764 chunks=166 sequence=277.397s read_wait=0.171s bind_upload=1.646s attention_resident=13.634s expert_read_prefetch=173.827s expert_demand_read=105.806s expert_plan=9.470s expert_hint=0.001s expert_submit=0.001s expert_kernel=85.341s source_fence=0.001s tail_head_sync=2.431s layer_other=0.291s expert_read_gross=164.356s plan_hint=9.259s plan_sched=0.207s attn_total=13.599s attn_encode=5.621s attn_wait=5.301s attn_drain=2.677s kernel_total=59.522s kernel_host=1.877s kernel_wait=3.378s kernel_drain=54.267s
[attn-split] single: calls=15345 total=11.483s encode=4.999s wait=3.807s drain=2.677s waits=26565 untimed=3872 | wide: calls=93 total=2.116s encode=0.622s wait=1.494s drain=0.000s waits=92 untimed=92 | hint: calls=15272 total=9.250s encode=0.041s wait=9.210s drain=0.000s waits=15015 untimed=15015
[kernel-split] single: calls=16321 total=56.366s encode=1.681s wait=0.649s drain=54.037s waits=17531 untimed=13869 | wide: calls=550 total=3.155s encode=0.196s wait=2.729s drain=0.230s waits=550 untimed=0
[kernel-sub] materialize=0.072s moe=4.207s precommit=54.267s rest=0.975s
[metal-cache] calls=19804 zero_copy_wraps=233 copies=0 cache_entries=112 bindless=true
 to
[stats] generated=167 elapsed=279.098s speed=0.5984 token/s (1.671 s/token) chunks=167 committed_rows=204 verify_tx=0 drafts=0/0 layer_passes=15531 expert_rows=18768 expert_tiles=15835
[opens] expert file opens=641043 total=9.513s mean=0.015ms requested_bytes=6242897329344 (6242.9 GB)
[arrival] tiles=729 waves=1863 uncovered_wait=25.777s dispatch=4.397s
[retain] enabled=false cap_gb=8 layers=63..=92 consults=0 wanted=0 hits=0 inserts=0 served=0.0MB
[summer] enabled=false cap_gb=8 sample=16 consults=0 wanted=0 hits=0 hit_rate=0.0% misses=0 inserts=0 evictions=0 recycled=0 allocs=0 pin_skips=0 gated=0 ramp=2..50 bar=0 suppressed=0 wide_skips=0 served=0.0MB copied=0.0MB ssd_avoided=0.0GB live=0/0.0GB model=0 protected=0 declined=0 topup_suppressed=0 aged=0 into=0/0/0 pending=0
[mirror-split] internal=0 K3C=0 K3B=0 K3A=0  shares=0%/0%/0%/0%
[phases] mono=393601.679945 chunks=167 sequence=278.896s read_wait=0.171s bind_upload=1.646s attention_resident=13.705s expert_read_prefetch=174.892s expert_demand_read=106.446s expert_plan=9.523s expert_hint=0.001s expert_submit=0.001s expert_kernel=85.688s source_fence=0.001s tail_head_sync=2.445s layer_other=0.292s expert_read_gross=165.368s plan_hint=9.312s plan_sched=0.208s attn_total=13.670s attn_encode=5.653s attn_wait=5.320s attn_drain=2.698s kernel_total=59.857s kernel_host=1.888s kernel_wait=3.381s kernel_drain=54.589s
[attn-split] single: calls=15438 total=11.554s encode=5.031s wait=3.826s drain=2.698s waits=26726 untimed=3892 | wide: calls=93 total=2.116s encode=0.622s wait=1.494s drain=0.000s waits=92 untimed=92 | hint: calls=15364 total=9.302s encode=0.041s wait=9.261s drain=0.000s waits=15106 untimed=15106
[kernel-split] single: calls=16419 total=56.702s encode=1.692s wait=0.652s drain=54.359s waits=17636 untimed=13952 | wide: calls=550 total=3.155s encode=0.196s wait=2.729s drain=0.230s waits=550 untimed=0
[kernel-sub] materialize=0.072s moe=4.214s precommit=54.590s rest=0.981s
[metal-cache] calls=19902 zero_copy_wraps=233 copies=0 cache_entries=112 bindless=true
 return
[stats] generated=168 elapsed=280.655s speed=0.5986 token/s (1.671 s/token) chunks=168 committed_rows=205 verify_tx=0 drafts=0/0 layer_passes=15624 expert_rows=18860 expert_tiles=15927
[opens] expert file opens=645035 total=9.572s mean=0.015ms requested_bytes=6277904186560 (6277.9 GB)
[arrival] tiles=730 waves=1871 uncovered_wait=25.787s dispatch=4.406s
[retain] enabled=false cap_gb=8 layers=63..=92 consults=0 wanted=0 hits=0 inserts=0 served=0.0MB
[summer] enabled=false cap_gb=8 sample=16 consults=0 wanted=0 hits=0 hit_rate=0.0% misses=0 inserts=0 evictions=0 recycled=0 allocs=0 pin_skips=0 gated=0 ramp=2..50 bar=0 suppressed=0 wide_skips=0 served=0.0MB copied=0.0MB ssd_avoided=0.0GB live=0/0.0GB model=0 protected=0 declined=0 topup_suppressed=0 aged=0 into=0/0/0 pending=0
[mirror-split] internal=0 K3C=0 K3B=0 K3A=0  shares=0%/0%/0%/0%
[phases] mono=393603.237144 chunks=168 sequence=280.452s read_wait=0.171s bind_upload=1.646s attention_resident=13.767s expert_read_prefetch=176.017s expert_demand_read=107.108s expert_plan=9.578s expert_hint=0.001s expert_submit=0.001s expert_kernel=86.040s source_fence=0.001s tail_head_sync=2.461s layer_other=0.293s expert_read_gross=166.438s plan_hint=9.365s plan_sched=0.209s attn_total=13.732s attn_encode=5.675s attn_wait=5.336s attn_drain=2.720s kernel_total=60.199s kernel_host=1.898s kernel_wait=3.387s kernel_drain=54.914s
[attn-split] single: calls=15531 total=11.616s encode=5.054s wait=3.842s drain=2.720s waits=26887 untimed=3911 | wide: calls=93 total=2.116s encode=0.622s wait=1.494s drain=0.000s waits=92 untimed=92 | hint: calls=15456 total=9.355s encode=0.041s wait=9.314s drain=0.000s waits=15197 untimed=15197
[kernel-split] single: calls=16518 total=57.044s encode=1.702s wait=0.657s drain=54.685s waits=17743 untimed=14036 | wide: calls=550 total=3.155s encode=0.196s wait=2.729s drain=0.230s waits=550 untimed=0
[kernel-sub] materialize=0.072s moe=4.223s precommit=54.918s rest=0.986s
[metal-cache] calls=20001 zero_copy_wraps=233 copies=0 cache_entries=112 bindless=true
[route-chain] chained=11040
[route-chain] dedup_hits=11040
 it
[stats] generated=169 elapsed=282.235s speed=0.5988 token/s (1.670 s/token) chunks=169 committed_rows=206 verify_tx=0 drafts=0/0 layer_passes=15717 expert_rows=18952 expert_tiles=16019
[opens] expert file opens=648922 total=9.628s mean=0.015ms requested_bytes=6312024882368 (6312.0 GB)
[arrival] tiles=731 waves=1879 uncovered_wait=25.800s dispatch=4.414s
[retain] enabled=false cap_gb=8 layers=63..=92 consults=0 wanted=0 hits=0 inserts=0 served=0.0MB
[summer] enabled=false cap_gb=8 sample=16 consults=0 wanted=0 hits=0 hit_rate=0.0% misses=0 inserts=0 evictions=0 recycled=0 allocs=0 pin_skips=0 gated=0 ramp=2..50 bar=0 suppressed=0 wide_skips=0 served=0.0MB copied=0.0MB ssd_avoided=0.0GB live=0/0.0GB model=0 protected=0 declined=0 topup_suppressed=0 aged=0 into=0/0/0 pending=0
[mirror-split] internal=0 K3C=0 K3B=0 K3A=0  shares=0%/0%/0%/0%
[phases] mono=393604.816754 chunks=169 sequence=282.031s read_wait=0.171s bind_upload=1.646s attention_resident=13.833s expert_read_prefetch=177.153s expert_demand_read=107.824s expert_plan=9.639s expert_hint=0.001s expert_submit=0.001s expert_kernel=86.399s source_fence=0.001s tail_head_sync=2.477s layer_other=0.295s expert_read_gross=167.513s plan_hint=9.425s plan_sched=0.210s attn_total=13.798s attn_encode=5.701s attn_wait=5.361s attn_drain=2.735s kernel_total=60.545s kernel_host=1.908s kernel_wait=3.390s kernel_drain=55.247s
[attn-split] single: calls=15624 total=11.681s encode=5.080s wait=3.867s drain=2.735s waits=27048 untimed=3930 | wide: calls=93 total=2.116s encode=0.622s wait=1.494s drain=0.000s waits=92 untimed=92 | hint: calls=15548 total=9.416s encode=0.041s wait=9.374s drain=0.000s waits=15288 untimed=15288
[kernel-split] single: calls=16617 total=57.390s encode=1.712s wait=0.661s drain=55.017s waits=17850 untimed=14120 | wide: calls=550 total=3.155s encode=0.196s wait=2.729s drain=0.230s waits=550 untimed=0
[kernel-sub] materialize=0.072s moe=4.230s precommit=55.251s rest=0.992s
[metal-cache] calls=20100 zero_copy_wraps=233 copies=0 cache_entries=112 bindless=true
 to
[stats] generated=170 elapsed=283.756s speed=0.5991 token/s (1.669 s/token) chunks=170 committed_rows=207 verify_tx=0 drafts=0/0 layer_passes=15810 expert_rows=19044 expert_tiles=16111
[opens] expert file opens=652789 total=9.682s mean=0.015ms requested_bytes=6345943809216 (6345.9 GB)
[arrival] tiles=732 waves=1885 uncovered_wait=25.811s dispatch=4.421s
[retain] enabled=false cap_gb=8 layers=63..=92 consults=0 wanted=0 hits=0 inserts=0 served=0.0MB
[summer] enabled=false cap_gb=8 sample=16 consults=0 wanted=0 hits=0 hit_rate=0.0% misses=0 inserts=0 evictions=0 recycled=0 allocs=0 pin_skips=0 gated=0 ramp=2..50 bar=0 suppressed=0 wide_skips=0 served=0.0MB copied=0.0MB ssd_avoided=0.0GB live=0/0.0GB model=0 protected=0 declined=0 topup_suppressed=0 aged=0 into=0/0/0 pending=0
[mirror-split] internal=0 K3C=0 K3B=0 K3A=0  shares=0%/0%/0%/0%
[phases] mono=393606.337997 chunks=170 sequence=283.551s read_wait=0.171s bind_upload=1.646s attention_resident=13.907s expert_read_prefetch=178.222s expert_demand_read=108.494s expert_plan=9.688s expert_hint=0.001s expert_submit=0.001s expert_kernel=86.760s source_fence=0.001s tail_head_sync=2.492s layer_other=0.296s expert_read_gross=168.533s plan_hint=9.473s plan_sched=0.211s attn_total=13.871s attn_encode=5.740s attn_wait=5.382s attn_drain=2.750s kernel_total=60.894s kernel_host=1.917s kernel_wait=3.395s kernel_drain=55.582s
[attn-split] single: calls=15717 total=11.755s encode=5.118s wait=3.888s drain=2.750s waits=27209 untimed=3951 | wide: calls=93 total=2.116s encode=0.622s wait=1.494s drain=0.000s waits=92 untimed=92 | hint: calls=15640 total=9.463s encode=0.042s wait=9.422s drain=0.000s waits=15379 untimed=15379
[kernel-split] single: calls=16714 total=57.739s encode=1.721s wait=0.666s drain=55.352s waits=17953 untimed=14206 | wide: calls=550 total=3.155s encode=0.196s wait=2.729s drain=0.230s waits=550 untimed=0
[kernel-sub] materialize=0.072s moe=4.237s precommit=55.588s rest=0.997s
[metal-cache] calls=20197 zero_copy_wraps=233 copies=0 cache_entries=112 bindless=true
 its
[stats] generated=171 elapsed=285.261s speed=0.5995 token/s (1.668 s/token) chunks=171 committed_rows=208 verify_tx=0 drafts=0/0 layer_passes=15903 expert_rows=19136 expert_tiles=16203
[opens] expert file opens=656614 total=9.732s mean=0.015ms requested_bytes=6379467930816 (6379.5 GB)
[arrival] tiles=733 waves=1889 uncovered_wait=25.823s dispatch=4.426s
[retain] enabled=false cap_gb=8 layers=63..=92 consults=0 wanted=0 hits=0 inserts=0 served=0.0MB
[summer] enabled=false cap_gb=8 sample=16 consults=0 wanted=0 hits=0 hit_rate=0.0% misses=0 inserts=0 evictions=0 recycled=0 allocs=0 pin_skips=0 gated=0 ramp=2..50 bar=0 suppressed=0 wide_skips=0 served=0.0MB copied=0.0MB ssd_avoided=0.0GB live=0/0.0GB model=0 protected=0 declined=0 topup_suppressed=0 aged=0 into=0/0/0 pending=0
[mirror-split] internal=0 K3C=0 K3B=0 K3A=0  shares=0%/0%/0%/0%
[phases] mono=393607.842708 chunks=171 sequence=285.054s read_wait=0.171s bind_upload=1.646s attention_resident=13.967s expert_read_prefetch=179.307s expert_demand_read=109.170s expert_plan=9.738s expert_hint=0.001s expert_submit=0.001s expert_kernel=87.101s source_fence=0.001s tail_head_sync=2.507s layer_other=0.298s expert_read_gross=169.568s plan_hint=9.522s plan_sched=0.212s attn_total=13.932s attn_encode=5.764s attn_wait=5.404s attn_drain=2.764s kernel_total=61.224s kernel_host=1.926s kernel_wait=3.397s kernel_drain=55.901s
[attn-split] single: calls=15810 total=11.816s encode=5.142s wait=3.910s drain=2.764s waits=27370 untimed=3976 | wide: calls=93 total=2.116s encode=0.622s wait=1.494s drain=0.000s waits=92 untimed=92 | hint: calls=15732 total=9.512s encode=0.042s wait=9.471s drain=0.000s waits=15470 untimed=15470
[kernel-split] single: calls=16809 total=58.069s encode=1.730s wait=0.668s drain=55.671s waits=18052 untimed=14293 | wide: calls=550 total=3.155s encode=0.196s wait=2.729s drain=0.230s waits=550 untimed=0
[kernel-sub] materialize=0.072s moe=4.242s precommit=55.908s rest=1.002s
[metal-cache] calls=20292 zero_copy_wraps=233 copies=0 cache_entries=112 bindless=true
 right
[stats] generated=172 elapsed=286.748s speed=0.5998 token/s (1.667 s/token) chunks=172 committed_rows=209 verify_tx=0 drafts=0/0 layer_passes=15996 expert_rows=19228 expert_tiles=16295
[opens] expert file opens=660471 total=9.784s mean=0.015ms requested_bytes=6413325417664 (6413.3 GB)
[arrival] tiles=734 waves=1894 uncovered_wait=25.833s dispatch=4.431s
[retain] enabled=false cap_gb=8 layers=63..=92 consults=0 wanted=0 hits=0 inserts=0 served=0.0MB
[summer] enabled=false cap_gb=8 sample=16 consults=0 wanted=0 hits=0 hit_rate=0.0% misses=0 inserts=0 evictions=0 recycled=0 allocs=0 pin_skips=0 gated=0 ramp=2..50 bar=0 suppressed=0 wide_skips=0 served=0.0MB copied=0.0MB ssd_avoided=0.0GB live=0/0.0GB model=0 protected=0 declined=0 topup_suppressed=0 aged=0 into=0/0/0 pending=0
[mirror-split] internal=0 K3C=0 K3B=0 K3A=0  shares=0%/0%/0%/0%
[phases] mono=393609.329392 chunks=172 sequence=286.540s read_wait=0.171s bind_upload=1.646s attention_resident=14.028s expert_read_prefetch=180.363s expert_demand_read=109.802s expert_plan=9.795s expert_hint=0.001s expert_submit=0.001s expert_kernel=87.455s source_fence=0.001s tail_head_sync=2.521s layer_other=0.299s expert_read_gross=170.567s plan_hint=9.578s plan_sched=0.213s attn_total=13.992s attn_encode=5.789s attn_wait=5.429s attn_drain=2.774s kernel_total=61.567s kernel_host=1.936s kernel_wait=3.400s kernel_drain=56.232s
[attn-split] single: calls=15903 total=11.876s encode=5.167s wait=3.934s drain=2.774s waits=27531 untimed=3998 | wide: calls=93 total=2.116s encode=0.622s wait=1.494s drain=0.000s waits=92 untimed=92 | hint: calls=15824 total=9.568s encode=0.042s wait=9.526s drain=0.000s waits=15561 untimed=15561
[kernel-split] single: calls=16905 total=58.412s encode=1.740s wait=0.671s drain=56.002s waits=18153 untimed=14370 | wide: calls=550 total=3.155s encode=0.196s wait=2.729s drain=0.230s waits=550 untimed=0
[kernel-sub] materialize=0.072s moe=4.246s precommit=56.241s rest=1.008s
[metal-cache] calls=20388 zero_copy_wraps=233 copies=0 cache_entries=112 bindless=true
ful
[stats] generated=173 elapsed=288.250s speed=0.6002 token/s (1.666 s/token) chunks=173 committed_rows=210 verify_tx=0 drafts=0/0 layer_passes=16089 expert_rows=19320 expert_tiles=16387
[opens] expert file opens=664297 total=9.837s mean=0.015ms requested_bytes=6446875868352 (6446.9 GB)
[arrival] tiles=735 waves=1901 uncovered_wait=25.846s dispatch=4.438s
[retain] enabled=false cap_gb=8 layers=63..=92 consults=0 wanted=0 hits=0 inserts=0 served=0.0MB
[summer] enabled=false cap_gb=8 sample=16 consults=0 wanted=0 hits=0 hit_rate=0.0% misses=0 inserts=0 evictions=0 recycled=0 allocs=0 pin_skips=0 gated=0 ramp=2..50 bar=0 suppressed=0 wide_skips=0 served=0.0MB copied=0.0MB ssd_avoided=0.0GB live=0/0.0GB model=0 protected=0 declined=0 topup_suppressed=0 aged=0 into=0/0/0 pending=0
[mirror-split] internal=0 K3C=0 K3B=0 K3A=0  shares=0%/0%/0%/0%
[phases] mono=393610.831730 chunks=173 sequence=288.041s read_wait=0.171s bind_upload=1.646s attention_resident=14.095s expert_read_prefetch=181.442s expert_demand_read=110.464s expert_plan=9.851s expert_hint=0.001s expert_submit=0.001s expert_kernel=87.793s source_fence=0.001s tail_head_sync=2.536s layer_other=0.300s expert_read_gross=171.590s plan_hint=9.632s plan_sched=0.214s attn_total=14.059s attn_encode=5.820s attn_wait=5.451s attn_drain=2.789s kernel_total=61.892s kernel_host=1.945s kernel_wait=3.404s kernel_drain=56.543s
[attn-split] single: calls=15996 total=11.943s encode=5.198s wait=3.956s drain=2.789s waits=27692 untimed=4018 | wide: calls=93 total=2.116s encode=0.622s wait=1.494s drain=0.000s waits=92 untimed=92 | hint: calls=15916 total=9.622s encode=0.042s wait=9.580s drain=0.000s waits=15652 untimed=15652
[kernel-split] single: calls=17003 total=58.737s encode=1.749s wait=0.675s drain=56.313s waits=18258 untimed=14454 | wide: calls=550 total=3.155s encode=0.196s wait=2.729s drain=0.230s waits=550 untimed=0
[kernel-sub] materialize=0.072s moe=4.253s precommit=56.554s rest=1.012s
[metal-cache] calls=20486 zero_copy_wraps=233 copies=0 cache_entries=112 bindless=true
 place
[stats] generated=174 elapsed=289.829s speed=0.6004 token/s (1.666 s/token) chunks=174 committed_rows=211 verify_tx=0 drafts=0/0 layer_passes=16182 expert_rows=19412 expert_tiles=16479
[opens] expert file opens=668287 total=9.895s mean=0.015ms requested_bytes=6481838881984 (6481.8 GB)
[arrival] tiles=736 waves=1906 uncovered_wait=25.856s dispatch=4.445s
[retain] enabled=false cap_gb=8 layers=63..=92 consults=0 wanted=0 hits=0 inserts=0 served=0.0MB
[summer] enabled=false cap_gb=8 sample=16 consults=0 wanted=0 hits=0 hit_rate=0.0% misses=0 inserts=0 evictions=0 recycled=0 allocs=0 pin_skips=0 gated=0 ramp=2..50 bar=0 suppressed=0 wide_skips=0 served=0.0MB copied=0.0MB ssd_avoided=0.0GB live=0/0.0GB model=0 protected=0 declined=0 topup_suppressed=0 aged=0 into=0/0/0 pending=0
[mirror-split] internal=0 K3C=0 K3B=0 K3A=0  shares=0%/0%/0%/0%
[phases] mono=393612.410292 chunks=174 sequence=289.619s read_wait=0.171s bind_upload=1.646s attention_resident=14.182s expert_read_prefetch=182.563s expert_demand_read=111.172s expert_plan=9.902s expert_hint=0.001s expert_submit=0.001s expert_kernel=88.147s source_fence=0.001s tail_head_sync=2.550s layer_other=0.302s expert_read_gross=172.660s plan_hint=9.683s plan_sched=0.215s attn_total=14.145s attn_encode=5.864s attn_wait=5.477s attn_drain=2.804s kernel_total=62.235s kernel_host=1.955s kernel_wait=3.409s kernel_drain=56.872s
[attn-split] single: calls=16089 total=12.029s encode=5.242s wait=3.983s drain=2.804s waits=27853 untimed=4040 | wide: calls=93 total=2.116s encode=0.622s wait=1.494s drain=0.000s waits=92 untimed=92 | hint: calls=16008 total=9.673s encode=0.043s wait=9.630s drain=0.000s waits=15743 untimed=15743
[kernel-split] single: calls=17099 total=59.080s encode=1.759s wait=0.679s drain=56.642s waits=18359 untimed=14536 | wide: calls=550 total=3.155s encode=0.196s wait=2.729s drain=0.230s waits=550 untimed=0
[kernel-sub] materialize=0.072s moe=4.260s precommit=56.885s rest=1.018s
[metal-cache] calls=20582 zero_copy_wraps=233 copies=0 cache_entries=112 bindless=true
 in
[stats] generated=175 elapsed=291.313s speed=0.6007 token/s (1.665 s/token) chunks=175 committed_rows=212 verify_tx=0 drafts=0/0 layer_passes=16275 expert_rows=19504 expert_tiles=16571
[opens] expert file opens=672129 total=9.961s mean=0.015ms requested_bytes=6515573537984 (6515.6 GB)
[arrival] tiles=737 waves=1914 uncovered_wait=25.867s dispatch=4.452s
[retain] enabled=false cap_gb=8 layers=63..=92 consults=0 wanted=0 hits=0 inserts=0 served=0.0MB
[summer] enabled=false cap_gb=8 sample=16 consults=0 wanted=0 hits=0 hit_rate=0.0% misses=0 inserts=0 evictions=0 recycled=0 allocs=0 pin_skips=0 gated=0 ramp=2..50 bar=0 suppressed=0 wide_skips=0 served=0.0MB copied=0.0MB ssd_avoided=0.0GB live=0/0.0GB model=0 protected=0 declined=0 topup_suppressed=0 aged=0 into=0/0/0 pending=0
[mirror-split] internal=0 K3C=0 K3B=0 K3A=0  shares=0%/0%/0%/0%
[phases] mono=393613.895022 chunks=175 sequence=291.102s read_wait=0.171s bind_upload=1.646s attention_resident=14.254s expert_read_prefetch=183.554s expert_demand_read=111.823s expert_plan=9.954s expert_hint=0.001s expert_submit=0.001s expert_kernel=88.550s source_fence=0.001s tail_head_sync=2.565s layer_other=0.304s expert_read_gross=173.599s plan_hint=9.733s plan_sched=0.217s attn_total=14.217s attn_encode=5.895s attn_wait=5.502s attn_drain=2.820s kernel_total=62.627s kernel_host=1.969s kernel_wait=3.412s kernel_drain=57.246s
[attn-split] single: calls=16182 total=12.101s encode=5.273s wait=4.007s drain=2.820s waits=28014 untimed=4055 | wide: calls=93 total=2.116s encode=0.622s wait=1.494s drain=0.000s waits=92 untimed=92 | hint: calls=16100 total=9.723s encode=0.043s wait=9.680s drain=0.000s waits=15834 untimed=15834
[kernel-split] single: calls=17198 total=59.472s encode=1.773s wait=0.683s drain=57.016s waits=18466 untimed=14616 | wide: calls=550 total=3.155s encode=0.196s wait=2.729s drain=0.230s waits=550 untimed=0
[kernel-sub] materialize=0.072s moe=4.267s precommit=57.262s rest=1.026s
[metal-cache] calls=20681 zero_copy_wraps=233 copies=0 cache_entries=112 bindless=true
 her
[stats] generated=176 elapsed=292.814s speed=0.6011 token/s (1.664 s/token) chunks=176 committed_rows=213 verify_tx=0 drafts=0/0 layer_passes=16368 expert_rows=19596 expert_tiles=16663
[opens] expert file opens=675950 total=10.020s mean=0.015ms requested_bytes=6549115174080 (6549.1 GB)
[arrival] tiles=738 waves=1922 uncovered_wait=25.882s dispatch=4.460s
[retain] enabled=false cap_gb=8 layers=63..=92 consults=0 wanted=0 hits=0 inserts=0 served=0.0MB
[summer] enabled=false cap_gb=8 sample=16 consults=0 wanted=0 hits=0 hit_rate=0.0% misses=0 inserts=0 evictions=0 recycled=0 allocs=0 pin_skips=0 gated=0 ramp=2..50 bar=0 suppressed=0 wide_skips=0 served=0.0MB copied=0.0MB ssd_avoided=0.0GB live=0/0.0GB model=0 protected=0 declined=0 topup_suppressed=0 aged=0 into=0/0/0 pending=0
[mirror-split] internal=0 K3C=0 K3B=0 K3A=0  shares=0%/0%/0%/0%
[phases] mono=393615.396089 chunks=176 sequence=292.603s read_wait=0.171s bind_upload=1.646s attention_resident=14.322s expert_read_prefetch=184.608s expert_demand_read=112.514s expert_plan=10.009s expert_hint=0.001s expert_submit=0.001s expert_kernel=88.911s source_fence=0.001s tail_head_sync=2.580s layer_other=0.306s expert_read_gross=174.599s plan_hint=9.787s plan_sched=0.218s attn_total=14.285s attn_encode=5.928s attn_wait=5.524s attn_drain=2.834s kernel_total=62.973s kernel_host=1.981s kernel_wait=3.416s kernel_drain=57.576s
[attn-split] single: calls=16275 total=12.169s encode=5.306s wait=4.030s drain=2.834s waits=28175 untimed=4074 | wide: calls=93 total=2.116s encode=0.622s wait=1.494s drain=0.000s waits=92 untimed=92 | hint: calls=16192 total=9.777s encode=0.043s wait=9.734s drain=0.000s waits=15925 untimed=15925
[kernel-split] single: calls=17297 total=59.818s encode=1.786s wait=0.687s drain=57.346s waits=18573 untimed=14702 | wide: calls=550 total=3.155s encode=0.196s wait=2.729s drain=0.230s waits=550 untimed=0
[kernel-sub] materialize=0.072s moe=4.275s precommit=57.593s rest=1.033s
[metal-cache] calls=20780 zero_copy_wraps=233 copies=0 cache_entries=112 bindless=true
 grandmother
[stats] generated=177 elapsed=294.357s speed=0.6013 token/s (1.663 s/token) chunks=177 committed_rows=214 verify_tx=0 drafts=0/0 layer_passes=16461 expert_rows=19688 expert_tiles=16755
[opens] expert file opens=679777 total=10.081s mean=0.015ms requested_bytes=6582648061120 (6582.6 GB)
[arrival] tiles=739 waves=1929 uncovered_wait=25.898s dispatch=4.467s
[retain] enabled=false cap_gb=8 layers=63..=92 consults=0 wanted=0 hits=0 inserts=0 served=0.0MB
[summer] enabled=false cap_gb=8 sample=16 consults=0 wanted=0 hits=0 hit_rate=0.0% misses=0 inserts=0 evictions=0 recycled=0 allocs=0 pin_skips=0 gated=0 ramp=2..50 bar=0 suppressed=0 wide_skips=0 served=0.0MB copied=0.0MB ssd_avoided=0.0GB live=0/0.0GB model=0 protected=0 declined=0 topup_suppressed=0 aged=0 into=0/0/0 pending=0
[mirror-split] internal=0 K3C=0 K3B=0 K3A=0  shares=0%/0%/0%/0%
[phases] mono=393616.938331 chunks=177 sequence=294.144s read_wait=0.171s bind_upload=1.646s attention_resident=14.392s expert_read_prefetch=185.707s expert_demand_read=113.212s expert_plan=10.060s expert_hint=0.001s expert_submit=0.001s expert_kernel=89.268s source_fence=0.001s tail_head_sync=2.594s layer_other=0.308s expert_read_gross=175.646s plan_hint=9.836s plan_sched=0.219s attn_total=14.355s attn_encode=5.958s attn_wait=5.546s attn_drain=2.851s kernel_total=63.313s kernel_host=1.993s kernel_wait=3.420s kernel_drain=57.899s
[attn-split] single: calls=16368 total=12.239s encode=5.336s wait=4.051s drain=2.851s waits=28336 untimed=4095 | wide: calls=93 total=2.116s encode=0.622s wait=1.494s drain=0.000s waits=92 untimed=92 | hint: calls=16284 total=9.826s encode=0.044s wait=9.783s drain=0.000s waits=16016 untimed=16016
[kernel-split] single: calls=17395 total=60.158s encode=1.797s wait=0.691s drain=57.670s waits=18678 untimed=14781 | wide: calls=550 total=3.155s encode=0.196s wait=2.729s drain=0.230s waits=550 untimed=0
[kernel-sub] materialize=0.072s moe=4.282s precommit=57.919s rest=1.040s
[metal-cache] calls=20878 zero_copy_wraps=233 copies=0 cache_entries=112 bindless=true
's
[stats] generated=178 elapsed=295.855s speed=0.6016 token/s (1.662 s/token) chunks=178 committed_rows=215 verify_tx=0 drafts=0/0 layer_passes=16554 expert_rows=19780 expert_tiles=16847
[opens] expert file opens=683591 total=10.138s mean=0.015ms requested_bytes=6616101977280 (6616.1 GB)
[arrival] tiles=740 waves=1937 uncovered_wait=25.908s dispatch=4.473s
[retain] enabled=false cap_gb=8 layers=63..=92 consults=0 wanted=0 hits=0 inserts=0 served=0.0MB
[summer] enabled=false cap_gb=8 sample=16 consults=0 wanted=0 hits=0 hit_rate=0.0% misses=0 inserts=0 evictions=0 recycled=0 allocs=0 pin_skips=0 gated=0 ramp=2..50 bar=0 suppressed=0 wide_skips=0 served=0.0MB copied=0.0MB ssd_avoided=0.0GB live=0/0.0GB model=0 protected=0 declined=0 topup_suppressed=0 aged=0 into=0/0/0 pending=0
[mirror-split] internal=0 K3C=0 K3B=0 K3A=0  shares=0%/0%/0%/0%
[phases] mono=393618.437226 chunks=178 sequence=295.642s read_wait=0.171s bind_upload=1.646s attention_resident=14.474s expert_read_prefetch=186.739s expert_demand_read=113.810s expert_plan=10.114s expert_hint=0.001s expert_submit=0.001s expert_kernel=89.633s source_fence=0.001s tail_head_sync=2.610s layer_other=0.309s expert_read_gross=176.624s plan_hint=9.889s plan_sched=0.220s attn_total=14.437s attn_encode=5.998s attn_wait=5.573s attn_drain=2.865s kernel_total=63.668s kernel_host=2.004s kernel_wait=3.423s kernel_drain=58.241s
[attn-split] single: calls=16461 total=12.320s encode=5.377s wait=4.078s drain=2.865s waits=28497 untimed=4121 | wide: calls=93 total=2.116s encode=0.622s wait=1.494s drain=0.000s waits=92 untimed=92 | hint: calls=16376 total=9.879s encode=0.044s wait=9.836s drain=0.000s waits=16107 untimed=16107
[kernel-split] single: calls=17494 total=60.513s encode=1.808s wait=0.694s drain=58.011s waits=18785 untimed=14868 | wide: calls=550 total=3.155s encode=0.196s wait=2.729s drain=0.230s waits=550 untimed=0
[kernel-sub] materialize=0.072s moe=4.288s precommit=58.263s rest=1.046s
[metal-cache] calls=20977 zero_copy_wraps=233 copies=0 cache_entries=112 bindless=true
[route-chain] chained=11730
[route-chain] dedup_hits=11730
 homeland
[stats] generated=179 elapsed=297.374s speed=0.6019 token/s (1.661 s/token) chunks=179 committed_rows=216 verify_tx=0 drafts=0/0 layer_passes=16647 expert_rows=19872 expert_tiles=16939
[opens] expert file opens=687587 total=10.200s mean=0.015ms requested_bytes=6651161459904 (6651.2 GB)
[arrival] tiles=741 waves=1945 uncovered_wait=25.920s dispatch=4.481s
[retain] enabled=false cap_gb=8 layers=63..=92 consults=0 wanted=0 hits=0 inserts=0 served=0.0MB
[summer] enabled=false cap_gb=8 sample=16 consults=0 wanted=0 hits=0 hit_rate=0.0% misses=0 inserts=0 evictions=0 recycled=0 allocs=0 pin_skips=0 gated=0 ramp=2..50 bar=0 suppressed=0 wide_skips=0 served=0.0MB copied=0.0MB ssd_avoided=0.0GB live=0/0.0GB model=0 protected=0 declined=0 topup_suppressed=0 aged=0 into=0/0/0 pending=0
[mirror-split] internal=0 K3C=0 K3B=0 K3A=0  shares=0%/0%/0%/0%
[phases] mono=393619.955890 chunks=179 sequence=297.159s read_wait=0.171s bind_upload=1.646s attention_resident=14.540s expert_read_prefetch=187.800s expert_demand_read=114.426s expert_plan=10.171s expert_hint=0.001s expert_submit=0.001s expert_kernel=90.011s source_fence=0.001s tail_head_sync=2.623s layer_other=0.311s expert_read_gross=177.628s plan_hint=9.945s plan_sched=0.222s attn_total=14.502s attn_encode=6.026s attn_wait=5.593s attn_drain=2.883s kernel_total=64.034s kernel_host=2.016s kernel_wait=3.427s kernel_drain=58.591s
[attn-split] single: calls=16554 total=12.386s encode=5.404s wait=4.099s drain=2.883s waits=28658 untimed=4140 | wide: calls=93 total=2.116s encode=0.622s wait=1.494s drain=0.000s waits=92 untimed=92 | hint: calls=16468 total=9.935s encode=0.044s wait=9.891s drain=0.000s waits=16198 untimed=16198
[kernel-split] single: calls=17593 total=60.878s encode=1.820s wait=0.698s drain=58.361s waits=18892 untimed=14951 | wide: calls=550 total=3.155s encode=0.196s wait=2.729s drain=0.230s waits=550 untimed=0
[kernel-sub] materialize=0.072s moe=4.295s precommit=58.614s rest=1.052s
[metal-cache] calls=21076 zero_copy_wraps=233 copies=0 cache_entries=112 bindless=true
.


[stats] generated=180 elapsed=298.888s speed=0.6022 token/s (1.660 s/token) chunks=180 committed_rows=217 verify_tx=0 drafts=0/0 layer_passes=16740 expert_rows=19964 expert_tiles=17031
[opens] expert file opens=691412 total=10.260s mean=0.015ms requested_bytes=6684676783296 (6684.7 GB)
[arrival] tiles=742 waves=1952 uncovered_wait=25.934s dispatch=4.487s
[retain] enabled=false cap_gb=8 layers=63..=92 consults=0 wanted=0 hits=0 inserts=0 served=0.0MB
[summer] enabled=false cap_gb=8 sample=16 consults=0 wanted=0 hits=0 hit_rate=0.0% misses=0 inserts=0 evictions=0 recycled=0 allocs=0 pin_skips=0 gated=0 ramp=2..50 bar=0 suppressed=0 wide_skips=0 served=0.0MB copied=0.0MB ssd_avoided=0.0GB live=0/0.0GB model=0 protected=0 declined=0 topup_suppressed=0 aged=0 into=0/0/0 pending=0
[mirror-split] internal=0 K3C=0 K3B=0 K3A=0  shares=0%/0%/0%/0%
[phases] mono=393621.470210 chunks=180 sequence=298.673s read_wait=0.171s bind_upload=1.646s attention_resident=14.604s expert_read_prefetch=188.874s expert_demand_read=115.118s expert_plan=10.226s expert_hint=0.001s expert_submit=0.001s expert_kernel=90.371s source_fence=0.001s tail_head_sync=2.635s layer_other=0.313s expert_read_gross=178.647s plan_hint=9.999s plan_sched=0.223s attn_total=14.566s attn_encode=6.052s attn_wait=5.619s attn_drain=2.895s kernel_total=64.379s kernel_host=2.027s kernel_wait=3.431s kernel_drain=58.921s
[attn-split] single: calls=16647 total=12.450s encode=5.430s wait=4.125s drain=2.895s waits=28819 untimed=4162 | wide: calls=93 total=2.116s encode=0.622s wait=1.494s drain=0.000s waits=92 untimed=92 | hint: calls=16560 total=9.989s encode=0.044s wait=9.944s drain=0.000s waits=16289 untimed=16289
[kernel-split] single: calls=17691 total=61.224s encode=1.831s wait=0.701s drain=58.691s waits=18997 untimed=15032 | wide: calls=550 total=3.155s encode=0.196s wait=2.729s drain=0.230s waits=550 untimed=0
[kernel-sub] materialize=0.072s moe=4.301s precommit=58.947s rest=1.059s
[metal-cache] calls=21174 zero_copy_wraps=233 copies=0 cache_entries=112 bindless=true
The
[stats] generated=181 elapsed=300.428s speed=0.6025 token/s (1.660 s/token) chunks=181 committed_rows=218 verify_tx=0 drafts=0/0 layer_passes=16833 expert_rows=20056 expert_tiles=17123
[opens] expert file opens=695401 total=10.330s mean=0.015ms requested_bytes=6719657295040 (6719.7 GB)
[arrival] tiles=743 waves=1960 uncovered_wait=25.949s dispatch=4.494s
[retain] enabled=false cap_gb=8 layers=63..=92 consults=0 wanted=0 hits=0 inserts=0 served=0.0MB
[summer] enabled=false cap_gb=8 sample=16 consults=0 wanted=0 hits=0 hit_rate=0.0% misses=0 inserts=0 evictions=0 recycled=0 allocs=0 pin_skips=0 gated=0 ramp=2..50 bar=0 suppressed=0 wide_skips=0 served=0.0MB copied=0.0MB ssd_avoided=0.0GB live=0/0.0GB model=0 protected=0 declined=0 topup_suppressed=0 aged=0 into=0/0/0 pending=0
[mirror-split] internal=0 K3C=0 K3B=0 K3A=0  shares=0%/0%/0%/0%
[phases] mono=393623.010205 chunks=181 sequence=300.212s read_wait=0.171s bind_upload=1.646s attention_resident=14.679s expert_read_prefetch=189.941s expert_demand_read=115.801s expert_plan=10.296s expert_hint=0.001s expert_submit=0.001s expert_kernel=90.753s source_fence=0.001s tail_head_sync=2.649s layer_other=0.315s expert_read_gross=179.643s plan_hint=10.068s plan_sched=0.224s attn_total=14.640s attn_encode=6.086s attn_wait=5.638s attn_drain=2.916s kernel_total=64.746s kernel_host=2.039s kernel_wait=3.435s kernel_drain=59.272s
[attn-split] single: calls=16740 total=12.524s encode=5.464s wait=4.144s drain=2.916s waits=28980 untimed=4177 | wide: calls=93 total=2.116s encode=0.622s wait=1.494s drain=0.000s waits=92 untimed=92 | hint: calls=16652 total=10.058s encode=0.045s wait=10.013s drain=0.000s waits=16380 untimed=16380
[kernel-split] single: calls=17790 total=61.591s encode=1.843s wait=0.705s drain=59.042s waits=19104 untimed=15113 | wide: calls=550 total=3.155s encode=0.196s wait=2.729s drain=0.230s waits=550 untimed=0
[kernel-sub] materialize=0.072s moe=4.308s precommit=59.300s rest=1.066s
[metal-cache] calls=21273 zero_copy_wraps=233 copies=0 cache_entries=112 bindless=true
 he
[stats] generated=182 elapsed=301.919s speed=0.6028 token/s (1.659 s/token) chunks=182 committed_rows=219 verify_tx=0 drafts=0/0 layer_passes=16926 expert_rows=20148 expert_tiles=17215
[opens] expert file opens=699348 total=10.389s mean=0.015ms requested_bytes=6754260548800 (6754.3 GB)
[arrival] tiles=744 waves=1968 uncovered_wait=25.965s dispatch=4.500s
[retain] enabled=false cap_gb=8 layers=63..=92 consults=0 wanted=0 hits=0 inserts=0 served=0.0MB
[summer] enabled=false cap_gb=8 sample=16 consults=0 wanted=0 hits=0 hit_rate=0.0% misses=0 inserts=0 evictions=0 recycled=0 allocs=0 pin_skips=0 gated=0 ramp=2..50 bar=0 suppressed=0 wide_skips=0 served=0.0MB copied=0.0MB ssd_avoided=0.0GB live=0/0.0GB model=0 protected=0 declined=0 topup_suppressed=0 aged=0 into=0/0/0 pending=0
[mirror-split] internal=0 K3C=0 K3B=0 K3A=0  shares=0%/0%/0%/0%
[phases] mono=393624.501067 chunks=182 sequence=301.702s read_wait=0.171s bind_upload=1.646s attention_resident=14.757s expert_read_prefetch=190.964s expert_demand_read=116.407s expert_plan=10.361s expert_hint=0.001s expert_submit=0.001s expert_kernel=91.127s source_fence=0.001s tail_head_sync=2.662s layer_other=0.316s expert_read_gross=180.602s plan_hint=10.131s plan_sched=0.225s attn_total=14.719s attn_encode=6.122s attn_wait=5.662s attn_drain=2.935s kernel_total=65.104s kernel_host=2.050s kernel_wait=3.438s kernel_drain=59.616s
[attn-split] single: calls=16833 total=12.602s encode=5.500s wait=4.168s drain=2.935s waits=29141 untimed=4197 | wide: calls=93 total=2.116s encode=0.622s wait=1.494s drain=0.000s waits=92 untimed=92 | hint: calls=16744 total=10.121s encode=0.045s wait=10.076s drain=0.000s waits=16471 untimed=16471
[kernel-split] single: calls=17889 total=61.949s encode=1.854s wait=0.709s drain=59.386s waits=19211 untimed=15194 | wide: calls=550 total=3.155s encode=0.196s wait=2.729s drain=0.230s waits=550 untimed=0
[kernel-sub] materialize=0.072s moe=4.314s precommit=59.645s rest=1.072s
[metal-cache] calls=21372 zero_copy_wraps=233 copies=0 cache_entries=112 bindless=true
ist
[stats] generated=183 elapsed=303.366s speed=0.6032 token/s (1.658 s/token) chunks=183 committed_rows=220 verify_tx=0 drafts=0/0 layer_passes=17019 expert_rows=20240 expert_tiles=17307
[opens] expert file opens=703197 total=10.445s mean=0.015ms requested_bytes=6788004003008 (6788.0 GB)
[arrival] tiles=745 waves=1975 uncovered_wait=25.977s dispatch=4.507s
[retain] enabled=false cap_gb=8 layers=63..=92 consults=0 wanted=0 hits=0 inserts=0 served=0.0MB
[summer] enabled=false cap_gb=8 sample=16 consults=0 wanted=0 hits=0 hit_rate=0.0% misses=0 inserts=0 evictions=0 recycled=0 allocs=0 pin_skips=0 gated=0 ramp=2..50 bar=0 suppressed=0 wide_skips=0 served=0.0MB copied=0.0MB ssd_avoided=0.0GB live=0/0.0GB model=0 protected=0 declined=0 topup_suppressed=0 aged=0 into=0/0/0 pending=0
[mirror-split] internal=0 K3C=0 K3B=0 K3A=0  shares=0%/0%/0%/0%
[phases] mono=393625.947422 chunks=183 sequence=303.147s read_wait=0.171s bind_upload=1.646s attention_resident=14.819s expert_read_prefetch=191.978s expert_demand_read=117.004s expert_plan=10.418s expert_hint=0.001s expert_submit=0.001s expert_kernel=91.480s source_fence=0.001s tail_head_sync=2.676s layer_other=0.318s expert_read_gross=181.560s plan_hint=10.187s plan_sched=0.226s attn_total=14.780s attn_encode=6.146s attn_wait=5.678s attn_drain=2.957s kernel_total=65.445s kernel_host=2.060s kernel_wait=3.442s kernel_drain=59.942s
[attn-split] single: calls=16926 total=12.664s encode=5.524s wait=4.184s drain=2.957s waits=29302 untimed=4216 | wide: calls=93 total=2.116s encode=0.622s wait=1.494s drain=0.000s waits=92 untimed=92 | hint: calls=16836 total=10.177s encode=0.045s wait=10.131s drain=0.000s waits=16562 untimed=16562
[kernel-split] single: calls=17987 total=62.290s encode=1.864s wait=0.713s drain=59.713s waits=19316 untimed=15275 | wide: calls=550 total=3.155s encode=0.196s wait=2.729s drain=0.230s waits=550 untimed=0
[kernel-sub] materialize=0.072s moe=4.321s precommit=59.974s rest=1.078s
[metal-cache] calls=21470 zero_copy_wraps=233 copies=0 cache_entries=112 bindless=true
 unfolds
[stats] generated=184 elapsed=304.861s speed=0.6036 token/s (1.657 s/token) chunks=184 committed_rows=221 verify_tx=0 drafts=0/0 layer_passes=17112 expert_rows=20332 expert_tiles=17399
[opens] expert file opens=707159 total=10.502s mean=0.015ms requested_bytes=6822756416704 (6822.8 GB)
[arrival] tiles=746 waves=1983 uncovered_wait=25.994s dispatch=4.514s
[retain] enabled=false cap_gb=8 layers=63..=92 consults=0 wanted=0 hits=0 inserts=0 served=0.0MB
[summer] enabled=false cap_gb=8 sample=16 consults=0 wanted=0 hits=0 hit_rate=0.0% misses=0 inserts=0 evictions=0 recycled=0 allocs=0 pin_skips=0 gated=0 ramp=2..50 bar=0 suppressed=0 wide_skips=0 served=0.0MB copied=0.0MB ssd_avoided=0.0GB live=0/0.0GB model=0 protected=0 declined=0 topup_suppressed=0 aged=0 into=0/0/0 pending=0
[mirror-split] internal=0 K3C=0 K3B=0 K3A=0  shares=0%/0%/0%/0%
[phases] mono=393627.443190 chunks=184 sequence=304.642s read_wait=0.171s bind_upload=1.646s attention_resident=14.885s expert_read_prefetch=193.003s expert_demand_read=117.626s expert_plan=10.474s expert_hint=0.001s expert_submit=0.001s expert_kernel=91.870s source_fence=0.001s tail_head_sync=2.689s layer_other=0.319s expert_read_gross=182.528s plan_hint=10.242s plan_sched=0.227s attn_total=14.846s attn_encode=6.170s attn_wait=5.699s attn_drain=2.977s kernel_total=65.817s kernel_host=2.071s kernel_wait=3.446s kernel_drain=60.300s
[attn-split] single: calls=17019 total=12.730s encode=5.548s wait=4.205s drain=2.977s waits=29463 untimed=4234 | wide: calls=93 total=2.116s encode=0.622s wait=1.494s drain=0.000s waits=92 untimed=92 | hint: calls=16928 total=10.232s encode=0.046s wait=10.186s drain=0.000s waits=16653 untimed=16653
[kernel-split] single: calls=18086 total=62.662s encode=1.875s wait=0.717s drain=60.070s waits=19423 untimed=15352 | wide: calls=550 total=3.155s encode=0.196s wait=2.729s drain=0.230s waits=550 untimed=0
[kernel-sub] materialize=0.072s moe=4.328s precommit=60.333s rest=1.084s
[metal-cache] calls=21569 zero_copy_wraps=233 copies=0 cache_entries=112 bindless=true
 with
[stats] generated=185 elapsed=306.312s speed=0.6040 token/s (1.656 s/token) chunks=185 committed_rows=222 verify_tx=0 drafts=0/0 layer_passes=17205 expert_rows=20424 expert_tiles=17491
[opens] expert file opens=710950 total=10.555s mean=0.015ms requested_bytes=6856017296576 (6856.0 GB)
[arrival] tiles=747 waves=1991 uncovered_wait=26.004s dispatch=4.521s
[retain] enabled=false cap_gb=8 layers=63..=92 consults=0 wanted=0 hits=0 inserts=0 served=0.0MB
[summer] enabled=false cap_gb=8 sample=16 consults=0 wanted=0 hits=0 hit_rate=0.0% misses=0 inserts=0 evictions=0 recycled=0 allocs=0 pin_skips=0 gated=0 ramp=2..50 bar=0 suppressed=0 wide_skips=0 served=0.0MB copied=0.0MB ssd_avoided=0.0GB live=0/0.0GB model=0 protected=0 declined=0 topup_suppressed=0 aged=0 into=0/0/0 pending=0
[mirror-split] internal=0 K3C=0 K3B=0 K3A=0  shares=0%/0%/0%/0%
[phases] mono=393628.893324 chunks=185 sequence=306.090s read_wait=0.171s bind_upload=1.646s attention_resident=14.957s expert_read_prefetch=194.013s expert_demand_read=118.292s expert_plan=10.535s expert_hint=0.001s expert_submit=0.001s expert_kernel=92.218s source_fence=0.001s tail_head_sync=2.705s layer_other=0.321s expert_read_gross=183.477s plan_hint=10.302s plan_sched=0.228s attn_total=14.918s attn_encode=6.196s attn_wait=5.733s attn_drain=2.990s kernel_total=66.155s kernel_host=2.081s kernel_wait=3.449s kernel_drain=60.624s
[attn-split] single: calls=17112 total=12.802s encode=5.574s wait=4.238s drain=2.990s waits=29624 untimed=4257 | wide: calls=93 total=2.116s encode=0.622s wait=1.494s drain=0.000s waits=92 untimed=92 | hint: calls=17020 total=10.291s encode=0.046s wait=10.246s drain=0.000s waits=16744 untimed=16744
[kernel-split] single: calls=18185 total=63.000s encode=1.886s wait=0.720s drain=60.395s waits=19530 untimed=15442 | wide: calls=550 total=3.155s encode=0.196s wait=2.729s drain=0.230s waits=550 untimed=0
[kernel-sub] materialize=0.072s moe=4.334s precommit=60.659s rest=1.089s
[metal-cache] calls=21668 zero_copy_wraps=233 copies=0 cache_entries=112 bindless=true
 clock
[stats] generated=186 elapsed=307.766s speed=0.6044 token/s (1.655 s/token) chunks=186 committed_rows=223 verify_tx=0 drafts=0/0 layer_passes=17298 expert_rows=20516 expert_tiles=17583
[opens] expert file opens=714744 total=10.608s mean=0.015ms requested_bytes=6889330834624 (6889.3 GB)
[arrival] tiles=748 waves=1998 uncovered_wait=26.024s dispatch=4.530s
[retain] enabled=false cap_gb=8 layers=63..=92 consults=0 wanted=0 hits=0 inserts=0 served=0.0MB
[summer] enabled=false cap_gb=8 sample=16 consults=0 wanted=0 hits=0 hit_rate=0.0% misses=0 inserts=0 evictions=0 recycled=0 allocs=0 pin_skips=0 gated=0 ramp=2..50 bar=0 suppressed=0 wide_skips=0 served=0.0MB copied=0.0MB ssd_avoided=0.0GB live=0/0.0GB model=0 protected=0 declined=0 topup_suppressed=0 aged=0 into=0/0/0 pending=0
[mirror-split] internal=0 K3C=0 K3B=0 K3A=0  shares=0%/0%/0%/0%
[phases] mono=393630.348041 chunks=186 sequence=307.544s read_wait=0.171s bind_upload=1.646s attention_resident=15.043s expert_read_prefetch=194.996s expert_demand_read=118.891s expert_plan=10.593s expert_hint=0.001s expert_submit=0.001s expert_kernel=92.587s source_fence=0.001s tail_head_sync=2.718s layer_other=0.322s expert_read_gross=184.402s plan_hint=10.359s plan_sched=0.230s attn_total=15.004s attn_encode=6.239s attn_wait=5.754s attn_drain=3.011s kernel_total=66.504s kernel_host=2.092s kernel_wait=3.455s kernel_drain=60.957s
[attn-split] single: calls=17205 total=12.888s encode=5.617s wait=4.260s drain=3.011s waits=29785 untimed=4277 | wide: calls=93 total=2.116s encode=0.622s wait=1.494s drain=0.000s waits=92 untimed=92 | hint: calls=17112 total=10.348s encode=0.046s wait=10.302s drain=0.000s waits=16835 untimed=16835
[kernel-split] single: calls=18283 total=63.348s encode=1.896s wait=0.726s drain=60.727s waits=19635 untimed=15531 | wide: calls=550 total=3.155s encode=0.196s wait=2.729s drain=0.230s waits=550 untimed=0
[kernel-sub] materialize=0.072s moe=4.343s precommit=60.994s rest=1.094s
[metal-cache] calls=21766 zero_copy_wraps=233 copies=0 cache_entries=112 bindless=true
work
[stats] generated=187 elapsed=309.269s speed=0.6047 token/s (1.654 s/token) chunks=187 committed_rows=224 verify_tx=0 drafts=0/0 layer_passes=17391 expert_rows=20608 expert_tiles=17675
[opens] expert file opens=718552 total=10.661s mean=0.015ms requested_bytes=6922740874432 (6922.7 GB)
[arrival] tiles=749 waves=2006 uncovered_wait=26.037s dispatch=4.537s
[retain] enabled=false cap_gb=8 layers=63..=92 consults=0 wanted=0 hits=0 inserts=0 served=0.0MB
[summer] enabled=false cap_gb=8 sample=16 consults=0 wanted=0 hits=0 hit_rate=0.0% misses=0 inserts=0 evictions=0 recycled=0 allocs=0 pin_skips=0 gated=0 ramp=2..50 bar=0 suppressed=0 wide_skips=0 served=0.0MB copied=0.0MB ssd_avoided=0.0GB live=0/0.0GB model=0 protected=0 declined=0 topup_suppressed=0 aged=0 into=0/0/0 pending=0
[mirror-split] internal=0 K3C=0 K3B=0 K3A=0  shares=0%/0%/0%/0%
[phases] mono=393631.850637 chunks=187 sequence=309.045s read_wait=0.171s bind_upload=1.646s attention_resident=15.106s expert_read_prefetch=196.076s expert_demand_read=119.547s expert_plan=10.653s expert_hint=0.001s expert_submit=0.001s expert_kernel=92.930s source_fence=0.001s tail_head_sync=2.733s layer_other=0.324s expert_read_gross=185.421s plan_hint=10.418s plan_sched=0.231s attn_total=15.067s attn_encode=6.264s attn_wait=5.778s attn_drain=3.025s kernel_total=66.833s kernel_host=2.101s kernel_wait=3.459s kernel_drain=61.273s
[attn-split] single: calls=17298 total=12.950s encode=5.642s wait=4.284s drain=3.025s waits=29946 untimed=4297 | wide: calls=93 total=2.116s encode=0.622s wait=1.494s drain=0.000s waits=92 untimed=92 | hint: calls=17204 total=10.408s encode=0.046s wait=10.361s drain=0.000s waits=16926 untimed=16926
[kernel-split] single: calls=18382 total=63.678s encode=1.905s wait=0.729s drain=61.043s waits=19742 untimed=15613 | wide: calls=550 total=3.155s encode=0.196s wait=2.729s drain=0.230s waits=550 untimed=0
[kernel-sub] materialize=0.072s moe=4.350s precommit=61.311s rest=1.100s
[metal-cache] calls=21865 zero_copy_wraps=233 copies=0 cache_entries=112 bindless=true
 precision
[stats] generated=188 elapsed=310.778s speed=0.6049 token/s (1.653 s/token) chunks=188 committed_rows=225 verify_tx=0 drafts=0/0 layer_passes=17484 expert_rows=20700 expert_tiles=17767
[opens] expert file opens=722385 total=10.721s mean=0.015ms requested_bytes=6956335168704 (6956.3 GB)
[arrival] tiles=750 waves=2012 uncovered_wait=26.049s dispatch=4.543s
[retain] enabled=false cap_gb=8 layers=63..=92 consults=0 wanted=0 hits=0 inserts=0 served=0.0MB
[summer] enabled=false cap_gb=8 sample=16 consults=0 wanted=0 hits=0 hit_rate=0.0% misses=0 inserts=0 evictions=0 recycled=0 allocs=0 pin_skips=0 gated=0 ramp=2..50 bar=0 suppressed=0 wide_skips=0 served=0.0MB copied=0.0MB ssd_avoided=0.0GB live=0/0.0GB model=0 protected=0 declined=0 topup_suppressed=0 aged=0 into=0/0/0 pending=0
[mirror-split] internal=0 K3C=0 K3B=0 K3A=0  shares=0%/0%/0%/0%
[phases] mono=393633.359364 chunks=188 sequence=310.553s read_wait=0.171s bind_upload=1.646s attention_resident=15.172s expert_read_prefetch=197.152s expert_demand_read=120.202s expert_plan=10.709s expert_hint=0.001s expert_submit=0.001s expert_kernel=93.278s source_fence=0.001s tail_head_sync=2.748s layer_other=0.325s expert_read_gross=186.442s plan_hint=10.473s plan_sched=0.232s attn_total=15.132s attn_encode=6.288s attn_wait=5.799s attn_drain=3.046s kernel_total=67.170s kernel_host=2.111s kernel_wait=3.462s kernel_drain=61.597s
[attn-split] single: calls=17391 total=13.016s encode=5.666s wait=4.304s drain=3.046s waits=30107 untimed=4313 | wide: calls=93 total=2.116s encode=0.622s wait=1.494s drain=0.000s waits=92 untimed=92 | hint: calls=17296 total=10.462s encode=0.047s wait=10.416s drain=0.000s waits=17017 untimed=17017
[kernel-split] single: calls=18479 total=64.015s encode=1.915s wait=0.733s drain=61.367s waits=19845 untimed=15698 | wide: calls=550 total=3.155s encode=0.196s wait=2.729s drain=0.230s waits=550 untimed=0
[kernel-sub] materialize=0.072s moe=4.356s precommit=61.637s rest=1.105s
[metal-cache] calls=21962 zero_copy_wraps=233 copies=0 cache_entries=112 bindless=true
 until
[stats] generated=189 elapsed=312.287s speed=0.6052 token/s (1.652 s/token) chunks=189 committed_rows=226 verify_tx=0 drafts=0/0 layer_passes=17577 expert_rows=20792 expert_tiles=17859
[opens] expert file opens=726228 total=10.775s mean=0.015ms requested_bytes=6990052293824 (6990.1 GB)
[arrival] tiles=751 waves=2020 uncovered_wait=26.059s dispatch=4.549s
[retain] enabled=false cap_gb=8 layers=63..=92 consults=0 wanted=0 hits=0 inserts=0 served=0.0MB
[summer] enabled=false cap_gb=8 sample=16 consults=0 wanted=0 hits=0 hit_rate=0.0% misses=0 inserts=0 evictions=0 recycled=0 allocs=0 pin_skips=0 gated=0 ramp=2..50 bar=0 suppressed=0 wide_skips=0 served=0.0MB copied=0.0MB ssd_avoided=0.0GB live=0/0.0GB model=0 protected=0 declined=0 topup_suppressed=0 aged=0 into=0/0/0 pending=0
[mirror-split] internal=0 K3C=0 K3B=0 K3A=0  shares=0%/0%/0%/0%
[phases] mono=393634.868410 chunks=189 sequence=312.060s read_wait=0.171s bind_upload=1.646s attention_resident=15.243s expert_read_prefetch=198.206s expert_demand_read=120.785s expert_plan=10.775s expert_hint=0.001s expert_submit=0.001s expert_kernel=93.645s source_fence=0.001s tail_head_sync=2.762s layer_other=0.326s expert_read_gross=187.430s plan_hint=10.538s plan_sched=0.233s attn_total=15.204s attn_encode=6.317s attn_wait=5.819s attn_drain=3.068s kernel_total=67.526s kernel_host=2.121s kernel_wait=3.465s kernel_drain=61.939s
[attn-split] single: calls=17484 total=13.087s encode=5.695s wait=4.324s drain=3.068s waits=30268 untimed=4331 | wide: calls=93 total=2.116s encode=0.622s wait=1.494s drain=0.000s waits=92 untimed=92 | hint: calls=17388 total=10.527s encode=0.047s wait=10.480s drain=0.000s waits=17108 untimed=17108
[kernel-split] single: calls=18578 total=64.371s encode=1.925s wait=0.736s drain=61.709s waits=19952 untimed=15784 | wide: calls=550 total=3.155s encode=0.196s wait=2.729s drain=0.230s waits=550 untimed=0
[kernel-sub] materialize=0.072s moe=4.362s precommit=61.981s rest=1.111s
[metal-cache] calls=22061 zero_copy_wraps=233 copies=0 cache_entries=112 bindless=true
[route-chain] chained=12420
[route-chain] dedup_hits=12420
 an
[stats] generated=190 elapsed=313.740s speed=0.6056 token/s (1.651 s/token) chunks=190 committed_rows=227 verify_tx=0 drafts=0/0 layer_passes=17670 expert_rows=20884 expert_tiles=17951
[opens] expert file opens=730044 total=10.831s mean=0.015ms requested_bytes=7023488695488 (7023.5 GB)
[arrival] tiles=752 waves=2028 uncovered_wait=26.069s dispatch=4.556s
[retain] enabled=false cap_gb=8 layers=63..=92 consults=0 wanted=0 hits=0 inserts=0 served=0.0MB
[summer] enabled=false cap_gb=8 sample=16 consults=0 wanted=0 hits=0 hit_rate=0.0% misses=0 inserts=0 evictions=0 recycled=0 allocs=0 pin_skips=0 gated=0 ramp=2..50 bar=0 suppressed=0 wide_skips=0 served=0.0MB copied=0.0MB ssd_avoided=0.0GB live=0/0.0GB model=0 protected=0 declined=0 topup_suppressed=0 aged=0 into=0/0/0 pending=0
[mirror-split] internal=0 K3C=0 K3B=0 K3A=0  shares=0%/0%/0%/0%
[phases] mono=393636.322039 chunks=190 sequence=313.513s read_wait=0.171s bind_upload=1.646s attention_resident=15.323s expert_read_prefetch=199.210s expert_demand_read=121.424s expert_plan=10.826s expert_hint=0.001s expert_submit=0.001s expert_kernel=93.999s source_fence=0.001s tail_head_sync=2.776s layer_other=0.328s expert_read_gross=188.383s plan_hint=10.588s plan_sched=0.234s attn_total=15.283s attn_encode=6.351s attn_wait=5.852s attn_drain=3.080s kernel_total=67.869s kernel_host=2.131s kernel_wait=3.469s kernel_drain=62.269s
[attn-split] single: calls=17577 total=13.167s encode=5.729s wait=4.358s drain=3.080s waits=30429 untimed=4357 | wide: calls=93 total=2.116s encode=0.622s wait=1.494s drain=0.000s waits=92 untimed=92 | hint: calls=17480 total=10.577s encode=0.047s wait=10.530s drain=0.000s waits=17199 untimed=17199
[kernel-split] single: calls=18677 total=64.714s encode=1.935s wait=0.740s drain=62.039s waits=20059 untimed=15870 | wide: calls=550 total=3.155s encode=0.196s wait=2.729s drain=0.230s waits=550 untimed=0
[kernel-sub] materialize=0.072s moe=4.369s precommit=62.312s rest=1.116s
[metal-cache] calls=22160 zero_copy_wraps=233 copies=0 cache_entries=112 bindless=true
 unexpected
[stats] generated=191 elapsed=315.245s speed=0.6059 token/s (1.650 s/token) chunks=191 committed_rows=228 verify_tx=0 drafts=0/0 layer_passes=17763 expert_rows=20976 expert_tiles=18043
[opens] expert file opens=733881 total=10.884s mean=0.015ms requested_bytes=7057126849728 (7057.1 GB)
[arrival] tiles=753 waves=2036 uncovered_wait=26.081s dispatch=4.564s
[retain] enabled=false cap_gb=8 layers=63..=92 consults=0 wanted=0 hits=0 inserts=0 served=0.0MB
[summer] enabled=false cap_gb=8 sample=16 consults=0 wanted=0 hits=0 hit_rate=0.0% misses=0 inserts=0 evictions=0 recycled=0 allocs=0 pin_skips=0 gated=0 ramp=2..50 bar=0 suppressed=0 wide_skips=0 served=0.0MB copied=0.0MB ssd_avoided=0.0GB live=0/0.0GB model=0 protected=0 declined=0 topup_suppressed=0 aged=0 into=0/0/0 pending=0
[mirror-split] internal=0 K3C=0 K3B=0 K3A=0  shares=0%/0%/0%/0%
[phases] mono=393637.827262 chunks=191 sequence=315.016s read_wait=0.171s bind_upload=1.646s attention_resident=15.383s expert_read_prefetch=200.290s expert_demand_read=122.111s expert_plan=10.886s expert_hint=0.001s expert_submit=0.001s expert_kernel=94.344s source_fence=0.001s tail_head_sync=2.793s layer_other=0.329s expert_read_gross=189.403s plan_hint=10.647s plan_sched=0.235s attn_total=15.342s attn_encode=6.373s attn_wait=5.873s attn_drain=3.096s kernel_total=68.202s kernel_host=2.141s kernel_wait=3.473s kernel_drain=62.588s
[attn-split] single: calls=17670 total=13.226s encode=5.751s wait=4.379s drain=3.096s waits=30590 untimed=4385 | wide: calls=93 total=2.116s encode=0.622s wait=1.494s drain=0.000s waits=92 untimed=92 | hint: calls=17572 total=10.636s encode=0.047s wait=10.589s drain=0.000s waits=17290 untimed=17290
[kernel-split] single: calls=18776 total=65.047s encode=1.945s wait=0.744s drain=62.358s waits=20166 untimed=15958 | wide: calls=550 total=3.155s encode=0.196s wait=2.729s drain=0.230s waits=550 untimed=0
[kernel-sub] materialize=0.072s moe=4.376s precommit=62.632s rest=1.121s
[metal-cache] calls=22259 zero_copy_wraps=233 copies=0 cache_entries=112 bindless=true
 complication
[stats] generated=192 elapsed=316.725s speed=0.6062 token/s (1.650 s/token) chunks=192 committed_rows=229 verify_tx=0 drafts=0/0 layer_passes=17856 expert_rows=21068 expert_tiles=18135
[opens] expert file opens=737692 total=10.938s mean=0.015ms requested_bytes=7090571967680 (7090.6 GB)
[arrival] tiles=754 waves=2044 uncovered_wait=26.092s dispatch=4.571s
[retain] enabled=false cap_gb=8 layers=63..=92 consults=0 wanted=0 hits=0 inserts=0 served=0.0MB
[summer] enabled=false cap_gb=8 sample=16 consults=0 wanted=0 hits=0 hit_rate=0.0% misses=0 inserts=0 evictions=0 recycled=0 allocs=0 pin_skips=0 gated=0 ramp=2..50 bar=0 suppressed=0 wide_skips=0 served=0.0MB copied=0.0MB ssd_avoided=0.0GB live=0/0.0GB model=0 protected=0 declined=0 topup_suppressed=0 aged=0 into=0/0/0 pending=0
[mirror-split] internal=0 K3C=0 K3B=0 K3A=0  shares=0%/0%/0%/0%
[phases] mono=393639.306375 chunks=192 sequence=316.484s read_wait=0.171s bind_upload=1.646s attention_resident=15.446s expert_read_prefetch=201.320s expert_demand_read=122.718s expert_plan=10.938s expert_hint=0.001s expert_submit=0.001s expert_kernel=94.703s source_fence=0.001s tail_head_sync=2.806s layer_other=0.331s expert_read_gross=190.380s plan_hint=10.698s plan_sched=0.236s attn_total=15.406s attn_encode=6.400s attn_wait=5.898s attn_drain=3.108s kernel_total=68.550s kernel_host=2.152s kernel_wait=3.477s kernel_drain=62.922s
[attn-split] single: calls=17763 total=13.290s encode=5.778s wait=4.404s drain=3.108s waits=30751 untimed=4405 | wide: calls=93 total=2.116s encode=0.622s wait=1.494s drain=0.000s waits=92 untimed=92 | hint: calls=17664 total=10.687s encode=0.048s wait=10.639s drain=0.000s waits=17381 untimed=17381
[kernel-split] single: calls=18875 total=65.395s encode=1.956s wait=0.747s drain=62.692s waits=20273 untimed=16044 | wide: calls=550 total=3.155s encode=0.196s wait=2.729s drain=0.230s waits=550 untimed=0
[kernel-sub] materialize=0.072s moe=4.383s precommit=62.968s rest=1.127s
[metal-cache] calls=22358 zero_copy_wraps=233 copies=0 cache_entries=112 bindless=true
 arises
[stats] generated=193 elapsed=318.257s speed=0.6064 token/s (1.649 s/token) chunks=193 committed_rows=230 verify_tx=0 drafts=0/0 layer_passes=17949 expert_rows=21160 expert_tiles=18227
[opens] expert file opens=741530 total=10.992s mean=0.015ms requested_bytes=7124245200064 (7124.2 GB)
[arrival] tiles=755 waves=2049 uncovered_wait=26.100s dispatch=4.577s
[retain] enabled=false cap_gb=8 layers=63..=92 consults=0 wanted=0 hits=0 inserts=0 served=0.0MB
[summer] enabled=false cap_gb=8 sample=16 consults=0 wanted=0 hits=0 hit_rate=0.0% misses=0 inserts=0 evictions=0 recycled=0 allocs=0 pin_skips=0 gated=0 ramp=2..50 bar=0 suppressed=0 wide_skips=0 served=0.0MB copied=0.0MB ssd_avoided=0.0GB live=0/0.0GB model=0 protected=0 declined=0 topup_suppressed=0 aged=0 into=0/0/0 pending=0
[mirror-split] internal=0 K3C=0 K3B=0 K3A=0  shares=0%/0%/0%/0%
[phases] mono=393640.838218 chunks=193 sequence=318.015s read_wait=0.171s bind_upload=1.646s attention_resident=15.515s expert_read_prefetch=202.405s expert_demand_read=123.362s expert_plan=11.003s expert_hint=0.001s expert_submit=0.001s expert_kernel=95.065s source_fence=0.001s tail_head_sync=2.819s layer_other=0.332s expert_read_gross=191.401s plan_hint=10.762s plan_sched=0.237s attn_total=15.474s attn_encode=6.430s attn_wait=5.917s attn_drain=3.127s kernel_total=68.904s kernel_host=2.162s kernel_wait=3.481s kernel_drain=63.261s
[attn-split] single: calls=17856 total=13.358s encode=5.808s wait=4.423s drain=3.127s waits=30912 untimed=4422 | wide: calls=93 total=2.116s encode=0.622s wait=1.494s drain=0.000s waits=92 untimed=92 | hint: calls=17756 total=10.751s encode=0.048s wait=10.703s drain=0.000s waits=17472 untimed=17472
[kernel-split] single: calls=18971 total=65.749s encode=1.966s wait=0.752s drain=63.031s waits=20374 untimed=16119 | wide: calls=550 total=3.155s encode=0.196s wait=2.729s drain=0.230s waits=550 untimed=0
[kernel-sub] materialize=0.072s moe=4.390s precommit=63.309s rest=1.133s
[metal-cache] calls=22454 zero_copy_wraps=233 copies=0 cache_entries=112 bindless=true
:
[stats] generated=194 elapsed=319.771s speed=0.6067 token/s (1.648 s/token) chunks=194 committed_rows=231 verify_tx=0 drafts=0/0 layer_passes=18042 expert_rows=21252 expert_tiles=18319
[opens] expert file opens=745427 total=11.052s mean=0.015ms requested_bytes=7158383492288 (7158.4 GB)
[arrival] tiles=756 waves=2057 uncovered_wait=26.113s dispatch=4.585s
[retain] enabled=false cap_gb=8 layers=63..=92 consults=0 wanted=0 hits=0 inserts=0 served=0.0MB
[summer] enabled=false cap_gb=8 sample=16 consults=0 wanted=0 hits=0 hit_rate=0.0% misses=0 inserts=0 evictions=0 recycled=0 allocs=0 pin_skips=0 gated=0 ramp=2..50 bar=0 suppressed=0 wide_skips=0 served=0.0MB copied=0.0MB ssd_avoided=0.0GB live=0/0.0GB model=0 protected=0 declined=0 topup_suppressed=0 aged=0 into=0/0/0 pending=0
[mirror-split] internal=0 K3C=0 K3B=0 K3A=0  shares=0%/0%/0%/0%
[phases] mono=393642.352287 chunks=194 sequence=319.527s read_wait=0.171s bind_upload=1.646s attention_resident=15.606s expert_read_prefetch=203.453s expert_demand_read=124.013s expert_plan=11.051s expert_hint=0.001s expert_submit=0.001s expert_kernel=95.424s source_fence=0.001s tail_head_sync=2.833s layer_other=0.334s expert_read_gross=192.401s plan_hint=10.808s plan_sched=0.238s attn_total=15.565s attn_encode=6.475s attn_wait=5.943s attn_drain=3.147s kernel_total=69.250s kernel_host=2.173s kernel_wait=3.485s kernel_drain=63.592s
[attn-split] single: calls=17949 total=13.449s encode=5.853s wait=4.448s drain=3.147s waits=31073 untimed=4442 | wide: calls=93 total=2.116s encode=0.622s wait=1.494s drain=0.000s waits=92 untimed=92 | hint: calls=17848 total=10.797s encode=0.048s wait=10.749s drain=0.000s waits=17563 untimed=17563
[kernel-split] single: calls=19070 total=66.095s encode=1.977s wait=0.756s drain=63.362s waits=20481 untimed=16201 | wide: calls=550 total=3.155s encode=0.196s wait=2.729s drain=0.230s waits=550 untimed=0
[kernel-sub] materialize=0.072s moe=4.398s precommit=63.641s rest=1.139s
[metal-cache] calls=22553 zero_copy_wraps=233 copies=0 cache_entries=112 bindless=true
 Inter
[stats] generated=195 elapsed=321.290s speed=0.6069 token/s (1.648 s/token) chunks=195 committed_rows=232 verify_tx=0 drafts=0/0 layer_passes=18135 expert_rows=21344 expert_tiles=18411
[opens] expert file opens=749265 total=11.117s mean=0.015ms requested_bytes=7192039210176 (7192.0 GB)
[arrival] tiles=757 waves=2064 uncovered_wait=26.122s dispatch=4.593s
[retain] enabled=false cap_gb=8 layers=63..=92 consults=0 wanted=0 hits=0 inserts=0 served=0.0MB
[summer] enabled=false cap_gb=8 sample=16 consults=0 wanted=0 hits=0 hit_rate=0.0% misses=0 inserts=0 evictions=0 recycled=0 allocs=0 pin_skips=0 gated=0 ramp=2..50 bar=0 suppressed=0 wide_skips=0 served=0.0MB copied=0.0MB ssd_avoided=0.0GB live=0/0.0GB model=0 protected=0 declined=0 topup_suppressed=0 aged=0 into=0/0/0 pending=0
[mirror-split] internal=0 K3C=0 K3B=0 K3A=0  shares=0%/0%/0%/0%
[phases] mono=393643.871506 chunks=195 sequence=321.046s read_wait=0.171s bind_upload=1.646s attention_resident=15.683s expert_read_prefetch=204.525s expert_demand_read=124.699s expert_plan=11.099s expert_hint=0.001s expert_submit=0.001s expert_kernel=95.778s source_fence=0.001s tail_head_sync=2.846s layer_other=0.336s expert_read_gross=193.425s plan_hint=10.855s plan_sched=0.240s attn_total=15.642s attn_encode=6.511s attn_wait=5.966s attn_drain=3.165s kernel_total=69.594s kernel_host=2.187s kernel_wait=3.489s kernel_drain=63.917s
[attn-split] single: calls=18042 total=13.526s encode=5.889s wait=4.472s drain=3.165s waits=31234 untimed=4455 | wide: calls=93 total=2.116s encode=0.622s wait=1.494s drain=0.000s waits=92 untimed=92 | hint: calls=17940 total=10.844s encode=0.048s wait=10.796s drain=0.000s waits=17654 untimed=17654
[kernel-split] single: calls=19168 total=66.439s encode=1.991s wait=0.760s drain=63.687s waits=20586 untimed=16274 | wide: calls=550 total=3.155s encode=0.196s wait=2.729s drain=0.230s waits=550 untimed=0
[kernel-sub] materialize=0.072s moe=4.405s precommit=63.970s rest=1.147s
[metal-cache] calls=22651 zero_copy_wraps=233 copies=0 cache_entries=112 bindless=true
pol
[stats] generated=196 elapsed=322.806s speed=0.6072 token/s (1.647 s/token) chunks=196 committed_rows=233 verify_tx=0 drafts=0/0 layer_passes=18228 expert_rows=21436 expert_tiles=18503
[opens] expert file opens=753164 total=11.193s mean=0.015ms requested_bytes=7226195049664 (7226.2 GB)
[arrival] tiles=758 waves=2072 uncovered_wait=26.137s dispatch=4.601s
[retain] enabled=false cap_gb=8 layers=63..=92 consults=0 wanted=0 hits=0 inserts=0 served=0.0MB
[summer] enabled=false cap_gb=8 sample=16 consults=0 wanted=0 hits=0 hit_rate=0.0% misses=0 inserts=0 evictions=0 recycled=0 allocs=0 pin_skips=0 gated=0 ramp=2..50 bar=0 suppressed=0 wide_skips=0 served=0.0MB copied=0.0MB ssd_avoided=0.0GB live=0/0.0GB model=0 protected=0 declined=0 topup_suppressed=0 aged=0 into=0/0/0 pending=0
[mirror-split] internal=0 K3C=0 K3B=0 K3A=0  shares=0%/0%/0%/0%
[phases] mono=393645.387777 chunks=196 sequence=322.561s read_wait=0.171s bind_upload=1.646s attention_resident=15.757s expert_read_prefetch=205.575s expert_demand_read=125.283s expert_plan=11.151s expert_hint=0.001s expert_submit=0.001s expert_kernel=96.153s source_fence=0.001s tail_head_sync=2.860s layer_other=0.337s expert_read_gross=194.423s plan_hint=10.905s plan_sched=0.241s attn_total=15.716s attn_encode=6.542s attn_wait=5.987s attn_drain=3.186s kernel_total=69.953s kernel_host=2.201s kernel_wait=3.494s kernel_drain=64.258s
[attn-split] single: calls=18135 total=13.599s encode=5.920s wait=4.493s drain=3.186s waits=31395 untimed=4472 | wide: calls=93 total=2.116s encode=0.622s wait=1.494s drain=0.000s waits=92 untimed=92 | hint: calls=18032 total=10.894s encode=0.049s wait=10.845s drain=0.000s waits=17745 untimed=17745
[kernel-split] single: calls=19267 total=66.798s encode=2.005s wait=0.765s drain=64.029s waits=20693 untimed=16350 | wide: calls=550 total=3.155s encode=0.196s wait=2.729s drain=0.230s waits=550 untimed=0
[kernel-sub] materialize=0.072s moe=4.413s precommit=64.313s rest=1.155s
[metal-cache] calls=22750 zero_copy_wraps=233 copies=0 cache_entries=112 bindless=true
 agent
[stats] generated=197 elapsed=324.255s speed=0.6075 token/s (1.646 s/token) chunks=197 committed_rows=234 verify_tx=0 drafts=0/0 layer_passes=18321 expert_rows=21528 expert_tiles=18595
[opens] expert file opens=756999 total=11.257s mean=0.015ms requested_bytes=7259841985728 (7259.8 GB)
[arrival] tiles=759 waves=2080 uncovered_wait=26.151s dispatch=4.608s
[retain] enabled=false cap_gb=8 layers=63..=92 consults=0 wanted=0 hits=0 inserts=0 served=0.0MB
[summer] enabled=false cap_gb=8 sample=16 consults=0 wanted=0 hits=0 hit_rate=0.0% misses=0 inserts=0 evictions=0 recycled=0 allocs=0 pin_skips=0 gated=0 ramp=2..50 bar=0 suppressed=0 wide_skips=0 served=0.0MB copied=0.0MB ssd_avoided=0.0GB live=0/0.0GB model=0 protected=0 declined=0 topup_suppressed=0 aged=0 into=0/0/0 pending=0
[mirror-split] internal=0 K3C=0 K3B=0 K3A=0  shares=0%/0%/0%/0%
[phases] mono=393646.836577 chunks=197 sequence=324.009s read_wait=0.171s bind_upload=1.646s attention_resident=15.818s expert_read_prefetch=206.605s expert_demand_read=125.938s expert_plan=11.200s expert_hint=0.001s expert_submit=0.001s expert_kernel=96.495s source_fence=0.001s tail_head_sync=2.873s layer_other=0.339s expert_read_gross=195.404s plan_hint=10.953s plan_sched=0.242s attn_total=15.776s attn_encode=6.570s attn_wait=6.011s attn_drain=3.196s kernel_total=70.281s kernel_host=2.214s kernel_wait=3.497s kernel_drain=64.569s
[attn-split] single: calls=18228 total=13.660s encode=5.948s wait=4.517s drain=3.196s waits=31556 untimed=4495 | wide: calls=93 total=2.116s encode=0.622s wait=1.494s drain=0.000s waits=92 untimed=92 | hint: calls=18124 total=10.942s encode=0.049s wait=10.893s drain=0.000s waits=17836 untimed=17836
[kernel-split] single: calls=19366 total=67.126s encode=2.018s wait=0.768s drain=64.339s waits=20800 untimed=16427 | wide: calls=550 total=3.155s encode=0.196s wait=2.729s drain=0.230s waits=550 untimed=0
[kernel-sub] materialize=0.072s moe=4.420s precommit=64.626s rest=1.162s
[metal-cache] calls=22849 zero_copy_wraps=233 copies=0 cache_entries=112 bindless=true
 Marcus
[stats] generated=198 elapsed=325.717s speed=0.6079 token/s (1.645 s/token) chunks=198 committed_rows=235 verify_tx=0 drafts=0/0 layer_passes=18414 expert_rows=21620 expert_tiles=18687
[opens] expert file opens=760795 total=11.316s mean=0.015ms requested_bytes=7293120462016 (7293.1 GB)
[arrival] tiles=760 waves=2085 uncovered_wait=26.160s dispatch=4.614s
[retain] enabled=false cap_gb=8 layers=63..=92 consults=0 wanted=0 hits=0 inserts=0 served=0.0MB
[summer] enabled=false cap_gb=8 sample=16 consults=0 wanted=0 hits=0 hit_rate=0.0% misses=0 inserts=0 evictions=0 recycled=0 allocs=0 pin_skips=0 gated=0 ramp=2..50 bar=0 suppressed=0 wide_skips=0 served=0.0MB copied=0.0MB ssd_avoided=0.0GB live=0/0.0GB model=0 protected=0 declined=0 topup_suppressed=0 aged=0 into=0/0/0 pending=0
[mirror-split] internal=0 K3C=0 K3B=0 K3A=0  shares=0%/0%/0%/0%
[phases] mono=393648.299007 chunks=198 sequence=325.470s read_wait=0.171s bind_upload=1.646s attention_resident=15.896s expert_read_prefetch=207.631s expert_demand_read=126.519s expert_plan=11.255s expert_hint=0.001s expert_submit=0.001s expert_kernel=96.837s source_fence=0.001s tail_head_sync=2.887s layer_other=0.341s expert_read_gross=196.375s plan_hint=11.007s plan_sched=0.243s attn_total=15.854s attn_encode=6.611s attn_wait=6.034s attn_drain=3.209s kernel_total=70.613s kernel_host=2.226s kernel_wait=3.501s kernel_drain=64.886s
[attn-split] single: calls=18321 total=13.738s encode=5.989s wait=4.540s drain=3.209s waits=31717 untimed=4517 | wide: calls=93 total=2.116s encode=0.622s wait=1.494s drain=0.000s waits=92 untimed=92 | hint: calls=18216 total=10.995s encode=0.050s wait=10.946s drain=0.000s waits=17927 untimed=17927
[kernel-split] single: calls=19462 total=67.458s encode=2.030s wait=0.772s drain=64.656s waits=20901 untimed=16504 | wide: calls=550 total=3.155s encode=0.196s wait=2.729s drain=0.230s waits=550 untimed=0
[kernel-sub] materialize=0.072s moe=4.426s precommit=64.945s rest=1.169s
[metal-cache] calls=22945 zero_copy_wraps=233 copies=0 cache_entries=112 bindless=true
 Chen
[stats] generated=199 elapsed=327.198s speed=0.6082 token/s (1.644 s/token) chunks=199 committed_rows=236 verify_tx=0 drafts=0/0 layer_passes=18507 expert_rows=21712 expert_tiles=18779
[opens] expert file opens=764577 total=11.383s mean=0.015ms requested_bytes=7326267309248 (7326.3 GB)
[arrival] tiles=761 waves=2092 uncovered_wait=26.173s dispatch=4.622s
[retain] enabled=false cap_gb=8 layers=63..=92 consults=0 wanted=0 hits=0 inserts=0 served=0.0MB
[summer] enabled=false cap_gb=8 sample=16 consults=0 wanted=0 hits=0 hit_rate=0.0% misses=0 inserts=0 evictions=0 recycled=0 allocs=0 pin_skips=0 gated=0 ramp=2..50 bar=0 suppressed=0 wide_skips=0 served=0.0MB copied=0.0MB ssd_avoided=0.0GB live=0/0.0GB model=0 protected=0 declined=0 topup_suppressed=0 aged=0 into=0/0/0 pending=0
[mirror-split] internal=0 K3C=0 K3B=0 K3A=0  shares=0%/0%/0%/0%
[phases] mono=393649.779826 chunks=199 sequence=326.950s read_wait=0.171s bind_upload=1.646s attention_resident=15.969s expert_read_prefetch=208.647s expert_demand_read=127.167s expert_plan=11.305s expert_hint=0.001s expert_submit=0.001s expert_kernel=97.210s source_fence=0.001s tail_head_sync=2.902s layer_other=0.343s expert_read_gross=197.341s plan_hint=11.056s plan_sched=0.245s attn_total=15.927s attn_encode=6.644s attn_wait=6.056s attn_drain=3.227s kernel_total=70.973s kernel_host=2.240s kernel_wait=3.506s kernel_drain=65.228s
[attn-split] single: calls=18414 total=13.811s encode=6.022s wait=4.562s drain=3.227s waits=31878 untimed=4535 | wide: calls=93 total=2.116s encode=0.622s wait=1.494s drain=0.000s waits=92 untimed=92 | hint: calls=18308 total=11.044s encode=0.050s wait=10.995s drain=0.000s waits=18018 untimed=18018
[kernel-split] single: calls=19560 total=67.818s encode=2.044s wait=0.777s drain=64.998s waits=21006 untimed=16577 | wide: calls=550 total=3.155s encode=0.196s wait=2.729s drain=0.230s waits=550 untimed=0
[kernel-sub] materialize=0.072s moe=4.434s precommit=65.289s rest=1.178s
[metal-cache] calls=23043 zero_copy_wraps=233 copies=0 cache_entries=112 bindless=true
[route-chain] chained=13110
[route-chain] dedup_hits=13110
,
[stats] generated=200 elapsed=328.731s speed=0.6084 token/s (1.644 s/token) chunks=200 committed_rows=237 verify_tx=0 drafts=0/0 layer_passes=18600 expert_rows=21804 expert_tiles=18871
[opens] expert file opens=768359 total=11.449s mean=0.015ms requested_bytes=7359414156480 (7359.4 GB)
[arrival] tiles=762 waves=2099 uncovered_wait=26.187s dispatch=4.628s
[retain] enabled=false cap_gb=8 layers=63..=92 consults=0 wanted=0 hits=0 inserts=0 served=0.0MB
[summer] enabled=false cap_gb=8 sample=16 consults=0 wanted=0 hits=0 hit_rate=0.0% misses=0 inserts=0 evictions=0 recycled=0 allocs=0 pin_skips=0 gated=0 ramp=2..50 bar=0 suppressed=0 wide_skips=0 served=0.0MB copied=0.0MB ssd_avoided=0.0GB live=0/0.0GB model=0 protected=0 declined=0 topup_suppressed=0 aged=0 into=0/0/0 pending=0
[mirror-split] internal=0 K3C=0 K3B=0 K3A=0  shares=0%/0%/0%/0%
[phases] mono=393651.313077 chunks=200 sequence=328.482s read_wait=0.171s bind_upload=1.646s attention_resident=16.036s expert_read_prefetch=209.741s expert_demand_read=127.829s expert_plan=11.357s expert_hint=0.001s expert_submit=0.001s expert_kernel=97.565s source_fence=0.001s tail_head_sync=2.917s layer_other=0.344s expert_read_gross=198.383s plan_hint=11.106s plan_sched=0.246s attn_total=15.993s attn_encode=6.673s attn_wait=6.075s attn_drain=3.245s kernel_total=71.314s kernel_host=2.254s kernel_wait=3.509s kernel_drain=65.551s
[attn-split] single: calls=18507 total=13.877s encode=6.051s wait=4.581s drain=3.245s waits=32039 untimed=4554 | wide: calls=93 total=2.116s encode=0.622s wait=1.494s drain=0.000s waits=92 untimed=92 | hint: calls=18400 total=11.095s encode=0.050s wait=11.044s drain=0.000s waits=18109 untimed=18109
[kernel-split] single: calls=19658 total=68.159s encode=2.058s wait=0.780s drain=65.321s waits=21111 untimed=16655 | wide: calls=550 total=3.155s encode=0.196s wait=2.729s drain=0.230s waits=550 untimed=0
[kernel-sub] materialize=0.072s moe=4.440s precommit=65.615s rest=1.187s
[metal-cache] calls=23141 zero_copy_wraps=233 copies=0 cache_entries=112 bindless=true

WALL_SECONDS=336
