ARM G6_ON START 13:51:23 overrides: K3_QWEN_ALLOW_CHAT=1 K3_CHAT_THINKING=0 tokens=200 chat=1 pressure_gb=60 prompt=[Summarise the plot of a heist story you invent, in three paragraphs.]
[config] resolved: surface=DirectRun device=Auto spine=Auto spine_read_threads=auto spine_fd_cache=auto spine_stream_nocache=auto expert_stream_nocache=auto spine_resident_bytes=16000000000 provider_resident_layers=93 expert_read_threads=64 expert_prefetch_threads=12 expert_backend=Auto expert_scale4=Auto expert_pin_bytes=0 expert_heat=true expert_overlays=[hot=/Volumes/Green/serve-b-green:18017files dir_b=/Volumes/White/k3-experts-b:36018files dir_c=/Volumes/Yellow/serve3-green:15287files] pilot_gate=Off pilot_gate_threshold=0.1 pilot_gate_warmup=16 quality=QualityPolicy { target_authority: FullK3, routed_experts: 16, activation_precision: Fp32, resident_weights: QuantizedInt8 } dspark=Off dspark_max_context=8192 dspark_min_auto_speedup=0.03 dspark_miss_tolerance=1 dspark_max_drafts=7 qwen=On reasoning_effort=default router_trace_mode=Off router_trace_path=none chat=true stats=true layer_profile=false max_new=200
[residency] residency set created
[residency] queue attached (1 queues)
[native] exact scale4-v2 expert storage unavailable (inspect scale4 manifest $K3_DIR/deltafin-root-local/k3-experts-scale4/scale4-manifest.json: No such file or directory (os error 2)); using raw-v1
[native] expert hot tier enabled: /Volumes/Green/serve-b-green (probed before $K3_DIR/deltafin-root-local/k3-experts)
[native] expert volume B enabled: /Volumes/White/k3-experts-b (probed after hot, before $K3_DIR/deltafin-root-local/k3-experts)
[native] expert volume C enabled: /Volumes/Yellow/serve3-green (probed before hot and $K3_DIR/deltafin-root-local/k3-experts)
[native] host=macos/aarch64 device=mps experts=metal/raw-v1 root=$K3_DIR/deltafin-root-local spine=loose-deferred representation=quantized-int8 (non-weight-exact) layers=93 globals=2 resident=93/93 (50.74 GiB) transient=0.00 GiB readers=spine:4t/expert:64t/prefetch:12t spine-fdcache=0/0fd cpu-expert:4t router-trace=false lazy-missing=0 LibTorch=2.13.0
[native] optional Qwen: state=qwen3-0.6b model+KV-reserve=4.91 GiB verify-reserve=0.00 GiB/9 positions admitted-context=4389 tokens startup-error=none
[native] context cache: initial=16 tokens/45.00 MiB, growth=2.81 MiB per capacity token, startup reserve=256 tokens/832.03 MiB, exact-expanded cap=4369 / model contract=1048576 tokens (live peak admission required beyond reserve)
[native] verify snapshots: 452.81 MiB per candidate boundary, width 1..=64 (fresh peak admission; otherwise ordinary exact decode)
[native] native target structure ready (all 16 routed experts; physical real-weight sequence parity not yet recorded for this backend/representation)
[native] expert arena: slots=1 prefetch_slots=128
[native] probe-order: dir_c_first
[native] mirror-cost: rated
[native] mirror: enabled=false mode=0 internal_cost_us=1502 enclosure_cost_us=948 bias=internal:1.00,K3C:1.00,K3B:1.00,K3A:1.00 outstanding=0/0/0/0
[native] retain: enabled=false cap_gb=8 layers=63..=92
[native] summer: enabled=false cap_gb=8 policy=lfru sample=16
[native] expert heat: weight=11836 passes recording=true; pin tier: candidates=0 charged=0.00 GiB
[spine-fp32] execution arena DISABLED (K3_SPINE_FP32_ARENA=0)
[residency] queue attached (2 queues)
[residency] 1 allocations, 1.09 GiB pinned
[residency] 2 allocations, 1.10 GiB pinned
[residency] 4 allocations, 1.70 GiB pinned
[residency] 8 allocations, 3.89 GiB pinned
[residency] 16 allocations, 8.27 GiB pinned
[residency] 32 allocations, 17.04 GiB pinned
[residency] 64 allocations, 33.58 GiB pinned
In
[stats] generated=1 elapsed=33.026s speed=0.0303 token/s (33.026 s/token) chunks=1 committed_rows=38 verify_tx=0 drafts=0/0 layer_passes=93 expert_rows=3496 expert_tiles=565
[opens] expert file opens=393 total=0.014s mean=0.036ms requested_bytes=624560749760 (624.6 GB)
[arrival] tiles=565 waves=653 uncovered_wait=23.898s dispatch=4.535s
[retain] enabled=false cap_gb=8 layers=63..=92 consults=0 wanted=0 hits=0 inserts=0 served=0.0MB
[summer] enabled=false cap_gb=8 sample=16 consults=0 wanted=0 hits=0 hit_rate=0.0% misses=0 inserts=0 evictions=0 recycled=0 allocs=0 pin_skips=0 gated=0 ramp=2..50 bar=0 suppressed=0 wide_skips=0 served=0.0MB copied=0.0MB ssd_avoided=0.0GB live=0/0.0GB model=0 protected=0 declined=0 topup_suppressed=0 aged=0 into=0/0/0 pending=0
[mirror-split] internal=0 K3C=0 K3B=0 K3A=0  shares=0%/0%/0%/0%
[phases] mono=358078.032527 chunks=1 sequence=33.023s read_wait=0.171s bind_upload=1.606s attention_resident=2.375s expert_read_prefetch=0.355s expert_demand_read=0.000s expert_plan=0.000s expert_hint=0.000s expert_submit=0.000s expert_kernel=28.436s source_fence=0.000s tail_head_sync=0.015s layer_other=0.032s expert_read_gross=0.354s plan_hint=0.000s plan_sched=0.000s attn_total=2.375s attn_encode=0.601s attn_wait=1.774s attn_drain=0.000s kernel_total=4.532s kernel_host=0.237s kernel_wait=3.941s kernel_drain=0.354s
[attn-split] single: calls=0 total=0.000s encode=0.000s wait=0.000s drain=0.000s waits=0 untimed=0 | wide: calls=93 total=2.375s encode=0.601s wait=1.774s drain=0.000s waits=92 untimed=92 | hint: calls=92 total=0.000s encode=0.000s wait=0.000s drain=0.000s waits=0 untimed=0
[kernel-split] single: calls=102 total=0.092s encode=0.018s wait=0.032s drain=0.043s waits=102 untimed=0 | wide: calls=551 total=4.439s encode=0.219s wait=3.909s drain=0.311s waits=551 untimed=0
[kernel-sub] materialize=0.080s moe=4.337s precommit=0.000s rest=0.114s
[metal-cache] calls=3584 zero_copy_wraps=185 copies=0 cache_entries=64 bindless=true
 the glitter
[stats] generated=3 elapsed=36.002s speed=0.0833 token/s (12.001 s/token) chunks=2 committed_rows=40 verify_tx=1 drafts=1/2 layer_passes=186 expert_rows=3772 expert_tiles=657
[verify-width] w1=0 w2=1 w3=0 w4=0 w5=0 w6=0 w7=0 w8+=0              (w1 share 0.0% of 1 transactions)
[opens] expert file opens=6904 total=0.102s mean=0.015ms requested_bytes=690792987840 (690.8 GB)
[arrival] tiles=587 waves=695 uncovered_wait=24.097s dispatch=4.644s
[retain] enabled=false cap_gb=8 layers=63..=92 consults=0 wanted=0 hits=0 inserts=0 served=0.0MB
[summer] enabled=false cap_gb=8 sample=16 consults=0 wanted=0 hits=0 hit_rate=0.0% misses=0 inserts=0 evictions=0 recycled=0 allocs=0 pin_skips=0 gated=0 ramp=2..50 bar=0 suppressed=0 wide_skips=0 served=0.0MB copied=0.0MB ssd_avoided=0.0GB live=0/0.0GB model=0 protected=0 declined=0 topup_suppressed=0 aged=0 into=0/0/0 pending=0
[mirror-split] internal=0 K3C=0 K3B=0 K3A=0  shares=0%/0%/0%/0%
[phases] mono=358081.008636 chunks=2 sequence=35.956s read_wait=0.171s bind_upload=1.606s attention_resident=2.821s expert_read_prefetch=2.151s expert_demand_read=1.191s expert_plan=0.130s expert_hint=0.000s expert_submit=0.000s expert_kernel=29.104s source_fence=0.000s tail_head_sync=0.036s layer_other=0.034s expert_read_gross=2.021s plan_hint=0.071s plan_sched=0.059s attn_total=2.820s attn_encode=0.694s attn_wait=2.126s attn_drain=0.000s kernel_total=5.000s kernel_host=0.353s kernel_wait=4.236s kernel_drain=0.412s
[attn-split] single: calls=0 total=0.000s encode=0.000s wait=0.000s drain=0.000s waits=0 untimed=0 | wide: calls=186 total=2.820s encode=0.694s wait=2.126s drain=0.000s waits=184 untimed=184 | hint: calls=184 total=0.071s encode=0.000s wait=0.070s drain=0.000s waits=150 untimed=150
[kernel-split] single: calls=102 total=0.092s encode=0.018s wait=0.032s drain=0.043s waits=102 untimed=0 | wide: calls=663 total=4.908s encode=0.335s wait=4.204s drain=0.369s waits=663 untimed=0
[kernel-sub] materialize=0.145s moe=4.695s precommit=0.000s rest=0.160s
[metal-cache] calls=3920 zero_copy_wraps=265 copies=0 cache_entries=144 bindless=true
ing heart
[stats] generated=5 elapsed=38.985s speed=0.1283 token/s (7.797 s/token) chunks=3 committed_rows=42 verify_tx=2 drafts=2/4 layer_passes=279 expert_rows=4048 expert_tiles=749
[verify-width] w1=0 w2=2 w3=0 w4=0 w5=0 w6=0 w7=0 w8+=0              (w1 share 0.0% of 2 transactions)
[opens] expert file opens=13616 total=0.188s mean=0.014ms requested_bytes=755235470528 (755.2 GB)
[arrival] tiles=601 waves=721 uncovered_wait=24.235s dispatch=4.725s
[retain] enabled=false cap_gb=8 layers=63..=92 consults=0 wanted=0 hits=0 inserts=0 served=0.0MB
[summer] enabled=false cap_gb=8 sample=16 consults=0 wanted=0 hits=0 hit_rate=0.0% misses=0 inserts=0 evictions=0 recycled=0 allocs=0 pin_skips=0 gated=0 ramp=2..50 bar=0 suppressed=0 wide_skips=0 served=0.0MB copied=0.0MB ssd_avoided=0.0GB live=0/0.0GB model=0 protected=0 declined=0 topup_suppressed=0 aged=0 into=0/0/0 pending=0
[mirror-split] internal=0 K3C=0 K3B=0 K3A=0  shares=0%/0%/0%/0%
[phases] mono=358083.992007 chunks=3 sequence=38.847s read_wait=0.171s bind_upload=1.606s attention_resident=3.260s expert_read_prefetch=3.974s expert_demand_read=2.518s expert_plan=0.199s expert_hint=0.000s expert_submit=0.000s expert_kernel=29.712s source_fence=0.000s tail_head_sync=0.056s layer_other=0.035s expert_read_gross=3.775s plan_hint=0.138s plan_sched=0.061s attn_total=3.259s attn_encode=0.750s attn_wait=2.509s attn_drain=0.000s kernel_total=5.470s kernel_host=0.474s kernel_wait=4.522s kernel_drain=0.473s
[attn-split] single: calls=0 total=0.000s encode=0.000s wait=0.000s drain=0.000s waits=0 untimed=0 | wide: calls=279 total=3.259s encode=0.750s wait=2.509s drain=0.000s waits=276 untimed=276 | hint: calls=276 total=0.138s encode=0.001s wait=0.137s drain=0.000s waits=289 untimed=289
[kernel-split] single: calls=102 total=0.092s encode=0.018s wait=0.032s drain=0.043s waits=102 untimed=0 | wide: calls=767 total=5.377s encode=0.456s wait=4.490s drain=0.431s waits=767 untimed=0
[kernel-sub] materialize=0.203s moe=5.046s precommit=0.000s rest=0.220s
[metal-cache] calls=4232 zero_copy_wraps=265 copies=0 cache_entries=144 bindless=true
 of Monaco
[stats] generated=7 elapsed=41.835s speed=0.1673 token/s (5.976 s/token) chunks=4 committed_rows=44 verify_tx=3 drafts=3/6 layer_passes=372 expert_rows=4324 expert_tiles=841
[verify-width] w1=0 w2=3 w3=0 w4=0 w5=0 w6=0 w7=0 w8+=0              (w1 share 0.0% of 3 transactions)
[opens] expert file opens=20137 total=0.269s mean=0.013ms requested_bytes=818642566336 (818.6 GB)
[arrival] tiles=617 waves=751 uncovered_wait=24.407s dispatch=4.819s
[retain] enabled=false cap_gb=8 layers=63..=92 consults=0 wanted=0 hits=0 inserts=0 served=0.0MB
[summer] enabled=false cap_gb=8 sample=16 consults=0 wanted=0 hits=0 hit_rate=0.0% misses=0 inserts=0 evictions=0 recycled=0 allocs=0 pin_skips=0 gated=0 ramp=2..50 bar=0 suppressed=0 wide_skips=0 served=0.0MB copied=0.0MB ssd_avoided=0.0GB live=0/0.0GB model=0 protected=0 declined=0 topup_suppressed=0 aged=0 into=0/0/0 pending=0
[mirror-split] internal=0 K3C=0 K3B=0 K3A=0  shares=0%/0%/0%/0%
[phases] mono=358086.842172 chunks=4 sequence=41.654s read_wait=0.171s bind_upload=1.606s attention_resident=3.683s expert_read_prefetch=5.714s expert_demand_read=3.742s expert_plan=0.272s expert_hint=0.000s expert_submit=0.000s expert_kernel=30.339s source_fence=0.000s tail_head_sync=0.071s layer_other=0.037s expert_read_gross=5.442s plan_hint=0.209s plan_sched=0.063s attn_total=3.681s attn_encode=0.826s attn_wait=2.855s attn_drain=0.000s kernel_total=5.924s kernel_host=0.593s kernel_wait=4.794s kernel_drain=0.537s
[attn-split] single: calls=0 total=0.000s encode=0.000s wait=0.000s drain=0.000s waits=0 untimed=0 | wide: calls=372 total=3.681s encode=0.826s wait=2.855s drain=0.000s waits=368 untimed=368 | hint: calls=368 total=0.209s encode=0.001s wait=0.208s drain=0.000s waits=430 untimed=430
[kernel-split] single: calls=102 total=0.092s encode=0.018s wait=0.032s drain=0.043s waits=102 untimed=0 | wide: calls=873 total=5.832s encode=0.575s wait=4.763s drain=0.494s waits=873 untimed=0
[kernel-sub] materialize=0.262s moe=5.386s precommit=0.000s rest=0.276s
[metal-cache] calls=4550 zero_copy_wraps=265 copies=0 cache_entries=144 bindless=true
, master
[stats] generated=9 elapsed=44.781s speed=0.2010 token/s (4.976 s/token) chunks=5 committed_rows=46 verify_tx=4 drafts=4/8 layer_passes=465 expert_rows=4600 expert_tiles=933
[verify-width] w1=0 w2=4 w3=0 w4=0 w5=0 w6=0 w7=0 w8+=0              (w1 share 0.0% of 4 transactions)
[opens] expert file opens=26915 total=0.356s mean=0.013ms requested_bytes=882497174720 (882.5 GB)
[arrival] tiles=627 waves=769 uncovered_wait=24.553s dispatch=4.878s
[retain] enabled=false cap_gb=8 layers=63..=92 consults=0 wanted=0 hits=0 inserts=0 served=0.0MB
[summer] enabled=false cap_gb=8 sample=16 consults=0 wanted=0 hits=0 hit_rate=0.0% misses=0 inserts=0 evictions=0 recycled=0 allocs=0 pin_skips=0 gated=0 ramp=2..50 bar=0 suppressed=0 wide_skips=0 served=0.0MB copied=0.0MB ssd_avoided=0.0GB live=0/0.0GB model=0 protected=0 declined=0 topup_suppressed=0 aged=0 into=0/0/0 pending=0
[mirror-split] internal=0 K3C=0 K3B=0 K3A=0  shares=0%/0%/0%/0%
[phases] mono=358089.787448 chunks=5 sequence=44.549s read_wait=0.171s bind_upload=1.606s attention_resident=4.193s expert_read_prefetch=7.414s expert_demand_read=4.978s expert_plan=0.335s expert_hint=0.000s expert_submit=0.000s expert_kernel=31.006s source_fence=0.000s tail_head_sync=0.087s layer_other=0.039s expert_read_gross=7.079s plan_hint=0.271s plan_sched=0.064s attn_total=4.191s attn_encode=0.885s attn_wait=3.306s attn_drain=0.000s kernel_total=6.445s kernel_host=0.722s kernel_wait=5.139s kernel_drain=0.584s
[attn-split] single: calls=0 total=0.000s encode=0.000s wait=0.000s drain=0.000s waits=0 untimed=0 | wide: calls=465 total=4.191s encode=0.885s wait=3.306s drain=0.000s waits=460 untimed=460 | hint: calls=460 total=0.270s encode=0.002s wait=0.269s drain=0.000s waits=574 untimed=574
[kernel-split] single: calls=102 total=0.092s encode=0.018s wait=0.032s drain=0.043s waits=102 untimed=0 | wide: calls=973 total=6.353s encode=0.704s wait=5.108s drain=0.541s waits=973 untimed=0
[kernel-sub] materialize=0.333s moe=5.781s precommit=0.000s rest=0.331s
[metal-cache] calls=4850 zero_copy_wraps=265 copies=0 cache_entries=144 bindless=true
[qwen-roundtrip-skip] n=1 history_len=47: assistant prefix preservation
[residency] queue attached (3 queues)
[route-chain] chained=1
[route-chain] dedup_hits=1
 thief
[stats] generated=10 elapsed=46.304s speed=0.2160 token/s (4.630 s/token) chunks=6 committed_rows=47 verify_tx=4 drafts=4/8 layer_passes=558 expert_rows=4692 expert_tiles=1025
[verify-width] w1=0 w2=4 w3=0 w4=0 w5=0 w6=0 w7=0 w8+=0              (w1 share 0.0% of 4 transactions)
[opens] expert file opens=30738 total=0.406s mean=0.013ms requested_bytes=916021296320 (916.0 GB)
[arrival] tiles=628 waves=777 uncovered_wait=24.564s dispatch=4.883s
[retain] enabled=false cap_gb=8 layers=63..=92 consults=0 wanted=0 hits=0 inserts=0 served=0.0MB
[summer] enabled=false cap_gb=8 sample=16 consults=0 wanted=0 hits=0 hit_rate=0.0% misses=0 inserts=0 evictions=0 recycled=0 allocs=0 pin_skips=0 gated=0 ramp=2..50 bar=0 suppressed=0 wide_skips=0 served=0.0MB copied=0.0MB ssd_avoided=0.0GB live=0/0.0GB model=0 protected=0 declined=0 topup_suppressed=0 aged=0 into=0/0/0 pending=0
[mirror-split] internal=0 K3C=0 K3B=0 K3A=0  shares=0%/0%/0%/0%
[phases] mono=358091.311392 chunks=6 sequence=46.009s read_wait=0.171s bind_upload=1.606s attention_resident=4.407s expert_read_prefetch=8.423s expert_demand_read=5.570s expert_plan=0.396s expert_hint=0.000s expert_submit=0.000s expert_kernel=31.229s source_fence=0.000s tail_head_sync=0.099s layer_other=0.041s expert_read_gross=8.027s plan_hint=0.330s plan_sched=0.065s attn_total=4.405s attn_encode=0.938s attn_wait=3.437s attn_drain=0.031s kernel_total=6.656s kernel_host=0.733s kernel_wait=5.143s kernel_drain=0.781s
[attn-split] single: calls=93 total=0.214s encode=0.052s wait=0.131s drain=0.031s waits=161 untimed=66 | wide: calls=465 total=4.191s encode=0.885s wait=3.306s drain=0.000s waits=460 untimed=460 | hint: calls=552 total=0.330s encode=0.002s wait=0.328s drain=0.000s waits=665 untimed=665
[kernel-split] single: calls=201 total=0.304s encode=0.029s wait=0.035s drain=0.240s waits=209 untimed=67 | wide: calls=973 total=6.353s encode=0.704s wait=5.108s drain=0.541s waits=973 untimed=0
[kernel-sub] materialize=0.333s moe=5.786s precommit=0.202s rest=0.335s
[metal-cache] calls=4949 zero_copy_wraps=265 copies=0 cache_entries=144 bindless=true
 Elena
[stats] generated=11 elapsed=47.762s speed=0.2303 token/s (4.342 s/token) chunks=7 committed_rows=48 verify_tx=4 drafts=4/8 layer_passes=651 expert_rows=4784 expert_tiles=1117
[verify-width] w1=0 w2=4 w3=0 w4=0 w5=0 w6=0 w7=0 w8+=0              (w1 share 0.0% of 4 transactions)
[opens] expert file opens=34525 total=0.456s mean=0.013ms requested_bytes=949273410752 (949.3 GB)
[arrival] tiles=629 waves=782 uncovered_wait=24.572s dispatch=4.892s
[retain] enabled=false cap_gb=8 layers=63..=92 consults=0 wanted=0 hits=0 inserts=0 served=0.0MB
[summer] enabled=false cap_gb=8 sample=16 consults=0 wanted=0 hits=0 hit_rate=0.0% misses=0 inserts=0 evictions=0 recycled=0 allocs=0 pin_skips=0 gated=0 ramp=2..50 bar=0 suppressed=0 wide_skips=0 served=0.0MB copied=0.0MB ssd_avoided=0.0GB live=0/0.0GB model=0 protected=0 declined=0 topup_suppressed=0 aged=0 into=0/0/0 pending=0
[mirror-split] internal=0 K3C=0 K3B=0 K3A=0  shares=0%/0%/0%/0%
[phases] mono=358092.768841 chunks=7 sequence=47.466s read_wait=0.171s bind_upload=1.606s attention_resident=4.480s expert_read_prefetch=9.432s expert_demand_read=6.214s expert_plan=0.468s expert_hint=0.000s expert_submit=0.000s expert_kernel=31.584s source_fence=0.000s tail_head_sync=0.116s layer_other=0.042s expert_read_gross=8.964s plan_hint=0.401s plan_sched=0.066s attn_total=4.479s attn_encode=0.964s attn_wait=3.465s attn_drain=0.050s kernel_total=7.004s kernel_host=0.743s kernel_wait=5.147s kernel_drain=1.114s
[attn-split] single: calls=186 total=0.288s encode=0.079s wait=0.159s drain=0.050s waits=322 untimed=94 | wide: calls=465 total=4.191s encode=0.885s wait=3.306s drain=0.000s waits=460 untimed=460 | hint: calls=644 total=0.401s encode=0.002s wait=0.398s drain=0.000s waits=756 untimed=756
[kernel-split] single: calls=297 total=0.652s encode=0.039s wait=0.039s drain=0.574s waits=310 untimed=150 | wide: calls=973 total=6.353s encode=0.704s wait=5.108s drain=0.541s waits=973 untimed=0
[kernel-sub] materialize=0.333s moe=5.794s precommit=0.538s rest=0.339s
[metal-cache] calls=5045 zero_copy_wraps=265 copies=0 cache_entries=144 bindless=true
 V
[stats] generated=12 elapsed=49.223s speed=0.2438 token/s (4.102 s/token) chunks=8 committed_rows=49 verify_tx=4 drafts=4/8 layer_passes=744 expert_rows=4876 expert_tiles=1209
[verify-width] w1=0 w2=4 w3=0 w4=0 w5=0 w6=0 w7=0 w8+=0              (w1 share 0.0% of 4 transactions)
[opens] expert file opens=38267 total=0.506s mean=0.013ms requested_bytes=982130687168 (982.1 GB)
[arrival] tiles=630 waves=788 uncovered_wait=24.580s dispatch=4.899s
[retain] enabled=false cap_gb=8 layers=63..=92 consults=0 wanted=0 hits=0 inserts=0 served=0.0MB
[summer] enabled=false cap_gb=8 sample=16 consults=0 wanted=0 hits=0 hit_rate=0.0% misses=0 inserts=0 evictions=0 recycled=0 allocs=0 pin_skips=0 gated=0 ramp=2..50 bar=0 suppressed=0 wide_skips=0 served=0.0MB copied=0.0MB ssd_avoided=0.0GB live=0/0.0GB model=0 protected=0 declined=0 topup_suppressed=0 aged=0 into=0/0/0 pending=0
[mirror-split] internal=0 K3C=0 K3B=0 K3A=0  shares=0%/0%/0%/0%
[phases] mono=358094.230145 chunks=8 sequence=48.925s read_wait=0.171s bind_upload=1.606s attention_resident=4.560s expert_read_prefetch=10.429s expert_demand_read=6.833s expert_plan=0.541s expert_hint=0.000s expert_submit=0.000s expert_kernel=31.950s source_fence=0.000s tail_head_sync=0.132s layer_other=0.044s expert_read_gross=9.887s plan_hint=0.473s plan_sched=0.068s attn_total=4.558s attn_encode=0.990s attn_wait=3.494s attn_drain=0.073s kernel_total=7.362s kernel_host=0.753s kernel_wait=5.151s kernel_drain=1.458s
[attn-split] single: calls=279 total=0.366s encode=0.105s wait=0.189s drain=0.073s waits=483 untimed=120 | wide: calls=465 total=4.191s encode=0.885s wait=3.306s drain=0.000s waits=460 untimed=460 | hint: calls=736 total=0.473s encode=0.002s wait=0.471s drain=0.000s waits=847 untimed=847
[kernel-split] single: calls=394 total=1.009s encode=0.048s wait=0.043s drain=0.917s waits=413 untimed=227 | wide: calls=973 total=6.353s encode=0.704s wait=5.108s drain=0.541s waits=973 untimed=0
[kernel-sub] materialize=0.333s moe=5.801s precommit=0.883s rest=0.344s
[metal-cache] calls=5142 zero_copy_wraps=265 copies=0 cache_entries=144 bindless=true
oss
[stats] generated=13 elapsed=50.710s speed=0.2564 token/s (3.901 s/token) chunks=9 committed_rows=50 verify_tx=4 drafts=4/8 layer_passes=837 expert_rows=4968 expert_tiles=1301
[verify-width] w1=0 w2=4 w3=0 w4=0 w5=0 w6=0 w7=0 w8+=0              (w1 share 0.0% of 4 transactions)
[opens] expert file opens=42022 total=0.555s mean=0.013ms requested_bytes=1015093230784 (1015.1 GB)
[arrival] tiles=631 waves=796 uncovered_wait=24.592s dispatch=4.906s
[retain] enabled=false cap_gb=8 layers=63..=92 consults=0 wanted=0 hits=0 inserts=0 served=0.0MB
[summer] enabled=false cap_gb=8 sample=16 consults=0 wanted=0 hits=0 hit_rate=0.0% misses=0 inserts=0 evictions=0 recycled=0 allocs=0 pin_skips=0 gated=0 ramp=2..50 bar=0 suppressed=0 wide_skips=0 served=0.0MB copied=0.0MB ssd_avoided=0.0GB live=0/0.0GB model=0 protected=0 declined=0 topup_suppressed=0 aged=0 into=0/0/0 pending=0
[mirror-split] internal=0 K3C=0 K3B=0 K3A=0  shares=0%/0%/0%/0%
[phases] mono=358095.716967 chunks=9 sequence=50.411s read_wait=0.171s bind_upload=1.606s attention_resident=4.641s expert_read_prefetch=11.479s expert_demand_read=7.484s expert_plan=0.614s expert_hint=0.000s expert_submit=0.000s expert_kernel=32.290s source_fence=0.000s tail_head_sync=0.145s layer_other=0.045s expert_read_gross=10.865s plan_hint=0.545s plan_sched=0.069s attn_total=4.639s attn_encode=1.015s attn_wait=3.520s attn_drain=0.104s kernel_total=7.689s kernel_host=0.761s kernel_wait=5.155s kernel_drain=1.772s
[attn-split] single: calls=372 total=0.448s encode=0.129s wait=0.214s drain=0.104s waits=644 untimed=145 | wide: calls=465 total=4.191s encode=0.885s wait=3.306s drain=0.000s waits=460 untimed=460 | hint: calls=828 total=0.545s encode=0.002s wait=0.542s drain=0.000s waits=938 untimed=938
[kernel-split] single: calls=493 total=1.336s encode=0.057s wait=0.048s drain=1.231s waits=520 untimed=310 | wide: calls=973 total=6.353s encode=0.704s wait=5.108s drain=0.541s waits=973 untimed=0
[kernel-sub] materialize=0.333s moe=5.809s precommit=1.199s rest=0.348s
[metal-cache] calls=5241 zero_copy_wraps=265 copies=0 cache_entries=144 bindless=true
 as
[stats] generated=14 elapsed=55.254s speed=0.2534 token/s (3.947 s/token) chunks=10 committed_rows=51 verify_tx=5 drafts=4/10 layer_passes=930 expert_rows=5060 expert_tiles=1393
[verify-width] w1=0 w2=5 w3=0 w4=0 w5=0 w6=0 w7=0 w8+=0              (w1 share 0.0% of 5 transactions)
[opens] expert file opens=52430 total=0.688s mean=0.013ms requested_bytes=1116902603968 (1116.9 GB)
[arrival] tiles=658 waves=854 uncovered_wait=24.877s dispatch=5.065s
[retain] enabled=false cap_gb=8 layers=63..=92 consults=0 wanted=0 hits=0 inserts=0 served=0.0MB
[summer] enabled=false cap_gb=8 sample=16 consults=0 wanted=0 hits=0 hit_rate=0.0% misses=0 inserts=0 evictions=0 recycled=0 allocs=0 pin_skips=0 gated=0 ramp=2..50 bar=0 suppressed=0 wide_skips=0 served=0.0MB copied=0.0MB ssd_avoided=0.0GB live=0/0.0GB model=0 protected=0 declined=0 topup_suppressed=0 aged=0 into=0/0/0 pending=0
[mirror-split] internal=0 K3C=0 K3B=0 K3A=0  shares=0%/0%/0%/0%
[phases] mono=358100.260825 chunks=10 sequence=51.889s read_wait=0.171s bind_upload=1.606s attention_resident=4.747s expert_read_prefetch=12.461s expert_demand_read=8.118s expert_plan=0.688s expert_hint=0.000s expert_submit=0.000s expert_kernel=32.664s source_fence=0.000s tail_head_sync=0.159s layer_other=0.047s expert_read_gross=11.773s plan_hint=0.618s plan_sched=0.070s attn_total=5.190s attn_encode=1.145s attn_wait=3.921s attn_drain=0.124s kernel_total=8.533s kernel_host=0.902s kernel_wait=5.442s kernel_drain=2.189s
[attn-split] single: calls=465 total=0.554s encode=0.182s wait=0.247s drain=0.124s waits=805 untimed=168 | wide: calls=558 total=4.637s encode=0.963s wait=3.674s drain=0.000s waits=552 untimed=552 | hint: calls=1012 total=0.695s encode=0.003s wait=0.692s drain=0.000s waits=1187 untimed=1187
[kernel-split] single: calls=591 total=1.700s encode=0.068s wait=0.051s drain=1.581s waits=625 untimed=392 | wide: calls=1090 total=6.833s encode=0.834s wait=5.391s drain=0.608s waits=1090 untimed=0
[kernel-sub] materialize=0.405s moe=6.169s precommit=1.551s rest=0.407s
[metal-cache] calls=5690 zero_copy_wraps=265 copies=0 cache_entries=144 bindless=true
sembles
[stats] generated=15 elapsed=56.741s speed=0.2644 token/s (3.783 s/token) chunks=11 committed_rows=52 verify_tx=5 drafts=4/10 layer_passes=1023 expert_rows=5152 expert_tiles=1485
[verify-width] w1=0 w2=5 w3=0 w4=0 w5=0 w6=0 w7=0 w8+=0              (w1 share 0.0% of 5 transactions)
[opens] expert file opens=56340 total=0.739s mean=0.013ms requested_bytes=1151225085120 (1151.2 GB)
[arrival] tiles=659 waves=862 uncovered_wait=24.886s dispatch=5.075s
[retain] enabled=false cap_gb=8 layers=63..=92 consults=0 wanted=0 hits=0 inserts=0 served=0.0MB
[summer] enabled=false cap_gb=8 sample=16 consults=0 wanted=0 hits=0 hit_rate=0.0% misses=0 inserts=0 evictions=0 recycled=0 allocs=0 pin_skips=0 gated=0 ramp=2..50 bar=0 suppressed=0 wide_skips=0 served=0.0MB copied=0.0MB ssd_avoided=0.0GB live=0/0.0GB model=0 protected=0 declined=0 topup_suppressed=0 aged=0 into=0/0/0 pending=0
[mirror-split] internal=0 K3C=0 K3B=0 K3A=0  shares=0%/0%/0%/0%
[phases] mono=358101.747643 chunks=11 sequence=53.374s read_wait=0.171s bind_upload=1.606s attention_resident=4.818s expert_read_prefetch=13.503s expert_demand_read=8.777s expert_plan=0.770s expert_hint=0.000s expert_submit=0.000s expert_kernel=33.019s source_fence=0.000s tail_head_sync=0.175s layer_other=0.048s expert_read_gross=12.733s plan_hint=0.699s plan_sched=0.071s attn_total=5.261s attn_encode=1.167s attn_wait=3.942s attn_drain=0.152s kernel_total=8.879s kernel_host=0.912s kernel_wait=5.447s kernel_drain=2.520s
[attn-split] single: calls=558 total=0.624s encode=0.204s wait=0.268s drain=0.152s waits=966 untimed=192 | wide: calls=558 total=4.637s encode=0.963s wait=3.674s drain=0.000s waits=552 untimed=552 | hint: calls=1104 total=0.776s encode=0.003s wait=0.772s drain=0.000s waits=1278 untimed=1278
[kernel-split] single: calls=690 total=2.045s encode=0.077s wait=0.056s drain=1.912s waits=732 untimed=477 | wide: calls=1090 total=6.833s encode=0.834s wait=5.391s drain=0.608s waits=1090 untimed=0
[kernel-sub] materialize=0.405s moe=6.180s precommit=1.883s rest=0.411s
[metal-cache] calls=5789 zero_copy_wraps=265 copies=0 cache_entries=144 bindless=true
 a
[stats] generated=16 elapsed=58.203s speed=0.2749 token/s (3.638 s/token) chunks=12 committed_rows=53 verify_tx=5 drafts=4/10 layer_passes=1116 expert_rows=5244 expert_tiles=1577
[verify-width] w1=0 w2=5 w3=0 w4=0 w5=0 w6=0 w7=0 w8+=0              (w1 share 0.0% of 5 transactions)
[opens] expert file opens=60132 total=0.787s mean=0.013ms requested_bytes=1184477215936 (1184.5 GB)
[arrival] tiles=660 waves=868 uncovered_wait=24.893s dispatch=5.084s
[retain] enabled=false cap_gb=8 layers=63..=92 consults=0 wanted=0 hits=0 inserts=0 served=0.0MB
[summer] enabled=false cap_gb=8 sample=16 consults=0 wanted=0 hits=0 hit_rate=0.0% misses=0 inserts=0 evictions=0 recycled=0 allocs=0 pin_skips=0 gated=0 ramp=2..50 bar=0 suppressed=0 wide_skips=0 served=0.0MB copied=0.0MB ssd_avoided=0.0GB live=0/0.0GB model=0 protected=0 declined=0 topup_suppressed=0 aged=0 into=0/0/0 pending=0
[mirror-split] internal=0 K3C=0 K3B=0 K3A=0  shares=0%/0%/0%/0%
[phases] mono=358103.209709 chunks=12 sequence=54.835s read_wait=0.171s bind_upload=1.606s attention_resident=4.898s expert_read_prefetch=14.493s expert_demand_read=9.359s expert_plan=0.844s expert_hint=0.000s expert_submit=0.000s expert_kernel=33.395s source_fence=0.000s tail_head_sync=0.188s layer_other=0.050s expert_read_gross=13.648s plan_hint=0.772s plan_sched=0.072s attn_total=5.340s attn_encode=1.187s attn_wait=3.978s attn_drain=0.175s kernel_total=9.248s kernel_host=0.921s kernel_wait=5.453s kernel_drain=2.875s
[attn-split] single: calls=651 total=0.704s encode=0.224s wait=0.304s drain=0.175s waits=1127 untimed=217 | wide: calls=558 total=4.637s encode=0.963s wait=3.674s drain=0.000s waits=552 untimed=552 | hint: calls=1196 total=0.849s encode=0.004s wait=0.845s drain=0.000s waits=1369 untimed=1369
[kernel-split] single: calls=787 total=2.415s encode=0.086s wait=0.062s drain=2.267s waits=835 untimed=561 | wide: calls=1090 total=6.833s encode=0.834s wait=5.391s drain=0.608s waits=1090 untimed=0
[kernel-sub] materialize=0.405s moe=6.189s precommit=2.239s rest=0.416s
[metal-cache] calls=5886 zero_copy_wraps=265 copies=0 cache_entries=144 bindless=true
 crew
[stats] generated=17 elapsed=59.742s speed=0.2846 token/s (3.514 s/token) chunks=13 committed_rows=54 verify_tx=5 drafts=4/10 layer_passes=1209 expert_rows=5336 expert_tiles=1669
[verify-width] w1=0 w2=5 w3=0 w4=0 w5=0 w6=0 w7=0 w8+=0              (w1 share 0.0% of 5 transactions)
[opens] expert file opens=64109 total=0.840s mean=0.013ms requested_bytes=1219378756800 (1219.4 GB)
[arrival] tiles=661 waves=876 uncovered_wait=24.905s dispatch=5.095s
[retain] enabled=false cap_gb=8 layers=63..=92 consults=0 wanted=0 hits=0 inserts=0 served=0.0MB
[summer] enabled=false cap_gb=8 sample=16 consults=0 wanted=0 hits=0 hit_rate=0.0% misses=0 inserts=0 evictions=0 recycled=0 allocs=0 pin_skips=0 gated=0 ramp=2..50 bar=0 suppressed=0 wide_skips=0 served=0.0MB copied=0.0MB ssd_avoided=0.0GB live=0/0.0GB model=0 protected=0 declined=0 topup_suppressed=0 aged=0 into=0/0/0 pending=0
[mirror-split] internal=0 K3C=0 K3B=0 K3A=0  shares=0%/0%/0%/0%
[phases] mono=358104.749393 chunks=13 sequence=56.373s read_wait=0.171s bind_upload=1.606s attention_resident=4.968s expert_read_prefetch=15.547s expert_demand_read=9.983s expert_plan=0.912s expert_hint=0.000s expert_submit=0.000s expert_kernel=33.790s source_fence=0.000s tail_head_sync=0.205s layer_other=0.051s expert_read_gross=14.635s plan_hint=0.839s plan_sched=0.073s attn_total=5.411s attn_encode=1.212s attn_wait=4.011s attn_drain=0.188s kernel_total=9.630s kernel_host=0.932s kernel_wait=5.458s kernel_drain=3.240s
[attn-split] single: calls=744 total=0.774s encode=0.249s wait=0.337s drain=0.188s waits=1288 untimed=247 | wide: calls=558 total=4.637s encode=0.963s wait=3.674s drain=0.000s waits=552 untimed=552 | hint: calls=1288 total=0.915s encode=0.004s wait=0.912s drain=0.000s waits=1460 untimed=1460
[kernel-split] single: calls=886 total=2.796s encode=0.098s wait=0.067s drain=2.632s waits=942 untimed=647 | wide: calls=1090 total=6.833s encode=0.834s wait=5.391s drain=0.608s waits=1090 untimed=0
[kernel-sub] materialize=0.405s moe=6.199s precommit=2.605s rest=0.420s
[metal-cache] calls=5985 zero_copy_wraps=265 copies=0 cache_entries=144 bindless=true
 of
[stats] generated=18 elapsed=61.206s speed=0.2941 token/s (3.400 s/token) chunks=14 committed_rows=55 verify_tx=5 drafts=4/10 layer_passes=1302 expert_rows=5428 expert_tiles=1761
[verify-width] w1=0 w2=5 w3=0 w4=0 w5=0 w6=0 w7=0 w8+=0              (w1 share 0.0% of 5 transactions)
[opens] expert file opens=67933 total=0.892s mean=0.013ms requested_bytes=1252955487424 (1253.0 GB)
[arrival] tiles=662 waves=884 uncovered_wait=24.914s dispatch=5.104s
[retain] enabled=false cap_gb=8 layers=63..=92 consults=0 wanted=0 hits=0 inserts=0 served=0.0MB
[summer] enabled=false cap_gb=8 sample=16 consults=0 wanted=0 hits=0 hit_rate=0.0% misses=0 inserts=0 evictions=0 recycled=0 allocs=0 pin_skips=0 gated=0 ramp=2..50 bar=0 suppressed=0 wide_skips=0 served=0.0MB copied=0.0MB ssd_avoided=0.0GB live=0/0.0GB model=0 protected=0 declined=0 topup_suppressed=0 aged=0 into=0/0/0 pending=0
[mirror-split] internal=0 K3C=0 K3B=0 K3A=0  shares=0%/0%/0%/0%
[phases] mono=358106.212638 chunks=14 sequence=57.836s read_wait=0.171s bind_upload=1.606s attention_resident=5.056s expert_read_prefetch=16.555s expert_demand_read=10.568s expert_plan=0.987s expert_hint=0.000s expert_submit=0.000s expert_kernel=34.141s source_fence=0.000s tail_head_sync=0.219s layer_other=0.053s expert_read_gross=15.568s plan_hint=0.913s plan_sched=0.074s attn_total=5.498s attn_encode=1.250s attn_wait=4.037s attn_drain=0.212s kernel_total=9.971s kernel_host=0.942s kernel_wait=5.463s kernel_drain=3.567s
[attn-split] single: calls=837 total=0.862s encode=0.287s wait=0.363s drain=0.212s waits=1449 untimed=275 | wide: calls=558 total=4.637s encode=0.963s wait=3.674s drain=0.000s waits=552 untimed=552 | hint: calls=1380 total=0.989s encode=0.004s wait=0.985s drain=0.000s waits=1551 untimed=1551
[kernel-split] single: calls=985 total=3.138s encode=0.107s wait=0.072s drain=2.959s waits=1049 untimed=733 | wide: calls=1090 total=6.833s encode=0.834s wait=5.391s drain=0.608s waits=1090 untimed=0
[kernel-sub] materialize=0.405s moe=6.208s precommit=2.934s rest=0.425s
[metal-cache] calls=6084 zero_copy_wraps=265 copies=0 cache_entries=144 bindless=true
 specialists
[stats] generated=19 elapsed=62.658s speed=0.3032 token/s (3.298 s/token) chunks=15 committed_rows=56 verify_tx=5 drafts=4/10 layer_passes=1395 expert_rows=5520 expert_tiles=1853
[verify-width] w1=0 w2=5 w3=0 w4=0 w5=0 w6=0 w7=0 w8+=0              (w1 share 0.0% of 5 transactions)
[opens] expert file opens=71764 total=0.940s mean=0.013ms requested_bytes=1286576078016 (1286.6 GB)
[arrival] tiles=663 waves=892 uncovered_wait=24.927s dispatch=5.114s
[retain] enabled=false cap_gb=8 layers=63..=92 consults=0 wanted=0 hits=0 inserts=0 served=0.0MB
[summer] enabled=false cap_gb=8 sample=16 consults=0 wanted=0 hits=0 hit_rate=0.0% misses=0 inserts=0 evictions=0 recycled=0 allocs=0 pin_skips=0 gated=0 ramp=2..50 bar=0 suppressed=0 wide_skips=0 served=0.0MB copied=0.0MB ssd_avoided=0.0GB live=0/0.0GB model=0 protected=0 declined=0 topup_suppressed=0 aged=0 into=0/0/0 pending=0
[mirror-split] internal=0 K3C=0 K3B=0 K3A=0  shares=0%/0%/0%/0%
[phases] mono=358107.664879 chunks=15 sequence=59.287s read_wait=0.171s bind_upload=1.606s attention_resident=5.124s expert_read_prefetch=17.582s expert_demand_read=11.192s expert_plan=1.058s expert_hint=0.000s expert_submit=0.000s expert_kernel=34.480s source_fence=0.000s tail_head_sync=0.235s layer_other=0.054s expert_read_gross=16.523s plan_hint=0.982s plan_sched=0.076s attn_total=5.567s attn_encode=1.271s attn_wait=4.068s attn_drain=0.228s kernel_total=10.298s kernel_host=0.950s kernel_wait=5.469s kernel_drain=3.879s
[attn-split] single: calls=930 total=0.930s encode=0.308s wait=0.394s drain=0.228s waits=1610 untimed=311 | wide: calls=558 total=4.637s encode=0.963s wait=3.674s drain=0.000s waits=552 untimed=552 | hint: calls=1472 total=1.059s encode=0.004s wait=1.055s drain=0.000s waits=1642 untimed=1642
[kernel-split] single: calls=1084 total=3.465s encode=0.116s wait=0.078s drain=3.271s waits=1156 untimed=823 | wide: calls=1090 total=6.833s encode=0.834s wait=5.391s drain=0.608s waits=1090 untimed=0
[kernel-sub] materialize=0.405s moe=6.218s precommit=3.247s rest=0.429s
[metal-cache] calls=6183 zero_copy_wraps=265 copies=0 cache_entries=144 bindless=true
[route-chain] chained=690
[route-chain] dedup_hits=690
 to
[stats] generated=20 elapsed=64.088s speed=0.3121 token/s (3.204 s/token) chunks=16 committed_rows=57 verify_tx=5 drafts=4/10 layer_passes=1488 expert_rows=5612 expert_tiles=1945
[verify-width] w1=0 w2=5 w3=0 w4=0 w5=0 w6=0 w7=0 w8+=0              (w1 share 0.0% of 5 transactions)
[opens] expert file opens=75594 total=0.989s mean=0.013ms requested_bytes=1320126528704 (1320.1 GB)
[arrival] tiles=664 waves=899 uncovered_wait=24.935s dispatch=5.124s
[retain] enabled=false cap_gb=8 layers=63..=92 consults=0 wanted=0 hits=0 inserts=0 served=0.0MB
[summer] enabled=false cap_gb=8 sample=16 consults=0 wanted=0 hits=0 hit_rate=0.0% misses=0 inserts=0 evictions=0 recycled=0 allocs=0 pin_skips=0 gated=0 ramp=2..50 bar=0 suppressed=0 wide_skips=0 served=0.0MB copied=0.0MB ssd_avoided=0.0GB live=0/0.0GB model=0 protected=0 declined=0 topup_suppressed=0 aged=0 into=0/0/0 pending=0
[mirror-split] internal=0 K3C=0 K3B=0 K3A=0  shares=0%/0%/0%/0%
[phases] mono=358109.095364 chunks=16 sequence=60.717s read_wait=0.171s bind_upload=1.606s attention_resident=5.191s expert_read_prefetch=18.572s expert_demand_read=11.812s expert_plan=1.124s expert_hint=0.000s expert_submit=0.000s expert_kernel=34.834s source_fence=0.000s tail_head_sync=0.251s layer_other=0.056s expert_read_gross=17.448s plan_hint=1.047s plan_sched=0.077s attn_total=5.633s attn_encode=1.292s attn_wait=4.092s attn_drain=0.249s kernel_total=10.644s kernel_host=0.960s kernel_wait=5.475s kernel_drain=4.209s
[attn-split] single: calls=1023 total=0.997s encode=0.330s wait=0.418s drain=0.249s waits=1771 untimed=341 | wide: calls=558 total=4.637s encode=0.963s wait=3.674s drain=0.000s waits=552 untimed=552 | hint: calls=1564 total=1.124s encode=0.004s wait=1.120s drain=0.000s waits=1733 untimed=1733
[kernel-split] single: calls=1182 total=3.811s encode=0.126s wait=0.084s drain=3.601s waits=1261 untimed=912 | wide: calls=1090 total=6.833s encode=0.834s wait=5.391s drain=0.608s waits=1090 untimed=0
[kernel-sub] materialize=0.405s moe=6.228s precommit=3.578s rest=0.433s
[metal-cache] calls=6281 zero_copy_wraps=265 copies=0 cache_entries=144 bindless=true
 steal
[stats] generated=21 elapsed=65.558s speed=0.3203 token/s (3.122 s/token) chunks=17 committed_rows=58 verify_tx=5 drafts=4/10 layer_passes=1581 expert_rows=5704 expert_tiles=2037
[verify-width] w1=0 w2=5 w3=0 w4=0 w5=0 w6=0 w7=0 w8+=0              (w1 share 0.0% of 5 transactions)
[opens] expert file opens=79408 total=1.042s mean=0.013ms requested_bytes=1353589193920 (1353.6 GB)
[arrival] tiles=665 waves=906 uncovered_wait=24.943s dispatch=5.133s
[retain] enabled=false cap_gb=8 layers=63..=92 consults=0 wanted=0 hits=0 inserts=0 served=0.0MB
[summer] enabled=false cap_gb=8 sample=16 consults=0 wanted=0 hits=0 hit_rate=0.0% misses=0 inserts=0 evictions=0 recycled=0 allocs=0 pin_skips=0 gated=0 ramp=2..50 bar=0 suppressed=0 wide_skips=0 served=0.0MB copied=0.0MB ssd_avoided=0.0GB live=0/0.0GB model=0 protected=0 declined=0 topup_suppressed=0 aged=0 into=0/0/0 pending=0
[mirror-split] internal=0 K3C=0 K3B=0 K3A=0  shares=0%/0%/0%/0%
[phases] mono=358110.564485 chunks=17 sequence=62.185s read_wait=0.171s bind_upload=1.606s attention_resident=5.269s expert_read_prefetch=19.570s expert_demand_read=12.410s expert_plan=1.212s expert_hint=0.000s expert_submit=0.000s expert_kernel=35.212s source_fence=0.000s tail_head_sync=0.264s layer_other=0.057s expert_read_gross=18.358s plan_hint=1.134s plan_sched=0.078s attn_total=5.711s attn_encode=1.322s attn_wait=4.121s attn_drain=0.269s kernel_total=11.013s kernel_host=0.970s kernel_wait=5.481s kernel_drain=4.563s
[attn-split] single: calls=1116 total=1.075s encode=0.359s wait=0.447s drain=0.269s waits=1932 untimed=366 | wide: calls=558 total=4.637s encode=0.963s wait=3.674s drain=0.000s waits=552 untimed=552 | hint: calls=1656 total=1.211s encode=0.005s wait=1.206s drain=0.000s waits=1824 untimed=1824
[kernel-split] single: calls=1280 total=4.180s encode=0.135s wait=0.090s drain=3.955s waits=1366 untimed=990 | wide: calls=1090 total=6.833s encode=0.834s wait=5.391s drain=0.608s waits=1090 untimed=0
[kernel-sub] materialize=0.405s moe=6.237s precommit=3.934s rest=0.437s
[metal-cache] calls=6379 zero_copy_wraps=265 copies=0 cache_entries=144 bindless=true
 the
[stats] generated=22 elapsed=67.033s speed=0.3282 token/s (3.047 s/token) chunks=18 committed_rows=59 verify_tx=5 drafts=4/10 layer_passes=1674 expert_rows=5796 expert_tiles=2129
[verify-width] w1=0 w2=5 w3=0 w4=0 w5=0 w6=0 w7=0 w8+=0              (w1 share 0.0% of 5 transactions)
[opens] expert file opens=83254 total=1.093s mean=0.013ms requested_bytes=1387323882688 (1387.3 GB)
[arrival] tiles=666 waves=913 uncovered_wait=24.952s dispatch=5.140s
[retain] enabled=false cap_gb=8 layers=63..=92 consults=0 wanted=0 hits=0 inserts=0 served=0.0MB
[summer] enabled=false cap_gb=8 sample=16 consults=0 wanted=0 hits=0 hit_rate=0.0% misses=0 inserts=0 evictions=0 recycled=0 allocs=0 pin_skips=0 gated=0 ramp=2..50 bar=0 suppressed=0 wide_skips=0 served=0.0MB copied=0.0MB ssd_avoided=0.0GB live=0/0.0GB model=0 protected=0 declined=0 topup_suppressed=0 aged=0 into=0/0/0 pending=0
[mirror-split] internal=0 K3C=0 K3B=0 K3A=0  shares=0%/0%/0%/0%
[phases] mono=358112.039948 chunks=18 sequence=63.659s read_wait=0.171s bind_upload=1.606s attention_resident=5.348s expert_read_prefetch=20.605s expert_demand_read=13.063s expert_plan=1.288s expert_hint=0.000s expert_submit=0.000s expert_kernel=35.556s source_fence=0.000s tail_head_sync=0.279s layer_other=0.059s expert_read_gross=19.316s plan_hint=1.209s plan_sched=0.079s attn_total=5.790s attn_encode=1.355s attn_wait=4.145s attn_drain=0.290s kernel_total=11.348s kernel_host=0.978s kernel_wait=5.485s kernel_drain=4.885s
[attn-split] single: calls=1209 total=1.154s encode=0.392s wait=0.471s drain=0.290s waits=2093 untimed=387 | wide: calls=558 total=4.637s encode=0.963s wait=3.674s drain=0.000s waits=552 untimed=552 | hint: calls=1748 total=1.286s encode=0.005s wait=1.281s drain=0.000s waits=1915 untimed=1915
[kernel-split] single: calls=1378 total=4.515s encode=0.144s wait=0.094s drain=4.277s waits=1471 untimed=1075 | wide: calls=1090 total=6.833s encode=0.834s wait=5.391s drain=0.608s waits=1090 untimed=0
[kernel-sub] materialize=0.405s moe=6.244s precommit=4.257s rest=0.442s
[metal-cache] calls=6477 zero_copy_wraps=265 copies=0 cache_entries=144 bindless=true
 "
[stats] generated=23 elapsed=68.494s speed=0.3358 token/s (2.978 s/token) chunks=19 committed_rows=60 verify_tx=5 drafts=4/10 layer_passes=1767 expert_rows=5888 expert_tiles=2221
[verify-width] w1=0 w2=5 w3=0 w4=0 w5=0 w6=0 w7=0 w8+=0              (w1 share 0.0% of 5 transactions)
[opens] expert file opens=87082 total=1.144s mean=0.013ms requested_bytes=1420909378752 (1420.9 GB)
[arrival] tiles=667 waves=921 uncovered_wait=24.967s dispatch=5.150s
[retain] enabled=false cap_gb=8 layers=63..=92 consults=0 wanted=0 hits=0 inserts=0 served=0.0MB
[summer] enabled=false cap_gb=8 sample=16 consults=0 wanted=0 hits=0 hit_rate=0.0% misses=0 inserts=0 evictions=0 recycled=0 allocs=0 pin_skips=0 gated=0 ramp=2..50 bar=0 suppressed=0 wide_skips=0 served=0.0MB copied=0.0MB ssd_avoided=0.0GB live=0/0.0GB model=0 protected=0 declined=0 topup_suppressed=0 aged=0 into=0/0/0 pending=0
[mirror-split] internal=0 K3C=0 K3B=0 K3A=0  shares=0%/0%/0%/0%
[phases] mono=358113.501417 chunks=19 sequence=65.119s read_wait=0.171s bind_upload=1.606s attention_resident=5.420s expert_read_prefetch=21.590s expert_demand_read=13.679s expert_plan=1.363s expert_hint=0.000s expert_submit=0.000s expert_kernel=35.941s source_fence=0.000s tail_head_sync=0.295s layer_other=0.061s expert_read_gross=20.227s plan_hint=1.283s plan_sched=0.080s attn_total=5.861s attn_encode=1.376s attn_wait=4.178s attn_drain=0.308s kernel_total=11.718s kernel_host=0.988s kernel_wait=5.489s kernel_drain=5.241s
[attn-split] single: calls=1302 total=1.225s encode=0.413s wait=0.504s drain=0.308s waits=2254 untimed=423 | wide: calls=558 total=4.637s encode=0.963s wait=3.674s drain=0.000s waits=552 untimed=552 | hint: calls=1840 total=1.359s encode=0.005s wait=1.354s drain=0.000s waits=2006 untimed=2006
[kernel-split] single: calls=1477 total=4.885s encode=0.153s wait=0.098s drain=4.633s waits=1578 untimed=1163 | wide: calls=1090 total=6.833s encode=0.834s wait=5.391s drain=0.608s waits=1090 untimed=0
[kernel-sub] materialize=0.405s moe=6.254s precommit=4.614s rest=0.446s
[metal-cache] calls=6576 zero_copy_wraps=265 copies=0 cache_entries=144 bindless=true
C
[stats] generated=24 elapsed=69.927s speed=0.3432 token/s (2.914 s/token) chunks=20 committed_rows=61 verify_tx=5 drafts=4/10 layer_passes=1860 expert_rows=5980 expert_tiles=2313
[verify-width] w1=0 w2=5 w3=0 w4=0 w5=0 w6=0 w7=0 w8+=0              (w1 share 0.0% of 5 transactions)
[opens] expert file opens=90853 total=1.196s mean=0.013ms requested_bytes=1453994785984 (1454.0 GB)
[arrival] tiles=668 waves=926 uncovered_wait=24.977s dispatch=5.156s
[retain] enabled=false cap_gb=8 layers=63..=92 consults=0 wanted=0 hits=0 inserts=0 served=0.0MB
[summer] enabled=false cap_gb=8 sample=16 consults=0 wanted=0 hits=0 hit_rate=0.0% misses=0 inserts=0 evictions=0 recycled=0 allocs=0 pin_skips=0 gated=0 ramp=2..50 bar=0 suppressed=0 wide_skips=0 served=0.0MB copied=0.0MB ssd_avoided=0.0GB live=0/0.0GB model=0 protected=0 declined=0 topup_suppressed=0 aged=0 into=0/0/0 pending=0
[mirror-split] internal=0 K3C=0 K3B=0 K3A=0  shares=0%/0%/0%/0%
[phases] mono=358114.934412 chunks=20 sequence=66.551s read_wait=0.171s bind_upload=1.606s attention_resident=5.496s expert_read_prefetch=22.556s expert_demand_read=14.263s expert_plan=1.434s expert_hint=0.000s expert_submit=0.000s expert_kernel=36.312s source_fence=0.000s tail_head_sync=0.312s layer_other=0.063s expert_read_gross=21.122s plan_hint=1.352s plan_sched=0.081s attn_total=5.937s attn_encode=1.403s attn_wait=4.209s attn_drain=0.325s kernel_total=12.079s kernel_host=0.997s kernel_wait=5.493s kernel_drain=5.589s
[attn-split] single: calls=1395 total=1.301s encode=0.440s wait=0.536s drain=0.325s waits=2415 untimed=450 | wide: calls=558 total=4.637s encode=0.963s wait=3.674s drain=0.000s waits=552 untimed=552 | hint: calls=1932 total=1.429s encode=0.005s wait=1.424s drain=0.000s waits=2097 untimed=2097
[kernel-split] single: calls=1573 total=5.245s encode=0.163s wait=0.102s drain=4.981s waits=1679 untimed=1247 | wide: calls=1090 total=6.833s encode=0.834s wait=5.391s drain=0.608s waits=1090 untimed=0
[kernel-sub] materialize=0.405s moe=6.260s precommit=4.963s rest=0.451s
[metal-cache] calls=6672 zero_copy_wraps=265 copies=0 cache_entries=144 bindless=true
rim
[stats] generated=25 elapsed=71.359s speed=0.3503 token/s (2.854 s/token) chunks=21 committed_rows=62 verify_tx=5 drafts=4/10 layer_passes=1953 expert_rows=6072 expert_tiles=2405
[verify-width] w1=0 w2=5 w3=0 w4=0 w5=0 w6=0 w7=0 w8+=0              (w1 share 0.0% of 5 transactions)
[opens] expert file opens=94606 total=1.243s mean=0.013ms requested_bytes=1486913502400 (1486.9 GB)
[arrival] tiles=669 waves=933 uncovered_wait=24.987s dispatch=5.165s
[retain] enabled=false cap_gb=8 layers=63..=92 consults=0 wanted=0 hits=0 inserts=0 served=0.0MB
[summer] enabled=false cap_gb=8 sample=16 consults=0 wanted=0 hits=0 hit_rate=0.0% misses=0 inserts=0 evictions=0 recycled=0 allocs=0 pin_skips=0 gated=0 ramp=2..50 bar=0 suppressed=0 wide_skips=0 served=0.0MB copied=0.0MB ssd_avoided=0.0GB live=0/0.0GB model=0 protected=0 declined=0 topup_suppressed=0 aged=0 into=0/0/0 pending=0
[mirror-split] internal=0 K3C=0 K3B=0 K3A=0  shares=0%/0%/0%/0%
[phases] mono=358116.365552 chunks=21 sequence=67.981s read_wait=0.171s bind_upload=1.606s attention_resident=5.576s expert_read_prefetch=23.513s expert_demand_read=14.849s expert_plan=1.522s expert_hint=0.000s expert_submit=0.000s expert_kernel=36.686s source_fence=0.000s tail_head_sync=0.328s layer_other=0.064s expert_read_gross=21.990s plan_hint=1.440s plan_sched=0.082s attn_total=6.018s attn_encode=1.431s attn_wait=4.241s attn_drain=0.346s kernel_total=12.443s kernel_host=1.006s kernel_wait=5.498s kernel_drain=5.939s
[attn-split] single: calls=1488 total=1.381s encode=0.468s wait=0.567s drain=0.346s waits=2576 untimed=480 | wide: calls=558 total=4.637s encode=0.963s wait=3.674s drain=0.000s waits=552 untimed=552 | hint: calls=2024 total=1.516s encode=0.005s wait=1.511s drain=0.000s waits=2188 untimed=2188
[kernel-split] single: calls=1671 total=5.610s encode=0.172s wait=0.107s drain=5.331s waits=1784 untimed=1331 | wide: calls=1090 total=6.833s encode=0.834s wait=5.391s drain=0.608s waits=1090 untimed=0
[kernel-sub] materialize=0.405s moe=6.269s precommit=5.315s rest=0.455s
[metal-cache] calls=6770 zero_copy_wraps=265 copies=0 cache_entries=144 bindless=true
son
[stats] generated=26 elapsed=72.829s speed=0.3570 token/s (2.801 s/token) chunks=22 committed_rows=63 verify_tx=5 drafts=4/10 layer_passes=2046 expert_rows=6164 expert_tiles=2497
[verify-width] w1=0 w2=5 w3=0 w4=0 w5=0 w6=0 w7=0 w8+=0              (w1 share 0.0% of 5 transactions)
[opens] expert file opens=98384 total=1.296s mean=0.013ms requested_bytes=1520104160448 (1520.1 GB)
[arrival] tiles=670 waves=941 uncovered_wait=25.002s dispatch=5.175s
[retain] enabled=false cap_gb=8 layers=63..=92 consults=0 wanted=0 hits=0 inserts=0 served=0.0MB
[summer] enabled=false cap_gb=8 sample=16 consults=0 wanted=0 hits=0 hit_rate=0.0% misses=0 inserts=0 evictions=0 recycled=0 allocs=0 pin_skips=0 gated=0 ramp=2..50 bar=0 suppressed=0 wide_skips=0 served=0.0MB copied=0.0MB ssd_avoided=0.0GB live=0/0.0GB model=0 protected=0 declined=0 topup_suppressed=0 aged=0 into=0/0/0 pending=0
[mirror-split] internal=0 K3C=0 K3B=0 K3A=0  shares=0%/0%/0%/0%
[phases] mono=358117.836309 chunks=22 sequence=69.450s read_wait=0.171s bind_upload=1.606s attention_resident=5.670s expert_read_prefetch=24.440s expert_demand_read=15.423s expert_plan=1.598s expert_hint=0.000s expert_submit=0.000s expert_kernel=37.115s source_fence=0.000s tail_head_sync=0.346s layer_other=0.066s expert_read_gross=22.842s plan_hint=1.514s plan_sched=0.083s attn_total=6.112s attn_encode=1.469s attn_wait=4.270s attn_drain=0.372s kernel_total=12.857s kernel_host=1.016s kernel_wait=5.505s kernel_drain=6.337s
[attn-split] single: calls=1581 total=1.475s encode=0.506s wait=0.596s drain=0.372s waits=2737 untimed=504 | wide: calls=558 total=4.637s encode=0.963s wait=3.674s drain=0.000s waits=552 untimed=552 | hint: calls=2116 total=1.590s encode=0.006s wait=1.585s drain=0.000s waits=2279 untimed=2279
[kernel-split] single: calls=1770 total=6.024s encode=0.181s wait=0.113s drain=5.729s waits=1891 untimed=1412 | wide: calls=1090 total=6.833s encode=0.834s wait=5.391s drain=0.608s waits=1090 untimed=0
[kernel-sub] materialize=0.405s moe=6.278s precommit=5.714s rest=0.459s
[metal-cache] calls=6869 zero_copy_wraps=265 copies=0 cache_entries=144 bindless=true
 Meridian
[stats] generated=27 elapsed=74.280s speed=0.3635 token/s (2.751 s/token) chunks=23 committed_rows=64 verify_tx=5 drafts=4/10 layer_passes=2139 expert_rows=6256 expert_tiles=2589
[verify-width] w1=0 w2=5 w3=0 w4=0 w5=0 w6=0 w7=0 w8+=0              (w1 share 0.0% of 5 transactions)
[opens] expert file opens=102249 total=1.346s mean=0.013ms requested_bytes=1554005540032 (1554.0 GB)
[arrival] tiles=671 waves=947 uncovered_wait=25.012s dispatch=5.182s
[retain] enabled=false cap_gb=8 layers=63..=92 consults=0 wanted=0 hits=0 inserts=0 served=0.0MB
[summer] enabled=false cap_gb=8 sample=16 consults=0 wanted=0 hits=0 hit_rate=0.0% misses=0 inserts=0 evictions=0 recycled=0 allocs=0 pin_skips=0 gated=0 ramp=2..50 bar=0 suppressed=0 wide_skips=0 served=0.0MB copied=0.0MB ssd_avoided=0.0GB live=0/0.0GB model=0 protected=0 declined=0 topup_suppressed=0 aged=0 into=0/0/0 pending=0
[mirror-split] internal=0 K3C=0 K3B=0 K3A=0  shares=0%/0%/0%/0%
[phases] mono=358119.286923 chunks=23 sequence=70.900s read_wait=0.171s bind_upload=1.606s attention_resident=5.746s expert_read_prefetch=25.430s expert_demand_read=15.946s expert_plan=1.670s expert_hint=0.000s expert_submit=0.000s expert_kernel=37.482s source_fence=0.000s tail_head_sync=0.362s layer_other=0.067s expert_read_gross=23.760s plan_hint=1.585s plan_sched=0.085s attn_total=6.187s attn_encode=1.490s attn_wait=4.294s attn_drain=0.403s kernel_total=13.213s kernel_host=1.025s kernel_wait=5.509s kernel_drain=6.679s
[attn-split] single: calls=1674 total=1.550s encode=0.527s wait=0.620s drain=0.403s waits=2898 untimed=523 | wide: calls=558 total=4.637s encode=0.963s wait=3.674s drain=0.000s waits=552 untimed=552 | hint: calls=2208 total=1.661s encode=0.006s wait=1.655s drain=0.000s waits=2370 untimed=2370
[kernel-split] single: calls=1867 total=6.380s encode=0.191s wait=0.118s drain=6.071s waits=1994 untimed=1481 | wide: calls=1090 total=6.833s encode=0.834s wait=5.391s drain=0.608s waits=1090 untimed=0
[kernel-sub] materialize=0.405s moe=6.285s precommit=6.059s rest=0.464s
[metal-cache] calls=6966 zero_copy_wraps=265 copies=0 cache_entries=144 bindless=true
,"
[stats] generated=28 elapsed=75.771s speed=0.3695 token/s (2.706 s/token) chunks=24 committed_rows=65 verify_tx=5 drafts=4/10 layer_passes=2232 expert_rows=6348 expert_tiles=2681
[verify-width] w1=0 w2=5 w3=0 w4=0 w5=0 w6=0 w7=0 w8+=0              (w1 share 0.0% of 5 transactions)
[opens] expert file opens=106050 total=1.395s mean=0.013ms requested_bytes=1587354172608 (1587.4 GB)
[arrival] tiles=672 waves=954 uncovered_wait=25.021s dispatch=5.191s
[retain] enabled=false cap_gb=8 layers=63..=92 consults=0 wanted=0 hits=0 inserts=0 served=0.0MB
[summer] enabled=false cap_gb=8 sample=16 consults=0 wanted=0 hits=0 hit_rate=0.0% misses=0 inserts=0 evictions=0 recycled=0 allocs=0 pin_skips=0 gated=0 ramp=2..50 bar=0 suppressed=0 wide_skips=0 served=0.0MB copied=0.0MB ssd_avoided=0.0GB live=0/0.0GB model=0 protected=0 declined=0 topup_suppressed=0 aged=0 into=0/0/0 pending=0
[mirror-split] internal=0 K3C=0 K3B=0 K3A=0  shares=0%/0%/0%/0%
[phases] mono=358120.777906 chunks=24 sequence=72.389s read_wait=0.171s bind_upload=1.606s attention_resident=5.816s expert_read_prefetch=26.474s expert_demand_read=16.564s expert_plan=1.743s expert_hint=0.000s expert_submit=0.000s expert_kernel=37.841s source_fence=0.000s tail_head_sync=0.376s layer_other=0.069s expert_read_gross=24.731s plan_hint=1.657s plan_sched=0.086s attn_total=6.257s attn_encode=1.513s attn_wait=4.322s attn_drain=0.422s kernel_total=13.563s kernel_host=1.035s kernel_wait=5.514s kernel_drain=7.014s
[attn-split] single: calls=1767 total=1.620s encode=0.550s wait=0.648s drain=0.422s waits=3059 untimed=551 | wide: calls=558 total=4.637s encode=0.963s wait=3.674s drain=0.000s waits=552 untimed=552 | hint: calls=2300 total=1.733s encode=0.006s wait=1.727s drain=0.000s waits=2461 untimed=2461
[kernel-split] single: calls=1965 total=6.730s encode=0.201s wait=0.123s drain=6.406s waits=2099 untimed=1567 | wide: calls=1090 total=6.833s encode=0.834s wait=5.391s drain=0.608s waits=1090 untimed=0
[kernel-sub] materialize=0.405s moe=6.294s precommit=6.396s rest=0.469s
[metal-cache] calls=7064 zero_copy_wraps=265 copies=0 cache_entries=144 bindless=true
 a
[stats] generated=29 elapsed=77.212s speed=0.3756 token/s (2.662 s/token) chunks=25 committed_rows=66 verify_tx=5 drafts=4/10 layer_passes=2325 expert_rows=6440 expert_tiles=2773
[verify-width] w1=0 w2=5 w3=0 w4=0 w5=0 w6=0 w7=0 w8+=0              (w1 share 0.0% of 5 transactions)
[opens] expert file opens=109828 total=1.446s mean=0.013ms requested_bytes=1620509752512 (1620.5 GB)
[arrival] tiles=673 waves=960 uncovered_wait=25.032s dispatch=5.198s
[retain] enabled=false cap_gb=8 layers=63..=92 consults=0 wanted=0 hits=0 inserts=0 served=0.0MB
[summer] enabled=false cap_gb=8 sample=16 consults=0 wanted=0 hits=0 hit_rate=0.0% misses=0 inserts=0 evictions=0 recycled=0 allocs=0 pin_skips=0 gated=0 ramp=2..50 bar=0 suppressed=0 wide_skips=0 served=0.0MB copied=0.0MB ssd_avoided=0.0GB live=0/0.0GB model=0 protected=0 declined=0 topup_suppressed=0 aged=0 into=0/0/0 pending=0
[mirror-split] internal=0 K3C=0 K3B=0 K3A=0  shares=0%/0%/0%/0%
[phases] mono=358122.219193 chunks=25 sequence=73.829s read_wait=0.171s bind_upload=1.606s attention_resident=5.892s expert_read_prefetch=27.432s expert_demand_read=17.165s expert_plan=1.822s expert_hint=0.000s expert_submit=0.000s expert_kernel=38.228s source_fence=0.000s tail_head_sync=0.393s layer_other=0.071s expert_read_gross=25.610s plan_hint=1.734s plan_sched=0.087s attn_total=6.333s attn_encode=1.540s attn_wait=4.350s attn_drain=0.443s kernel_total=13.939s kernel_host=1.044s kernel_wait=5.517s kernel_drain=7.378s
[attn-split] single: calls=1860 total=1.696s encode=0.577s wait=0.676s drain=0.443s waits=3220 untimed=573 | wide: calls=558 total=4.637s encode=0.963s wait=3.674s drain=0.000s waits=552 untimed=552 | hint: calls=2392 total=1.811s encode=0.006s wait=1.804s drain=0.000s waits=2552 untimed=2552
[kernel-split] single: calls=2062 total=7.106s encode=0.210s wait=0.126s drain=6.770s waits=2202 untimed=1650 | wide: calls=1090 total=6.833s encode=0.834s wait=5.391s drain=0.608s waits=1090 untimed=0
[kernel-sub] materialize=0.405s moe=6.301s precommit=6.761s rest=0.473s
[metal-cache] calls=7161 zero_copy_wraps=265 copies=0 cache_entries=144 bindless=true
[route-chain] chained=1380
[route-chain] dedup_hits=1380
 flawless
[stats] generated=30 elapsed=78.693s speed=0.3812 token/s (2.623 s/token) chunks=26 committed_rows=67 verify_tx=5 drafts=4/10 layer_passes=2418 expert_rows=6532 expert_tiles=2865
[verify-width] w1=0 w2=5 w3=0 w4=0 w5=0 w6=0 w7=0 w8+=0              (w1 share 0.0% of 5 transactions)
[opens] expert file opens=113672 total=1.499s mean=0.013ms requested_bytes=1654261955776 (1654.3 GB)
[arrival] tiles=674 waves=966 uncovered_wait=25.042s dispatch=5.206s
[retain] enabled=false cap_gb=8 layers=63..=92 consults=0 wanted=0 hits=0 inserts=0 served=0.0MB
[summer] enabled=false cap_gb=8 sample=16 consults=0 wanted=0 hits=0 hit_rate=0.0% misses=0 inserts=0 evictions=0 recycled=0 allocs=0 pin_skips=0 gated=0 ramp=2..50 bar=0 suppressed=0 wide_skips=0 served=0.0MB copied=0.0MB ssd_avoided=0.0GB live=0/0.0GB model=0 protected=0 declined=0 topup_suppressed=0 aged=0 into=0/0/0 pending=0
[mirror-split] internal=0 K3C=0 K3B=0 K3A=0  shares=0%/0%/0%/0%
[phases] mono=358123.699977 chunks=26 sequence=75.309s read_wait=0.171s bind_upload=1.606s attention_resident=5.980s expert_read_prefetch=28.439s expert_demand_read=17.762s expert_plan=1.899s expert_hint=0.000s expert_submit=0.000s expert_kernel=38.595s source_fence=0.000s tail_head_sync=0.409s layer_other=0.072s expert_read_gross=26.540s plan_hint=1.810s plan_sched=0.088s attn_total=6.421s attn_encode=1.579s attn_wait=4.370s attn_drain=0.471s kernel_total=14.296s kernel_host=1.053s kernel_wait=5.522s kernel_drain=7.721s
[attn-split] single: calls=1953 total=1.784s encode=0.617s wait=0.696s drain=0.471s waits=3381 untimed=594 | wide: calls=558 total=4.637s encode=0.963s wait=3.674s drain=0.000s waits=552 untimed=552 | hint: calls=2484 total=1.887s encode=0.007s wait=1.880s drain=0.000s waits=2643 untimed=2643
[kernel-split] single: calls=2159 total=7.463s encode=0.219s wait=0.131s drain=7.114s waits=2305 untimed=1729 | wide: calls=1090 total=6.833s encode=0.834s wait=5.391s drain=0.608s waits=1090 untimed=0
[kernel-sub] materialize=0.405s moe=6.309s precommit=7.105s rest=0.477s
[metal-cache] calls=7258 zero_copy_wraps=265 copies=0 cache_entries=144 bindless=true
 
[stats] generated=31 elapsed=80.185s speed=0.3866 token/s (2.587 s/token) chunks=27 committed_rows=68 verify_tx=5 drafts=4/10 layer_passes=2511 expert_rows=6624 expert_tiles=2957
[verify-width] w1=0 w2=5 w3=0 w4=0 w5=0 w6=0 w7=0 w8+=0              (w1 share 0.0% of 5 transactions)
[opens] expert file opens=117474 total=1.551s mean=0.013ms requested_bytes=1687636901056 (1687.6 GB)
[arrival] tiles=675 waves=973 uncovered_wait=25.054s dispatch=5.215s
[retain] enabled=false cap_gb=8 layers=63..=92 consults=0 wanted=0 hits=0 inserts=0 served=0.0MB
[summer] enabled=false cap_gb=8 sample=16 consults=0 wanted=0 hits=0 hit_rate=0.0% misses=0 inserts=0 evictions=0 recycled=0 allocs=0 pin_skips=0 gated=0 ramp=2..50 bar=0 suppressed=0 wide_skips=0 served=0.0MB copied=0.0MB ssd_avoided=0.0GB live=0/0.0GB model=0 protected=0 declined=0 topup_suppressed=0 aged=0 into=0/0/0 pending=0
[mirror-split] internal=0 K3C=0 K3B=0 K3A=0  shares=0%/0%/0%/0%
[phases] mono=358125.192163 chunks=27 sequence=76.800s read_wait=0.171s bind_upload=1.606s attention_resident=6.058s expert_read_prefetch=29.461s expert_demand_read=18.404s expert_plan=1.970s expert_hint=0.000s expert_submit=0.000s expert_kernel=38.969s source_fence=0.000s tail_head_sync=0.423s layer_other=0.074s expert_read_gross=27.492s plan_hint=1.880s plan_sched=0.089s attn_total=6.498s attn_encode=1.607s attn_wait=4.396s attn_drain=0.496s kernel_total=14.658s kernel_host=1.063s kernel_wait=5.527s kernel_drain=8.069s
[attn-split] single: calls=2046 total=1.862s encode=0.644s wait=0.722s drain=0.496s waits=3542 untimed=618 | wide: calls=558 total=4.637s encode=0.963s wait=3.674s drain=0.000s waits=552 untimed=552 | hint: calls=2576 total=1.956s encode=0.007s wait=1.949s drain=0.000s waits=2734 untimed=2734
[kernel-split] single: calls=2257 total=7.825s encode=0.228s wait=0.136s drain=7.461s waits=2410 untimed=1812 | wide: calls=1090 total=6.833s encode=0.834s wait=5.391s drain=0.608s waits=1090 untimed=0
[kernel-sub] materialize=0.405s moe=6.317s precommit=7.454s rest=0.482s
[metal-cache] calls=7356 zero_copy_wraps=265 copies=0 cache_entries=144 bindless=true
40
[stats] generated=32 elapsed=81.626s speed=0.3920 token/s (2.551 s/token) chunks=28 committed_rows=69 verify_tx=5 drafts=4/10 layer_passes=2604 expert_rows=6716 expert_tiles=3049
[verify-width] w1=0 w2=5 w3=0 w4=0 w5=0 w6=0 w7=0 w8+=0              (w1 share 0.0% of 5 transactions)
[opens] expert file opens=121318 total=1.599s mean=0.013ms requested_bytes=1721336495296 (1721.3 GB)
[arrival] tiles=676 waves=981 uncovered_wait=25.064s dispatch=5.222s
[retain] enabled=false cap_gb=8 layers=63..=92 consults=0 wanted=0 hits=0 inserts=0 served=0.0MB
[summer] enabled=false cap_gb=8 sample=16 consults=0 wanted=0 hits=0 hit_rate=0.0% misses=0 inserts=0 evictions=0 recycled=0 allocs=0 pin_skips=0 gated=0 ramp=2..50 bar=0 suppressed=0 wide_skips=0 served=0.0MB copied=0.0MB ssd_avoided=0.0GB live=0/0.0GB model=0 protected=0 declined=0 topup_suppressed=0 aged=0 into=0/0/0 pending=0
[mirror-split] internal=0 K3C=0 K3B=0 K3A=0  shares=0%/0%/0%/0%
[phases] mono=358126.632537 chunks=28 sequence=78.239s read_wait=0.171s bind_upload=1.606s attention_resident=6.134s expert_read_prefetch=30.443s expert_demand_read=19.018s expert_plan=2.042s expert_hint=0.000s expert_submit=0.000s expert_kernel=39.335s source_fence=0.000s tail_head_sync=0.437s layer_other=0.075s expert_read_gross=28.401s plan_hint=1.951s plan_sched=0.090s attn_total=6.574s attn_encode=1.629s attn_wait=4.434s attn_drain=0.512s kernel_total=15.013s kernel_host=1.072s kernel_wait=5.531s kernel_drain=8.411s
[attn-split] single: calls=2139 total=1.938s encode=0.666s wait=0.760s drain=0.512s waits=3703 untimed=649 | wide: calls=558 total=4.637s encode=0.963s wait=3.674s drain=0.000s waits=552 untimed=552 | hint: calls=2668 total=2.027s encode=0.007s wait=2.020s drain=0.000s waits=2825 untimed=2825
[kernel-split] single: calls=2356 total=8.180s encode=0.237s wait=0.140s drain=7.803s waits=2517 untimed=1897 | wide: calls=1090 total=6.833s encode=0.834s wait=5.391s drain=0.608s waits=1090 untimed=0
[kernel-sub] materialize=0.405s moe=6.325s precommit=7.797s rest=0.486s
[metal-cache] calls=7455 zero_copy_wraps=265 copies=0 cache_entries=144 bindless=true
-car
[stats] generated=33 elapsed=83.141s speed=0.3969 token/s (2.519 s/token) chunks=29 committed_rows=70 verify_tx=5 drafts=4/10 layer_passes=2697 expert_rows=6808 expert_tiles=3141
[verify-width] w1=0 w2=5 w3=0 w4=0 w5=0 w6=0 w7=0 w8+=0              (w1 share 0.0% of 5 transactions)
[opens] expert file opens=125204 total=1.650s mean=0.013ms requested_bytes=1755430862016 (1755.4 GB)
[arrival] tiles=677 waves=988 uncovered_wait=25.074s dispatch=5.231s
[retain] enabled=false cap_gb=8 layers=63..=92 consults=0 wanted=0 hits=0 inserts=0 served=0.0MB
[summer] enabled=false cap_gb=8 sample=16 consults=0 wanted=0 hits=0 hit_rate=0.0% misses=0 inserts=0 evictions=0 recycled=0 allocs=0 pin_skips=0 gated=0 ramp=2..50 bar=0 suppressed=0 wide_skips=0 served=0.0MB copied=0.0MB ssd_avoided=0.0GB live=0/0.0GB model=0 protected=0 declined=0 topup_suppressed=0 aged=0 into=0/0/0 pending=0
[mirror-split] internal=0 K3C=0 K3B=0 K3A=0  shares=0%/0%/0%/0%
[phases] mono=358128.147719 chunks=29 sequence=79.753s read_wait=0.171s bind_upload=1.606s attention_resident=6.211s expert_read_prefetch=31.515s expert_demand_read=19.705s expert_plan=2.123s expert_hint=0.000s expert_submit=0.000s expert_kernel=39.685s source_fence=0.000s tail_head_sync=0.451s layer_other=0.077s expert_read_gross=29.392s plan_hint=2.031s plan_sched=0.091s attn_total=6.651s attn_encode=1.658s attn_wait=4.460s attn_drain=0.532s kernel_total=15.354s kernel_host=1.081s kernel_wait=5.535s kernel_drain=8.737s
[attn-split] single: calls=2232 total=2.014s encode=0.695s wait=0.786s drain=0.532s waits=3864 untimed=682 | wide: calls=558 total=4.637s encode=0.963s wait=3.674s drain=0.000s waits=552 untimed=552 | hint: calls=2760 total=2.108s encode=0.007s wait=2.100s drain=0.000s waits=2916 untimed=2916
[kernel-split] single: calls=2454 total=8.520s encode=0.247s wait=0.144s drain=8.129s waits=2622 untimed=1978 | wide: calls=1090 total=6.833s encode=0.834s wait=5.391s drain=0.608s waits=1090 untimed=0
[kernel-sub] materialize=0.405s moe=6.333s precommit=8.125s rest=0.491s
[metal-cache] calls=7553 zero_copy_wraps=265 copies=0 cache_entries=144 bindless=true
at
[stats] generated=34 elapsed=84.640s speed=0.4017 token/s (2.489 s/token) chunks=30 committed_rows=71 verify_tx=5 drafts=4/10 layer_passes=2790 expert_rows=6900 expert_tiles=3233
[verify-width] w1=0 w2=5 w3=0 w4=0 w5=0 w6=0 w7=0 w8+=0              (w1 share 0.0% of 5 transactions)
[opens] expert file opens=129066 total=1.708s mean=0.013ms requested_bytes=1789305912512 (1789.3 GB)
[arrival] tiles=678 waves=994 uncovered_wait=25.082s dispatch=5.241s
[retain] enabled=false cap_gb=8 layers=63..=92 consults=0 wanted=0 hits=0 inserts=0 served=0.0MB
[summer] enabled=false cap_gb=8 sample=16 consults=0 wanted=0 hits=0 hit_rate=0.0% misses=0 inserts=0 evictions=0 recycled=0 allocs=0 pin_skips=0 gated=0 ramp=2..50 bar=0 suppressed=0 wide_skips=0 served=0.0MB copied=0.0MB ssd_avoided=0.0GB live=0/0.0GB model=0 protected=0 declined=0 topup_suppressed=0 aged=0 into=0/0/0 pending=0
[mirror-split] internal=0 K3C=0 K3B=0 K3A=0  shares=0%/0%/0%/0%
[phases] mono=358129.646658 chunks=30 sequence=81.251s read_wait=0.171s bind_upload=1.606s attention_resident=6.293s expert_read_prefetch=32.522s expert_demand_read=20.326s expert_plan=2.193s expert_hint=0.000s expert_submit=0.000s expert_kernel=40.073s source_fence=0.000s tail_head_sync=0.468s layer_other=0.079s expert_read_gross=30.329s plan_hint=2.101s plan_sched=0.092s attn_total=6.733s attn_encode=1.692s attn_wait=4.491s attn_drain=0.550s kernel_total=15.734s kernel_host=1.092s kernel_wait=5.541s kernel_drain=9.101s
[attn-split] single: calls=2325 total=2.096s encode=0.730s wait=0.817s drain=0.550s waits=4025 untimed=715 | wide: calls=558 total=4.637s encode=0.963s wait=3.674s drain=0.000s waits=552 untimed=552 | hint: calls=2852 total=2.177s encode=0.007s wait=2.169s drain=0.000s waits=3007 untimed=3007
[kernel-split] single: calls=2551 total=8.901s encode=0.258s wait=0.150s drain=8.493s waits=2725 untimed=2059 | wide: calls=1090 total=6.833s encode=0.834s wait=5.391s drain=0.608s waits=1090 untimed=0
[kernel-sub] materialize=0.405s moe=6.344s precommit=8.490s rest=0.495s
[metal-cache] calls=7650 zero_copy_wraps=265 copies=0 cache_entries=144 bindless=true
 ruby
[stats] generated=35 elapsed=86.158s speed=0.4062 token/s (2.462 s/token) chunks=31 committed_rows=72 verify_tx=5 drafts=4/10 layer_passes=2883 expert_rows=6992 expert_tiles=3325
[verify-width] w1=0 w2=5 w3=0 w4=0 w5=0 w6=0 w7=0 w8+=0              (w1 share 0.0% of 5 transactions)
[opens] expert file opens=133032 total=1.761s mean=0.013ms requested_bytes=1824102169792 (1824.1 GB)
[arrival] tiles=679 waves=999 uncovered_wait=25.090s dispatch=5.248s
[retain] enabled=false cap_gb=8 layers=63..=92 consults=0 wanted=0 hits=0 inserts=0 served=0.0MB
[summer] enabled=false cap_gb=8 sample=16 consults=0 wanted=0 hits=0 hit_rate=0.0% misses=0 inserts=0 evictions=0 recycled=0 allocs=0 pin_skips=0 gated=0 ramp=2..50 bar=0 suppressed=0 wide_skips=0 served=0.0MB copied=0.0MB ssd_avoided=0.0GB live=0/0.0GB model=0 protected=0 declined=0 topup_suppressed=0 aged=0 into=0/0/0 pending=0
[mirror-split] internal=0 K3C=0 K3B=0 K3A=0  shares=0%/0%/0%/0%
[phases] mono=358131.164701 chunks=31 sequence=82.767s read_wait=0.171s bind_upload=1.606s attention_resident=6.372s expert_read_prefetch=33.595s expert_demand_read=20.961s expert_plan=2.263s expert_hint=0.000s expert_submit=0.000s expert_kernel=40.424s source_fence=0.000s tail_head_sync=0.482s layer_other=0.080s expert_read_gross=31.332s plan_hint=2.169s plan_sched=0.093s attn_total=6.812s attn_encode=1.714s attn_wait=4.535s attn_drain=0.563s kernel_total=16.075s kernel_host=1.101s kernel_wait=5.545s kernel_drain=9.430s
[attn-split] single: calls=2418 total=2.175s encode=0.751s wait=0.861s drain=0.563s waits=4186 untimed=753 | wide: calls=558 total=4.637s encode=0.963s wait=3.674s drain=0.000s waits=552 untimed=552 | hint: calls=2944 total=2.245s encode=0.008s wait=2.237s drain=0.000s waits=3098 untimed=3098
[kernel-split] single: calls=2647 total=9.242s encode=0.266s wait=0.154s drain=8.822s waits=2826 untimed=2144 | wide: calls=1090 total=6.833s encode=0.834s wait=5.391s drain=0.608s waits=1090 untimed=0
[kernel-sub] materialize=0.405s moe=6.351s precommit=8.820s rest=0.500s
[metal-cache] calls=7746 zero_copy_wraps=265 copies=0 cache_entries=144 bindless=true
 scheduled
[stats] generated=36 elapsed=87.679s speed=0.4106 token/s (2.436 s/token) chunks=32 committed_rows=73 verify_tx=5 drafts=4/10 layer_passes=2976 expert_rows=7084 expert_tiles=3417
[verify-width] w1=0 w2=5 w3=0 w4=0 w5=0 w6=0 w7=0 w8+=0              (w1 share 0.0% of 5 transactions)
[opens] expert file opens=136917 total=1.810s mean=0.013ms requested_bytes=1858143943872 (1858.1 GB)
[arrival] tiles=680 waves=1006 uncovered_wait=25.098s dispatch=5.257s
[retain] enabled=false cap_gb=8 layers=63..=92 consults=0 wanted=0 hits=0 inserts=0 served=0.0MB
[summer] enabled=false cap_gb=8 sample=16 consults=0 wanted=0 hits=0 hit_rate=0.0% misses=0 inserts=0 evictions=0 recycled=0 allocs=0 pin_skips=0 gated=0 ramp=2..50 bar=0 suppressed=0 wide_skips=0 served=0.0MB copied=0.0MB ssd_avoided=0.0GB live=0/0.0GB model=0 protected=0 declined=0 topup_suppressed=0 aged=0 into=0/0/0 pending=0
[mirror-split] internal=0 K3C=0 K3B=0 K3A=0  shares=0%/0%/0%/0%
[phases] mono=358132.686062 chunks=32 sequence=84.287s read_wait=0.171s bind_upload=1.606s attention_resident=6.443s expert_read_prefetch=34.696s expert_demand_read=21.595s expert_plan=2.343s expert_hint=0.000s expert_submit=0.000s expert_kernel=40.753s source_fence=0.000s tail_head_sync=0.499s layer_other=0.082s expert_read_gross=32.353s plan_hint=2.248s plan_sched=0.094s attn_total=6.883s attn_encode=1.734s attn_wait=4.567s attn_drain=0.582s kernel_total=16.397s kernel_host=1.110s kernel_wait=5.550s kernel_drain=9.737s
[attn-split] single: calls=2511 total=2.246s encode=0.771s wait=0.893s drain=0.582s waits=4347 untimed=794 | wide: calls=558 total=4.637s encode=0.963s wait=3.674s drain=0.000s waits=552 untimed=552 | hint: calls=3036 total=2.324s encode=0.008s wait=2.316s drain=0.000s waits=3189 untimed=3189
[kernel-split] single: calls=2745 total=9.563s encode=0.276s wait=0.159s drain=9.129s waits=2931 untimed=2232 | wide: calls=1090 total=6.833s encode=0.834s wait=5.391s drain=0.608s waits=1090 untimed=0
[kernel-sub] materialize=0.405s moe=6.360s precommit=9.128s rest=0.504s
[metal-cache] calls=7844 zero_copy_wraps=265 copies=0 cache_entries=144 bindless=true
 to
[stats] generated=37 elapsed=89.189s speed=0.4149 token/s (2.411 s/token) chunks=33 committed_rows=74 verify_tx=5 drafts=4/10 layer_passes=3069 expert_rows=7176 expert_tiles=3509
[verify-width] w1=0 w2=5 w3=0 w4=0 w5=0 w6=0 w7=0 w8+=0              (w1 share 0.0% of 5 transactions)
[opens] expert file opens=140746 total=1.862s mean=0.013ms requested_bytes=1891738221760 (1891.7 GB)
[arrival] tiles=681 waves=1011 uncovered_wait=25.108s dispatch=5.265s
[retain] enabled=false cap_gb=8 layers=63..=92 consults=0 wanted=0 hits=0 inserts=0 served=0.0MB
[summer] enabled=false cap_gb=8 sample=16 consults=0 wanted=0 hits=0 hit_rate=0.0% misses=0 inserts=0 evictions=0 recycled=0 allocs=0 pin_skips=0 gated=0 ramp=2..50 bar=0 suppressed=0 wide_skips=0 served=0.0MB copied=0.0MB ssd_avoided=0.0GB live=0/0.0GB model=0 protected=0 declined=0 topup_suppressed=0 aged=0 into=0/0/0 pending=0
[mirror-split] internal=0 K3C=0 K3B=0 K3A=0  shares=0%/0%/0%/0%
[phases] mono=358134.195602 chunks=33 sequence=85.795s read_wait=0.171s bind_upload=1.606s attention_resident=6.518s expert_read_prefetch=35.751s expert_demand_read=22.239s expert_plan=2.417s expert_hint=0.000s expert_submit=0.000s expert_kernel=41.112s source_fence=0.000s tail_head_sync=0.516s layer_other=0.083s expert_read_gross=33.335s plan_hint=2.320s plan_sched=0.095s attn_total=6.957s attn_encode=1.759s attn_wait=4.596s attn_drain=0.603s kernel_total=16.746s kernel_host=1.119s kernel_wait=5.554s kernel_drain=10.073s
[attn-split] single: calls=2604 total=2.321s encode=0.796s wait=0.922s drain=0.603s waits=4508 untimed=821 | wide: calls=558 total=4.637s encode=0.963s wait=3.674s drain=0.000s waits=552 untimed=552 | hint: calls=3128 total=2.396s encode=0.008s wait=2.388s drain=0.000s waits=3280 untimed=3280
[kernel-split] single: calls=2841 total=9.913s encode=0.285s wait=0.163s drain=9.465s waits=3032 untimed=2312 | wide: calls=1090 total=6.833s encode=0.834s wait=5.391s drain=0.608s waits=1090 untimed=0
[kernel-sub] materialize=0.405s moe=6.367s precommit=9.466s rest=0.508s
[metal-cache] calls=7940 zero_copy_wraps=265 copies=0 cache_entries=144 bindless=true
 be
[stats] generated=38 elapsed=90.803s speed=0.4185 token/s (2.390 s/token) chunks=34 committed_rows=75 verify_tx=5 drafts=4/10 layer_passes=3162 expert_rows=7268 expert_tiles=3601
[verify-width] w1=0 w2=5 w3=0 w4=0 w5=0 w6=0 w7=0 w8+=0              (w1 share 0.0% of 5 transactions)
[opens] expert file opens=144783 total=1.915s mean=0.013ms requested_bytes=1927139867840 (1927.1 GB)
[arrival] tiles=682 waves=1019 uncovered_wait=25.117s dispatch=5.275s
[retain] enabled=false cap_gb=8 layers=63..=92 consults=0 wanted=0 hits=0 inserts=0 served=0.0MB
[summer] enabled=false cap_gb=8 sample=16 consults=0 wanted=0 hits=0 hit_rate=0.0% misses=0 inserts=0 evictions=0 recycled=0 allocs=0 pin_skips=0 gated=0 ramp=2..50 bar=0 suppressed=0 wide_skips=0 served=0.0MB copied=0.0MB ssd_avoided=0.0GB live=0/0.0GB model=0 protected=0 declined=0 topup_suppressed=0 aged=0 into=0/0/0 pending=0
[mirror-split] internal=0 K3C=0 K3B=0 K3A=0  shares=0%/0%/0%/0%
[phases] mono=358135.809793 chunks=34 sequence=87.408s read_wait=0.171s bind_upload=1.606s attention_resident=6.606s expert_read_prefetch=36.893s expert_demand_read=22.906s expert_plan=2.497s expert_hint=0.000s expert_submit=0.000s expert_kernel=41.477s source_fence=0.000s tail_head_sync=0.533s layer_other=0.085s expert_read_gross=34.395s plan_hint=2.400s plan_sched=0.096s attn_total=7.045s attn_encode=1.792s attn_wait=4.629s attn_drain=0.624s kernel_total=17.102s kernel_host=1.131s kernel_wait=5.559s kernel_drain=10.412s
[attn-split] single: calls=2697 total=2.408s encode=0.830s wait=0.955s drain=0.624s waits=4669 untimed=845 | wide: calls=558 total=4.637s encode=0.963s wait=3.674s drain=0.000s waits=552 untimed=552 | hint: calls=3220 total=2.476s encode=0.008s wait=2.467s drain=0.000s waits=3371 untimed=3371
[kernel-split] single: calls=2940 total=10.268s encode=0.296s wait=0.168s drain=9.804s waits=3139 untimed=2396 | wide: calls=1090 total=6.833s encode=0.834s wait=5.391s drain=0.608s waits=1090 untimed=0
[kernel-sub] materialize=0.405s moe=6.377s precommit=9.807s rest=0.513s
[metal-cache] calls=8039 zero_copy_wraps=265 copies=0 cache_entries=144 bindless=true
 displayed
[stats] generated=39 elapsed=92.388s speed=0.4221 token/s (2.369 s/token) chunks=35 committed_rows=76 verify_tx=5 drafts=4/10 layer_passes=3255 expert_rows=7360 expert_tiles=3693
[verify-width] w1=0 w2=5 w3=0 w4=0 w5=0 w6=0 w7=0 w8+=0              (w1 share 0.0% of 5 transactions)
[opens] expert file opens=148829 total=1.968s mean=0.013ms requested_bytes=1962602953920 (1962.6 GB)
[arrival] tiles=683 waves=1026 uncovered_wait=25.127s dispatch=5.288s
[retain] enabled=false cap_gb=8 layers=63..=92 consults=0 wanted=0 hits=0 inserts=0 served=0.0MB
[summer] enabled=false cap_gb=8 sample=16 consults=0 wanted=0 hits=0 hit_rate=0.0% misses=0 inserts=0 evictions=0 recycled=0 allocs=0 pin_skips=0 gated=0 ramp=2..50 bar=0 suppressed=0 wide_skips=0 served=0.0MB copied=0.0MB ssd_avoided=0.0GB live=0/0.0GB model=0 protected=0 declined=0 topup_suppressed=0 aged=0 into=0/0/0 pending=0
[mirror-split] internal=0 K3C=0 K3B=0 K3A=0  shares=0%/0%/0%/0%
[phases] mono=358137.394807 chunks=35 sequence=88.992s read_wait=0.171s bind_upload=1.606s attention_resident=6.676s expert_read_prefetch=38.043s expert_demand_read=23.573s expert_plan=2.580s expert_hint=0.000s expert_submit=0.000s expert_kernel=41.822s source_fence=0.000s tail_head_sync=0.550s layer_other=0.086s expert_read_gross=35.463s plan_hint=2.481s plan_sched=0.098s attn_total=7.115s attn_encode=1.816s attn_wait=4.648s attn_drain=0.651s kernel_total=17.435s kernel_host=1.142s kernel_wait=5.565s kernel_drain=10.729s
[attn-split] single: calls=2790 total=2.478s encode=0.853s wait=0.974s drain=0.651s waits=4830 untimed=866 | wide: calls=558 total=4.637s encode=0.963s wait=3.674s drain=0.000s waits=552 untimed=552 | hint: calls=3312 total=2.557s encode=0.009s wait=2.549s drain=0.000s waits=3462 untimed=3462
[kernel-split] single: calls=3038 total=10.602s encode=0.308s wait=0.174s drain=10.121s waits=3244 untimed=2477 | wide: calls=1090 total=6.833s encode=0.834s wait=5.391s drain=0.608s waits=1090 untimed=0
[kernel-sub] materialize=0.405s moe=6.390s precommit=10.123s rest=0.517s
[metal-cache] calls=8137 zero_copy_wraps=265 copies=0 cache_entries=144 bindless=true
 for
[stats] generated=40 elapsed=93.911s speed=0.4259 token/s (2.348 s/token) chunks=36 committed_rows=77 verify_tx=5 drafts=4/10 layer_passes=3348 expert_rows=7452 expert_tiles=3785
[verify-width] w1=0 w2=5 w3=0 w4=0 w5=0 w6=0 w7=0 w8+=0              (w1 share 0.0% of 5 transactions)
[opens] expert file opens=152653 total=2.018s mean=0.013ms requested_bytes=1996127059136 (1996.1 GB)
[arrival] tiles=684 waves=1032 uncovered_wait=25.138s dispatch=5.297s
[retain] enabled=false cap_gb=8 layers=63..=92 consults=0 wanted=0 hits=0 inserts=0 served=0.0MB
[summer] enabled=false cap_gb=8 sample=16 consults=0 wanted=0 hits=0 hit_rate=0.0% misses=0 inserts=0 evictions=0 recycled=0 allocs=0 pin_skips=0 gated=0 ramp=2..50 bar=0 suppressed=0 wide_skips=0 served=0.0MB copied=0.0MB ssd_avoided=0.0GB live=0/0.0GB model=0 protected=0 declined=0 topup_suppressed=0 aged=0 into=0/0/0 pending=0
[mirror-split] internal=0 K3C=0 K3B=0 K3A=0  shares=0%/0%/0%/0%
[phases] mono=358138.918351 chunks=36 sequence=90.514s read_wait=0.171s bind_upload=1.606s attention_resident=6.752s expert_read_prefetch=39.126s expert_demand_read=24.244s expert_plan=2.652s expert_hint=0.000s expert_submit=0.000s expert_kernel=42.170s source_fence=0.000s tail_head_sync=0.563s layer_other=0.088s expert_read_gross=36.474s plan_hint=2.553s plan_sched=0.099s attn_total=7.191s attn_encode=1.842s attn_wait=4.677s attn_drain=0.672s kernel_total=17.773s kernel_host=1.151s kernel_wait=5.569s kernel_drain=11.054s
[attn-split] single: calls=2883 total=2.554s encode=0.880s wait=1.003s drain=0.672s waits=4991 untimed=890 | wide: calls=558 total=4.637s encode=0.963s wait=3.674s drain=0.000s waits=552 untimed=552 | hint: calls=3404 total=2.628s encode=0.009s wait=2.620s drain=0.000s waits=3553 untimed=3553
[kernel-split] single: calls=3135 total=10.940s encode=0.316s wait=0.178s drain=10.446s waits=3347 untimed=2558 | wide: calls=1090 total=6.833s encode=0.834s wait=5.391s drain=0.608s waits=1090 untimed=0
[kernel-sub] materialize=0.405s moe=6.398s precommit=10.449s rest=0.521s
[metal-cache] calls=8234 zero_copy_wraps=265 copies=0 cache_entries=144 bindless=true
[route-chain] chained=2070
[route-chain] dedup_hits=2070
 exactly
[stats] generated=41 elapsed=95.426s speed=0.4297 token/s (2.327 s/token) chunks=37 committed_rows=78 verify_tx=5 drafts=4/10 layer_passes=3441 expert_rows=7544 expert_tiles=3877
[verify-width] w1=0 w2=5 w3=0 w4=0 w5=0 w6=0 w7=0 w8+=0              (w1 share 0.0% of 5 transactions)
[opens] expert file opens=156510 total=2.071s mean=0.013ms requested_bytes=2029940686016 (2029.9 GB)
[arrival] tiles=685 waves=1038 uncovered_wait=25.148s dispatch=5.306s
[retain] enabled=false cap_gb=8 layers=63..=92 consults=0 wanted=0 hits=0 inserts=0 served=0.0MB
[summer] enabled=false cap_gb=8 sample=16 consults=0 wanted=0 hits=0 hit_rate=0.0% misses=0 inserts=0 evictions=0 recycled=0 allocs=0 pin_skips=0 gated=0 ramp=2..50 bar=0 suppressed=0 wide_skips=0 served=0.0MB copied=0.0MB ssd_avoided=0.0GB live=0/0.0GB model=0 protected=0 declined=0 topup_suppressed=0 aged=0 into=0/0/0 pending=0
[mirror-split] internal=0 K3C=0 K3B=0 K3A=0  shares=0%/0%/0%/0%
[phases] mono=358140.432905 chunks=37 sequence=92.028s read_wait=0.171s bind_upload=1.606s attention_resident=6.827s expert_read_prefetch=40.145s expert_demand_read=24.865s expert_plan=2.730s expert_hint=0.000s expert_submit=0.000s expert_kernel=42.572s source_fence=0.000s tail_head_sync=0.579s layer_other=0.090s expert_read_gross=37.415s plan_hint=2.630s plan_sched=0.100s attn_total=7.265s attn_encode=1.865s attn_wait=4.705s attn_drain=0.696s kernel_total=18.165s kernel_host=1.161s kernel_wait=5.573s kernel_drain=11.430s
[attn-split] single: calls=2976 total=2.628s encode=0.902s wait=1.031s drain=0.696s waits=5152 untimed=911 | wide: calls=558 total=4.637s encode=0.963s wait=3.674s drain=0.000s waits=552 untimed=552 | hint: calls=3496 total=2.705s encode=0.009s wait=2.696s drain=0.000s waits=3644 untimed=3644
[kernel-split] single: calls=3232 total=11.331s encode=0.327s wait=0.182s drain=10.822s waits=3450 untimed=2641 | wide: calls=1090 total=6.833s encode=0.834s wait=5.391s drain=0.608s waits=1090 untimed=0
[kernel-sub] materialize=0.405s moe=6.407s precommit=10.826s rest=0.526s
[metal-cache] calls=8331 zero_copy_wraps=265 copies=0 cache_entries=144 bindless=true
 one
[stats] generated=42 elapsed=96.967s speed=0.4331 token/s (2.309 s/token) chunks=38 committed_rows=79 verify_tx=5 drafts=4/10 layer_passes=3534 expert_rows=7636 expert_tiles=3969
[verify-width] w1=0 w2=5 w3=0 w4=0 w5=0 w6=0 w7=0 w8+=0              (w1 share 0.0% of 5 transactions)
[opens] expert file opens=160364 total=2.123s mean=0.013ms requested_bytes=2063745547456 (2063.7 GB)
[arrival] tiles=686 waves=1046 uncovered_wait=25.157s dispatch=5.317s
[retain] enabled=false cap_gb=8 layers=63..=92 consults=0 wanted=0 hits=0 inserts=0 served=0.0MB
[summer] enabled=false cap_gb=8 sample=16 consults=0 wanted=0 hits=0 hit_rate=0.0% misses=0 inserts=0 evictions=0 recycled=0 allocs=0 pin_skips=0 gated=0 ramp=2..50 bar=0 suppressed=0 wide_skips=0 served=0.0MB copied=0.0MB ssd_avoided=0.0GB live=0/0.0GB model=0 protected=0 declined=0 topup_suppressed=0 aged=0 into=0/0/0 pending=0
[mirror-split] internal=0 K3C=0 K3B=0 K3A=0  shares=0%/0%/0%/0%
[phases] mono=358141.973765 chunks=38 sequence=93.568s read_wait=0.171s bind_upload=1.606s attention_resident=6.912s expert_read_prefetch=41.230s expert_demand_read=25.524s expert_plan=2.794s expert_hint=0.000s expert_submit=0.000s expert_kernel=42.926s source_fence=0.000s tail_head_sync=0.594s layer_other=0.091s expert_read_gross=38.436s plan_hint=2.692s plan_sched=0.101s attn_total=7.350s attn_encode=1.905s attn_wait=4.735s attn_drain=0.710s kernel_total=18.510s kernel_host=1.171s kernel_wait=5.581s kernel_drain=11.757s
[attn-split] single: calls=3069 total=2.713s encode=0.942s wait=1.061s drain=0.710s waits=5313 untimed=940 | wide: calls=558 total=4.637s encode=0.963s wait=3.674s drain=0.000s waits=552 untimed=552 | hint: calls=3588 total=2.768s encode=0.009s wait=2.758s drain=0.000s waits=3735 untimed=3735
[kernel-split] single: calls=3331 total=11.677s encode=0.337s wait=0.190s drain=11.150s waits=3557 untimed=2729 | wide: calls=1090 total=6.833s encode=0.834s wait=5.391s drain=0.608s waits=1090 untimed=0
[kernel-sub] materialize=0.405s moe=6.419s precommit=11.155s rest=0.531s
[metal-cache] calls=8430 zero_copy_wraps=265 copies=0 cache_entries=144 bindless=true
 night
[stats] generated=43 elapsed=98.455s speed=0.4367 token/s (2.290 s/token) chunks=39 committed_rows=80 verify_tx=5 drafts=4/10 layer_passes=3627 expert_rows=7728 expert_tiles=4061
[verify-width] w1=0 w2=5 w3=0 w4=0 w5=0 w6=0 w7=0 w8+=0              (w1 share 0.0% of 5 transactions)
[opens] expert file opens=164210 total=2.175s mean=0.013ms requested_bytes=2097489001664 (2097.5 GB)
[arrival] tiles=687 waves=1054 uncovered_wait=25.168s dispatch=5.329s
[retain] enabled=false cap_gb=8 layers=63..=92 consults=0 wanted=0 hits=0 inserts=0 served=0.0MB
[summer] enabled=false cap_gb=8 sample=16 consults=0 wanted=0 hits=0 hit_rate=0.0% misses=0 inserts=0 evictions=0 recycled=0 allocs=0 pin_skips=0 gated=0 ramp=2..50 bar=0 suppressed=0 wide_skips=0 served=0.0MB copied=0.0MB ssd_avoided=0.0GB live=0/0.0GB model=0 protected=0 declined=0 topup_suppressed=0 aged=0 into=0/0/0 pending=0
[mirror-split] internal=0 K3C=0 K3B=0 K3A=0  shares=0%/0%/0%/0%
[phases] mono=358143.462132 chunks=39 sequence=95.055s read_wait=0.171s bind_upload=1.606s attention_resident=6.980s expert_read_prefetch=42.296s expert_demand_read=26.116s expert_plan=2.874s expert_hint=0.000s expert_submit=0.000s expert_kernel=43.261s source_fence=0.000s tail_head_sync=0.610s layer_other=0.093s expert_read_gross=39.422s plan_hint=2.771s plan_sched=0.102s attn_total=7.418s attn_encode=1.928s attn_wait=4.763s attn_drain=0.727s kernel_total=18.834s kernel_host=1.180s kernel_wait=5.588s kernel_drain=12.066s
[attn-split] single: calls=3162 total=2.781s encode=0.965s wait=1.089s drain=0.727s waits=5474 untimed=964 | wide: calls=558 total=4.637s encode=0.963s wait=3.674s drain=0.000s waits=552 untimed=552 | hint: calls=3680 total=2.847s encode=0.009s wait=2.838s drain=0.000s waits=3826 untimed=3826
[kernel-split] single: calls=3430 total=12.000s encode=0.346s wait=0.197s drain=11.458s waits=3664 untimed=2812 | wide: calls=1090 total=6.833s encode=0.834s wait=5.391s drain=0.608s waits=1090 untimed=0
[kernel-sub] materialize=0.405s moe=6.430s precommit=11.464s rest=0.535s
[metal-cache] calls=8529 zero_copy_wraps=265 copies=0 cache_entries=144 bindless=true
 at
[stats] generated=44 elapsed=99.925s speed=0.4403 token/s (2.271 s/token) chunks=40 committed_rows=81 verify_tx=5 drafts=4/10 layer_passes=3720 expert_rows=7820 expert_tiles=4153
[verify-width] w1=0 w2=5 w3=0 w4=0 w5=0 w6=0 w7=0 w8+=0              (w1 share 0.0% of 5 transactions)
[opens] expert file opens=168031 total=2.226s mean=0.013ms requested_bytes=2131004325056 (2131.0 GB)
[arrival] tiles=688 waves=1060 uncovered_wait=25.176s dispatch=5.339s
[retain] enabled=false cap_gb=8 layers=63..=92 consults=0 wanted=0 hits=0 inserts=0 served=0.0MB
[summer] enabled=false cap_gb=8 sample=16 consults=0 wanted=0 hits=0 hit_rate=0.0% misses=0 inserts=0 evictions=0 recycled=0 allocs=0 pin_skips=0 gated=0 ramp=2..50 bar=0 suppressed=0 wide_skips=0 served=0.0MB copied=0.0MB ssd_avoided=0.0GB live=0/0.0GB model=0 protected=0 declined=0 topup_suppressed=0 aged=0 into=0/0/0 pending=0
[mirror-split] internal=0 K3C=0 K3B=0 K3A=0  shares=0%/0%/0%/0%
[phases] mono=358144.931529 chunks=40 sequence=96.523s read_wait=0.171s bind_upload=1.606s attention_resident=7.061s expert_read_prefetch=43.274s expert_demand_read=26.695s expert_plan=2.955s expert_hint=0.000s expert_submit=0.000s expert_kernel=43.651s source_fence=0.000s tail_head_sync=0.627s layer_other=0.094s expert_read_gross=40.320s plan_hint=2.851s plan_sched=0.103s attn_total=7.498s attn_encode=1.952s attn_wait=4.795s attn_drain=0.751s kernel_total=19.215s kernel_host=1.191s kernel_wait=5.593s kernel_drain=12.431s
[attn-split] single: calls=3255 total=2.862s encode=0.990s wait=1.121s drain=0.751s waits=5635 untimed=988 | wide: calls=558 total=4.637s encode=0.963s wait=3.674s drain=0.000s waits=552 untimed=552 | hint: calls=3772 total=2.926s encode=0.010s wait=2.917s drain=0.000s waits=3917 untimed=3917
[kernel-split] single: calls=3527 total=12.382s encode=0.357s wait=0.202s drain=11.823s waits=3767 untimed=2892 | wide: calls=1090 total=6.833s encode=0.834s wait=5.391s drain=0.608s waits=1090 untimed=0
[kernel-sub] materialize=0.405s moe=6.440s precommit=11.830s rest=0.540s
[metal-cache] calls=8626 zero_copy_wraps=265 copies=0 cache_entries=144 bindless=true
 the
[stats] generated=45 elapsed=101.392s speed=0.4438 token/s (2.253 s/token) chunks=41 committed_rows=82 verify_tx=5 drafts=4/10 layer_passes=3813 expert_rows=7912 expert_tiles=4245
[verify-width] w1=0 w2=5 w3=0 w4=0 w5=0 w6=0 w7=0 w8+=0              (w1 share 0.0% of 5 transactions)
[opens] expert file opens=171840 total=2.274s mean=0.013ms requested_bytes=2164431928512 (2164.4 GB)
[arrival] tiles=689 waves=1068 uncovered_wait=25.190s dispatch=5.348s
[retain] enabled=false cap_gb=8 layers=63..=92 consults=0 wanted=0 hits=0 inserts=0 served=0.0MB
[summer] enabled=false cap_gb=8 sample=16 consults=0 wanted=0 hits=0 hit_rate=0.0% misses=0 inserts=0 evictions=0 recycled=0 allocs=0 pin_skips=0 gated=0 ramp=2..50 bar=0 suppressed=0 wide_skips=0 served=0.0MB copied=0.0MB ssd_avoided=0.0GB live=0/0.0GB model=0 protected=0 declined=0 topup_suppressed=0 aged=0 into=0/0/0 pending=0
[mirror-split] internal=0 K3C=0 K3B=0 K3A=0  shares=0%/0%/0%/0%
[phases] mono=358146.399176 chunks=41 sequence=97.989s read_wait=0.171s bind_upload=1.606s attention_resident=7.126s expert_read_prefetch=44.313s expert_demand_read=27.288s expert_plan=3.030s expert_hint=0.000s expert_submit=0.000s expert_kernel=43.997s source_fence=0.000s tail_head_sync=0.641s layer_other=0.096s expert_read_gross=41.284s plan_hint=2.925s plan_sched=0.104s attn_total=7.564s attn_encode=1.973s attn_wait=4.822s attn_drain=0.769s kernel_total=19.548s kernel_host=1.200s kernel_wait=5.599s kernel_drain=12.749s
[attn-split] single: calls=3348 total=2.927s encode=1.010s wait=1.148s drain=0.769s waits=5796 untimed=1018 | wide: calls=558 total=4.637s encode=0.963s wait=3.674s drain=0.000s waits=552 untimed=552 | hint: calls=3864 total=3.000s encode=0.010s wait=2.990s drain=0.000s waits=4008 untimed=4008
[kernel-split] single: calls=3626 total=12.714s encode=0.365s wait=0.208s drain=12.141s waits=3874 untimed=2976 | wide: calls=1090 total=6.833s encode=0.834s wait=5.391s drain=0.608s waits=1090 untimed=0
[kernel-sub] materialize=0.405s moe=6.449s precommit=12.150s rest=0.544s
[metal-cache] calls=8725 zero_copy_wraps=265 copies=0 cache_entries=144 bindless=true
 Casino
[stats] generated=46 elapsed=102.965s speed=0.4468 token/s (2.238 s/token) chunks=42 committed_rows=83 verify_tx=5 drafts=4/10 layer_passes=3906 expert_rows=8004 expert_tiles=4337
[verify-width] w1=0 w2=5 w3=0 w4=0 w5=0 w6=0 w7=0 w8+=0              (w1 share 0.0% of 5 transactions)
[opens] expert file opens=175869 total=2.330s mean=0.013ms requested_bytes=2199780932800 (2199.8 GB)
[arrival] tiles=690 waves=1072 uncovered_wait=25.201s dispatch=5.355s
[retain] enabled=false cap_gb=8 layers=63..=92 consults=0 wanted=0 hits=0 inserts=0 served=0.0MB
[summer] enabled=false cap_gb=8 sample=16 consults=0 wanted=0 hits=0 hit_rate=0.0% misses=0 inserts=0 evictions=0 recycled=0 allocs=0 pin_skips=0 gated=0 ramp=2..50 bar=0 suppressed=0 wide_skips=0 served=0.0MB copied=0.0MB ssd_avoided=0.0GB live=0/0.0GB model=0 protected=0 declined=0 topup_suppressed=0 aged=0 into=0/0/0 pending=0
[mirror-split] internal=0 K3C=0 K3B=0 K3A=0  shares=0%/0%/0%/0%
[phases] mono=358147.972042 chunks=42 sequence=99.561s read_wait=0.171s bind_upload=1.606s attention_resident=7.216s expert_read_prefetch=45.414s expert_demand_read=27.942s expert_plan=3.104s expert_hint=0.000s expert_submit=0.000s expert_kernel=44.361s source_fence=0.000s tail_head_sync=0.657s layer_other=0.097s expert_read_gross=42.309s plan_hint=2.998s plan_sched=0.105s attn_total=7.654s attn_encode=2.012s attn_wait=4.846s attn_drain=0.796s kernel_total=19.900s kernel_host=1.208s kernel_wait=5.603s kernel_drain=13.089s
[attn-split] single: calls=3441 total=3.017s encode=1.049s wait=1.172s drain=0.796s waits=5957 untimed=1039 | wide: calls=558 total=4.637s encode=0.963s wait=3.674s drain=0.000s waits=552 untimed=552 | hint: calls=3956 total=3.073s encode=0.010s wait=3.063s drain=0.000s waits=4099 untimed=4099
[kernel-split] single: calls=3721 total=13.067s encode=0.374s wait=0.212s drain=12.481s waits=3973 untimed=3057 | wide: calls=1090 total=6.833s encode=0.834s wait=5.391s drain=0.608s waits=1090 untimed=0
[kernel-sub] materialize=0.405s moe=6.456s precommit=12.490s rest=0.548s
[metal-cache] calls=8820 zero_copy_wraps=265 copies=0 cache_entries=144 bindless=true
 de
[stats] generated=47 elapsed=104.384s speed=0.4503 token/s (2.221 s/token) chunks=43 committed_rows=84 verify_tx=5 drafts=4/10 layer_passes=3999 expert_rows=8096 expert_tiles=4429
[verify-width] w1=0 w2=5 w3=0 w4=0 w5=0 w6=0 w7=0 w8+=0              (w1 share 0.0% of 5 transactions)
[opens] expert file opens=179639 total=2.381s mean=0.013ms requested_bytes=2232822496448 (2232.8 GB)
[arrival] tiles=691 waves=1079 uncovered_wait=25.209s dispatch=5.365s
[retain] enabled=false cap_gb=8 layers=63..=92 consults=0 wanted=0 hits=0 inserts=0 served=0.0MB
[summer] enabled=false cap_gb=8 sample=16 consults=0 wanted=0 hits=0 hit_rate=0.0% misses=0 inserts=0 evictions=0 recycled=0 allocs=0 pin_skips=0 gated=0 ramp=2..50 bar=0 suppressed=0 wide_skips=0 served=0.0MB copied=0.0MB ssd_avoided=0.0GB live=0/0.0GB model=0 protected=0 declined=0 topup_suppressed=0 aged=0 into=0/0/0 pending=0
[mirror-split] internal=0 K3C=0 K3B=0 K3A=0  shares=0%/0%/0%/0%
[phases] mono=358149.391282 chunks=43 sequence=100.979s read_wait=0.171s bind_upload=1.606s attention_resident=7.287s expert_read_prefetch=46.362s expert_demand_read=28.505s expert_plan=3.192s expert_hint=0.000s expert_submit=0.000s expert_kernel=44.740s source_fence=0.000s tail_head_sync=0.674s layer_other=0.099s expert_read_gross=43.170s plan_hint=3.085s plan_sched=0.106s attn_total=7.724s attn_encode=2.032s attn_wait=4.878s attn_drain=0.815s kernel_total=20.271s kernel_host=1.217s kernel_wait=5.609s kernel_drain=13.445s
[attn-split] single: calls=3534 total=3.088s encode=1.069s wait=1.204s drain=0.815s waits=6118 untimed=1068 | wide: calls=558 total=4.637s encode=0.963s wait=3.674s drain=0.000s waits=552 untimed=552 | hint: calls=4048 total=3.160s encode=0.010s wait=3.150s drain=0.000s waits=4190 untimed=4190
[kernel-split] single: calls=3819 total=13.437s encode=0.383s wait=0.218s drain=12.837s waits=4078 untimed=3140 | wide: calls=1090 total=6.833s encode=0.834s wait=5.391s drain=0.608s waits=1090 untimed=0
[kernel-sub] materialize=0.405s moe=6.466s precommit=12.847s rest=0.553s
[metal-cache] calls=8918 zero_copy_wraps=265 copies=0 cache_entries=144 bindless=true
 Monte
[stats] generated=48 elapsed=105.848s speed=0.4535 token/s (2.205 s/token) chunks=44 committed_rows=85 verify_tx=5 drafts=4/10 layer_passes=4092 expert_rows=8188 expert_tiles=4521
[verify-width] w1=0 w2=5 w3=0 w4=0 w5=0 w6=0 w7=0 w8+=0              (w1 share 0.0% of 5 transactions)
[opens] expert file opens=183373 total=2.430s mean=0.013ms requested_bytes=2265565740224 (2265.6 GB)
[arrival] tiles=692 waves=1086 uncovered_wait=25.219s dispatch=5.375s
[retain] enabled=false cap_gb=8 layers=63..=92 consults=0 wanted=0 hits=0 inserts=0 served=0.0MB
[summer] enabled=false cap_gb=8 sample=16 consults=0 wanted=0 hits=0 hit_rate=0.0% misses=0 inserts=0 evictions=0 recycled=0 allocs=0 pin_skips=0 gated=0 ramp=2..50 bar=0 suppressed=0 wide_skips=0 served=0.0MB copied=0.0MB ssd_avoided=0.0GB live=0/0.0GB model=0 protected=0 declined=0 topup_suppressed=0 aged=0 into=0/0/0 pending=0
[mirror-split] internal=0 K3C=0 K3B=0 K3A=0  shares=0%/0%/0%/0%
[phases] mono=358150.854771 chunks=44 sequence=102.441s read_wait=0.171s bind_upload=1.606s attention_resident=7.356s expert_read_prefetch=47.383s expert_demand_read=29.123s expert_plan=3.279s expert_hint=0.000s expert_submit=0.000s expert_kernel=45.097s source_fence=0.000s tail_head_sync=0.688s layer_other=0.100s expert_read_gross=44.104s plan_hint=3.171s plan_sched=0.108s attn_total=7.793s attn_encode=2.054s attn_wait=4.901s attn_drain=0.838s kernel_total=20.618s kernel_host=1.227s kernel_wait=5.614s kernel_drain=13.777s
[attn-split] single: calls=3627 total=3.156s encode=1.091s wait=1.228s drain=0.838s waits=6279 untimed=1095 | wide: calls=558 total=4.637s encode=0.963s wait=3.674s drain=0.000s waits=552 untimed=552 | hint: calls=4140 total=3.246s encode=0.010s wait=3.236s drain=0.000s waits=4281 untimed=4281
[kernel-split] single: calls=3917 total=13.784s encode=0.393s wait=0.223s drain=13.169s waits=4183 untimed=3223 | wide: calls=1090 total=6.833s encode=0.834s wait=5.391s drain=0.608s waits=1090 untimed=0
[kernel-sub] materialize=0.405s moe=6.475s precommit=13.180s rest=0.557s
[metal-cache] calls=9016 zero_copy_wraps=265 copies=0 cache_entries=144 bindless=true
-C
[stats] generated=49 elapsed=107.316s speed=0.4566 token/s (2.190 s/token) chunks=45 committed_rows=86 verify_tx=5 drafts=4/10 layer_passes=4185 expert_rows=8280 expert_tiles=4613
[verify-width] w1=0 w2=5 w3=0 w4=0 w5=0 w6=0 w7=0 w8+=0              (w1 share 0.0% of 5 transactions)
[opens] expert file opens=187187 total=2.483s mean=0.013ms requested_bytes=2299002109120 (2299.0 GB)
[arrival] tiles=693 waves=1094 uncovered_wait=25.228s dispatch=5.386s
[retain] enabled=false cap_gb=8 layers=63..=92 consults=0 wanted=0 hits=0 inserts=0 served=0.0MB
[summer] enabled=false cap_gb=8 sample=16 consults=0 wanted=0 hits=0 hit_rate=0.0% misses=0 inserts=0 evictions=0 recycled=0 allocs=0 pin_skips=0 gated=0 ramp=2..50 bar=0 suppressed=0 wide_skips=0 served=0.0MB copied=0.0MB ssd_avoided=0.0GB live=0/0.0GB model=0 protected=0 declined=0 topup_suppressed=0 aged=0 into=0/0/0 pending=0
[mirror-split] internal=0 K3C=0 K3B=0 K3A=0  shares=0%/0%/0%/0%
[phases] mono=358152.322633 chunks=45 sequence=103.907s read_wait=0.171s bind_upload=1.606s attention_resident=7.425s expert_read_prefetch=48.437s expert_demand_read=29.783s expert_plan=3.357s expert_hint=0.000s expert_submit=0.000s expert_kernel=45.426s source_fence=0.000s tail_head_sync=0.702s layer_other=0.102s expert_read_gross=45.079s plan_hint=3.248s plan_sched=0.109s attn_total=7.862s attn_encode=2.075s attn_wait=4.935s attn_drain=0.851s kernel_total=20.938s kernel_host=1.238s kernel_wait=5.619s kernel_drain=14.081s
[attn-split] single: calls=3720 total=3.225s encode=1.113s wait=1.261s drain=0.851s waits=6440 untimed=1133 | wide: calls=558 total=4.637s encode=0.963s wait=3.674s drain=0.000s waits=552 untimed=552 | hint: calls=4232 total=3.323s encode=0.011s wait=3.313s drain=0.000s waits=4372 untimed=4372
[kernel-split] single: calls=4016 total=14.105s encode=0.404s wait=0.227s drain=13.474s waits=4290 untimed=3311 | wide: calls=1090 total=6.833s encode=0.834s wait=5.391s drain=0.608s waits=1090 untimed=0
[kernel-sub] materialize=0.405s moe=6.486s precommit=13.485s rest=0.562s
[metal-cache] calls=9115 zero_copy_wraps=265 copies=0 cache_entries=144 bindless=true
arlo
[stats] generated=50 elapsed=108.814s speed=0.4595 token/s (2.176 s/token) chunks=46 committed_rows=87 verify_tx=5 drafts=4/10 layer_passes=4278 expert_rows=8372 expert_tiles=4705
[verify-width] w1=0 w2=5 w3=0 w4=0 w5=0 w6=0 w7=0 w8+=0              (w1 share 0.0% of 5 transactions)
[opens] expert file opens=190998 total=2.532s mean=0.013ms requested_bytes=2332394618048 (2332.4 GB)
[arrival] tiles=694 waves=1099 uncovered_wait=25.236s dispatch=5.395s
[retain] enabled=false cap_gb=8 layers=63..=92 consults=0 wanted=0 hits=0 inserts=0 served=0.0MB
[summer] enabled=false cap_gb=8 sample=16 consults=0 wanted=0 hits=0 hit_rate=0.0% misses=0 inserts=0 evictions=0 recycled=0 allocs=0 pin_skips=0 gated=0 ramp=2..50 bar=0 suppressed=0 wide_skips=0 served=0.0MB copied=0.0MB ssd_avoided=0.0GB live=0/0.0GB model=0 protected=0 declined=0 topup_suppressed=0 aged=0 into=0/0/0 pending=0
[mirror-split] internal=0 K3C=0 K3B=0 K3A=0  shares=0%/0%/0%/0%
[phases] mono=358153.821364 chunks=46 sequence=105.405s read_wait=0.171s bind_upload=1.606s attention_resident=7.503s expert_read_prefetch=49.527s expert_demand_read=30.419s expert_plan=3.431s expert_hint=0.000s expert_submit=0.000s expert_kernel=45.740s source_fence=0.000s tail_head_sync=0.715s layer_other=0.103s expert_read_gross=46.096s plan_hint=3.320s plan_sched=0.110s attn_total=7.940s attn_encode=2.108s attn_wait=4.961s attn_drain=0.871s kernel_total=21.243s kernel_host=1.246s kernel_wait=5.624s kernel_drain=14.373s
[attn-split] single: calls=3813 total=3.304s encode=1.145s wait=1.287s drain=0.871s waits=6601 untimed=1153 | wide: calls=558 total=4.637s encode=0.963s wait=3.674s drain=0.000s waits=552 untimed=552 | hint: calls=4324 total=3.396s encode=0.011s wait=3.385s drain=0.000s waits=4463 untimed=4463
[kernel-split] single: calls=4112 total=14.410s encode=0.412s wait=0.233s drain=13.765s waits=4391 untimed=3391 | wide: calls=1090 total=6.833s encode=0.834s wait=5.391s drain=0.608s waits=1090 untimed=0
[kernel-sub] materialize=0.405s moe=6.495s precommit=13.777s rest=0.566s
[metal-cache] calls=9211 zero_copy_wraps=265 copies=0 cache_entries=144 bindless=true
[route-chain] chained=2760
[route-chain] dedup_hits=2760
's
[stats] generated=51 elapsed=110.311s speed=0.4623 token/s (2.163 s/token) chunks=47 committed_rows=88 verify_tx=5 drafts=4/10 layer_passes=4371 expert_rows=8464 expert_tiles=4797
[verify-width] w1=0 w2=5 w3=0 w4=0 w5=0 w6=0 w7=0 w8+=0              (w1 share 0.0% of 5 transactions)
[opens] expert file opens=194901 total=2.582s mean=0.013ms requested_bytes=2366646910144 (2366.6 GB)
[arrival] tiles=695 waves=1107 uncovered_wait=25.244s dispatch=5.407s
[retain] enabled=false cap_gb=8 layers=63..=92 consults=0 wanted=0 hits=0 inserts=0 served=0.0MB
[summer] enabled=false cap_gb=8 sample=16 consults=0 wanted=0 hits=0 hit_rate=0.0% misses=0 inserts=0 evictions=0 recycled=0 allocs=0 pin_skips=0 gated=0 ramp=2..50 bar=0 suppressed=0 wide_skips=0 served=0.0MB copied=0.0MB ssd_avoided=0.0GB live=0/0.0GB model=0 protected=0 declined=0 topup_suppressed=0 aged=0 into=0/0/0 pending=0
[mirror-split] internal=0 K3C=0 K3B=0 K3A=0  shares=0%/0%/0%/0%
[phases] mono=358155.318294 chunks=47 sequence=106.900s read_wait=0.171s bind_upload=1.606s attention_resident=7.578s expert_read_prefetch=50.541s expert_demand_read=31.044s expert_plan=3.505s expert_hint=0.000s expert_submit=0.000s expert_kernel=46.129s source_fence=0.000s tail_head_sync=0.732s layer_other=0.105s expert_read_gross=47.035s plan_hint=3.393s plan_sched=0.111s attn_total=8.015s attn_encode=2.130s attn_wait=4.992s attn_drain=0.893s kernel_total=21.623s kernel_host=1.256s kernel_wait=5.630s kernel_drain=14.737s
[attn-split] single: calls=3906 total=3.378s encode=1.167s wait=1.318s drain=0.893s waits=6762 untimed=1180 | wide: calls=558 total=4.637s encode=0.963s wait=3.674s drain=0.000s waits=552 untimed=552 | hint: calls=4416 total=3.469s encode=0.011s wait=3.458s drain=0.000s waits=4554 untimed=4554
[kernel-split] single: calls=4211 total=14.790s encode=0.422s wait=0.239s drain=14.129s waits=4498 untimed=3473 | wide: calls=1090 total=6.833s encode=0.834s wait=5.391s drain=0.608s waits=1090 untimed=0
[kernel-sub] materialize=0.405s moe=6.508s precommit=14.140s rest=0.570s
[metal-cache] calls=9310 zero_copy_wraps=265 copies=0 cache_entries=144 bindless=true
 inv
[stats] generated=52 elapsed=111.790s speed=0.4652 token/s (2.150 s/token) chunks=48 committed_rows=89 verify_tx=5 drafts=4/10 layer_passes=4464 expert_rows=8556 expert_tiles=4889
[verify-width] w1=0 w2=5 w3=0 w4=0 w5=0 w6=0 w7=0 w8+=0              (w1 share 0.0% of 5 transactions)
[opens] expert file opens=198723 total=2.632s mean=0.013ms requested_bytes=2400153500864 (2400.2 GB)
[arrival] tiles=696 waves=1113 uncovered_wait=25.255s dispatch=5.417s
[retain] enabled=false cap_gb=8 layers=63..=92 consults=0 wanted=0 hits=0 inserts=0 served=0.0MB
[summer] enabled=false cap_gb=8 sample=16 consults=0 wanted=0 hits=0 hit_rate=0.0% misses=0 inserts=0 evictions=0 recycled=0 allocs=0 pin_skips=0 gated=0 ramp=2..50 bar=0 suppressed=0 wide_skips=0 served=0.0MB copied=0.0MB ssd_avoided=0.0GB live=0/0.0GB model=0 protected=0 declined=0 topup_suppressed=0 aged=0 into=0/0/0 pending=0
[mirror-split] internal=0 K3C=0 K3B=0 K3A=0  shares=0%/0%/0%/0%
[phases] mono=358156.797089 chunks=48 sequence=108.378s read_wait=0.171s bind_upload=1.606s attention_resident=7.650s expert_read_prefetch=51.572s expert_demand_read=31.679s expert_plan=3.586s expert_hint=0.000s expert_submit=0.000s expert_kernel=46.488s source_fence=0.000s tail_head_sync=0.745s layer_other=0.106s expert_read_gross=47.986s plan_hint=3.473s plan_sched=0.112s attn_total=8.086s attn_encode=2.153s attn_wait=5.019s attn_drain=0.915s kernel_total=21.972s kernel_host=1.265s kernel_wait=5.636s kernel_drain=15.071s
[attn-split] single: calls=3999 total=3.450s encode=1.190s wait=1.345s drain=0.915s waits=6923 untimed=1209 | wide: calls=558 total=4.637s encode=0.963s wait=3.674s drain=0.000s waits=552 untimed=552 | hint: calls=4508 total=3.548s encode=0.011s wait=3.537s drain=0.000s waits=4645 untimed=4645
[kernel-split] single: calls=4308 total=15.139s encode=0.431s wait=0.245s drain=14.463s waits=4601 untimed=3557 | wide: calls=1090 total=6.833s encode=0.834s wait=5.391s drain=0.608s waits=1090 untimed=0
[kernel-sub] materialize=0.405s moe=6.517s precommit=14.476s rest=0.575s
[metal-cache] calls=9407 zero_copy_wraps=265 copies=0 cache_entries=144 bindless=true
itational
[stats] generated=53 elapsed=113.298s speed=0.4678 token/s (2.138 s/token) chunks=49 committed_rows=90 verify_tx=5 drafts=4/10 layer_passes=4557 expert_rows=8648 expert_tiles=4981
[verify-width] w1=0 w2=5 w3=0 w4=0 w5=0 w6=0 w7=0 w8+=0              (w1 share 0.0% of 5 transactions)
[opens] expert file opens=202632 total=2.683s mean=0.013ms requested_bytes=2434458434752 (2434.5 GB)
[arrival] tiles=697 waves=1119 uncovered_wait=25.265s dispatch=5.431s
[retain] enabled=false cap_gb=8 layers=63..=92 consults=0 wanted=0 hits=0 inserts=0 served=0.0MB
[summer] enabled=false cap_gb=8 sample=16 consults=0 wanted=0 hits=0 hit_rate=0.0% misses=0 inserts=0 evictions=0 recycled=0 allocs=0 pin_skips=0 gated=0 ramp=2..50 bar=0 suppressed=0 wide_skips=0 served=0.0MB copied=0.0MB ssd_avoided=0.0GB live=0/0.0GB model=0 protected=0 declined=0 topup_suppressed=0 aged=0 into=0/0/0 pending=0
[mirror-split] internal=0 K3C=0 K3B=0 K3A=0  shares=0%/0%/0%/0%
[phases] mono=358158.305251 chunks=49 sequence=109.884s read_wait=0.171s bind_upload=1.606s attention_resident=7.721s expert_read_prefetch=52.667s expert_demand_read=32.314s expert_plan=3.655s expert_hint=0.000s expert_submit=0.000s expert_kernel=46.814s source_fence=0.000s tail_head_sync=0.758s layer_other=0.107s expert_read_gross=49.011s plan_hint=3.541s plan_sched=0.113s attn_total=8.158s attn_encode=2.175s attn_wait=5.046s attn_drain=0.937s kernel_total=22.288s kernel_host=1.276s kernel_wait=5.643s kernel_drain=15.370s
[attn-split] single: calls=4092 total=3.521s encode=1.212s wait=1.372s drain=0.937s waits=7084 untimed=1235 | wide: calls=558 total=4.637s encode=0.963s wait=3.674s drain=0.000s waits=552 untimed=552 | hint: calls=4600 total=3.616s encode=0.011s wait=3.605s drain=0.000s waits=4736 untimed=4736
[kernel-split] single: calls=4405 total=15.455s encode=0.441s wait=0.252s drain=14.762s waits=4704 untimed=3637 | wide: calls=1090 total=6.833s encode=0.834s wait=5.391s drain=0.608s waits=1090 untimed=0
[kernel-sub] materialize=0.405s moe=6.530s precommit=14.774s rest=0.579s
[metal-cache] calls=9504 zero_copy_wraps=265 copies=0 cache_entries=144 bindless=true
 gala
[stats] generated=54 elapsed=114.785s speed=0.4704 token/s (2.126 s/token) chunks=50 committed_rows=91 verify_tx=5 drafts=4/10 layer_passes=4650 expert_rows=8740 expert_tiles=5073
[verify-width] w1=0 w2=5 w3=0 w4=0 w5=0 w6=0 w7=0 w8+=0              (w1 share 0.0% of 5 transactions)
[opens] expert file opens=206498 total=2.736s mean=0.013ms requested_bytes=2468359830720 (2468.4 GB)
[arrival] tiles=698 waves=1127 uncovered_wait=25.278s dispatch=5.439s
[retain] enabled=false cap_gb=8 layers=63..=92 consults=0 wanted=0 hits=0 inserts=0 served=0.0MB
[summer] enabled=false cap_gb=8 sample=16 consults=0 wanted=0 hits=0 hit_rate=0.0% misses=0 inserts=0 evictions=0 recycled=0 allocs=0 pin_skips=0 gated=0 ramp=2..50 bar=0 suppressed=0 wide_skips=0 served=0.0MB copied=0.0MB ssd_avoided=0.0GB live=0/0.0GB model=0 protected=0 declined=0 topup_suppressed=0 aged=0 into=0/0/0 pending=0
[mirror-split] internal=0 K3C=0 K3B=0 K3A=0  shares=0%/0%/0%/0%
[phases] mono=358159.791964 chunks=50 sequence=111.370s read_wait=0.171s bind_upload=1.606s attention_resident=7.805s expert_read_prefetch=53.708s expert_demand_read=32.955s expert_plan=3.735s expert_hint=0.000s expert_submit=0.000s expert_kernel=47.157s source_fence=0.000s tail_head_sync=0.774s layer_other=0.108s expert_read_gross=49.973s plan_hint=3.620s plan_sched=0.114s attn_total=8.241s attn_encode=2.212s attn_wait=5.071s attn_drain=0.959s kernel_total=22.618s kernel_host=1.285s kernel_wait=5.647s kernel_drain=15.686s
[attn-split] single: calls=4185 total=3.604s encode=1.249s wait=1.397s drain=0.959s waits=7245 untimed=1259 | wide: calls=558 total=4.637s encode=0.963s wait=3.674s drain=0.000s waits=552 untimed=552 | hint: calls=4692 total=3.695s encode=0.012s wait=3.683s drain=0.000s waits=4827 untimed=4827
[kernel-split] single: calls=4504 total=15.785s encode=0.450s wait=0.256s drain=15.078s waits=4811 untimed=3715 | wide: calls=1090 total=6.833s encode=0.834s wait=5.391s drain=0.608s waits=1090 untimed=0
[kernel-sub] materialize=0.405s moe=6.539s precommit=15.091s rest=0.583s
[metal-cache] calls=9603 zero_copy_wraps=265 copies=0 cache_entries=144 bindless=true
.
[stats] generated=55 elapsed=116.301s speed=0.4729 token/s (2.115 s/token) chunks=51 committed_rows=92 verify_tx=5 drafts=4/10 layer_passes=4743 expert_rows=8832 expert_tiles=5165
[verify-width] w1=0 w2=5 w3=0 w4=0 w5=0 w6=0 w7=0 w8+=0              (w1 share 0.0% of 5 transactions)
[opens] expert file opens=210404 total=2.786s mean=0.013ms requested_bytes=2502664764608 (2502.7 GB)
[arrival] tiles=699 waves=1135 uncovered_wait=25.286s dispatch=5.450s
[retain] enabled=false cap_gb=8 layers=63..=92 consults=0 wanted=0 hits=0 inserts=0 served=0.0MB
[summer] enabled=false cap_gb=8 sample=16 consults=0 wanted=0 hits=0 hit_rate=0.0% misses=0 inserts=0 evictions=0 recycled=0 allocs=0 pin_skips=0 gated=0 ramp=2..50 bar=0 suppressed=0 wide_skips=0 served=0.0MB copied=0.0MB ssd_avoided=0.0GB live=0/0.0GB model=0 protected=0 declined=0 topup_suppressed=0 aged=0 into=0/0/0 pending=0
[mirror-split] internal=0 K3C=0 K3B=0 K3A=0  shares=0%/0%/0%/0%
[phases] mono=358161.308202 chunks=51 sequence=112.885s read_wait=0.171s bind_upload=1.606s attention_resident=7.882s expert_read_prefetch=54.746s expert_demand_read=33.573s expert_plan=3.809s expert_hint=0.000s expert_submit=0.000s expert_kernel=47.543s source_fence=0.000s tail_head_sync=0.787s layer_other=0.110s expert_read_gross=50.937s plan_hint=3.693s plan_sched=0.115s attn_total=8.318s attn_encode=2.236s attn_wait=5.101s attn_drain=0.980s kernel_total=22.996s kernel_host=1.294s kernel_wait=5.654s kernel_drain=16.047s
[attn-split] single: calls=4278 total=3.681s encode=1.274s wait=1.427s drain=0.980s waits=7406 untimed=1285 | wide: calls=558 total=4.637s encode=0.963s wait=3.674s drain=0.000s waits=552 untimed=552 | hint: calls=4784 total=3.768s encode=0.012s wait=3.756s drain=0.000s waits=4918 untimed=4918
[kernel-split] single: calls=4603 total=16.162s encode=0.460s wait=0.263s drain=15.440s waits=4918 untimed=3797 | wide: calls=1090 total=6.833s encode=0.834s wait=5.391s drain=0.608s waits=1090 untimed=0
[kernel-sub] materialize=0.405s moe=6.549s precommit=15.454s rest=0.588s
[metal-cache] calls=9702 zero_copy_wraps=265 copies=0 cache_entries=144 bindless=true
 Her
[stats] generated=56 elapsed=117.817s speed=0.4753 token/s (2.104 s/token) chunks=52 committed_rows=93 verify_tx=5 drafts=4/10 layer_passes=4836 expert_rows=8924 expert_tiles=5257
[verify-width] w1=0 w2=5 w3=0 w4=0 w5=0 w6=0 w7=0 w8+=0              (w1 share 0.0% of 5 transactions)
[opens] expert file opens=214311 total=2.839s mean=0.013ms requested_bytes=2536934620352 (2536.9 GB)
[arrival] tiles=700 waves=1139 uncovered_wait=25.295s dispatch=5.459s
[retain] enabled=false cap_gb=8 layers=63..=92 consults=0 wanted=0 hits=0 inserts=0 served=0.0MB
[summer] enabled=false cap_gb=8 sample=16 consults=0 wanted=0 hits=0 hit_rate=0.0% misses=0 inserts=0 evictions=0 recycled=0 allocs=0 pin_skips=0 gated=0 ramp=2..50 bar=0 suppressed=0 wide_skips=0 served=0.0MB copied=0.0MB ssd_avoided=0.0GB live=0/0.0GB model=0 protected=0 declined=0 topup_suppressed=0 aged=0 into=0/0/0 pending=0
[mirror-split] internal=0 K3C=0 K3B=0 K3A=0  shares=0%/0%/0%/0%
[phases] mono=358162.824252 chunks=52 sequence=114.400s read_wait=0.171s bind_upload=1.606s attention_resident=7.956s expert_read_prefetch=55.813s expert_demand_read=34.204s expert_plan=3.887s expert_hint=0.000s expert_submit=0.000s expert_kernel=47.900s source_fence=0.000s tail_head_sync=0.802s layer_other=0.111s expert_read_gross=51.926s plan_hint=3.770s plan_sched=0.116s attn_total=8.391s attn_encode=2.258s attn_wait=5.128s attn_drain=1.005s kernel_total=23.343s kernel_host=1.304s kernel_wait=5.659s kernel_drain=16.381s
[attn-split] single: calls=4371 total=3.755s encode=1.295s wait=1.454s drain=1.005s waits=7567 untimed=1318 | wide: calls=558 total=4.637s encode=0.963s wait=3.674s drain=0.000s waits=552 untimed=552 | hint: calls=4876 total=3.845s encode=0.012s wait=3.833s drain=0.000s waits=5009 untimed=5009
[kernel-split] single: calls=4698 total=16.510s encode=0.469s wait=0.268s drain=15.773s waits=5017 untimed=3885 | wide: calls=1090 total=6.833s encode=0.834s wait=5.391s drain=0.608s waits=1090 untimed=0
[kernel-sub] materialize=0.405s moe=6.559s precommit=15.788s rest=0.592s
[metal-cache] calls=9797 zero_copy_wraps=265 copies=0 cache_entries=144 bindless=true
 team
[stats] generated=57 elapsed=119.327s speed=0.4777 token/s (2.093 s/token) chunks=53 committed_rows=94 verify_tx=5 drafts=4/10 layer_passes=4929 expert_rows=9016 expert_tiles=5349
[verify-width] w1=0 w2=5 w3=0 w4=0 w5=0 w6=0 w7=0 w8+=0              (w1 share 0.0% of 5 transactions)
[opens] expert file opens=218221 total=2.892s mean=0.013ms requested_bytes=2571239570624 (2571.2 GB)
[arrival] tiles=701 waves=1147 uncovered_wait=25.305s dispatch=5.469s
[retain] enabled=false cap_gb=8 layers=63..=92 consults=0 wanted=0 hits=0 inserts=0 served=0.0MB
[summer] enabled=false cap_gb=8 sample=16 consults=0 wanted=0 hits=0 hit_rate=0.0% misses=0 inserts=0 evictions=0 recycled=0 allocs=0 pin_skips=0 gated=0 ramp=2..50 bar=0 suppressed=0 wide_skips=0 served=0.0MB copied=0.0MB ssd_avoided=0.0GB live=0/0.0GB model=0 protected=0 declined=0 topup_suppressed=0 aged=0 into=0/0/0 pending=0
[mirror-split] internal=0 K3C=0 K3B=0 K3A=0  shares=0%/0%/0%/0%
[phases] mono=358164.333898 chunks=53 sequence=115.908s read_wait=0.171s bind_upload=1.606s attention_resident=8.023s expert_read_prefetch=56.860s expert_demand_read=34.843s expert_plan=3.963s expert_hint=0.000s expert_submit=0.000s expert_kernel=48.280s source_fence=0.000s tail_head_sync=0.815s layer_other=0.113s expert_read_gross=52.896s plan_hint=3.845s plan_sched=0.117s attn_total=8.459s attn_encode=2.278s attn_wait=5.160s attn_drain=1.022s kernel_total=23.713s kernel_host=1.312s kernel_wait=5.664s kernel_drain=16.736s
[attn-split] single: calls=4464 total=3.822s encode=1.315s wait=1.486s drain=1.022s waits=7728 untimed=1346 | wide: calls=558 total=4.637s encode=0.963s wait=3.674s drain=0.000s waits=552 untimed=552 | hint: calls=4968 total=3.920s encode=0.012s wait=3.908s drain=0.000s waits=5100 untimed=5100
[kernel-split] single: calls=4797 total=16.880s encode=0.478s wait=0.273s drain=16.129s waits=5124 untimed=3969 | wide: calls=1090 total=6.833s encode=0.834s wait=5.391s drain=0.608s waits=1090 untimed=0
[kernel-sub] materialize=0.405s moe=6.568s precommit=16.144s rest=0.596s
[metal-cache] calls=9896 zero_copy_wraps=265 copies=0 cache_entries=144 bindless=true
 includes
[stats] generated=58 elapsed=120.816s speed=0.4801 token/s (2.083 s/token) chunks=54 committed_rows=95 verify_tx=5 drafts=4/10 layer_passes=5022 expert_rows=9108 expert_tiles=5441
[verify-width] w1=0 w2=5 w3=0 w4=0 w5=0 w6=0 w7=0 w8+=0              (w1 share 0.0% of 5 transactions)
[opens] expert file opens=222084 total=2.944s mean=0.013ms requested_bytes=2605105839296 (2605.1 GB)
[arrival] tiles=702 waves=1153 uncovered_wait=25.317s dispatch=5.478s
[retain] enabled=false cap_gb=8 layers=63..=92 consults=0 wanted=0 hits=0 inserts=0 served=0.0MB
[summer] enabled=false cap_gb=8 sample=16 consults=0 wanted=0 hits=0 hit_rate=0.0% misses=0 inserts=0 evictions=0 recycled=0 allocs=0 pin_skips=0 gated=0 ramp=2..50 bar=0 suppressed=0 wide_skips=0 served=0.0MB copied=0.0MB ssd_avoided=0.0GB live=0/0.0GB model=0 protected=0 declined=0 topup_suppressed=0 aged=0 into=0/0/0 pending=0
[mirror-split] internal=0 K3C=0 K3B=0 K3A=0  shares=0%/0%/0%/0%
[phases] mono=358165.823240 chunks=54 sequence=117.397s read_wait=0.171s bind_upload=1.606s attention_resident=8.110s expert_read_prefetch=57.862s expert_demand_read=35.453s expert_plan=4.032s expert_hint=0.000s expert_submit=0.000s expert_kernel=48.663s source_fence=0.000s tail_head_sync=0.829s layer_other=0.114s expert_read_gross=53.830s plan_hint=3.913s plan_sched=0.118s attn_total=8.545s attn_encode=2.314s attn_wait=5.184s attn_drain=1.047s kernel_total=24.085s kernel_host=1.323s kernel_wait=5.669s kernel_drain=17.093s
[attn-split] single: calls=4557 total=3.909s encode=1.351s wait=1.510s drain=1.047s waits=7889 untimed=1366 | wide: calls=558 total=4.637s encode=0.963s wait=3.674s drain=0.000s waits=552 untimed=552 | hint: calls=5060 total=3.988s encode=0.013s wait=3.975s drain=0.000s waits=5191 untimed=5191
[kernel-split] single: calls=4894 total=17.252s encode=0.489s wait=0.278s drain=16.485s waits=5227 untimed=4053 | wide: calls=1090 total=6.833s encode=0.834s wait=5.391s drain=0.608s waits=1090 untimed=0
[kernel-sub] materialize=0.405s moe=6.577s precommit=16.502s rest=0.601s
[metal-cache] calls=9993 zero_copy_wraps=265 copies=0 cache_entries=144 bindless=true
 a
[stats] generated=59 elapsed=122.290s speed=0.4825 token/s (2.073 s/token) chunks=55 committed_rows=96 verify_tx=5 drafts=4/10 layer_passes=5115 expert_rows=9200 expert_tiles=5533
[verify-width] w1=0 w2=5 w3=0 w4=0 w5=0 w6=0 w7=0 w8+=0              (w1 share 0.0% of 5 transactions)
[opens] expert file opens=225939 total=2.996s mean=0.013ms requested_bytes=2638901935296 (2638.9 GB)
[arrival] tiles=703 waves=1161 uncovered_wait=25.325s dispatch=5.487s
[retain] enabled=false cap_gb=8 layers=63..=92 consults=0 wanted=0 hits=0 inserts=0 served=0.0MB
[summer] enabled=false cap_gb=8 sample=16 consults=0 wanted=0 hits=0 hit_rate=0.0% misses=0 inserts=0 evictions=0 recycled=0 allocs=0 pin_skips=0 gated=0 ramp=2..50 bar=0 suppressed=0 wide_skips=0 served=0.0MB copied=0.0MB ssd_avoided=0.0GB live=0/0.0GB model=0 protected=0 declined=0 topup_suppressed=0 aged=0 into=0/0/0 pending=0
[mirror-split] internal=0 K3C=0 K3B=0 K3A=0  shares=0%/0%/0%/0%
[phases] mono=358167.296600 chunks=55 sequence=118.869s read_wait=0.171s bind_upload=1.606s attention_resident=8.184s expert_read_prefetch=58.875s expert_demand_read=36.069s expert_plan=4.104s expert_hint=0.000s expert_submit=0.000s expert_kernel=49.030s source_fence=0.000s tail_head_sync=0.846s layer_other=0.115s expert_read_gross=54.771s plan_hint=3.983s plan_sched=0.119s attn_total=8.620s attn_encode=2.338s attn_wait=5.212s attn_drain=1.070s kernel_total=24.443s kernel_host=1.332s kernel_wait=5.674s kernel_drain=17.437s
[attn-split] single: calls=4650 total=3.983s encode=1.375s wait=1.538s drain=1.070s waits=8050 untimed=1393 | wide: calls=558 total=4.637s encode=0.963s wait=3.674s drain=0.000s waits=552 untimed=552 | hint: calls=5152 total=4.058s encode=0.013s wait=4.046s drain=0.000s waits=5282 untimed=5282
[kernel-split] single: calls=4993 total=17.609s encode=0.497s wait=0.283s drain=16.829s waits=5334 untimed=4138 | wide: calls=1090 total=6.833s encode=0.834s wait=5.391s drain=0.608s waits=1090 untimed=0
[kernel-sub] materialize=0.405s moe=6.586s precommit=16.847s rest=0.605s
[metal-cache] calls=10092 zero_copy_wraps=265 copies=0 cache_entries=144 bindless=true
 dis
[stats] generated=60 elapsed=123.815s speed=0.4846 token/s (2.064 s/token) chunks=56 committed_rows=97 verify_tx=5 drafts=4/10 layer_passes=5208 expert_rows=9292 expert_tiles=5625
[verify-width] w1=0 w2=5 w3=0 w4=0 w5=0 w6=0 w7=0 w8+=0              (w1 share 0.0% of 5 transactions)
[opens] expert file opens=229801 total=3.046s mean=0.013ms requested_bytes=2672803282112 (2672.8 GB)
[arrival] tiles=704 waves=1168 uncovered_wait=25.335s dispatch=5.496s
[retain] enabled=false cap_gb=8 layers=63..=92 consults=0 wanted=0 hits=0 inserts=0 served=0.0MB
[summer] enabled=false cap_gb=8 sample=16 consults=0 wanted=0 hits=0 hit_rate=0.0% misses=0 inserts=0 evictions=0 recycled=0 allocs=0 pin_skips=0 gated=0 ramp=2..50 bar=0 suppressed=0 wide_skips=0 served=0.0MB copied=0.0MB ssd_avoided=0.0GB live=0/0.0GB model=0 protected=0 declined=0 topup_suppressed=0 aged=0 into=0/0/0 pending=0
[mirror-split] internal=0 K3C=0 K3B=0 K3A=0  shares=0%/0%/0%/0%
[phases] mono=358168.822007 chunks=56 sequence=120.393s read_wait=0.171s bind_upload=1.606s attention_resident=8.257s expert_read_prefetch=59.950s expert_demand_read=36.725s expert_plan=4.172s expert_hint=0.000s expert_submit=0.000s expert_kernel=49.394s source_fence=0.000s tail_head_sync=0.858s layer_other=0.117s expert_read_gross=55.778s plan_hint=4.051s plan_sched=0.120s attn_total=8.692s attn_encode=2.359s attn_wait=5.246s attn_drain=1.087s kernel_total=24.797s kernel_host=1.341s kernel_wait=5.680s kernel_drain=17.776s
[attn-split] single: calls=4743 total=4.055s encode=1.396s wait=1.572s drain=1.087s waits=8211 untimed=1425 | wide: calls=558 total=4.637s encode=0.963s wait=3.674s drain=0.000s waits=552 untimed=552 | hint: calls=5244 total=4.126s encode=0.013s wait=4.113s drain=0.000s waits=5373 untimed=5373
[kernel-split] single: calls=5091 total=17.963s encode=0.506s wait=0.289s drain=17.168s waits=5439 untimed=4216 | wide: calls=1090 total=6.833s encode=0.834s wait=5.391s drain=0.608s waits=1090 untimed=0
[kernel-sub] materialize=0.405s moe=6.595s precommit=17.188s rest=0.609s
[metal-cache] calls=10190 zero_copy_wraps=265 copies=0 cache_entries=144 bindless=true
gr
[stats] generated=61 elapsed=125.313s speed=0.4868 token/s (2.054 s/token) chunks=57 committed_rows=98 verify_tx=5 drafts=4/10 layer_passes=5301 expert_rows=9384 expert_tiles=5717
[verify-width] w1=0 w2=5 w3=0 w4=0 w5=0 w6=0 w7=0 w8+=0              (w1 share 0.0% of 5 transactions)
[opens] expert file opens=233736 total=3.099s mean=0.013ms requested_bytes=2707310050496 (2707.3 GB)
[arrival] tiles=705 waves=1176 uncovered_wait=25.345s dispatch=5.504s
[retain] enabled=false cap_gb=8 layers=63..=92 consults=0 wanted=0 hits=0 inserts=0 served=0.0MB
[summer] enabled=false cap_gb=8 sample=16 consults=0 wanted=0 hits=0 hit_rate=0.0% misses=0 inserts=0 evictions=0 recycled=0 allocs=0 pin_skips=0 gated=0 ramp=2..50 bar=0 suppressed=0 wide_skips=0 served=0.0MB copied=0.0MB ssd_avoided=0.0GB live=0/0.0GB model=0 protected=0 declined=0 topup_suppressed=0 aged=0 into=0/0/0 pending=0
[mirror-split] internal=0 K3C=0 K3B=0 K3A=0  shares=0%/0%/0%/0%
[phases] mono=358170.319540 chunks=57 sequence=121.889s read_wait=0.171s bind_upload=1.606s attention_resident=8.329s expert_read_prefetch=60.945s expert_demand_read=37.339s expert_plan=4.257s expert_hint=0.000s expert_submit=0.000s expert_kernel=49.805s source_fence=0.000s tail_head_sync=0.874s layer_other=0.118s expert_read_gross=56.687s plan_hint=4.135s plan_sched=0.121s attn_total=8.764s attn_encode=2.382s attn_wait=5.280s attn_drain=1.102s kernel_total=25.198s kernel_host=1.351s kernel_wait=5.683s kernel_drain=18.164s
[attn-split] single: calls=4836 total=4.127s encode=1.419s wait=1.606s drain=1.102s waits=8372 untimed=1453 | wide: calls=558 total=4.637s encode=0.963s wait=3.674s drain=0.000s waits=552 untimed=552 | hint: calls=5336 total=4.210s encode=0.013s wait=4.197s drain=0.000s waits=5464 untimed=5464
[kernel-split] single: calls=5190 total=18.365s encode=0.517s wait=0.292s drain=17.556s waits=5546 untimed=4304 | wide: calls=1090 total=6.833s encode=0.834s wait=5.391s drain=0.608s waits=1090 untimed=0
[kernel-sub] materialize=0.405s moe=6.603s precommit=17.576s rest=0.614s
[metal-cache] calls=10289 zero_copy_wraps=265 copies=0 cache_entries=144 bindless=true
[route-chain] chained=3450
[route-chain] dedup_hits=3450
aced
[stats] generated=62 elapsed=126.826s speed=0.4889 token/s (2.046 s/token) chunks=58 committed_rows=99 verify_tx=5 drafts=4/10 layer_passes=5394 expert_rows=9476 expert_tiles=5809
[verify-width] w1=0 w2=5 w3=0 w4=0 w5=0 w6=0 w7=0 w8+=0              (w1 share 0.0% of 5 transactions)
[opens] expert file opens=237589 total=3.151s mean=0.013ms requested_bytes=2741088599232 (2741.1 GB)
[arrival] tiles=706 waves=1182 uncovered_wait=25.353s dispatch=5.513s
[retain] enabled=false cap_gb=8 layers=63..=92 consults=0 wanted=0 hits=0 inserts=0 served=0.0MB
[summer] enabled=false cap_gb=8 sample=16 consults=0 wanted=0 hits=0 hit_rate=0.0% misses=0 inserts=0 evictions=0 recycled=0 allocs=0 pin_skips=0 gated=0 ramp=2..50 bar=0 suppressed=0 wide_skips=0 served=0.0MB copied=0.0MB ssd_avoided=0.0GB live=0/0.0GB model=0 protected=0 declined=0 topup_suppressed=0 aged=0 into=0/0/0 pending=0
[mirror-split] internal=0 K3C=0 K3B=0 K3A=0  shares=0%/0%/0%/0%
[phases] mono=358171.833166 chunks=58 sequence=123.402s read_wait=0.171s bind_upload=1.606s attention_resident=8.418s expert_read_prefetch=61.965s expert_demand_read=37.961s expert_plan=4.332s expert_hint=0.000s expert_submit=0.000s expert_kernel=50.192s source_fence=0.000s tail_head_sync=0.890s layer_other=0.120s expert_read_gross=57.632s plan_hint=4.209s plan_sched=0.122s attn_total=8.853s attn_encode=2.421s attn_wait=5.307s attn_drain=1.125s kernel_total=25.575s kernel_host=1.360s kernel_wait=5.689s kernel_drain=18.526s
[attn-split] single: calls=4929 total=4.216s encode=1.459s wait=1.633s drain=1.125s waits=8533 untimed=1484 | wide: calls=558 total=4.637s encode=0.963s wait=3.674s drain=0.000s waits=552 untimed=552 | hint: calls=5428 total=4.284s encode=0.013s wait=4.270s drain=0.000s waits=5555 untimed=5555
[kernel-split] single: calls=5287 total=18.742s encode=0.526s wait=0.298s drain=17.918s waits=5649 untimed=4383 | wide: calls=1090 total=6.833s encode=0.834s wait=5.391s drain=0.608s waits=1090 untimed=0
[kernel-sub] materialize=0.405s moe=6.612s precommit=17.940s rest=0.618s
[metal-cache] calls=10386 zero_copy_wraps=265 copies=0 cache_entries=144 bindless=true
 Formula
[stats] generated=63 elapsed=128.291s speed=0.4911 token/s (2.036 s/token) chunks=59 committed_rows=100 verify_tx=5 drafts=4/10 layer_passes=5487 expert_rows=9568 expert_tiles=5901
[verify-width] w1=0 w2=5 w3=0 w4=0 w5=0 w6=0 w7=0 w8+=0              (w1 share 0.0% of 5 transactions)
[opens] expert file opens=241528 total=3.200s mean=0.013ms requested_bytes=2775630462144 (2775.6 GB)
[arrival] tiles=707 waves=1190 uncovered_wait=25.362s dispatch=5.524s
[retain] enabled=false cap_gb=8 layers=63..=92 consults=0 wanted=0 hits=0 inserts=0 served=0.0MB
[summer] enabled=false cap_gb=8 sample=16 consults=0 wanted=0 hits=0 hit_rate=0.0% misses=0 inserts=0 evictions=0 recycled=0 allocs=0 pin_skips=0 gated=0 ramp=2..50 bar=0 suppressed=0 wide_skips=0 served=0.0MB copied=0.0MB ssd_avoided=0.0GB live=0/0.0GB model=0 protected=0 declined=0 topup_suppressed=0 aged=0 into=0/0/0 pending=0
[mirror-split] internal=0 K3C=0 K3B=0 K3A=0  shares=0%/0%/0%/0%
[phases] mono=358173.298372 chunks=59 sequence=124.866s read_wait=0.171s bind_upload=1.606s attention_resident=8.486s expert_read_prefetch=62.986s expert_demand_read=38.563s expert_plan=4.405s expert_hint=0.000s expert_submit=0.000s expert_kernel=50.552s source_fence=0.000s tail_head_sync=0.903s layer_other=0.121s expert_read_gross=58.580s plan_hint=4.281s plan_sched=0.123s attn_total=8.920s attn_encode=2.444s attn_wait=5.333s attn_drain=1.143s kernel_total=25.927s kernel_host=1.369s kernel_wait=5.695s kernel_drain=18.863s
[attn-split] single: calls=5022 total=4.284s encode=1.482s wait=1.659s drain=1.143s waits=8694 untimed=1506 | wide: calls=558 total=4.637s encode=0.963s wait=3.674s drain=0.000s waits=552 untimed=552 | hint: calls=5520 total=4.355s encode=0.014s wait=4.342s drain=0.000s waits=5646 untimed=5646
[kernel-split] single: calls=5386 total=19.094s encode=0.535s wait=0.304s drain=18.255s waits=5756 untimed=4467 | wide: calls=1090 total=6.833s encode=0.834s wait=5.391s drain=0.608s waits=1090 untimed=0
[kernel-sub] materialize=0.405s moe=6.623s precommit=18.277s rest=0.623s
[metal-cache] calls=10485 zero_copy_wraps=265 copies=0 cache_entries=144 bindless=true
 
[stats] generated=64 elapsed=129.751s speed=0.4933 token/s (2.027 s/token) chunks=60 committed_rows=101 verify_tx=5 drafts=4/10 layer_passes=5580 expert_rows=9660 expert_tiles=5993
[verify-width] w1=0 w2=5 w3=0 w4=0 w5=0 w6=0 w7=0 w8+=0              (w1 share 0.0% of 5 transactions)
[opens] expert file opens=245344 total=3.250s mean=0.013ms requested_bytes=2809136987328 (2809.1 GB)
[arrival] tiles=708 waves=1197 uncovered_wait=25.370s dispatch=5.534s
[retain] enabled=false cap_gb=8 layers=63..=92 consults=0 wanted=0 hits=0 inserts=0 served=0.0MB
[summer] enabled=false cap_gb=8 sample=16 consults=0 wanted=0 hits=0 hit_rate=0.0% misses=0 inserts=0 evictions=0 recycled=0 allocs=0 pin_skips=0 gated=0 ramp=2..50 bar=0 suppressed=0 wide_skips=0 served=0.0MB copied=0.0MB ssd_avoided=0.0GB live=0/0.0GB model=0 protected=0 declined=0 topup_suppressed=0 aged=0 into=0/0/0 pending=0
[mirror-split] internal=0 K3C=0 K3B=0 K3A=0  shares=0%/0%/0%/0%
[phases] mono=358174.757795 chunks=60 sequence=126.324s read_wait=0.171s bind_upload=1.606s attention_resident=8.558s expert_read_prefetch=63.995s expert_demand_read=39.178s expert_plan=4.482s expert_hint=0.000s expert_submit=0.000s expert_kernel=50.911s source_fence=0.000s tail_head_sync=0.919s layer_other=0.122s expert_read_gross=59.513s plan_hint=4.356s plan_sched=0.124s attn_total=8.992s attn_encode=2.466s attn_wait=5.356s attn_drain=1.170s kernel_total=26.279s kernel_host=1.379s kernel_wait=5.700s kernel_drain=19.200s
[attn-split] single: calls=5115 total=4.356s encode=1.503s wait=1.682s drain=1.170s waits=8855 untimed=1532 | wide: calls=558 total=4.637s encode=0.963s wait=3.674s drain=0.000s waits=552 untimed=552 | hint: calls=5612 total=4.431s encode=0.014s wait=4.417s drain=0.000s waits=5737 untimed=5737
[kernel-split] single: calls=5484 total=19.446s encode=0.545s wait=0.309s drain=18.592s waits=5861 untimed=4553 | wide: calls=1090 total=6.833s encode=0.834s wait=5.391s drain=0.608s waits=1090 untimed=0
[kernel-sub] materialize=0.405s moe=6.632s precommit=18.615s rest=0.627s
[metal-cache] calls=10583 zero_copy_wraps=265 copies=0 cache_entries=144 bindless=true
1
[stats] generated=65 elapsed=131.224s speed=0.4953 token/s (2.019 s/token) chunks=61 committed_rows=102 verify_tx=5 drafts=4/10 layer_passes=5673 expert_rows=9752 expert_tiles=6085
[verify-width] w1=0 w2=5 w3=0 w4=0 w5=0 w6=0 w7=0 w8+=0              (w1 share 0.0% of 5 transactions)
[opens] expert file opens=249191 total=3.302s mean=0.013ms requested_bytes=2842862894272 (2842.9 GB)
[arrival] tiles=709 waves=1204 uncovered_wait=25.379s dispatch=5.544s
[retain] enabled=false cap_gb=8 layers=63..=92 consults=0 wanted=0 hits=0 inserts=0 served=0.0MB
[summer] enabled=false cap_gb=8 sample=16 consults=0 wanted=0 hits=0 hit_rate=0.0% misses=0 inserts=0 evictions=0 recycled=0 allocs=0 pin_skips=0 gated=0 ramp=2..50 bar=0 suppressed=0 wide_skips=0 served=0.0MB copied=0.0MB ssd_avoided=0.0GB live=0/0.0GB model=0 protected=0 declined=0 topup_suppressed=0 aged=0 into=0/0/0 pending=0
[mirror-split] internal=0 K3C=0 K3B=0 K3A=0  shares=0%/0%/0%/0%
[phases] mono=358176.230700 chunks=61 sequence=127.795s read_wait=0.171s bind_upload=1.606s attention_resident=8.636s expert_read_prefetch=65.014s expert_demand_read=39.822s expert_plan=4.556s expert_hint=0.000s expert_submit=0.000s expert_kernel=51.271s source_fence=0.000s tail_head_sync=0.932s layer_other=0.123s expert_read_gross=60.458s plan_hint=4.429s plan_sched=0.126s attn_total=9.070s attn_encode=2.490s attn_wait=5.384s attn_drain=1.197s kernel_total=26.629s kernel_host=1.390s kernel_wait=5.706s kernel_drain=19.534s
[attn-split] single: calls=5208 total=4.434s encode=1.527s wait=1.710s drain=1.197s waits=9016 untimed=1556 | wide: calls=558 total=4.637s encode=0.963s wait=3.674s drain=0.000s waits=552 untimed=552 | hint: calls=5704 total=4.503s encode=0.014s wait=4.489s drain=0.000s waits=5828 untimed=5828
[kernel-split] single: calls=5582 total=19.796s encode=0.555s wait=0.315s drain=18.926s waits=5966 untimed=4636 | wide: calls=1090 total=6.833s encode=0.834s wait=5.391s drain=0.608s waits=1090 untimed=0
[kernel-sub] materialize=0.405s moe=6.643s precommit=18.950s rest=0.631s
[metal-cache] calls=10681 zero_copy_wraps=265 copies=0 cache_entries=144 bindless=true
 driver
[stats] generated=66 elapsed=132.696s speed=0.4974 token/s (2.011 s/token) chunks=62 committed_rows=103 verify_tx=5 drafts=4/10 layer_passes=5766 expert_rows=9844 expert_tiles=6177
[verify-width] w1=0 w2=5 w3=0 w4=0 w5=0 w6=0 w7=0 w8+=0              (w1 share 0.0% of 5 transactions)
[opens] expert file opens=253065 total=3.354s mean=0.013ms requested_bytes=2876834479296 (2876.8 GB)
[arrival] tiles=710 waves=1209 uncovered_wait=25.388s dispatch=5.553s
[retain] enabled=false cap_gb=8 layers=63..=92 consults=0 wanted=0 hits=0 inserts=0 served=0.0MB
[summer] enabled=false cap_gb=8 sample=16 consults=0 wanted=0 hits=0 hit_rate=0.0% misses=0 inserts=0 evictions=0 recycled=0 allocs=0 pin_skips=0 gated=0 ramp=2..50 bar=0 suppressed=0 wide_skips=0 served=0.0MB copied=0.0MB ssd_avoided=0.0GB live=0/0.0GB model=0 protected=0 declined=0 topup_suppressed=0 aged=0 into=0/0/0 pending=0
[mirror-split] internal=0 K3C=0 K3B=0 K3A=0  shares=0%/0%/0%/0%
[phases] mono=358177.703055 chunks=62 sequence=129.266s read_wait=0.171s bind_upload=1.606s attention_resident=8.724s expert_read_prefetch=66.027s expert_demand_read=40.446s expert_plan=4.641s expert_hint=0.000s expert_submit=0.000s expert_kernel=51.623s source_fence=0.000s tail_head_sync=0.949s layer_other=0.125s expert_read_gross=61.386s plan_hint=4.513s plan_sched=0.127s attn_total=9.158s attn_encode=2.531s attn_wait=5.419s attn_drain=1.207s kernel_total=26.972s kernel_host=1.400s kernel_wait=5.710s kernel_drain=19.863s
[attn-split] single: calls=5301 total=4.521s encode=1.568s wait=1.745s drain=1.207s waits=9177 untimed=1595 | wide: calls=558 total=4.637s encode=0.963s wait=3.674s drain=0.000s waits=552 untimed=552 | hint: calls=5796 total=4.587s encode=0.014s wait=4.573s drain=0.000s waits=5919 untimed=5919
[kernel-split] single: calls=5678 total=20.139s encode=0.565s wait=0.319s drain=19.255s waits=6067 untimed=4725 | wide: calls=1090 total=6.833s encode=0.834s wait=5.391s drain=0.608s waits=1090 untimed=0
[kernel-sub] materialize=0.405s moe=6.651s precommit=19.280s rest=0.636s
[metal-cache] calls=10777 zero_copy_wraps=265 copies=0 cache_entries=144 bindless=true
 handling
[stats] generated=67 elapsed=134.177s speed=0.4993 token/s (2.003 s/token) chunks=63 committed_rows=104 verify_tx=5 drafts=4/10 layer_passes=5859 expert_rows=9936 expert_tiles=6269
[verify-width] w1=0 w2=5 w3=0 w4=0 w5=0 w6=0 w7=0 w8+=0              (w1 share 0.0% of 5 transactions)
[opens] expert file opens=256882 total=3.403s mean=0.013ms requested_bytes=2910323489984 (2910.3 GB)
[arrival] tiles=711 waves=1217 uncovered_wait=25.397s dispatch=5.563s
[retain] enabled=false cap_gb=8 layers=63..=92 consults=0 wanted=0 hits=0 inserts=0 served=0.0MB
[summer] enabled=false cap_gb=8 sample=16 consults=0 wanted=0 hits=0 hit_rate=0.0% misses=0 inserts=0 evictions=0 recycled=0 allocs=0 pin_skips=0 gated=0 ramp=2..50 bar=0 suppressed=0 wide_skips=0 served=0.0MB copied=0.0MB ssd_avoided=0.0GB live=0/0.0GB model=0 protected=0 declined=0 topup_suppressed=0 aged=0 into=0/0/0 pending=0
[mirror-split] internal=0 K3C=0 K3B=0 K3A=0  shares=0%/0%/0%/0%
[phases] mono=358179.183803 chunks=63 sequence=130.733s read_wait=0.171s bind_upload=1.606s attention_resident=8.794s expert_read_prefetch=67.063s expert_demand_read=41.055s expert_plan=4.721s expert_hint=0.000s expert_submit=0.000s expert_kernel=51.969s source_fence=0.000s tail_head_sync=0.962s layer_other=0.126s expert_read_gross=62.342s plan_hint=4.591s plan_sched=0.128s attn_total=9.228s attn_encode=2.554s attn_wait=5.451s attn_drain=1.223s kernel_total=27.308s kernel_host=1.410s kernel_wait=5.716s kernel_drain=20.182s
[attn-split] single: calls=5394 total=4.591s encode=1.591s wait=1.777s drain=1.223s waits=9338 untimed=1622 | wide: calls=558 total=4.637s encode=0.963s wait=3.674s drain=0.000s waits=552 untimed=552 | hint: calls=5888 total=4.666s encode=0.014s wait=4.652s drain=0.000s waits=6010 untimed=6010
[kernel-split] single: calls=5777 total=20.475s encode=0.575s wait=0.325s drain=19.575s waits=6174 untimed=4804 | wide: calls=1090 total=6.833s encode=0.834s wait=5.391s drain=0.608s waits=1090 untimed=0
[kernel-sub] materialize=0.405s moe=6.661s precommit=19.601s rest=0.640s
[metal-cache] calls=10876 zero_copy_wraps=265 copies=0 cache_entries=144 bindless=true
 the
[stats] generated=68 elapsed=135.633s speed=0.5014 token/s (1.995 s/token) chunks=64 committed_rows=105 verify_tx=5 drafts=4/10 layer_passes=5952 expert_rows=10028 expert_tiles=6361
[verify-width] w1=0 w2=5 w3=0 w4=0 w5=0 w6=0 w7=0 w8+=0              (w1 share 0.0% of 5 transactions)
[opens] expert file opens=260677 total=3.454s mean=0.013ms requested_bytes=2943601917120 (2943.6 GB)
[arrival] tiles=712 waves=1224 uncovered_wait=25.408s dispatch=5.574s
[retain] enabled=false cap_gb=8 layers=63..=92 consults=0 wanted=0 hits=0 inserts=0 served=0.0MB
[summer] enabled=false cap_gb=8 sample=16 consults=0 wanted=0 hits=0 hit_rate=0.0% misses=0 inserts=0 evictions=0 recycled=0 allocs=0 pin_skips=0 gated=0 ramp=2..50 bar=0 suppressed=0 wide_skips=0 served=0.0MB copied=0.0MB ssd_avoided=0.0GB live=0/0.0GB model=0 protected=0 declined=0 topup_suppressed=0 aged=0 into=0/0/0 pending=0
[mirror-split] internal=0 K3C=0 K3B=0 K3A=0  shares=0%/0%/0%/0%
[phases] mono=358180.640176 chunks=64 sequence=132.188s read_wait=0.171s bind_upload=1.606s attention_resident=8.876s expert_read_prefetch=68.037s expert_demand_read=41.639s expert_plan=4.797s expert_hint=0.000s expert_submit=0.000s expert_kernel=52.352s source_fence=0.000s tail_head_sync=0.977s layer_other=0.127s expert_read_gross=63.240s plan_hint=4.666s plan_sched=0.129s attn_total=9.309s attn_encode=2.580s attn_wait=5.485s attn_drain=1.244s kernel_total=27.681s kernel_host=1.419s kernel_wait=5.722s kernel_drain=20.539s
[attn-split] single: calls=5487 total=4.673s encode=1.617s wait=1.812s drain=1.244s waits=9499 untimed=1649 | wide: calls=558 total=4.637s encode=0.963s wait=3.674s drain=0.000s waits=552 untimed=552 | hint: calls=5980 total=4.741s encode=0.015s wait=4.726s drain=0.000s waits=6101 untimed=6101
[kernel-split] single: calls=5875 total=20.847s encode=0.585s wait=0.331s drain=19.931s waits=6279 untimed=4881 | wide: calls=1090 total=6.833s encode=0.834s wait=5.391s drain=0.608s waits=1090 untimed=0
[kernel-sub] materialize=0.405s moe=6.671s precommit=19.959s rest=0.645s
[metal-cache] calls=10974 zero_copy_wraps=265 copies=0 cache_entries=144 bindless=true
 getaway
[stats] generated=69 elapsed=137.155s speed=0.5031 token/s (1.988 s/token) chunks=65 committed_rows=106 verify_tx=5 drafts=4/10 layer_passes=6045 expert_rows=10120 expert_tiles=6453
[verify-width] w1=0 w2=5 w3=0 w4=0 w5=0 w6=0 w7=0 w8+=0              (w1 share 0.0% of 5 transactions)
[opens] expert file opens=264595 total=3.505s mean=0.013ms requested_bytes=2977977056448 (2978.0 GB)
[arrival] tiles=713 waves=1232 uncovered_wait=25.423s dispatch=5.582s
[retain] enabled=false cap_gb=8 layers=63..=92 consults=0 wanted=0 hits=0 inserts=0 served=0.0MB
[summer] enabled=false cap_gb=8 sample=16 consults=0 wanted=0 hits=0 hit_rate=0.0% misses=0 inserts=0 evictions=0 recycled=0 allocs=0 pin_skips=0 gated=0 ramp=2..50 bar=0 suppressed=0 wide_skips=0 served=0.0MB copied=0.0MB ssd_avoided=0.0GB live=0/0.0GB model=0 protected=0 declined=0 topup_suppressed=0 aged=0 into=0/0/0 pending=0
[mirror-split] internal=0 K3C=0 K3B=0 K3A=0  shares=0%/0%/0%/0%
[phases] mono=358182.162019 chunks=65 sequence=133.708s read_wait=0.171s bind_upload=1.606s attention_resident=8.944s expert_read_prefetch=69.109s expert_demand_read=42.232s expert_plan=4.869s expert_hint=0.000s expert_submit=0.000s expert_kernel=52.718s source_fence=0.000s tail_head_sync=0.990s layer_other=0.129s expert_read_gross=64.240s plan_hint=4.737s plan_sched=0.130s attn_total=9.377s attn_encode=2.601s attn_wait=5.519s attn_drain=1.258s kernel_total=28.031s kernel_host=1.428s kernel_wait=5.727s kernel_drain=20.876s
[attn-split] single: calls=5580 total=4.741s encode=1.638s wait=1.845s drain=1.258s waits=9660 untimed=1687 | wide: calls=558 total=4.637s encode=0.963s wait=3.674s drain=0.000s waits=552 untimed=552 | hint: calls=6072 total=4.812s encode=0.015s wait=4.797s drain=0.000s waits=6192 untimed=6192
[kernel-split] single: calls=5974 total=21.197s encode=0.593s wait=0.336s drain=20.268s waits=6386 untimed=4967 | wide: calls=1090 total=6.833s encode=0.834s wait=5.391s drain=0.608s waits=1090 untimed=0
[kernel-sub] materialize=0.405s moe=6.680s precommit=20.296s rest=0.649s
[metal-cache] calls=11073 zero_copy_wraps=265 copies=0 cache_entries=144 bindless=true
,
[stats] generated=70 elapsed=138.673s speed=0.5048 token/s (1.981 s/token) chunks=66 committed_rows=107 verify_tx=5 drafts=4/10 layer_passes=6138 expert_rows=10212 expert_tiles=6545
[verify-width] w1=0 w2=5 w3=0 w4=0 w5=0 w6=0 w7=0 w8+=0              (w1 share 0.0% of 5 transactions)
[opens] expert file opens=268471 total=3.556s mean=0.013ms requested_bytes=3011939843264 (3011.9 GB)
[arrival] tiles=714 waves=1238 uncovered_wait=25.432s dispatch=5.590s
[retain] enabled=false cap_gb=8 layers=63..=92 consults=0 wanted=0 hits=0 inserts=0 served=0.0MB
[summer] enabled=false cap_gb=8 sample=16 consults=0 wanted=0 hits=0 hit_rate=0.0% misses=0 inserts=0 evictions=0 recycled=0 allocs=0 pin_skips=0 gated=0 ramp=2..50 bar=0 suppressed=0 wide_skips=0 served=0.0MB copied=0.0MB ssd_avoided=0.0GB live=0/0.0GB model=0 protected=0 declined=0 topup_suppressed=0 aged=0 into=0/0/0 pending=0
[mirror-split] internal=0 K3C=0 K3B=0 K3A=0  shares=0%/0%/0%/0%
[phases] mono=358183.679901 chunks=66 sequence=135.225s read_wait=0.171s bind_upload=1.606s attention_resident=9.032s expert_read_prefetch=70.169s expert_demand_read=42.872s expert_plan=4.948s expert_hint=0.000s expert_submit=0.000s expert_kernel=53.073s source_fence=0.000s tail_head_sync=1.002s layer_other=0.130s expert_read_gross=65.220s plan_hint=4.816s plan_sched=0.131s attn_total=9.465s attn_encode=2.640s attn_wait=5.543s attn_drain=1.282s kernel_total=28.377s kernel_host=1.437s kernel_wait=5.732s kernel_drain=21.208s
[attn-split] single: calls=5673 total=4.828s encode=1.677s wait=1.870s drain=1.282s waits=9821 untimed=1707 | wide: calls=558 total=4.637s encode=0.963s wait=3.674s drain=0.000s waits=552 untimed=552 | hint: calls=6164 total=4.890s encode=0.015s wait=4.875s drain=0.000s waits=6283 untimed=6283
[kernel-split] single: calls=6071 total=21.543s encode=0.602s wait=0.340s drain=20.601s waits=6489 untimed=5049 | wide: calls=1090 total=6.833s encode=0.834s wait=5.391s drain=0.608s waits=1090 untimed=0
[kernel-sub] materialize=0.405s moe=6.688s precommit=20.630s rest=0.654s
[metal-cache] calls=11170 zero_copy_wraps=265 copies=0 cache_entries=144 bindless=true
 a
[stats] generated=71 elapsed=140.165s speed=0.5065 token/s (1.974 s/token) chunks=67 committed_rows=108 verify_tx=5 drafts=4/10 layer_passes=6231 expert_rows=10304 expert_tiles=6637
[verify-width] w1=0 w2=5 w3=0 w4=0 w5=0 w6=0 w7=0 w8+=0              (w1 share 0.0% of 5 transactions)
[opens] expert file opens=272364 total=3.607s mean=0.013ms requested_bytes=3046086868160 (3046.1 GB)
[arrival] tiles=715 waves=1243 uncovered_wait=25.439s dispatch=5.604s
[retain] enabled=false cap_gb=8 layers=63..=92 consults=0 wanted=0 hits=0 inserts=0 served=0.0MB
[summer] enabled=false cap_gb=8 sample=16 consults=0 wanted=0 hits=0 hit_rate=0.0% misses=0 inserts=0 evictions=0 recycled=0 allocs=0 pin_skips=0 gated=0 ramp=2..50 bar=0 suppressed=0 wide_skips=0 served=0.0MB copied=0.0MB ssd_avoided=0.0GB live=0/0.0GB model=0 protected=0 declined=0 topup_suppressed=0 aged=0 into=0/0/0 pending=0
[mirror-split] internal=0 K3C=0 K3B=0 K3A=0  shares=0%/0%/0%/0%
[phases] mono=358185.172180 chunks=67 sequence=136.716s read_wait=0.171s bind_upload=1.606s attention_resident=9.110s expert_read_prefetch=71.176s expert_demand_read=43.475s expert_plan=5.032s expert_hint=0.000s expert_submit=0.000s expert_kernel=53.459s source_fence=0.000s tail_head_sync=1.020s layer_other=0.131s expert_read_gross=66.144s plan_hint=4.897s plan_sched=0.133s attn_total=9.543s attn_encode=2.661s attn_wait=5.573s attn_drain=1.309s kernel_total=28.756s kernel_host=1.448s kernel_wait=5.737s kernel_drain=21.570s
[attn-split] single: calls=5766 total=4.906s encode=1.698s wait=1.899s drain=1.309s waits=9982 untimed=1728 | wide: calls=558 total=4.637s encode=0.963s wait=3.674s drain=0.000s waits=552 untimed=552 | hint: calls=6256 total=4.972s encode=0.015s wait=4.957s drain=0.000s waits=6374 untimed=6374
[kernel-split] single: calls=6167 total=21.922s encode=0.614s wait=0.346s drain=20.962s waits=6590 untimed=5130 | wide: calls=1090 total=6.833s encode=0.834s wait=5.391s drain=0.608s waits=1090 untimed=0
[kernel-sub] materialize=0.405s moe=6.701s precommit=20.991s rest=0.658s
[metal-cache] calls=11266 zero_copy_wraps=265 copies=0 cache_entries=144 bindless=true
[route-chain] chained=4140
[route-chain] dedup_hits=4140
 former
[stats] generated=72 elapsed=141.641s speed=0.5083 token/s (1.967 s/token) chunks=68 committed_rows=109 verify_tx=5 drafts=4/10 layer_passes=6324 expert_rows=10396 expert_tiles=6729
[verify-width] w1=0 w2=5 w3=0 w4=0 w5=0 w6=0 w7=0 w8+=0              (w1 share 0.0% of 5 transactions)
[opens] expert file opens=276205 total=3.657s mean=0.013ms requested_bytes=3079777680576 (3079.8 GB)
[arrival] tiles=716 waves=1249 uncovered_wait=25.448s dispatch=5.614s
[retain] enabled=false cap_gb=8 layers=63..=92 consults=0 wanted=0 hits=0 inserts=0 served=0.0MB
[summer] enabled=false cap_gb=8 sample=16 consults=0 wanted=0 hits=0 hit_rate=0.0% misses=0 inserts=0 evictions=0 recycled=0 allocs=0 pin_skips=0 gated=0 ramp=2..50 bar=0 suppressed=0 wide_skips=0 served=0.0MB copied=0.0MB ssd_avoided=0.0GB live=0/0.0GB model=0 protected=0 declined=0 topup_suppressed=0 aged=0 into=0/0/0 pending=0
[mirror-split] internal=0 K3C=0 K3B=0 K3A=0  shares=0%/0%/0%/0%
[phases] mono=358186.647476 chunks=68 sequence=138.190s read_wait=0.171s bind_upload=1.606s attention_resident=9.187s expert_read_prefetch=72.211s expert_demand_read=44.118s expert_plan=5.110s expert_hint=0.000s expert_submit=0.000s expert_kernel=53.806s source_fence=0.000s tail_head_sync=1.033s layer_other=0.133s expert_read_gross=67.102s plan_hint=4.974s plan_sched=0.134s attn_total=9.620s attn_encode=2.684s attn_wait=5.597s attn_drain=1.339s kernel_total=29.093s kernel_host=1.457s kernel_wait=5.743s kernel_drain=21.893s
[attn-split] single: calls=5859 total=4.983s encode=1.721s wait=1.923s drain=1.339s waits=10143 untimed=1746 | wide: calls=558 total=4.637s encode=0.963s wait=3.674s drain=0.000s waits=552 untimed=552 | hint: calls=6348 total=5.049s encode=0.015s wait=5.033s drain=0.000s waits=6465 untimed=6465
[kernel-split] single: calls=6264 total=22.260s encode=0.623s wait=0.352s drain=21.285s waits=6693 untimed=5212 | wide: calls=1090 total=6.833s encode=0.834s wait=5.391s drain=0.608s waits=1090 untimed=0
[kernel-sub] materialize=0.405s moe=6.711s precommit=21.315s rest=0.662s
[metal-cache] calls=11363 zero_copy_wraps=265 copies=0 cache_entries=144 bindless=true
 circus
[stats] generated=73 elapsed=143.142s speed=0.5100 token/s (1.961 s/token) chunks=69 committed_rows=110 verify_tx=5 drafts=4/10 layer_passes=6417 expert_rows=10488 expert_tiles=6821
[verify-width] w1=0 w2=5 w3=0 w4=0 w5=0 w6=0 w7=0 w8+=0              (w1 share 0.0% of 5 transactions)
[opens] expert file opens=280069 total=3.706s mean=0.013ms requested_bytes=3113687809216 (3113.7 GB)
[arrival] tiles=717 waves=1256 uncovered_wait=25.457s dispatch=5.622s
[retain] enabled=false cap_gb=8 layers=63..=92 consults=0 wanted=0 hits=0 inserts=0 served=0.0MB
[summer] enabled=false cap_gb=8 sample=16 consults=0 wanted=0 hits=0 hit_rate=0.0% misses=0 inserts=0 evictions=0 recycled=0 allocs=0 pin_skips=0 gated=0 ramp=2..50 bar=0 suppressed=0 wide_skips=0 served=0.0MB copied=0.0MB ssd_avoided=0.0GB live=0/0.0GB model=0 protected=0 declined=0 topup_suppressed=0 aged=0 into=0/0/0 pending=0
[mirror-split] internal=0 K3C=0 K3B=0 K3A=0  shares=0%/0%/0%/0%
[phases] mono=358188.149023 chunks=69 sequence=139.691s read_wait=0.171s bind_upload=1.606s attention_resident=9.279s expert_read_prefetch=73.252s expert_demand_read=44.762s expert_plan=5.181s expert_hint=0.000s expert_submit=0.000s expert_kernel=54.161s source_fence=0.000s tail_head_sync=1.046s layer_other=0.134s expert_read_gross=68.071s plan_hint=5.044s plan_sched=0.135s attn_total=9.711s attn_encode=2.712s attn_wait=5.626s attn_drain=1.373s kernel_total=29.439s kernel_host=1.466s kernel_wait=5.749s kernel_drain=22.224s
[attn-split] single: calls=5952 total=5.075s encode=1.750s wait=1.952s drain=1.373s waits=10304 untimed=1773 | wide: calls=558 total=4.637s encode=0.963s wait=3.674s drain=0.000s waits=552 untimed=552 | hint: calls=6440 total=5.119s encode=0.016s wait=5.103s drain=0.000s waits=6556 untimed=6556
[kernel-split] single: calls=6362 total=22.606s encode=0.632s wait=0.358s drain=21.617s waits=6798 untimed=5292 | wide: calls=1090 total=6.833s encode=0.834s wait=5.391s drain=0.608s waits=1090 untimed=0
[kernel-sub] materialize=0.405s moe=6.719s precommit=21.648s rest=0.667s
[metal-cache] calls=11461 zero_copy_wraps=265 copies=0 cache_entries=144 bindless=true
 cont
[stats] generated=74 elapsed=144.637s speed=0.5116 token/s (1.955 s/token) chunks=70 committed_rows=111 verify_tx=5 drafts=4/10 layer_passes=6510 expert_rows=10580 expert_tiles=6913
[verify-width] w1=0 w2=5 w3=0 w4=0 w5=0 w6=0 w7=0 w8+=0              (w1 share 0.0% of 5 transactions)
[opens] expert file opens=283951 total=3.760s mean=0.013ms requested_bytes=3147729566912 (3147.7 GB)
[arrival] tiles=718 waves=1262 uncovered_wait=25.466s dispatch=5.628s
[retain] enabled=false cap_gb=8 layers=63..=92 consults=0 wanted=0 hits=0 inserts=0 served=0.0MB
[summer] enabled=false cap_gb=8 sample=16 consults=0 wanted=0 hits=0 hit_rate=0.0% misses=0 inserts=0 evictions=0 recycled=0 allocs=0 pin_skips=0 gated=0 ramp=2..50 bar=0 suppressed=0 wide_skips=0 served=0.0MB copied=0.0MB ssd_avoided=0.0GB live=0/0.0GB model=0 protected=0 declined=0 topup_suppressed=0 aged=0 into=0/0/0 pending=0
[mirror-split] internal=0 K3C=0 K3B=0 K3A=0  shares=0%/0%/0%/0%
[phases] mono=358189.643644 chunks=70 sequence=141.184s read_wait=0.171s bind_upload=1.606s attention_resident=9.359s expert_read_prefetch=74.292s expert_demand_read=45.377s expert_plan=5.261s expert_hint=0.000s expert_submit=0.000s expert_kernel=54.518s source_fence=0.000s tail_head_sync=1.059s layer_other=0.135s expert_read_gross=69.031s plan_hint=5.124s plan_sched=0.136s attn_total=9.791s attn_encode=2.744s attn_wait=5.654s attn_drain=1.393s kernel_total=29.787s kernel_host=1.475s kernel_wait=5.752s kernel_drain=22.561s
[attn-split] single: calls=6045 total=5.154s encode=1.781s wait=1.980s drain=1.393s waits=10465 untimed=1803 | wide: calls=558 total=4.637s encode=0.963s wait=3.674s drain=0.000s waits=552 untimed=552 | hint: calls=6532 total=5.198s encode=0.016s wait=5.182s drain=0.000s waits=6647 untimed=6647
[kernel-split] single: calls=6459 total=22.954s encode=0.640s wait=0.361s drain=21.953s waits=6901 untimed=5373 | wide: calls=1090 total=6.833s encode=0.834s wait=5.391s drain=0.608s waits=1090 untimed=0
[kernel-sub] materialize=0.405s moe=6.725s precommit=21.986s rest=0.671s
[metal-cache] calls=11558 zero_copy_wraps=265 copies=0 cache_entries=144 bindless=true
ortion
[stats] generated=75 elapsed=146.107s speed=0.5133 token/s (1.948 s/token) chunks=71 committed_rows=112 verify_tx=5 drafts=4/10 layer_passes=6603 expert_rows=10672 expert_tiles=7005
[verify-width] w1=0 w2=5 w3=0 w4=0 w5=0 w6=0 w7=0 w8+=0              (w1 share 0.0% of 5 transactions)
[opens] expert file opens=287876 total=3.813s mean=0.013ms requested_bytes=3182139800768 (3182.1 GB)
[arrival] tiles=719 waves=1268 uncovered_wait=25.477s dispatch=5.637s
[retain] enabled=false cap_gb=8 layers=63..=92 consults=0 wanted=0 hits=0 inserts=0 served=0.0MB
[summer] enabled=false cap_gb=8 sample=16 consults=0 wanted=0 hits=0 hit_rate=0.0% misses=0 inserts=0 evictions=0 recycled=0 allocs=0 pin_skips=0 gated=0 ramp=2..50 bar=0 suppressed=0 wide_skips=0 served=0.0MB copied=0.0MB ssd_avoided=0.0GB live=0/0.0GB model=0 protected=0 declined=0 topup_suppressed=0 aged=0 into=0/0/0 pending=0
[mirror-split] internal=0 K3C=0 K3B=0 K3A=0  shares=0%/0%/0%/0%
[phases] mono=358191.114057 chunks=71 sequence=142.653s read_wait=0.171s bind_upload=1.606s attention_resident=9.431s expert_read_prefetch=75.278s expert_demand_read=45.958s expert_plan=5.339s expert_hint=0.000s expert_submit=0.000s expert_kernel=54.913s source_fence=0.000s tail_head_sync=1.073s layer_other=0.137s expert_read_gross=69.939s plan_hint=5.200s plan_sched=0.137s attn_total=9.864s attn_encode=2.767s attn_wait=5.684s attn_drain=1.412s kernel_total=30.171s kernel_host=1.485s kernel_wait=5.756s kernel_drain=22.929s
[attn-split] single: calls=6138 total=5.227s encode=1.805s wait=2.010s drain=1.412s waits=10626 untimed=1829 | wide: calls=558 total=4.637s encode=0.963s wait=3.674s drain=0.000s waits=552 untimed=552 | hint: calls=6624 total=5.275s encode=0.016s wait=5.258s drain=0.000s waits=6738 untimed=6738
[kernel-split] single: calls=6556 total=23.338s encode=0.651s wait=0.365s drain=22.322s waits=7004 untimed=5454 | wide: calls=1090 total=6.833s encode=0.834s wait=5.391s drain=0.608s waits=1090 untimed=0
[kernel-sub] materialize=0.405s moe=6.734s precommit=22.356s rest=0.676s
[metal-cache] calls=11655 zero_copy_wraps=265 copies=0 cache_entries=144 bindless=true
ist
[stats] generated=76 elapsed=147.602s speed=0.5149 token/s (1.942 s/token) chunks=72 committed_rows=113 verify_tx=5 drafts=4/10 layer_passes=6696 expert_rows=10764 expert_tiles=7097
[verify-width] w1=0 w2=5 w3=0 w4=0 w5=0 w6=0 w7=0 w8+=0              (w1 share 0.0% of 5 transactions)
[opens] expert file opens=291769 total=3.863s mean=0.013ms requested_bytes=3216260496576 (3216.3 GB)
[arrival] tiles=720 waves=1275 uncovered_wait=25.486s dispatch=5.648s
[retain] enabled=false cap_gb=8 layers=63..=92 consults=0 wanted=0 hits=0 inserts=0 served=0.0MB
[summer] enabled=false cap_gb=8 sample=16 consults=0 wanted=0 hits=0 hit_rate=0.0% misses=0 inserts=0 evictions=0 recycled=0 allocs=0 pin_skips=0 gated=0 ramp=2..50 bar=0 suppressed=0 wide_skips=0 served=0.0MB copied=0.0MB ssd_avoided=0.0GB live=0/0.0GB model=0 protected=0 declined=0 topup_suppressed=0 aged=0 into=0/0/0 pending=0
[mirror-split] internal=0 K3C=0 K3B=0 K3A=0  shares=0%/0%/0%/0%
[phases] mono=358192.609141 chunks=72 sequence=144.147s read_wait=0.171s bind_upload=1.606s attention_resident=9.505s expert_read_prefetch=76.317s expert_demand_read=46.553s expert_plan=5.420s expert_hint=0.000s expert_submit=0.000s expert_kernel=55.279s source_fence=0.000s tail_head_sync=1.088s layer_other=0.138s expert_read_gross=70.897s plan_hint=5.280s plan_sched=0.138s attn_total=9.937s attn_encode=2.790s attn_wait=5.705s attn_drain=1.442s kernel_total=30.527s kernel_host=1.495s kernel_wait=5.762s kernel_drain=23.270s
[attn-split] single: calls=6231 total=5.300s encode=1.827s wait=2.031s drain=1.442s waits=10787 untimed=1850 | wide: calls=558 total=4.637s encode=0.963s wait=3.674s drain=0.000s waits=552 untimed=552 | hint: calls=6716 total=5.354s encode=0.016s wait=5.338s drain=0.000s waits=6829 untimed=6829
[kernel-split] single: calls=6654 total=23.694s encode=0.661s wait=0.371s drain=22.663s waits=7109 untimed=5536 | wide: calls=1090 total=6.833s encode=0.834s wait=5.391s drain=0.608s waits=1090 untimed=0
[kernel-sub] materialize=0.405s moe=6.745s precommit=22.697s rest=0.680s
[metal-cache] calls=11753 zero_copy_wraps=265 copies=0 cache_entries=144 bindless=true
 for
[stats] generated=77 elapsed=149.125s speed=0.5163 token/s (1.937 s/token) chunks=73 committed_rows=114 verify_tx=5 drafts=4/10 layer_passes=6789 expert_rows=10856 expert_tiles=7189
[verify-width] w1=0 w2=5 w3=0 w4=0 w5=0 w6=0 w7=0 w8+=0              (w1 share 0.0% of 5 transactions)
[opens] expert file opens=295711 total=3.917s mean=0.013ms requested_bytes=3250872499392 (3250.9 GB)
[arrival] tiles=721 waves=1283 uncovered_wait=25.495s dispatch=5.658s
[retain] enabled=false cap_gb=8 layers=63..=92 consults=0 wanted=0 hits=0 inserts=0 served=0.0MB
[summer] enabled=false cap_gb=8 sample=16 consults=0 wanted=0 hits=0 hit_rate=0.0% misses=0 inserts=0 evictions=0 recycled=0 allocs=0 pin_skips=0 gated=0 ramp=2..50 bar=0 suppressed=0 wide_skips=0 served=0.0MB copied=0.0MB ssd_avoided=0.0GB live=0/0.0GB model=0 protected=0 declined=0 topup_suppressed=0 aged=0 into=0/0/0 pending=0
[mirror-split] internal=0 K3C=0 K3B=0 K3A=0  shares=0%/0%/0%/0%
[phases] mono=358194.131950 chunks=73 sequence=145.668s read_wait=0.171s bind_upload=1.606s attention_resident=9.576s expert_read_prefetch=77.394s expert_demand_read=47.192s expert_plan=5.498s expert_hint=0.000s expert_submit=0.000s expert_kernel=55.634s source_fence=0.000s tail_head_sync=1.105s layer_other=0.140s expert_read_gross=71.896s plan_hint=5.357s plan_sched=0.139s attn_total=10.008s attn_encode=2.811s attn_wait=5.744s attn_drain=1.453s kernel_total=30.874s kernel_host=1.505s kernel_wait=5.767s kernel_drain=23.602s
[attn-split] single: calls=6324 total=5.372s encode=1.848s wait=2.070s drain=1.453s waits=10948 untimed=1879 | wide: calls=558 total=4.637s encode=0.963s wait=3.674s drain=0.000s waits=552 untimed=552 | hint: calls=6808 total=5.431s encode=0.017s wait=5.415s drain=0.000s waits=6920 untimed=6920
[kernel-split] single: calls=6753 total=24.040s encode=0.670s wait=0.376s drain=22.994s waits=7216 untimed=5623 | wide: calls=1090 total=6.833s encode=0.834s wait=5.391s drain=0.608s waits=1090 untimed=0
[kernel-sub] materialize=0.405s moe=6.755s precommit=23.029s rest=0.685s
[metal-cache] calls=11852 zero_copy_wraps=265 copies=0 cache_entries=144 bindless=true
 the
[stats] generated=78 elapsed=150.639s speed=0.5178 token/s (1.931 s/token) chunks=74 committed_rows=115 verify_tx=5 drafts=4/10 layer_passes=6882 expert_rows=10948 expert_tiles=7281
[verify-width] w1=0 w2=5 w3=0 w4=0 w5=0 w6=0 w7=0 w8+=0              (w1 share 0.0% of 5 transactions)
[opens] expert file opens=299575 total=3.970s mean=0.013ms requested_bytes=3284791426240 (3284.8 GB)
[arrival] tiles=722 waves=1288 uncovered_wait=25.505s dispatch=5.666s
[retain] enabled=false cap_gb=8 layers=63..=92 consults=0 wanted=0 hits=0 inserts=0 served=0.0MB
[summer] enabled=false cap_gb=8 sample=16 consults=0 wanted=0 hits=0 hit_rate=0.0% misses=0 inserts=0 evictions=0 recycled=0 allocs=0 pin_skips=0 gated=0 ramp=2..50 bar=0 suppressed=0 wide_skips=0 served=0.0MB copied=0.0MB ssd_avoided=0.0GB live=0/0.0GB model=0 protected=0 declined=0 topup_suppressed=0 aged=0 into=0/0/0 pending=0
[mirror-split] internal=0 K3C=0 K3B=0 K3A=0  shares=0%/0%/0%/0%
[phases] mono=358195.645666 chunks=74 sequence=147.181s read_wait=0.171s bind_upload=1.606s attention_resident=9.664s expert_read_prefetch=78.420s expert_demand_read=47.831s expert_plan=5.568s expert_hint=0.000s expert_submit=0.000s expert_kernel=56.014s source_fence=0.000s tail_head_sync=1.122s layer_other=0.141s expert_read_gross=72.852s plan_hint=5.426s plan_sched=0.140s attn_total=10.096s attn_encode=2.846s attn_wait=5.775s attn_drain=1.474s kernel_total=31.243s kernel_host=1.515s kernel_wait=5.771s kernel_drain=23.958s
[attn-split] single: calls=6417 total=5.459s encode=1.884s wait=2.102s drain=1.474s waits=11109 untimed=1904 | wide: calls=558 total=4.637s encode=0.963s wait=3.674s drain=0.000s waits=552 untimed=552 | hint: calls=6900 total=5.500s encode=0.017s wait=5.484s drain=0.000s waits=7011 untimed=7011
[kernel-split] single: calls=6849 total=24.410s encode=0.680s wait=0.380s drain=23.350s waits=7317 untimed=5703 | wide: calls=1090 total=6.833s encode=0.834s wait=5.391s drain=0.608s waits=1090 untimed=0
[kernel-sub] materialize=0.405s moe=6.763s precommit=23.386s rest=0.689s
[metal-cache] calls=11948 zero_copy_wraps=265 copies=0 cache_entries=144 bindless=true
 ventilation
[stats] generated=79 elapsed=152.129s speed=0.5193 token/s (1.926 s/token) chunks=75 committed_rows=116 verify_tx=5 drafts=4/10 layer_passes=6975 expert_rows=11040 expert_tiles=7373
[verify-width] w1=0 w2=5 w3=0 w4=0 w5=0 w6=0 w7=0 w8+=0              (w1 share 0.0% of 5 transactions)
[opens] expert file opens=303549 total=4.022s mean=0.013ms requested_bytes=3319622827200 (3319.6 GB)
[arrival] tiles=723 waves=1295 uncovered_wait=25.514s dispatch=5.675s
[retain] enabled=false cap_gb=8 layers=63..=92 consults=0 wanted=0 hits=0 inserts=0 served=0.0MB
[summer] enabled=false cap_gb=8 sample=16 consults=0 wanted=0 hits=0 hit_rate=0.0% misses=0 inserts=0 evictions=0 recycled=0 allocs=0 pin_skips=0 gated=0 ramp=2..50 bar=0 suppressed=0 wide_skips=0 served=0.0MB copied=0.0MB ssd_avoided=0.0GB live=0/0.0GB model=0 protected=0 declined=0 topup_suppressed=0 aged=0 into=0/0/0 pending=0
[mirror-split] internal=0 K3C=0 K3B=0 K3A=0  shares=0%/0%/0%/0%
[phases] mono=358197.135703 chunks=75 sequence=148.671s read_wait=0.171s bind_upload=1.606s attention_resident=9.735s expert_read_prefetch=79.480s expert_demand_read=48.519s expert_plan=5.641s expert_hint=0.000s expert_submit=0.000s expert_kernel=56.358s source_fence=0.000s tail_head_sync=1.135s layer_other=0.143s expert_read_gross=73.839s plan_hint=5.498s plan_sched=0.141s attn_total=10.166s attn_encode=2.869s attn_wait=5.810s attn_drain=1.487s kernel_total=31.578s kernel_host=1.524s kernel_wait=5.776s kernel_drain=24.278s
[attn-split] single: calls=6510 total=5.530s encode=1.906s wait=2.136s drain=1.487s waits=11270 untimed=1931 | wide: calls=558 total=4.637s encode=0.963s wait=3.674s drain=0.000s waits=552 untimed=552 | hint: calls=6992 total=5.572s encode=0.017s wait=5.555s drain=0.000s waits=7102 untimed=7102
[kernel-split] single: calls=6947 total=24.745s encode=0.690s wait=0.385s drain=23.670s waits=7422 untimed=5786 | wide: calls=1090 total=6.833s encode=0.834s wait=5.391s drain=0.608s waits=1090 untimed=0
[kernel-sub] materialize=0.405s moe=6.771s precommit=23.709s rest=0.694s
[metal-cache] calls=12046 zero_copy_wraps=265 copies=0 cache_entries=144 bindless=true
 crawl
[stats] generated=80 elapsed=153.621s speed=0.5208 token/s (1.920 s/token) chunks=76 committed_rows=117 verify_tx=5 drafts=4/10 layer_passes=7068 expert_rows=11132 expert_tiles=7465
[verify-width] w1=0 w2=5 w3=0 w4=0 w5=0 w6=0 w7=0 w8+=0              (w1 share 0.0% of 5 transactions)
[opens] expert file opens=307375 total=4.074s mean=0.013ms requested_bytes=3353120636096 (3353.1 GB)
[arrival] tiles=724 waves=1303 uncovered_wait=25.532s dispatch=5.682s
[retain] enabled=false cap_gb=8 layers=63..=92 consults=0 wanted=0 hits=0 inserts=0 served=0.0MB
[summer] enabled=false cap_gb=8 sample=16 consults=0 wanted=0 hits=0 hit_rate=0.0% misses=0 inserts=0 evictions=0 recycled=0 allocs=0 pin_skips=0 gated=0 ramp=2..50 bar=0 suppressed=0 wide_skips=0 served=0.0MB copied=0.0MB ssd_avoided=0.0GB live=0/0.0GB model=0 protected=0 declined=0 topup_suppressed=0 aged=0 into=0/0/0 pending=0
[mirror-split] internal=0 K3C=0 K3B=0 K3A=0  shares=0%/0%/0%/0%
[phases] mono=358198.627580 chunks=76 sequence=150.161s read_wait=0.171s bind_upload=1.606s attention_resident=9.804s expert_read_prefetch=80.537s expert_demand_read=49.175s expert_plan=5.721s expert_hint=0.000s expert_submit=0.000s expert_kernel=56.705s source_fence=0.000s tail_head_sync=1.150s layer_other=0.144s expert_read_gross=74.816s plan_hint=5.577s plan_sched=0.142s attn_total=10.236s attn_encode=2.895s attn_wait=5.844s attn_drain=1.498s kernel_total=31.907s kernel_host=1.533s kernel_wait=5.781s kernel_drain=24.594s
[attn-split] single: calls=6603 total=5.599s encode=1.932s wait=2.170s drain=1.498s waits=11431 untimed=1957 | wide: calls=558 total=4.637s encode=0.963s wait=3.674s drain=0.000s waits=552 untimed=552 | hint: calls=7084 total=5.651s encode=0.017s wait=5.634s drain=0.000s waits=7193 untimed=7193
[kernel-split] single: calls=7046 total=25.074s encode=0.698s wait=0.390s drain=23.986s waits=7529 untimed=5871 | wide: calls=1090 total=6.833s encode=0.834s wait=5.391s drain=0.608s waits=1090 untimed=0
[kernel-sub] materialize=0.405s moe=6.778s precommit=24.026s rest=0.698s
[metal-cache] calls=12145 zero_copy_wraps=265 copies=0 cache_entries=144 bindless=true
,
[stats] generated=81 elapsed=155.126s speed=0.5222 token/s (1.915 s/token) chunks=77 committed_rows=118 verify_tx=5 drafts=4/10 layer_passes=7161 expert_rows=11224 expert_tiles=7557
[verify-width] w1=0 w2=5 w3=0 w4=0 w5=0 w6=0 w7=0 w8+=0              (w1 share 0.0% of 5 transactions)
[opens] expert file opens=311304 total=4.124s mean=0.013ms requested_bytes=3387574746304 (3387.6 GB)
[arrival] tiles=725 waves=1310 uncovered_wait=25.542s dispatch=5.689s
[retain] enabled=false cap_gb=8 layers=63..=92 consults=0 wanted=0 hits=0 inserts=0 served=0.0MB
[summer] enabled=false cap_gb=8 sample=16 consults=0 wanted=0 hits=0 hit_rate=0.0% misses=0 inserts=0 evictions=0 recycled=0 allocs=0 pin_skips=0 gated=0 ramp=2..50 bar=0 suppressed=0 wide_skips=0 served=0.0MB copied=0.0MB ssd_avoided=0.0GB live=0/0.0GB model=0 protected=0 declined=0 topup_suppressed=0 aged=0 into=0/0/0 pending=0
[mirror-split] internal=0 K3C=0 K3B=0 K3A=0  shares=0%/0%/0%/0%
[phases] mono=358200.132907 chunks=77 sequence=151.666s read_wait=0.171s bind_upload=1.606s attention_resident=9.881s expert_read_prefetch=81.577s expert_demand_read=49.758s expert_plan=5.801s expert_hint=0.000s expert_submit=0.000s expert_kernel=57.076s source_fence=0.000s tail_head_sync=1.166s layer_other=0.145s expert_read_gross=75.776s plan_hint=5.656s plan_sched=0.143s attn_total=10.313s attn_encode=2.919s attn_wait=5.875s attn_drain=1.518s kernel_total=32.268s kernel_host=1.541s kernel_wait=5.785s kernel_drain=24.941s
[attn-split] single: calls=6696 total=5.676s encode=1.956s wait=2.201s drain=1.518s waits=11592 untimed=1986 | wide: calls=558 total=4.637s encode=0.963s wait=3.674s drain=0.000s waits=552 untimed=552 | hint: calls=7176 total=5.730s encode=0.017s wait=5.712s drain=0.000s waits=7284 untimed=7284
[kernel-split] single: calls=7144 total=25.434s encode=0.707s wait=0.394s drain=24.333s waits=7634 untimed=5953 | wide: calls=1090 total=6.833s encode=0.834s wait=5.391s drain=0.608s waits=1090 untimed=0
[kernel-sub] materialize=0.405s moe=6.786s precommit=24.374s rest=0.702s
[metal-cache] calls=12243 zero_copy_wraps=265 copies=0 cache_entries=144 bindless=true
 and
[stats] generated=82 elapsed=156.633s speed=0.5235 token/s (1.910 s/token) chunks=78 committed_rows=119 verify_tx=5 drafts=4/10 layer_passes=7254 expert_rows=11316 expert_tiles=7649
[verify-width] w1=0 w2=5 w3=0 w4=0 w5=0 w6=0 w7=0 w8+=0              (w1 share 0.0% of 5 transactions)
[opens] expert file opens=315290 total=4.178s mean=0.013ms requested_bytes=3422528928960 (3422.5 GB)
[arrival] tiles=726 waves=1317 uncovered_wait=25.551s dispatch=5.698s
[retain] enabled=false cap_gb=8 layers=63..=92 consults=0 wanted=0 hits=0 inserts=0 served=0.0MB
[summer] enabled=false cap_gb=8 sample=16 consults=0 wanted=0 hits=0 hit_rate=0.0% misses=0 inserts=0 evictions=0 recycled=0 allocs=0 pin_skips=0 gated=0 ramp=2..50 bar=0 suppressed=0 wide_skips=0 served=0.0MB copied=0.0MB ssd_avoided=0.0GB live=0/0.0GB model=0 protected=0 declined=0 topup_suppressed=0 aged=0 into=0/0/0 pending=0
[mirror-split] internal=0 K3C=0 K3B=0 K3A=0  shares=0%/0%/0%/0%
[phases] mono=358201.640064 chunks=78 sequence=153.172s read_wait=0.171s bind_upload=1.606s attention_resident=9.969s expert_read_prefetch=82.598s expert_demand_read=50.384s expert_plan=5.868s expert_hint=0.000s expert_submit=0.000s expert_kernel=57.455s source_fence=0.000s tail_head_sync=1.182s layer_other=0.147s expert_read_gross=76.730s plan_hint=5.722s plan_sched=0.145s attn_total=10.400s attn_encode=2.962s attn_wait=5.911s attn_drain=1.528s kernel_total=32.638s kernel_host=1.551s kernel_wait=5.791s kernel_drain=25.296s
[attn-split] single: calls=6789 total=5.763s encode=1.999s wait=2.237s drain=1.528s waits=11753 untimed=2018 | wide: calls=558 total=4.637s encode=0.963s wait=3.674s drain=0.000s waits=552 untimed=552 | hint: calls=7268 total=5.796s encode=0.018s wait=5.778s drain=0.000s waits=7375 untimed=7375
[kernel-split] single: calls=7242 total=25.805s encode=0.717s wait=0.400s drain=24.688s waits=7739 untimed=6046 | wide: calls=1090 total=6.833s encode=0.834s wait=5.391s drain=0.608s waits=1090 untimed=0
[kernel-sub] materialize=0.405s moe=6.794s precommit=24.731s rest=0.707s
[metal-cache] calls=12341 zero_copy_wraps=265 copies=0 cache_entries=144 bindless=true
[route-chain] chained=4830
[route-chain] dedup_hits=4830
 a
[stats] generated=83 elapsed=158.053s speed=0.5251 token/s (1.904 s/token) chunks=79 committed_rows=120 verify_tx=5 drafts=4/10 layer_passes=7347 expert_rows=11408 expert_tiles=7741
[verify-width] w1=0 w2=5 w3=0 w4=0 w5=0 w6=0 w7=0 w8+=0              (w1 share 0.0% of 5 transactions)
[opens] expert file opens=319181 total=4.230s mean=0.013ms requested_bytes=3456623328448 (3456.6 GB)
[arrival] tiles=727 waves=1323 uncovered_wait=25.560s dispatch=5.707s
[retain] enabled=false cap_gb=8 layers=63..=92 consults=0 wanted=0 hits=0 inserts=0 served=0.0MB
[summer] enabled=false cap_gb=8 sample=16 consults=0 wanted=0 hits=0 hit_rate=0.0% misses=0 inserts=0 evictions=0 recycled=0 allocs=0 pin_skips=0 gated=0 ramp=2..50 bar=0 suppressed=0 wide_skips=0 served=0.0MB copied=0.0MB ssd_avoided=0.0GB live=0/0.0GB model=0 protected=0 declined=0 topup_suppressed=0 aged=0 into=0/0/0 pending=0
[mirror-split] internal=0 K3C=0 K3B=0 K3A=0  shares=0%/0%/0%/0%
[phases] mono=358203.060279 chunks=79 sequence=154.591s read_wait=0.171s bind_upload=1.606s attention_resident=10.044s expert_read_prefetch=83.550s expert_demand_read=50.925s expert_plan=5.940s expert_hint=0.000s expert_submit=0.000s expert_kernel=57.829s source_fence=0.000s tail_head_sync=1.198s layer_other=0.148s expert_read_gross=77.610s plan_hint=5.792s plan_sched=0.146s attn_total=10.475s attn_encode=2.985s attn_wait=5.942s attn_drain=1.547s kernel_total=33.002s kernel_host=1.560s kernel_wait=5.796s kernel_drain=25.646s
[attn-split] single: calls=6882 total=5.838s encode=2.023s wait=2.269s drain=1.547s waits=11914 untimed=2049 | wide: calls=558 total=4.637s encode=0.963s wait=3.674s drain=0.000s waits=552 untimed=552 | hint: calls=7360 total=5.866s encode=0.018s wait=5.848s drain=0.000s waits=7466 untimed=7466
[kernel-split] single: calls=7339 total=26.169s encode=0.725s wait=0.405s drain=25.038s waits=7842 untimed=6133 | wide: calls=1090 total=6.833s encode=0.834s wait=5.391s drain=0.608s waits=1090 untimed=0
[kernel-sub] materialize=0.405s moe=6.803s precommit=25.083s rest=0.711s
[metal-cache] calls=12438 zero_copy_wraps=265 copies=0 cache_entries=144 bindless=true
 dis
[stats] generated=84 elapsed=159.569s speed=0.5264 token/s (1.900 s/token) chunks=80 committed_rows=121 verify_tx=5 drafts=4/10 layer_passes=7440 expert_rows=11500 expert_tiles=7833
[verify-width] w1=0 w2=5 w3=0 w4=0 w5=0 w6=0 w7=0 w8+=0              (w1 share 0.0% of 5 transactions)
[opens] expert file opens=323198 total=4.283s mean=0.013ms requested_bytes=3491832003776 (3491.8 GB)
[arrival] tiles=728 waves=1330 uncovered_wait=25.572s dispatch=5.714s
[retain] enabled=false cap_gb=8 layers=63..=92 consults=0 wanted=0 hits=0 inserts=0 served=0.0MB
[summer] enabled=false cap_gb=8 sample=16 consults=0 wanted=0 hits=0 hit_rate=0.0% misses=0 inserts=0 evictions=0 recycled=0 allocs=0 pin_skips=0 gated=0 ramp=2..50 bar=0 suppressed=0 wide_skips=0 served=0.0MB copied=0.0MB ssd_avoided=0.0GB live=0/0.0GB model=0 protected=0 declined=0 topup_suppressed=0 aged=0 into=0/0/0 pending=0
[mirror-split] internal=0 K3C=0 K3B=0 K3A=0  shares=0%/0%/0%/0%
[phases] mono=358204.575829 chunks=80 sequence=156.105s read_wait=0.171s bind_upload=1.606s attention_resident=10.117s expert_read_prefetch=84.612s expert_demand_read=51.557s expert_plan=6.012s expert_hint=0.000s expert_submit=0.000s expert_kernel=58.194s source_fence=0.000s tail_head_sync=1.212s layer_other=0.149s expert_read_gross=78.599s plan_hint=5.864s plan_sched=0.147s attn_total=10.548s attn_encode=3.009s attn_wait=5.974s attn_drain=1.565s kernel_total=33.356s kernel_host=1.568s kernel_wait=5.801s kernel_drain=25.986s
[attn-split] single: calls=6975 total=5.911s encode=2.046s wait=2.300s drain=1.565s waits=12075 untimed=2078 | wide: calls=558 total=4.637s encode=0.963s wait=3.674s drain=0.000s waits=552 untimed=552 | hint: calls=7452 total=5.938s encode=0.018s wait=5.920s drain=0.000s waits=7557 untimed=7557
[kernel-split] single: calls=7437 total=26.522s encode=0.734s wait=0.410s drain=25.379s waits=7947 untimed=6222 | wide: calls=1090 total=6.833s encode=0.834s wait=5.391s drain=0.608s waits=1090 untimed=0
[kernel-sub] materialize=0.405s moe=6.810s precommit=25.425s rest=0.716s
[metal-cache] calls=12536 zero_copy_wraps=265 copies=0 cache_entries=144 bindless=true
grunt
[stats] generated=85 elapsed=161.086s speed=0.5277 token/s (1.895 s/token) chunks=81 committed_rows=122 verify_tx=5 drafts=4/10 layer_passes=7533 expert_rows=11592 expert_tiles=7925
[verify-width] w1=0 w2=5 w3=0 w4=0 w5=0 w6=0 w7=0 w8+=0              (w1 share 0.0% of 5 transactions)
[opens] expert file opens=327133 total=4.338s mean=0.013ms requested_bytes=3526312459456 (3526.3 GB)
[arrival] tiles=729 waves=1335 uncovered_wait=25.581s dispatch=5.719s
[retain] enabled=false cap_gb=8 layers=63..=92 consults=0 wanted=0 hits=0 inserts=0 served=0.0MB
[summer] enabled=false cap_gb=8 sample=16 consults=0 wanted=0 hits=0 hit_rate=0.0% misses=0 inserts=0 evictions=0 recycled=0 allocs=0 pin_skips=0 gated=0 ramp=2..50 bar=0 suppressed=0 wide_skips=0 served=0.0MB copied=0.0MB ssd_avoided=0.0GB live=0/0.0GB model=0 protected=0 declined=0 topup_suppressed=0 aged=0 into=0/0/0 pending=0
[mirror-split] internal=0 K3C=0 K3B=0 K3A=0  shares=0%/0%/0%/0%
[phases] mono=358206.093120 chunks=81 sequence=157.622s read_wait=0.171s bind_upload=1.606s attention_resident=10.188s expert_read_prefetch=85.669s expert_demand_read=52.179s expert_plan=6.089s expert_hint=0.000s expert_submit=0.000s expert_kernel=58.564s source_fence=0.000s tail_head_sync=1.228s layer_other=0.151s expert_read_gross=79.579s plan_hint=5.940s plan_sched=0.148s attn_total=10.619s attn_encode=3.036s attn_wait=6.006s attn_drain=1.576s kernel_total=33.717s kernel_host=1.577s kernel_wait=5.804s kernel_drain=26.336s
[attn-split] single: calls=7068 total=5.982s encode=2.073s wait=2.332s drain=1.576s waits=12236 untimed=2109 | wide: calls=558 total=4.637s encode=0.963s wait=3.674s drain=0.000s waits=552 untimed=552 | hint: calls=7544 total=6.014s encode=0.018s wait=5.995s drain=0.000s waits=7648 untimed=7648
[kernel-split] single: calls=7533 total=26.883s encode=0.743s wait=0.413s drain=25.728s waits=8048 untimed=6304 | wide: calls=1090 total=6.833s encode=0.834s wait=5.391s drain=0.608s waits=1090 untimed=0
[kernel-sub] materialize=0.405s moe=6.815s precommit=25.776s rest=0.721s
[metal-cache] calls=12632 zero_copy_wraps=265 copies=0 cache_entries=144 bindless=true
led
[stats] generated=86 elapsed=162.577s speed=0.5290 token/s (1.890 s/token) chunks=82 committed_rows=123 verify_tx=5 drafts=4/10 layer_passes=7626 expert_rows=11684 expert_tiles=8017
[verify-width] w1=0 w2=5 w3=0 w4=0 w5=0 w6=0 w7=0 w8+=0              (w1 share 0.0% of 5 transactions)
[opens] expert file opens=331023 total=4.389s mean=0.013ms requested_bytes=3560441937088 (3560.4 GB)
[arrival] tiles=730 waves=1339 uncovered_wait=25.590s dispatch=5.727s
[retain] enabled=false cap_gb=8 layers=63..=92 consults=0 wanted=0 hits=0 inserts=0 served=0.0MB
[summer] enabled=false cap_gb=8 sample=16 consults=0 wanted=0 hits=0 hit_rate=0.0% misses=0 inserts=0 evictions=0 recycled=0 allocs=0 pin_skips=0 gated=0 ramp=2..50 bar=0 suppressed=0 wide_skips=0 served=0.0MB copied=0.0MB ssd_avoided=0.0GB live=0/0.0GB model=0 protected=0 declined=0 topup_suppressed=0 aged=0 into=0/0/0 pending=0
[mirror-split] internal=0 K3C=0 K3B=0 K3A=0  shares=0%/0%/0%/0%
[phases] mono=358207.583980 chunks=82 sequence=159.111s read_wait=0.171s bind_upload=1.606s attention_resident=10.272s expert_read_prefetch=86.677s expert_demand_read=52.760s expert_plan=6.163s expert_hint=0.000s expert_submit=0.000s expert_kernel=58.942s source_fence=0.000s tail_head_sync=1.245s layer_other=0.152s expert_read_gross=80.514s plan_hint=6.013s plan_sched=0.149s attn_total=10.703s attn_encode=3.071s attn_wait=6.038s attn_drain=1.594s kernel_total=34.085s kernel_host=1.586s kernel_wait=5.808s kernel_drain=26.690s
[attn-split] single: calls=7161 total=6.066s encode=2.108s wait=2.364s drain=1.594s waits=12397 untimed=2138 | wide: calls=558 total=4.637s encode=0.963s wait=3.674s drain=0.000s waits=552 untimed=552 | hint: calls=7636 total=6.086s encode=0.019s wait=6.068s drain=0.000s waits=7739 untimed=7739
[kernel-split] single: calls=7628 total=27.252s encode=0.752s wait=0.417s drain=26.082s waits=8147 untimed=6379 | wide: calls=1090 total=6.833s encode=0.834s wait=5.391s drain=0.608s waits=1090 untimed=0
[kernel-sub] materialize=0.405s moe=6.823s precommit=26.133s rest=0.725s
[metal-cache] calls=12727 zero_copy_wraps=265 copies=0 cache_entries=144 bindless=true
 c
[stats] generated=87 elapsed=164.121s speed=0.5301 token/s (1.886 s/token) chunks=83 committed_rows=124 verify_tx=5 drafts=4/10 layer_passes=7719 expert_rows=11776 expert_tiles=8109
[verify-width] w1=0 w2=5 w3=0 w4=0 w5=0 w6=0 w7=0 w8+=0              (w1 share 0.0% of 5 transactions)
[opens] expert file opens=335050 total=4.441s mean=0.013ms requested_bytes=3595747097792 (3595.7 GB)
[arrival] tiles=731 waves=1344 uncovered_wait=25.599s dispatch=5.733s
[retain] enabled=false cap_gb=8 layers=63..=92 consults=0 wanted=0 hits=0 inserts=0 served=0.0MB
[summer] enabled=false cap_gb=8 sample=16 consults=0 wanted=0 hits=0 hit_rate=0.0% misses=0 inserts=0 evictions=0 recycled=0 allocs=0 pin_skips=0 gated=0 ramp=2..50 bar=0 suppressed=0 wide_skips=0 served=0.0MB copied=0.0MB ssd_avoided=0.0GB live=0/0.0GB model=0 protected=0 declined=0 topup_suppressed=0 aged=0 into=0/0/0 pending=0
[mirror-split] internal=0 K3C=0 K3B=0 K3A=0  shares=0%/0%/0%/0%
[phases] mono=358209.127778 chunks=83 sequence=160.653s read_wait=0.171s bind_upload=1.606s attention_resident=10.346s expert_read_prefetch=87.806s expert_demand_read=53.445s expert_plan=6.241s expert_hint=0.000s expert_submit=0.000s expert_kernel=59.268s source_fence=0.000s tail_head_sync=1.258s layer_other=0.154s expert_read_gross=81.565s plan_hint=6.089s plan_sched=0.150s attn_total=10.776s attn_encode=3.092s attn_wait=6.068s attn_drain=1.616s kernel_total=34.402s kernel_host=1.595s kernel_wait=5.812s kernel_drain=26.995s
[attn-split] single: calls=7254 total=6.140s encode=2.129s wait=2.394s drain=1.616s waits=12558 untimed=2165 | wide: calls=558 total=4.637s encode=0.963s wait=3.674s drain=0.000s waits=552 untimed=552 | hint: calls=7728 total=6.163s encode=0.019s wait=6.144s drain=0.000s waits=7830 untimed=7830
[kernel-split] single: calls=7724 total=27.568s encode=0.760s wait=0.421s drain=26.387s waits=8248 untimed=6469 | wide: calls=1090 total=6.833s encode=0.834s wait=5.391s drain=0.608s waits=1090 untimed=0
[kernel-sub] materialize=0.405s moe=6.829s precommit=26.439s rest=0.729s
[metal-cache] calls=12823 zero_copy_wraps=265 copies=0 cache_entries=144 bindless=true
roup
[stats] generated=88 elapsed=165.671s speed=0.5312 token/s (1.883 s/token) chunks=84 committed_rows=125 verify_tx=5 drafts=4/10 layer_passes=7812 expert_rows=11868 expert_tiles=8201
[verify-width] w1=0 w2=5 w3=0 w4=0 w5=0 w6=0 w7=0 w8+=0              (w1 share 0.0% of 5 transactions)
[opens] expert file opens=338999 total=4.497s mean=0.013ms requested_bytes=3630376697024 (3630.4 GB)
[arrival] tiles=732 waves=1351 uncovered_wait=25.611s dispatch=5.744s
[retain] enabled=false cap_gb=8 layers=63..=92 consults=0 wanted=0 hits=0 inserts=0 served=0.0MB
[summer] enabled=false cap_gb=8 sample=16 consults=0 wanted=0 hits=0 hit_rate=0.0% misses=0 inserts=0 evictions=0 recycled=0 allocs=0 pin_skips=0 gated=0 ramp=2..50 bar=0 suppressed=0 wide_skips=0 served=0.0MB copied=0.0MB ssd_avoided=0.0GB live=0/0.0GB model=0 protected=0 declined=0 topup_suppressed=0 aged=0 into=0/0/0 pending=0
[mirror-split] internal=0 K3C=0 K3B=0 K3A=0  shares=0%/0%/0%/0%
[phases] mono=358210.678131 chunks=84 sequence=162.202s read_wait=0.171s bind_upload=1.606s attention_resident=10.416s expert_read_prefetch=88.895s expert_demand_read=54.120s expert_plan=6.318s expert_hint=0.000s expert_submit=0.000s expert_kernel=59.640s source_fence=0.000s tail_head_sync=1.274s layer_other=0.155s expert_read_gross=82.576s plan_hint=6.166s plan_sched=0.151s attn_total=10.846s attn_encode=3.115s attn_wait=6.092s attn_drain=1.639s kernel_total=34.761s kernel_host=1.605s kernel_wait=5.817s kernel_drain=27.339s
[attn-split] single: calls=7347 total=6.209s encode=2.152s wait=2.418s drain=1.639s waits=12719 untimed=2183 | wide: calls=558 total=4.637s encode=0.963s wait=3.674s drain=0.000s waits=552 untimed=552 | hint: calls=7820 total=6.240s encode=0.019s wait=6.221s drain=0.000s waits=7921 untimed=7921
[kernel-split] single: calls=7822 total=27.928s encode=0.771s wait=0.426s drain=26.731s waits=8353 untimed=6544 | wide: calls=1090 total=6.833s encode=0.834s wait=5.391s drain=0.608s waits=1090 untimed=0
[kernel-sub] materialize=0.405s moe=6.839s precommit=26.783s rest=0.734s
[metal-cache] calls=12921 zero_copy_wraps=265 copies=0 cache_entries=144 bindless=true
ier
[stats] generated=89 elapsed=167.141s speed=0.5325 token/s (1.878 s/token) chunks=85 committed_rows=126 verify_tx=5 drafts=4/10 layer_passes=7905 expert_rows=11960 expert_tiles=8293
[verify-width] w1=0 w2=5 w3=0 w4=0 w5=0 w6=0 w7=0 w8+=0              (w1 share 0.0% of 5 transactions)
[opens] expert file opens=342837 total=4.545s mean=0.013ms requested_bytes=3664049978560 (3664.0 GB)
[arrival] tiles=733 waves=1359 uncovered_wait=25.622s dispatch=5.752s
[retain] enabled=false cap_gb=8 layers=63..=92 consults=0 wanted=0 hits=0 inserts=0 served=0.0MB
[summer] enabled=false cap_gb=8 sample=16 consults=0 wanted=0 hits=0 hit_rate=0.0% misses=0 inserts=0 evictions=0 recycled=0 allocs=0 pin_skips=0 gated=0 ramp=2..50 bar=0 suppressed=0 wide_skips=0 served=0.0MB copied=0.0MB ssd_avoided=0.0GB live=0/0.0GB model=0 protected=0 declined=0 topup_suppressed=0 aged=0 into=0/0/0 pending=0
[mirror-split] internal=0 K3C=0 K3B=0 K3A=0  shares=0%/0%/0%/0%
[phases] mono=358212.148185 chunks=85 sequence=163.671s read_wait=0.171s bind_upload=1.606s attention_resident=10.490s expert_read_prefetch=89.952s expert_demand_read=54.791s expert_plan=6.392s expert_hint=0.000s expert_submit=0.000s expert_kernel=59.963s source_fence=0.000s tail_head_sync=1.287s layer_other=0.157s expert_read_gross=83.559s plan_hint=6.239s plan_sched=0.152s attn_total=10.920s attn_encode=3.140s attn_wait=6.117s attn_drain=1.662s kernel_total=35.073s kernel_host=1.614s kernel_wait=5.822s kernel_drain=27.637s
[attn-split] single: calls=7440 total=6.283s encode=2.178s wait=2.443s drain=1.662s waits=12880 untimed=2209 | wide: calls=558 total=4.637s encode=0.963s wait=3.674s drain=0.000s waits=552 untimed=552 | hint: calls=7912 total=6.312s encode=0.019s wait=6.293s drain=0.000s waits=8012 untimed=8012
[kernel-split] single: calls=7921 total=28.240s encode=0.780s wait=0.431s drain=27.030s waits=8460 untimed=6630 | wide: calls=1090 total=6.833s encode=0.834s wait=5.391s drain=0.608s waits=1090 untimed=0
[kernel-sub] materialize=0.405s moe=6.847s precommit=27.083s rest=0.738s
[metal-cache] calls=13020 zero_copy_wraps=265 copies=0 cache_entries=144 bindless=true
 who
[stats] generated=90 elapsed=168.685s speed=0.5335 token/s (1.874 s/token) chunks=86 committed_rows=127 verify_tx=5 drafts=4/10 layer_passes=7998 expert_rows=12052 expert_tiles=8385
[verify-width] w1=0 w2=5 w3=0 w4=0 w5=0 w6=0 w7=0 w8+=0              (w1 share 0.0% of 5 transactions)
[opens] expert file opens=346718 total=4.595s mean=0.013ms requested_bytes=3698126798016 (3698.1 GB)
[arrival] tiles=734 waves=1366 uncovered_wait=25.633s dispatch=5.763s
[retain] enabled=false cap_gb=8 layers=63..=92 consults=0 wanted=0 hits=0 inserts=0 served=0.0MB
[summer] enabled=false cap_gb=8 sample=16 consults=0 wanted=0 hits=0 hit_rate=0.0% misses=0 inserts=0 evictions=0 recycled=0 allocs=0 pin_skips=0 gated=0 ramp=2..50 bar=0 suppressed=0 wide_skips=0 served=0.0MB copied=0.0MB ssd_avoided=0.0GB live=0/0.0GB model=0 protected=0 declined=0 topup_suppressed=0 aged=0 into=0/0/0 pending=0
[mirror-split] internal=0 K3C=0 K3B=0 K3A=0  shares=0%/0%/0%/0%
[phases] mono=358213.691563 chunks=86 sequence=165.213s read_wait=0.171s bind_upload=1.606s attention_resident=10.575s expert_read_prefetch=91.024s expert_demand_read=55.484s expert_plan=6.468s expert_hint=0.000s expert_submit=0.000s expert_kernel=60.330s source_fence=0.000s tail_head_sync=1.303s layer_other=0.158s expert_read_gross=84.556s plan_hint=6.313s plan_sched=0.153s attn_total=11.005s attn_encode=3.178s attn_wait=6.139s attn_drain=1.688s kernel_total=35.429s kernel_host=1.624s kernel_wait=5.827s kernel_drain=27.978s
[attn-split] single: calls=7533 total=6.368s encode=2.215s wait=2.465s drain=1.688s waits=13041 untimed=2229 | wide: calls=558 total=4.637s encode=0.963s wait=3.674s drain=0.000s waits=552 untimed=552 | hint: calls=8004 total=6.387s encode=0.019s wait=6.368s drain=0.000s waits=8103 untimed=8103
[kernel-split] single: calls=8019 total=28.596s encode=0.789s wait=0.436s drain=27.370s waits=8565 untimed=6710 | wide: calls=1090 total=6.833s encode=0.834s wait=5.391s drain=0.608s waits=1090 untimed=0
[kernel-sub] materialize=0.405s moe=6.858s precommit=27.424s rest=0.742s
[metal-cache] calls=13118 zero_copy_wraps=265 copies=0 cache_entries=144 bindless=true
 can
[stats] generated=91 elapsed=170.186s speed=0.5347 token/s (1.870 s/token) chunks=87 committed_rows=128 verify_tx=5 drafts=4/10 layer_passes=8091 expert_rows=12144 expert_tiles=8477
[verify-width] w1=0 w2=5 w3=0 w4=0 w5=0 w6=0 w7=0 w8+=0              (w1 share 0.0% of 5 transactions)
[opens] expert file opens=350557 total=4.644s mean=0.013ms requested_bytes=3731773750464 (3731.8 GB)
[arrival] tiles=735 waves=1373 uncovered_wait=25.642s dispatch=5.772s
[retain] enabled=false cap_gb=8 layers=63..=92 consults=0 wanted=0 hits=0 inserts=0 served=0.0MB
[summer] enabled=false cap_gb=8 sample=16 consults=0 wanted=0 hits=0 hit_rate=0.0% misses=0 inserts=0 evictions=0 recycled=0 allocs=0 pin_skips=0 gated=0 ramp=2..50 bar=0 suppressed=0 wide_skips=0 served=0.0MB copied=0.0MB ssd_avoided=0.0GB live=0/0.0GB model=0 protected=0 declined=0 topup_suppressed=0 aged=0 into=0/0/0 pending=0
[mirror-split] internal=0 K3C=0 K3B=0 K3A=0  shares=0%/0%/0%/0%
[phases] mono=358215.193076 chunks=87 sequence=166.713s read_wait=0.171s bind_upload=1.606s attention_resident=10.649s expert_read_prefetch=92.058s expert_demand_read=56.089s expert_plan=6.540s expert_hint=0.000s expert_submit=0.000s expert_kernel=60.704s source_fence=0.000s tail_head_sync=1.320s layer_other=0.159s expert_read_gross=85.518s plan_hint=6.385s plan_sched=0.154s attn_total=11.079s attn_encode=3.201s attn_wait=6.175s attn_drain=1.703s kernel_total=35.794s kernel_host=1.632s kernel_wait=5.834s kernel_drain=28.328s
[attn-split] single: calls=7626 total=6.442s encode=2.238s wait=2.501s drain=1.703s waits=13202 untimed=2258 | wide: calls=558 total=4.637s encode=0.963s wait=3.674s drain=0.000s waits=552 untimed=552 | hint: calls=8096 total=6.458s encode=0.020s wait=6.439s drain=0.000s waits=8194 untimed=8194
[kernel-split] single: calls=8117 total=28.961s encode=0.798s wait=0.443s drain=27.720s waits=8670 untimed=6794 | wide: calls=1090 total=6.833s encode=0.834s wait=5.391s drain=0.608s waits=1090 untimed=0
[kernel-sub] materialize=0.405s moe=6.867s precommit=27.775s rest=0.746s
[metal-cache] calls=13216 zero_copy_wraps=265 copies=0 cache_entries=144 bindless=true
 manipulate
[stats] generated=92 elapsed=171.657s speed=0.5360 token/s (1.866 s/token) chunks=88 committed_rows=129 verify_tx=5 drafts=4/10 layer_passes=8184 expert_rows=12236 expert_tiles=8569
[verify-width] w1=0 w2=5 w3=0 w4=0 w5=0 w6=0 w7=0 w8+=0              (w1 share 0.0% of 5 transactions)
[opens] expert file opens=354414 total=4.697s mean=0.013ms requested_bytes=3765622422720 (3765.6 GB)
[arrival] tiles=736 waves=1379 uncovered_wait=25.650s dispatch=5.785s
[retain] enabled=false cap_gb=8 layers=63..=92 consults=0 wanted=0 hits=0 inserts=0 served=0.0MB
[summer] enabled=false cap_gb=8 sample=16 consults=0 wanted=0 hits=0 hit_rate=0.0% misses=0 inserts=0 evictions=0 recycled=0 allocs=0 pin_skips=0 gated=0 ramp=2..50 bar=0 suppressed=0 wide_skips=0 served=0.0MB copied=0.0MB ssd_avoided=0.0GB live=0/0.0GB model=0 protected=0 declined=0 topup_suppressed=0 aged=0 into=0/0/0 pending=0
[mirror-split] internal=0 K3C=0 K3B=0 K3A=0  shares=0%/0%/0%/0%
[phases] mono=358216.664057 chunks=88 sequence=168.182s read_wait=0.171s bind_upload=1.606s attention_resident=10.726s expert_read_prefetch=93.047s expert_demand_read=56.721s expert_plan=6.621s expert_hint=0.000s expert_submit=0.000s expert_kernel=61.093s source_fence=0.000s tail_head_sync=1.334s layer_other=0.161s expert_read_gross=86.426s plan_hint=6.464s plan_sched=0.155s attn_total=11.155s attn_encode=3.224s attn_wait=6.210s attn_drain=1.721s kernel_total=36.175s kernel_host=1.643s kernel_wait=5.840s kernel_drain=28.692s
[attn-split] single: calls=7719 total=6.518s encode=2.261s wait=2.536s drain=1.721s waits=13363 untimed=2288 | wide: calls=558 total=4.637s encode=0.963s wait=3.674s drain=0.000s waits=552 untimed=552 | hint: calls=8188 total=6.538s encode=0.020s wait=6.518s drain=0.000s waits=8285 untimed=8285
[kernel-split] single: calls=8214 total=29.342s encode=0.809s wait=0.449s drain=28.084s waits=8773 untimed=6875 | wide: calls=1090 total=6.833s encode=0.834s wait=5.391s drain=0.608s waits=1090 untimed=0
[kernel-sub] materialize=0.405s moe=6.880s precommit=28.139s rest=0.751s
[metal-cache] calls=13313 zero_copy_wraps=265 copies=0 cache_entries=144 bindless=true
[route-chain] chained=5520
[route-chain] dedup_hits=5520
 the
[stats] generated=93 elapsed=173.231s speed=0.5369 token/s (1.863 s/token) chunks=89 committed_rows=130 verify_tx=5 drafts=4/10 layer_passes=8277 expert_rows=12328 expert_tiles=8661
[verify-width] w1=0 w2=5 w3=0 w4=0 w5=0 w6=0 w7=0 w8+=0              (w1 share 0.0% of 5 transactions)
[opens] expert file opens=358263 total=4.747s mean=0.013ms requested_bytes=3799383391424 (3799.4 GB)
[arrival] tiles=737 waves=1385 uncovered_wait=25.658s dispatch=5.794s
[retain] enabled=false cap_gb=8 layers=63..=92 consults=0 wanted=0 hits=0 inserts=0 served=0.0MB
[summer] enabled=false cap_gb=8 sample=16 consults=0 wanted=0 hits=0 hit_rate=0.0% misses=0 inserts=0 evictions=0 recycled=0 allocs=0 pin_skips=0 gated=0 ramp=2..50 bar=0 suppressed=0 wide_skips=0 served=0.0MB copied=0.0MB ssd_avoided=0.0GB live=0/0.0GB model=0 protected=0 declined=0 topup_suppressed=0 aged=0 into=0/0/0 pending=0
[mirror-split] internal=0 K3C=0 K3B=0 K3A=0  shares=0%/0%/0%/0%
[phases] mono=358218.238243 chunks=89 sequence=169.755s read_wait=0.171s bind_upload=1.606s attention_resident=10.802s expert_read_prefetch=94.154s expert_demand_read=57.461s expert_plan=6.692s expert_hint=0.000s expert_submit=0.000s expert_kernel=61.464s source_fence=0.000s tail_head_sync=1.351s layer_other=0.162s expert_read_gross=87.461s plan_hint=6.534s plan_sched=0.156s attn_total=11.231s attn_encode=3.246s attn_wait=6.235s attn_drain=1.750s kernel_total=36.538s kernel_host=1.652s kernel_wait=5.845s kernel_drain=29.040s
[attn-split] single: calls=7812 total=6.594s encode=2.283s wait=2.561s drain=1.750s waits=13524 untimed=2308 | wide: calls=558 total=4.637s encode=0.963s wait=3.674s drain=0.000s waits=552 untimed=552 | hint: calls=8280 total=6.608s encode=0.020s wait=6.588s drain=0.000s waits=8376 untimed=8376
[kernel-split] single: calls=8311 total=29.704s encode=0.818s wait=0.454s drain=28.432s waits=8876 untimed=6961 | wide: calls=1090 total=6.833s encode=0.834s wait=5.391s drain=0.608s waits=1090 untimed=0
[kernel-sub] materialize=0.405s moe=6.889s precommit=28.488s rest=0.755s
[metal-cache] calls=13410 zero_copy_wraps=265 copies=0 cache_entries=144 bindless=true
 casino
[stats] generated=94 elapsed=174.746s speed=0.5379 token/s (1.859 s/token) chunks=90 committed_rows=131 verify_tx=5 drafts=4/10 layer_passes=8370 expert_rows=12420 expert_tiles=8753
[verify-width] w1=0 w2=5 w3=0 w4=0 w5=0 w6=0 w7=0 w8+=0              (w1 share 0.0% of 5 transactions)
[opens] expert file opens=362217 total=4.800s mean=0.013ms requested_bytes=3834074381504 (3834.1 GB)
[arrival] tiles=738 waves=1392 uncovered_wait=25.667s dispatch=5.804s
[retain] enabled=false cap_gb=8 layers=63..=92 consults=0 wanted=0 hits=0 inserts=0 served=0.0MB
[summer] enabled=false cap_gb=8 sample=16 consults=0 wanted=0 hits=0 hit_rate=0.0% misses=0 inserts=0 evictions=0 recycled=0 allocs=0 pin_skips=0 gated=0 ramp=2..50 bar=0 suppressed=0 wide_skips=0 served=0.0MB copied=0.0MB ssd_avoided=0.0GB live=0/0.0GB model=0 protected=0 declined=0 topup_suppressed=0 aged=0 into=0/0/0 pending=0
[mirror-split] internal=0 K3C=0 K3B=0 K3A=0  shares=0%/0%/0%/0%
[phases] mono=358219.753142 chunks=90 sequence=171.269s read_wait=0.171s bind_upload=1.606s attention_resident=10.890s expert_read_prefetch=95.222s expert_demand_read=58.130s expert_plan=6.763s expert_hint=0.000s expert_submit=0.000s expert_kernel=61.809s source_fence=0.000s tail_head_sync=1.363s layer_other=0.163s expert_read_gross=88.459s plan_hint=6.605s plan_sched=0.157s attn_total=11.319s attn_encode=3.282s attn_wait=6.261s attn_drain=1.775s kernel_total=36.873s kernel_host=1.661s kernel_wait=5.851s kernel_drain=29.361s
[attn-split] single: calls=7905 total=6.682s encode=2.320s wait=2.587s drain=1.775s waits=13685 untimed=2335 | wide: calls=558 total=4.637s encode=0.963s wait=3.674s drain=0.000s waits=552 untimed=552 | hint: calls=8372 total=6.678s encode=0.020s wait=6.658s drain=0.000s waits=8467 untimed=8467
[kernel-split] single: calls=8409 total=30.040s encode=0.827s wait=0.460s drain=28.753s waits=8981 untimed=7037 | wide: calls=1090 total=6.833s encode=0.834s wait=5.391s drain=0.608s waits=1090 untimed=0
[kernel-sub] materialize=0.405s moe=6.899s precommit=28.810s rest=0.760s
[metal-cache] calls=13508 zero_copy_wraps=265 copies=0 cache_entries=144 bindless=true
's
[stats] generated=95 elapsed=176.257s speed=0.5390 token/s (1.855 s/token) chunks=91 committed_rows=132 verify_tx=5 drafts=4/10 layer_passes=8463 expert_rows=12512 expert_tiles=8845
[verify-width] w1=0 w2=5 w3=0 w4=0 w5=0 w6=0 w7=0 w8+=0              (w1 share 0.0% of 5 transactions)
[opens] expert file opens=366109 total=4.854s mean=0.013ms requested_bytes=3868168797376 (3868.2 GB)
[arrival] tiles=739 waves=1400 uncovered_wait=25.678s dispatch=5.816s
[retain] enabled=false cap_gb=8 layers=63..=92 consults=0 wanted=0 hits=0 inserts=0 served=0.0MB
[summer] enabled=false cap_gb=8 sample=16 consults=0 wanted=0 hits=0 hit_rate=0.0% misses=0 inserts=0 evictions=0 recycled=0 allocs=0 pin_skips=0 gated=0 ramp=2..50 bar=0 suppressed=0 wide_skips=0 served=0.0MB copied=0.0MB ssd_avoided=0.0GB live=0/0.0GB model=0 protected=0 declined=0 topup_suppressed=0 aged=0 into=0/0/0 pending=0
[mirror-split] internal=0 K3C=0 K3B=0 K3A=0  shares=0%/0%/0%/0%
[phases] mono=358221.263752 chunks=91 sequence=172.778s read_wait=0.171s bind_upload=1.606s attention_resident=10.966s expert_read_prefetch=96.223s expert_demand_read=58.720s expert_plan=6.845s expert_hint=0.000s expert_submit=0.000s expert_kernel=62.222s source_fence=0.000s tail_head_sync=1.380s layer_other=0.165s expert_read_gross=89.378s plan_hint=6.685s plan_sched=0.158s attn_total=11.394s attn_encode=3.304s attn_wait=6.288s attn_drain=1.802s kernel_total=37.275s kernel_host=1.671s kernel_wait=5.857s kernel_drain=29.747s
[attn-split] single: calls=7998 total=6.758s encode=2.342s wait=2.614s drain=1.802s waits=13846 untimed=2360 | wide: calls=558 total=4.637s encode=0.963s wait=3.674s drain=0.000s waits=552 untimed=552 | hint: calls=8464 total=6.758s encode=0.020s wait=6.738s drain=0.000s waits=8558 untimed=8558
[kernel-split] single: calls=8508 total=30.442s encode=0.837s wait=0.466s drain=29.139s waits=9088 untimed=7123 | wide: calls=1090 total=6.833s encode=0.834s wait=5.391s drain=0.608s waits=1090 untimed=0
[kernel-sub] materialize=0.405s moe=6.910s precommit=29.195s rest=0.764s
[metal-cache] calls=13607 zero_copy_wraps=265 copies=0 cache_entries=144 bindless=true
 vintage
[stats] generated=96 elapsed=177.716s speed=0.5402 token/s (1.851 s/token) chunks=92 committed_rows=133 verify_tx=5 drafts=4/10 layer_passes=8556 expert_rows=12604 expert_tiles=8937
[verify-width] w1=0 w2=5 w3=0 w4=0 w5=0 w6=0 w7=0 w8+=0              (w1 share 0.0% of 5 transactions)
[opens] expert file opens=370010 total=4.903s mean=0.013ms requested_bytes=3902377295040 (3902.4 GB)
[arrival] tiles=740 waves=1408 uncovered_wait=25.692s dispatch=5.825s
[retain] enabled=false cap_gb=8 layers=63..=92 consults=0 wanted=0 hits=0 inserts=0 served=0.0MB
[summer] enabled=false cap_gb=8 sample=16 consults=0 wanted=0 hits=0 hit_rate=0.0% misses=0 inserts=0 evictions=0 recycled=0 allocs=0 pin_skips=0 gated=0 ramp=2..50 bar=0 suppressed=0 wide_skips=0 served=0.0MB copied=0.0MB ssd_avoided=0.0GB live=0/0.0GB model=0 protected=0 declined=0 topup_suppressed=0 aged=0 into=0/0/0 pending=0
[mirror-split] internal=0 K3C=0 K3B=0 K3A=0  shares=0%/0%/0%/0%
[phases] mono=358222.722518 chunks=92 sequence=174.236s read_wait=0.171s bind_upload=1.606s attention_resident=11.034s expert_read_prefetch=97.249s expert_demand_read=59.331s expert_plan=6.920s expert_hint=0.000s expert_submit=0.000s expert_kernel=62.571s source_fence=0.000s tail_head_sync=1.393s layer_other=0.166s expert_read_gross=90.329s plan_hint=6.759s plan_sched=0.159s attn_total=11.462s attn_encode=3.327s attn_wait=6.316s attn_drain=1.819s kernel_total=37.610s kernel_host=1.681s kernel_wait=5.862s kernel_drain=30.067s
[attn-split] single: calls=8091 total=6.826s encode=2.365s wait=2.643s drain=1.819s waits=14007 untimed=2393 | wide: calls=558 total=4.637s encode=0.963s wait=3.674s drain=0.000s waits=552 untimed=552 | hint: calls=8556 total=6.832s encode=0.021s wait=6.811s drain=0.000s waits=8649 untimed=8649
[kernel-split] single: calls=8607 total=30.777s encode=0.846s wait=0.471s drain=29.459s waits=9195 untimed=7206 | wide: calls=1090 total=6.833s encode=0.834s wait=5.391s drain=0.608s waits=1090 untimed=0
[kernel-sub] materialize=0.405s moe=6.919s precommit=29.517s rest=0.768s
[metal-cache] calls=13706 zero_copy_wraps=265 copies=0 cache_entries=144 bindless=true
 mechanical
[stats] generated=97 elapsed=179.139s speed=0.5415 token/s (1.847 s/token) chunks=93 committed_rows=134 verify_tx=5 drafts=4/10 layer_passes=8649 expert_rows=12696 expert_tiles=9029
[verify-width] w1=0 w2=5 w3=0 w4=0 w5=0 w6=0 w7=0 w8+=0              (w1 share 0.0% of 5 transactions)
[opens] expert file opens=373797 total=4.954s mean=0.013ms requested_bytes=3935603080384 (3935.6 GB)
[arrival] tiles=741 waves=1416 uncovered_wait=25.702s dispatch=5.834s
[retain] enabled=false cap_gb=8 layers=63..=92 consults=0 wanted=0 hits=0 inserts=0 served=0.0MB
[summer] enabled=false cap_gb=8 sample=16 consults=0 wanted=0 hits=0 hit_rate=0.0% misses=0 inserts=0 evictions=0 recycled=0 allocs=0 pin_skips=0 gated=0 ramp=2..50 bar=0 suppressed=0 wide_skips=0 served=0.0MB copied=0.0MB ssd_avoided=0.0GB live=0/0.0GB model=0 protected=0 declined=0 topup_suppressed=0 aged=0 into=0/0/0 pending=0
[mirror-split] internal=0 K3C=0 K3B=0 K3A=0  shares=0%/0%/0%/0%
[phases] mono=358224.146078 chunks=93 sequence=175.658s read_wait=0.171s bind_upload=1.606s attention_resident=11.109s expert_read_prefetch=98.240s expert_demand_read=59.954s expert_plan=6.998s expert_hint=0.000s expert_submit=0.000s expert_kernel=62.913s source_fence=0.000s tail_head_sync=1.407s layer_other=0.167s expert_read_gross=91.241s plan_hint=6.836s plan_sched=0.160s attn_total=11.537s attn_encode=3.353s attn_wait=6.337s attn_drain=1.847s kernel_total=37.942s kernel_host=1.690s kernel_wait=5.867s kernel_drain=30.385s
[attn-split] single: calls=8184 total=6.901s encode=2.390s wait=2.663s drain=1.847s waits=14168 untimed=2415 | wide: calls=558 total=4.637s encode=0.963s wait=3.674s drain=0.000s waits=552 untimed=552 | hint: calls=8648 total=6.910s encode=0.021s wait=6.889s drain=0.000s waits=8740 untimed=8740
[kernel-split] single: calls=8706 total=31.109s encode=0.855s wait=0.476s drain=29.777s waits=9302 untimed=7293 | wide: calls=1090 total=6.833s encode=0.834s wait=5.391s drain=0.608s waits=1090 untimed=0
[kernel-sub] materialize=0.405s moe=6.929s precommit=29.836s rest=0.773s
[metal-cache] calls=13805 zero_copy_wraps=265 copies=0 cache_entries=144 bindless=true
 vault
[stats] generated=98 elapsed=180.626s speed=0.5426 token/s (1.843 s/token) chunks=94 committed_rows=135 verify_tx=5 drafts=4/10 layer_passes=8742 expert_rows=12788 expert_tiles=9121
[verify-width] w1=0 w2=5 w3=0 w4=0 w5=0 w6=0 w7=0 w8+=0              (w1 share 0.0% of 5 transactions)
[opens] expert file opens=377601 total=5.006s mean=0.013ms requested_bytes=3969013103808 (3969.0 GB)
[arrival] tiles=742 waves=1424 uncovered_wait=25.714s dispatch=5.846s
[retain] enabled=false cap_gb=8 layers=63..=92 consults=0 wanted=0 hits=0 inserts=0 served=0.0MB
[summer] enabled=false cap_gb=8 sample=16 consults=0 wanted=0 hits=0 hit_rate=0.0% misses=0 inserts=0 evictions=0 recycled=0 allocs=0 pin_skips=0 gated=0 ramp=2..50 bar=0 suppressed=0 wide_skips=0 served=0.0MB copied=0.0MB ssd_avoided=0.0GB live=0/0.0GB model=0 protected=0 declined=0 topup_suppressed=0 aged=0 into=0/0/0 pending=0
[mirror-split] internal=0 K3C=0 K3B=0 K3A=0  shares=0%/0%/0%/0%
[phases] mono=358225.633373 chunks=94 sequence=177.145s read_wait=0.171s bind_upload=1.606s attention_resident=11.201s expert_read_prefetch=99.270s expert_demand_read=60.605s expert_plan=7.067s expert_hint=0.000s expert_submit=0.000s expert_kernel=63.259s source_fence=0.000s tail_head_sync=1.423s layer_other=0.169s expert_read_gross=92.203s plan_hint=6.904s plan_sched=0.161s attn_total=11.629s attn_encode=3.404s attn_wait=6.361s attn_drain=1.863s kernel_total=38.276s kernel_host=1.701s kernel_wait=5.872s kernel_drain=30.703s
[attn-split] single: calls=8277 total=6.992s encode=2.442s wait=2.687s drain=1.863s waits=14329 untimed=2443 | wide: calls=558 total=4.637s encode=0.963s wait=3.674s drain=0.000s waits=552 untimed=552 | hint: calls=8740 total=6.977s encode=0.021s wait=6.956s drain=0.000s waits=8831 untimed=8831
[kernel-split] single: calls=8805 total=31.443s encode=0.867s wait=0.481s drain=30.095s waits=9409 untimed=7382 | wide: calls=1090 total=6.833s encode=0.834s wait=5.391s drain=0.608s waits=1090 untimed=0
[kernel-sub] materialize=0.405s moe=6.941s precommit=30.153s rest=0.778s
[metal-cache] calls=13904 zero_copy_wraps=265 copies=0 cache_entries=144 bindless=true
.
[stats] generated=99 elapsed=182.106s speed=0.5436 token/s (1.839 s/token) chunks=95 committed_rows=136 verify_tx=5 drafts=4/10 layer_passes=8835 expert_rows=12880 expert_tiles=9213
[verify-width] w1=0 w2=5 w3=0 w4=0 w5=0 w6=0 w7=0 w8+=0              (w1 share 0.0% of 5 transactions)
[opens] expert file opens=381458 total=5.056s mean=0.013ms requested_bytes=4002835528896 (4002.8 GB)
[arrival] tiles=743 waves=1431 uncovered_wait=25.725s dispatch=5.856s
[retain] enabled=false cap_gb=8 layers=63..=92 consults=0 wanted=0 hits=0 inserts=0 served=0.0MB
[summer] enabled=false cap_gb=8 sample=16 consults=0 wanted=0 hits=0 hit_rate=0.0% misses=0 inserts=0 evictions=0 recycled=0 allocs=0 pin_skips=0 gated=0 ramp=2..50 bar=0 suppressed=0 wide_skips=0 served=0.0MB copied=0.0MB ssd_avoided=0.0GB live=0/0.0GB model=0 protected=0 declined=0 topup_suppressed=0 aged=0 into=0/0/0 pending=0
[mirror-split] internal=0 K3C=0 K3B=0 K3A=0  shares=0%/0%/0%/0%
[phases] mono=358227.113025 chunks=95 sequence=178.623s read_wait=0.171s bind_upload=1.606s attention_resident=11.275s expert_read_prefetch=100.288s expert_demand_read=61.218s expert_plan=7.135s expert_hint=0.000s expert_submit=0.000s expert_kernel=63.631s source_fence=0.000s tail_head_sync=1.436s layer_other=0.170s expert_read_gross=93.152s plan_hint=6.971s plan_sched=0.162s attn_total=11.703s attn_encode=3.428s attn_wait=6.388s attn_drain=1.887s kernel_total=38.637s kernel_host=1.710s kernel_wait=5.878s kernel_drain=31.049s
[attn-split] single: calls=8370 total=7.066s encode=2.466s wait=2.714s drain=1.887s waits=14490 untimed=2468 | wide: calls=558 total=4.637s encode=0.963s wait=3.674s drain=0.000s waits=552 untimed=552 | hint: calls=8832 total=7.044s encode=0.021s wait=7.023s drain=0.000s waits=8922 untimed=8922
[kernel-split] single: calls=8903 total=31.803s encode=0.875s wait=0.487s drain=30.441s waits=9514 untimed=7465 | wide: calls=1090 total=6.833s encode=0.834s wait=5.391s drain=0.608s waits=1090 untimed=0
[kernel-sub] materialize=0.405s moe=6.950s precommit=30.500s rest=0.782s
[metal-cache] calls=14002 zero_copy_wraps=265 copies=0 cache_entries=144 bindless=true
 Their
[stats] generated=100 elapsed=183.629s speed=0.5446 token/s (1.836 s/token) chunks=96 committed_rows=137 verify_tx=5 drafts=4/10 layer_passes=8928 expert_rows=12972 expert_tiles=9305
[verify-width] w1=0 w2=5 w3=0 w4=0 w5=0 w6=0 w7=0 w8+=0              (w1 share 0.0% of 5 transactions)
[opens] expert file opens=385436 total=5.111s mean=0.013ms requested_bytes=4037710789824 (4037.7 GB)
[arrival] tiles=744 waves=1437 uncovered_wait=25.736s dispatch=5.865s
[retain] enabled=false cap_gb=8 layers=63..=92 consults=0 wanted=0 hits=0 inserts=0 served=0.0MB
[summer] enabled=false cap_gb=8 sample=16 consults=0 wanted=0 hits=0 hit_rate=0.0% misses=0 inserts=0 evictions=0 recycled=0 allocs=0 pin_skips=0 gated=0 ramp=2..50 bar=0 suppressed=0 wide_skips=0 served=0.0MB copied=0.0MB ssd_avoided=0.0GB live=0/0.0GB model=0 protected=0 declined=0 topup_suppressed=0 aged=0 into=0/0/0 pending=0
[mirror-split] internal=0 K3C=0 K3B=0 K3A=0  shares=0%/0%/0%/0%
[phases] mono=358228.635485 chunks=96 sequence=180.145s read_wait=0.171s bind_upload=1.606s attention_resident=11.348s expert_read_prefetch=101.359s expert_demand_read=61.878s expert_plan=7.202s expert_hint=0.000s expert_submit=0.000s expert_kernel=63.992s source_fence=0.000s tail_head_sync=1.451s layer_other=0.171s expert_read_gross=94.156s plan_hint=7.037s plan_sched=0.163s attn_total=11.775s attn_encode=3.449s attn_wait=6.426s attn_drain=1.901s kernel_total=38.987s kernel_host=1.718s kernel_wait=5.883s kernel_drain=31.385s
[attn-split] single: calls=8463 total=7.139s encode=2.486s wait=2.752s drain=1.901s waits=14651 untimed=2495 | wide: calls=558 total=4.637s encode=0.963s wait=3.674s drain=0.000s waits=552 untimed=552 | hint: calls=8924 total=7.110s encode=0.022s wait=7.089s drain=0.000s waits=9013 untimed=9013
[kernel-split] single: calls=9000 total=32.153s encode=0.884s wait=0.492s drain=30.777s waits=9617 untimed=7539 | wide: calls=1090 total=6.833s encode=0.834s wait=5.391s drain=0.608s waits=1090 untimed=0
[kernel-sub] materialize=0.405s moe=6.959s precommit=30.837s rest=0.786s
[metal-cache] calls=14099 zero_copy_wraps=265 copies=0 cache_entries=144 bindless=true
 plan
[stats] generated=101 elapsed=185.140s speed=0.5455 token/s (1.833 s/token) chunks=97 committed_rows=138 verify_tx=5 drafts=4/10 layer_passes=9021 expert_rows=13064 expert_tiles=9397
[verify-width] w1=0 w2=5 w3=0 w4=0 w5=0 w6=0 w7=0 w8+=0              (w1 share 0.0% of 5 transactions)
[opens] expert file opens=389304 total=5.165s mean=0.013ms requested_bytes=4071656012992 (4071.7 GB)
[arrival] tiles=745 waves=1445 uncovered_wait=25.745s dispatch=5.875s
[retain] enabled=false cap_gb=8 layers=63..=92 consults=0 wanted=0 hits=0 inserts=0 served=0.0MB
[summer] enabled=false cap_gb=8 sample=16 consults=0 wanted=0 hits=0 hit_rate=0.0% misses=0 inserts=0 evictions=0 recycled=0 allocs=0 pin_skips=0 gated=0 ramp=2..50 bar=0 suppressed=0 wide_skips=0 served=0.0MB copied=0.0MB ssd_avoided=0.0GB live=0/0.0GB model=0 protected=0 declined=0 topup_suppressed=0 aged=0 into=0/0/0 pending=0
[mirror-split] internal=0 K3C=0 K3B=0 K3A=0  shares=0%/0%/0%/0%
[phases] mono=358230.146639 chunks=97 sequence=181.655s read_wait=0.171s bind_upload=1.606s attention_resident=11.418s expert_read_prefetch=102.398s expert_demand_read=62.488s expert_plan=7.284s expert_hint=0.000s expert_submit=0.000s expert_kernel=64.374s source_fence=0.000s tail_head_sync=1.468s layer_other=0.173s expert_read_gross=95.114s plan_hint=7.118s plan_sched=0.164s attn_total=11.846s attn_encode=3.471s attn_wait=6.453s attn_drain=1.922s kernel_total=39.359s kernel_host=1.727s kernel_wait=5.890s kernel_drain=31.741s
[attn-split] single: calls=8556 total=7.209s encode=2.509s wait=2.779s drain=1.922s waits=14812 untimed=2516 | wide: calls=558 total=4.637s encode=0.963s wait=3.674s drain=0.000s waits=552 untimed=552 | hint: calls=9016 total=7.191s encode=0.022s wait=7.169s drain=0.000s waits=9104 untimed=9104
[kernel-split] single: calls=9099 total=32.525s encode=0.893s wait=0.499s drain=31.134s waits=9724 untimed=7622 | wide: calls=1090 total=6.833s encode=0.834s wait=5.391s drain=0.608s waits=1090 untimed=0
[kernel-sub] materialize=0.405s moe=6.969s precommit=31.195s rest=0.790s
[metal-cache] calls=14198 zero_copy_wraps=265 copies=0 cache_entries=144 bindless=true
 hinges
[stats] generated=102 elapsed=186.635s speed=0.5465 token/s (1.830 s/token) chunks=98 committed_rows=139 verify_tx=5 drafts=4/10 layer_passes=9114 expert_rows=13156 expert_tiles=9489
[verify-width] w1=0 w2=5 w3=0 w4=0 w5=0 w6=0 w7=0 w8+=0              (w1 share 0.0% of 5 transactions)
[opens] expert file opens=393193 total=5.218s mean=0.013ms requested_bytes=4105794256064 (4105.8 GB)
[arrival] tiles=746 waves=1450 uncovered_wait=25.754s dispatch=5.882s
[retain] enabled=false cap_gb=8 layers=63..=92 consults=0 wanted=0 hits=0 inserts=0 served=0.0MB
[summer] enabled=false cap_gb=8 sample=16 consults=0 wanted=0 hits=0 hit_rate=0.0% misses=0 inserts=0 evictions=0 recycled=0 allocs=0 pin_skips=0 gated=0 ramp=2..50 bar=0 suppressed=0 wide_skips=0 served=0.0MB copied=0.0MB ssd_avoided=0.0GB live=0/0.0GB model=0 protected=0 declined=0 topup_suppressed=0 aged=0 into=0/0/0 pending=0
[mirror-split] internal=0 K3C=0 K3B=0 K3A=0  shares=0%/0%/0%/0%
[phases] mono=358231.641766 chunks=98 sequence=183.148s read_wait=0.171s bind_upload=1.606s attention_resident=11.510s expert_read_prefetch=103.426s expert_demand_read=63.116s expert_plan=7.350s expert_hint=0.000s expert_submit=0.000s expert_kernel=64.729s source_fence=0.000s tail_head_sync=1.485s layer_other=0.174s expert_read_gross=96.076s plan_hint=7.183s plan_sched=0.165s attn_total=11.937s attn_encode=3.514s attn_wait=6.481s attn_drain=1.943s kernel_total=39.706s kernel_host=1.736s kernel_wait=5.894s kernel_drain=32.075s
[attn-split] single: calls=8649 total=7.300s encode=2.551s wait=2.807s drain=1.943s waits=14973 untimed=2544 | wide: calls=558 total=4.637s encode=0.963s wait=3.674s drain=0.000s waits=552 untimed=552 | hint: calls=9108 total=7.256s encode=0.022s wait=7.234s drain=0.000s waits=9195 untimed=9195
[kernel-split] single: calls=9195 total=32.872s encode=0.902s wait=0.503s drain=31.467s waits=9825 untimed=7707 | wide: calls=1090 total=6.833s encode=0.834s wait=5.391s drain=0.608s waits=1090 untimed=0
[kernel-sub] materialize=0.405s moe=6.976s precommit=31.530s rest=0.795s
[metal-cache] calls=14294 zero_copy_wraps=265 copies=0 cache_entries=144 bindless=true
 on
[stats] generated=103 elapsed=188.117s speed=0.5475 token/s (1.826 s/token) chunks=99 committed_rows=140 verify_tx=5 drafts=4/10 layer_passes=9207 expert_rows=13248 expert_tiles=9581
[verify-width] w1=0 w2=5 w3=0 w4=0 w5=0 w6=0 w7=0 w8+=0              (w1 share 0.0% of 5 transactions)
[opens] expert file opens=396993 total=5.270s mean=0.013ms requested_bytes=4139151654080 (4139.2 GB)
[arrival] tiles=747 waves=1458 uncovered_wait=25.763s dispatch=5.895s
[retain] enabled=false cap_gb=8 layers=63..=92 consults=0 wanted=0 hits=0 inserts=0 served=0.0MB
[summer] enabled=false cap_gb=8 sample=16 consults=0 wanted=0 hits=0 hit_rate=0.0% misses=0 inserts=0 evictions=0 recycled=0 allocs=0 pin_skips=0 gated=0 ramp=2..50 bar=0 suppressed=0 wide_skips=0 served=0.0MB copied=0.0MB ssd_avoided=0.0GB live=0/0.0GB model=0 protected=0 declined=0 topup_suppressed=0 aged=0 into=0/0/0 pending=0
[mirror-split] internal=0 K3C=0 K3B=0 K3A=0  shares=0%/0%/0%/0%
[phases] mono=358233.124277 chunks=99 sequence=184.629s read_wait=0.171s bind_upload=1.606s attention_resident=11.587s expert_read_prefetch=104.485s expert_demand_read=63.752s expert_plan=7.430s expert_hint=0.000s expert_submit=0.000s expert_kernel=65.060s source_fence=0.000s tail_head_sync=1.499s layer_other=0.175s expert_read_gross=97.054s plan_hint=7.262s plan_sched=0.166s attn_total=12.014s attn_encode=3.541s attn_wait=6.514s attn_drain=1.959s kernel_total=40.026s kernel_host=1.746s kernel_wait=5.901s kernel_drain=32.379s
[attn-split] single: calls=8742 total=7.377s encode=2.578s wait=2.840s drain=1.959s waits=15134 untimed=2575 | wide: calls=558 total=4.637s encode=0.963s wait=3.674s drain=0.000s waits=552 untimed=552 | hint: calls=9200 total=7.335s encode=0.022s wait=7.313s drain=0.000s waits=9286 untimed=9286
[kernel-split] single: calls=9294 total=33.193s encode=0.912s wait=0.510s drain=31.771s waits=9932 untimed=7793 | wide: calls=1090 total=6.833s encode=0.834s wait=5.391s drain=0.608s waits=1090 untimed=0
[kernel-sub] materialize=0.405s moe=6.989s precommit=31.833s rest=0.799s
[metal-cache] calls=14393 zero_copy_wraps=265 copies=0 cache_entries=144 bindless=true
[route-chain] chained=6210
[route-chain] dedup_hits=6210
 the
[stats] generated=104 elapsed=189.663s speed=0.5483 token/s (1.824 s/token) chunks=100 committed_rows=141 verify_tx=5 drafts=4/10 layer_passes=9300 expert_rows=13340 expert_tiles=9673
[verify-width] w1=0 w2=5 w3=0 w4=0 w5=0 w6=0 w7=0 w8+=0              (w1 share 0.0% of 5 transactions)
[opens] expert file opens=400972 total=5.321s mean=0.013ms requested_bytes=4174070807744 (4174.1 GB)
[arrival] tiles=748 waves=1465 uncovered_wait=25.776s dispatch=5.906s
[retain] enabled=false cap_gb=8 layers=63..=92 consults=0 wanted=0 hits=0 inserts=0 served=0.0MB
[summer] enabled=false cap_gb=8 sample=16 consults=0 wanted=0 hits=0 hit_rate=0.0% misses=0 inserts=0 evictions=0 recycled=0 allocs=0 pin_skips=0 gated=0 ramp=2..50 bar=0 suppressed=0 wide_skips=0 served=0.0MB copied=0.0MB ssd_avoided=0.0GB live=0/0.0GB model=0 protected=0 declined=0 topup_suppressed=0 aged=0 into=0/0/0 pending=0
[mirror-split] internal=0 K3C=0 K3B=0 K3A=0  shares=0%/0%/0%/0%
[phases] mono=358234.669751 chunks=100 sequence=186.173s read_wait=0.171s bind_upload=1.606s attention_resident=11.655s expert_read_prefetch=105.602s expert_demand_read=64.390s expert_plan=7.496s expert_hint=0.000s expert_submit=0.000s expert_kernel=65.403s source_fence=0.000s tail_head_sync=1.513s layer_other=0.177s expert_read_gross=98.106s plan_hint=7.326s plan_sched=0.167s attn_total=12.082s attn_encode=3.567s attn_wait=6.541s attn_drain=1.974s kernel_total=40.357s kernel_host=1.756s kernel_wait=5.906s kernel_drain=32.695s
[attn-split] single: calls=8835 total=7.445s encode=2.604s wait=2.867s drain=1.974s waits=15295 untimed=2606 | wide: calls=558 total=4.637s encode=0.963s wait=3.674s drain=0.000s waits=552 untimed=552 | hint: calls=9292 total=7.399s encode=0.022s wait=7.377s drain=0.000s waits=9377 untimed=9377
[kernel-split] single: calls=9392 total=33.524s encode=0.922s wait=0.515s drain=32.087s waits=10037 untimed=7875 | wide: calls=1090 total=6.833s encode=0.834s wait=5.391s drain=0.608s waits=1090 untimed=0
[kernel-sub] materialize=0.405s moe=7.000s precommit=32.149s rest=0.803s
[metal-cache] calls=14491 zero_copy_wraps=265 copies=0 cache_entries=144 bindless=true
 "
[stats] generated=105 elapsed=191.167s speed=0.5493 token/s (1.821 s/token) chunks=101 committed_rows=142 verify_tx=5 drafts=4/10 layer_passes=9393 expert_rows=13432 expert_tiles=9765
[verify-width] w1=0 w2=5 w3=0 w4=0 w5=0 w6=0 w7=0 w8+=0              (w1 share 0.0% of 5 transactions)
[opens] expert file opens=404946 total=5.377s mean=0.013ms requested_bytes=4208963599552 (4209.0 GB)
[arrival] tiles=749 waves=1472 uncovered_wait=25.784s dispatch=5.920s
[retain] enabled=false cap_gb=8 layers=63..=92 consults=0 wanted=0 hits=0 inserts=0 served=0.0MB
[summer] enabled=false cap_gb=8 sample=16 consults=0 wanted=0 hits=0 hit_rate=0.0% misses=0 inserts=0 evictions=0 recycled=0 allocs=0 pin_skips=0 gated=0 ramp=2..50 bar=0 suppressed=0 wide_skips=0 served=0.0MB copied=0.0MB ssd_avoided=0.0GB live=0/0.0GB model=0 protected=0 declined=0 topup_suppressed=0 aged=0 into=0/0/0 pending=0
[mirror-split] internal=0 K3C=0 K3B=0 K3A=0  shares=0%/0%/0%/0%
[phases] mono=358236.173596 chunks=101 sequence=187.676s read_wait=0.171s bind_upload=1.606s attention_resident=11.729s expert_read_prefetch=106.622s expert_demand_read=65.023s expert_plan=7.568s expert_hint=0.000s expert_submit=0.000s expert_kernel=65.793s source_fence=0.000s tail_head_sync=1.530s layer_other=0.178s expert_read_gross=99.053s plan_hint=7.398s plan_sched=0.168s attn_total=12.156s attn_encode=3.589s attn_wait=6.561s attn_drain=2.006s kernel_total=40.738s kernel_host=1.768s kernel_wait=5.912s kernel_drain=33.058s
[attn-split] single: calls=8928 total=7.519s encode=2.626s wait=2.887s drain=2.006s waits=15456 untimed=2625 | wide: calls=558 total=4.637s encode=0.963s wait=3.674s drain=0.000s waits=552 untimed=552 | hint: calls=9384 total=7.471s encode=0.023s wait=7.448s drain=0.000s waits=9468 untimed=9468
[kernel-split] single: calls=9490 total=33.905s encode=0.933s wait=0.521s drain=32.450s waits=10142 untimed=7958 | wide: calls=1090 total=6.833s encode=0.834s wait=5.391s drain=0.608s waits=1090 untimed=0
[kernel-sub] materialize=0.405s moe=7.013s precommit=32.512s rest=0.808s
[metal-cache] calls=14589 zero_copy_wraps=265 copies=0 cache_entries=144 bindless=true
phant
[stats] generated=106 elapsed=192.614s speed=0.5503 token/s (1.817 s/token) chunks=102 committed_rows=143 verify_tx=5 drafts=4/10 layer_passes=9486 expert_rows=13524 expert_tiles=9857
[verify-width] w1=0 w2=5 w3=0 w4=0 w5=0 w6=0 w7=0 w8+=0              (w1 share 0.0% of 5 transactions)
[opens] expert file opens=408821 total=5.430s mean=0.013ms requested_bytes=4242926402752 (4242.9 GB)
[arrival] tiles=750 waves=1480 uncovered_wait=25.799s dispatch=5.929s
[retain] enabled=false cap_gb=8 layers=63..=92 consults=0 wanted=0 hits=0 inserts=0 served=0.0MB
[summer] enabled=false cap_gb=8 sample=16 consults=0 wanted=0 hits=0 hit_rate=0.0% misses=0 inserts=0 evictions=0 recycled=0 allocs=0 pin_skips=0 gated=0 ramp=2..50 bar=0 suppressed=0 wide_skips=0 served=0.0MB copied=0.0MB ssd_avoided=0.0GB live=0/0.0GB model=0 protected=0 declined=0 topup_suppressed=0 aged=0 into=0/0/0 pending=0
[mirror-split] internal=0 K3C=0 K3B=0 K3A=0  shares=0%/0%/0%/0%
[phases] mono=358237.621017 chunks=102 sequence=189.122s read_wait=0.171s bind_upload=1.606s attention_resident=11.819s expert_read_prefetch=107.603s expert_demand_read=65.607s expert_plan=7.647s expert_hint=0.000s expert_submit=0.001s expert_kernel=66.148s source_fence=0.000s tail_head_sync=1.547s layer_other=0.180s expert_read_gross=99.956s plan_hint=7.475s plan_sched=0.170s attn_total=12.246s attn_encode=3.630s attn_wait=6.587s attn_drain=2.029s kernel_total=41.079s kernel_host=1.777s kernel_wait=5.918s kernel_drain=33.384s
[attn-split] single: calls=9021 total=7.610s encode=2.668s wait=2.913s drain=2.029s waits=15617 untimed=2654 | wide: calls=558 total=4.637s encode=0.963s wait=3.674s drain=0.000s waits=552 untimed=552 | hint: calls=9476 total=7.548s encode=0.023s wait=7.525s drain=0.000s waits=9559 untimed=9559
[kernel-split] single: calls=9589 total=34.246s encode=0.943s wait=0.527s drain=32.776s waits=10249 untimed=8045 | wide: calls=1090 total=6.833s encode=0.834s wait=5.391s drain=0.608s waits=1090 untimed=0
[kernel-sub] materialize=0.405s moe=7.022s precommit=32.839s rest=0.813s
[metal-cache] calls=14688 zero_copy_wraps=265 copies=0 cache_entries=144 bindless=true
om
[stats] generated=107 elapsed=194.100s speed=0.5513 token/s (1.814 s/token) chunks=103 committed_rows=144 verify_tx=5 drafts=4/10 layer_passes=9579 expert_rows=13616 expert_tiles=9949
[verify-width] w1=0 w2=5 w3=0 w4=0 w5=0 w6=0 w7=0 w8+=0              (w1 share 0.0% of 5 transactions)
[opens] expert file opens=412685 total=5.480s mean=0.013ms requested_bytes=4276801469632 (4276.8 GB)
[arrival] tiles=751 waves=1485 uncovered_wait=25.807s dispatch=5.939s
[retain] enabled=false cap_gb=8 layers=63..=92 consults=0 wanted=0 hits=0 inserts=0 served=0.0MB
[summer] enabled=false cap_gb=8 sample=16 consults=0 wanted=0 hits=0 hit_rate=0.0% misses=0 inserts=0 evictions=0 recycled=0 allocs=0 pin_skips=0 gated=0 ramp=2..50 bar=0 suppressed=0 wide_skips=0 served=0.0MB copied=0.0MB ssd_avoided=0.0GB live=0/0.0GB model=0 protected=0 declined=0 topup_suppressed=0 aged=0 into=0/0/0 pending=0
[mirror-split] internal=0 K3C=0 K3B=0 K3A=0  shares=0%/0%/0%/0%
[phases] mono=358239.106661 chunks=103 sequence=190.606s read_wait=0.171s bind_upload=1.606s attention_resident=11.891s expert_read_prefetch=108.668s expert_demand_read=66.235s expert_plan=7.720s expert_hint=0.000s expert_submit=0.001s expert_kernel=66.478s source_fence=0.000s tail_head_sync=1.564s layer_other=0.181s expert_read_gross=100.948s plan_hint=7.547s plan_sched=0.171s attn_total=12.318s attn_encode=3.650s attn_wait=6.616s attn_drain=2.051s kernel_total=41.400s kernel_host=1.787s kernel_wait=5.923s kernel_drain=33.689s
[attn-split] single: calls=9114 total=7.681s encode=2.688s wait=2.943s drain=2.051s waits=15778 untimed=2680 | wide: calls=558 total=4.637s encode=0.963s wait=3.674s drain=0.000s waits=552 untimed=552 | hint: calls=9568 total=7.620s encode=0.023s wait=7.597s drain=0.000s waits=9650 untimed=9650
[kernel-split] single: calls=9685 total=34.566s encode=0.953s wait=0.532s drain=33.082s waits=10350 untimed=8126 | wide: calls=1090 total=6.833s encode=0.834s wait=5.391s drain=0.608s waits=1090 untimed=0
[kernel-sub] materialize=0.405s moe=7.032s precommit=33.146s rest=0.817s
[metal-cache] calls=14784 zero_copy_wraps=265 copies=0 cache_entries=144 bindless=true
 shuffle
[stats] generated=108 elapsed=195.620s speed=0.5521 token/s (1.811 s/token) chunks=104 committed_rows=145 verify_tx=5 drafts=4/10 layer_passes=9672 expert_rows=13708 expert_tiles=10041
[verify-width] w1=0 w2=5 w3=0 w4=0 w5=0 w6=0 w7=0 w8+=0              (w1 share 0.0% of 5 transactions)
[opens] expert file opens=416600 total=5.531s mean=0.013ms requested_bytes=4311141514432 (4311.1 GB)
[arrival] tiles=752 waves=1492 uncovered_wait=25.824s dispatch=5.947s
[retain] enabled=false cap_gb=8 layers=63..=92 consults=0 wanted=0 hits=0 inserts=0 served=0.0MB
[summer] enabled=false cap_gb=8 sample=16 consults=0 wanted=0 hits=0 hit_rate=0.0% misses=0 inserts=0 evictions=0 recycled=0 allocs=0 pin_skips=0 gated=0 ramp=2..50 bar=0 suppressed=0 wide_skips=0 served=0.0MB copied=0.0MB ssd_avoided=0.0GB live=0/0.0GB model=0 protected=0 declined=0 topup_suppressed=0 aged=0 into=0/0/0 pending=0
[mirror-split] internal=0 K3C=0 K3B=0 K3A=0  shares=0%/0%/0%/0%
[phases] mono=358240.627193 chunks=104 sequence=192.125s read_wait=0.171s bind_upload=1.606s attention_resident=11.966s expert_read_prefetch=109.712s expert_demand_read=66.833s expert_plan=7.792s expert_hint=0.000s expert_submit=0.001s expert_kernel=66.860s source_fence=0.000s tail_head_sync=1.580s layer_other=0.182s expert_read_gross=101.920s plan_hint=7.618s plan_sched=0.172s attn_total=12.392s attn_encode=3.675s attn_wait=6.648s attn_drain=2.069s kernel_total=41.765s kernel_host=1.796s kernel_wait=5.928s kernel_drain=34.041s
[attn-split] single: calls=9207 total=7.756s encode=2.712s wait=2.974s drain=2.069s waits=15939 untimed=2707 | wide: calls=558 total=4.637s encode=0.963s wait=3.674s drain=0.000s waits=552 untimed=552 | hint: calls=9660 total=7.691s encode=0.023s wait=7.668s drain=0.000s waits=9741 untimed=9741
[kernel-split] single: calls=9783 total=34.932s encode=0.962s wait=0.537s drain=33.433s waits=10455 untimed=8201 | wide: calls=1090 total=6.833s encode=0.834s wait=5.391s drain=0.608s waits=1090 untimed=0
[kernel-sub] materialize=0.405s moe=7.040s precommit=33.499s rest=0.822s
[metal-cache] calls=14882 zero_copy_wraps=265 copies=0 cache_entries=144 bindless=true
"
[stats] generated=109 elapsed=197.149s speed=0.5529 token/s (1.809 s/token) chunks=105 committed_rows=146 verify_tx=5 drafts=4/10 layer_passes=9765 expert_rows=13800 expert_tiles=10133
[verify-width] w1=0 w2=5 w3=0 w4=0 w5=0 w6=0 w7=0 w8+=0              (w1 share 0.0% of 5 transactions)
[opens] expert file opens=420503 total=5.583s mean=0.013ms requested_bytes=4345428901056 (4345.4 GB)
[arrival] tiles=753 waves=1499 uncovered_wait=25.834s dispatch=5.956s
[retain] enabled=false cap_gb=8 layers=63..=92 consults=0 wanted=0 hits=0 inserts=0 served=0.0MB
[summer] enabled=false cap_gb=8 sample=16 consults=0 wanted=0 hits=0 hit_rate=0.0% misses=0 inserts=0 evictions=0 recycled=0 allocs=0 pin_skips=0 gated=0 ramp=2..50 bar=0 suppressed=0 wide_skips=0 served=0.0MB copied=0.0MB ssd_avoided=0.0GB live=0/0.0GB model=0 protected=0 declined=0 topup_suppressed=0 aged=0 into=0/0/0 pending=0
[mirror-split] internal=0 K3C=0 K3B=0 K3A=0  shares=0%/0%/0%/0%
[phases] mono=358242.155648 chunks=105 sequence=193.653s read_wait=0.171s bind_upload=1.606s attention_resident=12.039s expert_read_prefetch=110.756s expert_demand_read=67.449s expert_plan=7.866s expert_hint=0.000s expert_submit=0.001s expert_kernel=67.253s source_fence=0.000s tail_head_sync=1.596s layer_other=0.183s expert_read_gross=102.890s plan_hint=7.691s plan_sched=0.173s attn_total=12.465s attn_encode=3.698s attn_wait=6.675s attn_drain=2.092s kernel_total=42.147s kernel_host=1.806s kernel_wait=5.934s kernel_drain=34.408s
[attn-split] single: calls=9300 total=7.829s encode=2.736s wait=3.001s drain=2.092s waits=16100 untimed=2733 | wide: calls=558 total=4.637s encode=0.963s wait=3.674s drain=0.000s waits=552 untimed=552 | hint: calls=9752 total=7.764s encode=0.023s wait=7.740s drain=0.000s waits=9832 untimed=9832
[kernel-split] single: calls=9881 total=35.314s encode=0.971s wait=0.542s drain=33.800s waits=10560 untimed=8278 | wide: calls=1090 total=6.833s encode=0.834s wait=5.391s drain=0.608s waits=1090 untimed=0
[kernel-sub] materialize=0.405s moe=7.049s precommit=33.867s rest=0.826s
[metal-cache] calls=14980 zero_copy_wraps=265 copies=0 cache_entries=144 bindless=true
—
[stats] generated=110 elapsed=198.629s speed=0.5538 token/s (1.806 s/token) chunks=106 committed_rows=147 verify_tx=5 drafts=4/10 layer_passes=9858 expert_rows=13892 expert_tiles=10225
[verify-width] w1=0 w2=5 w3=0 w4=0 w5=0 w6=0 w7=0 w8+=0              (w1 share 0.0% of 5 transactions)
[opens] expert file opens=424417 total=5.633s mean=0.013ms requested_bytes=4379733851328 (4379.7 GB)
[arrival] tiles=754 waves=1505 uncovered_wait=25.843s dispatch=5.969s
[retain] enabled=false cap_gb=8 layers=63..=92 consults=0 wanted=0 hits=0 inserts=0 served=0.0MB
[summer] enabled=false cap_gb=8 sample=16 consults=0 wanted=0 hits=0 hit_rate=0.0% misses=0 inserts=0 evictions=0 recycled=0 allocs=0 pin_skips=0 gated=0 ramp=2..50 bar=0 suppressed=0 wide_skips=0 served=0.0MB copied=0.0MB ssd_avoided=0.0GB live=0/0.0GB model=0 protected=0 declined=0 topup_suppressed=0 aged=0 into=0/0/0 pending=0
[mirror-split] internal=0 K3C=0 K3B=0 K3A=0  shares=0%/0%/0%/0%
[phases] mono=358243.636280 chunks=106 sequence=195.132s read_wait=0.171s bind_upload=1.606s attention_resident=12.118s expert_read_prefetch=111.799s expert_demand_read=68.036s expert_plan=7.947s expert_hint=0.001s expert_submit=0.001s expert_kernel=67.593s source_fence=0.000s tail_head_sync=1.612s layer_other=0.185s expert_read_gross=103.852s plan_hint=7.771s plan_sched=0.174s attn_total=12.544s attn_encode=3.730s attn_wait=6.704s attn_drain=2.109s kernel_total=42.478s kernel_host=1.816s kernel_wait=5.940s kernel_drain=34.723s
[attn-split] single: calls=9393 total=7.907s encode=2.768s wait=3.030s drain=2.109s waits=16261 untimed=2759 | wide: calls=558 total=4.637s encode=0.963s wait=3.674s drain=0.000s waits=552 untimed=552 | hint: calls=9844 total=7.843s encode=0.024s wait=7.820s drain=0.000s waits=9923 untimed=9923
[kernel-split] single: calls=9978 total=35.645s encode=0.982s wait=0.549s drain=34.115s waits=10663 untimed=8358 | wide: calls=1090 total=6.833s encode=0.834s wait=5.391s drain=0.608s waits=1090 untimed=0
[kernel-sub] materialize=0.405s moe=7.061s precommit=34.182s rest=0.830s
[metal-cache] calls=15077 zero_copy_wraps=265 copies=0 cache_entries=144 bindless=true
sw
[stats] generated=111 elapsed=200.078s speed=0.5548 token/s (1.803 s/token) chunks=107 committed_rows=148 verify_tx=5 drafts=4/10 layer_passes=9951 expert_rows=13984 expert_tiles=10317
[verify-width] w1=0 w2=5 w3=0 w4=0 w5=0 w6=0 w7=0 w8+=0              (w1 share 0.0% of 5 transactions)
[opens] expert file opens=428326 total=5.684s mean=0.013ms requested_bytes=4414021270720 (4414.0 GB)
[arrival] tiles=755 waves=1512 uncovered_wait=25.852s dispatch=5.978s
[retain] enabled=false cap_gb=8 layers=63..=92 consults=0 wanted=0 hits=0 inserts=0 served=0.0MB
[summer] enabled=false cap_gb=8 sample=16 consults=0 wanted=0 hits=0 hit_rate=0.0% misses=0 inserts=0 evictions=0 recycled=0 allocs=0 pin_skips=0 gated=0 ramp=2..50 bar=0 suppressed=0 wide_skips=0 served=0.0MB copied=0.0MB ssd_avoided=0.0GB live=0/0.0GB model=0 protected=0 declined=0 topup_suppressed=0 aged=0 into=0/0/0 pending=0
[mirror-split] internal=0 K3C=0 K3B=0 K3A=0  shares=0%/0%/0%/0%
[phases] mono=358245.085388 chunks=107 sequence=196.580s read_wait=0.171s bind_upload=1.606s attention_resident=12.187s expert_read_prefetch=112.796s expert_demand_read=68.636s expert_plan=8.016s expert_hint=0.001s expert_submit=0.001s expert_kernel=67.961s source_fence=0.000s tail_head_sync=1.625s layer_other=0.186s expert_read_gross=104.779s plan_hint=7.839s plan_sched=0.175s attn_total=12.613s attn_encode=3.751s attn_wait=6.729s attn_drain=2.133s kernel_total=42.837s kernel_host=1.825s kernel_wait=5.946s kernel_drain=35.066s
[attn-split] single: calls=9486 total=7.976s encode=2.788s wait=3.055s drain=2.133s waits=16422 untimed=2783 | wide: calls=558 total=4.637s encode=0.963s wait=3.674s drain=0.000s waits=552 untimed=552 | hint: calls=9936 total=7.912s encode=0.024s wait=7.888s drain=0.000s waits=10014 untimed=10014
[kernel-split] single: calls=10076 total=36.004s encode=0.991s wait=0.555s drain=34.459s waits=10768 untimed=8444 | wide: calls=1090 total=6.833s encode=0.834s wait=5.391s drain=0.608s waits=1090 untimed=0
[kernel-sub] materialize=0.405s moe=7.071s precommit=34.527s rest=0.835s
[metal-cache] calls=15175 zero_copy_wraps=265 copies=0 cache_entries=144 bindless=true
apping
[stats] generated=112 elapsed=201.648s speed=0.5554 token/s (1.800 s/token) chunks=108 committed_rows=149 verify_tx=5 drafts=4/10 layer_passes=10044 expert_rows=14076 expert_tiles=10409
[verify-width] w1=0 w2=5 w3=0 w4=0 w5=0 w6=0 w7=0 w8+=0              (w1 share 0.0% of 5 transactions)
[opens] expert file opens=432248 total=5.740s mean=0.013ms requested_bytes=4448431520960 (4448.4 GB)
[arrival] tiles=756 waves=1520 uncovered_wait=25.860s dispatch=5.985s
[retain] enabled=false cap_gb=8 layers=63..=92 consults=0 wanted=0 hits=0 inserts=0 served=0.0MB
[summer] enabled=false cap_gb=8 sample=16 consults=0 wanted=0 hits=0 hit_rate=0.0% misses=0 inserts=0 evictions=0 recycled=0 allocs=0 pin_skips=0 gated=0 ramp=2..50 bar=0 suppressed=0 wide_skips=0 served=0.0MB copied=0.0MB ssd_avoided=0.0GB live=0/0.0GB model=0 protected=0 declined=0 topup_suppressed=0 aged=0 into=0/0/0 pending=0
[mirror-split] internal=0 K3C=0 K3B=0 K3A=0  shares=0%/0%/0%/0%
[phases] mono=358246.654615 chunks=108 sequence=198.148s read_wait=0.171s bind_upload=1.606s attention_resident=12.259s expert_read_prefetch=113.915s expert_demand_read=69.356s expert_plan=8.094s expert_hint=0.001s expert_submit=0.001s expert_kernel=68.322s source_fence=0.000s tail_head_sync=1.638s layer_other=0.187s expert_read_gross=105.821s plan_hint=7.916s plan_sched=0.176s attn_total=12.685s attn_encode=3.772s attn_wait=6.765s attn_drain=2.148s kernel_total=43.190s kernel_host=1.834s kernel_wait=5.950s kernel_drain=35.406s
[attn-split] single: calls=9579 total=8.048s encode=2.809s wait=3.091s drain=2.148s waits=16583 untimed=2812 | wide: calls=558 total=4.637s encode=0.963s wait=3.674s drain=0.000s waits=552 untimed=552 | hint: calls=10028 total=7.988s encode=0.024s wait=7.964s drain=0.000s waits=10105 untimed=10105
[kernel-split] single: calls=10175 total=36.357s encode=1.000s wait=0.559s drain=34.798s waits=10875 untimed=8529 | wide: calls=1090 total=6.833s encode=0.834s wait=5.391s drain=0.608s waits=1090 untimed=0
[kernel-sub] materialize=0.405s moe=7.078s precommit=34.868s rest=0.839s
[metal-cache] calls=15274 zero_copy_wraps=265 copies=0 cache_entries=144 bindless=true
 the
[stats] generated=113 elapsed=203.159s speed=0.5562 token/s (1.798 s/token) chunks=109 committed_rows=150 verify_tx=5 drafts=4/10 layer_passes=10137 expert_rows=14168 expert_tiles=10501
[verify-width] w1=0 w2=5 w3=0 w4=0 w5=0 w6=0 w7=0 w8+=0              (w1 share 0.0% of 5 transactions)
[opens] expert file opens=436124 total=5.792s mean=0.013ms requested_bytes=4482446900416 (4482.4 GB)
[arrival] tiles=757 waves=1525 uncovered_wait=25.870s dispatch=5.994s
[retain] enabled=false cap_gb=8 layers=63..=92 consults=0 wanted=0 hits=0 inserts=0 served=0.0MB
[summer] enabled=false cap_gb=8 sample=16 consults=0 wanted=0 hits=0 hit_rate=0.0% misses=0 inserts=0 evictions=0 recycled=0 allocs=0 pin_skips=0 gated=0 ramp=2..50 bar=0 suppressed=0 wide_skips=0 served=0.0MB copied=0.0MB ssd_avoided=0.0GB live=0/0.0GB model=0 protected=0 declined=0 topup_suppressed=0 aged=0 into=0/0/0 pending=0
[mirror-split] internal=0 K3C=0 K3B=0 K3A=0  shares=0%/0%/0%/0%
[phases] mono=358248.165796 chunks=109 sequence=199.657s read_wait=0.171s bind_upload=1.606s attention_resident=12.337s expert_read_prefetch=114.961s expert_demand_read=69.980s expert_plan=8.167s expert_hint=0.001s expert_submit=0.001s expert_kernel=68.691s source_fence=0.000s tail_head_sync=1.655s layer_other=0.189s expert_read_gross=106.793s plan_hint=7.987s plan_sched=0.177s attn_total=12.762s attn_encode=3.796s attn_wait=6.794s attn_drain=2.172s kernel_total=43.549s kernel_host=1.843s kernel_wait=5.955s kernel_drain=35.751s
[attn-split] single: calls=9672 total=8.125s encode=2.834s wait=3.120s drain=2.172s waits=16744 untimed=2837 | wide: calls=558 total=4.637s encode=0.963s wait=3.674s drain=0.000s waits=552 untimed=552 | hint: calls=10120 total=8.060s encode=0.024s wait=8.036s drain=0.000s waits=10196 untimed=10196
[kernel-split] single: calls=10271 total=36.716s encode=1.009s wait=0.564s drain=35.143s waits=10976 untimed=8611 | wide: calls=1090 total=6.833s encode=0.834s wait=5.391s drain=0.608s waits=1090 untimed=0
[kernel-sub] materialize=0.405s moe=7.086s precommit=35.214s rest=0.844s
[metal-cache] calls=15370 zero_copy_wraps=265 copies=0 cache_entries=144 bindless=true
[route-chain] chained=6900
[route-chain] dedup_hits=6900
 real
[stats] generated=114 elapsed=204.683s speed=0.5570 token/s (1.795 s/token) chunks=110 committed_rows=151 verify_tx=5 drafts=4/10 layer_passes=10230 expert_rows=14260 expert_tiles=10593
[verify-width] w1=0 w2=5 w3=0 w4=0 w5=0 w6=0 w7=0 w8+=0              (w1 share 0.0% of 5 transactions)
[opens] expert file opens=440050 total=5.841s mean=0.013ms requested_bytes=4516839652544 (4516.8 GB)
[arrival] tiles=758 waves=1531 uncovered_wait=25.878s dispatch=6.004s
[retain] enabled=false cap_gb=8 layers=63..=92 consults=0 wanted=0 hits=0 inserts=0 served=0.0MB
[summer] enabled=false cap_gb=8 sample=16 consults=0 wanted=0 hits=0 hit_rate=0.0% misses=0 inserts=0 evictions=0 recycled=0 allocs=0 pin_skips=0 gated=0 ramp=2..50 bar=0 suppressed=0 wide_skips=0 served=0.0MB copied=0.0MB ssd_avoided=0.0GB live=0/0.0GB model=0 protected=0 declined=0 topup_suppressed=0 aged=0 into=0/0/0 pending=0
[mirror-split] internal=0 K3C=0 K3B=0 K3A=0  shares=0%/0%/0%/0%
[phases] mono=358249.690471 chunks=110 sequence=201.181s read_wait=0.171s bind_upload=1.606s attention_resident=12.421s expert_read_prefetch=116.028s expert_demand_read=70.583s expert_plan=8.239s expert_hint=0.001s expert_submit=0.001s expert_kernel=69.049s source_fence=0.000s tail_head_sync=1.667s layer_other=0.190s expert_read_gross=107.789s plan_hint=8.058s plan_sched=0.178s attn_total=12.846s attn_encode=3.829s attn_wait=6.825s attn_drain=2.192s kernel_total=43.899s kernel_host=1.853s kernel_wait=5.961s kernel_drain=36.085s
[attn-split] single: calls=9765 total=8.209s encode=2.866s wait=3.151s drain=2.192s waits=16905 untimed=2863 | wide: calls=558 total=4.637s encode=0.963s wait=3.674s drain=0.000s waits=552 untimed=552 | hint: calls=10212 total=8.131s encode=0.025s wait=8.107s drain=0.000s waits=10287 untimed=10287
[kernel-split] single: calls=10368 total=37.066s encode=1.019s wait=0.570s drain=35.477s waits=11079 untimed=8696 | wide: calls=1090 total=6.833s encode=0.834s wait=5.391s drain=0.608s waits=1090 untimed=0
[kernel-sub] materialize=0.405s moe=7.096s precommit=35.550s rest=0.848s
[metal-cache] calls=15467 zero_copy_wraps=265 copies=0 cache_entries=144 bindless=true
 ruby
[stats] generated=115 elapsed=206.189s speed=0.5577 token/s (1.793 s/token) chunks=111 committed_rows=152 verify_tx=5 drafts=4/10 layer_passes=10323 expert_rows=14352 expert_tiles=10685
[verify-width] w1=0 w2=5 w3=0 w4=0 w5=0 w6=0 w7=0 w8+=0              (w1 share 0.0% of 5 transactions)
[opens] expert file opens=443975 total=5.894s mean=0.013ms requested_bytes=4551293746368 (4551.3 GB)
[arrival] tiles=759 waves=1538 uncovered_wait=25.889s dispatch=6.013s
[retain] enabled=false cap_gb=8 layers=63..=92 consults=0 wanted=0 hits=0 inserts=0 served=0.0MB
[summer] enabled=false cap_gb=8 sample=16 consults=0 wanted=0 hits=0 hit_rate=0.0% misses=0 inserts=0 evictions=0 recycled=0 allocs=0 pin_skips=0 gated=0 ramp=2..50 bar=0 suppressed=0 wide_skips=0 served=0.0MB copied=0.0MB ssd_avoided=0.0GB live=0/0.0GB model=0 protected=0 declined=0 topup_suppressed=0 aged=0 into=0/0/0 pending=0
[mirror-split] internal=0 K3C=0 K3B=0 K3A=0  shares=0%/0%/0%/0%
[phases] mono=358251.196400 chunks=111 sequence=202.686s read_wait=0.171s bind_upload=1.606s attention_resident=12.494s expert_read_prefetch=117.038s expert_demand_read=71.158s expert_plan=8.312s expert_hint=0.001s expert_submit=0.001s expert_kernel=69.453s source_fence=0.000s tail_head_sync=1.683s layer_other=0.191s expert_read_gross=108.726s plan_hint=8.130s plan_sched=0.179s attn_total=12.920s attn_encode=3.851s attn_wait=6.852s attn_drain=2.217s kernel_total=44.292s kernel_host=1.863s kernel_wait=5.966s kernel_drain=36.463s
[attn-split] single: calls=9858 total=8.283s encode=2.888s wait=3.178s drain=2.217s waits=17066 untimed=2887 | wide: calls=558 total=4.637s encode=0.963s wait=3.674s drain=0.000s waits=552 untimed=552 | hint: calls=10304 total=8.203s encode=0.025s wait=8.178s drain=0.000s waits=10378 untimed=10378
[kernel-split] single: calls=10466 total=37.459s encode=1.029s wait=0.575s drain=35.855s waits=11184 untimed=8775 | wide: calls=1090 total=6.833s encode=0.834s wait=5.391s drain=0.608s waits=1090 untimed=0
[kernel-sub] materialize=0.405s moe=7.105s precommit=35.929s rest=0.853s
[metal-cache] calls=15565 zero_copy_wraps=265 copies=0 cache_entries=144 bindless=true
 for
[stats] generated=116 elapsed=207.733s speed=0.5584 token/s (1.791 s/token) chunks=112 committed_rows=153 verify_tx=5 drafts=4/10 layer_passes=10416 expert_rows=14444 expert_tiles=10777
[verify-width] w1=0 w2=5 w3=0 w4=0 w5=0 w6=0 w7=0 w8+=0              (w1 share 0.0% of 5 transactions)
[opens] expert file opens=447912 total=5.946s mean=0.013ms requested_bytes=4585861905600 (4585.9 GB)
[arrival] tiles=760 waves=1546 uncovered_wait=25.903s dispatch=6.024s
[retain] enabled=false cap_gb=8 layers=63..=92 consults=0 wanted=0 hits=0 inserts=0 served=0.0MB
[summer] enabled=false cap_gb=8 sample=16 consults=0 wanted=0 hits=0 hit_rate=0.0% misses=0 inserts=0 evictions=0 recycled=0 allocs=0 pin_skips=0 gated=0 ramp=2..50 bar=0 suppressed=0 wide_skips=0 served=0.0MB copied=0.0MB ssd_avoided=0.0GB live=0/0.0GB model=0 protected=0 declined=0 topup_suppressed=0 aged=0 into=0/0/0 pending=0
[mirror-split] internal=0 K3C=0 K3B=0 K3A=0  shares=0%/0%/0%/0%
[phases] mono=358252.739607 chunks=112 sequence=204.228s read_wait=0.171s bind_upload=1.606s attention_resident=12.565s expert_read_prefetch=118.102s expert_demand_read=71.866s expert_plan=8.387s expert_hint=0.001s expert_submit=0.001s expert_kernel=69.846s source_fence=0.000s tail_head_sync=1.696s layer_other=0.193s expert_read_gross=109.715s plan_hint=8.204s plan_sched=0.180s attn_total=12.990s attn_encode=3.871s attn_wait=6.887s attn_drain=2.232s kernel_total=44.670s kernel_host=1.872s kernel_wait=5.973s kernel_drain=36.825s
[attn-split] single: calls=9951 total=8.354s encode=2.908s wait=3.213s drain=2.232s waits=17227 untimed=2917 | wide: calls=558 total=4.637s encode=0.963s wait=3.674s drain=0.000s waits=552 untimed=552 | hint: calls=10396 total=8.277s encode=0.025s wait=8.252s drain=0.000s waits=10469 untimed=10469
[kernel-split] single: calls=10565 total=37.837s encode=1.038s wait=0.582s drain=36.217s waits=11291 untimed=8864 | wide: calls=1090 total=6.833s encode=0.834s wait=5.391s drain=0.608s waits=1090 untimed=0
[kernel-sub] materialize=0.405s moe=7.116s precommit=36.292s rest=0.857s
[metal-cache] calls=15664 zero_copy_wraps=265 copies=0 cache_entries=144 bindless=true
 a
[stats] generated=117 elapsed=209.248s speed=0.5591 token/s (1.788 s/token) chunks=113 committed_rows=154 verify_tx=5 drafts=4/10 layer_passes=10509 expert_rows=14536 expert_tiles=10869
[verify-width] w1=0 w2=5 w3=0 w4=0 w5=0 w6=0 w7=0 w8+=0              (w1 share 0.0% of 5 transactions)
[opens] expert file opens=451774 total=5.994s mean=0.013ms requested_bytes=4619701877952 (4619.7 GB)
[arrival] tiles=761 waves=1554 uncovered_wait=25.911s dispatch=6.035s
[retain] enabled=false cap_gb=8 layers=63..=92 consults=0 wanted=0 hits=0 inserts=0 served=0.0MB
[summer] enabled=false cap_gb=8 sample=16 consults=0 wanted=0 hits=0 hit_rate=0.0% misses=0 inserts=0 evictions=0 recycled=0 allocs=0 pin_skips=0 gated=0 ramp=2..50 bar=0 suppressed=0 wide_skips=0 served=0.0MB copied=0.0MB ssd_avoided=0.0GB live=0/0.0GB model=0 protected=0 declined=0 topup_suppressed=0 aged=0 into=0/0/0 pending=0
[mirror-split] internal=0 K3C=0 K3B=0 K3A=0  shares=0%/0%/0%/0%
[phases] mono=358254.254607 chunks=113 sequence=205.742s read_wait=0.171s bind_upload=1.606s attention_resident=12.636s expert_read_prefetch=119.183s expert_demand_read=72.516s expert_plan=8.462s expert_hint=0.001s expert_submit=0.001s expert_kernel=70.193s source_fence=0.000s tail_head_sync=1.709s layer_other=0.194s expert_read_gross=110.720s plan_hint=8.279s plan_sched=0.181s attn_total=13.061s attn_encode=3.891s attn_wait=6.910s attn_drain=2.259s kernel_total=45.009s kernel_host=1.882s kernel_wait=5.978s kernel_drain=37.149s
[attn-split] single: calls=10044 total=8.424s encode=2.929s wait=3.236s drain=2.259s waits=17388 untimed=2938 | wide: calls=558 total=4.637s encode=0.963s wait=3.674s drain=0.000s waits=552 untimed=552 | hint: calls=10488 total=8.351s encode=0.025s wait=8.326s drain=0.000s waits=10560 untimed=10560
[kernel-split] single: calls=10664 total=38.176s encode=1.048s wait=0.586s drain=36.541s waits=11398 untimed=8954 | wide: calls=1090 total=6.833s encode=0.834s wait=5.391s drain=0.608s waits=1090 untimed=0
[kernel-sub] materialize=0.405s moe=7.127s precommit=36.616s rest=0.861s
[metal-cache] calls=15763 zero_copy_wraps=265 copies=0 cache_entries=144 bindless=true
 replica
[stats] generated=118 elapsed=210.813s speed=0.5597 token/s (1.787 s/token) chunks=114 committed_rows=155 verify_tx=5 drafts=4/10 layer_passes=10602 expert_rows=14628 expert_tiles=10961
[verify-width] w1=0 w2=5 w3=0 w4=0 w5=0 w6=0 w7=0 w8+=0              (w1 share 0.0% of 5 transactions)
[opens] expert file opens=455708 total=6.046s mean=0.013ms requested_bytes=4654182317248 (4654.2 GB)
[arrival] tiles=762 waves=1560 uncovered_wait=25.920s dispatch=6.043s
[retain] enabled=false cap_gb=8 layers=63..=92 consults=0 wanted=0 hits=0 inserts=0 served=0.0MB
[summer] enabled=false cap_gb=8 sample=16 consults=0 wanted=0 hits=0 hit_rate=0.0% misses=0 inserts=0 evictions=0 recycled=0 allocs=0 pin_skips=0 gated=0 ramp=2..50 bar=0 suppressed=0 wide_skips=0 served=0.0MB copied=0.0MB ssd_avoided=0.0GB live=0/0.0GB model=0 protected=0 declined=0 topup_suppressed=0 aged=0 into=0/0/0 pending=0
[mirror-split] internal=0 K3C=0 K3B=0 K3A=0  shares=0%/0%/0%/0%
[phases] mono=358255.820487 chunks=114 sequence=207.306s read_wait=0.171s bind_upload=1.606s attention_resident=12.721s expert_read_prefetch=120.300s expert_demand_read=73.168s expert_plan=8.533s expert_hint=0.001s expert_submit=0.001s expert_kernel=70.539s source_fence=0.000s tail_head_sync=1.725s layer_other=0.195s expert_read_gross=111.766s plan_hint=8.348s plan_sched=0.182s attn_total=13.146s attn_encode=3.927s attn_wait=6.941s attn_drain=2.278s kernel_total=45.346s kernel_host=1.892s kernel_wait=5.982s kernel_drain=37.472s
[attn-split] single: calls=10137 total=8.509s encode=2.965s wait=3.267s drain=2.278s waits=17549 untimed=2967 | wide: calls=558 total=4.637s encode=0.963s wait=3.674s drain=0.000s waits=552 untimed=552 | hint: calls=10580 total=8.421s encode=0.025s wait=8.395s drain=0.000s waits=10651 untimed=10651
[kernel-split] single: calls=10761 total=38.513s encode=1.057s wait=0.591s drain=36.864s waits=11501 untimed=9035 | wide: calls=1090 total=6.833s encode=0.834s wait=5.391s drain=0.608s waits=1090 untimed=0
[kernel-sub] materialize=0.405s moe=7.135s precommit=36.941s rest=0.866s
[metal-cache] calls=15860 zero_copy_wraps=265 copies=0 cache_entries=144 bindless=true
 during
[stats] generated=119 elapsed=212.306s speed=0.5605 token/s (1.784 s/token) chunks=115 committed_rows=156 verify_tx=5 drafts=4/10 layer_passes=10695 expert_rows=14720 expert_tiles=11053
[verify-width] w1=0 w2=5 w3=0 w4=0 w5=0 w6=0 w7=0 w8+=0              (w1 share 0.0% of 5 transactions)
[opens] expert file opens=459592 total=6.098s mean=0.013ms requested_bytes=4688259136704 (4688.3 GB)
[arrival] tiles=763 waves=1566 uncovered_wait=25.928s dispatch=6.052s
[retain] enabled=false cap_gb=8 layers=63..=92 consults=0 wanted=0 hits=0 inserts=0 served=0.0MB
[summer] enabled=false cap_gb=8 sample=16 consults=0 wanted=0 hits=0 hit_rate=0.0% misses=0 inserts=0 evictions=0 recycled=0 allocs=0 pin_skips=0 gated=0 ramp=2..50 bar=0 suppressed=0 wide_skips=0 served=0.0MB copied=0.0MB ssd_avoided=0.0GB live=0/0.0GB model=0 protected=0 declined=0 topup_suppressed=0 aged=0 into=0/0/0 pending=0
[mirror-split] internal=0 K3C=0 K3B=0 K3A=0  shares=0%/0%/0%/0%
[phases] mono=358257.313220 chunks=115 sequence=208.798s read_wait=0.171s bind_upload=1.606s attention_resident=12.798s expert_read_prefetch=121.298s expert_demand_read=73.781s expert_plan=8.605s expert_hint=0.001s expert_submit=0.001s expert_kernel=70.940s source_fence=0.000s tail_head_sync=1.739s layer_other=0.197s expert_read_gross=112.693s plan_hint=8.419s plan_sched=0.183s attn_total=13.222s attn_encode=3.948s attn_wait=6.968s attn_drain=2.306s kernel_total=45.739s kernel_host=1.901s kernel_wait=5.988s kernel_drain=37.851s
[attn-split] single: calls=10230 total=8.585s encode=2.985s wait=3.294s drain=2.306s waits=17710 untimed=2985 | wide: calls=558 total=4.637s encode=0.963s wait=3.674s drain=0.000s waits=552 untimed=552 | hint: calls=10672 total=8.492s encode=0.026s wait=8.466s drain=0.000s waits=10742 untimed=10742
[kernel-split] single: calls=10858 total=38.906s encode=1.067s wait=0.597s drain=37.243s waits=11604 untimed=9112 | wide: calls=1090 total=6.833s encode=0.834s wait=5.391s drain=0.608s waits=1090 untimed=0
[kernel-sub] materialize=0.405s moe=7.144s precommit=37.321s rest=0.870s
[metal-cache] calls=15957 zero_copy_wraps=265 copies=0 cache_entries=144 bindless=true
 the
[stats] generated=120 elapsed=213.904s speed=0.5610 token/s (1.783 s/token) chunks=116 committed_rows=157 verify_tx=5 drafts=4/10 layer_passes=10788 expert_rows=14812 expert_tiles=11145
[verify-width] w1=0 w2=5 w3=0 w4=0 w5=0 w6=0 w7=0 w8+=0              (w1 share 0.0% of 5 transactions)
[opens] expert file opens=463525 total=6.149s mean=0.013ms requested_bytes=4722800950464 (4722.8 GB)
[arrival] tiles=764 waves=1570 uncovered_wait=25.936s dispatch=6.062s
[retain] enabled=false cap_gb=8 layers=63..=92 consults=0 wanted=0 hits=0 inserts=0 served=0.0MB
[summer] enabled=false cap_gb=8 sample=16 consults=0 wanted=0 hits=0 hit_rate=0.0% misses=0 inserts=0 evictions=0 recycled=0 allocs=0 pin_skips=0 gated=0 ramp=2..50 bar=0 suppressed=0 wide_skips=0 served=0.0MB copied=0.0MB ssd_avoided=0.0GB live=0/0.0GB model=0 protected=0 declined=0 topup_suppressed=0 aged=0 into=0/0/0 pending=0
[mirror-split] internal=0 K3C=0 K3B=0 K3A=0  shares=0%/0%/0%/0%
[phases] mono=358258.910782 chunks=116 sequence=210.394s read_wait=0.171s bind_upload=1.606s attention_resident=12.871s expert_read_prefetch=122.440s expert_demand_read=74.477s expert_plan=8.693s expert_hint=0.001s expert_submit=0.001s expert_kernel=71.306s source_fence=0.000s tail_head_sync=1.752s layer_other=0.198s expert_read_gross=113.746s plan_hint=8.506s plan_sched=0.184s attn_total=13.295s attn_encode=3.970s attn_wait=7.004s attn_drain=2.322s kernel_total=46.097s kernel_host=1.911s kernel_wait=5.993s kernel_drain=38.194s
[attn-split] single: calls=10323 total=8.658s encode=3.007s wait=3.330s drain=2.322s waits=17871 untimed=3014 | wide: calls=558 total=4.637s encode=0.963s wait=3.674s drain=0.000s waits=552 untimed=552 | hint: calls=10764 total=8.579s encode=0.026s wait=8.553s drain=0.000s waits=10833 untimed=10833
[kernel-split] single: calls=10953 total=39.264s encode=1.077s wait=0.601s drain=37.586s waits=11703 untimed=9188 | wide: calls=1090 total=6.833s encode=0.834s wait=5.391s drain=0.608s waits=1090 untimed=0
[kernel-sub] materialize=0.405s moe=7.153s precommit=37.665s rest=0.874s
[metal-cache] calls=16052 zero_copy_wraps=265 copies=0 cache_entries=144 bindless=true
 thirty
[stats] generated=121 elapsed=215.469s speed=0.5616 token/s (1.781 s/token) chunks=117 committed_rows=158 verify_tx=5 drafts=4/10 layer_passes=10881 expert_rows=14904 expert_tiles=11237
[verify-width] w1=0 w2=5 w3=0 w4=0 w5=0 w6=0 w7=0 w8+=0              (w1 share 0.0% of 5 transactions)
[opens] expert file opens=467629 total=6.203s mean=0.013ms requested_bytes=4758799236288 (4758.8 GB)
[arrival] tiles=765 waves=1578 uncovered_wait=25.948s dispatch=6.071s
[retain] enabled=false cap_gb=8 layers=63..=92 consults=0 wanted=0 hits=0 inserts=0 served=0.0MB
[summer] enabled=false cap_gb=8 sample=16 consults=0 wanted=0 hits=0 hit_rate=0.0% misses=0 inserts=0 evictions=0 recycled=0 allocs=0 pin_skips=0 gated=0 ramp=2..50 bar=0 suppressed=0 wide_skips=0 served=0.0MB copied=0.0MB ssd_avoided=0.0GB live=0/0.0GB model=0 protected=0 declined=0 topup_suppressed=0 aged=0 into=0/0/0 pending=0
[mirror-split] internal=0 K3C=0 K3B=0 K3A=0  shares=0%/0%/0%/0%
[phases] mono=358260.475722 chunks=117 sequence=211.957s read_wait=0.171s bind_upload=1.606s attention_resident=12.941s expert_read_prefetch=123.571s expert_demand_read=75.147s expert_plan=8.770s expert_hint=0.001s expert_submit=0.001s expert_kernel=71.655s source_fence=0.000s tail_head_sync=1.765s layer_other=0.199s expert_read_gross=114.801s plan_hint=8.582s plan_sched=0.185s attn_total=13.365s attn_encode=3.993s attn_wait=7.022s attn_drain=2.351s kernel_total=46.433s kernel_host=1.920s kernel_wait=5.998s kernel_drain=38.515s
[attn-split] single: calls=10416 total=8.728s encode=3.030s wait=3.348s drain=2.351s waits=18032 untimed=3035 | wide: calls=558 total=4.637s encode=0.963s wait=3.674s drain=0.000s waits=552 untimed=552 | hint: calls=10856 total=8.654s encode=0.026s wait=8.628s drain=0.000s waits=10924 untimed=10924
[kernel-split] single: calls=11052 total=39.600s encode=1.086s wait=0.607s drain=37.907s waits=11810 untimed=9272 | wide: calls=1090 total=6.833s encode=0.834s wait=5.391s drain=0.608s waits=1090 untimed=0
[kernel-sub] materialize=0.405s moe=7.162s precommit=37.987s rest=0.879s
[metal-cache] calls=16151 zero_copy_wraps=265 copies=0 cache_entries=144 bindless=true
 seconds
[stats] generated=122 elapsed=216.967s speed=0.5623 token/s (1.778 s/token) chunks=118 committed_rows=159 verify_tx=5 drafts=4/10 layer_passes=10974 expert_rows=14996 expert_tiles=11329
[verify-width] w1=0 w2=5 w3=0 w4=0 w5=0 w6=0 w7=0 w8+=0              (w1 share 0.0% of 5 transactions)
[opens] expert file opens=471508 total=6.261s mean=0.013ms requested_bytes=4792876039360 (4792.9 GB)
[arrival] tiles=766 waves=1582 uncovered_wait=25.959s dispatch=6.079s
[retain] enabled=false cap_gb=8 layers=63..=92 consults=0 wanted=0 hits=0 inserts=0 served=0.0MB
[summer] enabled=false cap_gb=8 sample=16 consults=0 wanted=0 hits=0 hit_rate=0.0% misses=0 inserts=0 evictions=0 recycled=0 allocs=0 pin_skips=0 gated=0 ramp=2..50 bar=0 suppressed=0 wide_skips=0 served=0.0MB copied=0.0MB ssd_avoided=0.0GB live=0/0.0GB model=0 protected=0 declined=0 topup_suppressed=0 aged=0 into=0/0/0 pending=0
[mirror-split] internal=0 K3C=0 K3B=0 K3A=0  shares=0%/0%/0%/0%
[phases] mono=358261.974251 chunks=118 sequence=213.454s read_wait=0.171s bind_upload=1.606s attention_resident=13.032s expert_read_prefetch=124.548s expert_demand_read=75.751s expert_plan=8.848s expert_hint=0.001s expert_submit=0.001s expert_kernel=72.066s source_fence=0.000s tail_head_sync=1.781s layer_other=0.201s expert_read_gross=115.700s plan_hint=8.659s plan_sched=0.186s attn_total=13.455s attn_encode=4.031s attn_wait=7.047s attn_drain=2.377s kernel_total=46.833s kernel_host=1.930s kernel_wait=6.002s kernel_drain=38.900s
[attn-split] single: calls=10509 total=8.819s encode=3.068s wait=3.373s drain=2.377s waits=18193 untimed=3061 | wide: calls=558 total=4.637s encode=0.963s wait=3.674s drain=0.000s waits=552 untimed=552 | hint: calls=10948 total=8.731s encode=0.026s wait=8.705s drain=0.000s waits=11015 untimed=11015
[kernel-split] single: calls=11147 total=40.000s encode=1.096s wait=0.611s drain=38.292s waits=11909 untimed=9352 | wide: calls=1090 total=6.833s encode=0.834s wait=5.391s drain=0.608s waits=1090 untimed=0
[kernel-sub] materialize=0.405s moe=7.170s precommit=38.374s rest=0.884s
[metal-cache] calls=16246 zero_copy_wraps=265 copies=0 cache_entries=144 bindless=true
 when
[stats] generated=123 elapsed=218.465s speed=0.5630 token/s (1.776 s/token) chunks=119 committed_rows=160 verify_tx=5 drafts=4/10 layer_passes=11067 expert_rows=15088 expert_tiles=11421
[verify-width] w1=0 w2=5 w3=0 w4=0 w5=0 w6=0 w7=0 w8+=0              (w1 share 0.0% of 5 transactions)
[opens] expert file opens=475358 total=6.310s mean=0.013ms requested_bytes=4826680868032 (4826.7 GB)
[arrival] tiles=767 waves=1589 uncovered_wait=25.968s dispatch=6.086s
[retain] enabled=false cap_gb=8 layers=63..=92 consults=0 wanted=0 hits=0 inserts=0 served=0.0MB
[summer] enabled=false cap_gb=8 sample=16 consults=0 wanted=0 hits=0 hit_rate=0.0% misses=0 inserts=0 evictions=0 recycled=0 allocs=0 pin_skips=0 gated=0 ramp=2..50 bar=0 suppressed=0 wide_skips=0 served=0.0MB copied=0.0MB ssd_avoided=0.0GB live=0/0.0GB model=0 protected=0 declined=0 topup_suppressed=0 aged=0 into=0/0/0 pending=0
[mirror-split] internal=0 K3C=0 K3B=0 K3A=0  shares=0%/0%/0%/0%
[phases] mono=358263.471684 chunks=119 sequence=214.950s read_wait=0.171s bind_upload=1.606s attention_resident=13.099s expert_read_prefetch=125.615s expert_demand_read=76.397s expert_plan=8.925s expert_hint=0.001s expert_submit=0.001s expert_kernel=72.412s source_fence=0.000s tail_head_sync=1.794s layer_other=0.202s expert_read_gross=116.690s plan_hint=8.735s plan_sched=0.188s attn_total=13.523s attn_encode=4.053s attn_wait=7.072s attn_drain=2.398s kernel_total=47.171s kernel_host=1.939s kernel_wait=6.007s kernel_drain=39.225s
[attn-split] single: calls=10602 total=8.886s encode=3.090s wait=3.398s drain=2.398s waits=18354 untimed=3085 | wide: calls=558 total=4.637s encode=0.963s wait=3.674s drain=0.000s waits=552 untimed=552 | hint: calls=11040 total=8.808s encode=0.026s wait=8.781s drain=0.000s waits=11106 untimed=11106
[kernel-split] single: calls=11245 total=40.337s encode=1.104s wait=0.616s drain=38.617s waits=12014 untimed=9437 | wide: calls=1090 total=6.833s encode=0.834s wait=5.391s drain=0.608s waits=1090 untimed=0
[kernel-sub] materialize=0.405s moe=7.177s precommit=38.701s rest=0.888s
[metal-cache] calls=16344 zero_copy_wraps=265 copies=0 cache_entries=144 bindless=true
[route-chain] chained=7590
[route-chain] dedup_hits=7590
 the
[stats] generated=124 elapsed=219.948s speed=0.5638 token/s (1.774 s/token) chunks=120 committed_rows=161 verify_tx=5 drafts=4/10 layer_passes=11160 expert_rows=15180 expert_tiles=11513
[verify-width] w1=0 w2=5 w3=0 w4=0 w5=0 w6=0 w7=0 w8+=0              (w1 share 0.0% of 5 transactions)
[opens] expert file opens=479185 total=6.359s mean=0.013ms requested_bytes=4860266380480 (4860.3 GB)
[arrival] tiles=768 waves=1597 uncovered_wait=25.977s dispatch=6.099s
[retain] enabled=false cap_gb=8 layers=63..=92 consults=0 wanted=0 hits=0 inserts=0 served=0.0MB
[summer] enabled=false cap_gb=8 sample=16 consults=0 wanted=0 hits=0 hit_rate=0.0% misses=0 inserts=0 evictions=0 recycled=0 allocs=0 pin_skips=0 gated=0 ramp=2..50 bar=0 suppressed=0 wide_skips=0 served=0.0MB copied=0.0MB ssd_avoided=0.0GB live=0/0.0GB model=0 protected=0 declined=0 topup_suppressed=0 aged=0 into=0/0/0 pending=0
[mirror-split] internal=0 K3C=0 K3B=0 K3A=0  shares=0%/0%/0%/0%
[phases] mono=358264.954914 chunks=120 sequence=216.432s read_wait=0.171s bind_upload=1.606s attention_resident=13.166s expert_read_prefetch=126.652s expert_demand_read=76.974s expert_plan=9.004s expert_hint=0.001s expert_submit=0.001s expert_kernel=72.774s source_fence=0.000s tail_head_sync=1.809s layer_other=0.204s expert_read_gross=117.648s plan_hint=8.813s plan_sched=0.189s attn_total=13.589s attn_encode=4.073s attn_wait=7.098s attn_drain=2.418s kernel_total=47.523s kernel_host=1.949s kernel_wait=6.013s kernel_drain=39.560s
[attn-split] single: calls=10695 total=8.953s encode=3.111s wait=3.424s drain=2.418s waits=18515 untimed=3105 | wide: calls=558 total=4.637s encode=0.963s wait=3.674s drain=0.000s waits=552 untimed=552 | hint: calls=11132 total=8.885s encode=0.027s wait=8.859s drain=0.000s waits=11197 untimed=11197
[kernel-split] single: calls=11344 total=40.689s encode=1.115s wait=0.622s drain=38.953s waits=12121 untimed=9522 | wide: calls=1090 total=6.833s encode=0.834s wait=5.391s drain=0.608s waits=1090 untimed=0
[kernel-sub] materialize=0.405s moe=7.190s precommit=39.036s rest=0.892s
[metal-cache] calls=16443 zero_copy_wraps=265 copies=0 cache_entries=144 bindless=true
 casino
[stats] generated=125 elapsed=221.497s speed=0.5643 token/s (1.772 s/token) chunks=121 committed_rows=162 verify_tx=5 drafts=4/10 layer_passes=11253 expert_rows=15272 expert_tiles=11605
[verify-width] w1=0 w2=5 w3=0 w4=0 w5=0 w6=0 w7=0 w8+=0              (w1 share 0.0% of 5 transactions)
[opens] expert file opens=483206 total=6.412s mean=0.013ms requested_bytes=4895518883008 (4895.5 GB)
[arrival] tiles=769 waves=1605 uncovered_wait=25.990s dispatch=6.109s
[retain] enabled=false cap_gb=8 layers=63..=92 consults=0 wanted=0 hits=0 inserts=0 served=0.0MB
[summer] enabled=false cap_gb=8 sample=16 consults=0 wanted=0 hits=0 hit_rate=0.0% misses=0 inserts=0 evictions=0 recycled=0 allocs=0 pin_skips=0 gated=0 ramp=2..50 bar=0 suppressed=0 wide_skips=0 served=0.0MB copied=0.0MB ssd_avoided=0.0GB live=0/0.0GB model=0 protected=0 declined=0 topup_suppressed=0 aged=0 into=0/0/0 pending=0
[mirror-split] internal=0 K3C=0 K3B=0 K3A=0  shares=0%/0%/0%/0%
[phases] mono=358266.504409 chunks=121 sequence=217.980s read_wait=0.171s bind_upload=1.606s attention_resident=13.245s expert_read_prefetch=127.707s expert_demand_read=77.622s expert_plan=9.072s expert_hint=0.001s expert_submit=0.001s expert_kernel=73.170s source_fence=0.000s tail_head_sync=1.826s layer_other=0.205s expert_read_gross=118.635s plan_hint=8.879s plan_sched=0.190s attn_total=13.668s attn_encode=4.098s attn_wait=7.130s attn_drain=2.440s kernel_total=47.905s kernel_host=1.959s kernel_wait=6.018s kernel_drain=39.928s
[attn-split] single: calls=10788 total=9.031s encode=3.135s wait=3.456s drain=2.440s waits=18676 untimed=3132 | wide: calls=558 total=4.637s encode=0.963s wait=3.674s drain=0.000s waits=552 untimed=552 | hint: calls=11224 total=8.951s encode=0.027s wait=8.925s drain=0.000s waits=11288 untimed=11288
[kernel-split] single: calls=11443 total=41.072s encode=1.125s wait=0.627s drain=39.320s waits=12228 untimed=9609 | wide: calls=1090 total=6.833s encode=0.834s wait=5.391s drain=0.608s waits=1090 untimed=0
[kernel-sub] materialize=0.405s moe=7.199s precommit=39.404s rest=0.897s
[metal-cache] calls=16542 zero_copy_wraps=265 copies=0 cache_entries=144 bindless=true
's
[stats] generated=126 elapsed=223.011s speed=0.5650 token/s (1.770 s/token) chunks=122 committed_rows=163 verify_tx=5 drafts=4/10 layer_passes=11346 expert_rows=15364 expert_tiles=11697
[verify-width] w1=0 w2=5 w3=0 w4=0 w5=0 w6=0 w7=0 w8+=0              (w1 share 0.0% of 5 transactions)
[opens] expert file opens=487129 total=6.463s mean=0.013ms requested_bytes=4929929116864 (4929.9 GB)
[arrival] tiles=770 waves=1611 uncovered_wait=26.000s dispatch=6.119s
[retain] enabled=false cap_gb=8 layers=63..=92 consults=0 wanted=0 hits=0 inserts=0 served=0.0MB
[summer] enabled=false cap_gb=8 sample=16 consults=0 wanted=0 hits=0 hit_rate=0.0% misses=0 inserts=0 evictions=0 recycled=0 allocs=0 pin_skips=0 gated=0 ramp=2..50 bar=0 suppressed=0 wide_skips=0 served=0.0MB copied=0.0MB ssd_avoided=0.0GB live=0/0.0GB model=0 protected=0 declined=0 topup_suppressed=0 aged=0 into=0/0/0 pending=0
[mirror-split] internal=0 K3C=0 K3B=0 K3A=0  shares=0%/0%/0%/0%
[phases] mono=358268.018472 chunks=122 sequence=219.493s read_wait=0.171s bind_upload=1.606s attention_resident=13.340s expert_read_prefetch=128.766s expert_demand_read=78.224s expert_plan=9.149s expert_hint=0.001s expert_submit=0.001s expert_kernel=73.509s source_fence=0.000s tail_head_sync=1.843s layer_other=0.207s expert_read_gross=119.617s plan_hint=8.955s plan_sched=0.191s attn_total=13.763s attn_encode=4.138s attn_wait=7.162s attn_drain=2.462s kernel_total=48.235s kernel_host=1.969s kernel_wait=6.024s kernel_drain=40.242s
[attn-split] single: calls=10881 total=9.126s encode=3.175s wait=3.489s drain=2.462s waits=18837 untimed=3167 | wide: calls=558 total=4.637s encode=0.963s wait=3.674s drain=0.000s waits=552 untimed=552 | hint: calls=11316 total=9.028s encode=0.027s wait=9.001s drain=0.000s waits=11379 untimed=11379
[kernel-split] single: calls=11540 total=41.402s encode=1.135s wait=0.633s drain=39.634s waits=12331 untimed=9694 | wide: calls=1090 total=6.833s encode=0.834s wait=5.391s drain=0.608s waits=1090 untimed=0
[kernel-sub] materialize=0.405s moe=7.209s precommit=39.720s rest=0.901s
[metal-cache] calls=16639 zero_copy_wraps=265 copies=0 cache_entries=144 bindless=true
 power
[stats] generated=127 elapsed=224.523s speed=0.5656 token/s (1.768 s/token) chunks=123 committed_rows=164 verify_tx=5 drafts=4/10 layer_passes=11439 expert_rows=15456 expert_tiles=11789
[verify-width] w1=0 w2=5 w3=0 w4=0 w5=0 w6=0 w7=0 w8+=0              (w1 share 0.0% of 5 transactions)
[opens] expert file opens=491062 total=6.515s mean=0.013ms requested_bytes=4964418337984 (4964.4 GB)
[arrival] tiles=771 waves=1617 uncovered_wait=26.007s dispatch=6.127s
[retain] enabled=false cap_gb=8 layers=63..=92 consults=0 wanted=0 hits=0 inserts=0 served=0.0MB
[summer] enabled=false cap_gb=8 sample=16 consults=0 wanted=0 hits=0 hit_rate=0.0% misses=0 inserts=0 evictions=0 recycled=0 allocs=0 pin_skips=0 gated=0 ramp=2..50 bar=0 suppressed=0 wide_skips=0 served=0.0MB copied=0.0MB ssd_avoided=0.0GB live=0/0.0GB model=0 protected=0 declined=0 topup_suppressed=0 aged=0 into=0/0/0 pending=0
[mirror-split] internal=0 K3C=0 K3B=0 K3A=0  shares=0%/0%/0%/0%
[phases] mono=358269.530324 chunks=123 sequence=221.004s read_wait=0.171s bind_upload=1.606s attention_resident=13.415s expert_read_prefetch=129.834s expert_demand_read=78.835s expert_plan=9.232s expert_hint=0.001s expert_submit=0.001s expert_kernel=73.859s source_fence=0.000s tail_head_sync=1.860s layer_other=0.208s expert_read_gross=120.601s plan_hint=9.038s plan_sched=0.192s attn_total=13.838s attn_encode=4.164s attn_wait=7.192s attn_drain=2.483s kernel_total=48.577s kernel_host=1.977s kernel_wait=6.029s kernel_drain=40.570s
[attn-split] single: calls=10974 total=9.202s encode=3.201s wait=3.518s drain=2.483s waits=18998 untimed=3195 | wide: calls=558 total=4.637s encode=0.963s wait=3.674s drain=0.000s waits=552 untimed=552 | hint: calls=11408 total=9.110s encode=0.027s wait=9.083s drain=0.000s waits=11470 untimed=11470
[kernel-split] single: calls=11637 total=41.744s encode=1.143s wait=0.638s drain=39.962s waits=12434 untimed=9776 | wide: calls=1090 total=6.833s encode=0.834s wait=5.391s drain=0.608s waits=1090 untimed=0
[kernel-sub] materialize=0.405s moe=7.217s precommit=40.049s rest=0.906s
[metal-cache] calls=16736 zero_copy_wraps=265 copies=0 cache_entries=144 bindless=true
 grid
[stats] generated=128 elapsed=226.027s speed=0.5663 token/s (1.766 s/token) chunks=124 committed_rows=165 verify_tx=5 drafts=4/10 layer_passes=11532 expert_rows=15548 expert_tiles=11881
[verify-width] w1=0 w2=5 w3=0 w4=0 w5=0 w6=0 w7=0 w8+=0              (w1 share 0.0% of 5 transactions)
[opens] expert file opens=494917 total=6.567s mean=0.013ms requested_bytes=4998240730304 (4998.2 GB)
[arrival] tiles=772 waves=1622 uncovered_wait=26.018s dispatch=6.135s
[retain] enabled=false cap_gb=8 layers=63..=92 consults=0 wanted=0 hits=0 inserts=0 served=0.0MB
[summer] enabled=false cap_gb=8 sample=16 consults=0 wanted=0 hits=0 hit_rate=0.0% misses=0 inserts=0 evictions=0 recycled=0 allocs=0 pin_skips=0 gated=0 ramp=2..50 bar=0 suppressed=0 wide_skips=0 served=0.0MB copied=0.0MB ssd_avoided=0.0GB live=0/0.0GB model=0 protected=0 declined=0 topup_suppressed=0 aged=0 into=0/0/0 pending=0
[mirror-split] internal=0 K3C=0 K3B=0 K3A=0  shares=0%/0%/0%/0%
[phases] mono=358271.033647 chunks=124 sequence=222.506s read_wait=0.171s bind_upload=1.606s attention_resident=13.491s expert_read_prefetch=130.872s expert_demand_read=79.420s expert_plan=9.316s expert_hint=0.001s expert_submit=0.001s expert_kernel=74.230s source_fence=0.000s tail_head_sync=1.876s layer_other=0.209s expert_read_gross=121.556s plan_hint=9.120s plan_sched=0.193s attn_total=13.913s attn_encode=4.189s attn_wait=7.220s attn_drain=2.505s kernel_total=48.938s kernel_host=1.987s kernel_wait=6.034s kernel_drain=40.916s
[attn-split] single: calls=11067 total=9.277s encode=3.226s wait=3.546s drain=2.505s waits=19159 untimed=3223 | wide: calls=558 total=4.637s encode=0.963s wait=3.674s drain=0.000s waits=552 untimed=552 | hint: calls=11500 total=9.192s encode=0.027s wait=9.165s drain=0.000s waits=11561 untimed=11561
[kernel-split] single: calls=11733 total=42.105s encode=1.153s wait=0.643s drain=40.309s waits=12535 untimed=9850 | wide: calls=1090 total=6.833s encode=0.834s wait=5.391s drain=0.608s waits=1090 untimed=0
[kernel-sub] materialize=0.405s moe=7.226s precommit=40.397s rest=0.910s
[metal-cache] calls=16832 zero_copy_wraps=265 copies=0 cache_entries=144 bindless=true
 switches
[stats] generated=129 elapsed=227.538s speed=0.5669 token/s (1.764 s/token) chunks=125 committed_rows=166 verify_tx=5 drafts=4/10 layer_passes=11625 expert_rows=15640 expert_tiles=11973
[verify-width] w1=0 w2=5 w3=0 w4=0 w5=0 w6=0 w7=0 w8+=0              (w1 share 0.0% of 5 transactions)
[opens] expert file opens=498703 total=6.615s mean=0.013ms requested_bytes=5031466532032 (5031.5 GB)
[arrival] tiles=773 waves=1629 uncovered_wait=26.029s dispatch=6.144s
[retain] enabled=false cap_gb=8 layers=63..=92 consults=0 wanted=0 hits=0 inserts=0 served=0.0MB
[summer] enabled=false cap_gb=8 sample=16 consults=0 wanted=0 hits=0 hit_rate=0.0% misses=0 inserts=0 evictions=0 recycled=0 allocs=0 pin_skips=0 gated=0 ramp=2..50 bar=0 suppressed=0 wide_skips=0 served=0.0MB copied=0.0MB ssd_avoided=0.0GB live=0/0.0GB model=0 protected=0 declined=0 topup_suppressed=0 aged=0 into=0/0/0 pending=0
[mirror-split] internal=0 K3C=0 K3B=0 K3A=0  shares=0%/0%/0%/0%
[phases] mono=358272.545406 chunks=125 sequence=224.017s read_wait=0.171s bind_upload=1.606s attention_resident=13.562s expert_read_prefetch=131.961s expert_demand_read=80.078s expert_plan=9.388s expert_hint=0.001s expert_submit=0.001s expert_kernel=74.563s source_fence=0.001s tail_head_sync=1.893s layer_other=0.211s expert_read_gross=122.572s plan_hint=9.192s plan_sched=0.194s attn_total=13.985s attn_encode=4.214s attn_wait=7.239s attn_drain=2.532s kernel_total=49.258s kernel_host=1.997s kernel_wait=6.039s kernel_drain=41.222s
[attn-split] single: calls=11160 total=9.348s encode=3.251s wait=3.565s drain=2.532s waits=19320 untimed=3245 | wide: calls=558 total=4.637s encode=0.963s wait=3.674s drain=0.000s waits=552 untimed=552 | hint: calls=11592 total=9.264s encode=0.028s wait=9.236s drain=0.000s waits=11652 untimed=11652
[kernel-split] single: calls=11831 total=42.425s encode=1.162s wait=0.648s drain=40.615s waits=12640 untimed=9928 | wide: calls=1090 total=6.833s encode=0.834s wait=5.391s drain=0.608s waits=1090 untimed=0
[kernel-sub] materialize=0.405s moe=7.234s precommit=40.704s rest=0.915s
[metal-cache] calls=16930 zero_copy_wraps=265 copies=0 cache_entries=144 bindless=true
 to
[stats] generated=130 elapsed=229.102s speed=0.5674 token/s (1.762 s/token) chunks=126 committed_rows=167 verify_tx=5 drafts=4/10 layer_passes=11718 expert_rows=15732 expert_tiles=12065
[verify-width] w1=0 w2=5 w3=0 w4=0 w5=0 w6=0 w7=0 w8+=0              (w1 share 0.0% of 5 transactions)
[opens] expert file opens=502602 total=6.665s mean=0.013ms requested_bytes=5065674980544 (5065.7 GB)
[arrival] tiles=774 waves=1634 uncovered_wait=26.037s dispatch=6.154s
[retain] enabled=false cap_gb=8 layers=63..=92 consults=0 wanted=0 hits=0 inserts=0 served=0.0MB
[summer] enabled=false cap_gb=8 sample=16 consults=0 wanted=0 hits=0 hit_rate=0.0% misses=0 inserts=0 evictions=0 recycled=0 allocs=0 pin_skips=0 gated=0 ramp=2..50 bar=0 suppressed=0 wide_skips=0 served=0.0MB copied=0.0MB ssd_avoided=0.0GB live=0/0.0GB model=0 protected=0 declined=0 topup_suppressed=0 aged=0 into=0/0/0 pending=0
[mirror-split] internal=0 K3C=0 K3B=0 K3A=0  shares=0%/0%/0%/0%
[phases] mono=358274.108949 chunks=126 sequence=225.579s read_wait=0.171s bind_upload=1.606s attention_resident=13.641s expert_read_prefetch=133.070s expert_demand_read=80.726s expert_plan=9.471s expert_hint=0.001s expert_submit=0.001s expert_kernel=74.918s source_fence=0.001s tail_head_sync=1.910s layer_other=0.212s expert_read_gross=123.598s plan_hint=9.274s plan_sched=0.195s attn_total=14.064s attn_encode=4.244s attn_wait=7.269s attn_drain=2.550s kernel_total=49.606s kernel_host=2.006s kernel_wait=6.044s kernel_drain=41.555s
[attn-split] single: calls=11253 total=9.427s encode=3.281s wait=3.595s drain=2.550s waits=19481 untimed=3275 | wide: calls=558 total=4.637s encode=0.963s wait=3.674s drain=0.000s waits=552 untimed=552 | hint: calls=11684 total=9.346s encode=0.028s wait=9.318s drain=0.000s waits=11743 untimed=11743
[kernel-split] single: calls=11927 total=42.772s encode=1.172s wait=0.653s drain=40.947s waits=12741 untimed=9999 | wide: calls=1090 total=6.833s encode=0.834s wait=5.391s drain=0.608s waits=1090 untimed=0
[kernel-sub] materialize=0.405s moe=7.244s precommit=41.038s rest=0.919s
[metal-cache] calls=17026 zero_copy_wraps=265 copies=0 cache_entries=144 bindless=true
 backup
[stats] generated=131 elapsed=230.654s speed=0.5679 token/s (1.761 s/token) chunks=127 committed_rows=168 verify_tx=5 drafts=4/10 layer_passes=11811 expert_rows=15824 expert_tiles=12157
[verify-width] w1=0 w2=5 w3=0 w4=0 w5=0 w6=0 w7=0 w8+=0              (w1 share 0.0% of 5 transactions)
[opens] expert file opens=506424 total=6.713s mean=0.013ms requested_bytes=5099225382080 (5099.2 GB)
[arrival] tiles=775 waves=1642 uncovered_wait=26.048s dispatch=6.162s
[retain] enabled=false cap_gb=8 layers=63..=92 consults=0 wanted=0 hits=0 inserts=0 served=0.0MB
[summer] enabled=false cap_gb=8 sample=16 consults=0 wanted=0 hits=0 hit_rate=0.0% misses=0 inserts=0 evictions=0 recycled=0 allocs=0 pin_skips=0 gated=0 ramp=2..50 bar=0 suppressed=0 wide_skips=0 served=0.0MB copied=0.0MB ssd_avoided=0.0GB live=0/0.0GB model=0 protected=0 declined=0 topup_suppressed=0 aged=0 into=0/0/0 pending=0
[mirror-split] internal=0 K3C=0 K3B=0 K3A=0  shares=0%/0%/0%/0%
[phases] mono=358275.661427 chunks=127 sequence=227.114s read_wait=0.171s bind_upload=1.606s attention_resident=13.715s expert_read_prefetch=134.167s expert_demand_read=81.411s expert_plan=9.545s expert_hint=0.001s expert_submit=0.001s expert_kernel=75.267s source_fence=0.001s tail_head_sync=1.923s layer_other=0.213s expert_read_gross=124.622s plan_hint=9.346s plan_sched=0.196s attn_total=14.137s attn_encode=4.266s attn_wait=7.304s attn_drain=2.568s kernel_total=49.943s kernel_host=2.015s kernel_wait=6.049s kernel_drain=41.879s
[attn-split] single: calls=11346 total=9.501s encode=3.303s wait=3.630s drain=2.568s waits=19642 untimed=3303 | wide: calls=558 total=4.637s encode=0.963s wait=3.674s drain=0.000s waits=552 untimed=552 | hint: calls=11776 total=9.418s encode=0.028s wait=9.390s drain=0.000s waits=11834 untimed=11834
[kernel-split] single: calls=12026 total=43.110s encode=1.181s wait=0.658s drain=41.271s waits=12848 untimed=10085 | wide: calls=1090 total=6.833s encode=0.834s wait=5.391s drain=0.608s waits=1090 untimed=0
[kernel-sub] materialize=0.405s moe=7.252s precommit=41.363s rest=0.923s
[metal-cache] calls=17125 zero_copy_wraps=265 copies=0 cache_entries=144 bindless=true
 generators
[stats] generated=132 elapsed=232.200s speed=0.5685 token/s (1.759 s/token) chunks=128 committed_rows=169 verify_tx=5 drafts=4/10 layer_passes=11904 expert_rows=15916 expert_tiles=12249
[verify-width] w1=0 w2=5 w3=0 w4=0 w5=0 w6=0 w7=0 w8+=0              (w1 share 0.0% of 5 transactions)
[opens] expert file opens=510319 total=6.766s mean=0.013ms requested_bytes=5133381188800 (5133.4 GB)
[arrival] tiles=776 waves=1648 uncovered_wait=26.057s dispatch=6.171s
[retain] enabled=false cap_gb=8 layers=63..=92 consults=0 wanted=0 hits=0 inserts=0 served=0.0MB
[summer] enabled=false cap_gb=8 sample=16 consults=0 wanted=0 hits=0 hit_rate=0.0% misses=0 inserts=0 evictions=0 recycled=0 allocs=0 pin_skips=0 gated=0 ramp=2..50 bar=0 suppressed=0 wide_skips=0 served=0.0MB copied=0.0MB ssd_avoided=0.0GB live=0/0.0GB model=0 protected=0 declined=0 topup_suppressed=0 aged=0 into=0/0/0 pending=0
[mirror-split] internal=0 K3C=0 K3B=0 K3A=0  shares=0%/0%/0%/0%
[phases] mono=358277.206659 chunks=128 sequence=228.658s read_wait=0.171s bind_upload=1.606s attention_resident=13.800s expert_read_prefetch=135.205s expert_demand_read=82.022s expert_plan=9.628s expert_hint=0.001s expert_submit=0.001s expert_kernel=75.670s source_fence=0.001s tail_head_sync=1.939s layer_other=0.214s expert_read_gross=125.576s plan_hint=9.428s plan_sched=0.197s attn_total=14.222s attn_encode=4.292s attn_wait=7.345s attn_drain=2.585s kernel_total=50.338s kernel_host=2.024s kernel_wait=6.055s kernel_drain=42.258s
[attn-split] single: calls=11439 total=9.585s encode=3.329s wait=3.671s drain=2.585s waits=19803 untimed=3326 | wide: calls=558 total=4.637s encode=0.963s wait=3.674s drain=0.000s waits=552 untimed=552 | hint: calls=11868 total=9.500s encode=0.028s wait=9.472s drain=0.000s waits=11925 untimed=11925
[kernel-split] single: calls=12123 total=43.505s encode=1.190s wait=0.664s drain=41.650s waits=12951 untimed=10166 | wide: calls=1090 total=6.833s encode=0.834s wait=5.391s drain=0.608s waits=1090 untimed=0
[kernel-sub] materialize=0.405s moe=7.261s precommit=41.743s rest=0.928s
[metal-cache] calls=17222 zero_copy_wraps=265 copies=0 cache_entries=144 bindless=true
,
[stats] generated=133 elapsed=233.758s speed=0.5690 token/s (1.758 s/token) chunks=129 committed_rows=170 verify_tx=5 drafts=4/10 layer_passes=11997 expert_rows=16008 expert_tiles=12341
[verify-width] w1=0 w2=5 w3=0 w4=0 w5=0 w6=0 w7=0 w8+=0              (w1 share 0.0% of 5 transactions)
[opens] expert file opens=514246 total=6.816s mean=0.013ms requested_bytes=5167826533568 (5167.8 GB)
[arrival] tiles=777 waves=1654 uncovered_wait=26.068s dispatch=6.179s
[retain] enabled=false cap_gb=8 layers=63..=92 consults=0 wanted=0 hits=0 inserts=0 served=0.0MB
[summer] enabled=false cap_gb=8 sample=16 consults=0 wanted=0 hits=0 hit_rate=0.0% misses=0 inserts=0 evictions=0 recycled=0 allocs=0 pin_skips=0 gated=0 ramp=2..50 bar=0 suppressed=0 wide_skips=0 served=0.0MB copied=0.0MB ssd_avoided=0.0GB live=0/0.0GB model=0 protected=0 declined=0 topup_suppressed=0 aged=0 into=0/0/0 pending=0
[mirror-split] internal=0 K3C=0 K3B=0 K3A=0  shares=0%/0%/0%/0%
[phases] mono=358278.765315 chunks=129 sequence=230.215s read_wait=0.171s bind_upload=1.606s attention_resident=13.871s expert_read_prefetch=136.314s expert_demand_read=82.695s expert_plan=9.699s expert_hint=0.001s expert_submit=0.001s expert_kernel=76.034s source_fence=0.001s tail_head_sync=1.952s layer_other=0.216s expert_read_gross=126.614s plan_hint=9.498s plan_sched=0.198s attn_total=14.293s attn_encode=4.313s attn_wait=7.374s attn_drain=2.606s kernel_total=50.690s kernel_host=2.033s kernel_wait=6.060s kernel_drain=42.597s
[attn-split] single: calls=11532 total=9.656s encode=3.350s wait=3.700s drain=2.606s waits=19964 untimed=3351 | wide: calls=558 total=4.637s encode=0.963s wait=3.674s drain=0.000s waits=552 untimed=552 | hint: calls=11960 total=9.570s encode=0.029s wait=9.541s drain=0.000s waits=12016 untimed=12016
[kernel-split] single: calls=12220 total=43.857s encode=1.199s wait=0.669s drain=41.989s waits=13054 untimed=10249 | wide: calls=1090 total=6.833s encode=0.834s wait=5.391s drain=0.608s waits=1090 untimed=0
[kernel-sub] materialize=0.405s moe=7.269s precommit=42.084s rest=0.932s
[metal-cache] calls=17319 zero_copy_wraps=265 copies=0 cache_entries=144 bindless=true
 a
[stats] generated=134 elapsed=235.291s speed=0.5695 token/s (1.756 s/token) chunks=130 committed_rows=171 verify_tx=5 drafts=4/10 layer_passes=12090 expert_rows=16100 expert_tiles=12433
[verify-width] w1=0 w2=5 w3=0 w4=0 w5=0 w6=0 w7=0 w8+=0              (w1 share 0.0% of 5 transactions)
[opens] expert file opens=518187 total=6.866s mean=0.013ms requested_bytes=5202385910976 (5202.4 GB)
[arrival] tiles=778 waves=1661 uncovered_wait=26.077s dispatch=6.190s
[retain] enabled=false cap_gb=8 layers=63..=92 consults=0 wanted=0 hits=0 inserts=0 served=0.0MB
[summer] enabled=false cap_gb=8 sample=16 consults=0 wanted=0 hits=0 hit_rate=0.0% misses=0 inserts=0 evictions=0 recycled=0 allocs=0 pin_skips=0 gated=0 ramp=2..50 bar=0 suppressed=0 wide_skips=0 served=0.0MB copied=0.0MB ssd_avoided=0.0GB live=0/0.0GB model=0 protected=0 declined=0 topup_suppressed=0 aged=0 into=0/0/0 pending=0
[mirror-split] internal=0 K3C=0 K3B=0 K3A=0  shares=0%/0%/0%/0%
[phases] mono=358280.297918 chunks=130 sequence=231.746s read_wait=0.171s bind_upload=1.606s attention_resident=13.957s expert_read_prefetch=137.371s expert_demand_read=83.318s expert_plan=9.774s expert_hint=0.001s expert_submit=0.001s expert_kernel=76.404s source_fence=0.001s tail_head_sync=1.969s layer_other=0.217s expert_read_gross=127.597s plan_hint=9.571s plan_sched=0.199s attn_total=14.379s attn_encode=4.349s attn_wait=7.401s attn_drain=2.629s kernel_total=51.052s kernel_host=2.043s kernel_wait=6.067s kernel_drain=42.942s
[attn-split] single: calls=11625 total=9.742s encode=3.386s wait=3.727s drain=2.629s waits=20125 untimed=3379 | wide: calls=558 total=4.637s encode=0.963s wait=3.674s drain=0.000s waits=552 untimed=552 | hint: calls=12052 total=9.643s encode=0.029s wait=9.615s drain=0.000s waits=12107 untimed=12107
[kernel-split] single: calls=12318 total=44.218s encode=1.208s wait=0.676s drain=42.334s waits=13159 untimed=10332 | wide: calls=1090 total=6.833s encode=0.834s wait=5.391s drain=0.608s waits=1090 untimed=0
[kernel-sub] materialize=0.405s moe=7.280s precommit=42.430s rest=0.937s
[metal-cache] calls=17417 zero_copy_wraps=265 copies=0 cache_entries=144 bindless=true
[route-chain] chained=8280
[route-chain] dedup_hits=8280
 window
[stats] generated=135 elapsed=236.873s speed=0.5699 token/s (1.755 s/token) chunks=131 committed_rows=172 verify_tx=5 drafts=4/10 layer_passes=12183 expert_rows=16192 expert_tiles=12525
[verify-width] w1=0 w2=5 w3=0 w4=0 w5=0 w6=0 w7=0 w8+=0              (w1 share 0.0% of 5 transactions)
[opens] expert file opens=522167 total=6.920s mean=0.013ms requested_bytes=5237313780928 (5237.3 GB)
[arrival] tiles=779 waves=1667 uncovered_wait=26.088s dispatch=6.197s
[retain] enabled=false cap_gb=8 layers=63..=92 consults=0 wanted=0 hits=0 inserts=0 served=0.0MB
[summer] enabled=false cap_gb=8 sample=16 consults=0 wanted=0 hits=0 hit_rate=0.0% misses=0 inserts=0 evictions=0 recycled=0 allocs=0 pin_skips=0 gated=0 ramp=2..50 bar=0 suppressed=0 wide_skips=0 served=0.0MB copied=0.0MB ssd_avoided=0.0GB live=0/0.0GB model=0 protected=0 declined=0 topup_suppressed=0 aged=0 into=0/0/0 pending=0
[mirror-split] internal=0 K3C=0 K3B=0 K3A=0  shares=0%/0%/0%/0%
[phases] mono=358281.880401 chunks=131 sequence=233.328s read_wait=0.171s bind_upload=1.606s attention_resident=14.026s expert_read_prefetch=138.499s expert_demand_read=83.970s expert_plan=9.847s expert_hint=0.001s expert_submit=0.001s expert_kernel=76.772s source_fence=0.001s tail_head_sync=1.984s layer_other=0.219s expert_read_gross=128.652s plan_hint=9.644s plan_sched=0.200s attn_total=14.447s attn_encode=4.370s attn_wait=7.424s attn_drain=2.653s kernel_total=51.408s kernel_host=2.052s kernel_wait=6.071s kernel_drain=43.285s
[attn-split] single: calls=11718 total=9.810s encode=3.407s wait=3.750s drain=2.653s waits=20286 untimed=3399 | wide: calls=558 total=4.637s encode=0.963s wait=3.674s drain=0.000s waits=552 untimed=552 | hint: calls=12144 total=9.716s encode=0.029s wait=9.687s drain=0.000s waits=12198 untimed=12198
[kernel-split] single: calls=12415 total=44.574s encode=1.217s wait=0.680s drain=42.677s waits=13262 untimed=10414 | wide: calls=1090 total=6.833s encode=0.834s wait=5.391s drain=0.608s waits=1090 untimed=0
[kernel-sub] materialize=0.405s moe=7.286s precommit=42.775s rest=0.942s
[metal-cache] calls=17514 zero_copy_wraps=265 copies=0 cache_entries=144 bindless=true
 created
[stats] generated=136 elapsed=238.368s speed=0.5705 token/s (1.753 s/token) chunks=132 committed_rows=173 verify_tx=5 drafts=4/10 layer_passes=12276 expert_rows=16284 expert_tiles=12617
[verify-width] w1=0 w2=5 w3=0 w4=0 w5=0 w6=0 w7=0 w8+=0              (w1 share 0.0% of 5 transactions)
[opens] expert file opens=526040 total=6.971s mean=0.013ms requested_bytes=5271311645888 (5271.3 GB)
[arrival] tiles=780 waves=1673 uncovered_wait=26.097s dispatch=6.205s
[retain] enabled=false cap_gb=8 layers=63..=92 consults=0 wanted=0 hits=0 inserts=0 served=0.0MB
[summer] enabled=false cap_gb=8 sample=16 consults=0 wanted=0 hits=0 hit_rate=0.0% misses=0 inserts=0 evictions=0 recycled=0 allocs=0 pin_skips=0 gated=0 ramp=2..50 bar=0 suppressed=0 wide_skips=0 served=0.0MB copied=0.0MB ssd_avoided=0.0GB live=0/0.0GB model=0 protected=0 declined=0 topup_suppressed=0 aged=0 into=0/0/0 pending=0
[mirror-split] internal=0 K3C=0 K3B=0 K3A=0  shares=0%/0%/0%/0%
[phases] mono=358283.374838 chunks=132 sequence=234.821s read_wait=0.171s bind_upload=1.606s attention_resident=14.101s expert_read_prefetch=139.570s expert_demand_read=84.589s expert_plan=9.930s expert_hint=0.001s expert_submit=0.001s expert_kernel=77.106s source_fence=0.001s tail_head_sync=1.995s layer_other=0.220s expert_read_gross=129.640s plan_hint=9.726s plan_sched=0.201s attn_total=14.522s attn_encode=4.391s attn_wait=7.445s attn_drain=2.686s kernel_total=51.733s kernel_host=2.061s kernel_wait=6.076s kernel_drain=43.597s
[attn-split] single: calls=11811 total=9.885s encode=3.428s wait=3.771s drain=2.686s waits=20447 untimed=3417 | wide: calls=558 total=4.637s encode=0.963s wait=3.674s drain=0.000s waits=552 untimed=552 | hint: calls=12236 total=9.798s encode=0.029s wait=9.768s drain=0.000s waits=12289 untimed=12289
[kernel-split] single: calls=12512 total=44.900s encode=1.227s wait=0.685s drain=42.989s waits=13365 untimed=10503 | wide: calls=1090 total=6.833s encode=0.834s wait=5.391s drain=0.608s waits=1090 untimed=0
[kernel-sub] materialize=0.405s moe=7.294s precommit=43.088s rest=0.946s
[metal-cache] calls=17611 zero_copy_wraps=265 copies=0 cache_entries=144 bindless=true
 by
[stats] generated=137 elapsed=239.904s speed=0.5711 token/s (1.751 s/token) chunks=133 committed_rows=174 verify_tx=5 drafts=4/10 layer_passes=12369 expert_rows=16376 expert_tiles=12709
[verify-width] w1=0 w2=5 w3=0 w4=0 w5=0 w6=0 w7=0 w8+=0              (w1 share 0.0% of 5 transactions)
[opens] expert file opens=529901 total=7.025s mean=0.013ms requested_bytes=5305169165504 (5305.2 GB)
[arrival] tiles=781 waves=1680 uncovered_wait=26.104s dispatch=6.218s
[retain] enabled=false cap_gb=8 layers=63..=92 consults=0 wanted=0 hits=0 inserts=0 served=0.0MB
[summer] enabled=false cap_gb=8 sample=16 consults=0 wanted=0 hits=0 hit_rate=0.0% misses=0 inserts=0 evictions=0 recycled=0 allocs=0 pin_skips=0 gated=0 ramp=2..50 bar=0 suppressed=0 wide_skips=0 served=0.0MB copied=0.0MB ssd_avoided=0.0GB live=0/0.0GB model=0 protected=0 declined=0 topup_suppressed=0 aged=0 into=0/0/0 pending=0
[mirror-split] internal=0 K3C=0 K3B=0 K3A=0  shares=0%/0%/0%/0%
[phases] mono=358284.911408 chunks=133 sequence=236.357s read_wait=0.171s bind_upload=1.606s attention_resident=14.177s expert_read_prefetch=140.669s expert_demand_read=85.214s expert_plan=10.010s expert_hint=0.001s expert_submit=0.001s expert_kernel=77.453s source_fence=0.001s tail_head_sync=2.008s layer_other=0.221s expert_read_gross=130.658s plan_hint=9.805s plan_sched=0.202s attn_total=14.598s attn_encode=4.418s attn_wait=7.468s attn_drain=2.711s kernel_total=52.072s kernel_host=2.071s kernel_wait=6.083s kernel_drain=43.919s
[attn-split] single: calls=11904 total=9.961s encode=3.456s wait=3.794s drain=2.711s waits=20608 untimed=3440 | wide: calls=558 total=4.637s encode=0.963s wait=3.674s drain=0.000s waits=552 untimed=552 | hint: calls=12328 total=9.877s encode=0.029s wait=9.847s drain=0.000s waits=12380 untimed=12380
[kernel-split] single: calls=12610 total=45.239s encode=1.237s wait=0.692s drain=43.311s waits=13470 untimed=10581 | wide: calls=1090 total=6.833s encode=0.834s wait=5.391s drain=0.608s waits=1090 untimed=0
[kernel-sub] materialize=0.405s moe=7.307s precommit=43.411s rest=0.950s
[metal-cache] calls=17709 zero_copy_wraps=265 copies=0 cache_entries=144 bindless=true
 E
[stats] generated=138 elapsed=241.449s speed=0.5715 token/s (1.750 s/token) chunks=134 committed_rows=175 verify_tx=5 drafts=4/10 layer_passes=12462 expert_rows=16468 expert_tiles=12801
[verify-width] w1=0 w2=5 w3=0 w4=0 w5=0 w6=0 w7=0 w8+=0              (w1 share 0.0% of 5 transactions)
[opens] expert file opens=533868 total=7.080s mean=0.013ms requested_bytes=5339904064704 (5339.9 GB)
[arrival] tiles=782 waves=1688 uncovered_wait=26.113s dispatch=6.225s
[retain] enabled=false cap_gb=8 layers=63..=92 consults=0 wanted=0 hits=0 inserts=0 served=0.0MB
[summer] enabled=false cap_gb=8 sample=16 consults=0 wanted=0 hits=0 hit_rate=0.0% misses=0 inserts=0 evictions=0 recycled=0 allocs=0 pin_skips=0 gated=0 ramp=2..50 bar=0 suppressed=0 wide_skips=0 served=0.0MB copied=0.0MB ssd_avoided=0.0GB live=0/0.0GB model=0 protected=0 declined=0 topup_suppressed=0 aged=0 into=0/0/0 pending=0
[mirror-split] internal=0 K3C=0 K3B=0 K3A=0  shares=0%/0%/0%/0%
[phases] mono=358286.455936 chunks=134 sequence=237.900s read_wait=0.171s bind_upload=1.606s attention_resident=14.264s expert_read_prefetch=141.713s expert_demand_read=85.849s expert_plan=10.082s expert_hint=0.001s expert_submit=0.001s expert_kernel=77.846s source_fence=0.001s tail_head_sync=2.026s layer_other=0.223s expert_read_gross=131.630s plan_hint=9.876s plan_sched=0.203s attn_total=14.684s attn_encode=4.455s attn_wait=7.503s attn_drain=2.726s kernel_total=52.457s kernel_host=2.080s kernel_wait=6.088s kernel_drain=44.289s
[attn-split] single: calls=11997 total=10.048s encode=3.492s wait=3.829s drain=2.726s waits=20769 untimed=3465 | wide: calls=558 total=4.637s encode=0.963s wait=3.674s drain=0.000s waits=552 untimed=552 | hint: calls=12420 total=9.948s encode=0.030s wait=9.918s drain=0.000s waits=12471 untimed=12471
[kernel-split] single: calls=12709 total=45.623s encode=1.246s wait=0.697s drain=43.681s waits=13577 untimed=10672 | wide: calls=1090 total=6.833s encode=0.834s wait=5.391s drain=0.608s waits=1090 untimed=0
[kernel-sub] materialize=0.405s moe=7.315s precommit=43.782s rest=0.955s
[metal-cache] calls=17808 zero_copy_wraps=265 copies=0 cache_entries=144 bindless=true
len
[stats] generated=139 elapsed=242.934s speed=0.5722 token/s (1.748 s/token) chunks=135 committed_rows=176 verify_tx=5 drafts=4/10 layer_passes=12555 expert_rows=16560 expert_tiles=12893
[verify-width] w1=0 w2=5 w3=0 w4=0 w5=0 w6=0 w7=0 w8+=0              (w1 share 0.0% of 5 transactions)
[opens] expert file opens=537774 total=7.132s mean=0.013ms requested_bytes=5374165171392 (5374.2 GB)
[arrival] tiles=783 waves=1695 uncovered_wait=26.122s dispatch=6.234s
[retain] enabled=false cap_gb=8 layers=63..=92 consults=0 wanted=0 hits=0 inserts=0 served=0.0MB
[summer] enabled=false cap_gb=8 sample=16 consults=0 wanted=0 hits=0 hit_rate=0.0% misses=0 inserts=0 evictions=0 recycled=0 allocs=0 pin_skips=0 gated=0 ramp=2..50 bar=0 suppressed=0 wide_skips=0 served=0.0MB copied=0.0MB ssd_avoided=0.0GB live=0/0.0GB model=0 protected=0 declined=0 topup_suppressed=0 aged=0 into=0/0/0 pending=0
[mirror-split] internal=0 K3C=0 K3B=0 K3A=0  shares=0%/0%/0%/0%
[phases] mono=358287.940903 chunks=135 sequence=239.384s read_wait=0.171s bind_upload=1.606s attention_resident=14.335s expert_read_prefetch=142.761s expert_demand_read=86.462s expert_plan=10.151s expert_hint=0.001s expert_submit=0.001s expert_kernel=78.192s source_fence=0.001s tail_head_sync=2.042s layer_other=0.224s expert_read_gross=132.610s plan_hint=9.944s plan_sched=0.204s attn_total=14.756s attn_encode=4.475s attn_wait=7.528s attn_drain=2.752s kernel_total=52.793s kernel_host=2.089s kernel_wait=6.093s kernel_drain=44.611s
[attn-split] single: calls=12090 total=10.119s encode=3.512s wait=3.854s drain=2.752s waits=20930 untimed=3489 | wide: calls=558 total=4.637s encode=0.963s wait=3.674s drain=0.000s waits=552 untimed=552 | hint: calls=12512 total=10.016s encode=0.030s wait=9.986s drain=0.000s waits=12562 untimed=12562
[kernel-split] single: calls=12807 total=45.960s encode=1.255s wait=0.702s drain=44.003s waits=13682 untimed=10760 | wide: calls=1090 total=6.833s encode=0.834s wait=5.391s drain=0.608s waits=1090 untimed=0
[kernel-sub] materialize=0.405s moe=7.323s precommit=44.106s rest=0.959s
[metal-cache] calls=17906 zero_copy_wraps=265 copies=0 cache_entries=144 bindless=true
a's
[stats] generated=140 elapsed=244.458s speed=0.5727 token/s (1.746 s/token) chunks=136 committed_rows=177 verify_tx=5 drafts=4/10 layer_passes=12648 expert_rows=16652 expert_tiles=12985
[verify-width] w1=0 w2=5 w3=0 w4=0 w5=0 w6=0 w7=0 w8+=0              (w1 share 0.0% of 5 transactions)
[opens] expert file opens=541663 total=7.181s mean=0.013ms requested_bytes=5408268319936 (5408.3 GB)
[arrival] tiles=784 waves=1700 uncovered_wait=26.132s dispatch=6.241s
[retain] enabled=false cap_gb=8 layers=63..=92 consults=0 wanted=0 hits=0 inserts=0 served=0.0MB
[summer] enabled=false cap_gb=8 sample=16 consults=0 wanted=0 hits=0 hit_rate=0.0% misses=0 inserts=0 evictions=0 recycled=0 allocs=0 pin_skips=0 gated=0 ramp=2..50 bar=0 suppressed=0 wide_skips=0 served=0.0MB copied=0.0MB ssd_avoided=0.0GB live=0/0.0GB model=0 protected=0 declined=0 topup_suppressed=0 aged=0 into=0/0/0 pending=0
[mirror-split] internal=0 K3C=0 K3B=0 K3A=0  shares=0%/0%/0%/0%
[phases] mono=358289.464936 chunks=136 sequence=240.906s read_wait=0.171s bind_upload=1.606s attention_resident=14.407s expert_read_prefetch=143.853s expert_demand_read=87.131s expert_plan=10.221s expert_hint=0.001s expert_submit=0.001s expert_kernel=78.535s source_fence=0.001s tail_head_sync=2.057s layer_other=0.225s expert_read_gross=133.631s plan_hint=10.013s plan_sched=0.205s attn_total=14.828s attn_encode=4.495s attn_wait=7.561s attn_drain=2.772s kernel_total=53.126s kernel_host=2.097s kernel_wait=6.098s kernel_drain=44.931s
[attn-split] single: calls=12183 total=10.191s encode=3.533s wait=3.887s drain=2.772s waits=21091 untimed=3508 | wide: calls=558 total=4.637s encode=0.963s wait=3.674s drain=0.000s waits=552 untimed=552 | hint: calls=12604 total=10.085s encode=0.030s wait=10.055s drain=0.000s waits=12653 untimed=12653
[kernel-split] single: calls=12903 total=46.292s encode=1.263s wait=0.707s drain=44.323s waits=13783 untimed=10832 | wide: calls=1090 total=6.833s encode=0.834s wait=5.391s drain=0.608s waits=1090 untimed=0
[kernel-sub] materialize=0.405s moe=7.330s precommit=44.427s rest=0.963s
[metal-cache] calls=18002 zero_copy_wraps=265 copies=0 cache_entries=144 bindless=true
 inside
[stats] generated=141 elapsed=245.998s speed=0.5732 token/s (1.745 s/token) chunks=137 committed_rows=178 verify_tx=5 drafts=4/10 layer_passes=12741 expert_rows=16744 expert_tiles=13077
[verify-width] w1=0 w2=5 w3=0 w4=0 w5=0 w6=0 w7=0 w8+=0              (w1 share 0.0% of 5 transactions)
[opens] expert file opens=545713 total=7.233s mean=0.013ms requested_bytes=5443827875008 (5443.8 GB)
[arrival] tiles=785 waves=1706 uncovered_wait=26.141s dispatch=6.250s
[retain] enabled=false cap_gb=8 layers=63..=92 consults=0 wanted=0 hits=0 inserts=0 served=0.0MB
[summer] enabled=false cap_gb=8 sample=16 consults=0 wanted=0 hits=0 hit_rate=0.0% misses=0 inserts=0 evictions=0 recycled=0 allocs=0 pin_skips=0 gated=0 ramp=2..50 bar=0 suppressed=0 wide_skips=0 served=0.0MB copied=0.0MB ssd_avoided=0.0GB live=0/0.0GB model=0 protected=0 declined=0 topup_suppressed=0 aged=0 into=0/0/0 pending=0
[mirror-split] internal=0 K3C=0 K3B=0 K3A=0  shares=0%/0%/0%/0%
[phases] mono=358291.004638 chunks=137 sequence=242.445s read_wait=0.171s bind_upload=1.606s attention_resident=14.478s expert_read_prefetch=144.963s expert_demand_read=87.790s expert_plan=10.287s expert_hint=0.001s expert_submit=0.001s expert_kernel=78.876s source_fence=0.001s tail_head_sync=2.073s layer_other=0.226s expert_read_gross=134.675s plan_hint=10.078s plan_sched=0.206s attn_total=14.898s attn_encode=4.518s attn_wait=7.589s attn_drain=2.791s kernel_total=53.458s kernel_host=2.106s kernel_wait=6.102s kernel_drain=45.250s
[attn-split] single: calls=12276 total=10.261s encode=3.556s wait=3.915s drain=2.791s waits=21252 untimed=3532 | wide: calls=558 total=4.637s encode=0.963s wait=3.674s drain=0.000s waits=552 untimed=552 | hint: calls=12696 total=10.150s encode=0.030s wait=10.119s drain=0.000s waits=12744 untimed=12744
[kernel-split] single: calls=13000 total=46.625s encode=1.272s wait=0.711s drain=44.642s waits=13886 untimed=10914 | wide: calls=1090 total=6.833s encode=0.834s wait=5.391s drain=0.608s waits=1090 untimed=0
[kernel-sub] materialize=0.405s moe=7.339s precommit=44.747s rest=0.967s
[metal-cache] calls=18099 zero_copy_wraps=265 copies=0 cache_entries=144 bindless=true
 man
[stats] generated=142 elapsed=247.567s speed=0.5736 token/s (1.743 s/token) chunks=138 committed_rows=179 verify_tx=5 drafts=4/10 layer_passes=12834 expert_rows=16836 expert_tiles=13169
[verify-width] w1=0 w2=5 w3=0 w4=0 w5=0 w6=0 w7=0 w8+=0              (w1 share 0.0% of 5 transactions)
[opens] expert file opens=549694 total=7.290s mean=0.013ms requested_bytes=5478755777728 (5478.8 GB)
[arrival] tiles=786 waves=1712 uncovered_wait=26.152s dispatch=6.259s
[retain] enabled=false cap_gb=8 layers=63..=92 consults=0 wanted=0 hits=0 inserts=0 served=0.0MB
[summer] enabled=false cap_gb=8 sample=16 consults=0 wanted=0 hits=0 hit_rate=0.0% misses=0 inserts=0 evictions=0 recycled=0 allocs=0 pin_skips=0 gated=0 ramp=2..50 bar=0 suppressed=0 wide_skips=0 served=0.0MB copied=0.0MB ssd_avoided=0.0GB live=0/0.0GB model=0 protected=0 declined=0 topup_suppressed=0 aged=0 into=0/0/0 pending=0
[mirror-split] internal=0 K3C=0 K3B=0 K3A=0  shares=0%/0%/0%/0%
[phases] mono=358292.574100 chunks=138 sequence=244.013s read_wait=0.171s bind_upload=1.606s attention_resident=14.563s expert_read_prefetch=146.054s expert_demand_read=88.472s expert_plan=10.363s expert_hint=0.001s expert_submit=0.001s expert_kernel=79.253s source_fence=0.001s tail_head_sync=2.086s layer_other=0.228s expert_read_gross=135.691s plan_hint=10.153s plan_sched=0.207s attn_total=14.983s attn_encode=4.554s attn_wait=7.621s attn_drain=2.808s kernel_total=53.824s kernel_host=2.116s kernel_wait=6.108s kernel_drain=45.600s
[attn-split] single: calls=12369 total=10.346s encode=3.591s wait=3.947s drain=2.808s waits=21413 untimed=3558 | wide: calls=558 total=4.637s encode=0.963s wait=3.674s drain=0.000s waits=552 untimed=552 | hint: calls=12788 total=10.224s encode=0.030s wait=10.194s drain=0.000s waits=12835 untimed=12835
[kernel-split] single: calls=13097 total=46.990s encode=1.281s wait=0.717s drain=44.992s waits=13989 untimed=10995 | wide: calls=1090 total=6.833s encode=0.834s wait=5.391s drain=0.608s waits=1090 untimed=0
[kernel-sub] materialize=0.405s moe=7.347s precommit=45.099s rest=0.972s
[metal-cache] calls=18196 zero_copy_wraps=265 copies=0 cache_entries=144 bindless=true
 who
[stats] generated=143 elapsed=249.080s speed=0.5741 token/s (1.742 s/token) chunks=139 committed_rows=180 verify_tx=5 drafts=4/10 layer_passes=12927 expert_rows=16928 expert_tiles=13261
[verify-width] w1=0 w2=5 w3=0 w4=0 w5=0 w6=0 w7=0 w8+=0              (w1 share 0.0% of 5 transactions)
[opens] expert file opens=553536 total=7.339s mean=0.013ms requested_bytes=5512420277440 (5512.4 GB)
[arrival] tiles=787 waves=1718 uncovered_wait=26.163s dispatch=6.265s
[retain] enabled=false cap_gb=8 layers=63..=92 consults=0 wanted=0 hits=0 inserts=0 served=0.0MB
[summer] enabled=false cap_gb=8 sample=16 consults=0 wanted=0 hits=0 hit_rate=0.0% misses=0 inserts=0 evictions=0 recycled=0 allocs=0 pin_skips=0 gated=0 ramp=2..50 bar=0 suppressed=0 wide_skips=0 served=0.0MB copied=0.0MB ssd_avoided=0.0GB live=0/0.0GB model=0 protected=0 declined=0 topup_suppressed=0 aged=0 into=0/0/0 pending=0
[mirror-split] internal=0 K3C=0 K3B=0 K3A=0  shares=0%/0%/0%/0%
[phases] mono=358294.086900 chunks=139 sequence=245.525s read_wait=0.171s bind_upload=1.606s attention_resident=14.630s expert_read_prefetch=147.145s expert_demand_read=89.082s expert_plan=10.437s expert_hint=0.001s expert_submit=0.001s expert_kernel=79.591s source_fence=0.001s tail_head_sync=2.099s layer_other=0.229s expert_read_gross=136.707s plan_hint=10.226s plan_sched=0.208s attn_total=15.050s attn_encode=4.574s attn_wait=7.646s attn_drain=2.830s kernel_total=54.151s kernel_host=2.124s kernel_wait=6.111s kernel_drain=45.915s
[attn-split] single: calls=12462 total=10.414s encode=3.611s wait=3.972s drain=2.830s waits=21574 untimed=3580 | wide: calls=558 total=4.637s encode=0.963s wait=3.674s drain=0.000s waits=552 untimed=552 | hint: calls=12880 total=10.297s encode=0.031s wait=10.266s drain=0.000s waits=12926 untimed=12926
[kernel-split] single: calls=13194 total=47.318s encode=1.290s wait=0.720s drain=45.307s waits=14092 untimed=11078 | wide: calls=1090 total=6.833s encode=0.834s wait=5.391s drain=0.608s waits=1090 untimed=0
[kernel-sub] materialize=0.405s moe=7.354s precommit=45.416s rest=0.976s
[metal-cache] calls=18293 zero_copy_wraps=265 copies=0 cache_entries=144 bindless=true
 has
[stats] generated=144 elapsed=250.697s speed=0.5744 token/s (1.741 s/token) chunks=140 committed_rows=181 verify_tx=5 drafts=4/10 layer_passes=13020 expert_rows=17020 expert_tiles=13353
[verify-width] w1=0 w2=5 w3=0 w4=0 w5=0 w6=0 w7=0 w8+=0              (w1 share 0.0% of 5 transactions)
[opens] expert file opens=557515 total=7.390s mean=0.013ms requested_bytes=5547295521984 (5547.3 GB)
[arrival] tiles=788 waves=1726 uncovered_wait=26.172s dispatch=6.273s
[retain] enabled=false cap_gb=8 layers=63..=92 consults=0 wanted=0 hits=0 inserts=0 served=0.0MB
[summer] enabled=false cap_gb=8 sample=16 consults=0 wanted=0 hits=0 hit_rate=0.0% misses=0 inserts=0 evictions=0 recycled=0 allocs=0 pin_skips=0 gated=0 ramp=2..50 bar=0 suppressed=0 wide_skips=0 served=0.0MB copied=0.0MB ssd_avoided=0.0GB live=0/0.0GB model=0 protected=0 declined=0 topup_suppressed=0 aged=0 into=0/0/0 pending=0
[mirror-split] internal=0 K3C=0 K3B=0 K3A=0  shares=0%/0%/0%/0%
[phases] mono=358295.704340 chunks=140 sequence=247.141s read_wait=0.171s bind_upload=1.606s attention_resident=14.715s expert_read_prefetch=148.315s expert_demand_read=89.782s expert_plan=10.507s expert_hint=0.001s expert_submit=0.001s expert_kernel=79.938s source_fence=0.001s tail_head_sync=2.113s layer_other=0.230s expert_read_gross=137.808s plan_hint=10.294s plan_sched=0.210s attn_total=15.135s attn_encode=4.598s attn_wait=7.686s attn_drain=2.850s kernel_total=54.488s kernel_host=2.133s kernel_wait=6.115s kernel_drain=46.240s
[attn-split] single: calls=12555 total=10.498s encode=3.635s wait=4.012s drain=2.850s waits=21735 untimed=3606 | wide: calls=558 total=4.637s encode=0.963s wait=3.674s drain=0.000s waits=552 untimed=552 | hint: calls=12972 total=10.366s encode=0.031s wait=10.335s drain=0.000s waits=13017 untimed=13017
[kernel-split] single: calls=13293 total=47.655s encode=1.299s wait=0.724s drain=45.632s waits=14199 untimed=11160 | wide: calls=1090 total=6.833s encode=0.834s wait=5.391s drain=0.608s waits=1090 untimed=0
[kernel-sub] materialize=0.405s moe=7.361s precommit=45.742s rest=0.981s
[metal-cache] calls=18392 zero_copy_wraps=265 copies=0 cache_entries=144 bindless=true
[route-chain] chained=8970
[route-chain] dedup_hits=8970
 spent
[stats] generated=145 elapsed=252.285s speed=0.5747 token/s (1.740 s/token) chunks=141 committed_rows=182 verify_tx=5 drafts=4/10 layer_passes=13113 expert_rows=17112 expert_tiles=13445
[verify-width] w1=0 w2=5 w3=0 w4=0 w5=0 w6=0 w7=0 w8+=0              (w1 share 0.0% of 5 transactions)
[opens] expert file opens=561480 total=7.442s mean=0.013ms requested_bytes=5582065466560 (5582.1 GB)
[arrival] tiles=789 waves=1733 uncovered_wait=26.182s dispatch=6.281s
[retain] enabled=false cap_gb=8 layers=63..=92 consults=0 wanted=0 hits=0 inserts=0 served=0.0MB
[summer] enabled=false cap_gb=8 sample=16 consults=0 wanted=0 hits=0 hit_rate=0.0% misses=0 inserts=0 evictions=0 recycled=0 allocs=0 pin_skips=0 gated=0 ramp=2..50 bar=0 suppressed=0 wide_skips=0 served=0.0MB copied=0.0MB ssd_avoided=0.0GB live=0/0.0GB model=0 protected=0 declined=0 topup_suppressed=0 aged=0 into=0/0/0 pending=0
[mirror-split] internal=0 K3C=0 K3B=0 K3A=0  shares=0%/0%/0%/0%
[phases] mono=358297.291818 chunks=141 sequence=248.727s read_wait=0.171s bind_upload=1.606s attention_resident=14.791s expert_read_prefetch=149.445s expert_demand_read=90.448s expert_plan=10.579s expert_hint=0.001s expert_submit=0.001s expert_kernel=80.304s source_fence=0.001s tail_head_sync=2.126s layer_other=0.232s expert_read_gross=138.865s plan_hint=10.365s plan_sched=0.211s attn_total=15.210s attn_encode=4.621s attn_wait=7.712s attn_drain=2.877s kernel_total=54.844s kernel_host=2.143s kernel_wait=6.120s kernel_drain=46.581s
[attn-split] single: calls=12648 total=10.574s encode=3.658s wait=4.038s drain=2.877s waits=21896 untimed=3629 | wide: calls=558 total=4.637s encode=0.963s wait=3.674s drain=0.000s waits=552 untimed=552 | hint: calls=13064 total=10.437s encode=0.031s wait=10.406s drain=0.000s waits=13108 untimed=13108
[kernel-split] single: calls=13391 total=48.011s encode=1.309s wait=0.729s drain=45.973s waits=14304 untimed=11246 | wide: calls=1090 total=6.833s encode=0.834s wait=5.391s drain=0.608s waits=1090 untimed=0
[kernel-sub] materialize=0.405s moe=7.369s precommit=46.085s rest=0.986s
[metal-cache] calls=18490 zero_copy_wraps=265 copies=0 cache_entries=144 bindless=true
 six
[stats] generated=146 elapsed=253.832s speed=0.5752 token/s (1.739 s/token) chunks=142 committed_rows=183 verify_tx=5 drafts=4/10 layer_passes=13206 expert_rows=17204 expert_tiles=13537
[verify-width] w1=0 w2=5 w3=0 w4=0 w5=0 w6=0 w7=0 w8+=0              (w1 share 0.0% of 5 transactions)
[opens] expert file opens=565442 total=7.496s mean=0.013ms requested_bytes=5616817880256 (5616.8 GB)
[arrival] tiles=790 waves=1740 uncovered_wait=26.189s dispatch=6.290s
[retain] enabled=false cap_gb=8 layers=63..=92 consults=0 wanted=0 hits=0 inserts=0 served=0.0MB
[summer] enabled=false cap_gb=8 sample=16 consults=0 wanted=0 hits=0 hit_rate=0.0% misses=0 inserts=0 evictions=0 recycled=0 allocs=0 pin_skips=0 gated=0 ramp=2..50 bar=0 suppressed=0 wide_skips=0 served=0.0MB copied=0.0MB ssd_avoided=0.0GB live=0/0.0GB model=0 protected=0 declined=0 topup_suppressed=0 aged=0 into=0/0/0 pending=0
[mirror-split] internal=0 K3C=0 K3B=0 K3A=0  shares=0%/0%/0%/0%
[phases] mono=358298.838521 chunks=142 sequence=250.273s read_wait=0.171s bind_upload=1.606s attention_resident=14.874s expert_read_prefetch=150.543s expert_demand_read=91.072s expert_plan=10.653s expert_hint=0.001s expert_submit=0.001s expert_kernel=80.649s source_fence=0.001s tail_head_sync=2.143s layer_other=0.233s expert_read_gross=139.889s plan_hint=10.438s plan_sched=0.212s attn_total=15.293s attn_encode=4.659s attn_wait=7.737s attn_drain=2.898s kernel_total=55.182s kernel_host=2.152s kernel_wait=6.125s kernel_drain=46.905s
[attn-split] single: calls=12741 total=10.657s encode=3.696s wait=4.063s drain=2.898s waits=22057 untimed=3653 | wide: calls=558 total=4.637s encode=0.963s wait=3.674s drain=0.000s waits=552 untimed=552 | hint: calls=13156 total=10.510s encode=0.031s wait=10.478s drain=0.000s waits=13199 untimed=13199
[kernel-split] single: calls=13489 total=48.349s encode=1.318s wait=0.734s drain=46.297s waits=14409 untimed=11328 | wide: calls=1090 total=6.833s encode=0.834s wait=5.391s drain=0.608s waits=1090 untimed=0
[kernel-sub] materialize=0.405s moe=7.378s precommit=46.409s rest=0.990s
[metal-cache] calls=18588 zero_copy_wraps=265 copies=0 cache_entries=144 bindless=true
 months
[stats] generated=147 elapsed=255.357s speed=0.5757 token/s (1.737 s/token) chunks=143 committed_rows=184 verify_tx=5 drafts=4/10 layer_passes=13299 expert_rows=17296 expert_tiles=13629
[verify-width] w1=0 w2=5 w3=0 w4=0 w5=0 w6=0 w7=0 w8+=0              (w1 share 0.0% of 5 transactions)
[opens] expert file opens=569321 total=7.546s mean=0.013ms requested_bytes=5650859621568 (5650.9 GB)
[arrival] tiles=791 waves=1748 uncovered_wait=26.198s dispatch=6.300s
[retain] enabled=false cap_gb=8 layers=63..=92 consults=0 wanted=0 hits=0 inserts=0 served=0.0MB
[summer] enabled=false cap_gb=8 sample=16 consults=0 wanted=0 hits=0 hit_rate=0.0% misses=0 inserts=0 evictions=0 recycled=0 allocs=0 pin_skips=0 gated=0 ramp=2..50 bar=0 suppressed=0 wide_skips=0 served=0.0MB copied=0.0MB ssd_avoided=0.0GB live=0/0.0GB model=0 protected=0 declined=0 topup_suppressed=0 aged=0 into=0/0/0 pending=0
[mirror-split] internal=0 K3C=0 K3B=0 K3A=0  shares=0%/0%/0%/0%
[phases] mono=358300.364316 chunks=143 sequence=251.797s read_wait=0.171s bind_upload=1.606s attention_resident=14.943s expert_read_prefetch=151.635s expert_demand_read=91.731s expert_plan=10.725s expert_hint=0.001s expert_submit=0.001s expert_kernel=80.995s source_fence=0.001s tail_head_sync=2.159s layer_other=0.235s expert_read_gross=140.910s plan_hint=10.509s plan_sched=0.213s attn_total=15.362s attn_encode=4.679s attn_wait=7.767s attn_drain=2.916s kernel_total=55.518s kernel_host=2.162s kernel_wait=6.130s kernel_drain=47.226s
[attn-split] single: calls=12834 total=10.726s encode=3.717s wait=4.093s drain=2.916s waits=22218 untimed=3682 | wide: calls=558 total=4.637s encode=0.963s wait=3.674s drain=0.000s waits=552 untimed=552 | hint: calls=13248 total=10.580s encode=0.032s wait=10.549s drain=0.000s waits=13290 untimed=13290
[kernel-split] single: calls=13588 total=48.685s encode=1.328s wait=0.739s drain=46.618s waits=14516 untimed=11415 | wide: calls=1090 total=6.833s encode=0.834s wait=5.391s drain=0.608s waits=1090 untimed=0
[kernel-sub] materialize=0.405s moe=7.388s precommit=46.731s rest=0.994s
[metal-cache] calls=18687 zero_copy_wraps=265 copies=0 cache_entries=144 bindless=true
 b
[stats] generated=148 elapsed=256.906s speed=0.5761 token/s (1.736 s/token) chunks=144 committed_rows=185 verify_tx=5 drafts=4/10 layer_passes=13392 expert_rows=17388 expert_tiles=13721
[verify-width] w1=0 w2=5 w3=0 w4=0 w5=0 w6=0 w7=0 w8+=0              (w1 share 0.0% of 5 transactions)
[opens] expert file opens=573195 total=7.598s mean=0.013ms requested_bytes=5684831190208 (5684.8 GB)
[arrival] tiles=792 waves=1753 uncovered_wait=26.207s dispatch=6.309s
[retain] enabled=false cap_gb=8 layers=63..=92 consults=0 wanted=0 hits=0 inserts=0 served=0.0MB
[summer] enabled=false cap_gb=8 sample=16 consults=0 wanted=0 hits=0 hit_rate=0.0% misses=0 inserts=0 evictions=0 recycled=0 allocs=0 pin_skips=0 gated=0 ramp=2..50 bar=0 suppressed=0 wide_skips=0 served=0.0MB copied=0.0MB ssd_avoided=0.0GB live=0/0.0GB model=0 protected=0 declined=0 topup_suppressed=0 aged=0 into=0/0/0 pending=0
[mirror-split] internal=0 K3C=0 K3B=0 K3A=0  shares=0%/0%/0%/0%
[phases] mono=358301.912666 chunks=144 sequence=253.344s read_wait=0.171s bind_upload=1.606s attention_resident=15.023s expert_read_prefetch=152.680s expert_demand_read=92.338s expert_plan=10.798s expert_hint=0.001s expert_submit=0.001s expert_kernel=81.398s source_fence=0.001s tail_head_sync=2.177s layer_other=0.236s expert_read_gross=141.881s plan_hint=10.581s plan_sched=0.214s attn_total=15.442s attn_encode=4.701s attn_wait=7.800s attn_drain=2.941s kernel_total=55.912s kernel_host=2.171s kernel_wait=6.135s kernel_drain=47.606s
[attn-split] single: calls=12927 total=10.805s encode=3.738s wait=4.126s drain=2.941s waits=22379 untimed=3708 | wide: calls=558 total=4.637s encode=0.963s wait=3.674s drain=0.000s waits=552 untimed=552 | hint: calls=13340 total=10.653s encode=0.032s wait=10.621s drain=0.000s waits=13381 untimed=13381
[kernel-split] single: calls=13684 total=49.079s encode=1.337s wait=0.744s drain=46.998s waits=14617 untimed=11496 | wide: calls=1090 total=6.833s encode=0.834s wait=5.391s drain=0.608s waits=1090 untimed=0
[kernel-sub] materialize=0.405s moe=7.397s precommit=47.111s rest=0.999s
[metal-cache] calls=18783 zero_copy_wraps=265 copies=0 cache_entries=144 bindless=true
ribing
[stats] generated=149 elapsed=258.456s speed=0.5765 token/s (1.735 s/token) chunks=145 committed_rows=186 verify_tx=5 drafts=4/10 layer_passes=13485 expert_rows=17480 expert_tiles=13813
[verify-width] w1=0 w2=5 w3=0 w4=0 w5=0 w6=0 w7=0 w8+=0              (w1 share 0.0% of 5 transactions)
[opens] expert file opens=577057 total=7.650s mean=0.013ms requested_bytes=5718679928000 (5718.7 GB)
[arrival] tiles=793 waves=1759 uncovered_wait=26.216s dispatch=6.317s
[retain] enabled=false cap_gb=8 layers=63..=92 consults=0 wanted=0 hits=0 inserts=0 served=0.0MB
[summer] enabled=false cap_gb=8 sample=16 consults=0 wanted=0 hits=0 hit_rate=0.0% misses=0 inserts=0 evictions=0 recycled=0 allocs=0 pin_skips=0 gated=0 ramp=2..50 bar=0 suppressed=0 wide_skips=0 served=0.0MB copied=0.0MB ssd_avoided=0.0GB live=0/0.0GB model=0 protected=0 declined=0 topup_suppressed=0 aged=0 into=0/0/0 pending=0
[mirror-split] internal=0 K3C=0 K3B=0 K3A=0  shares=0%/0%/0%/0%
[phases] mono=358303.462649 chunks=145 sequence=254.892s read_wait=0.171s bind_upload=1.606s attention_resident=15.101s expert_read_prefetch=153.772s expert_demand_read=92.991s expert_plan=10.876s expert_hint=0.001s expert_submit=0.001s expert_kernel=81.760s source_fence=0.001s tail_head_sync=2.191s layer_other=0.237s expert_read_gross=142.896s plan_hint=10.658s plan_sched=0.215s attn_total=15.520s attn_encode=4.727s attn_wait=7.836s attn_drain=2.957s kernel_total=56.265s kernel_host=2.180s kernel_wait=6.140s kernel_drain=47.946s
[attn-split] single: calls=13020 total=10.883s encode=3.764s wait=4.162s drain=2.957s waits=22540 untimed=3741 | wide: calls=558 total=4.637s encode=0.963s wait=3.674s drain=0.000s waits=552 untimed=552 | hint: calls=13432 total=10.730s encode=0.032s wait=10.698s drain=0.000s waits=13472 untimed=13472
[kernel-split] single: calls=13781 total=49.432s encode=1.345s wait=0.749s drain=47.338s waits=14720 untimed=11581 | wide: calls=1090 total=6.833s encode=0.834s wait=5.391s drain=0.608s waits=1090 untimed=0
[kernel-sub] materialize=0.405s moe=7.405s precommit=47.452s rest=1.003s
[metal-cache] calls=18880 zero_copy_wraps=265 copies=0 cache_entries=144 bindless=true
 the
[stats] generated=150 elapsed=259.949s speed=0.5770 token/s (1.733 s/token) chunks=146 committed_rows=187 verify_tx=5 drafts=4/10 layer_passes=13578 expert_rows=17572 expert_tiles=13905
[verify-width] w1=0 w2=5 w3=0 w4=0 w5=0 w6=0 w7=0 w8+=0              (w1 share 0.0% of 5 transactions)
[opens] expert file opens=580905 total=7.699s mean=0.013ms requested_bytes=5752432114880 (5752.4 GB)
[arrival] tiles=794 waves=1765 uncovered_wait=26.227s dispatch=6.327s
[retain] enabled=false cap_gb=8 layers=63..=92 consults=0 wanted=0 hits=0 inserts=0 served=0.0MB
[summer] enabled=false cap_gb=8 sample=16 consults=0 wanted=0 hits=0 hit_rate=0.0% misses=0 inserts=0 evictions=0 recycled=0 allocs=0 pin_skips=0 gated=0 ramp=2..50 bar=0 suppressed=0 wide_skips=0 served=0.0MB copied=0.0MB ssd_avoided=0.0GB live=0/0.0GB model=0 protected=0 declined=0 topup_suppressed=0 aged=0 into=0/0/0 pending=0
[mirror-split] internal=0 K3C=0 K3B=0 K3A=0  shares=0%/0%/0%/0%
[phases] mono=358304.956215 chunks=146 sequence=256.384s read_wait=0.171s bind_upload=1.606s attention_resident=15.193s expert_read_prefetch=154.809s expert_demand_read=93.594s expert_plan=10.949s expert_hint=0.001s expert_submit=0.001s expert_kernel=82.108s source_fence=0.001s tail_head_sync=2.204s layer_other=0.239s expert_read_gross=143.860s plan_hint=10.730s plan_sched=0.216s attn_total=15.612s attn_encode=4.767s attn_wait=7.857s attn_drain=2.988s kernel_total=56.602s kernel_host=2.189s kernel_wait=6.145s kernel_drain=48.268s
[attn-split] single: calls=13113 total=10.975s encode=3.804s wait=4.183s drain=2.988s waits=22701 untimed=3762 | wide: calls=558 total=4.637s encode=0.963s wait=3.674s drain=0.000s waits=552 untimed=552 | hint: calls=13524 total=10.801s encode=0.032s wait=10.769s drain=0.000s waits=13563 untimed=13563
[kernel-split] single: calls=13878 total=49.769s encode=1.354s wait=0.754s drain=47.661s waits=14823 untimed=11664 | wide: calls=1090 total=6.833s encode=0.834s wait=5.391s drain=0.608s waits=1090 untimed=0
[kernel-sub] materialize=0.405s moe=7.415s precommit=47.775s rest=1.008s
[metal-cache] calls=18977 zero_copy_wraps=265 copies=0 cache_entries=144 bindless=true
 maintenance
[stats] generated=151 elapsed=261.443s speed=0.5776 token/s (1.731 s/token) chunks=147 committed_rows=188 verify_tx=5 drafts=4/10 layer_passes=13671 expert_rows=17664 expert_tiles=13997
[verify-width] w1=0 w2=5 w3=0 w4=0 w5=0 w6=0 w7=0 w8+=0              (w1 share 0.0% of 5 transactions)
[opens] expert file opens=584812 total=7.750s mean=0.013ms requested_bytes=5786693188800 (5786.7 GB)
[arrival] tiles=795 waves=1772 uncovered_wait=26.238s dispatch=6.336s
[retain] enabled=false cap_gb=8 layers=63..=92 consults=0 wanted=0 hits=0 inserts=0 served=0.0MB
[summer] enabled=false cap_gb=8 sample=16 consults=0 wanted=0 hits=0 hit_rate=0.0% misses=0 inserts=0 evictions=0 recycled=0 allocs=0 pin_skips=0 gated=0 ramp=2..50 bar=0 suppressed=0 wide_skips=0 served=0.0MB copied=0.0MB ssd_avoided=0.0GB live=0/0.0GB model=0 protected=0 declined=0 topup_suppressed=0 aged=0 into=0/0/0 pending=0
[mirror-split] internal=0 K3C=0 K3B=0 K3A=0  shares=0%/0%/0%/0%
[phases] mono=358306.450287 chunks=147 sequence=257.877s read_wait=0.171s bind_upload=1.606s attention_resident=15.267s expert_read_prefetch=155.864s expert_demand_read=94.173s expert_plan=11.018s expert_hint=0.001s expert_submit=0.001s expert_kernel=82.456s source_fence=0.001s tail_head_sync=2.220s layer_other=0.240s expert_read_gross=144.845s plan_hint=10.798s plan_sched=0.217s attn_total=15.685s attn_encode=4.789s attn_wait=7.878s attn_drain=3.018s kernel_total=56.939s kernel_host=2.198s kernel_wait=6.149s kernel_drain=48.591s
[attn-split] single: calls=13206 total=11.049s encode=3.826s wait=4.204s drain=3.018s waits=22862 untimed=3781 | wide: calls=558 total=4.637s encode=0.963s wait=3.674s drain=0.000s waits=552 untimed=552 | hint: calls=13616 total=10.869s encode=0.032s wait=10.837s drain=0.000s waits=13654 untimed=13654
[kernel-split] single: calls=13976 total=50.105s encode=1.364s wait=0.758s drain=47.983s waits=14928 untimed=11743 | wide: calls=1090 total=6.833s encode=0.834s wait=5.391s drain=0.608s waits=1090 untimed=0
[kernel-sub] materialize=0.405s moe=7.423s precommit=48.097s rest=1.013s
[metal-cache] calls=19075 zero_copy_wraps=265 copies=0 cache_entries=144 bindless=true
 crew
[stats] generated=152 elapsed=262.904s speed=0.5782 token/s (1.730 s/token) chunks=148 committed_rows=189 verify_tx=5 drafts=4/10 layer_passes=13764 expert_rows=17756 expert_tiles=14089
[verify-width] w1=0 w2=5 w3=0 w4=0 w5=0 w6=0 w7=0 w8+=0              (w1 share 0.0% of 5 transactions)
[opens] expert file opens=588718 total=7.802s mean=0.013ms requested_bytes=5820927950016 (5820.9 GB)
[arrival] tiles=796 waves=1780 uncovered_wait=26.247s dispatch=6.346s
[retain] enabled=false cap_gb=8 layers=63..=92 consults=0 wanted=0 hits=0 inserts=0 served=0.0MB
[summer] enabled=false cap_gb=8 sample=16 consults=0 wanted=0 hits=0 hit_rate=0.0% misses=0 inserts=0 evictions=0 recycled=0 allocs=0 pin_skips=0 gated=0 ramp=2..50 bar=0 suppressed=0 wide_skips=0 served=0.0MB copied=0.0MB ssd_avoided=0.0GB live=0/0.0GB model=0 protected=0 declined=0 topup_suppressed=0 aged=0 into=0/0/0 pending=0
[mirror-split] internal=0 K3C=0 K3B=0 K3A=0  shares=0%/0%/0%/0%
[phases] mono=358307.910781 chunks=148 sequence=259.336s read_wait=0.171s bind_upload=1.606s attention_resident=15.338s expert_read_prefetch=156.856s expert_demand_read=94.737s expert_plan=11.088s expert_hint=0.001s expert_submit=0.001s expert_kernel=82.837s source_fence=0.001s tail_head_sync=2.233s layer_other=0.241s expert_read_gross=145.768s plan_hint=10.867s plan_sched=0.218s attn_total=15.757s attn_encode=4.811s attn_wait=7.911s attn_drain=3.034s kernel_total=57.310s kernel_host=2.208s kernel_wait=6.155s kernel_drain=48.947s
[attn-split] single: calls=13299 total=11.120s encode=3.849s wait=4.237s drain=3.034s waits=23023 untimed=3813 | wide: calls=558 total=4.637s encode=0.963s wait=3.674s drain=0.000s waits=552 untimed=552 | hint: calls=13708 total=10.938s encode=0.033s wait=10.906s drain=0.000s waits=13745 untimed=13745
[kernel-split] single: calls=14075 total=50.477s encode=1.374s wait=0.764s drain=48.339s waits=15035 untimed=11824 | wide: calls=1090 total=6.833s encode=0.834s wait=5.391s drain=0.608s waits=1090 untimed=0
[kernel-sub] materialize=0.405s moe=7.433s precommit=48.455s rest=1.017s
[metal-cache] calls=19174 zero_copy_wraps=265 copies=0 cache_entries=144 bindless=true
 to
[stats] generated=153 elapsed=264.445s speed=0.5786 token/s (1.728 s/token) chunks=149 committed_rows=190 verify_tx=5 drafts=4/10 layer_passes=13857 expert_rows=17848 expert_tiles=14181
[verify-width] w1=0 w2=5 w3=0 w4=0 w5=0 w6=0 w7=0 w8+=0              (w1 share 0.0% of 5 transactions)
[opens] expert file opens=592598 total=7.852s mean=0.013ms requested_bytes=5854996004032 (5855.0 GB)
[arrival] tiles=797 waves=1784 uncovered_wait=26.257s dispatch=6.353s
[retain] enabled=false cap_gb=8 layers=63..=92 consults=0 wanted=0 hits=0 inserts=0 served=0.0MB
[summer] enabled=false cap_gb=8 sample=16 consults=0 wanted=0 hits=0 hit_rate=0.0% misses=0 inserts=0 evictions=0 recycled=0 allocs=0 pin_skips=0 gated=0 ramp=2..50 bar=0 suppressed=0 wide_skips=0 served=0.0MB copied=0.0MB ssd_avoided=0.0GB live=0/0.0GB model=0 protected=0 declined=0 topup_suppressed=0 aged=0 into=0/0/0 pending=0
[mirror-split] internal=0 K3C=0 K3B=0 K3A=0  shares=0%/0%/0%/0%
[phases] mono=358309.451685 chunks=149 sequence=260.876s read_wait=0.171s bind_upload=1.606s attention_resident=15.421s expert_read_prefetch=157.955s expert_demand_read=95.387s expert_plan=11.160s expert_hint=0.001s expert_submit=0.001s expert_kernel=83.176s source_fence=0.001s tail_head_sync=2.250s layer_other=0.243s expert_read_gross=146.794s plan_hint=10.938s plan_sched=0.219s attn_total=15.839s attn_encode=4.834s attn_wait=7.951s attn_drain=3.054s kernel_total=57.640s kernel_host=2.216s kernel_wait=6.160s kernel_drain=49.264s
[attn-split] single: calls=13392 total=11.202s encode=3.871s wait=4.277s drain=3.054s waits=23184 untimed=3847 | wide: calls=558 total=4.637s encode=0.963s wait=3.674s drain=0.000s waits=552 untimed=552 | hint: calls=13800 total=11.009s encode=0.033s wait=10.976s drain=0.000s waits=13836 untimed=13836
[kernel-split] single: calls=14170 total=50.807s encode=1.381s wait=0.769s drain=48.657s waits=15134 untimed=11907 | wide: calls=1090 total=6.833s encode=0.834s wait=5.391s drain=0.608s waits=1090 untimed=0
[kernel-sub] materialize=0.405s moe=7.441s precommit=48.773s rest=1.021s
[metal-cache] calls=19269 zero_copy_wraps=265 copies=0 cache_entries=144 bindless=true
 "
[stats] generated=154 elapsed=265.999s speed=0.5789 token/s (1.727 s/token) chunks=150 committed_rows=191 verify_tx=5 drafts=4/10 layer_passes=13950 expert_rows=17940 expert_tiles=14273
[verify-width] w1=0 w2=5 w3=0 w4=0 w5=0 w6=0 w7=0 w8+=0              (w1 share 0.0% of 5 transactions)
[opens] expert file opens=596480 total=7.902s mean=0.013ms requested_bytes=5889037745344 (5889.0 GB)
[arrival] tiles=798 waves=1792 uncovered_wait=26.266s dispatch=6.363s
[retain] enabled=false cap_gb=8 layers=63..=92 consults=0 wanted=0 hits=0 inserts=0 served=0.0MB
[summer] enabled=false cap_gb=8 sample=16 consults=0 wanted=0 hits=0 hit_rate=0.0% misses=0 inserts=0 evictions=0 recycled=0 allocs=0 pin_skips=0 gated=0 ramp=2..50 bar=0 suppressed=0 wide_skips=0 served=0.0MB copied=0.0MB ssd_avoided=0.0GB live=0/0.0GB model=0 protected=0 declined=0 topup_suppressed=0 aged=0 into=0/0/0 pending=0
[mirror-split] internal=0 K3C=0 K3B=0 K3A=0  shares=0%/0%/0%/0%
[phases] mono=358311.006051 chunks=150 sequence=262.429s read_wait=0.171s bind_upload=1.606s attention_resident=15.507s expert_read_prefetch=159.074s expert_demand_read=96.107s expert_plan=11.235s expert_hint=0.001s expert_submit=0.001s expert_kernel=83.509s source_fence=0.001s tail_head_sync=2.264s layer_other=0.244s expert_read_gross=147.838s plan_hint=11.012s plan_sched=0.220s attn_total=15.925s attn_encode=4.870s attn_wait=7.981s attn_drain=3.073s kernel_total=57.963s kernel_host=2.225s kernel_wait=6.165s kernel_drain=49.573s
[attn-split] single: calls=13485 total=11.288s encode=3.908s wait=4.307s drain=3.073s waits=23345 untimed=3875 | wide: calls=558 total=4.637s encode=0.963s wait=3.674s drain=0.000s waits=552 untimed=552 | hint: calls=13892 total=11.083s encode=0.033s wait=11.050s drain=0.000s waits=13927 untimed=13927
[kernel-split] single: calls=14269 total=51.130s encode=1.391s wait=0.774s drain=48.966s waits=15241 untimed=11991 | wide: calls=1090 total=6.833s encode=0.834s wait=5.391s drain=0.608s waits=1090 untimed=0
[kernel-sub] materialize=0.405s moe=7.450s precommit=49.083s rest=1.025s
[metal-cache] calls=19368 zero_copy_wraps=265 copies=0 cache_entries=144 bindless=true
acc
[stats] generated=155 elapsed=267.565s speed=0.5793 token/s (1.726 s/token) chunks=151 committed_rows=192 verify_tx=5 drafts=4/10 layer_passes=14043 expert_rows=18032 expert_tiles=14365
[verify-width] w1=0 w2=5 w3=0 w4=0 w5=0 w6=0 w7=0 w8+=0              (w1 share 0.0% of 5 transactions)
[opens] expert file opens=600374 total=7.955s mean=0.013ms requested_bytes=5923158490304 (5923.2 GB)
[arrival] tiles=799 waves=1798 uncovered_wait=26.278s dispatch=6.373s
[retain] enabled=false cap_gb=8 layers=63..=92 consults=0 wanted=0 hits=0 inserts=0 served=0.0MB
[summer] enabled=false cap_gb=8 sample=16 consults=0 wanted=0 hits=0 hit_rate=0.0% misses=0 inserts=0 evictions=0 recycled=0 allocs=0 pin_skips=0 gated=0 ramp=2..50 bar=0 suppressed=0 wide_skips=0 served=0.0MB copied=0.0MB ssd_avoided=0.0GB live=0/0.0GB model=0 protected=0 declined=0 topup_suppressed=0 aged=0 into=0/0/0 pending=0
[mirror-split] internal=0 K3C=0 K3B=0 K3A=0  shares=0%/0%/0%/0%
[phases] mono=358312.571789 chunks=151 sequence=263.993s read_wait=0.171s bind_upload=1.606s attention_resident=15.580s expert_read_prefetch=160.205s expert_demand_read=96.818s expert_plan=11.318s expert_hint=0.001s expert_submit=0.001s expert_kernel=83.852s source_fence=0.001s tail_head_sync=2.279s layer_other=0.245s expert_read_gross=148.886s plan_hint=11.094s plan_sched=0.221s attn_total=15.998s attn_encode=4.893s attn_wait=8.015s attn_drain=3.090s kernel_total=58.295s kernel_host=2.234s kernel_wait=6.171s kernel_drain=49.890s
[attn-split] single: calls=13578 total=11.361s encode=3.930s wait=4.341s drain=3.090s waits=23506 untimed=3908 | wide: calls=558 total=4.637s encode=0.963s wait=3.674s drain=0.000s waits=552 untimed=552 | hint: calls=13984 total=11.165s encode=0.033s wait=11.132s drain=0.000s waits=14018 untimed=14018
[kernel-split] single: calls=14366 total=51.462s encode=1.400s wait=0.780s drain=49.282s waits=15344 untimed=12068 | wide: calls=1090 total=6.833s encode=0.834s wait=5.391s drain=0.608s waits=1090 untimed=0
[kernel-sub] materialize=0.405s moe=7.460s precommit=49.400s rest=1.030s
[metal-cache] calls=19465 zero_copy_wraps=265 copies=0 cache_entries=144 bindless=true
[route-chain] chained=9660
[route-chain] dedup_hits=9660
identally
[stats] generated=156 elapsed=269.085s speed=0.5797 token/s (1.725 s/token) chunks=152 committed_rows=193 verify_tx=5 drafts=4/10 layer_passes=14136 expert_rows=18124 expert_tiles=14457
[verify-width] w1=0 w2=5 w3=0 w4=0 w5=0 w6=0 w7=0 w8+=0              (w1 share 0.0% of 5 transactions)
[opens] expert file opens=604269 total=8.009s mean=0.013ms requested_bytes=5957305531584 (5957.3 GB)
[arrival] tiles=800 waves=1803 uncovered_wait=26.288s dispatch=6.381s
[retain] enabled=false cap_gb=8 layers=63..=92 consults=0 wanted=0 hits=0 inserts=0 served=0.0MB
[summer] enabled=false cap_gb=8 sample=16 consults=0 wanted=0 hits=0 hit_rate=0.0% misses=0 inserts=0 evictions=0 recycled=0 allocs=0 pin_skips=0 gated=0 ramp=2..50 bar=0 suppressed=0 wide_skips=0 served=0.0MB copied=0.0MB ssd_avoided=0.0GB live=0/0.0GB model=0 protected=0 declined=0 topup_suppressed=0 aged=0 into=0/0/0 pending=0
[mirror-split] internal=0 K3C=0 K3B=0 K3A=0  shares=0%/0%/0%/0%
[phases] mono=358314.091561 chunks=152 sequence=265.512s read_wait=0.171s bind_upload=1.606s attention_resident=15.654s expert_read_prefetch=161.254s expert_demand_read=97.468s expert_plan=11.398s expert_hint=0.001s expert_submit=0.001s expert_kernel=84.232s source_fence=0.001s tail_head_sync=2.293s layer_other=0.247s expert_read_gross=149.855s plan_hint=11.173s plan_sched=0.222s attn_total=16.072s attn_encode=4.916s attn_wait=8.049s attn_drain=3.106s kernel_total=58.664s kernel_host=2.243s kernel_wait=6.175s kernel_drain=50.246s
[attn-split] single: calls=13671 total=11.435s encode=3.953s wait=4.375s drain=3.106s waits=23667 untimed=3935 | wide: calls=558 total=4.637s encode=0.963s wait=3.674s drain=0.000s waits=552 untimed=552 | hint: calls=14076 total=11.244s encode=0.033s wait=11.210s drain=0.000s waits=14109 untimed=14109
[kernel-split] single: calls=14462 total=51.831s encode=1.409s wait=0.784s drain=49.638s waits=15445 untimed=12147 | wide: calls=1090 total=6.833s encode=0.834s wait=5.391s drain=0.608s waits=1090 untimed=0
[kernel-sub] materialize=0.405s moe=7.467s precommit=49.757s rest=1.035s
[metal-cache] calls=19561 zero_copy_wraps=265 copies=0 cache_entries=144 bindless=true
"
[stats] generated=157 elapsed=270.607s speed=0.5802 token/s (1.724 s/token) chunks=153 committed_rows=194 verify_tx=5 drafts=4/10 layer_passes=14229 expert_rows=18216 expert_tiles=14549
[verify-width] w1=0 w2=5 w3=0 w4=0 w5=0 w6=0 w7=0 w8+=0              (w1 share 0.0% of 5 transactions)
[opens] expert file opens=608149 total=8.058s mean=0.013ms requested_bytes=5991364836544 (5991.4 GB)
[arrival] tiles=801 waves=1811 uncovered_wait=26.305s dispatch=6.392s
[retain] enabled=false cap_gb=8 layers=63..=92 consults=0 wanted=0 hits=0 inserts=0 served=0.0MB
[summer] enabled=false cap_gb=8 sample=16 consults=0 wanted=0 hits=0 hit_rate=0.0% misses=0 inserts=0 evictions=0 recycled=0 allocs=0 pin_skips=0 gated=0 ramp=2..50 bar=0 suppressed=0 wide_skips=0 served=0.0MB copied=0.0MB ssd_avoided=0.0GB live=0/0.0GB model=0 protected=0 declined=0 topup_suppressed=0 aged=0 into=0/0/0 pending=0
[mirror-split] internal=0 K3C=0 K3B=0 K3A=0  shares=0%/0%/0%/0%
[phases] mono=358315.614286 chunks=153 sequence=267.033s read_wait=0.171s bind_upload=1.606s attention_resident=15.725s expert_read_prefetch=162.341s expert_demand_read=98.135s expert_plan=11.471s expert_hint=0.001s expert_submit=0.001s expert_kernel=84.581s source_fence=0.001s tail_head_sync=2.307s layer_other=0.248s expert_read_gross=150.870s plan_hint=11.245s plan_sched=0.223s attn_total=16.142s attn_encode=4.938s attn_wait=8.076s attn_drain=3.128s kernel_total=58.996s kernel_host=2.252s kernel_wait=6.181s kernel_drain=50.562s
[attn-split] single: calls=13764 total=11.505s encode=3.975s wait=4.402s drain=3.128s waits=23828 untimed=3970 | wide: calls=558 total=4.637s encode=0.963s wait=3.674s drain=0.000s waits=552 untimed=552 | hint: calls=14168 total=11.316s encode=0.034s wait=11.282s drain=0.000s waits=14200 untimed=14200
[kernel-split] single: calls=14561 total=52.163s encode=1.418s wait=0.790s drain=49.954s waits=15552 untimed=12235 | wide: calls=1090 total=6.833s encode=0.834s wait=5.391s drain=0.608s waits=1090 untimed=0
[kernel-sub] materialize=0.405s moe=7.479s precommit=50.073s rest=1.039s
[metal-cache] calls=19660 zero_copy_wraps=265 copies=0 cache_entries=144 bindless=true
 trip
[stats] generated=158 elapsed=272.193s speed=0.5805 token/s (1.723 s/token) chunks=154 committed_rows=195 verify_tx=5 drafts=4/10 layer_passes=14322 expert_rows=18308 expert_tiles=14641
[verify-width] w1=0 w2=5 w3=0 w4=0 w5=0 w6=0 w7=0 w8+=0              (w1 share 0.0% of 5 transactions)
[opens] expert file opens=612136 total=8.111s mean=0.013ms requested_bytes=6026345348288 (6026.3 GB)
[arrival] tiles=802 waves=1815 uncovered_wait=26.313s dispatch=6.399s
[retain] enabled=false cap_gb=8 layers=63..=92 consults=0 wanted=0 hits=0 inserts=0 served=0.0MB
[summer] enabled=false cap_gb=8 sample=16 consults=0 wanted=0 hits=0 hit_rate=0.0% misses=0 inserts=0 evictions=0 recycled=0 allocs=0 pin_skips=0 gated=0 ramp=2..50 bar=0 suppressed=0 wide_skips=0 served=0.0MB copied=0.0MB ssd_avoided=0.0GB live=0/0.0GB model=0 protected=0 declined=0 topup_suppressed=0 aged=0 into=0/0/0 pending=0
[mirror-split] internal=0 K3C=0 K3B=0 K3A=0  shares=0%/0%/0%/0%
[phases] mono=358317.199968 chunks=154 sequence=268.618s read_wait=0.171s bind_upload=1.606s attention_resident=15.811s expert_read_prefetch=163.407s expert_demand_read=98.770s expert_plan=11.550s expert_hint=0.001s expert_submit=0.001s expert_kernel=84.996s source_fence=0.001s tail_head_sync=2.322s layer_other=0.250s expert_read_gross=151.856s plan_hint=11.323s plan_sched=0.224s attn_total=16.228s attn_encode=4.970s attn_wait=8.112s attn_drain=3.146s kernel_total=59.403s kernel_host=2.262s kernel_wait=6.185s kernel_drain=50.956s
[attn-split] single: calls=13857 total=11.592s encode=4.008s wait=4.438s drain=3.146s waits=23989 untimed=3994 | wide: calls=558 total=4.637s encode=0.963s wait=3.674s drain=0.000s waits=552 untimed=552 | hint: calls=14260 total=11.394s encode=0.034s wait=11.360s drain=0.000s waits=14291 untimed=14291
[kernel-split] single: calls=14656 total=52.570s encode=1.428s wait=0.794s drain=50.348s waits=15651 untimed=12316 | wide: calls=1090 total=6.833s encode=0.834s wait=5.391s drain=0.608s waits=1090 untimed=0
[kernel-sub] materialize=0.405s moe=7.486s precommit=50.469s rest=1.044s
[metal-cache] calls=19755 zero_copy_wraps=265 copies=0 cache_entries=144 bindless=true
 the
[stats] generated=159 elapsed=273.709s speed=0.5809 token/s (1.721 s/token) chunks=155 committed_rows=196 verify_tx=5 drafts=4/10 layer_passes=14415 expert_rows=18400 expert_tiles=14733
[verify-width] w1=0 w2=5 w3=0 w4=0 w5=0 w6=0 w7=0 w8+=0              (w1 share 0.0% of 5 transactions)
[opens] expert file opens=615980 total=8.160s mean=0.013ms requested_bytes=6060009864384 (6060.0 GB)
[arrival] tiles=803 waves=1822 uncovered_wait=26.323s dispatch=6.412s
[retain] enabled=false cap_gb=8 layers=63..=92 consults=0 wanted=0 hits=0 inserts=0 served=0.0MB
[summer] enabled=false cap_gb=8 sample=16 consults=0 wanted=0 hits=0 hit_rate=0.0% misses=0 inserts=0 evictions=0 recycled=0 allocs=0 pin_skips=0 gated=0 ramp=2..50 bar=0 suppressed=0 wide_skips=0 served=0.0MB copied=0.0MB ssd_avoided=0.0GB live=0/0.0GB model=0 protected=0 declined=0 topup_suppressed=0 aged=0 into=0/0/0 pending=0
[mirror-split] internal=0 K3C=0 K3B=0 K3A=0  shares=0%/0%/0%/0%
[phases] mono=358318.715768 chunks=155 sequence=270.133s read_wait=0.171s bind_upload=1.606s attention_resident=15.890s expert_read_prefetch=164.490s expert_demand_read=99.456s expert_plan=11.625s expert_hint=0.001s expert_submit=0.001s expert_kernel=85.336s source_fence=0.001s tail_head_sync=2.334s layer_other=0.251s expert_read_gross=152.865s plan_hint=11.397s plan_sched=0.225s attn_total=16.307s attn_encode=4.992s attn_wait=8.149s attn_drain=3.166s kernel_total=59.733s kernel_host=2.272s kernel_wait=6.192s kernel_drain=51.269s
[attn-split] single: calls=13950 total=11.670s encode=4.029s wait=4.475s drain=3.166s waits=24150 untimed=4017 | wide: calls=558 total=4.637s encode=0.963s wait=3.674s drain=0.000s waits=552 untimed=552 | hint: calls=14352 total=11.467s encode=0.034s wait=11.433s drain=0.000s waits=14382 untimed=14382
[kernel-split] single: calls=14754 total=52.900s encode=1.438s wait=0.800s drain=50.661s waits=15756 untimed=12406 | wide: calls=1090 total=6.833s encode=0.834s wait=5.391s drain=0.608s waits=1090 untimed=0
[kernel-sub] materialize=0.405s moe=7.498s precommit=50.782s rest=1.048s
[metal-cache] calls=19853 zero_copy_wraps=265 copies=0 cache_entries=144 bindless=true
 auxiliary
[stats] generated=160 elapsed=275.275s speed=0.5812 token/s (1.720 s/token) chunks=156 committed_rows=197 verify_tx=5 drafts=4/10 layer_passes=14508 expert_rows=18492 expert_tiles=14825
[verify-width] w1=0 w2=5 w3=0 w4=0 w5=0 w6=0 w7=0 w8+=0              (w1 share 0.0% of 5 transactions)
[opens] expert file opens=619917 total=8.212s mean=0.013ms requested_bytes=6094578007232 (6094.6 GB)
[arrival] tiles=804 waves=1829 uncovered_wait=26.330s dispatch=6.423s
[retain] enabled=false cap_gb=8 layers=63..=92 consults=0 wanted=0 hits=0 inserts=0 served=0.0MB
[summer] enabled=false cap_gb=8 sample=16 consults=0 wanted=0 hits=0 hit_rate=0.0% misses=0 inserts=0 evictions=0 recycled=0 allocs=0 pin_skips=0 gated=0 ramp=2..50 bar=0 suppressed=0 wide_skips=0 served=0.0MB copied=0.0MB ssd_avoided=0.0GB live=0/0.0GB model=0 protected=0 declined=0 topup_suppressed=0 aged=0 into=0/0/0 pending=0
[mirror-split] internal=0 K3C=0 K3B=0 K3A=0  shares=0%/0%/0%/0%
[phases] mono=358320.281873 chunks=156 sequence=271.698s read_wait=0.171s bind_upload=1.606s attention_resident=15.966s expert_read_prefetch=165.601s expert_demand_read=100.143s expert_plan=11.704s expert_hint=0.001s expert_submit=0.001s expert_kernel=85.694s source_fence=0.001s tail_head_sync=2.352s layer_other=0.252s expert_read_gross=153.897s plan_hint=11.474s plan_sched=0.226s attn_total=16.383s attn_encode=5.015s attn_wait=8.184s attn_drain=3.184s kernel_total=60.084s kernel_host=2.282s kernel_wait=6.197s kernel_drain=51.605s
[attn-split] single: calls=14043 total=11.746s encode=4.052s wait=4.510s drain=3.184s waits=24311 untimed=4050 | wide: calls=558 total=4.637s encode=0.963s wait=3.674s drain=0.000s waits=552 untimed=552 | hint: calls=14444 total=11.545s encode=0.034s wait=11.511s drain=0.000s waits=14473 untimed=14473
[kernel-split] single: calls=14852 total=53.250s encode=1.447s wait=0.806s drain=50.997s waits=15861 untimed=12492 | wide: calls=1090 total=6.833s encode=0.834s wait=5.391s drain=0.608s waits=1090 untimed=0
[kernel-sub] materialize=0.405s moe=7.510s precommit=51.116s rest=1.052s
[metal-cache] calls=19951 zero_copy_wraps=265 copies=0 cache_entries=144 bindless=true
 break
[stats] generated=161 elapsed=276.813s speed=0.5816 token/s (1.719 s/token) chunks=157 committed_rows=198 verify_tx=5 drafts=4/10 layer_passes=14601 expert_rows=18584 expert_tiles=14917
[verify-width] w1=0 w2=5 w3=0 w4=0 w5=0 w6=0 w7=0 w8+=0              (w1 share 0.0% of 5 transactions)
[opens] expert file opens=623836 total=8.265s mean=0.013ms requested_bytes=6128961912000 (6129.0 GB)
[arrival] tiles=805 waves=1837 uncovered_wait=26.342s dispatch=6.433s
[retain] enabled=false cap_gb=8 layers=63..=92 consults=0 wanted=0 hits=0 inserts=0 served=0.0MB
[summer] enabled=false cap_gb=8 sample=16 consults=0 wanted=0 hits=0 hit_rate=0.0% misses=0 inserts=0 evictions=0 recycled=0 allocs=0 pin_skips=0 gated=0 ramp=2..50 bar=0 suppressed=0 wide_skips=0 served=0.0MB copied=0.0MB ssd_avoided=0.0GB live=0/0.0GB model=0 protected=0 declined=0 topup_suppressed=0 aged=0 into=0/0/0 pending=0
[mirror-split] internal=0 K3C=0 K3B=0 K3A=0  shares=0%/0%/0%/0%
[phases] mono=358321.819745 chunks=157 sequence=273.235s read_wait=0.171s bind_upload=1.606s attention_resident=16.040s expert_read_prefetch=166.664s expert_demand_read=100.784s expert_plan=11.782s expert_hint=0.001s expert_submit=0.001s expert_kernel=86.077s source_fence=0.001s tail_head_sync=2.368s layer_other=0.254s expert_read_gross=154.881s plan_hint=11.552s plan_sched=0.227s attn_total=16.457s attn_encode=5.038s attn_wait=8.208s attn_drain=3.211s kernel_total=60.454s kernel_host=2.292s kernel_wait=6.202s kernel_drain=51.961s
[attn-split] single: calls=14136 total=11.820s encode=4.075s wait=4.534s drain=3.211s waits=24472 untimed=4068 | wide: calls=558 total=4.637s encode=0.963s wait=3.674s drain=0.000s waits=552 untimed=552 | hint: calls=14536 total=11.622s encode=0.035s wait=11.588s drain=0.000s waits=14564 untimed=14564
[kernel-split] single: calls=14951 total=53.621s encode=1.457s wait=0.811s drain=51.353s waits=15968 untimed=12574 | wide: calls=1090 total=6.833s encode=0.834s wait=5.391s drain=0.608s waits=1090 untimed=0
[kernel-sub] materialize=0.405s moe=7.520s precommit=51.473s rest=1.057s
[metal-cache] calls=20050 zero_copy_wraps=265 copies=0 cache_entries=144 bindless=true
ers
[stats] generated=162 elapsed=278.349s speed=0.5820 token/s (1.718 s/token) chunks=158 committed_rows=199 verify_tx=5 drafts=4/10 layer_passes=14694 expert_rows=18676 expert_tiles=15009
[verify-width] w1=0 w2=5 w3=0 w4=0 w5=0 w6=0 w7=0 w8+=0              (w1 share 0.0% of 5 transactions)
[opens] expert file opens=627787 total=8.316s mean=0.013ms requested_bytes=6163626572992 (6163.6 GB)
[arrival] tiles=806 waves=1843 uncovered_wait=26.350s dispatch=6.442s
[retain] enabled=false cap_gb=8 layers=63..=92 consults=0 wanted=0 hits=0 inserts=0 served=0.0MB
[summer] enabled=false cap_gb=8 sample=16 consults=0 wanted=0 hits=0 hit_rate=0.0% misses=0 inserts=0 evictions=0 recycled=0 allocs=0 pin_skips=0 gated=0 ramp=2..50 bar=0 suppressed=0 wide_skips=0 served=0.0MB copied=0.0MB ssd_avoided=0.0GB live=0/0.0GB model=0 protected=0 declined=0 topup_suppressed=0 aged=0 into=0/0/0 pending=0
[mirror-split] internal=0 K3C=0 K3B=0 K3A=0  shares=0%/0%/0%/0%
[phases] mono=358323.356190 chunks=158 sequence=274.770s read_wait=0.171s bind_upload=1.606s attention_resident=16.122s expert_read_prefetch=167.735s expert_demand_read=101.407s expert_plan=11.866s expert_hint=0.001s expert_submit=0.001s expert_kernel=86.442s source_fence=0.001s tail_head_sync=2.384s layer_other=0.255s expert_read_gross=155.868s plan_hint=11.635s plan_sched=0.228s attn_total=16.538s attn_encode=5.072s attn_wait=8.239s attn_drain=3.228s kernel_total=60.811s kernel_host=2.301s kernel_wait=6.207s kernel_drain=52.303s
[attn-split] single: calls=14229 total=11.902s encode=4.109s wait=4.565s drain=3.228s waits=24633 untimed=4099 | wide: calls=558 total=4.637s encode=0.963s wait=3.674s drain=0.000s waits=552 untimed=552 | hint: calls=14628 total=11.706s encode=0.035s wait=11.671s drain=0.000s waits=14655 untimed=14655
[kernel-split] single: calls=15048 total=53.977s encode=1.467s wait=0.816s drain=51.695s waits=16071 untimed=12661 | wide: calls=1090 total=6.833s encode=0.834s wait=5.391s drain=0.608s waits=1090 untimed=0
[kernel-sub] materialize=0.405s moe=7.528s precommit=51.816s rest=1.062s
[metal-cache] calls=20147 zero_copy_wraps=265 copies=0 cache_entries=144 bindless=true
 at
[stats] generated=163 elapsed=279.928s speed=0.5823 token/s (1.717 s/token) chunks=159 committed_rows=200 verify_tx=5 drafts=4/10 layer_passes=14787 expert_rows=18768 expert_tiles=15101
[verify-width] w1=0 w2=5 w3=0 w4=0 w5=0 w6=0 w7=0 w8+=0              (w1 share 0.0% of 5 transactions)
[opens] expert file opens=631864 total=8.369s mean=0.013ms requested_bytes=6199361649856 (6199.4 GB)
[arrival] tiles=807 waves=1847 uncovered_wait=26.359s dispatch=6.449s
[retain] enabled=false cap_gb=8 layers=63..=92 consults=0 wanted=0 hits=0 inserts=0 served=0.0MB
[summer] enabled=false cap_gb=8 sample=16 consults=0 wanted=0 hits=0 hit_rate=0.0% misses=0 inserts=0 evictions=0 recycled=0 allocs=0 pin_skips=0 gated=0 ramp=2..50 bar=0 suppressed=0 wide_skips=0 served=0.0MB copied=0.0MB ssd_avoided=0.0GB live=0/0.0GB model=0 protected=0 declined=0 topup_suppressed=0 aged=0 into=0/0/0 pending=0
[mirror-split] internal=0 K3C=0 K3B=0 K3A=0  shares=0%/0%/0%/0%
[phases] mono=358324.934453 chunks=159 sequence=276.347s read_wait=0.171s bind_upload=1.606s attention_resident=16.199s expert_read_prefetch=168.838s expert_demand_read=102.088s expert_plan=11.947s expert_hint=0.001s expert_submit=0.001s expert_kernel=86.822s source_fence=0.001s tail_head_sync=2.399s layer_other=0.257s expert_read_gross=156.891s plan_hint=11.714s plan_sched=0.229s attn_total=16.615s attn_encode=5.095s attn_wait=8.276s attn_drain=3.244s kernel_total=61.182s kernel_host=2.309s kernel_wait=6.212s kernel_drain=52.660s
[attn-split] single: calls=14322 total=11.979s encode=4.132s wait=4.602s drain=3.244s waits=24794 untimed=4132 | wide: calls=558 total=4.637s encode=0.963s wait=3.674s drain=0.000s waits=552 untimed=552 | hint: calls=14720 total=11.785s encode=0.035s wait=11.750s drain=0.000s waits=14746 untimed=14746
[kernel-split] single: calls=15143 total=54.349s encode=1.475s wait=0.821s drain=52.053s waits=16170 untimed=12741 | wide: calls=1090 total=6.833s encode=0.834s wait=5.391s drain=0.608s waits=1090 untimed=0
[kernel-sub] materialize=0.405s moe=7.535s precommit=52.176s rest=1.066s
[metal-cache] calls=20242 zero_copy_wraps=265 copies=0 cache_entries=144 bindless=true
 midnight
[stats] generated=164 elapsed=281.440s speed=0.5827 token/s (1.716 s/token) chunks=160 committed_rows=201 verify_tx=5 drafts=4/10 layer_passes=14880 expert_rows=18860 expert_tiles=15193
[verify-width] w1=0 w2=5 w3=0 w4=0 w5=0 w6=0 w7=0 w8+=0              (w1 share 0.0% of 5 transactions)
[opens] expert file opens=635749 total=8.421s mean=0.013ms requested_bytes=6233447267520 (6233.4 GB)
[arrival] tiles=808 waves=1855 uncovered_wait=26.369s dispatch=6.458s
[retain] enabled=false cap_gb=8 layers=63..=92 consults=0 wanted=0 hits=0 inserts=0 served=0.0MB
[summer] enabled=false cap_gb=8 sample=16 consults=0 wanted=0 hits=0 hit_rate=0.0% misses=0 inserts=0 evictions=0 recycled=0 allocs=0 pin_skips=0 gated=0 ramp=2..50 bar=0 suppressed=0 wide_skips=0 served=0.0MB copied=0.0MB ssd_avoided=0.0GB live=0/0.0GB model=0 protected=0 declined=0 topup_suppressed=0 aged=0 into=0/0/0 pending=0
[mirror-split] internal=0 K3C=0 K3B=0 K3A=0  shares=0%/0%/0%/0%
[phases] mono=358326.447178 chunks=160 sequence=277.858s read_wait=0.171s bind_upload=1.606s attention_resident=16.278s expert_read_prefetch=169.876s expert_demand_read=102.690s expert_plan=12.021s expert_hint=0.001s expert_submit=0.001s expert_kernel=87.198s source_fence=0.001s tail_head_sync=2.415s layer_other=0.258s expert_read_gross=157.854s plan_hint=11.787s plan_sched=0.230s attn_total=16.694s attn_encode=5.122s attn_wait=8.307s attn_drain=3.266s kernel_total=61.549s kernel_host=2.319s kernel_wait=6.217s kernel_drain=53.012s
[attn-split] single: calls=14415 total=12.058s encode=4.159s wait=4.633s drain=3.266s waits=24955 untimed=4169 | wide: calls=558 total=4.637s encode=0.963s wait=3.674s drain=0.000s waits=552 untimed=552 | hint: calls=14812 total=11.858s encode=0.035s wait=11.823s drain=0.000s waits=14837 untimed=14837
[kernel-split] single: calls=15242 total=54.715s encode=1.485s wait=0.826s drain=52.404s waits=16277 untimed=12831 | wide: calls=1090 total=6.833s encode=0.834s wait=5.391s drain=0.608s waits=1090 untimed=0
[kernel-sub] materialize=0.405s moe=7.544s precommit=52.529s rest=1.070s
[metal-cache] calls=20341 zero_copy_wraps=265 copies=0 cache_entries=144 bindless=true
.
[stats] generated=165 elapsed=283.022s speed=0.5830 token/s (1.715 s/token) chunks=161 committed_rows=202 verify_tx=5 drafts=4/10 layer_passes=14973 expert_rows=18952 expert_tiles=15285
[verify-width] w1=0 w2=5 w3=0 w4=0 w5=0 w6=0 w7=0 w8+=0              (w1 share 0.0% of 5 transactions)
[opens] expert file opens=639680 total=8.475s mean=0.013ms requested_bytes=6267936455872 (6267.9 GB)
[arrival] tiles=809 waves=1863 uncovered_wait=26.380s dispatch=6.466s
[retain] enabled=false cap_gb=8 layers=63..=92 consults=0 wanted=0 hits=0 inserts=0 served=0.0MB
[summer] enabled=false cap_gb=8 sample=16 consults=0 wanted=0 hits=0 hit_rate=0.0% misses=0 inserts=0 evictions=0 recycled=0 allocs=0 pin_skips=0 gated=0 ramp=2..50 bar=0 suppressed=0 wide_skips=0 served=0.0MB copied=0.0MB ssd_avoided=0.0GB live=0/0.0GB model=0 protected=0 declined=0 topup_suppressed=0 aged=0 into=0/0/0 pending=0
[mirror-split] internal=0 K3C=0 K3B=0 K3A=0  shares=0%/0%/0%/0%
[phases] mono=358328.028557 chunks=161 sequence=279.438s read_wait=0.171s bind_upload=1.606s attention_resident=16.357s expert_read_prefetch=170.997s expert_demand_read=103.311s expert_plan=12.096s expert_hint=0.001s expert_submit=0.001s expert_kernel=87.563s source_fence=0.001s tail_head_sync=2.429s layer_other=0.260s expert_read_gross=158.900s plan_hint=11.862s plan_sched=0.231s attn_total=16.773s attn_encode=5.151s attn_wait=8.338s attn_drain=3.284s kernel_total=61.902s kernel_host=2.328s kernel_wait=6.222s kernel_drain=53.352s
[attn-split] single: calls=14508 total=12.136s encode=4.188s wait=4.664s drain=3.284s waits=25116 untimed=4191 | wide: calls=558 total=4.637s encode=0.963s wait=3.674s drain=0.000s waits=552 untimed=552 | hint: calls=14904 total=11.932s encode=0.035s wait=11.897s drain=0.000s waits=14928 untimed=14928
[kernel-split] single: calls=15341 total=55.069s encode=1.494s wait=0.831s drain=52.744s waits=16384 untimed=12913 | wide: calls=1090 total=6.833s encode=0.834s wait=5.391s drain=0.608s waits=1090 untimed=0
[kernel-sub] materialize=0.405s moe=7.552s precommit=52.870s rest=1.075s
[metal-cache] calls=20440 zero_copy_wraps=265 copies=0 cache_entries=144 bindless=true
[route-chain] chained=10350
[route-chain] dedup_hits=10350
 The
[stats] generated=166 elapsed=284.516s speed=0.5834 token/s (1.714 s/token) chunks=162 committed_rows=203 verify_tx=5 drafts=4/10 layer_passes=15066 expert_rows=19044 expert_tiles=15377
[verify-width] w1=0 w2=5 w3=0 w4=0 w5=0 w6=0 w7=0 w8+=0              (w1 share 0.0% of 5 transactions)
[opens] expert file opens=643644 total=8.527s mean=0.013ms requested_bytes=6302688885952 (6302.7 GB)
[arrival] tiles=810 waves=1870 uncovered_wait=26.393s dispatch=6.476s
[retain] enabled=false cap_gb=8 layers=63..=92 consults=0 wanted=0 hits=0 inserts=0 served=0.0MB
[summer] enabled=false cap_gb=8 sample=16 consults=0 wanted=0 hits=0 hit_rate=0.0% misses=0 inserts=0 evictions=0 recycled=0 allocs=0 pin_skips=0 gated=0 ramp=2..50 bar=0 suppressed=0 wide_skips=0 served=0.0MB copied=0.0MB ssd_avoided=0.0GB live=0/0.0GB model=0 protected=0 declined=0 topup_suppressed=0 aged=0 into=0/0/0 pending=0
[mirror-split] internal=0 K3C=0 K3B=0 K3A=0  shares=0%/0%/0%/0%
[phases] mono=358329.523405 chunks=162 sequence=280.932s read_wait=0.171s bind_upload=1.606s attention_resident=16.436s expert_read_prefetch=172.060s expert_demand_read=103.924s expert_plan=12.169s expert_hint=0.001s expert_submit=0.001s expert_kernel=87.900s source_fence=0.001s tail_head_sync=2.442s layer_other=0.261s expert_read_gross=159.890s plan_hint=11.933s plan_sched=0.232s attn_total=16.852s attn_encode=5.185s attn_wait=8.359s attn_drain=3.308s kernel_total=62.225s kernel_host=2.337s kernel_wait=6.226s kernel_drain=53.662s
[attn-split] single: calls=14601 total=12.216s encode=4.222s wait=4.685s drain=3.308s waits=25277 untimed=4219 | wide: calls=558 total=4.637s encode=0.963s wait=3.674s drain=0.000s waits=552 untimed=552 | hint: calls=14996 total=12.004s encode=0.036s wait=11.968s drain=0.000s waits=15019 untimed=15019
[kernel-split] single: calls=15439 total=55.392s encode=1.503s wait=0.835s drain=53.054s waits=16489 untimed=12998 | wide: calls=1090 total=6.833s encode=0.834s wait=5.391s drain=0.608s waits=1090 untimed=0
[kernel-sub] materialize=0.405s moe=7.561s precommit=53.180s rest=1.079s
[metal-cache] calls=20538 zero_copy_wraps=265 copies=0 cache_entries=144 bindless=true
 he
[stats] generated=167 elapsed=286.044s speed=0.5838 token/s (1.713 s/token) chunks=163 committed_rows=204 verify_tx=5 drafts=4/10 layer_passes=15159 expert_rows=19136 expert_tiles=15469
[verify-width] w1=0 w2=5 w3=0 w4=0 w5=0 w6=0 w7=0 w8+=0              (w1 share 0.0% of 5 transactions)
[opens] expert file opens=647670 total=8.579s mean=0.013ms requested_bytes=6337958984896 (6338.0 GB)
[arrival] tiles=811 waves=1878 uncovered_wait=26.404s dispatch=6.487s
[retain] enabled=false cap_gb=8 layers=63..=92 consults=0 wanted=0 hits=0 inserts=0 served=0.0MB
[summer] enabled=false cap_gb=8 sample=16 consults=0 wanted=0 hits=0 hit_rate=0.0% misses=0 inserts=0 evictions=0 recycled=0 allocs=0 pin_skips=0 gated=0 ramp=2..50 bar=0 suppressed=0 wide_skips=0 served=0.0MB copied=0.0MB ssd_avoided=0.0GB live=0/0.0GB model=0 protected=0 declined=0 topup_suppressed=0 aged=0 into=0/0/0 pending=0
[mirror-split] internal=0 K3C=0 K3B=0 K3A=0  shares=0%/0%/0%/0%
[phases] mono=358331.051088 chunks=163 sequence=282.458s read_wait=0.171s bind_upload=1.606s attention_resident=16.511s expert_read_prefetch=173.143s expert_demand_read=104.557s expert_plan=12.241s expert_hint=0.001s expert_submit=0.001s expert_kernel=88.250s source_fence=0.001s tail_head_sync=2.459s layer_other=0.262s expert_read_gross=160.901s plan_hint=12.004s plan_sched=0.233s attn_total=16.927s attn_encode=5.209s attn_wait=8.392s attn_drain=3.326s kernel_total=62.565s kernel_host=2.347s kernel_wait=6.232s kernel_drain=53.986s
[attn-split] single: calls=14694 total=12.290s encode=4.246s wait=4.718s drain=3.326s waits=25438 untimed=4252 | wide: calls=558 total=4.637s encode=0.963s wait=3.674s drain=0.000s waits=552 untimed=552 | hint: calls=15088 total=12.074s encode=0.036s wait=12.038s drain=0.000s waits=15110 untimed=15110
[kernel-split] single: calls=15538 total=55.731s encode=1.512s wait=0.841s drain=53.378s waits=16596 untimed=13085 | wide: calls=1090 total=6.833s encode=0.834s wait=5.391s drain=0.608s waits=1090 untimed=0
[kernel-sub] materialize=0.405s moe=7.572s precommit=53.504s rest=1.084s
[metal-cache] calls=20637 zero_copy_wraps=265 copies=0 cache_entries=144 bindless=true
ist
[stats] generated=168 elapsed=287.498s speed=0.5844 token/s (1.711 s/token) chunks=164 committed_rows=205 verify_tx=5 drafts=4/10 layer_passes=15252 expert_rows=19228 expert_tiles=15561
[verify-width] w1=0 w2=5 w3=0 w4=0 w5=0 w6=0 w7=0 w8+=0              (w1 share 0.0% of 5 transactions)
[opens] expert file opens=651528 total=8.633s mean=0.013ms requested_bytes=6371798940864 (6371.8 GB)
[arrival] tiles=812 waves=1885 uncovered_wait=26.413s dispatch=6.496s
[retain] enabled=false cap_gb=8 layers=63..=92 consults=0 wanted=0 hits=0 inserts=0 served=0.0MB
[summer] enabled=false cap_gb=8 sample=16 consults=0 wanted=0 hits=0 hit_rate=0.0% misses=0 inserts=0 evictions=0 recycled=0 allocs=0 pin_skips=0 gated=0 ramp=2..50 bar=0 suppressed=0 wide_skips=0 served=0.0MB copied=0.0MB ssd_avoided=0.0GB live=0/0.0GB model=0 protected=0 declined=0 topup_suppressed=0 aged=0 into=0/0/0 pending=0
[mirror-split] internal=0 K3C=0 K3B=0 K3A=0  shares=0%/0%/0%/0%
[phases] mono=358332.505198 chunks=164 sequence=283.911s read_wait=0.171s bind_upload=1.606s attention_resident=16.583s expert_read_prefetch=174.126s expert_demand_read=105.164s expert_plan=12.310s expert_hint=0.001s expert_submit=0.001s expert_kernel=88.630s source_fence=0.001s tail_head_sync=2.475s layer_other=0.264s expert_read_gross=161.815s plan_hint=12.072s plan_sched=0.235s attn_total=16.998s attn_encode=5.232s attn_wait=8.427s attn_drain=3.340s kernel_total=62.935s kernel_host=2.356s kernel_wait=6.237s kernel_drain=54.341s
[attn-split] single: calls=14787 total=12.361s encode=4.269s wait=4.753s drain=3.340s waits=25599 untimed=4282 | wide: calls=558 total=4.637s encode=0.963s wait=3.674s drain=0.000s waits=552 untimed=552 | hint: calls=15180 total=12.142s encode=0.036s wait=12.106s drain=0.000s waits=15201 untimed=15201
[kernel-split] single: calls=15636 total=56.102s encode=1.522s wait=0.846s drain=53.733s waits=16701 untimed=13168 | wide: calls=1090 total=6.833s encode=0.834s wait=5.391s drain=0.608s waits=1090 untimed=0
[kernel-sub] materialize=0.405s moe=7.581s precommit=53.861s rest=1.088s
[metal-cache] calls=20735 zero_copy_wraps=265 copies=0 cache_entries=144 bindless=true
 goes
[stats] generated=169 elapsed=288.991s speed=0.5848 token/s (1.710 s/token) chunks=165 committed_rows=206 verify_tx=5 drafts=4/10 layer_passes=15345 expert_rows=19320 expert_tiles=15653
[verify-width] w1=0 w2=5 w3=0 w4=0 w5=0 w6=0 w7=0 w8+=0              (w1 share 0.0% of 5 transactions)
[opens] expert file opens=655507 total=8.685s mean=0.013ms requested_bytes=6406744358080 (6406.7 GB)
[arrival] tiles=813 waves=1893 uncovered_wait=26.428s dispatch=6.504s
[retain] enabled=false cap_gb=8 layers=63..=92 consults=0 wanted=0 hits=0 inserts=0 served=0.0MB
[summer] enabled=false cap_gb=8 sample=16 consults=0 wanted=0 hits=0 hit_rate=0.0% misses=0 inserts=0 evictions=0 recycled=0 allocs=0 pin_skips=0 gated=0 ramp=2..50 bar=0 suppressed=0 wide_skips=0 served=0.0MB copied=0.0MB ssd_avoided=0.0GB live=0/0.0GB model=0 protected=0 declined=0 topup_suppressed=0 aged=0 into=0/0/0 pending=0
[mirror-split] internal=0 K3C=0 K3B=0 K3A=0  shares=0%/0%/0%/0%
[phases] mono=358333.998015 chunks=165 sequence=285.402s read_wait=0.171s bind_upload=1.606s attention_resident=16.650s expert_read_prefetch=175.152s expert_demand_read=105.802s expert_plan=12.379s expert_hint=0.001s expert_submit=0.001s expert_kernel=89.009s source_fence=0.001s tail_head_sync=2.492s layer_other=0.265s expert_read_gross=162.773s plan_hint=12.140s plan_sched=0.236s attn_total=17.065s attn_encode=5.252s attn_wait=8.457s attn_drain=3.356s kernel_total=63.299s kernel_host=2.366s kernel_wait=6.241s kernel_drain=54.691s
[attn-split] single: calls=14880 total=12.429s encode=4.290s wait=4.783s drain=3.356s waits=25760 untimed=4310 | wide: calls=558 total=4.637s encode=0.963s wait=3.674s drain=0.000s waits=552 untimed=552 | hint: calls=15272 total=12.210s encode=0.036s wait=12.174s drain=0.000s waits=15292 untimed=15292
[kernel-split] single: calls=15735 total=56.465s encode=1.532s wait=0.850s drain=54.083s waits=16808 untimed=13255 | wide: calls=1090 total=6.833s encode=0.834s wait=5.391s drain=0.608s waits=1090 untimed=0
[kernel-sub] materialize=0.405s moe=7.589s precommit=54.212s rest=1.093s
[metal-cache] calls=20834 zero_copy_wraps=265 copies=0 cache_entries=144 bindless=true
 sideways
[stats] generated=170 elapsed=290.511s speed=0.5852 token/s (1.709 s/token) chunks=166 committed_rows=207 verify_tx=5 drafts=4/10 layer_passes=15438 expert_rows=19412 expert_tiles=15745
[verify-width] w1=0 w2=5 w3=0 w4=0 w5=0 w6=0 w7=0 w8+=0              (w1 share 0.0% of 5 transactions)
[opens] expert file opens=659407 total=8.738s mean=0.013ms requested_bytes=6440917744832 (6440.9 GB)
[arrival] tiles=814 waves=1899 uncovered_wait=26.438s dispatch=6.513s
[retain] enabled=false cap_gb=8 layers=63..=92 consults=0 wanted=0 hits=0 inserts=0 served=0.0MB
[summer] enabled=false cap_gb=8 sample=16 consults=0 wanted=0 hits=0 hit_rate=0.0% misses=0 inserts=0 evictions=0 recycled=0 allocs=0 pin_skips=0 gated=0 ramp=2..50 bar=0 suppressed=0 wide_skips=0 served=0.0MB copied=0.0MB ssd_avoided=0.0GB live=0/0.0GB model=0 protected=0 declined=0 topup_suppressed=0 aged=0 into=0/0/0 pending=0
[mirror-split] internal=0 K3C=0 K3B=0 K3A=0  shares=0%/0%/0%/0%
[phases] mono=358335.518194 chunks=166 sequence=286.921s read_wait=0.171s bind_upload=1.606s attention_resident=16.731s expert_read_prefetch=176.210s expert_demand_read=106.401s expert_plan=12.458s expert_hint=0.001s expert_submit=0.001s expert_kernel=89.374s source_fence=0.001s tail_head_sync=2.505s layer_other=0.267s expert_read_gross=163.752s plan_hint=12.218s plan_sched=0.237s attn_total=17.146s attn_encode=5.283s attn_wait=8.494s attn_drain=3.370s kernel_total=63.654s kernel_host=2.375s kernel_wait=6.247s kernel_drain=55.032s
[attn-split] single: calls=14973 total=12.510s encode=4.320s wait=4.820s drain=3.370s waits=25921 untimed=4348 | wide: calls=558 total=4.637s encode=0.963s wait=3.674s drain=0.000s waits=552 untimed=552 | hint: calls=15364 total=12.288s encode=0.036s wait=12.252s drain=0.000s waits=15383 untimed=15383
[kernel-split] single: calls=15832 total=56.820s encode=1.541s wait=0.856s drain=54.424s waits=16911 untimed=13342 | wide: calls=1090 total=6.833s encode=0.834s wait=5.391s drain=0.608s waits=1090 untimed=0
[kernel-sub] materialize=0.405s moe=7.598s precommit=54.554s rest=1.097s
[metal-cache] calls=20931 zero_copy_wraps=265 copies=0 cache_entries=144 bindless=true
 when
[stats] generated=171 elapsed=292.024s speed=0.5856 token/s (1.708 s/token) chunks=167 committed_rows=208 verify_tx=5 drafts=4/10 layer_passes=15531 expert_rows=19504 expert_tiles=15837
[verify-width] w1=0 w2=5 w3=0 w4=0 w5=0 w6=0 w7=0 w8+=0              (w1 share 0.0% of 5 transactions)
[opens] expert file opens=663264 total=8.790s mean=0.013ms requested_bytes=6474731388096 (6474.7 GB)
[arrival] tiles=815 waves=1903 uncovered_wait=26.448s dispatch=6.520s
[retain] enabled=false cap_gb=8 layers=63..=92 consults=0 wanted=0 hits=0 inserts=0 served=0.0MB
[summer] enabled=false cap_gb=8 sample=16 consults=0 wanted=0 hits=0 hit_rate=0.0% misses=0 inserts=0 evictions=0 recycled=0 allocs=0 pin_skips=0 gated=0 ramp=2..50 bar=0 suppressed=0 wide_skips=0 served=0.0MB copied=0.0MB ssd_avoided=0.0GB live=0/0.0GB model=0 protected=0 declined=0 topup_suppressed=0 aged=0 into=0/0/0 pending=0
[mirror-split] internal=0 K3C=0 K3B=0 K3A=0  shares=0%/0%/0%/0%
[phases] mono=358337.031037 chunks=167 sequence=288.432s read_wait=0.171s bind_upload=1.606s attention_resident=16.814s expert_read_prefetch=177.242s expert_demand_read=107.003s expert_plan=12.531s expert_hint=0.001s expert_submit=0.001s expert_kernel=89.754s source_fence=0.001s tail_head_sync=2.520s layer_other=0.268s expert_read_gross=164.710s plan_hint=12.290s plan_sched=0.238s attn_total=17.229s attn_encode=5.310s attn_wait=8.527s attn_drain=3.392s kernel_total=64.024s kernel_host=2.384s kernel_wait=6.251s kernel_drain=55.389s
[attn-split] single: calls=15066 total=12.592s encode=4.347s wait=4.853s drain=3.392s waits=26082 untimed=4372 | wide: calls=558 total=4.637s encode=0.963s wait=3.674s drain=0.000s waits=552 untimed=552 | hint: calls=15456 total=12.360s encode=0.037s wait=12.323s drain=0.000s waits=15474 untimed=15474
[kernel-split] single: calls=15927 total=57.191s encode=1.550s wait=0.860s drain=54.781s waits=17010 untimed=13424 | wide: calls=1090 total=6.833s encode=0.834s wait=5.391s drain=0.608s waits=1090 untimed=0
[kernel-sub] materialize=0.405s moe=7.605s precommit=54.913s rest=1.102s
[metal-cache] calls=21026 zero_copy_wraps=265 copies=0 cache_entries=144 bindless=true
 the
[stats] generated=172 elapsed=293.542s speed=0.5859 token/s (1.707 s/token) chunks=168 committed_rows=209 verify_tx=5 drafts=4/10 layer_passes=15624 expert_rows=19596 expert_tiles=15929
[verify-width] w1=0 w2=5 w3=0 w4=0 w5=0 w6=0 w7=0 w8+=0              (w1 share 0.0% of 5 transactions)
[opens] expert file opens=667160 total=8.842s mean=0.013ms requested_bytes=6508895960256 (6508.9 GB)
[arrival] tiles=816 waves=1908 uncovered_wait=26.457s dispatch=6.528s
[retain] enabled=false cap_gb=8 layers=63..=92 consults=0 wanted=0 hits=0 inserts=0 served=0.0MB
[summer] enabled=false cap_gb=8 sample=16 consults=0 wanted=0 hits=0 hit_rate=0.0% misses=0 inserts=0 evictions=0 recycled=0 allocs=0 pin_skips=0 gated=0 ramp=2..50 bar=0 suppressed=0 wide_skips=0 served=0.0MB copied=0.0MB ssd_avoided=0.0GB live=0/0.0GB model=0 protected=0 declined=0 topup_suppressed=0 aged=0 into=0/0/0 pending=0
[mirror-split] internal=0 K3C=0 K3B=0 K3A=0  shares=0%/0%/0%/0%
[phases] mono=358338.548778 chunks=168 sequence=289.949s read_wait=0.171s bind_upload=1.606s attention_resident=16.889s expert_read_prefetch=178.281s expert_demand_read=107.619s expert_plan=12.613s expert_hint=0.001s expert_submit=0.001s expert_kernel=90.138s source_fence=0.001s tail_head_sync=2.537s layer_other=0.270s expert_read_gross=165.667s plan_hint=12.370s plan_sched=0.239s attn_total=17.304s attn_encode=5.331s attn_wait=8.561s attn_drain=3.412s kernel_total=64.399s kernel_host=2.392s kernel_wait=6.256s kernel_drain=55.750s
[attn-split] single: calls=15159 total=12.667s encode=4.369s wait=4.887s drain=3.412s waits=26243 untimed=4403 | wide: calls=558 total=4.637s encode=0.963s wait=3.674s drain=0.000s waits=552 untimed=552 | hint: calls=15548 total=12.441s encode=0.037s wait=12.404s drain=0.000s waits=15565 untimed=15565
[kernel-split] single: calls=16023 total=57.565s encode=1.558s wait=0.865s drain=55.142s waits=17111 untimed=13502 | wide: calls=1090 total=6.833s encode=0.834s wait=5.391s drain=0.608s waits=1090 untimed=0
[kernel-sub] materialize=0.405s moe=7.612s precommit=55.275s rest=1.106s
[metal-cache] calls=21122 zero_copy_wraps=265 copies=0 cache_entries=144 bindless=true
 vault
[stats] generated=173 elapsed=295.059s speed=0.5863 token/s (1.706 s/token) chunks=169 committed_rows=210 verify_tx=5 drafts=4/10 layer_passes=15717 expert_rows=19688 expert_tiles=16021
[verify-width] w1=0 w2=5 w3=0 w4=0 w5=0 w6=0 w7=0 w8+=0              (w1 share 0.0% of 5 transactions)
[opens] expert file opens=671087 total=8.892s mean=0.013ms requested_bytes=6543306194112 (6543.3 GB)
[arrival] tiles=817 waves=1916 uncovered_wait=26.469s dispatch=6.537s
[retain] enabled=false cap_gb=8 layers=63..=92 consults=0 wanted=0 hits=0 inserts=0 served=0.0MB
[summer] enabled=false cap_gb=8 sample=16 consults=0 wanted=0 hits=0 hit_rate=0.0% misses=0 inserts=0 evictions=0 recycled=0 allocs=0 pin_skips=0 gated=0 ramp=2..50 bar=0 suppressed=0 wide_skips=0 served=0.0MB copied=0.0MB ssd_avoided=0.0GB live=0/0.0GB model=0 protected=0 declined=0 topup_suppressed=0 aged=0 into=0/0/0 pending=0
[mirror-split] internal=0 K3C=0 K3B=0 K3A=0  shares=0%/0%/0%/0%
[phases] mono=358340.066052 chunks=169 sequence=291.465s read_wait=0.171s bind_upload=1.606s attention_resident=16.960s expert_read_prefetch=179.361s expert_demand_read=108.263s expert_plan=12.682s expert_hint=0.001s expert_submit=0.001s expert_kernel=90.487s source_fence=0.001s tail_head_sync=2.552s layer_other=0.271s expert_read_gross=166.678s plan_hint=12.439s plan_sched=0.240s attn_total=17.375s attn_encode=5.351s attn_wait=8.587s attn_drain=3.437s kernel_total=64.735s kernel_host=2.401s kernel_wait=6.262s kernel_drain=56.071s
[attn-split] single: calls=15252 total=12.738s encode=4.389s wait=4.913s drain=3.437s waits=26404 untimed=4436 | wide: calls=558 total=4.637s encode=0.963s wait=3.674s drain=0.000s waits=552 untimed=552 | hint: calls=15640 total=12.509s encode=0.037s wait=12.472s drain=0.000s waits=15656 untimed=15656
[kernel-split] single: calls=16122 total=57.901s encode=1.567s wait=0.871s drain=55.464s waits=17218 untimed=13587 | wide: calls=1090 total=6.833s encode=0.834s wait=5.391s drain=0.608s waits=1090 untimed=0
[kernel-sub] materialize=0.405s moe=7.621s precommit=55.598s rest=1.110s
[metal-cache] calls=21221 zero_copy_wraps=265 copies=0 cache_entries=144 bindless=true
's
[stats] generated=174 elapsed=296.531s speed=0.5868 token/s (1.704 s/token) chunks=170 committed_rows=211 verify_tx=5 drafts=4/10 layer_passes=15810 expert_rows=19780 expert_tiles=16113
[verify-width] w1=0 w2=5 w3=0 w4=0 w5=0 w6=0 w7=0 w8+=0              (w1 share 0.0% of 5 transactions)
[opens] expert file opens=674939 total=8.944s mean=0.013ms requested_bytes=6577084726464 (6577.1 GB)
[arrival] tiles=818 waves=1920 uncovered_wait=26.479s dispatch=6.544s
[retain] enabled=false cap_gb=8 layers=63..=92 consults=0 wanted=0 hits=0 inserts=0 served=0.0MB
[summer] enabled=false cap_gb=8 sample=16 consults=0 wanted=0 hits=0 hit_rate=0.0% misses=0 inserts=0 evictions=0 recycled=0 allocs=0 pin_skips=0 gated=0 ramp=2..50 bar=0 suppressed=0 wide_skips=0 served=0.0MB copied=0.0MB ssd_avoided=0.0GB live=0/0.0GB model=0 protected=0 declined=0 topup_suppressed=0 aged=0 into=0/0/0 pending=0
[mirror-split] internal=0 K3C=0 K3B=0 K3A=0  shares=0%/0%/0%/0%
[phases] mono=358341.537900 chunks=170 sequence=292.935s read_wait=0.171s bind_upload=1.606s attention_resident=17.048s expert_read_prefetch=180.377s expert_demand_read=108.864s expert_plan=12.768s expert_hint=0.001s expert_submit=0.001s expert_kernel=90.834s source_fence=0.001s tail_head_sync=2.570s layer_other=0.272s expert_read_gross=167.608s plan_hint=12.524s plan_sched=0.241s attn_total=17.463s attn_encode=5.392s attn_wait=8.611s attn_drain=3.460s kernel_total=65.072s kernel_host=2.410s kernel_wait=6.266s kernel_drain=56.396s
[attn-split] single: calls=15345 total=12.826s encode=4.429s wait=4.937s drain=3.460s waits=26565 untimed=4459 | wide: calls=558 total=4.637s encode=0.963s wait=3.674s drain=0.000s waits=552 untimed=552 | hint: calls=15732 total=12.594s encode=0.037s wait=12.556s drain=0.000s waits=15747 untimed=15747
[kernel-split] single: calls=16217 total=58.239s encode=1.576s wait=0.875s drain=55.788s waits=17317 untimed=13667 | wide: calls=1090 total=6.833s encode=0.834s wait=5.391s drain=0.608s waits=1090 untimed=0
[kernel-sub] materialize=0.405s moe=7.629s precommit=55.924s rest=1.115s
[metal-cache] calls=21316 zero_copy_wraps=265 copies=0 cache_entries=144 bindless=true
 secondary
[stats] generated=175 elapsed=298.043s speed=0.5872 token/s (1.703 s/token) chunks=171 committed_rows=212 verify_tx=5 drafts=4/10 layer_passes=15903 expert_rows=19872 expert_tiles=16205
[verify-width] w1=0 w2=5 w3=0 w4=0 w5=0 w6=0 w7=0 w8+=0              (w1 share 0.0% of 5 transactions)
[opens] expert file opens=678797 total=8.997s mean=0.013ms requested_bytes=6610933464256 (6610.9 GB)
[arrival] tiles=819 waves=1926 uncovered_wait=26.487s dispatch=6.553s
[retain] enabled=false cap_gb=8 layers=63..=92 consults=0 wanted=0 hits=0 inserts=0 served=0.0MB
[summer] enabled=false cap_gb=8 sample=16 consults=0 wanted=0 hits=0 hit_rate=0.0% misses=0 inserts=0 evictions=0 recycled=0 allocs=0 pin_skips=0 gated=0 ramp=2..50 bar=0 suppressed=0 wide_skips=0 served=0.0MB copied=0.0MB ssd_avoided=0.0GB live=0/0.0GB model=0 protected=0 declined=0 topup_suppressed=0 aged=0 into=0/0/0 pending=0
[mirror-split] internal=0 K3C=0 K3B=0 K3A=0  shares=0%/0%/0%/0%
[phases] mono=358343.050298 chunks=171 sequence=294.447s read_wait=0.171s bind_upload=1.606s attention_resident=17.121s expert_read_prefetch=181.402s expert_demand_read=109.499s expert_plan=12.848s expert_hint=0.001s expert_submit=0.001s expert_kernel=91.232s source_fence=0.001s tail_head_sync=2.583s layer_other=0.274s expert_read_gross=168.554s plan_hint=12.602s plan_sched=0.242s attn_total=17.535s attn_encode=5.415s attn_wait=8.639s attn_drain=3.481s kernel_total=65.462s kernel_host=2.420s kernel_wait=6.271s kernel_drain=56.771s
[attn-split] single: calls=15438 total=12.899s encode=4.453s wait=4.965s drain=3.481s waits=26726 untimed=4480 | wide: calls=558 total=4.637s encode=0.963s wait=3.674s drain=0.000s waits=552 untimed=552 | hint: calls=15824 total=12.672s encode=0.038s wait=12.635s drain=0.000s waits=15838 untimed=15838
[kernel-split] single: calls=16314 total=58.629s encode=1.585s wait=0.880s drain=56.164s waits=17420 untimed=13752 | wide: calls=1090 total=6.833s encode=0.834s wait=5.391s drain=0.608s waits=1090 untimed=0
[kernel-sub] materialize=0.405s moe=7.637s precommit=56.301s rest=1.119s
[metal-cache] calls=21413 zero_copy_wraps=265 copies=0 cache_entries=144 bindless=true
 biometric
[stats] generated=176 elapsed=299.587s speed=0.5875 token/s (1.702 s/token) chunks=172 committed_rows=213 verify_tx=5 drafts=4/10 layer_passes=15996 expert_rows=19964 expert_tiles=16297
[verify-width] w1=0 w2=5 w3=0 w4=0 w5=0 w6=0 w7=0 w8+=0              (w1 share 0.0% of 5 transactions)
[opens] expert file opens=682758 total=9.050s mean=0.013ms requested_bytes=6645677112512 (6645.7 GB)
[arrival] tiles=820 waves=1934 uncovered_wait=26.495s dispatch=6.562s
[retain] enabled=false cap_gb=8 layers=63..=92 consults=0 wanted=0 hits=0 inserts=0 served=0.0MB
[summer] enabled=false cap_gb=8 sample=16 consults=0 wanted=0 hits=0 hit_rate=0.0% misses=0 inserts=0 evictions=0 recycled=0 allocs=0 pin_skips=0 gated=0 ramp=2..50 bar=0 suppressed=0 wide_skips=0 served=0.0MB copied=0.0MB ssd_avoided=0.0GB live=0/0.0GB model=0 protected=0 declined=0 topup_suppressed=0 aged=0 into=0/0/0 pending=0
[mirror-split] internal=0 K3C=0 K3B=0 K3A=0  shares=0%/0%/0%/0%
[phases] mono=358344.594198 chunks=172 sequence=295.989s read_wait=0.171s bind_upload=1.606s attention_resident=17.199s expert_read_prefetch=182.481s expert_demand_read=110.146s expert_plan=12.921s expert_hint=0.001s expert_submit=0.001s expert_kernel=91.600s source_fence=0.001s tail_head_sync=2.600s layer_other=0.275s expert_read_gross=169.559s plan_hint=12.674s plan_sched=0.243s attn_total=17.613s attn_encode=5.440s attn_wait=8.661s attn_drain=3.512s kernel_total=65.821s kernel_host=2.428s kernel_wait=6.276s kernel_drain=57.116s
[attn-split] single: calls=15531 total=12.977s encode=4.477s wait=4.987s drain=3.512s waits=26887 untimed=4500 | wide: calls=558 total=4.637s encode=0.963s wait=3.674s drain=0.000s waits=552 untimed=552 | hint: calls=15916 total=12.744s encode=0.038s wait=12.706s drain=0.000s waits=15929 untimed=15929
[kernel-split] single: calls=16413 total=58.988s encode=1.594s wait=0.885s drain=56.508s waits=17527 untimed=13828 | wide: calls=1090 total=6.833s encode=0.834s wait=5.391s drain=0.608s waits=1090 untimed=0
[kernel-sub] materialize=0.405s moe=7.646s precommit=56.646s rest=1.124s
[metal-cache] calls=21512 zero_copy_wraps=265 copies=0 cache_entries=144 bindless=true
[route-chain] chained=11040
[route-chain] dedup_hits=11040
 lock
[stats] generated=177 elapsed=301.047s speed=0.5879 token/s (1.701 s/token) chunks=173 committed_rows=214 verify_tx=5 drafts=4/10 layer_passes=16089 expert_rows=20056 expert_tiles=16389
[verify-width] w1=0 w2=5 w3=0 w4=0 w5=0 w6=0 w7=0 w8+=0              (w1 share 0.0% of 5 transactions)
[opens] expert file opens=686602 total=9.101s mean=0.013ms requested_bytes=6679429332160 (6679.4 GB)
[arrival] tiles=821 waves=1942 uncovered_wait=26.511s dispatch=6.571s
[retain] enabled=false cap_gb=8 layers=63..=92 consults=0 wanted=0 hits=0 inserts=0 served=0.0MB
[summer] enabled=false cap_gb=8 sample=16 consults=0 wanted=0 hits=0 hit_rate=0.0% misses=0 inserts=0 evictions=0 recycled=0 allocs=0 pin_skips=0 gated=0 ramp=2..50 bar=0 suppressed=0 wide_skips=0 served=0.0MB copied=0.0MB ssd_avoided=0.0GB live=0/0.0GB model=0 protected=0 declined=0 topup_suppressed=0 aged=0 into=0/0/0 pending=0
[mirror-split] internal=0 K3C=0 K3B=0 K3A=0  shares=0%/0%/0%/0%
[phases] mono=358346.053960 chunks=173 sequence=297.447s read_wait=0.171s bind_upload=1.606s attention_resident=17.273s expert_read_prefetch=183.522s expert_demand_read=110.730s expert_plan=13.000s expert_hint=0.001s expert_submit=0.001s expert_kernel=91.929s source_fence=0.001s tail_head_sync=2.613s layer_other=0.276s expert_read_gross=170.521s plan_hint=12.752s plan_sched=0.244s attn_total=17.687s attn_encode=5.467s attn_wait=8.682s attn_drain=3.538s kernel_total=66.135s kernel_host=2.437s kernel_wait=6.282s kernel_drain=57.416s
[attn-split] single: calls=15624 total=13.050s encode=4.504s wait=5.008s drain=3.538s waits=27048 untimed=4518 | wide: calls=558 total=4.637s encode=0.963s wait=3.674s drain=0.000s waits=552 untimed=552 | hint: calls=16008 total=12.822s encode=0.038s wait=12.784s drain=0.000s waits=16020 untimed=16020
[kernel-split] single: calls=16512 total=59.302s encode=1.603s wait=0.891s drain=56.808s waits=17634 untimed=13910 | wide: calls=1090 total=6.833s encode=0.834s wait=5.391s drain=0.608s waits=1090 untimed=0
[kernel-sub] materialize=0.405s moe=7.655s precommit=56.947s rest=1.128s
[metal-cache] calls=21611 zero_copy_wraps=265 copies=0 cache_entries=144 bindless=true
 requires
[stats] generated=178 elapsed=302.567s speed=0.5883 token/s (1.700 s/token) chunks=174 committed_rows=215 verify_tx=5 drafts=4/10 layer_passes=16182 expert_rows=20148 expert_tiles=16481
[verify-width] w1=0 w2=5 w3=0 w4=0 w5=0 w6=0 w7=0 w8+=0              (w1 share 0.0% of 5 transactions)
[opens] expert file opens=690466 total=9.153s mean=0.013ms requested_bytes=6713286851776 (6713.3 GB)
[arrival] tiles=822 waves=1948 uncovered_wait=26.519s dispatch=6.580s
[retain] enabled=false cap_gb=8 layers=63..=92 consults=0 wanted=0 hits=0 inserts=0 served=0.0MB
[summer] enabled=false cap_gb=8 sample=16 consults=0 wanted=0 hits=0 hit_rate=0.0% misses=0 inserts=0 evictions=0 recycled=0 allocs=0 pin_skips=0 gated=0 ramp=2..50 bar=0 suppressed=0 wide_skips=0 served=0.0MB copied=0.0MB ssd_avoided=0.0GB live=0/0.0GB model=0 protected=0 declined=0 topup_suppressed=0 aged=0 into=0/0/0 pending=0
[mirror-split] internal=0 K3C=0 K3B=0 K3A=0  shares=0%/0%/0%/0%
[phases] mono=358347.573576 chunks=174 sequence=298.965s read_wait=0.171s bind_upload=1.606s attention_resident=17.357s expert_read_prefetch=184.559s expert_demand_read=111.331s expert_plan=13.084s expert_hint=0.001s expert_submit=0.001s expert_kernel=92.311s source_fence=0.001s tail_head_sync=2.626s layer_other=0.278s expert_read_gross=171.474s plan_hint=12.835s plan_sched=0.245s attn_total=17.770s attn_encode=5.500s attn_wait=8.708s attn_drain=3.563s kernel_total=66.508s kernel_host=2.446s kernel_wait=6.287s kernel_drain=57.774s
[attn-split] single: calls=15717 total=13.134s encode=4.537s wait=5.034s drain=3.563s waits=27209 untimed=4538 | wide: calls=558 total=4.637s encode=0.963s wait=3.674s drain=0.000s waits=552 untimed=552 | hint: calls=16100 total=12.905s encode=0.038s wait=12.867s drain=0.000s waits=16111 untimed=16111
[kernel-split] single: calls=16609 total=59.675s encode=1.612s wait=0.896s drain=57.167s waits=17737 untimed=13983 | wide: calls=1090 total=6.833s encode=0.834s wait=5.391s drain=0.608s waits=1090 untimed=0
[kernel-sub] materialize=0.405s moe=7.665s precommit=57.306s rest=1.132s
[metal-cache] calls=21708 zero_copy_wraps=265 copies=0 cache_entries=144 bindless=true
 the
[stats] generated=179 elapsed=304.089s speed=0.5886 token/s (1.699 s/token) chunks=175 committed_rows=216 verify_tx=5 drafts=4/10 layer_passes=16275 expert_rows=20240 expert_tiles=16573
[verify-width] w1=0 w2=5 w3=0 w4=0 w5=0 w6=0 w7=0 w8+=0              (w1 share 0.0% of 5 transactions)
[opens] expert file opens=694316 total=9.203s mean=0.013ms requested_bytes=6747012758720 (6747.0 GB)
[arrival] tiles=823 waves=1953 uncovered_wait=26.528s dispatch=6.590s
[retain] enabled=false cap_gb=8 layers=63..=92 consults=0 wanted=0 hits=0 inserts=0 served=0.0MB
[summer] enabled=false cap_gb=8 sample=16 consults=0 wanted=0 hits=0 hit_rate=0.0% misses=0 inserts=0 evictions=0 recycled=0 allocs=0 pin_skips=0 gated=0 ramp=2..50 bar=0 suppressed=0 wide_skips=0 served=0.0MB copied=0.0MB ssd_avoided=0.0GB live=0/0.0GB model=0 protected=0 declined=0 topup_suppressed=0 aged=0 into=0/0/0 pending=0
[mirror-split] internal=0 K3C=0 K3B=0 K3A=0  shares=0%/0%/0%/0%
[phases] mono=358349.096438 chunks=175 sequence=300.487s read_wait=0.171s bind_upload=1.606s attention_resident=17.428s expert_read_prefetch=185.666s expert_demand_read=111.996s expert_plan=13.164s expert_hint=0.001s expert_submit=0.001s expert_kernel=92.639s source_fence=0.001s tail_head_sync=2.640s layer_other=0.279s expert_read_gross=172.502s plan_hint=12.914s plan_sched=0.246s attn_total=17.841s attn_encode=5.520s attn_wait=8.737s attn_drain=3.584s kernel_total=66.827s kernel_host=2.456s kernel_wait=6.293s kernel_drain=58.079s
[attn-split] single: calls=15810 total=13.205s encode=4.558s wait=5.063s drain=3.584s waits=27370 untimed=4568 | wide: calls=558 total=4.637s encode=0.963s wait=3.674s drain=0.000s waits=552 untimed=552 | hint: calls=16192 total=12.984s encode=0.038s wait=12.946s drain=0.000s waits=16202 untimed=16202
[kernel-split] single: calls=16705 total=59.994s encode=1.621s wait=0.902s drain=57.471s waits=17838 untimed=14066 | wide: calls=1090 total=6.833s encode=0.834s wait=5.391s drain=0.608s waits=1090 untimed=0
[kernel-sub] materialize=0.405s moe=7.674s precommit=57.612s rest=1.137s
[metal-cache] calls=21804 zero_copy_wraps=265 copies=0 cache_entries=144 bindless=true
 casino
[stats] generated=180 elapsed=305.641s speed=0.5889 token/s (1.698 s/token) chunks=176 committed_rows=217 verify_tx=5 drafts=4/10 layer_passes=16368 expert_rows=20332 expert_tiles=16665
[verify-width] w1=0 w2=5 w3=0 w4=0 w5=0 w6=0 w7=0 w8+=0              (w1 share 0.0% of 5 transactions)
[opens] expert file opens=698288 total=9.255s mean=0.013ms requested_bytes=6781861690560 (6781.9 GB)
[arrival] tiles=824 waves=1961 uncovered_wait=26.539s dispatch=6.600s
[retain] enabled=false cap_gb=8 layers=63..=92 consults=0 wanted=0 hits=0 inserts=0 served=0.0MB
[summer] enabled=false cap_gb=8 sample=16 consults=0 wanted=0 hits=0 hit_rate=0.0% misses=0 inserts=0 evictions=0 recycled=0 allocs=0 pin_skips=0 gated=0 ramp=2..50 bar=0 suppressed=0 wide_skips=0 served=0.0MB copied=0.0MB ssd_avoided=0.0GB live=0/0.0GB model=0 protected=0 declined=0 topup_suppressed=0 aged=0 into=0/0/0 pending=0
[mirror-split] internal=0 K3C=0 K3B=0 K3A=0  shares=0%/0%/0%/0%
[phases] mono=358350.647831 chunks=176 sequence=302.038s read_wait=0.171s bind_upload=1.606s attention_resident=17.498s expert_read_prefetch=186.768s expert_demand_read=112.624s expert_plan=13.238s expert_hint=0.001s expert_submit=0.001s expert_kernel=93.000s source_fence=0.001s tail_head_sync=2.656s layer_other=0.281s expert_read_gross=173.530s plan_hint=12.986s plan_sched=0.247s attn_total=17.911s attn_encode=5.544s attn_wait=8.771s attn_drain=3.596s kernel_total=67.177s kernel_host=2.465s kernel_wait=6.298s kernel_drain=58.414s
[attn-split] single: calls=15903 total=13.274s encode=4.581s wait=5.097s drain=3.596s waits=27531 untimed=4596 | wide: calls=558 total=4.637s encode=0.963s wait=3.674s drain=0.000s waits=552 untimed=552 | hint: calls=16284 total=13.056s encode=0.039s wait=13.018s drain=0.000s waits=16293 untimed=16293
[kernel-split] single: calls=16804 total=60.344s encode=1.630s wait=0.907s drain=57.806s waits=17945 untimed=14148 | wide: calls=1090 total=6.833s encode=0.834s wait=5.391s drain=0.608s waits=1090 untimed=0
[kernel-sub] materialize=0.405s moe=7.684s precommit=57.948s rest=1.141s
[metal-cache] calls=21903 zero_copy_wraps=265 copies=0 cache_entries=144 bindless=true
 owner's
[stats] generated=181 elapsed=307.153s speed=0.5893 token/s (1.697 s/token) chunks=177 committed_rows=218 verify_tx=5 drafts=4/10 layer_passes=16461 expert_rows=20424 expert_tiles=16757
[verify-width] w1=0 w2=5 w3=0 w4=0 w5=0 w6=0 w7=0 w8+=0              (w1 share 0.0% of 5 transactions)
[opens] expert file opens=702231 total=9.309s mean=0.013ms requested_bytes=6816421100736 (6816.4 GB)
[arrival] tiles=825 waves=1966 uncovered_wait=26.547s dispatch=6.608s
[retain] enabled=false cap_gb=8 layers=63..=92 consults=0 wanted=0 hits=0 inserts=0 served=0.0MB
[summer] enabled=false cap_gb=8 sample=16 consults=0 wanted=0 hits=0 hit_rate=0.0% misses=0 inserts=0 evictions=0 recycled=0 allocs=0 pin_skips=0 gated=0 ramp=2..50 bar=0 suppressed=0 wide_skips=0 served=0.0MB copied=0.0MB ssd_avoided=0.0GB live=0/0.0GB model=0 protected=0 declined=0 topup_suppressed=0 aged=0 into=0/0/0 pending=0
[mirror-split] internal=0 K3C=0 K3B=0 K3A=0  shares=0%/0%/0%/0%
[phases] mono=358352.160145 chunks=177 sequence=303.548s read_wait=0.171s bind_upload=1.606s attention_resident=17.573s expert_read_prefetch=187.799s expert_demand_read=113.236s expert_plan=13.313s expert_hint=0.001s expert_submit=0.001s expert_kernel=93.390s source_fence=0.001s tail_head_sync=2.669s layer_other=0.282s expert_read_gross=174.484s plan_hint=13.061s plan_sched=0.249s attn_total=17.986s attn_encode=5.567s attn_wait=8.797s attn_drain=3.622s kernel_total=67.559s kernel_host=2.474s kernel_wait=6.303s kernel_drain=58.782s
[attn-split] single: calls=15996 total=13.349s encode=4.604s wait=5.123s drain=3.622s waits=27692 untimed=4619 | wide: calls=558 total=4.637s encode=0.963s wait=3.674s drain=0.000s waits=552 untimed=552 | hint: calls=16376 total=13.131s encode=0.039s wait=13.092s drain=0.000s waits=16384 untimed=16384
[kernel-split] single: calls=16900 total=60.726s encode=1.640s wait=0.912s drain=58.174s waits=18046 untimed=14229 | wide: calls=1090 total=6.833s encode=0.834s wait=5.391s drain=0.608s waits=1090 untimed=0
[kernel-sub] materialize=0.405s moe=7.692s precommit=58.316s rest=1.146s
[metal-cache] calls=21999 zero_copy_wraps=265 copies=0 cache_entries=144 bindless=true
 fingerprint
[stats] generated=182 elapsed=308.566s speed=0.5898 token/s (1.695 s/token) chunks=178 committed_rows=219 verify_tx=5 drafts=4/10 layer_passes=16554 expert_rows=20516 expert_tiles=16849
[verify-width] w1=0 w2=5 w3=0 w4=0 w5=0 w6=0 w7=0 w8+=0              (w1 share 0.0% of 5 transactions)
[opens] expert file opens=706035 total=9.358s mean=0.013ms requested_bytes=6849778482368 (6849.8 GB)
[arrival] tiles=826 waves=1973 uncovered_wait=26.558s dispatch=6.617s
[retain] enabled=false cap_gb=8 layers=63..=92 consults=0 wanted=0 hits=0 inserts=0 served=0.0MB
[summer] enabled=false cap_gb=8 sample=16 consults=0 wanted=0 hits=0 hit_rate=0.0% misses=0 inserts=0 evictions=0 recycled=0 allocs=0 pin_skips=0 gated=0 ramp=2..50 bar=0 suppressed=0 wide_skips=0 served=0.0MB copied=0.0MB ssd_avoided=0.0GB live=0/0.0GB model=0 protected=0 declined=0 topup_suppressed=0 aged=0 into=0/0/0 pending=0
[mirror-split] internal=0 K3C=0 K3B=0 K3A=0  shares=0%/0%/0%/0%
[phases] mono=358353.572533 chunks=178 sequence=304.959s read_wait=0.171s bind_upload=1.606s attention_resident=17.655s expert_read_prefetch=188.770s expert_demand_read=113.829s expert_plan=13.388s expert_hint=0.001s expert_submit=0.001s expert_kernel=93.729s source_fence=0.001s tail_head_sync=2.685s layer_other=0.284s expert_read_gross=175.381s plan_hint=13.135s plan_sched=0.250s attn_total=18.068s attn_encode=5.602s attn_wait=8.831s attn_drain=3.635s kernel_total=67.887s kernel_host=2.483s kernel_wait=6.307s kernel_drain=59.097s
[attn-split] single: calls=16089 total=13.432s encode=4.640s wait=5.157s drain=3.635s waits=27853 untimed=4649 | wide: calls=558 total=4.637s encode=0.963s wait=3.674s drain=0.000s waits=552 untimed=552 | hint: calls=16468 total=13.204s encode=0.039s wait=13.165s drain=0.000s waits=16475 untimed=16475
[kernel-split] single: calls=16998 total=61.053s encode=1.649s wait=0.916s drain=58.489s waits=18151 untimed=14309 | wide: calls=1090 total=6.833s encode=0.834s wait=5.391s drain=0.608s waits=1090 untimed=0
[kernel-sub] materialize=0.405s moe=7.700s precommit=58.631s rest=1.150s
[metal-cache] calls=22097 zero_copy_wraps=265 copies=0 cache_entries=144 bindless=true
,
[stats] generated=183 elapsed=310.098s speed=0.5901 token/s (1.695 s/token) chunks=179 committed_rows=220 verify_tx=5 drafts=4/10 layer_passes=16647 expert_rows=20608 expert_tiles=16941
[verify-width] w1=0 w2=5 w3=0 w4=0 w5=0 w6=0 w7=0 w8+=0              (w1 share 0.0% of 5 transactions)
[opens] expert file opens=709973 total=9.409s mean=0.013ms requested_bytes=6884302781632 (6884.3 GB)
[arrival] tiles=827 waves=1979 uncovered_wait=26.568s dispatch=6.626s
[retain] enabled=false cap_gb=8 layers=63..=92 consults=0 wanted=0 hits=0 inserts=0 served=0.0MB
[summer] enabled=false cap_gb=8 sample=16 consults=0 wanted=0 hits=0 hit_rate=0.0% misses=0 inserts=0 evictions=0 recycled=0 allocs=0 pin_skips=0 gated=0 ramp=2..50 bar=0 suppressed=0 wide_skips=0 served=0.0MB copied=0.0MB ssd_avoided=0.0GB live=0/0.0GB model=0 protected=0 declined=0 topup_suppressed=0 aged=0 into=0/0/0 pending=0
[mirror-split] internal=0 K3C=0 K3B=0 K3A=0  shares=0%/0%/0%/0%
[phases] mono=358355.104880 chunks=179 sequence=306.490s read_wait=0.171s bind_upload=1.606s attention_resident=17.730s expert_read_prefetch=189.857s expert_demand_read=114.488s expert_plan=13.460s expert_hint=0.001s expert_submit=0.001s expert_kernel=94.080s source_fence=0.001s tail_head_sync=2.703s layer_other=0.285s expert_read_gross=176.396s plan_hint=13.205s plan_sched=0.251s attn_total=18.143s attn_encode=5.628s attn_wait=8.866s attn_drain=3.649s kernel_total=68.227s kernel_host=2.492s kernel_wait=6.312s kernel_drain=59.423s
[attn-split] single: calls=16182 total=13.506s encode=4.665s wait=5.192s drain=3.649s waits=28014 untimed=4677 | wide: calls=558 total=4.637s encode=0.963s wait=3.674s drain=0.000s waits=552 untimed=552 | hint: calls=16560 total=13.275s encode=0.039s wait=13.236s drain=0.000s waits=16566 untimed=16566
[kernel-split] single: calls=17095 total=61.394s encode=1.658s wait=0.921s drain=58.815s waits=18254 untimed=14395 | wide: calls=1090 total=6.833s encode=0.834s wait=5.391s drain=0.608s waits=1090 untimed=0
[kernel-sub] materialize=0.405s moe=7.709s precommit=58.959s rest=1.154s
[metal-cache] calls=22194 zero_copy_wraps=265 copies=0 cache_entries=144 bindless=true
 forcing
[stats] generated=184 elapsed=311.619s speed=0.5905 token/s (1.694 s/token) chunks=180 committed_rows=221 verify_tx=5 drafts=4/10 layer_passes=16740 expert_rows=20700 expert_tiles=17033
[verify-width] w1=0 w2=5 w3=0 w4=0 w5=0 w6=0 w7=0 w8+=0              (w1 share 0.0% of 5 transactions)
[opens] expert file opens=713887 total=9.460s mean=0.013ms requested_bytes=6918607731904 (6918.6 GB)
[arrival] tiles=828 waves=1984 uncovered_wait=26.578s dispatch=6.637s
[retain] enabled=false cap_gb=8 layers=63..=92 consults=0 wanted=0 hits=0 inserts=0 served=0.0MB
[summer] enabled=false cap_gb=8 sample=16 consults=0 wanted=0 hits=0 hit_rate=0.0% misses=0 inserts=0 evictions=0 recycled=0 allocs=0 pin_skips=0 gated=0 ramp=2..50 bar=0 suppressed=0 wide_skips=0 served=0.0MB copied=0.0MB ssd_avoided=0.0GB live=0/0.0GB model=0 protected=0 declined=0 topup_suppressed=0 aged=0 into=0/0/0 pending=0
[mirror-split] internal=0 K3C=0 K3B=0 K3A=0  shares=0%/0%/0%/0%
[phases] mono=358356.625523 chunks=180 sequence=308.009s read_wait=0.171s bind_upload=1.606s attention_resident=17.800s expert_read_prefetch=190.941s expert_demand_read=115.160s expert_plan=13.540s expert_hint=0.001s expert_submit=0.001s expert_kernel=94.431s source_fence=0.001s tail_head_sync=2.716s layer_other=0.286s expert_read_gross=177.400s plan_hint=13.284s plan_sched=0.252s attn_total=18.213s attn_encode=5.650s attn_wait=8.896s attn_drain=3.666s kernel_total=68.568s kernel_host=2.501s kernel_wait=6.318s kernel_drain=59.749s
[attn-split] single: calls=16275 total=13.576s encode=4.687s wait=5.222s drain=3.666s waits=28175 untimed=4710 | wide: calls=558 total=4.637s encode=0.963s wait=3.674s drain=0.000s waits=552 untimed=552 | hint: calls=16652 total=13.354s encode=0.039s wait=13.315s drain=0.000s waits=16657 untimed=16657
[kernel-split] single: calls=17191 total=61.735s encode=1.667s wait=0.927s drain=59.141s waits=18355 untimed=14473 | wide: calls=1090 total=6.833s encode=0.834s wait=5.391s drain=0.608s waits=1090 untimed=0
[kernel-sub] materialize=0.405s moe=7.720s precommit=59.285s rest=1.158s
[metal-cache] calls=22290 zero_copy_wraps=265 copies=0 cache_entries=144 bindless=true
 the
[stats] generated=185 elapsed=313.180s speed=0.5907 token/s (1.693 s/token) chunks=181 committed_rows=222 verify_tx=5 drafts=4/10 layer_passes=16833 expert_rows=20792 expert_tiles=17125
[verify-width] w1=0 w2=5 w3=0 w4=0 w5=0 w6=0 w7=0 w8+=0              (w1 share 0.0% of 5 transactions)
[opens] expert file opens=717750 total=9.517s mean=0.013ms requested_bytes=6952517860544 (6952.5 GB)
[arrival] tiles=829 waves=1989 uncovered_wait=26.586s dispatch=6.650s
[retain] enabled=false cap_gb=8 layers=63..=92 consults=0 wanted=0 hits=0 inserts=0 served=0.0MB
[summer] enabled=false cap_gb=8 sample=16 consults=0 wanted=0 hits=0 hit_rate=0.0% misses=0 inserts=0 evictions=0 recycled=0 allocs=0 pin_skips=0 gated=0 ramp=2..50 bar=0 suppressed=0 wide_skips=0 served=0.0MB copied=0.0MB ssd_avoided=0.0GB live=0/0.0GB model=0 protected=0 declined=0 topup_suppressed=0 aged=0 into=0/0/0 pending=0
[mirror-split] internal=0 K3C=0 K3B=0 K3A=0  shares=0%/0%/0%/0%
[phases] mono=358358.187200 chunks=181 sequence=309.569s read_wait=0.171s bind_upload=1.606s attention_resident=17.885s expert_read_prefetch=192.020s expert_demand_read=115.831s expert_plan=13.621s expert_hint=0.001s expert_submit=0.001s expert_kernel=94.811s source_fence=0.001s tail_head_sync=2.729s layer_other=0.288s expert_read_gross=178.398s plan_hint=13.364s plan_sched=0.253s attn_total=18.297s attn_encode=5.678s attn_wait=8.924s attn_drain=3.695s kernel_total=68.940s kernel_host=2.514s kernel_wait=6.324s kernel_drain=60.102s
[attn-split] single: calls=16368 total=13.661s encode=4.716s wait=5.250s drain=3.695s waits=28336 untimed=4728 | wide: calls=558 total=4.637s encode=0.963s wait=3.674s drain=0.000s waits=552 untimed=552 | hint: calls=16744 total=13.434s encode=0.040s wait=13.394s drain=0.000s waits=16748 untimed=16748
[kernel-split] single: calls=17287 total=62.107s encode=1.680s wait=0.933s drain=59.495s waits=18456 untimed=14540 | wide: calls=1090 total=6.833s encode=0.834s wait=5.391s drain=0.608s waits=1090 untimed=0
[kernel-sub] materialize=0.405s moe=7.733s precommit=59.639s rest=1.163s
[metal-cache] calls=22386 zero_copy_wraps=265 copies=0 cache_entries=144 bindless=true
 cont
[stats] generated=186 elapsed=314.755s speed=0.5909 token/s (1.692 s/token) chunks=182 committed_rows=223 verify_tx=5 drafts=4/10 layer_passes=16926 expert_rows=20884 expert_tiles=17217
[verify-width] w1=0 w2=5 w3=0 w4=0 w5=0 w6=0 w7=0 w8+=0              (w1 share 0.0% of 5 transactions)
[opens] expert file opens=721764 total=9.570s mean=0.013ms requested_bytes=6987717721280 (6987.7 GB)
[arrival] tiles=830 waves=1993 uncovered_wait=26.594s dispatch=6.660s
[retain] enabled=false cap_gb=8 layers=63..=92 consults=0 wanted=0 hits=0 inserts=0 served=0.0MB
[summer] enabled=false cap_gb=8 sample=16 consults=0 wanted=0 hits=0 hit_rate=0.0% misses=0 inserts=0 evictions=0 recycled=0 allocs=0 pin_skips=0 gated=0 ramp=2..50 bar=0 suppressed=0 wide_skips=0 served=0.0MB copied=0.0MB ssd_avoided=0.0GB live=0/0.0GB model=0 protected=0 declined=0 topup_suppressed=0 aged=0 into=0/0/0 pending=0
[mirror-split] internal=0 K3C=0 K3B=0 K3A=0  shares=0%/0%/0%/0%
[phases] mono=358359.762222 chunks=182 sequence=311.143s read_wait=0.171s bind_upload=1.606s attention_resident=17.973s expert_read_prefetch=193.160s expert_demand_read=116.506s expert_plan=13.701s expert_hint=0.001s expert_submit=0.001s expert_kernel=95.139s source_fence=0.001s tail_head_sync=2.746s layer_other=0.289s expert_read_gross=179.458s plan_hint=13.443s plan_sched=0.254s attn_total=18.386s attn_encode=5.714s attn_wait=8.958s attn_drain=3.714s kernel_total=69.260s kernel_host=2.524s kernel_wait=6.329s kernel_drain=60.408s
[attn-split] single: calls=16461 total=13.749s encode=4.751s wait=5.284s drain=3.714s waits=28497 untimed=4760 | wide: calls=558 total=4.637s encode=0.963s wait=3.674s drain=0.000s waits=552 untimed=552 | hint: calls=16836 total=13.513s encode=0.040s wait=13.473s drain=0.000s waits=16839 untimed=16839
[kernel-split] single: calls=17382 total=62.427s encode=1.689s wait=0.938s drain=59.800s waits=18555 untimed=14621 | wide: calls=1090 total=6.833s encode=0.834s wait=5.391s drain=0.608s waits=1090 untimed=0
[kernel-sub] materialize=0.405s moe=7.743s precommit=59.945s rest=1.168s
[metal-cache] calls=22481 zero_copy_wraps=265 copies=0 cache_entries=144 bindless=true
[route-chain] chained=11730
[route-chain] dedup_hits=11730
ortion
[stats] generated=187 elapsed=316.296s speed=0.5912 token/s (1.691 s/token) chunks=183 committed_rows=224 verify_tx=5 drafts=4/10 layer_passes=17019 expert_rows=20976 expert_tiles=17309
[verify-width] w1=0 w2=5 w3=0 w4=0 w5=0 w6=0 w7=0 w8+=0              (w1 share 0.0% of 5 transactions)
[opens] expert file opens=725706 total=9.624s mean=0.013ms requested_bytes=7022294645952 (7022.3 GB)
[arrival] tiles=831 waves=2000 uncovered_wait=26.605s dispatch=6.669s
[retain] enabled=false cap_gb=8 layers=63..=92 consults=0 wanted=0 hits=0 inserts=0 served=0.0MB
[summer] enabled=false cap_gb=8 sample=16 consults=0 wanted=0 hits=0 hit_rate=0.0% misses=0 inserts=0 evictions=0 recycled=0 allocs=0 pin_skips=0 gated=0 ramp=2..50 bar=0 suppressed=0 wide_skips=0 served=0.0MB copied=0.0MB ssd_avoided=0.0GB live=0/0.0GB model=0 protected=0 declined=0 topup_suppressed=0 aged=0 into=0/0/0 pending=0
[mirror-split] internal=0 K3C=0 K3B=0 K3A=0  shares=0%/0%/0%/0%
[phases] mono=358361.303148 chunks=183 sequence=312.682s read_wait=0.171s bind_upload=1.606s attention_resident=18.047s expert_read_prefetch=194.276s expert_demand_read=117.200s expert_plan=13.773s expert_hint=0.001s expert_submit=0.001s expert_kernel=95.472s source_fence=0.001s tail_head_sync=2.761s layer_other=0.290s expert_read_gross=180.503s plan_hint=13.514s plan_sched=0.255s attn_total=18.459s attn_encode=5.738s attn_wait=8.983s attn_drain=3.737s kernel_total=69.582s kernel_host=2.533s kernel_wait=6.333s kernel_drain=60.716s
[attn-split] single: calls=16554 total=13.822s encode=4.775s wait=5.309s drain=3.737s waits=28658 untimed=4783 | wide: calls=558 total=4.637s encode=0.963s wait=3.674s drain=0.000s waits=552 untimed=552 | hint: calls=16928 total=13.583s encode=0.040s wait=13.543s drain=0.000s waits=16930 untimed=16930
[kernel-split] single: calls=17480 total=62.749s encode=1.698s wait=0.942s drain=60.109s waits=18660 untimed=14707 | wide: calls=1090 total=6.833s encode=0.834s wait=5.391s drain=0.608s waits=1090 untimed=0
[kernel-sub] materialize=0.405s moe=7.752s precommit=60.253s rest=1.172s
[metal-cache] calls=22579 zero_copy_wraps=265 copies=0 cache_entries=144 bindless=true
ist
[stats] generated=188 elapsed=317.908s speed=0.5914 token/s (1.691 s/token) chunks=184 committed_rows=225 verify_tx=5 drafts=4/10 layer_passes=17112 expert_rows=21068 expert_tiles=17401
[verify-width] w1=0 w2=5 w3=0 w4=0 w5=0 w6=0 w7=0 w8+=0              (w1 share 0.0% of 5 transactions)
[opens] expert file opens=729683 total=9.679s mean=0.013ms requested_bytes=7057117281472 (7057.1 GB)
[arrival] tiles=832 waves=2007 uncovered_wait=26.613s dispatch=6.678s
[retain] enabled=false cap_gb=8 layers=63..=92 consults=0 wanted=0 hits=0 inserts=0 served=0.0MB
[summer] enabled=false cap_gb=8 sample=16 consults=0 wanted=0 hits=0 hit_rate=0.0% misses=0 inserts=0 evictions=0 recycled=0 allocs=0 pin_skips=0 gated=0 ramp=2..50 bar=0 suppressed=0 wide_skips=0 served=0.0MB copied=0.0MB ssd_avoided=0.0GB live=0/0.0GB model=0 protected=0 declined=0 topup_suppressed=0 aged=0 into=0/0/0 pending=0
[mirror-split] internal=0 K3C=0 K3B=0 K3A=0  shares=0%/0%/0%/0%
[phases] mono=358362.914786 chunks=184 sequence=314.293s read_wait=0.171s bind_upload=1.606s attention_resident=18.121s expert_read_prefetch=195.433s expert_demand_read=117.901s expert_plan=13.847s expert_hint=0.001s expert_submit=0.001s expert_kernel=95.836s source_fence=0.001s tail_head_sync=2.774s layer_other=0.292s expert_read_gross=181.586s plan_hint=13.587s plan_sched=0.256s attn_total=18.533s attn_encode=5.760s attn_wait=9.010s attn_drain=3.763s kernel_total=69.938s kernel_host=2.543s kernel_wait=6.338s kernel_drain=61.057s
[attn-split] single: calls=16647 total=13.896s encode=4.797s wait=5.336s drain=3.763s waits=28819 untimed=4804 | wide: calls=558 total=4.637s encode=0.963s wait=3.674s drain=0.000s waits=552 untimed=552 | hint: calls=17020 total=13.657s encode=0.040s wait=13.616s drain=0.000s waits=17021 untimed=17021
[kernel-split] single: calls=17578 total=63.105s encode=1.709s wait=0.947s drain=60.450s waits=18765 untimed=14779 | wide: calls=1090 total=6.833s encode=0.834s wait=5.391s drain=0.608s waits=1090 untimed=0
[kernel-sub] materialize=0.405s moe=7.760s precommit=60.596s rest=1.177s
[metal-cache] calls=22677 zero_copy_wraps=265 copies=0 cache_entries=144 bindless=true
 to
[stats] generated=189 elapsed=319.394s speed=0.5917 token/s (1.690 s/token) chunks=185 committed_rows=226 verify_tx=5 drafts=4/10 layer_passes=17205 expert_rows=21160 expert_tiles=17493
[verify-width] w1=0 w2=5 w3=0 w4=0 w5=0 w6=0 w7=0 w8+=0              (w1 share 0.0% of 5 transactions)
[opens] expert file opens=733517 total=9.727s mean=0.013ms requested_bytes=7090737888448 (7090.7 GB)
[arrival] tiles=833 waves=2012 uncovered_wait=26.621s dispatch=6.687s
[retain] enabled=false cap_gb=8 layers=63..=92 consults=0 wanted=0 hits=0 inserts=0 served=0.0MB
[summer] enabled=false cap_gb=8 sample=16 consults=0 wanted=0 hits=0 hit_rate=0.0% misses=0 inserts=0 evictions=0 recycled=0 allocs=0 pin_skips=0 gated=0 ramp=2..50 bar=0 suppressed=0 wide_skips=0 served=0.0MB copied=0.0MB ssd_avoided=0.0GB live=0/0.0GB model=0 protected=0 declined=0 topup_suppressed=0 aged=0 into=0/0/0 pending=0
[mirror-split] internal=0 K3C=0 K3B=0 K3A=0  shares=0%/0%/0%/0%
[phases] mono=358364.401084 chunks=185 sequence=315.777s read_wait=0.171s bind_upload=1.606s attention_resident=18.192s expert_read_prefetch=196.477s expert_demand_read=118.565s expert_plan=13.919s expert_hint=0.001s expert_submit=0.001s expert_kernel=96.192s source_fence=0.001s tail_head_sync=2.787s layer_other=0.293s expert_read_gross=182.557s plan_hint=13.658s plan_sched=0.257s attn_total=18.604s attn_encode=5.781s attn_wait=9.037s attn_drain=3.786s kernel_total=70.285s kernel_host=2.552s kernel_wait=6.343s kernel_drain=61.389s
[attn-split] single: calls=16740 total=13.967s encode=4.818s wait=5.363s drain=3.786s waits=28980 untimed=4830 | wide: calls=558 total=4.637s encode=0.963s wait=3.674s drain=0.000s waits=552 untimed=552 | hint: calls=17112 total=13.727s encode=0.041s wait=13.687s drain=0.000s waits=17112 untimed=17112
[kernel-split] single: calls=17674 total=63.451s encode=1.718s wait=0.952s drain=60.782s waits=18866 untimed=14854 | wide: calls=1090 total=6.833s encode=0.834s wait=5.391s drain=0.608s waits=1090 untimed=0
[kernel-sub] materialize=0.405s moe=7.770s precommit=60.929s rest=1.181s
[metal-cache] calls=22773 zero_copy_wraps=265 copies=0 cache_entries=144 bindless=true
 lift
[stats] generated=190 elapsed=320.969s speed=0.5920 token/s (1.689 s/token) chunks=186 committed_rows=227 verify_tx=5 drafts=4/10 layer_passes=17298 expert_rows=21252 expert_tiles=17585
[verify-width] w1=0 w2=5 w3=0 w4=0 w5=0 w6=0 w7=0 w8+=0              (w1 share 0.0% of 5 transactions)
[opens] expert file opens=737518 total=9.779s mean=0.013ms requested_bytes=7125849980096 (7125.8 GB)
[arrival] tiles=834 waves=2019 uncovered_wait=26.630s dispatch=6.698s
[retain] enabled=false cap_gb=8 layers=63..=92 consults=0 wanted=0 hits=0 inserts=0 served=0.0MB
[summer] enabled=false cap_gb=8 sample=16 consults=0 wanted=0 hits=0 hit_rate=0.0% misses=0 inserts=0 evictions=0 recycled=0 allocs=0 pin_skips=0 gated=0 ramp=2..50 bar=0 suppressed=0 wide_skips=0 served=0.0MB copied=0.0MB ssd_avoided=0.0GB live=0/0.0GB model=0 protected=0 declined=0 topup_suppressed=0 aged=0 into=0/0/0 pending=0
[mirror-split] internal=0 K3C=0 K3B=0 K3A=0  shares=0%/0%/0%/0%
[phases] mono=358365.975885 chunks=186 sequence=317.351s read_wait=0.171s bind_upload=1.606s attention_resident=18.271s expert_read_prefetch=197.597s expert_demand_read=119.285s expert_plan=13.991s expert_hint=0.001s expert_submit=0.001s expert_kernel=96.552s source_fence=0.001s tail_head_sync=2.800s layer_other=0.294s expert_read_gross=183.606s plan_hint=13.729s plan_sched=0.258s attn_total=18.682s attn_encode=5.812s attn_wait=9.065s attn_drain=3.805s kernel_total=70.636s kernel_host=2.562s kernel_wait=6.348s kernel_drain=61.726s
[attn-split] single: calls=16833 total=14.046s encode=4.849s wait=5.391s drain=3.805s waits=29141 untimed=4857 | wide: calls=558 total=4.637s encode=0.963s wait=3.674s drain=0.000s waits=552 untimed=552 | hint: calls=17204 total=13.798s encode=0.041s wait=13.757s drain=0.000s waits=17203 untimed=17203
[kernel-split] single: calls=17772 total=63.803s encode=1.728s wait=0.957s drain=61.118s waits=18971 untimed=14934 | wide: calls=1090 total=6.833s encode=0.834s wait=5.391s drain=0.608s waits=1090 untimed=0
[kernel-sub] materialize=0.405s moe=7.780s precommit=61.266s rest=1.185s
[metal-cache] calls=22871 zero_copy_wraps=265 copies=0 cache_entries=144 bindless=true
 it
[stats] generated=191 elapsed=322.827s speed=0.5916 token/s (1.690 s/token) chunks=187 committed_rows=228 verify_tx=5 drafts=4/10 layer_passes=17391 expert_rows=21344 expert_tiles=17677
[verify-width] w1=0 w2=5 w3=0 w4=0 w5=0 w6=0 w7=0 w8+=0              (w1 share 0.0% of 5 transactions)
[opens] expert file opens=741405 total=9.828s mean=0.013ms requested_bytes=7159891754176 (7159.9 GB)
[arrival] tiles=835 waves=2025 uncovered_wait=26.638s dispatch=6.704s
[retain] enabled=false cap_gb=8 layers=63..=92 consults=0 wanted=0 hits=0 inserts=0 served=0.0MB
[summer] enabled=false cap_gb=8 sample=16 consults=0 wanted=0 hits=0 hit_rate=0.0% misses=0 inserts=0 evictions=0 recycled=0 allocs=0 pin_skips=0 gated=0 ramp=2..50 bar=0 suppressed=0 wide_skips=0 served=0.0MB copied=0.0MB ssd_avoided=0.0GB live=0/0.0GB model=0 protected=0 declined=0 topup_suppressed=0 aged=0 into=0/0/0 pending=0
[mirror-split] internal=0 K3C=0 K3B=0 K3A=0  shares=0%/0%/0%/0%
[phases] mono=358367.834284 chunks=187 sequence=319.208s read_wait=0.171s bind_upload=1.606s attention_resident=18.346s expert_read_prefetch=198.965s expert_demand_read=120.093s expert_plan=14.071s expert_hint=0.001s expert_submit=0.001s expert_kernel=96.948s source_fence=0.001s tail_head_sync=2.817s layer_other=0.296s expert_read_gross=184.894s plan_hint=13.808s plan_sched=0.259s attn_total=18.758s attn_encode=5.834s attn_wait=9.096s attn_drain=3.827s kernel_total=71.023s kernel_host=2.572s kernel_wait=6.352s kernel_drain=62.099s
[attn-split] single: calls=16926 total=14.121s encode=4.872s wait=5.422s drain=3.827s waits=29302 untimed=4874 | wide: calls=558 total=4.637s encode=0.963s wait=3.674s drain=0.000s waits=552 untimed=552 | hint: calls=17296 total=13.877s encode=0.041s wait=13.836s drain=0.000s waits=17294 untimed=17294
[kernel-split] single: calls=17869 total=64.190s encode=1.738s wait=0.961s drain=61.491s waits=19074 untimed=15009 | wide: calls=1090 total=6.833s encode=0.834s wait=5.391s drain=0.608s waits=1090 untimed=0
[kernel-sub] materialize=0.405s moe=7.787s precommit=61.641s rest=1.190s
[metal-cache] calls=22968 zero_copy_wraps=265 copies=0 cache_entries=144 bindless=true
 from
[stats] generated=192 elapsed=324.713s speed=0.5913 token/s (1.691 s/token) chunks=188 committed_rows=229 verify_tx=5 drafts=4/10 layer_passes=17484 expert_rows=21436 expert_tiles=17769
[verify-width] w1=0 w2=5 w3=0 w4=0 w5=0 w6=0 w7=0 w8+=0              (w1 share 0.0% of 5 transactions)
[opens] expert file opens=745250 total=9.876s mean=0.013ms requested_bytes=7193547537600 (7193.5 GB)
[arrival] tiles=836 waves=2033 uncovered_wait=26.654s dispatch=6.715s
[retain] enabled=false cap_gb=8 layers=63..=92 consults=0 wanted=0 hits=0 inserts=0 served=0.0MB
[summer] enabled=false cap_gb=8 sample=16 consults=0 wanted=0 hits=0 hit_rate=0.0% misses=0 inserts=0 evictions=0 recycled=0 allocs=0 pin_skips=0 gated=0 ramp=2..50 bar=0 suppressed=0 wide_skips=0 served=0.0MB copied=0.0MB ssd_avoided=0.0GB live=0/0.0GB model=0 protected=0 declined=0 topup_suppressed=0 aged=0 into=0/0/0 pending=0
[mirror-split] internal=0 K3C=0 K3B=0 K3A=0  shares=0%/0%/0%/0%
[phases] mono=358369.719771 chunks=188 sequence=321.093s read_wait=0.171s bind_upload=1.606s attention_resident=18.432s expert_read_prefetch=200.370s expert_demand_read=120.943s expert_plan=14.145s expert_hint=0.001s expert_submit=0.001s expert_kernel=97.323s source_fence=0.001s tail_head_sync=2.834s layer_other=0.297s expert_read_gross=186.225s plan_hint=13.881s plan_sched=0.260s attn_total=18.843s attn_encode=5.867s attn_wait=9.128s attn_drain=3.848s kernel_total=71.383s kernel_host=2.582s kernel_wait=6.359s kernel_drain=62.442s
[attn-split] single: calls=17019 total=14.206s encode=4.904s wait=5.454s drain=3.848s waits=29463 untimed=4897 | wide: calls=558 total=4.637s encode=0.963s wait=3.674s drain=0.000s waits=552 untimed=552 | hint: calls=17388 total=13.950s encode=0.041s wait=13.909s drain=0.000s waits=17385 untimed=17385
[kernel-split] single: calls=17968 total=64.549s encode=1.747s wait=0.968s drain=61.835s waits=19181 untimed=15089 | wide: calls=1090 total=6.833s encode=0.834s wait=5.391s drain=0.608s waits=1090 untimed=0
[kernel-sub] materialize=0.405s moe=7.797s precommit=61.986s rest=1.195s
[metal-cache] calls=23067 zero_copy_wraps=265 copies=0 cache_entries=144 bindless=true
 a
[stats] generated=193 elapsed=326.320s speed=0.5914 token/s (1.691 s/token) chunks=189 committed_rows=230 verify_tx=5 drafts=4/10 layer_passes=17577 expert_rows=21528 expert_tiles=17861
[verify-width] w1=0 w2=5 w3=0 w4=0 w5=0 w6=0 w7=0 w8+=0              (w1 share 0.0% of 5 transactions)
[opens] expert file opens=749117 total=9.925s mean=0.013ms requested_bytes=7227519073472 (7227.5 GB)
[arrival] tiles=837 waves=2041 uncovered_wait=26.671s dispatch=6.725s
[retain] enabled=false cap_gb=8 layers=63..=92 consults=0 wanted=0 hits=0 inserts=0 served=0.0MB
[summer] enabled=false cap_gb=8 sample=16 consults=0 wanted=0 hits=0 hit_rate=0.0% misses=0 inserts=0 evictions=0 recycled=0 allocs=0 pin_skips=0 gated=0 ramp=2..50 bar=0 suppressed=0 wide_skips=0 served=0.0MB copied=0.0MB ssd_avoided=0.0GB live=0/0.0GB model=0 protected=0 declined=0 topup_suppressed=0 aged=0 into=0/0/0 pending=0
[mirror-split] internal=0 K3C=0 K3B=0 K3A=0  shares=0%/0%/0%/0%
[phases] mono=358371.327072 chunks=189 sequence=322.698s read_wait=0.171s bind_upload=1.606s attention_resident=18.519s expert_read_prefetch=201.541s expert_demand_read=121.637s expert_plan=14.217s expert_hint=0.001s expert_submit=0.001s expert_kernel=97.657s source_fence=0.001s tail_head_sync=2.847s layer_other=0.298s expert_read_gross=187.323s plan_hint=13.952s plan_sched=0.261s attn_total=18.930s attn_encode=5.905s attn_wait=9.161s attn_drain=3.864s kernel_total=71.700s kernel_host=2.592s kernel_wait=6.364s kernel_drain=62.744s
[attn-split] single: calls=17112 total=14.293s encode=4.942s wait=5.487s drain=3.864s waits=29624 untimed=4922 | wide: calls=558 total=4.637s encode=0.963s wait=3.674s drain=0.000s waits=552 untimed=552 | hint: calls=17480 total=14.022s encode=0.041s wait=13.980s drain=0.000s waits=17476 untimed=17476
[kernel-split] single: calls=18067 total=64.867s encode=1.757s wait=0.973s drain=62.136s waits=19288 untimed=15177 | wide: calls=1090 total=6.833s encode=0.834s wait=5.391s drain=0.608s waits=1090 untimed=0
[kernel-sub] materialize=0.405s moe=7.807s precommit=62.289s rest=1.199s
[metal-cache] calls=23166 zero_copy_wraps=265 copies=0 cache_entries=144 bindless=true
 champagne
[stats] generated=194 elapsed=327.874s speed=0.5917 token/s (1.690 s/token) chunks=190 committed_rows=231 verify_tx=5 drafts=4/10 layer_passes=17670 expert_rows=21620 expert_tiles=17953
[verify-width] w1=0 w2=5 w3=0 w4=0 w5=0 w6=0 w7=0 w8+=0              (w1 share 0.0% of 5 transactions)
[opens] expert file opens=753078 total=9.978s mean=0.013ms requested_bytes=7262253939904 (7262.3 GB)
[arrival] tiles=838 waves=2047 uncovered_wait=26.683s dispatch=6.731s
[retain] enabled=false cap_gb=8 layers=63..=92 consults=0 wanted=0 hits=0 inserts=0 served=0.0MB
[summer] enabled=false cap_gb=8 sample=16 consults=0 wanted=0 hits=0 hit_rate=0.0% misses=0 inserts=0 evictions=0 recycled=0 allocs=0 pin_skips=0 gated=0 ramp=2..50 bar=0 suppressed=0 wide_skips=0 served=0.0MB copied=0.0MB ssd_avoided=0.0GB live=0/0.0GB model=0 protected=0 declined=0 topup_suppressed=0 aged=0 into=0/0/0 pending=0
[mirror-split] internal=0 K3C=0 K3B=0 K3A=0  shares=0%/0%/0%/0%
[phases] mono=358372.880471 chunks=190 sequence=324.251s read_wait=0.171s bind_upload=1.606s attention_resident=18.603s expert_read_prefetch=202.621s expert_demand_read=122.340s expert_plan=14.288s expert_hint=0.001s expert_submit=0.001s expert_kernel=98.028s source_fence=0.001s tail_head_sync=2.863s layer_other=0.299s expert_read_gross=188.333s plan_hint=14.022s plan_sched=0.262s attn_total=19.013s attn_encode=5.938s attn_wait=9.191s attn_drain=3.884s kernel_total=72.058s kernel_host=2.601s kernel_wait=6.367s kernel_drain=63.090s
[attn-split] single: calls=17205 total=14.377s encode=4.975s wait=5.517s drain=3.884s waits=29785 untimed=4944 | wide: calls=558 total=4.637s encode=0.963s wait=3.674s drain=0.000s waits=552 untimed=552 | hint: calls=17572 total=14.091s encode=0.042s wait=14.050s drain=0.000s waits=17567 untimed=17567
[kernel-split] single: calls=18164 total=65.224s encode=1.766s wait=0.976s drain=62.482s waits=19391 untimed=15260 | wide: calls=1090 total=6.833s encode=0.834s wait=5.391s drain=0.608s waits=1090 untimed=0
[kernel-sub] materialize=0.405s moe=7.814s precommit=62.636s rest=1.204s
[metal-cache] calls=23263 zero_copy_wraps=265 copies=0 cache_entries=144 bindless=true
 glass
[stats] generated=195 elapsed=329.405s speed=0.5920 token/s (1.689 s/token) chunks=191 committed_rows=232 verify_tx=5 drafts=4/10 layer_passes=17763 expert_rows=21712 expert_tiles=18045
[verify-width] w1=0 w2=5 w3=0 w4=0 w5=0 w6=0 w7=0 w8+=0              (w1 share 0.0% of 5 transactions)
[opens] expert file opens=756971 total=10.031s mean=0.013ms requested_bytes=7296453573824 (7296.5 GB)
[arrival] tiles=839 waves=2054 uncovered_wait=26.694s dispatch=6.739s
[retain] enabled=false cap_gb=8 layers=63..=92 consults=0 wanted=0 hits=0 inserts=0 served=0.0MB
[summer] enabled=false cap_gb=8 sample=16 consults=0 wanted=0 hits=0 hit_rate=0.0% misses=0 inserts=0 evictions=0 recycled=0 allocs=0 pin_skips=0 gated=0 ramp=2..50 bar=0 suppressed=0 wide_skips=0 served=0.0MB copied=0.0MB ssd_avoided=0.0GB live=0/0.0GB model=0 protected=0 declined=0 topup_suppressed=0 aged=0 into=0/0/0 pending=0
[mirror-split] internal=0 K3C=0 K3B=0 K3A=0  shares=0%/0%/0%/0%
[phases] mono=358374.412520 chunks=191 sequence=325.766s read_wait=0.171s bind_upload=1.606s attention_resident=18.667s expert_read_prefetch=203.701s expert_demand_read=122.954s expert_plan=14.357s expert_hint=0.001s expert_submit=0.001s expert_kernel=98.383s source_fence=0.001s tail_head_sync=2.877s layer_other=0.301s expert_read_gross=189.344s plan_hint=14.090s plan_sched=0.263s attn_total=19.078s attn_encode=5.959s attn_wait=9.221s attn_drain=3.898s kernel_total=72.402s kernel_host=2.610s kernel_wait=6.372s kernel_drain=63.421s
[attn-split] single: calls=17298 total=14.441s encode=4.996s wait=5.547s drain=3.898s waits=29946 untimed=4976 | wide: calls=558 total=4.637s encode=0.963s wait=3.674s drain=0.000s waits=552 untimed=552 | hint: calls=17664 total=14.159s encode=0.042s wait=14.117s drain=0.000s waits=17658 untimed=17658
[kernel-split] single: calls=18262 total=65.569s encode=1.775s wait=0.981s drain=62.813s waits=19496 untimed=15338 | wide: calls=1090 total=6.833s encode=0.834s wait=5.391s drain=0.608s waits=1090 untimed=0
[kernel-sub] materialize=0.405s moe=7.821s precommit=62.968s rest=1.208s
[metal-cache] calls=23361 zero_copy_wraps=265 copies=0 cache_entries=144 bindless=true
 while
[stats] generated=196 elapsed=330.887s speed=0.5923 token/s (1.688 s/token) chunks=192 committed_rows=233 verify_tx=5 drafts=4/10 layer_passes=17856 expert_rows=21804 expert_tiles=18137
[verify-width] w1=0 w2=5 w3=0 w4=0 w5=0 w6=0 w7=0 w8+=0              (w1 share 0.0% of 5 transactions)
[opens] expert file opens=760867 total=10.080s mean=0.013ms requested_bytes=7330583084224 (7330.6 GB)
[arrival] tiles=840 waves=2062 uncovered_wait=26.704s dispatch=6.751s
[retain] enabled=false cap_gb=8 layers=63..=92 consults=0 wanted=0 hits=0 inserts=0 served=0.0MB
[summer] enabled=false cap_gb=8 sample=16 consults=0 wanted=0 hits=0 hit_rate=0.0% misses=0 inserts=0 evictions=0 recycled=0 allocs=0 pin_skips=0 gated=0 ramp=2..50 bar=0 suppressed=0 wide_skips=0 served=0.0MB copied=0.0MB ssd_avoided=0.0GB live=0/0.0GB model=0 protected=0 declined=0 topup_suppressed=0 aged=0 into=0/0/0 pending=0
[mirror-split] internal=0 K3C=0 K3B=0 K3A=0  shares=0%/0%/0%/0%
[phases] mono=358375.893849 chunks=192 sequence=327.246s read_wait=0.171s bind_upload=1.606s attention_resident=18.740s expert_read_prefetch=204.729s expert_demand_read=123.540s expert_plan=14.436s expert_hint=0.001s expert_submit=0.001s expert_kernel=98.747s source_fence=0.001s tail_head_sync=2.890s layer_other=0.302s expert_read_gross=190.293s plan_hint=14.168s plan_sched=0.264s attn_total=19.151s attn_encode=5.982s attn_wait=9.252s attn_drain=3.917s kernel_total=72.756s kernel_host=2.619s kernel_wait=6.378s kernel_drain=63.759s
[attn-split] single: calls=17391 total=14.514s encode=5.019s wait=5.578s drain=3.917s waits=30107 untimed=5004 | wide: calls=558 total=4.637s encode=0.963s wait=3.674s drain=0.000s waits=552 untimed=552 | hint: calls=17756 total=14.237s encode=0.042s wait=14.195s drain=0.000s waits=17749 untimed=17749
[kernel-split] single: calls=18361 total=65.923s encode=1.785s wait=0.987s drain=63.151s waits=19603 untimed=15416 | wide: calls=1090 total=6.833s encode=0.834s wait=5.391s drain=0.608s waits=1090 untimed=0
[kernel-sub] materialize=0.405s moe=7.833s precommit=63.307s rest=1.212s
[metal-cache] calls=23460 zero_copy_wraps=265 copies=0 cache_entries=144 bindless=true
 the
[stats] generated=197 elapsed=332.435s speed=0.5926 token/s (1.687 s/token) chunks=193 committed_rows=234 verify_tx=5 drafts=4/10 layer_passes=17949 expert_rows=21896 expert_tiles=18229
[verify-width] w1=0 w2=5 w3=0 w4=0 w5=0 w6=0 w7=0 w8+=0              (w1 share 0.0% of 5 transactions)
[opens] expert file opens=764810 total=10.133s mean=0.013ms requested_bytes=7365186337984 (7365.2 GB)
[arrival] tiles=841 waves=2066 uncovered_wait=26.713s dispatch=6.759s
[retain] enabled=false cap_gb=8 layers=63..=92 consults=0 wanted=0 hits=0 inserts=0 served=0.0MB
[summer] enabled=false cap_gb=8 sample=16 consults=0 wanted=0 hits=0 hit_rate=0.0% misses=0 inserts=0 evictions=0 recycled=0 allocs=0 pin_skips=0 gated=0 ramp=2..50 bar=0 suppressed=0 wide_skips=0 served=0.0MB copied=0.0MB ssd_avoided=0.0GB live=0/0.0GB model=0 protected=0 declined=0 topup_suppressed=0 aged=0 into=0/0/0 pending=0
[mirror-split] internal=0 K3C=0 K3B=0 K3A=0  shares=0%/0%/0%/0%
[phases] mono=358377.441828 chunks=193 sequence=328.793s read_wait=0.171s bind_upload=1.606s attention_resident=18.816s expert_read_prefetch=205.783s expert_demand_read=124.189s expert_plan=14.506s expert_hint=0.001s expert_submit=0.001s expert_kernel=99.145s source_fence=0.001s tail_head_sync=2.907s layer_other=0.303s expert_read_gross=191.276s plan_hint=14.237s plan_sched=0.265s attn_total=19.226s attn_encode=6.004s attn_wait=9.284s attn_drain=3.938s kernel_total=73.145s kernel_host=2.628s kernel_wait=6.382s kernel_drain=64.135s
[attn-split] single: calls=17484 total=14.590s encode=5.042s wait=5.610s drain=3.938s waits=30268 untimed=5028 | wide: calls=558 total=4.637s encode=0.963s wait=3.674s drain=0.000s waits=552 untimed=552 | hint: calls=17848 total=14.306s encode=0.042s wait=14.264s drain=0.000s waits=17840 untimed=17840
[kernel-split] single: calls=18456 total=66.312s encode=1.794s wait=0.991s drain=63.527s waits=19702 untimed=15491 | wide: calls=1090 total=6.833s encode=0.834s wait=5.391s drain=0.608s waits=1090 untimed=0
[kernel-sub] materialize=0.405s moe=7.840s precommit=63.683s rest=1.217s
[metal-cache] calls=23555 zero_copy_wraps=265 copies=0 cache_entries=144 bindless=true
[route-chain] chained=12420
[route-chain] dedup_hits=12420
 driver
[stats] generated=198 elapsed=333.989s speed=0.5928 token/s (1.687 s/token) chunks=194 committed_rows=235 verify_tx=5 drafts=4/10 layer_passes=18042 expert_rows=21988 expert_tiles=18321
[verify-width] w1=0 w2=5 w3=0 w4=0 w5=0 w6=0 w7=0 w8+=0              (w1 share 0.0% of 5 transactions)
[opens] expert file opens=768826 total=10.186s mean=0.013ms requested_bytes=7400386215104 (7400.4 GB)
[arrival] tiles=842 waves=2073 uncovered_wait=26.722s dispatch=6.767s
[retain] enabled=false cap_gb=8 layers=63..=92 consults=0 wanted=0 hits=0 inserts=0 served=0.0MB
[summer] enabled=false cap_gb=8 sample=16 consults=0 wanted=0 hits=0 hit_rate=0.0% misses=0 inserts=0 evictions=0 recycled=0 allocs=0 pin_skips=0 gated=0 ramp=2..50 bar=0 suppressed=0 wide_skips=0 served=0.0MB copied=0.0MB ssd_avoided=0.0GB live=0/0.0GB model=0 protected=0 declined=0 topup_suppressed=0 aged=0 into=0/0/0 pending=0
[mirror-split] internal=0 K3C=0 K3B=0 K3A=0  shares=0%/0%/0%/0%
[phases] mono=358378.996219 chunks=194 sequence=330.346s read_wait=0.171s bind_upload=1.606s attention_resident=18.900s expert_read_prefetch=206.867s expert_demand_read=124.812s expert_plan=14.577s expert_hint=0.001s expert_submit=0.001s expert_kernel=99.512s source_fence=0.001s tail_head_sync=2.924s layer_other=0.305s expert_read_gross=192.290s plan_hint=14.306s plan_sched=0.266s attn_total=19.310s attn_encode=6.038s attn_wait=9.315s attn_drain=3.958s kernel_total=73.502s kernel_host=2.637s kernel_wait=6.387s kernel_drain=64.478s
[attn-split] single: calls=17577 total=14.674s encode=5.075s wait=5.641s drain=3.958s waits=30429 untimed=5061 | wide: calls=558 total=4.637s encode=0.963s wait=3.674s drain=0.000s waits=552 untimed=552 | hint: calls=17940 total=14.376s encode=0.043s wait=14.333s drain=0.000s waits=17931 untimed=17931
[kernel-split] single: calls=18554 total=66.669s encode=1.803s wait=0.996s drain=63.870s waits=19807 untimed=15575 | wide: calls=1090 total=6.833s encode=0.834s wait=5.391s drain=0.608s waits=1090 untimed=0
[kernel-sub] materialize=0.405s moe=7.848s precommit=64.028s rest=1.221s
[metal-cache] calls=23653 zero_copy_wraps=265 copies=0 cache_entries=144 bindless=true
 creates
[stats] generated=199 elapsed=335.515s speed=0.5931 token/s (1.686 s/token) chunks=195 committed_rows=236 verify_tx=5 drafts=4/10 layer_passes=18135 expert_rows=22080 expert_tiles=18413
[verify-width] w1=0 w2=5 w3=0 w4=0 w5=0 w6=0 w7=0 w8+=0              (w1 share 0.0% of 5 transactions)
[opens] expert file opens=772717 total=10.236s mean=0.013ms requested_bytes=7434506943680 (7434.5 GB)
[arrival] tiles=843 waves=2077 uncovered_wait=26.731s dispatch=6.775s
[retain] enabled=false cap_gb=8 layers=63..=92 consults=0 wanted=0 hits=0 inserts=0 served=0.0MB
[summer] enabled=false cap_gb=8 sample=16 consults=0 wanted=0 hits=0 hit_rate=0.0% misses=0 inserts=0 evictions=0 recycled=0 allocs=0 pin_skips=0 gated=0 ramp=2..50 bar=0 suppressed=0 wide_skips=0 served=0.0MB copied=0.0MB ssd_avoided=0.0GB live=0/0.0GB model=0 protected=0 declined=0 topup_suppressed=0 aged=0 into=0/0/0 pending=0
[mirror-split] internal=0 K3C=0 K3B=0 K3A=0  shares=0%/0%/0%/0%
[phases] mono=358380.522136 chunks=195 sequence=331.870s read_wait=0.171s bind_upload=1.606s attention_resident=18.969s expert_read_prefetch=207.963s expert_demand_read=125.455s expert_plan=14.656s expert_hint=0.001s expert_submit=0.001s expert_kernel=99.855s source_fence=0.001s tail_head_sync=2.940s layer_other=0.306s expert_read_gross=193.306s plan_hint=14.385s plan_sched=0.267s attn_total=19.379s attn_encode=6.060s attn_wait=9.338s attn_drain=3.980s kernel_total=73.836s kernel_host=2.647s kernel_wait=6.391s kernel_drain=64.798s
[attn-split] single: calls=17670 total=14.742s encode=5.097s wait=5.664s drain=3.980s waits=30590 untimed=5095 | wide: calls=558 total=4.637s encode=0.963s wait=3.674s drain=0.000s waits=552 untimed=552 | hint: calls=18032 total=14.454s encode=0.043s wait=14.411s drain=0.000s waits=18022 untimed=18022
[kernel-split] single: calls=18649 total=67.003s encode=1.812s wait=1.000s drain=64.190s waits=19906 untimed=15659 | wide: calls=1090 total=6.833s encode=0.834s wait=5.391s drain=0.608s waits=1090 untimed=0
[kernel-sub] materialize=0.405s moe=7.856s precommit=64.350s rest=1.225s
[metal-cache] calls=23748 zero_copy_wraps=265 copies=0 cache_entries=144 bindless=true
 a
[stats] generated=200 elapsed=337.048s speed=0.5934 token/s (1.685 s/token) chunks=196 committed_rows=237 verify_tx=5 drafts=4/10 layer_passes=18228 expert_rows=22172 expert_tiles=18505
[verify-width] w1=0 w2=5 w3=0 w4=0 w5=0 w6=0 w7=0 w8+=0              (w1 share 0.0% of 5 transactions)
[opens] expert file opens=776613 total=10.290s mean=0.013ms requested_bytes=7468706610368 (7468.7 GB)
[arrival] tiles=844 waves=2085 uncovered_wait=26.740s dispatch=6.786s
[retain] enabled=false cap_gb=8 layers=63..=92 consults=0 wanted=0 hits=0 inserts=0 served=0.0MB
[summer] enabled=false cap_gb=8 sample=16 consults=0 wanted=0 hits=0 hit_rate=0.0% misses=0 inserts=0 evictions=0 recycled=0 allocs=0 pin_skips=0 gated=0 ramp=2..50 bar=0 suppressed=0 wide_skips=0 served=0.0MB copied=0.0MB ssd_avoided=0.0GB live=0/0.0GB model=0 protected=0 declined=0 topup_suppressed=0 aged=0 into=0/0/0 pending=0
[mirror-split] internal=0 K3C=0 K3B=0 K3A=0  shares=0%/0%/0%/0%
[phases] mono=358382.055341 chunks=196 sequence=333.402s read_wait=0.171s bind_upload=1.606s attention_resident=19.051s expert_read_prefetch=209.002s expert_demand_read=126.088s expert_plan=14.723s expert_hint=0.001s expert_submit=0.001s expert_kernel=100.247s source_fence=0.001s tail_head_sync=2.957s layer_other=0.308s expert_read_gross=194.278s plan_hint=14.451s plan_sched=0.268s attn_total=19.460s attn_encode=6.089s attn_wait=9.364s attn_drain=4.007s kernel_total=74.220s kernel_host=2.657s kernel_wait=6.398s kernel_drain=65.165s
[attn-split] single: calls=17763 total=14.824s encode=5.127s wait=5.690s drain=4.007s waits=30751 untimed=5126 | wide: calls=558 total=4.637s encode=0.963s wait=3.674s drain=0.000s waits=552 untimed=552 | hint: calls=18124 total=14.520s encode=0.043s wait=14.477s drain=0.000s waits=18113 untimed=18113
[kernel-split] single: calls=18748 total=67.387s encode=1.823s wait=1.007s drain=64.557s waits=20013 untimed=15743 | wide: calls=1090 total=6.833s encode=0.834s wait=5.391s drain=0.608s waits=1090 untimed=0
[kernel-sub] materialize=0.405s moe=7.868s precommit=64.718s rest=1.230s
[metal-cache] calls=23847 zero_copy_wraps=265 copies=0 cache_entries=144 bindless=true

[native] Qwen proposals=6 tokens=4/10 fallbacks=1 verify-memory-rejections=0 wide-loads=0 wide-invocations=0 wide-skips=0 wide-failures=0 raw-overrides=0 raw-override-failures=0
WALL_SECONDS=344
