t_s,dev,v1,v2,v3
0.2050,disk0,939581003964416,2118940300,12918728233181165
0.2050,disk0w,2190180790272,19800881,1286111933842
0.2050,disk4,7287649503232,14691524,85809711436870
0.2050,disk4w,2195456,171,27582691
0.2050,disk8,7179045545984,7255967,62254309501466
0.2050,disk8w,352055296,46062,2394131111
0.2050,disk6,12643378112512,20627782,174979160350403
0.2050,disk6w,491520,70,201274851
0.2050,ram,67819913216,5808013312,284337
0.2050,cpu,15821690,22669699,542981251
0.2050,gpu,0,0,0
0.4050,disk0,939581003964416,2118940300,12918728233181165
0.4050,disk0w,2190180790272,19800881,1286111933842
0.4050,disk4,7287649503232,14691524,85809711436870
0.4050,disk4w,2195456,171,27582691
0.4050,disk8,7179045545984,7255967,62254309501466
0.4050,disk8w,352055296,46062,2394131111
0.4050,disk6,12643378112512,20627782,174979160350403
0.4050,disk6w,491520,70,201274851
0.4050,ram,67819913216,5808013312,284337
0.4050,cpu,15821690,22669699,542981251
0.4050,gpu,0,0,0
0.6007,disk0,939581003964416,2118940300,12918728233181165
0.6007,disk0w,2190180790272,19800881,1286111933842
0.6007,disk4,7287649503232,14691524,85809711436870
0.6007,disk4w,2195456,171,27582691
0.6007,disk8,7179045545984,7255967,62254309501466
0.6007,disk8w,352055296,46062,2394131111
0.6007,disk6,12643378112512,20627782,174979160350403
0.6007,disk6w,491520,70,201274851
0.6007,ram,67819913216,5808013312,284337
0.6007,cpu,15821690,22669699,542981251
0.6007,gpu,0,0,0
0.8050,disk0,939581003964416,2118940300,12918728233181165
0.8050,disk0w,2190180790272,19800881,1286111933842
0.8050,disk4,7287649503232,14691524,85809711436870
0.8050,disk4w,2195456,171,27582691
0.8050,disk8,7179045545984,7255967,62254309501466
0.8050,disk8w,352055296,46062,2394131111
0.8050,disk6,12643378112512,20627782,174979160350403
0.8050,disk6w,491520,70,201274851
0.8050,ram,67819913216,5808013312,284337
0.8050,cpu,15821690,22669699,542981251
0.8050,gpu,0,0,0
1.0050,disk0,939581003964416,2118940300,12918728233181165
1.0050,disk0w,2190180790272,19800881,1286111933842
1.0050,disk4,7287649503232,14691524,85809711436870
1.0050,disk4w,2195456,171,27582691
1.0050,disk8,7179045545984,7255967,62254309501466
1.0050,disk8w,352055296,46062,2394131111
1.0050,disk6,12643378112512,20627782,174979160350403
1.0050,disk6w,491520,70,201274851
1.0050,ram,67629662208,6457458688,284337
1.0050,cpu,15821763,22669768,542982957
1.0050,gpu,0,0,0
1.2040,disk0,939581011755008,2118940875,12918728280596554
1.2040,disk0w,2190180790272,19800881,1286111933842
1.2040,disk4,7287649503232,14691524,85809711436870
1.2040,disk4w,2195456,171,27582691
1.2040,disk8,7179045545984,7255967,62254309501466
1.2040,disk8w,352055296,46062,2394131111
1.2040,disk6,12643378112512,20627782,174979160350403
1.2040,disk6w,491520,70,201274851
1.2040,ram,67629662208,6457458688,284337
1.2040,cpu,15821763,22669768,542982957
1.2040,gpu,0,0,0
1.4050,disk0,939581019873280,2118942857,12918728408052879
1.4050,disk0w,2190180790272,19800881,1286111933842
1.4050,disk4,7287649503232,14691524,85809711436870
1.4050,disk4w,2195456,171,27582691
1.4050,disk8,7179045545984,7255967,62254309501466
1.4050,disk8w,352055296,46062,2394131111
1.4050,disk6,12643378112512,20627782,174979160350403
1.4050,disk6w,491520,70,201274851
1.4050,ram,67629662208,6457458688,284337
1.4050,cpu,15821763,22669768,542982957
1.4050,gpu,0,0,0
1.6050,disk0,939581027655680,2118944757,12918728531791880
1.6050,disk0w,2190180790272,19800881,1286111933842
1.6050,disk4,7287649503232,14691524,85809711436870
1.6050,disk4w,2195456,171,27582691
1.6050,disk8,7179045545984,7255967,62254309501466
1.6050,disk8w,352055296,46062,2394131111
1.6050,disk6,12643378112512,20627782,174979160350403
1.6050,disk6w,491520,70,201274851
1.6050,ram,67629662208,6457458688,284337
1.6050,cpu,15821763,22669768,542982957
1.6050,gpu,0,0,0
1.8028,disk0,939581034000384,2118946306,12918728638474562
1.8028,disk0w,2190180790272,19800881,1286111933842
1.8028,disk4,7287649503232,14691524,85809711436870
1.8028,disk4w,2195456,171,27582691
1.8028,disk8,7179045545984,7255967,62254309501466
1.8028,disk8w,352055296,46062,2394131111
1.8028,disk6,12643378112512,20627782,174979160350403
1.8028,disk6w,491520,70,201274851
1.8028,ram,67629662208,6457458688,284337
1.8028,cpu,15821763,22669768,542982957
1.8028,gpu,25,25,0
2.0049,disk0,939581035708416,2118946723,12918728669766010
2.0049,disk0w,2190180794368,19800882,1286111947925
2.0049,disk4,7287649503232,14691524,85809711436870
2.0049,disk4w,2195456,171,27582691
2.0049,disk8,7179045545984,7255967,62254309501466
2.0049,disk8w,352055296,46062,2394131111
2.0049,disk6,12643414263808,20627979,174979452196922
2.0049,disk6w,491520,70,201274851
2.0049,ram,67574087680,6287212544,284337
2.0049,cpu,15821849,22669896,542984549
2.0049,gpu,0,0,0
2.2050,disk0,939581035708416,2118946723,12918728669766010
2.2050,disk0w,2190180794368,19800882,1286111947925
2.2050,disk4,7287649503232,14691524,85809711436870
2.2050,disk4w,2195456,171,27582691
2.2050,disk8,7179045545984,7255967,62254309501466
2.2050,disk8w,352055296,46062,2394131111
2.2050,disk6,12644553312256,20629212,174988939831434
2.2050,disk6w,491520,70,201274851
2.2050,ram,67574087680,6287212544,284337
2.2050,cpu,15821849,22669896,542984549
2.2050,gpu,0,0,0
2.4050,disk0,939581035708416,2118946723,12918728669766010
2.4050,disk0w,2190180794368,19800882,1286111947925
2.4050,disk4,7287649503232,14691524,85809711436870
2.4050,disk4w,2195456,171,27582691
2.4050,disk8,7179045545984,7255967,62254309501466
2.4050,disk8w,352055296,46062,2394131111
2.4050,disk6,12645594597376,20631770,175007620350489
2.4050,disk6w,491520,70,201274851
2.4050,ram,67574087680,6287212544,284337
2.4050,cpu,15821849,22669896,542984549
2.4050,gpu,0,0,0
2.6040,disk0,939581036097536,2118946740,12918728672737340
2.6040,disk0w,2190180794368,19800882,1286111947925
2.6040,disk4,7287649503232,14691524,85809711436870
2.6040,disk4w,2195456,171,27582691
2.6040,disk8,7179045545984,7255967,62254309501466
2.6040,disk8w,352055296,46062,2394131111
2.6040,disk6,12646622259200,20635491,175030681963099
2.6040,disk6w,491520,70,201274851
2.6040,ram,67574087680,6287212544,284337
2.6040,cpu,15821849,22669896,542984549
2.6040,gpu,0,0,0
2.8040,disk0,939581923311616,2118948160,12918741918248630
2.8040,disk0w,2190180794368,19800882,1286111947925
2.8040,disk4,7288190126080,14692630,85825389917917
2.8040,disk4w,2195456,171,27582691
2.8040,disk8,7179630372864,7256535,62262235287736
2.8040,disk8w,352055296,46062,2394131111
2.8040,disk6,12647812667392,20637829,175057872920987
2.8040,disk6w,491520,70,201274851
2.8040,ram,67574087680,6287212544,284337
2.8040,cpu,15821849,22669896,542984549
2.8040,gpu,0,0,0
3.0050,disk0,939583147016192,2118950414,12918760217853551
3.0050,disk0w,2190180794368,19800882,1286111947925
3.0050,disk4,7288989427712,14694267,85849854474159
3.0050,disk4w,2195456,171,27582691
3.0050,disk8,7180458371072,7257338,62274596717686
3.0050,disk8w,352055296,46062,2394131111
3.0050,disk6,12648744421376,20638886,175074547823268
3.0050,disk6w,491520,70,201274851
3.0050,ram,57666306048,9715236864,284337
3.0050,cpu,15821908,22670017,542986120
3.0050,gpu,0,0,0
3.2050,disk0,939584212156416,2118952295,12918777782215441
3.2050,disk0w,2190180794368,19800882,1286111947925
3.2050,disk4,7289579702272,14695484,85868059913479
3.2050,disk4w,2195456,171,27582691
3.2050,disk8,7181081028608,7257943,62283474089640
3.2050,disk8w,352055296,46062,2394131111
3.2050,disk6,12649837545472,20641072,175099662661918
3.2050,disk6w,491520,70,201274851
3.2050,ram,57666306048,9715236864,284337
3.2050,cpu,15821908,22670017,542986120
3.2050,gpu,0,0,0
3.4050,disk0,939585313783808,2118953837,12918792711076353
3.4050,disk0w,2190180794368,19800882,1286111947925
3.4050,disk4,7290362841088,14697089,85893473482985
3.4050,disk4w,2195456,171,27582691
3.4050,disk8,7181762783232,7258603,62293185452931
3.4050,disk8w,352055296,46062,2394131111
3.4050,disk6,12650821679104,20642378,175120247774408
3.4050,disk6w,491520,70,201274851
3.4050,ram,57666306048,9715236864,284337
3.4050,cpu,15821908,22670017,542986120
3.4050,gpu,0,0,0
3.6050,disk0,939586651226112,2118955838,12918813600830243
3.6050,disk0w,2190180986880,19800897,1286112282085
3.6050,disk4,7291246692352,14698903,85923764278364
3.6050,disk4w,2195456,171,27582691
3.6050,disk8,7182554998784,7259372,62305848090051
3.6050,disk8w,352055296,46062,2394131111
3.6050,disk6,12651899516928,20643682,175144934679304
3.6050,disk6w,491520,70,201274851
3.6050,ram,57666306048,9715236864,284337
3.6050,cpu,15821908,22670017,542986120
3.6050,gpu,0,0,0
3.8050,disk0,939588019929088,2118959011,12918837891220542
3.8050,disk0w,2190180999168,19800900,1286116965209
3.8050,disk4,7291878393856,14700199,85943607091328
3.8050,disk4w,2195456,171,27582691
3.8050,disk8,7183221794816,7260021,62316349886956
3.8050,disk8w,352055296,46062,2394131111
3.8050,disk6,12653104633856,20645892,175170731512176
3.8050,disk6w,491520,70,201274851
3.8050,ram,57666306048,9715236864,284337
3.8050,cpu,15821908,22670017,542986120
3.8050,gpu,0,0,0
4.0050,disk0,939589389041664,2118962251,12918860538720348
4.0050,disk0w,2190180999168,19800900,1286116965209
4.0050,disk4,7292539504640,14701548,85961623949197
4.0050,disk4w,2195456,171,27582691
4.0050,disk8,7183993415680,7260768,62328385678210
4.0050,disk8w,352055296,46062,2394131111
4.0050,disk6,12654122080256,20647743,175189405816138
4.0050,disk6w,491520,70,201274851
4.0050,ram,52695105536,12269125632,284337
4.0050,cpu,15821999,22670211,542987677
4.0050,gpu,0,0,0
4.2050,disk0,939590871875584,2118966252,12918886045502842
4.2050,disk0w,2190180999168,19800900,1286116965209
4.2050,disk4,7293216229376,14702942,85980738786605
4.2050,disk4w,2195456,171,27582691
4.2050,disk8,7185159612416,7261901,62352373344502
4.2050,disk8w,352055296,46062,2394131111
4.2050,disk6,12655362324480,20649649,175223031854906
4.2050,disk6w,491520,70,201274851
4.2050,ram,52695105536,12269125632,284337
4.2050,cpu,15821999,22670213,542987693
4.2050,gpu,0,0,0
4.4050,disk0,939591691948032,2118968107,12918898650241937
4.4050,disk0w,2190181048320,19800901,1286117392209
4.4050,disk4,7293667436544,14703865,85993326521093
4.4050,disk4w,2195456,171,27582691
4.4050,disk8,7185725859840,7262452,62361261310512
4.4050,disk8w,352055296,46062,2394131111
4.4050,disk6,12656744822784,20652257,175262073558331
4.4050,disk6w,491520,70,201274851
4.4050,ram,52695105536,12269125632,284337
4.4050,cpu,15821999,22670213,542987693
4.4050,gpu,0,0,0
4.6044,disk0,939592944865280,2118971025,12918919713041380
4.6044,disk0w,2190181048320,19800901,1286117392209
4.6044,disk4,7294288136192,14705139,86011589079591
4.6044,disk4w,2195456,171,27582691
4.6044,disk8,7186722088960,7263420,62380057639737
4.6044,disk8w,352055296,46062,2394131111
4.6044,disk6,12657733507072,20653806,175289790931983
4.6044,disk6w,491520,70,201274851
4.6044,ram,52695105536,12269125632,284337
4.6044,cpu,15821999,22670213,542987693
4.6044,gpu,0,0,0
4.8050,disk0,939594003550208,2118973409,12918936503466492
4.8050,disk0w,2190181048320,19800901,1286117392209
4.8050,disk4,7294896580608,14706384,86027753807894
4.8050,disk4w,2195456,171,27582691
4.8050,disk8,7187494021120,7264168,62391190751281
4.8050,disk8w,352055296,46062,2394131111
4.8050,disk6,12659007375360,20656039,175318090428528
4.8050,disk6w,491520,70,201274851
4.8050,ram,52695105536,12269125632,284337
4.8050,cpu,15821999,22670213,542987693
4.8050,gpu,0,0,0
5.0050,disk0,939595321229312,2118975790,12918957414634819
5.0050,disk0w,2190181048320,19800901,1286117392209
5.0050,disk4,7295605835776,14707838,86047766527691
5.0050,disk4w,2195456,171,27582691
5.0050,disk8,7188714088448,7265356,62415627576340
5.0050,disk8w,352055296,46062,2394131111
5.0050,disk6,12659956402176,20657765,175342553787156
5.0050,disk6w,491520,70,201274851
5.0050,ram,50200444928,13503021056,284337
5.0050,cpu,15822050,22670369,542989252
5.0050,gpu,0,0,0
5.2053,disk0,939596314140672,2118978017,12918973501225507
5.2053,disk0w,2190181048320,19800901,1286117392209
5.2053,disk4,7296586303488,14709856,86084600003067
5.2053,disk4w,2195456,171,27582691
5.2053,disk8,7189614241792,7266231,62433644578417
5.2053,disk8w,352055296,46062,2394131111
5.2053,disk6,12660646610944,20658795,175358076740610
5.2053,disk6w,491520,70,201274851
5.2053,ram,50200444928,13503021056,284337
5.2053,cpu,15822050,22670369,542989252
5.2053,gpu,0,0,0
5.4050,disk0,939597376987136,2118979881,12918989705998496
5.4050,disk0w,2190181048320,19800901,1286117392209
5.4050,disk4,7297177667584,14711069,86100067784544
5.4050,disk4w,2195456,171,27582691
5.4050,disk8,7190468814848,7267061,62446972799344
5.4050,disk8w,352055296,46062,2394131111
5.4050,disk6,12661936130048,20661130,175389550197698
5.4050,disk6w,491520,70,201274851
5.4050,ram,50200444928,13503021056,284337
5.4050,cpu,15822050,22670369,542989252
5.4050,gpu,0,0,0
5.6050,disk0,939598462017536,2118981730,12919007070829124
5.6050,disk0w,2190181048320,19800901,1286117392209
5.6050,disk4,7297697024000,14712134,86114061815613
5.6050,disk4w,2195456,171,27582691
5.6050,disk8,7191357712384,7267925,62464271738640
5.6050,disk8w,352055296,46062,2394131111
5.6050,disk6,12663109249024,20663091,175425290102215
5.6050,disk6w,491520,70,201274851
5.6050,ram,50200444928,13503021056,284337
5.6050,cpu,15822050,22670369,542989252
5.6050,gpu,0,0,0
5.8050,disk0,939599268044800,2118990032,12919022230852334
5.8050,disk0w,2190181048320,19800901,1286117392209
5.8050,disk4,7298195408896,14713156,86128199238402
5.8050,disk4w,2195456,171,27582691
5.8050,disk8,7192012974080,7268560,62474341459102
5.8050,disk8w,352055296,46062,2394131111
5.8050,disk6,12664439138304,20665363,175462651686017
5.8050,disk6w,491520,70,201274851
5.8050,ram,50200444928,13503021056,284337
5.8050,cpu,15822050,22670369,542989252
5.8050,gpu,0,0,0
6.0050,disk0,939600656678912,2119033660,12919064786728019
6.0050,disk0w,2190181048320,19800901,1286117392209
6.0050,disk4,7298830870528,14714458,86145579573055
6.0050,disk4w,2195456,171,27582691
6.0050,disk8,7192736983040,7269263,62483734713983
6.0050,disk8w,352055296,46062,2394131111
6.0050,disk6,12665576851456,20667362,175491725489279
6.0050,disk6w,491520,70,201274851
6.0050,ram,47921577984,14538833920,284337
6.0050,cpu,15822106,22670556,542990782
6.0050,gpu,0,0,0
6.2050,disk0,939601845608448,2119079314,12919105812397825
6.2050,disk0w,2190181048320,19800901,1286117392209
6.2050,disk4,7299662170112,14716161,86174550378131
6.2050,disk4w,2195456,171,27582691
6.2050,disk8,7193522038784,7270026,62497466449236
6.2050,disk8w,352055296,46062,2394131111
6.2050,disk6,12666312591360,20668392,175507212238684
6.2050,disk6w,491520,70,201274851
6.2050,ram,47921577984,14538833920,284337
6.2050,cpu,15822108,22670557,542990796
6.2050,gpu,0,0,0
6.4029,disk0,939603165040640,2119081900,12919128147092822
6.4029,disk0w,2190181048320,19800901,1286117392209
6.4029,disk4,7300108060672,14717080,86185922074165
6.4029,disk4w,2195456,171,27582691
6.4029,disk8,7194046228480,7270534,62504043690060
6.4029,disk8w,352055296,46062,2394131111
6.4029,disk6,12667649886208,20671331,175542737187992
6.4029,disk6w,491520,70,201274851
6.4029,ram,47921577984,14538833920,284337
6.4029,cpu,15822108,22670557,542990796
6.4029,gpu,0,0,0
6.6050,disk0,939604445990912,2119084016,12919148034764760
6.6050,disk0w,2190181048320,19800901,1286117392209
6.6050,disk4,7300652025856,14718197,86200593129889
6.6050,disk4w,2195456,171,27582691
6.6050,disk8,7194820536320,7271289,62517334244729
6.6050,disk8w,352055296,46062,2394131111
6.6050,disk6,12668775147520,20674013,175575717865009
6.6050,disk6w,491520,70,201274851
6.6050,ram,47921577984,14538833920,284337
6.6050,cpu,15822108,22670557,542990796
6.6050,gpu,0,0,0
6.8050,disk0,939605599031296,2119086188,12919165502668155
6.8050,disk0w,2190181048320,19800901,1286117392209
6.8050,disk4,7301245405184,14719410,86216464069045
6.8050,disk4w,2195456,171,27582691
6.8050,disk8,7195705518080,7272149,62533164142000
6.8050,disk8w,352055296,46062,2394131111
6.8050,disk6,12670117812224,20676375,175611812746037
6.8050,disk6w,491520,70,201274851
6.8050,ram,47921577984,14538833920,284337
6.8050,cpu,15822108,22670557,542990796
6.8050,gpu,0,0,0
7.0050,disk0,939606560755712,2119087960,12919178517925457
7.0050,disk0w,2190181097472,19800902,1286117408292
7.0050,disk4,7302080686080,14721128,86243184835601
7.0050,disk4w,2195456,171,27582691
7.0050,disk8,7196593760256,7273011,62549294772502
7.0050,disk8w,352055296,46062,2394131111
7.0050,disk6,12671270787072,20678534,175638526686881
7.0050,disk6w,491520,70,201274851
7.0050,ram,44239601664,16768155648,284337
7.0050,cpu,15822164,22670744,542992298
7.0050,gpu,0,0,0
7.2050,disk0,939608127246336,2119090837,12919205855997585
7.2050,disk0w,2190181097472,19800902,1286117408292
7.2050,disk4,7302862981120,14722736,86269182451599
7.2050,disk4w,2195456,171,27582691
7.2050,disk8,7197136775168,7273539,62555606982731
7.2050,disk8w,352055296,46062,2394131111
7.2050,disk6,12672636467200,20680999,175679859560952
7.2050,disk6w,491520,70,201274851
7.2050,ram,44231426048,16768155648,284337
7.2050,cpu,15822164,22670744,542992298
7.2050,gpu,0,0,0
7.4007,disk0,939609524301824,2119093634,12919229046148174
7.4007,disk0w,2190181097472,19800902,1286117408292
7.4007,disk4,7303270516736,14723569,86277360436740
7.4007,disk4w,2195456,171,27582691
7.4007,disk8,7197622642688,7274012,62560676705956
7.4007,disk8w,352055296,46062,2394131111
7.4007,disk6,12673778874368,20683022,175705163529289
7.4007,disk6w,491520,70,201274851
7.4007,ram,44231426048,16768155648,284337
7.4007,cpu,15822164,22670744,542992298
7.4007,gpu,0,0,0
7.6050,disk0,939611805634560,2119097793,12919269781039608
7.6050,disk0w,2190181097472,19800902,1286117408292
7.6050,disk4,7303986006016,14725042,86296594972760
7.6050,disk4w,2195456,171,27582691
7.6050,disk8,7198652688384,7275012,62577111924011
7.6050,disk8w,352055296,46062,2394131111
7.6050,disk6,12674982746112,20685251,175735205339862
7.6050,disk6w,491520,70,201274851
7.6050,ram,44231426048,16768155648,284337
7.6050,cpu,15822164,22670744,542992298
7.6050,gpu,0,0,0
7.8002,disk0,939612613906432,2119099305,12919280216563514
7.8002,disk0w,2190181097472,19800902,1286117408292
7.8002,disk4,7304545208320,14726184,86311715077879
7.8002,disk4w,2195456,171,27582691
7.8002,disk8,7199476361216,7275813,62591839562503
7.8002,disk8w,352055296,46062,2394131111
7.8002,disk6,12676262828032,20687815,175772528812638
7.8002,disk6w,491520,70,201274851
7.8002,ram,44231426048,16768155648,284337
7.8002,cpu,15822164,22670744,542992298
7.8002,gpu,0,0,0
8.0040,disk0,939613685338112,2119101491,12919296341756286
8.0040,disk0w,2190181097472,19800902,1286117408292
8.0040,disk4,7305505826816,14728160,86344213775512
8.0040,disk4w,2195456,171,27582691
8.0040,disk8,7200543877120,7276847,62611566859617
8.0040,disk8w,352055296,46062,2394131111
8.0040,disk6,12677348669440,20689352,175798175837122
8.0040,disk6w,491520,70,201274851
8.0040,ram,42075930624,17387683840,284337
8.0040,cpu,15822220,22670914,542993834
8.0040,gpu,0,0,0
8.2003,disk0,939614886629376,2119103914,12919315918848996
8.2003,disk0w,2190181097472,19800902,1286117408292
8.2003,disk4,7306074130432,14729331,86361653421253
8.2003,disk4w,2195456,171,27582691
8.2003,disk8,7201225287680,7277514,62621778936613
8.2003,disk8w,352055296,46062,2394131111
8.2003,disk6,12678591162368,20691794,175829002739961
8.2003,disk6w,491520,70,201274851
8.2003,ram,42076192768,17387667456,284337
8.2003,cpu,15822220,22670914,542993834
8.2003,gpu,0,0,0
8.4050,disk0,939616834375680,2119107888,12919347312519983
8.4050,disk0w,2190181097472,19800902,1286117408292
8.4050,disk4,7306846210048,14730916,86382437917682
8.4050,disk4w,2195456,171,27582691
8.4050,disk8,7202320066560,7278574,62638229660680
8.4050,disk8w,352055296,46062,2394131111
8.4050,disk6,12679600121856,20692931,175846585261712
8.4050,disk6w,491520,70,201274851
8.4050,ram,42076192768,17387667456,284337
8.4050,cpu,15822220,22670914,542993834
8.4050,gpu,0,0,0
8.6050,disk0,939618027589632,2119109938,12919366674476701
8.6050,disk0w,2190181097472,19800902,1286117408292
8.6050,disk4,7307197155328,14731635,86390617209679
8.6050,disk4w,2195456,171,27582691
8.6050,disk8,7202786994176,7279028,62643574063028
8.6050,disk8w,352055296,46062,2394131111
8.6050,disk6,12680950802432,20695631,175885908934628
8.6050,disk6w,491520,70,201274851
8.6050,ram,42076192768,17387667456,284337
8.6050,cpu,15822220,22670914,542993834
8.6050,gpu,0,0,0
8.8018,disk0,939619677032448,2119112769,12919393486110961
8.8018,disk0w,2190181097472,19800902,1286117408292
8.8018,disk4,7307741120512,14732753,86403181718757
8.8018,disk4w,2195456,171,27582691
8.8018,disk8,7203699451904,7279912,62657683623638
8.8018,disk8w,352055296,46062,2394131111
8.8018,disk6,12682156328960,20697273,175913661122200
8.8018,disk6w,491520,70,201274851
8.8018,ram,42076192768,17387667456,284337
8.8018,cpu,15822220,22670914,542993834
8.8018,gpu,0,0,0
9.0040,disk0,939620993089536,2119115032,12919413973591860
9.0040,disk0w,2190181097472,19800902,1286117408292
9.0040,disk4,7308356978688,14734011,86419151624166
9.0040,disk4w,2195456,171,27582691
9.0040,disk8,7204469712896,7280660,62668187028161
9.0040,disk8w,352055296,46062,2394131111
9.0040,disk6,12683495835648,20699827,175949691110611
9.0040,disk6w,491520,70,201274851
9.0040,ram,38890815488,19085459456,284337
9.0040,cpu,15822271,22671080,542995398
9.0040,gpu,0,0,0
9.2014,disk0,939622291587072,2119117108,12919433519824724
9.2014,disk0w,2190181097472,19800902,1286117408292
9.2014,disk4,7309126354944,14735594,86442355389823
9.2014,disk4w,2195456,171,27582691
9.2014,disk8,7205342390272,7281507,62681092040877
9.2014,disk8w,352055296,46062,2394131111
9.2014,disk6,12684816934912,20701733,175985704419301
9.2014,disk6w,491520,70,201274851
9.2014,ram,38851330048,19085443072,284337
9.2014,cpu,15822271,22671080,542995398
9.2014,gpu,0,0,0
9.4040,disk0,939623397064704,2119118681,12919450485624361
9.4040,disk0w,2190181097472,19800902,1286117408292
9.4040,disk4,7309719562240,14736810,86460565023169
9.4040,disk4w,2195456,171,27582691
9.4040,disk8,7206143649792,7282287,62696008784282
9.4040,disk8w,352055296,46062,2394131111
9.4040,disk6,12686212376576,20704821,176024011655091
9.4040,disk6w,491520,70,201274851
9.4040,ram,38851330048,19085443072,284337
9.4040,cpu,15822271,22671080,542995398
9.4040,gpu,0,0,0
9.6051,disk0,939624818393088,2119120860,12919471968667678
9.6051,disk0w,2190181097472,19800902,1286117408292
9.6051,disk4,7310636419072,14738695,86492717257866
9.6051,disk4w,2195456,171,27582691
9.6051,disk8,7207086073856,7283208,62712228065846
9.6051,disk8w,352055296,46062,2394131111
9.6051,disk6,12686941652992,20705819,176037842678220
9.6051,disk6w,491520,70,201274851
9.6051,ram,38851330048,19085443072,284337
9.6051,cpu,15822271,22671080,542995398
9.6051,gpu,0,0,0
9.8022,disk0,939625979707392,2119122258,12919487520805405
9.8022,disk0w,2190181097472,19800902,1286117408292
9.8022,disk4,7311298816000,14740050,86512299222284
9.8022,disk4w,2195456,171,27582691
9.8022,disk8,7207967631360,7284065,62728286884701
9.8022,disk8w,352055296,46062,2394131111
9.8022,disk6,12688162256896,20708153,176065738492895
9.8022,disk6w,491520,70,201274851
9.8022,ram,38851330048,19085443072,284337
9.8022,cpu,15822271,22671080,542995398
9.8022,gpu,0,0,0
10.0012,disk0,939627480662016,2119124136,12919509500954531
10.0012,disk0w,2190181097472,19800902,1286117408292
10.0012,disk4,7311810021376,14741099,86524059041081
10.0012,disk4w,2195456,171,27582691
10.0012,disk8,7208718526464,7284794,62739083498212
10.0012,disk8w,352055296,46062,2394131111
10.0012,disk6,12689407375360,20710260,176092433464136
10.0012,disk6w,491520,70,201274851
10.0012,ram,35147251712,21403140096,284337
10.0012,cpu,15822330,22671264,542996968
10.0012,gpu,0,0,0
10.2040,disk0,939629125353472,2119126243,12919535593003899
10.2040,disk0w,2190181097472,19800902,1286117408292
10.2040,disk4,7312520849408,14742550,86545689020024
10.2040,disk4w,2195456,171,27582691
10.2040,disk8,7209595332608,7285647,62754186419850
10.2040,disk8w,352055296,46062,2394131111
10.2040,disk6,12690754672640,20712792,176130585952150
10.2040,disk6w,491520,70,201274851
10.2040,ram,35084599296,21432926208,284337
10.2040,cpu,15822332,22671269,542997005
10.2040,gpu,0,0,0
10.4044,disk0,939630395555840,2119128007,12919555422528618
10.4044,disk0w,2190181097472,19800902,1286117408292
10.4044,disk4,7313153550336,14743856,86565364765846
10.4044,disk4w,2195456,171,27582691
10.4044,disk8,7210358253568,7286388,62767192142948
10.4044,disk8w,352055296,46062,2394131111
10.4044,disk6,12691605395456,20714599,176150497092462
10.4044,disk6w,491520,70,201274851
10.4044,ram,35084599296,21432926208,284337
10.4044,cpu,15822332,22671269,542997005
10.4044,gpu,0,0,0
10.6051,disk0,939632012771328,2119130664,12919581769075023
10.6051,disk0w,2190181097472,19800902,1286117408292
10.6051,disk4,7313637001216,14744849,86576605909465
10.6051,disk4w,2195456,171,27582691
10.6051,disk8,7211543078912,7287538,62791679433621
10.6051,disk8w,352055296,46062,2394131111
10.6051,disk6,12692785231872,20716656,176183500235717
10.6051,disk6w,491520,70,201274851
10.6051,ram,35084599296,21432926208,284337
10.6051,cpu,15822332,22671269,542997005
10.6051,gpu,0,0,0
10.8051,disk0,939633416552448,2119133119,12919604202560300
10.8051,disk0w,2190181097472,19800902,1286117408292
10.8051,disk4,7314233608192,14746073,86592648401190
10.8051,disk4w,2195456,171,27582691
10.8051,disk8,7212437219328,7288405,62807883484220
10.8051,disk8w,352055296,46062,2394131111
10.8051,disk6,12694037059584,20719337,176212491479384
10.8051,disk6w,491520,70,201274851
10.8051,ram,35084599296,21432926208,284337
10.8051,cpu,15822332,22671269,542997005
10.8051,gpu,0,0,0
11.0051,disk0,939634872975360,2119135559,12919626689155776
11.0051,disk0w,2190181097472,19800902,1286117408292
11.0051,disk4,7315040782336,14747726,86617543560094
11.0051,disk4w,2195456,171,27582691
11.0051,disk8,7213683845120,7289616,62834393142635
11.0051,disk8w,352055296,46062,2394131111
11.0051,disk6,12694633666560,20720007,176219464842154
11.0051,disk6w,491520,70,201274851
11.0051,ram,33063780352,21879554048,284337
11.0051,cpu,15822380,22671424,542998554
11.0051,gpu,0,0,0
11.2051,disk0,939635802980352,2119137275,12919640681931957
11.2051,disk0w,2190181097472,19800902,1286117408292
11.2051,disk4,7315637389312,14748951,86635725886849
11.2051,disk4w,2195456,171,27582691
11.2051,disk8,7214613850112,7290518,62854144450752
11.2051,disk8w,352055296,46062,2394131111
11.2051,disk6,12695291365376,20720808,176231952287106
11.2051,disk6w,491520,70,201274851
11.2051,ram,33064779776,21879291904,284337
11.2051,cpu,15822380,22671424,542998554
11.2051,gpu,0,0,0
11.4051,disk0,939637294497792,2119140315,12919664556656628
11.4051,disk0w,2190181097472,19800902,1286117408292
11.4051,disk4,7316300843008,14750310,86653663320569
11.4051,disk4w,2195456,171,27582691
11.4051,disk8,7215698667520,7291570,62875009481000
11.4051,disk8w,352055296,46062,2394131111
11.4051,disk6,12696168728576,20721779,176248541416167
11.4051,disk6w,491520,70,201274851
11.4051,ram,33064779776,21879291904,284337
11.4051,cpu,15822380,22671424,542998554
11.4051,gpu,0,0,0
11.6051,disk0,939638285713408,2119142181,12919678593529837
11.6051,disk0w,2190181097472,19800902,1286117408292
11.6051,disk4,7316908967936,14751554,86670149012234
11.6051,disk4w,2195456,171,27582691
11.6051,disk8,7216490915840,7292341,62889174492964
11.6051,disk8w,352055296,46062,2394131111
11.6051,disk6,12696989313024,20722722,176264595648811
11.6051,disk6w,491520,70,201274851
11.6051,ram,33064779776,21879291904,284337
11.6051,cpu,15822380,22671424,542998554
11.6051,gpu,0,0,0
11.8009,disk0,939639224696832,2119144094,12919693352964084
11.8009,disk0w,2190181146624,19800903,1286117439375
11.8009,disk4,7317585135616,14752948,86692163976684
11.8009,disk4w,2195456,171,27582691
11.8009,disk8,7217175750656,7293005,62900204398285
11.8009,disk8w,352055296,46062,2394131111
11.8009,disk6,12698033924096,20723913,176290190517211
11.8009,disk6w,491520,70,201274851
11.8009,ram,33064779776,21879291904,284337
11.8009,cpu,15822380,22671424,542998554
11.8009,gpu,73,15,0
12.0051,disk0,939640698671104,2119146566,12919716230936677
12.0051,disk0w,2190181146624,19800903,1286117439375
12.0051,disk4,7318290769920,14754389,86712440405668
12.0051,disk4w,2195456,171,27582691
12.0051,disk8,7218281228288,7294079,62921525240799
12.0051,disk8w,352055296,46062,2394131111
12.0051,disk6,12698938198016,20724980,176308207066941
12.0051,disk6w,491520,70,201274851
12.0051,ram,31429115904,23576920064,284337
12.0051,cpu,15822428,22671572,543000139
12.0051,gpu,0,0,0
12.2020,disk0,939641661517824,2119148140,12919729556694221
12.2020,disk0w,2190181146624,19800903,1286117439375
12.2020,disk4,7319026624512,14755901,86736111811476
12.2020,disk4w,2195456,171,27582691
12.2020,disk8,7218905098240,7294683,62930161768252
12.2020,disk8w,352055296,46062,2394131111
12.2020,disk6,12699709499392,20726010,176323582935892
12.2020,disk6w,491520,70,201274851
12.2020,ram,31429115904,23576920064,284337
12.2020,cpu,15822428,22671572,543000139
12.2020,gpu,0,0,0
12.4051,disk0,939643070205952,2119150340,12919750750370606
12.4051,disk0w,2190181146624,19800903,1286117439375
12.4051,disk4,7319783303168,14757454,86758749879170
12.4051,disk4w,2195456,171,27582691
12.4051,disk8,7219906062336,7295655,62947486683396
12.4051,disk8w,352055296,46062,2394131111
12.4051,disk6,12700942755840,20727851,176357807009712
12.4051,disk6w,491520,70,201274851
12.4051,ram,31429115904,23576920064,284337
12.4051,cpu,15822428,22671572,543000139
12.4051,gpu,0,0,0
12.6051,disk0,939644086181888,2119152014,12919765582122059
12.6051,disk0w,2190181199872,19800908,1286117552957
12.6051,disk4,7320461133824,14758842,86780366754879
12.6051,disk4w,2195456,171,27582691
12.6051,disk8,7220474636288,7296212,62954876303291
12.6051,disk8w,352055296,46062,2394131111
12.6051,disk6,12701914765312,20729173,176382131541995
12.6051,disk6w,491520,70,201274851
12.6051,ram,31429115904,23576920064,284337
12.6051,cpu,15822428,22671572,543000139
12.6051,gpu,0,0,0
12.8027,disk0,939645210894336,2119153696,12919781317080408
12.8027,disk0w,2190181199872,19800908,1286117552957
12.8027,disk4,7321334138880,14760638,86810070234350
12.8027,disk4w,2195456,171,27582691
12.8027,disk8,7221160585216,7296879,62963833176399
12.8027,disk8w,352055296,46062,2394131111
12.8027,disk6,12702919120896,20730559,176408533022944
12.8027,disk6w,491520,70,201274851
12.8027,ram,31429115904,23576920064,284337
12.8027,cpu,15822428,22671572,543000139
12.8027,gpu,0,0,0
13.0051,disk0,939646081212416,2119155058,12919793754191203
13.0051,disk0w,2190181199872,19800908,1286117552957
13.0051,disk4,7321929312256,14761860,86828477333944
13.0051,disk4w,2195456,171,27582691
13.0051,disk8,7221869815808,7297566,62977000678172
13.0051,disk8w,352055296,46062,2394131111
13.0051,disk6,12703759218688,20731709,176428575805589
13.0051,disk6w,491520,70,201274851
13.0051,ram,29044391936,26156040192,284337
13.0051,cpu,15822498,22671740,543001686
13.0051,gpu,0,0,0
13.2051,disk0,939647472803840,2119157320,12919816860185507
13.2051,disk0w,2190181224448,19800914,1286117666871
13.2051,disk4,7322638747648,14763317,86850395034288
13.2051,disk4w,2195456,171,27582691
13.2051,disk8,7222703138816,7298377,62990069830201
13.2051,disk8w,352055296,46062,2394131111
13.2051,disk6,12704815167488,20733205,176456485187621
13.2051,disk6w,491520,70,201274851
13.2051,ram,29050060800,26155843584,284337
13.2051,cpu,15822499,22671742,543001732
13.2051,gpu,0,0,0
13.4040,disk0,939648668180480,2119158856,12919834334649708
13.4040,disk0w,2190181224448,19800914,1286117666871
13.4040,disk4,7323232774144,14764531,86867330682281
13.4040,disk4w,2195456,171,27582691
13.4040,disk8,7223636289536,7299284,63008553780351
13.4040,disk8w,352055296,46062,2394131111
13.4040,disk6,12705493981184,20734218,176471201351117
13.4040,disk6w,491520,70,201274851
13.4040,ram,29050060800,26155843584,284337
13.4040,cpu,15822499,22671742,543001732
13.4040,gpu,0,0,0
13.6051,disk0,939650065981440,2119160788,12919855084503500
13.6051,disk0w,2190181224448,19800914,1286117666871
13.6051,disk4,7323940964352,14765987,86887668736914
13.6051,disk4w,2195456,171,27582691
13.6051,disk8,7224342439936,7299972,63016988219530
13.6051,disk8w,352055296,46062,2394131111
13.6051,disk6,12706409003008,20735544,176490344901443
13.6051,disk6w,491520,70,201274851
13.6051,ram,29050060800,26155843584,284337
13.6051,cpu,15822499,22671742,543001732
13.6051,gpu,0,0,0
13.8051,disk0,939652198457344,2119164250,12919891975556078
13.8051,disk0w,2190181224448,19800914,1286117666871
13.8051,disk4,7324305737728,14766736,86894579323592
13.8051,disk4w,2195456,171,27582691
13.8051,disk8,7225581692928,7301175,63043038154320
13.8051,disk8w,352055296,46062,2394131111
13.8051,disk6,12706995091456,20736283,176498776788201
13.8051,disk6w,491520,70,201274851
13.8051,ram,29050060800,26155843584,284337
13.8051,cpu,15822499,22671742,543001732
13.8051,gpu,0,0,0
14.0040,disk0,939653684543488,2119166932,12919918480496161
14.0040,disk0w,2190181224448,19800914,1286117666871
14.0040,disk4,7324726872064,14767600,86904772414721
14.0040,disk4w,2195456,171,27582691
14.0040,disk8,7226388064256,7301958,63057016490803
14.0040,disk8w,352055296,46062,2394131111
14.0040,disk6,12707771754496,20737298,176514652860206
14.0040,disk6w,491520,70,201274851
14.0040,ram,27137064960,28044591104,284337
14.0040,cpu,15822562,22671899,543003249
14.0040,gpu,0,0,0
14.2013,disk0,939655031558144,2119169502,12919940698146093
14.2013,disk0w,2190181224448,19800914,1286117666871
14.2013,disk4,7325046671360,14768253,86911816998367
14.2013,disk4w,2195456,171,27582691
14.2013,disk8,7227150215168,7302700,63069939151848
14.2013,disk8w,352055296,46062,2394131111
14.2013,disk6,12708553951232,20738383,176531414605394
14.2013,disk6w,491520,70,201274851
14.2013,ram,27132329984,28044591104,284337
14.2013,cpu,15822567,22671921,543003345
14.2013,gpu,0,0,0
14.4051,disk0,939657106264064,2119174469,12919977523246869
14.4051,disk0w,2190181224448,19800914,1286117666871
14.4051,disk4,7325797255168,14769795,86932155377355
14.4051,disk4w,2195456,171,27582691
14.4051,disk8,7228195432448,7303716,63086161261017
14.4051,disk8w,352055296,46062,2394131111
14.4051,disk6,12709525473280,20739767,176550290533504
14.4051,disk6w,491520,70,201274851
14.4051,ram,27132329984,28044591104,284337
14.4051,cpu,15822567,22671921,543003345
14.4051,gpu,0,0,0
14.6040,disk0,939658264383488,2119177421,12919997400979632
14.6040,disk0w,2190181224448,19800914,1286117666871
14.6040,disk4,7326411409408,14771054,86951486774009
14.6040,disk4w,2195456,171,27582691
14.6040,disk8,7228616566784,7304124,63090314826000
14.6040,disk8w,352055296,46062,2394131111
14.6040,disk6,12710474655744,20741246,176576383887087
14.6040,disk6w,491520,70,201274851
14.6040,ram,27132329984,28044591104,284337
14.6040,cpu,15822567,22671921,543003345
14.6040,gpu,0,0,0
14.8051,disk0,939659650617344,2119180969,12920021042427573
14.8051,disk0w,2190181224448,19800914,1286117666871
14.8051,disk4,7327025563648,14772315,86967539614537
14.8051,disk4w,2195456,171,27582691
14.8051,disk8,7229423740928,7304908,63102211192033
14.8051,disk8w,352055296,46062,2394131111
14.8051,disk6,12711736764416,20742820,176608988793590
14.8051,disk6w,491520,70,201274851
14.8051,ram,27132329984,28044591104,284337
14.8051,cpu,15822567,22671921,543003345
14.8051,gpu,0,0,0
15.0051,disk0,939660387602432,2119182669,12920031860198476
15.0051,disk0w,2190181224448,19800914,1286117666871
15.0051,disk4,7327604623360,14773502,86984972785067
15.0051,disk4w,2195456,171,27582691
15.0051,disk8,7230336198656,7305793,63121149386248
15.0051,disk8w,352661504,46149,2453954914
15.0051,disk6,12712578729984,20743933,176629054094843
15.0051,disk6w,491520,70,201274851
15.0051,ram,25415008256,29807312896,284337
15.0051,cpu,15822631,22672090,543004771
15.0051,gpu,0,0,0
15.2024,disk0,939661475569664,2119185389,12920049197796794
15.2024,disk0w,2190187347968,19801263,1286127241791
15.2024,disk4,7328475351040,14775287,87012641425362
15.2024,disk4w,2195456,171,27582691
15.2024,disk8,7231213561856,7306643,63135158986510
15.2024,disk8w,352661504,46149,2453954914
15.2024,disk6,12713746221056,20745322,176656446124123
15.2024,disk6w,491520,70,201274851
15.2024,ram,25416384512,29807312896,284337
15.2024,cpu,15822636,22672105,543004873
15.2024,gpu,0,0,0
15.4043,disk0,939662595792896,2119187537,12920067060624458
15.4043,disk0w,2190187347968,19801263,1286127241791
15.4043,disk4,7329156122624,14776688,87034819834992
15.4043,disk4w,2195456,171,27582691
15.4043,disk8,7231761721344,7307176,63142869161988
15.4043,disk8w,352661504,46149,2453954914
15.4043,disk6,12714605328384,20746709,176680067089335
15.4043,disk6w,491520,70,201274851
15.4043,ram,25416384512,29807312896,284337
15.4043,cpu,15822636,22672105,543004873
15.4043,gpu,0,0,0
15.6051,disk0,939663967281152,2119190288,12920089557198613
15.6051,disk0w,2190187347968,19801263,1286127241791
15.6051,disk4,7329762936832,14777937,87051415111443
15.6051,disk4w,2195456,171,27582691
15.6051,disk8,7232424323072,7307819,63151945140951
15.6051,disk8w,352661504,46149,2453954914
15.6051,disk6,12715575072768,20748295,176704106869511
15.6051,disk6w,491520,70,201274851
15.6051,ram,25416384512,29807312896,284337
15.6051,cpu,15822636,22672105,543004873
15.6051,gpu,0,0,0
15.8051,disk0,939665371062272,2119193168,12920112407802433
15.8051,disk0w,2190187347968,19801263,1286127241791
15.8051,disk4,7330552563712,14779555,87075542794250
15.8051,disk4w,2195456,171,27582691
15.8051,disk8,7233547347968,7308909,63173883331491
15.8051,disk8w,352661504,46149,2453954914
15.8051,disk6,12716509304832,20749543,176723724185524
15.8051,disk6w,491520,70,201274851
15.8051,ram,25416384512,29807312896,284337
15.8051,cpu,15822636,22672105,543004873
15.8051,gpu,0,0,0
16.0040,disk0,939666286706688,2119194741,12920124745427197
16.0040,disk0w,2190187347968,19801263,1286127241791
16.0040,disk4,7331281750016,14781045,87098128675124
16.0040,disk4w,2195456,171,27582691
16.0040,disk8,7234376820736,7309712,63187837979054
16.0040,disk8w,352661504,46149,2453954914
16.0040,disk6,12717276411904,20750613,176738683267383
16.0040,disk6w,491520,70,201274851
16.0040,ram,23581310976,31641305088,284337
16.0040,cpu,15822686,22672255,543006331
16.0040,gpu,0,0,0
16.2051,disk0,939667720830976,2119197498,12920148024274527
16.2051,disk0w,2190187347968,19801263,1286127241791
16.2051,disk4,7332206766080,14782942,87128310944039
16.2051,disk4w,2195456,171,27582691
16.2051,disk8,7235231885312,7310543,63199984494538
16.2051,disk8w,352661504,46149,2453954914
16.2051,disk6,12718344452096,20752109,176765342374711
16.2051,disk6w,491520,70,201274851
16.2051,ram,23580590080,31651037184,284337
16.2051,cpu,15822689,22672262,543006412
16.2051,gpu,0,0,0
16.4051,disk0,939668948680704,2119199592,12920168395088302
16.4051,disk0w,2190187347968,19801263,1286127241791
16.4051,disk4,7332610353152,14783772,87137571353587
16.4051,disk4w,2195456,171,27582691
16.4051,disk8,7235788990464,7311084,63207162995353
16.4051,disk8w,352661504,46149,2453954914
16.4051,disk6,12719350945792,20753515,176791880617034
16.4051,disk6w,491520,70,201274851
16.4051,ram,23580590080,31651037184,284337
16.4051,cpu,15822689,22672262,543006412
16.4051,gpu,0,0,0
16.6051,disk0,939670161473536,2119201868,12920188825673156
16.6051,disk0w,2190187347968,19801263,1286127241791
16.6051,disk4,7333009180672,14784593,87148155049816
16.6051,disk4w,2195456,171,27582691
16.6051,disk8,7236477741056,7311755,63219644762707
16.6051,disk8w,352661504,46149,2453954914
16.6051,disk6,12720224520192,20754730,176813940672097
16.6051,disk6w,491520,70,201274851
16.6051,ram,23580590080,31651037184,284337
16.6051,cpu,15822689,22672262,543006412
16.6051,gpu,0,0,0
16.8051,disk0,939671705632768,2119204843,12920214551567607
16.8051,disk0w,2190187347968,19801263,1286127241791
16.8051,disk4,7333693523968,14785998,87167513437225
16.8051,disk4w,2195456,171,27582691
16.8051,disk8,7237407746048,7312656,63235396253495
16.8051,disk8w,352661504,46149,2453954914
16.8051,disk6,12721126770688,20756090,176835427233145
16.8051,disk6w,491520,70,201274851
16.8051,ram,23580590080,31651037184,284337
16.8051,cpu,15822689,22672262,543006412
16.8051,gpu,0,0,0
17.0051,disk0,939673336991744,2119207901,12920241906687632
17.0051,disk0w,2190187347968,19801263,1286127241791
17.0051,disk4,7334275753984,14787184,87182245927370
17.0051,disk4w,2195456,171,27582691
17.0051,disk8,7238447015936,7313665,63255271784234
17.0051,disk8w,352661504,46149,2453954914
17.0051,disk6,12721693976576,20757040,176844483172738
17.0051,disk6w,491520,70,201274851
17.0051,ram,21205827584,33873002496,284337
17.0051,cpu,15822748,22672415,543007900
17.0051,gpu,0,0,0
17.2047,disk0,939674754940928,2119210868,12920266676204606
17.2047,disk0w,2190187347968,19801263,1286127241791
17.2047,disk4,7334806341632,14788275,87197768420792
17.2047,disk4w,2195456,171,27582691
17.2047,disk8,7239360735232,7314555,63272878141310
17.2047,disk8w,352661504,46149,2453954914
17.2047,disk6,12722120034304,20757682,176850509165987
17.2047,disk6w,491520,70,201274851
17.2047,ram,21212823552,33892777984,284337
17.2047,cpu,15822749,22672418,543007926
17.2047,gpu,0,0,0
17.4012,disk0,939676488515584,2119214538,12920294949867229
17.4012,disk0w,2190187347968,19801263,1286127241791
17.4012,disk4,7335690823680,14790086,87224380083939
17.4012,disk4w,2195456,171,27582691
17.4012,disk8,7240379803648,7315542,63288856842543
17.4012,disk8w,352661504,46149,2453954914
17.4012,disk6,12723017091072,20758797,176866230114779
17.4012,disk6w,491520,70,201274851
17.4012,ram,21212823552,33892777984,284337
17.4012,cpu,15822749,22672418,543007926
17.4012,gpu,0,0,0
17.6051,disk0,939678022647808,2119218345,12920322922094254
17.6051,disk0w,2190187347968,19801263,1286127241791
17.6051,disk4,7336360708096,14791468,87245311723881
17.6051,disk4w,2195456,171,27582691
17.6051,disk8,7241110218752,7316253,63300171462757
17.6051,disk8w,352661504,46149,2453954914
17.6051,disk6,12723825977344,20759909,176883877442946
17.6051,disk6w,491520,70,201274851
17.6051,ram,21212823552,33892777984,284337
17.6051,cpu,15822749,22672418,543007926
17.6051,gpu,0,0,0
17.8051,disk0,939679298617344,2119221460,12920344249604038
17.8051,disk0w,2190187347968,19801263,1286127241791
17.8051,disk4,7336843438080,14792454,87255821289928
17.8051,disk4w,2195456,171,27582691
17.8051,disk8,7242048890880,7317163,63316992033672
17.8051,disk8w,352661504,46149,2453954914
17.8051,disk6,12724741494784,20761188,176904461111797
17.8051,disk6w,491520,70,201274851
17.8051,ram,21212823552,33892777984,284337
17.8051,cpu,15822749,22672418,543007926
17.8051,gpu,0,0,0
18.0040,disk0,939680514359296,2119224666,12920365159528570
18.0040,disk0w,2190187720704,19801309,1286129003150
18.0040,disk4,7337492989952,14793787,87276294181067
18.0040,disk4w,2195456,171,27582691
18.0040,disk8,7242629556224,7317725,63324485241114
18.0040,disk8w,352661504,46149,2453954914
18.0040,disk6,12725737863168,20762493,176929144095413
18.0040,disk6w,491520,70,201274851
18.0040,ram,21212823552,33892777984,284337
18.0040,cpu,15822749,22672418,543007926
18.0040,gpu,0,0,0
18.2015,disk0,939681584746496,2119227252,12920382800660957
18.2015,disk0w,2190187720704,19801309,1286129003150
18.2015,disk4,7338203170816,14795250,87300098246447
18.2015,disk4w,2195456,171,27582691
18.2015,disk8,7243250984960,7318329,63334304895204
18.2015,disk8w,352661504,46149,2453954914
18.2015,disk6,12726650771456,20763747,176952516269577
18.2015,disk6w,491520,70,201274851
18.2015,ram,18850676736,36303323136,284337
18.2015,cpu,15822815,22672602,543009567
18.2015,gpu,64,6,0
18.4051,disk0,939683006074880,2119230127,12920406211941020
18.4051,disk0w,2190187720704,19801309,1286129003150
18.4051,disk4,7339115628544,14797124,87330204712170
18.4051,disk4w,2195456,171,27582691
18.4051,disk8,7244023064576,7319079,63344990875877
18.4051,disk8w,352661504,46149,2453954914
18.4051,disk6,12727826438144,20765184,176980722362374
18.4051,disk6w,491520,70,201274851
18.4051,ram,18850676736,36303323136,284337
18.4051,cpu,15822815,22672602,543009567
18.4051,gpu,0,0,0
18.6051,disk0,939684115320832,2119232399,12920423490506352
18.6051,disk0w,2190187798528,19801315,1286129117398
18.6051,disk4,7339677140992,14798277,87344326792920
18.6051,disk4w,2195456,171,27582691
18.6051,disk8,7244618131456,7319659,63352637827982
18.6051,disk8w,352661504,46149,2453954914
18.6051,disk6,12728751454208,20766334,177001444006473
18.6051,disk6w,491520,70,201274851
18.6051,ram,18850676736,36303323136,284337
18.6051,cpu,15822815,22672602,543009567
18.6051,gpu,0,0,0
18.8020,disk0,939685129293824,2119234378,12920439682298000
18.8020,disk0w,2190187798528,19801315,1286129117398
18.8020,disk4,7340137498624,14799215,87356269313352
18.8020,disk4w,2195456,171,27582691
18.8020,disk8,7245477455872,7320492,63369867454736
18.8020,disk8w,352661504,46149,2453954914
18.8020,disk6,12729569191936,20767450,177021254505173
18.8020,disk6w,491520,70,201274851
18.8020,ram,18850676736,36303323136,284337
18.8020,cpu,15822815,22672602,543009567
18.8020,gpu,0,0,0
19.0051,disk0,939686234775552,2119236544,12920456796899114
19.0051,disk0w,2190187798528,19801315,1286129117398
19.0051,disk4,7340817713152,14800617,87376320628044
19.0051,disk4w,2195456,171,27582691
19.0051,disk8,7246462134272,7321454,63388115836319
19.0051,disk8w,352661504,46149,2453954914
19.0051,disk6,12730633422848,20768944,177048044971478
19.0051,disk6w,491520,70,201274851
19.0051,ram,18850676736,36303323136,284337
19.0051,cpu,15822815,22672602,543009567
19.0051,gpu,0,0,0
19.2005,disk0,939687464554496,2119238540,12920476811193779
19.2005,disk0w,2190187798528,19801315,1286129117398
19.2005,disk4,7341176522752,14801312,87383434851043
19.2005,disk4w,2195456,171,27582691
19.2005,disk8,7247263295488,7322235,63402988178067
19.2005,disk8w,352661504,46149,2453954914
19.2005,disk6,12731551123456,20770404,177075084149903
19.2005,disk6w,491520,70,201274851
19.2005,ram,16515530752,38355058688,284337
19.2005,cpu,15822860,22672759,543011116
19.2005,gpu,29,17,0
19.4035,disk0,939688691412992,2119240700,12920496196462952
19.4035,disk0w,2190187798528,19801315,1286129117398
19.4035,disk4,7341662914560,14802253,87394724450437
19.4035,disk4w,2195456,171,27582691
19.4035,disk8,7248100698112,7323049,63416643370664
19.4035,disk8w,352661504,46149,2453954914
19.4035,disk6,12732429150208,20771714,177094521189737
19.4035,disk6w,491520,70,201274851
19.4035,ram,16515530752,38355058688,284337
19.4035,cpu,15822860,22672759,543011116
19.4035,gpu,0,0,0
19.6051,disk0,939689867079680,2119243037,12920516173459931
19.6051,disk0w,2190187798528,19801315,1286129117398
19.6051,disk4,7342432061440,14803749,87419635678861
19.6051,disk4w,2195456,171,27582691
19.6051,disk8,7248778373120,7323708,63426841944309
19.6051,disk8w,352661504,46149,2453954914
19.6051,disk6,12733256484864,20772817,177114420810149
19.6051,disk6w,491520,70,201274851
19.6051,ram,16515530752,38355058688,284337
19.6051,cpu,15822860,22672759,543011116
19.6051,gpu,100,16,0
19.8050,disk0,939691645644800,2119246975,12920547323106796
19.8050,disk0w,2190187798528,19801315,1286129117398
19.8050,disk4,7343013218304,14804876,87433714483367
19.8050,disk4w,2195456,171,27582691
19.8050,disk8,7249850853376,7324750,63446378006687
19.8050,disk8w,352661504,46149,2453954914
19.8050,disk6,12734085400576,20773759,177128218950362
19.8050,disk6w,491520,70,201274851
19.8050,ram,16515530752,38355058688,284337
19.8050,cpu,15822860,22672759,543011116
19.8050,gpu,0,0,0
20.0051,disk0,939693113323520,2119250135,12920572348120703
20.0051,disk0w,2190187798528,19801315,1286129117398
20.0051,disk4,7343555086336,14805926,87446918925662
20.0051,disk4w,2195456,171,27582691
20.0051,disk8,7250778761216,7325650,63462722379320
20.0051,disk8w,352661504,46149,2453954914
20.0051,disk6,12734965467136,20775507,177149575378665
20.0051,disk6w,491520,70,201274851
20.0051,ram,16515530752,38355058688,284337
20.0051,cpu,15822860,22672759,543011116
20.0051,gpu,0,0,0
20.2049,disk0,939694357118976,2119253105,12920592747117949
20.2049,disk0w,2190187798528,19801315,1286129117398
20.2049,disk4,7344239429632,14807254,87465087878345
20.2049,disk4w,2195456,171,27582691
20.2049,disk8,7251645392896,7326491,63477823824536
20.2049,disk8w,352661504,46149,2453954914
20.2049,disk6,12735781955584,20777254,177169792526785
20.2049,disk6w,491520,70,201274851
20.2049,ram,15128330240,40028192768,284337
20.2049,cpu,15822931,22672952,543012686
20.2049,gpu,0,0,0
20.4051,disk0,939695429562368,2119255510,12920610411676220
20.4051,disk0w,2190187802624,19801316,1286129140398
20.4051,disk4,7344502638592,14807764,87468772316761
20.4051,disk4w,2195456,171,27582691
20.4051,disk8,7252603676672,7327423,63498108917510
20.4051,disk8w,352661504,46149,2453954914
20.4051,disk6,12736589891584,20779013,177192240205029
20.4051,disk6w,491520,70,201274851
20.4051,ram,15128330240,40028192768,284337
20.4051,cpu,15822931,22672952,543012686
20.4051,gpu,0,0,0
20.6051,disk0,939696850890752,2119259049,12920634372376058
20.6051,disk0w,2190187802624,19801316,1286129140398
20.6051,disk4,7345011509248,14808750,87479756491364
20.6051,disk4w,2195456,171,27582691
20.6051,disk8,7253855610880,7328636,63525075096733
20.6051,disk8w,352661504,46149,2453954914
20.6051,disk6,12737397069824,20780842,177214029950379
20.6051,disk6w,491520,70,201274851
20.6051,ram,15128330240,40028192768,284337
20.6051,cpu,15822931,22672952,543012686
20.6051,gpu,0,0,0
20.8038,disk0,939697812226048,2119261433,12920650044578408
20.8038,disk0w,2190187802624,19801316,1286129140398
20.8038,disk4,7345551312896,14809796,87494181465008
20.8038,disk4w,2195456,171,27582691
20.8038,disk8,7254586517504,7329346,63537768728054
20.8038,disk8w,352661504,46149,2453954914
20.8038,disk6,12738310879232,20782548,177240703376063
20.8038,disk6w,491520,70,201274851
20.8038,ram,15128330240,40028192768,284337
20.8038,cpu,15822931,22672952,543012686
20.8038,gpu,0,0,0
21.0035,disk0,939698937364480,2119263960,12920668089305616
21.0035,disk0w,2190187802624,19801316,1286129140398
21.0035,disk4,7346141874176,14810944,87510767268493
21.0035,disk4w,2195456,171,27582691
21.0035,disk8,7255261702144,7330002,63548865343463
21.0035,disk8w,352661504,46149,2453954914
21.0035,disk6,12739130177536,20784106,177263531549273
21.0035,disk6w,491520,70,201274851
21.0035,ram,15128330240,40028192768,284337
21.0035,cpu,15822931,22672952,543012686
21.0035,gpu,30,10,0
21.2041,disk0,939700696354816,2119267513,12920698215280918
21.2041,disk0w,2190187802624,19801316,1286129140398
21.2041,disk4,7346863409152,14812345,87530009416689
21.2041,disk4w,2195456,171,27582691
21.2041,disk8,7256159758336,7330874,63562811270854
21.2041,disk8w,352661504,46149,2453954914
21.2041,disk6,12739988531200,20785743,177284453906117
21.2041,disk6w,491520,70,201274851
21.2041,ram,12909494272,42366500864,284337
21.2041,cpu,15822981,22673103,543014163
21.2041,gpu,0,0,0
21.4051,disk0,939701869416448,2119269746,12920719053047921
21.4051,disk0w,2190187802624,19801316,1286129140398
21.4051,disk4,7347275106304,14813144,87539110993757
21.4051,disk4w,2195456,171,27582691
21.4051,disk8,7256762378240,7331459,63571680322706
21.4051,disk8w,352661504,46149,2453954914
21.4051,disk6,12741006723072,20787604,177315809181729
21.4051,disk6w,491520,70,201274851
21.4051,ram,12909494272,42366500864,284337
21.4051,cpu,15822981,22673103,543014163
21.4051,gpu,0,0,0
21.6051,disk0,939703343984640,2119272469,12920742759204009
21.6051,disk0w,2190187802624,19801316,1286129140398
21.6051,disk4,7347773376512,14814109,87549321606478
21.6051,disk4w,2195456,171,27582691
21.6051,disk8,7257504655360,7332180,63581898718094
21.6051,disk8w,352661504,46149,2453954914
21.6051,disk6,12741900449792,20789186,177339478933593
21.6051,disk6w,491520,70,201274851
21.6051,ram,12909494272,42366500864,284337
21.6051,cpu,15822981,22673103,543014163
21.6051,gpu,0,0,0
21.8028,disk0,939704671162368,2119274961,12920765812365352
21.8028,disk0w,2190187802624,19801316,1286129140398
21.8028,disk4,7348353878016,14815236,87564548637285
21.8028,disk4w,2195456,171,27582691
21.8028,disk8,7258439854080,7333090,63598818821616
21.8028,disk8w,352661504,46149,2453954914
21.8028,disk6,12743083538432,20791399,177376764643550
21.8028,disk6w,491520,70,201274851
21.8028,ram,12909494272,42366500864,284337
21.8028,cpu,15822981,22673103,543014163
21.8028,gpu,28,13,0
22.0051,disk0,939706365071360,2119278140,12920794998860516
22.0051,disk0w,2190187851776,19801317,1286129189064
22.0051,disk4,7349012285440,14816513,87581476625858
22.0051,disk4w,2195456,171,27582691
22.0051,disk8,7259096164352,7333731,63606601750062
22.0051,disk8w,352661504,46149,2453954914
22.0051,disk6,12743923771392,20793077,177398683275401
22.0051,disk6w,491520,70,201274851
22.0051,ram,12909494272,42366500864,284337
22.0051,cpu,15822981,22673103,543014163
22.0051,gpu,0,0,0
22.2051,disk0,939707931185152,2119281620,12920821604153876
22.2051,disk0w,2190187864064,19801320,1286129219813
22.2051,disk4,7349650311168,14817749,87597928188936
22.2051,disk4w,2195456,171,27582691
22.2051,disk8,7259743381504,7334358,63614520234276
22.2051,disk8w,352661504,46149,2453954914
22.2051,disk6,12744640055296,20794548,177416090978519
22.2051,disk6w,491520,70,201274851
22.2051,ram,10484170752,44839190528,284337
22.2051,cpu,15823082,22673297,543015773
22.2051,gpu,0,0,0
22.4051,disk0,939709484998656,2119285516,12920849947548014
22.4051,disk0w,2190187864064,19801320,1286129219813
22.4051,disk4,7350293235712,14818999,87616125136810
22.4051,disk4w,2195456,171,27582691
22.4051,disk8,7260552587264,7335143,63627915681480
22.4051,disk8w,352661504,46149,2453954914
22.4051,disk6,12745388976128,20796233,177437291667409
22.4051,disk6w,491520,70,201274851
22.4051,ram,10484170752,44839190528,284337
22.4051,cpu,15823082,22673297,543015773
22.4051,gpu,0,0,0
22.6041,disk0,939711111262208,2119289166,12920878227585766
22.6041,disk0w,2190187864064,19801320,1286129219813
22.6041,disk4,7350872295424,14820125,87629374815903
22.6041,disk4w,2195456,171,27582691
22.6041,disk8,7261465044992,7336028,63643209599390
22.6041,disk8w,352661504,46149,2453954914
22.6041,disk6,12746214139904,20797542,177455685650007
22.6041,disk6w,491520,70,201274851
22.6041,ram,10484170752,44839190528,284337
22.6041,cpu,15823082,22673297,543015773
22.6041,gpu,0,0,0
22.8027,disk0,939712397848576,2119292462,12920900607305658
22.8027,disk0w,2190187913216,19801321,1286129549229
22.8027,disk4,7351346071552,14821050,87640829261093
22.8027,disk4w,2195456,171,27582691
22.8027,disk8,7262359955456,7336897,63661444903551
22.8027,disk8w,352661504,46149,2453954914
22.8027,disk6,12746963716096,20798820,177474191445392
22.8027,disk6w,491520,70,201274851
22.8027,ram,10484170752,44839190528,284337
22.8027,cpu,15823082,22673297,543015773
22.8027,gpu,0,0,0
23.0067,disk0,939713916612608,2119296519,12920926381329519
23.0067,disk0w,2190187913216,19801321,1286129549229
23.0067,disk4,7352022829056,14822382,87658344283781
23.0067,disk4w,2195456,171,27582691
23.0067,disk8,7263509964800,7338013,63683798681564
23.0067,disk8w,352661504,46149,2453954914
23.0067,disk6,12747923851264,20800287,177496772230704
23.0067,disk6w,491520,70,201274851
23.0067,ram,10484170752,44839190528,284337
23.0067,cpu,15823082,22673297,543015773
23.0067,gpu,0,0,0
23.2051,disk0,939714994843648,2119299213,12920943316394106
23.2051,disk0w,2190187913216,19801321,1286129549229
23.2051,disk4,7352609474560,14823545,87674396006418
23.2051,disk4w,2195456,171,27582691
23.2051,disk8,7264410560512,7338890,63700858252947
23.2051,disk8w,352661504,46149,2453954914
23.2051,disk6,12748652312576,20801439,177513896205153
23.2051,disk6w,491520,70,201274851
23.2051,ram,8140832768,47316811776,284337
23.2051,cpu,15823148,22673500,543017284
23.2051,gpu,0,0,0
23.4051,disk0,939716153397248,2119302204,12920961618564315
23.4051,disk0w,2190187913216,19801321,1286129549229
23.4051,disk4,7353158436864,14824635,87687690609140
23.4051,disk4w,2195456,171,27582691
23.4051,disk8,7265398286336,7339850,63720171893899
23.4051,disk8w,352661504,46149,2453954914
23.4051,disk6,12749765916672,20803007,177543403896981
23.4051,disk6w,491520,70,201274851
23.4051,ram,8140832768,47316811776,284337
23.4051,cpu,15823148,22673500,543017284
23.4051,gpu,0,0,0
23.6041,disk0,939717275987968,2119304544,12920980437230862
23.6041,disk0w,2190187913216,19801321,1286129549229
23.6041,disk4,7353662310400,14825639,87699964237550
23.6041,disk4w,2195456,171,27582691
23.6041,disk8,7266249222144,7340675,63734822915870
23.6041,disk8w,352661504,46149,2453954914
23.6041,disk6,12750739642368,20804854,177571716003136
23.6041,disk6w,491520,70,201274851
23.6041,ram,8140832768,47316811776,284337
23.6041,cpu,15823148,22673500,543017284
23.6041,gpu,0,0,0
23.8051,disk0,939718574485504,2119306927,12921001235802385
23.8051,disk0w,2190187913216,19801321,1286129549229
23.8051,disk4,7354451937280,14827204,87722877324036
23.8051,disk4w,2195456,171,27582691
23.8051,disk8,7267121342464,7341523,63748229793714
23.8051,disk8w,352661504,46149,2453954914
23.8051,disk6,12751845791744,20807181,177604774382484
23.8051,disk6w,491520,70,201274851
23.8051,ram,8140832768,47316811776,284337
23.8051,cpu,15823148,22673500,543017284
23.8051,gpu,0,0,0
24.0051,disk0,939719574679552,2119308795,12921017210296098
24.0051,disk0w,2190187913216,19801321,1286129549229
24.0051,disk4,7354960807936,14828199,87736071428744
24.0051,disk4w,2195456,171,27582691
24.0051,disk8,7267975079936,7342353,63764704018654
24.0051,disk8w,352661504,46149,2453954914
24.0051,disk6,12752766351360,20809289,177632980559329
24.0051,disk6w,491520,70,201274851
24.0051,ram,8140832768,47316811776,284337
24.0051,cpu,15823148,22673500,543017284
24.0051,gpu,0,0,0
24.2048,disk0,939720574885888,2119310605,12921033790855198
24.2048,disk0w,2190187913216,19801321,1286129549229
24.2048,disk4,7355463452672,14829178,87749378314079
24.2048,disk4w,2195456,171,27582691
24.2048,disk8,7268624328704,7342983,63774352127198
24.2048,disk8w,352661504,46149,2453954914
24.2048,disk6,12753661679616,20811059,177658529328068
24.2048,disk6w,491520,70,201274851
24.2048,ram,7090536448,48115286016,284337
24.2048,cpu,15823213,22673678,543018799
24.2048,gpu,0,0,0
24.4049,disk0,939722594963456,2119314177,12921067502330387
24.4049,disk0w,2190187913216,19801321,1286129549229
24.4049,disk4,7356214290432,14830663,87768270932956
24.4049,disk4w,2195456,171,27582691
24.4049,disk8,7269542684672,7343873,63787334685529
24.4049,disk8w,352661504,46149,2453954914
24.4049,disk6,12754681882624,20812774,177683800205778
24.4049,disk6w,491520,70,201274851
24.4049,ram,7090536448,48115286016,284337
24.4049,cpu,15823213,22673678,543018799
24.4049,gpu,0,0,0
24.6041,disk0,939723470184448,2119315765,12921082579918104
24.6041,disk0w,2190187913216,19801321,1286129549229
24.6041,disk4,7356733081600,14831686,87784836597323
24.6041,disk4w,2195456,171,27582691
24.6041,disk8,7270343960576,7344652,63804942658804
24.6041,disk8w,352661504,46149,2453954914
24.6041,disk6,12755266934784,20814142,177701168506458
24.6041,disk6w,491520,70,201274851
24.6041,ram,7090536448,48115286016,284337
24.6041,cpu,15823213,22673678,543018799
24.6041,gpu,0,0,0
24.8032,disk0,939724726525952,2119317705,12921101341458255
24.8032,disk0w,2190187913216,19801321,1286129549229
24.8032,disk4,7357561997312,14833320,87809339347483
24.8032,disk4w,2195456,171,27582691
24.8032,disk8,7271523821568,7345795,63828067865847
24.8032,disk8w,352661504,46149,2453954914
24.8032,disk6,12756326193152,20816799,177733160548655
24.8032,disk6w,491520,70,201274851
24.8032,ram,7090536448,48115286016,284337
24.8032,cpu,15823213,22673678,543018799
24.8032,gpu,0,0,0
25.0038,disk0,939726207836160,2119320459,12921125525876682
25.0038,disk0w,2190187913216,19801321,1286129549229
25.0038,disk4,7358338271232,14834855,87832432110068
25.0038,disk4w,2195456,171,27582691
25.0038,disk8,7272388880384,7346635,63842123692284
25.0038,disk8w,352661504,46149,2453954914
25.0038,disk6,12757027895296,20818427,177750636304209
25.0038,disk6w,491520,70,201274851
25.0038,ram,7090536448,48115286016,284337
25.0038,cpu,15823213,22673678,543018799
25.0038,gpu,100,4,0
25.2051,disk0,939727751720960,2119323657,12921152230367932
25.2051,disk0w,2190187913216,19801321,1286129549229
25.2051,disk4,7358961584128,14836088,87848545954784
25.2051,disk4w,2195456,171,27582691
25.2051,disk8,7273174116352,7347398,63853209185431
25.2051,disk8w,352661504,46149,2453954914
25.2051,disk6,12757872449536,20820156,177772875190805
25.2051,disk6w,491520,70,201274851
25.2051,ram,4745609216,50346442752,284337
25.2051,cpu,15823273,22673874,543020270
25.2051,gpu,0,0,0
25.4039,disk0,939729377669120,2119327179,12921179567795304
25.4039,disk0w,2190187913216,19801321,1286129549229
25.4039,disk4,7359756978176,14837639,87871297209592
25.4039,disk4w,2195456,171,27582691
25.4039,disk8,7274176604160,7348373,63870446345260
25.4039,disk8w,352661504,46149,2453954914
25.4039,disk6,12758846003200,20822393,177800856252192
25.4039,disk6w,491520,70,201274851
25.4039,ram,4745609216,50346442752,284337
25.4039,cpu,15823273,22673874,543020270
25.4039,gpu,0,0,0
25.6051,disk0,939730872823808,2119330463,12921205144532923
25.6051,disk0w,2190187913216,19801321,1286129549229
25.6051,disk4,7360418007040,14838945,87888757961926
25.6051,disk4w,2195456,171,27582691
25.6051,disk8,7275134363648,7349304,63887256307701
25.6051,disk8w,352661504,46149,2453954914
25.6051,disk6,12759688820736,20824147,177821797820854
25.6051,disk6w,491520,70,201274851
25.6051,ram,4745609216,50346442752,284337
25.6051,cpu,15823273,22673874,543020270
25.6051,gpu,0,0,0
25.8051,disk0,939732603121664,2119334450,12921235251727204
25.8051,disk0w,2190187937792,19801327,1286132898351
25.8051,disk4,7360936593408,14839967,87899853405390
25.8051,disk4w,2195456,171,27582691
25.8051,disk8,7275955169280,7350099,63899827627730
25.8051,disk8w,352661504,46149,2453954914
25.8051,disk6,12760401422336,20825571,177837820166630
25.8051,disk6w,491520,70,201274851
25.8051,ram,4745609216,50346442752,284337
25.8051,cpu,15823273,22673874,543020270
25.8051,gpu,0,0,0
26.0041,disk0,939734226661376,2119338540,12921263513741929
26.0041,disk0w,2190187937792,19801327,1286132898351
26.0041,disk4,7361786693632,14841630,87925166592454
26.0041,disk4w,2195456,171,27582691
26.0041,disk8,7276949907456,7351065,63915835779490
26.0041,disk8w,352661504,46149,2453954914
26.0041,disk6,12761592031232,20827786,177871515117330
26.0041,disk6w,491520,70,201274851
26.0041,ram,4745609216,50346442752,284337
26.0041,cpu,15823273,22673874,543020270
26.0041,gpu,0,0,0
26.2051,disk0,939735237373952,2119341144,12921280060093744
26.2051,disk0w,2190187937792,19801327,1286132898351
26.2051,disk4,7362334361600,14842709,87938611824466
26.2051,disk4w,2195456,171,27582691
26.2051,disk8,7277640755200,7351737,63925107352767
26.2051,disk8w,352661504,46149,2453954914
26.2051,disk6,12762573555712,20829509,177898255573354
26.2051,disk6w,491520,70,201274851
26.2051,ram,3509764096,51388432384,284337
26.2051,cpu,15823327,22674057,543021886
26.2051,gpu,0,0,0
26.4051,disk0,939736420069376,2119344422,12921300472525042
26.4051,disk0w,2190187937792,19801327,1286132898351
26.4051,disk4,7363032549376,14844089,87959747635074
26.4051,disk4w,2195456,171,27582691
26.4051,disk8,7278696622080,7352763,63946319981211
26.4051,disk8w,352661504,46149,2453954914
26.4051,disk6,12763592280064,20831060,177925217720416
26.4051,disk6w,491520,70,201274851
26.4051,ram,3509764096,51388432384,284337
26.4051,cpu,15823327,22674057,543021886
26.4051,gpu,0,0,0
26.6051,disk0,939737350082560,2119346966,12921315857727445
26.6051,disk0w,2190187937792,19801327,1286132898351
26.6051,disk4,7363512207360,14845030,87972588625331
26.6051,disk4w,2195456,171,27582691
26.6051,disk8,7279658199040,7353695,63967046171935
26.6051,disk8w,352661504,46149,2453954914
26.6051,disk6,12764325013504,20832253,177942372215778
26.6051,disk6w,491520,70,201274851
26.6051,ram,3509764096,51388432384,284337
26.6051,cpu,15823327,22674057,543021886
26.6051,gpu,0,0,0
26.8001,disk0,939738981978112,2119350902,12921343981722347
26.8001,disk0w,2190187937792,19801327,1286132898351
26.8001,disk4,7364278405120,14846545,87994676224515
26.8001,disk4w,2195456,171,27582691
26.8001,disk8,7280696846336,7354704,63985818420352
26.8001,disk8w,352661504,46149,2453954914
26.8001,disk6,12765377849344,20833936,177968255946481
26.8001,disk6w,491520,70,201274851
26.8001,ram,3509764096,51388432384,284337
26.8001,cpu,15823327,22674057,543021886
26.8001,gpu,0,0,0
27.0051,disk0,939740069908480,2119353445,12921362312891492
27.0051,disk0w,2190187937792,19801327,1286132898351
27.0051,disk4,7364752181248,14847481,88006597079824
27.0051,disk4w,2195456,171,27582691
27.0051,disk8,7281433831424,7355420,63998204712951
27.0051,disk8w,352661504,46149,2453954914
27.0051,disk6,12766373791744,20835377,177994884703262
27.0051,disk6w,491520,70,201274851
27.0051,ram,3509764096,51388432384,284337
27.0051,cpu,15823327,22674057,543021886
27.0051,gpu,0,0,0
27.2051,disk0,939741177503744,2119355736,12921378662558071
27.2051,disk0w,2190187937792,19801327,1286132898351
27.2051,disk4,7365407229952,14848765,88023771597191
27.2051,disk4w,2195456,171,27582691
27.2051,disk8,7282106148864,7356074,64006383838114
27.2051,disk8w,352661504,46149,2453954914
27.2051,disk6,12767326009344,20836794,178018406936719
27.2051,disk6w,491520,70,201274851
27.2051,ram,1204682752,53815934976,284337
27.2051,cpu,15823376,22674213,543023465
27.2051,gpu,0,0,0
27.4041,disk0,939742824833024,2119359135,12921407218939750
27.4041,disk0w,2190187937792,19801327,1286132898351
27.4041,disk4,7365857658880,14849654,88032613827227
27.4041,disk4w,2195456,171,27582691
27.4041,disk8,7283052161024,7356993,64022226672787
27.4041,disk8w,352661504,46149,2453954914
27.4041,disk6,12768438978560,20838543,178048675862245
27.4041,disk6w,491520,70,201274851
27.4041,ram,1204682752,53815934976,284337
27.4041,cpu,15823376,22674213,543023465
27.4041,gpu,0,0,0
27.6051,disk0,939743807840256,2119361306,12921423724583752
27.6051,disk0w,2190188060672,19801335,1286133029181
27.6051,disk4,7366436718592,14850791,88049050406825
27.6051,disk4w,2195456,171,27582691
27.6051,disk8,7283729934336,7357651,64031883126110
27.6051,disk8w,352661504,46149,2453954914
27.6051,disk6,12769375905792,20839931,178073373892075
27.6051,disk6w,491520,70,201274851
27.6051,ram,1204682752,53815934976,284337
27.6051,cpu,15823376,22674213,543023465
27.6051,gpu,0,0,0
27.8051,disk0,939745136484352,2119364164,12921445822510379
27.8051,disk0w,2190188060672,19801335,1286133029181
27.8051,disk4,7366975752192,14851844,88062049365323
27.8051,disk4w,2195456,171,27582691
27.8051,disk8,7284529260544,7358425,64045433005056
27.8051,disk8w,352661504,46149,2453954914
27.8051,disk6,12770293794816,20841294,178096111368578
27.8051,disk6w,491520,70,201274851
27.8051,ram,1204682752,53815934976,284337
27.8051,cpu,15823376,22674213,543023465
27.8051,gpu,0,0,0
28.0051,disk0,939746729844736,2119367819,12921473410743857
28.0051,disk0w,2190188060672,19801335,1286133029181
28.0051,disk4,7367687849984,14853245,88080697169022
28.0051,disk4w,2195456,171,27582691
28.0051,disk8,7285591091200,7359458,64064917529050
28.0051,disk8w,352661504,46149,2453954914
28.0051,disk6,12771269396480,20842828,178119694029271
28.0051,disk6w,491520,70,201274851
28.0051,ram,1204682752,53815934976,284337
28.0051,cpu,15823376,22674213,543023465
28.0051,gpu,0,0,0
28.2051,disk0,939748176584704,2119372212,12921500168536149
28.2051,disk0w,2190188060672,19801335,1286133029181
28.2051,disk4,7368279181312,14854409,88098243615422
28.2051,disk4w,2195456,171,27582691
28.2051,disk8,7286259329024,7360110,64074642863420
28.2051,disk8w,352661504,46149,2453954914
28.2051,disk6,12772113344512,20844311,178137743502394
28.2051,disk6w,491520,70,201274851
28.2051,ram,252641280,55478386688,284346
28.2051,cpu,15823424,22674368,543025010
28.2051,gpu,0,0,0
28.4051,disk0,939750160224256,2119378213,12921536668830263
28.4051,disk0w,2190188060672,19801335,1286133029181
28.4051,disk4,7368752957440,14855341,88108183418817
28.4051,disk4w,2195456,171,27582691
28.4051,disk8,7287206881280,7361029,64090462551360
28.4051,disk8w,352661504,46149,2453954914
28.4051,disk6,12773181913088,20846056,178165729404483
28.4051,disk6w,491520,70,201274851
28.4051,ram,252641280,55478386688,284346
28.4051,cpu,15823424,22674368,543025010
28.4051,gpu,0,0,0
28.6051,disk0,939751349104640,2119381726,12921558357327161
28.6051,disk0w,2190188060672,19801335,1286133029181
28.6051,disk4,7369515386880,14856842,88133670356190
28.6051,disk4w,2195456,171,27582691
28.6051,disk8,7287827392512,7361632,64098986223962
28.6051,disk8w,352661504,46149,2453954914
28.6051,disk6,12774130771968,20847970,178185980031955
28.6051,disk6w,491520,70,201274851
28.6051,ram,252641280,55478386688,284346
28.6051,cpu,15823424,22674368,543025010
28.6051,gpu,0,0,0
28.8051,disk0,939752809889792,2119387523,12921585012136096
28.8051,disk0w,2190188060672,19801335,1286133029181
28.8051,disk4,7370568222720,14858910,88168634621489
28.8051,disk4w,2195456,171,27582691
28.8051,disk8,7288698398720,7362479,64112803497941
28.8051,disk8w,352661504,46149,2453954914
28.8051,disk6,12774815115264,20849281,178201925596945
28.8051,disk6w,491520,70,201274851
28.8051,ram,252641280,55478386688,284346
28.8051,cpu,15823424,22674368,543025010
28.8051,gpu,0,0,0
29.0041,disk0,939753879998464,2119394777,12921605343210306
29.0041,disk0w,2190188060672,19801335,1286133029181
29.0041,disk4,7371069196288,14859895,88181871139289
29.0041,disk4w,2195456,171,27582691
29.0041,disk8,7289347647488,7363109,64122513973730
29.0041,disk8w,352661504,46149,2453954914
29.0041,disk6,12776150812672,20851825,178234973325851
29.0041,disk6w,491520,70,201274851
29.0041,ram,252641280,55478386688,284346
29.0041,cpu,15823424,22674368,543025010
29.0041,gpu,0,0,0
29.2051,disk0,939755688017920,2119419161,12921643191577250
29.2051,disk0w,2190188060672,19801335,1286133029181
29.2051,disk4,7371665803264,14861065,88199272072368
29.2051,disk4w,2195456,171,27582691
29.2051,disk8,7290154821632,7363900,64134460737847
29.2051,disk8w,352661504,46149,2453954914
29.2051,disk6,12776901658624,20853113,178249489131077
29.2051,disk6w,491520,70,201274851
29.2051,ram,262750208,57230393344,284346
29.2051,cpu,15823479,22674572,543026649
29.2051,gpu,0,0,0
29.4051,disk0,939757030182912,2119431059,12921670861596849
29.4051,disk0w,2190188060672,19801335,1286133029181
29.4051,disk4,7372230494208,14862168,88213482760421
29.4051,disk4w,2195456,171,27582691
29.4051,disk8,7290869852160,7364593,64144726061946
29.4051,disk8w,352661504,46149,2453954914
29.4051,disk6,12778256328704,20855697,178283845485004
29.4051,disk6w,491520,70,201274851
29.4051,ram,262750208,57230393344,284346
29.4051,cpu,15823479,22674572,543026649
29.4051,gpu,0,0,0
29.6051,disk0,939758303580160,2119455508,12921698303809429
29.6051,disk0w,2190188060672,19801335,1286133029181
29.6051,disk4,7372981848064,14863639,88236420661878
29.6051,disk4w,2195456,171,27582691
29.6051,disk8,7291593697280,7365296,64155156077244
29.6051,disk8w,352661504,46149,2453954914
29.6051,disk6,12779398440960,20857820,178317833830119
29.6051,disk6w,491520,70,201274851
29.6051,ram,262750208,57230393344,284346
29.6051,cpu,15823479,22674572,543026649
29.6051,gpu,0,0,0
29.8051,disk0,939759251132416,2119457536,12921713239585151
29.8051,disk0w,2190188060672,19801335,1286133029181
29.8051,disk4,7373560907776,14864783,88253692589713
29.8051,disk4w,2195456,171,27582691
29.8051,disk8,7292376541184,7366056,64169211063572
29.8051,disk8w,352661504,46149,2453954914
29.8051,disk6,12780815202304,20860662,178357149613830
29.8051,disk6w,491520,70,201274851
29.8051,ram,262750208,57230393344,284346
29.8051,cpu,15823479,22674572,543026649
29.8051,gpu,0,0,0
30.0051,disk0,939760479440896,2119459893,12921732237490118
30.0051,disk0w,2190188060672,19801335,1286133029181
30.0051,disk4,7374210156544,14866066,88273836502992
30.0051,disk4w,2195456,171,27582691
30.0051,disk8,7293102761984,7366765,64179808213877
30.0051,disk8w,352661504,46149,2453954914
30.0051,disk6,12781830936576,20862619,178382818987974
30.0051,disk6w,491520,70,201274851
30.0051,ram,262750208,57230393344,284346
30.0051,cpu,15823479,22674572,543026649
30.0051,gpu,0,0,0
30.2051,disk0,939761654325248,2119462377,12921750504251562
30.2051,disk0w,2190188060672,19801335,1286133029181
30.2051,disk4,7374736574464,14867100,88285308534411
30.2051,disk4w,2195456,171,27582691
30.2051,disk8,7294079674368,7367713,64197214605772
30.2051,disk8w,352661504,46149,2453954914
30.2051,disk6,12783084128256,20865170,178414555256126
30.2051,disk6w,491520,70,201274851
30.2051,ram,246415360,59089534976,284346
30.2051,cpu,15823536,22674765,543028041
30.2051,gpu,0,0,0
30.4051,disk0,939762865872896,2119464771,12921770634819618
30.4051,disk0w,2190188060672,19801335,1286133029181
30.4051,disk4,7375245445120,14868105,88299018077748
30.4051,disk4w,2195456,171,27582691
30.4051,disk8,7295015413760,7368623,64215791894674
30.4051,disk8w,352661504,46149,2453954914
30.4051,disk6,12784352266240,20867738,178452906471749
30.4051,disk6w,491520,70,201274851
30.4051,ram,246415360,59089534976,284346
30.4051,cpu,15823536,22674765,543028041
30.4051,gpu,0,0,0
30.6049,disk0,939763690594304,2119466389,12921783475991981
30.6049,disk0w,2190188060672,19801335,1286133029181
30.6049,disk4,7375859599360,14869319,88317755936046
30.6049,disk4w,2195456,171,27582691
30.6049,disk8,7295805040640,7369390,64229995376206
30.6049,disk8w,352661504,46149,2453954914
30.6049,disk6,12785766115328,20870510,178493901305120
30.6049,disk6w,491520,70,201274851
30.6049,ram,246415360,59089534976,284346
30.6049,cpu,15823536,22674765,543028041
30.6049,gpu,0,0,0
30.8051,disk0,939765041733632,2119468808,12921804846374565
30.8051,disk0w,2190188060672,19801335,1286133029181
30.8051,disk4,7376192997376,14869973,88323242246451
30.8051,disk4w,2195456,171,27582691
30.8051,disk8,7296857876480,7370413,64249333827871
30.8051,disk8w,352661504,46149,2453954914
30.8051,disk6,12786863089664,20872401,178525258712571
30.8051,disk6w,491520,70,201274851
30.8051,ram,246415360,59089534976,284346
30.8051,cpu,15823536,22674765,543028041
30.8051,gpu,0,0,0
31.0051,disk0,939766234947584,2119470662,12921824544119672
31.0051,disk0w,2190188060672,19801335,1286133029181
31.0051,disk4,7376772057088,14871109,88340280253986
31.0051,disk4w,2195456,171,27582691
31.0051,disk8,7297524672512,7371062,64259240283619
31.0051,disk8w,352661504,46149,2453954914
31.0051,disk6,12788228057088,20874935,178561228505137
31.0051,disk6w,491520,70,201274851
31.0051,ram,246415360,59089534976,284346
31.0051,cpu,15823536,22674765,543028041
31.0051,gpu,0,0,0
31.2052,disk0,939767995097088,2119473441,12921854047748857
31.2052,disk0w,2190188060672,19801335,1286133029181
31.2052,disk4,7377386424320,14872313,88355351601453
31.2052,disk4w,2195456,171,27582691
31.2052,disk8,7298263656448,7371778,64268454495436
31.2052,disk8w,352661504,46149,2453954914
31.2052,disk6,12789384529920,20877048,178588197001624
31.2052,disk6w,491520,70,201274851
31.2052,ram,224002048,61042769920,284346
31.2052,cpu,15823589,22674933,543029728
31.2052,gpu,0,0,0
31.4052,disk0,939769599926272,2119476189,12921880810523024
31.4052,disk0w,2190188060672,19801335,1286133029181
31.4052,disk4,7378198661120,14873914,88379933664373
31.4052,disk4w,2195456,171,27582691
31.4052,disk8,7299298437120,7372784,64286836169097
31.4052,disk8w,352661504,46149,2453954914
31.4052,disk6,12790536448000,20879412,178620063233881
31.4052,disk6w,491520,70,201274851
31.4052,ram,224002048,61042769920,284346
31.4052,cpu,15823589,22674933,543029728
31.4052,gpu,0,0,0
31.6052,disk0,939770516480000,2119477690,12921894762061008
31.6052,disk0w,2190188060672,19801335,1286133029181
31.6052,disk4,7378561878016,14874630,88387786985714
31.6052,disk4w,2195456,171,27582691
31.6052,disk8,7300086573056,7373552,64301477167975
31.6052,disk8w,352661504,46149,2453954914
31.6052,disk6,12791767504896,20882043,178652776021983
31.6052,disk6w,491520,70,201274851
31.6052,ram,224002048,61042769920,284346
31.6052,cpu,15823589,22674933,543029728
31.6052,gpu,0,0,0
31.8003,disk0,939771971084288,2119480024,12921917513167337
31.8003,disk0w,2190188060672,19801335,1286133029181
31.8003,disk4,7379111086080,14875715,88399868720714
31.8003,disk4w,2195456,171,27582691
31.8003,disk8,7301007419392,7374446,64316115926104
31.8003,disk8w,352661504,46149,2453954914
31.8003,disk6,12792935520256,20884534,178682589084612
31.8003,disk6w,491520,70,201274851
31.8003,ram,224002048,61042769920,284346
31.8003,cpu,15823589,22674933,543029728
31.8003,gpu,38,7,0
32.0048,disk0,939773955743744,2119483926,12921952644859922
32.0048,disk0w,2190188060672,19801335,1286133029181
32.0048,disk4,7379684902912,14876839,88414510456060
32.0048,disk4w,2195456,171,27582691
32.0048,disk8,7301646526464,7375066,64323257747396
32.0048,disk8w,352661504,46149,2453954914
32.0048,disk6,12794265286656,20887586,178722540455963
32.0048,disk6w,491520,70,201274851
32.0048,ram,224002048,61042769920,284346
32.0048,cpu,15823589,22674933,543029728
32.0048,gpu,0,0,0
32.2041,disk0,939775390965760,2119486383,12921975787384394
32.2041,disk0w,2190188060672,19801335,1286133029181
32.2041,disk4,7380290480128,14878028,88429974927702
32.2041,disk4w,2195456,171,27582691
32.2041,disk8,7302560737280,7375959,64340780326014
32.2041,disk8w,352661504,46149,2453954914
32.2041,disk6,12795322284032,20889942,178747780069249
32.2041,disk6w,491520,70,201274851
32.2041,ram,240812032,62567006208,284346
32.2041,cpu,15823640,22675108,543031298
32.2041,gpu,0,0,0
32.4052,disk0,939777149362176,2119489477,12922005593267195
32.4052,disk0w,2190188060672,19801335,1286133029181
32.4052,disk4,7380983400448,14879393,88448219501580
32.4052,disk4w,2195456,171,27582691
32.4052,disk8,7303508289536,7376878,64356454024446
32.4052,disk8w,352661504,46149,2453954914
32.4052,disk6,12796221020160,20891924,178767574287793
32.4052,disk6w,491520,70,201274851
32.4052,ram,240812032,62567006208,284346
32.4052,cpu,15823640,22675108,543031298
32.4052,gpu,0,0,0
32.6052,disk0,939778937036800,2119492918,12922036243065573
32.6052,disk0w,2190188060672,19801335,1286133029181
32.6052,disk4,7381783267328,14880966,88471709145856
32.6052,disk4w,2195456,171,27582691
32.6052,disk8,7304420747264,7377762,64370470816935
32.6052,disk8w,352661504,46149,2453954914
32.6052,disk6,12797426055168,20894583,178799074295989
32.6052,disk6w,491520,70,201274851
32.6052,ram,240812032,62567006208,284346
32.6052,cpu,15823640,22675108,543031298
32.6052,gpu,0,0,0
32.8068,disk0,939779944898560,2119494839,12922052563625602
32.8068,disk0w,2190188109824,19801341,1286133127721
32.8068,disk4,7382430664704,14882246,88491500326309
32.8068,disk4w,2195456,171,27582691
32.8068,disk8,7305251760128,7378568,64386250882001
32.8068,disk8w,352661504,46149,2453954914
32.8068,disk6,12798542309376,20896998,178825860491725
32.8068,disk6w,491520,70,201274851
32.8068,ram,240812032,62567006208,284346
32.8068,cpu,15823640,22675108,543031298
32.8068,gpu,0,0,0
33.0052,disk0,939781466574848,2119498380,12922078757556649
33.0052,disk0w,2190188109824,19801341,1286133127721
33.0052,disk4,7383194355712,14883767,88515380224562
33.0052,disk4w,2195456,171,27582691
33.0052,disk8,7306315851776,7379602,64406342771987
33.0052,disk8w,352661504,46149,2453954914
33.0052,disk6,12799427753984,20898706,178848871074283
33.0052,disk6w,491520,70,201274851
33.0052,ram,240812032,62567006208,284346
33.0052,cpu,15823640,22675108,543031298
33.0052,gpu,0,0,0
33.2052,disk0,939782952005632,2119501303,12922102972820634
33.2052,disk0w,2190188109824,19801341,1286133127721
33.2052,disk4,7383741048832,14884855,88528489105435
33.2052,disk4w,2195456,171,27582691
33.2052,disk8,7307019347968,7380283,64415586342004
33.2052,disk8w,352661504,46149,2453954914
33.2052,disk6,12800674392064,20901257,178880830315055
33.2052,disk6w,491520,70,201274851
33.2052,ram,244826112,63913066496,284350
33.2052,cpu,15823689,22675281,543032860
33.2052,gpu,0,0,0
33.4052,disk0,939784270131200,2119503793,12922123219483044
33.4052,disk0w,2190188109824,19801341,1286133127721
33.4052,disk4,7384447322112,14886269,88548549462046
33.4052,disk4w,2195456,171,27582691
33.4052,disk8,7307766032384,7381006,64426672386348
33.4052,disk8w,352661504,46149,2453954914
33.4052,disk6,12801590306816,20902938,178905080120661
33.4052,disk6w,491520,70,201274851
33.4052,ram,244826112,63913066496,284350
33.4052,cpu,15823689,22675281,543032860
33.4052,gpu,0,0,0
33.6052,disk0,939785763446784,2119506630,12922148095929945
33.6052,disk0w,2190188109824,19801341,1286133127721
33.6052,disk4,7385116731392,14887612,88567141558664
33.6052,disk4w,2195456,171,27582691
33.6052,disk8,7308844263424,7382053,64446949186295
33.6052,disk8w,352661504,46149,2453954914
33.6052,disk6,12802521786368,20904536,178928277511400
33.6052,disk6w,491520,70,201274851
33.6052,ram,244826112,63913066496,284350
33.6052,cpu,15823689,22675281,543032860
33.6052,gpu,0,0,0
33.8002,disk0,939786974453760,2119509253,12922155368648359
33.8002,disk0w,2190188109824,19801341,1286133127721
33.8002,disk4,7385807087616,14889023,88577445448959
33.8002,disk4w,2195456,171,27582691
33.8002,disk8,7309483354112,7382698,64453005542409
33.8002,disk8w,352661504,46149,2453954914
33.8002,disk6,12803278301184,20905715,178940601634045
33.8002,disk6w,491520,70,201274851
33.8002,ram,244826112,63913066496,284350
33.8002,cpu,15823689,22675281,543032860
33.8002,gpu,35,14,0
34.0052,disk0,939789395640320,2119519747,12922170564451389
34.0052,disk0w,2190188109824,19801341,1286133127721
34.0052,disk4,7386440222720,14890320,88581067937014
34.0052,disk4w,2195456,171,27582691
34.0052,disk8,7310080518144,7383310,64453858562832
34.0052,disk8w,352661504,46149,2453954914
34.0052,disk6,12804710459392,20907671,178952428890356
34.0052,disk6w,491520,70,201274851
34.0052,ram,244826112,63913066496,284350
34.0052,cpu,15823689,22675281,543032860
34.0052,gpu,0,0,0
34.2006,disk0,939791601479680,2119523194,12922183521248026
34.2006,disk0w,2190188109824,19801341,1286133127721
34.2006,disk4,7387021928448,14891513,88584346924209
34.2006,disk4w,2195456,171,27582691
34.2006,disk8,7310545954816,7383787,64454436782505
34.2006,disk8w,352661504,46149,2453954914
34.2006,disk6,12805768308736,20909149,178960915757603
34.2006,disk6w,491520,70,201274851
34.2006,ram,217530368,66400632832,284350
34.2006,cpu,15823751,22675425,543034454
34.2006,gpu,0,0,0
34.4052,disk0,939793892945920,2119527946,12922195597285036
34.4052,disk0w,2190188109824,19801341,1286133127721
34.4052,disk4,7387768293376,14893041,88589918008329
34.4052,disk4w,2195456,171,27582691
34.4052,disk8,7311064082432,7384318,64455008856281
34.4052,disk8w,352661504,46149,2453954914
34.4052,disk6,12807081781248,20911261,178972686286010
34.4052,disk6w,491520,70,201274851
34.4052,ram,217530368,66400632832,284350
34.4052,cpu,15823751,22675425,543034454
34.4052,gpu,40,16,0
34.6041,disk0,939795932291072,2119532127,12922206257748592
34.6041,disk0w,2190188126208,19801342,1286133159554
34.6041,disk4,7388320270336,14894133,88593770832974
34.6041,disk4w,2195456,171,27582691
34.6041,disk8,7311485609984,7384750,64455478155929
34.6041,disk8w,352661504,46149,2453954914
34.6041,disk6,12808390977536,20913470,178986944323688
34.6041,disk6w,491520,70,201274851
34.6041,ram,217530368,66400632832,284350
34.6041,cpu,15823751,22675425,543034454
34.6041,gpu,0,0,0
34.8051,disk0,939797942865920,2119536629,12922215341131906
34.8051,disk0w,2190188126208,19801342,1286133159554
34.8051,disk4,7388925396992,14895322,88596795910559
34.8051,disk4w,2195456,171,27582691
34.8051,disk8,7312073992192,7385353,64456199565828
34.8051,disk8w,352661504,46149,2453954914
34.8051,disk6,12809780639744,20916095,179006473160520
34.8051,disk6w,491520,70,201274851
34.8051,ram,217530368,66400632832,284350
34.8051,cpu,15823751,22675425,543034454
34.8051,gpu,0,0,0
35.0018,disk0,939799795978240,2119547593,12922230180337554
35.0018,disk0w,2190188126208,19801342,1286133159554
35.0018,disk4,7389603170304,14896656,88600882314578
35.0018,disk4w,2195456,171,27582691
35.0018,disk8,7312575604736,7385867,64456798641317
35.0018,disk8w,352661504,46149,2453954914
35.0018,disk6,12811097520128,20918365,179021577099423
35.0018,disk6w,491520,70,201274851
35.0018,ram,217530368,66400632832,284350
35.0018,cpu,15823751,22675425,543034454
35.0018,gpu,33,13,0
35.2007,disk0,939801529602048,2119550578,12922237389177297
35.2007,disk0w,2190188126208,19801342,1286133159554
35.2007,disk4,7390405535744,14898253,88609368496204
35.2007,disk4w,2195456,171,27582691
35.2007,disk8,7312978470912,7386280,64457516896524
35.2007,disk8w,352661504,46149,2453954914
35.2007,disk6,12812175718400,20920381,179033401585369
35.2007,disk6w,491520,70,201274851
35.2007,ram,201146368,64203948032,284351
35.2007,cpu,15823799,22675578,543036010
35.2007,gpu,0,0,0
35.4052,disk0,939804110094336,2119558375,12922257170477734
35.4052,disk0w,2190188126208,19801342,1286133159554
35.4052,disk4,7391235737600,14899955,88615589736516
35.4052,disk4w,2195456,171,27582691
35.4052,disk8,7313637107712,7386955,64458381972305
35.4052,disk8w,352661504,46149,2453954914
35.4052,disk6,12813372553216,20922116,179039128373331
35.4052,disk6w,491520,70,201274851
35.4052,ram,201146368,64203948032,284351
35.4052,cpu,15823799,22675578,543036010
35.4052,gpu,0,0,0
35.6052,disk0,939806692081664,2119562558,12922271750270006
35.6052,disk0w,2190188126208,19801342,1286133159554
35.6052,disk4,7391915362304,14901349,88619154761637
35.6052,disk4w,2195456,171,27582691
35.6052,disk8,7314199144448,7387531,64459129086240
35.6052,disk8w,352661504,46149,2453954914
35.6052,disk6,12814547957760,20923605,179045929921680
35.6052,disk6w,491520,70,201274851
35.6052,ram,201146368,64203948032,284351
35.6052,cpu,15823799,22675578,543036010
35.6052,gpu,0,0,0
35.8052,disk0,939808903315456,2119566942,12922284963883641
35.8052,disk0w,2190188126208,19801342,1286133159554
35.8052,disk4,7392468109312,14902482,88623073910264
35.8052,disk4w,2195456,171,27582691
35.8052,disk8,7314769963008,7388116,64459811492130
35.8052,disk8w,352661504,46149,2453954914
35.8052,disk6,12815832266752,20925507,179057396206454
35.8052,disk6w,491520,70,201274851
35.8052,ram,201146368,64203948032,284351
35.8052,cpu,15823799,22675578,543036010
35.8052,gpu,0,0,0
36.0052,disk0,939810935291904,2119571341,12922295720599801
36.0052,disk0w,2190188126208,19801342,1286133159554
36.0052,disk4,7393158744064,14903856,88626622798768
36.0052,disk4w,2195456,171,27582691
36.0052,disk8,7315296872448,7388656,64460360891077
36.0052,disk8w,352661504,46149,2453954914
36.0052,disk6,12817129355264,20927677,179073303321460
36.0052,disk6w,491520,70,201274851
36.0052,ram,201146368,64203948032,284351
36.0052,cpu,15823799,22675578,543036010
36.0052,gpu,0,0,0
36.2009,disk0,939813128372224,2119576274,12922309499947764
36.2009,disk0w,2190188126208,19801342,1286133159554
36.2009,disk4,7393816250368,14905142,88629630461666
36.2009,disk4w,2195456,171,27582691
36.2009,disk8,7315797436416,7389169,64460921378118
36.2009,disk8w,352661504,46149,2453954914
36.2009,disk6,12818484934656,20930066,179089046009967
36.2009,disk6w,491520,70,201274851
36.2009,ram,220659712,65802174464,284351
36.2009,cpu,15823851,22675709,543037648
36.2009,gpu,0,0,0
36.4008,disk0,939814986211328,2119580965,12922319456121597
36.4008,disk0w,2190188126208,19801342,1286133159554
36.4008,disk4,7394587412480,14906662,88634407000486
36.4008,disk4w,2195456,171,27582691
36.4008,disk8,7316298000384,7389682,64461492905227
36.4008,disk8w,352661504,46149,2453954914
36.4008,disk6,12819751401472,20932309,179104914329481
36.4008,disk6w,491520,70,201274851
36.4008,ram,220659712,65802174464,284351
36.4008,cpu,15823851,22675709,543037648
36.4008,gpu,0,0,0
36.6035,disk0,939816646139904,2119585197,12922325938653393
36.6035,disk0w,2190188126208,19801342,1286133159554
36.6035,disk4,7395465218048,14908400,88641431640457
36.6035,disk4w,2195456,171,27582691
36.6035,disk8,7316816128000,7390213,64462128837589
36.6035,disk8w,352661504,46149,2453954914
36.6035,disk6,12821186705408,20935083,179124743128633
36.6035,disk6w,491520,70,201274851
36.6035,ram,220659712,65802174464,284351
36.6035,cpu,15823851,22675709,543037648
36.6035,gpu,33,12,0
36.8041,disk0,939818669400064,2119592932,12922340215785779
36.8041,disk0w,2190188126208,19801342,1286133159554
36.8041,disk4,7396123183104,14909747,88646478489352
36.8041,disk4w,2195456,171,27582691
36.8041,disk8,7317257922560,7390665,64462964506724
36.8041,disk8w,352661504,46149,2453954914
36.8041,disk6,12822259697664,20936723,179134245279826
36.8041,disk6w,491520,70,201274851
36.8041,ram,220659712,65802174464,284351
36.8041,cpu,15823851,22675709,543037648
36.8041,gpu,0,0,0
37.0052,disk0,939821115793408,2119597297,12922352097386252
37.0052,disk0w,2190188126208,19801342,1286133159554
37.0052,disk4,7397033691136,14911615,88655317872909
37.0052,disk4w,2195456,171,27582691
37.0052,disk8,7317764515840,7391185,64463635445715
37.0052,disk8w,352661504,46149,2453954914
37.0052,disk6,12823486728192,20938197,179140615073083
37.0052,disk6w,491520,70,201274851
37.0052,ram,220659712,65802174464,284351
37.0052,cpu,15823851,22675709,543037648
37.0052,gpu,33,13,0
37.2052,disk0,939822810882048,2119600512,12922357996224280
37.2052,disk0w,2190188126208,19801342,1286133159554
37.2052,disk4,7397618239488,14912814,88659491225146
37.2052,disk4w,2195456,171,27582691
37.2052,disk8,7318380292096,7391816,64464473713168
37.2052,disk8w,352661504,46149,2453954914
37.2052,disk6,12824902666240,20940349,179157921390028
37.2052,disk6w,491520,70,201274851
37.2052,ram,219119616,65750745088,284351
37.2052,cpu,15823886,22675818,543039176
37.2052,gpu,0,0,0
37.4008,disk0,939824866222080,2119604763,12922367457660815
37.4008,disk0w,2190188150784,19801345,1286133227804
37.4008,disk4,7398285035520,14914168,88662755606863
37.4008,disk4w,2195456,171,27582691
37.4008,disk8,7318862243840,7392310,64465074509715
37.4008,disk8w,352661504,46149,2453954914
37.4008,disk6,12826261309440,20942430,179173416907091
37.4008,disk6w,491520,70,201274851
37.4008,ram,219119616,65750745088,284351
37.4008,cpu,15823886,22675818,543039176
37.4008,gpu,32,16,0
37.6012,disk0,939826891530240,2119609335,12922377511107231
37.6012,disk0w,2190188150784,19801345,1286133227804
37.6012,disk4,7399034996736,14915623,88668108163869
37.6012,disk4w,2195456,171,27582691
37.6012,disk8,7319424280576,7392886,64465783339689
37.6012,disk8w,352661504,46149,2453954914
37.6012,disk6,12827574507520,20944792,179188855395314
37.6012,disk6w,491520,70,201274851
37.6012,ram,219119616,65750745088,284351
37.6012,cpu,15823886,22675818,543039176
37.6012,gpu,0,0,0
37.8052,disk0,939828831297536,2119613853,12922385618171771
37.8052,disk0w,2190188199936,19801346,1286133240220
37.8052,disk4,7399816857600,14917165,88675600927105
37.8052,disk4w,2195456,171,27582691
37.8052,disk8,7320039008256,7393516,64466563352559
37.8052,disk8w,352661504,46149,2453954914
37.8052,disk6,12828966098944,20947239,179204539674140
37.8052,disk6w,491520,70,201274851
37.8052,ram,219119616,65750745088,284351
37.8052,cpu,15823886,22675818,543039176
37.8052,gpu,0,0,0
38.0051,disk0,939830572449792,2119618325,12922393552143260
38.0051,disk0w,2190188199936,19801346,1286133240220
38.0051,disk4,7400586987520,14918683,88684342671694
38.0051,disk4w,2195456,171,27582691
38.0051,disk8,7320557135872,7394047,64467120050174
38.0051,disk8w,352661504,46149,2453954914
38.0051,disk6,12830223276032,20949657,179219635580359
38.0051,disk6w,491520,70,201274851
38.0051,ram,219119616,65750745088,284351
38.0051,cpu,15823886,22675818,543039176
38.0051,gpu,0,0,0
38.2005,disk0,939832384679936,2119622000,12922402508599452
38.2005,disk0w,2190188236800,19801348,1286133284011
38.2005,disk4,7401180334080,14919886,88689840391003
38.2005,disk4w,2195456,171,27582691
38.2005,disk8,7321048819712,7394551,64468836802433
38.2005,disk8w,352661504,46149,2453954914
38.2005,disk6,12831255959552,20951311,179230092173650
38.2005,disk6w,491520,70,201274851
38.2005,ram,77758464,66456764416,284356
38.2005,cpu,15823959,22675975,543040779
38.2005,gpu,48,36,0
38.4002,disk0,939834429222912,2119630378,12922414010902556
38.4002,disk0w,2190188236800,19801348,1286133284011
38.4002,disk4,7401999812608,14921565,88698533379025
38.4002,disk4w,2195456,171,27582691
38.4002,disk8,7321523038208,7395037,64469454547645
38.4002,disk8w,352661504,46149,2453954914
38.4002,disk6,12832347428864,20952690,179238904154231
38.4002,disk6w,491520,70,201274851
38.4002,ram,77758464,66456764416,284356
38.4002,cpu,15823959,22675975,543040779
38.4002,gpu,0,0,0
38.6042,disk0,939836560224256,2119634083,12922424078954190
38.6042,disk0w,2190188236800,19801348,1286133284011
38.6042,disk4,7402682722304,14922967,88706328460351
38.6042,disk4w,2195456,171,27582691
38.6042,disk8,7321982838784,7395508,64469973214278
38.6042,disk8w,352661504,46149,2453954914
38.6042,disk6,12833571887104,20954379,179248456121835
38.6042,disk6w,491520,70,201274851
38.6042,ram,77758464,66456764416,284356
38.6042,cpu,15823959,22675975,543040779
38.6042,gpu,0,0,0
38.8052,disk0,939838783664128,2119638503,12922436818360669
38.8052,disk0w,2190188236800,19801348,1286133284011
38.8052,disk4,7403219486720,14924068,88708924625392
38.8052,disk4w,2195456,171,27582691
38.8052,disk8,7322585638912,7396126,64470839650072
38.8052,disk8w,352661504,46149,2453954914
38.8052,disk6,12834927405056,20956538,179262286005339
38.8052,disk6w,491520,70,201274851
38.8052,ram,77758464,66456764416,284356
38.8052,cpu,15823959,22675975,543040779
38.8052,gpu,0,0,0
39.0052,disk0,939840668065792,2119642636,12922447205800400
39.0052,disk0w,2190188421120,19801360,1286133541716
39.0052,disk4,7403935254528,14925483,88714104984804
39.0052,disk4w,2195456,171,27582691
39.0052,disk8,7322974136320,7396524,64471255423815
39.0052,disk8w,352661504,46149,2453954914
39.0052,disk6,12836189267968,20958710,179277175163840
39.0052,disk6w,491520,70,201274851
39.0052,ram,77758464,66456764416,284356
39.0052,cpu,15823959,22675975,543040779
39.0052,gpu,0,0,0
39.2020,disk0,939842798145536,2119647278,12922459803078692
39.2020,disk0w,2190188441600,19801362,1286133581299
39.2020,disk4,7404490622976,14926571,88716583358068
39.2020,disk4w,2195456,171,27582691
39.2020,disk8,7323569203200,7397134,64472082533000
39.2020,disk8w,352661504,46149,2453954914
39.2020,disk6,12837501528064,20961090,179293432891524
39.2020,disk6w,491520,70,201274851
39.2020,ram,200523776,66362605568,284365
39.2020,cpu,15824053,22676148,543042216
39.2020,gpu,0,0,0
39.4041,disk0,939845165023232,2119655216,12922479187456970
39.4041,disk0w,2190188494848,19801364,1286133635298
39.4041,disk4,7405282347008,14928131,88722239759007
39.4041,disk4w,2195456,171,27582691
39.4041,disk8,7324060985344,7397638,64472672990745
39.4041,disk8w,352661504,46149,2453954914
39.4041,disk6,12838744057856,20963297,179303912718333
39.4041,disk6w,491520,70,201274851
39.4041,ram,200523776,66362605568,284365
39.4041,cpu,15824053,22676148,543042216
39.4041,gpu,0,0,0
39.6042,disk0,939847168733184,2119658929,12922489422101035
39.6042,disk0w,2190188494848,19801364,1286133635298
39.6042,disk4,7406049708032,14929648,88729423481935
39.6042,disk4w,2195456,171,27582691
39.6042,disk8,7324587894784,7398178,64473314015283
39.6042,disk8w,352661504,46149,2453954914
39.6042,disk6,12839763224576,20965220,179311966204439
39.6042,disk6w,491520,70,201274851
39.6042,ram,200523776,66362605568,284365
39.6042,cpu,15824053,22676148,543042216
39.6042,gpu,0,0,0
39.8042,disk0,939848859418624,2119666333,12922498823337364
39.8042,disk0w,2190188494848,19801364,1286133635298
39.8042,disk4,7406874429440,14931337,88736091172921
39.8042,disk4w,2195456,171,27582691
39.8042,disk8,7325149898752,7398754,64474410189637
39.8042,disk8w,352661504,46149,2453954914
39.8042,disk6,12841061459968,20967247,179326997116757
39.8042,disk6w,491520,70,201274851
39.8042,ram,200523776,66362605568,284365
39.8042,cpu,15824053,22676148,543042216
39.8042,gpu,0,0,0
40.0052,disk0,939851245821952,2119670700,12922512292465349
40.0052,disk0w,2190188494848,19801364,1286133635298
40.0052,disk4,7407724562432,14933080,88745212898906
40.0052,disk4w,2195456,171,27582691
40.0052,disk8,7325729499136,7399348,64475201928608
40.0052,disk8w,352661504,46149,2453954914
40.0052,disk6,12842149111808,20968572,179332068898241
40.0052,disk6w,491520,70,201274851
40.0052,ram,200523776,66362605568,284365
40.0052,cpu,15824053,22676148,543042216
40.0052,gpu,0,0,0
40.2052,disk0,939853397372928,2119674886,12922521342666489
40.2052,disk0w,2190188494848,19801364,1286133635298
40.2052,disk4,7408401041408,14934469,88749613209599
40.2052,disk4w,2195456,171,27582691
40.2052,disk8,7326291535872,7399924,64476007763504
40.2052,disk8w,352661504,46149,2453954914
40.2052,disk6,12843526318080,20970762,179346809387613
40.2052,disk6w,491520,70,201274851
40.2052,ram,212975616,66119008256,284365
40.2052,cpu,15824120,22676326,543043744
40.2052,gpu,0,0,0
40.4052,disk0,939855564185600,2119679723,12922531614611946
40.4052,disk0w,2190188494848,19801364,1286133635298
40.4052,disk4,7409269639168,14936209,88757412808655
40.4052,disk4w,2195456,171,27582691
40.4052,disk8,7326809663488,7400455,64476635699948
40.4052,disk8w,352661504,46149,2453954914
40.4052,disk6,12844780742656,20972716,179357790499182
40.4052,disk6w,491520,70,201274851
40.4052,ram,212975616,66119008256,284365
40.4052,cpu,15824120,22676326,543043744
40.4052,gpu,0,0,0
40.6052,disk0,939857646637056,2119684523,12922544462113403
40.6052,disk0w,2190188519424,19801370,1286133753171
40.6052,disk4,7410111907840,14937854,88764178954985
40.6052,disk4w,2195456,171,27582691
40.6052,disk8,7327374845952,7401034,64477337230349
40.6052,disk8w,352661504,46149,2453954914
40.6052,disk6,12846047045632,20975010,179369072631945
40.6052,disk6w,491520,70,201274851
40.6052,ram,212975616,66119008256,284365
40.6052,cpu,15824120,22676326,543043744
40.6052,gpu,0,0,0
40.8004,disk0,939859410620416,2119688739,12922551719820407
40.8004,disk0w,2190188519424,19801370,1286133753171
40.8004,disk4,7410901534720,14939409,88771246351188
40.8004,disk4w,2195456,171,27582691
40.8004,disk8,7327906998272,7401579,64477956264085
40.8004,disk8w,352661504,46149,2453954914
40.8004,disk6,12847301470208,20977158,179383994588496
40.8004,disk6w,491520,70,201274851
40.8004,ram,212975616,66119008256,284365
40.8004,cpu,15824120,22676326,543043744
40.8004,gpu,0,0,0
41.0052,disk0,939861440319488,2119693537,12922561595946689
41.0052,disk0w,2190188519424,19801370,1286133753171
41.0052,disk4,7411620972544,14940833,88776621747175
41.0052,disk4w,2195456,171,27582691
41.0052,disk8,7328478210048,7402165,64478630021562
41.0052,disk8w,352661504,46149,2453954914
41.0052,disk6,12848663472128,20979721,179400961605700
41.0052,disk6w,491520,70,201274851
41.0052,ram,212975616,66119008256,284365
41.0052,cpu,15824120,22676326,543043744
41.0052,gpu,0,0,0
41.2052,disk0,939863196315648,2119698322,12922570886970263
41.2052,disk0w,2190188519424,19801370,1286133753171
41.2052,disk4,7412428146688,14942484,88786377275582
41.2052,disk4w,2195456,171,27582691
41.2052,disk8,7328981854208,7402681,64479686794086
41.2052,disk8w,352661504,46149,2453954914
41.2052,disk6,12849718454272,20981433,179410748686606
41.2052,disk6w,491520,70,201274851
41.2052,ram,285589504,65885372416,284365
41.2052,cpu,15824183,22676471,543045479
41.2052,gpu,0,0,0
41.4052,disk0,939865310588928,2119702128,12922580288465838
41.4052,disk0w,2190188519424,19801370,1286133753171
41.4052,disk4,7413279188992,14944228,88795301804085
41.4052,disk4w,2195456,171,27582691
41.4052,disk8,7329426581504,7403137,64480204654514
41.4052,disk8w,352661504,46149,2453954914
41.4052,disk6,12850931066880,20982964,179419674555634
41.4052,disk6w,491520,70,201274851
41.4052,ram,285589504,65885372416,284365
41.4052,cpu,15824183,22676471,543045479
41.4052,gpu,0,0,0
41.6024,disk0,939867164831744,2119705681,12922588245673605
41.6024,disk0w,2190188519424,19801370,1286133753171
41.6024,disk4,7413928445952,14945560,88803125504474
41.6024,disk4w,2195456,171,27582691
41.6024,disk8,7329900800000,7403623,64480774249259
41.6024,disk8w,352661504,46149,2453954914
41.6024,disk6,12852154247168,20984811,179431871038810
41.6024,disk6w,491520,70,201274851
41.6024,ram,285589504,65885372416,284365
41.6024,cpu,15824183,22676471,543045479
41.6024,gpu,0,0,0
41.8052,disk0,939869258215424,2119710031,12922599329878493
41.8052,disk0w,2190188519424,19801370,1286133753171
41.8052,disk4,7414542600192,14946815,88806156790992
41.8052,disk4w,2195456,171,27582691
41.8052,disk8,7330434000896,7404169,64481409187695
41.8052,disk8w,352661504,46149,2453954914
41.8052,disk6,12853470652416,20986865,179447590795408
41.8052,disk6w,491520,70,201274851
41.8052,ram,285589504,65885372416,284365
41.8052,cpu,15824183,22676471,543045479
41.8052,gpu,0,0,0
42.0052,disk0,939871264256000,2119714531,12922610771570344
42.0052,disk0w,2190188544000,19801376,1286133872252
42.0052,disk4,7415367321600,14948413,88810636267395
42.0052,disk4w,2195456,171,27582691
42.0052,disk8,7330912806912,7404660,64481983286242
42.0052,disk8w,352661504,46149,2453954914
42.0052,disk6,12854763300864,20989167,179463252307643
42.0052,disk6w,491520,70,201274851
42.0052,ram,285589504,65885372416,284365
42.0052,cpu,15824183,22676471,543045479
42.0052,gpu,0,0,0
42.2052,disk0,939873835921408,2119720078,12922628527584299
42.2052,disk0w,2190188548096,19801377,1286133908127
42.2052,disk4,7416145037312,14949944,88814703776298
42.2052,disk4w,2195456,171,27582691
42.2052,disk8,7331521898496,7405284,64482929166077
42.2052,disk8w,352661504,46149,2453954914
42.2052,disk6,12855995574272,20991404,179472146392536
42.2052,disk6w,491520,70,201274851
42.2052,ram,322191360,64497156096,284365
42.2052,cpu,15824230,22676584,543046971
42.2052,gpu,0,0,0
42.4052,disk0,939875916460032,2119726145,12922640046477997
42.4052,disk0w,2190188548096,19801377,1286133908127
42.4052,disk4,7416946575360,14951524,88819642845627
42.4052,disk4w,2195456,171,27582691
42.4052,disk8,7332122601472,7405900,64483839656371
42.4052,disk8w,352661504,46149,2453954914
42.4052,disk6,12857339455488,20993833,179486916000935
42.4052,disk6w,491520,70,201274851
42.4052,ram,322191360,64497156096,284365
42.4052,cpu,15824230,22676584,543046971
42.4052,gpu,0,0,0
42.6052,disk0,939877638135808,2119729411,12922648573387313
42.6052,disk0w,2190188548096,19801377,1286133908127
42.6052,disk4,7417771821056,14953196,88830203102337
42.6052,disk4w,2195456,171,27582691
42.6052,disk8,7332599900160,7406389,64484740703121
42.6052,disk8w,352661504,46149,2453954914
42.6052,disk6,12858371745792,20995672,179496943340582
42.6052,disk6w,491520,70,201274851
42.6052,ram,322191360,64497156096,284365
42.6052,cpu,15824230,22676584,543046971
42.6052,gpu,0,0,0
42.8052,disk0,939879688826880,2119733745,12922655628496753
42.8052,disk0w,2190188548096,19801377,1286133908127
42.8052,disk4,7418586720256,14954865,88836336315812
42.8052,disk4w,2195456,171,27582691
42.8052,disk8,7333246609408,7407052,64485725716726
42.8052,disk8w,352661504,46149,2453954914
42.8052,disk6,12859710646272,20997514,179509128608532
42.8052,disk6w,491520,70,201274851
42.8052,ram,322191360,64497156096,284365
42.8052,cpu,15824230,22676584,543046971
42.8052,gpu,0,0,0
43.0052,disk0,939881652187136,2119737271,12922664379508573
43.0052,disk0w,2190188548096,19801377,1286133908127
43.0052,disk4,7419150993408,14956021,88839656956828
43.0052,disk4w,2195456,171,27582691
43.0052,disk8,7333662500864,7407478,64486201726674
43.0052,disk8w,352661504,46149,2453954914
43.0052,disk6,12860997707776,20999112,179522585421007
43.0052,disk6w,491520,70,201274851
43.0052,ram,322191360,64497156096,284365
43.0052,cpu,15824230,22676584,543046971
43.0052,gpu,0,0,0
43.2052,disk0,939883847069696,2119741812,12922676537363349
43.2052,disk0w,2190188548096,19801377,1286133908127
43.2052,disk4,7419719043072,14957186,88842828719648
43.2052,disk4w,2195456,171,27582691
43.2052,disk8,7334265300992,7408096,64486925859635
43.2052,disk8w,352661504,46149,2453954914
43.2052,disk6,12862333478912,21001147,179536387416462
43.2052,disk6w,491520,70,201274851
43.2052,ram,424640512,65616216064,284365
43.2052,cpu,15824292,22676724,543048660
43.2052,gpu,0,0,0
43.4052,disk0,939885664432128,2119745671,12922685138170156
43.4052,disk0w,2190188548096,19801377,1286133908127
43.4052,disk4,7420510242816,14958739,88848516713298
43.4052,disk4w,2195456,171,27582691
43.4052,disk8,7334786574336,7408630,64487524585742
43.4052,disk8w,352661504,46149,2453954914
43.4052,disk6,12863666862080,21003417,179553696617036
43.4052,disk6w,491520,70,201274851
43.4052,ram,424640512,65616216064,284365
43.4052,cpu,15824292,22676724,543048660
43.4052,gpu,37,7,0
43.6020,disk0,939888052629504,2119750939,12922705247719994
43.6020,disk0w,2190188548096,19801377,1286133908127
43.6020,disk4,7421157918720,14960009,88852046569496
43.6020,disk4w,2195456,171,27582691
43.6020,disk8,7335301556224,7409158,64488151402611
43.6020,disk8w,352661504,46149,2453954914
43.6020,disk6,12864831784960,21005479,179563030025307
43.6020,disk6w,491520,70,201274851
43.6020,ram,424640512,65616216064,284365
43.6020,cpu,15824292,22676724,543048660
43.6020,gpu,0,0,0
43.8052,disk0,939890103943168,2119759378,12922718383670441
43.8052,disk0w,2190188548096,19801377,1286133908127
43.8052,disk4,7421912451072,14961497,88858796696764
43.8052,disk4w,2195456,171,27582691
43.8052,disk8,7335951017984,7409823,64489068066612
43.8052,disk8w,352661504,46149,2453954914
43.8052,disk6,12866088863744,21007703,179576934998949
43.8052,disk6w,491520,70,201274851
43.8052,ram,424640512,65616216064,284365
43.8052,cpu,15824292,22676724,543048660
43.8052,gpu,0,0,0
44.0052,disk0,939891770806272,2119762354,12922726773618517
44.0052,disk0w,2190188548096,19801377,1286133908127
44.0052,disk4,7422640523264,14962954,88864339335294
44.0052,disk4w,2195456,171,27582691
44.0052,disk8,7336444176384,7410329,64490328786195
44.0052,disk8w,352661504,46149,2453954914
44.0052,disk6,12867178809344,21009664,179589864979076
44.0052,disk6w,491520,70,201274851
44.0052,ram,424640512,65616216064,284365
44.0052,cpu,15824292,22676724,543048660
44.0052,gpu,0,0,0
44.2052,disk0,939894014386176,2119766842,12922741160116626
44.2052,disk0w,2190188548096,19801377,1286133908127
44.2052,disk4,7423428880384,14964571,88872427178910
44.2052,disk4w,2195456,171,27582691
44.2052,disk8,7337049073664,7410949,64491129856866
44.2052,disk8w,352661504,46149,2453954914
44.2052,disk6,12868315957248,21011334,179597581499635
44.2052,disk6w,491520,70,201274851
44.2052,ram,502579200,65577222144,284365
44.2052,cpu,15824348,22676863,543050282
44.2052,gpu,0,0,0
44.4052,disk0,939896102780928,2119770493,12922752314303920
44.4052,disk0w,2190188548096,19801377,1286133908127
44.4052,disk4,7424253069312,14966261,88882723119293
44.4052,disk4w,2195456,171,27582691
44.4052,disk8,7337496946688,7411408,64491699867050
44.4052,disk8w,352661504,46149,2453954914
44.4052,disk6,12869320181760,21012560,179602823815649
44.4052,disk6w,491520,70,201274851
44.4052,ram,502579200,65577222144,284365
44.4052,cpu,15824348,22676863,543050297
44.4052,gpu,0,0,0
44.6052,disk0,939898376589312,2119774901,12922766182463679
44.6052,disk0w,2190188560384,19801379,1286133954793
44.6052,disk4,7424881338368,14967551,88885779049562
44.6052,disk4w,2195456,171,27582691
44.6052,disk8,7338175244288,7412103,64492570126020
44.6052,disk8w,352661504,46149,2453954914
44.6052,disk6,12870658050048,21014520,179614450226858
44.6052,disk6w,491520,70,201274851
44.6052,ram,502579200,65577222144,284365
44.6052,cpu,15824348,22676863,543050297
44.6052,gpu,0,0,0
44.8052,disk0,939900559872000,2119779766,12922779613985698
44.8052,disk0w,2190188843008,19801381,1286134028542
44.8052,disk4,7425553516544,14968882,88889266647620
44.8052,disk4w,2195456,171,27582691
44.8052,disk8,7338691274752,7412632,64493225634794
44.8052,disk8w,352661504,46149,2453954914
44.8052,disk6,12871969409024,21016630,179628281782443
44.8052,disk6w,491520,70,201274851
44.8052,ram,502579200,65577222144,284365
44.8052,cpu,15824348,22676863,543050297
44.8052,gpu,0,0,0
45.0032,disk0,939902577967104,2119784449,12922791256133853
45.0032,disk0w,2190189129728,19801383,1286134096875
45.0032,disk4,7426430879744,14970602,88896815641431
45.0032,disk4w,2195456,171,27582691
45.0032,disk8,7339183056896,7413136,64493831351630
45.0032,disk8w,352915456,46175,2454841112
45.0032,disk6,12873207056384,21018888,179641332390312
45.0032,disk6w,491520,70,201274851
45.0032,ram,502579200,65577222144,284365
45.0032,cpu,15824348,22676863,543050297
45.0032,gpu,36,5,0
45.2042,disk0,939904719757312,2119793041,12922805203143902
45.2042,disk0w,2190194688000,19801819,1286143825276
45.2042,disk4,7427378432000,14972466,88905174865639
45.2042,disk4w,2195456,171,27582691
45.2042,disk8,7339705378816,7413671,64494468590168
45.2042,disk8w,352915456,46175,2454841112
45.2042,disk6,12874403780608,21021053,179653471839836
45.2042,disk6w,491520,70,201274851
45.2042,ram,539885568,64126402560,284365
45.2042,cpu,15824420,22677038,543051718
45.2042,gpu,0,0,0
45.4052,disk0,939906669342720,2119796645,12922816618527745
45.4052,disk0w,2190194688000,19801819,1286143825276
45.4052,disk4,7428035160064,14973777,88909400200228
45.4052,disk4w,2195456,171,27582691
45.4052,disk8,7340228012032,7414207,64495822451025
45.4052,disk8w,352915456,46175,2454841112
45.4052,disk6,12875529885696,21023072,179665747861458
45.4052,disk6w,491520,70,201274851
45.4052,ram,539885568,64126402560,284365
45.4052,cpu,15824420,22677038,543051718
45.4052,gpu,40,5,0
45.6052,disk0,939908523835392,2119803521,12922827546371480
45.6052,disk0w,2190194688000,19801819,1286143825276
45.6052,disk4,7428807485440,14975361,88915483476561
45.6052,disk4w,2195456,171,27582691
45.6052,disk8,7340706424832,7414697,64496354629194
45.6052,disk8w,352915456,46175,2454841112
45.6052,disk6,12876833708032,21025006,179679056570216
45.6052,disk6w,491520,70,201274851
45.6052,ram,539885568,64126402560,284365
45.6052,cpu,15824420,22677038,543051718
45.6052,gpu,0,0,0
45.8042,disk0,939910802624512,2119807477,12922840650955754
45.8042,disk0w,2190194688000,19801819,1286143825276
45.8042,disk4,7429647558656,14977081,88923496018862
45.8042,disk4w,2195456,171,27582691
45.8042,disk8,7341273049088,7415278,64496961889660
45.8042,disk8w,352915456,46175,2454841112
45.8042,disk6,12878039635968,21026490,179685592178636
45.8042,disk6w,491520,70,201274851
45.8042,ram,539885568,64126402560,284365
45.8042,cpu,15824420,22677038,543051718
45.8042,gpu,0,0,0
46.0052,disk0,939912660115456,2119811148,12922846840544236
46.0052,disk0w,2190194688000,19801819,1286143825276
46.0052,disk4,7430377302016,14978579,88928050646641
46.0052,disk4w,2195456,171,27582691
46.0052,disk8,7341861431296,7415881,64497703932663
46.0052,disk8w,352915456,46175,2454841112
46.0052,disk6,12879439026176,21028609,179700745150719
46.0052,disk6w,491520,70,201274851
46.0052,ram,539885568,64126402560,284365
46.0052,cpu,15824420,22677038,543051718
46.0052,gpu,0,0,0
46.2052,disk0,939914553638912,2119815224,12922855671847279
46.2052,disk0w,2190194688000,19801819,1286143825276
46.2052,disk4,7431298811904,14980434,88934236161362
46.2052,disk4w,2195456,171,27582691
46.2052,disk8,7342301571072,7416332,64498240589599
46.2052,disk8w,352915456,46175,2454841112
46.2052,disk6,12880749746176,21030539,179714534761909
46.2052,disk6w,491520,70,201274851
46.2052,ram,565460992,65567784960,284365
46.2052,cpu,15824502,22677192,543053354
46.2052,gpu,0,0,0
46.4052,disk0,939916801245184,2119820293,12922868884689973
46.4052,disk0w,2190194688000,19801819,1286143825276
46.4052,disk4,7432221476864,14982231,88940146563138
46.4052,disk4w,2195456,171,27582691
46.4052,disk8,7342783522816,7416826,64498818065185
46.4052,disk8w,352915456,46175,2454841112
46.4052,disk6,12881994803200,21032906,179728198973717
46.4052,disk6w,491520,70,201274851
46.4052,ram,566034432,65601339392,284365
46.4052,cpu,15824502,22677196,543053401
46.4052,gpu,0,0,0
46.6042,disk0,939918957150208,2119825838,12922882169797562
46.6042,disk0w,2190194692096,19801820,1286143850734
46.6042,disk4,7432920893440,14983604,88944317971379
46.6042,disk4w,2195456,171,27582691
46.6042,disk8,7343371905024,7417429,64499521969826
46.6042,disk8w,352915456,46175,2454841112
46.6042,disk6,12883353876480,21035342,179742903731393
46.6042,disk6w,491520,70,201274851
46.6042,ram,566034432,65601339392,284365
46.6042,cpu,15824502,22677196,543053401
46.6042,gpu,0,0,0
46.8037,disk0,939920836837376,2119836261,12922893874452175
46.8037,disk0w,2190194692096,19801820,1286143850734
46.8037,disk4,7433522071552,14984790,88947103677522
46.8037,disk4w,2195456,171,27582691
46.8037,disk8,7343837341696,7417906,64500171428790
46.8037,disk8w,352915456,46175,2454841112
46.8037,disk6,12884683339776,21037769,179760969353837
46.8037,disk6w,491520,70,201274851
46.8037,ram,566034432,65601339392,284365
46.8037,cpu,15824502,22677196,543053401
46.8037,gpu,0,0,0
47.0042,disk0,939922407206912,2119843194,12922901856613429
47.0042,disk0w,2190194692096,19801820,1286143850734
47.0042,disk4,7434329769984,14986442,88954770687220
47.0042,disk4w,2195456,171,27582691
47.0042,disk8,7344355387392,7418437,64501595537399
47.0042,disk8w,352915456,46175,2454841112
47.0042,disk6,12885840590848,21039448,179771450332806
47.0042,disk6w,491520,70,201274851
47.0042,ram,566034432,65601339392,284365
47.0042,cpu,15824502,22677196,543053401
47.0042,gpu,0,0,0
47.2052,disk0,939924746190848,2119847400,12922913458574253
47.2052,disk0w,2190194692096,19801820,1286143850734
47.2052,disk4,7435114301440,14988050,88959396232428
47.2052,disk4w,2195456,171,27582691
47.2052,disk8,7344936036352,7419032,64502332072163
47.2052,disk8w,352915456,46175,2454841112
47.2052,disk6,12887228217344,21041131,179780902637612
47.2052,disk6w,491520,70,201274851
47.2052,ram,581451776,65601765376,284365
47.2052,cpu,15824602,22677345,543054876
47.2052,gpu,0,0,0
47.4052,disk0,939926670938112,2119851241,12922920785701503
47.4052,disk0w,2190194692096,19801820,1286143850734
47.4052,disk4,7435941496832,14989748,88964970932740
47.4052,disk4w,2195456,171,27582691
47.4052,disk8,7345470679040,7419580,64503019928719
47.4052,disk8w,352915456,46175,2454841112
47.4052,disk6,12888578476032,21042992,179794406624998
47.4052,disk6w,491520,70,201274851
47.4052,ram,581451776,65601765376,284365
47.4052,cpu,15824602,22677345,543054876
47.4052,gpu,0,0,0
47.6052,disk0,939928451715072,2119855077,12922927151837878
47.6052,disk0w,2190194692096,19801820,1286143850734
47.6052,disk4,7436683724800,14991263,88972048399656
47.6052,disk4w,2195456,171,27582691
47.6052,disk8,7346041497600,7420165,64503636221141
47.6052,disk8w,352915456,46175,2454841112
47.6052,disk6,12889893160960,21044962,179810478182013
47.6052,disk6w,491520,70,201274851
47.6052,ram,581451776,65601765376,284365
47.6052,cpu,15824602,22677345,543054876
47.6052,gpu,36,7,0
47.8052,disk0,939930674860032,2119860275,12922943996809565
47.8052,disk0w,2190194802688,19801826,1286143989732
47.8052,disk4,7437502531584,14992850,88976258965407
47.8052,disk4w,2195456,171,27582691
47.8052,disk8,7346503395328,7420638,64504225662677
47.8052,disk8w,352915456,46175,2454841112
47.8052,disk6,12891123402752,21047162,179823383597425
47.8052,disk6w,491520,70,201274851
47.8052,ram,581451776,65601765376,284365
47.8052,cpu,15824602,22677345,543054876
47.8052,gpu,0,0,0
48.0052,disk0,939932707319808,2119864862,12922953734542290
48.0052,disk0w,2190194802688,19801826,1286143989732
48.0052,disk4,7438205093888,14994235,88980505814907
48.0052,disk4w,2195456,171,27582691
48.0052,disk8,7346963589120,7421110,64504854160191
48.0052,disk8w,352915456,46175,2454841112
48.0052,disk6,12892512405504,21049657,179841427735569
48.0052,disk6w,491520,70,201274851
48.0052,ram,581451776,65601765376,284365
48.0052,cpu,15824602,22677345,543054876
48.0052,gpu,0,0,0
48.2042,disk0,939934513983488,2119877368,12922969101067885
48.2042,disk0w,2190194819072,19801828,1286144018148
48.2042,disk4,7438959626240,14995721,88985955041443
48.2042,disk4w,2195456,171,27582691
48.2042,disk8,7347385116672,7421542,64505304678504
48.2042,disk8w,352915456,46175,2454841112
48.2042,disk6,12893768321024,21051812,179856686944761
48.2042,disk6w,491520,70,201274851
48.2042,ram,591659008,64062898176,284365
48.2042,cpu,15824712,22677504,543056367
48.2042,gpu,0,0,0
48.4042,disk0,939936367095808,2119880801,12922979515389742
48.4042,disk0w,2190194933760,19801832,1286144151522
48.4042,disk4,7439687313408,14997195,88991346939871
48.4042,disk4w,2195456,171,27582691
48.4042,disk8,7347903162368,7422073,64506555199247
48.4042,disk8w,352915456,46175,2454841112
48.4042,disk6,12894941382656,21053790,179867941072403
48.4042,disk6w,491520,70,201274851
48.4042,ram,590725120,64096436224,284365
48.4042,cpu,15824712,22677504,543056367
48.4042,gpu,0,0,0
48.6052,disk0,939938333392896,2119885012,12922988503585067
48.6052,disk0w,2190194958336,19801834,1286144197980
48.6052,disk4,7440479938560,14998821,88997601261775
48.6052,disk4w,2195456,171,27582691
48.6052,disk8,7348492593152,7422677,64507350049582
48.6052,disk8w,352915456,46175,2454841112
48.6052,disk6,12896238782464,21055512,179879396731045
48.6052,disk6w,491520,70,201274851
48.6052,ram,590725120,64096436224,284365
48.6052,cpu,15824712,22677504,543056367
48.6052,gpu,0,0,0
48.8029,disk0,939940163145728,2119888404,12922995827648794
48.8029,disk0w,2190194958336,19801834,1286144197980
48.8029,disk4,7441134954496,15000164,89001518844208
48.8029,disk4w,2195456,171,27582691
48.8029,disk8,7348951345152,7423147,64507834594844
48.8029,disk8w,352915456,46175,2454841112
48.8029,disk6,12897589250048,21057229,179893732925764
48.8029,disk6w,491520,70,201274851
48.8029,ram,590725120,64096436224,284365
48.8029,cpu,15824712,22677504,543056367
48.8029,gpu,0,0,0
49.0052,disk0,939942402879488,2119893082,12923008894487659
49.0052,disk0w,2190195220480,19801838,1286144324520
49.0052,disk4,7441842096128,15001613,89005915885600
49.0052,disk4w,2195456,171,27582691
49.0052,disk8,7349633181696,7423846,64508888544289
49.0052,disk8w,352915456,46175,2454841112
49.0052,disk6,12898955626496,21059281,179905101323965
49.0052,disk6w,491520,70,201274851
49.0052,ram,590725120,64096436224,284365
49.0052,cpu,15824712,22677504,543056367
49.0052,gpu,0,0,0
49.2052,disk0,939944613343232,2119897807,12923023496608925
49.2052,disk0w,2190195220480,19801838,1286144324520
49.2052,disk4,7442539268096,15002981,89008790395957
49.2052,disk4w,2195456,171,27582691
49.2052,disk8,7350088394752,7424312,64509375336139
49.2052,disk8w,352915456,46175,2454841112
49.2052,disk6,12900230612992,21061331,179918387236024
49.2052,disk6w,491520,70,201274851
49.2052,ram,626671616,65612349440,284365
49.2052,cpu,15824835,22677644,543057905
49.2052,gpu,0,0,0
49.4052,disk0,939946399744000,2119901805,12923030559382276
49.4052,disk0w,2190195220480,19801838,1286144324520
49.4052,disk4,7443196774400,15004281,89012784266479
49.4052,disk4w,2195456,171,27582691
49.4052,disk8,7350581618688,7424818,64509918069816
49.4052,disk8w,352915456,46175,2454841112
49.4052,disk6,12901608441856,21063863,179938226059181
49.4052,disk6w,491520,70,201274851
49.4052,ram,626671616,65612349440,284365
49.4052,cpu,15824844,22677652,543057992
49.4052,gpu,32,8,0
49.6052,disk0,939948570222592,2119914633,12923051839078918
49.6052,disk0w,2190195220480,19801838,1286144324520
49.6052,disk4,7444013238272,15005894,89019761105198
49.6052,disk4w,2195456,171,27582691
49.6052,disk8,7351027001344,7425274,64510447373119
49.6052,disk8w,352915456,46175,2454841112
49.6052,disk6,12902779275264,21065823,179947798622440
49.6052,disk6w,491520,70,201274851
49.6052,ram,626671616,65612349440,284365
49.6052,cpu,15824844,22677652,543057992
49.6052,gpu,0,0,0
49.8052,disk0,939950087573504,2119917211,12923058110598545
49.8052,disk0w,2190195220480,19801838,1286144324520
49.8052,disk4,7444657391616,15007184,89025773021516
49.8052,disk4w,2195456,171,27582691
49.8052,disk8,7351407077376,7425664,64511023754033
49.8052,disk8w,352915456,46175,2454841112
49.8052,disk6,12903948470272,21067861,179962994749752
49.8052,disk6w,491520,70,201274851
49.8052,ram,626671616,65612349440,284365
49.8052,cpu,15824844,22677652,543057992
49.8052,gpu,0,0,0
50.0052,disk0,939951843463168,2119922935,12923068413710579
50.0052,disk0w,2190195220480,19801838,1286144324520
50.0052,disk4,7445498611712,15008908,89033993966408
50.0052,disk4w,2195456,171,27582691
50.0052,disk8,7351952599040,7426223,64511699277768
50.0052,disk8w,352915456,46175,2454841112
50.0052,disk6,12905220376576,21069704,179974792791969
50.0052,disk6w,491520,70,201274851
50.0052,ram,626671616,65612349440,284365
50.0052,cpu,15824844,22677652,543057992
50.0052,gpu,0,0,0
50.2052,disk0,939953772646400,2119926088,12923076502142685
50.2052,disk0w,2190195220480,19801838,1286144324520
50.2052,disk4,7446339307520,15010632,89041464743342
50.2052,disk4w,2195456,171,27582691
50.2052,disk8,7352381859840,7426663,64512245071333
50.2052,disk8w,352915456,46175,2454841112
50.2052,disk6,12906583246848,21071348,179984553066418
50.2052,disk6w,491520,70,201274851
50.2052,ram,637878272,65528365056,284365
50.2052,cpu,15824988,22677816,543059357
50.2052,gpu,0,0,0
50.4052,disk0,939955816439808,2119930245,12923090019788720
50.4052,disk0w,2190195281920,19801842,1286144413185
50.4052,disk4,7446876080128,15011733,89044200009187
50.4052,disk4w,2195456,171,27582691
50.4052,disk8,7352892254208,7427186,64512854745611
50.4052,disk8w,352915456,46175,2454841112
50.4052,disk6,12907810736128,21073059,179997432284610
50.4052,disk6w,491520,70,201274851
50.4052,ram,639270912,65561919488,284365
50.4052,cpu,15824988,22677816,543059357
50.4052,gpu,0,0,0
50.6052,disk0,939958191558656,2119935344,12923104890966985
50.6052,disk0w,2190195281920,19801842,1286144413185
50.6052,disk4,7447487612928,15012962,89047863290982
50.6052,disk4w,2195456,171,27582691
50.6052,disk8,7353418115072,7427725,64513495686357
50.6052,disk8w,352915456,46175,2454841112
50.6052,disk6,12909062588416,21074957,180008955308597
50.6052,disk6w,491520,70,201274851
50.6052,ram,639270912,65561919488,284365
50.6052,cpu,15824988,22677816,543059357
50.6052,gpu,0,0,0
50.8033,disk0,939960132964352,2119940048,12923115546513467
50.8033,disk0w,2190195281920,19801842,1286144413185
50.8033,disk4,7448285882368,15014520,89054690647705
50.8033,disk4w,2195456,171,27582691
50.8033,disk8,7353848424448,7428166,64513940036839
50.8033,disk8w,352915456,46175,2454841112
50.8033,disk6,12910303823872,21077229,180025225038826
50.8033,disk6w,491520,70,201274851
50.8033,ram,639270912,65561919488,284365
50.8033,cpu,15824988,22677816,543059357
50.8033,gpu,37,6,0
51.0004,disk0,939962018385920,2119944731,12923126455760538
51.0004,disk0w,2190195458048,19801851,1286144710432
51.0004,disk4,7448992630784,15015915,89060914554603
51.0004,disk4w,2195456,171,27582691
51.0004,disk8,7354384115712,7428715,64514579276033
51.0004,disk8w,352915456,46175,2454841112
51.0004,disk6,12911613200384,21079566,180040224972100
51.0004,disk6w,491520,70,201274851
51.0004,ram,639270912,65561919488,284365
51.0004,cpu,15824988,22677816,543059357
51.0004,gpu,0,0,0
51.2052,disk0,939964011495424,2119950182,12923135495253392
51.2052,disk0w,2190195679232,19801862,1286144944054
51.2052,disk4,7449823496192,15017558,89066348734647
51.2052,disk4w,2195456,171,27582691
51.2052,disk8,7354911025152,7429255,64515313887651
51.2052,disk8w,352915456,46175,2454841112
51.2052,disk6,12912992454656,21082162,180057814997825
51.2052,disk6w,491520,70,201274851
51.2052,ram,664616960,63963365376,284365
51.2052,cpu,15825094,22677967,543060876
51.2052,gpu,0,0,0
51.4042,disk0,939965817253888,2119955338,12923146941829734
51.4042,disk0w,2190195757056,19801868,1286145087301
51.4042,disk4,7450575931392,15019095,89071522471544
51.4042,disk4w,2195456,171,27582691
51.4042,disk8,7355411572736,7429768,64515925041861
51.4042,disk8w,352915456,46175,2454841112
51.4042,disk6,12914093230080,21083791,180067926687526
51.4042,disk6w,491520,70,201274851
51.4042,ram,664780800,63963365376,284365
51.4042,cpu,15825096,22677975,543061007
51.4042,gpu,0,0,0
51.6030,disk0,939967934570496,2119958918,12923155442071337
51.6030,disk0w,2190195757056,19801868,1286145087301
51.6030,disk4,7451439286272,15020866,89078469233965
51.6030,disk4w,2195456,171,27582691
51.6030,disk8,7355885791232,7430254,64516465037580
51.6030,disk8w,352915456,46175,2454841112
51.6030,disk6,12915457464320,21085540,180077577205769
51.6030,disk6w,491520,70,201274851
51.6030,ram,664780800,63963365376,284365
51.6030,cpu,15825096,22677975,543061007
51.6030,gpu,0,0,0
51.8052,disk0,939969821040640,2119962544,12923164841795720
51.8052,disk0w,2190195757056,19801868,1286145087301
51.8052,disk4,7452111325184,15022243,89081577469011
51.8052,disk4w,2195456,171,27582691
51.8052,disk8,7356421482496,7430803,64517039029944
51.8052,disk8w,352915456,46175,2454841112
51.8052,disk6,12916802295808,21087467,180093463917549
51.8052,disk6w,491520,70,201274851
51.8052,ram,664780800,63963365376,284365
51.8052,cpu,15825096,22677975,543061007
51.8052,gpu,0,0,0
52.0053,disk0,939971810390016,2119966478,12923173217600640
52.0053,disk0w,2190195757056,19801868,1286145087301
52.0053,disk4,7452909733888,15023875,89087009012673
52.0053,disk4w,2195456,171,27582691
52.0053,disk8,7357005277184,7431401,64517768700703
52.0053,disk8w,352915456,46175,2454841112
52.0053,disk6,12918100371456,21089495,180106888724826
52.0053,disk6w,491520,70,201274851
52.0053,ram,664780800,63963365376,284365
52.0053,cpu,15825096,22677975,543061007
52.0053,gpu,0,0,0
52.2052,disk0,939973757874176,2119970764,12923181129451706
52.2052,disk0w,2190195757056,19801868,1286145087301
52.2052,disk4,7453714434048,15025434,89092754634713
52.2052,disk4w,2195456,171,27582691
52.2052,disk8,7357457737728,7431865,64518299204130
52.2052,disk8w,352915456,46175,2454841112
52.2052,disk6,12919388334080,21091807,180123668928010
52.2052,disk6w,491520,70,201274851
52.2052,ram,691798016,65676115968,284365
52.2052,cpu,15825155,22678102,543062466
52.2052,gpu,0,0,0
52.4020,disk0,939975979827200,2119975793,12923191544635216
52.4020,disk0w,2190195757056,19801868,1286145087301
52.4020,disk4,7454611818496,15027209,89100307426620
52.4020,disk4w,2195456,171,27582691
52.4020,disk8,7358107592704,7432531,64519337765830
52.4020,disk8w,352915456,46175,2454841112
52.4020,disk6,12920677836800,21094086,180134753552482
52.4020,disk6w,491520,70,201274851
52.4020,ram,691798016,65676115968,284365
52.4020,cpu,15825159,22678109,543062593
52.4020,gpu,0,0,0
52.6053,disk0,939977470119936,2119981579,12923198933314018
52.6053,disk0w,2190196248576,19801911,1286145745951
52.6053,disk4,7455331256320,15028628,89103644774807
52.6053,disk4w,2195456,171,27582691
52.6053,disk8,7358564247552,7432999,64519843479476
52.6053,disk8w,352915456,46175,2454841112
52.6053,disk6,12922106161152,21096503,180156524334961
52.6053,disk6w,491520,70,201274851
52.6053,ram,691798016,65676115968,284365
52.6053,cpu,15825159,22678109,543062593
52.6053,gpu,0,0,0
52.8053,disk0,939979332841472,2119985090,12923209872612840
52.8053,disk0w,2190196248576,19801911,1286145745951
52.8053,disk4,7455892768768,15029762,89106797412046
52.8053,disk4w,2195456,171,27582691
52.8053,disk8,7359055947776,7433503,64521062037752
52.8053,disk8w,352915456,46175,2454841112
52.8053,disk6,12923322480640,21098643,180170206183919
52.8053,disk6w,491520,70,201274851
52.8053,ram,691798016,65676115968,284365
52.8053,cpu,15825159,22678109,543062593
52.8053,gpu,0,0,0
53.0053,disk0,939981363720192,2119990142,12923219670151904
53.0053,disk0w,2190196248576,19801911,1286145745951
53.0053,disk4,7456651495424,15031316,89111589978802
53.0053,disk4w,2195456,171,27582691
53.0053,disk8,7359679457280,7434142,64521930199833
53.0053,disk8w,352915456,46175,2454841112
53.0053,disk6,12924698277888,21100630,180183202966510
53.0053,disk6w,491520,70,201274851
53.0053,ram,691798016,65676115968,284365
53.0053,cpu,15825159,22678109,543062593
53.0053,gpu,0,0,0
53.2053,disk0,939983184654336,2119993353,12923226749128514
53.2053,disk0w,2190196248576,19801911,1286145745951
53.2053,disk4,7457594853376,15033250,89119040848810
53.2053,disk4w,2195456,171,27582691
53.2053,disk8,7360120645632,7434594,64522483472264
53.2053,disk8w,352915456,46175,2454841112
53.2053,disk6,12926002477056,21102379,180194579273644
53.2053,disk6w,491520,70,201274851
53.2053,ram,697958400,65474035712,284365
53.2053,cpu,15825206,22678230,543064065
53.2053,gpu,0,0,0
53.4053,disk0,939985347915776,2119997813,12923240029677576
53.4053,disk0w,2190196248576,19801911,1286145745951
53.4053,disk4,7458507311104,15035120,89127869403905
53.4053,disk4w,2195456,171,27582691
53.4053,disk8,7360685828096,7435173,64523189933106
53.4053,disk8w,352915456,46175,2454841112
53.4053,disk6,12927159302144,21104079,180202133104191
53.4053,disk6w,491520,70,201274851
53.4053,ram,689963008,65474035712,284365
53.4053,cpu,15825209,22678233,543064114
53.4053,gpu,0,0,0
53.6009,disk0,939987475607552,2120002616,12923254873299687
53.6009,disk0w,2190196248576,19801911,1286145745951
53.6009,disk4,7459209201664,15036501,89132613450726
53.6009,disk4w,2195456,171,27582691
53.6009,disk8,7361163585536,7435663,64523738261147
53.6009,disk8w,352915456,46175,2454841112
53.6009,disk6,12928419706880,21106107,180213577700737
53.6009,disk6w,491520,70,201274851
53.6009,ram,689963008,65474035712,284365
53.6009,cpu,15825209,22678233,543064114
53.6009,gpu,0,0,0
53.8053,disk0,939989841899520,2120007793,12923266013004234
53.8053,disk0w,2190196248576,19801911,1286145745951
53.8053,disk4,7460125329408,15038296,89139534444588
53.8053,disk4w,2195456,171,27582691
53.8053,disk8,7361614604288,7436125,64524230286491
53.8053,disk8w,352915456,46175,2454841112
53.8053,disk6,12929784297472,21108523,180227110859757
53.8053,disk6w,491520,70,201274851
53.8053,ram,689963008,65474035712,284365
53.8053,cpu,15825209,22678233,543064114
53.8053,gpu,0,0,0
54.0053,disk0,939991807557632,2120016546,12923279343186467
54.0053,disk0w,2190196248576,19801911,1286145745951
54.0053,disk4,7460946380800,15039918,89143968125759
54.0053,disk4w,2195456,171,27582691
54.0053,disk8,7362130634752,7436654,64524786422062
54.0053,disk8w,352915456,46175,2454841112
54.0053,disk6,12931134240768,21110766,180242569507783
54.0053,disk6w,491520,70,201274851
54.0053,ram,689963008,65474035712,284365
54.0053,cpu,15825209,22678233,543064114
54.0053,gpu,0,0,0
54.2053,disk0,939993442238464,2120019489,12923286358180491
54.2053,disk0w,2190196248576,19801911,1286145745951
54.2053,disk4,7461595629568,15041213,89148045983558
54.2053,disk4w,2195456,171,27582691
54.2053,disk8,7362581604352,7437116,64525482848027
54.2053,disk8w,352915456,46175,2454841112
54.2053,disk6,12932290316288,21112944,180259623842712
54.2053,disk6w,491520,70,201274851
54.2053,ram,690274304,65398112256,284365
54.2053,cpu,15825262,22678366,543065653
54.2053,gpu,0,0,0
54.4053,disk0,939995658276864,2120028559,12923303760581064
54.4053,disk0w,2190196273152,19801917,1286145842157
54.4053,disk4,7462301190144,15042657,89152393862757
54.4053,disk4w,2195456,171,27582691
54.4053,disk8,7363157010432,7437706,64526232644741
54.4053,disk8w,352915456,46175,2454841112
54.4053,disk6,12933609949184,21114964,180272114106857
54.4053,disk6w,491520,70,201274851
54.4053,ram,695271424,65533558784,284365
54.4053,cpu,15825270,22678380,543065758
54.4053,gpu,0,0,0
54.6053,disk0,939997628305408,2120032074,12923312835497662
54.6053,disk0w,2190196273152,19801917,1286145842157
54.6053,disk4,7463136126976,15044369,89160060765155
54.6053,disk4w,2195456,171,27582691
54.6053,disk8,7363631228928,7438192,64526834266127
54.6053,disk8w,352915456,46175,2454841112
54.6053,disk6,12934873171968,21116470,180281904849235
54.6053,disk6w,491520,70,201274851
54.6053,ram,695271424,65533558784,284365
54.6053,cpu,15825270,22678380,543065758
54.6053,gpu,0,0,0
54.8053,disk0,939999672451072,2120036253,12923324541535113
54.8053,disk0w,2190196273152,19801917,1286145842157
54.8053,disk4,7463929432064,15045997,89165881448685
54.8053,disk4w,2195456,171,27582691
54.8053,disk8,7364193265664,7438768,64527520868643
54.8053,disk8w,352915456,46175,2454841112
54.8053,disk6,12936233207808,21118537,180293708904164
54.8053,disk6w,491520,70,201274851
54.8053,ram,695271424,65533558784,284365
54.8053,cpu,15825270,22678380,543065758
54.8053,gpu,0,0,0
55.0053,disk0,940001526571008,2120040029,12923333663269227
55.0053,disk0w,2190196273152,19801917,1286145842157
55.0053,disk4,7464534427648,15047221,89169547255387
55.0053,disk4w,2195456,171,27582691
55.0053,disk8,7364606011392,7439191,64528002687780
55.0053,disk8w,352915456,46175,2454841112
55.0053,disk6,12937598126080,21120583,180309574970645
55.0053,disk6w,491520,70,201274851
55.0053,ram,695271424,65533558784,284365
55.0053,cpu,15825270,22678380,543065758
55.0053,gpu,0,0,0
55.2053,disk0,940003863617536,2120045566,12923350347141965
55.2053,disk0w,2190196273152,19801917,1286145842157
55.2053,disk4,7465298118656,15048708,89174069095906
55.2053,disk4w,2195456,171,27582691
55.2053,disk8,7365203175424,7439803,64528693606007
55.2053,disk8w,352915456,46175,2454841112
55.2053,disk6,12938856220672,21122776,180321387919043
55.2053,disk6w,491520,70,201274851
55.2053,ram,695074816,65639170048,284365
55.2053,cpu,15825328,22678520,543067211
55.2053,gpu,0,0,0
55.4053,disk0,940005750272000,2120049951,12923358821420366
55.4053,disk0w,2190196273152,19801917,1286145842157
55.4053,disk4,7466075310080,15050239,89179079173727
55.4053,disk4w,2195456,171,27582691
55.4053,disk8,7365633484800,7440244,64529141333652
55.4053,disk8w,352915456,46175,2454841112
55.4053,disk6,12940247255040,21125128,180338084554889
55.4053,disk6w,491520,70,201274851
55.4053,ram,693878784,65639170048,284365
55.4053,cpu,15825332,22678528,543067305
55.4053,gpu,0,0,0
55.6053,disk0,940007393415168,2120055618,12923367760732624
55.6053,disk0w,2190196273152,19801917,1286145842157
55.6053,disk4,7466877372416,15051821,89184625538197
55.6053,disk4w,2195456,171,27582691
55.6053,disk8,7366081357824,7440703,64529586590836
55.6053,disk8w,352915456,46175,2454841112
55.6053,disk6,12941620058112,21127685,180357950831081
55.6053,disk6w,491520,70,201274851
55.6053,ram,693878784,65639170048,284365
55.6053,cpu,15825332,22678528,543067305
55.6053,gpu,0,0,0
55.8042,disk0,940009085571072,2120058889,12923378889329400
55.8042,disk0w,2190196273152,19801917,1286145842157
55.8042,disk4,7467272194048,15052627,89186483168932
55.8042,disk4w,2195456,171,27582691
55.8042,disk8,7366511634432,7441144,64530283373570
55.8042,disk8w,352915456,46175,2454841112
55.8042,disk6,12942782388224,21129642,180373403904852
55.8042,disk6w,491520,70,201274851
55.8042,ram,693878784,65639170048,284365
55.8042,cpu,15825332,22678528,543067305
55.8042,gpu,0,0,0
56.0053,disk0,940011237101568,2120065688,12923394671187162
56.0053,disk0w,2190196273152,19801917,1286145842157
56.0053,disk4,7468006418432,15054131,89191851030855
56.0053,disk4w,2195456,171,27582691
56.0053,disk8,7367100016640,7441747,64531254574408
56.0053,disk8w,352915456,46175,2454841112
56.0053,disk6,12943953598464,21131140,180381847544475
56.0053,disk6w,491520,70,201274851
56.0053,ram,693878784,65639170048,284365
56.0053,cpu,15825332,22678528,543067305
56.0053,gpu,0,0,0
56.2007,disk0,940013384142848,2120069397,12923407159830425
56.2007,disk0w,2190196273152,19801917,1286145842157
56.2007,disk4,7468798806016,15055757,89198371028396
56.2007,disk4w,2195456,171,27582691
56.2007,disk8,7367591798784,7442251,64531790238490
56.2007,disk8w,352915456,46175,2454841112
56.2007,disk6,12945158117376,21132766,180390303999058
56.2007,disk6w,491520,70,201274851
56.2007,ram,693878784,65639170048,284365
56.2007,cpu,15825332,22678528,543067305
56.2007,gpu,35,8,0
56.4053,disk0,940015727906816,2120074172,12923418610651368
56.4053,disk0w,2190196273152,19801917,1286145842157
56.4053,disk4,7469509478400,15057214,89201874435450
56.4053,disk4w,2195456,171,27582691
56.4053,disk8,7368206526464,7442881,64532652384824
56.4053,disk8w,352915456,46175,2454841112
56.4053,disk6,12946583656448,21134921,180403379004424
56.4053,disk6w,491520,70,201274851
56.4053,ram,697942016,65582465024,284365
56.4053,cpu,15825389,22678657,543068862
56.4053,gpu,0,0,0
56.6042,disk0,940017792438272,2120078602,12923429925823778
56.6042,disk0w,2190196273152,19801917,1286145842157
56.6042,disk4,7470211368960,15058585,89205845801366
56.6042,disk4w,2195456,171,27582691
56.6042,disk8,7368715872256,7443403,64533219675234
56.6042,disk8w,352915456,46175,2454841112
56.6042,disk6,12947911464960,21137198,180418968722446
56.6042,disk6w,491520,70,201274851
56.6042,ram,697942016,65582465024,284365
56.6042,cpu,15825389,22678657,543068862
56.6042,gpu,30,7,0
56.8042,disk0,940020069109760,2120083428,12923443312516925
56.8042,disk0w,2190196273152,19801917,1286145842157
56.8042,disk4,7470983448576,15060102,89210100283570
56.8042,disk4w,2195456,171,27582691
56.8042,disk8,7369348163584,7444051,64534043465024
56.8042,disk8w,352915456,46175,2454841112
56.8042,disk6,12949281347584,21139856,180433205078012
56.8042,disk6w,491520,70,201274851
56.8042,ram,697942016,65582465024,284365
56.8042,cpu,15825389,22678657,543068862
56.8042,gpu,0,0,0
57.0053,disk0,940022186381312,2120091073,12923458200912775
57.0053,disk0w,2190196273152,19801917,1286145842157
57.0053,disk4,7471720433664,15061556,89214306764797
57.0053,disk4w,2195456,171,27582691
57.0053,disk8,7369796036608,7444510,64534510323865
57.0053,disk8w,352915456,46175,2454841112
57.0053,disk6,12950554171392,21142002,180448759385005
57.0053,disk6w,491520,70,201274851
57.0053,ram,697942016,65582465024,284365
57.0053,cpu,15825389,22678657,543068862
57.0053,gpu,0,0,0
57.2041,disk0,940023931232256,2120094095,12923467079805120
57.2041,disk0w,2190196273152,19801917,1286145842157
57.2041,disk4,7472281946112,15062671,89219100435077
57.2041,disk4w,2195456,171,27582691
57.2041,disk8,7370207635456,7444932,64535755972170
57.2041,disk8w,352915456,46175,2454841112
57.2041,disk6,12951729674240,21144230,180463456587186
57.2041,disk6w,491520,70,201274851
57.2041,ram,697942016,65582465024,284365
57.2041,cpu,15825389,22678657,543068862
57.2041,gpu,0,0,0
57.4003,disk0,940025760518144,2120100510,12923476099999718
57.4003,disk0w,2190196273152,19801917,1286145842157
57.4003,disk4,7472913647616,15063967,89224034065723
57.4003,disk4w,2195456,171,27582691
57.4003,disk8,7370867320832,7445608,64536907078827
57.4003,disk8w,352915456,46175,2454841112
57.4003,disk6,12953047488512,21146196,180477991094106
57.4003,disk6w,491520,70,201274851
57.4003,ram,697057280,65544044544,284365
57.4003,cpu,15825445,22678790,543070435
57.4003,gpu,0,0,0
57.6053,disk0,940028070944768,2120104661,12923489061964743
57.6053,disk0w,2190196273152,19801917,1286145842157
57.6053,disk4,7473658505216,15065494,89228522959839
57.6053,disk4w,2195456,171,27582691
57.6053,disk8,7371525957632,7446283,64537758126225
57.6053,disk8w,352915456,46175,2454841112
57.6053,disk6,12954379835392,21147782,180487014546791
57.6053,disk6w,491520,70,201274851
57.6053,ram,697057280,65544044544,284365
57.6053,cpu,15825445,22678790,543070435
57.6053,gpu,0,0,0
57.8053,disk0,940030070075392,2120108515,12923497268798324
57.8053,disk0w,2190196273152,19801917,1286145842157
57.8053,disk4,7474569906176,15067361,89235969884236
57.8053,disk4w,2195456,171,27582691
57.8053,disk8,7372070430720,7446841,64538429517043
57.8053,disk8w,352915456,46175,2454841112
57.8053,disk6,12955758991360,21149864,180499239634310
57.8053,disk6w,491520,70,201274851
57.8053,ram,697057280,65544044544,284365
57.8053,cpu,15825445,22678790,543070435
57.8053,gpu,0,0,0
58.0053,disk0,940032017235968,2120112765,12923506734916437
58.0053,disk0w,2190196273152,19801917,1286145842157
58.0053,disk4,7475399215104,15069024,89241621282981
58.0053,disk4w,2195456,171,27582691
58.0053,disk8,7372527085568,7447309,64538919204753
58.0053,disk8w,352915456,46175,2454841112
58.0053,disk6,12957089191936,21152030,180514910068345
58.0053,disk6w,491520,70,201274851
58.0053,ram,697057280,65544044544,284365
58.0053,cpu,15825445,22678790,543070435
58.0053,gpu,0,0,0
58.2042,disk0,940034348806144,2120118227,12923524252737159
58.2042,disk0w,2190196273152,19801917,1286145842157
58.2042,disk4,7476088932352,15070370,89244996365492
58.2042,disk4w,2195456,171,27582691
58.2042,disk8,7372966176768,7447759,64539402330933
58.2042,disk8w,352915456,46175,2454841112
58.2042,disk6,12958350972928,21154300,180527513062036
58.2042,disk6w,491520,70,201274851
58.2042,ram,697057280,65544044544,284365
58.2042,cpu,15825445,22678790,543070435
58.2042,gpu,0,0,0
58.4037,disk0,940036316274688,2120123557,12923537500193461
58.4037,disk0w,2190196273152,19801917,1286145842157
58.4037,disk4,7477019707392,15072212,89252980342885
58.4037,disk4w,2195456,171,27582691
58.4037,disk8,7373555607552,7448363,64540142506971
58.4037,disk8w,352915456,46175,2454841112
58.4037,disk6,12959660480512,21156581,180538714740192
58.4037,disk6w,491520,70,201274851
58.4037,ram,694616064,65662369792,284365
58.4037,cpu,15825506,22678932,543072140
58.4037,gpu,0,0,0
58.6053,disk0,940038153981952,2120128257,12923544158638730
58.6053,disk0w,2190196277248,19801918,1286145871615
58.6053,disk4,7477594908672,15073348,89255495307177
58.6053,disk4w,2195456,171,27582691
58.6053,disk8,7374028777472,7448848,64540712568034
58.6053,disk8w,352915456,46175,2454841112
58.6053,disk6,12961089132544,21159278,180561569686926
58.6053,disk6w,491520,70,201274851
58.6053,ram,694616064,65662369792,284365
58.6053,cpu,15825506,22678932,543072140
58.6053,gpu,0,0,0
58.8004,disk0,940039790342144,2120132134,12923551710868301
58.8004,disk0w,2190196277248,19801918,1286145871615
58.8004,disk4,7478154135552,15074494,89259723687921
58.8004,disk4w,2195456,171,27582691
58.8004,disk8,7374542235648,7449374,64542548988271
58.8004,disk8w,352915456,46175,2454841112
58.8004,disk6,12962274514944,21161125,180575247395284
58.8004,disk6w,491520,70,201274851
58.8004,ram,694616064,65662369792,284365
58.8004,cpu,15825506,22678932,543072140
58.8004,gpu,0,0,0
59.0053,disk0,940042100682752,2120136283,12923566443683571
59.0053,disk0w,2190196277248,19801918,1286145871615
59.0053,disk4,7478663522304,15075536,89261882095442
59.0053,disk4w,2195456,171,27582691
59.0053,disk8,7375057217536,7449902,64543141136275
59.0053,disk8w,352915456,46175,2454841112
59.0053,disk6,12963629635584,21162762,180586118242196
59.0053,disk6w,491520,70,201274851
59.0053,ram,694616064,65662369792,284365
59.0053,cpu,15825506,22678932,543072140
59.0053,gpu,0,0,0
59.2053,disk0,940044248969216,2120140479,12923575507022481
59.2053,disk0w,2190196277248,19801918,1286145871615
59.2053,disk4,7479616702464,15077493,89271046342400
59.2053,disk4w,2195456,171,27582691
59.2053,disk8,7375565514752,7450423,64543718463302
59.2053,disk8w,352915456,46175,2454841112
59.2053,disk6,12964968585216,21164841,180596251109716
59.2053,disk6w,491520,70,201274851
59.2053,ram,694616064,65662369792,284365
59.2053,cpu,15825506,22678932,543072140
59.2053,gpu,0,0,0
59.4053,disk0,940046623883264,2120145255,12923589699030792
59.4053,disk0w,2190196277248,19801918,1286145871615
59.4053,disk4,7480224712704,15078736,89273725879252
59.4053,disk4w,2195456,171,27582691
59.4053,disk8,7376048515072,7450918,64544344518973
59.4053,disk8w,352915456,46175,2454841112
59.4053,disk6,12966292838400,21166915,180608893285153
59.4053,disk6w,491520,70,201274851
59.4053,ram,696811520,65606991872,284365
59.4053,cpu,15825563,22679063,543073753
59.4053,gpu,0,0,0
59.6053,disk0,940048850829312,2120150228,12923604197811454
59.6053,disk0w,2190196277248,19801918,1286145871615
59.6053,disk4,7480960649216,15080162,89277251163468
59.6053,disk4w,2195456,171,27582691
59.6053,disk8,7376545540096,7451427,64544919415718
59.6053,disk8w,352915456,46175,2454841112
59.6053,disk6,12967615879168,21169190,180622903806960
59.6053,disk6w,491520,70,201274851
59.6053,ram,696811520,65606991872,284365
59.6053,cpu,15825563,22679063,543073753
59.6053,gpu,0,0,0
59.8041,disk0,940050905362432,2120154805,12923614656580045
59.8041,disk0w,2190196277248,19801918,1286145871615
59.8041,disk4,7481845204992,15081913,89284704983334
59.8041,disk4w,2195456,171,27582691
59.8041,disk8,7377108625408,7452004,64545557260643
59.8041,disk8w,352915456,46175,2454841112
59.8041,disk6,12968911968256,21171444,180634670890904
59.8041,disk6w,491520,70,201274851
59.8041,ram,696811520,65606991872,284365
59.8041,cpu,15825563,22679063,543073753
59.8041,gpu,49,7,0
60.0042,disk0,940052713099264,2120160676,12923624199199028
60.0042,disk0w,2190196277248,19801918,1286145871615
60.0042,disk4,7482476906496,15083157,89287984678425
60.0042,disk4w,2195456,171,27582691
60.0042,disk8,7377699497984,7452610,64546261727734
60.0042,disk8w,352915456,46175,2454841112
60.0042,disk6,12970256046080,21173843,180652879150114
60.0042,disk6w,491520,70,201274851
60.0042,ram,696811520,65606991872,284365
60.0042,cpu,15825563,22679063,543073753
60.0042,gpu,0,0,0
60.2053,disk0,940054089859072,2120163285,12923630171788961
60.2053,disk0w,2190196277248,19801918,1286145871615
60.2053,disk4,7483202119680,15084624,89293032585923
60.2053,disk4w,2195456,171,27582691
60.2053,disk8,7378050738176,7452970,64547072736156
60.2053,disk8w,352915456,46175,2454841112
60.2053,disk6,12971432286208,21175720,180668473431571
60.2053,disk6w,491520,70,201274851
60.2053,ram,696811520,65606991872,284365
60.2053,cpu,15825563,22679063,543073753
60.2053,gpu,0,0,0
60.4053,disk0,940056095129600,2120169187,12923638217376104
60.4053,disk0w,2190196277248,19801918,1286145871615
60.4053,disk4,7483957168128,15086171,89297707895407
60.4053,disk4w,2195456,171,27582691
60.4053,disk8,7378700593152,7453636,64548086460687
60.4053,disk8w,352915456,46175,2454841112
60.4053,disk6,12972842473472,21177593,180681364130425
60.4053,disk6w,491520,70,201274851
60.4053,ram,491995136,65821229056,284365
60.4053,cpu,15825622,22679219,543075327
60.4053,gpu,0,0,0
60.6053,disk0,940058271744000,2120173181,12923647848806815
60.6053,disk0w,2190196277248,19801918,1286145871615
60.6053,disk4,7484706457600,15087709,89302393714365
60.6053,disk4w,2195456,171,27582691
60.6053,disk8,7379287533568,7454237,64548871671915
60.6053,disk8w,352915456,46175,2454841112
60.6053,disk6,12974174828544,21179335,180691949051434
60.6053,disk6w,491520,70,201274851
60.6053,ram,491995136,65821229056,284365
60.6053,cpu,15825622,22679219,543075327
60.6053,gpu,0,0,0
60.8027,disk0,940060353396736,2120177421,12923659547571455
60.8027,disk0w,2190196277248,19801918,1286145871615
60.8027,disk4,7485380986880,15089091,89306672855814
60.8027,disk4w,2195456,171,27582691
60.8027,disk8,7379833448448,7454797,64549529900106
60.8027,disk8w,352915456,46175,2454841112
60.8027,disk6,12975388719104,21181214,180705366849363
60.8027,disk6w,491520,70,201274851
60.8027,ram,491995136,65821229056,284365
60.8027,cpu,15825622,22679219,543075327
60.8027,gpu,0,0,0
61.0053,disk0,940062529191936,2120182061,12923674511863809
61.0053,disk0w,2190196277248,19801918,1286145871615
61.0053,disk4,7486243440640,15090782,89311602343741
61.0053,disk4w,2195456,171,27582691
61.0053,disk8,7380305176576,7455280,64550008426654
61.0053,disk8w,352915456,46175,2454841112
61.0053,disk6,12976644175872,21183389,180718578884180
61.0053,disk6w,491520,70,201274851
61.0053,ram,491995136,65821229056,284365
61.0053,cpu,15825622,22679219,543075327
61.0053,gpu,39,5,0
61.2053,disk0,940064736649216,2120187097,12923684324591473
61.2053,disk0w,2190196281344,19801919,1286145895156
61.2053,disk4,7487025858560,15092322,89316931496513
61.2053,disk4w,2195456,171,27582691
61.2053,disk8,7380781885440,7455769,64550582406028
61.2053,disk8w,352915456,46175,2454841112
61.2053,disk6,12977992087552,21185884,180734527016113
61.2053,disk6w,491520,70,201274851
61.2053,ram,491995136,65821229056,284365
61.2053,cpu,15825622,22679219,543075327
61.2053,gpu,0,0,0
61.4053,disk0,940066609254400,2120195353,12923701833208122
61.4053,disk0w,2190202077184,19802493,1286167076723
61.4053,disk4,7487635818496,15093528,89320718870349
61.4053,disk4w,2195456,171,27582691
61.4053,disk8,7381352704000,7456354,64551236198707
61.4053,disk8w,352915456,46175,2454841112
61.4053,disk6,12979353548800,21188131,180748968798975
61.4053,disk6w,491520,70,201274851
61.4053,ram,486768640,64440942592,284365
61.4053,cpu,15825681,22679352,543076847
61.4053,gpu,0,0,0
61.6006,disk0,940068363784192,2120198653,12923711657194518
61.6006,disk0w,2190202077184,19802493,1286167076723
61.6006,disk4,7488197330944,15094640,89324136106803
61.6006,disk4w,2195456,171,27582691
61.6006,disk8,7381826856960,7456840,64552603644925
61.6006,disk8w,352915456,46175,2454841112
61.6006,disk6,12980467972096,21190162,180763341174894
61.6006,disk6w,491520,70,201274851
61.6006,ram,486768640,64440942592,284365
61.6006,cpu,15825681,22679352,543076847
61.6006,gpu,0,0,0
61.8043,disk0,940070429949952,2120203454,12923721881717962
61.8043,disk0w,2190202077184,19802493,1286167076723
61.8043,disk4,7488890456064,15096060,89327685426685
61.8043,disk4w,2195456,171,27582691
61.8043,disk8,7382354814976,7457381,64553446177618
61.8043,disk8w,352915456,46175,2454841112
61.8043,disk6,12981787949056,21192167,180777026716719
61.8043,disk6w,491520,70,201274851
61.8043,ram,486768640,64440942592,284365
61.8043,cpu,15825681,22679352,543076847
61.8043,gpu,0,0,0
62.0053,disk0,940072895774720,2120208041,12923734509414836
62.0053,disk0w,2190202077184,19802493,1286167076723
62.0053,disk4,7489660299264,15097638,89333233848703
62.0053,disk4w,2195456,171,27582691
62.0053,disk8,7382968494080,7458010,64554228681066
62.0053,disk8w,352915456,46175,2454841112
62.0053,disk6,12983089494016,21193812,180785155381336
62.0053,disk6w,491520,70,201274851
62.0053,ram,486768640,64440942592,284365
62.0053,cpu,15825681,22679352,543076847
62.0053,gpu,0,0,0
62.2053,disk0,940074745872384,2120211605,12923741871419374
62.2053,disk0w,2190202077184,19802493,1286167076723
62.2053,disk4,7490522351616,15099407,89340876377017
62.2053,disk4w,2195456,171,27582691
62.2053,disk8,7383504185344,7458559,64554982130671
62.2053,disk8w,352915456,46175,2454841112
62.2053,disk6,12984442484736,21195794,180797832212459
62.2053,disk6w,491520,70,201274851
62.2053,ram,486768640,64440942592,284365
62.2053,cpu,15825681,22679352,543076847
62.2053,gpu,0,0,0
62.4006,disk0,940076477956096,2120215479,12923750112194313
62.4006,disk0w,2190202077184,19802493,1286167076723
62.4006,disk4,7491276883968,15100923,89346507429421
62.4006,disk4w,2195456,171,27582691
62.4006,disk8,7383899367424,7458964,64555422335286
62.4006,disk8w,352915456,46175,2454841112
62.4006,disk6,12985741588480,21197866,180814403214548
62.4006,disk6w,491520,70,201274851
62.4006,ram,538296320,65535377408,284365
62.4006,cpu,15825744,22679494,543078438
62.4006,gpu,0,0,0
62.6053,disk0,940078478725120,2120220167,12923759682888967
62.6053,disk0w,2190202077184,19802493,1286167076723
62.6053,disk4,7491908585472,15102159,89349469767628
62.6053,disk4w,2195456,171,27582691
62.6053,disk8,7384364804096,7459441,64555955704335
62.6053,disk8w,352915456,46175,2454841112
62.6053,disk6,12987168602112,21200332,180833600732145
62.6053,disk6w,491520,70,201274851
62.6053,ram,538296320,65535377408,284365
62.6053,cpu,15825744,22679494,543078438
62.6053,gpu,0,0,0
62.8053,disk0,940080420458496,2120224738,12923770191514459
62.8053,disk0w,2190202077184,19802493,1286167076723
62.8053,disk4,7492835723264,15103990,89358305080139
62.8053,disk4w,2195456,171,27582691
62.8053,disk8,7384891713536,7459981,64556579350030
62.8053,disk8w,352915456,46175,2454841112
62.8053,disk6,12988415326208,21202544,180845519078858
62.8053,disk6w,491520,70,201274851
62.8053,ram,538296320,65535377408,284365
62.8053,cpu,15825744,22679494,543078438
62.8053,gpu,0,0,0
63.0053,disk0,940082487717888,2120235460,12923787353593260
63.0053,disk0w,2190202077184,19802493,1286167076723
63.0053,disk4,7493609392128,15105523,89362278354668
63.0053,disk4w,2195456,171,27582691
63.0053,disk8,7385421768704,7460524,64557218514926
63.0053,disk8w,352915456,46175,2454841112
63.0053,disk6,12989739890688,21204952,180859782020195
63.0053,disk6w,491520,70,201274851
63.0053,ram,538296320,65535377408,284365
63.0053,cpu,15825744,22679494,543078438
63.0053,gpu,0,0,0
63.2053,disk0,940084312571904,2120245018,12923803244902053
63.2053,disk0w,2190202077184,19802493,1286167076723
63.2053,disk4,7494099658752,15106526,89365053582007
63.2053,disk4w,2195456,171,27582691
63.2053,disk8,7385796175872,7460908,64558350439004
63.2053,disk8w,352915456,46175,2454841112
63.2053,disk6,12990907643904,21206713,180871407705714
63.2053,disk6w,491520,70,201274851
63.2053,ram,538296320,65535377408,284365
63.2053,cpu,15825744,22679494,543078438
63.2053,gpu,0,0,0
63.4053,disk0,940086636605440,2120249278,12923815926350292
63.4053,disk0w,2190202077184,19802493,1286167076723
63.4053,disk4,7494859163648,15108083,89370032323773
63.4053,disk4w,2195456,171,27582691
63.4053,disk8,7386331867136,7461457,64559129382443
63.4053,disk8w,352915456,46175,2454841112
63.4053,disk6,12992218855424,21208349,180880534538171
63.4053,disk6w,491520,70,201274851
63.4053,ram,563494912,65554153472,284365
63.4053,cpu,15825797,22679637,543080022
63.4053,gpu,0,0,0
63.6053,disk0,940088819249152,2120253309,12923825284274860
63.6053,disk0w,2190202077184,19802493,1286167076723
63.6053,disk4,7495763904512,15109938,89376569839539
63.6053,disk4w,2195456,171,27582691
63.6053,disk8,7386970843136,7462112,64559954702022
63.6053,disk8w,352915456,46175,2454841112
63.6053,disk6,12993581447168,21210360,180892516793310
63.6053,disk6w,491520,70,201274851
63.6053,ram,563494912,65554153472,284365
63.6053,cpu,15825797,22679637,543080022
63.6053,gpu,0,0,0
63.8043,disk0,940090681524224,2120257287,12923832192563780
63.8043,disk0w,2190202077184,19802493,1286167076723
63.8043,disk4,7496485152768,15111414,89382407391995
63.8043,disk4w,2195456,171,27582691
63.8043,disk8,7387517413376,7462672,64560669265594
63.8043,disk8w,352915456,46175,2454841112
63.8043,disk6,12994942629888,21212365,180906034083726
63.8043,disk6w,491520,70,201274851
63.8043,ram,563494912,65554153472,284365
63.8043,cpu,15825797,22679637,543080022
63.8043,gpu,0,0,0
64.0039,disk0,940092840738816,2120262239,12923851014616359
64.0039,disk0w,2190202077184,19802493,1286167076723
64.0039,disk4,7497207875584,15112815,89386711508148
64.0039,disk4w,2195456,171,27582691
64.0039,disk8,7387969480704,7463135,64561203305185
64.0039,disk8w,352915456,46175,2454841112
64.0039,disk6,12996090722304,21214292,180917255772167
64.0039,disk6w,491520,70,201274851
64.0039,ram,563494912,65554153472,284365
64.0039,cpu,15825797,22679637,543080022
64.0039,gpu,0,0,0
64.2053,disk0,940095183179776,2120267671,12923870995341272
64.2053,disk0w,2190202077184,19802493,1286167076723
64.2053,disk4,7497911724032,15114202,89390870581973
64.2053,disk4w,2195456,171,27582691
64.2053,disk8,7388568741888,7463749,64561947928788
64.2053,disk8w,352915456,46175,2454841112
64.2053,disk6,12997338773504,21216447,180927796959774
64.2053,disk6w,491520,70,201274851
64.2053,ram,563494912,65554153472,284365
64.2053,cpu,15825797,22679637,543080022
64.2053,gpu,0,0,0
64.4050,disk0,940096874991616,2120277914,12923884221573255
64.4050,disk0w,2190202077184,19802493,1286167076723
64.4050,disk4,7498641655808,15115642,89396184880154
64.4050,disk4w,2195456,171,27582691
64.4050,disk8,7389029984256,7464222,64562452447264
64.4050,disk8w,352915456,46175,2454841112
64.4050,disk6,12998577387520,21218542,180943241430539
64.4050,disk6w,491520,70,201274851
64.4050,ram,588447744,64167280640,284365
64.4050,cpu,15825855,22679776,543081672
64.4050,gpu,0,0,0
64.6053,disk0,940098640379904,2120281246,12923893137201812
64.6053,disk0w,2190202077184,19802493,1286167076723
64.6053,disk4,7499228956672,15116823,89399171638234
64.6053,disk4w,2195456,171,27582691
64.6053,disk8,7389493258240,7464697,64563514426638
64.6053,disk8w,352915456,46175,2454841112
64.6053,disk6,12999807334400,21220597,180958596168633
64.6053,disk6w,491520,70,201274851
64.6053,ram,588447744,64167280640,284365
64.6053,cpu,15825855,22679776,543081672
64.6053,gpu,0,0,0
64.8053,disk0,940100796416000,2120291489,12923911140701002
64.8053,disk0w,2190202077184,19802493,1286167076723
64.8053,disk4,7499921434624,15118242,89404217770015
64.8053,disk4w,2195456,171,27582691
64.8053,disk8,7389932349440,7465147,64564057070940
64.8053,disk8w,352915456,46175,2454841112
64.8053,disk6,13000971204608,21222282,180967952051680
64.8053,disk6w,491520,70,201274851
64.8053,ram,588447744,64167280640,284365
64.8053,cpu,15825855,22679776,543081672
64.8053,gpu,0,0,0
65.0006,disk0,940102989623296,2120295311,12923921397988907
65.0006,disk0w,2190202077184,19802493,1286167076723
65.0006,disk4,7500752422912,15119949,89412519435650
65.0006,disk4w,2195456,171,27582691
65.0006,disk8,7390432913408,7465660,64564634459356
65.0006,disk8w,352915456,46175,2454841112
65.0006,disk6,13002263214080,21224055,180976105957778
65.0006,disk6w,491520,70,201274851
65.0006,ram,588447744,64167280640,284365
65.0006,cpu,15825855,22679776,543081672
65.0006,gpu,36,6,0
65.2053,disk0,940105255727104,2120299839,12923932456883201
65.2053,disk0w,2190202077184,19802493,1286167076723
65.2053,disk4,7501473679360,15121425,89417506366482
65.2053,disk4w,2195456,171,27582691
65.2053,disk8,7391109113856,7466353,64565613841006
65.2053,disk8w,352915456,46175,2454841112
65.2053,disk6,13003639388160,21226247,180988869093325
65.2053,disk6w,491520,70,201274851
65.2053,ram,588447744,64167280640,284365
65.2053,cpu,15825855,22679776,543081672
65.2053,gpu,0,0,0
65.4053,disk0,940107384729600,2120304465,12923945947028748
65.4053,disk0w,2190202343424,19802509,1286167353259
65.4053,disk4,7502235174912,15122927,89422253901435
65.4053,disk4w,2195456,171,27582691
65.4053,disk8,7391539423232,7466794,64566142767268
65.4053,disk8w,352915456,46175,2454841112
65.4053,disk6,13004873693184,21228307,181001619489235
65.4053,disk6w,491520,70,201274851
65.4053,ram,605339648,65548009472,284365
65.4053,cpu,15825912,22679936,543083272
65.4053,gpu,0,0,0
65.6019,disk0,940109376155648,2120308872,12923961032158122
65.6019,disk0w,2190202343424,19802509,1286167353259
65.6019,disk4,7503042349056,15124506,89427090305533
65.6019,disk4w,2195456,171,27582691
65.6019,disk8,7391925823488,7467190,64566627171017
65.6019,disk8w,352915456,46175,2454841112
65.6019,disk6,13006068807680,21230525,181014681756052
65.6019,disk6w,491520,70,201274851
65.6019,ram,605339648,65548009472,284365
65.6019,cpu,15825912,22679936,543083272
65.6019,gpu,0,0,0
65.8053,disk0,940111528960000,2120319712,12923978553459993
65.8053,disk0w,2190202736640,19802512,1286167445258
65.8053,disk4,7504022243328,15126442,89435545945472
65.8053,disk4w,2195456,171,27582691
65.8053,disk8,7392602023936,7467883,64567616768951
65.8053,disk8w,352915456,46175,2454841112
65.8053,disk6,13007233431552,21232598,181024047340022
65.8053,disk6w,491520,70,201274851
65.8053,ram,605339648,65548009472,284365
65.8053,cpu,15825912,22679936,543083272
65.8053,gpu,0,0,0
66.0053,disk0,940113466302464,2120323349,12923989438025369
66.0053,disk0w,2190202736640,19802512,1286167445258
66.0053,disk4,7504674244608,15127740,89439052826195
66.0053,disk4w,2195456,171,27582691
66.0053,disk8,7393097934848,7468391,64568986553779
66.0053,disk8w,352915456,46175,2454841112
66.0053,disk6,13008424286208,21234706,181037305138554
66.0053,disk6w,491520,70,201274851
66.0053,ram,605339648,65548009472,284365
66.0053,cpu,15825912,22679936,543083272
66.0053,gpu,0,0,0
66.2043,disk0,940115627556864,2120329683,12924002715055272
66.2043,disk0w,2190202736640,19802512,1286167445258
66.2043,disk4,7505366321152,15129159,89443337513588
66.2043,disk4w,2195456,171,27582691
66.2043,disk8,7393717250048,7469026,64569865148311
66.2043,disk8w,352915456,46175,2454841112
66.2043,disk6,13009694078976,21236725,181049190705037
66.2043,disk6w,491520,70,201274851
66.2043,ram,605339648,65548009472,284365
66.2043,cpu,15825912,22679936,543083272
66.2043,gpu,0,0,0
66.4053,disk0,940117929394176,2120333411,12924012768314313
66.4053,disk0w,2190202736640,19802512,1286167445258
66.4053,disk4,7506231379968,15130932,89453986771085
66.4053,disk4w,2195456,171,27582691
66.4053,disk8,7394264868864,7469587,64570509764624
66.4053,disk8w,352915456,46175,2454841112
66.4053,disk6,13010931038208,21238317,181056055087537
66.4053,disk6w,491520,70,201274851
66.4053,ram,489947136,65847033856,284365
66.4053,cpu,15825974,22680072,543084800
66.4053,gpu,0,0,0
66.6053,disk0,940120165367808,2120337606,12924026806497149
66.6053,disk0w,2190202744832,19802514,1286167498466
66.6053,disk4,7506779916288,15132057,89457443637544
66.6053,disk4w,2195456,171,27582691
66.6053,disk8,7394858887168,7470196,64571207823630
66.6053,disk8w,352915456,46175,2454841112
66.6053,disk6,13012182812672,21240253,181067523862058
66.6053,disk6w,491520,70,201274851
66.6053,ram,489947136,65847033856,284365
66.6053,cpu,15825974,22680072,543084800
66.6053,gpu,0,0,0
66.8041,disk0,940122087690240,2120341891,12924037339389063
66.8041,disk0w,2190202744832,19802514,1286167498466
66.8041,disk4,7507443714048,15133379,89461789854771
66.8041,disk4w,2195456,171,27582691
66.8041,disk8,7395280414720,7470628,64571710284978
66.8041,disk8w,352915456,46175,2454841112
66.8041,disk6,13013480671232,21242520,181084387225946
66.8041,disk6w,491520,70,201274851
66.8041,ram,489947136,65847033856,284365
66.8041,cpu,15825974,22680072,543084800
66.8041,gpu,32,6,0
67.0053,disk0,940124480675840,2120347185,12924049320388360
67.0053,disk0w,2190202773504,19802521,1286167637256
67.0053,disk4,7508219840512,15134900,89466118019022
67.0053,disk4w,2195456,171,27582691
67.0053,disk8,7395777439744,7471137,64572258688555
67.0053,disk8w,352915456,46175,2454841112
67.0053,disk6,13014857648128,21245003,181099687232508
67.0053,disk6w,491520,70,201274851
67.0053,ram,489947136,65847033856,284365
67.0053,cpu,15825974,22680072,543084800
67.0053,gpu,0,0,0
67.2053,disk0,940126462029824,2120357636,12924064304982542
67.2053,disk0w,2190202773504,19802521,1286167637256
67.2053,disk4,7509084899328,15136604,89472310778023
67.2053,disk4w,2195456,171,27582691
67.2053,disk8,7396395706368,7471771,64573014070218
67.2053,disk8w,352915456,46175,2454841112
67.2053,disk6,13016133814272,21247218,181114782530041
67.2053,disk6w,491520,70,201274851
67.2053,ram,489947136,65847033856,284365
67.2053,cpu,15825974,22680072,543084800
67.2053,gpu,0,0,0
67.4053,disk0,940128286539776,2120360993,12924073043133562
67.4053,disk0w,2190202773504,19802521,1286167637256
67.4053,disk4,7509854373888,15138133,89477853246183
67.4053,disk4w,2195456,171,27582691
67.4053,disk8,7396817184768,7472203,64573838183163
67.4053,disk8w,352915456,46175,2454841112
67.4053,disk6,13017300535296,21249340,181129615134575
67.4053,disk6w,491520,70,201274851
67.4053,ram,540459008,64013107200,284365
67.4053,cpu,15826019,22680211,543086466
67.4053,gpu,0,0,0
67.6053,disk0,940130320609280,2120367451,12924082949737148
67.6053,disk0w,2190202773504,19802521,1286167637256
67.6053,disk4,7510571190272,15139603,89482746809442
67.6053,disk4w,2195456,171,27582691
67.6053,disk8,7397431912448,7472833,64574592630957
67.6053,disk8w,352915456,46175,2454841112
67.6053,disk6,13018593171456,21251316,181142630723908
67.6053,disk6w,491520,70,201274851
67.6053,ram,540459008,64013107200,284365
67.6053,cpu,15826019,22680211,543086466
67.6053,gpu,0,0,0
67.8053,disk0,940132149850112,2120370409,12924089190217879
67.8053,disk0w,2190202773504,19802521,1286167637256
67.8053,disk4,7511369730048,15141238,89489749842717
67.8053,disk4w,2195456,171,27582691
67.8053,disk8,7397827094528,7473238,64575012077373
67.8053,disk8w,352915456,46175,2454841112
67.8053,disk6,13019958532096,21252968,181154389727399
67.8053,disk6w,491520,70,201274851
67.8053,ram,540459008,64013107200,284365
67.8053,cpu,15826019,22680211,543086466
67.8053,gpu,25,6,0
68.0007,disk0,940134418509824,2120374717,12924100936449860
68.0007,disk0w,2190202773504,19802521,1286167637256
68.0007,disk4,7512125704192,15142789,89494740978163
68.0007,disk4w,2195456,171,27582691
68.0007,disk8,7398459385856,7473886,64575854775376
68.0007,disk8w,352915456,46175,2454841112
68.0007,disk6,13021293959168,21255052,181165799264964
68.0007,disk6w,491520,70,201274851
68.0007,ram,540459008,64013107200,284365
68.0007,cpu,15826019,22680211,543086466
68.0007,gpu,0,0,0
68.2053,disk0,940136501014528,2120379316,12924110875229785
68.2053,disk0w,2190202773504,19802521,1286167637256
68.2053,disk4,7512890066944,15144313,89498431884372
68.2053,disk4w,2195456,171,27582691
68.2053,disk8,7398953265152,7474392,64576393871999
68.2053,disk8w,352915456,46175,2454841112
68.2053,disk6,13022694365184,21257375,181182607613111
68.2053,disk6w,491520,70,201274851
68.2053,ram,540459008,64013107200,284365
68.2053,cpu,15826019,22680211,543086466
68.2053,gpu,0,0,0
68.4043,disk0,940138509905920,2120383862,12924120938884263
68.4043,disk0w,2190202773504,19802521,1286167637256
68.4043,disk4,7513632147456,15145767,89502411882047
68.4043,disk4w,2195456,171,27582691
68.4043,disk8,7399434168320,7474885,64576962270510
68.4043,disk8w,352915456,46175,2454841112
68.4043,disk6,13024074029056,21259849,181200717666541
68.4043,disk6w,491520,70,201274851
68.4043,ram,565149696,65681932288,284365
68.4043,cpu,15826077,22680346,543088056
68.4043,gpu,0,0,0
68.6020,disk0,940140523069440,2120390152,12924132794336321
68.6020,disk0w,2190202773504,19802521,1286167637256
68.6020,disk4,7514411042816,15147304,89508150282979
68.6020,disk4w,2195456,171,27582691
68.6020,disk8,7399890823168,7475353,64577512756051
68.6020,disk8w,352915456,46175,2454841112
68.6020,disk6,13025371363328,21262159,181216099771770
68.6020,disk6w,491520,70,201274851
68.6020,ram,565149696,65681932288,284365
68.6020,cpu,15826077,22680346,543088056
68.6020,gpu,0,0,0
68.8043,disk0,940142462451712,2120398387,12924145703020559
68.8043,disk0w,2190202773504,19802521,1286167637256
68.8043,disk4,7515190077440,15148847,89512415225560
68.8043,disk4w,2195456,171,27582691
68.8043,disk8,7400361109504,7475834,64578022878511
68.8043,disk8w,352915456,46175,2454841112
68.8043,disk6,13026553845760,21264418,181229789795152
68.8043,disk6w,491520,70,201274851
68.8043,ram,565149696,65681932288,284365
68.8043,cpu,15826077,22680346,543088056
68.8043,gpu,0,0,0
69.0041,disk0,940144379949056,2120408530,12924157788435913
69.0041,disk0w,2190202773504,19802521,1286167637256
69.0041,disk4,7515831322624,15150161,89516361388791
69.0041,disk4w,2195456,171,27582691
69.0041,disk8,7401101568000,7476594,64581346350964
69.0041,disk8w,352915456,46175,2454841112
69.0041,disk6,13027837040640,21266219,181241929040369
69.0041,disk6w,491520,70,201274851
69.0041,ram,565149696,65681932288,284365
69.0041,cpu,15826077,22680346,543088056
69.0041,gpu,0,0,0
69.2053,disk0,940146742820864,2120412610,12924171921636125
69.2053,disk0w,2190202773504,19802521,1286167637256
69.2053,disk4,7516619900928,15151778,89523682009348
69.2053,disk4w,2195456,171,27582691
69.2053,disk8,7401622841344,7477128,64582109217463
69.2053,disk8w,352915456,46175,2454841112
69.2053,disk6,13028950038528,21267534,181247110273772
69.2053,disk6w,491520,70,201274851
69.2053,ram,565149696,65681932288,284365
69.2053,cpu,15826077,22680346,543088056
69.2053,gpu,0,0,0
69.4053,disk0,940149019381760,2120416821,12924182675549996
69.4053,disk0w,2190202773504,19802521,1286167637256
69.4053,disk4,7517439903744,15153460,89531714983994
69.4053,disk4w,2195456,171,27582691
69.4053,disk8,7402182780928,7477702,64582838908224
69.4053,disk8w,352915456,46175,2454841112
69.4053,disk6,13030213998592,21269408,181255870610248
69.4053,disk6w,491520,70,201274851
69.4053,ram,587169792,65548206080,284365
69.4053,cpu,15826139,22680494,543089513
69.4053,gpu,0,0,0
69.6053,disk0,940150911549440,2120420974,12924192396221562
69.6053,disk0w,2190202773504,19802521,1286167637256
69.6053,disk4,7518236870656,15155061,89536072444748
69.6053,disk4w,2195456,171,27582691
69.6053,disk8,7402648217600,7478179,64583324041648
69.6053,disk8w,352915456,46175,2454841112
69.6053,disk6,13031579215872,21271549,181271060385692
69.6053,disk6w,491520,70,201274851
69.6053,ram,587169792,65548206080,284365
69.6053,cpu,15826139,22680494,543089513
69.6053,gpu,0,0,0
69.8053,disk0,940152923226112,2120425416,12924202680366586
69.8053,disk0w,2190202773504,19802521,1286167637256
69.8053,disk4,7519016159232,15156583,89541169459659
69.8053,disk4w,2195456,171,27582691
69.8053,disk8,7403060963328,7478602,64583810161132
69.8053,disk8w,352915456,46175,2454841112
69.8053,disk6,13032908548096,21274026,181286981424127
69.8053,disk6w,491520,70,201274851
69.8053,ram,587169792,65548206080,284365
69.8053,cpu,15826139,22680494,543089513
69.8053,gpu,0,0,0
70.0012,disk0,940154552053760,2120429043,12924208940978600
70.0012,disk0w,2190202773504,19802521,1286167637256
70.0012,disk4,7519682045952,15157899,89546280049432
70.0012,disk4w,2195456,171,27582691
70.0012,disk8,7403482490880,7479034,64584355807655
70.0012,disk8w,352915456,46175,2454841112
70.0012,disk6,13034122700800,21276233,181304541493976
70.0012,disk6w,491520,70,201274851
70.0012,ram,587169792,65548206080,284365
70.0012,cpu,15826139,22680494,543089513
70.0012,gpu,0,0,0
70.2043,disk0,940156593512448,2120439145,12924223429864190
70.2043,disk0w,2190202773504,19802521,1286167637256
70.2043,disk4,7520500631552,15159516,89550816172276
70.2043,disk4w,2195456,171,27582691
70.2043,disk8,7403991836672,7479556,64585009267478
70.2043,disk8w,352915456,46175,2454841112
70.2043,disk6,13035442714624,21278762,181319743145277
70.2043,disk6w,491520,70,201274851
70.2043,ram,587169792,65548206080,284365
70.2043,cpu,15826139,22680494,543089513
70.2043,gpu,0,0,0
70.4053,disk0,940158484987904,2120448510,12924237533671158
70.4053,disk0w,2190202773504,19802521,1286167637256
70.4053,disk4,7521022175232,15160581,89555447012597
70.4053,disk4w,2195456,171,27582691
70.4053,disk8,7404676737024,7480258,64587078875501
70.4053,disk8w,352915456,46175,2454841112
70.4053,disk6,13036538787840,21280446,181328580080227
70.4053,disk6w,491520,70,201274851
70.4053,ram,483737600,65884487680,284365
70.4053,cpu,15826233,22680682,543091117
70.4053,gpu,0,0,0
70.6053,disk0,940160817102848,2120452425,12924249571539631
70.6053,disk0w,2190202773504,19802521,1286167637256
70.6053,disk4,7521823565824,15162223,89561174185044
70.6053,disk4w,2195456,171,27582691
70.6053,disk8,7405167470592,7480761,64587670083504
70.6053,disk8w,352915456,46175,2454841112
70.6053,disk6,13037743962112,21281972,181337351377492
70.6053,disk6w,491520,70,201274851
70.6053,ram,483737600,65884487680,284365
70.6053,cpu,15826233,22680682,543091117
70.6053,gpu,0,0,0
70.8043,disk0,940163189211136,2120456819,12924260572580553
70.8043,disk0w,2190202773504,19802521,1286167637256
70.8043,disk4,7522617927680,15163851,89566857140037
70.8043,disk4w,2195456,171,27582691
70.8043,disk8,7405799368704,7481408,64588496537875
70.8043,disk8w,352915456,46175,2454841112
70.8043,disk6,13039121217536,21283898,181347461912684
70.8043,disk6w,491520,70,201274851
70.8043,ram,483737600,65884487680,284365
70.8043,cpu,15826233,22680682,543091117
70.8043,gpu,0,0,0
71.0053,disk0,940165081972736,2120460602,12924267050703813
71.0053,disk0w,2190202773504,19802521,1286167637256
71.0053,disk4,7523364210688,15165373,89572031107020
71.0053,disk4w,2195456,171,27582691
71.0053,disk8,7406337550336,7481960,64589140885696
71.0053,disk8w,352915456,46175,2454841112
71.0053,disk6,13040536401920,21286005,181363503521576
71.0053,disk6w,491520,70,201274851
71.0053,ram,483737600,65884487680,284365
71.0053,cpu,15826233,22680682,543091117
71.0053,gpu,0,0,0
71.2033,disk0,940167058972672,2120465064,12924280711817010
71.2033,disk0w,2190202773504,19802521,1286167637256
71.2033,disk4,7524047226880,15166697,89575940830524
71.2033,disk4w,2195456,171,27582691
71.2033,disk8,7406714120192,7482346,64589543833109
71.2033,disk8w,352915456,46175,2454841112
71.2033,disk6,13041828837376,21288384,181379896663658
71.2033,disk6w,491520,70,201274851
71.2033,ram,483737600,65884487680,284365
71.2033,cpu,15826233,22680682,543091117
71.2033,gpu,0,0,0
71.4053,disk0,940169371828224,2120470014,12924294260503106
71.4053,disk0w,2190202773504,19802521,1286167637256
71.4053,disk4,7525011179520,15168604,89584411300261
71.4053,disk4w,2195456,171,27582691
71.4053,disk8,7407320066048,7482967,64590296845476
71.4053,disk8w,352915456,46175,2454841112
71.4053,disk6,13043113490432,21290660,181389718275013
71.4053,disk6w,491520,70,201274851
71.4053,ram,473071616,66036908032,284365
71.4053,cpu,15826285,22680811,543092658
71.4053,gpu,27,5,0
71.6024,disk0,940171442159616,2120478227,12924309814699980
71.6024,disk0w,2190202773504,19802521,1286167637256
71.6024,disk4,7525774870528,15170109,89589119649691
71.6024,disk4w,2195456,171,27582691
71.6024,disk8,7407803066368,7483462,64590919358641
71.6024,disk8w,352915456,46175,2454841112
71.6024,disk6,13044425046016,21292776,181402368992189
71.6024,disk6w,491520,70,201274851
71.6024,ram,473071616,66036908032,284365
71.6024,cpu,15826285,22680811,543092658
71.6024,gpu,0,0,0
71.8011,disk0,940173176623104,2120481548,12924317842513683
71.8011,disk0w,2190202773504,19802521,1286167637256
71.8011,disk4,7526594488320,15171763,89595602918459
71.8011,disk4w,2195456,171,27582691
71.8011,disk8,7408365037568,7484038,64592292096192
71.8011,disk8w,352915456,46175,2454841112
71.8011,disk6,13045603088384,21294859,181414185062811
71.8011,disk6w,491520,70,201274851
71.8011,ram,473071616,66036908032,284365
71.8011,cpu,15826285,22680811,543092658
71.8011,gpu,0,0,0
72.0053,disk0,940175424901120,2120491760,12924337587078075
72.0053,disk0w,2190202773504,19802521,1286167637256
72.0053,disk4,7527293093888,15173198,89602052956116
72.0053,disk4w,2195456,171,27582691
72.0053,disk8,7408856819712,7484542,64592870282332
72.0053,disk8w,352915456,46175,2454841112
72.0053,disk6,13046814361600,21296579,181422152903141
72.0053,disk6w,491520,70,201274851
72.0053,ram,473071616,66036908032,284365
72.0053,cpu,15826285,22680811,543092658
72.0053,gpu,0,0,0
72.2053,disk0,940177477079040,2120495332,12924347641148762
72.2053,disk0w,2190202773504,19802521,1286167637256
72.2053,disk4,7527914874880,15174471,89605744894530
72.2053,disk4w,2195456,171,27582691
72.2053,disk8,7409364723712,7485062,64593529257243
72.2053,disk8w,352915456,46175,2454841112
72.2053,disk6,13048060024832,21298364,181436220580434
72.2053,disk6w,491520,70,201274851
72.2053,ram,473071616,66036908032,284365
72.2053,cpu,15826285,22680811,543092658
72.2053,gpu,0,0,0
72.4043,disk0,940179679563776,2120499800,12924359645409625
72.4043,disk0w,2190202773504,19802521,1286167637256
72.4043,disk4,7528727021568,15176135,89613465284312
72.4043,disk4w,2195456,171,27582691
72.4043,disk8,7409936984064,7485649,64594257368766
72.4043,disk8w,352915456,46175,2454841112
72.4043,disk6,13049281320960,21300174,181445066191276
72.4043,disk6w,491520,70,201274851
72.4043,ram,522584064,65596424192,284365
72.4043,cpu,15826331,22680939,543094228
72.4043,gpu,0,0,0
72.6053,disk0,940181644644352,2120504037,12924371831720838
72.6053,disk0w,2190202773504,19802521,1286167637256
72.6053,disk4,7529424717824,15177518,89617204241969
72.6053,disk4w,2195456,171,27582691
72.6053,disk8,7410332166144,7486054,64594689636056
72.6053,disk8w,352915456,46175,2454841112
72.6053,disk6,13050612701184,21302391,181460222979111
72.6053,disk6w,491520,70,201274851
72.6053,ram,522584064,65596424192,284365
72.6053,cpu,15826331,22680939,543094228
72.6053,gpu,0,0,0
72.8043,disk0,940183630548992,2120508567,12924382684585739
72.8043,disk0w,2190202773504,19802521,1286167637256
72.8043,disk4,7530222209024,15179079,89621806641584
72.8043,disk4w,2195456,171,27582691
72.8043,disk8,7410762475520,7486495,64595164228448
72.8043,disk8w,352915456,46175,2454841112
72.8043,disk6,13052015859712,21304848,181477314142258
72.8043,disk6w,491520,70,201274851
72.8043,ram,522584064,65596424192,284365
72.8043,cpu,15826331,22680939,543094228
72.8043,gpu,29,5,0
73.0053,disk0,940185289244672,2120515467,12924394391107889
73.0053,disk0w,2190202773504,19802521,1286167637256
73.0053,disk4,7530973595648,15180567,89628021383616
73.0053,disk4w,2195456,171,27582691
73.0053,disk8,7411280603136,7487026,64595881409645
73.0053,disk8w,352915456,46175,2454841112
73.0053,disk6,13053366167552,21307141,181492427552812
73.0053,disk6w,491520,70,201274851
73.0053,ram,522584064,65596424192,284365
73.0053,cpu,15826331,22680939,543094228
73.0053,gpu,0,0,0
73.2053,disk0,940186958921728,2120518634,12924400720439033
73.2053,disk0w,2190202773504,19802521,1286167637256
73.2053,disk4,7531723679744,15182058,89633415679081
73.2053,disk4w,2195456,171,27582691
73.2053,disk8,7411767404544,7487524,64596497411978
73.2053,disk8w,352915456,46175,2454841112
73.2053,disk6,13054573312000,21309430,181507797315052
73.2053,disk6w,491520,70,201274851
73.2053,ram,522584064,65596424192,284365
73.2053,cpu,15826331,22680939,543094228
73.2053,gpu,0,0,0
73.4054,disk0,940189211123712,2120525091,12924416942441541
73.4054,disk0w,2190202773504,19802521,1286167637256
73.4054,disk4,7532410382336,15183466,89638266854906
73.4054,disk4w,2195456,171,27582691
73.4054,disk8,7412308027392,7488079,64597457662542
73.4054,disk8w,352915456,46175,2454841112
73.4054,disk6,13055798114304,21311223,181518862734069
73.4054,disk6w,491520,70,201274851
73.4054,ram,558415872,65545011200,284365
73.4054,cpu,15826386,22681073,543095875
73.4054,gpu,0,0,0
73.6054,disk0,940191354904576,2120528629,12924425833435503
73.6054,disk0w,2190202773504,19802521,1286167637256
73.6054,disk4,7533234046976,15185155,89644619178018
73.6054,disk4w,2195456,171,27582691
73.6054,disk8,7412773464064,7488556,64598019079048
73.6054,disk8w,352915456,46175,2454841112
73.6054,disk6,13057111504896,21312769,181528465408970
73.6054,disk6w,491520,70,201274851
73.6054,ram,558415872,65545011200,284365
73.6054,cpu,15826386,22681073,543095875
73.6054,gpu,0,0,0
73.8054,disk0,940193649696768,2120532788,12924436229370949
73.8054,disk0w,2190202773504,19802521,1286167637256
73.8054,disk4,7533934364672,15186591,89648879191748
73.8054,disk4w,2195456,171,27582691
73.8054,disk8,7413370628096,7489168,64598813216086
73.8054,disk8w,352915456,46175,2454841112
73.8054,disk6,13058488252416,21314806,181540080443595
73.8054,disk6w,491520,70,201274851
73.8054,ram,558415872,65545011200,284365
73.8054,cpu,15826386,22681073,543095875
73.8054,gpu,0,0,0
74.0054,disk0,940195680935936,2120537118,12924445369413348
74.0054,disk0w,2190202773504,19802521,1286167637256
74.0054,disk4,7534801373184,15188325,89655405423327
74.0054,disk4w,2195456,171,27582691
74.0054,disk8,7413827282944,7489636,64599340824019
74.0054,disk8w,352915456,46175,2454841112
74.0054,disk6,13059821811712,21316990,181554937332053
74.0054,disk6w,491520,70,201274851
74.0054,ram,558415872,65545011200,284365
74.0054,cpu,15826386,22681073,543095875
74.0054,gpu,0,0,0
74.2006,disk0,940197612462080,2120541474,12924457164534823
74.2006,disk0w,2190202773504,19802521,1286167637256
74.2006,disk4,7535478523904,15189648,89658729724894
74.2006,disk4w,2195456,171,27582691
74.2006,disk8,7414283937792,7490104,64599830558117
74.2006,disk8w,352915456,46175,2454841112
74.2006,disk6,13061146458112,21319295,181571853050254
74.2006,disk6w,491520,70,201274851
74.2006,ram,558415872,65545011200,284365
74.2006,cpu,15826386,22681073,543095875
74.2006,gpu,0,0,0
74.4054,disk0,940199389585408,2120545986,12924465897098173
74.4054,disk0w,2190202773504,19802521,1286167637256
74.4054,disk4,7536272730112,15191216,89663326654548
74.4054,disk4w,2195456,171,27582691
74.4054,disk8,7414775719936,7490608,64600387017813
74.4054,disk8w,352915456,46175,2454841112
74.4054,disk6,13062568622080,21321720,181590118857345
74.4054,disk6w,491520,70,201274851
74.4054,ram,579649536,64441876480,284365
74.4054,cpu,15826433,22681189,543097455
74.4054,gpu,0,0,0
74.6006,disk0,940201134972928,2120551984,12924475649691575
74.6006,disk0w,2190202773504,19802521,1286167637256
74.6006,disk4,7537097082880,15192847,89670755724139
74.6006,disk4w,2195456,171,27582691
74.6006,disk8,7415286114304,7491131,64601004779562
74.6006,disk8w,352915456,46175,2454841112
74.6006,disk6,13063830128640,21324211,181604813010859
74.6006,disk6w,491520,70,201274851
74.6006,ram,579649536,64441876480,284365
74.6006,cpu,15826433,22681189,543097455
74.6006,gpu,0,0,0
74.8054,disk0,940202913792000,2120562033,12924489822566630
74.8054,disk0w,2190202773504,19802521,1286167637256
74.8054,disk4,7537755097088,15194193,89675502989194
74.8054,disk4w,2195456,171,27582691
74.8054,disk8,7415882147840,7491742,64602530960612
74.8054,disk8w,352915456,46175,2454841112
74.8054,disk6,13065025374208,21326026,181615701995868
74.8054,disk6w,491520,70,201274851
74.8054,ram,579649536,64441876480,284365
74.8054,cpu,15826433,22681189,543097455
74.8054,gpu,0,0,0
75.0051,disk0,940205111435264,2120565927,12924501625166671
75.0051,disk0w,2190202773504,19802521,1286167637256
75.0051,disk4,7538418608128,15195554,89679370231554
75.0051,disk4w,2195456,171,27582691
75.0051,disk8,7416409057280,7492282,64603188940756
75.0051,disk8w,353136640,46197,2455621395
75.0051,disk6,13066314876928,21327530,181624779346174
75.0051,disk6w,491520,70,201274851
75.0051,ram,579649536,64441876480,284365
75.0051,cpu,15826433,22681189,543097455
75.0051,gpu,0,0,0
75.2054,disk0,940207464878080,2120570205,12924515062206799
75.2054,disk0w,2190208819200,19802924,1286178496743
75.2054,disk4,7539142379520,15197034,89683472979555
75.2054,disk4w,2195456,171,27582691
75.2054,disk8,7416988657664,7492876,64603828266843
75.2054,disk8w,353136640,46197,2455621395
75.2054,disk6,13067577346048,21329389,181635542513332
75.2054,disk6w,491520,70,201274851
75.2054,ram,579649536,64441876480,284365
75.2054,cpu,15826433,22681189,543097455
75.2054,gpu,0,0,0
75.4054,disk0,940209506689024,2120574252,12924524657807289
75.4054,disk0w,2190208819200,19802924,1286178496743
75.4054,disk4,7539786385408,15198352,89686842585614
75.4054,disk4w,2195456,171,27582691
75.4054,disk8,7417410185216,7493308,64604372798038
75.4054,disk8w,353136640,46197,2455621395
75.4054,disk6,13068962433024,21331382,181648805942304
75.4054,disk6w,491520,70,201274851
75.4054,ram,608731136,65572044800,284365
75.4054,cpu,15826500,22681371,543099046
75.4054,gpu,0,0,0
75.6046,disk0,940211670691840,2120579120,12924539510980307
75.6046,disk0w,2190208819200,19802924,1286178496743
75.6046,disk4,7540523370496,15199780,89690915344795
75.6046,disk4w,2195456,171,27582691
75.6046,disk8,7417840494592,7493749,64604856136435
75.6046,disk8w,353136640,46197,2455621395
75.6046,disk6,13070225115136,21333671,181662442444458
75.6046,disk6w,491520,70,201274851
75.6046,ram,608731136,65572044800,284365
75.6046,cpu,15826500,22681371,543099046
75.6046,gpu,0,0,0
75.8006,disk0,940213812953088,2120584050,12924554611556959
75.8006,disk0w,2190208819200,19802924,1286178496743
75.8006,disk4,7541514422272,15201741,89699414706953
75.8006,disk4w,2195456,171,27582691
75.8006,disk8,7418323494912,7494244,64605366779272
75.8006,disk8w,353136640,46197,2455621395
75.8006,disk6,13071371077632,21335845,181672709189138
75.8006,disk6w,491520,70,201274851
75.8006,ram,608731136,65572044800,284365
75.8006,cpu,15826500,22681371,543099046
75.8006,gpu,35,6,0
76.0054,disk0,940215718907904,2120590022,12924565087759499
76.0054,disk0w,2190208819200,19802924,1286178496743
76.0054,disk4,7542321973248,15203344,89706947904591
76.0054,disk4w,2195456,171,27582691
76.0054,disk8,7418832840704,7494766,64605985494435
76.0054,disk8w,353136640,46197,2455621395
76.0054,disk6,13072728872960,21338119,181687186810401
76.0054,disk6w,491520,70,201274851
76.0054,ram,608731136,65572044800,284365
76.0054,cpu,15826500,22681371,543099046
76.0054,gpu,0,0,0
76.2010,disk0,940217385578496,2120593471,12924575764537776
76.2010,disk0w,2190208819200,19802924,1286178496743
76.2010,disk4,7543024388096,15204754,89711170074185
76.2010,disk4w,2195456,171,27582691
76.2010,disk8,7419342088192,7495288,64607722292212
76.2010,disk8w,353136640,46197,2455621395
76.2010,disk6,13073727412224,21339994,181700416181611
76.2010,disk6w,491520,70,201274851
76.2010,ram,608731136,65572044800,284365
76.2010,cpu,15826500,22681371,543099046
76.2010,gpu,0,0,0
76.4051,disk0,940219508879360,2120600671,12924591120281945
76.4051,disk0w,2190208819200,19802924,1286178496743
76.4051,disk4,7543521208320,15205773,89713408585135
76.4051,disk4w,2195456,171,27582691
76.4051,disk8,7419930470400,7495891,64608483271179
76.4051,disk8w,353136640,46197,2455621395
76.4051,disk6,13075032168448,21341899,181713800960652
76.4051,disk6w,491520,70,201274851
76.4051,ram,475578368,65615970304,284365
76.4051,cpu,15826549,22681501,543100661
76.4051,gpu,0,0,0
76.6054,disk0,940221704499200,2120604311,12924600727194892
76.6054,disk0w,2190209908736,19803027,1286180806915
76.6054,disk4,7544197056512,15207159,89717377132961
76.6054,disk4w,2195456,171,27582691
76.6054,disk8,7420483725312,7496458,64609225508207
76.6054,disk8w,353136640,46197,2455621395
76.6054,disk6,13076312844288,21343545,181724205511346
76.6054,disk6w,491520,70,201274851
76.6054,ram,475578368,65615970304,284365
76.6054,cpu,15826549,22681501,543100661
76.6054,gpu,0,0,0
76.8036,disk0,940223885635584,2120608699,12924612440703485
76.8036,disk0w,2190209908736,19803027,1286180806915
76.8036,disk4,7544897374208,15208595,89721650956580
76.8036,disk4w,2195456,171,27582691
76.8036,disk8,7421080889344,7497070,64609896309166
76.8036,disk8w,353136640,46197,2455621395
76.8036,disk6,13077641668608,21345505,181736504339744
76.8036,disk6w,491520,70,201274851
76.8036,ram,475578368,65615970304,284365
76.8036,cpu,15826549,22681501,543100661
76.8036,gpu,0,0,0
77.0054,disk0,940225865428992,2120613188,12924622407824483
77.0054,disk0w,2190209908736,19803027,1286180806915
77.0054,disk4,7545648236544,15210087,89726824843995
77.0054,disk4w,2195456,171,27582691
77.0054,disk8,7421484853248,7497484,64610336822733
77.0054,disk8w,353136640,46197,2455621395
77.0054,disk6,13078981486592,21347804,181752929063776
77.0054,disk6w,491520,70,201274851
77.0054,ram,475578368,65615970304,284365
77.0054,cpu,15826549,22681501,543100661
77.0054,gpu,0,0,0
77.2054,disk0,940227727421440,2120617435,12924630502966318
77.2054,disk0w,2190209908736,19803027,1286180806915
77.2054,disk4,7546313984000,15211389,89730220551960
77.2054,disk4w,2195456,171,27582691
77.2054,disk8,7421980829696,7497992,64610861224065
77.2054,disk8w,353136640,46197,2455621395
77.2054,disk6,13080375916544,21350424,181773700955114
77.2054,disk6w,491520,70,201274851
77.2054,ram,475578368,65615970304,284365
77.2054,cpu,15826549,22681501,543100661
77.2054,gpu,0,0,0
77.4012,disk0,940229310136320,2120622972,12924639861647102
77.4012,disk0w,2190209908736,19803027,1286180806915
77.4012,disk4,7547070089216,15212880,89735807356761
77.4012,disk4w,2195456,171,27582691
77.4012,disk8,7422354253824,7498375,64611263772149
77.4012,disk8w,353136640,46197,2455621395
77.4012,disk6,13081741146112,21352826,181792682089768
77.4012,disk6w,491520,70,201274851
77.4012,ram,516980736,64148750336,284365
77.4012,cpu,15826603,22681633,543102321
77.4012,gpu,0,0,0
77.6054,disk0,940231271575552,2120627451,12924647003752627
77.6054,disk0w,2190209908736,19803027,1286180806915
77.6054,disk4,7548010448896,15214738,89746349236434
77.6054,disk4w,2195456,171,27582691
77.6054,disk8,7422837254144,7498870,64611818473150
77.6054,disk8w,353136640,46197,2455621395
77.6054,disk6,13083009497088,21355214,181807258596125
77.6054,disk6w,491520,70,201274851
77.6054,ram,516980736,64148750336,284365
77.6054,cpu,15826603,22681635,543102326
77.6054,gpu,0,0,0
77.8012,disk0,940232950452224,2120633698,12924659478305692
77.8012,disk0w,2190209908736,19803027,1286180806915
77.8012,disk4,7548714575872,15216181,89752289734698
77.8012,disk4w,2195456,171,27582691
77.8012,disk8,7423206041600,7499248,64612634743398
77.8012,disk8w,353136640,46197,2455621395
77.8012,disk6,13084092823552,21356861,181816849108615
77.8012,disk6w,491520,70,201274851
77.8012,ram,516980736,64148750336,284365
77.8012,cpu,15826603,22681635,543102326
77.8012,gpu,0,0,0
78.0012,disk0,940235280883712,2120637775,12924674040700996
78.0012,disk0w,2190209908736,19803027,1286180806915
78.0012,disk4,7549490571264,15217772,89756816544793
78.0012,disk4w,2195456,171,27582691
78.0012,disk8,7423750514688,7499806,64613290133454
78.0012,disk8w,353136640,46197,2455621395
78.0012,disk6,13085219764224,21358169,181823976763645
78.0012,disk6w,491520,70,201274851
78.0012,ram,516980736,64148750336,284365
78.0012,cpu,15826603,22681635,543102326
78.0012,gpu,0,0,0
78.2054,disk0,940237645934592,2120642067,12924684867480682
78.2054,disk0w,2190209925120,19803029,1286180861373
78.2054,disk4,7550297229312,15219426,89762734477891
78.2054,disk4w,2195456,171,27582691
78.2054,disk8,7424374024192,7500445,64614082428872
78.2054,disk8w,353136640,46197,2455621395
78.2054,disk6,13086565382144,21360197,181835071708321
78.2054,disk6w,491520,70,201274851
78.2054,ram,516980736,64148750336,284365
78.2054,cpu,15826603,22681635,543102326
78.2054,gpu,0,0,0
78.4031,disk0,940239668523008,2120646116,12924695179970335
78.4031,disk0w,2190209925120,19803029,1286180861373
78.4031,disk4,7550932076544,15220714,89766373162115
78.4031,disk4w,2195456,171,27582691
78.4031,disk8,7424848242688,7500931,64614601910120
78.4031,disk8w,353136640,46197,2455621395
78.4031,disk6,13087937202176,21362387,181850398765483
78.4031,disk6w,491520,70,201274851
78.4031,ram,543883264,65647067136,284365
78.4031,cpu,15826656,22681758,543103854
78.4031,gpu,31,7,0
78.6054,disk0,940241992003584,2120651509,12924708666066535
78.6054,disk0w,2190209925120,19803029,1286180861373
78.6054,disk4,7551724029952,15222254,89770143593140
78.6054,disk4w,2195456,171,27582691
78.6054,disk8,7425304897536,7501399,64615074181754
78.6054,disk8w,353136640,46197,2455621395
78.6054,disk6,13089311082496,21364846,181866239045864
78.6054,disk6w,491520,70,201274851
78.6054,ram,543883264,65647067136,284365
78.6054,cpu,15826656,22681758,543103854
78.6054,gpu,0,0,0
78.8054,disk0,940243816656896,2120655745,12924717109372054
78.8054,disk0w,2190209925120,19803029,1286180861373
78.8054,disk4,7552779126784,15224337,89781628272871
78.8054,disk4w,2195456,171,27582691
78.8054,disk8,7425726425088,7501831,64615526489530
78.8054,disk8w,353136640,46197,2455621395
78.8054,disk6,13090644527104,21367113,181877223546732
78.8054,disk6w,491520,70,201274851
78.8054,ram,543883264,65647067136,284365
78.8054,cpu,15826656,22681758,543103854
78.8054,gpu,37,7,0
79.0008,disk0,940245676720128,2120661873,12924727091920059
79.0008,disk0w,2190209933312,19803031,1286180920373
79.0008,disk4,7553617856512,15225988,89788057196487
79.0008,disk4w,2195456,171,27582691
79.0008,disk8,7426112825344,7502227,64615939394572
79.0008,disk8w,353136640,46197,2455621395
79.0008,disk6,13091951626240,21369571,181893739080040
79.0008,disk6w,491520,70,201274851
79.0008,ram,543883264,65647067136,284365
79.0008,cpu,15826656,22681758,543103854
79.0008,gpu,0,0,0
79.2054,disk0,940247607087104,2120666328,12924739361906419
79.2054,disk0w,2190209933312,19803031,1286180920373
79.2054,disk4,7554201503744,15227170,89793558973101
79.2054,disk4w,2195456,171,27582691
79.2054,disk8,7426566940672,7502692,64616914115538
79.2054,disk8w,353136640,46197,2455621395
79.2054,disk6,13093073061888,21371528,181905867150647
79.2054,disk6w,491520,70,201274851
79.2054,ram,543883264,65647067136,284365
79.2054,cpu,15826656,22681758,543103854
79.2054,gpu,0,0,0
79.4054,disk0,940249816113152,2120677643,12924755170947115
79.4054,disk0w,2190209982464,19803032,1286180953289
79.4054,disk4,7554827585536,15228453,89797949727346
79.4054,disk4w,2195456,171,27582691
79.4054,disk8,7427087558656,7503226,64617626795653
79.4054,disk8w,353136640,46197,2455621395
79.4054,disk6,13094349473792,21373192,181915466803116
79.4054,disk6w,491520,70,201274851
79.4054,ram,565379072,65514831872,284365
79.4054,cpu,15826706,22681897,543105426
79.4054,gpu,0,0,0
79.6020,disk0,940251783946240,2120681075,12924762752311062
79.6020,disk0w,2190209982464,19803032,1286180953289
79.6020,disk4,7555517564928,15229868,89802461075820
79.6020,disk4w,2195456,171,27582691
79.6020,disk8,7427552995328,7503703,64618095971620
79.6020,disk8w,353136640,46197,2455621395
79.6020,disk6,13095682459648,21375052,181929208043826
79.6020,disk6w,491520,70,201274851
79.6020,ram,565379072,65514831872,284365
79.6020,cpu,15826706,22681897,543105426
79.6020,gpu,0,0,0
79.8043,disk0,940253806714880,2120685341,12924774034203340
79.8043,disk0w,2190209982464,19803032,1286180953289
79.8043,disk4,7555956246528,15230767,89804335681851
79.8043,disk4w,2195456,171,27582691
79.8043,disk8,7428141377536,7504306,64618899623127
79.8043,disk8w,353136640,46197,2455621395
79.8043,disk6,13097027454976,21377109,181944704384459
79.8043,disk6w,491520,70,201274851
79.8043,ram,565379072,65514831872,284365
79.8043,cpu,15826706,22681897,543105426
79.8043,gpu,0,0,0
80.0043,disk0,940255867445248,2120689769,12924789144212048
80.0043,disk0w,2190209982464,19803032,1286180953289
80.0043,disk4,7556522493952,15231883,89806557385059
80.0043,disk4w,2195456,171,27582691
80.0043,disk8,7428641941504,7504819,64619424253333
80.0043,disk8w,353136640,46197,2455621395
80.0043,disk6,13098285975552,21379405,181960057688151
80.0043,disk6w,491520,70,201274851
80.0043,ram,565379072,65514831872,284365
80.0043,cpu,15826706,22681897,543105426
80.0043,gpu,0,0,0
80.2015,disk0,940257905741824,2120694206,12924799239759450
80.2015,disk0w,2190210015232,19803040,1286181086494
80.2015,disk4,7557282891776,15233374,89810332313665
80.2015,disk4w,2195456,171,27582691
80.2015,disk8,7429054687232,7505242,64619968124320
80.2015,disk8w,353136640,46197,2455621395
80.2015,disk6,13099614636032,21381752,181976748001750
80.2015,disk6w,491520,70,201274851
80.2015,ram,565379072,65514831872,284365
80.2015,cpu,15826706,22681897,543105426
80.2015,gpu,0,0,0
80.4049,disk0,940259760963584,2120700337,12924811504899948
80.4049,disk0w,2190210064384,19803044,1286181197910
80.4049,disk4,7558165776384,15235114,89817339201202
80.4049,disk4w,2195456,171,27582691
80.4049,disk8,7429449869312,7505647,64620407245641
80.4049,disk8w,353136640,46197,2455621395
80.4049,disk6,13100907808768,21384007,181992425619628
80.4049,disk6w,491520,70,201274851
80.4049,ram,592986112,64134807552,284365
80.4049,cpu,15826775,22682058,543107069
80.4049,gpu,0,0,0
80.6054,disk0,940261590269952,2120703805,12924819085434589
80.6054,disk0w,2190210064384,19803044,1286181197910
80.6054,disk4,7559018252288,15236794,89823318326719
80.6054,disk4w,2195456,171,27582691
80.6054,disk8,7429906524160,7506115,64620953119656
80.6054,disk8w,353136640,46197,2455621395
80.6054,disk6,13102153598976,21386490,182007435777895
80.6054,disk6w,491520,70,201274851
80.6054,ram,592986112,64134807552,284365
80.6054,cpu,15826775,22682059,543107084
80.6054,gpu,0,0,0
80.8054,disk0,940263631306752,2120712554,12924834394949907
80.8054,disk0w,2190210064384,19803044,1286181197910
80.8054,disk4,7559676282880,15238144,89830111500589
80.8054,disk4w,2195456,171,27582691
80.8054,disk8,7430433384448,7506655,64621845954100
80.8054,disk8w,353136640,46197,2455621395
80.8054,disk6,13103426684928,21388370,182019684381654
80.8054,disk6w,491520,70,201274851
80.8054,ram,592986112,64134807552,284365
80.8054,cpu,15826775,22682059,543107084
80.8054,gpu,0,0,0
81.0054,disk0,940265858596864,2120716623,12924845992558232
81.0054,disk0w,2190210064384,19803044,1286181197910
81.0054,disk4,7560570005504,15239977,89838813907809
81.0054,disk4w,2195456,171,27582691
81.0054,disk8,7431057942528,7507295,64622832448638
81.0054,disk8w,353136640,46197,2455621395
81.0054,disk6,13104642459648,21389808,182025853483927
81.0054,disk6w,491520,70,201274851
81.0054,ram,592986112,64134807552,284365
81.0054,cpu,15826775,22682059,543107084
81.0054,gpu,0,0,0
81.2054,disk0,940267824226304,2120720245,12924852665456388
81.2054,disk0w,2190210064384,19803044,1286181197910
81.2054,disk4,7561220442112,15241310,89842993838370
81.2054,disk4w,2195456,171,27582691
81.2054,disk8,7431629809664,7507881,64623649635764
81.2054,disk8w,353136640,46197,2455621395
81.2054,disk6,13106000807936,21391939,182042577869772
81.2054,disk6w,491520,70,201274851
81.2054,ram,592986112,64134807552,284365
81.2054,cpu,15826775,22682059,543107084
81.2054,gpu,0,0,0
81.4043,disk0,940269944045568,2120724785,12924862779983486
81.4043,disk0w,2190210064384,19803044,1286181197910
81.4043,disk4,7562040068096,15242968,89850790733813
81.4043,disk4w,2195456,171,27582691
81.4043,disk8,7432110712832,7508374,64624216731596
81.4043,disk8w,353136640,46197,2455621395
81.4043,disk6,13107247745024,21393941,182053453890137
81.4043,disk6w,491520,70,201274851
81.4043,ram,631242752,65626193920,284365
81.4043,cpu,15826818,22682187,543108660
81.4043,gpu,0,0,0
81.6022,disk0,940272085979136,2120729638,12924876298257344
81.6022,disk0w,2190210064384,19803044,1286181197910
81.6022,disk4,7562693134336,15244237,89854466929648
81.6022,disk4w,2195456,171,27582691
81.6022,disk8,7432558585856,7508833,64624785247932
81.6022,disk8w,353136640,46197,2455621395
81.6022,disk6,13108502054912,21396214,182068042298112
81.6022,disk6w,491520,70,201274851
81.6022,ram,631242752,65626193920,284365
81.6022,cpu,15826818,22682187,543108660
81.6022,gpu,0,0,0
81.8043,disk0,940273942171648,2120733985,12924883156231840
81.8043,disk0w,2190210064384,19803044,1286181197910
81.8043,disk4,7563495573504,15245824,89859114484566
81.8043,disk4w,2195456,171,27582691
81.8043,disk8,7433150113792,7509439,64625665425594
81.8043,disk8w,353136640,46197,2455621395
81.8043,disk6,13109906638848,21398660,182086712493378
81.8043,disk6w,491520,70,201274851
81.8043,ram,631242752,65626193920,284365
81.8043,cpu,15826818,22682187,543108660
81.8043,gpu,0,0,0
82.0054,disk0,940275714674688,2120739377,12924892538344387
82.0054,disk0w,2190210064384,19803044,1286181197910
82.0054,disk4,7564243789824,15247302,89864241817325
82.0054,disk4w,2195456,171,27582691
82.0054,disk8,7433709004800,7510012,64626474279619
82.0054,disk8w,353136640,46197,2455621395
82.0054,disk6,13111313631232,21401216,182105134249134
82.0054,disk6w,491520,70,201274851
82.0054,ram,631242752,65626193920,284365
82.0054,cpu,15826818,22682187,543108660
82.0054,gpu,0,0,0
82.2054,disk0,940277342527488,2120742575,12924899910152544
82.2054,disk0w,2190210064384,19803044,1286181197910
82.2054,disk4,7564922914816,15248684,89874532711197
82.2054,disk4w,2195456,171,27582691
82.2054,disk8,7434183174144,7510498,64627367009584
82.2054,disk8w,353136640,46197,2455621395
82.2054,disk6,13112352933888,21402916,182114970892355
82.2054,disk6w,491520,70,201274851
82.2054,ram,631242752,65626193920,284365
82.2054,cpu,15826818,22682187,543108660
82.2054,gpu,0,0,0
82.4054,disk0,940279433453568,2120748187,12924910992027991
82.4054,disk0w,2190210080768,19803046,1286181241576
82.4054,disk4,7565616179200,15250106,89878673653705
82.4054,disk4w,2195456,171,27582691
82.4054,disk8,7434710083584,7511038,64627981865320
82.4054,disk8w,353136640,46197,2455621395
82.4054,disk6,13113724848128,21404680,182126973905884
82.4054,disk6w,491520,70,201274851
82.4054,ram,641515520,65533198336,284365
82.4054,cpu,15826876,22682315,543110269
82.4054,gpu,0,0,0
82.6020,disk0,940281910009856,2120752702,12924924339559225
82.6020,disk0w,2190210080768,19803046,1286181241576
82.6020,disk4,7566376052736,15251664,89884204244097
82.6020,disk4w,2195456,171,27582691
82.6020,disk8,7435357448192,7511701,64628841476010
82.6020,disk8w,353136640,46197,2455621395
82.6020,disk6,13114997753856,21406496,182135408150188
82.6020,disk6w,491520,70,201274851
82.6020,ram,641515520,65533198336,284365
82.6020,cpu,15826876,22682315,543110269
82.6020,gpu,0,0,0
82.8054,disk0,940283944296448,2120756919,12924933642072732
82.8054,disk0w,2190210080768,19803046,1286181241576
82.8054,disk4,7566963116032,15252867,89887069100361
82.8054,disk4w,2195456,171,27582691
82.8054,disk8,7435921975296,7512280,64629541239190
82.8054,disk8w,353136640,46197,2455621395
82.8054,disk6,13116430108672,21408765,182152354730485
82.8054,disk6w,491520,70,201274851
82.8054,ram,641515520,65533198336,284365
82.8054,cpu,15826876,22682315,543110269
82.8054,gpu,0,0,0
83.0054,disk0,940286030946304,2120761533,12924947304431099
83.0054,disk0w,2190210080768,19803046,1286181241576
83.0054,disk4,7567537473536,15253989,89889387846867
83.0054,disk4w,2195456,171,27582691
83.0054,disk8,7436361066496,7512730,64630012098330
83.0054,disk8w,353136640,46197,2455621395
83.0054,disk6,13117705848832,21410901,182166972793901
83.0054,disk6w,491520,70,201274851
83.0054,ram,641515520,65533198336,284365
83.0054,cpu,15826876,22682315,543110269
83.0054,gpu,0,0,0
83.2054,disk0,940287987654656,2120765716,12924956578048419
83.2054,disk0w,2190210080768,19803046,1286181241576
83.2054,disk4,7568116533248,15255131,89893236115851
83.2054,disk4w,2195456,171,27582691
83.2054,disk8,7436885485568,7513267,64630592760317
83.2054,disk8w,353136640,46197,2455621395
83.2054,disk6,13119035705344,21413320,182186081392211
83.2054,disk6w,491520,70,201274851
83.2054,ram,641515520,65533198336,284365
83.2054,cpu,15826876,22682315,543110269
83.2054,gpu,0,0,0
83.4054,disk0,940289977131008,2120773509,12924972349193849
83.4054,disk0w,2190210080768,19803046,1286181241576
83.4054,disk4,7568852092928,15256578,89898087851704
83.4054,disk4w,2195456,171,27582691
83.4054,disk8,7437344630784,7513738,64631131416163
83.4054,disk8w,353136640,46197,2455621395
83.4054,disk6,13120302712832,21415555,182200220353487
83.4054,disk6w,491520,70,201274851
83.4054,ram,647921664,64085688320,284365
83.4054,cpu,15826924,22682441,543111880
83.4054,gpu,0,0,0
83.6054,disk0,940291891011584,2120776974,12924980686784640
83.6054,disk0w,2190210080768,19803046,1286181241576
83.6054,disk4,7569572956160,15258008,89902729829906
83.6054,disk4w,2195456,171,27582691
83.6054,disk8,7437897885696,7514305,64631781133182
83.6054,disk8w,353136640,46197,2455621395
83.6054,disk6,13121627310080,21418032,182216539382365
83.6054,disk6w,491520,70,201274851
83.6054,ram,647921664,64085688320,284365
83.6054,cpu,15826924,22682446,543111944
83.6054,gpu,0,0,0
83.8044,disk0,940293374525440,2120784927,12924991186052580
83.8044,disk0w,2190210080768,19803046,1286181241576
83.8044,disk4,7570257299456,15259410,89909460321037
83.8044,disk4w,2195456,171,27582691
83.8044,disk8,7438432069632,7514852,64632937493963
83.8044,disk8w,353136640,46197,2455621395
83.8044,disk6,13122803189760,21419750,182227890248551
83.8044,disk6w,491520,70,201274851
83.8044,ram,647921664,64085688320,284365
83.8044,cpu,15826924,22682446,543111944
83.8044,gpu,0,0,0
84.0054,disk0,940295776026624,2120789393,12925003799728249
84.0054,disk0w,2190210080768,19803046,1286181241576
84.0054,disk4,7571029010432,15260990,89914039051586
84.0054,disk4w,2195456,171,27582691
84.0054,disk8,7438942857216,7515376,64633699752868
84.0054,disk8w,353136640,46197,2455621395
84.0054,disk6,13124122806272,21421256,182236278758509
84.0054,disk6w,491520,70,201274851
84.0054,ram,647921664,64085688320,284365
84.0054,cpu,15826924,22682446,543111944
84.0054,gpu,0,0,0
84.2054,disk0,940297707278336,2120792629,12925011072773800
84.2054,disk0w,2190210080768,19803046,1286181241576
84.2054,disk4,7571825838080,15262623,89920479952490
84.2054,disk4w,2195456,171,27582691
84.2054,disk8,7439463081984,7515909,64634292739310
84.2054,disk8w,353136640,46197,2455621395
84.2054,disk6,13125519296512,21423166,182248712079585
84.2054,disk6w,491520,70,201274851
84.2054,ram,647921664,64085688320,284365
84.2054,cpu,15826924,22682446,543111944
84.2054,gpu,0,0,0
84.4054,disk0,940299703963648,2120796887,12925020696905719
84.4054,disk0w,2190210080768,19803046,1286181241576
84.4054,disk4,7572538460160,15264080,89925496375245
84.4054,disk4w,2195456,171,27582691
84.4054,disk8,7439940446208,7516398,64634851310648
84.4054,disk8w,353136640,46197,2455621395
84.4054,disk6,13126872385536,21425230,182262785468046
84.4054,disk6w,491520,70,201274851
84.4054,ram,656998400,65738489856,284365
84.4054,cpu,15826975,22682568,543113486
84.4054,gpu,0,0,0
84.6054,disk0,940302037700608,2120802347,12925036499308300
84.6054,disk0w,2190210080768,19803046,1286181241576
84.6054,disk4,7573320370176,15265597,89929886597882
84.6054,disk4w,2195456,171,27582691
84.6054,disk8,7440411518976,7516881,64635365418162
84.6054,disk8w,353136640,46197,2455621395
84.6054,disk6,13128211924992,21427649,182275770430446
84.6054,disk6w,491520,70,201274851
84.6054,ram,656998400,65738489856,284365
84.6054,cpu,15826976,22682571,543113532
84.6054,gpu,0,0,0
84.8054,disk0,940303820656640,2120806540,12925044299195720
84.8054,disk0w,2190210080768,19803046,1286181241576
84.8054,disk4,7574210168832,15267364,89937411110367
84.8054,disk4w,2195456,171,27582691
84.8054,disk8,7440909985792,7517392,64635897815445
84.8054,disk8w,353136640,46197,2455621395
84.8054,disk6,13129588901888,21430026,182291213845050
84.8054,disk6w,491520,70,201274851
84.8054,ram,656998400,65738489856,284365
84.8054,cpu,15826976,22682571,543113532
84.8054,gpu,0,0,0
85.0044,disk0,940305482903552,2120812673,12925055929259654
85.0044,disk0w,2190210080768,19803046,1286181241576
85.0044,disk4,7574895560704,15268721,89941143139210
85.0044,disk4w,2195456,171,27582691
85.0044,disk8,7441515931648,7518013,64636807577192
85.0044,disk8w,353136640,46197,2455621395
85.0044,disk6,13130925611008,21432400,182309344780848
85.0044,disk6w,491520,70,201274851
85.0044,ram,656998400,65738489856,284365
85.0044,cpu,15826976,22682571,543113532
85.0044,gpu,0,0,0
85.2054,disk0,940307155402752,2120815823,12925064726520814
85.2054,disk0w,2190210080768,19803046,1286181241576
85.2054,disk4,7575595878400,15270133,89949368969079
85.2054,disk4w,2195456,171,27582691
85.2054,disk8,7441986529280,7518495,64638161534986
85.2054,disk8w,353136640,46197,2455621395
85.2054,disk6,13132046997504,21434374,182319102189282
85.2054,disk6w,491520,70,201274851
85.2054,ram,656998400,65738489856,284365
85.2054,cpu,15826976,22682571,543113532
85.2054,gpu,0,0,0
85.4044,disk0,940308962557952,2120822423,12925076579498068
85.4044,disk0w,2190210080768,19803046,1286181241576
85.4044,disk4,7576202029056,15271377,89952567802959
85.4044,disk4w,2195456,171,27582691
85.4044,disk8,7442437941248,7518958,64638746331212
85.4044,disk8w,353136640,46197,2455621395
85.4044,disk6,13133394991104,21436515,182335373990494
85.4044,disk6w,491520,70,201274851
85.4044,ram,654475264,65561706496,284365
85.4044,cpu,15827031,22682719,543115051
85.4044,gpu,0,0,0
85.6054,disk0,940311024156672,2120825723,12925084809842377
85.6054,disk0w,2190210080768,19803046,1286181241576
85.6054,disk4,7576872634368,15272752,89957118171973
85.6054,disk4w,2195456,171,27582691
85.6054,disk8,7442929723392,7519462,64639352830709
85.6054,disk8w,353136640,46197,2455621395
85.6054,disk6,13134694684672,21438140,182347441926005
85.6054,disk6w,491520,70,201274851
85.6054,ram,654475264,65561706496,284365
85.6054,cpu,15827034,22682729,543115147
85.6054,gpu,0,0,0
85.8054,disk0,940312928894976,2120829622,12925093958865669
85.8054,disk0w,2190210605056,19803053,1286181430907
85.8054,disk4,7577567856640,15274177,89960479124993
85.8054,disk4w,2195456,171,27582691
85.8054,disk8,7443439069184,7519984,64639985343073
85.8054,disk8w,353136640,46197,2455621395
85.8054,disk6,13136080541696,21440258,182363429011175
85.8054,disk6w,491520,70,201274851
85.8054,ram,654475264,65561706496,284365
85.8054,cpu,15827034,22682729,543115147
85.8054,gpu,0,0,0
86.0005,disk0,940314965475328,2120834018,12925104118559251
86.0005,disk0w,2190210605056,19803053,1286181430907
86.0005,disk4,7578163415040,15275370,89963211853917
86.0005,disk4w,2195456,171,27582691
86.0005,disk8,7443983542272,7520542,64640689534460
86.0005,disk8w,353136640,46197,2455621395
86.0005,disk6,13137425917952,21442371,182379338911555
86.0005,disk6w,491520,70,201274851
86.0005,ram,654475264,65561706496,284365
86.0005,cpu,15827034,22682729,543115147
86.0005,gpu,0,0,0
86.2054,disk0,940316921647104,2120838519,12925115665267768
86.2054,disk0w,2190210605056,19803053,1286181430907
86.2054,disk4,7579004635136,15277015,89968311725987
86.2054,disk4w,2195456,171,27582691
86.2054,disk8,7444529063936,7521101,64641291249991
86.2054,disk8w,353136640,46197,2455621395
86.2054,disk6,13138782631936,21444759,182394798054345
86.2054,disk6w,491520,70,201274851
86.2054,ram,654475264,65561706496,284365
86.2054,cpu,15827034,22682729,543115147
86.2054,gpu,0,0,0
86.4054,disk0,940318679687168,2120843045,12925125338545638
86.4054,disk0w,2190210621440,19803054,1286181460407
86.4054,disk4,7579840464896,15278664,89974819260644
86.4054,disk4w,2195456,171,27582691
86.4054,disk8,7444942858240,7521525,64641753993931
86.4054,disk8w,353136640,46197,2455621395
86.4054,disk6,13140107282432,21447091,182410771226399
86.4054,disk6w,491520,70,201274851
86.4054,ram,682950656,64232603648,284365
86.4054,cpu,15827093,22682848,543116641
86.4054,gpu,0,0,0
86.6054,disk0,940320796823552,2120852955,12925143236410600
86.6054,disk0w,2190210621440,19803054,1286181460407
86.6054,disk4,7580609464320,15280194,89978666106683
86.6054,disk4w,2195456,171,27582691
86.6054,disk8,7445590616064,7522189,64642650047793
86.6054,disk8w,353136640,46197,2455621395
86.6054,disk6,13141355808768,21449461,182423065366522
86.6054,disk6w,491520,70,201274851
86.6054,ram,685588480,64232603648,284365
86.6054,cpu,15827096,22682864,543116747
86.6054,gpu,0,0,0
86.8054,disk0,940322347757568,2120855764,12925149554831417
86.8054,disk0w,2190210621440,19803054,1286181460407
86.8054,disk4,7581224372224,15281451,89983750209637
86.8054,disk4w,2195456,171,27582691
86.8054,disk8,7446005032960,7522613,64643141442860
86.8054,disk8w,353136640,46197,2455621395
86.8054,disk6,13142538668032,21451442,182441524248213
86.8054,disk6w,491520,70,201274851
86.8054,ram,685588480,64232603648,284365
86.8054,cpu,15827096,22682864,543116747
86.8054,gpu,0,0,0
87.0054,disk0,940324427329536,2120859423,12925160145301997
87.0054,disk0w,2190210621440,19803054,1286181460407
87.0054,disk4,7581768337408,15282566,89986386111809
87.0054,disk4w,2195456,171,27582691
87.0054,disk8,7446498256896,7523119,64643726192486
87.0054,disk8w,353136640,46197,2455621395
87.0054,disk6,13143889922048,21453057,182453470482118
87.0054,disk6w,491520,70,201274851
87.0054,ram,685588480,64232603648,284365
87.0054,cpu,15827096,22682864,543116747
87.0054,gpu,0,0,0
87.2054,disk0,940326481526784,2120862943,12925170380795264
87.2054,disk0w,2190210621440,19803054,1286181460407
87.2054,disk4,7582435133440,15283932,89989551180598
87.2054,disk4w,2195456,171,27582691
87.2054,disk8,7447083493376,7523719,64644421944325
87.2054,disk8w,353136640,46197,2455621395
87.2054,disk6,13145235179520,21454945,182467243409567
87.2054,disk6w,491520,70,201274851
87.2054,ram,685588480,64232603648,284365
87.2054,cpu,15827096,22682864,543116747
87.2054,gpu,0,0,0
87.4035,disk0,940328414707712,2120866704,12925178478065295
87.4035,disk0w,2190210621440,19803054,1286181460407
87.4035,disk4,7582959601664,15285007,89991888463107
87.4035,disk4w,2195456,171,27582691
87.4035,disk8,7447552075776,7524199,64644994476417
87.4035,disk8w,353136640,46197,2455621395
87.4035,disk6,13146613401600,21457121,182484923392924
87.4035,disk6w,491520,70,201274851
87.4035,ram,685457408,65655963648,284365
87.4035,cpu,15827141,22682968,543118255
87.4035,gpu,0,0,0
87.6044,disk0,940330359083008,2120871070,12925189764574925
87.6044,disk0w,2190210621440,19803054,1286181460407
87.6044,disk4,7583536039936,15286138,89994631436296
87.6044,disk4w,2195456,171,27582691
87.6044,disk8,7448049494016,7524709,64645570692089
87.6044,disk8w,353136640,46197,2455621395
87.6044,disk6,13147930281984,21459285,182500792021390
87.6044,disk6w,491520,70,201274851
87.6044,ram,682934272,65655881728,284365
87.6044,cpu,15827145,22682976,543118334
87.6044,gpu,0,0,0
87.8054,disk0,940332297822208,2120875270,12925199800550910
87.8054,disk0w,2190210621440,19803054,1286181460407
87.8054,disk4,7584312690688,15287664,89998848606318
87.8054,disk4w,2195456,171,27582691
87.8054,disk8,7448585185280,7525258,64646223033496
87.8054,disk8w,353136640,46197,2455621395
87.8054,disk6,13149279291392,21461684,182518786403496
87.8054,disk6w,491520,70,201274851
87.8054,ram,682934272,65655881728,284365
87.8054,cpu,15827145,22682976,543118334
87.8054,gpu,0,0,0
88.0054,disk0,940334516125696,2120883585,12925218577432916
88.0054,disk0w,2190210621440,19803054,1286181460407
88.0054,disk4,7585088440320,15289192,90004223296317
88.0054,disk4w,2195456,171,27582691
88.0054,disk8,7449147222016,7525834,64646889318594
88.0054,disk8w,353136640,46197,2455621395
88.0054,disk6,13150548871168,21463989,182530877548836
88.0054,disk6w,491520,70,201274851
88.0054,ram,682934272,65655881728,284365
88.0054,cpu,15827145,22682976,543118334
88.0054,gpu,0,0,0
88.2054,disk0,940336291897344,2120890538,12925230556848572
88.2054,disk0w,2190210621440,19803054,1286181460407
88.2054,disk4,7585716471808,15290434,90006925849686
88.2054,disk4w,2195456,171,27582691
88.2054,disk8,7449682913280,7526383,64647630099364
88.2054,disk8w,353136640,46197,2455621395
88.2054,disk6,13151793448960,21466389,182547784779475
88.2054,disk6w,491520,70,201274851
88.2054,ram,682934272,65655881728,284365
88.2054,cpu,15827145,22682976,543118334
88.2054,gpu,0,0,0
88.4054,disk0,940337973669888,2120893926,12925240609127291
88.4054,disk0w,2190210621440,19803054,1286181460407
88.4054,disk4,7586277984256,15291585,90009991630624
88.4054,disk4w,2195456,171,27582691
88.4054,disk8,7450200991744,7526914,64648642235945
88.4054,disk8w,353136640,46197,2455621395
88.4054,disk6,13152924141568,21468192,182561873219757
88.4054,disk6w,491520,70,201274851
88.4054,ram,684490752,65501970432,284365
88.4054,cpu,15827193,22683099,543119857
88.4054,gpu,0,0,0
88.6044,disk0,940340332769280,2120898151,12925254730135358
88.6044,disk0w,2190210621440,19803054,1286181460407
88.6044,disk4,7586839496704,15292737,90012705302088
88.6044,disk4w,2195456,171,27582691
88.6044,disk8,7450792519680,7527520,64649344966580
88.6044,disk8w,353136640,46197,2455621395
88.6044,disk6,13154148517888,21469702,182571203478797
88.6044,disk6w,491520,70,201274851
88.6044,ram,684834816,65599504384,284365
88.6044,cpu,15827195,22683102,543119935
88.6044,gpu,0,0,0
88.8054,disk0,940342359912448,2120901824,12925261906675269
88.8054,disk0w,2190210621440,19803054,1286181460407
88.8054,disk4,7587469248512,15294027,90016176442705
88.8054,disk4w,2195456,171,27582691
88.8054,disk8,7451377756160,7528120,64650188286293
88.8054,disk8w,353136640,46197,2455621395
88.8054,disk6,13155569059840,21471720,182587051028205
88.8054,disk6w,491520,70,201274851
88.8054,ram,684834816,65599504384,284365
88.8054,cpu,15827195,22683102,543119935
88.8054,gpu,0,0,0
89.0054,disk0,940344611565568,2120906202,12925273969163621
89.0054,disk0w,2190210985984,19803074,1286181788608
89.0054,disk4,7588085368832,15295290,90019906848962
89.0054,disk4w,2195456,171,27582691
89.0054,disk8,7451913447424,7528669,64650897550863
89.0054,disk8w,353136640,46197,2455621395
89.0054,disk6,13156861478912,21473858,182600401488483
89.0054,disk6w,491520,70,201274851
89.0054,ram,684834816,65599504384,284365
89.0054,cpu,15827195,22683102,543119935
89.0054,gpu,0,0,0
89.2054,disk0,940346579644416,2120910518,12925285619184088
89.2054,disk0w,2190210985984,19803074,1286181788608
89.2054,disk4,7588678977536,15296446,90022329448122
89.2054,disk4w,2195456,171,27582691
89.2054,disk8,7452370102272,7529137,64651414371700
89.2054,disk8w,353136640,46197,2455621395
89.2054,disk6,13158234511360,21476153,182617186402917
89.2054,disk6w,491520,70,201274851
89.2054,ram,684834816,65599504384,284365
89.2054,cpu,15827195,22683102,543119935
89.2054,gpu,0,0,0
89.4054,disk0,940348708122624,2120914990,12925297265113130
89.4054,disk0w,2190210985984,19803074,1286181788608
89.4054,disk4,7589300324352,15297669,90026001342246
89.4054,disk4w,2195456,171,27582691
89.4054,disk8,7452984829952,7529767,64652148931655
89.4054,disk8w,353136640,46197,2455621395
89.4054,disk6,13159480858624,21478563,182635234909682
89.4054,disk6w,491520,70,201274851
89.4054,ram,679051264,64476872704,284365
89.4054,cpu,15827244,22683222,543121463
89.4054,gpu,0,0,0
89.6049,disk0,940350930771968,2120926829,12925316033433462
89.6049,disk0w,2190210985984,19803074,1286181788608
89.6049,disk4,7590033115136,15299114,90029860946230
89.6049,disk4w,2195456,171,27582691
89.6049,disk8,7453608339456,7530406,64652932883271
89.6049,disk8w,353136640,46197,2455621395
89.6049,disk6,13160789547008,21480809,182648845371765
89.6049,disk6w,491520,70,201274851
89.6049,ram,679821312,64476872704,284365
89.6049,cpu,15827244,22683226,543121511
89.6049,gpu,0,0,0
89.8054,disk0,940352605282304,2120929752,12925326016078324
89.8054,disk0w,2190210985984,19803074,1286181788608
89.8054,disk4,7590578653184,15300202,90033327342506
89.8054,disk4w,2195456,171,27582691
89.8054,disk8,7454117668864,7530928,64653697187054
89.8054,disk8w,353136640,46197,2455621395
89.8054,disk6,13161998440448,21482988,182664435305252
89.8054,disk6w,491520,70,201274851
89.8054,ram,679821312,64476872704,284365
89.8054,cpu,15827244,22683226,543121511
89.8054,gpu,0,0,0
90.0006,disk0,940354788163584,2120935596,12925342203126329
90.0006,disk0w,2190210985984,19803074,1286181788608
90.0006,disk4,7591173687296,15301422,90037408212694
90.0006,disk4w,2195456,171,27582691
90.0006,disk8,7454644578304,7531468,64654591559201
90.0006,disk8w,353136640,46197,2455621395
90.0006,disk6,13163140831232,21484771,182675536058365
90.0006,disk6w,491520,70,201274851
90.0006,ram,679821312,64476872704,284365
90.0006,cpu,15827244,22683226,543121511
90.0006,gpu,29,6,0
90.2054,disk0,940356974116864,2120939454,12925351217864591
90.2054,disk0w,2190210985984,19803074,1286181788608
90.2054,disk4,7591899277312,15302910,90041443810998
90.2054,disk4w,2195456,171,27582691
90.2054,disk8,7455127578624,7531963,64655147534877
90.2054,disk8w,353136640,46197,2455621395
90.2054,disk6,13164564387840,21486422,182687401396979
90.2054,disk6w,491520,70,201274851
90.2054,ram,679821312,64476872704,284365
90.2054,cpu,15827244,22683226,543121511
90.2054,gpu,0,0,0
90.4054,disk0,940358755987456,2120943017,12925359108632155
90.4054,disk0w,2190210985984,19803074,1286181788608
90.4054,disk4,7592823130112,15304805,90049707339799
90.4054,disk4w,2195456,171,27582691
90.4054,disk8,7455628142592,7532476,64655728396369
90.4054,disk8w,353136640,46197,2455621395
90.4054,disk6,13165912807424,21488387,182699021511604
90.4054,disk6w,491520,70,201274851
90.4054,ram,677888000,65629913088,284365
90.4054,cpu,15827295,22683367,543123042
90.4054,gpu,0,0,0
90.6054,disk0,940360602529792,2120947078,12925367381214112
90.6054,disk0w,2190210985984,19803074,1286181788608
90.6054,disk4,7593457453056,15306097,90054012932280
90.6054,disk4w,2195456,171,27582691
90.6054,disk8,7456049670144,7532908,64656178208181
90.6054,disk8w,353136640,46197,2455621395
90.6054,disk6,13167282100224,21490382,182714987066581
90.6054,disk6w,491520,70,201274851
90.6054,ram,680148992,65629913088,284365
90.6054,cpu,15827300,22683380,543123133
90.6054,gpu,0,0,0
90.8054,disk0,940362651037696,2120951894,12925381757388262
90.8054,disk0w,2190210985984,19803074,1286181788608
90.8054,disk4,7594155296768,15307453,90058267786751
90.8054,disk4w,2195456,171,27582691
90.8054,disk8,7456553379840,7533424,64656724160425
90.8054,disk8w,353136640,46197,2455621395
90.8054,disk6,13168537901056,21492620,182729210853467
90.8054,disk6w,491520,70,201274851
90.8054,ram,680148992,65629913088,284365
90.8054,cpu,15827300,22683380,543123133
90.8054,gpu,0,0,0
91.0044,disk0,940364800307200,2120956870,12925394776391323
91.0044,disk0w,2190210985984,19803074,1286181788608
91.0044,disk4,7594963896320,15309049,90063567901667
91.0044,disk4w,2195456,171,27582691
91.0044,disk8,7457068361728,7533952,64657330610286
91.0044,disk8w,353136640,46197,2455621395
91.0044,disk6,13169814362112,21494781,182742097931820
91.0044,disk6w,491520,70,201274851
91.0044,ram,680148992,65629913088,284365
91.0044,cpu,15827300,22683380,543123133
91.0044,gpu,0,0,0
91.2054,disk0,940366612688896,2120968842,12925411276875763
91.2054,disk0w,2190210985984,19803074,1286181788608
91.2054,disk4,7595518216192,15310143,90066407214070
91.2054,disk4w,2195456,171,27582691
91.2054,disk8,7457568925696,7534465,64657928173871
91.2054,disk8w,353136640,46197,2455621395
91.2054,disk6,13171120297984,21497250,182758601563178
91.2054,disk6w,491520,70,201274851
91.2054,ram,680148992,65629913088,284365
91.2054,cpu,15827300,22683380,543123133
91.2054,gpu,0,0,0
91.4044,disk0,940368173125632,2120971890,12925418260823034
91.4044,disk0w,2190210985984,19803074,1286181788608
91.4044,disk4,7596122015744,15311365,90071103916711
91.4044,disk4w,2195456,171,27582691
91.4044,disk8,7458087020544,7534996,64658600554526
91.4044,disk8w,353136640,46197,2455621395
91.4044,disk6,13172335597568,21499176,182774091217875
91.4044,disk6w,491520,70,201274851
91.4044,ram,680148992,65629913088,284365
91.4044,cpu,15827300,22683380,543123133
91.4044,gpu,0,0,0
91.6054,disk0,940370284204032,2120976410,12925429129865402
91.6054,disk0w,2190210985984,19803074,1286181788608
91.6054,disk4,7596665980928,15312480,90073895311341
91.6054,disk4w,2195456,171,27582691
91.6054,disk8,7458675402752,7535599,64659365265785
91.6054,disk8w,353136640,46197,2455621395
91.6054,disk6,13173646022656,21501003,182788217455225
91.6054,disk6w,491520,70,201274851
91.6054,ram,681738240,65539342336,284365
91.6054,cpu,15827356,22683518,543124739
91.6054,gpu,0,0,0
91.8054,disk0,940372204396544,2120979631,12925437564732438
91.8054,disk0w,2190211002368,19803075,1286181820524
91.8054,disk4,7597442410496,15314072,90081784800277
91.8054,disk4w,2195456,171,27582691
91.8054,disk8,7459132057600,7536067,64659870386660
91.8054,disk8w,353136640,46197,2455621395
91.8054,disk6,13174942799872,21502830,182799546141545
91.8054,disk6w,491520,70,201274851
91.8054,ram,681738240,65539342336,284365
91.8054,cpu,15827356,22683518,543124739
91.8054,gpu,0,0,0
92.0054,disk0,940373886382080,2120983195,12925442899543750
92.0054,disk0w,2190211002368,19803075,1286181820524
92.0054,disk4,7598341752832,15315914,90088588906674
92.0054,disk4w,2195456,171,27582691
92.0054,disk8,7459658573824,7536606,64660501932352
92.0054,disk8w,353136640,46197,2455621395
92.0054,disk6,13176343992320,21504820,182813446934173
92.0054,disk6w,491520,70,201274851
92.0054,ram,681738240,65539342336,284365
92.0054,cpu,15827356,22683518,543124739
92.0054,gpu,0,0,0
92.2054,disk0,940375853740032,2120987621,12925452563685199
92.2054,disk0w,2190211002368,19803075,1286181820524
92.2054,disk4,7599026096128,15317271,90092485426677
92.2054,disk4w,2195456,171,27582691
92.2054,disk8,7460221003776,7537183,64661254029943
92.2054,disk8w,353136640,46197,2455621395
92.2054,disk6,13177737418752,21507177,182830262753573
92.2054,disk6w,491520,70,201274851
92.2054,ram,681738240,65539342336,284365
92.2054,cpu,15827356,22683518,543124739
92.2054,gpu,0,0,0
92.4054,disk0,940377733672960,2120991776,12925461340786918
92.4054,disk0w,2190211002368,19803075,1286181820524
92.4054,disk4,7599622703104,15318441,90096026087791
92.4054,disk4w,2195456,171,27582691
92.4054,disk8,7460711737344,7537686,64661800593939
92.4054,disk8w,353136640,46197,2455621395
92.4054,disk6,13179129403392,21509694,182849952325698
92.4054,disk6w,491520,70,201274851
92.4054,ram,681738240,65539342336,284365
92.4054,cpu,15827356,22683518,543124739
92.4054,gpu,0,0,0
92.6054,disk0,940379724861440,2121000846,12925477152184159
92.6054,disk0w,2190211002368,19803075,1286181820524
92.6054,disk4,7600307046400,15319791,90100062178801
92.6054,disk4w,2195456,171,27582691
92.6054,disk8,7461310998528,7538300,64662742953196
92.6054,disk8w,353136640,46197,2455621395
92.6054,disk6,13180485883904,21512170,182866120730780
92.6054,disk6w,491520,70,201274851
92.6054,ram,679067648,65676607488,284365
92.6054,cpu,15827408,22683639,543126365
92.6054,gpu,0,0,0
92.8024,disk0,940381652434944,2121006108,12925488274604149
92.8024,disk0w,2190211002368,19803075,1286181820524
92.8024,disk4,7600940320768,15321048,90103445177292
92.8024,disk4w,2195456,171,27582691
92.8024,disk8,7461691762688,7538690,64663139294937
92.8024,disk8w,353136640,46197,2455621395
92.8024,disk6,13181599455232,21514374,182878520223152
92.8024,disk6w,491520,70,201274851
92.8024,ram,679067648,65676607488,284365
92.8024,cpu,15827408,22683639,543126365
92.8024,gpu,0,0,0
93.0044,disk0,940383512293376,2121010871,12925499151908888
93.0044,disk0w,2190211002368,19803075,1286181820524
93.0044,disk4,7601520429056,15322237,90107374082386
93.0044,disk4w,2195456,171,27582691
93.0044,disk8,7462261450752,7539274,64664850352990
93.0044,disk8w,353136640,46197,2455621395
93.0044,disk6,13182877849600,21516368,182895093997651
93.0044,disk6w,491520,70,201274851
93.0044,ram,679067648,65676607488,284365
93.0044,cpu,15827408,22683639,543126365
93.0044,gpu,0,0,0
93.2014,disk0,940385710030848,2121014695,12925509136846224
93.2014,disk0w,2190211002368,19803075,1286181820524
93.2014,disk4,7602157897728,15323543,90112260287825
93.2014,disk4w,2195456,171,27582691
93.2014,disk8,7462785214464,7539811,64665550622175
93.2014,disk8w,353136640,46197,2455621395
93.2014,disk6,13184178395136,21517900,182904764022120
93.2014,disk6w,491520,70,201274851
93.2014,ram,679067648,65676607488,284365
93.2014,cpu,15827408,22683639,543126365
93.2014,gpu,0,0,0
93.4017,disk0,940387538964480,2121018206,12925516916297722
93.4017,disk0w,2190211002368,19803075,1286181820524
93.4017,disk4,7602927347712,15325120,90116370639502
93.4017,disk4w,2195456,171,27582691
93.4017,disk8,7463303342080,7540342,64666098899247
93.4017,disk8w,353136640,46197,2455621395
93.4017,disk6,13185554585600,21519861,182919736263089
93.4017,disk6w,491520,70,201274851
93.4017,ram,679067648,65676607488,284365
93.4017,cpu,15827408,22683639,543126365
93.4017,gpu,0,0,0
93.6054,disk0,940389606592512,2121022320,12925527064294596
93.6054,disk0w,2190211002368,19803075,1286181820524
93.6054,disk4,7603641026560,15326578,90121003432797
93.6054,disk4w,2195456,171,27582691
93.6054,disk8,7463818979328,7540870,64666722680292
93.6054,disk8w,353136640,46197,2455621395
93.6054,disk6,13186934265856,21521999,182933845871335
93.6054,disk6w,491520,70,201274851
93.6054,ram,686276608,65705017344,284365
93.6054,cpu,15827453,22683761,543127924
93.6054,gpu,0,0,0
93.8044,disk0,940391624642560,2121026877,12925538464565878
93.8044,disk0w,2190211002368,19803075,1286181820524
93.8044,disk4,7604216940544,15327694,90123922511164
93.8044,disk4w,2195456,171,27582691
93.8044,disk8,7464278124544,7541341,64667339164635
93.8044,disk8w,353136640,46197,2455621395
93.8044,disk6,13188290410496,21524511,182950631214826
93.8044,disk6w,491520,70,201274851
93.8044,ram,686276608,65705017344,284365
93.8044,cpu,15827453,22683761,543127924
93.8044,gpu,33,5,0
94.0008,disk0,940393513127936,2121031100,12925547715573778
94.0008,disk0w,2190211002368,19803075,1286181820524
94.0008,disk4,7604924033024,15329094,90127911525580
94.0008,disk4w,2195456,171,27582691
94.0008,disk8,7464919197696,7541998,64668429918796
94.0008,disk8w,353136640,46197,2455621395
94.0008,disk6,13189629331456,21526846,182966525637604
94.0008,disk6w,491520,70,201274851
94.0008,ram,686276608,65705017344,284365
94.0008,cpu,15827453,22683761,543127924
94.0008,gpu,30,6,0
94.2054,disk0,940395426963456,2121041131,12925561002951802
94.2054,disk0w,2190211002368,19803075,1286181820524
94.2054,disk4,7605448394752,15330123,90130950094854
94.2054,disk4w,2195456,171,27582691
94.2054,disk8,7465403246592,7542494,64669035368167
94.2054,disk8w,353136640,46197,2455621395
94.2054,disk6,13191064176640,21529432,182987229706448
94.2054,disk6w,491520,70,201274851
94.2054,ram,686276608,65705017344,284365
94.2054,cpu,15827453,22683761,543127924
94.2054,gpu,0,0,0
94.4055,disk0,940397302984704,2121044580,12925573049249866
94.4055,disk0w,2190211002368,19803075,1286181820524
94.4055,disk4,7606020786176,15331276,90134553155063
94.4055,disk4w,2195456,171,27582691
94.4055,disk8,7465878415360,7542981,64671039535671
94.4055,disk8w,353136640,46197,2455621395
94.4055,disk6,13192090159104,21531357,182998122003719
94.4055,disk6w,491520,70,201274851
94.4055,ram,686276608,65705017344,284365
94.4055,cpu,15827453,22683761,543127924
94.4055,gpu,0,0,0
94.6054,disk0,940399539990528,2121049024,12925585894992634
94.6054,disk0w,2190211002368,19803075,1286181820524
94.6054,disk4,7606723438592,15332718,90139588723776
94.6054,disk4w,2195456,171,27582691
94.6054,disk8,7466558810112,7543678,64671940203715
94.6054,disk8w,353136640,46197,2455621395
94.6054,disk6,13193372452864,21533134,183007888471577
94.6054,disk6w,491520,70,201274851
94.6054,ram,680640512,65399717888,284365
94.6054,cpu,15827504,22683887,543129530
94.6054,gpu,0,0,0
94.8054,disk0,940401542508544,2121052282,12925592036144174
94.8054,disk0w,2190211002368,19803075,1286181820524
94.8054,disk4,7607413688320,15334133,90144602421677
94.8054,disk4w,2195456,171,27582691
94.8054,disk8,7466956482560,7544086,64672363572457
94.8054,disk8w,353136640,46197,2455621395
94.8054,disk6,13194773563392,21535034,183022783738827
94.8054,disk6w,491520,70,201274851
94.8054,ram,680640512,65399717888,284365
94.8054,cpu,15827504,22683887,543129530
94.8054,gpu,0,0,0
95.0044,disk0,940403812741120,2121057041,12925602901477382
95.0044,disk0w,2190211002368,19803075,1286181820524
95.0044,disk4,7608255956992,15335859,90150365293225
95.0044,disk4w,2195456,171,27582691
95.0044,disk8,7467624949760,7544771,64673219858195
95.0044,disk8w,353136640,46197,2455621395
95.0044,disk6,13196123949056,21537180,183034364059729
95.0044,disk6w,491520,70,201274851
95.0044,ram,680640512,65399717888,284365
95.0044,cpu,15827504,22683887,543129530
95.0044,gpu,0,0,0
95.2008,disk0,940405951180800,2121061764,12925616598500398
95.2008,disk0w,2190211035136,19803083,1286182019646
95.2008,disk4,7608763926528,15336862,90152550532189
95.2008,disk4w,2195456,171,27582691
95.2008,disk8,7468019083264,7545175,64673673280563
95.2008,disk8w,353136640,46197,2455621395
95.2008,disk6,13197489707008,21539464,183050223881826
95.2008,disk6w,491520,70,201274851
95.2008,ram,680640512,65399717888,284365
95.2008,cpu,15827504,22683887,543129530
95.2008,gpu,0,0,0
95.4055,disk0,940407992528896,2121066147,12925629226259217
95.4055,disk0w,2190211035136,19803083,1286182019646
95.4055,disk4,7609314314240,15337943,90155160420030
95.4055,disk4w,2195456,171,27582691
95.4055,disk8,7468545992704,7545715,64674302129306
95.4055,disk8w,353136640,46197,2455621395
95.4055,disk6,13198880643072,21541917,183067084122053
95.4055,disk6w,491520,70,201274851
95.4055,ram,680640512,65399717888,284365
95.4055,cpu,15827504,22683887,543129530
95.4055,gpu,0,0,0
95.6009,disk0,940410110775296,2121075746,12925649561858899
95.6009,disk0w,2190211035136,19803083,1286182019646
95.6009,disk4,7610063325184,15339417,90159749511012
95.6009,disk4w,2195456,171,27582691
95.6009,disk8,7469207775232,7546393,64675170299082
95.6009,disk8w,353136640,46197,2455621395
95.6009,disk6,13200044890112,21543830,183078134510796
95.6009,disk6w,491520,70,201274851
95.6009,ram,680181760,64382697472,284365
95.6009,cpu,15827558,22684036,543131161
95.6009,gpu,0,0,0
95.8052,disk0,940412147503104,2121083663,12925664300176710
95.8052,disk0w,2190211035136,19803083,1286182019646
95.8052,disk4,7610595510272,15340475,90162052513119
95.8052,disk4w,2195456,171,27582691
95.8052,disk8,7469579757568,7546774,64675599797364
95.8052,disk8w,353136640,46197,2455621395
95.8052,disk6,13201108293632,21545861,183088835657972
95.8052,disk6w,491520,70,201274851
95.8052,ram,680181760,64382697472,284365
95.8052,cpu,15827558,22684036,543131161
95.8052,gpu,0,0,0
96.0055,disk0,940414539915264,2121090739,12925684674186146
96.0055,disk0w,2190211035136,19803083,1286182019646
96.0055,disk4,7611257735168,15341832,90166669951904
96.0055,disk4w,2195456,171,27582691
96.0055,disk8,7470117873664,7547326,64676964682052
96.0055,disk8w,353136640,46197,2455621395
96.0055,disk6,13202293626880,21547635,183097847058317
96.0055,disk6w,491520,70,201274851
96.0055,ram,680181760,64382697472,284365
96.0055,cpu,15827558,22684036,543131161
96.0055,gpu,0,0,0
96.2055,disk0,940416585719808,2121094405,12925694971531704
96.2055,disk0w,2190211035136,19803083,1286182019646
96.2055,disk4,7611914569728,15343180,90170435630241
96.2055,disk4w,2195456,171,27582691
96.2055,disk8,7470697474048,7547920,64677711909140
96.2055,disk8w,353136640,46197,2455621395
96.2055,disk6,13203688249344,21549347,183108758453964
96.2055,disk6w,491520,70,201274851
96.2055,ram,680181760,64382697472,284365
96.2055,cpu,15827558,22684036,543131161
96.2055,gpu,0,0,0
96.4055,disk0,940418681348096,2121098552,12925704349526609
96.4055,disk0w,2190211035136,19803083,1286182019646
96.4055,disk4,7612791932928,15344978,90177804891238
96.4055,disk4w,2195456,171,27582691
96.4055,disk8,7471245092864,7548481,64678400815323
96.4055,disk8w,353136640,46197,2455621395
96.4055,disk6,13205044746240,21551471,183121626888129
96.4055,disk6w,491520,70,201274851
96.4055,ram,680181760,64382697472,284365
96.4055,cpu,15827558,22684036,543131161
96.4055,gpu,0,0,0
96.6029,disk0,940420765114368,2121103004,12925715743272313
96.6029,disk0w,2190211035136,19803083,1286182019646
96.6029,disk4,7613441181696,15346285,90181613548044
96.6029,disk4w,2195456,171,27582691
96.6029,disk8,7471812765696,7549063,64679057571672
96.6029,disk8w,353136640,46197,2455621395
96.6029,disk6,13206402209792,21553602,183135876513712
96.6029,disk6w,491520,70,201274851
96.6029,ram,682835968,65689600000,284365
96.6029,cpu,15827625,22684191,543132694
96.6029,gpu,0,0,0
96.8055,disk0,940422700359680,2121107529,12925728116480516
96.8055,disk0w,2190211035136,19803083,1286182019646
96.8055,disk4,7613951100928,15347278,90183628950157
96.8055,disk4w,2195456,171,27582691
96.8055,disk8,7472216729600,7549477,64679559346705
96.8055,disk8w,353136640,46197,2455621395
96.8055,disk6,13207725811712,21555951,183154388636875
96.8055,disk6w,491520,70,201274851
96.8055,ram,682835968,65689600000,284365
96.8055,cpu,15827625,22684191,543132694
96.8055,gpu,0,0,0
97.0055,disk0,940424913133568,2121112761,12925743295917512
97.0055,disk0w,2190211035136,19803083,1286182019646
97.0055,disk4,7614671587328,15348700,90189825981351
97.0055,disk4w,2195456,171,27582691
97.0055,disk8,7472822675456,7550098,64680378552084
97.0055,disk8w,353136640,46197,2455621395
97.0055,disk6,13208899414016,21557905,183164823520083
97.0055,disk6w,491520,70,201274851
97.0055,ram,682835968,65689600000,284365
97.0055,cpu,15827625,22684191,543132694
97.0055,gpu,0,0,0
97.2055,disk0,940426990051328,2121124839,12925762529071589
97.2055,disk0w,2190211035136,19803083,1286182019646
97.2055,disk4,7615160821760,15349670,90192317572032
97.2055,disk4w,2195456,171,27582691
97.2055,disk8,7473419839488,7550710,64681160682428
97.2055,disk8w,353136640,46197,2455621395
97.2055,disk6,13210106734592,21560173,183178896048931
97.2055,disk6w,491520,70,201274851
97.2055,ram,682835968,65689600000,284365
97.2055,cpu,15827625,22684191,543132694
97.2055,gpu,0,0,0
97.4044,disk0,940428585476096,2121129337,12925769956872140
97.4044,disk0w,2190211035136,19803083,1286182019646
97.4044,disk4,7615827609600,15351030,90198087593831
97.4044,disk4w,2195456,171,27582691
97.4044,disk8,7473951877120,7551255,64683151018197
97.4044,disk8w,353136640,46197,2455621395
97.4044,disk6,13211280631808,21562066,183192650455854
97.4044,disk6w,491520,70,201274851
97.4044,ram,682835968,65689600000,284365
97.4044,cpu,15827625,22684191,543132694
97.4044,gpu,0,0,0
97.6015,disk0,940430510063616,2121132763,12925778934269760
97.6015,disk0w,2190211035136,19803083,1286182019646
97.6015,disk4,7616468092928,15352344,90202007290777
97.6015,disk4w,2195456,171,27582691
97.6015,disk8,7474417313792,7551732,64683744822967
97.6015,disk8w,353136640,46197,2455621395
97.6015,disk6,13212638095360,21563868,183206438442411
97.6015,disk6w,491520,70,201274851
97.6015,ram,678117376,65571422208,284365
97.6015,cpu,15827674,22684321,543134281
97.6015,gpu,0,0,0
97.8027,disk0,940432485285888,2121136465,12925787579752487
97.8027,disk0w,2190211035136,19803083,1286182019646
97.8027,disk4,7617234937856,15353914,90207338253709
97.8027,disk4w,2195456,171,27582691
97.8027,disk8,7474903853056,7552231,64684293084881
97.8027,disk8w,353136640,46197,2455621395
97.8027,disk6,13213998753792,21565860,183220907009485
97.8027,disk6w,491520,70,201274851
97.8027,ram,678117376,65571422208,284365
97.8027,cpu,15827674,22684321,543134281
97.8027,gpu,0,0,0
98.0055,disk0,940434274648064,2121140272,12925793871789444
98.0055,disk0w,2190211035136,19803083,1286182019646
98.0055,disk4,7618152630272,15355797,90215294177561
98.0055,disk4w,2195456,171,27582691
98.0055,disk8,7475464448000,7552805,64685039577267
98.0055,disk8w,353136640,46197,2455621395
98.0055,disk6,13215303755776,21567658,183232756822320
98.0055,disk6w,491520,70,201274851
98.0055,ram,678117376,65571422208,284365
98.0055,cpu,15827674,22684321,543134281
98.0055,gpu,0,0,0
98.2055,disk0,940436260782080,2121144690,12925805155585448
98.2055,disk0w,2190211035136,19803083,1286182019646
98.2055,disk4,7618815379456,15357100,90218390322094
98.2055,disk4w,2195456,171,27582691
98.2055,disk8,7475904980992,7553257,64685498121745
98.2055,disk8w,353136640,46197,2455621395
98.2055,disk6,13216678967296,21569842,183248359197034
98.2055,disk6w,491520,70,201274851
98.2055,ram,678117376,65571422208,284365
98.2055,cpu,15827674,22684321,543134281
98.2055,gpu,0,0,0
98.4055,disk0,940438450323456,2121149567,12925817958873797
98.4055,disk0w,2190211035136,19803083,1286182019646
98.4055,disk4,7619533244416,15358511,90223711556839
98.4055,disk4w,2195456,171,27582691
98.4055,disk8,7476478945280,7553845,64686338596510
98.4055,disk8w,353136640,46197,2455621395
98.4055,disk6,13218007693312,21572191,183262381953100
98.4055,disk6w,491520,70,201274851
98.4055,ram,678117376,65571422208,284365
98.4055,cpu,15827674,22684321,543134281
98.4055,gpu,0,0,0
98.6055,disk0,940440617287680,2121164906,12925840981669721
98.6055,disk0w,2190211035136,19803083,1286182019646
98.6055,disk4,7620308994048,15360043,90228833218489
98.6055,disk4w,2195456,171,27582691
98.6055,disk8,7476958799872,7554337,64686924051093
98.6055,disk8w,353136640,46197,2455621395
98.6055,disk6,13219093215232,21574041,183270859707989
98.6055,disk6w,491520,70,201274851
98.6055,ram,682754048,65707655168,284365
98.6055,cpu,15827725,22684451,543135985
98.6055,gpu,0,0,0
98.8055,disk0,940442210668544,2121167648,12925849657093172
98.8055,disk0w,2190211035136,19803083,1286182019646
98.8055,disk4,7620828596224,15361082,90231725325672
98.8055,disk4w,2195456,171,27582691
98.8055,disk8,7477424171008,7554814,64687849239596
98.8055,disk8w,353136640,46197,2455621395
98.8055,disk6,13220252284928,21576218,183287071015757
98.8055,disk6w,491520,70,201274851
98.8055,ram,682754048,65707655168,284365
98.8055,cpu,15827725,22684451,543135985
98.8055,gpu,0,0,0
99.0055,disk0,940444161687552,2121172868,12925858995433662
99.0055,disk0w,2190211039232,19803084,1286182038896
99.0055,disk4,7621630519296,15362725,90237447813366
99.0055,disk4w,2195456,171,27582691
99.0055,disk8,7477982668800,7555386,64688557384991
99.0055,disk8w,353136640,46197,2455621395
99.0055,disk6,13221564413952,21578312,183300588820253
99.0055,disk6w,491520,70,201274851
99.0055,ram,682754048,65707655168,284365
99.0055,cpu,15827725,22684451,543135985
99.0055,gpu,0,0,0
99.2055,disk0,940446309650432,2121176417,12925868566124137
99.2055,disk0w,2190211039232,19803084,1286182038896
99.2055,disk4,7622293932032,15364086,90242026340992
99.2055,disk4w,2195456,171,27582691
99.2055,disk8,7478434080768,7555849,64689074794664
99.2055,disk8w,353136640,46197,2455621395
99.2055,disk6,13222867302400,21579862,183310841013910
99.2055,disk6w,491520,70,201274851
99.2055,ram,682754048,65707655168,284365
99.2055,cpu,15827725,22684451,543135985
99.2055,gpu,0,0,0
99.4055,disk0,940448430182400,2121180347,12925881116421766
99.4055,disk0w,2190211039232,19803084,1286182038896
99.4055,disk4,7622811437056,15365147,90244632962191
99.4055,disk4w,2195456,171,27582691
99.4055,disk8,7478873171968,7556299,64689542977860
99.4055,disk8w,353136640,46197,2455621395
99.4055,disk6,13224165586944,21581654,183322806057581
99.4055,disk6w,491520,70,201274851
99.4055,ram,682754048,65707655168,284365
99.4055,cpu,15827725,22684451,543135985
99.4055,gpu,0,0,0
99.6055,disk0,940450428489728,2121184280,12925889638865442
99.6055,disk0w,2190211039232,19803084,1286182038896
99.6055,disk4,7623513327616,15366580,90250219885208
99.6055,disk4w,2195456,171,27582691
99.6055,disk8,7479347390464,7556785,64690091408227
99.6055,disk8w,353136640,46197,2455621395
99.6055,disk6,13225532438528,21583759,183336828700931
99.6055,disk6w,491520,70,201274851
99.6055,ram,677298176,65645232128,284365
99.6055,cpu,15827774,22684583,543137568
99.6055,gpu,0,0,0
99.8035,disk0,940452590673920,2121189061,12925903890390275
99.8035,disk0w,2190211039232,19803084,1286182038896
99.8035,disk4,7623940753408,15367408,90251769976858
99.8035,disk4w,2195456,171,27582691
99.8035,disk8,7479900645376,7557352,64690843711995
99.8035,disk8w,353136640,46197,2455621395
99.8035,disk6,13226823628800,21586222,183354579343782
99.8035,disk6w,491520,70,201274851
99.8035,ram,677298176,65645232128,284365
99.8035,cpu,15827774,22684583,543137568
99.8035,gpu,28,6,0
100.0055,disk0,940454716989440,2121193727,12925916739046650
100.0055,disk0w,2190211039232,19803084,1286182038896
100.0055,disk4,7624601257984,15368714,90255197498056
100.0055,disk4w,2195456,171,27582691
100.0055,disk8,7480447215616,7557912,64691480493807
100.0055,disk8w,353136640,46197,2455621395
100.0055,disk6,13228172294144,21588737,183371954137534
100.0055,disk6w,491520,70,201274851
100.0055,ram,677298176,65645232128,284365
100.0055,cpu,15827774,22684583,543137568
100.0055,gpu,0,0,0
100.2055,disk0,940456969629696,2121204087,12925935668805216
100.2055,disk0w,2190211039232,19803084,1286182038896
100.2055,disk4,7625206646784,15369909,90257941823950
100.2055,disk4w,2195456,171,27582691
100.2055,disk8,7480888403968,7558364,64691962059435
100.2055,disk8w,353136640,46197,2455621395
100.2055,disk6,13229449508864,21590902,183386137797733
100.2055,disk6w,491520,70,201274851
100.2055,ram,677298176,65645232128,284365
100.2055,cpu,15827774,22684583,543137568
100.2055,gpu,0,0,0
100.4055,disk0,940458789343232,2121207316,12925946514125421
100.4055,disk0w,2190211039232,19803084,1286182038896
100.4055,disk4,7625834301440,15371176,90262597877718
100.4055,disk4w,2195456,171,27582691
100.4055,disk8,7481367160832,7558855,64692867714102
100.4055,disk8w,353136640,46197,2455621395
100.4055,disk6,13230574499840,21592960,183398195676371
100.4055,disk6w,491520,70,201274851
100.4055,ram,677298176,65645232128,284365
100.4055,cpu,15827774,22684583,543137568
100.4055,gpu,0,0,0
100.6055,disk0,940460916310016,2121216508,12925961278893802
100.6055,disk0w,2190211039232,19803084,1286182038896
100.6055,disk4,7626371057664,15372276,90265473181237
100.6055,disk4w,2195456,171,27582691
100.6055,disk8,7481867724800,7559368,64693388449846
100.6055,disk8w,353136640,46197,2455621395
100.6055,disk6,13231868606464,21594823,183412130911163
100.6055,disk6w,491520,70,201274851
100.6055,ram,471154688,65908916224,284365
100.6055,cpu,15827837,22684747,543139228
100.6055,gpu,0,0,0
100.8055,disk0,940463107244032,2121220288,12925969434207305
100.8055,disk0w,2190211039232,19803084,1286182038896
100.8055,disk4,7627224582144,15374024,90271428606322
100.8055,disk4w,2195456,171,27582691
100.8055,disk8,7482447325184,7559962,64694078159437
100.8055,disk8w,353136640,46197,2455621395
100.8055,disk6,13233258149888,21596600,183423280810805
100.8055,disk6w,491520,70,201274851
100.8055,ram,471154688,65908916224,284365
100.8055,cpu,15827837,22684747,543139228
100.8055,gpu,0,0,0
101.0055,disk0,940465519673344,2121225412,12925984154427057
101.0055,disk0w,2190211039232,19803084,1286182038896
101.0055,disk4,7627925047296,15375456,90275625516348
101.0055,disk4w,2195456,171,27582691
101.0055,disk8,7483114743808,7560646,64694893309841
101.0055,disk8w,353136640,46197,2455621395
101.0055,disk6,13234566002688,21598681,183434511808455
101.0055,disk6w,491520,70,201274851
101.0055,ram,471154688,65908916224,284365
101.0055,cpu,15827837,22684747,543139228
101.0055,gpu,0,0,0
101.2044,disk0,940467545948160,2121229782,12925992564323109
101.2044,disk0w,2190211039232,19803084,1286182038896
101.2044,disk4,7628957714432,15377490,90285755191189
101.2044,disk4w,2195456,171,27582691
101.2044,disk8,7483650435072,7561195,64695500364835
101.2044,disk8w,353136640,46197,2455621395
101.2044,disk6,13235851347968,21600783,183445827222865
101.2044,disk6w,491520,70,201274851
101.2044,ram,471154688,65908916224,284365
101.2044,cpu,15827837,22684747,543139228
101.2044,gpu,0,0,0
101.4055,disk0,940469565341696,2121234277,12926005518551527
101.4055,disk0w,2190211039232,19803084,1286182038896
101.4055,disk4,7629766739968,15379082,90291071620394
101.4055,disk4w,2195456,171,27582691
101.4055,disk8,7484189272064,7561747,64696158158566
101.4055,disk8w,353136640,46197,2455621395
101.4055,disk6,13237169047552,21603100,183459586129917
101.4055,disk6w,491520,70,201274851
101.4055,ram,471154688,65908916224,284365
101.4055,cpu,15827837,22684747,543139228
101.4055,gpu,0,0,0
101.6055,disk0,940471776714752,2121244860,12926022243897899
101.6055,disk0w,2190211039232,19803084,1286182038896
101.6055,disk4,7630584891392,15380694,90296425819943
101.6055,disk4w,2195456,171,27582691
101.6055,disk8,7484713035776,7562284,64696745289428
101.6055,disk8w,353136640,46197,2455621395
101.6055,disk6,13238493906944,21605402,183471967194717
101.6055,disk6w,491520,70,201274851
101.6055,ram,469516288,66012364800,284365
101.6055,cpu,15827888,22684878,543140753
101.6055,gpu,0,0,0
101.8055,disk0,940473493999616,2121247800,12926029141807079
101.8055,disk0w,2190211039232,19803084,1286182038896
101.8055,disk4,7631356307456,15382248,90304130641503
101.8055,disk4w,2195456,171,27582691
101.8055,disk8,7485263734784,7562848,64697820983893
101.8055,disk8w,353136640,46197,2455621395
101.8055,disk6,13239706159104,21607482,183484747245366
101.8055,disk6w,491520,70,201274851
101.8055,ram,469516288,66012364800,284365
101.8055,cpu,15827888,22684878,543140753
101.8055,gpu,0,0,0
102.0055,disk0,940475652018176,2121254861,12926043864519318
102.0055,disk0w,2190211039232,19803084,1286182038896
102.0055,disk4,7632164546560,15383906,90309498400582
102.0055,disk4w,2195456,171,27582691
102.0055,disk8,7485880952832,7563481,64698562448825
102.0055,disk8w,353136640,46197,2455621395
102.0055,disk6,13241014601728,21609271,183494271460225
102.0055,disk6w,491520,70,201274851
102.0055,ram,469516288,66012364800,284365
102.0055,cpu,15827888,22684878,543140753
102.0055,gpu,0,0,0
102.2009,disk0,940477231108096,2121257533,12926048557795124
102.2009,disk0w,2190211039232,19803084,1286182038896
102.2009,disk4,7632795863040,15385201,90313382766384
102.2009,disk4w,2195456,171,27582691
102.2009,disk8,7486284916736,7563895,64699037185898
102.2009,disk8w,353136640,46197,2455621395
102.2009,disk6,13242398541824,21611092,183510501222525
102.2009,disk6w,491520,70,201274851
102.2009,ram,469516288,66012364800,284365
102.2009,cpu,15827888,22684878,543140753
102.2009,gpu,28,6,0
102.4055,disk0,940479594516480,2121262709,12926066282699443
102.4055,disk0w,2190211039232,19803084,1286182038896
102.4055,disk4,7633397729280,15386434,90316882961832
102.4055,disk4w,2195456,171,27582691
102.4055,disk8,7486829389824,7564453,64699711420595
102.4055,disk8w,353136640,46197,2455621395
102.4055,disk6,13243698501632,21613006,183521575778686
102.4055,disk6w,491520,70,201274851
102.4055,ram,469516288,66012364800,284365
102.4055,cpu,15827888,22684878,543140753
102.4055,gpu,0,0,0
102.6055,disk0,940481467633664,2121266716,12926075822348650
102.6055,disk0w,2190211039232,19803084,1286182038896
102.6055,disk4,7634242471936,15388107,90322770870052
102.6055,disk4w,2195456,171,27582691
102.6055,disk8,7487402305536,7565040,64700401901893
102.6055,disk8w,353136640,46197,2455621395
102.6055,disk6,13245040285696,21615186,183535798688091
102.6055,disk6w,491520,70,201274851
102.6055,ram,485638144,65757069312,284365
102.6055,cpu,15827944,22685013,543142433
102.6055,gpu,0,0,0
102.8055,disk0,940483275329536,2121270593,12926083564693109
102.8055,disk0w,2190211039232,19803084,1286182038896
102.8055,disk4,7635142912000,15389875,90328827786502
102.8055,disk4w,2195456,171,27582691
102.8055,disk8,7487944681472,7565596,64701113125166
102.8055,disk8w,353136640,46197,2455621395
102.8055,disk6,13246411548672,21617659,183553717945235
102.8055,disk6w,491520,70,201274851
102.8055,ram,485638144,65757069312,284365
102.8055,cpu,15827944,22685013,543142433
102.8055,gpu,0,0,0
103.0055,disk0,940485100048384,2121284710,12926101203809975
103.0055,disk0w,2190211039232,19803084,1286182038896
103.0055,disk4,7635927156736,15391422,90336089649957
103.0055,disk4w,2195456,171,27582691
103.0055,disk8,7488369354752,7566031,64701670989561
103.0055,disk8w,353136640,46197,2455621395
103.0055,disk6,13247594309632,21619703,183565394073167
103.0055,disk6w,491520,70,201274851
103.0055,ram,485638144,65757069312,284365
103.0055,cpu,15827944,22685013,543142433
103.0055,gpu,0,0,0
103.2044,disk0,940487108988928,2121288209,12926111222045312
103.2044,disk0w,2190211039232,19803084,1286182038896
103.2044,disk4,7636674873344,15392913,90342459192838
103.2044,disk4w,2195456,171,27582691
103.2044,disk8,7488919414784,7566595,64702743767002
103.2044,disk8w,353136640,46197,2455621395
103.2044,disk6,13248718628864,21621696,183575739667289
103.2044,disk6w,491520,70,201274851
103.2044,ram,485638144,65757069312,284365
103.2044,cpu,15827944,22685013,543142433
103.2044,gpu,0,0,0
103.4055,disk0,940489445830656,2121296043,12926125252377792
103.4055,disk0w,2190211039232,19803084,1286182038896
103.4055,disk4,7637449050112,15394500,90348103508315
103.4055,disk4w,2195456,171,27582691
103.4055,disk8,7489538336768,7567229,64703790036287
103.4055,disk8w,353136640,46197,2455621395
103.4055,disk6,13249977608192,21623444,183584793953216
103.4055,disk6w,491520,70,201274851
103.4055,ram,485638144,65757069312,284365
103.4055,cpu,15827944,22685013,543142433
103.4055,gpu,0,0,0
103.6055,disk0,940491258310656,2121299081,12926131135795751
103.6055,disk0w,2190211039232,19803084,1286182038896
103.6055,disk4,7638411003904,15396471,90355871083464
103.6055,disk4w,2195456,171,27582691
103.6055,disk8,7490104961024,7567810,64704451825046
103.6055,disk8w,353136640,46197,2455621395
103.6055,disk6,13251360401408,21625218,183596162078875
103.6055,disk6w,491520,70,201274851
103.6055,ram,533217280,65624408064,284365
103.6055,cpu,15827990,22685147,543144032
103.6055,gpu,0,0,0
103.8055,disk0,940493582512128,2121303842,12926146137582056
103.8055,disk0w,2190211039232,19803084,1286182038896
103.8055,disk4,7639135684608,15397953,90360300231877
103.8055,disk4w,2195456,171,27582691
103.8055,disk8,7490684561408,7568404,64705114551212
103.8055,disk8w,353136640,46197,2455621395
103.8055,disk6,13252611336192,21627060,183607170848399
103.8055,disk6w,491520,70,201274851
103.8055,ram,533217280,65624408064,284365
103.8055,cpu,15827990,22685147,543144032
103.8055,gpu,0,0,0
104.0055,disk0,940495429955584,2121307932,12926155484839144
104.0055,disk0w,2190211039232,19803084,1286182038896
104.0055,disk4,7640042899456,15399762,90369428751661
104.0055,disk4w,2195456,171,27582691
104.0055,disk8,7491189319680,7568921,64705710401215
104.0055,disk8w,353136640,46197,2455621395
104.0055,disk6,13253940226048,21629284,183620328172696
104.0055,disk6w,491520,70,201274851
104.0055,ram,533217280,65624408064,284365
104.0055,cpu,15827990,22685147,543144032
104.0055,gpu,0,0,0
104.2055,disk0,940497732481024,2121313140,12926171526539157
104.2055,disk0w,2190211039232,19803084,1286182038896
104.2055,disk4,7640730388480,15401110,90372922344031
104.2055,disk4w,2195456,171,27582691
104.2055,disk8,7491676907520,7569421,64706311672618
104.2055,disk8w,353136640,46197,2455621395
104.2055,disk6,13255255894016,21631545,183632930306864
104.2055,disk6w,491520,70,201274851
104.2055,ram,533217280,65624408064,284365
104.2055,cpu,15827990,22685147,543144032
104.2055,gpu,0,0,0
104.4052,disk0,940499769733120,2121323921,12926188073788390
104.4052,disk0w,2190211039232,19803084,1286182038896
104.4052,disk4,7641376491520,15402391,90376642848398
104.4052,disk4w,2195456,171,27582691
104.4052,disk8,7492361889792,7570123,64707228746219
104.4052,disk8w,353136640,46197,2455621395
104.4052,disk6,13256586176512,21633725,183647322432171
104.4052,disk6w,491520,70,201274851
104.4052,ram,533217280,65624408064,284365
104.4052,cpu,15827990,22685147,543144032
104.4052,gpu,0,0,0
104.6055,disk0,940501442789376,2121326687,12926194717288468
104.6055,disk0w,2190211039232,19803084,1286182038896
104.6055,disk4,7642045908992,15403713,90380649085112
104.6055,disk4w,2195456,171,27582691
104.6055,disk8,7492876478464,7570650,64707913393119
104.6055,disk8w,353136640,46197,2455621395
104.6055,disk6,13257802983424,21635988,183661379996581
104.6055,disk6w,491520,70,201274851
104.6055,ram,559464448,64218972160,284365
104.6055,cpu,15828039,22685282,543145607
104.6055,gpu,0,0,0
104.8045,disk0,940503225024512,2121331060,12926203100620586
104.8045,disk0w,2190211039232,19803084,1286182038896
104.8045,disk4,7642830440448,15405322,90387920005209
104.8045,disk4w,2195456,171,27582691
104.8045,disk8,7493573732352,7571365,64709164202349
104.8045,disk8w,353136640,46197,2455621395
104.8045,disk6,13259120175104,21637838,183674796381966
104.8045,disk6w,491520,70,201274851
104.8045,ram,559464448,64218972160,284365
104.8045,cpu,15828039,22685282,543145607
104.8045,gpu,0,0,0
105.0055,disk0,940505019867136,2121334164,12926208863901792
105.0055,disk0w,2190211039232,19803084,1286182038896
105.0055,disk4,7643741325312,15407189,90395172918637
105.0055,disk4w,2195456,171,27582691
105.0055,disk8,7494135769088,7571941,64709848791793
105.0055,disk8w,353136640,46197,2455621395
105.0055,disk6,13260506408960,21639532,183686408484554
105.0055,disk6w,491520,70,201274851
105.0055,ram,559464448,64218972160,284365
105.0055,cpu,15828039,22685282,543145607
105.0055,gpu,0,0,0
105.2055,disk0,940506780119040,2121337586,12926214831084947
105.2055,disk0w,2190215917568,19803526,1286192260293
105.2055,disk4,7644319623168,15408374,90397659762723
105.2055,disk4w,2195456,171,27582691
105.2055,disk8,7494671460352,7572490,64710503789986
105.2055,disk8w,353136640,46197,2455621395
105.2055,disk6,13261924296704,21641626,183705211564130
105.2055,disk6w,491520,70,201274851
105.2055,ram,559464448,64218972160,284365
105.2055,cpu,15828039,22685282,543145607
105.2055,gpu,0,0,0
105.4055,disk0,940508731637760,2121341811,12926224518626503
105.4055,disk0w,2190215917568,19803526,1286192260293
105.4055,disk4,7645087746048,15409925,90402489956949
105.4055,disk4w,2195456,171,27582691
105.4055,disk8,7495251060736,7573084,64711264287586
105.4055,disk8w,353136640,46197,2455621395
105.4055,disk6,13263183292416,21643601,183718182954551
105.4055,disk6w,491520,70,201274851
105.4055,ram,559464448,64218972160,284365
105.4055,cpu,15828039,22685282,543145607
105.4055,gpu,0,0,0
105.6055,disk0,940510832930816,2121346742,12926237384180968
105.6055,disk0w,2190215917568,19803526,1286192260293
105.6055,disk4,7645695903744,15411110,90405457980017
105.6055,disk4w,2195456,171,27582691
105.6055,disk8,7495698933760,7573543,64711850297977
105.6055,disk8w,353136640,46197,2455621395
105.6055,disk6,13264501078016,21645930,183733859557272
105.6055,disk6w,491520,70,201274851
105.6055,ram,593920000,65678966784,284365
105.6055,cpu,15828097,22685435,543147235
105.6055,gpu,0,0,0
105.8024,disk0,940512724725760,2121351053,12926246800562462
105.8024,disk0w,2190215917568,19803526,1286192260293
105.8024,disk4,7646402889728,15412510,90410014513667
105.8024,disk4w,2195456,171,27582691
105.8024,disk8,7496181934080,7574038,64712464807270
105.8024,disk8w,353136640,46197,2455621395
105.8024,disk6,13265814272000,21648170,183748685580509
105.8024,disk6w,491520,70,201274851
105.8024,ram,593920000,65678966784,284365
105.8024,cpu,15828097,22685435,543147235
105.8024,gpu,0,0,0
106.0011,disk0,940514846756864,2121357961,12926260048476234
106.0011,disk0w,2190215917568,19803526,1286192260293
106.0011,disk4,7647044274176,15413776,90413484761280
106.0011,disk4w,2195456,171,27582691
106.0011,disk8,7496831789056,7574704,64713283219174
106.0011,disk8w,353136640,46197,2455621395
106.0011,disk6,13267114686464,21650574,183762967010446
106.0011,disk6w,491520,70,201274851
106.0011,ram,593920000,65678966784,284365
106.0011,cpu,15828097,22685435,543147235
106.0011,gpu,0,0,0
106.2055,disk0,940516528390144,2121361158,12926267209334999
106.2055,disk0w,2190215917568,19803526,1286192260293
106.2055,disk4,7647786502144,15415283,90421946223737
106.2055,disk4w,2195456,171,27582691
106.2055,disk8,7497341102080,7575226,64714037408402
106.2055,disk8w,353136640,46197,2455621395
106.2055,disk6,13268235335680,21652302,183774201338699
106.2055,disk6w,491520,70,201274851
106.2055,ram,593920000,65678966784,284365
106.2055,cpu,15828097,22685435,543147235
106.2055,gpu,0,0,0
106.4055,disk0,940518361022464,2121366379,12926275515229722
106.4055,disk0w,2190215917568,19803526,1286192260293
106.4055,disk4,7648563406848,15416878,90427024385448
106.4055,disk4w,2195456,171,27582691
106.4055,disk8,7497903138816,7575802,64714823586967
106.4055,disk8w,353136640,46197,2455621395
106.4055,disk6,13269585197056,21654093,183787998264311
106.4055,disk6w,491520,70,201274851
106.4055,ram,593920000,65678966784,284365
106.4055,cpu,15828097,22685435,543147235
106.4055,gpu,0,0,0
106.6055,disk0,940520330346496,2121370206,12926284048218138
106.6055,disk0w,2190215917568,19803526,1286192260293
106.6055,disk4,7649442629632,15418680,90433536676821
106.6055,disk4w,2195456,171,27582691
106.6055,disk8,7498483787776,7576397,64715513463104
106.6055,disk8w,353136640,46197,2455621395
106.6055,disk6,13270955882496,21655915,183800854427380
106.6055,disk6w,491520,70,201274851
106.6055,ram,610811904,65627340800,284365
106.6055,cpu,15828192,22685574,543148687
106.6055,gpu,0,0,0
106.8014,disk0,940522521460736,2121374933,12926295216365965
106.8014,disk0w,2190215917568,19803526,1286192260293
106.8014,disk4,7650167687168,15420166,90437953277433
106.8014,disk4w,2195456,171,27582691
106.8014,disk8,7499132594176,7577062,64716383090272
106.8014,disk8w,353136640,46197,2455621395
106.8014,disk6,13272256149504,21658110,183814921151408
106.8014,disk6w,491520,70,201274851
106.8014,ram,610811904,65627340800,284365
106.8014,cpu,15828192,22685574,543148687
106.8014,gpu,0,0,0
107.0055,disk0,940524677120000,2121379776,12926307557270688
107.0055,disk0w,2190215917568,19803526,1286192260293
107.0055,disk4,7650729199616,15421258,90441051124661
107.0055,disk4w,2195456,171,27582691
107.0055,disk8,7499516504064,7577455,64716779822015
107.0055,disk8w,353136640,46197,2455621395
107.0055,disk6,13273667090432,21660503,183831432632374
107.0055,disk6w,491520,70,201274851
107.0055,ram,610811904,65627340800,284365
107.0055,cpu,15828192,22685574,543148687
107.0055,gpu,0,0,0
107.2055,disk0,940526864007168,2121384872,12926320601306095
107.2055,disk0w,2190215917568,19803526,1286192260293
107.2055,disk4,7651559163904,15422896,90446329106289
107.2055,disk4w,2195456,171,27582691
107.2055,disk8,7500111964160,7578066,64717541515974
107.2055,disk8w,353136640,46197,2455621395
107.2055,disk6,13274972338176,21662880,183845900797331
107.2055,disk6w,491520,70,201274851
107.2055,ram,610811904,65627340800,284365
107.2055,cpu,15828192,22685574,543148687
107.2055,gpu,0,0,0
107.4045,disk0,940529128914944,2121397302,12926342642521849
107.4045,disk0w,2190215917568,19803526,1286192260293
107.4045,disk4,7652310550528,15424381,90450520576557
107.4045,disk4w,2195456,171,27582691
107.4045,disk8,7500634286080,7578601,64718227968208
107.4045,disk8w,353136640,46197,2455621395
107.4045,disk6,13276153411584,21664938,183855898693882
107.4045,disk6w,491520,70,201274851
107.4045,ram,610811904,65627340800,284365
107.4045,cpu,15828192,22685574,543148687
107.4045,gpu,0,0,0
107.6055,disk0,940530955317248,2121400410,12926353511438827
107.6055,disk0w,2190215917568,19803526,1286192260293
107.6055,disk4,7653025810432,15425820,90457203660637
107.6055,disk4w,2195456,171,27582691
107.6055,disk8,7501090875392,7579069,64719388023432
107.6055,disk8w,353136640,46197,2455621395
107.6055,disk6,13277146707968,21666721,183865759864052
107.6055,disk6w,491520,70,201274851
107.6055,ram,637468672,65367588864,284365
107.6055,cpu,15828247,22685720,543150339
107.6055,gpu,0,0,0
107.8055,disk0,940533129621504,2121404584,12926362134419678
107.8055,disk0w,2190215917568,19803526,1286192260293
107.8055,disk4,7653642061824,15427083,90462036359421
107.8055,disk4w,2195456,171,27582691
107.8055,disk8,7501739288576,7579733,64720404719544
107.8055,disk8w,353136640,46197,2455621395
107.8055,disk6,13278513657856,21668642,183879143450711
107.8055,disk6w,491520,70,201274851
107.8055,ram,637468672,65367588864,284365
107.8055,cpu,15828247,22685720,543150339
107.8055,gpu,0,0,0
108.0035,disk0,940534951014400,2121407634,12926367569117835
108.0035,disk0w,2190215917568,19803526,1286192260293
108.0035,disk4,7654361114624,15428558,90466619471749
108.0035,disk4w,2195456,171,27582691
108.0035,disk8,7502223730688,7580230,64721001231921
108.0035,disk8w,353136640,46197,2455621395
108.0035,disk6,13279881115648,21670343,183892446413498
108.0035,disk6w,491520,70,201274851
108.0035,ram,637468672,65367588864,284365
108.0035,cpu,15828247,22685720,543150339
108.0035,gpu,0,0,0
108.2045,disk0,940537067810816,2121411977,12926380996058628
108.2045,disk0w,2190215917568,19803526,1286192260293
108.2045,disk4,7654918424576,15429700,90469041113528
108.2045,disk4w,2195456,171,27582691
108.2045,disk8,7502838458368,7580860,64722040205088
108.2045,disk8w,353136640,46197,2455621395
108.2045,disk6,13281198258176,21672376,183906446651403
108.2045,disk6w,491520,70,201274851
108.2045,ram,637468672,65367588864,284365
108.2045,cpu,15828247,22685720,543150339
108.2045,gpu,0,0,0
108.4045,disk0,940539490021376,2121417469,12926397466369664
108.4045,disk0w,2190215933952,19803528,1286192310626
108.4045,disk4,7655728744448,15431320,90473832937201
108.4045,disk4w,2195456,171,27582691
108.4045,disk8,7503418058752,7581454,64722765010465
108.4045,disk8w,353136640,46197,2455621395
108.4045,disk6,13282461808640,21674399,183917440576856
108.4045,disk6w,491520,70,201274851
108.4045,ram,637468672,65367588864,284365
108.4045,cpu,15828247,22685720,543150339
108.4045,gpu,0,0,0
108.6055,disk0,940541487054848,2121421931,12926408046874153
108.6055,disk0w,2190215933952,19803528,1286192310626
108.6055,disk4,7656497416192,15432827,90478420167364
108.6055,disk4w,2195456,171,27582691
108.6055,disk8,7503874713600,7581922,64723415433053
108.6055,disk8w,353136640,46197,2455621395
108.6055,disk6,13283760748544,21676663,183933983603507
108.6055,disk6w,491520,70,201274851
108.6055,ram,648757248,64474415104,284365
108.6055,cpu,15828296,22685840,543151881
108.6055,gpu,0,0,0
108.8045,disk0,940543410253824,2121427353,12926418330521729
108.8045,disk0w,2190215933952,19803528,1286192310626
108.8045,disk4,7657113946112,15434047,90483177325440
108.8045,disk4w,2195456,171,27582691
108.8045,disk8,7504366495744,7582426,64724035812594
108.8045,disk8w,353136640,46197,2455621395
108.8045,disk6,13285086918656,21678985,183951028665893
108.8045,disk6w,491520,70,201274851
108.8045,ram,648757248,64474415104,284365
108.8045,cpu,15828296,22685840,543151881
108.8045,gpu,0,0,0
109.0055,disk0,940545288421376,2121435877,12926428411772447
109.0055,disk0w,2190216044544,19803542,1286192609164
109.0055,disk4,7657809545216,15435430,90487813943030
109.0055,disk4w,2195456,171,27582691
109.0055,disk8,7504946096128,7583020,64724855882858
109.0055,disk8w,353136640,46197,2455621395
109.0055,disk6,13286471268352,21681833,183971162097077
109.0055,disk6w,491520,70,201274851
109.0055,ram,648757248,64474415104,284365
109.0055,cpu,15828296,22685840,543151881
109.0055,gpu,0,0,0
109.2044,disk0,940547106467840,2121444005,12926439024098536
109.2044,disk0w,2190216044544,19803542,1286192609164
109.2044,disk4,7658371057664,15436582,90490754364410
109.2044,disk4w,2195456,171,27582691
109.2044,disk8,7505516849152,7583605,64726321273616
109.2044,disk8w,353136640,46197,2455621395
109.2044,disk6,13287665743872,21683635,183984700961005
109.2044,disk6w,491520,70,201274851
109.2044,ram,648757248,64474415104,284365
109.2044,cpu,15828296,22685840,543151881
109.2044,gpu,28,7,0
109.4055,disk0,940549562986496,2121448379,12926453265707660
109.4055,disk0w,2190216044544,19803542,1286192609164
109.4055,disk4,7659011155968,15437895,90494620253586
109.4055,disk4w,2195456,171,27582691
109.4055,disk8,7506034976768,7584136,64726939509484
109.4055,disk8w,353136640,46197,2455621395
109.4055,disk6,13288893347840,21685120,183993082477606
109.4055,disk6w,491520,70,201274851
109.4055,ram,648757248,64474415104,284365
109.4055,cpu,15828296,22685840,543151881
109.4055,gpu,0,0,0
109.6035,disk0,940551720079360,2121452530,12926465680978261
109.6035,disk0w,2190216044544,19803542,1286192609164
109.6035,disk4,7659845027840,15439604,90500208575996
109.6035,disk4w,2195456,171,27582691
109.6035,disk8,7506570668032,7584685,64727560094346
109.6035,disk8w,353136640,46197,2455621395
109.6035,disk6,13290061035520,21686847,184003344331879
109.6035,disk6w,491520,70,201274851
109.6035,ram,656637952,65687404544,284365
109.6035,cpu,15828348,22685976,543153475
109.6035,gpu,0,0,0
109.8055,disk0,940553626955776,2121456651,12926473369904641
109.8055,disk0w,2190216044544,19803542,1286192609164
109.8055,disk4,7660716247040,15441386,90506794114828
109.8055,disk4w,2195456,171,27582691
109.8055,disk8,7507088795648,7585216,64728168676081
109.8055,disk8w,353136640,46197,2455621395
109.8055,disk6,13291396429824,21688883,184017694952105
109.8055,disk6w,491520,70,201274851
109.8055,ram,656637952,65687404544,284365
109.8055,cpu,15828348,22685976,543153475
109.8055,gpu,0,0,0
110.0055,disk0,940555463946240,2121460751,12926481745662864
110.0055,disk0w,2190216044544,19803542,1286192609164
110.0055,disk4,7661397968896,15442707,90511184740944
110.0055,disk4w,2195456,171,27582691
110.0055,disk8,7507590408192,7585730,64728765658983
110.0055,disk8w,353136640,46197,2455621395
110.0055,disk6,13292778256384,21691336,184036597886259
110.0055,disk6w,491520,70,201274851
110.0055,ram,656637952,65687404544,284365
110.0055,cpu,15828348,22685976,543153475
110.0055,gpu,0,0,0
110.2055,disk0,940557739278336,2121466022,12926496953997453
110.2055,disk0w,2190216044544,19803542,1286192609164
110.2055,disk4,7662091094016,15444075,90515326828244
110.2055,disk4w,2195456,171,27582691
110.2055,disk8,7508125050880,7586278,64729387599545
110.2055,disk8w,353136640,46197,2455621395
110.2055,disk6,13294098413568,21693635,184048625020295
110.2055,disk6w,491520,70,201274851
110.2055,ram,656637952,65687404544,284365
110.2055,cpu,15828348,22685976,543153475
110.2055,gpu,0,0,0
110.4055,disk0,940559884955648,2121476415,12926513724075730
110.4055,disk0w,2190216044544,19803542,1286192609164
110.4055,disk4,7662818084864,15445511,90519885601749
110.4055,disk4w,2195456,171,27582691
110.4055,disk8,7508651960320,7586818,64730083623573
110.4055,disk8w,353136640,46197,2455621395
110.4055,disk6,13295393372160,21696032,184063513538528
110.4055,disk6w,491520,70,201274851
110.4055,ram,656637952,65687404544,284365
110.4055,cpu,15828348,22685976,543153475
110.4055,gpu,0,0,0
110.6027,disk0,940561649508352,2121479650,12926523423979690
110.6027,disk0w,2190216044544,19803542,1286192609164
110.6027,disk4,7663519238144,15446927,90525330070399
110.6027,disk4w,2195456,171,27582691
110.6027,disk8,7509265147904,7587446,64732446841864
110.6027,disk8w,353136640,46197,2455621395
110.6027,disk6,13296409819136,21697712,184071587313909
110.6027,disk6w,491520,70,201274851
110.6027,ram,660930560,65443332096,284365
110.6027,cpu,15828400,22686125,543155122
110.6027,gpu,0,0,0
110.8055,disk0,940563719778304,2121486058,12926536070292818
110.8055,disk0w,2190216044544,19803542,1286192609164
110.8055,disk4,7664246933504,15448420,90530813043693
110.8055,disk4w,2195456,171,27582691
110.8055,disk8,7509872535552,7588069,64733298938096
110.8055,disk8w,353136640,46197,2455621395
110.8055,disk6,13297614338048,21699408,184081701688132
110.8055,disk6w,491520,70,201274851
110.8055,ram,660930560,65443332096,284365
110.8055,cpu,15828400,22686125,543155122
110.8055,gpu,0,0,0
111.0055,disk0,940565637459968,2121489159,12926543017789061
111.0055,disk0w,2190216044544,19803542,1286192609164
111.0055,disk4,7665058965504,15450084,90537208343717
111.0055,disk4w,2195456,171,27582691
111.0055,disk8,7510320408576,7588528,64733815944154
111.0055,disk8w,353136640,46197,2455621395
111.0055,disk6,13298945112064,21701135,184093811807552
111.0055,disk6w,491520,70,201274851
111.0055,ram,660930560,65443332096,284365
111.0055,cpu,15828400,22686125,543155122
111.0055,gpu,0,0,0
111.2055,disk0,940567757012992,2121493328,12926553782629232
111.2055,disk0w,2190216044544,19803542,1286192609164
111.2055,disk4,7665881303040,15451770,90543048711463
111.2055,disk4w,2195456,171,27582691
111.2055,disk8,7510829754368,7589050,64734467479725
111.2055,disk8w,353136640,46197,2455621395
111.2055,disk6,13300190574592,21702979,184103630774111
111.2055,disk6w,491520,70,201274851
111.2055,ram,660930560,65443332096,284365
111.2055,cpu,15828400,22686125,543155122
111.2055,gpu,0,0,0
111.4055,disk0,940570074796032,2121498466,12926568631493280
111.4055,disk0w,2190216044544,19803542,1286192609164
111.4055,disk4,7666728290304,15453456,90548421033612
111.4055,disk4w,2195456,171,27582691
111.4055,disk8,7511383009280,7589617,64735088724329
111.4055,disk8w,353136640,46197,2455621395
111.4055,disk6,13301410023424,21704910,184113662967866
111.4055,disk6w,491520,70,201274851
111.4055,ram,660930560,65443332096,284365
111.4055,cpu,15828400,22686125,543155122
111.4055,gpu,0,0,0
111.6055,disk0,940571934511104,2121502665,12926580355535650
111.6055,disk0w,2190216044544,19803542,1286192609164
111.6055,disk4,7667396134912,15454763,90552534177351
111.6055,disk4w,2195456,171,27582691
111.6055,disk8,7511778191360,7590022,64735514625940
111.6055,disk8w,353136640,46197,2455621395
111.6055,disk6,13302648211456,21707059,184130633880428
111.6055,disk6w,491520,70,201274851
111.6055,ram,674709504,64213319680,284365
111.6055,cpu,15828459,22686265,543156702
111.6055,gpu,0,0,0
111.8055,disk0,940573969793024,2121508280,12926592597670845
111.8055,disk0w,2190216044544,19803542,1286192609164
111.8055,disk4,7668165068800,15456279,90557685683177
111.8055,disk4w,2195456,171,27582691
111.8055,disk8,7512322664448,7590580,64736172787079
111.8055,disk8w,353136640,46197,2455621395
111.8055,disk6,13304031299584,21709556,184146588741357
111.8055,disk6w,491520,70,201274851
111.8055,ram,674709504,64213319680,284365
111.8055,cpu,15828459,22686265,543156702
111.8055,gpu,0,0,0
112.0055,disk0,940575940120576,2121516515,12926606888236851
112.0055,disk0w,2190216044544,19803542,1286192609164
112.0055,disk4,7668741507072,15457424,90560283674210
112.0055,disk4w,2195456,171,27582691
112.0055,disk8,7512911046656,7591183,64737047524843
112.0055,disk8w,353136640,46197,2455621395
112.0055,disk6,13305260726272,21712013,184161935267284
112.0055,disk6w,491520,70,201274851
112.0055,ram,674709504,64213319680,284365
112.0055,cpu,15828459,22686265,543156702
112.0055,gpu,0,0,0
112.2055,disk0,940577884413952,2121523766,12926621003954951
112.2055,disk0w,2190216044544,19803542,1286192609164
112.2055,disk4,7669447067648,15458871,90564998007550
112.2055,disk4w,2195456,171,27582691
112.2055,disk8,7513446639616,7591732,64738571742631
112.2055,disk8w,353136640,46197,2455621395
112.2055,disk6,13306375477248,21713711,184171345322213
112.2055,disk6w,491520,70,201274851
112.2055,ram,674709504,64213319680,284365
112.2055,cpu,15828459,22686265,543156702
112.2055,gpu,0,0,0
112.4048,disk0,940579823640576,2121527347,12926630745781426
112.4048,disk0w,2190216044544,19803542,1286192609164
112.4048,disk4,7670066464768,15460141,90567757753880
112.4048,disk4w,2195456,171,27582691
112.4048,disk8,7513964767232,7592263,64739231588788
112.4048,disk8w,353136640,46197,2455621395
112.4048,disk6,13307721242624,21715268,184183128808884
112.4048,disk6w,491520,70,201274851
112.4048,ram,674709504,64213319680,284365
112.4048,cpu,15828459,22686265,543156702
112.4048,gpu,0,0,0
112.6055,disk0,940582026551296,2121531322,12926638320550295
112.6055,disk0w,2190216044544,19803542,1286192609164
112.6055,disk4,7670907168768,15461864,90575615094109
112.6055,disk4w,2195456,171,27582691
112.6055,disk8,7514570713088,7592884,64739956698424
112.6055,disk8w,353136640,46197,2455621395
112.6055,disk6,13309057619968,21717228,184194295776779
112.6055,disk6w,491520,70,201274851
112.6055,ram,705871872,65593196544,284365
112.6055,cpu,15828510,22686398,543158317
112.6055,gpu,0,0,0
112.8055,disk0,940583940841472,2121535293,12926647925924067
112.8055,disk0w,2190216044544,19803542,1286192609164
112.8055,disk4,7671629744128,15463339,90580615324496
112.8055,disk4w,2195456,171,27582691
112.8055,disk8,7515036149760,7593361,64740492241263
112.8055,disk8w,353136640,46197,2455621395
112.8055,disk6,13310445955072,21719306,184209120343316
112.8055,disk6w,491520,70,201274851
112.8055,ram,705871872,65593196544,284365
112.8055,cpu,15828510,22686398,543158317
112.8055,gpu,0,0,0
113.0055,disk0,940585970507776,2121539962,12926661263545928
113.0055,disk0w,2190216044544,19803542,1286192609164
113.0055,disk4,7672188864512,15464424,90583418429672
113.0055,disk4w,2195456,171,27582691
113.0055,disk8,7515554277376,7593892,64741119529300
113.0055,disk8w,353136640,46197,2455621395
113.0055,disk6,13311765178368,21721669,184226374332426
113.0055,disk6w,491520,70,201274851
113.0055,ram,705871872,65593196544,284365
113.0055,cpu,15828510,22686398,543158317
113.0055,gpu,0,0,0
113.2055,disk0,940588204023808,2121544940,12926673785256247
113.2055,disk0w,2190216044544,19803542,1286192609164
113.2055,disk4,7672979179520,15465985,90590184426706
113.2055,disk4w,2195456,171,27582691
113.2055,disk8,7516037277696,7594387,64741641060401
113.2055,disk8w,353136640,46197,2455621395
113.2055,disk6,13313057630208,21723877,184239241708362
113.2055,disk6w,491520,70,201274851
113.2055,ram,705871872,65593196544,284365
113.2055,cpu,15828510,22686398,543158317
113.2055,gpu,0,0,0
113.4045,disk0,940590178181120,2121555354,12926691593181075
113.4045,disk0w,2190216044544,19803542,1286192609164
113.4045,disk4,7673720768512,15467445,90594010164001
113.4045,disk4w,2195456,171,27582691
113.4045,disk8,7516502714368,7594864,64742253962955
113.4045,disk8w,353136640,46197,2455621395
113.4045,disk6,13314292426752,21726108,184252655246171
113.4045,disk6w,491520,70,201274851
113.4045,ram,705871872,65593196544,284365
113.4045,cpu,15828510,22686398,543158317
113.4045,gpu,0,0,0
113.6055,disk0,940591908790272,2121558513,12926700738773984
113.6055,disk0w,2190216044544,19803542,1286192609164
113.6055,disk4,7674268911616,15468549,90596879588564
113.6055,disk4w,2195456,171,27582691
113.6055,disk8,7517008455680,7595382,64743403404030
113.6055,disk8w,353136640,46197,2455621395
113.6055,disk6,13315430066176,21728074,184265578571215
113.6055,disk6w,491520,70,201274851
113.6055,ram,702398464,65378549760,284365
113.6055,cpu,15828556,22686525,543159906
113.6055,gpu,0,0,0
113.8055,disk0,940594011840512,2121564330,12926711637464637
113.8055,disk0w,2190216044544,19803542,1286192609164
113.8055,disk4,7674878355456,15469798,90600328482173
113.8055,disk4w,2195456,171,27582691
113.8055,disk8,7517617940480,7596007,64744163235458
113.8055,disk8w,353136640,46197,2455621395
113.8055,disk6,13316781488128,21730033,184279576568352
113.8055,disk6w,491520,70,201274851
113.8055,ram,702398464,65378549760,284365
113.8055,cpu,15828556,22686525,543159906
113.8055,gpu,0,0,0
114.0055,disk0,940595986915328,2121567410,12926717289531151
114.0055,disk0w,2190216044544,19803542,1286192609164
114.0055,disk4,7675766196224,15471618,90611484052231
114.0055,disk4w,2195456,171,27582691
114.0055,disk8,7518129383424,7596531,64744728120036
114.0055,disk8w,353136640,46197,2455621395
114.0055,disk6,13318041548800,21731693,184288868602392
114.0055,disk6w,491520,70,201274851
114.0055,ram,702398464,65378549760,284365
114.0055,cpu,15828556,22686525,543159906
114.0055,gpu,0,0,0
114.2045,disk0,940598175719424,2121571691,12926727070583771
114.2045,disk0w,2190216044544,19803542,1286192609164
114.2045,disk4,7676409677824,15472938,90615207048418
114.2045,disk4w,2195456,171,27582691
114.2045,disk8,7518742013952,7597159,64745663264287
114.2045,disk8w,353136640,46197,2455621395
114.2045,disk6,13319417722880,21733718,184302400956139
114.2045,disk6w,491520,70,201274851
114.2045,ram,702398464,65378549760,284365
114.2045,cpu,15828556,22686525,543159906
114.2045,gpu,0,0,0
114.4055,disk0,940600176517120,2121576096,12926740582006438
114.4055,disk0w,2190216044544,19803542,1286192609164
114.4055,disk4,7676996077568,15474100,90618154085574
114.4055,disk4w,2195456,171,27582691
114.4055,disk8,7519251359744,7597681,64746381954668
114.4055,disk8w,353136640,46197,2455621395
114.4055,disk6,13320685025280,21735823,184316956238417
114.4055,disk6w,491520,70,201274851
114.4055,ram,702398464,65378549760,284365
114.4055,cpu,15828556,22686525,543159906
114.4055,gpu,0,0,0
114.6055,disk0,940602109075456,2121580496,12926749901891558
114.6055,disk0w,2190216044544,19803542,1286192609164
114.6055,disk4,7677791864832,15475658,90622273195886
114.6055,disk4w,2195456,171,27582691
114.6055,disk8,7519787051008,7598230,64747076322112
114.6055,disk8w,353136640,46197,2455621395
114.6055,disk6,13322028595200,21738219,184335828261874
114.6055,disk6w,491520,70,201274851
114.6055,ram,709181440,64195575808,284365
114.6055,cpu,15828609,22686650,543161531
114.6055,gpu,0,0,0
114.8055,disk0,940604373897216,2121589128,12926764099406588
114.8055,disk0w,2190216044544,19803542,1286192609164
114.8055,disk4,7678617634816,15477288,90627990656856
114.8055,disk4w,2195456,171,27582691
114.8055,disk8,7520340305920,7598797,64747697022516
114.8055,disk8w,353136640,46197,2455621395
114.8055,disk6,13323392202752,21740689,184349547911168
114.8055,disk6w,491520,70,201274851
114.8055,ram,709181440,64195575808,284365
114.8055,cpu,15828612,22686656,543161590
114.8055,gpu,0,0,0
115.0055,disk0,940606185521152,2121594501,12926770555599686
115.0055,disk0w,2190216044544,19803542,1286192609164
115.0055,disk4,7679169841152,15478385,90630902662666
115.0055,disk4w,2195456,171,27582691
115.0055,disk8,7520832088064,7599301,64748327580645
115.0055,disk8w,353136640,46197,2455621395
115.0055,disk6,13324724783104,21743236,184370494401675
115.0055,disk6w,491520,70,201274851
115.0055,ram,709181440,64195575808,284365
115.0055,cpu,15828612,22686656,543161590
115.0055,gpu,0,0,0
115.2045,disk0,940607767564288,2121602726,12926780565876694
115.2045,disk0w,2190216044544,19803542,1286192609164
115.2045,disk4,7679626831872,15479322,90634336614847
115.2045,disk4w,2195456,171,27582691
115.2045,disk8,7521258776576,7599738,64749692843930
115.2045,disk8w,353136640,46197,2455621395
115.2045,disk6,13325888014336,21745115,184385746028517
115.2045,disk6w,491520,70,201274851
115.2045,ram,709181440,64195575808,284365
115.2045,cpu,15828612,22686656,543161590
115.2045,gpu,0,0,0
115.4055,disk0,940609885032448,2121606326,12926789590723407
115.4055,disk0w,2190216044544,19803542,1286192609164
115.4055,disk4,7680428001280,15480966,90641338975460
115.4055,disk4w,2195456,171,27582691
115.4055,disk8,7521825400832,7600319,64750361765697
115.4055,disk8w,353136640,46197,2455621395
115.4055,disk6,13327231059968,21746772,184395130610373
115.4055,disk6w,491520,70,201274851
115.4055,ram,709181440,64195575808,284365
115.4055,cpu,15828612,22686656,543161590
115.4055,gpu,0,0,0
115.6055,disk0,940611560587264,2121609362,12926794336460775
115.6055,disk0w,2190216044544,19803542,1286192609164
115.6055,disk4,7681130276864,15482407,90647527537791
115.6055,disk4w,2195456,171,27582691
115.6055,disk8,7522307352576,7600813,64751039142871
115.6055,disk8w,353136640,46197,2455621395
115.6055,disk6,13328639297536,21748832,184409957129480
115.6055,disk6w,491520,70,201274851
115.6055,ram,698302464,65546174464,284365
115.6055,cpu,15828676,22686785,543163106
115.6055,gpu,0,0,0
115.8044,disk0,940613831286784,2121613983,12926806811194649
115.8044,disk0w,2190216044544,19803542,1286192609164
115.8044,disk4,7681938114560,15484062,90652459044747
115.8044,disk4w,2195456,171,27582691
115.8044,disk8,7522792056832,7601309,64751833312873
115.8044,disk8w,353136640,46197,2455621395
115.8044,disk6,13329913808896,21750801,184420943760941
115.8044,disk6w,491520,70,201274851
115.8044,ram,698302464,65546174464,284365
115.8044,cpu,15828676,22686785,543163106
115.8044,gpu,0,0,0
116.0056,disk0,940615812202496,2121618379,12926816567971945
116.0056,disk0w,2190216044544,19803542,1286192609164
116.0056,disk4,7682726692864,15485603,90657746358276
116.0056,disk4w,2195456,171,27582691
116.0056,disk8,7523211880448,7601740,64752368166948
116.0056,disk8w,353136640,46197,2455621395
116.0056,disk6,13331175360512,21752911,184435793318886
116.0056,disk6w,491520,70,201274851
116.0056,ram,698302464,65546174464,284365
116.0056,cpu,15828676,22686785,543163106
116.0056,gpu,0,0,0
116.2056,disk0,940617774940160,2121622891,12926826217748349
116.2056,disk0w,2190216044544,19803542,1286192609164
116.2056,disk4,7683575252992,15487276,90662077551088
116.2056,disk4w,2195456,171,27582691
116.2056,disk8,7523728959488,7602270,64753011155698
116.2056,disk8w,353136640,46197,2455621395
116.2056,disk6,13332583503872,21755578,184454646617559
116.2056,disk6w,491520,70,201274851
116.2056,ram,698302464,65546174464,284365
116.2056,cpu,15828676,22686785,543163106
116.2056,gpu,0,0,0
116.4056,disk0,940619842035712,2121632897,12926840256470113
116.4056,disk0w,2190216044544,19803542,1286192609164
116.4056,disk4,7684443179008,15488987,90668668128966
116.4056,disk4w,2195456,171,27582691
116.4056,disk8,7524331366400,7602887,64753843774275
116.4056,disk8w,353136640,46197,2455621395
116.4056,disk6,13333906069504,21757919,184469829521553
116.4056,disk6w,491520,70,201274851
116.4056,ram,698302464,65546174464,284365
116.4056,cpu,15828676,22686785,543163106
116.4056,gpu,0,0,0
116.6056,disk0,940621583110144,2121635949,12926849146202430
116.6056,disk0w,2190216044544,19803542,1286192609164
116.6056,disk4,7685031823360,15490164,90673524079416
116.6056,disk4w,2195456,171,27582691
116.6056,disk8,7524704741376,7603270,64754597494680
116.6056,disk8w,353136640,46197,2455621395
116.6056,disk6,13335006730240,21759888,184484187153135
116.6056,disk6w,491520,70,201274851
116.6056,ram,706035712,65434812416,284365
116.6056,cpu,15828740,22686944,543164663
116.6056,gpu,0,0,0
116.8056,disk0,940623979454464,2121644952,12926864166107883
116.8056,disk0w,2190216044544,19803542,1286192609164
116.8056,disk4,7685736450048,15491611,90678153909726
116.8056,disk4w,2195456,171,27582691
116.8056,disk8,7525360887808,7603942,64755510605408
116.8056,disk8w,353136640,46197,2455621395
116.8056,disk6,13336292628480,21761751,184494855437066
116.8056,disk6w,491520,70,201274851
116.8056,ram,706772992,65474838528,284365
116.8056,cpu,15828744,22686950,543164760
116.8056,gpu,0,0,0
117.0056,disk0,940626389884928,2121649203,12926875496158602
117.0056,disk0w,2190216044544,19803542,1286192609164
117.0056,disk4,7686497134592,15493170,90683574006544
117.0056,disk4w,2195456,171,27582691
117.0056,disk8,7525846378496,7604440,64756103953322
117.0056,disk8w,353136640,46197,2455621395
117.0056,disk6,13337587013632,21763548,184504628180833
117.0056,disk6w,491520,70,201274851
117.0056,ram,706772992,65474838528,284365
117.0056,cpu,15828744,22686950,543164760
117.0056,gpu,0,0,0
117.2056,disk0,940628389670912,2121653265,12926883505809671
117.2056,disk0w,2190216044544,19803542,1286192609164
117.2056,disk4,7687225100288,15494662,90689150403466
117.2056,disk4w,2195456,171,27582691
117.2056,disk8,7526406973440,7605014,64756837955970
117.2056,disk8w,353136640,46197,2455621395
117.2056,disk6,13338933565440,21765554,184519250179677
117.2056,disk6w,491520,70,201274851
117.2056,ram,706772992,65474838528,284365
117.2056,cpu,15828744,22686950,543164760
117.2056,gpu,0,0,0
117.4056,disk0,940630401138688,2121657850,12926894798984635
117.4056,disk0w,2190216044544,19803542,1286192609164
117.4056,disk4,7687920699392,15496042,90693413169955
117.4056,disk4w,2195456,171,27582691
117.4056,disk8,7526803597312,7605421,64757230646380
117.4056,disk8w,353136640,46197,2455621395
117.4056,disk6,13340251346944,21767706,184534892753249
117.4056,disk6w,491520,70,201274851
117.4056,ram,706772992,65474838528,284365
117.4056,cpu,15828744,22686950,543164760
117.4056,gpu,0,0,0
117.6045,disk0,940632498274304,2121662705,12926908385448153
117.6045,disk0w,2190216044544,19803542,1286192609164
117.6045,disk4,7688686241792,15497549,90699892807296
117.6045,disk4w,2195456,171,27582691
117.6045,disk8,7527315040256,7605945,64757805675586
117.6045,disk8w,353136640,46197,2455621395
117.6045,disk6,13341604648960,21770127,184547534699556
117.6045,disk6w,491520,70,201274851
117.6045,ram,701939712,64209895424,284365
117.6045,cpu,15828799,22687077,543166250
117.6045,gpu,0,0,0
117.8056,disk0,940634437287936,2121670683,12926922431446510
117.8056,disk0w,2190216044544,19803542,1286192609164
117.8056,disk4,7689426765824,15499010,90704048097019
117.8056,disk4w,2195456,171,27582691
117.8056,disk8,7527897786368,7606542,64758511704022
117.8056,disk8w,353136640,46197,2455621395
117.8056,disk6,13342893402112,21772416,184563129173007
117.8056,disk6w,491520,70,201274851
117.8056,ram,701939712,64209895424,284365
117.8056,cpu,15828802,22687088,543166363
117.8056,gpu,0,0,0
118.0019,disk0,940636380147712,2121678000,12926932727654898
118.0019,disk0w,2190216044544,19803542,1286192609164
118.0019,disk4,7690023897088,15500192,90708314424291
118.0019,disk4w,2195456,171,27582691
118.0019,disk8,7528305289216,7606960,64758923513783
118.0019,disk8w,353136640,46197,2455621395
118.0019,disk6,13344133867520,21774712,184579071438493
118.0019,disk6w,491520,70,201274851
118.0019,ram,701939712,64209895424,284365
118.0019,cpu,15828802,22687088,543166363
118.0019,gpu,0,0,0
118.2056,disk0,940638446223360,2121682731,12926947058365332
118.2056,disk0w,2190216044544,19803542,1286192609164
118.2056,disk4,7690660694016,15501499,90712378467850
118.2056,disk4w,2195456,171,27582691
118.2056,disk8,7528799758336,7607466,64760455395609
118.2056,disk8w,353136640,46197,2455621395
118.2056,disk6,13345263380480,21776412,184588362797959
118.2056,disk6w,491520,70,201274851
118.2056,ram,701939712,64209895424,284365
118.2056,cpu,15828802,22687088,543166363
118.2056,gpu,0,0,0
118.4056,disk0,940640811712512,2121686993,12926961346835890
118.4056,disk0w,2190216044544,19803542,1286192609164
118.4056,disk4,7691387865088,15502990,90718236344587
118.4056,disk4w,2195456,171,27582691
118.4056,disk8,7529323915264,7608004,64761062283386
118.4056,disk8w,353136640,46197,2455621395
118.4056,disk6,13346499176448,21777860,184595665705583
118.4056,disk6w,491520,70,201274851
118.4056,ram,701939712,64209895424,284365
118.4056,cpu,15828802,22687088,543166363
118.4056,gpu,0,0,0
118.6009,disk0,940642981675008,2121691141,12926970235274739
118.6009,disk0w,2190216044544,19803542,1286192609164
118.6009,disk4,7692088182784,15504426,90722663834604
118.6009,disk4w,2195456,171,27582691
118.6009,disk8,7529894733824,7608589,64761898270311
118.6009,disk8w,353136640,46197,2455621395
118.6009,disk6,13347788634112,21779839,184607078063374
118.6009,disk6w,491520,70,201274851
118.6009,ram,700891136,65636466688,284365
118.6009,cpu,15828858,22687203,543167840
118.6009,gpu,0,0,0
118.8056,disk0,940644924801024,2121695041,12926980609920962
118.8056,disk0w,2190216044544,19803542,1286192609164
118.8056,disk4,7692632147968,15505537,90725439915892
118.8056,disk4w,2195456,171,27582691
118.8056,disk8,7530340116480,7609045,64762380548864
118.8056,disk8w,353136640,46197,2455621395
118.8056,disk6,13349213272064,21781851,184623002659444
118.8056,disk6w,491520,70,201274851
118.8056,ram,703741952,65649475584,284365
118.8056,cpu,15828862,22687206,543167891
118.8056,gpu,0,0,0
119.0056,disk0,940647057063936,2121699980,12926995577240042
119.0056,disk0w,2190216044544,19803542,1286192609164
119.0056,disk4,7693509511168,15507239,90732381725332
119.0056,disk4w,2195456,171,27582691
119.0056,disk8,7530790479872,7609507,64762876598635
119.0056,disk8w,353136640,46197,2455621395
119.0056,disk6,13350486865920,21784045,184634071671784
119.0056,disk6w,491520,70,201274851
119.0056,ram,703741952,65649475584,284365
119.0056,cpu,15828862,22687206,543167891
119.0056,gpu,0,0,0
119.2056,disk0,940648833040384,2121703818,12927001933454586
119.2056,disk0w,2190216044544,19803542,1286192609164
119.2056,disk4,7694334232576,15508873,90738836518020
119.2056,disk4w,2195456,171,27582691
119.2056,disk8,7531299825664,7610029,64763463558330
119.2056,disk8w,353136640,46197,2455621395
119.2056,disk6,13351869118464,21786551,184653142155410
119.2056,disk6w,491520,70,201274851
119.2056,ram,703741952,65649475584,284365
119.2056,cpu,15828862,22687206,543167891
119.2056,gpu,0,0,0
119.4045,disk0,940650868260864,2121715499,12927019463258468
119.4045,disk0w,2190216044544,19803542,1286192609164
119.4045,disk4,7695088764928,15510356,90744245488186
119.4045,disk4w,2195456,171,27582691
119.4045,disk8,7531791607808,7610533,64764079160111
119.4045,disk8w,353136640,46197,2455621395
119.4045,disk6,13353077258240,21788697,184665890291239
119.4045,disk6w,491520,70,201274851
119.4045,ram,703741952,65649475584,284365
119.4045,cpu,15828862,22687206,543167891
119.4045,gpu,0,0,0
119.6021,disk0,940652318060544,2121718207,12927027914229320
119.6021,disk0w,2190216044544,19803542,1286192609164
119.6021,disk4,7695404615680,15510986,90745723814342
119.6021,disk4w,2195456,171,27582691
119.6021,disk8,7532142815232,7610893,64765077251484
119.6021,disk8w,353136640,46197,2455621395
119.6021,disk6,13354157586432,21790442,184681422805540
119.6021,disk6w,491520,70,201274851
119.6021,ram,705314816,65387347968,284365
119.6021,cpu,15828910,22687332,543169437
119.6021,gpu,0,0,0
119.8056,disk0,940654368276480,2121726734,12927038472130301
119.8056,disk0w,2190216044544,19803542,1286192609164
119.8056,disk4,7696279504896,15512780,90751374313243
119.8056,disk4w,2195456,171,27582691
119.8056,disk8,7532731197440,7611496,64765858745235
119.8056,disk8w,353136640,46197,2455621395
119.8056,disk6,13355509200896,21792364,184695191817647
119.8056,disk6w,491520,70,201274851
119.8056,ram,707756032,65427374080,284365
119.8056,cpu,15828910,22687332,543169458
119.8056,gpu,0,0,0
120.0056,disk0,940656359997440,2121729992,12927045502241762
120.0056,disk0w,2190216044544,19803542,1286192609164
120.0056,disk4,7697098729472,15514459,90758259643623
120.0056,disk4w,2195456,171,27582691
120.0056,disk8,7533208561664,7611985,64766380566538
120.0056,disk8w,353136640,46197,2455621395
120.0056,disk6,13356862257152,21794044,184706380280411
120.0056,disk6w,491520,70,201274851
120.0056,ram,707756032,65427374080,284365
120.0056,cpu,15828910,22687332,543169458
120.0056,gpu,0,0,0
120.2045,disk0,940658351624192,2121733963,12927053984905594
120.2045,disk0w,2190216044544,19803542,1286192609164
120.2045,disk4,7697775323136,15515846,90764781129548
120.2045,disk4w,2195456,171,27582691
120.2045,disk8,7533749889024,7612540,64767136073771
120.2045,disk8w,353136640,46197,2455621395
120.2045,disk6,13358192605184,21796011,184718984430218
120.2045,disk6w,491520,70,201274851
120.2045,ram,707756032,65427374080,284365
120.2045,cpu,15828910,22687332,543169458
120.2045,gpu,0,0,0
120.4056,disk0,940660538003456,2121738892,12927069333026124
120.4056,disk0w,2190216044544,19803542,1286192609164
120.4056,disk4,7698727880704,15517755,90773167273897
120.4056,disk4w,2195456,171,27582691
120.4056,disk8,7534197762048,7612999,64767653632034
120.4056,disk8w,353136640,46197,2455621395
120.4056,disk6,13359410673664,21797953,184728018171367
120.4056,disk6w,491520,70,201274851
120.4056,ram,707756032,65427374080,284365
120.4056,cpu,15828910,22687332,543169458
120.4056,gpu,0,0,0
120.6056,disk0,940662795718656,2121743912,12927082870197277
120.6056,disk0w,2190216044544,19803542,1286192609164
120.6056,disk4,7699624740864,15519517,90778975294010
120.6056,disk4w,2195456,171,27582691
120.6056,disk8,7534680762368,7613494,64768176872704
120.6056,disk8w,353136640,46197,2455621395
120.6056,disk6,13360629860352,21800075,184740145485527
120.6056,disk6w,491520,70,201274851
120.6056,ram,699760640,64153583616,284365
120.6056,cpu,15828965,22687473,543171032
120.6056,gpu,0,0,0
120.8022,disk0,940664696250368,2121751576,12927095095749502
120.8022,disk0w,2190216044544,19803542,1286192609164
120.8022,disk4,7700414367744,15521078,90784389908772
120.8022,disk4w,2195456,171,27582691
120.8022,disk8,7535172544512,7613998,64768689218742
120.8022,disk8w,353136640,46197,2455621395
120.8022,disk6,13361937090560,21802454,184756502512912
120.8022,disk6w,491520,70,201274851
120.8022,ram,700743680,64189857792,284365
120.8022,cpu,15828967,22687477,543171076
120.8022,gpu,50,6,0
121.0056,disk0,940666462703616,2121755705,12927102404035509
121.0056,disk0w,2190216044544,19803542,1286192609164
121.0056,disk4,7701099759616,15522433,90790017696561
121.0056,disk4w,2195456,171,27582691
121.0056,disk8,7535629199360,7614466,64769194240625
121.0056,disk8w,353136640,46197,2455621395
121.0056,disk6,13363236423680,21804987,184775609552689
121.0056,disk6w,491520,70,201274851
121.0056,ram,700743680,64189857792,284365
121.0056,cpu,15828967,22687477,543171076
121.0056,gpu,37,6,0
121.2056,disk0,940668185702400,2121763027,12927112570640494
121.2056,disk0w,2190216077312,19803550,1286192768120
121.2056,disk4,7701808236544,15523884,90795615870923
121.2056,disk4w,2195456,171,27582691
121.2056,disk8,7536059426816,7614907,64770940665478
121.2056,disk8w,353136640,46197,2455621395
121.2056,disk6,13364339771392,21806653,184786374597629
121.2056,disk6w,491520,70,201274851
121.2056,ram,700743680,64189857792,284365
121.2056,cpu,15828967,22687477,543171076
121.2056,gpu,0,0,0
121.4056,disk0,940670407454720,2121766837,12927124515718556
121.4056,disk0w,2190216077312,19803550,1286192768120
121.4056,disk4,7702463064064,15525227,90801177740346
121.4056,disk4w,2195456,171,27582691
121.4056,disk8,7536656590848,7615519,64772000192781
121.4056,disk8w,353136640,46197,2455621395
121.4056,disk6,13365533628416,21808127,184794118869508
121.4056,disk6w,491520,70,201274851
121.4056,ram,700743680,64189857792,284365
121.4056,cpu,15828967,22687477,543171076
121.4056,gpu,0,0,0
121.6045,disk0,940672204550144,2121770296,12927131902554976
121.6045,disk0w,2190216077312,19803550,1286192768120
121.6045,disk4,7703342000128,15527030,90809897928288
121.6045,disk4w,2195456,171,27582691
121.6045,disk8,7537104463872,7615978,64772505776584
121.6045,disk8w,353136640,46197,2455621395
121.6045,disk6,13366874740736,21810000,184806649083841
121.6045,disk6w,491520,70,201274851
121.6045,ram,702070784,65620459520,284365
121.6045,cpu,15829029,22687627,543172588
121.6045,gpu,0,0,0
121.8045,disk0,940674391412736,2121774812,12927141579918354
121.8045,disk0w,2190216077312,19803550,1286192768120
121.8045,disk4,7704255113216,15528898,90816438511065
121.8045,disk4w,2195456,171,27582691
121.8045,disk8,7537596246016,7616482,64773084341372
121.8045,disk8w,353136640,46197,2455621395
121.8045,disk6,13368254060544,21812051,184819574286029
121.8045,disk6w,491520,70,201274851
121.8045,ram,705740800,65666957312,284365
121.8045,cpu,15829031,22687629,543172620
121.8045,gpu,0,0,0
122.0056,disk0,940676568223744,2121779647,12927155069070422
122.0056,disk0w,2190217187328,19803763,1286197626844
122.0056,disk4,7704997873664,15530344,90820101959170
122.0056,disk4w,2195456,171,27582691
122.0056,disk8,7538052900864,7616950,64773555246723
122.0056,disk8w,353136640,46197,2455621395
122.0056,disk6,13369631401984,21814357,184833789418823
122.0056,disk6w,491520,70,201274851
122.0056,ram,705740800,65666957312,284365
122.0056,cpu,15829031,22687629,543172620
122.0056,gpu,0,0,0
122.2056,disk0,940678603591680,2121784352,12927165617933946
122.2056,disk0w,2190217187328,19803763,1286197626844
122.2056,disk4,7705906661376,15532141,90826565975603
122.2056,disk4w,2195456,171,27582691
122.2056,disk8,7538560804864,7617470,64774138612105
122.2056,disk8w,353136640,46197,2455621395
122.2056,disk6,13371006183424,21816805,184848755769218
122.2056,disk6w,491520,70,201274851
122.2056,ram,705740800,65666957312,284365
122.2056,cpu,15829031,22687629,543172620
122.2056,gpu,0,0,0
122.4056,disk0,940680669392896,2121791386,12927181184433066
122.4056,disk0w,2190217187328,19803763,1286197626844
122.4056,disk4,7706690275328,15533689,90831562121380
122.4056,disk4w,2195456,171,27582691
122.4056,disk8,7539071592448,7617994,64774837299672
122.4056,disk8w,353136640,46197,2455621395
122.4056,disk6,13372220729344,21818885,184861576691502
122.4056,disk6w,491520,70,201274851
122.4056,ram,705740800,65666957312,284365
122.4056,cpu,15829031,22687629,543172620
122.4056,gpu,0,0,0
122.6056,disk0,940682705846272,2121795064,12927192005819205
122.6056,disk0w,2190217187328,19803763,1286197626844
122.6056,disk4,7707472037888,15535269,90836882149187
122.6056,disk4w,2195456,171,27582691
122.6056,disk8,7539598436352,7618534,64776305559905
122.6056,disk8w,353136640,46197,2455621395
122.6056,disk6,13373321750528,21820778,184871281955017
122.6056,disk6w,491520,70,201274851
122.6056,ram,703414272,65476067328,284365
122.6056,cpu,15829087,22687767,543174180
122.6056,gpu,0,0,0
122.8056,disk0,940684670935040,2121801776,12927202026078051
122.8056,disk0w,2190217187328,19803763,1286197626844
122.8056,disk4,7708344543232,15537059,90844681904880
122.8056,disk4w,2195456,171,27582691
122.8056,disk8,7540090218496,7619038,64776933295327
122.8056,disk8w,353136640,46197,2455621395
122.8056,disk6,13374718244864,21822738,184882753458283
122.8056,disk6w,491520,70,201274851
122.8056,ram,703807488,65476067328,284365
122.8056,cpu,15829090,22687771,543174255
122.8056,gpu,0,0,0
123.0056,disk0,940686744084480,2121805399,12927213362503064
123.0056,disk0w,2190217187328,19803763,1286197626844
123.0056,disk4,7709180946432,15538775,90851428850968
123.0056,disk4w,2195456,171,27582691
123.0056,disk8,7540617127936,7619578,64777566393360
123.0056,disk8w,353136640,46197,2455621395
123.0056,disk6,13375993149440,21824564,184893351674800
123.0056,disk6w,491520,70,201274851
123.0056,ram,703807488,65476067328,284365
123.0056,cpu,15829090,22687771,543174255
123.0056,gpu,0,0,0
123.2056,disk0,940688378454016,2121808860,12927219202988216
123.2056,disk0w,2190217187328,19803763,1286197626844
123.2056,disk4,7709912696832,15540275,90856349783479
123.2056,disk4w,2195456,171,27582691
123.2056,disk8,7541135255552,7620109,64778238856316
123.2056,disk8w,353136640,46197,2455621395
123.2056,disk6,13377375975424,21826722,184910411992814
123.2056,disk6w,491520,70,201274851
123.2056,ram,703807488,65476067328,284365
123.2056,cpu,15829090,22687771,543174255
123.2056,gpu,0,0,0
123.4056,disk0,940690285555712,2121813016,12927227591193837
123.4056,disk0w,2190217187328,19803763,1286197626844
123.4056,disk4,7710720919552,15541875,90861082809752
123.4056,disk4w,2195456,171,27582691
123.4056,disk8,7541530437632,7620514,64778723947927
123.4056,disk8w,353136640,46197,2455621395
123.4056,disk6,13378741340160,21829035,184927671190791
123.4056,disk6w,491520,70,201274851
123.4056,ram,703807488,65476067328,284365
123.4056,cpu,15829090,22687771,543174255
123.4056,gpu,0,0,0
123.6056,disk0,940692144226304,2121817278,12927238927636677
123.6056,disk0w,2190217330688,19803777,1286197889215
123.6056,disk4,7711258593280,15542930,90863480997656
123.6056,disk4w,2195456,171,27582691
123.6056,disk8,7541984602112,7620979,64779242673603
123.6056,disk8w,353136640,46197,2455621395
123.6056,disk6,13380043089920,21831407,184946087212583
123.6056,disk6w,491520,70,201274851
123.6056,ram,703971328,65673674752,284365
123.6056,cpu,15829140,22687893,543175775
123.6056,gpu,0,0,0
123.8056,disk0,940694065373184,2121823271,12927250224298542
123.8056,disk0w,2190217330688,19803777,1286197889215
123.8056,disk4,7712101386240,15544587,90869243565452
123.8056,disk4w,2195456,171,27582691
123.8056,disk8,7542601820160,7621612,64780106064305
123.8056,disk8w,353136640,46197,2455621395
123.8056,disk6,13381433387008,21833901,184962392353863
123.8056,disk6w,491520,70,201274851
123.8056,ram,704675840,64138018816,284365
123.8056,cpu,15829142,22687897,543175804
123.8056,gpu,0,0,0
124.0046,disk0,940695872528384,2121826384,12927258466104960
124.0046,disk0w,2190217330688,19803777,1286197889215
124.0046,disk4,7712881723392,15546136,90875559273272
124.0046,disk4w,2195456,171,27582691
124.0046,disk8,7543084820480,7622107,64780700742399
124.0046,disk8w,353136640,46197,2455621395
124.0046,disk6,13382551513088,21835993,184973452425388
124.0046,disk6w,491520,70,201274851
124.0046,ram,704675840,64138018816,284365
124.0046,cpu,15829142,22687897,543175804
124.0046,gpu,0,0,0
124.2056,disk0,940697842794496,2121832373,12927266675391186
124.2056,disk0w,2190217330688,19803777,1286197889215
124.2056,disk4,7713795229696,15548008,90884726658707
124.2056,disk4w,2195456,171,27582691
124.2056,disk8,7543735625728,7622774,64782594371052
124.2056,disk8w,353136640,46197,2455621395
124.2056,disk6,13383770777600,21837738,184983950529992
124.2056,disk6w,491520,70,201274851
124.2056,ram,704675840,64138018816,284365
124.2056,cpu,15829142,22687897,543175804
124.2056,gpu,0,0,0
124.4056,disk0,940700319268864,2121836753,12927278572007658
124.4056,disk0w,2190217330688,19803777,1286197889215
124.4056,disk4,7714528700416,15549511,90889104957413
124.4056,disk4w,2195456,171,27582691
124.4056,disk8,7544340523008,7623394,64783377583895
124.4056,disk8w,353136640,46197,2455621395
124.4056,disk6,13385065261056,21839392,184993304300613
124.4056,disk6w,491520,70,201274851
124.4056,ram,704675840,64138018816,284365
124.4056,cpu,15829142,22687897,543175804
124.4056,gpu,0,0,0
124.6056,disk0,940702591565824,2121841034,12927291886231363
124.6056,disk0w,2190217330688,19803777,1286197889215
124.6056,disk4,7715363907584,15551223,90894556091709
124.6056,disk4w,2195456,171,27582691
124.6056,disk8,7544842135552,7623908,64783929081055
124.6056,disk8w,353136640,46197,2455621395
124.6056,disk6,13386317703168,21841250,185003299296260
124.6056,disk6w,491520,70,201274851
124.6056,ram,704675840,64138018816,284365
124.6056,cpu,15829142,22687897,543175804
124.6056,gpu,0,0,0
124.8056,disk0,940705051115520,2121846432,12927308631187897
124.8056,disk0w,2190217330688,19803777,1286197889215
124.8056,disk4,7716134275072,15552764,90898400443074
124.8056,disk4w,2195456,171,27582691
124.8056,disk8,7545327233024,7624405,64784453579470
124.8056,disk8w,353136640,46197,2455621395
124.8056,disk6,13387585775616,21843223,185014493526463
124.8056,disk6w,491520,70,201274851
124.8056,ram,700301312,65626324992,284365
124.8056,cpu,15829203,22688036,543177470
124.8056,gpu,0,0,0
125.0056,disk0,940707103883264,2121851048,12927321185220519
125.0056,disk0w,2190217330688,19803777,1286197889215
125.0056,disk4,7716846135296,15554157,90901419019394
125.0056,disk4w,2195456,171,27582691
125.0056,disk8,7545771960320,7624861,64784934457770
125.0056,disk8w,353136640,46197,2455621395
125.0056,disk6,13388882241536,21845522,185031157533347
125.0056,disk6w,491520,70,201274851
125.0056,ram,700301312,65626324992,284365
125.0056,cpu,15829203,22688036,543177470
125.0056,gpu,0,0,0
125.2056,disk0,940709160701952,2121856139,12927333017260173
125.2056,disk0w,2190217330688,19803777,1286197889215
125.2056,disk4,7717688264704,15555821,90907504013260
125.2056,disk4w,2195456,171,27582691
125.2056,disk8,7546325215232,7625428,64785669839377
125.2056,disk8w,353136640,46197,2455621395
125.2056,disk6,13390221060096,21847890,185046318915420
125.2056,disk6w,491520,70,201274851
125.2056,ram,700301312,65626324992,284365
125.2056,cpu,15829203,22688036,543177470
125.2056,gpu,0,0,0
125.4056,disk0,940711444135936,2121863030,12927347873453643
125.4056,disk0w,2190217330688,19803777,1286197889215
125.4056,disk4,7718222055424,15556873,90909822318873
125.4056,disk4w,2195456,171,27582691
125.4056,disk8,7546896033792,7626013,64786392899602
125.4056,disk8w,353136640,46197,2455621395
125.4056,disk6,13391564580864,21850469,185063455457182
125.4056,disk6w,491520,70,201274851
125.4056,ram,700301312,65626324992,284365
125.4056,cpu,15829203,22688036,543177470
125.4056,gpu,0,0,0
125.6007,disk0,940713084293120,2121869861,12927357946576987
125.6007,disk0w,2190217330688,19803777,1286197889215
125.6007,disk4,7718839044096,15558131,90914564547696
125.6007,disk4w,2195456,171,27582691
125.6007,disk8,7547422894080,7626553,64787573629920
125.6007,disk8w,353136640,46197,2455621395
125.6007,disk6,13392651446272,21852158,185075795855163
125.6007,disk6w,491520,70,201274851
125.6007,ram,700301312,65626324992,284365
125.6007,cpu,15829203,22688036,543177470
125.6007,gpu,0,0,0
125.8017,disk0,940715253911552,2121875507,12927371596187916
125.8017,disk0w,2190217330688,19803777,1286197889215
125.8017,disk4,7719592249344,15559674,90921302843938
125.8017,disk4w,2195456,171,27582691
125.8017,disk8,7548081530880,7627228,64788631103944
125.8017,disk8w,353136640,46197,2455621395
125.8017,disk6,13393854949376,21853727,185083379795981
125.8017,disk6w,491520,70,201274851
125.8017,ram,700792832,65558790144,284365
125.8017,cpu,15829258,22688175,543179003
125.8017,gpu,49,8,0
126.0056,disk0,940717311135744,2121879196,12927381779289895
126.0056,disk0w,2190217330688,19803777,1286197889215
126.0056,disk4,7720321796096,15561168,90927132696056
126.0056,disk4w,2195456,171,27582691
126.0056,disk8,7548617222144,7627777,64789349158805
126.0056,disk8w,353136640,46197,2455621395
126.0056,disk6,13395123349504,21855456,185094456712535
126.0056,disk6w,491520,70,201274851
126.0056,ram,700792832,65558790144,284365
126.0056,cpu,15829258,22688175,543179003
126.0056,gpu,0,0,0
126.2046,disk0,940719472250880,2121883560,12927392806790557
126.2046,disk0w,2190217330688,19803777,1286197889215
126.2046,disk4,7720938571776,15562433,90930426449112
126.2046,disk4w,2195456,171,27582691
126.2046,disk8,7549170477056,7628344,64790060342699
126.2046,disk8w,353136640,46197,2455621395
126.2046,disk6,13396428728320,21857512,185108551574893
126.2046,disk6w,491520,70,201274851
126.2046,ram,700792832,65558790144,284365
126.2046,cpu,15829258,22688175,543179003
126.2046,gpu,0,0,0
126.4056,disk0,940721723133952,2121888489,12927404709669974
126.4056,disk0w,2190217330688,19803777,1286197889215
126.4056,disk4,7721899100160,15564322,90937145084563
126.4056,disk4w,2195456,171,27582691
126.4056,disk8,7549640108032,7628825,64790598872834
126.4056,disk8w,353136640,46197,2455621395
126.4056,disk6,13397722413056,21859646,185120765360144
126.4056,disk6w,491520,70,201274851
126.4056,ram,700792832,65558790144,284365
126.4056,cpu,15829258,22688175,543179003
126.4056,gpu,0,0,0
126.6026,disk0,940723732287488,2121893022,12927416075818733
126.6026,disk0w,2190217330688,19803777,1286197889215
126.6026,disk4,7722677323776,15565853,90943320368236
126.6026,disk4w,2195456,171,27582691
126.6026,disk8,7550154041344,7629352,64791114633437
126.6026,disk8w,353136640,46197,2455621395
126.6026,disk6,13399000004608,21861832,185135683033549
126.6026,disk6w,491520,70,201274851
126.6026,ram,700792832,65558790144,284365
126.6026,cpu,15829258,22688175,543179003
126.6026,gpu,30,6,0
126.8056,disk0,940725620621312,2121900478,12927426442468402
126.8056,disk0w,2190217330688,19803777,1286197889215
126.8056,disk4,7723455563776,15567391,90947748186259
126.8056,disk4w,2195456,171,27582691
126.8056,disk8,7550689732608,7629901,64791848764834
126.8056,disk8w,353136640,46197,2455621395
126.8056,disk6,13400392890368,21864282,185154027037880
126.8056,disk6w,491520,70,201274851
126.8056,ram,704888832,64102842368,284365
126.8056,cpu,15829317,22688329,543180642
126.8056,gpu,0,0,0
127.0056,disk0,940727156166656,2121903018,12927430877897599
127.0056,disk0w,2190218403840,19803937,1286202026790
127.0056,disk4,7724204328960,15568893,90954513278011
127.0056,disk4w,2195456,171,27582691
127.0056,disk8,7551170127872,7630393,64793435422085
127.0056,disk8w,353136640,46197,2455621395
127.0056,disk6,13401516210176,21866343,185167961392873
127.0056,disk6w,491520,70,201274851
127.0056,ram,704888832,64102842368,284365
127.0056,cpu,15829317,22688329,543180642
127.0056,gpu,0,0,0
127.2056,disk0,940729270308864,2121910051,12927440871190037
127.2056,disk0w,2190218403840,19803937,1286202026790
127.2056,disk4,7724936726528,15570394,90960406107587
127.2056,disk4w,2195456,171,27582691
127.2056,disk8,7551892727808,7631134,64794682974872
127.2056,disk8w,353136640,46197,2455621395
127.2056,disk6,13402846197760,21868230,185180185594965
127.2056,disk6w,491520,70,201274851
127.2056,ram,704888832,64102842368,284365
127.2056,cpu,15829317,22688329,543180642
127.2056,gpu,0,0,0
127.4056,disk0,940731102564352,2121912862,12927446247203346
127.4056,disk0w,2190218403840,19803937,1286202026790
127.4056,disk4,7725691258880,15571942,90965660205799
127.4056,disk4w,2195456,171,27582691
127.4056,disk8,7552438249472,7631693,64795387785235
127.4056,disk8w,353136640,46197,2455621395
127.4056,disk6,13404243654656,21869891,185193110278293
127.4056,disk6w,491520,70,201274851
127.4056,ram,704888832,64102842368,284365
127.4056,cpu,15829317,22688329,543180642
127.4056,gpu,0,0,0
127.6056,disk0,940733030748160,2121916720,12927458292137635
127.6056,disk0w,2190218403840,19803937,1286202026790
127.6056,disk4,7726377191424,15573348,90970922929957
127.6056,disk4w,2195456,171,27582691
127.6056,disk8,7552867510272,7632133,64795849010545
127.6056,disk8w,353136640,46197,2455621395
127.6056,disk6,13405441849344,21871752,185205024384433
127.6056,disk6w,491520,70,201274851
127.6056,ram,704888832,64102842368,284365
127.6056,cpu,15829317,22688329,543180642
127.6056,gpu,0,0,0
127.8046,disk0,940735071268864,2121921170,12927468449332760
127.8046,disk0w,2190218403840,19803937,1286202026790
127.8046,disk4,7727280719872,15575148,90977046134632
127.8046,disk4w,2195456,171,27582691
127.8046,disk8,7553306601472,7632583,64796325576188
127.8046,disk8w,353136640,46197,2455621395
127.8046,disk6,13406775080960,21873866,185219020941629
127.8046,disk6w,491520,70,201274851
127.8046,ram,706117632,65708015616,284365
127.8046,cpu,15829378,22688459,543182213
127.8046,gpu,0,0,0
128.0056,disk0,940737227063296,2121926029,12927479585771825
128.0056,disk0w,2190218403840,19803937,1286202026790
128.0056,disk4,7728209299456,15576967,90985814022158
128.0056,disk4w,2195456,171,27582691
128.0056,disk8,7553824729088,7633114,64796910072424
128.0056,disk8w,353136640,46197,2455621395
128.0056,disk6,13408059488256,21876070,185230747684786
128.0056,disk6w,491520,70,201274851
128.0056,ram,706117632,65708015616,284365
128.0056,cpu,15829378,22688459,543182213
128.0056,gpu,0,0,0
128.2046,disk0,940739299364864,2121937138,12927496502955038
128.2046,disk0w,2190218403840,19803937,1286202026790
128.2046,disk4,7728998926336,15578531,90990427968018
128.2046,disk4w,2195456,171,27582691
128.2046,disk8,7554527275008,7633834,64798015856102
128.2046,disk8w,353136640,46197,2455621395
128.2046,disk6,13409402468352,21878395,185246061092716
128.2046,disk6w,491520,70,201274851
128.2046,ram,706117632,65708015616,284365
128.2046,cpu,15829378,22688459,543182213
128.2046,gpu,0,0,0
128.4056,disk0,940740867608576,2121941494,12927502236729359
128.4056,disk0w,2190218403840,19803937,1286202026790
128.4056,disk4,7729613080576,15579750,90993423622797
128.4056,disk4w,2195456,171,27582691
128.4056,disk8,7554975148032,7634293,64798640859314
128.4056,disk8w,353136640,46197,2455621395
128.4056,disk6,13410702100480,21880846,185266570892850
128.4056,disk6w,491520,70,201274851
128.4056,ram,706117632,65708015616,284365
128.4056,cpu,15829378,22688459,543182213
128.4056,gpu,0,0,0
128.6056,disk0,940742472957952,2121945922,12927510821706047
128.6056,disk0w,2190218403840,19803937,1286202026790
128.6056,disk4,7730115135488,15580779,90997689675620
128.6056,disk4w,2195456,171,27582691
128.6056,disk8,7555458131968,7634788,64799231062893
128.6056,disk8w,353136640,46197,2455621395
128.6056,disk6,13411885537280,21882575,185280306377202
128.6056,disk6w,491520,70,201274851
128.6056,ram,706117632,65708015616,284365
128.6056,cpu,15829378,22688459,543182213
128.6056,gpu,0,0,0
128.8056,disk0,940744659062784,2121949833,12927521614814530
128.8056,disk0w,2190218403840,19803937,1286202026790
128.8056,disk4,7730885265408,15582357,91003473373558
128.8056,disk4w,2195456,171,27582691
128.8056,disk8,7556014532608,7635358,64800034396780
128.8056,disk8w,353136640,46197,2455621395
128.8056,disk6,13413172058112,21884096,185289655575914
128.8056,disk6w,491520,70,201274851
128.8056,ram,701612032,65482145792,284365
128.8056,cpu,15829438,22688604,543183839
128.8056,gpu,0,0,0
129.0046,disk0,940746649706496,2121953532,12927530327931785
129.0046,disk0w,2190218403840,19803937,1286202026790
129.0046,disk4,7731803219968,15584239,91010544668348
129.0046,disk4w,2195456,171,27582691
129.0046,disk8,7556590987264,7635949,64800677836060
129.0046,disk8w,353136640,46197,2455621395
129.0046,disk6,13414402414592,21885824,185301315992461
129.0046,disk6w,491520,70,201274851
129.0046,ram,701612032,65482145792,284365
129.0046,cpu,15829438,22688604,543183839
129.0046,gpu,0,0,0
129.2056,disk0,940748721221632,2121957606,12927539095584689
129.2056,disk0w,2190218403840,19803937,1286202026790
129.2056,disk4,7732727744512,15586129,91017160617963
129.2056,disk4w,2195456,171,27582691
129.2056,disk8,7556968605696,7636336,64801071801888
129.2056,disk8w,353136640,46197,2455621395
129.2056,disk6,13415710939136,21887833,185312958359413
129.2056,disk6w,491520,70,201274851
129.2056,ram,701612032,65482145792,284365
129.2056,cpu,15829438,22688604,543183839
129.2056,gpu,0,0,0
129.4056,disk0,940750711697408,2121962148,12927549993120959
129.4056,disk0w,2190218403840,19803937,1286202026790
129.4056,disk4,7733552465920,15587727,91022745309642
129.4056,disk4w,2195456,171,27582691
129.4056,disk8,7557302315008,7636678,64801407620311
129.4056,disk8w,353136640,46197,2455621395
129.4056,disk6,13416935401472,21889933,185327138573206
129.4056,disk6w,491520,70,201274851
129.4056,ram,701612032,65482145792,284365
129.4056,cpu,15829438,22688604,543183839
129.4056,gpu,0,0,0
129.6056,disk0,940752726032384,2121966630,12927562365444717
129.6056,disk0w,2190218403840,19803937,1286202026790
129.6056,disk4,7734325307392,15589254,91028417374658
129.6056,disk4w,2195456,171,27582691
129.6056,disk8,7557953218560,7637345,64802301227041
129.6056,disk8w,353136640,46197,2455621395
129.6056,disk6,13418122012672,21892071,185341399401166
129.6056,disk6w,491520,70,201274851
129.6056,ram,701612032,65482145792,284365
129.6056,cpu,15829438,22688604,543183839
129.6056,gpu,0,0,0
129.8056,disk0,940754474000384,2121972468,12927570847732968
129.8056,disk0w,2190218403840,19803937,1286202026790
129.8056,disk4,7735148365824,15590880,91035328250146
129.8056,disk4w,2195456,171,27582691
129.8056,disk8,7558496643072,7637902,64802935127274
129.8056,disk8w,353136640,46197,2455621395
129.8056,disk6,13419469563904,21894376,185356993700560
129.8056,disk6w,491520,70,201274851
129.8056,ram,703184896,64131825664,284365
129.8056,cpu,15829492,22688736,543185466
129.8056,gpu,0,0,0
130.0030,disk0,940755947859968,2121975035,12927578842356226
130.0030,disk0w,2190218403840,19803937,1286202026790
130.0030,disk4,7735665477632,15591915,91038109930621
130.0030,disk4w,2195456,171,27582691
130.0030,disk8,7558803990528,7638217,64803270572790
130.0030,disk8w,353136640,46197,2455621395
130.0030,disk6,13420628666368,21896523,185376720815592
130.0030,disk6w,491520,70,201274851
130.0030,ram,703184896,64131825664,284365
130.0030,cpu,15829492,22688736,543185466
130.0030,gpu,0,0,0
130.2056,disk0,940758100508672,2121985695,12927593005579881
130.2056,disk0w,2190218403840,19803937,1286202026790
130.2056,disk4,7736500406272,15593629,91044866669786
130.2056,disk4w,2195456,171,27582691
130.2056,disk8,7559295772672,7638721,64803910790156
130.2056,disk8w,353136640,46197,2455621395
130.2056,disk6,13421884352512,21898302,185386927905793
130.2056,disk6w,491520,70,201274851
130.2056,ram,703184896,64131825664,284365
130.2056,cpu,15829492,22688736,543185466
130.2056,gpu,0,0,0
130.4056,disk0,940760133046272,2121989221,12927602237207148
130.4056,disk0w,2190218457088,19803942,1286202125747
130.4056,disk4,7737260853248,15595183,91050294633302
130.4056,disk4w,2195456,171,27582691
130.4056,disk8,7559752427520,7639189,64804425049248
130.4056,disk8w,353136640,46197,2455621395
130.4056,disk6,13423221942272,21899970,185397674122098
130.4056,disk6w,491520,70,201274851
130.4056,ram,703184896,64131825664,284365
130.4056,cpu,15829492,22688736,543185466
130.4056,gpu,0,0,0
130.6056,disk0,940762325389312,2121993553,12927615217419361
130.6056,disk0w,2190218489856,19803950,1286202329118
130.6056,disk4,7737977153536,15596653,91054767764688
130.6056,disk4w,2195456,171,27582691
130.6056,disk8,7560288118784,7639738,64805003988446
130.6056,disk8w,353136640,46197,2455621395
130.6056,disk6,13424524814336,21901779,185407871088005
130.6056,disk6w,491520,70,201274851
130.6056,ram,703184896,64131825664,284365
130.6056,cpu,15829492,22688736,543185466
130.6056,gpu,0,0,0
130.8056,disk0,940764300431360,2121997809,12927625167479385
130.8056,disk0w,2190224486400,19804113,1286206945932
130.8056,disk4,7738806831104,15598305,91060018946984
130.8056,disk4w,2195456,171,27582691
130.8056,disk8,7560806246400,7640269,64805612590680
130.8056,disk8w,353136640,46197,2455621395
130.8056,disk6,13425851611136,21903835,185421593256866
130.8056,disk6w,491520,70,201274851
130.8056,ram,502382592,66016952320,284365
130.8056,cpu,15829555,22688875,543187050
130.8056,gpu,0,0,0
131.0033,disk0,940766512189440,2122002952,12927638990890247
131.0033,disk0w,2190224486400,19804113,1286206945932
131.0033,disk4,7739577198592,15599815,91064759656644
131.0033,disk4w,2195456,171,27582691
131.0033,disk8,7561324374016,7640800,64806228696121
131.0033,disk8w,353136640,46197,2455621395
131.0033,disk6,13427146487808,21906074,185434620014846
131.0033,disk6w,491520,70,201274851
131.0033,ram,502382592,66016952320,284365
131.0033,cpu,15829555,22688875,543187050
131.0033,gpu,0,0,0
131.2017,disk0,940768521129984,2122010374,12927653638303412
131.2017,disk0w,2190224486400,19804113,1286206945932
131.2017,disk4,7740498708480,15601634,91072188463709
131.2017,disk4w,2195456,171,27582691
131.2017,disk8,7561781028864,7641268,64806787509585
131.2017,disk8w,353136640,46197,2455621395
131.2017,disk6,13428310018048,21908135,185446609655490
131.2017,disk6w,491520,70,201274851
131.2017,ram,502382592,66016952320,284365
131.2017,cpu,15829555,22688875,543187050
131.2017,gpu,37,9,0
131.4046,disk0,940770157989888,2122013165,12927659106155359
131.4046,disk0w,2190224486400,19804113,1286206945932
131.4046,disk4,7741124118528,15602870,91075577459262
131.4046,disk4w,2195456,171,27582691
131.4046,disk8,7562302302208,7641802,64807381071532
131.4046,disk8w,353136640,46197,2455621395
131.4046,disk6,13429685311488,21910728,185467796585942
131.4046,disk6w,491520,70,201274851
131.4046,ram,502382592,66016952320,284365
131.4046,cpu,15829555,22688875,543187050
131.4046,gpu,0,0,0
131.6046,disk0,940771766968320,2122016175,12927666166686421
131.6046,disk0w,2190224486400,19804113,1286206945932
131.6046,disk4,7741738272768,15604130,91081410315786
131.6046,disk4w,2195456,171,27582691
131.6046,disk8,7562740312064,7642251,64808163771747
131.6046,disk8w,353136640,46197,2455621395
131.6046,disk6,13430805878784,21912563,185481250613690
131.6046,disk6w,491520,70,201274851
131.6046,ram,502382592,66016952320,284365
131.6046,cpu,15829555,22688875,543187050
131.6046,gpu,0,0,0
131.8029,disk0,940773755150336,2122019610,12927674114697199
131.8029,disk0w,2190224490496,19804114,1286206955473
131.8029,disk4,7742299785216,15605281,91084133649300
131.8029,disk4w,2195456,171,27582691
131.8029,disk8,7563168524288,7642690,64808673492550
131.8029,disk8w,353136640,46197,2455621395
131.8029,disk6,13432175155200,21914318,185495662461491
131.8029,disk6w,491520,70,201274851
131.8029,ram,492912640,65728626688,284365
131.8029,cpu,15829632,22689047,543188556
131.8029,gpu,27,5,0
132.0046,disk0,940776098881536,2122024203,12927689035013404
132.0046,disk0w,2190224490496,19804114,1286206955473
132.0046,disk4,7743157364736,15607040,91090426455254
132.0046,disk4w,2195456,171,27582691
132.0046,disk8,7563805009920,7643342,64809588917119
132.0046,disk8w,353136640,46197,2455621395
132.0046,disk6,13433366026240,21915963,185503142319394
132.0046,disk6w,491520,70,201274851
132.0046,ram,492912640,65728626688,284365
132.0046,cpu,15829632,22689047,543188556
132.0046,gpu,0,0,0
132.2055,disk0,940777916588032,2122028090,12927696951805306
132.2055,disk0w,2190224490496,19804114,1286206955473
132.2055,disk4,7743875516416,15608512,91095940682783
132.2055,disk4w,2195456,171,27582691
132.2055,disk8,7564292597760,7643842,64810120746116
132.2055,disk8w,353136640,46197,2455621395
132.2055,disk6,13434711332864,21917929,185518192367452
132.2055,disk6w,491520,70,201274851
132.2055,ram,492912640,65728626688,284365
132.2055,cpu,15829632,22689047,543188556
132.2055,gpu,0,0,0
132.4056,disk0,940779998892032,2122032609,12927709939240456
132.4056,disk0w,2190224490496,19804114,1286206955473
132.4056,disk4,7744671287296,15610059,91100120469931
132.4056,disk4w,2195456,171,27582691
132.4056,disk8,7564711634944,7644271,64810565550723
132.4056,disk8w,353136640,46197,2455621395
132.4056,disk6,13436002424832,21920078,185532864446556
132.4056,disk6w,491520,70,201274851
132.4056,ram,492912640,65728626688,284365
132.4056,cpu,15829632,22689047,543188556
132.4056,gpu,0,0,0
132.6046,disk0,940782180130816,2122037645,12927723987501566
132.6046,disk0w,2190224490496,19804114,1286206955473
132.6046,disk4,7745407985664,15611515,91106063845030
132.6046,disk4w,2195456,171,27582691
132.6046,disk8,7565180610560,7644752,64811125232650
132.6046,disk8w,353136640,46197,2455621395
132.6046,disk6,13437284755456,21922425,185546208797961
132.6046,disk6w,491520,70,201274851
132.6046,ram,492912640,65728626688,284365
132.6046,cpu,15829632,22689047,543188556
132.6046,gpu,0,0,0
132.8029,disk0,940783583752192,2122042992,12927731596529224
132.8029,disk0w,2190224494592,19804115,1286206968973
132.8029,disk4,7746272299008,15613220,91115544026049
132.8029,disk4w,2195456,171,27582691
132.8029,disk8,7565598599168,7645180,64811555644464
132.8029,disk8w,353136640,46197,2455621395
132.8029,disk6,13438392776704,21924264,185558253848091
132.8029,disk6w,491520,70,201274851
132.8029,ram,540786688,64163184640,284365
132.8029,cpu,15829714,22689202,543190171
132.8029,gpu,0,0,0
133.0014,disk0,940785110175744,2122045524,12927737438414079
133.0014,disk0w,2190224494592,19804115,1286206968973
133.0014,disk4,7746835761152,15614339,91118511720705
133.0014,disk4w,2195456,171,27582691
133.0014,disk8,7566075258880,7645669,64812279701096
133.0014,disk8w,353136640,46197,2455621395
133.0014,disk6,13439595378688,21926459,185577075550726
133.0014,disk6w,491520,70,201274851
133.0014,ram,540786688,64163184640,284365
133.0014,cpu,15829714,22689202,543190171
133.0014,gpu,0,0,0
133.2056,disk0,940787455295488,2122051154,12927751819053814
133.2056,disk0w,2190224494592,19804115,1286206968973
133.2056,disk4,7747603269632,15615913,91124108294270
133.2056,disk4w,2195456,171,27582691
133.2056,disk8,7566672422912,7646281,64813072481860
133.2056,disk8w,353136640,46197,2455621395
133.2056,disk6,13440884668416,21928390,185588204486756
133.2056,disk6w,491520,70,201274851
133.2056,ram,540786688,64163184640,284365
133.2056,cpu,15829714,22689202,543190171
133.2056,gpu,0,0,0
133.4056,disk0,940789480570880,2122054423,12927760619722892
133.4056,disk0w,2190224494592,19804115,1286206968973
133.4056,disk4,7748283418624,15617308,91127669455528
133.4056,disk4w,2195456,171,27582691
133.4056,disk8,7567321884672,7646946,64813855930928
133.4056,disk8w,353136640,46197,2455621395
133.4056,disk6,13442201745408,21930121,185600885377639
133.4056,disk6w,491520,70,201274851
133.4056,ram,540786688,64163184640,284365
133.4056,cpu,15829714,22689202,543190171
133.4056,gpu,0,0,0
133.6056,disk0,940791391223808,2122058168,12927769068638339
133.6056,disk0w,2190224494592,19804115,1286206968973
133.6056,disk4,7748950214656,15618675,91133014429198
133.6056,disk4w,2195456,171,27582691
133.6056,disk8,7567987206144,7647628,64814761441254
133.6056,disk8w,353136640,46197,2455621395
133.6056,disk6,13443555637248,21932244,185613763028145
133.6056,disk6w,491520,70,201274851
133.6056,ram,540786688,64163184640,284365
133.6056,cpu,15829714,22689202,543190171
133.6056,gpu,0,0,0
133.8056,disk0,940793191153664,2122062167,12927777365982202
133.8056,disk0w,2190224498688,19804116,1286206978681
133.8056,disk4,7749716674560,15620214,91137890440825
133.8056,disk4w,2195456,171,27582691
133.8056,disk8,7568428787712,7648081,64815417930527
133.8056,disk8w,353136640,46197,2455621395
133.8056,disk6,13444912003072,21934295,185629463982176
133.8056,disk6w,491520,70,201274851
133.8056,ram,559153152,65647591424,284365
133.8056,cpu,15829769,22689315,543191710
133.8056,gpu,0,0,0
134.0056,disk0,940795537604608,2122067728,12927797315176288
134.0056,disk0w,2190224498688,19804116,1286206978681
134.0056,disk4,7750345230336,15621441,91140789652527
134.0056,disk4w,2195456,171,27582691
134.0056,disk8,7568973260800,7648639,64816085549419
134.0056,disk8w,353136640,46197,2455621395
134.0056,disk6,13446080002048,21936319,185639864904333
134.0056,disk6w,491520,70,201274851
134.0056,ram,559153152,65647591424,284365
134.0056,cpu,15829769,22689315,543191710
134.0056,gpu,0,0,0
134.2056,disk0,940797347807232,2122071917,12927804394961495
134.2056,disk0w,2190224498688,19804116,1286206978681
134.2056,disk4,7751109347328,15622954,91144770223886
134.2056,disk4w,2195456,171,27582691
134.2056,disk8,7569508952064,7649188,64816683806863
134.2056,disk8w,353136640,46197,2455621395
134.2056,disk6,13447480236032,21938778,185658219475055
134.2056,disk6w,491520,70,201274851
134.2056,ram,559153152,65647591424,284365
134.2056,cpu,15829769,22689315,543191710
134.2056,gpu,0,0,0
134.4046,disk0,940799480836096,2122079614,12927819479775187
134.4046,disk0w,2190224498688,19804116,1286206978681
134.4046,disk4,7751849707520,15624414,91149646258933
134.4046,disk4w,2195456,171,27582691
134.4046,disk8,7570035861504,7649728,64817475095930
134.4046,disk8w,353136640,46197,2455621395
134.4046,disk6,13448657819648,21941062,185673431375558
134.4046,disk6w,491520,70,201274851
134.4046,ram,559153152,65647591424,284365
134.4046,cpu,15829769,22689315,543191710
134.4046,gpu,0,0,0
134.6056,disk0,940801146413056,2122083766,12927827720879901
134.6056,disk0w,2190224498688,19804116,1286206978681
134.6056,disk4,7752451287040,15625641,91153718597278
134.6056,disk4w,2195456,171,27582691
134.6056,disk8,7570504411136,7650208,64818184488937
134.6056,disk8w,353136640,46197,2455621395
134.6056,disk6,13449839712256,21942900,185688752406114
134.6056,disk6w,491520,70,201274851
134.6056,ram,559153152,65647591424,284365
134.6056,cpu,15829769,22689315,543191710
134.6056,gpu,0,0,0
134.8014,disk0,940803278168064,2122087376,12927838777858355
134.8014,disk0w,2190224502784,19804117,1286206987556
134.8014,disk4,7753152792576,15627078,91157356917429
134.8014,disk4w,2195456,171,27582691
134.8014,disk8,7571040102400,7650757,64818924939080
134.8014,disk8w,353136640,46197,2455621395
134.8014,disk6,13451101657088,21944548,185698920318200
134.8014,disk6w,491520,70,201274851
134.8014,ram,585744384,65552154624,284365
134.8014,cpu,15829833,22689460,543193366
134.8014,gpu,0,0,0
135.0056,disk0,940805699280896,2122091743,12927851667671271
135.0056,disk0w,2190224502784,19804117,1286206987556
135.0056,disk4,7753872091136,15628553,91161073798274
135.0056,disk4w,2195456,171,27582691
135.0056,disk8,7571730720768,7651465,64819812558850
135.0056,disk8w,353591296,46272,2459045079
135.0056,disk6,13452424337408,21946403,185709322164839
135.0056,disk6w,491520,70,201274851
135.0056,ram,585744384,65552154624,284365
135.0056,cpu,15829833,22689460,543193366
135.0056,gpu,0,0,0
135.2020,disk0,940807767777280,2122096234,12927865296305007
135.2020,disk0w,2190229082112,19804400,1286215275502
135.2020,disk4,7754598877184,15630043,91167489155761
135.2020,disk4w,2195456,171,27582691
135.2020,disk8,7572196157440,7651942,64820447232148
135.2020,disk8w,353591296,46272,2459045079
135.2020,disk6,13453592909824,21948152,185719531636888
135.2020,disk6w,491520,70,201274851
135.2020,ram,585744384,65552154624,284365
135.2020,cpu,15829833,22689460,543193366
135.2020,gpu,0,0,0
135.4056,disk0,940809931517952,2122100975,12927879568855229
135.4056,disk0w,2190229082112,19804400,1286215275502
135.4056,disk4,7755249698816,15631310,91170895870050
135.4056,disk4w,2195456,171,27582691
135.4056,disk8,7572714285056,7652473,64821103167847
135.4056,disk8w,353591296,46272,2459045079
135.4056,disk6,13454855215104,21950282,185733350754294
135.4056,disk6w,491520,70,201274851
135.4056,ram,585744384,65552154624,284365
135.4056,cpu,15829833,22689460,543193366
135.4056,gpu,0,0,0
135.6056,disk0,940812083101696,2122105903,12927894020338021
135.6056,disk0w,2190229086208,19804401,1286215289543
135.6056,disk4,7755940857856,15632680,91176158654924
135.6056,disk4w,2195456,171,27582691
135.6056,disk8,7573249976320,7653022,64821723129781
135.6056,disk8w,353591296,46272,2459045079
135.6056,disk6,13456175339520,21952718,185747158065036
135.6056,disk6w,491520,70,201274851
135.6056,ram,585744384,65552154624,284365
135.6056,cpu,15829833,22689460,543193366
135.6056,gpu,0,0,0
135.8019,disk0,940813840560128,2122112767,12927906808316433
135.8019,disk0w,2190229454848,19804464,1286218047314
135.8019,disk4,7756846499840,15634468,91185318085022
135.8019,disk4w,2195456,171,27582691
135.8019,disk8,7573732976640,7653517,64822292251614
135.8019,disk8w,353591296,46272,2459045079
135.8019,disk6,13457307604992,21954545,185756799780395
135.8019,disk6w,491520,70,201274851
135.8019,ram,609746944,64102285312,284365
135.8019,cpu,15829899,22689624,543194915
135.8019,gpu,0,0,0
136.0056,disk0,940815337607168,2122115263,12927912877376257
136.0056,disk0w,2190229909504,19804505,1286218606383
136.0056,disk4,7757539616768,15635854,91190263289881
136.0056,disk4w,2195456,171,27582691
136.0056,disk8,7574321227776,7654120,64824519396652
136.0056,disk8w,353591296,46272,2459045079
136.0056,disk6,13458451961856,21956667,185771331991948
136.0056,disk6w,491520,70,201274851
136.0056,ram,609746944,64102285312,284365
136.0056,cpu,15829899,22689624,543194915
136.0056,gpu,0,0,0
136.2056,disk0,940817414688768,2122121357,12927923494321672
136.2056,disk0w,2190229909504,19804505,1286218606383
136.2056,disk4,7758252533760,15637317,91194734416430
136.2056,disk4w,2195456,171,27582691
136.2056,disk8,7574839355392,7654651,64825135822846
136.2056,disk8w,353591296,46272,2459045079
136.2056,disk6,13459790551040,21958608,185785163238204
136.2056,disk6w,491520,70,201274851
136.2056,ram,609746944,64102285312,284365
136.2056,cpu,15829899,22689624,543194915
136.2056,gpu,0,0,0
136.4056,disk0,940819611930624,2122125114,12927932429475149
136.4056,disk0w,2190229909504,19804505,1286218606383
136.4056,disk4,7759044118528,15638941,91199958771392
136.4056,disk4w,2195456,171,27582691
136.4056,disk8,7575365871616,7655190,64825791456791
136.4056,disk8w,353591296,46272,2459045079
136.4056,disk6,13461161269248,21960286,185795654603310
136.4056,disk6w,491520,70,201274851
136.4056,ram,609746944,64102285312,284365
136.4056,cpu,15829899,22689624,543194915
136.4056,gpu,0,0,0
136.6056,disk0,940822072119296,2122130035,12927948121185590
136.6056,disk0w,2190229913600,19804506,1286218619424
136.6056,disk4,7759636531200,15640157,91203337382625
136.6056,disk4w,2195456,171,27582691
136.6056,disk8,7576051247104,7655893,64826731630383
136.6056,disk8w,353591296,46272,2459045079
136.6056,disk6,13462521649152,21962419,185807023849030
136.6056,disk6w,491520,70,201274851
136.6056,ram,609746944,64102285312,284365
136.6056,cpu,15829899,22689624,543194915
136.6056,gpu,0,0,0
136.8057,disk0,940824283803648,2122135080,12927961360213990
136.8057,disk0w,2190229913600,19804506,1286218619424
136.8057,disk4,7760252782592,15641379,91207442552882
136.8057,disk4w,2195456,171,27582691
136.8057,disk8,7576481556480,7656334,64827163769439
136.8057,disk8w,353591296,46272,2459045079
136.8057,disk6,13463837480960,21964420,185820378563661
136.8057,disk6w,491520,70,201274851
136.8057,ram,622854144,65691975680,284365
136.8057,cpu,15829968,22689775,543196410
136.8057,gpu,0,0,0
137.0040,disk0,940826368413696,2122139896,12927976452156821
137.0040,disk0w,2190229913600,19804506,1286218619424
137.0040,disk4,7760954165248,15642755,91212823991505
137.0040,disk4w,2195456,171,27582691
137.0040,disk8,7576982120448,7656847,64827820049189
137.0040,disk8w,353591296,46272,2459045079
137.0040,disk6,13465093609472,21966591,185832754423439
137.0040,disk6w,491520,70,201274851
137.0040,ram,622854144,65691975680,284365
137.0040,cpu,15829968,22689775,543196410
137.0040,gpu,0,0,0
137.2056,disk0,940828117438464,2122144461,12927985839923761
137.2056,disk0w,2190229913600,19804506,1286218619424
137.2056,disk4,7761832577024,15644493,91222197484090
137.2056,disk4w,2195456,171,27582691
137.2056,disk8,7577438775296,7657315,64828365579039
137.2056,disk8w,353591296,46272,2459045079
137.2056,disk6,13466391238656,21968872,185845435671063
137.2056,disk6w,491520,70,201274851
137.2056,ram,622854144,65691975680,284365
137.2056,cpu,15829968,22689775,543196410
137.2056,gpu,0,0,0
137.4056,disk0,940829844713472,2122153677,12927995424292897
137.4056,disk0w,2190229913600,19804506,1286218619424
137.4056,disk4,7762768726016,15646343,91232638502474
137.4056,disk4w,2195456,171,27582691
137.4056,disk8,7577930557440,7657819,64828907793618
137.4056,disk8w,353591296,46272,2459045079
137.4056,disk6,13467537872896,21971174,185860381573579
137.4056,disk6w,491520,70,201274851
137.4056,ram,622854144,65691975680,284365
137.4056,cpu,15829968,22689775,543196410
137.4056,gpu,0,0,0
137.6034,disk0,940831720075264,2122161355,12928009270267140
137.6034,disk0w,2190229917696,19804507,1286218633215
137.6034,disk4,7763365332992,15647562,91236660608950
137.6034,disk4w,2195456,171,27582691
137.6034,disk8,7578422306816,7658323,64829680767826
137.6034,disk8w,353591296,46272,2459045079
137.6034,disk6,13468725712896,21973109,185872983081427
137.6034,disk6w,491520,70,201274851
137.6034,ram,622854144,65691975680,284365
137.6034,cpu,15829968,22689775,543196410
137.6034,gpu,32,6,0
137.8057,disk0,940833962389504,2122165286,12928019853739347
137.8057,disk0w,2190229917696,19804507,1286218633215
137.8057,disk4,7763945154560,15648752,91239895487332
137.8057,disk4w,2195456,171,27582691
137.8057,disk8,7578984343552,7658899,64830362244675
137.8057,disk8w,353591296,46272,2459045079
137.8057,disk6,13470066628608,21974752,185884173544081
137.8057,disk6w,491520,70,201274851
137.8057,ram,635142144,65555185664,284365
137.8057,cpu,15830024,22689912,543198028
137.8057,gpu,0,0,0
138.0046,disk0,940835895754752,2122168888,12928027577488353
138.0046,disk0w,2190229917696,19804507,1286218633215
138.0046,disk4,7764564838400,15650021,91243624060653
138.0046,disk4w,2195456,171,27582691
138.0046,disk8,7579591337984,7659521,64831088266304
138.0046,disk8w,353591296,46272,2459045079
138.0046,disk6,13471448422400,21976628,185898396570762
138.0046,disk6w,491520,70,201274851
138.0046,ram,635142144,65555185664,284365
138.0046,cpu,15830024,22689912,543198028
138.0046,gpu,40,4,0
138.2057,disk0,940838190743552,2122173577,12928040764770365
138.2057,disk0w,2190229917696,19804507,1286218633215
138.2057,disk4,7765389551616,15651712,91248912752444
138.2057,disk4w,2195456,171,27582691
138.2057,disk8,7580055726080,7659997,64831624033819
138.2057,disk8w,353591296,46272,2459045079
138.2057,disk6,13472675436544,21978483,185908463201222
138.2057,disk6w,491520,70,201274851
138.2057,ram,635142144,65555185664,284365
138.2057,cpu,15830024,22689912,543198028
138.2057,gpu,0,0,0
138.4057,disk0,940840644362240,2122179002,12928056667324832
138.4057,disk0w,2190229934080,19804509,1286218664173
138.4057,disk4,7766239037440,15653364,91254527847480
138.4057,disk4w,2195456,171,27582691
138.4057,disk8,7580477253632,7660429,64832076141594
138.4057,disk8w,353591296,46272,2459045079
138.4057,disk6,13473951635456,21980776,185920586369690
138.4057,disk6w,491520,70,201274851
138.4057,ram,635142144,65555185664,284365
138.4057,cpu,15830024,22689912,543198028
138.4057,gpu,0,0,0
138.6057,disk0,940842799955968,2122183920,12928068273749535
138.6057,disk0w,2190229938176,19804510,1286218679381
138.6057,disk4,7767087450112,15655043,91259863577640
138.6057,disk4w,2195456,171,27582691
138.6057,disk8,7580995381248,7660960,64832773635792
138.6057,disk8w,353591296,46272,2459045079
138.6057,disk6,13475255588864,21983011,185935180430654
138.6057,disk6w,491520,70,201274851
138.6057,ram,635142144,65555185664,284365
138.6057,cpu,15830024,22689912,543198028
138.6057,gpu,0,0,0
138.8049,disk0,940844493033472,2122189676,12928078090286673
138.8049,disk0w,2190229938176,19804510,1286218679381
138.8049,disk4,7767673194496,15656196,91262630421139
138.8049,disk4w,2195456,171,27582691
138.8049,disk8,7581478381568,7661455,64833282501298
138.8049,disk8w,353591296,46272,2459045079
138.8049,disk6,13476617377792,21985467,185954813255514
138.8049,disk6w,491520,70,201274851
138.8049,ram,639877120,64023592960,284365
138.8049,cpu,15830078,22690049,543199602
138.8049,gpu,0,0,0
139.0057,disk0,940846159818752,2122192847,12928085612621791
139.0057,disk0w,2190229938176,19804510,1286218679381
139.0057,disk4,7768321157120,15657510,91267365775561
139.0057,disk4w,2195456,171,27582691
139.0057,disk8,7582049085440,7662040,64835628748174
139.0057,disk8w,353591296,46272,2459045079
139.0057,disk6,13477721593856,21987378,185967841404376
139.0057,disk6w,491520,70,201274851
139.0057,ram,639877120,64023592960,284365
139.0057,cpu,15830078,22690049,543199602
139.0057,gpu,0,0,0
139.2057,disk0,940848354832384,2122201461,12928100377144895
139.2057,disk0w,2190229938176,19804510,1286218679381
139.2057,disk4,7769119942656,15659149,91273650600670
139.2057,disk4w,2195456,171,27582691
139.2057,disk8,7582619904000,7662625,64836344356105
139.2057,disk8w,353591296,46272,2459045079
139.2057,disk6,13478984833024,21989003,185976851682952
139.2057,disk6w,491520,70,201274851
139.2057,ram,639877120,64023592960,284365
139.2057,cpu,15830078,22690049,543199602
139.2057,gpu,0,0,0
139.4057,disk0,940850368679936,2122205199,12928108978650869
139.4057,disk0w,2190229938176,19804510,1286218679381
139.4057,disk4,7769832556544,15660610,91277213114330
139.4057,disk4w,2195456,171,27582691
139.4057,disk8,7583217068032,7663237,64837111108277
139.4057,disk8w,353591296,46272,2459045079
139.4057,disk6,13480376489984,21990919,185991528637099
139.4057,disk6w,491520,70,201274851
139.4057,ram,639877120,64023592960,284365
139.4057,cpu,15830078,22690049,543199602
139.4057,gpu,0,0,0
139.6057,disk0,940852642951168,2122210078,12928120732517241
139.6057,disk0w,2190229942272,19804511,1286218699422
139.6057,disk4,7770689079296,15662364,91284015359442
139.6057,disk4w,2195456,171,27582691
139.6057,disk8,7583787886592,7663822,64837826982620
139.6057,disk8w,353591296,46272,2459045079
139.6057,disk6,13481644824576,21992841,186001668047630
139.6057,disk6w,491520,70,201274851
139.6057,ram,639877120,64023592960,284365
139.6057,cpu,15830078,22690049,543199602
139.6057,gpu,0,0,0
139.8057,disk0,940854800789504,2122214811,12928135720851579
139.8057,disk0w,2190229942272,19804511,1286218699422
139.8057,disk4,7771307952128,15663579,91287168875846
139.8057,disk4w,2195456,171,27582691
139.8057,disk8,7584104032256,7664146,64838170973725
139.8057,disk8w,353591296,46272,2459045079
139.8057,disk6,13482919090176,21995082,186017065848010
139.8057,disk6w,491520,70,201274851
139.8057,ram,652820480,65702739968,284365
139.8057,cpu,15830147,22690190,543201153
139.8057,gpu,0,0,0
140.0057,disk0,940857112571904,2122220124,12928151122195174
140.0057,disk0w,2190229942272,19804511,1286218699422
140.0057,disk4,7772010514432,15664959,91291363220185
140.0057,disk4w,2195456,171,27582691
140.0057,disk8,7584709978112,7664767,64838978965805
140.0057,disk8w,353591296,46272,2459045079
140.0057,disk6,13484193372160,21997456,186031052238620
140.0057,disk6w,491520,70,201274851
140.0057,ram,652820480,65702739968,284365
140.0057,cpu,15830147,22690190,543201153
140.0057,gpu,0,0,0
140.2021,disk0,940859033452544,2122226497,12928162356826176
140.2021,disk0w,2190229942272,19804511,1286218699422
140.2021,disk4,7772794652672,15666507,91296156403994
140.2021,disk4w,2195456,171,27582691
140.2021,disk8,7585228105728,7665298,64839670235624
140.2021,disk8w,353591296,46272,2459045079
140.2021,disk6,13485553375232,21999689,186046051622127
140.2021,disk6w,491520,70,201274851
140.2021,ram,652820480,65702739968,284365
140.2021,cpu,15830147,22690190,543201153
140.2021,gpu,0,0,0
140.4046,disk0,940860605583360,2122229465,12928170523892150
140.4046,disk0w,2190229950464,19804513,1286218761172
140.4046,disk4,7773376055296,15667665,91299825424023
140.4046,disk4w,2195456,171,27582691
140.4046,disk8,7585694115840,7665775,64840957246056
140.4046,disk8w,353591296,46272,2459045079
140.4046,disk6,13486696601600,22001870,186062974169210
140.4046,disk6w,491520,70,201274851
140.4046,ram,652820480,65702739968,284365
140.4046,cpu,15830147,22690190,543201153
140.4046,gpu,0,0,0
140.6057,disk0,940862543863808,2122239778,12928186026717641
140.6057,disk0w,2190229950464,19804513,1286218761172
140.6057,disk4,7774218864640,15669392,91306920492909
140.6057,disk4w,2195456,171,27582691
140.6057,disk8,7586202789888,7666297,64841786826045
140.6057,disk8w,353591296,46272,2459045079
140.6057,disk6,13487966492672,22003773,186073211961729
140.6057,disk6w,491520,70,201274851
140.6057,ram,652820480,65702739968,284365
140.6057,cpu,15830147,22690190,543201153
140.6057,gpu,0,0,0
140.8016,disk0,940864369106944,2122242788,12928192859986534
140.8016,disk0w,2190229950464,19804513,1286218761172
140.8016,disk4,7775052113920,15671098,91316845577751
140.8016,disk4w,2195456,171,27582691
140.8016,disk8,7586712135680,7666819,64842476312873
140.8016,disk8w,353591296,46272,2459045079
140.8016,disk6,13489046755328,22005064,186081337798014
140.8016,disk6w,491520,70,201274851
140.8016,ram,665518080,65533296640,284365
140.8016,cpu,15830211,22690332,543202700
140.8016,gpu,0,0,0
141.0043,disk0,940866378633216,2122246580,12928201561816492
141.0043,disk0w,2190229950464,19804513,1286218761172
141.0043,disk4,7775735408640,15672500,91320238026795
141.0043,disk4w,2195456,171,27582691
141.0043,disk8,7587274172416,7667395,64843126041482
141.0043,disk8w,353591296,46272,2459045079
141.0043,disk6,13490423699456,22007036,186095007688986
141.0043,disk6w,491520,70,201274851
141.0043,ram,665518080,65533296640,284365
141.0043,cpu,15830211,22690332,543202700
141.0043,gpu,0,0,0
141.2057,disk0,940868554268672,2122251254,12928213922525167
141.2057,disk0w,2190229983232,19804515,1286218797630
141.2057,disk4,7776611584000,15674268,91326413856274
141.2057,disk4w,2195456,171,27582691
141.2057,disk8,7587819694080,7667954,64843725998174
141.2057,disk8w,353591296,46272,2459045079
141.2057,disk6,13491720099840,22009100,186107213764051
141.2057,disk6w,491520,70,201274851
141.2057,ram,665518080,65533296640,284365
141.2057,cpu,15830211,22690332,543202700
141.2057,gpu,0,0,0
141.4037,disk0,940870907355136,2122256734,12928231844147261
141.4037,disk0w,2190230036480,19804525,1286218971502
141.4037,disk4,7777198884864,15675410,91329596259297
141.4037,disk4w,2195456,171,27582691
141.4037,disk8,7588248954880,7668394,64844230766495
141.4037,disk8w,353591296,46272,2459045079
141.4037,disk6,13492965742592,22011377,186119827432101
141.4037,disk6w,491520,70,201274851
141.4037,ram,665518080,65533296640,284365
141.4037,cpu,15830211,22690332,543202700
141.4037,gpu,37,6,0
141.6057,disk0,940872829550592,2122261531,12928243141390441
141.6057,disk0w,2190230036480,19804525,1286218971502
141.6057,disk4,7778028193792,15677053,91333735243300
141.6057,disk4w,2195456,171,27582691
141.6057,disk8,7588843628544,7669003,64845019468925
141.6057,disk8w,353591296,46272,2459045079
141.6057,disk6,13494312359936,22013702,186136225409716
141.6057,disk6w,491520,70,201274851
141.6057,ram,665518080,65533296640,284365
141.6057,cpu,15830211,22690332,543202700
141.6057,gpu,0,0,0
141.8055,disk0,940874891091968,2122268505,12928253931702803
141.8055,disk0w,2190230036480,19804525,1286218971502
141.8055,disk4,7778763081728,15678504,91339798741747
141.8055,disk4w,2195456,171,27582691
141.8055,disk8,7589425719296,7669600,64845804886812
141.8055,disk8w,353591296,46272,2459045079
141.8055,disk6,13495611676672,22016313,186151407333220
141.8055,disk6w,491520,70,201274851
141.8055,ram,480460800,64427458560,284365
141.8055,cpu,15830304,22690533,543204306
141.8055,gpu,0,0,0
142.0046,disk0,940876564365312,2122275995,12928263901867601
142.0046,disk0w,2190230044672,19804527,1286219019876
142.0046,disk4,7779544320000,15680104,91346351207089
142.0046,disk4w,2195456,171,27582691
142.0046,disk8,7589944813568,7670132,64847163802425
142.0046,disk8w,353591296,46272,2459045079
142.0046,disk6,13496708896768,22018019,186162858878368
142.0046,disk6w,491520,70,201274851
142.0046,ram,480460800,64427458560,284365
142.0046,cpu,15830304,22690533,543204306
142.0046,gpu,0,0,0
142.2057,disk0,940878870478848,2122280202,12928275610277634
142.2057,disk0w,2190230294528,19804528,1286219062001
142.2057,disk4,7780378478592,15681812,91352449005579
142.2057,disk4w,2195456,171,27582691
142.2057,disk8,7590545123328,7670747,64847915803865
142.2057,disk8w,353591296,46272,2459045079
142.2057,disk6,13497989421056,22019458,186170644352014
142.2057,disk6w,491520,70,201274851
142.2057,ram,480460800,64427458560,284365
142.2057,cpu,15830304,22690533,543204306
142.2057,gpu,0,0,0
142.4057,disk0,940880825237504,2122283904,12928285870315160
142.4057,disk0w,2190230298624,19804529,1286219073292
142.4057,disk4,7781184604160,15683464,91357969704902
142.4057,disk4w,2195456,171,27582691
142.4057,disk8,7591085402112,7671301,64848590941056
142.4057,disk8w,353591296,46272,2459045079
142.4057,disk6,13499328534528,22021356,186182257653975
142.4057,disk6w,491520,70,201274851
142.4057,ram,480460800,64427458560,284365
142.4057,cpu,15830304,22690533,543204306
142.4057,gpu,0,0,0
142.6057,disk0,940883092553728,2122288709,12928298816209846
142.6057,disk0w,2190230368256,19804531,1286219121833
142.6057,disk4,7781885970432,15684896,91362355897051
142.6057,disk4w,2195456,171,27582691
142.6057,disk8,7591594747904,7671823,64849208632123
142.6057,disk8w,353591296,46272,2459045079
142.6057,disk6,13500640499712,22023371,186194042043002
142.6057,disk6w,491520,70,201274851
142.6057,ram,480460800,64427458560,284365
142.6057,cpu,15830304,22690533,543204306
142.6057,gpu,0,0,0
142.8057,disk0,940885334933504,2122293894,12928312844672212
142.8057,disk0w,2190236672000,19804769,1286225504083
142.8057,disk4,7782608029696,15686299,91365778337747
142.8057,disk4w,2195456,171,27582691
142.8057,disk8,7592031348736,7672270,64849751738432
142.8057,disk8w,353591296,46272,2459045079
142.8057,disk6,13501991868416,22025750,186208794353193
142.8057,disk6w,491520,70,201274851
142.8057,ram,537051136,65701806080,284365
142.8057,cpu,15830368,22690670,543205866
142.8057,gpu,0,0,0
143.0057,disk0,940887373660160,2122298321,12928322424632634
143.0057,disk0w,2190236672000,19804769,1286225504083
143.0057,disk4,7783290275840,15687651,91369156443925
143.0057,disk4w,2195456,171,27582691
143.0057,disk8,7592490493952,7672741,64850487166485
143.0057,disk8w,353591296,46272,2459045079
143.0057,disk6,13503356852224,22028000,186225220434451
143.0057,disk6w,491520,70,201274851
143.0057,ram,537051136,65701806080,284365
143.0057,cpu,15830368,22690670,543205866
143.0057,gpu,0,0,0
143.2057,disk0,940889173377024,2122304243,12928331386373790
143.2057,disk0w,2190236672000,19804769,1286225504083
143.2057,disk4,7784044808192,15689138,91373869432297
143.2057,disk4w,2195456,171,27582691
143.2057,disk8,7592973494272,7673236,64851033259771
143.2057,disk8w,353591296,46272,2459045079
143.2057,disk6,13504729733120,22030562,186244702663323
143.2057,disk6w,491520,70,201274851
143.2057,ram,537051136,65701806080,284365
143.2057,cpu,15830368,22690670,543205866
143.2057,gpu,0,0,0
143.4046,disk0,940891137220608,2122308008,12928345041905826
143.4046,disk0w,2190236676096,19804770,1286225523208
143.4046,disk4,7784606705664,15690280,91377001583430
143.4046,disk4w,2195456,171,27582691
143.4046,disk8,7593359878144,7673632,64851548377755
143.4046,disk8w,353591296,46272,2459045079
143.4046,disk6,13505826723840,22032542,186257454043163
143.4046,disk6w,491520,70,201274851
143.4046,ram,537051136,65701806080,284365
143.4046,cpu,15830368,22690670,543205866
143.4046,gpu,0,0,0
143.6046,disk0,940893398114304,2122314373,12928358279395052
143.6046,disk0w,2190236676096,19804770,1286225523208
143.6046,disk4,7785374353408,15691853,91381751875904
143.6046,disk4w,2195456,171,27582691
143.6046,disk8,7593948260352,7674235,64852447351432
143.6046,disk8w,353591296,46272,2459045079
143.6046,disk6,13507133364224,22034370,186267585858943
143.6046,disk6w,491520,70,201274851
143.6046,ram,537051136,65701806080,284365
143.6046,cpu,15830368,22690670,543205866
143.6046,gpu,0,0,0
143.8026,disk0,940895523610624,2122318245,12928367167508230
143.8026,disk0w,2190236676096,19804770,1286225523208
143.8026,disk4,7786255763456,15693661,91388727068843
143.8026,disk4w,2195456,171,27582691
143.8026,disk8,7594527860736,7674829,64853192045272
143.8026,disk8w,353591296,46272,2459045079
143.8026,disk6,13508448065536,22036100,186277337532370
143.8026,disk6w,491520,70,201274851
143.8026,ram,478199808,66009726976,284365
143.8026,cpu,15830428,22690813,543207495
143.8026,gpu,0,0,0
144.0046,disk0,940897488953344,2122322427,12928376332144764
144.0046,disk0w,2190237249536,19804780,1286225817621
144.0046,disk4,7786845415424,15694871,91391683671191
144.0046,disk4w,2195456,171,27582691
144.0046,disk8,7594966951936,7675279,64853673180623
144.0046,disk8w,353591296,46272,2459045079
144.0046,disk6,13509843425280,22038011,186292904003931
144.0046,disk6w,491520,70,201274851
144.0046,ram,478199808,66009726976,284365
144.0046,cpu,15830428,22690813,543207495
144.0046,gpu,27,8,0
144.2057,disk0,940899631112192,2122327135,12928390461743136
144.2057,disk0w,2190237249536,19804780,1286225817621
144.2057,disk4,7787580049408,15696332,91395728747014
144.2057,disk4w,2195456,171,27582691
144.2057,disk8,7595414824960,7675738,64854191027426
144.2057,disk8w,353591296,46272,2459045079
144.2057,disk6,13511167191040,22040146,186306524567670
144.2057,disk6w,491520,70,201274851
144.2057,ram,478199808,66009726976,284365
144.2057,cpu,15830428,22690813,543207495
144.2057,gpu,0,0,0
144.4046,disk0,940901911486464,2122332297,12928407772454034
144.4046,disk0w,2190237253632,19804781,1286225828662
144.4046,disk4,7788263884800,15697672,91399279838431
144.4046,disk4w,2195456,171,27582691
144.4046,disk8,7596020770816,7676359,64854905050850
144.4046,disk8w,353591296,46272,2459045079
144.4046,disk6,13512445474816,22042300,186317733533615
144.4046,disk6w,491520,70,201274851
144.4046,ram,478199808,66009726976,284365
144.4046,cpu,15830428,22690813,543207495
144.4046,gpu,0,0,0
144.6057,disk0,940903867904000,2122340282,12928420615489463
144.6057,disk0w,2190237253632,19804781,1286225828662
144.6057,disk4,7789059278848,15699240,91403088452345
144.6057,disk4w,2195456,171,27582691
144.6057,disk8,7596565243904,7676917,64855556579921
144.6057,disk8w,353591296,46272,2459045079
144.6057,disk6,13513803495424,22044797,186334606875912
144.6057,disk6w,491520,70,201274851
144.6057,ram,478199808,66009726976,284365
144.6057,cpu,15830428,22690813,543207495
144.6057,gpu,0,0,0
144.8029,disk0,940905980682240,2122344745,12928432712523814
144.8029,disk0w,2190237253632,19804781,1286225828662
144.8029,disk4,7789695027200,15700499,91406156022711
144.8029,disk4w,2195456,171,27582691
144.8029,disk8,7597039462400,7677403,64856137636342
144.8029,disk8w,353591296,46272,2459045079
144.8029,disk6,13515035834368,22047079,186350027302070
144.8029,disk6w,491520,70,201274851
144.8029,ram,483983360,64143130624,284365
144.8029,cpu,15830486,22690950,543209082
144.8029,gpu,0,0,0
145.0048,disk0,940907893125120,2122353920,12928447854761971
145.0048,disk0w,2190237270016,19804785,1286225913911
145.0048,disk4,7790214670336,15701562,91409487281730
145.0048,disk4w,2195456,171,27582691
145.0048,disk8,7597583886336,7677961,64857174159417
145.0048,disk8w,353591296,46272,2459045079
145.0048,disk6,13516327843840,22049007,186363706435055
145.0048,disk6w,491520,70,201274851
145.0048,ram,483983360,64143130624,284365
145.0048,cpu,15830486,22690950,543209084
145.0048,gpu,0,0,0
145.2057,disk0,940910016000000,2122357557,12928458229339639
145.2057,disk0w,2190237274112,19804786,1286225925119
145.2057,disk4,7790967736320,15703105,91414939294674
145.2057,disk4w,2195456,171,27582691
145.2057,disk8,7598207395840,7678600,64857931046039
145.2057,disk8w,353591296,46272,2459045079
145.2057,disk6,13517560772608,22050441,186372600667904
145.2057,disk6w,491520,70,201274851
145.2057,ram,483983360,64143130624,284365
145.2057,cpu,15830486,22690950,543209084
145.2057,gpu,0,0,0
145.4018,disk0,940911957848064,2122361208,12928466710153647
145.4018,disk0w,2190237274112,19804786,1286225925119
145.4018,disk4,7791821400064,15704855,91422770555091
145.4018,disk4w,2195456,171,27582691
145.4018,disk8,7598725523456,7679131,64858521524780
145.4018,disk8w,353591296,46272,2459045079
145.4018,disk6,13518816589824,22052217,186383206628445
145.4018,disk6w,491520,70,201274851
145.4018,ram,483983360,64143130624,284365
145.4018,cpu,15830486,22690950,543209084
145.4018,gpu,0,0,0
145.6047,disk0,940913933025280,2122365338,12928475736947435
145.6047,disk0w,2190237274112,19804786,1286225925119
145.6047,disk4,7792856696832,15706960,91434419393105
145.6047,disk4w,2195456,171,27582691
145.6047,disk8,7599234869248,7679653,64859104239363
145.6047,disk8w,353591296,46272,2459045079
145.6047,disk6,13520022517760,22053966,186392342220474
145.6047,disk6w,491520,70,201274851
145.6047,ram,483983360,64143130624,284365
145.6047,cpu,15830486,22690950,543209084
145.6047,gpu,0,0,0
145.8057,disk0,940916346322944,2122370845,12928493048301877
145.8057,disk0w,2190237274112,19804786,1286225925119
145.8057,disk4,7793621043200,15708446,91439140834900
145.8057,disk4w,2195456,171,27582691
145.8057,disk8,7599752996864,7680184,64859728110640
145.8057,disk8w,353591296,46272,2459045079
145.8057,disk6,13521193285632,22055933,186402593303372
145.8057,disk6w,491520,70,201274851
145.8057,ram,532316160,65601601536,284365
145.8057,cpu,15830548,22691081,543210654
145.8057,gpu,0,0,0
146.0057,disk0,940918474100736,2122375915,12928506215377977
146.0057,disk0w,2190237274112,19804786,1286225925119
146.0057,disk4,7794490107904,15710167,91445492743441
146.0057,disk4w,2195456,171,27582691
146.0057,disk8,7600218433536,7680661,64860237774023
146.0057,disk8w,353591296,46272,2459045079
146.0057,disk6,13522446366720,22058182,186415216995279
146.0057,disk6w,491520,70,201274851
146.0057,ram,532316160,65601601536,284365
146.0057,cpu,15830548,22691081,543210654
146.0057,gpu,0,0,0
146.2057,disk0,940920350195712,2122382376,12928518037765763
146.2057,disk0w,2190237278208,19804787,1286225937119
146.2057,disk4,7795322857472,15711811,91454126616821
146.2057,disk4w,2195456,171,27582691
146.2057,disk8,7600666306560,7681120,64860736793576
146.2057,disk8w,353591296,46272,2459045079
146.2057,disk6,13523572684800,22060275,186428097803621
146.2057,disk6w,491520,70,201274851
146.2057,ram,532316160,65601601536,284365
146.2057,cpu,15830548,22691081,543210654
146.2057,gpu,0,0,0
146.4057,disk0,940922021552128,2122385676,12928525067875100
146.4057,disk0w,2190237278208,19804787,1286225937119
146.4057,disk4,7795880445952,15712944,91457464710931
146.4057,disk4w,2195456,171,27582691
146.4057,disk8,7601153419264,7681619,64862048166247
146.4057,disk8w,353591296,46272,2459045079
146.4057,disk6,13524772812800,22062316,186445140891820
146.4057,disk6w,491520,70,201274851
146.4057,ram,532316160,65601601536,284365
146.4057,cpu,15830548,22691081,543210654
146.4057,gpu,0,0,0
146.6057,disk0,940923674968064,2122391602,12928531998016304
146.6057,disk0w,2190237278208,19804787,1286225937119
146.6057,disk4,7796494600192,15714204,91462771986508
146.6057,disk4w,2195456,171,27582691
146.6057,disk8,7601687013376,7682166,64862627113164
146.6057,disk8w,353591296,46272,2459045079
146.6057,disk6,13526113990656,22064063,186459898414811
146.6057,disk6w,491520,70,201274851
146.6057,ram,532316160,65601601536,284365
146.6057,cpu,15830548,22691081,543210654
146.6057,gpu,0,0,0
146.8057,disk0,940925230874624,2122394124,12928537887785629
146.8057,disk0w,2190237278208,19804787,1286225937119
146.8057,disk4,7797237876736,15715727,91470266771802
146.8057,disk4w,2195456,171,27582691
146.8057,disk8,7602109589504,7682599,64863088633358
146.8057,disk8w,353591296,46272,2459045079
146.8057,disk6,13527365257216,22065843,186472746406237
146.8057,disk6w,491520,70,201274851
146.8057,ram,559153152,65699545088,284365
146.8057,cpu,15830616,22691233,543212144
146.8057,gpu,0,0,0
147.0057,disk0,940927628677120,2122399143,12928553846231401
147.0057,disk0w,2190237278208,19804787,1286225937119
147.0057,disk4,7797970528256,15717231,91475227061522
147.0057,disk4w,2195456,171,27582691
147.0057,disk8,7602668480512,7683172,64863718127381
147.0057,disk8w,353591296,46272,2459045079
147.0057,disk6,13528593991680,22067581,186482092203319
147.0057,disk6w,491520,70,201274851
147.0057,ram,559153152,65699545088,284365
147.0057,cpu,15830616,22691233,543212144
147.0057,gpu,0,0,0
147.2047,disk0,940929800105984,2122403899,12928567742508636
147.2047,disk0w,2190237294592,19804791,1286226023493
147.2047,disk4,7798710274048,15718700,91479940935531
147.2047,disk4w,2195456,171,27582691
147.2047,disk8,7603084371968,7683598,64864208387038
147.2047,disk8w,353591296,46272,2459045079
147.2047,disk6,13529846237184,22069573,186493792093899
147.2047,disk6w,491520,70,201274851
147.2047,ram,559153152,65699545088,284365
147.2047,cpu,15830616,22691233,543212144
147.2047,gpu,0,0,0
147.4057,disk0,940931962454016,2122408574,12928580171700862
147.4057,disk0w,2190237294592,19804791,1286226023493
147.4057,disk4,7799407446016,15720066,91483209576815
147.4057,disk4w,2195456,171,27582691
147.4057,disk8,7603481651200,7684005,64864632228271
147.4057,disk8w,353591296,46272,2459045079
147.4057,disk6,13531147896832,22071861,186510145524116
147.4057,disk6w,491520,70,201274851
147.4057,ram,559153152,65699545088,284365
147.4057,cpu,15830616,22691233,543212144
147.4057,gpu,0,0,0
147.6057,disk0,940933947142144,2122416685,12928597580922150
147.6057,disk0w,2190237294592,19804791,1286226023493
147.6057,disk4,7800328685568,15721883,91491192004927
147.6057,disk4w,2195456,171,27582691
147.6057,disk8,7604073572352,7684612,64865429874447
147.6057,disk8w,353591296,46272,2459045079
147.6057,disk6,13532325730304,22074021,186520708472316
147.6057,disk6w,491520,70,201274851
147.6057,ram,559153152,65699545088,284365
147.6057,cpu,15830616,22691233,543212144
147.6057,gpu,0,0,0
147.8057,disk0,940935781191680,2122423018,12928606308431204
147.8057,disk0w,2190237294592,19804791,1286226023493
147.8057,disk4,7801083217920,15723384,91496457408138
147.8057,disk4w,2195456,171,27582691
147.8057,disk8,7604565354496,7685116,64866087950818
147.8057,disk8w,353591296,46272,2459045079
147.8057,disk6,13533509949440,22076204,186536184247037
147.8057,disk6w,491520,70,201274851
147.8057,ram,585924608,64048250880,284365
147.8057,cpu,15830675,22691374,543213796
147.8057,gpu,0,0,0
148.0024,disk0,940937562071040,2122436316,12928621542170869
148.0024,disk0w,2190237294592,19804791,1286226023493
148.0024,disk4,7801768339456,15724790,91502256430550
148.0024,disk4w,2195456,171,27582691
148.0024,disk8,7605065836544,7685629,64867614371270
148.0024,disk8w,353591296,46272,2459045079
148.0024,disk6,13534560147456,22077823,186545593720489
148.0024,disk6w,491520,70,201274851
148.0024,ram,585924608,64048250880,284365
148.0024,cpu,15830675,22691374,543213796
148.0024,gpu,0,0,0
148.2047,disk0,940939978809344,2122440735,12928636915966883
148.2047,disk0w,2190237298688,19804792,1286226032826
148.2047,disk4,7802478372864,15726245,91507146213277
148.2047,disk4w,2195456,171,27582691
148.2047,disk8,7605724473344,7686304,64868472713463
148.2047,disk8w,353591296,46272,2459045079
148.2047,disk6,13535764338688,22079269,186553076516298
148.2047,disk6w,491520,70,201274851
148.2047,ram,585924608,64048250880,284365
148.2047,cpu,15830675,22691374,543213796
148.2047,gpu,0,0,0
148.4057,disk0,940941840818176,2122444251,12928644996481509
148.4057,disk0w,2190237298688,19804792,1286226032826
148.4057,disk4,7803255031808,15727837,91512785909968
148.4057,disk4w,2195456,171,27582691
148.4057,disk8,7606423873536,7687021,64869384017967
148.4057,disk8w,353591296,46272,2459045079
148.4057,disk6,13537135466496,22081298,186567016126793
148.4057,disk6w,491520,70,201274851
148.4057,ram,585924608,64048250880,284365
148.4057,cpu,15830675,22691374,543213796
148.4057,gpu,0,0,0
148.6024,disk0,940943528550400,2122447936,12928651488644416
148.6024,disk0w,2190237298688,19804792,1286226032826
148.6024,disk4,7804027095040,15729416,91518512768313
148.6024,disk4w,2195456,171,27582691
148.6024,disk8,7606874892288,7687483,64869928198357
148.6024,disk8w,353591296,46272,2459045079
148.6024,disk6,13538475907072,22083301,186583081133663
148.6024,disk6w,491520,70,201274851
148.6024,ram,585924608,64048250880,284365
148.6024,cpu,15830675,22691374,543213796
148.6024,gpu,0,0,0
148.8047,disk0,940945658388480,2122452868,12928662738880112
148.8047,disk0w,2190237298688,19804792,1286226032826
148.8047,disk4,7805000452096,15731305,91526434840011
148.8047,disk4w,2195456,171,27582691
148.8047,disk8,7607287638016,7687906,64870360043257
148.8047,disk8w,353591296,46272,2459045079
148.8047,disk6,13539806820352,22085763,186597653694304
148.8047,disk6w,491520,70,201274851
148.8047,ram,602505216,65662074880,284365
148.8047,cpu,15830737,22691506,543215396
148.8047,gpu,32,6,0
149.0057,disk0,940947691134976,2122457340,12928672818960997
149.0057,disk0w,2190237626368,19804810,1286226322195
149.0057,disk4,7805768337408,15732827,91530759798924
149.0057,disk4w,2195456,171,27582691
149.0057,disk8,7607943784448,7688578,64871166444200
149.0057,disk8w,353591296,46272,2459045079
149.0057,disk6,13541159204864,22088188,186614721779158
149.0057,disk6w,491520,70,201274851
149.0057,ram,602505216,65662074880,284365
149.0057,cpu,15830737,22691508,543215411
149.0057,gpu,0,0,0
149.2041,disk0,940949553905664,2122463861,12928683616912903
149.2041,disk0w,2190237630464,19804811,1286226337320
149.2041,disk4,7806680795136,15734625,91540872006796
149.2041,disk4w,2195456,171,27582691
149.2041,disk8,7608420493312,7689067,64871719236372
149.2041,disk8w,353591296,46272,2459045079
149.2041,disk6,13542345652224,22090337,186627040451989
149.2041,disk6w,491520,70,201274851
149.2041,ram,602505216,65662074880,284365
149.2041,cpu,15830737,22691508,543215411
149.2041,gpu,0,0,0
149.4047,disk0,940951015362560,2122466670,12928689907236802
149.4047,disk0w,2190237630464,19804811,1286226337320
149.4047,disk4,7807400232960,15736081,91546459723730
149.4047,disk4w,2195456,171,27582691
149.4047,disk8,7608947304448,7689607,64874332441188
149.4047,disk8w,353591296,46272,2459045079
149.4047,disk6,13543415003136,22092289,186642018549448
149.4047,disk6w,491520,70,201274851
149.4047,ram,602505216,65662074880,284365
149.4047,cpu,15830737,22691508,543215411
149.4047,gpu,0,0,0
149.6057,disk0,940953080492032,2122477595,12928706986997624
149.6057,disk0w,2190237630464,19804811,1286226337320
149.6057,disk4,7807996839936,15737305,91550754196100
149.6057,disk4w,2195456,171,27582691
149.6057,disk8,7609440135168,7690112,64874951024985
149.6057,disk8w,353591296,46272,2459045079
149.6057,disk6,13544671295488,22094071,186653485526573
149.6057,disk6w,491520,70,201274851
149.6057,ram,602505216,65662074880,284365
149.6057,cpu,15830737,22691508,543215411
149.6057,gpu,0,0,0
149.8043,disk0,940954799845376,2122480371,12928711919353070
149.8043,disk0w,2190237630464,19804811,1286226337320
149.8043,disk4,7808786466816,15738921,91556078267185
149.8043,disk4w,2195456,171,27582691
149.8043,disk8,7610097723392,7690786,64875769048592
149.8043,disk8w,353591296,46272,2459045079
149.8043,disk6,13546051880960,22095915,186667718457987
149.8043,disk6w,491520,70,201274851
149.8043,ram,617676800,65565163520,284365
149.8043,cpu,15830796,22691644,543216964
149.8043,gpu,29,6,0
150.0043,disk0,940956957863936,2122484647,12928724028779701
150.0043,disk0w,2190237634560,19804812,1286226360153
150.0043,disk4,7809430857728,15740242,91559921961398
150.0043,disk4w,2195456,171,27582691
150.0043,disk8,7610686105600,7691389,64876487799394
150.0043,disk8w,353591296,46272,2459045079
150.0043,disk6,13547332716544,22097771,186679577100450
150.0043,disk6w,491520,70,201274851
150.0043,ram,617676800,65565163520,284365
150.0043,cpu,15830796,22691644,543216964
150.0043,gpu,42,5,0
150.2047,disk0,940959108681728,2122489449,12928733226732240
150.2047,disk0w,2190237634560,19804812,1286226360153
150.2047,disk4,7810219198464,15741801,91564510562869
150.2047,disk4w,2195456,171,27582691
150.2047,disk8,7611169105920,7691884,64877052453027
150.2047,disk8w,353591296,46272,2459045079
150.2047,disk6,13548716443648,22100124,186696438652130
150.2047,disk6w,491520,70,201274851
150.2047,ram,617676800,65565163520,284365
150.2047,cpu,15830796,22691644,543216964
150.2047,gpu,0,0,0
150.4057,disk0,940960910688256,2122493519,12928740691890105
150.4057,disk0w,2190237634560,19804812,1286226360153
150.4057,disk4,7811104294912,15743539,91570551047663
150.4057,disk4w,2195456,171,27582691
150.4057,disk8,7611673864192,7692401,64877580904900
150.4057,disk8w,353591296,46272,2459045079
150.4057,disk6,13550124812288,22102680,186714995832374
150.4057,disk6w,491520,70,201274851
150.4057,ram,617676800,65565163520,284365
150.4057,cpu,15830796,22691644,543216964
150.4057,gpu,0,0,0
150.6057,disk0,940963017945088,2122501533,12928755241806794
150.6057,disk0w,2190238400512,19804978,1286229013177
150.6057,disk4,7812005349376,15745315,91577106713654
150.6057,disk4w,2195456,171,27582691
150.6057,disk8,7612240488448,7692982,64878481863913
150.6057,disk8w,353591296,46272,2459045079
150.6057,disk6,13551349975040,22104789,186727577914533
150.6057,disk6w,491520,70,201274851
150.6057,ram,617676800,65565163520,284365
150.6057,cpu,15830796,22691644,543216964
150.6057,gpu,0,0,0
150.8057,disk0,940964738719744,2122504574,12928761744670198
150.8057,disk0w,2190238851072,19805046,1286230232819
150.8057,disk4,7812817766400,15746929,91583776687068
150.8057,disk4w,2195456,171,27582691
150.8057,disk8,7612714625024,7693468,64879549239621
150.8057,disk8w,353591296,46272,2459045079
150.8057,disk6,13552560130048,22107038,186743125452936
150.8057,disk6w,491520,70,201274851
150.8057,ram,595116032,64047087616,284365
150.8057,cpu,15830876,22691799,543218466
150.8057,gpu,0,0,0
151.0046,disk0,940966666481664,2122509159,12928771872953091
151.0046,disk0w,2190238855168,19805047,1286230250027
151.0046,disk4,7813481179136,15748290,91588510751563
151.0046,disk4w,2195456,171,27582691
151.0046,disk8,7613279807488,7694047,64880425164551
151.0046,disk8w,353591296,46272,2459045079
151.0046,disk6,13553838098432,22108934,186756126250230
151.0046,disk6w,491520,70,201274851
151.0046,ram,595116032,64047087616,284365
151.0046,cpu,15830876,22691799,543218466
151.0046,gpu,0,0,0
151.2057,disk0,940968930357248,2122513135,12928782357156010
151.2057,disk0w,2190238855168,19805047,1286230250027
151.2057,disk4,7814295562240,15749959,91595222324065
151.2057,disk4w,2195456,171,27582691
151.2057,disk8,7613926516736,7694710,64881253831335
151.2057,disk8w,353591296,46272,2459045079
151.2057,disk6,13555003672576,22110308,186763903720662
151.2057,disk6w,491520,70,201274851
151.2057,ram,595116032,64047087616,284365
151.2057,cpu,15830876,22691799,543218466
151.2057,gpu,0,0,0
151.4057,disk0,940970956763136,2122517076,12928791885317389
151.4057,disk0w,2190238855168,19805047,1286230250027
151.4057,disk4,7815068403712,15751544,91600763147790
151.4057,disk4w,2195456,171,27582691
151.4057,disk8,7614523680768,7695322,64882007321718
151.4057,disk8w,353591296,46272,2459045079
151.4057,disk6,13556334905344,22112153,186775727249414
151.4057,disk6w,491520,70,201274851
151.4057,ram,595116032,64047087616,284365
151.4057,cpu,15830876,22691799,543218466
151.4057,gpu,0,0,0
151.6048,disk0,940973175173120,2122521861,12928806111480761
151.6048,disk0w,2190238855168,19805047,1286230250027
151.6048,disk4,7815966459904,15753340,91607898693530
151.6048,disk4w,2195456,171,27582691
151.6048,disk8,7615116257280,7695929,64882824192524
151.6048,disk8w,353591296,46272,2459045079
151.6048,disk6,13557550684160,22114168,186785605238157
151.6048,disk6w,491520,70,201274851
151.6048,ram,595116032,64047087616,284365
151.6048,cpu,15830876,22691799,543218466
151.6048,gpu,0,0,0
151.8049,disk0,940975314694144,2122526719,12928818048021287
151.8049,disk0w,2190238855168,19805047,1286230250027
151.8049,disk4,7816782546944,15754937,91612744325789
151.8049,disk4w,2195456,171,27582691
151.8049,disk8,7615612626944,7696438,64883471810352
151.8049,disk8w,353591296,46272,2459045079
151.8049,disk6,13558886807552,22116509,186799170221826
151.8049,disk6w,491520,70,201274851
151.8049,ram,594837504,65626226688,284365
151.8049,cpu,15830951,22691965,543220063
151.8049,gpu,0,0,0
152.0035,disk0,940977334542336,2122534723,12928831860455434
152.0035,disk0w,2190238859264,19805048,1286230259277
152.0035,disk4,7817773844480,15756893,91621500049636
152.0035,disk4w,2195456,171,27582691
152.0035,disk8,7616271263744,7697113,64884337042293
152.0035,disk8w,353591296,46272,2459045079
152.0035,disk6,13560123963392,22118616,186809631701355
152.0035,disk6w,491520,70,201274851
152.0035,ram,594837504,65626226688,284365
152.0035,cpu,15830951,22691966,543220077
152.0035,gpu,37,6,0
152.2057,disk0,940978930966528,2122537668,12928837036954778
152.2057,disk0w,2190238859264,19805048,1286230259277
152.2057,disk4,7818411165696,15758159,91624676096625
152.2057,disk4w,2195456,171,27582691
152.2057,disk8,7616727918592,7697581,64884844526719
152.2057,disk8w,353591296,46272,2459045079
152.2057,disk6,13561510934528,22121231,186832420766721
152.2057,disk6w,491520,70,201274851
152.2057,ram,594837504,65626226688,284365
152.2057,cpu,15830951,22691966,543220077
152.2057,gpu,0,0,0
152.4047,disk0,940980548669440,2122545963,12928849766450615
152.4047,disk0w,2190238859264,19805048,1286230259277
152.4047,disk4,7819001104384,15759369,91628714482150
152.4047,disk4w,2195456,171,27582691
152.4047,disk8,7617263527936,7698130,64886412884083
152.4047,disk8w,353591296,46272,2459045079
152.4047,disk6,13562580580352,22122849,186843731148721
152.4047,disk6w,491520,70,201274851
152.4047,ram,594837504,65626226688,284365
152.4047,cpu,15830951,22691966,543220077
152.4047,gpu,0,0,0
152.6057,disk0,940982678200320,2122549838,12928858789357684
152.6057,disk0w,2190238863360,19805049,1286230281860
152.6057,disk4,7819720255488,15760844,91633810655916
152.6057,disk4w,2195456,171,27582691
152.6057,disk8,7617843128320,7698724,64887209294143
152.6057,disk8w,353591296,46272,2459045079
152.6057,disk6,13563943368704,22124467,186854719777127
152.6057,disk6w,491520,70,201274851
152.6057,ram,594837504,65626226688,284365
152.6057,cpu,15830951,22691966,543220077
152.6057,gpu,0,0,0
152.8030,disk0,940984457723904,2122553341,12928867112619338
152.8030,disk0w,2190238863360,19805049,1286230281860
152.8030,disk4,7820534786048,15762514,91642380973072
152.8030,disk4w,2195456,171,27582691
152.8030,disk8,7618291001344,7699183,64887683002365
152.8030,disk8w,353591296,46272,2459045079
152.8030,disk6,13565079697408,22126090,186864742700168
152.8030,disk6w,491520,70,201274851
152.8030,ram,603488256,65579581440,284365
152.8030,cpu,15831005,22692094,543221658
152.8030,gpu,0,0,0
153.0057,disk0,940986433818624,2122557631,12928876196022745
153.0057,disk0w,2190238867456,19805050,1286230294026
153.0057,disk4,7821341575168,15764168,91649219397608
153.0057,disk4w,2195456,171,27582691
153.0057,disk8,7618844256256,7699750,64888448607508
153.0057,disk8w,353591296,46272,2459045079
153.0057,disk6,13566447941632,22128174,186876259625331
153.0057,disk6w,491520,70,201274851
153.0057,ram,604258304,65579450368,284365
153.0057,cpu,15831006,22692096,543221677
153.0057,gpu,0,0,0
153.2057,disk0,940988664913920,2122562689,12928894040143748
153.2057,disk0w,2190238867456,19805050,1286230294026
153.2057,disk4,7822104889344,15765649,91653812171743
153.2057,disk4w,2195456,171,27582691
153.2057,disk8,7619283347456,7700200,64888937948571
153.2057,disk8w,353591296,46272,2459045079
153.2057,disk6,13567596754944,22130142,186886568695834
153.2057,disk6w,491520,70,201274851
153.2057,ram,604258304,65579450368,284365
153.2057,cpu,15831006,22692096,543221677
153.2057,gpu,0,0,0
153.4057,disk0,940990417788928,2122566671,12928903781983293
153.4057,disk0w,2190238867456,19805050,1286230294026
153.4057,disk4,7822691436544,15766808,91656779681164
153.4057,disk4w,2195456,171,27582691
153.4057,disk8,7619762808832,7700691,64889536629986
153.4057,disk8w,353591296,46272,2459045079
153.4057,disk6,13568870168576,22132364,186904349820691
153.4057,disk6w,491520,70,201274851
153.4057,ram,604258304,65579450368,284365
153.4057,cpu,15831006,22692096,543221677
153.4057,gpu,0,0,0
153.6057,disk0,940992423202816,2122575156,12928917330099199
153.6057,disk0w,2190238867456,19805050,1286230294026
153.6057,disk4,7823608858624,15768619,91663646156546
153.6057,disk4w,2195456,171,27582691
153.6057,disk8,7620284475392,7701226,64890154968766
153.6057,disk8w,353591296,46272,2459045079
153.6057,disk6,13570175154176,22134566,186917429842815
153.6057,disk6w,491520,70,201274851
153.6057,ram,604258304,65579450368,284365
153.6057,cpu,15831006,22692096,543221677
153.6057,gpu,0,0,0
153.8057,disk0,940993818087424,2122577531,12928923508149116
153.8057,disk0w,2190238867456,19805050,1286230294026
153.8057,disk4,7824256280576,15769910,91668517300909
153.8057,disk4w,2195456,171,27582691
153.8057,disk8,7620547913728,7701496,64890448015892
153.8057,disk8w,353591296,46272,2459045079
153.8057,disk6,13571390339072,22136898,186937103758098
153.8057,disk6w,491520,70,201274851
153.8057,ram,616235008,65493696512,284365
153.8057,cpu,15831063,22692224,543223249
153.8057,gpu,0,0,0
154.0057,disk0,940995923587072,2122586839,12928936988159950
154.0057,disk0w,2190238871552,19805051,1286230303151
154.0057,disk4,7825045350400,15771530,91674029300109
154.0057,disk4w,2195456,171,27582691
154.0057,disk8,7621039695872,7702000,64891051392388
154.0057,disk8w,353591296,46272,2459045079
154.0057,disk6,13572705794048,22138885,186949687365912
154.0057,disk6w,491520,70,201274851
154.0057,ram,614350848,65493696512,284365
154.0057,cpu,15831063,22692224,543223249
154.0057,gpu,0,0,0
154.2057,disk0,940997994311680,2122590499,12928945054536125
154.2057,disk0w,2190238871552,19805051,1286230303151
154.2057,disk4,7825754720256,15772984,91678515052375
154.2057,disk4w,2195456,171,27582691
154.2057,disk8,7621478787072,7702450,64891594924028
154.2057,disk8w,353591296,46272,2459045079
154.2057,disk6,13574106855424,22140605,186962330459726
154.2057,disk6w,491520,70,201274851
154.2057,ram,614350848,65493696512,284365
154.2057,cpu,15831063,22692224,543223249
154.2057,gpu,0,0,0
154.4047,disk0,941000173940736,2122594597,12928956877910997
154.4047,disk0w,2190238871552,19805051,1286230303151
154.4047,disk4,7826622408704,15774763,91686844044733
154.4047,disk4w,2195456,171,27582691
154.4047,disk8,7621992327168,7702976,64892158214809
154.4047,disk8w,353591296,46272,2459045079
154.4047,disk6,13575412856832,22142339,186970651112822
154.4047,disk6w,491520,70,201274851
154.4047,ram,614350848,65493696512,284365
154.4047,cpu,15831063,22692224,543223249
154.4047,gpu,0,0,0
154.6057,disk0,941002156556288,2122598736,12928966172138275
154.6057,disk0w,2190238871552,19805051,1286230303151
154.6057,disk4,7827270600704,15776072,91690522327339
154.6057,disk4w,2195456,171,27582691
154.6057,disk8,7622427224064,7703422,64892629977987
154.6057,disk8w,353591296,46272,2459045079
154.6057,disk6,13576791455744,22144340,186986658094990
154.6057,disk6w,491520,70,201274851
154.6057,ram,614350848,65493696512,284365
154.6057,cpu,15831063,22692224,543223249
154.6057,gpu,0,0,0
154.8057,disk0,941004284526592,2122603684,12928978681284758
154.8057,disk0w,2190238875648,19805052,1286230319651
154.8057,disk4,7827948652544,15777396,91694434705681
154.8057,disk4w,2195456,171,27582691
154.8057,disk8,7622945351680,7703953,64893278404721
154.8057,disk8w,353591296,46272,2459045079
154.8057,disk6,13578181621760,22146751,187001865479052
154.8057,disk6w,491520,70,201274851
154.8057,ram,646184960,65635041280,284365
154.8057,cpu,15831114,22692350,543224817
154.8057,gpu,0,0,0
155.0057,disk0,941006304014336,2122608661,12928990554320589
155.0057,disk0w,2190238875648,19805052,1286230319651
155.0057,disk4,7828949764096,15779374,91704060486436
155.0057,disk4w,2195456,171,27582691
155.0057,disk8,7623419570176,7704439,64893867001602
155.0057,disk8w,353591296,46272,2459045079
155.0057,disk6,13579414337536,22148902,187012928793048
155.0057,disk6w,491520,70,201274851
155.0057,ram,646184960,65635041280,284365
155.0057,cpu,15831114,22692350,543224817
155.0057,gpu,0,0,0
155.2029,disk0,941008231628800,2122614717,12929002549328588
155.2029,disk0w,2190238875648,19805052,1286230319651
155.2029,disk4,7829677148160,15780810,91708893278170
155.2029,disk4w,2195456,171,27582691
155.2029,disk8,7623850928128,7704881,64894301847210
155.2029,disk8w,353591296,46272,2459045079
155.2029,disk6,13580672120832,22151403,187030429441134
155.2029,disk6w,491520,70,201274851
155.2029,ram,646184960,65635041280,284365
155.2029,cpu,15831114,22692350,543224817
155.2029,gpu,0,0,0
155.4057,disk0,941009923878912,2122617915,12929011354259387
155.4057,disk0w,2190238883840,19805054,1286230399151
155.4057,disk4,7830501263360,15782495,91716867745366
155.4057,disk4w,2195456,171,27582691
155.4057,disk8,7624359192576,7705402,64895088094038
155.4057,disk8w,353591296,46272,2459045079
155.4057,disk6,13581781219328,22153248,187041998233073
155.4057,disk6w,491520,70,201274851
155.4057,ram,646184960,65635041280,284365
155.4057,cpu,15831114,22692350,543224817
155.4057,gpu,0,0,0
155.6054,disk0,941012444295168,2122622256,12929025690291141
155.6054,disk0w,2190238883840,19805054,1286230399151
155.6054,disk4,7831220701184,15783971,91721852419029
155.6054,disk4w,2195456,171,27582691
155.6054,disk8,7624938792960,7705996,64895740003310
155.6054,disk8w,353591296,46272,2459045079
155.6054,disk6,13583034677248,22154757,187049587123745
155.6054,disk6w,491520,70,201274851
155.6054,ram,646184960,65635041280,284365
155.6054,cpu,15831114,22692350,543224817
155.6054,gpu,0,0,0
155.8057,disk0,941014641635328,2122626446,12929035808762838
155.8057,disk0w,2190238887936,19805055,1286230412026
155.8057,disk4,7832098064384,15785770,91730723873940
155.8057,disk4w,2195456,171,27582691
155.8057,disk8,7625465702400,7706536,64896396473387
155.8057,disk8w,353591296,46272,2459045079
155.8057,disk6,13584264034304,22156491,187057949798925
155.8057,disk6w,491520,70,201274851
155.8057,ram,647823360,65646411776,284365
155.8057,cpu,15831184,22692496,543226422
155.8057,gpu,0,0,0
156.0057,disk0,941016903249920,2122631019,12929045866343613
156.0057,disk0w,2190238887936,19805055,1286230412026
156.0057,disk4,7832852596736,15787314,91734814554630
156.0057,disk4w,2195456,171,27582691
156.0057,disk8,7626066012160,7707151,64897194632260
156.0057,disk8w,353591296,46272,2459045079
156.0057,disk6,13585664669696,22158645,187072156304907
156.0057,disk6w,491520,70,201274851
156.0057,ram,647823360,65646411776,284365
156.0057,cpu,15831188,22692504,543226513
156.0057,gpu,0,0,0
156.2057,disk0,941019136860160,2122636167,12929059885590612
156.2057,disk0w,2190238887936,19805055,1286230412026
156.2057,disk4,7833503418368,15788575,91740659121821
156.2057,disk4w,2195456,171,27582691
156.2057,disk8,7626520569856,7707617,64897753696689
156.2057,disk8w,353591296,46272,2459045079
156.2057,disk6,13586860095488,22160653,187084008661912
156.2057,disk6w,491520,70,201274851
156.2057,ram,647823360,65646411776,284365
156.2057,cpu,15831188,22692504,543226513
156.2057,gpu,0,0,0
156.4023,disk0,941021056081920,2122640420,12929069600715238
156.4023,disk0w,2190238887936,19805055,1286230412026
156.4023,disk4,7834251282432,15790052,91744711568714
156.4023,disk4w,2195456,171,27582691
156.4023,disk8,7627117733888,7708229,64898467995488
156.4023,disk8w,353591296,46272,2459045079
156.4023,disk6,13588087470080,22162816,187099223818196
156.4023,disk6w,491520,70,201274851
156.4023,ram,647823360,65646411776,284365
156.4023,cpu,15831188,22692504,543226513
156.4023,gpu,0,0,0
156.6057,disk0,941023119540224,2122648720,12929084104867078
156.6057,disk0w,2190238887936,19805055,1286230412026
156.6057,disk4,7835010263040,15791551,91749182911163
156.6057,disk4w,2195456,171,27582691
156.6057,disk8,7627500595200,7708621,64898896821781
156.6057,disk8w,353591296,46272,2459045079
156.6057,disk6,13589432317952,22165158,187115767633183
156.6057,disk6w,491520,70,201274851
156.6057,ram,647823360,65646411776,284365
156.6057,cpu,15831188,22692504,543226513
156.6057,gpu,0,0,0
156.8057,disk0,941024537473024,2122651341,12929091240767928
156.8057,disk0w,2190238892032,19805056,1286230422776
156.8057,disk4,7835623876608,15792790,91752544430922
156.8057,disk4w,2195456,171,27582691
156.8057,disk8,7627854342144,7708984,64899462218247
156.8057,disk8w,353591296,46272,2459045079
156.8057,disk6,13590593157120,22167371,187134538565369
156.8057,disk6w,491520,70,201274851
156.8057,ram,649986048,65458831360,284365
156.8057,cpu,15831247,22692655,543227975
156.8057,gpu,0,0,0
157.0057,disk0,941026509131776,2122664282,12929106121054432
157.0057,disk0w,2190238892032,19805056,1286230422776
157.0057,disk4,7836218148864,15794008,91755635115391
157.0057,disk4w,2195456,171,27582691
157.0057,disk8,7628369979392,7709512,64900205036857
157.0057,disk8w,353591296,46272,2459045079
157.0057,disk6,13591949670400,22169318,187148755156364
157.0057,disk6w,491520,70,201274851
157.0057,ram,650199040,65458831360,284365
157.0057,cpu,15831250,22692666,543228085
157.0057,gpu,0,0,0
157.2057,disk0,941028568424448,2122667813,12929113356631370
157.2057,disk0w,2190238892032,19805056,1286230422776
157.2057,disk4,7836854953984,15795314,91759889987997
157.2057,disk4w,2195456,171,27582691
157.2057,disk8,7628915894272,7710072,64900916307592
157.2057,disk8w,353591296,46272,2459045079
157.2057,disk6,13593302710272,22171043,187160987956929
157.2057,disk6w,491520,70,201274851
157.2057,ram,650199040,65458831360,284365
157.2057,cpu,15831250,22692666,543228085
157.2057,gpu,0,0,0
157.4017,disk0,941030466379776,2122671510,12929120908985895
157.4017,disk0w,2190238892032,19805056,1286230422776
157.4017,disk4,7837623502848,15796891,91765967572512
157.4017,disk4w,2195456,171,27582691
157.4017,disk8,7629427337216,7710596,64901613293464
157.4017,disk8w,353591296,46272,2459045079
157.4017,disk6,13594644477952,22173250,187176277212840
157.4017,disk6w,491520,70,201274851
157.4017,ram,650199040,65458831360,284365
157.4017,cpu,15831250,22692666,543228085
157.4017,gpu,0,0,0
157.6026,disk0,941032272044032,2122675484,12929127424714649
157.6026,disk0w,2190238892032,19805056,1286230422776
157.6026,disk4,7838403168256,15798458,91773571577954
157.6026,disk4w,2195456,171,27582691
157.6026,disk8,7629909288960,7711090,64902129889461
157.6026,disk8w,353591296,46272,2459045079
157.6026,disk6,13595957315584,22175189,187189754147775
157.6026,disk6w,491520,70,201274851
157.6026,ram,650199040,65458831360,284365
157.6026,cpu,15831250,22692666,543228085
157.6026,gpu,26,5,0
157.8029,disk0,941034443776000,2122680713,12929140897569939
157.8029,disk0w,2190238896128,19805057,1286230431526
157.8029,disk4,7839031871488,15799683,91776418772467
157.8029,disk4w,2195456,171,27582691
157.8029,disk8,7630436198400,7711630,64902793133614
157.8029,disk8w,353591296,46272,2459045079
157.8029,disk6,13597346105344,22177657,187205901887718
157.8029,disk6w,491520,70,201274851
157.8029,ram,651444224,65659944960,284365
157.8029,cpu,15831310,22692794,543229550
157.8029,gpu,0,0,0
158.0047,disk0,941036551356416,2122685437,12929154014606139
158.0047,disk0w,2190238896128,19805057,1286230431526
158.0047,disk4,7839807621120,15801213,91781367168288
158.0047,disk4w,2195456,171,27582691
158.0047,disk8,7630866507776,7712071,64903338025175
158.0047,disk8w,353591296,46272,2459045079
158.0047,disk6,13598659627008,22179925,187219898724799
158.0047,disk6w,491520,70,201274851
158.0047,ram,651378688,65659944960,284365
158.0047,cpu,15831311,22692794,543229567
158.0047,gpu,0,0,0
158.2052,disk0,941038533099520,2122692363,12929167469434129
158.2052,disk0w,2190238896128,19805057,1286230431526
158.2052,disk4,7840520767488,15802618,91786793011214
158.2052,disk4w,2195456,171,27582691
158.2052,disk8,7631310841856,7712526,64903807790779
158.2052,disk8w,353591296,46272,2459045079
158.2052,disk6,13599964661760,22182538,187236181043218
158.2052,disk6w,491520,70,201274851
158.2052,ram,651378688,65659944960,284365
158.2052,cpu,15831311,22692794,543229567
158.2052,gpu,0,0,0
158.4026,disk0,941040215801856,2122697977,12929177443908803
158.4026,disk0w,2190238904320,19805059,1286230482442
158.4026,disk4,7841029638144,15803657,91789629733494
158.4026,disk4w,2195456,171,27582691
158.4026,disk8,7631808243712,7713036,64904672504395
158.4026,disk8w,353591296,46272,2459045079
158.4026,disk6,13601137838080,22184400,187251394399095
158.4026,disk6w,491520,70,201274851
158.4026,ram,651378688,65659944960,284365
158.4026,cpu,15831311,22692794,543229567
158.4026,gpu,0,0,0
158.6057,disk0,941042561589248,2122708570,12929196973583033
158.6057,disk0w,2190245150720,19805281,1286235532120
158.6057,disk4,7841819265024,15805275,91794447757314
158.6057,disk4w,2195456,171,27582691
158.6057,disk8,7632359401472,7713601,64905367725237
158.6057,disk8w,353591296,46272,2459045079
158.6057,disk6,13602345650176,22186030,187258502772043
158.6057,disk6w,491520,70,201274851
158.6057,ram,651378688,65659944960,284365
158.6057,cpu,15831311,22692794,543229567
158.6057,gpu,0,0,0
158.8058,disk0,941044840734720,2122712932,12929210902692389
158.8058,disk0w,2190245154816,19805282,1286235543411
158.8058,disk4,7842449909760,15806568,91798074357375
158.8058,disk4w,2195456,171,27582691
158.8058,disk8,7632866256896,7714120,64905985039677
158.8058,disk8w,353591296,46272,2459045079
158.8058,disk6,13603607988224,22187846,187269383550224
158.8058,disk6w,491520,70,201274851
158.8058,ram,652656640,65630994432,284365
158.8058,cpu,15831372,22692934,543231132
158.8058,gpu,0,0,0
159.0022,disk0,941046828310528,2122717091,12929220341588723
159.0022,disk0w,2190245154816,19805282,1286235543411
159.0022,disk4,7843252889600,15808216,91805357657382
159.0022,disk4w,2195456,171,27582691
159.0022,disk8,7633369311232,7714636,64906556051094
159.0022,disk8w,353591296,46272,2459045079
159.0022,disk6,13604859824128,22189676,187280934440998
159.0022,disk6w,491520,70,201274851
159.0022,ram,643612672,65631207424,284365
159.0022,cpu,15831374,22692937,543231213
159.0022,gpu,0,0,0
159.2058,disk0,941049183694848,2122722458,12929236068529434
159.2058,disk0w,2190245154816,19805282,1286235543411
159.2058,disk4,7843995125760,15809667,91809705755345
159.2058,disk4w,2195456,171,27582691
159.2058,disk8,7633842087936,7715120,64907080085606
159.2058,disk8w,353591296,46272,2459045079
159.2058,disk6,13606084642816,22191741,187293453022849
159.2058,disk6w,491520,70,201274851
159.2058,ram,643612672,65631207424,284365
159.2058,cpu,15831374,22692937,543231213
159.2058,gpu,48,7,0
159.4058,disk0,941051323772928,2122727132,12929248958950343
159.4058,disk0w,2190245154816,19805282,1286235543411
159.4058,disk4,7844732110848,15811124,91815605994819
159.4058,disk4w,2195456,171,27582691
159.4058,disk8,7634344093696,7715635,64907711015049
159.4058,disk8w,353591296,46272,2459045079
159.4058,disk6,13607340476416,22193962,187306561351967
159.4058,disk6w,491520,70,201274851
159.4058,ram,643612672,65631207424,284365
159.4058,cpu,15831374,22692937,543231213
159.4058,gpu,0,0,0
159.6058,disk0,941053682438144,2122737200,12929268990107908
159.6058,disk0w,2190245158912,19805283,1286235564994
159.6058,disk4,7845521737728,15812683,91820427730804
159.6058,disk4w,2195456,171,27582691
159.6058,disk8,7634749106176,7716050,64908265284325
159.6058,disk8w,353591296,46272,2459045079
159.6058,disk6,13608549648384,22196032,187317617467141
159.6058,disk6w,491520,70,201274851
159.6058,ram,643612672,65631207424,284365
159.6058,cpu,15831374,22692937,543231213
159.6058,gpu,0,0,0
159.8058,disk0,941055324131328,2122740028,12929277602198986
159.8058,disk0w,2190245158912,19805283,1286235564994
159.8058,disk4,7846100797440,15813835,91823837506808
159.8058,disk4w,2195456,171,27582691
159.8058,disk8,7635222226944,7716535,64909098013752
159.8058,disk8w,353591296,46272,2459045079
159.8058,disk6,13609747597312,22198257,187333400580940
159.8058,disk6w,491520,70,201274851
159.8058,ram,656736256,65472856064,284365
159.8058,cpu,15831434,22693075,543232704
159.8058,gpu,0,0,0
160.0058,disk0,941057801650176,2122748617,12929295523464913
160.0058,disk0w,2190245158912,19805283,1286235564994
160.0058,disk4,7846708668416,15815082,91827092815703
160.0058,disk4w,2195456,171,27582691
160.0058,disk8,7635731572736,7717057,64909707320085
160.0058,disk8w,353591296,46272,2459045079
160.0058,disk6,13611096999936,22200158,187343889673327
160.0058,disk6w,491520,70,201274851
160.0058,ram,655196160,65530691584,284365
160.0058,cpu,15831435,22693079,543232731
160.0058,gpu,0,0,0
160.2058,disk0,941060245536768,2122753152,12929308331641870
160.2058,disk0w,2190245158912,19805283,1286235564994
160.2058,disk4,7847495813120,15816696,91833974036797
160.2058,disk4w,2195456,171,27582691
160.2058,disk8,7636337518592,7717678,64910409256802
160.2058,disk8w,353591296,46272,2459045079
160.2058,disk6,13612402132992,22201941,187351752870832
160.2058,disk6w,491520,70,201274851
160.2058,ram,655196160,65530691584,284365
160.2058,cpu,15831435,22693079,543232731
160.2058,gpu,0,0,0
160.4047,disk0,941062473203712,2122757681,12929320222686431
160.4047,disk0w,2190245158912,19805283,1286235564994
160.4047,disk4,7848373176320,15818496,91841274304097
160.4047,disk4w,2195456,171,27582691
160.4047,disk8,7636919216128,7718274,64911052555439
160.4047,disk8w,353591296,46272,2459045079
160.4047,disk6,13613675644928,22203829,187361501224774
160.4047,disk6w,491520,70,201274851
160.4047,ram,655196160,65530691584,284365
160.4047,cpu,15831435,22693079,543232731
160.4047,gpu,0,0,0
160.6028,disk0,941064470036480,2122761960,12929333410443762
160.6028,disk0w,2190245171200,19805286,1286235633577
160.6028,disk4,7849069971456,15819889,91847561874988
160.6028,disk4w,2195456,171,27582691
160.6028,disk8,7637294737408,7718659,64911465132388
160.6028,disk8w,353591296,46272,2459045079
160.6028,disk6,13614756038656,22205462,187372464841400
160.6028,disk6w,491520,70,201274851
160.6028,ram,655196160,65530691584,284365
160.6028,cpu,15831435,22693079,543232731
160.6028,gpu,0,0,0
160.8019,disk0,941066693591040,2122767093,12929348876757697
160.8019,disk0w,2190246064128,19805448,1286238494441
160.8019,disk4,7849812051968,15821340,91851206379048
160.8019,disk4w,2195456,171,27582691
160.8019,disk8,7637883119616,7719262,64912122829034
160.8019,disk8w,353591296,46272,2459045079
160.8019,disk6,13616023750656,22207584,187385615298824
160.8019,disk6w,491520,70,201274851
160.8019,ram,655196160,65530691584,284365
160.8019,cpu,15831435,22693079,543232731
160.8019,gpu,33,5,0
161.0047,disk0,941068325257216,2122771163,12929355328211075
161.0047,disk0w,2190246064128,19805448,1286238494441
161.0047,disk4,7850691512320,15823076,91859440399202
161.0047,disk4w,2195456,171,27582691
161.0047,disk8,7638399805440,7719791,64912665294060
161.0047,disk8w,353591296,46272,2459045079
161.0047,disk6,13617333553152,22209894,187402156852448
161.0047,disk6w,491520,70,201274851
161.0047,ram,446513152,66012102656,284365
161.0047,cpu,15831495,22693219,543234335
161.0047,gpu,0,0,0
161.2058,disk0,941070661017600,2122778495,12929374379912620
161.2058,disk0w,2190246232064,19805483,1286239207681
161.2058,disk4,7851303569408,15824282,91862048431261
161.2058,disk4w,2195456,171,27582691
161.2058,disk8,7638922520576,7720327,64913320598212
161.2058,disk8w,353591296,46272,2459045079
161.2058,disk6,13618640979968,22212330,187415395530790
161.2058,disk6w,491520,70,201274851
161.2058,ram,446513152,66012102656,284365
161.2058,cpu,15831495,22693219,543234335
161.2058,gpu,0,0,0
161.4058,disk0,941072859828224,2122784514,12929389431478534
161.4058,disk0w,2190246232064,19805483,1286239207681
161.4058,disk4,7851952818176,15825610,91866795104653
161.4058,disk4w,2195456,171,27582691
161.4058,disk8,7639375996928,7720792,64914182027981
161.4058,disk8w,353591296,46272,2459045079
161.4058,disk6,13619787679744,22214160,187425681929022
161.4058,disk6w,491520,70,201274851
161.4058,ram,446513152,66012102656,284365
161.4058,cpu,15831495,22693219,543234335
161.4058,gpu,0,0,0
161.6032,disk0,941075115315200,2122788479,12929400764009153
161.6032,disk0w,2190246236160,19805484,1286239216972
161.6032,disk4,7852724897792,15827191,91873737264346
161.6032,disk4w,2195456,171,27582691
161.6032,disk8,7639993870336,7721425,64914933138342
161.6032,disk8w,353591296,46272,2459045079
161.6032,disk6,13621035370496,22215567,187432894738951
161.6032,disk6w,491520,70,201274851
161.6032,ram,446513152,66012102656,284365
161.6032,cpu,15831495,22693219,543234335
161.6032,gpu,0,0,0
161.8058,disk0,941077237501952,2122792536,12929410206595726
161.8058,disk0w,2190246236160,19805484,1286239216972
161.8058,disk4,7853663684608,15829117,91883631612999
161.8058,disk4w,2195456,171,27582691
161.8058,disk8,7640553809920,7721999,64915609988490
161.8058,disk8w,353591296,46272,2459045079
161.8058,disk6,13622364538880,22217656,187441820108806
161.8058,disk6w,491520,70,201274851
161.8058,ram,446513152,66012102656,284365
161.8058,cpu,15831495,22693219,543234335
161.8058,gpu,0,0,0
162.0048,disk0,941079220916224,2122796453,12929421217684265
162.0048,disk0w,2190246236160,19805484,1286239216972
162.0048,disk4,7854339786752,15830495,91886715377461
162.0048,disk4w,2195456,171,27582691
162.0048,disk8,7641018198016,7722475,64916136649079
162.0048,disk8w,353591296,46272,2459045079
162.0048,disk6,13623636625408,22219555,187454927066049
162.0048,disk6w,491520,70,201274851
162.0048,ram,431505408,65953349632,284365
162.0048,cpu,15831566,22693386,543235982
162.0048,gpu,0,0,0
162.2047,disk0,941081498308608,2122801628,12929438518519297
162.2047,disk0w,2190246236160,19805484,1286239216972
162.2047,disk4,7855171864576,15832107,91891337204786
162.2047,disk4w,2195456,171,27582691
162.2047,disk8,7641430943744,7722898,64916559343813
162.2047,disk8w,353591296,46272,2459045079
162.2047,disk6,13624893655040,22221724,187466774505309
162.2047,disk6w,491520,70,201274851
162.2047,ram,431505408,65953349632,284365
162.2047,cpu,15831566,22693386,543235982
162.2047,gpu,0,0,0
162.4058,disk0,941083420758016,2122806134,12929450106603253
162.4058,disk0w,2190246236160,19805484,1286239216972
162.4058,disk4,7856026945536,15833800,91897522349630
162.4058,disk4w,2195456,171,27582691
162.4058,disk8,7641931507712,7723411,64917210525980
162.4058,disk8w,353591296,46272,2459045079
162.4058,disk6,13626149668864,22224069,187482069321630
162.4058,disk6w,491520,70,201274851
162.4058,ram,431505408,65953349632,284365
162.4058,cpu,15831566,22693386,543235982
162.4058,gpu,0,0,0
162.6058,disk0,941085611626496,2122814783,12929469480983388
162.6058,disk0w,2190246240256,19805485,1286239230930
162.6058,disk4,7856691644416,15835114,91901117881811
162.6058,disk4w,2195456,171,27582691
162.6058,disk8,7642484762624,7723978,64917889280055
162.6058,disk8w,353591296,46272,2459045079
162.6058,disk6,13627418822656,22226316,187494839707719
162.6058,disk6w,491520,70,201274851
162.6058,ram,431505408,65953349632,284365
162.6058,cpu,15831566,22693386,543235982
162.6058,gpu,0,0,0
162.8047,disk0,941087387217920,2122818037,12929476122591071
162.8047,disk0w,2190246240256,19805485,1286239230930
162.8047,disk4,7857374939136,15836490,91906674244576
162.8047,disk4w,2195456,171,27582691
162.8047,disk8,7642994059264,7724500,64918657432843
162.8047,disk8w,353591296,46272,2459045079
162.8047,disk6,13628642658304,22228484,187510204484186
162.8047,disk6w,491520,70,201274851
162.8047,ram,431505408,65953349632,284365
162.8047,cpu,15831566,22693386,543235982
162.8047,gpu,0,0,0
163.0047,disk0,941089593454592,2122826611,12929489259498493
163.0047,disk0w,2190246240256,19805485,1286239230930
163.0047,disk4,7857989093376,15837749,91910197531177
163.0047,disk4w,2195456,171,27582691
163.0047,disk8,7643635132416,7725157,64919550977076
163.0047,disk8w,353591296,46272,2459045079
163.0047,disk6,13630030710784,22230364,187523453127366
163.0047,disk6w,491520,70,201274851
163.0047,ram,433160192,65662042112,284365
163.0047,cpu,15831630,22693525,543237505
163.0047,gpu,0,0,0
163.2058,disk0,941091458347008,2122829659,12929497384648452
163.2058,disk0w,2190246240256,19805485,1286239230930
163.2058,disk4,7858541840384,15838880,91913534687760
163.2058,disk4w,2195456,171,27582691
163.2058,disk8,7644208048128,7725744,64920285898679
163.2058,disk8w,353591296,46272,2459045079
163.2058,disk6,13631335680000,22232110,187537081545717
163.2058,disk6w,491520,70,201274851
163.2058,ram,433160192,65662042112,284365
163.2058,cpu,15831630,22693525,543237505
163.2058,gpu,0,0,0
163.4058,disk0,941093987856384,2122834708,12929515127917067
163.4058,disk0w,2190246240256,19805485,1286239230930
163.4058,disk4,7859208652800,15840248,91917167617881
163.4058,disk4w,2195456,171,27582691
163.4058,disk8,7644759205888,7726309,64921064016420
163.4058,disk8w,353591296,46272,2459045079
163.4058,disk6,13632503928832,22233837,187545688417642
163.4058,disk6w,491520,70,201274851
163.4058,ram,433160192,65662042112,284365
163.4058,cpu,15831630,22693525,543237505
163.4058,gpu,0,0,0
163.6058,disk0,941096177831936,2122839520,12929530850795491
163.6058,disk0w,2190246244352,19805486,1286239246305
163.6058,disk4,7859963725824,15841750,91922178296377
163.6058,disk4w,2195456,171,27582691
163.6058,disk8,7645215860736,7726777,64921550712644
163.6058,disk8w,353591296,46272,2459045079
163.6058,disk6,13633688049664,22235816,187557603275528
163.6058,disk6w,491520,70,201274851
163.6058,ram,433160192,65662042112,284365
163.6058,cpu,15831630,22693525,543237505
163.6058,gpu,0,0,0
163.8058,disk0,941098415124480,2122844347,12929545316630825
163.8058,disk0w,2190251995136,19805612,1286242907509
163.8058,disk4,7860621215744,15843037,91925013062830
163.8058,disk4w,2195456,171,27582691
163.8058,disk8,7645797558272,7727373,64922251806211
163.8058,disk8w,353591296,46272,2459045079
163.8058,disk6,13635058145280,22238200,187572550193154
163.8058,disk6w,491520,70,201274851
163.8058,ram,433160192,65662042112,284365
163.8058,cpu,15831630,22693525,543237505
163.8058,gpu,0,0,0
164.0053,disk0,941100614066176,2122851333,12929560026586161
164.0053,disk0w,2190251995136,19805612,1286242907509
164.0053,disk4,7861446903808,15844668,91930884936745
164.0053,disk4w,2195456,171,27582691
164.0053,disk8,7646357497856,7727947,64922953341513
164.0053,disk8w,353591296,46272,2459045079
164.0053,disk6,13636327282688,22240525,187585073715920
164.0053,disk6w,491520,70,201274851
164.0053,ram,482312192,65631404032,284365
164.0053,cpu,15831691,22693651,543239078
164.0053,gpu,0,0,0
164.2058,disk0,941102524366848,2122856397,12929567184769398
164.2058,disk0w,2190252052480,19805616,1286242953591
164.2058,disk4,7862200469504,15846163,91935509914068
164.2058,disk4w,2195456,171,27582691
164.2058,disk8,7646814152704,7728415,64923500235561
164.2058,disk8w,353591296,46272,2459045079
164.2058,disk6,13637660661760,22243102,187603498591585
164.2058,disk6w,491520,70,201274851
164.2058,ram,482312192,65631404032,284365
164.2058,cpu,15831691,22693651,543239078
164.2058,gpu,0,0,0
164.4050,disk0,941104211021824,2122865684,12929579773106109
164.4050,disk0w,2190252056576,19805617,1286242968549
164.4050,disk4,7862902360064,15847603,91940704140466
164.4050,disk4w,2195456,171,27582691
164.4050,disk8,7647266138112,7728878,64924736268120
164.4050,disk8w,353591296,46272,2459045079
164.4050,disk6,13638745954304,22244738,187613306059329
164.4050,disk6w,491520,70,201274851
164.4050,ram,482312192,65631404032,284365
164.4050,cpu,15831691,22693651,543239078
164.4050,gpu,0,0,0
164.6058,disk0,941106489626624,2122869898,12929592201006860
164.6058,disk0w,2190252056576,19805617,1286242968549
164.6058,disk4,7863449487360,15848722,91943598209162
164.6058,disk4w,2195456,171,27582691
164.6058,disk8,7647920580608,7729549,64925920658064
164.6058,disk8w,353591296,46272,2459045079
164.6058,disk6,13640025528320,22246340,187622503687454
164.6058,disk6w,491520,70,201274851
164.6058,ram,482312192,65631404032,284365
164.6058,cpu,15831691,22693651,543239078
164.6058,gpu,0,0,0
164.8050,disk0,941108457705472,2122873927,12929600951356433
164.8050,disk0w,2190252056576,19805617,1286242968549
164.8050,disk4,7864307869696,15850480,91952082761678
164.8050,disk4w,2195456,171,27582691
164.8050,disk8,7648412362752,7730053,64926431595854
164.8050,disk8w,353591296,46272,2459045079
164.8050,disk6,13641387694080,22248350,187634885581217
164.8050,disk6w,491520,70,201274851
164.8050,ram,482312192,65631404032,284365
164.8050,cpu,15831691,22693651,543239078
164.8050,gpu,0,0,0
165.0050,disk0,941110695923712,2122878481,12929612781572173
165.0050,disk0w,2190252056576,19805617,1286242968549
165.0050,disk4,7865256994816,15852425,91962507440787
165.0050,disk4w,2195456,171,27582691
165.0050,disk8,7648886581248,7730539,64927009084022
165.0050,disk8w,353591296,46272,2459045079
165.0050,disk6,13642511407104,22250056,187643389070646
165.0050,disk6w,491520,70,201274851
165.0050,ram,513310720,65741619200,284365
165.0050,cpu,15831766,22693799,543240633
165.0050,gpu,0,0,0
165.2058,disk0,941112735764480,2122882975,12929627841779809
165.2058,disk0w,2190257364992,19805911,1286249636121
165.2058,disk4,7866097158144,15854060,91967322022703
165.2058,disk4w,2195456,171,27582691
165.2058,disk8,7649281763328,7730944,64927474310183
165.2058,disk8w,354799616,46490,2465983053
165.2058,disk6,13643712747520,22252123,187655637498313
165.2058,disk6w,491520,70,201274851
165.2058,ram,513310720,65741619200,284365
165.2058,cpu,15831766,22693799,543240633
165.2058,gpu,0,0,0
165.4058,disk0,941114918375424,2122887888,12929639915657776
165.4058,disk0w,2190257369088,19805912,1286249651329
165.4058,disk4,7866911918080,15855669,91972495917231
165.4058,disk4w,2195456,171,27582691
165.4058,disk8,7649896491008,7731574,64928236040796
165.4058,disk8w,354799616,46490,2465983053
165.4058,disk6,13645071996928,22254640,187671294451241
165.4058,disk6w,491520,70,201274851
165.4058,ram,513310720,65741619200,284365
165.4058,cpu,15831766,22693799,543240633
165.4058,gpu,0,0,0
165.6058,disk0,941116885098496,2122899357,12929653922021435
165.6058,disk0w,2190257369088,19805912,1286249651329
165.6058,disk4,7867701544960,15857227,91977462482887
165.6058,disk4w,2195456,171,27582691
165.6058,disk8,7650517510144,7732210,64929133397916
165.6058,disk8w,354799616,46490,2465983053
165.6058,disk6,13646387795968,22257065,187687056823397
165.6058,disk6w,491520,70,201274851
165.6058,ram,513310720,65741619200,284365
165.6058,cpu,15831766,22693799,543240633
165.6058,gpu,0,0,0
165.8058,disk0,941118596861952,2122902582,12929661360711008
165.8058,disk0w,2190257369088,19805912,1286249651329
165.8058,disk4,7868456077312,15858743,91983516868186
165.8058,disk4w,2195456,171,27582691
165.8058,disk8,7651038078976,7732744,64930483025032
165.8058,disk8w,354799616,46490,2465983053
165.8058,disk6,13647508592640,22258925,187698908781081
165.8058,disk6w,491520,70,201274851
165.8058,ram,513310720,65741619200,284365
165.8058,cpu,15831766,22693799,543240633
165.8058,gpu,0,0,0
166.0058,disk0,941120526536704,2122911676,12929673058607718
166.0058,disk0w,2190257369088,19805912,1286249651329
166.0058,disk4,7869070772224,15860001,91986399593940
166.0058,disk4w,2195456,171,27582691
166.0058,disk8,7651793315840,7733518,64931423415398
166.0058,disk8w,354799616,46490,2465983053
166.0058,disk6,13648880392192,22260861,187713798644395
166.0058,disk6w,491520,70,201274851
166.0058,ram,549847040,65617903616,284365
166.0058,cpu,15831843,22693967,543242271
166.0058,gpu,0,0,0
166.2058,disk0,941122518089728,2122915024,12929681261404862
166.2058,disk0w,2190257369088,19805912,1286249651329
166.2058,disk4,7869859874816,15861619,91994173740913
166.2058,disk4w,2195456,171,27582691
166.2058,disk8,7652390479872,7734130,64932160896777
166.2058,disk8w,354799616,46490,2465983053
166.2058,disk6,13650181478400,22262677,187723733735720
166.2058,disk6w,491520,70,201274851
166.2058,ram,549847040,65617903616,284365
166.2058,cpu,15831843,22693967,543242271
166.2058,gpu,0,0,0
166.4058,disk0,941124840652800,2122919956,12929693385076807
166.4058,disk0w,2190257414144,19805916,1286249723869
166.4058,disk4,7870694950912,15863331,92000199680800
166.4058,disk4w,2195456,171,27582691
166.4058,disk8,7652830619648,7734581,64932681536167
166.4058,disk8w,354799616,46490,2465983053
166.4058,disk6,13651518085120,22264610,187734793000886
166.4058,disk6w,491520,70,201274851
166.4058,ram,549847040,65617903616,284365
166.4058,cpu,15831843,22693967,543242271
166.4058,gpu,0,0,0
166.6058,disk0,941126754058240,2122924316,12929701120097574
166.6058,disk0w,2190257414144,19805916,1286249723869
166.6058,disk4,7871588288512,15865103,92008395227015
166.6058,disk4w,2195456,171,27582691
166.6058,disk8,7653303789568,7735066,64933201857165
166.6058,disk8w,354799616,46490,2465983053
166.6058,disk6,13652811126784,22266804,187749787254037
166.6058,disk6w,491520,70,201274851
166.6058,ram,549847040,65617903616,284365
166.6058,cpu,15831843,22693967,543242271
166.6058,gpu,0,0,0
166.8017,disk0,941128711077888,2122928725,12929710496868586
166.8017,disk0w,2190257414144,19805916,1286249723869
166.8017,disk4,7872377915392,15866654,92013144304722
166.8017,disk4w,2195456,171,27582691
166.8017,disk8,7653769226240,7735543,64933756757710
166.8017,disk8w,354799616,46490,2465983053
166.8017,disk6,13654178256896,22269263,187766586177128
166.8017,disk6w,491520,70,201274851
166.8017,ram,549847040,65617903616,284365
166.8017,cpu,15831843,22693967,543242271
166.8017,gpu,0,0,0
167.0047,disk0,941131108401152,2122938253,12929728987055498
167.0047,disk0w,2190257414144,19805916,1286249723869
167.0047,disk4,7873131939840,15868142,92017295993397
167.0047,disk4w,2195456,171,27582691
167.0047,disk8,7654375172096,7736164,64934449327381
167.0047,disk8w,354799616,46490,2465983053
167.0047,disk6,13655550121984,22271611,187780197869596
167.0047,disk6w,491520,70,201274851
167.0047,ram,587497472,65751859200,284365
167.0047,cpu,15831913,22694125,543243734
167.0047,gpu,0,0,0
167.2058,disk0,941132798828544,2122941191,12929736474030219
167.2058,disk0w,2190257414144,19805916,1286249723869
167.2058,disk4,7873745414144,15869368,92021302948526
167.2058,disk4w,2195456,171,27582691
167.2058,disk8,7654957836288,7736761,64935893273769
167.2058,disk8w,354799616,46490,2465983053
167.2058,disk6,13656722462720,22273713,187795917463011
167.2058,disk6w,491520,70,201274851
167.2058,ram,587497472,65751859200,284365
167.2058,cpu,15831913,22694125,543243734
167.2058,gpu,0,0,0
167.4058,disk0,941134903607296,2122949118,12929747681706506
167.4058,disk0w,2190257418240,19805917,1286249738202
167.4058,disk4,7874520270848,15870955,92026472354579
167.4058,disk4w,2195456,171,27582691
167.4058,disk8,7655648454656,7737469,64936869200989
167.4058,disk8w,354799616,46490,2465983053
167.4058,disk6,13658010687488,22275613,187807759492884
167.4058,disk6w,491520,70,201274851
167.4058,ram,587497472,65751859200,284365
167.4058,cpu,15831913,22694125,543243734
167.4058,gpu,0,0,0
167.6058,disk0,941136886243328,2122952459,12929755718364761
167.6058,disk0w,2190257418240,19805917,1286249738202
167.6058,disk4,7875410069504,15872779,92035508575099
167.6058,disk4w,2195456,171,27582691
167.6058,disk8,7656285988864,7738122,64937575362397
167.6058,disk8w,354799616,46490,2465983053
167.6058,disk6,13659295045632,22277229,187816737786677
167.6058,disk6w,491520,70,201274851
167.6058,ram,587497472,65751859200,284365
167.6058,cpu,15831913,22694125,543243734
167.6058,gpu,0,0,0
167.8058,disk0,941138759114752,2122956095,12929764788753329
167.8058,disk0w,2190257442816,19805923,1286249859408
167.8058,disk4,7876089169920,15874173,92039813297498
167.8058,disk4w,2195456,171,27582691
167.8058,disk8,7656772528128,7738621,64938246707556
167.8058,disk8w,354799616,46490,2465983053
167.8058,disk6,13660660078592,22279329,187831735229977
167.8058,disk6w,491520,70,201274851
167.8058,ram,587497472,65751859200,284365
167.8058,cpu,15831913,22694125,543243734
167.8058,gpu,0,0,0
168.0055,disk0,941140709810176,2122960253,12929776900169338
168.0055,disk0w,2190257442816,19805923,1286249859408
168.0055,disk4,7876904732672,15875815,92046652857782
168.0055,disk4w,2195456,171,27582691
168.0055,disk8,7657273092096,7739134,64938883174315
168.0055,disk8w,354799616,46490,2465983053
168.0055,disk6,13661839693824,22281119,187843915168512
168.0055,disk6w,491520,70,201274851
168.0055,ram,606584832,65675689984,284365
168.0055,cpu,15831978,22694266,543245307
168.0055,gpu,0,0,0
168.2058,disk0,941142921650176,2122965473,12929790964888494
168.2058,disk0w,2190257442816,19805923,1286249859408
168.2058,disk4,7877791254528,15877545,92053477828273
168.2058,disk4w,2195456,171,27582691
168.2058,disk8,7657677056000,7739548,64939305345673
168.2058,disk8w,354799616,46490,2465983053
168.2058,disk6,13663079897088,22283364,187856497781905
168.2058,disk6w,491520,70,201274851
168.2058,ram,606584832,65675689984,284365
168.2058,cpu,15831978,22694266,543245307
168.2058,gpu,0,0,0
168.4058,disk0,941144772878336,2122970306,12929801517575966
168.4058,disk0w,2190257463296,19805926,1286250101741
168.4058,disk4,7878782437376,15879502,92062561202282
168.4058,disk4w,2195456,171,27582691
168.4058,disk8,7658160056320,7740043,64939825875510
168.4058,disk8w,354799616,46490,2465983053
168.4058,disk6,13664367171584,22285599,187870244533145
168.4058,disk6w,491520,70,201274851
168.4058,ram,606584832,65675689984,284365
168.4058,cpu,15831978,22694266,543245307
168.4058,gpu,0,0,0
168.6058,disk0,941146660200448,2122977232,12929812906582272
168.6058,disk0w,2190257463296,19805926,1286250101741
168.6058,disk4,7879484917760,15880889,92066945068772
168.6058,disk4w,2195456,171,27582691
168.6058,disk8,7658674644992,7740570,64940496676756
168.6058,disk8w,354799616,46490,2465983053
168.6058,disk6,13665736169472,22288244,187888244644602
168.6058,disk6w,491520,70,201274851
168.6058,ram,606584832,65675689984,284365
168.6058,cpu,15831978,22694266,543245307
168.6058,gpu,0,0,0
168.8058,disk0,941148327677952,2122981087,12929821381440789
168.8058,disk0w,2190257467392,19805927,1286250117407
168.8058,disk4,7880177715200,15882304,92073146837240
168.8058,disk4w,2195456,171,27582691
168.8058,disk8,7659222591488,7741132,64941690735402
168.8058,disk8w,354799616,46490,2465983053
168.8058,disk6,13666853394432,22289926,187899046120324
168.8058,disk6w,491520,70,201274851
168.8058,ram,606584832,65675689984,284365
168.8058,cpu,15831978,22694266,543245307
168.8058,gpu,0,0,0
169.0058,disk0,941150210674688,2122984652,12929830441798960
169.0058,disk0w,2190257491968,19805933,1286250213739
169.0058,disk4,7880941012992,15883868,92080894732916
169.0058,disk4w,2195456,171,27582691
169.0058,disk8,7659771258880,7741694,64942355639464
169.0058,disk8w,354799616,46490,2465983053
169.0058,disk6,13668142209024,22291573,187909649463125
169.0058,disk6w,491520,70,201274851
169.0058,ram,608665600,65610694656,284365
169.0058,cpu,15832052,22694420,543246984
169.0058,gpu,0,0,0
169.2058,disk0,941152075423744,2122988280,12929838865154084
169.2058,disk0w,2190257549312,19805937,1286250277280
169.2058,disk4,7881817630720,15885666,92088720359478
169.2058,disk4w,2195456,171,27582691
169.2058,disk8,7660267628544,7742203,64942904016999
169.2058,disk8w,354799616,46490,2465983053
169.2058,disk6,13669486794752,22293435,187920921689385
169.2058,disk6w,491520,70,201274851
169.2058,ram,608665600,65610694656,284365
169.2058,cpu,15832052,22694420,543246984
169.2058,gpu,0,0,0
169.4044,disk0,941153963073536,2122992210,12929846560775298
169.4044,disk0w,2190258860032,19806076,1286253728985
169.4044,disk4,7882590988288,15887252,92092801748152
169.4044,disk4w,2195456,171,27582691
169.4044,disk8,7660671592448,7742617,64943372844863
169.4044,disk8w,354799616,46490,2465983053
169.4044,disk6,13670887643136,22295578,187936980866015
169.4044,disk6w,491520,70,201274851
169.4044,ram,608665600,65610694656,284365
169.4044,cpu,15832052,22694420,543246984
169.4044,gpu,0,0,0
169.6012,disk0,941155900350464,2122996440,12929856727363780
169.6012,disk0w,2190258860032,19806076,1286253728985
169.6012,disk4,7883520083968,15889074,92100377267683
169.6012,disk4w,2195456,171,27582691
169.6012,disk8,7661049210880,7743004,64943830643946
169.6012,disk8w,354799616,46490,2465983053
169.6012,disk6,13672246274048,22297869,187949708364285
169.6012,disk6w,491520,70,201274851
169.6012,ram,608665600,65610694656,284365
169.6012,cpu,15832052,22694420,543246984
169.6012,gpu,33,7,0
169.8058,disk0,941157806317568,2123000717,12929865356021961
169.8058,disk0w,2190259896320,19806162,1286255357538
169.8058,disk4,7884334344192,15890677,92105609385215
169.8058,disk4w,2195456,171,27582691
169.8058,disk8,7661618587648,7743587,64944571383379
169.8058,disk8w,354799616,46490,2465983053
169.8058,disk6,13673652660224,22300410,187967382681277
169.8058,disk6w,491520,70,201274851
169.8058,ram,608665600,65610694656,284365
169.8058,cpu,15832052,22694420,543246984
169.8058,gpu,0,0,0
170.0058,disk0,941159821631488,2123009093,12929876937483378
170.0058,disk0w,2190259896320,19806162,1286255357538
170.0058,disk4,7885119899648,15892226,92112744022921
170.0058,disk4w,2195456,171,27582691
170.0058,disk8,7662155720704,7744138,64945433803695
170.0058,disk8w,354799616,46490,2465983053
170.0058,disk6,13674968852480,22302606,187980957145254
170.0058,disk6w,491520,70,201274851
170.0058,ram,613646336,64203554816,284365
170.0058,cpu,15832118,22694559,543248580
170.0058,gpu,0,0,0
170.2058,disk0,941161313087488,2123011763,12929884580798676
170.2058,disk0w,2190260097024,19806175,1286255583907
170.2058,disk4,7885635725312,15893255,92115767321395
170.2058,disk4w,2195456,171,27582691
170.2058,disk8,7662448633856,7744438,64945873382301
170.2058,disk8w,354799616,46490,2465983053
170.2058,disk6,13676192098304,22305013,188001741239198
170.2058,disk6w,491520,70,201274851
170.2058,ram,613646336,64203554816,284365
170.2058,cpu,15832118,22694559,543248580
170.2058,gpu,0,0,0
170.4058,disk0,941163326750720,2123021716,12929895942202185
170.4058,disk0w,2190260097024,19806175,1286255583907
170.4058,disk4,7886315210752,15894649,92119992076307
170.4058,disk4w,2195456,171,27582691
170.4058,disk8,7663007524864,7745011,64946704691940
170.4058,disk8w,354799616,46490,2465983053
170.4058,disk6,13677561571328,22306955,188015956338645
170.4058,disk6w,491520,70,201274851
170.4058,ram,613646336,64203554816,284365
170.4058,cpu,15832118,22694559,543248580
170.4058,gpu,0,0,0
170.6051,disk0,941165331922944,2123025149,12929904305683004
170.6051,disk0w,2190260097024,19806175,1286255583907
170.6051,disk4,7887097260032,15896250,92126442333101
170.6051,disk4w,2195456,171,27582691
170.6051,disk8,7663440979968,7745455,64947214210416
170.6051,disk8w,354799616,46490,2465983053
170.6051,disk6,13678884120576,22308569,188025990360929
170.6051,disk6w,491520,70,201274851
170.6051,ram,613646336,64203554816,284365
170.6051,cpu,15832118,22694559,543248580
170.6051,gpu,0,0,0
170.8058,disk0,941167409963008,2123029160,12929915423323068
170.8058,disk0w,2190260097024,19806175,1286255583907
170.8058,disk4,7887811823616,15897717,92130513394739
170.8058,disk4w,2195456,171,27582691
170.8058,disk8,7664017434624,7746046,64947902716105
170.8058,disk8w,354799616,46490,2465983053
170.8058,disk6,13680157763584,22310487,188038043057507
170.8058,disk6w,491520,70,201274851
170.8058,ram,613646336,64203554816,284365
170.8058,cpu,15832118,22694559,543248580
170.8058,gpu,0,0,0
171.0058,disk0,941169401323520,2123033424,12929923961406640
171.0058,disk0w,2190260097024,19806175,1286255583907
171.0058,disk4,7888793421824,15899708,92140730382076
171.0058,disk4w,2195456,171,27582691
171.0058,disk8,7664553125888,7746595,64948586268758
171.0058,disk8w,354799616,46490,2465983053
171.0058,disk6,13681451149312,22312471,188049170840020
171.0058,disk6w,491520,70,201274851
171.0058,ram,632651776,65643282432,284365
171.0058,cpu,15832167,22694684,543250167
171.0058,gpu,0,0,0
171.2048,disk0,941171534786560,2123038324,12929934706692070
171.2048,disk0w,2190260101120,19806176,1286255594323
171.2048,disk4,7889621977088,15901319,92145846763468
171.2048,disk4w,2195456,171,27582691
171.2048,disk8,7665048053760,7747102,64949210684091
171.2048,disk8w,354799616,46490,2465983053
171.2048,disk6,13682829223936,22314933,188064309958665
171.2048,disk6w,491520,70,201274851
171.2048,ram,632651776,65643282432,284365
171.2048,cpu,15832167,22694684,543250167
171.2048,gpu,31,11,0
171.4058,disk0,941173257515008,2123042458,12929940944507870
171.4058,disk0w,2190260101120,19806176,1286255594323
171.4058,disk4,7890477959168,15903016,92153760689509
171.4058,disk4w,2195456,171,27582691
171.4058,disk8,7665554253824,7747621,64949777574878
171.4058,disk8w,354799616,46490,2465983053
171.4058,disk6,13684100409344,22317272,188081351727481
171.4058,disk6w,491520,70,201274851
171.4058,ram,632651776,65643282432,284365
171.4058,cpu,15832167,22694684,543250167
171.4058,gpu,0,0,0
171.6048,disk0,941175181377536,2123050952,12929954552143833
171.6048,disk0w,2190260101120,19806176,1286255594323
171.6048,disk4,7891179849728,15904395,92157624911600
171.6048,disk4w,2195456,171,27582691
171.6048,disk8,7665984563200,7748062,64950310084640
171.6048,disk8w,354799616,46490,2465983053
171.6048,disk6,13685446223872,22319690,188098937724048
171.6048,disk6w,491520,70,201274851
171.6048,ram,632651776,65643282432,284365
171.6048,cpu,15832167,22694684,543250167
171.6048,gpu,0,0,0
171.8038,disk0,941176752766976,2123053899,12929962375556224
171.8038,disk0w,2190260101120,19806176,1286255594323
171.8038,disk4,7891829098496,15905713,92162997080768
171.8038,disk4w,2195456,171,27582691
171.8038,disk8,7666370930688,7748458,64950796372964
171.8038,disk8w,354799616,46490,2465983053
171.8038,disk6,13686605015040,22321540,188112709129471
171.8038,disk6w,491520,70,201274851
171.8038,ram,632651776,65643282432,284365
171.8038,cpu,15832167,22694684,543250167
171.8038,gpu,0,0,0
172.0058,disk0,941178756235264,2123061843,12929972849100177
172.0058,disk0w,2190260101120,19806176,1286255594323
172.0058,disk4,7892392708096,15906865,92166458739807
172.0058,disk4w,2195456,171,27582691
172.0058,disk8,7666959312896,7749061,64951550091931
172.0058,disk8w,354799616,46490,2465983053
172.0058,disk6,13687997540352,22323446,188127279880713
172.0058,disk6w,491520,70,201274851
172.0058,ram,471040000,65893449728,284365
172.0058,cpu,15832232,22694840,543251636
172.0058,gpu,0,0,0
172.2058,disk0,941181002383360,2123065710,12929984818082462
172.2058,disk0w,2190260105216,19806177,1286255606739
172.2058,disk4,7893092501504,15908301,92171645462915
172.2058,disk4w,2195456,171,27582691
172.2058,disk8,7667506931712,7749622,64952207943827
172.2058,disk8w,354799616,46490,2465983053
172.2058,disk6,13689281226752,22325280,188137061658567
172.2058,disk6w,491520,70,201274851
172.2058,ram,471040000,65893449728,284365
172.2058,cpu,15832232,22694840,543251636
172.2058,gpu,0,0,0
172.4048,disk0,941183010930688,2123070014,12929995154654909
172.4048,disk0w,2190260105216,19806177,1286255606739
172.4048,disk4,7893888419840,15909933,92176553338672
172.4048,disk4w,2195456,171,27582691
172.4048,disk8,7668159932416,7750291,64953143624188
172.4048,disk8w,354799616,46490,2465983053
172.4048,disk6,13690612410368,22327276,188150498255038
172.4048,disk6w,491520,70,201274851
172.4048,ram,471040000,65893449728,284365
172.4048,cpu,15832232,22694840,543251636
172.4048,gpu,0,0,0
172.6058,disk0,941185056243712,2123074662,12930005525472149
172.6058,disk0w,2190260105216,19806177,1286255606739
172.6058,disk4,7894650669056,15911446,92182329597462
172.6058,disk4w,2195456,171,27582691
172.6058,disk8,7668557604864,7750699,64953569943099
172.6058,disk8w,354799616,46490,2465983053
172.6058,disk6,13691973183488,22329498,188165716168703
172.6058,disk6w,491520,70,201274851
172.6058,ram,471040000,65893449728,284365
172.6058,cpu,15832232,22694840,543251636
172.6058,gpu,0,0,0
172.8058,disk0,941187134095360,2123079405,12930015860478106
172.8058,disk0w,2190260105216,19806177,1286255606739
172.8058,disk4,7895466100736,15913048,92187915038135
172.8058,disk4w,2195456,171,27582691
172.8058,disk8,7669187405824,7751344,64954426805803
172.8058,disk8w,354799616,46490,2465983053
172.8058,disk6,13693328467968,22331977,188180606155041
172.8058,disk6w,491520,70,201274851
172.8058,ram,471040000,65893449728,284365
172.8058,cpu,15832232,22694840,543251636
172.8058,gpu,0,0,0
173.0058,disk0,941189025705984,2123087438,12930027073416580
173.0058,disk0w,2190260109312,19806178,1286255639822
173.0058,disk4,7896423221248,15914939,92196796382766
173.0058,disk4w,2195456,171,27582691
173.0058,disk8,7669620205568,7751788,64954975395989
173.0058,disk8w,354799616,46490,2465983053
173.0058,disk6,13694666139648,22334236,188193798664032
173.0058,disk6w,491520,70,201274851
173.0058,ram,470040576,64835665920,284365
173.0058,cpu,15832281,22694967,543253325
173.0058,gpu,0,0,0
173.2048,disk0,941190578466816,2123090418,12930033007896317
173.2048,disk0w,2190260113408,19806179,1286255649447
173.2048,disk4,7897075730432,15916230,92202355849799
173.2048,disk4w,2195456,171,27582691
173.2048,disk8,7669980260352,7752157,64955340095152
173.2048,disk8w,354799616,46490,2465983053
173.2048,disk6,13695863760896,22336633,188212664679569
173.2048,disk6w,491520,70,201274851
173.2048,ram,470040576,64835665920,284365
173.2048,cpu,15832281,22694967,543253325
173.2048,gpu,0,0,0
173.4058,disk0,941192468340736,2123093922,12930041255072626
173.4058,disk0w,2190260113408,19806179,1286255649447
173.4058,disk4,7897912510464,15917944,92208602446392
173.4058,disk4w,2195456,171,27582691
173.4058,disk8,7670554191872,7752745,64956348532416
173.4058,disk8w,354799616,46490,2465983053
173.4058,disk6,13697194977280,22338624,188225986413579
173.4058,disk6w,491520,70,201274851
173.4058,ram,470040576,64835665920,284365
173.4058,cpu,15832281,22694967,543253325
173.4058,gpu,0,0,0
173.6058,disk0,941194806931456,2123097959,12930052090412696
173.6058,disk0w,2190260113408,19806179,1286255649447
173.6058,disk4,7898668189696,15919492,92214231094245
173.6058,disk4w,2195456,171,27582691
173.6058,disk8,7671077955584,7753282,64957059555334
173.6058,disk8w,354799616,46490,2465983053
173.6058,disk6,13698521819136,22340208,188234770377982
173.6058,disk6w,491520,70,201274851
173.6058,ram,470040576,64835665920,284365
173.6058,cpu,15832281,22694967,543253325
173.6058,gpu,0,0,0
173.8058,disk0,941196885979136,2123101732,12930060263242391
173.8058,disk0w,2190260121600,19806181,1286255690863
173.8058,disk4,7899447764992,15921093,92221036580155
173.8058,disk4w,2195456,171,27582691
173.8058,disk8,7671762937856,7753984,64958009320337
173.8058,disk8w,354799616,46490,2465983053
173.8058,disk6,13699889047552,22342421,188246846814294
173.8058,disk6w,491520,70,201274851
173.8058,ram,470040576,64835665920,284365
173.8058,cpu,15832281,22694967,543253325
173.8058,gpu,0,0,0
174.0031,disk0,941199031922688,2123106125,12930073244838863
174.0031,disk0w,2190260658176,19806189,1286255910068
174.0031,disk4,7900112979968,15922440,92225201106989
174.0031,disk4w,2195456,171,27582691
174.0031,disk8,7672252229632,7754485,64958667346302
174.0031,disk8w,354799616,46490,2465983053
174.0031,disk6,13701133150208,22344313,188258805551618
174.0031,disk6w,491520,70,201274851
174.0031,ram,505954304,65740980224,284365
174.0031,cpu,15832343,22695099,543254847
174.0031,gpu,0,0,0
174.2058,disk0,941201118621696,2123111073,12930084721779631
174.2058,disk0w,2190260662272,19806190,1286255918234
174.2058,disk4,7900892923904,15923953,92230547355906
174.2058,disk4w,2195456,171,27582691
174.2058,disk8,7672819902464,7755067,64959355913404
174.2058,disk8w,354799616,46490,2465983053
174.2058,disk6,13702464415744,22346617,188274180063315
174.2058,disk6w,491520,70,201274851
174.2058,ram,505954304,65740980224,284365
174.2058,cpu,15832343,22695099,543254847
174.2058,gpu,0,0,0
174.4058,disk0,941203230060544,2123115905,12930093775597746
174.4058,disk0w,2190260662272,19806190,1286255918234
174.4058,disk4,7901786261504,15925723,92237461057666
174.4058,disk4w,2195456,171,27582691
174.4058,disk8,7673334884352,7755595,64960023610688
174.4058,disk8w,354799616,46490,2465983053
174.4058,disk6,13703800350720,22349047,188290472167293
174.4058,disk6w,491520,70,201274851
174.4058,ram,505954304,65740980224,284365
174.4058,cpu,15832343,22695099,543254847
174.4058,gpu,0,0,0
174.6058,disk0,941205261299712,2123124461,12930107492211255
174.6058,disk0w,2190260662272,19806190,1286255918234
174.6058,disk4,7902555719680,15927242,92245606559902
174.6058,disk4w,2195456,171,27582691
174.6058,disk8,7673896921088,7756171,64960802966832
174.6058,disk8w,354799616,46490,2465983053
174.6058,disk6,13705026758656,22351291,188304133708538
174.6058,disk6w,491520,70,201274851
174.6058,ram,505954304,65740980224,284365
174.6058,cpu,15832343,22695099,543254847
174.6058,gpu,0,0,0
174.8011,disk0,941206951292928,2123127776,12930116078065291
174.8011,disk0w,2190260662272,19806190,1286255918234
174.8011,disk4,7903234820096,15928615,92250130760884
174.8011,disk4w,2195456,171,27582691
174.8011,disk8,7674376316928,7756662,64961959383202
174.8011,disk8w,354799616,46490,2465983053
174.8011,disk6,13706107430912,22353152,188317445824664
174.8011,disk6w,491520,70,201274851
174.8011,ram,505954304,65740980224,284365
174.8011,cpu,15832343,22695099,543254847
174.8011,gpu,0,0,0
175.0058,disk0,941209115676672,2123135510,12930129712231072
175.0058,disk0w,2190260666368,19806191,1286255930984
175.0058,disk4,7903962662912,15930107,92256510179337
175.0058,disk4w,2195456,171,27582691
175.0058,disk8,7674950674432,7757251,64962663665955
175.0058,disk8w,354799616,46490,2465983053
175.0058,disk6,13707372554240,22354834,188327714357902
175.0058,disk6w,491520,70,201274851
175.0058,ram,551960576,65576009728,284365
175.0058,cpu,15832405,22695239,543256437
175.0058,gpu,0,0,0
175.2058,disk0,941210984927232,2123138886,12930138415212899
175.2058,disk0w,2190260666368,19806191,1286255930984
175.2058,disk4,7904756049920,15931732,92264143242301
175.2058,disk4w,2195456,171,27582691
175.2058,disk8,7675416111104,7757728,64963194559385
175.2058,disk8w,354799616,46490,2465983053
175.2058,disk6,13708673951744,22356639,188339173646329
175.2058,disk6w,491520,70,201274851
175.2058,ram,551960576,65576009728,284365
175.2058,cpu,15832405,22695239,543256437
175.2058,gpu,0,0,0
175.4058,disk0,941213141618688,2123143319,12930149530037786
175.4058,disk0w,2190260666368,19806191,1286255930984
175.4058,disk4,7905601996800,15933468,92270486732434
175.4058,disk4w,2195456,171,27582691
175.4058,disk8,7676013275136,7758340,64963999249304
175.4058,disk8w,354799616,46490,2465983053
175.4058,disk6,13709949020160,22358678,188350774076946
175.4058,disk6w,491520,70,201274851
175.4058,ram,551960576,65576009728,284365
175.4058,cpu,15832405,22695239,543256437
175.4058,gpu,0,0,0
175.6048,disk0,941215089119232,2123147782,12930159075711976
175.6048,disk0w,2190260666368,19806191,1286255930984
175.6048,disk4,7906288044032,15934823,92276007979144
175.6048,disk4w,2195456,171,27582691
175.6048,disk8,7676487493632,7758826,64964561686357
175.6048,disk8w,354799616,46490,2465983053
175.6048,disk6,13711298873344,22360891,188366219438409
175.6048,disk6w,491520,70,201274851
175.6048,ram,551960576,65576009728,284365
175.6048,cpu,15832405,22695239,543256437
175.6048,gpu,0,0,0
175.8058,disk0,941216987095040,2123152232,12930166679657987
175.8058,disk0w,2190260666368,19806191,1286255930984
175.8058,disk4,7907028174848,15936277,92280846520823
175.8058,disk4w,2195456,171,27582691
175.8058,disk8,7677087803392,7759441,64965348023955
175.8058,disk8w,354799616,46490,2465983053
175.8058,disk6,13712727545856,22363492,188385409138525
175.8058,disk6w,491520,70,201274851
175.8058,ram,551960576,65576009728,284365
175.8058,cpu,15832405,22695239,543256437
175.8058,gpu,0,0,0
176.0058,disk0,941218852528128,2123160330,12930177417394334
176.0058,disk0w,2190260686848,19806193,1286255956900
176.0058,disk4,7907829860352,15937862,92287441591201
176.0058,disk4w,2195456,171,27582691
176.0058,disk8,7677567657984,7759933,64965935868205
176.0058,disk8w,354799616,46490,2465983053
176.0058,disk6,13714046769152,22365777,188400941550265
176.0058,disk6w,491520,70,201274851
176.0058,ram,572145664,64304545792,284365
176.0058,cpu,15832474,22695377,543258083
176.0058,gpu,0,0,0
176.2054,disk0,941220212269056,2123162724,12930181672259361
176.2054,disk0w,2190260686848,19806193,1286255956900
176.2054,disk4,7908446357504,15939081,92290607957791
176.2054,disk4w,2195456,171,27582691
176.2054,disk8,7677989185536,7760365,64966454084267
176.2054,disk8w,354799616,46490,2465983053
176.2054,disk6,13715355146240,22368409,188423907816555
176.2054,disk6w,491520,70,201274851
176.2054,ram,572145664,64304545792,284365
176.2054,cpu,15832474,22695377,543258083
176.2054,gpu,0,0,0
176.4048,disk0,941221931712512,2123171392,12930192413100044
176.4048,disk0w,2190260686848,19806193,1286255956900
176.4048,disk4,7908966762496,15940147,92293407183620
176.4048,disk4w,2195456,171,27582691
176.4048,disk8,7678489716736,7760878,64967528789390
176.4048,disk8w,354799616,46490,2465983053
176.4048,disk6,13716602279936,22370212,188438344649339
176.4048,disk6w,491520,70,201274851
176.4048,ram,572145664,64304545792,284365
176.4048,cpu,15832474,22695377,543258083
176.4048,gpu,0,0,0
176.6058,disk0,941223861665792,2123175183,12930201609522194
176.6058,disk0w,2190261096448,19806231,1286256654428
176.6058,disk4,7909692213248,15941634,92299750835141
176.6058,disk4w,2195456,171,27582691
176.6058,disk8,7679071414272,7761474,64968403224572
176.6058,disk8w,354799616,46490,2465983053
176.6058,disk6,13717859391488,22371677,188447199624972
176.6058,disk6w,491520,70,201274851
176.6058,ram,572145664,64304545792,284365
176.6058,cpu,15832474,22695377,543258083
176.6058,gpu,0,0,0
176.8058,disk0,941225861873664,2123178988,12930210564903431
176.8058,disk0w,2190261096448,19806231,1286256654428
176.8058,disk4,7910357067776,15942996,92303076229738
176.8058,disk4w,2195456,171,27582691
176.8058,disk8,7679613790208,7762030,64969078472508
176.8058,disk8w,354799616,46490,2465983053
176.8058,disk6,13719235287040,22373586,188461625436804
176.8058,disk6w,491520,70,201274851
176.8058,ram,572145664,64304545792,284365
176.8058,cpu,15832474,22695377,543258083
176.8058,gpu,0,0,0
177.0058,disk0,941227974656000,2123183450,12930220075719978
177.0058,disk0w,2190261100544,19806232,1286256669428
177.0058,disk4,7911120898048,15944558,92309269681974
177.0058,disk4w,2195456,171,27582691
177.0058,disk8,7680184608768,7762615,64969803697527
177.0058,disk8w,354799616,46490,2465983053
177.0058,disk6,13720603109376,22375770,188474006661030
177.0058,disk6w,491520,70,201274851
177.0058,ram,592871424,65697234944,284365
177.0058,cpu,15832541,22695535,543259642
177.0058,gpu,0,0,0
177.2058,disk0,941229748109312,2123187623,12930226857834906
177.2058,disk0w,2190261100544,19806232,1286256669428
177.2058,disk4,7911818201088,15945909,92312798247024
177.2058,disk4w,2195456,171,27582691
177.2058,disk8,7680582936576,7763023,64970247078229
177.2058,disk8w,354799616,46490,2465983053
177.2058,disk6,13722017359872,22378157,188494897265014
177.2058,disk6w,491520,70,201274851
177.2058,ram,592871424,65697234944,284365
177.2058,cpu,15832541,22695535,543259642
177.2058,gpu,0,0,0
177.4048,disk0,941231493861376,2123191699,12930234848213179
177.4048,disk0w,2190261100544,19806232,1286256669428
177.4048,disk4,7912500979712,15947258,92317720090944
177.4048,disk4w,2195456,171,27582691
177.4048,disk8,7681062791168,7763515,64970845866312
177.4048,disk8w,354799616,46490,2465983053
177.4048,disk6,13723365320704,22380725,188514101568490
177.4048,disk6w,491520,70,201274851
177.4048,ram,592871424,65697234944,284365
177.4048,cpu,15832541,22695535,543259642
177.4048,gpu,0,0,0
177.6058,disk0,941233600135168,2123199986,12930249750073150
177.6058,disk0w,2190261125120,19806235,1286256714094
177.6058,disk4,7913350825984,15948940,92323982550198
177.6058,disk4w,2195456,171,27582691
177.6058,disk8,7681713694720,7764182,64971714157166
177.6058,disk8w,354799616,46490,2465983053
177.6058,disk6,13724641224704,22383015,188527239710010
177.6058,disk6w,491520,70,201274851
177.6058,ram,592871424,65697234944,284365
177.6058,cpu,15832541,22695535,543259642
177.6058,gpu,0,0,0
177.8010,disk0,941235050242048,2123202695,12930255072081320
177.8010,disk0w,2190261125120,19806235,1286256714094
177.8010,disk4,7913947432960,15950144,92329019152343
177.8010,disk4w,2195456,171,27582691
177.8010,disk8,7682107746304,7764586,64972950720700
177.8010,disk8w,354799616,46490,2465983053
177.8010,disk6,13725792675840,22385217,188545611125301
177.8010,disk6w,491520,70,201274851
177.8010,ram,592871424,65697234944,284365
177.8010,cpu,15832541,22695535,543259642
177.8010,gpu,0,0,0
178.0017,disk0,941236995547136,2123212091,12930264975424841
178.0017,disk0w,2190261129216,19806236,1286256726094
178.0017,disk4,7914794805248,15951881,92335819467388
178.0017,disk4w,2195456,171,27582691
178.0017,disk8,7682555619328,7765045,64973454761970
178.0017,disk8w,354799616,46490,2465983053
178.0017,disk6,13727120877568,22387095,188558918839300
178.0017,disk6w,491520,70,201274851
178.0017,ram,607502336,65531756544,284365
178.0017,cpu,15832599,22695666,543261154
178.0017,gpu,0,0,0
178.2057,disk0,941238786433024,2123215305,12930271151815554
178.2057,disk0w,2190261129216,19806236,1286256726094
178.2057,disk4,7915729012736,15953797,92345405692254
178.2057,disk4w,2195456,171,27582691
178.2057,disk8,7683030886400,7765532,64974046763599
178.2057,disk8w,354799616,46490,2465983053
178.2057,disk6,13728521725952,22388997,188570344422622
178.2057,disk6w,491520,70,201274851
178.2057,ram,607502336,65531756544,284365
178.2057,cpu,15832599,22695666,543261154
178.2057,gpu,0,0,0
178.4058,disk0,941240372944896,2123218646,12930277569022596
178.4058,disk0w,2190261129216,19806236,1286256726094
178.4058,disk4,7916448688128,15955273,92351662929968
178.4058,disk4w,2195456,171,27582691
178.4058,disk8,7683583092736,7766098,64974698528535
178.4058,disk8w,354799616,46490,2465983053
178.4058,disk6,13729817421824,22391000,188584622937828
178.4058,disk6w,491520,70,201274851
178.4058,ram,607502336,65531756544,284365
178.4058,cpu,15832599,22695666,543261154
178.4058,gpu,0,0,0
178.6058,disk0,941242359144448,2123222957,12930287137001703
178.6058,disk0w,2190261129216,19806236,1286256726094
178.6058,disk4,7917018220544,15956414,92354952492173
178.6058,disk4w,2195456,171,27582691
178.6058,disk8,7684030965760,7766557,64975209740266
178.6058,disk8w,354799616,46490,2465983053
178.6058,disk6,13731224201216,22393301,188601851784210
178.6058,disk6w,491520,70,201274851
178.6058,ram,607502336,65531756544,284365
178.6058,cpu,15832599,22695666,543261154
178.6058,gpu,0,0,0
178.8058,disk0,941244415696896,2123227728,12930300916077399
178.8058,disk0w,2190261133312,19806237,1286256743469
178.8058,disk4,7917819234304,15957979,92359075374613
178.8058,disk4w,2195456,171,27582691
178.8058,disk8,7684540311552,7767079,64975760699501
178.8058,disk8w,354799616,46490,2465983053
178.8058,disk6,13732553078784,22395606,188615928794267
178.8058,disk6w,491520,70,201274851
178.8058,ram,607502336,65531756544,284365
178.8058,cpu,15832599,22695666,543261154
178.8058,gpu,0,0,0
179.0028,disk0,941246241808384,2123232197,12930310107137695
179.0028,disk0w,2190261133312,19806237,1286256743469
179.0028,disk4,7918562904064,15959448,92364709790930
179.0028,disk4w,2195456,171,27582691
179.0028,disk8,7685023311872,7767574,64976350675502
179.0028,disk8w,354799616,46490,2465983053
179.0028,disk6,13733886113792,22397900,188632234924477
179.0028,disk6w,491520,70,201274851
179.0028,ram,609714176,65690877952,284365
179.0028,cpu,15832655,22695793,543262789
179.0028,gpu,0,0,0
179.2058,disk0,941248197386240,2123239256,12930321459150348
179.2058,disk0w,2190261133312,19806237,1286256743469
179.2058,disk4,7919308130304,15960921,92369212090755
179.2058,disk4w,2195456,171,27582691
179.2058,disk8,7685638039552,7768204,64977128388835
179.2058,disk8w,354799616,46490,2465983053
179.2058,disk6,13735216887808,22400513,188650664060352
179.2058,disk6w,491520,70,201274851
179.2058,ram,609714176,65690877952,284365
179.2058,cpu,15832655,22695793,543262789
179.2058,gpu,0,0,0
179.4059,disk0,941249794670592,2123243718,12930327891281673
179.4059,disk0w,2190261133312,19806237,1286256743469
179.4059,disk4,7919939831808,15962215,92373593901287
179.4059,disk4w,2195456,171,27582691
179.4059,disk8,7686177843200,7768757,64978485773317
179.4059,disk8w,354799616,46490,2465983053
179.4059,disk6,13736466495488,22402529,188666438410747
179.4059,disk6w,491520,70,201274851
179.4059,ram,609714176,65690877952,284365
179.4059,cpu,15832655,22695793,543262789
179.4059,gpu,0,0,0
179.6058,disk0,941252085399552,2123247636,12930338016659614
179.6058,disk0w,2190261133312,19806237,1286256743469
179.6058,disk4,7920694364160,15963762,92381119667050
179.6058,disk4w,2195456,171,27582691
179.6058,disk8,7686674212864,7769266,64979028826315
179.6058,disk8w,354799616,46490,2465983053
179.6058,disk6,13737763354624,22404171,188675861105666
179.6058,disk6w,491520,70,201274851
179.6058,ram,609714176,65690877952,284365
179.6058,cpu,15832655,22695793,543262789
179.6058,gpu,0,0,0
179.8059,disk0,941254321389568,2123252050,12930351827731513
179.8059,disk0w,2190261137408,19806238,1286256756177
179.8059,disk4,7921513842688,15965440,92387448402708
179.8059,disk4w,2195456,171,27582691
179.8059,disk8,7687218685952,7769824,64979698599042
179.8059,disk8w,354799616,46490,2465983053
179.8059,disk6,13739032279040,22405906,188684543618973
179.8059,disk6w,491520,70,201274851
179.8059,ram,609714176,65690877952,284365
179.8059,cpu,15832655,22695793,543262789
179.8059,gpu,0,0,0
180.0059,disk0,941256429240320,2123256130,12930361317363009
180.0059,disk0w,2190261137408,19806238,1286256756177
180.0059,disk4,7922319304704,15967090,92393049697487
180.0059,disk4w,2195456,171,27582691
180.0059,disk8,7687798286336,7770418,64980438274666
180.0059,disk8w,354799616,46490,2465983053
180.0059,disk6,13740358744064,22407956,188696773771872
180.0059,disk6w,491520,70,201274851
180.0059,ram,482181120,65865826304,284365
180.0059,cpu,15832718,22695942,543264408
180.0059,gpu,0,0,0
180.2048,disk0,941258415931392,2123260643,12930370808292273
180.2048,disk0w,2190261137408,19806238,1286256756177
180.2048,disk4,7923010603008,15968434,92397130894013
180.2048,disk4w,2195456,171,27582691
180.2048,disk8,7688310777856,7770943,64981084521700
180.2048,disk8w,354799616,46490,2465983053
180.2048,disk6,13741702793216,22410216,188713222550309
180.2048,disk6w,491520,70,201274851
180.2048,ram,482181120,65865826304,284365
180.2048,cpu,15832718,22695942,543264408
180.2048,gpu,0,0,0
180.4027,disk0,941260606242816,2123265387,12930381668937785
180.4027,disk0w,2190261137408,19806238,1286256756177
180.4027,disk4,7923844630528,15970083,92402293776068
180.4027,disk4w,2195456,171,27582691
180.4027,disk8,7688825759744,7771471,64981700925612
180.4027,disk8w,354799616,46490,2465983053
180.4027,disk6,13743035598848,22412658,188728304798167
180.4027,disk6w,491520,70,201274851
180.4027,ram,482181120,65865826304,284365
180.4027,cpu,15832718,22695942,543264408
180.4027,gpu,0,0,0
180.6059,disk0,941262460190720,2123272036,12930392472216384
180.6059,disk0w,2190261137408,19806238,1286256756177
180.6059,disk4,7924547045376,15971469,92407137565017
180.6059,disk4w,2195456,171,27582691
180.6059,disk8,7689326323712,7771984,64982281863102
180.6059,disk8w,354799616,46490,2465983053
180.6059,disk6,13744373303296,22414929,188745775390698
180.6059,disk6w,491520,70,201274851
180.6059,ram,482181120,65865826304,284365
180.6059,cpu,15832718,22695942,543264408
180.6059,gpu,0,0,0
180.8009,disk0,941264095494144,2123275120,12930401234332214
180.8009,disk0w,2190261141504,19806239,1286256773968
180.8009,disk4,7925204011008,15972779,92411717546523
180.8009,disk4w,2195456,171,27582691
180.8009,disk8,7689835636736,7772506,64983230917889
180.8009,disk8w,354799616,46490,2465983053
180.8009,disk6,13745498261504,22417062,188760945811990
180.8009,disk6w,491520,70,201274851
180.8009,ram,482181120,65865826304,284365
180.8009,cpu,15832718,22695942,543264408
180.8009,gpu,0,0,0
181.0059,disk0,941266506436608,2123282881,12930418285219212
181.0059,disk0w,2190261141504,19806239,1286256773968
181.0059,disk4,7926047336448,15974508,92419241430689
181.0059,disk4w,2195456,171,27582691
181.0059,disk8,7690444728320,7773130,64984103409985
181.0059,disk8w,354799616,46490,2465983053
181.0059,disk6,13746711889920,22418708,188767260020941
181.0059,disk6w,491520,70,201274851
181.0059,ram,507658240,65640071168,284365
181.0059,cpu,15832780,22696091,543266062
181.0059,gpu,0,0,0
181.2057,disk0,941268883853312,2123286995,12930432402473869
181.2057,disk0w,2190261141504,19806239,1286256773968
181.2057,disk4,7926730622976,15975910,92424319742439
181.2057,disk4w,2195456,171,27582691
181.2057,disk8,7691003619328,7773703,64984709265491
181.2057,disk8w,354799616,46490,2465983053
181.2057,disk6,13747949078528,22420196,188775130988679
181.2057,disk6w,491520,70,201274851
181.2057,ram,507658240,65640071168,284365
181.2057,cpu,15832780,22696091,543266062
181.2057,gpu,0,0,0
181.4048,disk0,941270954164224,2123290931,12930443972882345
181.4048,disk0w,2190261141504,19806239,1286256773968
181.4048,disk4,7927397419008,15977276,92429491553068
181.4048,disk4w,2195456,171,27582691
181.4048,disk8,7691556874240,7774270,64985331868013
181.4048,disk8w,354799616,46490,2465983053
181.4048,disk6,13749190526976,22422070,188786491229129
181.4048,disk6w,491520,70,201274851
181.4048,ram,507658240,65640071168,284365
181.4048,cpu,15832780,22696091,543266062
181.4048,gpu,0,0,0
181.6059,disk0,941272920244224,2123295274,12930454614885467
181.6059,disk0w,2190261141504,19806239,1286256773968
181.6059,disk4,7928074569728,15978635,92433310528854
181.6059,disk4w,2195456,171,27582691
181.6059,disk8,7692110129152,7774837,64986002151580
181.6059,disk8w,354799616,46490,2465983053
181.6059,disk6,13750481733632,22424046,188801200826052
181.6059,disk6w,491520,70,201274851
181.6059,ram,507658240,65640071168,284365
181.6059,cpu,15832780,22696091,543266062
181.6059,gpu,0,0,0
181.8059,disk0,941274889650176,2123299701,12930468182895673
181.8059,disk0w,2190261145600,19806240,1286256783343
181.8059,disk4,7928721328128,15979895,92436316933141
181.8059,disk4w,2195456,171,27582691
181.8059,disk8,7692602959872,7775342,64986541863247
181.8059,disk8w,354799616,46490,2465983053
181.8059,disk6,13751749679104,22426295,188816763572095
181.8059,disk6w,491520,70,201274851
181.8059,ram,507658240,65640071168,284365
181.8059,cpu,15832780,22696091,543266062
181.8059,gpu,0,0,0
182.0059,disk0,941276866740224,2123304625,12930478198183355
182.0059,disk0w,2190261145600,19806240,1286256783343
182.0059,disk4,7929518393344,15981472,92440578623577
182.0059,disk4w,2195456,171,27582691
182.0059,disk8,7693146384384,7775899,64987220357179
182.0059,disk8w,354799616,46490,2465983053
182.0059,disk6,13753125804032,22428562,188833203325564
182.0059,disk6w,491520,70,201274851
182.0059,ram,535740416,65726742528,284365
182.0059,cpu,15832849,22696249,543267618
182.0059,gpu,0,0,0
182.2059,disk0,941279091310592,2123310965,12930491762561868
182.2059,disk0w,2190261145600,19806240,1286256783343
182.2059,disk4,7930134792192,15982693,92444246993593
182.2059,disk4w,2195456,171,27582691
182.2059,disk8,7693838706688,7776608,64988126678728
182.2059,disk8w,354799616,46490,2465983053
182.2059,disk6,13754424875008,22431131,188848749873627
182.2059,disk6w,491520,70,201274851
182.2059,ram,535740416,65726742528,284365
182.2059,cpu,15832849,22696249,543267618
182.2059,gpu,0,0,0
182.4039,disk0,941280766541824,2123323018,12930505636103768
182.4039,disk0w,2190261145600,19806240,1286256783343
182.4039,disk4,7930678757376,15983806,92446954334345
182.4039,disk4w,2195456,171,27582691
182.4039,disk8,7694353623040,7777136,64989365322802
182.4039,disk8w,354799616,46490,2465983053
182.4039,disk6,13755611404288,22433004,188860245084470
182.4039,disk6w,491520,70,201274851
182.4039,ram,535740416,65726742528,284365
182.4039,cpu,15832849,22696249,543267618
182.4039,gpu,0,0,0
182.6059,disk0,941283094409216,2123328523,12930517198749052
182.6059,disk0w,2190261145600,19806240,1286256783343
182.6059,disk4,7931415742464,15985316,92451337723344
182.6059,disk4w,2195456,171,27582691
182.6059,disk8,7694889314304,7777685,64990119178042
182.6059,disk8w,354799616,46490,2465983053
182.6059,disk6,13756953090048,22434744,188869445608427
182.6059,disk6w,491520,70,201274851
182.6059,ram,535740416,65726742528,284365
182.6059,cpu,15832849,22696249,543267618
182.6059,gpu,0,0,0
182.8059,disk0,941285220270080,2123332504,12930528516036307
182.8059,disk0w,2190261149696,19806241,1286256796634
182.8059,disk4,7932264835072,15987057,92458944564757
182.8059,disk4w,2195456,171,27582691
182.8059,disk8,7695420811264,7778230,64990797247693
182.8059,disk8w,354799616,46490,2465983053
182.8059,disk6,13758224373760,22436494,188879229259529
182.8059,disk6w,491520,70,201274851
182.8059,ram,535740416,65726742528,284365
182.8059,cpu,15832849,22696249,543267618
182.8059,gpu,0,0,0
183.0059,disk0,941287423414272,2123336991,12930537492378395
183.0059,disk0w,2190261149696,19806241,1286256796634
183.0059,disk4,7932766881792,15988085,92461512565466
183.0059,disk4w,2195456,171,27582691
183.0059,disk8,7695997921280,7778821,64991568703622
183.0059,disk8w,354799616,46490,2465983053
183.0059,disk6,13759642998784,22438747,188895712319335
183.0059,disk6w,491520,70,201274851
183.0059,ram,557400064,65732935680,284365
183.0059,cpu,15832902,22696382,543269107
183.0059,gpu,0,0,0
183.2059,disk0,941289550008320,2123341803,12930550164632843
183.2059,disk0w,2190261149696,19806241,1286256796634
183.2059,disk4,7933416130560,15989351,92465673945896
183.2059,disk4w,2195456,171,27582691
183.2059,disk8,7696360466432,7779193,64991964440872
183.2059,disk8w,354799616,46490,2465983053
183.2059,disk6,13760963860480,22441041,188912187029831
183.2059,disk6w,491520,70,201274851
183.2059,ram,557400064,65732935680,284365
183.2059,cpu,15832902,22696382,543269107
183.2059,gpu,0,0,0
183.4048,disk0,941291469725696,2123346164,12930560726623753
183.4048,disk0w,2190261149696,19806241,1286256796634
183.4048,disk4,7934100473856,15990700,92469092255075
183.4048,disk4w,2195456,171,27582691
183.4048,disk8,7696911230976,7779757,64992722169511
183.4048,disk8w,354799616,46490,2465983053
183.4048,disk6,13762307627008,22443490,188930067560404
183.4048,disk6w,491520,70,201274851
183.4048,ram,557400064,65732935680,284365
183.4048,cpu,15832902,22696382,543269107
183.4048,gpu,0,0,0
183.6059,disk0,941293601382400,2123354893,12930574703367262
183.6059,disk0w,2190261149696,19806241,1286256796634
183.6059,disk4,7934881466368,15992238,92474842960810
183.6059,disk4w,2195456,171,27582691
183.6059,disk8,7697473267712,7780333,64993484896323
183.6059,disk8w,354799616,46490,2465983053
183.6059,disk6,13763629324288,22445688,188943611151262
183.6059,disk6w,491520,70,201274851
183.6059,ram,557400064,65732935680,284365
183.6059,cpu,15832902,22696382,543269107
183.6059,gpu,0,0,0
183.8049,disk0,941295409836032,2123358037,12930582240969119
183.8049,disk0w,2190261153792,19806242,1286256818967
183.8049,disk4,7935381424128,15993240,92477317254015
183.8049,disk4w,2195456,171,27582691
183.8049,disk8,7698096662528,7780972,64996953543813
183.8049,disk8w,354799616,46490,2465983053
183.8049,disk6,13764774533120,22447764,188957688547776
183.8049,disk6w,491520,70,201274851
183.8049,ram,557400064,65732935680,284365
183.8049,cpu,15832902,22696382,543269107
183.8049,gpu,0,0,0
184.0059,disk0,941297486458880,2123367423,12930594492998174
184.0059,disk0w,2190261153792,19806242,1286256818967
184.0059,disk4,7935995578368,15994499,92480353177924
184.0059,disk4w,2195456,171,27582691
184.0059,disk8,7698617280512,7781506,64997588118003
184.0059,disk8w,354799616,46490,2465983053
184.0059,disk6,13766162995200,22449873,188974400334123
184.0059,disk6w,491520,70,201274851
184.0059,ram,574439424,65620459520,284365
184.0059,cpu,15832962,22696522,543270684
184.0059,gpu,0,0,0
184.2059,disk0,941299370553344,2123370487,12930602727201561
184.2059,disk0w,2190261153792,19806242,1286256818967
184.2059,disk4,7936574638080,15995685,92483602210787
184.2059,disk4w,2195456,171,27582691
184.2059,disk8,7699126626304,7782028,64998260984210
184.2059,disk8w,354799616,46490,2465983053
184.2059,disk6,13767536973824,22451506,188986580418342
184.2059,disk6w,491520,70,201274851
184.2059,ram,574439424,65620459520,284365
184.2059,cpu,15832962,22696522,543270684
184.2059,gpu,0,0,0
184.4016,disk0,941301061529600,2123373774,12930608190456447
184.4016,disk0w,2190261153792,19806242,1286256818967
184.4016,disk4,7937441949696,15997463,92492676439643
184.4016,disk4w,2195456,171,27582691
184.4016,disk8,7699662317568,7782577,64999029442486
184.4016,disk8w,354799616,46490,2465983053
184.4016,disk6,13768899155968,22453578,188999638204450
184.4016,disk6w,491520,70,201274851
184.4016,ram,574439424,65620459520,284365
184.4016,cpu,15832962,22696522,543270684
184.4016,gpu,0,0,0
184.6059,disk0,941302702297088,2123377383,12930613274583646
184.6059,disk0w,2190262145024,19806244,1286256922633
184.6059,disk4,7938157578240,15998919,92498554939412
184.6059,disk4w,2195456,171,27582691
184.6059,disk8,7700022372352,7782946,64999424032876
184.6059,disk8w,354799616,46490,2465983053
184.6059,disk6,13770326792192,22455588,189016840462447
184.6059,disk6w,491520,70,201274851
184.6059,ram,574439424,65620459520,284365
184.6059,cpu,15832962,22696522,543270684
184.6059,gpu,0,0,0
184.8059,disk0,941304771416064,2123382086,12930626355833188
184.8059,disk0w,2190262145024,19806244,1286256922633
184.8059,disk4,7938724186112,16000017,92501488718914
184.8059,disk4w,2195456,171,27582691
184.8059,disk8,7700522936320,7783459,65000093934367
184.8059,disk8w,354799616,46490,2465983053
184.8059,disk6,13771638372352,22457992,189033046811237
184.8059,disk6w,491520,70,201274851
184.8059,ram,574439424,65620459520,284365
184.8059,cpu,15832962,22696522,543270684
184.8059,gpu,0,0,0
185.0024,disk0,941306886950912,2123386732,12930638369352537
185.0024,disk0w,2190262145024,19806244,1286256922633
185.0024,disk4,7939584002048,16001718,92506186542485
185.0024,disk4w,2195456,171,27582691
185.0024,disk8,7701167155200,7784119,65000964277229
185.0024,disk8w,354799616,46490,2465983053
185.0024,disk6,13772976994304,22460379,189046577348002
185.0024,disk6w,491520,70,201274851
185.0024,ram,581025792,65715175424,284365
185.0024,cpu,15833038,22696665,543272352
185.0024,gpu,0,0,0
185.2016,disk0,941308942995456,2123394014,12930651520051418
185.2016,disk0w,2190262145024,19806244,1286256922633
185.2016,disk4,7940354656256,16003242,92510808834707
185.2016,disk4w,2195456,171,27582691
185.2016,disk8,7701718312960,7784684,65001612439165
185.2016,disk8w,354799616,46490,2465983053
185.2016,disk6,13774346696704,22462944,189063813924155
185.2016,disk6w,491520,70,201274851
185.2016,ram,581648384,65717829632,284365
185.2016,cpu,15833038,22696668,543272369
185.2016,gpu,0,0,0
185.4059,disk0,941310697349120,2123397209,12930659171965438
185.4059,disk0w,2190262145024,19806244,1286256922633
185.4059,disk4,7940996564992,16004546,92515743725737
185.4059,disk4w,2195456,171,27582691
185.4059,disk8,7702284494848,7785264,65002692438810
185.4059,disk8w,354799616,46490,2465983053
185.4059,disk6,13775618242560,22465067,189079185332528
185.4059,disk6w,491520,70,201274851
185.4059,ram,581648384,65717829632,284365
185.4059,cpu,15833038,22696668,543272369
185.4059,gpu,0,0,0
185.6059,disk0,941312531816448,2123403588,12930667253203205
185.6059,disk0w,2190262149120,19806245,1286256936258
185.6059,disk4,7941827577856,16006249,92522596508016
185.6059,disk4w,2195456,171,27582691
185.6059,disk8,7702873925632,7785868,65003521504072
185.6059,disk8w,354799616,46490,2465983053
185.6059,disk6,13776973379584,22466861,189091599518770
185.6059,disk6w,491520,70,201274851
185.6059,ram,581648384,65717829632,284365
185.6059,cpu,15833038,22696668,543272369
185.6059,gpu,0,0,0
185.8059,disk0,941314970001408,2123407896,12930682794616680
185.8059,disk0w,2190262415360,19806261,1286257219794
185.8059,disk4,7942537725952,16007704,92526231325816
185.8059,disk4w,2195456,171,27582691
185.8059,disk8,7703385761792,7786393,65004147591226
185.8059,disk8w,354799616,46490,2465983053
185.8059,disk6,13778176264192,22468417,189099496815392
185.8059,disk6w,491520,70,201274851
185.8059,ram,581648384,65717829632,284365
185.8059,cpu,15833038,22696668,543272369
185.8059,gpu,0,0,0
186.0059,disk0,941317047836672,2123412309,12930692499359415
186.0059,disk0w,2190262415360,19806261,1286257219794
186.0059,disk4,7943253207040,16009171,92530665563067
186.0059,disk4w,2195456,171,27582691
186.0059,disk8,7703947798528,7786969,65004748492406
186.0059,disk8w,354799616,46490,2465983053
186.0059,disk6,13779536721920,22470376,189113232022113
186.0059,disk6w,491520,70,201274851
186.0059,ram,595427328,65767424000,284365
186.0059,cpu,15833100,22696802,543273936
186.0059,gpu,0,0,0
186.2059,disk0,941319183548416,2123416899,12930705645340576
186.2059,disk0w,2190262423552,19806263,1286257263585
186.2059,disk4,7944044693504,16010725,92536205001075
186.2059,disk4w,2195456,171,27582691
186.2059,disk8,7704422017024,7787455,65005340509033
186.2059,disk8w,354799616,46490,2465983053
186.2059,disk6,13780826290176,22472477,189125219448225
186.2059,disk6w,491520,70,201274851
186.2059,ram,595427328,65767424000,284365
186.2059,cpu,15833100,22696803,543273948
186.2059,gpu,0,0,0
186.4025,disk0,941321111085056,2123420906,12930713296782381
186.4025,disk0w,2190262423552,19806263,1286257263585
186.4025,disk4,7944774199296,16012165,92540294790384
186.4025,disk4w,2195456,171,27582691
186.4025,disk8,7704992835584,7788040,65006100609879
186.4025,disk8w,354799616,46490,2465983053
186.4025,disk6,13782209280000,22475034,189143643733405
186.4025,disk6w,491520,70,201274851
186.4025,ram,595427328,65767424000,284365
186.4025,cpu,15833100,22696803,543273948
186.4025,gpu,0,0,0
186.6033,disk0,941323112718336,2123432039,12930730200624626
186.6033,disk0w,2190262427648,19806264,1286257282043
186.6033,disk4,7945504376832,16013608,92545225131079
186.6033,disk4w,2195456,171,27582691
186.6033,disk8,7705546090496,7788607,65006792957981
186.6033,disk8w,354799616,46490,2465983053
186.6033,disk6,13783492098048,22477112,189156678685386
186.6033,disk6w,491520,70,201274851
186.6033,ram,595427328,65767424000,284365
186.6033,cpu,15833100,22696803,543273948
186.6033,gpu,0,0,0
186.8057,disk0,941324739133440,2123434999,12930737262667407
186.8057,disk0w,2190263422976,19806265,1286257379001
186.8057,disk4,7945927346176,16014456,92548057896453
186.8057,disk4w,2195456,171,27582691
186.8057,disk8,7706002630656,7789075,65009207387289
186.8057,disk8w,354799616,46490,2465983053
186.8057,disk6,13784602015744,22479323,189173579163735
186.8057,disk6w,491520,70,201274851
186.8057,ram,595427328,65767424000,284365
186.8057,cpu,15833100,22696803,543273948
186.8057,gpu,0,0,0
187.0059,disk0,941326818541568,2123445276,12930749942168668
187.0059,disk0w,2190263422976,19806265,1286257379001
187.0059,disk4,7946750117888,16016142,92553067112320
187.0059,disk4w,2195456,171,27582691
187.0059,disk8,7706553395200,7789639,65009905886949
187.0059,disk8w,354799616,46490,2465983053
187.0059,disk6,13785917798400,22481334,189185946966247
187.0059,disk6w,491520,70,201274851
187.0059,ram,608550912,65616838656,284365
187.0059,cpu,15833172,22696972,543275469
187.0059,gpu,0,0,0
187.2059,disk0,941328932405248,2123448917,12930759822010382
187.2059,disk0w,2190263422976,19806265,1286257379001
187.2059,disk4,7947550107648,16017784,92559647170315
187.2059,disk4w,2195456,171,27582691
187.2059,disk8,7707171661824,7790273,65010743700689
187.2059,disk8w,354799616,46490,2465983053
187.2059,disk6,13787227666432,22483030,189196493786136
187.2059,disk6w,491520,70,201274851
187.2059,ram,608550912,65616838656,284365
187.2059,cpu,15833172,22696975,543275483
187.2059,gpu,0,0,0
187.4059,disk0,941331054231552,2123453125,12930769976474652
187.4059,disk0w,2190263422976,19806265,1286257379001
187.4059,disk4,7948243601408,16019207,92564010828906
187.4059,disk4w,2195456,171,27582691
187.4059,disk8,7707899504640,7791019,65011731150826
187.4059,disk8w,354799616,46490,2465983053
187.4059,disk6,13788564883456,22485150,189210421224796
187.4059,disk6w,491520,70,201274851
187.4059,ram,608550912,65616838656,284365
187.4059,cpu,15833172,22696975,543275483
187.4059,gpu,0,0,0
187.6059,disk0,941333092401152,2123457415,12930779095150229
187.6059,disk0w,2190263427072,19806266,1286257395792
187.6059,disk4,7949053921280,16020821,92570134476774
187.6059,disk4w,2195456,171,27582691
187.6059,disk8,7708347377664,7791478,65012228357132
187.6059,disk8w,354799616,46490,2465983053
187.6059,disk6,13789958342656,22487425,189225016495873
187.6059,disk6w,491520,70,201274851
187.6059,ram,608550912,65616838656,284365
187.6059,cpu,15833172,22696975,543275483
187.6059,gpu,0,0,0
187.8034,disk0,941335160782848,2123462160,12930791892652947
187.8034,disk0w,2190263427072,19806266,1286257395792
187.8034,disk4,7949687433216,16022063,92572906068806
187.8034,disk4w,2195456,171,27582691
187.8034,disk8,7708997232640,7792144,65013170285903
187.8034,disk8w,354799616,46490,2465983053
187.8034,disk6,13791242815488,22489610,189240023059469
187.8034,disk6w,491520,70,201274851
187.8034,ram,608550912,65616838656,284365
187.8034,cpu,15833172,22696975,543275483
187.8034,gpu,0,0,0
188.0053,disk0,941336520491008,2123465576,12930798056164906
188.0053,disk0w,2190263427072,19806266,1286257395792
188.0053,disk4,7950279084032,16023227,92576325899379
188.0053,disk4w,2195456,171,27582691
188.0053,disk8,7709445105664,7792603,65013702332997
188.0053,disk8w,354799616,46490,2465983053
188.0053,disk6,13792672401408,22492044,189261257203762
188.0053,disk6w,491520,70,201274851
188.0053,ram,603488256,64579207168,284365
188.0053,cpu,15833241,22697104,543277052
188.0053,gpu,0,0,0
188.2030,disk0,941338339545088,2123471290,12930806303949636
188.2030,disk0w,2190263427072,19806266,1286257395792
188.2030,disk4,7950935140352,16024523,92579302597039
188.2030,disk4w,2195456,171,27582691
188.2030,disk8,7709840287744,7793008,65014171487777
188.2030,disk8w,354799616,46490,2465983053
188.2030,disk6,13794063484928,22494633,189281974939581
188.2030,disk6w,491520,70,201274851
188.2030,ram,604012544,64579190784,284365
188.2030,cpu,15833243,22697111,543277097
188.2030,gpu,0,0,0
188.4059,disk0,941340044587008,2123477765,12930817350656574
188.4059,disk0w,2190263427072,19806266,1286257395792
188.4059,disk4,7951488428032,16025654,92583303716513
188.4059,disk4w,2195456,171,27582691
188.4059,disk8,7710533904384,7793719,65016881221657
188.4059,disk8w,354799616,46490,2465983053
188.4059,disk6,13795128428544,22496235,189292826212635
188.4059,disk6w,491520,70,201274851
188.4059,ram,604012544,64579190784,284365
188.4059,cpu,15833243,22697111,543277097
188.4059,gpu,0,0,0
188.6048,disk0,941342151700480,2123484837,12930829048602463
188.6048,disk0w,2190263431168,19806267,1286257429667
188.6048,disk4,7952171714560,16027055,92587895378673
188.6048,disk4w,2195456,171,27582691
188.6048,disk8,7711157413888,7794358,65017759826939
188.6048,disk8w,354799616,46490,2465983053
188.6048,disk6,13796435429376,22497897,189302242137778
188.6048,disk6w,491520,70,201274851
188.6048,ram,604012544,64579190784,284365
188.6048,cpu,15833243,22697111,543277097
188.6048,gpu,0,0,0
188.8018,disk0,941344324988928,2123488846,12930838715493459
188.8018,disk0w,2190263431168,19806267,1286257429667
188.8018,disk4,7952978225152,16028708,92594576455822
188.8018,disk4w,2195456,171,27582691
188.8018,disk8,7711789705216,7795006,65018641970713
188.8018,disk8w,354799616,46490,2465983053
188.8018,disk6,13797720229888,22499774,189312269247773
188.8018,disk6w,491520,70,201274851
188.8018,ram,604012544,64579190784,284365
188.8018,cpu,15833243,22697111,543277097
188.8018,gpu,0,0,0
189.0059,disk0,941346442326016,2123493099,12930846715860870
189.0059,disk0w,2190263431168,19806267,1286257429667
189.0059,disk4,7953632724992,16030048,92598319932623
189.0059,disk4w,2195456,171,27582691
189.0059,disk8,7712327493632,7795557,65019351368364
189.0059,disk8w,354799616,46490,2465983053
189.0059,disk6,13799145818112,22501962,189328165583212
189.0059,disk6w,491520,70,201274851
189.0059,ram,616103936,65705541632,284365
189.0059,cpu,15833293,22697237,543278644
189.0059,gpu,0,0,0
189.2059,disk0,941348421713920,2123497498,12930856805971684
189.2059,disk0w,2190263431168,19806267,1286257429667
189.2059,disk4,7954253547520,16031263,92601877046044
189.2059,disk4w,2195456,171,27582691
189.2059,disk8,7712729360384,7795969,65019775015190
189.2059,disk8w,354799616,46490,2465983053
189.2059,disk6,13800472004608,22504175,189346093042983
189.2059,disk6w,491520,70,201274851
189.2059,ram,616103936,65705541632,284365
189.2059,cpu,15833293,22697237,543278644
189.2059,gpu,0,0,0
189.4049,disk0,941350188040192,2123501395,12930863015001109
189.4049,disk0w,2190263435264,19806268,1286257439125
189.4049,disk4,7954850154496,16032436,92604374798855
189.4049,disk4w,2195456,171,27582691
189.4049,disk8,7713300178944,7796554,65020542079031
189.4049,disk8w,354799616,46490,2465983053
189.4049,disk6,13801873999872,22506601,189367023164693
189.4049,disk6w,491520,70,201274851
189.4049,ram,616103936,65705541632,284365
189.4049,cpu,15833293,22697237,543278644
189.4049,gpu,31,11,0
189.6059,disk0,941352103755776,2123509958,12930876192882406
189.6059,disk0w,2190263435264,19806268,1286257439125
189.6059,disk4,7955570116608,16033850,92608526645256
189.6059,disk4w,2195456,171,27582691
189.6059,disk8,7713800742912,7797067,65021157077156
189.6059,disk8w,354799616,46490,2465983053
189.6059,disk6,13803253991424,22509000,189384173170267
189.6059,disk6w,491520,70,201274851
189.6059,ram,616103936,65705541632,284365
189.6059,cpu,15833293,22697237,543278644
189.6059,gpu,0,0,0
189.8059,disk0,941353773109248,2123516444,12930885659345941
189.8059,disk0w,2190263435264,19806268,1286257439125
189.8059,disk4,7956253935616,16035204,92612267427928
189.8059,disk4w,2195456,171,27582691
189.8059,disk8,7714283743232,7797562,65021860651997
189.8059,disk8w,354799616,46490,2465983053
189.8059,disk6,13804576868352,22511545,189402829864950
189.8059,disk6w,491520,70,201274851
189.8059,ram,616103936,65705541632,284365
189.8059,cpu,15833293,22697237,543278644
189.8059,gpu,0,0,0
190.0059,disk0,941355733610496,2123526915,12930903546544135
190.0059,disk0w,2190263435264,19806268,1286257439125
190.0059,disk4,7956710164480,16036140,92614904197153
190.0059,disk4w,2195456,171,27582691
190.0059,disk8,7714742413312,7798032,65023190086434
190.0059,disk8w,354799616,46490,2465983053
190.0059,disk6,13805552650240,22513000,189411404702512
190.0059,disk6w,491520,70,201274851
190.0059,ram,633389056,65567473664,284365
190.0059,cpu,15833349,22697374,543280231
190.0059,gpu,32,6,0
190.2059,disk0,941358034251776,2123530930,12930914020059823
190.2059,disk0w,2190263435264,19806268,1286257439125
190.2059,disk4,7957543667712,16037848,92623010317172
190.2059,disk4w,2195456,171,27582691
190.2059,disk8,7715319916544,7798624,65023963227442
190.2059,disk8w,354799616,46490,2465983053
190.2059,disk6,13806855063552,22514482,189418115650131
190.2059,disk6w,491520,70,201274851
190.2059,ram,637353984,65448591360,284365
190.2059,cpu,15833349,22697374,543280231
190.2059,gpu,0,0,0
190.4048,disk0,941360161714176,2123535035,12930923908932564
190.4048,disk0w,2190263439360,19806269,1286257456750
190.4048,disk4,7958435579904,16039674,92629596200077
190.4048,disk4w,2195456,171,27582691
190.4048,disk8,7715838044160,7799155,65024615154392
190.4048,disk8w,354799616,46490,2465983053
190.4048,disk6,13808165799936,22516391,189429663038582
190.4048,disk6w,491520,70,201274851
190.4048,ram,637353984,65448591360,284365
190.4048,cpu,15833349,22697374,543280231
190.4048,gpu,0,0,0
190.6010,disk0,941362022526976,2123538819,12930930960772259
190.6010,disk0w,2190263439360,19806269,1286257456750
190.6010,disk4,7959054559232,16040944,92633792439737
190.6010,disk4w,2195456,171,27582691
190.6010,disk8,7716317505536,7799646,65025170360474
190.6010,disk8w,354799616,46490,2465983053
190.6010,disk6,13809524688896,22518420,189445142540533
190.6010,disk6w,491520,70,201274851
190.6010,ram,637353984,65448591360,284365
190.6010,cpu,15833349,22697374,543280231
190.6010,gpu,0,0,0
190.8014,disk0,941363991810048,2123543362,12930941460258689
190.8014,disk0w,2190263472128,19806270,1286257466958
190.8014,disk4,7959790782464,16042371,92637087181719
190.8014,disk4w,2195456,171,27582691
190.8014,disk8,7716777699328,7800118,65025726539906
190.8014,disk8w,354799616,46490,2465983053
190.8014,disk6,13810894096384,22520685,189462584543246
190.8014,disk6w,491520,70,201274851
190.8014,ram,637353984,65448591360,284365
190.8014,cpu,15833349,22697374,543280231
190.8014,gpu,0,0,0
191.0049,disk0,941366335320064,2123548665,12930955981689269
191.0049,disk0w,2190263472128,19806270,1286257466958
191.0049,disk4,7960559339520,16043889,92642208601173
191.0049,disk4w,2195456,171,27582691
191.0049,disk8,7717374863360,7800730,65026605493956
191.0049,disk8w,354799616,46490,2465983053
191.0049,disk6,13812241487872,22522881,189473942029170
191.0049,disk6w,491520,70,201274851
191.0049,ram,639893504,65718337536,284365
191.0049,cpu,15833419,22697512,543281805
191.0049,gpu,0,0,0
191.2049,disk0,941368204505088,2123559370,12930971635077471
191.2049,disk0w,2190263472128,19806270,1286257466958
191.2049,disk4,7961206491136,16045165,92645281162360
191.2049,disk4w,2195456,171,27582691
191.2049,disk8,7717901772800,7801270,65027295559354
191.2049,disk8w,354799616,46490,2465983053
191.2049,disk6,13813605390336,22525182,189490917226398
191.2049,disk6w,491520,70,201274851
191.2049,ram,636403712,64164495360,284365
191.2049,cpu,15833419,22697512,543281805
191.2049,gpu,33,6,0
191.4049,disk0,941369953042432,2123562708,12930980117511906
191.4049,disk0w,2190263476224,19806271,1286257481708
191.4049,disk4,7961956829184,16046691,92654718612349
191.4049,disk4w,2195456,171,27582691
191.4049,disk8,7718316582912,7801695,65027968812174
191.4049,disk8w,354799616,46490,2465983053
191.4049,disk6,13814720620544,22527045,189500929403872
191.4049,disk6w,491520,70,201274851
191.4049,ram,636403712,64164495360,284365
191.4049,cpu,15833419,22697512,543281805
191.4049,gpu,0,0,0
191.6059,disk0,941372008984576,2123571899,12930994173192859
191.6059,disk0w,2190263476224,19806271,1286257481708
191.6059,disk4,7962746456064,16048308,92660994591820
191.6059,disk4w,2195456,171,27582691
191.6059,disk8,7718875473920,7802268,65028866385982
191.6059,disk8w,354799616,46490,2465983053
191.6059,disk6,13816026490880,22528845,189510553172480
191.6059,disk6w,491520,70,201274851
191.6059,ram,636403712,64164495360,284365
191.6059,cpu,15833419,22697512,543281805
191.6059,gpu,0,0,0
191.8027,disk0,941373962170368,2123575415,12931002898953290
191.8027,disk0w,2190263476224,19806271,1286257481708
191.8027,disk4,7963378157568,16049602,92665567831353
191.8027,disk4w,2195456,171,27582691
191.8027,disk8,7719368304640,7802773,65029487682683
191.8027,disk8w,354799616,46490,2465983053
191.8027,disk6,13817327233024,22530573,189523070730863
191.8027,disk6w,491520,70,201274851
191.8027,ram,636403712,64164495360,284365
191.8027,cpu,15833419,22697512,543281805
191.8027,gpu,25,6,0
192.0049,disk0,941375871725568,2123579295,12931011201215824
192.0049,disk0w,2190263476224,19806271,1286257481708
192.0049,disk4,7964129290240,16051140,92673130220916
192.0049,disk4w,2195456,171,27582691
192.0049,disk8,7719877650432,7803295,65030118278847
192.0049,disk8w,354799616,46490,2465983053
192.0049,disk6,13818595616768,22532569,189537002726736
192.0049,disk6w,491520,70,201274851
192.0049,ram,626016256,65668857856,284365
192.0049,cpu,15833490,22697678,543283341
192.0049,gpu,0,0,0
192.2059,disk0,941377506209792,2123582962,12931017285815689
192.2059,disk0w,2190263476224,19806271,1286257481708
192.2059,disk4,7964950218752,16052789,92677532904844
192.2059,disk4w,2195456,171,27582691
192.2059,disk8,7720351868928,7803781,65030606491796
192.2059,disk8w,354799616,46490,2465983053
192.2059,disk6,13819997022208,22534615,189553903621857
192.2059,disk6w,491520,70,201274851
192.2059,ram,626016256,65668857856,284365
192.2059,cpu,15833490,22697678,543283341
192.2059,gpu,0,0,0
192.4059,disk0,941379624394752,2123588016,12931030717784897
192.4059,disk0w,2190263480320,19806272,1286257550874
192.4059,disk4,7965644376064,16054143,92681075673392
192.4059,disk4w,2195456,171,27582691
192.4059,disk8,7720887560192,7804330,65031220193320
192.4059,disk8w,354799616,46490,2465983053
192.4059,disk6,13821315753984,22536917,189569657982509
192.4059,disk6w,491520,70,201274851
192.4059,ram,626016256,65668857856,284365
192.4059,cpu,15833490,22697678,543283341
192.4059,gpu,0,0,0
192.6049,disk0,941381551763456,2123592455,12931040250646096
192.6049,disk0w,2190263500800,19806274,1286257578749
192.6049,disk4,7966357547008,16055551,92685947513419
192.6049,disk4w,2195456,171,27582691
192.6049,disk8,7721352996864,7804807,65031762753028
192.6049,disk8w,354799616,46490,2465983053
192.6049,disk6,13822687569920,22539302,189585527297176
192.6049,disk6w,491520,70,201274851
192.6049,ram,626016256,65668857856,284365
192.6049,cpu,15833490,22697678,543283341
192.6049,gpu,0,0,0
192.8059,disk0,941383439970304,2123602852,12931055449642106
192.8059,disk0w,2190263500800,19806274,1286257578749
192.8059,disk4,7966861297664,16056549,92688396489052
192.8059,disk4w,2195456,171,27582691
192.8059,disk8,7721879906304,7805347,65032474836889
192.8059,disk8w,354799616,46490,2465983053
192.8059,disk6,13824011020288,22541759,189603999798115
192.8059,disk6w,491520,70,201274851
192.8059,ram,626016256,65668857856,284365
192.8059,cpu,15833490,22697678,543283341
192.8059,gpu,0,0,0
193.0059,disk0,941385234153472,2123606260,12931065114362191
193.0059,disk0w,2190263500800,19806274,1286257578749
193.0059,disk4,7967576819712,16058004,92692988820271
193.0059,disk4w,2195456,171,27582691
193.0059,disk8,7722424313856,7805905,65033928955167
193.0059,disk8w,354799616,46490,2465983053
193.0059,disk6,13825147348992,22543645,189615701507232
193.0059,disk6w,491520,70,201274851
193.0059,ram,624705536,65607417856,284365
193.0059,cpu,15833581,22697826,543284883
193.0059,gpu,0,0,0
193.2013,disk0,941387579424768,2123615317,12931084047593778
193.2013,disk0w,2190263500800,19806274,1286257578749
193.2013,disk4,7968335267840,16059561,92698624057257
193.2013,disk4w,2195456,171,27582691
193.2013,disk8,7722880968704,7806373,65034479127935
193.2013,disk8w,354799616,46490,2465983053
193.2013,disk6,13826276698112,22545099,189621142894998
193.2013,disk6w,491520,70,201274851
193.2013,ram,621428736,65607516160,284365
193.2013,cpu,15833584,22697841,543284952
193.2013,gpu,0,0,0
193.4059,disk0,941389704740864,2123619031,12931093078492420
193.4059,disk0w,2190263504896,19806275,1286257587957
193.4059,disk4,7969165240320,16061262,92705841539423
193.4059,disk4w,2195456,171,27582691
193.4059,disk8,7723434223616,7806940,65035222779989
193.4059,disk8w,354799616,46490,2465983053
193.4059,disk6,13827684427776,22547062,189632607606063
193.4059,disk6w,491520,70,201274851
193.4059,ram,621428736,65607516160,284365
193.4059,cpu,15833584,22697841,543284952
193.4059,gpu,0,0,0
193.6049,disk0,941391593537536,2123622842,12931101813037826
193.6049,disk0w,2190263504896,19806275,1286257587957
193.6049,disk4,7969862420480,16062690,92711683892738
193.6049,disk4w,2195456,171,27582691
193.6049,disk8,7724101642240,7807624,65036114119640
193.6049,disk8w,354799616,46490,2465983053
193.6049,disk6,13829047805952,22549176,189645706376592
193.6049,disk6w,491520,70,201274851
193.6049,ram,621428736,65607516160,284365
193.6049,cpu,15833584,22697841,543284952
193.6049,gpu,0,0,0
193.8059,disk0,941393715953664,2123627606,12931112044553598
193.8059,disk0w,2190265344000,19806661,1286264786783
193.8059,disk4,7970765572096,16064479,92719917673989
193.8059,disk4w,2195456,171,27582691
193.8059,disk8,7724646115328,7808182,65036761240990
193.8059,disk8w,354799616,46490,2465983053
193.8059,disk6,13830333442048,22551323,189658450903659
193.8059,disk6w,491520,70,201274851
193.8059,ram,621428736,65607516160,284365
193.8059,cpu,15833584,22697841,543284952
193.8059,gpu,0,0,0
194.0059,disk0,941396020330496,2123632822,12931128367621723
194.0059,disk0w,2190265344000,19806661,1286264786783
194.0059,disk4,7971480438784,16065885,92723820589906
194.0059,disk4w,2195456,171,27582691
194.0059,disk8,7725186000896,7808735,65037370906047
194.0059,disk8w,354799616,46490,2465983053
194.0059,disk6,13831595517952,22553605,189671940896726
194.0059,disk6w,491520,70,201274851
194.0059,ram,624787456,65670119424,284365
194.0059,cpu,15833647,22697973,543286448
194.0059,gpu,0,0,0
194.2022,disk0,941398109417472,2123643246,12931145797477852
194.2022,disk0w,2190265348096,19806662,1286264799908
194.2022,disk4,7972325853184,16067554,92729553746059
194.2022,disk4w,2195456,171,27582691
194.2022,disk8,7725796534272,7809361,65038314537101
194.2022,disk8w,354799616,46490,2465983053
194.2022,disk6,13832935172096,22555916,189683975184368
194.2022,disk6w,491520,70,201274851
194.2022,ram,624787456,65670119424,284365
194.2022,cpu,15833651,22697983,543286520
194.2022,gpu,0,0,0
194.4052,disk0,941399940030464,2123648217,12931156428037687
194.4052,disk0w,2190265348096,19806662,1286264799908
194.4052,disk4,7972929128448,16068754,92732609355917
194.4052,disk4w,2195456,171,27582691
194.4052,disk8,7726268262400,7809844,65038862246023
194.4052,disk8w,354799616,46490,2465983053
194.4052,disk6,13834030606336,22557956,189697424537597
194.4052,disk6w,491520,70,201274851
194.4052,ram,624787456,65670119424,284365
194.4052,cpu,15833651,22697983,543286520
194.4052,gpu,0,0,0
194.6059,disk0,941401860481024,2123654871,12931167012367677
194.6059,disk0w,2190265348096,19806662,1286264799908
194.6059,disk4,7973695301632,16070326,92737682135398
194.6059,disk4w,2195456,171,27582691
194.6059,disk8,7726885431296,7810477,65040086998354
194.6059,disk8w,354799616,46490,2465983053
194.6059,disk6,13835371603968,22559830,189712150643273
194.6059,disk6w,491520,70,201274851
194.6059,ram,624787456,65670119424,284365
194.6059,cpu,15833651,22697983,543286520
194.6059,gpu,0,0,0
194.8059,disk0,941404022775808,2123658774,12931177933878556
194.8059,disk0w,2190265348096,19806662,1286264799908
194.8059,disk4,7974471051264,16071917,92743318740781
194.8059,disk4w,2195456,171,27582691
194.8059,disk8,7727409850368,7811014,65040730436594
194.8059,disk8w,354799616,46490,2465983053
194.8059,disk6,13836632385536,22561337,189721366966843
194.8059,disk6w,491520,70,201274851
194.8059,ram,624787456,65670119424,284365
194.8059,cpu,15833651,22697983,543286520
194.8059,gpu,0,0,0
195.0049,disk0,941405986795520,2123662413,12931186695296064
195.0049,disk0w,2190265348096,19806662,1286264799908
195.0049,disk4,7975136937984,16073281,92749083287464
195.0049,disk4w,2195456,171,27582691
195.0049,disk8,7727963105280,7811581,65041554365438
195.0049,disk8w,355368960,46571,2468331488
195.0049,disk6,13837947365376,22563333,189735020690387
195.0049,disk6w,491520,70,201274851
195.0049,ram,408649728,66006302720,284365
195.0049,cpu,15833732,22698170,543287934
195.0049,gpu,0,0,0
195.2059,disk0,941408080281600,2123667089,12931197152846009
195.2059,disk0w,2190269894656,19806886,1286270045251
195.2059,disk4,7975999899648,16075033,92755551566833
195.2059,disk4w,2195456,171,27582691
195.2059,disk8,7728439814144,7812070,65042031840578
195.2059,disk8w,355368960,46571,2468331488
195.2059,disk6,13839273076736,22565145,189746479929533
195.2059,disk6w,491520,70,201274851
195.2059,ram,408649728,66006302720,284365
195.2059,cpu,15833732,22698170,543287934
195.2059,gpu,0,0,0
195.4017,disk0,941409948061696,2123671392,12931209049972830
195.4017,disk0w,2190269960192,19806899,1286270336206
195.4017,disk4,7976619018240,16076233,92758941006856
195.4017,disk4w,2195456,171,27582691
195.4017,disk8,7728841287680,7812481,65042479829440
195.4017,disk8w,355368960,46571,2468331488
195.4017,disk6,13840521897984,22567389,189763209054047
195.4017,disk6w,491520,70,201274851
195.4017,ram,408649728,66006302720,284365
195.4017,cpu,15833732,22698170,543287934
195.4017,gpu,0,0,0
195.6059,disk0,941411996798976,2123675915,12931219368820702
195.6059,disk0w,2190270484480,19806906,1286270565287
195.6059,disk4,7977433532416,16077848,92765041061961
195.6059,disk4w,2195456,171,27582691
195.6059,disk8,7729405814784,7813060,65043153578580
195.6059,disk8w,355368960,46571,2468331488
195.6059,disk6,13841861879808,22569684,189777656025278
195.6059,disk6w,491520,70,201274851
195.6059,ram,408649728,66006302720,284365
195.6059,cpu,15833732,22698170,543287934
195.6059,gpu,0,0,0
195.8049,disk0,941413743960064,2123686464,12931233765461908
195.8049,disk0w,2190270484480,19806906,1286270565287
195.8049,disk4,7977928001536,16078825,92767150247051
195.8049,disk4w,2195456,171,27582691
195.8049,disk8,7729888815104,7813555,65043863802414
195.8049,disk8w,355368960,46571,2468331488
195.8049,disk6,13843195901952,22572083,189796386378278
195.8049,disk6w,491520,70,201274851
195.8049,ram,408649728,66006302720,284365
195.8049,cpu,15833732,22698170,543287934
195.8049,gpu,0,0,0
196.0049,disk0,941415562375168,2123689952,12931243396866273
196.0049,disk0w,2190270484480,19806906,1286270565287
196.0049,disk4,7978469361664,16079918,92770600603253
196.0049,disk4w,2195456,171,27582691
196.0049,disk8,7730365048832,7814043,65045085266928
196.0049,disk8w,355368960,46571,2468331488
196.0049,disk6,13844421949440,22574169,189810951977139
196.0049,disk6w,491520,70,201274851
196.0049,ram,268156928,66049818624,284365
196.0049,cpu,15833828,22698355,543289431
196.0049,gpu,0,0,0
196.2059,disk0,941417800511488,2123696067,12931256448346246
196.2059,disk0w,2190270484480,19806906,1286270565287
196.2059,disk4,7979284776960,16081589,92776743602606
196.2059,disk4w,2195456,171,27582691
196.2059,disk8,7730986461184,7814680,65045989440842
196.2059,disk8w,355368960,46571,2468331488
196.2059,disk6,13845736339456,22575966,189819921531861
196.2059,disk6w,491520,70,201274851
196.2059,ram,266584064,65941176320,284365
196.2059,cpu,15833828,22698355,543289431
196.2059,gpu,38,14,0
196.4029,disk0,941419892338688,2123699867,12931264564329544
196.4029,disk0w,2190270484480,19806906,1286270565287
196.4029,disk4,7980056856576,16083172,92783976136470
196.4029,disk4w,2195456,171,27582691
196.4029,disk8,7731487025152,7815193,65046613565965
196.4029,disk8w,355368960,46571,2468331488
196.4029,disk6,13847058429952,22577747,189830524035900
196.4029,disk6w,491520,70,201274851
196.4029,ram,266584064,65941176320,284365
196.4029,cpu,15833828,22698355,543289431
196.4029,gpu,42,7,0
196.6033,disk0,941422258597888,2123704733,12931277770969210
196.6033,disk0w,2190270484480,19806906,1286270565287
196.6033,disk4,7980811388928,16084718,92788003142715
196.6033,disk4w,2195456,171,27582691
196.6033,disk8,7732005152768,7815724,65047207408167
196.6033,disk8w,355368960,46571,2468331488
196.6033,disk6,13848306857984,22579468,189840432581761
196.6033,disk6w,491520,70,201274851
196.6033,ram,266584064,65941176320,284365
196.6033,cpu,15833828,22698355,543289431
196.6033,gpu,0,0,0
196.8059,disk0,941424186007552,2123708889,12931288577348765
196.8059,disk0w,2190270484480,19806906,1286270565287
196.8059,disk4,7981443090432,16085960,92791133907799
196.8059,disk4w,2195456,171,27582691
196.8059,disk8,7732426680320,7816156,65047791519694
196.8059,disk8w,355368960,46571,2468331488
196.8059,disk6,13849689307136,22581548,189854125426355
196.8059,disk6w,491520,70,201274851
196.8059,ram,266584064,65941176320,284365
196.8059,cpu,15833828,22698355,543289431
196.8059,gpu,0,0,0
197.0049,disk0,941426126381056,2123713280,12931298760058597
197.0049,disk0w,2190270484480,19806906,1286270565287
197.0049,disk4,7982162003968,16087379,92794620399904
197.0049,disk4w,2195456,171,27582691
197.0049,disk8,7732856989696,7816597,65048256772625
197.0049,disk8w,355368960,46571,2468331488
197.0049,disk6,13850997196800,22583915,189871642425853
197.0049,disk6w,491520,70,201274851
197.0049,ram,308903936,66052210688,284365
197.0049,cpu,15833924,22698554,543290905
197.0049,gpu,0,0,0
197.2059,disk0,941428161294336,2123723733,12931314704974467
197.2059,disk0w,2190270484480,19806906,1286270565287
197.2059,disk4,7982846871552,16088730,92799276699364
197.2059,disk4w,2195456,171,27582691
197.2059,disk8,7733410244608,7817164,65048927608681
197.2059,disk8w,355368960,46571,2468331488
197.2059,disk6,13852261402624,22586059,189885523588028
197.2059,disk6w,491520,70,201274851
197.2059,ram,314458112,64498155520,284365
197.2059,cpu,15833926,22698558,543290936
197.2059,gpu,0,0,0
197.4035,disk0,941429823942656,2123726585,12931322341592567
197.4035,disk0w,2190270484480,19806906,1286270565287
197.4035,disk4,7983493646336,16090019,92803846915072
197.4035,disk4w,2195456,171,27582691
197.4035,disk8,7733923735552,7817690,65050082808972
197.4035,disk8w,355368960,46571,2468331488
197.4035,disk6,13853416523776,22588150,189900929121265
197.4035,disk6w,491520,70,201274851
197.4035,ram,314458112,64498155520,284365
197.4035,cpu,15833926,22698558,543290936
197.4035,gpu,0,0,0
197.6059,disk0,941431608877056,2123733102,12931330496518520
197.6059,disk0w,2190270484480,19806906,1286270565287
197.6059,disk4,7984197634048,16091464,92809460641556
197.6059,disk4w,2195456,171,27582691
197.6059,disk8,7734428887040,7818208,65050647622344
197.6059,disk8w,355368960,46571,2468331488
197.6059,disk6,13854785800192,22590129,189914954302485
197.6059,disk6w,491520,70,201274851
197.6059,ram,314458112,64498155520,284365
197.6059,cpu,15833926,22698558,543290936
197.6059,gpu,0,0,0
197.8033,disk0,941433740648448,2123736890,12931340848610548
197.8033,disk0w,2190270484480,19806906,1286270565287
197.8033,disk4,7984996419584,16093102,92816320419007
197.8033,disk4w,2195456,171,27582691
197.8033,disk8,7734973360128,7818766,65051346420869
197.8033,disk8w,355368960,46571,2468331488
197.8033,disk6,13856005670912,22591632,189923113657943
197.8033,disk6w,491520,70,201274851
197.8033,ram,314458112,64498155520,284365
197.8033,cpu,15833926,22698558,543290936
197.8033,gpu,0,0,0
198.0059,disk0,941435781128192,2123740948,12931349896019835
198.0059,disk0w,2190270484480,19806906,1286270565287
198.0059,disk4,7985817872384,16094786,92822918724497
198.0059,disk4w,2195456,171,27582691
198.0059,disk8,7735493584896,7819299,65051918916350
198.0059,disk8w,355368960,46571,2468331488
198.0059,disk6,13857418233856,22593623,189935576266324
198.0059,disk6w,491520,70,201274851
198.0059,ram,316096512,66040463360,284365
198.0059,cpu,15834008,22698727,543292421
198.0059,gpu,0,0,0
198.2010,disk0,941437941702656,2123745834,12931362731519766
198.2010,disk0w,2190270484480,19806906,1286270565287
198.2010,disk4,7986716067840,16096587,92830386026694
198.2010,disk4w,2195456,171,27582691
198.2010,disk8,7735913015296,7819729,65052406423967
198.2010,disk8w,355368960,46571,2468331488
198.2010,disk6,13858657339392,22595449,189945820076636
198.2010,disk6w,491520,70,201274851
198.2010,ram,312344576,66023587840,284365
198.2010,cpu,15834009,22698728,543292434
198.2010,gpu,0,0,0
198.4020,disk0,941440146202624,2123750796,12931378364458240
198.4020,disk0w,2190270484480,19806906,1286270565287
198.4020,disk4,7987207391232,16097549,92832720481636
198.4020,disk4w,2195456,171,27582691
198.4020,disk8,7736369670144,7820197,65052945869859
198.4020,disk8w,355368960,46571,2468331488
198.4020,disk6,13859914860544,22597771,189960707307054
198.4020,disk6w,491520,70,201274851
198.4020,ram,312344576,66023587840,284365
198.4020,cpu,15834009,22698728,543292434
198.4020,gpu,0,0,0
198.6027,disk0,941442455199744,2123757803,12931395839918594
198.6027,disk0w,2190270500864,19806908,1286270602453
198.6027,disk4,7988032112640,16099178,92838706356597
198.6027,disk4w,2195456,171,27582691
198.6027,disk8,7736905361408,7820746,65053587307710
198.6027,disk8w,355368960,46571,2468331488
198.6027,disk6,13861200300032,22600111,189972580888554
198.6027,disk6w,491520,70,201274851
198.6027,ram,312344576,66023587840,284365
198.6027,cpu,15834009,22698728,543292434
198.6027,gpu,0,0,0
198.8049,disk0,941444645224448,2123767140,12931410664796530
198.8049,disk0w,2190270500864,19806908,1286270602453
198.8049,disk4,7988571359232,16100249,92842449445530
198.8049,disk4w,2195456,171,27582691
198.8049,disk8,7737397143552,7821250,65054160598003
198.8049,disk8w,355368960,46571,2468331488
198.8049,disk6,13862479792128,22602738,189988557494716
198.8049,disk6w,491520,70,201274851
198.8049,ram,312344576,66023587840,284365
198.8049,cpu,15834009,22698728,543292434
198.8049,gpu,0,0,0
199.0036,disk0,941446259466240,2123772402,12931419852905141
199.0036,disk0w,2190270500864,19806908,1286270602453
199.0036,disk4,7989207779328,16101555,92847282265253
199.0036,disk4w,2195456,171,27582691
199.0036,disk8,7737774761984,7821637,65054598622163
199.0036,disk8w,355368960,46571,2468331488
199.0036,disk6,13863683704832,22604420,190001686429112
199.0036,disk6w,491520,70,201274851
199.0036,ram,312344576,66023587840,284365
199.0036,cpu,15834009,22698728,543292434
199.0036,gpu,0,0,0
199.2050,disk0,941448185323520,2123775853,12931428054708939
199.2050,disk0w,2190270509056,19806910,1286270648411
199.2050,disk4,7989869709312,16102910,92851189508191
199.2050,disk4w,2195456,171,27582691
199.2050,disk8,7738380707840,7822258,65055337934787
199.2050,disk8w,355368960,46571,2468331488
199.2050,disk6,13865008859136,22605998,190014193877091
199.2050,disk6w,491520,70,201274851
199.2050,ram,344080384,65530019840,284365
199.2050,cpu,15834114,22698933,543294038
199.2050,gpu,0,0,0
199.4059,disk0,941450066731008,2123779537,12931436536699145
199.4059,disk0w,2190270509056,19806910,1286270648411
199.4059,disk4,7990751938560,16104719,92858494290476
199.4059,disk4w,2195456,171,27582691
199.4059,disk8,7738951526400,7822843,65056049624970
199.4059,disk8w,355368960,46571,2468331488
199.4059,disk6,13866312058880,22607789,190025605261506
199.4059,disk6w,491520,70,201274851
199.4059,ram,344080384,65530019840,284365
199.4059,cpu,15834114,22698933,543294038
199.4059,gpu,0,0,0
199.6057,disk0,941452128464896,2123783947,12931446350616139
199.6057,disk0w,2190270509056,19806910,1286270648411
199.6057,disk4,7991524018176,16106299,92864405441218
199.6057,disk4w,2195456,171,27582691
199.6057,disk8,7739355490304,7823257,65056445853498
199.6057,disk8w,355368960,46571,2468331488
199.6057,disk6,13867613636608,22609652,190037606001093
199.6057,disk6w,491520,70,201274851
199.6057,ram,344080384,65530019840,284365
199.6057,cpu,15834114,22698933,543294038
199.6057,gpu,0,0,0
199.8059,disk0,941454357229568,2123789049,12931459398822167
199.8059,disk0w,2190270566400,19806913,1286270725577
199.8059,disk4,7992188340224,16107586,92868359512999
199.8059,disk4w,2195456,171,27582691
199.8059,disk8,7739735205888,7823646,65056844383124
199.8059,disk8w,355368960,46571,2468331488
199.8059,disk6,13868982949888,22612126,190053616964857
199.8059,disk6w,491520,70,201274851
199.8059,ram,344080384,65530019840,284365
199.8059,cpu,15834114,22698933,543294038
199.8059,gpu,0,0,0
200.0059,disk0,941455902539776,2123792548,12931465519396005
200.0059,disk0w,2190270599168,19806921,1286270878283
200.0059,disk4,7992892704768,16108984,92872312743336
200.0059,disk4w,2195456,171,27582691
200.0059,disk8,7740228036608,7824151,65057367555573
200.0059,disk8w,355368960,46571,2468331488
200.0059,disk6,13870392449024,22614680,190075231013369
200.0059,disk6w,491520,70,201274851
200.0059,ram,344080384,65530019840,284365
200.0059,cpu,15834114,22698933,543294038
200.0059,gpu,0,0,0
200.2059,disk0,941457580752896,2123798577,12931474753258532
200.2059,disk0w,2190272237568,19807156,1286275537624
200.2059,disk4,7993471764480,16110127,92875269876659
200.2059,disk4w,2195456,171,27582691
200.2059,disk8,7740757043200,7824693,65058051465307
200.2059,disk8w,355368960,46571,2468331488
200.2059,disk6,13871748290560,22616950,190094245406737
200.2059,disk6w,491520,70,201274851
200.2059,ram,214695936,66075213824,284365
200.2059,cpu,15834199,22699095,543295536
200.2059,gpu,0,0,0
200.4059,disk0,941459374768128,2123801868,12931484061530732
200.4059,disk0w,2190272241664,19807157,1286275573290
200.4059,disk4,7994033276928,16111249,92878836917379
200.4059,disk4w,2195456,171,27582691
200.4059,disk8,7741287442432,7825237,65059248270659
200.4059,disk8w,355368960,46571,2468331488
200.4059,disk6,13872932542464,22619120,190109829151933
200.4059,disk6w,491520,70,201274851
200.4059,ram,214695936,66075213824,284365
200.4059,cpu,15834199,22699095,543295536
200.4059,gpu,0,0,0
200.6049,disk0,941461725904896,2123806384,12931495778059164
200.6049,disk0w,2190272241664,19807157,1286275573290
200.6049,disk4,7994646538240,16112507,92882626015759
200.6049,disk4w,2195456,171,27582691
200.6049,disk8,7741902170112,7825867,65060207090609
200.6049,disk8w,355368960,46571,2468331488
200.6049,disk6,13874287843328,22621078,190121787666818
200.6049,disk6w,491520,70,201274851
200.6049,ram,214695936,66075213824,284365
200.6049,cpu,15834199,22699095,543295536
200.6049,gpu,0,0,0
200.8060,disk0,941463718330368,2123809848,12931505019962554
200.8060,disk0w,2190272241664,19807157,1286275573290
200.8060,disk4,7995372890112,16113997,92888330612859
200.8060,disk4w,2195456,171,27582691
200.8060,disk8,7742385170432,7826362,65060751694025
200.8060,disk8w,355368960,46571,2468331488
200.8060,disk6,13875626481664,22622721,190132907801299
200.8060,disk6w,491520,70,201274851
200.8060,ram,214695936,66075213824,284365
200.8060,cpu,15834199,22699095,543295536
200.8060,gpu,0,0,0
201.0059,disk0,941465708666880,2123813734,12931514433962138
201.0059,disk0w,2190272245760,19807158,1286275600123
201.0059,disk4,7996318754816,16115935,92896635713094
201.0059,disk4w,2195456,171,27582691
201.0059,disk8,7742912079872,7826902,65061370491063
201.0059,disk8w,355368960,46571,2468331488
201.0059,disk6,13876968069120,22624702,190143764699820
201.0059,disk6w,491520,70,201274851
201.0059,ram,214695936,66075213824,284365
201.0059,cpu,15834199,22699095,543295536
201.0059,gpu,0,0,0
201.2059,disk0,941467707863040,2123818187,12931524965299998
201.2059,disk0w,2190272249856,19807159,1286275621248
201.2059,disk4,7997077735424,16117458,92902484606909
201.2059,disk4w,2195456,171,27582691
201.2059,disk8,7743368734720,7827370,65061904871908
201.2059,disk8w,355368960,46571,2468331488
201.2059,disk6,13878322042880,22626794,190156608244336
201.2059,disk6w,491520,70,201274851
201.2059,ram,223870976,65921859584,284365
201.2059,cpu,15834269,22699237,543297135
201.2059,gpu,0,0,0
201.4060,disk0,941469512900608,2123822345,12931531944735920
201.4060,disk0w,2190272249856,19807159,1286275621248
201.4060,disk4,7997829400576,16118921,92906719642760
201.4060,disk4w,2195456,171,27582691
201.4060,disk8,7743825389568,7827838,65062414713881
201.4060,disk8w,355368960,46571,2468331488
201.4060,disk6,13879728314368,22629245,190176547731180
201.4060,disk6w,491520,70,201274851
201.4060,ram,223870976,65921859584,284365
201.4060,cpu,15834269,22699237,543297135
201.4060,gpu,0,0,0
201.6060,disk0,941471351308288,2123826469,12931540152423822
201.6060,disk0w,2190272249856,19807159,1286275621248
201.6060,disk4,7998627137536,16120497,92910929019684
201.6060,disk4w,2195456,171,27582691
201.6060,disk8,7744352299008,7828378,65063105954954
201.6060,disk8w,355368960,46571,2468331488
201.6060,disk6,13881078552576,22631591,190193988521850
201.6060,disk6w,491520,70,201274851
201.6060,ram,223870976,65921859584,284365
201.6060,cpu,15834269,22699237,543297135
201.6060,gpu,0,0,0
201.8019,disk0,941473127559168,2123832177,12931550074331409
201.8019,disk0w,2190272249856,19807159,1286275621248
201.8019,disk4,7999116888064,16121460,92913238595414
201.8019,disk4w,2195456,171,27582691
201.8019,disk8,7744861644800,7828900,65063758442165
201.8019,disk8w,355368960,46571,2468331488
201.8019,disk6,13882456872960,22634119,190214554150494
201.8019,disk6w,491520,70,201274851
201.8019,ram,223870976,65921859584,284365
201.8019,cpu,15834269,22699237,543297135
201.8019,gpu,0,0,0
202.0044,disk0,941475254607872,2123836447,12931563844492391
202.0044,disk0w,2190272868352,19807289,1286277989659
202.0044,disk4,7999832655872,16122911,92917565698836
202.0044,disk4w,2195456,171,27582691
202.0044,disk8,7745322428416,7829372,65065139429128
202.0044,disk8w,355368960,46571,2468331488
202.0044,disk6,13883566839808,22635906,190223892241522
202.0044,disk6w,491520,70,201274851
202.0044,ram,223870976,65921859584,284365
202.0044,cpu,15834269,22699237,543297135
202.0044,gpu,0,0,0
202.2060,disk0,941477489090560,2123845939,12931580544830487
202.2060,disk0w,2190272868352,19807289,1286277989659
202.2060,disk4,8000674924544,16124637,92921922412314
202.2060,disk4w,2195456,171,27582691
202.2060,disk8,7745815259136,7829877,65065763721045
202.2060,disk8w,355368960,46571,2468331488
202.2060,disk6,13884785776640,22637490,190232176347195
202.2060,disk6w,491520,70,201274851
202.2060,ram,250249216,65497956352,284365
202.2060,cpu,15834360,22699405,543298621
202.2060,gpu,0,0,0
202.4060,disk0,941479614504960,2123849692,12931591026056674
202.4060,disk0w,2190272868352,19807289,1286277989659
202.4060,disk4,8001381009408,16126084,92926003759785
202.4060,disk4w,2195456,171,27582691
202.4060,disk8,7746249107456,7830322,65066227030024
202.4060,disk8w,355368960,46571,2468331488
202.4060,disk6,13886067480576,22639284,190245036044538
202.4060,disk6w,491520,70,201274851
202.4060,ram,250249216,65497956352,284365
202.4060,cpu,15834360,22699405,543298621
202.4060,gpu,0,0,0
202.6021,disk0,941481274793984,2123853127,12931597358906596
202.6021,disk0w,2190272868352,19807289,1286277989659
202.6021,disk4,8002106451968,16127572,92931227919883
202.6021,disk4w,2195456,171,27582691
202.6021,disk8,7746696980480,7830781,65066719022740
202.6021,disk8w,355368960,46571,2468331488
202.6021,disk6,13887421388800,22641240,190260541030048
202.6021,disk6w,491520,70,201274851
202.6021,ram,250249216,65497956352,284365
202.6021,cpu,15834360,22699405,543298621
202.6021,gpu,0,0,0
202.8046,disk0,941483352498176,2123858009,12931608871800223
202.8046,disk0w,2190272868352,19807289,1286277989659
202.8046,disk4,8002850785280,16129043,92935969619905
202.8046,disk4w,2195456,171,27582691
202.8046,disk8,7747139217408,7831234,65067237664754
202.8046,disk8w,355368960,46571,2468331488
202.8046,disk6,13888797218816,22643455,190276297468261
202.8046,disk6w,491520,70,201274851
202.8046,ram,250249216,65497956352,284365
202.8046,cpu,15834360,22699405,543298621
202.8046,gpu,0,0,0
203.0060,disk0,941485517185024,2123862906,12931621740023289
203.0060,disk0w,2190272868352,19807289,1286277989659
203.0060,disk4,8003644893184,16130600,92941127986318
203.0060,disk4w,2195456,171,27582691
203.0060,disk8,7747654199296,7831762,65067940946490
203.0060,disk8w,355368960,46571,2468331488
203.0060,disk6,13890210240512,22645814,190289166284977
203.0060,disk6w,491520,70,201274851
203.0060,ram,250249216,65497956352,284365
203.0060,cpu,15834360,22699405,543298621
203.0060,gpu,0,0,0
203.2060,disk0,941487643832320,2123870430,12931638187069586
203.2060,disk0w,2190272868352,19807289,1286277989659
203.2060,disk4,8004325804032,16131943,92945110902068
203.2060,disk4w,2195456,171,27582691
203.2060,disk8,7747997739008,7832114,65068350744041
203.2060,disk8w,355368960,46571,2468331488
203.2060,disk6,13891503773696,22648001,190303392358394
203.2060,disk6w,491520,70,201274851
203.2060,ram,303087616,65747779584,284365
203.2060,cpu,15834417,22699528,543300168
203.2060,gpu,0,0,0
203.4060,disk0,941489053020160,2123873002,12931642031712394
203.4060,disk0w,2190272868352,19807289,1286277989659
203.4060,disk4,8004938909696,16133154,92950244909759
203.4060,disk4w,2195456,171,27582691
203.4060,disk8,7748435781632,7832563,65068856939060
203.4060,disk8w,355368960,46571,2468331488
203.4060,disk6,13892734769152,22650402,190322415737176
203.4060,disk6w,491520,70,201274851
203.4060,ram,303087616,65747779584,284365
203.4060,cpu,15834417,22699528,543300168
203.4060,gpu,0,0,0
203.6015,disk0,941490874273792,2123884967,12931656637168315
203.6015,disk0w,2190272868352,19807289,1286277989659
203.6015,disk4,8005819287552,16134961,92957736731698
203.6015,disk4w,2195456,171,27582691
203.6015,disk8,7749006551040,7833148,65069963180615
203.6015,disk8w,355368960,46571,2468331488
203.6015,disk6,13893936470016,22652289,190334493334704
203.6015,disk6w,491520,70,201274851
203.6015,ram,303087616,65747779584,284365
203.6015,cpu,15834417,22699528,543300168
203.6015,gpu,0,0,0
203.8060,disk0,941493260881920,2123889288,12931669741392982
203.8060,disk0w,2190272868352,19807289,1286277989659
203.8060,disk4,8006465521664,16136282,92961672059757
203.8060,disk4w,2195456,171,27582691
203.8060,disk8,7749463205888,7833616,65070445063046
203.8060,disk8w,355368960,46571,2468331488
203.8060,disk6,13895261034496,22653842,190344054065654
203.8060,disk6w,491520,70,201274851
203.8060,ram,303087616,65747779584,284365
203.8060,cpu,15834417,22699528,543300168
203.8060,gpu,0,0,0
204.0025,disk0,941495009742848,2123892624,12931675988843438
204.0025,disk0w,2190278406144,19807432,1286281897356
204.0025,disk4,8007337920512,16138071,92969636096699
204.0025,disk4w,2195456,171,27582691
204.0025,disk8,7749972551680,7834138,65071097861455
204.0025,disk8w,355368960,46571,2468331488
204.0025,disk6,13896633014272,22655941,190357226752688
204.0025,disk6w,491520,70,201274851
204.0025,ram,303087616,65747779584,284365
204.0025,cpu,15834417,22699528,543300168
204.0025,gpu,0,0,0
204.2014,disk0,941496946053120,2123896679,12931685699289781
204.2014,disk0w,2190278406144,19807432,1286281897356
204.2014,disk4,8007916849152,16139258,92973483493174
204.2014,disk4w,2195456,171,27582691
204.2014,disk8,7750376515584,7834552,65071529323362
204.2014,disk8w,355368960,46571,2468331488
204.2014,disk6,13897993787392,22657905,190372005537832
204.2014,disk6w,491520,70,201274851
204.2014,ram,224083968,65964032000,284365
204.2014,cpu,15834492,22699669,543301766
204.2014,gpu,0,0,0
204.4042,disk0,941499189972992,2123901719,12931699629778445
204.4042,disk0w,2190278406144,19807432,1286281897356
204.4042,disk4,8008650164224,16140683,92977671387452
204.4042,disk4w,2195456,171,27582691
204.4042,disk8,7750798043136,7834984,65072038412554
204.4042,disk8w,355368960,46571,2468331488
204.4042,disk6,13899349366784,22660268,190386657740141
204.4042,disk6w,491520,70,201274851
204.4042,ram,224083968,65964032000,284365
204.4042,cpu,15834492,22699669,543301766
204.4042,gpu,0,0,0
204.6049,disk0,941501071921152,2123906117,12931709335824800
204.6049,disk0w,2190278406144,19807432,1286281897356
204.6049,disk4,8009362409472,16142087,92982297474397
204.6049,disk4w,2195456,171,27582691
204.6049,disk8,7751342516224,7835542,65072741645871
204.6049,disk8w,355368960,46571,2468331488
204.6049,disk6,13900729292800,22662726,190404468600535
204.6049,disk6w,491520,70,201274851
204.6049,ram,224083968,65964032000,284365
204.6049,cpu,15834492,22699669,543301766
204.6049,gpu,0,0,0
204.8060,disk0,941503142432768,2123912966,12931721205987928
204.8060,disk0w,2190278410240,19807433,1286281934397
204.8060,disk4,8010106603520,16143556,92986647362724
204.8060,disk4w,2195456,171,27582691
204.8060,disk8,7751872571392,7836085,65073321994017
204.8060,disk8w,355368960,46571,2468331488
204.8060,disk6,13902119966720,22664959,190419855443000
204.8060,disk6w,491520,70,201274851
204.8060,ram,224083968,65964032000,284365
204.8060,cpu,15834492,22699669,543301766
204.8060,gpu,0,0,0
205.0040,disk0,941504515067904,2123915355,12931728454566211
205.0040,disk0w,2190278410240,19807433,1286281934397
205.0040,disk4,8010750748672,16144845,92990194689635
205.0040,disk4w,2195456,171,27582691
205.0040,disk8,7752211884032,7836433,65073812425991
205.0040,disk8w,355368960,46571,2468331488
205.0040,disk6,13903322732544,22667230,190439126666908
205.0040,disk6w,491520,70,201274851
205.0040,ram,224083968,65964032000,284365
205.0040,cpu,15834492,22699669,543301766
205.0040,gpu,0,0,0
205.2021,disk0,941506410696704,2123923287,12931739374138254
205.2021,disk0w,2190278410240,19807433,1286281934397
205.2021,disk4,8011326908416,16146026,92993912592457
205.2021,disk4w,2195456,171,27582691
205.2021,disk8,7752738793472,7836973,65074443327185
205.2021,disk8w,355368960,46571,2468331488
205.2021,disk6,13904638584832,22669194,190454126117258
205.2021,disk6w,491520,70,201274851
205.2021,ram,283459584,65707180032,284365
205.2021,cpu,15834551,22699809,543303361
205.2021,gpu,0,0,0
205.4060,disk0,941508633669632,2123927247,12931747545948163
205.4060,disk0w,2190278803456,19807506,1286283199411
205.4060,disk4,8012108949504,16147629,92999841922017
205.4060,disk4w,2195456,171,27582691
205.4060,disk8,7753423775744,7837675,65075321424410
205.4060,disk8w,355368960,46571,2468331488
205.4060,disk6,13905980631040,22670769,190464631638566
205.4060,disk6w,491520,70,201274851
205.4060,ram,283459584,65707180032,284365
205.4060,cpu,15834551,22699809,543303361
205.4060,gpu,0,0,0
205.6016,disk0,941510730932224,2123931608,12931759745545030
205.6016,disk0w,2190284541952,19807597,1286285613800
205.6016,disk4,8012894668800,16149238,93005421331814
205.6016,disk4w,2195456,171,27582691
205.6016,disk8,7754078873600,7838346,65076193971973
205.6016,disk8w,355368960,46571,2468331488
205.6016,disk6,13907200190464,22672597,190474985750719
205.6016,disk6w,491520,70,201274851
205.6016,ram,283459584,65707180032,284365
205.6016,cpu,15834551,22699809,543303361
205.6016,gpu,0,0,0
205.8049,disk0,941512997883904,2123936673,12931772569394267
205.8049,disk0w,2190284541952,19807597,1286285613800
205.8049,disk4,8013463898112,16150377,93008523737644
205.8049,disk4w,2195456,171,27582691
205.8049,disk8,7754522552320,7838801,65076672026073
205.8049,disk8w,355368960,46571,2468331488
205.8049,disk6,13908559718400,22674744,190489921423219
205.8049,disk6w,491520,70,201274851
205.8049,ram,283459584,65707180032,284365
205.8049,cpu,15834551,22699809,543303361
205.8049,gpu,0,0,0
206.0051,disk0,941515011354624,2123941402,12931781360946739
206.0051,disk0w,2190284562432,19807599,1286285657008
206.0051,disk4,8014081067008,16151580,93011501319737
206.0051,disk4w,2195456,171,27582691
206.0051,disk8,7754960594944,7839250,65077161345211
206.0051,disk8w,355368960,46571,2468331488
206.0051,disk6,13909949675520,22677209,190509089935643
206.0051,disk6w,491520,70,201274851
206.0051,ram,283459584,65707180032,284365
206.0051,cpu,15834551,22699809,543303361
206.0051,gpu,0,0,0
206.2060,disk0,941516628684800,2123945085,12931788991891940
206.2060,disk0w,2190284562432,19807599,1286285657008
206.2060,disk4,8014888241152,16153176,93017012442279
206.2060,disk4w,2195456,171,27582691
206.2060,disk8,7755487504384,7839790,65077906314583
206.2060,disk8w,355368960,46571,2468331488
206.2060,disk6,13911227398144,22679445,190526265368637
206.2060,disk6w,491520,70,201274851
206.2060,ram,222806016,66155642880,284365
206.2060,cpu,15834624,22699965,543304893
206.2060,gpu,0,0,0
206.4056,disk0,941518560882688,2123951558,12931798569684442
206.4056,disk0w,2190284562432,19807599,1286285657008
206.4056,disk4,8015559493632,16154495,93020635434176
206.4056,disk4w,2195456,171,27582691
206.4056,disk8,7755891468288,7840204,65078355602376
206.4056,disk8w,355368960,46571,2468331488
206.4056,disk6,13912629966848,22681937,190545537369799
206.4056,disk6w,491520,70,201274851
206.4056,ram,222806016,66155642880,284365
206.4056,cpu,15834624,22699965,543304893
206.4056,gpu,0,0,0
206.6046,disk0,941520231071744,2123954711,12931806082817062
206.6046,disk0w,2190284562432,19807599,1286285657008
206.6046,disk4,8016303425536,16155992,93030145147764
206.6046,disk4w,2195456,171,27582691
206.6046,disk8,7756448786432,7840775,65080735610857
206.6046,disk8w,355368960,46571,2468331488
206.6046,disk6,13913576474624,22683525,190551941937408
206.6046,disk6w,491520,70,201274851
206.6046,ram,222806016,66155642880,284365
206.6046,cpu,15834624,22699965,543304893
206.6046,gpu,0,0,0
206.8060,disk0,941522182766592,2123963304,12931816343930287
206.8060,disk0w,2190284562432,19807599,1286285657008
206.8060,disk4,8017081665536,16157588,93037805183988
206.8060,disk4w,2195456,171,27582691
206.8060,disk8,7757068101632,7841410,65081514209637
206.8060,disk8w,355368960,46571,2468331488
206.8060,disk6,13914889521152,22685430,190563566161551
206.8060,disk6w,491520,70,201274851
206.8060,ram,222806016,66155642880,284365
206.8060,cpu,15834624,22699965,543304893
206.8060,gpu,0,0,0
207.0060,disk0,941524112850944,2123966493,12931823134473585
207.0060,disk0w,2190284607488,19807610,1286285919213
207.0060,disk4,8017888839680,16159242,93047028754447
207.0060,disk4w,2195456,171,27582691
207.0060,disk8,7757559883776,7841914,65082337750970
207.0060,disk8w,355368960,46571,2468331488
207.0060,disk6,13916221868032,22687150,190573724597236
207.0060,disk6w,491520,70,201274851
207.0060,ram,222806016,66155642880,284365
207.0060,cpu,15834624,22699965,543304893
207.0060,gpu,0,0,0
207.2060,disk0,941525762297856,2123969887,12931830638707964
207.2060,disk0w,2190284627968,19807612,1286285966670
207.2060,disk4,8018511775744,16160518,93050153673641
207.2060,disk4w,2195456,171,27582691
207.2060,disk8,7758016538624,7842382,65082926282682
207.2060,disk8w,355368960,46571,2468331488
207.2060,disk6,13917578397696,22689148,190590750148267
207.2060,disk6w,491520,70,201274851
207.2060,ram,205553664,66190950400,284365
207.2060,cpu,15834716,22700152,543306478
207.2060,gpu,0,0,0
207.4049,disk0,941527860301824,2123974604,12931842117836238
207.4049,disk0w,2190284627968,19807612,1286285966670
207.4049,disk4,8019178571776,16161843,93053222235326
207.4049,disk4w,2195456,171,27582691
207.4049,disk8,7758490757120,7842868,65083452811767
207.4049,disk8w,355368960,46571,2468331488
207.4049,disk6,13918954358784,22691364,190606248681285
207.4049,disk6w,491520,70,201274851
207.4049,ram,205553664,66190950400,284365
207.4049,cpu,15834716,22700152,543306478
207.4049,gpu,0,0,0
207.6060,disk0,941529767010304,2123979182,12931850767650451
207.6060,disk0w,2190284632064,19807613,1286285976045
207.6060,disk4,8019950651392,16163355,93058364850837
207.6060,disk4w,2195456,171,27582691
207.6060,disk8,7758987782144,7843377,65084051585100
207.6060,disk8w,355368960,46571,2468331488
207.6060,disk6,13920366921728,22693763,190623496143765
207.6060,disk6w,491520,70,201274851
207.6060,ram,205553664,66190950400,284365
207.6060,cpu,15834716,22700152,543306478
207.6060,gpu,0,0,0
207.8025,disk0,941531705778176,2123984127,12931863166806760
207.8025,disk0w,2190284632064,19807613,1286285976045
207.8025,disk4,8020743424000,16164927,93062652293640
207.8025,disk4w,2195456,171,27582691
207.8025,disk8,7759377721344,7843777,65084487212683
207.8025,disk8w,355368960,46571,2468331488
207.8025,disk6,13921666762752,22695998,190639549903599
207.8025,disk6w,491520,70,201274851
207.8025,ram,205553664,66190950400,284365
207.8025,cpu,15834716,22700152,543306478
207.8025,gpu,0,0,0
208.0020,disk0,941533168922624,2123989043,12931869264480484
208.0020,disk0w,2190284632064,19807613,1286285976045
208.0020,disk4,8021488273408,16166397,93067943148468
208.0020,disk4w,2195456,171,27582691
208.0020,disk8,7759790467072,7844200,65084981922707
208.0020,disk8w,355368960,46571,2468331488
208.0020,disk6,13923016329216,22698569,190662181004420
208.0020,disk6w,491520,70,201274851
208.0020,ram,205553664,66190950400,284365
208.0020,cpu,15834716,22700152,543306478
208.0020,gpu,0,0,0
208.2060,disk0,941534807261184,2123992073,12931877070390538
208.2060,disk0w,2190284632064,19807613,1286285976045
208.2060,disk4,8022091180032,16167619,93073233185864
208.2060,disk4w,2195456,171,27582691
208.2060,disk8,7760203163648,7844623,65085863489025
208.2060,disk8w,355368960,46571,2468331488
208.2060,disk6,13924156573696,22700428,190676232138340
208.2060,disk6w,491520,70,201274851
208.2060,ram,221102080,65742127104,284365
208.2060,cpu,15834789,22700305,543307993
208.2060,gpu,0,0,0
208.4049,disk0,941536653606912,2123998942,12931888450631109
208.4049,disk0w,2190284632064,19807613,1286285976045
208.4049,disk4,8022740666368,16168951,93077073235800
208.4049,disk4w,2195456,171,27582691
208.4049,disk8,7760738854912,7845172,65086482958762
208.4049,disk8w,355368960,46571,2468331488
208.4049,disk6,13925500733440,22702234,190689376710154
208.4049,disk6w,491520,70,201274851
208.4049,ram,221102080,65742127104,284365
208.4049,cpu,15834789,22700305,543307993
208.4049,gpu,0,0,0
208.6060,disk0,941538720645120,2124002520,12931898739876931
208.6060,disk0w,2190284660736,19807616,1286286043544
208.6060,disk4,8023508699136,16170525,93083366770086
208.6060,disk4w,2195456,171,27582691
208.6060,disk8,7761209534464,7845654,65087026101144
208.6060,disk8w,355368960,46571,2468331488
208.6060,disk6,13926761875456,22703834,190698764485659
208.6060,disk6w,491520,70,201274851
208.6060,ram,221102080,65742127104,284365
208.6060,cpu,15834789,22700305,543307993
208.6060,gpu,0,0,0
208.8040,disk0,941540338089984,2124005551,12931904996478312
208.8040,disk0w,2190284660736,19807616,1286286043544
208.8040,disk4,8024056727552,16171649,93087718169507
208.8040,disk4w,2195456,171,27582691
208.8040,disk8,7761617037312,7846072,65087493824294
208.8040,disk8w,355368960,46571,2468331488
208.8040,disk6,13928082114560,22705725,190714869655467
208.8040,disk6w,491520,70,201274851
208.8040,ram,221102080,65742127104,284365
208.8040,cpu,15834789,22700305,543307993
208.8040,gpu,0,0,0
209.0060,disk0,941542434799616,2124010135,12931915220458618
209.0060,disk0w,2190285025280,19807636,1286286377705
209.0060,disk4,8024670881792,16172876,93091163766345
209.0060,disk4w,2195456,171,27582691
209.0060,disk8,7762064910336,7846531,65087997731301
209.0060,disk8w,355368960,46571,2468331488
209.0060,disk6,13929472313344,22707877,190730480132698
209.0060,disk6w,491520,70,201274851
209.0060,ram,221102080,65742127104,284365
209.0060,cpu,15834789,22700305,543307993
209.0060,gpu,0,0,0
209.2060,disk0,941544403304448,2124014865,12931924472534227
209.2060,disk0w,2190285025280,19807636,1286286377705
209.2060,disk4,8025528985600,16174554,93097210305245
209.2060,disk4w,2195456,171,27582691
209.2060,disk8,7762512783360,7846990,65088521414601
209.2060,disk8w,355368960,46571,2468331488
209.2060,disk6,13930848016384,22710249,190746386382002
209.2060,disk6w,491520,70,201274851
209.2060,ram,250331136,64861519872,284365
209.2060,cpu,15834837,22700418,543309629
209.2060,gpu,0,0,0
209.4060,disk0,941546214793216,2124019260,12931935005705313
209.4060,disk0w,2190285029376,19807637,1286286385788
209.4060,disk4,8026292045824,16176063,93102733592290
209.4060,disk4w,2195456,171,27582691
209.4060,disk8,7762983462912,7847472,65089100600098
209.4060,disk8w,355368960,46571,2468331488
209.4060,disk6,13932111620096,22712365,190760758767417
209.4060,disk6w,491520,70,201274851
209.4060,ram,250331136,64861519872,284365
209.4060,cpu,15834837,22700418,543309629
209.4060,gpu,0,0,0
209.6050,disk0,941547549294592,2124024332,12931942088357190
209.6050,disk0w,2190285029376,19807637,1286286385788
209.6050,disk4,8027074856960,16177606,93108539149032
209.6050,disk4w,2195456,171,27582691
209.6050,disk8,7763320711168,7847818,65089489309557
209.6050,disk8w,355368960,46571,2468331488
209.6050,disk6,13933486372864,22714891,190781867271066
209.6050,disk6w,491520,70,201274851
209.6050,ram,250331136,64861519872,284365
209.6050,cpu,15834837,22700418,543309629
209.6050,gpu,0,0,0
209.8056,disk0,941549354504192,2124027760,12931949699451587
209.8056,disk0w,2190285029376,19807637,1286286385788
209.8056,disk4,8027854669824,16179179,93114668187792
209.8056,disk4w,2195456,171,27582691
209.8056,disk8,7763671918592,7848178,65090395022649
209.8056,disk8w,355368960,46571,2468331488
209.8056,disk6,13934613690368,22716798,190794466700352
209.8056,disk6w,491520,70,201274851
209.8056,ram,250331136,64861519872,284365
209.8056,cpu,15834837,22700418,543309629
209.8056,gpu,0,0,0
210.0024,disk0,941551196835840,2124033266,12931958007523170
210.0024,disk0w,2190285029376,19807637,1286286385788
210.0024,disk4,8028594120704,16180696,93118469448040
210.0024,disk4w,2195456,171,27582691
210.0024,disk8,7764230416384,7848750,65091097311748
210.0024,disk8w,355368960,46571,2468331488
210.0024,disk6,13935998728192,22718652,190807987297441
210.0024,disk6w,491520,70,201274851
210.0024,ram,250331136,64861519872,284365
210.0024,cpu,15834837,22700418,543309629
210.0024,gpu,0,0,0
210.2016,disk0,941553486127104,2124037102,12931968088112802
210.2016,disk0w,2190285029376,19807637,1286286385788
210.2016,disk4,8029260163072,16182062,93122503490592
210.2016,disk4w,2195456,171,27582691
210.2016,disk8,7764769646592,7849303,65091764082558
210.2016,disk8w,355368960,46571,2468331488
210.2016,disk6,13937349998592,22720336,190818482540568
210.2016,disk6w,491520,70,201274851
210.2016,ram,272941056,65949483008,284365
210.2016,cpu,15834895,22700549,543311225
210.2016,gpu,0,0,0
210.4060,disk0,941555754061824,2124042053,12931980124441579
210.4060,disk0w,2190285033472,19807638,1286286397079
210.4060,disk4,8030039443456,16183660,93127661655068
210.4060,disk4w,2195456,171,27582691
210.4060,disk8,7765396301824,7849945,65092619085714
210.4060,disk8w,355368960,46571,2468331488
210.4060,disk6,13938652100608,22722264,190830566032516
210.4060,disk6w,491520,70,201274851
210.4060,ram,272941056,65949483008,284365
210.4060,cpu,15834895,22700549,543311225
210.4060,gpu,0,0,0
210.6060,disk0,941557657849856,2124046166,12931990616290055
210.6060,disk0w,2190285033472,19807638,1286286397079
210.6060,disk4,8030826448896,16185214,93132458121095
210.6060,disk4w,2195456,171,27582691
210.6060,disk8,7765761992704,7850320,65092991755428
210.6060,disk8w,355368960,46571,2468331488
210.6060,disk6,13940006533120,22724434,190845596053294
210.6060,disk6w,491520,70,201274851
210.6060,ram,272941056,65949483008,284365
210.6060,cpu,15834895,22700549,543311225
210.6060,gpu,0,0,0
210.8060,disk0,941559734620160,2124050980,12932000827319032
210.8060,disk0w,2190285033472,19807638,1286286397079
210.8060,disk4,8031566432256,16186667,93137106540108
210.8060,disk4w,2195456,171,27582691
210.8060,disk8,7766367938560,7850941,65093811866259
210.8060,disk8w,355368960,46571,2468331488
210.8060,disk6,13941392361472,22726897,190861327623774
210.8060,disk6w,491520,70,201274851
210.8060,ram,272941056,65949483008,284365
210.8060,cpu,15834895,22700549,543311225
210.8060,gpu,0,0,0
211.0060,disk0,941561252352000,2124057208,12932008703021685
211.0060,disk0w,2190285033472,19807638,1286286397079
211.0060,disk4,8032339036160,16188193,93146061020102
211.0060,disk4w,2195456,171,27582691
211.0060,disk8,7766666520576,7851247,65094176929209
211.0060,disk8w,355368960,46571,2468331488
211.0060,disk6,13942677014528,22729149,190877562628967
211.0060,disk6w,491520,70,201274851
211.0060,ram,272941056,65949483008,284365
211.0060,cpu,15834895,22700549,543311225
211.0060,gpu,0,0,0
211.2050,disk0,941563006898176,2124060521,12932013494705957
211.2050,disk0w,2190285033472,19807638,1286286397079
211.2050,disk4,8033225181184,16189943,93153058488771
211.2050,disk4w,2195456,171,27582691
211.2050,disk8,7767096829952,7851688,65094668435520
211.2050,disk8w,355368960,46571,2468331488
211.2050,disk6,13944056334336,22731791,190898058599164
211.2050,disk6w,491520,70,201274851
211.2050,ram,311361536,64123961344,284365
211.2050,cpu,15834950,22700675,543312788
211.2050,gpu,0,0,0
211.4050,disk0,941564668256256,2124066856,12932024655668413
211.4050,disk0w,2190285037568,19807639,1286286405287
211.4050,disk4,8033819314176,16191158,93156664218402
211.4050,disk4w,2195456,171,27582691
211.4050,disk8,7767627900928,7852232,65095613768756
211.4050,disk8w,355368960,46571,2468331488
211.4050,disk6,13945209931776,22733493,190911083520179
211.4050,disk6w,491520,70,201274851
211.4050,ram,311361536,64123961344,284365
211.4050,cpu,15834950,22700675,543312788
211.4050,gpu,0,0,0
211.6060,disk0,941567110553600,2124071440,12932038121110525
211.6060,disk0w,2190285037568,19807639,1286286405287
211.6060,disk4,8034637744128,16192834,93161794661227
211.6060,disk4w,2195456,171,27582691
211.6060,disk8,7768203307008,7852822,65096460976098
211.6060,disk8w,355368960,46571,2468331488
211.6060,disk6,13946468452352,22734942,190918924435044
211.6060,disk6w,491520,70,201274851
211.6060,ram,311361536,64123961344,284365
211.6060,cpu,15834950,22700675,543312788
211.6060,gpu,0,0,0
211.8060,disk0,941569118969856,2124075393,12932045845655367
211.8060,disk0w,2190285037568,19807639,1286286405287
211.8060,disk4,8035515123712,16194633,93169333134052
211.8060,disk4w,2195456,171,27582691
211.8060,disk8,7768738998272,7853371,65097059765369
211.8060,disk8w,355368960,46571,2468331488
211.8060,disk6,13947749943296,22736729,190930169462352
211.8060,disk6w,491520,70,201274851
211.8060,ram,311361536,64123961344,284365
211.8060,cpu,15834950,22700675,543312788
211.8060,gpu,0,0,0
212.0060,disk0,941571025096704,2124079471,12932057602691269
212.0060,disk0w,2190285037568,19807639,1286286405287
212.0060,disk4,8036085401600,16195798,93173375871651
212.0060,disk4w,2195456,171,27582691
212.0060,disk8,7769254635520,7853899,65097837228576
212.0060,disk8w,355368960,46571,2468331488
212.0060,disk6,13949016557568,22738526,190942519030698
212.0060,disk6w,491520,70,201274851
212.0060,ram,311361536,64123961344,284365
212.0060,cpu,15834950,22700675,543312788
212.0060,gpu,0,0,0
212.2039,disk0,941573069279232,2124084187,12932068097355030
212.2039,disk0w,2190285037568,19807639,1286286405287
212.2039,disk4,8036787292160,16197158,93177650360689
212.2039,disk4w,2195456,171,27582691
212.2039,disk8,7769766471680,7854424,65098496229780
212.2039,disk8w,355368960,46571,2468331488
212.2039,disk6,13950372038656,22740962,190959339555970
212.2039,disk6w,491520,70,201274851
212.2039,ram,247382016,66087550976,284365
212.2039,cpu,15835042,22700835,543314459
212.2039,gpu,0,0,0
212.4060,disk0,941575164301312,2124088989,12932077907335572
212.4060,disk0w,2190285041664,19807640,1286286417245
212.4060,disk4,8037712242688,16198987,93184307243280
212.4060,disk4w,2195456,171,27582691
212.4060,disk8,7770381199360,7855054,65099330210858
212.4060,disk8w,355368960,46571,2468331488
212.4060,disk6,13951684675584,22743172,190972049514978
212.4060,disk6w,491520,70,201274851
212.4060,ram,247382016,66087550976,284365
212.4060,cpu,15835042,22700835,543314459
212.4060,gpu,0,0,0
212.6060,disk0,941577007161344,2124099970,12932090693230647
212.6060,disk0w,2190285045760,19807641,1286286469703
212.6060,disk4,8038234949632,16200022,93187666617246
212.6060,disk4w,2195456,171,27582691
212.6060,disk8,7770899326976,7855585,65100066510052
212.6060,disk8w,355368960,46571,2468331488
212.6060,disk6,13953045956608,22745497,190988490383442
212.6060,disk6w,491520,70,201274851
212.6060,ram,247382016,66087550976,284365
212.6060,cpu,15835042,22700835,543314459
212.6060,gpu,0,0,0
212.8060,disk0,941578774659072,2124103108,12932098081720301
212.8060,disk0w,2190285045760,19807641,1286286469703
212.8060,disk4,8038856968192,16201276,93192123385336
212.8060,disk4w,2195456,171,27582691
212.8060,disk8,7771384326144,7856082,65101787510552
212.8060,disk8w,355368960,46571,2468331488
212.8060,disk6,13954171504640,22747423,191001551689007
212.8060,disk6w,491520,70,201274851
212.8060,ram,247382016,66087550976,284365
212.8060,cpu,15835042,22700835,543314459
212.8060,gpu,0,0,0
213.0020,disk0,941580591661056,2124106637,12932103653968377
213.0020,disk0w,2190285045760,19807641,1286286469703
213.0020,disk4,8039518521344,16202634,93196177369437
213.0020,disk4w,2195456,171,27582691
213.0020,disk8,7771882792960,7856593,65102417524213
213.0020,disk8w,355368960,46571,2468331488
213.0020,disk6,13955546499072,22749347,191017740879777
213.0020,disk6w,491520,70,201274851
213.0020,ram,247382016,66087550976,284365
213.0020,cpu,15835042,22700835,543314459
213.0020,gpu,0,0,0
213.2060,disk0,941582635044864,2124110034,12932111861515439
213.2060,disk0w,2190285045760,19807641,1286286469703
213.2060,disk4,8040466982912,16204578,93205124236913
213.2060,disk4w,2195456,171,27582691
213.2060,disk8,7772396333056,7857119,65103000741366
213.2060,disk8w,355368960,46571,2468331488
213.2060,disk6,13956818421760,22750953,191027028770092
213.2060,disk6w,491520,70,201274851
213.2060,ram,259031040,65739718656,284365
213.2060,cpu,15835144,22700983,543315901
213.2060,gpu,0,0,0
213.4025,disk0,941584465559552,2124113781,12932120319450749
213.4025,disk0w,2190285058048,19807644,1286286533077
213.4025,disk4,8041217984512,16206118,93215213662643
213.4025,disk4w,2195456,171,27582691
213.4025,disk8,7772927830016,7857664,65103624042634
213.4025,disk8w,355368960,46571,2468331488
213.4025,disk6,13957968873472,22752729,191037645921181
213.4025,disk6w,491520,70,201274851
213.4025,ram,259031040,65739718656,284365
213.4025,cpu,15835144,22700983,543315901
213.4025,gpu,0,0,0
213.6060,disk0,941586376314880,2124118180,12932128250173566
213.6060,disk0w,2190285058048,19807644,1286286533077
213.6060,disk4,8041797044224,16207283,93218661053917
213.6060,disk4w,2195456,171,27582691
213.6060,disk8,7773314230272,7858060,65104012287626
213.6060,disk8w,355368960,46571,2468331488
213.6060,disk6,13959408224256,22754912,191054542346294
213.6060,disk6w,491520,70,201274851
213.6060,ram,259031040,65739718656,284365
213.6060,cpu,15835144,22700983,543315901
213.6060,gpu,0,0,0
213.8060,disk0,941588285657088,2124122722,12932139498497117
213.8060,disk0w,2190285062144,19807645,1286286558243
213.8060,disk4,8042340091904,16208340,93220831683150
213.8060,disk4w,2195456,171,27582691
213.8060,disk8,7773840091136,7858599,65104629426316
213.8060,disk8w,355368960,46571,2468331488
213.8060,disk6,13960795441152,22757486,191073914356611
213.8060,disk6w,491520,70,201274851
213.8060,ram,259031040,65739718656,284365
213.8060,cpu,15835144,22700983,543315901
213.8060,gpu,0,0,0
214.0060,disk0,941590102605824,2124126805,12932146510384775
214.0060,disk0w,2190285062144,19807645,1286286558243
214.0060,disk4,8043140466688,16209924,93229933480269
214.0060,disk4w,2195456,171,27582691
214.0060,disk8,7774332921856,7859104,65105238166438
214.0060,disk8w,355368960,46571,2468331488
214.0060,disk6,13962088384512,22759829,191089976785431
214.0060,disk6w,491520,70,201274851
214.0060,ram,259031040,65739718656,284365
214.0060,cpu,15835144,22700983,543315901
214.0060,gpu,0,0,0
214.2053,disk0,941591865950208,2124136593,12932157624830991
214.2053,disk0w,2190285066240,19807646,1286286570243
214.2053,disk4,8043692148736,16211011,93232850562245
214.2053,disk4w,2195456,171,27582691
214.2053,disk8,7774848559104,7859632,65105831336844
214.2053,disk8w,355368960,46571,2468331488
214.2053,disk6,13963466065920,22762314,191111011084311
214.2053,disk6w,491520,70,201274851
214.2053,ram,314146816,64158253056,284365
214.2053,cpu,15835249,22701148,543317554
214.2053,gpu,0,0,0
214.4050,disk0,941593664466944,2124139946,12932167386087558
214.4050,disk0w,2190285066240,19807646,1286286570243
214.4050,disk4,8044236113920,16212110,93235428460929
214.4050,disk4w,2195456,171,27582691
214.4050,disk8,7775320598528,7860116,65107229574338
214.4050,disk8w,355368960,46571,2468331488
214.4050,disk6,13964671539200,22764419,191126173579900
214.4050,disk6w,491520,70,201274851
214.4050,ram,314146816,64158253056,284365
214.4050,cpu,15835249,22701148,543317554
214.4050,gpu,0,0,0
214.6060,disk0,941595527385088,2124144769,12932177651176598
214.6060,disk0w,2190285066240,19807646,1286286570243
214.6060,disk4,8044912216064,16213495,93241151074719
214.6060,disk4w,2195456,171,27582691
214.6060,disk8,7775890368512,7860700,65107952832481
214.6060,disk8w,355368960,46571,2468331488
214.6060,disk6,13965994039296,22766313,191139611807145
214.6060,disk6w,491520,70,201274851
214.6060,ram,314146816,64158253056,284365
214.6060,cpu,15835249,22701148,543317554
214.6060,gpu,0,0,0
214.8050,disk0,941597833519104,2124148527,12932189402156809
214.8050,disk0w,2190285099008,19807654,1286286730490
214.8050,disk4,8045624969216,16214957,93248377987032
214.8050,disk4w,2195456,171,27582691
214.8050,disk8,7776423962624,7861247,65108513971181
214.8050,disk8w,355368960,46571,2468331488
214.8050,disk6,13967161743360,22767799,191146088344893
214.8050,disk6w,491520,70,201274851
214.8050,ram,314146816,64158253056,284365
214.8050,cpu,15835249,22701148,543317554
214.8050,gpu,32,10,0
215.0060,disk0,941599603515392,2124152163,12932196576943641
215.0060,disk0w,2190285099008,19807654,1286286730490
215.0060,disk4,8046427564032,16216601,93258455874522
215.0060,disk4w,2195456,171,27582691
215.0060,disk8,7776917841920,7861753,65109045131985
215.0060,disk8w,355368960,46571,2468331488
215.0060,disk6,13968384759808,22769633,191157359002448
215.0060,disk6w,491520,70,201274851
215.0060,ram,314146816,64158253056,284365
215.0060,cpu,15835249,22701148,543317554
215.0060,gpu,0,0,0
215.2060,disk0,941601612488704,2124156679,12932206962448545
215.2060,disk0w,2190285103104,19807655,1286286748115
215.2060,disk4,8047243364352,16218238,93264267131212
215.2060,disk4w,2195456,171,27582691
215.2060,disk8,7777362569216,7862209,65109521748712
215.2060,disk8w,355368960,46571,2468331488
215.2060,disk6,13969736079360,22771646,191171177269325
215.2060,disk6w,491520,70,201274851
215.2060,ram,284917760,65903214592,284365
215.2060,cpu,15835344,22701277,543319075
215.2060,gpu,0,0,0
215.4057,disk0,941603404783616,2124160944,12932214976671470
215.4057,disk0w,2190285107200,19807656,1286286778115
215.4057,disk4,8047802402816,16219330,93266769133919
215.4057,disk4w,2195456,171,27582691
215.4057,disk8,7777868376064,7862727,65110110558626
215.4057,disk8w,355368960,46571,2468331488
215.4057,disk6,13971148908544,22774254,191192644320033
215.4057,disk6w,491520,70,201274851
215.4057,ram,284917760,65903214592,284365
215.4057,cpu,15835344,22701277,543319075
215.4057,gpu,0,0,0
215.6060,disk0,941605423411200,2124165540,12932224420468948
215.6060,disk0w,2190285107200,19807656,1286286778115
215.6060,disk4,8048535193600,16220779,93271821491445
215.6060,disk4w,2195456,171,27582691
215.6060,disk8,7778346133504,7863217,65110636524047
215.6060,disk8w,355368960,46571,2468331488
215.6060,disk6,13972505864192,22776703,191209868643704
215.6060,disk6w,491520,70,201274851
215.6060,ram,284917760,65903214592,284365
215.6060,cpu,15835344,22701277,543319075
215.6060,gpu,0,0,0
215.8060,disk0,941607339171840,2124175463,12932236661889601
215.8060,disk0w,2190285107200,19807656,1286286778115
215.8060,disk4,8049254631424,16222196,93276489701262
215.8060,disk4w,2195456,171,27582691
215.8060,disk8,7778899388416,7863784,65111355753525
215.8060,disk8w,355368960,46571,2468331488
215.8060,disk6,13973889132544,22779343,191228298565653
215.8060,disk6w,491520,70,201274851
215.8060,ram,284917760,65903214592,284365
215.8060,cpu,15835344,22701277,543319075
215.8060,gpu,0,0,0
216.0057,disk0,941609125257216,2124181564,12932246717104619
216.0057,disk0w,2190285287424,19807658,1286286812739
216.0057,disk4,8049934641152,16223587,93280973306043
216.0057,disk4w,2195456,171,27582691
216.0057,disk8,7779514001408,7864414,65113276762760
216.0057,disk8w,355368960,46571,2468331488
216.0057,disk6,13975025133568,22781167,191239276123919
216.0057,disk6w,491520,70,201274851
216.0057,ram,284917760,65903214592,284365
216.0057,cpu,15835344,22701277,543319075
216.0057,gpu,0,0,0
216.2060,disk0,941611457863680,2124185651,12932258451446982
216.2060,disk0w,2190285291520,19807659,1286286826864
216.2060,disk4,8050693507072,16225144,93285485310014
216.2060,disk4w,2195456,171,27582691
216.2060,disk8,7780119947264,7865035,65114079263712
216.2060,disk8w,355368960,46571,2468331488
216.2060,disk6,13976368277504,22782800,191248751790780
216.2060,disk6w,491520,70,201274851
216.2060,ram,303005696,65750794240,284365
216.2060,cpu,15835403,22701413,543320604
216.2060,gpu,0,0,0
216.4020,disk0,941613432991744,2124189451,12932267795811745
216.4020,disk0w,2190285291520,19807659,1286286826864
216.4020,disk4,8051337897984,16226464,93288689916818
216.4020,disk4w,2195456,171,27582691
216.4020,disk8,7780729038848,7865659,65114971288333
216.4020,disk8w,355368960,46571,2468331488
216.4020,disk6,13977681537024,22784754,191263396064308
216.4020,disk6w,491520,70,201274851
216.4020,ram,303005696,65750794240,284365
216.4020,cpu,15835403,22701413,543320604
216.4020,gpu,0,0,0
216.6054,disk0,941615425490944,2124193612,12932277983762256
216.6054,disk0w,2190285291520,19807659,1286286826864
216.6054,disk4,8052077266944,16227977,93293986560104
216.6054,disk4w,2195456,171,27582691
216.6054,disk8,7781270366208,7866214,65115589983564
216.6054,disk8w,355368960,46571,2468331488
216.6054,disk6,13978959063040,22786697,191277097829838
216.6054,disk6w,491520,70,201274851
216.6054,ram,303005696,65750794240,284365
216.6054,cpu,15835403,22701413,543320604
216.6054,gpu,0,0,0
216.8060,disk0,941617660440576,2124198830,12932291597901517
216.8060,disk0w,2190285291520,19807659,1286286826864
216.8060,disk4,8052562954240,16228918,93296659986578
216.8060,disk4w,2195456,171,27582691
216.8060,disk8,7781779712000,7866736,65116161231886
216.8060,disk8w,355368960,46571,2468331488
216.8060,disk6,13980354062336,22789424,191296039115564
216.8060,disk6w,491520,70,201274851
216.8060,ram,303005696,65750794240,284365
216.8060,cpu,15835403,22701413,543320604
216.8060,gpu,0,0,0
217.0060,disk0,941619370852352,2124202340,12932298569524227
217.0060,disk0w,2190287187968,19807939,1286293470234
217.0060,disk4,8053444904960,16230661,93303713106453
217.0060,disk4w,2195456,171,27582691
217.0060,disk8,7782376876032,7867348,65116889692596
217.0060,disk8w,355368960,46571,2468331488
217.0060,disk6,13981734643712,22791900,191312575035870
217.0060,disk6w,491520,70,201274851
217.0060,ram,303005696,65750794240,284365
217.0060,cpu,15835403,22701413,543320604
217.0060,gpu,0,0,0
217.2060,disk0,941621256937472,2124210910,12932311266856623
217.2060,disk0w,2190287192064,19807940,1286293480234
217.2060,disk4,8054226020352,16232200,93309290684648
217.2060,disk4w,2195456,171,27582691
217.2060,disk8,7782895003648,7867879,65117596443791
217.2060,disk8w,355368960,46571,2468331488
217.2060,disk6,13983132514304,22794297,191327450952441
217.2060,disk6w,491520,70,201274851
217.2060,ram,319422464,64185040896,284365
217.2060,cpu,15835468,22701571,543322249
217.2060,gpu,0,0,0
217.4060,disk0,941623170113536,2124214342,12932319615742736
217.4060,disk0w,2190287192064,19807940,1286293480234
217.4060,disk4,8054836250624,16233431,93312923173717
217.4060,disk4w,2195456,171,27582691
217.4060,disk8,7783298885632,7868293,65118895845523
217.4060,disk8w,355368960,46571,2468331488
217.4060,disk6,13984333297664,22796351,191341694809854
217.4060,disk6w,491520,70,201274851
217.4060,ram,319422464,64185040896,284365
217.4060,cpu,15835468,22701571,543322249
217.4060,gpu,0,0,0
217.6060,disk0,941625046851584,2124221301,12932330005807071
217.6060,disk0w,2190287192064,19807940,1286293480234
217.6060,disk4,8055492691968,16234777,93317335493878
217.6060,disk4w,2195456,171,27582691
217.6060,disk8,7783781885952,7868788,65119498042973
217.6060,disk8w,355368960,46571,2468331488
217.6060,disk6,13985742043136,22798389,191356438034827
217.6060,disk6w,491520,70,201274851
217.6060,ram,319422464,64185040896,284365
217.6060,cpu,15835468,22701571,543322249
217.6060,gpu,0,0,0
217.8050,disk0,941627154407424,2124224802,12932339422012470
217.8050,disk0w,2190287192064,19807940,1286293480234
217.8050,disk4,8056113285120,16236047,93321522508453
217.8050,disk4w,2195456,171,27582691
217.8050,disk8,7784361486336,7869382,65120121526121
217.8050,disk8w,355368960,46571,2468331488
217.8050,disk6,13987113940992,22800314,191369431200560
217.8050,disk6w,491520,70,201274851
217.8050,ram,319422464,64185040896,284365
217.8050,cpu,15835468,22701571,543322249
217.8050,gpu,0,0,0
218.0060,disk0,941629527760896,2124229651,12932353842294409
218.0060,disk0w,2190287192064,19807940,1286293480234
218.0060,disk4,8056850647040,16237557,93326505224570
218.0060,disk4w,2195456,171,27582691
218.0060,disk8,7785015535616,7870052,65121121372110
218.0060,disk8w,355368960,46571,2468331488
218.0060,disk6,13988335286272,22802149,191377683863819
218.0060,disk6w,491520,70,201274851
218.0060,ram,319422464,64185040896,284365
218.0060,cpu,15835468,22701571,543322249
218.0060,gpu,0,0,0
218.2060,disk0,941631468478464,2124234009,12932362942572437
218.2060,disk0w,2190287196160,19807941,1286293489734
218.2060,disk4,8057474631680,16238798,93330875835993
218.2060,disk4w,2195456,171,27582691
218.2060,disk8,7785412814848,7870459,65121598693857
218.2060,disk8w,355368960,46571,2468331488
218.2060,disk6,13989746145280,22804607,191397631994829
218.2060,disk6w,491520,70,201274851
218.2060,ram,326156288,65937375232,284365
218.2060,cpu,15835528,22701703,543323751
218.2060,gpu,0,0,0
218.4060,disk0,941633538809856,2124238541,12932373676855584
218.4060,disk0w,2190287196160,19807941,1286293489734
218.4060,disk4,8058049103872,16239928,93333428302525
218.4060,disk4w,2195456,171,27582691
218.4060,disk8,7785962924032,7871023,65122340096919
218.4060,disk8w,355368960,46571,2468331488
218.4060,disk6,13991147124736,22807151,191415202207374
218.4060,disk6w,491520,70,201274851
218.4060,ram,326156288,65937375232,284365
218.4060,cpu,15835528,22701703,543323751
218.4060,gpu,0,0,0
218.6012,disk0,941635245629440,2124247816,12932385968699121
218.6012,disk0w,2190287200256,19807942,1286293508692
218.6012,disk4,8058784434176,16241383,93339551820937
218.6012,disk4w,2195456,171,27582691
218.6012,disk8,7786390087680,7871461,65122842865483
218.6012,disk8w,355368960,46571,2468331488
218.6012,disk6,13992482453504,22809458,191432340826055
218.6012,disk6w,491520,70,201274851
218.6012,ram,326156288,65937375232,284365
218.6012,cpu,15835528,22701703,543323751
218.6012,gpu,0,0,0
218.8050,disk0,941637100584960,2124252583,12932394948919614
218.8050,disk0w,2190287200256,19807942,1286293508692
218.8050,disk4,8059447928832,16242700,93343755729972
218.8050,disk4w,2195456,171,27582691
218.8050,disk8,7786826295296,7871907,65123429668960
218.8050,disk8w,355368960,46571,2468331488
218.8050,disk6,13993621452800,22811698,191445456118177
218.8050,disk6w,491520,70,201274851
218.8050,ram,326156288,65937375232,284365
218.8050,cpu,15835528,22701703,543323751
218.8050,gpu,0,0,0
219.0050,disk0,941639245692928,2124257458,12932405723966607
219.0050,disk0w,2190287204352,19807943,1286293522358
219.0050,disk4,8060100061184,16244039,93347481986076
219.0050,disk4w,2195456,171,27582691
219.0050,disk8,7787470153728,7872568,65125196715799
219.0050,disk8w,355368960,46571,2468331488
219.0050,disk6,13994912331776,22813568,191458690954196
219.0050,disk6w,491520,70,201274851
219.0050,ram,326156288,65937375232,284365
219.0050,cpu,15835528,22701703,543323751
219.0050,gpu,0,0,0
219.2060,disk0,941641043709952,2124260620,12932413913264810
219.2060,disk0w,2190287208448,19807944,1286293546774
219.2060,disk4,8060687370240,16245242,93350565720173
219.2060,disk4w,2195456,171,27582691
219.2060,disk8,7787903608832,7873012,65125674555319
219.2060,disk8w,355368960,46571,2468331488
219.2060,disk6,13996241156096,22815116,191471710275889
219.2060,disk6w,491520,70,201274851
219.2060,ram,345997312,65859551232,284365
219.2060,cpu,15835588,22701842,543325422
219.2060,gpu,0,0,0
219.4014,disk0,941643109867520,2124264571,12932424170206808
219.4014,disk0w,2190287208448,19807944,1286293546774
219.4014,disk4,8061502654464,16246915,93356409500217
219.4014,disk4w,2195456,171,27582691
219.4014,disk8,7788409808896,7873531,65126312366646
219.4014,disk8w,355368960,46571,2468331488
219.4014,disk6,13997492402176,22816939,191482667321490
219.4014,disk6w,491520,70,201274851
219.4014,ram,345997312,65859551232,284365
219.4014,cpu,15835588,22701842,543325422
219.4014,gpu,0,0,0
219.6058,disk0,941644996046848,2124268629,12932432241503005
219.6058,disk0w,2190287208448,19807944,1286293546774
219.6058,disk4,8062327375872,16248593,93362270291736
219.6058,disk4w,2195456,171,27582691
219.6058,disk8,7788848900096,7873981,65126806393453
219.6058,disk8w,355368960,46571,2468331488
219.6058,disk6,13998887106560,22818977,191498418824684
219.6058,disk6w,491520,70,201274851
219.6058,ram,345997312,65859551232,284365
219.6058,cpu,15835588,22701842,543325422
219.6058,gpu,0,0,0
219.8060,disk0,941647031283712,2124273633,12932443391514745
219.8060,disk0w,2190287208448,19807944,1286293546774
219.8060,disk4,8062886414336,16249678,93364417691333
219.8060,disk4w,2195456,171,27582691
219.8060,disk8,7789375809536,7874521,65127555068409
219.8060,disk8w,355368960,46571,2468331488
219.8060,disk6,14000303077376,22821563,191518519699431
219.8060,disk6w,491520,70,201274851
219.8060,ram,345997312,65859551232,284365
219.8060,cpu,15835588,22701842,543325422
219.8060,gpu,0,0,0
220.0060,disk0,941648932519936,2124277732,12932450575219676
220.0060,disk0w,2190287212544,19807945,1286293558357
220.0060,disk4,8063634655232,16251162,93369039145255
220.0060,disk4w,2195456,171,27582691
220.0060,disk8,7789858809856,7875016,65128115526750
220.0060,disk8w,355368960,46571,2468331488
220.0060,disk6,14001717983232,22823921,191535847152179
220.0060,disk6w,491520,70,201274851
220.0060,ram,345997312,65859551232,284365
220.0060,cpu,15835588,22701842,543325422
220.0060,gpu,0,0,0
220.2019,disk0,941650812207104,2124283470,12932458992107764
220.2019,disk0w,2190287212544,19807945,1286293558357
220.2019,disk4,8064073336832,16252029,93370676529803
220.2019,disk4w,2195456,171,27582691
220.2019,disk8,7790482319360,7875655,65129215109068
220.2019,disk8w,355368960,46571,2468331488
220.2019,disk6,14003094468608,22826465,191557897983260
220.2019,disk6w,491520,70,201274851
220.2019,ram,202620928,64368803840,284365
220.2019,cpu,15835650,22701979,543327016
220.2019,gpu,0,0,0
220.4060,disk0,941652794384384,2124287214,12932470275375517
220.4060,disk0w,2190287716352,19807955,1286293813229
220.4060,disk4,8064616540160,16253127,93373404124420
220.4060,disk4w,2195456,171,27582691
220.4060,disk8,7790930176000,7876114,65130031616952
220.4060,disk8w,355368960,46571,2468331488
220.4060,disk6,14004334966784,22828613,191573136535561
220.4060,disk6w,491520,70,201274851
220.4060,ram,203751424,64368295936,284365
220.4060,cpu,15835651,22701980,543327053
220.4060,gpu,0,0,0
220.6060,disk0,941654808285184,2124292855,12932480722752365
220.6060,disk0w,2190287716352,19807955,1286293813229
220.6060,disk4,8065409648640,16254753,93379802904504
220.6060,disk4w,2195456,171,27582691
220.6060,disk8,7791439521792,7876636,65130662779652
220.6060,disk8w,355368960,46571,2468331488
220.6060,disk6,14005708175360,22830376,191583660125507
220.6060,disk6w,491520,70,201274851
220.6060,ram,203751424,64368295936,284365
220.6060,cpu,15835651,22701980,543327053
220.6060,gpu,0,0,0
220.8060,disk0,941657110827008,2124297022,12932492026396043
220.8060,disk0w,2190289027072,19807968,1286294350973
220.8060,disk4,8066210056192,16256393,93385010895887
220.8060,disk4w,2195456,171,27582691
220.8060,disk8,7791940085760,7877149,65131272829061
220.8060,disk8w,355368960,46571,2468331488
220.8060,disk6,14007000168448,22832129,191593853437430
220.8060,disk6w,491520,70,201274851
220.8060,ram,203751424,64368295936,284365
220.8060,cpu,15835651,22701980,543327053
220.8060,gpu,0,0,0
221.0024,disk0,941659331178496,2124301919,12932503511456985
221.0024,disk0w,2190289031168,19807969,1286294365056
221.0024,disk4,8066919524352,16257847,93389262919143
221.0024,disk4w,2195456,171,27582691
221.0024,disk8,7792493340672,7877716,65131967208704
221.0024,disk8w,355368960,46571,2468331488
221.0024,disk6,14008352176128,22833972,191605089731609
221.0024,disk6w,491520,70,201274851
221.0024,ram,203751424,64368295936,284365
221.0024,cpu,15835651,22701980,543327053
221.0024,gpu,27,7,0
221.2036,disk0,941661384060928,2124306547,12932512868003730
221.2036,disk0w,2190289031168,19807969,1286294365056
221.2036,disk4,8067688073216,16259374,93396129993937
221.2036,disk4w,2195456,171,27582691
221.2036,disk8,7793020250112,7878256,65132555243195
221.2036,disk8w,355368960,46571,2468331488
221.2036,disk6,14009665681408,22836268,191621119806045
221.2036,disk6w,491520,70,201274851
221.2036,ram,117964800,66324217856,284477
221.2036,cpu,15835704,22702106,543328616
221.2036,gpu,0,0,0
221.4060,disk0,941663397720064,2124311272,12932522439838363
221.4060,disk0w,2190289031168,19807969,1286294365056
221.4060,disk4,8068481894400,16260932,93400643317492
221.4060,disk4w,2195456,171,27582691
221.4060,disk8,7793599850496,7878850,65133257864424
221.4060,disk8w,355368960,46571,2468331488
221.4060,disk6,14011056289792,22838707,191636681633653
221.4060,disk6w,491520,70,201274851
221.4060,ram,117964800,66324217856,284477
221.4060,cpu,15835704,22702106,543328616
221.4060,gpu,0,0,0
221.6060,disk0,941665286549504,2124318957,12932534749892357
221.6060,disk0w,2190289276928,19807972,1286294448889
221.6060,disk4,8069223467008,16262394,93404943636881
221.6060,disk4w,2195456,171,27582691
221.6060,disk8,7794045626368,7879307,65133786293232
221.6060,disk8w,355368960,46571,2468331488
221.6060,disk6,14012424173568,22841086,191653854564975
221.6060,disk6w,491520,70,201274851
221.6060,ram,117964800,66324217856,284477
221.6060,cpu,15835704,22702106,543328616
221.6060,gpu,0,0,0
221.8061,disk0,941667156422656,2124322257,12932541439397576
221.8061,disk0w,2190289276928,19807972,1286294448889
221.8061,disk4,8069758797824,16263460,93407416234308
221.8061,disk4w,2195456,171,27582691
221.8061,disk8,7794539505664,7879813,65134471293441
221.8061,disk8w,355368960,46571,2468331488
221.8061,disk6,14013837195264,22843715,191675514414076
221.8061,disk6w,491520,70,201274851
221.8061,ram,117964800,66324217856,284477
221.8061,cpu,15835704,22702106,543328616
221.8061,gpu,0,0,0
222.0060,disk0,941669054824448,2124325709,12932549139865186
222.0060,disk0w,2190289281024,19807973,1286294458305
222.0060,disk4,8070364039168,16264699,93413139429205
222.0060,disk4w,2195456,171,27582691
222.0060,disk8,7795116566528,7880404,65135820492443
222.0060,disk8w,355368960,46571,2468331488
222.0060,disk6,14014953846784,22845456,191688186307698
222.0060,disk6w,491520,70,201274851
222.0060,ram,117964800,66324217856,284477
222.0060,cpu,15835704,22702106,543328616
222.0060,gpu,0,0,0
222.2060,disk0,941671201079296,2124329538,12932559926199532
222.2060,disk0w,2190289281024,19807973,1286294458305
222.2060,disk4,8071141124096,16266291,93420623175458
222.2060,disk4w,2195456,171,27582691
222.2060,disk8,7795804039168,7881109,65136859962403
222.2060,disk8w,355368960,46571,2468331488
222.2060,disk6,14016140376064,22846820,191695486504867
222.2060,disk6w,491520,70,201274851
222.2060,ram,108314624,66097872896,284492
222.2060,cpu,15835762,22702246,543330204
222.2060,gpu,0,0,0
222.4060,disk0,941673297514496,2124333319,12932569023856092
222.4060,disk0w,2190289281024,19807973,1286294458305
222.4060,disk4,8072168114176,16268399,93432312004775
222.4060,disk4w,2195456,171,27582691
222.4060,disk8,7796374857728,7881694,65137638425751
222.4060,disk8w,355368960,46571,2468331488
222.4060,disk6,14017310144512,22848457,191702773882482
222.4060,disk6w,491520,70,201274851
222.4060,ram,108314624,66097872896,284492
222.4060,cpu,15835762,22702246,543330204
222.4060,gpu,43,7,0
222.6061,disk0,941675611574272,2124337933,12932582406562919
222.6061,disk0w,2190289281024,19807973,1286294458305
222.6061,disk4,8072938915840,16269976,93437923410215
222.6061,disk4w,2195456,171,27582691
222.6061,disk8,7796892985344,7882225,65138301775493
222.6061,disk8w,355368960,46571,2468331488
222.6061,disk6,14018586277888,22850313,191712094777023
222.6061,disk6w,491520,70,201274851
222.6061,ram,108314624,66097872896,284492
222.6061,cpu,15835762,22702246,543330204
222.6061,gpu,0,0,0
222.8050,disk0,941677950210048,2124343257,12932597665139931
222.8050,disk0w,2190289281024,19807973,1286294458305
222.8050,disk4,8073655879680,16271365,93442198093827
222.8050,disk4w,2195456,171,27582691
222.8050,disk8,7797367203840,7882711,65138796013794
222.8050,disk8w,355368960,46571,2468331488
222.8050,disk6,14019923228672,22852640,191726039268368
222.8050,disk6w,491520,70,201274851
222.8050,ram,108314624,66097872896,284492
222.8050,cpu,15835762,22702246,543330204
222.8050,gpu,0,0,0
223.0061,disk0,941680087928832,2124348341,12932608111566488
223.0061,disk0w,2190289285120,19807974,1286294482971
223.0061,disk4,8074505209856,16273047,93447695419396
223.0061,disk4w,2195456,171,27582691
223.0061,disk8,7797902895104,7883260,65139478584441
223.0061,disk8w,355368960,46571,2468331488
223.0061,disk6,14021309347840,22855144,191743173103300
223.0061,disk6w,491520,70,201274851
223.0061,ram,108314624,66097872896,284492
223.0061,cpu,15835762,22702246,543330204
223.0061,gpu,0,0,0
223.2061,disk0,941681771909120,2124355013,12932616593717308
223.2061,disk0w,2190289285120,19807974,1286294482971
223.2061,disk4,8075136911360,16274294,93450447782113
223.2061,disk4w,2195456,171,27582691
223.2061,disk8,7798350768128,7883719,65139955007451
223.2061,disk8w,355368960,46571,2468331488
223.2061,disk6,14022704216064,22857533,191765230311847
223.2061,disk6w,491520,70,201274851
223.2061,ram,164675584,64143835136,284492
223.2061,cpu,15835825,22702394,543331773
223.2061,gpu,0,0,0
223.4036,disk0,941683365384192,2124357886,12932625626286175
223.4036,disk0w,2190290661376,19808178,1286300019661
223.4036,disk4,8075544692736,16275114,93452318696470
223.4036,disk4w,2195456,171,27582691
223.4036,disk8,7798754699264,7884133,65140780866055
223.4036,disk8w,355368960,46571,2468331488
223.4036,disk6,14023761967104,22859484,191779997134206
223.4036,disk6w,491520,70,201274851
223.4036,ram,164675584,64143835136,284492
223.4036,cpu,15835826,22702394,543331804
223.4036,gpu,0,0,0
223.6050,disk0,941685335855104,2124371264,12932643012702529
223.6050,disk0w,2190290661376,19808178,1286300019661
223.6050,disk4,8076165531648,16276386,93456536491080
223.6050,disk4w,2195456,171,27582691
223.6050,disk8,7799290390528,7884682,65141580737499
223.6050,disk8w,355368960,46571,2468331488
223.6050,disk6,14025105520640,22861569,191793260817428
223.6050,disk6w,491520,70,201274851
223.6050,ram,164675584,64143835136,284492
223.6050,cpu,15835826,22702394,543331804
223.6050,gpu,0,0,0
223.8061,disk0,941687386820608,2124374684,12932652741389142
223.8061,disk0w,2190290665472,19808179,1286300028786
223.8061,disk4,8076865325056,16277821,93461149141451
223.8061,disk4w,2195456,171,27582691
223.8061,disk8,7799843645440,7885249,65142410399065
223.8061,disk8w,355368960,46571,2468331488
223.8061,disk6,14026436376576,22863273,191804023202497
223.8061,disk6w,491520,70,201274851
223.8061,ram,164675584,64143835136,284492
223.8061,cpu,15835826,22702394,543331804
223.8061,gpu,33,7,0
224.0049,disk0,941689581490176,2124378881,12932663095273035
224.0049,disk0w,2190290665472,19808179,1286300028786
224.0049,disk4,8077532121088,16279188,93466967722820
224.0049,disk4w,2195456,171,27582691
224.0049,disk8,7800396900352,7885816,65143086183465
224.0049,disk8w,355368960,46571,2468331488
224.0049,disk6,14027730388992,22865135,191815611286326
224.0049,disk6w,491520,70,201274851
224.0049,ram,164675584,64143835136,284492
224.0049,cpu,15835826,22702394,543331804
224.0049,gpu,0,0,0
224.2061,disk0,941691640635392,2124383387,12932674173669246
224.2061,disk0w,2190291021824,19808245,1286301390596
224.2061,disk4,8078309967872,16280750,93473384389363
224.2061,disk4w,2195456,171,27582691
224.2061,disk8,7800844773376,7886275,65143782462527
224.2061,disk8w,355368960,46571,2468331488
224.2061,disk6,14029058295808,22867068,191828023998562
224.2061,disk6w,491520,70,201274851
224.2061,ram,189890560,66003304448,284492
224.2061,cpu,15835882,22702524,543333331
224.2061,gpu,0,0,0
224.4061,disk0,941693826113536,2124388657,12932686230689396
224.4061,disk0w,2190291021824,19808245,1286301390596
224.4061,disk4,8079111374848,16282316,93477133089087
224.4061,disk4w,2195456,171,27582691
224.4061,disk8,7801354119168,7886797,65144477718272
224.4061,disk8w,355368960,46571,2468331488
224.4061,disk6,14030452590592,22869537,191844255525940
224.4061,disk6w,491520,70,201274851
224.4061,ram,190349312,66003304448,284492
224.4061,cpu,15835882,22702524,543333331
224.4061,gpu,36,8,0
224.6023,disk0,941696161206272,2124396913,12932707508518541
224.6023,disk0w,2190296674304,19808335,1286304014148
224.6023,disk4,8079990310912,16284047,93484584545198
224.6023,disk4w,2195456,171,27582691
224.6023,disk8,7801845901312,7887301,65145121245979
224.6023,disk8w,355368960,46571,2468331488
224.6023,disk6,14031503656960,22871309,191850450714722
224.6023,disk6w,491520,70,201274851
224.6023,ram,190349312,66003304448,284492
224.6023,cpu,15835882,22702524,543333331
224.6023,gpu,0,0,0
224.8021,disk0,941697904193536,2124400911,12932715505179700
224.8021,disk0w,2190296678400,19808336,1286304022064
224.8021,disk4,8080629221376,16285308,93487607555858
224.8021,disk4w,2195456,171,27582691
224.8021,disk8,7802267428864,7887733,65145636772424
224.8021,disk8w,355368960,46571,2468331488
224.8021,disk6,14032902408192,22873958,191870486251179
224.8021,disk6w,491520,70,201274851
224.8021,ram,190349312,66003304448,284492
224.8021,cpu,15835882,22702524,543333331
224.8021,gpu,0,0,0
225.0061,disk0,941699665428480,2124408104,12932726386091483
225.0061,disk0w,2190296678400,19808336,1286304022064
225.0061,disk4,8081194928128,16286468,93491152270488
225.0061,disk4w,2195456,171,27582691
225.0061,disk8,7802811492352,7888290,65146457551937
225.0061,disk8w,355368960,46571,2468331488
225.0061,disk6,14034130601984,22875860,191884445581718
225.0061,disk6w,491520,70,201274851
225.0061,ram,190349312,66003304448,284492
225.0061,cpu,15835882,22702524,543333331
225.0061,gpu,0,0,0
225.2050,disk0,941701714227200,2124411890,12932736104283706
225.2050,disk0w,2190305161216,19808704,1286311497739
225.2050,disk4,8082002102272,16288123,93497739773385
225.2050,disk4w,2195456,171,27582691
225.2050,disk8,7803303667712,7888795,65147090348680
225.2050,disk8w,355368960,46571,2468331488
225.2050,disk6,14035443501056,22877438,191893895496948
225.2050,disk6w,491520,70,201274851
225.2050,ram,216498176,65917517824,284492
225.2050,cpu,15835943,22702675,543334932
225.2050,gpu,0,0,0
225.4061,disk0,941703802040320,2124415929,12932747160934185
225.4061,disk0w,2190305161216,19808704,1286311497739
225.4061,disk4,8082785298432,16289730,93501783530718
225.4061,disk4w,2195456,171,27582691
225.4061,disk8,7803830577152,7889335,65147802462746
225.4061,disk8w,355368960,46571,2468331488
225.4061,disk6,14036803913728,22879286,191905905522879
225.4061,disk6w,491520,70,201274851
225.4061,ram,216858624,65917501440,284492
225.4061,cpu,15835945,22702678,543334964
225.4061,gpu,0,0,0
225.6061,disk0,941705891856384,2124420490,12932757541324939
225.6061,disk0w,2190305652736,19808711,1286311672653
225.6061,disk4,8083668043776,16291536,93509302422464
225.6061,disk4w,2195456,171,27582691
225.6061,disk8,7804378195968,7889896,65148501605845
225.6061,disk8w,355368960,46571,2468331488
225.6061,disk6,14038128887808,22881143,191916277182796
225.6061,disk6w,491520,70,201274851
225.6061,ram,216858624,65917501440,284492
225.6061,cpu,15835945,22702678,543334964
225.6061,gpu,0,0,0
225.8050,disk0,941708075384832,2124425819,12932768568159702
225.8050,disk0w,2190305665024,19808714,1286311725569
225.8050,disk4,8084435781632,16293028,93513306548925
225.8050,disk4w,2195456,171,27582691
225.8050,disk8,7804916377600,7890448,65149300964579
225.8050,disk8w,355368960,46571,2468331488
225.8050,disk6,14039523657728,22883410,191932167836924
225.8050,disk6w,491520,70,201274851
225.8050,ram,216858624,65917501440,284492
225.8050,cpu,15835945,22702678,543334964
225.8050,gpu,0,0,0
226.0061,disk0,941710151856128,2124430739,12932776933546954
226.0061,disk0w,2190305665024,19808714,1286311725569
226.0061,disk4,8085406550016,16294947,93522380157010
226.0061,disk4w,2195456,171,27582691
226.0061,disk8,7805455214592,7891000,65149915188943
226.0061,disk8w,355368960,46571,2468331488
226.0061,disk6,14040809277440,22885542,191943278967686
226.0061,disk6w,491520,70,201274851
226.0061,ram,216858624,65917501440,284492
226.0061,cpu,15835945,22702678,543334964
226.0061,gpu,0,0,0
226.2061,disk0,941712108298240,2124437221,12932789459797388
226.2061,disk0w,2190305665024,19808714,1286311725569
226.2061,disk4,8086181496832,16296475,93528046014087
226.2061,disk4w,2195456,171,27582691
226.2061,disk8,7805920651264,7891477,65150450694956
226.2061,disk8w,355368960,46571,2468331488
226.2061,disk6,14042087458816,22887914,191959197372971
226.2061,disk6w,491520,70,201274851
226.2061,ram,244088832,64133365760,284492
226.2061,cpu,15836023,22702816,543336491
226.2061,gpu,0,0,0
226.4061,disk0,941713686196224,2124440268,12932795362263664
226.4061,disk0w,2190305665024,19808714,1286311725569
226.4061,disk4,8087104161792,16298354,93539623638664
226.4061,disk4w,2195456,171,27582691
226.4061,disk8,7806394820608,7891963,65151207977462
226.4061,disk8w,355368960,46571,2468331488
226.4061,disk6,14043150731264,22889649,191969046025429
226.4061,disk6w,491520,70,201274851
226.4061,ram,242696192,64177422336,284492
226.4061,cpu,15836023,22702816,543336491
226.4061,gpu,0,0,0
226.6030,disk0,941715912372224,2124445507,12932805135071793
226.6030,disk0w,2190305665024,19808714,1286311725569
226.6030,disk4,8087777110016,16299733,93543896124617
226.6030,disk4w,2195456,171,27582691
226.6030,disk8,7806930511872,7892512,65151811563822
226.6030,disk8w,355368960,46571,2468331488
226.6030,disk6,14044500609024,22891390,191980339299727
226.6030,disk6w,491520,70,201274851
226.6030,ram,242696192,64177422336,284492
226.6030,cpu,15836023,22702816,543336491
226.6030,gpu,39,8,0
226.8035,disk0,941717824712704,2124449393,12932813542835085
226.8035,disk0w,2190305669120,19808715,1286311737194
226.8035,disk4,8088364795904,16300938,93549019856419
226.8035,disk4w,2195456,171,27582691
226.8035,disk8,7807343257600,7892935,65152297930681
226.8035,disk8w,355368960,46571,2468331488
226.8035,disk6,14045824206848,22893289,191995283862341
226.8035,disk6w,491520,70,201274851
226.8035,ram,242696192,64177422336,284492
226.8035,cpu,15836023,22702816,543336491
226.8035,gpu,33,7,0
227.0014,disk0,941719810895872,2124453734,12932826490395420
227.0014,disk0w,2190305669120,19808715,1286311737194
227.0014,disk4,8089082144768,16302410,93554559082044
227.0014,disk4w,2195456,171,27582691
227.0014,disk8,7807835039744,7893439,65152838882715
227.0014,disk8w,355368960,46571,2468331488
227.0014,disk6,14047056496640,22895139,192007056582968
227.0014,disk6w,491520,70,201274851
227.0014,ram,242696192,64177422336,284492
227.0014,cpu,15836023,22702816,543336491
227.0014,gpu,0,0,0
227.2032,disk0,941721933643776,2124458460,12932837363367293
227.2032,disk0w,2190305669120,19808715,1286311737194
227.2032,disk4,8089860147200,16303934,93558858704361
227.2032,disk4w,2195456,171,27582691
227.2032,disk8,7808344385536,7893961,65153454965713
227.2032,disk8w,355368960,46571,2468331488
227.2032,disk6,14048437520384,22897400,192022187636595
227.2032,disk6w,491520,70,201274851
227.2032,ram,255393792,65976188928,284492
227.2032,cpu,15836090,22702949,543338071
227.2032,gpu,0,0,0
227.4061,disk0,941724236800000,2124463724,12932849135202351
227.4061,disk0w,2190305669120,19808715,1286311737194
227.4061,disk4,8090798917632,16305783,93566035308829
227.4061,disk4w,2195456,171,27582691
227.4061,disk8,7808932767744,7894564,65154256791514
227.4061,disk8w,355368960,46571,2468331488
227.4061,disk6,14049686194176,22899619,192034320316800
227.4061,disk6w,491520,70,201274851
227.4061,ram,254967808,65975959552,284492
227.4061,cpu,15836095,22702960,543338145
227.4061,gpu,0,0,0
227.6061,disk0,941726377238528,2124471597,12932862922990492
227.6061,disk0w,2190305669120,19808715,1286311737194
227.6061,disk4,8091727874048,16307616,93574008496532
227.6061,disk4w,2195456,171,27582691
227.6061,disk8,7809512368128,7895158,65154988754940
227.6061,disk8w,355368960,46571,2468331488
227.6061,disk6,14050862647296,22901617,192045215655512
227.6061,disk6w,491520,70,201274851
227.6061,ram,254967808,65975959552,284492
227.6061,cpu,15836095,22702960,543338145
227.6061,gpu,0,0,0
227.8025,disk0,941728215093248,2124475049,12932872536344626
227.8025,disk0w,2190305673216,19808716,1286311750152
227.8025,disk4,8092482406400,16309138,93581004771015
227.8025,disk4w,2195456,171,27582691
227.8025,disk8,7809968973824,7895626,65155978692360
227.8025,disk8w,355368960,46571,2468331488
227.8025,disk6,14051885778944,22903436,192055856608989
227.8025,disk6w,491520,70,201274851
227.8025,ram,254967808,65975959552,284492
227.8025,cpu,15836095,22702960,543338145
227.8025,gpu,0,0,0
228.0050,disk0,941730197721088,2124483827,12932886077242901
228.0050,disk0w,2190305673216,19808716,1286311750152
228.0050,disk4,8093142394880,16310492,93585008569124
228.0050,disk4w,2195456,171,27582691
228.0050,disk8,7810532059136,7896203,65156711788502
228.0050,disk8w,355368960,46571,2468331488
228.0050,disk6,14053218961408,22905432,192069684639295
228.0050,disk6w,491520,70,201274851
228.0050,ram,254967808,65975959552,284492
228.0050,cpu,15836095,22702960,543338145
228.0050,gpu,0,0,0
228.2050,disk0,941732508160000,2124487819,12932897844744188
228.2050,disk0w,2190305673216,19808716,1286311750152
228.2050,disk4,8093953230848,16312155,93591459994018
228.2050,disk4w,2195456,171,27582691
228.2050,disk8,7811172083712,7896859,65157608331075
228.2050,disk8w,355368960,46571,2468331488
228.2050,disk6,14054509529088,22907069,192078167913157
228.2050,disk6w,491520,70,201274851
228.2050,ram,272384000,65825144832,284492
228.2050,cpu,15836156,22703110,543339628
228.2050,gpu,0,0,0
228.4061,disk0,941734732959744,2124492483,12932914497344851
228.4061,disk0w,2190305673216,19808716,1286311750152
228.4061,disk4,8094572627968,16313425,93594418607340
228.4061,disk4w,2195456,171,27582691
228.4061,disk8,7811835963392,7897539,65158497088262
228.4061,disk8w,355368960,46571,2468331488
228.4061,disk6,14055771244544,22908943,192088700815036
228.4061,disk6w,491520,70,201274851
228.4061,ram,272384000,65825144832,284492
228.4061,cpu,15836157,22703112,543339659
228.4061,gpu,0,0,0
228.6014,disk0,941736561692672,2124496832,12932924014709916
228.6014,disk0w,2190305673216,19808716,1286311750152
228.6014,disk4,8095391729664,16315047,93602616827049
228.6014,disk4w,2195456,171,27582691
228.6014,disk8,7812340066304,7898056,65159135203307
228.6014,disk8w,355368960,46571,2468331488
228.6014,disk6,14056991971328,22910860,192100356228391
228.6014,disk6w,491520,70,201274851
228.6014,ram,272384000,65825144832,284492
228.6014,cpu,15836157,22703112,543339659
228.6014,gpu,0,0,0
228.8061,disk0,941738696486912,2124501714,12932935262814068
228.8061,disk0w,2190305742848,19808722,1286311867942
228.8061,disk4,8096189229056,16316613,93607229530056
228.8061,disk4w,2195456,171,27582691
228.8061,disk8,7812928448512,7898659,65159866778401
228.8061,disk8w,355368960,46571,2468331488
228.8061,disk6,14058359691264,22913213,192115349730490
228.8061,disk6w,491520,70,201274851
228.8061,ram,272384000,65825144832,284492
228.8061,cpu,15836157,22703112,543339659
228.8061,gpu,0,0,0
229.0061,disk0,941740994080768,2124509204,12932952287466974
229.0061,disk0w,2190305792000,19808728,1286312108397
229.0061,disk4,8096995215360,16318202,93613240412845
229.0061,disk4w,2195456,171,27582691
229.0061,disk8,7813546321920,7899292,65160786003219
229.0061,disk8w,355368960,46571,2468331488
229.0061,disk6,14059625732096,22915286,192126851228244
229.0061,disk6w,491520,70,201274851
229.0061,ram,272384000,65825144832,284492
229.0061,cpu,15836157,22703112,543339659
229.0061,gpu,0,0,0
229.2028,disk0,941742560047104,2124511906,12932959648694374
229.2028,disk0w,2190305869824,19808734,1286312245395
229.2028,disk4,8097729054720,16319667,93617880677934
229.2028,disk4w,2195456,171,27582691
229.2028,disk8,7814149007360,7899910,65163290896176
229.2028,disk8w,355368960,46571,2468331488
229.2028,disk6,14060770531328,22917351,192140367757285
229.2028,disk6w,491520,70,201274851
229.2028,ram,344113152,65607221248,284492
229.2028,cpu,15836157,22703112,543339659
229.2028,gpu,0,0,0
229.4061,disk0,941745040719872,2124517625,12932977425137529
229.4061,disk0w,2190305869824,19808734,1286312245395
229.4061,disk4,8098436958208,16321118,93623273300403
229.4061,disk4w,2195456,171,27582691
229.4061,disk8,7814649571328,7900423,65163898655506
229.4061,disk8w,355368960,46571,2468331488
229.4061,disk6,14061920491520,22919172,192149783233093
229.4061,disk6w,491520,70,201274851
229.4061,ram,344113152,65607221248,284492
229.4061,cpu,15836219,22703258,543341320
229.4061,gpu,0,0,0
229.6033,disk0,941747103875072,2124521344,12932987370960962
229.6033,disk0w,2190312042496,19808927,1286319071242
229.6033,disk4,8099290777600,16322870,93631197858820
229.6033,disk4w,2195456,171,27582691
229.6033,disk8,7815202826240,7900990,65164648368731
229.6033,disk8w,355368960,46571,2468331488
229.6033,disk6,14063232309248,22920777,192157825545386
229.6033,disk6w,491520,70,201274851
229.6033,ram,344113152,65607221248,284492
229.6033,cpu,15836219,22703258,543341320
229.6033,gpu,31,6,0
229.8049,disk0,941749150334976,2124525370,12932995421196071
229.8049,disk0w,2190312042496,19808927,1286319071242
229.8049,disk4,8100080404480,16324489,93635560142027
229.8049,disk4w,2195456,171,27582691
229.8049,disk8,7815808772096,7901611,65165427842278
229.8049,disk8w,355368960,46571,2468331488
229.8049,disk6,14064620328960,22922916,192172778209313
229.8049,disk6w,491520,70,201274851
229.8049,ram,344113152,65607221248,284492
229.8049,cpu,15836219,22703258,543341320
229.8049,gpu,39,11,0
230.0061,disk0,941750976397312,2124529523,12933004143226571
230.0061,disk0w,2190312042496,19808927,1286319071242
230.0061,disk4,8100791076864,16325913,93640429023270
230.0061,disk4w,2195456,171,27582691
230.0061,disk8,7816221517824,7902034,65165900119675
230.0061,disk8w,355368960,46571,2468331488
230.0061,disk6,14066018539520,22925090,192189224218464
230.0061,disk6w,491520,70,201274851
230.0061,ram,344113152,65607221248,284492
230.0061,cpu,15836219,22703258,543341320
230.0061,gpu,0,0,0
230.2061,disk0,941753158516736,2124534710,12933015705373702
230.2061,disk0w,2190312042496,19808927,1286319071242
230.2061,disk4,8101421115392,16327146,93643344203538
230.2061,disk4w,2195456,171,27582691
230.2061,disk8,7816809900032,7902637,65166610384967
230.2061,disk8w,355368960,46571,2468331488
230.2061,disk6,14067413620736,22927549,192207393514172
230.2061,disk6w,491520,70,201274851
230.2061,ram,314146816,64775536640,284492
230.2061,cpu,15836219,22703258,543341320
230.2061,gpu,0,0,0
230.4061,disk0,941755544371200,2124541564,12933036462240391
230.4061,disk0w,2190312042496,19808927,1286319071242
230.4061,disk4,8102055544832,16328402,93647669163960
230.4061,disk4w,2195456,171,27582691
230.4061,disk8,7817360664576,7903201,65167285215652
230.4061,disk8w,355368960,46571,2468331488
230.4061,disk6,14068665587712,22929870,192219563245114
230.4061,disk6w,491520,70,201274851
230.4061,ram,313458688,64803864576,284492
230.4061,cpu,15836277,22703386,543342842
230.4061,gpu,0,0,0
230.6061,disk0,941757603041280,2124546293,12933047009857419
230.6061,disk0w,2190312046592,19808928,1286319083117
230.6061,disk4,8102765152256,16329810,93651462933899
230.6061,disk4w,2195456,171,27582691
230.6061,disk8,7817960318976,7903816,65168156161277
230.6061,disk8w,355368960,46571,2468331488
230.6061,disk6,14069974587392,22932447,192236402209622
230.6061,disk6w,491520,70,201274851
230.6061,ram,313458688,64803864576,284492
230.6061,cpu,15836277,22703386,543342842
230.6061,gpu,0,0,0
230.8061,disk0,941759484190720,2124550858,12933056877600103
230.8061,disk0w,2190312046592,19808928,1286319083117
230.8061,disk4,8103414401024,16331141,93656247974213
230.8061,disk4w,2195456,171,27582691
230.8061,disk8,7818469615616,7904338,65169377813311
230.8061,disk8w,355368960,46571,2468331488
230.8061,disk6,14071211104256,22934245,192249381400512
230.8061,disk6w,491520,70,201274851
230.8061,ram,313458688,64803864576,284492
230.8061,cpu,15836277,22703386,543342842
230.8061,gpu,0,0,0
231.0061,disk0,941761155981312,2124553640,12933062925063459
231.0061,disk0w,2190312046592,19808928,1286319083117
231.0061,disk4,8104168933376,16332687,93662388641016
231.0061,disk4w,2195456,171,27582691
231.0061,disk8,7819084343296,7904968,65170159052938
231.0061,disk8w,355368960,46571,2468331488
231.0061,disk6,14072544745472,22935871,192261045048540
231.0061,disk6w,491520,70,201274851
231.0061,ram,313458688,64803864576,284492
231.0061,cpu,15836277,22703386,543342842
231.0061,gpu,0,0,0
231.2061,disk0,941763078582272,2124557374,12933069267378354
231.2061,disk0w,2190312046592,19808928,1286319083117
231.2061,disk4,8104826726400,16334036,93666466031237
231.2061,disk4w,2195456,171,27582691
231.2061,disk8,7819681507328,7905580,65170945593561
231.2061,disk8w,355368960,46571,2468331488
231.2061,disk6,14073957013504,22937866,192277285496197
231.2061,disk6w,491520,70,201274851
231.2061,ram,319209472,65929904128,284492
231.2061,cpu,15836277,22703386,543342842
231.2061,gpu,0,0,0
231.4051,disk0,941765138743296,2124562077,12933078988995137
231.4051,disk0w,2190312046592,19808928,1286319083117
231.4051,disk4,8105467430912,16335349,93670191979958
231.4051,disk4w,2195456,171,27582691
231.4051,disk8,7820109326336,7906018,65171425147844
231.4051,disk8w,355368960,46571,2468331488
231.4051,disk6,14075357091840,22939895,192291901976682
231.4051,disk6w,491520,70,201274851
231.4051,ram,319209472,65929904128,284492
231.4051,cpu,15836338,22703521,543344467
231.4051,gpu,0,0,0
231.6051,disk0,941767323144192,2124566942,12933092037005635
231.6051,disk0w,2190312050688,19808929,1286319093158
231.6051,disk4,8106151774208,16336677,93674173926854
231.6051,disk4w,2195456,171,27582691
231.6051,disk8,7820621162496,7906543,65172120228005
231.6051,disk8w,355368960,46571,2468331488
231.6051,disk6,14076613990400,22942040,192306450844286
231.6051,disk6w,491520,70,201274851
231.6051,ram,319209472,65929904128,284492
231.6051,cpu,15836338,22703521,543344467
231.6051,gpu,0,0,0
231.8037,disk0,941769179197440,2124571184,12933099944694425
231.8037,disk0w,2190312050688,19808929,1286319093158
231.8037,disk4,8106876454912,16338110,93680096468204
231.8037,disk4w,2195456,171,27582691
231.8037,disk8,7821042690048,7906975,65172640288146
231.8037,disk8w,355368960,46571,2468331488
231.8037,disk6,14077950711808,22944408,192323072086192
231.8037,disk6w,491520,70,201274851
231.8037,ram,319209472,65929904128,284492
231.8037,cpu,15836338,22703521,543344467
231.8037,gpu,0,0,0
232.0022,disk0,941771016540160,2124577596,12933113557386557
232.0022,disk0w,2190312050688,19808929,1286319093158
232.0022,disk4,8107615406080,16339567,93684729801342
232.0022,disk4w,2195456,171,27582691
232.0022,disk8,7821508126720,7907452,65173181337532
232.0022,disk8w,355368960,46571,2468331488
232.0022,disk6,14079235549184,22946686,192339150707111
232.0022,disk6w,491520,70,201274851
232.0022,ram,319209472,65929904128,284492
232.0022,cpu,15836338,22703521,543344467
232.0022,gpu,0,0,0
232.2061,disk0,941772843372544,2124581058,12933121575917405
232.2061,disk0w,2190312050688,19808929,1286319093158
232.2061,disk4,8108352620544,16341057,93693198791218
232.2061,disk4w,2195456,171,27582691
232.2061,disk8,7822017390592,7907974,65174373212192
232.2061,disk8w,355368960,46571,2468331488
232.2061,disk6,14080351954944,22948760,192352746346784
232.2061,disk6w,491520,70,201274851
232.2061,ram,362184704,65556545536,284492
232.2061,cpu,15836338,22703521,543344467
232.2061,gpu,0,0,0
232.4061,disk0,941774894125056,2124587389,12933134415286190
232.4061,disk0w,2190312050688,19808929,1286319093158
232.4061,disk4,8109286959104,16342972,93703512838295
232.4061,disk4w,2195456,171,27582691
232.4061,disk8,7822491609088,7908460,65175038660770
232.4061,disk8w,355368960,46571,2468331488
232.4061,disk6,14081497511936,22950353,192359138060712
232.4061,disk6w,491520,70,201274851
232.4061,ram,361316352,65596407808,284492
232.4061,cpu,15836398,22703663,543346097
232.4061,gpu,0,0,0
232.6061,disk0,941776866177024,2124590738,12933143370150857
232.6061,disk0w,2190312054784,19808930,1286319106658
232.6061,disk4,8110051461120,16344540,93709869214798
232.6061,disk4w,2195456,171,27582691
232.6061,disk8,7823088773120,7909072,65175794300230
232.6061,disk8w,355368960,46571,2468331488
232.6061,disk6,14082816833536,22952102,192369528327037
232.6061,disk6w,491520,70,201274851
232.6061,ram,361316352,65596407808,284492
232.6061,cpu,15836398,22703663,543346097
232.6061,gpu,0,0,0
232.8052,disk0,941778759413760,2124594717,12933152086899567
232.8052,disk0w,2190312054784,19808930,1286319106658
232.8052,disk4,8110871988224,16346223,93716068584801
232.8052,disk4w,2195456,171,27582691
232.8052,disk8,7823625512960,7909622,65176518974771
232.8052,disk8w,355368960,46571,2468331488
232.8052,disk6,14084138924032,22954062,192381744500439
232.8052,disk6w,491520,70,201274851
232.8052,ram,361316352,65596407808,284492
232.8052,cpu,15836398,22703663,543346097
232.8052,gpu,0,0,0
233.0047,disk0,941780451389440,2124598600,12933160303900667
233.0047,disk0w,2190312054784,19808930,1286319106658
233.0047,disk4,8111595096064,16347663,93719896899056
233.0047,disk4w,2195456,171,27582691
233.0047,disk8,7824072337408,7910080,65177115900283
233.0047,disk8w,355368960,46571,2468331488
233.0047,disk6,14085544970240,22956460,192400432921297
233.0047,disk6w,491520,70,201274851
233.0047,ram,361316352,65596407808,284492
233.0047,cpu,15836398,22703663,543346097
233.0047,gpu,0,0,0
233.2019,disk0,941782510759936,2124603241,12933172819420216
233.2019,disk0w,2190312054784,19808930,1286319106658
233.2019,disk4,8112394561536,16349232,93724479606947
233.2019,disk4w,2195456,171,27582691
233.2019,disk8,7824564119552,7910584,65177765796659
233.2019,disk8w,355368960,46571,2468331488
233.2019,disk6,14086835210240,22958819,192414877020627
233.2019,disk6w,491520,70,201274851
233.2019,ram,361316352,65596407808,284492
233.2019,cpu,15836398,22703663,543346097
233.2019,gpu,0,0,0
233.4051,disk0,941784790200320,2124613355,12933194380747240
233.4051,disk0w,2190312058880,19808931,1286319152533
233.4051,disk4,8113283827712,16350987,93730735562204
233.4051,disk4w,2195456,171,27582691
233.4051,disk8,7825143719936,7911178,65178524154712
233.4051,disk8w,355368960,46571,2468331488
233.4051,disk6,14088087603200,22961117,192425484872760
233.4051,disk6w,491520,70,201274851
233.4051,ram,350863360,64447987712,284492
233.4051,cpu,15836464,22703810,543347588
233.4051,gpu,0,0,0
233.6061,disk0,941786552758272,2124618513,12933204323269531
233.6061,disk0w,2190312058880,19808931,1286319152533
233.6061,disk4,8114048043008,16352503,93740080223787
233.6061,disk4w,2195456,171,27582691
233.6061,disk8,7825617938432,7911664,65179174096087
233.6061,disk8w,355368960,46571,2468331488
233.6061,disk6,14089124022272,22963153,192436697995369
233.6061,disk6w,491520,70,201274851
233.6061,ram,350863360,64447987712,284492
233.6061,cpu,15836464,22703810,543347588
233.6061,gpu,0,0,0
233.8061,disk0,941788461760512,2124625189,12933216793702490
233.8061,disk0w,2190312058880,19808931,1286319152533
233.8061,disk4,8114843445248,16354135,93747780151927
233.8061,disk4w,2195456,171,27582691
233.8061,disk8,7826127218688,7912186,65180836985989
233.8061,disk8w,355368960,46571,2468331488
233.8061,disk6,14090280896512,22964906,192446317824487
233.8061,disk6w,491520,70,201274851
233.8061,ram,350863360,64447987712,284492
233.8061,cpu,15836464,22703810,543347588
233.8061,gpu,0,0,0
234.0051,disk0,941790584651776,2124628900,12933228170608502
234.0051,disk0w,2190313148416,19809117,1286324646556
234.0051,disk4,8115589441536,16355663,93752529858038
234.0051,disk4w,2195456,171,27582691
234.0051,disk8,7826572601344,7912642,65181348155506
234.0051,disk8w,355368960,46571,2468331488
234.0051,disk6,14091563714560,22966439,192455792914337
234.0051,disk6w,491520,70,201274851
234.0051,ram,350863360,64447987712,284492
234.0051,cpu,15836464,22703810,543347588
234.0051,gpu,0,0,0
234.2061,disk0,941792544505856,2124632690,12933237340870851
234.2061,disk0w,2190313488384,19809170,1286325618207
234.2061,disk4,8116346750976,16357216,93757732068153
234.2061,disk4w,2195456,171,27582691
234.2061,disk8,7827201746944,7913287,65182098615166
234.2061,disk8w,355368960,46571,2468331488
234.2061,disk6,14092882626560,22968457,192469213874202
234.2061,disk6w,491520,70,201274851
234.2061,ram,350863360,64447987712,284492
234.2061,cpu,15836464,22703810,543347588
234.2061,gpu,0,0,0
234.4040,disk0,941794465677312,2124636834,12933246694444182
234.4040,disk0w,2190313492480,19809171,1286325629290
234.4040,disk4,8116934592512,16358419,93761225710415
234.4040,disk4w,2195456,171,27582691
234.4040,disk8,7827725510656,7913824,65182633669956
234.4040,disk8w,355368960,46571,2468331488
234.4040,disk6,14094254606336,22970574,192485821942468
234.4040,disk6w,491520,70,201274851
234.4040,ram,355909632,65747140608,284492
234.4040,cpu,15836527,22703954,543349248
234.4040,gpu,0,0,0
234.6011,disk0,941796291084288,2124640996,12933255910651600
234.6011,disk0w,2190313492480,19809171,1286325629290
234.6011,disk4,8117521516544,16359558,93764129666900
234.6011,disk4w,2195456,171,27582691
234.6011,disk8,7828155820032,7914265,65183100508403
234.6011,disk8w,355368960,46571,2468331488
234.6011,disk6,14095645198336,22973001,192505653420648
234.6011,disk6w,491520,70,201274851
234.6011,ram,355909632,65747140608,284492
234.6011,cpu,15836527,22703954,543349248
234.6011,gpu,0,0,0
234.8043,disk0,941798721699840,2124646593,12933273979739209
234.8043,disk0w,2190313492480,19809171,1286325629290
234.8043,disk4,8118442780672,16361375,93769621097879
234.8043,disk4w,2195456,171,27582691
234.8043,disk8,7828656384000,7914778,65183742014980
234.8043,disk8w,355368960,46571,2468331488
234.8043,disk6,14096882812928,22975239,192514849611073
234.8043,disk6w,491520,70,201274851
234.8043,ram,355909632,65747140608,284492
234.8043,cpu,15836527,22703954,543349248
234.8043,gpu,0,0,0
235.0061,disk0,941800922349568,2124657341,12933292740553001
235.0061,disk0w,2190313492480,19809171,1286325629290
235.0061,disk4,8119163095040,16362793,93774224461717
235.0061,disk4w,2195456,171,27582691
235.0061,disk8,7829130602496,7915264,65184282156568
235.0061,disk8w,355368960,46571,2468331488
235.0061,disk6,14098152523776,22977411,192527409645040
235.0061,disk6w,491520,70,201274851
235.0061,ram,355909632,65747140608,284492
235.0061,cpu,15836527,22703954,543349248
235.0061,gpu,0,0,0
235.2040,disk0,941802626519040,2124660395,12933302359004539
235.2040,disk0w,2190313492480,19809171,1286325629290
235.2040,disk4,8119865747456,16364204,93779222884658
235.2040,disk4w,2195456,171,27582691
235.2040,disk8,7829613570048,7915759,65185151861449
235.2040,disk8w,355368960,46571,2468331488
235.2040,disk6,14099210979328,22979501,192541872014399
235.2040,disk6w,491520,70,201274851
235.2040,ram,355909632,65747140608,284492
235.2040,cpu,15836527,22703954,543349248
235.2040,gpu,0,0,0
235.4061,disk0,941804580528128,2124669175,12933313937482107
235.4061,disk0w,2190313816064,19809173,1286325670373
235.4061,disk4,8120637065216,16365786,93785456472754
235.4061,disk4w,2195456,171,27582691
235.4061,disk8,7830193170432,7916353,65186037419707
235.4061,disk8w,355368960,46571,2468331488
235.4061,disk6,14100563937280,22981359,192553988559729
235.4061,disk6w,491520,70,201274851
235.4061,ram,407470080,65589149696,284492
235.4061,cpu,15836597,22704092,543350769
235.4061,gpu,0,0,0
235.6012,disk0,941806646337536,2124672618,12933321938304542
235.6012,disk0w,2190313816064,19809173,1286325670373
235.6012,disk4,8121441617920,16367435,93789954497907
235.6012,disk4w,2195456,171,27582691
235.6012,disk8,7830702516224,7916875,65186626744911
235.6012,disk8w,355368960,46571,2468331488
235.6012,disk6,14101909178368,22983098,192565737820143
235.6012,disk6w,491520,70,201274851
235.6012,ram,407470080,65589149696,284492
235.6012,cpu,15836597,22704092,543350769
235.6012,gpu,0,0,0
235.8061,disk0,941809044578304,2124677522,12933337530211773
235.8061,disk0w,2190313820160,19809174,1286325702331
235.8061,disk4,8122304055296,16369203,93797643671442
235.8061,disk4w,2195456,171,27582691
235.8061,disk8,7831252232192,7917438,65187252335020
235.8061,disk8w,355368960,46571,2468331488
235.8061,disk6,14103129606144,22984812,192572709046263
235.8061,disk6w,491520,70,201274851
235.8061,ram,407470080,65589149696,284492
235.8061,cpu,15836597,22704092,543350769
235.8061,gpu,0,0,0
236.0061,disk0,941811350052864,2124682816,12933351420270009
236.0061,disk0w,2190313820160,19809174,1286325702331
236.0061,disk4,8123128776704,16370843,93803870260312
236.0061,disk4w,2195456,171,27582691
236.0061,disk8,7831721207808,7917919,65187887564078
236.0061,disk8w,355368960,46571,2468331488
236.0061,disk6,14104475289600,22987066,192584970874231
236.0061,disk6w,491520,70,201274851
236.0061,ram,407470080,65589149696,284492
236.0061,cpu,15836597,22704092,543350769
236.0061,gpu,0,0,0
236.2049,disk0,941813599444992,2124687917,12933363242967970
236.2049,disk0w,2190313820160,19809174,1286325702331
236.2049,disk4,8123865761792,16372293,93808719003074
236.2049,disk4w,2195456,171,27582691
236.2049,disk8,7832283244544,7918495,65188638226929
236.2049,disk8w,355368960,46571,2468331488
236.2049,disk6,14105837148160,22989400,192598900223865
236.2049,disk6w,491520,70,201274851
236.2049,ram,407470080,65589149696,284492
236.2049,cpu,15836597,22704092,543350769
236.2049,gpu,0,0,0
236.4051,disk0,941815946293248,2124699342,12933384912316600
236.4051,disk0w,2190313824256,19809175,1286325727456
236.4051,disk4,8124672141312,16373885,93813899615287
236.4051,disk4w,2195456,171,27582691
236.4051,disk8,7832845281280,7919071,65189522781411
236.4051,disk8w,355368960,46571,2468331488
236.4051,disk6,14107046729728,22991516,192608866253553
236.4051,disk6w,491520,70,201274851
236.4051,ram,357285888,64495550464,284492
236.4051,cpu,15836659,22704233,543352380
236.4051,gpu,0,0,0
236.6061,disk0,941817921196032,2124702706,12933394249554153
236.6061,disk0w,2190313824256,19809175,1286325727456
236.6061,disk4,8125304637440,16375146,93817127891410
236.6061,disk4w,2195456,171,27582691
236.6061,disk8,7833310652416,7919548,65190627721994
236.6061,disk8w,355368960,46571,2468331488
236.6061,disk6,14108266485760,22993770,192623472814340
236.6061,disk6w,491520,70,201274851
236.6061,ram,357285888,64495550464,284492
236.6061,cpu,15836659,22704233,543352380
236.6061,gpu,0,0,0
236.8021,disk0,941820171792384,2124708920,12933409780665180
236.8021,disk0w,2190313824256,19809175,1286325727456
236.8021,disk4,8126024075264,16376620,93821680856659
236.8021,disk4w,2195456,171,27582691
236.8021,disk8,7833784870912,7920034,65191225417753
236.8021,disk8w,355368960,46571,2468331488
236.8021,disk6,14109471922176,22995581,192632406006617
236.8021,disk6w,491520,70,201274851
236.8021,ram,357285888,64495550464,284492
236.8021,cpu,15836659,22704233,543352380
236.8021,gpu,30,7,0
237.0061,disk0,941822371504128,2124712817,12933419881523683
237.0061,disk0w,2190313836544,19809178,1286325776038
237.0061,disk4,8126881785856,16378378,93829143965371
237.0061,disk4w,2195456,171,27582691
237.0061,disk8,7834223962112,7920484,65191783621312
237.0061,disk8w,355368960,46571,2468331488
237.0061,disk6,14110708848640,22997055,192641052424761
237.0061,disk6w,491520,70,201274851
237.0061,ram,357285888,64495550464,284492
237.0061,cpu,15836659,22704233,543352380
237.0061,gpu,0,0,0
237.2061,disk0,941824596287488,2124716822,12933428676461016
237.2061,disk0w,2190313861120,19809184,1286325885496
237.2061,disk4,8127533139968,16379714,93834788071309
237.2061,disk4w,2195456,171,27582691
237.2061,disk8,7834847471616,7921123,65192586946597
237.2061,disk8w,355368960,46571,2468331488
237.2061,disk6,14112021338112,22999053,192653430253937
237.2061,disk6w,491520,70,201274851
237.2061,ram,357285888,64495550464,284492
237.2061,cpu,15836659,22704233,543352380
237.2061,gpu,0,0,0
237.4061,disk0,941826755305472,2124721366,12933441021942771
237.4061,disk0w,2190313869312,19809186,1286325920412
237.4061,disk4,8128147294208,16380958,93837762608095
237.4061,disk4w,2195456,171,27582691
237.4061,disk8,7835304126464,7921591,65193167235646
237.4061,disk8w,355368960,46571,2468331488
237.4061,disk6,14113317099520,23001050,192667895660555
237.4061,disk6w,491520,70,201274851
237.4061,ram,351567872,65955971072,284492
237.4061,cpu,15836724,22704372,543353953
237.4061,gpu,0,0,0
237.6061,disk0,941828651098112,2124725652,12933451290609092
237.6061,disk0w,2190313877504,19809188,1286325945370
237.6061,disk4,8128690505728,16382011,93840074901296
237.6061,disk4w,2195456,171,27582691
237.6061,disk8,7835793418240,7922092,65193671956524
237.6061,disk8w,355368960,46571,2468331488
237.6061,disk6,14114665994240,23003487,192687038058483
237.6061,disk6w,491520,70,201274851
237.6061,ram,351567872,65955971072,284492
237.6061,cpu,15836724,22704372,543353953
237.6061,gpu,0,0,0
237.8061,disk0,941830650654720,2124730259,12933459039215134
237.8061,disk0w,2190313881600,19809189,1286325961911
237.8061,disk4,8129542834176,16383698,93845637075595
237.8061,disk4w,2195456,171,27582691
237.8061,disk8,7836454545408,7922770,65194728567046
237.8061,disk8w,355368960,46571,2468331488
237.8061,disk6,14116066236416,23005940,192703387304143
237.8061,disk6w,491520,70,201274851
237.8061,ram,351567872,65955971072,284492
237.8061,cpu,15836724,22704372,543353953
237.8061,gpu,32,7,0
238.0051,disk0,941832968941568,2124738192,12933474032867543
238.0051,disk0w,2190313889792,19809191,1286326026327
238.0051,disk4,8130314389504,16385219,93851159129114
238.0051,disk4w,2195456,171,27582691
238.0051,disk8,7836991285248,7923320,65195370235985
238.0051,disk8w,355368960,46571,2468331488
238.0051,disk6,14117365409792,23008297,192717199524552
238.0051,disk6w,491520,70,201274851
238.0051,ram,351567872,65955971072,284492
238.0051,cpu,15836724,22704372,543353953
238.0051,gpu,0,0,0
238.2061,disk0,941834784849920,2124741513,12933482516718497
238.2061,disk0w,2190313893888,19809192,1286326039410
238.2061,disk4,8130975279104,16386557,93856123761701
238.2061,disk4w,2195456,171,27582691
238.2061,disk8,7837499533312,7923841,65196417028222
238.2061,disk8w,355368960,46571,2468331488
238.2061,disk6,14118566324224,23010396,192732100023512
238.2061,disk6w,491520,70,201274851
238.2061,ram,351567872,65955971072,284492
238.2061,cpu,15836724,22704372,543353953
238.2061,gpu,0,0,0
238.4061,disk0,941836676194304,2124747017,12933493543513112
238.4061,disk0w,2190313893888,19809192,1286326039410
238.4061,disk4,8131902425088,16388459,93865180194526
238.4061,disk4w,2195456,171,27582691
238.4061,disk8,7838009927680,7924364,65197070046712
238.4061,disk8w,355368960,46571,2468331488
238.4061,disk6,14119825958912,23012031,192741324543378
238.4061,disk6w,491520,70,201274851
238.4061,ram,363364352,65604665344,284492
238.4061,cpu,15836794,22704537,543355605
238.4061,gpu,0,0,0
238.6061,disk0,941838855307264,2124750992,12933503915084599
238.6061,disk0w,2190313893888,19809192,1286326039410
238.6061,disk4,8132734208000,16390162,93870856327916
238.6061,disk4w,2195456,171,27582691
238.6061,disk8,7838557546496,7924925,65197673396393
238.6061,disk8w,355368960,46571,2468331488
238.6061,disk6,14121096964096,23013745,192752640153226
238.6061,disk6w,491520,70,201274851
238.6061,ram,363364352,65604665344,284492
238.6061,cpu,15836794,22704537,543355605
238.6061,gpu,0,0,0
238.8061,disk0,941841044385792,2124755532,12933515331536264
238.8061,disk0w,2190313893888,19809192,1286326039410
238.8061,disk4,8133402724352,16391532,93875191301577
238.8061,disk4w,2195456,171,27582691
238.8061,disk8,7839159298048,7925542,65198372399856
238.8061,disk8w,355368960,46571,2468331488
238.8061,disk6,14122424166400,23015735,192765071442856
238.8061,disk6w,491520,70,201274851
238.8061,ram,363364352,65604665344,284492
238.8061,cpu,15836794,22704537,543355605
238.8061,gpu,0,0,0
239.0061,disk0,941843106578432,2124760180,12933526644514695
239.0061,disk0w,2190313893888,19809192,1286326039410
239.0061,disk4,8134128601088,16392955,93879457558172
239.0061,disk4w,2195456,171,27582691
239.0061,disk8,7839554480128,7925947,65198780340348
239.0061,disk8w,355368960,46571,2468331488
239.0061,disk6,14123791017984,23017972,192780095853922
239.0061,disk6w,491520,70,201274851
239.0061,ram,363364352,65604665344,284492
239.0061,cpu,15836794,22704537,543355605
239.0061,gpu,0,0,0
239.2060,disk0,941845290385408,2124765233,12933538191237699
239.2060,disk0w,2190313897984,19809193,1286326058243
239.2060,disk4,8134957762560,16394589,93885151062323
239.2060,disk4w,2195456,171,27582691
239.2060,disk8,7840108783616,7926515,65199444423754
239.2060,disk8w,355368960,46571,2468331488
239.2060,disk6,14125142321152,23020473,192795146912911
239.2060,disk6w,491520,70,201274851
239.2060,ram,363364352,65604665344,284492
239.2060,cpu,15836794,22704537,543355605
239.2060,gpu,0,0,0
239.4061,disk0,941847205781504,2124772185,12933549641890351
239.4061,disk0w,2190313902080,19809194,1286326077576
239.4061,disk4,8135815481344,16396276,93892686979174
239.4061,disk4w,2195456,171,27582691
239.4061,disk8,7840567535616,7926985,65200010516091
239.4061,disk8w,355368960,46571,2468331488
239.4061,disk6,14126403463168,23022528,192808989755177
239.4061,disk6w,491520,70,201274851
239.4061,ram,356417536,64474513408,284492
239.4061,cpu,15836851,22704669,543357216
239.4061,gpu,0,0,0
239.6061,disk0,941848689532928,2124774648,12933556219704126
239.6061,disk0w,2190313910272,19809196,1286326120992
239.6061,disk4,8136311523328,16397266,93895009629051
239.6061,disk4w,2195456,171,27582691
239.6061,disk8,7840880470016,7927306,65200887104782
239.6061,disk8w,355368960,46571,2468331488
239.6061,disk6,14127625005056,23024965,192829896148895
239.6061,disk6w,491520,70,201274851
239.6061,ram,356417536,64474513408,284492
239.6061,cpu,15836851,22704669,543357216
239.6061,gpu,0,0,0
239.8056,disk0,941850502778880,2124780515,12933564456823854
239.8056,disk0w,2190313910272,19809196,1286326120992
239.8056,disk4,8136973600768,16398625,93898438470200
239.8056,disk4w,2195456,171,27582691
239.8056,disk8,7841416161280,7927855,65201491527175
239.8056,disk8w,355368960,46571,2468331488
239.8056,disk6,14129009567744,23027147,192848382465757
239.8056,disk6w,491520,70,201274851
239.8056,ram,356417536,64474513408,284492
239.8056,cpu,15836851,22704669,543357216
239.8056,gpu,0,0,0
240.0061,disk0,941852454031360,2124784138,12933571860592732
240.0061,disk0w,2190313910272,19809196,1286326120992
240.0061,disk4,8137852790784,16400428,93904795580229
240.0061,disk4w,2195456,171,27582691
240.0061,disk8,7841881597952,7928332,65202057011230
240.0061,disk8w,355368960,46571,2468331488
240.0061,disk6,14130395965440,23028682,192858615248912
240.0061,disk6w,491520,70,201274851
240.0061,ram,356417536,64474513408,284492
240.0061,cpu,15836851,22704669,543357216
240.0061,gpu,0,0,0
240.2051,disk0,941854656319488,2124788265,12933581779246428
240.2051,disk0w,2190313914368,19809197,1286326133075
240.2051,disk4,8138681993216,16402127,93910177402533
240.2051,disk4w,2195456,171,27582691
240.2051,disk8,7842382161920,7928845,65202600667236
240.2051,disk8w,355368960,46571,2468331488
240.2051,disk6,14131765078016,23030828,192871845623896
240.2051,disk6w,491520,70,201274851
240.2051,ram,356417536,64474513408,284492
240.2051,cpu,15836851,22704669,543357216
240.2051,gpu,0,0,0
240.4044,disk0,941856734158848,2124792640,12933592366931890
240.4044,disk0w,2190313914368,19809197,1286326133075
240.4044,disk4,8139202119680,16403182,93912669491358
240.4044,disk4w,2195456,171,27582691
240.4044,disk8,7842812471296,7929286,65203076473099
240.4044,disk8w,355368960,46571,2468331488
240.4044,disk6,14133108844544,23032787,192887294963993
240.4044,disk6w,491520,70,201274851
240.4044,ram,361447424,65766785024,284492
240.4044,cpu,15836922,22704806,543358734
240.4044,gpu,24,7,0
240.6061,disk0,941858891374592,2124797566,12933602806089653
240.6061,disk0w,2190313922560,19809199,1286326181366
240.6061,disk4,8139994368000,16404723,93917292722958
240.6061,disk4w,2195456,171,27582691
240.6061,disk8,7843233998848,7929718,65203511534667
240.6061,disk8w,355368960,46571,2468331488
240.6061,disk6,14134510282752,23035145,192902435181244
240.6061,disk6w,491520,70,201274851
240.6061,ram,361447424,65766785024,284492
240.6061,cpu,15836922,22704806,543358734
240.6061,gpu,0,0,0
240.8038,disk0,941860573257728,2124801591,12933613994963203
240.8038,disk0w,2190313922560,19809199,1286326181366
240.8038,disk4,8140829968384,16406377,93923077152331
240.8038,disk4w,2195456,171,27582691
240.8038,disk8,7843629180928,7930123,65203979265458
240.8038,disk8w,355368960,46571,2468331488
240.8038,disk6,14135724910592,23037397,192920267045246
240.8038,disk6w,491520,70,201274851
240.8038,ram,361447424,65766785024,284492
240.8038,cpu,15836922,22704806,543358734
240.8038,gpu,40,8,0
241.0051,disk0,941862322315264,2124808194,12933622360735136
241.0051,disk0w,2190313922560,19809199,1286326181366
241.0051,disk4,8141711378432,16408113,93930486233807
241.0051,disk4w,2195456,171,27582691
241.0051,disk8,7844120963072,7930627,65204532671783
241.0051,disk8w,355368960,46571,2468331488
241.0051,disk6,14137136457728,23039866,192937610650705
241.0051,disk6w,491520,70,201274851
241.0051,ram,361447424,65766785024,284492
241.0051,cpu,15836922,22704806,543358734
241.0051,gpu,0,0,0
241.2061,disk0,941863892709376,2124811130,12933628619092763
241.2061,disk0w,2190313926656,19809200,1286326190741
241.2061,disk4,8142370170880,16409438,93935686063658
241.2061,disk4w,2195456,171,27582691
241.2061,disk8,7844471777280,7930986,65205186710251
241.2061,disk8w,355368960,46571,2468331488
241.2061,disk6,14138345842688,23041906,192951871308780
241.2061,disk6w,491520,70,201274851
241.2061,ram,361447424,65766785024,284492
241.2061,cpu,15836922,22704806,543358734
241.2061,gpu,0,0,0
241.4023,disk0,941865927847936,2124821184,12933644268073178
241.4023,disk0w,2190313926656,19809200,1286326190741
241.4023,disk4,8143009875968,16410749,93939598318606
241.4023,disk4w,2195456,171,27582691
241.4023,disk8,7845139589120,7931671,65206147052135
241.4023,disk8w,355368960,46571,2468331488
241.4023,disk6,14139636328448,23043633,192962446694415
241.4023,disk6w,491520,70,201274851
241.4023,ram,402489344,65606877184,284492
241.4023,cpu,15836980,22704939,543360288
241.4023,gpu,37,6,0
241.6061,disk0,941867835830272,2124824305,12933651132692169
241.6061,disk0w,2190313926656,19809200,1286326190741
241.6061,disk4,8143727355904,16412220,93945462561338
241.6061,disk4w,2195456,171,27582691
241.6061,disk8,7845605025792,7932148,65206824531107
241.6061,disk8w,355368960,46571,2468331488
241.6061,disk6,14141032392704,23045413,192974939784669
241.6061,disk6w,491520,70,201274851
241.6061,ram,402489344,65606877184,284492
241.6061,cpu,15836980,22704939,543360288
241.6061,gpu,0,0,0
241.8061,disk0,941869764669440,2124828117,12933659575985915
241.8061,disk0w,2190313926656,19809200,1286326190741
241.8061,disk4,8144590563328,16413989,93952616181710
241.8061,disk4w,2195456,171,27582691
241.8061,disk8,7846056044544,7932610,65207394125120
241.8061,disk8w,355368960,46571,2468331488
241.8061,disk6,14142385383424,23047513,192988581628563
241.8061,disk6w,491520,70,201274851
241.8061,ram,402489344,65606877184,284492
241.8061,cpu,15836980,22704939,543360288
241.8061,gpu,0,0,0
242.0061,disk0,941871731159040,2124832398,12933670672176976
242.0061,disk0w,2190313926656,19809200,1286326190741
242.0061,disk4,8145291036672,16415395,93956871946329
242.0061,disk4w,2195456,171,27582691
242.0061,disk8,7846562244608,7933129,65208022962575
242.0061,disk8w,355368960,46571,2468331488
242.0061,disk6,14143721121792,23049625,193003098155792
242.0061,disk6w,491520,70,201274851
242.0061,ram,402489344,65606877184,284492
242.0061,cpu,15836980,22704939,543360288
242.0061,gpu,0,0,0
242.2051,disk0,941873793642496,2124837405,12933681426121826
242.2051,disk0w,2190313930752,19809201,1286326200074
242.2051,disk4,8145997801472,16416776,93960441548609
242.2051,disk4w,2195456,171,27582691
242.2051,disk8,7847010117632,7933588,65208480903253
242.2051,disk8w,355368960,46571,2468331488
242.2051,disk6,14145113745408,23052109,193019999921668
242.2051,disk6w,491520,70,201274851
242.2051,ram,402489344,65606877184,284492
242.2051,cpu,15836980,22704939,543360288
242.2051,gpu,0,0,0
242.4012,disk0,941875881197568,2124843412,12933692990509871
242.4012,disk0w,2190313930752,19809201,1286326200074
242.4012,disk4,8146885363712,16418531,93968321791833
242.4012,disk4w,2195456,171,27582691
242.4012,disk8,7847598499840,7934191,65209239070599
242.4012,disk8w,355368960,46571,2468331488
242.4012,disk6,14146304665600,23054257,193032335645032
242.4012,disk6w,491520,70,201274851
242.4012,ram,351698944,64450985984,284492
242.4012,cpu,15837043,22705075,543361908
242.4012,gpu,0,0,0
242.6020,disk0,941877639176192,2124847173,12933700208525479
242.6020,disk0w,2190313930752,19809201,1286326200074
242.6020,disk4,8147782748160,16420310,93976218503522
242.6020,disk4w,2195456,171,27582691
242.6020,disk8,7848099063808,7934704,65209779346933
242.6020,disk8w,355368960,46571,2468331488
242.6020,disk6,14147616958464,23056915,193047669446787
242.6020,disk6w,491520,70,201274851
242.6020,ram,351698944,64450985984,284492
242.6020,cpu,15837043,22705075,543361908
242.6020,gpu,36,6,0
242.8027,disk0,941879349821440,2124855890,12933711029979752
242.8027,disk0w,2190313930752,19809201,1286326200074
242.8027,disk4,8148387743744,16421550,93981560710645
242.8027,disk4w,2195456,171,27582691
242.8027,disk8,7848783931392,7935406,65212480015245
242.8027,disk8w,355368960,46571,2468331488
242.8027,disk6,14148732545024,23058535,193057625422994
242.8027,disk6w,491520,70,201274851
242.8027,ram,351698944,64450985984,284492
242.8027,cpu,15837043,22705075,543361908
242.8027,gpu,0,0,0
243.0051,disk0,941881405853696,2124859711,12933719710352990
243.0051,disk0w,2190313930752,19809201,1286326200074
243.0051,disk4,8149390575616,16423606,93992115197976
243.0051,disk4w,2195456,171,27582691
243.0051,disk8,7849338234880,7935974,65213225939062
243.0051,disk8w,355368960,46571,2468331488
243.0051,disk6,14150055585792,23060066,193065225152168
243.0051,disk6w,491520,70,201274851
243.0051,ram,351698944,64450985984,284492
243.0051,cpu,15837043,22705075,543361908
243.0051,gpu,0,0,0
243.2061,disk0,941883253514240,2124863456,12933727183049149
243.2061,disk0w,2190313934848,19809202,1286326211907
243.2061,disk4,8150377269248,16425626,94006304438953
243.2061,disk4w,2195456,171,27582691
243.2061,disk8,7849870387200,7936519,65213898468914
243.2061,disk8w,355368960,46571,2468331488
243.2061,disk6,14151187867648,23061829,193073826634529
243.2061,disk6w,491520,70,201274851
243.2061,ram,351698944,64450985984,284492
243.2061,cpu,15837043,22705075,543361908
243.2061,gpu,0,0,0
243.4061,disk0,941884884721664,2124867052,12933732914721891
243.4061,disk0w,2190313934848,19809202,1286326211907
243.4061,disk4,8151100901376,16427103,94011098844747
243.4061,disk4w,2195456,171,27582691
243.4061,disk8,7850320750592,7936981,65214389351250
243.4061,disk8w,355368960,46571,2468331488
243.4061,disk6,14152605132800,23063822,193090541888294
243.4061,disk6w,491520,70,201274851
243.4061,ram,347865088,65744519168,284492
243.4061,cpu,15837181,22705245,543363467
243.4061,gpu,0,0,0
243.6061,disk0,941886965067776,2124872100,12933744475888012
243.6061,disk0w,2190314020864,19809208,1286326334614
243.6061,disk4,8151915137024,16428681,94016781034297
243.6061,disk4w,2195456,171,27582691
243.6061,disk8,7850780551168,7937452,65215031399083
243.6061,disk8w,355368960,46571,2468331488
243.6061,disk6,14153921214464,23066149,193105632204636
243.6061,disk6w,491520,70,201274851
243.6061,ram,347865088,65744519168,284492
243.6061,cpu,15837181,22705245,543363467
243.6061,gpu,0,0,0
243.8061,disk0,941888762736640,2124876009,12933752863430096
243.8061,disk0w,2190314020864,19809208,1286326334614
243.8061,disk4,8152873043968,16430567,94027584937960
243.8061,disk4w,2195456,171,27582691
243.8061,disk8,7851269187584,7937953,65215744826455
243.8061,disk8w,355368960,46571,2468331488
243.8061,disk6,14155107219456,23068403,193117625508689
243.8061,disk6w,491520,70,201274851
243.8061,ram,347865088,65744519168,284492
243.8061,cpu,15837181,22705245,543363467
243.8061,gpu,0,0,0
244.0041,disk0,941890821832704,2124883410,12933767985907908
244.0041,disk0w,2190314213376,19809214,1286326463279
244.0041,disk4,8153617221632,16432036,94032757747699
244.0041,disk4w,2195456,171,27582691
244.0041,disk8,7851740915712,7938436,65216226465795
244.0041,disk8w,355368960,46571,2468331488
244.0041,disk6,14156345440256,23070657,193132282406220
244.0041,disk6w,491520,70,201274851
244.0041,ram,347865088,65744519168,284492
244.0041,cpu,15837181,22705245,543363467
244.0041,gpu,0,0,0
244.2062,disk0,941892676489216,2124886644,12933776758250696
244.2062,disk0w,2190330744832,19809232,1286328409898
244.2062,disk4,8154339805184,16433494,94039439122435
244.2062,disk4w,2195456,171,27582691
244.2062,disk8,7852364343296,7939075,65217697178959
244.2062,disk8w,355368960,46571,2468331488
244.2062,disk6,14157496596480,23072542,193142670017374
244.2062,disk6w,491520,70,201274851
244.2062,ram,347865088,65744519168,284492
244.2062,cpu,15837181,22705245,543363467
244.2062,gpu,0,0,0
244.4051,disk0,941894852980736,2124896211,12933791021660338
244.4051,disk0w,2190331191296,19809235,1286328877272
244.4051,disk4,8154994296832,16434836,94044601464622
244.4051,disk4w,2195456,171,27582691
244.4051,disk8,7852999124992,7939726,65218798877736
244.4051,disk8w,355368960,46571,2468331488
244.4051,disk6,14158814394368,23074503,193153281340300
244.4051,disk6w,491520,70,201274851
244.4051,ram,399097856,65657372672,284492
244.4051,cpu,15837278,22705402,543364990
244.4051,gpu,0,0,0
244.6062,disk0,941896955506688,2124899807,12933799276896702
244.6062,disk0w,2190331191296,19809235,1286328877272
244.6062,disk4,8155986102272,16436871,94054734421441
244.6062,disk4w,2195456,171,27582691
244.6062,disk8,7853483173888,7940222,65219324633906
244.6062,disk8w,355368960,46571,2468331488
244.6062,disk6,14160096229376,23076154,193161195995627
244.6062,disk6w,491520,70,201274851
244.6062,ram,399097856,65657372672,284492
244.6062,cpu,15837278,22705402,543364990
244.6062,gpu,0,0,0
244.8062,disk0,941899037143040,2124904297,12933809605445158
244.8062,disk0w,2190331191296,19809235,1286328877272
244.8062,disk4,8156725184512,16438386,94060928110321
244.8062,disk4w,2195456,171,27582691
244.8062,disk8,7853982689280,7940734,65219945714101
244.8062,disk8w,355368960,46571,2468331488
244.8062,disk6,14161416648704,23078117,193173014935080
244.8062,disk6w,491520,70,201274851
244.8062,ram,399097856,65657372672,284492
244.8062,cpu,15837278,22705402,543364990
244.8062,gpu,0,0,0
245.0062,disk0,941900982431744,2124908575,12933819437546344
245.0062,disk0w,2190331211776,19809237,1286328898813
245.0062,disk4,8157544810496,16440012,94068077255877
245.0062,disk4w,2195456,171,27582691
245.0062,disk8,7854412998656,7941175,65220533149451
245.0062,disk8w,355368960,46571,2468331488
245.0062,disk6,14162756405248,23080269,193185770233277
245.0062,disk6w,491520,70,201274851
245.0062,ram,399097856,65657372672,284492
245.0062,cpu,15837278,22705402,543364990
245.0062,gpu,0,0,0
245.2036,disk0,941902810394624,2124912736,12933825551725708
245.2036,disk0w,2190331211776,19809237,1286328898813
245.2036,disk4,8158284793856,16441466,94072482568483
245.2036,disk4w,2195456,171,27582691
245.2036,disk8,7854897047552,7941671,65221146258780
245.2036,disk8w,355368960,46571,2468331488
245.2036,disk6,14164129892352,23082754,193206298126515
245.2036,disk6w,491520,70,201274851
245.2036,ram,399097856,65657372672,284492
245.2036,cpu,15837278,22705402,543364990
245.2036,gpu,0,0,0
245.4062,disk0,941904757846016,2124918775,12933836515108269
245.4062,disk0w,2190331211776,19809237,1286328898813
245.4062,disk4,8159354415104,16443574,94082813147160
245.4062,disk4w,2195456,171,27582691
245.4062,disk8,7855443617792,7942231,65221837987101
245.4062,disk8w,355368960,46571,2468331488
245.4062,disk6,14165391591424,23084974,193217229618781
245.4062,disk6w,491520,70,201274851
245.4062,ram,348094464,64450510848,284492
245.4062,cpu,15837342,22705538,543366625
245.4062,gpu,0,0,0
245.6062,disk0,941906505723904,2124921850,12933843108166288
245.6062,disk0w,2190331211776,19809237,1286328898813
245.6062,disk4,8159974991872,16444808,94088109718338
245.6062,disk4w,2195456,171,27582691
245.6062,disk8,7855950342144,7942748,65222688228880
245.6062,disk8w,355368960,46571,2468331488
245.6062,disk6,14166552627200,23087296,193232964647533
245.6062,disk6w,491520,70,201274851
245.6062,ram,348094464,64450510848,284492
245.6062,cpu,15837342,22705538,543366625
245.6062,gpu,0,0,0
245.8062,disk0,941908873695232,2124926310,12933857463756631
245.8062,disk0w,2190331211776,19809237,1286328898813
245.8062,disk4,8160772982784,16446445,94094737561008
245.8062,disk4w,2195456,171,27582691
245.8062,disk8,7856599574528,7943416,65224204054786
245.8062,disk8w,355368960,46571,2468331488
245.8062,disk6,14167776495616,23089119,193242530335470
245.8062,disk6w,491520,70,201274851
245.8062,ram,348094464,64450510848,284492
245.8062,cpu,15837342,22705538,543366625
245.8062,gpu,0,0,0
246.0052,disk0,941910912733184,2124929735,12933865987352044
246.0052,disk0w,2190331215872,19809238,1286328911188
246.0052,disk4,8161539819520,16448018,94101263896981
246.0052,disk4w,2195456,171,27582691
246.0052,disk8,7857073793024,7943902,65224789904830
246.0052,disk8w,355368960,46571,2468331488
246.0052,disk6,14169081497600,23090713,193252132540437
246.0052,disk6w,491520,70,201274851
246.0052,ram,348094464,64450510848,284492
246.0052,cpu,15837342,22705538,543366625
246.0052,gpu,0,0,0
246.2062,disk0,941912847208448,2124933266,12933874030116683
246.2062,disk0w,2190331215872,19809238,1286328911188
246.2062,disk4,8162355775488,16449691,94110135856291
246.2062,disk4w,2195456,171,27582691
246.2062,disk8,7857679738880,7944523,65225587110869
246.2062,disk8w,355368960,46571,2468331488
246.2062,disk6,14170323109888,23092596,193263491988604
246.2062,disk6w,491520,70,201274851
246.2062,ram,348094464,64450510848,284492
246.2062,cpu,15837342,22705538,543366625
246.2062,gpu,0,0,0
246.4062,disk0,941914675613696,2124937127,12933881387714174
246.4062,disk0w,2190331482112,19809254,1286329194184
246.4062,disk4,8163132573696,16451260,94116701014034
246.4062,disk4w,2195456,171,27582691
246.4062,disk8,7858095630336,7944949,65226057995229
246.4062,disk8w,355368960,46571,2468331488
246.4062,disk6,14171670185984,23094657,193279017302233
246.4062,disk6w,491520,70,201274851
246.4062,ram,345522176,65922908160,284492
246.4062,cpu,15837393,22705657,543368201
246.4062,gpu,0,0,0
246.6062,disk0,941916774109184,2124942033,12933892274646064
246.6062,disk0w,2190331482112,19809254,1286329194184
246.6062,disk4,8163973285888,16452896,94121676207617
246.6062,disk4w,2195456,171,27582691
246.6062,disk8,7858566703104,7945432,65226596556275
246.6062,disk8w,355368960,46571,2468331488
246.6062,disk6,14173037463552,23097203,193295498871121
246.6062,disk6w,491520,70,201274851
246.6062,ram,345522176,65922908160,284492
246.6062,cpu,15837393,22705657,543368201
246.6062,gpu,0,0,0
246.8062,disk0,941918810476544,2124946258,12933900756832148
246.8062,disk0w,2190331482112,19809254,1286329194184
246.8062,disk4,8164762912768,16454454,94126278355185
246.8062,disk4w,2195456,171,27582691
246.8062,disk8,7859156133888,7946036,65227318550585
246.8062,disk8w,355368960,46571,2468331488
246.8062,disk6,14174358751232,23099502,193312445409825
246.8062,disk6w,491520,70,201274851
246.8062,ram,345522176,65922908160,284492
246.8062,cpu,15837393,22705657,543368201
246.8062,gpu,0,0,0
247.0062,disk0,941920847777792,2124951762,12933912660388110
247.0062,disk0w,2190331486208,19809255,1286329213517
247.0062,disk4,8165619582976,16456141,94133843876728
247.0062,disk4w,2195456,171,27582691
247.0062,disk8,7859717122048,7946611,65228189537096
247.0062,disk8w,355368960,46571,2468331488
247.0062,disk6,14175657805824,23102041,193327125286727
247.0062,disk6w,491520,70,201274851
247.0062,ram,345522176,65922908160,284492
247.0062,cpu,15837393,22705657,543368201
247.0062,gpu,0,0,0
247.2062,disk0,941922642792448,2124955672,12933922283578176
247.2062,disk0w,2190331486208,19809255,1286329213517
247.2062,disk4,8166258100224,16457435,94139965593140
247.2062,disk4w,2195456,171,27582691
247.2062,disk8,7860275570688,7947183,65229332961827
247.2062,disk8w,355368960,46571,2468331488
247.2062,disk6,14176801949696,23103936,193339539027074
247.2062,disk6w,491520,70,201274851
247.2062,ram,345522176,65922908160,284492
247.2062,cpu,15837393,22705657,543368201
247.2062,gpu,32,8,0
247.4056,disk0,941924784549888,2124960575,12933935501674973
247.4056,disk0w,2190331486208,19809255,1286329213517
247.4056,disk4,8167005816832,16458970,94145446112072
247.4056,disk4w,2195456,171,27582691
247.4056,disk8,7860762109952,7947682,65229965721617
247.4056,disk8w,355368960,46571,2468331488
247.4056,disk6,14178077100032,23105670,193349208060670
247.4056,disk6w,491520,70,201274851
247.4056,ram,354795520,65639940096,284492
247.4056,cpu,15837451,22705800,543369818
247.4056,gpu,0,0,0
247.6062,disk0,941926761844736,2124964028,12933943876466103
247.6062,disk0w,2190331486208,19809255,1286329213517
247.6062,disk4,8167655065600,16460300,94148680757629
247.6062,disk4w,2195456,171,27582691
247.6062,disk8,7861248256000,7948180,65230641172371
247.6062,disk8w,355368960,46571,2468331488
247.6062,disk6,14179459270656,23107451,193362207778145
247.6062,disk6w,491520,70,201274851
247.6062,ram,354795520,65639940096,284492
247.6062,cpu,15837451,22705801,543369833
247.6062,gpu,0,0,0
247.8062,disk0,941928574242816,2124967728,12933951125359071
247.8062,disk0w,2190331486208,19809255,1286329213517
247.8062,disk4,8168297883648,16461619,94153455645177
247.8062,disk4w,2195456,171,27582691
247.8062,disk8,7861842274304,7948789,65231408431548
247.8062,disk8w,355368960,46571,2468331488
247.8062,disk6,14180845930496,23109567,193378757469643
247.8062,disk6w,491520,70,201274851
247.8062,ram,354795520,65639940096,284492
247.8062,cpu,15837451,22705801,543369833
247.8062,gpu,0,0,0
248.0062,disk0,941930627166208,2124972226,12933961966110078
248.0062,disk0w,2190333136896,19809611,1286337156943
248.0062,disk4,8169093957632,16463185,94159491491162
248.0062,disk4w,2195456,171,27582691
248.0062,disk8,7862262360064,7949219,65231908670155
248.0062,disk8w,355368960,46571,2468331488
248.0062,disk6,14182183290880,23111881,193393520544840
248.0062,disk6w,491520,70,201274851
248.0062,ram,354795520,65639940096,284492
248.0062,cpu,15837451,22705801,543369833
248.0062,gpu,0,0,0
248.2062,disk0,941932907999232,2124977381,12933978221018902
248.2062,disk0w,2190333136896,19809611,1286337156943
248.2062,disk4,8169874819072,16464722,94164433825485
248.2062,disk4w,2195456,171,27582691
248.2062,disk8,7862908020736,7949881,65232684954308
248.2062,disk8w,355368960,46571,2468331488
248.2062,disk6,14183437879296,23114316,193407501407538
248.2062,disk6w,491520,70,201274851
248.2062,ram,354795520,65639940096,284492
248.2062,cpu,15837451,22705801,543369833
248.2062,gpu,0,0,0
248.4062,disk0,941934873014272,2124984743,12933989989591760
248.4062,disk0w,2190333136896,19809611,1286337156943
248.4062,disk4,8170683041792,16466321,94169669397282
248.4062,disk4w,2195456,171,27582691
248.4062,disk8,7863420512256,7950406,65233346955132
248.4062,disk8w,355368960,46571,2468331488
248.4062,disk6,14184766638080,23116540,193422608571793
248.4062,disk6w,491520,70,201274851
248.4062,ram,347815936,64434880512,284492
248.4062,cpu,15837515,22705949,543371382
248.4062,gpu,0,0,0
248.6062,disk0,941936707756032,2124988229,12933999911542319
248.6062,disk0w,2190338809856,19809699,1286339646162
248.6062,disk4,8171337533440,16467629,94173138890676
248.6062,disk4w,2195456,171,27582691
248.6062,disk8,7863905921024,7950904,65234672056720
248.6062,disk8w,355368960,46571,2468331488
248.6062,disk6,14185946728448,23118788,193436522512204
248.6062,disk6w,491520,70,201274851
248.6062,ram,347815936,64434880512,284492
248.6062,cpu,15837515,22705949,543371382
248.6062,gpu,0,0,0
248.8062,disk0,941938885718016,2124992285,12934009798979678
248.8062,disk0w,2190338863104,19809701,1286339683494
248.8062,disk4,8172078958592,16469150,94178872531126
248.8062,disk4w,2195456,171,27582691
248.8062,disk8,7864450394112,7951462,65235575822989
248.8062,disk8w,355368960,46571,2468331488
248.8062,disk6,14187266676736,23120660,193447592662383
248.8062,disk6w,491520,70,201274851
248.8062,ram,347815936,64434880512,284492
248.8062,cpu,15837515,22705949,543371382
248.8062,gpu,0,0,0
249.0060,disk0,941940759560192,2124995350,12934016137131538
249.0060,disk0w,2190338863104,19809701,1286339683494
249.0060,disk4,8172897159168,16470826,94185170095352
249.0060,disk4w,2195456,171,27582691
249.0060,disk8,7864871921664,7951894,65236044316727
249.0060,disk8w,355368960,46571,2468331488
249.0060,disk6,14188620126208,23122379,193460016976140
249.0060,disk6w,491520,70,201274851
249.0060,ram,347815936,64434880512,284492
249.0060,cpu,15837515,22705949,543371382
249.0060,gpu,0,0,0
249.2015,disk0,941942610575360,2124998928,12934024993150389
249.2015,disk0w,2190338863104,19809701,1286339683494
249.2015,disk4,8173550979072,16472167,94188645467440
249.2015,disk4w,2195456,171,27582691
249.2015,disk8,7865381267456,7952416,65236699966013
249.2015,disk8w,355368960,46571,2468331488
249.2015,disk6,14189979817984,23124439,193475246490528
249.2015,disk6w,491520,70,201274851
249.2015,ram,347815936,64434880512,284492
249.2015,cpu,15837515,22705949,543371382
249.2015,gpu,34,11,0
249.4025,disk0,941944748179456,2125003553,12934037740912742
249.4025,disk0w,2190338863104,19809701,1286339683494
249.4025,disk4,8174323058688,16473710,94192747226518
249.4025,disk4w,2195456,171,27582691
249.4025,disk8,7865926789120,7952975,65237376001688
249.4025,disk8w,355368960,46571,2468331488
249.4025,disk6,14191236421632,23126525,193488227862411
249.4025,disk6w,491520,70,201274851
249.4025,ram,347668480,65800617984,284492
249.4025,cpu,15837572,22706078,543372940
249.4025,gpu,0,0,0
249.6062,disk0,941946975862784,2125008373,12934052162222959
249.6062,disk0w,2190338863104,19809701,1286339683494
249.6062,disk4,8175112685568,16475254,94197375583796
249.6062,disk4w,2195456,171,27582691
249.6062,disk8,7866436134912,7953497,65238085029888
249.6062,disk8w,355368960,46571,2468331488
249.6062,disk6,14192586201088,23128888,193501338789957
249.6062,disk6w,491520,70,201274851
249.6062,ram,347668480,65800617984,284492
249.6062,cpu,15837572,22706078,543372940
249.6062,gpu,0,0,0
249.8062,disk0,941949012365312,2125015012,12934065777427426
249.8062,disk0w,2190338867200,19809702,1286339696869
249.8062,disk4,8176044787712,16477093,94205446010298
249.8062,disk4w,2195456,171,27582691
249.8062,disk8,7866980608000,7954055,65238735952983
249.8062,disk8w,355368960,46571,2468331488
249.8062,disk6,14193808807936,23131069,193513091974552
249.8062,disk6w,491520,70,201274851
249.8062,ram,347668480,65800617984,284492
249.8062,cpu,15837572,22706078,543372940
249.8062,gpu,0,0,0
250.0015,disk0,941950896181248,2125018443,12934074855735721
250.0015,disk0w,2190338867200,19809702,1286339696869
250.0015,disk4,8176675440640,16478342,94209442152971
250.0015,disk4w,2195456,171,27582691
250.0015,disk8,7867449190400,7954535,65239323027535
250.0015,disk8w,355368960,46571,2468331488
250.0015,disk6,14194885433344,23133224,193525616629819
250.0015,disk6w,491520,70,201274851
250.0015,ram,347668480,65800617984,284492
250.0015,cpu,15837572,22706078,543372940
250.0015,gpu,0,0,0
250.2062,disk0,941952912871424,2125022432,12934083218805925
250.2062,disk0w,2190338867200,19809702,1286339696869
250.2062,disk4,8177255933952,16479532,94213757797589
250.2062,disk4w,2195456,171,27582691
250.2062,disk8,7868138678272,7955242,65241258862762
250.2062,disk8w,355368960,46571,2468331488
250.2062,disk6,14196322949120,23135455,193543095346570
250.2062,disk6w,491520,70,201274851
250.2062,ram,347668480,65800617984,284492
250.2062,cpu,15837572,22706078,543372940
250.2062,gpu,0,0,0
250.4062,disk0,941955085242368,2125026038,12934091340898553
250.4062,disk0w,2190338867200,19809702,1286339696869
250.4062,disk4,8177960200192,16480976,94218332341762
250.4062,disk4w,2195456,171,27582691
250.4062,disk8,7868727060480,7955845,65241971998896
250.4062,disk8w,355368960,46571,2468331488
250.4062,disk6,14197723322368,23137110,193554249861147
250.4062,disk6w,491520,70,201274851
250.4062,ram,392380416,65686355968,284492
250.4062,cpu,15837624,22706206,543374506
250.4062,gpu,0,0,0
250.6062,disk0,941957092134912,2125029846,12934100358050322
250.6062,disk0w,2190338867200,19809702,1286339696869
250.6062,disk4,8178689853440,16482468,94223213485241
250.6062,disk4w,2195456,171,27582691
250.6062,disk8,7869192497152,7956322,65242487987393
250.6062,disk8w,355368960,46571,2468331488
250.6062,disk6,14199071725568,23139147,193569400438045
250.6062,disk6w,491520,70,201274851
250.6062,ram,392380416,65686355968,284492
250.6062,cpu,15837624,22706206,543374506
250.6062,gpu,0,0,0
250.8045,disk0,941958810718208,2125033577,12934108323347906
250.8045,disk0w,2190338871296,19809703,1286339706952
250.8045,disk4,8179411781632,16483934,94227585147535
250.8045,disk4w,2195456,171,27582691
250.8045,disk8,7869666715648,7956808,65243097586449
250.8045,disk8w,355368960,46571,2468331488
250.8045,disk6,14200462317568,23141260,193585966352976
250.8045,disk6w,491520,70,201274851
250.8045,ram,392380416,65686355968,284492
250.8045,cpu,15837624,22706206,543374506
250.8045,gpu,0,0,0
251.0062,disk0,941961193656320,2125038918,12934122646449835
251.0062,disk0w,2190338871296,19809703,1286339706952
251.0062,disk4,8180236503040,16485535,94232334909375
251.0062,disk4w,2195456,171,27582691
251.0062,disk8,7870180255744,7957334,65243692433848
251.0062,disk8w,355368960,46571,2468331488
251.0062,disk6,14201776084992,23143713,193599240952487
251.0062,disk6w,491520,70,201274851
251.0062,ram,392380416,65686355968,284492
251.0062,cpu,15837624,22706206,543374506
251.0062,gpu,0,0,0
251.2051,disk0,941963015671808,2125043070,12934130744584071
251.2051,disk0w,2190338871296,19809703,1286339706952
251.2051,disk4,8181074724864,16487188,94238029981603
251.2051,disk4w,2195456,171,27582691
251.2051,disk8,7870729316352,7957897,65244524474159
251.2051,disk8w,355368960,46571,2468331488
251.2051,disk6,14203148965888,23146158,193616193160352
251.2051,disk6w,491520,70,201274851
251.2051,ram,392380416,65686355968,284492
251.2051,cpu,15837624,22706206,543374506
251.2051,gpu,0,0,0
251.4062,disk0,941964954439680,2125049125,12934142245072879
251.4062,disk0w,2190338871296,19809703,1286339706952
251.4062,disk4,8181949179904,16488918,94244479631228
251.4062,disk4w,2195456,171,27582691
251.4062,disk8,7871229880320,7958410,65245075011772
251.4062,disk8w,355368960,46571,2468331488
251.4062,disk6,14204510197760,23148888,193631600052610
251.4062,disk6w,491520,70,201274851
251.4062,ram,350240768,64374489088,284492
251.4062,cpu,15837700,22706341,543376143
251.4062,gpu,0,0,0
251.6062,disk0,941966945783808,2125055095,12934157385845676
251.6062,disk0w,2190338871296,19809703,1286339706952
251.6062,disk4,8182564669440,16490176,94250142029366
251.6062,disk4w,2195456,171,27582691
251.6062,disk8,7871888435200,7959085,65246518054884
251.6062,disk8w,355368960,46571,2468331488
251.6062,disk6,14205560051712,23150621,193640063536498
251.6062,disk6w,491520,70,201274851
251.6062,ram,350240768,64374489088,284492
251.6062,cpu,15837700,22706341,543376143
251.6062,gpu,0,0,0
251.8062,disk0,941969067790336,2125058738,12934165326064781
251.8062,disk0w,2190338875392,19809704,1286339716410
251.8062,disk4,8183087941632,16491250,94252129912138
251.8062,disk4w,2195456,171,27582691
251.8062,disk8,7872468035584,7959679,65247279208605
251.8062,disk8w,355368960,46571,2468331488
251.8062,disk6,14206958016512,23152409,193654601330366
251.8062,disk6w,491520,70,201274851
251.8062,ram,350240768,64374489088,284492
251.8062,cpu,15837700,22706341,543376143
251.8062,gpu,0,0,0
252.0062,disk0,941971376967680,2125063263,12934175196481112
252.0062,disk0w,2190338875392,19809704,1286339716410
252.0062,disk4,8183931643904,16492977,94259157007525
252.0062,disk4w,2195456,171,27582691
252.0062,disk8,7873065199616,7960291,65247934447809
252.0062,disk8w,355368960,46571,2468331488
252.0062,disk6,14208260085760,23154332,193665729570776
252.0062,disk6w,491520,70,201274851
252.0062,ram,350240768,64374489088,284492
252.0062,cpu,15837700,22706341,543376143
252.0062,gpu,0,0,0
252.2062,disk0,941973463830528,2125067602,12934185432269340
252.2062,disk0w,2190338875392,19809704,1286339716410
252.2062,disk4,8184771430400,16494692,94268552066587
252.2062,disk4w,2195456,171,27582691
252.2062,disk8,7873662363648,7960903,65248764223574
252.2062,disk8w,355368960,46571,2468331488
252.2062,disk6,14209572984832,23156350,193675737344711
252.2062,disk6w,491520,70,201274851
252.2062,ram,350240768,64374489088,284492
252.2062,cpu,15837700,22706341,543376143
252.2062,gpu,0,0,0
252.4062,disk0,941975537717248,2125072538,12934199714338599
252.4062,disk0w,2190338875392,19809704,1286339716410
252.4062,disk4,8185517328384,16496137,94272435356858
252.4062,disk4w,2195456,171,27582691
252.4062,disk8,7874039982080,7961290,65249181045367
252.4062,disk8w,355368960,46571,2468331488
252.4062,disk6,14210910971904,23158696,193690551179930
252.4062,disk6w,491520,70,201274851
252.4062,ram,339492864,65840709632,284492
252.4062,cpu,15837790,22706477,543377699
252.4062,gpu,0,0,0
252.6062,disk0,941977762562048,2125077615,12934212559465015
252.6062,disk0w,2190338957312,19809706,1286339755242
252.6062,disk4,8186237814784,16497555,94277509563313
252.6062,disk4w,2195456,171,27582691
252.6062,disk8,7874560206848,7961823,65249781936279
252.6062,disk8w,355368960,46571,2468331488
252.6062,disk6,14212174997504,23160982,193704602765461
252.6062,disk6w,491520,70,201274851
252.6062,ram,339492864,65840709632,284492
252.6062,cpu,15837790,22706477,543377699
252.6062,gpu,0,0,0
252.8033,disk0,941979534622720,2125084222,12934224308199272
252.8033,disk0w,2190338961408,19809707,1286339769117
252.8033,disk4,8187071170560,16499203,94282417339717
252.8033,disk4w,2195456,171,27582691
252.8033,disk8,7875023546368,7962298,65250350885413
252.8033,disk8w,355368960,46571,2468331488
252.8033,disk6,14213459044352,23163111,193719562177732
252.8033,disk6w,491520,70,201274851
252.8033,ram,339492864,65840709632,284492
252.8033,cpu,15837790,22706477,543377699
252.8033,gpu,0,0,0
253.0062,disk0,941981271511040,2125087179,12934231712521950
253.0062,disk0w,2190338961408,19809707,1286339769117
253.0062,disk4,8187605215232,16500274,94285511090738
253.0062,disk4w,2195456,171,27582691
253.0062,disk8,7875638175744,7962928,65252371508121
253.0062,disk8w,355368960,46571,2468331488
253.0062,disk6,14214677784576,23165287,193736340064053
253.0062,disk6w,491520,70,201274851
253.0062,ram,339492864,65840709632,284492
253.0062,cpu,15837790,22706477,543377699
253.0062,gpu,0,0,0
253.2029,disk0,941983429529600,2125092724,12934243536498203
253.2029,disk0w,2190338961408,19809707,1286339769117
253.2029,disk4,8188342970368,16501788,94289532697049
253.2029,disk4w,2195456,171,27582691
253.2029,disk8,7876296812544,7963603,65253390473259
253.2029,disk8w,355368960,46571,2468331488
253.2029,disk6,14216031528960,23167453,193749800904377
253.2029,disk6w,491520,70,201274851
253.2029,ram,339492864,65840709632,284492
253.2029,cpu,15837790,22706477,543377699
253.2029,gpu,0,0,0
253.4062,disk0,941985394511872,2125095666,12934249183362227
253.4062,disk0w,2190338961408,19809707,1286339769117
253.4062,disk4,8189212461056,16503570,94298779348703
253.4062,disk4w,2195456,171,27582691
253.4062,disk8,7876895025152,7964216,65254169805847
253.4062,disk8w,355368960,46571,2468331488
253.4062,disk6,14217305597952,23169024,193759810760393
253.4062,disk6w,491520,70,201274851
253.4062,ram,379699200,65787559936,284492
253.4062,cpu,15837856,22706630,543379245
253.4062,gpu,0,0,0
253.6062,disk0,941987470413824,2125099958,12934258761405372
253.6062,disk0w,2190338965504,19809708,1286339778242
253.6062,disk4,8190057211904,16505302,94306279069381
253.6062,disk4w,2195456,171,27582691
253.6062,disk8,7877511849984,7964848,65254963961855
253.6062,disk8w,355368960,46571,2468331488
253.6062,disk6,14218644531200,23171013,193771877602232
253.6062,disk6w,491520,70,201274851
253.6062,ram,379699200,65787559936,284492
253.6062,cpu,15837856,22706630,543379245
253.6062,gpu,0,0,0
253.8062,disk0,941989542612992,2125104678,12934269794715709
253.8062,disk0w,2190338965504,19809708,1286339778242
253.8062,disk4,8190967728128,16507103,94311966307643
253.8062,disk4w,2195456,171,27582691
253.8062,disk8,7877947795456,7965295,65255598065784
253.8062,disk8w,355368960,46571,2468331488
253.8062,disk6,14219961673728,23173075,193784339898753
253.8062,disk6w,491520,70,201274851
253.8062,ram,379699200,65787559936,284492
253.8062,cpu,15837856,22706630,543379245
253.8062,gpu,0,0,0
254.0062,disk0,941991403704320,2125108764,12934276944770334
254.0062,disk0w,2190338965504,19809708,1286339778242
254.0062,disk4,8191747524608,16508630,94318599932043
254.0062,disk4w,2195456,171,27582691
254.0062,disk8,7878413232128,7965772,65256105279210
254.0062,disk8w,355368960,46571,2468331488
254.0062,disk6,14221318318080,23175488,193802312180714
254.0062,disk6w,491520,70,201274851
254.0062,ram,379699200,65787559936,284492
254.0062,cpu,15837856,22706630,543379245
254.0062,gpu,0,0,0
254.2057,disk0,941993707540480,2125115908,12934294801945935
254.2057,disk0w,2190338965504,19809708,1286339778242
254.2057,disk4,8192466962432,16510047,94323409730969
254.2057,disk4w,2195456,171,27582691
254.2057,disk8,7878946433024,7966318,65256717258571
254.2057,disk8w,355368960,46571,2468331488
254.2057,disk6,14222628431872,23177756,193815170299425
254.2057,disk6w,491520,70,201274851
254.2057,ram,379699200,65787559936,284492
254.2057,cpu,15837856,22706630,543379245
254.2057,gpu,0,0,0
254.4052,disk0,941995623165952,2125120618,12934303101670259
254.4052,disk0w,2190338965504,19809708,1286339778242
254.4052,disk4,8193098663936,16511296,94326946039595
254.4052,disk4w,2195456,171,27582691
254.4052,disk8,7879607560192,7966996,65257587170046
254.4052,disk8w,355368960,46571,2468331488
254.4052,disk6,14223916656640,23180255,193832002278878
254.4052,disk6w,491520,70,201274851
254.4052,ram,338886656,64321224704,284492
254.4052,cpu,15837910,22706762,543380834
254.4052,gpu,0,0,0
254.6062,disk0,941997508567040,2125125358,12934312467836053
254.6062,disk0w,2190338977792,19809711,1286339832949
254.6062,disk4,8193586178048,16512295,94330492020426
254.6062,disk4w,2195456,171,27582691
254.6062,disk8,7880187095040,7967590,65258921771194
254.6062,disk8w,355368960,46571,2468331488
254.6062,disk6,14225199474688,23182188,193847518453742
254.6062,disk6w,491520,70,201274851
254.6062,ram,338886656,64321224704,284492
254.6062,cpu,15837910,22706762,543380834
254.6062,gpu,19,7,0
254.8062,disk0,941999618580480,2125129011,12934320036352107
254.8062,disk0w,2190338977792,19809711,1286339832949
254.8062,disk4,8194363516928,16513888,94337141713380
254.8062,disk4w,2195456,171,27582691
254.8062,disk8,7880678877184,7968094,65259602635662
254.8062,disk8w,355368960,46571,2468331488
254.8062,disk6,14226519435264,23183710,193857378898639
254.8062,disk6w,491520,70,201274851
254.8062,ram,338886656,64321224704,284492
254.8062,cpu,15837910,22706762,543380834
254.8062,gpu,0,0,0
255.0017,disk0,942001872535552,2125133269,12934331946753996
255.0017,disk0w,2190338977792,19809711,1286339832949
255.0017,disk4,8195160475648,16515522,94343020744442
255.0017,disk4w,2195456,171,27582691
255.0017,disk8,7881179441152,7968607,65260145176775
255.0017,disk8w,355368960,46571,2468331488
255.0017,disk6,14227746547712,23185437,193866594889521
255.0017,disk6w,491520,70,201274851
255.0017,ram,338886656,64321224704,284492
255.0017,cpu,15837910,22706762,543380834
255.0017,gpu,0,0,0
255.2062,disk0,942004099883008,2125138224,12934343848558067
255.2062,disk0w,2190344372224,19810069,1286346755371
255.2062,disk4,8195863562240,16516958,94347063131165
255.2062,disk4w,2195456,171,27582691
255.2062,disk8,7881697568768,7969138,65260779226858
255.2062,disk8w,356478976,46723,2473036605
255.2062,disk6,14229153605632,23187540,193880455711586
255.2062,disk6w,491520,70,201274851
255.2062,ram,338886656,64321224704,284492
255.2062,cpu,15837910,22706762,543380834
255.2062,gpu,0,0,0
255.4062,disk0,942006093348864,2125143037,12934358480445147
255.4062,disk0w,2190344372224,19810069,1286346755371
255.4062,disk4,8196520396800,16518231,94350850763192
255.4062,disk4w,2195456,171,27582691
255.4062,disk8,7882031278080,7969480,65261176647246
255.4062,disk8w,356478976,46723,2473036605
255.4062,disk6,14230398756864,23189772,193895893848552
255.4062,disk6w,491520,70,201274851
255.4062,ram,338296832,65818542080,284492
255.4062,cpu,15837971,22706908,543382432
255.4062,gpu,0,0,0
255.6062,disk0,942008059834368,2125147548,12934368798453884
255.6062,disk0w,2190344851456,19810077,1286346985158
255.6062,disk4,8197222287360,16519622,94354832921319
255.6062,disk4w,2195456,171,27582691
255.6062,disk8,7882725042176,7970191,65262077478060
255.6062,disk8w,356478976,46723,2473036605
255.6062,disk6,14231714179072,23192155,193910861375761
255.6062,disk6w,491520,70,201274851
255.6062,ram,338296832,65818542080,284492
255.6062,cpu,15837976,22706915,543382521
255.6062,gpu,0,0,0
255.8062,disk0,942009864585216,2125154801,12934381123449152
255.8062,disk0w,2190344851456,19810077,1286346985158
255.8062,disk4,8197959272448,16521075,94359389093080
255.8062,disk4w,2195456,171,27582691
255.8062,disk8,7883204503552,7970682,65262657113445
255.8062,disk8w,356478976,46723,2473036605
255.8062,disk6,14233024964608,23194493,193927341606588
255.8062,disk6w,491520,70,201274851
255.8062,ram,338296832,65818542080,284492
255.8062,cpu,15837976,22706915,543382521
255.8062,gpu,0,0,0
256.0046,disk0,942011527864320,2125158036,12934389188420917
256.0046,disk0w,2190344851456,19810077,1286346985158
256.0046,disk4,8198686582784,16522545,94365571899847
256.0046,disk4w,2195456,171,27582691
256.0046,disk8,7883778762752,7971271,65264669613578
256.0046,disk8w,356478976,46723,2473036605
256.0046,disk6,14234134161408,23196400,193937718182869
256.0046,disk6w,491520,70,201274851
256.0046,ram,338296832,65818542080,284492
256.0046,cpu,15837976,22706915,543382521
256.0046,gpu,0,0,0
256.2052,disk0,942013185892352,2125161153,12934395247951828
256.2052,disk0w,2190344851456,19810077,1286346985158
256.2052,disk4,8199573620736,16524365,94376047560364
256.2052,disk4w,2195456,171,27582691
256.2052,disk8,7884259272704,7971763,65265436435544
256.2052,disk8w,356478976,46723,2473036605
256.2052,disk6,14235462936576,23198343,193949558826346
256.2052,disk6w,491520,70,201274851
256.2052,ram,338296832,65818542080,284492
256.2052,cpu,15837976,22706915,543382521
256.2052,gpu,0,0,0
256.4062,disk0,942015179481088,2125164438,12934401761766234
256.4062,disk0w,2190344851456,19810077,1286346985158
256.4062,disk4,8200117585920,16525481,94379148322663
256.4062,disk4w,2195456,171,27582691
256.4062,disk8,7884724709376,7972240,65265980281931
256.4062,disk8w,356478976,46723,2473036605
256.4062,disk6,14236873160704,23200215,193964697575022
256.4062,disk6w,491520,70,201274851
256.4062,ram,391168000,65739784192,284492
256.4062,cpu,15838037,22707039,543384019
256.4062,gpu,0,0,0
256.6062,disk0,942017019699200,2125168232,12934410293066423
256.6062,disk0w,2190344855552,19810078,1286346997533
256.6062,disk4,8201000716288,16527291,94389591277631
256.6062,disk4w,2195456,171,27582691
256.6062,disk8,7885236545536,7972765,65266593004416
256.6062,disk8w,356478976,46723,2473036605
256.6062,disk6,14238092523520,23202012,193974424044124
256.6062,disk6w,491520,70,201274851
256.6062,ram,391168000,65739784192,284492
256.6062,cpu,15838037,22707041,543384062
256.6062,gpu,0,0,0
256.8062,disk0,942019022970880,2125172649,12934420010763048
256.8062,disk0w,2190344855552,19810078,1286346997533
256.8062,disk4,8201690155008,16528674,94393478970548
256.8062,disk4w,2195456,171,27582691
256.8062,disk8,7885732521984,7973273,65267162368161
256.8062,disk8w,356478976,46723,2473036605
256.8062,disk6,14239487293440,23204158,193990768223723
256.8062,disk6w,491520,70,201274851
256.8062,ram,391168000,65739784192,284492
256.8062,cpu,15838037,22707041,543384062
256.8062,gpu,0,0,0
257.0062,disk0,942020894924800,2125177208,12934430442064678
257.0062,disk0w,2190344855552,19810078,1286346997533
257.0062,disk4,8202486466560,16530230,94400850881465
257.0062,disk4w,2195456,171,27582691
257.0062,disk8,7886044473344,7973593,65267592328758
257.0062,disk8w,356478976,46723,2473036605
257.0062,disk6,14240784594944,23206348,194004486108732
257.0062,disk6w,491520,70,201274851
257.0062,ram,391168000,65739784192,284492
257.0062,cpu,15838037,22707041,543384062
257.0062,gpu,0,0,0
257.2034,disk0,942022827122688,2125181881,12934439825260547
257.2034,disk0w,2190344855552,19810078,1286346997533
257.2034,disk4,8203166763008,16531571,94405104799537
257.2034,disk4w,2195456,171,27582691
257.2034,disk8,7886571382784,7974133,65268278900243
257.2034,disk8w,356478976,46723,2473036605
257.2034,disk6,14242132916224,23208809,194022162910385
257.2034,disk6w,491520,70,201274851
257.2034,ram,391168000,65739784192,284492
257.2034,cpu,15838037,22707041,543384062
257.2034,gpu,0,0,0
257.4062,disk0,942024682319872,2125187820,12934449996978383
257.4062,disk0w,2190344855552,19810078,1286346997533
257.4062,disk4,8203993778176,16533209,94410461630208
257.4062,disk4w,2195456,171,27582691
257.4062,disk8,7887028037632,7974601,65268753427884
257.4062,disk8w,356478976,46723,2473036605
257.4062,disk6,14243479205888,23211286,194039940886900
257.4062,disk6w,491520,70,201274851
257.4062,ram,351879168,64305758208,284492
257.4062,cpu,15838091,22707168,543385612
257.4062,gpu,0,0,0
257.6062,disk0,942026722160640,2125194985,12934464491033854
257.6062,disk0w,2190344859648,19810079,1286347016699
257.6062,disk4,8204800755712,16534860,94417119148078
257.6062,disk4w,2195456,171,27582691
257.6062,disk8,7887598839808,7975186,65269476333765
257.6062,disk8w,356478976,46723,2473036605
257.6062,disk6,14244645402624,23213125,194049216900768
257.6062,disk6w,491520,70,201274851
257.6062,ram,351879168,64305758208,284492
257.6062,cpu,15838091,22707169,543385641
257.6062,gpu,0,0,0
257.8055,disk0,942028688453632,2125198535,12934472751001108
257.8055,disk0w,2190344859648,19810079,1286347016699
257.8055,disk4,8205478135808,16536247,94422135291177
257.8055,disk4w,2195456,171,27582691
257.8055,disk8,7888125749248,7975726,65270143005126
257.8055,disk8w,356478976,46723,2473036605
257.8055,disk6,14245926123520,23214675,194060795105020
257.8055,disk6w,491520,70,201274851
257.8055,ram,351879168,64305758208,284492
257.8055,cpu,15838091,22707169,543385641
257.8055,gpu,0,0,0
258.0062,disk0,942030882058240,2125202402,12934482675492021
258.0062,disk0w,2190344859648,19810079,1286347016699
258.0062,disk4,8206294222848,16537922,94431981589076
258.0062,disk4w,2195456,171,27582691
258.0062,disk8,7888670222336,7976284,65270829533316
258.0062,disk8w,356478976,46723,2473036605
258.0062,disk6,14247021164544,23216258,194068027284320
258.0062,disk6w,491520,70,201274851
258.0062,ram,351879168,64305758208,284492
258.0062,cpu,15838091,22707169,543385641
258.0062,gpu,0,0,0
258.2062,disk0,942032880513024,2125206885,12934492850067820
258.2062,disk0w,2190344859648,19810079,1286347016699
258.2062,disk4,8207099447296,16539573,94438615453269
258.2062,disk4w,2195456,171,27582691
258.2062,disk8,7889153222656,7976779,65271384974392
258.2062,disk8w,356478976,46723,2473036605
258.2062,disk6,14248393144320,23218347,194081705426430
258.2062,disk6w,491520,70,201274851
258.2062,ram,351879168,64305758208,284492
258.2062,cpu,15838091,22707169,543385641
258.2062,gpu,0,0,0
258.4057,disk0,942034932297728,2125211740,12934503875812139
258.4057,disk0w,2190344863744,19810080,1286347030240
258.4057,disk4,8207862761472,16541056,94443673544981
258.4057,disk4w,2195456,171,27582691
258.4057,disk8,7889609484288,7977246,65271929783114
258.4057,disk8w,356478976,46723,2473036605
258.4057,disk6,14249710057472,23220486,194096012700744
258.4057,disk6w,491520,70,201274851
258.4057,ram,347570176,65807237120,284492
258.4057,cpu,15838159,22707323,543387169
258.4057,gpu,0,0,0
258.6057,disk0,942037380837376,2125217436,12934518820110589
258.6057,disk0w,2190344863744,19810080,1286347030240
258.6057,disk4,8208649840640,16542605,94448839587373
258.6057,disk4w,2195456,171,27582691
258.6057,disk8,7890224605184,7977877,65272765220733
258.6057,disk8w,356478976,46723,2473036605
258.6057,disk6,14250999527424,23222753,194107090143885
258.6057,disk6w,491520,70,201274851
258.6057,ram,348012544,65807237120,284492
258.6057,cpu,15838159,22707328,543387202
258.6057,gpu,0,0,0
258.8052,disk0,942039359303680,2125224547,12934531427398427
258.8052,disk0w,2190344880128,19810082,1286347072489
258.8052,disk4,8209408870400,16544103,94454196494563
258.8052,disk4w,2195456,171,27582691
258.8052,disk8,7890686502912,7978350,65273224247159
258.8052,disk8w,356478976,46723,2473036605
258.8052,disk6,14252332824576,23225108,194122403400537
258.8052,disk6w,491520,70,201274851
258.8052,ram,348012544,65807237120,284492
258.8052,cpu,15838159,22707328,543387202
258.8052,gpu,0,0,0
259.0022,disk0,942040898666496,2125227395,12934537186661078
259.0022,disk0w,2190344880128,19810082,1286347072489
259.0022,disk4,8210034952192,16545372,94458464597000
259.0022,disk4w,2195456,171,27582691
259.0022,disk8,7891199272960,7978876,65275124764564
259.0022,disk8w,356478976,46723,2473036605
259.0022,disk6,14253488912384,23227065,194137479979919
259.0022,disk6w,491520,70,201274851
259.0022,ram,348012544,65807237120,284492
259.0022,cpu,15838159,22707328,543387202
259.0022,gpu,0,0,0
259.2062,disk0,942042952138752,2125233758,12934547156620843
259.2062,disk0w,2190344880128,19810082,1286347072489
259.2062,disk4,8210724014080,16546785,94463215363446
259.2062,disk4w,2195456,171,27582691
259.2062,disk8,7891770091520,7979461,65275866058823
259.2062,disk8w,356478976,46723,2473036605
259.2062,disk6,14254879160320,23228865,194149573816015
259.2062,disk6w,491520,70,201274851
259.2062,ram,348012544,65807237120,284492
259.2062,cpu,15838159,22707328,543387202
259.2062,gpu,32,8,0
259.4062,disk0,942045072523264,2125237395,12934557610793753
259.4062,disk0w,2190344884224,19810083,1286347081947
259.4062,disk4,8211409258496,16548191,94466950261181
259.4062,disk4w,2195456,171,27582691
259.4062,disk8,7892253091840,7979956,65276470695116
259.4062,disk8w,356478976,46723,2473036605
259.4062,disk6,14256136878080,23230527,194160959049327
259.4062,disk6w,491520,70,201274851
259.4062,ram,394756096,65766047744,284492
259.4062,cpu,15838221,22707460,543388753
259.4062,gpu,0,0,0
259.6044,disk0,942046871797760,2125241193,12934565855662167
259.6044,disk0w,2190344884224,19810083,1286347081947
259.6044,disk4,8212212762624,16549839,94476050491457
259.6044,disk4w,2195456,171,27582691
259.6044,disk8,7892718528512,7980433,65276963825870
259.6044,disk8w,356478976,46723,2473036605
259.6044,disk6,14257359353856,23232262,194172786860989
259.6044,disk6w,491520,70,201274851
259.6044,ram,394756096,65766047744,284492
259.6044,cpu,15838221,22707460,543388753
259.6044,gpu,0,0,0
259.8061,disk0,942048745635840,2125245623,12934574712890765
259.8061,disk0w,2190344884224,19810083,1286347081947
259.8061,disk4,8212742850560,16550897,94478611022653
259.8061,disk4w,2195456,171,27582691
259.8061,disk8,7893204674560,7980931,65277495416622
259.8061,disk8w,356478976,46723,2473036605
259.8061,disk6,14258784532480,23234569,194191729539083
259.8061,disk6w,491520,70,201274851
259.8061,ram,394756096,65766047744,284492
259.8061,cpu,15838221,22707460,543388753
259.8061,gpu,0,0,0
260.0062,disk0,942050574860288,2125249780,12934583743274438
260.0062,disk0w,2190344884224,19810083,1286347081947
260.0062,disk4,8213497382912,16552372,94483208708583
260.0062,disk4w,2195456,171,27582691
260.0062,disk8,7893640620032,7981378,65277970858597
260.0062,disk8w,356478976,46723,2473036605
260.0062,disk6,14260148467712,23236864,194208754769856
260.0062,disk6w,491520,70,201274851
260.0062,ram,394756096,65766047744,284492
260.0062,cpu,15838221,22707460,543388753
260.0062,gpu,0,0,0
260.2015,disk0,942052636475392,2125257057,12934601798289010
260.2015,disk0w,2190344884224,19810083,1286347081947
260.2015,disk4,8214245246976,16553850,94487939364552
260.2015,disk4w,2195456,171,27582691
260.2015,disk8,7894202656768,7981954,65278813715948
260.2015,disk8w,356478976,46723,2473036605
260.2015,disk6,14261382641664,23239127,194221320437488
260.2015,disk6w,491520,70,201274851
260.2015,ram,394756096,65766047744,284492
260.2015,cpu,15838221,22707460,543388753
260.2015,gpu,0,0,0
260.4062,disk0,942054487396352,2125261154,12934610890513525
260.4062,disk0w,2190344892416,19810085,1286347114738
260.4062,disk4,8214980134912,16555303,94491997904570
260.4062,disk4w,2195456,171,27582691
260.4062,disk8,7894703220736,7982467,65279350096250
260.4062,disk8w,356478976,46723,2473036605
260.4062,disk6,14262637033472,23241404,194238249951810
260.4062,disk6w,491520,70,201274851
260.4062,ram,412663808,64116408320,284492
260.4062,cpu,15838273,22707589,543390352
260.4062,gpu,0,0,0
260.6038,disk0,942056487284736,2125264835,12934621123824040
260.6038,disk0w,2190344892416,19810085,1286347114738
260.6038,disk4,8215648266240,16556673,94498343767947
260.6038,disk4w,2195456,171,27582691
260.6038,disk8,7895203719168,7982980,65280423424988
260.6038,disk8w,356478976,46723,2473036605
260.6038,disk6,14263830067200,23243219,194249482894993
260.6038,disk6w,491520,70,201274851
260.6038,ram,412663808,64116408320,284492
260.6038,cpu,15838275,22707594,543390431
260.6038,gpu,0,0,0
260.8062,disk0,942058647859200,2125268758,12934629374391367
260.8062,disk0w,2190344892416,19810085,1286347114738
260.8062,disk4,8216585717760,16558596,94505959371384
260.8062,disk4w,2195456,171,27582691
260.8062,disk8,7895809665024,7983601,65281189206363
260.8062,disk8w,356478976,46723,2473036605
260.8062,disk6,14265211451392,23244844,194258719229044
260.8062,disk6w,491520,70,201274851
260.8062,ram,412663808,64116408320,284492
260.8062,cpu,15838275,22707594,543390431
260.8062,gpu,0,0,0
261.0062,disk0,942060508065792,2125272286,12934637971214266
261.0062,disk0w,2190344892416,19810085,1286347114738
261.0062,disk4,8217532508160,16560537,94514928300372
261.0062,disk4w,2195456,171,27582691
261.0062,disk8,7896283883520,7984087,65281769537400
261.0062,disk8w,356478976,46723,2473036605
261.0062,disk6,14266498824192,23246806,194269861985910
261.0062,disk6w,491520,70,201274851
261.0062,ram,412663808,64116408320,284492
261.0062,cpu,15838275,22707594,543390431
261.0062,gpu,0,0,0
261.2062,disk0,942062267465728,2125276225,12934645897369118
261.2062,disk0w,2190344892416,19810085,1286347114738
261.2062,disk4,8218149668864,16561783,94518316031329
261.2062,disk4w,2195456,171,27582691
261.2062,disk8,7896731756544,7984546,65282317809120
261.2062,disk8w,356478976,46723,2473036605
261.2062,disk6,14267893495808,23248768,194285090698832
261.2062,disk6w,491520,70,201274851
261.2062,ram,412663808,64116408320,284492
261.2062,cpu,15838275,22707594,543390431
261.2062,gpu,0,0,0
261.4062,disk0,942064211943424,2125281023,12934655370013856
261.4062,disk0w,2190344896512,19810086,1286347124779
261.4062,disk4,8218744031232,16562937,94521672994993
261.4062,disk4w,2195456,171,27582691
261.4062,disk8,7897126938624,7984951,65282751392889
261.4062,disk8w,356478976,46723,2473036605
261.4062,disk6,14269246109696,23251186,194302996574091
261.4062,disk6w,491520,70,201274851
261.4062,ram,429408256,65813708800,284492
261.4062,cpu,15838275,22707594,543390431
261.4062,gpu,0,0,0
261.6052,disk0,942066138669056,2125285514,12934665571112722
261.6052,disk0w,2190344896512,19810086,1286347124779
261.6052,disk4,8219544782848,16564519,94527172369331
261.6052,disk4w,2195456,171,27582691
261.6052,disk8,7897566029824,7985401,65283270007153
261.6052,disk8w,356478976,46723,2473036605
261.6052,disk6,14270583240704,23253657,194319807491627
261.6052,disk6w,491520,70,201274851
261.6052,ram,429408256,65813708800,284492
261.6052,cpu,15838334,22707720,543392117
261.6052,gpu,0,0,0
261.8021,disk0,942068128931840,2125292219,12934678679319762
261.8021,disk0w,2190344896512,19810086,1286347124779
261.8021,disk4,8220279425024,16565969,94531666663888
261.8021,disk4w,2195456,171,27582691
261.8021,disk8,7898031466496,7985878,65283774438325
261.8021,disk8w,356478976,46723,2473036605
261.8021,disk6,14271759452160,23255740,194335400562386
261.8021,disk6w,491520,70,201274851
261.8021,ram,429408256,65813708800,284492
261.8021,cpu,15838334,22707720,543392117
261.8021,gpu,0,0,0
262.0062,disk0,942070164189184,2125295942,12934687578337799
262.0062,disk0w,2190344896512,19810086,1286347124779
262.0062,disk4,8221056223232,16567548,94537726289830
262.0062,disk4w,2195456,171,27582691
262.0062,disk8,7898584655872,7986445,65284711239504
262.0062,disk8w,356478976,46723,2473036605
262.0062,disk6,14273020413952,23257929,194349142078576
262.0062,disk6w,491520,70,201274851
262.0062,ram,429408256,65813708800,284492
262.0062,cpu,15838334,22707720,543392117
262.0062,gpu,0,0,0
262.2062,disk0,942072053805056,2125302322,12934697703789124
262.2062,disk0w,2190344896512,19810086,1286347124779
262.2062,disk4,8221704816640,16568879,94541281598504
262.2062,disk4w,2195456,171,27582691
262.2062,disk8,7899190601728,7987066,65285451475381
262.2062,disk8w,356478976,46723,2473036605
262.2062,disk6,14274410350592,23259672,194361297155403
262.2062,disk6w,491520,70,201274851
262.2062,ram,429408256,65813708800,284492
262.2062,cpu,15838334,22707720,543392117
262.2062,gpu,0,0,0
262.4062,disk0,942074611023872,2125307276,12934710642136070
262.4062,disk0w,2190344900608,19810087,1286347135987
262.4062,disk4,8222499162112,16570507,94546954684096
262.4062,disk4w,2195456,171,27582691
262.4062,disk8,7899814111232,7987705,65286357944086
262.4062,disk8w,356478976,46723,2473036605
262.4062,disk6,14275732670464,23261421,194369788092817
262.4062,disk6w,491520,70,201274851
262.4062,ram,448069632,65789673472,284492
262.4062,cpu,15838334,22707720,543392117
262.4062,gpu,0,0,0
262.6062,disk0,942076569055232,2125311290,12934719664462282
262.6062,disk0w,2190344900608,19810087,1286347135987
262.6062,disk4,8223133108224,16571806,94551713122285
262.6062,disk4w,2195456,171,27582691
262.6062,disk8,7900270766080,7988173,65286890587175
262.6062,disk8w,356478976,46723,2473036605
262.6062,disk6,14277075978240,23263483,194384337123876
262.6062,disk6w,491520,70,201274851
262.6062,ram,450904064,65789673472,284492
262.6062,cpu,15838386,22707844,543393612
262.6062,gpu,0,0,0
262.8062,disk0,942078352437248,2125315550,12934729639864620
262.8062,disk0w,2190344900608,19810087,1286347135987
262.8062,disk4,8223618140160,16572756,94553929571050
262.8062,disk4w,2195456,171,27582691
262.8062,disk8,7900586911744,7988497,65287221129845
262.8062,disk8w,356478976,46723,2473036605
262.8062,disk6,14278413748224,23265673,194404150575448
262.8062,disk6w,491520,70,201274851
262.8062,ram,450904064,65789673472,284492
262.8062,cpu,15838386,22707844,543393612
262.8062,gpu,0,0,0
263.0062,disk0,942080277377024,2125320048,12934739343115946
263.0062,disk0w,2190344900608,19810087,1286347135987
263.0062,disk4,8224284411904,16574062,94558465777198
263.0062,disk4w,2195456,171,27582691
263.0062,disk8,7900960991232,7988880,65287601926755
263.0062,disk8w,356478976,46723,2473036605
263.0062,disk6,14279798638592,23268238,194422666219489
263.0062,disk6w,491520,70,201274851
263.0062,ram,450904064,65789673472,284492
263.0062,cpu,15838386,22707844,543393612
263.0062,gpu,0,0,0
263.2062,disk0,942082323214336,2125328749,12934754960137285
263.2062,disk0w,2190344904704,19810088,1286347149153
263.2062,disk4,8225117120512,16575710,94565484932100
263.2062,disk4w,2195456,171,27582691
263.2062,disk8,7901473875968,7989406,65288178423650
263.2062,disk8w,356478976,46723,2473036605
263.2062,disk6,14281091614720,23270423,194434699469381
263.2062,disk6w,491520,70,201274851
263.2062,ram,450904064,65789673472,284492
263.2062,cpu,15838386,22707844,543393612
263.2062,gpu,0,0,0
263.4062,disk0,942083875926016,2125331539,12934761932142916
263.4062,disk0w,2190344904704,19810088,1286347149153
263.4062,disk4,8225719093248,16576901,94568070233539
263.4062,disk4w,2195456,171,27582691
263.4062,disk8,7901860276224,7989802,65288588994234
263.4062,disk8w,356478976,46723,2473036605
263.4062,disk6,14282234185728,23272632,194452859371132
263.4062,disk6w,491520,70,201274851
263.4062,ram,460095488,65327824896,284492
263.4062,cpu,15838386,22707844,543393612
263.4062,gpu,0,0,0
263.6062,disk0,942086031437824,2125338333,12934777688880836
263.6062,disk0w,2190344904704,19810088,1286347149153
263.6062,disk4,8226336393216,16578167,94572070248197
263.6062,disk4w,2195456,171,27582691
263.6062,disk8,7902481197056,7990438,65290127077646
263.6062,disk8w,356478976,46723,2473036605
263.6062,disk6,14283504781312,23274465,194464518952638
263.6062,disk6w,491520,70,201274851
263.6062,ram,458997760,65609547776,284492
263.6062,cpu,15838455,22708007,543395289
263.6062,gpu,0,0,0
263.8062,disk0,942088016687104,2125342043,12934787047050867
263.8062,disk0w,2190344904704,19810088,1286347149153
263.8062,disk4,8227111094272,16579755,94580243874624
263.8062,disk4w,2195456,171,27582691
263.8062,disk8,7902957905920,7990927,65290657421938
263.8062,disk8w,356478976,46723,2473036605
263.8062,disk6,14284697651200,23275849,194473200745221
263.8062,disk6w,491520,70,201274851
263.8062,ram,458997760,65609547776,284492
263.8062,cpu,15838455,22708007,543395289
263.8062,gpu,0,0,0
264.0062,disk0,942089918500864,2125345708,12934794672400624
264.0062,disk0w,2190344904704,19810088,1286347149153
264.0062,disk4,8227737028608,16581039,94583265465245
264.0062,disk4w,2195456,171,27582691
264.0062,disk8,7903560312832,7991544,65291482177159
264.0062,disk8w,356478976,46723,2473036605
264.0062,disk6,14286092797952,23277863,194489152297665
264.0062,disk6w,491520,70,201274851
264.0062,ram,458997760,65609547776,284492
264.0062,cpu,15838455,22708007,543395289
264.0062,gpu,0,0,0
264.2062,disk0,942091695599616,2125349757,12934803546339243
264.2062,disk0w,2190344908800,19810089,1286347158111
264.2062,disk4,8228327491584,16582245,94586656960092
264.2062,disk4w,2195456,171,27582691
264.2062,disk8,7904002942976,7991998,65292008680095
264.2062,disk8w,356478976,46723,2473036605
264.2062,disk6,14287485356032,23279816,194505048130435
264.2062,disk6w,491520,70,201274851
264.2062,ram,458997760,65609547776,284492
264.2062,cpu,15838455,22708007,543395289
264.2062,gpu,0,0,0
264.4062,disk0,942093728133120,2125354722,12934814800015922
264.4062,disk0w,2190344908800,19810089,1286347158111
264.4062,disk4,8229103241216,16583748,94591820118631
264.4062,disk4w,2195456,171,27582691
264.4062,disk8,7904382658560,7992387,65292414946589
264.4062,disk8w,356478976,46723,2473036605
264.4062,disk6,14288857122816,23282236,194521760461080
264.4062,disk6w,491520,70,201274851
264.4062,ram,466812928,65772142592,284492
264.4062,cpu,15838455,22708007,543395289
264.4062,gpu,0,0,0
264.6062,disk0,942095545610240,2125358946,12934825409528659
264.6062,disk0w,2190344908800,19810089,1286347158111
264.6062,disk4,8229655447552,16584842,94594733855425
264.6062,disk4w,2195456,171,27582691
264.6062,disk8,7904819652608,7992835,65292985193813
264.6062,disk8w,356478976,46723,2473036605
264.6062,disk6,14290147952640,23284565,194539570676679
264.6062,disk6w,491520,70,201274851
264.6062,ram,466812928,65772142592,284492
264.6062,cpu,15838508,22708125,543396896
264.6062,gpu,0,0,0
264.8062,disk0,942097526210560,2125366134,12934838208488128
264.8062,disk0w,2190344908800,19810089,1286347158111
264.8062,disk4,8230463145984,16586437,94600271982123
264.8062,disk4w,2195456,171,27582691
264.8062,disk8,7905346562048,7993375,65293616070228
264.8062,disk8w,356478976,46723,2473036605
264.8062,disk6,14291458066432,23286833,194555251159186
264.8062,disk6w,491520,70,201274851
264.8062,ram,466812928,65772142592,284492
264.8062,cpu,15838508,22708125,543396896
264.8062,gpu,0,0,0
265.0055,disk0,942099070160896,2125368780,12934844425251275
265.0055,disk0w,2190344908800,19810089,1286347158111
265.0055,disk4,8231059384320,16587629,94604549916776
265.0055,disk4w,2195456,171,27582691
265.0055,disk8,7905820698624,7993861,65295281143070
265.0055,disk8w,356478976,46723,2473036605
265.0055,disk6,14292616632320,23289003,194570906820514
265.0055,disk6w,491520,70,201274851
265.0055,ram,466812928,65772142592,284492
265.0055,cpu,15838508,22708125,543396896
265.0055,gpu,0,0,0
265.2063,disk0,942101310640128,2125374036,12934855657667610
265.2063,disk0w,2190344912896,19810090,1286347167069
265.2063,disk4,8231787972608,16589124,94609252343014
265.2063,disk4w,2195456,171,27582691
265.2063,disk8,7906391517184,7994446,65296065775998
265.2063,disk8w,356478976,46723,2473036605
265.2063,disk6,14293994084352,23290894,194582900063295
265.2063,disk6w,491520,70,201274851
265.2063,ram,466812928,65772142592,284492
265.2063,cpu,15838508,22708125,543396896
265.2063,gpu,0,0,0
265.4063,disk0,942103471722496,2125377820,12934865701110477
265.4063,disk0w,2190344912896,19810090,1286347167069
265.4063,disk4,8232645453824,16590881,94617401157554
265.4063,disk4w,2195456,171,27582691
265.4063,disk8,7906862196736,7994928,65296661335757
265.4063,disk8w,356478976,46723,2473036605
265.4063,disk6,14295295924224,23292584,194592250560618
265.4063,disk6w,491520,70,201274851
265.4063,ram,244645888,66015526912,284492
265.4063,cpu,15838508,22708125,543396896
265.4063,gpu,0,0,0
265.6020,disk0,942105705566208,2125382538,12934878671374752
265.6020,disk0w,2190344912896,19810090,1286347167069
265.6020,disk4,8233360934912,16592347,94623114849883
265.6020,disk4w,2195456,171,27582691
265.6020,disk8,7907383863296,7995463,65297355095119
265.6020,disk8w,356478976,46723,2473036605
265.6020,disk6,14296537176064,23294448,194602337267884
265.6020,disk6w,491520,70,201274851
265.6020,ram,245284864,66015985664,284492
265.6020,cpu,15838566,22708249,543398386
265.6020,gpu,29,8,0
265.8052,disk0,942107676266496,2125387094,12934888908773892
265.8052,disk0w,2190344912896,19810090,1286347167069
265.8052,disk4,8234001942528,16593616,94627126291926
265.8052,disk4w,2195456,171,27582691
265.8052,disk8,7907796609024,7995886,65297796958971
265.8052,disk8w,356478976,46723,2473036605
265.8052,disk6,14297932916736,23296689,194619453582438
265.8052,disk6w,491520,70,201274851
265.8052,ram,245284864,66015985664,284492
265.8052,cpu,15838566,22708249,543398386
265.8052,gpu,0,0,0
266.0028,disk0,942109562408960,2125391653,12934896818048053
266.0028,disk0w,2190344912896,19810090,1286347167069
266.0028,disk4,8234712074240,16595006,94631429439973
266.0028,disk4w,2195456,171,27582691
266.0028,disk8,7908191791104,7996291,65298245677047
266.0028,disk8w,356478976,46723,2473036605
266.0028,disk6,14299319855104,23299072,194637661055313
266.0028,disk6w,491520,70,201274851
266.0028,ram,245284864,66015985664,284492
266.0028,cpu,15838566,22708249,543398386
266.0028,gpu,0,0,0
266.2063,disk0,942111545741312,2125396720,12934907638281418
266.2063,disk0w,2190345039872,19810098,1286347268733
266.2063,disk4,8235487823872,16596534,94637045108917
266.2063,disk4w,2195456,171,27582691
266.2063,disk8,7908832864256,7996948,65299088654867
266.2063,disk8w,356478976,46723,2473036605
266.2063,disk6,14300656920576,23301226,194651123648968
266.2063,disk6w,491520,70,201274851
266.2063,ram,245284864,66015985664,284492
266.2063,cpu,15838566,22708249,543398386
266.2063,gpu,0,0,0
266.4029,disk0,942113619709952,2125402346,12934920543019182
266.4029,disk0w,2190345039872,19810098,1286347268733
266.4029,disk4,8236207785984,16597958,94642081733813
266.4029,disk4w,2195456,171,27582691
266.4029,disk8,7909324646400,7997452,65299683660074
266.4029,disk8w,356478976,46723,2473036605
266.4029,disk6,14301969885184,23303653,194665291760737
266.4029,disk6w,491520,70,201274851
266.4029,ram,248365056,64435126272,284492
266.4029,cpu,15838566,22708249,543398386
266.4029,gpu,0,0,0
266.6046,disk0,942115531665408,2125408446,12934931432323247
266.6046,disk0w,2190345039872,19810098,1286347268733
266.6046,disk4,8236765104128,16599095,94646780478818
266.6046,disk4w,2195456,171,27582691
266.6046,disk8,7909938931712,7998081,65300637559233
266.6046,disk8w,356478976,46723,2473036605
266.6046,disk6,14303172421632,23305596,194677013271273
266.6046,disk6w,491520,70,201274851
266.6046,ram,250134528,65659502592,284492
266.6046,cpu,15838625,22708379,543399977
266.6046,gpu,0,0,0
266.8063,disk0,942118012678144,2125413019,12934945317476470
266.8063,disk0w,2190345039872,19810098,1286347268733
266.8063,disk4,8237559834624,16600724,94652867575902
266.8063,disk4w,2195456,171,27582691
266.8063,disk8,7910650652672,7998811,65301668800742
266.8063,disk8w,356478976,46723,2473036605
266.8063,disk6,14304462661632,23307221,194684417812316
266.8063,disk6w,491520,70,201274851
266.8063,ram,250134528,65659502592,284492
266.8063,cpu,15838625,22708379,543399977
266.8063,gpu,0,0,0
267.0047,disk0,942120001241088,2125416748,12934954080264120
267.0047,disk0w,2190345089024,19810099,1286347303774
267.0047,disk4,8238511065088,16602673,94663225108029
267.0047,disk4w,2195456,171,27582691
267.0047,disk8,7911212689408,7999387,65302373220757
267.0047,disk8w,356478976,46723,2473036605
267.0047,disk6,14305590863872,23308886,194692841505506
267.0047,disk6w,491520,70,201274851
267.0047,ram,250134528,65659502592,284492
267.0047,cpu,15838625,22708379,543399977
267.0047,gpu,0,0,0
267.2063,disk0,942121545777152,2125419979,12934959049352385
267.2063,disk0w,2190345093120,19810100,1286347317607
267.2063,disk4,8239072577536,16603824,94666340343264
267.2063,disk4w,2195456,171,27582691
267.2063,disk8,7911625435136,7999810,65302826162868
267.2063,disk8w,356478976,46723,2473036605
267.2063,disk6,14307015387136,23310806,194710879696340
267.2063,disk6w,491520,70,201274851
267.2063,ram,250134528,65659502592,284492
267.2063,cpu,15838625,22708379,543399977
267.2063,gpu,0,0,0
267.4052,disk0,942123355799552,2125424242,12934967885576436
267.4052,disk0w,2190345093120,19810100,1286347317607
267.4052,disk4,8239768307712,16605172,94670632949036
267.4052,disk4w,2195456,171,27582691
267.4052,disk8,7912020617216,8000215,65303283433819
267.4052,disk8w,356478976,46723,2473036605
267.4052,disk6,14308366968832,23313158,194728686882568
267.4052,disk6w,491520,70,201274851
267.4052,ram,269680640,66106228736,284492
267.4052,cpu,15838625,22708379,543399977
267.4052,gpu,0,0,0
267.6063,disk0,942125333270528,2125428984,12934978755320734
267.6063,disk0w,2190345093120,19810100,1286347317607
267.6063,disk4,8240466675712,16606548,94675862064659
267.6063,disk4w,2195456,171,27582691
267.6063,disk8,7912547526656,8000755,65303945608932
267.6063,disk8w,356478976,46723,2473036605
267.6063,disk6,14309736884224,23315707,194745608574305
267.6063,disk6w,491520,70,201274851
267.6063,ram,269025280,66106228736,284492
267.6063,cpu,15838674,22708495,543401598
267.6063,gpu,0,0,0
267.8063,disk0,942127339868160,2125440576,12934996354938910
267.8063,disk0w,2190345093120,19810100,1286347317607
267.8063,disk4,8241371269120,16608335,94683849268884
267.8063,disk4w,2195456,171,27582691
267.8063,disk8,7913109563392,8001331,65304681435987
267.8063,disk8w,356478976,46723,2473036605
267.8063,disk6,14310907176960,23317664,194755380941596
267.8063,disk6w,491520,70,201274851
267.8063,ram,269025280,66106228736,284492
267.8063,cpu,15838674,22708495,543401598
267.8063,gpu,0,0,0
268.0051,disk0,942129283162112,2125444188,12935007712318687
268.0051,disk0w,2190345097216,19810101,1286347329648
268.0051,disk4,8241939466240,16609477,94687089090552
268.0051,disk4w,2195456,171,27582691
268.0051,disk8,7913689098240,8001925,65305944576832
268.0051,disk8w,356478976,46723,2473036605
268.0051,disk6,14312045144064,23319637,194766801176181
268.0051,disk6w,491520,70,201274851
268.0051,ram,269025280,66106228736,284492
268.0051,cpu,15838674,22708495,543401598
268.0051,gpu,0,0,0
268.2063,disk0,942131371089920,2125449474,12935018751234144
268.2063,disk0w,2190345097216,19810101,1286347329648
268.2063,disk4,8242767194112,16611174,94694196948320
268.2063,disk4w,2195456,171,27582691
268.2063,disk8,7914189662208,8002438,65306523694644
268.2063,disk8w,356478976,46723,2473036605
268.2063,disk6,14313305237504,23321431,194778008734781
268.2063,disk6w,491520,70,201274851
268.2063,ram,269025280,66106228736,284492
268.2063,cpu,15838674,22708495,543401598
268.2063,gpu,0,0,0
268.4052,disk0,942133588582400,2125453204,12935028099497160
268.4052,disk0w,2190345097216,19810101,1286347329648
268.4052,disk4,8243459409920,16612594,94699907856466
268.4052,disk4w,2195456,171,27582691
268.4052,disk8,7914796656640,8003060,65307283374519
268.4052,disk8w,356478976,46723,2473036605
268.4052,disk6,14314623920128,23323110,194787788925808
268.4052,disk6w,491520,70,201274851
268.4052,ram,352010240,65758707712,284492
268.4052,cpu,15838674,22708495,543401598
268.4052,gpu,0,0,0
268.6047,disk0,942135862648832,2125457578,12935039416333002
268.6047,disk0w,2190345097216,19810101,1286347329648
268.6047,disk4,8244178847744,16614069,94705317512763
268.6047,disk4w,2195456,171,27582691
268.6047,disk8,7915419117568,8003698,65308289663605
268.6047,disk8w,356478976,46723,2473036605
268.6047,disk6,14315964999680,23325200,194798296780179
268.6047,disk6w,491520,70,201274851
268.6047,ram,349437952,65792262144,284492
268.6047,cpu,15838743,22708663,543403300
268.6047,gpu,41,9,0
268.8063,disk0,942137952083968,2125462270,12935049535036652
268.8063,disk0w,2190345097216,19810101,1286347329648
268.8063,disk4,8244830193664,16615356,94708539490001
268.8063,disk4w,2195456,171,27582691
268.8063,disk8,7915831863296,8004121,65308835017918
268.8063,disk8w,356478976,46723,2473036605
268.8063,disk6,14317362817024,23327492,194815836733323
268.8063,disk6w,491520,70,201274851
268.8063,ram,349437952,65792262144,284492
268.8063,cpu,15838743,22708663,543403300
268.8063,gpu,0,0,0
269.0062,disk0,942140011192320,2125466808,12935060577853747
269.0062,disk0w,2190345101312,19810102,1286347339064
269.0062,disk4,8245684389888,16617031,94714271069328
269.0062,disk4w,2195456,171,27582691
269.0062,disk8,7916358772736,8004661,65309514558828
269.0062,disk8w,356478976,46723,2473036605
269.0062,disk6,14318692296704,23329801,194830376582986
269.0062,disk6w,491520,70,201274851
269.0062,ram,349437952,65792262144,284492
269.0062,cpu,15838743,22708663,543403300
269.0062,gpu,0,0,0
269.2037,disk0,942142153420800,2125476612,12935078777661536
269.2037,disk0w,2190345109504,19810104,1286347382189
269.2037,disk4,8246520498176,16618675,94719112700304
269.2037,disk4w,2195456,171,27582691
269.2037,disk8,7916955936768,8005273,65310233675087
269.2037,disk8w,356478976,46723,2473036605
269.2037,disk6,14319999084544,23332209,194843926568284
269.2037,disk6w,491520,70,201274851
269.2037,ram,349437952,65792262144,284492
269.2037,cpu,15838743,22708663,543403300
269.2037,gpu,0,0,0
269.4052,disk0,942144212033536,2125481618,12935093541461416
269.4052,disk0w,2190345117696,19810106,1286347673605
269.4052,disk4,8247214524416,16620060,94724086477737
269.4052,disk4w,2195456,171,27582691
269.4052,disk8,7917509158912,8005840,65311043511226
269.4052,disk8w,356478976,46723,2473036605
269.4052,disk6,14321075120128,23334193,194853454393960
269.4052,disk6w,491520,70,201274851
269.4052,ram,382140416,65598783488,284492
269.4052,cpu,15838743,22708663,543403300
269.4052,gpu,0,0,0
269.6038,disk0,942146000388096,2125488720,12935103991411360
269.6038,disk0w,2190345117696,19810106,1286347673605
269.6038,disk4,8247834970112,16621331,94728017393861
269.6038,disk4w,2195456,171,27582691
269.6038,disk8,7918071195648,8006416,65311811758698
269.6038,disk8w,356478976,46723,2473036605
269.6038,disk6,14322393851904,23336124,194867585699064
269.6038,disk6w,491520,70,201274851
269.6038,ram,383123456,65658552320,284492
269.6038,cpu,15838794,22708796,543404785
269.6038,gpu,0,0,0
269.8063,disk0,942148091428864,2125492418,12935112933175159
269.8063,disk0w,2190345117696,19810106,1286347673605
269.8063,disk4,8248593180672,16622886,94733095702168
269.8063,disk4w,2195456,171,27582691
269.8063,disk8,7918578051072,8006935,65312370458817
269.8063,disk8w,356478976,46723,2473036605
269.8063,disk6,14323629664256,23337599,194878694219737
269.8063,disk6w,491520,70,201274851
269.8063,ram,383123456,65658552320,284492
269.8063,cpu,15838794,22708796,543404785
269.8063,gpu,0,0,0
270.0063,disk0,942149977636864,2125496214,12935121945132784
270.0063,disk0w,2190345121792,19810107,1286347682813
270.0063,disk4,8249276327936,16624286,94737721455325
270.0063,disk4w,2195456,171,27582691
270.0063,disk8,7919195269120,8007568,65313101266520
270.0063,disk8w,356478976,46723,2473036605
270.0063,disk6,14324913793024,23339620,194895030836621
270.0063,disk6w,491520,70,201274851
270.0063,ram,383123456,65658552320,284492
270.0063,cpu,15838794,22708796,543404785
270.0063,gpu,0,0,0
270.2063,disk0,942152075296768,2125501134,12935132963410874
270.2063,disk0w,2190345121792,19810107,1286347682813
270.2063,disk4,8249951897600,16625663,94742305333642
270.2063,disk4w,2195456,171,27582691
270.2063,disk8,7919760451584,8008147,65313794303658
270.2063,disk8w,356478976,46723,2473036605
270.2063,disk6,14326307497984,23341628,194908894325800
270.2063,disk6w,491520,70,201274851
270.2063,ram,383123456,65658552320,284492
270.2063,cpu,15838794,22708796,543404785
270.2063,gpu,0,0,0
270.4052,disk0,942154268426240,2125506243,12935146154495393
270.4052,disk0w,2190345121792,19810107,1286347682813
270.4052,disk4,8250601146368,16626925,94746605485049
270.4052,disk4w,2195456,171,27582691
270.4052,disk8,7920301778944,8008702,65314477590774
270.4052,disk8w,356478976,46723,2473036605
270.4052,disk6,14327640942592,23344032,194923214684613
270.4052,disk6w,491520,70,201274851
270.4052,ram,404062208,65774583808,284492
270.4052,cpu,15838794,22708796,543404785
270.4052,gpu,30,7,0
270.6052,disk0,942155993432064,2125510173,12935156200824498
270.6052,disk0w,2190345121792,19810107,1286347682813
270.6052,disk4,8251438688256,16628583,94752160004126
270.6052,disk4w,2195456,171,27582691
270.6052,disk8,7920775997440,8009188,65314993973699
270.6052,disk8w,356478976,46723,2473036605
270.6052,disk6,14328956413952,23346309,194939165516888
270.6052,disk6w,491520,70,201274851
270.6052,ram,403177472,65774583808,284492
270.6052,cpu,15838850,22708919,543406390
270.6052,gpu,0,0,0
270.8063,disk0,942158276542464,2125516547,12935170096912872
270.8063,disk0w,2190345121792,19810107,1286347682813
270.8063,disk4,8252250589184,16630188,94758973549873
270.8063,disk4w,2195456,171,27582691
270.8063,disk8,7921390725120,8009818,65315776001541
270.8063,disk8w,356478976,46723,2473036605
270.8063,disk6,14330196322304,23348525,194949293121896
270.8063,disk6w,491520,70,201274851
270.8063,ram,403177472,65774583808,284492
270.8063,cpu,15838850,22708919,543406390
270.8063,gpu,0,0,0
271.0063,disk0,942160162414592,2125520985,12935179223170069
271.0063,disk0w,2190345125888,19810108,1286347703563
271.0063,disk4,8252970027008,16631659,94764598214079
271.0063,disk4w,2195456,171,27582691
271.0063,disk8,7922034829312,8010478,65317697643495
271.0063,disk8w,356478976,46723,2473036605
271.0063,disk6,14331301783552,23350334,194959740499027
271.0063,disk6w,491520,70,201274851
271.0063,ram,403177472,65774583808,284492
271.0063,cpu,15838850,22708919,543406390
271.0063,gpu,0,0,0
271.2063,disk0,942162227159040,2125524589,12935186489758820
271.2063,disk0w,2190345125888,19810108,1286347703563
271.2063,disk4,8253619275776,16632991,94768224231506
271.2063,disk4w,2195456,171,27582691
271.2063,disk8,7922576156672,8011033,65318506766979
271.2063,disk8w,356478976,46723,2473036605
271.2063,disk6,14332695488512,23352051,194972621161038
271.2063,disk6w,491520,70,201274851
271.2063,ram,403177472,65774583808,284492
271.2063,cpu,15838850,22708919,543406390
271.2063,gpu,0,0,0
271.4052,disk0,942163988307968,2125528034,12935194286341188
271.4052,disk0w,2190345125888,19810108,1286347703563
271.4052,disk4,8254310434816,16634406,94772866935711
271.4052,disk4w,2195456,171,27582691
271.4052,disk8,7923067938816,8011537,65319121931897
271.4052,disk8w,356478976,46723,2473036605
271.4052,disk6,14334055081984,23353956,194987888779769
271.4052,disk6w,491520,70,201274851
271.4052,ram,422199296,65798668288,284492
271.4052,cpu,15838850,22708919,543406390
271.4052,gpu,0,0,0
271.6062,disk0,942166046711808,2125532518,12935203984535936
271.6062,disk0w,2190345125888,19810108,1286347703563
271.6062,disk4,8255049385984,16635923,94777000153671
271.6062,disk4w,2195456,171,27582691
271.6062,disk8,7923761702912,8012248,65320074327910
271.6062,disk8w,356478976,46723,2473036605
271.6062,disk6,14335457454080,23356139,195002412379082
271.6062,disk6w,491520,70,201274851
271.6062,ram,417513472,65798651904,284492
271.6062,cpu,15838908,22709049,543407999
271.6062,gpu,0,0,0
271.8063,disk0,942168091435008,2125536995,12935215229824901
271.8063,disk0w,2190345125888,19810108,1286347703563
271.8063,disk4,8255677040640,16637145,94780653021269
271.8063,disk4w,2195456,171,27582691
271.8063,disk8,7924262266880,8012761,65320712032081
271.8063,disk8w,356478976,46723,2473036605
271.8063,disk6,14336801941504,23358590,195019199104392
271.8063,disk6w,491520,70,201274851
271.8063,ram,417513472,65798651904,284492
271.8063,cpu,15838908,22709049,543407999
271.8063,gpu,0,0,0
272.0063,disk0,942170042949632,2125541341,12935226281642690
272.0063,disk0w,2190345129984,19810109,1286347722813
272.0063,disk4,8256594069504,16638955,94790022348830
272.0063,disk4w,2195456,171,27582691
272.0063,disk8,7924733995008,8013244,65321276652383
272.0063,disk8w,356478976,46723,2473036605
272.0063,disk6,14338055530496,23360970,195031885903183
272.0063,disk6w,491520,70,201274851
272.0063,ram,417513472,65798651904,284492
272.0063,cpu,15838908,22709049,543407999
272.0063,gpu,0,0,0
272.2063,disk0,942171856302080,2125547868,12935238330102763
272.2063,disk0w,2190345129984,19810109,1286347722813
272.2063,disk4,8257479690240,16640699,94797407998423
272.2063,disk4w,2195456,171,27582691
272.2063,disk8,7925206116352,8013728,65321771867844
272.2063,disk8w,356478976,46723,2473036605
272.2063,disk6,14339336546304,23363143,195046509650644
272.2063,disk6w,491520,70,201274851
272.2063,ram,417513472,65798651904,284492
272.2063,cpu,15838908,22709049,543407999
272.2063,gpu,0,0,0
272.4063,disk0,942173700964352,2125551243,12935247336297842
272.4063,disk0w,2190345129984,19810109,1286347722813
272.4063,disk4,8258123171840,16641991,94802218817318
272.4063,disk4w,2195456,171,27582691
272.4063,disk8,7925781424128,8014318,65323528546343
272.4063,disk8w,356478976,46723,2473036605
272.4063,disk6,14340496074752,23365281,195059489331784
272.4063,disk6w,491520,70,201274851
272.4063,ram,437338112,65606860800,284492
272.4063,cpu,15838908,22709049,543407999
272.4063,gpu,0,0,0
272.6028,disk0,942175900479488,2125559678,12935259759004054
272.6028,disk0w,2190345129984,19810109,1286347722813
272.6028,disk4,8258793629696,16643365,94806725918154
272.6028,disk4w,2195456,171,27582691
272.6028,disk8,7926491310080,8015045,65324562343472
272.6028,disk8w,356478976,46723,2473036605
272.6028,disk6,14341859223552,23367193,195071767874903
272.6028,disk6w,491520,70,201274851
272.6028,ram,436305920,65640431616,284492
272.6028,cpu,15838975,22709190,543409647
272.6028,gpu,38,8,0
272.8063,disk0,942177730469888,2125562729,12935265826025380
272.8063,disk0w,2190345134080,19810110,1286347736479
272.8063,disk4,8259571730432,16644960,94812984986481
272.8063,disk4w,2195456,171,27582691
272.8063,disk8,7927044564992,8015612,65325208983157
272.8063,disk8w,356478976,46723,2473036605
272.8063,disk6,14343300573184,23368939,195083166116524
272.8063,disk6w,491520,70,201274851
272.8063,ram,436305920,65640431616,284492
272.8063,cpu,15838975,22709190,543409647
272.8063,gpu,0,0,0
273.0063,disk0,942179839066112,2125566905,12935275944488476
273.0063,disk0w,2190345134080,19810110,1286347736479
273.0063,disk4,8260413753344,16646685,94820440790290
273.0063,disk4w,2195456,171,27582691
273.0063,disk8,7927713425408,8016298,65326076317377
273.0063,disk8w,356478976,46723,2473036605
273.0063,disk6,14344533174272,23370858,195093351331134
273.0063,disk6w,491520,70,201274851
273.0063,ram,436305920,65640431616,284492
273.0063,cpu,15838975,22709190,543409647
273.0063,gpu,38,6,0
273.2063,disk0,942181977665536,2125571689,12935289180283933
273.2063,disk0w,2190345265152,19810121,1286347947766
273.2063,disk4,8261164615680,16648183,94825869430454
273.2063,disk4w,2195456,171,27582691
273.2063,disk8,7928205207552,8016802,65326708121375
273.2063,disk8w,356478976,46723,2473036605
273.2063,disk6,14345739347968,23372826,195105289339359
273.2063,disk6w,491520,70,201274851
273.2063,ram,436305920,65640431616,284492
273.2063,cpu,15838975,22709190,543409647
273.2063,gpu,0,0,0
273.4063,disk0,942183951577088,2125576126,12935300196556401
273.4063,disk0w,2190345265152,19810121,1286347947766
273.4063,disk4,8261884053504,16649589,94829821492365
273.4063,disk4w,2195456,171,27582691
273.4063,disk8,7928679426048,8017288,65327248852250
273.4063,disk8w,356478976,46723,2473036605
273.4063,disk6,14347071698944,23375183,195121970134442
273.4063,disk6w,491520,70,201274851
273.4063,ram,445759488,65774632960,284492
273.4063,cpu,15838975,22709190,543409647
273.4063,gpu,0,0,0
273.6039,disk0,942185956646912,2125584434,12935313208316302
273.6039,disk0w,2190345265152,19810121,1286347947766
273.6039,disk4,8262705776640,16651214,94837226371685
273.6039,disk4w,2195456,171,27582691
273.6039,disk8,7929206335488,8017828,65327858676899
273.6039,disk8w,356478976,46723,2473036605
273.6039,disk6,14348349044736,23377439,195135173753118
273.6039,disk6w,491520,70,201274851
273.6039,ram,445382656,65774632960,284492
273.6039,cpu,15839042,22709348,543411253
273.6039,gpu,0,0,0
273.8063,disk0,942188032925696,2125591298,12935327368022420
273.8063,disk0w,2190345293824,19810124,1286348007973
273.8063,disk4,8263568590848,16652924,94845945642707
273.8063,disk4w,2195456,171,27582691
273.8063,disk8,7929698117632,8018332,65328444916075
273.8063,disk8w,356478976,46723,2473036605
273.8063,disk6,14349305165824,23379278,195141540089877
273.8063,disk6w,491520,70,201274851
273.8063,ram,445382656,65774632960,284492
273.8063,cpu,15839042,22709348,543411253
273.8063,gpu,0,0,0
274.0063,disk0,942190169567232,2125599481,12935341313250721
274.0063,disk0w,2190345293824,19810124,1286348007973
274.0063,disk4,8264323123200,16654470,94851362893730
274.0063,disk4w,2195456,171,27582691
274.0063,disk8,7930418178048,8019070,65330122497899
274.0063,disk8w,356478976,46723,2473036605
274.0063,disk6,14350561572864,23381119,195152401446740
274.0063,disk6w,491520,70,201274851
274.0063,ram,445382656,65774632960,284492
274.0063,cpu,15839042,22709348,543411253
274.0063,gpu,0,0,0
274.2017,disk0,942192144740352,2125603055,12935349933803590
274.2017,disk0w,2190345293824,19810124,1286348007973
274.2017,disk4,8265007466496,16655870,94858148433757
274.2017,disk4w,2195456,171,27582691
274.2017,disk8,7930963699712,8019629,65330913849239
274.2017,disk8w,356478976,46723,2473036605
274.2017,disk6,14351817488384,23382591,195161682415324
274.2017,disk6w,491520,70,201274851
274.2017,ram,445382656,65774632960,284492
274.2017,cpu,15839042,22709348,543411253
274.2017,gpu,0,0,0
274.4054,disk0,942194191151104,2125607043,12935357251023246
274.4054,disk0w,2190345293824,19810124,1286348007973
274.4054,disk4,8265984354304,16657872,94867495808508
274.4054,disk4w,2195456,171,27582691
274.4054,disk8,7931726669824,8020411,65332049113767
274.4054,disk8w,356478976,46723,2473036605
274.4054,disk6,14353170970624,23384717,195173292082314
274.4054,disk6w,491520,70,201274851
274.4054,ram,445382656,65774632960,284492
274.4054,cpu,15839042,22709348,543411253
274.4054,gpu,0,0,0
274.6063,disk0,942196296003584,2125611615,12935369883715009
274.6063,disk0w,2190345293824,19810124,1286348007973
274.6063,disk4,8266869590016,16659652,94873303833933
274.6063,disk4w,2195456,171,27582691
274.6063,disk8,7932238112768,8020935,65332636606843
274.6063,disk8w,356478976,46723,2473036605
274.6063,disk6,14354427852800,23386602,195185084446760
274.6063,disk6w,491520,70,201274851
274.6063,ram,287932416,65961558016,284492
274.6063,cpu,15839102,22709482,543412782
274.6063,gpu,0,0,0
274.8063,disk0,942198435770368,2125616540,12935384538756751
274.8063,disk0w,2190345297920,19810125,1286348020556
274.8063,disk4,8267674667008,16661226,94878505686956
274.8063,disk4w,2195456,171,27582691
274.8063,disk8,7932675106816,8021383,65333160595278
274.8063,disk8w,356478976,46723,2473036605
274.8063,disk6,14355697252352,23388894,195198939506721
274.8063,disk6w,491520,70,201274851
274.8063,ram,287932416,65961558016,284492
274.8063,cpu,15839102,22709482,543412782
274.8063,gpu,0,0,0
275.0063,disk0,942200474497024,2125621701,12935395705115624
275.0063,disk0w,2190345297920,19810125,1286348020556
275.0063,disk4,8268397774848,16662651,94882358344633
275.0063,disk4w,2195456,171,27582691
275.0063,disk8,7933193234432,8021914,65333770088357
275.0063,disk8w,356478976,46723,2473036605
275.0063,disk6,14357074917376,23391232,195215708893620
275.0063,disk6w,491520,70,201274851
275.0063,ram,287932416,65961558016,284492
275.0063,cpu,15839102,22709482,543412782
275.0063,gpu,0,0,0
275.2054,disk0,942202672934912,2125632449,12935412451917845
275.2054,disk0w,2190345297920,19810125,1286348020556
275.2054,disk4,8269271468032,16664379,94888962440013
275.2054,disk4w,2195456,171,27582691
275.2054,disk8,7933746489344,8022481,65334474295840
275.2054,disk8w,356478976,46723,2473036605
275.2054,disk6,14358269360128,23393391,195225961824143
275.2054,disk6w,491520,70,201274851
275.2054,ram,287932416,65961558016,284492
275.2054,cpu,15839102,22709482,543412782
275.2054,gpu,0,0,0
275.4055,disk0,942204613312512,2125635979,12935421755576815
275.4055,disk0w,2190345297920,19810125,1286348020556
275.4055,disk4,8270041311232,16665955,94895533303064
275.4055,disk4w,2195456,171,27582691
275.4055,disk8,7934247036928,8022994,65335325009890
275.4055,disk8w,356478976,46723,2473036605
275.4055,disk6,14359462918144,23395170,195236801988635
275.4055,disk6w,491520,70,201274851
275.4055,ram,287932416,65961558016,284492
275.4055,cpu,15839102,22709482,543412782
275.4055,gpu,0,0,0
275.6063,disk0,942206647009280,2125639719,12935431252780592
275.6063,disk0w,2190345297920,19810125,1286348020556
275.6063,disk4,8270690846720,16667286,94899443677781
275.6063,disk4w,2195456,171,27582691
275.6063,disk8,7934782728192,8023543,65335933774623
275.6063,disk8w,356478976,46723,2473036605
275.6063,disk6,14360791644160,23396794,195249226615589
275.6063,disk6w,491520,70,201274851
275.6063,ram,349208576,65707819008,284492
275.6063,cpu,15839159,22709617,543414374
275.6063,gpu,0,0,0
275.8057,disk0,942208648413184,2125643584,12935439295227350
275.8057,disk0w,2190345302016,19810126,1286348030764
275.8057,disk4,8271467497472,16668878,94904480440439
275.8057,disk4w,2195456,171,27582691
275.8057,disk8,7935475443712,8024253,65336784603223
275.8057,disk8w,356478976,46723,2473036605
275.8057,disk6,14362155857920,23398828,195263470910718
275.8057,disk6w,491520,70,201274851
275.8057,ram,349208576,65707819008,284492
275.8057,cpu,15839159,22709617,543414374
275.8057,gpu,0,0,0
276.0053,disk0,942210725068800,2125648125,12935449340645974
276.0053,disk0w,2190345302016,19810126,1286348030764
276.0053,disk4,8272355444736,16670698,94913323730212
276.0053,disk4w,2195456,171,27582691
276.0053,disk8,7935862892544,8024650,65337172667803
276.0053,disk8w,356478976,46723,2473036605
276.0053,disk6,14363414525952,23400528,195273859200671
276.0053,disk6w,491520,70,201274851
276.0053,ram,349208576,65707819008,284492
276.0053,cpu,15839159,22709617,543414374
276.0053,gpu,0,0,0
276.2063,disk0,942212680708096,2125652701,12935459548409601
276.2063,disk0w,2190345302016,19810126,1286348030764
276.2063,disk4,8273136977920,16672222,94918538132401
276.2063,disk4w,2195456,171,27582691
276.2063,disk8,7936232777728,8025029,65337624581218
276.2063,disk8w,356478976,46723,2473036605
276.2063,disk6,14364811589632,23402849,195290173804586
276.2063,disk6w,491520,70,201274851
276.2063,ram,349208576,65707819008,284492
276.2063,cpu,15839159,22709617,543414374
276.2063,gpu,0,0,0
276.4063,disk0,942214442352640,2125656925,12935465984335293
276.4063,disk0w,2190345302016,19810126,1286348030764
276.4063,disk4,8273854842880,16673636,94922910587503
276.4063,disk4w,2195456,171,27582691
276.4063,disk8,7936732293120,8025541,65338206415010
276.4063,disk8w,356478976,46723,2473036605
276.4063,disk6,14366192596992,23405300,195309003997690
276.4063,disk6w,491520,70,201274851
276.4063,ram,349208576,65707819008,284492
276.4063,cpu,15839159,22709617,543414374
276.4063,gpu,0,0,0
276.6063,disk0,942216613306368,2125664209,12935480807649525
276.6063,disk0w,2190345302016,19810126,1286348030764
276.6063,disk4,8274583193600,16675071,94927311699126
276.6063,disk4w,2195456,171,27582691
276.6063,disk8,7937226172416,8026047,65338889294844
276.6063,disk8w,356478976,46723,2473036605
276.6063,disk6,14367545292800,23407494,195322446006010
276.6063,disk6w,491520,70,201274851
276.6063,ram,399671296,64248954880,284492
276.6063,cpu,15839211,22709744,543416011
276.6063,gpu,0,0,0
276.8063,disk0,942218366169088,2125667229,12935490250971864
276.8063,disk0w,2190345306112,19810127,1286348041639
276.8063,disk4,8275264006144,16676433,94932960230847
276.8063,disk4w,2195456,171,27582691
276.8063,disk8,7937724590080,8026558,65339943625468
276.8063,disk8w,356478976,46723,2473036605
276.8063,disk6,14368744273920,23409585,195335020722214
276.8063,disk6w,491520,70,201274851
276.8063,ram,399671296,64248954880,284492
276.8063,cpu,15839211,22709744,543416011
276.8063,gpu,0,0,0
277.0063,disk0,942220603240448,2125671992,12935500973876651
277.0063,disk0w,2190345306112,19810127,1286348041639
277.0063,disk4,8275956975616,16677855,94937974519713
277.0063,disk4w,2195456,171,27582691
277.0063,disk8,7938266572800,8027113,65340698801329
277.0063,disk8w,356478976,46723,2473036605
277.0063,disk6,14370044311552,23411408,195347327871305
277.0063,disk6w,491520,70,201274851
277.0063,ram,399671296,64248954880,284492
277.0063,cpu,15839211,22709744,543416011
277.0063,gpu,0,0,0
277.2063,disk0,942222492954624,2125675170,12935507431230852
277.2063,disk0w,2190345306112,19810127,1286348041639
277.2063,disk4,8276776970240,16679536,94944768904234
277.2063,disk4w,2195456,171,27582691
277.2063,disk8,7938864785408,8027726,65341490349868
277.2063,disk8w,356478976,46723,2473036605
277.2063,disk6,14371419338752,23413079,195359147292578
277.2063,disk6w,491520,70,201274851
277.2063,ram,399671296,64248954880,284492
277.2063,cpu,15839211,22709744,543416011
277.2063,gpu,0,0,0
277.4043,disk0,942224465358848,2125679100,12935519209441128
277.4043,disk0w,2190345306112,19810127,1286348041639
277.4043,disk4,8277620074496,16681266,94952511796994
277.4043,disk4w,2195456,171,27582691
277.4043,disk8,7939401918464,8028277,65342128438092
277.4043,disk8w,356478976,46723,2473036605
277.4043,disk6,14372641830912,23414836,195367865041748
277.4043,disk6w,491520,70,201274851
277.4043,ram,399671296,64248954880,284492
277.4043,cpu,15839211,22709744,543416011
277.4043,gpu,0,0,0
277.6060,disk0,942226629275648,2125683977,12935530331972618
277.6060,disk0w,2190345310208,19810128,1286348053555
277.6060,disk4,8278478161920,16683001,94958766622817
277.6060,disk4w,2195456,171,27582691
277.6060,disk8,7939863816192,8028750,65342653595398
277.6060,disk8w,356478976,46723,2473036605
277.6060,disk6,14373988349952,23416725,195379159495728
277.6060,disk6w,491520,70,201274851
277.6060,ram,415776768,65751629824,284492
277.6060,cpu,15839266,22709866,543417617
277.6060,gpu,0,0,0
277.8063,disk0,942228641177600,2125688932,12935540063826937
277.8063,disk0w,2190345310208,19810128,1286348053555
277.8063,disk4,8279200221184,16684411,94962888113267
277.8063,disk4w,2195456,171,27582691
277.8063,disk8,7940288882688,8029186,65343152009091
277.8063,disk8w,356478976,46723,2473036605
277.8063,disk6,14375390152704,23419155,195396445239999
277.8063,disk6w,491520,70,201274851
277.8063,ram,415776768,65751629824,284492
277.8063,cpu,15839266,22709866,543417617
277.8063,gpu,0,0,0
278.0063,disk0,942230544179200,2125693439,12935549188468753
278.0063,disk0w,2190345310208,19810128,1286348053555
278.0063,disk4,8280036345856,16686059,94969986845906
278.0063,disk4w,2195456,171,27582691
278.0063,disk8,7940795738112,8029705,65343771583545
278.0063,disk8w,356478976,46723,2473036605
278.0063,disk6,14376651900928,23421323,195410637965023
278.0063,disk6w,491520,70,201274851
278.0063,ram,415776768,65751629824,284492
278.0063,cpu,15839266,22709866,543417617
278.0063,gpu,0,0,0
278.2063,disk0,942232680771584,2125700540,12935563523862932
278.2063,disk0w,2190345310208,19810128,1286348053555
278.2063,disk4,8280738613248,16687447,94974672667777
278.2063,disk4w,2195456,171,27582691
278.2063,disk8,7941342701568,8030266,65344525566621
278.2063,disk8w,356478976,46723,2473036605
278.2063,disk6,14377965754368,23423770,195425585092323
278.2063,disk6w,491520,70,201274851
278.2063,ram,415776768,65751629824,284492
278.2063,cpu,15839266,22709866,543417617
278.2063,gpu,49,6,0
278.4063,disk0,942234492256256,2125703803,12935574938313049
278.4063,disk0w,2190345310208,19810128,1286348053555
278.4063,disk4,8281273812992,16688534,94979195913901
278.4063,disk4w,2195456,171,27582691
278.4063,disk8,7941702739968,8030635,65345111890290
278.4063,disk8w,356478976,46723,2473036605
278.4063,disk6,14378994522112,23425506,195436475364289
278.4063,disk6w,491520,70,201274851
278.4063,ram,415776768,65751629824,284492
278.4063,cpu,15839266,22709866,543417617
278.4063,gpu,0,0,0
278.6063,disk0,942236224733184,2125708265,12935582052120694
278.6063,disk0w,2190347403264,19810545,1286356560750
278.6063,disk4,8282035161088,16690095,94984923342127
278.6063,disk4w,2195456,171,27582691
278.6063,disk8,7942308685824,8031256,65345808681580
278.6063,disk8w,356478976,46723,2473036605
278.6063,disk6,14380344006656,23427269,195449764175413
278.6063,disk6w,491520,70,201274851
278.6063,ram,446595072,65673445376,284492
278.6063,cpu,15839329,22710018,543419146
278.6063,gpu,0,0,0
278.8063,disk0,942238046937088,2125711364,12935588262759868
278.8063,disk0w,2190347403264,19810545,1286356560750
278.8063,disk4,8282771621888,16691605,94990448037968
278.8063,disk4w,2195456,171,27582691
278.8063,disk8,7942721431552,8031679,65346354243978
278.8063,disk8w,356478976,46723,2473036605
278.8063,disk6,14381731108864,23429081,195462876161474
278.8063,disk6w,491520,70,201274851
278.8063,ram,446595072,65673445376,284492
278.8063,cpu,15839329,22710018,543419146
278.8063,gpu,0,0,0
279.0053,disk0,942239878098944,2125714913,12935597089517032
279.0053,disk0w,2190347403264,19810545,1286356560750
279.0053,disk4,8283647936512,16693402,94998185276952
279.0053,disk4w,2195456,171,27582691
279.0053,disk8,7943257122816,8032228,65346965381174
279.0053,disk8w,356478976,46723,2473036605
279.0053,disk6,14383017433088,23430910,195473629922784
279.0053,disk6w,491520,70,201274851
279.0053,ram,446595072,65673445376,284492
279.0053,cpu,15839329,22710018,543419146
279.0053,gpu,0,0,0
279.2053,disk0,942242145603584,2125720051,12935612119749587
279.2053,disk0w,2190347403264,19810545,1286356560750
279.2053,disk4,8284502509568,16695110,95003498919969
279.2053,disk4w,2195456,171,27582691
279.2053,disk8,7943731341312,8032714,65347468259056
279.2053,disk8w,356478976,46723,2473036605
279.2053,disk6,14384265238528,23432887,195484365610146
279.2053,disk6w,491520,70,201274851
279.2053,ram,446595072,65673445376,284492
279.2053,cpu,15839329,22710018,543419146
279.2053,gpu,0,0,0
279.4024,disk0,942243852668928,2125724105,12935619452984831
279.4024,disk0w,2190347403264,19810545,1286356560750
279.4024,disk4,8285170878464,16696421,95006473856438
279.4024,disk4w,2195456,171,27582691
279.4024,disk8,7944199923712,8033194,65347991502239
279.4024,disk8w,356478976,46723,2473036605
279.4024,disk6,14385609185280,23435109,195503094981445
279.4024,disk6w,491520,70,201274851
279.4024,ram,446595072,65673445376,284492
279.4024,cpu,15839329,22710018,543419146
279.4024,gpu,0,0,0
279.6063,disk0,942245787947008,2125729498,12935630849107214
279.6063,disk0w,2190347407360,19810546,1286356575416
279.6063,disk4,8285936240640,16697932,95011884438101
279.6063,disk4w,2195456,171,27582691
279.6063,disk8,7944770742272,8033779,65348669442871
279.6063,disk8w,356478976,46723,2473036605
279.6063,disk6,14386955245568,23437500,195520101611144
279.6063,disk6w,491520,70,201274851
279.6063,ram,458145792,64277577728,284492
279.6063,cpu,15839383,22710146,543420727
279.6063,gpu,0,0,0
279.8063,disk0,942247495409664,2125734169,12935638001351330
279.8063,disk0w,2190347407360,19810546,1286356575416
279.8063,disk4,8286688290816,16699421,95017215077929
279.8063,disk4w,2195456,171,27582691
279.8063,disk8,7945285724160,8034307,65349281459740
279.8063,disk8w,356478976,46723,2473036605
279.8063,disk6,14388335646720,23439962,195538862635414
279.8063,disk6w,491520,70,201274851
279.8063,ram,458145792,64277577728,284492
279.8063,cpu,15839383,22710146,543420727
279.8063,gpu,0,0,0
280.0063,disk0,942249431781376,2125739388,12935649010779473
280.0063,disk0w,2190347407360,19810546,1286356575416
280.0063,disk4,8287449253888,16700978,95023644531179
280.0063,disk4w,2195456,171,27582691
280.0063,disk8,7945812600832,8034847,65350184796024
280.0063,disk8w,356478976,46723,2473036605
280.0063,disk6,14389491341312,23441806,195550170357266
280.0063,disk6w,491520,70,201274851
280.0063,ram,458145792,64277577728,284492
280.0063,cpu,15839383,22710146,543420727
280.0063,gpu,0,0,0
280.2063,disk0,942251385999360,2125742819,12935658337990638
280.2063,disk0w,2190347407360,19810546,1286356575416
280.2063,disk4,8288196216832,16702510,95033360240886
280.2063,disk4w,2195456,171,27582691
280.2063,disk8,7946269255680,8035315,65350736102448
280.2063,disk8w,356478976,46723,2473036605
280.2063,disk6,14390756612096,23443316,195558009537317
280.2063,disk6w,491520,70,201274851
280.2063,ram,458145792,64277577728,284492
280.2063,cpu,15839383,22710146,543420727
280.2063,gpu,0,0,0
280.4063,disk0,942253555093504,2125746910,12935667029652441
280.4063,disk0w,2190347407360,19810546,1286356575416
280.4063,disk4,8289141827584,16704447,95044017012146
280.4063,disk4w,2195456,171,27582691
280.4063,disk8,7946845317120,8035905,65351437577248
280.4063,disk8w,356478976,46723,2473036605
280.4063,disk6,14392068233216,23445141,195566438554641
280.4063,disk6w,491520,70,201274851
280.4063,ram,458145792,64277577728,284492
280.4063,cpu,15839383,22710146,543420727
280.4063,gpu,0,0,0
280.6063,disk0,942255493828608,2125750960,12935675324987882
280.6063,disk0w,2190347411456,19810547,1286356584666
280.6063,disk4,8289871988736,16705941,95048892786850
280.6063,disk4w,2195456,171,27582691
280.6063,disk8,7947305510912,8036377,65351965952118
280.6063,disk8w,356478976,46723,2473036605
280.6063,disk6,14393398728704,23447095,195580246978362
280.6063,disk6w,491520,70,201274851
280.6063,ram,260161536,65979416576,284492
280.6063,cpu,15839440,22710276,543422377
280.6063,gpu,0,0,0
280.8063,disk0,942257570676736,2125755852,12935687393914021
280.8063,disk0w,2190347505664,19810550,1286356668581
280.8063,disk4,8290502264832,16707162,95052097246523
280.8063,disk4w,2195456,171,27582691
280.8063,disk8,7947727038464,8036809,65352431409975
280.8063,disk8w,356478976,46723,2473036605
280.8063,disk6,14394759092224,23449471,195598087781346
280.8063,disk6w,491520,70,201274851
280.8063,ram,260161536,65979416576,284492
280.8063,cpu,15839440,22710276,543422377
280.8063,gpu,0,0,0
281.0063,disk0,942259292356608,2125759741,12935694590109684
281.0063,disk0w,2190347505664,19810550,1286356668581
281.0063,disk4,8291214362624,16708571,95056241508640
281.0063,disk4w,2195456,171,27582691
281.0063,disk8,7948236384256,8037331,65353057003052
281.0063,disk8w,356478976,46723,2473036605
281.0063,disk6,14396103514112,23451919,195617972627198
281.0063,disk6w,491520,70,201274851
281.0063,ram,260161536,65979416576,284492
281.0063,cpu,15839440,22710276,543422377
281.0063,gpu,0,0,0
281.2063,disk0,942261169635328,2125766150,12935706001568392
281.2063,disk0w,2190347505664,19810550,1286356668581
281.2063,disk4,8292056631296,16710231,95061664335083
281.2063,disk4w,2195456,171,27582691
281.2063,disk8,7948780857344,8037889,65353716257156
281.2063,disk8w,356478976,46723,2473036605
281.2063,disk6,14397458212864,23454159,195633484662485
281.2063,disk6w,491520,70,201274851
281.2063,ram,260161536,65979416576,284492
281.2063,cpu,15839440,22710276,543422377
281.2063,gpu,0,0,0
281.4063,disk0,942262909095936,2125769282,12935713788978178
281.4063,disk0w,2190347505664,19810550,1286356668581
281.4063,disk4,8292705880064,16711534,95066920355017
281.4063,disk4w,2195456,171,27582691
281.4063,disk8,7949211133952,8038330,65354317057215
281.4063,disk8w,356478976,46723,2473036605
281.4063,disk6,14398670088192,23456290,195649863157692
281.4063,disk6w,491520,70,201274851
281.4063,ram,260161536,65979416576,284492
281.4063,cpu,15839440,22710276,543422377
281.4063,gpu,0,0,0
281.6063,disk0,942264859938816,2125774980,12935723031152190
281.6063,disk0w,2190347509760,19810551,1286356678122
281.6063,disk4,8293423368192,16713005,95072162268204
281.6063,disk4w,2195456,171,27582691
281.6063,disk8,7949687449600,8038818,65354874900917
281.6063,disk8w,356478976,46723,2473036605
281.6063,disk6,14400055224320,23458306,195665138871269
281.6063,disk6w,491520,70,201274851
281.6063,ram,267665408,65965817856,284492
281.6063,cpu,15839485,22710400,543423949
281.6063,gpu,0,0,0
281.8063,disk0,942266917801984,2125778282,12935732248560448
281.8063,disk0w,2190347509760,19810551,1286356678122
281.8063,disk4,8294109661184,16714413,95077897836692
281.8063,disk4w,2195456,171,27582691
281.8063,disk8,7950221043712,8039365,65355496581066
281.8063,disk8w,356478976,46723,2473036605
281.8063,disk6,14401364371456,23459929,195675010646277
281.8063,disk6w,491520,70,201274851
281.8063,ram,267665408,65965817856,284492
281.8063,cpu,15839485,22710400,543423949
281.8063,gpu,0,0,0
282.0063,disk0,942269000093696,2125782342,12935742289588833
282.0063,disk0w,2190347509760,19810551,1286356678122
282.0063,disk4,8294653626368,16715527,95080648467249
282.0063,disk4w,2195456,171,27582691
282.0063,disk8,7950747953152,8039905,65356111608889
282.0063,disk8w,356478976,46723,2473036605
282.0063,disk6,14402733844480,23461933,195690118232461
282.0063,disk6w,491520,70,201274851
282.0063,ram,267665408,65965817856,284492
282.0063,cpu,15839485,22710400,543423949
282.0063,gpu,0,0,0
282.2063,disk0,942271009181696,2125786610,12935755396380087
282.2063,disk0w,2190347509760,19810551,1286356678122
282.2063,disk4,8295331678208,16716898,95084446399670
282.2063,disk4w,2195456,171,27582691
282.2063,disk8,7951195826176,8040364,65356596334196
282.2063,disk8w,356478976,46723,2473036605
282.2063,disk6,14403997476864,23463850,195702786311029
282.2063,disk6w,491520,70,201274851
282.2063,ram,267665408,65965817856,284492
282.2063,cpu,15839485,22710400,543423949
282.2063,gpu,0,0,0
282.4063,disk0,942273240895488,2125791982,12935771082802050
282.4063,disk0w,2190347513856,19810552,1286356687413
282.4063,disk4,8295993001984,16718187,95087608377286
282.4063,disk4w,2195456,171,27582691
282.4063,disk8,7951699535872,8040880,65357175671267
282.4063,disk8w,356478976,46723,2473036605
282.4063,disk6,14405342685184,23466140,195716135910926
282.4063,disk6w,491520,70,201274851
282.4063,ram,267665408,65965817856,284492
282.4063,cpu,15839485,22710400,543423949
282.4063,gpu,0,0,0
282.6047,disk0,942275153350656,2125796209,12935779653072947
282.6047,disk0w,2190347513856,19810552,1286356687413
282.6047,disk4,8296741767168,16719670,95093540884131
282.6047,disk4w,2195456,171,27582691
282.6047,disk8,7952284772352,8041480,65358081138704
282.6047,disk8w,356478976,46723,2473036605
282.6047,disk6,14406676146176,23468692,195733729517016
282.6047,disk6w,491520,70,201274851
282.6047,ram,271220736,65980989440,284492
282.6047,cpu,15839541,22710525,543425656
282.6047,gpu,0,0,0
282.8063,disk0,942277077909504,2125802464,12935791586310510
282.8063,disk0w,2190347530240,19810554,1286356724579
282.8063,disk4,8297268185088,16720708,95096111988955
282.8063,disk4w,2195456,171,27582691
282.8063,disk8,7952797263872,8042005,65358690386856
282.8063,disk8w,356478976,46723,2473036605
282.8063,disk6,14408083941376,23471040,195752042693606
282.8063,disk6w,491520,70,201274851
282.8063,ram,271220736,65980989440,284492
282.8063,cpu,15839541,22710525,543425656
282.8063,gpu,0,0,0
283.0063,disk0,942279025266688,2125806153,12935804038295798
283.0063,disk0w,2190347538432,19810556,1286356751995
283.0063,disk4,8297987622912,16722162,95101384155734
283.0063,disk4w,2195456,171,27582691
283.0063,disk8,7953312180224,8042533,65359609447639
283.0063,disk8w,356478976,46723,2473036605
283.0063,disk6,14409171576832,23472846,195761639486477
283.0063,disk6w,491520,70,201274851
283.0063,ram,271220736,65980989440,284492
283.0063,cpu,15839541,22710525,543425656
283.0063,gpu,0,0,0
283.2063,disk0,942281268858880,2125811508,12935816888157387
283.2063,disk0w,2190347538432,19810556,1286356751995
283.2063,disk4,8298665822208,16723550,95104481687777
283.2063,disk4w,2195456,171,27582691
283.2063,disk8,7953962035200,8043199,65360560060793
283.2063,disk8w,356478976,46723,2473036605
283.2063,disk6,14410444941312,23474596,195772896558560
283.2063,disk6w,491520,70,201274851
283.2063,ram,271220736,65980989440,284492
283.2063,cpu,15839541,22710525,543425656
283.2063,gpu,0,0,0
283.4034,disk0,942283269083136,2125815006,12935825419930879
283.4034,disk0w,2190347542528,19810557,1286356763995
283.4034,disk4,8299259807744,16724769,95108698936253
283.4034,disk4w,2195456,171,27582691
283.4034,disk8,7954392344576,8043640,65361093848220
283.4034,disk8w,356478976,46723,2473036605
283.4034,disk6,14411732019200,23476274,195785589405417
283.4034,disk6w,491520,70,201274851
283.4034,ram,271220736,65980989440,284492
283.4034,cpu,15839541,22710525,543425656
283.4034,gpu,0,0,0
283.6063,disk0,942285268111360,2125819180,12935834886215436
283.6063,disk0w,2190347542528,19810557,1286356763995
283.6063,disk4,8299979245568,16726243,95114280411510
283.6063,disk4w,2195456,171,27582691
283.6063,disk8,7955007072256,8044270,65362014818053
283.6063,disk8w,356478976,46723,2473036605
283.6063,disk6,14413057648640,23478185,195798689417850
283.6063,disk6w,491520,70,201274851
283.6063,ram,320634880,65827078144,284492
283.6063,cpu,15839602,22710674,543427246
283.6063,gpu,0,0,0
283.8063,disk0,942286941376512,2125823004,12935842507162841
283.8063,disk0w,2190347542528,19810557,1286356763995
283.8063,disk4,8300417927168,16727125,95116352196350
283.8063,disk4w,2195456,171,27582691
283.8063,disk8,7955533981696,8044810,65362673852294
283.8063,disk8w,356478976,46723,2473036605
283.8063,disk6,14414462396416,23480348,195818233800701
283.8063,disk6w,491520,70,201274851
283.8063,ram,320634880,65827078144,284492
283.8063,cpu,15839602,22710674,543427246
283.8063,gpu,0,0,0
284.0063,disk0,942288750923776,2125827230,12935850400211464
284.0063,disk0w,2190347542528,19810557,1286356763995
284.0063,disk4,8301032081408,16728325,95118999978270
284.0063,disk4w,2195456,171,27582691
284.0063,disk8,7955929163776,8045215,65363114602821
284.0063,disk8w,356478976,46723,2473036605
284.0063,disk6,14415865391104,23482683,195837818048116
284.0063,disk6w,491520,70,201274851
284.0063,ram,320634880,65827078144,284492
284.0063,cpu,15839602,22710674,543427246
284.0063,gpu,0,0,0
284.2021,disk0,942290719387648,2125831754,12935862184743300
284.2021,disk0w,2190347542528,19810557,1286356763995
284.2021,disk4,8301663782912,16729570,95122976301067
284.2021,disk4w,2195456,171,27582691
284.2021,disk8,7956537206784,8045838,65364019062652
284.2021,disk8w,356478976,46723,2473036605
284.2021,disk6,14417120651264,23484923,195853387700750
284.2021,disk6w,491520,70,201274851
284.2021,ram,320634880,65827078144,284492
284.2021,cpu,15839602,22710674,543427246
284.2021,gpu,0,0,0
284.4063,disk0,942292356210688,2125841640,12935873121414328
284.4063,disk0w,2190347546624,19810558,1286356778661
284.4063,disk4,8302396721152,16731014,95127038049480
284.4063,disk4w,2195456,171,27582691
284.4063,disk8,7956965419008,8046277,65364476519297
284.4063,disk8w,356478976,46723,2473036605
284.4063,disk6,14418527725568,23487597,195875215641706
284.4063,disk6w,491520,70,201274851
284.4063,ram,320634880,65827078144,284492
284.4063,cpu,15839602,22710674,543427246
284.4063,gpu,0,0,0
284.6053,disk0,942293741031424,2125844254,12935881137180235
284.6053,disk0w,2190347546624,19810558,1286356778661
284.6053,disk4,8303085111296,16732414,95132901551881
284.6053,disk4w,2195456,171,27582691
284.6053,disk8,7957474699264,8046799,65365844832911
284.6053,disk8w,356478976,46723,2473036605
284.6053,disk6,14419637078016,23489381,195886357517194
284.6053,disk6w,491520,70,201274851
284.6053,ram,404209664,65558855680,284492
284.6053,cpu,15839656,22710796,543428833
284.6053,gpu,31,8,0
284.8037,disk0,942295783002112,2125853601,12935893936390013
284.8037,disk0w,2190347546624,19810558,1286356778661
284.8037,disk4,8303911929856,16734108,95139526363835
284.8037,disk4w,2195456,171,27582691
284.8037,disk8,7958001608704,8047339,65366526962946
284.8037,disk8w,356478976,46723,2473036605
284.8037,disk6,14420840826880,23491021,195894241485372
284.8037,disk6w,491520,70,201274851
284.8037,ram,404209664,65558855680,284492
284.8037,cpu,15839656,22710796,543428833
284.8037,gpu,0,0,0
285.0063,disk0,942298363809792,2125858269,12935910136872489
285.0063,disk0w,2190347546624,19810558,1286356778661
285.0063,disk4,8304655599616,16735633,95143390283328
285.0063,disk4w,2195456,171,27582691
285.0063,disk8,7958649366528,8048003,65367714640054
285.0063,disk8w,356478976,46723,2473036605
285.0063,disk6,14422026029056,23492692,195901587421822
285.0063,disk6w,491520,70,201274851
285.0063,ram,404209664,65558855680,284492
285.0063,cpu,15839656,22710796,543428833
285.0063,gpu,0,0,0
285.2063,disk0,942300141936640,2125862044,12935920402707217
285.2063,disk0w,2190352625664,19810855,1286363879943
285.2063,disk4,8305392986112,16737146,95150579420489
285.2063,disk4w,2195456,171,27582691
285.2063,disk8,7959116900352,8048482,65368248919698
285.2063,disk8w,356478976,46723,2473036605
285.2063,disk6,14423282567168,23494589,195915027664065
285.2063,disk6w,491520,70,201274851
285.2063,ram,404209664,65558855680,284492
285.2063,cpu,15839656,22710796,543428833
285.2063,gpu,0,0,0
285.4053,disk0,942302234435584,2125866705,12935933745529891
285.4053,disk0w,2190352629760,19810856,1286363891901
285.4053,disk4,8305866377216,16738077,95152565006060
285.4053,disk4w,2195456,171,27582691
285.4053,disk8,7959520864256,8048896,65368770795555
285.4053,disk8w,356478976,46723,2473036605
285.4053,disk6,14424582080512,23496809,195931522254229
285.4053,disk6w,491520,70,201274851
285.4053,ram,404209664,65558855680,284492
285.4053,cpu,15839656,22710796,543428833
285.4053,gpu,0,0,0
285.6038,disk0,942303779364864,2125870218,12935939309542488
285.6038,disk0w,2190353022976,19810859,1286363993275
285.6038,disk4,8306365564928,16739056,95154817655771
285.6038,disk4w,2195456,171,27582691
285.6038,disk8,7959959955456,8049346,65369263869862
285.6038,disk8w,356478976,46723,2473036605
285.6038,disk6,14425985878016,23499256,195953507954334
285.6038,disk6w,491520,70,201274851
285.6038,ram,396296192,65746452480,284492
285.6038,cpu,15839719,22710932,543430341
285.6038,gpu,0,0,0
285.8015,disk0,942306057707520,2125878377,12935955508881720
285.8015,disk0w,2190353022976,19810859,1286363993275
285.8015,disk4,8307147327488,16740603,95159067274340
285.8015,disk4w,2195456,171,27582691
285.8015,disk8,7960693041152,8050097,65370224710948
285.8015,disk8w,356478976,46723,2473036605
285.8015,disk6,14427321976832,23501625,195967566841202
285.8015,disk6w,491520,70,201274851
285.8015,ram,396296192,65746452480,284492
285.8015,cpu,15839719,22710932,543430341
285.8015,gpu,0,0,0
286.0053,disk0,942307690799104,2125881328,12935961173888847
286.0053,disk0w,2190353022976,19810859,1286363993275
286.0053,disk4,8307814123520,16741923,95162832366438
286.0053,disk4w,2195456,171,27582691
286.0053,disk8,7961145501696,8050561,65370749146255
286.0053,disk8w,356478976,46723,2473036605
286.0053,disk6,14428613986304,23504160,195986834085742
286.0053,disk6w,491520,70,201274851
286.0053,ram,396296192,65746452480,284492
286.0053,cpu,15839719,22710932,543430341
286.0053,gpu,0,0,0
286.2053,disk0,942309408747520,2125884262,12935968504589593
286.2053,disk0w,2190353022976,19810859,1286363993275
286.2053,disk4,8308587776000,16743507,95169573890342
286.2053,disk4w,2195456,171,27582691
286.2053,disk8,7961629485056,8051057,65371899259554
286.2053,disk8w,356478976,46723,2473036605
286.2053,disk6,14429889120256,23506026,196000685729078
286.2053,disk6w,491520,70,201274851
286.2053,ram,396296192,65746452480,284492
286.2053,cpu,15839719,22710932,543430341
286.2053,gpu,0,0,0
286.4064,disk0,942311635087360,2125888481,12935979138615482
286.4064,disk0w,2190353027072,19810860,1286364015650
286.4064,disk4,8309288617984,16744945,95174042426634
286.4064,disk4w,2195456,171,27582691
286.4064,disk8,7962216818688,8051659,65372630078430
286.4064,disk8w,356478976,46723,2473036605
286.4064,disk6,14431218862080,23507577,196010598368643
286.4064,disk6w,491520,70,201274851
286.4064,ram,396296192,65746452480,284492
286.4064,cpu,15839719,22710932,543430341
286.4064,gpu,0,0,0
286.6064,disk0,942313827315712,2125892666,12935989969585004
286.6064,disk0w,2190353027072,19810860,1286364015650
286.6064,disk4,8310142158848,16746696,95180283177297
286.6064,disk4w,2195456,171,27582691
286.6064,disk8,7962884237312,8052343,65373604701031
286.6064,disk8w,356478976,46723,2473036605
286.6064,disk6,14432510724096,23509445,196021450575642
286.6064,disk6w,491520,70,201274851
286.6064,ram,449773568,65758806016,284492
286.6064,cpu,15839785,22711058,543431932
286.6064,gpu,0,0,0
286.8064,disk0,942315269373952,2125895983,12935995743814840
286.8064,disk0w,2190353027072,19810860,1286364015650
286.8064,disk4,8310805940224,16748053,95184565466453
286.8064,disk4w,2195456,171,27582691
286.8064,disk8,7963463837696,8052937,65374287686007
286.8064,disk8w,356478976,46723,2473036605
286.8064,disk6,14433920784384,23511570,196040237474156
286.8064,disk6w,491520,70,201274851
286.8064,ram,449773568,65758806016,284492
286.8064,cpu,15839785,22711058,543431932
286.8064,gpu,0,0,0
287.0064,disk0,942317178957824,2125900578,12936005755240726
287.0064,disk0w,2190353027072,19810860,1286364015650
287.0064,disk4,8311420094464,16749243,95188872964624
287.0064,disk4w,2195456,171,27582691
287.0064,disk8,7963797547008,8053279,65374630431645
287.0064,disk8w,356478976,46723,2473036605
287.0064,disk6,14435305969664,23513950,196058755426318
287.0064,disk6w,491520,70,201274851
287.0064,ram,449773568,65758806016,284492
287.0064,cpu,15839785,22711058,543431932
287.0064,gpu,0,0,0
287.2064,disk0,942318939680768,2125904315,12936014471703952
287.2064,disk0w,2190353027072,19810860,1286364015650
287.2064,disk4,8311944275968,16750277,95191152938244
287.2064,disk4w,2195456,171,27582691
287.2064,disk8,7964299159552,8053793,65375216067977
287.2064,disk8w,356478976,46723,2473036605
287.2064,disk6,14436689565696,23516455,196079557002774
287.2064,disk6w,491520,70,201274851
287.2064,ram,449773568,65758806016,284492
287.2064,cpu,15839785,22711058,543431932
287.2064,gpu,0,0,0
287.4064,disk0,942321060130816,2125911441,12936030308794669
287.4064,disk0w,2190353031168,19810861,1286364034275
287.4064,disk4,8312699242496,16751770,95195376053711
287.4064,disk4w,2195456,171,27582691
287.4064,disk8,7964956747776,8054467,65376077591490
287.4064,disk8w,356478976,46723,2473036605
287.4064,disk6,14437989423104,23518697,196093842866365
287.4064,disk6w,491520,70,201274851
287.4064,ram,449773568,65758806016,284492
287.4064,cpu,15839785,22711058,543431932
287.4064,gpu,0,0,0
287.6030,disk0,942322726928384,2125914394,12936036831807551
287.6030,disk0w,2190353031168,19810861,1286364034275
287.6030,disk4,8313376622592,16753137,95200248595633
287.6030,disk4w,2195456,171,27582691
287.6030,disk8,7965481084928,8055004,65377422101653
287.6030,disk8w,356478976,46723,2473036605
287.6030,disk6,14439186405376,23520699,196107304158993
287.6030,disk6w,491520,70,201274851
287.6030,ram,453902336,65435910144,284492
287.6030,cpu,15839843,22711187,543433614
287.6030,gpu,0,0,0
287.8064,disk0,942324950597632,2125919724,12936050605150181
287.8064,disk0w,2190353031168,19810861,1286364034275
287.8064,disk4,8313911805952,16754235,95203062470384
287.8064,disk4w,2195456,171,27582691
287.8064,disk8,7966054393856,8055592,65378088948299
287.8064,disk8w,356478976,46723,2473036605
287.8064,disk6,14440514115584,23522611,196119969844152
287.8064,disk6w,491520,70,201274851
287.8064,ram,453902336,65435910144,284492
287.8064,cpu,15839845,22711192,543433646
287.8064,gpu,0,0,0
288.0064,disk0,942327301156864,2125923844,12936065135040266
288.0064,disk0w,2190353031168,19810861,1286364034275
288.0064,disk4,8314604931072,16755657,95207525426549
288.0064,disk4w,2195456,171,27582691
288.0064,disk8,7966625212416,8056177,65378846108810
288.0064,disk8w,356478976,46723,2473036605
288.0064,disk6,14441666746368,23524220,196127808296009
288.0064,disk6w,491520,70,201274851
288.0064,ram,453902336,65435910144,284492
288.0064,cpu,15839845,22711192,543433646
288.0064,gpu,0,0,0
288.2053,disk0,942329411432448,2125928437,12936076850302663
288.2053,disk0w,2190353035264,19810862,1286364043858
288.2053,disk4,8315509131264,16757509,95215803951196
288.2053,disk4w,2195456,171,27582691
288.2053,disk8,7967248721920,8056816,65379624810171
288.2053,disk8w,356478976,46723,2473036605
288.2053,disk6,14442970224640,23526092,196137266755871
288.2053,disk6w,491520,70,201274851
288.2053,ram,453902336,65435910144,284492
288.2053,cpu,15839845,22711192,543433646
288.2053,gpu,0,0,0
288.4064,disk0,942331306455040,2125932554,12936086542548087
288.4064,disk0w,2190353035264,19810862,1286364043858
288.4064,disk4,8316196620288,16758865,95219671801291
288.4064,disk4w,2195456,171,27582691
288.4064,disk8,7967740504064,8057320,65380253152463
288.4064,disk8w,356478976,46723,2473036605
288.4064,disk6,14444372400128,23528298,196153267655469
288.4064,disk6w,491520,70,201274851
288.4064,ram,453902336,65435910144,284492
288.4064,cpu,15839845,22711192,543433646
288.4064,gpu,0,0,0
288.6040,disk0,942333008326656,2125936438,12936092480040141
288.6040,disk0w,2190353035264,19810862,1286364043858
288.6040,disk4,8316842199040,16760128,95224108509463
288.6040,disk4w,2195456,171,27582691
288.6040,disk8,7968135686144,8057725,65380706803649
288.6040,disk8w,356478976,46723,2473036605
288.6040,disk6,14445745838080,23530643,196171956059980
288.6040,disk6w,491520,70,201274851
288.6040,ram,460898304,65752236032,284492
288.6040,cpu,15839904,22711338,543435180
288.6040,gpu,0,0,0
288.8064,disk0,942335157743616,2125942735,12936106958187998
288.8064,disk0w,2190353051648,19810864,1286364198899
288.8064,disk4,8317685549056,16761797,95228845758359
288.8064,disk4w,2195456,171,27582691
288.8064,disk8,7968697722880,8058301,65381350140201
288.8064,disk8w,356478976,46723,2473036605
288.8064,disk6,14447055050752,23533036,196186617072758
288.8064,disk6w,491520,70,201274851
288.8064,ram,460898304,65752236032,284492
288.8064,cpu,15839907,22711343,543435214
288.8064,gpu,0,0,0
289.0043,disk0,942336819802112,2125945702,12936112908918885
289.0043,disk0w,2190353051648,19810864,1286364198899
289.0043,disk4,8318451451904,16763315,95234629524177
289.0043,disk4w,2195456,171,27582691
289.0043,disk8,7969168402432,8058783,65381933012633
289.0043,disk8w,356478976,46723,2473036605
289.0043,disk6,14448224819200,23535332,196201511798420
289.0043,disk6w,491520,70,201274851
289.0043,ram,460898304,65752236032,284492
289.0043,cpu,15839907,22711343,543435214
289.0043,gpu,41,4,0
289.2053,disk0,942339006320640,2125954552,12936129225469844
289.2053,disk0w,2190353055744,19810865,1286364241774
289.2053,disk4,8318991747072,16764424,95237194887653
289.2053,disk4w,2195456,171,27582691
289.2053,disk8,7969868752896,8059501,65384099039727
289.2053,disk8w,356478976,46723,2473036605
289.2053,disk6,14449514223616,23537123,196212222466272
289.2053,disk6w,491520,70,201274851
289.2053,ram,460898304,65752236032,284492
289.2053,cpu,15839907,22711343,543435214
289.2053,gpu,0,0,0
289.4064,disk0,942340980625408,2125958233,12936137480076868
289.4064,disk0w,2190353055744,19810865,1286364241774
289.4064,disk4,8319807703040,16766097,95244602964386
289.4064,disk4w,2195456,171,27582691
289.4064,disk8,7970425153536,8060071,65384838386291
289.4064,disk8w,356478976,46723,2473036605
289.4064,disk6,14450833561600,23538723,196222539706951
289.4064,disk6w,491520,70,201274851
289.4064,ram,460898304,65752236032,284492
289.4064,cpu,15839907,22711343,543435214
289.4064,gpu,0,0,0
289.6053,disk0,942343140610048,2125962345,12936150079908918
289.6053,disk0w,2190353055744,19810865,1286364241774
289.6053,disk4,8320641984512,16767806,95251456912644
289.6053,disk4w,2195456,171,27582691
289.6053,disk8,7971016026112,8060677,65385570240549
289.6053,disk8w,356478976,46723,2473036605
289.6053,disk6,14451953850368,23540385,196231206100922
289.6053,disk6w,491520,70,201274851
289.6053,ram,472481792,65745715200,284492
289.6053,cpu,15839965,22711473,543436771
289.6053,gpu,0,0,0
289.8064,disk0,942344999391232,2125966627,12936160443946712
289.8064,disk0w,2190353055744,19810865,1286364241774
289.8064,disk4,8321312212992,16769164,95256495958773
289.8064,disk4w,2195456,171,27582691
289.8064,disk8,7971446335488,8061118,65386055375661
289.8064,disk8w,356478976,46723,2473036605
289.8064,disk6,14453305858048,23542408,196246218090787
289.8064,disk6w,491520,70,201274851
289.8064,ram,472481792,65745715200,284492
289.8064,cpu,15839967,22711476,543436838
289.8064,gpu,0,0,0
290.0048,disk0,942346656882688,2125970444,12936168277245056
290.0048,disk0w,2190353055744,19810865,1286364241774
290.0048,disk4,8321825654784,16770159,95259287422026
290.0048,disk4w,2195456,171,27582691
290.0048,disk8,7971771262976,8061451,65386399284084
290.0048,disk8w,356478976,46723,2473036605
290.0048,disk6,14454696843264,23544946,196267806553423
290.0048,disk6w,491520,70,201274851
290.0048,ram,472481792,65745715200,284492
290.0048,cpu,15839967,22711476,543436838
290.0048,gpu,0,0,0
290.2064,disk0,942348695916544,2125975042,12936179813937557
290.2064,disk0w,2190353059840,19810866,1286364257357
290.2064,disk4,8322494539776,16771482,95263604439454
290.2064,disk4w,2195456,171,27582691
290.2064,disk8,7972327663616,8062021,65387042482560
290.2064,disk8w,356478976,46723,2473036605
290.2064,disk6,14456000452608,23547352,196283947547268
290.2064,disk6w,491520,70,201274851
290.2064,ram,472481792,65745715200,284492
290.2064,cpu,15839967,22711476,543436838
290.2064,gpu,0,0,0
290.4045,disk0,942350788186112,2125980722,12936193376285884
290.4045,disk0w,2190353059840,19810866,1286364257357
290.4045,disk4,8323350317056,16773171,95270525908119
290.4045,disk4w,2195456,171,27582691
290.4045,disk8,7972921288704,8062629,65387729627233
290.4045,disk8w,356478976,46723,2473036605
290.4045,disk6,14457245046784,23549675,196296857836666
290.4045,disk6w,491520,70,201274851
290.4045,ram,472481792,65745715200,284492
290.4045,cpu,15839967,22711476,543436838
290.4045,gpu,0,0,0
290.6042,disk0,942352468975616,2125983995,12936202212843248
290.6042,disk0w,2190353076224,19810867,1286364271815
290.6042,disk4,8324036610048,16774556,95275536884200
290.6042,disk4w,2195456,171,27582691
290.6042,disk8,7973466089472,8063188,65389451888785
290.6042,disk8w,356478976,46723,2473036605
290.6042,disk6,14458337204224,23551464,196308089855443
290.6042,disk6w,491520,70,201274851
290.6042,ram,480493568,65600602112,284492
290.6042,cpu,15840025,22711596,543438350
290.6042,gpu,0,0,0
290.8038,disk0,942354571149312,2125991032,12936217612330025
290.8038,disk0w,2190353076224,19810867,1286364271815
290.8038,disk4,8324484974592,16775476,95277378115760
290.8038,disk4w,2195456,171,27582691
290.8038,disk8,7973957871616,8063692,65390018275917
290.8038,disk8w,356478976,46723,2473036605
290.8038,disk6,14459595020288,23553159,196320601050294
290.8038,disk6w,491520,70,201274851
290.8038,ram,480493568,65600602112,284492
290.8038,cpu,15840025,22711596,543438350
290.8038,gpu,0,0,0
291.0039,disk0,942356249350144,2125993801,12936222444525677
291.0039,disk0w,2190353076224,19810867,1286364271815
291.0039,disk4,8325267924992,16777080,95283462270930
291.0039,disk4w,2195456,171,27582691
291.0039,disk8,7974388180992,8064133,65390450677051
291.0039,disk8w,356478976,46723,2473036605
291.0039,disk6,14461001799680,23555047,196334854250421
291.0039,disk6w,491520,70,201274851
291.0039,ram,480493568,65600602112,284492
291.0039,cpu,15840025,22711596,543438350
291.0039,gpu,33,6,0
291.2053,disk0,942358394982400,2125997923,12936233571921503
291.2053,disk0w,2190353080320,19810868,1286364279773
291.2053,disk4,8326032287744,16778647,95288476660804
291.2053,disk4w,2195456,171,27582691
291.2053,disk8,7975009200128,8064769,65391321482797
291.2053,disk8w,356478976,46723,2473036605
291.2053,disk6,14462239627264,23556850,196346429012859
291.2053,disk6w,491520,70,201274851
291.2053,ram,480493568,65600602112,284492
291.2053,cpu,15840025,22711596,543438350
291.2053,gpu,42,10,0
291.4064,disk0,942360544415744,2126002676,12936245529634176
291.4064,disk0w,2190353080320,19810868,1286364279773
291.4064,disk4,8326614108160,16779799,95291003457751
291.4064,disk4w,2195456,171,27582691
291.4064,disk8,7975600072704,8065375,65392083622121
291.4064,disk8w,356478976,46723,2473036605
291.4064,disk6,14463622535168,23559046,196360635099718
291.4064,disk6w,491520,70,201274851
291.4064,ram,480493568,65600602112,284492
291.4064,cpu,15840025,22711596,543438350
291.4064,gpu,0,0,0
291.6053,disk0,942362509086720,2126006883,12936254808559006
291.6053,disk0w,2190353080320,19810868,1286364279773
291.6053,disk4,8327129663488,16780809,95293034585423
291.6053,disk4w,2195456,171,27582691
291.6053,disk8,7976051091456,8065837,65392686769593
291.6053,disk8w,356478976,46723,2473036605
291.6053,disk6,14464971298816,23561621,196382215373139
291.6053,disk6w,491520,70,201274851
291.6053,ram,332578816,65912356864,284492
291.6053,cpu,15840078,22711725,543439929
291.6053,gpu,0,0,0
291.8038,disk0,942364447666176,2126011322,12936265232905584
291.8038,disk0w,2190353080320,19810868,1286364279773
291.8038,disk4,8327818201088,16782166,95296904029058
291.8038,disk4w,2195456,171,27582691
291.8038,disk8,7976601200640,8066401,65393263702280
291.8038,disk8w,356478976,46723,2473036605
291.8038,disk6,14466312185856,23564088,196400420249395
291.8038,disk6w,491520,70,201274851
291.8038,ram,332578816,65912356864,284492
291.8038,cpu,15840078,22711725,543439929
291.8038,gpu,0,0,0
292.0038,disk0,942366613852160,2126022073,12936284698706397
292.0038,disk0w,2190353080320,19810868,1286364279773
292.0038,disk4,8328450697216,16783412,95300005368185
292.0038,disk4w,2195456,171,27582691
292.0038,disk8,7977187092480,8067001,65394003354088
292.0038,disk8w,356478976,46723,2473036605
292.0038,disk6,14467479709696,23566272,196412051212926
292.0038,disk6w,491520,70,201274851
292.0038,ram,332578816,65912356864,284492
292.0038,cpu,15840078,22711725,543439929
292.0038,gpu,0,0,0
292.2053,disk0,942368599506944,2126026765,12936296598498339
292.2053,disk0w,2190353084416,19810869,1286364291356
292.2053,disk4,8329175869440,16784886,95306143073325
292.2053,disk4w,2195456,171,27582691
292.2053,disk8,7977805260800,8067635,65395845915836
292.2053,disk8w,356478976,46723,2473036605
292.2053,disk6,14468552452096,23568090,196421018250841
292.2053,disk6w,491520,70,201274851
292.2053,ram,332578816,65912356864,284492
292.2053,cpu,15840078,22711725,543439929
292.2053,gpu,0,0,0
292.4064,disk0,942370987700224,2126031753,12936312684661140
292.4064,disk0w,2190353084416,19810869,1286364291356
292.4064,disk4,8329721939968,16786006,95308736949742
292.4064,disk4w,2195456,171,27582691
292.4064,disk8,7978449479680,8068295,65396845814631
292.4064,disk8w,356478976,46723,2473036605
292.4064,disk6,14469816444928,23569664,196428876284393
292.4064,disk6w,491520,70,201274851
292.4064,ram,332578816,65912356864,284492
292.4064,cpu,15840078,22711725,543439929
292.4064,gpu,0,0,0
292.6053,disk0,942373275127808,2126036296,12936323187422409
292.6053,disk0w,2190353084416,19810869,1286364291356
292.6053,disk4,8330567747584,16787741,95315546233190
292.6053,disk4w,2195456,171,27582691
292.6053,disk8,7979068794880,8068930,65397762551209
292.6053,disk8w,356478976,46723,2473036605
292.6053,disk6,14471000614912,23571340,196437763388877
292.6053,disk6w,491520,70,201274851
292.6053,ram,367067136,65753235456,284492
292.6053,cpu,15840162,22711899,543441458
292.6053,gpu,0,0,0
292.8024,disk0,942375294398464,2126040626,12936333482219150
292.8024,disk0w,2190353084416,19810869,1286364291356
292.8024,disk4,8331424024576,16789495,95321172581982
292.8024,disk4w,2195456,171,27582691
292.8024,disk8,7979676837888,8069553,65398605674300
292.8024,disk8w,356478976,46723,2473036605
292.8024,disk6,14472284481536,23573272,196449669109191
292.8024,disk6w,491520,70,201274851
292.8024,ram,367067136,65753235456,284492
292.8024,cpu,15840162,22711899,543441458
292.8024,gpu,44,6,0
293.0053,disk0,942377087131648,2126044824,12936342114241967
293.0053,disk0w,2190353088512,19810870,1286364304856
293.0053,disk4,8332075370496,16790757,95324702619897
293.0053,disk4w,2195456,171,27582691
293.0053,disk8,7980008450048,8069893,65398949023977
293.0053,disk8w,356478976,46723,2473036605
293.0053,disk6,14473696864256,23575704,196470371863935
293.0053,disk6w,491520,70,201274851
293.0053,ram,367067136,65753235456,284492
293.0053,cpu,15840162,22711899,543441458
293.0053,gpu,0,0,0
293.2064,disk0,942379186647040,2126049599,12936350578729636
293.2064,disk0w,2190353154048,19810883,1286364554308
293.2064,disk4,8332740069376,16792064,95328531010498
293.2064,disk4w,2195456,171,27582691
293.2064,disk8,7980579268608,8070478,65399694275035
293.2064,disk8w,356478976,46723,2473036605
293.2064,disk6,14475104053248,23578114,196486633794567
293.2064,disk6w,491520,70,201274851
293.2064,ram,367067136,65753235456,284492
293.2064,cpu,15840162,22711899,543441458
293.2064,gpu,0,0,0
293.4064,disk0,942381109878784,2126056152,12936362833017508
293.4064,disk0w,2190353694720,19810895,1286364872721
293.4064,disk4,8333477054464,16793516,95335143611151
293.4064,disk4w,2195456,171,27582691
293.4064,disk8,7981137766400,8071050,65400393823763
293.4064,disk8w,356478976,46723,2473036605
293.4064,disk6,14476373878784,23580307,196499319780909
293.4064,disk6w,491520,70,201274851
293.4064,ram,367067136,65753235456,284492
293.4064,cpu,15840162,22711899,543441458
293.4064,gpu,0,0,0
293.6026,disk0,942382518050816,2126058530,12936371244058361
293.6026,disk0w,2190353694720,19810895,1286364872721
293.6026,disk4,8334084384768,16794726,95338815802466
293.6026,disk4w,2195456,171,27582691
293.6026,disk8,7981642803200,8071568,65402294133497
293.6026,disk8w,356478976,46723,2473036605
293.6026,disk6,14477441787904,23582334,196513705433528
293.6026,disk6w,491520,70,201274851
293.6026,ram,115179520,66073034752,284495
293.6026,cpu,15840310,22712117,543442878
293.6026,gpu,0,0,0
293.8064,disk0,942384475889664,2126062309,12936381676810871
293.8064,disk0w,2190353698816,19810896,1286364882471
293.8064,disk4,8334582532096,16795748,95341920100048
293.8064,disk4w,2195456,171,27582691
293.8064,disk8,7982133536768,8072071,65402912214707
293.8064,disk8w,356478976,46723,2473036605
293.8064,disk6,14478735288320,23584154,196527079690382
293.8064,disk6w,491520,70,201274851
293.8064,ram,115179520,66073034752,284495
293.8064,cpu,15840316,22712127,543442972
293.8064,gpu,0,0,0
294.0035,disk0,942386414292992,2126065805,12936389721688803
294.0035,disk0w,2190353698816,19810896,1286364882471
294.0035,disk4,8335389706240,16797403,95352644189688
294.0035,disk4w,2195456,171,27582691
294.0035,disk8,7982660446208,8072611,65403554176856
294.0035,disk8w,356478976,46723,2473036605
294.0035,disk6,14479893374976,23585578,196534700473890
294.0035,disk6w,491520,70,201274851
294.0035,ram,115179520,66073034752,284495
294.0035,cpu,15840316,22712127,543442972
294.0035,gpu,0,0,0
294.2053,disk0,942388336947200,2126069620,12936399176664181
294.2053,disk0w,2190353858560,19810907,1286365087301
294.2053,disk4,8336109144064,16798877,95357269335391
294.2053,disk4w,2195456,171,27582691
294.2053,disk8,7983232313344,8073197,65404208405999
294.2053,disk8w,356478976,46723,2473036605
294.2053,disk6,14481246709760,23587669,196549036090025
294.2053,disk6w,491520,70,201274851
294.2053,ram,115179520,66073034752,284495
294.2053,cpu,15840316,22712127,543442972
294.2053,gpu,0,0,0
294.4038,disk0,942390186250240,2126073555,12936407549475203
294.4038,disk0w,2190353858560,19810907,1286365087301
294.4038,disk4,8336749627392,16800185,95361221434621
294.4038,disk4w,2195456,171,27582691
294.4038,disk8,7983766956032,8073745,65404823625516
294.4038,disk8w,356478976,46723,2473036605
294.4038,disk6,14482594342912,23589762,196565553169772
294.4038,disk6w,491520,70,201274851
294.4038,ram,115179520,66073034752,284495
294.4038,cpu,15840316,22712127,543442972
294.4038,gpu,0,0,0
294.6064,disk0,942392077369344,2126078060,12936418110961883
294.6064,disk0w,2190354251776,19810944,1286365529997
294.6064,disk4,8337430972416,16801505,95365035875645
294.6064,disk4w,2195456,171,27582691
294.6064,disk8,7984118228992,8074105,65405174000434
294.6064,disk8w,356478976,46723,2473036605
294.6064,disk6,14483965732864,23592180,196583030767832
294.6064,disk6w,491520,70,201274851
294.6064,ram,119996416,66150514688,284505
294.6064,cpu,15840392,22712269,543444429
294.6064,gpu,0,0,0
294.8038,disk0,942394217930752,2126082953,12936427479594543
294.8038,disk0w,2190354255872,19810945,1286365552038
294.8038,disk4,8338321295360,16803266,95371927777630
294.8038,disk4w,2195456,171,27582691
294.8038,disk8,7984804259840,8074808,65406167580037
294.8038,disk8w,356478976,46723,2473036605
294.8038,disk6,14485322098688,23594487,196596050730567
294.8038,disk6w,491520,70,201274851
294.8038,ram,119996416,66150514688,284505
294.8038,cpu,15840394,22712282,543444554
294.8038,gpu,0,0,0
295.0053,disk0,942396367200256,2126090057,12936441363003029
295.0053,disk0w,2190354255872,19810945,1286365552038
295.0053,disk4,8339206244352,16805014,95378245921299
295.0053,disk4w,2195456,171,27582691
295.0053,disk8,7985330120704,8075347,65406764838702
295.0053,disk8w,356478976,46723,2473036605
295.0053,disk6,14486635505664,23596987,196610968034563
295.0053,disk6w,491520,70,201274851
295.0053,ram,119996416,66150514688,284505
295.0053,cpu,15840394,22712282,543444554
295.0053,gpu,0,0,0
295.2056,disk0,942398069129216,2126094475,12936452276028269
295.2056,disk0w,2190354255872,19810945,1286365552038
295.2056,disk4,8339896502272,16806420,95384299984024
295.2056,disk4w,2195456,171,27582691
295.2056,disk8,7985725253632,8075752,65407579421690
295.2056,disk8w,356478976,46723,2473036605
295.2056,disk6,14487727253504,23598775,196623449515560
295.2056,disk6w,491520,70,201274851
295.2056,ram,119996416,66150514688,284505
295.2056,cpu,15840394,22712282,543444554
295.2056,gpu,0,0,0
295.4054,disk0,942400048627712,2126103086,12936465789412858
295.4054,disk0w,2190354255872,19810945,1286365552038
295.4054,disk4,8340497025024,16807653,95387829996200
295.4054,disk4w,2195456,171,27582691
295.4054,disk8,7986260944896,8076301,65408296147466
295.4054,disk8w,356478976,46723,2473036605
295.4054,disk6,14489071364096,23600526,196635153981213
295.4054,disk6w,491520,70,201274851
295.4054,ram,119996416,66150514688,284505
295.4054,cpu,15840394,22712282,543444554
295.4054,gpu,0,0,0
295.6064,disk0,942402087661568,2126106802,12936475295898580
295.6064,disk0w,2190354268160,19810948,1286365604912
295.6064,disk4,8341328037888,16809355,95396171404236
295.6064,disk4w,2195456,171,27582691
295.6064,disk8,7986840545280,8076895,65409043497101
295.6064,disk8w,356478976,46723,2473036605
295.6064,disk6,14490311354368,23602278,196643939966647
295.6064,disk6w,491520,70,201274851
295.6064,ram,205389824,66005991424,284505
295.6064,cpu,15840493,22712446,543445923
295.6064,gpu,0,0,0
295.8064,disk0,942403701768192,2126110127,12936480758567024
295.8064,disk0w,2190354268160,19810948,1286365604912
295.8064,disk4,8342153668608,16811049,95405431442821
295.8064,disk4w,2195456,171,27582691
295.8064,disk8,7987411363840,8077480,65409712545568
295.8064,disk8w,356478976,46723,2473036605
295.8064,disk6,14491633362944,23604348,196657240545136
295.8064,disk6w,491520,70,201274851
295.8064,ram,205389824,66005991424,284505
295.8064,cpu,15840501,22712458,543446007
295.8064,gpu,0,0,0
296.0064,disk0,942405552902144,2126114250,12936489976209441
296.0064,disk0w,2190354276352,19810950,1286365635536
296.0064,disk4,8342856615936,16812442,95409240614308
296.0064,disk4w,2195456,171,27582691
296.0064,disk8,7987806545920,8077885,65410128566480
296.0064,disk8w,356478976,46723,2473036605
296.0064,disk6,14492961318912,23606530,196674634110573
296.0064,disk6w,491520,70,201274851
296.0064,ram,205389824,66005991424,284505
296.0064,cpu,15840501,22712458,543446007
296.0064,gpu,0,0,0
296.2054,disk0,942407096848384,2126117878,12936495049099680
296.2054,disk0w,2190354276352,19810950,1286365635536
296.2054,disk4,8343350560768,16813410,95411360744647
296.2054,disk4w,2195456,171,27582691
296.2054,disk8,7988210509824,8078299,65410541269307
296.2054,disk8w,356478976,46723,2473036605
296.2054,disk6,14494373062656,23608762,196696632549489
296.2054,disk6w,491520,70,201274851
296.2054,ram,205389824,66005991424,284505
296.2054,cpu,15840501,22712458,543446007
296.2054,gpu,0,0,0
296.4015,disk0,942409138769920,2126125054,12936507951824774
296.4015,disk0w,2190354276352,19810950,1286365635536
296.4015,disk4,8344108500992,16814905,95417807492944
296.4015,disk4w,2195456,171,27582691
296.4015,disk8,7988737419264,8078839,65411201747709
296.4015,disk8w,356478976,46723,2473036605
296.4015,disk6,14495643838464,23611087,196711894686773
296.4015,disk6w,491520,70,201274851
296.4015,ram,205389824,66005991424,284505
296.4015,cpu,15840501,22712458,543446007
296.4015,gpu,23,8,0
296.6059,disk0,942411053240320,2126129180,12936517022959503
296.6059,disk0w,2190354276352,19810950,1286365635536
296.6059,disk4,8344882792448,16816438,95423077181886
296.6059,disk4w,2195456,171,27582691
296.6059,disk8,7989220419584,8079334,65411773664161
296.6059,disk8w,356478976,46723,2473036605
296.6059,disk6,14496825911296,23613365,196726598707659
296.6059,disk6w,491520,70,201274851
296.6059,ram,173277184,65566949376,284505
296.6059,cpu,15840562,22712584,543447496
296.6059,gpu,0,0,0
296.8064,disk0,942412816560128,2126137464,12936529114722981
296.8064,disk0w,2190354276352,19810950,1286365635536
296.8064,disk4,8345512544256,16817728,95426466855033
296.8064,disk4w,2195456,171,27582691
296.8064,disk8,7989764810752,8079892,65412891782348
296.8064,disk8w,356478976,46723,2473036605
296.8064,disk6,14498115217408,23615286,196742276718446
296.8064,disk6w,491520,70,201274851
296.8064,ram,173473792,65845346304,284505
296.8064,cpu,15840567,22712601,543447613
296.8064,gpu,0,0,0
297.0064,disk0,942414882308096,2126141162,12936537988228772
297.0064,disk0w,2190354276352,19810950,1286365635536
297.0064,disk4,8346281322496,16819304,95432095073145
297.0064,disk4w,2195456,171,27582691
297.0064,disk8,7990291720192,8080432,65413540237069
297.0064,disk8w,356478976,46723,2473036605
297.0064,disk6,14499462162432,23616920,196752771490068
297.0064,disk6w,491520,70,201274851
297.0064,ram,173473792,65845346304,284505
297.0064,cpu,15840567,22712601,543447613
297.0064,gpu,0,0,0
297.2064,disk0,942416851877888,2126144798,12936543982287456
297.2064,disk0w,2190354276352,19810950,1286365635536
297.2064,disk4,8347111294976,16821007,95441642142909
297.2064,disk4w,2195456,171,27582691
297.2064,disk8,7990944720896,8081101,65414423407144
297.2064,disk8w,356478976,46723,2473036605
297.2064,disk6,14500770473984,23618836,196765012144935
297.2064,disk6w,491520,70,201274851
297.2064,ram,173473792,65845346304,284505
297.2064,cpu,15840567,22712601,543447613
297.2064,gpu,0,0,0
297.4064,disk0,942419104202752,2126149631,12936555626653725
297.4064,disk0w,2190354276352,19810950,1286365635536
297.4064,disk4,8348026898432,16822865,95448610101155
297.4064,disk4w,2195456,171,27582691
297.4064,disk8,7991538739200,8081710,65415272741247
297.4064,disk8w,356478976,46723,2473036605
297.4064,disk6,14502045464576,23620770,196775948095709
297.4064,disk6w,491520,70,201274851
297.4064,ram,173473792,65845346304,284505
297.4064,cpu,15840567,22712601,543447613
297.4064,gpu,0,0,0
297.6050,disk0,942420895105024,2126153935,12936564738571419
297.6050,disk0w,2190354276352,19810950,1286365635536
297.6050,disk4,8348646688768,16824067,95451448177078
297.6050,disk4w,2195456,171,27582691
297.6050,disk8,7991907575808,8082088,65415634604911
297.6050,disk8w,356478976,46723,2473036605
297.6050,disk6,14503358740480,23623134,196795448120387
297.6050,disk6w,491520,70,201274851
297.6050,ram,197443584,66005942272,284505
297.6050,cpu,15840567,22712601,543447613
297.6050,gpu,0,0,0
297.8037,disk0,942422905348096,2126158778,12936575611057867
297.8037,disk0w,2190354276352,19810950,1286365635536
297.8037,disk4,8349422061568,16825594,95458080874986
297.8037,disk4w,2195456,171,27582691
297.8037,disk8,7992364230656,8082556,65416124445752
297.8037,disk8w,356478976,46723,2473036605
297.8037,disk6,14504624306176,23625315,196809018470452
297.8037,disk6w,491520,70,201274851
297.8037,ram,197443584,66005942272,284505
297.8037,cpu,15840629,22712726,543449114
297.8037,gpu,38,6,0
298.0064,disk0,942424775909376,2126166087,12936585792241304
298.0064,disk0w,2190354276352,19810950,1286365635536
298.0064,disk4,8350265755648,16827261,95466181636308
298.0064,disk4w,2195456,171,27582691
298.0064,disk8,7992917485568,8083123,65416758510306
298.0064,disk8w,356478976,46723,2473036605
298.0064,disk6,14505874339840,23627644,196822367173839
298.0064,disk6w,491520,70,201274851
298.0064,ram,197443584,66005942272,284505
298.0064,cpu,15840629,22712726,543449114
298.0064,gpu,0,0,0
298.2064,disk0,942426256359424,2126168934,12936590563279403
298.2064,disk0w,2190354276352,19810950,1286365635536
298.2064,disk4,8350904666112,16828552,95470774230002
298.2064,disk4w,2195456,171,27582691
298.2064,disk8,7993374058496,8083591,65418180964566
298.2064,disk8w,356478976,46723,2473036605
298.2064,disk6,14507104385024,23629587,196838033698440
298.2064,disk6w,491520,70,201274851
298.2064,ram,197443584,66005942272,284505
298.2064,cpu,15840629,22712726,543449114
298.2064,gpu,0,0,0
298.4064,disk0,942428177547264,2126173060,12936598279761278
298.4064,disk0w,2190354276352,19810950,1286365635536
298.4064,disk4,8351552342016,16829881,95474145634864
298.4064,disk4w,2195456,171,27582691
298.4064,disk8,7993965586432,8084197,65418912363569
298.4064,disk8w,356478976,46723,2473036605
298.4064,disk6,14508467550208,23631511,196854365988598
298.4064,disk6w,491520,70,201274851
298.4064,ram,197443584,66005942272,284505
298.4064,cpu,15840629,22712726,543449114
298.4064,gpu,0,0,0
298.6064,disk0,942430082170880,2126176523,12936604705497351
298.6064,disk0w,2190355595264,19811216,1286370965075
298.6064,disk4,8352401819648,16831623,95481417781292
298.6064,disk4w,2195456,171,27582691
298.6064,disk8,7994489350144,8084734,65419538532101
298.6064,disk8w,356478976,46723,2473036605
298.6064,disk6,14509843724288,23633439,196867785668825
298.6064,disk6w,491520,70,201274851
298.6064,ram,206471168,65950498816,284505
298.6064,cpu,15840629,22712726,543449114
298.6064,gpu,33,10,0
298.8040,disk0,942432278749184,2126181071,12936616727697380
298.8040,disk0w,2190355611648,19811220,1286371030240
298.8040,disk4,8353080403968,16833014,95486157795410
298.8040,disk4w,2195456,171,27582691
298.8040,disk8,7995071047680,8085330,65420292569236
298.8040,disk8w,356478976,46723,2473036605
298.8040,disk6,14511093495808,23635398,196880326402386
298.8040,disk6w,491520,70,201274851
298.8040,ram,206471168,65950498816,284505
298.8040,cpu,15840725,22712913,543450608
298.8040,gpu,46,7,0
299.0064,disk0,942434337185792,2126185594,12936628304299746
299.0064,disk0w,2190355976192,19811240,1286371345816
299.0064,disk4,8353789118464,16834429,95490675816382
299.0064,disk4w,2195456,171,27582691
299.0064,disk8,7995560732672,8085832,65420807299734
299.0064,disk8w,356478976,46723,2473036605
299.0064,disk6,14512440309760,23637724,196896490606908
299.0064,disk6w,491520,70,201274851
299.0064,ram,206471168,65950498816,284505
299.0064,cpu,15840725,22712913,543450608
299.0064,gpu,0,0,0
299.2049,disk0,942436494139392,2126190498,12936642332194137
299.2049,disk0w,2190355976192,19811240,1286371345816
299.2049,disk4,8354498725888,16835827,95495327506734
299.2049,disk4w,2195456,171,27582691
299.2049,disk8,7996078860288,8086363,65421491575352
299.2049,disk8w,356478976,46723,2473036605
299.2049,disk6,14513724536832,23640060,196910271249909
299.2049,disk6w,491520,70,201274851
299.2049,ram,206471168,65950498816,284505
299.2049,cpu,15840725,22712913,543450608
299.2049,gpu,29,7,0
299.4015,disk0,942438828457984,2126197061,12936659416321730
299.4015,disk0w,2190355976192,19811240,1286371345816
299.4015,disk4,8355202713600,16837216,95501837558424
299.4015,disk4w,2195456,171,27582691
299.4015,disk8,7996632115200,8086930,65422098858581
299.4015,disk8w,356478976,46723,2473036605
299.4015,disk6,14514958825472,23642333,196922429561853
299.4015,disk6w,491520,70,201274851
299.4015,ram,206471168,65950498816,284505
299.4015,cpu,15840725,22712913,543450608
299.4015,gpu,0,0,0
299.6024,disk0,942440913313792,2126203249,12936669795427872
299.6024,disk0w,2190355976192,19811240,1286371345816
299.6024,disk4,8355902507008,16838599,95505318694595
299.6024,disk4w,2195456,171,27582691
299.6024,disk8,7997202933760,8087515,65422777017471
299.6024,disk8w,356478976,46723,2473036605
299.6024,disk6,14516336396288,23644954,196941341570964
299.6024,disk6w,491520,70,201274851
299.6024,ram,188022784,64416972800,284505
299.6024,cpu,15840725,22712913,543450608
299.6024,gpu,0,0,0
299.8020,disk0,942442794299392,2126208726,12936683418522447
299.8020,disk0w,2190355976192,19811240,1286371345816
299.8020,disk4,8356428924928,16839679,95508237686561
299.8020,disk4w,2195456,171,27582691
299.8020,disk8,7997633226752,8087956,65423456701623
299.8020,disk8w,356478976,46723,2473036605
299.8020,disk6,14517501659136,23646620,196952352511489
299.8020,disk6w,491520,70,201274851
299.8020,ram,188022784,64416972800,284505
299.8020,cpu,15840824,22713091,543452153
299.8020,gpu,38,10,0
300.0064,disk0,942444678950912,2126212122,12936690936754515
300.0064,disk0w,2190355976192,19811240,1286371345816
300.0064,disk4,8357025531904,16840902,95512612696763
300.0064,disk4w,2195456,171,27582691
300.0064,disk8,7998137985024,8088473,65424060639027
300.0064,disk8w,356478976,46723,2473036605
300.0064,disk6,14518886303744,23648356,196965379057814
300.0064,disk6w,491520,70,201274851
300.0064,ram,188022784,64416972800,284505
300.0064,cpu,15840824,22713091,543452153
300.0064,gpu,0,0,0
300.2064,disk0,942446504669184,2126215979,12936699992601310
300.2064,disk0w,2190355976192,19811240,1286371345816
300.2064,disk4,8357878818816,16842651,95519961587736
300.2064,disk4w,2195456,171,27582691
300.2064,disk8,7998643136512,8088991,65424642667348
300.2064,disk8w,356478976,46723,2473036605
300.2064,disk6,14520179427328,23650201,196977653887344
300.2064,disk6w,491520,70,201274851
300.2064,ram,188022784,64416972800,284505
300.2064,cpu,15840824,22713091,543452153
300.2064,gpu,0,0,0
300.4052,disk0,942448258052096,2126219622,12936706779798777
300.4052,disk0w,2190355976192,19811240,1286371345816
300.4052,disk4,8358607947776,16844145,95524067562354
300.4052,disk4w,2195456,171,27582691
300.4052,disk8,7999240300544,8089603,65425429484151
300.4052,disk8w,356478976,46723,2473036605
300.4052,disk6,14521555470336,23652199,196992572715608
300.4052,disk6w,491520,70,201274851
300.4052,ram,188022784,64416972800,284505
300.4052,cpu,15840824,22713091,543452153
300.4052,gpu,41,6,0
300.6064,disk0,942450056474624,2126223764,12936715069171258
300.6064,disk0w,2190355976192,19811240,1286371345816
300.6064,disk4,8359221577728,16845337,95528261142403
300.6064,disk4w,2195456,171,27582691
300.6064,disk8,7999653046272,8090026,65425879690423
300.6064,disk8w,356478976,46723,2473036605
300.6064,disk6,14522942294016,23654504,197011418962664
300.6064,disk6w,491520,70,201274851
300.6064,ram,236142592,66014068736,284505
300.6064,cpu,15840824,22713091,543452153
300.6064,gpu,0,0,0
300.8046,disk0,942452217171968,2126228727,12936729055842562
300.8046,disk0w,2190355980288,19811241,1286371381899
300.8046,disk4,8359853279232,16846585,95531467802657
300.8046,disk4w,2195456,171,27582691
300.8046,disk8,8000030664704,8090413,65426306132087
300.8046,disk8w,356478976,46723,2473036605
300.8046,disk6,14524220491776,23656731,197025577462327
300.8046,disk6w,491520,70,201274851
300.8046,ram,236142592,66014068736,284505
300.8046,cpu,15840899,22713247,543453736
300.8046,gpu,0,0,0
301.0064,disk0,942454343471104,2126235692,12936742532547167
301.0064,disk0w,2190356123648,19811260,1286371683809
301.0064,disk4,8360736786432,16848331,95538251139725
301.0064,disk4w,2195456,171,27582691
301.0064,disk8,8000613410816,8091010,65427194667061
301.0064,disk8w,356478976,46723,2473036605
301.0064,disk6,14525499918336,23658965,197038267776741
301.0064,disk6w,491520,70,201274851
301.0064,ram,236142592,66014068736,284505
301.0064,cpu,15840899,22713247,543453736
301.0064,gpu,0,0,0
301.2054,disk0,942456108851200,2126238773,12936751433592146
301.2054,disk0w,2190356672512,19811388,1286374384268
301.2054,disk4,8361350178816,16849557,95541339998675
301.2054,disk4w,2195456,171,27582691
301.2054,disk8,8001181034496,8091592,65428329713984
301.2054,disk8w,356478976,46723,2473036605
301.2054,disk6,14526683170816,23661015,197052886173888
301.2054,disk6w,491520,70,201274851
301.2054,ram,236142592,66014068736,284505
301.2054,cpu,15840899,22713247,543453736
301.2054,gpu,0,0,0
301.4054,disk0,942458208215040,2126242807,12936761202198830
301.4054,disk0w,2190356672512,19811388,1286374384268
301.4054,disk4,8362178283520,16851254,95548616098157
301.4054,disk4w,2195456,171,27582691
301.4054,disk8,8001715677184,8092140,65429096072813
301.4054,disk8w,356478976,46723,2473036605
301.4054,disk6,14527998527488,23662914,197064391526567
301.4054,disk6w,491520,70,201274851
301.4054,ram,236142592,66014068736,284505
301.4054,cpu,15840899,22713247,543453736
301.4054,gpu,0,0,0
301.6064,disk0,942460401725440,2126246751,12936776698823151
301.6064,disk0w,2190362189824,19811743,1286382102535
301.6064,disk4,8363041236992,16853020,95556165124198
301.6064,disk4w,2195456,171,27582691
301.6064,disk8,8002204968960,8092641,65429742973857
301.6064,disk8w,356478976,46723,2473036605
301.6064,disk6,14529151174656,23664435,197069893786796
301.6064,disk6w,491520,70,201274851
301.6064,ram,72679424,66221015040,284556
301.6064,cpu,15840899,22713247,543453736
301.6064,gpu,0,0,0
301.8048,disk0,942462424879104,2126250553,12936785302332865
301.8048,disk0w,2190362189824,19811743,1286382102535
301.8048,disk4,8363790010368,16854555,95565130919932
301.8048,disk4w,2195456,171,27582691
301.8048,disk8,8002717853696,8093167,65430420288377
301.8048,disk8w,356478976,46723,2473036605
301.8048,disk6,14530389231616,23666162,197078991416137
301.8048,disk6w,491520,70,201274851
301.8048,ram,72843264,66221015040,284556
301.8048,cpu,15840991,22713417,543455236
301.8048,gpu,0,0,0
302.0054,disk0,942464737529856,2126255480,12936800571301701
302.0054,disk0w,2190362189824,19811743,1286382102535
302.0054,disk4,8364491376640,16855962,95568555333177
302.0054,disk4w,2195456,171,27582691
302.0054,disk8,8003174508544,8093635,65430920551560
302.0054,disk8w,356478976,46723,2473036605
302.0054,disk6,14531628111872,23668045,197090112574588
302.0054,disk6w,491520,70,201274851
302.0054,ram,72843264,66221015040,284556
302.0054,cpu,15840991,22713417,543455236
302.0054,gpu,0,0,0
302.2054,disk0,942466621947904,2126259767,12936811166249830
302.2054,disk0w,2190362320896,19811756,1286382288738
302.2054,disk4,8365081020416,16857111,95571182745259
302.2054,disk4w,2195456,171,27582691
302.2054,disk8,8003593938944,8094065,65431476670840
302.2054,disk8w,356478976,46723,2473036605
302.2054,disk6,14532972402688,23670432,197108261973833
302.2054,disk6w,491520,70,201274851
302.2054,ram,72843264,66221015040,284556
302.2054,cpu,15840991,22713417,543455236
302.2054,gpu,0,0,0
302.4054,disk0,942468680122368,2126264233,12936821525758493
302.4054,disk0w,2190362320896,19811756,1286382288738
302.4054,disk4,8365842122752,16858613,95576502405122
302.4054,disk4w,2195456,171,27582691
302.4054,disk8,8004158072832,8094643,65432249000063
302.4054,disk8w,356478976,46723,2473036605
302.4054,disk6,14534226630656,23672619,197122496126921
302.4054,disk6w,491520,70,201274851
302.4054,ram,72843264,66221015040,284556
302.4054,cpu,15840991,22713417,543455236
302.4054,gpu,0,0,0
302.6064,disk0,942470894796800,2126272069,12936838568306841
302.6064,disk0w,2190362370048,19811768,1286382531734
302.6064,disk4,8366547552256,16860002,95581073660671
302.6064,disk4w,2195456,171,27582691
302.6064,disk8,8004676200448,8095174,65432928321265
302.6064,disk8w,356478976,46723,2473036605
302.6064,disk6,14535496620032,23675080,197135307030601
302.6064,disk6w,491520,70,201274851
302.6064,ram,79347712,64678215680,284557
302.6064,cpu,15840991,22713417,543455236
302.6064,gpu,0,0,0
302.8064,disk0,942473026555904,2126276023,12936852380304795
302.8064,disk0w,2190362370048,19811768,1286382531734
302.8064,disk4,8367167866880,16861259,95585177449097
302.8064,disk4w,2195456,171,27582691
302.8064,disk8,8005194295296,8095705,65433837389419
302.8064,disk8w,356478976,46723,2473036605
302.8064,disk6,14536581093376,23676963,197144149374121
302.8064,disk6w,491520,70,201274851
302.8064,ram,78364672,64678133760,284557
302.8064,cpu,15841083,22713605,543456811
302.8064,gpu,0,0,0
303.0042,disk0,942475137318912,2126283717,12936870235484818
303.0042,disk0w,2190362374144,19811769,1286382539692
303.0042,disk4,8368036464640,16863040,95592952820473
303.0042,disk4w,2195456,171,27582691
303.0042,disk8,8005634435072,8096156,65434314476683
303.0042,disk8w,356478976,46723,2473036605
303.0042,disk6,14537676544000,23678319,197150323033484
303.0042,disk6w,491520,70,201274851
303.0042,ram,78364672,64678133760,284557
303.0042,cpu,15841083,22713605,543456811
303.0042,gpu,0,0,0
303.2060,disk0,942477447307264,2126287544,12936881642911887
303.2060,disk0w,2190362374144,19811769,1286382539692
303.2060,disk4,8368713377792,16864428,95596939827956
303.2060,disk4w,2195456,171,27582691
303.2060,disk8,8006125168640,8096659,65434859904510
303.2060,disk8w,356478976,46723,2473036605
303.2060,disk6,14539010955264,23680082,197162013539729
303.2060,disk6w,491520,70,201274851
303.2060,ram,78364672,64678133760,284557
303.2060,cpu,15841083,22713605,543456811
303.2060,gpu,0,0,0
303.4054,disk0,942479764111360,2126292329,12936893004481525
303.4054,disk0w,2190362374144,19811769,1286382539692
303.4054,disk4,8369351608320,16865734,95601343980625
303.4054,disk4w,2195456,171,27582691
303.4054,disk8,8006695987200,8097244,65435517239258
303.4054,disk8w,356478976,46723,2473036605
303.4054,disk6,14540347512832,23682127,197173676713168
303.4054,disk6w,491520,70,201274851
303.4054,ram,78364672,64678133760,284557
303.4054,cpu,15841083,22713605,543456811
303.4054,gpu,0,0,0
303.6019,disk0,942481913364480,2126296861,12936904857600487
303.6019,disk0w,2190362423296,19811770,1286382571192
303.6019,disk4,8369984227328,16866986,95604632906826
303.6019,disk4w,2195456,171,27582691
303.6019,disk8,8007249242112,8097811,65436163605813
303.6019,disk8w,356478976,46723,2473036605
303.6019,disk6,14541642012672,23684392,197188904997140
303.6019,disk6w,491520,70,201274851
303.6019,ram,86228992,66268938240,284557
303.6019,cpu,15841083,22713605,543456811
303.6019,gpu,0,0,0
303.8017,disk0,942483536265216,2126300227,12936912620376638
303.8017,disk0w,2190362423296,19811770,1286382571192
303.8017,disk4,8370627315712,16868248,95607858500828
303.8017,disk4w,2195456,171,27582691
303.8017,disk8,8007714678784,8098288,65436703584858
303.8017,disk8w,356478976,46723,2473036605
303.8017,disk6,14542983583744,23686827,197210037625122
303.8017,disk6w,491520,70,201274851
303.8017,ram,86228992,66268938240,284557
303.8017,cpu,15841147,22713760,543458340
303.8017,gpu,0,0,0
304.0064,disk0,942486000549888,2126308830,12936932376569869
304.0064,disk0w,2190362427392,19811771,1286382580733
304.0064,disk4,8371449415680,16869868,95613207699993
304.0064,disk4w,2195456,171,27582691
304.0064,disk8,8008304109568,8098892,65437374285370
304.0064,disk8w,356478976,46723,2473036605
304.0064,disk6,14544303609856,23689234,197221815552181
304.0064,disk6w,491520,70,201274851
304.0064,ram,86228992,66268938240,284557
304.0064,cpu,15841147,22713760,543458340
304.0064,gpu,0,0,0
304.2043,disk0,942487922606080,2126312256,12936942946701372
304.2043,disk0w,2190362427392,19811771,1286382580733
304.2043,disk4,8372123027456,16871215,95617505375667
304.2043,disk4w,2195456,171,27582691
304.2043,disk8,8008838686720,8099440,65438618026734
304.2043,disk8w,356478976,46723,2473036605
304.2043,disk6,14545486616576,23691482,197236471710442
304.2043,disk6w,491520,70,201274851
304.2043,ram,86228992,66268938240,284557
304.2043,cpu,15841147,22713760,543458340
304.2043,gpu,0,0,0
304.4064,disk0,942490245304320,2126322314,12936963101171919
304.4064,disk0w,2190363185152,19811935,1286386853302
304.4064,disk4,8372821395456,16872647,95621980723892
304.4064,disk4w,2195456,171,27582691
304.4064,disk8,8009444632576,8100061,65439443462242
304.4064,disk8w,356478976,46723,2473036605
304.4064,disk6,14546721495040,23693277,197245183697140
304.4064,disk6w,491520,70,201274851
304.4064,ram,86228992,66268938240,284557
304.4064,cpu,15841147,22713760,543458340
304.4064,gpu,0,0,0
304.6064,disk0,942492579893248,2126326171,12936973255758633
304.6064,disk0w,2190363217920,19811936,1286386876677
304.6064,disk4,8373595293696,16874235,95628365774445
304.6064,disk4w,2195456,171,27582691
304.6064,disk8,8010006669312,8100637,65440168478843
304.6064,disk8w,356478976,46723,2473036605
304.6064,disk6,14548026038272,23694867,197253410315154
304.6064,disk6w,491520,70,201274851
304.6064,ram,142819328,65899053056,284557
304.6064,cpu,15841147,22713760,543458340
304.6064,gpu,0,0,0
304.8064,disk0,942494797942784,2126330557,12936986367385857
304.8064,disk0w,2190363217920,19811936,1286386876677
304.8064,disk4,8374213117952,16875501,95632683810280
304.8064,disk4w,2195456,171,27582691
304.8064,disk8,8010665306112,8101312,65441013933294
304.8064,disk8w,356478976,46723,2473036605
304.8064,disk6,14549339772928,23696770,197264353491444
304.8064,disk6w,491520,70,201274851
304.8064,ram,144293888,65912356864,284557
304.8064,cpu,15841228,22713928,543459954
304.8064,gpu,0,0,0
305.0064,disk0,942497146605568,2126335821,12937001961902788
305.0064,disk0w,2190363222016,19811937,1286386885843
305.0064,disk4,8374989391872,16877044,95637064818316
305.0064,disk4w,2195456,171,27582691
305.0064,disk8,8011218561024,8101879,65441652027318
305.0064,disk8w,356478976,46723,2473036605
305.0064,disk6,14550589822976,23698794,197275736855329
305.0064,disk6w,491520,70,201274851
305.0064,ram,144293888,65912356864,284557
305.0064,cpu,15841228,22713928,543459954
305.0064,gpu,0,0,0
305.2021,disk0,942499292024832,2126340665,12937017591658369
305.2021,disk0w,2190363222016,19811937,1286386885843
305.2021,disk4,8375656859648,16878356,95642077812154
305.2021,disk4w,2195456,171,27582691
305.2021,disk8,8011631306752,8102302,65442163731140
305.2021,disk8w,356478976,46723,2473036605
305.2021,disk6,14551870298112,23700942,197288164262185
305.2021,disk6w,491520,70,201274851
305.2021,ram,144293888,65912356864,284557
305.2021,cpu,15841228,22713928,543459954
305.2021,gpu,0,0,0
305.4062,disk0,942501462310912,2126349924,12937034429239024
305.4062,disk0w,2190363222016,19811937,1286386885843
305.4062,disk4,8376428808192,16879875,95645876596486
305.4062,disk4w,2195456,171,27582691
305.4062,disk8,8012166998016,8102851,65442943475050
305.4062,disk8w,356478976,46723,2473036605
305.4062,disk6,14553244473344,23703409,197304116066057
305.4062,disk6w,491520,70,201274851
305.4062,ram,144293888,65912356864,284557
305.4062,cpu,15841228,22713928,543459954
305.4062,gpu,0,0,0
305.6064,disk0,942503239856128,2126356218,12937045461095779
305.6064,disk0w,2190363451392,19811951,1286387106131
305.6064,disk4,8376924178432,16880860,95647727928786
305.6064,disk4w,2195456,171,27582691
305.6064,disk8,8012649998336,8103346,65443562683483
305.6064,disk8w,356478976,46723,2473036605
305.6064,disk6,14554528536576,23705909,197323181709139
305.6064,disk6w,491520,70,201274851
305.6064,ram,176406528,65522876416,284557
305.6064,cpu,15841228,22713928,543459954
305.6064,gpu,0,0,0
305.8065,disk0,942504907911168,2126365934,12937056583436726
305.8065,disk0w,2190363455488,19811952,1286387116339
305.8065,disk4,8377520785408,16882083,95652835914909
305.8065,disk4w,2195456,171,27582691
305.8065,disk8,8013290973184,8104003,65447154053958
305.8065,disk8w,356478976,46723,2473036605
305.8065,disk6,14555726075904,23707720,197334455504005
305.8065,disk6w,491520,70,201274851
305.8065,ram,177389568,65845215232,284557
305.8065,cpu,15841285,22714065,543461485
305.8065,gpu,0,0,0
306.0064,disk0,942507251134464,2126370078,12937068654447468
306.0064,disk0w,2190363455488,19811952,1286387116339
306.0064,disk4,8378178816000,16883431,95656374094283
306.0064,disk4w,2195456,171,27582691
306.0064,disk8,8013730064384,8104453,65447704772014
306.0064,disk8w,356478976,46723,2473036605
306.0064,disk6,14557064697856,23709228,197343423169548
306.0064,disk6w,491520,70,201274851
306.0064,ram,177389568,65845215232,284557
306.0064,cpu,15841285,22714065,543461485
306.0064,gpu,0,0,0
306.2045,disk0,942509555724288,2126374364,12937079415748945
306.2045,disk0w,2190363508736,19811956,1286387184087
306.2045,disk4,8378896828416,16884902,95661500972926
306.2045,disk4w,2195456,171,27582691
306.2045,disk8,8014362355712,8105101,65448487047460
306.2045,disk8w,356478976,46723,2473036605
306.2045,disk6,14558389245952,23711110,197354236024357
306.2045,disk6w,491520,70,201274851
306.2045,ram,177389568,65845215232,284557
306.2045,cpu,15841285,22714065,543461485
306.2045,gpu,0,0,0
306.4016,disk0,942511545761792,2126378535,12937086926783649
306.4016,disk0w,2190363611136,19811967,1286387390167
306.4016,disk4,8379617691648,16886375,95666816021950
306.4016,disk4w,2195456,171,27582691
306.4016,disk8,8014994647040,8105749,65449316560488
306.4016,disk8w,356478976,46723,2473036605
306.4016,disk6,14559761717248,23713159,197367776895088
306.4016,disk6w,491520,70,201274851
306.4016,ram,177389568,65845215232,284557
306.4016,cpu,15841285,22714065,543461485
306.4016,gpu,0,0,0
306.6064,disk0,942513687576576,2126383615,12937099915887241
306.6064,disk0w,2190363611136,19811967,1286387390167
306.6064,disk4,8380316059648,16887728,95671397034334
306.6064,disk4w,2195456,171,27582691
306.6064,disk8,8015451301888,8106217,65449817862246
306.6064,disk8w,356478976,46723,2473036605
306.6064,disk6,14560993449984,23715366,197384067007457
306.6064,disk6w,491520,70,201274851
306.6064,ram,330121216,65958805504,284566
306.6064,cpu,15841285,22714065,543461485
306.6064,gpu,0,0,0
306.8054,disk0,942515598917632,2126387841,12937110232232882
306.8054,disk0w,2190363615232,19811968,1286387403042
306.8054,disk4,8381170632704,16889420,95677691355680
306.8054,disk4w,2195456,171,27582691
306.8054,disk8,8016039684096,8106820,65450608371835
306.8054,disk8w,356478976,46723,2473036605
306.8054,disk6,14562271746048,23717593,197399202333445
306.8054,disk6w,491520,70,201274851
306.8054,ram,331956224,65958805504,284566
306.8054,cpu,15841374,22714211,543462973
306.8054,gpu,0,0,0
307.0064,disk0,942517930622976,2126399160,12937129089301414
307.0064,disk0w,2190363664384,19811969,1286387435167
307.0064,disk4,8381844768768,16890749,95681151467609
307.0064,disk4w,2195456,171,27582691
307.0064,disk8,8016605915136,8107400,65451256682965
307.0064,disk8w,356478976,46723,2473036605
307.0064,disk6,14563637286912,23720058,197414244878561
307.0064,disk6w,491520,70,201274851
307.0064,ram,331956224,65958805504,284566
307.0064,cpu,15841374,22714211,543462973
307.0064,gpu,0,0,0
307.2054,disk0,942519955968000,2126403264,12937141562003636
307.2054,disk0w,2190363664384,19811969,1286387435167
307.2054,disk4,8382571939840,16892219,95685613073200
307.2054,disk4w,2195456,171,27582691
307.2054,disk8,8017023182848,8107828,65452325025981
307.2054,disk8w,356478976,46723,2473036605
307.2054,disk6,14564708325376,23721950,197425708869352
307.2054,disk6w,491520,70,201274851
307.2054,ram,331956224,65958805504,284566
307.2054,cpu,15841374,22714211,543462973
307.2054,gpu,0,0,0
307.4054,disk0,942522237259776,2126411808,12937156100478647
307.4054,disk0w,2190363664384,19811969,1286387435167
307.4054,disk4,8383407917056,16893934,95690886091876
307.4054,disk4w,2195456,171,27582691
307.4054,disk8,8017570801664,8108389,65453058247047
307.4054,disk8w,356478976,46723,2473036605
307.4054,disk6,14566042654720,23723735,197436397132360
307.4054,disk6w,491520,70,201274851
307.4054,ram,331956224,65958805504,284566
307.4054,cpu,15841374,22714211,543462973
307.4054,gpu,0,0,0
307.6054,disk0,942524497231872,2126415815,12937170178810190
307.6054,disk0w,2190363664384,19811969,1286387435167
307.6054,disk4,8384172787712,16895502,95695398213690
307.6054,disk4w,2195456,171,27582691
307.6054,disk8,8018120910848,8108953,65453692226736
307.6054,disk8w,356478976,46723,2473036605
307.6054,disk6,14567307646976,23725538,197446333798557
307.6054,disk6w,491520,70,201274851
307.6054,ram,356450304,65890680832,284566
307.6054,cpu,15841374,22714211,543462973
307.6054,gpu,0,0,0
307.8055,disk0,942526525669376,2126419895,12937179927962878
307.8055,disk0w,2190363668480,19811970,1286387452792
307.8055,disk4,8384820463616,16896831,95699370614585
307.8055,disk4w,2195456,171,27582691
307.8055,disk8,8018693826560,8109540,65454443433288
307.8055,disk8w,356478976,46723,2473036605
307.8055,disk6,14568652445696,23727610,197460887749512
307.8055,disk6w,491520,70,201274851
307.8055,ram,397606912,65667629056,284566
307.8055,cpu,15841434,22714359,543464655
307.8055,gpu,0,0,0
308.0065,disk0,942528479092736,2126424254,12937190484603697
308.0065,disk0w,2190363672576,19811971,1286387467375
308.0065,disk4,8385441957888,16898050,95702970061644
308.0065,disk4w,2195456,171,27582691
308.0065,disk8,8019261106176,8110121,65455172023510
308.0065,disk8w,356478976,46723,2473036605
308.0065,disk6,14570043250688,23729968,197478116536275
308.0065,disk6w,491520,70,201274851
308.0065,ram,397606912,65667629056,284566
308.0065,cpu,15841434,22714359,543464655
308.0065,gpu,0,0,0
308.2065,disk0,942530452971520,2126428656,12937198853641209
308.2065,disk0w,2190363672576,19811971,1286387467375
308.2065,disk4,8386275231744,16899694,95709609439942
308.2065,disk4w,2195456,171,27582691
308.2065,disk8,8019868493824,8110744,65455907523760
308.2065,disk8w,356478976,46723,2473036605
308.2065,disk6,14571440920576,23732475,197493822471599
308.2065,disk6w,491520,70,201274851
308.2065,ram,397606912,65667629056,284566
308.2065,cpu,15841434,22714359,543464655
308.2065,gpu,0,0,0
308.4037,disk0,942532198752256,2126435063,12937209637420435
308.4037,disk0w,2190363672576,19811971,1286387467375
308.4037,disk4,8386943682560,16901011,95713535115749
308.4037,disk4w,2195456,171,27582691
308.4037,disk8,8020290021376,8111176,65456452128485
308.4037,disk8w,356478976,46723,2473036605
308.4037,disk6,14572828022784,23734825,197512592009484
308.4037,disk6w,491520,70,201274851
308.4037,ram,397606912,65667629056,284566
308.4037,cpu,15841434,22714359,543464655
308.4037,gpu,0,0,0
308.6019,disk0,942533839302656,2126438050,12937219570594386
308.6019,disk0w,2190363676672,19811972,1286387493000
308.6019,disk4,8387505195008,16902126,95717456737134
308.6019,disk4w,2195456,171,27582691
308.6019,disk8,8020765124608,8111663,65459534998115
308.6019,disk8w,356478976,46723,2473036605
308.6019,disk6,14573810538496,23736712,197525178661602
308.6019,disk6w,491520,70,201274851
308.6019,ram,397606912,65667629056,284566
308.6019,cpu,15841434,22714359,543464655
308.6019,gpu,0,0,0
308.8058,disk0,942536115109888,2126448868,12937237671291983
308.8058,disk0w,2190363680768,19811973,1286387505458
308.8058,disk4,8388145678336,16903440,95720947958777
308.8058,disk4w,2195456,171,27582691
308.8058,disk8,8021276567552,8112187,65460129032054
308.8058,disk8w,356478976,46723,2473036605
308.8058,disk6,14575087687680,23738584,197534240138106
308.8058,disk6w,491520,70,201274851
308.8058,ram,378011648,65765277696,284566
308.8058,cpu,15841505,22714523,543466177
308.8058,gpu,0,0,0
309.0067,disk0,942538391097344,2126452757,12937249505462655
309.0067,disk0w,2190363680768,19811973,1286387505458
309.0067,disk4,8388865116160,16904915,95726678863495
309.0067,disk4w,2195456,171,27582691
309.0067,disk8,8021756422144,8112679,65460692452466
309.0067,disk8w,356478976,46723,2473036605
309.0067,disk6,14576342079488,23740040,197542502034920
309.0067,disk6w,491520,70,201274851
309.0067,ram,378011648,65765277696,284566
309.0067,cpu,15841505,22714523,543466177
309.0067,gpu,0,0,0
309.2070,disk0,942540541812736,2126456862,12937260153739458
309.2070,disk0w,2190363680768,19811973,1286387505458
309.2070,disk4,8389739341824,16906705,95733599171784
309.2070,disk4w,2195456,171,27582691
309.2070,disk8,8022221858816,8113156,65461212089935
309.2070,disk8w,356478976,46723,2473036605
309.2070,disk6,14577666136064,23742039,197552990703736
309.2070,disk6w,491520,70,201274851
309.2070,ram,378011648,65765277696,284566
309.2070,cpu,15841505,22714523,543466177
309.2070,gpu,0,0,0
309.4072,disk0,942542431207424,2126460894,12937269049363628
309.4072,disk0w,2190363680768,19811973,1286387505458
309.4072,disk4,8390568790016,16908375,95739396526227
309.4072,disk4w,2195456,171,27582691
309.4072,disk8,8022713640960,8113660,65461921802695
309.4072,disk8w,356478976,46723,2473036605
309.4072,disk6,14579072129024,23744137,197567009943725
309.4072,disk6w,491520,70,201274851
309.4072,ram,378011648,65765277696,284566
309.4072,cpu,15841505,22714523,543466177
309.4072,gpu,0,0,0
309.6075,disk0,942544500486144,2126465553,12937279359912597
309.6075,disk0w,2190363680768,19811973,1286387505458
309.6075,disk4,8391295420416,16909795,95744321945738
309.6075,disk4w,2195456,171,27582691
309.6075,disk8,8023215253504,8114174,65462557451077
309.6075,disk8w,356478976,46723,2473036605
309.6075,disk6,14580459116544,23746628,197583367916220
309.6075,disk6w,491520,70,201274851
309.6075,ram,378011648,65765277696,284566
309.6075,cpu,15841505,22714523,543466177
309.6075,gpu,0,0,0
309.8068,disk0,942546340540416,2126470494,12937289244145770
309.8068,disk0w,2190363684864,19811974,1286387519749
309.8068,disk4,8392172783616,16911532,95752514443279
309.8068,disk4w,2195456,171,27582691
309.8068,disk8,8023828932608,8114803,65463433425865
309.8068,disk8w,356478976,46723,2473036605
309.8068,disk6,14581752977408,23748811,197595792987248
309.8068,disk6w,491520,70,201274851
309.8068,ram,382894080,65921482752,284566
309.8068,cpu,15841568,22714660,543467807
309.8068,gpu,0,0,0
310.0081,disk0,942548340654080,2126475609,12937299624935462
310.0081,disk0w,2190363693056,19811976,1286387546832
310.0081,disk4,8393050146816,16913273,95760273820947
310.0081,disk4w,2195456,171,27582691
310.0081,disk8,8024294369280,8115280,65464003104668
310.0081,disk8w,356478976,46723,2473036605
310.0081,disk6,14582985009152,23751140,197607834815780
310.0081,disk6w,491520,70,201274851
310.0081,ram,382894080,65921482752,284566
310.0081,cpu,15841568,22714660,543467807
310.0081,gpu,0,0,0
310.2081,disk0,942550226767872,2126484637,12937315017278330
310.2081,disk0w,2190363693056,19811976,1286387546832
310.2081,disk4,8393530738688,16914257,95762964047281
310.2081,disk4w,2195456,171,27582691
310.2081,disk8,8024829995008,8115829,65465044729943
310.2081,disk8w,356478976,46723,2473036605
310.2081,disk6,14584222967808,23753052,197620356861330
310.2081,disk6w,491520,70,201274851
310.2081,ram,382894080,65921482752,284566
310.2081,cpu,15841568,22714660,543467807
310.2081,gpu,0,0,0
310.4087,disk0,942552419962880,2126488539,12937325332365007
310.4087,disk0w,2190363693056,19811976,1286387546832
310.4087,disk4,8394177366016,16915584,95766603931172
310.4087,disk4w,2195456,171,27582691
310.4087,disk8,8025453504512,8116468,65465827722439
310.4087,disk8w,356478976,46723,2473036605
310.4087,disk6,14585571665920,23754617,197631967914561
310.4087,disk6w,491520,70,201274851
310.4087,ram,382894080,65921482752,284566
310.4087,cpu,15841568,22714660,543467807
310.4087,gpu,0,0,0
310.6090,disk0,942554756665344,2126492949,12937339902300347
310.6090,disk0w,2190363693056,19811976,1286387546832
310.6090,disk4,8394866821120,16916997,95770630667799
310.6090,disk4w,2195456,171,27582691
310.6090,disk8,8025901377536,8116927,65466314870329
310.6090,disk8w,356478976,46723,2473036605
310.6090,disk6,14586824648704,23756554,197643545670580
310.6090,disk6w,491520,70,201274851
310.6090,ram,382894080,65921482752,284566
310.6090,cpu,15841568,22714660,543467807
310.6090,gpu,0,0,0
310.8093,disk0,942556551925760,2126496595,12937347293234479
310.8093,disk0w,2190363697152,19811977,1286387556415
310.8093,disk4,8395541858304,16918380,95775293878012
310.8093,disk4w,2195456,171,27582691
310.8093,disk8,8026366814208,8117404,65466794147585
310.8093,disk8w,356478976,46723,2473036605
310.8093,disk6,14588176164864,23758592,197659729256222
310.8093,disk6w,491520,70,201274851
310.8093,ram,390774784,65886437376,284566
310.8093,cpu,15841623,22714786,543469300
310.8093,gpu,0,0,0
311.0092,disk0,942558333964288,2126500786,12937356215603581
311.0092,disk0w,2190363697152,19811977,1286387556415
311.0092,disk4,8396173559808,16919604,95779365322591
311.0092,disk4w,2195456,171,27582691
311.0092,disk8,8026893723648,8117944,65467465853028
311.0092,disk8w,356478976,46723,2473036605
311.0092,disk6,14589540018176,23761229,197681220249956
311.0092,disk6w,491520,70,201274851
311.0092,ram,390774784,65886437376,284566
311.0092,cpu,15841623,22714786,543469300
311.0092,gpu,0,0,0
311.2098,disk0,942560237817856,2126505052,12937365708131075
311.2098,disk0w,2190364700672,19812179,1286392290219
311.2098,disk4,8396954421248,16921148,95783680152290
311.2098,disk4w,2195456,171,27582691
311.2098,disk8,8027455760384,8118520,65468212815764
311.2098,disk8w,356478976,46723,2473036605
311.2098,disk6,14590907344896,23763608,197697987437355
311.2098,disk6w,491520,70,201274851
311.2098,ram,390774784,65886437376,284566
311.2098,cpu,15841623,22714786,543469300
311.2098,gpu,0,0,0
311.4100,disk0,942562075168768,2126511240,12937377181555757
311.4100,disk0w,2190364700672,19812179,1286392290219
311.4100,disk4,8397537675264,16922297,95786290680121
311.4100,disk4w,2195456,171,27582691
311.4100,disk8,8027938760704,8119015,65468799427807
311.4100,disk8w,356478976,46723,2473036605
311.4100,disk6,14592280291328,23766136,197718131438773
311.4100,disk6w,491520,70,201274851
311.4100,ram,390774784,65886437376,284566
311.4100,cpu,15841623,22714786,543469300
311.4100,gpu,0,0,0
311.6094,disk0,942563962757120,2126514770,12937389873787773
311.6094,disk0w,2190364704768,19812180,1286392300177
311.6094,disk4,8398200276992,16923630,95789944661774
311.6094,disk4w,2195456,171,27582691
311.6094,disk8,8028412946432,8119501,65469466871013
311.6094,disk8w,356478976,46723,2473036605
311.6094,disk6,14593372301312,23767987,197730193722819
311.6094,disk6w,491520,70,201274851
311.6094,ram,390774784,65886437376,284566
311.6094,cpu,15841623,22714786,543469300
311.6094,gpu,0,0,0
311.8106,disk0,942566065364992,2126520465,12937401847633752
311.8106,disk0w,2190364704768,19812180,1286392300177
311.8106,disk4,8398811670528,16924883,95794149322416
311.8106,disk4w,2195456,171,27582691
311.8106,disk8,8029049432064,8120153,65470615851264
311.8106,disk8w,356478976,46723,2473036605
311.8106,disk6,14594677221376,23769860,197742768628598
311.8106,disk6w,491520,70,201274851
311.8106,ram,399982592,65517469696,284566
311.8106,cpu,15841683,22714923,543470899
311.8106,gpu,0,0,0
312.0108,disk0,942567786897408,2126523258,12937408790829863
312.0108,disk0w,2190364704768,19812180,1286392300177
312.0108,disk4,8399486568448,16926267,95798189839203
312.0108,disk4w,2195456,171,27582691
312.0108,disk8,8029589710848,8120707,65471348884075
312.0108,disk8w,356478976,46723,2473036605
312.0108,disk6,14596031195136,23771694,197756889673358
312.0108,disk6w,491520,70,201274851
312.0108,ram,399982592,65517469696,284566
312.0108,cpu,15841683,22714923,543470899
312.0108,gpu,0,0,0
312.2111,disk0,942570052706304,2126527772,12937422204812644
312.2111,disk0w,2190364704768,19812180,1286392300177
312.2111,disk4,8400329639936,16927994,95805272640233
312.2111,disk4w,2195456,171,27582691
312.2111,disk8,8030186874880,8121319,65472071199876
312.2111,disk8w,356478976,46723,2473036605
312.2111,disk6,14597240956928,23773384,197764405728074
312.2111,disk6w,491520,70,201274851
312.2111,ram,399982592,65517469696,284566
312.2111,cpu,15841683,22714923,543470899
312.2111,gpu,0,0,0
312.4113,disk0,942571881979904,2126531974,12937431217843216
312.4113,disk0w,2190364704768,19812180,1286392300177
312.4113,disk4,8401055909888,16929440,95810127920289
312.4113,disk4w,2195456,171,27582691
312.4113,disk8,8030582056960,8121724,65472489359291
312.4113,disk8w,356478976,46723,2473036605
312.4113,disk6,14598623963136,23775759,197783153075443
312.4113,disk6w,491520,70,201274851
312.4113,ram,399982592,65517469696,284566
312.4113,cpu,15841683,22714923,543470899
312.4113,gpu,0,0,0
312.6116,disk0,942573909286912,2126536297,12937443576709278
312.6116,disk0w,2190365716480,19812251,1286393731863
312.6116,disk4,8401795762176,16930894,95814507706887
312.6116,disk4w,2195456,171,27582691
312.6116,disk8,8031100184576,8122255,65473091248274
312.6116,disk8w,356478976,46723,2473036605
312.6116,disk6,14599976708096,23778152,197797679133762
312.6116,disk6w,491520,70,201274851
312.6116,ram,399982592,65517469696,284566
312.6116,cpu,15841683,22714923,543470899
312.6116,gpu,0,0,0
312.8118,disk0,942575543148544,2126542367,12937452258608732
312.8118,disk0w,2190365716480,19812251,1286393731863
312.8118,disk4,8402657282048,16932596,95819839553900
312.8118,disk4w,2195456,171,27582691
312.8118,disk8,8031583184896,8122750,65473736290980
312.8118,disk8w,356478976,46723,2473036605
312.8118,disk6,14601367808000,23780591,197816796589781
312.8118,disk6w,491520,70,201274851
312.8118,ram,396558336,64365330432,284566
312.8118,cpu,15841756,22715072,543472566
312.8118,gpu,0,0,0
313.0120,disk0,942577593049088,2126546276,12937461990133173
313.0120,disk0w,2190365716480,19812251,1286393731863
313.0120,disk4,8403300755456,16933876,95824402244149
313.0120,disk4w,2195456,171,27582691
313.0120,disk8,8032022276096,8123200,65474209776495
313.0120,disk8w,356478976,46723,2473036605
313.0120,disk6,14602713528320,23783235,197834085156653
313.0120,disk6w,491520,70,201274851
313.0120,ram,396558336,64365330432,284566
313.0120,cpu,15841756,22715072,543472566
313.0120,gpu,0,0,0
313.2123,disk0,942579176247296,2126561874,12937479457128002
313.2123,disk0w,2190365716480,19812251,1286393731863
313.2123,disk4,8403881674752,16935067,95828828737221
313.2123,disk4w,2195456,171,27582691
313.2123,disk8,8032557885440,8123749,65475641581431
313.2123,disk8w,356478976,46723,2473036605
313.2123,disk6,14603668256768,23784672,197841668040680
313.2123,disk6w,491520,70,201274851
313.2123,ram,396558336,64365330432,284566
313.2123,cpu,15841756,22715072,543472566
313.2123,gpu,0,0,0
313.4125,disk0,942581351911424,2126565579,12937490551242437
313.4125,disk0w,2190365716480,19812251,1286393731863
313.4125,disk4,8404622575616,16936588,95833280471999
313.4125,disk4w,2195456,171,27582691
313.4125,disk8,8033082304512,8124286,65476289222624
313.4125,disk8w,356478976,46723,2473036605
313.4125,disk6,14604987594752,23786218,197850985505908
313.4125,disk6w,491520,70,201274851
313.4125,ram,396558336,64365330432,284566
313.4125,cpu,15841756,22715072,543472566
313.4125,gpu,0,0,0
313.6127,disk0,942583666413568,2126569882,12937502362164352
313.6127,disk0w,2190365720576,19812252,1286393747113
313.6127,disk4,8405330233344,16938037,95836929050262
313.6127,disk4w,2195456,171,27582691
313.6127,disk8,8033725868032,8124946,65477013445696
313.6127,disk8w,356478976,46723,2473036605
313.6127,disk6,14606345123840,23788181,197862351094486
313.6127,disk6w,491520,70,201274851
313.6127,ram,396558336,64365330432,284566
313.6127,cpu,15841756,22715072,543472566
313.6127,gpu,0,0,0
313.8115,disk0,942585423458304,2126573534,12937509332122715
313.8115,disk0w,2190365720576,19812252,1286393747113
313.8115,disk4,8406070233088,16939541,95841840430300
313.8115,disk4w,2195456,171,27582691
313.8115,disk8,8034200086528,8125432,65477542295196
313.8115,disk8w,356478976,46723,2473036605
313.8115,disk6,14607715612672,23790108,197877133232699
313.8115,disk6w,491520,70,201274851
313.8115,ram,428408832,65916420096,284566
313.8115,cpu,15841820,22715241,543474149
313.8115,gpu,0,0,0
314.0132,disk0,942587545399296,2126578359,12937521227198346
314.0132,disk0w,2190365720576,19812252,1286393747113
314.0132,disk4,8406666840064,16940697,95844497823884
314.0132,disk4w,2195456,171,27582691
314.0132,disk8,8034700650496,8125945,65478115562484
314.0132,disk8w,356478976,46723,2473036605
314.0132,disk6,14609103124480,23792676,197895555561422
314.0132,disk6w,491520,70,201274851
314.0132,ram,428408832,65916420096,284566
314.0132,cpu,15841820,22715241,543474149
314.0132,gpu,0,0,0
314.2103,disk0,942589297651712,2126582285,12937528835406437
314.2103,disk0w,2190365720576,19812252,1286393747113
314.2103,disk4,8407395190784,16942135,95850951307786
314.2103,disk4w,2195456,171,27582691
314.2103,disk8,8035245123584,8126503,65478760372837
314.2103,disk8w,356478976,46723,2473036605
314.2103,disk6,14610406602752,23795048,197912903485860
314.2103,disk6w,491520,70,201274851
314.2103,ram,428408832,65916420096,284566
314.2103,cpu,15841820,22715241,543474149
314.2103,gpu,0,0,0
314.4112,disk0,942591177158656,2126590701,12937539471632369
314.4112,disk0w,2190365720576,19812252,1286393747113
314.4112,disk4,8408120264704,16943564,95856341129745
314.4112,disk4w,2195456,171,27582691
314.4112,disk8,8035666651136,8126935,65479277298990
314.4112,disk8w,356478976,46723,2473036605
314.4112,disk6,14611783333888,23797462,197931396977841
314.4112,disk6w,491520,70,201274851
314.4112,ram,428408832,65916420096,284566
314.4112,cpu,15841820,22715241,543474149
314.4112,gpu,0,0,0
314.6128,disk0,942593183703040,2126594412,12937551267164269
314.6128,disk0w,2190365724672,19812253,1286393757946
314.6128,disk4,8408749058048,16944836,95860917899789
314.6128,disk4w,2195456,171,27582691
314.6128,disk8,8036106708992,8127386,65480617076340
314.6128,disk8w,356478976,46723,2473036605
314.6128,disk6,14612968339456,23799577,197943616921889
314.6128,disk6w,491520,70,201274851
314.6128,ram,428408832,65916420096,284566
314.6128,cpu,15841820,22715241,543474149
314.6128,gpu,0,0,0
314.8141,disk0,942595475841024,2126606769,12937568469113990
314.8141,disk0w,2190365724672,19812253,1286393757946
314.8141,disk4,8409447172096,16946267,95864235207191
314.8141,disk4w,2195456,171,27582691
314.8141,disk8,8036662061056,8127955,65481305869313
314.8141,disk8w,356478976,46723,2473036605
314.8141,disk6,14614258087936,23801381,197954082118837
314.8141,disk6w,491520,70,201274851
314.8141,ram,465436672,65488666624,284566
314.8141,cpu,15841880,22715386,543475724
314.8141,gpu,0,0,0
315.0099,disk0,942597490483200,2126609980,12937575165607432
315.0099,disk0w,2190365724672,19812253,1286393757946
315.0099,disk4,8410193840128,16947800,95870389835716
315.0099,disk4w,2195456,171,27582691
315.0099,disk8,8037177042944,8128483,65481985945498
315.0099,disk8w,356478976,46723,2473036605
315.0099,disk6,14615582242816,23803147,197966279980056
315.0099,disk6w,491520,70,201274851
315.0099,ram,465436672,65488666624,284566
315.0099,cpu,15841880,22715386,543475724
315.0099,gpu,0,0,0
315.2145,disk0,942599485128704,2126614026,12937584911201896
315.2145,disk0w,2190372679680,19812579,1286401050998
315.2145,disk4,8411121469440,16949702,95878015393453
315.2145,disk4w,2195456,171,27582691
315.2145,disk8,8037589788672,8128906,65482447930686
315.2145,disk8w,356478976,46723,2473036605
315.2145,disk6,14616939755520,23805153,197977813758981
315.2145,disk6w,491520,70,201274851
315.2145,ram,465436672,65488666624,284566
315.2145,cpu,15841880,22715386,543475724
315.2145,gpu,0,0,0
315.4147,disk0,942601485553664,2126618626,12937597290928907
315.4147,disk0w,2190372679680,19812579,1286401050998
315.4147,disk4,8411720452096,16950895,95881531569543
315.4147,disk4w,2195456,171,27582691
315.4147,disk8,8038099134464,8129428,65483034913006
315.4147,disk8w,356478976,46723,2473036605
315.4147,disk6,14618286110720,23807353,197993315236902
315.4147,disk6w,491520,70,201274851
315.4147,ram,465436672,65488666624,284566
315.4147,cpu,15841880,22715386,543475724
315.4147,gpu,0,0,0
315.6149,disk0,942603292364800,2126622804,12937606186780097
315.6149,disk0w,2190372683776,19812580,1286401063623
315.6149,disk4,8412615362560,16952651,95887379494506
315.6149,disk4w,2195456,171,27582691
315.6149,disk8,8038687516672,8130031,65483904262805
315.6149,disk8w,356478976,46723,2473036605
315.6149,disk6,14619606235136,23809730,198009572954527
315.6149,disk6w,491520,70,201274851
315.6149,ram,465436672,65488666624,284566
315.6149,cpu,15841880,22715386,543475724
315.6149,gpu,0,0,0
315.8119,disk0,942605400363008,2126633745,12937623977286072
315.8119,disk0w,2190372683776,19812580,1286401063623
315.8119,disk4,8413448865792,16954289,95893681809425
315.8119,disk4w,2195456,171,27582691
315.8119,disk8,8039226353664,8130583,65484863032361
315.8119,disk8w,356478976,46723,2473036605
315.8119,disk6,14620844505088,23811916,198022840643262
315.8119,disk6w,491520,70,201274851
315.8119,ram,431603712,65924136960,284566
315.8119,cpu,15841941,22715537,543477283
315.8119,gpu,0,0,0
316.0153,disk0,942607294468096,2126638293,12937634333678412
316.0153,disk0w,2190372683776,19812580,1286401063623
316.0153,disk4,8414183368704,16955749,95899043177311
316.0153,disk4w,2195456,171,27582691
316.0153,disk8,8039662266368,8131030,65485453969126
316.0153,disk8w,356478976,46723,2473036605
316.0153,disk6,14621940959232,23814003,198034625304311
316.0153,disk6w,491520,70,201274851
316.0153,ram,431603712,65924136960,284566
316.0153,cpu,15841941,22715537,543477283
316.0153,gpu,34,4,0
316.2155,disk0,942609381036032,2126647311,12937648736075301
316.2155,disk0w,2190372683776,19812580,1286401063623
316.2155,disk4,8414957930496,16957340,95904885423142
316.2155,disk4w,2195456,171,27582691
316.2155,disk8,8040250648576,8131633,65486258006301
316.2155,disk8w,356478976,46723,2473036605
316.2155,disk6,14623266572288,23815919,198048168088462
316.2155,disk6w,491520,70,201274851
316.2155,ram,431603712,65924136960,284566
316.2155,cpu,15841941,22715537,543477283
316.2155,gpu,35,10,0
316.4157,disk0,942611184603136,2126650625,12937655208076486
316.4157,disk0w,2190372687872,19812581,1286401076831
316.4157,disk4,8415740495872,16958944,95910454801829
316.4157,disk4w,2195456,171,27582691
316.4157,disk8,8040724867072,8132119,65486770637023
316.4157,disk8w,356478976,46723,2473036605
316.4157,disk6,14624676808704,23817605,198060585654386
316.4157,disk6w,491520,70,201274851
316.4157,ram,431603712,65924136960,284566
316.4157,cpu,15841941,22715537,543477283
316.4157,gpu,0,0,0
316.6158,disk0,942613205815296,2126654578,12937665612514340
316.6158,disk0w,2190373847040,19812697,1286403221882
316.6158,disk4,8416546097152,16960597,95916477679814
316.6158,disk4w,2195456,171,27582691
316.6158,disk8,8041345886208,8132755,65487494078353
316.6158,disk8w,356478976,46723,2473036605
316.6158,disk6,14625981270016,23819595,198072776344079
316.6158,disk6w,491520,70,201274851
316.6158,ram,431603712,65924136960,284566
316.6158,cpu,15841941,22715537,543477283
316.6158,gpu,0,0,0
316.8160,disk0,942615137931264,2126658835,12937674043881726
316.8160,disk0w,2190373847040,19812697,1286403221882
316.8160,disk4,8417416644608,16962363,95924663851606
316.8160,disk4w,2195456,171,27582691
316.8160,disk8,8041813813248,8133235,65488077071568
316.8160,disk8w,356478976,46723,2473036605
316.8160,disk6,14627279915008,23821426,198084319613624
316.8160,disk6w,491520,70,201274851
316.8160,ram,447971328,65913716736,284566
316.8160,cpu,15841997,22715667,543478887
316.8160,gpu,0,0,0
317.0162,disk0,942616965746688,2126663204,12937683227535916
317.0162,disk0w,2190373847040,19812697,1286403221882
317.0162,disk4,8418073102336,16963637,95928230154802
317.0162,disk4w,2195456,171,27582691
317.0162,disk8,8042191431680,8133622,65488451514899
317.0162,disk8w,356478976,46723,2473036605
317.0162,disk6,14628676552704,23823874,198104408420429
317.0162,disk6w,491520,70,201274851
317.0162,ram,447971328,65913716736,284566
317.0162,cpu,15841999,22715667,543478899
317.0162,gpu,0,0,0
317.2164,disk0,942618903498752,2126667664,12937694649793338
317.2164,disk0w,2190373847040,19812697,1286403221882
317.2164,disk4,8418818328576,16965114,95933031382232
317.2164,disk4w,2195456,171,27582691
317.2164,disk8,8042753468416,8134198,65489213593801
317.2164,disk8w,356478976,46723,2473036605
317.2164,disk6,14629977245696,23826227,198119570489598
317.2164,disk6w,491520,70,201274851
317.2164,ram,447971328,65913716736,284566
317.2164,cpu,15841999,22715667,543478899
317.2164,gpu,45,6,0
317.4164,disk0,942620654804992,2126673784,12937704568465345
317.4164,disk0w,2190373851136,19812698,1286403235882
317.4164,disk4,8419620915200,16966700,95939503363807
317.4164,disk4w,2195456,171,27582691
317.4164,disk8,8043262814208,8134720,65489867442997
317.4164,disk8w,356478976,46723,2473036605
317.4164,disk6,14631341901824,23828751,198136352830330
317.4164,disk6w,491520,70,201274851
317.4164,ram,447971328,65913716736,284566
317.4164,cpu,15841999,22715667,543478899
317.4164,gpu,0,0,0
317.6168,disk0,942622487789568,2126677230,12937714633168050
317.6168,disk0w,2190373851136,19812698,1286403235882
317.6168,disk4,8420309846016,16968101,95946024414838
317.6168,disk4w,2195456,171,27582691
317.6168,disk8,8043684308992,8135152,65490429890557
317.6168,disk8w,356478976,46723,2473036605
317.6168,disk6,14632409253888,23830600,198147557761244
317.6168,disk6w,491520,70,201274851
317.6168,ram,447971328,65913716736,284566
317.6168,cpu,15841999,22715667,543478899
317.6168,gpu,0,0,0
317.8169,disk0,942624254935040,2126684207,12937723807695823
317.8169,disk0w,2190373851136,19812698,1286403235882
317.8169,disk4,8421046831104,16969611,95951555020004
317.8169,disk4w,2195456,171,27582691
317.8169,disk8,8044290254848,8135773,65491355642316
317.8169,disk8w,356478976,46723,2473036605
317.8169,disk6,14633789949952,23832374,198160542921194
317.8169,disk6w,491520,70,201274851
317.8169,ram,447315968,65807564800,284566
317.8169,cpu,15842061,22715801,543480468
317.8169,gpu,0,0,0
318.0171,disk0,942626474303488,2126688162,12937734364288720
318.0171,disk0w,2190373851136,19812698,1286403235882
318.0171,disk4,8421869602816,16971298,95956824700721
318.0171,disk4w,2195456,171,27582691
318.0171,disk8,8045019146240,8136520,65492415402525
318.0171,disk8w,356478976,46723,2473036605
318.0171,disk6,14635052615680,23834139,198170318262055
318.0171,disk6w,491520,70,201274851
318.0171,ram,447315968,65807564800,284566
318.0171,cpu,15842061,22715801,543480468
318.0171,gpu,30,4,0
318.2173,disk0,942628755947520,2126692994,12937748064669914
318.2173,disk0w,2190374019072,19812707,1286403397464
318.2173,disk4,8422713821184,16973030,95965031675676
318.2173,disk4w,2195456,171,27582691
318.2173,disk8,8045712910336,8137231,65493625814333
318.2173,disk8w,356478976,46723,2473036605
318.2173,disk6,14636329437184,23836102,198177690266229
318.2173,disk6w,491520,70,201274851
318.2173,ram,447315968,65807564800,284566
318.2173,cpu,15842061,22715801,543480468
318.2173,gpu,0,0,0
318.4174,disk0,942630427803648,2126696799,12937755078831947
318.4174,disk0w,2190374027264,19812709,1286403421213
318.4174,disk4,8423293929472,16974162,95968552303015
318.4174,disk4w,2195456,171,27582691
318.4174,disk8,8046072965120,8137600,65493990583877
318.4174,disk8w,356478976,46723,2473036605
318.4174,disk6,14637737445376,23838464,198198690886743
318.4174,disk6w,491520,70,201274851
318.4174,ram,447315968,65807564800,284566
318.4174,cpu,15842061,22715801,543480468
318.4174,gpu,0,0,0
318.6176,disk0,942632297955328,2126701163,12937763688824049
318.6176,disk0w,2190374027264,19812709,1286403421213
318.6176,disk4,8424242530304,16976031,95977145401125
318.6176,disk4w,2195456,171,27582691
318.6176,disk8,8046529619968,8138068,65494586135803
318.6176,disk8w,356478976,46723,2473036605
318.6176,disk6,14639121860608,23841041,198213869715836
318.6176,disk6w,491520,70,201274851
318.6176,ram,447315968,65807564800,284566
318.6176,cpu,15842061,22715801,543480468
318.6176,gpu,43,16,0
318.8178,disk0,942634073825280,2126711416,12937775946928965
318.8178,disk0w,2190374027264,19812709,1286403421213
318.8178,disk4,8425223079936,16977964,95989292968850
318.8178,disk4w,2195456,171,27582691
318.8178,disk8,8047078287360,8138630,65495296312414
318.8178,disk8w,356478976,46723,2473036605
318.8178,disk6,14640262596608,23842963,198223864951924
318.8178,disk6w,491520,70,201274851
318.8178,ram,119537664,66190229504,284571
318.8178,cpu,15842140,22715971,543481997
318.8178,gpu,0,0,0
319.0179,disk0,942635934584832,2126714449,12937785972347663
319.0179,disk0w,2190374928384,19812825,1286406118427
319.0179,disk4,8425784592384,16979088,95994238252685
319.0179,disk4w,2195456,171,27582691
319.0179,disk8,8047592155136,8139157,65496410568057
319.0179,disk8w,356478976,46723,2473036605
319.0179,disk6,14641316005888,23844959,198235196925825
319.0179,disk6w,491520,70,201274851
319.0179,ram,119537664,66190229504,284571
319.0179,cpu,15842140,22715972,543482012
319.0179,gpu,37,6,0
319.2181,disk0,942637988810752,2126727686,12937805141910642
319.2181,disk0w,2190375329792,19812882,1286407254571
319.2181,disk4,8426470139904,16980494,96000035170892
319.2181,disk4w,2195456,171,27582691
319.2181,disk8,8048083937280,8139661,65497020253228
319.2181,disk8w,356478976,46723,2473036605
319.2181,disk6,14642473748480,23846731,198244456011730
319.2181,disk6w,491520,70,201274851
319.2181,ram,119537664,66190229504,284571
319.2181,cpu,15842140,22715972,543482012
319.2181,gpu,0,0,0
319.4149,disk0,942639894286336,2126730956,12937813551957480
319.4149,disk0w,2190375333888,19812883,1286407264071
319.4149,disk4,8427306125312,16982209,96008748500480
319.4149,disk4w,2195456,171,27582691
319.4149,disk8,8048488949760,8140076,65497540313178
319.4149,disk8w,356478976,46723,2473036605
319.4149,disk6,14643643959296,23848090,198252429244072
319.4149,disk6w,491520,70,201274851
319.4149,ram,119537664,66190229504,284571
319.4149,cpu,15842140,22715972,543482012
319.4149,gpu,0,0,0
319.6184,disk0,942641736519680,2126734433,12937823280487345
319.6184,disk0w,2190375342080,19812885,1286407311987
319.6184,disk4,8428030658560,16983696,96013276634761
319.6184,disk4w,2195456,171,27582691
319.6184,disk8,8049093847040,8140696,65498361729551
319.6184,disk8w,356478976,46723,2473036605
319.6184,disk6,14645038680064,23850086,198265919043118
319.6184,disk6w,491520,70,201274851
319.6184,ram,119537664,66190229504,284571
319.6184,cpu,15842140,22715972,543482012
319.6184,gpu,0,0,0
319.8186,disk0,942643824398336,2126739085,12937833026570264
319.8186,disk0w,2190375342080,19812885,1286407311987
319.8186,disk4,8428767643648,16985187,96018054227413
319.8186,disk4w,2195456,171,27582691
319.8186,disk8,8049562429440,8141176,65498886297394
319.8186,disk8w,356478976,46723,2473036605
319.8186,disk6,14646424291328,23852096,198279843421466
319.8186,disk6w,491520,70,201274851
319.8186,ram,81788928,66316681216,284571
319.8186,cpu,15842218,22716122,543483545
319.8186,gpu,31,5,0
320.0182,disk0,942645464862720,2126742911,12937841407596737
320.0182,disk0w,2190375391232,19812886,1286407358820
320.0182,disk4,8429337544704,16986291,96020407522906
320.0182,disk4w,2195456,171,27582691
320.0182,disk8,8049954465792,8141578,65499283274134
320.0182,disk8w,356478976,46723,2473036605
320.0182,disk6,14647839623168,23854653,198302251747049
320.0182,disk6w,491520,70,201274851
320.0182,ram,81788928,66316681216,284571
320.0182,cpu,15842218,22716122,543483545
320.0182,gpu,34,10,0
320.2189,disk0,942647316008960,2126746890,12937849790943284
320.2189,disk0w,2190375395328,19812887,1286407372236
320.2189,disk4,8430153877504,16987905,96026593796330
320.2189,disk4w,2195456,171,27582691
320.2189,disk8,8050604320768,8142244,65500084327155
320.2189,disk8w,356478976,46723,2473036605
320.2189,disk6,14649156028416,23856951,198317962324439
320.2189,disk6w,491520,70,201274851
320.2189,ram,81788928,66316681216,284571
320.2189,cpu,15842218,22716122,543483545
320.2189,gpu,0,0,0
320.4190,disk0,942649333420032,2126753598,12937861929739437
320.4190,disk0w,2190375399424,19812888,1286407514944
320.4190,disk4,8430873315328,16989327,96033521071184
320.4190,disk4w,2195456,171,27582691
320.4190,disk8,8051192702976,8142847,65500884068913
320.4190,disk8w,356478976,46723,2473036605
320.4190,disk6,14650365872128,23859162,198331029204029
320.4190,disk6w,491520,70,201274851
320.4190,ram,81788928,66316681216,284571
320.4190,cpu,15842218,22716122,543483545
320.4190,gpu,40,13,0
320.6192,disk0,942651087900672,2126757061,12937872016896947
320.6192,disk0w,2190375399424,19812888,1286407514944
320.6192,disk4,8431585798144,16990777,96041978401866
320.6192,disk4w,2195456,171,27582691
320.6192,disk8,8051552724992,8143216,65501338139501
320.6192,disk8w,356478976,46723,2473036605
320.6192,disk6,14651443644416,23861025,198342096311807
320.6192,disk6w,491520,70,201274851
320.6192,ram,81788928,66316681216,284571
320.6192,cpu,15842218,22716122,543483545
320.6192,gpu,35,6,0
320.8193,disk0,942652955430912,2126762690,12937881700453772
320.8193,disk0w,2190375460864,19812891,1286407588818
320.8193,disk4,8432425740288,16992497,96048395628446
320.8193,disk4w,2195456,171,27582691
320.8193,disk8,8052105979904,8143783,65501938916181
320.8193,disk8w,356478976,46723,2473036605
320.8193,disk6,14652796504064,23862868,198354484197266
320.8193,disk6w,491520,70,201274851
320.8193,ram,125435904,65802567680,284571
320.8193,cpu,15842274,22716252,543485138
320.8193,gpu,0,0,0
321.0195,disk0,942655087464448,2126766407,12937891234800235
321.0195,disk0w,2190375460864,19812891,1286407588818
321.0195,disk4,8433316751360,16994323,96056780980411
321.0195,disk4w,2195456,171,27582691
321.0195,disk8,8052717168640,8144409,65502741643109
321.0195,disk8w,356478976,46723,2473036605
321.0195,disk6,14654003070976,23864478,198363197037791
321.0195,disk6w,491520,70,201274851
321.0195,ram,125435904,65802567680,284571
321.0195,cpu,15842275,22716252,543485153
321.0195,gpu,0,0,0
321.2196,disk0,942657248518144,2126770931,12937902995674725
321.2196,disk0w,2190375464960,19812892,1286407601943
321.2196,disk4,8434090649600,16995909,96062207030053
321.2196,disk4w,2195456,171,27582691
321.2196,disk8,8053203707904,8144908,65503342579318
321.2196,disk8w,356478976,46723,2473036605
321.2196,disk6,14655373510656,23866433,198373583455326
321.2196,disk6w,491520,70,201274851
321.2196,ram,125435904,65802567680,284571
321.2196,cpu,15842275,22716252,543485153
321.2196,gpu,0,0,0
321.4162,disk0,942659106091008,2126775047,12937911701620813
321.4162,disk0w,2190375464960,19812892,1286407601943
321.4162,disk4,8434808129536,16997323,96068209858880
321.4162,disk4w,2195456,171,27582691
321.4162,disk8,8053581326336,8145295,65503743601353
321.4162,disk8w,356478976,46723,2473036605
321.4162,disk6,14656687163392,23868621,198388371889752
321.4162,disk6w,491520,70,201274851
321.4162,ram,125435904,65802567680,284571
321.4162,cpu,15842275,22716252,543485153
321.4162,gpu,0,0,0
321.6193,disk0,942660965838848,2126779458,12937922286488777
321.6193,disk0w,2190375464960,19812892,1286407601943
321.6193,disk4,8435646203904,16998971,96073658999901
321.6193,disk4w,2195456,171,27582691
321.6193,disk8,8054029199360,8145754,65504311334576
321.6193,disk8w,356478976,46723,2473036605
321.6193,disk6,14657941424128,23870852,198404894515828
321.6193,disk6w,491520,70,201274851
321.6193,ram,125435904,65802567680,284571
321.6193,cpu,15842275,22716252,543485153
321.6193,gpu,0,0,0
321.8162,disk0,942662825586688,2126787306,12937933836835099
321.8162,disk0w,2190375464960,19812892,1286407601943
321.8162,disk4,8436465436672,17000581,96079285077227
321.8162,disk4w,2195456,171,27582691
321.8162,disk8,8054564890624,8146303,65504956352567
321.8162,disk8w,356478976,46723,2473036605
321.8162,disk6,14659255638016,23873152,198420613748326
321.8162,disk6w,491520,70,201274851
321.8162,ram,212336640,64231112704,284571
321.8162,cpu,15842343,22716401,543486678
321.8162,gpu,0,0,0
322.0201,disk0,942664808165376,2126791003,12937942666744756
322.0201,disk0w,2190375464960,19812892,1286407601943
322.0201,disk4,8437207910400,17002054,96083110774161
322.0201,disk4w,2195456,171,27582691
322.0201,disk8,8055083018240,8146834,65505531854640
322.0201,disk8w,356478976,46723,2473036605
322.0201,disk6,14660627011584,23875758,198438328752079
322.0201,disk6w,491520,70,201274851
322.0201,ram,212336640,64231112704,284571
322.0201,cpu,15842343,22716401,543486678
322.0201,gpu,0,0,0
322.2181,disk0,942666746957824,2126794536,12937954228930498
322.2181,disk0w,2190375469056,19812893,1286407614234
322.2181,disk4,8437875755008,17003423,96088124119962
322.2181,disk4w,2195456,171,27582691
322.2181,disk8,8055574734848,8147338,65506634260177
322.2181,disk8w,356478976,46723,2473036605
322.2181,disk6,14661703129088,23877395,198447561770825
322.2181,disk6w,491520,70,201274851
322.2181,ram,212336640,64231112704,284571
322.2181,cpu,15842343,22716401,543486678
322.2181,gpu,0,0,0
322.4204,disk0,942668750442496,2126797913,12937961845836101
322.4204,disk0w,2190375469056,19812893,1286407614234
322.4204,disk4,8438652553216,17005015,96092161728026
322.4204,disk4w,2195456,171,27582691
322.4204,disk8,8056048953344,8147824,65507171158601
322.4204,disk8w,356478976,46723,2473036605
322.4204,disk6,14663084267520,23878978,198460181880132
322.4204,disk6w,491520,70,201274851
322.4204,ram,212336640,64231112704,284571
322.4204,cpu,15842343,22716401,543486678
322.4204,gpu,0,0,0
322.6170,disk0,942670792155136,2126801840,12937973267930413
322.6170,disk0w,2190375542784,19812898,1286407775524
322.6170,disk4,8439404480512,17006558,96097469572010
322.6170,disk4w,2195456,171,27582691
322.6170,disk8,8056674560000,8148465,65508024720715
322.6170,disk8w,356478976,46723,2473036605
322.6170,disk6,14664361973760,23880880,198470885815751
322.6170,disk6w,491520,70,201274851
322.6170,ram,212336640,64231112704,284571
322.6170,cpu,15842343,22716401,543486678
322.6170,gpu,49,29,0
322.8163,disk0,942672879935488,2126806386,12937984980737902
322.8163,disk0w,2190376132608,19812915,1286408171518
322.8163,disk4,8440103749632,17007979,96101900412073
322.8163,disk4w,2195456,171,27582691
322.8163,disk8,8057111554048,8148913,65508568862563
322.8163,disk8w,356478976,46723,2473036605
322.8163,disk6,14665695827968,23882883,198484290916763
322.8163,disk6w,491520,70,201274851
322.8163,ram,75087872,66619179008,284575
322.8163,cpu,15842444,22716571,543488198
322.8163,gpu,0,0,0
323.0186,disk0,942674673770496,2126810685,12937993236336181
323.0186,disk0w,2190376165376,19812920,1286408279891
323.0186,disk4,8440817027072,17009361,96106673020330
323.0186,disk4w,2195456,171,27582691
323.0186,disk8,8057462827008,8149273,65508934077566
323.0186,disk8w,356478976,46723,2473036605
323.0186,disk6,14667085436928,23885321,198503882957584
323.0186,disk6w,491520,70,201274851
323.0186,ram,75087872,66619179008,284575
323.0186,cpu,15842447,22716579,543488247
323.0186,gpu,0,0,0
323.2161,disk0,942676539351040,2126815035,12938001404294672
323.2161,disk0w,2190376951808,19812923,1286408361016
323.2161,disk4,8441595938816,17010903,96112618310327
323.2161,disk4w,2195456,171,27582691
323.2161,disk8,8057998518272,8149822,65509636195967
323.2161,disk8w,356478976,46723,2473036605
323.2161,disk6,14668455385088,23887857,198520952758285
323.2161,disk6w,491520,70,201274851
323.2161,ram,75087872,66619179008,284575
323.2161,cpu,15842447,22716579,543488247
323.2161,gpu,51,16,0
323.4186,disk0,942678407897088,2126826035,12938019533946949
323.4186,disk0w,2190376964096,19812926,1286408407807
323.4186,disk4,8442235209728,17012160,96116908986201
323.4186,disk4w,2195456,171,27582691
323.4186,disk8,8058446391296,8150281,65510104073358
323.4186,disk8w,356478976,46723,2473036605
323.4186,disk6,14669691688960,23889995,198534802968625
323.4186,disk6w,491520,70,201274851
323.4186,ram,75087872,66619179008,284575
323.4186,cpu,15842447,22716579,543488247
323.4186,gpu,0,0,0
323.6211,disk0,942680171208704,2126829138,12938031100971795
323.6211,disk0w,2190376964096,19812926,1286408407807
323.6211,disk4,8442874251264,17013446,96120949962978
323.6211,disk4w,2195456,171,27582691
323.6211,disk8,8058841540608,8150686,65510729701480
323.6211,disk8w,356478976,46723,2473036605
323.6211,disk6,14670795167744,23891983,198549475501867
323.6211,disk6w,491520,70,201274851
323.6211,ram,75087872,66619179008,284575
323.6211,cpu,15842447,22716579,543488247
323.6211,gpu,0,0,0
323.8213,disk0,942682048532480,2126835072,12938041719618542
323.8213,disk0w,2190376964096,19812926,1286408407807
323.8213,disk4,8443602470912,17014940,96125356518896
323.8213,disk4w,2195456,171,27582691
323.8213,disk8,8059402135552,8151260,65511640445035
323.8213,disk8w,356478976,46723,2473036605
323.8213,disk6,14672112015360,23893892,198563710514086
323.8213,disk6w,491520,70,201274851
323.8213,ram,89702400,66472837120,284577
323.8213,cpu,15842530,22716756,543489714
323.8213,gpu,38,28,0
324.0214,disk0,942684083724288,2126838509,12938050274960149
324.0214,disk0w,2190377021440,19812929,1286408466972
324.0214,disk4,8444374935552,17016524,96131842167204
324.0214,disk4w,2195456,171,27582691
324.0214,disk8,8060009523200,8151883,65512358634320
324.0214,disk8w,356478976,46723,2473036605
324.0214,disk6,14673412462592,23895473,198573765082600
324.0214,disk6w,491520,70,201274851
324.0214,ram,89702400,66472837120,284577
324.0214,cpu,15842532,22716757,543489724
324.0214,gpu,0,0,0
324.2215,disk0,942685867368448,2126841876,12938056866911279
324.2215,disk0w,2190377021440,19812929,1286408466972
324.2215,disk4,8445244573696,17018307,96139927338470
324.2215,disk4w,2195456,171,27582691
324.2215,disk8,8060674451456,8152564,65513176449930
324.2215,disk8w,356478976,46723,2473036605
324.2215,disk6,14674794031104,23897694,198586069186728
324.2215,disk6w,491520,70,201274851
324.2215,ram,89702400,66472837120,284577
324.2215,cpu,15842532,22716757,543489724
324.2215,gpu,40,30,0
324.4216,disk0,942687924363264,2126846453,12938067318216150
324.4216,disk0w,2190377021440,19812929,1286408466972
324.4216,disk4,8445905242112,17019636,96143975938759
324.4216,disk4w,2195456,171,27582691
324.4216,disk8,8061238978560,8153143,65513922673819
324.4216,disk8w,356478976,46723,2473036605
324.4216,disk6,14676161869824,23899777,198600983684635
324.4216,disk6w,491520,70,201274851
324.4216,ram,89702400,66472837120,284577
324.4216,cpu,15842532,22716757,543489724
324.4216,gpu,0,0,0
324.6217,disk0,942690002558976,2126851422,12938077257113930
324.6217,disk0w,2190377349120,19812955,1286408786003
324.6217,disk4,8446564272128,17020924,96147087928914
324.6217,disk4w,2195456,171,27582691
324.6217,disk8,8061723027456,8153639,65514503303230
324.6217,disk8w,356478976,46723,2473036605
324.6217,disk6,14677551675392,23902246,198619211480138
324.6217,disk6w,491520,70,201274851
324.6217,ram,89702400,66472837120,284577
324.6217,cpu,15842532,22716757,543489724
324.6217,gpu,78,32,0
324.8218,disk0,942691935166464,2126856296,12938091398385259
324.8218,disk0w,2190377349120,19812955,1286408786003
324.8218,disk4,8447332714496,17022438,96151507181517
324.8218,disk4w,2195456,171,27582691
324.8218,disk8,8062213761024,8154142,65515044686490
324.8218,disk8w,356478976,46723,2473036605
324.8218,disk6,14678746953728,23904187,198631379361310
324.8218,disk6w,491520,70,201274851
324.8218,ram,200818688,65240072192,284577
324.8218,cpu,15842627,22716892,543491256
324.8218,gpu,0,0,0
325.0220,disk0,942694058307584,2126861971,12938102959939437
325.0220,disk0w,2190377349120,19812955,1286408786003
325.0220,disk4,8448122341376,17023995,96158993973442
325.0220,disk4w,2195456,171,27582691
325.0220,disk8,8062819706880,8154763,65515731684371
325.0220,disk8w,356478976,46723,2473036605
325.0220,disk6,14679996528640,23906530,198642579312680
325.0220,disk6w,491520,70,201274851
325.0220,ram,200818688,65240072192,284577
325.0220,cpu,15842630,22716905,543491327
325.0220,gpu,0,0,0
325.2174,disk0,942695514304512,2126868497,12938111854810768
325.2174,disk0w,2190377349120,19812955,1286408786003
325.2174,disk4,8448695781376,17025170,96161837809882
325.2174,disk4w,2195456,171,27582691
325.2174,disk8,8063451899904,8155411,65517918369188
325.2174,disk8w,356478976,46723,2473036605
325.2174,disk6,14681118930944,23908197,198655696601857
325.2174,disk6w,491520,70,201274851
325.2174,ram,200818688,65240072192,284577
325.2174,cpu,15842630,22716905,543491327
325.2174,gpu,0,0,0
325.4222,disk0,942697614340096,2126872315,12938122219126970
325.4222,disk0w,2190377349120,19812955,1286408786003
325.4222,disk4,8449485023232,17026788,96168755668334
325.4222,disk4w,2195456,171,27582691
325.4222,disk8,8063987591168,8155960,65518562521503
325.4222,disk8w,356478976,46723,2473036605
325.4222,disk6,14682441431040,23909836,198665298908822
325.4222,disk6w,491520,70,201274851
325.4222,ram,200818688,65240072192,284577
325.4222,cpu,15842630,22716905,543491327
325.4222,gpu,0,0,0
325.6223,disk0,942699866566656,2126876741,12938134395979063
325.6223,disk0w,2190377349120,19812955,1286408786003
325.6223,disk4,8450299774976,17028459,96174639206169
325.6223,disk4w,2195456,171,27582691
325.6223,disk8,8064540846080,8156527,65519184780221
325.6223,disk8w,356478976,46723,2473036605
325.6223,disk6,14683728164864,23911626,198675509490270
325.6223,disk6w,491520,70,201274851
325.6223,ram,200818688,65240072192,284577
325.6223,cpu,15842630,22716905,543491327
325.6223,gpu,0,0,0
325.8224,disk0,942701962178560,2126881181,12938144678219812
325.8224,disk0w,2190377349120,19812955,1286408786003
325.8224,disk4,8451035187200,17029966,96180304336548
325.8224,disk4w,2195456,171,27582691
325.8224,disk8,8065102882816,8157103,65519966144332
325.8224,disk8w,356478976,46723,2473036605
325.8224,disk6,14685100144640,23913721,198688561292766
325.8224,disk6w,491520,70,201274851
325.8224,ram,234192896,66255454208,284577
325.8224,cpu,15842698,22717023,543492836
325.8224,gpu,33,17,0
326.0212,disk0,942704080019456,2126886173,12938158055920077
326.0212,disk0w,2190377349120,19812955,1286408786003
326.0212,disk4,8451754625024,17031360,96183557683585
326.0212,disk4w,2195456,171,27582691
326.0212,disk8,8065559537664,8157571,65520512861301
326.0212,disk8w,356478976,46723,2473036605
326.0212,disk6,14686384125952,23915904,198704148026070
326.0212,disk6w,491520,70,201274851
326.0212,ram,234192896,66255454208,284577
326.0212,cpu,15842701,22717029,543492914
326.0212,gpu,0,0,0
326.2226,disk0,942706177417216,2126890895,12938168129846546
326.2226,disk0w,2190377361408,19812958,1286408818794
326.2226,disk4,8452719724544,17033268,96190189842891
326.2226,disk4w,2195456,171,27582691
326.2226,disk8,8066171774976,8158198,65521399803477
326.2226,disk8w,356478976,46723,2473036605
326.2226,disk6,14687711639552,23918310,198719267665399
326.2226,disk6w,491520,70,201274851
326.2226,ram,234192896,66255454208,284577
326.2226,cpu,15842701,22717029,543492914
326.2226,gpu,0,0,0
326.4199,disk0,942707839868928,2126897016,12938176736476502
326.4199,disk0w,2190377361408,19812958,1286408818794
326.4199,disk4,8453483038720,17034773,96194643775506
326.4199,disk4w,2195456,171,27582691
326.4199,disk8,8066674829312,8158714,65521944906342
326.4199,disk8w,356478976,46723,2473036605
326.4199,disk6,14689079539712,23920619,198736390727551
326.4199,disk6w,491520,70,201274851
326.4199,ram,234192896,66255454208,284577
326.4199,cpu,15842701,22717029,543492914
326.4199,gpu,40,17,0
326.6212,disk0,942709714214912,2126900535,12938186489106112
326.6212,disk0w,2190377410560,19812959,1286408840669
326.6212,disk4,8454281447424,17036384,96200203798013
326.6212,disk4w,2195456,171,27582691
326.6212,disk8,8067158812672,8159210,65522851264344
326.6212,disk8w,356478976,46723,2473036605
326.6212,disk6,14690242795520,23922658,198748226519682
326.6212,disk6w,491520,70,201274851
326.6212,ram,234192896,66255454208,284577
326.6212,cpu,15842701,22717029,543492914
326.6212,gpu,0,0,0
326.8214,disk0,942711795228672,2126909343,12938199512209476
326.8214,disk0w,2190377459712,19812961,1286408862752
326.8214,disk4,8454948243456,17037750,96203789655449
326.8214,disk4w,2195456,171,27582691
326.8214,disk8,8067886655488,8159956,65523989564310
326.8214,disk8w,356478976,46723,2473036605
326.8214,disk6,14691601143808,23924417,198759390935885
326.8214,disk6w,491520,70,201274851
326.8214,ram,216481792,66414002176,284577
326.8214,cpu,15842778,22717182,543494370
326.8214,gpu,32,14,0
327.0226,disk0,942713860972544,2126913039,12938211888725663
327.0226,disk0w,2190377459712,19812961,1286408862752
327.0226,disk4,8455687849984,17039266,96208329339891
327.0226,disk4w,2195456,171,27582691
327.0226,disk8,8068431128576,8160514,65524712646915
327.0226,disk8w,356478976,46723,2473036605
327.0226,disk6,14692867594240,23926161,198769583698117
327.0226,disk6w,491520,70,201274851
327.0226,ram,216481792,66414002176,284577
327.0226,cpu,15842780,22717184,543494420
327.0226,gpu,0,0,0
327.2231,disk0,942715989753856,2126917563,12938222336303666
327.2231,disk0w,2190377459712,19812961,1286408862752
327.2231,disk4,8456478541824,17040887,96213396049259
327.2231,disk4w,2195456,171,27582691
327.2231,disk8,8068922910720,8161018,65525285816083
327.2231,disk8w,356478976,46723,2473036605
327.2231,disk6,14694193223680,23928024,198782153165620
327.2231,disk6w,491520,70,201274851
327.2231,ram,216481792,66414002176,284577
327.2231,cpu,15842780,22717184,543494420
327.2231,gpu,0,0,0
327.4221,disk0,942717989818368,2126922019,12938233936995807
327.4221,disk0w,2190377459712,19812961,1286408862752
327.4221,disk4,8457242888192,17042385,96218848736474
327.4221,disk4w,2195456,171,27582691
327.4221,disk8,8069309310976,8161414,65525700618736
327.4221,disk8w,356478976,46723,2473036605
327.4221,disk6,14695420237824,23930011,198796130494222
327.4221,disk6w,491520,70,201274851
327.4221,ram,216481792,66414002176,284577
327.4221,cpu,15842780,22717184,543494420
327.4221,gpu,31,12,0
327.6233,disk0,942719946100736,2126926582,12938243592254357
327.6233,disk0w,2190377459712,19812961,1286408862752
327.6233,disk4,8457918334976,17043714,96222257813058
327.6233,disk4w,2195456,171,27582691
327.6233,disk8,8069836220416,8161954,65526338184757
327.6233,disk8w,356478976,46723,2473036605
327.6233,disk6,14696825395200,23932544,198814863442362
327.6233,disk6w,491520,70,201274851
327.6233,ram,216481792,66414002176,284577
327.6233,cpu,15842780,22717184,543494420
327.6233,gpu,43,18,0
327.8234,disk0,942722069024768,2126939149,12938262506897160
327.8234,disk0w,2190377459712,19812961,1286408862752
327.8234,disk4,8458677061632,17045209,96226776852184
327.8234,disk4w,2195456,171,27582691
327.8234,disk8,8070349760512,8162480,65526895616208
327.8234,disk8w,356478976,46723,2473036605
327.8234,disk6,14698186971136,23934815,198828316788653
327.8234,disk6w,491520,70,201274851
327.8234,ram,242286592,66338275328,284577
327.8234,cpu,15842836,22717325,543495949
327.8234,gpu,0,0,0
328.0223,disk0,942723770929152,2126942130,12938271186301248
328.0223,disk0w,2190377459712,19812961,1286408862752
328.0223,disk4,8459333306368,17046516,96231333170292
328.0223,disk4w,2195456,171,27582691
328.0223,disk8,8070723151872,8162863,65527349323494
328.0223,disk8w,356478976,46723,2473036605
328.0223,disk6,14699346745344,23936779,198842030259340
328.0223,disk6w,491520,70,201274851
328.0223,ram,242286592,66338275328,284577
328.0223,cpu,15842836,22717325,543495964
328.0223,gpu,0,0,0
328.2235,disk0,942725595684864,2126946159,12938280675205561
328.2235,disk0w,2190377463808,19812962,1286408885043
328.2235,disk4,8460062107648,17048014,96238021255561
328.2235,disk4w,2195456,171,27582691
328.2235,disk8,8071313631232,8163468,65528124866166
328.2235,disk8w,356478976,46723,2473036605
328.2235,disk6,14700636641280,23938619,198852235065395
328.2235,disk6w,491520,70,201274851
328.2235,ram,242286592,66338275328,284577
328.2235,cpu,15842836,22717325,543495964
328.2235,gpu,0,0,0
328.4236,disk0,942727622402048,2126949575,12938288782401489
328.4236,disk0w,2190377545728,19812968,1286408965875
328.4236,disk4,8460644214784,17049206,96240947270586
328.4236,disk4w,2195456,171,27582691
328.4236,disk8,8071812098048,8163979,65528825274167
328.4236,disk8w,356478976,46723,2473036605
328.4236,disk6,14702004099072,23940231,198864400715213
328.4236,disk6w,491520,70,201274851
328.4236,ram,242286592,66338275328,284577
328.4236,cpu,15842836,22717325,543495964
328.4236,gpu,40,24,0
328.6237,disk0,942729625837568,2126953466,12938300026341602
328.6237,disk0w,2190377570304,19812970,1286408993583
328.6237,disk4,8461396887552,17050750,96245423558830
328.6237,disk4w,2195456,171,27582691
328.6237,disk8,8072268752896,8164447,65529288759810
328.6237,disk8w,356478976,46723,2473036605
328.6237,disk6,14703316310016,23942281,198878636315919
328.6237,disk6w,491520,70,201274851
328.6237,ram,242286592,66338275328,284577
328.6237,cpu,15842836,22717325,543495964
328.6237,gpu,37,23,0
328.8231,disk0,942731564613632,2126957591,12938310033638322
328.8231,disk0w,2190377570304,19812970,1286408993583
328.8231,disk4,8462019823616,17052002,96248507859112
328.8231,disk4w,2195456,171,27582691
328.8231,disk8,8072702208000,8164891,65529786879332
328.8231,disk8w,356478976,46723,2473036605
328.8231,disk6,14704627243008,23944222,198894233780218
328.8231,disk6w,491520,70,201274851
328.8231,ram,330022912,66248687616,284577
328.8231,cpu,15842934,22717503,543497448
328.8231,gpu,0,0,0
329.0205,disk0,942733711392768,2126962635,12938321425672361
329.0205,disk0w,2190377619456,19812971,1286409021333
329.0205,disk4,8462768343040,17053461,96253019812865
329.0205,disk4w,2195456,171,27582691
329.0205,disk8,8073159911424,8165360,65530318865300
329.0205,disk8w,356478976,46723,2473036605
329.0205,disk6,14705909913600,23946415,198908986122945
329.0205,disk6w,491520,70,201274851
329.0205,ram,330022912,66248687616,284577
329.0205,cpu,15842934,22717503,543497448
329.0205,gpu,46,24,0
329.2228,disk0,942735875674112,2126968206,12938334845916185
329.2228,disk0w,2190377619456,19812971,1286409021333
329.2228,disk4,8463625406464,17055149,96259224593070
329.2228,disk4w,2195456,171,27582691
329.2228,disk8,8073691408384,8165905,65530980610371
329.2228,disk8w,356478976,46723,2473036605
329.2228,disk6,14707243440128,23948683,198921419620431
329.2228,disk6w,491520,70,201274851
329.2228,ram,330022912,66248687616,284577
329.2228,cpu,15842934,22717503,543497448
329.2228,gpu,62,28,0
329.4241,disk0,942738063982592,2126974825,12938346914628659
329.4241,disk0w,2190377619456,19812971,1286409021333
329.4241,disk4,8464353626112,17056586,96263207192725
329.4241,disk4w,2195456,171,27582691
329.4241,disk8,8074209536000,8166436,65531595358517
329.4241,disk8w,356478976,46723,2473036605
329.4241,disk6,14708660836352,23951407,198937964179941
329.4241,disk6w,491520,70,201274851
329.4241,ram,330022912,66248687616,284577
329.4241,cpu,15842934,22717503,543497448
329.4241,gpu,0,0,0
329.6234,disk0,942739482972160,2126979452,12938354743718522
329.6234,disk0w,2190377619456,19812971,1286409021333
329.6234,disk4,8464906373120,17057718,96267651421923
329.6234,disk4w,2195456,171,27582691
329.6234,disk8,8074745194496,8166985,65532503152001
329.6234,disk8w,356478976,46723,2473036605
329.6234,disk6,14709825656832,23953159,198952502911568
329.6234,disk6w,491520,70,201274851
329.6234,ram,330022912,66248687616,284577
329.6234,cpu,15842934,22717503,543497448
329.6234,gpu,0,0,0
329.8242,disk0,942741617168384,2126983162,12938366295472528
329.8242,disk0w,2190377619456,19812971,1286409021333
329.8242,disk4,8465619666944,17059179,96272434702136
329.8242,disk4w,2195456,171,27582691
329.8242,disk8,8075412613120,8167669,65533444010814
329.8242,disk8w,356478976,46723,2473036605
329.8242,disk6,14711128135680,23954842,198962935195261
329.8242,disk6w,491520,70,201274851
329.8242,ram,336969728,66389508096,284577
329.8242,cpu,15843019,22717661,543498983
329.8242,gpu,37,14,0
330.0243,disk0,942743606038528,2126987289,12938379256199448
330.0243,disk0w,2190377668608,19812972,1286409036208
330.0243,disk4,8466336483328,17060650,96277234543740
330.0243,disk4w,2195456,171,27582691
330.0243,disk8,8075834140672,8168101,65534044332953
330.0243,disk8w,356478976,46723,2473036605
330.0243,disk6,14712355510272,23956480,198973840434673
330.0243,disk6w,491520,70,201274851
330.0243,ram,336969728,66389508096,284577
330.0243,cpu,15843021,22717662,543498998
330.0243,gpu,34,13,0
330.2220,disk0,942745502257152,2126991191,12938387232171419
330.2220,disk0w,2190377668608,19812972,1286409036208
330.2220,disk4,8467003295744,17062017,96281226378537
330.2220,disk4w,2195456,171,27582691
330.2220,disk8,8076343486464,8168623,65534704673363
330.2220,disk8w,356478976,46723,2473036605
330.2220,disk6,14713727178752,23958603,198990555629117
330.2220,disk6w,491520,70,201274851
330.2220,ram,336969728,66389508096,284577
330.2220,cpu,15843021,22717662,543498998
330.2220,gpu,50,19,0
330.4245,disk0,942747269681152,2126995178,12938395049001918
330.4245,disk0w,2190377717760,19812973,1286409050374
330.4245,disk4,8467580405760,17063139,96283681373336
330.4245,disk4w,2195456,171,27582691
330.4245,disk8,8076791359488,8169082,65535194006588
330.4245,disk8w,356478976,46723,2473036605
330.4245,disk6,14715161139200,23960941,199010319111459
330.4245,disk6w,491520,70,201274851
330.4245,ram,336969728,66389508096,284577
330.4245,cpu,15843021,22717662,543498998
330.4245,gpu,52,37,0
330.6242,disk0,942749079556096,2126999389,12938402594872780
330.6242,disk0w,2190377717760,19812973,1286409050374
330.6242,disk4,8468473980928,17064899,96292143368968
330.6242,disk4w,2195456,171,27582691
330.6242,disk8,8077361129472,8169666,65535899707054
330.6242,disk8w,356478976,46723,2473036605
330.6242,disk6,14716423366656,23963345,199025796198162
330.6242,disk6w,491520,70,201274851
330.6242,ram,336969728,66389508096,284577
330.6242,cpu,15843021,22717662,543498998
330.6242,gpu,0,0,0
330.8246,disk0,942750948691968,2127007065,12938416214162738
330.8246,disk0w,2190377717760,19812973,1286409050374
330.8246,disk4,8469171185664,17066270,96295837453753
330.8246,disk4w,2195456,171,27582691
330.8246,disk8,8077871523840,8170189,65536550316795
330.8246,disk8w,356478976,46723,2473036605
330.8246,disk6,14717783779328,23965624,199042569945770
330.8246,disk6w,491520,70,201274851
330.8246,ram,394100736,64624918528,284577
330.8246,cpu,15843021,22717662,543498998
330.8246,gpu,0,0,0
331.0207,disk0,942752036503552,2127008975,12938419226983156
331.0207,disk0w,2190379704320,19813324,1286417470954
331.0207,disk4,8469644167168,17067210,96298153718657
331.0207,disk4w,2195456,171,27582691
331.0207,disk8,8078178887680,8170504,65536897432022
331.0207,disk8w,356478976,46723,2473036605
331.0207,disk6,14718900299776,23967843,199061841631157
331.0207,disk6w,491520,70,201274851
331.0207,ram,394100736,64624918528,284577
331.0207,cpu,15843109,22717824,543500665
331.0207,gpu,0,0,0
331.2248,disk0,942752036503552,2127008975,12938419226983156
331.2248,disk0w,2190379753472,19813325,1286417505287
331.2248,disk4,8469644167168,17067210,96298153718657
331.2248,disk4w,2195456,171,27582691
331.2248,disk8,8078178887680,8170504,65536897432022
331.2248,disk8w,356478976,46723,2473036605
331.2248,disk6,14718900299776,23967843,199061841631157
331.2248,disk6w,491520,70,201274851
331.2248,ram,394100736,64624918528,284577
331.2248,cpu,15843109,22717824,543500665
331.2248,gpu,0,0,0
331.4248,disk0,942752036503552,2127008975,12938419226983156
331.4248,disk0w,2190379753472,19813325,1286417505287
331.4248,disk4,8469644167168,17067210,96298153718657
331.4248,disk4w,2195456,171,27582691
331.4248,disk8,8078178887680,8170504,65536897432022
331.4248,disk8w,356478976,46723,2473036605
331.4248,disk6,14718900299776,23967843,199061841631157
331.4248,disk6w,491520,70,201274851
331.4248,ram,394100736,64624918528,284577
331.4248,cpu,15843109,22717824,543500665
331.4248,gpu,0,0,0
