t_s,dev,v1,v2,v3
0.2100,disk0,904914097106944,2035668059,12645495910137034
0.2100,disk0w,1979500814336,18848717,1162893107104
0.2100,disk5,35927538694144,72319043,593662137821984
0.2100,disk5w,225980416,35966,1254168700
0.2100,disk4,38913823093760,39009888,407784265251883
0.2100,disk4w,1447560398848,1495270,591099736239
0.2100,disk8,59264234420224,96250543,948670504714323
0.2100,disk8w,4128768,601,984243925
0.2100,ram,67701669888,4365975552,279401
0.2100,cpu,14968238,21722038,519216527
0.2100,gpu,0,0,0
0.4100,disk0,904914097135616,2035668063,12645495912373908
0.4100,disk0w,1979500814336,18848717,1162893107104
0.4100,disk5,35927538694144,72319043,593662137821984
0.4100,disk5w,225980416,35966,1254168700
0.4100,disk4,38913823093760,39009888,407784265251883
0.4100,disk4w,1447560398848,1495270,591099736239
0.4100,disk8,59264234420224,96250543,948670504714323
0.4100,disk8w,4128768,601,984243925
0.4100,ram,67701669888,4365975552,279401
0.4100,cpu,14968238,21722038,519216527
0.4100,gpu,0,0,0
0.6100,disk0,904914097152000,2035668064,12645495912637241
0.6100,disk0w,1979500814336,18848717,1162893107104
0.6100,disk5,35927538694144,72319043,593662137821984
0.6100,disk5w,225980416,35966,1254168700
0.6100,disk4,38913823093760,39009888,407784265251883
0.6100,disk4w,1447560398848,1495270,591099736239
0.6100,disk8,59264234420224,96250543,948670504714323
0.6100,disk8w,4128768,601,984243925
0.6100,ram,67701669888,4365975552,279401
0.6100,cpu,14968238,21722038,519216527
0.6100,gpu,0,0,0
0.8100,disk0,904914097152000,2035668064,12645495912637241
0.8100,disk0w,1979500814336,18848717,1162893107104
0.8100,disk5,35927538694144,72319043,593662137821984
0.8100,disk5w,225980416,35966,1254168700
0.8100,disk4,38913823093760,39009888,407784265251883
0.8100,disk4w,1447560398848,1495270,591099736239
0.8100,disk8,59264234420224,96250543,948670504714323
0.8100,disk8w,4128768,601,984243925
0.8100,ram,67701669888,4365975552,279401
0.8100,cpu,14968238,21722038,519216527
0.8100,gpu,0,0,0
1.0100,disk0,904914097152000,2035668064,12645495912637241
1.0100,disk0w,1979500834816,18848720,1162893199770
1.0100,disk5,35927538694144,72319043,593662137821984
1.0100,disk5w,225980416,35966,1254168700
1.0100,disk4,38913823093760,39009888,407784265251883
1.0100,disk4w,1447560398848,1495270,591099736239
1.0100,disk8,59264234420224,96250543,948670504714323
1.0100,disk8w,4128768,601,984243925
1.0100,ram,67720888320,4378804224,279401
1.0100,cpu,14968275,21722085,519218301
1.0100,gpu,0,0,0
1.2100,disk0,904914103263232,2035668197,12645495933588197
1.2100,disk0w,1979500855296,18848725,1162893322769
1.2100,disk5,35927538694144,72319043,593662137821984
1.2100,disk5w,225980416,35966,1254168700
1.2100,disk4,38913823093760,39009888,407784265251883
1.2100,disk4w,1447560398848,1495270,591099736239
1.2100,disk8,59264234420224,96250543,948670504714323
1.2100,disk8w,4128768,601,984243925
1.2100,ram,67661955072,4373348352,279401
1.2100,cpu,14968275,21722085,519218309
1.2100,gpu,0,0,0
1.4100,disk0,904914103398400,2035668210,12645495935878026
1.4100,disk0w,1979500871680,18848729,1162893405935
1.4100,disk5,35927538694144,72319043,593662137821984
1.4100,disk5w,225980416,35966,1254168700
1.4100,disk4,38913823093760,39009888,407784265251883
1.4100,disk4w,1447560398848,1495270,591099736239
1.4100,disk8,59264257636352,96250605,948670637770012
1.4100,disk8w,4128768,601,984243925
1.4100,ram,67661955072,4373348352,279401
1.4100,cpu,14968275,21722085,519218309
1.4100,gpu,0,0,0
1.6100,disk0,904914103398400,2035668210,12645495935878026
1.6100,disk0w,1979500871680,18848729,1162893405935
1.6100,disk5,35927538694144,72319043,593662137821984
1.6100,disk5w,225980416,35966,1254168700
1.6100,disk4,38913823093760,39009888,407784265251883
1.6100,disk4w,1447560398848,1495270,591099736239
1.6100,disk8,59265409202176,96251871,948680322801229
1.6100,disk8w,4128768,601,984243925
1.6100,ram,67661955072,4373348352,279401
1.6100,cpu,14968275,21722085,519218309
1.6100,gpu,0,0,0
1.8100,disk0,904914416009216,2035669350,12645496732756570
1.8100,disk0w,1979500871680,18848729,1162893405935
1.8100,disk5,35927538694144,72319043,593662137821984
1.8100,disk5w,225980416,35966,1254168700
1.8100,disk4,38913823093760,39009888,407784265251883
1.8100,disk4w,1447560398848,1495270,591099736239
1.8100,disk8,59265409202176,96251871,948680322801229
1.8100,disk8w,4128768,601,984243925
1.8100,ram,67661955072,4373348352,279401
1.8100,cpu,14968275,21722085,519218309
1.8100,gpu,0,0,0
2.0100,disk0,904915002195968,2035670776,12645497810627750
2.0100,disk0w,1979500871680,18848729,1162893405935
2.0100,disk5,35927538694144,72319043,593662137821984
2.0100,disk5w,225980416,35966,1254168700
2.0100,disk4,38913823093760,39009888,407784265251883
2.0100,disk4w,1447560398848,1495270,591099736239
2.0100,disk8,59265409202176,96251871,948680322801229
2.0100,disk8w,4128768,601,984243925
2.0100,ram,67661955072,4373348352,279401
2.0100,cpu,14968275,21722085,519218309
2.0100,gpu,0,0,0
2.2100,disk0,904915302518784,2035671361,12645498237906680
2.2100,disk0w,1979500871680,18848729,1162893405935
2.2100,disk5,35927538694144,72319043,593662137821984
2.2100,disk5w,225980416,35966,1254168700
2.2100,disk4,38913823093760,39009888,407784265251883
2.2100,disk4w,1447560398848,1495270,591099736239
2.2100,disk8,59265409202176,96251871,948680322801229
2.2100,disk8w,4128768,601,984243925
2.2100,ram,63219875840,6307872768,279401
2.2100,cpu,14968377,21722149,519220012
2.2100,gpu,0,0,0
2.4027,disk0,904915302957056,2035671397,12645498242588502
2.4027,disk0w,1979506581504,18848889,1162896126674
2.4027,disk5,35927538694144,72319043,593662137821984
2.4027,disk5w,225980416,35966,1254168700
2.4027,disk4,38913823093760,39009888,407784265251883
2.4027,disk4w,1447560398848,1495270,591099736239
2.4027,disk8,59266240165888,96253741,948694172384281
2.4027,disk8w,4128768,601,984243925
2.4027,ram,63219875840,6307872768,279401
2.4027,cpu,14968377,21722149,519220012
2.4027,gpu,0,0,0
2.6100,disk0,904915302965248,2035671399,12645498242896168
2.6100,disk0w,1979506589696,18848891,1162896176923
2.6100,disk5,35927538694144,72319043,593662137821984
2.6100,disk5w,225980416,35966,1254168700
2.6100,disk4,38913823093760,39009888,407784265251883
2.6100,disk4w,1447560398848,1495270,591099736239
2.6100,disk8,59267437369344,96257995,948721832958839
2.6100,disk8w,4128768,601,984243925
2.6100,ram,63219875840,6307872768,279401
2.6100,cpu,14968377,21722149,519220012
2.6100,gpu,77,0,0
2.8100,disk0,904915794288640,2035672213,12645505387524059
2.8100,disk0w,1979506589696,18848891,1162896176923
2.8100,disk5,35927920334848,72319823,593686762858305
2.8100,disk5w,225980416,35966,1254168700
2.8100,disk4,38914209133568,39010263,407789385994507
2.8100,disk4w,1447560398848,1495270,591099736239
2.8100,disk8,59268368365568,96260121,948743211577149
2.8100,disk8w,4128768,601,984243925
2.8100,ram,63219875840,6307872768,279401
2.8100,cpu,14968377,21722149,519220012
2.8100,gpu,7,0,0
3.0037,disk0,904917461278720,2035675032,12645533162797087
3.0037,disk0w,1979506589696,18848891,1162896176923
3.0037,disk5,35928556435456,72321131,593703708610790
3.0037,disk5w,225980416,35966,1254168700
3.0037,disk4,38914753098752,39010790,407795547564173
3.0037,disk4w,1447560398848,1495270,591099736239
3.0037,disk8,59269556320256,96261471,948769306803112
3.0037,disk8w,4128768,601,984243925
3.0037,ram,63219875840,6307872768,279401
3.0037,cpu,14968377,21722149,519220012
3.0037,gpu,12,0,0
3.2025,disk0,904918812418048,2035677324,12645554481660847
3.2025,disk0w,1979506589696,18848891,1162896176923
3.2025,disk5,35929240778752,72322535,593723082288731
3.2025,disk5w,225980416,35966,1254168700
3.2025,disk4,38915525178368,39011539,407806723579211
3.2025,disk4w,1447560398848,1495270,591099736239
3.2025,disk8,59270542817280,96262726,948789146202026
3.2025,disk8w,4128768,601,984243925
3.2025,ram,55877648384,9166995456,279401
3.2025,cpu,14968428,21722267,519221705
3.2025,gpu,0,0,0
3.4100,disk0,904919356383232,2035678116,12645561646826130
3.4100,disk0w,1979512147968,18849000,1162898849719
3.4100,disk5,35929767196672,72323614,593741650358426
3.4100,disk5w,225980416,35966,1254168700
3.4100,disk4,38915928765440,39011930,407812832205243
3.4100,disk4w,1447560398848,1495270,591099736239
3.4100,disk8,59271500818432,96264777,948811954312383
3.4100,disk8w,4128768,601,984243925
3.4100,ram,55877648384,9166995456,279401
3.4100,cpu,14968428,21722267,519221705
3.4100,gpu,14,1,0
3.6100,disk0,904920742617088,2035680230,12645582447385847
3.6100,disk0w,1979512147968,18849000,1162898849719
3.6100,disk5,35930591918080,72325308,593767496904954
3.6100,disk5w,225980416,35966,1254168700
3.6100,disk4,38916718392320,39012697,407824332267147
3.6100,disk4w,1447560398848,1495270,591099736239
3.6100,disk8,59272658937856,96266124,948839451683973
3.6100,disk8w,4128768,601,984243925
3.6100,ram,55877648384,9166995456,279401
3.6100,cpu,14968428,21722267,519221705
3.6100,gpu,0,0,0
3.8024,disk0,904921444548608,2035681627,12645593366981287
3.8024,disk0w,1979512201216,18849003,1162898918176
3.8024,disk5,35931135883264,72326422,593786717219969
3.8024,disk5w,225980416,35966,1254168700
3.8024,disk4,38917139526656,39013107,407830387035638
3.8024,disk4w,1447560398848,1495270,591099736239
3.8024,disk8,59273749645312,96268118,948860387730449
3.8024,disk8w,4128768,601,984243925
3.8024,ram,55877648384,9166995456,279401
3.8024,cpu,14968428,21722267,519221705
3.8024,gpu,30,0,0
4.0100,disk0,904923111538688,2035685427,12645622053935041
4.0100,disk0w,1979512201216,18849003,1162898918176
4.0100,disk5,35931820226560,72327822,593805718516850
4.0100,disk5w,225980416,35966,1254168700
4.0100,disk4,38918069531648,39014010,407845827721498
4.0100,disk4w,1447560398848,1495270,591099736239
4.0100,disk8,59274697197568,96269454,948882469696242
4.0100,disk8w,4128768,601,984243925
4.0100,ram,55877648384,9166995456,279401
4.0100,cpu,14968428,21722267,519221705
4.0100,gpu,16,0,0
4.2042,disk0,904924058796032,2035687797,12645637014000144
4.2042,disk0w,1979512201216,18849003,1162898918176
4.2042,disk5,35932407683072,72329028,593823242266456
4.2042,disk5w,225980416,35966,1254168700
4.2042,disk4,38918832452608,39014750,407860158712800
4.2042,disk4w,1447560398848,1495270,591099736239
4.2042,disk8,59275975788544,96271767,948913947912334
4.2042,disk8w,4128768,601,984243925
4.2042,ram,50746195968,11523883008,279401
4.2042,cpu,14968452,21722396,519223415
4.2042,gpu,16,0,0
4.4100,disk0,904925287145472,2035690921,12645656973448287
4.4100,disk0w,1979512201216,18849003,1162898918176
4.4100,disk5,35933148854272,72330546,593846059003531
4.4100,disk5w,225980416,35966,1254168700
4.4100,disk4,38919750153216,39015639,407876551153216
4.4100,disk4w,1447560398848,1495270,591099736239
4.4100,disk8,59277043230720,96273376,948933732764204
4.4100,disk8w,4128768,601,984243925
4.4100,ram,50746507264,11523883008,279401
4.4100,cpu,14968452,21722396,519223415
4.4100,gpu,75,0,0
4.6100,disk0,904926212345856,2035692861,12645671473545901
4.6100,disk0w,1979512516608,18849071,1162900021528
4.6100,disk5,35933631068160,72331534,593859270196823
4.6100,disk5w,225980416,35966,1254168700
4.6100,disk4,38920490841088,39016356,407890299145216
4.6100,disk4w,1447560398848,1495270,591099736239
4.6100,disk8,59278440089600,96275856,948979324792875
4.6100,disk8w,4128768,601,984243925
4.6100,ram,50746507264,11523883008,279401
4.6100,cpu,14968452,21722396,519223415
4.6100,gpu,7,1,0
4.8100,disk0,904927428202496,2035695779,12645691334095666
4.8100,disk0w,1979512516608,18849071,1162900021528
4.8100,disk5,35934376941568,72333059,593881433211141
4.8100,disk5w,225980416,35966,1254168700
4.8100,disk4,38921479779328,39017317,407907165519975
4.8100,disk4w,1447560398848,1495270,591099736239
4.8100,disk8,59279623604224,96277620,949013497603646
4.8100,disk8w,4128768,601,984243925
4.8100,ram,50746507264,11523883008,279401
4.8100,cpu,14968452,21722396,519223415
4.8100,gpu,0,0,0
5.0060,disk0,904928323112960,2035697607,12645705282639803
5.0060,disk0w,1979512516608,18849071,1162900021528
5.0060,disk5,35934996281344,72334336,593900122201921
5.0060,disk5w,225980416,35966,1254168700
5.0060,disk4,38922434360320,39018245,407926459919374
5.0060,disk4w,1447560398848,1495270,591099736239
5.0060,disk8,59280646305792,96279654,949034875166448
5.0060,disk8w,4128768,601,984243925
5.0060,ram,50746507264,11523883008,279401
5.0060,cpu,14968452,21722396,519223415
5.0060,gpu,0,0,0
5.2100,disk0,904929568968704,2035700006,12645724790016497
5.2100,disk0w,1979512516608,18849071,1162900021528
5.2100,disk5,35935906076672,72336191,593930075281840
5.2100,disk5w,225980416,35966,1254168700
5.2100,disk4,38923465765888,39019246,407944639485047
5.2100,disk4w,1447560398848,1495270,591099736239
5.2100,disk8,59281652774912,96281502,949062387508454
5.2100,disk8w,4128768,601,984243925
5.2100,ram,48433545216,12720324608,279401
5.2100,cpu,14968472,21722530,519225118
5.2100,gpu,0,0,0
5.4100,disk0,904930253316096,2035701569,12645734811262173
5.4100,disk0w,1979512524800,18849073,1162900068361
5.4100,disk5,35936733460480,72337903,593959810100597
5.4100,disk5w,225980416,35966,1254168700
5.4100,disk4,38924298810368,39020056,407961148158732
5.4100,disk4w,1447560398848,1495270,591099736239
5.4100,disk8,59282295076864,96282481,949073224477188
5.4100,disk8w,4128768,601,984243925
5.4100,ram,48433545216,12720324608,279401
5.4100,cpu,14968472,21722530,519225118
5.4100,gpu,43,2,0
5.6039,disk0,904931745677312,2035703929,12645758401337813
5.6039,disk0w,1979512524800,18849073,1162900068361
5.6039,disk5,35937453717504,72339377,593980792559433
5.6039,disk5w,225980416,35966,1254168700
5.6039,disk4,38925203010560,39020934,407975651153021
5.6039,disk4w,1447560398848,1495270,591099736239
5.6039,disk8,59283614717952,96284898,949106824188360
5.6039,disk8w,4128768,601,984243925
5.6039,ram,48433545216,12720324608,279401
5.6039,cpu,14968472,21722530,519225118
5.6039,gpu,0,0,0
5.8100,disk0,904933166170112,2035706581,12645782006119640
5.8100,disk0w,1979512524800,18849073,1162900068361
5.8100,disk5,35938260072448,72341034,594005557716185
5.8100,disk5w,225980416,35966,1254168700
5.8100,disk4,38926193914880,39021897,407992424682662
5.8100,disk4w,1447560398848,1495270,591099736239
5.8100,disk8,59284761417728,96286744,949138867058723
5.8100,disk8w,4128768,601,984243925
5.8100,ram,48433545216,12720324608,279401
5.8100,cpu,14968472,21722530,519225118
5.8100,gpu,12,0,0
6.0037,disk0,904933891129344,2035723311,12645800712465352
6.0037,disk0w,1979512524800,18849073,1162900068361
6.0037,disk5,35938778912768,72342097,594023404933412
6.0037,disk5w,225980416,35966,1254168700
6.0037,disk4,38926609036288,39022299,407998213331153
6.0037,disk4w,1447560398848,1495270,591099736239
6.0037,disk8,59285936142336,96288974,949168852392348
6.0037,disk8w,4128768,601,984243925
6.0037,ram,48433545216,12720324608,279401
6.0037,cpu,14968472,21722530,519225118
6.0037,gpu,14,0,0
6.2100,disk0,904935377285120,2035746902,12645835711398200
6.2100,disk0w,1979512524800,18849073,1162900068361
6.2100,disk5,35939494352896,72343558,594044746959340
6.2100,disk5w,225980416,35966,1254168700
6.2100,disk4,38927632790528,39023293,408017082607735
6.2100,disk4w,1447560398848,1495270,591099736239
6.2100,disk8,59286694393856,96290091,949183992395304
6.2100,disk8w,4128768,601,984243925
6.2100,ram,46156513280,13820592128,279401
6.2100,cpu,14968494,21722713,519226756
6.2100,gpu,16,0,0
6.4100,disk0,904936430252032,2035772080,12645865973446790
6.4100,disk0w,1979512524800,18849073,1162900068361
6.4100,disk5,35940207818752,72345029,594068996535765
6.4100,disk5w,225980416,35966,1254168700
6.4100,disk4,38928264492032,39023906,408026640975854
6.4100,disk4w,1447560398848,1495270,591099736239
6.4100,disk8,59287780587520,96291996,949207608359880
6.4100,disk8w,4128768,601,984243925
6.4100,ram,46158102528,13820592128,279401
6.4100,cpu,14968494,21722713,519226765
6.4100,gpu,0,0,0
6.6100,disk0,904938023333888,2035774706,12645891280697221
6.6100,disk0w,1979512524800,18849073,1162900068361
6.6100,disk5,35940866799616,72346384,594087915082467
6.6100,disk5w,225980416,35966,1254168700
6.6100,disk4,38928936809472,39024558,408035248953304
6.6100,disk4w,1447560398848,1495270,591099736239
6.6100,disk8,59289058187264,96294819,949245205217140
6.6100,disk8w,4128768,601,984243925
6.6100,ram,46158102528,13820592128,279401
6.6100,cpu,14968494,21722713,519226765
6.6100,gpu,18,0,0
6.8090,disk0,904938708463616,2035775886,12645902340365082
6.8090,disk0w,1979512524800,18849073,1162900068361
6.8090,disk5,35941459441664,72347600,594108604458635
6.8090,disk5w,225980416,35966,1254168700
6.8090,disk4,38929641567232,39025244,408049082240945
6.8090,disk4w,1447560398848,1495270,591099736239
6.8090,disk8,59290217367552,96297526,949274330956890
6.8090,disk8w,4128768,601,984243925
6.8090,ram,46158102528,13820592128,279401
6.8090,cpu,14968494,21722713,519226765
6.8090,gpu,19,0,0
7.0101,disk0,904940044857344,2035778453,12645923840084275
7.0101,disk0w,1979512524800,18849073,1162900068361
7.0101,disk5,35942260848640,72349246,594133432935358
7.0101,disk5w,225980416,35966,1254168700
7.0101,disk4,38930773750784,39026344,408071580012838
7.0101,disk4w,1447560398848,1495270,591099736239
7.0101,disk8,59291243218944,96298732,949296261436392
7.0101,disk8w,4128768,601,984243925
7.0101,ram,46158102528,13820592128,279401
7.0101,cpu,14968494,21722713,519226765
7.0101,gpu,17,0,0
7.2100,disk0,904940957327360,2035780098,12645936277987015
7.2100,disk0w,1979512524800,18849073,1162900068361
7.2100,disk5,35942992410624,72350740,594155068956141
7.2100,disk5w,225980416,35966,1254168700
7.2100,disk4,38931515765760,39027064,408083084446562
7.2100,disk4w,1447560398848,1495270,591099736239
7.2100,disk8,59292553431040,96301358,949329771954665
7.2100,disk8w,4128768,601,984243925
7.2100,ram,42296426496,16207478784,279401
7.2100,cpu,14968512,21722863,519228371
7.2100,gpu,0,0,0
7.4100,disk0,904942329274368,2035782877,12645958567596728
7.4100,disk0w,1979512524800,18849073,1162900068361
7.4100,disk5,35943618091008,72352028,594172279042431
7.4100,disk5w,225980416,35966,1254168700
7.4100,disk4,38932493382656,39028015,408101053969777
7.4100,disk4w,1447560398848,1495270,591099736239
7.4100,disk8,59293710919680,96303250,949355918733430
7.4100,disk8w,4128768,601,984243925
7.4100,ram,42156244992,16207446016,279401
7.4100,cpu,14968513,21722869,519228441
7.4100,gpu,20,0,0
7.6079,disk0,904943817240576,2035785869,12645982895826809
7.6079,disk0w,1979512524800,18849073,1162900068361
7.6079,disk5,35944264939520,72353356,594191115457528
7.6079,disk5w,225980416,35966,1254168700
7.6079,disk4,38933155607552,39028657,408110821152281
7.6079,disk4w,1447560398848,1495270,591099736239
7.6079,disk8,59294971013120,96306129,949390224302903
7.6079,disk8w,4128768,601,984243925
7.6079,ram,42156244992,16207446016,279401
7.6079,cpu,14968513,21722869,519228441
7.6079,gpu,0,0,0
7.8091,disk0,904945177194496,2035788524,12646006244965799
7.8091,disk0w,1979512524800,18849073,1162900068361
7.8091,disk5,35944863610880,72354587,594208320770295
7.8091,disk5w,225980416,35966,1254168700
7.8091,disk4,38934079976448,39029557,408128264814271
7.8091,disk4w,1447560398848,1495270,591099736239
7.8091,disk8,59296136316928,96308251,949415435363187
7.8091,disk8w,4128768,601,984243925
7.8091,ram,42156244992,16207446016,279401
7.8091,cpu,14968513,21722869,519228441
7.8091,gpu,53,0,0
8.0110,disk0,904946310328320,2035790743,12646023210339278
8.0110,disk0w,1979512532992,18849075,1162900103943
8.0110,disk5,35945743603712,72356394,594236681567988
8.0110,disk5w,225980416,35966,1254168700
8.0110,disk4,38935118410752,39030564,408146687734716
8.0110,disk4w,1447560398848,1495270,591099736239
8.0110,disk8,59297444096000,96310192,949454073427315
8.0110,disk8w,4128768,601,984243925
8.0110,ram,42156244992,16207446016,279401
8.0110,cpu,14968513,21722869,519228441
8.0110,gpu,0,0,0
8.2101,disk0,904947362082816,2035792918,12646039118860182
8.2101,disk0w,1979512532992,18849075,1162900103943
8.2101,disk5,35946366908416,72357672,594254766609287
8.2101,disk5w,225980416,35966,1254168700
8.2101,disk4,38935915099136,39031337,408157929728976
8.2101,disk4w,1447560398848,1495270,591099736239
8.2101,disk8,59298423658496,96311322,949476755335382
8.2101,disk8w,4128768,601,984243925
8.2101,ram,39823114240,17766662144,279401
8.2101,cpu,14968527,21722999,519230010
8.2101,gpu,9,0,0
8.4101,disk0,904948840394752,2035795933,12646062696524655
8.4101,disk0w,1979512532992,18849075,1162900103943
8.4101,disk5,35947093735424,72359155,594275891016465
8.4101,disk5w,225980416,35966,1254168700
8.4101,disk4,38936897745920,39032290,408174716678302
8.4101,disk4w,1447560398848,1495270,591099736239
8.4101,disk8,59299394279424,96312395,949495321236397
8.4101,disk8w,4128768,601,984243925
8.4101,ram,39822589952,17467457536,279401
8.4101,cpu,14968528,21722999,519230014
8.4101,gpu,0,0,0
8.6092,disk0,904950061166592,2035798490,12646081991876034
8.6092,disk0w,1979512532992,18849075,1162900103943
8.6092,disk5,35947662014464,72360324,594292550301625
8.6092,disk5w,225980416,35966,1254168700
8.6092,disk4,38937527628800,39032902,408183683401637
8.6092,disk4w,1447560398848,1495270,591099736239
8.6092,disk8,59300389230592,96313495,949518750674818
8.6092,disk8w,4128768,601,984243925
8.6092,ram,39822589952,17467457536,279401
8.6092,cpu,14968528,21722999,519230014
8.6092,gpu,17,0,0
8.8022,disk0,904951327764480,2035800629,12646101837113747
8.8022,disk0w,1979512532992,18849075,1162900103943
8.8022,disk5,35948051445760,72361124,594301538420243
8.8022,disk5w,225980416,35966,1254168700
8.8022,disk4,38938213790720,39033572,408193256578330
8.8022,disk4w,1447560398848,1495270,591099736239
8.8022,disk8,59301374375936,96314619,949540246276993
8.8022,disk8w,4128768,601,984243925
8.8022,ram,39822589952,17467457536,279401
8.8022,cpu,14968528,21722999,519230014
8.8022,gpu,0,0,0
9.0101,disk0,904952766656512,2035803244,12646124863130771
9.0101,disk0w,1979512582144,18849079,1162900171859
9.0101,disk5,35948788430848,72362635,594323330185377
9.0101,disk5w,225980416,35966,1254168700
9.0101,disk4,38939056059392,39034389,408205417771880
9.0101,disk4w,1447560398848,1495270,591099736239
9.0101,disk8,59302577846272,96315891,949567072620612
9.0101,disk8w,4128768,601,984243925
9.0101,ram,39822589952,17467457536,279401
9.0101,cpu,14968528,21722999,519230014
9.0101,gpu,13,0,0
9.2101,disk0,904954030059520,2035805380,12646144207190034
9.2101,disk0w,1979512582144,18849079,1162900171859
9.2101,disk5,35949472774144,72364038,594343894861031
9.2101,disk5w,225980416,35966,1254168700
9.2101,disk4,38939722855424,39035040,408214201186668
9.2101,disk4w,1447560398848,1495270,591099736239
9.2101,disk8,59303327864832,96316782,949581135501904
9.2101,disk8w,4128768,601,984243925
9.2101,ram,39822589952,17467457536,279401
9.2101,cpu,14968528,21722999,519230014
9.2101,gpu,18,0,0
9.4065,disk0,904955363651584,2035807417,12646164272126628
9.4065,disk0w,1979512582144,18849079,1162900171859
9.4065,disk5,35950262401024,72365658,594367931163583
9.4065,disk5w,225980416,35966,1254168700
9.4065,disk4,38940740596736,39036026,408231638686007
9.4065,disk4w,1447560398848,1495270,591099736239
9.4065,disk8,59304292964352,96317890,949599769709213
9.4065,disk8w,4128768,601,984243925
9.4065,ram,38752092160,18538151936,279401
9.4065,cpu,14968549,21723131,519231719
9.4065,gpu,12,1,0
9.6007,disk0,904956465278976,2035808856,12646179865782612
9.6007,disk0w,1979512582144,18849079,1162900171859
9.6007,disk5,35950933391360,72367036,594389510104994
9.6007,disk5w,225980416,35966,1254168700
9.6007,disk4,38941536515072,39036799,408246225416916
9.6007,disk4w,1447560398848,1495270,591099736239
9.6007,disk8,59305035134976,96318778,949612756122754
9.6007,disk8w,4128768,601,984243925
9.6007,ram,38752092160,18538151936,279401
9.6007,cpu,14968549,21723131,519231719
9.6007,gpu,20,0,0
9.8057,disk0,904957679890432,2035810598,12646196689467683
9.8057,disk0w,1979512582144,18849079,1162900171859
9.8057,disk5,35951736371200,72368686,594414477266934
9.8057,disk5w,225980416,35966,1254168700
9.8057,disk4,38942583059456,39037814,408266458439611
9.8057,disk4w,1447560398848,1495270,591099736239
9.8057,disk8,59305853564928,96319791,949628144694077
9.8057,disk8w,4128768,601,984243925
9.8057,ram,38752092160,18538151936,279401
9.8057,cpu,14968549,21723131,519231719
9.8057,gpu,17,0,0
10.0101,disk0,904958522159104,2035811644,12646207589298674
10.0101,disk0w,1979512582144,18849079,1162900171859
10.0101,disk5,35952350353408,72369939,594433611895357
10.0101,disk5w,225980416,35966,1254168700
10.0101,disk4,38943565706240,39038771,408287841944709
10.0101,disk4w,1447560398848,1495270,591099736239
10.0101,disk8,59306630948864,96320667,949642409639911
10.0101,disk8w,4128768,601,984243925
10.0101,ram,38752092160,18538151936,279401
10.0101,cpu,14968549,21723131,519231719
10.0101,gpu,0,0,0
10.2101,disk0,904959741882368,2035813100,12646223383266394
10.2101,disk0w,1979512582144,18849079,1162900171859
10.2101,disk5,35953105057792,72371489,594457253105055
10.2101,disk5w,225980416,35966,1254168700
10.2101,disk4,38944541570048,39039719,408305700989689
10.2101,disk4w,1447560398848,1495270,591099736239
10.2101,disk8,59307467433984,96321544,949655806184984
10.2101,disk8w,4128768,601,984243925
10.2101,ram,38752092160,18538151936,279401
10.2101,cpu,14968549,21723131,519231719
10.2101,gpu,19,0,0
10.4120,disk0,904961127821312,2035814792,12646244338915828
10.4120,disk0w,1979512582144,18849079,1162900171859
10.4120,disk5,35953609488384,72372521,594470519965630
10.4120,disk5w,225980416,35966,1254168700
10.4120,disk4,38945282470912,39040441,408317155313384
10.4120,disk4w,1447560398848,1495270,591099736239
10.4120,disk8,59308409587712,96322796,949677077285101
10.4120,disk8w,4128768,601,984243925
10.4120,ram,36399054848,20916518912,279401
10.4120,cpu,14968566,21723274,519233563
10.4120,gpu,20,7,0
10.6040,disk0,904962593136640,2035816646,12646265876404010
10.6040,disk0w,1979512582144,18849079,1162900171859
10.6040,disk5,35954245629952,72373828,594488281703645
10.6040,disk5w,225980416,35966,1254168700
10.6040,disk4,38946057417728,39041195,408328266942504
10.6040,disk4w,1447560398848,1495270,591099736239
10.6040,disk8,59309359818752,96323933,949695009539417
10.6040,disk8w,4128768,601,984243925
10.6040,ram,36399054848,20916518912,279401
10.6040,cpu,14968566,21723274,519233563
10.6040,gpu,55,0,0
10.8101,disk0,904964200996864,2035819061,12646291380110356
10.8101,disk0w,1979512582144,18849079,1162900171859
10.8101,disk5,35954838337536,72375038,594502987712361
10.8101,disk5w,225980416,35966,1254168700
10.8101,disk4,38946942678016,39042055,408342455555554
10.8101,disk4w,1447560398848,1495270,591099736239
10.8101,disk8,59310143498240,96324824,949707359972998
10.8101,disk8w,4128768,601,984243925
10.8101,ram,36399054848,20916518912,279401
10.8101,cpu,14968566,21723274,519233563
10.8101,gpu,19,0,0
11.0104,disk0,904965558624256,2035821350,12646314443363653
11.0104,disk0w,1979512582144,18849079,1162900171859
11.0104,disk5,35955263371264,72375917,594514182432568
11.0104,disk5w,225980416,35966,1254168700
11.0104,disk4,38947654218752,39042748,408355306826362
11.0104,disk4w,1447560398848,1495270,591099736239
11.0104,disk8,59310618970112,96325434,949713586393335
11.0104,disk8w,4128768,601,984243925
11.0104,ram,36399054848,20916518912,279401
11.0104,cpu,14968566,21723274,519233563
11.0104,gpu,100,0,0
11.2054,disk0,904967038951424,2035824017,12646338430221209
11.2054,disk0w,1979513077760,18849147,1162901729629
11.2054,disk5,35955937826816,72377295,594533512367273
11.2054,disk5w,225980416,35966,1254168700
11.2054,disk4,38948794790912,39043854,408379140060864
11.2054,disk4w,1447560398848,1495270,591099736239
11.2054,disk8,59311331215360,96326235,949723732898880
11.2054,disk8w,4128768,601,984243925
11.2054,ram,36399054848,20916518912,279401
11.2054,cpu,14968566,21723274,519233563
11.2054,gpu,14,0,0
11.4101,disk0,904968331091968,2035826151,12646359509578949
11.4101,disk0w,1979513077760,18849147,1162901729629
11.4101,disk5,35956456585216,72378361,594548096939644
11.4101,disk5w,225980416,35966,1254168700
11.4101,disk4,38949654606848,39044691,408396334348584
11.4101,disk4w,1447560398848,1495270,591099736239
11.4101,disk8,59311890823168,96326920,949731990555310
11.4101,disk8w,4128768,601,984243925
11.4101,ram,35755311104,21569912832,279401
11.4101,cpu,14968591,21723422,519235237
11.4101,gpu,64,0,0
11.6101,disk0,904969787514880,2035828938,12646382958555731
11.6101,disk0w,1979513077760,18849147,1162901729629
11.6101,disk5,35957351495680,72380196,594577073895907
11.6101,disk5w,225980416,35966,1254168700
11.6101,disk4,38950672348160,39045678,408414625207641
11.6101,disk4w,1447560398848,1495270,591099736239
11.6101,disk8,59312838375424,96327998,949751749111389
11.6101,disk8w,4128768,601,984243925
11.6101,ram,35755311104,21569912832,279401
11.6101,cpu,14968591,21723422,519235237
11.6101,gpu,0,0,0
11.8101,disk0,904971038744576,2035831434,12646402108080443
11.8101,disk0w,1979513077760,18849147,1162901729629
11.8101,disk5,35957954213888,72381422,594592540193626
11.8101,disk5w,225980416,35966,1254168700
11.8101,disk4,38951437923328,39046421,408426840076768
11.8101,disk4w,1447560398848,1495270,591099736239
11.8101,disk8,59313620670464,96328934,949764466726742
11.8101,disk8w,4128768,601,984243925
11.8101,ram,35755311104,21569912832,279401
11.8101,cpu,14968591,21723422,519235237
11.8101,gpu,50,0,0
12.0101,disk0,904971963375616,2035833101,12646415872097459
12.0101,disk0w,1979513077760,18849147,1162901729629
12.0101,disk5,35958632445952,72382824,594614519346085
12.0101,disk5w,225980416,35966,1254168700
12.0101,disk4,38952216507392,39047177,408439825181714
12.0101,disk4w,1447560398848,1495270,591099736239
12.0101,disk8,59314739025920,96330182,949793028136321
12.0101,disk8w,4128768,601,984243925
12.0101,ram,35755311104,21569912832,279401
12.0101,cpu,14968591,21723422,519235237
12.0101,gpu,0,0,0
12.2101,disk0,904972524888064,2035834198,12646423251623893
12.2101,disk0w,1979513077760,18849147,1162901729629
12.2101,disk5,35959176411136,72383943,594631201368747
12.2101,disk5w,225980416,35966,1254168700
12.2101,disk4,38952742925312,39047687,408446643279247
12.2101,disk4w,1447560398848,1495270,591099736239
12.2101,disk8,59315845191680,96331490,949823069602597
12.2101,disk8w,4128768,601,984243925
12.2101,ram,35755311104,21569912832,279401
12.2101,cpu,14968591,21723422,519235237
12.2101,gpu,13,0,0
12.4101,disk0,904974013358080,2035836681,12646446322570269
12.4101,disk0w,1979513077760,18849147,1162901729629
12.4101,disk5,35959908751360,72385438,594652528141512
12.4101,disk5w,225980416,35966,1254168700
12.4101,disk4,38953780638720,39048695,408466081501282
12.4101,disk4w,1447560398848,1495270,591099736239
12.4101,disk8,59316532344832,96332218,949831998059604
12.4101,disk8w,4128768,601,984243925
12.4101,ram,34040709120,23265345536,279401
12.4101,cpu,14968606,21723542,519236831
12.4101,gpu,18,1,0
12.6101,disk0,904974967283712,2035838233,12646460393988981
12.6101,disk0w,1979513077760,18849147,1162901729629
12.6101,disk5,35960395356160,72386436,594665751388175
12.6101,disk5w,225980416,35966,1254168700
12.6101,disk4,38954551899136,39049444,408480679328618
12.6101,disk4w,1447560398848,1495270,591099736239
12.6101,disk8,59317198018560,96333077,949844703418023
12.6101,disk8w,4128768,601,984243925
12.6101,ram,34040709120,23265345536,279401
12.6101,cpu,14968606,21723542,519236831
12.6101,gpu,61,0,0
12.8075,disk0,904976137248768,2035840320,12646478942816098
12.8075,disk0w,1979513077760,18849147,1162901729629
12.8075,disk5,35960866191360,72387405,594678141408970
12.8075,disk5w,225980416,35966,1254168700
12.8075,disk4,38955487638528,39050352,408499553213855
12.8075,disk4w,1447560398848,1495270,591099736239
12.8075,disk8,59318149781504,96334329,949869070770774
12.8075,disk8w,4128768,601,984243925
12.8075,ram,34040709120,23265345536,279401
12.8075,cpu,14968606,21723542,519236831
12.8075,gpu,58,0,0
13.0101,disk0,904977122729984,2035841860,12646493592823683
13.0101,disk0w,1979513077760,18849147,1162901729629
13.0101,disk5,35961509246976,72388722,594699011992888
13.0101,disk5w,225980416,35966,1254168700
13.0101,disk4,38956094452736,39050942,408508075644403
13.0101,disk4w,1447560398848,1495270,591099736239
13.0101,disk8,59319018604544,96335417,949888757680295
13.0101,disk8w,4128768,601,984243925
13.0101,ram,34040709120,23265345536,279401
13.0101,cpu,14968606,21723542,519236831
13.0101,gpu,79,0,0
13.2101,disk0,904978561605632,2035844074,12646515434222816
13.2101,disk0w,1979513077760,18849147,1162901729629
13.2101,disk5,35962158053376,72390051,594716675860915
13.2101,disk5w,225980416,35966,1254168700
13.2101,disk4,38956971815936,39051792,408520981658824
13.2101,disk4w,1447560398848,1495270,591099736239
13.2101,disk8,59320201398272,96336971,949917262691578
13.2101,disk8w,4128768,601,984243925
13.2101,ram,34040709120,23265345536,279401
13.2101,cpu,14968606,21723542,519236831
13.2101,gpu,0,0,0
13.4014,disk0,904979333685248,2035845185,12646525356403025
13.4014,disk0w,1979513077760,18849147,1162901729629
13.4014,disk5,35962635843584,72391039,594731878061211
13.4014,disk5w,225980416,35966,1254168700
13.4014,disk4,38957606663168,39052408,408533858640334
13.4014,disk4w,1447560398848,1495270,591099736239
13.4014,disk8,59320940619776,96338025,949934883386805
13.4014,disk8w,4128768,601,984243925
13.4014,ram,31686606848,25628147712,279401
13.4014,cpu,14968623,21723671,519238525
13.4014,gpu,17,1,0
13.6082,disk0,904980859527168,2035847684,12646548829802389
13.6082,disk0w,1979513077760,18849147,1162901729629
13.6082,disk5,35963308406784,72392417,594750448178048
13.6082,disk5w,225980416,35966,1254168700
13.6082,disk4,38958542959616,39053319,408549195257948
13.6082,disk4w,1447560398848,1495270,591099736239
13.6082,disk8,59322070951936,96339502,949963353167367
13.6082,disk8w,4128768,601,984243925
13.6082,ram,31686950912,25643565056,279401
13.6082,cpu,14968624,21723671,519238542
13.6082,gpu,10,0,0
13.8101,disk0,904982176342016,2035849543,12646568493903896
13.8101,disk0w,1979513077760,18849147,1162901729629
13.8101,disk5,35963914172416,72393660,594767741963964
13.8101,disk5w,225980416,35966,1254168700
13.8101,disk4,38959375791104,39054132,408563599417828
13.8101,disk4w,1447560398848,1495270,591099736239
13.8101,disk8,59322739509248,96340495,949977239869835
13.8101,disk8w,4128768,601,984243925
13.8101,ram,31686950912,25643565056,279401
13.8101,cpu,14968624,21723671,519238542
13.8101,gpu,11,0,0
14.0101,disk0,904983755595776,2035852131,12646594053834617
14.0101,disk0w,1979513077760,18849147,1162901729629
14.0101,disk5,35964545873920,72394957,594784893981561
14.0101,disk5w,225980416,35966,1254168700
14.0101,disk4,38960323343360,39055053,408579322767943
14.0101,disk4w,1447560398848,1495270,591099736239
14.0101,disk8,59323739703296,96342160,950004380248780
14.0101,disk8w,4128768,601,984243925
14.0101,ram,31686950912,25643565056,279401
14.0101,cpu,14968624,21723671,519238542
14.0101,gpu,0,0,0
14.2101,disk0,904985072820224,2035854031,12646613546242255
14.2101,disk0w,1979513077760,18849147,1162901729629
14.2101,disk5,35965089839104,72396075,594798177050573
14.2101,disk5w,225980416,35966,1254168700
14.2101,disk4,38961158829056,39055864,408595304169760
14.2101,disk4w,1447560398848,1495270,591099736239
14.2101,disk8,59324274534400,96342956,950011936475445
14.2101,disk8w,4128768,601,984243925
14.2101,ram,31686950912,25643565056,279401
14.2101,cpu,14968624,21723671,519238542
14.2101,gpu,0,0,0
14.4009,disk0,904986679975936,2035856772,12646642006058541
14.4009,disk0w,1979513077760,18849147,1162901729629
14.4009,disk5,35965390764032,72396695,594804069141722
14.4009,disk5w,225980416,35966,1254168700
14.4009,disk4,38961873794048,39056557,408608322104099
14.4009,disk4w,1447560398848,1495270,591099736239
14.4009,disk8,59324648183808,96343434,950016426317742
14.4009,disk8w,4128768,601,984243925
14.4009,ram,31686950912,25643565056,279401
14.4009,cpu,14968624,21723671,519238542
14.4009,gpu,70,1,0
14.6101,disk0,904988374994944,2035860195,12646669670105696
14.6101,disk0w,1979513077760,18849147,1162901729629
14.6101,disk5,35965973755904,72397886,594816079144155
14.6101,disk5w,225980416,35966,1254168700
14.6101,disk4,38963116569600,39057764,408632068684687
14.6101,disk4w,1447560398848,1495270,591099736239
14.6101,disk8,59325647411200,96344773,950035164638886
14.6101,disk8w,4128768,601,984243925
14.6101,ram,29778509824,27565228032,279401
14.6101,cpu,14968640,21723810,519240251
14.6101,gpu,10,0,0
14.8082,disk0,904989949779968,2035863780,12646697883642270
14.8082,disk0w,1979513077760,18849147,1162901729629
14.8082,disk5,35966440978432,72398849,594828243115588
14.8082,disk5w,225980416,35966,1254168700
14.8082,disk4,38963867890688,39058494,408643999705778
14.8082,disk4w,1447560398848,1495270,591099736239
14.8082,disk8,59326441404416,96345950,950052783212287
14.8082,disk8w,4128768,601,984243925
14.8082,ram,29778509824,27565228032,279401
14.8082,cpu,14968640,21723810,519240251
14.8082,gpu,17,0,0
15.0065,disk0,904991722053632,2035868018,12646728502433028
15.0065,disk0w,1979513077760,18849147,1162901729629
15.0065,disk5,35967002490880,72400003,594841707571047
15.0065,disk5w,225980416,35966,1254168700
15.0065,disk4,38964780348416,39059382,408658898774516
15.0065,disk4w,1447560398848,1495270,591099736239
15.0065,disk8,59327476692992,96347561,950078504561662
15.0065,disk8w,4128768,601,984243925
15.0065,ram,29778509824,27565228032,279401
15.0065,cpu,14968640,21723810,519240251
15.0065,gpu,14,0,0
15.2113,disk0,904992922640384,2035871156,12646748241536562
15.2113,disk0w,1979513077760,18849147,1162901729629
15.2113,disk5,35967695222784,72401422,594862184307594
15.2113,disk5w,225980416,35966,1254168700
15.2113,disk4,38965366748160,39059953,408665749047234
15.2113,disk4w,1447560398848,1495270,591099736239
15.2113,disk8,59328429234176,96348878,950100620138390
15.2113,disk8w,4128768,601,984243925
15.2113,ram,29778509824,27565228032,279401
15.2113,cpu,14968640,21723810,519240251
15.2113,gpu,17,0,0
15.4028,disk0,904994020745216,2035874073,12646766277276495
15.4028,disk0w,1979513077760,18849147,1162901729629
15.4028,disk5,35968283441152,72402631,594880327628369
15.4028,disk5w,225980416,35966,1254168700
15.4028,disk4,38966113940480,39060682,408677252852455
15.4028,disk4w,1447560398848,1495270,591099736239
15.4028,disk8,59329450768384,96350298,950126180385722
15.4028,disk8w,4128768,601,984243925
15.4028,ram,29778509824,27565228032,279401
15.4028,cpu,14968640,21723810,519240251
15.4028,gpu,16,1,0
15.6110,disk0,904994824409088,2035876104,12646778167042773
15.6110,disk0w,1979513077760,18849147,1162901729629
15.6110,disk5,35968884766720,72403862,594898604067708
15.6110,disk5w,225980416,35966,1254168700
15.6110,disk4,38967156569088,39061693,408700996383152
15.6110,disk4w,1447560398848,1495270,591099736239
15.6110,disk8,59330107357184,96351049,950137755681420
15.6110,disk8w,4128768,601,984243925
15.6110,ram,28053602304,29281255424,279401
15.6110,cpu,14968657,21723945,519241954
15.6110,gpu,15,0,0
15.8101,disk0,904995828125696,2035878650,12646793574304840
15.8101,disk0w,1979513077760,18849147,1162901729629
15.8101,disk5,35969617033216,72405364,594920047224449
15.8101,disk5w,225980416,35966,1254168700
15.8101,disk4,38968096781312,39062606,408719156755800
15.8101,disk4w,1447560398848,1495270,591099736239
15.8101,disk8,59331105454080,96352198,950158818015718
15.8101,disk8w,4128768,601,984243925
15.8101,ram,28053602304,29281255424,279401
15.8101,cpu,14968657,21723945,519241954
15.8101,gpu,48,0,0
16.0101,disk0,904996845867008,2035880747,12646809665040653
16.0101,disk0w,1979513077760,18849147,1162901729629
16.0101,disk5,35970248734720,72406662,594940162640406
16.0101,disk5w,225980416,35966,1254168700
16.0101,disk4,38968658293760,39063150,408727538710410
16.0101,disk4w,1447560398848,1495270,591099736239
16.0101,disk8,59332054968320,96353705,950185617643851
16.0101,disk8w,4128768,601,984243925
16.0101,ram,28053602304,29281255424,279401
16.0101,cpu,14968657,21723945,519241954
16.0101,gpu,0,0,0
16.2069,disk0,904998232178688,2035883650,12646832068943362
16.2069,disk0w,1979513077760,18849147,1162901729629
16.2069,disk5,35970704963584,72407600,594949730214477
16.2069,disk5w,225980416,35966,1254168700
16.2069,disk4,38969447920640,39063917,408738919828198
16.2069,disk4w,1447560398848,1495270,591099736239
16.2069,disk8,59333253195776,96355438,950217309176061
16.2069,disk8w,4128768,601,984243925
16.2069,ram,28053602304,29281255424,279401
16.2069,cpu,14968657,21723945,519241954
16.2069,gpu,10,0,0
16.4101,disk0,904999337746432,2035885728,12646850087587184
16.4101,disk0w,1979513098240,18849149,1162901781295
16.4101,disk5,35971248928768,72408714,594965473203849
16.4101,disk5w,225980416,35966,1254168700
16.4101,disk4,38970325283840,39064769,408756604944870
16.4101,disk4w,1447560398848,1495270,591099736239
16.4101,disk8,59334016993280,96356629,950235445517410
16.4101,disk8w,4128768,601,984243925
16.4101,ram,28053602304,29281255424,279401
16.4101,cpu,14968657,21723945,519241954
16.4101,gpu,0,0,0
16.6101,disk0,905000285298688,2035887598,12646865136362213
16.6101,disk0w,1979513098240,18849149,1162901781295
16.6101,disk5,35971933272064,72410115,594987847627447
16.6101,disk5w,225980416,35966,1254168700
16.6101,disk4,38971220194304,39065639,408774857956209
16.6101,disk4w,1447560398848,1495270,591099736239
16.6101,disk8,59334767273984,96357750,950252734285709
16.6101,disk8w,4128768,601,984243925
16.6101,ram,26339000320,30995988480,279401
16.6101,cpu,14968683,21724095,519243639
16.6101,gpu,64,0,0
16.8101,disk0,905001601347584,2035890062,12646886373694289
16.8101,disk0w,1979513098240,18849149,1162901781295
16.8101,disk5,35972853282816,72411992,595018092071313
16.8101,disk5w,225980416,35966,1254168700
16.8101,disk4,38972132652032,39066523,408789237467988
16.8101,disk4w,1447560398848,1495270,591099736239
16.8101,disk8,59335785015296,96359114,950275973403415
16.8101,disk8w,4128768,601,984243925
16.8101,ram,26339000320,30995988480,279401
16.8101,cpu,14968683,21724095,519243639
16.8101,gpu,0,0,0
17.0003,disk0,905003028705280,2035892751,12646910022742814
17.0003,disk0w,1979513098240,18849149,1162901781295
17.0003,disk5,35973372147712,72413066,595030981419196
17.0003,disk5w,225980416,35966,1254168700
17.0003,disk4,38972760044544,39067133,408797556747821
17.0003,disk4w,1447560398848,1495270,591099736239
17.0003,disk8,59336673675264,96360396,950295582260204
17.0003,disk8w,4128768,601,984243925
17.0003,ram,26339000320,30995988480,279401
17.0003,cpu,14968683,21724095,519243639
17.0003,gpu,0,0,0
17.2012,disk0,905004123189248,2035894751,12646927566272553
17.2012,disk0w,1979513098240,18849149,1162901781295
17.2012,disk5,35973832570880,72414010,595043357609681
17.2012,disk5w,225980416,35966,1254168700
17.2012,disk4,38973386896384,39067742,408806736683700
17.2012,disk4w,1447560398848,1495270,591099736239
17.2012,disk8,59337484236800,96361567,950315353922897
17.2012,disk8w,4128768,601,984243925
17.2012,ram,26339000320,30995988480,279401
17.2012,cpu,14968683,21724095,519243639
17.2012,gpu,80,0,0
17.4069,disk0,905005935521792,2035897872,12646958614015328
17.4069,disk0w,1979513098240,18849149,1162901781295
17.4069,disk5,35974512719872,72415406,595062685604585
17.4069,disk5w,225980416,35966,1254168700
17.4069,disk4,38974413796352,39068738,408824973245316
17.4069,disk4w,1447560398848,1495270,591099736239
17.4069,disk8,59338335926272,96362825,950334783968553
17.4069,disk8w,4128768,601,984243925
17.4069,ram,26339000320,30995988480,279401
17.4069,cpu,14968683,21724095,519243639
17.4069,gpu,46,1,0
17.6002,disk0,905007350837248,2035900624,12646983063505209
17.6002,disk0w,1979513098240,18849149,1162901781295
17.6002,disk5,35974992787456,72416387,595075654287234
17.6002,disk5w,225980416,35966,1254168700
17.6002,disk4,38975228310528,39069530,408840398921067
17.6002,disk4w,1447560398848,1495270,591099736239
17.6002,disk8,59338913552384,96363585,950344222612091
17.6002,disk8w,4128768,601,984243925
17.6002,ram,23980326912,33353695232,279401
17.6002,cpu,14968699,21724236,519245339
17.6002,gpu,19,0,0
17.8101,disk0,905008755347456,2035903289,12647005897151493
17.8101,disk0w,1979513098240,18849149,1162901781295
17.8101,disk5,35975633180672,72417695,595093353497830
17.8101,disk5w,225980416,35966,1254168700
17.8101,disk4,38976113292288,39070390,408857055698821
17.8101,disk4w,1447560398848,1495270,591099736239
17.8101,disk8,59339503613952,96364466,950354781871086
17.8101,disk8w,4128768,601,984243925
17.8101,ram,23980326912,33353695232,279401
17.8101,cpu,14968699,21724236,519245339
17.8101,gpu,64,0,0
18.0095,disk0,905010667237376,2035907198,12647039337665340
18.0095,disk0w,1979513098240,18849149,1162901781295
18.0095,disk5,35976442918912,72419359,595118273724781
18.0095,disk5w,225980416,35966,1254168700
18.0095,disk4,38976958149632,39071213,408869642790541
18.0095,disk4w,1447560398848,1495270,591099736239
18.0095,disk8,59340553304064,96365730,950376623880291
18.0095,disk8w,4128768,601,984243925
18.0095,ram,23980326912,33353695232,279401
18.0095,cpu,14968699,21724236,519245339
18.0095,gpu,0,0,0
18.2068,disk0,905011863621632,2035909973,12647058367732288
18.2068,disk0w,1979513098240,18849149,1162901781295
18.2068,disk5,35976883992576,72420264,595127038496113
18.2068,disk5w,225980416,35966,1254168700
18.2068,disk4,38977537553408,39071775,408877190290899
18.2068,disk4w,1447560398848,1495270,591099736239
18.2068,disk8,59341428578304,96366900,950396257634683
18.2068,disk8w,4128768,601,984243925
18.2068,ram,23980326912,33353695232,279401
18.2068,cpu,14968699,21724236,519245339
18.2068,gpu,11,0,0
18.4052,disk0,905012799647744,2035912302,12647074254268024
18.4052,disk0w,1979513098240,18849149,1162901781295
18.4052,disk5,35977174185984,72420859,595132167504776
18.4052,disk5w,225980416,35966,1254168700
18.4052,disk4,38978136470528,39072357,408886694718200
18.4052,disk4w,1447560398848,1495270,591099736239
18.4052,disk8,59342266451968,96368010,950416728866023
18.4052,disk8w,4128768,601,984243925
18.4052,ram,23980326912,33353695232,279401
18.4052,cpu,14968699,21724236,519245339
18.4052,gpu,100,0,0
18.6101,disk0,905014235377664,2035916241,12647100330708246
18.6101,disk0w,1979513098240,18849149,1162901781295
18.6101,disk5,35977829152768,72422203,595152212656714
18.6101,disk5w,225980416,35966,1254168700
18.6101,disk4,38979046274048,39073239,408903240371077
18.6101,disk4w,1447560398848,1495270,591099736239
18.6101,disk8,59343434221568,96369476,950448386433481
18.6101,disk8w,4128768,601,984243925
18.6101,ram,22702129152,34627338240,279401
18.6101,cpu,14968714,21724369,519247041
18.6101,gpu,15,0,0
18.8093,disk0,905015323308032,2035918874,12647118671008236
18.8093,disk0w,1979513098240,18849149,1162901781295
18.8093,disk5,35978373117952,72423321,595168305585165
18.8093,disk5w,225980416,35966,1254168700
18.8093,disk4,38979800806400,39073970,408916150371471
18.8093,disk4w,1447560398848,1495270,591099736239
18.8093,disk8,59344337627136,96370706,950469630252649
18.8093,disk8w,4128768,601,984243925
18.8093,ram,21632745472,35679731712,279401
18.8093,cpu,14968714,21724369,519247049
18.8093,gpu,0,0,0
19.0101,disk0,905016253313024,2035920816,12647133429260079
19.0101,disk0w,1979513098240,18849149,1162901781295
19.0101,disk5,35979057461248,72424727,595190889211203
19.0101,disk5w,225980416,35966,1254168700
19.0101,disk4,38980450055168,39074602,408925732431422
19.0101,disk4w,1447560398848,1495270,591099736239
19.0101,disk8,59345188718592,96371752,950489306906470
19.0101,disk8w,4128768,601,984243925
19.0101,ram,21632745472,35679731712,279401
19.0101,cpu,14968714,21724369,519247049
19.0101,gpu,11,1,0
19.2039,disk0,905017235959808,2035922765,12647149094419569
19.2039,disk0w,1979513098240,18849149,1162901781295
19.2039,disk5,35979741804544,72426129,595213509834406
19.2039,disk5w,225980416,35966,1254168700
19.2039,disk4,38981081756672,39075217,408936759437218
19.2039,disk4w,1447560398848,1495270,591099736239
19.2039,disk8,59345955129344,96372798,950507569789374
19.2039,disk8w,4128768,601,984243925
19.2039,ram,21632745472,35679731712,279401
19.2039,cpu,14968714,21724369,519247049
19.2039,gpu,58,0,0
19.4101,disk0,905018660192256,2035925469,12647172289923363
19.4101,disk0w,1979513098240,18849149,1162901781295
19.4101,disk5,35980173211648,72427007,595221616286869
19.4101,disk5w,225980416,35966,1254168700
19.4101,disk4,38982024901632,39076132,408953510539990
19.4101,disk4w,1447560398848,1495270,591099736239
19.4101,disk8,59346913355776,96373945,950526953039946
19.4101,disk8w,4128768,601,984243925
19.4101,ram,21632745472,35679731712,279401
19.4101,cpu,14968714,21724369,519247049
19.4101,gpu,9,1,0
19.6101,disk0,905019850506240,2035927876,12647192187458167
19.6101,disk0w,1979513098240,18849149,1162901781295
19.6101,disk5,35980829734912,72428363,595242723142420
19.6101,disk5w,225980416,35966,1254168700
19.6101,disk4,38982959313920,39077039,408971708075028
19.6101,disk4w,1447560398848,1495270,591099736239
19.6101,disk8,59347662641152,96374937,950543327832611
19.6101,disk8w,4128768,601,984243925
19.6101,ram,21632745472,35679731712,279401
19.6101,cpu,14968714,21724369,519247049
19.6101,gpu,0,0,0
19.8101,disk0,905021026172928,2035929783,12647211306210110
19.8101,disk0w,1979513098240,18849149,1162901781295
19.8101,disk5,35981285963776,72429266,595254000740947
19.8101,disk5w,225980416,35966,1254168700
19.8101,disk4,38983643657216,39077704,408982882347891
19.8101,disk4w,1447560398848,1495270,591099736239
19.8101,disk8,59348610037760,96376299,950568394681831
19.8101,disk8w,4128768,601,984243925
19.8101,ram,19269812224,38056935424,279401
19.8101,cpu,14968728,21724506,519248757
19.8101,gpu,0,0,0
20.0068,disk0,905022240305152,2035931944,12647229845551837
20.0068,disk0w,1979513098240,18849149,1162901781295
20.0068,disk5,35981637744640,72429946,595259223370131
20.0068,disk5w,225980416,35966,1254168700
20.0068,disk4,38984417997824,39078457,408997463518213
20.0068,disk4w,1447560398848,1495270,591099736239
20.0068,disk8,59349387646976,96377532,950586751618852
20.0068,disk8w,4128768,601,984243925
20.0068,ram,19269812224,38056935424,279401
20.0068,cpu,14968728,21724506,519248757
20.0068,gpu,100,0,0
20.2101,disk0,905023810342912,2035934870,12647256172141832
20.2101,disk0w,1979513106432,18849151,1162901833586
20.2101,disk5,35982226552832,72431089,595273233434462
20.2101,disk5w,225980416,35966,1254168700
20.2101,disk4,38985456546816,39079465,409017040406406
20.2101,disk4w,1447560398848,1495270,591099736239
20.2101,disk8,59350256752640,96378560,950603197440477
20.2101,disk8w,4128768,601,984243925
20.2101,ram,19269812224,38056935424,279401
20.2101,cpu,14968728,21724506,519248757
20.2101,gpu,57,0,0
20.4101,disk0,905025220251648,2035937875,12647281492172577
20.4101,disk0w,1979513106432,18849151,1162901833586
20.4101,disk5,35982689744896,72431988,595284324502132
20.4101,disk5w,225980416,35966,1254168700
20.4101,disk4,38986283922432,39080268,409030907528619
20.4101,disk4w,1447560398848,1495270,591099736239
20.4101,disk8,59351084513280,96379623,950620565738291
20.4101,disk8w,4128768,601,984243925
20.4101,ram,19269812224,38056935424,279401
20.4101,cpu,14968728,21724506,519248757
20.4101,gpu,0,0,0
20.6053,disk0,905026746597376,2035941507,12647309859723856
20.6053,disk0w,1979513106432,18849151,1162901833586
20.6053,disk5,35983216162816,72433010,595298921623632
20.6053,disk5w,225980416,35966,1254168700
20.6053,disk4,38986960090112,39080926,409041362825903
20.6053,disk4w,1447560398848,1495270,591099736239
20.6053,disk8,59351707117568,96380395,950630831998896
20.6053,disk8w,4128768,601,984243925
20.6053,ram,19269812224,38056935424,279401
20.6053,cpu,14968728,21724506,519248757
20.6053,gpu,55,0,0
20.8101,disk0,905028205264896,2035944374,12647333363216502
20.8101,disk0w,1979513106432,18849151,1162901833586
20.8101,disk5,35983857301504,72434255,595314782384969
20.8101,disk5w,225980416,35966,1254168700
20.8101,disk4,38987921028096,39081856,409057936297843
20.8101,disk4w,1447560398848,1495270,591099736239
20.8101,disk8,59352636401664,96382109,950654185028903
20.8101,disk8w,4128768,601,984243925
20.8101,ram,17983455232,39316914176,279401
20.8101,cpu,14968747,21724659,519250445
20.8101,gpu,59,0,0
21.0004,disk0,905029208588288,2035946660,12647350063714946
21.0004,disk0w,1979513106432,18849151,1162901833586
21.0004,disk5,35984358307840,72435227,595328492335437
21.0004,disk5w,225980416,35966,1254168700
21.0004,disk4,38988671611904,39082586,409072343379420
21.0004,disk4w,1447560398848,1495270,591099736239
21.0004,disk8,59353273845760,96383528,950671041850643
21.0004,disk8w,4128768,601,984243925
21.0004,ram,17983455232,39316914176,279401
21.0004,cpu,14968747,21724659,519250445
21.0004,gpu,19,0,0
21.2101,disk0,905030536806400,2035949934,12647372627938564
21.2101,disk0w,1979513106432,18849151,1162901833586
21.2101,disk5,35984830511104,72436143,595339052449014
21.2101,disk5w,225980416,35966,1254168700
21.2101,disk4,38989592179712,39083479,409088935090286
21.2101,disk4w,1447560398848,1495270,591099736239
21.2101,disk8,59354102065152,96385255,950691628780710
21.2101,disk8w,4128768,601,984243925
21.2101,ram,17983455232,39316914176,279401
21.2101,cpu,14968747,21724659,519250445
21.2101,gpu,66,0,0
21.4101,disk0,905031802044416,2035952753,12647392869673383
21.4101,disk0w,1979513106432,18849151,1162901833586
21.4101,disk5,35985310857216,72437075,595348682323116
21.4101,disk5w,225980416,35966,1254168700
21.4101,disk4,38990625436672,39084481,409110037298987
21.4101,disk4w,1447560398848,1495270,591099736239
21.4101,disk8,59354947201024,96387236,950715357581476
21.4101,disk8w,4128768,601,984243925
21.4101,ram,17983455232,39316914176,279401
21.4101,cpu,14968747,21724659,519250445
21.4101,gpu,45,0,0
21.6101,disk0,905032905687040,2035955500,12647412133101218
21.6101,disk0w,1979513106432,18849151,1162901833586
21.6101,disk5,35985778063360,72437982,595360713200783
21.6101,disk5w,225980416,35966,1254168700
21.6101,disk4,38991527015424,39085355,409127114788482
21.6101,disk4w,1447560398848,1495270,591099736239
21.6101,disk8,59355669186560,96388793,950735451476834
21.6101,disk8w,4128768,601,984243925
21.6101,ram,17983455232,39316914176,279401
21.6101,cpu,14968747,21724659,519250445
21.6101,gpu,0,0,0
21.8101,disk0,905033853239296,2035957747,12647427248441420
21.8101,disk0w,1979513106432,18849151,1162901833586
21.8101,disk5,35986269386752,72438935,595372964953136
21.8101,disk5w,225980416,35966,1254168700
21.8101,disk4,38992329552896,39086138,409141895391466
21.8101,disk4w,1447560398848,1495270,591099736239
21.8101,disk8,59356685449216,96390812,950766841554057
21.8101,disk8w,4128768,601,984243925
21.8101,ram,16268853248,41034842112,279401
21.8101,cpu,14968768,21724799,519252138
21.8101,gpu,19,0,0
22.0066,disk0,905035045027840,2035960345,12647446108943528
22.0066,disk0w,1979513106432,18849151,1162901833586
22.0066,disk5,35986897156096,72440154,595390406078338
22.0066,disk5w,225980416,35966,1254168700
22.0066,disk4,38993207473152,39086988,409158017894093
22.0066,disk4w,1447560398848,1495270,591099736239
22.0066,disk8,59357407770624,96392001,950783553926619
22.0066,disk8w,4128768,601,984243925
22.0066,ram,16268853248,41034842112,279401
22.0066,cpu,14968768,21724799,519252138
22.0066,gpu,17,0,0
22.2101,disk0,905036678348800,2035963472,12647475182802152
22.2101,disk0w,1979513106432,18849151,1162901833586
22.2101,disk5,35987620526080,72441558,595411186029943
22.2101,disk5w,225980416,35966,1254168700
22.2101,disk4,38994046628864,39087801,409171465499652
22.2101,disk4w,1447560398848,1495270,591099736239
22.2101,disk8,59358330378240,96393610,950808183187956
22.2101,disk8w,4128768,601,984243925
22.2101,ram,16268853248,41034842112,279401
22.2101,cpu,14968768,21724799,519252138
22.2101,gpu,13,0,0
22.4104,disk0,905037771997184,2035965579,12647492845393743
22.4104,disk0w,1979513106432,18849151,1162901833586
22.4104,disk5,35988052146176,72442395,595420366996166
22.4104,disk5w,225980416,35966,1254168700
22.4104,disk4,38994849297408,39088580,409186052997190
22.4104,disk4w,1447560398848,1495270,591099736239
22.4104,disk8,59359173687296,96395038,950831487542405
22.4104,disk8w,4128768,601,984243925
22.4104,ram,16268853248,41034842112,279401
22.4104,cpu,14968768,21724799,519252138
22.4104,gpu,0,0,0
22.6101,disk0,905039433269248,2035968797,12647521707856378
22.6101,disk0w,1979513106432,18849151,1162901833586
22.6101,disk5,35988603172864,72443463,595432911238425
22.6101,disk5w,225980416,35966,1254168700
22.6101,disk4,38995488060416,39089200,409193325956946
22.6101,disk4w,1447560398848,1495270,591099736239
22.6101,disk8,59360376600576,96397173,950868293363279
22.6101,disk8w,4128768,601,984243925
22.6101,ram,16268853248,41034842112,279401
22.6101,cpu,14968768,21724799,519252138
22.6101,gpu,17,0,0
22.8101,disk0,905040399777792,2035970461,12647536709515074
22.8101,disk0w,1979513106432,18849151,1162901833586
22.8101,disk5,35989003122688,72444238,595441547456422
22.8101,disk5w,225980416,35966,1254168700
22.8101,disk4,38996133180416,39089825,409203643543160
22.8101,disk4w,1447560398848,1495270,591099736239
22.8101,disk8,59361242437632,96398904,950893788699158
22.8101,disk8w,4128768,601,984243925
22.8101,ram,13900267520,43412291584,279401
22.8101,cpu,14968784,21724949,519253895
22.8101,gpu,0,0,0
23.0013,disk0,905041304944640,2035972129,12647552447792236
23.0013,disk0w,1979513106432,18849151,1162901833586
23.0013,disk5,35989572990976,72445347,595460058786845
23.0013,disk5w,225980416,35966,1254168700
23.0013,disk4,38996790752256,39090464,409216300002581
23.0013,disk4w,1447560398848,1495270,591099736239
23.0013,disk8,59361849739264,96400075,950910342785689
23.0013,disk8w,4128768,601,984243925
23.0013,ram,13900267520,43412291584,279401
23.0013,cpu,14968784,21724949,519253895
23.0013,gpu,68,0,0
23.2027,disk0,905043427016704,2035976548,12647590314641827
23.2027,disk0w,1979513106432,18849151,1162901833586
23.2027,disk5,35990259955712,72446680,595477968880579
23.2027,disk5w,225980416,35966,1254168700
23.2027,disk4,38997477192704,39091132,409224405759830
23.2027,disk4w,1447560398848,1495270,591099736239
23.2027,disk8,59362620770304,96401638,950930012119959
23.2027,disk8w,4128768,601,984243925
23.2027,ram,13900267520,43412291584,279401
23.2027,cpu,14968784,21724949,519253895
23.2027,gpu,20,0,0
23.4101,disk0,905044934246400,2035979948,12647616174679585
23.4101,disk0w,1979513106432,18849151,1162901833586
23.4101,disk5,35991030003712,72448170,595499923422533
23.4101,disk5w,225980416,35966,1254168700
23.4101,disk4,38998270407680,39091902,409235637034865
23.4101,disk4w,1447560398848,1495270,591099736239
23.4101,disk8,59363431540736,96403358,950951030958865
23.4101,disk8w,4128768,601,984243925
23.4101,ram,13900267520,43412291584,279401
23.4101,cpu,14968784,21724949,519253895
23.4101,gpu,51,0,0
23.6101,disk0,905046259154944,2035982956,12647638898325946
23.6101,disk0w,1979513106432,18849151,1162901833586
23.6101,disk5,35991621302272,72449321,595516926279193
23.6101,disk5w,225980416,35966,1254168700
23.6101,disk4,38999199462400,39092804,409254649935913
23.6101,disk4w,1447560398848,1495270,591099736239
23.6101,disk8,59363918350336,96404354,950961218670297
23.6101,disk8w,4128768,601,984243925
23.6101,ram,13900267520,43412291584,279401
23.6101,cpu,14968784,21724949,519253895
23.6101,gpu,0,0,0
23.8101,disk0,905047908597760,2035987055,12647667215590089
23.8101,disk0w,1979513106432,18849151,1162901833586
23.8101,disk5,35992182814720,72450416,595530466515955
23.8101,disk5w,225980416,35966,1254168700
23.8101,disk4,39000173179904,39093751,409271418651846
23.8101,disk4w,1447560398848,1495270,591099736239
23.8101,disk8,59364955899904,96405911,950986421247606
23.8101,disk8w,4128768,601,984243925
23.8101,ram,12196233216,45109805056,279401
23.8101,cpu,14968799,21725080,519255534
23.8101,gpu,0,0,0
24.0034,disk0,905048655708160,2035988947,12647680108043949
24.0034,disk0w,1979513106432,18849151,1162901833586
24.0034,disk5,35992539002880,72451113,595540029838641
24.0034,disk5w,225980416,35966,1254168700
24.0034,disk4,39000743080960,39094304,409283363132650
24.0034,disk4w,1447560398848,1495270,591099736239
24.0034,disk8,59365519058944,96406858,951000804109448
24.0034,disk8w,4128768,601,984243925
24.0034,ram,12196528128,45109805056,279401
24.0034,cpu,14968799,21725080,519255544
24.0034,gpu,15,0,0
24.2034,disk0,905050546880512,2035994003,12647713054808081
24.2034,disk0w,1979513106432,18849151,1162901833586
24.2034,disk5,35993483687936,72452982,595567462583057
24.2034,disk5w,225980416,35966,1254168700
24.2034,disk4,39001663927296,39095197,409296066869627
24.2034,disk4w,1447560398848,1495270,591099736239
24.2034,disk8,59366459172864,96408337,951021115064455
24.2034,disk8w,4128768,601,984243925
24.2034,ram,12196528128,45109805056,279401
24.2034,cpu,14968799,21725080,519255544
24.2034,gpu,12,0,0
24.4056,disk0,905051644346368,2035996852,12647731101293134
24.4056,disk0w,1979513106432,18849151,1162901833586
24.4056,disk5,35994033666048,72454072,595583478401979
24.4056,disk5w,225980416,35966,1254168700
24.4056,disk4,39002376025088,39095890,409309556750146
24.4056,disk4w,1447560398848,1495270,591099736239
24.4056,disk8,59367108859904,96409312,951035832525051
24.4056,disk8w,4128768,601,984243925
24.4056,ram,12196528128,45109805056,279401
24.4056,cpu,14968799,21725080,519255544
24.4056,gpu,0,0,0
24.6053,disk0,905052927115264,2036000063,12647752317146351
24.6053,disk0w,1979513106432,18849151,1162901833586
24.6053,disk5,35994709620736,72455421,595601766810811
24.6053,disk5w,225980416,35966,1254168700
24.6053,disk4,39003285959680,39096772,409323810107146
24.6053,disk4w,1447560398848,1495270,591099736239
24.6053,disk8,59368261720064,96410991,951065629897814
24.6053,disk8w,4128768,601,984243925
24.6053,ram,12196528128,45109805056,279401
24.6053,cpu,14968799,21725080,519255544
24.6053,gpu,57,0,0
24.8101,disk0,905053927309312,2036002381,12647768065918301
24.8101,disk0w,1979513106432,18849151,1162901833586
24.8101,disk5,35995043018752,72456081,595607731137050
24.8101,disk5w,225980416,35966,1254168700
24.8101,disk4,39004195484672,39097655,409342320243318
24.8101,disk4w,1447560398848,1495270,591099736239
24.8101,disk8,59369234593792,96412461,951091112470445
24.8101,disk8w,4128768,601,984243925
24.8101,ram,9841967104,47493890048,279401
24.8101,cpu,14968813,21725210,519257176
24.8101,gpu,0,0,0
25.0006,disk0,905054821548032,2036004329,12647781769243572
25.0006,disk0w,1979513106432,18849151,1162901833586
25.0006,disk5,35995700656128,72457386,595627723287287
25.0006,disk5w,225980416,35966,1254168700
25.0006,disk4,39005008114688,39098444,409357991998635
25.0006,disk4w,1447560398848,1495270,591099736239
25.0006,disk8,59370104993792,96414078,951117017370641
25.0006,disk8w,4128768,601,984243925
25.0006,ram,9842212864,47494430720,279401
25.0006,cpu,14968813,21725214,519257249
25.0006,gpu,9,0,0
25.2111,disk0,905055943426048,2036006945,12647799268713019
25.2111,disk0w,1979513106432,18849151,1162901833586
25.2111,disk5,35996452042752,72458874,595649280050117
25.2111,disk5w,225980416,35966,1254168700
25.2111,disk4,39005778097152,39099191,409369476757572
25.2111,disk4w,1447560398848,1495270,591099736239
25.2111,disk8,59371005827072,96415874,951141132098196
25.2111,disk8w,4128768,601,984243925
25.2111,ram,9842212864,47494430720,279401
25.2111,cpu,14968813,21725214,519257249
25.2111,gpu,76,0,0
25.4086,disk0,905057555742720,2036009982,12647826522663132
25.4086,disk0w,1979513106432,18849151,1162901833586
25.4086,disk5,35997244291072,72460432,595672435051647
25.4086,disk5w,225980416,35966,1254168700
25.4086,disk4,39006621414400,39100008,409382058866422
25.4086,disk4w,1447560398848,1495270,591099736239
25.4086,disk8,59372079290368,96418233,951173287305225
25.4086,disk8w,4128768,601,984243925
25.4086,ram,9842212864,47494430720,279401
25.4086,cpu,14968813,21725214,519257249
25.4086,gpu,19,2,0
25.6101,disk0,905058840543232,2036012223,12647846831923728
25.6101,disk0w,1979513106432,18849151,1162901833586
25.6101,disk5,35997847500800,72461613,595689907857135
25.6101,disk5w,225980416,35966,1254168700
25.6101,disk4,39007297369088,39100667,409392301465668
25.6101,disk4w,1447560398848,1495270,591099736239
25.6101,disk8,59372858112000,96419716,951191706927985
25.6101,disk8w,4128768,601,984243925
25.6101,ram,9842212864,47494430720,279401
25.6101,cpu,14968813,21725214,519257249
25.6101,gpu,0,0,0
25.8101,disk0,905060349620224,2036014654,12647870890289097
25.8101,disk0w,1979513106432,18849151,1162901833586
25.8101,disk5,35998529083392,72462963,595709271485886
25.8101,disk5w,225980416,35966,1254168700
25.8101,disk4,39008262468608,39101604,409408335816320
25.8101,disk4w,1447560398848,1495270,591099736239
25.8101,disk8,59373781891072,96421031,951213361193875
25.8101,disk8w,4128768,601,984243925
25.8101,ram,9842212864,47494430720,279401
25.8101,cpu,14968813,21725214,519257249
25.8101,gpu,20,0,0
26.0102,disk0,905061349814272,2036016278,12647886565289854
26.0102,disk0w,1979513106432,18849151,1162901833586
26.0102,disk5,35999113984000,72464118,595726205633126
26.0102,disk5w,225980416,35966,1254168700
26.0102,disk4,39008962884608,39102283,409420161393217
26.0102,disk4w,1447560398848,1495270,591099736239
26.0102,disk8,59374445815808,96422330,951232696225116
26.0102,disk8w,4128768,601,984243925
26.0102,ram,9195634688,48110256128,279401
26.0102,cpu,14968834,21725356,519258804
26.0102,gpu,0,0,0
26.2102,disk0,905062788689920,2036018648,12647909719490136
26.2102,disk0w,1979513106432,18849151,1162901833586
26.2102,disk5,35999780780032,72465429,595743251093150
26.2102,disk5w,225980416,35966,1254168700
26.2102,disk4,39010069836800,39103359,409441470135975
26.2102,disk4w,1447560398848,1495270,591099736239
26.2102,disk8,59375551293440,96424793,951265953524374
26.2102,disk8w,4128768,601,984243925
26.2102,ram,9195634688,48110256128,279401
26.2102,cpu,14968834,21725356,519258804
26.2102,gpu,8,0,0
26.4071,disk0,905064184524800,2036021153,12647932076949277
26.4071,disk0w,1979513106432,18849151,1162901833586
26.4071,disk5,36000448100352,72466745,595761471025579
26.4071,disk5w,225980416,35966,1254168700
26.4071,disk4,39010986488832,39104249,409457277983128
26.4071,disk4w,1447560398848,1495270,591099736239
26.4071,disk8,59376266217472,96426466,951284045203485
26.4071,disk8w,4128768,601,984243925
26.4071,ram,9195634688,48110256128,279401
26.4071,cpu,14968834,21725356,519258804
26.4071,gpu,18,2,0
26.6102,disk0,905066475040768,2036025535,12647972299571728
26.6102,disk0w,1979513106432,18849151,1162901833586
26.6102,disk5,36001258993664,72468345,595782848306441
26.6102,disk5w,225980416,35966,1254168700
26.6102,disk4,39011986191360,39105221,409471423831490
26.6102,disk4w,1447560398848,1495270,591099736239
26.6102,disk8,59377188423680,96428355,951307293632973
26.6102,disk8w,4128768,601,984243925
26.6102,ram,9195634688,48110256128,279401
26.6102,cpu,14968834,21725356,519258804
26.6102,gpu,11,0,0
26.8102,disk0,905067772112896,2036028504,12647995001918965
26.8102,disk0w,1979513106432,18849151,1162901833586
26.8102,disk5,36001921546240,72469656,595803520722087
26.8102,disk5w,225980416,35966,1254168700
26.8102,disk4,39012772115456,39105984,409485593137156
26.8102,disk4w,1447560398848,1495270,591099736239
26.8102,disk8,59377665484800,96429387,951318102285039
26.8102,disk8w,4128768,601,984243925
26.8102,ram,9195634688,48110256128,279401
26.8102,cpu,14968834,21725356,519258804
26.8102,gpu,18,0,0
27.0102,disk0,905069538983936,2036032485,12648024094887621
27.0102,disk0w,1979513106432,18849151,1162901833586
27.0102,disk5,36002815997952,72471409,595829004676427
27.0102,disk5w,225980416,35966,1254168700
27.0102,disk4,39013601866752,39106787,409496083920266
27.0102,disk4w,1447560398848,1495270,591099736239
27.0102,disk8,59378569816064,96431233,951341205771342
27.0102,disk8w,4128768,601,984243925
27.0102,ram,7473545216,49848762368,279401
27.0102,cpu,14968854,21725521,519260619
27.0102,gpu,21,3,0
27.2040,disk0,905070527037440,2036034904,12648040940234490
27.2040,disk0w,1979513106432,18849151,1162901833586
27.2040,disk5,36003430610944,72472633,595849251846846
27.2040,disk5w,225980416,35966,1254168700
27.2040,disk4,39014382892032,39107547,409510841264519
27.2040,disk4w,1447560398848,1495270,591099736239
27.2040,disk8,59379152488448,96432496,951355910866960
27.2040,disk8w,4128768,601,984243925
27.2040,ram,7473545216,49848762368,279401
27.2040,cpu,14968854,21725521,519260619
27.2040,gpu,0,0,0
27.4038,disk0,905072474783744,2036039652,12648076138330895
27.4038,disk0w,1979513106432,18849151,1162901833586
27.4038,disk5,36004027217920,72473808,595864268532089
27.4038,disk5w,225980416,35966,1254168700
27.4038,disk4,39015456846848,39108590,409531208555883
27.4038,disk4w,1447560398848,1495270,591099736239
27.4038,disk8,59379784189952,96433697,951368628305169
27.4038,disk8w,4128768,601,984243925
27.4038,ram,7473545216,49848762368,279401
27.4038,cpu,14968854,21725521,519260619
27.4038,gpu,0,0,0
27.6046,disk0,905073825923072,2036042948,12648098601698187
27.6046,disk0w,1979513106432,18849151,1162901833586
27.6046,disk5,36004623824896,72474980,595880302611216
27.6046,disk5w,225980416,35966,1254168700
27.6046,disk4,39016176284672,39109292,409542175418824
27.6046,disk4w,1447560398848,1495270,591099736239
27.6046,disk8,59380424341504,96434971,951382705054789
27.6046,disk8w,4128768,601,984243925
27.6046,ram,7473545216,49848762368,279401
27.6046,cpu,14968854,21725521,519260619
27.6046,gpu,0,0,0
27.8102,disk0,905075387629568,2036047075,12648125540261365
27.8102,disk0w,1979513909248,18849293,1162911216411
27.8102,disk5,36005377751040,72476458,595901695258777
27.8102,disk5w,225980416,35966,1254168700
27.8102,disk4,39017246667776,39110331,409562603522984
27.8102,disk4w,1447560398848,1495270,591099736239
27.8102,disk8,59381178873856,96436433,951401056391546
27.8102,disk8w,4128768,601,984243925
27.8102,ram,7473545216,49848762368,279401
27.8102,cpu,14968854,21725521,519260619
27.8102,gpu,18,0,0
28.0102,disk0,905076300087296,2036049453,12648139226917132
28.0102,disk0w,1979513909248,18849293,1162911216411
28.0102,disk5,36005987825664,72477663,595918226877794
28.0102,disk5w,225980416,35966,1254168700
28.0102,disk4,39017972954112,39111041,409573450699376
28.0102,disk4w,1447560398848,1495270,591099736239
28.0102,disk8,59382096386048,96438068,951425505004794
28.0102,disk8w,4128768,601,984243925
28.0102,ram,5940035584,51314737152,279401
28.0102,cpu,14968871,21725661,519262317
28.0102,gpu,14,0,0
28.2102,disk0,905077738962944,2036053393,12648163527315381
28.2102,disk0w,1979513909248,18849293,1162911216411
28.2102,disk5,36006729283584,72479121,595939113434530
28.2102,disk5w,225980416,35966,1254168700
28.2102,disk4,39018913166336,39111953,409588731180070
28.2102,disk4w,1447560398848,1495270,591099736239
28.2102,disk8,59383104559104,96439727,951451501889773
28.2102,disk8w,4128768,601,984243925
28.2102,ram,5940035584,51314737152,279401
28.2102,cpu,14968871,21725661,519262317
28.2102,gpu,0,0,0
28.4102,disk0,905078651420672,2036055856,12648178702708385
28.4102,disk0w,1979513909248,18849293,1162911216411
28.4102,disk5,36007396292608,72480443,595959924913350
28.4102,disk5w,225980416,35966,1254168700
28.4102,disk4,39019773473792,39112787,409605407872069
28.4102,disk4w,1447560398848,1495270,591099736239
28.4102,disk8,59383942313984,96441161,951473841697090
28.4102,disk8w,4128768,601,984243925
28.4102,ram,5940035584,51314737152,279401
28.4102,cpu,14968871,21725661,519262317
28.4102,gpu,0,0,0
28.6058,disk0,905080283316224,2036059853,12648207284050768
28.6058,disk0w,1979513909248,18849293,1162911216411
28.6058,disk5,36008036300800,72481698,595975890110219
28.6058,disk5w,225980416,35966,1254168700
28.6058,disk4,39020693812224,39113678,409620619651598
28.6058,disk4w,1447560398848,1495270,591099736239
28.6058,disk8,59384740149248,96442377,951491058061642
28.6058,disk8w,4128768,601,984243925
28.6058,ram,5940035584,51314737152,279401
28.6058,cpu,14968871,21725661,519262317
28.6058,gpu,0,0,0
28.8048,disk0,905081371246592,2036062457,12648225353621492
28.8048,disk0w,1979513909248,18849293,1162911216411
28.8048,disk5,36008554412032,72482719,595989676659416
28.8048,disk5w,225980416,35966,1254168700
28.8048,disk4,39021545747456,39114507,409637113600735
28.8048,disk4w,1447560398848,1495270,591099736239
28.8048,disk8,59385487890432,96443420,951506923266467
28.8048,disk8w,4128768,601,984243925
28.8048,ram,5940035584,51314737152,279401
28.8048,cpu,14968871,21725661,519262317
28.8048,gpu,0,0,0
29.0005,disk0,905083003142144,2036066248,12648253555603225
29.0005,disk0w,1979513909248,18849293,1162911216411
29.0005,disk5,36009203660800,72484003,596006445633568
29.0005,disk5w,225980416,35966,1254168700
29.0005,disk4,39022265185280,39115206,409646261472919
29.0005,disk4w,1447560398848,1495270,591099736239
29.0005,disk8,59386553391104,96444919,951533062934421
29.0005,disk8w,4128768,601,984243925
29.0005,ram,4474617856,52838383616,279401
29.0005,cpu,14968886,21725792,519263885
29.0005,gpu,18,0,0
29.2080,disk0,905084092432384,2036068454,12648271021226251
29.2080,disk0w,1979513909248,18849293,1162911216411
29.2080,disk5,36009686685696,72484955,596018571072826
29.2080,disk5w,225980416,35966,1254168700
29.2080,disk4,39023027057664,39115949,409659583924039
29.2080,disk4w,1447560398848,1495270,591099736239
29.2080,disk8,59387485833216,96446319,951557882499803
29.2080,disk8w,4128768,601,984243925
29.2080,ram,3918790656,53955477504,279401
29.2080,cpu,14968886,21725792,519263885
29.2080,gpu,59,0,0
29.4102,disk0,905085372022784,2036071016,12648291794885156
29.4102,disk0w,1979513909248,18849293,1162911216411
29.4102,disk5,36010256496640,72486078,596032448920403
29.4102,disk5w,225980416,35966,1254168700
29.4102,disk4,39023698326528,39116603,409667508296401
29.4102,disk4w,1447560398848,1495270,591099736239
29.4102,disk8,59388730574848,96448168,951592880301727
29.4102,disk8w,4128768,601,984243925
29.4102,ram,3918790656,53955477504,279401
29.4102,cpu,14968886,21725792,519263885
29.4102,gpu,0,0,0
29.6007,disk0,905085969989632,2036072271,12648301099070780
29.6007,disk0w,1979513909248,18849293,1162911216411
29.6007,disk5,36010632329216,72486815,596042628258319
29.6007,disk5w,225980416,35966,1254168700
29.6007,disk4,39024154276864,39117047,409674233810719
29.6007,disk4w,1447560398848,1495270,591099736239
29.6007,disk8,59389638846464,96449636,951621541755156
29.6007,disk8w,4128768,601,984243925
29.6007,ram,3918790656,53955477504,279401
29.6007,cpu,14968886,21725792,519263885
29.6007,gpu,10,0,0
29.8102,disk0,905087530344448,2036075434,12648329096112451
29.8102,disk0w,1979517923328,18849467,1162914683188
29.8102,disk5,36011204048896,72487937,596056016977367
29.8102,disk5w,225980416,35966,1254168700
29.8102,disk4,39025160483840,39118026,409691969437353
29.8102,disk4w,1447560398848,1495270,591099736239
29.8102,disk8,59390785431552,96451449,951653744932393
29.8102,disk8w,4128768,601,984243925
29.8102,ram,3918790656,53955477504,279401
29.8102,cpu,14968886,21725792,519263885
29.8102,gpu,100,0,0
30.0102,disk0,905088811298816,2036078492,12648350312745539
30.0102,disk0w,1979517923328,18849467,1162914683188
30.0102,disk5,36011797084160,72489097,596070251004391
30.0102,disk5w,225980416,35966,1254168700
30.0102,disk4,39026186482688,39119022,409711212348883
30.0102,disk4w,1447560398848,1495270,591099736239
30.0102,disk8,59391597709312,96452769,951671444440707
30.0102,disk8w,4128768,601,984243925
30.0102,ram,2764849152,54561423360,279401
30.0102,cpu,14968915,21725944,519265624
30.0102,gpu,8,1,0
30.2102,disk0,905089723756544,2036080374,12648364953656512
30.2102,disk0w,1979517923328,18849467,1162914683188
30.2102,disk5,36012256884736,72489999,596081420503720
30.2102,disk5w,225980416,35966,1254168700
30.2102,disk4,39026880115712,39119697,409722843848371
30.2102,disk4w,1447560398848,1495270,591099736239
30.2102,disk8,59392835258368,96454770,951709800509160
30.2102,disk8w,4128768,601,984243925
30.2102,ram,2764849152,54561423360,279401
30.2102,cpu,14968919,21725950,519265696
30.2102,gpu,9,0,0
30.4102,disk0,905091489030144,2036085967,12648397208183325
30.4102,disk0w,1979517923328,18849467,1162914683188
30.4102,disk5,36012742473728,72490946,596091207974573
30.4102,disk5w,225980416,35966,1254168700
30.4102,disk4,39027723236352,39120517,409735661363102
30.4102,disk4w,1447560398848,1495270,591099736239
30.4102,disk8,59393529997312,96455904,951722700618380
30.4102,disk8w,4128768,601,984243925
30.4102,ram,2764849152,54561423360,279401
30.4102,cpu,14968919,21725950,519265696
30.4102,gpu,10,1,0
30.6102,disk0,905093338492928,2036091730,12648432286081406
30.6102,disk0w,1979517923328,18849467,1162914683188
30.6102,disk5,36013028964352,72491505,596095752830313
30.6102,disk5w,225980416,35966,1254168700
30.6102,disk4,39028476916736,39121250,409748323260438
30.6102,disk4w,1447560398848,1495270,591099736239
30.6102,disk8,59394066716672,96456866,951733406186593
30.6102,disk8w,4128768,601,984243925
30.6102,ram,2764849152,54561423360,279401
30.6102,cpu,14968919,21725950,519265696
30.6102,gpu,50,0,0
30.8102,disk0,905095040598016,2036096453,12648463217359375
30.8102,disk0w,1979517923328,18849467,1162914683188
30.8102,disk5,36013997553664,72493417,596127404084788
30.8102,disk5w,225980416,35966,1254168700
30.8102,disk4,39029462316032,39122207,409765084863996
30.8102,disk4w,1447560398848,1495270,591099736239
30.8102,disk8,59394645776384,96457923,951744523108459
30.8102,disk8w,4128768,601,984243925
30.8102,ram,2764849152,54561423360,279401
30.8102,cpu,14968919,21725950,519265696
30.8102,gpu,0,0,0
31.0102,disk0,905096198729728,2036100319,12648482919664091
31.0102,disk0w,1979517923328,18849467,1162914683188
31.0102,disk5,36014731048960,72494873,596148572933688
31.0102,disk5w,225980416,35966,1254168700
31.0102,disk4,39030617682944,39123333,409791782197774
31.0102,disk4w,1447560398848,1495270,591099736239
31.0102,disk8,59395124008960,96458986,951753849283356
31.0102,disk8w,4128768,601,984243925
31.0102,ram,1317142528,56340316160,279401
31.0102,cpu,14968941,21726106,519267219
31.0102,gpu,0,0,0
31.2048,disk0,905097576361984,2036109055,12648508919411242
31.2048,disk0w,1979518042112,18849478,1162914891852
31.2048,disk5,36015416236032,72496216,596166963827138
31.2048,disk5w,225980416,35966,1254168700
31.2048,disk4,39031220024320,39123917,409798725977581
31.2048,disk4w,1447560398848,1495270,591099736239
31.2048,disk8,59396055595008,96460633,951777748922140
31.2048,disk8w,4128768,601,984243925
31.2048,ram,1103675392,56554225664,279401
31.2048,cpu,14968942,21726123,519267353
31.2048,gpu,9,0,0
31.4037,disk0,905099076771840,2036121022,12648538723286595
31.4037,disk0w,1979518058496,18849479,1162914906268
31.4037,disk5,36015854073856,72497081,596177414038395
31.4037,disk5w,225980416,35966,1254168700
31.4037,disk4,39031828444160,39124508,409807362095635
31.4037,disk4w,1447560398848,1495270,591099736239
31.4037,disk8,59396835039232,96461999,951797394722749
31.4037,disk8w,4128768,601,984243925
31.4037,ram,1103675392,56554225664,279401
31.4037,cpu,14968942,21726123,519267353
31.4037,gpu,47,1,0
31.6102,disk0,905100703105024,2036129388,12648569326737967
31.6102,disk0w,1979518058496,18849479,1162914906268
31.6102,disk5,36016446928896,72498234,596191481243636
31.6102,disk5w,225980416,35966,1254168700
31.6102,disk4,39032625968128,39125280,409818380188125
31.6102,disk4w,1447560398848,1495270,591099736239
31.6102,disk8,59397773760512,96463629,951820527550293
31.6102,disk8w,4128768,601,984243925
31.6102,ram,1103675392,56554225664,279401
31.6102,cpu,14968942,21726123,519267353
31.6102,gpu,0,0,0
31.8102,disk0,905102165684224,2036149992,12648601753163642
31.8102,disk0w,1979518058496,18849479,1162914906268
31.8102,disk5,36016889362432,72499099,596202007436218
31.8102,disk5w,225980416,35966,1254168700
31.8102,disk4,39033390150656,39126023,409831952721546
31.8102,disk4w,1447560398848,1495270,591099736239
31.8102,disk8,59398502029312,96464944,951839404338770
31.8102,disk8w,4128768,601,984243925
31.8102,ram,1103675392,56554225664,279401
31.8102,cpu,14968942,21726123,519267353
31.8102,gpu,16,0,0
32.0102,disk0,905103166029824,2036152044,12648617256152465
32.0102,disk0w,1979518074880,18849480,1162914923309
32.0102,disk5,36017615542272,72500533,596225704873278
32.0102,disk5w,225980416,35966,1254168700
32.0102,disk4,39034056946688,39126669,409842883941288
32.0102,disk4w,1447560398848,1495270,591099736239
32.0102,disk8,59399865628672,96467725,951874407145614
32.0102,disk8w,4128768,601,984243925
32.0102,ram,1103675392,56554225664,279401
32.0102,cpu,14968942,21726123,519267353
32.0102,gpu,16,0,0
32.2022,disk0,905104019918848,2036154078,12648630348083356
32.2022,disk0w,1979518074880,18849480,1162914923309
32.2022,disk5,36018352076800,72501994,596249732039744
32.2022,disk5w,225980416,35966,1254168700
32.2022,disk4,39034781627392,39127374,409854835900312
32.2022,disk4w,1447560398848,1495270,591099736239
32.2022,disk8,59400863512576,96469596,951905086325510
32.2022,disk8w,4128768,601,984243925
32.2022,ram,227115008,58181976064,279408
32.2022,cpu,14968960,21726268,519268901
32.2022,gpu,17,0,0
32.4053,disk0,905104965439488,2036156090,12648644680704211
32.4053,disk0w,1979518074880,18849480,1162914923309
32.4053,disk5,36018867533824,72503011,596261608648152
32.4053,disk5w,225980416,35966,1254168700
32.4053,disk4,39035642557440,39128211,409870892444296
32.4053,disk4w,1447560398848,1495270,591099736239
32.4053,disk8,59402128844800,96472143,951936662662812
32.4053,disk8w,4128768,601,984243925
32.4053,ram,227115008,58181976064,279408
32.4053,cpu,14968960,21726268,519268901
32.4053,gpu,0,0,0
32.6075,disk0,905106645245952,2036159703,12648672259409164
32.6075,disk0w,1979518099456,18849486,1162916905890
32.6075,disk5,36019729463296,72504703,596287113353831
32.6075,disk5w,225980416,35966,1254168700
32.6075,disk4,39036645438464,39129190,409887707141759
32.6075,disk4w,1447560398848,1495270,591099736239
32.6075,disk8,59403165771776,96474185,951965732458297
32.6075,disk8w,4128768,601,984243925
32.6075,ram,227115008,58181976064,279408
32.6075,cpu,14968960,21726268,519268901
32.6075,gpu,0,0,0
32.8102,disk0,905107535355904,2036161463,12648685985684422
32.8102,disk0w,1979518099456,18849486,1162916905890
32.8102,disk5,36020223342592,72505682,596301653088553
32.8102,disk5w,225980416,35966,1254168700
32.8102,disk4,39037320737792,39129849,409899231937714
32.8102,disk4w,1447560398848,1495270,591099736239
32.8102,disk8,59404475033600,96476729,952003079582455
32.8102,disk8w,4128768,601,984243925
32.8102,ram,227115008,58181976064,279408
32.8102,cpu,14968960,21726268,519268901
32.8102,gpu,5,0,0
33.0102,disk0,905109079515136,2036164292,12648711261638606
33.0102,disk0w,1979518099456,18849486,1162916905890
33.0102,disk5,36020697118720,72506617,596311564594669
33.0102,disk5w,225980416,35966,1254168700
33.0102,disk4,39038144001024,39130649,409911127840112
33.0102,disk4w,1447560398848,1495270,591099736239
33.0102,disk8,59405738362880,96479289,952040959635852
33.0102,disk8w,4128768,601,984243925
33.0102,ram,227115008,58181976064,279408
33.0102,cpu,14968960,21726268,519268901
33.0102,gpu,10,0,0
33.2102,disk0,905110202544128,2036166273,12648729490326353
33.2102,disk0w,1979518099456,18849486,1162916905890
33.2102,disk5,36021205989376,72507620,596326026662796
33.2102,disk5w,225980416,35966,1254168700
33.2102,disk4,39038935086080,39131418,409925376884896
33.2102,disk4w,1447560398848,1495270,591099736239
33.2102,disk8,59407003043840,96481626,952074134401912
33.2102,disk8w,4128768,601,984243925
33.2102,ram,216809472,59900919808,279408
33.2102,cpu,14968975,21726406,519270600
33.2102,gpu,0,0,0
33.4102,disk0,905111865995264,2036169060,12648756873132980
33.4102,disk0w,1979518099456,18849486,1162916905890
33.4102,disk5,36021770188800,72508724,596338914624712
33.4102,disk5w,225980416,35966,1254168700
33.4102,disk4,39039876412416,39132330,409940976917512
33.4102,disk4w,1447560398848,1495270,591099736239
33.4102,disk8,59408016779264,96483595,952100665130782
33.4102,disk8w,4128768,601,984243925
33.4102,ram,216809472,59900919808,279408
33.4102,cpu,14968975,21726406,519270600
33.4102,gpu,20,2,0
33.6040,disk0,905113062752256,2036171207,12648777105203027
33.6040,disk0w,1979518107648,18849488,1162916940222
33.6040,disk5,36022364108800,72509896,596356421413274
33.6040,disk5w,225980416,35966,1254168700
33.6040,disk4,39040531887104,39132966,409951230156087
33.6040,disk4w,1447560398848,1495270,591099736239
33.6040,disk8,59409189644288,96485960,952128998466865
33.6040,disk8w,4128768,601,984243925
33.6040,ram,216809472,59900919808,279408
33.6040,cpu,14968975,21726406,519270600
33.6040,gpu,0,0,0
33.8102,disk0,905114536738816,2036174013,12648801646812525
33.8102,disk0w,1979518107648,18849488,1162916940222
33.8102,disk5,36023296768000,72511721,596386410285985
33.8102,disk5w,225980416,35966,1254168700
33.8102,disk4,39041549628416,39133958,409969019159306
33.8102,disk4w,1447560398848,1495270,591099736239
33.8102,disk8,59410095638528,96487879,952154289951014
33.8102,disk8w,4128768,601,984243925
33.8102,ram,216809472,59900919808,279408
33.8102,cpu,14968975,21726406,519270600
33.8102,gpu,14,0,0
34.0041,disk0,905115322449920,2036175391,12648812925492647
34.0041,disk0w,1979519062016,18849549,1162917935201
34.0041,disk5,36023775754240,72512668,596399479419469
34.0041,disk5w,225980416,35966,1254168700
34.0041,disk4,39042138125312,39134534,409978051860862
34.0041,disk4w,1447560398848,1495270,591099736239
34.0041,disk8,59411158169600,96490241,952180695299142
34.0041,disk8w,4128768,601,984243925
34.0041,ram,216809472,59900919808,279408
34.0041,cpu,14968975,21726406,519270600
34.0041,gpu,18,0,0
34.2004,disk0,905116796698624,2036177811,12648836124933307
34.2004,disk0w,1979519062016,18849549,1162917935201
34.2004,disk5,36024298289152,72513699,596411377817094
34.2004,disk5w,225980416,35966,1254168700
34.2004,disk4,39043092329472,39135460,409996479138550
34.2004,disk4w,1447560398848,1495270,591099736239
34.2004,disk8,59411996899328,96492039,952199998210711
34.2004,disk8w,4128768,601,984243925
34.2004,ram,216711168,61130604544,279408
34.2004,cpu,14968996,21726558,519272401
34.2004,gpu,33,0,0
34.4084,disk0,905118514421760,2036180741,12648865939976950
34.4084,disk0w,1979519062016,18849549,1162917935201
34.4084,disk5,36025053067264,72515180,596434151198189
34.4084,disk5w,225980416,35966,1254168700
34.4084,disk4,39043765335040,39136113,410005265172216
34.4084,disk4w,1447560398848,1495270,591099736239
34.4084,disk8,59413354452992,96494967,952240471126949
34.4084,disk8w,4128768,601,984243925
34.4084,ram,216711168,61130604544,279408
34.4084,cpu,14968996,21726558,519272401
34.4084,gpu,22,1,0
34.6018,disk0,905119358345216,2036182296,12648879684758314
34.6018,disk0w,1979519062016,18849549,1162917935201
34.6018,disk5,36025561905152,72516177,596448987101023
34.6018,disk5w,225980416,35966,1254168700
34.6018,disk4,39044471911424,39136801,410018699569571
34.6018,disk4w,1447560398848,1495270,591099736239
34.6018,disk8,59414428825600,96497416,952263663834703
34.6018,disk8w,4128768,601,984243925
34.6018,ram,216711168,61130604544,279408
34.6018,cpu,14968996,21726558,519272401
34.6018,gpu,100,0,0
34.8009,disk0,905120935534592,2036185126,12648905973765885
34.8009,disk0w,1979519062016,18849549,1162917935201
34.8009,disk5,36026511554560,72518040,596479084898844
34.8009,disk5w,225980416,35966,1254168700
34.8009,disk4,39045451412480,39137754,410036327224044
34.8009,disk4w,1447560398848,1495270,591099736239
34.8009,disk8,59415110973440,96498895,952279762798322
34.8009,disk8w,4128768,601,984243925
34.8009,ram,216711168,61130604544,279408
34.8009,cpu,14968996,21726558,519272401
34.8009,gpu,0,0,0
35.0036,disk0,905122323832832,2036187755,12648930303241097
35.0036,disk0w,1979519062016,18849549,1162917935201
35.0036,disk5,36027162900480,72519325,596499215050451
35.0036,disk5w,225980416,35966,1254168700
35.0036,disk4,39046171898880,39138454,410048237367185
35.0036,disk4w,1447560398848,1495270,591099736239
35.0036,disk8,59416185149440,96501296,952303796758422
35.0036,disk8w,4128768,601,984243925
35.0036,ram,216711168,61130604544,279408
35.0036,cpu,14968996,21726558,519272401
35.0036,gpu,9,1,0
35.2034,disk0,905124082475008,2036191121,12648960582642477
35.2034,disk0w,1979519062016,18849549,1162917935201
35.2034,disk5,36027821307904,72520627,596516626173627
35.2034,disk5w,225980416,35966,1254168700
35.2034,disk4,39047094563840,39139349,410063647053722
35.2034,disk4w,1447560398848,1495270,591099736239
35.2034,disk8,59417070917632,96503183,952322509482126
35.2034,disk8w,4128768,601,984243925
35.2034,ram,214466560,61477650432,279408
35.2034,cpu,14969008,21726694,519273993
35.2034,gpu,42,0,0
35.4102,disk0,905125500870656,2036194329,12648984805622091
35.4102,disk0w,1979519062016,18849549,1162917935201
35.4102,disk5,36028541548544,72522060,596536995598149
35.4102,disk5w,225980416,35966,1254168700
35.4102,disk4,39048087974912,39140313,410081552158728
35.4102,disk4w,1447560398848,1495270,591099736239
35.4102,disk8,59418175260672,96505514,952350894342835
35.4102,disk8w,4128768,601,984243925
35.4102,ram,214466560,61477650432,279408
35.4102,cpu,14969008,21726694,519273993
35.4102,gpu,10,1,0
35.6102,disk0,905126798442496,2036197226,12649007117648757
35.6102,disk0w,1979519062016,18849549,1162917935201
35.6102,disk5,36029137352704,72523250,596555199744079
35.6102,disk5w,225980416,35966,1254168700
35.6102,disk4,39048927097856,39141128,410097248595218
35.6102,disk4w,1447560398848,1495270,591099736239
35.6102,disk8,59419214919680,96507645,952376770355458
35.6102,disk8w,4128768,601,984243925
35.6102,ram,214466560,61477650432,279408
35.6102,cpu,14969008,21726694,519273993
35.6102,gpu,0,0,0
35.8102,disk0,905128013348864,2036199645,12649025909538435
35.8102,disk0w,1979519062016,18849549,1162917935201
35.8102,disk5,36029909432320,72524793,596578000901308
35.8102,disk5w,225980416,35966,1254168700
35.8102,disk4,39050024956928,39142193,410119006314402
35.8102,disk4w,1447560398848,1495270,591099736239
35.8102,disk8,59419986999296,96509244,952397371850009
35.8102,disk8w,4128768,601,984243925
35.8102,ram,214466560,61477650432,279408
35.8102,cpu,14969008,21726694,519273993
35.8102,gpu,18,0,0
36.0002,disk0,905128910635008,2036201363,12649039177094710
36.0002,disk0w,1979519062016,18849549,1162917935201
36.0002,disk5,36030567069696,72526106,596598327593258
36.0002,disk5w,225980416,35966,1254168700
36.0002,disk4,39050824004608,39142968,410133456856813
36.0002,disk4w,1447560398848,1495270,591099736239
36.0002,disk8,59420805707776,96510775,952420785627655
36.0002,disk8w,4128768,601,984243925
36.0002,ram,214466560,61477650432,279408
36.0002,cpu,14969008,21726694,519273993
36.0002,gpu,21,0,0
36.2102,disk0,905129838358528,2036203122,12649053828672662
36.2102,disk0w,1979519062016,18849549,1162917935201
36.2102,disk5,36030997362688,72526965,596608899968177
36.2102,disk5w,225980416,35966,1254168700
36.2102,disk4,39051762136064,39143878,410153799160802
36.2102,disk4w,1447560398848,1495270,591099736239
36.2102,disk8,59421601347584,96512222,952443235952453
36.2102,disk8w,4128768,601,984243925
36.2102,ram,208617472,65303035904,279408
36.2102,cpu,14969037,21726846,519275663
36.2102,gpu,38,0,0
36.4102,disk0,905130769743872,2036204763,12649062947121390
36.4102,disk0w,1979519062016,18849549,1162917935201
36.4102,disk5,36031519578112,72528033,596618940185235
36.4102,disk5w,225980416,35966,1254168700
36.4102,disk4,39052198507520,39144311,410156615322980
36.4102,disk4w,1447560398848,1495270,591099736239
36.4102,disk8,59422414452736,96513275,952455546555981
36.4102,disk8w,4128768,601,984243925
36.4102,ram,209682432,65303052288,279408
36.4102,cpu,14969037,21726846,519275674
36.4102,gpu,0,0,0
36.6040,disk0,905132885868544,2036213073,12649083239776102
36.6040,disk0w,1979519062016,18849549,1162917935201
36.6040,disk5,36032416454656,72529873,596629104145169
36.6040,disk5w,225980416,35966,1254168700
36.6040,disk4,39053315699712,39145421,410167350308908
36.6040,disk4w,1447560398848,1495270,591099736239
36.6040,disk8,59423736231936,96515406,952470731315859
36.6040,disk8w,4128768,601,984243925
36.6040,ram,209682432,65303052288,279408
36.6040,cpu,14969037,21726846,519275674
36.6040,gpu,25,0,0
36.8102,disk0,905135330205696,2036217625,12649105293986003
36.8102,disk0w,1979519062016,18849549,1162917935201
36.8102,disk5,36033366243328,72531821,596641629536228
36.8102,disk5w,225980416,35966,1254168700
36.8102,disk4,39054193505280,39146298,410174240639444
36.8102,disk4w,1447560398848,1495270,591099736239
36.8102,disk8,59424967899136,96516847,952483921048593
36.8102,disk8w,4128768,601,984243925
36.8102,ram,209682432,65303052288,279408
36.8102,cpu,14969037,21726846,519275674
36.8102,gpu,0,0,0
37.0102,disk0,905137609089024,2036220981,12649124706773096
37.0102,disk0w,1979519062016,18849549,1162917935201
37.0102,disk5,36033914402816,72532945,596646715235516
37.0102,disk5w,225980416,35966,1254168700
37.0102,disk4,39054746596352,39146855,410175949040249
37.0102,disk4w,1447560398848,1495270,591099736239
37.0102,disk8,59425990719488,96518034,952491638656572
37.0102,disk8w,4128768,601,984243925
37.0102,ram,209682432,65303052288,279408
37.0102,cpu,14969037,21726846,519275674
37.0102,gpu,20,0,0
37.2102,disk0,905139802341376,2036224485,12649141866677628
37.2102,disk0w,1979519062016,18849549,1162917935201
37.2102,disk5,36034619439104,72534390,596654333372271
37.2102,disk5w,225980416,35966,1254168700
37.2102,disk4,39055290921984,39147404,410177101426117
37.2102,disk4w,1447560398848,1495270,591099736239
37.2102,disk8,59427358291968,96519903,952512004928279
37.2102,disk8w,4128768,601,984243925
37.2102,ram,209682432,65303052288,279408
37.2102,cpu,14969037,21726846,519275674
37.2102,gpu,41,0,0
37.4102,disk0,905141912301568,2036228536,12649155279964435
37.4102,disk0w,1979519062016,18849549,1162917935201
37.4102,disk5,36035295156224,72535772,596658482320235
37.4102,disk5w,225980416,35966,1254168700
37.4102,disk4,39055800267776,39147926,410177706086195
37.4102,disk4w,1447560398848,1495270,591099736239
37.4102,disk8,59428576868352,96521750,952524212167931
37.4102,disk8w,4128768,601,984243925
37.4102,ram,211222528,65625948160,279408
37.4102,cpu,14969056,21726971,519277387
37.4102,gpu,27,1,0
37.6102,disk0,905144022749184,2036232435,12649170020407007
37.6102,disk0w,1979519062016,18849549,1162917935201
37.6102,disk5,36035963238400,72537142,596662637649615
37.6102,disk5w,225980416,35966,1254168700
37.6102,disk4,39056520197120,39148653,410179523649582
37.6102,disk4w,1447560398848,1495270,591099736239
37.6102,disk8,59429964544000,96523837,952546728367868
37.6102,disk8w,4128768,601,984243925
37.6102,ram,211222528,65625948160,279408
37.6102,cpu,14969056,21726971,519277387
37.6102,gpu,31,0,0
37.8047,disk0,905146119852032,2036236799,12649182719360986
37.8047,disk0w,1979519062016,18849549,1162917935201
37.8047,disk5,36036657936384,72538560,596668329663294
37.8047,disk5w,225980416,35966,1254168700
37.8047,disk4,39057064670208,39149211,410180099581849
37.8047,disk4w,1447560398848,1495270,591099736239
37.8047,disk8,59431119075328,96525496,952557229624195
37.8047,disk8w,4128768,601,984243925
37.8047,ram,211222528,65625948160,279408
37.8047,cpu,14969056,21726971,519277387
37.8047,gpu,33,0,0
38.0037,disk0,905148315537408,2036241219,12649195096950338
38.0037,disk0w,1979519066112,18849550,1162917969742
38.0037,disk5,36037249431552,72539706,596671804268415
38.0037,disk5w,225980416,35966,1254168700
38.0037,disk4,39057609143296,39149769,410180747582755
38.0037,disk4w,1447560398848,1495270,591099736239
38.0037,disk8,59432348219392,96527754,952573479786651
38.0037,disk8w,4128768,601,984243925
38.0037,ram,211222528,65625948160,279408
38.0037,cpu,14969056,21726971,519277387
38.0037,gpu,26,0,0
38.2077,disk0,905150631317504,2036245895,12649214571406012
38.2077,disk0w,1979519066112,18849550,1162917969742
38.2077,disk5,36038074906624,72541312,596679944829766
38.2077,disk5w,225980416,35966,1254168700
38.2077,disk4,39058395722752,39150560,410183974460618
38.2077,disk4w,1447560398848,1495270,591099736239
38.2077,disk8,59433637754880,96530109,952589934678621
38.2077,disk8w,4128768,601,984243925
38.2077,ram,211222528,65625948160,279408
38.2077,cpu,14969056,21726971,519277387
38.2077,gpu,32,0,0
38.4070,disk0,905152689364992,2036249867,12649226148346047
38.4070,disk0w,1979519098880,18849551,1162917989575
38.4070,disk5,36038718158848,72542585,596684251126745
38.4070,disk5w,225980416,35966,1254168700
38.4070,disk4,39059066532864,39151239,410186904735549
38.4070,disk4w,1447560398848,1495270,591099736239
38.4070,disk8,59434882299904,96532352,952605510201352
38.4070,disk8w,4128768,601,984243925
38.4070,ram,169132032,63562498048,279411
38.4070,cpu,14969074,21727085,519279249
38.4070,gpu,22,2,0
38.6102,disk0,905154762305536,2036254539,12649242447066882
38.6102,disk0w,1979519098880,18849551,1162917989575
38.6102,disk5,36039437596672,72544006,596687978589418
38.6102,disk5w,225980416,35966,1254168700
38.6102,disk4,39059628569600,39151815,410187533271276
38.6102,disk4w,1447560398848,1495270,591099736239
38.6102,disk8,59436126009344,96534477,952619024741652
38.6102,disk8w,4128768,601,984243925
38.6102,ram,169132032,63562498048,279411
38.6102,cpu,14969074,21727085,519279249
38.6102,gpu,48,0,0
38.8102,disk0,905156908109824,2036261521,12649261749893305
38.8102,disk0w,1979519098880,18849551,1162917989575
38.8102,disk5,36040295462912,72545699,596693386706797
38.8102,disk5w,225980416,35966,1254168700
38.8102,disk4,39060188115968,39152388,410188299379926
38.8102,disk4w,1447560398848,1495270,591099736239
38.8102,disk8,59437243004928,96536529,952631600155468
38.8102,disk8w,4128768,601,984243925
38.8102,ram,169132032,63562498048,279411
38.8102,cpu,14969074,21727085,519279249
38.8102,gpu,20,0,0
39.0102,disk0,905159056216064,2036265207,12649272750426769
39.0102,disk0w,1979519115264,18849552,1162918019491
39.0102,disk5,36041194944512,72547477,596704896457862
39.0102,disk5w,225980416,35966,1254168700
39.0102,disk4,39060737094656,39152946,410189246803075
39.0102,disk4w,1447560398848,1495270,591099736239
39.0102,disk8,59438426159104,96538995,952650823493816
39.0102,disk8w,4128768,601,984243925
39.0102,ram,169132032,63562498048,279411
39.0102,cpu,14969074,21727085,519279249
39.0102,gpu,0,0,0
39.2102,disk0,905160148824064,2036267403,12649278533369374
39.2102,disk0w,1979519115264,18849552,1162918019491
39.2102,disk5,36041578362880,72548242,596706736941194
39.2102,disk5w,225980416,35966,1254168700
39.2102,disk4,39061007234048,39153223,410189582877358
39.2102,disk4w,1447560398848,1495270,591099736239
39.2102,disk8,59439084025856,96540362,952660812647018
39.2102,disk8w,4128768,601,984243925
39.2102,ram,169132032,63562498048,279411
39.2102,cpu,14969074,21727085,519279249
39.2102,gpu,100,0,0
39.4102,disk0,905161192845312,2036269122,12649293677404812
39.4102,disk0w,1979519123456,18849554,1162918052824
39.4102,disk5,36041981949952,72549068,596718752619821
39.4102,disk5w,225980416,35966,1254168700
39.4102,disk4,39061437182976,39153645,410196197009302
39.4102,disk4w,1447560398848,1495270,591099736239
39.4102,disk8,59439645636608,96541047,952670570103213
39.4102,disk8w,4128768,601,984243925
39.4102,ram,112705536,64565886976,279413
39.4102,cpu,14969094,21727175,519280850
39.4102,gpu,0,0,0
39.6048,disk0,905162696392704,2036272090,12649311636155089
39.6048,disk0w,1979519123456,18849554,1162918052824
39.6048,disk5,36042695432192,72550529,596739441592426
39.6048,disk5w,225980416,35966,1254168700
39.6048,disk4,39062331536384,39154521,410213223089009
39.6048,disk4w,1447560398848,1495270,591099736239
39.6048,disk8,59440661657600,96542363,952695268071564
39.6048,disk8w,4128768,601,984243925
39.6048,ram,112705536,64565886976,279413
39.6048,cpu,14969094,21727175,519280850
39.6048,gpu,0,0,0
39.8102,disk0,905164622348288,2036276090,12649337780384766
39.8102,disk0w,1979519123456,18849554,1162918052824
39.8102,disk5,36043654240256,72552496,596771078358690
39.8102,disk5w,225980416,35966,1254168700
39.8102,disk4,39063349244928,39155524,410230637653673
39.8102,disk4w,1447560398848,1495270,591099736239
39.8102,disk8,59441980471296,96544370,952734089309783
39.8102,disk8w,4128768,601,984243925
39.8102,ram,112705536,64565886976,279413
39.8102,cpu,14969094,21727175,519280850
39.8102,gpu,0,0,0
40.0102,disk0,905166484447232,2036285942,12649371085864882
40.0102,disk0w,1979519123456,18849554,1162918052824
40.0102,disk5,36044589471744,72554412,596797192530674
40.0102,disk5w,225980416,35966,1254168700
40.0102,disk4,39064426214400,39156582,410250488906688
40.0102,disk4w,1447560398848,1495270,591099736239
40.0102,disk8,59443013384192,96545977,952752728132959
40.0102,disk8w,4128768,601,984243925
40.0102,ram,112705536,64565886976,279413
40.0102,cpu,14969094,21727175,519280850
40.0102,gpu,24,0,0
40.2102,disk0,905168379617280,2036289725,12649399908692512
40.2102,disk0w,1979519139840,18849555,1162918072990
40.2102,disk5,36045374937088,72556021,596819801487043
40.2102,disk5w,225980416,35966,1254168700
40.2102,disk4,39065410581504,39157547,410266993208040
40.2102,disk4w,1447560398848,1495270,591099736239
40.2102,disk8,59444041136128,96547141,952775029713538
40.2102,disk8w,4128768,601,984243925
40.2102,ram,112705536,64565886976,279413
40.2102,cpu,14969094,21727175,519280850
40.2102,gpu,20,0,0
40.4102,disk0,905170097684480,2036292800,12649422463487054
40.4102,disk0w,1979519139840,18849555,1162918072990
40.4102,disk5,36046183102464,72557683,596846084419952
40.4102,disk5w,225980416,35966,1254168700
40.4102,disk4,39066444739584,39158560,410287071160585
40.4102,disk4w,1447560398848,1495270,591099736239
40.4102,disk8,59445297887232,96548540,952804671326318
40.4102,disk8w,4128768,601,984243925
40.4102,ram,98533376,65261551616,279414
40.4102,cpu,14969115,21727331,519282596
40.4102,gpu,0,0,0
40.6102,disk0,905171894255616,2036295180,12649441337702908
40.6102,disk0w,1979519139840,18849555,1162918072990
40.6102,disk5,36047255992320,72559886,596875075366891
40.6102,disk5w,225980416,35966,1254168700
40.6102,disk4,39067481224192,39159584,410300229302707
40.6102,disk4w,1447560398848,1495270,591099736239
40.6102,disk8,59446606215168,96550018,952825329574710
40.6102,disk8w,4128768,601,984243925
40.6102,ram,98533376,65261551616,279414
40.6102,cpu,14969115,21727336,519282666
40.6102,gpu,37,0,0
40.8102,disk0,905174300168192,2036299377,12649478526952037
40.8102,disk0w,1979519139840,18849555,1162918072990
40.8102,disk5,36047921076224,72561248,596889193393310
40.8102,disk5w,225980416,35966,1254168700
40.8102,disk4,39068404839424,39160491,410314883497403
40.8102,disk4w,1447560398848,1495270,591099736239
40.8102,disk8,59447594711040,96551143,952842933811829
40.8102,disk8w,4128768,601,984243925
40.8102,ram,98533376,65261551616,279414
40.8102,cpu,14969115,21727336,519282666
40.8102,gpu,65,0,0
41.0080,disk0,905175949385728,2036302277,12649502973156045
41.0080,disk0w,1979519139840,18849555,1162918072990
41.0080,disk5,36048369154048,72562168,596899268441132
41.0080,disk5w,225980416,35966,1254168700
41.0080,disk4,39069229741056,39161304,410329751710594
41.0080,disk4w,1447560398848,1495270,591099736239
41.0080,disk8,59448690833408,96552556,952874203960604
41.0080,disk8w,4128768,601,984243925
41.0080,ram,98533376,65261551616,279414
41.0080,cpu,14969115,21727336,519282666
41.0080,gpu,100,0,0
41.2102,disk0,905177811722240,2036305376,12649527834022503
41.2102,disk0w,1979519139840,18849555,1162918072990
41.2102,disk5,36049106139136,72563682,596915166933532
41.2102,disk5w,225980416,35966,1254168700
41.2102,disk4,39070151128064,39162207,410344663515587
41.2102,disk4w,1447560398848,1495270,591099736239
41.2102,disk8,59449873479680,96554408,952905426940311
41.2102,disk8w,4128768,601,984243925
41.2102,ram,98533376,65261551616,279414
41.2102,cpu,14969115,21727336,519282666
41.2102,gpu,0,0,0
41.4102,disk0,905179766222848,2036309536,12649556367994052
41.4102,disk0w,1979519139840,18849555,1162918072990
41.4102,disk5,36049966233600,72565446,596938979379595
41.4102,disk5w,225980416,35966,1254168700
41.4102,disk4,39071073465344,39163112,410357267318405
41.4102,disk4w,1447560398848,1495270,591099736239
41.4102,disk8,59450762590208,96555582,952916458941673
41.4102,disk8w,4128768,601,984243925
41.4102,ram,68141056,64698810368,279414
41.4102,cpu,14969142,21727479,519284205
41.4102,gpu,21,0,0
41.6102,disk0,905181367103488,2036313089,12649572634401452
41.6102,disk0w,1979519139840,18849555,1162918072990
41.6102,disk5,36050653771776,72566852,596954444037329
41.6102,disk5w,225980416,35966,1254168700
41.6102,disk4,39072023737344,39164045,410374695283136
41.6102,disk4w,1447560398848,1495270,591099736239
41.6102,disk8,59451807332352,96556926,952943798712324
41.6102,disk8w,4128768,601,984243925
41.6102,ram,67928064,64698843136,279414
41.6102,cpu,14969142,21727479,519284214
41.6102,gpu,49,0,0
41.8102,disk0,905182996131840,2036315968,12649592183202244
41.8102,disk0w,1979519139840,18849555,1162918072990
41.8102,disk5,36051492567040,72568576,596979256848966
41.8102,disk5w,225980416,35966,1254168700
41.8102,disk4,39072889041920,39164895,410386638009480
41.8102,disk4w,1447560398848,1495270,591099736239
41.8102,disk8,59453074159616,96558644,952972234531800
41.8102,disk8w,4128768,601,984243925
41.8102,ram,67928064,64698843136,279414
41.8102,cpu,14969142,21727479,519284214
41.8102,gpu,62,0,0
42.0012,disk0,905184536997888,2036319184,12649611206794216
42.0012,disk0w,1979519139840,18849555,1162918072990
42.0012,disk5,36051948795904,72569510,596986069383647
42.0012,disk5w,225980416,35966,1254168700
42.0012,disk4,39073596371968,39165592,410395538591749
42.0012,disk4w,1447560398848,1495270,591099736239
42.0012,disk8,59454182356992,96560125,952998441263550
42.0012,disk8w,4128768,601,984243925
42.0012,ram,67928064,64698843136,279414
42.0012,cpu,14969142,21727479,519284214
42.0012,gpu,0,0,0
42.2071,disk0,905186803609600,2036323853,12649637374021672
42.2071,disk0w,1979519139840,18849555,1162918072990
42.2071,disk5,36052830877696,72571310,596998737305908
42.2071,disk5w,225980416,35966,1254168700
42.2071,disk4,39074597958656,39166583,410403701225997
42.2071,disk4w,1447560398848,1495270,591099736239
42.2071,disk8,59455472547840,96561925,953018770746243
42.2071,disk8w,4128768,601,984243925
42.2071,ram,67928064,64698843136,279414
42.2071,cpu,14969142,21727479,519284214
42.2071,gpu,35,0,0
42.4111,disk0,905188872241152,2036327950,12649664506206578
42.4111,disk0w,1979519139840,18849555,1162918072990
42.4111,disk5,36053750904832,72573093,597018292107861
42.4111,disk5w,225980416,35966,1254168700
42.4111,disk4,39075480155136,39167454,410414029144398
42.4111,disk4w,1447560398848,1495270,591099736239
42.4111,disk8,59456626554880,96563830,953040422473049
42.4111,disk8w,4128768,601,984243925
42.4111,ram,67436544,65928871936,279414
42.4111,cpu,14969158,21727610,519285841
42.4111,gpu,22,1,0
42.6102,disk0,905191286255616,2036333173,12649696365692117
42.6102,disk0w,1979519139840,18849555,1162918072990
42.6102,disk5,36054633527296,72574803,597031223829526
42.6102,disk5w,225980416,35966,1254168700
42.6102,disk4,39076298814464,39168267,410418989132832
42.6102,disk4w,1447560398848,1495270,591099736239
42.6102,disk8,59457820801024,96565883,953058209408291
42.6102,disk8w,4128768,601,984243925
42.6102,ram,67125248,66029633536,279414
42.6102,cpu,14969158,21727617,519285913
42.6102,gpu,47,0,0
42.8102,disk0,905192895053824,2036336493,12649712545551361
42.8102,disk0w,1979519139840,18849555,1162918072990
42.8102,disk5,36055297734656,72576089,597042120827862
42.8102,disk5w,225980416,35966,1254168700
42.8102,disk4,39076943492096,39168909,410422857892651
42.8102,disk4w,1447560398848,1495270,591099736239
42.8102,disk8,59459050190848,96568171,953088116968736
42.8102,disk8w,4128768,601,984243925
42.8102,ram,67125248,66029633536,279414
42.8102,cpu,14969158,21727617,519285913
42.8102,gpu,68,0,0
43.0102,disk0,905194321428480,2036340040,12649732728078592
43.0102,disk0w,1979519139840,18849555,1162918072990
43.0102,disk5,36056019761152,72577519,597061793891798
43.0102,disk5w,225980416,35966,1254168700
43.0102,disk4,39077595231232,39169549,410433973259976
43.0102,disk4w,1447560398848,1495270,591099736239
43.0102,disk8,59460005656576,96569628,953116092442098
43.0102,disk8w,4128768,601,984243925
43.0102,ram,67125248,66029633536,279414
43.0102,cpu,14969158,21727617,519285913
43.0102,gpu,54,0,0
43.2102,disk0,905195610107904,2036342616,12649750155894175
43.2102,disk0w,1979519139840,18849555,1162918072990
43.2102,disk5,36056423348224,72578321,597069209843233
43.2102,disk5w,225980416,35966,1254168700
43.2102,disk4,39078023296000,39169973,410437555544884
43.2102,disk4w,1447560398848,1495270,591099736239
43.2102,disk8,59461121587200,96571797,953150756145920
43.2102,disk8w,4128768,601,984243925
43.2102,ram,67125248,66029633536,279414
43.2102,cpu,14969158,21727617,519285913
43.2102,gpu,12,0,0
43.4102,disk0,905197644533760,2036346508,12649782549315701
43.4102,disk0w,1979519139840,18849555,1162918072990
43.4102,disk5,36057335805952,72580122,597090134468452
43.4102,disk5w,225980416,35966,1254168700
43.4102,disk4,39078972929024,39170904,410448333748907
43.4102,disk4w,1447560398848,1495270,591099736239
43.4102,disk8,59462451132416,96574409,953186501439012
43.4102,disk8w,4128768,601,984243925
43.4102,ram,67125248,66029633536,279414
43.4102,cpu,14969158,21727617,519285913
43.4102,gpu,33,0,0
43.6040,disk0,905199787085824,2036351908,12649814402047561
43.6040,disk0w,1979519139840,18849555,1162918072990
43.6040,disk5,36058012071936,72581455,597105226677426
43.6040,disk5w,225980416,35966,1254168700
43.6040,disk4,39079826764800,39171745,410460763516792
43.6040,disk4w,1447560398848,1495270,591099736239
43.6040,disk8,59463384430592,96576145,953212053604948
43.6040,disk8w,4128768,601,984243925
43.6040,ram,69500928,66102067200,279414
43.6040,cpu,14969180,21727750,519287611
43.6040,gpu,0,0,0
43.8102,disk0,905201488928768,2036355697,12649833497015127
43.8102,disk0w,1979519176704,18849557,1162918112197
43.8102,disk5,36058640922624,72582691,597114117290433
43.8102,disk5w,225980416,35966,1254168700
43.8102,disk4,39080682353664,39172589,410471041070166
43.8102,disk4w,1447560398848,1495270,591099736239
43.8102,disk8,59464615475200,96578037,953243148277476
43.8102,disk8w,4128768,601,984243925
43.8102,ram,69500928,66102067200,279414
43.8102,cpu,14969180,21727750,519287611
43.8102,gpu,51,0,0
44.0102,disk0,905203239546880,2036365123,12649858898928988
44.0102,disk0w,1979519176704,18849557,1162918112197
44.0102,disk5,36059485878272,72584362,597129878446659
44.0102,disk5w,225980416,35966,1254168700
44.0102,disk4,39081428333568,39173325,410477236861788
44.0102,disk4w,1447560398848,1495270,591099736239
44.0102,disk8,59465788749824,96580059,953264888847980
44.0102,disk8w,4128768,601,984243925
44.0102,ram,69500928,66102067200,279414
44.0102,cpu,14969180,21727750,519287611
44.0102,gpu,32,0,0
44.2089,disk0,905205051043840,2036372292,12649882521717797
44.2089,disk0w,1979519193088,18849558,1162918133405
44.2089,disk5,36060283746304,72585934,597152541901094
44.2089,disk5w,225980416,35966,1254168700
44.2089,disk4,39082156798976,39174046,410484306668096
44.2089,disk4w,1447560398848,1495270,591099736239
44.2089,disk8,59466674796544,96581713,953286782013916
44.2089,disk8w,4128768,601,984243925
44.2089,ram,69500928,66102067200,279414
44.2089,cpu,14969180,21727750,519287611
44.2089,gpu,49,0,0
44.4096,disk0,905206796914688,2036375317,12649904795005224
44.4096,disk0w,1979519193088,18849558,1162918133405
44.4096,disk5,36061029324800,72587403,597164191524635
44.4096,disk5w,225980416,35966,1254168700
44.4096,disk4,39083236144128,39175103,410500380135042
44.4096,disk4w,1447560398848,1495270,591099736239
44.4096,disk8,59468034914304,96584307,953320769515991
44.4096,disk8w,4128768,601,984243925
44.4096,ram,69500928,66102067200,279414
44.4096,cpu,14969180,21727750,519287611
44.4096,gpu,0,0,0
44.6009,disk0,905208457121792,2036378253,12649926872063852
44.6009,disk0w,1979519193088,18849558,1162918133405
44.6009,disk5,36061727864832,72588782,597179853573597
44.6009,disk5w,225980416,35966,1254168700
44.6009,disk4,39083996083200,39175850,410510640065753
44.6009,disk4w,1447560398848,1495270,591099736239
44.6009,disk8,59468937377792,96586203,953343735276274
44.6009,disk8w,4128768,601,984243925
44.6009,ram,71843840,64999161856,279418
44.6009,cpu,14969203,21727900,519289291
44.6009,gpu,51,0,0
44.8080,disk0,905210097295360,2036381606,12649945547023410
44.8080,disk0w,1979519209472,18849559,1162918167780
44.8080,disk5,36062527887360,72590379,597196074661522
44.8080,disk5w,225980416,35966,1254168700
44.8080,disk4,39084580598784,39176429,410514897842729
44.8080,disk4w,1447560398848,1495270,591099736239
44.8080,disk8,59469831026688,96587843,953365610042253
44.8080,disk8w,4128768,601,984243925
44.8080,ram,71843840,64999161856,279418
44.8080,cpu,14969203,21727900,519289291
44.8080,gpu,90,0,0
45.0103,disk0,905212216881152,2036388552,12649958919048843
45.0103,disk0w,1979519209472,18849559,1162918167780
45.0103,disk5,36063154305024,72591668,597201476456923
45.0103,disk5w,225980416,35966,1254168700
45.0103,disk4,39085246247936,39177114,410516755861759
45.0103,disk4w,1447560398848,1495270,591099736239
45.0103,disk8,59471083878400,96589728,953375312376457
45.0103,disk8w,4128768,601,984243925
45.0103,ram,71843840,64999161856,279418
45.0103,cpu,14969203,21727900,519289291
45.0103,gpu,30,0,0
45.2103,disk0,905214822858752,2036392722,12649974852997059
45.2103,disk0w,1979519209472,18849559,1162918167780
45.2103,disk5,36063758104576,72592904,597205372764484
45.2103,disk5w,225980416,35966,1254168700
45.2103,disk4,39085825848320,39177708,410517468042232
45.2103,disk4w,1447560398848,1495270,591099736239
45.2103,disk8,59472290527232,96591091,953380819071452
45.2103,disk8w,4128768,601,984243925
45.2103,ram,71843840,64999161856,279418
45.2103,cpu,14969203,21727900,519289291
45.2103,gpu,24,0,0
45.4103,disk0,905217219264512,2036397371,12649991078618973
45.4103,disk0w,1979519209472,18849559,1162918167780
45.4103,disk5,36064415750144,72594250,597208813446935
45.4103,disk5w,225980416,35966,1254168700
45.4103,disk4,39086405448704,39178302,410518306302532
45.4103,disk4w,1447560398848,1495270,591099736239
45.4103,disk8,59473461327872,96592940,953390636806831
45.4103,disk8w,4128768,601,984243925
45.4103,ram,71843840,64999161856,279418
45.4103,cpu,14969203,21727900,519289291
45.4103,gpu,21,2,0
45.6103,disk0,905219427446784,2036401690,12650004164544822
45.6103,disk0w,1979519209472,18849559,1162918167780
45.6103,disk5,36065091696640,72595618,597212435840875
45.6103,disk5w,225980416,35966,1254168700
45.6103,disk4,39086959752192,39178870,410518976449936
45.6103,disk4w,1447560398848,1495270,591099736239
45.6103,disk8,59474731759616,96594822,953401765154811
45.6103,disk8w,4128768,601,984243925
45.6103,ram,66486272,66309767168,279419
45.6103,cpu,14969223,21728012,519291017
45.6103,gpu,0,0,0
45.8103,disk0,905221594759168,2036406273,12650017236075458
45.8103,disk0w,1979519209472,18849559,1162918167780
45.8103,disk5,36065703884800,72596807,597215812026841
45.8103,disk5w,225980416,35966,1254168700
45.8103,disk4,39087547085824,39179472,410519635235233
45.8103,disk4w,1447560398848,1495270,591099736239
45.8103,disk8,59476045477888,96597289,953418406768029
45.8103,disk8w,4128768,601,984243925
45.8103,ram,66486272,66309767168,279419
45.8103,cpu,14969223,21728012,519291017
45.8103,gpu,29,0,0
46.0103,disk0,905223891296256,2036411077,12650029615119211
46.0103,disk0w,1979519209472,18849559,1162918167780
46.0103,disk5,36066249816064,72597885,597218367889191
46.0103,disk5w,225980416,35966,1254168700
46.0103,disk4,39088073995264,39180012,410520357920300
46.0103,disk4w,1447560398848,1495270,591099736239
46.0103,disk8,59477355624448,96599779,953433120049708
46.0103,disk8w,4128768,601,984243925
46.0103,ram,66486272,66309767168,279419
46.0103,cpu,14969223,21728012,519291017
46.0103,gpu,0,0,0
46.2103,disk0,905225969004544,2036417749,12650042234287956
46.2103,disk0w,1979519209472,18849559,1162918167780
46.2103,disk5,36067048224768,72599464,597224730164031
46.2103,disk5w,225980416,35966,1254168700
46.2103,disk4,39088597365760,39180548,410521039905367
46.2103,disk4w,1447560398848,1495270,591099736239
46.2103,disk8,59478561617920,96601931,953445675471098
46.2103,disk8w,4128768,601,984243925
46.2103,ram,66486272,66309767168,279419
46.2103,cpu,14969223,21728012,519291017
46.2103,gpu,38,0,0
46.4009,disk0,905227334721536,2036420232,12650050481700474
46.4009,disk0w,1979519209472,18849559,1162918167780
46.4009,disk5,36067504453632,72600371,597229548520180
46.4009,disk5w,225980416,35966,1254168700
46.4009,disk4,39088925832192,39180885,410521455317584
46.4009,disk4w,1447560398848,1495270,591099736239
46.4009,disk8,59479175002112,96603225,953451304544835
46.4009,disk8w,4128768,601,984243925
46.4009,ram,66486272,66309767168,279419
46.4009,cpu,14969223,21728012,519291017
46.4009,gpu,100,0,0
46.6088,disk0,905229159542784,2036423803,12650064527457252
46.6088,disk0w,1979519225856,18849560,1162918189988
46.6088,disk5,36068435638272,72602278,597249849178578
46.6088,disk5w,225980416,35966,1254168700
46.6088,disk4,39089689342976,39181638,410528167113620
46.6088,disk4w,1447560398848,1495270,591099736239
46.6088,disk8,59480538118144,96605103,953480251864421
46.6088,disk8w,4128768,601,984243925
46.6088,ram,71467008,66649243648,279419
46.6088,cpu,14969254,21728143,519292567
46.6088,gpu,21,0,0
46.8008,disk0,905231400869888,2036428214,12650083941519230
46.8008,disk0w,1979519225856,18849560,1162918189988
46.8008,disk5,36069281970176,72604011,597260450810695
46.8008,disk5w,225980416,35966,1254168700
46.8008,disk4,39090511066112,39182466,410531056993720
46.8008,disk4w,1447560398848,1495270,591099736239
46.8008,disk8,59481858750464,96607159,953501157644285
46.8008,disk8w,4128768,601,984243925
46.8008,ram,71467008,66649243648,279419
46.8008,cpu,14969254,21728143,519292567
46.8008,gpu,26,0,0
47.0073,disk0,905233752076288,2036432152,12650104450743774
47.0073,disk0w,1979519225856,18849560,1162918189988
47.0073,disk5,36070146373632,72605784,597271200943379
47.0073,disk5w,225980416,35966,1254168700
47.0073,disk4,39091549189120,39183493,410541993108582
47.0073,disk4w,1447560398848,1495270,591099736239
47.0073,disk8,59482964375552,96608362,953516375034057
47.0073,disk8w,4128768,601,984243925
47.0073,ram,71467008,66649243648,279419
47.0073,cpu,14969254,21728143,519292567
47.0073,gpu,26,0,0
47.2022,disk0,905235949703168,2036435716,12650123714007342
47.2022,disk0w,1979519225856,18849560,1162918189988
47.2022,disk5,36070970955776,72607472,597282996014097
47.2022,disk5w,225980416,35966,1254168700
47.2022,disk4,39092392883200,39184333,410546049320378
47.2022,disk4w,1447560398848,1495270,591099736239
47.2022,disk8,59484212492288,96609846,953529947889560
47.2022,disk8w,4128768,601,984243925
47.2022,ram,71467008,66649243648,279419
47.2022,cpu,14969254,21728143,519292567
47.2022,gpu,30,0,0
47.4046,disk0,905237779042304,2036438620,12650137775351494
47.4046,disk0w,1979519225856,18849560,1162918189988
47.4046,disk5,36071750891520,72609072,597297880768519
47.4046,disk5w,225980416,35966,1254168700
47.4046,disk4,39092963390464,39184899,410548072324346
47.4046,disk4w,1447560398848,1495270,591099736239
47.4046,disk8,59485615093760,96611798,953562100668040
47.4046,disk8w,4128768,601,984243925
47.4046,ram,71467008,66649243648,279419
47.4046,cpu,14969254,21728143,519292567
47.4046,gpu,0,0,0
47.6103,disk0,905239669411840,2036442746,12650153598809990
47.6103,disk0w,1979519225856,18849560,1162918189988
47.6103,disk5,36072298526720,72610194,597302511592762
47.6103,disk5w,225980416,35966,1254168700
47.6103,disk4,39093455139840,39185401,410548851833893
47.6103,disk4w,1447560398848,1495270,591099736239
47.6103,disk8,59486773000192,96613527,953579385140812
47.6103,disk8w,4128768,601,984243925
47.6103,ram,74596352,67050389504,279419
47.6103,cpu,14969268,21728263,519294285
47.6103,gpu,23,0,0
47.8103,disk0,905241689690112,2036446547,12650165872873147
47.8103,disk0w,1979519238144,18849561,1162918206196
47.8103,disk5,36073011156992,72611654,597307691504668
47.8103,disk5w,225980416,35966,1254168700
47.8103,disk4,39093982000128,39185938,410549717851840
47.8103,disk4w,1447560398848,1495270,591099736239
47.8103,disk8,59488104036352,96615504,953595003622609
47.8103,disk8w,4128768,601,984243925
47.8103,ram,74596352,67050389504,279419
47.8103,cpu,14969268,21728263,519294285
47.8103,gpu,18,0,0
48.0103,disk0,905243764891648,2036450766,12650180867975835
48.0103,disk0w,1979519246336,18849563,1162918249987
48.0103,disk5,36073674946560,72613015,597311893219085
48.0103,disk5w,225980416,35966,1254168700
48.0103,disk4,39094489904128,39186458,410550316285381
48.0103,disk4w,1447560398848,1495270,591099736239
48.0103,disk8,59489301411840,96617273,953605959774339
48.0103,disk8w,4128768,601,984243925
48.0103,ram,74596352,67050389504,279419
48.0103,cpu,14969268,21728263,519294285
48.0103,gpu,66,0,0
48.2026,disk0,905245980585984,2036455126,12650196729859146
48.2026,disk0w,1979519246336,18849563,1162918249987
48.2026,disk5,36074479106048,72614578,597318728316473
48.2026,disk5w,225980416,35966,1254168700
48.2026,disk4,39095044551680,39187024,410551089184615
48.2026,disk4w,1447560398848,1495270,591099736239
48.2026,disk8,59490526705664,96619340,953620812547742
48.2026,disk8w,4128768,601,984243925
48.2026,ram,74596352,67050389504,279419
48.2026,cpu,14969268,21728263,519294285
48.2026,gpu,39,0,0
48.4103,disk0,905248176422912,2036459660,12650211047422524
48.4103,disk0w,1979519311872,18849565,1162918292361
48.4103,disk5,36075320375296,72616207,597323666002970
48.4103,disk5w,225980416,35966,1254168700
48.4103,disk4,39095673615360,39187664,410552292213686
48.4103,disk4w,1447560398848,1495270,591099736239
48.4103,disk8,59491875239936,96621781,953638082783865
48.4103,disk8w,4128768,601,984243925
48.4103,ram,74596352,67050389504,279419
48.4103,cpu,14969268,21728263,519294285
48.4103,gpu,33,0,0
48.6103,disk0,905250204663808,2036463739,12650221101903839
48.6103,disk0w,1979519311872,18849565,1162918292361
48.6103,disk5,36076211058688,72617969,597333504135217
48.6103,disk5w,225980416,35966,1254168700
48.6103,disk4,39096248628224,39188253,410553143933993
48.6103,disk4w,1447560398848,1495270,591099736239
48.6103,disk8,59493102319616,96624074,953653014556280
48.6103,disk8w,4128768,601,984243925
48.6103,ram,76218368,63895224320,279423
48.6103,cpu,14969287,21728370,519296004
48.6103,gpu,56,0,0
48.8066,disk0,905252426997760,2036468885,12650237867434344
48.8066,disk0w,1979519311872,18849565,1162918292361
48.8066,disk5,36077120894976,72619769,597341001014263
48.8066,disk5w,225980416,35966,1254168700
48.8066,disk4,39096923698176,39188940,410554763518543
48.8066,disk4w,1447560398848,1495270,591099736239
48.8066,disk8,59494237976576,96626042,953663451900168
48.8066,disk8w,4128768,601,984243925
48.8066,ram,77266944,63895273472,279423
48.8066,cpu,14969287,21728370,519296015
48.8066,gpu,28,0,0
49.0103,disk0,905254328598528,2036478592,12650256487387938
49.0103,disk0w,1979519311872,18849565,1162918292361
49.0103,disk5,36077877524480,72621265,597345174115720
49.0103,disk5w,225980416,35966,1254168700
49.0103,disk4,39097345225728,39189372,410555199500441
49.0103,disk4w,1447560398848,1495270,591099736239
49.0103,disk8,59495480424448,96628111,953679096540609
49.0103,disk8w,4128768,601,984243925
49.0103,ram,77266944,63895273472,279423
49.0103,cpu,14969287,21728370,519296015
49.0103,gpu,53,0,0
49.2103,disk0,905256375132160,2036482240,12650267255432505
49.2103,disk0w,1979519311872,18849565,1162918292361
49.2103,disk5,36078745073664,72622976,597357608678831
49.2103,disk5w,225980416,35966,1254168700
49.2103,disk4,39097858700288,39189894,410556107027353
49.2103,disk4w,1447560398848,1495270,591099736239
49.2103,disk8,59496834758656,96630664,953694503349817
49.2103,disk8w,4128768,601,984243925
49.2103,ram,77266944,63895273472,279423
49.2103,cpu,14969287,21728370,519296015
49.2103,gpu,42,0,0
49.4103,disk0,905258109657088,2036485618,12650278508425654
49.4103,disk0w,1979519311872,18849565,1162918292361
49.4103,disk5,36079419062272,72624322,597364698829034
49.4103,disk5w,225980416,35966,1254168700
49.4103,disk4,39098425111552,39190467,410558354915206
49.4103,disk4w,1447560398848,1495270,591099736239
49.4103,disk8,59497848649728,96632667,953708900606137
49.4103,disk8w,4128768,601,984243925
49.4103,ram,77266944,63895273472,279423
49.4103,cpu,14969287,21728370,519296015
49.4103,gpu,64,0,0
49.6103,disk0,905260306255872,2036490051,12650291345009578
49.6103,disk0w,1979519311872,18849565,1162918292361
49.6103,disk5,36080156047360,72625833,597369224215862
49.6103,disk5w,225980416,35966,1254168700
49.6103,disk4,39098960802816,39191016,410559045674026
49.6103,disk4w,1447560398848,1495270,591099736239
49.6103,disk8,59499071518720,96634547,953719812455041
49.6103,disk8w,4128768,601,984243925
49.6103,ram,79740928,65404878848,279423
49.6103,cpu,14969306,21728480,519297664
49.6103,gpu,28,0,0
49.8103,disk0,905262767996928,2036493865,12650302606838808
49.8103,disk0w,1979519311872,18849565,1162918292361
49.8103,disk5,36080857937920,72627270,597373118523676
49.8103,disk5w,225980416,35966,1254168700
49.8103,disk4,39099522839552,39191592,410559686156847
49.8103,disk4w,1447560398848,1495270,591099736239
49.8103,disk8,59500305823744,96636096,953728808369109
49.8103,disk8w,4128768,601,984243925
49.8103,ram,79888384,65416609792,279423
49.8103,cpu,14969308,21728481,519297741
49.8103,gpu,28,0,0
50.0103,disk0,905265087164416,2036498291,12650319011535267
50.0103,disk0w,1979519311872,18849565,1162918292361
50.0103,disk5,36081366046720,72628312,597375769625709
50.0103,disk5w,225980416,35966,1254168700
50.0103,disk4,39099988276224,39192069,410560218928398
50.0103,disk4w,1447560398848,1495270,591099736239
50.0103,disk8,59501391722496,96637674,953737758727251
50.0103,disk8w,4128768,601,984243925
50.0103,ram,79888384,65416609792,279423
50.0103,cpu,14969308,21728481,519297741
50.0103,gpu,0,0,0
50.2103,disk0,905267223486464,2036502452,12650330003425673
50.2103,disk0w,1979519311872,18849565,1162918292361
50.2103,disk5,36082085197824,72629759,597380289251943
50.2103,disk5w,225980416,35966,1254168700
50.2103,disk4,39100488840192,39192582,410560913236769
50.2103,disk4w,1447560398848,1495270,591099736239
50.2103,disk8,59502675605504,96639690,953749810088279
50.2103,disk8w,4128768,601,984243925
50.2103,ram,79888384,65416609792,279423
50.2103,cpu,14969308,21728481,519297741
50.2103,gpu,34,0,0
50.4064,disk0,905269400223744,2036507007,12650346554491819
50.4064,disk0w,1979519311872,18849565,1162918292361
50.4064,disk5,36082894469120,72631337,597386434856770
50.4064,disk5w,225980416,35966,1254168700
50.4064,disk4,39101059658752,39193167,410561600566613
50.4064,disk4w,1447560398848,1495270,591099736239
50.4064,disk8,59503693117440,96641536,953756690229659
50.4064,disk8w,4128768,601,984243925
50.4064,ram,79888384,65416609792,279423
50.4064,cpu,14969308,21728481,519297741
50.4064,gpu,0,0,0
50.6005,disk0,905271575810048,2036511559,12650358938319124
50.6005,disk0w,1979519311872,18849565,1162918292361
50.6005,disk5,36083654359040,72632843,597391807930817
50.6005,disk5w,225980416,35966,1254168700
50.6005,disk4,39101665604608,39193788,410562390125333
50.6005,disk4w,1447560398848,1495270,591099736239
50.6005,disk8,59504941479936,96643661,953768599182446
50.6005,disk8w,4128768,601,984243925
50.6005,ram,79888384,65416609792,279423
50.6005,cpu,14969308,21728481,519297741
50.6005,gpu,40,0,0
50.8055,disk0,905274029060096,2036520201,12650376449693620
50.8055,disk0w,1979519311872,18849565,1162918292361
50.8055,disk5,36084494415872,72634505,597398336677429
50.8055,disk5w,225980416,35966,1254168700
50.8055,disk4,39102140871680,39194275,410562932288336
50.8055,disk4w,1447560398848,1495270,591099736239
50.8055,disk8,59506168936448,96646069,953780004856223
50.8055,disk8w,4128768,601,984243925
50.8055,ram,78299136,64930250752,279423
50.8055,cpu,14969323,21728578,519299339
50.8055,gpu,0,0,0
51.0052,disk0,905275821924352,2036525063,12650386072368711
51.0052,disk0w,1979519311872,18849565,1162918292361
51.0052,disk5,36085366822912,72636283,597407942339460
51.0052,disk5w,225980416,35966,1254168700
51.0052,disk4,39102587646976,39194733,410563700153882
51.0052,disk4w,1447560398848,1495270,591099736239
51.0052,disk8,59507173259264,96647653,953787623026705
51.0052,disk8w,4128768,601,984243925
51.0052,ram,78299136,64930250752,279423
51.0052,cpu,14969323,21728578,519299339
51.0052,gpu,30,0,0
51.2103,disk0,905278199541760,2036528931,12650395406674139
51.2103,disk0w,1979519311872,18849565,1162918292361
51.2103,disk5,36086051928064,72637687,597413026952108
51.2103,disk5w,225980416,35966,1254168700
51.2103,disk4,39103255065600,39195417,410564648092734
51.2103,disk4w,1447560398848,1495270,591099736239
51.2103,disk8,59508551677952,96649354,953797567059439
51.2103,disk8w,4128768,601,984243925
51.2103,ram,78299136,64930250752,279423
51.2103,cpu,14969323,21728578,519299339
51.2103,gpu,30,0,0
51.4103,disk0,905280570085376,2036533299,12650407599220061
51.4103,disk0w,1979519311872,18849565,1162918292361
51.4103,disk5,36086888814592,72639398,597419724969017
51.4103,disk5w,225980416,35966,1254168700
51.4103,disk4,39103904920576,39196083,410565487110805
51.4103,disk4w,1447560398848,1495270,591099736239
51.4103,disk8,59509811263488,96651099,953806455365286
51.4103,disk8w,4128768,601,984243925
51.4103,ram,78299136,64930250752,279423
51.4103,cpu,14969323,21728578,519299339
51.4103,gpu,38,3,0
51.6103,disk0,905283052806144,2036538334,12650423997977756
51.6103,disk0w,1979519311872,18849565,1162918292361
51.6103,disk5,36087559436288,72640771,597424229422777
51.6103,disk5w,225980416,35966,1254168700
51.6103,disk4,39104572339200,39196767,410566452256575
51.6103,disk4w,1447560398848,1495270,591099736239
51.6103,disk8,59510957193216,96652858,953814495395775
51.6103,disk8w,4128768,601,984243925
51.6103,ram,78299136,64930250752,279423
51.6103,cpu,14969323,21728578,519299339
51.6103,gpu,36,0,0
51.8103,disk0,905285302755328,2036542817,12650435530888059
51.8103,disk0w,1979519311872,18849565,1162918292361
51.8103,disk5,36088213010432,72642037,597428087261740
51.8103,disk5w,225980416,35966,1254168700
51.8103,disk4,39105109079040,39197317,410567092165732
51.8103,disk4w,1447560398848,1495270,591099736239
51.8103,disk8,59512241158144,96655123,953829294367761
51.8103,disk8w,4128768,601,984243925
51.8103,ram,81215488,64681066496,279423
51.8103,cpu,14969350,21728714,519301029
51.8103,gpu,25,0,0
52.0103,disk0,905287728738304,2036548398,12650455148270736
52.0103,disk0w,1979519311872,18849565,1162918292361
52.0103,disk5,36088761808896,72643122,597431347660034
52.0103,disk5w,225980416,35966,1254168700
52.0103,disk4,39105639134208,39197860,410567675533982
52.0103,disk4w,1447560398848,1495270,591099736239
52.0103,disk8,59513403455488,96657148,953840237380585
52.0103,disk8w,4128768,601,984243925
52.0103,ram,81215488,64681066496,279423
52.0103,cpu,14969350,21728714,519301029
52.0103,gpu,41,0,0
52.2103,disk0,905289837682688,2036554464,12650470615030994
52.2103,disk0w,1979519311872,18849565,1162918292361
52.2103,disk5,36089605257216,72644790,597436107950287
52.2103,disk5w,225980416,35966,1254168700
52.2103,disk4,39106091594752,39198324,410568206733543
52.2103,disk4w,1447560398848,1495270,591099736239
52.2103,disk8,59514602764288,96659172,953850839762952
52.2103,disk8w,4128768,601,984243925
52.2103,ram,81215488,64681066496,279423
52.2103,cpu,14969350,21728714,519301029
52.2103,gpu,38,0,0
52.4103,disk0,905292031328256,2036558448,12650488677850278
52.4103,disk0w,1979519311872,18849565,1162918292361
52.4103,disk5,36090043938816,72645673,597438701780851
52.4103,disk5w,225980416,35966,1254168700
52.4103,disk4,39106565796864,39198810,410568964678541
52.4103,disk4w,1447560398848,1495270,591099736239
52.4103,disk8,59515450521600,96660756,953857346010959
52.4103,disk8w,4128768,601,984243925
52.4103,ram,81215488,64681066496,279423
52.4103,cpu,14969350,21728714,519301029
52.4103,gpu,0,0,0
52.6103,disk0,905294454079488,2036562883,12650501813961990
52.6103,disk0w,1979519311872,18849565,1162918292361
52.6103,disk5,36090843518976,72647312,597443132835052
52.6103,disk5w,225980416,35966,1254168700
52.6103,disk4,39107214210048,39199474,410569882018357
52.6103,disk4w,1447560398848,1495270,591099736239
52.6103,disk8,59516759488512,96662520,953867087556854
52.6103,disk8w,4128768,601,984243925
52.6103,ram,81215488,64681066496,279423
52.6103,cpu,14969350,21728714,519301029
52.6103,gpu,23,0,0
52.8103,disk0,905296546398208,2036566542,12650508869363216
52.8103,disk0w,1979519311872,18849565,1162918292361
52.8103,disk5,36091640739840,72648946,597450703058539
52.8103,disk5w,225980416,35966,1254168700
52.8103,disk4,39107808228352,39200083,410570640779658
52.8103,disk4w,1447560398848,1495270,591099736239
52.8103,disk8,59518122244096,96664297,953877725773681
52.8103,disk8w,4128768,601,984243925
52.8103,ram,76464128,64730398720,279423
52.8103,cpu,14969368,21728822,519302760
52.8103,gpu,23,0,0
53.0103,disk0,905299018153984,2036571462,12650522234125373
53.0103,disk0w,1979519311872,18849565,1162918292361
53.0103,disk5,36092440197120,72650582,597455722959936
53.0103,disk5w,225980416,35966,1254168700
53.0103,disk4,39108550489088,39200844,410571919178944
53.0103,disk4w,1447560398848,1495270,591099736239
53.0103,disk8,59519412041728,96666153,953886575278304
53.0103,disk8w,4128768,601,984243925
53.0103,ram,76464128,64730398720,279423
53.0103,cpu,14969368,21728822,519302760
53.0103,gpu,28,0,0
53.2079,disk0,905301423898624,2036576439,12650535082455886
53.2079,disk0w,1979519311872,18849565,1162918292361
53.2079,disk5,36093158586368,72651992,597459940948253
53.2079,disk5w,225980416,35966,1254168700
53.2079,disk4,39109159580672,39201468,410572758786361
53.2079,disk4w,1447560398848,1495270,591099736239
53.2079,disk8,59520726202368,96668292,953898079476130
53.2079,disk8w,4128768,601,984243925
53.2079,ram,76464128,64730398720,279423
53.2079,cpu,14969368,21728822,519302760
53.2079,gpu,39,0,0
53.4103,disk0,905303735132160,2036581463,12650549296314316
53.4103,disk0w,1979519311872,18849565,1162918292361
53.4103,disk5,36093815175168,72653282,597463682164191
53.4103,disk5w,225980416,35966,1254168700
53.4103,disk4,39109806289920,39202131,410573613585468
53.4103,disk4w,1447560398848,1495270,591099736239
53.4103,disk8,59522021963776,96670684,953911166483306
53.4103,disk8w,4128768,601,984243925
53.4103,ram,76464128,64730398720,279423
53.4103,cpu,14969368,21728822,519302760
53.4103,gpu,42,1,0
53.6047,disk0,905305722785792,2036596233,12650568242058182
53.6047,disk0w,1979519311872,18849565,1162918292361
53.6047,disk5,36094548506624,72654727,597468270154530
53.6047,disk5w,225980416,35966,1254168700
53.6047,disk4,39110254162944,39202590,410574164040369
53.6047,disk4w,1447560398848,1495270,591099736239
53.6047,disk8,59523228907520,96672660,953922301922272
53.6047,disk8w,4128768,601,984243925
53.6047,ram,76464128,64730398720,279423
53.6047,cpu,14969368,21728822,519302760
53.6047,gpu,27,0,0
53.8103,disk0,905307806310400,2036600085,12650581272592939
53.8103,disk0w,1979519578112,18849575,1162918501983
53.8103,disk5,36095323207680,72656268,597474420040179
53.8103,disk5w,225980416,35966,1254168700
53.8103,disk4,39110781056000,39203130,410574884381893
53.8103,disk4w,1447560398848,1495270,591099736239
53.8103,disk8,59524257888256,96674692,953932995017811
53.8103,disk8w,4128768,601,984243925
53.8103,ram,61702144,63378620416,279441
53.8103,cpu,14969392,21728939,519304471
53.8103,gpu,40,0,0
54.0103,disk0,905310012010496,2036604201,12650592856881042
54.0103,disk0w,1979519578112,18849575,1162918501983
54.0103,disk5,36096083597312,72657829,597479403785984
54.0103,disk5w,225980416,35966,1254168700
54.0103,disk4,39111325529088,39203688,410575607149244
54.0103,disk4w,1447560398848,1495270,591099736239
54.0103,disk8,59525450217472,96676399,953943330773233
54.0103,disk8w,4128768,601,984243925
54.0103,ram,61702144,63378620416,279441
54.0103,cpu,14969392,21728939,519304471
54.0103,gpu,0,0,0
54.2032,disk0,905312119390208,2036607593,12650602869138098
54.2032,disk0w,1979519578112,18849575,1162918501983
54.2032,disk5,36096834746368,72659366,597485358186433
54.2032,disk5w,225980416,35966,1254168700
54.2032,disk4,39111878784000,39204255,410576323371725
54.2032,disk4w,1447560398848,1495270,591099736239
54.2032,disk8,59526598309888,96677794,953951474569952
54.2032,disk8w,4128768,601,984243925
54.2032,ram,61702144,63378620416,279441
54.2032,cpu,14969392,21728939,519304471
54.2032,gpu,33,4,0
54.4102,disk0,905314538647552,2036612099,12650614179262318
54.4102,disk0w,1979519578112,18849575,1162918501983
54.4102,disk5,36097571731456,72660876,597489370132220
54.4102,disk5w,225980416,35966,1254168700
54.4102,disk4,39112493511680,39204885,410577131433226
54.4102,disk4w,1447560398848,1495270,591099736239
54.4102,disk8,59527953315840,96679782,953964238337054
54.4102,disk8w,4128768,601,984243925
54.4102,ram,61702144,63378620416,279441
54.4102,cpu,14969392,21728939,519304471
54.4102,gpu,30,2,0
54.6038,disk0,905317009940480,2036617075,12650632018460333
54.6038,disk0w,1979519578112,18849575,1162918501983
54.6038,disk5,36098302031872,72662324,597494455098370
54.6038,disk5w,225980416,35966,1254168700
54.6038,disk4,39113046766592,39205452,410577882968959
54.6038,disk4w,1447560398848,1495270,591099736239
54.6038,disk8,59528981248000,96681462,953971614744791
54.6038,disk8w,4128768,601,984243925
54.6038,ram,61702144,63378620416,279441
54.6038,cpu,14969392,21728939,519304471
54.6038,gpu,27,2,0
54.8103,disk0,905319442771968,2036622436,12650648678220467
54.8103,disk0w,1979519578112,18849575,1162918501983
54.8103,disk5,36098905323520,72663503,597496823044631
54.8103,disk5w,225980416,35966,1254168700
54.8103,disk4,39113667785728,39206088,410578662168752
54.8103,disk4w,1447560398848,1495270,591099736239
54.8103,disk8,59530308204544,96683816,953985822587669
54.8103,disk8w,4128768,601,984243925
54.8103,ram,69779456,64919404544,279441
54.8103,cpu,14969419,21729050,519306187
54.8103,gpu,0,0,0
55.0021,disk0,905321430007808,2036628567,12650660521972658
55.0021,disk0w,1979519578112,18849575,1162918501983
55.0021,disk5,36099817781248,72665305,597504495274741
55.0021,disk5w,225980416,35966,1254168700
55.0021,disk4,39114162058240,39206595,410579324073008
55.0021,disk4w,1447560398848,1495270,591099736239
55.0021,disk8,59531571066880,96685954,953997833091096
55.0021,disk8w,4128768,601,984243925
55.0021,ram,69779456,64919404544,279441
55.0021,cpu,14969419,21729050,519306187
55.0021,gpu,29,1,0
55.2103,disk0,905323703767040,2036633053,12650672123953849
55.2103,disk0w,1979519578112,18849575,1162918501983
55.2103,disk5,36100677597184,72667005,597510799353508
55.2103,disk5w,225980416,35966,1254168700
55.2103,disk4,39114680185856,39207126,410579994308300
55.2103,disk4w,1447560398848,1495270,591099736239
55.2103,disk8,59532789135360,96688483,954009775005791
55.2103,disk8w,4128768,601,984243925
55.2103,ram,69779456,64919404544,279441
55.2103,cpu,14969419,21729050,519306187
55.2103,gpu,30,0,0
55.4103,disk0,905325578039296,2036639687,12650682554358633
55.4103,disk0w,1979519578112,18849575,1162918501983
55.4103,disk5,36101309298688,72668300,597514846339768
55.4103,disk5w,225980416,35966,1254168700
55.4103,disk4,39115294848000,39207756,410581477274132
55.4103,disk4w,1447560398848,1495270,591099736239
55.4103,disk8,59534017247232,96690251,954022329042761
55.4103,disk8w,4128768,601,984243925
55.4103,ram,69779456,64919404544,279441
55.4103,cpu,14969419,21729050,519306187
55.4103,gpu,38,4,0
55.6059,disk0,905328105111552,2036643798,12650696986416960
55.6059,disk0w,1979519578112,18849575,1162918501983
55.6059,disk5,36102081378304,72669882,597519459767658
55.6059,disk5w,225980416,35966,1254168700
55.6059,disk4,39116032521216,39208512,410582519068056
55.6059,disk4w,1447560398848,1495270,591099736239
55.6059,disk8,59535205890048,96691652,954028133082833
55.6059,disk8w,4128768,601,984243925
55.6059,ram,69779456,64919404544,279441
55.6059,cpu,14969419,21729050,519306187
55.6059,gpu,31,2,0
55.8103,disk0,905330349260800,2036648028,12650708194429734
55.8103,disk0w,1979519578112,18849575,1162918501983
55.8103,disk5,36102914881536,72671591,597528053004878
55.8103,disk5w,225980416,35966,1254168700
55.8103,disk4,39116548158464,39209040,410583115858928
55.8103,disk4w,1447560398848,1495270,591099736239
55.8103,disk8,59536466130944,96693582,954038666966563
55.8103,disk8w,4128768,601,984243925
55.8103,ram,71974912,64992215040,279441
55.8103,cpu,14969443,21729159,519307901
55.8103,gpu,29,0,0
56.0103,disk0,905332632047616,2036652927,12650725789328037
56.0103,disk0w,1979519578112,18849575,1162918501983
56.0103,disk5,36103665891328,72673100,597533962785838
56.0103,disk5w,225980416,35966,1254168700
56.0103,disk4,39117091582976,39209597,410583810407956
56.0103,disk4w,1447560398848,1495270,591099736239
56.0103,disk8,59537650759680,96695332,954045753515597
56.0103,disk8w,4128768,601,984243925
56.0103,ram,70483968,64992215040,279441
56.0103,cpu,14969443,21729159,519307909
56.0103,gpu,35,0,0
56.2103,disk0,905334616530944,2036657362,12650737532814896
56.2103,disk0w,1979519631360,18849578,1162918549440
56.2103,disk5,36104451848192,72674629,597539372546305
56.2103,disk5w,225980416,35966,1254168700
56.2103,disk4,39117613249536,39210132,410584394667820
56.2103,disk4w,1447560398848,1495270,591099736239
56.2103,disk8,59538960300032,96697547,954059493515291
56.2103,disk8w,4128768,601,984243925
56.2103,ram,70483968,64992215040,279441
56.2103,cpu,14969443,21729159,519307909
56.2103,gpu,37,0,0
56.4018,disk0,905336504131584,2036661681,12650745625140685
56.4018,disk0w,1979519631360,18849578,1162918549440
56.4018,disk5,36105245759488,72676200,597545358646066
56.4018,disk5w,225980416,35966,1254168700
56.4018,disk4,39118122595328,39210654,410584990572345
56.4018,disk4w,1447560398848,1495270,591099736239
56.4018,disk8,59540263843840,96699905,954074893951413
56.4018,disk8w,4128768,601,984243925
56.4018,ram,70483968,64992215040,279441
56.4018,cpu,14969443,21729159,519307909
56.4018,gpu,45,3,0
56.6034,disk0,905338350260224,2036667496,12650755561082565
56.6034,disk0w,1979519631360,18849578,1162918549440
56.6034,disk5,36106044061696,72677776,597551961053746
56.6034,disk5w,225980416,35966,1254168700
56.6034,disk4,39118576759808,39211119,410585508231774
56.6034,disk4w,1447560398848,1495270,591099736239
56.6034,disk8,59541616900096,96702386,954091541032016
56.6034,disk8w,4128768,601,984243925
56.6034,ram,70483968,64992215040,279441
56.6034,cpu,14969443,21729159,519307909
56.6034,gpu,34,0,0
56.8103,disk0,905340302741504,2036671044,12650766568814939
56.8103,disk0w,1979519631360,18849578,1162918549440
56.8103,disk5,36106714912768,72679119,597556754049408
56.8103,disk5w,225980416,35966,1254168700
56.8103,disk4,39119018308608,39211572,410586255862206
56.8103,disk4w,1447560398848,1495270,591099736239
56.8103,disk8,59542719019008,96704368,954101832912912
56.8103,disk8w,4128768,601,984243925
56.8103,ram,70483968,64992215040,279441
56.8103,cpu,14969443,21729159,519307909
56.8103,gpu,34,0,0
57.0103,disk0,905342324600832,2036679152,12650782388950902
57.0103,disk0w,1979519631360,18849578,1162918549440
57.0103,disk5,36107468404736,72680665,597564740537017
57.0103,disk5w,225980416,35966,1254168700
57.0103,disk4,39119597908992,39212166,410586938081716
57.0103,disk4w,1447560398848,1495270,591099736239
57.0103,disk8,59543896553472,96706057,954109442695318
57.0103,disk8w,4128768,601,984243925
57.0103,ram,66633728,64663502848,279445
57.0103,cpu,14969492,21729319,519309553
57.0103,gpu,22,0,0
57.2103,disk0,905344623063040,2036682943,12650794926669463
57.2103,disk0w,1979519631360,18849578,1162918549440
57.2103,disk5,36108160849920,72682082,597569133807532
57.2103,disk5w,225980416,35966,1254168700
57.2103,disk4,39120159945728,39212742,410587892927733
57.2103,disk4w,1447560398848,1495270,591099736239
57.2103,disk8,59545129809920,96707583,954118303569850
57.2103,disk8w,4128768,601,984243925
57.2103,ram,66633728,64663502848,279445
57.2103,cpu,14969492,21729319,519309553
57.2103,gpu,25,0,0
57.4103,disk0,905346614493184,2036686879,12650805268575835
57.4103,disk0w,1979519631360,18849578,1162918549440
57.4103,disk5,36108644071424,72683072,597572790879261
57.4103,disk5w,225980416,35966,1254168700
57.4103,disk4,39120634164224,39213228,410588417969863
57.4103,disk4w,1447560398848,1495270,591099736239
57.4103,disk8,59546409465856,96709534,954132929477490
57.4103,disk8w,4128768,601,984243925
57.4103,ram,66633728,64663502848,279445
57.4103,cpu,14969492,21729319,519309553
57.4103,gpu,0,0,0
57.6103,disk0,905349139533824,2036692037,12650820586893132
57.6103,disk0w,1979519631360,18849578,1162918549440
57.6103,disk5,36109512669184,72684806,597579694897714
57.6103,disk5w,225980416,35966,1254168700
57.6103,disk4,39121237619712,39213846,410589292791696
57.6103,disk4w,1447560398848,1495270,591099736239
57.6103,disk8,59547543451648,96711253,954139940395164
57.6103,disk8w,4128768,601,984243925
57.6103,ram,66633728,64663502848,279445
57.6103,cpu,14969492,21729319,519309553
57.6103,gpu,0,0,0
57.8103,disk0,905351355060224,2036696807,12650833225329501
57.8103,disk0w,1979519631360,18849578,1162918549440
57.8103,disk5,36110258509824,72686266,597583715352943
57.8103,disk5w,225980416,35966,1254168700
57.8103,disk4,39121837274112,39214461,410590074719948
57.8103,disk4w,1447560398848,1495270,591099736239
57.8103,disk8,59548876437504,96713597,954153949874616
57.8103,disk8w,4128768,601,984243925
57.8103,ram,66633728,64663502848,279445
57.8103,cpu,14969492,21729319,519309553
57.8103,gpu,34,0,0
58.0058,disk0,905353250848768,2036702465,12650844568358022
58.0058,disk0w,1979519631360,18849578,1162918549440
58.0058,disk5,36111159097344,72688047,597592569694792
58.0058,disk5w,225980416,35966,1254168700
58.0058,disk4,39122337838080,39214974,410590738081647
58.0058,disk4w,1447560398848,1495270,591099736239
58.0058,disk8,59550078547968,96715594,954165310406371
58.0058,disk8w,4128768,601,984243925
58.0058,ram,128909312,64668336128,279445
58.0058,cpu,14969507,21729432,519311421
58.0058,gpu,41,0,0
58.2075,disk0,905355461009408,2036709362,12650857779431355
58.2075,disk0w,1979519635456,18849579,1162918571315
58.2075,disk5,36112065787904,72689839,597600982082029
58.2075,disk5w,225980416,35966,1254168700
58.2075,disk4,39122803274752,39215451,410591267084525
58.2075,disk4w,1447560398848,1495270,591099736239
58.2075,disk8,59551227688960,96717797,954176077311000
58.2075,disk8w,4128768,601,984243925
58.2075,ram,128909312,64668336128,279445
58.2075,cpu,14969507,21729432,519311421
58.2075,gpu,32,0,0
58.4006,disk0,905357310529536,2036713765,12650868969798875
58.4006,disk0w,1979519635456,18849579,1162918571315
58.4006,disk5,36112768743424,72691278,597608509607331
58.4006,disk5w,225980416,35966,1254168700
58.4006,disk4,39123235664896,39215894,410591820230164
58.4006,disk4w,1447560398848,1495270,591099736239
58.4006,disk8,59552289142784,96719435,954183469605209
58.4006,disk8w,4128768,601,984243925
58.4006,ram,128909312,64668336128,279445
58.4006,cpu,14969507,21729432,519311421
58.4006,gpu,28,1,0
58.6012,disk0,905359649869824,2036717795,12650882303478527
58.6012,disk0w,1979519635456,18849579,1162918571315
58.6012,disk5,36113515829248,72692809,597616290402445
58.6012,disk5w,225980416,35966,1254168700
58.6012,disk4,39123786822656,39216459,410592495389520
58.6012,disk4w,1447560398848,1495270,591099736239
58.6012,disk8,59553432598528,96720826,954189606485121
58.6012,disk8w,4128768,601,984243925
58.6012,ram,128909312,64668336128,279445
58.6012,cpu,14969507,21729432,519311421
58.6012,gpu,32,0,0
58.8009,disk0,905361995497472,2036722408,12650894131025018
58.8009,disk0w,1979519635456,18849579,1162918571315
58.8009,disk5,36114383091712,72694586,597624169284361
58.8009,disk5w,225980416,35966,1254168700
58.8009,disk4,39124352005120,39217038,410593151418739
58.8009,disk4w,1447560398848,1495270,591099736239
58.8009,disk8,59554637871104,96722566,954198700876167
58.8009,disk8w,4128768,601,984243925
58.8009,ram,128909312,64668336128,279445
58.8009,cpu,14969507,21729432,519311421
58.8009,gpu,0,0,0
59.0103,disk0,905364677054464,2036727689,12650910962307045
59.0103,disk0w,1979519635456,18849579,1162918571315
59.0103,disk5,36115250624512,72696336,597630548793403
59.0103,disk5w,225980416,35966,1254168700
59.0103,disk4,39124963587072,39217665,410593923023940
59.0103,disk4w,1447560398848,1495270,591099736239
59.0103,disk8,59555815290880,96724286,954206508786717
59.0103,disk8w,4128768,601,984243925
59.0103,ram,150192128,64707608576,279445
59.0103,cpu,14969526,21729530,519313013
59.0103,gpu,34,0,0
59.2103,disk0,905367137243136,2036733111,12650928277630008
59.2103,disk0w,1979519635456,18849579,1162918571315
59.2103,disk5,36115917420544,72697633,597635172236008
59.2103,disk5w,225980416,35966,1254168700
59.2103,disk4,39125604660224,39218322,410594750986679
59.2103,disk4w,1447560398848,1495270,591099736239
59.2103,disk8,59557064210432,96726452,954216210670897
59.2103,disk8w,4128768,601,984243925
59.2103,ram,150192128,64707608576,279445
59.2103,cpu,14969526,21729530,519313013
59.2103,gpu,43,0,0
59.4074,disk0,905369590206464,2036738048,12650943618093784
59.4074,disk0w,1979519635456,18849579,1162918571315
59.4074,disk5,36116566669312,72698915,597639160565121
59.4074,disk5w,225980416,35966,1254168700
59.4074,disk4,39126193042432,39218925,410595488464768
59.4074,disk4w,1447560398848,1495270,591099736239
59.4074,disk8,59558296942592,96728650,954227821768365
59.4074,disk8w,4128768,601,984243925
59.4074,ram,150192128,64707608576,279445
59.4074,cpu,14969526,21729530,519313013
59.4074,gpu,28,1,0
59.6103,disk0,905371599114240,2036748399,12650961626080055
59.6103,disk0w,1979519635456,18849579,1162918571315
59.6103,disk5,36117258835968,72700281,597645538126721
59.6103,disk5w,225980416,35966,1254168700
59.6103,disk4,39126684824576,39219429,410596072335055
59.6103,disk4w,1447560398848,1495270,591099736239
59.6103,disk8,59559382005760,96730681,954238132958581
59.6103,disk8w,4128768,601,984243925
59.6103,ram,150192128,64707608576,279445
59.6103,cpu,14969526,21729530,519313013
59.6103,gpu,28,0,0
59.8103,disk0,905373231058944,2036751469,12650970060882935
59.8103,disk0w,1979523956736,18849991,1162928950932
59.8103,disk5,36117944137728,72701655,597650736363803
59.8103,disk5w,225980416,35966,1254168700
59.8103,disk4,39127211701248,39219969,410597074690475
59.8103,disk4w,1447560398848,1495270,591099736239
59.8103,disk8,59560490776576,96732671,954251570995330
59.8103,disk8w,4128768,601,984243925
59.8103,ram,150192128,64707608576,279445
59.8103,cpu,14969526,21729530,519313013
59.8103,gpu,36,0,0
60.0103,disk0,905375581855744,2036755708,12650981985004911
60.0103,disk0w,1979523956736,18849991,1162928950932
60.0103,disk5,36118645364736,72703093,597654372874121
60.0103,disk5w,225980416,35966,1254168700
60.0103,disk4,39127843992576,39220617,410597968388388
60.0103,disk4w,1447560398848,1495270,591099736239
60.0103,disk8,59561794156544,96734505,954262670978673
60.0103,disk8w,4128768,601,984243925
60.0103,ram,173490176,64863322112,279445
60.0103,cpu,14969545,21729656,519314728
60.0103,gpu,0,0,0
60.2103,disk0,905378041360384,2036759439,12650995386557581
60.2103,disk0w,1979523956736,18849991,1162928950932
60.2103,disk5,36119391795200,72704623,597659636111310
60.2103,disk5w,225980416,35966,1254168700
60.2103,disk4,39128435520512,39221223,410598655606677
60.2103,disk4w,1447560398848,1495270,591099736239
60.2103,disk8,59562976212992,96736089,954269499561633
60.2103,disk8w,4128768,601,984243925
60.2103,ram,173490176,64863322112,279445
60.2103,cpu,14969545,21729656,519314728
60.2103,gpu,31,0,0
60.4103,disk0,905380608241664,2036764749,12651018003801631
60.4103,disk0w,1979523956736,18849991,1162928950932
60.4103,disk5,36119848024064,72705557,597661630119836
60.4103,disk5w,225980416,35966,1254168700
60.4103,disk4,39129002144768,39221804,410599393155179
60.4103,disk4w,1447560398848,1495270,591099736239
60.4103,disk8,59564108412928,96737772,954277716151112
60.4103,disk8w,4128768,601,984243925
60.4103,ram,173490176,64863322112,279445
60.4103,cpu,14969545,21729656,519314728
60.4103,gpu,33,2,0
60.6103,disk0,905383082455040,2036769616,12651032889441598
60.6103,disk0w,1979523956736,18849991,1162928950932
60.6103,disk5,36120628492288,72707087,597665427302616
60.6103,disk5w,225980416,35966,1254168700
60.6103,disk4,39129740866560,39222561,410600394626263
60.6103,disk4w,1447560398848,1495270,591099736239
60.6103,disk8,59565442791424,96740031,954287794599553
60.6103,disk8w,4128768,601,984243925
60.6103,ram,173490176,64863322112,279445
60.6103,cpu,14969545,21729656,519314728
60.6103,gpu,0,0,0
60.8059,disk0,905385208918016,2036774335,12651045423180922
60.8059,disk0w,1979523956736,18849991,1162928950932
60.8059,disk5,36121452165120,72708708,597670908904771
60.8059,disk5w,225980416,35966,1254168700
60.8059,disk4,39130285339648,39223119,410601136690461
60.8059,disk4w,1447560398848,1495270,591099736239
60.8059,disk8,59566646867968,96742126,954299734477112
60.8059,disk8w,4128768,601,984243925
60.8059,ram,173490176,64863322112,279445
60.8059,cpu,14969545,21729656,519314728
60.8059,gpu,44,0,0
61.0103,disk0,905387321421824,2036783830,12651063342457270
61.0103,disk0w,1979523956736,18849991,1162928950932
61.0103,disk5,36122303576064,72710394,597679015735374
61.0103,disk5w,225980416,35966,1254168700
61.0103,disk4,39130665055232,39223508,410601539951118
61.0103,disk4w,1447560398848,1495270,591099736239
61.0103,disk8,59567815047168,96744125,954308263007915
61.0103,disk8w,4128768,601,984243925
61.0103,ram,213827584,63202689024,279445
61.0103,cpu,14969560,21729766,519316444
61.0103,gpu,39,0,0
61.2075,disk0,905389101182976,2036787183,12651072584642334
61.2075,disk0w,1979523956736,18849991,1162928950932
61.2075,disk5,36123114436608,72711996,597688439435998
61.2075,disk5w,225980416,35966,1254168700
61.2075,disk4,39131141370880,39223996,410602128218244
61.2075,disk4w,1447560398848,1495270,591099736239
61.2075,disk8,59568787306496,96746036,954314197727278
61.2075,disk8w,4128768,601,984243925
61.2075,ram,212877312,63236227072,279445
61.2075,cpu,14969560,21729766,519316452
61.2075,gpu,62,0,0
61.4103,disk0,905391290552320,2036792442,12651085033016171
61.4103,disk0w,1979523956736,18849991,1162928950932
61.4103,disk5,36123886516224,72713578,597694249602602
61.4103,disk5w,225980416,35966,1254168700
61.4103,disk4,39131866018816,39224739,410603282658331
61.4103,disk4w,1447560398848,1495270,591099736239
61.4103,disk8,59570095732736,96748000,954326404036983
61.4103,disk8w,4128768,601,984243925
61.4103,ram,212877312,63236227072,279445
61.4103,cpu,14969560,21729766,519316452
61.4103,gpu,33,2,0
61.6055,disk0,905393721372672,2036796248,12651098231520591
61.6055,disk0w,1979523956736,18849991,1162928950932
61.6055,disk5,36124570204160,72714979,597698713117108
61.6055,disk5w,225980416,35966,1254168700
61.6055,disk4,39132471964672,39225360,410604140329669
61.6055,disk4w,1447560398848,1495270,591099736239
61.6055,disk8,59571228211200,96749349,954332363434353
61.6055,disk8w,4128768,601,984243925
61.6055,ram,212877312,63236227072,279445
61.6055,cpu,14969560,21729766,519316452
61.6055,gpu,32,0,0
61.8103,disk0,905396119699456,2036800854,12651115126692131
61.8103,disk0w,1979523956736,18849991,1162928950932
61.8103,disk5,36125285439488,72716446,597705455568418
61.8103,disk5w,225980416,35966,1254168700
61.8103,disk4,39132937401344,39225837,410604712446090
61.8103,disk4w,1447560398848,1495270,591099736239
61.8103,disk8,59572326840320,96750987,954339370960006
61.8103,disk8w,4128768,601,984243925
61.8103,ram,212877312,63236227072,279445
61.8103,cpu,14969560,21729766,519316452
61.8103,gpu,36,0,0
62.0069,disk0,905398288326656,2036805022,12651125719599240
62.0069,disk0w,1979523956736,18849991,1162928950932
62.0069,disk5,36126024660992,72717936,597710486247208
62.0069,disk5w,225980416,35966,1254168700
62.0069,disk4,39133474141184,39226387,410605403366653
62.0069,disk4w,1447560398848,1495270,591099736239
62.0069,disk8,59573587851264,96752835,954349989727385
62.0069,disk8w,4128768,601,984243925
62.0069,ram,212877312,63236227072,279445
62.0069,cpu,14969560,21729766,519316452
62.0069,gpu,28,0,0
62.2103,disk0,905400689082368,2036810350,12651138941052416
62.2103,disk0w,1979523964928,18849993,1162928985098
62.2103,disk5,36126831835136,72719505,597715385703292
62.2103,disk5w,225980416,35966,1254168700
62.2103,disk4,39134096602112,39227025,410606223854980
62.2103,disk4w,1447560398848,1495270,591099736239
62.2103,disk8,59574866098176,96755071,954362678607722
62.2103,disk8w,4128768,601,984243925
62.2103,ram,211386368,64643006464,279445
62.2103,cpu,14969590,21729899,519318146
62.2103,gpu,24,0,0
62.4104,disk0,905402778144768,2036814824,12651150225622475
62.4104,disk0w,1979523964928,18849993,1162928985098
62.4104,disk5,36127533725696,72720890,597718502461421
62.4104,disk5w,225980416,35966,1254168700
62.4104,disk4,39134614729728,39227556,410606888405549
62.4104,disk4w,1447560398848,1495270,591099736239
62.4104,disk8,59576196937728,96757601,954380746341906
62.4104,disk8w,4128768,601,984243925
62.4104,ram,211386368,64643006464,279445
62.4104,cpu,14969590,21729899,519318146
62.4104,gpu,25,4,0
62.6102,disk0,905404937371648,2036820361,12651163555727906
62.6102,disk0w,1979523964928,18849993,1162928985098
62.6102,disk5,36128248829952,72722302,597724338404497
62.6102,disk5w,225980416,35966,1254168700
62.6102,disk4,39135124075520,39228078,410607447944415
62.6102,disk4w,1447560398848,1495270,591099736239
62.6102,disk8,59577493583872,96759882,954393930369680
62.6102,disk8w,4128768,601,984243925
62.6102,ram,211386368,64643006464,279445
62.6102,cpu,14969590,21729899,519318146
62.6102,gpu,34,0,0
62.8104,disk0,905406955036672,2036824246,12651176460113361
62.8104,disk0w,1979523964928,18849993,1162928985098
62.8104,disk5,36129010317312,72723837,597730201345190
62.8104,disk5w,225980416,35966,1254168700
62.8104,disk4,39135642186752,39228609,410608147316828
62.8104,disk4w,1447560398848,1495270,591099736239
62.8104,disk8,59578558281728,96761802,954401680697268
62.8104,disk8w,4128768,601,984243925
62.8104,ram,211386368,64643006464,279445
62.8104,cpu,14969590,21729899,519318146
62.8104,gpu,32,0,0
63.0104,disk0,905409074585600,2036831180,12651193237392245
63.0104,disk0w,1979523964928,18849993,1162928985098
63.0104,disk5,36129729247232,72725312,597733824055537
63.0104,disk5w,225980416,35966,1254168700
63.0104,disk4,39136186659840,39229167,410608811955755
63.0104,disk4w,1447560398848,1495270,591099736239
63.0104,disk8,59579810330624,96763574,954412265081796
63.0104,disk8w,4128768,601,984243925
63.0104,ram,211386368,64643006464,279445
63.0104,cpu,14969590,21729899,519318146
63.0104,gpu,29,0,0
63.2104,disk0,905411129896960,2036834628,12651201300055147
63.2104,disk0w,1979523964928,18849993,1162928985098
63.2104,disk5,36130548717568,72726992,597739854738110
63.2104,disk5w,225980416,35966,1254168700
63.2104,disk4,39136854078464,39229851,410609620531071
63.2104,disk4w,1447560398848,1495270,591099736239
63.2104,disk8,59581121886208,96765386,954424338103506
63.2104,disk8w,4128768,601,984243925
63.2104,ram,178307072,64897957888,279445
63.2104,cpu,14969653,21730033,519319805
63.2104,gpu,30,0,0
63.4104,disk0,905413679706112,2036839743,12651214405490674
63.4104,disk0w,1979523964928,18849993,1162928985098
63.4104,disk5,36131397654528,72728729,597747000404603
63.4104,disk5w,225980416,35966,1254168700
63.4104,disk4,39137408381952,39230419,410610310263468
63.4104,disk4w,1447560398848,1495270,591099736239
63.4104,disk8,59582361942016,96767294,954433109241465
63.4104,disk8w,4128768,601,984243925
63.4104,ram,178307072,64897957888,279445
63.4104,cpu,14969653,21730033,519319805
63.4104,gpu,28,0,0
63.6104,disk0,905415691669504,2036843876,12651225014044571
63.6104,disk0w,1979523964928,18849993,1162928985098
63.6104,disk5,36132192532480,72730282,597754113240123
63.6104,disk5w,225980416,35966,1254168700
63.6104,disk4,39137925460992,39230949,410610887816956
63.6104,disk4w,1447560398848,1495270,591099736239
63.6104,disk8,59583609911296,96769274,954444199768711
63.6104,disk8w,4128768,601,984243925
63.6104,ram,178307072,64897957888,279445
63.6104,cpu,14969653,21730033,519319805
63.6104,gpu,0,0,0
63.8064,disk0,905417700646912,2036848261,12651235465447325
63.8064,disk0w,1979523964928,18849993,1162928985098
63.8064,disk5,36132684380160,72731245,597755872872211
63.8064,disk5w,225980416,35966,1254168700
63.8064,disk4,39138390897664,39231426,410611414088506
63.8064,disk4w,1447560398848,1495270,591099736239
63.8064,disk8,59584971536384,96771625,954462642107583
63.8064,disk8w,4128768,601,984243925
63.8064,ram,178307072,64897957888,279445
63.8064,cpu,14969653,21730033,519319805
63.8064,gpu,26,0,0
64.0026,disk0,905419923685376,2036855533,12651253678579960
64.0026,disk0w,1979523964928,18849993,1162928985098
64.0026,disk5,36133568428032,72732998,597762665429877
64.0026,disk5w,225980416,35966,1254168700
64.0026,disk4,39138856334336,39231903,410611928155801
64.0026,disk4w,1447560398848,1495270,591099736239
64.0026,disk8,59586202040320,96773725,954472109342066
64.0026,disk8w,4128768,601,984243925
64.0026,ram,178307072,64897957888,279445
64.0026,cpu,14969653,21730033,519319805
64.0026,gpu,39,0,0
64.2022,disk0,905422236106752,2036863382,12651272545539063
64.2022,disk0w,1979523964928,18849993,1162928985098
64.2022,disk5,36134289438720,72734426,597765989500233
64.2022,disk5w,225980416,35966,1254168700
64.2022,disk4,39139488625664,39232551,410612786267628
64.2022,disk4w,1447560398848,1495270,591099736239
64.2022,disk8,59587314825216,96775970,954482624597443
64.2022,disk8w,4128768,601,984243925
64.2022,ram,193265664,63271010304,279445
64.2022,cpu,14969673,21730143,519321525
64.2022,gpu,28,0,0
64.4104,disk0,905424229720064,2036867277,12651284888104141
64.4104,disk0w,1979523964928,18849993,1162928985098
64.4104,disk5,36134892828672,72735664,597769381145330
64.4104,disk5w,225980416,35966,1254168700
64.4104,disk4,39139901355008,39232974,410613331379704
64.4104,disk4w,1447560398848,1495270,591099736239
64.4104,disk8,59588471781376,96777649,954495443282764
64.4104,disk8w,4128768,601,984243925
64.4104,ram,193265664,63271010304,279445
64.4104,cpu,14969673,21730143,519321525
64.4104,gpu,31,1,0
64.6104,disk0,905426653454336,2036871441,12651297552714299
64.6104,disk0w,1979523964928,18849993,1162928985098
64.6104,disk5,36135810275328,72737543,597776922931588
64.6104,disk5w,225980416,35966,1254168700
64.6104,disk4,39140520276992,39233608,410614076970995
64.6104,disk4w,1447560398848,1495270,591099736239
64.6104,disk8,59589620791296,96779007,954501462261933
64.6104,disk8w,4128768,601,984243925
64.6104,ram,193265664,63271010304,279445
64.6104,cpu,14969673,21730143,519321525
64.6104,gpu,29,0,0
64.8104,disk0,905428885848064,2036875934,12651309806282988
64.8104,disk0w,1979523964928,18849993,1162928985098
64.8104,disk5,36136623511552,72739207,597786436152194
64.8104,disk5w,225980416,35966,1254168700
64.8104,disk4,39141157155840,39234261,410614887496614
64.8104,disk4w,1447560398848,1495270,591099736239
64.8104,disk8,59590788036608,96780759,954509411129215
64.8104,disk8w,4128768,601,984243925
64.8104,ram,193265664,63271010304,279445
64.8104,cpu,14969673,21730143,519321525
64.8104,gpu,27,0,0
65.0023,disk0,905431096573952,2036880291,12651326781444078
65.0023,disk0w,1979523964928,18849993,1162928985098
65.0023,disk5,36137307568128,72740586,597792054287789
65.0023,disk5w,225980416,35966,1254168700
65.0023,disk4,39141631374336,39234747,410615467348671
65.0023,disk4w,1447560398848,1495270,591099736239
65.0023,disk8,59591825635328,96782253,954515279187178
65.0023,disk8w,4128768,601,984243925
65.0023,ram,193265664,63271010304,279445
65.0023,cpu,14969673,21730143,519321525
65.0023,gpu,37,0,0
65.2030,disk0,905433396793344,2036885141,12651339390179574
65.2030,disk0w,1979523964928,18849993,1162928985098
65.2030,disk5,36138052048896,72742033,597796100409817
65.2030,disk5w,225980416,35966,1254168700
65.2030,disk4,39142237320192,39235368,410616281729301
65.2030,disk4w,1447560398848,1495270,591099736239
65.2030,disk8,59593167681536,96784551,954529118522386
65.2030,disk8w,4128768,601,984243925
65.2030,ram,190742528,64855965696,279445
65.2030,cpu,14969691,21730247,519323261
65.2030,gpu,35,0,0
65.4063,disk0,905435781156864,2036890502,12651352388524163
65.4063,disk0w,1979523964928,18849993,1162928985098
65.4063,disk5,36138871633920,72743651,597803580608366
65.4063,disk5w,225980416,35966,1254168700
65.4063,disk4,39142693975040,39235836,410616861957470
65.4063,disk4w,1447560398848,1495270,591099736239
65.4063,disk8,59594397448192,96786700,954541080427080
65.4063,disk8w,4128768,601,984243925
65.4063,ram,190742528,64855965696,279445
65.4063,cpu,14969691,21730247,519323261
65.4063,gpu,27,1,0
65.6104,disk0,905437924773888,2036898043,12651369027985202
65.6104,disk0w,1979523964928,18849993,1162928985098
65.6104,disk5,36139676047360,72745239,597810122580526
65.6104,disk5w,225980416,35966,1254168700
65.6104,disk4,39143282357248,39236439,410617687203885
65.6104,disk4w,1447560398848,1495270,591099736239
65.6104,disk8,59595551766528,96788806,954551956489284
65.6104,disk8w,4128768,601,984243925
65.6104,ram,190742528,64855965696,279445
65.6104,cpu,14969691,21730247,519323261
65.6104,gpu,24,0,0
65.8104,disk0,905439997161472,2036902991,12651380970884983
65.8104,disk0w,1979523964928,18849993,1162928985098
65.8104,disk5,36140343261184,72746595,597815763978551
65.8104,disk5w,225980416,35966,1254168700
65.8104,disk4,39143897035776,39237069,410619101894338
65.8104,disk4w,1447560398848,1495270,591099736239
65.8104,disk8,59596586612736,96790614,954561888711224
65.8104,disk8w,4128768,601,984243925
65.8104,ram,190742528,64855965696,279445
65.8104,cpu,14969691,21730247,519323261
65.8104,gpu,23,0,0
66.0104,disk0,905442152017920,2036906889,12651389211256614
66.0104,disk0w,1979523964928,18849993,1162928985098
66.0104,disk5,36141203077120,72748359,597825694863033
66.0104,disk5w,225980416,35966,1254168700
66.0104,disk4,39144397599744,39237582,410619691623449
66.0104,disk4w,1447560398848,1495270,591099736239
66.0104,disk8,59597759625216,96792174,954570476350509
66.0104,disk8w,4128768,601,984243925
66.0104,ram,190742528,64855965696,279445
66.0104,cpu,14969691,21730247,519323261
66.0104,gpu,37,0,0
66.2104,disk0,905444717920256,2036911618,12651409290866719
66.2104,disk0w,1979523964928,18849993,1162928985098
66.2104,disk5,36141853374464,72749692,597829591109001
66.2104,disk5w,225980416,35966,1254168700
66.2104,disk4,39145029891072,39238230,410620442022612
66.2104,disk4w,1447560398848,1495270,591099736239
66.2104,disk8,59598884894720,96793809,954576249847542
66.2104,disk8w,4128768,601,984243925
66.2104,ram,234749952,64873693184,279445
66.2104,cpu,14969712,21730366,519324966
66.2104,gpu,41,0,0
66.4037,disk0,905447036342272,2036916189,12651423244385293
66.4037,disk0w,1979523964928,18849993,1162928985098
66.4037,disk5,36142740281344,72751508,597836460702141
66.4037,disk5w,225980416,35966,1254168700
66.4037,disk4,39145688527872,39238905,410621269357850
66.4037,disk4w,1447560398848,1495270,591099736239
66.4037,disk8,59600027269120,96795590,954583794219979
66.4037,disk8w,4128768,601,984243925
66.4037,ram,238714880,64788971520,279445
66.4037,cpu,14969715,21730382,519325098
66.4037,gpu,41,0,0
66.6104,disk0,905449176457216,2036920476,12651433122147399
66.6104,disk0w,1979523964928,18849993,1162928985098
66.6104,disk5,36143451748352,72752889,597841088332996
66.6104,disk5w,225980416,35966,1254168700
66.6104,disk4,39146293425152,39239525,410622130571222
66.6104,disk4w,1447560398848,1495270,591099736239
66.6104,disk8,59601332140032,96797915,954599292406773
66.6104,disk8w,4128768,601,984243925
66.6104,ram,238714880,64788971520,279445
66.6104,cpu,14969715,21730382,519325098
66.6104,gpu,32,0,0
66.8104,disk0,905451393294336,2036925539,12651446226371412
66.8104,disk0w,1979523964928,18849993,1162928985098
66.8104,disk5,36144273848320,72754507,597845369017952
66.8104,disk5w,225980416,35966,1254168700
66.8104,disk4,39146842092544,39240087,410622955193454
66.8104,disk4w,1447560398848,1495270,591099736239
66.8104,disk8,59602611664896,96800133,954613059228972
66.8104,disk8w,4128768,601,984243925
66.8104,ram,238714880,64788971520,279445
66.8104,cpu,14969715,21730382,519325098
66.8104,gpu,28,0,0
67.0007,disk0,905453374771200,2036933207,12651462044234332
67.0007,disk0w,1979524628480,18850139,1162931649175
67.0007,disk5,36144887085056,72755720,597848532816013
67.0007,disk5w,225980416,35966,1254168700
67.0007,disk4,39147269256192,39240525,410623523693398
67.0007,disk4w,1447560398848,1495270,591099736239
67.0007,disk8,59603779647488,96802082,954626148393475
67.0007,disk8w,4128768,601,984243925
67.0007,ram,238714880,64788971520,279445
67.0007,cpu,14969715,21730382,519325098
67.0007,gpu,0,0,0
67.2104,disk0,905455019413504,2036936134,12651470015972156
67.2104,disk0w,1979524628480,18850139,1162931649175
67.2104,disk5,36145643583488,72757216,597853580686087
67.2104,disk5w,225980416,35966,1254168700
67.2104,disk4,39147712541696,39240979,410624032534708
67.2104,disk4w,1447560398848,1495270,591099736239
67.2104,disk8,59604882487296,96804345,954639949912014
67.2104,disk8w,4128768,601,984243925
67.2104,ram,239910912,64752975872,279445
67.2104,cpu,14969734,21730491,519326604
67.2104,gpu,61,0,0
67.4104,disk0,905457276092416,2036943758,12651484671486256
67.4104,disk0w,1979524628480,18850139,1162931649175
67.4104,disk5,36146572539904,72759121,597863165246747
67.4104,disk5w,225980416,35966,1254168700
67.4104,disk4,39148384531456,39241668,410625182016610
67.4104,disk4w,1447560398848,1495270,591099736239
67.4104,disk8,59606140336128,96806260,954649257684258
67.4104,disk8w,4128768,601,984243925
67.4104,ram,241254400,64618971136,279445
67.4104,cpu,14969734,21730496,519326679
67.4104,gpu,26,1,0
67.6011,disk0,905459318013952,2036947139,12651494093000954
67.6011,disk0w,1979524628480,18850139,1162931649175
67.6011,disk5,36147350484992,72760715,597870210445616
67.6011,disk5w,225980416,35966,1254168700
67.6011,disk4,39148920222720,39242217,410625851377211
67.6011,disk4w,1447560398848,1495270,591099736239
67.6011,disk8,59607384881152,96807762,954657363214216
67.6011,disk8w,4128768,601,984243925
67.6011,ram,241254400,64618971136,279445
67.6011,cpu,14969734,21730496,519326679
67.6011,gpu,0,0,0
67.8059,disk0,905461788413952,2036951637,12651507849125741
67.8059,disk0w,1979524628480,18850139,1162931649175
67.8059,disk5,36148225128448,72762507,597878137171520
67.8059,disk5w,225980416,35966,1254168700
67.8059,disk4,39149587641344,39242901,410626736254937
67.8059,disk4w,1447560398848,1495270,591099736239
67.8059,disk8,59608551405568,96809537,954665793946887
67.8059,disk8w,4128768,601,984243925
67.8059,ram,241254400,64618971136,279445
67.8059,cpu,14969734,21730496,519326679
67.8059,gpu,29,0,0
68.0104,disk0,905464053215232,2036956254,12651519487528638
68.0104,disk0w,1979524628480,18850139,1162931649175
68.0104,disk5,36148934359040,72763934,597883237788134
68.0104,disk5w,225980416,35966,1254168700
68.0104,disk4,39150192145408,39243520,410627473065947
68.0104,disk4w,1447560398848,1495270,591099736239
68.0104,disk8,59609918453760,96811687,954677732930331
68.0104,disk8w,4128768,601,984243925
68.0104,ram,241254400,64618971136,279445
68.0104,cpu,14969734,21730496,519326679
68.0104,gpu,26,0,0
68.2055,disk0,905466374795264,2036961142,12651534244058160
68.2055,disk0w,1979524628480,18850139,1162931649175
68.2055,disk5,36149580462080,72765195,597886365696462
68.2055,disk5w,225980416,35966,1254168700
68.2055,disk4,39150788260864,39244131,410628319843406
68.2055,disk4w,1447560398848,1495270,591099736239
68.2055,disk8,59611180087296,96813970,954689466694177
68.2055,disk8w,4128768,601,984243925
68.2055,ram,241254400,64618971136,279445
68.2055,cpu,14969734,21730496,519326679
68.2055,gpu,38,0,0
68.4104,disk0,905468500426752,2036965831,12651546696368975
68.4104,disk0w,1979524628480,18850139,1162931649175
68.4104,disk5,36150467270656,72766947,597893245499459
68.4104,disk5w,225980416,35966,1254168700
68.4104,disk4,39151493297152,39244854,410629342669465
68.4104,disk4w,1447560398848,1495270,591099736239
68.4104,disk8,59612500817920,96816372,954700469425302
68.4104,disk8w,4128768,601,984243925
68.4104,ram,241418240,64856162304,279445
68.4104,cpu,14969750,21730603,519328408
68.4104,gpu,34,2,0
68.6104,disk0,905470527991808,2036973541,12651562999956626
68.6104,disk0w,1979524628480,18850139,1162931649175
68.6104,disk5,36151267072000,72768524,597900284349430
68.6104,disk5w,225980416,35966,1254168700
68.6104,disk4,39151985079296,39245358,410629913651341
68.6104,disk4w,1447560398848,1495270,591099736239
68.6104,disk8,59613677926400,96818541,954711725263917
68.6104,disk8w,4128768,601,984243925
68.6104,ram,241418240,64856162304,279445
68.6104,cpu,14969750,21730603,519328408
68.6104,gpu,36,0,0
68.8104,disk0,905472412168192,2036977081,12651573320498916
68.8104,disk0w,1979524628480,18850139,1162931649175
68.8104,disk5,36152108709888,72770248,597907828275422
68.8104,disk5w,225980416,35966,1254168700
68.8104,disk4,39152503141376,39245889,410631122942922
68.8104,disk4w,1447560398848,1495270,591099736239
68.8104,disk8,59614769559552,96820160,954719952314241
68.8104,disk8w,4128768,601,984243925
68.8104,ram,241418240,64856162304,279445
68.8104,cpu,14969750,21730603,519328408
68.8104,gpu,22,0,0
69.0104,disk0,905474678943744,2036980926,12651583268705500
69.0104,disk0w,1979524628480,18850139,1162931649175
69.0104,disk5,36152977307648,72772027,597914422906574
69.0104,disk5w,225980416,35966,1254168700
69.0104,disk4,39153012487168,39246411,410631708358546
69.0104,disk4w,1447560398848,1495270,591099736239
69.0104,disk8,59616055539712,96821693,954729253973905
69.0104,disk8w,4128768,601,984243925
69.0104,ram,241418240,64856162304,279445
69.0104,cpu,14969750,21730603,519328408
69.0104,gpu,31,0,0
69.2104,disk0,905477170409472,2036985541,12651598020896449
69.2104,disk0w,1979524628480,18850139,1162931649175
69.2104,disk5,36153784481792,72773680,597920024393826
69.2104,disk5w,225980416,35966,1254168700
69.2104,disk4,39153548178432,39246960,410632424121492
69.2104,disk4w,1447560398848,1495270,591099736239
69.2104,disk8,59617255110656,96823398,954736251509780
69.2104,disk8w,4128768,601,984243925
69.2104,ram,241418240,64856162304,279445
69.2104,cpu,14969750,21730603,519328408
69.2104,gpu,0,0,0
69.4104,disk0,905479444541440,2036990023,12651612924796657
69.4104,disk0w,1979524628480,18850139,1162931649175
69.4104,disk5,36154562852864,72775251,597924766988221
69.4104,disk5w,225980416,35966,1254168700
69.4104,disk4,39154241942528,39247671,410633215833048
69.4104,disk4w,1447560398848,1495270,591099736239
69.4104,disk8,59618463545344,96825221,954744430655911
69.4104,disk8w,4128768,601,984243925
69.4104,ram,242401280,64897466368,279445
69.4104,cpu,14969773,21730709,519329994
69.4104,gpu,38,1,0
69.6104,disk0,905481902092288,2036995310,12651631342079229
69.6104,disk0w,1979524628480,18850139,1162931649175
69.6104,disk5,36155427780608,72776934,597930920285273
69.6104,disk5w,225980416,35966,1254168700
69.6104,disk4,39154751288320,39248193,410633816823086
69.6104,disk4w,1447560398848,1495270,591099736239
69.6104,disk8,59619684038656,96827424,954753190998680
69.6104,disk8w,4128768,601,984243925
69.6104,ram,242401280,64897466368,279445
69.6104,cpu,14969773,21730709,519329994
69.6104,gpu,26,0,0
69.8104,disk0,905484139065344,2037000150,12651645610941318
69.8104,disk0w,1979524628480,18850139,1162931649175
69.8104,disk5,36156301981696,72778665,597936021249390
69.8104,disk5w,225980416,35966,1254168700
69.8104,disk4,39155243070464,39248697,410634386699794
69.8104,disk4w,1447560398848,1495270,591099736239
69.8104,disk8,59620964923392,96829717,954765454130583
69.8104,disk8w,4128768,601,984243925
69.8104,ram,242401280,64897466368,279445
69.8104,cpu,14969773,21730709,519329994
69.8104,gpu,29,0,0
70.0104,disk0,905486323089408,2037007836,12651660435369771
70.0104,disk0w,1979524628480,18850139,1162931649175
70.0104,disk5,36157123713024,72780287,597941681887440
70.0104,disk5w,225980416,35966,1254168700
70.0104,disk4,39155778761728,39249246,410635032881155
70.0104,disk4w,1447560398848,1495270,591099736239
70.0104,disk8,59622215809024,96832156,954779667964989
70.0104,disk8w,4128768,601,984243925
70.0104,ram,242401280,64897466368,279445
70.0104,cpu,14969773,21730709,519329994
70.0104,gpu,28,0,0
70.2031,disk0,905488083030016,2037011376,12651671871562784
70.2031,disk0w,1979524628480,18850139,1162931649175
70.2031,disk5,36157785257984,72781632,597947571873936
70.2031,disk5w,225980416,35966,1254168700
70.2031,disk4,39156182709248,39249660,410635596134521
70.2031,disk4w,1447560398848,1495270,591099736239
70.2031,disk8,59623242299392,96833776,954788755624998
70.2031,disk8w,4128768,601,984243925
70.2031,ram,242401280,64897466368,279445
70.2031,cpu,14969773,21730709,519329994
70.2031,gpu,27,0,0
70.4104,disk0,905490250420224,2037018475,12651685069369617
70.4104,disk0w,1979524628480,18850139,1162931649175
70.4104,disk5,36158627526656,72783358,597955230938889
70.4104,disk5w,225980416,35966,1254168700
70.4104,disk4,39156823782400,39250317,410636425993636
70.4104,disk4w,1447560398848,1495270,591099736239
70.4104,disk8,59624528295936,96835438,954797245171706
70.4104,disk8w,4128768,601,984243925
70.4104,ram,241827840,64911704064,279445
70.4104,cpu,14969789,21730822,519331714
70.4104,gpu,37,2,0
70.6016,disk0,905492522459136,2037022608,12651700396081859
70.6016,disk0w,1979524636672,18850141,1162931690799
70.6016,disk5,36159329417216,72784796,597959195353753
70.6016,disk5w,225980416,35966,1254168700
70.6016,disk4,39157377037312,39250884,410637093142653
70.6016,disk4w,1447560398848,1495270,591099736239
70.6016,disk8,59625698064384,96836890,954805039261478
70.6016,disk8w,4128768,601,984243925
70.6016,ram,241827840,64911704064,279445
70.6016,cpu,14969789,21730822,519331714
70.6016,gpu,39,0,0
70.8038,disk0,905494955659264,2037027523,12651716033904617
70.8038,disk0w,1979524636672,18850141,1162931690799
70.8038,disk5,36159926024192,72786019,597962113036479
70.8038,disk5w,225980416,35966,1254168700
70.8038,disk4,39157843522560,39251362,410637606446405
70.8038,disk4w,1447560398848,1495270,591099736239
70.8038,disk8,59626971133952,96838842,954816863111122
70.8038,disk8w,4128768,601,984243925
70.8038,ram,241827840,64911704064,279445
70.8038,cpu,14969789,21730822,519331714
70.8038,gpu,0,0,0
71.0091,disk0,905497093033984,2037031676,12651726705557876
71.0091,disk0w,1979524636672,18850141,1162931690799
71.0091,disk5,36160444725248,72787032,597963908695725
71.0091,disk5w,225980416,35966,1254168700
71.0091,disk4,39158299128832,39251829,410638124567995
71.0091,disk4w,1447560398848,1495270,591099736239
71.0091,disk8,59628345325568,96841149,954834403970207
71.0091,disk8w,4128768,601,984243925
71.0091,ram,241827840,64911704064,279445
71.0091,cpu,14969789,21730822,519331714
71.0091,gpu,27,0,0
71.2104,disk0,905499362172928,2037036462,12651743179506449
71.2104,disk0w,1979524636672,18850141,1162931690799
71.2104,disk5,36161171879936,72788460,597968588666666
71.2104,disk5w,225980416,35966,1254168700
71.2104,disk4,39158852383744,39252396,410638763870305
71.2104,disk4w,1447560398848,1495270,591099736239
71.2104,disk8,59629542848512,96843446,954846998013840
71.2104,disk8w,4128768,601,984243925
71.2104,ram,241827840,64911704064,279445
71.2104,cpu,14969789,21730822,519331714
71.2104,gpu,34,0,0
71.4101,disk0,905501473386496,2037044630,12651761134167339
71.4101,disk0w,1979524636672,18850141,1162931690799
71.4101,disk5,36161914632192,72789924,597974037350642
71.4101,disk5w,225980416,35966,1254168700
71.4101,disk4,39159420711936,39252978,410639447996903
71.4101,disk4w,1447560398848,1495270,591099736239
71.4101,disk8,59630716925952,96845367,954857042745658
71.4101,disk8w,4128768,601,984243925
71.4101,ram,238813184,63165562880,279445
71.4101,cpu,14969819,21730947,519333411
71.4101,gpu,41,3,0
71.6104,disk0,905503321497600,2037048241,12651768978070224
71.6104,disk0w,1979524636672,18850141,1162931690799
71.6104,disk5,36162610755584,72791301,597979095679926
71.6104,disk5w,225980416,35966,1254168700
71.6104,disk4,39159923766272,39253494,410640036090356
71.6104,disk4w,1447560398848,1495270,591099736239
71.6104,disk8,59631885023232,96847711,954871994693530
71.6104,disk8w,4128768,601,984243925
71.6104,ram,238813184,63165562880,279445
71.6104,cpu,14969819,21730947,519333411
71.6104,gpu,46,0,0
71.8104,disk0,905505226297344,2037051578,12651778889099374
71.8104,disk0w,1979524636672,18850141,1162931690799
71.8104,disk5,36163207362560,72792525,597983194439517
71.8104,disk5w,225980416,35966,1254168700
71.8104,disk4,39160582321152,39254169,410641771838915
71.8104,disk4w,1447560398848,1495270,591099736239
71.8104,disk8,59633078040576,96849503,954883489009283
71.8104,disk8w,4128768,601,984243925
71.8104,ram,238813184,63165562880,279445
71.8104,cpu,14969819,21730947,519333411
71.8104,gpu,21,0,0
72.0104,disk0,905507497259008,2037055519,12651787737770455
72.0104,disk0w,1979524636672,18850141,1162931690799
72.0104,disk5,36164154914816,72794466,597991444097544
72.0104,disk5w,225980416,35966,1254168700
72.0104,disk4,39161249739776,39254853,410642697135640
72.0104,disk4w,1447560398848,1495270,591099736239
72.0104,disk8,59634358646784,96850982,954890963332212
72.0104,disk8w,4128768,601,984243925
72.0104,ram,238813184,63165562880,279445
72.0104,cpu,14969819,21730947,519333411
72.0104,gpu,25,0,0
72.2021,disk0,905509454213120,2037059431,12651795862213915
72.2021,disk0w,1979524636672,18850141,1162931690799
72.2021,disk5,36164821710848,72795832,597996429700168
72.2021,disk5w,225980416,35966,1254168700
72.2021,disk4,39161723958272,39255339,410643214341144
72.2021,disk4w,1447560398848,1495270,591099736239
72.2021,disk8,59635686799360,96852835,954904850831704
72.2021,disk8w,4128768,601,984243925
72.2021,ram,238813184,63165562880,279445
72.2021,cpu,14969819,21730947,519333411
72.2021,gpu,27,0,0
72.4104,disk0,905511936098304,2037064499,12651811836910752
72.4104,disk0w,1979524636672,18850141,1162931690799
72.4104,disk5,36165614483456,72797426,598000915897470
72.4104,disk5w,225980416,35966,1254168700
72.4104,disk4,39162408940544,39256041,410644083039453
72.4104,disk4w,1447560398848,1495270,591099736239
72.4104,disk8,59636982544384,96854750,954914021665900
72.4104,disk8w,4128768,601,984243925
72.4104,ram,239058944,64819396608,279445
72.4104,cpu,14969845,21731066,519335124
72.4104,gpu,35,0,0
72.6104,disk0,905514234544128,2037069563,12651828071753411
72.6104,disk0w,1979524636672,18850141,1162931690799
72.6104,disk5,36166251714560,72798672,598004749040979
72.6104,disk5w,225980416,35966,1254168700
72.6104,disk4,39162891940864,39256536,410644668593580
72.6104,disk4w,1447560398848,1495270,591099736239
72.6104,disk8,59638218356736,96856996,954927512768690
72.6104,disk8w,4128768,601,984243925
72.6104,ram,239058944,64819396608,279445
72.6104,cpu,14969845,21731066,519335124
72.6104,gpu,42,0,0
72.8050,disk0,905516436492288,2037074345,12651842546734891
72.8050,disk0w,1979524702208,18850144,1162931770965
72.8050,disk5,36166952794112,72800060,598009265496666
72.8050,disk5w,225980416,35966,1254168700
72.8050,disk4,39163357377536,39257013,410645252051548
72.8050,disk4w,1447560398848,1495270,591099736239
72.8050,disk8,59639462852608,96859296,954939223885309
72.8050,disk8w,4128768,601,984243925
72.8050,ram,239058944,64819396608,279445
72.8050,cpu,14969845,21731066,519335124
72.8050,gpu,36,0,0
73.0104,disk0,905518634491904,2037081263,12651857970570902
73.0104,disk0w,1979524702208,18850144,1162931770965
73.0104,disk5,36167636613120,72801411,598013589754409
73.0104,disk5w,225980416,35966,1254168700
73.0104,disk4,39163910632448,39257580,410645957426075
73.0104,disk4w,1447560398848,1495270,591099736239
73.0104,disk8,59640760006656,96861786,954954235510399
73.0104,disk8w,4128768,601,984243925
73.0104,ram,239058944,64819396608,279445
73.0104,cpu,14969845,21731066,519335124
73.0104,gpu,34,0,0
73.2104,disk0,905520562774016,2037084943,12651869448065607
73.2104,disk0w,1979524702208,18850144,1162931770965
73.2104,disk5,36168416139264,72802999,598021356766241
73.2104,disk5w,225980416,35966,1254168700
73.2104,disk4,39164463838208,39258147,410646951937845
73.2104,disk4w,1447560398848,1495270,591099736239
73.2104,disk8,59641772177408,96863555,954963424364956
73.2104,disk8w,4128768,601,984243925
73.2104,ram,239058944,64819396608,279445
73.2104,cpu,14969845,21731066,519335124
73.2104,gpu,25,0,0
73.4040,disk0,905522870366208,2037089074,12651884046889895
73.4040,disk0w,1979524702208,18850144,1162931770965
73.4040,disk5,36169018669056,72804234,598024633839696
73.4040,disk5w,225980416,35966,1254168700
73.4040,disk4,39165043438592,39258741,410647663357151
73.4040,disk4w,1447560398848,1495270,591099736239
73.4040,disk8,59642973796352,96864988,954971003313896
73.4040,disk8w,4128768,601,984243925
73.4040,ram,254558208,64932724736,279445
73.4040,cpu,14969863,21731177,519336830
73.4040,gpu,36,2,0
73.6012,disk0,905525009416192,2037092892,12651894997253638
73.6012,disk0w,1979524702208,18850144,1162931770965
73.6012,disk5,36169717938176,72805668,598029192151406
73.6012,disk5w,225980416,35966,1254168700
73.6012,disk4,39165596693504,39259308,410648336423139
73.6012,disk4w,1447560398848,1495270,591099736239
73.6012,disk8,59644236216320,96866778,954982486221240
73.6012,disk8w,4128768,601,984243925
73.6012,ram,254705664,64932757504,279445
73.6012,cpu,14969863,21731178,519336847
73.6012,gpu,33,0,0
73.8043,disk0,905527226798080,2037097248,12651906629069354
73.8043,disk0w,1979524702208,18850144,1162931770965
73.8043,disk5,36170568448000,72807407,598037122842246
73.8043,disk5w,225980416,35966,1254168700
73.8043,disk4,39166185075712,39259911,410649037869055
73.8043,disk4w,1447560398848,1495270,591099736239
73.8043,disk8,59645457233920,96868556,954990967256466
73.8043,disk8w,4128768,601,984243925
73.8043,ram,254705664,64932757504,279445
73.8043,cpu,14969863,21731178,519336847
73.8043,gpu,43,0,0
74.0104,disk0,905529625174016,2037102338,12651921578503278
74.0104,disk0w,1979524702208,18850144,1162931770965
74.0104,disk5,36171229083648,72808687,598040622718106
74.0104,disk5w,225980416,35966,1254168700
74.0104,disk4,39166703203328,39260442,410649681275117
74.0104,disk4w,1447560398848,1495270,591099736239
74.0104,disk8,59646815893504,96871035,955006508939341
74.0104,disk8w,4128768,601,984243925
74.0104,ram,254705664,64932757504,279445
74.0104,cpu,14969863,21731178,519336847
74.0104,gpu,32,0,0
74.2104,disk0,905531694133248,2037107040,12651930798670854
74.2104,disk0w,1979524702208,18850144,1162931770965
74.2104,disk5,36172130154496,72810473,598048696435982
74.2104,disk5w,225980416,35966,1254168700
74.2104,disk4,39167221330944,39260973,410650348391992
74.2104,disk4w,1447560398848,1495270,591099736239
74.2104,disk8,59648130693120,96873423,955021033931282
74.2104,disk8w,4128768,601,984243925
74.2104,ram,254705664,64932757504,279445
74.2104,cpu,14969863,21731178,519336847
74.2104,gpu,29,0,0
74.4022,disk0,905533772189696,2037113531,12651944642741941
74.4022,disk0w,1979524702208,18850144,1162931770965
74.4022,disk5,36172548290560,72811296,598050791002219
74.4022,disk5w,225980416,35966,1254168700
74.4022,disk4,39167836058624,39261603,410651108764983
74.4022,disk4w,1447560398848,1495270,591099736239
74.4022,disk8,59649404057600,96875856,955037501546305
74.4022,disk8w,4128768,601,984243925
74.4022,ram,254705664,64932757504,279445
74.4022,cpu,14969863,21731178,519336847
74.4022,gpu,0,0,0
74.6064,disk0,905535544344576,2037117217,12651956580757846
74.6064,disk0w,1979524702208,18850144,1162931770965
74.6064,disk5,36173251221504,72812719,598056240353105
74.6064,disk5w,225980416,35966,1254168700
74.6064,disk4,39168205943808,39261982,410651552928308
74.6064,disk4w,1447560398848,1495270,591099736239
74.6064,disk8,59650501834752,96877751,955049312189541
74.6064,disk8w,4128768,601,984243925
74.6064,ram,256065536,63308300288,279445
74.6064,cpu,14969881,21731285,519338577
74.6064,gpu,0,0,0
74.8104,disk0,905538043449344,2037122487,12651971752505623
74.8104,disk0w,1979524702208,18850144,1162931770965
74.8104,disk5,36174106613760,72814474,598061933529923
74.8104,disk5w,225980416,35966,1254168700
74.8104,disk4,39168793277440,39262584,410652232244816
74.8104,disk4w,1447560398848,1495270,591099736239
74.8104,disk8,59651809294336,96879553,955057374581604
74.8104,disk8w,4128768,601,984243925
74.8104,ram,256065536,63308300288,279445
74.8104,cpu,14969881,21731285,519338577
74.8104,gpu,28,0,0
75.0104,disk0,905540360949760,2037126761,12651985254317172
75.0104,disk0w,1979524702208,18850144,1162931770965
75.0104,disk5,36174865053696,72816027,598066245004416
75.0104,disk5w,225980416,35966,1254168700
75.0104,disk4,39169451914240,39263259,410653049003093
75.0104,disk4w,1447560398848,1495270,591099736239
75.0104,disk8,59653132777472,96881394,955067234641373
75.0104,disk8w,4128768,601,984243925
75.0104,ram,256065536,63308300288,279445
75.0104,cpu,14969881,21731285,519338577
75.0104,gpu,30,0,0
75.2104,disk0,905542499934208,2037131206,12651996726827889
75.2104,disk0w,1979524702208,18850144,1162931770965
75.2104,disk5,36175718971392,72817777,598073042280741
75.2104,disk5w,225980416,35966,1254168700
75.2104,disk4,39169882223616,39263700,410653511030194
75.2104,disk4w,1447560398848,1495270,591099736239
75.2104,disk8,59654380992512,96883266,955078907955196
75.2104,disk8w,4128768,601,984243925
75.2104,ram,256065536,63308300288,279445
75.2104,cpu,14969881,21731285,519338577
75.2104,gpu,23,0,0
75.4084,disk0,905544825679872,2037135874,12652010673273323
75.4084,disk0w,1979524702208,18850144,1162931770965
75.4084,disk5,36176420993024,72819147,598077771660502
75.4084,disk5w,225980416,35966,1254168700
75.4084,disk4,39170540860416,39264375,410654400526664
75.4084,disk4w,1447560398848,1495270,591099736239
75.4084,disk8,59655640709120,96885547,955091170585267
75.4084,disk8w,4128768,601,984243925
75.4084,ram,256065536,63308300288,279445
75.4084,cpu,14969881,21731285,519338577
75.4084,gpu,28,2,0
75.6104,disk0,905546759356416,2037140377,12652022914083620
75.6104,disk0w,1979524702208,18850144,1162931770965
75.6104,disk5,36177177212928,72820636,598081554771020
75.6104,disk5w,225980416,35966,1254168700
75.6104,disk4,39170971169792,39264816,410654893595398
75.6104,disk4w,1447560398848,1495270,591099736239
75.6104,disk8,59656977070080,96887915,955108279445916
75.6104,disk8w,4128768,601,984243925
75.6104,ram,253067264,64909082624,279445
75.6104,cpu,14969898,21731389,519340311
75.6104,gpu,35,0,0
75.8104,disk0,905548774883328,2037147203,12652035583517980
75.8104,disk0w,1979524702208,18850144,1162931770965
75.8104,disk5,36178051987456,72822366,598089909595570
75.8104,disk5w,225980416,35966,1254168700
75.8104,disk4,39171436606464,39265293,410655427402991
75.8104,disk4w,1447560398848,1495270,591099736239
75.8104,disk8,59658235410432,96890117,955120479693010
75.8104,disk8w,4128768,601,984243925
75.8104,ram,253067264,64909082624,279445
75.8104,cpu,14969898,21731389,519340311
75.8104,gpu,43,0,0
76.0039,disk0,905550395047936,2037150296,12652046410095937
76.0039,disk0w,1979524702208,18850144,1162931770965
76.0039,disk5,36178584549376,72823431,598094081730220
76.0039,disk5w,225980416,35966,1254168700
76.0039,disk4,39171893212160,39265761,410656273749993
76.0039,disk4w,1447560398848,1495270,591099736239
76.0039,disk8,59659218597888,96892088,955134882585927
76.0039,disk8w,4128768,601,984243925
76.0039,ram,253067264,64909082624,279445
76.0039,cpu,14969898,21731389,519340311
76.0039,gpu,0,0,0
76.2075,disk0,905552714862592,2037157610,12652065648776906
76.2075,disk0w,1979524710400,18850146,1162931809214
76.2075,disk5,36179361347584,72825024,598099011912098
76.2075,disk5w,225980416,35966,1254168700
76.2075,disk4,39172490376192,39266373,410656993446576
76.2075,disk4w,1447560398848,1495270,591099736239
76.2075,disk8,59660376111104,96893826,955144287593669
76.2075,disk8w,4128768,601,984243925
76.2075,ram,253067264,64909082624,279445
76.2075,cpu,14969898,21731389,519340311
76.2075,gpu,25,0,0
76.4104,disk0,905555094290432,2037161506,12652075659564790
76.4104,disk0w,1979524710400,18850146,1162931809214
76.4104,disk5,36180158035968,72826658,598104379286479
76.4104,disk5w,225980416,35966,1254168700
76.4104,disk4,39173069976576,39266967,410657794718914
76.4104,disk4w,1447560398848,1495270,591099736239
76.4104,disk8,59661657143296,96895510,955152894903408
76.4104,disk8w,4128768,601,984243925
76.4104,ram,253067264,64909082624,279445
76.4104,cpu,14969898,21731389,519340311
76.4104,gpu,33,2,0
76.6104,disk0,905557273481216,2037165668,12652086762390095
76.6104,disk0w,1979524726784,18850147,1162931827339
76.6104,disk5,36181085173760,72828558,598113468325925
76.6104,disk5w,225980416,35966,1254168700
76.6104,disk4,39173763740672,39267678,410658773747266
76.6104,disk4w,1447560398848,1495270,591099736239
76.6104,disk8,59662795962368,96897270,955160417065529
76.6104,disk8w,4128768,601,984243925
76.6104,ram,244547584,64924188672,279445
76.6104,cpu,14969926,21731526,519341998
76.6104,gpu,31,0,0
76.8104,disk0,905559690293248,2037170571,12652103553293016
76.8104,disk0w,1979524726784,18850147,1162931827339
76.8104,disk5,36181772384256,72829940,598118152217089
76.8104,disk5w,225980416,35966,1254168700
76.8104,disk4,39174334559232,39268263,410659416399734
76.8104,disk4w,1447560398848,1495270,591099736239
76.8104,disk8,59663952803840,96899209,955169692088777
76.8104,disk8w,4128768,601,984243925
76.8104,ram,244547584,64924188672,279445
76.8104,cpu,14969926,21731526,519341998
76.8104,gpu,37,0,0
77.0031,disk0,905562051260416,2037175500,12652120555361605
77.0031,disk0w,1979524726784,18850147,1162931827339
77.0031,disk5,36182552328192,72831459,598123764619033
77.0031,disk5w,225980416,35966,1254168700
77.0031,disk4,39174896595968,39268839,410660199185997
77.0031,disk4w,1447560398848,1495270,591099736239
77.0031,disk8,59665129371648,96901253,955178312492331
77.0031,disk8w,4128768,601,984243925
77.0031,ram,244547584,64924188672,279445
77.0031,cpu,14969926,21731526,519341998
77.0031,gpu,33,1,0
77.2104,disk0,905564545511424,2037180637,12652137649405222
77.2104,disk0w,1979524726784,18850147,1162931827339
77.2104,disk5,36183211259904,72832761,598126605392322
77.2104,disk5w,225980416,35966,1254168700
77.2104,disk4,39175484978176,39269442,410660891246582
77.2104,disk4w,1447560398848,1495270,591099736239
77.2104,disk8,59666403670016,96903652,955190903674372
77.2104,disk8w,4128768,601,984243925
77.2104,ram,244547584,64924188672,279445
77.2104,cpu,14969926,21731526,519341998
77.2104,gpu,35,0,0
77.4104,disk0,905566844952576,2037186675,12652153426976657
77.4104,disk0w,1979524726784,18850147,1162931827339
77.4104,disk5,36183895603200,72834116,598130448301927
77.4104,disk5w,225980416,35966,1254168700
77.4104,disk4,39176016081920,39269986,410661481311860
77.4104,disk4w,1447560398848,1495270,591099736239
77.4104,disk8,59667713882112,96906246,955207682855559
77.4104,disk8w,4128768,601,984243925
77.4104,ram,244547584,64924188672,279445
77.4104,cpu,14969926,21731526,519341998
77.4104,gpu,26,1,0
77.6053,disk0,905568829394944,2037192405,12652168461812750
77.6053,disk0w,1979524726784,18850147,1162931827339
77.6053,disk5,36184412108800,72835172,598133513476278
77.6053,disk5w,225980416,35966,1254168700
77.6053,disk4,39176556360704,39270540,410662254154885
77.6053,disk4w,1447560398848,1495270,591099736239
77.6053,disk8,59668772698112,96907904,955216052863503
77.6053,disk8w,4128768,601,984243925
77.6053,ram,254410752,64813383680,279445
77.6053,cpu,14969947,21731639,519343721
77.6053,gpu,0,0,0
77.8074,disk0,905571005112320,2037195837,12652179659230242
77.8074,disk0w,1979524726784,18850147,1162931827339
77.8074,disk5,36185263765504,72836920,598141003046068
77.8074,disk5w,225980416,35966,1254168700
77.8074,disk4,39177135961088,39271134,410663048725149
77.8074,disk4w,1447560398848,1495270,591099736239
77.8074,disk8,59669994469376,96909497,955223605340712
77.8074,disk8w,4128768,601,984243925
77.8074,ram,254410752,64813383680,279445
77.8074,cpu,14969947,21731639,519343721
77.8074,gpu,42,0,0
78.0017,disk0,905573254651904,2037200049,12652192614730711
78.0017,disk0w,1979524726784,18850147,1162931827339
78.0017,disk5,36186018822144,72838465,598146143319548
78.0017,disk5w,225980416,35966,1254168700
78.0017,disk4,39177636525056,39271647,410663626638552
78.0017,disk4w,1447560398848,1495270,591099736239
78.0017,disk8,59671157995520,96911044,955232099802894
78.0017,disk8w,4128768,601,984243925
78.0017,ram,254410752,64813383680,279445
78.0017,cpu,14969947,21731639,519343721
78.0017,gpu,37,0,0
78.2104,disk0,905575744495616,2037205147,12652207889464605
78.2104,disk0w,1979524726784,18850147,1162931827339
78.2104,disk5,36186788141056,72840043,598151800274858
78.2104,disk5w,225980416,35966,1254168700
78.2104,disk4,39178180998144,39272205,410664245248029
78.2104,disk4w,1447560398848,1495270,591099736239
78.2104,disk8,59672503465984,96912983,955241926164932
78.2104,disk8w,4128768,601,984243925
78.2104,ram,254410752,64813383680,279445
78.2104,cpu,14969947,21731639,519343721
78.2104,gpu,40,0,0
78.4021,disk0,905577976963072,2037209545,12652224200183615
78.4021,disk0w,1979524730880,18850148,1162931851130
78.4021,disk5,36187496478720,72841421,598157324085886
78.4021,disk5w,225980416,35966,1254168700
78.4021,disk4,39178699125760,39272736,410664833129932
78.4021,disk4w,1447560398848,1495270,591099736239
78.4021,disk8,59673557350400,96914822,955249951158764
78.4021,disk8w,4128768,601,984243925
78.4021,ram,254410752,64813383680,279445
78.4021,cpu,14969947,21731639,519343721
78.4021,gpu,31,0,0
78.6104,disk0,905580527284224,2037215057,12652240073293366
78.6104,disk0w,1979524730880,18850148,1162931851130
78.6104,disk5,36188178724864,72842766,598160584759929
78.6104,disk5w,225980416,35966,1254168700
78.6104,disk4,39179357762560,39273411,410665790661093
78.6104,disk4w,1447560398848,1495270,591099736239
78.6104,disk8,59674899625984,96917205,955262988713735
78.6104,disk8w,4128768,601,984243925
78.6104,ram,258310144,63245287424,279445
78.6104,cpu,14969964,21731743,519345445
78.6104,gpu,38,0,0
78.8087,disk0,905582647513088,2037221324,12652253724329414
78.8087,disk0w,1979524730880,18850148,1162931851130
78.8087,disk5,36189080827904,72844548,598166376440738
78.8087,disk5w,225980416,35966,1254168700
78.8087,disk4,39179919799296,39273987,410666488790891
78.8087,disk4w,1447560398848,1495270,591099736239
78.8087,disk8,59676153329664,96919457,955275115013668
78.8087,disk8w,4128768,601,984243925
78.8087,ram,257114112,63245287424,279445
78.8087,cpu,14969964,21731743,519345452
78.8087,gpu,32,0,0
79.0104,disk0,905584467902464,2037225089,12652266465029221
79.0104,disk0w,1979524730880,18850148,1162931851130
79.0104,disk5,36189755488256,72845906,598169948264272
79.0104,disk5w,225980416,35966,1254168700
79.0104,disk4,39180437844992,39274518,410667821340006
79.0104,disk4w,1447560398848,1495270,591099736239
79.0104,disk8,59677224171520,96921241,955284876037991
79.0104,disk8w,4128768,601,984243925
79.0104,ram,257114112,63245287424,279445
79.0104,cpu,14969964,21731743,519345452
79.0104,gpu,38,0,0
79.2104,disk0,905586494803968,2037229211,12652276140847469
79.2104,disk0w,1979524730880,18850148,1162931851130
79.2104,disk5,36190570395648,72847578,598175919934199
79.2104,disk5w,225980416,35966,1254168700
79.2104,disk4,39181052572672,39275148,410668570445831
79.2104,disk4w,1447560398848,1495270,591099736239
79.2104,disk8,59678564562944,96923243,955297709293573
79.2104,disk8w,4128768,601,984243925
79.2104,ram,257114112,63245287424,279445
79.2104,cpu,14969964,21731743,519345452
79.2104,gpu,0,0,0
79.4104,disk0,905588697030656,2037232764,12652284530427039
79.4104,disk0w,1979524730880,18850148,1162931851130
79.4104,disk5,36191476660224,72849435,598185846952948
79.4104,disk5w,225980416,35966,1254168700
79.4104,disk4,39181676082176,39275787,410669300724284
79.4104,disk4w,1447560398848,1495270,591099736239
79.4104,disk8,59679829800960,96925018,955305428685309
79.4104,disk8w,4128768,601,984243925
79.4104,ram,257114112,63245287424,279445
79.4104,cpu,14969964,21731743,519345452
79.4104,gpu,24,1,0
79.6077,disk0,905590861942784,2037237121,12652297594761745
79.6077,disk0w,1979524730880,18850148,1162931851130
79.6077,disk5,36192379713536,72851286,598196018770904
79.6077,disk5w,225980416,35966,1254168700
79.6077,disk4,39182176646144,39276300,410669920799510
79.6077,disk4w,1447560398848,1495270,591099736239
79.6077,disk8,59680992262144,96926852,955311642473353
79.6077,disk8w,4128768,601,984243925
79.6077,ram,257114112,63245287424,279445
79.6077,cpu,14969964,21731743,519345452
79.6077,gpu,0,0,0
79.8104,disk0,905593018736640,2037241591,12652307823941005
79.8104,disk0w,1979524751360,18850149,1162931887505
79.8104,disk5,36193076508672,72852667,598200888849151
79.8104,disk5w,225980416,35966,1254168700
79.8104,disk4,39182721119232,39276858,410670555228245
79.8104,disk4w,1447560398848,1495270,591099736239
79.8104,disk8,59682334455808,96929030,955325703184721
79.8104,disk8w,4128768,601,984243925
79.8104,ram,217071616,64834600960,279445
79.8104,cpu,14970013,21731865,519347131
79.8104,gpu,35,0,0
80.0104,disk0,905595232743424,2037246340,12652320676516358
80.0104,disk0w,1979524751360,18850149,1162931887505
80.0104,disk5,36193838233600,72854155,598205883430560
80.0104,disk5w,225980416,35966,1254168700
80.0104,disk4,39183353410560,39277506,410671350703320
80.0104,disk4w,1447560398848,1495270,591099736239
80.0104,disk8,59683638491136,96931281,955338696976309
80.0104,disk8w,4128768,601,984243925
80.0104,ram,217071616,64834600960,279445
80.0104,cpu,14970013,21731865,519347131
80.0104,gpu,0,0,0
80.2105,disk0,905597191073792,2037250837,12652329173734745
80.2105,disk0w,1979524751360,18850149,1162931887505
80.2105,disk5,36194792470528,72856041,598216784541103
80.2105,disk5w,225980416,35966,1254168700
80.2105,disk4,39183924229120,39278091,410672389855329
80.2105,disk4w,1447560398848,1495270,591099736239
80.2105,disk8,59684819335168,96933321,955348582041146
80.2105,disk8w,4128768,601,984243925
80.2105,ram,217071616,64834600960,279445
80.2105,cpu,14970013,21731865,519347131
80.2105,gpu,29,0,0
80.4105,disk0,905599437967360,2037257181,12652342562651703
80.4105,disk0w,1979524751360,18850149,1162931887505
80.4105,disk5,36195693344768,72857824,598222452151502
80.4105,disk5w,225980416,35966,1254168700
80.4105,disk4,39184597939200,39278781,410673354329812
80.4105,disk4w,1447560398848,1495270,591099736239
80.4105,disk8,59686104086528,96935774,955361619639821
80.4105,disk8w,4128768,601,984243925
80.4105,ram,217071616,64834600960,279445
80.4105,cpu,14970013,21731865,519347131
80.4105,gpu,0,0,0
80.6026,disk0,905601027244032,2037261557,12652353761274061
80.6026,disk0w,1979524751360,18850149,1162931887505
80.6026,disk5,36196241700864,72858944,598225193183629
80.6026,disk5w,225980416,35966,1254168700
80.6026,disk4,39185127306240,39279324,410674365516008
80.6026,disk4w,1447560398848,1495270,591099736239
80.6026,disk8,59687154923520,96937535,955375070360270
80.6026,disk8w,4128768,601,984243925
80.6026,ram,217071616,64834600960,279445
80.6026,cpu,14970013,21731865,519347131
80.6026,gpu,28,0,0
80.8066,disk0,905603132469248,2037272092,12652367858898469
80.8066,disk0w,1979524751360,18850149,1162931887505
80.8066,disk5,36197096896512,72860699,598233614875962
80.8066,disk5w,225980416,35966,1254168700
80.8066,disk4,39185575179264,39279783,410674935455936
80.8066,disk4w,1447560398848,1495270,591099736239
80.8066,disk8,59688388933632,96939099,955382537321634
80.8066,disk8w,4128768,601,984243925
80.8066,ram,213532672,64848297984,279445
80.8066,cpu,14970033,21731982,519348855
80.8066,gpu,0,0,0
81.0105,disk0,905605515358208,2037276726,12652380038885449
81.0105,disk0w,1979524751360,18850149,1162931887505
81.0105,disk5,36197898336256,72862341,598239559030829
81.0105,disk5w,225980416,35966,1254168700
81.0105,disk4,39186242597888,39280467,410675832619464
81.0105,disk4w,1447560398848,1495270,591099736239
81.0105,disk8,59689777494016,96941009,955392351665540
81.0105,disk8w,4128768,601,984243925
81.0105,ram,213532672,64848297984,279445
81.0105,cpu,14970033,21731982,519348855
81.0105,gpu,32,0,0
81.2105,disk0,905607583903744,2037280879,12652389138100971
81.2105,disk0w,1979524751360,18850149,1162931887505
81.2105,disk5,36198723057664,72864032,598245850890071
81.2105,disk5w,225980416,35966,1254168700
81.2105,disk4,39186804634624,39281043,410676580044571
81.2105,disk4w,1447560398848,1495270,591099736239
81.2105,disk8,59691039029248,96942891,955404150164721
81.2105,disk8w,4128768,601,984243925
81.2105,ram,213532672,64848297984,279445
81.2105,cpu,14970033,21731982,519348855
81.2105,gpu,31,0,0
81.4105,disk0,905609918193664,2037285637,12652405779253879
81.4105,disk0w,1979524751360,18850149,1162931887505
81.4105,disk5,36199313520640,72865178,598249233303387
81.4105,disk5w,225980416,35966,1254168700
81.4105,disk4,39187366671360,39281619,410677331669597
81.4105,disk4w,1447560398848,1495270,591099736239
81.4105,disk8,59692240369664,96944875,955414280216006
81.4105,disk8w,4128768,601,984243925
81.4105,ram,213532672,64848297984,279445
81.4105,cpu,14970033,21731982,519348855
81.4105,gpu,42,2,0
81.6105,disk0,905612054437888,2037290444,12652417021761371
81.6105,disk0w,1979524751360,18850149,1162931887505
81.6105,disk5,36200197027840,72866918,598255412153296
81.6105,disk5w,225980416,35966,1254168700
81.6105,disk4,39187915338752,39282181,410678101207603
81.6105,disk4w,1447560398848,1495270,591099736239
81.6105,disk8,59693595981824,96947353,955428053876384
81.6105,disk8w,4128768,601,984243925
81.6105,ram,213532672,64848297984,279445
81.6105,cpu,14970033,21731982,519348855
81.6105,gpu,49,0,0
81.8104,disk0,905614392307712,2037296735,12652435785864629
81.8104,disk0w,1979524751360,18850149,1162931887505
81.8104,disk5,36200951560192,72868410,598259495486796
81.8104,disk5w,225980416,35966,1254168700
81.8104,disk4,39188420490240,39282699,410678717539269
81.8104,disk4w,1447560398848,1495270,591099736239
81.8104,disk8,59694843492352,96949395,955438355357531
81.8104,disk8w,4128768,601,984243925
81.8104,ram,218497024,63281479680,279445
81.8104,cpu,14970062,21732121,519350673
81.8104,gpu,40,0,0
82.0014,disk0,905616195399680,2037300041,12652449082816616
82.0014,disk0w,1979524751360,18850149,1162931887505
82.0014,disk5,36201580918784,72869667,598263369413637
82.0014,disk5w,225980416,35966,1254168700
82.0014,disk4,39188814181376,39283102,410679608288174
82.0014,disk4w,1447560398848,1495270,591099736239
82.0014,disk8,59695823239168,96951359,955449091103965
82.0014,disk8w,4128768,601,984243925
82.0014,ram,218497024,63281479680,279445
82.0014,cpu,14970062,21732121,519350683
82.0014,gpu,0,0,0
82.2086,disk0,905618617335808,2037309498,12652466979002609
82.2086,disk0w,1979524751360,18850149,1162931887505
82.2086,disk5,36202419517440,72871387,598269762685288
82.2086,disk5w,225980416,35966,1254168700
82.2086,disk4,39189467575296,39283772,410680463712937
82.2086,disk4w,1447560398848,1495270,591099736239
82.2086,disk8,59696983177216,96953078,955457037237584
82.2086,disk8w,4128768,601,984243925
82.2086,ram,218497024,63281479680,279445
82.2086,cpu,14970062,21732121,519350683
82.2086,gpu,25,0,0
82.4103,disk0,905620750778368,2037313098,12652475329475665
82.4103,disk0w,1979524751360,18850149,1162931887505
82.4103,disk5,36203411183616,72873418,598279731224513
82.4103,disk5w,225980416,35966,1254168700
82.4103,disk4,39190009951232,39284328,410681115516366
82.4103,disk4w,1447560398848,1495270,591099736239
82.4103,disk8,59698334529536,96954824,955465789191801
82.4103,disk8w,4128768,601,984243925
82.4103,ram,218497024,63281479680,279445
82.4103,cpu,14970062,21732121,519350683
82.4103,gpu,31,1,0
82.6105,disk0,905622828191744,2037317285,12652489042966869
82.6105,disk0w,1979524751360,18850149,1162931887505
82.6105,disk5,36204180502528,72874994,598284533180194
82.6105,disk5w,225980416,35966,1254168700
82.6105,disk4,39190528078848,39284859,410681727738358
82.6105,disk4w,1447560398848,1495270,591099736239
82.6105,disk8,59699446626304,96956548,955476322442925
82.6105,disk8w,4128768,601,984243925
82.6105,ram,218497024,63281479680,279445
82.6105,cpu,14970062,21732121,519350683
82.6105,gpu,25,0,0
82.8055,disk0,905625135534080,2037322036,12652501472737292
82.8055,disk0w,1979524751360,18850149,1162931887505
82.8055,disk5,36204825311232,72876281,598288481248776
82.8055,disk5w,225980416,35966,1254168700
82.8055,disk4,39191090115584,39285435,410682409788048
82.8055,disk4w,1447560398848,1495270,591099736239
82.8055,disk8,59700678342656,96958537,955488809523142
82.8055,disk8w,4128768,601,984243925
82.8055,ram,217972736,64841367552,279445
82.8055,cpu,14970075,21732224,519352279
82.8055,gpu,0,0,0
83.0021,disk0,905627079794688,2037326098,12652509438868576
83.0021,disk0w,1979524751360,18850149,1162931887505
83.0021,disk5,36205619755008,72877833,598294315198192
83.0021,disk5w,225980416,35966,1254168700
83.0021,disk4,39191546770432,39285903,410682908469145
83.0021,disk4w,1447560398848,1495270,591099736239
83.0021,disk8,59702024124416,96960845,955505327572754
83.0021,disk8w,4128768,601,984243925
83.0021,ram,217972736,64841367552,279445
83.0021,cpu,14970075,21732224,519352279
83.0021,gpu,34,0,0
83.2105,disk0,905629046431744,2037330610,12652517165650183
83.2105,disk0w,1979524751360,18850149,1162931887505
83.2105,disk5,36206526511104,72879622,598302950014639
83.2105,disk5w,225980416,35966,1254168700
83.2105,disk4,39192064898048,39286434,410683511514010
83.2105,disk4w,1447560398848,1495270,591099736239
83.2105,disk8,59703390320640,96963252,955521497488189
83.2105,disk8w,4128768,601,984243925
83.2105,ram,217972736,64841367552,279445
83.2105,cpu,14970075,21732224,519352279
83.2105,gpu,28,0,0
83.4035,disk0,905631157010432,2037337622,12652533195710970
83.4035,disk0w,1979524751360,18850149,1162931887505
83.4035,disk5,36207203440640,72880956,598307072169738
83.4035,disk5w,225980416,35966,1254168700
83.4035,disk4,39192574243840,39286956,410684252559460
83.4035,disk4w,1447560398848,1495270,591099736239
83.4035,disk8,59704610600960,96965628,955535325720182
83.4035,disk8w,4128768,601,984243925
83.4035,ram,217972736,64841367552,279445
83.4035,cpu,14970075,21732224,519352279
83.4035,gpu,36,1,0
83.6105,disk0,905632797560832,2037340881,12652547318560752
83.6105,disk0w,1979524751360,18850149,1162931887505
83.6105,disk5,36207873071104,72882314,598311466669723
83.6105,disk5w,225980416,35966,1254168700
83.6105,disk4,39193004504064,39287397,410685076884974
83.6105,disk4w,1447560398848,1495270,591099736239
83.6105,disk8,59705566394368,96967346,955545485580748
83.6105,disk8w,4128768,601,984243925
83.6105,ram,217972736,64841367552,279445
83.6105,cpu,14970075,21732224,519352279
83.6105,gpu,26,0,0
83.8105,disk0,905635078533120,2037347571,12652563460243433
83.8105,disk0w,1979524751360,18850149,1162931887505
83.8105,disk5,36208619452416,72883845,598315743697026
83.8105,disk5w,225980416,35966,1254168700
83.8105,disk4,39193478722560,39287883,410685664735442
83.8105,disk4w,1447560398848,1495270,591099736239
83.8105,disk8,59706793359360,96968933,955554567861694
83.8105,disk8w,4128768,601,984243925
83.8105,ram,215367680,64865845248,279445
83.8105,cpu,14970095,21732331,519354003
83.8105,gpu,25,0,0
84.0040,disk0,905637263536128,2037351693,12652574893097827
84.0040,disk0w,1979524751360,18850149,1162931887505
84.0040,disk5,36209342838784,72885328,598321522957863
84.0040,disk5w,225980416,35966,1254168700
84.0040,disk4,39194093450240,39288513,410686580516029
84.0040,disk4w,1447560398848,1495270,591099736239
84.0040,disk8,59708042459136,96970492,955563318109260
84.0040,disk8w,4128768,601,984243925
84.0040,ram,217923584,64865845248,279445
84.0040,cpu,14970095,21732331,519354011
84.0040,gpu,0,0,0
84.2105,disk0,905639566929920,2037356476,12652587931649940
84.2105,disk0w,1979524751360,18850149,1162931887505
84.2105,disk5,36210199508992,72887084,598327818680573
84.2105,disk5w,225980416,35966,1254168700
84.2105,disk4,39194673050624,39289107,410687264609948
84.2105,disk4w,1447560398848,1495270,591099736239
84.2105,disk8,59709354031104,96972359,955573910635554
84.2105,disk8w,4128768,601,984243925
84.2105,ram,217923584,64865845248,279445
84.2105,cpu,14970095,21732331,519354011
84.2105,gpu,35,0,0
84.4034,disk0,905641684242432,2037360680,12652598229425681
84.4034,disk0w,1979524751360,18850149,1162931887505
84.4034,disk5,36210830686208,72888321,598331168638285
84.4034,disk5w,225980416,35966,1254168700
84.4034,disk4,39195278996480,39289728,410688068995110
84.4034,disk4w,1447560398848,1495270,591099736239
84.4034,disk8,59710682789888,96974631,955588621218893
84.4034,disk8w,4128768,601,984243925
84.4034,ram,217923584,64865845248,279445
84.4034,cpu,14970095,21732331,519354011
84.4034,gpu,0,0,0
84.6105,disk0,905643839873024,2037365017,12652609326324156
84.6105,disk0w,1979524751360,18850149,1162931887505
84.6105,disk5,36211410794496,72889464,598333902366604
84.6105,disk5w,225980416,35966,1254168700
84.6105,disk4,39195884942336,39290349,410688850534645
84.6105,disk4w,1447560398848,1495270,591099736239
84.6105,disk8,59712049018880,96977337,955606948594397
84.6105,disk8w,4128768,601,984243925
84.6105,ram,217923584,64865845248,279445
84.6105,cpu,14970095,21732331,519354011
84.6105,gpu,35,0,0
84.8105,disk0,905645792989184,2037370560,12652621031731975
84.8105,disk0w,1979524751360,18850149,1162931887505
84.8105,disk5,36212207630336,72891033,598337942910042
84.8105,disk5w,225980416,35966,1254168700
84.8105,disk4,39196438197248,39290916,410689522137160
84.8105,disk4w,1447560398848,1495270,591099736239
84.8105,disk8,59713416165376,96979702,955623847816986
84.8105,disk8w,4128768,601,984243925
84.8105,ram,217923584,64865845248,279445
84.8105,cpu,14970095,21732331,519354011
84.8105,gpu,36,0,0
85.0105,disk0,905647702396928,2037373990,12652633511649813
85.0105,disk0w,1979524751360,18850149,1162931887505
85.0105,disk5,36212793743360,72892203,598342069491999
85.0105,disk5w,225980416,35966,1254168700
85.0105,disk4,39196850877440,39291339,410690340703942
85.0105,disk4w,1447560398848,1495270,591099736239
85.0105,disk8,59714441902080,96981448,955634045443715
85.0105,disk8w,4128768,601,984243925
85.0105,ram,216367104,63228919808,279445
85.0105,cpu,14970110,21732437,519355740
85.0105,gpu,58,0,0
85.2105,disk0,905649797115904,2037381730,12652649292501644
85.2105,disk0w,1979524751360,18850149,1162931887505
85.2105,disk5,36213641394176,72893942,598349756286634
85.2105,disk5w,225980416,35966,1254168700
85.2105,disk4,39197421696000,39291924,410691052849578
85.2105,disk4w,1447560398848,1495270,591099736239
85.2105,disk8,59715611490304,96983172,955642751306420
85.2105,disk8w,4128768,601,984243925
85.2105,ram,216367104,63228919808,279445
85.2105,cpu,14970110,21732437,519355740
85.2105,gpu,24,0,0
85.4105,disk0,905652262825984,2037385714,12652662465421854
85.4105,disk0w,1979524751360,18850149,1162931887505
85.4105,disk5,36214371563520,72895437,598354087560003
85.4105,disk5w,225980416,35966,1254168700
85.4105,disk4,39197977048064,39292493,410691751991227
85.4105,disk4w,1447560398848,1495270,591099736239
85.4105,disk8,59716889688064,96984714,955650397248811
85.4105,disk8w,4128768,601,984243925
85.4105,ram,216367104,63228919808,279445
85.4105,cpu,14970110,21732437,519355740
85.4105,gpu,30,1,0
85.6105,disk0,905654629928960,2037389984,12652675621889770
85.6105,disk0w,1979524751360,18850149,1162931887505
85.6105,disk5,36215015716864,72896759,598357163635728
85.6105,disk5w,225980416,35966,1254168700
85.6105,disk4,39198590727168,39293122,410692502257235
85.6105,disk4w,1447560398848,1495270,591099736239
85.6105,disk8,59718136494080,96986553,955661366081367
85.6105,disk8w,4128768,601,984243925
85.6105,ram,216367104,63228919808,279445
85.6105,cpu,14970110,21732437,519355740
85.6105,gpu,0,0,0
85.8105,disk0,905656661385216,2037394084,12652687012480032
85.8105,disk0w,1979524751360,18850149,1162931887505
85.8105,disk5,36215691425792,72898121,598361092393171
85.8105,disk5w,225980416,35966,1254168700
85.8105,disk4,39199072678912,39293616,410693119668569
85.8105,disk4w,1447560398848,1495270,591099736239
85.8105,disk8,59719496808448,96988439,955674007600746
85.8105,disk8w,4128768,601,984243925
85.8105,ram,216367104,63228919808,279445
85.8105,cpu,14970110,21732437,519355740
85.8105,gpu,22,0,0
86.0035,disk0,905658764627968,2037398626,12652699796395667
86.0035,disk0w,1979524751360,18850149,1162931887505
86.0035,disk5,36216296667136,72899297,598364172696637
86.0035,disk5w,225980416,35966,1254168700
86.0035,disk4,39199746388992,39294306,410694071852257
86.0035,disk4w,1447560398848,1495270,591099736239
86.0035,disk8,59720761620480,96990840,955688195016521
86.0035,disk8w,4128768,601,984243925
86.0035,ram,212467712,64673792000,279445
86.0035,cpu,14970133,21732545,519357467
86.0035,gpu,28,0,0
86.2105,disk0,905660881321984,2037402980,12652712983634336
86.2105,disk0w,1979524751360,18850149,1162931887505
86.2105,disk5,36216989792256,72900671,598367553318036
86.2105,disk5w,225980416,35966,1254168700
86.2105,disk4,39200319697920,39294894,410694933176637
86.2105,disk4w,1447560398848,1495270,591099736239
86.2105,disk8,59721982212096,96993087,955702393947877
86.2105,disk8w,4128768,601,984243925
86.2105,ram,212467712,64673792000,279445
86.2105,cpu,14970133,21732545,519357467
86.2105,gpu,30,0,0
86.4044,disk0,905663123771392,2037410893,12652729860610340
86.4044,disk0w,1979524751360,18850149,1162931887505
86.4044,disk5,36217823819776,72902318,598374874398356
86.4044,disk5w,225980416,35966,1254168700
86.4044,disk4,39200741225472,39295326,410695369593413
86.4044,disk4w,1447560398848,1495270,591099736239
86.4044,disk8,59723049924608,96994892,955711059837886
86.4044,disk8w,4128768,601,984243925
86.4044,ram,212467712,64673792000,279445
86.4044,cpu,14970133,21732545,519357467
86.4044,gpu,35,3,0
86.6105,disk0,905665351417856,2037415195,12652744657489657
86.6105,disk0w,1979524751360,18850149,1162931887505
86.6105,disk5,36218516404224,72903720,598380518029495
86.6105,disk5w,225980416,35966,1254168700
86.6105,disk4,39201281029120,39295879,410696514213722
86.6105,disk4w,1447560398848,1495270,591099736239
86.6105,disk8,59724089227264,96996706,955718154306583
86.6105,disk8w,4128768,601,984243925
86.6105,ram,212467712,64673792000,279445
86.6105,cpu,14970133,21732545,519357467
86.6105,gpu,36,0,0
86.8036,disk0,905667538882560,2037425221,12652763251465513
86.8036,disk0w,1979524751360,18850149,1162931887505
86.8036,disk5,36219190540288,72905100,598384242927323
86.8036,disk5w,225980416,35966,1254168700
86.8036,disk4,39201865217024,39296478,410697396015769
86.8036,disk4w,1447560398848,1495270,591099736239
86.8036,disk8,59725252622336,96998261,955725807660273
86.8036,disk8w,4128768,601,984243925
86.8036,ram,212467712,64673792000,279445
86.8036,cpu,14970133,21732545,519357467
86.8036,gpu,34,0,0
87.0105,disk0,905669792116736,2037429182,12652774079983453
87.0105,disk0w,1979524751360,18850149,1162931887505
87.0105,disk5,36219858778112,72906471,598388009351031
87.0105,disk5w,225980416,35966,1254168700
87.0105,disk4,39202413884416,39297040,410698085887497
87.0105,disk4w,1447560398848,1495270,591099736239
87.0105,disk8,59726630926336,97000096,955738354884351
87.0105,disk8w,4128768,601,984243925
87.0105,ram,216612864,64895336448,279445
87.0105,cpu,14970159,21732685,519359153
87.0105,gpu,27,1,0
87.2105,disk0,905672179867648,2037434245,12652787627313768
87.2105,disk0w,1979524751360,18850149,1162931887505
87.2105,disk5,36220721231872,72908239,598394442919926
87.2105,disk5w,225980416,35966,1254168700
87.2105,disk4,39202954163200,39297594,410698766009426
87.2105,disk4w,1447560398848,1495270,591099736239
87.2105,disk8,59727910565888,97002025,955746997370837
87.2105,disk8w,4128768,601,984243925
87.2105,ram,216612864,64895336448,279445
87.2105,cpu,14970159,21732685,519359153
87.2105,gpu,37,0,0
87.4105,disk0,905674623066112,2037439231,12652802253045296
87.4105,disk0w,1979524751360,18850149,1162931887505
87.4105,disk5,36221534173184,72909843,598399068650275
87.4105,disk5w,225980416,35966,1254168700
87.4105,disk4,39203472290816,39298125,410699498369543
87.4105,disk4w,1447560398848,1495270,591099736239
87.4105,disk8,59729203902464,97004188,955757904679970
87.4105,disk8w,4128768,601,984243925
87.4105,ram,216612864,64895336448,279445
87.4105,cpu,14970159,21732685,519359153
87.4105,gpu,39,3,0
87.6088,disk0,905676890480640,2037443848,12652817157386367
87.6088,disk0w,1979524751360,18850149,1162931887505
87.6088,disk5,36222017107968,72910795,598401073487755
87.6088,disk5w,225980416,35966,1254168700
87.6088,disk4,39203946509312,39298611,410700033147888
87.6088,disk4w,1447560398848,1495270,591099736239
87.6088,disk8,59730579322880,97006812,955773569869631
87.6088,disk8w,4128768,601,984243925
87.6088,ram,216612864,64895336448,279445
87.6088,cpu,14970159,21732685,519359153
87.6088,gpu,43,0,0
87.8101,disk0,905678987726848,2037452787,12652834220917219
87.8101,disk0w,1979524751360,18850149,1162931887505
87.8101,disk5,36222675138560,72912094,598404790021001
87.8101,disk5w,225980416,35966,1254168700
87.8101,disk4,39204508546048,39299187,410700796442198
87.8101,disk4w,1447560398848,1495270,591099736239
87.8101,disk8,59731829110784,97008857,955786530919129
87.8101,disk8w,4128768,601,984243925
87.8101,ram,216612864,64895336448,279445
87.8101,cpu,14970159,21732685,519359153
87.8101,gpu,37,0,0
88.0105,disk0,905681328394240,2037457045,12652849590354041
88.0105,disk0w,1979524751360,18850149,1162931887505
88.0105,disk5,36223262980096,72913259,598407693318409
88.0105,disk5w,225980416,35966,1254168700
88.0105,disk4,39204938855424,39299628,410701342377424
88.0105,disk4w,1447560398848,1495270,591099736239
88.0105,disk8,59732971943936,97011072,955796029381749
88.0105,disk8w,4128768,601,984243925
88.0105,ram,214843392,63214600192,279445
88.0105,cpu,14970177,21732799,519360938
88.0105,gpu,29,0,0
88.2105,disk0,905683564093440,2037466208,12652867954532163
88.2105,disk0w,1979524751360,18850149,1162931887505
88.2105,disk5,36223868368896,72914501,598412175529482
88.2105,disk5w,225980416,35966,1254168700
88.2105,disk4,39205603668992,39300309,410703495033991
88.2105,disk4w,1447560398848,1495270,591099736239
88.2105,disk8,59733986949120,97012565,955802640061914
88.2105,disk8w,4128768,601,984243925
88.2105,ram,214843392,63214600192,279445
88.2105,cpu,14970177,21732799,519360938
88.2105,gpu,20,0,0
88.4046,disk0,905685961678848,2037470401,12652882099061394
88.4046,disk0w,1979524751360,18850149,1162931887505
88.4046,disk5,36224675543040,72916155,598419208844843
88.4046,disk5w,225980416,35966,1254168700
88.4046,disk4,39206115505152,39300834,410704164127223
88.4046,disk4w,1447560398848,1495270,591099736239
88.4046,disk8,59735132960768,97013893,955808036619633
88.4046,disk8w,4128768,601,984243925
88.4046,ram,214843392,63214600192,279445
88.4046,cpu,14970177,21732799,519360938
88.4046,gpu,25,1,0
88.6060,disk0,905688083456000,2037474610,12652891328028453
88.6060,disk0w,1979524759552,18850151,1162931932255
88.6060,disk5,36225331763200,72917501,598423265723243
88.6060,disk5w,225980416,35966,1254168700
88.6060,disk4,39206774141952,39301509,410705051893922
88.6060,disk4w,1447560398848,1495270,591099736239
88.6060,disk8,59736551815168,97016005,955822092571643
88.6060,disk8w,4128768,601,984243925
88.6060,ram,214843392,63214600192,279445
88.6060,cpu,14970177,21732799,519360938
88.6060,gpu,38,0,0
88.8105,disk0,905690342682624,2037479104,12652904063378165
88.8105,disk0w,1979524759552,18850151,1162931932255
88.8105,disk5,36225982822400,72918817,598427051493102
88.8105,disk5w,225980416,35966,1254168700
88.8105,disk4,39207257142272,39302004,410705632421793
88.8105,disk4w,1447560398848,1495270,591099736239
88.8105,disk8,59737911998464,97018044,955835189833207
88.8105,disk8w,4128768,601,984243925
88.8105,ram,214843392,63214600192,279445
88.8105,cpu,14970177,21732799,519360938
88.8105,gpu,21,0,0
89.0105,disk0,905692820762624,2037484421,12652923267127266
89.0105,disk0w,1979524759552,18850151,1162931932255
89.0105,disk5,36226756999168,72920325,598431675699567
89.0105,disk5w,225980416,35966,1254168700
89.0105,disk4,39207789294592,39302549,410706290940360
89.0105,disk4w,1447560398848,1495270,591099736239
89.0105,disk8,59739076671488,97020099,955843487461556
89.0105,disk8w,4128768,601,984243925
89.0105,ram,211238912,64796639232,279445
89.0105,cpu,14970197,21732903,519362593
89.0105,gpu,26,1,0
89.2036,disk0,905694662963200,2037488505,12652930422272065
89.2036,disk0w,1979524759552,18850151,1162931932255
89.2036,disk5,36227380459520,72921556,598435692443452
89.2036,disk5w,225980416,35966,1254168700
89.2036,disk4,39208416343040,39303192,410707158184518
89.2036,disk4w,1447560398848,1495270,591099736239
89.2036,disk8,59740366452736,97022363,955860422180585
89.2036,disk8w,4128768,601,984243925
89.2036,ram,211533824,64796639232,279445
89.2036,cpu,14970197,21732903,519362607
89.2036,gpu,0,0,0
89.4078,disk0,905697006292992,2037496420,12652948526276825
89.4078,disk0w,1979524759552,18850151,1162931932255
89.4078,disk5,36228128438272,72923032,598441397293089
89.4078,disk5w,225980416,35966,1254168700
89.4078,disk4,39208978379776,39303768,410707845538118
89.4078,disk4w,1447560398848,1495270,591099736239
89.4078,disk8,59741529618432,97024384,955870758347837
89.4078,disk8w,4128768,601,984243925
89.4078,ram,211533824,64796639232,279445
89.4078,cpu,14970197,21732903,519362607
89.4078,gpu,29,1,0
89.6076,disk0,905699035930624,2037500404,12652961340380493
89.6076,disk0w,1979524759552,18850151,1162931932255
89.6076,disk5,36228706842624,72924200,598444886012913
89.6076,disk5w,225980416,35966,1254168700
89.6076,disk4,39209549100032,39304353,410709516788795
89.6076,disk4w,1447560398848,1495270,591099736239
89.6076,disk8,59742655330304,97026360,955881272122850
89.6076,disk8w,4128768,601,984243925
89.6076,ram,211533824,64796639232,279445
89.6076,cpu,14970197,21732903,519362607
89.6076,gpu,24,0,0
89.8100,disk0,905701277585408,2037506290,12652976390754238
89.8100,disk0w,1979525644288,18850167,1162932269873
89.8100,disk5,36229376497664,72925574,598452033700032
89.8100,disk5w,225980416,35966,1254168700
89.8100,disk4,39210040882176,39304857,410710189722968
89.8100,disk4w,1447560398848,1495270,591099736239
89.8100,disk8,59743876315136,97028037,955889350479517
89.8100,disk8w,4128768,601,984243925
89.8100,ram,211533824,64796639232,279445
89.8100,cpu,14970197,21732903,519362607
89.8100,gpu,25,0,0
90.0105,disk0,905703499603968,2037510046,12652985056155379
90.0105,disk0w,1979529826304,18850493,1162938510934
90.0105,disk5,36230053787648,72926960,598456550311415
90.0105,disk5w,225980416,35966,1254168700
90.0105,disk4,39210515100672,39305343,410710791256596
90.0105,disk4w,1447560398848,1495270,591099736239
90.0105,disk8,59745210890240,97029803,955901089752890
90.0105,disk8w,4128768,601,984243925
90.0105,ram,211697664,64913440768,279445
90.0105,cpu,14970251,21733032,519364194
90.0105,gpu,25,0,0
90.2095,disk0,905705733287936,2037514424,12652998245355953
90.2095,disk0w,1979529826304,18850493,1162938510934
90.2095,disk5,36230790395904,72928471,598460069889364
90.2095,disk5w,225980416,35966,1254168700
90.2095,disk4,39211164955648,39306009,410711654182240
90.2095,disk4w,1447560398848,1495270,591099736239
90.2095,disk8,59746454173696,97031680,955912284645171
90.2095,disk8w,4128768,601,984243925
90.2095,ram,212107264,64913440768,279445
90.2095,cpu,14970252,21733034,519364267
90.2095,gpu,26,0,0
90.4105,disk0,905708090052608,2037519419,12653014150524569
90.4105,disk0w,1979529826304,18850493,1162938510934
90.4105,disk5,36231495284736,72929870,598465089613088
90.4105,disk5w,225980416,35966,1254168700
90.4105,disk4,39211833422848,39306694,410712554255559
90.4105,disk4w,1447560398848,1495270,591099736239
90.4105,disk8,59747611801600,97033568,955921978613677
90.4105,disk8w,4128768,601,984243925
90.4105,ram,212107264,64913440768,279445
90.4105,cpu,14970252,21733034,519364267
90.4105,gpu,31,2,0
90.6096,disk0,905710224207872,2037523703,12653026237245668
90.6096,disk0w,1979529826304,18850493,1162938510934
90.6096,disk5,36232115599360,72931088,598468889086225
90.6096,disk5w,225980416,35966,1254168700
90.6096,disk4,39212429538304,39307305,410713283247946
90.6096,disk4w,1447560398848,1495270,591099736239
90.6096,disk8,59748962334720,97036069,955937018844223
90.6096,disk8w,4128768,601,984243925
90.6096,ram,212107264,64913440768,279445
90.6096,cpu,14970252,21733034,519364267
90.6096,gpu,30,0,0
90.8062,disk0,905712395157504,2037530276,12653043341523090
90.8062,disk0w,1979529826304,18850493,1162938510934
90.8062,disk5,36232721790976,72932283,598472051251662
90.8062,disk5w,225980416,35966,1254168700
90.8062,disk4,39212965229568,39307854,410713997983182
90.8062,disk4w,1447560398848,1495270,591099736239
90.8062,disk8,59750261110784,97038284,955950189389704
90.8062,disk8w,4128768,601,984243925
90.8062,ram,212107264,64913440768,279445
90.8062,cpu,14970252,21733034,519364267
90.8062,gpu,47,0,0
91.0090,disk0,905714571198464,2037534243,12653057576813322
91.0090,disk0w,1979529826304,18850493,1162938510934
91.0090,disk5,36233389373440,72933607,598476941355289
91.0090,disk5w,225980416,35966,1254168700
91.0090,disk4,39213469987840,39308371,410714642430902
91.0090,disk4w,1447560398848,1495270,591099736239
91.0090,disk8,59751065614336,97039904,955955609725144
91.0090,disk8w,4128768,601,984243925
91.0090,ram,212107264,64913440768,279445
91.0090,cpu,14970252,21733034,519364267
91.0090,gpu,50,0,0
91.2105,disk0,905716861386752,2037541587,12653073518334433
91.2105,disk0w,1979529826304,18850493,1162938510934
91.2105,disk5,36234124785664,72935114,598483361597277
91.2105,disk5w,225980416,35966,1254168700
91.2105,disk4,39214035170304,39308950,410715440644044
91.2105,disk4w,1447560398848,1495270,591099736239
91.2105,disk8,59752429975552,97041918,955966396480597
91.2105,disk8w,4128768,601,984243925
91.2105,ram,213942272,64693354496,279445
91.2105,cpu,14970269,21733140,519365861
91.2105,gpu,0,0,0
91.4060,disk0,905718979674112,2037545253,12653083251460182
91.4060,disk0w,1979529826304,18850493,1162938510934
91.4060,disk5,36234915461120,72936734,598488671327680
91.4060,disk5w,225980416,35966,1254168700
91.4060,disk4,39214528394240,39309456,410716041828912
91.4060,disk4w,1447560398848,1495270,591099736239
91.4060,disk8,59753735845888,97043444,955975714848003
91.4060,disk8w,4128768,601,984243925
91.4060,ram,213942272,64693354496,279445
91.4060,cpu,14970269,21733140,519365861
91.4060,gpu,23,1,0
91.6011,disk0,905721440514048,2037550035,12653098508430348
91.6011,disk0w,1979529826304,18850493,1162938510934
91.6011,disk5,36235651397632,72938242,598493286555344
91.6011,disk5w,225980416,35966,1254168700
91.6011,disk4,39215090430976,39310032,410716679246276
91.6011,disk4w,1447560398848,1495270,591099736239
91.6011,disk8,59754959403008,97045228,955984532479736
91.6011,disk8w,4128768,601,984243925
91.6011,ram,213942272,64693354496,279445
91.6011,cpu,14970269,21733140,519365861
91.6011,gpu,0,0,0
91.8039,disk0,905723765010432,2037554759,12653114551250564
91.8039,disk0w,1979529826304,18850493,1162938510934
91.8039,disk5,36236310476800,72939570,598496956364943
91.8039,disk5w,225980416,35966,1254168700
91.8039,disk4,39215626122240,39310581,410717333132639
91.8039,disk4w,1447560398848,1495270,591099736239
91.8039,disk8,59756206094336,97047156,955995362190533
91.8039,disk8w,4128768,601,984243925
91.8039,ram,213942272,64693354496,279445
91.8039,cpu,14970269,21733140,519365861
91.8039,gpu,36,0,0
92.0105,disk0,905726066655232,2037559704,12653126993072623
92.0105,disk0w,1979529826304,18850493,1162938510934
92.0105,disk5,36237066295296,72941041,598501280482060
92.0105,disk5w,225980416,35966,1254168700
92.0105,disk4,39216232068096,39311202,410718087895231
92.0105,disk4w,1447560398848,1495270,591099736239
92.0105,disk8,59757554202624,97049514,956008764799085
92.0105,disk8w,4128768,601,984243925
92.0105,ram,213942272,64693354496,279445
92.0105,cpu,14970269,21733140,519365861
92.0105,gpu,37,0,0
92.2015,disk0,905728193228800,2037564799,12653142448960466
92.2015,disk0w,1979530301440,18850537,1162939080921
92.2015,disk5,36237758642176,72942407,598505214823759
92.2015,disk5w,225980416,35966,1254168700
92.2015,disk4,39216750195712,39311733,410718807091884
92.2015,disk4w,1447560398848,1495270,591099736239
92.2015,disk8,59758747760640,97051648,956021227339707
92.2015,disk8w,4128768,601,984243925
92.2015,ram,198311936,64798720000,279445
92.2015,cpu,14970297,21733273,519367549
92.2015,gpu,38,0,0
92.4073,disk0,905730330705920,2037570850,12653157955476961
92.4073,disk0w,1979530301440,18850537,1162939080921
92.4073,disk5,36238412085248,72943694,598508844195963
92.4073,disk5w,225980416,35966,1254168700
92.4073,disk4,39217347359744,39312345,410719581974761
92.4073,disk4w,1447560398848,1495270,591099736239
92.4073,disk8,59760031791104,97054106,956036124366882
92.4073,disk8w,4128768,601,984243925
92.4073,ram,198311936,64798720000,279445
92.4073,cpu,14970297,21733273,519367549
92.4073,gpu,36,2,0
92.6105,disk0,905732090146816,2037574506,12653169270238347
92.6105,disk0w,1979530301440,18850537,1162939080921
92.6105,disk5,36238994159616,72944872,598513530722285
92.6105,disk5w,225980416,35966,1254168700
92.6105,disk4,39217803965440,39312813,410720558737939
92.6105,disk4w,1447560398848,1495270,591099736239
92.6105,disk8,59761071568896,97056031,956048256002705
92.6105,disk8w,4128768,601,984243925
92.6105,ram,198311936,64798720000,279445
92.6105,cpu,14970297,21733273,519367549
92.6105,gpu,40,0,0
92.8030,disk0,905734352416768,2037582454,12653183510940195
92.8030,disk0w,1979530301440,18850537,1162939080921
92.8030,disk5,36239828047872,72946579,598519757078423
92.8030,disk5w,225980416,35966,1254168700
92.8030,disk4,39218374784000,39313398,410721340785701
92.8030,disk4w,1447560398848,1495270,591099736239
92.8030,disk8,59762296272896,97057736,956057050171511
92.8030,disk8w,4128768,601,984243925
92.8030,ram,198311936,64798720000,279445
92.8030,cpu,14970297,21733273,519367549
92.8030,gpu,42,0,0
93.0105,disk0,905736770760704,2037586386,12653197679081507
93.0105,disk0w,1979530301440,18850537,1162939080921
93.0105,disk5,36240485677056,72947929,598524016935090
93.0105,disk5w,225980416,35966,1254168700
93.0105,disk4,39219015857152,39314055,410722208129858
93.0105,disk4w,1447560398848,1495270,591099736239
93.0105,disk8,59763549599744,97059434,956065916526271
93.0105,disk8w,4128768,601,984243925
93.0105,ram,198311936,64798720000,279445
93.0105,cpu,14970297,21733273,519367549
93.0105,gpu,28,0,0
93.2096,disk0,905739125764096,2037591361,12653218239460567
93.2096,disk0w,1979530321920,18850538,1162939110837
93.2096,disk5,36241256568832,72949507,598529469213036
93.2096,disk5w,225980416,35966,1254168700
93.2096,disk4,39219606336512,39314660,410722913338737
93.2096,disk4w,1447560398848,1495270,591099736239
93.2096,disk8,59764676687872,97060967,956071605788511
93.2096,disk8w,4128768,601,984243925
93.2096,ram,200884224,64937410560,279445
93.2096,cpu,14970319,21733389,519369413
93.2096,gpu,27,0,0
93.4105,disk0,905741293793280,2037595747,12653230097436303
93.4105,disk0w,1979530321920,18850538,1162939110837
93.4105,disk5,36241942099968,72950864,598533751689126
93.4105,disk5w,225980416,35966,1254168700
93.4105,disk4,39220254094336,39315324,410723690837094
93.4105,disk4w,1447560398848,1495270,591099736239
93.4105,disk8,59765908846592,97062920,956085086352645
93.4105,disk8w,4128768,601,984243925
93.4105,ram,200884224,64937410560,279445
93.4105,cpu,14970319,21733389,519369413
93.4105,gpu,28,1,0
93.6105,disk0,905743402909696,2037600403,12653241688330839
93.6105,disk0w,1979530321920,18850538,1162939110837
93.6105,disk5,36242544474112,72952046,598536650604992
93.6105,disk5w,225980416,35966,1254168700
93.6105,disk4,39220754658304,39315837,410724351208456
93.6105,disk4w,1447560398848,1495270,591099736239
93.6105,disk8,59767290574848,97065361,956101578885868
93.6105,disk8w,4128768,601,984243925
93.6105,ram,200884224,64937410560,279445
93.6105,cpu,14970319,21733389,519369413
93.6105,gpu,37,0,0
93.8105,disk0,905745701863424,2037606783,12653263251278661
93.8105,disk0w,1979530321920,18850538,1162939110837
93.8105,disk5,36243331479552,72953601,598541411974515
93.8105,disk5w,225980416,35966,1254168700
93.8105,disk4,39221487744000,39316588,410725421613753
93.8105,disk4w,1447560398848,1495270,591099736239
93.8105,disk8,59768458213376,97067387,956110004290738
93.8105,disk8w,4128768,601,984243925
93.8105,ram,200884224,64937410560,279445
93.8105,cpu,14970319,21733389,519369413
93.8105,gpu,35,0,0
94.0105,disk0,905747763482624,2037610730,12653277449097248
94.0105,disk0w,1979530321920,18850538,1162939110837
94.0105,disk5,36244039006208,72955013,598548206007300
94.0105,disk5w,225980416,35966,1254168700
94.0105,disk4,39222108075008,39317224,410727070292714
94.0105,disk4w,1447560398848,1495270,591099736239
94.0105,disk8,59769492371456,97069495,956117727688320
94.0105,disk8w,4128768,601,984243925
94.0105,ram,200884224,64937410560,279445
94.0105,cpu,14970319,21733389,519369413
94.0105,gpu,46,0,0
94.2105,disk0,905749757038592,2037617501,12653286808351874
94.2105,disk0w,1979530321920,18850538,1162939110837
94.2105,disk5,36244859156480,72956693,598552886159813
94.2105,disk5w,225980416,35966,1254168700
94.2105,disk4,39222625154048,39317754,410727846061841
94.2105,disk4w,1447560398848,1495270,591099736239
94.2105,disk8,59770882390016,97071533,956131993429367
94.2105,disk8w,4128768,601,984243925
94.2105,ram,199327744,64898465792,279445
94.2105,cpu,14970335,21733491,519371006
94.2105,gpu,30,0,0
94.4105,disk0,905751991029760,2037621181,12653296276700030
94.4105,disk0w,1979530321920,18850538,1162939110837
94.4105,disk5,36245836036096,72958695,598563014559301
94.4105,disk5w,225980416,35966,1254168700
94.4105,disk4,39223160845312,39318303,410728508529539
94.4105,disk4w,1447560398848,1495270,591099736239
94.4105,disk8,59772069132288,97072982,956138523805265
94.4105,disk8w,4128768,601,984243925
94.4105,ram,199327744,64898465792,279445
94.4105,cpu,14970335,21733491,519371006
94.4105,gpu,24,2,0
94.6105,disk0,905754306744320,2037625729,12653309106071605
94.6105,disk0w,1979530321920,18850538,1162939110837
94.6105,disk5,36246574594048,72960210,598568676858990
94.6105,disk5w,225980416,35966,1254168700
94.6105,disk4,39223863391232,39319023,410729685886547
94.6105,disk4w,1447560398848,1495270,591099736239
94.6105,disk8,59773356324864,97075028,956148847839166
94.6105,disk8w,4128768,601,984243925
94.6105,ram,199327744,64898465792,279445
94.6105,cpu,14970335,21733491,519371006
94.6105,gpu,0,0,0
94.8105,disk0,905756655849472,2037630579,12653322754380044
94.8105,disk0w,1979530321920,18850538,1162939110837
94.8105,disk5,36247502649344,72962059,598576248582416
94.8105,disk5w,225980416,35966,1254168700
94.8105,disk4,39224457016320,39319631,410730373637127
94.8105,disk4w,1447560398848,1495270,591099736239
94.8105,disk8,59774572574720,97076905,956157151264395
94.8105,disk8w,4128768,601,984243925
94.8105,ram,199327744,64898465792,279445
94.8105,cpu,14970335,21733491,519371006
94.8105,gpu,40,0,0
95.0105,disk0,905758785941504,2037634895,12653332514101973
95.0105,disk0w,1979530321920,18850538,1162939110837
95.0105,disk5,36248142592000,72963311,598579282549252
95.0105,disk5w,225980416,35966,1254168700
95.0105,disk4,39224996246528,39320184,410731062527941
95.0105,disk4w,1447560398848,1495270,591099736239
95.0105,disk8,59775956318208,97079247,956173555420253
95.0105,disk8w,4128768,601,984243925
95.0105,ram,199327744,64898465792,279445
95.0105,cpu,14970335,21733491,519371006
95.0105,gpu,30,0,0
95.2105,disk0,905761027620864,2037641090,12653352626343650
95.2105,disk0w,1979530321920,18850538,1162939110837
95.2105,disk5,36248943474688,72964893,598583612599844
95.2105,disk5w,225980416,35966,1254168700
95.2105,disk4,39225479246848,39320679,410731615734111
95.2105,disk4w,1447560398848,1495270,591099736239
95.2105,disk8,59777111717888,97081256,956184055414033
95.2105,disk8w,4128768,601,984243925
95.2105,ram,201293824,64847544320,279445
95.2105,cpu,14970352,21733601,519372794
95.2105,gpu,35,0,0
95.4105,disk0,905763194437632,2037645331,12653365922370917
95.4105,disk0w,1979530321920,18850538,1162939110837
95.4105,disk5,36249812072448,72966613,598590271838948
95.4105,disk5w,225980416,35966,1254168700
95.4105,disk4,39226006156288,39321219,410732263912180
95.4105,disk4w,1447560398848,1495270,591099736239
95.4105,disk8,59778190653440,97083389,956194386957914
95.4105,disk8w,4128768,601,984243925
95.4105,ram,201293824,64847544320,279445
95.4105,cpu,14970352,21733601,519372794
95.4105,gpu,37,0,0
95.6105,disk0,905765185884160,2037655463,12653385642372171
95.6105,disk0w,1979530321920,18850538,1162939110837
95.6105,disk5,36250487650304,72967996,598595299705402
95.6105,disk5w,225980416,35966,1254168700
95.6105,disk4,39226534097920,39321760,410732985705748
95.6105,disk4w,1447560398848,1495270,591099736239
95.6105,disk8,59779106109440,97084749,956200284172480
95.6105,disk8w,4128768,601,984243925
95.6105,ram,201293824,64847544320,279445
95.6105,cpu,14970352,21733601,519372794
95.6105,gpu,31,0,0
95.8105,disk0,905767435968512,2037659495,12653400329298873
95.8105,disk0w,1979530321920,18850538,1162939110837
95.8105,disk5,36251128133632,72969309,598599037940463
95.8105,disk5w,225980416,35966,1254168700
95.8105,disk4,39227068740608,39322308,410733751228940
95.8105,disk4w,1447560398848,1495270,591099736239
95.8105,disk8,59780317542400,97086180,956208399842037
95.8105,disk8w,4128768,601,984243925
95.8105,ram,201293824,64847544320,279445
95.8105,cpu,14970352,21733601,519372794
95.8105,gpu,23,0,0
96.0105,disk0,905769552142336,2037663824,12653409795539152
96.0105,disk0w,1979530321920,18850538,1162939110837
96.0105,disk5,36251831162880,72970747,598605383495518
96.0105,disk5w,225980416,35966,1254168700
96.0105,disk4,39227764601856,39323021,410734938901855
96.0105,disk4w,1447560398848,1495270,591099736239
96.0105,disk8,59781608683520,97087978,956219784199328
96.0105,disk8w,4128768,601,984243925
96.0105,ram,201293824,64847544320,279445
96.0105,cpu,14970352,21733601,519372794
96.0105,gpu,0,0,0
96.2099,disk0,905772002226176,2037668833,12653425059810443
96.2099,disk0w,1979530321920,18850538,1162939110837
96.2099,disk5,36252654745600,72972432,598613328820335
96.2099,disk5w,225980416,35966,1254168700
96.2099,disk4,39228298195968,39323568,410735516590635
96.2099,disk4w,1447560398848,1495270,591099736239
96.2099,disk8,59782757251072,97089599,956226222059561
96.2099,disk8w,4128768,601,984243925
96.2099,ram,210894848,64521781248,279445
96.2099,cpu,14970374,21733710,519374449
96.2099,gpu,45,0,0
96.4105,disk0,905774266662912,2037673726,12653441040718159
96.4105,disk0w,1979530321920,18850538,1162939110837
96.4105,disk5,36253479467008,72974030,598617762656267
96.4105,disk5w,225980416,35966,1254168700
96.4105,disk4,39228825105408,39324108,410736151345748
96.4105,disk4w,1447560398848,1495270,591099736239
96.4105,disk8,59783950252032,97091623,956237442252558
96.4105,disk8w,4128768,601,984243925
96.4105,ram,208945152,64521781248,279445
96.4105,cpu,14970376,21733717,519374591
96.4105,gpu,29,2,0
96.6105,disk0,905776718778368,2037679182,12653460722892299
96.6105,disk0w,1979530321920,18850538,1162939110837
96.6105,disk5,36254146263040,72975351,598620812785210
96.6105,disk5w,225980416,35966,1254168700
96.6105,disk4,39229291590656,39324586,410736661712751
96.6105,disk4w,1447560398848,1495270,591099736239
96.6105,disk8,59785127098368,97093715,956247135576206
96.6105,disk8w,4128768,601,984243925
96.6105,ram,208945152,64521781248,279445
96.6105,cpu,14970376,21733717,519374591
96.6105,gpu,37,0,0
96.8024,disk0,905778827378688,2037684730,12653477698631571
96.8024,disk0w,1979530321920,18850538,1162939110837
96.8024,disk5,36254742870016,72976527,598624096847627
96.8024,disk5w,225980416,35966,1254168700
96.8024,disk4,39229940397056,39325251,410737520781323
96.8024,disk4w,1447560398848,1495270,591099736239
96.8024,disk8,59786305599488,97095882,956257504056850
96.8024,disk8w,4128768,601,984243925
96.8024,ram,208945152,64521781248,279445
96.8024,cpu,14970376,21733717,519374591
96.8024,gpu,0,0,0
97.0105,disk0,905780774903808,2037688511,12653489948712310
97.0105,disk0w,1979530321920,18850538,1162939110837
97.0105,disk5,36255339468800,72977740,598628071723808
97.0105,disk5w,225980416,35966,1254168700
97.0105,disk4,39230423348224,39325746,410738292096823
97.0105,disk4w,1447560398848,1495270,591099736239
97.0105,disk8,59787436439552,97097966,956270363080686
97.0105,disk8w,4128768,601,984243925
97.0105,ram,208945152,64521781248,279445
97.0105,cpu,14970376,21733717,519374591
97.0105,gpu,0,0,0
97.2040,disk0,905783016370176,2037693294,12653506508433892
97.2040,disk0w,1979530321920,18850538,1162939110837
97.2040,disk5,36255830800384,72978749,598631532756477
97.2040,disk5w,225980416,35966,1254168700
97.2040,disk4,39230892979200,39326227,410738887136375
97.2040,disk4w,1447560398848,1495270,591099736239
97.2040,disk8,59788504840192,97099526,956280139073181
97.2040,disk8w,4128768,601,984243925
97.2040,ram,208945152,64521781248,279445
97.2040,cpu,14970376,21733717,519374591
97.2040,gpu,41,0,0
97.4105,disk0,905785137131520,2037696724,12653513814643683
97.4105,disk0w,1979530321920,18850538,1162939110837
97.4105,disk5,36256409860096,72979936,598634421565447
97.4105,disk5w,225980416,35966,1254168700
97.4105,disk4,39231562494976,39326913,410739762679892
97.4105,disk4w,1447560398848,1495270,591099736239
97.4105,disk8,59789962639360,97101340,956293823814204
97.4105,disk8w,4128768,601,984243925
97.4105,ram,208257024,64687685632,279445
97.4105,cpu,14970401,21733844,519376150
97.4105,gpu,0,0,0
97.6105,disk0,905787641745408,2037701802,12653532304392939
97.6105,disk0w,1979530321920,18850538,1162939110837
97.6105,disk5,36257180784640,72981516,598638686832664
97.6105,disk5w,225980416,35966,1254168700
97.6105,disk4,39232197276672,39327564,410740612908248
97.6105,disk4w,1447560398848,1495270,591099736239
97.6105,disk8,59791041329152,97102939,956300241872289
97.6105,disk8w,4128768,601,984243925
97.6105,ram,208257024,64687685632,279445
97.6105,cpu,14970401,21733844,519376150
97.6105,gpu,29,0,0
97.8105,disk0,905789965639680,2037706631,12653550020962145
97.8105,disk0w,1979530321920,18850538,1162939110837
97.8105,disk5,36257831188480,72982799,598642744250990
97.8105,disk5w,225980416,35966,1254168700
97.8105,disk4,39232750531584,39328131,410741320365017
97.8105,disk4w,1447560398848,1495270,591099736239
97.8105,disk8,59792199202816,97104689,956308709014499
97.8105,disk8w,4128768,601,984243925
97.8105,ram,208257024,64687685632,279445
97.8105,cpu,14970401,21733844,519376150
97.8105,gpu,36,0,0
98.0106,disk0,905792323825664,2037711625,12653565842781654
98.0106,disk0w,1979530321920,18850538,1162939110837
98.0106,disk5,36258430416896,72983975,598645826463888
98.0106,disk5w,225980416,35966,1254168700
98.0106,disk4,39233295004672,39328689,410741941751788
98.0106,disk4w,1447560398848,1495270,591099736239
98.0106,disk8,59793479890944,97106964,956320091381612
98.0106,disk8w,4128768,601,984243925
98.0106,ram,208257024,64687685632,279445
98.0106,cpu,14970401,21733844,519376150
98.0106,gpu,0,0,0
98.2105,disk0,905794446548992,2037719398,12653581839460629
98.2105,disk0w,1979530321920,18850538,1162939110837
98.2105,disk5,36259238344704,72985563,598653369890411
98.2105,disk5w,225980416,35966,1254168700
98.2105,disk4,39233810641920,39329217,410742759294039
98.2105,disk4w,1447560398848,1495270,591099736239
98.2105,disk8,59794665273344,97108941,956330224020844
98.2105,disk8w,4128768,601,984243925
98.2105,ram,208257024,64687685632,279445
98.2105,cpu,14970401,21733844,519376150
98.2105,gpu,24,0,0
98.4060,disk0,905796550148096,2037723421,12653595113229952
98.4060,disk0w,1979530321920,18850538,1162939110837
98.4060,disk5,36259850696704,72986773,598656523133644
98.4060,disk5w,225980416,35966,1254168700
98.4060,disk4,39234335454208,39329755,410743486366408
98.4060,disk4w,1447560398848,1495270,591099736239
98.4060,disk8,59795644102656,97110977,956338003494700
98.4060,disk8w,4128768,601,984243925
98.4060,ram,210911232,63141281792,279445
98.4060,cpu,14970419,21733954,519377873
98.4060,gpu,63,1,0
98.6106,disk0,905798799917056,2037733033,12653613771365958
98.6106,disk0w,1979530321920,18850538,1162939110837
98.6106,disk5,36260594890752,72988300,598661799403049
98.6106,disk5w,225980416,35966,1254168700
98.6106,disk4,39234990896128,39330427,410744661665474
98.6106,disk4w,1447560398848,1495270,591099736239
98.6106,disk8,59796838119424,97112845,956349101062939
98.6106,disk8w,4128768,601,984243925
98.6106,ram,210911232,63141281792,279445
98.6106,cpu,14970419,21733954,519377873
98.6106,gpu,19,0,0
98.8105,disk0,905800785149952,2037736589,12653623417032332
98.8105,disk0w,1979530321920,18850538,1162939110837
98.8105,disk5,36261300975616,72989748,598666103490737
98.8105,disk5w,225980416,35966,1254168700
98.8105,disk4,39235490411520,39330939,410745240328225
98.8105,disk4w,1447560398848,1495270,591099736239
98.8105,disk8,59798147627008,97114328,956359864842362
98.8105,disk8w,4128768,601,984243925
98.8105,ram,210911232,63141281792,279445
98.8105,cpu,14970419,21733954,519377873
98.8105,gpu,0,0,0
99.0037,disk0,905802900467712,2037740923,12653639469075196
99.0037,disk0w,1979530321920,18850538,1162939110837
99.0037,disk5,36261937264640,72991052,598670285614799
99.0037,disk5w,225980416,35966,1254168700
99.0037,disk4,39235999757312,39331461,410745852307969
99.0037,disk4w,1447560398848,1495270,591099736239
99.0037,disk8,59799239555072,97115789,956368057241537
99.0037,disk8w,4128768,601,984243925
99.0037,ram,210911232,63141281792,279445
99.0037,cpu,14970419,21733954,519377873
99.0037,gpu,27,0,0
99.2059,disk0,905805083783168,2037745250,12653649944544424
99.2059,disk0w,1979530321920,18850538,1162939110837
99.2059,disk5,36262748108800,72992709,598679347305870
99.2059,disk5w,225980416,35966,1254168700
99.2059,disk4,39236491539456,39331965,410746468554886
99.2059,disk4w,1447560398848,1495270,591099736239
99.2059,disk8,59800518227968,97117545,956377744842021
99.2059,disk8w,4128768,601,984243925
99.2059,ram,210911232,63141281792,279445
99.2059,cpu,14970419,21733954,519377873
99.2059,gpu,0,0,0
99.4050,disk0,905807528591360,2037750578,12653668934675314
99.4050,disk0w,1979530321920,18850538,1162939110837
99.4050,disk5,36263463876608,72994098,598682805807912
99.4050,disk5w,225980416,35966,1254168700
99.4050,disk4,39237136806912,39332626,410747322856376
99.4050,disk4w,1447560398848,1495270,591099736239
99.4050,disk8,59801735329792,97119713,956387217647294
99.4050,disk8w,4128768,601,984243925
99.4050,ram,207405056,64555614208,279445
99.4050,cpu,14970439,21734061,519379607
99.4050,gpu,41,0,0
99.6061,disk0,905809715691520,2037755329,12653679399631067
99.6061,disk0w,1979530321920,18850538,1162939110837
99.6061,disk5,36264130672640,72995412,598686840652682
99.6061,disk5w,225980416,35966,1254168700
99.6061,disk4,39237685867520,39333189,410747979776321
99.6061,disk4w,1447560398848,1495270,591099736239
99.6061,disk8,59803096430592,97122079,956402035440836
99.6061,disk8w,4128768,601,984243925
99.6061,ram,207405056,64555614208,279445
99.6061,cpu,14970439,21734061,519379607
99.6061,gpu,32,0,0
99.8106,disk0,905812128137216,2037761717,12653699196684857
99.8106,disk0w,1979530321920,18850538,1162939110837
99.8106,disk5,36264852207616,72996839,598691173003676
99.8106,disk5w,225980416,35966,1254168700
99.8106,disk4,39238256686080,39333774,410748632963034
99.8106,disk4w,1447560398848,1495270,591099736239
99.8106,disk8,59804339582976,97124358,956411917161309
99.8106,disk8w,4128768,601,984243925
99.8106,ram,207405056,64555614208,279445
99.8106,cpu,14970439,21734061,519379607
99.8106,gpu,39,0,0
100.0006,disk0,905814072889344,2037765791,12653713904154420
100.0006,disk0w,1979530321920,18850538,1162939110837
100.0006,disk5,36265484957696,72998130,598695961575567
100.0006,disk5w,225980416,35966,1254168700
100.0006,disk4,39238775796736,39334306,410749760018102
100.0006,disk4w,1447560398848,1495270,591099736239
100.0006,disk8,59805214259200,97125861,956418390816851
100.0006,disk8w,4128768,601,984243925
100.0006,ram,207405056,64555614208,279445
100.0006,cpu,14970439,21734061,519379607
100.0006,gpu,0,0,0
100.2106,disk0,905816207462400,2037772761,12653727207254528
100.2106,disk0w,1979530321920,18850538,1162939110837
100.2106,disk5,36266289510400,72999780,598701476049696
100.2106,disk5w,225980416,35966,1254168700
100.2106,disk4,39239310439424,39334854,410750606018497
100.2106,disk4w,1447560398848,1495270,591099736239
100.2106,disk8,59806611732480,97127676,956428640927706
100.2106,disk8w,4128768,601,984243925
100.2106,ram,207405056,64555614208,279445
100.2106,cpu,14970439,21734061,519379607
100.2106,gpu,30,0,0
100.4106,disk0,905818355400704,2037777022,12653738551129285
100.4106,disk0w,1979530321920,18850538,1162939110837
100.4106,disk5,36267122481152,73001485,598706610716680
100.4106,disk5w,225980416,35966,1254168700
100.4106,disk4,39239819785216,39335376,410751179766567
100.4106,disk4w,1447560398848,1495270,591099736239
100.4106,disk8,59807865894912,97129328,956439212936423
100.4106,disk8w,4128768,601,984243925
100.4106,ram,207519744,64735035392,279445
100.4106,cpu,14970456,21734173,519381392
100.4106,gpu,0,0,0
100.6017,disk0,905820476841984,2037781425,12653749012561640
100.6017,disk0w,1979530321920,18850538,1162939110837
100.6017,disk5,36267986499584,73003257,598714238473453
100.6017,disk5w,225980416,35966,1254168700
100.6017,disk4,39240434512896,39336006,410752151864771
100.6017,disk4w,1447560398848,1495270,591099736239
100.6017,disk8,59809102706688,97130980,956447702938776
100.6017,disk8w,4128768,601,984243925
100.6017,ram,207519744,64735035392,279445
100.6017,cpu,14970456,21734182,519381465
100.6017,gpu,35,0,0
100.8091,disk0,905823175110656,2037786919,12653768718604451
100.8091,disk0w,1979530321920,18850538,1162939110837
100.8091,disk5,36268638369792,73004530,598717900367853
100.8091,disk5w,225980416,35966,1254168700
100.8091,disk4,39241049240576,39336636,410752986665405
100.8091,disk4w,1447560398848,1495270,591099736239
100.8091,disk8,59810338469888,97132997,956456947259711
100.8091,disk8w,4128768,601,984243925
100.8091,ram,207519744,64735035392,279445
100.8091,cpu,14970456,21734182,519381465
100.8091,gpu,35,0,0
101.0106,disk0,905825559044096,2037792379,12653788904380236
101.0106,disk0w,1979530321920,18850538,1162939110837
101.0106,disk5,36269346945024,73005922,598721356695268
101.0106,disk5w,225980416,35966,1254168700
101.0106,disk4,39241655186432,39337257,410753739696364
101.0106,disk4w,1447560398848,1495270,591099736239
101.0106,disk8,59811542333440,97135231,956466564448845
101.0106,disk8w,4128768,601,984243925
101.0106,ram,207519744,64735035392,279445
101.0106,cpu,14970456,21734182,519381465
101.0106,gpu,36,0,0
101.2086,disk0,905827629412352,2037798863,12653805736984997
101.2086,disk0w,1979530321920,18850538,1162939110837
101.2086,disk5,36270000240640,73007215,598724962755085
101.2086,disk5w,225980416,35966,1254168700
101.2086,disk4,39242173314048,39337788,410754431770650
101.2086,disk4w,1447560398848,1495270,591099736239
101.2086,disk8,59812761532416,97137359,956478248753959
101.2086,disk8w,4128768,601,984243925
101.2086,ram,207519744,64735035392,279445
101.2086,cpu,14970456,21734182,519381465
101.2086,gpu,33,0,0
101.4106,disk0,905829480476672,2037802508,12653817845969352
101.4106,disk0w,1979531698176,18850784,1162944510084
101.4106,disk5,36270682871808,73008585,598729844269036
101.4106,disk5w,225980416,35966,1254168700
101.4106,disk4,39242684658688,39338312,410755842013564
101.4106,disk4w,1447560398848,1495270,591099736239
101.4106,disk8,59813810665472,97139344,956489085879795
101.4106,disk8w,4128768,601,984243925
101.4106,ram,208404480,64726417408,279445
101.4106,cpu,14970478,21734280,519383046
101.4106,gpu,30,1,0
101.6106,disk0,905831593607168,2037810339,12653831593774867
101.6106,disk0w,1979531698176,18850784,1162944510084
101.6106,disk5,36271360161792,73009975,598734524911778
101.6106,disk5w,225980416,35966,1254168700
101.6106,disk4,39243262161920,39338904,410756607844656
101.6106,disk4w,1447560398848,1495270,591099736239
101.6106,disk8,59815097989120,97141196,956500893706213
101.6106,disk8w,4128768,601,984243925
101.6106,ram,208715776,64734773248,279445
101.6106,cpu,14970478,21734297,519383196
101.6106,gpu,25,0,0
101.8106,disk0,905833489559552,2037813576,12653838672135211
101.8106,disk0w,1979531698176,18850784,1162944510084
101.8106,disk5,36272202430464,73011700,598741254799795
101.8106,disk5w,225980416,35966,1254168700
101.8106,disk4,39243780289536,39339435,410757187775360
101.8106,disk4w,1447560398848,1495270,591099736239
101.8106,disk8,59816450996224,97142868,956510611208685
101.8106,disk8w,4128768,601,984243925
101.8106,ram,208715776,64734773248,279445
101.8106,cpu,14970478,21734297,519383196
101.8106,gpu,31,0,0
102.0016,disk0,905835226525696,2037817108,12653847015204077
102.0016,disk0w,1979531698176,18850784,1162944510084
102.0016,disk5,36272998348800,73013331,598750638709122
102.0016,disk5w,225980416,35966,1254168700
102.0016,disk4,39244236944384,39339903,410757727717912
102.0016,disk4w,1447560398848,1495270,591099736239
102.0016,disk8,59817611376640,97144570,956520061836028
102.0016,disk8w,4128768,601,984243925
102.0016,ram,208715776,64734773248,279445
102.0016,cpu,14970478,21734297,519383196
102.0016,gpu,27,0,0
102.2014,disk0,905837402157056,2037821618,12653859837391781
102.2014,disk0w,1979531698176,18850784,1162944510084
102.2014,disk5,36273790466048,73014936,598757745408836
102.2014,disk5w,225980416,35966,1254168700
102.2014,disk4,39244755072000,39340434,410758414433853
102.2014,disk4w,1447560398848,1495270,591099736239
102.2014,disk8,59818879858688,97146320,956529139199181
102.2014,disk8w,4128768,601,984243925
102.2014,ram,208715776,64734773248,279445
102.2014,cpu,14970478,21734297,519383196
102.2014,gpu,37,0,0
102.4106,disk0,905840074407936,2037827452,12653879938190189
102.4106,disk0w,1979531698176,18850784,1162944510084
102.4106,disk5,36274509133824,73016334,598761364183148
102.4106,disk5w,225980416,35966,1254168700
102.4106,disk4,39245493793792,39341191,410759433996551
102.4106,disk4w,1447560398848,1495270,591099736239
102.4106,disk8,59820159383552,97148627,956539220245073
102.4106,disk8w,4128768,601,984243925
102.4106,ram,207732736,64593084416,279445
102.4106,cpu,14970503,21734407,519384678
102.4106,gpu,39,2,0
102.6106,disk0,905842263928832,2037832647,12653895089894830
102.6106,disk0w,1979531706368,18850786,1162944560916
102.6106,disk5,36275264436224,73017823,598766361652523
102.6106,disk5w,225980416,35966,1254168700
102.6106,disk4,39245999600640,39341709,410760043812716
102.6106,disk4w,1447560398848,1495270,591099736239
102.6106,disk8,59821400832000,97150669,956549960999926
102.6106,disk8w,4128768,601,984243925
102.6106,ram,208109568,64593084416,279445
102.6106,cpu,14970503,21734412,519384770
102.6106,gpu,31,0,0
102.8039,disk0,905844329988096,2037838754,12653909218272178
102.8039,disk0w,1979531706368,18850786,1162944560916
102.8039,disk5,36275931740160,73019142,598770452108277
102.8039,disk5w,225980416,35966,1254168700
102.8039,disk4,39246493873152,39342216,410760624887008
102.8039,disk4w,1447560398848,1495270,591099736239
102.8039,disk8,59822693660672,97153125,956564838386889
102.8039,disk8w,4128768,601,984243925
102.8039,ram,208109568,64593084416,279445
102.8039,cpu,14970503,21734412,519384770
102.8039,gpu,28,0,0
103.0033,disk0,905846145986560,2037844792,12653920281549541
103.0033,disk0w,1979531706368,18850786,1162944560916
103.0033,disk5,36276635072512,73020574,598776202177130
103.0033,disk5w,225980416,35966,1254168700
103.0033,disk4,39247070934016,39342807,410761640735763
103.0033,disk4w,1447560398848,1495270,591099736239
103.0033,disk8,59823827499008,97154845,956574837991178
103.0033,disk8w,4128768,601,984243925
103.0033,ram,208109568,64593084416,279445
103.0033,cpu,14970503,21734412,519384770
103.0033,gpu,24,1,0
103.2051,disk0,905848445796352,2037848546,12653931852964933
103.2051,disk0w,1979531706368,18850786,1162944560916
103.2051,disk5,36277528033280,73022406,598783836007940
103.2051,disk5w,225980416,35966,1254168700
103.2051,disk4,39247696933888,39343449,410762456039244
103.2051,disk4w,1447560398848,1495270,591099736239
103.2051,disk8,59825051973632,97156505,956582135175260
103.2051,disk8w,4128768,601,984243925
103.2051,ram,208109568,64593084416,279445
103.2051,cpu,14970503,21734412,519384770
103.2051,gpu,0,0,0
103.4106,disk0,905851062390784,2037853139,12653950067707964
103.4106,disk0w,1979531706368,18850786,1162944560916
103.4106,disk5,36278142212096,73023662,598786911560481
103.4106,disk5w,225980416,35966,1254168700
103.4106,disk4,39248250188800,39344016,410763116799643
103.4106,disk4w,1447560398848,1495270,591099736239
103.4106,disk8,59826280019968,97158245,956589777871010
103.4106,disk8w,4128768,601,984243925
103.4106,ram,210518016,64758841344,279445
103.4106,cpu,14970520,21734514,519386338
103.4106,gpu,29,2,0
103.6106,disk0,905853498576896,2037858110,12653968462701589
103.6106,disk0w,1979531706368,18850786,1162944560916
103.6106,disk5,36278754408448,73024915,598789680950222
103.6106,disk5w,225980416,35966,1254168700
103.6106,disk4,39248838571008,39344619,410763927812154
103.6106,disk4w,1447560398848,1495270,591099736239
103.6106,disk8,59827445577728,97160080,956598930136054
103.6106,disk8w,4128768,601,984243925
103.6106,ram,210665472,64758841344,279445
103.6106,cpu,14970520,21734515,519386361
103.6106,gpu,0,0,0
103.8106,disk0,905855879548928,2037863205,12653988490103086
103.8106,disk0w,1979531706368,18850786,1162944560916
103.8106,disk5,36279339104256,73026056,598792336812038
103.8106,disk5w,225980416,35966,1254168700
103.8106,disk4,39249286444032,39345078,410764450758587
103.8106,disk4w,1447560398848,1495270,591099736239
103.8106,disk8,59828589099008,97161933,956608281422058
103.8106,disk8w,4128768,601,984243925
103.8106,ram,210665472,64758841344,279445
103.8106,cpu,14970520,21734515,519386361
103.8106,gpu,39,0,0
104.0106,disk0,905858023698432,2037867578,12653999611475237
104.0106,disk0w,1979531706368,18850786,1162944560916
104.0106,disk5,36279962695680,73027282,598795546700459
104.0106,disk5w,225980416,35966,1254168700
104.0106,disk4,39249933808640,39345741,410765263789345
104.0106,disk4w,1447560398848,1495270,591099736239
104.0106,disk8,59829913565184,97164383,956624246472114
104.0106,disk8w,4128768,601,984243925
104.0106,ram,210665472,64758841344,279445
104.0106,cpu,14970520,21734515,519386361
104.0106,gpu,25,0,0
104.2106,disk0,905860249821184,2037876726,12654020879188160
104.2106,disk0w,1979531706368,18850786,1162944560916
104.2106,disk5,36280546736128,73028433,598798656135529
104.2106,disk5w,225980416,35966,1254168700
104.2106,disk4,39250313917440,39346131,410765679554919
104.2106,disk4w,1447560398848,1495270,591099736239
104.2106,disk8,59831141169152,97166461,956636092228140
104.2106,disk8w,4128768,601,984243925
104.2106,ram,210665472,64758841344,279445
104.2106,cpu,14970520,21734515,519386361
104.2106,gpu,28,0,0
104.4047,disk0,905862253211648,2037880505,12654030264060836
104.4047,disk0w,1979531706368,18850786,1162944560916
104.4047,disk5,36281169131520,73029660,598801999537630
104.4047,disk5w,225980416,35966,1254168700
104.4047,disk4,39250788135936,39346617,410766290785295
104.4047,disk4w,1447560398848,1495270,591099736239
104.4047,disk8,59832421038080,97168924,956652330352679
104.4047,disk8w,4128768,601,984243925
104.4047,ram,210665472,64758841344,279445
104.4047,cpu,14970520,21734515,519386361
104.4047,gpu,0,0,0
104.6106,disk0,905864412168192,2037884896,12654043791502525
104.6106,disk0w,1979532394496,18850910,1162946741916
104.6106,disk5,36281848092672,73031053,598806529744287
104.6106,disk5w,225980416,35966,1254168700
104.6106,disk4,39251391509504,39347235,410767736349181
104.6106,disk4w,1447560398848,1495270,591099736239
104.6106,disk8,59833609140224,97170656,956661568976318
104.6106,disk8w,4128768,601,984243925
104.6106,ram,214417408,64717684736,279445
104.6106,cpu,14970541,21734635,519388072
104.6106,gpu,25,0,0
104.8106,disk0,905866843410432,2037889196,12654060531248795
104.8106,disk0w,1979532394496,18850910,1162946741916
104.8106,disk5,36282379892736,73032142,598810419794509
104.8106,disk5w,225980416,35966,1254168700
104.8106,disk4,39251964818432,39347823,410768539800445
104.8106,disk4w,1447560398848,1495270,591099736239
104.8106,disk8,59834746927104,97172001,956667709262693
104.8106,disk8w,4128768,601,984243925
104.8106,ram,214417408,64717684736,279445
104.8106,cpu,14970541,21734635,519388072
104.8106,gpu,32,0,0
105.0106,disk0,905868671275008,2037892883,12654067530264452
105.0106,disk0w,1979532394496,18850910,1162946741916
105.0106,disk5,36283096856576,73033610,598815133596816
105.0106,disk5w,225980416,35966,1254168700
105.0106,disk4,39252450964480,39348321,410769036507362
105.0106,disk4w,1447560398848,1495270,591099736239
105.0106,disk8,59836150462464,97174049,956683338494892
105.0106,disk8w,4128768,601,984243925
105.0106,ram,214417408,64717684736,279445
105.0106,cpu,14970541,21734635,519388072
105.0106,gpu,42,0,0
105.2018,disk0,905870595940352,2037896942,12654077551696847
105.2018,disk0w,1979532394496,18850910,1162946741916
105.2018,disk5,36283959687168,73035380,598824112384761
105.2018,disk5w,225980416,35966,1254168700
105.2018,disk4,39252895691776,39348777,410769564913386
105.2018,disk4w,1447560398848,1495270,591099736239
105.2018,disk8,59837319264256,97175708,956691662848369
105.2018,disk8w,4128768,601,984243925
105.2018,ram,214417408,64717684736,279445
105.2018,cpu,14970541,21734635,519388072
105.2018,gpu,25,0,0
105.4106,disk0,905872924864512,2037901808,12654095625334399
105.4106,disk0w,1979532394496,18850910,1162946741916
105.4106,disk5,36284665772032,73036749,598828405538915
105.4106,disk5w,225980416,35966,1254168700
105.4106,disk4,39253485122560,39349381,410770298042806
105.4106,disk4w,1447560398848,1495270,591099736239
105.4106,disk8,59838497175552,97177742,956702675934084
105.4106,disk8w,4128768,601,984243925
105.4106,ram,214417408,64717684736,279445
105.4106,cpu,14970541,21734635,519388072
105.4106,gpu,27,1,0
105.6086,disk0,905875110350848,2037906506,12654110247128650
105.6086,disk0w,1979532394496,18850910,1162946741916
105.6086,disk5,36285268523008,73037937,598831843127979
105.6086,disk5w,225980416,35966,1254168700
105.6086,disk4,39254098801664,39350010,410771171254141
105.6086,disk4w,1447560398848,1495270,591099736239
105.6086,disk8,59839745898496,97179924,956714969179698
105.6086,disk8w,4128768,601,984243925
105.6086,ram,214515712,63049269248,279445
105.6086,cpu,14970562,21734744,519389800
105.6086,gpu,25,0,0
105.8106,disk0,905877327867904,2037913960,12654128896195091
105.8106,disk0w,1979532394496,18850910,1162946741916
105.8106,disk5,36286278678528,73039932,598842468613344
105.8106,disk5w,225980416,35966,1254168700
105.8106,disk4,39254605657088,39350529,410771710177684
105.8106,disk4w,1447560398848,1495270,591099736239
105.8106,disk8,59840906885120,97181945,956721973940816
105.8106,disk8w,4128768,601,984243925
105.8106,ram,214515712,63049269248,279445
105.8106,cpu,14970562,21734744,519389800
105.8106,gpu,32,0,0
106.0106,disk0,905879104352256,2037917170,12654142262078110
106.0106,disk0w,1979532394496,18850910,1162946741916
106.0106,disk5,36286880774144,73041143,598846620520439
106.0106,disk5w,225980416,35966,1254168700
106.0106,disk4,39255030658048,39350965,410772860813571
106.0106,disk4w,1447560398848,1495270,591099736239
106.0106,disk8,59841817163776,97183656,956731335318551
106.0106,disk8w,4128768,601,984243925
106.0106,ram,214515712,63049269248,279445
106.0106,cpu,14970562,21734744,519389800
106.0106,gpu,0,0,0
106.2040,disk0,905881151647744,2037921252,12654154907201698
106.2040,disk0w,1979532394496,18850910,1162946741916
106.2040,disk5,36287603890176,73042627,598853271210897
106.2040,disk5w,225980416,35966,1254168700
106.2040,disk4,39255591646208,39351540,410773589630423
106.2040,disk4w,1447560398848,1495270,591099736239
106.2040,disk8,59842944415744,97185295,956740407484002
106.2040,disk8w,4128768,601,984243925
106.2040,ram,214515712,63049269248,279445
106.2040,cpu,14970562,21734744,519389800
106.2040,gpu,25,0,0
106.4106,disk0,905883249373184,2037924983,12654164141607602
106.4106,disk0w,1979532394496,18850910,1162946741916
106.4106,disk5,36288407386112,73044273,598860152664875
106.4106,disk5w,225980416,35966,1254168700
106.4106,disk4,39256118555648,39352080,410774228978325
106.4106,disk4w,1447560398848,1495270,591099736239
106.4106,disk8,59844339283968,97187065,956750577010810
106.4106,disk8w,4128768,601,984243925
106.4106,ram,214515712,63049269248,279445
106.4106,cpu,14970562,21734744,519389800
106.4106,gpu,0,0,0
106.6106,disk0,905885151981568,2037928876,12654172489137683
106.6106,disk0w,1979532394496,18850910,1162946741916
106.6106,disk5,36289153153024,73045801,598865540424242
106.6106,disk5w,225980416,35966,1254168700
106.6106,disk4,39256654246912,39352629,410774923234311
106.6106,disk4w,1447560398848,1495270,591099736239
106.6106,disk8,59845698828288,97189039,956765041100519
106.6106,disk8w,4128768,601,984243925
106.6106,ram,214417408,64698302464,279445
106.6106,cpu,14970579,21734850,519391530
106.6106,gpu,22,0,0
106.8055,disk0,905887338455040,2037933636,12654187417436578
106.8055,disk0w,1979532410880,18850911,1162946769457
106.8055,disk5,36289776072704,73047058,598868810610156
106.8055,disk5w,225980416,35966,1254168700
106.8055,disk4,39257225065472,39353214,410775625641949
106.8055,disk4w,1447560398848,1495270,591099736239
106.8055,disk8,59846941046784,97190780,956775409302975
106.8055,disk8w,4128768,601,984243925
106.8055,ram,214417408,64698302464,279445
106.8055,cpu,14970579,21734850,519391530
106.8055,gpu,22,0,0
107.0106,disk0,905889767514112,2037938768,12654203165603941
107.0106,disk0w,1979532410880,18850911,1162946769457
107.0106,disk5,36290477963264,73048423,598873037675285
107.0106,disk5w,225980416,35966,1254168700
107.0106,disk4,39257795884032,39353799,410776350954423
107.0106,disk4w,1447560398848,1495270,591099736239
107.0106,disk8,59848191866880,97192972,956787242867367
107.0106,disk8w,4128768,601,984243925
107.0106,ram,214417408,64698302464,279445
107.0106,cpu,14970579,21734850,519391530
107.0106,gpu,40,0,0
107.2106,disk0,905892003373056,2037943973,12654218964307809
107.2106,disk0w,1979532410880,18850911,1162946769457
107.2106,disk5,36291259873280,73049964,598878238300497
107.2106,disk5w,225980416,35966,1254168700
107.2106,disk4,39258387411968,39354405,410777036386396
107.2106,disk4w,1447560398848,1495270,591099736239
107.2106,disk8,59849495820288,97195317,956799664900263
107.2106,disk8w,4128768,601,984243925
107.2106,ram,214417408,64698302464,279445
107.2106,cpu,14970579,21734850,519391530
107.2106,gpu,0,0,0
107.4106,disk0,905894508601344,2037951315,12654239657653056
107.4106,disk0w,1979532410880,18850911,1162946769457
107.4106,disk5,36292004575232,73051431,598882493648717
107.4106,disk5w,225980416,35966,1254168700
107.4106,disk4,39258981430272,39355014,410777870620991
107.4106,disk4w,1447560398848,1495270,591099736239
107.4106,disk8,59850679121920,97197482,956808403614032
107.4106,disk8w,4128768,601,984243925
107.4106,ram,214417408,64698302464,279445
107.4106,cpu,14970579,21734850,519391530
107.4106,gpu,39,4,0
107.6106,disk0,905896187990016,2037954819,12654249392249614
107.6106,disk0w,1979532410880,18850911,1162946769457
107.6106,disk5,36292732794880,73052908,598887901239143
107.6106,disk5w,225980416,35966,1254168700
107.6106,disk4,39259376579584,39355419,410778577588652
107.6106,disk4w,1447560398848,1495270,591099736239
107.6106,disk8,59851728631808,97199357,956820024420895
107.6106,disk8w,4128768,601,984243925
107.6106,ram,218939392,64624558080,279445
107.6106,cpu,14970612,21734995,519393253
107.6106,gpu,0,0,0
107.8106,disk0,905898277998592,2037961444,12654263817766574
107.8106,disk0w,1979532410880,18850911,1162946769457
107.8106,disk5,36293644490752,73054777,598897816278115
107.8106,disk5w,225980416,35966,1254168700
107.8106,disk4,39259859579904,39355914,410779196423862
107.8106,disk4w,1447560398848,1495270,591099736239
107.8106,disk8,59852891764736,97200955,956827215226440
107.8106,disk8w,4128768,601,984243925
107.8106,ram,218939392,64624558080,279445
107.8106,cpu,14970612,21734995,519393253
107.8106,gpu,24,0,0
108.0015,disk0,905900439244800,2037965102,12654273171740125
108.0015,disk0w,1979532410880,18850911,1162946769457
108.0015,disk5,36294487521280,73056505,598905612276949
108.0015,disk5w,225980416,35966,1254168700
108.0015,disk4,39260457792512,39356527,410780109935944
108.0015,disk4w,1447560398848,1495270,591099736239
108.0015,disk8,59854120859648,97202571,956835187278129
108.0015,disk8w,4128768,601,984243925
108.0015,ram,218939392,64624558080,279445
108.0015,cpu,14970612,21734995,519393253
108.0015,gpu,43,0,0
108.2049,disk0,905902675791872,2037969744,12654287251121428
108.2049,disk0w,1979532410880,18850911,1162946769457
108.2049,disk5,36295277148160,73058123,598912992572085
108.2049,disk5w,225980416,35966,1254168700
108.2049,disk4,39261047223296,39357131,410780992766660
108.2049,disk4w,1447560398848,1495270,591099736239
108.2049,disk8,59855268902912,97204148,956842402641489
108.2049,disk8w,4128768,601,984243925
108.2049,ram,218939392,64624558080,279445
108.2049,cpu,14970612,21734995,519393253
108.2049,gpu,34,0,0
108.4106,disk0,905904952856576,2037974479,12654299123380445
108.4106,disk0w,1979532410880,18850911,1162946769457
108.4106,disk5,36296144828416,73059840,598917989197011
108.4106,disk5w,225980416,35966,1254168700
108.4106,disk4,39261651072000,39357750,410781706681727
108.4106,disk4w,1447560398848,1495270,591099736239
108.4106,disk8,59856658380800,97206323,956855483368257
108.4106,disk8w,4128768,601,984243925
108.4106,ram,218939392,64624558080,279445
108.4106,cpu,14970612,21734995,519393253
108.4106,gpu,0,0,0
108.6086,disk0,905907171827712,2037979104,12654312897272451
108.6086,disk0w,1979532455936,18850915,1162946831248
108.6086,disk5,36296824731648,73061175,598921692716664
108.6086,disk5w,225980416,35966,1254168700
108.6086,disk4,39262160417792,39358272,410782300475011
108.6086,disk4w,1447560398848,1495270,591099736239
108.6086,disk8,59857970690048,97208545,956868749991400
108.6086,disk8w,4128768,601,984243925
108.6086,ram,213041152,63044632576,279445
108.6086,cpu,14970630,21735100,519394911
108.6086,gpu,22,0,0
108.8045,disk0,905909295521792,2037986735,12654328821087266
108.8045,disk0w,1979532455936,18850915,1162946831248
108.8045,disk5,36297608984576,73062722,598927381964037
108.8045,disk5w,225980416,35966,1254168700
108.8045,disk4,39262687327232,39358812,410783021433369
108.8045,disk4w,1447560398848,1495270,591099736239
108.8045,disk8,59859172456448,97210614,956879723661668
108.8045,disk8w,4128768,601,984243925
108.8045,ram,214024192,63078187008,279445
108.8045,cpu,14970630,21735102,519394938
108.8045,gpu,0,0,0
109.0037,disk0,905911215677440,2037990389,12654338146545338
109.0037,disk0w,1979532455936,18850915,1162946831248
109.0037,disk5,36298396514304,73064281,598933601253165
109.0037,disk5w,225980416,35966,1254168700
109.0037,disk4,39263149224960,39359285,410783586690384
109.0037,disk4w,1447560398848,1495270,591099736239
109.0037,disk8,59860222621696,97212724,956890091485525
109.0037,disk8w,4128768,601,984243925
109.0037,ram,214024192,63078187008,279445
109.0037,cpu,14970630,21735102,519394938
109.0037,gpu,33,0,0
109.2106,disk0,905913552355328,2037996101,12654353663127469
109.2106,disk0w,1979532455936,18850915,1162946831248
109.2106,disk5,36299093686272,73065711,598937824490379
109.2106,disk5w,225980416,35966,1254168700
109.2106,disk4,39263855244288,39360009,410785797311008
109.2106,disk4w,1447560398848,1495270,591099736239
109.2106,disk8,59861548185600,97214605,956900788618893
109.2106,disk8w,4128768,601,984243925
109.2106,ram,214024192,63078187008,279445
109.2106,cpu,14970630,21735102,519394938
109.2106,gpu,34,0,0
109.4106,disk0,905915703791616,2037999766,12654369812785691
109.4106,disk0w,1979532455936,18850915,1162946831248
109.4106,disk5,36299794913280,73067148,598943419420320
109.4106,disk5w,225980416,35966,1254168700
109.4106,disk4,39264276771840,39360441,410786254661446
109.4106,disk4w,1447560398848,1495270,591099736239
109.4106,disk8,59862619797504,97215855,956906721900254
109.4106,disk8w,4128768,601,984243925
109.4106,ram,214024192,63078187008,279445
109.4106,cpu,14970630,21735102,519394938
109.4106,gpu,23,3,0
109.6106,disk0,905917919047680,2038004027,12654382759080730
109.6106,disk0w,1979532455936,18850915,1162946831248
109.6106,disk5,36300531275776,73068657,598948139221583
109.6106,disk5w,225980416,35966,1254168700
109.6106,disk4,39264835269632,39361013,410786931225384
109.6106,disk4w,1447560398848,1495270,591099736239
109.6106,disk8,59863881005056,97217559,956916246451200
109.6106,disk8w,4128768,601,984243925
109.6106,ram,212615168,64715685888,279445
109.6106,cpu,14970647,21735200,519396576
109.6106,gpu,0,0,0
109.8027,disk0,905919979483136,2038008410,12654394694003184
109.8027,disk0w,1979532455936,18850915,1162946831248
109.8027,disk5,36301409925120,73070440,598957331070076
109.8027,disk5w,225980416,35966,1254168700
109.8027,disk4,39265462318080,39361656,410787686943098
109.8027,disk4w,1447560398848,1495270,591099736239
109.8027,disk8,59865073448960,97219238,956923696451315
109.8027,disk8w,4128768,601,984243925
109.8027,ram,212189184,64715669504,279445
109.8027,cpu,14970649,21735206,519396669
109.8027,gpu,27,0,0
110.0071,disk0,905922321461248,2038013391,12654409734800340
110.0071,disk0w,1979532455936,18850915,1162946831248
110.0071,disk5,36302329722880,73072231,598965552280264
110.0071,disk5w,225980416,35966,1254168700
110.0071,disk4,39265960391680,39362166,410788219617925
110.0071,disk4w,1447560398848,1495270,591099736239
110.0071,disk8,59866284013568,97221254,956932723274691
110.0071,disk8w,4128768,601,984243925
110.0071,ram,212189184,64715669504,279445
110.0071,cpu,14970649,21735206,519396669
110.0071,gpu,0,0,0
110.2106,disk0,905924436017152,2038018231,12654419810194554
110.2106,disk0w,1979532455936,18850915,1162946831248
110.2106,disk5,36303024273408,73073605,598970082910495
110.2106,disk5w,225980416,35966,1254168700
110.2106,disk4,39266498573312,39362718,410788940011573
110.2106,disk4w,1447560398848,1495270,591099736239
110.2106,disk8,59867676260352,97223672,956948763914175
110.2106,disk8w,4128768,601,984243925
110.2106,ram,212189184,64715669504,279445
110.2106,cpu,14970649,21735206,519396669
110.2106,gpu,39,0,0
110.4047,disk0,905926595411968,2038024639,12654434399353957
110.4047,disk0w,1979532455936,18850915,1162946831248
110.4047,disk5,36303910418432,73075355,598977458655955
110.4047,disk5w,225980416,35966,1254168700
110.4047,disk4,39266968204288,39363199,410789434513443
110.4047,disk4w,1447560398848,1495270,591099736239
110.4047,disk8,59868902717440,97225909,956959625198147
110.4047,disk8w,4128768,601,984243925
110.4047,ram,212189184,64715669504,279445
110.4047,cpu,14970649,21735206,519396669
110.4047,gpu,44,7,0
110.6018,disk0,905928460218368,2038029183,12654445173137287
110.6018,disk0w,1979532455936,18850915,1162946831248
110.6018,disk5,36304660903936,73076880,598983174657616
110.6018,disk5w,225980416,35966,1254168700
110.6018,disk4,39267485250560,39363729,410790423924930
110.6018,disk4w,1447560398848,1495270,591099736239
110.6018,disk8,59870004017152,97227777,956970439624316
110.6018,disk8w,4128768,601,984243925
110.6018,ram,212189184,64715669504,279445
110.6018,cpu,14970649,21735206,519396669
110.6018,gpu,0,0,0
110.8106,disk0,905930711269376,2038038739,12654462174236531
110.8106,disk0w,1979532464128,18850917,1162946870955
110.8106,disk5,36305419483136,73078434,598988570451262
110.8106,disk5w,225980416,35966,1254168700
110.8106,disk4,39268050826240,39364309,410791147186954
110.8106,disk4w,1447560398848,1495270,591099736239
110.8106,disk8,59871277676544,97229465,956979823974653
110.8106,disk8w,4128768,601,984243925
110.8106,ram,213385216,64647741440,279445
110.8106,cpu,14970665,21735323,519398385
110.8106,gpu,31,0,0
111.0106,disk0,905932801097728,2038042425,12654475076039359
111.0106,disk0w,1979532464128,18850917,1162946870955
111.0106,disk5,36305980995584,73079585,598992379218127
111.0106,disk5w,225980416,35966,1254168700
111.0106,disk4,39268626887680,39364899,410791937438730
111.0106,disk4w,1447560398848,1495270,591099736239
111.0106,disk8,59872424310784,97230997,956990097920944
111.0106,disk8w,4128768,601,984243925
111.0106,ram,213385216,64647741440,279445
111.0106,cpu,14970665,21735323,519398385
111.0106,gpu,40,0,0
111.2106,disk0,905934980677632,2038046908,12654485667660757
111.2106,disk0w,1979532464128,18850917,1162946870955
111.2106,disk5,36306717980672,73081096,598999298490239
111.2106,disk5w,225980416,35966,1254168700
111.2106,disk4,39269264815104,39365553,410792826455349
111.2106,disk4w,1447560398848,1495270,591099736239
111.2106,disk8,59873726314496,97232887,957000068210527
111.2106,disk8w,4128768,601,984243925
111.2106,ram,213385216,64647741440,279445
111.2106,cpu,14970665,21735323,519398385
111.2106,gpu,31,0,0
111.4106,disk0,905937094807552,2038051044,12654495140322014
111.4106,disk0w,1979532464128,18850917,1162946870955
111.4106,disk5,36307560249344,73082755,599004205001227
111.4106,disk5w,225980416,35966,1254168700
111.4106,disk4,39269905888256,39366210,410793718064716
111.4106,disk4w,1447560398848,1495270,591099736239
111.4106,disk8,59875095132160,97235058,957012849762985
111.4106,disk8w,4128768,601,984243925
111.4106,ram,213385216,64647741440,279445
111.4106,cpu,14970665,21735323,519398385
111.4106,gpu,43,2,0
111.6106,disk0,905939054333952,2038055241,12654505124554134
111.6106,disk0w,1979532464128,18850917,1162946870955
111.6106,disk5,36308309161984,73084232,599008911340726
111.6106,disk5w,225980416,35966,1254168700
111.6106,disk4,39270476706816,39366795,410794453025608
111.6106,disk4w,1447560398848,1495270,591099736239
111.6106,disk8,59876467423232,97237660,957030005131013
111.6106,disk8w,4128768,601,984243925
111.6106,ram,213385216,64647741440,279445
111.6106,cpu,14970665,21735323,519398385
111.6106,gpu,0,0,0
111.8067,disk0,905941146308608,2038061343,12654518446630633
111.8067,disk0w,1979532464128,18850917,1162946870955
111.8067,disk5,36309295462400,73086177,599018349024959
111.8067,disk5w,225980416,35966,1254168700
111.8067,disk4,39271016592384,39367348,410795083088088
111.8067,disk4w,1447560398848,1495270,591099736239
111.8067,disk8,59877755516928,97239863,957040262132633
111.8067,disk8w,4128768,601,984243925
111.8067,ram,213073920,63120883712,279445
111.8067,cpu,14970685,21735426,519399979
111.8067,gpu,33,0,0
112.0059,disk0,905943004991488,2038064766,12654528747217996
112.0059,disk0w,1979532464128,18850917,1162946870955
112.0059,disk5,36309929129984,73087446,599023358508374
112.0059,disk5w,225980416,35966,1254168700
112.0059,disk4,39271581725696,39367927,410796310221392
112.0059,disk4w,1447560398848,1495270,591099736239
112.0059,disk8,59878889256960,97241938,957051333788234
112.0059,disk8w,4128768,601,984243925
112.0059,ram,213073920,63120883712,279445
112.0059,cpu,14970685,21735426,519399979
112.0059,gpu,0,0,0
112.2106,disk0,905944832958464,2038070397,12654537762263150
112.2106,disk0w,1979532464128,18850917,1162946870955
112.2106,disk5,36310608615424,73088836,599027002542875
112.2106,disk5w,225980416,35966,1254168700
112.2106,disk4,39272206676992,39368568,410797292191419
112.2106,disk4w,1447560398848,1495270,591099736239
112.2106,disk8,59880277653504,97243957,957066355853394
112.2106,disk8w,4128768,601,984243925
112.2106,ram,213073920,63120883712,279445
112.2106,cpu,14970685,21735426,519399979
112.2106,gpu,32,0,0
112.4070,disk0,905947003199488,2038074136,12654549077265146
112.4070,disk0w,1979532464128,18850917,1162946870955
112.4070,disk5,36311271503872,73090196,599031502368836
112.4070,disk5w,225980416,35966,1254168700
112.4070,disk4,39272742368256,39369117,410798019354406
112.4070,disk4w,1447560398848,1495270,591099736239
112.4070,disk8,59881514104832,97245468,957074933995581
112.4070,disk8w,4128768,601,984243925
112.4070,ram,213073920,63120883712,279445
112.4070,cpu,14970685,21735426,519399979
112.4070,gpu,35,0,0
112.6085,disk0,905949066010624,2038078316,12654560855180900
112.6085,disk0w,1979532464128,18850917,1162946870955
112.6085,disk5,36312096225280,73091888,599037383041780
112.6085,disk5w,225980416,35966,1254168700
112.6085,disk4,39273269277696,39369657,410798902149639
112.6085,disk4w,1447560398848,1495270,591099736239
112.6085,disk8,59882768873472,97247269,957086454303267
112.6085,disk8w,4128768,601,984243925
112.6085,ram,213073920,63120883712,279445
112.6085,cpu,14970685,21735426,519399979
112.6085,gpu,25,0,0
112.8087,disk0,905951247982592,2038082845,12654573572875532
112.8087,disk0w,1979532541952,18850920,1162946933412
112.8087,disk5,36312780568576,73093267,599041947239992
112.8087,disk5w,225980416,35966,1254168700
112.8087,disk4,39273902617600,39370306,410799624233538
112.8087,disk4w,1447560398848,1495270,591099736239
112.8087,disk8,59884107954176,97249221,957097820092989
112.8087,disk8w,4128768,601,984243925
112.8087,ram,210911232,64731709440,279445
112.8087,cpu,14970711,21735552,519401682
112.8087,gpu,0,0,0
113.0106,disk0,905953777836032,2038088253,12654591418960699
113.0106,disk0w,1979532541952,18850920,1162946933412
113.0106,disk5,36313607911424,73094882,599047041250865
113.0106,disk5w,225980416,35966,1254168700
113.0106,disk4,39274463605760,39370881,410800364923839
113.0106,disk4w,1447560398848,1495270,591099736239
113.0106,disk8,59885337311232,97251362,957108613568109
113.0106,disk8w,4128768,601,984243925
113.0106,ram,210911232,64731709440,279445
113.0106,cpu,14970711,21735552,519401682
113.0106,gpu,28,0,0
113.2057,disk0,905955878019072,2038093686,12654604241593198
113.2057,disk0w,1979532541952,18850920,1162946933412
113.2057,disk5,36314412464128,73096476,599052311808767
113.2057,disk5w,225980416,35966,1254168700
113.2057,disk4,39275051987968,39371484,410801232953309
113.2057,disk4w,1447560398848,1495270,591099736239
113.2057,disk8,59886665709568,97253628,957121288306344
113.2057,disk8w,4128768,601,984243925
113.2057,ram,210911232,64731709440,279445
113.2057,cpu,14970711,21735552,519401682
113.2057,gpu,0,0,0
113.4106,disk0,905958061076480,2038098381,12654616502494917
113.4106,disk0w,1979532541952,18850920,1162946933412
113.4106,disk5,36315272280064,73098179,599058381594908
113.4106,disk5w,225980416,35966,1254168700
113.4106,disk4,39275684279296,39372132,410802143325724
113.4106,disk4w,1447560398848,1495270,591099736239
113.4106,disk8,59887724967936,97255698,957129044056694
113.4106,disk8w,4128768,601,984243925
113.4106,ram,210911232,64731709440,279445
113.4106,cpu,14970711,21735552,519401682
113.4106,gpu,60,3,0
113.6057,disk0,905960145412096,2038106707,12654630767462229
113.6057,disk0w,1979532541952,18850920,1162946933412
113.6057,disk5,36316043982848,73099759,599064262949081
113.6057,disk5w,225980416,35966,1254168700
113.6057,disk4,39276351616000,39372816,410803941022296
113.6057,disk4w,1447560398848,1495270,591099736239
113.6057,disk8,59888891623424,97257565,957140473056685
113.6057,disk8w,4128768,601,984243925
113.6057,ram,210911232,64731709440,279445
113.6057,cpu,14970711,21735552,519401682
113.6057,gpu,0,0,0
113.8106,disk0,905962448019456,2038110762,12654641996492331
113.8106,disk0w,1979533066240,18850947,1162947405362
113.8106,disk5,36316939270144,73101593,599071860733868
113.8106,disk5w,225980416,35966,1254168700
113.8106,disk4,39277019034624,39373500,410804803198779
113.8106,disk4w,1447560398848,1495270,591099736239
113.8106,disk8,59890285918208,97259211,957148460738535
113.8106,disk8w,4128768,601,984243925
113.8106,ram,65208320,64942014464,279481
113.8106,cpu,14970735,21735678,519403502
113.8106,gpu,42,0,0
114.0106,disk0,905964966977536,2038115835,12654657218046127
114.0106,disk0w,1979533066240,18850947,1162947405362
114.0106,disk5,36317676255232,73103104,599077045828650
114.0106,disk5w,225980416,35966,1254168700
114.0106,disk4,39277646738432,39374143,410805735248512
114.0106,disk4w,1447560398848,1495270,591099736239
114.0106,disk8,59891576862720,97261080,957156538251484
114.0106,disk8w,4128768,601,984243925
114.0106,ram,65208320,64942014464,279481
114.0106,cpu,14970735,21735678,519403502
114.0106,gpu,39,4,0
114.2042,disk0,905967124766720,2038120137,12654672527456727
114.2042,disk0w,1979533066240,18850947,1162947405362
114.2042,disk5,36318413240320,73104577,599081019365421
114.2042,disk5w,225980416,35966,1254168700
114.2042,disk4,39278099198976,39374607,410806234715115
114.2042,disk4w,1447560398848,1495270,591099736239
114.2042,disk8,59892771387392,97262881,957165898790458
114.2042,disk8w,4128768,601,984243925
114.2042,ram,65208320,64942014464,279481
114.2042,cpu,14970735,21735678,519403502
114.2042,gpu,28,2,0
114.4050,disk0,905969236992000,2038124669,12654685439602284
114.4050,disk0w,1979533066240,18850947,1162947405362
114.4050,disk5,36319110035456,73105937,599085048737833
114.4050,disk5w,225980416,35966,1254168700
114.4050,disk4,39278599762944,39375120,410806790492694
114.4050,disk4w,1447560398848,1495270,591099736239
114.4050,disk8,59894158702592,97265500,957182754810646
114.4050,disk8w,4128768,601,984243925
114.4050,ram,65208320,64942014464,279481
114.4050,cpu,14970735,21735678,519403502
114.4050,gpu,0,0,0
114.6106,disk0,905970964176896,2038128634,12654693550693235
114.6106,disk0w,1979533066240,18850947,1162947405362
114.6106,disk5,36319795951616,73107293,599088613529751
114.6106,disk5w,225980416,35966,1254168700
114.6106,disk4,39279365878784,39375905,410808255863057
114.6106,disk4w,1447560398848,1495270,591099736239
114.6106,disk8,59895538382848,97267911,957200055159964
114.6106,disk8w,4128768,601,984243925
114.6106,ram,65208320,64942014464,279481
114.6106,cpu,14970735,21735678,519403502
114.6106,gpu,36,2,0
114.8106,disk0,905973194174464,2038134017,12654708143563064
114.8106,disk0w,1979533082624,18850949,1162947436694
114.8106,disk5,36320755415040,73109189,599100445745746
114.8106,disk5w,225980416,35966,1254168700
114.8106,disk4,39279924769792,39376478,410808936222579
114.8106,disk4w,1447560398848,1495270,591099736239
114.8106,disk8,59896542820352,97270021,957205333731749
114.8106,disk8w,4128768,601,984243925
114.8106,ram,65404928,63413452800,279481
114.8106,cpu,14970758,21735780,519405110
114.8106,gpu,36,2,0
115.0106,disk0,905975017496576,2038140539,12654719344826697
115.0106,disk0w,1979533082624,18850949,1162947436694
115.0106,disk5,36321536653312,73110784,599109281422643
115.0106,disk5w,225980416,35966,1254168700
115.0106,disk4,39280553440256,39377122,410810680430357
115.0106,disk4w,1447560398848,1495270,591099736239
115.0106,disk8,59897495713792,97271527,957211883342004
115.0106,disk8w,4128768,601,984243925
115.0106,ram,65404928,63413452800,279481
115.0106,cpu,14970758,21735780,519405110
115.0106,gpu,24,1,0
115.2106,disk0,905977370017792,2038144721,12654730259086385
115.2106,disk0w,1979533082624,18850949,1162947436694
115.2106,disk5,36322291185664,73112332,599114191596244
115.2106,disk5w,225980416,35966,1254168700
115.2106,disk4,39281146409984,39377730,410811467356945
115.2106,disk4w,1447560398848,1495270,591099736239
115.2106,disk8,59898847148032,97273079,957221696783612
115.2106,disk8w,4128768,601,984243925
115.2106,ram,65404928,63413452800,279481
115.2106,cpu,14970758,21735780,519405110
115.2106,gpu,0,0,0
115.4106,disk0,905979745067008,2038149423,12654744123727059
115.4106,disk0w,1979533082624,18850949,1162947436694
115.4106,disk5,36323060496384,73113907,599119396116058
115.4106,disk5w,225980416,35966,1254168700
115.4106,disk4,39281683149824,39378280,410812145846965
115.4106,disk4w,1447560398848,1495270,591099736239
115.4106,disk8,59900192798720,97274968,957231607743766
115.4106,disk8w,4128768,601,984243925
115.4106,ram,65404928,63413452800,279481
115.4106,cpu,14970758,21735780,519405110
115.4106,gpu,34,1,0
115.6029,disk0,905981642981376,2038153246,12654756488905920
115.6029,disk0w,1979533082624,18850949,1162947436694
115.6029,disk5,36323686201344,73115190,599123341480100
115.6029,disk5w,225980416,35966,1254168700
115.6029,disk4,39282133120000,39378741,410812721539929
115.6029,disk4w,1447560398848,1495270,591099736239
115.6029,disk8,59901420075008,97276695,957242396054641
115.6029,disk8w,4128768,601,984243925
115.6029,ram,65404928,63413452800,279481
115.6029,cpu,14970758,21735780,519405110
115.6029,gpu,29,2,0
115.8106,disk0,905984049287168,2038157938,12654772560516543
115.8106,disk0w,1979533082624,18850949,1162947436694
115.8106,disk5,36324419139584,73116610,599127053986994
115.8106,disk5w,225980416,35966,1254168700
115.8106,disk4,39282648101888,39379269,410813414311440
115.8106,disk4w,1447560398848,1495270,591099736239
115.8106,disk8,59902699845632,97278850,957254152645501
115.8106,disk8w,4128768,601,984243925
115.8106,ram,63438848,64838598656,279481
115.8106,cpu,14970779,21735879,519406820
115.8106,gpu,22,0,0
116.0106,disk0,905986072862720,2038162342,12654782610887018
116.0106,disk0w,1979533082624,18850949,1162947436694
116.0106,disk5,36325221595136,73118193,599134183453036
116.0106,disk5w,225980416,35966,1254168700
116.0106,disk4,39283192574976,39379827,410814264421419
116.0106,disk4w,1447560398848,1495270,591099736239
116.0106,disk8,59904005289984,97281364,957269255587526
116.0106,disk8w,4128768,601,984243925
116.0106,ram,63995904,64838991872,279481
116.0106,cpu,14970781,21735882,519406844
116.0106,gpu,0,0,0
116.2106,disk0,905988137500672,2038171994,12654798898954569
116.2106,disk0w,1979533082624,18850949,1162947436694
116.2106,disk5,36325902940160,73119537,599137742064822
116.2106,disk5w,225980416,35966,1254168700
116.2106,disk4,39283780957184,39380430,410815130437463
116.2106,disk4w,1447560398848,1495270,591099736239
116.2106,disk8,59905267447808,97283513,957283011393339
116.2106,disk8w,4128768,601,984243925
116.2106,ram,63995904,64838991872,279481
116.2106,cpu,14970781,21735882,519406844
116.2106,gpu,27,0,0
116.4106,disk0,905989989191680,2038175339,12654810387050463
116.4106,disk0w,1979533082624,18850949,1162947436694
116.4106,disk5,36326749255680,73121221,599146144855158
116.4106,disk5w,225980416,35966,1254168700
116.4106,disk4,39284351726592,39381015,410816340010023
116.4106,disk4w,1447560398848,1495270,591099736239
116.4106,disk8,59906270722048,97285395,957291217759769
116.4106,disk8w,4128768,601,984243925
116.4106,ram,63995904,64838991872,279481
116.4106,cpu,14970781,21735882,519406844
116.4106,gpu,0,0,0
116.6090,disk0,905992134316032,2038180569,12654820856284203
116.6090,disk0w,1979533082624,18850949,1162947436694
116.6090,disk5,36327564163072,73122890,599151917150098
116.6090,disk5w,225980416,35966,1254168700
116.6090,disk4,39285001581568,39381681,410817337082600
116.6090,disk4w,1447560398848,1495270,591099736239
116.6090,disk8,59907637032960,97287475,957302932138352
116.6090,disk8w,4128768,601,984243925
116.6090,ram,63995904,64838991872,279481
116.6090,cpu,14970781,21735882,519406844
116.6090,gpu,24,0,0
116.8107,disk0,905994456875008,2038184481,12654831122975774
116.8107,disk0w,1979533082624,18850949,1162947436694
116.8107,disk5,36328436144128,73124677,599158217772015
116.8107,disk5w,225980416,35966,1254168700
116.8107,disk4,39285502145536,39382194,410817957623620
116.8107,disk4w,1447560398848,1495270,591099736239
116.8107,disk8,59908948490240,97289116,957311806631384
116.8107,disk8w,4128768,601,984243925
116.8107,ram,63995904,64838991872,279481
116.8107,cpu,14970781,21735882,519406844
116.8107,gpu,36,0,0
117.0087,disk0,905996646543360,2038188941,12654841784089364
117.0087,disk0w,1979533123584,18850953,1162947508735
117.0087,disk5,36329364576256,73126580,599167993750924
117.0087,disk5w,225980416,35966,1254168700
117.0087,disk4,39286022370304,39382727,410818761736309
117.0087,disk4w,1447560398848,1495270,591099736239
117.0087,disk8,59910149683200,97290850,957320166408482
117.0087,disk8w,4128768,601,984243925
117.0087,ram,69894144,64720207872,279481
117.0087,cpu,14970801,21736007,519408551
117.0087,gpu,32,0,0
117.2107,disk0,905998884306944,2038193521,12654856325595078
117.2107,disk0w,1979533123584,18850953,1162947508735
117.2107,disk5,36330052483072,73127953,599171241392991
117.2107,disk5w,225980416,35966,1254168700
117.2107,disk4,39286529618944,39383247,410819390292379
117.2107,disk4w,1447560398848,1495270,591099736239
117.2107,disk8,59911437645824,97292769,957331843530549
117.2107,disk8w,4128768,601,984243925
117.2107,ram,69894144,64720207872,279481
117.2107,cpu,14970801,21736007,519408551
117.2107,gpu,39,0,0
117.4046,disk0,906000907386880,2038197755,12654864654222634
117.4046,disk0w,1979533123584,18850953,1162947508735
117.4046,disk5,36330792859648,73129399,599176034653382
117.4046,disk5w,225980416,35966,1254168700
117.4046,disk4,39286977491968,39383706,410819856249974
117.4046,disk4w,1447560398848,1495270,591099736239
117.4046,disk8,59912751265792,97295077,957348596304211
117.4046,disk8w,4128768,601,984243925
117.4046,ram,69894144,64720207872,279481
117.4046,cpu,14970801,21736007,519408551
117.4046,gpu,25,0,0
117.6099,disk0,906003088293888,2038202633,12654877676946142
117.6099,disk0w,1979533123584,18850953,1162947508735
117.6099,disk5,36331606718464,73131006,599183107441232
117.6099,disk5w,225980416,35966,1254168700
117.6099,disk4,39287548310528,39384291,410820566075984
117.6099,disk4w,1447560398848,1495270,591099736239
117.6099,disk8,59913961797632,97297074,957360588754512
117.6099,disk8w,4128768,601,984243925
117.6099,ram,69894144,64720207872,279481
117.6099,cpu,14970801,21736007,519408551
117.6099,gpu,36,0,0
117.8107,disk0,906005492191232,2038208415,12654895855805017
117.8107,disk0w,1979533123584,18850953,1162947508735
117.8107,disk5,36332328253440,73132434,599187138985287
117.8107,disk5w,225980416,35966,1254168700
117.8107,disk4,39288084001792,39384840,410821234389138
117.8107,disk4w,1447560398848,1495270,591099736239
117.8107,disk8,59915103287296,97299361,957371846454168
117.8107,disk8w,4128768,601,984243925
117.8107,ram,69894144,64720207872,279481
117.8107,cpu,14970801,21736007,519408551
117.8107,gpu,34,0,0
118.0007,disk0,906007144636416,2038211506,12654904141985063
118.0007,disk0w,1979533123584,18850953,1162947508735
118.0007,disk5,36332872218624,73133542,599190384599619
118.0007,disk5w,225980416,35966,1254168700
118.0007,disk4,39288566936576,39385335,410822661047970
118.0007,disk4w,1447560398848,1495270,591099736239
118.0007,disk8,59916216104960,97301119,957383671834214
118.0007,disk8w,4128768,601,984243925
118.0007,ram,128565248,64633847808,279483
118.0007,cpu,14970825,21736132,519410260
118.0007,gpu,0,0,0
118.2032,disk0,906009600958464,2038217123,12654919784889894
118.2032,disk0w,1979533123584,18850953,1162947508735
118.2032,disk5,36333591672832,73135016,599195146588427
118.2032,disk5w,225980416,35966,1254168700
118.2032,disk4,39289076282368,39385857,410823244486957
118.2032,disk4w,1447560398848,1495270,591099736239
118.2032,disk8,59917365262336,97302476,957391015086973
118.2032,disk8w,4128768,601,984243925
118.2032,ram,128565248,64633847808,279483
118.2032,cpu,14970825,21736132,519410260
118.2032,gpu,36,0,0
118.4098,disk0,906012148637696,2038221632,12654942341232673
118.4098,disk0w,1979533123584,18850953,1162947508735
118.4098,disk5,36334150948864,73136163,599198280746469
118.4098,disk5w,225980416,35966,1254168700
118.4098,disk4,39289664664576,39386460,410823953076705
118.4098,disk4w,1447560398848,1495270,591099736239
118.4098,disk8,59918383757312,97303953,957395826495008
118.4098,disk8w,4128768,601,984243925
118.4098,ram,128565248,64633847808,279483
118.4098,cpu,14970825,21736132,519410260
118.4098,gpu,0,0,0
118.6107,disk0,906014724272128,2038226687,12654959977612657
118.6107,disk0w,1979533123584,18850953,1162947508735
118.6107,disk5,36334732244992,73137353,599200958048171
118.6107,disk5w,225980416,35966,1254168700
118.6107,disk4,39290272707584,39387083,410824703374254
118.6107,disk4w,1447560398848,1495270,591099736239
118.6107,disk8,59919617390592,97305841,957405845174047
118.6107,disk8w,4128768,601,984243925
118.6107,ram,128565248,64633847808,279483
118.6107,cpu,14970825,21736132,519410260
118.6107,gpu,27,0,0
118.8056,disk0,906017159675904,2038231503,12654977470085472
118.8056,disk0w,1979533123584,18850953,1162947508735
118.8056,disk5,36335346399232,73138543,599204036926191
118.8056,disk5w,225980416,35966,1254168700
118.8056,disk4,39290920465408,39387747,410825661159536
118.8056,disk4w,1447560398848,1495270,591099736239
118.8056,disk8,59920785307648,97308050,957414669191772
118.8056,disk8w,4128768,601,984243925
118.8056,ram,128565248,64633847808,279483
118.8056,cpu,14970825,21736132,519410260
118.8056,gpu,39,0,0
119.0107,disk0,906019375091712,2038236341,12654991212527347
119.0107,disk0w,1979533123584,18850953,1162947508735
119.0107,disk5,36336083384320,73139997,599208381550222
119.0107,disk5w,225980416,35966,1254168700
119.0107,disk4,39291503211520,39388344,410826478664037
119.0107,disk4w,1447560398848,1495270,591099736239
119.0107,disk8,59922094143488,97310390,957429809808915
119.0107,disk8w,4128768,601,984243925
119.0107,ram,159334400,64617627648,279483
119.0107,cpu,14970844,21736237,519411986
119.0107,gpu,31,0,0
119.2107,disk0,906021659947008,2038243292,12655007207439022
119.2107,disk0w,1979533123584,18850953,1162947508735
119.2107,disk5,36336802822144,73141415,599215520324542
119.2107,disk5w,225980416,35966,1254168700
119.2107,disk4,39291930375168,39388782,410826929908809
119.2107,disk4w,1447560398848,1495270,591099736239
119.2107,disk8,59923159857152,97312173,957438878829439
119.2107,disk8w,4128768,601,984243925
119.2107,ram,159334400,64617627648,279483
119.2107,cpu,14970844,21736237,519411986
119.2107,gpu,30,0,0
119.4107,disk0,906023467397120,2038246964,12655021309667540
119.4107,disk0w,1979533123584,18850953,1162947508735
119.4107,disk5,36337391187968,73142598,599218983818244
119.4107,disk5w,225980416,35966,1254168700
119.4107,disk4,39292369417216,39389232,410827881023539
119.4107,disk4w,1447560398848,1495270,591099736239
119.4107,disk8,59924153481216,97313968,957449166170786
119.4107,disk8w,4128768,601,984243925
119.4107,ram,159334400,64617627648,279483
119.4107,cpu,14970844,21736237,519411986
119.4107,gpu,52,2,0
119.6065,disk0,906025637621760,2038255915,12655034819607329
119.6065,disk0w,1979533123584,18850953,1162947508735
119.6065,disk5,36338172811264,73144202,599225650736540
119.6065,disk5w,225980416,35966,1254168700
119.6065,disk4,39292949017600,39389826,410828643265140
119.6065,disk4w,1447560398848,1495270,591099736239
119.6065,disk8,59925474899968,97315776,957457851488666
119.6065,disk8w,4128768,601,984243925
119.6065,ram,159334400,64617627648,279483
119.6065,cpu,14970844,21736237,519411986
119.6065,gpu,0,0,0
119.8046,disk0,906027937693696,2038259358,12655044998009743
119.8046,disk0w,1979536658432,18851220,1162953467518
119.8046,disk5,36338847086592,73145584,599229978924578
119.8046,disk5w,225980416,35966,1254168700
119.8046,disk4,39293440799744,39390330,410829241085726
119.8046,disk4w,1447560398848,1495270,591099736239
119.8046,disk8,59926710384640,97317221,957466719307103
119.8046,disk8w,4128768,601,984243925
119.8046,ram,159334400,64617627648,279483
119.8046,cpu,14970844,21736237,519411986
119.8046,gpu,0,0,0
120.0107,disk0,906030412853248,2038264212,12655062166362186
120.0107,disk0w,1979536658432,18851220,1162953467518
120.0107,disk5,36339529848832,73146983,599233282647356
120.0107,disk5w,225980416,35966,1254168700
120.0107,disk4,39294108218368,39391014,410830033866623
120.0107,disk4w,1447560398848,1495270,591099736239
120.0107,disk8,59927916656640,97319062,957477050749463
120.0107,disk8w,4128768,601,984243925
120.0107,ram,187351040,64743964672,279483
120.0107,cpu,14970858,21736357,519413705
120.0107,gpu,31,0,0
120.2107,disk0,906032682070016,2038268727,12655076743119436
120.2107,disk0w,1979536658432,18851220,1162953467518
120.2107,disk5,36340145584128,73148203,599236760704179
120.2107,disk5w,225980416,35966,1254168700
120.2107,disk4,39294582436864,39391500,410830562017459
120.2107,disk4w,1447560398848,1495270,591099736239
120.2107,disk8,59929156646912,97321080,957487742995578
120.2107,disk8w,4128768,601,984243925
120.2107,ram,187629568,64777437184,279483
120.2107,cpu,14970858,21736357,519413705
120.2107,gpu,28,0,0
120.4098,disk0,906034669535232,2038272622,12655087545587881
120.4098,disk0w,1979536658432,18851220,1162953467518
120.4098,disk5,36340935211008,73149752,599242272342167
120.4098,disk5w,225980416,35966,1254168700
120.4098,disk4,39295193625600,39392126,410831392288613
120.4098,disk4w,1447560398848,1495270,591099736239
120.4098,disk8,59930407090176,97323400,957501081348473
120.4098,disk8w,4128768,601,984243925
120.4098,ram,187629568,64777437184,279483
120.4098,cpu,14970858,21736357,519413705
120.4098,gpu,0,0,0
120.6107,disk0,906036736114688,2038278592,12655099503090040
120.6107,disk0w,1979536658432,18851220,1162953467518
120.6107,disk5,36341751166976,73151365,599248042342141
120.6107,disk5w,225980416,35966,1254168700
120.6107,disk4,39295683310592,39392628,410831972158072
120.6107,disk4w,1447560398848,1495270,591099736239
120.6107,disk8,59931727116288,97325580,957514797745845
120.6107,disk8w,4128768,601,984243925
120.6107,ram,187629568,64777437184,279483
120.6107,cpu,14970858,21736357,519413705
120.6107,gpu,43,0,0
120.8107,disk0,906038712512512,2038282440,12655112464379848
120.8107,disk0w,1979536658432,18851220,1162953467518
120.8107,disk5,36342453581824,73152763,599252801605685
120.8107,disk5w,225980416,35966,1254168700
120.8107,disk4,39296198243328,39393156,410832832664378
120.8107,disk4w,1447560398848,1495270,591099736239
120.8107,disk8,59932812376064,97327712,957525018920804
120.8107,disk8w,4128768,601,984243925
120.8107,ram,187629568,64777437184,279483
120.8107,cpu,14970858,21736357,519413705
120.8107,gpu,0,0,0
121.0107,disk0,906041206829056,2038287331,12655127320879153
121.0107,disk0w,1979536658432,18851220,1162953467518
121.0107,disk5,36343343257600,73154584,599259792637043
121.0107,disk5w,225980416,35966,1254168700
121.0107,disk4,39296795407360,39393768,410833781303998
121.0107,disk4w,1447560398848,1495270,591099736239
121.0107,disk8,59934062213120,97329562,957532121620023
121.0107,disk8w,4128768,601,984243925
121.0107,ram,207568896,64691847168,279483
121.0107,cpu,14970882,21736474,519415397
121.0107,gpu,38,0,0
121.2009,disk0,906043332378624,2038290891,12655135258823480
121.2009,disk0w,1979536658432,18851220,1162953467518
121.2009,disk5,36344103557120,73156142,599266697865171
121.2009,disk5w,225980416,35966,1254168700
121.2009,disk4,39297287189504,39394272,410834379038127
121.2009,disk4w,1447560398848,1495270,591099736239
121.2009,disk8,59935362856960,97331162,957541450185966
121.2009,disk8w,4128768,601,984243925
121.2009,ram,208044032,64709361664,279483
121.2009,cpu,14970883,21736474,519415419
121.2009,gpu,0,0,0
121.4028,disk0,906045547073536,2038294878,12655144960052655
121.4028,disk0w,1979536658432,18851220,1162953467518
121.4028,disk5,36344813172736,73157599,599271697061618
121.4028,disk5w,225980416,35966,1254168700
121.4028,disk4,39297840444416,39394839,410835119539182
121.4028,disk4w,1447560398848,1495270,591099736239
121.4028,disk8,59936709523456,97333352,957555167735042
121.4028,disk8w,4128768,601,984243925
121.4028,ram,208044032,64709361664,279483
121.4028,cpu,14970883,21736474,519415419
121.4028,gpu,30,0,0
121.6107,disk0,906047829114880,2038299477,12655159742021219
121.6107,disk0w,1979536658432,18851220,1162953467518
121.6107,disk5,36345409779712,73158798,599274954521259
121.6107,disk5w,225980416,35966,1254168700
121.6107,disk4,39298392257536,39395404,410835805025128
121.6107,disk4w,1447560398848,1495270,591099736239
121.6107,disk8,59938012788736,97335315,957567410942305
121.6107,disk8w,4128768,601,984243925
121.6107,ram,208044032,64709361664,279483
121.6107,cpu,14970883,21736474,519415419
121.6107,gpu,0,0,0
121.8025,disk0,906049906171904,2038303611,12655167624515967
121.8025,disk0w,1979536658432,18851220,1162953467518
121.8025,disk5,36346122680320,73160194,599279202826162
121.8025,disk5w,225980416,35966,1254168700
121.8025,disk4,39298962420736,39395989,410836575345679
121.8025,disk4w,1447560398848,1495270,591099736239
121.8025,disk8,59939334174720,97337760,957584790368736
121.8025,disk8w,4128768,601,984243925
121.8025,ram,208044032,64709361664,279483
121.8025,cpu,14970883,21736474,519415419
121.8025,gpu,26,0,0
122.0107,disk0,906052237664256,2038310135,12655185113829178
122.0107,disk0w,1979536658432,18851220,1162953467518
122.0107,disk5,36346971486208,73161871,599284669950881
122.0107,disk5w,225980416,35966,1254168700
122.0107,disk4,39299579245568,39396621,410837503295134
122.0107,disk4w,1447560398848,1495270,591099736239
122.0107,disk8,59940620826624,97339973,957595611200073
122.0107,disk8w,4128768,601,984243925
122.0107,ram,208044032,64709361664,279483
122.0107,cpu,14970883,21736474,519415419
122.0107,gpu,46,0,0
122.2107,disk0,906054307151872,2038314005,12655198516535337
122.2107,disk0w,1979536658432,18851220,1162953467518
122.2107,disk5,36347690924032,73163300,599289954420044
122.2107,disk5w,225980416,35966,1254168700
122.2107,disk4,39300000773120,39397053,410838044942242
122.2107,disk4w,1447560398848,1495270,591099736239
122.2107,disk8,59941636978688,97341996,957604829206015
122.2107,disk8w,4128768,601,984243925
122.2107,ram,217677824,63079399424,279483
122.2107,cpu,14970909,21736603,519417121
122.2107,gpu,37,0,0
122.4107,disk0,906056316100608,2038318106,12655212126675159
122.4107,disk0w,1979536658432,18851220,1162953467518
122.4107,disk5,36348426622976,73164808,599296102141451
122.4107,disk5w,225980416,35966,1254168700
122.4107,disk4,39300589089792,39397656,410839272279130
122.4107,disk4w,1447560398848,1495270,591099736239
122.4107,disk8,59942727448576,97343556,957611557407996
122.4107,disk8w,4128768,601,984243925
122.4107,ram,217677824,63079399424,279483
122.4107,cpu,14970909,21736603,519417121
122.4107,gpu,27,2,0
122.6107,disk0,906058694623232,2038322042,12655221717084326
122.6107,disk0w,1979536658432,18851220,1162953467518
122.6107,disk5,36349333936128,73166670,599303027473398
122.6107,disk5w,225980416,35966,1254168700
122.6107,disk4,39301126878208,39398207,410839979745198
122.6107,disk4w,1447560398848,1495270,591099736239
122.6107,disk8,59944040495104,97345150,957620172035130
122.6107,disk8w,4128768,601,984243925
122.6107,ram,217677824,63079399424,279483
122.6107,cpu,14970909,21736603,519417121
122.6107,gpu,34,0,0
122.8107,disk0,906061056086016,2038326525,12655234146281700
122.8107,disk0w,1979536658432,18851220,1162953467518
122.8107,disk5,36349980850176,73167994,599307084631701
122.8107,disk5w,225980416,35966,1254168700
122.8107,disk4,39301721945088,39398817,410840717165775
122.8107,disk4w,1447560398848,1495270,591099736239
122.8107,disk8,59945291429888,97347150,957632594463986
122.8107,disk8w,4128768,601,984243925
122.8107,ram,217677824,63079399424,279483
122.8107,cpu,14970909,21736603,519417121
122.8107,gpu,0,0,0
123.0107,disk0,906063539605504,2038331359,12655250779134101
123.0107,disk0w,1979536658432,18851220,1162953467518
123.0107,disk5,36350682740736,73169403,599310643504197
123.0107,disk5w,225980416,35966,1254168700
123.0107,disk4,39302222509056,39399330,410841354769318
123.0107,disk4w,1447560398848,1495270,591099736239
123.0107,disk8,59946500405248,97348975,957642409489392
123.0107,disk8w,4128768,601,984243925
123.0107,ram,217677824,63079399424,279483
123.0107,cpu,14970909,21736603,519417121
123.0107,gpu,34,0,0
123.2098,disk0,906065496625152,2038335274,12655259156497977
123.2098,disk0w,1979536658432,18851220,1162953467518
123.2098,disk5,36351437273088,73170875,599315587272761
123.2098,disk5w,225980416,35966,1254168700
123.2098,disk4,39302735000576,39399855,410841920005222
123.2098,disk4w,1447560398848,1495270,591099736239
123.2098,disk8,59947863521280,97351529,957659496463420
123.2098,disk8w,4128768,601,984243925
123.2098,ram,240123904,64629145600,279483
123.2098,cpu,14970929,21736715,519418843
123.2098,gpu,40,0,0
123.4107,disk0,906067685494784,2038340137,12655273056563870
123.4107,disk0w,1979536658432,18851220,1162953467518
123.4107,disk5,36352226899968,73172438,599320006170394
123.4107,disk5w,225980416,35966,1254168700
123.4107,disk4,39303329018880,39400464,410842748516773
123.4107,disk4w,1447560398848,1495270,591099736239
123.4107,disk8,59949057964032,97353615,957671526755935
123.4107,disk8w,4128768,601,984243925
123.4107,ram,240123904,64629145600,279483
123.4107,cpu,14970929,21736715,519418843
123.4107,gpu,44,1,0
123.6107,disk0,906069976289280,2038346097,12655289456222488
123.6107,disk0w,1979536658432,18851220,1162953467518
123.6107,disk5,36352938358784,73173845,599324473071157
123.6107,disk5w,225980416,35966,1254168700
123.6107,disk4,39303873491968,39401022,410843513897591
123.6107,disk4w,1447560398848,1495270,591099736239
123.6107,disk8,59950297036800,97356081,957683940645848
123.6107,disk8w,4128768,601,984243925
123.6107,ram,240123904,64629145600,279483
123.6107,cpu,14970929,21736715,519418843
123.6107,gpu,0,0,0
123.8107,disk0,906071631409152,2038349820,12655297951290187
123.8107,disk0w,1979536658432,18851220,1162953467518
123.8107,disk5,36353639462912,73175274,599331380146310
123.8107,disk5w,225980416,35966,1254168700
123.8107,disk4,39304579085312,39401745,410845755905468
123.8107,disk4w,1447560398848,1495270,591099736239
123.8107,disk8,59951345416192,97357780,957691950599922
123.8107,disk8w,4128768,601,984243925
123.8107,ram,240123904,64629145600,279483
123.8107,cpu,14970929,21736715,519418843
123.8107,gpu,31,0,0
124.0027,disk0,906073689047040,2038353465,12655307430885610
124.0027,disk0w,1979536658432,18851220,1162953467518
124.0027,disk5,36354478970880,73176996,599337801442615
124.0027,disk5w,225980416,35966,1254168700
124.0027,disk4,39305111630848,39402291,410846389820748
124.0027,disk4w,1447560398848,1495270,591099736239
124.0027,disk8,59952592746496,97359367,957701818250516
124.0027,disk8w,4128768,601,984243925
124.0027,ram,240123904,64629145600,279483
124.0027,cpu,14970929,21736715,519418843
124.0027,gpu,26,0,0
124.2107,disk0,906076300283904,2038358496,12655322748874283
124.2107,disk0w,1979536658432,18851220,1162953467518
124.2107,disk5,36355156785152,73178385,599341827528283
124.2107,disk5w,225980416,35966,1254168700
124.2107,disk4,39305735140352,39402930,410847155728991
124.2107,disk4w,1447560398848,1495270,591099736239
124.2107,disk8,59953961072640,97361460,957712873136923
124.2107,disk8w,4128768,601,984243925
124.2107,ram,307822592,64717225984,279483
124.2107,cpu,14970949,21736827,519420564
124.2107,gpu,41,0,0
124.4107,disk0,906078708543488,2038363415,12655339958567787
124.4107,disk0w,1979536658432,18851220,1162953467518
124.4107,disk5,36355990796288,73180089,599348195474371
124.4107,disk5w,225980416,35966,1254168700
124.4107,disk4,39306297177088,39403506,410847991421134
124.4107,disk4w,1447560398848,1495270,591099736239
124.4107,disk8,59955130103808,97363262,957719185025082
124.4107,disk8w,4128768,601,984243925
124.4107,ram,307822592,64717225984,279483
124.4107,cpu,14970949,21736827,519420564
124.4107,gpu,36,1,0
124.6107,disk0,906081029734400,2038367983,12655354771252903
124.6107,disk0w,1979536658432,18851220,1162953467518
124.6107,disk5,36356675139584,73181415,599351894871881
124.6107,disk5w,225980416,35966,1254168700
124.6107,disk4,39306857772032,39404080,410848639502197
124.6107,disk4w,1447560398848,1495270,591099736239
124.6107,disk8,59956326234112,97365349,957731529106420
124.6107,disk8w,4128768,601,984243925
124.6107,ram,307822592,64717225984,279483
124.6107,cpu,14970949,21736827,519420564
124.6107,gpu,30,0,0
124.8079,disk0,906083169796096,2038372519,12655366272007570
124.8079,disk0w,1979536658432,18851220,1162953467518
124.8079,disk5,36357300172800,73182651,599356204767892
124.8079,disk5w,225980416,35966,1254168700
124.8079,disk4,39307394905088,39404631,410849282817849
124.8079,disk4w,1447560398848,1495270,591099736239
124.8079,disk8,59957638920192,97367686,957745473933097
124.8079,disk8w,4128768,601,984243925
124.8079,ram,307822592,64717225984,279483
124.8079,cpu,14970949,21736827,519420564
124.8079,gpu,0,0,0
125.0107,disk0,906085368442880,2038380980,12655383072853204
125.0107,disk0w,1979536658432,18851220,1162953467518
125.0107,disk5,36358122797056,73184278,599362762208893
125.0107,disk5w,225980416,35966,1254168700
125.0107,disk4,39307798868992,39405045,410849707940789
125.0107,disk4w,1447560398848,1495270,591099736239
125.0107,disk8,59958840834048,97369710,957758780461385
125.0107,disk8w,4128768,601,984243925
125.0107,ram,307822592,64717225984,279483
125.0107,cpu,14970949,21736827,519420564
125.0107,gpu,35,0,0
125.2036,disk0,906087209766912,2038384393,12655393955541764
125.2036,disk0w,1979536756736,18851223,1162953524434
125.2036,disk5,36358605879296,73185232,599365946319151
125.2036,disk5w,225980416,35966,1254168700
125.2036,disk4,39308223542272,39405480,410850225815608
125.2036,disk4w,1447560398848,1495270,591099736239
125.2036,disk8,59959870011392,97371748,957769694545977
125.2036,disk8w,4128768,601,984243925
125.2036,ram,96026624,64400130048,279483
125.2036,cpu,14970987,21736936,519422270
125.2036,gpu,0,0,0
125.4053,disk0,906089334595584,2038391486,12655409370388202
125.4053,disk0w,1979536756736,18851223,1162953524434
125.4053,disk5,36359394981888,73186849,599372696391508
125.4053,disk5w,225980416,35966,1254168700
125.4053,disk4,39308817495040,39406089,410851801957118
125.4053,disk4w,1447560398848,1495270,591099736239
125.4053,disk8,59961111508992,97373573,957779550515113
125.4053,disk8w,4128768,601,984243925
125.4053,ram,96026624,64400130048,279483
125.4053,cpu,14970987,21736936,519422270
125.4053,gpu,39,1,0
125.6107,disk0,906091481063424,2038395086,12655419688611348
125.6107,disk0w,1979536756736,18851223,1162953524434
125.6107,disk5,36360139069440,73188375,599378537336463
125.6107,disk5w,225980416,35966,1254168700
125.6107,disk4,39309397095424,39406683,410852701338380
125.6107,disk4w,1447560398848,1495270,591099736239
125.6107,disk8,59962464385024,97375152,957788864491249
125.6107,disk8w,4128768,601,984243925
125.6107,ram,96026624,64400130048,279483
125.6107,cpu,14970987,21736936,519422270
125.6107,gpu,27,0,0
125.8107,disk0,906093809168384,2038399624,12655433190654872
125.8107,disk0w,1979536756736,18851223,1162953524434
125.8107,disk5,36360784361472,73189698,599382384938426
125.8107,disk5w,225980416,35966,1254168700
125.8107,disk4,39310033581056,39407335,410853559567624
125.8107,disk4w,1447560398848,1495270,591099736239
125.8107,disk8,59963810936832,97377095,957800017750072
125.8107,disk8w,4128768,601,984243925
125.8107,ram,96026624,64400130048,279483
125.8107,cpu,14970987,21736936,519422270
125.8107,gpu,33,0,0
126.0023,disk0,906096001134592,2038404246,12655452001545130
126.0023,disk0w,1979536756736,18851223,1162953524434
126.0023,disk5,36361290086400,73190717,599385234368922
126.0023,disk5w,225980416,35966,1254168700
126.0023,disk4,39310547514368,39407862,410854213852996
126.0023,disk4w,1447560398848,1495270,591099736239
126.0023,disk8,59964829661184,97378646,957808096012730
126.0023,disk8w,4128768,601,984243925
126.0023,ram,96026624,64400130048,279483
126.0023,cpu,14970987,21736936,519422270
126.0023,gpu,0,0,0
126.2107,disk0,906098443382784,2038409334,12655466250429245
126.2107,disk0w,1979536756736,18851223,1162953524434
126.2107,disk5,36362073438208,73192245,599389358050885
126.2107,disk5w,225980416,35966,1254168700
126.2107,disk4,39311285187584,39408618,410855189059068
126.2107,disk4w,1447560398848,1495270,591099736239
126.2107,disk8,59966235473920,97381210,957820151536433
126.2107,disk8w,4128768,601,984243925
126.2107,ram,143032320,64557809664,279483
126.2107,cpu,14971006,21737045,519423973
126.2107,gpu,30,0,0
126.4078,disk0,906100557590528,2038413905,12655476571009563
126.4078,disk0w,1979536756736,18851223,1162953524434
126.4078,disk5,36362904451072,73193892,599394549223218
126.4078,disk5w,225980416,35966,1254168700
126.4078,disk4,39311864787968,39409212,410855875786916
126.4078,disk4w,1447560398848,1495270,591099736239
126.4078,disk8,59967566804992,97383582,957835591337250
126.4078,disk8w,4128768,601,984243925
126.4078,ram,142098432,64599965696,279483
126.4078,cpu,14971006,21737045,519423997
126.4078,gpu,29,2,0
126.6107,disk0,906102924423168,2038421331,12655496442378499
126.6107,disk0w,1979536756736,18851223,1162953524434
126.6107,disk5,36363413321728,73194898,599397443565769
126.6107,disk5w,225980416,35966,1254168700
126.6107,disk4,39312286315520,39409644,410856350229639
126.6107,disk4w,1447560398848,1495270,591099736239
126.6107,disk8,59968807483392,97386077,957849071060465
126.6107,disk8w,4128768,601,984243925
126.6107,ram,142098432,64599965696,279483
126.6107,cpu,14971006,21737045,519423997
126.6107,gpu,38,0,0
126.8026,disk0,906104725532672,2038425881,12655508579322053
126.8026,disk0w,1979536756736,18851223,1162953524434
126.8026,disk5,36364080117760,73196257,599401756858976
126.8026,disk5w,225980416,35966,1254168700
126.8026,disk4,39312731665408,39410100,410857185286488
126.8026,disk4w,1447560398848,1495270,591099736239
126.8026,disk8,59969870493696,97387773,957859423422642
126.8026,disk8w,4128768,601,984243925
126.8026,ram,142098432,64599965696,279483
126.8026,cpu,14971006,21737045,519423997
126.8026,gpu,0,0,0
127.0107,disk0,906107208372224,2038431577,12655523088857246
127.0107,disk0w,1979536756736,18851223,1162953524434
127.0107,disk5,36364834650112,73197803,599405799706222
127.0107,disk5w,225980416,35966,1254168700
127.0107,disk4,39313366447104,39410751,410858013141313
127.0107,disk4w,1447560398848,1495270,591099736239
127.0107,disk8,59971233085440,97389542,957868877463810
127.0107,disk8w,4128768,601,984243925
127.0107,ram,142098432,64599965696,279483
127.0107,cpu,14971006,21737045,519423997
127.0107,gpu,32,0,0
127.2066,disk0,906109644013568,2038436217,12655540001022450
127.2066,disk0w,1979536756736,18851223,1162953524434
127.2066,disk5,36365457586176,73199079,599409381988304
127.2066,disk5w,225980416,35966,1254168700
127.2066,disk4,39313919702016,39411318,410858656610571
127.2066,disk4w,1447560398848,1495270,591099736239
127.2066,disk8,59972479776768,97391095,957876182506838
127.2066,disk8w,4128768,601,984243925
127.2066,ram,142098432,64599965696,279483
127.2066,cpu,14971006,21737045,519423997
127.2066,gpu,44,0,0
127.4107,disk0,906111979601920,2038440967,12655554745388834
127.4107,disk0w,1979536756736,18851223,1162953524434
127.4107,disk5,36366106834944,73200406,599412599342856
127.4107,disk5w,225980416,35966,1254168700
127.4107,disk4,39314508084224,39411921,410859471271495
127.4107,disk4w,1447560398848,1495270,591099736239
127.4107,disk8,59973776947200,97393105,957887659738368
127.4107,disk8w,4128768,601,984243925
127.4107,ram,190562304,64707919872,279483
127.4107,cpu,14971036,21737194,519425817
127.4107,gpu,41,2,0
127.6058,disk0,906114076184576,2038444961,12655567593052820
127.6058,disk0w,1979536756736,18851223,1162953524434
127.6058,disk5,36366703441920,73201562,599415869403118
127.6058,disk5w,225980416,35966,1254168700
127.6058,disk4,39315052557312,39412479,410860141580105
127.6058,disk4w,1447560398848,1495270,591099736239
127.6058,disk8,59975005075456,97395349,957899500151298
127.6058,disk8w,4128768,601,984243925
127.6058,ram,190562304,64707919872,279483
127.6058,cpu,14971036,21737194,519425817
127.6058,gpu,0,0,0
127.8010,disk0,906116100399104,2038449495,12655579028039908
127.8010,disk0w,1979536756736,18851223,1162953524434
127.8010,disk5,36367341467648,73202819,599419390660954
127.8010,disk5w,225980416,35966,1254168700
127.8010,disk4,39315676066816,39413118,410860949107149
127.8010,disk4w,1447560398848,1495270,591099736239
127.8010,disk8,59976289089536,97397668,957914712174247
127.8010,disk8w,4128768,601,984243925
127.8010,ram,190562304,64707919872,279483
127.8010,cpu,14971036,21737194,519425817
127.8010,gpu,33,0,0
128.0107,disk0,906118467039232,2038456524,12655594473871372
128.0107,disk0w,1979536756736,18851223,1162953524434
128.0107,disk5,36368104241152,73204323,599425264372483
128.0107,disk5w,225980416,35966,1254168700
128.0107,disk4,39316158673920,39413612,410861501377731
128.0107,disk4w,1447560398848,1495270,591099736239
128.0107,disk8,59977441277952,97399513,957926312145711
128.0107,disk8w,4128768,601,984243925
128.0107,ram,190562304,64707919872,279483
128.0107,cpu,14971036,21737194,519425817
128.0107,gpu,0,0,0
128.2107,disk0,906120430018560,2038460248,12655607766783043
128.2107,disk0w,1979536756736,18851223,1162953524434
128.2107,disk5,36368662607872,73205437,599428968445191
128.2107,disk5w,225980416,35966,1254168700
128.2107,disk4,39316773712896,39414243,410863192405013
128.2107,disk4w,1447560398848,1495270,591099736239
128.2107,disk8,59978479777792,97401546,957937351406883
128.2107,disk8w,4128768,601,984243925
128.2107,ram,190562304,64707919872,279483
128.2107,cpu,14971036,21737194,519425817
128.2107,gpu,40,0,0
128.4107,disk0,906122562478080,2038469263,12655623597738437
128.4107,disk0w,1979536756736,18851223,1162953524434
128.4107,disk5,36369452234752,73207056,599434642163005
128.4107,disk5w,225980416,35966,1254168700
128.4107,disk4,39317388440576,39414873,410863986346309
128.4107,disk4w,1447560398848,1495270,591099736239
128.4107,disk8,59979789662208,97403322,957946631241685
128.4107,disk8w,4128768,601,984243925
128.4107,ram,225738752,64684392448,279483
128.4107,cpu,14971052,21737298,519427408
128.4107,gpu,21,2,0
128.6087,disk0,906124761227264,2038472918,12655633031844897
128.6087,disk0w,1979536756736,18851223,1162953524434
128.6087,disk5,36370239240192,73208671,599440481944679
128.6087,disk5w,225980416,35966,1254168700
128.6087,disk4,39317889004544,39415386,410864512622429
128.6087,disk4w,1447560398848,1495270,591099736239
128.6087,disk8,59981051181056,97404840,957956250608691
128.6087,disk8w,4128768,601,984243925
128.6087,ram,225738752,64684392448,279483
128.6087,cpu,14971052,21737298,519427408
128.6087,gpu,0,0,0
128.8107,disk0,906127158222848,2038477815,12655648314971903
128.8107,disk0w,1979536756736,18851223,1162953524434
128.8107,disk5,36371142932480,73210523,599447062242274
128.8107,disk5w,225980416,35966,1254168700
128.8107,disk4,39318521295872,39416034,410865408126507
128.8107,disk4w,1447560398848,1495270,591099736239
128.8107,disk8,59982294497280,97406661,957963936084666
128.8107,disk8w,4128768,601,984243925
128.8107,ram,225738752,64684392448,279483
128.8107,cpu,14971052,21737298,519427408
128.8107,gpu,0,0,0
129.0008,disk0,906129235324928,2038482481,12655657681927823
129.0008,disk0w,1979536756736,18851223,1162953524434
129.0008,disk5,36371898005504,73212015,599454221815941
129.0008,disk5w,225980416,35966,1254168700
129.0008,disk4,39319144805376,39416673,410866147890745
129.0008,disk4w,1447560398848,1495270,591099736239
129.0008,disk8,59983487416320,97408528,957974691633076
129.0008,disk8w,4128768,601,984243925
129.0008,ram,225738752,64684392448,279483
129.0008,cpu,14971052,21737298,519427408
129.0008,gpu,35,0,0
129.2070,disk0,906131490832384,2038487022,12655670860473979
129.2070,disk0w,1979536756736,18851223,1162953524434
129.2070,disk5,36372631255040,73213446,599459467893885
129.2070,disk5w,225980416,35966,1254168700
129.2070,disk4,39319645369344,39417186,410866788176216
129.2070,disk4w,1447560398848,1495270,591099736239
129.2070,disk8,59984759371776,97410792,957987983081688
129.2070,disk8w,4128768,601,984243925
129.2070,ram,225738752,64684392448,279483
129.2070,cpu,14971052,21737298,519427408
129.2070,gpu,29,0,0
129.4107,disk0,906133854646272,2038496259,12655688111044522
129.4107,disk0w,1979536756736,18851223,1162953524434
129.4107,disk5,36373432858624,73215033,599464991767898
129.4107,disk5w,225980416,35966,1254168700
129.4107,disk4,39320260097024,39417816,410867671190177
129.4107,disk4w,1447560398848,1495270,591099736239
129.4107,disk8,59986105694208,97413174,958000788310258
129.4107,disk8w,4128768,601,984243925
129.4107,ram,248954880,63179374592,279483
129.4107,cpu,14971068,21737404,519429141
129.4107,gpu,31,1,0
129.6107,disk0,906135683092480,2038499667,12655698518452537
129.6107,disk0w,1979536756736,18851223,1162953524434
129.6107,disk5,36374003152896,73216162,599469084678478
129.6107,disk5w,225980416,35966,1254168700
129.6107,disk4,39320734315520,39418302,410868295089475
129.6107,disk4w,1447560398848,1495270,591099736239
129.6107,disk8,59987118995456,97415188,958012247901387
129.6107,disk8w,4128768,601,984243925
129.6107,ram,248954880,63179374592,279483
129.6107,cpu,14971068,21737404,519429141
129.6107,gpu,61,0,0
129.8107,disk0,906137833635840,2038505659,12655713171306062
129.8107,disk0w,1979536756736,18851223,1162953524434
129.8107,disk5,36374733993984,73217658,599473762705891
129.8107,disk5w,225980416,35966,1254168700
129.8107,disk4,39321328956416,39418911,410869615748228
129.8107,disk4w,1447560398848,1495270,591099736239
129.8107,disk8,59988468807680,97417283,958025480687024
129.8107,disk8w,4128768,601,984243925
129.8107,ram,248954880,63179374592,279483
129.8107,cpu,14971068,21737404,519429141
129.8107,gpu,23,0,0
130.0107,disk0,906139874525184,2038509266,12655722543418394
130.0107,disk0w,1979536756736,18851223,1162953524434
130.0107,disk5,36375503452160,73219236,599477951410478
130.0107,disk5w,225980416,35966,1254168700
130.0107,disk4,39321814447104,39419409,410870139179856
130.0107,disk4w,1447560398848,1495270,591099736239
130.0107,disk8,59989788768256,97418784,958036606664224
130.0107,disk8w,4128768,601,984243925
130.0107,ram,248954880,63179374592,279483
130.0107,cpu,14971068,21737404,519429141
130.0107,gpu,0,0,0
130.2074,disk0,906142001827840,2038513389,12655733136245783
130.2074,disk0w,1979536756736,18851223,1162953524434
130.2074,disk5,36376342198272,73220956,599485763130283
130.2074,disk5w,225980416,35966,1254168700
130.2074,disk4,39322200847360,39419805,410870595253097
130.2074,disk4w,1447560398848,1495270,591099736239
130.2074,disk8,59991089166336,97420695,958047234019047
130.2074,disk8w,4128768,601,984243925
130.2074,ram,248954880,63179374592,279483
130.2074,cpu,14971068,21737404,519429141
130.2074,gpu,0,0,0
130.4035,disk0,906144017223680,2038517643,12655742814062684
130.4035,disk0w,1979536756736,18851223,1162953524434
130.4035,disk5,36377013581824,73222325,599490959039287
130.4035,disk5w,225980416,35966,1254168700
130.4035,disk4,39322727756800,39420345,410871185995419
130.4035,disk4w,1447560398848,1495270,591099736239
130.4035,disk8,59992410929152,97422646,958060623506042
130.4035,disk8w,4128768,601,984243925
130.4035,ram,268058624,64715063296,279483
130.4035,cpu,14971087,21737510,519430872
130.4035,gpu,0,0,0
130.6046,disk0,906146530807808,2038522922,12655762313044739
130.6046,disk0w,1979536756736,18851223,1162953524434
130.6046,disk5,36377814595584,73223878,599497648330935
130.6046,disk5w,225980416,35966,1254168700
130.6046,disk4,39323281011712,39420912,410871844654645
130.6046,disk4w,1447560398848,1495270,591099736239
130.6046,disk8,59993427261440,97424437,958066408186446
130.6046,disk8w,4128768,601,984243925
130.6046,ram,268058624,64715063296,279483
130.6046,cpu,14971087,21737510,519430872
130.6046,gpu,0,0,0
130.8107,disk0,906148748087296,2038527606,12655773667853133
130.8107,disk0w,1979536764928,18851225,1162953588392
130.8107,disk5,36378670741504,73225576,599504496096574
130.8107,disk5w,225980416,35966,1254168700
130.8107,disk4,39323878175744,39421524,410872690304725
130.8107,disk4w,1447560398848,1495270,591099736239
130.8107,disk8,59994734213120,97426764,958078498703842
130.8107,disk8w,4128768,601,984243925
130.8107,ram,268058624,64715063296,279483
130.8107,cpu,14971087,21737510,519430872
130.8107,gpu,0,0,0
131.0039,disk0,906150565548032,2038532522,12655784928339679
131.0039,disk0w,1979536764928,18851225,1162953588392
131.0039,disk5,36379390703616,73226999,599509074316893
131.0039,disk5w,225980416,35966,1254168700
131.0039,disk4,39324343612416,39422001,410873313833061
131.0039,disk4w,1447560398848,1495270,591099736239
131.0039,disk8,59995980118016,97429047,958094437531047
131.0039,disk8w,4128768,601,984243925
131.0039,ram,268058624,64715063296,279483
131.0039,cpu,14971087,21737510,519430872
131.0039,gpu,31,0,0
131.2107,disk0,906152347099136,2038535993,12655794440051745
131.2107,disk0w,1979536764928,18851225,1162953588392
131.2107,disk5,36380073760768,73228374,599514113541054
131.2107,disk5w,225980416,35966,1254168700
131.2107,disk4,39324923114496,39422595,410875389664620
131.2107,disk4w,1447560398848,1495270,591099736239
131.2107,disk8,59997099177984,97430968,958104962656573
131.2107,disk8w,4128768,601,984243925
131.2107,ram,268058624,64715063296,279483
131.2107,cpu,14971087,21737510,519430872
131.2107,gpu,29,0,0
131.4107,disk0,906154657013760,2038541296,12655810333248740
131.4107,disk0w,1979536764928,18851225,1162953588392
131.4107,disk5,36380707272704,73229673,599518758366410
131.4107,disk5w,225980416,35966,1254168700
131.4107,disk4,39325493933056,39423180,410876206503840
131.4107,disk4w,1447560398848,1495270,591099736239
131.4107,disk8,59998334236672,97432727,958113404708117
131.4107,disk8w,4128768,601,984243925
131.4107,ram,288145408,64715456512,279483
131.4107,cpu,14971107,21737617,519432569
131.4107,gpu,22,1,0
131.6107,disk0,906156553248768,2038544668,12655817090161429
131.6107,disk0w,1979536764928,18851225,1162953588392
131.6107,disk5,36381524277248,73231349,599522868212022
131.6107,disk5w,225980416,35966,1254168700
131.6107,disk4,39325968151552,39423666,410876748014679
131.6107,disk4w,1447560398848,1495270,591099736239
131.6107,disk8,59999726516224,97434546,958126587513995
131.6107,disk8w,4128768,601,984243925
131.6107,ram,288899072,64715456512,279483
131.6107,cpu,14971107,21737617,519432594
131.6107,gpu,0,0,0
131.8032,disk0,906158509559808,2038548640,12655830083544067
131.8032,disk0w,1979536764928,18851225,1162953588392
131.8032,disk5,36382267930624,73232874,599533607433845
131.8032,disk5w,225980416,35966,1254168700
131.8032,disk4,39326442370048,39424152,410877308587557
131.8032,disk4w,1447560398848,1495270,591099736239
131.8032,disk8,60000750729216,97436025,958132847213869
131.8032,disk8w,4128768,601,984243925
131.8032,ram,288899072,64715456512,279483
131.8032,cpu,14971107,21737617,519432594
131.8032,gpu,0,0,0
132.0107,disk0,906160783044608,2038553302,12655844157412777
132.0107,disk0w,1979536764928,18851225,1162953588392
132.0107,disk5,36382846089216,73234030,599537155327225
132.0107,disk5w,225980416,35966,1254168700
132.0107,disk4,39327057097728,39424782,410878090782609
132.0107,disk4w,1447560398848,1495270,591099736239
132.0107,disk8,60002019129344,97437965,958144561911625
132.0107,disk8w,4128768,601,984243925
132.0107,ram,288899072,64715456512,279483
132.0107,cpu,14971107,21737617,519432594
132.0107,gpu,34,0,0
132.2016,disk0,906163030859776,2038558160,12655856050246145
132.2016,disk0w,1979536764928,18851225,1162953588392
132.2016,disk5,36383570622464,73235439,599541236680182
132.2016,disk5w,225980416,35966,1254168700
132.2016,disk4,39327663043584,39425403,410879035765987
132.2016,disk4w,1447560398848,1495270,591099736239
132.2016,disk8,60003309058048,97440069,958156125347006
132.2016,disk8w,4128768,601,984243925
132.2016,ram,288899072,64715456512,279483
132.2016,cpu,14971107,21737617,519432594
132.2016,gpu,30,0,0
132.4107,disk0,906165215911936,2038562906,12655866403552336
132.4107,disk0w,1979536764928,18851225,1162953588392
132.4107,disk5,36384369686528,73237015,599546466291441
132.4107,disk5w,225980416,35966,1254168700
132.4107,disk4,39328207516672,39425961,410879678175136
132.4107,disk4w,1447560398848,1495270,591099736239
132.4107,disk8,60004731828224,97442536,958172098681457
132.4107,disk8w,4128768,601,984243925
132.4107,ram,298860544,63207718912,279483
132.4107,cpu,14971136,21737743,519434198
132.4107,gpu,36,2,0
132.6107,disk0,906167402864640,2038568638,12655879017144356
132.6107,disk0w,1979536764928,18851225,1162953588392
132.6107,disk5,36385124087808,73238506,599551309236332
132.6107,disk5w,225980416,35966,1254168700
132.6107,disk4,39328778335232,39426546,410880386364358
132.6107,disk4w,1447560398848,1495270,591099736239
132.6107,disk8,60006068762624,97445045,958187329973888
132.6107,disk8w,4128768,601,984243925
132.6107,ram,297615360,63092129792,279483
132.6107,cpu,14971136,21737750,519434290
132.6107,gpu,32,0,0
132.8094,disk0,906168886460416,2038571813,12655888115554837
132.8094,disk0w,1979536764928,18851225,1162953588392
132.8094,disk5,36385827264512,73239934,599557963658028
132.8094,disk5w,225980416,35966,1254168700
132.8094,disk4,39329217393664,39426996,410881337661370
132.8094,disk4w,1447560398848,1495270,591099736239
132.8094,disk8,60007148009472,97446758,958198288650670
132.8094,disk8w,4128768,601,984243925
132.8094,ram,297615360,63092129792,279483
132.8094,cpu,14971136,21737750,519434290
132.8094,gpu,0,0,0
133.0107,disk0,906171063025664,2038578641,12655902197797935
133.0107,disk0w,1979536764928,18851225,1162953588392
133.0107,disk5,36386567010304,73241452,599563488672486
133.0107,disk5w,225980416,35966,1254168700
133.0107,disk4,39329840903168,39427635,410882226334162
133.0107,disk4w,1447560398848,1495270,591099736239
133.0107,disk8,60008478881792,97448573,958207067683013
133.0107,disk8w,4128768,601,984243925
133.0107,ram,297615360,63092129792,279483
133.0107,cpu,14971136,21737750,519434290
133.0107,gpu,56,0,0
133.2107,disk0,906173104410624,2038582012,12655912375780937
133.2107,disk0w,1979536764928,18851225,1162953588392
133.2107,disk5,36387058333696,73242460,599565883378543
133.2107,disk5w,225980416,35966,1254168700
133.2107,disk4,39330288776192,39428094,410882718339182
133.2107,disk4w,1447560398848,1495270,591099736239
133.2107,disk8,60009827284992,97450318,958219973860107
133.2107,disk8w,4128768,601,984243925
133.2107,ram,297615360,63092129792,279483
133.2107,cpu,14971136,21737750,519434290
133.2107,gpu,0,0,0
133.4086,disk0,906175336816640,2038586508,12655926936476076
133.4086,disk0w,1979536764928,18851225,1162953588392
133.4086,disk5,36387760224256,73243900,599570730494553
133.4086,disk5w,225980416,35966,1254168700
133.4086,disk4,39330806903808,39428625,410883424731212
133.4086,disk4w,1447560398848,1495270,591099736239
133.4086,disk8,60011122653184,97452094,958229902189260
133.4086,disk8w,4128768,601,984243925
133.4086,ram,297615360,63092129792,279483
133.4086,cpu,14971136,21737750,519434290
133.4086,gpu,31,0,0
133.6107,disk0,906177579806720,2038591160,12655939863539206
133.6107,disk0w,1979536764928,18851225,1162953588392
133.6107,disk5,36388427020288,73245210,599573636791238
133.6107,disk5w,225980416,35966,1254168700
133.6107,disk4,39331360158720,39429192,410884138745314
133.6107,disk4w,1447560398848,1495270,591099736239
133.6107,disk8,60012416497664,97454125,958242667620656
133.6107,disk8w,4128768,601,984243925
133.6107,ram,312524800,64751714304,279483
133.6107,cpu,14971155,21737852,519436027
133.6107,gpu,27,0,0
133.8107,disk0,906179577675776,2038595327,12655951004699221
133.8107,disk0w,1979536764928,18851225,1162953588392
133.8107,disk5,36389189941248,73246706,599579079819038
133.8107,disk5w,225980416,35966,1254168700
133.8107,disk4,39331966104576,39429813,410884831775777
133.8107,disk4w,1447560398848,1495270,591099736239
133.8107,disk8,60013714765824,97456571,958258061852048
133.8107,disk8w,4128768,601,984243925
133.8107,ram,312524800,64751714304,279483
133.8107,cpu,14971155,21737852,519436027
133.8107,gpu,24,0,0
134.0107,disk0,906181949685760,2038603841,12655973676393986
134.0107,disk0w,1979536764928,18851225,1162953588392
134.0107,disk5,36390000130048,73248310,599584734432089
134.0107,disk5w,225980416,35966,1254168700
134.0107,disk4,39332510577664,39430371,410885551586429
134.0107,disk4w,1447560398848,1495270,591099736239
134.0107,disk8,60014741403648,97458343,958264461977663
134.0107,disk8w,4128768,601,984243925
134.0107,ram,312524800,64751714304,279483
134.0107,cpu,14971155,21737852,519436027
134.0107,gpu,31,0,0
134.2111,disk0,906183867555840,2038607512,12655983194823460
134.2111,disk0w,1979536764928,18851225,1162953588392
134.2111,disk5,36390746929152,73249783,599590000998697
134.2111,disk5w,225980416,35966,1254168700
134.2111,disk4,39333006554112,39430879,410886214810725
134.2111,disk4w,1447560398848,1495270,591099736239
134.2111,disk8,60015878879232,97460532,958275090148650
134.2111,disk8w,4128768,601,984243925
134.2111,ram,312524800,64751714304,279483
134.2111,cpu,14971155,21737852,519436027
134.2111,gpu,43,0,0
134.4107,disk0,906185968132096,2038614914,12655996518237788
134.4107,disk0w,1979536764928,18851225,1162953588392
134.4107,disk5,36391515338752,73251359,599594875864086
134.4107,disk5w,225980416,35966,1254168700
134.4107,disk4,39333696058368,39431586,410887769978334
134.4107,disk4w,1447560398848,1495270,591099736239
134.4107,disk8,60017121015808,97462305,958286357638294
134.4107,disk8w,4128768,601,984243925
134.4107,ram,312524800,64751714304,279483
134.4107,cpu,14971155,21737852,519436027
134.4107,gpu,27,1,0
134.6107,disk0,906188290830336,2038618800,12656007888333106
134.6107,disk0w,1979536764928,18851225,1162953588392
134.6107,disk5,36392357607424,73253087,599600538122301
134.6107,disk5w,225980416,35966,1254168700
134.6107,disk4,39334222967808,39432126,410888430732486
134.6107,disk4w,1447560398848,1495270,591099736239
134.6107,disk8,60018454722560,97463901,958294609939564
134.6107,disk8w,4128768,601,984243925
134.6107,ram,319504384,64708395008,279483
134.6107,cpu,14971171,21737957,519437613
134.6107,gpu,29,0,0
134.8042,disk0,906190208466944,2038622278,12656017920331653
134.8042,disk0w,1979536764928,18851225,1162953588392
134.8042,disk5,36392936667136,73254274,599603243734097
134.8042,disk5w,225980416,35966,1254168700
134.8042,disk4,39334749877248,39432666,410889010788423
134.8042,disk4w,1447560398848,1495270,591099736239
134.8042,disk8,60019602864128,97465503,958307181499742
134.8042,disk8w,4128768,601,984243925
134.8042,ram,319504384,64708395008,279483
134.8042,cpu,14971171,21737957,519437613
134.8042,gpu,0,0,0
135.0027,disk0,906192355639296,2038626618,12656031494955822
135.0027,disk0w,1979536764928,18851225,1162953588392
135.0027,disk5,36393691199488,73255800,599607927405021
135.0027,disk5w,225980416,35966,1254168700
135.0027,disk4,39335268004864,39433197,410889713596289
135.0027,disk4w,1447560398848,1495270,591099736239
135.0027,disk8,60020826273792,97467240,958316865895172
135.0027,disk8w,4128768,601,984243925
135.0027,ram,319504384,64708395008,279483
135.0027,cpu,14971171,21737957,519437613
135.0027,gpu,36,0,0
135.2108,disk0,906194801741824,2038631804,12656045902383698
135.2108,disk0w,1979536764928,18851225,1162953588392
135.2108,disk5,36394490517504,73257356,599612643984441
135.2108,disk5w,225980416,35966,1254168700
135.2108,disk4,39335873950720,39433818,410890454058284
135.2108,disk4w,1447560398848,1495270,591099736239
135.2108,disk8,60022147135488,97469545,958328883609412
135.2108,disk8w,4128768,601,984243925
135.2108,ram,319504384,64708395008,279483
135.2108,cpu,14971171,21737957,519437613
135.2108,gpu,29,0,0
135.4108,disk0,906196813209600,2038636073,12656054648396298
135.4108,disk0w,1979536764928,18851225,1162953588392
135.4108,disk5,36395170805760,73258704,599616971976865
135.4108,disk5w,225980416,35966,1254168700
135.4108,disk4,39336339387392,39434295,410890962133996
135.4108,disk4w,1447560398848,1495270,591099736239
135.4108,disk8,60023505745920,97471914,958345974866781
135.4108,disk8w,4128768,601,984243925
135.4108,ram,319504384,64708395008,279483
135.4108,cpu,14971171,21737957,519437613
135.4108,gpu,0,0,0
135.6108,disk0,906199124221952,2038644497,12656072240007010
135.6108,disk0w,1979536764928,18851225,1162953588392
135.6108,disk5,36396015712256,73260374,599623192370614
135.6108,disk5w,225980416,35966,1254168700
135.6108,disk4,39336918987776,39434889,410891686128716
135.6108,disk4w,1447560398848,1495270,591099736239
135.6108,disk8,60024735807488,97474180,958356781330545
135.6108,disk8w,4128768,601,984243925
135.6108,ram,319766528,63151685632,279483
135.6108,cpu,14971189,21738062,519439349
135.6108,gpu,23,0,0
135.8108,disk0,906201122533376,2038648653,12656085480167076
135.8108,disk0w,1979536764928,18851225,1162953588392
135.8108,disk5,36396620183552,73261597,599628317461661
135.8108,disk5w,225980416,35966,1254168700
135.8108,disk4,39337469670400,39435453,410893193356812
135.8108,disk4w,1447560398848,1495270,591099736239
135.8108,disk8,60025759643648,97475896,958365716329881
135.8108,disk8w,4128768,601,984243925
135.8108,ram,319766528,63151685632,279483
135.8108,cpu,14971189,21738062,519439349
135.8108,gpu,34,0,0
136.0108,disk0,906203478900736,2038654918,12656099415113735
136.0108,disk0w,1979536764928,18851225,1162953588392
136.0108,disk5,36397358594048,73263112,599633287453362
136.0108,disk5w,225980416,35966,1254168700
136.0108,disk4,39338069324800,39436068,410893922761390
136.0108,disk4w,1447560398848,1495270,591099736239
136.0108,disk8,60026978957312,97477567,958374668002166
136.0108,disk8w,4128768,601,984243925
136.0108,ram,319766528,63151685632,279483
136.0108,cpu,14971189,21738062,519439349
136.0108,gpu,30,0,0
136.2108,disk0,906205714927616,2038658720,12656109993564720
136.2108,disk0w,1979536764928,18851225,1162953588392
136.2108,disk5,36398086436864,73264604,599639747451150
136.2108,disk5w,225980416,35966,1254168700
136.2108,disk4,39338543543296,39436554,410894542097264
136.2108,disk4w,1447560398848,1495270,591099736239
136.2108,disk8,60028277209088,97479257,958384197040270
136.2108,disk8w,4128768,601,984243925
136.2108,ram,319766528,63151685632,279483
136.2108,cpu,14971189,21738062,519439349
136.2108,gpu,41,0,0
136.4108,disk0,906207868899328,2038663290,12656122003538316
136.4108,disk0w,1979536764928,18851225,1162953588392
136.4108,disk5,36398855354368,73266179,599645379979781
136.4108,disk5w,225980416,35966,1254168700
136.4108,disk4,39339167052800,39437193,410895289492644
136.4108,disk4w,1447560398848,1495270,591099736239
136.4108,disk8,60029600004096,97481364,958396471638264
136.4108,disk8w,4128768,601,984243925
136.4108,ram,319766528,63151685632,279483
136.4108,cpu,14971189,21738062,519439349
136.4108,gpu,0,0,0
136.6021,disk0,906210085793792,2038667904,12656134023666585
136.6021,disk0w,1979536764928,18851225,1162953588392
136.6021,disk5,36399526737920,73267494,599648733048175
136.6021,disk5w,225980416,35966,1254168700
136.6021,disk4,39339685180416,39437724,410895974093429
136.6021,disk4w,1447560398848,1495270,591099736239
136.6021,disk8,60030875351040,97483334,958408334895073
136.6021,disk8w,4128768,601,984243925
136.6021,ram,360775680,64538869760,279483
136.6021,cpu,14971209,21738171,519441073
136.6021,gpu,23,0,0
136.8108,disk0,906212317024256,2038672779,12656146197874170
136.8108,disk0w,1979536764928,18851225,1162953588392
136.8108,disk5,36400384587776,73269180,599654477309432
136.8108,disk5w,225980416,35966,1254168700
136.8108,disk4,39340326253568,39438381,410896792488750
136.8108,disk4w,1447560398848,1495270,591099736239
136.8108,disk8,60032222869504,97485673,958423142488078
136.8108,disk8w,4128768,601,984243925
136.8108,ram,360775680,64538869760,279483
136.8108,cpu,14971209,21738171,519441073
136.8108,gpu,0,0,0
137.0108,disk0,906214557769728,2038680284,12656162152757947
137.0108,disk0w,1979536781312,18851226,1162953607225
137.0108,disk5,36401299535872,73270993,599661249815603
137.0108,disk5w,225980416,35966,1254168700
137.0108,disk4,39340818035712,39438885,410897353887451
137.0108,disk4w,1447560398848,1495270,591099736239
137.0108,disk8,60033514158080,97487823,958433805564356
137.0108,disk8w,4128768,601,984243925
137.0108,ram,360775680,64538869760,279483
137.0108,cpu,14971209,21738171,519441073
137.0108,gpu,35,0,0
137.2108,disk0,906216374018048,2038683602,12656169522632180
137.2108,disk0w,1979537440768,18851296,1162955156783
137.2108,disk5,36402078808064,73272538,599667761860185
137.2108,disk5w,225980416,35966,1254168700
137.2108,disk4,39341318599680,39439398,410898110787783
137.2108,disk4w,1447560398848,1495270,591099736239
137.2108,disk8,60034672031744,97490198,958445648848086
137.2108,disk8w,4128768,601,984243925
137.2108,ram,360775680,64538869760,279483
137.2108,cpu,14971209,21738171,519441073
137.2108,gpu,44,0,0
137.4108,disk0,906218103959552,2038694844,12656184917062830
137.4108,disk0w,1979538329600,18851488,1162959881884
137.4108,disk5,36402728056832,73273870,599673760067504
137.4108,disk5w,225980416,35966,1254168700
137.4108,disk4,39341845476352,39439938,410899075281021
137.4108,disk4w,1447560398848,1495270,591099736239
137.4108,disk8,60035791337472,97491797,958453573054839
137.4108,disk8w,4128768,601,984243925
137.4108,ram,360775680,64538869760,279483
137.4108,cpu,14971209,21738171,519441073
137.4108,gpu,33,2,0
137.6108,disk0,906220440367104,2038698943,12656198644492458
137.6108,disk0w,1979538329600,18851488,1162959881884
137.6108,disk5,36403512064000,73275474,599678549274004
137.6108,disk5w,225980416,35966,1254168700
137.6108,disk4,39342433858560,39440541,410899871043695
137.6108,disk4w,1447560398848,1495270,591099736239
137.6108,disk8,60037020792832,97493213,958461084931568
137.6108,disk8w,4128768,601,984243925
137.6108,ram,360579072,64670973952,279483
137.6108,cpu,14971242,21738323,519442788
137.6108,gpu,32,0,0
137.8108,disk0,906222685954048,2038702983,12656209885968778
137.8108,disk0w,1979538329600,18851488,1162959881884
137.8108,disk5,36404339931136,73277171,599686468239524
137.8108,disk5w,225980416,35966,1254168700
137.8108,disk4,39342900343808,39441019,410900435290908
137.8108,disk4w,1447560398848,1495270,591099736239
137.8108,disk8,60038239778816,97494819,958469984753076
137.8108,disk8w,4128768,601,984243925
137.8108,ram,360579072,64670973952,279483
137.8108,cpu,14971242,21738323,519442788
137.8108,gpu,33,0,0
138.0108,disk0,906224926736384,2038707777,12656222186172359
138.0108,disk0w,1979538329600,18851488,1162959881884
138.0108,disk5,36405120792576,73278757,599691920053622
138.0108,disk5w,225980416,35966,1254168700
138.0108,disk4,39343408641024,39441540,410901021174642
138.0108,disk4w,1447560398848,1495270,591099736239
138.0108,disk8,60039573141504,97496675,958480777625123
138.0108,disk8w,4128768,601,984243925
138.0108,ram,360579072,64670973952,279483
138.0108,cpu,14971242,21738323,519442788
138.0108,gpu,28,0,0
138.2067,disk0,906227346464768,2038712991,12656238397814676
138.2067,disk0w,1979538329600,18851488,1162959881884
138.2067,disk5,36405837608960,73280153,599696019308944
138.2067,disk5w,225980416,35966,1254168700
138.2067,disk4,39344076059648,39442224,410902277991420
138.2067,disk4w,1447560398848,1495270,591099736239
138.2067,disk8,60040785065984,97498736,958490553666267
138.2067,disk8w,4128768,601,984243925
138.2067,ram,360579072,64670973952,279483
138.2067,cpu,14971242,21738323,519442788
138.2067,gpu,39,0,0
138.4081,disk0,906229367341056,2038717550,12656249039388856
138.4081,disk0w,1979538329600,18851488,1162959881884
138.4081,disk5,36406713399296,73281887,599702729520486
138.4081,disk5w,225980416,35966,1254168700
138.4081,disk4,39344655660032,39442818,410903028614774
138.4081,disk4w,1447560398848,1495270,591099736239
138.4081,disk8,60041970284544,97500794,958502919530000
138.4081,disk8w,4128768,601,984243925
138.4081,ram,360579072,64670973952,279483
138.4081,cpu,14971242,21738323,519442788
138.4081,gpu,0,0,0
138.6108,disk0,906231495540736,2038723146,12656265283670830
138.6108,disk0w,1979538329600,18851488,1162959881884
138.6108,disk5,36407449335808,73283339,599706912182554
138.6108,disk5w,225980416,35966,1254168700
138.6108,disk4,39345113363456,39443287,410903529608413
138.6108,disk4w,1447560398848,1495270,591099736239
138.6108,disk8,60043207112704,97503137,958517505681713
138.6108,disk8w,4128768,601,984243925
138.6108,ram,358907904,63111413760,279483
138.6108,cpu,14971257,21738427,519444450
138.6108,gpu,25,0,0
138.8073,disk0,906233463091200,2038727148,12656276905801052
138.8073,disk0w,1979538329600,18851488,1162959881884
138.8073,disk5,36408237537280,73284940,599713586238939
138.8073,disk5w,225980416,35966,1254168700
138.8073,disk4,39345612813312,39443799,410904423431077
138.8073,disk4w,1447560398848,1495270,591099736239
138.8073,disk8,60044180846592,97504716,958526388657232
138.8073,disk8w,4128768,601,984243925
138.8073,ram,359071744,63111413760,279483
138.8073,cpu,14971258,21738438,519444608
138.8073,gpu,0,0,0
139.0108,disk0,906235681222656,2038732036,12656288920304069
139.0108,disk0w,1979538329600,18851488,1162959881884
139.0108,disk5,36409106511872,73286721,599720916603359
139.0108,disk5w,225980416,35966,1254168700
139.0108,disk4,39346157286400,39444357,410905071060853
139.0108,disk4w,1447560398848,1495270,591099736239
139.0108,disk8,60045529692160,97506488,958536411043641
139.0108,disk8w,4128768,601,984243925
139.0108,ram,359071744,63111413760,279483
139.0108,cpu,14971258,21738438,519444608
139.0108,gpu,29,0,0
139.2082,disk0,906237655498752,2038735871,12656299437142445
139.2082,disk0w,1979538329600,18851488,1162959881884
139.2082,disk5,36409726433280,73287991,599725702382018
139.2082,disk5w,225980416,35966,1254168700
139.2082,disk4,39346730202112,39444944,410905755308027
139.2082,disk4w,1447560398848,1495270,591099736239
139.2082,disk8,60046798747648,97508279,958549555285825
139.2082,disk8w,4128768,601,984243925
139.2082,ram,359071744,63111413760,279483
139.2082,cpu,14971258,21738438,519444608
139.2082,gpu,0,0,0
139.4037,disk0,906239849463808,2038740750,12656314734344778
139.4037,disk0w,1979538329600,18851488,1162959881884
139.4037,disk5,36410519074816,73289616,599733786029430
139.4037,disk5w,225980416,35966,1254168700
139.4037,disk4,39347255014400,39445482,410906418399062
139.4037,disk4w,1447560398848,1495270,591099736239
139.4037,disk8,60047946266624,97509996,958556062834328
139.4037,disk8w,4128768,601,984243925
139.4037,ram,359071744,63111413760,279483
139.4037,cpu,14971258,21738438,519444608
139.4037,gpu,38,1,0
139.6108,disk0,906242106032128,2038745371,12656325064011002
139.6108,disk0w,1979538329600,18851488,1162959881884
139.6108,disk5,36411277801472,73291096,599737986343975
139.6108,disk5w,225980416,35966,1254168700
139.6108,disk4,39347843396608,39446085,410907171803941
139.6108,disk4w,1447560398848,1495270,591099736239
139.6108,disk8,60049389189120,97512535,958572110218773
139.6108,disk8w,4128768,601,984243925
139.6108,ram,359137280,64537559040,279483
139.6108,cpu,14971275,21738528,519446114
139.6108,gpu,0,0,0
139.8108,disk0,906244097441792,2038749756,12656333748696578
139.8108,disk0w,1979538329600,18851488,1162959881884
139.8108,disk5,36412059023360,73292632,599744883845015
139.8108,disk5w,225980416,35966,1254168700
139.8108,disk4,39348398748672,39446654,410907969135537
139.8108,disk4w,1447560398848,1495270,591099736239
139.8108,disk8,60050640451584,97514792,958587430738320
139.8108,disk8w,4128768,601,984243925
139.8108,ram,360120320,64537559040,279483
139.8108,cpu,14971277,21738540,519446342
139.8108,gpu,26,0,0
140.0108,disk0,906246110941184,2038758901,12656351039688973
140.0108,disk0w,1979538329600,18851488,1162959881884
140.0108,disk5,36412765124608,73294029,599750915586337
140.0108,disk5w,225980416,35966,1254168700
140.0108,disk4,39348897215488,39447165,410908541867144
140.0108,disk4w,1447560398848,1495270,591099736239
140.0108,disk8,60051794999296,97516748,958598471816876
140.0108,disk8w,4128768,601,984243925
140.0108,ram,360120320,64537559040,279483
140.0108,cpu,14971277,21738540,519446342
140.0108,gpu,28,0,0
140.2108,disk0,906248004505600,2038762348,12656363596665283
140.2108,disk0w,1979538329600,18851488,1162959881884
140.2108,disk5,36413449467904,73295383,599756765875843
140.2108,disk5w,225980416,35966,1254168700
140.2108,disk4,39349318710272,39447597,410909156422293
140.2108,disk4w,1447560398848,1495270,591099736239
140.2108,disk8,60052890007552,97518808,958610018145260
140.2108,disk8w,4128768,601,984243925
140.2108,ram,360120320,64537559040,279483
140.2108,cpu,14971277,21738540,519446342
140.2108,gpu,58,0,0
140.4108,disk0,906250129309696,2038772911,12656380154632737
140.4108,disk0w,1979538329600,18851488,1162959881884
140.4108,disk5,36414247876608,73297021,599765490109053
140.4108,disk5w,225980416,35966,1254168700
140.4108,disk4,39349846668288,39448138,410909822071363
140.4108,disk4w,1447560398848,1495270,591099736239
140.4108,disk8,60054075635712,97520604,958618623421600
140.4108,disk8w,4128768,601,984243925
140.4108,ram,360120320,64537559040,279483
140.4108,cpu,14971277,21738540,519446342
140.4108,gpu,30,4,0
140.6055,disk0,906252316557312,2038776619,12656389503019152
140.6055,disk0w,1979538329600,18851488,1162959881884
140.6055,disk5,36415002793984,73298569,599772128536399
140.6055,disk5w,225980416,35966,1254168700
140.6055,disk4,39350302274560,39448605,410910367958538
140.6055,disk4w,1447560398848,1495270,591099736239
140.6055,disk8,60055325505536,97522073,958627743647028
140.6055,disk8w,4128768,601,984243925
140.6055,ram,360120320,64537559040,279483
140.6055,cpu,14971277,21738540,519446342
140.6055,gpu,38,0,0
140.8108,disk0,906254592753664,2038780976,12656400155219898
140.8108,disk0w,1979538329600,18851488,1162959881884
140.8108,disk5,36415957825536,73300524,599779483808704
140.8108,disk5w,225980416,35966,1254168700
140.8108,disk4,39350837965824,39449154,410911049506654
140.8108,disk4w,1447560398848,1495270,591099736239
140.8108,disk8,60056681199616,97523926,958636713133708
140.8108,disk8w,4128768,601,984243925
140.8108,ram,398376960,64680230912,279483
140.8108,cpu,14971294,21738646,519447790
140.8108,gpu,0,0,0
141.0108,disk0,906256479961088,2038785073,12656408079364223
141.0108,disk0w,1979538329600,18851488,1162959881884
141.0108,disk5,36416669399040,73301956,599785886502049
141.0108,disk5w,225980416,35966,1254168700
141.0108,disk4,39351441421312,39449772,410911841547985
141.0108,disk4w,1447560398848,1495270,591099736239
141.0108,disk8,60058007828480,97525886,958649162743177
141.0108,disk8w,4128768,601,984243925
141.0108,ram,398376960,64680230912,279483
141.0108,cpu,14971294,21738646,519447790
141.0108,gpu,27,0,0
141.2108,disk0,906258675515392,2038789818,12656422877399244
141.2108,disk0w,1979538329600,18851488,1162959881884
141.2108,disk5,36417425520640,73303428,599789931051975
141.2108,disk5w,225980416,35966,1254168700
141.2108,disk4,39351944475648,39450288,410912505789653
141.2108,disk4w,1447560398848,1495270,591099736239
141.2108,disk8,60059311863808,97528280,958663422201385
141.2108,disk8w,4128768,601,984243925
141.2108,ram,398376960,64680230912,279483
141.2108,cpu,14971294,21738646,519447790
141.2108,gpu,34,0,0
141.4018,disk0,906260447592448,2038793958,12656433840487331
141.4018,disk0w,1979538329600,18851488,1162959881884
141.4018,disk5,36418222340096,73305004,599794716202566
141.4018,disk5w,225980416,35966,1254168700
141.4018,disk4,39352383566848,39450738,410912998703837
141.4018,disk4w,1447560398848,1495270,591099736239
141.4018,disk8,60060565207040,97530325,958676939602957
141.4018,disk8w,4128768,601,984243925
141.4018,ram,398376960,64680230912,279483
141.4018,cpu,14971294,21738646,519447790
141.4018,gpu,29,2,0
141.6104,disk0,906262643613696,2038806327,12656452886299071
141.6104,disk0w,1979538329600,18851488,1162959881884
141.6104,disk5,36418890184704,73306324,599798686641958
141.6104,disk5w,225980416,35966,1254168700
141.6104,disk4,39352928039936,39451296,410913769182646
141.6104,disk4w,1447560398848,1495270,591099736239
141.6104,disk8,60061845387264,97532752,958689762736003
141.6104,disk8w,4128768,601,984243925
141.6104,ram,398376960,64680230912,279483
141.6104,cpu,14971294,21738646,519447790
141.6104,gpu,36,0,0
141.8020,disk0,906264161140736,2038809412,12656462202357603
141.8020,disk0w,1979538329600,18851488,1162959881884
141.8020,disk5,36419468343296,73307507,599804518432401
141.8020,disk5w,225980416,35966,1254168700
141.8020,disk4,39353393427456,39451773,410914898484408
141.8020,disk4w,1447560398848,1495270,591099736239
141.8020,disk8,60062858573824,97534329,958698158554431
141.8020,disk8w,4128768,601,984243925
141.8020,ram,400687104,64221298688,279483
141.8020,cpu,14971309,21738756,519449518
141.8020,gpu,24,0,0
142.0108,disk0,906266548895744,2038819710,12656482601276421
142.0108,disk0w,1979538329600,18851488,1162959881884
142.0108,disk5,36420213962752,73309036,599810588342321
142.0108,disk5w,225980416,35966,1254168700
142.0108,disk4,39353990591488,39452385,410915719827327
142.0108,disk4w,1447560398848,1495270,591099736239
142.0108,disk8,60064031848448,97535756,958703023556203
142.0108,disk8w,4128768,601,984243925
142.0108,ram,400687104,64221298688,279483
142.0108,cpu,14971309,21738756,519449518
142.0108,gpu,27,0,0
142.2108,disk0,906268897914880,2038824227,12656496248505044
142.2108,disk0w,1979538329600,18851488,1162959881884
142.2108,disk5,36421038684160,73310728,599817996367748
142.2108,disk5w,225980416,35966,1254168700
142.2108,disk4,39354552628224,39452961,410916410342427
142.2108,disk4w,1447560398848,1495270,591099736239
142.2108,disk8,60065256798208,97537416,958709864661304
142.2108,disk8w,4128768,601,984243925
142.2108,ram,400687104,64221298688,279483
142.2108,cpu,14971309,21738756,519449518
142.2108,gpu,40,0,0
142.4046,disk0,906271022903296,2038828743,12656506514813611
142.4046,disk0w,1979538329600,18851488,1162959881884
142.4046,disk5,36421835143168,73312361,599825345320990
142.4046,disk5w,225980416,35966,1254168700
142.4046,disk4,39355158574080,39453582,410917275716345
142.4046,disk4w,1447560398848,1495270,591099736239
142.4046,disk8,60066532849664,97539317,958719307112939
142.4046,disk8w,4128768,601,984243925
142.4046,ram,400687104,64221298688,279483
142.4046,cpu,14971309,21738756,519449518
142.4046,gpu,35,0,0
142.6055,disk0,906273264513024,2038833395,12656522165299090
142.6055,disk0w,1979538329600,18851488,1162959881884
142.6055,disk5,36422583515136,73313822,599830070464709
142.6055,disk5w,225980416,35966,1254168700
142.6055,disk4,39355685483520,39454122,410917896963958
142.6055,disk4w,1447560398848,1495270,591099736239
142.6055,disk8,60067808212992,97541459,958730916556337
142.6055,disk8w,4128768,601,984243925
142.6055,ram,400687104,64221298688,279483
142.6055,cpu,14971309,21738756,519449518
142.6055,gpu,34,0,0
142.8049,disk0,906275668324352,2038838736,12656540382711758
142.8049,disk0w,1979538329600,18851488,1162959881884
142.8049,disk5,36423328610304,73315288,599835327154389
142.8049,disk5w,225980416,35966,1254168700
142.8049,disk4,39356089447424,39454536,410918346082945
142.8049,disk4w,1447560398848,1495270,591099736239
142.8049,disk8,60069038340096,97543714,958740848789678
142.8049,disk8w,4128768,601,984243925
142.8049,ram,401244160,64557449216,279483
142.8049,cpu,14971335,21738889,519451212
142.8049,gpu,32,0,0
143.0108,disk0,906277747437568,2038849066,12656560385672093
143.0108,disk0w,1979538329600,18851488,1162959881884
143.0108,disk5,36424032876544,73316681,599841030308080
143.0108,disk5w,225980416,35966,1254168700
143.0108,disk4,39356563665920,39455022,410918969042618
143.0108,disk4w,1447560398848,1495270,591099736239
143.0108,disk8,60070280329216,97545731,958751615359980
143.0108,disk8w,4128768,601,984243925
143.0108,ram,401244160,64557449216,279483
143.0108,cpu,14971335,21738889,519451212
143.0108,gpu,22,0,0
143.2108,disk0,906279642361856,2038852524,12656573196859459
143.2108,disk0w,1979538329600,18851488,1162959881884
143.2108,disk5,36424662202368,73317941,599845614226161
143.2108,disk5w,225980416,35966,1254168700
143.2108,disk4,39357055398912,39455526,410920074707627
143.2108,disk4w,1447560398848,1495270,591099736239
143.2108,disk8,60071251195904,97547496,958761660940174
143.2108,disk8w,4128768,601,984243925
143.2108,ram,401244160,64557449216,279483
143.2108,cpu,14971335,21738889,519451212
143.2108,gpu,39,0,0
143.4108,disk0,906282178801664,2038862692,12656597164057498
143.4108,disk0w,1979538329600,18851488,1162959881884
143.4108,disk5,36425346545664,73319344,599849104601648
143.4108,disk5w,225980416,35966,1254168700
143.4108,disk4,39357710496768,39456197,410920981904807
143.4108,disk4w,1447560398848,1495270,591099736239
143.4108,disk8,60072346286080,97549013,958766346071913
143.4108,disk8w,4128768,601,984243925
143.4108,ram,401244160,64557449216,279483
143.4108,cpu,14971335,21738889,519451212
143.4108,gpu,27,0,0
143.6108,disk0,906284270776320,2038866234,12656604752520015
143.6108,disk0w,1979538329600,18851488,1162959881884
143.6108,disk5,36425978247168,73320638,599853583398968
143.6108,disk5w,225980416,35966,1254168700
143.6108,disk4,39358232163328,39456732,410921759701457
143.6108,disk4w,1447560398848,1495270,591099736239
143.6108,disk8,60073712793600,97550752,958777756588461
143.6108,disk8w,4128768,601,984243925
143.6108,ram,401244160,64557449216,279483
143.6108,cpu,14971335,21738889,519451212
143.6108,gpu,0,0,0
143.8057,disk0,906286197002240,2038870036,12656613063410032
143.8057,disk0w,1979538337792,18851490,1162959933884
143.8057,disk5,36426689968128,73322095,599858669236368
143.8057,disk5w,225980416,35966,1254168700
143.8057,disk4,39358846891008,39457362,410922615355794
143.8057,disk4w,1447560398848,1495270,591099736239
143.8057,disk8,60075032885248,97552632,958789970035882
143.8057,disk8w,4128768,601,984243925
143.8057,ram,399130624,64698220544,279483
143.8057,cpu,14971351,21739001,519452935
143.8057,gpu,28,0,0
144.0108,disk0,906288609554432,2038875407,12656627248635206
144.0108,disk0w,1979538337792,18851490,1162959933884
144.0108,disk5,36427250432000,73323221,599862298020237
144.0108,disk5w,225980416,35966,1254168700
144.0108,disk4,39359444055040,39457974,410923327443499
144.0108,disk4w,1447560398848,1495270,591099736239
144.0108,disk8,60076422084608,97554794,958802957845511
144.0108,disk8w,4128768,601,984243925
144.0108,ram,399130624,64698220544,279483
144.0108,cpu,14971351,21739001,519452935
144.0108,gpu,0,0,0
144.2108,disk0,906290916179968,2038880456,12656640896668144
144.2108,disk0w,1979538337792,18851490,1162959933884
144.2108,disk5,36427912656896,73324514,599865341056542
144.2108,disk5w,225980416,35966,1254168700
144.2108,disk4,39360067564544,39458613,410924244063497
144.2108,disk4w,1447560398848,1495270,591099736239
144.2108,disk8,60077776599040,97557314,958820283694121
144.2108,disk8w,4128768,601,984243925
144.2108,ram,399130624,64698220544,279483
144.2108,cpu,14971351,21739001,519452935
144.2108,gpu,26,0,0
144.4108,disk0,906292964442112,2038890309,12656659753857014
144.4108,disk0w,1979538337792,18851490,1162959933884
144.4108,disk5,36428733184000,73326134,599872773934938
144.4108,disk5w,225980416,35966,1254168700
144.4108,disk4,39360568128512,39459126,410924933337661
144.4108,disk4w,1447560398848,1495270,591099736239
144.4108,disk8,60079071049728,97559623,958831558031441
144.4108,disk8w,4128768,601,984243925
144.4108,ram,399130624,64698220544,279483
144.4108,cpu,14971351,21739001,519452935
144.4108,gpu,35,5,0
144.6073,disk0,906295038337024,2038895106,12656670943365888
144.6073,disk0w,1979538337792,18851490,1162959933884
144.6073,disk5,36429347338240,73327357,599876044396370
144.6073,disk5w,225980416,35966,1254168700
144.6073,disk4,39361121383424,39459693,410925629633680
144.6073,disk4w,1447560398848,1495270,591099736239
144.6073,disk8,60080328390656,97562022,958846639880605
144.6073,disk8w,4128768,601,984243925
144.6073,ram,399130624,64698220544,279483
144.6073,cpu,14971351,21739001,519452935
144.6073,gpu,38,0,0
144.8078,disk0,906296775974912,2038904480,12656686733401355
144.8078,disk0w,1979538337792,18851490,1162959933884
144.8078,disk5,36430010226688,73328714,599882243252704
144.8078,disk5w,225980416,35966,1254168700
144.8078,disk4,39361727263744,39460314,410927041258062
144.8078,disk4w,1447560398848,1495270,591099736239
144.8078,disk8,60081333483520,97563507,958853445124057
144.8078,disk8w,4128768,601,984243925
144.8078,ram,396279808,64712310784,279483
144.8078,cpu,14971372,21739117,519454654
144.8078,gpu,25,0,0
145.0108,disk0,906299243933696,2038908770,12656701049740230
145.0108,disk0w,1979538337792,18851490,1162959933884
145.0108,disk5,36430748260352,73330227,599887100402861
145.0108,disk5w,225980416,35966,1254168700
145.0108,disk4,39362324427776,39460926,410927777352151
145.0108,disk4w,1447560398848,1495270,591099736239
145.0108,disk8,60082625230848,97565024,958860686083582
145.0108,disk8w,4128768,601,984243925
145.0108,ram,396279808,64712310784,279483
145.0108,cpu,14971372,21739117,519454654
145.0108,gpu,30,0,0
145.2108,disk0,906301214322688,2038912698,12656709141783295
145.2108,disk0w,1979538337792,18851490,1162959933884
145.2108,disk5,36431628482560,73332032,599893581857755
145.2108,disk5w,225980416,35966,1254168700
145.2108,disk4,39362781082624,39461394,410928349155294
145.2108,disk4w,1447560398848,1495270,591099736239
145.2108,disk8,60084030584832,97566871,958871778599741
145.2108,disk8w,4128768,601,984243925
145.2108,ram,396279808,64712310784,279483
145.2108,cpu,14971372,21739117,519454654
145.2108,gpu,33,0,0
145.4092,disk0,906303086104576,2038916534,12656715247415533
145.4092,disk0w,1979538337792,18851490,1162959933884
145.4092,disk5,36432383014912,73333578,599902816900375
145.4092,disk5w,225980416,35966,1254168700
145.4092,disk4,39363272864768,39461898,410928915957380
145.4092,disk4w,1447560398848,1495270,591099736239
145.4092,disk8,60085313353728,97568642,958883063707396
145.4092,disk8w,4128768,601,984243925
145.4092,ram,396279808,64712310784,279483
145.4092,cpu,14971372,21739117,519454654
145.4092,gpu,48,2,0
145.6108,disk0,906305311215616,2038921036,12656727729604924
145.6108,disk0w,1979538337792,18851490,1162959933884
145.6108,disk5,36433031362560,73334838,599905912154005
145.6108,disk5w,225980416,35966,1254168700
145.6108,disk4,39363852465152,39462492,410929577618684
145.6108,disk4w,1447560398848,1495270,591099736239
145.6108,disk8,60086729783296,97571151,958898773926406
145.6108,disk8w,4128768,601,984243925
145.6108,ram,396279808,64712310784,279483
145.6108,cpu,14971372,21739117,519454654
145.6108,gpu,0,0,0
145.8076,disk0,906307333017600,2038925610,12656737241239604
145.8076,disk0w,1979538337792,18851490,1162959933884
145.8076,disk5,36433873909760,73336496,599911876510206
145.8076,disk5w,225980416,35966,1254168700
145.8076,disk4,39364458411008,39463113,410930278283056
145.8076,disk4w,1447560398848,1495270,591099736239
145.8076,disk8,60088005261312,97573592,958913932653517
145.8076,disk8w,4128768,601,984243925
145.8076,ram,394330112,64590397440,279483
145.8076,cpu,14971387,21739216,519456360
145.8076,gpu,36,0,0
146.0108,disk0,906309376192512,2038936038,12656754221554987
146.0108,disk0w,1979538337792,18851490,1162959933884
146.0108,disk5,36434506233856,73337747,599916602613504
146.0108,disk5w,225980416,35966,1254168700
146.0108,disk4,39365011665920,39463680,410930966565865
146.0108,disk4w,1447560398848,1495270,591099736239
146.0108,disk8,60089189447680,97575504,958925823582592
146.0108,disk8w,4128768,601,984243925
146.0108,ram,396394496,63740821504,279483
146.0108,cpu,14971387,21739219,519456390
146.0108,gpu,0,0,0
146.2108,disk0,906311270977536,2038939344,12656766894895586
146.2108,disk0w,1979538337792,18851490,1162959933884
146.2108,disk5,36435093690368,73338924,599920750272821
146.2108,disk5w,225980416,35966,1254168700
146.2108,disk4,39365643842560,39464328,410933065387638
146.2108,disk4w,1447560398848,1495270,591099736239
146.2108,disk8,60090162722816,97577364,958935548399399
146.2108,disk8w,4128768,601,984243925
146.2108,ram,396394496,63740821504,279483
146.2108,cpu,14971387,21739219,519456390
146.2108,gpu,58,0,0
146.4108,disk0,906313321795584,2038946506,12656783757315796
146.4108,disk0w,1979538337792,18851490,1162959933884
146.4108,disk5,36435673135104,73340113,599923848375694
146.4108,disk5w,225980416,35966,1254168700
146.4108,disk4,39366179533824,39464877,410933700167965
146.4108,disk4w,1447560398848,1495270,591099736239
146.4108,disk8,60091467610112,97579291,958947459544338
146.4108,disk8w,4128768,601,984243925
146.4108,ram,396394496,63740821504,279483
146.4108,cpu,14971387,21739219,519456390
146.4108,gpu,28,3,0
146.6108,disk0,906315364585472,2038950040,12656790839898318
146.6108,disk0w,1979538337792,18851490,1162959933884
146.6108,disk5,36436502435840,73341812,599933166308263
146.6108,disk5w,225980416,35966,1254168700
146.6108,disk4,39366813922304,39465527,410934558447502
146.6108,disk4w,1447560398848,1495270,591099736239
146.6108,disk8,60092781246464,97580901,958956340641257
146.6108,disk8w,4128768,601,984243925
146.6108,ram,396394496,63740821504,279483
146.6108,cpu,14971387,21739219,519456390
146.6108,gpu,23,0,0
146.8069,disk0,906317207670784,2038953647,12656798386764501
146.8069,disk0w,1979538337792,18851490,1162959933884
146.8069,disk5,36437164652544,73343171,599938093966935
146.8069,disk5w,225980416,35966,1254168700
146.8069,disk4,39367426552832,39466155,410935373695162
146.8069,disk4w,1447560398848,1495270,591099736239
146.8069,disk8,60094139824128,97582854,958969960329818
146.8069,disk8w,4128768,601,984243925
146.8069,ram,396394496,63740821504,279483
146.8069,cpu,14971387,21739219,519456390
146.8069,gpu,0,0,0
147.0108,disk0,906319654305792,2038958706,12656812238118766
147.0108,disk0w,1979538337792,18851490,1162959933884
147.0108,disk5,36437802137600,73344455,599942012339679
147.0108,disk5w,225980416,35966,1254168700
147.0108,disk4,39367978365952,39466720,410936140325522
147.0108,disk4w,1447560398848,1495270,591099736239
147.0108,disk8,60095430178816,97584762,958980032304888
147.0108,disk8w,4128768,601,984243925
147.0108,ram,398934016,64699777024,279483
147.0108,cpu,14971404,21739326,519458123
147.0108,gpu,29,0,0
147.2108,disk0,906321917591552,2038963637,12656828102171721
147.2108,disk0w,1979538337792,18851490,1162959933884
147.2108,disk5,36438585219072,73345987,599946668684782
147.2108,disk5w,225980416,35966,1254168700
147.2108,disk4,39368585753600,39467343,410936903236225
147.2108,disk4w,1447560398848,1495270,591099736239
147.2108,disk8,60096719878144,97587016,958992357606402
147.2108,disk8w,4128768,601,984243925
147.2108,ram,398934016,64699777024,279483
147.2108,cpu,14971404,21739326,519458123
147.2108,gpu,0,0,0
147.4055,disk0,906323849854976,2038968624,12656839498709849
147.4055,disk0w,1979538337792,18851490,1162959933884
147.4055,disk5,36439454578688,73347702,599954020962768
147.4055,disk5w,225980416,35966,1254168700
147.4055,disk4,39369117905920,39467888,410937583828213
147.4055,disk4w,1447560398848,1495270,591099736239
147.4055,disk8,60097967093760,97589159,959004164559936
147.4055,disk8w,4128768,601,984243925
147.4055,ram,398934016,64699777024,279483
147.4055,cpu,14971404,21739326,519458123
147.4055,gpu,42,2,0
147.6103,disk0,906326049878016,2038974767,12656853143538352
147.6103,disk0w,1979538337792,18851490,1162959933884
147.6103,disk5,36440263342080,73349307,599959535498725
147.6103,disk5w,225980416,35966,1254168700
147.6103,disk4,39369665917952,39468450,410938275525281
147.6103,disk4w,1447560398848,1495270,591099736239
147.6103,disk8,60099349510144,97591837,959018641729291
147.6103,disk8w,4128768,601,984243925
147.6103,ram,398934016,64699777024,279483
147.6103,cpu,14971404,21739326,519458123
147.6103,gpu,45,0,0
147.8055,disk0,906327358464000,2038977734,12656871590340031
147.8055,disk0w,1979538337792,18851490,1162959933884
147.8055,disk5,36440684984320,73350169,599962188249737
147.8055,disk5w,225980416,35966,1254168700
147.8055,disk4,39370052285440,39468846,410938843827733
147.8055,disk4w,1447560398848,1495270,591099736239
147.8055,disk8,60100202346496,97593228,959026968891122
147.8055,disk8w,4128768,601,984243925
147.8055,ram,398934016,64699777024,279483
147.8055,cpu,14971404,21739326,519458123
147.8055,gpu,0,0,0
148.0108,disk0,906328242601984,2038982310,12656907681467839
148.0108,disk0w,1979538337792,18851490,1162959933884
148.0108,disk5,36441121568768,73351064,599966558935487
148.0108,disk5w,225980416,35966,1254168700
148.0108,disk4,39370280612864,39469080,410939134171902
148.0108,disk4w,1447560398848,1495270,591099736239
148.0108,disk8,60100706940928,97593964,959028891361259
148.0108,disk8w,4128768,601,984243925
148.0108,ram,396935168,64593215488,279483
148.0108,cpu,14971431,21739455,519459820
148.0108,gpu,0,0,0
148.2108,disk0,906330262568960,2038985647,12656927644865895
148.2108,disk0w,1979538337792,18851490,1162959933884
148.2108,disk5,36441726957568,73352305,599971715846288
148.2108,disk5w,225980416,35966,1254168700
148.2108,disk4,39370754831360,39469566,410939652169165
148.2108,disk4w,1447560398848,1495270,591099736239
148.2108,disk8,60101742639104,97595197,959033035560072
148.2108,disk8w,4128768,601,984243925
148.2108,ram,396935168,64593215488,279483
148.2108,cpu,14971431,21739455,519459820
148.2108,gpu,0,0,0
148.4108,disk0,906332010545152,2038989065,12656945741919705
148.4108,disk0w,1979538337792,18851490,1162959933884
148.4108,disk5,36442397423616,73353679,599975464605409
148.4108,disk5w,225980416,35966,1254168700
148.4108,disk4,39371211486208,39470034,410940156833918
148.4108,disk4w,1447560398848,1495270,591099736239
148.4108,disk8,60102968653824,97596803,959040904791217
148.4108,disk8w,4128768,601,984243925
148.4108,ram,396935168,64593215488,279483
148.4108,cpu,14971431,21739455,519459820
148.4108,gpu,0,0,0
148.6030,disk0,906333867032576,2038992750,12656968981745173
148.6030,disk0w,1979538337792,18851490,1162959933884
148.6030,disk5,36442966276096,73354845,599979237421559
148.6030,disk5w,225980416,35966,1254168700
148.6030,disk4,39371580322816,39470412,410940574506793
148.6030,disk4w,1447560398848,1495270,591099736239
148.6030,disk8,60103917500416,97598128,959045942414244
148.6030,disk8w,4128768,601,984243925
148.6030,ram,396935168,64593215488,279483
148.6030,cpu,14971431,21739455,519459820
148.6030,gpu,25,0,0
148.8022,disk0,906335631360000,2038996375,12656987978409214
148.8022,disk0w,1979538337792,18851490,1162959933884
148.8022,disk5,36443402336256,73355694,599981291559597
148.8022,disk5w,225980416,35966,1254168700
148.8022,disk4,39372036977664,39470880,410941099252009
148.8022,disk4w,1447560398848,1495270,591099736239
148.8022,disk8,60105148954624,97600108,959057060604345
148.8022,disk8w,4128768,601,984243925
148.8022,ram,396935168,64593215488,279483
148.8022,cpu,14971431,21739455,519459820
148.8022,gpu,0,0,0
149.0108,disk0,906337453678592,2039000304,12657014641008699
149.0108,disk0w,1979538337792,18851490,1162959933884
149.0108,disk5,36444008101888,73356875,599984622406974
149.0108,disk5w,225980416,35966,1254168700
149.0108,disk4,39372460602368,39471314,410941512122178
149.0108,disk4w,1447560398848,1495270,591099736239
149.0108,disk8,60106229790720,97601934,959065561631061
149.0108,disk8w,4128768,601,984243925
149.0108,ram,400818176,63196348416,279483
149.0108,cpu,14971446,21739542,519461575
149.0108,gpu,31,0,0
149.2009,disk0,906339000942592,2039003821,12657037306082026
149.2009,disk0w,1979538337792,18851490,1162959933884
149.2009,disk5,36444796958720,73358433,599991527983950
149.2009,disk5w,225980416,35966,1254168700
149.2009,disk4,39372906378240,39471771,410941995116559
149.2009,disk4w,1447560398848,1495270,591099736239
149.2009,disk8,60107281545216,97603705,959071234087002
149.2009,disk8w,4128768,601,984243925
149.2009,ram,400998400,63196348416,279483
149.2009,cpu,14971446,21739542,519461575
149.2009,gpu,24,0,0
149.4108,disk0,906340394029056,2039009306,12657077338639761
149.4108,disk0w,1979538337792,18851490,1162959933884
149.4108,disk5,36445225154560,73359279,599993416243630
149.4108,disk5w,225980416,35966,1254168700
149.4108,disk4,39373256209408,39472129,410942452866823
149.4108,disk4w,1447560398848,1495270,591099736239
149.4108,disk8,60108014925824,97605031,959075895469210
149.4108,disk8w,4128768,601,984243925
149.4108,ram,400998400,63196348416,279483
149.4108,cpu,14971446,21739542,519461575
149.4108,gpu,13,1,0
149.6016,disk0,906342410637312,2039013059,12657087837616897
149.6016,disk0w,1979538337792,18851490,1162959933884
149.6016,disk5,36445797922816,73360416,599996700994409
149.6016,disk5w,225980416,35966,1254168700
149.6016,disk4,39373749433344,39472635,410943145545280
149.6016,disk4w,1447560398848,1495270,591099736239
149.6016,disk8,60109171931136,97607300,959088734709475
149.6016,disk8w,4128768,601,984243925
149.6016,ram,400998400,63196348416,279483
149.6016,cpu,14971446,21739542,519461575
149.6016,gpu,31,0,0
149.8044,disk0,906344432504832,2039017533,12657101770740029
149.8044,disk0w,1979543203840,18851744,1162964824719
149.8044,disk5,36446438406144,73361729,600000864310428
149.8044,disk5w,225980416,35966,1254168700
149.8044,disk4,39374241149952,39473139,410944085982153
149.8044,disk4w,1447560398848,1495270,591099736239
149.8044,disk8,60110382528512,97609022,959100081350647
149.8044,disk8w,4128768,601,984243925
149.8044,ram,400998400,63196348416,279483
149.8044,cpu,14971446,21739542,519461575
149.8044,gpu,21,0,0
150.0108,disk0,906346949238784,2039021916,12657115369915068
150.0108,disk0w,1979543203840,18851744,1162964824719
150.0108,disk5,36447298222080,73363491,600008371321767
150.0108,disk5w,225980416,35966,1254168700
150.0108,disk4,39374926132224,39473841,410944887427007
150.0108,disk4w,1447560398848,1495270,591099736239
150.0108,disk8,60111614752768,97610526,959106171629935
150.0108,disk8w,4128768,601,984243925
150.0108,ram,394412032,65047576576,279483
150.0108,cpu,14971468,21739653,519463299
150.0108,gpu,0,0,0
150.2108,disk0,906348936339456,2039025928,12657123077821110
150.2108,disk0w,1979543203840,18851744,1162964824719
150.2108,disk5,36447987038208,73364899,600012235714306
150.2108,disk5w,225980416,35966,1254168700
150.2108,disk4,39375496950784,39474426,410945589091773
150.2108,disk4w,1447560398848,1495270,591099736239
150.2108,disk8,60113029560320,97612559,959120567450342
150.2108,disk8w,4128768,601,984243925
150.2108,ram,394412032,65047576576,279483
150.2108,cpu,14971468,21739653,519463299
150.2108,gpu,37,0,0
150.4104,disk0,906351102754816,2039030454,12657134925616885
150.4104,disk0w,1979543203840,18851744,1162964824719
150.4104,disk5,36448740767744,73366424,600017787248803
150.4104,disk5w,225980416,35966,1254168700
150.4104,disk4,39375944823808,39474885,410946136086204
150.4104,disk4w,1447560398848,1495270,591099736239
150.4104,disk8,60114306873344,97614414,959131718394576
150.4104,disk8w,4128768,601,984243925
150.4104,ram,394412032,65047576576,279483
150.4104,cpu,14971468,21739653,519463299
150.4104,gpu,23,0,0
150.6108,disk0,906353436274688,2039035527,12657150567178498
150.6108,disk0w,1979543203840,18851744,1162964824719
150.6108,disk5,36449387919360,73367686,600022251126508
150.6108,disk5w,225980416,35966,1254168700
150.6108,disk4,39376594678784,39475551,410946947897315
150.6108,disk4w,1447560398848,1495270,591099736239
150.6108,disk8,60115624392704,97616663,959143629160066
150.6108,disk8w,4128768,601,984243925
150.6108,ram,394412032,65047576576,279483
150.6108,cpu,14971468,21739653,519463299
150.6108,gpu,28,0,0
150.8108,disk0,906355383152640,2039040042,12657159455223120
150.8108,disk0w,1979543203840,18851744,1162964824719
150.8108,disk5,36450456729600,73369792,600033456009149
150.8108,disk5w,225980416,35966,1254168700
150.8108,disk4,39377130370048,39476100,410947545844630
150.8108,disk4w,1447560398848,1495270,591099736239
150.8108,disk8,60116887844864,97618825,959154132637483
150.8108,disk8w,4128768,601,984243925
150.8108,ram,394412032,65047576576,279483
150.8108,cpu,14971468,21739653,519463299
150.8108,gpu,0,0,0
151.0072,disk0,906357730643968,2039046107,12657176805385560
151.0072,disk0w,1979543203840,18851744,1162964824719
151.0072,disk5,36451009132544,73370883,600036103754957
151.0072,disk5w,225980416,35966,1254168700
151.0072,disk4,39377683624960,39476667,410948234232912
151.0072,disk4w,1447560398848,1495270,591099736239
151.0072,disk8,60118034905088,97621078,959165369644110
151.0072,disk8w,4128768,601,984243925
151.0072,ram,400310272,63530270720,279483
151.0072,cpu,14971490,21739760,519464991
151.0072,gpu,24,0,0
151.2108,disk0,906359628431360,2039051722,12657188025155716
151.2108,disk0w,1979543203840,18851744,1162964824719
151.2108,disk5,36451755227136,73372407,600042338968617
151.2108,disk5w,225980416,35966,1254168700
151.2108,disk4,39378280690688,39477279,410949867940629
151.2108,disk4w,1447560398848,1495270,591099736239
151.2108,disk8,60119132846080,97622985,959176658893076
151.2108,disk8w,4128768,601,984243925
151.2108,ram,399147008,63563825152,279483
151.2108,cpu,14971493,21739771,519465150
151.2108,gpu,32,0,0
151.4055,disk0,906361886134272,2039055549,12657200794531067
151.4055,disk0w,1979543203840,18851744,1162964824719
151.4055,disk5,36452344117248,73373615,600045828077879
151.4055,disk5w,225980416,35966,1254168700
151.4055,disk4,39378790036480,39477801,410950480583206
151.4055,disk4w,1447560398848,1495270,591099736239
151.4055,disk8,60120329877504,97624425,959184907258572
151.4055,disk8w,4128768,601,984243925
151.4055,ram,399147008,63563825152,279483
151.4055,cpu,14971493,21739771,519465150
151.4055,gpu,0,0,0
151.6108,disk0,906364201734144,2039060333,12657214876831807
151.6108,disk0w,1979543203840,18851744,1162964824719
151.6108,disk5,36453030131712,73375021,600050043504601
151.6108,disk5w,225980416,35966,1254168700
151.6108,disk4,39379344339968,39478369,410951057756692
151.6108,disk4w,1447560398848,1495270,591099736239
151.6108,disk8,60121654491136,97626137,959195782983765
151.6108,disk8w,4128768,601,984243925
151.6108,ram,399147008,63563825152,279483
151.6108,cpu,14971493,21739771,519465150
151.6108,gpu,28,0,0
151.8065,disk0,906366365093888,2039064827,12657226563523192
151.8065,disk0w,1979543203840,18851744,1162964824719
151.8065,disk5,36453764397056,73376525,600055247753565
151.8065,disk5w,225980416,35966,1254168700
151.8065,disk4,39379826291712,39478863,410951657540695
151.8065,disk4w,1447560398848,1495270,591099736239
151.8065,disk8,60122861697024,97627950,959207231680862
151.8065,disk8w,4128768,601,984243925
151.8065,ram,399147008,63563825152,279483
151.8065,cpu,14971493,21739771,519465150
151.8065,gpu,40,0,0
152.0108,disk0,906368947036160,2039070259,12657246651886534
152.0108,disk0w,1979543203840,18851744,1162964824719
152.0108,disk5,36454489077760,73377929,600058656294305
152.0108,disk5w,225980416,35966,1254168700
152.0108,disk4,39380386231296,39479437,410952480921218
152.0108,disk4w,1447560398848,1495270,591099736239
152.0108,disk8,60124100622336,97630062,959216098436781
152.0108,disk8w,4128768,601,984243925
152.0108,ram,386252800,64994426880,279483
152.0108,cpu,14971509,21739860,519466661
152.0108,gpu,0,0,0
152.2109,disk0,906370824482816,2039074614,12657256976128626
152.2109,disk0w,1979543203840,18851744,1162964824719
152.2109,disk5,36455416461312,73379761,600067996424491
152.2109,disk5w,225980416,35966,1254168700
152.2109,disk4,39380836201472,39479898,410953100102059
152.2109,disk4w,1447560398848,1495270,591099736239
152.2109,disk8,60125207132160,97632003,959224729631087
152.2109,disk8w,4128768,601,984243925
152.2109,ram,387137536,65061502976,279483
152.2109,cpu,14971511,21739865,519466757
152.2109,gpu,58,0,0
152.4108,disk0,906372974452736,2039081850,12657271253003202
152.4108,disk0w,1979543203840,18851744,1162964824719
152.4108,disk5,36456159606784,73381229,600072749478890
152.4108,disk5w,225980416,35966,1254168700
152.4108,disk4,39381450929152,39480528,410953914067471
152.4108,disk4w,1447560398848,1495270,591099736239
152.4108,disk8,60126506399744,97634348,959237546216581
152.4108,disk8w,4128768,601,984243925
152.4108,ram,387137536,65061502976,279483
152.4108,cpu,14971511,21739865,519466757
152.4108,gpu,43,2,0
152.6108,disk0,906374860664832,2039085475,12657282277049161
152.6108,disk0w,1979543203840,18851744,1162964824719
152.6108,disk5,36456826402816,73382582,600080571551062
152.6108,disk5w,225980416,35966,1254168700
152.6108,disk4,39381907534848,39480996,410954970489308
152.6108,disk4w,1447560398848,1495270,591099736239
152.6108,disk8,60127510820864,97636214,959245087700086
152.6108,disk8w,4128768,601,984243925
152.6108,ram,387137536,65061502976,279483
152.6108,cpu,14971511,21739865,519466757
152.6108,gpu,36,0,0
152.8108,disk0,906376730411008,2039090424,12657292086571998
152.8108,disk0w,1979543203840,18851744,1162964824719
152.8108,disk5,36457693460480,73384359,600091118516547
152.8108,disk5w,225980416,35966,1254168700
152.8108,disk4,39382434444288,39481536,410955659590840
152.8108,disk4w,1447560398848,1495270,591099736239
152.8108,disk8,60128694761472,97637888,959255269963111
152.8108,disk8w,4128768,601,984243925
152.8108,ram,387137536,65061502976,279483
152.8108,cpu,14971511,21739865,519466757
152.8108,gpu,0,0,0
153.0033,disk0,906378814816256,2039093969,12657300815931456
153.0033,disk0w,1979543203840,18851744,1162964824719
153.0033,disk5,36458528487424,73386070,600097336500509
153.0033,disk5w,225980416,35966,1254168700
153.0033,disk4,39382905123840,39482018,410956204151225
153.0033,disk4w,1447560398848,1495270,591099736239
153.0033,disk8,60129982576640,97639514,959263983349652
153.0033,disk8w,4128768,601,984243925
153.0033,ram,387137536,65061502976,279483
153.0033,cpu,14971511,21739865,519466757
153.0033,gpu,0,0,0
153.2109,disk0,906380997394432,2039098405,12657311626171018
153.2109,disk0w,1979543203840,18851744,1162964824719
153.2109,disk5,36459343534080,73387742,600102840390915
153.2109,disk5w,225980416,35966,1254168700
153.2109,disk4,39383532172288,39482661,410957040752047
153.2109,disk4w,1447560398848,1495270,591099736239
153.2109,disk8,60131366041600,97641490,959276287828890
153.2109,disk8w,4128768,601,984243925
153.2109,ram,388235264,65132904448,279483
153.2109,cpu,14971535,21739991,519468319
153.2109,gpu,0,0,0
153.4062,disk0,906383203454976,2039103201,12657328728986341
153.4062,disk0w,1979544039424,18851897,1162967084462
153.4062,disk5,36459984910336,73389014,600106049391621
153.4062,disk5w,225980416,35966,1254168700
153.4062,disk4,39384006390784,39483147,410957660353756
153.4062,disk4w,1447560398848,1495270,591099736239
153.4062,disk8,60132493555712,97643321,959286639883297
153.4062,disk8w,4128768,601,984243925
153.4062,ram,388235264,65132904448,279483
153.4062,cpu,14971535,21739991,519468319
153.4062,gpu,38,2,0
153.6109,disk0,906385451339776,2039108235,12657341047221363
153.6109,disk0w,1979544039424,18851897,1162967084462
153.6109,disk5,36460828669952,73390669,600112536609406
153.6109,disk5w,225980416,35966,1254168700
153.6109,disk4,39384550863872,39483705,410958292981695
153.6109,disk4w,1447560398848,1495270,591099736239
153.6109,disk8,60133821134848,97645675,959300026752079
153.6109,disk8w,4128768,601,984243925
153.6109,ram,388235264,65132904448,279483
153.6109,cpu,14971535,21739991,519468319
153.6109,gpu,0,0,0
153.8109,disk0,906387295236096,2039112405,12657349543031484
153.8109,disk0w,1979544039424,18851897,1162967084462
153.8109,disk5,36461827373056,73392643,600127757896780
153.8109,disk5w,225980416,35966,1254168700
153.8109,disk4,39385174373376,39484344,410959137706161
153.8109,disk4w,1447560398848,1495270,591099736239
153.8109,disk8,60134919845888,97647617,959307001432217
153.8109,disk8w,4128768,601,984243925
153.8109,ram,388235264,65132904448,279483
153.8109,cpu,14971535,21739991,519468319
153.8109,gpu,26,0,0
154.0109,disk0,906389517578240,2039120544,12657369822718531
154.0109,disk0w,1979544039424,18851897,1162967084462
154.0109,disk5,36462388885504,73393754,600130835905078
154.0109,disk5w,225980416,35966,1254168700
154.0109,disk4,39385710064640,39484893,410959731375770
154.0109,disk4w,1447560398848,1495270,591099736239
154.0109,disk8,60136075458560,97649851,959318278599882
154.0109,disk8w,4128768,601,984243925
154.0109,ram,388235264,65132904448,279483
154.0109,cpu,14971535,21739991,519468319
154.0109,gpu,43,0,0
154.2109,disk0,906391195910144,2039123868,12657379561833565
154.2109,disk0w,1979544039424,18851897,1162967084462
154.2109,disk5,36463283795968,73395574,600143725561323
154.2109,disk5w,225980416,35966,1254168700
154.2109,disk4,39386157904896,39485352,410960322614620
154.2109,disk4w,1447560398848,1495270,591099736239
154.2109,disk8,60137053386752,97651513,959325855086293
154.2109,disk8w,4128768,601,984243925
154.2109,ram,385646592,63557287936,279483
154.2109,cpu,14971555,21740110,519470175
154.2109,gpu,33,0,0
154.4109,disk0,906393353404416,2039127558,12657389114375563
154.4109,disk0w,1979544039424,18851897,1162967084462
154.4109,disk5,36464116389888,73397281,600151620213913
154.4109,disk5w,225980416,35966,1254168700
154.4109,disk4,39386535523328,39485739,410960769060367
154.4109,disk4w,1447560398848,1495270,591099736239
154.4109,disk8,60138191681536,97653022,959334187730331
154.4109,disk8w,4128768,601,984243925
154.4109,ram,385646592,63557287936,279483
154.4109,cpu,14971555,21740110,519470175
154.4109,gpu,46,1,0
154.6109,disk0,906395665006592,2039131806,12657402948893172
154.6109,disk0w,1979544039424,18851897,1162967084462
154.6109,disk5,36464863066112,73398812,600156331768206
154.6109,disk5w,225980416,35966,1254168700
154.6109,disk4,39387159032832,39486378,410961574447274
154.6109,disk4w,1447560398848,1495270,591099736239
154.6109,disk8,60139478284288,97654633,959342427690391
154.6109,disk8w,4128768,601,984243925
154.6109,ram,385646592,63557287936,279483
154.6109,cpu,14971555,21740110,519470175
154.6109,gpu,25,0,0
154.8046,disk0,906397967720448,2039136894,12657417925461440
154.8046,disk0w,1979544039424,18851897,1162967084462
154.8046,disk5,36465600051200,73400322,600160504029880
154.8046,disk5w,225980416,35966,1254168700
154.8046,disk4,39387650814976,39486882,410962198796723
154.8046,disk4w,1447560398848,1495270,591099736239
154.8046,disk8,60140730497024,97656307,959351633286664
154.8046,disk8w,4128768,601,984243925
154.8046,ram,385646592,63557287936,279483
154.8046,cpu,14971555,21740110,519470175
154.8046,gpu,28,0,0
155.0109,disk0,906400112484352,2039141256,12657429765770305
155.0109,disk0w,1979544039424,18851897,1162967084462
155.0109,disk5,36466460915712,73402004,600165708507218
155.0109,disk5w,225980416,35966,1254168700
155.0109,disk4,39388219143168,39487464,410962880076897
155.0109,disk4w,1447560398848,1495270,591099736239
155.0109,disk8,60142032779264,97658452,959364740684736
155.0109,disk8w,4128768,601,984243925
155.0109,ram,385646592,63557287936,279483
155.0109,cpu,14971555,21740110,519470175
155.0109,gpu,30,0,0
155.2109,disk0,906402531426304,2039146596,12657446604034199
155.2109,disk0w,1979544039424,18851897,1162967084462
155.2109,disk5,36467091568640,73403245,600169370572091
155.2109,disk5w,225980416,35966,1254168700
155.2109,disk4,39388827579392,39488088,410963679830202
155.2109,disk4w,1447560398848,1495270,591099736239
155.2109,disk8,60143306995712,97660844,959377731444972
155.2109,disk8w,4128768,601,984243925
155.2109,ram,385597440,63457869824,279483
155.2109,cpu,14971572,21740214,519471909
155.2109,gpu,40,0,0
155.4109,disk0,906404696330240,2039154456,12657463578701954
155.4109,disk0w,1979544039424,18851897,1162967084462
155.4109,disk5,36467806959616,73404651,600177239508404
155.4109,disk5w,225980416,35966,1254168700
155.4109,disk4,39389433525248,39488709,410964558117278
155.4109,disk4w,1447560398848,1495270,591099736239
155.4109,disk8,60144542414848,97662954,959387180911738
155.4109,disk8w,4128768,601,984243925
155.4109,ram,385597440,63457869824,279483
155.4109,cpu,14971572,21740214,519471909
155.4109,gpu,50,0,0
155.6109,disk0,906406820978688,2039158426,12657479365242152
155.6109,disk0w,1979544039424,18851897,1162967084462
155.6109,disk5,36468397406208,73405833,600182400423681
155.6109,disk5w,225980416,35966,1254168700
155.6109,disk4,39389997577216,39489287,410965944520584
155.6109,disk4w,1447560398848,1495270,591099736239
155.6109,disk8,60145445009408,97664725,959394288684690
155.6109,disk8w,4128768,601,984243925
155.6109,ram,385597440,63457869824,279483
155.6109,cpu,14971572,21740214,519471909
155.6109,gpu,0,0,0
155.8109,disk0,906409034260480,2039168199,12657497697695903
155.8109,disk0w,1979544039424,18851897,1162967084462
155.8109,disk5,36469052536832,73407177,600187228064208
155.8109,disk5w,225980416,35966,1254168700
155.8109,disk4,39390517801984,39489820,410966573679582
155.8109,disk4w,1447560398848,1495270,591099736239
155.8109,disk8,60146671925248,97666486,959404418922494
155.8109,disk8w,4128768,601,984243925
155.8109,ram,385597440,63457869824,279483
155.8109,cpu,14971572,21740214,519471909
155.8109,gpu,22,0,0
156.0055,disk0,906411170586624,2039171764,12657509190669541
156.0055,disk0w,1979544039424,18851897,1162967084462
156.0055,disk5,36469671573504,73408443,600192061457652
156.0055,disk5w,225980416,35966,1254168700
156.0055,disk4,39390996608000,39490311,410967117698129
156.0055,disk4w,1447560398848,1495270,591099736239
156.0055,disk8,60147916142592,97667994,959413149242952
156.0055,disk8w,4128768,601,984243925
156.0055,ram,385597440,63457869824,279483
156.0055,cpu,14971572,21740214,519471909
156.0055,gpu,0,0,0
156.2071,disk0,906413056733184,2039175703,12657517281543206
156.2071,disk0w,1979544039424,18851897,1162967084462
156.2071,disk5,36470206232576,73409539,600194896838578
156.2071,disk5w,225980416,35966,1254168700
156.2071,disk4,39391543178240,39490871,410967755127652
156.2071,disk4w,1447560398848,1495270,591099736239
156.2071,disk8,60149340715008,97670090,959430576631884
156.2071,disk8w,4128768,601,984243925
156.2071,ram,395231232,64978288640,279483
156.2071,cpu,14971585,21740310,519473509
156.2071,gpu,0,0,0
156.4109,disk0,906415195557888,2039180194,12657526706767634
156.4109,disk0w,1979544047616,18851899,1162967130003
156.4109,disk5,36470932486144,73411006,600199510284794
156.4109,disk5w,225980416,35966,1254168700
156.4109,disk4,39392024081408,39491364,410968295275271
156.4109,disk4w,1447560398848,1495270,591099736239
156.4109,disk8,60150706993152,97672134,959444966419923
156.4109,disk8w,4128768,601,984243925
156.4109,ram,395231232,64978288640,279483
156.4109,cpu,14971585,21740310,519473509
156.4109,gpu,33,0,0
156.6109,disk0,906417674530816,2039185686,12657545147649355
156.6109,disk0w,1979544047616,18851899,1162967130003
156.6109,disk5,36471728273408,73412557,600203600654162
156.6109,disk5w,225980416,35966,1254168700
156.6109,disk4,39392604730368,39491959,410969026714408
156.6109,disk4w,1447560398848,1495270,591099736239
156.6109,disk8,60151979948032,97674395,959455658718917
156.6109,disk8w,4128768,601,984243925
156.6109,ram,395231232,64978288640,279483
156.6109,cpu,14971585,21740310,519473509
156.6109,gpu,41,0,0
156.8055,disk0,906419618766848,2039191251,12657557351882566
156.8055,disk0w,1979544047616,18851899,1162967130003
156.8055,disk5,36472575113216,73414228,600213640340677
156.8055,disk5w,225980416,35966,1254168700
156.8055,disk4,39393174500352,39492543,410969897878920
156.8055,disk4w,1447560398848,1495270,591099736239
156.8055,disk8,60153118504960,97676367,959464555956367
156.8055,disk8w,4128768,601,984243925
156.8055,ram,395231232,64978288640,279483
156.8055,cpu,14971585,21740310,519473509
156.8055,gpu,0,0,0
157.0109,disk0,906422075142144,2039196850,12657572823539554
157.0109,disk0w,1979544047616,18851899,1162967130003
157.0109,disk5,36473277003776,73415619,600217576334329
157.0109,disk5w,225980416,35966,1254168700
157.0109,disk4,39393771664384,39493155,410970711981058
157.0109,disk4w,1447560398848,1495270,591099736239
157.0109,disk8,60154408581120,97678903,959477241842110
157.0109,disk8w,4128768,601,984243925
157.0109,ram,395231232,64978288640,279483
157.0109,cpu,14971585,21740310,519473509
157.0109,gpu,31,0,0
157.2102,disk0,906424121626624,2039203649,12657585650052700
157.2102,disk0w,1979544047616,18851899,1162967130003
157.2102,disk5,36473977993216,73417053,600221849706504
157.2102,disk5w,225980416,35966,1254168700
157.2102,disk4,39394324870144,39493722,410971640873155
157.2102,disk4w,1447560398848,1495270,591099736239
157.2102,disk8,60155572762624,97680612,959488004510623
157.2102,disk8w,4128768,601,984243925
157.2102,ram,406962176,65126662144,279483
157.2102,cpu,14971604,21740430,519475229
157.2102,gpu,0,0,0
157.4109,disk0,906426553577472,2039207971,12657605442970334
157.4109,disk0w,1979544047616,18851899,1162967130003
157.4109,disk5,36474679359488,73418491,600226695685103
157.4109,disk5w,225980416,35966,1254168700
157.4109,disk4,39394825434112,39494235,410972254827823
157.4109,disk4w,1447560398848,1495270,591099736239
157.4109,disk8,60156566452224,97681771,959492175012649
157.4109,disk8w,4128768,601,984243925
157.4109,ram,406962176,65126662144,279483
157.4109,cpu,14971604,21740430,519475229
157.4109,gpu,34,1,0
157.6109,disk0,906428856688640,2039212498,12657619319452952
157.6109,disk0w,1979544047616,18851899,1162967130003
157.6109,disk5,36475408472064,73419985,600231652882991
157.6109,disk5w,225980416,35966,1254168700
157.6109,disk4,39395325998080,39494748,410972817432656
157.6109,disk4w,1447560398848,1495270,591099736239
157.6109,disk8,60157785749504,97683468,959501207301271
157.6109,disk8w,4128768,601,984243925
157.6109,ram,406962176,65126662144,279483
157.6109,cpu,14971604,21740430,519475229
157.6109,gpu,36,0,0
157.8105,disk0,906430831357952,2039216528,12657629089374149
157.8105,disk0w,1979544047616,18851899,1162967130003
157.8105,disk5,36476242491392,73421693,600237689388475
157.8105,disk5w,225980416,35966,1254168700
157.8105,disk4,39395844125696,39495279,410973434121397
157.8105,disk4w,1447560398848,1495270,591099736239
157.8105,disk8,60159064373248,97685275,959512762278756
157.8105,disk8w,4128768,601,984243925
157.8105,ram,406962176,65126662144,279483
157.8105,cpu,14971604,21740430,519475229
157.8105,gpu,32,0,0
158.0082,disk0,906432999272448,2039220997,12657642845551142
158.0082,disk0w,1979544047616,18851899,1162967130003
158.0082,disk5,36476847880192,73422866,600241615386459
158.0082,disk5w,225980416,35966,1254168700
158.0082,disk4,39396423726080,39495873,410974176864654
158.0082,disk4w,1447560398848,1495270,591099736239
158.0082,disk8,60160313718784,97687490,959525872047426
158.0082,disk8w,4128768,601,984243925
158.0082,ram,406962176,65126662144,279483
158.0082,cpu,14971604,21740430,519475229
158.0082,gpu,0,0,0
158.2109,disk0,906435216699392,2039225543,12657655099876719
158.2109,disk0w,1979544047616,18851899,1162967130003
158.2109,disk5,36477602412544,73424356,600246557298432
158.2109,disk5w,225980416,35966,1254168700
158.2109,disk4,39397009617920,39496473,410975007440712
158.2109,disk4w,1447560398848,1495270,591099736239
158.2109,disk8,60161646540800,97690007,959541458671425
158.2109,disk8w,4128768,601,984243925
158.2109,ram,407044096,63420940288,279483
158.2109,cpu,14971629,21740558,519476901
158.2109,gpu,32,0,0
158.4109,disk0,906437576769536,2039235064,12657673418526101
158.4109,disk0w,1979544047616,18851899,1162967130003
158.4109,disk5,36478251661312,73425636,600251308953474
158.4109,disk5w,225980416,35966,1254168700
158.4109,disk4,39397661963264,39497142,410975901386408
158.4109,disk4w,1447560398848,1495270,591099736239
158.4109,disk8,60162948741120,97692220,959553306211617
158.4109,disk8w,4128768,601,984243925
158.4109,ram,407502848,63454494720,279483
158.4109,cpu,14971630,21740559,519476926
158.4109,gpu,43,7,0
158.6109,disk0,906439633068032,2039238823,12657689699833431
158.6109,disk0w,1979544055808,18851901,1162967175836
158.6109,disk5,36478817236992,73426771,600253990415373
158.6109,disk5w,225980416,35966,1254168700
158.6109,disk4,39398180041728,39497673,410976821103517
158.6109,disk4w,1447560398848,1495270,591099736239
158.6109,disk8,60163886282752,97694016,959563349884785
158.6109,disk8w,4128768,601,984243925
158.6109,ram,407502848,63454494720,279483
158.6109,cpu,14971630,21740559,519476926
158.6109,gpu,55,0,0
158.8027,disk0,906441772560384,2039249095,12657709474589839
158.8027,disk0w,1979544055808,18851901,1162967175836
158.8027,disk5,36479476971520,73428122,600259042523055
158.8027,disk5w,225980416,35966,1254168700
158.8027,disk4,39398715732992,39498222,410977563760870
158.8027,disk4w,1447560398848,1495270,591099736239
158.8027,disk8,60164924667904,97695376,959568521070293
158.8027,disk8w,4128768,601,984243925
158.8027,ram,407502848,63454494720,279483
158.8027,cpu,14971630,21740559,519476926
158.8027,gpu,0,0,0
159.0030,disk0,906443928006656,2039252760,12657721112027988
159.0030,disk0w,1979544055808,18851901,1162967175836
159.0030,disk5,36480339785728,73429887,600266013460748
159.0030,disk5w,225980416,35966,1254168700
159.0030,disk4,39399147090944,39498664,410978040725058
159.0030,disk4w,1447560398848,1495270,591099736239
159.0030,disk8,60166136412160,97696894,959576064776317
159.0030,disk8w,4128768,601,984243925
159.0030,ram,407502848,63454494720,279483
159.0030,cpu,14971630,21740559,519476926
159.0030,gpu,27,0,0
159.2109,disk0,906446219374592,2039257049,12657731217900409
159.2109,disk0w,1979544055808,18851901,1162967175836
159.2109,disk5,36480848656384,73430931,600268783308357
159.2109,disk5w,225980416,35966,1254168700
159.2109,disk4,39399751988224,39499284,410978780296837
159.2109,disk4w,1447560398848,1495270,591099736239
159.2109,disk8,60167496022016,97698796,959591443788534
159.2109,disk8w,4128768,601,984243925
159.2109,ram,403636224,65008173056,279483
159.2109,cpu,14971647,21740665,519478555
159.2109,gpu,0,0,0
159.4109,disk0,906448277254144,2039261468,12657741436645001
159.4109,disk0w,1979544055808,18851901,1162967175836
159.4109,disk5,36481620736000,73432487,600274280793228
159.4109,disk5w,225980416,35966,1254168700
159.4109,disk4,39400340370432,39499887,410979475806642
159.4109,disk4w,1447560398848,1495270,591099736239
159.4109,disk8,60168792258560,97700766,959605580832525
159.4109,disk8w,4128768,601,984243925
159.4109,ram,403996672,65008041984,279483
159.4109,cpu,14971649,21740676,519478782
159.4109,gpu,26,1,0
159.6109,disk0,906450735624192,2039266954,12657758375300044
159.6109,disk0w,1979544055808,18851901,1162967175836
159.6109,disk5,36482485663744,73434173,600280819215503
159.6109,disk5w,225980416,35966,1254168700
159.6109,disk4,39400867279872,39500427,410980232850287
159.6109,disk4w,1447560398848,1495270,591099736239
159.6109,disk8,60170027628544,97702873,959614689403328
159.6109,disk8w,4128768,601,984243925
159.6109,ram,403996672,65008041984,279483
159.6109,cpu,14971649,21740676,519478782
159.6109,gpu,0,0,0
159.8109,disk0,906452688007168,2039271390,12657768119919068
159.8109,disk0w,1979544055808,18851901,1162967175836
159.8109,disk5,36483235084288,73435652,600288260719643
159.8109,disk5w,225980416,35966,1254168700
159.8109,disk4,39401420534784,39500994,410980869547229
159.8109,disk4w,1447560398848,1495270,591099736239
159.8109,disk8,60171262605312,97705086,959628905318751
159.8109,disk8w,4128768,601,984243925
159.8109,ram,403996672,65008041984,279483
159.8109,cpu,14971649,21740676,519478782
159.8109,gpu,34,0,0
160.0109,disk0,906454977134592,2039280781,12657790111873329
160.0109,disk0w,1979544055808,18851901,1162967175836
160.0109,disk5,36483831691264,73436830,600291996444339
160.0109,disk5w,225980416,35966,1254168700
160.0109,disk4,39401992401920,39501580,410981754860156
160.0109,disk4w,1447560398848,1495270,591099736239
160.0109,disk8,60172425705472,97707396,959638841933649
160.0109,disk8w,4128768,601,984243925
160.0109,ram,403996672,65008041984,279483
160.0109,cpu,14971649,21740676,519478782
160.0109,gpu,29,0,0
160.2109,disk0,906456960720896,2039284713,12657804135732557
160.2109,disk0w,1979544055808,18851901,1162967175836
160.2109,disk5,36484401985536,73437987,600295072988332
160.2109,disk5w,225980416,35966,1254168700
160.2109,disk4,39402500649984,39502101,410982504596307
160.2109,disk4w,1447560398848,1495270,591099736239
160.2109,disk8,60173480409088,97709157,959649564032928
160.2109,disk8w,4128768,601,984243925
160.2109,ram,403996672,65008041984,279483
160.2109,cpu,14971649,21740676,519478782
160.2109,gpu,35,0,0
160.4042,disk0,906459066195968,2039290239,12657817096626437
160.4042,disk0w,1979544055808,18851901,1162967175836
160.4042,disk5,36485130729472,73439481,600301999490088
160.4042,disk5w,225980416,35966,1254168700
160.4042,disk4,39403001213952,39502614,410983112975349
160.4042,disk4w,1447560398848,1495270,591099736239
160.4042,disk8,60174677571584,97710655,959656859422702
160.4042,disk8w,4128768,601,984243925
160.4042,ram,406028288,65142079488,279483
160.4042,cpu,14971664,21740776,519480239
160.4042,gpu,0,0,0
160.6109,disk0,906461559857152,2039294548,12657830295970257
160.6109,disk0w,1979544055808,18851901,1162967175836
160.6109,disk5,36485869811712,73440995,600306048665515
160.6109,disk5w,225980416,35966,1254168700
160.6109,disk4,39403615941632,39503244,410983967854678
160.6109,disk4w,1447560398848,1495270,591099736239
160.6109,disk8,60175952148480,97712383,959666274443099
160.6109,disk8w,4128768,601,984243925
160.6109,ram,406028288,65142079488,279483
160.6109,cpu,14971664,21740776,519480239
160.6109,gpu,34,0,0
160.8060,disk0,906463610789888,2039298946,12657840235938011
160.8060,disk0w,1979544055808,18851901,1162967175836
160.8060,disk5,36486674364416,73442645,600311267379307
160.8060,disk5w,225980416,35966,1254168700
160.8060,disk4,39404134069248,39503775,410984590249631
160.8060,disk4w,1447560398848,1495270,591099736239
160.8060,disk8,60177236178944,97714212,959678113640815
160.8060,disk8w,4128768,601,984243925
160.8060,ram,406028288,65142079488,279483
160.8060,cpu,14971664,21740776,519480239
160.8060,gpu,37,0,0
161.0070,disk0,906465830625280,2039303634,12657853156359692
161.0070,disk0w,1979544055808,18851901,1162967175836
161.0070,disk5,36487303067648,73443889,600314526373941
161.0070,disk5w,225980416,35966,1254168700
161.0070,disk4,39404736476160,39504392,410985375555503
161.0070,disk4w,1447560398848,1495270,591099736239
161.0070,disk8,60178562037760,97716482,959692242040640
161.0070,disk8w,4128768,601,984243925
161.0070,ram,406028288,65142079488,279483
161.0070,cpu,14971664,21740776,519480239
161.0070,gpu,44,0,0
161.2014,disk0,906468222971904,2039308540,12657868387046467
161.2014,disk0w,1979544055808,18851901,1162967175836
161.2014,disk5,36487937767424,73445133,600318057010332
161.2014,disk5w,225980416,35966,1254168700
161.2014,disk4,39405203354624,39504871,410985971395969
161.2014,disk4w,1447560398848,1495270,591099736239
161.2014,disk8,60179773028352,97718685,959704210452894
161.2014,disk8w,4128768,601,984243925
161.2014,ram,406028288,65142079488,279483
161.2014,cpu,14971664,21740776,519480239
161.2014,gpu,0,0,0
161.4109,disk0,906470559166464,2039316177,12657890473101610
161.4109,disk0w,1979544055808,18851901,1162967175836
161.4109,disk5,36488762488832,73446767,600325107765620
161.4109,disk5w,225980416,35966,1254168700
161.4109,disk4,39405831058432,39505514,410986840093259
161.4109,disk4w,1447560398848,1495270,591099736239
161.4109,disk8,60180953970688,97720769,959712878181263
161.4109,disk8w,4128768,601,984243925
161.4109,ram,404668416,63486935040,279483
161.4109,cpu,14971683,21740882,519481970
161.4109,gpu,28,1,0
161.6014,disk0,906472563077120,2039319782,12657901590926837
161.6014,disk0w,1979544055808,18851901,1162967175836
161.6014,disk5,36489362135040,73447955,600328590154606
161.6014,disk5w,225980416,35966,1254168700
161.6014,disk4,39406287975424,39505981,410987585898396
161.6014,disk4w,1447560398848,1495270,591099736239
161.6014,disk8,60181947267072,97722806,959722884867970
161.6014,disk8w,4128768,601,984243925
161.6014,ram,404668416,63486935040,279483
161.6014,cpu,14971683,21740882,519481970
161.6014,gpu,0,0,0
161.8109,disk0,906474984493056,2039326135,12657918781875804
161.8109,disk0w,1979544055808,18851901,1162967175836
161.8109,disk5,36490017126400,73449299,600332629769831
161.8109,disk5w,225980416,35966,1254168700
161.8109,disk4,39406917841920,39506628,410988859986350
161.8109,disk4w,1447560398848,1495270,591099736239
161.8109,disk8,60183250122752,97724771,959734991614873
161.8109,disk8w,4128768,601,984243925
161.8109,ram,404668416,63486935040,279483
161.8109,cpu,14971683,21740882,519481970
161.8109,gpu,21,0,0
162.0105,disk0,906477193023488,2039330001,12657930263602751
162.0105,disk0w,1979544055808,18851901,1162967175836
162.0105,disk5,36490771658752,73450846,600339757357689
162.0105,disk5w,225980416,35966,1254168700
162.0105,disk4,39407418405888,39507141,410989424714771
162.0105,disk4w,1447560398848,1495270,591099736239
162.0105,disk8,60184549619712,97726401,959744063001589
162.0105,disk8w,4128768,601,984243925
162.0105,ram,404668416,63486935040,279483
162.0105,cpu,14971683,21740882,519481970
162.0105,gpu,42,0,0
162.2088,disk0,906479571439616,2039334747,12657948085162711
162.2088,disk0w,1979544055808,18851901,1162967175836
162.2088,disk5,36491384625152,73452103,600343165274323
162.2088,disk5w,225980416,35966,1254168700
162.2088,disk4,39407918969856,39507654,410990086302380
162.2088,disk4w,1447560398848,1495270,591099736239
162.2088,disk8,60185728071680,97728152,959753399751861
162.2088,disk8w,4128768,601,984243925
162.2088,ram,404668416,63486935040,279483
162.2088,cpu,14971683,21740882,519481970
162.2088,gpu,27,0,0
162.4109,disk0,906481591685120,2039339001,12657957537332689
162.4109,disk0w,1979544055808,18851901,1162967175836
162.4109,disk5,36492058392576,73453468,600347054989410
162.4109,disk5w,225980416,35966,1254168700
162.4109,disk4,39408492934144,39508242,410990841828658
162.4109,disk4w,1447560398848,1495270,591099736239
162.4109,disk8,60187139291136,97730301,959768389810998
162.4109,disk8w,4128768,601,984243925
162.4109,ram,404832256,64942407680,279483
162.4109,cpu,14971701,21740987,519483701
162.4109,gpu,0,0,0
162.6027,disk0,906483998494720,2039344238,12657979982868036
162.6027,disk0w,1979544055808,18851901,1162967175836
162.6027,disk5,36492622903296,73454567,600349983208249
162.6027,disk5w,225980416,35966,1254168700
162.6027,disk4,39409071485952,39508835,410991551864255
162.6027,disk4w,1447560398848,1495270,591099736239
162.6027,disk8,60188185016320,97732160,959775415408001
162.6027,disk8w,4128768,601,984243925
162.6027,ram,404832256,64942407680,279483
162.6027,cpu,14971701,21740987,519483701
162.6027,gpu,0,0,0
162.8058,disk0,906486274781184,2039349406,12657993850489391
162.8058,disk0w,1979544055808,18851901,1162967175836
162.8058,disk5,36493621147648,73456539,600356994750256
162.8058,disk5w,225980416,35966,1254168700
162.8058,disk4,39409569952768,39509346,410992186476948
162.8058,disk4w,1447560398848,1495270,591099736239
162.8058,disk8,60189499226112,97734393,959785585972638
162.8058,disk8w,4128768,601,984243925
162.8058,ram,404832256,64942407680,279483
162.8058,cpu,14971701,21740987,519483701
162.8058,gpu,42,0,0
163.0109,disk0,906488741015552,2039357358,12658013586147427
163.0109,disk0w,1979544055808,18851901,1162967175836
163.0109,disk5,36494318319616,73457915,600360828624675
163.0109,disk5w,225980416,35966,1254168700
163.0109,disk4,39410149553152,39509940,410993095862095
163.0109,disk4w,1447560398848,1495270,591099736239
163.0109,disk8,60190739789824,97736868,959799524542676
163.0109,disk8w,4128768,601,984243925
163.0109,ram,404832256,64942407680,279483
163.0109,cpu,14971701,21740987,519483701
163.0109,gpu,41,0,0
163.2073,disk0,906490381578240,2039366804,12658026800406969
163.2073,disk0w,1979544055808,18851901,1162967175836
163.2073,disk5,36494919120896,73459146,600366977513133
163.2073,disk5w,225980416,35966,1254168700
163.2073,disk4,39410658849792,39510462,410994182613885
163.2073,disk4w,1447560398848,1495270,591099736239
163.2073,disk8,60191767640064,97738511,959810961329874
163.2073,disk8w,4128768,601,984243925
163.2073,ram,404832256,64942407680,279483
163.2073,cpu,14971701,21740987,519483701
163.2073,gpu,0,0,0
163.4109,disk0,906492674646016,2039371400,12658041032730106
163.4109,disk0w,1979544055808,18851901,1162967175836
163.4109,disk5,36495663552512,73460673,600373260054888
163.4109,disk5w,225980416,35966,1254168700
163.4109,disk4,39411264795648,39511083,410995048515926
163.4109,disk4w,1447560398848,1495270,591099736239
163.4109,disk8,60192992098304,97740043,959817634751820
163.4109,disk8w,4128768,601,984243925
163.4109,ram,406454272,65172570112,279483
163.4109,cpu,14971731,21741132,519485376
163.4109,gpu,31,1,0
163.6109,disk0,906494820904960,2039375606,12658052058366488
163.6109,disk0w,1979544055808,18851901,1162967175836
163.6109,disk5,36496341506048,73462062,600378302649805
163.6109,disk5w,225980416,35966,1254168700
163.6109,disk4,39411756577792,39511587,410995693854920
163.6109,disk4w,1447560398848,1495270,591099736239
163.6109,disk8,60194306914304,97741822,959828405454997
163.6109,disk8w,4128768,601,984243925
163.6109,ram,406454272,65172570112,279483
163.6109,cpu,14971731,21741132,519485376
163.6109,gpu,0,0,0
163.8109,disk0,906497129512960,2039380458,12658066653731872
163.8109,disk0w,1979544055808,18851901,1162967175836
163.8109,disk5,36496939546624,73463288,600381717711478
163.8109,disk5w,225980416,35966,1254168700
163.8109,disk4,39412230796288,39512073,410996252980518
163.8109,disk4w,1447560398848,1495270,591099736239
163.8109,disk8,60195578951680,97743779,959840778975566
163.8109,disk8w,4128768,601,984243925
163.8109,ram,406454272,65172570112,279483
163.8109,cpu,14971731,21741132,519485376
163.8109,gpu,31,0,0
164.0109,disk0,906499571417088,2039385509,12658087857877219
164.0109,disk0w,1979544055808,18851901,1162967175836
164.0109,disk5,36497595086848,73464569,600385201840093
164.0109,disk5w,225980416,35966,1254168700
164.0109,disk4,39412784051200,39512640,410997196319906
164.0109,disk4w,1447560398848,1495270,591099736239
164.0109,disk8,60196600936448,97745459,959848198073926
164.0109,disk8w,4128768,601,984243925
164.0109,ram,406454272,65172570112,279483
164.0109,cpu,14971731,21741132,519485376
164.0109,gpu,28,0,0
164.2058,disk0,906501913124864,2039390882,12658106233312264
164.2058,disk0w,1979544055808,18851901,1162967175836
164.2058,disk5,36498249676800,73465864,600388291162071
164.2058,disk5w,225980416,35966,1254168700
164.2058,disk4,39413451469824,39513324,410998210494471
164.2058,disk4w,1447560398848,1495270,591099736239
164.2058,disk8,60197817055232,97747559,959858436351893
164.2058,disk8w,4128768,601,984243925
164.2058,ram,406454272,65172570112,279483
164.2058,cpu,14971731,21741132,519485376
164.2058,gpu,33,0,0
164.4045,disk0,906504039620608,2039399452,12658122518521539
164.4045,disk0w,1979544055808,18851901,1162967175836
164.4045,disk5,36499010123776,73467364,600392859695520
164.4045,disk5w,225980416,35966,1254168700
164.4045,disk4,39414066197504,39513954,410999082053296
164.4045,disk4w,1447560398848,1495270,591099736239
164.4045,disk8,60199066892288,97749833,959871520026362
164.4045,disk8w,4128768,601,984243925
164.4045,ram,405766144,63499534336,279483
164.4045,cpu,14971748,21741238,519487108
164.4045,gpu,40,2,0
164.6109,disk0,906505842610176,2039403045,12658132724986143
164.6109,disk0w,1979544055808,18851901,1162967175836
164.6109,disk5,36499723548672,73468806,600399203227081
164.6109,disk5w,225980416,35966,1254168700
164.6109,disk4,39414501635072,39514400,411000940702265
164.6109,disk4w,1447560398848,1495270,591099736239
164.6109,disk8,60200033908736,97751634,959882018052237
164.6109,disk8w,4128768,601,984243925
164.6109,ram,405766144,63499534336,279483
164.6109,cpu,14971748,21741238,519487108
164.6109,gpu,54,0,0
164.8028,disk0,906507831496704,2039407988,12658142051496501
164.8028,disk0w,1979544055808,18851901,1162967175836
164.8028,disk5,36500392310784,73470177,600404575262616
164.8028,disk5w,225980416,35966,1254168700
164.8028,disk4,39415093556224,39515007,411001726214682
164.8028,disk4w,1447560398848,1495270,591099736239
164.8028,disk8,60201338632192,97753427,959893648733314
164.8028,disk8w,4128768,601,984243925
164.8028,ram,405766144,63499534336,279483
164.8028,cpu,14971748,21741238,519487108
164.8028,gpu,0,0,0
165.0109,disk0,906510430572544,2039412898,12658160606579155
165.0109,disk0w,1979544055808,18851901,1162967175836
165.0109,disk5,36500957870080,73471337,600407573405019
165.0109,disk5w,225980416,35966,1254168700
165.0109,disk4,39415681938432,39515610,411002442027596
165.0109,disk4w,1447560398848,1495270,591099736239
165.0109,disk8,60202613733376,97755080,959901904156339
165.0109,disk8w,4128768,601,984243925
165.0109,ram,405766144,63499534336,279483
165.0109,cpu,14971748,21741238,519487108
165.0109,gpu,27,0,0
165.2032,disk0,906512639741952,2039417634,12658173091201036
165.2032,disk0w,1979544055808,18851901,1162967175836
165.2032,disk5,36501608691712,73472670,600411626205373
165.2032,disk5w,225980416,35966,1254168700
165.2032,disk4,39416147375104,39516087,411003046583971
165.2032,disk4w,1447560398848,1495270,591099736239
165.2032,disk8,60203852675072,97756857,959912933544453
165.2032,disk8w,4128768,601,984243925
165.2032,ram,405766144,63499534336,279483
165.2032,cpu,14971748,21741238,519487108
165.2032,gpu,38,0,0
165.4077,disk0,906515148148736,2039423225,12658190904200009
165.4077,disk0w,1979544055808,18851901,1162967175836
165.4077,disk5,36502238820352,73473919,600415110715652
165.4077,disk5w,225980416,35966,1254168700
165.4077,disk4,39416735757312,39516690,411003781765652
165.4077,disk4w,1447560398848,1495270,591099736239
165.4077,disk8,60205100742656,97758900,959924173942818
165.4077,disk8w,4128768,601,984243925
165.4077,ram,406372352,65063469056,279483
165.4077,cpu,14971765,21741342,519488812
165.4077,gpu,36,0,0
165.6103,disk0,906517575008256,2039428173,12658206892425471
165.6103,disk0w,1979544879104,18852082,1162971149774
165.6103,disk5,36502835427328,73475091,600418577206227
165.6103,disk5w,225980416,35966,1254168700
165.6103,disk4,39417326236672,39517295,411004470037077
165.6103,disk4w,1447560398848,1495270,591099736239
165.6103,disk8,60206442657792,97761461,959937995923644
165.6103,disk8w,4128768,601,984243925
165.6103,ram,406831104,65063469056,279483
165.6103,cpu,14971765,21741342,519488843
165.6103,gpu,0,0,0
165.8049,disk0,906519496527872,2039434897,12658220108759476
165.8049,disk0w,1979544879104,18852082,1162971149774
165.8049,disk5,36503685036032,73476768,600425391038795
165.8049,disk5w,225980416,35966,1254168700
165.8049,disk4,39417896006656,39517879,411005152903460
165.8049,disk4w,1447560398848,1495270,591099736239
165.8049,disk8,60207720134656,97763725,959950298765204
165.8049,disk8w,4128768,601,984243925
165.8049,ram,406831104,65063469056,279483
165.8049,cpu,14971765,21741342,519488843
165.8049,gpu,32,0,0
166.0024,disk0,906521452515328,2039438535,12658233702612632
166.0024,disk0w,1979544879104,18852082,1162971149774
166.0024,disk5,36504186943488,73477768,600427939069084
166.0024,disk5w,225980416,35966,1254168700
166.0024,disk4,39418377892864,39518373,411006219057388
166.0024,disk4w,1447560398848,1495270,591099736239
166.0024,disk8,60208749836288,97765666,959961739550254
166.0024,disk8w,4128768,601,984243925
166.0024,ram,406831104,65063469056,279483
166.0024,cpu,14971765,21741342,519488843
166.0024,gpu,0,0,0
166.2109,disk0,906523864563712,2039442995,12658246186030470
166.2109,disk0w,1979544879104,18852082,1162971149774
166.2109,disk5,36505001605120,73479439,600434704519876
166.2109,disk5w,225980416,35966,1254168700
166.2109,disk4,39418992620544,39519003,411006983412846
166.2109,disk4w,1447560398848,1495270,591099736239
166.2109,disk8,60210025969664,97767626,959971014138186
166.2109,disk8w,4128768,601,984243925
166.2109,ram,406831104,65063469056,279483
166.2109,cpu,14971765,21741342,519488843
166.2109,gpu,25,0,0
166.4109,disk0,906526116397056,2039446496,12658256223222674
166.4109,disk0w,1979544879104,18852082,1162971149774
166.4109,disk5,36505713178624,73480897,600439520847645
166.4109,disk5w,225980416,35966,1254168700
166.4109,disk4,39419660039168,39519687,411007858082208
166.4109,disk4w,1447560398848,1495270,591099736239
166.4109,disk8,60211333658624,97769249,959981039069040
166.4109,disk8w,4128768,601,984243925
166.4109,ram,400572416,65138212864,279483
166.4109,cpu,14971782,21741446,519490476
166.4109,gpu,0,0,0
166.6109,disk0,906528272220160,2039450633,12658267362952582
166.6109,disk0w,1979544879104,18852082,1162971149774
166.6109,disk5,36506274691072,73482047,600443308471017
166.6109,disk5w,225980416,35966,1254168700
166.6109,disk4,39420213294080,39520254,411008563536268
166.6109,disk4w,1447560398848,1495270,591099736239
166.6109,disk8,60212692514816,97771285,959993915518036
166.6109,disk8w,4128768,601,984243925
166.6109,ram,402112512,64950370304,279483
166.6109,cpu,14971783,21741451,519490572
166.6109,gpu,27,0,0
166.8035,disk0,906530409500672,2039454915,12658282042140831
166.8035,disk0w,1979544879104,18852082,1162971149774
166.8035,disk5,36506880079872,73483279,600446661855104
166.8035,disk5w,225980416,35966,1254168700
166.8035,disk4,39420678730752,39520731,411009120183888
166.8035,disk4w,1447560398848,1495270,591099736239
166.8035,disk8,60213806970880,97773158,960006132608715
166.8035,disk8w,4128768,601,984243925
166.8035,ram,402112512,64950370304,279483
166.8035,cpu,14971783,21741451,519490572
166.8035,gpu,32,0,0
167.0109,disk0,906533025828864,2039460329,12658301841737253
167.0109,disk0w,1979544895488,18852083,1162971179607
167.0109,disk5,36507531442176,73484543,600450063420475
167.0109,disk5w,225980416,35966,1254168700
167.0109,disk4,39421277991936,39521345,411009868467916
167.0109,disk4w,1447560398848,1495270,591099736239
167.0109,disk8,60215037671424,97775272,960015170161680
167.0109,disk8w,4128768,601,984243925
167.0109,ram,402112512,64950370304,279483
167.0109,cpu,14971783,21741451,519490572
167.0109,gpu,28,0,0
167.2050,disk0,906535263203328,2039465086,12658315097729162
167.2050,disk0w,1979544895488,18852083,1162971179607
167.2050,disk5,36508345432064,73486154,600456029941093
167.2050,disk5w,225980416,35966,1254168700
167.2050,disk4,39421802804224,39521883,411010586851693
167.2050,disk4w,1447560398848,1495270,591099736239
167.2050,disk8,60216227477504,97777358,960025652947066
167.2050,disk8w,4128768,601,984243925
167.2050,ram,402112512,64950370304,279483
167.2050,cpu,14971783,21741451,519490572
167.2050,gpu,0,0,0
167.4109,disk0,906537757532160,2039472062,12658333518964877
167.4109,disk0w,1979544895488,18852083,1162971179607
167.4109,disk5,36509195433984,73487827,600462206961386
167.4109,disk5w,225980416,35966,1254168700
167.4109,disk4,39422308611072,39522401,411011143271764
167.4109,disk4w,1447560398848,1495270,591099736239
167.4109,disk8,60217521698816,97779569,960035845869406
167.4109,disk8w,4128768,601,984243925
167.4109,ram,402112512,64950370304,279483
167.4109,cpu,14971783,21741451,519490572
167.4109,gpu,41,2,0
167.6042,disk0,906539642048512,2039475702,12658349027754833
167.6042,disk0w,1979544895488,18852083,1162971179607
167.6042,disk5,36509659904000,73488761,600464655723248
167.6042,disk5w,225980416,35966,1254168700
167.6042,disk4,39422698484736,39522801,411011937629167
167.6042,disk4w,1447560398848,1495270,591099736239
167.6042,disk8,60218403092480,97781367,960044489303309
167.6042,disk8w,4128768,601,984243925
167.6042,ram,400408576,63526207488,279483
167.6042,cpu,14971803,21741566,519492288
167.6042,gpu,0,0,0
167.8103,disk0,906541866782720,2039486033,12658367017621939
167.8103,disk0w,1979544895488,18852083,1162971179607
167.8103,disk5,36510384166912,73490247,600469686901166
167.8103,disk5w,225980416,35966,1254168700
167.8103,disk4,39423295648768,39523413,411012665167930
167.8103,disk4w,1447560398848,1495270,591099736239
167.8103,disk8,60219749218304,97783268,960054459680783
167.8103,disk8w,4128768,601,984243925
167.8103,ram,400408576,63526207488,279483
167.8103,cpu,14971803,21741566,519492288
167.8103,gpu,29,0,0
168.0109,disk0,906544235294720,2039490177,12658380894042934
168.0109,disk0w,1979544895488,18852083,1162971179607
168.0109,disk5,36511128631296,73491771,600475499641406
168.0109,disk5w,225980416,35966,1254168700
168.0109,disk4,39423761085440,39523890,411013283193279
168.0109,disk4w,1447560398848,1495270,591099736239
168.0109,disk8,60220991682560,97784705,960061548345969
168.0109,disk8w,4128768,601,984243925
168.0109,ram,400408576,63526207488,279483
168.0109,cpu,14971803,21741566,519492288
168.0109,gpu,28,0,0
168.2026,disk0,906546165575680,2039494057,12658388180226892
168.2026,disk0w,1979544895488,18852083,1162971179607
168.2026,disk5,36511758235648,73493063,600480386720007
168.2026,disk5w,225980416,35966,1254168700
168.2026,disk4,39424279213056,39524421,411013839191226
168.2026,disk4w,1447560398848,1495270,591099736239
168.2026,disk8,60222329632768,97786612,960074862492662
168.2026,disk8w,4128768,601,984243925
168.2026,ram,400408576,63526207488,279483
168.2026,cpu,14971803,21741566,519492288
168.2026,gpu,28,0,0
168.4090,disk0,906548604596224,2039499141,12658403573208854
168.4090,disk0w,1979544895488,18852083,1162971179607
168.4090,disk5,36512602617856,73494763,600487523721469
168.4090,disk5w,225980416,35966,1254168700
168.4090,disk4,39424885158912,39525042,411014743042267
168.4090,disk4w,1447560398848,1495270,591099736239
168.4090,disk8,60223512754176,97788510,960082909793368
168.4090,disk8w,4128768,601,984243925
168.4090,ram,400408576,63526207488,279483
168.4090,cpu,14971803,21741566,519492288
168.4090,gpu,0,0,0
168.6014,disk0,906550841618432,2039503930,12658418943052099
168.6014,disk0w,1979544895488,18852083,1162971179607
168.6014,disk5,36513170798592,73495869,600490331766266
168.6014,disk5w,225980416,35966,1254168700
168.6014,disk4,39425447195648,39525618,411015475777333
168.6014,disk4w,1447560398848,1495270,591099736239
168.6014,disk8,60224683964416,97790502,960095663131580
168.6014,disk8w,4128768,601,984243925
168.6014,ram,402604032,65006075904,279483
168.6014,cpu,14971831,21741687,519493854
168.6014,gpu,32,0,0
168.8109,disk0,906553207984128,2039509722,12658437405953393
168.8109,disk0w,1979545370624,18852173,1162972853204
168.8109,disk5,36514024077312,73497552,600495362342668
168.8109,disk5w,225980416,35966,1254168700
168.8109,disk4,39426079486976,39526266,411016284597286
168.8109,disk4w,1447560398848,1495270,591099736239
168.8109,disk8,60225922463744,97792665,960106712610113
168.8109,disk8w,4128768,601,984243925
168.8109,ram,402604032,65006075904,279483
168.8109,cpu,14971831,21741687,519493854
168.8109,gpu,0,0,0
169.0098,disk0,906555554762752,2039517715,12658455501558817
169.0098,disk0w,1979545370624,18852173,1162972853204
169.0098,disk5,36514700556288,73498891,600500022844684
169.0098,disk5w,225980416,35966,1254168700
169.0098,disk4,39426702996480,39526905,411017095130616
169.0098,disk4w,1447560398848,1495270,591099736239
169.0098,disk8,60227141662720,97795116,960119443691829
169.0098,disk8w,4128768,601,984243925
169.0098,ram,402604032,65006075904,279483
169.0098,cpu,14971831,21741687,519493854
169.0098,gpu,37,0,0
169.2109,disk0,906557469040640,2039525361,12658471174842150
169.2109,disk0w,1979545370624,18852173,1162972853204
169.2109,disk5,36515344726016,73500211,600504280346674
169.2109,disk5w,225980416,35966,1254168700
169.2109,disk4,39427203445760,39527418,411019070253862
169.2109,disk4w,1447560398848,1495270,591099736239
169.2109,disk8,60228048713728,97796605,960126968351451
169.2109,disk8w,4128768,601,984243925
169.2109,ram,402604032,65006075904,279483
169.2109,cpu,14971831,21741687,519493854
169.2109,gpu,21,0,0
169.4109,disk0,906559659245568,2039529145,12658485699590767
169.4109,disk0w,1979545370624,18852173,1162972853204
169.4109,disk5,36515907287040,73501365,600507668252197
169.4109,disk5w,225980416,35966,1254168700
169.4109,disk4,39427721573376,39527949,411019747959932
169.4109,disk4w,1447560398848,1495270,591099736239
169.4109,disk8,60229192169472,97797957,960135070940048
169.4109,disk8w,4128768,601,984243925
169.4109,ram,402604032,65006075904,279483
169.4109,cpu,14971831,21741687,519493854
169.4109,gpu,0,0,0
169.6109,disk0,906561924763648,2039533755,12658500198395890
169.6109,disk0w,1979545370624,18852173,1162972853204
169.6109,disk5,36516757526528,73503107,600515332719839
169.6109,disk5w,225980416,35966,1254168700
169.6109,disk4,39428169446400,39528408,411020293303240
169.6109,disk4w,1447560398848,1495270,591099736239
169.6109,disk8,60230356039680,97799498,960141965990765
169.6109,disk8w,4128768,601,984243925
169.6109,ram,405733376,65050689536,279483
169.6109,cpu,14971847,21741800,519495577
169.6109,gpu,0,0,0
169.8020,disk0,906564099432448,2039538330,12658513940547907
169.8020,disk0w,1979545370624,18852173,1162972853204
169.8020,disk5,36517373392896,73504369,600518799532296
169.8020,disk5w,225980416,35966,1254168700
169.8020,disk4,39428661228544,39528912,411020887247909
169.8020,disk4w,1447560398848,1495270,591099736239
169.8020,disk8,60231604549632,97801501,960153898553431
169.8020,disk8w,4128768,601,984243925
169.8020,ram,405733376,65050689536,279483
169.8020,cpu,14971847,21741800,519495577
169.8020,gpu,28,0,0
170.0109,disk0,906566690168832,2039543814,12658531434210264
170.0109,disk0w,1979545370624,18852173,1162972853204
170.0109,disk5,36518092830720,73505772,600523218429415
170.0109,disk5w,225980416,35966,1254168700
170.0109,disk4,39429293519872,39529560,411021759466229
170.0109,disk4w,1447560398848,1495270,591099736239
170.0109,disk8,60232898656256,97803676,960165176718022
170.0109,disk8w,4128768,601,984243925
170.0109,ram,405733376,65050689536,279483
170.0109,cpu,14971847,21741800,519495577
170.0109,gpu,0,0,0
170.2109,disk0,906569102749696,2039549232,12658546155342679
170.2109,disk0w,1979545370624,18852173,1162972853204
170.2109,disk5,36518978582528,73507520,600529206166138
170.2109,disk5w,225980416,35966,1254168700
170.2109,disk4,39429925811200,39530208,411022537957565
170.2109,disk4w,1447560398848,1495270,591099736239
170.2109,disk8,60234117855232,97805930,960175294498022
170.2109,disk8w,4128768,601,984243925
170.2109,ram,405733376,65050689536,279483
170.2109,cpu,14971847,21741800,519495577
170.2109,gpu,38,0,0
170.4109,disk0,906571053514752,2039556950,12658563496243986
170.4109,disk0w,1979545370624,18852173,1162972853204
170.4109,disk5,36519664613376,73508876,600536122636813
170.4109,disk5w,225980416,35966,1254168700
170.4109,disk4,39430576714752,39530875,411023423236350
170.4109,disk4w,1447560398848,1495270,591099736239
170.4109,disk8,60235259279360,97808010,960186310507955
170.4109,disk8w,4128768,601,984243925
170.4109,ram,405733376,65050689536,279483
170.4109,cpu,14971847,21741800,519495577
170.4109,gpu,0,0,0
170.6109,disk0,906572947648512,2039560565,12658574065034579
170.6109,disk0w,1979545370624,18852173,1162972853204
170.6109,disk5,36520332736512,73510223,600541628861223
170.6109,disk5w,225980416,35966,1254168700
170.6109,disk4,39431058584576,39531369,411024489843770
170.6109,disk4w,1447560398848,1495270,591099736239
170.6109,disk8,60236362479616,97810070,960197789959717
170.6109,disk8w,4128768,601,984243925
170.6109,ram,406126592,65051607040,279483
170.6109,cpu,14971866,21741914,519497298
170.6109,gpu,55,0,0
170.8083,disk0,906575207198720,2039566056,12658589753727647
170.8083,disk0w,1979545370624,18852173,1162972853204
170.8083,disk5,36521105184768,73511807,600547802483889
170.8083,disk5w,225980416,35966,1254168700
170.8083,disk4,39431708439552,39532035,411025351974090
170.8083,disk4w,1447560398848,1495270,591099736239
170.8083,disk8,60237574289408,97811762,960205572806749
170.8083,disk8w,4128768,601,984243925
170.8083,ram,406126592,65051607040,279483
170.8083,cpu,14971866,21741914,519497298
170.8083,gpu,0,0,0
171.0110,disk0,906577692307456,2039570254,12658603827790821
171.0110,disk0w,1979545370624,18852173,1162972853204
171.0110,disk5,36521795303424,73513221,600553009808790
171.0110,disk5w,225980416,35966,1254168700
171.0110,disk4,39432310846464,39532652,411026120672300
171.0110,disk4w,1447560398848,1495270,591099736239
171.0110,disk8,60238721595392,97813199,960212435894519
171.0110,disk8w,4128768,601,984243925
171.0110,ram,406126592,65051607040,279483
171.0110,cpu,14971866,21741914,519497298
171.0110,gpu,0,0,0
171.2080,disk0,906579759263744,2039574509,12658612816226854
171.2080,disk0w,1979545370624,18852173,1162972853204
171.2080,disk5,36522582980608,73514834,600560502057522
171.2080,disk5w,225980416,35966,1254168700
171.2080,disk4,39432893985792,39533250,411027053638945
171.2080,disk4w,1447560398848,1495270,591099736239
171.2080,disk8,60239914235904,97814919,960223419541952
171.2080,disk8w,4128768,601,984243925
171.2080,ram,406126592,65051607040,279483
171.2080,cpu,14971866,21741914,519497298
171.2080,gpu,26,0,0
171.4109,disk0,906582013734912,2039579642,12658630913324043
171.4109,disk0w,1979545370624,18852173,1162972853204
171.4109,disk5,36523172771840,73516003,600564151483091
171.4109,disk5w,225980416,35966,1254168700
171.4109,disk4,39433371350016,39533739,411027612409999
171.4109,disk4w,1447560398848,1495270,591099736239
171.4109,disk8,60241149343744,97816684,960233444467788
171.4109,disk8w,4128768,601,984243925
171.4109,ram,406126592,65051607040,279483
171.4109,cpu,14971866,21741914,519497298
171.4109,gpu,29,2,0
171.6110,disk0,906584311263232,2039584774,12658647766811136
171.6110,disk0w,1979545370624,18852173,1162972853204
171.6110,disk5,36523745163264,73517122,600566663420217
171.6110,disk5w,225980416,35966,1254168700
171.6110,disk4,39433974150144,39534357,411028339505327
171.6110,disk4w,1447560398848,1495270,591099736239
171.6110,disk8,60242400802816,97818865,960246326517558
171.6110,disk8w,4128768,601,984243925
171.6110,ram,401735680,64924647424,279483
171.6110,cpu,14971882,21742017,519499079
171.6110,gpu,50,0,0
171.8110,disk0,906586597867520,2039593221,12658670583207114
171.8110,disk0w,1979545370624,18852173,1162972853204
171.8110,disk5,36524365985792,73518352,600569333496169
171.8110,disk5w,225980416,35966,1254168700
171.8110,disk4,39434580096000,39534978,411029196774037
171.8110,disk4w,1447560398848,1495270,591099736239
171.8110,disk8,60243451115520,97820612,960254552785289
171.8110,disk8w,4128768,601,984243925
171.8110,ram,401735680,64924647424,279483
171.8110,cpu,14971882,21742017,519499079
171.8110,gpu,30,0,0
172.0110,disk0,906588449529856,2039596754,12658678256225875
172.0110,disk0w,1979545370624,18852173,1162972853204
172.0110,disk5,36524979165184,73519566,600572258251720
172.0110,disk5w,225980416,35966,1254168700
172.0110,disk4,39435045532672,39535455,411029786816251
172.0110,disk4w,1447560398848,1495270,591099736239
172.0110,disk8,60244775647232,97823288,960274212805033
172.0110,disk8w,4128768,601,984243925
172.0110,ram,401735680,64924647424,279483
172.0110,cpu,14971882,21742017,519499079
172.0110,gpu,27,0,0
172.2053,disk0,906590021955584,2039600973,12658688036872266
172.2053,disk0w,1979545370624,18852173,1162972853204
172.2053,disk5,36525717141504,73521078,600580692019753
172.2053,disk5w,225980416,35966,1254168700
172.2053,disk4,39435466994688,39535887,411030540647363
172.2053,disk4w,1447560398848,1495270,591099736239
172.2053,disk8,60245758949376,97824841,960283484560229
172.2053,disk8w,4128768,601,984243925
172.2053,ram,401735680,64924647424,279483
172.2053,cpu,14971882,21742017,519499079
172.2053,gpu,30,0,0
172.4061,disk0,906592452014080,2039604980,12658700587947991
172.4061,disk0w,1979545370624,18852173,1162972853204
172.4061,disk5,36526503753728,73522689,600585463532871
172.4061,disk5w,225980416,35966,1254168700
172.4061,disk4,39436090504192,39536526,411031352862616
172.4061,disk4w,1447560398848,1495270,591099736239
172.4061,disk8,60247044126720,97826443,960291706942193
172.4061,disk8w,4128768,601,984243925
172.4061,ram,401735680,64924647424,279483
172.4061,cpu,14971882,21742017,519499079
172.4061,gpu,27,2,0
172.6110,disk0,906594649194496,2039609282,12658710761195767
172.6110,disk0w,1979545378816,18852175,1162972891828
172.6110,disk5,36527427991552,73524583,600597047565900
172.6110,disk5w,225980416,35966,1254168700
172.6110,disk4,39436845741056,39537300,411032436032023
172.6110,disk4w,1447560398848,1495270,591099736239
172.6110,disk8,60248146442240,97827979,960298957835337
172.6110,disk8w,4128768,601,984243925
172.6110,ram,399523840,64942833664,279483
172.6110,cpu,14971899,21742121,519500740
172.6110,gpu,35,0,0
172.8095,disk0,906596931166208,2039614204,12658726628211055
172.8095,disk0w,1979545378816,18852175,1162972891828
172.8095,disk5,36528052631552,73525863,600601106968405
172.8095,disk5w,225980416,35966,1254168700
172.8095,disk4,39437240923136,39537705,411032860748222
172.8095,disk4w,1447560398848,1495270,591099736239
172.8095,disk8,60249398425600,97829759,960309316144703
172.8095,disk8w,4128768,601,984243925
172.8095,ram,399212544,64942833664,279483
172.8095,cpu,14971899,21742124,519500766
172.8095,gpu,0,0,0
173.0091,disk0,906599223218176,2039618957,12658740466721803
173.0091,disk0w,1979545378816,18852175,1162972891828
173.0091,disk5,36528901961728,73527510,600609380883106
173.0091,disk5w,225980416,35966,1254168700
173.0091,disk4,39437785396224,39538263,411033475348538
173.0091,disk4w,1447560398848,1495270,591099736239
173.0091,disk8,60250573846528,97831855,960318433891363
173.0091,disk8w,4128768,601,984243925
173.0091,ram,399212544,64942833664,279483
173.0091,cpu,14971899,21742124,519500766
173.0091,gpu,38,0,0
173.2110,disk0,906601549246464,2039624080,12658753877989986
173.2110,disk0w,1979545378816,18852175,1162972891828
173.2110,disk5,36529641060352,73528965,600615703712709
173.2110,disk5w,225980416,35966,1254168700
173.2110,disk4,39438382560256,39538875,411034210443749
173.2110,disk4w,1447560398848,1495270,591099736239
173.2110,disk8,60251842770944,97834268,960331451935262
173.2110,disk8w,4128768,601,984243925
173.2110,ram,399212544,64942833664,279483
173.2110,cpu,14971899,21742124,519500766
173.2110,gpu,36,0,0
173.4110,disk0,906603788152832,2039630219,12658769277155143
173.4110,disk0w,1979545378816,18852175,1162972891828
173.4110,disk5,36530294503424,73530255,600619567624628
173.4110,disk5w,225980416,35966,1254168700
173.4110,disk4,39438918251520,39539424,411034909815900
173.4110,disk4w,1447560398848,1495270,591099736239
173.4110,disk8,60253158193152,97836606,960345500670720
173.4110,disk8w,4128768,601,984243925
173.4110,ram,399212544,64942833664,279483
173.4110,cpu,14971899,21742124,519500766
173.4110,gpu,41,1,0
173.6066,disk0,906605608685568,2039633772,12658781285553078
173.6066,disk0w,1979545378816,18852175,1162972891828
173.6066,disk5,36531016415232,73531711,600625114583098
173.6066,disk5w,225980416,35966,1254168700
173.6066,disk4,39439427466240,39539946,411036861741599
173.6066,disk4w,1447560398848,1495270,591099736239
173.6066,disk8,60254049695744,97838184,960354254841038
173.6066,disk8w,4128768,601,984243925
173.6066,ram,399212544,64942833664,279483
173.6066,cpu,14971899,21742124,519500766
173.6066,gpu,0,0,0
173.8110,disk0,906607645560832,2039640580,12658791937651823
173.8110,disk0w,1979545378816,18852175,1162972891828
173.8110,disk5,36531784062976,73533284,600632558914697
173.8110,disk5w,225980416,35966,1254168700
173.8110,disk4,39440094884864,39540630,411038092969776
173.8110,disk4w,1447560398848,1495270,591099736239
173.8110,disk8,60255310641152,97839902,960364691932599
173.8110,disk8w,4128768,601,984243925
173.8110,ram,341524480,65158987776,279483
173.8110,cpu,14971927,21742254,519502461
173.8110,gpu,35,1,0
174.0060,disk0,906609892888576,2039644354,12658804911036344
174.0060,disk0w,1979545378816,18852175,1162972891828
174.0060,disk5,36532512512000,73534775,600638256495026
174.0060,disk5w,225980416,35966,1254168700
174.0060,disk4,39440577885184,39541125,411038776360198
174.0060,disk4w,1447560398848,1495270,591099736239
174.0060,disk8,60256469612544,97841368,960371484619542
174.0060,disk8w,4128768,601,984243925
174.0060,ram,341524480,65158987776,279483
174.0060,cpu,14971927,21742254,519502461
174.0060,gpu,0,0,0
174.2110,disk0,906611996381184,2039648540,12658816849508482
174.2110,disk0w,1979545378816,18852175,1162972891828
174.2110,disk5,36533384927232,73536565,600645211134881
174.2110,disk5w,225980416,35966,1254168700
174.2110,disk4,39441143067648,39541704,411039430770752
174.2110,disk4w,1447560398848,1495270,591099736239
174.2110,disk8,60257699821568,97843015,960381205140340
174.2110,disk8w,4128768,601,984243925
174.2110,ram,341524480,65158987776,279483
174.2110,cpu,14971927,21742254,519502461
174.2110,gpu,27,3,0
174.4093,disk0,906614187806720,2039653486,12658833240605005
174.4093,disk0w,1979545378816,18852175,1162972891828
174.4093,disk5,36534078420992,73537933,600649741626051
174.4093,disk5w,225980416,35966,1254168700
174.4093,disk4,39441580061696,39542153,411039917350644
174.4093,disk4w,1447560398848,1495270,591099736239
174.4093,disk8,60258937747456,97845018,960392152949878
174.4093,disk8w,4128768,601,984243925
174.4093,ram,341524480,65158987776,279483
174.4093,cpu,14971927,21742254,519502461
174.4093,gpu,39,3,0
174.6053,disk0,906616423059456,2039658295,12658849091303064
174.6053,disk0w,1979545378816,18852175,1162972891828
174.6053,disk5,36534844356608,73539429,600653782577792
174.6053,disk5w,225980416,35966,1254168700
174.6053,disk4,39442064110592,39542648,411040542866019
174.6053,disk4w,1447560398848,1495270,591099736239
174.6053,disk8,60260155111424,97847143,960403501030792
174.6053,disk8w,4128768,601,984243925
174.6053,ram,341524480,65158987776,279483
174.6053,cpu,14971927,21742254,519502461
174.6053,gpu,36,0,0
174.8110,disk0,906618472566784,2039666683,12658866791101378
174.8110,disk0w,1979545378816,18852175,1162972891828
174.8110,disk5,36535574132736,73540871,600657253194565
174.8110,disk5w,225980416,35966,1254168700
174.8110,disk4,39442571359232,39543168,411041200823598
174.8110,disk4w,1447560398848,1495270,591099736239
174.8110,disk8,60261442107392,97849359,960418466058519
174.8110,disk8w,4128768,601,984243925
174.8110,ram,167280640,65078132736,279483
174.8110,cpu,14971965,21742366,519504170
174.8110,gpu,0,0,0
175.0059,disk0,906620104298496,2039669534,12658873205716846
175.0059,disk0w,1979545378816,18852175,1162972891828
175.0059,disk5,36536175851520,73542058,600660591568469
175.0059,disk5w,225980416,35966,1254168700
175.0059,disk4,39442979517440,39543586,411041625379418
175.0059,disk4w,1447560398848,1495270,591099736239
175.0059,disk8,60262578092032,97851735,960435737606455
175.0059,disk8w,4128768,601,984243925
175.0059,ram,167280640,65078132736,279483
175.0059,cpu,14971965,21742366,519504170
175.0059,gpu,35,2,0
175.2110,disk0,906622456209408,2039676504,12658892708423815
175.2110,disk0w,1979545378816,18852175,1162972891828
175.2110,disk5,36537087784960,73543928,600670415381049
175.2110,disk5w,225980416,35966,1254168700
175.2110,disk4,39443756839936,39544383,411043163548269
175.2110,disk4w,1447560398848,1495270,591099736239
175.2110,disk8,60263758018560,97853431,960441366604819
175.2110,disk8w,4128768,601,984243925
175.2110,ram,167280640,65078132736,279483
175.2110,cpu,14971965,21742366,519504170
175.2110,gpu,28,0,0
175.4110,disk0,906624807350272,2039680553,12658904872906413
175.4110,disk0w,1979545894912,18852194,1162973295654
175.4110,disk5,36537910794240,73545612,600677487738745
175.4110,disk5w,225980416,35966,1254168700
175.4110,disk4,39444441822208,39545085,411044130464574
175.4110,disk4w,1447560398848,1495270,591099736239
175.4110,disk8,60264974891008,97854853,960447904363192
175.4110,disk8w,4128768,601,984243925
175.4110,ram,167280640,65078132736,279483
175.4110,cpu,14971965,21742366,519504170
175.4110,gpu,34,3,0
175.6110,disk0,906626917683200,2039684903,12658915034329054
175.6110,disk0w,1979546779648,18852364,1162976038221
175.6110,disk5,36538539767808,73546900,600682620041760
175.6110,disk5w,225980416,35966,1254168700
175.6110,disk4,39444951168000,39545607,411044749306027
175.6110,disk4w,1447560398848,1495270,591099736239
175.6110,disk8,60266287446016,97856666,960459964451386
175.6110,disk8w,4128768,601,984243925
175.6110,ram,167280640,65078132736,279483
175.6110,cpu,14971965,21742366,519504170
175.6110,gpu,33,0,0
175.8099,disk0,906628742189056,2039688517,12658923437422932
175.8099,disk0w,1979546779648,18852364,1162976038221
175.8099,disk5,36539140814848,73548130,600686783412425
175.8099,disk5w,225980416,35966,1254168700
175.8099,disk4,39445475587072,39546144,411045292589018
175.8099,disk4w,1447560398848,1495270,591099736239
175.8099,disk8,60267621152768,97858689,960474764489379
175.8099,disk8w,4128768,601,984243925
175.8099,ram,67764224,65483882496,279516
175.8099,cpu,14971993,21742479,519505882
175.8099,gpu,24,2,0
176.0067,disk0,906631071416320,2039693310,12658939463421382
176.0067,disk0w,1979546779648,18852364,1162976038221
176.0067,disk5,36539810084864,73549427,600690553602104
176.0067,disk5w,225980416,35966,1254168700
176.0067,disk4,39445943514112,39546624,411045941083311
176.0067,disk4w,1447560398848,1495270,591099736239
176.0067,disk8,60268749256704,97860678,960484943130490
176.0067,disk8w,4128768,601,984243925
176.0067,ram,67764224,65483882496,279516
176.0067,cpu,14971993,21742479,519505882
176.0067,gpu,29,0,0
176.2110,disk0,906633391984640,2039698136,12658954164827161
176.2110,disk0w,1979546779648,18852364,1162976038221
176.2110,disk5,36540670572544,73551125,600695903601773
176.2110,disk5w,225980416,35966,1254168700
176.2110,disk4,39446459151360,39547152,411046572128375
176.2110,disk4w,1447560398848,1495270,591099736239
176.2110,disk8,60269976369152,97863005,960497055093335
176.2110,disk8w,4128768,601,984243925
176.2110,ram,67764224,65483882496,279516
176.2110,cpu,14971993,21742479,519505882
176.2110,gpu,35,0,0
176.4110,disk0,906635576537088,2039706368,12658971281033833
176.4110,disk0w,1979546824704,18852372,1162976164343
176.4110,disk5,36541435459584,73552635,600701999067139
176.4110,disk5w,225980416,35966,1254168700
176.4110,disk4,39447023678464,39547731,411047274575272
176.4110,disk4w,1447560398848,1495270,591099736239
176.4110,disk8,60271259219968,97865232,960508625114397
176.4110,disk8w,4128768,601,984243925
176.4110,ram,67764224,65483882496,279516
176.4110,cpu,14971993,21742479,519505882
176.4110,gpu,47,8,0
176.6083,disk0,906637377064960,2039709816,12658983709788623
176.6083,disk0w,1979546824704,18852372,1162976164343
176.6083,disk5,36542179629056,73554123,600707899916809
176.6083,disk5w,225980416,35966,1254168700
176.6083,disk4,39447480251392,39548199,411048278970957
176.6083,disk4w,1447560398848,1495270,591099736239
176.6083,disk8,60272230414336,97867088,960518411303563
176.6083,disk8w,4128768,601,984243925
176.6083,ram,67764224,65483882496,279516
176.6083,cpu,14971993,21742479,519505882
176.6083,gpu,87,0,0
176.8033,disk0,906639234748416,2039714107,12658992200825161
176.8033,disk0w,1979546824704,18852372,1162976164343
176.8033,disk5,36543009609728,73555825,600714119300710
176.8033,disk5w,225980416,35966,1254168700
176.8033,disk4,39448200360960,39548937,411049447521083
176.8033,disk4w,1447560398848,1495270,591099736239
176.8033,disk8,60273558386688,97868932,960530069564197
176.8033,disk8w,4128768,601,984243925
176.8033,ram,71467008,65079803904,279516
176.8033,cpu,14972013,21742595,519507600
176.8033,gpu,22,0,0
177.0110,disk0,906641426771968,2039717648,12659000370867798
177.0110,disk0w,1979546939392,18852385,1162976405797
177.0110,disk5,36543563528192,73556955,600717536847921
177.0110,disk5w,225980416,35966,1254168700
177.0110,disk4,39448759907328,39549510,411050062271424
177.0110,disk4w,1447560398848,1495270,591099736239
177.0110,disk8,60274963183616,97870633,960543260892558
177.0110,disk8w,4128768,601,984243925
177.0110,ram,70369280,65086226432,279516
177.0110,cpu,14972013,21742595,519507600
177.0110,gpu,27,0,0
177.2110,disk0,906643598241792,2039721870,12659012037989985
177.2110,disk0w,1979546939392,18852385,1162976405797
177.2110,disk5,36544276543488,73558418,600722911808970
177.2110,disk5w,225980416,35966,1254168700
177.2110,disk4,39449271743488,39550035,411050634211499
177.2110,disk4w,1447560398848,1495270,591099736239
177.2110,disk8,60276331411456,97872682,960555124001091
177.2110,disk8w,4128768,601,984243925
177.2110,ram,70369280,65086226432,279516
177.2110,cpu,14972013,21742595,519507600
177.2110,gpu,24,0,0
177.4015,disk0,906645932568576,2039726780,12659026878938546
177.4015,disk0w,1979546939392,18852385,1162976405797
177.4015,disk5,36545019148288,73559898,600728144757695
177.4015,disk5w,225980416,35966,1254168700
177.4015,disk4,39449877689344,39550656,411051440377078
177.4015,disk4w,1447560398848,1495270,591099736239
177.4015,disk8,60277494904832,97874522,960563453864220
177.4015,disk8w,4128768,601,984243925
177.4015,ram,70369280,65086226432,279516
177.4015,cpu,14972013,21742595,519507600
177.4015,gpu,30,1,0
177.6110,disk0,906648548962304,2039732417,12659048742039860
177.6110,disk0w,1979546939392,18852385,1162976405797
177.6110,disk5,36545622808576,73561084,600730759971007
177.6110,disk5w,225980416,35966,1254168700
177.6110,disk4,39450457289728,39551250,411052175017300
177.6110,disk4w,1447560398848,1495270,591099736239
177.6110,disk8,60278742824960,97876884,960574666039435
177.6110,disk8w,4128768,601,984243925
177.6110,ram,70369280,65086226432,279516
177.6110,cpu,14972013,21742595,519507600
177.6110,gpu,45,0,0
177.8110,disk0,906650567917568,2039741140,12659063322095723
177.8110,disk0w,1979546939392,18852385,1162976405797
177.8110,disk5,36546401335296,73562619,600736556408356
177.8110,disk5w,225980416,35966,1254168700
177.8110,disk4,39451028108288,39551835,411052895450238
177.8110,disk4w,1447560398848,1495270,591099736239
177.8110,disk8,60280113203200,97879306,960587536599381
177.8110,disk8w,4128768,601,984243925
177.8110,ram,181911552,63433719808,279516
177.8110,cpu,14972030,21742716,519509286
177.8110,gpu,41,0,0
178.0059,disk0,906652438937600,2039744460,12659074103009557
178.0059,disk0w,1979546939392,18852385,1162976405797
178.0059,disk5,36547037083648,73563887,600740762023481
178.0059,disk5w,225980416,35966,1254168700
178.0059,disk4,39451616408576,39552438,411054634101323
178.0059,disk4w,1447560398848,1495270,591099736239
178.0059,disk8,60281144985600,97881412,960599216875517
178.0059,disk8w,4128768,601,984243925
178.0059,ram,180748288,63490555904,279516
178.0059,cpu,14972030,21742717,519509309
178.0059,gpu,0,0,0
178.2014,disk0,906654173962240,2039749335,12659081971366186
178.2014,disk0w,1979546939392,18852385,1162976405797
178.2014,disk5,36547625064448,73565092,600744125834590
178.2014,disk5w,225980416,35966,1254168700
178.2014,disk4,39452143318016,39552978,411055270945322
178.2014,disk4w,1447560398848,1495270,591099736239
178.2014,disk8,60282469615616,97883255,960613226921015
178.2014,disk8w,4128768,601,984243925
178.2014,ram,180748288,63490555904,279516
178.2014,cpu,14972030,21742717,519509309
178.2014,gpu,28,0,0
178.4110,disk0,906655972073472,2039752604,12659088306600386
178.4110,disk0w,1979546939392,18852385,1162976405797
178.4110,disk5,36548414552064,73566710,600749953015146
178.4110,disk5w,225980416,35966,1254168700
178.4110,disk4,39452679009280,39553527,411055939472171
178.4110,disk4w,1447560398848,1495270,591099736239
178.4110,disk8,60283946518528,97884961,960626315270070
178.4110,disk8w,4128768,601,984243925
178.4110,ram,180748288,63490555904,279516
178.4110,cpu,14972030,21742717,519509309
178.4110,gpu,0,0,0
178.6110,disk0,906658218913792,2039756986,12659101796420631
178.6110,disk0w,1979546939392,18852385,1162976405797
178.6110,disk5,36549059983360,73568033,600754575275501
178.6110,disk5w,225980416,35966,1254168700
178.6110,disk4,39453272634368,39554135,411056755553452
178.6110,disk4w,1447560398848,1495270,591099736239
178.6110,disk8,60285113141248,97886759,960636774582523
178.6110,disk8w,4128768,601,984243925
178.6110,ram,180748288,63490555904,279516
178.6110,cpu,14972030,21742717,519509309
178.6110,gpu,38,0,0
178.8110,disk0,906660369543168,2039761520,12659115154600463
178.8110,disk0w,1979546939392,18852385,1162976405797
178.8110,disk5,36549802883072,73569528,600758915528141
178.8110,disk5w,225980416,35966,1254168700
178.8110,disk4,39453820646400,39554697,411057471989473
178.8110,disk4w,1447560398848,1495270,591099736239
178.8110,disk8,60286451107840,97888703,960648114570818
178.8110,disk8w,4128768,601,984243925
178.8110,ram,238338048,64901087232,279516
178.8110,cpu,14972055,21742827,519510936
178.8110,gpu,0,0,0
179.0041,disk0,906662752976896,2039766844,12659135424737830
179.0041,disk0w,1979546939392,18852385,1162976405797
179.0041,disk5,36550432487424,73570755,600761896829822
179.0041,disk5w,225980416,35966,1254168700
179.0041,disk4,39454338774016,39555228,411058077046262
179.0041,disk4w,1447560398848,1495270,591099736239
179.0041,disk8,60287636899840,97890706,960657212942662
179.0041,disk8w,4128768,601,984243925
179.0041,ram,238256128,65030193152,279516
179.0041,cpu,14972056,21742832,519511027
179.0041,gpu,28,1,0
179.2027,disk0,906664702992384,2039771222,12659145753330590
179.2027,disk0w,1979546939392,18852385,1162976405797
179.2027,disk5,36550958905344,73571793,600764328859065
179.2027,disk5w,225980416,35966,1254168700
179.2027,disk4,39454892028928,39555795,411058717032984
179.2027,disk4w,1447560398848,1495270,591099736239
179.2027,disk8,60288998115328,97893118,960675676379162
179.2027,disk8w,4128768,601,984243925
179.2027,ram,238256128,65030193152,279516
179.2027,cpu,14972056,21742832,519511027
179.2027,gpu,39,0,0
179.4098,disk0,906667213221888,2039783640,12659170011356941
179.4098,disk0w,1979546939392,18852385,1162976405797
179.4098,disk5,36551579351040,73573020,600767429385990
179.4098,disk5w,225980416,35966,1254168700
179.4098,disk4,39455497974784,39556416,411059495854774
179.4098,disk4w,1447560398848,1495270,591099736239
179.4098,disk8,60290173487104,97895410,960684574059528
179.4098,disk8w,4128768,601,984243925
179.4098,ram,238256128,65030193152,279516
179.4098,cpu,14972056,21742832,519511027
179.4098,gpu,41,1,0
179.6110,disk0,906669071998976,2039793249,12659185044009855
179.6110,disk0w,1979546939392,18852385,1162976405797
179.6110,disk5,36552243001344,73574376,600772576386471
179.6110,disk5w,225980416,35966,1254168700
179.6110,disk4,39456086275072,39557019,411060758489359
179.6110,disk4w,1447560398848,1495270,591099736239
179.6110,disk8,60291232745472,97897173,960693388493201
179.6110,disk8w,4128768,601,984243925
179.6110,ram,238256128,65030193152,279516
179.6110,cpu,14972056,21742832,519511027
179.6110,gpu,0,0,0
179.8110,disk0,906671182675968,2039796800,12659193315775681
179.8110,disk0w,1979550408704,18852599,1162981016012
179.8110,disk5,36553022814208,73575973,600778012358528
179.8110,disk5w,225980416,35966,1254168700
179.8110,disk4,39456692220928,39557640,411061679799987
179.8110,disk4w,1447560398848,1495270,591099736239
179.8110,disk8,60292472686592,97898686,960704317145038
179.8110,disk8w,4128768,601,984243925
179.8110,ram,289800192,65057226752,279516
179.8110,cpu,14972073,21742954,519512574
179.8110,gpu,31,0,0
180.0110,disk0,906672943378432,2039800296,12659201638662498
180.0110,disk0w,1979550408704,18852599,1162981016012
180.0110,disk5,36553766467584,73577496,600786077007793
180.0110,disk5w,225980416,35966,1254168700
180.0110,disk4,39457236694016,39558198,411062458721186
180.0110,disk4w,1447560398848,1495270,591099736239
180.0110,disk8,60293728782336,97900394,960715634458789
180.0110,disk8w,4128768,601,984243925
180.0110,ram,292175872,65091698688,279516
180.0110,cpu,14972073,21742957,519512595
180.0110,gpu,29,0,0
180.2110,disk0,906675075518464,2039804871,12659213191664460
180.2110,disk0w,1979550408704,18852599,1162981016012
180.2110,disk5,36554520999936,73579043,600790139919307
180.2110,disk5w,225980416,35966,1254168700
180.2110,disk4,39457772385280,39558747,411063253418301
180.2110,disk4w,1447560398848,1495270,591099736239
180.2110,disk8,60295066224640,97902338,960728295966430
180.2110,disk8w,4128768,601,984243925
180.2110,ram,292175872,65091698688,279516
180.2110,cpu,14972073,21742957,519512595
180.2110,gpu,27,0,0
180.4076,disk0,906677360308224,2039809625,12659225997613186
180.4076,disk0w,1979550408704,18852599,1162981016012
180.4076,disk5,36555195529216,73580356,600793577214692
180.4076,disk5w,225980416,35966,1254168700
180.4076,disk4,39458369549312,39559359,411063998403140
180.4076,disk4w,1447560398848,1495270,591099736239
180.4076,disk8,60296381974528,97904583,960740716594066
180.4076,disk8w,4128768,601,984243925
180.4076,ram,292175872,65091698688,279516
180.4076,cpu,14972073,21742957,519512595
180.4076,gpu,0,0,0
180.6110,disk0,906679589113856,2039814559,12659237297548930
180.6110,disk0w,1979550408704,18852599,1162981016012
180.6110,disk5,36555907250176,73581765,600797560255428
180.6110,disk5w,225980416,35966,1254168700
180.6110,disk4,39458920313856,39559923,411064669615656
180.6110,disk4w,1447560398848,1495270,591099736239
180.6110,disk8,60297766750208,97907120,960756965835376
180.6110,disk8w,4128768,601,984243925
180.6110,ram,292175872,65091698688,279516
180.6110,cpu,14972073,21742957,519512595
180.6110,gpu,42,0,0
180.8110,disk0,906681664376832,2039821766,12659249795974981
180.8110,disk0w,1979550408704,18852599,1162981016012
180.8110,disk5,36556640188416,73583209,600801000502047
180.8110,disk5w,225980416,35966,1254168700
180.8110,disk4,39459599004672,39560619,411065605960787
180.8110,disk4w,1447560398848,1495270,591099736239
180.8110,disk8,60299157932032,97909617,960773640610322
180.8110,disk8w,4128768,601,984243925
180.8110,ram,292175872,65091698688,279516
180.8110,cpu,14972073,21742957,519512595
180.8110,gpu,39,0,0
181.0110,disk0,906683528081408,2039825292,12659259494145233
181.0110,disk0w,1979550408704,18852599,1162981016012
181.0110,disk5,36557478393856,73584893,600810281425565
181.0110,disk5w,225980416,35966,1254168700
181.0110,disk4,39460081972224,39561114,411066498622825
181.0110,disk4w,1447560398848,1495270,591099736239
181.0110,disk8,60300108777472,97911372,960780350830579
181.0110,disk8w,4128768,601,984243925
181.0110,ram,335314944,63450251264,279516
181.0110,cpu,14972090,21743064,519514328
181.0110,gpu,38,0,0
181.2110,disk0,906685577564160,2039834024,12659269353672719
181.2110,disk0w,1979550408704,18852599,1162981016012
181.2110,disk5,36558328772608,73586639,600818409079073
181.2110,disk5w,225980416,35966,1254168700
181.2110,disk4,39460708627456,39561756,411067395484317
181.2110,disk4w,1447560398848,1495270,591099736239
181.2110,disk8,60301385893888,97913079,960789296085754
181.2110,disk8w,4128768,601,984243925
181.2110,ram,335314944,63450251264,279516
181.2110,cpu,14972090,21743064,519514328
181.2110,gpu,44,0,0
181.4110,disk0,906687338897408,2039836946,12659274980919351
181.4110,disk0w,1979550408704,18852599,1162981016012
181.4110,disk5,36559030663168,73588077,600825185391330
181.4110,disk5w,225980416,35966,1254168700
181.4110,disk4,39461346554880,39562410,411068228794516
181.4110,disk4w,1447560398848,1495270,591099736239
181.4110,disk8,60302705870848,97914807,960801710084862
181.4110,disk8w,4128768,601,984243925
181.4110,ram,335314944,63450251264,279516
181.4110,cpu,14972090,21743064,519514328
181.4110,gpu,30,2,0
181.6077,disk0,906688905797632,2039840187,12659281230434820
181.6077,disk0w,1979550408704,18852599,1162981016012
181.6077,disk5,36559785195520,73589623,600829489466256
181.6077,disk5w,225980416,35966,1254168700
181.6077,disk4,39461820773376,39562896,411068865232067
181.6077,disk4w,1447560398848,1495270,591099736239
181.6077,disk8,60304065660928,97916627,960816852747440
181.6077,disk8w,4128768,601,984243925
181.6077,ram,335314944,63450251264,279516
181.6077,cpu,14972090,21743064,519514328
181.6077,gpu,35,0,0
181.8110,disk0,906691009323008,2039844765,12659292536899763
181.8110,disk0w,1979550408704,18852599,1162981016012
181.8110,disk5,36560495867904,73591045,600834093604203
181.8110,disk5w,225980416,35966,1254168700
181.8110,disk4,39462411252736,39563501,411069578635914
181.8110,disk4w,1447560398848,1495270,591099736239
181.8110,disk8,60305401890816,97918686,960830120522549
181.8110,disk8w,4128768,601,984243925
181.8110,ram,335314944,63450251264,279516
181.8110,cpu,14972090,21743064,519514328
181.8110,gpu,37,0,0
182.0110,disk0,906693541896192,2039850278,12659309047756849
182.0110,disk0w,1979550408704,18852599,1162981016012
182.0110,disk5,36561258805248,73592535,600838259942694
182.0110,disk5w,225980416,35966,1254168700
182.0110,disk4,39463032665088,39564138,411070476175659
182.0110,disk4w,1447560398848,1495270,591099736239
182.0110,disk8,60306662180864,97920979,960841543778107
182.0110,disk8w,4128768,601,984243925
182.0110,ram,354189312,65011695616,279516
182.0110,cpu,14972109,21743165,519516060
182.0110,gpu,47,0,0
182.2015,disk0,906695371141120,2039855091,12659320551003279
182.2015,disk0w,1979550408704,18852599,1162981016012
182.2015,disk5,36561862080512,73593727,600841544356253
182.2015,disk5w,225980416,35966,1254168700
182.2015,disk4,39463542010880,39564660,411071096661029
182.2015,disk4w,1447560398848,1495270,591099736239
182.2015,disk8,60307937658880,97923056,960856475112257
182.2015,disk8w,4128768,601,984243925
182.2015,ram,354189312,65011695616,279516
182.2015,cpu,14972109,21743165,519516060
182.2015,gpu,28,0,0
182.4110,disk0,906697537949696,2039862948,12659333490115241
182.4110,disk0w,1979550408704,18852599,1162981016012
182.4110,disk5,36562575226880,73595141,600845987845938
182.4110,disk5w,225980416,35966,1254168700
182.4110,disk4,39464121611264,39565254,411071863623191
182.4110,disk4w,1447560398848,1495270,591099736239
182.4110,disk8,60309231454208,97925657,960872500179427
182.4110,disk8w,4128768,601,984243925
182.4110,ram,354189312,65011695616,279516
182.4110,cpu,14972109,21743165,519516060
182.4110,gpu,37,2,0
182.6061,disk0,906699347283968,2039866670,12659342999719514
182.6061,disk0w,1979550408704,18852599,1162981016012
182.6061,disk5,36563332380672,73596693,600852478695747
182.6061,disk5w,225980416,35966,1254168700
182.6061,disk4,39464674817024,39565821,411072799786956
182.6061,disk4w,1447560398848,1495270,591099736239
182.6061,disk8,60310356035584,97927332,960882605233071
182.6061,disk8w,4128768,601,984243925
182.6061,ram,354189312,65011695616,279516
182.6061,cpu,14972109,21743165,519516060
182.6061,gpu,23,0,0
182.8110,disk0,906701667803136,2039870404,12659356819028051
182.8110,disk0w,1979550408704,18852599,1162981016012
182.8110,disk5,36564013053952,73598085,600858916700117
182.8110,disk5w,225980416,35966,1254168700
182.8110,disk4,39465201726464,39566361,411073578465028
182.8110,disk4w,1447560398848,1495270,591099736239
182.8110,disk8,60311512139776,97928690,960889520740536
182.8110,disk8w,4128768,601,984243925
182.8110,ram,354189312,65011695616,279516
182.8110,cpu,14972109,21743165,519516060
182.8110,gpu,26,0,0
183.0110,disk0,906704126246912,2039874871,12659373142439676
183.0110,disk0w,1979550408704,18852599,1162981016012
183.0110,disk5,36564584773632,73599258,600862157250719
183.0110,disk5w,225980416,35966,1254168700
183.0110,disk4,39465693508608,39566865,411074150193609
183.0110,disk4w,1447560398848,1495270,591099736239
183.0110,disk8,60312707926016,97930339,960897976183027
183.0110,disk8w,4128768,601,984243925
183.0110,ram,363872256,65062240256,279516
183.0110,cpu,14972133,21743297,519517878
183.0110,gpu,36,0,0
183.2110,disk0,906706379407360,2039879200,12659385351503459
183.2110,disk0w,1979550408704,18852599,1162981016012
183.2110,disk5,36565282093056,73600686,600866015123370
183.2110,disk5w,225980416,35966,1254168700
183.2110,disk4,39466246763520,39567432,411074922012577
183.2110,disk4w,1447560398848,1495270,591099736239
183.2110,disk8,60313892718592,97932020,960908457746743
183.2110,disk8w,4128768,601,984243925
183.2110,ram,363872256,65062240256,279516
183.2110,cpu,14972133,21743297,519517878
183.2110,gpu,0,0,0
183.4014,disk0,906708638892032,2039883777,12659400373302117
183.4014,disk0w,1979550408704,18852599,1162981016012
183.4014,disk5,36565875177472,73601844,600868996593884
183.4014,disk5w,225980416,35966,1254168700
183.4014,disk4,39466685854720,39567882,411075456205297
183.4014,disk4w,1447560398848,1495270,591099736239
183.4014,disk8,60315133675520,97934041,960919554792742
183.4014,disk8w,4128768,601,984243925
183.4014,ram,363872256,65062240256,279516
183.4014,cpu,14972133,21743297,519517878
183.4014,gpu,28,0,0
183.6110,disk0,906710954655744,2039888772,12659414117452628
183.6110,disk0w,1979550408704,18852599,1162981016012
183.6110,disk5,36566764451840,73603593,600875723260160
183.6110,disk5w,225980416,35966,1254168700
183.6110,disk4,39467274236928,39568485,411076194660678
183.6110,disk4w,1447560398848,1495270,591099736239
183.6110,disk8,60316475934720,97936545,960933759752990
183.6110,disk8w,4128768,601,984243925
183.6110,ram,363872256,65062240256,279516
183.6110,cpu,14972133,21743297,519517878
183.6110,gpu,38,0,0
183.8060,disk0,906712914296832,2039897668,12659431656189370
183.8060,disk0w,1979550408704,18852599,1162981016012
183.8060,disk5,36567391959040,73604831,600879321261116
183.8060,disk5w,225980416,35966,1254168700
183.8060,disk4,39467795510272,39569019,411076998006041
183.8060,disk4w,1447560398848,1495270,591099736239
183.8060,disk8,60317665544192,97938517,960946169097713
183.8060,disk8w,4128768,601,984243925
183.8060,ram,363872256,65062240256,279516
183.8060,cpu,14972133,21743297,519517878
183.8060,gpu,26,0,0
184.0033,disk0,906715022000128,2039901459,12659443756284311
184.0033,disk0w,1979550408704,18852599,1162981016012
184.0033,disk5,36568058755072,73606153,600884071381384
184.0033,disk5w,225980416,35966,1254168700
184.0033,disk4,39468205110272,39569439,411077447480276
184.0033,disk4w,1447560398848,1495270,591099736239
184.0033,disk8,60318731552768,97940716,960955753863853
184.0033,disk8w,4128768,601,984243925
184.0033,ram,400670720,63519260672,279516
184.0033,cpu,14972154,21743408,519519481
184.0033,gpu,38,0,0
184.2110,disk0,906717049552896,2039907790,12659455321796512
184.2110,disk0w,1979550408704,18852599,1162981016012
184.2110,disk5,36568695699456,73607456,600889087489237
184.2110,disk5w,225980416,35966,1254168700
184.2110,disk4,39468925088768,39570177,411080082160118
184.2110,disk4w,1447560398848,1495270,591099736239
184.2110,disk8,60319924193280,97942534,960966976335925
184.2110,disk8w,4128768,601,984243925
184.2110,ram,400670720,63519260672,279516
184.2110,cpu,14972154,21743408,519519481
184.2110,gpu,35,0,0
184.4110,disk0,906719366807552,2039911869,12659467147696479
184.4110,disk0w,1979550408704,18852599,1162981016012
184.4110,disk5,36569388947456,73608874,600894331049555
184.4110,disk5w,225980416,35966,1254168700
184.4110,disk4,39469469561856,39570735,411080872796814
184.4110,disk4w,1447560398848,1495270,591099736239
184.4110,disk8,60321213548544,97944003,960975178893894
184.4110,disk8w,4128768,601,984243925
184.4110,ram,400670720,63519260672,279516
184.4110,cpu,14972154,21743408,519519481
184.4110,gpu,31,1,0
184.6110,disk0,906721453789184,2039915951,12659475980871216
184.6110,disk0w,1979550416896,18852601,1162981096553
184.6110,disk5,36570094237696,73610323,600897994149744
184.6110,disk5w,225980416,35966,1254168700
184.6110,disk4,39470154544128,39571437,411081913508033
184.6110,disk4w,1447560398848,1495270,591099736239
184.6110,disk8,60322565703680,97946110,960989768250685
184.6110,disk8w,4128768,601,984243925
184.6110,ram,400670720,63519260672,279516
184.6110,cpu,14972154,21743408,519519481
184.6110,gpu,34,0,0
184.8068,disk0,906723452489728,2039920172,12659487426589128
184.8068,disk0w,1979550416896,18852601,1162981096553
184.8068,disk5,36570831222784,73611821,600901876101950
184.8068,disk5w,225980416,35966,1254168700
184.8068,disk4,39470655108096,39571950,411082584573736
184.8068,disk4w,1447560398848,1495270,591099736239
184.8068,disk8,60323772303360,97947925,961003241699488
184.8068,disk8w,4128768,601,984243925
184.8068,ram,400670720,63519260672,279516
184.8068,cpu,14972154,21743408,519519481
184.8068,gpu,0,0,0
185.0014,disk0,906725952933888,2039925754,12659506493036075
185.0014,disk0w,1979550416896,18852601,1162981096553
185.0014,disk5,36571498018816,73613116,600906060390149
185.0014,disk5w,225980416,35966,1254168700
185.0014,disk4,39471249781760,39572559,411083347738161
185.0014,disk4w,1447560398848,1495270,591099736239
185.0014,disk8,60324925605888,97950026,961012142834379
185.0014,disk8w,4128768,601,984243925
185.0014,ram,419774464,65027784704,279516
185.0014,cpu,14972178,21743514,519521165
185.0014,gpu,41,0,0
185.2110,disk0,906728049299456,2039930552,12659515967397409
185.2110,disk0w,1979550416896,18852601,1162981096553
185.2110,disk5,36572235003904,73614574,600909564182785
185.2110,disk5w,225980416,35966,1254168700
185.2110,disk4,39471871194112,39573196,411084161045200
185.2110,disk4w,1447560398848,1495270,591099736239
185.2110,disk8,60326365054976,97952416,961029387455238
185.2110,disk8w,4128768,601,984243925
185.2110,ram,420036608,65061339136,279516
185.2110,cpu,14972179,21743516,519521205
185.2110,gpu,0,0,0
185.4110,disk0,906730394832896,2039937304,12659535664530271
185.4110,disk0w,1979550416896,18852601,1162981096553
185.4110,disk5,36572849682432,73615788,600913562729415
185.4110,disk5w,225980416,35966,1254168700
185.4110,disk4,39472451843072,39573791,411084846782709
185.4110,disk4w,1447560398848,1495270,591099736239
185.4110,disk8,60327633815552,97954672,961039856897508
185.4110,disk8w,4128768,601,984243925
185.4110,ram,420036608,65061339136,279516
185.4110,cpu,14972179,21743516,519521205
185.4110,gpu,34,0,0
185.6110,disk0,906732339666944,2039941065,12659545856709389
185.6110,disk0w,1979550416896,18852601,1162981096553
185.6110,disk5,36573533501440,73617168,600918113913746
185.6110,disk5w,225980416,35966,1254168700
185.6110,disk4,39472991024128,39574344,411085891942690
185.6110,disk4w,1447560398848,1495270,591099736239
185.6110,disk8,60328757643264,97956707,961053143423856
185.6110,disk8w,4128768,601,984243925
185.6110,ram,420036608,65061339136,279516
185.6110,cpu,14972179,21743516,519521205
185.6110,gpu,22,0,0
185.8110,disk0,906734422401024,2039946683,12659558623759865
185.8110,disk0w,1979550416896,18852601,1162981096553
185.8110,disk5,36574235392000,73618607,600923906894298
185.8110,disk5w,225980416,35966,1254168700
185.8110,disk4,39473632097280,39575001,411086648455803
185.8110,disk4w,1447560398848,1495270,591099736239
185.8110,disk8,60329962489856,97958346,961062639000186
185.8110,disk8w,4128768,601,984243925
185.8110,ram,420036608,65061339136,279516
185.8110,cpu,14972179,21743516,519521205
185.8110,gpu,27,0,0
186.0110,disk0,906736619384832,2039950477,12659568852206696
186.0110,disk0w,1979550416896,18852601,1162981096553
186.0110,disk5,36574779357184,73619721,600926179577803
186.0110,disk5w,225980416,35966,1254168700
186.0110,disk4,39474053624832,39575433,411087184298236
186.0110,disk4w,1447560398848,1495270,591099736239
186.0110,disk8,60331331356672,97960096,961075578850973
186.0110,disk8w,4128768,601,984243925
186.0110,ram,424820736,65097072640,279516
186.0110,cpu,14972194,21743619,519522844
186.0110,gpu,32,0,0
186.2110,disk0,906738502053888,2039954359,12659576389980192
186.2110,disk0w,1979550416896,18852601,1162981096553
186.2110,disk5,36575749953536,73621710,600937634819098
186.2110,disk5w,225980416,35966,1254168700
186.2110,disk4,39474562970624,39575955,411087734254356
186.2110,disk4w,1447560398848,1495270,591099736239
186.2110,disk8,60332622563328,97961862,961084865975466
186.2110,disk8w,4128768,601,984243925
186.2110,ram,423264256,65130643456,279516
186.2110,cpu,14972194,21743622,519522937
186.2110,gpu,25,0,0
186.4077,disk0,906740731834368,2039959267,12659590049756879
186.4077,disk0w,1979550416896,18852601,1162981096553
186.4077,disk5,36576400537600,73623001,600941501927825
186.4077,disk5w,225980416,35966,1254168700
186.4077,disk4,39475151352832,39576558,411088446054664
186.4077,disk4w,1447560398848,1495270,591099736239
186.4077,disk8,60333934020608,97963840,961096836942449
186.4077,disk8w,4128768,601,984243925
186.4077,ram,423264256,65130643456,279516
186.4077,cpu,14972194,21743622,519522937
186.4077,gpu,34,0,0
186.6110,disk0,906743112024064,2039964458,12659604879226541
186.6110,disk0w,1979550416896,18852601,1162981096553
186.6110,disk5,36577136187392,73624439,600947367817714
186.6110,disk5w,225980416,35966,1254168700
186.6110,disk4,39475739735040,39577161,411089161389669
186.6110,disk4w,1447560398848,1495270,591099736239
186.6110,disk8,60335302461440,97966300,961108812669550
186.6110,disk8w,4128768,601,984243925
186.6110,ram,423264256,65130643456,279516
186.6110,cpu,14972194,21743622,519522937
186.6110,gpu,25,0,0
186.8110,disk0,906744946302976,2039969601,12659616162612146
186.8110,disk0w,1979550416896,18852601,1162981096553
186.8110,disk5,36578034382848,73626215,600955718760529
186.8110,disk5w,225980416,35966,1254168700
186.8110,disk4,39476319335424,39577755,411089812888764
186.8110,disk4w,1447560398848,1495270,591099736239
186.8110,disk8,60336588556288,97968546,961122118028979
186.8110,disk8w,4128768,601,984243925
186.8110,ram,423264256,65130643456,279516
186.8110,cpu,14972194,21743622,519522937
186.8110,gpu,0,0,0
187.0110,disk0,906747156127744,2039973671,12659629018384616
187.0110,disk0w,1979550416896,18852601,1162981096553
187.0110,disk5,36578455517184,73627050,600958448982212
187.0110,disk5w,225980416,35966,1254168700
187.0110,disk4,39476951626752,39578403,411090769960450
187.0110,disk4w,1447560398848,1495270,591099736239
187.0110,disk8,60337827661824,97970962,961135810869343
187.0110,disk8w,4128768,601,984243925
187.0110,ram,423264256,65130643456,279516
187.0110,cpu,14972194,21743622,519522937
187.0110,gpu,44,0,0
187.2028,disk0,906748761444352,2039984671,12659641615175034
187.2028,disk0w,1979550416896,18852601,1162981096553
187.2028,disk5,36579081451520,73628333,600965112350780
187.2028,disk5w,225980416,35966,1254168700
187.2028,disk4,39477548708864,39579015,411092508947874
187.2028,disk4w,1447560398848,1495270,591099736239
187.2028,disk8,60338963187712,97972613,961145267470041
187.2028,disk8w,4128768,601,984243925
187.2028,ram,510197760,64856489984,279516
187.2028,cpu,14972208,21743718,519524542
187.2028,gpu,25,0,0
187.4110,disk0,906751000711168,2039988749,12659653011303160
187.4110,disk0w,1979550416896,18852601,1162981096553
187.4110,disk5,36579796064256,73629799,600969705814162
187.4110,disk5w,225980416,35966,1254168700
187.4110,disk4,39478145872896,39579627,411093251294885
187.4110,disk4w,1447560398848,1495270,591099736239
187.4110,disk8,60340322174976,97974230,961156128310045
187.4110,disk8w,4128768,601,984243925
187.4110,ram,510197760,64856489984,279516
187.4110,cpu,14972208,21743718,519524542
187.4110,gpu,26,0,0
187.6023,disk0,906753005993984,2039992699,12659662365208282
187.6023,disk0w,1979550416896,18852601,1162981096553
187.6023,disk5,36580465735680,73631170,600975388806161
187.6023,disk5w,225980416,35966,1254168700
187.6023,disk4,39478716691456,39580212,411094119219160
187.6023,disk4w,1447560398848,1495270,591099736239
187.6023,disk8,60341518649344,97975973,961166611313215
187.6023,disk8w,4128768,601,984243925
187.6023,ram,510197760,64856489984,279516
187.6023,cpu,14972208,21743718,519524542
187.6023,gpu,0,0,0
187.8047,disk0,906755115327488,2039997317,12659674963244405
187.8047,disk0w,1979550416896,18852601,1162981096553
187.8047,disk5,36581280626688,73632841,600982696350438
187.8047,disk5w,225980416,35966,1254168700
187.8047,disk4,39479164564480,39580671,411094623883931
187.8047,disk4w,1447560398848,1495270,591099736239
187.8047,disk8,60342828713984,97977800,961177191623011
187.8047,disk8w,4128768,601,984243925
187.8047,ram,510197760,64856489984,279516
187.8047,cpu,14972208,21743718,519524542
187.8047,gpu,35,0,0
188.0110,disk0,906757674635264,2040002833,12659695307208780
188.0110,disk0w,1979550416896,18852601,1162981096553
188.0110,disk5,36581982517248,73634207,600986133081600
188.0110,disk5w,225980416,35966,1254168700
188.0110,disk4,39479823201280,39581346,411095509211164
188.0110,disk4w,1447560398848,1495270,591099736239
188.0110,disk8,60344038393856,97979931,961186521550041
188.0110,disk8w,4128768,601,984243925
188.0110,ram,510197760,64856489984,279516
188.0110,cpu,14972208,21743718,519524542
188.0110,gpu,31,0,0
188.2068,disk0,906760009080832,2040008096,12659711945762563
188.2068,disk0w,1979550416896,18852601,1162981096553
188.2068,disk5,36582789691392,73635801,600991473876571
188.2068,disk5w,225980416,35966,1254168700
188.2068,disk4,39480372917248,39581909,411096201869816
188.2068,disk4w,1447560398848,1495270,591099736239
188.2068,disk8,60345157404672,97981907,961195398363346
188.2068,disk8w,4128768,601,984243925
188.2068,ram,507068416,65090699264,279516
188.2068,cpu,14972234,21743847,519526241
188.2068,gpu,41,0,0
188.4064,disk0,906762358382592,2040015318,12659731786176145
188.4064,disk0w,1979550416896,18852601,1162981096553
188.4064,disk5,36583471872000,73637152,600995473392319
188.4064,disk5w,225980416,35966,1254168700
188.4064,disk4,39480960250880,39582511,411096883057118
188.4064,disk4w,1447560398848,1495270,591099736239
188.4064,disk8,60346407569408,97984037,961206434020784
188.4064,disk8w,4128768,601,984243925
188.4064,ram,507068416,65090699264,279516
188.4064,cpu,14972234,21743847,519526241
188.4064,gpu,0,0,0
188.6110,disk0,906764283580416,2040018899,12659743139246459
188.6110,disk0w,1979550416896,18852601,1162981096553
188.6110,disk5,36584133482496,73638488,601000537708256
188.6110,disk5w,225980416,35966,1254168700
188.6110,disk4,39481578042368,39583144,411098877002374
188.6110,disk4w,1447560398848,1495270,591099736239
188.6110,disk8,60347497482240,97985943,961215651686435
188.6110,disk8w,4128768,601,984243925
188.6110,ram,507068416,65090699264,279516
188.6110,cpu,14972234,21743847,519526241
188.6110,gpu,39,0,0
188.8110,disk0,906766647472128,2040027766,12659759829607413
188.8110,disk0w,1979550416896,18852601,1162981096553
188.8110,disk5,36584775538688,73639805,601003764634028
188.8110,disk5w,225980416,35966,1254168700
188.8110,disk4,39482202993664,39583785,411099820266077
188.8110,disk4w,1447560398848,1495270,591099736239
188.8110,disk8,60348761491456,97987759,961225580687562
188.8110,disk8w,4128768,601,984243925
188.8110,ram,507068416,65090699264,279516
188.8110,cpu,14972234,21743847,519526241
188.8110,gpu,26,0,0
189.0110,disk0,906768809312256,2040031554,12659768563784175
189.0110,disk0w,1979550416896,18852601,1162981096553
189.0110,disk5,36585369155584,73641022,601006998636658
189.0110,disk5w,225980416,35966,1254168700
189.0110,disk4,39482712339456,39584307,411100515659153
189.0110,disk4w,1447560398848,1495270,591099736239
189.0110,disk8,60350138746880,97989490,961238672341548
189.0110,disk8w,4128768,601,984243925
189.0110,ram,507068416,65090699264,279516
189.0110,cpu,14972234,21743847,519526241
189.0110,gpu,25,0,0
189.2012,disk0,906770834046976,2040035720,12659779271121828
189.2012,disk0w,1979550416896,18852601,1162981096553
189.2012,disk5,36586172282880,73642667,601013563671590
189.2012,disk5w,225980416,35966,1254168700
189.2012,disk4,39483221685248,39584829,411101160185809
189.2012,disk4w,1447560398848,1495270,591099736239
189.2012,disk8,60351413798912,97991212,961248280199105
189.2012,disk8w,4128768,601,984243925
189.2012,ram,513064960,65190723584,279516
189.2012,cpu,14972254,21743963,519527955
189.2012,gpu,38,0,0
189.4111,disk0,906773344698368,2040041211,12659798334514460
189.4111,disk0w,1979550416896,18852601,1162981096553
189.4111,disk5,36586977884160,73644266,601018599586840
189.4111,disk5w,225980416,35966,1254168700
189.4111,disk4,39483862758400,39585486,411101950266344
189.4111,disk4w,1447560398848,1495270,591099736239
189.4111,disk8,60352649562112,97993144,961257294141172
189.4111,disk8w,4128768,601,984243925
189.4111,ram,513064960,65190723584,279516
189.4111,cpu,14972254,21743963,519527955
189.4111,gpu,35,1,0
189.6028,disk0,906775558012928,2040045761,12659811751339871
189.6028,disk0w,1979550416896,18852601,1162981096553
189.6028,disk5,36587808225280,73645895,601023300985430
189.6028,disk5w,225980416,35966,1254168700
189.6028,disk4,39484380886016,39586017,411102648467556
189.6028,disk4w,1447560398848,1495270,591099736239
189.6028,disk8,60353846020096,97995330,961269627691116
189.6028,disk8w,4128768,601,984243925
189.6028,ram,513064960,65190723584,279516
189.6028,cpu,14972254,21743963,519527955
189.6028,gpu,45,0,0
189.8111,disk0,906777667256320,2040052256,12659827015600109
189.8111,disk0w,1979550416896,18852601,1162981096553
189.8111,disk5,36588562757632,73647387,601029406531135
189.8111,disk5w,225980416,35966,1254168700
189.8111,disk4,39484955898880,39586606,411103543213185
189.8111,disk4w,1447560398848,1495270,591099736239
189.8111,disk8,60355167520768,97997561,961282953237911
189.8111,disk8w,4128768,601,984243925
189.8111,ram,513064960,65190723584,279516
189.8111,cpu,14972254,21743963,519527955
189.8111,gpu,34,0,0
190.0111,disk0,906779499921408,2040055726,12659837094724308
190.0111,disk0w,1979550416896,18852601,1162981096553
190.0111,disk5,36589113923584,73648490,601032578231473
190.0111,disk5w,225980416,35966,1254168700
190.0111,disk4,39485557568512,39587223,411105161490480
190.0111,disk4w,1447560398848,1495270,591099736239
190.0111,disk8,60356333832192,97999882,961299470454688
190.0111,disk8w,4128768,601,984243925
190.0111,ram,513064960,65190723584,279516
190.0111,cpu,14972254,21743963,519527955
190.0111,gpu,0,0,0
190.2073,disk0,906781465374720,2040063089,12659849752657030
190.2073,disk0w,1979550416896,18852601,1162981096553
190.2073,disk5,36589913896960,73650132,601037864731132
190.2073,disk5w,225980416,35966,1254168700
190.2073,disk4,39486093259776,39587772,411105910330924
190.2073,disk4w,1447560398848,1495270,591099736239
190.2073,disk8,60357562861568,98001712,961310751219564
190.2073,disk8w,4128768,601,984243925
190.2073,ram,510836736,65068908544,279516
190.2073,cpu,14972271,21744073,519529685
190.2073,gpu,34,0,0
190.4111,disk0,906783694041088,2040066933,12659858035258676
190.4111,disk0w,1979550416896,18852601,1162981096553
190.4111,disk5,36590782494720,73651914,601043176709616
190.4111,disk5w,225980416,35966,1254168700
190.4111,disk4,39486734332928,39588429,411106826412524
190.4111,disk4w,1447560398848,1495270,591099736239
190.4111,disk8,60358945622016,98003520,961321863123603
190.4111,disk8w,4128768,601,984243925
190.4111,ram,510476288,65051770880,279516
190.4111,cpu,14972271,21744073,519529685
190.4111,gpu,0,0,0
190.6111,disk0,906785863577600,2040071035,12659866523126882
190.6111,disk0w,1979550416896,18852601,1162981096553
190.6111,disk5,36591694952448,73653784,601051214112966
190.6111,disk5w,225980416,35966,1254168700
190.6111,disk4,39487366624256,39589077,411107596110095
190.6111,disk4w,1447560398848,1495270,591099736239
190.6111,disk8,60360261437440,98005486,961333309868535
190.6111,disk8w,4128768,601,984243925
190.6111,ram,510476288,65051770880,279516
190.6111,cpu,14972271,21744073,519529685
190.6111,gpu,30,0,0
190.8111,disk0,906788190629888,2040075973,12659880478768886
190.8111,disk0w,1979550416896,18852601,1162981096553
190.8111,disk5,36592537221120,73655467,601056912485351
190.8111,disk5w,225980416,35966,1254168700
190.8111,disk4,39487918830592,39589643,411108344442150
190.8111,disk4w,1447560398848,1495270,591099736239
190.8111,disk8,60361565112320,98007485,961343090474838
190.8111,disk8w,4128768,601,984243925
190.8111,ram,510476288,65051770880,279516
190.8111,cpu,14972271,21744073,519529685
190.8111,gpu,36,0,0
191.0111,disk0,906790581534720,2040081279,12659895966931594
191.0111,disk0w,1979550416896,18852601,1162981096553
191.0111,disk5,36593331640320,73657022,601061682087453
191.0111,disk5w,225980416,35966,1254168700
191.0111,disk4,39488490697728,39590229,411109161725502
191.0111,disk4w,1447560398848,1495270,591099736239
191.0111,disk8,60362897623040,98009829,961354715280096
191.0111,disk8w,4128768,601,984243925
191.0111,ram,510476288,65051770880,279516
191.0111,cpu,14972271,21744073,519529685
191.0111,gpu,0,0,0
191.2059,disk0,906792562229248,2040086237,12659909234536933
191.2059,disk0w,1979550416896,18852601,1162981096553
191.2059,disk5,36594072614912,73658489,601066707472435
191.2059,disk5w,225980416,35966,1254168700
191.2059,disk4,39489263498240,39591021,411110634758933
191.2059,disk4w,1447560398848,1495270,591099736239
191.2059,disk8,60364120590336,98011913,961365108332465
191.2059,disk8w,4128768,601,984243925
191.2059,ram,518193152,63475286016,279516
191.2059,cpu,14972288,21744185,519531408
191.2059,gpu,0,0,0
191.4012,disk0,906794659602432,2040091119,12659919652695900
191.4012,disk0w,1979550416896,18852601,1162981096553
191.4012,disk5,36594697123840,73659724,601070342129754
191.4012,disk5w,225980416,35966,1254168700
191.4012,disk4,39489878225920,39591651,411111478706467
191.4012,disk4w,1447560398848,1495270,591099736239
191.4012,disk8,60365397936128,98014569,961382455343433
191.4012,disk8w,4128768,601,984243925
191.4012,ram,518193152,63475286016,279516
191.4012,cpu,14972288,21744185,519531408
191.4012,gpu,46,2,0
191.6111,disk0,906796748578816,2040097967,12659934275752383
191.6111,disk0w,1979550416896,18852601,1162981096553
191.6111,disk5,36595425327104,73661216,601077638865807
191.6111,disk5w,225980416,35966,1254168700
191.6111,disk4,39490387522560,39592173,411112470189746
191.6111,disk4w,1447560398848,1495270,591099736239
191.6111,disk8,60366409484288,98016070,961388808114517
191.6111,disk8w,4128768,601,984243925
191.6111,ram,518193152,63475286016,279516
191.6111,cpu,14972288,21744185,519531408
191.6111,gpu,25,0,0
191.8111,disk0,906799096061952,2040102013,12659946888200306
191.8111,disk0w,1979550416896,18852601,1162981096553
191.8111,disk5,36596280948736,73662969,601083907337244
191.8111,disk5w,225980416,35966,1254168700
191.8111,disk4,39490909844480,39592708,411113082852776
191.8111,disk4w,1447560398848,1495270,591099736239
191.8111,disk8,60367711012864,98017536,961395860279439
191.8111,disk8w,4128768,601,984243925
191.8111,ram,518193152,63475286016,279516
191.8111,cpu,14972288,21744185,519531408
191.8111,gpu,0,0,0
192.0089,disk0,906801160073216,2040106082,12659958918001659
192.0089,disk0w,1979550416896,18852601,1162981096553
192.0089,disk5,36596900599808,73664240,601087497851197
192.0089,disk5w,225980416,35966,1254168700
192.0089,disk4,39491546723328,39593361,411113806941148
192.0089,disk4w,1447560398848,1495270,591099736239
192.0089,disk8,60368998549504,98019498,961408256172338
192.0089,disk8w,4128768,601,984243925
192.0089,ram,518193152,63475286016,279516
192.0089,cpu,14972288,21744185,519531408
192.0089,gpu,0,0,0
192.2103,disk0,906803379515392,2040110743,12659970107250210
192.2103,disk0w,1979550416896,18852601,1162981096553
192.2103,disk5,36597695739904,73665852,601091904534262
192.2103,disk5w,225980416,35966,1254168700
192.2103,disk4,39492064850944,39593892,411114499225638
192.2103,disk4w,1447560398848,1495270,591099736239
192.2103,disk8,60370346608640,98021367,961420682040705
192.2103,disk8w,4128768,601,984243925
192.2103,ram,516538368,64970145792,279516
192.2103,cpu,14972307,21744292,519533113
192.2103,gpu,32,0,0
192.4111,disk0,906805679730688,2040115801,12659983325537538
192.4111,disk0w,1979550416896,18852601,1162981096553
192.4111,disk5,36598371694592,73667163,601095362178088
192.4111,disk5w,225980416,35966,1254168700
192.4111,disk4,39492653233152,39594495,411115252906514
192.4111,disk4w,1447560398848,1495270,591099736239
192.4111,disk8,60371704547328,98023745,961435693978828
192.4111,disk8w,4128768,601,984243925
192.4111,ram,516702208,64970145792,279516
192.4111,cpu,14972308,21744298,519533273
192.4111,gpu,45,2,0
192.6111,disk0,906807910051840,2040120593,12659996904143948
192.6111,disk0w,1979550416896,18852601,1162981096553
192.6111,disk5,36599178491904,73668758,601101740920694
192.6111,disk5w,225980416,35966,1254168700
192.6111,disk4,39493276742656,39595134,411116016608341
192.6111,disk4w,1447560398848,1495270,591099736239
192.6111,disk8,60373046659072,98026209,961448546109264
192.6111,disk8w,4128768,601,984243925
192.6111,ram,516702208,64970145792,279516
192.6111,cpu,14972308,21744298,519533273
192.6111,gpu,44,0,0
192.8111,disk0,906809966329856,2040126227,12660010407266367
192.8111,disk0w,1979550416896,18852601,1162981096553
192.8111,disk5,36599844362240,73670076,601107073764951
192.8111,disk5w,225980416,35966,1254168700
192.8111,disk4,39493737591808,39595606,411116534362847
192.8111,disk4w,1447560398848,1495270,591099736239
192.8111,disk8,60374290302976,98028635,961463177895702
192.8111,disk8w,4128768,601,984243925
192.8111,ram,516702208,64970145792,279516
192.8111,cpu,14972308,21744298,519533273
192.8111,gpu,0,0,0
193.0111,disk0,906811668553728,2040129727,12660018617437016
193.0111,disk0w,1979550416896,18852601,1162981096553
193.0111,disk5,36600517040128,73671439,601113032148624
193.0111,disk5w,225980416,35966,1254168700
193.0111,disk4,39494163657728,39596043,411117484759730
193.0111,disk4w,1447560398848,1495270,591099736239
193.0111,disk8,60375379036160,98030498,961474917631586
193.0111,disk8w,4128768,601,984243925
193.0111,ram,516702208,64970145792,279516
193.0111,cpu,14972308,21744298,519533273
193.0111,gpu,29,0,0
193.2111,disk0,906813808779264,2040135425,12660031473959371
193.2111,disk0w,1979550416896,18852601,1162981096553
193.2111,disk5,36601179781120,73672798,601117358840511
193.2111,disk5w,225980416,35966,1254168700
193.2111,disk4,39494772749312,39596667,411118301394482
193.2111,disk4w,1447560398848,1495270,591099736239
193.2111,disk8,60376661788672,98032226,961486270387600
193.2111,disk8w,4128768,601,984243925
193.2111,ram,517111808,65063911424,279516
193.2111,cpu,14972335,21744420,519534742
193.2111,gpu,30,0,0
193.4012,disk0,906815499821056,2040138252,12660036653975774
193.4012,disk0w,1979550416896,18852601,1162981096553
193.4012,disk5,36601795508224,73674060,601123469472878
193.4012,disk5w,225980416,35966,1254168700
193.4012,disk4,39495199912960,39597105,411118797870292
193.4012,disk4w,1447560398848,1495270,591099736239
193.4012,disk8,60377953290240,98033866,961498845512088
193.4012,disk8w,4128768,601,984243925
193.4012,ram,513736704,65063911424,279516
193.4012,cpu,14972335,21744422,519534836
193.4012,gpu,0,0,0
193.6111,disk0,906817673736192,2040142391,12660047616979540
193.6111,disk0w,1979550416896,18852601,1162981096553
193.6111,disk5,36602723416064,73675964,601133015048227
193.6111,disk5w,225980416,35966,1254168700
193.6111,disk4,39495779513344,39597699,411119500145315
193.6111,disk4w,1447560398848,1495270,591099736239
193.6111,disk8,60379301169152,98035963,961507611887632
193.6111,disk8w,4128768,601,984243925
193.6111,ram,513736704,65063911424,279516
193.6111,cpu,14972335,21744422,519534836
193.6111,gpu,31,0,0
193.8028,disk0,906819838144512,2040147199,12660060495848058
193.8028,disk0w,1979550416896,18852601,1162981096553
193.8028,disk5,36603241068544,73676998,601135554148667
193.8028,disk5w,225980416,35966,1254168700
193.8028,disk4,39496420586496,39598356,411120536310213
193.8028,disk4w,1447560398848,1495270,591099736239
193.8028,disk8,60380582938624,98037975,961520614268102
193.8028,disk8w,4128768,601,984243925
193.8028,ram,513736704,65063911424,279516
193.8028,cpu,14972335,21744422,519534836
193.8028,gpu,34,0,0
194.0111,disk0,906822166265856,2040152366,12660075293543696
194.0111,disk0w,1979550416896,18852601,1162981096553
194.0111,disk5,36603978053632,73678436,601139851665599
194.0111,disk5w,225980416,35966,1254168700
194.0111,disk4,39496982623232,39598932,411121168467223
194.0111,disk4w,1447560398848,1495270,591099736239
194.0111,disk8,60381942433792,98040279,961534523373959
194.0111,disk8w,4128768,601,984243925
194.0111,ram,513736704,65063911424,279516
194.0111,cpu,14972335,21744422,519534836
194.0111,gpu,0,0,0
194.2039,disk0,906824190468096,2040159143,12660088409490154
194.2039,disk0w,1979550416896,18852601,1162981096553
194.2039,disk5,36604770301952,73680001,601144772323376
194.2039,disk5w,225980416,35966,1254168700
194.2039,disk4,39497588569088,39599553,411121938496431
194.2039,disk4w,1447560398848,1495270,591099736239
194.2039,disk8,60383277074432,98042670,961549375803365
194.2039,disk8w,4128768,601,984243925
194.2039,ram,513736704,65063911424,279516
194.2039,cpu,14972335,21744422,519534836
194.2039,gpu,28,0,0
194.4071,disk0,906826056671232,2040162776,12660097073172783
194.4071,disk0w,1979550416896,18852601,1162981096553
194.4071,disk5,36605232691200,73680917,601147232240733
194.4071,disk5w,225980416,35966,1254168700
194.4071,disk4,39498176951296,39600156,411122775842564
194.4071,disk4w,1447560398848,1495270,591099736239
194.4071,disk8,60384467585024,98045106,961565635030222
194.4071,disk8w,4128768,601,984243925
194.4071,ram,518193152,63484166144,279516
194.4071,cpu,14972352,21744536,519536554
194.4071,gpu,65,2,0
194.6111,disk0,906828109660160,2040166725,12660106140072134
194.6111,disk0w,1979550416896,18852601,1162981096553
194.6111,disk5,36606047303680,73682587,601151989334680
194.6111,disk5w,225980416,35966,1254168700
194.6111,disk4,39498806670336,39600801,411124347805978
194.6111,disk4w,1447560398848,1495270,591099736239
194.6111,disk8,60385807222784,98047058,961580065763476
194.6111,disk8w,4128768,601,984243925
194.6111,ram,518193152,63484166144,279516
194.6111,cpu,14972352,21744536,519536554
194.6111,gpu,27,0,0
194.8111,disk0,906830372880384,2040170478,12660117638405324
194.8111,disk0w,1979550416896,18852601,1162981096553
194.8111,disk5,36606842992640,73684217,601159783812555
194.8111,disk5w,225980416,35966,1254168700
194.8111,disk4,39499327288320,39601335,411124955574184
194.8111,disk4w,1447560398848,1495270,591099736239
194.8111,disk8,60387035564032,98048519,961587117252204
194.8111,disk8w,4128768,601,984243925
194.8111,ram,518193152,63484166144,279516
194.8111,cpu,14972352,21744536,519536554
194.8111,gpu,0,0,0
195.0111,disk0,906832618717184,2040174817,12660130973100766
195.0111,disk0w,1979550416896,18852601,1162981096553
195.0111,disk5,36607507167232,73685578,601163858111314
195.0111,disk5w,225980416,35966,1254168700
195.0111,disk4,39499871761408,39601893,411125610527250
195.0111,disk4w,1447560398848,1495270,591099736239
195.0111,disk8,60388312745984,98050416,961599166026582
195.0111,disk8w,4128768,601,984243925
195.0111,ram,518193152,63484166144,279516
195.0111,cpu,14972352,21744536,519536554
195.0111,gpu,27,0,0
195.2111,disk0,906834850152448,2040179291,12660143474417866
195.2111,disk0w,1979550416896,18852601,1162981096553
195.2111,disk5,36608110442496,73686815,601167977386225
195.2111,disk5w,225980416,35966,1254168700
195.2111,disk4,39500389889024,39602424,411126171823780
195.2111,disk4w,1447560398848,1495270,591099736239
195.2111,disk8,60389574871040,98052306,961612002023816
195.2111,disk8w,4128768,601,984243925
195.2111,ram,518193152,63484166144,279516
195.2111,cpu,14972352,21744536,519536554
195.2111,gpu,26,0,0
195.4111,disk0,906837390098432,2040184422,12660162269575838
195.4111,disk0w,1979550416896,18852601,1162981096553
195.4111,disk5,36608695269376,73687950,601171543836692
195.4111,disk5w,225980416,35966,1254168700
195.4111,disk4,39500969489408,39603018,411126954684418
195.4111,disk4w,1447560398848,1495270,591099736239
195.4111,disk8,60390730893312,98054238,961620849285666
195.4111,disk8w,4128768,601,984243925
195.4111,ram,514654208,64993214464,279516
195.4111,cpu,14972366,21744622,519538169
195.4111,gpu,38,2,0
195.6111,disk0,906839501684736,2040188706,12660174184494194
195.6111,disk0w,1979550416896,18852601,1162981096553
195.6111,disk5,36609461581824,73689463,601177145954871
195.6111,disk5w,225980416,35966,1254168700
195.6111,disk4,39501628126208,39603693,411127846209677
195.6111,disk4w,1447560398848,1495270,591099736239
195.6111,disk8,60391891568640,98056376,961632523275028
195.6111,disk8w,4128768,601,984243925
195.6111,ram,514654208,64993214464,279516
195.6111,cpu,14972366,21744622,519538169
195.6111,gpu,48,0,0
195.8111,disk0,906841692450816,2040198422,12660194810390384
195.8111,disk0w,1979550416896,18852601,1162981096553
195.8111,disk5,36610137159680,73690797,601181242351647
195.8111,disk5w,225980416,35966,1254168700
195.8111,disk4,39502040871936,39604116,411128316102527
195.8111,disk4w,1447560398848,1495270,591099736239
195.8111,disk8,60393160394752,98058418,961644601652373
195.8111,disk8w,4128768,601,984243925
195.8111,ram,514654208,64993214464,279516
195.8111,cpu,14972366,21744622,519538169
195.8111,gpu,34,0,0
196.0028,disk0,906843838988288,2040202562,12660210508943954
196.0028,disk0w,1979550416896,18852601,1162981096553
196.0028,disk5,36610646030336,73691806,601184260945317
196.0028,disk5w,225980416,35966,1254168700
196.0028,disk4,39502523872256,39604611,411129056288520
196.0028,disk4w,1447560398848,1495270,591099736239
196.0028,disk8,60394011248640,98060113,961650252442341
196.0028,disk8w,4128768,601,984243925
196.0028,ram,514654208,64993214464,279516
196.0028,cpu,14972366,21744622,519538169
196.0028,gpu,33,0,0
196.2044,disk0,906846140702720,2040207184,12660224619043708
196.2044,disk0w,1979550416896,18852601,1162981096553
196.2044,disk5,36611406329856,73693362,601190982931006
196.2044,disk5w,225980416,35966,1254168700
196.2044,disk4,39503243899904,39605349,411130933521266
196.2044,disk4w,1447560398848,1495270,591099736239
196.2044,disk8,60395160340480,98061789,961659011996881
196.2044,disk8w,4128768,601,984243925
196.2044,ram,514654208,64993214464,279516
196.2044,cpu,14972366,21744622,519538169
196.2044,gpu,25,0,0
196.4111,disk0,906848734502912,2040211892,12660238261633251
196.4111,disk0w,1979550416896,18852601,1162981096553
196.4111,disk5,36612178933760,73694945,601196123258589
196.4111,disk5w,225980416,35966,1254168700
196.4111,disk4,39503814718464,39605934,411131637143730
196.4111,disk4w,1447560398848,1495270,591099736239
196.4111,disk8,60396500944896,98063423,961666820323630
196.4111,disk8w,4128768,601,984243925
196.4111,ram,515014656,65083965440,279516
196.4111,cpu,14972388,21744745,519540024
196.4111,gpu,33,3,0
196.6029,disk0,906850567659520,2040215690,12660250616408741
196.6029,disk0w,1979550416896,18852601,1162981096553
196.6029,disk5,36612892080128,73696406,601201578868506
196.6029,disk5w,225980416,35966,1254168700
196.6029,disk4,39504262591488,39606393,411132151986943
196.6029,disk4w,1447560398848,1495270,591099736239
196.6029,disk8,60397665224704,98065170,961677041484593
196.6029,disk8w,4128768,601,984243925
196.6029,ram,515014656,65083965440,279516
196.6029,cpu,14972388,21744745,519540024
196.6029,gpu,24,0,0
196.8104,disk0,906852994048000,2040221273,12660267732023437
196.8104,disk0w,1979550416896,18852601,1162981096553
196.8104,disk5,36613681707008,73698005,601207284743036
196.8104,disk5w,225980416,35966,1254168700
196.8104,disk4,39504824628224,39606969,411132826485675
196.8104,disk4w,1447560398848,1495270,591099736239
196.8104,disk8,60398886373376,98067076,961688279872556
196.8104,disk8w,4128768,601,984243925
196.8104,ram,515014656,65083965440,279516
196.8104,cpu,14972388,21744745,519540024
196.8104,gpu,0,0,0
197.0111,disk0,906855217147904,2040226221,12660279428835129
197.0111,disk0w,1979550416896,18852601,1162981096553
197.0111,disk5,36614426556416,73699455,601212736236638
197.0111,disk5w,225980416,35966,1254168700
197.0111,disk4,39505373295616,39607531,411133505824741
197.0111,disk4w,1447560398848,1495270,591099736239
197.0111,disk8,60400252438528,98069637,961703923504785
197.0111,disk8w,4128768,601,984243925
197.0111,ram,515014656,65083965440,279516
197.0111,cpu,14972388,21744745,519540024
197.0111,gpu,24,0,0
197.2111,disk0,906857191092224,2040231414,12660292924799928
197.2111,disk0w,1979550433280,18852602,1162981120969
197.2111,disk5,36615133034496,73700849,601217089840708
197.2111,disk5w,225980416,35966,1254168700
197.2111,disk4,39505913574400,39608085,411134242811174
197.2111,disk4w,1447560398848,1495270,591099736239
197.2111,disk8,60401558996992,98071788,961717098196778
197.2111,disk8w,4128768,601,984243925
197.2111,ram,515014656,65083965440,279516
197.2111,cpu,14972388,21744745,519540024
197.2111,gpu,29,0,0
197.4111,disk0,906859454332928,2040236463,12660304320244117
197.4111,disk0w,1979550433280,18852602,1162981120969
197.4111,disk5,36615857567744,73702288,601221287028479
197.4111,disk5w,225980416,35966,1254168700
197.4111,disk4,39506519520256,39608706,411135103325960
197.4111,disk4w,1447560398848,1495270,591099736239
197.4111,disk8,60402906023936,98074504,961733344450022
197.4111,disk8w,4128768,601,984243925
197.4111,ram,518684672,63498895360,279516
197.4111,cpu,14972406,21744842,519541619
197.4111,gpu,33,1,0
197.6091,disk0,906861459791872,2040243956,12660318721587158
197.6091,disk0w,1979550433280,18852602,1162981120969
197.6091,disk5,36616491890688,73703588,601226103894092
197.6091,disk5w,225980416,35966,1254168700
197.6091,disk4,39507064992768,39609265,411136293266851
197.6091,disk4w,1447560398848,1495270,591099736239
197.6091,disk8,60404032014336,98076191,961743184064088
197.6091,disk8w,4128768,601,984243925
197.6091,ram,518684672,63498895360,279516
197.6091,cpu,14972406,21744842,519541619
197.6091,gpu,0,0,0
197.8111,disk0,906863824232448,2040248252,12660332940402639
197.8111,disk0w,1979550433280,18852602,1162981120969
197.8111,disk5,36617384196096,73705416,601234500436985
197.8111,disk5w,225980416,35966,1254168700
197.8111,disk4,39507690599424,39609906,411137186895210
197.8111,disk4w,1447560398848,1495270,591099736239
197.8111,disk8,60405166606336,98077522,961748119180182
197.8111,disk8w,4128768,601,984243925
197.8111,ram,518684672,63498895360,279516
197.8111,cpu,14972406,21744842,519541619
197.8111,gpu,34,0,0
198.0111,disk0,906865771712512,2040251947,12660342216204270
198.0111,disk0w,1979550433280,18852602,1162981120969
198.0111,disk5,36618252777472,73707196,601245821021526
198.0111,disk5w,225980416,35966,1254168700
198.0111,disk4,39508275835904,39610506,411137817836308
198.0111,disk4w,1447560398848,1495270,591099736239
198.0111,disk8,60406298544128,98079111,961755305196608
198.0111,disk8w,4128768,601,984243925
198.0111,ram,518684672,63498895360,279516
198.0111,cpu,14972406,21744842,519541619
198.0111,gpu,38,0,0
198.2087,disk0,906867910184960,2040256588,12660355261123463
198.2087,disk0w,1979550441472,18852604,1162981159760
198.2087,disk5,36618972215296,73708658,601249983004785
198.2087,disk5w,225980416,35966,1254168700
198.2087,disk4,39508758836224,39611001,411138439273775
198.2087,disk4w,1447560398848,1495270,591099736239
198.2087,disk8,60407548512256,98080934,961767851403116
198.2087,disk8w,4128768,601,984243925
198.2087,ram,518684672,63498895360,279516
198.2087,cpu,14972406,21744842,519541619
198.2087,gpu,39,0,0
198.4111,disk0,906870221705216,2040261720,12660372088727831
198.4111,disk0w,1979550441472,18852604,1162981159760
198.4111,disk5,36619641124864,73709954,601253867816246
198.4111,disk5w,225980416,35966,1254168700
198.4111,disk4,39509283255296,39611538,411139075262585
198.4111,disk4w,1447560398848,1495270,591099736239
198.4111,disk8,60408843601920,98083352,961780748805869
198.4111,disk8w,4128768,601,984243925
198.4111,ram,518832128,65013481472,279516
198.4111,cpu,14972435,21744979,519543308
198.4111,gpu,0,0,0
198.6078,disk0,906872545202176,2040266989,12660385735096614
198.6078,disk0w,1979550441472,18852604,1162981159760
198.6078,disk5,36620438468608,73711527,601259257356331
198.6078,disk5w,225980416,35966,1254168700
198.6078,disk4,39509847782400,39612117,411139939972058
198.6078,disk4w,1447560398848,1495270,591099736239
198.6078,disk8,60410125617152,98085441,961791374625710
198.6078,disk8w,4128768,601,984243925
198.6078,ram,518832128,65013481472,279516
198.6078,cpu,14972435,21744979,519543308
198.6078,gpu,39,0,0
198.8111,disk0,906874923667456,2040274296,12660404532832061
198.8111,disk0w,1979550441472,18852604,1162981159760
198.8111,disk5,36620981385216,73712598,601261750488446
198.8111,disk5w,225980416,35966,1254168700
198.8111,disk4,39510409819136,39612693,411140658553486
198.8111,disk4w,1447560398848,1495270,591099736239
198.8111,disk8,60411434731520,98087961,961806234066980
198.8111,disk8w,4128768,601,984243925
198.8111,ram,518832128,65013481472,279516
198.8111,cpu,14972435,21744979,519543308
198.8111,gpu,37,0,0
199.0090,disk0,906876683542528,2040277678,12660412268461570
199.0090,disk0w,1979550441472,18852604,1162981159760
199.0090,disk5,36621613086720,73713875,601265676472197
199.0090,disk5w,225980416,35966,1254168700
199.0090,disk4,39511018861568,39613317,411142046280119
199.0090,disk4w,1447560398848,1495270,591099736239
199.0090,disk8,60412537079808,98089960,961819663192428
199.0090,disk8w,4128768,601,984243925
199.0090,ram,518832128,65013481472,279516
199.0090,cpu,14972435,21744979,519543308
199.0090,gpu,38,0,0
199.2055,disk0,906878838513664,2040287871,12660427865460369
199.2055,disk0w,1979550441472,18852604,1162981159760
199.2055,disk5,36622309726208,73715302,601272794132263
199.2055,disk5w,225980416,35966,1254168700
199.2055,disk4,39511446025216,39613755,411142550160761
199.2055,disk4w,1447560398848,1495270,591099736239
199.2055,disk8,60413711910912,98091612,961828160173662
199.2055,disk8w,4128768,601,984243925
199.2055,ram,518832128,65013481472,279516
199.2055,cpu,14972435,21744979,519543308
199.2055,gpu,25,0,0
199.4111,disk0,906881272438784,2040292174,12660439766430160
199.4111,disk0w,1979550441472,18852604,1162981159760
199.4111,disk5,36623130015744,73716983,601278906686546
199.4111,disk5w,225980416,35966,1254168700
199.4111,disk4,39511999280128,39614322,411143206046702
199.4111,disk4w,1447560398848,1495270,591099736239
199.4111,disk8,60415061297152,98093336,961837057021753
199.4111,disk8w,4128768,601,984243925
199.4111,ram,518209536,65163575296,279516
199.4111,cpu,14972457,21745099,519544992
199.4111,gpu,34,1,0
199.6075,disk0,906883270184960,2040295895,12660449874417317
199.6075,disk0w,1979550441472,18852604,1162981159760
199.6075,disk5,36623859136512,73718480,601283138412817
199.6075,disk5w,225980416,35966,1254168700
199.6075,disk4,39512534971392,39614871,411143867075609
199.6075,disk4w,1447560398848,1495270,591099736239
199.6075,disk8,60416318130176,98095114,961848564813009
199.6075,disk8w,4128768,601,984243925
199.6075,ram,516718592,65163575296,279516
199.6075,cpu,14972457,21745100,519545018
199.6075,gpu,0,0,0
199.8111,disk0,906885662027776,2040301027,12660465394106514
199.8111,disk0w,1979550441472,18852604,1162981159760
199.8111,disk5,36624606476288,73719974,601288102875789
199.8111,disk5w,225980416,35966,1254168700
199.8111,disk4,39513062929408,39615412,411144569895763
199.8111,disk4w,1447560398848,1495270,591099736239
199.8111,disk8,60417515505664,98097009,961858060346967
199.8111,disk8w,4128768,601,984243925
199.8111,ram,516718592,65163575296,279516
199.8111,cpu,14972457,21745100,519545018
199.8111,gpu,40,0,0
200.0111,disk0,906888027041792,2040305999,12660479151317135
200.0111,disk0w,1979550441472,18852604,1162981159760
200.0111,disk5,36625408538624,73721542,601292915103359
200.0111,disk5w,225980416,35966,1254168700
200.0111,disk4,39513706099712,39616071,411145413121752
200.0111,disk4w,1447560398848,1495270,591099736239
200.0111,disk8,60418790721536,98099244,961869448344881
200.0111,disk8w,4128768,601,984243925
200.0111,ram,516718592,65163575296,279516
200.0111,cpu,14972457,21745100,519545018
200.0111,gpu,0,0,0
200.2071,disk0,906889891012608,2040310688,12660488933454978
200.2071,disk0w,1979550441472,18852604,1162981159760
200.2071,disk5,36626096420864,73722904,601298497755609
200.2071,disk5w,225980416,35966,1254168700
200.2071,disk4,39514264990720,39616644,411146265966062
200.2071,disk4w,1447560398848,1495270,591099736239
200.2071,disk8,60420073572352,98101365,961882547201465
200.2071,disk8w,4128768,601,984243925
200.2071,ram,516718592,65163575296,279516
200.2071,cpu,14972457,21745100,519545018
200.2071,gpu,32,0,0
200.4111,disk0,906892202479616,2040317177,12660504459019370
200.4111,disk0w,1979550441472,18852604,1162981159760
200.4111,disk5,36626833405952,73724363,601303268861039
200.4111,disk5w,225980416,35966,1254168700
200.4111,disk4,39514827027456,39617220,411147208077452
200.4111,disk4w,1447560398848,1495270,591099736239
200.4111,disk8,60421347772416,98104030,961896924632601
200.4111,disk8w,4128768,601,984243925
200.4111,ram,514244608,63562776576,279516
200.4111,cpu,14972476,21745201,519546654
200.4111,gpu,41,1,0
200.6111,disk0,906894237691904,2040324042,12660521105140965
200.6111,disk0w,1979550441472,18852604,1162981159760
200.6111,disk5,36627394918400,73725511,601306012631629
200.6111,disk5w,225980416,35966,1254168700
200.6111,disk4,39515257304064,39617661,411147871111262
200.6111,disk4w,1447560398848,1495270,591099736239
200.6111,disk8,60422427510784,98105688,961907179407183
200.6111,disk8w,4128768,601,984243925
200.6111,ram,514850816,64991281152,279516
200.6111,cpu,14972478,21745213,519546881
200.6111,gpu,26,0,0
200.8014,disk0,906896546476032,2040328255,12660533614068351
200.8014,disk0w,1979550441472,18852604,1162981159760
200.8014,disk5,36628184561664,73727131,601310229099600
200.8014,disk5w,225980416,35966,1254168700
200.8014,disk4,39515792995328,39618210,411148677923534
200.8014,disk4w,1447560398848,1495270,591099736239
200.8014,disk8,60423674808320,98107118,961914821118372
200.8014,disk8w,4128768,601,984243925
200.8014,ram,514850816,64991281152,279516
200.8014,cpu,14972478,21745213,519546881
200.8014,gpu,0,0,0
201.0079,disk0,906898785615872,2040332530,12660542522727916
201.0079,disk0w,1979550441472,18852604,1162981159760
201.0079,disk5,36629079472128,73728965,601319051200681
201.0079,disk5w,225980416,35966,1254168700
201.0079,disk4,39516369056768,39618800,411149369347418
201.0079,disk4w,1447560398848,1495270,591099736239
201.0079,disk8,60425009678336,98109009,961925299664252
201.0079,disk8w,4128768,601,984243925
201.0079,ram,514850816,64991281152,279516
201.0079,cpu,14972478,21745213,519546881
201.0079,gpu,35,0,0
201.2111,disk0,906901117026304,2040337545,12660557592625741
201.2111,disk0w,1979550441472,18852604,1162981159760
201.2111,disk5,36629719037952,73730272,601322633007560
201.2111,disk5w,225980416,35966,1254168700
201.2111,disk4,39516873159680,39619317,411149973282581
201.2111,disk4w,1447560398848,1495270,591099736239
201.2111,disk8,60426333325312,98110947,961937284708824
201.2111,disk8w,4128768,601,984243925
201.2111,ram,514850816,64991281152,279516
201.2111,cpu,14972478,21745213,519546881
201.2111,gpu,28,0,0
201.4105,disk0,906903677599744,2040342940,12660577807043291
201.4105,disk0w,1979550441472,18852604,1162981159760
201.4105,disk5,36630395516928,73731585,601326065396360
201.4105,disk5w,225980416,35966,1254168700
201.4105,disk4,39517452760064,39619911,411150712588712
201.4105,disk4w,1447560398848,1495270,591099736239
201.4105,disk8,60427521918976,98112903,961945268923261
201.4105,disk8w,4128768,601,984243925
201.4105,ram,514850816,64991281152,279516
201.4105,cpu,14972478,21745213,519546881
201.4105,gpu,39,1,0
201.6084,disk0,906905660227584,2040347465,12660589021433997
201.6084,disk0w,1979550441472,18852604,1162981159760
201.6084,disk5,36630925998080,73732638,601328250840851
201.6084,disk5w,225980416,35966,1254168700
201.6084,disk4,39517979669504,39620451,411151318106658
201.6084,disk4w,1447560398848,1495270,591099736239
201.6084,disk8,60428824315904,98115204,961963632223754
201.6084,disk8w,4128768,601,984243925
201.6084,ram,512491520,65062125568,279516
201.6084,cpu,14972490,21745307,519548344
201.6084,gpu,24,0,0
201.8103,disk0,906907691040768,2040353621,12660602231087628
201.8103,disk0w,1979550441472,18852604,1162981159760
201.8103,disk5,36631599085568,73733972,601333209808241
201.8103,disk5w,225980416,35966,1254168700
201.8103,disk4,39518586663936,39621073,411152150989402
201.8103,disk4w,1447560398848,1495270,591099736239
201.8103,disk8,60430140442624,98117579,961978259652736
201.8103,disk8w,4128768,601,984243925
201.8103,ram,512491520,65062125568,279516
201.8103,cpu,14972490,21745307,519548344
201.8103,gpu,40,0,0
202.0092,disk0,906909578883072,2040357383,12660615132901202
202.0092,disk0w,1979550441472,18852604,1162981159760
202.0092,disk5,36632194119680,73735177,601337425700745
202.0092,disk5w,225980416,35966,1254168700
202.0092,disk4,39519039747072,39621537,411152752545526
202.0092,disk4w,1447560398848,1495270,591099736239
202.0092,disk8,60431187806208,98119350,961988713381397
202.0092,disk8w,4128768,601,984243925
202.0092,ram,512491520,65062125568,279516
202.0092,cpu,14972490,21745307,519548344
202.0092,gpu,33,0,0
202.2111,disk0,906911951728640,2040367587,12660631290696548
202.2111,disk0w,1979550441472,18852604,1162981159760
202.2111,disk5,36632931104768,73736689,601341632769359
202.2111,disk5w,225980416,35966,1254168700
202.2111,disk4,39519630619648,39622143,411153515609279
202.2111,disk4w,1447560398848,1495270,591099736239
202.2111,disk8,60432403204096,98121072,961999034159268
202.2111,disk8w,4128768,601,984243925
202.2111,ram,512491520,65062125568,279516
202.2111,cpu,14972490,21745307,519548344
202.2111,gpu,25,0,0
202.4013,disk0,906914292543488,2040371744,12660643373117296
202.4013,disk0w,1979550441472,18852604,1162981159760
202.4013,disk5,36633493919744,73737842,601345938676424
202.4013,disk5w,225980416,35966,1254168700
202.4013,disk4,39520113619968,39622638,411154101618200
202.4013,disk4w,1447560398848,1495270,591099736239
202.4013,disk8,60433619404800,98122703,962008743669523
202.4013,disk8w,4128768,601,984243925
202.4013,ram,512491520,65062125568,279516
202.4013,cpu,14972490,21745307,519548344
202.4013,gpu,0,0,0
202.6105,disk0,906916331270144,2040375954,12660654302856661
202.6105,disk0w,1979550441472,18852604,1162981159760
202.6105,disk5,36634089224192,73739061,601349767245763
202.6105,disk5w,225980416,35966,1254168700
202.6105,disk4,39520610644992,39623147,411154688636287
202.6105,disk4w,1447560398848,1495270,591099736239
202.6105,disk8,60434899060736,98124411,962022350941338
202.6105,disk8w,4128768,601,984243925
202.6105,ram,512966656,65162035200,279516
202.6105,cpu,14972506,21745413,519550077
202.6105,gpu,30,0,0
202.8047,disk0,906918529740800,2040380629,12660670936874604
202.8047,disk0w,1979550441472,18852604,1162981159760
202.8047,disk5,36634665285632,73740205,601352557020176
202.8047,disk5w,225980416,35966,1254168700
202.8047,disk4,39521185002496,39623736,411155434236436
202.8047,disk4w,1447560398848,1495270,591099736239
202.8047,disk8,60436051806208,98126173,962032773712900
202.8047,disk8w,4128768,601,984243925
202.8047,ram,512966656,65162035200,279516
202.8047,cpu,14972506,21745413,519550077
202.8047,gpu,0,0,0
203.0111,disk0,906920591302656,2040385124,12660683050364008
203.0111,disk0w,1979550441472,18852604,1162981159760
203.0111,disk5,36635395315712,73741628,601357438166863
203.0111,disk5w,225980416,35966,1254168700
203.0111,disk4,39521685566464,39624249,411156058048720
203.0111,disk4w,1447560398848,1495270,591099736239
203.0111,disk8,60437294024704,98128345,962045478542973
203.0111,disk8w,4128768,601,984243925
203.0111,ram,512966656,65162035200,279516
203.0111,cpu,14972506,21745413,519550077
203.0111,gpu,31,0,0
203.2068,disk0,906922608959488,2040390114,12660693770060965
203.2068,disk0w,1979550441472,18852604,1162981159760
203.2068,disk5,36636238772224,73743297,601365182341365
203.2068,disk5w,225980416,35966,1254168700
203.2068,disk4,39522212475904,39624789,411156710521585
203.2068,disk4w,1447560398848,1495270,591099736239
203.2068,disk8,60438493448192,98130397,962057343656615
203.2068,disk8w,4128768,601,984243925
203.2068,ram,512966656,65162035200,279516
203.2068,cpu,14972506,21745413,519550077
203.2068,gpu,37,0,0
203.4101,disk0,906924767027200,2040395426,12660708275370658
203.4101,disk0w,1979550441472,18852604,1162981159760
203.4101,disk5,36636891691008,73744587,601369284736267
203.4101,disk5w,225980416,35966,1254168700
203.4101,disk4,39522800858112,39625392,411157451747623
203.4101,disk4w,1447560398848,1495270,591099736239
203.4101,disk8,60439773808640,98132792,962071921693392
203.4101,disk8w,4128768,601,984243925
203.4101,ram,512966656,65162035200,279516
203.4101,cpu,14972506,21745413,519550077
203.4101,gpu,37,3,0
203.6015,disk0,906926436085760,2040400696,12660720860172005
203.6015,disk0w,1979550441472,18852604,1162981159760
203.6015,disk5,36637548148736,73745930,601374698505115
203.6015,disk5w,225980416,35966,1254168700
203.6015,disk4,39523204805632,39625806,411157968122694
203.6015,disk4w,1447560398848,1495270,591099736239
203.6015,disk8,60440733173760,98134327,962080315340458
203.6015,disk8w,4128768,601,984243925
203.6015,ram,511672320,65106575360,279516
203.6015,cpu,14972536,21745544,519551773
203.6015,gpu,0,0,0
203.8111,disk0,906929072451584,2040405699,12660737689945458
203.8111,disk0w,1979550441472,18852604,1162981159760
203.8111,disk5,36638343682048,73747561,601379433664875
203.8111,disk5w,225980416,35966,1254168700
203.8111,disk4,39523807212544,39626423,411158825287536
203.8111,disk4w,1447560398848,1495270,591099736239
203.8111,disk8,60441963546624,98135820,962087392176516
203.8111,disk8w,4128768,601,984243925
203.8111,ram,511672320,65106575360,279516
203.8111,cpu,14972536,21745544,519551773
203.8111,gpu,26,0,0
204.0111,disk0,906931142914048,2040409843,12660746495182694
204.0111,disk0w,1979550441472,18852604,1162981159760
204.0111,disk5,36639239354368,73749396,601388600093859
204.0111,disk5w,225980416,35966,1254168700
204.0111,disk4,39524346442752,39626976,411159478708643
204.0111,disk4w,1447560398848,1495270,591099736239
204.0111,disk8,60443280459776,98137495,962096464769811
204.0111,disk8w,4128768,601,984243925
204.0111,ram,511672320,65106575360,279516
204.0111,cpu,14972536,21745544,519551773
204.0111,gpu,0,0,0
204.2111,disk0,906933295149056,2040414380,12660759147902069
204.2111,disk0w,1979550441472,18852604,1162981159760
204.2111,disk5,36639941244928,73750836,601392773419340
204.2111,disk5w,225980416,35966,1254168700
204.2111,disk4,39524864570368,39627507,411160063400095
204.2111,disk4w,1447560398848,1495270,591099736239
204.2111,disk8,60444574910464,98139364,962108802696072
204.2111,disk8w,4128768,601,984243925
204.2111,ram,511672320,65106575360,279516
204.2111,cpu,14972536,21745544,519551773
204.2111,gpu,28,0,0
204.4077,disk0,906935694077952,2040419501,12660774757800802
204.4077,disk0w,1979550441472,18852604,1162981159760
204.4077,disk5,36640572946432,73752064,601395394706108
204.4077,disk5w,225980416,35966,1254168700
204.4077,disk4,39525347570688,39628002,411160658289172
204.4077,disk4w,1447560398848,1495270,591099736239
204.4077,disk8,60445861922816,98141580,962121963380484
204.4077,disk8w,4128768,601,984243925
204.4077,ram,511672320,65106575360,279516
204.4077,cpu,14972536,21745544,519551773
204.4077,gpu,34,2,0
204.6111,disk0,906938162294784,2040425412,12660790454869212
204.6111,disk0w,1979550441472,18852604,1162981159760
204.6111,disk5,36641536333824,73753961,601403908130249
204.6111,disk5w,225980416,35966,1254168700
204.6111,disk4,39525865698304,39628533,411161198512412
204.6111,disk4w,1447560398848,1495270,591099736239
204.6111,disk8,60446984751104,98143625,962130873511684
204.6111,disk8w,4128768,601,984243925
204.6111,ram,514244608,63740166144,279516
204.6111,cpu,14972552,21745654,519553498
204.6111,gpu,46,0,0
204.8046,disk0,906940122230784,2040430964,12660802834262994
204.8046,disk0w,1979550441472,18852604,1162981159760
204.8046,disk5,36642302015488,73755475,601410234089428
204.8046,disk5w,225980416,35966,1254168700
204.8046,disk4,39526489207808,39629172,411161967468314
204.8046,disk4w,1447560398848,1495270,591099736239
204.8046,disk8,60448260065280,98145964,962143218501152
204.8046,disk8w,4128768,601,984243925
204.8046,ram,514244608,63740166144,279516
204.8046,cpu,14972552,21745654,519553498
204.8046,gpu,32,0,0
205.0111,disk0,906942176137216,2040434975,12660816404526462
205.0111,disk0w,1979550441472,18852604,1162981159760
205.0111,disk5,36643012016128,73756910,601415532201343
205.0111,disk5w,225980416,35966,1254168700
205.0111,disk4,39526998488064,39629694,411162933823060
205.0111,disk4w,1447560398848,1495270,591099736239
205.0111,disk8,60449298057216,98147824,962152355459313
205.0111,disk8w,4128768,601,984243925
205.0111,ram,514244608,63740166144,279516
205.0111,cpu,14972552,21745654,519553498
205.0111,gpu,0,0,0
205.2111,disk0,906944384753664,2040439232,12660827250819731
205.2111,disk0w,1979550441472,18852604,1162981159760
205.2111,disk5,36643752146944,73758426,601419188023234
205.2111,disk5w,225980416,35966,1254168700
205.2111,disk4,39527665906688,39630378,411163874151201
205.2111,disk4w,1447560398848,1495270,591099736239
205.2111,disk8,60450607040512,98149541,962163856199108
205.2111,disk8w,4128768,601,984243925
205.2111,ram,514244608,63740166144,279516
205.2111,cpu,14972552,21745654,519553498
205.2111,gpu,0,0,0
205.4068,disk0,906946592518144,2040443121,12660838764305699
205.4068,disk0w,1979550441472,18852604,1162981159760
205.4068,disk5,36644569151488,73760098,601425367718217
205.4068,disk5w,225980416,35966,1254168700
205.4068,disk4,39528219161600,39630945,411164554539717
205.4068,disk4w,1447560398848,1495270,591099736239
205.4068,disk8,60451783952384,98151103,962172226925321
205.4068,disk8w,4128768,601,984243925
205.4068,ram,514244608,63740166144,279516
205.4068,cpu,14972552,21745654,519553498
205.4068,gpu,28,2,0
205.6061,disk0,906948999397376,2040447806,12660853838589848
205.6061,disk0w,1979550441472,18852604,1162981159760
205.6061,disk5,36645203089408,73761398,601428809395214
205.6061,disk5w,225980416,35966,1254168700
205.6061,disk4,39528747119616,39631486,411165163408694
205.6061,disk4w,1447560398848,1495270,591099736239
205.6061,disk8,60453001136128,98152858,962182368531314
205.6061,disk8w,4128768,601,984243925
205.6061,ram,512016384,65018413056,279516
205.6061,cpu,14972569,21745756,519555232
205.6061,gpu,0,0,0
205.8111,disk0,906951463632896,2040453010,12660867785186880
205.8111,disk0w,1979550441472,18852604,1162981159760
205.8111,disk5,36645889783808,73762748,601432896840862
205.8111,disk5w,225980416,35966,1254168700
205.8111,disk4,39529290544128,39632043,411165837000549
205.8111,disk4w,1447560398848,1495270,591099736239
205.8111,disk8,60454347327488,98154886,962194174080722
205.8111,disk8w,4128768,601,984243925
205.8111,ram,512016384,65018413056,279516
205.8111,cpu,14972569,21745756,519555232
205.8111,gpu,30,0,0
206.0111,disk0,906953720844288,2040457953,12660883075094273
206.0111,disk0w,1979550441472,18852604,1162981159760
206.0111,disk5,36646556579840,73764054,601437532416094
206.0111,disk5w,225980416,35966,1254168700
206.0111,disk4,39529808671744,39632574,411166479198003
206.0111,disk4w,1447560398848,1495270,591099736239
206.0111,disk8,60455624886272,98157240,962207164671279
206.0111,disk8w,4128768,601,984243925
206.0111,ram,512016384,65018413056,279516
206.0111,cpu,14972569,21745756,519555232
206.0111,gpu,0,0,0
206.2111,disk0,906956061237248,2040465401,12660902904579108
206.2111,disk0w,1979550441472,18852604,1162981159760
206.2111,disk5,36647293564928,73765516,601443245956089
206.2111,disk5w,225980416,35966,1254168700
206.2111,disk4,39530476090368,39633258,411167271044347
206.2111,disk4w,1447560398848,1495270,591099736239
206.2111,disk8,60456758708224,98159264,962216615443913
206.2111,disk8w,4128768,601,984243925
206.2111,ram,512016384,65018413056,279516
206.2111,cpu,14972569,21745756,519555232
206.2111,gpu,43,0,0
206.4100,disk0,906957796106240,2040468529,12660912146760170
206.4100,disk0w,1979550441472,18852604,1162981159760
206.4100,disk5,36647993505792,73766911,601449413661809
206.4100,disk5w,225980416,35966,1254168700
206.4100,disk4,39531011716096,39633807,411168533708539
206.4100,disk4w,1447560398848,1495270,591099736239
206.4100,disk8,60457792423936,98161339,962229356492729
206.4100,disk8w,4128768,601,984243925
206.4100,ram,512016384,65018413056,279516
206.4100,cpu,14972569,21745756,519555232
206.4100,gpu,0,0,0
206.6039,disk0,906959945347072,2040472889,12660921657790009
206.6039,disk0w,1979550441472,18852604,1162981159760
206.6039,disk5,36648636700672,73768232,601454147140515
206.6039,disk5w,225980416,35966,1254168700
206.6039,disk4,39531766952960,39634581,411169679639108
206.6039,disk4w,1447560398848,1495270,591099736239
206.6039,disk8,60459089594368,98163263,962240998115507
206.6039,disk8w,4128768,601,984243925
206.6039,ram,513966080,65101873152,279516
206.6039,cpu,14972587,21745864,519556924
206.6039,gpu,26,0,0
206.8111,disk0,906962114293760,2040476541,12660929180288333
206.8111,disk0w,1979550441472,18852604,1162981159760
206.8111,disk5,36649364142080,73769721,601460674845944
206.8111,disk5w,225980416,35966,1254168700
206.8111,disk4,39532437517312,39635268,411170565399039
206.8111,disk4w,1447560398848,1495270,591099736239
206.8111,disk8,60460512643072,98165041,962252174635230
206.8111,disk8w,4128768,601,984243925
206.8111,ram,515178496,65101905920,279516
206.8111,cpu,14972588,21745873,519557096
206.8111,gpu,0,0,0
207.0042,disk0,906963998306304,2040480185,12660936794872453
207.0042,disk0w,1979550441472,18852604,1162981159760
207.0042,disk5,36650071275520,73771168,601466305103214
207.0042,disk5w,225980416,35966,1254168700
207.0042,disk4,39532978844672,39635823,411171241938187
207.0042,disk4w,1447560398848,1495270,591099736239
207.0042,disk8,60461849774080,98166876,962264802416229
207.0042,disk8w,4128768,601,984243925
207.0042,ram,515178496,65101905920,279516
207.0042,cpu,14972588,21745873,519557096
207.0042,gpu,25,0,0
207.2038,disk0,906966057299968,2040484478,12660949117990673
207.2038,disk0w,1979550441472,18852604,1162981159760
207.2038,disk5,36650656479232,73772345,601469756747786
207.2038,disk5w,225980416,35966,1254168700
207.2038,disk4,39533488190464,39636345,411171842666925
207.2038,disk4w,1447560398848,1495270,591099736239
207.2038,disk8,60463107016704,98168782,962278762787406
207.2038,disk8w,4128768,601,984243925
207.2038,ram,515178496,65101905920,279516
207.2038,cpu,14972588,21745873,519557096
207.2038,gpu,0,0,0
207.4112,disk0,906968770670592,2040490499,12660970035954150
207.4112,disk0w,1979550441472,18852604,1162981159760
207.4112,disk5,36651329435648,73773653,601473983052769
207.4112,disk5w,225980416,35966,1254168700
207.4112,disk4,39534075130880,39636946,411172590112095
207.4112,disk4w,1447560398848,1495270,591099736239
207.4112,disk8,60464245344256,98170854,962287107408101
207.4112,disk8w,4128768,601,984243925
207.4112,ram,515178496,65101905920,279516
207.4112,cpu,14972588,21745873,519557096
207.4112,gpu,37,0,0
207.6111,disk0,906970718224384,2040494989,12660982821235499
207.6111,disk0w,1979550441472,18852604,1162981159760
207.6111,disk5,36652125353984,73775224,601477614785196
207.6111,disk5w,225980416,35966,1254168700
207.6111,disk4,39534624191488,39637509,411173221557481
207.6111,disk4w,1447560398848,1495270,591099736239
207.6111,disk8,60465556686848,98173081,962301783682575
207.6111,disk8w,4128768,601,984243925
207.6111,ram,514310144,63488196608,279516
207.6111,cpu,14972601,21745963,519558605
207.6111,gpu,0,0,0
207.8045,disk0,906972712595456,2040500954,12660995601287007
207.8045,disk0w,1979550441472,18852604,1162981159760
207.8045,disk5,36652784154624,73776528,601481523401100
207.8045,disk5w,225980416,35966,1254168700
207.8045,disk4,39535139173376,39638037,411173983664640
207.8045,disk4w,1447560398848,1495270,591099736239
207.8045,disk8,60466801035264,98175599,962317704134214
207.8045,disk8w,4128768,601,984243925
207.8045,ram,515670016,63530188800,279516
207.8045,cpu,14972601,21745971,519558694
207.8045,gpu,30,0,0
208.0077,disk0,906974490353664,2040504917,12661005658961084
208.0077,disk0w,1979550441472,18852604,1162981159760
208.0077,disk5,36653470201856,73777926,601487124639345
208.0077,disk5w,225980416,35966,1254168700
208.0077,disk4,39535674831872,39638586,411174758906011
208.0077,disk4w,1447560398848,1495270,591099736239
208.0077,disk8,60467932776448,98177455,962329108017758
208.0077,disk8w,4128768,601,984243925
208.0077,ram,515670016,63530188800,279516
208.0077,cpu,14972601,21745971,519558694
208.0077,gpu,35,0,0
208.2112,disk0,906976763756544,2040508716,12661018443578702
208.2112,disk0w,1979550441472,18852604,1162981159760
208.2112,disk5,36654014167040,73779042,601489581323971
208.2112,disk5w,225980416,35966,1254168700
208.2112,disk4,39536253383680,39639179,411175543185480
208.2112,disk4w,1447560398848,1495270,591099736239
208.2112,disk8,60469251540992,98179126,962338879803414
208.2112,disk8w,4128768,601,984243925
208.2112,ram,515670016,63530188800,279516
208.2112,cpu,14972601,21745971,519558694
208.2112,gpu,0,0,0
208.4112,disk0,906979031760896,2040512807,12661029157681830
208.4112,disk0w,1979550441472,18852604,1162981159760
208.4112,disk5,36654891530240,73780837,601498538653119
208.4112,disk5w,225980416,35966,1254168700
208.4112,disk4,39536754996224,39639693,411176165317894
208.4112,disk4w,1447560398848,1495270,591099736239
208.4112,disk8,60470312044544,98180532,962345541388688
208.4112,disk8w,4128768,601,984243925
208.4112,ram,515670016,63530188800,279516
208.4112,cpu,14972601,21745971,519558694
208.4112,gpu,0,0,0
208.6112,disk0,906981394399232,2040517681,12661043717442169
208.6112,disk0w,1979550441472,18852604,1162981159760
208.6112,disk5,36655657990144,73782408,601504099333524
208.6112,disk5w,225980416,35966,1254168700
208.6112,disk4,39537308251136,39640260,411176791917465
208.6112,disk4w,1447560398848,1495270,591099736239
208.6112,disk8,60471608100864,98182284,962354529774767
208.6112,disk8w,4128768,601,984243925
208.6112,ram,515670016,63530188800,279516
208.6112,cpu,14972601,21745971,519558694
208.6112,gpu,26,0,0
208.8112,disk0,906983708016640,2040522249,12661054864737202
208.8112,disk0w,1979550441472,18852604,1162981159760
208.8112,disk5,36656347953152,73783762,601508690292439
208.8112,disk5w,225980416,35966,1254168700
208.8112,disk4,39537887851520,39640854,411177458713184
208.8112,disk4w,1447560398848,1495270,591099736239
208.8112,disk8,60472911988736,98184359,962367715072586
208.8112,disk8w,4128768,601,984243925
208.8112,ram,515391488,64941162496,279516
208.8112,cpu,14972627,21746093,519560264
208.8112,gpu,29,0,0
209.0035,disk0,906985902194688,2040527264,12661071495738578
209.0035,disk0w,1979550441472,18852604,1162981159760
209.0035,disk5,36657067390976,73785181,601512534253465
209.0035,disk5w,225980416,35966,1254168700
209.0035,disk4,39538478330880,39641459,411178243145771
209.0035,disk4w,1447560398848,1495270,591099736239
209.0035,disk8,60474035881984,98186566,962379888405862
209.0035,disk8w,4128768,601,984243925
209.0035,ram,515391488,64941162496,279516
209.0035,cpu,14972627,21746093,519560264
209.0035,gpu,31,0,0
209.2019,disk0,906988103286784,2040532851,12661084080988219
209.2019,disk0w,1979550441472,18852604,1162981159760
209.2019,disk5,36657804376064,73786639,601517795641563
209.2019,disk5w,225980416,35966,1254168700
209.2019,disk4,39539118355456,39642115,411179053288432
209.2019,disk4w,1447560398848,1495270,591099736239
209.2019,disk8,60475372161024,98188977,962394021902445
209.2019,disk8w,4128768,601,984243925
209.2019,ram,515391488,64941162496,279516
209.2019,cpu,14972627,21746093,519560264
209.2019,gpu,30,0,0
209.4074,disk0,906990131822592,2040536984,12661094394198420
209.4074,disk0w,1979550441472,18852604,1162981159760
209.4074,disk5,36658599770112,73788250,601524751242104
209.4074,disk5w,225980416,35966,1254168700
209.4074,disk4,39539705623552,39642717,411180744561640
209.4074,disk4w,1447560398848,1495270,591099736239
209.4074,disk8,60476479571968,98190923,962403788208955
209.4074,disk8w,4128768,601,984243925
209.4074,ram,515391488,64941162496,279516
209.4074,cpu,14972627,21746093,519560264
209.4074,gpu,35,1,0
209.6041,disk0,906992413822976,2040544745,12661107360854621
209.6041,disk0w,1979550441472,18852604,1162981159760
209.6041,disk5,36659374487552,73789839,601529035130574
209.6041,disk5w,225980416,35966,1254168700
209.6041,disk4,39540286272512,39643312,411181518302399
209.6041,disk4w,1447560398848,1495270,591099736239
209.6041,disk8,60477799909376,98192661,962413988376846
209.6041,disk8w,4128768,601,984243925
209.6041,ram,515391488,64941162496,279516
209.6041,cpu,14972627,21746093,519560264
209.6041,gpu,34,0,0
209.8112,disk0,906994686947328,2040549105,12661117482078781
209.8112,disk0w,1979553128448,18852649,1162982404704
209.8112,disk5,36660304869376,73791746,601536683773049
209.8112,disk5w,225980416,35966,1254168700
209.8112,disk4,39540943860736,39643986,411182316303791
209.8112,disk4w,1447560398848,1495270,591099736239
209.8112,disk8,60479207376896,98194626,962424280561884
209.8112,disk8w,4128768,601,984243925
209.8112,ram,512688128,65082458112,279516
209.8112,cpu,14972647,21746208,519561984
209.8112,gpu,29,0,0
210.0112,disk0,906996719955968,2040553442,12661126407978290
210.0112,disk0w,1979554586624,18852946,1162988688030
210.0112,disk5,36661217327104,73793615,601544007564605
210.0112,disk5w,225980416,35966,1254168700
210.0112,disk4,39541444424704,39644499,411182893248666
210.0112,disk4w,1447560398848,1495270,591099736239
210.0112,disk8,60480561776640,98196470,962435957870014
210.0112,disk8w,4128768,601,984243925
210.0112,ram,512688128,65082458112,279516
210.0112,cpu,14972647,21746208,519561984
210.0112,gpu,24,0,0
210.2112,disk0,906999143313408,2040558519,12661142527443570
210.2112,disk0w,1979554586624,18852946,1162988688030
210.2112,disk5,36662143662080,73795414,601552000481704
210.2112,disk5w,225980416,35966,1254168700
210.2112,disk4,39541997679616,39645066,411183553173603
210.2112,disk4w,1447560398848,1495270,591099736239
210.2112,disk8,60481715439616,98198390,962443565420724
210.2112,disk8w,4128768,601,984243925
210.2112,ram,512688128,65082458112,279516
210.2112,cpu,14972647,21746208,519561984
210.2112,gpu,32,0,0
210.4050,disk0,907001276149760,2040563446,12661156029294365
210.4050,disk0w,1979554586624,18852946,1162988688030
210.4050,disk5,36663007148032,73797124,601560117152772
210.4050,disk5w,225980416,35966,1254168700
210.4050,disk4,39542533370880,39645615,411184242516165
210.4050,disk4w,1447560398848,1495270,591099736239
210.4050,disk8,60482919319552,98200655,962454367891298
210.4050,disk8w,4128768,601,984243925
210.4050,ram,512688128,65082458112,279516
210.4050,cpu,14972647,21746208,519561984
210.4050,gpu,0,0,0
210.6112,disk0,907003490021376,2040568833,12661167138270732
210.6112,disk0w,1979554586624,18852946,1162988688030
210.6112,disk5,36663758157824,73798611,601566383301815
210.6112,disk5w,225980416,35966,1254168700
210.6112,disk4,39543243256832,39646342,411185138827251
210.6112,disk4w,1447560398848,1495270,591099736239
210.6112,disk8,60484271196160,98203072,962467224016636
210.6112,disk8w,4128768,601,984243925
210.6112,ram,512688128,65082458112,279516
210.6112,cpu,14972647,21746208,519561984
210.6112,gpu,44,0,0
210.8112,disk0,907005043781632,2040571873,12661175798248420
210.8112,disk0w,1979554586624,18852946,1162988688030
210.8112,disk5,36664393381888,73799904,601570795560895
210.8112,disk5w,225980416,35966,1254168700
210.8112,disk4,39543745213440,39646857,411186187647162
210.8112,disk4w,1447560398848,1495270,591099736239
210.8112,disk8,60485252794368,98204750,962478292374944
210.8112,disk8w,4128768,601,984243925
210.8112,ram,516243456,65053507584,279516
210.8112,cpu,14972675,21746335,519563680
210.8112,gpu,0,0,0
211.0112,disk0,907006931701760,2040576535,12661183618006617
211.0112,disk0w,1979554586624,18852946,1162988688030
211.0112,disk5,36665279526912,73801721,601580405699078
211.0112,disk5w,225980416,35966,1254168700
211.0112,disk4,39544236995584,39647361,411186789336607
211.0112,disk4w,1447560398848,1495270,591099736239
211.0112,disk8,60486586927104,98206558,962488290375089
211.0112,disk8w,4128768,601,984243925
211.0112,ram,516243456,65053507584,279516
211.0112,cpu,14972675,21746335,519563680
211.0112,gpu,28,0,0
211.2112,disk0,907009111994368,2040580341,12661193472241772
211.2112,disk0w,1979554586624,18852946,1162988688030
211.2112,disk5,36666034059264,73803266,601586107517562
211.2112,disk5w,225980416,35966,1254168700
211.2112,disk4,39544728777728,39647865,411187399369490
211.2112,disk4w,1447560398848,1495270,591099736239
211.2112,disk8,60487905216512,98208242,962498542669118
211.2112,disk8w,4128768,601,984243925
211.2112,ram,516243456,65053507584,279516
211.2112,cpu,14972675,21746335,519563680
211.2112,gpu,37,0,0
211.4063,disk0,907011396939776,2040585092,12661206865272199
211.4063,disk0w,1979554586624,18852946,1162988688030
211.4063,disk5,36666876327936,73804992,601593127474515
211.4063,disk5w,225980416,35966,1254168700
211.4063,disk4,39545343505408,39648495,411188122005743
211.4063,disk4w,1447560398848,1495270,591099736239
211.4063,disk8,60489136408576,98209996,962506060717366
211.4063,disk8w,4128768,601,984243925
211.4063,ram,516243456,65053507584,279516
211.4063,cpu,14972675,21746335,519563680
211.4063,gpu,32,1,0
211.6112,disk0,907013776162816,2040589993,12661222691695824
211.6112,disk0w,1979554586624,18852946,1162988688030
211.6112,disk5,36667610839040,73806439,601597904055522
211.6112,disk5w,225980416,35966,1254168700
211.6112,disk4,39545873560576,39649038,411188758123524
211.6112,disk4w,1447560398848,1495270,591099736239
211.6112,disk8,60490276898816,98211724,962515094720798
211.6112,disk8w,4128768,601,984243925
211.6112,ram,516243456,65053507584,279516
211.6112,cpu,14972675,21746335,519563680
211.6112,gpu,0,0,0
211.8105,disk0,907016129564672,2040595288,12661241116737906
211.8105,disk0w,1979554594816,18852948,1162988730321
211.8105,disk5,36668295690240,73807783,601601606283415
211.8105,disk5w,225980416,35966,1254168700
211.8105,disk4,39546467578880,39649647,411189452963814
211.8105,disk4w,1447560398848,1495270,591099736239
211.8105,disk8,60491492902912,98214076,962527293738605
211.8105,disk8w,4128768,601,984243925
211.8105,ram,513818624,65066336256,279516
211.8105,cpu,14972696,21746440,519565411
211.8105,gpu,35,0,0
212.0112,disk0,907017936371712,2040600749,12661251521825156
212.0112,disk0w,1979554594816,18852948,1162988730321
212.0112,disk5,36668999546880,73809179,601606718397787
212.0112,disk5w,225980416,35966,1254168700
212.0112,disk4,39546994488320,39650187,411190061931766
212.0112,disk4w,1447560398848,1495270,591099736239
212.0112,disk8,60492801378304,98216224,962542113641095
212.0112,disk8w,4128768,601,984243925
212.0112,ram,513818624,65066336256,279516
212.0112,cpu,14972696,21746440,519565411
212.0112,gpu,34,0,0
212.2112,disk0,907019766071296,2040604050,12661261678706805
212.2112,disk0w,1979554594816,18852948,1162988730321
212.2112,disk5,36669561059328,73810302,601610382690824
212.2112,disk5w,225980416,35966,1254168700
212.2112,disk4,39547601138688,39650805,411192486239557
212.2112,disk4w,1447560398848,1495270,591099736239
212.2112,disk8,60493817415680,98218287,962555067436199
212.2112,disk8w,4128768,601,984243925
212.2112,ram,513818624,65066336256,279516
212.2112,cpu,14972696,21746440,519565411
212.2112,gpu,44,0,0
212.4112,disk0,907021479018496,2040608157,12661269869198888
212.4112,disk0w,1979554594816,18852948,1162988730321
212.4112,disk5,36670227855360,73811669,601615499090537
212.4112,disk5w,225980416,35966,1254168700
212.4112,disk4,39548135945216,39651357,411194321178868
212.4112,disk4w,1447560398848,1495270,591099736239
212.4112,disk8,60495120926720,98220087,962567692815543
212.4112,disk8w,4128768,601,984243925
212.4112,ram,513818624,65066336256,279516
212.4112,cpu,14972696,21746440,519565411
212.4112,gpu,0,0,0
212.6112,disk0,907023562690560,2040611755,12661281060285308
212.6112,disk0w,1979554594816,18852948,1162988730321
212.6112,disk5,36671078905856,73813413,601622620408074
212.6112,disk5w,225980416,35966,1254168700
212.6112,disk4,39548706763776,39651942,411195114062381
212.6112,disk4w,1447560398848,1495270,591099736239
212.6112,disk8,60496298821632,98221503,962575159340880
212.6112,disk8w,4128768,601,984243925
212.6112,ram,513818624,65066336256,279516
212.6112,cpu,14972696,21746440,519565411
212.6112,gpu,36,0,0
212.8112,disk0,907025733472256,2040616089,12661291436942357
212.8112,disk0w,1979554594816,18852948,1162988730321
212.8112,disk5,36671797581824,73814887,601628622597228
212.8112,disk5w,225980416,35966,1254168700
212.8112,disk4,39549251236864,39652500,411195777646112
212.8112,disk4w,1447560398848,1495270,591099736239
212.8112,disk8,60497555982336,98223135,962585851773368
212.8112,disk8w,4128768,601,984243925
212.8112,ram,501809152,64869875712,279516
212.8112,cpu,14972716,21746544,519567142
212.8112,gpu,0,0,0
213.0047,disk0,907027891773440,2040620550,12661303723587019
213.0047,disk0w,1979554615296,18852949,1162988750154
213.0047,disk5,36672386185216,73816071,601632151479281
213.0047,disk5w,225980416,35966,1254168700
213.0047,disk4,39549909873664,39653175,411196774235152
213.0047,disk4w,1447560398848,1495270,591099736239
213.0047,disk8,60498803050496,98224910,962596770906440
213.0047,disk8w,4128768,601,984243925
213.0047,ram,499761152,64927465472,279516
213.0047,cpu,14972716,21746544,519567142
213.0047,gpu,30,0,0
213.2112,disk0,907030429945856,2040626117,12661324720222286
213.2112,disk0w,1979554615296,18852949,1162988750154
213.2112,disk5,36672934344704,73817139,601635155178218
213.2112,disk5w,225980416,35966,1254168700
213.2112,disk4,39550463128576,39653742,411197429237579
213.2112,disk4w,1447560398848,1495270,591099736239
213.2112,disk8,60500005816320,98227005,962606645976475
213.2112,disk8w,4128768,601,984243925
213.2112,ram,499761152,64927465472,279516
213.2112,cpu,14972716,21746544,519567142
213.2112,gpu,35,0,0
213.4112,disk0,907032407232512,2040630778,12661334138650252
213.4112,disk0w,1979554615296,18852949,1162988750154
213.4112,disk5,36673738897408,73818731,601640358819558
213.4112,disk5w,225980416,35966,1254168700
213.4112,disk4,39551016383488,39654309,411198228336079
213.4112,disk4w,1447560398848,1495270,591099736239
213.4112,disk8,60501391788032,98229462,962622489281971
213.4112,disk8w,4128768,601,984243925
213.4112,ram,499761152,64927465472,279516
213.4112,cpu,14972716,21746544,519567142
213.4112,gpu,36,3,0
213.6031,disk0,907034856509440,2040637168,12661353727730787
213.6031,disk0w,1979554615296,18852949,1162988750154
213.6031,disk5,36674448939008,73820129,601644381302700
213.6031,disk5w,225980416,35966,1254168700
213.6031,disk4,39551561905152,39654868,411198888145221
213.6031,disk4w,1447560398848,1495270,591099736239
213.6031,disk8,60502513453056,98231698,962631254757085
213.6031,disk8w,4128768,601,984243925
213.6031,ram,499761152,64927465472,279516
213.6031,cpu,14972716,21746544,519567142
213.6031,gpu,0,0,0
213.8031,disk0,907036446371840,2040640171,12661360402810106
213.8031,disk0w,1979554615296,18852949,1162988750154
213.8031,disk5,36675053369344,73821365,601647947602080
213.8031,disk5w,225980416,35966,1254168700
213.8031,disk4,39552113996800,39655434,411201562387127
213.8031,disk4w,1447560398848,1495270,591099736239
213.8031,disk8,60503588079616,98233509,962643340452149
213.8031,disk8w,4128768,601,984243925
213.8031,ram,498728960,65115947008,279516
213.8031,cpu,14972744,21746678,519568789
213.8031,gpu,21,0,0
214.0112,disk0,907038561300480,2040643762,12661369236493994
214.0112,disk0w,1979554615296,18852949,1162988750154
214.0112,disk5,36675860543488,73823021,601654616881781
214.0112,disk5w,225980416,35966,1254168700
214.0112,disk4,39552684815360,39656019,411202254065929
214.0112,disk4w,1447560398848,1495270,591099736239
214.0112,disk8,60504981555200,98235262,962654890375290
214.0112,disk8w,4128768,601,984243925
214.0112,ram,499351552,65090748416,279516
214.0112,cpu,14972744,21746680,519568827
214.0112,gpu,0,0,0
214.2112,disk0,907040807747584,2040648151,12661379258106007
214.2112,disk0w,1979554615296,18852949,1162988750154
214.2112,disk5,36676614019072,73824562,601659884725805
214.2112,disk5w,225980416,35966,1254168700
214.2112,disk4,39553299543040,39656649,411203004782219
214.2112,disk4w,1447560398848,1495270,591099736239
214.2112,disk8,60506313820160,98237282,962668015476730
214.2112,disk8w,4128768,601,984243925
214.2112,ram,499351552,65090748416,279516
214.2112,cpu,14972744,21746680,519568827
214.2112,gpu,29,0,0
214.4112,disk0,907042778714112,2040652261,12661389173183796
214.4112,disk0w,1979554615296,18852949,1162988750154
214.4112,disk5,36677271001088,73825909,601664432552519
214.4112,disk5w,225980416,35966,1254168700
214.4112,disk4,39553851749376,39657215,411203726594649
214.4112,disk4w,1447560398848,1495270,591099736239
214.4112,disk8,60507663665152,98239190,962681231234311
214.4112,disk8w,4128768,601,984243925
214.4112,ram,499351552,65090748416,279516
214.4112,cpu,14972744,21746680,519568827
214.4112,gpu,0,0,0
214.6112,disk0,907044931194880,2040656841,12661403120617601
214.6112,disk0w,1979554615296,18852949,1162988750154
214.6112,disk5,36677850200064,73827045,601667291234593
214.6112,disk5w,225980416,35966,1254168700
214.6112,disk4,39554370925568,39657747,411204332575506
214.6112,disk4w,1447560398848,1495270,591099736239
214.6112,disk8,60508966914048,98241350,962694733246749
214.6112,disk8w,4128768,601,984243925
214.6112,ram,499351552,65090748416,279516
214.6112,cpu,14972744,21746680,519568827
214.6112,gpu,39,0,0
214.8112,disk0,907047252332544,2040661897,12661418980538685
214.8112,disk0w,1979554615296,18852949,1162988750154
214.8112,disk5,36678597916672,73828520,601672135958443
214.8112,disk5w,225980416,35966,1254168700
214.8112,disk4,39554932962304,39658323,411205040603019
214.8112,disk4w,1447560398848,1495270,591099736239
214.8112,disk8,60510183278592,98243725,962707333540010
214.8112,disk8w,4128768,601,984243925
214.8112,ram,499564544,65030012928,279516
214.8112,cpu,14972762,21746778,519570473
214.8112,gpu,38,0,0
215.0112,disk0,907049293381632,2040667931,12661431606047154
215.0112,disk0w,1979554615296,18852949,1162988750154
215.0112,disk5,36679519139840,73830341,601680748630918
215.0112,disk5w,225980416,35966,1254168700
215.0112,disk4,39555477435392,39658881,411205748875704
215.0112,disk4w,1447560398848,1495270,591099736239
215.0112,disk8,60511466489856,98245889,962718842134996
215.0112,disk8w,4128768,601,984243925
215.0112,ram,500957184,63402852352,279516
215.0112,cpu,14972764,21746785,519570559
215.0112,gpu,35,0,0
215.2056,disk0,907051357306880,2040671600,12661447918038639
215.2056,disk0w,1979554615296,18852949,1162988750154
215.2056,disk5,36679975385088,73831251,601683326497491
215.2056,disk5w,225980416,35966,1254168700
215.2056,disk4,39555969102848,39659385,411207724753125
215.2056,disk4w,1447560398848,1495270,591099736239
215.2056,disk8,60512326240256,98247577,962725882414085
215.2056,disk8w,4128768,601,984243925
215.2056,ram,500957184,63402852352,279516
215.2056,cpu,14972764,21746785,519570559
215.2056,gpu,0,0,0
215.4058,disk0,907053392257024,2040679600,12661463235036430
215.4058,disk0w,1979554615296,18852949,1162988750154
215.4058,disk5,36680690489344,73832716,601689333179328
215.4058,disk5w,225980416,35966,1254168700
215.4058,disk4,39556487230464,39659916,411208383213535
215.4058,disk4w,1447560398848,1495270,591099736239
215.4058,disk8,60513503692800,98249319,962735872429082
215.4058,disk8w,4128768,601,984243925
215.4058,ram,500957184,63402852352,279516
215.4058,cpu,14972764,21746785,519570559
215.4058,gpu,50,2,0
215.6112,disk0,907055656075264,2040683494,12661473316633099
215.6112,disk0w,1979554615296,18852949,1162988750154
215.6112,disk5,36681502373888,73834376,601694166849583
215.6112,disk5w,225980416,35966,1254168700
215.6112,disk4,39557105103872,39660549,411209153138742
215.6112,disk4w,1447560398848,1495270,591099736239
215.6112,disk8,60514849916928,98250903,962745998272469
215.6112,disk8w,4128768,601,984243925
215.6112,ram,500957184,63402852352,279516
215.6112,cpu,14972764,21746785,519570559
215.6112,gpu,0,0,0
215.8112,disk0,907057706246144,2040687578,12661483258237775
215.8112,disk0w,1979554615296,18852949,1162988750154
215.8112,disk5,36682274076672,73835959,601702487032635
215.8112,disk5w,225980416,35966,1254168700
215.8112,disk4,39557725467648,39661185,411209954145723
215.8112,disk4w,1447560398848,1495270,591099736239
215.8112,disk8,60516064741376,98252761,962755877758056
215.8112,disk8w,4128768,601,984243925
215.8112,ram,500957184,63402852352,279516
215.8112,cpu,14972764,21746785,519570559
215.8112,gpu,39,0,0
216.0112,disk0,907059917520896,2040692337,12661497649011570
216.0112,disk0w,1979554615296,18852949,1162988750154
216.0112,disk5,36683046156288,73837519,601707228302049
216.0112,disk5w,225980416,35966,1254168700
216.0112,disk4,39558243595264,39661716,411210604344953
216.0112,disk4w,1447560398848,1495270,591099736239
216.0112,disk8,60517392648192,98254728,962765912015242
216.0112,disk8w,4128768,601,984243925
216.0112,ram,499220480,64971489280,279516
216.0112,cpu,14972779,21746883,519572158
216.0112,gpu,38,0,0
216.2112,disk0,907062330867712,2040697554,12661513115124178
216.2112,disk0w,1979554615296,18852949,1162988750154
216.2112,disk5,36683688736768,73838768,601711159378344
216.2112,disk5w,225980416,35966,1254168700
216.2112,disk4,39558831977472,39662319,411211383039864
216.2112,disk4w,1447560398848,1495270,591099736239
216.2112,disk8,60518708643840,98257085,962778594338290
216.2112,disk8w,4128768,601,984243925
216.2112,ram,499220480,64971489280,279516
216.2112,cpu,14972779,21746883,519572158
216.2112,gpu,25,0,0
216.4112,disk0,907064480120832,2040703061,12661525204468119
216.4112,disk0w,1979554615296,18852949,1162988750154
216.4112,disk5,36684713949184,73840800,601721728992422
216.4112,disk5w,225980416,35966,1254168700
216.4112,disk4,39559508177920,39663012,411212278676131
216.4112,disk4w,1447560398848,1495270,591099736239
216.4112,disk8,60519978158080,98259283,962789470736876
216.4112,disk8w,4128768,601,984243925
216.4112,ram,499220480,64971489280,279516
216.4112,cpu,14972779,21746883,519572158
216.4112,gpu,35,2,0
216.6112,disk0,907066486652928,2040708353,12661539395091798
216.6112,disk0w,1979554615296,18852949,1162988750154
216.6112,disk5,36685407909888,73842168,601725515817633
216.6112,disk5w,225980416,35966,1254168700
216.6112,disk4,39559973614592,39663489,411212790835670
216.6112,disk4w,1447560398848,1495270,591099736239
216.6112,disk8,60521154725888,98261499,962804120341142
216.6112,disk8w,4128768,601,984243925
216.6112,ram,499220480,64971489280,279516
216.6112,cpu,14972779,21746883,519572158
216.6112,gpu,24,0,0
216.8112,disk0,907068383961088,2040714745,12661550200848226
216.8112,disk0w,1979554615296,18852949,1162988750154
216.8112,disk5,36686178367488,73843740,601732839404720
216.8112,disk5w,225980416,35966,1254168700
216.8112,disk4,39560558408704,39664088,411213902198048
216.8112,disk4w,1447560398848,1495270,591099736239
216.8112,disk8,60522325886976,98263429,962814969664541
216.8112,disk8w,4128768,601,984243925
216.8112,ram,499220480,64971489280,279516
216.8112,cpu,14972779,21746883,519572158
216.8112,gpu,31,0,0
217.0050,disk0,907070464139264,2040718170,12661559050146246
217.0050,disk0w,1979554615296,18852949,1162988750154
217.0050,disk5,36686801434624,73845017,601737045262665
217.0050,disk5w,225980416,35966,1254168700
217.0050,disk4,39561106420736,39664650,411214594681747
217.0050,disk4w,1447560398848,1495270,591099736239
217.0050,disk8,60523614259200,98264994,962825542420679
217.0050,disk8w,4128768,601,984243925
217.0050,ram,511983616,65063616512,279516
217.0050,cpu,14972795,21746995,519573882
217.0050,gpu,31,0,0
217.2112,disk0,907072962506752,2040723062,12661572114090991
217.2112,disk0w,1979554615296,18852949,1162988750154
217.2112,disk5,36687714424832,73846885,601744611223845
217.2112,disk5w,225980416,35966,1254168700
217.2112,disk4,39561759421440,39665319,411215312967638
217.2112,disk4w,1447560398848,1495270,591099736239
217.2112,disk8,60524916705280,98266719,962833818451348
217.2112,disk8w,4128768,601,984243925
217.2112,ram,511983616,65063616512,279516
217.2112,cpu,14972795,21746995,519573882
217.2112,gpu,0,0,0
217.4112,disk0,907074950082560,2040727332,12661580619550593
217.4112,disk0w,1979554615296,18852949,1162988750154
217.4112,disk5,36688578295808,73848655,601750827216544
217.4112,disk5w,225980416,35966,1254168700
217.4112,disk4,39562248057856,39665820,411215847140214
217.4112,disk4w,1447560398848,1495270,591099736239
217.4112,disk8,60526289029120,98268472,962845789418251
217.4112,disk8w,4128768,601,984243925
217.4112,ram,511983616,65063616512,279516
217.4112,cpu,14972795,21746995,519573882
217.4112,gpu,24,1,0
217.6112,disk0,907077401227264,2040732411,12661595722684237
217.6112,disk0w,1979554615296,18852949,1162988750154
217.6112,disk5,36689257920512,73849976,601754793518442
217.6112,disk5w,225980416,35966,1254168700
217.6112,disk4,39562801312768,39666387,411216529730314
217.6112,disk4w,1447560398848,1495270,591099736239
217.6112,disk8,60527603025920,98270589,962856312709878
217.6112,disk8w,4128768,601,984243925
217.6112,ram,511983616,65063616512,279516
217.6112,cpu,14972795,21746995,519573882
217.6112,gpu,31,0,0
217.8033,disk0,907079404498944,2040737130,12661606230460755
217.8033,disk0w,1979554615296,18852949,1162988750154
217.8033,disk5,36690243442688,73851917,601763705397276
217.8033,disk5w,225980416,35966,1254168700
217.8033,disk4,39563468731392,39667071,411217385841921
217.8033,disk4w,1447560398848,1495270,591099736239
217.8033,disk8,60528906455040,98273065,962867956711459
217.8033,disk8w,4128768,601,984243925
217.8033,ram,511983616,65063616512,279516
217.8033,cpu,14972795,21746995,519573882
217.8033,gpu,30,0,0
218.0112,disk0,907081428758528,2040743563,12661619660368341
218.0112,disk0w,1979554615296,18852949,1162988750154
218.0112,disk5,36691003881472,73853422,601768266993486
218.0112,disk5w,225980416,35966,1254168700
218.0112,disk4,39564057113600,39667674,411218119550339
218.0112,disk4w,1447560398848,1495270,591099736239
218.0112,disk8,60530350819328,98275652,962884690907442
218.0112,disk8w,4128768,601,984243925
218.0112,ram,514818048,63474302976,279516
218.0112,cpu,14972816,21747104,519575605
218.0112,gpu,42,0,0
218.2054,disk0,907083307282432,2040747433,12661632083892076
218.2054,disk0w,1979554615296,18852949,1162988750154
218.2054,disk5,36691515897856,73854456,601771828435338
218.2054,disk5w,225980416,35966,1254168700
218.2054,disk4,39564583957504,39668214,411219771056334
218.2054,disk4w,1447560398848,1495270,591099736239
218.2054,disk8,60531432163328,98277499,962893678875148
218.2054,disk8w,4128768,601,984243925
218.2054,ram,514818048,63474302976,279516
218.2054,cpu,14972816,21747104,519575605
218.2054,gpu,35,0,0
218.4085,disk0,907085551841280,2040759361,12661649126184197
218.4085,disk0w,1979554615296,18852949,1162988750154
218.4085,disk5,36692239144960,73855937,601776507549006
218.4085,disk5w,225980416,35966,1254168700
218.4085,disk4,39565213758464,39668859,411220651417917
218.4085,disk4w,1447560398848,1495270,591099736239
218.4085,disk8,60532755793920,98279376,962903155878659
218.4085,disk8w,4128768,601,984243925
218.4085,ram,514818048,63474302976,279516
218.4085,cpu,14972816,21747104,519575605
218.4085,gpu,32,2,0
218.6036,disk0,907087464722432,2040762662,12661657077340986
218.6036,disk0w,1979554615296,18852949,1162988750154
218.6036,disk5,36693074458624,73857649,601784178999525
218.6036,disk5w,225980416,35966,1254168700
218.6036,disk4,39565716812800,39669375,411221371675579
218.6036,disk4w,1447560398848,1495270,591099736239
218.6036,disk8,60533958461440,98280874,962912395907616
218.6036,disk8w,4128768,601,984243925
218.6036,ram,514818048,63474302976,279516
218.6036,cpu,14972816,21747104,519575605
218.6036,gpu,28,0,0
218.8112,disk0,907089987842048,2040767628,12661670533724006
218.8112,disk0w,1979554615296,18852949,1162988750154
218.8112,disk5,36693796771840,73859131,601788455454148
218.8112,disk5w,225980416,35966,1254168700
218.8112,disk4,39566296413184,39669969,411222090522042
218.8112,disk4w,1447560398848,1495270,591099736239
218.8112,disk8,60535335634944,98282845,962923744106575
218.8112,disk8w,4128768,601,984243925
218.8112,ram,514818048,63474302976,279516
218.8112,cpu,14972816,21747104,519575605
218.8112,gpu,0,0,0
219.0108,disk0,907091957940224,2040771842,12661684640892214
219.0108,disk0w,1979554615296,18852949,1162988750154
219.0108,disk5,36694512285696,73860563,601792911841753
219.0108,disk5w,225980416,35966,1254168700
219.0108,disk4,39566800122880,39670485,411222640587705
219.0108,disk4w,1447560398848,1495270,591099736239
219.0108,disk8,60536521984000,98284553,962934373778949
219.0108,disk8w,4128768,601,984243925
219.0108,ram,513949696,64963313664,279516
219.0108,cpu,14972848,21747252,519577402
219.0108,gpu,39,0,0
219.2111,disk0,907094104260608,2040776400,12661695408664045
219.2111,disk0w,1979554615296,18852949,1162988750154
219.2111,disk5,36695232772096,73861973,601797857407532
219.2111,disk5w,225980416,35966,1254168700
219.2111,disk4,39567262413824,39670959,411223166684452
219.2111,disk4w,1447560398848,1495270,591099736239
219.2111,disk8,60537904842752,98286883,962948995659514
219.2111,disk8w,4128768,601,984243925
219.2111,ram,513949696,64963313664,279516
219.2111,cpu,14972848,21747252,519577402
219.2111,gpu,35,0,0
219.4053,disk0,907095978123264,2040780727,12661707044661286
219.4053,disk0w,1979554615296,18852949,1162988750154
219.4053,disk5,36695920801792,73863331,601802033463259
219.4053,disk5w,225980416,35966,1254168700
219.4053,disk4,39567692723200,39671400,411223694648273
219.4053,disk4w,1447560398848,1495270,591099736239
219.4053,disk8,60539186776064,98289044,962963452481617
219.4053,disk8w,4128768,601,984243925
219.4053,ram,513949696,64963313664,279516
219.4053,cpu,14972848,21747252,519577402
219.4053,gpu,27,1,0
219.6100,disk0,907098230853632,2040792687,12661724632073465
219.6100,disk0w,1979554615296,18852949,1162988750154
219.6100,disk5,36696665364480,73864804,601806943965497
219.6100,disk5w,225980416,35966,1254168700
219.6100,disk4,39568237196288,39671958,411224406816541
219.6100,disk4w,1447560398848,1495270,591099736239
219.6100,disk8,60540449196032,98291656,962977426438813
219.6100,disk8w,4128768,601,984243925
219.6100,ram,513949696,64963313664,279516
219.6100,cpu,14972848,21747252,519577402
219.6100,gpu,28,0,0
219.8014,disk0,907099675807744,2040802744,12661738254838409
219.8014,disk0w,1979554615296,18852949,1162988750154
219.8014,disk5,36697291585536,73866085,601811292185243
219.8014,disk5w,225980416,35966,1254168700
219.8014,disk4,39568649876480,39672381,411225479259233
219.8014,disk4w,1447560398848,1495270,591099736239
219.8014,disk8,60541527951360,98293417,962988793113350
219.8014,disk8w,4128768,601,984243925
219.8014,ram,513949696,64963313664,279516
219.8014,cpu,14972848,21747252,519577402
219.8014,gpu,20,0,0
220.0014,disk0,907101793345536,2040809507,12661751937471364
220.0014,disk0w,1979554615296,18852949,1162988750154
220.0014,disk5,36697954187264,73867443,601815032804714
220.0014,disk5w,225980416,35966,1254168700
220.0014,disk4,39569143755776,39672887,411226113363988
220.0014,disk4w,1447560398848,1495270,591099736239
220.0014,disk8,60542764681216,98295020,962997898702524
220.0014,disk8w,4128768,601,984243925
220.0014,ram,511393792,65096613888,279516
220.0014,cpu,14972859,21747358,519579019
220.0014,gpu,0,0,0
220.2112,disk0,907104114876416,2040813632,12661761606102390
220.2112,disk0w,1979554615296,18852949,1162988750154
220.2112,disk5,36698900166656,73869382,601824282700301
220.2112,disk5w,225980416,35966,1254168700
220.2112,disk4,39569756386304,39673515,411226959956405
220.2112,disk4w,1447560398848,1495270,591099736239
220.2112,disk8,60544074958848,98296837,963006044530442
220.2112,disk8w,4128768,601,984243925
220.2112,ram,511393792,65096613888,279516
220.2112,cpu,14972859,21747358,519579019
220.2112,gpu,33,0,0
220.4085,disk0,907105940643840,2040817517,12661769416568853
220.4085,disk0w,1979554615296,18852949,1162988750154
220.4085,disk5,36699681552384,73870983,601832539249473
220.4085,disk5w,225980416,35966,1254168700
220.4085,disk4,39570256950272,39674028,411227513940151
220.4085,disk4w,1447560398848,1495270,591099736239
220.4085,disk8,60545348028416,98298722,963019402444018
220.4085,disk8w,4128768,601,984243925
220.4085,ram,511393792,65096613888,279516
220.4085,cpu,14972859,21747358,519579019
220.4085,gpu,30,0,0
220.6112,disk0,907108475265024,2040822567,12661786031618381
220.6112,disk0w,1979554615296,18852949,1162988750154
220.6112,disk5,36700347824128,73872285,601837138326627
220.6112,disk5w,225980416,35966,1254168700
220.6112,disk4,39570827768832,39674613,411228214490210
220.6112,disk4w,1447560398848,1495270,591099736239
220.6112,disk8,60546527856640,98300790,963029413052880
220.6112,disk8w,4128768,601,984243925
220.6112,ram,511393792,65096613888,279516
220.6112,cpu,14972859,21747358,519579019
220.6112,gpu,26,0,0
220.8079,disk0,907110807478272,2040827663,12661802101824321
220.8079,disk0w,1979554615296,18852949,1162988750154
220.8079,disk5,36701045389312,73873659,601841284236775
220.8079,disk5w,225980416,35966,1254168700
220.8079,disk4,39571363460096,39675162,411228840898615
220.8079,disk4w,1447560398848,1495270,591099736239
220.8079,disk8,60547758065664,98303107,963042215419581
220.8079,disk8w,4128768,601,984243925
220.8079,ram,511393792,65096613888,279516
220.8079,cpu,14972859,21747358,519579019
220.8079,gpu,25,0,0
221.0064,disk0,907112891064320,2040834401,12661813199828332
221.0064,disk0w,1979554615296,18852949,1162988750154
221.0064,disk5,36701856888832,73875262,601848617046952
221.0064,disk5w,225980416,35966,1254168700
221.0064,disk4,39571907933184,39675720,411229533432389
221.0064,disk4w,1447560398848,1495270,591099736239
221.0064,disk8,60549085153280,98305426,963055417717477
221.0064,disk8w,4128768,601,984243925
221.0064,ram,513294336,63443746816,279516
221.0064,cpu,14972874,21747458,519580725
221.0064,gpu,33,0,0
221.2112,disk0,907114911825920,2040838329,12661827739276546
221.2112,disk0w,1979554615296,18852949,1162988750154
221.2112,disk5,36702573189120,73876697,601853997367344
221.2112,disk5w,225980416,35966,1254168700
221.2112,disk4,39572373353472,39676197,411230201810717
221.2112,disk4w,1447560398848,1495270,591099736239
221.2112,disk8,60550063998976,98307259,963063691267319
221.2112,disk8w,4128768,601,984243925
221.2112,ram,511295488,63452135424,279516
221.2112,cpu,14972874,21747460,519580755
221.2112,gpu,0,0,0
221.4039,disk0,907117083959296,2040844247,12661840237801936
221.4039,disk0w,1979554615296,18852949,1162988750154
221.4039,disk5,36703295920128,73878180,601858967413251
221.4039,disk5w,225980416,35966,1254168700
221.4039,disk4,39572902360064,39676739,411230851080993
221.4039,disk4w,1447560398848,1495270,591099736239
221.4039,disk8,60551304071168,98309008,963074456152113
221.4039,disk8w,4128768,601,984243925
221.4039,ram,511295488,63452135424,279516
221.4039,cpu,14972874,21747460,519580755
221.4039,gpu,34,0,0
221.6112,disk0,907119314862080,2040847909,12661850163904348
221.6112,disk0w,1979554615296,18852949,1162988750154
221.6112,disk5,36704134510592,73879897,601865826765380
221.6112,disk5w,225980416,35966,1254168700
221.6112,disk4,39573472130048,39677323,411231540710246
221.6112,disk4w,1447560398848,1495270,591099736239
221.6112,disk8,60552641955840,98310743,963084474621665
221.6112,disk8w,4128768,601,984243925
221.6112,ram,511295488,63452135424,279516
221.6112,cpu,14972874,21747460,519580755
221.6112,gpu,0,0,0
221.8112,disk0,907121304616960,2040852022,12661859309212930
221.8112,disk0w,1979554615296,18852949,1162988750154
221.8112,disk5,36704826587136,73881316,601870908362087
221.8112,disk5w,225980416,35966,1254168700
221.8112,disk4,39573962863616,39677826,411232149555403
221.8112,disk4w,1447560398848,1495270,591099736239
221.8112,disk8,60553951119360,98312588,963098254378474
221.8112,disk8w,4128768,601,984243925
221.8112,ram,511295488,63452135424,279516
221.8112,cpu,14972874,21747460,519580755
221.8112,gpu,22,0,0
222.0112,disk0,907123749404672,2040857353,12661876036985410
222.0112,disk0w,1979554615296,18852949,1162988750154
222.0112,disk5,36705699756032,73883050,601878301331731
222.0112,disk5w,225980416,35966,1254168700
222.0112,disk4,39574624646144,39678504,411232946625138
222.0112,disk4w,1447560398848,1495270,591099736239
222.0112,disk8,60555113351168,98314389,963105474803449
222.0112,disk8w,4128768,601,984243925
222.0112,ram,511852544,64928595968,279516
222.0112,cpu,14972894,21747554,519582403
222.0112,gpu,32,0,0
222.2053,disk0,907125905948672,2040861916,12661888266362542
222.2053,disk0w,1979554615296,18852949,1162988750154
222.2053,disk5,36706313910272,73884255,601881899413609
222.2053,disk5w,225980416,35966,1254168700
222.2053,disk4,39575201100800,39679095,411233646283227
222.2053,disk4w,1447560398848,1495270,591099736239
222.2053,disk8,60556431493120,98316745,963119988347999
222.2053,disk8w,4128768,601,984243925
222.2053,ram,509034496,64962543616,279516
222.2053,cpu,14972896,21747571,519582619
222.2053,gpu,39,0,0
222.4112,disk0,907128151703552,2040869608,12661902978083557
222.4112,disk0w,1979554615296,18852949,1162988750154
222.4112,disk5,36707033348096,73885678,601887059229684
222.4112,disk5w,225980416,35966,1254168700
222.4112,disk4,39575868519424,39679779,411234681716129
222.4112,disk4w,1447560398848,1495270,591099736239
222.4112,disk8,60557675104256,98318870,963132196886698
222.4112,disk8w,4128768,601,984243925
222.4112,ram,509034496,64962543616,279516
222.4112,cpu,14972896,21747571,519582619
222.4112,gpu,30,3,0
222.6112,disk0,907130102235136,2040873319,12661915496117112
222.6112,disk0w,1979554615296,18852949,1162988750154
222.6112,disk5,36707621566464,73886851,601891651501756
222.6112,disk5w,225980416,35966,1254168700
222.6112,disk4,39576285410304,39680206,411235416185325
222.6112,disk4w,1447560398848,1495270,591099736239
222.6112,disk8,60558799849472,98321155,963146897916983
222.6112,disk8w,4128768,601,984243925
222.6112,ram,509034496,64962543616,279516
222.6112,cpu,14972896,21747571,519582619
222.6112,gpu,33,0,0
222.8061,disk0,907132434145280,2040880197,12661929111472915
222.8061,disk0w,1979554615296,18852949,1162988750154
222.8061,disk5,36708379760640,73888405,601897706523695
222.8061,disk5w,225980416,35966,1254168700
222.8061,disk4,39576801440768,39680735,411236067344270
222.8061,disk4w,1447560398848,1495270,591099736239
222.8061,disk8,60559916959744,98322860,963155605796573
222.8061,disk8w,4128768,601,984243925
222.8061,ram,509034496,64962543616,279516
222.8061,cpu,14972896,21747571,519582619
222.8061,gpu,0,0,0
223.0064,disk0,907134847430656,2040884199,12661940217030616
223.0064,disk0w,1979554615296,18852949,1162988750154
223.0064,disk5,36709226756096,73890142,601905112560040
223.0064,disk5w,225980416,35966,1254168700
223.0064,disk4,39577528235008,39681480,411237106183476
223.0064,disk4w,1447560398848,1495270,591099736239
223.0064,disk8,60561176152064,98324490,963162621276783
223.0064,disk8w,4128768,601,984243925
223.0064,ram,509034496,64962543616,279516
223.0064,cpu,14972896,21747571,519582619
223.0064,gpu,26,0,0
223.2112,disk0,907137064726528,2040888535,12661949203631732
223.2112,disk0w,1979554615296,18852949,1162988750154
223.2112,disk5,36710104119296,73891940,601911680060867
223.2112,disk5w,225980416,35966,1254168700
223.2112,disk4,39578254636032,39682224,411238169713109
223.2112,disk4w,1447560398848,1495270,591099736239
223.2112,disk8,60562537777152,98326493,963174499457211
223.2112,disk8w,4128768,601,984243925
223.2112,ram,510935040,65173110784,279516
223.2112,cpu,14972908,21747665,519584083
223.2112,gpu,30,0,0
223.4112,disk0,907139310411776,2040893343,12661959138782538
223.4112,disk0w,1979554615296,18852949,1162988750154
223.4112,disk5,36710863894528,73893457,601917260349898
223.4112,disk5w,225980416,35966,1254168700
223.4112,disk4,39578986017792,39682974,411239362911316
223.4112,disk4w,1447560398848,1495270,591099736239
223.4112,disk8,60563863472128,98328509,963186202066491
223.4112,disk8w,4128768,601,984243925
223.4112,ram,510935040,65173110784,279516
223.4112,cpu,14972908,21747665,519584083
223.4112,gpu,43,2,0
223.6112,disk0,907141745401856,2040898542,12661975250154441
223.6112,disk0w,1979554615296,18852949,1162988750154
223.6112,disk5,36711490353152,73894680,601920254434310
223.6112,disk5w,225980416,35966,1254168700
223.6112,disk4,39579486581760,39683487,411239940152608
223.6112,disk4w,1447560398848,1495270,591099736239
223.6112,disk8,60565180024832,98330877,963198773987710
223.6112,disk8w,4128768,601,984243925
223.6112,ram,510935040,65173110784,279516
223.6112,cpu,14972908,21747665,519584083
223.6112,gpu,56,0,0
223.8112,disk0,907143946297344,2040905407,12661989066855519
223.8112,disk0w,1979554615296,18852949,1162988750154
223.8112,disk5,36712262432768,73896202,601927007655235
223.8112,disk5w,225980416,35966,1254168700
223.8112,disk4,39580048618496,39684063,411240674257121
223.8112,disk4w,1447560398848,1495270,591099736239
223.8112,disk8,60566483781632,98333086,963210345946937
223.8112,disk8w,4128768,601,984243925
223.8112,ram,510935040,65173110784,279516
223.8112,cpu,14972908,21747665,519584083
223.8112,gpu,48,0,0
224.0112,disk0,907145846091776,2040908824,12661997659947487
224.0112,disk0w,1979554615296,18852949,1162988750154
224.0112,disk5,36712718317568,73897103,601929791874097
224.0112,disk5w,225980416,35966,1254168700
224.0112,disk4,39580496442368,39684522,411241365193169
224.0112,disk4w,1447560398848,1495270,591099736239
224.0112,disk8,60567639967744,98335326,963226083353105
224.0112,disk8w,4128768,601,984243925
224.0112,ram,510935040,65173110784,279516
224.0112,cpu,14972908,21747665,519584083
224.0112,gpu,27,0,0
224.2037,disk0,907147990880256,2040918146,12662014459309826
224.2037,disk0w,1979554615296,18852949,1162988750154
224.2037,disk5,36713420552192,73898546,601935002242753
224.2037,disk5w,225980416,35966,1254168700
224.2037,disk4,39581031478272,39685071,411242203354223
224.2037,disk4w,1447560398848,1495270,591099736239
224.2037,disk8,60568894720000,98337160,963235620748075
224.2037,disk8w,4128768,601,984243925
224.2037,ram,511754240,65155284992,279516
224.2037,cpu,14972941,21747815,519585898
224.2037,gpu,27,0,0
224.4108,disk0,907150390317056,2040922491,12662026500193196
224.4108,disk0w,1979554615296,18852949,1162988750154
224.4108,disk5,36714377795584,73900506,601942559528123
224.4108,disk5w,225980416,35966,1254168700
224.4108,disk4,39581584339968,39685637,411242893964910
224.4108,disk4w,1447560398848,1495270,591099736239
224.4108,disk8,60570117703680,98338636,963243497839864
224.4108,disk8w,4128768,601,984243925
224.4108,ram,511754240,65155284992,279516
224.4108,cpu,14972941,21747815,519585898
224.4108,gpu,28,1,0
224.6112,disk0,907152261025792,2040925887,12662033070457730
224.6112,disk0w,1979554623488,18852951,1162988794862
224.6112,disk5,36715192825856,73902177,601949583121559
224.6112,disk5w,225980416,35966,1254168700
224.6112,disk4,39582006916096,39686070,411243364794808
224.6112,disk4w,1447560398848,1495270,591099736239
224.6112,disk8,60571409876992,98340415,963256035406051
224.6112,disk8w,4128768,601,984243925
224.6112,ram,511754240,65155284992,279516
224.6112,cpu,14972941,21747815,519585898
224.6112,gpu,32,0,0
224.8112,disk0,907154402332672,2040930302,12662043110644927
224.8112,disk0w,1979554623488,18852951,1162988794862
224.8112,disk5,36715956664320,73903715,601955369827362
224.8112,disk5w,225980416,35966,1254168700
224.8112,disk4,39582498698240,39686574,411243903568191
224.8112,disk4w,1447560398848,1495270,591099736239
224.8112,disk8,60572738373632,98342322,963268317462802
224.8112,disk8w,4128768,601,984243925
224.8112,ram,511754240,65155284992,279516
224.8112,cpu,14972941,21747815,519585898
224.8112,gpu,0,0,0
225.0033,disk0,907156784271360,2040935388,12662057617938308
225.0033,disk0w,1979554623488,18852951,1162988794862
225.0033,disk5,36716657645568,73905083,601958905794531
225.0033,disk5w,225980416,35966,1254168700
225.0033,disk4,39583078298624,39687168,411244611251574
225.0033,disk4w,1447560398848,1495270,591099736239
225.0033,disk8,60573941565440,98344463,963280510512231
225.0033,disk8w,4128768,601,984243925
225.0033,ram,511754240,65155284992,279516
225.0033,cpu,14972941,21747815,519585898
225.0033,gpu,27,0,0
225.2030,disk0,907158824722432,2040939912,12662067693882958
225.2030,disk0w,1979554623488,18852951,1162988794862
225.2030,disk5,36717478688768,73906706,601965892737783
225.2030,disk5w,225980416,35966,1254168700
225.2030,disk4,39583631553536,39687735,411245444055958
225.2030,disk4w,1447560398848,1495270,591099736239
225.2030,disk8,60575248517120,98346644,963293401643922
225.2030,disk8w,4128768,601,984243925
225.2030,ram,513130496,65078984704,279516
225.2030,cpu,14972955,21747913,519587497
225.2030,gpu,0,0,0
225.4113,disk0,907161095065600,2040946730,12662081740278682
225.4113,disk0w,1979554623488,18852951,1162988794862
225.4113,disk5,36718234269696,73908199,601970224988357
225.4113,disk5w,225980416,35966,1254168700
225.4113,disk4,39584176026624,39688293,411246142484649
225.4113,disk4w,1447560398848,1495270,591099736239
225.4113,disk8,60576603244544,98349337,963308978293707
225.4113,disk8w,4128768,601,984243925
225.4113,ram,513130496,65078984704,279516
225.4113,cpu,14972955,21747913,519587497
225.4113,gpu,44,0,0
225.6049,disk0,907162789924864,2040953427,12662094365508311
225.6049,disk0w,1979554623488,18852951,1162988794862
225.6049,disk5,36718860204032,73909478,601977156886551
225.6049,disk5w,225980416,35966,1254168700
225.6049,disk4,39584713749504,39688844,411247287320589
225.6049,disk4w,1447560398848,1495270,591099736239
225.6049,disk8,60577580550144,98350894,963316886074446
225.6049,disk8w,4128768,601,984243925
225.6049,ram,513130496,65078984704,279516
225.6049,cpu,14972955,21747913,519587497
225.6049,gpu,0,0,0
225.8044,disk0,907164900147200,2040959556,12662108339896404
225.8044,disk0w,1979554623488,18852951,1162988794862
225.8044,disk5,36719508690944,73910806,601982525179228
225.8044,disk5w,225980416,35966,1254168700
225.8044,disk4,39585264907264,39689409,411248016518358
225.8044,disk4w,1447560398848,1495270,591099736239
225.8044,disk8,60578794194944,98352451,963324289231884
225.8044,disk8w,4128768,601,984243925
225.8044,ram,513130496,65078984704,279516
225.8044,cpu,14972955,21747913,519587497
225.8044,gpu,31,0,0
226.0029,disk0,907166909022208,2040963517,12662116923420363
226.0029,disk0w,1979554623488,18852951,1162988794862
226.0029,disk5,36720418928640,73912670,601990420670173
226.0029,disk5w,225980416,35966,1254168700
226.0029,disk4,39585818162176,39689976,411248736050926
226.0029,disk4w,1447560398848,1495270,591099736239
226.0029,disk8,60580047554560,98354216,963335049265236
226.0029,disk8w,4128768,601,984243925
226.0029,ram,513130496,65078984704,279516
226.0029,cpu,14972955,21747913,519587497
226.0029,gpu,0,0,0
226.2113,disk0,907168589004800,2040967065,12662122211693696
226.2113,disk0w,1979554623488,18852951,1162988794862
226.2113,disk5,36721217042432,73914305,601996964238377
226.2113,disk5w,225980416,35966,1254168700
226.2113,disk4,39586318726144,39690489,411249333813005
226.2113,disk4w,1447560398848,1495270,591099736239
226.2113,disk8,60581468784640,98356274,963351490274423
226.2113,disk8w,4128768,601,984243925
226.2113,ram,516014080,64892010496,279516
226.2113,cpu,14972972,21748021,519589228
226.2113,gpu,30,0,0
226.4113,disk0,907170961260544,2040972094,12662135254399387
226.4113,disk0w,1979554623488,18852951,1162988794862
226.4113,disk5,36721936234496,73915709,602001564277794
226.4113,disk5w,225980416,35966,1254168700
226.4113,disk4,39586878272512,39691062,411250041203782
226.4113,disk4w,1447560398848,1495270,591099736239
226.4113,disk8,60582794987520,98358444,963364400921150
226.4113,disk8w,4128768,601,984243925
226.4113,ram,516014080,64892010496,279516
226.4113,cpu,14972972,21748021,519589228
226.4113,gpu,41,5,0
226.6022,disk0,907173234376704,2040977046,12662149129922816
226.6022,disk0w,1979554631680,18852953,1162988850486
226.6022,disk5,36722603030528,73917025,602004836306154
226.6022,disk5w,225980416,35966,1254168700
226.6022,disk4,39587416454144,39691614,411250733551100
226.6022,disk4w,1447560398848,1495270,591099736239
226.6022,disk8,60584055359488,98360840,963377658516472
226.6022,disk8w,4128768,601,984243925
226.6022,ram,516014080,64892010496,279516
226.6022,cpu,14972972,21748021,519589228
226.6022,gpu,40,0,0
226.8113,disk0,907175032094720,2040985802,12662161779037000
226.8113,disk0w,1979554631680,18852953,1162988850486
226.8113,disk5,36723247036416,73918295,602008217642517
226.8113,disk5w,225980416,35966,1254168700
226.8113,disk4,39587935630336,39692146,411251380727967
226.8113,disk4w,1447560398848,1495270,591099736239
226.8113,disk8,60585415002112,98363241,963396362438207
226.8113,disk8w,4128768,601,984243925
226.8113,ram,516014080,64892010496,279516
226.8113,cpu,14972972,21748021,519589228
226.8113,gpu,32,0,0
227.0113,disk0,907176962416640,2040989288,12662172287892083
227.0113,disk0w,1979554631680,18852953,1162988850486
227.0113,disk5,36724031944704,73919861,602016168219481
227.0113,disk5w,225980416,35966,1254168700
227.0113,disk4,39588452578304,39692676,411253994219501
227.0113,disk4w,1447560398848,1495270,591099736239
227.0113,disk8,60586414016512,98365179,963405567935843
227.0113,disk8w,4128768,601,984243925
227.0113,ram,516014080,64892010496,279516
227.0113,cpu,14972972,21748021,519589228
227.0113,gpu,36,0,0
227.2080,disk0,907179383660544,2040996348,12662192375216102
227.2080,disk0w,1979554648064,18852954,1162988874611
227.2080,disk5,36724813371392,73921461,602022007825799
227.2080,disk5w,225980416,35966,1254168700
227.2080,disk4,39589084869632,39693324,411254914179947
227.2080,disk4w,1447560398848,1495270,591099736239
227.2080,disk8,60587478484992,98366642,963410433541667
227.2080,disk8w,4128768,601,984243925
227.2080,ram,520093696,65039499264,279516
227.2080,cpu,14972993,21748138,519590943
227.2080,gpu,0,0,0
227.4052,disk0,907181351100416,2040999688,12662199527835917
227.4052,disk0w,1979554648064,18852954,1162988874611
227.4052,disk5,36725727123456,73923333,602029503127463
227.4052,disk5w,225980416,35966,1254168700
227.4052,disk4,39589602997248,39693855,411255480786518
227.4052,disk4w,1447560398848,1495270,591099736239
227.4052,disk8,60588812896256,98368367,963421375805431
227.4052,disk8w,4128768,601,984243925
227.4052,ram,520093696,65039499264,279516
227.4052,cpu,14972993,21748138,519590943
227.4052,gpu,0,0,0
227.6113,disk0,907183219367936,2041003418,12662208041402713
227.6113,disk0w,1979554648064,18852954,1162988874611
227.6113,disk5,36726690117632,73925306,602039069995663
227.6113,disk5w,225980416,35966,1254168700
227.6113,disk4,39590060700672,39694324,411256023333524
227.6113,disk4w,1447560398848,1495270,591099736239
227.6113,disk8,60590125615104,98370297,963433009720079
227.6113,disk8w,4128768,601,984243925
227.6113,ram,520093696,65039499264,279516
227.6113,cpu,14972993,21748138,519590943
227.6113,gpu,0,0,0
227.8091,disk0,907185474068480,2041008325,12662221069044338
227.8091,disk0w,1979554648064,18852954,1162988874611
227.8091,disk5,36727274141696,73926477,602042084253870
227.8091,disk5w,225980416,35966,1254168700
227.8091,disk4,39590568997888,39694845,411256740273646
227.8091,disk4w,1447560398848,1495270,591099736239
227.8091,disk8,60591477655552,98372224,963445772452721
227.8091,disk8w,4128768,601,984243925
227.8091,ram,520093696,65039499264,279516
227.8091,cpu,14972993,21748138,519590943
227.8091,gpu,31,0,0
228.0072,disk0,907187950051328,2041013841,12662238158835839
228.0072,disk0w,1979554648064,18852954,1162988874611
228.0072,disk5,36727771772928,73927446,602044827480507
228.0072,disk5w,225980416,35966,1254168700
228.0072,disk4,39591104689152,39695394,411257402671969
228.0072,disk4w,1447560398848,1495270,591099736239
228.0072,disk8,60592754444288,98374469,963458426206927
228.0072,disk8w,4128768,601,984243925
228.0072,ram,520093696,65039499264,279516
228.0072,cpu,14972993,21748138,519590943
228.0072,gpu,27,0,0
228.2063,disk0,907189933957120,2041019000,12662250213674986
228.2063,disk0w,1979554648064,18852954,1162988874611
228.2063,disk5,36728591112192,73929067,602051671712960
228.2063,disk5w,225980416,35966,1254168700
228.2063,disk4,39591614034944,39695916,411258034230465
228.2063,disk4w,1447560398848,1495270,591099736239
228.2063,disk8,60594028546048,98376625,963470915895691
228.2063,disk8w,4128768,601,984243925
228.2063,ram,517849088,63375261696,279516
228.2063,cpu,14973010,21748241,519592643
228.2063,gpu,26,0,0
228.4024,disk0,907192027123712,2041027180,12662266589298919
228.4024,disk0w,1979554648064,18852954,1162988874611
228.4024,disk5,36729178028032,73930230,602054890010992
228.4024,disk5w,225980416,35966,1254168700
228.4024,disk4,39592193635328,39696510,411258766425349
228.4024,disk4w,1447560398848,1495270,591099736239
228.4024,disk8,60595231115264,98378974,963485571896826
228.4024,disk8w,4128768,601,984243925
228.4024,ram,513114112,63375261696,279516
228.4024,cpu,14973010,21748247,519592673
228.4024,gpu,34,1,0
228.6014,disk0,907193733414912,2041034659,12662278069581109
228.6014,disk0w,1979554648064,18852954,1162988874611
228.6014,disk5,36729888700416,73931683,602061624026837
228.6014,disk5w,225980416,35966,1254168700
228.6014,disk4,39592727802880,39697057,411260207693574
228.6014,disk4w,1447560398848,1495270,591099736239
228.6014,disk8,60596275742720,98380626,963496068454124
228.6014,disk8w,4128768,601,984243925
228.6014,ram,513114112,63375261696,279516
228.6014,cpu,14973010,21748247,519592673
228.6014,gpu,34,0,0
228.8021,disk0,907195749953536,2041040200,12662289633479321
228.8021,disk0w,1979554648064,18852954,1162988874611
228.8021,disk5,36730643232768,73933230,602066224984713
228.8021,disk5w,225980416,35966,1254168700
228.8021,disk4,39593203463168,39697545,411260806035476
228.8021,disk4w,1447560398848,1495270,591099736239
228.8021,disk8,60597572929536,98382314,963505769597590
228.8021,disk8w,4128768,601,984243925
228.8021,ram,513114112,63375261696,279516
228.8021,cpu,14973010,21748247,519592673
228.8021,gpu,0,0,0
229.0063,disk0,907198240329728,2041044489,12662304611001315
229.0063,disk0w,1979554648064,18852954,1162988874611
229.0063,disk5,36731222292480,73934416,602068944607276
229.0063,disk5w,225980416,35966,1254168700
229.0063,disk4,39593739154432,39698094,411261516499795
229.0063,disk4w,1447560398848,1495270,591099736239
229.0063,disk8,60598818572288,98384118,963515648826283
229.0063,disk8w,4128768,601,984243925
229.0063,ram,513114112,63375261696,279516
229.0063,cpu,14973010,21748247,519592673
229.0063,gpu,32,0,0
229.2113,disk0,907200604807168,2041049231,12662317452804351
229.2113,disk0w,1979554648064,18852954,1162988874611
229.2113,disk5,36731994372096,73935999,602072852933533
229.2113,disk5w,225980416,35966,1254168700
229.2113,disk4,39594397791232,39698769,411262514033022
229.2113,disk4w,1447560398848,1495270,591099736239
229.2113,disk8,60600108976128,98386037,963527263981157
229.2113,disk8w,4128768,601,984243925
229.2113,ram,513998848,65174618112,279516
229.2113,cpu,14973035,21748375,519594276
229.2113,gpu,26,0,0
229.4086,disk0,907202797936640,2041053740,12662331160385875
229.4086,disk0w,1979554648064,18852954,1162988874611
229.4086,disk5,36732643620864,73937269,602076403164235
229.4086,disk5w,225980416,35966,1254168700
229.4086,disk4,39594986173440,39699372,411263148665126
229.4086,disk4w,1447560398848,1495270,591099736239
229.4086,disk8,60601389942784,98388274,963541080930317
229.4086,disk8w,4128768,601,984243925
229.4086,ram,514637824,65241726976,279516
229.4086,cpu,14973035,21748379,519594371
229.4086,gpu,28,1,0
229.6113,disk0,907205053145088,2041058350,12662343390758965
229.6113,disk0w,1979554648064,18852954,1162988874611
229.6113,disk5,36733348657152,73938658,602079701105975
229.6113,disk5w,225980416,35966,1254168700
229.6113,disk4,39595678495744,39700081,411264130413924
229.6113,disk4w,1447560398848,1495270,591099736239
229.6113,disk8,60602754680832,98390898,963557419995199
229.6113,disk8w,4128768,601,984243925
229.6113,ram,514637824,65241726976,279516
229.6113,cpu,14973035,21748379,519594371
229.6113,gpu,33,0,0
229.8113,disk0,907207195312128,2041070078,12662366872022181
229.8113,disk0w,1979554648064,18852954,1162988874611
229.8113,disk5,36734116165632,73940174,602085556954555
229.8113,disk5w,225980416,35966,1254168700
229.8113,disk4,39596083901440,39700497,411264562375408
229.8113,disk4w,1447560398848,1495270,591099736239
229.8113,disk8,60603854489600,98392728,963565704703569
229.8113,disk8w,4128768,601,984243925
229.8113,ram,514637824,65241726976,279516
229.8113,cpu,14973035,21748379,519594371
229.8113,gpu,31,0,0
230.0113,disk0,907209187835904,2041073859,12662378937523316
230.0113,disk0w,1979554648064,18852954,1162988874611
230.0113,disk5,36734807480320,73941545,602091052769644
230.0113,disk5w,225980416,35966,1254168700
230.0113,disk4,39596681032704,39701109,411265606246995
230.0113,disk4w,1447560398848,1495270,591099736239
230.0113,disk8,60604898002944,98394692,963573654708558
230.0113,disk8w,4128768,601,984243925
230.0113,ram,514637824,65241726976,279516
230.0113,cpu,14973035,21748379,519594371
230.0113,gpu,87,0,0
230.2113,disk0,907211517435904,2041080321,12662390245533356
230.2113,disk0w,1979554648064,18852954,1162988874611
230.2113,disk5,36735688079360,73943350,602100192905687
230.2113,disk5w,225980416,35966,1254168700
230.2113,disk4,39597348451328,39701793,411266482585605
230.2113,disk4w,1447560398848,1495270,591099736239
230.2113,disk8,60606138271744,98396382,963582743064349
230.2113,disk8w,4128768,601,984243925
230.2113,ram,514637824,65241726976,279516
230.2113,cpu,14973035,21748379,519594371
230.2113,gpu,27,0,0
230.4113,disk0,907213746102272,2041084276,12662399668346979
230.4113,disk0w,1979554648064,18852954,1162988874611
230.4113,disk5,36736545167360,73945107,602106537494937
230.4113,disk5w,225980416,35966,1254168700
230.4113,disk4,39597971960832,39702432,411267266958382
230.4113,disk4w,1447560398848,1495270,591099736239
230.4113,disk8,60607501420544,98398117,963592655160987
230.4113,disk8w,4128768,601,984243925
230.4113,ram,513441792,65638252544,279516
230.4113,cpu,14973053,21748489,519595952
230.4113,gpu,0,0,0
230.6101,disk0,907215584980992,2041087981,12662406653674655
230.6101,disk0w,1979554648064,18852954,1162988874611
230.6101,disk5,36737391212544,73946841,602112014163350
230.6101,disk5w,225980416,35966,1254168700
230.6101,disk4,39598490088448,39702963,411267890867418
230.6101,disk4w,1447560398848,1495270,591099736239
230.6101,disk8,60608861095936,98400114,963606806952153
230.6101,disk8w,4128768,601,984243925
230.6101,ram,513441792,65638252544,279516
230.6101,cpu,14973053,21748489,519595952
230.6101,gpu,24,0,0
230.8111,disk0,907217943638016,2041093165,12662422544001516
230.8111,disk0w,1979554648064,18852954,1162988874611
230.8111,disk5,36738171025408,73948411,602118425324017
230.8111,disk5w,225980416,35966,1254168700
230.8111,disk4,39598988162048,39703473,411268446494917
230.8111,disk4w,1447560398848,1495270,591099736239
230.8111,disk8,60610010236928,98401919,963616576346200
230.8111,disk8w,4128768,601,984243925
230.8111,ram,513441792,65638252544,279516
230.8111,cpu,14973053,21748489,519595952
230.8111,gpu,29,0,0
231.0113,disk0,907220316745728,2041098419,12662437464978414
231.0113,disk0w,1979554648064,18852954,1162988874611
231.0113,disk5,36738877110272,73949785,602122964038253
231.0113,disk5w,225980416,35966,1254168700
231.0113,disk4,39599606428672,39704107,411269220556033
231.0113,disk4w,1447560398848,1495270,591099736239
231.0113,disk8,60611262580736,98404156,963627546937416
231.0113,disk8w,4128768,601,984243925
231.0113,ram,513441792,65638252544,279516
231.0113,cpu,14973053,21748489,519595952
231.0113,gpu,35,0,0
231.2113,disk0,907222422155264,2041103607,12662451875116554
231.2113,disk0w,1979554648064,18852954,1162988874611
231.2113,disk5,36739609901056,73951228,602127507044429
231.2113,disk5w,225980416,35966,1254168700
231.2113,disk4,39600193762304,39704709,411270056760287
231.2113,disk4w,1447560398848,1495270,591099736239
231.2113,disk8,60612445440000,98406185,963638633669941
231.2113,disk8w,4128768,601,984243925
231.2113,ram,513441792,65638252544,279516
231.2113,cpu,14973053,21748489,519595952
231.2113,gpu,39,0,0
231.4113,disk0,907224783417344,2041110560,12662469770080341
231.4113,disk0w,1979554648064,18852954,1162988874611
231.4113,disk5,36740206508032,73952407,602131522115545
231.4113,disk5w,225980416,35966,1254168700
231.4113,disk4,39600694326272,39705222,411270669679571
231.4113,disk4w,1447560398848,1495270,591099736239
231.4113,disk8,60613576132608,98408495,963651203387759
231.4113,disk8w,4128768,601,984243925
231.4113,ram,514883584,63767281664,279516
231.4113,cpu,14973069,21748609,519597812
231.4113,gpu,35,2,0
231.6036,disk0,907226598191104,2041115238,12662479624956241
231.6036,disk0w,1979554648064,18852954,1162988874611
231.6036,disk5,36740673615872,73953358,602133988303431
231.6036,disk5w,225980416,35966,1254168700
231.6036,disk4,39601308939264,39705852,411273272005491
231.6036,disk4w,1447560398848,1495270,591099736239
231.6036,disk8,60614640306176,98410297,963662888379003
231.6036,disk8w,4128768,601,984243925
231.6036,ram,514883584,63767281664,279516
231.6036,cpu,14973069,21748609,519597812
231.6036,gpu,0,0,0
231.8016,disk0,907228905164800,2041120397,12662493118595187
231.8016,disk0w,1979554656256,18852956,1162988910069
231.8016,disk5,36741469911040,73954992,602139965731920
231.8016,disk5w,225980416,35966,1254168700
231.8016,disk4,39601906103296,39706464,411274062193117
231.8016,disk4w,1447560398848,1495270,591099736239
231.8016,disk8,60615817824256,98411703,963669288818589
231.8016,disk8w,4128768,601,984243925
231.8016,ram,514883584,63767281664,279516
231.8016,cpu,14973069,21748609,519597812
231.8016,gpu,31,0,0
232.0113,disk0,907231305437184,2041125181,12662506179797950
232.0113,disk0w,1979554656256,18852956,1162988910069
232.0113,disk5,36742364821504,73956824,602147475820152
232.0113,disk5w,225980416,35966,1254168700
232.0113,disk4,39602626212864,39707202,411274966494034
232.0113,disk4w,1447560398848,1495270,591099736239
232.0113,disk8,60617085421568,98413541,963678071891524
232.0113,disk8w,4128768,601,984243925
232.0113,ram,514883584,63767281664,279516
232.0113,cpu,14973069,21748609,519597812
232.0113,gpu,41,0,0
232.2023,disk0,907233118179328,2041129246,12662518172897605
232.2023,disk0w,1979554656256,18852956,1162988910069
232.2023,disk5,36743048640512,73958227,602151957918439
232.2023,disk5w,225980416,35966,1254168700
232.2023,disk4,39603064910848,39707651,411275501323176
232.2023,disk4w,1447560398848,1495270,591099736239
232.2023,disk8,60618335700992,98415321,963690632963811
232.2023,disk8w,4128768,601,984243925
232.2023,ram,514883584,63767281664,279516
232.2023,cpu,14973069,21748609,519597812
232.2023,gpu,32,0,0
232.4094,disk0,907235645771776,2041134731,12662535118681471
232.4094,disk0w,1979554656256,18852956,1162988910069
232.4094,disk5,36743566817280,73959245,602154106811593
232.4094,disk5w,225980416,35966,1254168700
232.4094,disk4,39603636122624,39708237,411276239275325
232.4094,disk4w,1447560398848,1495270,591099736239
232.4094,disk8,60619705305088,98417553,963703814773897
232.4094,disk8w,4128768,601,984243925
232.4094,ram,515948544,65342537728,279516
232.4094,cpu,14973090,21748719,519599536
232.4094,gpu,0,0,0
232.6113,disk0,907237640048640,2041138967,12662546995404213
232.6113,disk0w,1979554656256,18852956,1162988910069
232.6113,disk5,36744316254208,73960722,602161687294924
232.6113,disk5w,225980416,35966,1254168700
232.6113,disk4,39604206941184,39708822,411276976739176
232.6113,disk4w,1447560398848,1495270,591099736239
232.6113,disk8,60620940871680,98420021,963717509910562
232.6113,disk8w,4128768,601,984243925
232.6113,ram,515948544,65342537728,279516
232.6113,cpu,14973090,21748719,519599536
232.6113,gpu,33,0,0
232.8054,disk0,907239829114880,2041147396,12662566129601497
232.8054,disk0w,1979554656256,18852956,1162988910069
232.8054,disk5,36745023240192,73962118,602165645508481
232.8054,disk5w,225980416,35966,1254168700
232.8054,disk4,39604776317952,39709405,411278051935852
232.8054,disk4w,1447560398848,1495270,591099736239
232.8054,disk8,60622179944448,98422119,963727344018980
232.8054,disk8w,4128768,601,984243925
232.8054,ram,515948544,65342537728,279516
232.8054,cpu,14973090,21748719,519599536
232.8054,gpu,0,0,0
233.0113,disk0,907241678360576,2041150782,12662576671483351
233.0113,disk0w,1979556327424,18853243,1162995033725
233.0113,disk5,36745637394432,73963339,602168928786632
233.0113,disk5w,225980416,35966,1254168700
233.0113,disk4,39605208069120,39709848,411278562663293
233.0113,disk4w,1447560398848,1495270,591099736239
233.0113,disk8,60623273199616,98424329,963740040534960
233.0113,disk8w,4128768,601,984243925
233.0113,ram,515948544,65342537728,279516
233.0113,cpu,14973090,21748719,519599536
233.0113,gpu,44,0,0
233.2075,disk0,907243400826880,2041153884,12662583330223785
233.2075,disk0w,1979556327424,18853243,1162995033725
233.2075,disk5,36746454775808,73965015,602178733073713
233.2075,disk5w,225980416,35966,1254168700
233.2075,disk4,39605717365760,39710370,411279361899450
233.2075,disk4w,1447560398848,1495270,591099736239
233.2075,disk8,60624485648384,98426084,963751266539900
233.2075,disk8w,4128768,601,984243925
233.2075,ram,515948544,65342537728,279516
233.2075,cpu,14973090,21748719,519599536
233.2075,gpu,26,0,0
233.4044,disk0,907245512036352,2041157424,12662593773833859
233.4044,disk0w,1979556327424,18853243,1162995033725
233.4044,disk5,36747248072704,73966640,602184190135592
233.4044,disk5w,225980416,35966,1254168700
233.4044,disk4,39606220026880,39710885,411279951437114
233.4044,disk4w,1447560398848,1495270,591099736239
233.4044,disk8,60625752147968,98427588,963760278773644
233.4044,disk8w,4128768,601,984243925
233.4044,ram,512606208,65483685888,279516
233.4044,cpu,14973116,21748840,519601205
233.4044,gpu,30,2,0
233.6021,disk0,907247661436928,2041161409,12662605417126377
233.6021,disk0w,1979556327424,18853243,1162995033725
233.6021,disk5,36747983108096,73968147,602190764366378
233.6021,disk5w,225980416,35966,1254168700
233.6021,disk4,39606753620992,39711432,411280603447729
233.6021,disk4w,1447560398848,1495270,591099736239
233.6021,disk8,60626898126848,98429203,963768622477758
233.6021,disk8w,4128768,601,984243925
233.6021,ram,512606208,65483685888,279516
233.6021,cpu,14973116,21748840,519601205
233.6021,gpu,0,0,0
233.8113,disk0,907250099216384,2041166344,12662619972773123
233.8113,disk0w,1979556327424,18853243,1162995033725
233.8113,disk5,36748708165632,73969635,602195286857217
233.8113,disk5w,225980416,35966,1254168700
233.8113,disk4,39607272797184,39711964,411281285588143
233.8113,disk4w,1447560398848,1495270,591099736239
233.8113,disk8,60628195330048,98431187,963780299256137
233.8113,disk8w,4128768,601,984243925
233.8113,ram,512606208,65483685888,279516
233.8113,cpu,14973116,21748840,519601205
233.8113,gpu,36,0,0
234.0096,disk0,907252546134016,2041171270,12662634822377885
234.0096,disk0w,1979556327424,18853243,1162995033725
234.0096,disk5,36749450409984,73971081,602199697383066
234.0096,disk5w,225980416,35966,1254168700
234.0096,disk4,39607807439872,39712512,411281897319089
234.0096,disk4w,1447560398848,1495270,591099736239
234.0096,disk8,60629477345280,98433345,963791262529882
234.0096,disk8w,4128768,601,984243925
234.0096,ram,512606208,65483685888,279516
234.0096,cpu,14973116,21748840,519601205
234.0096,gpu,0,0,0
234.2113,disk0,907254741082112,2041175852,12662644792210521
234.2113,disk0w,1979556327424,18853243,1162995033725
234.2113,disk5,36750201255936,73972559,602206134127949
234.2113,disk5w,225980416,35966,1254168700
234.2113,disk4,39608369476608,39713088,411282540790317
234.2113,disk4w,1447560398848,1495270,591099736239
234.2113,disk8,60630773090304,98435848,963806392470723
234.2113,disk8w,4128768,601,984243925
234.2113,ram,512606208,65483685888,279516
234.2113,cpu,14973116,21748840,519601205
234.2113,gpu,29,1,0
234.4113,disk0,907256923185152,2041184231,12662662526509838
234.4113,disk0w,1979556327424,18853243,1162995033725
234.4113,disk5,36750998091776,73974135,602211469787410
234.4113,disk5w,225980416,35966,1254168700
234.4113,disk4,39608887604224,39713619,411283293631305
234.4113,disk4w,1447560398848,1495270,591099736239
234.4113,disk8,60632001890304,98437899,963817886089165
234.4113,disk8w,4128768,601,984243925
234.4113,ram,282886144,64132169728,279516
234.4113,cpu,14973152,21748961,519602794
234.4113,gpu,27,2,0
234.6113,disk0,907259004624896,2041188019,12662672419501781
234.6113,disk0w,1979556327424,18853243,1162995033725
234.6113,disk5,36751822813184,73975769,602217725843676
234.6113,disk5w,225980416,35966,1254168700
234.6113,disk4,39609475986432,39714222,411284018440227
234.6113,disk4w,1447560398848,1495270,591099736239
234.6113,disk8,60633272993792,98440533,963830786018618
234.6113,disk8w,4128768,601,984243925
234.6113,ram,282886144,64132169728,279516
234.6113,cpu,14973152,21748961,519602794
234.6113,gpu,32,4,0
234.8033,disk0,907260811689984,2041194434,12662682830864369
234.8033,disk0w,1979556327424,18853243,1162995033725
234.8033,disk5,36752579303424,73977319,602223658429052
234.8033,disk5w,225980416,35966,1254168700
234.8033,disk4,39610149598208,39714912,411285990449829
234.8033,disk4w,1447560398848,1495270,591099736239
234.8033,disk8,60634369132544,98442244,963839964398486
234.8033,disk8w,4128768,601,984243925
234.8033,ram,282886144,64132169728,279516
234.8033,cpu,14973152,21748961,519602794
234.8033,gpu,24,2,0
235.0013,disk0,907263013584896,2041198055,12662692368745406
235.0013,disk0w,1979556327424,18853243,1162995033725
235.0013,disk5,36753225168896,73978640,602227186784056
235.0013,disk5w,225980416,35966,1254168700
235.0013,disk4,39610705343488,39715482,411286709564388
235.0013,disk4w,1447560398848,1495270,591099736239
235.0013,disk8,60635693139968,98443736,963849729569210
235.0013,disk8w,4128768,601,984243925
235.0013,ram,282886144,64132169728,279516
235.0013,cpu,14973152,21748961,519602794
235.0013,gpu,41,0,0
235.2113,disk0,907264831639552,2041201557,12662699025960003
235.2113,disk0w,1979556327424,18853243,1162995033725
235.2113,disk5,36753849530368,73979921,602230891904001
235.2113,disk5w,225980416,35966,1254168700
235.2113,disk4,39611212198912,39716001,411287242639332
235.2113,disk4w,1447560398848,1495270,591099736239
235.2113,disk8,60637177219072,98445681,963865668379351
235.2113,disk8w,4128768,601,984243925
235.2113,ram,282886144,64132169728,279516
235.2113,cpu,14973152,21748961,519602794
235.2113,gpu,39,0,0
235.4113,disk0,907266971160576,2041205672,12662707612292835
235.4113,disk0w,1979556327424,18853243,1162995033725
235.4113,disk5,36754516326400,73981289,602236404788472
235.4113,disk5w,225980416,35966,1254168700
235.4113,disk4,39611706471424,39716508,411287988905208
235.4113,disk4w,1447560398848,1495270,591099736239
235.4113,disk8,60638561470464,98447767,963878165506662
235.4113,disk8w,4128768,601,984243925
235.4113,ram,284131328,65714536448,279516
235.4113,cpu,14973176,21749072,519604490
235.4113,gpu,31,1,0
235.6062,disk0,907268987789312,2041209790,12662718182992450
235.6062,disk0w,1979556327424,18853243,1162995033725
235.6062,disk5,36755234338816,73982680,602240287168844
235.6062,disk5w,225980416,35966,1254168700
235.6062,disk4,39612250944512,39717066,411288629274114
235.6062,disk4w,1447560398848,1495270,591099736239
235.6062,disk8,60639850334208,98450070,963893918944974
235.6062,disk8w,4128768,601,984243925
235.6062,ram,282443776,65748090880,279516
235.6062,cpu,14973177,21749073,519604516
235.6062,gpu,0,0,0
235.8083,disk0,907271072849920,2041214588,12662731267968745
235.8083,disk0w,1979556327424,18853243,1162995033725
235.8083,disk5,36755915536384,73984024,602244303265946
235.8083,disk5w,225980416,35966,1254168700
235.8083,disk4,39612865672192,39717696,411289395665112
235.8083,disk4w,1447560398848,1495270,591099736239
235.8083,disk8,60641123960832,98452271,963909168012181
235.8083,disk8w,4128768,601,984243925
235.8083,ram,282443776,65748090880,279516
235.8083,cpu,14973177,21749073,519604516
235.8083,gpu,23,0,0
236.0113,disk0,907273444270080,2041224324,12662753511368272
236.0113,disk0w,1979556327424,18853243,1162995033725
236.0113,disk5,36756674639872,73985525,602250570287233
236.0113,disk5w,225980416,35966,1254168700
236.0113,disk4,39613359551488,39718202,411289984094401
236.0113,disk4w,1447560398848,1495270,591099736239
236.0113,disk8,60642221836288,98454131,963916310290375
236.0113,disk8w,4128768,601,984243925
236.0113,ram,282443776,65748090880,279516
236.0113,cpu,14973177,21749073,519604516
236.0113,gpu,38,0,0
236.2113,disk0,907275497029632,2041228190,12662765773229035
236.2113,disk0w,1979556327424,18853243,1162995033725
236.2113,disk5,36757446719488,73987061,602257207051423
236.2113,disk5w,225980416,35966,1254168700
236.2113,disk4,39613936956416,39718794,411291664728461
236.2113,disk4w,1447560398848,1495270,591099736239
236.2113,disk8,60643220424704,98455979,963924647664446
236.2113,disk8w,4128768,601,984243925
236.2113,ram,282443776,65748090880,279516
236.2113,cpu,14973177,21749073,519604516
236.2113,gpu,25,0,0
236.4109,disk0,907277863792640,2041236981,12662781252814875
236.4109,disk0w,1979556327424,18853243,1162995033725
236.4109,disk5,36758241589248,73988689,602261702894781
236.4109,disk5w,225980416,35966,1254168700
236.4109,disk4,39614481429504,39719352,411292350978434
236.4109,disk4w,1447560398848,1495270,591099736239
236.4109,disk8,60644452714496,98457755,963933659108692
236.4109,disk8w,4128768,601,984243925
236.4109,ram,282443776,65748090880,279516
236.4109,cpu,14973177,21749073,519604516
236.4109,gpu,0,0,0
236.6113,disk0,907280087281664,2041240548,12662791781010297
236.6113,disk0w,1979556327424,18853243,1162995033725
236.6113,disk5,36759032502272,73990309,602267659517457
236.6113,disk5w,225980416,35966,1254168700
236.6113,disk4,39615039927296,39719924,411293039036208
236.6113,disk4w,1447560398848,1495270,591099736239
236.6113,disk8,60645688838144,98459166,963941625332805
236.6113,disk8w,4128768,601,984243925
236.6113,ram,284033024,65877147648,279516
236.6113,cpu,14973196,21749185,519606238
236.6113,gpu,19,0,0
236.8113,disk0,907282005913600,2041244280,12662799640194993
236.8113,disk0w,1979556327424,18853243,1162995033725
236.8113,disk5,36759642232832,73991560,602272663873955
236.8113,disk5w,225980416,35966,1254168700
236.8113,disk4,39615623066624,39720522,411293759291551
236.8113,disk4w,1447560398848,1495270,591099736239
236.8113,disk8,60647053805568,98461161,963956922911336
236.8113,disk8w,4128768,601,984243925
236.8113,ram,284033024,65877147648,279516
236.8113,cpu,14973196,21749185,519606238
236.8113,gpu,32,0,0
237.0086,disk0,907284041576448,2041248294,12662809050770730
237.0086,disk0w,1979556347904,18853245,1162995083933
237.0086,disk5,36760219187200,73992733,602276707384398
237.0086,disk5w,225980416,35966,1254168700
237.0086,disk4,39616070939648,39720981,411294278034027
237.0086,disk4w,1447560398848,1495270,591099736239
237.0086,disk8,60648393443328,98463095,963970780174639
237.0086,disk8w,4128768,601,984243925
237.0086,ram,284033024,65877147648,279516
237.0086,cpu,14973196,21749185,519606238
237.0086,gpu,38,0,0
237.2113,disk0,907286211653632,2041252823,12662820158607096
237.2113,disk0w,1979556347904,18853245,1162995083933
237.2113,disk5,36760959318016,73994167,602280491690501
237.2113,disk5w,225980416,35966,1254168700
237.2113,disk4,39616624194560,39721548,411295035709107
237.2113,disk4w,1447560398848,1495270,591099736239
237.2113,disk8,60649698347008,98465404,963986673844985
237.2113,disk8w,4128768,601,984243925
237.2113,ram,284033024,65877147648,279516
237.2113,cpu,14973196,21749185,519606238
237.2113,gpu,0,0,0
237.4112,disk0,907288411697152,2041258205,12662832895577275
237.4112,disk0w,1979556347904,18853245,1162995083933
237.4112,disk5,36761786923008,73995803,602285427270670
237.4112,disk5w,225980416,35966,1254168700
237.4112,disk4,39617080849408,39722016,411295610028696
237.4112,disk4w,1447560398848,1495270,591099736239
237.4112,disk8,60650996697088,98467744,964001468192896
237.4112,disk8w,4128768,601,984243925
237.4112,ram,284033024,65877147648,279516
237.4112,cpu,14973196,21749185,519606238
237.4112,gpu,41,2,0
237.6100,disk0,907290287616000,2041267862,12662846495750481
237.6100,disk0w,1979556347904,18853245,1162995083933
237.6100,disk5,36762552989696,73997313,602290467347918
237.6100,disk5w,225980416,35966,1254168700
237.6100,disk4,39617502376960,39722448,411296129899171
237.6100,disk4w,1447560398848,1495270,591099736239
237.6100,disk8,60652361025536,98470096,964017815827607
237.6100,disk8w,4128768,601,984243925
237.6100,ram,345112576,63662096384,279516
237.6100,cpu,14973212,21749292,519607971
237.6100,gpu,31,0,0
237.8113,disk0,907292258168832,2041271502,12662857373457392
237.8113,disk0w,1979556347904,18853245,1162995083933
237.8113,disk5,36763365406720,73998933,602297153773745
237.8113,disk5w,225980416,35966,1254168700
237.8113,disk4,39618029237248,39722988,411297049622696
237.8113,disk4w,1447560398848,1495270,591099736239
237.8113,disk8,60653394675712,98472077,964027705001597
237.8113,disk8w,4128768,601,984243925
237.8113,ram,345112576,63662096384,279516
237.8113,cpu,14973212,21749292,519607971
237.8113,gpu,56,0,0
238.0113,disk0,907294269403136,2041281088,12662872104611783
238.0113,disk0w,1979556347904,18853245,1162995083933
238.0113,disk5,36764252616704,74000751,602306879228013
238.0113,disk5w,225980416,35966,1254168700
238.0113,disk4,39618494673920,39723465,411297710599284
238.0113,disk4w,1447560398848,1495270,591099736239
238.0113,disk8,60654500333568,98473696,964035482102756
238.0113,disk8w,4128768,601,984243925
238.0113,ram,345112576,63662096384,279516
238.0113,cpu,14973212,21749292,519607971
238.0113,gpu,0,0,0
238.2045,disk0,907296272986112,2041284492,12662880620973971
238.2045,disk0w,1979556356096,18853247,1162995125182
238.2045,disk5,36764965763072,74002213,602311250901194
238.2045,disk5w,225980416,35966,1254168700
238.2045,disk4,39619153310720,39724140,411298572790017
238.2045,disk4w,1447560398848,1495270,591099736239
238.2045,disk8,60655787198464,98475226,964045965253615
238.2045,disk8w,4128768,601,984243925
238.2045,ram,345112576,63662096384,279516
238.2045,cpu,14973212,21749292,519607971
238.2045,gpu,29,0,0
238.4113,disk0,907298221432832,2041288352,12662888228681416
238.4113,disk0w,1979556356096,18853247,1162995125182
238.4113,disk5,36765780768768,74003883,602317125931556
238.4113,disk5w,225980416,35966,1254168700
238.4113,disk4,39619689001984,39724689,411299275651237
238.4113,disk4w,1447560398848,1495270,591099736239
238.4113,disk8,60657181968384,98477359,964060912656233
238.4113,disk8w,4128768,601,984243925
238.4113,ram,345112576,63662096384,279516
238.4113,cpu,14973212,21749292,519607971
238.4113,gpu,0,0,0
238.6056,disk0,907300249346048,2041292532,12662900052471526
238.6056,disk0w,1979556356096,18853247,1162995125182
238.6056,disk5,36766378211328,74005091,602320662550776
238.6056,disk5w,225980416,35966,1254168700
238.6056,disk4,39620145656832,39725157,411299852840704
238.6056,disk4w,1447560398848,1495270,591099736239
238.6056,disk8,60658491705344,98479236,964072868538554
238.6056,disk8w,4128768,601,984243925
238.6056,ram,368590848,65411579904,279516
238.6056,cpu,14973238,21749423,519609666
238.6056,gpu,32,0,0
238.8113,disk0,907302389637120,2041297028,12662909698022936
238.8113,disk0w,1979556356096,18853247,1162995125182
238.8113,disk5,36767001245696,74006299,602324276934159
238.8113,disk5w,225980416,35966,1254168700
238.8113,disk4,39620608603136,39725631,411300460970171
238.8113,disk4w,1447560398848,1495270,591099736239
238.8113,disk8,60659892586496,98481531,964088912821217
238.8113,disk8w,4128768,601,984243925
238.8113,ram,368590848,65411579904,279516
238.8113,cpu,14973238,21749423,519609666
238.8113,gpu,33,0,0
239.0113,disk0,907304736382976,2041302559,12662925333036503
239.0113,disk0w,1979556356096,18853247,1162995125182
239.0113,disk5,36767842334720,74007961,602330404040192
239.0113,disk5w,225980416,35966,1254168700
239.0113,disk4,39621041402880,39726075,411300943535187
239.0113,disk4w,1447560398848,1495270,591099736239
239.0113,disk8,60661155792896,98483699,964100177037896
239.0113,disk8w,4128768,601,984243925
239.0113,ram,368590848,65411579904,279516
239.0113,cpu,14973238,21749423,519609666
239.0113,gpu,30,0,0
239.2101,disk0,907306964561920,2041310074,12662942499213006
239.2101,disk0w,1979556356096,18853247,1162995125182
239.2101,disk5,36768483997696,74009231,602334203231640
239.2101,disk5w,225980416,35966,1254168700
239.2101,disk4,39621664912384,39726714,411301771890398
239.2101,disk4w,1447560398848,1495270,591099736239
239.2101,disk8,60662472116224,98486046,964112992183989
239.2101,disk8w,4128768,601,984243925
239.2101,ram,368590848,65411579904,279516
239.2101,cpu,14973238,21749423,519609666
239.2101,gpu,47,0,0
239.4113,disk0,907309058338816,2041314157,12662956434471864
239.4113,disk0w,1979556356096,18853247,1162995125182
239.4113,disk5,36769121466368,74010512,602338836337576
239.4113,disk5w,225980416,35966,1254168700
239.4113,disk4,39622165459968,39727227,411302433757970
239.4113,disk4w,1447560398848,1495270,591099736239
239.4113,disk8,60663527737344,98487932,964121870751578
239.4113,disk8w,4128768,601,984243925
239.4113,ram,368590848,65411579904,279516
239.4113,cpu,14973238,21749423,519609666
239.4113,gpu,30,1,0
239.6113,disk0,907311236886528,2041318112,12662968894917083
239.6113,disk0w,1979556356096,18853247,1162995125182
239.6113,disk5,36769835915264,74011978,602342867486846
239.6113,disk5w,225980416,35966,1254168700
239.6113,disk4,39622683587584,39727758,411303085635268
239.6113,disk4w,1447560398848,1495270,591099736239
239.6113,disk8,60664799873024,98489548,964132573207869
239.6113,disk8w,4128768,601,984243925
239.6113,ram,397410304,65444069376,279516
239.6113,cpu,14973256,21749537,519611386
239.6113,gpu,0,0,0
239.8113,disk0,907313523773440,2041322151,12662982502777311
239.8113,disk0w,1979560296448,18853464,1162998896604
239.8113,disk5,36770669836288,74013685,602348325483836
239.8113,disk5w,225980416,35966,1254168700
239.8113,disk4,39623266333696,39728355,411303822059105
239.8113,disk4w,1447560398848,1495270,591099736239
239.8113,disk8,60665989023744,98491136,964140893794636
239.8113,disk8w,4128768,601,984243925
239.8113,ram,397410304,65444069376,279516
239.8113,cpu,14973256,21749537,519611386
239.8113,gpu,28,0,0
240.0044,disk0,907315981684736,2041327210,12662999538685049
240.0044,disk0w,1979560296448,18853464,1162998896604
240.0044,disk5,36771406010368,74015194,602353665262711
240.0044,disk5w,225980416,35966,1254168700
240.0044,disk4,39623811855360,39728914,411304443023965
240.0044,disk4w,1447560398848,1495270,591099736239
240.0044,disk8,60667194378240,98492965,964148553970861
240.0044,disk8w,4128768,601,984243925
240.0044,ram,397410304,65444069376,279516
240.0044,cpu,14973256,21749537,519611386
240.0044,gpu,0,0,0
240.2040,disk0,907318151041024,2041331603,12663009639590424
240.2040,disk0w,1979560296448,18853464,1162998896604
240.2040,disk5,36772186486784,74016715,602360512812781
240.2040,disk5w,225980416,35966,1254168700
240.2040,disk4,39624347546624,39729463,411305198221312
240.2040,disk4w,1447560398848,1495270,591099736239
240.2040,disk8,60668491745280,98494995,964159571701439
240.2040,disk8w,4128768,601,984243925
240.2040,ram,397410304,65444069376,279516
240.2040,cpu,14973256,21749537,519611386
240.2040,gpu,35,0,0
240.4025,disk0,907320636674048,2041337029,12663026169621492
240.4025,disk0w,1979560296448,18853464,1162998896604
240.4025,disk5,36772847663104,74018016,602363957677096
240.4025,disk5w,225980416,35966,1254168700
240.4025,disk4,39624838280192,39729966,411305763088928
240.4025,disk4w,1447560398848,1495270,591099736239
240.4025,disk8,60669738158080,98497267,964172761882793
240.4025,disk8w,4128768,601,984243925
240.4025,ram,397410304,65444069376,279516
240.4025,cpu,14973256,21749537,519611386
240.4025,gpu,0,0,0
240.6113,disk0,907323051307008,2041344236,12663043825054596
240.6113,disk0w,1979560296448,18853464,1162998896604
240.6113,disk5,36773664651264,74019628,602368971859602
240.6113,disk5w,225980416,35966,1254168700
240.6113,disk4,39625476207616,39730620,411306582890829
240.6113,disk4w,1447560398848,1495270,591099736239
240.6113,disk8,60671031232512,98499460,964183180898106
240.6113,disk8w,4128768,601,984243925
240.6113,ram,418234368,63821643776,279516
240.6113,cpu,14973272,21749659,519613076
240.6113,gpu,43,0,0
240.8113,disk0,907325023240192,2041347956,12663057700308905
240.8113,disk0w,1979560296448,18853464,1162998896604
240.8113,disk5,36774324541440,74020945,602373247595795
240.8113,disk5w,225980416,35966,1254168700
240.8113,disk4,39626003051520,39731160,411307513805101
240.8113,disk4w,1447560398848,1495270,591099736239
240.8113,disk8,60672004491264,98501252,964191547836321
240.8113,disk8w,4128768,601,984243925
240.8113,ram,418922496,63821643776,279516
240.8113,cpu,14973273,21749660,519613101
240.8113,gpu,0,0,0
241.0113,disk0,907327092297728,2041351966,12663067092420892
241.0113,disk0w,1979560296448,18853464,1162998896604
241.0113,disk5,36775169538048,74022678,602380379634094
241.0113,disk5w,225980416,35966,1254168700
241.0113,disk4,39626600215552,39731772,411308301074895
241.0113,disk4w,1447560398848,1495270,591099736239
241.0113,disk8,60673304725504,98503142,964203306048955
241.0113,disk8w,4128768,601,984243925
241.0113,ram,418922496,63821643776,279516
241.0113,cpu,14973273,21749660,519613101
241.0113,gpu,28,0,0
241.2097,disk0,907329349148672,2041355460,12663076390761775
241.2097,disk0w,1979560296448,18853464,1162998896604
241.2097,disk5,36776020572160,74024422,602388210787508
241.2097,disk5w,225980416,35966,1254168700
241.2097,disk4,39627144688640,39732330,411308983074748
241.2097,disk4w,1447560398848,1495270,591099736239
241.2097,disk8,60674501232640,98504720,964212155089272
241.2097,disk8w,4128768,601,984243925
241.2097,ram,418922496,63821643776,279516
241.2097,cpu,14973273,21749660,519613101
241.2097,gpu,0,0,0
241.4113,disk0,907331314655232,2041359279,12663085785718371
241.4113,disk0w,1979560296448,18853464,1162998896604
241.4113,disk5,36776775104512,74025968,602395112263112
241.4113,disk5w,225980416,35966,1254168700
241.4113,disk4,39627768198144,39732969,411309740539620
241.4113,disk4w,1447560398848,1495270,591099736239
241.4113,disk8,60675771664384,98506729,964224748855753
241.4113,disk8w,4128768,601,984243925
241.4113,ram,418922496,63821643776,279516
241.4113,cpu,14973273,21749660,519613101
241.4113,gpu,25,1,0
241.6093,disk0,907333449195520,2041363848,12663097981501575
241.6093,disk0w,1979560296448,18853464,1162998896604
241.6093,disk5,36777533306880,74027477,602400349351096
241.6093,disk5w,225980416,35966,1254168700
241.6093,disk4,39628289471488,39733503,411310387868859
241.6093,disk4w,1447560398848,1495270,591099736239
241.6093,disk8,60677019240448,98508700,964236027562869
241.6093,disk8w,4128768,601,984243925
241.6093,ram,418922496,63821643776,279516
241.6093,cpu,14973273,21749660,519613101
241.6093,gpu,0,0,0
241.8113,disk0,907335686238208,2041368589,12663107632409694
241.8113,disk0w,1979560296448,18853464,1162998896604
241.8113,disk5,36778196432896,74028771,602404746405123
241.8113,disk5w,225980416,35966,1254168700
241.8113,disk4,39628786889728,39734013,411311230300897
241.8113,disk4w,1447560398848,1495270,591099736239
241.8113,disk8,60678422792192,98511174,964252657396517
241.8113,disk8w,4128768,601,984243925
241.8113,ram,434864128,65479540736,279516
241.8113,cpu,14973293,21749774,519614967
241.8113,gpu,29,0,0
242.0113,disk0,907337489887232,2041372871,12663116203949946
242.0113,disk0w,1979560296448,18853464,1162998896604
242.0113,disk5,36778997987328,74030356,602410343760714
242.0113,disk5w,225980416,35966,1254168700
242.0113,disk4,39629305017344,39734544,411311984120221
242.0113,disk4w,1447560398848,1495270,591099736239
242.0113,disk8,60679764461568,98513371,964267668943135
242.0113,disk8w,4128768,601,984243925
242.0113,ram,434864128,65479540736,279516
242.0113,cpu,14973293,21749774,519614967
242.0113,gpu,0,0,0
242.2113,disk0,907339608752128,2041381107,12663134018728170
242.2113,disk0w,1979560296448,18853464,1162998896604
242.2113,disk5,36779723044864,74031787,602415187909646
242.2113,disk5w,225980416,35966,1254168700
242.2113,disk4,39629884617728,39735138,411312681723603
242.2113,disk4w,1447560398848,1495270,591099736239
242.2113,disk8,60680909244416,98515641,964280424322535
242.2113,disk8w,4128768,601,984243925
242.2113,ram,434864128,65479540736,279516
242.2113,cpu,14973293,21749774,519614967
242.2113,gpu,26,0,0
242.4085,disk0,907341537632256,2041391234,12663150360589399
242.4085,disk0w,1979560296448,18853464,1162998896604
242.4085,disk5,36780442482688,74033254,602420130225245
242.4085,disk5w,225980416,35966,1254168700
242.4085,disk4,39630314894336,39735579,411313401546402
242.4085,disk4w,1447560398848,1495270,591099736239
242.4085,disk8,60682033481728,98517419,964289800864415
242.4085,disk8w,4128768,601,984243925
242.4085,ram,434864128,65479540736,279516
242.4085,cpu,14973293,21749774,519614967
242.4085,gpu,0,0,0
242.6112,disk0,907344050020352,2041395587,12663164892304730
242.6112,disk0w,1979560296448,18853464,1162998896604
242.6112,disk5,36781205551104,74034818,602425762179364
242.6112,disk5w,225980416,35966,1254168700
242.6112,disk4,39630780331008,39736056,411313983201959
242.6112,disk4w,1447560398848,1495270,591099736239
242.6112,disk8,60683294984192,98518980,964297118702893
242.6112,disk8w,4128768,601,984243925
242.6112,ram,434864128,65479540736,279516
242.6112,cpu,14973293,21749774,519614967
242.6112,gpu,38,0,0
242.8113,disk0,907346191360000,2041399680,12663174759860725
242.8113,disk0w,1979560296448,18853464,1162998896604
242.8113,disk5,36781996464128,74036439,602432190188747
242.8113,disk5w,225980416,35966,1254168700
242.8113,disk4,39631368713216,39736659,411314834659628
242.8113,disk4w,1447560398848,1495270,591099736239
242.8113,disk8,60684575016960,98520761,964306836371812
242.8113,disk8w,4128768,601,984243925
242.8113,ram,426262528,65529151488,279516
242.8113,cpu,14973312,21749881,519616553
242.8113,gpu,46,0,0
243.0043,disk0,907348209065984,2041403653,12663181671474733
243.0043,disk0w,1979560296448,18853464,1162998896604
243.0043,disk5,36782797363200,74038083,602440742209625
243.0043,disk5w,225980416,35966,1254168700
243.0043,disk4,39631913186304,39737217,411315430959946
243.0043,disk4w,1447560398848,1495270,591099736239
243.0043,disk8,60685914654720,98522771,964318470761649
243.0043,disk8w,4128768,601,984243925
243.0043,ram,426262528,65529151488,279516
243.0043,cpu,14973312,21749881,519616553
243.0043,gpu,27,0,0
243.2113,disk0,907350567444480,2041408365,12663196792289354
243.2113,disk0w,1979560296448,18853464,1162998896604
243.2113,disk5,36783450421248,74039351,602444919437411
243.2113,disk5w,225980416,35966,1254168700
243.2113,disk4,39632501568512,39737820,411316154931868
243.2113,disk4w,1447560398848,1495270,591099736239
243.2113,disk8,60687210612736,98524955,964331360601176
243.2113,disk8w,4128768,601,984243925
243.2113,ram,426262528,65529151488,279516
243.2113,cpu,14973312,21749881,519616553
243.2113,gpu,0,0,0
243.4026,disk0,907352750460928,2041413396,12663211819875982
243.4026,disk0w,1979560296448,18853464,1162998896604
243.4026,disk5,36784347281408,74041119,602452403344906
243.4026,disk5w,225980416,35966,1254168700
243.4026,disk4,39632870405120,39738198,411316556942110
243.4026,disk4w,1447560398848,1495270,591099736239
243.4026,disk8,60688238118912,98526884,964339675426987
243.4026,disk8w,4128768,601,984243925
243.4026,ram,426262528,65529151488,279516
243.4026,cpu,14973312,21749881,519616553
243.4026,gpu,38,0,0
243.6113,disk0,907355099320320,2041421489,12663228537529584
243.6113,disk0w,1979560296448,18853464,1162998896604
243.6113,disk5,36785153931264,74042710,602458065195891
243.6113,disk5w,225980416,35966,1254168700
243.6113,disk4,39633443320832,39738785,411317220928256
243.6113,disk4w,1447560398848,1495270,591099736239
243.6113,disk8,60689617504256,98529284,964351685096224
243.6113,disk8w,4128768,601,984243925
243.6113,ram,426262528,65529151488,279516
243.6113,cpu,14973312,21749881,519616553
243.6113,gpu,37,0,0
243.8062,disk0,907356758335488,2041424647,12663238152711911
243.8062,disk0w,1979560296448,18853464,1162998896604
243.8062,disk5,36785741764608,74043894,602463279386462
243.8062,disk5w,225980416,35966,1254168700
243.8062,disk4,39633919587328,39739273,411318184855472
243.8062,disk4w,1447560398848,1495270,591099736239
243.8062,disk8,60690655660032,98531052,964363208268161
243.8062,disk8w,4128768,601,984243925
243.8062,ram,449822720,65404010496,279516
243.8062,cpu,14973339,21750021,519618344
243.8062,gpu,30,0,0
244.0034,disk0,907358982021120,2041435077,12663254415729335
244.0034,disk0w,1979560296448,18853464,1162998896604
244.0034,disk5,36786587842560,74045629,602471136658463
244.0034,disk5w,225980416,35966,1254168700
244.0034,disk4,39634512557056,39739881,411319004083110
244.0034,disk4w,1447560398848,1495270,591099736239
244.0034,disk8,60691906480128,98532776,964369942565716
244.0034,disk8w,4128768,601,984243925
244.0034,ram,449822720,65404010496,279516
244.0034,cpu,14973339,21750021,519618344
244.0034,gpu,0,0,0
244.2028,disk0,907361568956416,2041439237,12663269183491200
244.2028,disk0w,1979560296448,18853464,1162998896604
244.2028,disk5,36787347339264,74047187,602477034507975
244.2028,disk5w,225980416,35966,1254168700
244.2028,disk4,39635100939264,39740484,411319755887709
244.2028,disk4w,1447560398848,1495270,591099736239
244.2028,disk8,60692958365696,98534149,964375292135791
244.2028,disk8w,4128768,601,984243925
244.2028,ram,449822720,65404010496,279516
244.2028,cpu,14973339,21750021,519618344
244.2028,gpu,28,0,0
244.4034,disk0,907364137017344,2041444679,12663287536373481
244.4034,disk0w,1979560296448,18853464,1162998896604
244.4034,disk5,36788188805120,74048912,602482054706209
244.4034,disk5w,225980416,35966,1254168700
244.4034,disk4,39635671757824,39741069,411320389100343
244.4034,disk4w,1447560398848,1495270,591099736239
244.4034,disk8,60694211692544,98535966,964383544656623
244.4034,disk8w,4128768,601,984243925
244.4034,ram,449822720,65404010496,279516
244.4034,cpu,14973339,21750021,519618344
244.4034,gpu,0,0,0
244.6059,disk0,907366552182784,2041449927,12663302211124671
244.6059,disk0w,1979560296448,18853464,1162998896604
244.6059,disk5,36789093300224,74050704,602490078341361
244.6059,disk5w,225980416,35966,1254168700
244.6059,disk4,39636207449088,39741618,411321031603202
244.6059,disk4w,1447560398848,1495270,591099736239
244.6059,disk8,60695449602048,98537926,964391903204675
244.6059,disk8w,4128768,601,984243925
244.6059,ram,449822720,65404010496,279516
244.6059,cpu,14973339,21750021,519618344
244.6059,gpu,41,0,0
244.8096,disk0,907369082359808,2041455370,12663318844753586
244.8096,disk0w,1979560296448,18853464,1162998896604
244.8096,disk5,36789892233216,74052276,602495510413793
244.8096,disk5w,225980416,35966,1254168700
244.8096,disk4,39636745237504,39742169,411321654060305
244.8096,disk4w,1447560398848,1495270,591099736239
244.8096,disk8,60696738023424,98540334,964402937675016
244.8096,disk8w,4128768,601,984243925
244.8096,ram,454557696,65661108224,279516
244.8096,cpu,14973354,21750125,519619968
244.8096,gpu,24,0,0
245.0080,disk0,907371184193536,2041464990,12663335360474337
245.0080,disk0w,1979560296448,18853464,1162998896604
245.0080,disk5,36790576576512,74053622,602498921321992
245.0080,disk5w,225980416,35966,1254168700
245.0080,disk4,39637243704320,39742680,411322372240374
245.0080,disk4w,1447560398848,1495270,591099736239
245.0080,disk8,60698083772416,98542604,964417449626763
245.0080,disk8w,4128768,601,984243925
245.0080,ram,454557696,65661108224,279516
245.0080,cpu,14973354,21750125,519619968
245.0080,gpu,39,0,0
245.2074,disk0,907372996624384,2041468371,12663343753034200
245.2074,disk0w,1979560296448,18853464,1162998896604
245.2074,disk5,36791304255488,74055068,602504469195311
245.2074,disk5w,225980416,35966,1254168700
245.2074,disk4,39637691577344,39743139,411322877860012
245.2074,disk4w,1447560398848,1495270,591099736239
245.2074,disk8,60699211728896,98544744,964430684098303
245.2074,disk8w,4128768,601,984243925
245.2074,ram,454557696,65661108224,279516
245.2074,cpu,14973354,21750125,519619968
245.2074,gpu,28,0,0
245.4106,disk0,907374902411264,2041478299,12663358159758588
245.4106,disk0w,1979560357888,18853475,1162999124268
245.4106,disk5,36792154396672,74056811,602513517895614
245.4106,disk5w,225980416,35966,1254168700
245.4106,disk4,39638279926784,39743742,411323691750056
245.4106,disk4w,1447560398848,1495270,591099736239
245.4106,disk8,60700434237440,98546483,964440907212794
245.4106,disk8w,4128768,601,984243925
245.4106,ram,454557696,65661108224,279516
245.4106,cpu,14973354,21750125,519619968
245.4106,gpu,19,1,0
245.6114,disk0,907376944316416,2041481846,12663365919270777
245.6114,disk0w,1979560357888,18853475,1162999124268
245.6114,disk5,36792952133632,74058445,602519535608443
245.6114,disk5w,225980416,35966,1254168700
245.6114,disk4,39638903436288,39744381,411324434352643
245.6114,disk4w,1447560398848,1495270,591099736239
245.6114,disk8,60701834561536,98548152,964451412535118
245.6114,disk8w,4128768,601,984243925
245.6114,ram,454557696,65661108224,279516
245.6114,cpu,14973354,21750125,519619968
245.6114,gpu,0,0,0
245.8114,disk0,907379137429504,2041486013,12663376752867141
245.8114,disk0w,1979560357888,18853475,1162999124268
245.8114,disk5,36793873496064,74060335,602529022669933
245.8114,disk5w,225980416,35966,1254168700
245.8114,disk4,39639436637184,39744927,411325017571385
245.8114,disk4w,1447560398848,1495270,591099736239
245.8114,disk8,60703120640000,98549979,964460326882953
245.8114,disk8w,4128768,601,984243925
245.8114,ram,454787072,65332805632,279516
245.8114,cpu,14973420,21750259,519621605
245.8114,gpu,27,0,0
246.0023,disk0,907381239009280,2041490372,12663386127559281
246.0023,disk0w,1979560357888,18853475,1162999124268
246.0023,disk5,36794725971968,74062067,602536157639507
246.0023,disk5w,225980416,35966,1254168700
246.0023,disk4,39639807964160,39745308,411325455469802
246.0023,disk4w,1447560398848,1495270,591099736239
246.0023,disk8,60704394725376,98551807,964471129870851
246.0023,disk8w,4128768,601,984243925
246.0023,ram,454967296,65332805632,279516
246.0023,cpu,14973420,21750259,519621626
246.0023,gpu,0,0,0
246.2114,disk0,907383769432064,2041495887,12663402655796639
246.2114,disk0w,1979560357888,18853475,1162999124268
246.2114,disk5,36795503818752,74063580,602540819698711
246.2114,disk5w,225980416,35966,1254168700
246.2114,disk4,39640440255488,39745956,411326384044829
246.2114,disk4w,1447560398848,1495270,591099736239
246.2114,disk8,60705768245248,98554273,964483185589458
246.2114,disk8w,4128768,601,984243925
246.2114,ram,454967296,65332805632,279516
246.2114,cpu,14973420,21750259,519621626
246.2114,gpu,30,0,0
246.4114,disk0,907385816580096,2041500655,12663412846542245
246.4114,disk0w,1979560357888,18853475,1162999124268
246.4114,disk5,36796349102080,74065254,602547529873647
246.4114,disk5w,225980416,35966,1254168700
246.4114,disk4,39640932037632,39746460,411326900773789
246.4114,disk4w,1447560398848,1495270,591099736239
246.4114,disk8,60707152824320,98556666,964497296284821
246.4114,disk8w,4128768,601,984243925
246.4114,ram,454967296,65332805632,279516
246.4114,cpu,14973420,21750259,519621626
246.4114,gpu,32,2,0
246.6114,disk0,907387772911616,2041507963,12663424440062238
246.6114,disk0w,1979560357888,18853475,1162999124268
246.6114,disk5,36796972660736,74066483,602550484750070
246.6114,disk5w,225980416,35966,1254168700
246.6114,disk4,39641450165248,39746991,411327448316563
246.6114,disk4w,1447560398848,1495270,591099736239
246.6114,disk8,60708524607488,98559210,964516171335770
246.6114,disk8w,4128768,601,984243925
246.6114,ram,454967296,65332805632,279516
246.6114,cpu,14973420,21750259,519621626
246.6114,gpu,47,0,0
246.8091,disk0,907389773500416,2041511947,12663436401206037
246.8091,disk0w,1979560357888,18853475,1162999124268
246.8091,disk5,36797717788672,74067995,602558184879404
246.8091,disk5w,225980416,35966,1254168700
246.8091,disk4,39641924318208,39747477,411328308789986
246.8091,disk4w,1447560398848,1495270,591099736239
246.8091,disk8,60709449877504,98560842,964524857665855
246.8091,disk8w,4128768,601,984243925
246.8091,ram,454967296,65332805632,279516
246.8091,cpu,14973420,21750259,519621626
246.8091,gpu,22,0,0
247.0035,disk0,907392015802368,2041517613,12663454756879772
247.0035,disk0w,1979560357888,18853475,1162999124268
247.0035,disk5,36798419679232,74069435,602565093699455
247.0035,disk5w,225980416,35966,1254168700
247.0035,disk4,39642460009472,39748026,411328995712474
247.0035,disk4w,1447560398848,1495270,591099736239
247.0035,disk8,60710512232448,98562252,964528917142013
247.0035,disk8w,4128768,601,984243925
247.0035,ram,501202944,65472462848,279516
247.0035,cpu,14973556,21750406,519623195
247.0035,gpu,0,0,0
247.2092,disk0,907394206179328,2041521507,12663464107530089
247.2092,disk0w,1979560357888,18853475,1162999124268
247.2092,disk5,36799172786176,74070977,602569488435603
247.2092,disk5w,225980416,35966,1254168700
247.2092,disk4,39642984428544,39748563,411329645063344
247.2092,disk4w,1447560398848,1495270,591099736239
247.2092,disk8,60711902398464,98564114,964541676575944
247.2092,disk8w,4128768,601,984243925
247.2092,ram,501202944,65472462848,279516
247.2092,cpu,14973556,21750406,519623195
247.2092,gpu,0,0,0
247.4114,disk0,907396325060608,2041525936,12663474553434290
247.4114,disk0w,1979560357888,18853475,1162999124268
247.4114,disk5,36800086669312,74072850,602579838005654
247.4114,disk5w,225980416,35966,1254168700
247.4114,disk4,39643469919232,39749061,411330244054425
247.4114,disk4w,1447560398848,1495270,591099736239
247.4114,disk8,60713083586560,98565820,964549941964622
247.4114,disk8w,4128768,601,984243925
247.4114,ram,501202944,65472462848,279516
247.4114,cpu,14973556,21750406,519623195
247.4114,gpu,35,2,0
247.6059,disk0,907398524399616,2041530821,12663488270822890
247.6059,disk0w,1979560357888,18853475,1162999124268
247.6059,disk5,36800788559872,74074238,602583928438649
247.6059,disk5w,225980416,35966,1254168700
247.6059,disk4,39643926574080,39749529,411330705885657
247.6059,disk4w,1447560398848,1495270,591099736239
247.6059,disk8,60714392619008,98567852,964562748768230
247.6059,disk8w,4128768,601,984243925
247.6059,ram,501202944,65472462848,279516
247.6059,cpu,14973556,21750406,519623195
247.6059,gpu,44,0,0
247.8114,disk0,907400986890240,2041536043,12663504035885306
247.8114,disk0w,1979560357888,18853475,1162999124268
247.8114,disk5,36801546622976,74075726,602588390323769
247.8114,disk5w,225980416,35966,1254168700
247.8114,disk4,39644576429056,39750195,411331688807473
247.8114,disk4w,1447560398848,1495270,591099736239
247.8114,disk8,60715705255936,98570208,964574189635540
247.8114,disk8w,4128768,601,984243925
247.8114,ram,501202944,65472462848,279516
247.8114,cpu,14973556,21750406,519623195
247.8114,gpu,36,0,0
248.0053,disk0,907403166044160,2041548734,12663525561781967
248.0053,disk0w,1979560357888,18853475,1162999124268
248.0053,disk5,36802236217344,74077084,602593987288815
248.0053,disk5w,225980416,35966,1254168700
248.0053,disk4,39645050647552,39750681,411332206328988
248.0053,disk4w,1447560398848,1495270,591099736239
248.0053,disk8,60716834686976,98572132,964584112582059
248.0053,disk8w,4128768,601,984243925
248.0053,ram,508608512,63976652800,279516
248.0053,cpu,14973692,21750561,519624897
248.0053,gpu,27,0,0
248.2067,disk0,907405136433152,2041552295,12663536413326923
248.2067,disk0w,1979560357888,18853475,1162999124268
248.2067,disk5,36802780706816,74078171,602596770017329
248.2067,disk5w,225980416,35966,1254168700
248.2067,disk4,39645502714880,39751144,411332736427452
248.2067,disk4w,1447560398848,1495270,591099736239
248.2067,disk8,60717918881792,98574361,964597261712775
248.2067,disk8w,4128768,601,984243925
248.2067,ram,508608512,63976652800,279516
248.2067,cpu,14973692,21750561,519624897
248.2067,gpu,44,0,0
248.4114,disk0,907407340785664,2041557784,12663549444857299
248.4114,disk0w,1979560382464,18853477,1162999166684
248.4114,disk5,36803605297152,74079863,602604435388660
248.4114,disk5w,225980416,35966,1254168700
248.4114,disk4,39646165890048,39751824,411334060688991
248.4114,disk4w,1447560398848,1495270,591099736239
248.4114,disk8,60719187658752,98576256,964609331713563
248.4114,disk8w,4128768,601,984243925
248.4114,ram,508608512,63976652800,279516
248.4114,cpu,14973692,21750561,519624897
248.4114,gpu,0,0,0
248.6114,disk0,907409222778880,2041561042,12663557734519681
248.6114,disk0w,1979560382464,18853477,1162999166684
248.6114,disk5,36804466153472,74081626,602613080892951
248.6114,disk5w,225980416,35966,1254168700
248.6114,disk4,39646659769344,39752330,411334719530115
248.6114,disk4w,1447560398848,1495270,591099736239
248.6114,disk8,60720497821696,98577798,964617155805321
248.6114,disk8w,4128768,601,984243925
248.6114,ram,508608512,63976652800,279516
248.6114,cpu,14973692,21750561,519624897
248.6114,gpu,29,0,0
248.8030,disk0,907411272892416,2041565316,12663566354299642
248.8030,disk0w,1979560382464,18853477,1162999166684
248.8030,disk5,36805204998144,74083139,602618544950596
248.8030,disk5w,225980416,35966,1254168700
248.8030,disk4,39647219708928,39752904,411335499390180
248.8030,disk4w,1447560398848,1495270,591099736239
248.8030,disk8,60721795024896,98579562,964628499865585
248.8030,disk8w,4128768,601,984243925
248.8030,ram,508608512,63976652800,279516
248.8030,cpu,14973692,21750561,519624897
248.8030,gpu,43,0,0
249.0072,disk0,907413263450112,2041569644,12663574706564709
249.0072,disk0w,1979560382464,18853477,1162999166684
249.0072,disk5,36806105397248,74084971,602627502212353
249.0072,disk5w,225980416,35966,1254168700
249.0072,disk4,39647658800128,39753354,411336050322322
249.0072,disk4w,1447560398848,1495270,591099736239
249.0072,disk8,60723122784256,98581471,964640445945448
249.0072,disk8w,4128768,601,984243925
249.0072,ram,504201216,65452720128,279516
249.0072,cpu,14973764,21750704,519626394
249.0072,gpu,26,0,0
249.2067,disk0,907415783874560,2041575168,12663595475253593
249.2067,disk0w,1979560382464,18853477,1162999166684
249.2067,disk5,36806760937472,74086245,602630765548691
249.2067,disk5w,225980416,35966,1254168700
249.2067,disk4,39648255964160,39753966,411336859368572
249.2067,disk4w,1447560398848,1495270,591099736239
249.2067,disk8,60724334725120,98583638,964649724451304
249.2067,disk8w,4128768,601,984243925
249.2067,ram,504201216,65452720128,279516
249.2067,cpu,14973764,21750704,519626394
249.2067,gpu,35,0,0
249.4114,disk0,907417965494272,2041579879,12663607790755905
249.4114,disk0w,1979560382464,18853477,1162999166684
249.4114,disk5,36807716222976,74088132,602640689841011
249.4114,disk5w,225980416,35966,1254168700
249.4114,disk4,39648884716544,39754610,411337632736365
249.4114,disk4w,1447560398848,1495270,591099736239
249.4114,disk8,60725591427072,98585951,964658363293028
249.4114,disk8w,4128768,601,984243925
249.4114,ram,504201216,65452720128,279516
249.4114,cpu,14973764,21750704,519626394
249.4114,gpu,42,0,0
249.6114,disk0,907420096667648,2041588051,12663623567576887
249.6114,disk0w,1979560382464,18853477,1162999166684
249.6114,disk5,36808268535808,74089224,602643806889173
249.6114,disk5w,225980416,35966,1254168700
249.6114,disk4,39649408480256,39755147,411338265027474
249.6114,disk4w,1447560398848,1495270,591099736239
249.6114,disk8,60726797682688,98588294,964674592375576
249.6114,disk8w,4128768,601,984243925
249.6114,ram,504201216,65452720128,279516
249.6114,cpu,14973764,21750704,519626394
249.6114,gpu,0,0,0
249.8114,disk0,907422071369728,2041591916,12663634971351949
249.8114,disk0w,1979560382464,18853477,1162999166684
249.8114,disk5,36808839903232,74090388,602647807401400
249.8114,disk5w,225980416,35966,1254168700
249.8114,disk4,39649985934336,39755739,411339474482222
249.8114,disk4w,1447560398848,1495270,591099736239
249.8114,disk8,60727984801792,98590214,964686036608503
249.8114,disk8w,4128768,601,984243925
249.8114,ram,504201216,65452720128,279516
249.8114,cpu,14973764,21750704,519626394
249.8114,gpu,31,0,0
250.0114,disk0,907424178008064,2041595578,12663643954051948
250.0114,disk0w,1979560382464,18853477,1162999166684
250.0114,disk5,36809685039104,74092123,602654658694283
250.0114,disk5w,225980416,35966,1254168700
250.0114,disk4,39650486498304,39756252,411340078449553
250.0114,disk4w,1447560398848,1495270,591099736239
250.0114,disk8,60729370740736,98591974,964696299339615
250.0114,disk8w,4128768,601,984243925
250.0114,ram,506511360,65544273920,279516
250.0114,cpu,14973781,21750816,519628164
250.0114,gpu,0,0,0
250.2114,disk0,907426540535808,2041600253,12663659624304561
250.2114,disk0w,1979560382464,18853477,1162999166684
250.2114,disk5,36810494310400,74093781,602659629646614
250.2114,disk5w,225980416,35966,1254168700
250.2114,disk4,39651022189568,39756801,411340705984366
250.2114,disk4w,1447560398848,1495270,591099736239
250.2114,disk8,60730506545152,98593571,964705155265865
250.2114,disk8w,4128768,601,984243925
250.2114,ram,506511360,65544273920,279516
250.2114,cpu,14973782,21750821,519628254
250.2114,gpu,0,0,0
250.4114,disk0,907428435701760,2041604234,12663666892105564
250.4114,disk0w,1979560382464,18853477,1162999166684
250.4114,disk5,36811309733888,74095454,602667547634922
250.4114,disk5w,225980416,35966,1254168700
250.4114,disk4,39651522753536,39757314,411341293864527
250.4114,disk4w,1447560398848,1495270,591099736239
250.4114,disk8,60731883128832,98595474,964718054869045
250.4114,disk8w,4128768,601,984243925
250.4114,ram,506511360,65544273920,279516
250.4114,cpu,14973782,21750821,519628254
250.4114,gpu,0,0,0
250.6114,disk0,907430665039872,2041608917,12663680951070563
250.6114,disk0w,1979560382464,18853477,1162999166684
250.6114,disk5,36812074612736,74096955,602671864620973
250.6114,disk5w,225980416,35966,1254168700
250.6114,disk4,39651976918016,39757779,411341793144675
250.6114,disk4w,1447560398848,1495270,591099736239
250.6114,disk8,60733141010432,98597628,964731846362884
250.6114,disk8w,4128768,601,984243925
250.6114,ram,506511360,65544273920,279516
250.6114,cpu,14973782,21750821,519628254
250.6114,gpu,30,0,0
250.8066,disk0,907432756457472,2041613468,12663692373918617
250.8066,disk0w,1979560382464,18853477,1162999166684
250.8066,disk5,36812948830208,74098678,602678382806441
250.8066,disk5w,225980416,35966,1254168700
250.8066,disk4,39652444845056,39758259,411342335567707
250.8066,disk4w,1447560398848,1495270,591099736239
250.8066,disk8,60734483793920,98600170,964746183857250
250.8066,disk8w,4128768,601,984243925
250.8066,ram,506511360,65544273920,279516
250.8066,cpu,14973782,21750821,519628254
250.8066,gpu,43,0,0
251.0111,disk0,907434813026304,2041621826,12663707792512200
251.0111,disk0w,1979560382464,18853477,1162999166684
251.0111,disk5,36813510342656,74099786,602681366148073
251.0111,disk5w,225980416,35966,1254168700
251.0111,disk4,39653077136384,39758907,411343146233643
251.0111,disk4w,1447560398848,1495270,591099736239
251.0111,disk8,60735839062016,98602471,964761220988148
251.0111,disk8w,4128768,601,984243925
251.0111,ram,510836736,63910281216,279516
251.0111,cpu,14973797,21750926,519629819
251.0111,gpu,39,0,0
251.2063,disk0,907436820803584,2041625567,12663719398971322
251.2063,disk0w,1979560382464,18853477,1162999166684
251.2063,disk5,36814123735040,74101013,602685181319397
251.2063,disk5w,225980416,35966,1254168700
251.2063,disk4,39653484098560,39759322,411343962763536
251.2063,disk4w,1447560398848,1495270,591099736239
251.2063,disk8,60736840927232,98604452,964772322370903
251.2063,disk8w,4128768,601,984243925
251.2063,ram,511868928,63910313984,279516
251.2063,cpu,14973797,21750927,519629845
251.2063,gpu,0,0,0
251.4114,disk0,907439020146688,2041633074,12663730953216055
251.4114,disk0w,1979560382464,18853477,1162999166684
251.4114,disk5,36814782527488,74102365,602689933346863
251.4114,disk5w,225980416,35966,1254168700
251.4114,disk4,39654106625024,39759962,411345045989290
251.4114,disk4w,1447560398848,1495270,591099736239
251.4114,disk8,60738216036352,98606645,964786510400067
251.4114,disk8w,4128768,601,984243925
251.4114,ram,511868928,63910313984,279516
251.4114,cpu,14973797,21750927,519629845
251.4114,gpu,26,1,0
251.6114,disk0,907441230839808,2041636938,12663739882054641
251.6114,disk0w,1979560382464,18853477,1162999166684
251.6114,disk5,36815550797824,74103940,602695721871244
251.6114,disk5w,225980416,35966,1254168700
251.6114,disk4,39654675346432,39760545,411345778089007
251.6114,disk4w,1447560398848,1495270,591099736239
251.6114,disk8,60739607250944,98608309,964796665126193
251.6114,disk8w,4128768,601,984243925
251.6114,ram,511868928,63910313984,279516
251.6114,cpu,14973797,21750927,519629845
251.6114,gpu,0,0,0
251.8086,disk0,907443295535104,2041641017,12663749077849711
251.8086,disk0w,1979560382464,18853477,1162999166684
251.8086,disk5,36816315955200,74105509,602701202395060
251.8086,disk5w,225980416,35966,1254168700
251.8086,disk4,39655281292288,39761166,411346449163179
251.8086,disk4w,1447560398848,1495270,591099736239
251.8086,disk8,60740949706752,98610353,964809875760861
251.8086,disk8w,4128768,601,984243925
251.8086,ram,511868928,63910313984,279516
251.8086,cpu,14973797,21750927,519629845
251.8086,gpu,30,0,0
252.0114,disk0,907445541240832,2041645641,12663760409176225
252.0114,disk0w,1979560390656,18853479,1162999200058
252.0114,disk5,36817011030016,74106913,602706106801072
252.0114,disk5w,225980416,35966,1254168700
252.0114,disk4,39655837692928,39761736,411347175996451
252.0114,disk4w,1447560398848,1495270,591099736239
252.0114,disk8,60742304188416,98612262,964821587432075
252.0114,disk8w,4128768,601,984243925
252.0114,ram,509755392,65500741632,279516
252.0114,cpu,14973819,21751029,519631481
252.0114,gpu,40,0,0
252.2015,disk0,907447882555392,2041650867,12663777365326117
252.2015,disk0w,1979560390656,18853479,1162999200058
252.2015,disk5,36817592203264,74108046,602709068292715
252.2015,disk5w,225980416,35966,1254168700
252.2015,disk4,39656422929408,39762336,411347868011160
252.2015,disk4w,1447560398848,1495270,591099736239
252.2015,disk8,60743513786368,98614417,964833086562230
252.2015,disk8w,4128768,601,984243925
252.2015,ram,506871808,65567866880,279516
252.2015,cpu,14973819,21751033,519631572
252.2015,gpu,29,0,0
252.4056,disk0,907450204872704,2041657874,12663793795575753
252.4056,disk0w,1979560390656,18853479,1162999200058
252.4056,disk5,36818555205632,74109952,602716302877939
252.4056,disk5w,225980416,35966,1254168700
252.4056,disk4,39657084711936,39763014,411348750940767
252.4056,disk4w,1447560398848,1495270,591099736239
252.4056,disk8,60744713046016,98616500,964843203331577
252.4056,disk8w,4128768,601,984243925
252.4056,ram,506871808,65567866880,279516
252.4056,cpu,14973819,21751033,519631572
252.4056,gpu,39,2,0
252.6114,disk0,907452293038080,2041666669,12663809202535736
252.6114,disk0w,1979560390656,18853479,1162999200058
252.6114,disk5,36819134265344,74111099,602719189302727
252.6114,disk5w,225980416,35966,1254168700
252.6114,disk4,39657669948416,39763614,411349661896271
252.6114,disk4w,1447560398848,1495270,591099736239
252.6114,disk8,60745878341632,98618897,964856781199861
252.6114,disk8w,4128768,601,984243925
252.6114,ram,506871808,65567866880,279516
252.6114,cpu,14973819,21751033,519631572
252.6114,gpu,38,0,0
252.8114,disk0,907454344404992,2041673302,12663820095503900
252.8114,disk0w,1979560390656,18853479,1162999200058
252.8114,disk5,36819809843200,74112485,602724359476803
252.8114,disk5w,225980416,35966,1254168700
252.8114,disk4,39658258248704,39764217,411350980515155
252.8114,disk4w,1447560398848,1495270,591099736239
252.8114,disk8,60747108026368,98620840,964869154036914
252.8114,disk8w,4128768,601,984243925
252.8114,ram,506871808,65567866880,279516
252.8114,cpu,14973819,21751033,519631572
252.8114,gpu,0,0,0
253.0047,disk0,907456627191808,2041677183,12663832537990564
253.0047,disk0w,1979560390656,18853479,1162999200058
253.0047,disk5,36820625397760,74114155,602731742485677
253.0047,disk5w,225980416,35966,1254168700
253.0047,disk4,39658802721792,39764775,411351710370515
253.0047,disk4w,1447560398848,1495270,591099736239
253.0047,disk8,60748246763520,98622183,964874761963051
253.0047,disk8w,4128768,601,984243925
253.0047,ram,506871808,65567866880,279516
253.0047,cpu,14973819,21751033,519631572
253.0047,gpu,31,0,0
253.2114,disk0,907459144704000,2041682178,12663847371828807
253.2114,disk0w,1979560402944,18853481,1162999233599
253.2114,disk5,36821415426048,74115777,602736592991577
253.2114,disk5w,225980416,35966,1254168700
253.2114,disk4,39659376686080,39765363,411352334774875
253.2114,disk4w,1447560398848,1495270,591099736239
253.2114,disk8,60749552388096,98624093,964885015380456
253.2114,disk8w,4128768,601,984243925
253.2114,ram,505839616,65474822144,279516
253.2114,cpu,14973835,21751144,519633158
253.2114,gpu,27,0,0
253.4029,disk0,907461181849600,2041686431,12663857893585178
253.4029,disk0w,1979560402944,18853481,1162999233599
253.4029,disk5,36822099769344,74117180,602741788947200
253.4029,disk5w,225980416,35966,1254168700
253.4029,disk4,39659970704384,39765972,411353134472253
253.4029,disk4w,1447560398848,1495270,591099736239
253.4029,disk8,60750848493568,98626043,964896389573669
253.4029,disk8w,4128768,601,984243925
253.4029,ram,505839616,65474822144,279516
253.4029,cpu,14973835,21751144,519633158
253.4029,gpu,26,2,0
253.6110,disk0,907463565914112,2041691179,12663872743659863
253.6110,disk0w,1979560402944,18853481,1162999233599
253.6110,disk5,36822801659904,74118540,602745227311867
253.6110,disk5w,225980416,35966,1254168700
253.6110,disk4,39660567868416,39766584,411353797207180
253.6110,disk4w,1447560398848,1495270,591099736239
253.6110,disk8,60752246720512,98628440,964909326721839
253.6110,disk8w,4128768,601,984243925
253.6110,ram,505839616,65474822144,279516
253.6110,cpu,14973835,21751144,519633158
253.6110,gpu,36,0,0
253.8036,disk0,907465867575296,2041696210,12663885685959725
253.8036,disk0w,1979560402944,18853481,1162999233599
253.8036,disk5,36823590533120,74120103,602750258137294
253.8036,disk5w,225980416,35966,1254168700
253.8036,disk4,39661173814272,39767205,411354671503861
253.8036,disk4w,1447560398848,1495270,591099736239
253.8036,disk8,60753525131264,98630740,964921176961042
253.8036,disk8w,4128768,601,984243925
253.8036,ram,505839616,65474822144,279516
253.8036,cpu,14973835,21751144,519633158
253.8036,gpu,38,0,0
254.0114,disk0,907468303208448,2041704592,12663905592748921
254.0114,disk0w,1979560402944,18853481,1162999233599
254.0114,disk5,36824386680832,74121674,602755699908737
254.0114,disk5w,225980416,35966,1254168700
254.0114,disk4,39661703869440,39767748,411355371658682
254.0114,disk4w,1447560398848,1495270,591099736239
254.0114,disk8,60754759960576,98632889,964931273708398
254.0114,disk8w,4128768,601,984243925
254.0114,ram,505839616,65474822144,279516
254.0114,cpu,14973835,21751144,519633158
254.0114,gpu,37,0,0
254.2114,disk0,907470371823616,2041708348,12663919580210868
254.2114,disk0w,1979560402944,18853481,1162999233599
254.2114,disk5,36825065256960,74123034,602761563780030
254.2114,disk5w,225980416,35966,1254168700
254.2114,disk4,39662148580352,39768204,411356092940612
254.2114,disk4w,1447560398848,1495270,591099736239
254.2114,disk8,60755624822784,98634578,964937908487727
254.2114,disk8w,4128768,601,984243925
254.2114,ram,512638976,63888408576,279516
254.2114,cpu,14973865,21751283,519634838
254.2114,gpu,63,0,0
254.4114,disk0,907472474546176,2041714624,12663929531125399
254.4114,disk0w,1979560402944,18853481,1162999233599
254.4114,disk5,36825663961088,74124262,602766054802777
254.4114,disk5w,225980416,35966,1254168700
254.4114,disk4,39662798435328,39768870,411356916891570
254.4114,disk4w,1447560398848,1495270,591099736239
254.4114,disk8,60756930332672,98636619,964952965829889
254.4114,disk8w,4128768,601,984243925
254.4114,ram,512638976,63888408576,279516
254.4114,cpu,14973865,21751283,519634838
254.4114,gpu,28,1,0
254.6114,disk0,907474775007232,2041718562,12663941411710748
254.6114,disk0w,1979560402944,18853481,1162999233599
254.6114,disk5,36826398849024,74125769,602769956299686
254.6114,disk5w,225980416,35966,1254168700
254.6114,disk4,39663421944832,39769509,411357737687822
254.6114,disk4w,1447560398848,1495270,591099736239
254.6114,disk8,60758257289216,98638281,964961985420464
254.6114,disk8w,4128768,601,984243925
254.6114,ram,512638976,63888408576,279516
254.6114,cpu,14973865,21751283,519634838
254.6114,gpu,36,0,0
254.8024,disk0,907476538466304,2041722189,12663947320314095
254.8024,disk0w,1979560402944,18853481,1162999233599
254.8024,disk5,36826947532800,74126891,602772223269656
254.8024,disk5w,225980416,35966,1254168700
254.8024,disk4,39663950951424,39770051,411358363137892
254.8024,disk4w,1447560398848,1495270,591099736239
254.8024,disk8,60759606200320,98640168,964978256048294
254.8024,disk8w,4128768,601,984243925
254.8024,ram,512638976,63888408576,279516
254.8024,cpu,14973865,21751283,519634838
254.8024,gpu,21,0,0
255.0058,disk0,907478611566592,2041726617,12663955351175072
255.0058,disk0w,1979560402944,18853481,1162999233599
255.0058,disk5,36827982821376,74128991,602786856027868
255.0058,disk5w,225980416,35966,1254168700
255.0058,disk4,39664405509120,39770517,411358915013487
255.0058,disk4w,1447560398848,1495270,591099736239
255.0058,disk8,60760807720960,98641926,964985648890918
255.0058,disk8w,4128768,601,984243925
255.0058,ram,512638976,63888408576,279516
255.0058,cpu,14973865,21751283,519634838
255.0058,gpu,27,0,0
255.2114,disk0,907481319956480,2041732576,12663977030228668
255.2114,disk0w,1979560402944,18853481,1162999233599
255.2114,disk5,36828663494656,74130317,602789828251255
255.2114,disk5w,225980416,35966,1254168700
255.2114,disk4,39665055364096,39771183,411359786349059
255.2114,disk4w,1447560398848,1495270,591099736239
255.2114,disk8,60762094864384,98644224,964995045648906
255.2114,disk8w,4128768,601,984243925
255.2114,ram,509034496,65377714176,279516
255.2114,cpu,14973882,21751399,519636702
255.2114,gpu,44,0,0
255.4049,disk0,907483339481088,2041737330,12663989178261366
255.4049,disk0w,1979560402944,18853481,1162999233599
255.4049,disk5,36829425760256,74131816,602796856526464
255.4049,disk5w,225980416,35966,1254168700
255.4049,disk4,39665634964480,39771777,411360619660656
255.4049,disk4w,1447560398848,1495270,591099736239
255.4049,disk8,60763234076672,98646209,965005352535249
255.4049,disk8w,4128768,601,984243925
255.4049,ram,509034496,65377714176,279516
255.4049,cpu,14973882,21751399,519636702
255.4049,gpu,42,1,0
255.6114,disk0,907485637996544,2041744399,12664003980022232
255.6114,disk0w,1979560402944,18853481,1162999233599
255.6114,disk5,36830127650816,74133207,602800735675289
255.6114,disk5w,225980416,35966,1254168700
255.6114,disk4,39666188219392,39772344,411361516041679
255.6114,disk4w,1447560398848,1495270,591099736239
255.6114,disk8,60764412954624,98648692,965018419080545
255.6114,disk8w,4128768,601,984243925
255.6114,ram,509034496,65377714176,279516
255.6114,cpu,14973882,21751399,519636702
255.6114,gpu,0,0,0
255.8114,disk0,907487585173504,2041753546,12664021503838875
255.8114,disk0w,1979560402944,18853481,1162999233599
255.8114,disk5,36830676350976,74134332,602803711758165
255.8114,disk5w,225980416,35966,1254168700
255.8114,disk4,39666805961728,39772977,411363972652960
255.8114,disk4w,1447560398848,1495270,591099736239
255.8114,disk8,60765520955392,98650384,965027490404909
255.8114,disk8w,4128768,601,984243925
255.8114,ram,509034496,65377714176,279516
255.8114,cpu,14973882,21751399,519636702
255.8114,gpu,37,0,0
256.0088,disk0,907489844379648,2041757705,12664034768644551
256.0088,disk0w,1979560402944,18853481,1162999233599
256.0088,disk5,36831326902272,74135666,602808210581866
256.0088,disk5w,225980416,35966,1254168700
256.0088,disk4,39667461452800,39773649,411364989645859
256.0088,disk4w,1447560398848,1495270,591099736239
256.0088,disk8,60766747576320,98651853,965035759712326
256.0088,disk8w,4128768,601,984243925
256.0088,ram,509034496,65377714176,279516
256.0088,cpu,14973882,21751399,519636702
256.0088,gpu,0,0,0
256.2069,disk0,907491716481024,2041761520,12664042527789264
256.2069,disk0w,1979560402944,18853481,1162999233599
256.2069,disk5,36832138000384,74137331,602816181183875
256.2069,disk5w,225980416,35966,1254168700
256.2069,disk4,39667909325824,39774108,411365540479668
256.2069,disk4w,1447560398848,1495270,591099736239
256.2069,disk8,60768049448960,98653566,965046717741890
256.2069,disk8w,4128768,601,984243925
256.2069,ram,508739584,65427210240,279516
256.2069,cpu,14973897,21751503,519638294
256.2069,gpu,46,0,0
256.4020,disk0,907493670174720,2041765328,12664049705111559
256.4020,disk0w,1979560402944,18853481,1162999233599
256.4020,disk5,36832888371200,74138867,602822308491119
256.4020,disk5w,225980416,35966,1254168700
256.4020,disk4,39668480144384,39774693,411366399381226
256.4020,disk4w,1447560398848,1495270,591099736239
256.4020,disk8,60769345406976,98655534,965059617303196
256.4020,disk8w,4128768,601,984243925
256.4020,ram,508739584,65427210240,279516
256.4020,cpu,14973897,21751503,519638294
256.4020,gpu,0,0,0
256.6114,disk0,907496244068352,2041770996,12664069504152105
256.6114,disk0w,1979560402944,18853481,1162999233599
256.6114,disk5,36833638840320,74140326,602826838520598
256.6114,disk5w,225980416,35966,1254168700
256.6114,disk4,39669193569280,39775424,411367443035658
256.6114,disk4w,1447560398848,1495270,591099736239
256.6114,disk8,60770674493440,98657819,965070275932042
256.6114,disk8w,4128768,601,984243925
256.6114,ram,508739584,65427210240,279516
256.6114,cpu,14973897,21751503,519638294
256.6114,gpu,32,0,0
256.8114,disk0,907498643537920,2041776395,12664088619720121
256.8114,disk0w,1979560402944,18853481,1162999233599
256.8114,disk5,36834372679680,74141771,602831592208129
256.8114,disk5w,225980416,35966,1254168700
256.8114,disk4,39669779854336,39776025,411368216890331
256.8114,disk4w,1447560398848,1495270,591099736239
256.8114,disk8,60771785705472,98659754,965078696170794
256.8114,disk8w,4128768,601,984243925
256.8114,ram,508739584,65427210240,279516
256.8114,cpu,14973897,21751503,519638294
256.8114,gpu,39,0,0
257.0114,disk0,907500703473664,2041782594,12664102445458988
257.0114,disk0w,1979560402944,18853481,1162999233599
257.0114,disk5,36835090544640,74143192,602837712743325
257.0114,disk5w,225980416,35966,1254168700
257.0114,disk4,39670412145664,39776673,411369094316282
257.0114,disk4w,1447560398848,1495270,591099736239
257.0114,disk8,60772974069760,98662098,965090632557976
257.0114,disk8w,4128768,601,984243925
257.0114,ram,508739584,65427210240,279516
257.0114,cpu,14973897,21751503,519638294
257.0114,gpu,40,0,0
257.2114,disk0,907502253322240,2041785437,12664108191357963
257.2114,disk0w,1979560402944,18853481,1162999233599
257.2114,disk5,36835949312000,74144941,602848059015357
257.2114,disk5w,225980416,35966,1254168700
257.2114,disk4,39670912611328,39777186,411370744119775
257.2114,disk4w,1447560398848,1495270,591099736239
257.2114,disk8,60773949048832,98663763,965100116019240
257.2114,disk8w,4128768,601,984243925
257.2114,ram,510935040,65417609216,279516
257.2114,cpu,14973919,21751614,519640019
257.2114,gpu,0,0,0
257.4065,disk0,907504323670016,2041789275,12664117907239330
257.4065,disk0w,1979560419328,18853482,1162999256432
257.4065,disk5,36836418369536,74145904,602850418594493
257.4065,disk5w,225980416,35966,1254168700
257.4065,disk4,39671492211712,39777780,411371468415747
257.4065,disk4w,1447560398848,1495270,591099736239
257.4065,disk8,60775260997632,98665398,965112176910704
257.4065,disk8w,4128768,601,984243925
257.4065,ram,510935040,65417609216,279516
257.4065,cpu,14973919,21751614,519640019
257.4065,gpu,23,1,0
257.6114,disk0,907506454548480,2041793316,12664128198605180
257.6114,disk0w,1979560419328,18853482,1162999256432
257.6114,disk5,36837212575744,74147532,602857558323543
257.6114,disk5w,225980416,35966,1254168700
257.6114,disk4,39671931302912,39778230,411371954945469
257.6114,disk4w,1447560398848,1495270,591099736239
257.6114,disk8,60776640792576,98667133,965123017227454
257.6114,disk8w,4128768,601,984243925
257.6114,ram,510935040,65417609216,279516
257.6114,cpu,14973919,21751614,519640019
257.6114,gpu,30,0,0
257.8114,disk0,907508723515392,2041798016,12664143524738497
257.8114,disk0w,1979560419328,18853482,1162999256432
257.8114,disk5,36838004439040,74149155,602864785111341
257.8114,disk5w,225980416,35966,1254168700
257.8114,disk4,39672414303232,39778725,411372501735270
257.8114,disk4w,1447560398848,1495270,591099736239
257.8114,disk8,60777832351744,98668866,965131072959536
257.8114,disk8w,4128768,601,984243925
257.8114,ram,510935040,65417609216,279516
257.8114,cpu,14973919,21751614,519640019
257.8114,gpu,30,0,0
258.0114,disk0,907510904651776,2041802471,12664155478970111
258.0114,disk0w,1979560419328,18853482,1162999256432
258.0114,disk5,36838708295680,74150547,602869635445531
258.0114,disk5w,225980416,35966,1254168700
258.0114,disk4,39672914867200,39779238,411373051206066
258.0114,disk4w,1447560398848,1495270,591099736239
258.0114,disk8,60779099408384,98670890,965142600673600
258.0114,disk8w,4128768,601,984243925
258.0114,ram,510935040,65417609216,279516
258.0114,cpu,14973919,21751614,519640019
258.0114,gpu,31,0,0
258.2114,disk0,907513142894592,2041807447,12664169213072555
258.2114,disk0w,1979560419328,18853482,1162999256432
258.2114,disk5,36839375091712,74151850,602873412698057
258.2114,disk5w,225980416,35966,1254168700
258.2114,disk4,39673508492288,39779846,411373959286233
258.2114,disk4w,1447560398848,1495270,591099736239
258.2114,disk8,60780314757120,98673008,965156175916868
258.2114,disk8w,4128768,601,984243925
258.2114,ram,507363328,63763709952,279516
258.2114,cpu,14973933,21751716,519641727
258.2114,gpu,31,0,0
258.4114,disk0,907515458842624,2041813257,12664183656296785
258.4114,disk0w,1979560419328,18853482,1162999256432
258.4114,disk5,36840176121856,74153429,602878996603961
258.4114,disk5w,225980416,35966,1254168700
258.4114,disk4,39674074067968,39780426,411374577411744
258.4114,disk4w,1447560398848,1495270,591099736239
258.4114,disk8,60781672581120,98675275,965168849002827
258.4114,disk8w,4128768,601,984243925
258.4114,ram,511442944,63762907136,279516
258.4114,cpu,14973935,21751719,519641753
258.4114,gpu,32,2,0
258.6114,disk0,907517991686144,2041821681,12664204631699147
258.6114,disk0w,1979560419328,18853482,1162999256432
258.6114,disk5,36840868706304,74154801,602883135812870
258.6114,disk5w,225980416,35966,1254168700
258.6114,disk4,39674530722816,39780894,411375053613834
258.6114,disk4w,1447560398848,1495270,591099736239
258.6114,disk8,60782781155328,98677639,965179865078151
258.6114,disk8w,4128768,601,984243925
258.6114,ram,511442944,63762907136,279516
258.6114,cpu,14973935,21751719,519641753
258.6114,gpu,41,0,0
258.8053,disk0,907519998808064,2041826808,12664219640890719
258.8053,disk0w,1979560419328,18853482,1162999256432
258.8053,disk5,36841451960320,74155992,602887356948691
258.8053,disk5w,225980416,35966,1254168700
258.8053,disk4,39675066364928,39781443,411376103358691
258.8053,disk4w,1447560398848,1495270,591099736239
258.8053,disk8,60783754823680,98679265,965187887428783
258.8053,disk8w,4128768,601,984243925
258.8053,ram,511442944,63762907136,279516
258.8053,cpu,14973935,21751719,519641753
258.8053,gpu,0,0,0
259.0114,disk0,907522311966720,2041835277,12664236415899964
259.0114,disk0w,1979560419328,18853482,1162999256432
259.0114,disk5,36842135115776,74157392,602891685249237
259.0114,disk5w,225980416,35966,1254168700
259.0114,disk4,39675689874432,39782082,411376910252720
259.0114,disk4w,1447560398848,1495270,591099736239
259.0114,disk8,60784944236544,98680741,965194260138024
259.0114,disk8w,4128768,601,984243925
259.0114,ram,511442944,63762907136,279516
259.0114,cpu,14973935,21751719,519641753
259.0114,gpu,42,0,0
259.2114,disk0,907524404301824,2041839470,12664245620060831
259.2114,disk0w,1979560419328,18853482,1162999256432
259.2114,disk5,36842832951296,74158823,602896878014978
259.2114,disk5w,225980416,35966,1254168700
259.2114,disk4,39676243129344,39782649,411377555148530
259.2114,disk4w,1447560398848,1495270,591099736239
259.2114,disk8,60786327226368,98682638,965205767151839
259.2114,disk8w,4128768,601,984243925
259.2114,ram,509362176,65446871040,279516
259.2114,cpu,14973959,21751851,519643351
259.2114,gpu,29,0,0
259.4114,disk0,907526553473024,2041843700,12664255466498108
259.4114,disk0w,1979560419328,18853482,1162999256432
259.4114,disk5,36843639076864,74160476,602904404322023
259.4114,disk5w,225980416,35966,1254168700
259.4114,disk4,39676743693312,39783162,411378073821829
259.4114,disk4w,1447560398848,1495270,591099736239
259.4114,disk8,60787572721664,98684391,965215587582185
259.4114,disk8w,4128768,601,984243925
259.4114,ram,503037952,65514389504,279516
259.4114,cpu,14973960,21751858,519643439
259.4114,gpu,32,2,0
259.6114,disk0,907528554999808,2041847972,12664266972215995
259.6114,disk0w,1979560419328,18853482,1162999256432
259.6114,disk5,36844165494784,74161504,602906781971425
259.6114,disk5w,225980416,35966,1254168700
259.6114,disk4,39677261820928,39783693,411378873078986
259.6114,disk4w,1447560398848,1495270,591099736239
259.6114,disk8,60788895188992,98686547,965230440495632
259.6114,disk8w,4128768,601,984243925
259.6114,ram,503037952,65514389504,279516
259.6114,cpu,14973960,21751858,519643439
259.6114,gpu,0,0,0
259.8114,disk0,907531071066112,2041853586,12664286404018863
259.8114,disk0w,1979560419328,18853482,1162999256432
259.8114,disk5,36844849838080,74162851,602910537725006
259.8114,disk5w,225980416,35966,1254168700
259.8114,disk4,39677797512192,39784242,411379767072179
259.8114,disk4w,1447560398848,1495270,591099736239
259.8114,disk8,60790024751104,98688618,965239942145276
259.8114,disk8w,4128768,601,984243925
259.8114,ram,503037952,65514389504,279516
259.8114,cpu,14973960,21751858,519643439
259.8114,gpu,33,0,0
260.0114,disk0,907533273567232,2041860244,12664305019680435
260.0114,disk0w,1979560419328,18853482,1162999256432
260.0114,disk5,36845485733888,74164104,602914780710611
260.0114,disk5w,225980416,35966,1254168700
260.0114,disk4,39678350767104,39784809,411380411645623
260.0114,disk4w,1447560398848,1495270,591099736239
260.0114,disk8,60791235627008,98690788,965250905568438
260.0114,disk8w,4128768,601,984243925
260.0114,ram,503037952,65514389504,279516
260.0114,cpu,14973960,21751858,519643439
260.0114,gpu,40,0,0
260.2111,disk0,907535065653248,2041863470,12664314673819368
260.2111,disk0w,1979560419328,18853482,1162999256432
260.2111,disk5,36846222194688,74165575,602921568653364
260.2111,disk5w,225980416,35966,1254168700
260.2111,disk4,39678737118208,39785205,411381092620906
260.2111,disk4w,1447560398848,1495270,591099736239
260.2111,disk8,60792257873920,98692763,965262012945100
260.2111,disk8w,4128768,601,984243925
260.2111,ram,503037952,65514389504,279516
260.2111,cpu,14973960,21751858,519643439
260.2111,gpu,45,0,0
260.4114,disk0,907537221468160,2041868127,12664326430508736
260.4114,disk0w,1979560419328,18853482,1162999256432
260.4114,disk5,36847151151104,74167481,602929801677446
260.4114,disk5w,225980416,35966,1254168700
260.4114,disk4,39679218676736,39785698,411381642089201
260.4114,disk4w,1447560398848,1495270,591099736239
260.4114,disk8,60793511282688,98694632,965271704832801
260.4114,disk8w,4128768,601,984243925
260.4114,ram,507346944,65409040384,279516
260.4114,cpu,14973974,21751957,519645040
260.4114,gpu,0,0,0
260.6114,disk0,907539124256768,2041871255,12664332949345949
260.6114,disk0w,1979560419328,18853482,1162999256432
260.6114,disk5,36848060987392,74169345,602940505686876
260.6114,disk5w,225980416,35966,1254168700
260.6114,disk4,39679866434560,39786362,411382530230787
260.6114,disk4w,1447560398848,1495270,591099736239
260.6114,disk8,60794722732032,98696153,965279643516575
260.6114,disk8w,4128768,601,984243925
260.6114,ram,507346944,65409040384,279516
260.6114,cpu,14973974,21751957,519645040
260.6114,gpu,24,0,0
260.8114,disk0,907541464170496,2041875823,12664346584893142
260.8114,disk0w,1979560419328,18853482,1162999256432
260.8114,disk5,36848829020160,74170920,602948218039600
260.8114,disk5w,225980416,35966,1254168700
260.8114,disk4,39680388101120,39786897,411383227355978
260.8114,disk4w,1447560398848,1495270,591099736239
260.8114,disk8,60795912587264,98697923,965287707792603
260.8114,disk8w,4128768,601,984243925
260.8114,ram,507346944,65409040384,279516
260.8114,cpu,14973974,21751957,519645040
260.8114,gpu,27,0,0
261.0114,disk0,907543888826368,2041881281,12664362613529557
261.0114,disk0w,1979561734144,18853769,1163004580086
261.0114,disk5,36849429821440,74172114,602951626119110
261.0114,disk5w,225980416,35966,1254168700
261.0114,disk4,39681012659200,39787537,411384043599688
261.0114,disk4w,1447560398848,1495270,591099736239
261.0114,disk8,60797197535232,98699994,965299779189530
261.0114,disk8w,4128768,601,984243925
261.0114,ram,507346944,65409040384,279516
261.0114,cpu,14973974,21751957,519645040
261.0114,gpu,43,0,0
261.2073,disk0,907545643028480,2041885224,12664371757761469
261.2073,disk0w,1979561734144,18853769,1163004580086
261.2073,disk5,36849961875456,74173154,602954563173552
261.2073,disk5w,225980416,35966,1254168700
261.2073,disk4,39681508635648,39788045,411384680178434
261.2073,disk4w,1447560398848,1495270,591099736239
261.2073,disk8,60798525163520,98702325,965318499365112
261.2073,disk8w,4128768,601,984243925
261.2073,ram,507346944,65409040384,279516
261.2073,cpu,14973974,21751957,519645040
261.2073,gpu,22,0,0
261.4017,disk0,907547823456256,2041892036,12664387086931922
261.4017,disk0w,1979561734144,18853769,1163004580086
261.4017,disk5,36850649888768,74174510,602958520759296
261.4017,disk5w,225980416,35966,1254168700
261.4017,disk4,39681995174912,39788544,411385198416649
261.4017,disk4w,1447560398848,1495270,591099736239
261.4017,disk8,60799786272768,98704497,965332252598999
261.4017,disk8w,4128768,601,984243925
261.4017,ram,510590976,65419673600,279516
261.4017,cpu,14973995,21752059,519646774
261.4017,gpu,27,2,0
261.6115,disk0,907549757415424,2041896484,12664396118842001
261.6115,disk0w,1979561734144,18853769,1163004580086
261.6115,disk5,36851351107584,74175898,602962420598252
261.6115,disk5w,225980416,35966,1254168700
261.6115,disk4,39682583557120,39789147,411386029908646
261.6115,disk4w,1447560398848,1495270,591099736239
261.6115,disk8,60801070434304,98707012,965350355874088
261.6115,disk8w,4128768,601,984243925
261.6115,ram,510590976,65419673600,279516
261.6115,cpu,14973995,21752059,519646774
261.6115,gpu,47,0,0
261.8015,disk0,907551557312512,2041901079,12664405603593904
261.8015,disk0w,1979562258432,18853857,1163006812307
261.8015,disk5,36852017903616,74177266,602967073808809
261.8015,disk5w,225980416,35966,1254168700
261.8015,disk4,39683024663552,39789599,411387044990123
261.8015,disk4w,1447560398848,1495270,591099736239
261.8015,disk8,60802130462720,98708642,965361334045263
261.8015,disk8w,4128768,601,984243925
261.8015,ram,510590976,65419673600,279516
261.8015,cpu,14973995,21752059,519646774
261.8015,gpu,21,0,0
262.0114,disk0,907553959981056,2041905381,12664416898885811
262.0114,disk0w,1979562385408,18853880,1163007260175
262.0114,disk5,36852953446400,74179181,602975925720116
262.0114,disk5w,225980416,35966,1254168700
262.0114,disk4,39683751457792,39790344,411388054742418
262.0114,disk4w,1447560398848,1495270,591099736239
262.0114,disk8,60803449669632,98710246,965368465918283
262.0114,disk8w,4128768,601,984243925
262.0114,ram,510590976,65419673600,279516
262.0114,cpu,14973995,21752059,519646774
262.0114,gpu,0,0,0
262.2089,disk0,907555957854208,2041909318,12664426128899985
262.2089,disk0w,1979562385408,18853880,1163007260175
262.2089,disk5,36853667346432,74180645,602984590699258
262.2089,disk5w,225980416,35966,1254168700
262.2089,disk4,39684269585408,39790875,411388653720073
262.2089,disk4w,1447560398848,1495270,591099736239
262.2089,disk8,60804584392704,98711857,965377827060330
262.2089,disk8w,4128768,601,984243925
262.2089,ram,510590976,65419673600,279516
262.2089,cpu,14973995,21752059,519646774
262.2089,gpu,20,0,0
262.4115,disk0,907558150967296,2041913665,12664439876698546
262.4115,disk0w,1979562385408,18853880,1163007260175
262.4115,disk5,36854421878784,74182193,602990081601779
262.4115,disk5w,225980416,35966,1254168700
262.4115,disk4,39684811568128,39791430,411389286067966
262.4115,disk4w,1447560398848,1495270,591099736239
262.4115,disk8,60805798397952,98713646,965388027204186
262.4115,disk8w,4128768,601,984243925
262.4115,ram,506150912,65554186240,279516
262.4115,cpu,14974020,21752173,519648491
262.4115,gpu,28,1,0
262.6115,disk0,907560302649344,2041918261,12664452156652214
262.6115,disk0w,1979562385408,18853880,1163007260175
262.6115,disk5,36855290476544,74183876,602996229516642
262.6115,disk5w,225980416,35966,1254168700
262.6115,disk4,39685376095232,39792009,411389962115067
262.6115,disk4w,1447560398848,1495270,591099736239
262.6115,disk8,60807072942080,98715904,965401035673903
262.6115,disk8w,4128768,601,984243925
262.6115,ram,506150912,65554186240,279516
262.6115,cpu,14974020,21752173,519648491
262.6115,gpu,25,0,0
262.8016,disk0,907562206240768,2041922620,12664460771980899
262.8016,disk0w,1979562385408,18853880,1163007260175
262.8016,disk5,36856001148928,74185276,603000586562680
262.8016,disk5w,225980416,35966,1254168700
262.8016,disk4,39685841531904,39792486,411390616967828
262.8016,disk4w,1447560398848,1495270,591099736239
262.8016,disk8,60808342308864,98718142,965415693501247
262.8016,disk8w,4128768,601,984243925
262.8016,ram,506150912,65554186240,279516
262.8016,cpu,14974020,21752173,519648491
262.8016,gpu,30,0,0
263.0115,disk0,907564739698688,2041928904,12664480074988080
263.0115,disk0w,1979562385408,18853880,1163007260175
263.0115,disk5,36856615303168,74186490,603004672160869
263.0115,disk5w,225980416,35966,1254168700
263.0115,disk4,39686313260032,39792969,411391195372126
263.0115,disk4w,1447560398848,1495270,591099736239
263.0115,disk8,60809614198784,98720357,965426659718808
263.0115,disk8w,4128768,601,984243925
263.0115,ram,506150912,65554186240,279516
263.0115,cpu,14974020,21752173,519648491
263.0115,gpu,36,0,0
263.2075,disk0,907566435295232,2041931946,12664488019844386
263.2075,disk0w,1979562397696,18853882,1163007303549
263.2075,disk5,36857248675840,74187754,603009723652492
263.2075,disk5w,225980416,35966,1254168700
263.2075,disk4,39686860157952,39793530,411392428730017
263.2075,disk4w,1447560398848,1495270,591099736239
263.2075,disk8,60810710386688,98722377,965439706040134
263.2075,disk8w,4128768,601,984243925
263.2075,ram,506150912,65554186240,279516
263.2075,cpu,14974020,21752173,519648491
263.2075,gpu,0,0,0
263.4084,disk0,907568545218560,2041939379,12664500408292928
263.4084,disk0w,1979562397696,18853882,1163007303549
263.4084,disk5,36857992771584,74189279,603015481764816
263.4084,disk5w,225980416,35966,1254168700
263.4084,disk4,39687501231104,39794187,411393457141258
263.4084,disk4w,1447560398848,1495270,591099736239
263.4084,disk8,60812012062720,98724319,965449751854003
263.4084,disk8w,4128768,601,984243925
263.4084,ram,507953152,65490550784,279516
263.4084,cpu,14974035,21752283,519650219
263.4084,gpu,37,3,0
263.6115,disk0,907570489806848,2041942844,12664509824933066
263.6115,disk0w,1979562397696,18853882,1163007303549
263.6115,disk5,36858760902656,74190853,603020986253041
263.6115,disk5w,225980416,35966,1254168700
263.6115,disk4,39687993013248,39794691,411394060358548
263.6115,disk4w,1447560398848,1495270,591099736239
263.6115,disk8,60813254526976,98725776,965459365272808
263.6115,disk8w,4128768,601,984243925
263.6115,ram,507953152,65490550784,279516
263.6115,cpu,14974035,21752283,519650219
263.6115,gpu,25,0,0
263.8047,disk0,907572340371456,2041946551,12664516466191522
263.8047,disk0w,1979562397696,18853882,1163007303549
263.8047,disk5,36859484444672,74192335,603027740013501
263.8047,disk5w,225980416,35966,1254168700
263.8047,disk4,39688572613632,39795285,411394813200803
263.8047,disk4w,1447560398848,1495270,591099736239
263.8047,disk8,60814553810944,98727695,965471197065742
263.8047,disk8w,4128768,601,984243925
263.8047,ram,507953152,65490550784,279516
263.8047,cpu,14974035,21752283,519650219
263.8047,gpu,35,0,0
264.0115,disk0,907574535041024,2041951181,12664527079354457
264.0115,disk0w,1979562397696,18853882,1163007303549
264.0115,disk5,36860141795328,74193669,603032858064555
264.0115,disk5w,225980416,35966,1254168700
264.0115,disk4,39689126917120,39795853,411395458064162
264.0115,disk4w,1447560398848,1495270,591099736239
264.0115,disk8,60815914469376,98729680,965484782200448
264.0115,disk8w,4128768,601,984243925
264.0115,ram,507953152,65490550784,279516
264.0115,cpu,14974035,21752283,519650219
264.0115,gpu,0,0,0
264.2115,disk0,907576886063104,2041956405,12664543516213517
264.2115,disk0w,1979562397696,18853882,1163007303549
264.2115,disk5,36860914415616,74195167,603040032078924
264.2115,disk5w,225980416,35966,1254168700
264.2115,disk4,39689761305600,39796503,411396254635743
264.2115,disk4w,1447560398848,1495270,591099736239
264.2115,disk8,60817058170880,98731742,965492572968381
264.2115,disk8w,4128768,601,984243925
264.2115,ram,507953152,65490550784,279516
264.2115,cpu,14974035,21752283,519650219
264.2115,gpu,25,0,0
264.4115,disk0,907579153666048,2041961476,12664556493718738
264.4115,disk0w,1979562405888,18853884,1163007358132
264.4115,disk5,36861628381184,74196577,603045966542376
264.4115,disk5w,225980416,35966,1254168700
264.4115,disk4,39690392548352,39797150,411397099023941
264.4115,disk4w,1447560398848,1495270,591099736239
264.4115,disk8,60818358208512,98734065,965505211734305
264.4115,disk8w,4128768,601,984243925
264.4115,ram,506494976,64275742720,279516
264.4115,cpu,14974068,21752418,519651907
264.4115,gpu,44,2,0
264.6115,disk0,907581314527232,2041969057,12664573445825305
264.6115,disk0w,1979562405888,18853884,1163007358132
264.6115,disk5,36862388385792,74198080,603053419372983
264.6115,disk5w,225980416,35966,1254168700
264.6115,disk4,39691013960704,39797787,411397870403059
264.6115,disk4w,1447560398848,1495270,591099736239
264.6115,disk8,60819538708480,98736221,965514218423125
264.6115,disk8w,4128768,601,984243925
264.6115,ram,506494976,64275742720,279516
264.6115,cpu,14974068,21752418,519651907
264.6115,gpu,38,0,0
264.8115,disk0,907583514574848,2041973165,12664589275326501
264.8115,disk0w,1979562405888,18853884,1163007358132
264.8115,disk5,36862996527104,74199313,603057990143672
264.8115,disk5w,225980416,35966,1254168700
264.8115,disk4,39691549586432,39798336,411399251796838
264.8115,disk4w,1447560398848,1495270,591099736239
264.8115,disk8,60820528384000,98737994,965520518692603
264.8115,disk8w,4128768,601,984243925
264.8115,ram,506494976,64275742720,279516
264.8115,cpu,14974068,21752418,519651907
264.8115,gpu,0,0,0
265.0115,disk0,907585751875584,2041980311,12664602275803057
265.0115,disk0w,1979562405888,18853884,1163007358132
265.0115,disk5,36863801997312,74200967,603064726045328
265.0115,disk5w,225980416,35966,1254168700
265.0115,disk4,39692076495872,39798876,411399860513822
265.0115,disk4w,1447560398848,1495270,591099736239
265.0115,disk8,60821824555008,98739632,965529348868543
265.0115,disk8w,4128768,601,984243925
265.0115,ram,506494976,64275742720,279516
265.0115,cpu,14974068,21752418,519651907
265.0115,gpu,31,0,0
265.2115,disk0,907588008607744,2041984714,12664615658891693
265.2115,disk0w,1979562405888,18853884,1163007358132
265.2115,disk5,36864651999232,74202709,603073063040716
265.2115,disk5w,225980416,35966,1254168700
265.2115,disk4,39692612187136,39799425,411400513941558
265.2115,disk4w,1447560398848,1495270,591099736239
265.2115,disk8,60822971516928,98741175,965536173299168
265.2115,disk8w,4128768,601,984243925
265.2115,ram,506494976,64275742720,279516
265.2115,cpu,14974068,21752418,519651907
265.2115,gpu,0,0,0
265.4057,disk0,907590073008128,2041989076,12664627943340747
265.4057,disk0w,1979562405888,18853884,1163007358132
265.4057,disk5,36865345124352,74204129,603078280582622
265.4057,disk5w,225980416,35966,1254168700
265.4057,disk4,39693112751104,39799938,411401119511375
265.4057,disk4w,1447560398848,1495270,591099736239
265.4057,disk8,60824172857344,98742965,965546744990996
265.4057,disk8w,4128768,601,984243925
265.4057,ram,508198912,65543110656,279516
265.4057,cpu,14974083,21752528,519653593
265.4057,gpu,28,1,0
265.6026,disk0,907592028594176,2041993604,12664640621704274
265.6026,disk0w,1979562405888,18853884,1163007358132
265.6026,disk5,36865908357120,74205244,603081701365224
265.6026,disk5w,225980416,35966,1254168700
265.6026,disk4,39693684618240,39800524,411401968370507
265.6026,disk4w,1447560398848,1495270,591099736239
265.6026,disk8,60825460197376,98745072,965561800135015
265.6026,disk8w,4128768,601,984243925
265.6026,ram,507576320,65385594880,279516
265.6026,cpu,14974085,21752535,519653766
265.6026,gpu,0,0,0
265.8115,disk0,907594153672704,2041997914,12664651798253107
265.8115,disk0w,1979562405888,18853884,1163007358132
265.8115,disk5,36866687105024,74206770,603087356900876
265.8115,disk5w,225980416,35966,1254168700
265.8115,disk4,39694201697280,39801054,411402527837035
265.8115,disk4w,1447560398848,1495270,591099736239
265.8115,disk8,60826834683904,98747430,965576560940245
265.8115,disk8w,4128768,601,984243925
265.8115,ram,507576320,65385594880,279516
265.8115,cpu,14974085,21752535,519653766
265.8115,gpu,31,0,0
266.0029,disk0,907596394569728,2042005198,12664671420041641
266.0029,disk0w,1979562405888,18853884,1163007358132
266.0029,disk5,36867429201920,74208235,603091946150766
266.0029,disk5w,225980416,35966,1254168700
266.0029,disk4,39694806201344,39801673,411403388168041
266.0029,disk4w,1447560398848,1495270,591099736239
266.0029,disk8,60827966785536,98749477,965585733401427
266.0029,disk8w,4128768,601,984243925
266.0029,ram,507576320,65385594880,279516
266.0029,cpu,14974085,21752535,519653766
266.0029,gpu,0,0,0
266.2115,disk0,907598656561152,2042010030,12664683833165487
266.2115,disk0w,1979562405888,18853884,1163007358132
266.2115,disk5,36868021090304,74209410,603095295538012
266.2115,disk5w,225980416,35966,1254168700
266.2115,disk4,39695360898048,39802242,411404124547067
266.2115,disk4w,1447560398848,1495270,591099736239
266.2115,disk8,60829227812864,98752104,965603033701826
266.2115,disk8w,4128768,601,984243925
266.2115,ram,507576320,65385594880,279516
266.2115,cpu,14974085,21752535,519653766
266.2115,gpu,26,0,0
266.4068,disk0,907600757891072,2042016251,12664700119565093
266.4068,disk0w,1979562405888,18853884,1163007358132
266.4068,disk5,36868644165632,74210685,603099116424663
266.4068,disk5w,225980416,35966,1254168700
266.4068,disk4,39695878976512,39802773,411404869363264
266.4068,disk4w,1447560398848,1495270,591099736239
266.4068,disk8,60830347151360,98753869,965612094299393
266.4068,disk8w,4128768,601,984243925
266.4068,ram,506150912,65609056256,279516
266.4068,cpu,14974102,21752636,519655255
266.4068,gpu,0,0,0
266.6115,disk0,907603039576064,2042020026,12664712200046428
266.6115,disk0w,1979562405888,18853884,1163007358132
266.6115,disk5,36869393446912,74212221,603103328296929
266.6115,disk5w,225980416,35966,1254168700
266.6115,disk4,39696450843648,39803359,411405739832982
266.6115,disk4w,1447560398848,1495270,591099736239
266.6115,disk8,60831590565888,98755331,965620211768130
266.6115,disk8w,4128768,601,984243925
266.6115,ram,509231104,65352531968,279516
266.6115,cpu,14974103,21752642,519655352
266.6115,gpu,26,0,0
266.8115,disk0,907605220904960,2042024244,12664724158207036
266.8115,disk0w,1979562405888,18853884,1163007358132
266.8115,disk5,36870179403776,74213834,603109376552559
266.8115,disk5w,225980416,35966,1254168700
266.8115,disk4,39697044468736,39803967,411406473860197
266.8115,disk4w,1447560398848,1495270,591099736239
266.8115,disk8,60832873383936,98757160,965630634343062
266.8115,disk8w,4128768,601,984243925
266.8115,ram,509231104,65352531968,279516
266.8115,cpu,14974103,21752642,519655352
266.8115,gpu,0,0,0
267.0103,disk0,907607360327680,2042028518,12664732218249445
267.0103,disk0w,1979562405888,18853884,1163007358132
267.0103,disk5,36870996408320,74215505,603114977665168
267.0103,disk5w,225980416,35966,1254168700
267.0103,disk4,39697626559488,39804564,411407138303997
267.0103,disk4w,1447560398848,1495270,591099736239
267.0103,disk8,60834234599424,98759296,965643677813597
267.0103,disk8w,4128768,601,984243925
267.0103,ram,509231104,65352531968,279516
267.0103,cpu,14974103,21752642,519655352
267.0103,gpu,45,0,0
267.2047,disk0,907609492099072,2042032894,12664743958431114
267.2047,disk0w,1979562405888,18853884,1163007358132
267.2047,disk5,36871723563008,74216914,603119364023187
267.2047,disk5w,225980416,35966,1254168700
267.2047,disk4,39698091996160,39805041,411407635074126
267.2047,disk4w,1447560398848,1495270,591099736239
267.2047,disk8,60835517270016,98761563,965658380127543
267.2047,disk8w,4128768,601,984243925
267.2047,ram,509231104,65352531968,279516
267.2047,cpu,14974103,21752642,519655352
267.2047,gpu,0,0,0
267.4115,disk0,907611739181056,2042037650,12664756705337667
267.4115,disk0w,1979562405888,18853884,1163007358132
267.4115,disk5,36872425453568,74218295,603123878313853
267.4115,disk5w,225980416,35966,1254168700
267.4115,disk4,39698759414784,39805725,411408586141229
267.4115,disk4w,1447560398848,1495270,591099736239
267.4115,disk8,60836928522240,98764103,965672935702702
267.4115,disk8w,4128768,601,984243925
267.4115,ram,507084800,65499316224,279516
267.4115,cpu,14974122,21752729,519656928
267.4115,gpu,33,1,0
267.6115,disk0,907613957263360,2042045125,12664771363294726
267.6115,disk0w,1979562405888,18853884,1163007358132
267.6115,disk5,36873179985920,74219785,603128095224933
267.6115,disk5w,225980416,35966,1254168700
267.6115,disk4,39699382924288,39806364,411409405466432
267.6115,disk4w,1447560398848,1495270,591099736239
267.6115,disk8,60838236309504,98766433,965686484827878
267.6115,disk8w,4128768,601,984243925
267.6115,ram,508477440,65507868672,279516
267.6115,cpu,14974123,21752733,519656954
267.6115,gpu,33,0,0
267.8115,disk0,907615955836928,2042048896,12664784736269284
267.8115,disk0w,1979562405888,18853884,1163007358132
267.8115,disk5,36873755523072,74220943,603132798011934
267.8115,disk5w,225980416,35966,1254168700
267.8115,disk4,39699786855424,39806778,411409999897789
267.8115,disk4w,1447560398848,1495270,591099736239
267.8115,disk8,60839239682048,98768271,965695636333688
267.8115,disk8w,4128768,601,984243925
267.8115,ram,508477440,65507868672,279516
267.8115,cpu,14974123,21752733,519656954
267.8115,gpu,41,0,0
268.0115,disk0,907618203000832,2042059114,12664803362599230
268.0115,disk0w,1979562405888,18853884,1163007358132
268.0115,disk5,36874449156096,74222365,603137428949515
268.0115,disk5w,225980416,35966,1254168700
268.0115,disk4,39700278637568,39807282,411410559477326
268.0115,disk4w,1447560398848,1495270,591099736239
268.0115,disk8,60840440367104,98770017,965703943761563
268.0115,disk8w,4128768,601,984243925
268.0115,ram,508477440,65507868672,279516
268.0115,cpu,14974123,21752733,519656954
268.0115,gpu,33,0,0
268.2031,disk0,907620225458176,2042062282,12664811209560128
268.2031,disk0w,1979562405888,18853884,1163007358132
268.2031,disk5,36875086338048,74223672,603141546292288
268.2031,disk5w,225980416,35966,1254168700
268.2031,disk4,39700814328832,39807831,411411237292056
268.2031,disk4w,1447560398848,1495270,591099736239
268.2031,disk8,60841711863808,98771508,965714753199319
268.2031,disk8w,4128768,601,984243925
268.2031,ram,508477440,65507868672,279516
268.2031,cpu,14974123,21752733,519656954
268.2031,gpu,27,0,0
268.4046,disk0,907622440607744,2042066668,12664822397717344
268.4046,disk0w,1979562405888,18853884,1163007358132
268.4046,disk5,36875750668288,74225034,603146433722913
268.4046,disk5w,225980416,35966,1254168700
268.4046,disk4,39701367583744,39808398,411411980834864
268.4046,disk4w,1447560398848,1495270,591099736239
268.4046,disk8,60843097163776,98773511,965726457360463
268.4046,disk8w,4128768,601,984243925
268.4046,ram,508477440,65507868672,279516
268.4046,cpu,14974123,21752733,519656954
268.4046,gpu,0,0,0
268.6046,disk0,907624740724736,2042071766,12664836278606869
268.6046,disk0w,1979562405888,18853884,1163007358132
268.6046,disk5,36876540295168,74226628,603151331050780
268.6046,disk5w,225980416,35966,1254168700
268.6046,disk4,39701920838656,39808965,411412657014952
268.6046,disk4w,1447560398848,1495270,591099736239
268.6046,disk8,60844350523392,98775344,965737545489600
268.6046,disk8w,4128768,601,984243925
268.6046,ram,506773504,65389264896,279516
268.6046,cpu,14974142,21752858,519658808
268.6046,gpu,36,0,0
268.8115,disk0,907627133980672,2042077078,12664852461765913
268.8115,disk0w,1979562405888,18853884,1163007358132
268.8115,disk5,36877222344704,74227958,603154937082754
268.8115,disk5w,225980416,35966,1254168700
268.8115,disk4,39702488118272,39809546,411413393220184
268.8115,disk4w,1447560398848,1495270,591099736239
268.8115,disk8,60845649807360,98777616,965750820255966
268.8115,disk8w,4128768,601,984243925
268.8115,ram,506773504,65389264896,279516
268.8115,cpu,14974142,21752858,519658808
268.8115,gpu,44,0,0
269.0115,disk0,907629266579456,2042082107,12664868254331669
269.0115,disk0w,1979562405888,18853884,1163007358132
269.0115,disk5,36877768603648,74229042,603157926448967
269.0115,disk5w,225980416,35966,1254168700
269.0115,disk4,39702995366912,39810066,411414001354923
269.0115,disk4w,1447560398848,1495270,591099736239
269.0115,disk8,60846833059840,98779730,965765535773875
269.0115,disk8w,4128768,601,984243925
269.0115,ram,506773504,65389264896,279516
269.0115,cpu,14974142,21752858,519658808
269.0115,gpu,36,0,0
269.2115,disk0,907631455858688,2042088572,12664884677364263
269.2115,disk0w,1979562405888,18853884,1163007358132
269.2115,disk5,36878412232704,74230318,603161810721801
269.2115,disk5w,225980416,35966,1254168700
269.2115,disk4,39703485051904,39810568,411414624664541
269.2115,disk4w,1447560398848,1495270,591099736239
269.2115,disk8,60848034629632,98782180,965779550503531
269.2115,disk8w,4128768,601,984243925
269.2115,ram,506773504,65389264896,279516
269.2115,cpu,14974142,21752858,519658808
269.2115,gpu,41,0,0
269.4082,disk0,907633219715072,2042096248,12664896329834405
269.4082,disk0w,1979562405888,18853884,1163007358132
269.4082,disk5,36878949513216,74231416,603165540720897
269.4082,disk5w,225980416,35966,1254168700
269.4082,disk4,39704098665472,39811197,411416016041528
269.4082,disk4w,1447560398848,1495270,591099736239
269.4082,disk8,60849053353984,98783708,965789905245935
269.4082,disk8w,4128768,601,984243925
269.4082,ram,506773504,65389264896,279516
269.4082,cpu,14974142,21752858,519658808
269.4082,gpu,22,2,0
269.6115,disk0,907635564433408,2042101845,12664910518873871
269.6115,disk0w,1979562405888,18853884,1163007358132
269.6115,disk5,36879575365632,74232700,603169103578000
269.6115,disk5w,225980416,35966,1254168700
269.6115,disk4,39704657163264,39811769,411416656983088
269.6115,disk4w,1447560398848,1495270,591099736239
269.6115,disk8,60850339137536,98785292,965799215499442
269.6115,disk8w,4128768,601,984243925
269.6115,ram,509165568,65357430784,279516
269.6115,cpu,14974171,21752988,519660358
269.6115,gpu,25,0,0
269.8048,disk0,907637701988352,2042105946,12664921788609913
269.8048,disk0w,1979566829568,18854164,1163013336201
269.8048,disk5,36880385783808,74234360,603176791066992
269.8048,disk5w,225980416,35966,1254168700
269.8048,disk4,39705196393472,39812322,411417338176823
269.8048,disk4w,1447560398848,1495270,591099736239
269.8048,disk8,60851437717504,98786733,965806183734960
269.8048,disk8w,4128768,601,984243925
269.8048,ram,509165568,65357430784,279516
269.8048,cpu,14974171,21752988,519660358
269.8048,gpu,30,0,0
270.0115,disk0,907640069132288,2042111108,12664935147430998
270.0115,disk0w,1979566829568,18854164,1163013336201
270.0115,disk5,36881113462784,74235851,603182683892376
270.0115,disk5w,225980416,35966,1254168700
270.0115,disk4,39705705739264,39812844,411418024910744
270.0115,disk4w,1447560398848,1495270,591099736239
270.0115,disk8,60852826605568,98788736,965817601637539
270.0115,disk8w,4128768,601,984243925
270.0115,ram,509165568,65357430784,279516
270.0115,cpu,14974171,21752988,519660358
270.0115,gpu,0,0,0
270.2065,disk0,907642323308544,2042115708,12664949499453704
270.2065,disk0w,1979566829568,18854164,1163013336201
270.2065,disk5,36881758140416,74237108,603186301117967
270.2065,disk5w,225980416,35966,1254168700
270.2065,disk4,39706291631104,39813444,411418837823422
270.2065,disk4w,1447560398848,1495270,591099736239
270.2065,disk8,60854043035648,98790645,965828375570602
270.2065,disk8w,4128768,601,984243925
270.2065,ram,509165568,65357430784,279516
270.2065,cpu,14974171,21752988,519660358
270.2065,gpu,31,0,0
270.4115,disk0,907644666040320,2042121055,12664965495092672
270.4115,disk0w,1979566829568,18854164,1163013336201
270.4115,disk5,36882427410432,74238429,603189603106763
270.4115,disk5w,225980416,35966,1254168700
270.4115,disk4,39706812249088,39813978,411419505084490
270.4115,disk4w,1447560398848,1495270,591099736239
270.4115,disk8,60855310845952,98792904,965843222752593
270.4115,disk8w,4128768,601,984243925
270.4115,ram,509165568,65357430784,279516
270.4115,cpu,14974171,21752988,519660358
270.4115,gpu,0,0,0
270.6115,disk0,907646768353280,2042126706,12664978286067132
270.6115,disk0w,1979566829568,18854164,1163013336201
270.6115,disk5,36883086096384,74239729,603193050074730
270.6115,disk5w,225980416,35966,1254168700
270.6115,disk4,39707409413120,39814590,411420280309202
270.6115,disk4w,1447560398848,1495270,591099736239
270.6115,disk8,60856683628544,98795385,965859755407103
270.6115,disk8w,4128768,601,984243925
270.6115,ram,502923264,63815188480,279516
270.6115,cpu,14974198,21753133,519662039
270.6115,gpu,27,0,0
270.8048,disk0,907648606236672,2042130198,12664990518864829
270.8048,disk0w,1979566829568,18854164,1163013336201
270.8048,disk5,36883550435328,74240659,603195645943664
270.8048,disk5w,225980416,35966,1254168700
270.8048,disk4,39707796812800,39814987,411420962131861
270.8048,disk4w,1447560398848,1495270,591099736239
270.8048,disk8,60857666390016,98797132,965870623435534
270.8048,disk8w,4128768,601,984243925
270.8048,ram,502923264,63815188480,279516
270.8048,cpu,14974198,21753133,519662039
270.8048,gpu,34,0,0
271.0069,disk0,907650856402944,2042141496,12665009866181938
271.0069,disk0w,1979566829568,18854164,1163013336201
271.0069,disk5,36884361664512,74242321,603200763066769
271.0069,disk5w,225980416,35966,1254168700
271.0069,disk4,39708340237312,39815544,411421675124548
271.0069,disk4w,1447560398848,1495270,591099736239
271.0069,disk8,60858849298432,98798860,965878949118248
271.0069,disk8w,4128768,601,984243925
271.0069,ram,502923264,63815188480,279516
271.0069,cpu,14974198,21753133,519662039
271.0069,gpu,24,0,0
271.2053,disk0,907653338775552,2042145637,12665022772792976
271.2053,disk0w,1979567828992,18854228,1163014552515
271.2053,disk5,36885041952768,74243717,603204655440638
271.2053,disk5w,225980416,35966,1254168700
271.2053,disk4,39708990092288,39816210,411422592802532
271.2053,disk4w,1447560398848,1495270,591099736239
271.2053,disk8,60860119762944,98800377,965886993111786
271.2053,disk8w,4128768,601,984243925
271.2053,ram,502923264,63815188480,279516
271.2053,cpu,14974198,21753133,519662039
271.2053,gpu,28,0,0
271.4115,disk0,907655364640768,2042149923,12665033599064429
271.4115,disk0w,1979567828992,18854228,1163014552515
271.4115,disk5,36885857908736,74245390,603210510791646
271.4115,disk5w,225980416,35966,1254168700
271.4115,disk4,39709580571648,39816815,411423229321702
271.4115,disk4w,1447560398848,1495270,591099736239
271.4115,disk8,60861408167936,98802256,965898710966210
271.4115,disk8w,4128768,601,984243925
271.4115,ram,502923264,63815188480,279516
271.4115,cpu,14974198,21753133,519662039
271.4115,gpu,20,0,0
271.6115,disk0,907657465585664,2042154555,12665044399137044
271.6115,disk0w,1979567828992,18854228,1163014552515
271.6115,disk5,36886520133632,74246713,603215219994916
271.6115,disk5w,225980416,35966,1254168700
271.6115,disk4,39710195299328,39817445,411424151967087
271.6115,disk4w,1447560398848,1495270,591099736239
271.6115,disk8,60862775494656,98804256,965912369715282
271.6115,disk8w,4128768,601,984243925
271.6115,ram,499335168,65396654080,279516
271.6115,cpu,14974216,21753244,519663764
271.6115,gpu,0,0,0
271.8115,disk0,907659825258496,2042159568,12665058864953507
271.8115,disk0w,1979568173056,18854253,1163014918882
271.8115,disk5,36887180392448,74248003,603218315049445
271.8115,disk5w,225980416,35966,1254168700
271.8115,disk4,39710807929856,39818073,411425105039295
271.8115,disk4w,1447560398848,1495270,591099736239
271.8115,disk8,60864083937280,98806493,965925184639110
271.8115,disk8w,4128768,601,984243925
271.8115,ram,497287168,65463779328,279516
271.8115,cpu,14974216,21753244,519663764
271.8115,gpu,43,0,0
272.0023,disk0,907662070099968,2042165290,12665078971675767
272.0023,disk0w,1979568173056,18854253,1163014918882
272.0023,disk5,36887816009728,74249257,603223002293233
272.0023,disk5w,225980416,35966,1254168700
272.0023,disk4,39711247021056,39818523,411425629089775
272.0023,disk4w,1447560398848,1495270,591099736239
272.0023,disk8,60865259112448,98808551,965933688381670
272.0023,disk8w,4128768,601,984243925
272.0023,ram,497287168,65463779328,279516
272.0023,cpu,14974216,21753244,519663764
272.0023,gpu,0,0,0
272.2106,disk0,907664488153088,2042171173,12665097664883912
272.2106,disk0w,1979568173056,18854253,1163014918882
272.2106,disk5,36888516327424,74250648,603226863945234
272.2106,disk5w,225980416,35966,1254168700
272.2106,disk4,39711800275968,39819090,411426430691667
272.2106,disk4w,1447560398848,1495270,591099736239
272.2106,disk8,60866437908480,98810816,965944520701245
272.2106,disk8w,4128768,601,984243925
272.2106,ram,497287168,65463779328,279516
272.2106,cpu,14974216,21753244,519663764
272.2106,gpu,43,0,0
272.4115,disk0,907666550038528,2042180833,12665116813812783
272.4115,disk0w,1979568173056,18854253,1163014918882
272.4115,disk5,36889280534528,74252216,603233009398799
272.4115,disk5w,225980416,35966,1254168700
272.4115,disk4,39712335918080,39819639,411427404221241
272.4115,disk4w,1447560398848,1495270,591099736239
272.4115,disk8,60867395061760,98812200,965949400129532
272.4115,disk8w,4128768,601,984243925
272.4115,ram,497287168,65463779328,279516
272.4115,cpu,14974216,21753244,519663764
272.4115,gpu,27,1,0
272.6115,disk0,907668876681216,2042184785,12665127024564566
272.6115,disk0w,1979568173056,18854253,1163014918882
272.6115,disk5,36890042939392,74253779,603241256129599
272.6115,disk5w,225980416,35966,1254168700
272.6115,disk4,39712864924672,39820181,411428137801182
272.6115,disk4w,1447560398848,1495270,591099736239
272.6115,disk8,60868598925312,98813622,965956686928815
272.6115,disk8w,4128768,601,984243925
272.6115,ram,491061248,65478590464,279516
272.6115,cpu,14974240,21753377,519665434
272.6115,gpu,23,0,0
272.8037,disk0,907670851997696,2042188894,12665137051963061
272.8037,disk0w,1979568173056,18854253,1163014918882
272.8037,disk5,36890832566272,74255399,603250286388896
272.8037,disk5w,225980416,35966,1254168700
272.8037,disk4,39713530246144,39820863,411429008080859
272.8037,disk4w,1447560398848,1495270,591099736239
272.8037,disk8,60869767710720,98815364,965965854982231
272.8037,disk8w,4128768,601,984243925
272.8037,ram,489717760,65478590464,279516
272.8037,cpu,14974240,21753379,519665462
272.8037,gpu,0,0,0
273.0078,disk0,907672918614016,2042192948,12665145728677791
273.0078,disk0w,1979568173056,18854253,1163014918882
273.0078,disk5,36891648522240,74257064,603255534040202
273.0078,disk5w,225980416,35966,1254168700
273.0078,disk4,39714039591936,39821385,411429601863939
273.0078,disk4w,1447560398848,1495270,591099736239
273.0078,disk8,60871162464256,98817476,965979637760418
273.0078,disk8w,4128768,601,984243925
273.0078,ram,489717760,65478590464,279516
273.0078,cpu,14974240,21753379,519665462
273.0078,gpu,31,0,0
273.2086,disk0,907675272732672,2042198070,12665164511843300
273.2086,disk0w,1979568173056,18854253,1163014918882
273.2086,disk5,36892182280192,74258098,603258562644557
273.2086,disk5w,225980416,35966,1254168700
273.2086,disk4,39714584065024,39821943,411430230814251
273.2086,disk4w,1447560398848,1495270,591099736239
273.2086,disk8,60872307312640,98819527,965990110747940
273.2086,disk8w,4128768,601,984243925
273.2086,ram,489717760,65478590464,279516
273.2086,cpu,14974240,21753379,519665462
273.2086,gpu,0,0,0
273.4115,disk0,907677570359296,2042203317,12665180896186860
273.4115,disk0w,1979568173056,18854253,1163014918882
273.4115,disk5,36892824188928,74259363,603262632072373
273.4115,disk5w,225980416,35966,1254168700
273.4115,disk4,39715225138176,39822600,411431146261113
273.4115,disk4w,1447560398848,1495270,591099736239
273.4115,disk8,60873569421312,98821924,966002773573570
273.4115,disk8w,4128768,601,984243925
273.4115,ram,489717760,65478590464,279516
273.4115,cpu,14974240,21753379,519665462
273.4115,gpu,34,1,0
273.6115,disk0,907679727198208,2042209426,12665194642528316
273.6115,disk0w,1979568173056,18854253,1163014918882
273.6115,disk5,36893451302912,74260601,603267307367836
273.6115,disk5w,225980416,35966,1254168700
273.6115,disk4,39715778393088,39823167,411431851532306
273.6115,disk4w,1447560398848,1495270,591099736239
273.6115,disk8,60874897524736,98824265,966017284414308
273.6115,disk8w,4128768,601,984243925
273.6115,ram,489717760,65478590464,279516
273.6115,cpu,14974240,21753379,519665462
273.6115,gpu,28,0,0
273.8017,disk0,907681555288064,2042212905,12665207166168220
273.8017,disk0w,1979568173056,18854253,1163014918882
273.8017,disk5,36893999855616,74261704,603270339096013
273.8017,disk5w,225980416,35966,1254168700
273.8017,disk4,39716199871488,39823599,411432672072041
273.8017,disk4w,1447560398848,1495270,591099736239
273.8017,disk8,60875948673024,98826042,966027944437849
273.8017,disk8w,4128768,601,984243925
273.8017,ram,485982208,63909281792,279516
273.8017,cpu,14974260,21753513,519667302
273.8017,gpu,0,0,0
274.0050,disk0,907683942371328,2042222269,12665224447751841
274.0050,disk0w,1979568173056,18854253,1163014918882
274.0050,disk5,36894711044096,74263163,603274581437764
274.0050,disk5w,225980416,35966,1254168700
274.0050,disk4,39716814599168,39824229,411433535972945
274.0050,disk4w,1447560398848,1495270,591099736239
274.0050,disk8,60877138069504,98827691,966037092918756
274.0050,disk8w,4128768,601,984243925
274.0050,ram,485982208,63909281792,279516
274.0050,cpu,14974260,21753513,519667302
274.0050,gpu,44,0,0
274.2115,disk0,907686212460544,2042225994,12665232392923774
274.2115,disk0w,1979568173056,18854253,1163014918882
274.2115,disk5,36895350994944,74264475,603278981377938
274.2115,disk5w,225980416,35966,1254168700
274.2115,disk4,39717455672320,39824886,411434466761138
274.2115,disk4w,1447560398848,1495270,591099736239
274.2115,disk8,60878571472896,98829578,966049806500030
274.2115,disk8w,4128768,601,984243925
274.2115,ram,485982208,63909281792,279516
274.2115,cpu,14974260,21753513,519667302
274.2115,gpu,34,0,0
274.4115,disk0,907688292835328,2042230294,12665241734279936
274.4115,disk0w,1979568173056,18854253,1163014918882
274.4115,disk5,36896386283520,74266598,603289785144809
274.4115,disk5w,225980416,35966,1254168700
274.4115,disk4,39717965018112,39825408,411435015762974
274.4115,disk4w,1447560398848,1495270,591099736239
274.4115,disk8,60879819114496,98831377,966058385499022
274.4115,disk8w,4128768,601,984243925
274.4115,ram,485982208,63909281792,279516
274.4115,cpu,14974260,21753513,519667302
274.4115,gpu,26,1,0
274.6115,disk0,907690448543744,2042235005,12665254947683335
274.6115,disk0w,1979568173056,18854253,1163014918882
274.6115,disk5,36897157068800,74268123,603296300219391
274.6115,disk5w,225980416,35966,1254168700
274.6115,disk4,39718535836672,39825993,411435764043854
274.6115,disk4w,1447560398848,1495270,591099736239
274.6115,disk8,60881140549632,98833411,966069264753249
274.6115,disk8w,4128768,601,984243925
274.6115,ram,485982208,63909281792,279516
274.6115,cpu,14974260,21753513,519667302
274.6115,gpu,34,0,0
274.8041,disk0,907692806823936,2042239771,12665271490526466
274.8041,disk0w,1979568173056,18854253,1163014918882
274.8041,disk5,36897734424576,74269254,603299200846939
274.8041,disk5w,225980416,35966,1254168700
274.8041,disk4,39719134049280,39826606,411436525303323
274.8041,disk4w,1447560398848,1495270,591099736239
274.8041,disk8,60882332387328,98835541,966079512735711
274.8041,disk8w,4128768,601,984243925
274.8041,ram,488964096,65533116416,279516
274.8041,cpu,14974285,21753639,519668860
274.8041,gpu,0,0,0
275.0115,disk0,907695422160896,2042247690,12665293396764935
275.0115,disk0w,1979568173056,18854253,1163014918882
275.0115,disk5,36898492487680,74270755,603304470119560
275.0115,disk5w,225980416,35966,1254168700
275.0115,disk4,39719817982976,39827307,411437384342494
275.0115,disk4w,1447560398848,1495270,591099736239
275.0115,disk8,60883587745792,98837676,966087716172017
275.0115,disk8w,4128768,601,984243925
275.0115,ram,488964096,65533116416,279516
275.0115,cpu,14974285,21753639,519668860
275.0115,gpu,0,0,0
275.2023,disk0,907697417666560,2042251478,12665311868460807
275.2023,disk0w,1979568173056,18854253,1163014918882
275.2023,disk5,36899023616000,74271815,603307107593153
275.2023,disk5w,225980416,35966,1254168700
275.2023,disk4,39720222929920,39827722,411438640599569
275.2023,disk4w,1447560398848,1495270,591099736239
275.2023,disk8,60884438583296,98839343,966093691369140
275.2023,disk8w,4128768,601,984243925
275.2023,ram,488964096,65533116416,279516
275.2023,cpu,14974285,21753639,519668860
275.2023,gpu,0,0,0
275.4115,disk0,907699648905216,2042255887,12665324783379589
275.4115,disk0w,1979568173056,18854253,1163014918882
275.4115,disk5,36899999832064,74273817,603314987600104
275.4115,disk5w,225980416,35966,1254168700
275.4115,disk4,39720915645440,39828432,411439611512801
275.4115,disk4w,1447560398848,1495270,591099736239
275.4115,disk8,60885726693376,98841214,966102197266576
275.4115,disk8w,4128768,601,984243925
275.4115,ram,488964096,65533116416,279516
275.4115,cpu,14974285,21753639,519668860
275.4115,gpu,34,2,0
275.6115,disk0,907701833318400,2042259596,12665333643846344
275.6115,disk0w,1979568173056,18854253,1163014918882
275.6115,disk5,36900878383104,74275616,603321809860093
275.6115,disk5w,225980416,35966,1254168700
275.6115,disk4,39721398645760,39828927,411440145497715
275.6115,disk4w,1447560398848,1495270,591099736239
275.6115,disk8,60887062677504,98842886,966112622998991
275.6115,disk8w,4128768,601,984243925
275.6115,ram,488964096,65533116416,279516
275.6115,cpu,14974285,21753639,519668860
275.6115,gpu,26,0,0
275.8080,disk0,907703799709696,2042263459,12665341182652854
275.8080,disk0w,1979568173056,18854253,1163014918882
275.8080,disk5,36901715286016,74277332,603328382594610
275.8080,disk5w,225980416,35966,1254168700
275.8080,disk4,39722030937088,39829575,411440968294121
275.8080,disk4w,1447560398848,1495270,591099736239
275.8080,disk8,60888389994496,98844816,966124651706626
275.8080,disk8w,4128768,601,984243925
275.8080,ram,492421120,65629290496,279516
275.8080,cpu,14974305,21753750,519670587
275.8080,gpu,29,0,0
276.0064,disk0,907706041270272,2042268353,12665354718407207
276.0064,disk0w,1979568173056,18854253,1163014918882
276.0064,disk5,36902527842304,74278959,603335997632019
276.0064,disk5w,225980416,35966,1254168700
276.0064,disk4,39722566628352,39830124,411441619389018
276.0064,disk4w,1447560398848,1495270,591099736239
276.0064,disk8,60889595316224,98846623,966134144914604
276.0064,disk8w,4128768,601,984243925
276.0064,ram,492421120,65629290496,279516
276.0064,cpu,14974305,21753750,519670587
276.0064,gpu,0,0,0
276.2071,disk0,907708366438400,2042273322,12665369290827139
276.2071,disk0w,1979568173056,18854253,1163014918882
276.2071,disk5,36903129692160,74280133,603338968465198
276.2071,disk5w,225980416,35966,1254168700
276.2071,disk4,39723181356032,39830754,411442399291354
276.2071,disk4w,1447560398848,1495270,591099736239
276.2071,disk8,60890946668544,98849054,966148459259742
276.2071,disk8w,4128768,601,984243925
276.2071,ram,492421120,65629290496,279516
276.2071,cpu,14974305,21753750,519670587
276.2071,gpu,39,0,0
276.4096,disk0,907710681505792,2042279517,12665387042352158
276.4096,disk0w,1979568173056,18854253,1163014918882
276.4096,disk5,36903803680768,74281461,603342749208213
276.4096,disk5w,225980416,35966,1254168700
276.4096,disk4,39723753223168,39831340,411443116266446
276.4096,disk4w,1447560398848,1495270,591099736239
276.4096,disk8,60892218050560,98851242,966160857368723
276.4096,disk8w,4128768,601,984243925
276.4096,ram,492421120,65629290496,279516
276.4096,cpu,14974305,21753750,519670587
276.4096,gpu,0,0,0
276.6056,disk0,907712838959104,2042284991,12665402067256596
276.6056,disk0w,1979568173056,18854253,1163014918882
276.6056,disk5,36904335210496,74282513,603345442030281
276.6056,disk5w,225980416,35966,1254168700
276.6056,disk4,39724191265792,39831789,411443620251379
276.6056,disk4w,1447560398848,1495270,591099736239
276.6056,disk8,60893373728768,98853577,966176559696423
276.6056,disk8w,4128768,601,984243925
276.6056,ram,492421120,65629290496,279516
276.6056,cpu,14974305,21753750,519670587
276.6056,gpu,39,0,0
276.8090,disk0,907714697158656,2042291753,12665413862185281
276.8090,disk0w,1979568173056,18854253,1163014918882
276.8090,disk5,36905054648320,74283986,603352213106006
276.8090,disk5w,225980416,35966,1254168700
276.8090,disk4,39724735673344,39832347,411444723649645
276.8090,disk4w,1447560398848,1495270,591099736239
276.8090,disk8,60894376658944,98855132,966185175333605
276.8090,disk8w,4128768,601,984243925
276.8090,ram,498696192,65668284416,279516
276.8090,cpu,14974322,21753881,519672288
276.8090,gpu,0,0,0
277.0088,disk0,907717037432832,2042296074,12665428590255373
277.0088,disk0w,1979568173056,18854253,1163014918882
277.0088,disk5,36905695131648,74285299,603356199736447
277.0088,disk5w,225980416,35966,1254168700
277.0088,disk4,39725218280448,39832841,411445321678303
277.0088,disk4w,1447560398848,1495270,591099736239
277.0088,disk8,60895621597184,98856638,966193754766519
277.0088,disk8w,4128768,601,984243925
277.0088,ram,498696192,65668284416,279516
277.0088,cpu,14974322,21753881,519672288
277.0088,gpu,0,0,0
277.2115,disk0,907719204315136,2042300024,12665437455453602
277.2115,disk0w,1979568803840,18854391,1163019149088
277.2115,disk5,36906372421632,74286687,603360487922317
277.2115,disk5w,225980416,35966,1254168700
277.2115,disk4,39725850571776,39833489,411446123580043
277.2115,disk4w,1447560398848,1495270,591099736239
277.2115,disk8,60896982255616,98858551,966206986564488
277.2115,disk8w,4128768,601,984243925
277.2115,ram,498696192,65668284416,279516
277.2115,cpu,14974322,21753881,519672288
277.2115,gpu,39,0,0
277.4115,disk0,907721567330304,2042304814,12665450373860394
277.4115,disk0w,1979568803840,18854391,1163019149088
277.4115,disk5,36907081365504,74288142,603365721061108
277.4115,disk5w,225980416,35966,1254168700
277.4115,disk4,39726395438080,39834048,411446758837606
277.4115,disk4w,1447560398848,1495270,591099736239
277.4115,disk8,60898216019968,98860318,966216136273907
277.4115,disk8w,4128768,601,984243925
277.4115,ram,498696192,65668284416,279516
277.4115,cpu,14974322,21753881,519672288
277.4115,gpu,40,1,0
277.6090,disk0,907723685949440,2042309354,12665462774423731
277.6090,disk0w,1979568803840,18854391,1163019149088
277.6090,disk5,36907683084288,74289314,603369401856227
277.6090,disk5w,225980416,35966,1254168700
277.6090,disk4,39726904783872,39834570,411447385598044
277.6090,disk4w,1447560398848,1495270,591099736239
277.6090,disk8,60899569043456,98862665,966229748497514
277.6090,disk8w,4128768,601,984243925
277.6090,ram,498696192,65668284416,279516
277.6090,cpu,14974322,21753881,519672288
277.6090,gpu,30,0,0
277.8116,disk0,907725937479680,2042314199,12665477730648221
277.8116,disk0w,1979569364992,18854480,1163021192267
277.8116,disk5,36908397410304,74290718,603374617575491
277.8116,disk5w,225980416,35966,1254168700
277.8116,disk4,39727484384256,39835164,411448191273642
277.8116,disk4w,1447560398848,1495270,591099736239
277.8116,disk8,60900859463680,98865182,966243985270073
277.8116,disk8w,4128768,601,984243925
277.8116,ram,498106368,65128546304,279516
277.8116,cpu,14974344,21753987,519673987
277.8116,gpu,34,0,0
278.0115,disk0,907728119435264,2042320693,12665491343089389
278.0115,disk0w,1979569364992,18854480,1163021192267
278.0115,disk5,36908853639168,74291622,603376645978026
278.0115,disk5w,225980416,35966,1254168700
278.0115,disk4,39728028857344,39835722,411448836391636
278.0115,disk4w,1447560398848,1495270,591099736239
278.0115,disk8,60902227232768,98867472,966261393360055
278.0115,disk8w,4128768,601,984243925
278.0115,ram,500023296,63740379136,279516
278.0115,cpu,14974345,21753996,519674146
278.0115,gpu,27,0,0
278.2115,disk0,907730081222656,2042324224,12665505344455218
278.2115,disk0w,1979569373184,18854482,1163021238516
278.2115,disk5,36909353744384,74292620,603379371074106
278.2115,disk5w,225980416,35966,1254168700
278.2115,disk4,39728432739328,39836136,411450080603671
278.2115,disk4w,1447560398848,1495270,591099736239
278.2115,disk8,60903246497792,98869623,966274531048213
278.2115,disk8w,4128768,601,984243925
278.2115,ram,500023296,63740379136,279516
278.2115,cpu,14974345,21753996,519674146
278.2115,gpu,28,0,0
278.4115,disk0,907731925704704,2042328079,12665523606978192
278.4115,disk0w,1979569426432,18854494,1163021506888
278.4115,disk5,36909828569088,74293593,603382549505165
278.4115,disk5w,225980416,35966,1254168700
278.4115,disk4,39728915739648,39836631,411450670614672
278.4115,disk4w,1447560398848,1495270,591099736239
278.4115,disk8,60904335329280,98871324,966283669051641
278.4115,disk8w,4128768,601,984243925
278.4115,ram,500023296,63740379136,279516
278.4115,cpu,14974345,21753996,519674146
278.4115,gpu,0,0,0
278.6065,disk0,907733504835584,2042330893,12665547998631563
278.6065,disk0w,1979575341056,18854662,1163025877707
278.6065,disk5,36910351095808,74294665,603385729357628
278.6065,disk5w,225980416,35966,1254168700
278.6065,disk4,39729314067456,39837039,411451131524997
278.6065,disk4w,1447560398848,1495270,591099736239
278.6065,disk8,60905237727232,98872383,966287251180400
278.6065,disk8w,4128768,601,984243925
278.6065,ram,500023296,63740379136,279516
278.6065,cpu,14974345,21753996,519674146
278.6065,gpu,32,0,0
278.8115,disk0,907735187767296,2042334011,12665570657147511
278.8115,disk0w,1979575341056,18854662,1163025877707
278.8115,disk5,36911014598656,74296023,603391191017806
278.8115,disk5w,225980416,35966,1254168700
278.8115,disk4,39729811485696,39837549,411451689232745
278.8115,disk4w,1447560398848,1495270,591099736239
278.8115,disk8,60906261923840,98873749,966291248371945
278.8115,disk8w,4128768,601,984243925
278.8115,ram,500023296,63740379136,279516
278.8115,cpu,14974345,21753996,519674146
278.8115,gpu,25,0,0
279.0115,disk0,907736847429632,2042337546,12665597554479173
279.0115,disk0w,1979575341056,18854662,1163025877707
279.0115,disk5,36911555950592,74297135,603394028400438
279.0115,disk5w,225980416,35966,1254168700
279.0115,disk4,39730189104128,39837936,411452079440076
279.0115,disk4w,1447560398848,1495270,591099736239
279.0115,disk8,60907223435264,98875068,966296348763542
279.0115,disk8w,4128768,601,984243925
279.0115,ram,496599040,65261125632,279516
279.0115,cpu,14974376,21754093,519675736
279.0115,gpu,24,0,0
279.2115,disk0,907738609430528,2042341534,12665626830933151
279.2115,disk0w,1979575341056,18854662,1163025877707
279.2115,disk5,36912292935680,74298615,603397903626028
279.2115,disk5w,225980416,35966,1254168700
279.2115,disk4,39730610631680,39838368,411452572998850
279.2115,disk4w,1447560398848,1495270,591099736239
279.2115,disk8,60908086134784,98876355,966300044258809
279.2115,disk8w,4128768,601,984243925
279.2115,ram,496599040,65261125632,279516
279.2115,cpu,14974376,21754093,519675736
279.2115,gpu,0,0,0
279.4030,disk0,907740231299072,2042345067,12665654502367916
279.4030,disk0w,1979575341056,18854662,1163025877707
279.4030,disk5,36912782833664,74299564,603399832155582
279.4030,disk5w,225980416,35966,1254168700
279.4030,disk4,39731040941056,39838809,411453030075046
279.4030,disk4w,1447560398848,1495270,591099736239
279.4030,disk8,60908982274048,98877969,966306158398066
279.4030,disk8w,4128768,601,984243925
279.4030,ram,496599040,65261125632,279516
279.4030,cpu,14974376,21754093,519675736
279.4030,gpu,32,1,0
279.6035,disk0,907741969428480,2042348872,12665680632063782
279.6035,disk0w,1979575341056,18854662,1163025877707
279.6035,disk5,36913468602368,74300923,603405391879042
279.6035,disk5w,225980416,35966,1254168700
279.6035,disk4,39731400995840,39839178,411453429972640
279.6035,disk4w,1447560398848,1495270,591099736239
279.6035,disk8,60909858441216,98879691,966311722755696
279.6035,disk8w,4128768,601,984243925
279.6035,ram,496599040,65261125632,279516
279.6035,cpu,14974376,21754093,519675736
279.6035,gpu,0,0,0
279.8116,disk0,907743670202368,2042354173,12665717442345480
279.8116,disk0w,1979575341056,18854662,1163025877707
279.8116,disk5,36913854642176,74301684,603406737030993
279.8116,disk5w,225980416,35966,1254168700
279.8116,disk4,39731814790144,39839602,411453900195575
279.8116,disk4w,1447560398848,1495270,591099736239
279.8116,disk8,60910798063616,98881288,966317757295721
279.8116,disk8w,4128768,601,984243925
279.8116,ram,496599040,65261125632,279516
279.8116,cpu,14974376,21754093,519675736
279.8116,gpu,29,0,0
280.0040,disk0,907745259122688,2042357083,12665739876458597
280.0040,disk0w,1979575341056,18854662,1163025877707
280.0040,disk5,36914378012672,74302718,603409016462138
280.0040,disk5w,225980416,35966,1254168700
280.0040,disk4,39732156232704,39839952,411454241162501
280.0040,disk4w,1447560398848,1495270,591099736239
280.0040,disk8,60911672887296,98883079,966324899890189
280.0040,disk8w,4128768,601,984243925
280.0040,ram,498925568,63719047168,279516
280.0040,cpu,14974400,21754207,519677600
280.0040,gpu,0,0,0
280.2116,disk0,907746609745920,2042359610,12665758862742716
280.2116,disk0w,1979575341056,18854662,1163025877707
280.2116,disk5,36914802194432,74303585,603411424898706
280.2116,disk5w,225980416,35966,1254168700
280.2116,disk4,39732516254720,39840321,411454712855117
280.2116,disk4w,1447560398848,1495270,591099736239
280.2116,disk8,60912481224704,98884360,966332024143131
280.2116,disk8w,4128768,601,984243925
280.2116,ram,498925568,63719047168,279516
280.2116,cpu,14974400,21754207,519677600
280.2116,gpu,22,0,0
280.4116,disk0,907748079489024,2042367517,12665790393567301
280.4116,disk0w,1979575341056,18854662,1163025877707
280.4116,disk5,36915216373760,74304435,603413559024268
280.4116,disk5w,225980416,35966,1254168700
280.4116,disk4,39732929000448,39840744,411455175613174
280.4116,disk4w,1447560398848,1495270,591099736239
280.4116,disk8,60913245505536,98885543,966336527292453
280.4116,disk8w,4128768,601,984243925
280.4116,ram,498925568,63719047168,279516
280.4116,cpu,14974400,21754207,519677600
280.4116,gpu,20,2,0
280.6116,disk0,907749863657472,2042370539,12665815051218496
280.6116,disk0w,1979575341056,18854662,1163025877707
280.6116,disk5,36915688716288,74305405,603415606583587
280.6116,disk5w,225980416,35966,1254168700
280.6116,disk4,39733306618880,39841131,411455575850163
280.6116,disk4w,1447560398848,1495270,591099736239
280.6116,disk8,60914051434496,98886461,966339232060729
280.6116,disk8w,4128768,601,984243925
280.6116,ram,498925568,63719047168,279516
280.6116,cpu,14974400,21754207,519677600
280.6116,gpu,26,0,0
280.8116,disk0,907751535923200,2042373632,12665837362670230
280.8116,disk0w,1979575341056,18854662,1163025877707
280.8116,disk5,36916241070080,74306535,603418717737730
280.8116,disk5w,225980416,35966,1254168700
280.8116,disk4,39733719364608,39841554,411455997781731
280.8116,disk4w,1447560398848,1495270,591099736239
280.8116,disk8,60915078809600,98887946,966345537384795
280.8116,disk8w,4128768,601,984243925
280.8116,ram,498925568,63719047168,279516
280.8116,cpu,14974400,21754207,519677600
280.8116,gpu,0,0,0
281.0116,disk0,907753260847104,2042377104,12665860302187849
281.0116,disk0w,1979575341056,18854662,1163025877707
281.0116,disk5,36916938766336,74307966,603424540894976
281.0116,disk5w,225980416,35966,1254168700
281.0116,disk4,39734186898432,39842033,411456510337037
281.0116,disk4w,1447560398848,1495270,591099736239
281.0116,disk8,60916121749504,98889393,966350333566922
281.0116,disk8w,4128768,601,984243925
281.0116,ram,497631232,65172848640,279516
281.0116,cpu,14974420,21754287,519679214
281.0116,gpu,22,0,0
281.2116,disk0,907754972438528,2042380827,12665887432591402
281.2116,disk0w,1979575341056,18854662,1163025877707
281.2116,disk5,36917522020352,74309134,603427550759281
281.2116,disk5w,225980416,35966,1254168700
281.2116,disk4,39734617207808,39842474,411456974829850
281.2116,disk4w,1447560398848,1495270,591099736239
281.2116,disk8,60917128579072,98891063,966355971774900
281.2116,disk8w,4128768,601,984243925
281.2116,ram,497631232,65172848640,279516
281.2116,cpu,14974420,21754287,519679214
281.2116,gpu,0,0,0
281.4116,disk0,907756732022784,2042384803,12665918212490677
281.4116,disk0w,1979575341056,18854662,1163025877707
281.4116,disk5,36918101080064,74310257,603430060735711
281.4116,disk5w,225980416,35966,1254168700
281.4116,disk4,39735081595904,39842950,411457553640482
281.4116,disk4w,1447560398848,1495270,591099736239
281.4116,disk8,60918023931904,98892650,966361612623730
281.4116,disk8w,4128768,601,984243925
281.4116,ram,497631232,65172848640,279516
281.4116,cpu,14974420,21754287,519679214
281.4116,gpu,27,0,0
281.6091,disk0,907758346756096,2042388490,12665940243154960
281.6091,disk0w,1979575341056,18854662,1163025877707
281.6091,disk5,36918878926848,74311794,603433802736614
281.6091,disk5w,225980416,35966,1254168700
281.6091,disk4,39735572329472,39843453,411458152290868
281.6091,disk4w,1447560398848,1495270,591099736239
281.6091,disk8,60919103637504,98894721,966372303008481
281.6091,disk8w,4128768,601,984243925
281.6091,ram,497631232,65172848640,279516
281.6091,cpu,14974420,21754287,519679214
281.6091,gpu,26,0,0
281.8116,disk0,907759883001856,2042394396,12665968895806444
281.8116,disk0w,1979575341056,18854662,1163025877707
281.8116,disk5,36919346935808,74312718,603436052931216
281.8116,disk5w,225980416,35966,1254168700
281.8116,disk4,39736037766144,39843930,411458676596705
281.8116,disk4w,1447560398848,1495270,591099736239
281.8116,disk8,60920163141632,98896584,966381877731276
281.8116,disk8w,4128768,601,984243925
281.8116,ram,497631232,65172848640,279516
281.8116,cpu,14974420,21754287,519679214
281.8116,gpu,34,0,0
282.0039,disk0,907761408286720,2042397096,12665988018213737
282.0039,disk0w,1979575341056,18854662,1163025877707
282.0039,disk5,36919943542784,74313900,603439340009086
282.0039,disk5w,225980416,35966,1254168700
282.0039,disk4,39736424166400,39844326,411459095947115
282.0039,disk4w,1447560398848,1495270,591099736239
282.0039,disk8,60921016289280,98898366,966387104399042
282.0039,disk8w,4128768,601,984243925
282.0039,ram,497483776,64995229696,279516
282.0039,cpu,14974439,21754379,519680960
282.0039,gpu,29,0,0
282.2056,disk0,907763063001088,2042401289,12666017364634786
282.2056,disk0w,1979575341056,18854662,1163025877707
282.2056,disk5,36920443787264,74314925,603442456206084
282.2056,disk5w,225980416,35966,1254168700
282.2056,disk4,39736863192064,39844776,411459969654379
282.2056,disk4w,1447560398848,1495270,591099736239
282.2056,disk8,60921814534144,98899672,966391021728364
282.2056,disk8w,4128768,601,984243925
282.2056,ram,497483776,64995229696,279516
282.2056,cpu,14974439,21754379,519680960
282.2056,gpu,21,0,0
282.4116,disk0,907764746129408,2042405877,12666044325462612
282.4116,disk0w,1979575341056,18854662,1163025877707
282.4116,disk5,36921013925888,74316092,603445335395600
282.4116,disk5w,225980416,35966,1254168700
282.4116,disk4,39737249592320,39845172,411460437813659
282.4116,disk4w,1447560398848,1495270,591099736239
282.4116,disk8,60922660014080,98900641,966393825886429
282.4116,disk8w,4128768,601,984243925
282.4116,ram,497483776,64995229696,279516
282.4116,cpu,14974439,21754379,519680960
282.4116,gpu,0,0,0
282.6116,disk0,907766438318080,2042408774,12666067830420560
282.6116,disk0w,1979575341056,18854662,1163025877707
282.6116,disk5,36921478936576,74317043,603447439204023
282.6116,disk5w,225980416,35966,1254168700
282.6116,disk4,39737583301632,39845514,411460779793303
282.6116,disk4w,1447560398848,1495270,591099736239
282.6116,disk8,60923577321472,98901864,966398455119346
282.6116,disk8w,4128768,601,984243925
282.6116,ram,497483776,64995229696,279516
282.6116,cpu,14974439,21754379,519680960
282.6116,gpu,0,0,0
282.8061,disk0,907767995121664,2042411692,12666084098313002
282.8061,disk0w,1979575341056,18854662,1163025877707
282.8061,disk5,36922119419904,74318357,603451262416163
282.8061,disk5w,225980416,35966,1254168700
282.8061,disk4,39738110211072,39846054,411461443876658
282.8061,disk4w,1447560398848,1495270,591099736239
282.8061,disk8,60924755511296,98903496,966407321095507
282.8061,disk8w,4128768,601,984243925
282.8061,ram,497483776,64995229696,279516
282.8061,cpu,14974439,21754379,519680960
282.8061,gpu,0,0,0
283.0116,disk0,907769799057408,2042415325,12666108108686314
283.0116,disk0w,1979575341056,18854662,1163025877707
283.0116,disk5,36922716026880,74319575,603455741533789
283.0116,disk5w,225980416,35966,1254168700
283.0116,disk4,39738610775040,39846567,411461992534198
283.0116,disk4w,1447560398848,1495270,591099736239
283.0116,disk8,60925823371264,98905055,966412408573403
283.0116,disk8w,4128768,601,984243925
283.0116,ram,496746496,65293844480,279516
283.0116,cpu,14974455,21754462,519682696
283.0116,gpu,32,0,0
283.2116,disk0,907771571150848,2042419151,12666136789428066
283.2116,disk0w,1979575341056,18854662,1163025877707
283.2116,disk5,36923330181120,74320765,603458574328517
283.2116,disk5w,225980416,35966,1254168700
283.2116,disk4,39739093775360,39847062,411462563785663
283.2116,disk4w,1447560398848,1495270,591099736239
283.2116,disk8,60926735648768,98906655,966416775827209
283.2116,disk8w,4128768,601,984243925
283.2116,ram,497106944,65293844480,279516
283.2116,cpu,14974455,21754464,519682720
283.2116,gpu,26,0,0
283.4092,disk0,907773315801088,2042423032,12666166579209132
283.4092,disk0w,1979575341056,18854662,1163025877707
283.4092,disk5,36923804481536,74321704,603460377561820
283.4092,disk5w,225980416,35966,1254168700
283.4092,disk4,39739532866560,39847512,411463070055187
283.4092,disk4w,1447560398848,1495270,591099736239
283.4092,disk8,60927734384640,98908353,966423070698015
283.4092,disk8w,4128768,601,984243925
283.4092,ram,497106944,65293844480,279516
283.4092,cpu,14974455,21754464,519682720
283.4092,gpu,21,1,0
283.6075,disk0,907774938017792,2042428513,12666197005350426
283.6075,disk0w,1979575341056,18854662,1163025877707
283.6075,disk5,36924400564224,74322877,603464202223523
283.6075,disk5w,225980416,35966,1254168700
283.6075,disk4,39740015866880,39848007,411463657382108
283.6075,disk4w,1447560398848,1495270,591099736239
283.6075,disk8,60928736643072,98910073,966430021208610
283.6075,disk8w,4128768,601,984243925
283.6075,ram,497106944,65293844480,279516
283.6075,cpu,14974455,21754464,519682720
283.6075,gpu,23,0,0
283.8036,disk0,907776824832000,2042432013,12666214330840913
283.8036,disk0w,1979575341056,18854662,1163025877707
283.8036,disk5,36925041047552,74324144,603467806014977
283.8036,disk5w,225980416,35966,1254168700
283.8036,disk4,39740498867200,39848502,411464286199654
283.8036,disk4w,1447560398848,1495270,591099736239
283.8036,disk8,60929800144896,98912333,966441210330930
283.8036,disk8w,4128768,601,984243925
283.8036,ram,497106944,65293844480,279516
283.8036,cpu,14974455,21754464,519682720
283.8036,gpu,27,0,0
284.0052,disk0,907778318987264,2042435544,12666233052744499
284.0052,disk0w,1979575341056,18854662,1163025877707
284.0052,disk5,36925514823680,74325115,603470669005863
284.0052,disk5w,225980416,35966,1254168700
284.0052,disk4,39741016929280,39849033,411465500771105
284.0052,disk4w,1447560398848,1495270,591099736239
284.0052,disk8,60930777040896,98913750,966448624848994
284.0052,disk8w,4128768,601,984243925
284.0052,ram,497106944,65293844480,279516
284.0052,cpu,14974455,21754464,519682720
284.0052,gpu,22,0,0
284.2116,disk0,907780006195200,2042441200,12666259377263380
284.2116,disk0w,1979575341056,18854662,1163025877707
284.2116,disk5,36926085117952,74326285,603472934801925
284.2116,disk5w,225980416,35966,1254168700
284.2116,disk4,39741420893184,39849447,411466016765087
284.2116,disk4w,1447560398848,1495270,591099736239
284.2116,disk8,60931779446784,98915091,966453247275709
284.2116,disk8w,4128768,601,984243925
284.2116,ram,493387776,65360003072,279516
284.2116,cpu,14974481,21754582,519684435
284.2116,gpu,34,0,0
284.4116,disk0,907781703430144,2042444259,12666284671633342
284.4116,disk0w,1979575341056,18854662,1163025877707
284.4116,disk5,36926596610048,74327332,603475440571239
284.4116,disk5w,225980416,35966,1254168700
284.4116,disk4,39741798511616,39849834,411466398995583
284.4116,disk4w,1447560398848,1495270,591099736239
284.4116,disk8,60932673259520,98916198,966456924256836
284.4116,disk8w,4128768,601,984243925
284.4116,ram,493387776,65360003072,279516
284.4116,cpu,14974481,21754582,519684435
284.4116,gpu,0,0,0
284.6116,disk0,907783270514688,2042447332,12666304410266236
284.6116,disk0w,1979575341056,18854662,1163025877707
284.6116,disk5,36927151454208,74328470,603478348382516
284.6116,disk5w,225980416,35966,1254168700
284.6116,disk4,39742325421056,39850374,411467039420196
284.6116,disk4w,1447560398848,1495270,591099736239
284.6116,disk8,60933831673856,98917832,966464743611969
284.6116,disk8w,4128768,601,984243925
284.6116,ram,493387776,65360003072,279516
284.6116,cpu,14974481,21754582,519684435
284.6116,gpu,22,0,0
284.8024,disk0,907784980152320,2042450930,12666328401746745
284.8024,disk0w,1979575341056,18854662,1163025877707
284.8024,disk5,36927857408000,74329917,603483522472843
284.8024,disk5w,225980416,35966,1254168700
284.8024,disk4,39742641566720,39850698,411467364242749
284.8024,disk4w,1447560398848,1495270,591099736239
284.8024,disk8,60934793562112,98919342,966469386253921
284.8024,disk8w,4128768,601,984243925
284.8024,ram,493387776,65360003072,279516
284.8024,cpu,14974481,21754582,519684435
284.8024,gpu,0,0,0
285.0116,disk0,907786811088896,2042454625,12666355054143915
285.0116,disk0w,1979575341056,18854662,1163025877707
285.0116,disk5,36928454014976,74331083,603485594301703
285.0116,disk5w,225980416,35966,1254168700
285.0116,disk4,39743027966976,39851094,411467794546536
285.0116,disk4w,1447560398848,1495270,591099736239
285.0116,disk8,60935832111104,98920999,966475343287002
285.0116,disk8w,4128768,601,984243925
285.0116,ram,493387776,65360003072,279516
285.0116,cpu,14974481,21754582,519684435
285.0116,gpu,21,1,0
285.2116,disk0,907788517941248,2042458166,12666385559705656
285.2116,disk0w,1979575341056,18854662,1163025877707
285.2116,disk5,36928826415104,74331811,603487416034011
285.2116,disk5w,225980416,35966,1254168700
285.2116,disk4,39743423149056,39851499,411468213368869
285.2116,disk4w,1447560398848,1495270,591099736239
285.2116,disk8,60936754333696,98922522,966479853126612
285.2116,disk8w,4128768,601,984243925
285.2116,ram,497811456,63479513088,279516
285.2116,cpu,14974498,21754676,519686324
285.2116,gpu,24,0,0
285.4116,disk0,907790231494656,2042461967,12666411758754546
285.4116,disk0w,1979575341056,18854662,1163025877707
285.4116,disk5,36929392801792,74332925,603490940215584
285.4116,disk5w,225980416,35966,1254168700
285.4116,disk4,39743985185792,39852075,411468900971648
285.4116,disk4w,1447560398848,1495270,591099736239
285.4116,disk8,60937793521664,98924302,966486734315652
285.4116,disk8w,4128768,601,984243925
285.4116,ram,497811456,63479513088,279516
285.4116,cpu,14974498,21754676,519686324
285.4116,gpu,19,1,0
285.6048,disk0,907791823179776,2042468748,12666449423697536
285.6048,disk0w,1979575341056,18854662,1163025877707
285.6048,disk5,36929901672448,74333930,603493293229280
285.6048,disk5w,225980416,35966,1254168700
285.6048,disk4,39744292549632,39852390,411469288526874
285.6048,disk4w,1447560398848,1495270,591099736239
285.6048,disk8,60938340878336,98925199,966489019612630
285.6048,disk8w,4128768,601,984243925
285.6048,ram,497811456,63479513088,279516
285.6048,cpu,14974498,21754676,519686324
285.6048,gpu,0,0,0
285.8074,disk0,907793312747520,2042471699,12666466180049422
285.8074,disk0w,1979575341056,18854662,1163025877707
285.8074,disk5,36930362636288,74334842,603495262035487
285.8074,disk5w,225980416,35966,1254168700
285.8074,disk4,39744626258944,39852732,411469640340682
285.8074,disk4w,1447560398848,1495270,591099736239
285.8074,disk8,60939431774208,98927363,966501750349422
285.8074,disk8w,4128768,601,984243925
285.8074,ram,497811456,63479513088,279516
285.8074,cpu,14974498,21754676,519686324
285.8074,gpu,0,0,0
286.0116,disk0,907794764767232,2042474269,12666484714406651
286.0116,disk0w,1979575341056,18854662,1163025877707
286.0116,disk5,36930890102784,74335918,603499311863958
286.0116,disk5w,225980416,35966,1254168700
286.0116,disk4,39745144321024,39853263,411471052398039
286.0116,disk4w,1447560398848,1495270,591099736239
286.0116,disk8,60940297046016,98928901,966507189241244
286.0116,disk8w,4128768,601,984243925
286.0116,ram,497811456,63479513088,279516
286.0116,cpu,14974498,21754676,519686324
286.0116,gpu,24,0,0
286.2018,disk0,907796200579072,2042480530,12666513014610730
286.2018,disk0w,1979575341056,18854662,1163025877707
286.2018,disk5,36931527964672,74337227,603503090073452
286.2018,disk5w,225980416,35966,1254168700
286.2018,disk4,39745416557568,39853542,411471421138285
286.2018,disk4w,1447560398848,1495270,591099736239
286.2018,disk8,60941022627840,98929915,966510522530529
286.2018,disk8w,4128768,601,984243925
286.2018,ram,499318784,65190641664,279516
286.2018,cpu,14974514,21754757,519687939
286.2018,gpu,23,0,0
286.4031,disk0,907797884624896,2042483326,12666535664292004
286.4031,disk0w,1979575341056,18854662,1163025877707
286.4031,disk5,36932198291456,74338598,603506594594231
286.4031,disk5w,225980416,35966,1254168700
286.4031,disk4,39745793127424,39853928,411471802664202
286.4031,disk4w,1447560398848,1495270,591099736239
286.4031,disk8,60941943834624,98930934,966513966009528
286.4031,disk8w,4128768,601,984243925
286.4031,ram,499318784,65190641664,279516
286.4031,cpu,14974514,21754757,519687939
286.4031,gpu,0,0,0
286.6116,disk0,907799583088640,2042486658,12666555521459760
286.6116,disk0w,1979575341056,18854662,1163025877707
286.6116,disk5,36932911052800,74340059,603511609897585
286.6116,disk5w,225980416,35966,1254168700
286.6116,disk4,39746356212736,39854505,411472473301799
286.6116,disk4w,1447560398848,1495270,591099736239
286.6116,disk8,60943151073280,98932656,966521728780860
286.6116,disk8w,4128768,601,984243925
286.6116,ram,499318784,65190641664,279516
286.6116,cpu,14974514,21754757,519687939
286.6116,gpu,25,0,0
286.8116,disk0,907801230286848,2042490150,12666580808143517
286.8116,disk0w,1979575341056,18854662,1163025877707
286.8116,disk5,36933597493248,74341465,603516524002851
286.8116,disk5w,225980416,35966,1254168700
286.8116,disk4,39746751394816,39854910,411472889557405
286.8116,disk4w,1447560398848,1495270,591099736239
286.8116,disk8,60944157837312,98934030,966526035309028
286.8116,disk8w,4128768,601,984243925
286.8116,ram,499318784,65190641664,279516
286.8116,cpu,14974514,21754757,519687939
286.8116,gpu,19,0,0
287.0116,disk0,907803594170368,2042495288,12666597129175231
287.0116,disk0w,1979575341056,18854662,1163025877707
287.0116,disk5,36934253033472,74342751,603520467948488
287.0116,disk5w,225980416,35966,1254168700
287.0116,disk4,39747383686144,39855558,411473716027234
287.0116,disk4w,1447560398848,1495270,591099736239
287.0116,disk8,60945373186048,98936026,966535914434828
287.0116,disk8w,4128768,601,984243925
287.0116,ram,499318784,65190641664,279516
287.0116,cpu,14974514,21754757,519687939
287.0116,gpu,39,0,0
287.2116,disk0,907805736214528,2042500325,12666610560423446
287.2116,disk0w,1979575341056,18854662,1163025877707
287.2116,disk5,36934991984640,74344204,603524778331062
287.2116,disk5w,225980416,35966,1254168700
287.2116,disk4,39747893031936,39856080,411474338150642
287.2116,disk4w,1447560398848,1495270,591099736239
287.2116,disk8,60946687379456,98938385,966550391349551
287.2116,disk8w,4128768,601,984243925
287.2116,ram,502153216,63619366912,279516
287.2116,cpu,14974529,21754850,519689688
287.2116,gpu,32,0,0
287.4116,disk0,907807792979968,2042506067,12666625929497652
287.4116,disk0w,1979575357440,18854663,1163025911540
287.4116,disk5,36935630878720,74345469,603528559294938
287.4116,disk5w,225980416,35966,1254168700
287.4116,disk4,39748296995840,39856494,411474786815842
287.4116,disk4w,1447560398848,1495270,591099736239
287.4116,disk8,60947954944000,98940423,966563532359189
287.4116,disk8w,4128768,601,984243925
287.4116,ram,502153216,63619366912,279516
287.4116,cpu,14974529,21754850,519689688
287.4116,gpu,29,2,0
287.6114,disk0,907809508687872,2042509167,12666636593777563
287.6114,disk0w,1979575554048,18854667,1163026012038
287.6114,disk5,36936276449280,74346761,603532948462586
287.6114,disk5w,225980416,35966,1254168700
287.6114,disk4,39748649300992,39856855,411475169808337
287.6114,disk4w,1447560398848,1495270,591099736239
287.6114,disk8,60949096433664,98942795,966580704126125
287.6114,disk8w,4128768,601,984243925
287.6114,ram,502153216,63619366912,279516
287.6114,cpu,14974529,21754850,519689688
287.6114,gpu,0,0,0
287.8104,disk0,907811827093504,2042515753,12666651369643315
287.8104,disk0w,1979577475072,18854877,1163033025881
287.8104,disk5,36937034659840,74348316,603537709955023
287.8104,disk5w,225980416,35966,1254168700
287.8104,disk4,39749210289152,39857430,411475931500890
287.8104,disk4w,1447560398848,1495270,591099736239
287.8104,disk8,60950323431424,98944691,966591825583704
287.8104,disk8w,4128768,601,984243925
287.8104,ram,502153216,63619366912,279516
287.8104,cpu,14974529,21754850,519689688
287.8104,gpu,23,0,0
288.0116,disk0,907813972160512,2042519425,12666659983822805
288.0116,disk0w,1979577475072,18854877,1163033025881
288.0116,disk5,36937834641408,74349956,603544643612690
288.0116,disk5w,225980416,35966,1254168700
288.0116,disk4,39749825016832,39858060,411476734408344
288.0116,disk4w,1447560398848,1495270,591099736239
288.0116,disk8,60951657760768,98946206,966600534093690
288.0116,disk8w,4128768,601,984243925
288.0116,ram,502153216,63619366912,279516
288.0116,cpu,14974529,21754850,519689688
288.0116,gpu,37,0,0
288.2116,disk0,907815995052032,2042523487,12666668057493302
288.2116,disk0w,1979577475072,18854877,1163033025881
288.2116,disk5,36938519754752,74351361,603548445219642
288.2116,disk5w,225980416,35966,1254168700
288.2116,disk4,39750430962688,39858681,411477536318761
288.2116,disk4w,1447560398848,1495270,591099736239
288.2116,disk8,60953058838528,98948140,966614420824626
288.2116,disk8w,4128768,601,984243925
288.2116,ram,503382016,65508163584,279516
288.2116,cpu,14974553,21754960,519691386
288.2116,gpu,23,0,0
288.4064,disk0,907818052800512,2042527876,12666679967500170
288.4064,disk0w,1979577475072,18854877,1163033025881
288.4064,disk5,36939350915072,74353053,603555190657213
288.4064,disk5w,225980416,35966,1254168700
288.4064,disk4,39750852490240,39859113,411478078423027
288.4064,disk4w,1447560398848,1495270,591099736239
288.4064,disk8,60954305923072,98949850,966624221417069
288.4064,disk8w,4128768,601,984243925
288.4064,ram,504594432,65508163584,279516
288.4064,cpu,14974553,21754961,519691411
288.4064,gpu,0,0,0
288.6116,disk0,907820523540480,2042533190,12666697755627757
288.6116,disk0w,1979577475072,18854877,1163033025881
288.6116,disk5,36940128761856,74354562,603561179590354
288.6116,disk5w,225980416,35966,1254168700
288.6116,disk4,39751356199936,39859629,411478646175189
288.6116,disk4w,1447560398848,1495270,591099736239
288.6116,disk8,60955525236736,98952118,966635056993590
288.6116,disk8w,4128768,601,984243925
288.6116,ram,504594432,65508163584,279516
288.6116,cpu,14974553,21754961,519691411
288.6116,gpu,31,0,0
288.8116,disk0,907822956548096,2042538645,12666714270320550
288.8116,disk0w,1979577475072,18854877,1163033025881
288.8116,disk5,36940886308864,74356058,603567141483515
288.8116,disk5w,225980416,35966,1254168700
288.8116,disk4,39752014836736,39860304,411479639005679
288.8116,disk4w,1447560398848,1495270,591099736239
288.8116,disk8,60956750710784,98954291,966643926114781
288.8116,disk8w,4128768,601,984243925
288.8116,ram,504594432,65508163584,279516
288.8116,cpu,14974553,21754961,519691411
288.8116,gpu,27,0,0
289.0033,disk0,907825088954368,2042545087,12666733058612673
289.0033,disk0w,1979577475072,18854877,1163033025881
289.0033,disk5,36941430274048,74357130,603570458439444
289.0033,disk5w,225980416,35966,1254168700
289.0033,disk4,39752564945920,39860868,411480355835375
289.0033,disk4w,1447560398848,1495270,591099736239
289.0033,disk8,60957893822464,98956433,966655083874768
289.0033,disk8w,4128768,601,984243925
289.0033,ram,504594432,65508163584,279516
289.0033,cpu,14974553,21754961,519691411
289.0033,gpu,0,0,0
289.2116,disk0,907827045265408,2042548923,12666745633846613
289.2116,disk0w,1979577475072,18854877,1163033025881
289.2116,disk5,36942033172480,74358352,603574818958247
289.2116,disk5w,225980416,35966,1254168700
289.2116,disk4,39753144448000,39861462,411482148980857
289.2116,disk4w,1447560398848,1495270,591099736239
289.2116,disk8,60958974511104,98958343,966664849190960
289.2116,disk8w,4128768,601,984243925
289.2116,ram,507265024,65438138368,279516
289.2116,cpu,14974577,21755094,519693008
289.2116,gpu,31,0,0
289.4085,disk0,907829062938624,2042555467,12666756727948374
289.4085,disk0w,1979577475072,18854877,1163033025881
289.4085,disk5,36942781413376,74359886,603580595361614
289.4085,disk5w,225980416,35966,1254168700
289.4085,disk4,39753688921088,39862020,411482845975512
289.4085,disk4w,1447560398848,1495270,591099736239
289.4085,disk8,60960304777216,98960151,966675922520694
289.4085,disk8w,4128768,601,984243925
289.4085,ram,507281408,65505280000,279516
289.4085,cpu,14974580,21755100,519693097
289.4085,gpu,31,1,0
289.6116,disk0,907831131942912,2042558762,12666763706189806
289.6116,disk0w,1979577475072,18854877,1163033025881
289.6116,disk5,36943459088384,74361275,603585261933920
289.6116,disk5w,225980416,35966,1254168700
289.6116,disk4,39754269570048,39862615,411483591709352
289.6116,disk4w,1447560398848,1495270,591099736239
289.6116,disk8,60961728907264,98961918,966688007750601
289.6116,disk8w,4128768,601,984243925
289.6116,ram,507281408,65505280000,279516
289.6116,cpu,14974580,21755100,519693097
289.6116,gpu,0,0,0
289.8116,disk0,907833070219264,2042562732,12666771515884492
289.8116,disk0w,1979577475072,18854877,1163033025881
289.8116,disk5,36944272930816,74362942,603591998812321
289.8116,disk5w,225980416,35966,1254168700
289.8116,disk4,39754681267200,39863037,411484046430500
289.8116,disk4w,1447560398848,1495270,591099736239
289.8116,disk8,60963052472320,98963845,966701987082805
289.8116,disk8w,4128768,601,984243925
289.8116,ram,507281408,65505280000,279516
289.8116,cpu,14974580,21755100,519693097
289.8116,gpu,23,0,0
290.0045,disk0,907835319398400,2042567321,12666785933967936
290.0045,disk0w,1979577475072,18854877,1163033025881
290.0045,disk5,36945128699904,74364653,603598655289007
290.0045,disk5w,225980416,35966,1254168700
290.0045,disk4,39755280528384,39863651,411484785960206
290.0045,disk4w,1447560398848,1495270,591099736239
290.0045,disk8,60964182951936,98965630,966709448230781
290.0045,disk8w,4128768,601,984243925
290.0045,ram,507281408,65505280000,279516
290.0045,cpu,14974580,21755100,519693097
290.0045,gpu,0,0,0
290.2116,disk0,907837426364416,2042571908,12666796095654940
290.2116,disk0w,1979577475072,18854877,1163033025881
290.2116,disk5,36945905645568,74366171,603602665556299
290.2116,disk5w,225980416,35966,1254168700
290.2116,disk4,39755831686144,39864216,411485506807107
290.2116,disk4w,1447560398848,1495270,591099736239
290.2116,disk8,60965602150400,98968208,966726517981015
290.2116,disk8w,4128768,601,984243925
290.2116,ram,507281408,65505280000,279516
290.2116,cpu,14974580,21755100,519693097
290.2116,gpu,36,0,0
290.4111,disk0,907839668744192,2042577635,12666811497693314
290.4111,disk0w,1979577483264,18854879,1163033073755
290.4111,disk5,36946817284096,74367970,603611935390063
290.4111,disk5w,225980416,35966,1254168700
290.4111,disk4,39756341031936,39864738,411486115306936
290.4111,disk4w,1447560398848,1495270,591099736239
290.4111,disk8,60966695389184,98970025,966734073059247
290.4111,disk8w,4128768,601,984243925
290.4111,ram,508575744,63868846080,279516
290.4111,cpu,14974596,21755199,519694694
290.4111,gpu,0,0,0
290.6116,disk0,907841976246272,2042583842,12666827497560566
290.6116,disk0w,1979577483264,18854879,1163033073755
290.6116,disk5,36947576117248,74369475,603618072247318
290.6116,disk5w,225980416,35966,1254168700
290.6116,disk4,39756780123136,39865188,411486648922453
290.6116,disk4w,1447560398848,1495270,591099736239
290.6116,disk8,60967776356352,98972290,966744556895239
290.6116,disk8w,4128768,601,984243925
290.6116,ram,508575744,63868846080,279516
290.6116,cpu,14974596,21755199,519694694
290.6116,gpu,33,0,0
290.8116,disk0,907843874254848,2042591350,12666841994090172
290.8116,disk0w,1979577483264,18854879,1163033073755
290.8116,disk5,36948136998912,74370623,603622088679064
290.8116,disk5w,225980416,35966,1254168700
290.8116,disk4,39757368472576,39865791,411487495953852
290.8116,disk4w,1447560398848,1495270,591099736239
290.8116,disk8,60968847198208,98973871,966754910408760
290.8116,disk8w,4128768,601,984243925
290.8116,ram,508575744,63868846080,279516
290.8116,cpu,14974596,21755199,519694694
290.8116,gpu,0,0,0
291.0080,disk0,907846195867648,2042595481,12666857090413841
291.0080,disk0w,1979577483264,18854879,1163033073755
291.0080,disk5,36948878333952,74372142,603627133843835
291.0080,disk5w,225980416,35966,1254168700
291.0080,disk4,39757930509312,39866367,411488169982828
291.0080,disk4w,1447560398848,1495270,591099736239
291.0080,disk8,60970026108928,98975193,966761171056791
291.0080,disk8w,4128768,601,984243925
291.0080,ram,508575744,63868846080,279516
291.0080,cpu,14974596,21755199,519694694
291.0080,gpu,25,0,0
291.2116,disk0,907848485457920,2042599763,12666867358861913
291.2116,disk0w,1979577483264,18854879,1163033073755
291.2116,disk5,36949730129920,74373887,603636031131518
291.2116,disk5w,225980416,35966,1254168700
291.2116,disk4,39758483764224,39866934,411488842451433
291.2116,disk4w,1447560398848,1495270,591099736239
291.2116,disk8,60971147921408,98976686,966769083542459
291.2116,disk8w,4128768,601,984243925
291.2116,ram,508575744,63868846080,279516
291.2116,cpu,14974596,21755199,519694694
291.2116,gpu,0,0,0
291.4075,disk0,907850396344320,2042603627,12666875108857426
291.4075,disk0w,1979577483264,18854879,1163033073755
291.4075,disk5,36950448142336,74375358,603641900846567
291.4075,disk5w,225980416,35966,1254168700
291.4075,disk4,39758927049728,39867388,411489325267785
291.4075,disk4w,1447560398848,1495270,591099736239
291.4075,disk8,60972496144384,98978777,966783843920697
291.4075,disk8w,4128768,601,984243925
291.4075,ram,505217024,65482571776,279516
291.4075,cpu,14974611,21755308,519696427
291.4075,gpu,29,0,0
291.6116,disk0,907853051191296,2042608898,12666892769170432
291.6116,disk0w,1979577483264,18854879,1163033073755
291.6116,disk5,36951192320000,74376801,603646579381324
291.6116,disk5w,225980416,35966,1254168700
291.6116,disk4,39759509795840,39867985,411490053494472
291.6116,disk4w,1447560398848,1495270,591099736239
291.6116,disk8,60973690488832,98980742,966791772914674
291.6116,disk8w,4128768,601,984243925
291.6116,ram,505217024,65482571776,279516
291.6116,cpu,14974611,21755308,519696427
291.6116,gpu,0,0,0
291.8116,disk0,907854959616000,2042613265,12666902154897254
291.8116,disk0w,1979577483264,18854879,1163033073755
291.8116,disk5,36952117008384,74378630,603655877445416
291.8116,disk5w,225980416,35966,1254168700
291.8116,disk4,39760075371520,39868565,411490791979438
291.8116,disk4w,1447560398848,1495270,591099736239
291.8116,disk8,60974919895040,98983000,966803894139033
291.8116,disk8w,4128768,601,984243925
291.8116,ram,505217024,65482571776,279516
291.8116,cpu,14974611,21755308,519696427
291.8116,gpu,33,0,0
292.0116,disk0,907857082593280,2042619631,12666916051498244
292.0116,disk0w,1979577483264,18854879,1163033073755
292.0116,disk5,36953020774400,74380415,603665426792060
292.0116,disk5w,225980416,35966,1254168700
292.0116,disk4,39760629675008,39869133,411491567067249
292.0116,disk4w,1447560398848,1495270,591099736239
292.0116,disk8,60976031959040,98985076,966812378527722
292.0116,disk8w,4128768,601,984243925
292.0116,ram,505217024,65482571776,279516
292.0116,cpu,14974611,21755308,519696427
292.0116,gpu,0,0,0
292.2116,disk0,907859052945408,2042623633,12666931275617196
292.2116,disk0w,1979577483264,18854879,1163033073755
292.2116,disk5,36953757095936,74381906,603671325883273
292.2116,disk5w,225980416,35966,1254168700
292.2116,disk4,39761100715008,39869616,411492327680463
292.2116,disk4w,1447560398848,1495270,591099736239
292.2116,disk8,60976913434624,98986664,966819216338779
292.2116,disk8w,4128768,601,984243925
292.2116,ram,505217024,65482571776,279516
292.2116,cpu,14974611,21755308,519696427
292.2116,gpu,0,0,0
292.4075,disk0,907860914958336,2042630202,12666940399193430
292.4075,disk0w,1979577483264,18854879,1163033073755
292.4075,disk5,36954503002112,74383436,603676104476943
292.4075,disk5w,225980416,35966,1254168700
292.4075,disk4,39761573491712,39870100,411492827391389
292.4075,disk4w,1447560398848,1495270,591099736239
292.4075,disk8,60978277074944,98988476,966833012278908
292.4075,disk8w,4128768,601,984243925
292.4075,ram,507084800,65583464448,279516
292.4075,cpu,14974629,21755420,519698148
292.4075,gpu,0,0,0
292.6102,disk0,907863163138048,2042633942,12666948234543094
292.6102,disk0w,1979577483264,18854879,1163033073755
292.6102,disk5,36955354200064,74385180,603682644693080
292.6102,disk5w,225980416,35966,1254168700
292.6102,disk4,39762216006656,39870759,411493909792140
292.6102,disk4w,1447560398848,1495270,591099736239
292.6102,disk8,60979632506880,98990193,966843513110482
292.6102,disk8w,4128768,601,984243925
292.6102,ram,507084800,65583464448,279516
292.6102,cpu,14974629,21755420,519698148
292.6102,gpu,30,0,0
292.8116,disk0,907865500217344,2042638920,12666960340286533
292.8116,disk0w,1979577483264,18854879,1163033073755
292.8116,disk5,36956141574144,74386794,603690093281084
292.8116,disk5w,225980416,35966,1254168700
292.8116,disk4,39762699006976,39871254,411494639730379
292.8116,disk4w,1447560398848,1495270,591099736239
292.8116,disk8,60980789463040,98991923,966853502315331
292.8116,disk8w,4128768,601,984243925
292.8116,ram,507084800,65583464448,279516
292.8116,cpu,14974629,21755420,519698148
292.8116,gpu,0,0,0
293.0096,disk0,907867708583936,2042643632,12666971531269013
293.0096,disk0w,1979577483264,18854879,1163033073755
293.0096,disk5,36956845570048,74388183,603694501475037
293.0096,disk5w,225980416,35966,1254168700
293.0096,disk4,39763261043712,39871830,411495315359894
293.0096,disk4w,1447560398848,1495270,591099736239
293.0096,disk8,60982157772800,98994180,966867975268449
293.0096,disk8w,4128768,601,984243925
293.0096,ram,507084800,65583464448,279516
293.0096,cpu,14974629,21755420,519698148
293.0096,gpu,29,0,0
293.2031,disk0,907869643735040,2042647545,12666981822404426
293.2031,disk0w,1979577516032,18854882,1163033138087
293.2031,disk5,36957440751616,74389352,603698541333864
293.2031,disk5w,225980416,35966,1254168700
293.2031,disk4,39763757020160,39872338,411495881404598
293.2031,disk4w,1447560398848,1495270,591099736239
293.2031,disk8,60983435954176,98996536,966885133422823
293.2031,disk8w,4128768,601,984243925
293.2031,ram,507084800,65583464448,279516
293.2031,cpu,14974629,21755420,519698148
293.2031,gpu,0,0,0
293.4116,disk0,907871846785024,2042657207,12666998674943207
293.4116,disk0w,1979577516032,18854882,1163033138087
293.4116,disk5,36958289033216,74391027,603704566938729
293.4116,disk5w,225980416,35966,1254168700
293.4116,disk4,39764315911168,39872911,411496615066949
293.4116,disk4w,1447560398848,1495270,591099736239
293.4116,disk8,60984760551424,98998767,966897870393208
293.4116,disk8w,4128768,601,984243925
293.4116,ram,508133376,63889309696,279516
293.4116,cpu,14974649,21755533,519699988
293.4116,gpu,41,1,0
293.6017,disk0,907873728208896,2042660654,12667008421398251
293.6017,disk0w,1979577516032,18854882,1163033138087
293.6017,disk5,36958875432960,74392191,603707811916819
293.6017,disk5w,225980416,35966,1254168700
293.6017,disk4,39764820669440,39873428,411497412090569
293.6017,disk4w,1447560398848,1495270,591099736239
293.6017,disk8,60985759451136,99000929,966910244812843
293.6017,disk8w,4128768,601,984243925
293.6017,ram,508133376,63889309696,279516
293.6017,cpu,14974649,21755533,519699988
293.6017,gpu,54,0,0
293.8066,disk0,907875650060288,2042665322,12667016271198541
293.8066,disk0w,1979577516032,18854882,1163033138087
293.8066,disk5,36959644383232,74393769,603715115748544
293.8066,disk5w,225980416,35966,1254168700
293.8066,disk4,39765447619584,39874071,411499503879382
293.8066,disk4w,1447560398848,1495270,591099736239
293.8066,disk8,60987139082240,99002928,966924618273248
293.8066,disk8w,4128768,601,984243925
293.8066,ram,508133376,63889309696,279516
293.8066,cpu,14974649,21755533,519699988
293.8066,gpu,29,2,0
294.0099,disk0,907877713620992,2042668847,12667024633519074
294.0099,disk0w,1979577516032,18854882,1163033138087
294.0099,disk5,36960504199168,74395532,603721769154370
294.0099,disk5w,225980416,35966,1254168700
294.0099,disk4,39766044783616,39874683,411500307730427
294.0099,disk4w,1447560398848,1495270,591099736239
294.0099,disk8,60988454520832,99004526,966934431254545
294.0099,disk8w,4128768,601,984243925
294.0099,ram,508133376,63889309696,279516
294.0099,cpu,14974649,21755533,519699988
294.0099,gpu,0,0,0
294.2044,disk0,907879663448064,2042672783,12667033263102876
294.2044,disk0w,1979577516032,18854882,1163033138087
294.2044,disk5,36961348040704,74397261,603728040217971
294.2044,disk5w,225980416,35966,1254168700
294.2044,disk4,39766510220288,39875160,411500858520391
294.2044,disk4w,1447560398848,1495270,591099736239
294.2044,disk8,60989816719360,99006395,966946022683543
294.2044,disk8w,4128768,601,984243925
294.2044,ram,508133376,63889309696,279516
294.2044,cpu,14974649,21755533,519699988
294.2044,gpu,33,4,0
294.4116,disk0,907881789501440,2042677334,12667042934179038
294.4116,disk0w,1979577516032,18854882,1163033138087
294.4116,disk5,36962233661440,74399057,603735536560178
294.4116,disk5w,225980416,35966,1254168700
294.4116,disk4,39767163220992,39875829,411501761748658
294.4116,disk4w,1447560398848,1495270,591099736239
294.4116,disk8,60991194449920,99008693,966959445229963
294.4116,disk8w,4128768,601,984243925
294.4116,ram,274219008,65792262144,279516
294.4116,cpu,14974690,21755667,519701550
294.4116,gpu,28,1,0
294.6116,disk0,907884093534208,2042682307,12667056655414302
294.6116,disk0w,1979577516032,18854882,1163033138087
294.6116,disk5,36963089184768,74400729,603741575151816
294.6116,disk5w,225980416,35966,1254168700
294.6116,disk4,39767775851520,39876457,411502640087820
294.6116,disk4w,1447560398848,1495270,591099736239
294.6116,disk8,60992458164224,99010933,966970430644141
294.6116,disk8w,4128768,601,984243925
294.6116,ram,274219008,65792262144,279516
294.6116,cpu,14974690,21755667,519701550
294.6116,gpu,34,2,0
294.8116,disk0,907885777891328,2042686136,12667062656223484
294.8116,disk0w,1979577516032,18854882,1163033138087
294.8116,disk5,36964174723072,74402874,603758126838544
294.8116,disk5w,225980416,35966,1254168700
294.8116,disk4,39768126075904,39876816,411503052483911
294.8116,disk4w,1447560398848,1495270,591099736239
294.8116,disk8,60993569671168,99012994,966980184575378
294.8116,disk8w,4128768,601,984243925
294.8116,ram,274219008,65792262144,279516
294.8116,cpu,14974690,21755667,519701550
294.8116,gpu,27,0,0
295.0036,disk0,907887859281920,2042691833,12667075389802912
295.0036,disk0w,1979577516032,18854882,1163033138087
295.0036,disk5,36964697995264,74403908,603760278855068
295.0036,disk5w,225980416,35966,1254168700
295.0036,disk4,39768714458112,39877419,411503995665204
295.0036,disk4w,1447560398848,1495270,591099736239
295.0036,disk8,60994857502720,99015501,966997106569265
295.0036,disk8w,4128768,601,984243925
295.0036,ram,274219008,65792262144,279516
295.0036,cpu,14974690,21755667,519701550
295.0036,gpu,35,0,0
295.2094,disk0,907889944457216,2042696485,12667088709226974
295.2094,disk0w,1979577516032,18854882,1163033138087
295.2094,disk5,36965340051456,74405213,603764994322759
295.2094,disk5w,225980416,35966,1254168700
295.2094,disk4,39769207256064,39877924,411504738739285
295.2094,disk4w,1447560398848,1495270,591099736239
295.2094,disk8,60995950692352,99017379,967009086560470
295.2094,disk8w,4128768,601,984243925
295.2094,ram,274219008,65792262144,279516
295.2094,cpu,14974690,21755667,519701550
295.2094,gpu,19,0,0
295.4039,disk0,907891997839360,2042705410,12667105456767475
295.4039,disk0w,1979577516032,18854882,1163033138087
295.4039,disk5,36966066681856,74406704,603770326734648
295.4039,disk5w,225980416,35966,1254168700
295.4039,disk4,39769690256384,39878419,411505371550086
295.4039,disk4w,1447560398848,1495270,591099736239
295.4039,disk8,60997089019904,99018834,967016079113192
295.4039,disk8w,4128768,601,984243925
295.4039,ram,280576000,65782202368,279516
295.4039,cpu,14974718,21755779,519703225
295.4039,gpu,36,2,0
295.6032,disk0,907894156595200,2042709393,12667115977618716
295.6032,disk0w,1979577516032,18854882,1163033138087
295.6032,disk5,36966768572416,74408143,603775959375086
295.6032,disk5w,225980416,35966,1254168700
295.6032,disk4,39770154644480,39878895,411505900356043
295.6032,disk4w,1447560398848,1495270,591099736239
295.6032,disk8,60998394529792,99020665,967027247021910
295.6032,disk8w,4128768,601,984243925
295.6032,ram,279412736,65797619712,279516
295.6032,cpu,14974720,21755781,519703261
295.6032,gpu,0,0,0
295.8089,disk0,907895924084736,2042713129,12667123962918982
295.8089,disk0w,1979577516032,18854882,1163033138087
295.8089,disk5,36967519959040,74409682,603780221062293
295.8089,disk5w,225980416,35966,1254168700
295.8089,disk4,39770672772096,39879426,411506453325487
295.8089,disk4w,1447560398848,1495270,591099736239
295.8089,disk8,60999849641984,99022946,967045744372815
295.8089,disk8w,4128768,601,984243925
295.8089,ram,279412736,65797619712,279516
295.8089,cpu,14974720,21755781,519703261
295.8089,gpu,26,0,0
296.0049,disk0,907898393071616,2042718391,12667140749032500
296.0049,disk0w,1979577516032,18854882,1163033138087
296.0049,disk5,36968216229888,74411054,603783925033548
296.0049,disk5w,225980416,35966,1254168700
296.0049,disk4,39771234808832,39880002,411507224376947
296.0049,disk4w,1447560398848,1495270,591099736239
296.0049,disk8,61001053521920,99024893,967055685332844
296.0049,disk8w,4128768,601,984243925
296.0049,ram,279412736,65797619712,279516
296.0049,cpu,14974720,21755781,519703261
296.0049,gpu,0,0,0
296.2116,disk0,907900401635328,2042722467,12667151603116923
296.2116,disk0w,1979577516032,18854882,1163033138087
296.2116,disk5,36968956073984,74412502,603788417211134
296.2116,disk5w,225980416,35966,1254168700
296.2116,disk4,39771732882432,39880512,411507821979407
296.2116,disk4w,1447560398848,1495270,591099736239
296.2116,disk8,61002425239552,99027415,967074106949361
296.2116,disk8w,4128768,601,984243925
296.2116,ram,279412736,65797619712,279516
296.2116,cpu,14974720,21755781,519703261
296.2116,gpu,34,0,0
296.4052,disk0,907902761816064,2042730223,12667167964043078
296.4052,disk0w,1979577516032,18854882,1163033138087
296.4052,disk5,36969637558272,74413847,603795023486395
296.4052,disk5w,225980416,35966,1254168700
296.4052,disk4,39772436476928,39881233,411508954508361
296.4052,disk4w,1447560398848,1495270,591099736239
296.4052,disk8,61003613112320,99029494,967083128590307
296.4052,disk8w,4128768,601,984243925
296.4052,ram,275562496,64156188672,279516
296.4052,cpu,14974735,21755883,519704892
296.4052,gpu,0,0,0
296.6116,disk0,907904647979008,2042733575,12667177795327337
296.6116,disk0w,1979577516032,18854882,1163033138087
296.6116,disk5,36970361714688,74415303,603800710339236
296.6116,disk5w,225980416,35966,1254168700
296.6116,disk4,39772964762624,39881775,411510113797763
296.6116,disk4w,1447560398848,1495270,591099736239
296.6116,disk8,61004730648576,99031727,967096140580187
296.6116,disk8w,4128768,601,984243925
296.6116,ram,277741568,64231292928,279516
296.6116,cpu,14974738,21755891,519704988
296.6116,gpu,57,0,0
296.8085,disk0,907906596757504,2042740397,12667187864472687
296.8085,disk0w,1979577516032,18854882,1163033138087
296.8085,disk5,36971295930368,74417218,603808296283961
296.8085,disk5w,225980416,35966,1254168700
296.8085,disk4,39773447762944,39882270,411510657179927
296.8085,disk4w,1447560398848,1495270,591099736239
296.8085,disk8,61006087489536,99033744,967107792009363
296.8085,disk8w,4128768,601,984243925
296.8085,ram,277741568,64231292928,279516
296.8085,cpu,14974738,21755891,519704988
296.8085,gpu,26,0,0
297.0116,disk0,907908925587456,2042744481,12667199266185496
297.0116,disk0w,1979577516032,18854882,1163033138087
297.0116,disk5,36971971344384,74418602,603813030360226
297.0116,disk5w,225980416,35966,1254168700
297.0116,disk4,39773978866688,39882814,411511473189580
297.0116,disk4w,1447560398848,1495270,591099736239
297.0116,disk8,61007426209792,99035448,967117798921498
297.0116,disk8w,4128768,601,984243925
297.0116,ram,277741568,64231292928,279516
297.0116,cpu,14974738,21755891,519704988
297.0116,gpu,31,1,0
297.2116,disk0,907910745690112,2042748397,12667209951629675
297.2116,disk0w,1979577516032,18854882,1163033138087
297.2116,disk5,36972693927936,74420082,603817235698192
297.2116,disk5w,225980416,35966,1254168700
297.2116,disk4,39774475236352,39883323,411512001796658
297.2116,disk4w,1447560398848,1495270,591099736239
297.2116,disk8,61008779708416,99037421,967134073473251
297.2116,disk8w,4128768,601,984243925
297.2116,ram,277741568,64231292928,279516
297.2116,cpu,14974738,21755891,519704988
297.2116,gpu,0,0,0
297.4049,disk0,907912971259904,2042753117,12667220154234251
297.4049,disk0w,1979578339328,18855060,1163038508402
297.4049,disk5,36973234747392,74421171,603819813582788
297.4049,disk5w,225980416,35966,1254168700
297.4049,disk4,39774967018496,39883827,411512638379025
297.4049,disk4w,1447560398848,1495270,591099736239
297.4049,disk8,61010151737344,99039557,967149344832244
297.4049,disk8w,4128768,601,984243925
297.4049,ram,277741568,64231292928,279516
297.4049,cpu,14974738,21755891,519704988
297.4049,gpu,28,1,0
297.6116,disk0,907915447164928,2042758590,12667237764337792
297.6116,disk0w,1979578339328,18855060,1163038508402
297.6116,disk5,36974024374272,74422711,603823965248650
297.6116,disk5w,225980416,35966,1254168700
297.6116,disk4,39775555400704,39884430,411513340319434
297.6116,disk4w,1447560398848,1495270,591099736239
297.6116,disk8,61011421317120,99041803,967160839514734
297.6116,disk8w,4128768,601,984243925
297.6116,ram,341016576,65248804864,279516
297.6116,cpu,14974754,21755985,519706593
297.6116,gpu,35,0,0
297.8116,disk0,907917568380928,2042763235,12667248498599182
297.8116,disk0w,1979578339328,18855060,1163038508402
297.8116,disk5,36974849374208,74424338,603831734701776
297.8116,disk5w,225980416,35966,1254168700
297.8116,disk4,39775981122560,39884866,411513913762418
297.8116,disk4w,1447560398848,1495270,591099736239
297.8116,disk8,61012612876288,99044078,967173327924896
297.8116,disk8w,4128768,601,984243925
297.8116,ram,341016576,65248804864,279516
297.8116,cpu,14974754,21755985,519706593
297.8116,gpu,36,0,0
298.0024,disk0,907919886163968,2042770111,12667266252795555
298.0024,disk0w,1979578855424,18855144,1163040112087
298.0024,disk5,36975610968064,74425837,603836453484311
298.0024,disk5w,225980416,35966,1254168700
298.0024,disk4,39776600437760,39885501,411514743305454
298.0024,disk4w,1447560398848,1495270,591099736239
298.0024,disk8,61013702739968,99046118,967181742165565
298.0024,disk8w,4128768,601,984243925
298.0024,ram,341016576,65248804864,279516
298.0024,cpu,14974754,21755985,519706593
298.0024,gpu,0,0,0
298.2117,disk0,907922012393472,2042774288,12667278185208415
298.2117,disk0w,1979578855424,18855144,1163040112087
298.2117,disk5,36976244111360,74427115,603840457006972
298.2117,disk5w,225980416,35966,1254168700
298.2117,disk4,39777183101952,39886098,411516604067167
298.2117,disk4w,1447560398848,1495270,591099736239
298.2117,disk8,61014787295232,99048101,967191604862076
298.2117,disk8w,4128768,601,984243925
298.2117,ram,341016576,65248804864,279516
298.2117,cpu,14974754,21755985,519706593
298.2117,gpu,36,0,0
298.4117,disk0,907924158468096,2042778467,12667286683442513
298.4117,disk0w,1979578855424,18855144,1163040112087
298.4117,disk5,36977018288128,74428699,603845165060198
298.4117,disk5w,225980416,35966,1254168700
298.4117,disk4,39777741992960,39886671,411517333111390
298.4117,disk4w,1447560398848,1495270,591099736239
298.4117,disk8,61016159832064,99049908,967204455833954
298.4117,disk8w,4128768,601,984243925
298.4117,ram,341016576,65248804864,279516
298.4117,cpu,14974754,21755985,519706593
298.4117,gpu,0,0,0
298.6117,disk0,907926209073152,2042781861,12667295618845936
298.6117,disk0w,1979578855424,18855144,1163040112087
298.6117,disk5,36977788270592,74430277,603850843165392
298.6117,disk5w,225980416,35966,1254168700
298.6117,disk4,39778304029696,39887247,411518104768699
298.6117,disk4w,1447560398848,1495270,591099736239
298.6117,disk8,61017407866880,99051575,967215475958142
298.6117,disk8w,4128768,601,984243925
298.6117,ram,361070592,65470005248,279516
298.6117,cpu,14974778,21756110,519708437
298.6117,gpu,25,0,0
298.8117,disk0,907928680108032,2042786952,12667311210169326
298.8117,disk0w,1979578855424,18855144,1163040112087
298.8117,disk5,36978532595712,74431802,603855502434630
298.8117,disk5w,225980416,35966,1254168700
298.8117,disk4,39778892411904,39887850,411518867469837
298.8117,disk4w,1447560398848,1495270,591099736239
298.8117,disk8,61018717652992,99053477,967224145051839
298.8117,disk8w,4128768,601,984243925
298.8117,ram,361070592,65470005248,279516
298.8117,cpu,14974778,21756110,519708437
298.8117,gpu,38,0,0
299.0075,disk0,907930845728768,2042791405,12667323636966303
299.0075,disk0w,1979578855424,18855144,1163040112087
299.0075,disk5,36979244693504,74433211,603859708204751
299.0075,disk5w,225980416,35966,1254168700
299.0075,disk4,39779489182720,39888461,411519514487589
299.0075,disk4w,1447560398848,1495270,591099736239
299.0075,disk8,61019974666240,99055506,967236527602654
299.0075,disk8w,4128768,601,984243925
299.0075,ram,361070592,65470005248,279516
299.0075,cpu,14974778,21756110,519708437
299.0075,gpu,31,0,0
299.2117,disk0,907932939862016,2042795700,12667334388198939
299.2117,disk0w,1979578855424,18855144,1163040112087
299.2117,disk5,36979841300480,74434375,603862421773741
299.2117,disk5w,225980416,35966,1254168700
299.2117,disk4,39780007703552,39888993,411520183116034
299.2117,disk4w,1447560398848,1495270,591099736239
299.2117,disk8,61021366798336,99057952,967253594268007
299.2117,disk8w,4128768,601,984243925
299.2117,ram,361070592,65470005248,279516
299.2117,cpu,14974778,21756110,519708437
299.2117,gpu,0,0,0
299.4117,disk0,907935190138880,2042802484,12667350835318484
299.4117,disk0w,1979578855424,18855144,1163040112087
299.4117,disk5,36980666021888,74436005,603868886070796
299.4117,disk5w,225980416,35966,1254168700
299.4117,disk4,39780534612992,39889533,411520822541396
299.4117,disk4w,1447560398848,1495270,591099736239
299.4117,disk8,61022577641472,99059937,967263671946932
299.4117,disk8w,4128768,601,984243925
299.4117,ram,361070592,65470005248,279516
299.4117,cpu,14974778,21756110,519708437
299.4117,gpu,43,3,0
299.6117,disk0,907937457782784,2042807223,12667365877658235
299.6117,disk0w,1979578855424,18855144,1163040112087
299.6117,disk5,36981332817920,74437325,603872621453068
299.6117,disk5w,225980416,35966,1254168700
299.6117,disk4,39781105431552,39890118,411521736329493
299.6117,disk4w,1447560398848,1495270,591099736239
299.6117,disk8,61023709186048,99062230,967274208211929
299.6117,disk8w,4128768,601,984243925
299.6117,ram,389169152,63778930688,279516
299.6117,cpu,14974802,21756236,519709998
299.6117,gpu,0,0,0
299.8063,disk0,907939047710720,2042813182,12667374947566572
299.8063,disk0w,1979583279104,18855373,1163045821298
299.8063,disk5,36982008395776,74438710,603877383412261
299.8063,disk5w,225980416,35966,1254168700
299.8063,disk4,39781544506368,39890568,411522341915889
299.8063,disk4w,1447560398848,1495270,591099736239
299.8063,disk8,61024863160320,99063949,967286883705808
299.8063,disk8w,4128768,601,984243925
299.8063,ram,389169152,63778930688,279516
299.8063,cpu,14974802,21756236,519709998
299.8063,gpu,0,0,0
300.0078,disk0,907941560639488,2042817612,12667390056256758
300.0078,disk0w,1979583279104,18855373,1163045821298
300.0078,disk5,36982798039040,74440327,603883651715251
300.0078,disk5w,225980416,35966,1254168700
300.0078,disk4,39782091076608,39891128,411523052977539
300.0078,disk4w,1447560398848,1495270,591099736239
300.0078,disk8,61026060077056,99065382,967293366914966
300.0078,disk8w,4128768,601,984243925
300.0078,ram,389169152,63778930688,279516
300.0078,cpu,14974802,21756236,519709998
300.0078,gpu,0,0,0
300.2117,disk0,907943782981632,2042821739,12667402717362706
300.2117,disk0w,1979583279104,18855373,1163045821298
300.2117,disk5,36983526258688,74441821,603888337486000
300.2117,disk5w,225980416,35966,1254168700
300.2117,disk4,39782686143488,39891738,411523789357218
300.2117,disk4w,1447560398848,1495270,591099736239
300.2117,disk8,61027362260992,99067186,967304738326347
300.2117,disk8w,4128768,601,984243925
300.2117,ram,389169152,63778930688,279516
300.2117,cpu,14974802,21756236,519709998
300.2117,gpu,35,0,0
300.4117,disk0,907945811922944,2042825998,12667414292561002
300.4117,disk0w,1979583279104,18855373,1163045821298
300.4117,disk5,36984204072960,74443208,603891848484128
300.4117,disk5w,225980416,35966,1254168700
300.4117,disk4,39783169143808,39892233,411524360487100
300.4117,disk4w,1447560398848,1495270,591099736239
300.4117,disk8,61028663904256,99069213,967320202512492
300.4117,disk8w,4128768,601,984243925
300.4117,ram,389169152,63778930688,279516
300.4117,cpu,14974802,21756236,519709998
300.4117,gpu,34,3,0
300.6065,disk0,907948149772288,2042830746,12667429498118897
300.6065,disk0w,1979583279104,18855373,1163045821298
300.6065,disk5,36984865617920,74444491,603895113325841
300.6065,disk5w,225980416,35966,1254168700
300.6065,disk4,39783660925952,39892737,411524979693692
300.6065,disk4w,1447560398848,1495270,591099736239
300.6065,disk8,61029867112448,99071322,967332306927153
300.6065,disk8w,4128768,601,984243925
300.6065,ram,411516928,65293484032,279516
300.6065,cpu,14974818,21756354,519711719
300.6065,gpu,30,0,0
300.8117,disk0,907950381977600,2042835645,12667439926970343
300.8117,disk0w,1979583279104,18855373,1163045821298
300.8117,disk5,36985620428800,74445975,603899164737984
300.8117,disk5w,225980416,35966,1254168700
300.8117,disk4,39784328344576,39893421,411525728266332
300.8117,disk4w,1447560398848,1495270,591099736239
300.8117,disk8,61031258327040,99073720,967348150014013
300.8117,disk8w,4128768,601,984243925
300.8117,ram,411516928,65293484032,279516
300.8117,cpu,14974818,21756354,519711719
300.8117,gpu,0,0,0
301.0117,disk0,907952704753664,2042842647,12667457269702925
301.0117,disk0w,1979583279104,18855373,1163045821298
301.0117,disk5,36986316273664,74447352,603902986990780
301.0117,disk5w,225980416,35966,1254168700
301.0117,disk4,39784881599488,39893988,411526670419146
301.0117,disk4w,1447560398848,1495270,591099736239
301.0117,disk8,61032575207424,99075992,967359226559752
301.0117,disk8w,4128768,601,984243925
301.0117,ram,411516928,65293484032,279516
301.0117,cpu,14974818,21756354,519711719
301.0117,gpu,32,0,0
301.2117,disk0,907954582118400,2042846345,12667470172178679
301.2117,disk0w,1979583279104,18855373,1163045821298
301.2117,disk5,36987050645504,74448829,603908269689340
301.2117,disk5w,225980416,35966,1254168700
301.2117,disk4,39785364534272,39894483,411527730252067
301.2117,disk4w,1447560398848,1495270,591099736239
301.2117,disk8,61033601435648,99077864,967367256693165
301.2117,disk8w,4128768,601,984243925
301.2117,ram,411516928,65293484032,279516
301.2117,cpu,14974818,21756354,519711719
301.2117,gpu,33,0,0
301.4117,disk0,907956889296896,2042851672,12667484391124060
301.4117,disk0w,1979583279104,18855373,1163045821298
301.4117,disk5,36987838855168,74450446,603913855749506
301.4117,disk5w,225980416,35966,1254168700
301.4117,disk4,39785970480128,39895104,411528594454296
301.4117,disk4w,1447560398848,1495270,591099736239
301.4117,disk8,61034890381312,99079652,967376201108795
301.4117,disk8w,4128768,601,984243925
301.4117,ram,411516928,65293484032,279516
301.4117,cpu,14974818,21756354,519711719
301.4117,gpu,26,1,0
301.6117,disk0,907959195148288,2042855423,12667495863663421
301.6117,disk0w,1979583279104,18855373,1163045821298
301.6117,disk5,36988659767296,74452128,603919301118223
301.6117,disk5w,225980416,35966,1254168700
301.6117,disk4,39786638947328,39895789,411529624879573
301.6117,disk4w,1447560398848,1495270,591099736239
301.6117,disk8,61036130142208,99081433,967385576952665
301.6117,disk8w,4128768,601,984243925
301.6117,ram,423936000,65414184960,279516
301.6117,cpu,14974835,21756465,519713444
301.6117,gpu,0,0,0
301.8019,disk0,907961309110272,2042859649,12667508968670176
301.8019,disk0w,1979583279104,18855373,1163045821298
301.8019,disk5,36989395843072,74453637,603925194471435
301.8019,disk5w,225980416,35966,1254168700
301.8019,disk4,39787164808192,39896328,411530208751595
301.8019,disk4w,1447560398848,1495270,591099736239
301.8019,disk8,61037218859008,99082997,967393935858816
301.8019,disk8w,4128768,601,984243925
301.8019,ram,423936000,65414184960,279516
301.8019,cpu,14974835,21756465,519713444
301.8019,gpu,28,0,0
302.0117,disk0,907963677581312,2042864712,12667524885060033
302.0117,disk0w,1979583279104,18855373,1163045821298
302.0117,disk5,36990106515456,74455044,603928787953278
302.0117,disk5w,225980416,35966,1254168700
302.0117,disk4,39787761972224,39896940,411530901028134
302.0117,disk4w,1447560398848,1495270,591099736239
302.0117,disk8,61038518142976,99085039,967406561306404
302.0117,disk8w,4128768,601,984243925
302.0117,ram,423936000,65414184960,279516
302.0117,cpu,14974835,21756465,519713444
302.0117,gpu,38,0,0
302.2117,disk0,907965961232384,2042869400,12667537740153497
302.2117,disk0w,1979583279104,18855373,1163045821298
302.2117,disk5,36990696691712,74456199,603931069757486
302.2117,disk5w,225980416,35966,1254168700
302.2117,disk4,39788289930240,39897481,411531534119574
302.2117,disk4w,1447560398848,1495270,591099736239
302.2117,disk8,61039834269696,99087325,967421945269110
302.2117,disk8w,4128768,601,984243925
302.2117,ram,423936000,65414184960,279516
302.2117,cpu,14974835,21756465,519713444
302.2117,gpu,33,0,0
302.4117,disk0,907968291463168,2042876906,12667551634808325
302.4117,disk0w,1979583279104,18855373,1163045821298
302.4117,disk5,36991652378624,74458080,603938994733742
302.4117,disk5w,225980416,35966,1254168700
302.4117,disk4,39788881851392,39898088,411532464638487
302.4117,disk4w,1447560398848,1495270,591099736239
302.4117,disk8,61041040902144,99089414,967431914576490
302.4117,disk8w,4128768,601,984243925
302.4117,ram,423936000,65414184960,279516
302.4117,cpu,14974835,21756465,519713444
302.4117,gpu,30,1,0
302.6110,disk0,907970196041728,2042880602,12667564583493291
302.6110,disk0w,1979583279104,18855373,1163045821298
302.6110,disk5,36992135837696,74459039,603941379553672
302.6110,disk5w,225980416,35966,1254168700
302.6110,disk4,39789363409920,39898581,411533097591105
302.6110,disk4w,1447560398848,1495270,591099736239
302.6110,disk8,61042022238208,99091430,967444995521601
302.6110,disk8w,4128768,601,984243925
302.6110,ram,423542784,65455341568,279516
302.6110,cpu,14974853,21756572,519715149
302.6110,gpu,32,0,0
302.8117,disk0,907972350033920,2042889886,12667583615440686
302.8117,disk0w,1979583279104,18855373,1163045821298
302.8117,disk5,36992883177472,74460570,603947768196608
302.8117,disk5w,225980416,35966,1254168700
302.8117,disk4,39789952775168,39899185,411534154613824
302.8117,disk4w,1447560398848,1495270,591099736239
302.8117,disk8,61043238373376,99093215,967454031875060
302.8117,disk8w,4128768,601,984243925
302.8117,ram,419905536,65436893184,279516
302.8117,cpu,14974853,21756574,519715171
302.8117,gpu,43,0,0
303.0117,disk0,907974550814720,2042893648,12667594566290013
303.0117,disk0w,1979583279104,18855373,1163045821298
303.0117,disk5,36993598945280,74462037,603952217273912
303.0117,disk5w,225980416,35966,1254168700
303.0117,disk4,39790528181248,39899775,411534867569457
303.0117,disk4w,1447560398848,1495270,591099736239
303.0117,disk8,61044524681216,99094721,967462692287011
303.0117,disk8w,4128768,601,984243925
303.0117,ram,419905536,65436893184,279516
303.0117,cpu,14974853,21756574,519715171
303.0117,gpu,33,0,0
303.2110,disk0,907976750628864,2042898025,12667606263101240
303.2110,disk0w,1979583279104,18855373,1163045821298
303.2110,disk5,36994282764288,74463439,603957346978327
303.2110,disk5w,225980416,35966,1254168700
303.2110,disk4,39790984836096,39900243,411535360970672
303.2110,disk4w,1447560398848,1495270,591099736239
303.2110,disk8,61045799798784,99096629,967473964295138
303.2110,disk8w,4128768,601,984243925
303.2110,ram,419905536,65436893184,279516
303.2110,cpu,14974853,21756574,519715171
303.2110,gpu,29,0,0
303.4117,disk0,907978677731328,2042901780,12667613020192338
303.4117,disk0w,1979583279104,18855373,1163045821298
303.4117,disk5,36995055892480,74465018,603963285128053
303.4117,disk5w,225980416,35966,1254168700
303.4117,disk4,39791474127872,39900744,411535995266876
303.4117,disk4w,1447560398848,1495270,591099736239
303.4117,disk8,61047096690688,99098575,967488938222743
303.4117,disk8w,4128768,601,984243925
303.4117,ram,419905536,65436893184,279516
303.4117,cpu,14974853,21756574,519715171
303.4117,gpu,0,0,0
303.6117,disk0,907981180293120,2042906910,12667633122740627
303.6117,disk0w,1979583279104,18855373,1163045821298
303.6117,disk5,36995657742336,74466185,603966559848286
303.6117,disk5w,225980416,35966,1254168700
303.6117,disk4,39792056218624,39901341,411536667602939
303.6117,disk4w,1447560398848,1495270,591099736239
303.6117,disk8,61048237344768,99100558,967497570184796
303.6117,disk8w,4128768,601,984243925
303.6117,ram,438763520,65304444928,279516
303.6117,cpu,14974868,21756675,519716810
303.6117,gpu,0,0,0
303.8049,disk0,907983323074560,2042911821,12667644819320608
303.8049,disk0w,1979583279104,18855373,1163045821298
303.8049,disk5,36996581455872,74468009,603974808491129
303.8049,disk5w,225980416,35966,1254168700
303.8049,disk4,39792548000768,39901845,411537264444985
303.8049,disk4w,1447560398848,1495270,591099736239
303.8049,disk8,61049413847040,99102675,967508780738207
303.8049,disk8w,4128768,601,984243925
303.8049,ram,439205888,65371570176,279516
303.8049,cpu,14974870,21756682,519716902
303.8049,gpu,30,0,0
304.0053,disk0,907985418059776,2042917681,12667658847812609
304.0053,disk0w,1979583279104,18855373,1163045821298
304.0053,disk5,36997318440960,74469469,603981176560102
304.0053,disk5w,225980416,35966,1254168700
304.0053,disk4,39793092473856,39902403,411537940441760
304.0053,disk4w,1447560398848,1495270,591099736239
304.0053,disk8,61050735314944,99105032,967520603800211
304.0053,disk8w,4128768,601,984243925
304.0053,ram,439205888,65371570176,279516
304.0053,cpu,14974870,21756682,519716902
304.0053,gpu,40,0,0
304.2117,disk0,907987236077568,2042921527,12667669444220958
304.2117,disk0w,1979583279104,18855373,1163045821298
304.2117,disk5,36998068525056,74470988,603988712452297
304.2117,disk5w,225980416,35966,1254168700
304.2117,disk4,39793628099584,39902952,411539172455939
304.2117,disk4w,1447560398848,1495270,591099736239
304.2117,disk8,61051840497664,99106942,967530725593065
304.2117,disk8w,4128768,601,984243925
304.2117,ram,439205888,65371570176,279516
304.2117,cpu,14974870,21756682,519716902
304.2117,gpu,28,0,0
304.4105,disk0,907989444640768,2042926916,12667681578256205
304.4105,disk0w,1979583287296,18855375,1163045853589
304.4105,disk5,36998848722944,74472589,603996299748527
304.4105,disk5w,225980416,35966,1254168700
304.4105,disk4,39794207699968,39903546,411539955868960
304.4105,disk4w,1447560398848,1495270,591099736239
304.4105,disk8,61053077325824,99108583,967539329052976
304.4105,disk8w,4128768,601,984243925
304.4105,ram,439205888,65371570176,279516
304.4105,cpu,14974870,21756682,519716902
304.4105,gpu,0,0,0
304.6117,disk0,907991751819264,2042930882,12667691253501774
304.6117,disk0w,1979583287296,18855375,1163045853589
304.6117,disk5,36999714936832,74474365,604003510066314
304.6117,disk5w,225980416,35966,1254168700
304.6117,disk4,39794734609408,39904086,411540595915864
304.6117,disk4w,1447560398848,1495270,591099736239
304.6117,disk8,61054402021376,99110324,967548229569769
304.6117,disk8w,4128768,601,984243925
304.6117,ram,444203008,65408172032,279516
304.6117,cpu,14974901,21756809,519718428
304.6117,gpu,35,0,0
304.8117,disk0,907994237468672,2042936074,12667706352652369
304.8117,disk0w,1979583287296,18855375,1163045853589
304.8117,disk5,37000468035584,74475910,604007757629486
304.8117,disk5w,225980416,35966,1254168700
304.8117,disk4,39795287864320,39904653,411541447243009
304.8117,disk4w,1447560398848,1495270,591099736239
304.8117,disk8,61055700879360,99112299,967558507198196
304.8117,disk8w,4128768,601,984243925
304.8117,ram,445251584,65422737408,279516
304.8117,cpu,14974901,21756812,519718451
304.8117,gpu,33,0,0
305.0069,disk0,907996316303360,2042940356,12667716371827270
305.0069,disk0w,1979583287296,18855375,1163045853589
305.0069,disk5,37001229531136,74477411,604012463250695
305.0069,disk5w,225980416,35966,1254168700
305.0069,disk4,39795920155648,39905301,411542342384210
305.0069,disk4w,1447560398848,1495270,591099736239
305.0069,disk8,61056964544512,99114328,967570196933931
305.0069,disk8w,4128768,601,984243925
305.0069,ram,445251584,65422737408,279516
305.0069,cpu,14974901,21756812,519718451
305.0069,gpu,38,0,0
305.2117,disk0,907998464917504,2042944930,12667728635645261
305.2117,disk0w,1979583287296,18855375,1163045853589
305.2117,disk5,37002028595200,74478976,604017544573692
305.2117,disk5w,225980416,35966,1254168700
305.2117,disk4,39796508537856,39905904,411543077338628
305.2117,disk4w,1447560398848,1495270,591099736239
305.2117,disk8,61058279933952,99116659,967584644581057
305.2117,disk8w,4128768,601,984243925
305.2117,ram,445251584,65422737408,279516
305.2117,cpu,14974901,21756812,519718451
305.2117,gpu,0,0,0
305.4041,disk0,908000550666240,2042952511,12667743924566191
305.4041,disk0w,1979583287296,18855375,1163045853589
305.4041,disk5,37002793187328,74480493,604023139986879
305.4041,disk5w,225980416,35966,1254168700
305.4041,disk4,39797149611008,39906561,411543990311412
305.4041,disk4w,1447560398848,1495270,591099736239
305.4041,disk8,61059455436800,99118575,967594249428048
305.4041,disk8w,4128768,601,984243925
305.4041,ram,445251584,65422737408,279516
305.4041,cpu,14974901,21756812,519718451
305.4041,gpu,40,1,0
305.6117,disk0,908002594635776,2042956343,12667753766210326
305.6117,disk0w,1979583287296,18855375,1163045853589
305.6117,disk5,37003556501504,74482003,604028460467074
305.6117,disk5w,225980416,35966,1254168700
305.6117,disk4,39797764338688,39907191,411544810779158
305.6117,disk4w,1447560398848,1495270,591099736239
305.6117,disk8,61060691249152,99121195,967607903991792
305.6117,disk8w,4128768,601,984243925
305.6117,ram,445251584,65422737408,279516
305.6117,cpu,14974901,21756812,519718451
305.6117,gpu,34,0,0
305.8060,disk0,908004375236608,2042961556,12667762058700174
305.8060,disk0w,1979583287296,18855375,1163045853589
305.8060,disk5,37004360677376,74483651,604036390439351
305.8060,disk5w,225980416,35966,1254168700
305.8060,disk4,39798370202624,39907812,411546507424284
305.8060,disk4w,1447560398848,1495270,591099736239
305.8060,disk8,61061794105344,99122813,967617412934094
305.8060,disk8w,4128768,601,984243925
305.8060,ram,451313664,65549287424,279516
305.8060,cpu,14974919,21756922,519720177
305.8060,gpu,25,0,0
306.0095,disk0,908006594842624,2042965433,12667770067295049
306.0095,disk0w,1979583287296,18855375,1163045853589
306.0095,disk5,37005311227904,74485598,604045513239838
306.0095,disk5w,225980416,35966,1254168700
306.0095,disk4,39798932239360,39908388,411547258044750
306.0095,disk4w,1447560398848,1495270,591099736239
306.0095,disk8,61063085656064,99124330,967625729411842
306.0095,disk8w,4128768,601,984243925
306.0095,ram,451313664,65549287424,279516
306.0095,cpu,14974919,21756922,519720177
306.0095,gpu,0,0,0
306.2046,disk0,908008507265024,2042969333,12667777753607254
306.2046,disk0w,1979583287296,18855375,1163045853589
306.2046,disk5,37006041782272,74487097,604052701610471
306.2046,disk5w,225980416,35966,1254168700
306.2046,disk4,39799371330560,39908838,411547747350939
306.2046,disk4w,1447560398848,1495270,591099736239
306.2046,disk8,61064339195904,99125904,967637283632396
306.2046,disk8w,4128768,601,984243925
306.2046,ram,451313664,65549287424,279516
306.2046,cpu,14974919,21756922,519720177
306.2046,gpu,29,0,0
306.4117,disk0,908010372239360,2042973159,12667784280191890
306.4117,disk0w,1979583287296,18855375,1163045853589
306.4117,disk5,37006817818624,74488680,604057022410696
306.4117,disk5w,225980416,35966,1254168700
306.4117,disk4,39799942149120,39909423,411548467429204
306.4117,disk4w,1447560398848,1495270,591099736239
306.4117,disk8,61065806481408,99128134,967653281687103
306.4117,disk8w,4128768,601,984243925
306.4117,ram,451313664,65549287424,279516
306.4117,cpu,14974919,21756922,519720177
306.4117,gpu,34,1,0
306.6117,disk0,908012747067392,2042978228,12667800875852407
306.6117,disk0w,1979583287296,18855375,1163045853589
306.6117,disk5,37007469541376,74489943,604060363653654
306.6117,disk5w,225980416,35966,1254168700
306.6117,disk4,39800539313152,39910035,411549232763995
306.6117,disk4w,1447560398848,1495270,591099736239
306.6117,disk8,61067000498176,99130333,967664101375873
306.6117,disk8w,4128768,601,984243925
306.6117,ram,451313664,65549287424,279516
306.6117,cpu,14974919,21756922,519720177
306.6117,gpu,32,0,0
306.8068,disk0,908014685310976,2042982589,12667809706497168
306.8068,disk0w,1979583287296,18855375,1163045853589
306.8068,disk5,37008413833216,74491810,604069008711113
306.8068,disk5w,225980416,35966,1254168700
306.8068,disk4,39801039877120,39910548,411549876926809
306.8068,disk4w,1447560398848,1495270,591099736239
306.8068,disk8,61068277827584,99132567,967677142953551
306.8068,disk8w,4128768,601,984243925
306.8068,ram,501694464,65472167936,279516
306.8068,cpu,14974934,21757026,519721911
306.8068,gpu,0,0,0
307.0117,disk0,908016978976768,2042991285,12667825607742887
307.0117,disk0w,1979583287296,18855375,1163045853589
307.0117,disk5,37009154078720,74493274,604074826459831
307.0117,disk5w,225980416,35966,1254168700
307.0117,disk4,39801698513920,39911223,411550824714450
307.0117,disk4w,1447560398848,1495270,591099736239
307.0117,disk8,61069659670528,99134768,967688668903385
307.0117,disk8w,4128768,601,984243925
307.0117,ram,501694464,65472167936,279516
307.0117,cpu,14974934,21757026,519721911
307.0117,gpu,32,0,0
307.2117,disk0,908018824048640,2042994566,12667836139340173
307.2117,disk0w,1979583287296,18855375,1163045853589
307.2117,disk5,37009889875968,74494737,604081022516195
307.2117,disk5w,225980416,35966,1254168700
307.2117,disk4,39802275525632,39911814,411552578618207
307.2117,disk4w,1447560398848,1495270,591099736239
307.2117,disk8,61070712113152,99136818,967698031679608
307.2117,disk8w,4128768,601,984243925
307.2117,ram,501694464,65472167936,279516
307.2117,cpu,14974934,21757026,519721911
307.2117,gpu,0,0,0
307.4090,disk0,908020982824960,2043001100,12667846884637934
307.4090,disk0w,1979583287296,18855375,1163045853589
307.4090,disk5,37010752468992,74496506,604088495239141
307.4090,disk5w,225980416,35966,1254168700
307.4090,disk4,39802699543552,39912249,411553030892607
307.4090,disk4w,1447560398848,1495270,591099736239
307.4090,disk8,61072009365504,99138758,967709735823332
307.4090,disk8w,4128768,601,984243925
307.4090,ram,501694464,65472167936,279516
307.4090,cpu,14974934,21757026,519721911
307.4090,gpu,25,1,0
307.6117,disk0,908023430447104,2043005131,12667860200199295
307.6117,disk0w,1979583287296,18855375,1163045853589
307.6117,disk5,37011550353408,74498139,604095696978787
307.6117,disk5w,225980416,35966,1254168700
307.6117,disk4,39803314271232,39912879,411553782820865
307.6117,disk4w,1447560398848,1495270,591099736239
307.6117,disk8,61073206462464,99140251,967715988214047
307.6117,disk8w,4128768,601,984243925
307.6117,ram,501694464,65472167936,279516
307.6117,cpu,14974934,21757026,519721911
307.6117,gpu,0,0,0
307.8041,disk0,908025249431552,2043008698,12667867910112559
307.8041,disk0w,1979583287296,18855375,1163045853589
307.8041,disk5,37012289148928,74499655,604101273650784
307.8041,disk5w,225980416,35966,1254168700
307.8041,disk4,39803911435264,39913491,411554665929626
307.8041,disk4w,1447560398848,1495270,591099736239
307.8041,disk8,61074537023488,99142257,967730001210504
307.8041,disk8w,4128768,601,984243925
307.8041,ram,500924416,65500839936,279516
307.8041,cpu,14974950,21757137,519723641
307.8041,gpu,0,0,0
308.0044,disk0,908027544752128,2043013639,12667885445257349
308.0044,disk0w,1979584888832,18855533,1163050327576
308.0044,disk5,37012996945920,74501070,604104886510741
308.0044,disk5w,225980416,35966,1254168700
308.0044,disk4,39804443587584,39914036,411555294382400
308.0044,disk4w,1447560398848,1495270,591099736239
308.0044,disk8,61075772442624,99144067,967738808469079
308.0044,disk8w,4128768,601,984243925
308.0044,ram,500924416,65500839936,279516
308.0044,cpu,14974950,21757137,519723641
308.0044,gpu,0,0,0
308.2117,disk0,908030064087040,2043019359,12667902592034486
308.2117,disk0w,1979584888832,18855533,1163050327576
308.2117,disk5,37013804120064,74502645,604110667434004
308.2117,disk5w,225980416,35966,1254168700
308.2117,disk4,39805105763328,39914715,411556307771744
308.2117,disk4w,1447560398848,1495270,591099736239
308.2117,disk8,61076891011072,99145982,967748148277349
308.2117,disk8w,4128768,601,984243925
308.2117,ram,500924416,65500839936,279516
308.2117,cpu,14974950,21757137,519723641
308.2117,gpu,28,0,0
308.4029,disk0,908031842816000,2043023400,12667911894034372
308.4029,disk0w,1979584888832,18855533,1163050327576
308.4029,disk5,37014417225728,74503858,604116432619800
308.4029,disk5w,225980416,35966,1254168700
308.4029,disk4,39805632672768,39915255,411557223995066
308.4029,disk4w,1447560398848,1495270,591099736239
308.4029,disk8,61078015920128,99147898,967759990768025
308.4029,disk8w,4128768,601,984243925
308.4029,ram,500924416,65500839936,279516
308.4029,cpu,14974950,21757137,519723641
308.4029,gpu,20,1,0
308.6117,disk0,908033865138176,2043032366,12667927954882354
308.6117,disk0w,1979585556480,18855634,1163057558208
308.6117,disk5,37015107860480,74505220,604120411968706
308.6117,disk5w,225980416,35966,1254168700
308.6117,disk4,39806228788224,39915866,411558065508650
308.6117,disk4w,1447560398848,1495270,591099736239
308.6117,disk8,61079302801408,99150096,967773301778257
308.6117,disk8w,4128768,601,984243925
308.6117,ram,500924416,65500839936,279516
308.6117,cpu,14974950,21757137,519723641
308.6117,gpu,26,0,0
308.8117,disk0,908035798671360,2043036081,12667939494584801
308.8117,disk0w,1979585556480,18855634,1163057558208
308.8117,disk5,37015874697216,74506759,604127260975121
308.8117,disk5w,225980416,35966,1254168700
308.8117,disk4,39806791824384,39916443,411559021357333
308.8117,disk4w,1447560398848,1495270,591099736239
308.8117,disk8,61080273389568,99151869,967781012017673
308.8117,disk8w,4128768,601,984243925
308.8117,ram,499810304,65589690368,279516
308.8117,cpu,14974967,21757249,519725408
308.8117,gpu,0,0,0
309.0067,disk0,908037847851008,2043042722,12667951350902678
309.0067,disk0w,1979585556480,18855634,1163057558208
309.0067,disk5,37016550275072,74508143,604132652278358
309.0067,disk5w,225980416,35966,1254168700
309.0067,disk4,39807385449472,39917051,411559754361385
309.0067,disk4w,1447560398848,1495270,591099736239
309.0067,disk8,61081529878528,99153607,967791740093748
309.0067,disk8w,4128768,601,984243925
309.0067,ram,499810304,65589690368,279516
309.0067,cpu,14974968,21757257,519725500
309.0067,gpu,25,1,0
309.2023,disk0,908039943512064,2043046027,12667961586626416
309.2023,disk0w,1979585556480,18855634,1163057558208
309.2023,disk5,37017383393280,74509849,604140949027591
309.2023,disk5w,225980416,35966,1254168700
309.2023,disk4,39807845643264,39917523,411560359837096
309.2023,disk4w,1447560398848,1495270,591099736239
309.2023,disk8,61082746046464,99155125,967798218655086
309.2023,disk8w,4128768,601,984243925
309.2023,ram,499810304,65589690368,279516
309.2023,cpu,14974968,21757257,519725500
309.2023,gpu,32,0,0
309.4048,disk0,908042167480320,2043050329,12667973402336013
309.4048,disk0w,1979585556480,18855634,1163057558208
309.4048,disk5,37018313783296,74511754,604148016340895
309.4048,disk5w,225980416,35966,1254168700
309.4048,disk4,39808442807296,39918135,411561197287483
309.4048,disk4w,1447560398848,1495270,591099736239
309.4048,disk8,61083913766912,99156823,967806703012016
309.4048,disk8w,4128768,601,984243925
309.4048,ram,499810304,65589690368,279516
309.4048,cpu,14974968,21757257,519725500
309.4048,gpu,34,2,0
309.6073,disk0,908044625113088,2043055563,12667990869959925
309.6073,disk0w,1979585556480,18855634,1163057558208
309.6073,disk5,37019044755456,74513204,604152299356372
309.6073,disk5w,225980416,35966,1254168700
309.6073,disk4,39808937735168,39918642,411561774997057
309.6073,disk4w,1447560398848,1495270,591099736239
309.6073,disk8,61085089253376,99158518,967814853245238
309.6073,disk8w,4128768,601,984243925
309.6073,ram,499810304,65589690368,279516
309.6073,cpu,14974968,21757257,519725500
309.6073,gpu,53,0,0
309.8077,disk0,908046818127872,2043060292,12668003037424846
309.8077,disk0w,1979585564672,18855636,1163057597957
309.8077,disk5,37019805300736,74514694,604157161919458
309.8077,disk5w,225980416,35966,1254168700
309.8077,disk4,39809515238400,39919234,411562517494151
309.8077,disk4w,1447560398848,1495270,591099736239
309.8077,disk8,61086416930816,99160837,967828181108950
309.8077,disk8w,4128768,601,984243925
309.8077,ram,499023872,65572913152,279516
309.8077,cpu,14974994,21757380,519727029
309.8077,gpu,40,0,0
310.0117,disk0,908049049747456,2043066795,12668019295950185
310.0117,disk0w,1979585564672,18855636,1163057597957
310.0117,disk5,37020630022144,74516323,604163164728132
310.0117,disk5w,225980416,35966,1254168700
310.0117,disk4,39810164044800,39919899,411563473677054
310.0117,disk4w,1447560398848,1495270,591099736239
310.0117,disk8,61087664998400,99162990,967837987773259
310.0117,disk8w,4128768,601,984243925
310.0117,ram,499187712,65572913152,279516
310.0117,cpu,14974994,21757382,519727060
310.0117,gpu,0,0,0
310.2048,disk0,908050951634944,2043070258,12668027313310750
310.2048,disk0w,1979585564672,18855636,1163057597957
310.2048,disk5,37021436434432,74517922,604169984215338
310.2048,disk5w,225980416,35966,1254168700
310.2048,disk4,39810722804736,39920470,411564409930198
310.2048,disk4w,1447560398848,1495270,591099736239
310.2048,disk8,61088763529216,99165260,967849129480468
310.2048,disk8w,4128768,601,984243925
310.2048,ram,499187712,65572913152,279516
310.2048,cpu,14974994,21757382,519727060
310.2048,gpu,42,0,0
310.4117,disk0,908052842749952,2043073963,12668035678052266
310.4117,disk0w,1979585564672,18855636,1163057597957
310.4117,disk5,37022165030912,74519414,604177616391796
310.4117,disk5w,225980416,35966,1254168700
310.4117,disk4,39811261690880,39921024,411565431235841
310.4117,disk4w,1447560398848,1495270,591099736239
310.4117,disk8,61090050967552,99167175,967862048214502
310.4117,disk8w,4128768,601,984243925
310.4117,ram,499187712,65572913152,279516
310.4117,cpu,14974994,21757382,519727060
310.4117,gpu,0,0,0
310.6117,disk0,908055047708672,2043077480,12668044637504587
310.6117,disk0w,1979585564672,18855636,1163057597957
310.6117,disk5,37023035578368,74521198,604184207871192
310.6117,disk5w,225980416,35966,1254168700
310.6117,disk4,39811823727616,39921600,411566089641282
310.6117,disk4w,1447560398848,1495270,591099736239
310.6117,disk8,61091370993664,99168743,967871033854662
310.6117,disk8w,4128768,601,984243925
310.6117,ram,499187712,65572913152,279516
310.6117,cpu,14974994,21757382,519727060
310.6117,gpu,35,0,0
310.8117,disk0,908057203580928,2043081803,12668056193884016
310.8117,disk0w,1979585564672,18855636,1163057597957
310.8117,disk5,37023804381184,74522773,604190464376362
310.8117,disk5w,225980416,35966,1254168700
310.8117,disk4,39812508709888,39922302,411567350199301
310.8117,disk4w,1447560398848,1495270,591099736239
310.8117,disk8,61092538533888,99170539,967880597390361
310.8117,disk8w,4128768,601,984243925
310.8117,ram,501776384,65546698752,279516
310.8117,cpu,14975012,21757488,519728696
310.8117,gpu,34,0,0
311.0117,disk0,908059287756800,2043086189,12668065613091852
311.0117,disk0w,1979585564672,18855636,1163057597957
311.0117,disk5,37024484816896,74524144,604194514298478
311.0117,disk5w,225980416,35966,1254168700
311.0117,disk4,39813026837504,39922833,411567918737172
311.0117,disk4w,1447560398848,1495270,591099736239
311.0117,disk8,61093907073024,99172630,967895694570133
311.0117,disk8w,4128768,601,984243925
311.0117,ram,500793344,65586757632,279516
311.0117,cpu,14975014,21757493,519728784
311.0117,gpu,30,0,0
311.2117,disk0,908061614809088,2043091162,12668079013118106
311.2117,disk0w,1979585564672,18855636,1163057597957
311.2117,disk5,37025087043584,74525313,604197850423549
311.2117,disk5w,225980416,35966,1254168700
311.2117,disk4,39813615219712,39923436,411568560064923
311.2117,disk4w,1447560398848,1495270,591099736239
311.2117,disk8,61095264716800,99175149,967911039470763
311.2117,disk8w,4128768,601,984243925
311.2117,ram,500793344,65586757632,279516
311.2117,cpu,14975014,21757493,519728784
311.2117,gpu,0,0,0
311.4117,disk0,908063682666496,2043095756,12668088620672856
311.4117,disk0w,1979585564672,18855636,1163057597957
311.4117,disk5,37025911764992,74526945,604202985313672
311.4117,disk5w,225980416,35966,1254168700
311.4117,disk4,39814150910976,39923985,411569225479241
311.4117,disk4w,1447560398848,1495270,591099736239
311.4117,disk8,61096644413440,99177502,967925864740946
311.4117,disk8w,4128768,601,984243925
311.4117,ram,500793344,65586757632,279516
311.4117,cpu,14975014,21757493,519728784
311.4117,gpu,38,0,0
311.6118,disk0,908065756733440,2043103809,12668103555172548
311.6118,disk0w,1979585564672,18855636,1163057597957
311.6118,disk5,37026700466176,74528506,604210011513269
311.6118,disk5w,225980416,35966,1254168700
311.6118,disk4,39814756856832,39924606,411570068854202
311.6118,disk4w,1447560398848,1495270,591099736239
311.6118,disk8,61097919432704,99179885,967938802323873
311.6118,disk8w,4128768,601,984243925
311.6118,ram,500793344,65586757632,279516
311.6118,cpu,14975014,21757493,519728784
311.6118,gpu,28,0,0
311.8080,disk0,908067663704064,2043107610,12668114700026477
311.8080,disk0w,1979585564672,18855636,1163057597957
311.8080,disk5,37027334158336,74529786,604215099723063
311.8080,disk5w,225980416,35966,1254168700
311.8080,disk4,39815250686976,39925112,411570860903455
311.8080,disk4w,1447560398848,1495270,591099736239
311.8080,disk8,61098897491968,99181539,967947732694779
311.8080,disk8w,4128768,601,984243925
311.8080,ram,500793344,65586757632,279516
311.8080,cpu,14975014,21757493,519728784
311.8080,gpu,44,0,0
312.0117,disk0,908070040186880,2043117854,12668132138188433
312.0117,disk0w,1979585564672,18855636,1163057597957
312.0117,disk5,37028354521088,74531879,604224244773320
312.0117,disk5w,225980416,35966,1254168700
312.0117,disk4,39815924790272,39925803,411571697166759
312.0117,disk4w,1447560398848,1495270,591099736239
312.0117,disk8,61100072617984,99183169,967954421564028
312.0117,disk8w,4128768,601,984243925
312.0117,ram,503562240,65419132928,279516
312.0117,cpu,14975033,21757613,519730500
312.0117,gpu,0,0,0
312.2117,disk0,908072441442304,2043122550,12668143192567213
312.2117,disk0w,1979585564672,18855636,1163057597957
312.2117,disk5,37029090613248,74533387,604229891235782
312.2117,disk5w,225980416,35966,1254168700
312.2117,disk4,39816539517952,39926433,411572487358557
312.2117,disk4w,1447560398848,1495270,591099736239
312.2117,disk8,61101348063232,99184866,967963896556242
312.2117,disk8w,4128768,601,984243925
312.2117,ram,503562240,65419132928,279516
312.2117,cpu,14975033,21757613,519730500
312.2117,gpu,28,0,0
312.4117,disk0,908074562990080,2043126964,12668153508223722
312.4117,disk0w,1979585564672,18855636,1163057597957
312.4117,disk5,37029836224512,74534917,604238300695622
312.4117,disk5w,225980416,35966,1254168700
312.4117,disk4,39817163027456,39927072,411573280692668
312.4117,disk4w,1447560398848,1495270,591099736239
312.4117,disk8,61102635059200,99186814,967974450272421
312.4117,disk8w,4128768,601,984243925
312.4117,ram,503562240,65419132928,279516
312.4117,cpu,14975033,21757613,519730500
312.4117,gpu,44,0,0
312.6117,disk0,908077077311488,2043132555,12668170406725593
312.6117,disk0w,1979585564672,18855636,1163057597957
312.6117,disk5,37030447757312,74536110,604242475817912
312.6117,disk5w,225980416,35966,1254168700
312.6117,disk4,39817681155072,39927603,411573886411983
312.6117,disk4w,1447560398848,1495270,591099736239
312.6117,disk8,61103909111808,99189000,967986660240330
312.6117,disk8w,4128768,601,984243925
312.6117,ram,503562240,65419132928,279516
312.6117,cpu,14975033,21757613,519730500
312.6117,gpu,33,0,0
312.8068,disk0,908079323762688,2043137532,12668183246843781
312.8068,disk0w,1979585564672,18855636,1163057597957
312.8068,disk5,37031342667776,74537874,604250636719868
312.8068,disk5w,225980416,35966,1254168700
312.8068,disk4,39818313446400,39928251,411574805340388
312.8068,disk4w,1447560398848,1495270,591099736239
312.8068,disk8,61105165666304,99191196,967995626338766
312.8068,disk8w,4128768,601,984243925
312.8068,ram,503562240,65419132928,279516
312.8068,cpu,14975033,21757613,519730500
312.8068,gpu,0,0,0
313.0080,disk0,908081369468928,2043147192,12668200745467928
313.0080,disk0w,1979585564672,18855636,1163057597957
313.0080,disk5,37031991916544,74539154,604254875214021
313.0080,disk5w,225980416,35966,1254168700
313.0080,disk4,39818849137664,39928800,411575528546037
313.0080,disk4w,1447560398848,1495270,591099736239
313.0080,disk8,61106438473728,99193401,968007695506261
313.0080,disk8w,4128768,601,984243925
313.0080,ram,502202368,63855378432,279516
313.0080,cpu,14975050,21757711,519732100
313.0080,gpu,44,0,0
313.2117,disk0,908083312865280,2043150940,12668211610490923
313.2117,disk0w,1979585564672,18855636,1163057597957
313.2117,disk5,37032779307008,74540742,604263375236669
313.2117,disk5w,225980416,35966,1254168700
313.2117,disk4,39819253052416,39929214,411576239957055
313.2117,disk4w,1447560398848,1495270,591099736239
313.2117,disk8,61107488917504,99195151,968016854763962
313.2117,disk8w,4128768,601,984243925
313.2117,ram,502202368,63855378432,279516
313.2117,cpu,14975050,21757711,519732100
313.2117,gpu,0,0,0
313.4117,disk0,908085388931072,2043160787,12668224209569879
313.4117,disk0w,1979585626112,18855639,1163057664706
313.4117,disk5,37033562920960,74542349,604270222989227
313.4117,disk5w,225980416,35966,1254168700
313.4117,disk4,39819850216448,39929826,411576991405017
313.4117,disk4w,1447560398848,1495270,591099736239
313.4117,disk8,61108780976128,99196965,968029084516898
313.4117,disk8w,4128768,601,984243925
313.4117,ram,502202368,63855378432,279516
313.4117,cpu,14975050,21757711,519732100
313.4117,gpu,25,1,0
313.6052,disk0,908087611944960,2043164775,12668237193189076
313.6052,disk0w,1979585626112,18855639,1163057664706
313.6052,disk5,37034330568704,74543922,604279342259043
313.6052,disk5w,225980416,35966,1254168700
313.6052,disk4,39820359562240,39930348,411577706130457
313.6052,disk4w,1447560398848,1495270,591099736239
313.6052,disk8,61109877409792,99198450,968034639759826
313.6052,disk8w,4128768,601,984243925
313.6052,ram,502202368,63855378432,279516
313.6052,cpu,14975050,21757711,519732100
313.6052,gpu,0,0,0
313.8071,disk0,908089480671232,2043168403,12668243320806002
313.8071,disk0w,1979585626112,18855639,1163057664706
313.8071,disk5,37035229394944,74545767,604288748282537
313.8071,disk5w,225980416,35966,1254168700
313.8071,disk4,39820833780736,39930834,411578261737664
313.8071,disk4w,1447560398848,1495270,591099736239
313.8071,disk8,61111218554880,99200263,968045835222975
313.8071,disk8w,4128768,601,984243925
313.8071,ram,502202368,63855378432,279516
313.8071,cpu,14975050,21757711,519732100
313.8071,gpu,24,0,0
314.0117,disk0,908091865378816,2043173708,12668258593440500
314.0117,disk0w,1979585626112,18855639,1163057664706
314.0117,disk5,37035896190976,74547091,604291906493107
314.0117,disk5w,225980416,35966,1254168700
314.0117,disk4,39821425308672,39931440,411578921520003
314.0117,disk4w,1447560398848,1495270,591099736239
314.0117,disk8,61112612358144,99202359,968058509820597
314.0117,disk8w,4128768,601,984243925
314.0117,ram,505282560,65368244224,279516
314.0117,cpu,14975074,21757833,519733803
314.0117,gpu,0,0,0
314.2117,disk0,908094128914432,2043178541,12668273381686567
314.2117,disk0w,1979585626112,18855639,1163057664706
314.2117,disk5,37036598851584,74548468,604295923675681
314.2117,disk5w,225980416,35966,1254168700
314.2117,disk4,39821896381440,39931923,411579514369206
314.2117,disk4w,1447560398848,1495270,591099736239
314.2117,disk8,61113807341568,99204565,968071878284437
314.2117,disk8w,4128768,601,984243925
314.2117,ram,505282560,65368244224,279516
314.2117,cpu,14975074,21757833,519733803
314.2117,gpu,30,0,0
314.4102,disk0,908096361787392,2043186129,12668293745131209
314.4102,disk0w,1979585626112,18855639,1163057664706
314.4102,disk5,37037387708416,74550023,604301109492913
314.4102,disk5w,225980416,35966,1254168700
314.4102,disk4,39822370599936,39932409,411580019200581
314.4102,disk4w,1447560398848,1495270,591099736239
314.4102,disk8,61115025704960,99206675,968081920548550
314.4102,disk8w,4128768,601,984243925
314.4102,ram,505282560,65368244224,279516
314.4102,cpu,14975074,21757833,519733803
314.4102,gpu,45,2,0
314.6118,disk0,908098303262720,2043192561,12668308473584893
314.6118,disk0w,1979585626112,18855639,1163057664706
314.6118,disk5,37038001862656,74551238,604304689670257
314.6118,disk5w,225980416,35966,1254168700
314.6118,disk4,39822844818432,39932895,411580711724460
314.6118,disk4w,1447560398848,1495270,591099736239
314.6118,disk8,61116033320960,99208728,968092238697064
314.6118,disk8w,4128768,601,984243925
314.6118,ram,505282560,65368244224,279516
314.6118,cpu,14975074,21757833,519733803
314.6118,gpu,44,0,0
314.8040,disk0,908100393431040,2043202061,12668323296608456
314.8040,disk0w,1979585626112,18855639,1163057664706
314.8040,disk5,37038773942272,74552822,604309712155269
314.8040,disk5w,225980416,35966,1254168700
314.8040,disk4,39823459480576,39933525,411581762434554
314.8040,disk4w,1447560398848,1495270,591099736239
314.8040,disk8,61117142779904,99210372,968100224423709
314.8040,disk8w,4128768,601,984243925
314.8040,ram,505282560,65368244224,279516
314.8040,cpu,14975074,21757833,519733803
314.8040,gpu,42,0,0
315.0117,disk0,908102679617536,2043205962,12668335228823102
315.0117,disk0w,1979585626112,18855639,1163057664706
315.0117,disk5,37039533717504,74554378,604315525979084
315.0117,disk5w,225980416,35966,1254168700
315.0117,disk4,39823977608192,39934056,411582355684556
315.0117,disk4w,1447560398848,1495270,591099736239
315.0117,disk8,61118476109824,99212004,968109521974288
315.0117,disk8w,4128768,601,984243925
315.0117,ram,504430592,65427013632,279516
315.0117,cpu,14975101,21757975,519735489
315.0117,gpu,23,1,0
315.2108,disk0,908104821342208,2043210050,12668344693494817
315.2108,disk0w,1979585626112,18855639,1163057664706
315.2108,disk5,37040318101504,74555987,604319945932533
315.2108,disk5w,225980416,35966,1254168700
315.2108,disk4,39824548426752,39934641,411583150946038
315.2108,disk4w,1447560398848,1495270,591099736239
315.2108,disk8,61119851350016,99213950,968121781475494
315.2108,disk8w,4128768,601,984243925
315.2108,ram,504430592,65427013632,279516
315.2108,cpu,14975101,21757975,519735489
315.2108,gpu,0,0,0
315.4072,disk0,908106882859008,2043214243,12668353475884269
315.4072,disk0w,1979585642496,18855641,1163057708205
315.4072,disk5,37041052088320,74557473,604324339370693
315.4072,disk5w,225980416,35966,1254168700
315.4072,disk4,39825163154432,39935271,411583913297206
315.4072,disk4w,1447560398848,1495270,591099736239
315.4072,disk8,61121226262528,99216107,968136073251713
315.4072,disk8w,4128768,601,984243925
315.4072,ram,504430592,65427013632,279516
315.4072,cpu,14975101,21757975,519735489
315.4072,gpu,25,0,0
315.6117,disk0,908109370376192,2043219568,12668372949619754
315.6117,disk0w,1979585642496,18855641,1163057708205
315.6117,disk5,37041616599040,74558569,604327092088830
315.6117,disk5w,225980416,35966,1254168700
315.6117,disk4,39825763464192,39935886,411584647057875
315.6117,disk4w,1447560398848,1495270,591099736239
315.6117,disk8,61122445559808,99218249,968146295008563
315.6117,disk8w,4128768,601,984243925
315.6117,ram,504430592,65427013632,279516
315.6117,cpu,14975101,21757975,519735489
315.6117,gpu,38,0,0
315.8086,disk0,908111663874048,2043224410,12668387510435965
315.8086,disk0w,1979585642496,18855641,1163057708205
315.8086,disk5,37042551322624,74560420,604334202518948
315.8086,disk5w,225980416,35966,1254168700
315.8086,disk4,39826445300736,39936585,411585722840271
315.8086,disk4w,1447560398848,1495270,591099736239
315.8086,disk8,61123638085632,99220367,968154572292501
315.8086,disk8w,4128768,601,984243925
315.8086,ram,504430592,65427013632,279516
315.8086,cpu,14975101,21757975,519735489
315.8086,gpu,34,0,0
316.0117,disk0,908113884418048,2043234967,12668406315083446
316.0117,disk0w,1979586351104,18855798,1163062681942
316.0117,disk5,37043207886848,74561716,604337066389423
316.0117,disk5w,225980416,35966,1254168700
316.0117,disk4,39826980992000,39937134,411586420181210
316.0117,disk4w,1447560398848,1495270,591099736239
316.0117,disk8,61124941154304,99222858,968167847842499
316.0117,disk8w,4128768,601,984243925
316.0117,ram,506183680,63820185600,279516
316.0117,cpu,14975121,21758088,519737210
316.0117,gpu,0,0,0
316.2099,disk0,908115785965568,2043238904,12668420490843591
316.2099,disk0w,1979586351104,18855798,1163062681942
316.2099,disk5,37043869325312,74563048,604342084654119
316.2099,disk5w,225980416,35966,1254168700
316.2099,disk4,39827499070464,39937665,411587303562171
316.2099,disk4w,1447560398848,1495270,591099736239
316.2099,disk8,61125876353024,99224354,968174082016299
316.2099,disk8w,4128768,601,984243925
316.2099,ram,506183680,63820185600,279516
316.2099,cpu,14975121,21758088,519737210
316.2099,gpu,33,0,0
316.4118,disk0,908118278381568,2043245581,12668438314495636
316.4118,disk0w,1979586351104,18855798,1163062681942
316.4118,disk5,37044667488256,74564684,604348014136758
316.4118,disk5w,225980416,35966,1254168700
316.4118,disk4,39828210398208,39938394,411588377938468
316.4118,disk4w,1447560398848,1495270,591099736239
316.4118,disk8,61127039404032,99225847,968179676353006
316.4118,disk8w,4128768,601,984243925
316.4118,ram,506183680,63820185600,279516
316.4118,cpu,14975121,21758088,519737210
316.4118,gpu,32,1,0
316.6066,disk0,908120381415424,2043249562,12668448686702272
316.6066,disk0w,1979586887680,18855891,1163064980914
316.6066,disk5,37045459449856,74566307,604354068058566
316.6066,disk5w,225980416,35966,1254168700
316.6066,disk4,39828728525824,39938925,411588991265903
316.6066,disk4w,1447560398848,1495270,591099736239
316.6066,disk8,61128311785472,99227465,968190498005244
316.6066,disk8w,4128768,601,984243925
316.6066,ram,506183680,63820185600,279516
316.6066,cpu,14975121,21758088,519737210
316.6066,gpu,0,0,0
316.8118,disk0,908122673442816,2043254387,12668462591774170
316.8118,disk0w,1979586887680,18855891,1163064980914
316.8118,disk5,37046178887680,74567783,604358944162438
316.8118,disk5w,225980416,35966,1254168700
316.8118,disk4,39829321102336,39939532,411589690163023
316.8118,disk4w,1447560398848,1495270,591099736239
316.8118,disk8,61129662318592,99229538,968201583999687
316.8118,disk8w,4128768,601,984243925
316.8118,ram,506183680,63820185600,279516
316.8118,cpu,14975121,21758088,519737210
316.8118,gpu,25,0,0
317.0112,disk0,908124888313856,2043258798,12668476952866842
317.0112,disk0w,1979586887680,18855891,1163064980914
317.0112,disk5,37046898325504,74569185,604362696659877
317.0112,disk5w,225980416,35966,1254168700
317.0112,disk4,39829817472000,39940041,411590270859008
317.0112,disk4w,1447560398848,1495270,591099736239
317.0112,disk8,61130892724224,99231573,968212998711484
317.0112,disk8w,4128768,601,984243925
317.0112,ram,499154944,65473396736,279516
317.0112,cpu,14975150,21758194,519738900
317.0112,gpu,0,0,0
317.2118,disk0,908127059718144,2043263251,12668487543573567
317.2118,disk0w,1979586887680,18855891,1163064980914
317.2118,disk5,37047751473152,74570870,604370672643163
317.2118,disk5w,225980416,35966,1254168700
317.2118,disk4,39830382654464,39940620,411590927407597
317.2118,disk4w,1447560398848,1495270,591099736239
317.2118,disk8,61132156012544,99233909,968225877758193
317.2118,disk8w,4128768,601,984243925
317.2118,ram,499744768,65506951168,279516
317.2118,cpu,14975150,21758197,519738925
317.2118,gpu,0,0,0
317.4071,disk0,908128866283520,2043270554,12668502732143295
317.4071,disk0w,1979586887680,18855891,1163064980914
317.4071,disk5,37048302106624,74571961,604375025241546
317.4071,disk5w,225980416,35966,1254168700
317.4071,disk4,39830887412736,39941137,411591501112924
317.4071,disk4w,1447560398848,1495270,591099736239
317.4071,disk8,61133358893056,99235801,968239553565811
317.4071,disk8w,4128768,601,984243925
317.4071,ram,499744768,65506951168,279516
317.4071,cpu,14975150,21758197,519738925
317.4071,gpu,31,1,0
317.6077,disk0,908130967744512,2043274921,12668515828547788
317.6077,disk0w,1979586904064,18855892,1163065005705
317.6077,disk5,37049061881856,74573466,604380554091511
317.6077,disk5w,225980416,35966,1254168700
317.6077,disk4,39831351800832,39941613,411592044812474
317.6077,disk4w,1447560398848,1495270,591099736239
317.6077,disk8,61134408992768,99237812,968247965604388
317.6077,disk8w,4128768,601,984243925
317.6077,ram,499744768,65506951168,279516
317.6077,cpu,14975150,21758197,519738925
317.6077,gpu,56,0,0
317.8061,disk0,908132825497600,2043278224,12668525151190436
317.8061,disk0w,1979586904064,18855892,1163065005705
317.8061,disk5,37049720150016,74574815,604384411134862
317.8061,disk5w,225980416,35966,1254168700
317.8061,disk4,39832007259136,39942285,411593392523659
317.8061,disk4w,1447560398848,1495270,591099736239
317.8061,disk8,61135649638400,99239766,968262568776748
317.8061,disk8w,4128768,601,984243925
317.8061,ram,499744768,65506951168,279516
317.8061,cpu,14975150,21758197,519738925
317.8061,gpu,26,0,0
318.0118,disk0,908135359627264,2043282553,12668537986274468
318.0118,disk0w,1979586904064,18855892,1163065005705
318.0118,disk5,37050545551360,74576506,604390299901480
318.0118,disk5w,225980416,35966,1254168700
318.0118,disk4,39832724222976,39943020,411594321024835
318.0118,disk4w,1447560398848,1495270,591099736239
318.0118,disk8,61136971646976,99241300,968269978346420
318.0118,disk8w,4128768,601,984243925
318.0118,ram,501268480,65413971968,279516
318.0118,cpu,14975169,21758297,519740560
318.0118,gpu,30,0,0
318.2118,disk0,908137524822016,2043286837,12668546361540510
318.2118,disk0w,1979586904064,18855892,1163065005705
318.2118,disk5,37051443066880,74578344,604399059029075
318.2118,disk5w,225980416,35966,1254168700
318.2118,disk4,39833268696064,39943578,411594978128449
318.2118,disk4w,1447560398848,1495270,591099736239
318.2118,disk8,61138266376192,99243192,968279781919368
318.2118,disk8w,4128768,601,984243925
318.2118,ram,499073024,65456062464,279516
318.2118,cpu,14975171,21758308,519740653
318.2118,gpu,36,0,0
318.4118,disk0,908139751374848,2043291554,12668557695290112
318.4118,disk0w,1979586904064,18855892,1163065005705
318.4118,disk5,37052197599232,74579862,604404265079858
318.4118,disk5w,225980416,35966,1254168700
318.4118,disk4,39833857078272,39944181,411595705384958
318.4118,disk4w,1447560398848,1495270,591099736239
318.4118,disk8,61139552897024,99245102,968290423495223
318.4118,disk8w,4128768,601,984243925
318.4118,ram,499073024,65456062464,279516
318.4118,cpu,14975171,21758308,519740653
318.4118,gpu,39,2,0
318.6118,disk0,908142073757696,2043296612,12668585382846727
318.6118,disk0w,1979586904064,18855892,1163065005705
318.6118,disk5,37052608526336,74580662,604406201590432
318.6118,disk5w,225980416,35966,1254168700
318.6118,disk4,39834454242304,39944793,411596409860093
318.6118,disk4w,1447560398848,1495270,591099736239
318.6118,disk8,61140567132160,99246884,968296945970525
318.6118,disk8w,4128768,601,984243925
318.6118,ram,499073024,65456062464,279516
318.6118,cpu,14975171,21758308,519740653
318.6118,gpu,22,0,0
318.8118,disk0,908143777468416,2043300346,12668615555930383
318.8118,disk0w,1979586904064,18855892,1163065005705
318.8118,disk5,37053162698752,74581757,604408863539067
318.8118,disk5w,225980416,35966,1254168700
318.8118,disk4,39834771436544,39945118,411596736589988
318.8118,disk4w,1447560398848,1495270,591099736239
318.8118,disk8,61141519648768,99248683,968302648302882
318.8118,disk8w,4128768,601,984243925
318.8118,ram,499073024,65456062464,279516
318.8118,cpu,14975171,21758308,519740653
318.8118,gpu,0,0,0
319.0118,disk0,908145187643392,2043309460,12668650613451900
319.0118,disk0w,1979586904064,18855892,1163065005705
319.0118,disk5,37053583833088,74582586,604411369010458
319.0118,disk5w,225980416,35966,1254168700
319.0118,disk4,39835121660928,39945477,411597124872624
319.0118,disk4w,1447560398848,1495270,591099736239
319.0118,disk8,61142248294400,99249924,968307518043224
319.0118,disk8w,4128768,601,984243925
319.0118,ram,501350400,63735726080,279516
319.0118,cpu,14975185,21758399,519742231
319.0118,gpu,23,1,0
319.2086,disk0,908146886909952,2043312719,12668675392152995
319.2086,disk0w,1979586904064,18855892,1163065005705
319.2086,disk5,37054162892800,74583735,604414557957327
319.2086,disk5w,225980416,35966,1254168700
319.2086,disk4,39835534406656,39945900,411597605904115
319.2086,disk4w,1447560398848,1495270,591099736239
319.2086,disk8,61143146989568,99251794,968314305318746
319.2086,disk8w,4128768,601,984243925
319.2086,ram,499400704,63735726080,279516
319.2086,cpu,14975185,21758402,519742254
319.2086,gpu,23,0,0
319.4118,disk0,908148244144128,2043316109,12668697330040813
319.4118,disk0w,1979586904064,18855892,1163065005705
319.4118,disk5,37054873565184,74585190,604419902237509
319.4118,disk5w,225980416,35966,1254168700
319.4118,disk4,39836013786112,39946391,411598710629030
319.4118,disk4w,1447560398848,1495270,591099736239
319.4118,disk8,61144007542784,99253198,968319197031830
319.4118,disk8w,4128768,601,984243925
319.4118,ram,499400704,63735726080,279516
319.4118,cpu,14975185,21758402,519742254
319.4118,gpu,29,0,0
319.6102,disk0,908150012379136,2043319205,12668720183372137
319.6102,disk0w,1979586904064,18855892,1163065005705
319.6102,disk5,37055540361216,74586556,604423882955628
319.6102,disk5w,225980416,35966,1254168700
319.6102,disk4,39836500325376,39946890,411599427882990
319.6102,disk4w,1447560398848,1495270,591099736239
319.6102,disk8,61144848713728,99254270,968322508975973
319.6102,disk8w,4128768,601,984243925
319.6102,ram,499400704,63735726080,279516
319.6102,cpu,14975185,21758402,519742254
319.6102,gpu,31,0,0
319.8037,disk0,908151524450304,2043321768,12668739365784638
319.8037,disk0w,1979586904064,18855892,1163065005705
319.8037,disk5,37055970277376,74587436,604426095638031
319.8037,disk5w,225980416,35966,1254168700
319.8037,disk4,39836948198400,39947349,411599913640090
319.8037,disk4w,1447560398848,1495270,591099736239
319.8037,disk8,61145839519744,99255569,968329293726419
319.8037,disk8w,4128768,601,984243925
319.8037,ram,499400704,63735726080,279516
319.8037,cpu,14975185,21758402,519742254
319.8037,gpu,0,0,0
320.0118,disk0,908153247375360,2043325135,12668759829803990
320.0118,disk0w,1979586904064,18855892,1163065005705
320.0118,disk5,37056742356992,74589018,604430940116955
320.0118,disk5w,225980416,35966,1254168700
320.0118,disk4,39837448762368,39947862,411600550635494
320.0118,disk4w,1447560398848,1495270,591099736239
320.0118,disk8,61147011811328,99257270,968335735204199
320.0118,disk8w,4128768,601,984243925
320.0118,ram,499400704,63735726080,279516
320.0118,cpu,14975185,21758402,519742254
320.0118,gpu,24,0,0
320.2093,disk0,908154902568960,2043328572,12668786171432387
320.2093,disk0w,1979586904064,18855892,1163065005705
320.2093,disk5,37057205401600,74589958,604432860381147
320.2093,disk5w,225980416,35966,1254168700
320.2093,disk4,39837914199040,39948339,411601037459344
320.2093,disk4w,1447560398848,1495270,591099736239
320.2093,disk8,61148041676800,99258821,968341609355944
320.2093,disk8w,4128768,601,984243925
320.2093,ram,505823232,65285160960,279516
320.2093,cpu,14975215,21758507,519743978
320.2093,gpu,22,0,0
320.4118,disk0,908156702351360,2043332254,12668817311065396
320.4118,disk0w,1979586904064,18855892,1163065005705
320.4118,disk5,37057760098304,74591033,604435017476846
320.4118,disk5w,225980416,35966,1254168700
320.4118,disk4,39838363120640,39948799,411601533068230
320.4118,disk4w,1447560398848,1495270,591099736239
320.4118,disk8,61148857452544,99260244,968344914435317
320.4118,disk8w,4128768,601,984243925
320.4118,ram,505823232,65285160960,279516
320.4118,cpu,14975215,21758507,519743978
320.4118,gpu,29,1,0
320.6091,disk0,908158386577408,2043335760,12668846002136212
320.6091,disk0w,1979586904064,18855892,1163065005705
320.6091,disk5,37058234783744,74591968,604436797522153
320.6091,disk5w,225980416,35966,1254168700
320.6091,disk4,39838809945088,39949257,411602014805077
320.6091,disk4w,1447560398848,1495270,591099736239
320.6091,disk8,61149788407808,99261905,968350741068776
320.6091,disk8w,4128768,601,984243925
320.6091,ram,505823232,65285160960,279516
320.6091,cpu,14975215,21758507,519743978
320.6091,gpu,31,0,0
320.8018,disk0,908159998033920,2043340780,12668878102913457
320.8018,disk0w,1979586904064,18855892,1163065005705
320.8018,disk5,37058874882048,74593232,604439529708686
320.8018,disk5w,225980416,35966,1254168700
320.8018,disk4,39839196345344,39949653,411602433713446
320.8018,disk4w,1447560398848,1495270,591099736239
320.8018,disk8,61150769711104,99263513,968356591439854
320.8018,disk8w,4128768,601,984243925
320.8018,ram,505823232,65285160960,279516
320.8018,cpu,14975215,21758507,519743978
320.8018,gpu,0,0,0
321.0042,disk0,908161558749184,2043347910,12668907226589203
321.0042,disk0w,1979586904064,18855892,1163065005705
321.0042,disk5,37059321804800,74594120,604441612617471
321.0042,disk5w,225980416,35966,1254168700
321.0042,disk4,39839573963776,39950040,411602826147119
321.0042,disk4w,1447560398848,1495270,591099736239
321.0042,disk8,61151515281408,99265023,968362269063277
321.0042,disk8w,4128768,601,984243925
321.0042,ram,505823232,65285160960,279516
321.0042,cpu,14975215,21758507,519743978
321.0042,gpu,0,0,0
321.2118,disk0,908162964484096,2043350705,12668930083526336
321.2118,disk0w,1979586904064,18855892,1163065005705
321.2118,disk5,37059883317248,74595258,604447261599452
321.2118,disk5w,225980416,35966,1254168700
321.2118,disk4,39840020329472,39950498,411603820745888
321.2118,disk4w,1447560398848,1495270,591099736239
321.2118,disk8,61152182945792,99266062,968365689316648
321.2118,disk8w,4128768,601,984243925
321.2118,ram,501579776,64812302336,279516
321.2118,cpu,14975231,21758596,519745731
321.2118,gpu,29,0,0
321.4021,disk0,908164522930176,2043353774,12668952427653866
321.4021,disk0w,1979586904064,18855892,1163065005705
321.4021,disk5,37060566464512,74596658,604453209650575
321.4021,disk5w,225980416,35966,1254168700
321.4021,disk4,39840408171520,39950895,411604255743799
321.4021,disk4w,1447560398848,1495270,591099736239
321.4021,disk8,61153076594688,99267428,968369467795526
321.4021,disk8w,4128768,601,984243925
321.4021,ram,501579776,64812302336,279516
321.4021,cpu,14975231,21758596,519745731
321.4021,gpu,28,0,0
321.6067,disk0,908166290944000,2043356728,12668971558396642
321.6067,disk0w,1979586904064,18855892,1163065005705
321.6067,disk5,37061404833792,74598377,604459768927693
321.6067,disk5w,225980416,35966,1254168700
321.6067,disk4,39840823014400,39951320,411604803543496
321.6067,disk4w,1447560398848,1495270,591099736239
321.6067,disk8,61154140260352,99268713,968373120570100
321.6067,disk8w,4128768,601,984243925
321.6067,ram,501579776,64812302336,279516
321.6067,cpu,14975231,21758596,519745731
321.6067,gpu,0,0,0
321.8018,disk0,908167703130112,2043359323,12668984117325883
321.8018,disk0w,1979586904064,18855892,1163065005705
321.8018,disk5,37062023706624,74599644,604463091385273
321.8018,disk5w,225980416,35966,1254168700
321.8018,disk4,39841286353920,39951795,411605289824339
321.8018,disk4w,1447560398848,1495270,591099736239
321.8018,disk8,61155423193088,99270483,968385795734999
321.8018,disk8w,4128768,601,984243925
321.8018,ram,501579776,64812302336,279516
321.8018,cpu,14975231,21758596,519745731
321.8018,gpu,25,0,0
322.0118,disk0,908169577984000,2043362990,12669010490833266
322.0118,disk0w,1979586904064,18855892,1163065005705
322.0118,disk5,37062576830464,74600778,604466348016440
322.0118,disk5w,225980416,35966,1254168700
322.0118,disk4,39841824142336,39952346,411605890755369
322.0118,disk4w,1447560398848,1495270,591099736239
322.0118,disk8,61156479109120,99272065,968391223185561
322.0118,disk8w,4128768,601,984243925
322.0118,ram,501579776,64812302336,279516
322.0118,cpu,14975231,21758596,519745731
322.0118,gpu,35,0,0
322.2076,disk0,908171295617024,2043366577,12669035340169695
322.2076,disk0w,1979586904064,18855892,1163065005705
322.2076,disk5,37063155890176,74601910,604469088759880
322.2076,disk5w,225980416,35966,1254168700
322.2076,disk4,39842243572736,39952776,411606322830352
322.2076,disk4w,1447560398848,1495270,591099736239
322.2076,disk8,61157484349440,99273577,968397490504353
322.2076,disk8w,4128768,601,984243925
322.2076,ram,502071296,65219264512,279516
322.2076,cpu,14975246,21758680,519747487
322.2076,gpu,23,0,0
322.4044,disk0,908172980875264,2043370249,12669065900730829
322.4044,disk0w,1979586904064,18855892,1163065005705
322.4044,disk5,37063664760832,74602903,604470774359557
322.4044,disk5w,225980416,35966,1254168700
322.4044,disk4,39842647536640,39953190,411606776529418
322.4044,disk4w,1447560398848,1495270,591099736239
322.4044,disk8,61158252070912,99274942,968401734480465
322.4044,disk8w,4128768,601,984243925
322.4044,ram,502071296,65219264512,279516
322.4044,cpu,14975246,21758680,519747487
322.4044,gpu,18,0,0
322.6118,disk0,908174633185280,2043373719,12669096694709645
322.6118,disk0w,1979586904064,18855892,1163065005705
322.6118,disk5,37064368240640,74604292,604474817875504
322.6118,disk5w,225980416,35966,1254168700
322.6118,disk4,39843121755136,39953676,411607252347012
322.6118,disk4w,1447560398848,1495270,591099736239
322.6118,disk8,61159144409088,99276539,968405319700535
322.6118,disk8w,4128768,601,984243925
322.6118,ram,502071296,65219264512,279516
322.6118,cpu,14975246,21758680,519747487
322.6118,gpu,22,0,0
322.8090,disk0,908176713547776,2043380441,12669118501283284
322.8090,disk0w,1979586904064,18855892,1163065005705
322.8090,disk5,37065077323776,74605690,604479654085603
322.8090,disk5w,225980416,35966,1254168700
322.8090,disk4,39843683791872,39954252,411607913529361
322.8090,disk4w,1447560398848,1495270,591099736239
322.8090,disk8,61160358299648,99278701,968415239425806
322.8090,disk8w,4128768,601,984243925
322.8090,ram,502071296,65219264512,279516
322.8090,cpu,14975246,21758680,519747487
322.8090,gpu,0,0,0
323.0118,disk0,908178601811968,2043383967,12669130227733264
323.0118,disk0w,1979586904064,18855892,1163065005705
323.0118,disk5,37065796761600,74607139,604485055303125
323.0118,disk5w,225980416,35966,1254168700
323.0118,disk4,39844210619392,39954792,411609195273928
323.0118,disk4w,1447560398848,1495270,591099736239
323.0118,disk8,61161406351360,99280639,968425441481418
323.0118,disk8w,4128768,601,984243925
323.0118,ram,502071296,65219264512,279516
323.0118,cpu,14975246,21758680,519747487
323.0118,gpu,33,0,0
323.2066,disk0,908180492345344,2043388778,12669137593274152
323.2066,disk0w,1979586904064,18855892,1163065005705
323.2066,disk5,37066539513856,74608660,604492502578869
323.2066,disk5w,225980416,35966,1254168700
323.2066,disk4,39844667274240,39955260,411609701258685
323.2066,disk4w,1447560398848,1495270,591099736239
323.2066,disk8,61162672687104,99282537,968438580579855
323.2066,disk8w,4128768,601,984243925
323.2066,ram,505004032,65373077504,279516
323.2066,cpu,14975267,21758780,519749228
323.2066,gpu,28,0,0
323.4062,disk0,908182081413120,2043391297,12669141541388898
323.4062,disk0w,1979586904064,18855892,1163065005705
323.4062,disk5,37067358468096,74610340,604499948814835
323.4062,disk5w,225980416,35966,1254168700
323.4062,disk4,39845176620032,39955782,411610318605674
323.4062,disk4w,1447560398848,1495270,591099736239
323.4062,disk8,61163997235200,99284245,968451810200677
323.4062,disk8w,4128768,601,984243925
323.4062,ram,505004032,65373077504,279516
323.4062,cpu,14975267,21758780,519749228
323.4062,gpu,0,0,0
323.6059,disk0,908183874150400,2043394769,12669147604971696
323.6059,disk0w,1979586904064,18855892,1163065005705
323.6059,disk5,37068183189504,74612031,604507948459188
323.6059,disk5w,225980416,35966,1254168700
323.6059,disk4,39845653984256,39956271,411610843703220
323.6059,disk4w,1447560398848,1495270,591099736239
323.6059,disk8,61165258704896,99285951,968464052724281
323.6059,disk8w,4128768,601,984243925
323.6059,ram,505004032,65373077504,279516
323.6059,cpu,14975267,21758780,519749228
323.6059,gpu,24,0,0
323.8118,disk0,908185801465856,2043398845,12669156017186004
323.8118,disk0w,1979586904064,18855892,1163065005705
323.8118,disk5,37068873299968,74613408,604511727767490
323.8118,disk5w,225980416,35966,1254168700
323.8118,disk4,39846206190592,39956837,411611477552640
323.8118,disk4w,1447560398848,1495270,591099736239
323.8118,disk8,61166689634304,99288109,968480899415285
323.8118,disk8w,4128768,601,984243925
323.8118,ram,505004032,65373077504,279516
323.8118,cpu,14975267,21758780,519749228
323.8118,gpu,24,0,0
324.0118,disk0,908188184600576,2043403940,12669168840121329
324.0118,disk0w,1979586904064,18855892,1163065005705
324.0118,disk5,37069675280384,74614977,604517021832972
324.0118,disk5w,225980416,35966,1254168700
324.0118,disk4,39846774912000,39957420,411612220987952
324.0118,disk4w,1447560398848,1495270,591099736239
324.0118,disk8,61167997683712,99290434,968493366296872
324.0118,disk8w,4128768,601,984243925
324.0118,ram,505004032,65373077504,279516
324.0118,cpu,14975267,21758780,519749228
324.0118,gpu,0,0,0
324.2118,disk0,908190164033536,2043409662,12669178163184164
324.2118,disk0w,1979586904064,18855892,1163065005705
324.2118,disk5,37070604711936,74616810,604524963971484
324.2118,disk5w,225980416,35966,1254168700
324.2118,disk4,39847315846144,39957974,411612981175967
324.2118,disk4w,1447560398848,1495270,591099736239
324.2118,disk8,61169287219200,99292740,968507720006791
324.2118,disk8w,4128768,601,984243925
324.2118,ram,500875264,63970099200,279516
324.2118,cpu,14975284,21758881,519750936
324.2118,gpu,32,0,0
324.4118,disk0,908192459362304,2043413996,12669189329467488
324.4118,disk0w,1979586904064,18855892,1163065005705
324.4118,disk5,37071201318912,74617993,604528784153707
324.4118,disk5w,225980416,35966,1254168700
324.4118,disk4,39847890203648,39958563,411613692166023
324.4118,disk4w,1447560398848,1495270,591099736239
324.4118,disk8,61170576590848,99295369,968522687224365
324.4118,disk8w,4128768,601,984243925
324.4118,ram,501940224,64003719168,279516
324.4118,cpu,14975284,21758884,519750958
324.4118,gpu,0,0,0
324.6118,disk0,908194366451712,2043421675,12669202353128382
324.6118,disk0w,1979586904064,18855892,1163065005705
324.6118,disk5,37071830153216,74619282,604533200213420
324.6118,disk5w,225980416,35966,1254168700
324.6118,disk4,39848505881600,39959194,411615313604948
324.6118,disk4w,1447560398848,1495270,591099736239
324.6118,disk8,61171755206656,99297347,968535398800592
324.6118,disk8w,4128768,601,984243925
324.6118,ram,501940224,64003719168,279516
324.6118,cpu,14975284,21758884,519750958
324.6118,gpu,30,0,0
324.8102,disk0,908196670205952,2043425821,12669214604427351
324.8102,disk0w,1979586904064,18855892,1163065005705
324.8102,disk5,37072665376768,74620994,604539985398876
324.8102,disk5w,225980416,35966,1254168700
324.8102,disk4,39848996615168,39959697,411615864406276
324.8102,disk4w,1447560398848,1495270,591099736239
324.8102,disk8,61172904331264,99298663,968541917688008
324.8102,disk8w,4128768,601,984243925
324.8102,ram,501940224,64003719168,279516
324.8102,cpu,14975284,21758884,519750958
324.8102,gpu,0,0,0
325.0118,disk0,908198687846400,2043429799,12669221120783145
325.0118,disk0w,1979586904064,18855892,1163065005705
325.0118,disk5,37073450244096,74622604,604545420389747
325.0118,disk5w,225980416,35966,1254168700
325.0118,disk4,39849567433728,39960282,411616731294672
325.0118,disk4w,1447560398848,1495270,591099736239
325.0118,disk8,61174327543808,99300688,968556547412531
325.0118,disk8w,4128768,601,984243925
325.0118,ram,501940224,64003719168,279516
325.0118,cpu,14975284,21758884,519750958
325.0118,gpu,30,0,0
325.2118,disk0,908200442966016,2043433381,12669227874343767
325.2118,disk0w,1979586904064,18855892,1163065005705
325.2118,disk5,37074113263616,74623963,604548547055585
325.2118,disk5w,225980416,35966,1254168700
325.2118,disk4,39850129470464,39960858,411617355278933
325.2118,disk4w,1447560398848,1495270,591099736239
325.2118,disk8,61175734945792,99302827,968574667426959
325.2118,disk8w,4128768,601,984243925
325.2118,ram,499073024,65597505536,279516
325.2118,cpu,14975309,21759012,519752563
325.2118,gpu,0,0,0
325.4118,disk0,908202652323840,2043437950,12669240530655826
325.4118,disk0w,1979586904064,18855892,1163065005705
325.4118,disk5,37074754648064,74625206,604551362634836
325.4118,disk5w,225980416,35966,1254168700
325.4118,disk4,39850709070848,39961452,411618060176662
325.4118,disk4w,1447560398848,1495270,591099736239
325.4118,disk8,61177095964672,99305234,968590222385916
325.4118,disk8w,4128768,601,984243925
325.4118,ram,500432896,65337327616,279516
325.4118,cpu,14975310,21759015,519752658
325.4118,gpu,30,1,0
325.6118,disk0,908204967825408,2043443093,12669252366435448
325.6118,disk0w,1979586904064,18855892,1163065005705
325.6118,disk5,37075735869440,74627145,604560139086414
325.6118,disk5w,225980416,35966,1254168700
325.6118,disk4,39851357484032,39962116,411618960119601
325.6118,disk4w,1447560398848,1495270,591099736239
325.6118,disk8,61178268256256,99307208,968599252013217
325.6118,disk8w,4128768,601,984243925
325.6118,ram,500432896,65337327616,279516
325.6118,cpu,14975310,21759015,519752658
325.6118,gpu,0,0,0
325.8071,disk0,908207083057152,2043451061,12669266827710890
325.8071,disk0w,1979586904064,18855892,1163065005705
325.8071,disk5,37076316354560,74628291,604563839306773
325.8071,disk5w,225980416,35966,1254168700
325.8071,disk4,39851947308032,39962721,411619825264605
325.8071,disk4w,1447560398848,1495270,591099736239
325.8071,disk8,61179577600000,99309530,968613526660129
325.8071,disk8w,4128768,601,984243925
325.8071,ram,500432896,65337327616,279516
325.8071,cpu,14975310,21759015,519752658
325.8071,gpu,32,0,0
326.0118,disk0,908209032757248,2043454596,12669277706338042
326.0118,disk0w,1979586904064,18855892,1163065005705
326.0118,disk5,37076876965888,74629423,604567831342271
326.0118,disk5w,225980416,35966,1254168700
326.0118,disk4,39852517635072,39963305,411621448730079
326.0118,disk4w,1447560398848,1495270,591099736239
326.0118,disk8,61180644575232,99311536,968624839226076
326.0118,disk8w,4128768,601,984243925
326.0118,ram,500432896,65337327616,279516
326.0118,cpu,14975310,21759015,519752658
326.0118,gpu,30,0,0
326.2118,disk0,908211284869120,2043460986,12669291146536471
326.2118,disk0w,1979586904064,18855892,1163065005705
326.2118,disk5,37077711370240,74631134,604575105754236
326.2118,disk5w,225980416,35966,1254168700
326.2118,disk4,39853011907584,39963812,411622215079422
326.2118,disk4w,1447560398848,1495270,591099736239
326.2118,disk8,61181885745152,99313316,968634131228447
326.2118,disk8w,4128768,601,984243925
326.2118,ram,501465088,65569865728,279516
326.2118,cpu,14975325,21759121,519754220
326.2118,gpu,37,0,0
326.4081,disk0,908213621014528,2043464965,12669302949609046
326.4081,disk0w,1979586904064,18855892,1163065005705
326.4081,disk5,37078360619008,74632465,604578752496725
326.4081,disk5w,225980416,35966,1254168700
326.4081,disk4,39853589410816,39964404,411622978727142
326.4081,disk4w,1447560398848,1495270,591099736239
326.4081,disk8,61183085365248,99314815,968642848101868
326.4081,disk8w,4128768,601,984243925
326.4081,ram,501628928,65569865728,279516
326.4081,cpu,14975326,21759127,519754386
326.4081,gpu,0,0,0
326.6118,disk0,908215680364544,2043469310,12669313337591303
326.6118,disk0w,1979588759552,18856079,1163069093894
326.6118,disk5,37079026653184,74633830,604582210803295
326.6118,disk5w,225980416,35966,1254168700
326.6118,disk4,39854160229376,39964989,411623615967536
326.6118,disk4w,1447560398848,1495270,591099736239
326.6118,disk8,61184497125376,99316910,968657620945012
326.6118,disk8w,4128768,601,984243925
326.6118,ram,501628928,65569865728,279516
326.6118,cpu,14975326,21759127,519754386
326.6118,gpu,22,0,0
326.8118,disk0,908218066530304,2043474566,12669328665487993
326.8118,disk0w,1979588759552,18856079,1163069093894
326.8118,disk5,37079674714112,74635111,604586055325698
326.8118,disk5w,225980416,35966,1254168700
326.8118,disk4,39854695920640,39965538,411624252196100
326.8118,disk4w,1447560398848,1495270,591099736239
326.8118,disk8,61185799800832,99319005,968668615645965
326.8118,disk8w,4128768,601,984243925
326.8118,ram,501628928,65569865728,279516
326.8118,cpu,14975326,21759127,519754386
326.8118,gpu,46,0,0
327.0118,disk0,908220463640576,2043479582,12669346595966653
327.0118,disk0w,1979588759552,18856079,1163069093894
327.0118,disk5,37080461195264,74636658,604591824723284
327.0118,disk5w,225980416,35966,1254168700
327.0118,disk4,39855152575488,39966006,411624759278191
327.0118,disk4w,1447560398848,1495270,591099736239
327.0118,disk8,61186971371520,99321232,968677703227669
327.0118,disk8w,4128768,601,984243925
327.0118,ram,501628928,65569865728,279516
327.0118,cpu,14975326,21759127,519754386
327.0118,gpu,44,0,0
327.2118,disk0,908222445776896,2043487189,12669362872275302
327.2118,disk0w,1979588759552,18856079,1163069093894
327.2118,disk5,37081247152128,74638207,604597718657438
327.2118,disk5w,225980416,35966,1254168700
327.2118,disk4,39855714612224,39966582,411625444946631
327.2118,disk4w,1447560398848,1495270,591099736239
327.2118,disk8,61188234545152,99323298,968689438061355
327.2118,disk8w,4128768,601,984243925
327.2118,ram,501628928,65569865728,279516
327.2118,cpu,14975326,21759127,519754386
327.2118,gpu,0,0,0
327.4118,disk0,908224382840832,2043491558,12669374436439576
327.4118,disk0w,1979588759552,18856079,1163069093894
327.4118,disk5,37082036779008,74639772,604606053594125
327.4118,disk5w,225980416,35966,1254168700
327.4118,disk4,39856153703424,39967032,411626012839660
327.4118,disk4w,1447560398848,1495270,591099736239
327.4118,disk8,61189225744384,99325400,968696608669614
327.4118,disk8w,4128768,601,984243925
327.4118,ram,503971840,63958499328,279516
327.4118,cpu,14975345,21759240,519756109
327.4118,gpu,31,1,0
327.6027,disk0,908226446299136,2043501011,12669389123929996
327.6027,disk0w,1979588767744,18856081,1163069132310
327.6027,disk5,37082638628864,74641004,604610693534656
327.6027,disk5w,225980416,35966,1254168700
327.6027,disk4,39856706876416,39967599,411627483346349
327.6027,disk4w,1447560398848,1495270,591099736239
327.6027,disk8,61190462654464,99327344,968710076346202
327.6027,disk8w,4128768,601,984243925
327.6027,ram,503971840,63958499328,279516
327.6027,cpu,14975345,21759240,519756109
327.6027,gpu,0,0,0
327.8118,disk0,908228809711616,2043505044,12669401888378609
327.8118,disk0w,1979588767744,18856081,1163069132310
327.8118,disk5,37083408472064,74642582,604617618123668
327.8118,disk5w,225980416,35966,1254168700
327.8118,disk4,39857356731392,39968265,411628339912744
327.8118,disk4w,1447560398848,1495270,591099736239
327.8118,disk8,61191685097472,99328827,968717398724790
327.8118,disk8w,4128768,601,984243925
327.8118,ram,503971840,63958499328,279516
327.8118,cpu,14975345,21759240,519756109
327.8118,gpu,26,0,0
328.0118,disk0,908230786789376,2043508944,12669409023003517
328.0118,disk0w,1979588767744,18856081,1163069132310
328.0118,disk5,37084314400768,74644440,604623490426632
328.0118,disk5w,225980416,35966,1254168700
328.0118,disk4,39857936331776,39968859,411629044727762
328.0118,disk4w,1447560398848,1495270,591099736239
328.0118,disk8,61193077688320,99330718,968730361947527
328.0118,disk8w,4128768,601,984243925
328.0118,ram,503971840,63958499328,279516
328.0118,cpu,14975345,21759240,519756109
328.0118,gpu,0,0,0
328.2118,disk0,908232567619584,2043512785,12669415150887076
328.2118,disk0w,1979588767744,18856081,1163069132310
328.2118,disk5,37085017339904,74645877,604629451809115
328.2118,disk5w,225980416,35966,1254168700
328.2118,disk4,39858445677568,39969381,411629592754801
328.2118,disk4w,1447560398848,1495270,591099736239
328.2118,disk8,61194449274880,99332784,968746377667333
328.2118,disk8w,4128768,601,984243925
328.2118,ram,503971840,63958499328,279516
328.2118,cpu,14975345,21759240,519756109
328.2118,gpu,35,0,0
328.4118,disk0,908234940399616,2043517956,12669431385126599
328.4118,disk0w,1979588767744,18856081,1163069132310
328.4118,disk5,37085712939008,74647226,604633797075051
328.4118,disk5w,225980416,35966,1254168700
328.4118,disk4,39859015054336,39969964,411630274009902
328.4118,disk4w,1447560398848,1495270,591099736239
328.4118,disk8,61195629299712,99334965,968757584166106
328.4118,disk8w,4128768,601,984243925
328.4118,ram,501940224,65473314816,279516
328.4118,cpu,14975361,21759341,519757703
328.4118,gpu,37,4,0
328.6118,disk0,908236936347648,2043522436,12669442061017500
328.6118,disk0w,1979588767744,18856081,1163069132310
328.6118,disk5,37086503614464,74648785,604639994527288
328.6118,disk5w,225980416,35966,1254168700
328.6118,disk4,39859534623744,39970497,411630914216144
328.6118,disk4w,1447560398848,1495270,591099736239
328.6118,disk8,61196914214912,99337240,968770084921506
328.6118,disk8w,4128768,601,984243925
328.6118,ram,501940224,65473314816,279516
328.6118,cpu,14975361,21759341,519757703
328.6118,gpu,35,0,0
328.8026,disk0,908238971600896,2043530238,12669458337787744
328.8026,disk0w,1979588767744,18856081,1163069132310
328.8026,disk5,37087328860160,74650413,604646311011746
328.8026,disk5w,225980416,35966,1254168700
328.8026,disk4,39860105442304,39971082,411631750889652
328.8026,disk4w,1447560398848,1495270,591099736239
328.8026,disk8,61197953812480,99338956,968778658802967
328.8026,disk8w,4128768,601,984243925
328.8026,ram,501940224,65473314816,279516
328.8026,cpu,14975361,21759341,519757703
328.8026,gpu,33,0,0
329.0118,disk0,908240967241728,2043533990,12669469455183540
329.0118,disk0w,1979588767744,18856081,1163069132310
329.0118,disk5,37088156874752,74652077,604653691896763
329.0118,disk5w,225980416,35966,1254168700
329.0118,disk4,39860641100800,39971631,411632533520129
329.0118,disk4w,1447560398848,1495270,591099736239
329.0118,disk8,61199015233536,99340829,968788824032377
329.0118,disk8w,4128768,601,984243925
329.0118,ram,501940224,65473314816,279516
329.0118,cpu,14975361,21759341,519757703
329.0118,gpu,38,0,0
329.2118,disk0,908242910449664,2043544177,12669484987589747
329.2118,disk0w,1979588767744,18856081,1163069132310
329.2118,disk5,37089012602880,74653833,604663042596781
329.2118,disk5w,225980416,35966,1254168700
329.2118,disk4,39861156738048,39972159,411633154573784
329.2118,disk4w,1447560398848,1495270,591099736239
329.2118,disk8,61200084977664,99342475,968795332892795
329.2118,disk8w,4128768,601,984243925
329.2118,ram,501940224,65473314816,279516
329.2118,cpu,14975361,21759341,519757703
329.2118,gpu,0,0,0
329.4118,disk0,908245053046784,2043547816,12669493710197737
329.4118,disk0w,1979588767744,18856081,1163069132310
329.4118,disk5,37089704949760,74655251,604668511291220
329.4118,disk5w,225980416,35966,1254168700
329.4118,disk4,39861791519744,39972810,411634027373943
329.4118,disk4w,1447560398848,1495270,591099736239
329.4118,disk8,61201472358400,99344151,968805533654143
329.4118,disk8w,4128768,601,984243925
329.4118,ram,500957184,65424965632,279516
329.4118,cpu,14975384,21759463,519759407
329.4118,gpu,32,2,0
329.6034,disk0,908247101620224,2043551868,12669503469050016
329.6034,disk0w,1979588767744,18856081,1163069132310
329.6034,disk5,37090459482112,74656798,604673657912923
329.6034,disk5w,225980416,35966,1254168700
329.6034,disk4,39862307550208,39973339,411634667934434
329.6034,disk4w,1447560398848,1495270,591099736239
329.6034,disk8,61202735745024,99345996,968817082066581
329.6034,disk8w,4128768,601,984243925
329.6034,ram,501923840,65433387008,279516
329.6034,cpu,14975384,21759463,519759407
329.6034,gpu,28,0,0
329.8114,disk0,908249354510336,2043556803,12669517644074100
329.8114,disk0w,1979592568832,18856262,1163073738547
329.8114,disk5,37091026761728,74657937,604676951244747
329.8114,disk5w,225980416,35966,1254168700
329.8114,disk4,39862783865856,39973827,411635228494693
329.8114,disk4w,1447560398848,1495270,591099736239
329.8114,disk8,61204148963328,99348123,968830830801164
329.8114,disk8w,4128768,601,984243925
329.8114,ram,501923840,65433387008,279516
329.8114,cpu,14975384,21759463,519759407
329.8114,gpu,23,0,0
330.0070,disk0,908251735367680,2043561870,12669535313642012
330.0070,disk0w,1979592568832,18856262,1163073738547
330.0070,disk5,37091710580736,74659272,604680677177342
330.0070,disk5w,225980416,35966,1254168700
330.0070,disk4,39863319557120,39974376,411636023716551
330.0070,disk4w,1447560398848,1495270,591099736239
330.0070,disk8,61205225703424,99350090,968838800763688
330.0070,disk8w,4128768,601,984243925
330.0070,ram,501923840,65433387008,279516
330.0070,cpu,14975384,21759463,519759407
330.0070,gpu,0,0,0
330.2027,disk0,908253746057216,2043566433,12669548594954357
330.2027,disk0w,1979592568832,18856262,1163073738547
330.2027,disk5,37092544739328,74660921,604687481124484
330.2027,disk5w,225980416,35966,1254168700
330.2027,disk4,39863846466560,39974916,411636706799384
330.2027,disk4w,1447560398848,1495270,591099736239
330.2027,disk8,61206416001024,99352177,968848632891696
330.2027,disk8w,4128768,601,984243925
330.2027,ram,501923840,65433387008,279516
330.2027,cpu,14975384,21759463,519759407
330.2027,gpu,39,0,0
330.4118,disk0,908256201031680,2043575326,12669568870928164
330.4118,disk0w,1979592568832,18856262,1163073738547
330.4118,disk5,37093252847616,74662322,604691282479439
330.4118,disk5w,225980416,35966,1254168700
330.4118,disk4,39864481903616,39975567,411637586156672
330.4118,disk4w,1447560398848,1495270,591099736239
330.4118,disk8,61207728769024,99354861,968861544184101
330.4118,disk8w,4128768,601,984243925
330.4118,ram,500776960,63873073152,279516
330.4118,cpu,14975447,21759624,519761084
330.4118,gpu,0,0,0
330.6118,disk0,908258218450944,2043579813,12669587658744076
330.6118,disk0w,1979592568832,18856262,1163073738547
330.6118,disk5,37093775915008,74663392,604695204621042
330.6118,disk5w,225980416,35966,1254168700
330.6118,disk4,39864830030848,39975924,411638109778518
330.6118,disk4w,1447560398848,1495270,591099736239
330.6118,disk8,61208598251520,99356296,968867382285043
330.6118,disk8w,4128768,601,984243925
330.6118,ram,500776960,63873073152,279516
330.6118,cpu,14975447,21759627,519761178
330.6118,gpu,21,0,0
330.8077,disk0,908260422934528,2043583533,12669600881787085
330.8077,disk0w,1979592568832,18856262,1163073738547
330.8077,disk5,37094374488064,74664620,604699435947592
330.8077,disk5w,225980416,35966,1254168700
330.8077,disk4,39865305297920,39976411,411638839522902
330.8077,disk4w,1447560398848,1495270,591099736239
330.8077,disk8,61209736824832,99357603,968875127071065
330.8077,disk8w,4128768,601,984243925
330.8077,ram,500776960,63873073152,279516
330.8077,cpu,14975447,21759627,519761178
330.8077,gpu,0,0,0
331.0036,disk0,908262472228864,2043587480,12669610567801310
331.0036,disk0w,1979592568832,18856262,1163073738547
331.0036,disk5,37095043004416,74665987,604703559889097
331.0036,disk5w,225980416,35966,1254168700
331.0036,disk4,39865866286080,39976986,411639438489954
331.0036,disk4w,1447560398848,1495270,591099736239
331.0036,disk8,61211092551680,99359369,968887145259877
331.0036,disk8w,4128768,601,984243925
331.0036,ram,500776960,63873073152,279516
331.0036,cpu,14975447,21759627,519761178
331.0036,gpu,24,0,0
331.2118,disk0,908265023336448,2043592615,12669628291847481
331.2118,disk0w,1979592568832,18856262,1163073738547
331.2118,disk5,37095714895872,74667365,604707705336866
331.2118,disk5w,225980416,35966,1254168700
331.2118,disk4,39866349286400,39977481,411640025674632
331.2118,disk4w,1447560398848,1495270,591099736239
331.2118,disk8,61212292220928,99361178,968896118101672
331.2118,disk8w,4128768,601,984243925
331.2118,ram,500776960,63873073152,279516
331.2118,cpu,14975447,21759627,519761178
331.2118,gpu,36,0,0
331.4108,disk0,908267382915072,2043597517,12669644005371869
331.4108,disk0w,1979592568832,18856262,1163073738547
331.4108,disk5,37096416786432,74668733,604710920133307
331.4108,disk5w,225980416,35966,1254168700
331.4108,disk4,39866972795904,39978120,411640842979466
331.4108,disk4w,1447560398848,1495270,591099736239
331.4108,disk8,61213532522496,99363280,968907267953885
331.4108,disk8w,4128768,601,984243925
331.4108,ram,500400128,65444118528,279516
331.4108,cpu,14975460,21759716,519762760
331.4108,gpu,31,1,0
331.6046,disk0,908269512445952,2043602197,12669659367824022
331.6046,disk0w,1979592568832,18856262,1163073738547
331.6046,disk5,37097156917248,74670196,604718790910415
331.6046,disk5w,225980416,35966,1254168700
331.6046,disk4,39867459990528,39978619,411641525066640
331.6046,disk4w,1447560398848,1495270,591099736239
331.6046,disk8,61214542301184,99365205,968914576384406
331.6046,disk8w,4128768,601,984243925
331.6046,ram,502890496,65477771264,279516
331.6046,cpu,14975461,21759718,519762783
331.6046,gpu,32,0,0
331.8118,disk0,908271808454656,2043611356,12669675675440387
331.8118,disk0w,1979592568832,18856262,1163073738547
331.8118,disk5,37098136418304,74672134,604728177609367
331.8118,disk5w,225980416,35966,1254168700
331.8118,disk4,39868052960256,39979227,411642352917944
331.8118,disk4w,1447560398848,1495270,591099736239
331.8118,disk8,61215867897856,99367419,968924627154048
331.8118,disk8w,4128768,601,984243925
331.8118,ram,502890496,65477771264,279516
331.8118,cpu,14975461,21759718,519762783
331.8118,gpu,39,0,0
332.0118,disk0,908273738702848,2043614988,12669690264034792
332.0118,disk0w,1979593424896,18856355,1163076016262
332.0118,disk5,37098626979840,74673115,604731682213533
332.0118,disk5w,225980416,35966,1254168700
332.0118,disk4,39868491985920,39979677,411643221311496
332.0118,disk4w,1447560398848,1495270,591099736239
332.0118,disk8,61216728631296,99369013,968932521912098
332.0118,disk8w,4128768,601,984243925
332.0118,ram,502890496,65477771264,279516
332.0118,cpu,14975461,21759718,519762783
332.0118,gpu,0,0,0
332.2043,disk0,908276166680576,2043619250,12669702554060720
332.2043,disk0w,1979593424896,18856355,1163076016262
332.2043,disk5,37099364726784,74674629,604737174361240
332.2043,disk5w,225980416,35966,1254168700
332.2043,disk4,39869115495424,39980316,411644000388403
332.2043,disk4w,1447560398848,1495270,591099736239
332.2043,disk8,61217982924800,99370733,968940699758590
332.2043,disk8w,4128768,601,984243925
332.2043,ram,502890496,65477771264,279516
332.2043,cpu,14975461,21759718,519762783
332.2043,gpu,36,0,0
332.4118,disk0,908278253953024,2043622594,12669710524797501
332.4118,disk0w,1979593424896,18856355,1163076016262
332.4118,disk5,37099959760896,74675848,604740174289070
332.4118,disk5w,225980416,35966,1254168700
332.4118,disk4,39869624841216,39980838,411644597493104
332.4118,disk4w,1447560398848,1495270,591099736239
332.4118,disk8,61219407169536,99372598,968955594556637
332.4118,disk8w,4128768,601,984243925
332.4118,ram,490995712,65448902656,279516
332.4118,cpu,14975482,21759825,519764415
332.4118,gpu,27,1,0
332.6118,disk0,908280259649536,2043626736,12669719104714776
332.6118,disk0w,1979593424896,18856355,1163076016262
332.6118,disk5,37100882573312,74677742,604749261122825
332.6118,disk5w,225980416,35966,1254168700
332.6118,disk4,39870063932416,39981288,411645131352713
332.6118,disk4w,1447560398848,1495270,591099736239
332.6118,disk8,61220757358592,99374507,968966808638247
332.6118,disk8w,4128768,601,984243925
332.6118,ram,493928448,65549582336,279516
332.6118,cpu,14975483,21759829,519764507
332.6118,gpu,32,0,0
332.8091,disk0,908282284367872,2043631125,12669732030038222
332.8091,disk0w,1979593424896,18856355,1163076016262
332.8091,disk5,37101362640896,74678688,604751040947931
332.8091,disk5w,225980416,35966,1254168700
332.8091,disk4,39870641042432,39981879,411645783714726
332.8091,disk4w,1447560398848,1495270,591099736239
332.8091,disk8,61222093850624,99376767,968982673405420
332.8091,disk8w,4128768,601,984243925
332.8091,ram,493928448,65549582336,279516
332.8091,cpu,14975483,21759829,519764507
332.8091,gpu,31,0,0
333.0092,disk0,908284681170944,2043636172,12669748149283447
333.0092,disk0w,1979593424896,18856355,1163076016262
333.0092,disk5,37102049474560,74680038,604755209111020
333.0092,disk5w,225980416,35966,1254168700
333.0092,disk4,39871196787712,39982449,411646540769577
333.0092,disk4w,1447560398848,1495270,591099736239
333.0092,disk8,61223364184064,99379192,968995381520191
333.0092,disk8w,4128768,601,984243925
333.0092,ram,493928448,65549582336,279516
333.0092,cpu,14975483,21759829,519764507
333.0092,gpu,32,0,0
333.2030,disk0,908286787833856,2043644830,12669767166426147
333.2030,disk0w,1979593424896,18856355,1163076016262
333.2030,disk5,37102812919808,74681551,604759725946775
333.2030,disk5w,225980416,35966,1254168700
333.2030,disk4,39871802733568,39983070,411647399035948
333.2030,disk4w,1447560398848,1495270,591099736239
333.2030,disk8,61224640907264,99381234,969006618221014
333.2030,disk8w,4128768,601,984243925
333.2030,ram,493928448,65549582336,279516
333.2030,cpu,14975483,21759829,519764507
333.2030,gpu,46,0,0
333.4037,disk0,908288927559680,2043648694,12669781125609392
333.4037,disk0w,1979593424896,18856355,1163076016262
333.4037,disk5,37103344056320,74682608,604762707375704
333.4037,disk5w,225980416,35966,1254168700
333.4037,disk4,39872364688384,39983646,411648837668678
333.4037,disk4w,1447560398848,1495270,591099736239
333.4037,disk8,61225655306240,99383195,969015740012600
333.4037,disk8w,4128768,601,984243925
333.4037,ram,493928448,65549582336,279516
333.4037,cpu,14975483,21759829,519764507
333.4037,gpu,61,2,0
333.6118,disk0,908291331629056,2043659916,12669799535731200
333.6118,disk0w,1979593424896,18856355,1163076016262
333.6118,disk5,37104190240768,74684344,604769550414032
333.6118,disk5w,225980416,35966,1254168700
333.6118,disk4,39872979416064,39984276,411649711981718
333.6118,disk4w,1447560398848,1495270,591099736239
333.6118,disk8,61226963388416,99385085,969024452308681
333.6118,disk8w,4128768,601,984243925
333.6118,ram,496402432,65675476992,279516
333.6118,cpu,14975499,21759933,519766098
333.6118,gpu,24,0,0
333.8118,disk0,908293441806336,2043663213,12669808326556557
333.8118,disk0w,1979593424896,18856355,1163076016262
333.8118,disk5,37104821942272,74685637,604773001151392
333.8118,disk5w,225980416,35966,1254168700
333.8118,disk4,39873436070912,39984744,411650207924938
333.8118,disk4w,1447560398848,1495270,591099736239
333.8118,disk8,61228259985408,99386587,969035665810578
333.8118,disk8w,4128768,601,984243925
333.8118,ram,496402432,65675476992,279516
333.8118,cpu,14975499,21759933,519766098
333.8118,gpu,26,0,0
334.0118,disk0,908295266508800,2043666484,12669814810059287
334.0118,disk0w,1979593424896,18856355,1163076016262
334.0118,disk5,37105698404352,74687435,604782767594415
334.0118,disk5w,225980416,35966,1254168700
334.0118,disk4,39874024453120,39985347,411650968356733
334.0118,disk4w,1447560398848,1495270,591099736239
334.0118,disk8,61229590300672,99388535,969047064763374
334.0118,disk8w,4128768,601,984243925
334.0118,ram,496402432,65675476992,279516
334.0118,cpu,14975499,21759933,519766098
334.0118,gpu,0,0,0
334.2063,disk0,908297116643328,2043670539,12669825735226185
334.2063,disk0w,1979593424896,18856355,1163076016262
334.2063,disk5,37106155534336,74688355,604784586581433
334.2063,disk5w,225980416,35966,1254168700
334.2063,disk4,39874595271680,39985932,411651786648330
334.2063,disk4w,1447560398848,1495270,591099736239
334.2063,disk8,61230853359616,99390432,969062326674788
334.2063,disk8w,4128768,601,984243925
334.2063,ram,496402432,65675476992,279516
334.2063,cpu,14975499,21759933,519766098
334.2063,gpu,0,0,0
334.4093,disk0,908299383222272,2043675598,12669841827678168
334.4093,disk0w,1979593424896,18856355,1163076016262
334.4093,disk5,37106732644352,74689474,604787196045135
334.4093,disk5w,225980416,35966,1254168700
334.4093,disk4,39875130962944,39986481,411652547158153
334.4093,disk4w,1447560398848,1495270,591099736239
334.4093,disk8,61232104654848,99392701,969076558356731
334.4093,disk8w,4128768,601,984243925
334.4093,ram,496402432,65675476992,279516
334.4093,cpu,14975499,21759933,519766098
334.4093,gpu,47,2,0
334.6119,disk0,908301680312320,2043680556,12669858567912461
334.6119,disk0w,1979593424896,18856355,1163076016262
334.6119,disk5,37107488372736,74690973,604793008344589
334.6119,disk5w,225980416,35966,1254168700
334.6119,disk4,39875666654208,39987030,411653311935126
334.6119,disk4w,1447560398848,1495270,591099736239
334.6119,disk8,61233338255360,99394933,969087157750397
334.6119,disk8w,4128768,601,984243925
334.6119,ram,486653952,65424719872,279516
334.6119,cpu,14975521,21760048,519767817
334.6119,gpu,43,0,0
334.8072,disk0,908303596048384,2043688366,12669870648663509
334.8072,disk0w,1979593424896,18856355,1163076016262
334.8072,disk5,37108261459968,74692504,604797434948968
334.8072,disk5w,225980416,35966,1254168700
334.8072,disk4,39876211127296,39987588,411653959579488
334.8072,disk4w,1447560398848,1495270,591099736239
334.8072,disk8,61234623875072,99397320,969102417207309
334.8072,disk8w,4128768,601,984243925
334.8072,ram,486653952,65424719872,279516
334.8072,cpu,14975521,21760048,519767817
334.8072,gpu,44,0,0
335.0119,disk0,908305569615872,2043692059,12669882679849392
335.0119,disk0w,1979593424896,18856355,1163076016262
335.0119,disk5,37108892907520,74693782,604802160092838
335.0119,disk5w,225980416,35966,1254168700
335.0119,disk4,39876746753024,39988137,411655250790053
335.0119,disk4w,1447560398848,1495270,591099736239
335.0119,disk8,61235638601728,99399119,969111813903038
335.0119,disk8w,4128768,601,984243925
335.0119,ram,486653952,65424719872,279516
335.0119,cpu,14975521,21760048,519767817
335.0119,gpu,0,0,0
335.2119,disk0,908307863105536,2043700235,12669895807056032
335.2119,disk0w,1979593424896,18856355,1163076016262
335.2119,disk5,37109664987136,74695364,604808350401223
335.2119,disk5w,225980416,35966,1254168700
335.2119,disk4,39877247316992,39988650,411655866529884
335.2119,disk4w,1447560398848,1495270,591099736239
335.2119,disk8,61236912982016,99400823,969122314282660
335.2119,disk8w,4128768,601,984243925
335.2119,ram,486653952,65424719872,279516
335.2119,cpu,14975521,21760048,519767817
335.2119,gpu,29,0,0
335.4066,disk0,908309759029248,2043703422,12669903469716067
335.4066,disk0w,1979593424896,18856355,1163076016262
335.4066,disk5,37110244046848,74696551,604811514315236
335.4066,disk5w,225980416,35966,1254168700
335.4066,disk4,39877747880960,39989163,411656443265334
335.4066,disk4w,1447560398848,1495270,591099736239
335.4066,disk8,61238209153024,99402580,969136613957053
335.4066,disk8w,4128768,601,984243925
335.4066,ram,486653952,65424719872,279516
335.4066,cpu,14975521,21760048,519767817
335.4066,gpu,28,2,0
335.6119,disk0,908312162873344,2043708342,12669918069349063
335.6119,disk0w,1979593424896,18856355,1163076016262
335.6119,disk5,37110963484672,74698026,604815869613442
335.6119,disk5w,225980416,35966,1254168700
335.6119,disk4,39878470087680,39989903,411657458640045
335.6119,disk4w,1447560398848,1495270,591099736239
335.6119,disk8,61239498131456,99404623,969148126624116
335.6119,disk8w,4128768,601,984243925
335.6119,ram,490192896,65618444288,279516
335.6119,cpu,14975545,21760183,519769655
335.6119,gpu,0,0,0
335.8119,disk0,908313987690496,2043712214,12669925480791911
335.8119,disk0w,1979593428992,18856356,1163076046928
335.8119,disk5,37111489902592,74699066,604818021617821
335.8119,disk5w,225980416,35966,1254168700
335.8119,disk4,39878989263872,39990435,411658224107158
335.8119,disk4w,1447560398848,1495270,591099736239
335.8119,disk8,61240910645248,99406887,969167001607343
335.8119,disk8w,4128768,601,984243925
335.8119,ram,490192896,65618444288,279516
335.8119,cpu,14975545,21760183,519769655
335.8119,gpu,25,0,0
336.0119,disk0,908316396552192,2043717433,12669942646246985
336.0119,disk0w,1979593428992,18856356,1163076046928
336.0119,disk5,37112299173888,74700648,604823483047627
336.0119,disk5w,225980416,35966,1254168700
336.0119,disk4,39879460336640,39990918,411658827054500
336.0119,disk4w,1447560398848,1495270,591099736239
336.0119,disk8,61242049759232,99408923,969177304700260
336.0119,disk8w,4128768,601,984243925
336.0119,ram,490192896,65618444288,279516
336.0119,cpu,14975545,21760183,519769655
336.0119,gpu,25,0,0
336.2086,disk0,908318411411456,2043724922,12669956744385291
336.2086,disk0w,1979593428992,18856356,1163076046928
336.2086,disk5,37113283074048,74702593,604836400400435
336.2086,disk5w,225980416,35966,1254168700
336.2086,disk4,39880048718848,39991521,411659715887135
336.2086,disk4w,1447560398848,1495270,591099736239
336.2086,disk8,61243217512448,99410962,969184617080651
336.2086,disk8w,4128768,601,984243925
336.2086,ram,490192896,65618444288,279516
336.2086,cpu,14975545,21760183,519769655
336.2086,gpu,28,0,0
336.4079,disk0,908320610828288,2043730214,12669970855133106
336.4079,disk0w,1979593428992,18856356,1163076046928
336.4079,disk5,37113990395904,74703996,604841146995790
336.4079,disk5w,225980416,35966,1254168700
336.4079,disk4,39880514155520,39991998,411660292830223
336.4079,disk4w,1447560398848,1495270,591099736239
336.4079,disk8,61244277704704,99413069,969193225259383
336.4079,disk8w,4128768,601,984243925
336.4079,ram,490192896,65618444288,279516
336.4079,cpu,14975545,21760183,519769655
336.4079,gpu,38,0,0
336.6119,disk0,908322716454912,2043737523,12669983594434195
336.6119,disk0w,1979593428992,18856356,1163076046928
336.6119,disk5,37114857551872,74705772,604848603755898
336.6119,disk5w,225980416,35966,1254168700
336.6119,disk4,39881112302592,39992611,411661691085232
336.6119,disk4w,1447560398848,1495270,591099736239
336.6119,disk8,61245481666560,99414773,969202641179317
336.6119,disk8w,4128768,601,984243925
336.6119,ram,500547584,65617608704,279516
336.6119,cpu,14975560,21760284,519771247
336.6119,gpu,44,0,0
336.8119,disk0,908324988387328,2043741430,12669994645819639
336.8119,disk0w,1979593428992,18856356,1163076046928
336.8119,disk5,37115447867392,74706982,604851707013997
336.8119,disk5w,225980416,35966,1254168700
336.8119,disk4,39881673290752,39993186,411662399571335
336.8119,disk4w,1447560398848,1495270,591099736239
336.8119,disk8,61246796220416,99416287,969212567627980
336.8119,disk8w,4128768,601,984243925
336.8119,ram,500547584,65617608704,279516
336.8119,cpu,14975560,21760284,519771247
336.8119,gpu,38,0,0
337.0119,disk0,908326813073408,2043745044,12670002110791463
337.0119,disk0w,1979593428992,18856356,1163076046928
337.0119,disk5,37116236445696,74708599,604859349602328
337.0119,disk5w,225980416,35966,1254168700
337.0119,disk4,39882281333760,39993809,411663281722541
337.0119,disk4w,1447560398848,1495270,591099736239
337.0119,disk8,61248042862592,99418152,969225000606406
337.0119,disk8w,4128768,601,984243925
337.0119,ram,500547584,65617608704,279516
337.0119,cpu,14975560,21760284,519771247
337.0119,gpu,24,0,0
337.2119,disk0,908328637825024,2043748892,12670012502649857
337.2119,disk0w,1979593428992,18856356,1163076046928
337.2119,disk5,37116710221824,74709571,604861629072147
337.2119,disk5w,225980416,35966,1254168700
337.2119,disk4,39882823709696,39994365,411664002302563
337.2119,disk4w,1447560398848,1495270,591099736239
337.2119,disk8,61249395116032,99420089,969239993857585
337.2119,disk8w,4128768,601,984243925
337.2119,ram,500547584,65617608704,279516
337.2119,cpu,14975560,21760284,519771247
337.2119,gpu,21,0,0
337.4119,disk0,908331052081152,2043753854,12670027443789361
337.4119,disk0w,1979593428992,18856356,1163076046928
337.4119,disk5,37117390518272,74710889,604865035583490
337.4119,disk5w,225980416,35966,1254168700
337.4119,disk4,39883338298368,39994892,411664658611226
337.4119,disk4w,1447560398848,1495270,591099736239
337.4119,disk8,61250716207104,99422390,969253192325743
337.4119,disk8w,4128768,601,984243925
337.4119,ram,500547584,65617608704,279516
337.4119,cpu,14975560,21760284,519771247
337.4119,gpu,30,1,0
337.6072,disk0,908333305675776,2043758893,12670041258812727
337.6072,disk0w,1979593428992,18856356,1163076046928
337.6072,disk5,37118175950848,74712442,604871269050152
337.6072,disk5w,225980416,35966,1254168700
337.6072,disk4,39883982910464,39995553,411665613686764
337.6072,disk4w,1447560398848,1495270,591099736239
337.6072,disk8,61251935438848,99424490,969263780637711
337.6072,disk8w,4128768,601,984243925
337.6072,ram,501415936,65529167872,279516
337.6072,cpu,14975584,21760396,519772975
337.6072,gpu,47,0,0
337.8100,disk0,908335433052160,2043767715,12670057891232554
337.8100,disk0w,1979593428992,18856356,1163076046928
337.8100,disk5,37118877841408,74713827,604876162301108
337.8100,disk5w,225980416,35966,1254168700
337.8100,disk4,39884461323264,39996043,411666202859887
337.8100,disk4w,1447560398848,1495270,591099736239
337.8100,disk8,61253126621184,99426480,969276503602851
337.8100,disk8w,4128768,601,984243925
337.8100,ram,504545280,63729893376,279516
337.8100,cpu,14975584,21760396,519772975
337.8100,gpu,40,0,0
338.0081,disk0,908337366601728,2043771278,12670069799537327
338.0081,disk0w,1979593428992,18856356,1163076046928
338.0081,disk5,37119482689536,74715034,604880245104341
338.0081,disk5w,225980416,35966,1254168700
338.0081,disk4,39884896187392,39996489,411666908339984
338.0081,disk4w,1447560398848,1495270,591099736239
338.0081,disk8,61254190958592,99428563,969287835672077
338.0081,disk8w,4128768,601,984243925
338.0081,ram,504545280,63729893376,279516
338.0081,cpu,14975584,21760396,519772975
338.0081,gpu,0,0,0
338.2118,disk0,908339785109504,2043775764,12670084008436776
338.2118,disk0w,1979593428992,18856356,1163076046928
338.2118,disk5,37120202127360,74716509,604885074813992
338.2118,disk5w,225980416,35966,1254168700
338.2118,disk4,39885541454848,39997150,411667793443011
338.2118,disk4w,1447560398848,1495270,591099736239
338.2118,disk8,61255511984128,99430576,969297024553879
338.2118,disk8w,4128768,601,984243925
338.2118,ram,504545280,63729893376,279516
338.2118,cpu,14975584,21760396,519772975
338.2118,gpu,22,0,0
338.4058,disk0,908341919567872,2043779262,12670091744221791
338.4058,disk0w,1979593428992,18856356,1163076046928
338.4058,disk5,37121150728192,74718453,604894906165285
338.4058,disk5w,225980416,35966,1254168700
338.4058,disk4,39886129837056,39997753,411668542162181
338.4058,disk4w,1447560398848,1495270,591099736239
338.4058,disk8,61256679999488,99432049,969304317391599
338.4058,disk8w,4128768,601,984243925
338.4058,ram,504545280,63729893376,279516
338.4058,cpu,14975584,21760396,519772975
338.4058,gpu,28,1,0
338.6047,disk0,908343761805312,2043782954,12670100259304644
338.6047,disk0w,1979593428992,18856356,1163076046928
338.6047,disk5,37121867692032,74719922,604898787948796
338.6047,disk5w,225980416,35966,1254168700
338.6047,disk4,39886591079424,39998226,411669085602528
338.6047,disk4w,1447560398848,1495270,591099736239
338.6047,disk8,61258034497536,99433929,969319024092256
338.6047,disk8w,4128768,601,984243925
338.6047,ram,504791040,65556692992,279516
338.6047,cpu,14975600,21760500,519774667
338.6047,gpu,39,0,0
338.8119,disk0,908345939550208,2043787525,12670110690069670
338.8119,disk0w,1979593428992,18856356,1163076046928
338.8119,disk5,37122553460736,74721306,604902351977765
338.8119,disk5w,225980416,35966,1254168700
338.8119,disk4,39887121134592,39998769,411669783515560
338.8119,disk4w,1447560398848,1495270,591099736239
338.8119,disk8,61259418142720,99436015,969334246191106
338.8119,disk8w,4128768,601,984243925
338.8119,ram,504020992,65380106240,279516
338.8119,cpu,14975600,21760501,519774706
338.8119,gpu,0,0,0
339.0119,disk0,908348476940288,2043793025,12670128570454797
339.0119,disk0w,1979593428992,18856356,1163076046928
339.0119,disk5,37123230611456,74722623,604906169505297
339.0119,disk5w,225980416,35966,1254168700
339.0119,disk4,39887662461952,39999324,411670427606534
339.0119,disk4w,1447560398848,1495270,591099736239
339.0119,disk8,61260648777728,99438265,969345264914526
339.0119,disk8w,4128768,601,984243925
339.0119,ram,504020992,65380106240,279516
339.0119,cpu,14975600,21760501,519774706
339.0119,gpu,27,0,0
339.2119,disk0,908350311424000,2043797011,12670136768450766
339.2119,disk0w,1979593428992,18856356,1163076046928
339.2119,disk5,37123930552320,74724009,604911083462915
339.2119,disk5w,225980416,35966,1254168700
339.2119,disk4,39888277189632,39999954,411671208299665
339.2119,disk4w,1447560398848,1495270,591099736239
339.2119,disk8,61262003767296,99440670,969361601554343
339.2119,disk8w,4128768,601,984243925
339.2119,ram,504020992,65380106240,279516
339.2119,cpu,14975600,21760501,519774706
339.2119,gpu,24,0,0
339.4038,disk0,908352677507072,2043806457,12670159186531256
339.4038,disk0w,1979593428992,18856356,1163076046928
339.4038,disk5,37124640405504,74725410,604915646315568
339.4038,disk5w,225980416,35966,1254168700
339.4038,disk4,39888796365824,40000486,411671989153031
339.4038,disk4w,1447560398848,1495270,591099736239
339.4038,disk8,61263014381568,99442547,969368089564150
339.4038,disk8w,4128768,601,984243925
339.4038,ram,504020992,65380106240,279516
339.4038,cpu,14975600,21760501,519774706
339.4038,gpu,26,2,0
339.6119,disk0,908354816581632,2043810764,12670172777526731
339.6119,disk0w,1979593428992,18856356,1163076046928
339.6119,disk5,37125208881152,74726566,604919428965148
339.6119,disk5w,225980416,35966,1254168700
339.6119,disk4,39889337218048,40001040,411673563960048
339.6119,disk4w,1447560398848,1495270,591099736239
339.6119,disk8,61264110929920,99444324,969378524040548
339.6119,disk8w,4128768,601,984243925
339.6119,ram,499679232,65645133824,279516
339.6119,cpu,14975620,21760616,519776322
339.6119,gpu,33,0,0
339.8042,disk0,908356833038336,2043819620,12670187154132152
339.8042,disk0w,1979593428992,18856356,1163076046928
339.8042,disk5,37126064216064,74728319,604927154192160
339.8042,disk5w,225980416,35966,1254168700
339.8042,disk4,39889849054208,40001565,411674175876125
339.8042,disk4w,1447560398848,1495270,591099736239
339.8042,disk8,61265143957504,99445649,969384579840184
339.8042,disk8w,4128768,601,984243925
339.8042,ram,502808576,65453375488,279516
339.8042,cpu,14975622,21760634,519776400
339.8042,gpu,33,0,0
340.0119,disk0,908359142658048,2043823465,12670196252886258
340.0119,disk0w,1979593428992,18856356,1163076046928
340.0119,disk5,37126837106688,74729901,604932293150824
340.0119,disk5w,225980416,35966,1254168700
340.0119,disk4,39890472563712,40002204,411674970467799
340.0119,disk4w,1447560398848,1495270,591099736239
340.0119,disk8,61266570545152,99447682,969397190469394
340.0119,disk8w,4128768,601,984243925
340.0119,ram,502808576,65453375488,279516
340.0119,cpu,14975622,21760634,519776400
340.0119,gpu,0,0,0
340.2119,disk0,908361355350016,2043828189,12670208374693610
340.2119,disk0w,1979593428992,18856356,1163076046928
340.2119,disk5,37127703590912,74731677,604939599913215
340.2119,disk5w,225980416,35966,1254168700
340.2119,disk4,39891025818624,40002771,411675674850024
340.2119,disk4w,1447560398848,1495270,591099736239
340.2119,disk8,61267876186112,99449613,969406238592993
340.2119,disk8w,4128768,601,984243925
340.2119,ram,502808576,65453375488,279516
340.2119,cpu,14975622,21760634,519776400
340.2119,gpu,35,0,0
340.4119,disk0,908363652456448,2043833217,12670220052024833
340.4119,disk0w,1979593428992,18856356,1163076046928
340.4119,disk5,37128563406848,74733375,604947405644074
340.4119,disk5w,225980416,35966,1254168700
340.4119,disk4,39891605419008,40003365,411676455529740
340.4119,disk4w,1447560398848,1495270,591099736239
340.4119,disk8,61269167818752,99451682,969417482165467
340.4119,disk8w,4128768,601,984243925
340.4119,ram,502808576,65453375488,279516
340.4119,cpu,14975622,21760634,519776400
340.4119,gpu,0,0,0
340.6022,disk0,908365874671616,2043837897,12670233637868051
340.6022,disk0w,1979593428992,18856356,1163076046928
340.6022,disk5,37129317505024,74734857,604951358809247
340.6022,disk5w,225980416,35966,1254168700
340.6022,disk4,39892158673920,40003932,411677093419586
340.6022,disk4w,1447560398848,1495270,591099736239
340.6022,disk8,61270436972544,99454019,969431131927467
340.6022,disk8w,4128768,601,984243925
340.6022,ram,502808576,65453375488,279516
340.6022,cpu,14975622,21760634,519776400
340.6022,gpu,28,0,0
340.8119,disk0,908367961829376,2043850286,12670254308265204
340.8119,disk0w,1979593428992,18856356,1163076046928
340.8119,disk5,37130177755136,74736554,604959419850492
340.8119,disk5w,225980416,35966,1254168700
340.8119,disk4,39892734735360,40004522,411677809994344
340.8119,disk4w,1447560398848,1495270,591099736239
340.8119,disk8,61271571810304,99455968,969439022455325
340.8119,disk8w,4128768,601,984243925
340.8119,ram,501596160,65566179328,279516
340.8119,cpu,14975640,21760737,519777993
340.8119,gpu,47,0,0
341.0037,disk0,908369939214336,2043854105,12670268418277633
341.0037,disk0w,1979593428992,18856356,1163076046928
341.0037,disk5,37130756814848,74737703,604962957543068
341.0037,disk5w,225980416,35966,1254168700
341.0037,disk4,39893292463104,40005094,411680353940069
341.0037,disk4w,1447560398848,1495270,591099736239
341.0037,disk8,61272497965056,99457809,969446359379737
341.0037,disk8w,4128768,601,984243925
341.0037,ram,501596160,65566179328,279516
341.0037,cpu,14975640,21760737,519777993
341.0037,gpu,63,0,0
341.2119,disk0,908372203307008,2043868547,12670287923699931
341.2119,disk0w,1979593428992,18856356,1163076046928
341.2119,disk5,37131496962048,74739221,604967571688715
341.2119,disk5w,225980416,35966,1254168700
341.2119,disk4,39893935633408,40005753,411681157726473
341.2119,disk4w,1447560398848,1495270,591099736239
341.2119,disk8,61273759598592,99459632,969455278808180
341.2119,disk8w,4128768,601,984243925
341.2119,ram,501596160,65566179328,279516
341.2119,cpu,14975640,21760737,519777993
341.2119,gpu,0,0,0
341.4119,disk0,908374365945856,2043872135,12670297210650728
341.4119,disk0w,1979593428992,18856356,1163076046928
341.4119,disk5,37132263413760,74740793,604972564309363
341.4119,disk5w,225980416,35966,1254168700
341.4119,disk4,39894385603584,40006214,411681673560145
341.4119,disk4w,1447560398848,1495270,591099736239
341.4119,disk8,61275044235264,99461111,969465331439482
341.4119,disk8w,4128768,601,984243925
341.4119,ram,501596160,65566179328,279516
341.4119,cpu,14975640,21760737,519777993
341.4119,gpu,0,0,0
341.6119,disk0,908376699813888,2043876892,12670308340525272
341.6119,disk0w,1979593428992,18856356,1163076046928
341.6119,disk5,37133153884160,74742617,604979713513720
341.6119,disk5w,225980416,35966,1254168700
341.6119,disk4,39894968742912,40006812,411682486778786
341.6119,disk4w,1447560398848,1495270,591099736239
341.6119,disk8,61276347697152,99463011,969475808686161
341.6119,disk8w,4128768,601,984243925
341.6119,ram,501596160,65566179328,279516
341.6119,cpu,14975640,21760737,519777993
341.6119,gpu,26,0,0
341.8119,disk0,908379019018240,2043881925,12670323508040795
341.8119,disk0w,1979593428992,18856356,1163076046928
341.8119,disk5,37133943224320,74744211,604984913930891
341.8119,disk5w,225980416,35966,1254168700
341.8119,disk4,39895496700928,40007353,411683120367990
341.8119,disk4w,1447560398848,1495270,591099736239
341.8119,disk8,61277514336256,99464825,969485598754882
341.8119,disk8w,4128768,601,984243925
341.8119,ram,503119872,65623080960,279516
341.8119,cpu,14975666,21760864,519779838
341.8119,gpu,31,0,0
342.0119,disk0,908381448273920,2043887206,12670336772223761
342.0119,disk0w,1979593428992,18856356,1163076046928
342.0119,disk5,37134664235008,74745620,604988799888075
342.0119,disk5w,225980416,35966,1254168700
342.0119,disk4,39896040125440,40007910,411683722920185
342.0119,disk4w,1447560398848,1495270,591099736239
342.0119,disk8,61278844864512,99467208,969499367806125
342.0119,disk8w,4128768,601,984243925
342.0119,ram,503119872,65623080960,279516
342.0119,cpu,14975666,21760864,519779838
342.0119,gpu,35,0,0
342.2089,disk0,908383528157184,2043892310,12670347550883542
342.2089,disk0w,1979599421440,18856563,1163081352610
342.2089,disk5,37135386310656,74747043,604994828761516
342.2089,disk5w,225980416,35966,1254168700
342.2089,disk4,39896514343936,40008396,411684335245272
342.2089,disk4w,1447560398848,1495270,591099736239
342.2089,disk8,61280161138688,99469540,969513134247128
342.2089,disk8w,4128768,601,984243925
342.2089,ram,503119872,65623080960,279516
342.2089,cpu,14975666,21760864,519779838
342.2089,gpu,30,0,0
342.4119,disk0,908385750392832,2043900704,12670364872873415
342.4119,disk0w,1979599421440,18856563,1163081352610
342.4119,disk5,37136099489792,74748457,604999248554209
342.4119,disk5w,225980416,35966,1254168700
342.4119,disk4,39897058817024,40008954,411685042987508
342.4119,disk4w,1447560398848,1495270,591099736239
342.4119,disk8,61281390643200,99471948,969526784243200
342.4119,disk8w,4128768,601,984243925
342.4119,ram,503119872,65623080960,279516
342.4119,cpu,14975666,21760864,519779838
342.4119,gpu,0,0,0
342.6091,disk0,908387342311424,2043903549,12670370760005793
342.6091,disk0w,1979599421440,18856563,1163081352610
342.6091,disk5,37136885544960,74750066,605007551693865
342.6091,disk5w,225980416,35966,1254168700
342.6091,disk4,39897568113664,40009476,411686152913826
342.6091,disk4w,1447560398848,1495270,591099736239
342.6091,disk8,61282521663488,99473776,969537987172918
342.6091,disk8w,4128768,601,984243925
342.6091,ram,503119872,65623080960,279516
342.6091,cpu,14975666,21760864,519779838
342.6091,gpu,0,0,0
342.8119,disk0,908389649539072,2043907447,12670382261792769
342.8119,disk0w,1979599421440,18856563,1163081352610
342.8119,disk5,37137617811456,74751568,605012197743858
342.8119,disk5w,225980416,35966,1254168700
342.8119,disk4,39898033550336,40009953,411686710966593
342.8119,disk4w,1447560398848,1495270,591099736239
342.8119,disk8,61283797846016,99475337,969547680845487
342.8119,disk8w,4128768,601,984243925
342.8119,ram,500563968,65453129728,279516
342.8119,cpu,14975690,21760979,519781554
342.8119,gpu,0,0,0
343.0119,disk0,908391625383936,2043911385,12670392940854178
343.0119,disk0w,1979599421440,18856563,1163081352610
343.0119,disk5,37138337265664,74753041,605016184673907
343.0119,disk5w,225980416,35966,1254168700
343.0119,disk4,39898491253760,40010422,411687224415679
343.0119,disk4w,1447560398848,1495270,591099736239
343.0119,disk8,61285107468288,99477119,969560868741898
343.0119,disk8w,4128768,601,984243925
343.0119,ram,500563968,65453129728,279516
343.0119,cpu,14975690,21760979,519781554
343.0119,gpu,25,0,0
343.2080,disk0,908393468669952,2043915086,12670402394843215
343.2080,disk0w,1979599421440,18856563,1163081352610
343.2080,disk5,37139102390272,74754611,605023851440386
343.2080,disk5w,225980416,35966,1254168700
343.2080,disk4,39898955641856,40010898,411687768744512
343.2080,disk4w,1447560398848,1495270,591099736239
343.2080,disk8,61286347442176,99478966,969572783622705
343.2080,disk8w,4128768,601,984243925
343.2080,ram,500563968,65453129728,279516
343.2080,cpu,14975690,21760979,519781554
343.2080,gpu,26,0,0
343.4119,disk0,908395921895424,2043920181,12670418751886700
343.4119,disk0w,1979599437824,18856567,1163081447442
343.4119,disk5,37139846330368,74756057,605028097711601
343.4119,disk5w,225980416,35966,1254168700
343.4119,disk4,39899483599872,40011439,411688440256506
343.4119,disk4w,1447560398848,1495270,591099736239
343.4119,disk8,61287614171136,99481149,969583965845018
343.4119,disk8w,4128768,601,984243925
343.4119,ram,500563968,65453129728,279516
343.4119,cpu,14975690,21760979,519781554
343.4119,gpu,37,2,0
343.6062,disk0,908398043570176,2043924741,12670431591275297
343.6062,disk0w,1979599437824,18856567,1163081447442
343.6062,disk5,37140552415232,74757445,605032345434011
343.6062,disk5w,225980416,35966,1254168700
343.6062,disk4,39900045636608,40012015,411689201244313
343.6062,disk4w,1447560398848,1495270,591099736239
343.6062,disk8,61288902625280,99483627,969599232163064
343.6062,disk8w,4128768,601,984243925
343.6062,ram,500563968,65453129728,279516
343.6062,cpu,14975690,21760979,519781554
343.6062,gpu,0,0,0
343.8119,disk0,908400194936832,2043932523,12670447410561276
343.8119,disk0w,1979599437824,18856567,1163081447442
343.8119,disk5,37141356967936,74759034,605038395107652
343.8119,disk5w,225980416,35966,1254168700
343.8119,disk4,39900589061120,40012572,411689812278745
343.8119,disk4w,1447560398848,1495270,591099736239
343.8119,disk8,61290206169088,99485785,969611072874194
343.8119,disk8w,4128768,601,984243925
343.8119,ram,504430592,63812485120,279516
343.8119,cpu,14975707,21761076,519783149
343.8119,gpu,30,0,0
344.0119,disk0,908401485766656,2043935041,12670455595120300
344.0119,disk0w,1979600277504,18856664,1163084189283
344.0119,disk5,37141934454784,74760183,605044605872631
344.0119,disk5w,225980416,35966,1254168700
344.0119,disk4,39900826170368,40012815,411690085212534
344.0119,disk4w,1447560398848,1495270,591099736239
344.0119,disk8,61290839164928,99487141,969619015734466
344.0119,disk8w,4128768,601,984243925
344.0119,ram,504430592,63812485120,279516
344.0119,cpu,14975707,21761076,519783149
344.0119,gpu,0,0,0
344.2025,disk0,908401485766656,2043935041,12670455595120300
344.2025,disk0w,1979600277504,18856664,1163084189283
344.2025,disk5,37141934454784,74760183,605044605872631
344.2025,disk5w,225980416,35966,1254168700
344.2025,disk4,39900826170368,40012815,411690085212534
344.2025,disk4w,1447560398848,1495270,591099736239
344.2025,disk8,61290839164928,99487141,969619015734466
344.2025,disk8w,4128768,601,984243925
344.2025,ram,504430592,63812485120,279516
344.2025,cpu,14975707,21761076,519783149
344.2025,gpu,0,0,0
344.4019,disk0,908401485766656,2043935041,12670455595120300
344.4019,disk0w,1979600277504,18856664,1163084189283
344.4019,disk5,37141934454784,74760183,605044605872631
344.4019,disk5w,225980416,35966,1254168700
344.4019,disk4,39900826170368,40012815,411690085212534
344.4019,disk4w,1447560398848,1495270,591099736239
344.4019,disk8,61290839164928,99487141,969619015734466
344.4019,disk8w,4128768,601,984243925
344.4019,ram,504430592,63812485120,279516
344.4019,cpu,14975707,21761076,519783149
344.4019,gpu,0,0,0
